기간,잠정치,구분,부문,시도,준공실적_호
2021-09,,총계,총계,전국,22222
2021-09,,총계,총계,서울,4024
2021-09,,총계,총계,인천,1107
2021-09,,총계,총계,경기,4939
2021-09,,총계,총계,부산,740
2021-09,,총계,총계,대구,2168
2021-09,,총계,총계,광주,1024
2021-09,,총계,총계,대전,89
2021-09,,총계,총계,울산,65
2021-09,,총계,총계,세종,1373
2021-09,,총계,총계,강원,1144
2021-09,,총계,총계,충북,1981
2021-09,,총계,총계,충남,441
2021-09,,총계,총계,전북,482
2021-09,,총계,총계,전남,752
2021-09,,총계,총계,경북,1315
2021-09,,총계,총계,경남,427
2021-09,,총계,총계,제주,151
2021-09,,공공부문,소계,전국,4363
2021-09,,공공부문,소계,서울,518
2021-09,,공공부문,소계,인천,0
2021-09,,공공부문,소계,경기,1677
2021-09,,공공부문,소계,부산,0
2021-09,,공공부문,소계,대구,100
2021-09,,공공부문,소계,광주,0
2021-09,,공공부문,소계,대전,0
2021-09,,공공부문,소계,울산,0
2021-09,,공공부문,소계,세종,0
2021-09,,공공부문,소계,강원,259
2021-09,,공공부문,소계,충북,1692
2021-09,,공공부문,소계,충남,0
2021-09,,공공부문,소계,전북,117
2021-09,,공공부문,소계,전남,0
2021-09,,공공부문,소계,경북,0
2021-09,,공공부문,소계,경남,0
2021-09,,공공부문,소계,제주,0
2021-09,,합,국민임대,전국,0
2021-09,,합,국민임대,서울,0
2021-09,,합,국민임대,인천,0
2021-09,,합,국민임대,경기,0
2021-09,,합,국민임대,부산,0
2021-09,,합,국민임대,대구,0
2021-09,,합,국민임대,광주,0
2021-09,,합,국민임대,대전,0
2021-09,,합,국민임대,울산,0
2021-09,,합,국민임대,세종,0
2021-09,,합,국민임대,강원,0
2021-09,,합,국민임대,충북,0
2021-09,,합,국민임대,충남,0
2021-09,,합,국민임대,전북,0
2021-09,,합,국민임대,전남,0
2021-09,,합,국민임대,경북,0
2021-09,,합,국민임대,경남,0
2021-09,,합,국민임대,제주,0
2021-09,,합,공공임대,전국,2209
2021-09,,합,공공임대,서울,518
2021-09,,합,공공임대,인천,0
2021-09,,합,공공임대,경기,811
2021-09,,합,공공임대,부산,0
2021-09,,합,공공임대,대구,100
2021-09,,합,공공임대,광주,0
2021-09,,합,공공임대,대전,0
2021-09,,합,공공임대,울산,0
2021-09,,합,공공임대,세종,0
2021-09,,합,공공임대,강원,259
2021-09,,합,공공임대,충북,404
2021-09,,합,공공임대,충남,0
2021-09,,합,공공임대,전북,117
2021-09,,합,공공임대,전남,0
2021-09,,합,공공임대,경북,0
2021-09,,합,공공임대,경남,0
2021-09,,합,공공임대,제주,0
2021-09,,합,공공분양,전국,2154
2021-09,,합,공공분양,서울,0
2021-09,,합,공공분양,인천,0
2021-09,,합,공공분양,경기,866
2021-09,,합,공공분양,부산,0
2021-09,,합,공공분양,대구,0
2021-09,,합,공공분양,광주,0
2021-09,,합,공공분양,대전,0
2021-09,,합,공공분양,울산,0
2021-09,,합,공공분양,세종,0
2021-09,,합,공공분양,강원,0
2021-09,,합,공공분양,충북,1288
2021-09,,합,공공분양,충남,0
2021-09,,합,공공분양,전북,0
2021-09,,합,공공분양,전남,0
2021-09,,합,공공분양,경북,0
2021-09,,합,공공분양,경남,0
2021-09,,합,공공분양,제주,0
2021-09,,지자체,소계,전국,1692
2021-09,,지자체,소계,서울,0
2021-09,,지자체,소계,인천,0
2021-09,,지자체,소계,경기,0
2021-09,,지자체,소계,부산,0
2021-09,,지자체,소계,대구,0
2021-09,,지자체,소계,광주,0
2021-09,,지자체,소계,대전,0
2021-09,,지자체,소계,울산,0
2021-09,,지자체,소계,세종,0
2021-09,,지자체,소계,강원,0
2021-09,,지자체,소계,충북,1692
2021-09,,지자체,소계,충남,0
2021-09,,지자체,소계,전북,0
2021-09,,지자체,소계,전남,0
2021-09,,지자체,소계,경북,0
2021-09,,지자체,소계,경남,0
2021-09,,지자체,소계,제주,0
2021-09,,지자체,국민임대,전국,0
2021-09,,지자체,국민임대,서울,0
2021-09,,지자체,국민임대,인천,0
2021-09,,지자체,국민임대,경기,0
2021-09,,지자체,국민임대,부산,0
2021-09,,지자체,국민임대,대구,0
2021-09,,지자체,국민임대,광주,0
2021-09,,지자체,국민임대,대전,0
2021-09,,지자체,국민임대,울산,0
2021-09,,지자체,국민임대,세종,0
2021-09,,지자체,국민임대,강원,0
2021-09,,지자체,국민임대,충북,0
2021-09,,지자체,국민임대,충남,0
2021-09,,지자체,국민임대,전북,0
2021-09,,지자체,국민임대,전남,0
2021-09,,지자체,국민임대,경북,0
2021-09,,지자체,국민임대,경남,0
2021-09,,지자체,국민임대,제주,0
2021-09,,지자체,공공임대,전국,404
2021-09,,지자체,공공임대,서울,0
2021-09,,지자체,공공임대,인천,0
2021-09,,지자체,공공임대,경기,0
2021-09,,지자체,공공임대,부산,0
2021-09,,지자체,공공임대,대구,0
2021-09,,지자체,공공임대,광주,0
2021-09,,지자체,공공임대,대전,0
2021-09,,지자체,공공임대,울산,0
2021-09,,지자체,공공임대,세종,0
2021-09,,지자체,공공임대,강원,0
2021-09,,지자체,공공임대,충북,404
2021-09,,지자체,공공임대,충남,0
2021-09,,지자체,공공임대,전북,0
2021-09,,지자체,공공임대,전남,0
2021-09,,지자체,공공임대,경북,0
2021-09,,지자체,공공임대,경남,0
2021-09,,지자체,공공임대,제주,0
2021-09,,지자체,공공분양,전국,1288
2021-09,,지자체,공공분양,서울,0
2021-09,,지자체,공공분양,인천,0
2021-09,,지자체,공공분양,경기,0
2021-09,,지자체,공공분양,부산,0
2021-09,,지자체,공공분양,대구,0
2021-09,,지자체,공공분양,광주,0
2021-09,,지자체,공공분양,대전,0
2021-09,,지자체,공공분양,울산,0
2021-09,,지자체,공공분양,세종,0
2021-09,,지자체,공공분양,강원,0
2021-09,,지자체,공공분양,충북,1288
2021-09,,지자체,공공분양,충남,0
2021-09,,지자체,공공분양,전북,0
2021-09,,지자체,공공분양,전남,0
2021-09,,지자체,공공분양,경북,0
2021-09,,지자체,공공분양,경남,0
2021-09,,지자체,공공분양,제주,0
2021-09,,LH,소계,전국,408
2021-09,,LH,소계,서울,0
2021-09,,LH,소계,인천,0
2021-09,,LH,소계,경기,49
2021-09,,LH,소계,부산,0
2021-09,,LH,소계,대구,100
2021-09,,LH,소계,광주,0
2021-09,,LH,소계,대전,0
2021-09,,LH,소계,울산,0
2021-09,,LH,소계,세종,0
2021-09,,LH,소계,강원,259
2021-09,,LH,소계,충북,0
2021-09,,LH,소계,충남,0
2021-09,,LH,소계,전북,0
2021-09,,LH,소계,전남,0
2021-09,,LH,소계,경북,0
2021-09,,LH,소계,경남,0
2021-09,,LH,소계,제주,0
2021-09,,LH,국민임대,전국,0
2021-09,,LH,국민임대,서울,0
2021-09,,LH,국민임대,인천,0
2021-09,,LH,국민임대,경기,0
2021-09,,LH,국민임대,부산,0
2021-09,,LH,국민임대,대구,0
2021-09,,LH,국민임대,광주,0
2021-09,,LH,국민임대,대전,0
2021-09,,LH,국민임대,울산,0
2021-09,,LH,국민임대,세종,0
2021-09,,LH,국민임대,강원,0
2021-09,,LH,국민임대,충북,0
2021-09,,LH,국민임대,충남,0
2021-09,,LH,국민임대,전북,0
2021-09,,LH,국민임대,전남,0
2021-09,,LH,국민임대,경북,0
2021-09,,LH,국민임대,경남,0
2021-09,,LH,국민임대,제주,0
2021-09,,LH,공공임대,전국,408
2021-09,,LH,공공임대,서울,0
2021-09,,LH,공공임대,인천,0
2021-09,,LH,공공임대,경기,49
2021-09,,LH,공공임대,부산,0
2021-09,,LH,공공임대,대구,100
2021-09,,LH,공공임대,광주,0
2021-09,,LH,공공임대,대전,0
2021-09,,LH,공공임대,울산,0
2021-09,,LH,공공임대,세종,0
2021-09,,LH,공공임대,강원,259
2021-09,,LH,공공임대,충북,0
2021-09,,LH,공공임대,충남,0
2021-09,,LH,공공임대,전북,0
2021-09,,LH,공공임대,전남,0
2021-09,,LH,공공임대,경북,0
2021-09,,LH,공공임대,경남,0
2021-09,,LH,공공임대,제주,0
2021-09,,LH,공공분양,전국,0
2021-09,,LH,공공분양,서울,0
2021-09,,LH,공공분양,인천,0
2021-09,,LH,공공분양,경기,0
2021-09,,LH,공공분양,부산,0
2021-09,,LH,공공분양,대구,0
2021-09,,LH,공공분양,광주,0
2021-09,,LH,공공분양,대전,0
2021-09,,LH,공공분양,울산,0
2021-09,,LH,공공분양,세종,0
2021-09,,LH,공공분양,강원,0
2021-09,,LH,공공분양,충북,0
2021-09,,LH,공공분양,충남,0
2021-09,,LH,공공분양,전북,0
2021-09,,LH,공공분양,전남,0
2021-09,,LH,공공분양,경북,0
2021-09,,LH,공공분양,경남,0
2021-09,,LH,공공분양,제주,0
2021-09,,주택업체,소계,전국,2263
2021-09,,주택업체,소계,서울,518
2021-09,,주택업체,소계,인천,0
2021-09,,주택업체,소계,경기,1628
2021-09,,주택업체,소계,부산,0
2021-09,,주택업체,소계,대구,0
2021-09,,주택업체,소계,광주,0
2021-09,,주택업체,소계,대전,0
2021-09,,주택업체,소계,울산,0
2021-09,,주택업체,소계,세종,0
2021-09,,주택업체,소계,강원,0
2021-09,,주택업체,소계,충북,0
2021-09,,주택업체,소계,충남,0
2021-09,,주택업체,소계,전북,117
2021-09,,주택업체,소계,전남,0
2021-09,,주택업체,소계,경북,0
2021-09,,주택업체,소계,경남,0
2021-09,,주택업체,소계,제주,0
2021-09,,주택업체,국민임대,전국,0
2021-09,,주택업체,국민임대,서울,0
2021-09,,주택업체,국민임대,인천,0
2021-09,,주택업체,국민임대,경기,0
2021-09,,주택업체,국민임대,부산,0
2021-09,,주택업체,국민임대,대구,0
2021-09,,주택업체,국민임대,광주,0
2021-09,,주택업체,국민임대,대전,0
2021-09,,주택업체,국민임대,울산,0
2021-09,,주택업체,국민임대,세종,0
2021-09,,주택업체,국민임대,강원,0
2021-09,,주택업체,국민임대,충북,0
2021-09,,주택업체,국민임대,충남,0
2021-09,,주택업체,국민임대,전북,0
2021-09,,주택업체,국민임대,전남,0
2021-09,,주택업체,국민임대,경북,0
2021-09,,주택업체,국민임대,경남,0
2021-09,,주택업체,국민임대,제주,0
2021-09,,주택업체,공공임대,전국,1397
2021-09,,주택업체,공공임대,서울,518
2021-09,,주택업체,공공임대,인천,0
2021-09,,주택업체,공공임대,경기,762
2021-09,,주택업체,공공임대,부산,0
2021-09,,주택업체,공공임대,대구,0
2021-09,,주택업체,공공임대,광주,0
2021-09,,주택업체,공공임대,대전,0
2021-09,,주택업체,공공임대,울산,0
2021-09,,주택업체,공공임대,세종,0
2021-09,,주택업체,공공임대,강원,0
2021-09,,주택업체,공공임대,충북,0
2021-09,,주택업체,공공임대,충남,0
2021-09,,주택업체,공공임대,전북,117
2021-09,,주택업체,공공임대,전남,0
2021-09,,주택업체,공공임대,경북,0
2021-09,,주택업체,공공임대,경남,0
2021-09,,주택업체,공공임대,제주,0
2021-09,,주택업체,공공분양,전국,866
2021-09,,주택업체,공공분양,서울,0
2021-09,,주택업체,공공분양,인천,0
2021-09,,주택업체,공공분양,경기,866
2021-09,,주택업체,공공분양,부산,0
2021-09,,주택업체,공공분양,대구,0
2021-09,,주택업체,공공분양,광주,0
2021-09,,주택업체,공공분양,대전,0
2021-09,,주택업체,공공분양,울산,0
2021-09,,주택업체,공공분양,세종,0
2021-09,,주택업체,공공분양,강원,0
2021-09,,주택업체,공공분양,충북,0
2021-09,,주택업체,공공분양,충남,0
2021-09,,주택업체,공공분양,전북,0
2021-09,,주택업체,공공분양,전남,0
2021-09,,주택업체,공공분양,경북,0
2021-09,,주택업체,공공분양,경남,0
2021-09,,주택업체,공공분양,제주,0
2021-09,,민간부문,소계,전국,17859
2021-09,,민간부문,소계,서울,3506
2021-09,,민간부문,소계,인천,1107
2021-09,,민간부문,소계,경기,3262
2021-09,,민간부문,소계,부산,740
2021-09,,민간부문,소계,대구,2068
2021-09,,민간부문,소계,광주,1024
2021-09,,민간부문,소계,대전,89
2021-09,,민간부문,소계,울산,65
2021-09,,민간부문,소계,세종,1373
2021-09,,민간부문,소계,강원,885
2021-09,,민간부문,소계,충북,289
2021-09,,민간부문,소계,충남,441
2021-09,,민간부문,소계,전북,365
2021-09,,민간부문,소계,전남,752
2021-09,,민간부문,소계,경북,1315
2021-09,,민간부문,소계,경남,427
2021-09,,민간부문,소계,제주,151
2021-09,,민간,민간임대,전국,0
2021-09,,민간,민간임대,서울,0
2021-09,,민간,민간임대,인천,0
2021-09,,민간,민간임대,경기,0
2021-09,,민간,민간임대,부산,0
2021-09,,민간,민간임대,대구,0
2021-09,,민간,민간임대,광주,0
2021-09,,민간,민간임대,대전,0
2021-09,,민간,민간임대,울산,0
2021-09,,민간,민간임대,세종,0
2021-09,,민간,민간임대,강원,0
2021-09,,민간,민간임대,충북,0
2021-09,,민간,민간임대,충남,0
2021-09,,민간,민간임대,전북,0
2021-09,,민간,민간임대,전남,0
2021-09,,민간,민간임대,경북,0
2021-09,,민간,민간임대,경남,0
2021-09,,민간,민간임대,제주,0
2021-09,,민간,민간분양,전국,17859
2021-09,,민간,민간분양,서울,3506
2021-09,,민간,민간분양,인천,1107
2021-09,,민간,민간분양,경기,3262
2021-09,,민간,민간분양,부산,740
2021-09,,민간,민간분양,대구,2068
2021-09,,민간,민간분양,광주,1024
2021-09,,민간,민간분양,대전,89
2021-09,,민간,민간분양,울산,65
2021-09,,민간,민간분양,세종,1373
2021-09,,민간,민간분양,강원,885
2021-09,,민간,민간분양,충북,289
2021-09,,민간,민간분양,충남,441
2021-09,,민간,민간분양,전북,365
2021-09,,민간,민간분양,전남,752
2021-09,,민간,민간분양,경북,1315
2021-09,,민간,민간분양,경남,427
2021-09,,민간,민간분양,제주,151
2021-10,,총계,총계,전국,37303
2021-10,,총계,총계,서울,4522
2021-10,,총계,총계,인천,1908
2021-10,,총계,총계,경기,10934
2021-10,,총계,총계,부산,702
2021-10,,총계,총계,대구,1046
2021-10,,총계,총계,광주,105
2021-10,,총계,총계,대전,6206
2021-10,,총계,총계,울산,925
2021-10,,총계,총계,세종,34
2021-10,,총계,총계,강원,869
2021-10,,총계,총계,충북,325
2021-10,,총계,총계,충남,790
2021-10,,총계,총계,전북,2046
2021-10,,총계,총계,전남,2287
2021-10,,총계,총계,경북,1145
2021-10,,총계,총계,경남,3157
2021-10,,총계,총계,제주,302
2021-10,,공공부문,소계,전국,5500
2021-10,,공공부문,소계,서울,959
2021-10,,공공부문,소계,인천,0
2021-10,,공공부문,소계,경기,3658
2021-10,,공공부문,소계,부산,284
2021-10,,공공부문,소계,대구,0
2021-10,,공공부문,소계,광주,0
2021-10,,공공부문,소계,대전,0
2021-10,,공공부문,소계,울산,0
2021-10,,공공부문,소계,세종,0
2021-10,,공공부문,소계,강원,0
2021-10,,공공부문,소계,충북,0
2021-10,,공공부문,소계,충남,381
2021-10,,공공부문,소계,전북,0
2021-10,,공공부문,소계,전남,18
2021-10,,공공부문,소계,경북,200
2021-10,,공공부문,소계,경남,0
2021-10,,공공부문,소계,제주,0
2021-10,,합,국민임대,전국,0
2021-10,,합,국민임대,서울,0
2021-10,,합,국민임대,인천,0
2021-10,,합,국민임대,경기,0
2021-10,,합,국민임대,부산,0
2021-10,,합,국민임대,대구,0
2021-10,,합,국민임대,광주,0
2021-10,,합,국민임대,대전,0
2021-10,,합,국민임대,울산,0
2021-10,,합,국민임대,세종,0
2021-10,,합,국민임대,강원,0
2021-10,,합,국민임대,충북,0
2021-10,,합,국민임대,충남,0
2021-10,,합,국민임대,전북,0
2021-10,,합,국민임대,전남,0
2021-10,,합,국민임대,경북,0
2021-10,,합,국민임대,경남,0
2021-10,,합,국민임대,제주,0
2021-10,,합,공공임대,전국,4835
2021-10,,합,공공임대,서울,959
2021-10,,합,공공임대,인천,0
2021-10,,합,공공임대,경기,3011
2021-10,,합,공공임대,부산,284
2021-10,,합,공공임대,대구,0
2021-10,,합,공공임대,광주,0
2021-10,,합,공공임대,대전,0
2021-10,,합,공공임대,울산,0
2021-10,,합,공공임대,세종,0
2021-10,,합,공공임대,강원,0
2021-10,,합,공공임대,충북,0
2021-10,,합,공공임대,충남,381
2021-10,,합,공공임대,전북,0
2021-10,,합,공공임대,전남,0
2021-10,,합,공공임대,경북,200
2021-10,,합,공공임대,경남,0
2021-10,,합,공공임대,제주,0
2021-10,,합,공공분양,전국,665
2021-10,,합,공공분양,서울,0
2021-10,,합,공공분양,인천,0
2021-10,,합,공공분양,경기,647
2021-10,,합,공공분양,부산,0
2021-10,,합,공공분양,대구,0
2021-10,,합,공공분양,광주,0
2021-10,,합,공공분양,대전,0
2021-10,,합,공공분양,울산,0
2021-10,,합,공공분양,세종,0
2021-10,,합,공공분양,강원,0
2021-10,,합,공공분양,충북,0
2021-10,,합,공공분양,충남,0
2021-10,,합,공공분양,전북,0
2021-10,,합,공공분양,전남,18
2021-10,,합,공공분양,경북,0
2021-10,,합,공공분양,경남,0
2021-10,,합,공공분양,제주,0
2021-10,,지자체,소계,전국,0
2021-10,,지자체,소계,서울,0
2021-10,,지자체,소계,인천,0
2021-10,,지자체,소계,경기,0
2021-10,,지자체,소계,부산,0
2021-10,,지자체,소계,대구,0
2021-10,,지자체,소계,광주,0
2021-10,,지자체,소계,대전,0
2021-10,,지자체,소계,울산,0
2021-10,,지자체,소계,세종,0
2021-10,,지자체,소계,강원,0
2021-10,,지자체,소계,충북,0
2021-10,,지자체,소계,충남,0
2021-10,,지자체,소계,전북,0
2021-10,,지자체,소계,전남,0
2021-10,,지자체,소계,경북,0
2021-10,,지자체,소계,경남,0
2021-10,,지자체,소계,제주,0
2021-10,,지자체,국민임대,전국,0
2021-10,,지자체,국민임대,서울,0
2021-10,,지자체,국민임대,인천,0
2021-10,,지자체,국민임대,경기,0
2021-10,,지자체,국민임대,부산,0
2021-10,,지자체,국민임대,대구,0
2021-10,,지자체,국민임대,광주,0
2021-10,,지자체,국민임대,대전,0
2021-10,,지자체,국민임대,울산,0
2021-10,,지자체,국민임대,세종,0
2021-10,,지자체,국민임대,강원,0
2021-10,,지자체,국민임대,충북,0
2021-10,,지자체,국민임대,충남,0
2021-10,,지자체,국민임대,전북,0
2021-10,,지자체,국민임대,전남,0
2021-10,,지자체,국민임대,경북,0
2021-10,,지자체,국민임대,경남,0
2021-10,,지자체,국민임대,제주,0
2021-10,,지자체,공공임대,전국,0
2021-10,,지자체,공공임대,서울,0
2021-10,,지자체,공공임대,인천,0
2021-10,,지자체,공공임대,경기,0
2021-10,,지자체,공공임대,부산,0
2021-10,,지자체,공공임대,대구,0
2021-10,,지자체,공공임대,광주,0
2021-10,,지자체,공공임대,대전,0
2021-10,,지자체,공공임대,울산,0
2021-10,,지자체,공공임대,세종,0
2021-10,,지자체,공공임대,강원,0
2021-10,,지자체,공공임대,충북,0
2021-10,,지자체,공공임대,충남,0
2021-10,,지자체,공공임대,전북,0
2021-10,,지자체,공공임대,전남,0
2021-10,,지자체,공공임대,경북,0
2021-10,,지자체,공공임대,경남,0
2021-10,,지자체,공공임대,제주,0
2021-10,,지자체,공공분양,전국,0
2021-10,,지자체,공공분양,서울,0
2021-10,,지자체,공공분양,인천,0
2021-10,,지자체,공공분양,경기,0
2021-10,,지자체,공공분양,부산,0
2021-10,,지자체,공공분양,대구,0
2021-10,,지자체,공공분양,광주,0
2021-10,,지자체,공공분양,대전,0
2021-10,,지자체,공공분양,울산,0
2021-10,,지자체,공공분양,세종,0
2021-10,,지자체,공공분양,강원,0
2021-10,,지자체,공공분양,충북,0
2021-10,,지자체,공공분양,충남,0
2021-10,,지자체,공공분양,전북,0
2021-10,,지자체,공공분양,전남,0
2021-10,,지자체,공공분양,경북,0
2021-10,,지자체,공공분양,경남,0
2021-10,,지자체,공공분양,제주,0
2021-10,,LH,소계,전국,1150
2021-10,,LH,소계,서울,0
2021-10,,LH,소계,인천,0
2021-10,,LH,소계,경기,648
2021-10,,LH,소계,부산,284
2021-10,,LH,소계,대구,0
2021-10,,LH,소계,광주,0
2021-10,,LH,소계,대전,0
2021-10,,LH,소계,울산,0
2021-10,,LH,소계,세종,0
2021-10,,LH,소계,강원,0
2021-10,,LH,소계,충북,0
2021-10,,LH,소계,충남,0
2021-10,,LH,소계,전북,0
2021-10,,LH,소계,전남,18
2021-10,,LH,소계,경북,200
2021-10,,LH,소계,경남,0
2021-10,,LH,소계,제주,0
2021-10,,LH,국민임대,전국,0
2021-10,,LH,국민임대,서울,0
2021-10,,LH,국민임대,인천,0
2021-10,,LH,국민임대,경기,0
2021-10,,LH,국민임대,부산,0
2021-10,,LH,국민임대,대구,0
2021-10,,LH,국민임대,광주,0
2021-10,,LH,국민임대,대전,0
2021-10,,LH,국민임대,울산,0
2021-10,,LH,국민임대,세종,0
2021-10,,LH,국민임대,강원,0
2021-10,,LH,국민임대,충북,0
2021-10,,LH,국민임대,충남,0
2021-10,,LH,국민임대,전북,0
2021-10,,LH,국민임대,전남,0
2021-10,,LH,국민임대,경북,0
2021-10,,LH,국민임대,경남,0
2021-10,,LH,국민임대,제주,0
2021-10,,LH,공공임대,전국,485
2021-10,,LH,공공임대,서울,0
2021-10,,LH,공공임대,인천,0
2021-10,,LH,공공임대,경기,1
2021-10,,LH,공공임대,부산,284
2021-10,,LH,공공임대,대구,0
2021-10,,LH,공공임대,광주,0
2021-10,,LH,공공임대,대전,0
2021-10,,LH,공공임대,울산,0
2021-10,,LH,공공임대,세종,0
2021-10,,LH,공공임대,강원,0
2021-10,,LH,공공임대,충북,0
2021-10,,LH,공공임대,충남,0
2021-10,,LH,공공임대,전북,0
2021-10,,LH,공공임대,전남,0
2021-10,,LH,공공임대,경북,200
2021-10,,LH,공공임대,경남,0
2021-10,,LH,공공임대,제주,0
2021-10,,LH,공공분양,전국,665
2021-10,,LH,공공분양,서울,0
2021-10,,LH,공공분양,인천,0
2021-10,,LH,공공분양,경기,647
2021-10,,LH,공공분양,부산,0
2021-10,,LH,공공분양,대구,0
2021-10,,LH,공공분양,광주,0
2021-10,,LH,공공분양,대전,0
2021-10,,LH,공공분양,울산,0
2021-10,,LH,공공분양,세종,0
2021-10,,LH,공공분양,강원,0
2021-10,,LH,공공분양,충북,0
2021-10,,LH,공공분양,충남,0
2021-10,,LH,공공분양,전북,0
2021-10,,LH,공공분양,전남,18
2021-10,,LH,공공분양,경북,0
2021-10,,LH,공공분양,경남,0
2021-10,,LH,공공분양,제주,0
2021-10,,주택업체,소계,전국,4350
2021-10,,주택업체,소계,서울,959
2021-10,,주택업체,소계,인천,0
2021-10,,주택업체,소계,경기,3010
2021-10,,주택업체,소계,부산,0
2021-10,,주택업체,소계,대구,0
2021-10,,주택업체,소계,광주,0
2021-10,,주택업체,소계,대전,0
2021-10,,주택업체,소계,울산,0
2021-10,,주택업체,소계,세종,0
2021-10,,주택업체,소계,강원,0
2021-10,,주택업체,소계,충북,0
2021-10,,주택업체,소계,충남,381
2021-10,,주택업체,소계,전북,0
2021-10,,주택업체,소계,전남,0
2021-10,,주택업체,소계,경북,0
2021-10,,주택업체,소계,경남,0
2021-10,,주택업체,소계,제주,0
2021-10,,주택업체,국민임대,전국,0
2021-10,,주택업체,국민임대,서울,0
2021-10,,주택업체,국민임대,인천,0
2021-10,,주택업체,국민임대,경기,0
2021-10,,주택업체,국민임대,부산,0
2021-10,,주택업체,국민임대,대구,0
2021-10,,주택업체,국민임대,광주,0
2021-10,,주택업체,국민임대,대전,0
2021-10,,주택업체,국민임대,울산,0
2021-10,,주택업체,국민임대,세종,0
2021-10,,주택업체,국민임대,강원,0
2021-10,,주택업체,국민임대,충북,0
2021-10,,주택업체,국민임대,충남,0
2021-10,,주택업체,국민임대,전북,0
2021-10,,주택업체,국민임대,전남,0
2021-10,,주택업체,국민임대,경북,0
2021-10,,주택업체,국민임대,경남,0
2021-10,,주택업체,국민임대,제주,0
2021-10,,주택업체,공공임대,전국,4350
2021-10,,주택업체,공공임대,서울,959
2021-10,,주택업체,공공임대,인천,0
2021-10,,주택업체,공공임대,경기,3010
2021-10,,주택업체,공공임대,부산,0
2021-10,,주택업체,공공임대,대구,0
2021-10,,주택업체,공공임대,광주,0
2021-10,,주택업체,공공임대,대전,0
2021-10,,주택업체,공공임대,울산,0
2021-10,,주택업체,공공임대,세종,0
2021-10,,주택업체,공공임대,강원,0
2021-10,,주택업체,공공임대,충북,0
2021-10,,주택업체,공공임대,충남,381
2021-10,,주택업체,공공임대,전북,0
2021-10,,주택업체,공공임대,전남,0
2021-10,,주택업체,공공임대,경북,0
2021-10,,주택업체,공공임대,경남,0
2021-10,,주택업체,공공임대,제주,0
2021-10,,주택업체,공공분양,전국,0
2021-10,,주택업체,공공분양,서울,0
2021-10,,주택업체,공공분양,인천,0
2021-10,,주택업체,공공분양,경기,0
2021-10,,주택업체,공공분양,부산,0
2021-10,,주택업체,공공분양,대구,0
2021-10,,주택업체,공공분양,광주,0
2021-10,,주택업체,공공분양,대전,0
2021-10,,주택업체,공공분양,울산,0
2021-10,,주택업체,공공분양,세종,0
2021-10,,주택업체,공공분양,강원,0
2021-10,,주택업체,공공분양,충북,0
2021-10,,주택업체,공공분양,충남,0
2021-10,,주택업체,공공분양,전북,0
2021-10,,주택업체,공공분양,전남,0
2021-10,,주택업체,공공분양,경북,0
2021-10,,주택업체,공공분양,경남,0
2021-10,,주택업체,공공분양,제주,0
2021-10,,민간부문,소계,전국,31803
2021-10,,민간부문,소계,서울,3563
2021-10,,민간부문,소계,인천,1908
2021-10,,민간부문,소계,경기,7276
2021-10,,민간부문,소계,부산,418
2021-10,,민간부문,소계,대구,1046
2021-10,,민간부문,소계,광주,105
2021-10,,민간부문,소계,대전,6206
2021-10,,민간부문,소계,울산,925
2021-10,,민간부문,소계,세종,34
2021-10,,민간부문,소계,강원,869
2021-10,,민간부문,소계,충북,325
2021-10,,민간부문,소계,충남,409
2021-10,,민간부문,소계,전북,2046
2021-10,,민간부문,소계,전남,2269
2021-10,,민간부문,소계,경북,945
2021-10,,민간부문,소계,경남,3157
2021-10,,민간부문,소계,제주,302
2021-10,,민간,민간임대,전국,1654
2021-10,,민간,민간임대,서울,185
2021-10,,민간,민간임대,인천,0
2021-10,,민간,민간임대,경기,95
2021-10,,민간,민간임대,부산,0
2021-10,,민간,민간임대,대구,0
2021-10,,민간,민간임대,광주,0
2021-10,,민간,민간임대,대전,0
2021-10,,민간,민간임대,울산,0
2021-10,,민간,민간임대,세종,0
2021-10,,민간,민간임대,강원,0
2021-10,,민간,민간임대,충북,0
2021-10,,민간,민간임대,충남,0
2021-10,,민간,민간임대,전북,878
2021-10,,민간,민간임대,전남,496
2021-10,,민간,민간임대,경북,0
2021-10,,민간,민간임대,경남,0
2021-10,,민간,민간임대,제주,0
2021-10,,민간,민간분양,전국,30149
2021-10,,민간,민간분양,서울,3378
2021-10,,민간,민간분양,인천,1908
2021-10,,민간,민간분양,경기,7181
2021-10,,민간,민간분양,부산,418
2021-10,,민간,민간분양,대구,1046
2021-10,,민간,민간분양,광주,105
2021-10,,민간,민간분양,대전,6206
2021-10,,민간,민간분양,울산,925
2021-10,,민간,민간분양,세종,34
2021-10,,민간,민간분양,강원,869
2021-10,,민간,민간분양,충북,325
2021-10,,민간,민간분양,충남,409
2021-10,,민간,민간분양,전북,1168
2021-10,,민간,민간분양,전남,1773
2021-10,,민간,민간분양,경북,945
2021-10,,민간,민간분양,경남,3157
2021-10,,민간,민간분양,제주,302
2021-11,,총계,총계,전국,37029
2021-11,,총계,총계,서울,5548
2021-11,,총계,총계,인천,741
2021-11,,총계,총계,경기,12212
2021-11,,총계,총계,부산,2342
2021-11,,총계,총계,대구,5854
2021-11,,총계,총계,광주,1021
2021-11,,총계,총계,대전,260
2021-11,,총계,총계,울산,67
2021-11,,총계,총계,세종,34
2021-11,,총계,총계,강원,2461
2021-11,,총계,총계,충북,1170
2021-11,,총계,총계,충남,426
2021-11,,총계,총계,전북,265
2021-11,,총계,총계,전남,2998
2021-11,,총계,총계,경북,622
2021-11,,총계,총계,경남,586
2021-11,,총계,총계,제주,422
2021-11,,공공부문,소계,전국,2830
2021-11,,공공부문,소계,서울,22
2021-11,,공공부문,소계,인천,0
2021-11,,공공부문,소계,경기,1531
2021-11,,공공부문,소계,부산,0
2021-11,,공공부문,소계,대구,1277
2021-11,,공공부문,소계,광주,0
2021-11,,공공부문,소계,대전,0
2021-11,,공공부문,소계,울산,0
2021-11,,공공부문,소계,세종,0
2021-11,,공공부문,소계,강원,0
2021-11,,공공부문,소계,충북,0
2021-11,,공공부문,소계,충남,0
2021-11,,공공부문,소계,전북,0
2021-11,,공공부문,소계,전남,0
2021-11,,공공부문,소계,경북,0
2021-11,,공공부문,소계,경남,0
2021-11,,공공부문,소계,제주,0
2021-11,,합,국민임대,전국,22
2021-11,,합,국민임대,서울,22
2021-11,,합,국민임대,인천,0
2021-11,,합,국민임대,경기,0
2021-11,,합,국민임대,부산,0
2021-11,,합,국민임대,대구,0
2021-11,,합,국민임대,광주,0
2021-11,,합,국민임대,대전,0
2021-11,,합,국민임대,울산,0
2021-11,,합,국민임대,세종,0
2021-11,,합,국민임대,강원,0
2021-11,,합,국민임대,충북,0
2021-11,,합,국민임대,충남,0
2021-11,,합,국민임대,전북,0
2021-11,,합,국민임대,전남,0
2021-11,,합,국민임대,경북,0
2021-11,,합,국민임대,경남,0
2021-11,,합,국민임대,제주,0
2021-11,,합,공공임대,전국,1777
2021-11,,합,공공임대,서울,0
2021-11,,합,공공임대,인천,0
2021-11,,합,공공임대,경기,500
2021-11,,합,공공임대,부산,0
2021-11,,합,공공임대,대구,1277
2021-11,,합,공공임대,광주,0
2021-11,,합,공공임대,대전,0
2021-11,,합,공공임대,울산,0
2021-11,,합,공공임대,세종,0
2021-11,,합,공공임대,강원,0
2021-11,,합,공공임대,충북,0
2021-11,,합,공공임대,충남,0
2021-11,,합,공공임대,전북,0
2021-11,,합,공공임대,전남,0
2021-11,,합,공공임대,경북,0
2021-11,,합,공공임대,경남,0
2021-11,,합,공공임대,제주,0
2021-11,,합,공공분양,전국,1031
2021-11,,합,공공분양,서울,0
2021-11,,합,공공분양,인천,0
2021-11,,합,공공분양,경기,1031
2021-11,,합,공공분양,부산,0
2021-11,,합,공공분양,대구,0
2021-11,,합,공공분양,광주,0
2021-11,,합,공공분양,대전,0
2021-11,,합,공공분양,울산,0
2021-11,,합,공공분양,세종,0
2021-11,,합,공공분양,강원,0
2021-11,,합,공공분양,충북,0
2021-11,,합,공공분양,충남,0
2021-11,,합,공공분양,전북,0
2021-11,,합,공공분양,전남,0
2021-11,,합,공공분양,경북,0
2021-11,,합,공공분양,경남,0
2021-11,,합,공공분양,제주,0
2021-11,,지자체,소계,전국,22
2021-11,,지자체,소계,서울,22
2021-11,,지자체,소계,인천,0
2021-11,,지자체,소계,경기,0
2021-11,,지자체,소계,부산,0
2021-11,,지자체,소계,대구,0
2021-11,,지자체,소계,광주,0
2021-11,,지자체,소계,대전,0
2021-11,,지자체,소계,울산,0
2021-11,,지자체,소계,세종,0
2021-11,,지자체,소계,강원,0
2021-11,,지자체,소계,충북,0
2021-11,,지자체,소계,충남,0
2021-11,,지자체,소계,전북,0
2021-11,,지자체,소계,전남,0
2021-11,,지자체,소계,경북,0
2021-11,,지자체,소계,경남,0
2021-11,,지자체,소계,제주,0
2021-11,,지자체,국민임대,전국,22
2021-11,,지자체,국민임대,서울,22
2021-11,,지자체,국민임대,인천,0
2021-11,,지자체,국민임대,경기,0
2021-11,,지자체,국민임대,부산,0
2021-11,,지자체,국민임대,대구,0
2021-11,,지자체,국민임대,광주,0
2021-11,,지자체,국민임대,대전,0
2021-11,,지자체,국민임대,울산,0
2021-11,,지자체,국민임대,세종,0
2021-11,,지자체,국민임대,강원,0
2021-11,,지자체,국민임대,충북,0
2021-11,,지자체,국민임대,충남,0
2021-11,,지자체,국민임대,전북,0
2021-11,,지자체,국민임대,전남,0
2021-11,,지자체,국민임대,경북,0
2021-11,,지자체,국민임대,경남,0
2021-11,,지자체,국민임대,제주,0
2021-11,,지자체,공공임대,전국,0
2021-11,,지자체,공공임대,서울,0
2021-11,,지자체,공공임대,인천,0
2021-11,,지자체,공공임대,경기,0
2021-11,,지자체,공공임대,부산,0
2021-11,,지자체,공공임대,대구,0
2021-11,,지자체,공공임대,광주,0
2021-11,,지자체,공공임대,대전,0
2021-11,,지자체,공공임대,울산,0
2021-11,,지자체,공공임대,세종,0
2021-11,,지자체,공공임대,강원,0
2021-11,,지자체,공공임대,충북,0
2021-11,,지자체,공공임대,충남,0
2021-11,,지자체,공공임대,전북,0
2021-11,,지자체,공공임대,전남,0
2021-11,,지자체,공공임대,경북,0
2021-11,,지자체,공공임대,경남,0
2021-11,,지자체,공공임대,제주,0
2021-11,,지자체,공공분양,전국,0
2021-11,,지자체,공공분양,서울,0
2021-11,,지자체,공공분양,인천,0
2021-11,,지자체,공공분양,경기,0
2021-11,,지자체,공공분양,부산,0
2021-11,,지자체,공공분양,대구,0
2021-11,,지자체,공공분양,광주,0
2021-11,,지자체,공공분양,대전,0
2021-11,,지자체,공공분양,울산,0
2021-11,,지자체,공공분양,세종,0
2021-11,,지자체,공공분양,강원,0
2021-11,,지자체,공공분양,충북,0
2021-11,,지자체,공공분양,충남,0
2021-11,,지자체,공공분양,전북,0
2021-11,,지자체,공공분양,전남,0
2021-11,,지자체,공공분양,경북,0
2021-11,,지자체,공공분양,경남,0
2021-11,,지자체,공공분양,제주,0
2021-11,,LH,소계,전국,0
2021-11,,LH,소계,서울,0
2021-11,,LH,소계,인천,0
2021-11,,LH,소계,경기,0
2021-11,,LH,소계,부산,0
2021-11,,LH,소계,대구,0
2021-11,,LH,소계,광주,0
2021-11,,LH,소계,대전,0
2021-11,,LH,소계,울산,0
2021-11,,LH,소계,세종,0
2021-11,,LH,소계,강원,0
2021-11,,LH,소계,충북,0
2021-11,,LH,소계,충남,0
2021-11,,LH,소계,전북,0
2021-11,,LH,소계,전남,0
2021-11,,LH,소계,경북,0
2021-11,,LH,소계,경남,0
2021-11,,LH,소계,제주,0
2021-11,,LH,국민임대,전국,0
2021-11,,LH,국민임대,서울,0
2021-11,,LH,국민임대,인천,0
2021-11,,LH,국민임대,경기,0
2021-11,,LH,국민임대,부산,0
2021-11,,LH,국민임대,대구,0
2021-11,,LH,국민임대,광주,0
2021-11,,LH,국민임대,대전,0
2021-11,,LH,국민임대,울산,0
2021-11,,LH,국민임대,세종,0
2021-11,,LH,국민임대,강원,0
2021-11,,LH,국민임대,충북,0
2021-11,,LH,국민임대,충남,0
2021-11,,LH,국민임대,전북,0
2021-11,,LH,국민임대,전남,0
2021-11,,LH,국민임대,경북,0
2021-11,,LH,국민임대,경남,0
2021-11,,LH,국민임대,제주,0
2021-11,,LH,공공임대,전국,0
2021-11,,LH,공공임대,서울,0
2021-11,,LH,공공임대,인천,0
2021-11,,LH,공공임대,경기,0
2021-11,,LH,공공임대,부산,0
2021-11,,LH,공공임대,대구,0
2021-11,,LH,공공임대,광주,0
2021-11,,LH,공공임대,대전,0
2021-11,,LH,공공임대,울산,0
2021-11,,LH,공공임대,세종,0
2021-11,,LH,공공임대,강원,0
2021-11,,LH,공공임대,충북,0
2021-11,,LH,공공임대,충남,0
2021-11,,LH,공공임대,전북,0
2021-11,,LH,공공임대,전남,0
2021-11,,LH,공공임대,경북,0
2021-11,,LH,공공임대,경남,0
2021-11,,LH,공공임대,제주,0
2021-11,,LH,공공분양,전국,0
2021-11,,LH,공공분양,서울,0
2021-11,,LH,공공분양,인천,0
2021-11,,LH,공공분양,경기,0
2021-11,,LH,공공분양,부산,0
2021-11,,LH,공공분양,대구,0
2021-11,,LH,공공분양,광주,0
2021-11,,LH,공공분양,대전,0
2021-11,,LH,공공분양,울산,0
2021-11,,LH,공공분양,세종,0
2021-11,,LH,공공분양,강원,0
2021-11,,LH,공공분양,충북,0
2021-11,,LH,공공분양,충남,0
2021-11,,LH,공공분양,전북,0
2021-11,,LH,공공분양,전남,0
2021-11,,LH,공공분양,경북,0
2021-11,,LH,공공분양,경남,0
2021-11,,LH,공공분양,제주,0
2021-11,,주택업체,소계,전국,2808
2021-11,,주택업체,소계,서울,0
2021-11,,주택업체,소계,인천,0
2021-11,,주택업체,소계,경기,1531
2021-11,,주택업체,소계,부산,0
2021-11,,주택업체,소계,대구,1277
2021-11,,주택업체,소계,광주,0
2021-11,,주택업체,소계,대전,0
2021-11,,주택업체,소계,울산,0
2021-11,,주택업체,소계,세종,0
2021-11,,주택업체,소계,강원,0
2021-11,,주택업체,소계,충북,0
2021-11,,주택업체,소계,충남,0
2021-11,,주택업체,소계,전북,0
2021-11,,주택업체,소계,전남,0
2021-11,,주택업체,소계,경북,0
2021-11,,주택업체,소계,경남,0
2021-11,,주택업체,소계,제주,0
2021-11,,주택업체,국민임대,전국,0
2021-11,,주택업체,국민임대,서울,0
2021-11,,주택업체,국민임대,인천,0
2021-11,,주택업체,국민임대,경기,0
2021-11,,주택업체,국민임대,부산,0
2021-11,,주택업체,국민임대,대구,0
2021-11,,주택업체,국민임대,광주,0
2021-11,,주택업체,국민임대,대전,0
2021-11,,주택업체,국민임대,울산,0
2021-11,,주택업체,국민임대,세종,0
2021-11,,주택업체,국민임대,강원,0
2021-11,,주택업체,국민임대,충북,0
2021-11,,주택업체,국민임대,충남,0
2021-11,,주택업체,국민임대,전북,0
2021-11,,주택업체,국민임대,전남,0
2021-11,,주택업체,국민임대,경북,0
2021-11,,주택업체,국민임대,경남,0
2021-11,,주택업체,국민임대,제주,0
2021-11,,주택업체,공공임대,전국,1777
2021-11,,주택업체,공공임대,서울,0
2021-11,,주택업체,공공임대,인천,0
2021-11,,주택업체,공공임대,경기,500
2021-11,,주택업체,공공임대,부산,0
2021-11,,주택업체,공공임대,대구,1277
2021-11,,주택업체,공공임대,광주,0
2021-11,,주택업체,공공임대,대전,0
2021-11,,주택업체,공공임대,울산,0
2021-11,,주택업체,공공임대,세종,0
2021-11,,주택업체,공공임대,강원,0
2021-11,,주택업체,공공임대,충북,0
2021-11,,주택업체,공공임대,충남,0
2021-11,,주택업체,공공임대,전북,0
2021-11,,주택업체,공공임대,전남,0
2021-11,,주택업체,공공임대,경북,0
2021-11,,주택업체,공공임대,경남,0
2021-11,,주택업체,공공임대,제주,0
2021-11,,주택업체,공공분양,전국,1031
2021-11,,주택업체,공공분양,서울,0
2021-11,,주택업체,공공분양,인천,0
2021-11,,주택업체,공공분양,경기,1031
2021-11,,주택업체,공공분양,부산,0
2021-11,,주택업체,공공분양,대구,0
2021-11,,주택업체,공공분양,광주,0
2021-11,,주택업체,공공분양,대전,0
2021-11,,주택업체,공공분양,울산,0
2021-11,,주택업체,공공분양,세종,0
2021-11,,주택업체,공공분양,강원,0
2021-11,,주택업체,공공분양,충북,0
2021-11,,주택업체,공공분양,충남,0
2021-11,,주택업체,공공분양,전북,0
2021-11,,주택업체,공공분양,전남,0
2021-11,,주택업체,공공분양,경북,0
2021-11,,주택업체,공공분양,경남,0
2021-11,,주택업체,공공분양,제주,0
2021-11,,민간부문,소계,전국,34199
2021-11,,민간부문,소계,서울,5526
2021-11,,민간부문,소계,인천,741
2021-11,,민간부문,소계,경기,10681
2021-11,,민간부문,소계,부산,2342
2021-11,,민간부문,소계,대구,4577
2021-11,,민간부문,소계,광주,1021
2021-11,,민간부문,소계,대전,260
2021-11,,민간부문,소계,울산,67
2021-11,,민간부문,소계,세종,34
2021-11,,민간부문,소계,강원,2461
2021-11,,민간부문,소계,충북,1170
2021-11,,민간부문,소계,충남,426
2021-11,,민간부문,소계,전북,265
2021-11,,민간부문,소계,전남,2998
2021-11,,민간부문,소계,경북,622
2021-11,,민간부문,소계,경남,586
2021-11,,민간부문,소계,제주,422
2021-11,,민간,민간임대,전국,3472
2021-11,,민간,민간임대,서울,421
2021-11,,민간,민간임대,인천,0
2021-11,,민간,민간임대,경기,0
2021-11,,민간,민간임대,부산,1651
2021-11,,민간,민간임대,대구,0
2021-11,,민간,민간임대,광주,0
2021-11,,민간,민간임대,대전,0
2021-11,,민간,민간임대,울산,0
2021-11,,민간,민간임대,세종,0
2021-11,,민간,민간임대,강원,0
2021-11,,민간,민간임대,충북,0
2021-11,,민간,민간임대,충남,0
2021-11,,민간,민간임대,전북,0
2021-11,,민간,민간임대,전남,1400
2021-11,,민간,민간임대,경북,0
2021-11,,민간,민간임대,경남,0
2021-11,,민간,민간임대,제주,0
2021-11,,민간,민간분양,전국,30727
2021-11,,민간,민간분양,서울,5105
2021-11,,민간,민간분양,인천,741
2021-11,,민간,민간분양,경기,10681
2021-11,,민간,민간분양,부산,691
2021-11,,민간,민간분양,대구,4577
2021-11,,민간,민간분양,광주,1021
2021-11,,민간,민간분양,대전,260
2021-11,,민간,민간분양,울산,67
2021-11,,민간,민간분양,세종,34
2021-11,,민간,민간분양,강원,2461
2021-11,,민간,민간분양,충북,1170
2021-11,,민간,민간분양,충남,426
2021-11,,민간,민간분양,전북,265
2021-11,,민간,민간분양,전남,1598
2021-11,,민간,민간분양,경북,622
2021-11,,민간,민간분양,경남,586
2021-11,,민간,민간분양,제주,422
2021-12,,총계,총계,전국,52809
2021-12,,총계,총계,서울,8333
2021-12,,총계,총계,인천,2290
2021-12,,총계,총계,경기,19536
2021-12,,총계,총계,부산,7843
2021-12,,총계,총계,대구,694
2021-12,,총계,총계,광주,169
2021-12,,총계,총계,대전,330
2021-12,,총계,총계,울산,331
2021-12,,총계,총계,세종,1139
2021-12,,총계,총계,강원,2575
2021-12,,총계,총계,충북,871
2021-12,,총계,총계,충남,1028
2021-12,,총계,총계,전북,791
2021-12,,총계,총계,전남,1726
2021-12,,총계,총계,경북,1797
2021-12,,총계,총계,경남,3150
2021-12,,총계,총계,제주,206
2021-12,,공공부문,소계,전국,9028
2021-12,,공공부문,소계,서울,88
2021-12,,공공부문,소계,인천,457
2021-12,,공공부문,소계,경기,6046
2021-12,,공공부문,소계,부산,0
2021-12,,공공부문,소계,대구,0
2021-12,,공공부문,소계,광주,40
2021-12,,공공부문,소계,대전,0
2021-12,,공공부문,소계,울산,0
2021-12,,공공부문,소계,세종,1100
2021-12,,공공부문,소계,강원,0
2021-12,,공공부문,소계,충북,0
2021-12,,공공부문,소계,충남,0
2021-12,,공공부문,소계,전북,450
2021-12,,공공부문,소계,전남,0
2021-12,,공공부문,소계,경북,847
2021-12,,공공부문,소계,경남,0
2021-12,,공공부문,소계,제주,0
2021-12,,합,국민임대,전국,4008
2021-12,,합,국민임대,서울,0
2021-12,,합,국민임대,인천,457
2021-12,,합,국민임대,경기,1848
2021-12,,합,국민임대,부산,0
2021-12,,합,국민임대,대구,0
2021-12,,합,국민임대,광주,0
2021-12,,합,국민임대,대전,0
2021-12,,합,국민임대,울산,0
2021-12,,합,국민임대,세종,1100
2021-12,,합,국민임대,강원,0
2021-12,,합,국민임대,충북,0
2021-12,,합,국민임대,충남,0
2021-12,,합,국민임대,전북,0
2021-12,,합,국민임대,전남,0
2021-12,,합,국민임대,경북,603
2021-12,,합,국민임대,경남,0
2021-12,,합,국민임대,제주,0
2021-12,,합,공공임대,전국,5020
2021-12,,합,공공임대,서울,88
2021-12,,합,공공임대,인천,0
2021-12,,합,공공임대,경기,4198
2021-12,,합,공공임대,부산,0
2021-12,,합,공공임대,대구,0
2021-12,,합,공공임대,광주,40
2021-12,,합,공공임대,대전,0
2021-12,,합,공공임대,울산,0
2021-12,,합,공공임대,세종,0
2021-12,,합,공공임대,강원,0
2021-12,,합,공공임대,충북,0
2021-12,,합,공공임대,충남,0
2021-12,,합,공공임대,전북,450
2021-12,,합,공공임대,전남,0
2021-12,,합,공공임대,경북,244
2021-12,,합,공공임대,경남,0
2021-12,,합,공공임대,제주,0
2021-12,,합,공공분양,전국,0
2021-12,,합,공공분양,서울,0
2021-12,,합,공공분양,인천,0
2021-12,,합,공공분양,경기,0
2021-12,,합,공공분양,부산,0
2021-12,,합,공공분양,대구,0
2021-12,,합,공공분양,광주,0
2021-12,,합,공공분양,대전,0
2021-12,,합,공공분양,울산,0
2021-12,,합,공공분양,세종,0
2021-12,,합,공공분양,강원,0
2021-12,,합,공공분양,충북,0
2021-12,,합,공공분양,충남,0
2021-12,,합,공공분양,전북,0
2021-12,,합,공공분양,전남,0
2021-12,,합,공공분양,경북,0
2021-12,,합,공공분양,경남,0
2021-12,,합,공공분양,제주,0
2021-12,,지자체,소계,전국,0
2021-12,,지자체,소계,서울,0
2021-12,,지자체,소계,인천,0
2021-12,,지자체,소계,경기,0
2021-12,,지자체,소계,부산,0
2021-12,,지자체,소계,대구,0
2021-12,,지자체,소계,광주,0
2021-12,,지자체,소계,대전,0
2021-12,,지자체,소계,울산,0
2021-12,,지자체,소계,세종,0
2021-12,,지자체,소계,강원,0
2021-12,,지자체,소계,충북,0
2021-12,,지자체,소계,충남,0
2021-12,,지자체,소계,전북,0
2021-12,,지자체,소계,전남,0
2021-12,,지자체,소계,경북,0
2021-12,,지자체,소계,경남,0
2021-12,,지자체,소계,제주,0
2021-12,,지자체,국민임대,전국,0
2021-12,,지자체,국민임대,서울,0
2021-12,,지자체,국민임대,인천,0
2021-12,,지자체,국민임대,경기,0
2021-12,,지자체,국민임대,부산,0
2021-12,,지자체,국민임대,대구,0
2021-12,,지자체,국민임대,광주,0
2021-12,,지자체,국민임대,대전,0
2021-12,,지자체,국민임대,울산,0
2021-12,,지자체,국민임대,세종,0
2021-12,,지자체,국민임대,강원,0
2021-12,,지자체,국민임대,충북,0
2021-12,,지자체,국민임대,충남,0
2021-12,,지자체,국민임대,전북,0
2021-12,,지자체,국민임대,전남,0
2021-12,,지자체,국민임대,경북,0
2021-12,,지자체,국민임대,경남,0
2021-12,,지자체,국민임대,제주,0
2021-12,,지자체,공공임대,전국,0
2021-12,,지자체,공공임대,서울,0
2021-12,,지자체,공공임대,인천,0
2021-12,,지자체,공공임대,경기,0
2021-12,,지자체,공공임대,부산,0
2021-12,,지자체,공공임대,대구,0
2021-12,,지자체,공공임대,광주,0
2021-12,,지자체,공공임대,대전,0
2021-12,,지자체,공공임대,울산,0
2021-12,,지자체,공공임대,세종,0
2021-12,,지자체,공공임대,강원,0
2021-12,,지자체,공공임대,충북,0
2021-12,,지자체,공공임대,충남,0
2021-12,,지자체,공공임대,전북,0
2021-12,,지자체,공공임대,전남,0
2021-12,,지자체,공공임대,경북,0
2021-12,,지자체,공공임대,경남,0
2021-12,,지자체,공공임대,제주,0
2021-12,,지자체,공공분양,전국,0
2021-12,,지자체,공공분양,서울,0
2021-12,,지자체,공공분양,인천,0
2021-12,,지자체,공공분양,경기,0
2021-12,,지자체,공공분양,부산,0
2021-12,,지자체,공공분양,대구,0
2021-12,,지자체,공공분양,광주,0
2021-12,,지자체,공공분양,대전,0
2021-12,,지자체,공공분양,울산,0
2021-12,,지자체,공공분양,세종,0
2021-12,,지자체,공공분양,강원,0
2021-12,,지자체,공공분양,충북,0
2021-12,,지자체,공공분양,충남,0
2021-12,,지자체,공공분양,전북,0
2021-12,,지자체,공공분양,전남,0
2021-12,,지자체,공공분양,경북,0
2021-12,,지자체,공공분양,경남,0
2021-12,,지자체,공공분양,제주,0
2021-12,,LH,소계,전국,8138
2021-12,,LH,소계,서울,0
2021-12,,LH,소계,인천,457
2021-12,,LH,소계,경기,5284
2021-12,,LH,소계,부산,0
2021-12,,LH,소계,대구,0
2021-12,,LH,소계,광주,0
2021-12,,LH,소계,대전,0
2021-12,,LH,소계,울산,0
2021-12,,LH,소계,세종,1100
2021-12,,LH,소계,강원,0
2021-12,,LH,소계,충북,0
2021-12,,LH,소계,충남,0
2021-12,,LH,소계,전북,450
2021-12,,LH,소계,전남,0
2021-12,,LH,소계,경북,847
2021-12,,LH,소계,경남,0
2021-12,,LH,소계,제주,0
2021-12,,LH,국민임대,전국,4008
2021-12,,LH,국민임대,서울,0
2021-12,,LH,국민임대,인천,457
2021-12,,LH,국민임대,경기,1848
2021-12,,LH,국민임대,부산,0
2021-12,,LH,국민임대,대구,0
2021-12,,LH,국민임대,광주,0
2021-12,,LH,국민임대,대전,0
2021-12,,LH,국민임대,울산,0
2021-12,,LH,국민임대,세종,1100
2021-12,,LH,국민임대,강원,0
2021-12,,LH,국민임대,충북,0
2021-12,,LH,국민임대,충남,0
2021-12,,LH,국민임대,전북,0
2021-12,,LH,국민임대,전남,0
2021-12,,LH,국민임대,경북,603
2021-12,,LH,국민임대,경남,0
2021-12,,LH,국민임대,제주,0
2021-12,,LH,공공임대,전국,4130
2021-12,,LH,공공임대,서울,0
2021-12,,LH,공공임대,인천,0
2021-12,,LH,공공임대,경기,3436
2021-12,,LH,공공임대,부산,0
2021-12,,LH,공공임대,대구,0
2021-12,,LH,공공임대,광주,0
2021-12,,LH,공공임대,대전,0
2021-12,,LH,공공임대,울산,0
2021-12,,LH,공공임대,세종,0
2021-12,,LH,공공임대,강원,0
2021-12,,LH,공공임대,충북,0
2021-12,,LH,공공임대,충남,0
2021-12,,LH,공공임대,전북,450
2021-12,,LH,공공임대,전남,0
2021-12,,LH,공공임대,경북,244
2021-12,,LH,공공임대,경남,0
2021-12,,LH,공공임대,제주,0
2021-12,,LH,공공분양,전국,0
2021-12,,LH,공공분양,서울,0
2021-12,,LH,공공분양,인천,0
2021-12,,LH,공공분양,경기,0
2021-12,,LH,공공분양,부산,0
2021-12,,LH,공공분양,대구,0
2021-12,,LH,공공분양,광주,0
2021-12,,LH,공공분양,대전,0
2021-12,,LH,공공분양,울산,0
2021-12,,LH,공공분양,세종,0
2021-12,,LH,공공분양,강원,0
2021-12,,LH,공공분양,충북,0
2021-12,,LH,공공분양,충남,0
2021-12,,LH,공공분양,전북,0
2021-12,,LH,공공분양,전남,0
2021-12,,LH,공공분양,경북,0
2021-12,,LH,공공분양,경남,0
2021-12,,LH,공공분양,제주,0
2021-12,,주택업체,소계,전국,890
2021-12,,주택업체,소계,서울,88
2021-12,,주택업체,소계,인천,0
2021-12,,주택업체,소계,경기,762
2021-12,,주택업체,소계,부산,0
2021-12,,주택업체,소계,대구,0
2021-12,,주택업체,소계,광주,40
2021-12,,주택업체,소계,대전,0
2021-12,,주택업체,소계,울산,0
2021-12,,주택업체,소계,세종,0
2021-12,,주택업체,소계,강원,0
2021-12,,주택업체,소계,충북,0
2021-12,,주택업체,소계,충남,0
2021-12,,주택업체,소계,전북,0
2021-12,,주택업체,소계,전남,0
2021-12,,주택업체,소계,경북,0
2021-12,,주택업체,소계,경남,0
2021-12,,주택업체,소계,제주,0
2021-12,,주택업체,국민임대,전국,0
2021-12,,주택업체,국민임대,서울,0
2021-12,,주택업체,국민임대,인천,0
2021-12,,주택업체,국민임대,경기,0
2021-12,,주택업체,국민임대,부산,0
2021-12,,주택업체,국민임대,대구,0
2021-12,,주택업체,국민임대,광주,0
2021-12,,주택업체,국민임대,대전,0
2021-12,,주택업체,국민임대,울산,0
2021-12,,주택업체,국민임대,세종,0
2021-12,,주택업체,국민임대,강원,0
2021-12,,주택업체,국민임대,충북,0
2021-12,,주택업체,국민임대,충남,0
2021-12,,주택업체,국민임대,전북,0
2021-12,,주택업체,국민임대,전남,0
2021-12,,주택업체,국민임대,경북,0
2021-12,,주택업체,국민임대,경남,0
2021-12,,주택업체,국민임대,제주,0
2021-12,,주택업체,공공임대,전국,890
2021-12,,주택업체,공공임대,서울,88
2021-12,,주택업체,공공임대,인천,0
2021-12,,주택업체,공공임대,경기,762
2021-12,,주택업체,공공임대,부산,0
2021-12,,주택업체,공공임대,대구,0
2021-12,,주택업체,공공임대,광주,40
2021-12,,주택업체,공공임대,대전,0
2021-12,,주택업체,공공임대,울산,0
2021-12,,주택업체,공공임대,세종,0
2021-12,,주택업체,공공임대,강원,0
2021-12,,주택업체,공공임대,충북,0
2021-12,,주택업체,공공임대,충남,0
2021-12,,주택업체,공공임대,전북,0
2021-12,,주택업체,공공임대,전남,0
2021-12,,주택업체,공공임대,경북,0
2021-12,,주택업체,공공임대,경남,0
2021-12,,주택업체,공공임대,제주,0
2021-12,,주택업체,공공분양,전국,0
2021-12,,주택업체,공공분양,서울,0
2021-12,,주택업체,공공분양,인천,0
2021-12,,주택업체,공공분양,경기,0
2021-12,,주택업체,공공분양,부산,0
2021-12,,주택업체,공공분양,대구,0
2021-12,,주택업체,공공분양,광주,0
2021-12,,주택업체,공공분양,대전,0
2021-12,,주택업체,공공분양,울산,0
2021-12,,주택업체,공공분양,세종,0
2021-12,,주택업체,공공분양,강원,0
2021-12,,주택업체,공공분양,충북,0
2021-12,,주택업체,공공분양,충남,0
2021-12,,주택업체,공공분양,전북,0
2021-12,,주택업체,공공분양,전남,0
2021-12,,주택업체,공공분양,경북,0
2021-12,,주택업체,공공분양,경남,0
2021-12,,주택업체,공공분양,제주,0
2021-12,,민간부문,소계,전국,43781
2021-12,,민간부문,소계,서울,8245
2021-12,,민간부문,소계,인천,1833
2021-12,,민간부문,소계,경기,13490
2021-12,,민간부문,소계,부산,7843
2021-12,,민간부문,소계,대구,694
2021-12,,민간부문,소계,광주,129
2021-12,,민간부문,소계,대전,330
2021-12,,민간부문,소계,울산,331
2021-12,,민간부문,소계,세종,39
2021-12,,민간부문,소계,강원,2575
2021-12,,민간부문,소계,충북,871
2021-12,,민간부문,소계,충남,1028
2021-12,,민간부문,소계,전북,341
2021-12,,민간부문,소계,전남,1726
2021-12,,민간부문,소계,경북,950
2021-12,,민간부문,소계,경남,3150
2021-12,,민간부문,소계,제주,206
2021-12,,민간,민간임대,전국,2097
2021-12,,민간,민간임대,서울,717
2021-12,,민간,민간임대,인천,0
2021-12,,민간,민간임대,경기,0
2021-12,,민간,민간임대,부산,0
2021-12,,민간,민간임대,대구,0
2021-12,,민간,민간임대,광주,0
2021-12,,민간,민간임대,대전,0
2021-12,,민간,민간임대,울산,0
2021-12,,민간,민간임대,세종,0
2021-12,,민간,민간임대,강원,0
2021-12,,민간,민간임대,충북,0
2021-12,,민간,민간임대,충남,346
2021-12,,민간,민간임대,전북,0
2021-12,,민간,민간임대,전남,0
2021-12,,민간,민간임대,경북,332
2021-12,,민간,민간임대,경남,702
2021-12,,민간,민간임대,제주,0
2021-12,,민간,민간분양,전국,41684
2021-12,,민간,민간분양,서울,7528
2021-12,,민간,민간분양,인천,1833
2021-12,,민간,민간분양,경기,13490
2021-12,,민간,민간분양,부산,7843
2021-12,,민간,민간분양,대구,694
2021-12,,민간,민간분양,광주,129
2021-12,,민간,민간분양,대전,330
2021-12,,민간,민간분양,울산,331
2021-12,,민간,민간분양,세종,39
2021-12,,민간,민간분양,강원,2575
2021-12,,민간,민간분양,충북,871
2021-12,,민간,민간분양,충남,682
2021-12,,민간,민간분양,전북,341
2021-12,,민간,민간분양,전남,1726
2021-12,,민간,민간분양,경북,618
2021-12,,민간,민간분양,경남,2448
2021-12,,민간,민간분양,제주,206
2022-01,,총계,총계,전국,26341
2022-01,,총계,총계,서울,6226
2022-01,,총계,총계,인천,5155
2022-01,,총계,총계,경기,4841
2022-01,,총계,총계,부산,921
2022-01,,총계,총계,대구,405
2022-01,,총계,총계,광주,1637
2022-01,,총계,총계,대전,100
2022-01,,총계,총계,울산,153
2022-01,,총계,총계,세종,39
2022-01,,총계,총계,강원,345
2022-01,,총계,총계,충북,317
2022-01,,총계,총계,충남,2411
2022-01,,총계,총계,전북,501
2022-01,,총계,총계,전남,1370
2022-01,,총계,총계,경북,1089
2022-01,,총계,총계,경남,337
2022-01,,총계,총계,제주,494
2022-01,,공공부문,소계,전국,4161
2022-01,,공공부문,소계,서울,0
2022-01,,공공부문,소계,인천,1268
2022-01,,공공부문,소계,경기,36
2022-01,,공공부문,소계,부산,0
2022-01,,공공부문,소계,대구,0
2022-01,,공공부문,소계,광주,1556
2022-01,,공공부문,소계,대전,0
2022-01,,공공부문,소계,울산,0
2022-01,,공공부문,소계,세종,0
2022-01,,공공부문,소계,강원,0
2022-01,,공공부문,소계,충북,0
2022-01,,공공부문,소계,충남,519
2022-01,,공공부문,소계,전북,17
2022-01,,공공부문,소계,전남,0
2022-01,,공공부문,소계,경북,765
2022-01,,공공부문,소계,경남,0
2022-01,,공공부문,소계,제주,0
2022-01,,합,국민임대,전국,1787
2022-01,,합,국민임대,서울,0
2022-01,,합,국민임대,인천,1268
2022-01,,합,국민임대,경기,0
2022-01,,합,국민임대,부산,0
2022-01,,합,국민임대,대구,0
2022-01,,합,국민임대,광주,0
2022-01,,합,국민임대,대전,0
2022-01,,합,국민임대,울산,0
2022-01,,합,국민임대,세종,0
2022-01,,합,국민임대,강원,0
2022-01,,합,국민임대,충북,0
2022-01,,합,국민임대,충남,519
2022-01,,합,국민임대,전북,0
2022-01,,합,국민임대,전남,0
2022-01,,합,국민임대,경북,0
2022-01,,합,국민임대,경남,0
2022-01,,합,국민임대,제주,0
2022-01,,합,공공임대,전국,2374
2022-01,,합,공공임대,서울,0
2022-01,,합,공공임대,인천,0
2022-01,,합,공공임대,경기,36
2022-01,,합,공공임대,부산,0
2022-01,,합,공공임대,대구,0
2022-01,,합,공공임대,광주,1556
2022-01,,합,공공임대,대전,0
2022-01,,합,공공임대,울산,0
2022-01,,합,공공임대,세종,0
2022-01,,합,공공임대,강원,0
2022-01,,합,공공임대,충북,0
2022-01,,합,공공임대,충남,0
2022-01,,합,공공임대,전북,17
2022-01,,합,공공임대,전남,0
2022-01,,합,공공임대,경북,765
2022-01,,합,공공임대,경남,0
2022-01,,합,공공임대,제주,0
2022-01,,합,공공분양,전국,0
2022-01,,합,공공분양,서울,0
2022-01,,합,공공분양,인천,0
2022-01,,합,공공분양,경기,0
2022-01,,합,공공분양,부산,0
2022-01,,합,공공분양,대구,0
2022-01,,합,공공분양,광주,0
2022-01,,합,공공분양,대전,0
2022-01,,합,공공분양,울산,0
2022-01,,합,공공분양,세종,0
2022-01,,합,공공분양,강원,0
2022-01,,합,공공분양,충북,0
2022-01,,합,공공분양,충남,0
2022-01,,합,공공분양,전북,0
2022-01,,합,공공분양,전남,0
2022-01,,합,공공분양,경북,0
2022-01,,합,공공분양,경남,0
2022-01,,합,공공분양,제주,0
2022-01,,지자체,소계,전국,0
2022-01,,지자체,소계,서울,0
2022-01,,지자체,소계,인천,0
2022-01,,지자체,소계,경기,0
2022-01,,지자체,소계,부산,0
2022-01,,지자체,소계,대구,0
2022-01,,지자체,소계,광주,0
2022-01,,지자체,소계,대전,0
2022-01,,지자체,소계,울산,0
2022-01,,지자체,소계,세종,0
2022-01,,지자체,소계,강원,0
2022-01,,지자체,소계,충북,0
2022-01,,지자체,소계,충남,0
2022-01,,지자체,소계,전북,0
2022-01,,지자체,소계,전남,0
2022-01,,지자체,소계,경북,0
2022-01,,지자체,소계,경남,0
2022-01,,지자체,소계,제주,0
2022-01,,지자체,국민임대,전국,0
2022-01,,지자체,국민임대,서울,0
2022-01,,지자체,국민임대,인천,0
2022-01,,지자체,국민임대,경기,0
2022-01,,지자체,국민임대,부산,0
2022-01,,지자체,국민임대,대구,0
2022-01,,지자체,국민임대,광주,0
2022-01,,지자체,국민임대,대전,0
2022-01,,지자체,국민임대,울산,0
2022-01,,지자체,국민임대,세종,0
2022-01,,지자체,국민임대,강원,0
2022-01,,지자체,국민임대,충북,0
2022-01,,지자체,국민임대,충남,0
2022-01,,지자체,국민임대,전북,0
2022-01,,지자체,국민임대,전남,0
2022-01,,지자체,국민임대,경북,0
2022-01,,지자체,국민임대,경남,0
2022-01,,지자체,국민임대,제주,0
2022-01,,지자체,공공임대,전국,0
2022-01,,지자체,공공임대,서울,0
2022-01,,지자체,공공임대,인천,0
2022-01,,지자체,공공임대,경기,0
2022-01,,지자체,공공임대,부산,0
2022-01,,지자체,공공임대,대구,0
2022-01,,지자체,공공임대,광주,0
2022-01,,지자체,공공임대,대전,0
2022-01,,지자체,공공임대,울산,0
2022-01,,지자체,공공임대,세종,0
2022-01,,지자체,공공임대,강원,0
2022-01,,지자체,공공임대,충북,0
2022-01,,지자체,공공임대,충남,0
2022-01,,지자체,공공임대,전북,0
2022-01,,지자체,공공임대,전남,0
2022-01,,지자체,공공임대,경북,0
2022-01,,지자체,공공임대,경남,0
2022-01,,지자체,공공임대,제주,0
2022-01,,지자체,공공분양,전국,0
2022-01,,지자체,공공분양,서울,0
2022-01,,지자체,공공분양,인천,0
2022-01,,지자체,공공분양,경기,0
2022-01,,지자체,공공분양,부산,0
2022-01,,지자체,공공분양,대구,0
2022-01,,지자체,공공분양,광주,0
2022-01,,지자체,공공분양,대전,0
2022-01,,지자체,공공분양,울산,0
2022-01,,지자체,공공분양,세종,0
2022-01,,지자체,공공분양,강원,0
2022-01,,지자체,공공분양,충북,0
2022-01,,지자체,공공분양,충남,0
2022-01,,지자체,공공분양,전북,0
2022-01,,지자체,공공분양,전남,0
2022-01,,지자체,공공분양,경북,0
2022-01,,지자체,공공분양,경남,0
2022-01,,지자체,공공분양,제주,0
2022-01,,LH,소계,전국,818
2022-01,,LH,소계,서울,0
2022-01,,LH,소계,인천,0
2022-01,,LH,소계,경기,36
2022-01,,LH,소계,부산,0
2022-01,,LH,소계,대구,0
2022-01,,LH,소계,광주,0
2022-01,,LH,소계,대전,0
2022-01,,LH,소계,울산,0
2022-01,,LH,소계,세종,0
2022-01,,LH,소계,강원,0
2022-01,,LH,소계,충북,0
2022-01,,LH,소계,충남,0
2022-01,,LH,소계,전북,17
2022-01,,LH,소계,전남,0
2022-01,,LH,소계,경북,765
2022-01,,LH,소계,경남,0
2022-01,,LH,소계,제주,0
2022-01,,LH,국민임대,전국,0
2022-01,,LH,국민임대,서울,0
2022-01,,LH,국민임대,인천,0
2022-01,,LH,국민임대,경기,0
2022-01,,LH,국민임대,부산,0
2022-01,,LH,국민임대,대구,0
2022-01,,LH,국민임대,광주,0
2022-01,,LH,국민임대,대전,0
2022-01,,LH,국민임대,울산,0
2022-01,,LH,국민임대,세종,0
2022-01,,LH,국민임대,강원,0
2022-01,,LH,국민임대,충북,0
2022-01,,LH,국민임대,충남,0
2022-01,,LH,국민임대,전북,0
2022-01,,LH,국민임대,전남,0
2022-01,,LH,국민임대,경북,0
2022-01,,LH,국민임대,경남,0
2022-01,,LH,국민임대,제주,0
2022-01,,LH,공공임대,전국,818
2022-01,,LH,공공임대,서울,0
2022-01,,LH,공공임대,인천,0
2022-01,,LH,공공임대,경기,36
2022-01,,LH,공공임대,부산,0
2022-01,,LH,공공임대,대구,0
2022-01,,LH,공공임대,광주,0
2022-01,,LH,공공임대,대전,0
2022-01,,LH,공공임대,울산,0
2022-01,,LH,공공임대,세종,0
2022-01,,LH,공공임대,강원,0
2022-01,,LH,공공임대,충북,0
2022-01,,LH,공공임대,충남,0
2022-01,,LH,공공임대,전북,17
2022-01,,LH,공공임대,전남,0
2022-01,,LH,공공임대,경북,765
2022-01,,LH,공공임대,경남,0
2022-01,,LH,공공임대,제주,0
2022-01,,LH,공공분양,전국,0
2022-01,,LH,공공분양,서울,0
2022-01,,LH,공공분양,인천,0
2022-01,,LH,공공분양,경기,0
2022-01,,LH,공공분양,부산,0
2022-01,,LH,공공분양,대구,0
2022-01,,LH,공공분양,광주,0
2022-01,,LH,공공분양,대전,0
2022-01,,LH,공공분양,울산,0
2022-01,,LH,공공분양,세종,0
2022-01,,LH,공공분양,강원,0
2022-01,,LH,공공분양,충북,0
2022-01,,LH,공공분양,충남,0
2022-01,,LH,공공분양,전북,0
2022-01,,LH,공공분양,전남,0
2022-01,,LH,공공분양,경북,0
2022-01,,LH,공공분양,경남,0
2022-01,,LH,공공분양,제주,0
2022-01,,주택업체,소계,전국,3343
2022-01,,주택업체,소계,서울,0
2022-01,,주택업체,소계,인천,1268
2022-01,,주택업체,소계,경기,0
2022-01,,주택업체,소계,부산,0
2022-01,,주택업체,소계,대구,0
2022-01,,주택업체,소계,광주,1556
2022-01,,주택업체,소계,대전,0
2022-01,,주택업체,소계,울산,0
2022-01,,주택업체,소계,세종,0
2022-01,,주택업체,소계,강원,0
2022-01,,주택업체,소계,충북,0
2022-01,,주택업체,소계,충남,519
2022-01,,주택업체,소계,전북,0
2022-01,,주택업체,소계,전남,0
2022-01,,주택업체,소계,경북,0
2022-01,,주택업체,소계,경남,0
2022-01,,주택업체,소계,제주,0
2022-01,,주택업체,국민임대,전국,1787
2022-01,,주택업체,국민임대,서울,0
2022-01,,주택업체,국민임대,인천,1268
2022-01,,주택업체,국민임대,경기,0
2022-01,,주택업체,국민임대,부산,0
2022-01,,주택업체,국민임대,대구,0
2022-01,,주택업체,국민임대,광주,0
2022-01,,주택업체,국민임대,대전,0
2022-01,,주택업체,국민임대,울산,0
2022-01,,주택업체,국민임대,세종,0
2022-01,,주택업체,국민임대,강원,0
2022-01,,주택업체,국민임대,충북,0
2022-01,,주택업체,국민임대,충남,519
2022-01,,주택업체,국민임대,전북,0
2022-01,,주택업체,국민임대,전남,0
2022-01,,주택업체,국민임대,경북,0
2022-01,,주택업체,국민임대,경남,0
2022-01,,주택업체,국민임대,제주,0
2022-01,,주택업체,공공임대,전국,1556
2022-01,,주택업체,공공임대,서울,0
2022-01,,주택업체,공공임대,인천,0
2022-01,,주택업체,공공임대,경기,0
2022-01,,주택업체,공공임대,부산,0
2022-01,,주택업체,공공임대,대구,0
2022-01,,주택업체,공공임대,광주,1556
2022-01,,주택업체,공공임대,대전,0
2022-01,,주택업체,공공임대,울산,0
2022-01,,주택업체,공공임대,세종,0
2022-01,,주택업체,공공임대,강원,0
2022-01,,주택업체,공공임대,충북,0
2022-01,,주택업체,공공임대,충남,0
2022-01,,주택업체,공공임대,전북,0
2022-01,,주택업체,공공임대,전남,0
2022-01,,주택업체,공공임대,경북,0
2022-01,,주택업체,공공임대,경남,0
2022-01,,주택업체,공공임대,제주,0
2022-01,,주택업체,공공분양,전국,0
2022-01,,주택업체,공공분양,서울,0
2022-01,,주택업체,공공분양,인천,0
2022-01,,주택업체,공공분양,경기,0
2022-01,,주택업체,공공분양,부산,0
2022-01,,주택업체,공공분양,대구,0
2022-01,,주택업체,공공분양,광주,0
2022-01,,주택업체,공공분양,대전,0
2022-01,,주택업체,공공분양,울산,0
2022-01,,주택업체,공공분양,세종,0
2022-01,,주택업체,공공분양,강원,0
2022-01,,주택업체,공공분양,충북,0
2022-01,,주택업체,공공분양,충남,0
2022-01,,주택업체,공공분양,전북,0
2022-01,,주택업체,공공분양,전남,0
2022-01,,주택업체,공공분양,경북,0
2022-01,,주택업체,공공분양,경남,0
2022-01,,주택업체,공공분양,제주,0
2022-01,,민간부문,소계,전국,22180
2022-01,,민간부문,소계,서울,6226
2022-01,,민간부문,소계,인천,3887
2022-01,,민간부문,소계,경기,4805
2022-01,,민간부문,소계,부산,921
2022-01,,민간부문,소계,대구,405
2022-01,,민간부문,소계,광주,81
2022-01,,민간부문,소계,대전,100
2022-01,,민간부문,소계,울산,153
2022-01,,민간부문,소계,세종,39
2022-01,,민간부문,소계,강원,345
2022-01,,민간부문,소계,충북,317
2022-01,,민간부문,소계,충남,1892
2022-01,,민간부문,소계,전북,484
2022-01,,민간부문,소계,전남,1370
2022-01,,민간부문,소계,경북,324
2022-01,,민간부문,소계,경남,337
2022-01,,민간부문,소계,제주,494
2022-01,,민간,민간임대,전국,338
2022-01,,민간,민간임대,서울,53
2022-01,,민간,민간임대,인천,0
2022-01,,민간,민간임대,경기,0
2022-01,,민간,민간임대,부산,0
2022-01,,민간,민간임대,대구,0
2022-01,,민간,민간임대,광주,0
2022-01,,민간,민간임대,대전,0
2022-01,,민간,민간임대,울산,0
2022-01,,민간,민간임대,세종,0
2022-01,,민간,민간임대,강원,0
2022-01,,민간,민간임대,충북,0
2022-01,,민간,민간임대,충남,0
2022-01,,민간,민간임대,전북,0
2022-01,,민간,민간임대,전남,212
2022-01,,민간,민간임대,경북,0
2022-01,,민간,민간임대,경남,0
2022-01,,민간,민간임대,제주,73
2022-01,,민간,민간분양,전국,21842
2022-01,,민간,민간분양,서울,6173
2022-01,,민간,민간분양,인천,3887
2022-01,,민간,민간분양,경기,4805
2022-01,,민간,민간분양,부산,921
2022-01,,민간,민간분양,대구,405
2022-01,,민간,민간분양,광주,81
2022-01,,민간,민간분양,대전,100
2022-01,,민간,민간분양,울산,153
2022-01,,민간,민간분양,세종,39
2022-01,,민간,민간분양,강원,345
2022-01,,민간,민간분양,충북,317
2022-01,,민간,민간분양,충남,1892
2022-01,,민간,민간분양,전북,484
2022-01,,민간,민간분양,전남,1158
2022-01,,민간,민간분양,경북,324
2022-01,,민간,민간분양,경남,337
2022-01,,민간,민간분양,제주,421
2022-02,,총계,총계,전국,20972
2022-02,,총계,총계,서울,2281
2022-02,,총계,총계,인천,1820
2022-02,,총계,총계,경기,8861
2022-02,,총계,총계,부산,1036
2022-02,,총계,총계,대구,59
2022-02,,총계,총계,광주,1397
2022-02,,총계,총계,대전,1088
2022-02,,총계,총계,울산,359
2022-02,,총계,총계,세종,23
2022-02,,총계,총계,강원,297
2022-02,,총계,총계,충북,192
2022-02,,총계,총계,충남,314
2022-02,,총계,총계,전북,150
2022-02,,총계,총계,전남,1289
2022-02,,총계,총계,경북,478
2022-02,,총계,총계,경남,1085
2022-02,,총계,총계,제주,243
2022-02,,공공부문,소계,전국,2065
2022-02,,공공부문,소계,서울,0
2022-02,,공공부문,소계,인천,0
2022-02,,공공부문,소계,경기,1916
2022-02,,공공부문,소계,부산,0
2022-02,,공공부문,소계,대구,0
2022-02,,공공부문,소계,광주,0
2022-02,,공공부문,소계,대전,0
2022-02,,공공부문,소계,울산,0
2022-02,,공공부문,소계,세종,0
2022-02,,공공부문,소계,강원,0
2022-02,,공공부문,소계,충북,0
2022-02,,공공부문,소계,충남,50
2022-02,,공공부문,소계,전북,0
2022-02,,공공부문,소계,전남,0
2022-02,,공공부문,소계,경북,99
2022-02,,공공부문,소계,경남,0
2022-02,,공공부문,소계,제주,0
2022-02,,합,국민임대,전국,0
2022-02,,합,국민임대,서울,0
2022-02,,합,국민임대,인천,0
2022-02,,합,국민임대,경기,0
2022-02,,합,국민임대,부산,0
2022-02,,합,국민임대,대구,0
2022-02,,합,국민임대,광주,0
2022-02,,합,국민임대,대전,0
2022-02,,합,국민임대,울산,0
2022-02,,합,국민임대,세종,0
2022-02,,합,국민임대,강원,0
2022-02,,합,국민임대,충북,0
2022-02,,합,국민임대,충남,0
2022-02,,합,국민임대,전북,0
2022-02,,합,국민임대,전남,0
2022-02,,합,국민임대,경북,0
2022-02,,합,국민임대,경남,0
2022-02,,합,국민임대,제주,0
2022-02,,합,공공임대,전국,1464
2022-02,,합,공공임대,서울,0
2022-02,,합,공공임대,인천,0
2022-02,,합,공공임대,경기,1315
2022-02,,합,공공임대,부산,0
2022-02,,합,공공임대,대구,0
2022-02,,합,공공임대,광주,0
2022-02,,합,공공임대,대전,0
2022-02,,합,공공임대,울산,0
2022-02,,합,공공임대,세종,0
2022-02,,합,공공임대,강원,0
2022-02,,합,공공임대,충북,0
2022-02,,합,공공임대,충남,50
2022-02,,합,공공임대,전북,0
2022-02,,합,공공임대,전남,0
2022-02,,합,공공임대,경북,99
2022-02,,합,공공임대,경남,0
2022-02,,합,공공임대,제주,0
2022-02,,합,공공분양,전국,601
2022-02,,합,공공분양,서울,0
2022-02,,합,공공분양,인천,0
2022-02,,합,공공분양,경기,601
2022-02,,합,공공분양,부산,0
2022-02,,합,공공분양,대구,0
2022-02,,합,공공분양,광주,0
2022-02,,합,공공분양,대전,0
2022-02,,합,공공분양,울산,0
2022-02,,합,공공분양,세종,0
2022-02,,합,공공분양,강원,0
2022-02,,합,공공분양,충북,0
2022-02,,합,공공분양,충남,0
2022-02,,합,공공분양,전북,0
2022-02,,합,공공분양,전남,0
2022-02,,합,공공분양,경북,0
2022-02,,합,공공분양,경남,0
2022-02,,합,공공분양,제주,0
2022-02,,지자체,소계,전국,0
2022-02,,지자체,소계,서울,0
2022-02,,지자체,소계,인천,0
2022-02,,지자체,소계,경기,0
2022-02,,지자체,소계,부산,0
2022-02,,지자체,소계,대구,0
2022-02,,지자체,소계,광주,0
2022-02,,지자체,소계,대전,0
2022-02,,지자체,소계,울산,0
2022-02,,지자체,소계,세종,0
2022-02,,지자체,소계,강원,0
2022-02,,지자체,소계,충북,0
2022-02,,지자체,소계,충남,0
2022-02,,지자체,소계,전북,0
2022-02,,지자체,소계,전남,0
2022-02,,지자체,소계,경북,0
2022-02,,지자체,소계,경남,0
2022-02,,지자체,소계,제주,0
2022-02,,지자체,국민임대,전국,0
2022-02,,지자체,국민임대,서울,0
2022-02,,지자체,국민임대,인천,0
2022-02,,지자체,국민임대,경기,0
2022-02,,지자체,국민임대,부산,0
2022-02,,지자체,국민임대,대구,0
2022-02,,지자체,국민임대,광주,0
2022-02,,지자체,국민임대,대전,0
2022-02,,지자체,국민임대,울산,0
2022-02,,지자체,국민임대,세종,0
2022-02,,지자체,국민임대,강원,0
2022-02,,지자체,국민임대,충북,0
2022-02,,지자체,국민임대,충남,0
2022-02,,지자체,국민임대,전북,0
2022-02,,지자체,국민임대,전남,0
2022-02,,지자체,국민임대,경북,0
2022-02,,지자체,국민임대,경남,0
2022-02,,지자체,국민임대,제주,0
2022-02,,지자체,공공임대,전국,0
2022-02,,지자체,공공임대,서울,0
2022-02,,지자체,공공임대,인천,0
2022-02,,지자체,공공임대,경기,0
2022-02,,지자체,공공임대,부산,0
2022-02,,지자체,공공임대,대구,0
2022-02,,지자체,공공임대,광주,0
2022-02,,지자체,공공임대,대전,0
2022-02,,지자체,공공임대,울산,0
2022-02,,지자체,공공임대,세종,0
2022-02,,지자체,공공임대,강원,0
2022-02,,지자체,공공임대,충북,0
2022-02,,지자체,공공임대,충남,0
2022-02,,지자체,공공임대,전북,0
2022-02,,지자체,공공임대,전남,0
2022-02,,지자체,공공임대,경북,0
2022-02,,지자체,공공임대,경남,0
2022-02,,지자체,공공임대,제주,0
2022-02,,지자체,공공분양,전국,0
2022-02,,지자체,공공분양,서울,0
2022-02,,지자체,공공분양,인천,0
2022-02,,지자체,공공분양,경기,0
2022-02,,지자체,공공분양,부산,0
2022-02,,지자체,공공분양,대구,0
2022-02,,지자체,공공분양,광주,0
2022-02,,지자체,공공분양,대전,0
2022-02,,지자체,공공분양,울산,0
2022-02,,지자체,공공분양,세종,0
2022-02,,지자체,공공분양,강원,0
2022-02,,지자체,공공분양,충북,0
2022-02,,지자체,공공분양,충남,0
2022-02,,지자체,공공분양,전북,0
2022-02,,지자체,공공분양,전남,0
2022-02,,지자체,공공분양,경북,0
2022-02,,지자체,공공분양,경남,0
2022-02,,지자체,공공분양,제주,0
2022-02,,LH,소계,전국,2015
2022-02,,LH,소계,서울,0
2022-02,,LH,소계,인천,0
2022-02,,LH,소계,경기,1916
2022-02,,LH,소계,부산,0
2022-02,,LH,소계,대구,0
2022-02,,LH,소계,광주,0
2022-02,,LH,소계,대전,0
2022-02,,LH,소계,울산,0
2022-02,,LH,소계,세종,0
2022-02,,LH,소계,강원,0
2022-02,,LH,소계,충북,0
2022-02,,LH,소계,충남,0
2022-02,,LH,소계,전북,0
2022-02,,LH,소계,전남,0
2022-02,,LH,소계,경북,99
2022-02,,LH,소계,경남,0
2022-02,,LH,소계,제주,0
2022-02,,LH,국민임대,전국,0
2022-02,,LH,국민임대,서울,0
2022-02,,LH,국민임대,인천,0
2022-02,,LH,국민임대,경기,0
2022-02,,LH,국민임대,부산,0
2022-02,,LH,국민임대,대구,0
2022-02,,LH,국민임대,광주,0
2022-02,,LH,국민임대,대전,0
2022-02,,LH,국민임대,울산,0
2022-02,,LH,국민임대,세종,0
2022-02,,LH,국민임대,강원,0
2022-02,,LH,국민임대,충북,0
2022-02,,LH,국민임대,충남,0
2022-02,,LH,국민임대,전북,0
2022-02,,LH,국민임대,전남,0
2022-02,,LH,국민임대,경북,0
2022-02,,LH,국민임대,경남,0
2022-02,,LH,국민임대,제주,0
2022-02,,LH,공공임대,전국,1414
2022-02,,LH,공공임대,서울,0
2022-02,,LH,공공임대,인천,0
2022-02,,LH,공공임대,경기,1315
2022-02,,LH,공공임대,부산,0
2022-02,,LH,공공임대,대구,0
2022-02,,LH,공공임대,광주,0
2022-02,,LH,공공임대,대전,0
2022-02,,LH,공공임대,울산,0
2022-02,,LH,공공임대,세종,0
2022-02,,LH,공공임대,강원,0
2022-02,,LH,공공임대,충북,0
2022-02,,LH,공공임대,충남,0
2022-02,,LH,공공임대,전북,0
2022-02,,LH,공공임대,전남,0
2022-02,,LH,공공임대,경북,99
2022-02,,LH,공공임대,경남,0
2022-02,,LH,공공임대,제주,0
2022-02,,LH,공공분양,전국,601
2022-02,,LH,공공분양,서울,0
2022-02,,LH,공공분양,인천,0
2022-02,,LH,공공분양,경기,601
2022-02,,LH,공공분양,부산,0
2022-02,,LH,공공분양,대구,0
2022-02,,LH,공공분양,광주,0
2022-02,,LH,공공분양,대전,0
2022-02,,LH,공공분양,울산,0
2022-02,,LH,공공분양,세종,0
2022-02,,LH,공공분양,강원,0
2022-02,,LH,공공분양,충북,0
2022-02,,LH,공공분양,충남,0
2022-02,,LH,공공분양,전북,0
2022-02,,LH,공공분양,전남,0
2022-02,,LH,공공분양,경북,0
2022-02,,LH,공공분양,경남,0
2022-02,,LH,공공분양,제주,0
2022-02,,주택업체,소계,전국,50
2022-02,,주택업체,소계,서울,0
2022-02,,주택업체,소계,인천,0
2022-02,,주택업체,소계,경기,0
2022-02,,주택업체,소계,부산,0
2022-02,,주택업체,소계,대구,0
2022-02,,주택업체,소계,광주,0
2022-02,,주택업체,소계,대전,0
2022-02,,주택업체,소계,울산,0
2022-02,,주택업체,소계,세종,0
2022-02,,주택업체,소계,강원,0
2022-02,,주택업체,소계,충북,0
2022-02,,주택업체,소계,충남,50
2022-02,,주택업체,소계,전북,0
2022-02,,주택업체,소계,전남,0
2022-02,,주택업체,소계,경북,0
2022-02,,주택업체,소계,경남,0
2022-02,,주택업체,소계,제주,0
2022-02,,주택업체,국민임대,전국,0
2022-02,,주택업체,국민임대,서울,0
2022-02,,주택업체,국민임대,인천,0
2022-02,,주택업체,국민임대,경기,0
2022-02,,주택업체,국민임대,부산,0
2022-02,,주택업체,국민임대,대구,0
2022-02,,주택업체,국민임대,광주,0
2022-02,,주택업체,국민임대,대전,0
2022-02,,주택업체,국민임대,울산,0
2022-02,,주택업체,국민임대,세종,0
2022-02,,주택업체,국민임대,강원,0
2022-02,,주택업체,국민임대,충북,0
2022-02,,주택업체,국민임대,충남,0
2022-02,,주택업체,국민임대,전북,0
2022-02,,주택업체,국민임대,전남,0
2022-02,,주택업체,국민임대,경북,0
2022-02,,주택업체,국민임대,경남,0
2022-02,,주택업체,국민임대,제주,0
2022-02,,주택업체,공공임대,전국,50
2022-02,,주택업체,공공임대,서울,0
2022-02,,주택업체,공공임대,인천,0
2022-02,,주택업체,공공임대,경기,0
2022-02,,주택업체,공공임대,부산,0
2022-02,,주택업체,공공임대,대구,0
2022-02,,주택업체,공공임대,광주,0
2022-02,,주택업체,공공임대,대전,0
2022-02,,주택업체,공공임대,울산,0
2022-02,,주택업체,공공임대,세종,0
2022-02,,주택업체,공공임대,강원,0
2022-02,,주택업체,공공임대,충북,0
2022-02,,주택업체,공공임대,충남,50
2022-02,,주택업체,공공임대,전북,0
2022-02,,주택업체,공공임대,전남,0
2022-02,,주택업체,공공임대,경북,0
2022-02,,주택업체,공공임대,경남,0
2022-02,,주택업체,공공임대,제주,0
2022-02,,주택업체,공공분양,전국,0
2022-02,,주택업체,공공분양,서울,0
2022-02,,주택업체,공공분양,인천,0
2022-02,,주택업체,공공분양,경기,0
2022-02,,주택업체,공공분양,부산,0
2022-02,,주택업체,공공분양,대구,0
2022-02,,주택업체,공공분양,광주,0
2022-02,,주택업체,공공분양,대전,0
2022-02,,주택업체,공공분양,울산,0
2022-02,,주택업체,공공분양,세종,0
2022-02,,주택업체,공공분양,강원,0
2022-02,,주택업체,공공분양,충북,0
2022-02,,주택업체,공공분양,충남,0
2022-02,,주택업체,공공분양,전북,0
2022-02,,주택업체,공공분양,전남,0
2022-02,,주택업체,공공분양,경북,0
2022-02,,주택업체,공공분양,경남,0
2022-02,,주택업체,공공분양,제주,0
2022-02,,민간부문,소계,전국,18907
2022-02,,민간부문,소계,서울,2281
2022-02,,민간부문,소계,인천,1820
2022-02,,민간부문,소계,경기,6945
2022-02,,민간부문,소계,부산,1036
2022-02,,민간부문,소계,대구,59
2022-02,,민간부문,소계,광주,1397
2022-02,,민간부문,소계,대전,1088
2022-02,,민간부문,소계,울산,359
2022-02,,민간부문,소계,세종,23
2022-02,,민간부문,소계,강원,297
2022-02,,민간부문,소계,충북,192
2022-02,,민간부문,소계,충남,264
2022-02,,민간부문,소계,전북,150
2022-02,,민간부문,소계,전남,1289
2022-02,,민간부문,소계,경북,379
2022-02,,민간부문,소계,경남,1085
2022-02,,민간부문,소계,제주,243
2022-02,,민간,민간임대,전국,614
2022-02,,민간,민간임대,서울,75
2022-02,,민간,민간임대,인천,0
2022-02,,민간,민간임대,경기,539
2022-02,,민간,민간임대,부산,0
2022-02,,민간,민간임대,대구,0
2022-02,,민간,민간임대,광주,0
2022-02,,민간,민간임대,대전,0
2022-02,,민간,민간임대,울산,0
2022-02,,민간,민간임대,세종,0
2022-02,,민간,민간임대,강원,0
2022-02,,민간,민간임대,충북,0
2022-02,,민간,민간임대,충남,0
2022-02,,민간,민간임대,전북,0
2022-02,,민간,민간임대,전남,0
2022-02,,민간,민간임대,경북,0
2022-02,,민간,민간임대,경남,0
2022-02,,민간,민간임대,제주,0
2022-02,,민간,민간분양,전국,18293
2022-02,,민간,민간분양,서울,2206
2022-02,,민간,민간분양,인천,1820
2022-02,,민간,민간분양,경기,6406
2022-02,,민간,민간분양,부산,1036
2022-02,,민간,민간분양,대구,59
2022-02,,민간,민간분양,광주,1397
2022-02,,민간,민간분양,대전,1088
2022-02,,민간,민간분양,울산,359
2022-02,,민간,민간분양,세종,23
2022-02,,민간,민간분양,강원,297
2022-02,,민간,민간분양,충북,192
2022-02,,민간,민간분양,충남,264
2022-02,,민간,민간분양,전북,150
2022-02,,민간,민간분양,전남,1289
2022-02,,민간,민간분양,경북,379
2022-02,,민간,민간분양,경남,1085
2022-02,,민간,민간분양,제주,243
2022-03,,총계,총계,전국,27841
2022-03,,총계,총계,서울,5978
2022-03,,총계,총계,인천,224
2022-03,,총계,총계,경기,6871
2022-03,,총계,총계,부산,351
2022-03,,총계,총계,대구,3824
2022-03,,총계,총계,광주,463
2022-03,,총계,총계,대전,1345
2022-03,,총계,총계,울산,286
2022-03,,총계,총계,세종,541
2022-03,,총계,총계,강원,1408
2022-03,,총계,총계,충북,1186
2022-03,,총계,총계,충남,1470
2022-03,,총계,총계,전북,154
2022-03,,총계,총계,전남,1213
2022-03,,총계,총계,경북,726
2022-03,,총계,총계,경남,1367
2022-03,,총계,총계,제주,434
2022-03,,공공부문,소계,전국,4053
2022-03,,공공부문,소계,서울,1519
2022-03,,공공부문,소계,인천,0
2022-03,,공공부문,소계,경기,1354
2022-03,,공공부문,소계,부산,0
2022-03,,공공부문,소계,대구,0
2022-03,,공공부문,소계,광주,0
2022-03,,공공부문,소계,대전,360
2022-03,,공공부문,소계,울산,0
2022-03,,공공부문,소계,세종,399
2022-03,,공공부문,소계,강원,0
2022-03,,공공부문,소계,충북,1
2022-03,,공공부문,소계,충남,0
2022-03,,공공부문,소계,전북,0
2022-03,,공공부문,소계,전남,0
2022-03,,공공부문,소계,경북,420
2022-03,,공공부문,소계,경남,0
2022-03,,공공부문,소계,제주,0
2022-03,,합,국민임대,전국,192
2022-03,,합,국민임대,서울,192
2022-03,,합,국민임대,인천,0
2022-03,,합,국민임대,경기,0
2022-03,,합,국민임대,부산,0
2022-03,,합,국민임대,대구,0
2022-03,,합,국민임대,광주,0
2022-03,,합,국민임대,대전,0
2022-03,,합,국민임대,울산,0
2022-03,,합,국민임대,세종,0
2022-03,,합,국민임대,강원,0
2022-03,,합,국민임대,충북,0
2022-03,,합,국민임대,충남,0
2022-03,,합,국민임대,전북,0
2022-03,,합,국민임대,전남,0
2022-03,,합,국민임대,경북,0
2022-03,,합,국민임대,경남,0
2022-03,,합,국민임대,제주,0
2022-03,,합,공공임대,전국,3328
2022-03,,합,공공임대,서울,1193
2022-03,,합,공공임대,인천,0
2022-03,,합,공공임대,경기,1354
2022-03,,합,공공임대,부산,0
2022-03,,합,공공임대,대구,0
2022-03,,합,공공임대,광주,0
2022-03,,합,공공임대,대전,360
2022-03,,합,공공임대,울산,0
2022-03,,합,공공임대,세종,0
2022-03,,합,공공임대,강원,0
2022-03,,합,공공임대,충북,1
2022-03,,합,공공임대,충남,0
2022-03,,합,공공임대,전북,0
2022-03,,합,공공임대,전남,0
2022-03,,합,공공임대,경북,420
2022-03,,합,공공임대,경남,0
2022-03,,합,공공임대,제주,0
2022-03,,합,공공분양,전국,533
2022-03,,합,공공분양,서울,134
2022-03,,합,공공분양,인천,0
2022-03,,합,공공분양,경기,0
2022-03,,합,공공분양,부산,0
2022-03,,합,공공분양,대구,0
2022-03,,합,공공분양,광주,0
2022-03,,합,공공분양,대전,0
2022-03,,합,공공분양,울산,0
2022-03,,합,공공분양,세종,399
2022-03,,합,공공분양,강원,0
2022-03,,합,공공분양,충북,0
2022-03,,합,공공분양,충남,0
2022-03,,합,공공분양,전북,0
2022-03,,합,공공분양,전남,0
2022-03,,합,공공분양,경북,0
2022-03,,합,공공분양,경남,0
2022-03,,합,공공분양,제주,0
2022-03,,지자체,소계,전국,0
2022-03,,지자체,소계,서울,0
2022-03,,지자체,소계,인천,0
2022-03,,지자체,소계,경기,0
2022-03,,지자체,소계,부산,0
2022-03,,지자체,소계,대구,0
2022-03,,지자체,소계,광주,0
2022-03,,지자체,소계,대전,0
2022-03,,지자체,소계,울산,0
2022-03,,지자체,소계,세종,0
2022-03,,지자체,소계,강원,0
2022-03,,지자체,소계,충북,0
2022-03,,지자체,소계,충남,0
2022-03,,지자체,소계,전북,0
2022-03,,지자체,소계,전남,0
2022-03,,지자체,소계,경북,0
2022-03,,지자체,소계,경남,0
2022-03,,지자체,소계,제주,0
2022-03,,지자체,국민임대,전국,0
2022-03,,지자체,국민임대,서울,0
2022-03,,지자체,국민임대,인천,0
2022-03,,지자체,국민임대,경기,0
2022-03,,지자체,국민임대,부산,0
2022-03,,지자체,국민임대,대구,0
2022-03,,지자체,국민임대,광주,0
2022-03,,지자체,국민임대,대전,0
2022-03,,지자체,국민임대,울산,0
2022-03,,지자체,국민임대,세종,0
2022-03,,지자체,국민임대,강원,0
2022-03,,지자체,국민임대,충북,0
2022-03,,지자체,국민임대,충남,0
2022-03,,지자체,국민임대,전북,0
2022-03,,지자체,국민임대,전남,0
2022-03,,지자체,국민임대,경북,0
2022-03,,지자체,국민임대,경남,0
2022-03,,지자체,국민임대,제주,0
2022-03,,지자체,공공임대,전국,0
2022-03,,지자체,공공임대,서울,0
2022-03,,지자체,공공임대,인천,0
2022-03,,지자체,공공임대,경기,0
2022-03,,지자체,공공임대,부산,0
2022-03,,지자체,공공임대,대구,0
2022-03,,지자체,공공임대,광주,0
2022-03,,지자체,공공임대,대전,0
2022-03,,지자체,공공임대,울산,0
2022-03,,지자체,공공임대,세종,0
2022-03,,지자체,공공임대,강원,0
2022-03,,지자체,공공임대,충북,0
2022-03,,지자체,공공임대,충남,0
2022-03,,지자체,공공임대,전북,0
2022-03,,지자체,공공임대,전남,0
2022-03,,지자체,공공임대,경북,0
2022-03,,지자체,공공임대,경남,0
2022-03,,지자체,공공임대,제주,0
2022-03,,지자체,공공분양,전국,0
2022-03,,지자체,공공분양,서울,0
2022-03,,지자체,공공분양,인천,0
2022-03,,지자체,공공분양,경기,0
2022-03,,지자체,공공분양,부산,0
2022-03,,지자체,공공분양,대구,0
2022-03,,지자체,공공분양,광주,0
2022-03,,지자체,공공분양,대전,0
2022-03,,지자체,공공분양,울산,0
2022-03,,지자체,공공분양,세종,0
2022-03,,지자체,공공분양,강원,0
2022-03,,지자체,공공분양,충북,0
2022-03,,지자체,공공분양,충남,0
2022-03,,지자체,공공분양,전북,0
2022-03,,지자체,공공분양,전남,0
2022-03,,지자체,공공분양,경북,0
2022-03,,지자체,공공분양,경남,0
2022-03,,지자체,공공분양,제주,0
2022-03,,LH,소계,전국,4053
2022-03,,LH,소계,서울,1519
2022-03,,LH,소계,인천,0
2022-03,,LH,소계,경기,1354
2022-03,,LH,소계,부산,0
2022-03,,LH,소계,대구,0
2022-03,,LH,소계,광주,0
2022-03,,LH,소계,대전,360
2022-03,,LH,소계,울산,0
2022-03,,LH,소계,세종,399
2022-03,,LH,소계,강원,0
2022-03,,LH,소계,충북,1
2022-03,,LH,소계,충남,0
2022-03,,LH,소계,전북,0
2022-03,,LH,소계,전남,0
2022-03,,LH,소계,경북,420
2022-03,,LH,소계,경남,0
2022-03,,LH,소계,제주,0
2022-03,,LH,국민임대,전국,192
2022-03,,LH,국민임대,서울,192
2022-03,,LH,국민임대,인천,0
2022-03,,LH,국민임대,경기,0
2022-03,,LH,국민임대,부산,0
2022-03,,LH,국민임대,대구,0
2022-03,,LH,국민임대,광주,0
2022-03,,LH,국민임대,대전,0
2022-03,,LH,국민임대,울산,0
2022-03,,LH,국민임대,세종,0
2022-03,,LH,국민임대,강원,0
2022-03,,LH,국민임대,충북,0
2022-03,,LH,국민임대,충남,0
2022-03,,LH,국민임대,전북,0
2022-03,,LH,국민임대,전남,0
2022-03,,LH,국민임대,경북,0
2022-03,,LH,국민임대,경남,0
2022-03,,LH,국민임대,제주,0
2022-03,,LH,공공임대,전국,3328
2022-03,,LH,공공임대,서울,1193
2022-03,,LH,공공임대,인천,0
2022-03,,LH,공공임대,경기,1354
2022-03,,LH,공공임대,부산,0
2022-03,,LH,공공임대,대구,0
2022-03,,LH,공공임대,광주,0
2022-03,,LH,공공임대,대전,360
2022-03,,LH,공공임대,울산,0
2022-03,,LH,공공임대,세종,0
2022-03,,LH,공공임대,강원,0
2022-03,,LH,공공임대,충북,1
2022-03,,LH,공공임대,충남,0
2022-03,,LH,공공임대,전북,0
2022-03,,LH,공공임대,전남,0
2022-03,,LH,공공임대,경북,420
2022-03,,LH,공공임대,경남,0
2022-03,,LH,공공임대,제주,0
2022-03,,LH,공공분양,전국,533
2022-03,,LH,공공분양,서울,134
2022-03,,LH,공공분양,인천,0
2022-03,,LH,공공분양,경기,0
2022-03,,LH,공공분양,부산,0
2022-03,,LH,공공분양,대구,0
2022-03,,LH,공공분양,광주,0
2022-03,,LH,공공분양,대전,0
2022-03,,LH,공공분양,울산,0
2022-03,,LH,공공분양,세종,399
2022-03,,LH,공공분양,강원,0
2022-03,,LH,공공분양,충북,0
2022-03,,LH,공공분양,충남,0
2022-03,,LH,공공분양,전북,0
2022-03,,LH,공공분양,전남,0
2022-03,,LH,공공분양,경북,0
2022-03,,LH,공공분양,경남,0
2022-03,,LH,공공분양,제주,0
2022-03,,주택업체,소계,전국,0
2022-03,,주택업체,소계,서울,0
2022-03,,주택업체,소계,인천,0
2022-03,,주택업체,소계,경기,0
2022-03,,주택업체,소계,부산,0
2022-03,,주택업체,소계,대구,0
2022-03,,주택업체,소계,광주,0
2022-03,,주택업체,소계,대전,0
2022-03,,주택업체,소계,울산,0
2022-03,,주택업체,소계,세종,0
2022-03,,주택업체,소계,강원,0
2022-03,,주택업체,소계,충북,0
2022-03,,주택업체,소계,충남,0
2022-03,,주택업체,소계,전북,0
2022-03,,주택업체,소계,전남,0
2022-03,,주택업체,소계,경북,0
2022-03,,주택업체,소계,경남,0
2022-03,,주택업체,소계,제주,0
2022-03,,주택업체,국민임대,전국,0
2022-03,,주택업체,국민임대,서울,0
2022-03,,주택업체,국민임대,인천,0
2022-03,,주택업체,국민임대,경기,0
2022-03,,주택업체,국민임대,부산,0
2022-03,,주택업체,국민임대,대구,0
2022-03,,주택업체,국민임대,광주,0
2022-03,,주택업체,국민임대,대전,0
2022-03,,주택업체,국민임대,울산,0
2022-03,,주택업체,국민임대,세종,0
2022-03,,주택업체,국민임대,강원,0
2022-03,,주택업체,국민임대,충북,0
2022-03,,주택업체,국민임대,충남,0
2022-03,,주택업체,국민임대,전북,0
2022-03,,주택업체,국민임대,전남,0
2022-03,,주택업체,국민임대,경북,0
2022-03,,주택업체,국민임대,경남,0
2022-03,,주택업체,국민임대,제주,0
2022-03,,주택업체,공공임대,전국,0
2022-03,,주택업체,공공임대,서울,0
2022-03,,주택업체,공공임대,인천,0
2022-03,,주택업체,공공임대,경기,0
2022-03,,주택업체,공공임대,부산,0
2022-03,,주택업체,공공임대,대구,0
2022-03,,주택업체,공공임대,광주,0
2022-03,,주택업체,공공임대,대전,0
2022-03,,주택업체,공공임대,울산,0
2022-03,,주택업체,공공임대,세종,0
2022-03,,주택업체,공공임대,강원,0
2022-03,,주택업체,공공임대,충북,0
2022-03,,주택업체,공공임대,충남,0
2022-03,,주택업체,공공임대,전북,0
2022-03,,주택업체,공공임대,전남,0
2022-03,,주택업체,공공임대,경북,0
2022-03,,주택업체,공공임대,경남,0
2022-03,,주택업체,공공임대,제주,0
2022-03,,주택업체,공공분양,전국,0
2022-03,,주택업체,공공분양,서울,0
2022-03,,주택업체,공공분양,인천,0
2022-03,,주택업체,공공분양,경기,0
2022-03,,주택업체,공공분양,부산,0
2022-03,,주택업체,공공분양,대구,0
2022-03,,주택업체,공공분양,광주,0
2022-03,,주택업체,공공분양,대전,0
2022-03,,주택업체,공공분양,울산,0
2022-03,,주택업체,공공분양,세종,0
2022-03,,주택업체,공공분양,강원,0
2022-03,,주택업체,공공분양,충북,0
2022-03,,주택업체,공공분양,충남,0
2022-03,,주택업체,공공분양,전북,0
2022-03,,주택업체,공공분양,전남,0
2022-03,,주택업체,공공분양,경북,0
2022-03,,주택업체,공공분양,경남,0
2022-03,,주택업체,공공분양,제주,0
2022-03,,민간부문,소계,전국,23788
2022-03,,민간부문,소계,서울,4459
2022-03,,민간부문,소계,인천,224
2022-03,,민간부문,소계,경기,5517
2022-03,,민간부문,소계,부산,351
2022-03,,민간부문,소계,대구,3824
2022-03,,민간부문,소계,광주,463
2022-03,,민간부문,소계,대전,985
2022-03,,민간부문,소계,울산,286
2022-03,,민간부문,소계,세종,142
2022-03,,민간부문,소계,강원,1408
2022-03,,민간부문,소계,충북,1185
2022-03,,민간부문,소계,충남,1470
2022-03,,민간부문,소계,전북,154
2022-03,,민간부문,소계,전남,1213
2022-03,,민간부문,소계,경북,306
2022-03,,민간부문,소계,경남,1367
2022-03,,민간부문,소계,제주,434
2022-03,,민간,민간임대,전국,683
2022-03,,민간,민간임대,서울,0
2022-03,,민간,민간임대,인천,0
2022-03,,민간,민간임대,경기,0
2022-03,,민간,민간임대,부산,0
2022-03,,민간,민간임대,대구,0
2022-03,,민간,민간임대,광주,0
2022-03,,민간,민간임대,대전,0
2022-03,,민간,민간임대,울산,0
2022-03,,민간,민간임대,세종,0
2022-03,,민간,민간임대,강원,0
2022-03,,민간,민간임대,충북,0
2022-03,,민간,민간임대,충남,0
2022-03,,민간,민간임대,전북,0
2022-03,,민간,민간임대,전남,683
2022-03,,민간,민간임대,경북,0
2022-03,,민간,민간임대,경남,0
2022-03,,민간,민간임대,제주,0
2022-03,,민간,민간분양,전국,23105
2022-03,,민간,민간분양,서울,4459
2022-03,,민간,민간분양,인천,224
2022-03,,민간,민간분양,경기,5517
2022-03,,민간,민간분양,부산,351
2022-03,,민간,민간분양,대구,3824
2022-03,,민간,민간분양,광주,463
2022-03,,민간,민간분양,대전,985
2022-03,,민간,민간분양,울산,286
2022-03,,민간,민간분양,세종,142
2022-03,,민간,민간분양,강원,1408
2022-03,,민간,민간분양,충북,1185
2022-03,,민간,민간분양,충남,1470
2022-03,,민간,민간분양,전북,154
2022-03,,민간,민간분양,전남,530
2022-03,,민간,민간분양,경북,306
2022-03,,민간,민간분양,경남,1367
2022-03,,민간,민간분양,제주,434
2022-04,,총계,총계,전국,34803
2022-04,,총계,총계,서울,5507
2022-04,,총계,총계,인천,3066
2022-04,,총계,총계,경기,11662
2022-04,,총계,총계,부산,2156
2022-04,,총계,총계,대구,1695
2022-04,,총계,총계,광주,2160
2022-04,,총계,총계,대전,35
2022-04,,총계,총계,울산,1157
2022-04,,총계,총계,세종,615
2022-04,,총계,총계,강원,798
2022-04,,총계,총계,충북,200
2022-04,,총계,총계,충남,1818
2022-04,,총계,총계,전북,533
2022-04,,총계,총계,전남,1896
2022-04,,총계,총계,경북,770
2022-04,,총계,총계,경남,323
2022-04,,총계,총계,제주,412
2022-04,,공공부문,소계,전국,5258
2022-04,,공공부문,소계,서울,113
2022-04,,공공부문,소계,인천,0
2022-04,,공공부문,소계,경기,3593
2022-04,,공공부문,소계,부산,130
2022-04,,공공부문,소계,대구,0
2022-04,,공공부문,소계,광주,0
2022-04,,공공부문,소계,대전,0
2022-04,,공공부문,소계,울산,0
2022-04,,공공부문,소계,세종,0
2022-04,,공공부문,소계,강원,0
2022-04,,공공부문,소계,충북,0
2022-04,,공공부문,소계,충남,820
2022-04,,공공부문,소계,전북,102
2022-04,,공공부문,소계,전남,0
2022-04,,공공부문,소계,경북,500
2022-04,,공공부문,소계,경남,0
2022-04,,공공부문,소계,제주,0
2022-04,,합,국민임대,전국,374
2022-04,,합,국민임대,서울,0
2022-04,,합,국민임대,인천,0
2022-04,,합,국민임대,경기,0
2022-04,,합,국민임대,부산,0
2022-04,,합,국민임대,대구,0
2022-04,,합,국민임대,광주,0
2022-04,,합,국민임대,대전,0
2022-04,,합,국민임대,울산,0
2022-04,,합,국민임대,세종,0
2022-04,,합,국민임대,강원,0
2022-04,,합,국민임대,충북,0
2022-04,,합,국민임대,충남,374
2022-04,,합,국민임대,전북,0
2022-04,,합,국민임대,전남,0
2022-04,,합,국민임대,경북,0
2022-04,,합,국민임대,경남,0
2022-04,,합,국민임대,제주,0
2022-04,,합,공공임대,전국,4884
2022-04,,합,공공임대,서울,113
2022-04,,합,공공임대,인천,0
2022-04,,합,공공임대,경기,3593
2022-04,,합,공공임대,부산,130
2022-04,,합,공공임대,대구,0
2022-04,,합,공공임대,광주,0
2022-04,,합,공공임대,대전,0
2022-04,,합,공공임대,울산,0
2022-04,,합,공공임대,세종,0
2022-04,,합,공공임대,강원,0
2022-04,,합,공공임대,충북,0
2022-04,,합,공공임대,충남,446
2022-04,,합,공공임대,전북,102
2022-04,,합,공공임대,전남,0
2022-04,,합,공공임대,경북,500
2022-04,,합,공공임대,경남,0
2022-04,,합,공공임대,제주,0
2022-04,,합,공공분양,전국,0
2022-04,,합,공공분양,서울,0
2022-04,,합,공공분양,인천,0
2022-04,,합,공공분양,경기,0
2022-04,,합,공공분양,부산,0
2022-04,,합,공공분양,대구,0
2022-04,,합,공공분양,광주,0
2022-04,,합,공공분양,대전,0
2022-04,,합,공공분양,울산,0
2022-04,,합,공공분양,세종,0
2022-04,,합,공공분양,강원,0
2022-04,,합,공공분양,충북,0
2022-04,,합,공공분양,충남,0
2022-04,,합,공공분양,전북,0
2022-04,,합,공공분양,전남,0
2022-04,,합,공공분양,경북,0
2022-04,,합,공공분양,경남,0
2022-04,,합,공공분양,제주,0
2022-04,,지자체,소계,전국,0
2022-04,,지자체,소계,서울,0
2022-04,,지자체,소계,인천,0
2022-04,,지자체,소계,경기,0
2022-04,,지자체,소계,부산,0
2022-04,,지자체,소계,대구,0
2022-04,,지자체,소계,광주,0
2022-04,,지자체,소계,대전,0
2022-04,,지자체,소계,울산,0
2022-04,,지자체,소계,세종,0
2022-04,,지자체,소계,강원,0
2022-04,,지자체,소계,충북,0
2022-04,,지자체,소계,충남,0
2022-04,,지자체,소계,전북,0
2022-04,,지자체,소계,전남,0
2022-04,,지자체,소계,경북,0
2022-04,,지자체,소계,경남,0
2022-04,,지자체,소계,제주,0
2022-04,,지자체,국민임대,전국,0
2022-04,,지자체,국민임대,서울,0
2022-04,,지자체,국민임대,인천,0
2022-04,,지자체,국민임대,경기,0
2022-04,,지자체,국민임대,부산,0
2022-04,,지자체,국민임대,대구,0
2022-04,,지자체,국민임대,광주,0
2022-04,,지자체,국민임대,대전,0
2022-04,,지자체,국민임대,울산,0
2022-04,,지자체,국민임대,세종,0
2022-04,,지자체,국민임대,강원,0
2022-04,,지자체,국민임대,충북,0
2022-04,,지자체,국민임대,충남,0
2022-04,,지자체,국민임대,전북,0
2022-04,,지자체,국민임대,전남,0
2022-04,,지자체,국민임대,경북,0
2022-04,,지자체,국민임대,경남,0
2022-04,,지자체,국민임대,제주,0
2022-04,,지자체,공공임대,전국,0
2022-04,,지자체,공공임대,서울,0
2022-04,,지자체,공공임대,인천,0
2022-04,,지자체,공공임대,경기,0
2022-04,,지자체,공공임대,부산,0
2022-04,,지자체,공공임대,대구,0
2022-04,,지자체,공공임대,광주,0
2022-04,,지자체,공공임대,대전,0
2022-04,,지자체,공공임대,울산,0
2022-04,,지자체,공공임대,세종,0
2022-04,,지자체,공공임대,강원,0
2022-04,,지자체,공공임대,충북,0
2022-04,,지자체,공공임대,충남,0
2022-04,,지자체,공공임대,전북,0
2022-04,,지자체,공공임대,전남,0
2022-04,,지자체,공공임대,경북,0
2022-04,,지자체,공공임대,경남,0
2022-04,,지자체,공공임대,제주,0
2022-04,,지자체,공공분양,전국,0
2022-04,,지자체,공공분양,서울,0
2022-04,,지자체,공공분양,인천,0
2022-04,,지자체,공공분양,경기,0
2022-04,,지자체,공공분양,부산,0
2022-04,,지자체,공공분양,대구,0
2022-04,,지자체,공공분양,광주,0
2022-04,,지자체,공공분양,대전,0
2022-04,,지자체,공공분양,울산,0
2022-04,,지자체,공공분양,세종,0
2022-04,,지자체,공공분양,강원,0
2022-04,,지자체,공공분양,충북,0
2022-04,,지자체,공공분양,충남,0
2022-04,,지자체,공공분양,전북,0
2022-04,,지자체,공공분양,전남,0
2022-04,,지자체,공공분양,경북,0
2022-04,,지자체,공공분양,경남,0
2022-04,,지자체,공공분양,제주,0
2022-04,,LH,소계,전국,1454
2022-04,,LH,소계,서울,0
2022-04,,LH,소계,인천,0
2022-04,,LH,소계,경기,0
2022-04,,LH,소계,부산,130
2022-04,,LH,소계,대구,0
2022-04,,LH,소계,광주,0
2022-04,,LH,소계,대전,0
2022-04,,LH,소계,울산,0
2022-04,,LH,소계,세종,0
2022-04,,LH,소계,강원,0
2022-04,,LH,소계,충북,0
2022-04,,LH,소계,충남,820
2022-04,,LH,소계,전북,4
2022-04,,LH,소계,전남,0
2022-04,,LH,소계,경북,500
2022-04,,LH,소계,경남,0
2022-04,,LH,소계,제주,0
2022-04,,LH,국민임대,전국,374
2022-04,,LH,국민임대,서울,0
2022-04,,LH,국민임대,인천,0
2022-04,,LH,국민임대,경기,0
2022-04,,LH,국민임대,부산,0
2022-04,,LH,국민임대,대구,0
2022-04,,LH,국민임대,광주,0
2022-04,,LH,국민임대,대전,0
2022-04,,LH,국민임대,울산,0
2022-04,,LH,국민임대,세종,0
2022-04,,LH,국민임대,강원,0
2022-04,,LH,국민임대,충북,0
2022-04,,LH,국민임대,충남,374
2022-04,,LH,국민임대,전북,0
2022-04,,LH,국민임대,전남,0
2022-04,,LH,국민임대,경북,0
2022-04,,LH,국민임대,경남,0
2022-04,,LH,국민임대,제주,0
2022-04,,LH,공공임대,전국,1080
2022-04,,LH,공공임대,서울,0
2022-04,,LH,공공임대,인천,0
2022-04,,LH,공공임대,경기,0
2022-04,,LH,공공임대,부산,130
2022-04,,LH,공공임대,대구,0
2022-04,,LH,공공임대,광주,0
2022-04,,LH,공공임대,대전,0
2022-04,,LH,공공임대,울산,0
2022-04,,LH,공공임대,세종,0
2022-04,,LH,공공임대,강원,0
2022-04,,LH,공공임대,충북,0
2022-04,,LH,공공임대,충남,446
2022-04,,LH,공공임대,전북,4
2022-04,,LH,공공임대,전남,0
2022-04,,LH,공공임대,경북,500
2022-04,,LH,공공임대,경남,0
2022-04,,LH,공공임대,제주,0
2022-04,,LH,공공분양,전국,0
2022-04,,LH,공공분양,서울,0
2022-04,,LH,공공분양,인천,0
2022-04,,LH,공공분양,경기,0
2022-04,,LH,공공분양,부산,0
2022-04,,LH,공공분양,대구,0
2022-04,,LH,공공분양,광주,0
2022-04,,LH,공공분양,대전,0
2022-04,,LH,공공분양,울산,0
2022-04,,LH,공공분양,세종,0
2022-04,,LH,공공분양,강원,0
2022-04,,LH,공공분양,충북,0
2022-04,,LH,공공분양,충남,0
2022-04,,LH,공공분양,전북,0
2022-04,,LH,공공분양,전남,0
2022-04,,LH,공공분양,경북,0
2022-04,,LH,공공분양,경남,0
2022-04,,LH,공공분양,제주,0
2022-04,,주택업체,소계,전국,3804
2022-04,,주택업체,소계,서울,113
2022-04,,주택업체,소계,인천,0
2022-04,,주택업체,소계,경기,3593
2022-04,,주택업체,소계,부산,0
2022-04,,주택업체,소계,대구,0
2022-04,,주택업체,소계,광주,0
2022-04,,주택업체,소계,대전,0
2022-04,,주택업체,소계,울산,0
2022-04,,주택업체,소계,세종,0
2022-04,,주택업체,소계,강원,0
2022-04,,주택업체,소계,충북,0
2022-04,,주택업체,소계,충남,0
2022-04,,주택업체,소계,전북,98
2022-04,,주택업체,소계,전남,0
2022-04,,주택업체,소계,경북,0
2022-04,,주택업체,소계,경남,0
2022-04,,주택업체,소계,제주,0
2022-04,,주택업체,국민임대,전국,0
2022-04,,주택업체,국민임대,서울,0
2022-04,,주택업체,국민임대,인천,0
2022-04,,주택업체,국민임대,경기,0
2022-04,,주택업체,국민임대,부산,0
2022-04,,주택업체,국민임대,대구,0
2022-04,,주택업체,국민임대,광주,0
2022-04,,주택업체,국민임대,대전,0
2022-04,,주택업체,국민임대,울산,0
2022-04,,주택업체,국민임대,세종,0
2022-04,,주택업체,국민임대,강원,0
2022-04,,주택업체,국민임대,충북,0
2022-04,,주택업체,국민임대,충남,0
2022-04,,주택업체,국민임대,전북,0
2022-04,,주택업체,국민임대,전남,0
2022-04,,주택업체,국민임대,경북,0
2022-04,,주택업체,국민임대,경남,0
2022-04,,주택업체,국민임대,제주,0
2022-04,,주택업체,공공임대,전국,3804
2022-04,,주택업체,공공임대,서울,113
2022-04,,주택업체,공공임대,인천,0
2022-04,,주택업체,공공임대,경기,3593
2022-04,,주택업체,공공임대,부산,0
2022-04,,주택업체,공공임대,대구,0
2022-04,,주택업체,공공임대,광주,0
2022-04,,주택업체,공공임대,대전,0
2022-04,,주택업체,공공임대,울산,0
2022-04,,주택업체,공공임대,세종,0
2022-04,,주택업체,공공임대,강원,0
2022-04,,주택업체,공공임대,충북,0
2022-04,,주택업체,공공임대,충남,0
2022-04,,주택업체,공공임대,전북,98
2022-04,,주택업체,공공임대,전남,0
2022-04,,주택업체,공공임대,경북,0
2022-04,,주택업체,공공임대,경남,0
2022-04,,주택업체,공공임대,제주,0
2022-04,,주택업체,공공분양,전국,0
2022-04,,주택업체,공공분양,서울,0
2022-04,,주택업체,공공분양,인천,0
2022-04,,주택업체,공공분양,경기,0
2022-04,,주택업체,공공분양,부산,0
2022-04,,주택업체,공공분양,대구,0
2022-04,,주택업체,공공분양,광주,0
2022-04,,주택업체,공공분양,대전,0
2022-04,,주택업체,공공분양,울산,0
2022-04,,주택업체,공공분양,세종,0
2022-04,,주택업체,공공분양,강원,0
2022-04,,주택업체,공공분양,충북,0
2022-04,,주택업체,공공분양,충남,0
2022-04,,주택업체,공공분양,전북,0
2022-04,,주택업체,공공분양,전남,0
2022-04,,주택업체,공공분양,경북,0
2022-04,,주택업체,공공분양,경남,0
2022-04,,주택업체,공공분양,제주,0
2022-04,,민간부문,소계,전국,29545
2022-04,,민간부문,소계,서울,5394
2022-04,,민간부문,소계,인천,3066
2022-04,,민간부문,소계,경기,8069
2022-04,,민간부문,소계,부산,2026
2022-04,,민간부문,소계,대구,1695
2022-04,,민간부문,소계,광주,2160
2022-04,,민간부문,소계,대전,35
2022-04,,민간부문,소계,울산,1157
2022-04,,민간부문,소계,세종,615
2022-04,,민간부문,소계,강원,798
2022-04,,민간부문,소계,충북,200
2022-04,,민간부문,소계,충남,998
2022-04,,민간부문,소계,전북,431
2022-04,,민간부문,소계,전남,1896
2022-04,,민간부문,소계,경북,270
2022-04,,민간부문,소계,경남,323
2022-04,,민간부문,소계,제주,412
2022-04,,민간,민간임대,전국,4050
2022-04,,민간,민간임대,서울,752
2022-04,,민간,민간임대,인천,0
2022-04,,민간,민간임대,경기,887
2022-04,,민간,민간임대,부산,0
2022-04,,민간,민간임대,대구,0
2022-04,,민간,민간임대,광주,461
2022-04,,민간,민간임대,대전,0
2022-04,,민간,민간임대,울산,0
2022-04,,민간,민간임대,세종,0
2022-04,,민간,민간임대,강원,402
2022-04,,민간,민간임대,충북,0
2022-04,,민간,민간임대,충남,223
2022-04,,민간,민간임대,전북,271
2022-04,,민간,민간임대,전남,1054
2022-04,,민간,민간임대,경북,0
2022-04,,민간,민간임대,경남,0
2022-04,,민간,민간임대,제주,0
2022-04,,민간,민간분양,전국,25495
2022-04,,민간,민간분양,서울,4642
2022-04,,민간,민간분양,인천,3066
2022-04,,민간,민간분양,경기,7182
2022-04,,민간,민간분양,부산,2026
2022-04,,민간,민간분양,대구,1695
2022-04,,민간,민간분양,광주,1699
2022-04,,민간,민간분양,대전,35
2022-04,,민간,민간분양,울산,1157
2022-04,,민간,민간분양,세종,615
2022-04,,민간,민간분양,강원,396
2022-04,,민간,민간분양,충북,200
2022-04,,민간,민간분양,충남,775
2022-04,,민간,민간분양,전북,160
2022-04,,민간,민간분양,전남,842
2022-04,,민간,민간분양,경북,270
2022-04,,민간,민간분양,경남,323
2022-04,,민간,민간분양,제주,412
2022-05,,총계,총계,전국,42519
2022-05,,총계,총계,서울,3034
2022-05,,총계,총계,인천,8802
2022-05,,총계,총계,경기,6439
2022-05,,총계,총계,부산,4389
2022-05,,총계,총계,대구,1780
2022-05,,총계,총계,광주,122
2022-05,,총계,총계,대전,2787
2022-05,,총계,총계,울산,183
2022-05,,총계,총계,세종,618
2022-05,,총계,총계,강원,1255
2022-05,,총계,총계,충북,2407
2022-05,,총계,총계,충남,5942
2022-05,,총계,총계,전북,3436
2022-05,,총계,총계,전남,362
2022-05,,총계,총계,경북,333
2022-05,,총계,총계,경남,368
2022-05,,총계,총계,제주,262
2022-05,,공공부문,소계,전국,13120
2022-05,,공공부문,소계,서울,0
2022-05,,공공부문,소계,인천,5678
2022-05,,공공부문,소계,경기,1585
2022-05,,공공부문,소계,부산,1198
2022-05,,공공부문,소계,대구,0
2022-05,,공공부문,소계,광주,0
2022-05,,공공부문,소계,대전,0
2022-05,,공공부문,소계,울산,100
2022-05,,공공부문,소계,세종,597
2022-05,,공공부문,소계,강원,0
2022-05,,공공부문,소계,충북,605
2022-05,,공공부문,소계,충남,1428
2022-05,,공공부문,소계,전북,1928
2022-05,,공공부문,소계,전남,0
2022-05,,공공부문,소계,경북,0
2022-05,,공공부문,소계,경남,1
2022-05,,공공부문,소계,제주,0
2022-05,,합,국민임대,전국,2664
2022-05,,합,국민임대,서울,0
2022-05,,합,국민임대,인천,0
2022-05,,합,국민임대,경기,0
2022-05,,합,국민임대,부산,0
2022-05,,합,국민임대,대구,0
2022-05,,합,국민임대,광주,0
2022-05,,합,국민임대,대전,0
2022-05,,합,국민임대,울산,0
2022-05,,합,국민임대,세종,0
2022-05,,합,국민임대,강원,0
2022-05,,합,국민임대,충북,605
2022-05,,합,국민임대,충남,1228
2022-05,,합,국민임대,전북,831
2022-05,,합,국민임대,전남,0
2022-05,,합,국민임대,경북,0
2022-05,,합,국민임대,경남,0
2022-05,,합,국민임대,제주,0
2022-05,,합,공공임대,전국,3834
2022-05,,합,공공임대,서울,0
2022-05,,합,공공임대,인천,0
2022-05,,합,공공임대,경기,1585
2022-05,,합,공공임대,부산,1198
2022-05,,합,공공임대,대구,0
2022-05,,합,공공임대,광주,0
2022-05,,합,공공임대,대전,0
2022-05,,합,공공임대,울산,100
2022-05,,합,공공임대,세종,199
2022-05,,합,공공임대,강원,0
2022-05,,합,공공임대,충북,0
2022-05,,합,공공임대,충남,200
2022-05,,합,공공임대,전북,551
2022-05,,합,공공임대,전남,0
2022-05,,합,공공임대,경북,0
2022-05,,합,공공임대,경남,1
2022-05,,합,공공임대,제주,0
2022-05,,합,공공분양,전국,6622
2022-05,,합,공공분양,서울,0
2022-05,,합,공공분양,인천,5678
2022-05,,합,공공분양,경기,0
2022-05,,합,공공분양,부산,0
2022-05,,합,공공분양,대구,0
2022-05,,합,공공분양,광주,0
2022-05,,합,공공분양,대전,0
2022-05,,합,공공분양,울산,0
2022-05,,합,공공분양,세종,398
2022-05,,합,공공분양,강원,0
2022-05,,합,공공분양,충북,0
2022-05,,합,공공분양,충남,0
2022-05,,합,공공분양,전북,546
2022-05,,합,공공분양,전남,0
2022-05,,합,공공분양,경북,0
2022-05,,합,공공분양,경남,0
2022-05,,합,공공분양,제주,0
2022-05,,지자체,소계,전국,0
2022-05,,지자체,소계,서울,0
2022-05,,지자체,소계,인천,0
2022-05,,지자체,소계,경기,0
2022-05,,지자체,소계,부산,0
2022-05,,지자체,소계,대구,0
2022-05,,지자체,소계,광주,0
2022-05,,지자체,소계,대전,0
2022-05,,지자체,소계,울산,0
2022-05,,지자체,소계,세종,0
2022-05,,지자체,소계,강원,0
2022-05,,지자체,소계,충북,0
2022-05,,지자체,소계,충남,0
2022-05,,지자체,소계,전북,0
2022-05,,지자체,소계,전남,0
2022-05,,지자체,소계,경북,0
2022-05,,지자체,소계,경남,0
2022-05,,지자체,소계,제주,0
2022-05,,지자체,국민임대,전국,0
2022-05,,지자체,국민임대,서울,0
2022-05,,지자체,국민임대,인천,0
2022-05,,지자체,국민임대,경기,0
2022-05,,지자체,국민임대,부산,0
2022-05,,지자체,국민임대,대구,0
2022-05,,지자체,국민임대,광주,0
2022-05,,지자체,국민임대,대전,0
2022-05,,지자체,국민임대,울산,0
2022-05,,지자체,국민임대,세종,0
2022-05,,지자체,국민임대,강원,0
2022-05,,지자체,국민임대,충북,0
2022-05,,지자체,국민임대,충남,0
2022-05,,지자체,국민임대,전북,0
2022-05,,지자체,국민임대,전남,0
2022-05,,지자체,국민임대,경북,0
2022-05,,지자체,국민임대,경남,0
2022-05,,지자체,국민임대,제주,0
2022-05,,지자체,공공임대,전국,0
2022-05,,지자체,공공임대,서울,0
2022-05,,지자체,공공임대,인천,0
2022-05,,지자체,공공임대,경기,0
2022-05,,지자체,공공임대,부산,0
2022-05,,지자체,공공임대,대구,0
2022-05,,지자체,공공임대,광주,0
2022-05,,지자체,공공임대,대전,0
2022-05,,지자체,공공임대,울산,0
2022-05,,지자체,공공임대,세종,0
2022-05,,지자체,공공임대,강원,0
2022-05,,지자체,공공임대,충북,0
2022-05,,지자체,공공임대,충남,0
2022-05,,지자체,공공임대,전북,0
2022-05,,지자체,공공임대,전남,0
2022-05,,지자체,공공임대,경북,0
2022-05,,지자체,공공임대,경남,0
2022-05,,지자체,공공임대,제주,0
2022-05,,지자체,공공분양,전국,0
2022-05,,지자체,공공분양,서울,0
2022-05,,지자체,공공분양,인천,0
2022-05,,지자체,공공분양,경기,0
2022-05,,지자체,공공분양,부산,0
2022-05,,지자체,공공분양,대구,0
2022-05,,지자체,공공분양,광주,0
2022-05,,지자체,공공분양,대전,0
2022-05,,지자체,공공분양,울산,0
2022-05,,지자체,공공분양,세종,0
2022-05,,지자체,공공분양,강원,0
2022-05,,지자체,공공분양,충북,0
2022-05,,지자체,공공분양,충남,0
2022-05,,지자체,공공분양,전북,0
2022-05,,지자체,공공분양,전남,0
2022-05,,지자체,공공분양,경북,0
2022-05,,지자체,공공분양,경남,0
2022-05,,지자체,공공분양,제주,0
2022-05,,LH,소계,전국,4660
2022-05,,LH,소계,서울,0
2022-05,,LH,소계,인천,0
2022-05,,LH,소계,경기,1
2022-05,,LH,소계,부산,0
2022-05,,LH,소계,대구,0
2022-05,,LH,소계,광주,0
2022-05,,LH,소계,대전,0
2022-05,,LH,소계,울산,100
2022-05,,LH,소계,세종,597
2022-05,,LH,소계,강원,0
2022-05,,LH,소계,충북,605
2022-05,,LH,소계,충남,1428
2022-05,,LH,소계,전북,1928
2022-05,,LH,소계,전남,0
2022-05,,LH,소계,경북,0
2022-05,,LH,소계,경남,1
2022-05,,LH,소계,제주,0
2022-05,,LH,국민임대,전국,2664
2022-05,,LH,국민임대,서울,0
2022-05,,LH,국민임대,인천,0
2022-05,,LH,국민임대,경기,0
2022-05,,LH,국민임대,부산,0
2022-05,,LH,국민임대,대구,0
2022-05,,LH,국민임대,광주,0
2022-05,,LH,국민임대,대전,0
2022-05,,LH,국민임대,울산,0
2022-05,,LH,국민임대,세종,0
2022-05,,LH,국민임대,강원,0
2022-05,,LH,국민임대,충북,605
2022-05,,LH,국민임대,충남,1228
2022-05,,LH,국민임대,전북,831
2022-05,,LH,국민임대,전남,0
2022-05,,LH,국민임대,경북,0
2022-05,,LH,국민임대,경남,0
2022-05,,LH,국민임대,제주,0
2022-05,,LH,공공임대,전국,1052
2022-05,,LH,공공임대,서울,0
2022-05,,LH,공공임대,인천,0
2022-05,,LH,공공임대,경기,1
2022-05,,LH,공공임대,부산,0
2022-05,,LH,공공임대,대구,0
2022-05,,LH,공공임대,광주,0
2022-05,,LH,공공임대,대전,0
2022-05,,LH,공공임대,울산,100
2022-05,,LH,공공임대,세종,199
2022-05,,LH,공공임대,강원,0
2022-05,,LH,공공임대,충북,0
2022-05,,LH,공공임대,충남,200
2022-05,,LH,공공임대,전북,551
2022-05,,LH,공공임대,전남,0
2022-05,,LH,공공임대,경북,0
2022-05,,LH,공공임대,경남,1
2022-05,,LH,공공임대,제주,0
2022-05,,LH,공공분양,전국,944
2022-05,,LH,공공분양,서울,0
2022-05,,LH,공공분양,인천,0
2022-05,,LH,공공분양,경기,0
2022-05,,LH,공공분양,부산,0
2022-05,,LH,공공분양,대구,0
2022-05,,LH,공공분양,광주,0
2022-05,,LH,공공분양,대전,0
2022-05,,LH,공공분양,울산,0
2022-05,,LH,공공분양,세종,398
2022-05,,LH,공공분양,강원,0
2022-05,,LH,공공분양,충북,0
2022-05,,LH,공공분양,충남,0
2022-05,,LH,공공분양,전북,546
2022-05,,LH,공공분양,전남,0
2022-05,,LH,공공분양,경북,0
2022-05,,LH,공공분양,경남,0
2022-05,,LH,공공분양,제주,0
2022-05,,주택업체,소계,전국,8460
2022-05,,주택업체,소계,서울,0
2022-05,,주택업체,소계,인천,5678
2022-05,,주택업체,소계,경기,1584
2022-05,,주택업체,소계,부산,1198
2022-05,,주택업체,소계,대구,0
2022-05,,주택업체,소계,광주,0
2022-05,,주택업체,소계,대전,0
2022-05,,주택업체,소계,울산,0
2022-05,,주택업체,소계,세종,0
2022-05,,주택업체,소계,강원,0
2022-05,,주택업체,소계,충북,0
2022-05,,주택업체,소계,충남,0
2022-05,,주택업체,소계,전북,0
2022-05,,주택업체,소계,전남,0
2022-05,,주택업체,소계,경북,0
2022-05,,주택업체,소계,경남,0
2022-05,,주택업체,소계,제주,0
2022-05,,주택업체,국민임대,전국,0
2022-05,,주택업체,국민임대,서울,0
2022-05,,주택업체,국민임대,인천,0
2022-05,,주택업체,국민임대,경기,0
2022-05,,주택업체,국민임대,부산,0
2022-05,,주택업체,국민임대,대구,0
2022-05,,주택업체,국민임대,광주,0
2022-05,,주택업체,국민임대,대전,0
2022-05,,주택업체,국민임대,울산,0
2022-05,,주택업체,국민임대,세종,0
2022-05,,주택업체,국민임대,강원,0
2022-05,,주택업체,국민임대,충북,0
2022-05,,주택업체,국민임대,충남,0
2022-05,,주택업체,국민임대,전북,0
2022-05,,주택업체,국민임대,전남,0
2022-05,,주택업체,국민임대,경북,0
2022-05,,주택업체,국민임대,경남,0
2022-05,,주택업체,국민임대,제주,0
2022-05,,주택업체,공공임대,전국,2782
2022-05,,주택업체,공공임대,서울,0
2022-05,,주택업체,공공임대,인천,0
2022-05,,주택업체,공공임대,경기,1584
2022-05,,주택업체,공공임대,부산,1198
2022-05,,주택업체,공공임대,대구,0
2022-05,,주택업체,공공임대,광주,0
2022-05,,주택업체,공공임대,대전,0
2022-05,,주택업체,공공임대,울산,0
2022-05,,주택업체,공공임대,세종,0
2022-05,,주택업체,공공임대,강원,0
2022-05,,주택업체,공공임대,충북,0
2022-05,,주택업체,공공임대,충남,0
2022-05,,주택업체,공공임대,전북,0
2022-05,,주택업체,공공임대,전남,0
2022-05,,주택업체,공공임대,경북,0
2022-05,,주택업체,공공임대,경남,0
2022-05,,주택업체,공공임대,제주,0
2022-05,,주택업체,공공분양,전국,5678
2022-05,,주택업체,공공분양,서울,0
2022-05,,주택업체,공공분양,인천,5678
2022-05,,주택업체,공공분양,경기,0
2022-05,,주택업체,공공분양,부산,0
2022-05,,주택업체,공공분양,대구,0
2022-05,,주택업체,공공분양,광주,0
2022-05,,주택업체,공공분양,대전,0
2022-05,,주택업체,공공분양,울산,0
2022-05,,주택업체,공공분양,세종,0
2022-05,,주택업체,공공분양,강원,0
2022-05,,주택업체,공공분양,충북,0
2022-05,,주택업체,공공분양,충남,0
2022-05,,주택업체,공공분양,전북,0
2022-05,,주택업체,공공분양,전남,0
2022-05,,주택업체,공공분양,경북,0
2022-05,,주택업체,공공분양,경남,0
2022-05,,주택업체,공공분양,제주,0
2022-05,,민간부문,소계,전국,29399
2022-05,,민간부문,소계,서울,3034
2022-05,,민간부문,소계,인천,3124
2022-05,,민간부문,소계,경기,4854
2022-05,,민간부문,소계,부산,3191
2022-05,,민간부문,소계,대구,1780
2022-05,,민간부문,소계,광주,122
2022-05,,민간부문,소계,대전,2787
2022-05,,민간부문,소계,울산,83
2022-05,,민간부문,소계,세종,21
2022-05,,민간부문,소계,강원,1255
2022-05,,민간부문,소계,충북,1802
2022-05,,민간부문,소계,충남,4514
2022-05,,민간부문,소계,전북,1508
2022-05,,민간부문,소계,전남,362
2022-05,,민간부문,소계,경북,333
2022-05,,민간부문,소계,경남,367
2022-05,,민간부문,소계,제주,262
2022-05,,민간,민간임대,전국,1114
2022-05,,민간,민간임대,서울,0
2022-05,,민간,민간임대,인천,0
2022-05,,민간,민간임대,경기,285
2022-05,,민간,민간임대,부산,0
2022-05,,민간,민간임대,대구,0
2022-05,,민간,민간임대,광주,0
2022-05,,민간,민간임대,대전,0
2022-05,,민간,민간임대,울산,0
2022-05,,민간,민간임대,세종,0
2022-05,,민간,민간임대,강원,0
2022-05,,민간,민간임대,충북,0
2022-05,,민간,민간임대,충남,829
2022-05,,민간,민간임대,전북,0
2022-05,,민간,민간임대,전남,0
2022-05,,민간,민간임대,경북,0
2022-05,,민간,민간임대,경남,0
2022-05,,민간,민간임대,제주,0
2022-05,,민간,민간분양,전국,28285
2022-05,,민간,민간분양,서울,3034
2022-05,,민간,민간분양,인천,3124
2022-05,,민간,민간분양,경기,4569
2022-05,,민간,민간분양,부산,3191
2022-05,,민간,민간분양,대구,1780
2022-05,,민간,민간분양,광주,122
2022-05,,민간,민간분양,대전,2787
2022-05,,민간,민간분양,울산,83
2022-05,,민간,민간분양,세종,21
2022-05,,민간,민간분양,강원,1255
2022-05,,민간,민간분양,충북,1802
2022-05,,민간,민간분양,충남,3685
2022-05,,민간,민간분양,전북,1508
2022-05,,민간,민간분양,전남,362
2022-05,,민간,민간분양,경북,333
2022-05,,민간,민간분양,경남,367
2022-05,,민간,민간분양,제주,262
2022-06,,총계,총계,전국,31329
2022-06,,총계,총계,서울,2988
2022-06,,총계,총계,인천,3279
2022-06,,총계,총계,경기,9803
2022-06,,총계,총계,부산,1884
2022-06,,총계,총계,대구,3542
2022-06,,총계,총계,광주,123
2022-06,,총계,총계,대전,109
2022-06,,총계,총계,울산,112
2022-06,,총계,총계,세종,20
2022-06,,총계,총계,강원,1343
2022-06,,총계,총계,충북,1918
2022-06,,총계,총계,충남,1922
2022-06,,총계,총계,전북,1676
2022-06,,총계,총계,전남,408
2022-06,,총계,총계,경북,361
2022-06,,총계,총계,경남,1584
2022-06,,총계,총계,제주,257
2022-06,,공공부문,소계,전국,9404
2022-06,,공공부문,소계,서울,1
2022-06,,공공부문,소계,인천,1487
2022-06,,공공부문,소계,경기,4708
2022-06,,공공부문,소계,부산,728
2022-06,,공공부문,소계,대구,0
2022-06,,공공부문,소계,광주,50
2022-06,,공공부문,소계,대전,0
2022-06,,공공부문,소계,울산,43
2022-06,,공공부문,소계,세종,0
2022-06,,공공부문,소계,강원,0
2022-06,,공공부문,소계,충북,1299
2022-06,,공공부문,소계,충남,888
2022-06,,공공부문,소계,전북,0
2022-06,,공공부문,소계,전남,0
2022-06,,공공부문,소계,경북,0
2022-06,,공공부문,소계,경남,200
2022-06,,공공부문,소계,제주,0
2022-06,,합,국민임대,전국,1299
2022-06,,합,국민임대,서울,0
2022-06,,합,국민임대,인천,0
2022-06,,합,국민임대,경기,0
2022-06,,합,국민임대,부산,0
2022-06,,합,국민임대,대구,0
2022-06,,합,국민임대,광주,0
2022-06,,합,국민임대,대전,0
2022-06,,합,국민임대,울산,0
2022-06,,합,국민임대,세종,0
2022-06,,합,국민임대,강원,0
2022-06,,합,국민임대,충북,1299
2022-06,,합,국민임대,충남,0
2022-06,,합,국민임대,전북,0
2022-06,,합,국민임대,전남,0
2022-06,,합,국민임대,경북,0
2022-06,,합,국민임대,경남,0
2022-06,,합,국민임대,제주,0
2022-06,,합,공공임대,전국,6352
2022-06,,합,공공임대,서울,1
2022-06,,합,공공임대,인천,1487
2022-06,,합,공공임대,경기,3441
2022-06,,합,공공임대,부산,242
2022-06,,합,공공임대,대구,0
2022-06,,합,공공임대,광주,50
2022-06,,합,공공임대,대전,0
2022-06,,합,공공임대,울산,43
2022-06,,합,공공임대,세종,0
2022-06,,합,공공임대,강원,0
2022-06,,합,공공임대,충북,0
2022-06,,합,공공임대,충남,888
2022-06,,합,공공임대,전북,0
2022-06,,합,공공임대,전남,0
2022-06,,합,공공임대,경북,0
2022-06,,합,공공임대,경남,200
2022-06,,합,공공임대,제주,0
2022-06,,합,공공분양,전국,1753
2022-06,,합,공공분양,서울,0
2022-06,,합,공공분양,인천,0
2022-06,,합,공공분양,경기,1267
2022-06,,합,공공분양,부산,486
2022-06,,합,공공분양,대구,0
2022-06,,합,공공분양,광주,0
2022-06,,합,공공분양,대전,0
2022-06,,합,공공분양,울산,0
2022-06,,합,공공분양,세종,0
2022-06,,합,공공분양,강원,0
2022-06,,합,공공분양,충북,0
2022-06,,합,공공분양,충남,0
2022-06,,합,공공분양,전북,0
2022-06,,합,공공분양,전남,0
2022-06,,합,공공분양,경북,0
2022-06,,합,공공분양,경남,0
2022-06,,합,공공분양,제주,0
2022-06,,지자체,소계,전국,0
2022-06,,지자체,소계,서울,0
2022-06,,지자체,소계,인천,0
2022-06,,지자체,소계,경기,0
2022-06,,지자체,소계,부산,0
2022-06,,지자체,소계,대구,0
2022-06,,지자체,소계,광주,0
2022-06,,지자체,소계,대전,0
2022-06,,지자체,소계,울산,0
2022-06,,지자체,소계,세종,0
2022-06,,지자체,소계,강원,0
2022-06,,지자체,소계,충북,0
2022-06,,지자체,소계,충남,0
2022-06,,지자체,소계,전북,0
2022-06,,지자체,소계,전남,0
2022-06,,지자체,소계,경북,0
2022-06,,지자체,소계,경남,0
2022-06,,지자체,소계,제주,0
2022-06,,지자체,국민임대,전국,0
2022-06,,지자체,국민임대,서울,0
2022-06,,지자체,국민임대,인천,0
2022-06,,지자체,국민임대,경기,0
2022-06,,지자체,국민임대,부산,0
2022-06,,지자체,국민임대,대구,0
2022-06,,지자체,국민임대,광주,0
2022-06,,지자체,국민임대,대전,0
2022-06,,지자체,국민임대,울산,0
2022-06,,지자체,국민임대,세종,0
2022-06,,지자체,국민임대,강원,0
2022-06,,지자체,국민임대,충북,0
2022-06,,지자체,국민임대,충남,0
2022-06,,지자체,국민임대,전북,0
2022-06,,지자체,국민임대,전남,0
2022-06,,지자체,국민임대,경북,0
2022-06,,지자체,국민임대,경남,0
2022-06,,지자체,국민임대,제주,0
2022-06,,지자체,공공임대,전국,0
2022-06,,지자체,공공임대,서울,0
2022-06,,지자체,공공임대,인천,0
2022-06,,지자체,공공임대,경기,0
2022-06,,지자체,공공임대,부산,0
2022-06,,지자체,공공임대,대구,0
2022-06,,지자체,공공임대,광주,0
2022-06,,지자체,공공임대,대전,0
2022-06,,지자체,공공임대,울산,0
2022-06,,지자체,공공임대,세종,0
2022-06,,지자체,공공임대,강원,0
2022-06,,지자체,공공임대,충북,0
2022-06,,지자체,공공임대,충남,0
2022-06,,지자체,공공임대,전북,0
2022-06,,지자체,공공임대,전남,0
2022-06,,지자체,공공임대,경북,0
2022-06,,지자체,공공임대,경남,0
2022-06,,지자체,공공임대,제주,0
2022-06,,지자체,공공분양,전국,0
2022-06,,지자체,공공분양,서울,0
2022-06,,지자체,공공분양,인천,0
2022-06,,지자체,공공분양,경기,0
2022-06,,지자체,공공분양,부산,0
2022-06,,지자체,공공분양,대구,0
2022-06,,지자체,공공분양,광주,0
2022-06,,지자체,공공분양,대전,0
2022-06,,지자체,공공분양,울산,0
2022-06,,지자체,공공분양,세종,0
2022-06,,지자체,공공분양,강원,0
2022-06,,지자체,공공분양,충북,0
2022-06,,지자체,공공분양,충남,0
2022-06,,지자체,공공분양,전북,0
2022-06,,지자체,공공분양,전남,0
2022-06,,지자체,공공분양,경북,0
2022-06,,지자체,공공분양,경남,0
2022-06,,지자체,공공분양,제주,0
2022-06,,LH,소계,전국,7511
2022-06,,LH,소계,서울,0
2022-06,,LH,소계,인천,238
2022-06,,LH,소계,경기,4708
2022-06,,LH,소계,부산,728
2022-06,,LH,소계,대구,0
2022-06,,LH,소계,광주,50
2022-06,,LH,소계,대전,0
2022-06,,LH,소계,울산,0
2022-06,,LH,소계,세종,0
2022-06,,LH,소계,강원,0
2022-06,,LH,소계,충북,1299
2022-06,,LH,소계,충남,288
2022-06,,LH,소계,전북,0
2022-06,,LH,소계,전남,0
2022-06,,LH,소계,경북,0
2022-06,,LH,소계,경남,200
2022-06,,LH,소계,제주,0
2022-06,,LH,국민임대,전국,1299
2022-06,,LH,국민임대,서울,0
2022-06,,LH,국민임대,인천,0
2022-06,,LH,국민임대,경기,0
2022-06,,LH,국민임대,부산,0
2022-06,,LH,국민임대,대구,0
2022-06,,LH,국민임대,광주,0
2022-06,,LH,국민임대,대전,0
2022-06,,LH,국민임대,울산,0
2022-06,,LH,국민임대,세종,0
2022-06,,LH,국민임대,강원,0
2022-06,,LH,국민임대,충북,1299
2022-06,,LH,국민임대,충남,0
2022-06,,LH,국민임대,전북,0
2022-06,,LH,국민임대,전남,0
2022-06,,LH,국민임대,경북,0
2022-06,,LH,국민임대,경남,0
2022-06,,LH,국민임대,제주,0
2022-06,,LH,공공임대,전국,4459
2022-06,,LH,공공임대,서울,0
2022-06,,LH,공공임대,인천,238
2022-06,,LH,공공임대,경기,3441
2022-06,,LH,공공임대,부산,242
2022-06,,LH,공공임대,대구,0
2022-06,,LH,공공임대,광주,50
2022-06,,LH,공공임대,대전,0
2022-06,,LH,공공임대,울산,0
2022-06,,LH,공공임대,세종,0
2022-06,,LH,공공임대,강원,0
2022-06,,LH,공공임대,충북,0
2022-06,,LH,공공임대,충남,288
2022-06,,LH,공공임대,전북,0
2022-06,,LH,공공임대,전남,0
2022-06,,LH,공공임대,경북,0
2022-06,,LH,공공임대,경남,200
2022-06,,LH,공공임대,제주,0
2022-06,,LH,공공분양,전국,1753
2022-06,,LH,공공분양,서울,0
2022-06,,LH,공공분양,인천,0
2022-06,,LH,공공분양,경기,1267
2022-06,,LH,공공분양,부산,486
2022-06,,LH,공공분양,대구,0
2022-06,,LH,공공분양,광주,0
2022-06,,LH,공공분양,대전,0
2022-06,,LH,공공분양,울산,0
2022-06,,LH,공공분양,세종,0
2022-06,,LH,공공분양,강원,0
2022-06,,LH,공공분양,충북,0
2022-06,,LH,공공분양,충남,0
2022-06,,LH,공공분양,전북,0
2022-06,,LH,공공분양,전남,0
2022-06,,LH,공공분양,경북,0
2022-06,,LH,공공분양,경남,0
2022-06,,LH,공공분양,제주,0
2022-06,,주택업체,소계,전국,1893
2022-06,,주택업체,소계,서울,1
2022-06,,주택업체,소계,인천,1249
2022-06,,주택업체,소계,경기,0
2022-06,,주택업체,소계,부산,0
2022-06,,주택업체,소계,대구,0
2022-06,,주택업체,소계,광주,0
2022-06,,주택업체,소계,대전,0
2022-06,,주택업체,소계,울산,43
2022-06,,주택업체,소계,세종,0
2022-06,,주택업체,소계,강원,0
2022-06,,주택업체,소계,충북,0
2022-06,,주택업체,소계,충남,600
2022-06,,주택업체,소계,전북,0
2022-06,,주택업체,소계,전남,0
2022-06,,주택업체,소계,경북,0
2022-06,,주택업체,소계,경남,0
2022-06,,주택업체,소계,제주,0
2022-06,,주택업체,국민임대,전국,0
2022-06,,주택업체,국민임대,서울,0
2022-06,,주택업체,국민임대,인천,0
2022-06,,주택업체,국민임대,경기,0
2022-06,,주택업체,국민임대,부산,0
2022-06,,주택업체,국민임대,대구,0
2022-06,,주택업체,국민임대,광주,0
2022-06,,주택업체,국민임대,대전,0
2022-06,,주택업체,국민임대,울산,0
2022-06,,주택업체,국민임대,세종,0
2022-06,,주택업체,국민임대,강원,0
2022-06,,주택업체,국민임대,충북,0
2022-06,,주택업체,국민임대,충남,0
2022-06,,주택업체,국민임대,전북,0
2022-06,,주택업체,국민임대,전남,0
2022-06,,주택업체,국민임대,경북,0
2022-06,,주택업체,국민임대,경남,0
2022-06,,주택업체,국민임대,제주,0
2022-06,,주택업체,공공임대,전국,1893
2022-06,,주택업체,공공임대,서울,1
2022-06,,주택업체,공공임대,인천,1249
2022-06,,주택업체,공공임대,경기,0
2022-06,,주택업체,공공임대,부산,0
2022-06,,주택업체,공공임대,대구,0
2022-06,,주택업체,공공임대,광주,0
2022-06,,주택업체,공공임대,대전,0
2022-06,,주택업체,공공임대,울산,43
2022-06,,주택업체,공공임대,세종,0
2022-06,,주택업체,공공임대,강원,0
2022-06,,주택업체,공공임대,충북,0
2022-06,,주택업체,공공임대,충남,600
2022-06,,주택업체,공공임대,전북,0
2022-06,,주택업체,공공임대,전남,0
2022-06,,주택업체,공공임대,경북,0
2022-06,,주택업체,공공임대,경남,0
2022-06,,주택업체,공공임대,제주,0
2022-06,,주택업체,공공분양,전국,0
2022-06,,주택업체,공공분양,서울,0
2022-06,,주택업체,공공분양,인천,0
2022-06,,주택업체,공공분양,경기,0
2022-06,,주택업체,공공분양,부산,0
2022-06,,주택업체,공공분양,대구,0
2022-06,,주택업체,공공분양,광주,0
2022-06,,주택업체,공공분양,대전,0
2022-06,,주택업체,공공분양,울산,0
2022-06,,주택업체,공공분양,세종,0
2022-06,,주택업체,공공분양,강원,0
2022-06,,주택업체,공공분양,충북,0
2022-06,,주택업체,공공분양,충남,0
2022-06,,주택업체,공공분양,전북,0
2022-06,,주택업체,공공분양,전남,0
2022-06,,주택업체,공공분양,경북,0
2022-06,,주택업체,공공분양,경남,0
2022-06,,주택업체,공공분양,제주,0
2022-06,,민간부문,소계,전국,21925
2022-06,,민간부문,소계,서울,2987
2022-06,,민간부문,소계,인천,1792
2022-06,,민간부문,소계,경기,5095
2022-06,,민간부문,소계,부산,1156
2022-06,,민간부문,소계,대구,3542
2022-06,,민간부문,소계,광주,73
2022-06,,민간부문,소계,대전,109
2022-06,,민간부문,소계,울산,69
2022-06,,민간부문,소계,세종,20
2022-06,,민간부문,소계,강원,1343
2022-06,,민간부문,소계,충북,619
2022-06,,민간부문,소계,충남,1034
2022-06,,민간부문,소계,전북,1676
2022-06,,민간부문,소계,전남,408
2022-06,,민간부문,소계,경북,361
2022-06,,민간부문,소계,경남,1384
2022-06,,민간부문,소계,제주,257
2022-06,,민간,민간임대,전국,573
2022-06,,민간,민간임대,서울,148
2022-06,,민간,민간임대,인천,0
2022-06,,민간,민간임대,경기,0
2022-06,,민간,민간임대,부산,0
2022-06,,민간,민간임대,대구,0
2022-06,,민간,민간임대,광주,0
2022-06,,민간,민간임대,대전,0
2022-06,,민간,민간임대,울산,0
2022-06,,민간,민간임대,세종,0
2022-06,,민간,민간임대,강원,425
2022-06,,민간,민간임대,충북,0
2022-06,,민간,민간임대,충남,0
2022-06,,민간,민간임대,전북,0
2022-06,,민간,민간임대,전남,0
2022-06,,민간,민간임대,경북,0
2022-06,,민간,민간임대,경남,0
2022-06,,민간,민간임대,제주,0
2022-06,,민간,민간분양,전국,21352
2022-06,,민간,민간분양,서울,2839
2022-06,,민간,민간분양,인천,1792
2022-06,,민간,민간분양,경기,5095
2022-06,,민간,민간분양,부산,1156
2022-06,,민간,민간분양,대구,3542
2022-06,,민간,민간분양,광주,73
2022-06,,민간,민간분양,대전,109
2022-06,,민간,민간분양,울산,69
2022-06,,민간,민간분양,세종,20
2022-06,,민간,민간분양,강원,918
2022-06,,민간,민간분양,충북,619
2022-06,,민간,민간분양,충남,1034
2022-06,,민간,민간분양,전북,1676
2022-06,,민간,민간분양,전남,408
2022-06,,민간,민간분양,경북,361
2022-06,,민간,민간분양,경남,1384
2022-06,,민간,민간분양,제주,257
2022-07,,총계,총계,전국,37911
2022-07,,총계,총계,서울,2678
2022-07,,총계,총계,인천,2874
2022-07,,총계,총계,경기,15709
2022-07,,총계,총계,부산,1643
2022-07,,총계,총계,대구,2254
2022-07,,총계,총계,광주,822
2022-07,,총계,총계,대전,2106
2022-07,,총계,총계,울산,1005
2022-07,,총계,총계,세종,42
2022-07,,총계,총계,강원,1413
2022-07,,총계,총계,충북,346
2022-07,,총계,총계,충남,4524
2022-07,,총계,총계,전북,816
2022-07,,총계,총계,전남,550
2022-07,,총계,총계,경북,570
2022-07,,총계,총계,경남,330
2022-07,,총계,총계,제주,229
2022-07,,공공부문,소계,전국,8229
2022-07,,공공부문,소계,서울,28
2022-07,,공공부문,소계,인천,1073
2022-07,,공공부문,소계,경기,1732
2022-07,,공공부문,소계,부산,0
2022-07,,공공부문,소계,대구,820
2022-07,,공공부문,소계,광주,0
2022-07,,공공부문,소계,대전,0
2022-07,,공공부문,소계,울산,0
2022-07,,공공부문,소계,세종,0
2022-07,,공공부문,소계,강원,0
2022-07,,공공부문,소계,충북,0
2022-07,,공공부문,소계,충남,3825
2022-07,,공공부문,소계,전북,601
2022-07,,공공부문,소계,전남,150
2022-07,,공공부문,소계,경북,0
2022-07,,공공부문,소계,경남,0
2022-07,,공공부문,소계,제주,0
2022-07,,합,국민임대,전국,1254
2022-07,,합,국민임대,서울,0
2022-07,,합,국민임대,인천,0
2022-07,,합,국민임대,경기,0
2022-07,,합,국민임대,부산,0
2022-07,,합,국민임대,대구,258
2022-07,,합,국민임대,광주,0
2022-07,,합,국민임대,대전,0
2022-07,,합,국민임대,울산,0
2022-07,,합,국민임대,세종,0
2022-07,,합,국민임대,강원,0
2022-07,,합,국민임대,충북,0
2022-07,,합,국민임대,충남,996
2022-07,,합,국민임대,전북,0
2022-07,,합,국민임대,전남,0
2022-07,,합,국민임대,경북,0
2022-07,,합,국민임대,경남,0
2022-07,,합,국민임대,제주,0
2022-07,,합,공공임대,전국,5831
2022-07,,합,공공임대,서울,28
2022-07,,합,공공임대,인천,1073
2022-07,,합,공공임대,경기,588
2022-07,,합,공공임대,부산,0
2022-07,,합,공공임대,대구,562
2022-07,,합,공공임대,광주,0
2022-07,,합,공공임대,대전,0
2022-07,,합,공공임대,울산,0
2022-07,,합,공공임대,세종,0
2022-07,,합,공공임대,강원,0
2022-07,,합,공공임대,충북,0
2022-07,,합,공공임대,충남,2829
2022-07,,합,공공임대,전북,601
2022-07,,합,공공임대,전남,150
2022-07,,합,공공임대,경북,0
2022-07,,합,공공임대,경남,0
2022-07,,합,공공임대,제주,0
2022-07,,합,공공분양,전국,1144
2022-07,,합,공공분양,서울,0
2022-07,,합,공공분양,인천,0
2022-07,,합,공공분양,경기,1144
2022-07,,합,공공분양,부산,0
2022-07,,합,공공분양,대구,0
2022-07,,합,공공분양,광주,0
2022-07,,합,공공분양,대전,0
2022-07,,합,공공분양,울산,0
2022-07,,합,공공분양,세종,0
2022-07,,합,공공분양,강원,0
2022-07,,합,공공분양,충북,0
2022-07,,합,공공분양,충남,0
2022-07,,합,공공분양,전북,0
2022-07,,합,공공분양,전남,0
2022-07,,합,공공분양,경북,0
2022-07,,합,공공분양,경남,0
2022-07,,합,공공분양,제주,0
2022-07,,지자체,소계,전국,0
2022-07,,지자체,소계,서울,0
2022-07,,지자체,소계,인천,0
2022-07,,지자체,소계,경기,0
2022-07,,지자체,소계,부산,0
2022-07,,지자체,소계,대구,0
2022-07,,지자체,소계,광주,0
2022-07,,지자체,소계,대전,0
2022-07,,지자체,소계,울산,0
2022-07,,지자체,소계,세종,0
2022-07,,지자체,소계,강원,0
2022-07,,지자체,소계,충북,0
2022-07,,지자체,소계,충남,0
2022-07,,지자체,소계,전북,0
2022-07,,지자체,소계,전남,0
2022-07,,지자체,소계,경북,0
2022-07,,지자체,소계,경남,0
2022-07,,지자체,소계,제주,0
2022-07,,지자체,국민임대,전국,0
2022-07,,지자체,국민임대,서울,0
2022-07,,지자체,국민임대,인천,0
2022-07,,지자체,국민임대,경기,0
2022-07,,지자체,국민임대,부산,0
2022-07,,지자체,국민임대,대구,0
2022-07,,지자체,국민임대,광주,0
2022-07,,지자체,국민임대,대전,0
2022-07,,지자체,국민임대,울산,0
2022-07,,지자체,국민임대,세종,0
2022-07,,지자체,국민임대,강원,0
2022-07,,지자체,국민임대,충북,0
2022-07,,지자체,국민임대,충남,0
2022-07,,지자체,국민임대,전북,0
2022-07,,지자체,국민임대,전남,0
2022-07,,지자체,국민임대,경북,0
2022-07,,지자체,국민임대,경남,0
2022-07,,지자체,국민임대,제주,0
2022-07,,지자체,공공임대,전국,0
2022-07,,지자체,공공임대,서울,0
2022-07,,지자체,공공임대,인천,0
2022-07,,지자체,공공임대,경기,0
2022-07,,지자체,공공임대,부산,0
2022-07,,지자체,공공임대,대구,0
2022-07,,지자체,공공임대,광주,0
2022-07,,지자체,공공임대,대전,0
2022-07,,지자체,공공임대,울산,0
2022-07,,지자체,공공임대,세종,0
2022-07,,지자체,공공임대,강원,0
2022-07,,지자체,공공임대,충북,0
2022-07,,지자체,공공임대,충남,0
2022-07,,지자체,공공임대,전북,0
2022-07,,지자체,공공임대,전남,0
2022-07,,지자체,공공임대,경북,0
2022-07,,지자체,공공임대,경남,0
2022-07,,지자체,공공임대,제주,0
2022-07,,지자체,공공분양,전국,0
2022-07,,지자체,공공분양,서울,0
2022-07,,지자체,공공분양,인천,0
2022-07,,지자체,공공분양,경기,0
2022-07,,지자체,공공분양,부산,0
2022-07,,지자체,공공분양,대구,0
2022-07,,지자체,공공분양,광주,0
2022-07,,지자체,공공분양,대전,0
2022-07,,지자체,공공분양,울산,0
2022-07,,지자체,공공분양,세종,0
2022-07,,지자체,공공분양,강원,0
2022-07,,지자체,공공분양,충북,0
2022-07,,지자체,공공분양,충남,0
2022-07,,지자체,공공분양,전북,0
2022-07,,지자체,공공분양,전남,0
2022-07,,지자체,공공분양,경북,0
2022-07,,지자체,공공분양,경남,0
2022-07,,지자체,공공분양,제주,0
2022-07,,LH,소계,전국,7128
2022-07,,LH,소계,서울,0
2022-07,,LH,소계,인천,0
2022-07,,LH,소계,경기,1732
2022-07,,LH,소계,부산,0
2022-07,,LH,소계,대구,820
2022-07,,LH,소계,광주,0
2022-07,,LH,소계,대전,0
2022-07,,LH,소계,울산,0
2022-07,,LH,소계,세종,0
2022-07,,LH,소계,강원,0
2022-07,,LH,소계,충북,0
2022-07,,LH,소계,충남,3825
2022-07,,LH,소계,전북,601
2022-07,,LH,소계,전남,150
2022-07,,LH,소계,경북,0
2022-07,,LH,소계,경남,0
2022-07,,LH,소계,제주,0
2022-07,,LH,국민임대,전국,1254
2022-07,,LH,국민임대,서울,0
2022-07,,LH,국민임대,인천,0
2022-07,,LH,국민임대,경기,0
2022-07,,LH,국민임대,부산,0
2022-07,,LH,국민임대,대구,258
2022-07,,LH,국민임대,광주,0
2022-07,,LH,국민임대,대전,0
2022-07,,LH,국민임대,울산,0
2022-07,,LH,국민임대,세종,0
2022-07,,LH,국민임대,강원,0
2022-07,,LH,국민임대,충북,0
2022-07,,LH,국민임대,충남,996
2022-07,,LH,국민임대,전북,0
2022-07,,LH,국민임대,전남,0
2022-07,,LH,국민임대,경북,0
2022-07,,LH,국민임대,경남,0
2022-07,,LH,국민임대,제주,0
2022-07,,LH,공공임대,전국,4730
2022-07,,LH,공공임대,서울,0
2022-07,,LH,공공임대,인천,0
2022-07,,LH,공공임대,경기,588
2022-07,,LH,공공임대,부산,0
2022-07,,LH,공공임대,대구,562
2022-07,,LH,공공임대,광주,0
2022-07,,LH,공공임대,대전,0
2022-07,,LH,공공임대,울산,0
2022-07,,LH,공공임대,세종,0
2022-07,,LH,공공임대,강원,0
2022-07,,LH,공공임대,충북,0
2022-07,,LH,공공임대,충남,2829
2022-07,,LH,공공임대,전북,601
2022-07,,LH,공공임대,전남,150
2022-07,,LH,공공임대,경북,0
2022-07,,LH,공공임대,경남,0
2022-07,,LH,공공임대,제주,0
2022-07,,LH,공공분양,전국,1144
2022-07,,LH,공공분양,서울,0
2022-07,,LH,공공분양,인천,0
2022-07,,LH,공공분양,경기,1144
2022-07,,LH,공공분양,부산,0
2022-07,,LH,공공분양,대구,0
2022-07,,LH,공공분양,광주,0
2022-07,,LH,공공분양,대전,0
2022-07,,LH,공공분양,울산,0
2022-07,,LH,공공분양,세종,0
2022-07,,LH,공공분양,강원,0
2022-07,,LH,공공분양,충북,0
2022-07,,LH,공공분양,충남,0
2022-07,,LH,공공분양,전북,0
2022-07,,LH,공공분양,전남,0
2022-07,,LH,공공분양,경북,0
2022-07,,LH,공공분양,경남,0
2022-07,,LH,공공분양,제주,0
2022-07,,주택업체,소계,전국,1101
2022-07,,주택업체,소계,서울,28
2022-07,,주택업체,소계,인천,1073
2022-07,,주택업체,소계,경기,0
2022-07,,주택업체,소계,부산,0
2022-07,,주택업체,소계,대구,0
2022-07,,주택업체,소계,광주,0
2022-07,,주택업체,소계,대전,0
2022-07,,주택업체,소계,울산,0
2022-07,,주택업체,소계,세종,0
2022-07,,주택업체,소계,강원,0
2022-07,,주택업체,소계,충북,0
2022-07,,주택업체,소계,충남,0
2022-07,,주택업체,소계,전북,0
2022-07,,주택업체,소계,전남,0
2022-07,,주택업체,소계,경북,0
2022-07,,주택업체,소계,경남,0
2022-07,,주택업체,소계,제주,0
2022-07,,주택업체,국민임대,전국,0
2022-07,,주택업체,국민임대,서울,0
2022-07,,주택업체,국민임대,인천,0
2022-07,,주택업체,국민임대,경기,0
2022-07,,주택업체,국민임대,부산,0
2022-07,,주택업체,국민임대,대구,0
2022-07,,주택업체,국민임대,광주,0
2022-07,,주택업체,국민임대,대전,0
2022-07,,주택업체,국민임대,울산,0
2022-07,,주택업체,국민임대,세종,0
2022-07,,주택업체,국민임대,강원,0
2022-07,,주택업체,국민임대,충북,0
2022-07,,주택업체,국민임대,충남,0
2022-07,,주택업체,국민임대,전북,0
2022-07,,주택업체,국민임대,전남,0
2022-07,,주택업체,국민임대,경북,0
2022-07,,주택업체,국민임대,경남,0
2022-07,,주택업체,국민임대,제주,0
2022-07,,주택업체,공공임대,전국,1101
2022-07,,주택업체,공공임대,서울,28
2022-07,,주택업체,공공임대,인천,1073
2022-07,,주택업체,공공임대,경기,0
2022-07,,주택업체,공공임대,부산,0
2022-07,,주택업체,공공임대,대구,0
2022-07,,주택업체,공공임대,광주,0
2022-07,,주택업체,공공임대,대전,0
2022-07,,주택업체,공공임대,울산,0
2022-07,,주택업체,공공임대,세종,0
2022-07,,주택업체,공공임대,강원,0
2022-07,,주택업체,공공임대,충북,0
2022-07,,주택업체,공공임대,충남,0
2022-07,,주택업체,공공임대,전북,0
2022-07,,주택업체,공공임대,전남,0
2022-07,,주택업체,공공임대,경북,0
2022-07,,주택업체,공공임대,경남,0
2022-07,,주택업체,공공임대,제주,0
2022-07,,주택업체,공공분양,전국,0
2022-07,,주택업체,공공분양,서울,0
2022-07,,주택업체,공공분양,인천,0
2022-07,,주택업체,공공분양,경기,0
2022-07,,주택업체,공공분양,부산,0
2022-07,,주택업체,공공분양,대구,0
2022-07,,주택업체,공공분양,광주,0
2022-07,,주택업체,공공분양,대전,0
2022-07,,주택업체,공공분양,울산,0
2022-07,,주택업체,공공분양,세종,0
2022-07,,주택업체,공공분양,강원,0
2022-07,,주택업체,공공분양,충북,0
2022-07,,주택업체,공공분양,충남,0
2022-07,,주택업체,공공분양,전북,0
2022-07,,주택업체,공공분양,전남,0
2022-07,,주택업체,공공분양,경북,0
2022-07,,주택업체,공공분양,경남,0
2022-07,,주택업체,공공분양,제주,0
2022-07,,민간부문,소계,전국,29682
2022-07,,민간부문,소계,서울,2650
2022-07,,민간부문,소계,인천,1801
2022-07,,민간부문,소계,경기,13977
2022-07,,민간부문,소계,부산,1643
2022-07,,민간부문,소계,대구,1434
2022-07,,민간부문,소계,광주,822
2022-07,,민간부문,소계,대전,2106
2022-07,,민간부문,소계,울산,1005
2022-07,,민간부문,소계,세종,42
2022-07,,민간부문,소계,강원,1413
2022-07,,민간부문,소계,충북,346
2022-07,,민간부문,소계,충남,699
2022-07,,민간부문,소계,전북,215
2022-07,,민간부문,소계,전남,400
2022-07,,민간부문,소계,경북,570
2022-07,,민간부문,소계,경남,330
2022-07,,민간부문,소계,제주,229
2022-07,,민간,민간임대,전국,81
2022-07,,민간,민간임대,서울,0
2022-07,,민간,민간임대,인천,0
2022-07,,민간,민간임대,경기,0
2022-07,,민간,민간임대,부산,0
2022-07,,민간,민간임대,대구,0
2022-07,,민간,민간임대,광주,0
2022-07,,민간,민간임대,대전,0
2022-07,,민간,민간임대,울산,0
2022-07,,민간,민간임대,세종,0
2022-07,,민간,민간임대,강원,0
2022-07,,민간,민간임대,충북,0
2022-07,,민간,민간임대,충남,0
2022-07,,민간,민간임대,전북,0
2022-07,,민간,민간임대,전남,0
2022-07,,민간,민간임대,경북,81
2022-07,,민간,민간임대,경남,0
2022-07,,민간,민간임대,제주,0
2022-07,,민간,민간분양,전국,29601
2022-07,,민간,민간분양,서울,2650
2022-07,,민간,민간분양,인천,1801
2022-07,,민간,민간분양,경기,13977
2022-07,,민간,민간분양,부산,1643
2022-07,,민간,민간분양,대구,1434
2022-07,,민간,민간분양,광주,822
2022-07,,민간,민간분양,대전,2106
2022-07,,민간,민간분양,울산,1005
2022-07,,민간,민간분양,세종,42
2022-07,,민간,민간분양,강원,1413
2022-07,,민간,민간분양,충북,346
2022-07,,민간,민간분양,충남,699
2022-07,,민간,민간분양,전북,215
2022-07,,민간,민간분양,전남,400
2022-07,,민간,민간분양,경북,489
2022-07,,민간,민간분양,경남,330
2022-07,,민간,민간분양,제주,229
2022-08,,총계,총계,전국,38560
2022-08,,총계,총계,서울,7659
2022-08,,총계,총계,인천,7135
2022-08,,총계,총계,경기,12213
2022-08,,총계,총계,부산,1851
2022-08,,총계,총계,대구,1633
2022-08,,총계,총계,광주,755
2022-08,,총계,총계,대전,878
2022-08,,총계,총계,울산,236
2022-08,,총계,총계,세종,21
2022-08,,총계,총계,강원,390
2022-08,,총계,총계,충북,832
2022-08,,총계,총계,충남,1958
2022-08,,총계,총계,전북,197
2022-08,,총계,총계,전남,1645
2022-08,,총계,총계,경북,421
2022-08,,총계,총계,경남,401
2022-08,,총계,총계,제주,335
2022-08,,공공부문,소계,전국,7730
2022-08,,공공부문,소계,서울,16
2022-08,,공공부문,소계,인천,909
2022-08,,공공부문,소계,경기,5890
2022-08,,공공부문,소계,부산,638
2022-08,,공공부문,소계,대구,0
2022-08,,공공부문,소계,광주,47
2022-08,,공공부문,소계,대전,0
2022-08,,공공부문,소계,울산,0
2022-08,,공공부문,소계,세종,0
2022-08,,공공부문,소계,강원,0
2022-08,,공공부문,소계,충북,0
2022-08,,공공부문,소계,충남,0
2022-08,,공공부문,소계,전북,0
2022-08,,공공부문,소계,전남,230
2022-08,,공공부문,소계,경북,0
2022-08,,공공부문,소계,경남,0
2022-08,,공공부문,소계,제주,0
2022-08,,합,국민임대,전국,1664
2022-08,,합,국민임대,서울,0
2022-08,,합,국민임대,인천,0
2022-08,,합,국민임대,경기,1504
2022-08,,합,국민임대,부산,0
2022-08,,합,국민임대,대구,0
2022-08,,합,국민임대,광주,0
2022-08,,합,국민임대,대전,0
2022-08,,합,국민임대,울산,0
2022-08,,합,국민임대,세종,0
2022-08,,합,국민임대,강원,0
2022-08,,합,국민임대,충북,0
2022-08,,합,국민임대,충남,0
2022-08,,합,국민임대,전북,0
2022-08,,합,국민임대,전남,160
2022-08,,합,국민임대,경북,0
2022-08,,합,국민임대,경남,0
2022-08,,합,국민임대,제주,0
2022-08,,합,공공임대,전국,4570
2022-08,,합,공공임대,서울,16
2022-08,,합,공공임대,인천,0
2022-08,,합,공공임대,경기,3799
2022-08,,합,공공임대,부산,638
2022-08,,합,공공임대,대구,0
2022-08,,합,공공임대,광주,47
2022-08,,합,공공임대,대전,0
2022-08,,합,공공임대,울산,0
2022-08,,합,공공임대,세종,0
2022-08,,합,공공임대,강원,0
2022-08,,합,공공임대,충북,0
2022-08,,합,공공임대,충남,0
2022-08,,합,공공임대,전북,0
2022-08,,합,공공임대,전남,70
2022-08,,합,공공임대,경북,0
2022-08,,합,공공임대,경남,0
2022-08,,합,공공임대,제주,0
2022-08,,합,공공분양,전국,1496
2022-08,,합,공공분양,서울,0
2022-08,,합,공공분양,인천,909
2022-08,,합,공공분양,경기,587
2022-08,,합,공공분양,부산,0
2022-08,,합,공공분양,대구,0
2022-08,,합,공공분양,광주,0
2022-08,,합,공공분양,대전,0
2022-08,,합,공공분양,울산,0
2022-08,,합,공공분양,세종,0
2022-08,,합,공공분양,강원,0
2022-08,,합,공공분양,충북,0
2022-08,,합,공공분양,충남,0
2022-08,,합,공공분양,전북,0
2022-08,,합,공공분양,전남,0
2022-08,,합,공공분양,경북,0
2022-08,,합,공공분양,경남,0
2022-08,,합,공공분양,제주,0
2022-08,,지자체,소계,전국,909
2022-08,,지자체,소계,서울,0
2022-08,,지자체,소계,인천,909
2022-08,,지자체,소계,경기,0
2022-08,,지자체,소계,부산,0
2022-08,,지자체,소계,대구,0
2022-08,,지자체,소계,광주,0
2022-08,,지자체,소계,대전,0
2022-08,,지자체,소계,울산,0
2022-08,,지자체,소계,세종,0
2022-08,,지자체,소계,강원,0
2022-08,,지자체,소계,충북,0
2022-08,,지자체,소계,충남,0
2022-08,,지자체,소계,전북,0
2022-08,,지자체,소계,전남,0
2022-08,,지자체,소계,경북,0
2022-08,,지자체,소계,경남,0
2022-08,,지자체,소계,제주,0
2022-08,,지자체,국민임대,전국,0
2022-08,,지자체,국민임대,서울,0
2022-08,,지자체,국민임대,인천,0
2022-08,,지자체,국민임대,경기,0
2022-08,,지자체,국민임대,부산,0
2022-08,,지자체,국민임대,대구,0
2022-08,,지자체,국민임대,광주,0
2022-08,,지자체,국민임대,대전,0
2022-08,,지자체,국민임대,울산,0
2022-08,,지자체,국민임대,세종,0
2022-08,,지자체,국민임대,강원,0
2022-08,,지자체,국민임대,충북,0
2022-08,,지자체,국민임대,충남,0
2022-08,,지자체,국민임대,전북,0
2022-08,,지자체,국민임대,전남,0
2022-08,,지자체,국민임대,경북,0
2022-08,,지자체,국민임대,경남,0
2022-08,,지자체,국민임대,제주,0
2022-08,,지자체,공공임대,전국,0
2022-08,,지자체,공공임대,서울,0
2022-08,,지자체,공공임대,인천,0
2022-08,,지자체,공공임대,경기,0
2022-08,,지자체,공공임대,부산,0
2022-08,,지자체,공공임대,대구,0
2022-08,,지자체,공공임대,광주,0
2022-08,,지자체,공공임대,대전,0
2022-08,,지자체,공공임대,울산,0
2022-08,,지자체,공공임대,세종,0
2022-08,,지자체,공공임대,강원,0
2022-08,,지자체,공공임대,충북,0
2022-08,,지자체,공공임대,충남,0
2022-08,,지자체,공공임대,전북,0
2022-08,,지자체,공공임대,전남,0
2022-08,,지자체,공공임대,경북,0
2022-08,,지자체,공공임대,경남,0
2022-08,,지자체,공공임대,제주,0
2022-08,,지자체,공공분양,전국,909
2022-08,,지자체,공공분양,서울,0
2022-08,,지자체,공공분양,인천,909
2022-08,,지자체,공공분양,경기,0
2022-08,,지자체,공공분양,부산,0
2022-08,,지자체,공공분양,대구,0
2022-08,,지자체,공공분양,광주,0
2022-08,,지자체,공공분양,대전,0
2022-08,,지자체,공공분양,울산,0
2022-08,,지자체,공공분양,세종,0
2022-08,,지자체,공공분양,강원,0
2022-08,,지자체,공공분양,충북,0
2022-08,,지자체,공공분양,충남,0
2022-08,,지자체,공공분양,전북,0
2022-08,,지자체,공공분양,전남,0
2022-08,,지자체,공공분양,경북,0
2022-08,,지자체,공공분양,경남,0
2022-08,,지자체,공공분양,제주,0
2022-08,,LH,소계,전국,4423
2022-08,,LH,소계,서울,0
2022-08,,LH,소계,인천,0
2022-08,,LH,소계,경기,4193
2022-08,,LH,소계,부산,0
2022-08,,LH,소계,대구,0
2022-08,,LH,소계,광주,0
2022-08,,LH,소계,대전,0
2022-08,,LH,소계,울산,0
2022-08,,LH,소계,세종,0
2022-08,,LH,소계,강원,0
2022-08,,LH,소계,충북,0
2022-08,,LH,소계,충남,0
2022-08,,LH,소계,전북,0
2022-08,,LH,소계,전남,230
2022-08,,LH,소계,경북,0
2022-08,,LH,소계,경남,0
2022-08,,LH,소계,제주,0
2022-08,,LH,국민임대,전국,1664
2022-08,,LH,국민임대,서울,0
2022-08,,LH,국민임대,인천,0
2022-08,,LH,국민임대,경기,1504
2022-08,,LH,국민임대,부산,0
2022-08,,LH,국민임대,대구,0
2022-08,,LH,국민임대,광주,0
2022-08,,LH,국민임대,대전,0
2022-08,,LH,국민임대,울산,0
2022-08,,LH,국민임대,세종,0
2022-08,,LH,국민임대,강원,0
2022-08,,LH,국민임대,충북,0
2022-08,,LH,국민임대,충남,0
2022-08,,LH,국민임대,전북,0
2022-08,,LH,국민임대,전남,160
2022-08,,LH,국민임대,경북,0
2022-08,,LH,국민임대,경남,0
2022-08,,LH,국민임대,제주,0
2022-08,,LH,공공임대,전국,2172
2022-08,,LH,공공임대,서울,0
2022-08,,LH,공공임대,인천,0
2022-08,,LH,공공임대,경기,2102
2022-08,,LH,공공임대,부산,0
2022-08,,LH,공공임대,대구,0
2022-08,,LH,공공임대,광주,0
2022-08,,LH,공공임대,대전,0
2022-08,,LH,공공임대,울산,0
2022-08,,LH,공공임대,세종,0
2022-08,,LH,공공임대,강원,0
2022-08,,LH,공공임대,충북,0
2022-08,,LH,공공임대,충남,0
2022-08,,LH,공공임대,전북,0
2022-08,,LH,공공임대,전남,70
2022-08,,LH,공공임대,경북,0
2022-08,,LH,공공임대,경남,0
2022-08,,LH,공공임대,제주,0
2022-08,,LH,공공분양,전국,587
2022-08,,LH,공공분양,서울,0
2022-08,,LH,공공분양,인천,0
2022-08,,LH,공공분양,경기,587
2022-08,,LH,공공분양,부산,0
2022-08,,LH,공공분양,대구,0
2022-08,,LH,공공분양,광주,0
2022-08,,LH,공공분양,대전,0
2022-08,,LH,공공분양,울산,0
2022-08,,LH,공공분양,세종,0
2022-08,,LH,공공분양,강원,0
2022-08,,LH,공공분양,충북,0
2022-08,,LH,공공분양,충남,0
2022-08,,LH,공공분양,전북,0
2022-08,,LH,공공분양,전남,0
2022-08,,LH,공공분양,경북,0
2022-08,,LH,공공분양,경남,0
2022-08,,LH,공공분양,제주,0
2022-08,,주택업체,소계,전국,2398
2022-08,,주택업체,소계,서울,16
2022-08,,주택업체,소계,인천,0
2022-08,,주택업체,소계,경기,1697
2022-08,,주택업체,소계,부산,638
2022-08,,주택업체,소계,대구,0
2022-08,,주택업체,소계,광주,47
2022-08,,주택업체,소계,대전,0
2022-08,,주택업체,소계,울산,0
2022-08,,주택업체,소계,세종,0
2022-08,,주택업체,소계,강원,0
2022-08,,주택업체,소계,충북,0
2022-08,,주택업체,소계,충남,0
2022-08,,주택업체,소계,전북,0
2022-08,,주택업체,소계,전남,0
2022-08,,주택업체,소계,경북,0
2022-08,,주택업체,소계,경남,0
2022-08,,주택업체,소계,제주,0
2022-08,,주택업체,국민임대,전국,0
2022-08,,주택업체,국민임대,서울,0
2022-08,,주택업체,국민임대,인천,0
2022-08,,주택업체,국민임대,경기,0
2022-08,,주택업체,국민임대,부산,0
2022-08,,주택업체,국민임대,대구,0
2022-08,,주택업체,국민임대,광주,0
2022-08,,주택업체,국민임대,대전,0
2022-08,,주택업체,국민임대,울산,0
2022-08,,주택업체,국민임대,세종,0
2022-08,,주택업체,국민임대,강원,0
2022-08,,주택업체,국민임대,충북,0
2022-08,,주택업체,국민임대,충남,0
2022-08,,주택업체,국민임대,전북,0
2022-08,,주택업체,국민임대,전남,0
2022-08,,주택업체,국민임대,경북,0
2022-08,,주택업체,국민임대,경남,0
2022-08,,주택업체,국민임대,제주,0
2022-08,,주택업체,공공임대,전국,2398
2022-08,,주택업체,공공임대,서울,16
2022-08,,주택업체,공공임대,인천,0
2022-08,,주택업체,공공임대,경기,1697
2022-08,,주택업체,공공임대,부산,638
2022-08,,주택업체,공공임대,대구,0
2022-08,,주택업체,공공임대,광주,47
2022-08,,주택업체,공공임대,대전,0
2022-08,,주택업체,공공임대,울산,0
2022-08,,주택업체,공공임대,세종,0
2022-08,,주택업체,공공임대,강원,0
2022-08,,주택업체,공공임대,충북,0
2022-08,,주택업체,공공임대,충남,0
2022-08,,주택업체,공공임대,전북,0
2022-08,,주택업체,공공임대,전남,0
2022-08,,주택업체,공공임대,경북,0
2022-08,,주택업체,공공임대,경남,0
2022-08,,주택업체,공공임대,제주,0
2022-08,,주택업체,공공분양,전국,0
2022-08,,주택업체,공공분양,서울,0
2022-08,,주택업체,공공분양,인천,0
2022-08,,주택업체,공공분양,경기,0
2022-08,,주택업체,공공분양,부산,0
2022-08,,주택업체,공공분양,대구,0
2022-08,,주택업체,공공분양,광주,0
2022-08,,주택업체,공공분양,대전,0
2022-08,,주택업체,공공분양,울산,0
2022-08,,주택업체,공공분양,세종,0
2022-08,,주택업체,공공분양,강원,0
2022-08,,주택업체,공공분양,충북,0
2022-08,,주택업체,공공분양,충남,0
2022-08,,주택업체,공공분양,전북,0
2022-08,,주택업체,공공분양,전남,0
2022-08,,주택업체,공공분양,경북,0
2022-08,,주택업체,공공분양,경남,0
2022-08,,주택업체,공공분양,제주,0
2022-08,,민간부문,소계,전국,30830
2022-08,,민간부문,소계,서울,7643
2022-08,,민간부문,소계,인천,6226
2022-08,,민간부문,소계,경기,6323
2022-08,,민간부문,소계,부산,1213
2022-08,,민간부문,소계,대구,1633
2022-08,,민간부문,소계,광주,708
2022-08,,민간부문,소계,대전,878
2022-08,,민간부문,소계,울산,236
2022-08,,민간부문,소계,세종,21
2022-08,,민간부문,소계,강원,390
2022-08,,민간부문,소계,충북,832
2022-08,,민간부문,소계,충남,1958
2022-08,,민간부문,소계,전북,197
2022-08,,민간부문,소계,전남,1415
2022-08,,민간부문,소계,경북,421
2022-08,,민간부문,소계,경남,401
2022-08,,민간부문,소계,제주,335
2022-08,,민간,민간임대,전국,6198
2022-08,,민간,민간임대,서울,3348
2022-08,,민간,민간임대,인천,1856
2022-08,,민간,민간임대,경기,0
2022-08,,민간,민간임대,부산,0
2022-08,,민간,민간임대,대구,0
2022-08,,민간,민간임대,광주,193
2022-08,,민간,민간임대,대전,0
2022-08,,민간,민간임대,울산,0
2022-08,,민간,민간임대,세종,0
2022-08,,민간,민간임대,강원,0
2022-08,,민간,민간임대,충북,0
2022-08,,민간,민간임대,충남,681
2022-08,,민간,민간임대,전북,0
2022-08,,민간,민간임대,전남,0
2022-08,,민간,민간임대,경북,0
2022-08,,민간,민간임대,경남,120
2022-08,,민간,민간임대,제주,0
2022-08,,민간,민간분양,전국,24632
2022-08,,민간,민간분양,서울,4295
2022-08,,민간,민간분양,인천,4370
2022-08,,민간,민간분양,경기,6323
2022-08,,민간,민간분양,부산,1213
2022-08,,민간,민간분양,대구,1633
2022-08,,민간,민간분양,광주,515
2022-08,,민간,민간분양,대전,878
2022-08,,민간,민간분양,울산,236
2022-08,,민간,민간분양,세종,21
2022-08,,민간,민간분양,강원,390
2022-08,,민간,민간분양,충북,832
2022-08,,민간,민간분양,충남,1277
2022-08,,민간,민간분양,전북,197
2022-08,,민간,민간분양,전남,1415
2022-08,,민간,민간분양,경북,421
2022-08,,민간,민간분양,경남,281
2022-08,,민간,민간분양,제주,335
2022-09,,총계,총계,전국,39287
2022-09,,총계,총계,서울,2110
2022-09,,총계,총계,인천,2311
2022-09,,총계,총계,경기,15076
2022-09,,총계,총계,부산,6787
2022-09,,총계,총계,대구,2509
2022-09,,총계,총계,광주,572
2022-09,,총계,총계,대전,326
2022-09,,총계,총계,울산,59
2022-09,,총계,총계,세종,220
2022-09,,총계,총계,강원,305
2022-09,,총계,총계,충북,302
2022-09,,총계,총계,충남,3636
2022-09,,총계,총계,전북,1513
2022-09,,총계,총계,전남,1560
2022-09,,총계,총계,경북,320
2022-09,,총계,총계,경남,1380
2022-09,,총계,총계,제주,301
2022-09,,공공부문,소계,전국,8223
2022-09,,공공부문,소계,서울,0
2022-09,,공공부문,소계,인천,499
2022-09,,공공부문,소계,경기,3787
2022-09,,공공부문,소계,부산,283
2022-09,,공공부문,소계,대구,0
2022-09,,공공부문,소계,광주,0
2022-09,,공공부문,소계,대전,80
2022-09,,공공부문,소계,울산,0
2022-09,,공공부문,소계,세종,0
2022-09,,공공부문,소계,강원,0
2022-09,,공공부문,소계,충북,30
2022-09,,공공부문,소계,충남,2504
2022-09,,공공부문,소계,전북,830
2022-09,,공공부문,소계,전남,0
2022-09,,공공부문,소계,경북,0
2022-09,,공공부문,소계,경남,130
2022-09,,공공부문,소계,제주,80
2022-09,,합,국민임대,전국,1437
2022-09,,합,국민임대,서울,0
2022-09,,합,국민임대,인천,0
2022-09,,합,국민임대,경기,140
2022-09,,합,국민임대,부산,115
2022-09,,합,국민임대,대구,0
2022-09,,합,국민임대,광주,0
2022-09,,합,국민임대,대전,0
2022-09,,합,국민임대,울산,0
2022-09,,합,국민임대,세종,0
2022-09,,합,국민임대,강원,0
2022-09,,합,국민임대,충북,0
2022-09,,합,국민임대,충남,1082
2022-09,,합,국민임대,전북,0
2022-09,,합,국민임대,전남,0
2022-09,,합,국민임대,경북,0
2022-09,,합,국민임대,경남,100
2022-09,,합,국민임대,제주,0
2022-09,,합,공공임대,전국,2413
2022-09,,합,공공임대,서울,0
2022-09,,합,공공임대,인천,0
2022-09,,합,공공임대,경기,561
2022-09,,합,공공임대,부산,168
2022-09,,합,공공임대,대구,0
2022-09,,합,공공임대,광주,0
2022-09,,합,공공임대,대전,80
2022-09,,합,공공임대,울산,0
2022-09,,합,공공임대,세종,0
2022-09,,합,공공임대,강원,0
2022-09,,합,공공임대,충북,30
2022-09,,합,공공임대,충남,714
2022-09,,합,공공임대,전북,830
2022-09,,합,공공임대,전남,0
2022-09,,합,공공임대,경북,0
2022-09,,합,공공임대,경남,30
2022-09,,합,공공임대,제주,0
2022-09,,합,공공분양,전국,4373
2022-09,,합,공공분양,서울,0
2022-09,,합,공공분양,인천,499
2022-09,,합,공공분양,경기,3086
2022-09,,합,공공분양,부산,0
2022-09,,합,공공분양,대구,0
2022-09,,합,공공분양,광주,0
2022-09,,합,공공분양,대전,0
2022-09,,합,공공분양,울산,0
2022-09,,합,공공분양,세종,0
2022-09,,합,공공분양,강원,0
2022-09,,합,공공분양,충북,0
2022-09,,합,공공분양,충남,708
2022-09,,합,공공분양,전북,0
2022-09,,합,공공분양,전남,0
2022-09,,합,공공분양,경북,0
2022-09,,합,공공분양,경남,0
2022-09,,합,공공분양,제주,80
2022-09,,지자체,소계,전국,499
2022-09,,지자체,소계,서울,0
2022-09,,지자체,소계,인천,499
2022-09,,지자체,소계,경기,0
2022-09,,지자체,소계,부산,0
2022-09,,지자체,소계,대구,0
2022-09,,지자체,소계,광주,0
2022-09,,지자체,소계,대전,0
2022-09,,지자체,소계,울산,0
2022-09,,지자체,소계,세종,0
2022-09,,지자체,소계,강원,0
2022-09,,지자체,소계,충북,0
2022-09,,지자체,소계,충남,0
2022-09,,지자체,소계,전북,0
2022-09,,지자체,소계,전남,0
2022-09,,지자체,소계,경북,0
2022-09,,지자체,소계,경남,0
2022-09,,지자체,소계,제주,0
2022-09,,지자체,국민임대,전국,0
2022-09,,지자체,국민임대,서울,0
2022-09,,지자체,국민임대,인천,0
2022-09,,지자체,국민임대,경기,0
2022-09,,지자체,국민임대,부산,0
2022-09,,지자체,국민임대,대구,0
2022-09,,지자체,국민임대,광주,0
2022-09,,지자체,국민임대,대전,0
2022-09,,지자체,국민임대,울산,0
2022-09,,지자체,국민임대,세종,0
2022-09,,지자체,국민임대,강원,0
2022-09,,지자체,국민임대,충북,0
2022-09,,지자체,국민임대,충남,0
2022-09,,지자체,국민임대,전북,0
2022-09,,지자체,국민임대,전남,0
2022-09,,지자체,국민임대,경북,0
2022-09,,지자체,국민임대,경남,0
2022-09,,지자체,국민임대,제주,0
2022-09,,지자체,공공임대,전국,0
2022-09,,지자체,공공임대,서울,0
2022-09,,지자체,공공임대,인천,0
2022-09,,지자체,공공임대,경기,0
2022-09,,지자체,공공임대,부산,0
2022-09,,지자체,공공임대,대구,0
2022-09,,지자체,공공임대,광주,0
2022-09,,지자체,공공임대,대전,0
2022-09,,지자체,공공임대,울산,0
2022-09,,지자체,공공임대,세종,0
2022-09,,지자체,공공임대,강원,0
2022-09,,지자체,공공임대,충북,0
2022-09,,지자체,공공임대,충남,0
2022-09,,지자체,공공임대,전북,0
2022-09,,지자체,공공임대,전남,0
2022-09,,지자체,공공임대,경북,0
2022-09,,지자체,공공임대,경남,0
2022-09,,지자체,공공임대,제주,0
2022-09,,지자체,공공분양,전국,499
2022-09,,지자체,공공분양,서울,0
2022-09,,지자체,공공분양,인천,499
2022-09,,지자체,공공분양,경기,0
2022-09,,지자체,공공분양,부산,0
2022-09,,지자체,공공분양,대구,0
2022-09,,지자체,공공분양,광주,0
2022-09,,지자체,공공분양,대전,0
2022-09,,지자체,공공분양,울산,0
2022-09,,지자체,공공분양,세종,0
2022-09,,지자체,공공분양,강원,0
2022-09,,지자체,공공분양,충북,0
2022-09,,지자체,공공분양,충남,0
2022-09,,지자체,공공분양,전북,0
2022-09,,지자체,공공분양,전남,0
2022-09,,지자체,공공분양,경북,0
2022-09,,지자체,공공분양,경남,0
2022-09,,지자체,공공분양,제주,0
2022-09,,LH,소계,전국,6531
2022-09,,LH,소계,서울,0
2022-09,,LH,소계,인천,0
2022-09,,LH,소계,경기,3787
2022-09,,LH,소계,부산,0
2022-09,,LH,소계,대구,0
2022-09,,LH,소계,광주,0
2022-09,,LH,소계,대전,80
2022-09,,LH,소계,울산,0
2022-09,,LH,소계,세종,0
2022-09,,LH,소계,강원,0
2022-09,,LH,소계,충북,30
2022-09,,LH,소계,충남,2504
2022-09,,LH,소계,전북,0
2022-09,,LH,소계,전남,0
2022-09,,LH,소계,경북,0
2022-09,,LH,소계,경남,130
2022-09,,LH,소계,제주,0
2022-09,,LH,국민임대,전국,1322
2022-09,,LH,국민임대,서울,0
2022-09,,LH,국민임대,인천,0
2022-09,,LH,국민임대,경기,140
2022-09,,LH,국민임대,부산,0
2022-09,,LH,국민임대,대구,0
2022-09,,LH,국민임대,광주,0
2022-09,,LH,국민임대,대전,0
2022-09,,LH,국민임대,울산,0
2022-09,,LH,국민임대,세종,0
2022-09,,LH,국민임대,강원,0
2022-09,,LH,국민임대,충북,0
2022-09,,LH,국민임대,충남,1082
2022-09,,LH,국민임대,전북,0
2022-09,,LH,국민임대,전남,0
2022-09,,LH,국민임대,경북,0
2022-09,,LH,국민임대,경남,100
2022-09,,LH,국민임대,제주,0
2022-09,,LH,공공임대,전국,1415
2022-09,,LH,공공임대,서울,0
2022-09,,LH,공공임대,인천,0
2022-09,,LH,공공임대,경기,561
2022-09,,LH,공공임대,부산,0
2022-09,,LH,공공임대,대구,0
2022-09,,LH,공공임대,광주,0
2022-09,,LH,공공임대,대전,80
2022-09,,LH,공공임대,울산,0
2022-09,,LH,공공임대,세종,0
2022-09,,LH,공공임대,강원,0
2022-09,,LH,공공임대,충북,30
2022-09,,LH,공공임대,충남,714
2022-09,,LH,공공임대,전북,0
2022-09,,LH,공공임대,전남,0
2022-09,,LH,공공임대,경북,0
2022-09,,LH,공공임대,경남,30
2022-09,,LH,공공임대,제주,0
2022-09,,LH,공공분양,전국,3794
2022-09,,LH,공공분양,서울,0
2022-09,,LH,공공분양,인천,0
2022-09,,LH,공공분양,경기,3086
2022-09,,LH,공공분양,부산,0
2022-09,,LH,공공분양,대구,0
2022-09,,LH,공공분양,광주,0
2022-09,,LH,공공분양,대전,0
2022-09,,LH,공공분양,울산,0
2022-09,,LH,공공분양,세종,0
2022-09,,LH,공공분양,강원,0
2022-09,,LH,공공분양,충북,0
2022-09,,LH,공공분양,충남,708
2022-09,,LH,공공분양,전북,0
2022-09,,LH,공공분양,전남,0
2022-09,,LH,공공분양,경북,0
2022-09,,LH,공공분양,경남,0
2022-09,,LH,공공분양,제주,0
2022-09,,주택업체,소계,전국,1193
2022-09,,주택업체,소계,서울,0
2022-09,,주택업체,소계,인천,0
2022-09,,주택업체,소계,경기,0
2022-09,,주택업체,소계,부산,283
2022-09,,주택업체,소계,대구,0
2022-09,,주택업체,소계,광주,0
2022-09,,주택업체,소계,대전,0
2022-09,,주택업체,소계,울산,0
2022-09,,주택업체,소계,세종,0
2022-09,,주택업체,소계,강원,0
2022-09,,주택업체,소계,충북,0
2022-09,,주택업체,소계,충남,0
2022-09,,주택업체,소계,전북,830
2022-09,,주택업체,소계,전남,0
2022-09,,주택업체,소계,경북,0
2022-09,,주택업체,소계,경남,0
2022-09,,주택업체,소계,제주,80
2022-09,,주택업체,국민임대,전국,115
2022-09,,주택업체,국민임대,서울,0
2022-09,,주택업체,국민임대,인천,0
2022-09,,주택업체,국민임대,경기,0
2022-09,,주택업체,국민임대,부산,115
2022-09,,주택업체,국민임대,대구,0
2022-09,,주택업체,국민임대,광주,0
2022-09,,주택업체,국민임대,대전,0
2022-09,,주택업체,국민임대,울산,0
2022-09,,주택업체,국민임대,세종,0
2022-09,,주택업체,국민임대,강원,0
2022-09,,주택업체,국민임대,충북,0
2022-09,,주택업체,국민임대,충남,0
2022-09,,주택업체,국민임대,전북,0
2022-09,,주택업체,국민임대,전남,0
2022-09,,주택업체,국민임대,경북,0
2022-09,,주택업체,국민임대,경남,0
2022-09,,주택업체,국민임대,제주,0
2022-09,,주택업체,공공임대,전국,998
2022-09,,주택업체,공공임대,서울,0
2022-09,,주택업체,공공임대,인천,0
2022-09,,주택업체,공공임대,경기,0
2022-09,,주택업체,공공임대,부산,168
2022-09,,주택업체,공공임대,대구,0
2022-09,,주택업체,공공임대,광주,0
2022-09,,주택업체,공공임대,대전,0
2022-09,,주택업체,공공임대,울산,0
2022-09,,주택업체,공공임대,세종,0
2022-09,,주택업체,공공임대,강원,0
2022-09,,주택업체,공공임대,충북,0
2022-09,,주택업체,공공임대,충남,0
2022-09,,주택업체,공공임대,전북,830
2022-09,,주택업체,공공임대,전남,0
2022-09,,주택업체,공공임대,경북,0
2022-09,,주택업체,공공임대,경남,0
2022-09,,주택업체,공공임대,제주,0
2022-09,,주택업체,공공분양,전국,80
2022-09,,주택업체,공공분양,서울,0
2022-09,,주택업체,공공분양,인천,0
2022-09,,주택업체,공공분양,경기,0
2022-09,,주택업체,공공분양,부산,0
2022-09,,주택업체,공공분양,대구,0
2022-09,,주택업체,공공분양,광주,0
2022-09,,주택업체,공공분양,대전,0
2022-09,,주택업체,공공분양,울산,0
2022-09,,주택업체,공공분양,세종,0
2022-09,,주택업체,공공분양,강원,0
2022-09,,주택업체,공공분양,충북,0
2022-09,,주택업체,공공분양,충남,0
2022-09,,주택업체,공공분양,전북,0
2022-09,,주택업체,공공분양,전남,0
2022-09,,주택업체,공공분양,경북,0
2022-09,,주택업체,공공분양,경남,0
2022-09,,주택업체,공공분양,제주,80
2022-09,,민간부문,소계,전국,31064
2022-09,,민간부문,소계,서울,2110
2022-09,,민간부문,소계,인천,1812
2022-09,,민간부문,소계,경기,11289
2022-09,,민간부문,소계,부산,6504
2022-09,,민간부문,소계,대구,2509
2022-09,,민간부문,소계,광주,572
2022-09,,민간부문,소계,대전,246
2022-09,,민간부문,소계,울산,59
2022-09,,민간부문,소계,세종,220
2022-09,,민간부문,소계,강원,305
2022-09,,민간부문,소계,충북,272
2022-09,,민간부문,소계,충남,1132
2022-09,,민간부문,소계,전북,683
2022-09,,민간부문,소계,전남,1560
2022-09,,민간부문,소계,경북,320
2022-09,,민간부문,소계,경남,1250
2022-09,,민간부문,소계,제주,221
2022-09,,민간,민간임대,전국,1222
2022-09,,민간,민간임대,서울,82
2022-09,,민간,민간임대,인천,0
2022-09,,민간,민간임대,경기,150
2022-09,,민간,민간임대,부산,420
2022-09,,민간,민간임대,대구,0
2022-09,,민간,민간임대,광주,0
2022-09,,민간,민간임대,대전,0
2022-09,,민간,민간임대,울산,0
2022-09,,민간,민간임대,세종,78
2022-09,,민간,민간임대,강원,0
2022-09,,민간,민간임대,충북,0
2022-09,,민간,민간임대,충남,0
2022-09,,민간,민간임대,전북,294
2022-09,,민간,민간임대,전남,198
2022-09,,민간,민간임대,경북,0
2022-09,,민간,민간임대,경남,0
2022-09,,민간,민간임대,제주,0
2022-09,,민간,민간분양,전국,29842
2022-09,,민간,민간분양,서울,2028
2022-09,,민간,민간분양,인천,1812
2022-09,,민간,민간분양,경기,11139
2022-09,,민간,민간분양,부산,6084
2022-09,,민간,민간분양,대구,2509
2022-09,,민간,민간분양,광주,572
2022-09,,민간,민간분양,대전,246
2022-09,,민간,민간분양,울산,59
2022-09,,민간,민간분양,세종,142
2022-09,,민간,민간분양,강원,305
2022-09,,민간,민간분양,충북,272
2022-09,,민간,민간분양,충남,1132
2022-09,,민간,민간분양,전북,389
2022-09,,민간,민간분양,전남,1362
2022-09,,민간,민간분양,경북,320
2022-09,,민간,민간분양,경남,1250
2022-09,,민간,민간분양,제주,221
2022-10,,총계,총계,전국,34980
2022-10,,총계,총계,서울,4563
2022-10,,총계,총계,인천,1947
2022-10,,총계,총계,경기,12026
2022-10,,총계,총계,부산,1818
2022-10,,총계,총계,대구,543
2022-10,,총계,총계,광주,4124
2022-10,,총계,총계,대전,868
2022-10,,총계,총계,울산,713
2022-10,,총계,총계,세종,21
2022-10,,총계,총계,강원,426
2022-10,,총계,총계,충북,1006
2022-10,,총계,총계,충남,1742
2022-10,,총계,총계,전북,180
2022-10,,총계,총계,전남,2787
2022-10,,총계,총계,경북,816
2022-10,,총계,총계,경남,1247
2022-10,,총계,총계,제주,153
2022-10,,공공부문,소계,전국,11293
2022-10,,공공부문,소계,서울,1853
2022-10,,공공부문,소계,인천,50
2022-10,,공공부문,소계,경기,5474
2022-10,,공공부문,소계,부산,150
2022-10,,공공부문,소계,대구,0
2022-10,,공공부문,소계,광주,0
2022-10,,공공부문,소계,대전,0
2022-10,,공공부문,소계,울산,437
2022-10,,공공부문,소계,세종,0
2022-10,,공공부문,소계,강원,80
2022-10,,공공부문,소계,충북,709
2022-10,,공공부문,소계,충남,805
2022-10,,공공부문,소계,전북,0
2022-10,,공공부문,소계,전남,290
2022-10,,공공부문,소계,경북,460
2022-10,,공공부문,소계,경남,985
2022-10,,공공부문,소계,제주,0
2022-10,,합,국민임대,전국,1778
2022-10,,합,국민임대,서울,0
2022-10,,합,국민임대,인천,40
2022-10,,합,국민임대,경기,70
2022-10,,합,국민임대,부산,0
2022-10,,합,국민임대,대구,0
2022-10,,합,국민임대,광주,0
2022-10,,합,국민임대,대전,0
2022-10,,합,국민임대,울산,437
2022-10,,합,국민임대,세종,0
2022-10,,합,국민임대,강원,60
2022-10,,합,국민임대,충북,540
2022-10,,합,국민임대,충남,0
2022-10,,합,국민임대,전북,0
2022-10,,합,국민임대,전남,110
2022-10,,합,국민임대,경북,0
2022-10,,합,국민임대,경남,521
2022-10,,합,국민임대,제주,0
2022-10,,합,공공임대,전국,4963
2022-10,,합,공공임대,서울,1853
2022-10,,합,공공임대,인천,10
2022-10,,합,공공임대,경기,992
2022-10,,합,공공임대,부산,150
2022-10,,합,공공임대,대구,0
2022-10,,합,공공임대,광주,0
2022-10,,합,공공임대,대전,0
2022-10,,합,공공임대,울산,0
2022-10,,합,공공임대,세종,0
2022-10,,합,공공임대,강원,20
2022-10,,합,공공임대,충북,169
2022-10,,합,공공임대,충남,805
2022-10,,합,공공임대,전북,0
2022-10,,합,공공임대,전남,40
2022-10,,합,공공임대,경북,460
2022-10,,합,공공임대,경남,464
2022-10,,합,공공임대,제주,0
2022-10,,합,공공분양,전국,4552
2022-10,,합,공공분양,서울,0
2022-10,,합,공공분양,인천,0
2022-10,,합,공공분양,경기,4412
2022-10,,합,공공분양,부산,0
2022-10,,합,공공분양,대구,0
2022-10,,합,공공분양,광주,0
2022-10,,합,공공분양,대전,0
2022-10,,합,공공분양,울산,0
2022-10,,합,공공분양,세종,0
2022-10,,합,공공분양,강원,0
2022-10,,합,공공분양,충북,0
2022-10,,합,공공분양,충남,0
2022-10,,합,공공분양,전북,0
2022-10,,합,공공분양,전남,140
2022-10,,합,공공분양,경북,0
2022-10,,합,공공분양,경남,0
2022-10,,합,공공분양,제주,0
2022-10,,지자체,소계,전국,437
2022-10,,지자체,소계,서울,0
2022-10,,지자체,소계,인천,0
2022-10,,지자체,소계,경기,0
2022-10,,지자체,소계,부산,0
2022-10,,지자체,소계,대구,0
2022-10,,지자체,소계,광주,0
2022-10,,지자체,소계,대전,0
2022-10,,지자체,소계,울산,437
2022-10,,지자체,소계,세종,0
2022-10,,지자체,소계,강원,0
2022-10,,지자체,소계,충북,0
2022-10,,지자체,소계,충남,0
2022-10,,지자체,소계,전북,0
2022-10,,지자체,소계,전남,0
2022-10,,지자체,소계,경북,0
2022-10,,지자체,소계,경남,0
2022-10,,지자체,소계,제주,0
2022-10,,지자체,국민임대,전국,437
2022-10,,지자체,국민임대,서울,0
2022-10,,지자체,국민임대,인천,0
2022-10,,지자체,국민임대,경기,0
2022-10,,지자체,국민임대,부산,0
2022-10,,지자체,국민임대,대구,0
2022-10,,지자체,국민임대,광주,0
2022-10,,지자체,국민임대,대전,0
2022-10,,지자체,국민임대,울산,437
2022-10,,지자체,국민임대,세종,0
2022-10,,지자체,국민임대,강원,0
2022-10,,지자체,국민임대,충북,0
2022-10,,지자체,국민임대,충남,0
2022-10,,지자체,국민임대,전북,0
2022-10,,지자체,국민임대,전남,0
2022-10,,지자체,국민임대,경북,0
2022-10,,지자체,국민임대,경남,0
2022-10,,지자체,국민임대,제주,0
2022-10,,지자체,공공임대,전국,0
2022-10,,지자체,공공임대,서울,0
2022-10,,지자체,공공임대,인천,0
2022-10,,지자체,공공임대,경기,0
2022-10,,지자체,공공임대,부산,0
2022-10,,지자체,공공임대,대구,0
2022-10,,지자체,공공임대,광주,0
2022-10,,지자체,공공임대,대전,0
2022-10,,지자체,공공임대,울산,0
2022-10,,지자체,공공임대,세종,0
2022-10,,지자체,공공임대,강원,0
2022-10,,지자체,공공임대,충북,0
2022-10,,지자체,공공임대,충남,0
2022-10,,지자체,공공임대,전북,0
2022-10,,지자체,공공임대,전남,0
2022-10,,지자체,공공임대,경북,0
2022-10,,지자체,공공임대,경남,0
2022-10,,지자체,공공임대,제주,0
2022-10,,지자체,공공분양,전국,0
2022-10,,지자체,공공분양,서울,0
2022-10,,지자체,공공분양,인천,0
2022-10,,지자체,공공분양,경기,0
2022-10,,지자체,공공분양,부산,0
2022-10,,지자체,공공분양,대구,0
2022-10,,지자체,공공분양,광주,0
2022-10,,지자체,공공분양,대전,0
2022-10,,지자체,공공분양,울산,0
2022-10,,지자체,공공분양,세종,0
2022-10,,지자체,공공분양,강원,0
2022-10,,지자체,공공분양,충북,0
2022-10,,지자체,공공분양,충남,0
2022-10,,지자체,공공분양,전북,0
2022-10,,지자체,공공분양,전남,0
2022-10,,지자체,공공분양,경북,0
2022-10,,지자체,공공분양,경남,0
2022-10,,지자체,공공분양,제주,0
2022-10,,LH,소계,전국,8788
2022-10,,LH,소계,서울,0
2022-10,,LH,소계,인천,50
2022-10,,LH,소계,경기,5474
2022-10,,LH,소계,부산,150
2022-10,,LH,소계,대구,0
2022-10,,LH,소계,광주,0
2022-10,,LH,소계,대전,0
2022-10,,LH,소계,울산,0
2022-10,,LH,소계,세종,0
2022-10,,LH,소계,강원,80
2022-10,,LH,소계,충북,709
2022-10,,LH,소계,충남,730
2022-10,,LH,소계,전북,0
2022-10,,LH,소계,전남,150
2022-10,,LH,소계,경북,460
2022-10,,LH,소계,경남,985
2022-10,,LH,소계,제주,0
2022-10,,LH,국민임대,전국,1341
2022-10,,LH,국민임대,서울,0
2022-10,,LH,국민임대,인천,40
2022-10,,LH,국민임대,경기,70
2022-10,,LH,국민임대,부산,0
2022-10,,LH,국민임대,대구,0
2022-10,,LH,국민임대,광주,0
2022-10,,LH,국민임대,대전,0
2022-10,,LH,국민임대,울산,0
2022-10,,LH,국민임대,세종,0
2022-10,,LH,국민임대,강원,60
2022-10,,LH,국민임대,충북,540
2022-10,,LH,국민임대,충남,0
2022-10,,LH,국민임대,전북,0
2022-10,,LH,국민임대,전남,110
2022-10,,LH,국민임대,경북,0
2022-10,,LH,국민임대,경남,521
2022-10,,LH,국민임대,제주,0
2022-10,,LH,공공임대,전국,3035
2022-10,,LH,공공임대,서울,0
2022-10,,LH,공공임대,인천,10
2022-10,,LH,공공임대,경기,992
2022-10,,LH,공공임대,부산,150
2022-10,,LH,공공임대,대구,0
2022-10,,LH,공공임대,광주,0
2022-10,,LH,공공임대,대전,0
2022-10,,LH,공공임대,울산,0
2022-10,,LH,공공임대,세종,0
2022-10,,LH,공공임대,강원,20
2022-10,,LH,공공임대,충북,169
2022-10,,LH,공공임대,충남,730
2022-10,,LH,공공임대,전북,0
2022-10,,LH,공공임대,전남,40
2022-10,,LH,공공임대,경북,460
2022-10,,LH,공공임대,경남,464
2022-10,,LH,공공임대,제주,0
2022-10,,LH,공공분양,전국,4412
2022-10,,LH,공공분양,서울,0
2022-10,,LH,공공분양,인천,0
2022-10,,LH,공공분양,경기,4412
2022-10,,LH,공공분양,부산,0
2022-10,,LH,공공분양,대구,0
2022-10,,LH,공공분양,광주,0
2022-10,,LH,공공분양,대전,0
2022-10,,LH,공공분양,울산,0
2022-10,,LH,공공분양,세종,0
2022-10,,LH,공공분양,강원,0
2022-10,,LH,공공분양,충북,0
2022-10,,LH,공공분양,충남,0
2022-10,,LH,공공분양,전북,0
2022-10,,LH,공공분양,전남,0
2022-10,,LH,공공분양,경북,0
2022-10,,LH,공공분양,경남,0
2022-10,,LH,공공분양,제주,0
2022-10,,주택업체,소계,전국,2068
2022-10,,주택업체,소계,서울,1853
2022-10,,주택업체,소계,인천,0
2022-10,,주택업체,소계,경기,0
2022-10,,주택업체,소계,부산,0
2022-10,,주택업체,소계,대구,0
2022-10,,주택업체,소계,광주,0
2022-10,,주택업체,소계,대전,0
2022-10,,주택업체,소계,울산,0
2022-10,,주택업체,소계,세종,0
2022-10,,주택업체,소계,강원,0
2022-10,,주택업체,소계,충북,0
2022-10,,주택업체,소계,충남,75
2022-10,,주택업체,소계,전북,0
2022-10,,주택업체,소계,전남,140
2022-10,,주택업체,소계,경북,0
2022-10,,주택업체,소계,경남,0
2022-10,,주택업체,소계,제주,0
2022-10,,주택업체,국민임대,전국,0
2022-10,,주택업체,국민임대,서울,0
2022-10,,주택업체,국민임대,인천,0
2022-10,,주택업체,국민임대,경기,0
2022-10,,주택업체,국민임대,부산,0
2022-10,,주택업체,국민임대,대구,0
2022-10,,주택업체,국민임대,광주,0
2022-10,,주택업체,국민임대,대전,0
2022-10,,주택업체,국민임대,울산,0
2022-10,,주택업체,국민임대,세종,0
2022-10,,주택업체,국민임대,강원,0
2022-10,,주택업체,국민임대,충북,0
2022-10,,주택업체,국민임대,충남,0
2022-10,,주택업체,국민임대,전북,0
2022-10,,주택업체,국민임대,전남,0
2022-10,,주택업체,국민임대,경북,0
2022-10,,주택업체,국민임대,경남,0
2022-10,,주택업체,국민임대,제주,0
2022-10,,주택업체,공공임대,전국,1928
2022-10,,주택업체,공공임대,서울,1853
2022-10,,주택업체,공공임대,인천,0
2022-10,,주택업체,공공임대,경기,0
2022-10,,주택업체,공공임대,부산,0
2022-10,,주택업체,공공임대,대구,0
2022-10,,주택업체,공공임대,광주,0
2022-10,,주택업체,공공임대,대전,0
2022-10,,주택업체,공공임대,울산,0
2022-10,,주택업체,공공임대,세종,0
2022-10,,주택업체,공공임대,강원,0
2022-10,,주택업체,공공임대,충북,0
2022-10,,주택업체,공공임대,충남,75
2022-10,,주택업체,공공임대,전북,0
2022-10,,주택업체,공공임대,전남,0
2022-10,,주택업체,공공임대,경북,0
2022-10,,주택업체,공공임대,경남,0
2022-10,,주택업체,공공임대,제주,0
2022-10,,주택업체,공공분양,전국,140
2022-10,,주택업체,공공분양,서울,0
2022-10,,주택업체,공공분양,인천,0
2022-10,,주택업체,공공분양,경기,0
2022-10,,주택업체,공공분양,부산,0
2022-10,,주택업체,공공분양,대구,0
2022-10,,주택업체,공공분양,광주,0
2022-10,,주택업체,공공분양,대전,0
2022-10,,주택업체,공공분양,울산,0
2022-10,,주택업체,공공분양,세종,0
2022-10,,주택업체,공공분양,강원,0
2022-10,,주택업체,공공분양,충북,0
2022-10,,주택업체,공공분양,충남,0
2022-10,,주택업체,공공분양,전북,0
2022-10,,주택업체,공공분양,전남,140
2022-10,,주택업체,공공분양,경북,0
2022-10,,주택업체,공공분양,경남,0
2022-10,,주택업체,공공분양,제주,0
2022-10,,민간부문,소계,전국,23687
2022-10,,민간부문,소계,서울,2710
2022-10,,민간부문,소계,인천,1897
2022-10,,민간부문,소계,경기,6552
2022-10,,민간부문,소계,부산,1668
2022-10,,민간부문,소계,대구,543
2022-10,,민간부문,소계,광주,4124
2022-10,,민간부문,소계,대전,868
2022-10,,민간부문,소계,울산,276
2022-10,,민간부문,소계,세종,21
2022-10,,민간부문,소계,강원,346
2022-10,,민간부문,소계,충북,297
2022-10,,민간부문,소계,충남,937
2022-10,,민간부문,소계,전북,180
2022-10,,민간부문,소계,전남,2497
2022-10,,민간부문,소계,경북,356
2022-10,,민간부문,소계,경남,262
2022-10,,민간부문,소계,제주,153
2022-10,,민간,민간임대,전국,551
2022-10,,민간,민간임대,서울,0
2022-10,,민간,민간임대,인천,0
2022-10,,민간,민간임대,경기,0
2022-10,,민간,민간임대,부산,0
2022-10,,민간,민간임대,대구,0
2022-10,,민간,민간임대,광주,0
2022-10,,민간,민간임대,대전,0
2022-10,,민간,민간임대,울산,0
2022-10,,민간,민간임대,세종,0
2022-10,,민간,민간임대,강원,0
2022-10,,민간,민간임대,충북,0
2022-10,,민간,민간임대,충남,551
2022-10,,민간,민간임대,전북,0
2022-10,,민간,민간임대,전남,0
2022-10,,민간,민간임대,경북,0
2022-10,,민간,민간임대,경남,0
2022-10,,민간,민간임대,제주,0
2022-10,,민간,민간분양,전국,23136
2022-10,,민간,민간분양,서울,2710
2022-10,,민간,민간분양,인천,1897
2022-10,,민간,민간분양,경기,6552
2022-10,,민간,민간분양,부산,1668
2022-10,,민간,민간분양,대구,543
2022-10,,민간,민간분양,광주,4124
2022-10,,민간,민간분양,대전,868
2022-10,,민간,민간분양,울산,276
2022-10,,민간,민간분양,세종,21
2022-10,,민간,민간분양,강원,346
2022-10,,민간,민간분양,충북,297
2022-10,,민간,민간분양,충남,386
2022-10,,민간,민간분양,전북,180
2022-10,,민간,민간분양,전남,2497
2022-10,,민간,민간분양,경북,356
2022-10,,민간,민간분양,경남,262
2022-10,,민간,민간분양,제주,153
2022-11,,총계,총계,전국,28305
2022-11,,총계,총계,서울,3985
2022-11,,총계,총계,인천,2977
2022-11,,총계,총계,경기,9065
2022-11,,총계,총계,부산,1898
2022-11,,총계,총계,대구,1233
2022-11,,총계,총계,광주,113
2022-11,,총계,총계,대전,1850
2022-11,,총계,총계,울산,46
2022-11,,총계,총계,세종,513
2022-11,,총계,총계,강원,504
2022-11,,총계,총계,충북,471
2022-11,,총계,총계,충남,1457
2022-11,,총계,총계,전북,916
2022-11,,총계,총계,전남,626
2022-11,,총계,총계,경북,1183
2022-11,,총계,총계,경남,1107
2022-11,,총계,총계,제주,361
2022-11,,공공부문,소계,전국,2815
2022-11,,공공부문,소계,서울,316
2022-11,,공공부문,소계,인천,0
2022-11,,공공부문,소계,경기,1588
2022-11,,공공부문,소계,부산,0
2022-11,,공공부문,소계,대구,0
2022-11,,공공부문,소계,광주,0
2022-11,,공공부문,소계,대전,0
2022-11,,공공부문,소계,울산,0
2022-11,,공공부문,소계,세종,465
2022-11,,공공부문,소계,강원,128
2022-11,,공공부문,소계,충북,0
2022-11,,공공부문,소계,충남,228
2022-11,,공공부문,소계,전북,0
2022-11,,공공부문,소계,전남,0
2022-11,,공공부문,소계,경북,0
2022-11,,공공부문,소계,경남,90
2022-11,,공공부문,소계,제주,0
2022-11,,합,국민임대,전국,70
2022-11,,합,국민임대,서울,0
2022-11,,합,국민임대,인천,0
2022-11,,합,국민임대,경기,0
2022-11,,합,국민임대,부산,0
2022-11,,합,국민임대,대구,0
2022-11,,합,국민임대,광주,0
2022-11,,합,국민임대,대전,0
2022-11,,합,국민임대,울산,0
2022-11,,합,국민임대,세종,0
2022-11,,합,국민임대,강원,0
2022-11,,합,국민임대,충북,0
2022-11,,합,국민임대,충남,0
2022-11,,합,국민임대,전북,0
2022-11,,합,국민임대,전남,0
2022-11,,합,국민임대,경북,0
2022-11,,합,국민임대,경남,70
2022-11,,합,국민임대,제주,0
2022-11,,합,공공임대,전국,2139
2022-11,,합,공공임대,서울,316
2022-11,,합,공공임대,인천,0
2022-11,,합,공공임대,경기,982
2022-11,,합,공공임대,부산,0
2022-11,,합,공공임대,대구,0
2022-11,,합,공공임대,광주,0
2022-11,,합,공공임대,대전,0
2022-11,,합,공공임대,울산,0
2022-11,,합,공공임대,세종,465
2022-11,,합,공공임대,강원,128
2022-11,,합,공공임대,충북,0
2022-11,,합,공공임대,충남,228
2022-11,,합,공공임대,전북,0
2022-11,,합,공공임대,전남,0
2022-11,,합,공공임대,경북,0
2022-11,,합,공공임대,경남,20
2022-11,,합,공공임대,제주,0
2022-11,,합,공공분양,전국,606
2022-11,,합,공공분양,서울,0
2022-11,,합,공공분양,인천,0
2022-11,,합,공공분양,경기,606
2022-11,,합,공공분양,부산,0
2022-11,,합,공공분양,대구,0
2022-11,,합,공공분양,광주,0
2022-11,,합,공공분양,대전,0
2022-11,,합,공공분양,울산,0
2022-11,,합,공공분양,세종,0
2022-11,,합,공공분양,강원,0
2022-11,,합,공공분양,충북,0
2022-11,,합,공공분양,충남,0
2022-11,,합,공공분양,전북,0
2022-11,,합,공공분양,전남,0
2022-11,,합,공공분양,경북,0
2022-11,,합,공공분양,경남,0
2022-11,,합,공공분양,제주,0
2022-11,,지자체,소계,전국,0
2022-11,,지자체,소계,서울,0
2022-11,,지자체,소계,인천,0
2022-11,,지자체,소계,경기,0
2022-11,,지자체,소계,부산,0
2022-11,,지자체,소계,대구,0
2022-11,,지자체,소계,광주,0
2022-11,,지자체,소계,대전,0
2022-11,,지자체,소계,울산,0
2022-11,,지자체,소계,세종,0
2022-11,,지자체,소계,강원,0
2022-11,,지자체,소계,충북,0
2022-11,,지자체,소계,충남,0
2022-11,,지자체,소계,전북,0
2022-11,,지자체,소계,전남,0
2022-11,,지자체,소계,경북,0
2022-11,,지자체,소계,경남,0
2022-11,,지자체,소계,제주,0
2022-11,,지자체,국민임대,전국,0
2022-11,,지자체,국민임대,서울,0
2022-11,,지자체,국민임대,인천,0
2022-11,,지자체,국민임대,경기,0
2022-11,,지자체,국민임대,부산,0
2022-11,,지자체,국민임대,대구,0
2022-11,,지자체,국민임대,광주,0
2022-11,,지자체,국민임대,대전,0
2022-11,,지자체,국민임대,울산,0
2022-11,,지자체,국민임대,세종,0
2022-11,,지자체,국민임대,강원,0
2022-11,,지자체,국민임대,충북,0
2022-11,,지자체,국민임대,충남,0
2022-11,,지자체,국민임대,전북,0
2022-11,,지자체,국민임대,전남,0
2022-11,,지자체,국민임대,경북,0
2022-11,,지자체,국민임대,경남,0
2022-11,,지자체,국민임대,제주,0
2022-11,,지자체,공공임대,전국,0
2022-11,,지자체,공공임대,서울,0
2022-11,,지자체,공공임대,인천,0
2022-11,,지자체,공공임대,경기,0
2022-11,,지자체,공공임대,부산,0
2022-11,,지자체,공공임대,대구,0
2022-11,,지자체,공공임대,광주,0
2022-11,,지자체,공공임대,대전,0
2022-11,,지자체,공공임대,울산,0
2022-11,,지자체,공공임대,세종,0
2022-11,,지자체,공공임대,강원,0
2022-11,,지자체,공공임대,충북,0
2022-11,,지자체,공공임대,충남,0
2022-11,,지자체,공공임대,전북,0
2022-11,,지자체,공공임대,전남,0
2022-11,,지자체,공공임대,경북,0
2022-11,,지자체,공공임대,경남,0
2022-11,,지자체,공공임대,제주,0
2022-11,,지자체,공공분양,전국,0
2022-11,,지자체,공공분양,서울,0
2022-11,,지자체,공공분양,인천,0
2022-11,,지자체,공공분양,경기,0
2022-11,,지자체,공공분양,부산,0
2022-11,,지자체,공공분양,대구,0
2022-11,,지자체,공공분양,광주,0
2022-11,,지자체,공공분양,대전,0
2022-11,,지자체,공공분양,울산,0
2022-11,,지자체,공공분양,세종,0
2022-11,,지자체,공공분양,강원,0
2022-11,,지자체,공공분양,충북,0
2022-11,,지자체,공공분양,충남,0
2022-11,,지자체,공공분양,전북,0
2022-11,,지자체,공공분양,전남,0
2022-11,,지자체,공공분양,경북,0
2022-11,,지자체,공공분양,경남,0
2022-11,,지자체,공공분양,제주,0
2022-11,,LH,소계,전국,2006
2022-11,,LH,소계,서울,0
2022-11,,LH,소계,인천,0
2022-11,,LH,소계,경기,1588
2022-11,,LH,소계,부산,0
2022-11,,LH,소계,대구,0
2022-11,,LH,소계,광주,0
2022-11,,LH,소계,대전,0
2022-11,,LH,소계,울산,0
2022-11,,LH,소계,세종,0
2022-11,,LH,소계,강원,128
2022-11,,LH,소계,충북,0
2022-11,,LH,소계,충남,200
2022-11,,LH,소계,전북,0
2022-11,,LH,소계,전남,0
2022-11,,LH,소계,경북,0
2022-11,,LH,소계,경남,90
2022-11,,LH,소계,제주,0
2022-11,,LH,국민임대,전국,70
2022-11,,LH,국민임대,서울,0
2022-11,,LH,국민임대,인천,0
2022-11,,LH,국민임대,경기,0
2022-11,,LH,국민임대,부산,0
2022-11,,LH,국민임대,대구,0
2022-11,,LH,국민임대,광주,0
2022-11,,LH,국민임대,대전,0
2022-11,,LH,국민임대,울산,0
2022-11,,LH,국민임대,세종,0
2022-11,,LH,국민임대,강원,0
2022-11,,LH,국민임대,충북,0
2022-11,,LH,국민임대,충남,0
2022-11,,LH,국민임대,전북,0
2022-11,,LH,국민임대,전남,0
2022-11,,LH,국민임대,경북,0
2022-11,,LH,국민임대,경남,70
2022-11,,LH,국민임대,제주,0
2022-11,,LH,공공임대,전국,1330
2022-11,,LH,공공임대,서울,0
2022-11,,LH,공공임대,인천,0
2022-11,,LH,공공임대,경기,982
2022-11,,LH,공공임대,부산,0
2022-11,,LH,공공임대,대구,0
2022-11,,LH,공공임대,광주,0
2022-11,,LH,공공임대,대전,0
2022-11,,LH,공공임대,울산,0
2022-11,,LH,공공임대,세종,0
2022-11,,LH,공공임대,강원,128
2022-11,,LH,공공임대,충북,0
2022-11,,LH,공공임대,충남,200
2022-11,,LH,공공임대,전북,0
2022-11,,LH,공공임대,전남,0
2022-11,,LH,공공임대,경북,0
2022-11,,LH,공공임대,경남,20
2022-11,,LH,공공임대,제주,0
2022-11,,LH,공공분양,전국,606
2022-11,,LH,공공분양,서울,0
2022-11,,LH,공공분양,인천,0
2022-11,,LH,공공분양,경기,606
2022-11,,LH,공공분양,부산,0
2022-11,,LH,공공분양,대구,0
2022-11,,LH,공공분양,광주,0
2022-11,,LH,공공분양,대전,0
2022-11,,LH,공공분양,울산,0
2022-11,,LH,공공분양,세종,0
2022-11,,LH,공공분양,강원,0
2022-11,,LH,공공분양,충북,0
2022-11,,LH,공공분양,충남,0
2022-11,,LH,공공분양,전북,0
2022-11,,LH,공공분양,전남,0
2022-11,,LH,공공분양,경북,0
2022-11,,LH,공공분양,경남,0
2022-11,,LH,공공분양,제주,0
2022-11,,주택업체,소계,전국,809
2022-11,,주택업체,소계,서울,316
2022-11,,주택업체,소계,인천,0
2022-11,,주택업체,소계,경기,0
2022-11,,주택업체,소계,부산,0
2022-11,,주택업체,소계,대구,0
2022-11,,주택업체,소계,광주,0
2022-11,,주택업체,소계,대전,0
2022-11,,주택업체,소계,울산,0
2022-11,,주택업체,소계,세종,465
2022-11,,주택업체,소계,강원,0
2022-11,,주택업체,소계,충북,0
2022-11,,주택업체,소계,충남,28
2022-11,,주택업체,소계,전북,0
2022-11,,주택업체,소계,전남,0
2022-11,,주택업체,소계,경북,0
2022-11,,주택업체,소계,경남,0
2022-11,,주택업체,소계,제주,0
2022-11,,주택업체,국민임대,전국,0
2022-11,,주택업체,국민임대,서울,0
2022-11,,주택업체,국민임대,인천,0
2022-11,,주택업체,국민임대,경기,0
2022-11,,주택업체,국민임대,부산,0
2022-11,,주택업체,국민임대,대구,0
2022-11,,주택업체,국민임대,광주,0
2022-11,,주택업체,국민임대,대전,0
2022-11,,주택업체,국민임대,울산,0
2022-11,,주택업체,국민임대,세종,0
2022-11,,주택업체,국민임대,강원,0
2022-11,,주택업체,국민임대,충북,0
2022-11,,주택업체,국민임대,충남,0
2022-11,,주택업체,국민임대,전북,0
2022-11,,주택업체,국민임대,전남,0
2022-11,,주택업체,국민임대,경북,0
2022-11,,주택업체,국민임대,경남,0
2022-11,,주택업체,국민임대,제주,0
2022-11,,주택업체,공공임대,전국,809
2022-11,,주택업체,공공임대,서울,316
2022-11,,주택업체,공공임대,인천,0
2022-11,,주택업체,공공임대,경기,0
2022-11,,주택업체,공공임대,부산,0
2022-11,,주택업체,공공임대,대구,0
2022-11,,주택업체,공공임대,광주,0
2022-11,,주택업체,공공임대,대전,0
2022-11,,주택업체,공공임대,울산,0
2022-11,,주택업체,공공임대,세종,465
2022-11,,주택업체,공공임대,강원,0
2022-11,,주택업체,공공임대,충북,0
2022-11,,주택업체,공공임대,충남,28
2022-11,,주택업체,공공임대,전북,0
2022-11,,주택업체,공공임대,전남,0
2022-11,,주택업체,공공임대,경북,0
2022-11,,주택업체,공공임대,경남,0
2022-11,,주택업체,공공임대,제주,0
2022-11,,주택업체,공공분양,전국,0
2022-11,,주택업체,공공분양,서울,0
2022-11,,주택업체,공공분양,인천,0
2022-11,,주택업체,공공분양,경기,0
2022-11,,주택업체,공공분양,부산,0
2022-11,,주택업체,공공분양,대구,0
2022-11,,주택업체,공공분양,광주,0
2022-11,,주택업체,공공분양,대전,0
2022-11,,주택업체,공공분양,울산,0
2022-11,,주택업체,공공분양,세종,0
2022-11,,주택업체,공공분양,강원,0
2022-11,,주택업체,공공분양,충북,0
2022-11,,주택업체,공공분양,충남,0
2022-11,,주택업체,공공분양,전북,0
2022-11,,주택업체,공공분양,전남,0
2022-11,,주택업체,공공분양,경북,0
2022-11,,주택업체,공공분양,경남,0
2022-11,,주택업체,공공분양,제주,0
2022-11,,민간부문,소계,전국,25490
2022-11,,민간부문,소계,서울,3669
2022-11,,민간부문,소계,인천,2977
2022-11,,민간부문,소계,경기,7477
2022-11,,민간부문,소계,부산,1898
2022-11,,민간부문,소계,대구,1233
2022-11,,민간부문,소계,광주,113
2022-11,,민간부문,소계,대전,1850
2022-11,,민간부문,소계,울산,46
2022-11,,민간부문,소계,세종,48
2022-11,,민간부문,소계,강원,376
2022-11,,민간부문,소계,충북,471
2022-11,,민간부문,소계,충남,1229
2022-11,,민간부문,소계,전북,916
2022-11,,민간부문,소계,전남,626
2022-11,,민간부문,소계,경북,1183
2022-11,,민간부문,소계,경남,1017
2022-11,,민간부문,소계,제주,361
2022-11,,민간,민간임대,전국,941
2022-11,,민간,민간임대,서울,58
2022-11,,민간,민간임대,인천,0
2022-11,,민간,민간임대,경기,0
2022-11,,민간,민간임대,부산,0
2022-11,,민간,민간임대,대구,0
2022-11,,민간,민간임대,광주,0
2022-11,,민간,민간임대,대전,0
2022-11,,민간,민간임대,울산,0
2022-11,,민간,민간임대,세종,0
2022-11,,민간,민간임대,강원,0
2022-11,,민간,민간임대,충북,0
2022-11,,민간,민간임대,충남,0
2022-11,,민간,민간임대,전북,0
2022-11,,민간,민간임대,전남,96
2022-11,,민간,민간임대,경북,787
2022-11,,민간,민간임대,경남,0
2022-11,,민간,민간임대,제주,0
2022-11,,민간,민간분양,전국,24549
2022-11,,민간,민간분양,서울,3611
2022-11,,민간,민간분양,인천,2977
2022-11,,민간,민간분양,경기,7477
2022-11,,민간,민간분양,부산,1898
2022-11,,민간,민간분양,대구,1233
2022-11,,민간,민간분양,광주,113
2022-11,,민간,민간분양,대전,1850
2022-11,,민간,민간분양,울산,46
2022-11,,민간,민간분양,세종,48
2022-11,,민간,민간분양,강원,376
2022-11,,민간,민간분양,충북,471
2022-11,,민간,민간분양,충남,1229
2022-11,,민간,민간분양,전북,916
2022-11,,민간,민간분양,전남,530
2022-11,,민간,민간분양,경북,396
2022-11,,민간,민간분양,경남,1017
2022-11,,민간,민간분양,제주,361
2022-12,,총계,총계,전국,53139
2022-12,,총계,총계,서울,6247
2022-12,,총계,총계,인천,3246
2022-12,,총계,총계,경기,19575
2022-12,,총계,총계,부산,3800
2022-12,,총계,총계,대구,2373
2022-12,,총계,총계,광주,145
2022-12,,총계,총계,대전,135
2022-12,,총계,총계,울산,430
2022-12,,총계,총계,세종,1598
2022-12,,총계,총계,강원,853
2022-12,,총계,총계,충북,2588
2022-12,,총계,총계,충남,4794
2022-12,,총계,총계,전북,2751
2022-12,,총계,총계,전남,2188
2022-12,,총계,총계,경북,1224
2022-12,,총계,총계,경남,848
2022-12,,총계,총계,제주,344
2022-12,,공공부문,소계,전국,11103
2022-12,,공공부문,소계,서울,1280
2022-12,,공공부문,소계,인천,0
2022-12,,공공부문,소계,경기,6585
2022-12,,공공부문,소계,부산,0
2022-12,,공공부문,소계,대구,1200
2022-12,,공공부문,소계,광주,0
2022-12,,공공부문,소계,대전,0
2022-12,,공공부문,소계,울산,0
2022-12,,공공부문,소계,세종,1032
2022-12,,공공부문,소계,강원,0
2022-12,,공공부문,소계,충북,4
2022-12,,공공부문,소계,충남,256
2022-12,,공공부문,소계,전북,120
2022-12,,공공부문,소계,전남,0
2022-12,,공공부문,소계,경북,626
2022-12,,공공부문,소계,경남,0
2022-12,,공공부문,소계,제주,0
2022-12,,합,국민임대,전국,3604
2022-12,,합,국민임대,서울,0
2022-12,,합,국민임대,인천,0
2022-12,,합,국민임대,경기,2070
2022-12,,합,국민임대,부산,0
2022-12,,합,국민임대,대구,800
2022-12,,합,국민임대,광주,0
2022-12,,합,국민임대,대전,0
2022-12,,합,국민임대,울산,0
2022-12,,합,국민임대,세종,734
2022-12,,합,국민임대,강원,0
2022-12,,합,국민임대,충북,0
2022-12,,합,국민임대,충남,0
2022-12,,합,국민임대,전북,0
2022-12,,합,국민임대,전남,0
2022-12,,합,국민임대,경북,0
2022-12,,합,국민임대,경남,0
2022-12,,합,국민임대,제주,0
2022-12,,합,공공임대,전국,5464
2022-12,,합,공공임대,서울,1280
2022-12,,합,공공임대,인천,0
2022-12,,합,공공임대,경기,3106
2022-12,,합,공공임대,부산,0
2022-12,,합,공공임대,대구,400
2022-12,,합,공공임대,광주,0
2022-12,,합,공공임대,대전,0
2022-12,,합,공공임대,울산,0
2022-12,,합,공공임대,세종,298
2022-12,,합,공공임대,강원,0
2022-12,,합,공공임대,충북,4
2022-12,,합,공공임대,충남,256
2022-12,,합,공공임대,전북,120
2022-12,,합,공공임대,전남,0
2022-12,,합,공공임대,경북,0
2022-12,,합,공공임대,경남,0
2022-12,,합,공공임대,제주,0
2022-12,,합,공공분양,전국,2035
2022-12,,합,공공분양,서울,0
2022-12,,합,공공분양,인천,0
2022-12,,합,공공분양,경기,1409
2022-12,,합,공공분양,부산,0
2022-12,,합,공공분양,대구,0
2022-12,,합,공공분양,광주,0
2022-12,,합,공공분양,대전,0
2022-12,,합,공공분양,울산,0
2022-12,,합,공공분양,세종,0
2022-12,,합,공공분양,강원,0
2022-12,,합,공공분양,충북,0
2022-12,,합,공공분양,충남,0
2022-12,,합,공공분양,전북,0
2022-12,,합,공공분양,전남,0
2022-12,,합,공공분양,경북,626
2022-12,,합,공공분양,경남,0
2022-12,,합,공공분양,제주,0
2022-12,,지자체,소계,전국,0
2022-12,,지자체,소계,서울,0
2022-12,,지자체,소계,인천,0
2022-12,,지자체,소계,경기,0
2022-12,,지자체,소계,부산,0
2022-12,,지자체,소계,대구,0
2022-12,,지자체,소계,광주,0
2022-12,,지자체,소계,대전,0
2022-12,,지자체,소계,울산,0
2022-12,,지자체,소계,세종,0
2022-12,,지자체,소계,강원,0
2022-12,,지자체,소계,충북,0
2022-12,,지자체,소계,충남,0
2022-12,,지자체,소계,전북,0
2022-12,,지자체,소계,전남,0
2022-12,,지자체,소계,경북,0
2022-12,,지자체,소계,경남,0
2022-12,,지자체,소계,제주,0
2022-12,,지자체,국민임대,전국,0
2022-12,,지자체,국민임대,서울,0
2022-12,,지자체,국민임대,인천,0
2022-12,,지자체,국민임대,경기,0
2022-12,,지자체,국민임대,부산,0
2022-12,,지자체,국민임대,대구,0
2022-12,,지자체,국민임대,광주,0
2022-12,,지자체,국민임대,대전,0
2022-12,,지자체,국민임대,울산,0
2022-12,,지자체,국민임대,세종,0
2022-12,,지자체,국민임대,강원,0
2022-12,,지자체,국민임대,충북,0
2022-12,,지자체,국민임대,충남,0
2022-12,,지자체,국민임대,전북,0
2022-12,,지자체,국민임대,전남,0
2022-12,,지자체,국민임대,경북,0
2022-12,,지자체,국민임대,경남,0
2022-12,,지자체,국민임대,제주,0
2022-12,,지자체,공공임대,전국,0
2022-12,,지자체,공공임대,서울,0
2022-12,,지자체,공공임대,인천,0
2022-12,,지자체,공공임대,경기,0
2022-12,,지자체,공공임대,부산,0
2022-12,,지자체,공공임대,대구,0
2022-12,,지자체,공공임대,광주,0
2022-12,,지자체,공공임대,대전,0
2022-12,,지자체,공공임대,울산,0
2022-12,,지자체,공공임대,세종,0
2022-12,,지자체,공공임대,강원,0
2022-12,,지자체,공공임대,충북,0
2022-12,,지자체,공공임대,충남,0
2022-12,,지자체,공공임대,전북,0
2022-12,,지자체,공공임대,전남,0
2022-12,,지자체,공공임대,경북,0
2022-12,,지자체,공공임대,경남,0
2022-12,,지자체,공공임대,제주,0
2022-12,,지자체,공공분양,전국,0
2022-12,,지자체,공공분양,서울,0
2022-12,,지자체,공공분양,인천,0
2022-12,,지자체,공공분양,경기,0
2022-12,,지자체,공공분양,부산,0
2022-12,,지자체,공공분양,대구,0
2022-12,,지자체,공공분양,광주,0
2022-12,,지자체,공공분양,대전,0
2022-12,,지자체,공공분양,울산,0
2022-12,,지자체,공공분양,세종,0
2022-12,,지자체,공공분양,강원,0
2022-12,,지자체,공공분양,충북,0
2022-12,,지자체,공공분양,충남,0
2022-12,,지자체,공공분양,전북,0
2022-12,,지자체,공공분양,전남,0
2022-12,,지자체,공공분양,경북,0
2022-12,,지자체,공공분양,경남,0
2022-12,,지자체,공공분양,제주,0
2022-12,,LH,소계,전국,10991
2022-12,,LH,소계,서울,1280
2022-12,,LH,소계,인천,0
2022-12,,LH,소계,경기,6585
2022-12,,LH,소계,부산,0
2022-12,,LH,소계,대구,1200
2022-12,,LH,소계,광주,0
2022-12,,LH,소계,대전,0
2022-12,,LH,소계,울산,0
2022-12,,LH,소계,세종,1032
2022-12,,LH,소계,강원,0
2022-12,,LH,소계,충북,4
2022-12,,LH,소계,충남,144
2022-12,,LH,소계,전북,120
2022-12,,LH,소계,전남,0
2022-12,,LH,소계,경북,626
2022-12,,LH,소계,경남,0
2022-12,,LH,소계,제주,0
2022-12,,LH,국민임대,전국,3604
2022-12,,LH,국민임대,서울,0
2022-12,,LH,국민임대,인천,0
2022-12,,LH,국민임대,경기,2070
2022-12,,LH,국민임대,부산,0
2022-12,,LH,국민임대,대구,800
2022-12,,LH,국민임대,광주,0
2022-12,,LH,국민임대,대전,0
2022-12,,LH,국민임대,울산,0
2022-12,,LH,국민임대,세종,734
2022-12,,LH,국민임대,강원,0
2022-12,,LH,국민임대,충북,0
2022-12,,LH,국민임대,충남,0
2022-12,,LH,국민임대,전북,0
2022-12,,LH,국민임대,전남,0
2022-12,,LH,국민임대,경북,0
2022-12,,LH,국민임대,경남,0
2022-12,,LH,국민임대,제주,0
2022-12,,LH,공공임대,전국,5352
2022-12,,LH,공공임대,서울,1280
2022-12,,LH,공공임대,인천,0
2022-12,,LH,공공임대,경기,3106
2022-12,,LH,공공임대,부산,0
2022-12,,LH,공공임대,대구,400
2022-12,,LH,공공임대,광주,0
2022-12,,LH,공공임대,대전,0
2022-12,,LH,공공임대,울산,0
2022-12,,LH,공공임대,세종,298
2022-12,,LH,공공임대,강원,0
2022-12,,LH,공공임대,충북,4
2022-12,,LH,공공임대,충남,144
2022-12,,LH,공공임대,전북,120
2022-12,,LH,공공임대,전남,0
2022-12,,LH,공공임대,경북,0
2022-12,,LH,공공임대,경남,0
2022-12,,LH,공공임대,제주,0
2022-12,,LH,공공분양,전국,2035
2022-12,,LH,공공분양,서울,0
2022-12,,LH,공공분양,인천,0
2022-12,,LH,공공분양,경기,1409
2022-12,,LH,공공분양,부산,0
2022-12,,LH,공공분양,대구,0
2022-12,,LH,공공분양,광주,0
2022-12,,LH,공공분양,대전,0
2022-12,,LH,공공분양,울산,0
2022-12,,LH,공공분양,세종,0
2022-12,,LH,공공분양,강원,0
2022-12,,LH,공공분양,충북,0
2022-12,,LH,공공분양,충남,0
2022-12,,LH,공공분양,전북,0
2022-12,,LH,공공분양,전남,0
2022-12,,LH,공공분양,경북,626
2022-12,,LH,공공분양,경남,0
2022-12,,LH,공공분양,제주,0
2022-12,,주택업체,소계,전국,112
2022-12,,주택업체,소계,서울,0
2022-12,,주택업체,소계,인천,0
2022-12,,주택업체,소계,경기,0
2022-12,,주택업체,소계,부산,0
2022-12,,주택업체,소계,대구,0
2022-12,,주택업체,소계,광주,0
2022-12,,주택업체,소계,대전,0
2022-12,,주택업체,소계,울산,0
2022-12,,주택업체,소계,세종,0
2022-12,,주택업체,소계,강원,0
2022-12,,주택업체,소계,충북,0
2022-12,,주택업체,소계,충남,112
2022-12,,주택업체,소계,전북,0
2022-12,,주택업체,소계,전남,0
2022-12,,주택업체,소계,경북,0
2022-12,,주택업체,소계,경남,0
2022-12,,주택업체,소계,제주,0
2022-12,,주택업체,국민임대,전국,0
2022-12,,주택업체,국민임대,서울,0
2022-12,,주택업체,국민임대,인천,0
2022-12,,주택업체,국민임대,경기,0
2022-12,,주택업체,국민임대,부산,0
2022-12,,주택업체,국민임대,대구,0
2022-12,,주택업체,국민임대,광주,0
2022-12,,주택업체,국민임대,대전,0
2022-12,,주택업체,국민임대,울산,0
2022-12,,주택업체,국민임대,세종,0
2022-12,,주택업체,국민임대,강원,0
2022-12,,주택업체,국민임대,충북,0
2022-12,,주택업체,국민임대,충남,0
2022-12,,주택업체,국민임대,전북,0
2022-12,,주택업체,국민임대,전남,0
2022-12,,주택업체,국민임대,경북,0
2022-12,,주택업체,국민임대,경남,0
2022-12,,주택업체,국민임대,제주,0
2022-12,,주택업체,공공임대,전국,112
2022-12,,주택업체,공공임대,서울,0
2022-12,,주택업체,공공임대,인천,0
2022-12,,주택업체,공공임대,경기,0
2022-12,,주택업체,공공임대,부산,0
2022-12,,주택업체,공공임대,대구,0
2022-12,,주택업체,공공임대,광주,0
2022-12,,주택업체,공공임대,대전,0
2022-12,,주택업체,공공임대,울산,0
2022-12,,주택업체,공공임대,세종,0
2022-12,,주택업체,공공임대,강원,0
2022-12,,주택업체,공공임대,충북,0
2022-12,,주택업체,공공임대,충남,112
2022-12,,주택업체,공공임대,전북,0
2022-12,,주택업체,공공임대,전남,0
2022-12,,주택업체,공공임대,경북,0
2022-12,,주택업체,공공임대,경남,0
2022-12,,주택업체,공공임대,제주,0
2022-12,,주택업체,공공분양,전국,0
2022-12,,주택업체,공공분양,서울,0
2022-12,,주택업체,공공분양,인천,0
2022-12,,주택업체,공공분양,경기,0
2022-12,,주택업체,공공분양,부산,0
2022-12,,주택업체,공공분양,대구,0
2022-12,,주택업체,공공분양,광주,0
2022-12,,주택업체,공공분양,대전,0
2022-12,,주택업체,공공분양,울산,0
2022-12,,주택업체,공공분양,세종,0
2022-12,,주택업체,공공분양,강원,0
2022-12,,주택업체,공공분양,충북,0
2022-12,,주택업체,공공분양,충남,0
2022-12,,주택업체,공공분양,전북,0
2022-12,,주택업체,공공분양,전남,0
2022-12,,주택업체,공공분양,경북,0
2022-12,,주택업체,공공분양,경남,0
2022-12,,주택업체,공공분양,제주,0
2022-12,,민간부문,소계,전국,42036
2022-12,,민간부문,소계,서울,4967
2022-12,,민간부문,소계,인천,3246
2022-12,,민간부문,소계,경기,12990
2022-12,,민간부문,소계,부산,3800
2022-12,,민간부문,소계,대구,1173
2022-12,,민간부문,소계,광주,145
2022-12,,민간부문,소계,대전,135
2022-12,,민간부문,소계,울산,430
2022-12,,민간부문,소계,세종,566
2022-12,,민간부문,소계,강원,853
2022-12,,민간부문,소계,충북,2584
2022-12,,민간부문,소계,충남,4538
2022-12,,민간부문,소계,전북,2631
2022-12,,민간부문,소계,전남,2188
2022-12,,민간부문,소계,경북,598
2022-12,,민간부문,소계,경남,848
2022-12,,민간부문,소계,제주,344
2022-12,,민간,민간임대,전국,5091
2022-12,,민간,민간임대,서울,1546
2022-12,,민간,민간임대,인천,0
2022-12,,민간,민간임대,경기,0
2022-12,,민간,민간임대,부산,140
2022-12,,민간,민간임대,대구,0
2022-12,,민간,민간임대,광주,0
2022-12,,민간,민간임대,대전,0
2022-12,,민간,민간임대,울산,0
2022-12,,민간,민간임대,세종,326
2022-12,,민간,민간임대,강원,295
2022-12,,민간,민간임대,충북,874
2022-12,,민간,민간임대,충남,420
2022-12,,민간,민간임대,전북,0
2022-12,,민간,민간임대,전남,1490
2022-12,,민간,민간임대,경북,0
2022-12,,민간,민간임대,경남,0
2022-12,,민간,민간임대,제주,0
2022-12,,민간,민간분양,전국,36945
2022-12,,민간,민간분양,서울,3421
2022-12,,민간,민간분양,인천,3246
2022-12,,민간,민간분양,경기,12990
2022-12,,민간,민간분양,부산,3660
2022-12,,민간,민간분양,대구,1173
2022-12,,민간,민간분양,광주,145
2022-12,,민간,민간분양,대전,135
2022-12,,민간,민간분양,울산,430
2022-12,,민간,민간분양,세종,240
2022-12,,민간,민간분양,강원,558
2022-12,,민간,민간분양,충북,1710
2022-12,,민간,민간분양,충남,4118
2022-12,,민간,민간분양,전북,2631
2022-12,,민간,민간분양,전남,698
2022-12,,민간,민간분양,경북,598
2022-12,,민간,민간분양,경남,848
2022-12,,민간,민간분양,제주,344
2023-01,,총계,총계,전국,27271
2023-01,,총계,총계,서울,3319
2023-01,,총계,총계,인천,2506
2023-01,,총계,총계,경기,8038
2023-01,,총계,총계,부산,3320
2023-01,,총계,총계,대구,883
2023-01,,총계,총계,광주,136
2023-01,,총계,총계,대전,162
2023-01,,총계,총계,울산,27
2023-01,,총계,총계,세종,22
2023-01,,총계,총계,강원,350
2023-01,,총계,총계,충북,319
2023-01,,총계,총계,충남,1757
2023-01,,총계,총계,전북,1192
2023-01,,총계,총계,전남,2452
2023-01,,총계,총계,경북,585
2023-01,,총계,총계,경남,1713
2023-01,,총계,총계,제주,490
2023-01,,공공부문,소계,전국,256
2023-01,,공공부문,소계,서울,85
2023-01,,공공부문,소계,인천,40
2023-01,,공공부문,소계,경기,0
2023-01,,공공부문,소계,부산,0
2023-01,,공공부문,소계,대구,0
2023-01,,공공부문,소계,광주,0
2023-01,,공공부문,소계,대전,0
2023-01,,공공부문,소계,울산,0
2023-01,,공공부문,소계,세종,0
2023-01,,공공부문,소계,강원,0
2023-01,,공공부문,소계,충북,31
2023-01,,공공부문,소계,충남,0
2023-01,,공공부문,소계,전북,0
2023-01,,공공부문,소계,전남,100
2023-01,,공공부문,소계,경북,0
2023-01,,공공부문,소계,경남,0
2023-01,,공공부문,소계,제주,0
2023-01,,합,국민임대,전국,31
2023-01,,합,국민임대,서울,1
2023-01,,합,국민임대,인천,0
2023-01,,합,국민임대,경기,0
2023-01,,합,국민임대,부산,0
2023-01,,합,국민임대,대구,0
2023-01,,합,국민임대,광주,0
2023-01,,합,국민임대,대전,0
2023-01,,합,국민임대,울산,0
2023-01,,합,국민임대,세종,0
2023-01,,합,국민임대,강원,0
2023-01,,합,국민임대,충북,30
2023-01,,합,국민임대,충남,0
2023-01,,합,국민임대,전북,0
2023-01,,합,국민임대,전남,0
2023-01,,합,국민임대,경북,0
2023-01,,합,국민임대,경남,0
2023-01,,합,국민임대,제주,0
2023-01,,합,공공임대,전국,225
2023-01,,합,공공임대,서울,84
2023-01,,합,공공임대,인천,40
2023-01,,합,공공임대,경기,0
2023-01,,합,공공임대,부산,0
2023-01,,합,공공임대,대구,0
2023-01,,합,공공임대,광주,0
2023-01,,합,공공임대,대전,0
2023-01,,합,공공임대,울산,0
2023-01,,합,공공임대,세종,0
2023-01,,합,공공임대,강원,0
2023-01,,합,공공임대,충북,1
2023-01,,합,공공임대,충남,0
2023-01,,합,공공임대,전북,0
2023-01,,합,공공임대,전남,100
2023-01,,합,공공임대,경북,0
2023-01,,합,공공임대,경남,0
2023-01,,합,공공임대,제주,0
2023-01,,합,공공분양,전국,0
2023-01,,합,공공분양,서울,0
2023-01,,합,공공분양,인천,0
2023-01,,합,공공분양,경기,0
2023-01,,합,공공분양,부산,0
2023-01,,합,공공분양,대구,0
2023-01,,합,공공분양,광주,0
2023-01,,합,공공분양,대전,0
2023-01,,합,공공분양,울산,0
2023-01,,합,공공분양,세종,0
2023-01,,합,공공분양,강원,0
2023-01,,합,공공분양,충북,0
2023-01,,합,공공분양,충남,0
2023-01,,합,공공분양,전북,0
2023-01,,합,공공분양,전남,0
2023-01,,합,공공분양,경북,0
2023-01,,합,공공분양,경남,0
2023-01,,합,공공분양,제주,0
2023-01,,지자체,소계,전국,0
2023-01,,지자체,소계,서울,0
2023-01,,지자체,소계,인천,0
2023-01,,지자체,소계,경기,0
2023-01,,지자체,소계,부산,0
2023-01,,지자체,소계,대구,0
2023-01,,지자체,소계,광주,0
2023-01,,지자체,소계,대전,0
2023-01,,지자체,소계,울산,0
2023-01,,지자체,소계,세종,0
2023-01,,지자체,소계,강원,0
2023-01,,지자체,소계,충북,0
2023-01,,지자체,소계,충남,0
2023-01,,지자체,소계,전북,0
2023-01,,지자체,소계,전남,0
2023-01,,지자체,소계,경북,0
2023-01,,지자체,소계,경남,0
2023-01,,지자체,소계,제주,0
2023-01,,지자체,국민임대,전국,0
2023-01,,지자체,국민임대,서울,0
2023-01,,지자체,국민임대,인천,0
2023-01,,지자체,국민임대,경기,0
2023-01,,지자체,국민임대,부산,0
2023-01,,지자체,국민임대,대구,0
2023-01,,지자체,국민임대,광주,0
2023-01,,지자체,국민임대,대전,0
2023-01,,지자체,국민임대,울산,0
2023-01,,지자체,국민임대,세종,0
2023-01,,지자체,국민임대,강원,0
2023-01,,지자체,국민임대,충북,0
2023-01,,지자체,국민임대,충남,0
2023-01,,지자체,국민임대,전북,0
2023-01,,지자체,국민임대,전남,0
2023-01,,지자체,국민임대,경북,0
2023-01,,지자체,국민임대,경남,0
2023-01,,지자체,국민임대,제주,0
2023-01,,지자체,공공임대,전국,0
2023-01,,지자체,공공임대,서울,0
2023-01,,지자체,공공임대,인천,0
2023-01,,지자체,공공임대,경기,0
2023-01,,지자체,공공임대,부산,0
2023-01,,지자체,공공임대,대구,0
2023-01,,지자체,공공임대,광주,0
2023-01,,지자체,공공임대,대전,0
2023-01,,지자체,공공임대,울산,0
2023-01,,지자체,공공임대,세종,0
2023-01,,지자체,공공임대,강원,0
2023-01,,지자체,공공임대,충북,0
2023-01,,지자체,공공임대,충남,0
2023-01,,지자체,공공임대,전북,0
2023-01,,지자체,공공임대,전남,0
2023-01,,지자체,공공임대,경북,0
2023-01,,지자체,공공임대,경남,0
2023-01,,지자체,공공임대,제주,0
2023-01,,지자체,공공분양,전국,0
2023-01,,지자체,공공분양,서울,0
2023-01,,지자체,공공분양,인천,0
2023-01,,지자체,공공분양,경기,0
2023-01,,지자체,공공분양,부산,0
2023-01,,지자체,공공분양,대구,0
2023-01,,지자체,공공분양,광주,0
2023-01,,지자체,공공분양,대전,0
2023-01,,지자체,공공분양,울산,0
2023-01,,지자체,공공분양,세종,0
2023-01,,지자체,공공분양,강원,0
2023-01,,지자체,공공분양,충북,0
2023-01,,지자체,공공분양,충남,0
2023-01,,지자체,공공분양,전북,0
2023-01,,지자체,공공분양,전남,0
2023-01,,지자체,공공분양,경북,0
2023-01,,지자체,공공분양,경남,0
2023-01,,지자체,공공분양,제주,0
2023-01,,LH,소계,전국,141
2023-01,,LH,소계,서울,0
2023-01,,LH,소계,인천,40
2023-01,,LH,소계,경기,0
2023-01,,LH,소계,부산,0
2023-01,,LH,소계,대구,0
2023-01,,LH,소계,광주,0
2023-01,,LH,소계,대전,0
2023-01,,LH,소계,울산,0
2023-01,,LH,소계,세종,0
2023-01,,LH,소계,강원,0
2023-01,,LH,소계,충북,1
2023-01,,LH,소계,충남,0
2023-01,,LH,소계,전북,0
2023-01,,LH,소계,전남,100
2023-01,,LH,소계,경북,0
2023-01,,LH,소계,경남,0
2023-01,,LH,소계,제주,0
2023-01,,LH,국민임대,전국,0
2023-01,,LH,국민임대,서울,0
2023-01,,LH,국민임대,인천,0
2023-01,,LH,국민임대,경기,0
2023-01,,LH,국민임대,부산,0
2023-01,,LH,국민임대,대구,0
2023-01,,LH,국민임대,광주,0
2023-01,,LH,국민임대,대전,0
2023-01,,LH,국민임대,울산,0
2023-01,,LH,국민임대,세종,0
2023-01,,LH,국민임대,강원,0
2023-01,,LH,국민임대,충북,0
2023-01,,LH,국민임대,충남,0
2023-01,,LH,국민임대,전북,0
2023-01,,LH,국민임대,전남,0
2023-01,,LH,국민임대,경북,0
2023-01,,LH,국민임대,경남,0
2023-01,,LH,국민임대,제주,0
2023-01,,LH,공공임대,전국,141
2023-01,,LH,공공임대,서울,0
2023-01,,LH,공공임대,인천,40
2023-01,,LH,공공임대,경기,0
2023-01,,LH,공공임대,부산,0
2023-01,,LH,공공임대,대구,0
2023-01,,LH,공공임대,광주,0
2023-01,,LH,공공임대,대전,0
2023-01,,LH,공공임대,울산,0
2023-01,,LH,공공임대,세종,0
2023-01,,LH,공공임대,강원,0
2023-01,,LH,공공임대,충북,1
2023-01,,LH,공공임대,충남,0
2023-01,,LH,공공임대,전북,0
2023-01,,LH,공공임대,전남,100
2023-01,,LH,공공임대,경북,0
2023-01,,LH,공공임대,경남,0
2023-01,,LH,공공임대,제주,0
2023-01,,LH,공공분양,전국,0
2023-01,,LH,공공분양,서울,0
2023-01,,LH,공공분양,인천,0
2023-01,,LH,공공분양,경기,0
2023-01,,LH,공공분양,부산,0
2023-01,,LH,공공분양,대구,0
2023-01,,LH,공공분양,광주,0
2023-01,,LH,공공분양,대전,0
2023-01,,LH,공공분양,울산,0
2023-01,,LH,공공분양,세종,0
2023-01,,LH,공공분양,강원,0
2023-01,,LH,공공분양,충북,0
2023-01,,LH,공공분양,충남,0
2023-01,,LH,공공분양,전북,0
2023-01,,LH,공공분양,전남,0
2023-01,,LH,공공분양,경북,0
2023-01,,LH,공공분양,경남,0
2023-01,,LH,공공분양,제주,0
2023-01,,주택업체,소계,전국,115
2023-01,,주택업체,소계,서울,85
2023-01,,주택업체,소계,인천,0
2023-01,,주택업체,소계,경기,0
2023-01,,주택업체,소계,부산,0
2023-01,,주택업체,소계,대구,0
2023-01,,주택업체,소계,광주,0
2023-01,,주택업체,소계,대전,0
2023-01,,주택업체,소계,울산,0
2023-01,,주택업체,소계,세종,0
2023-01,,주택업체,소계,강원,0
2023-01,,주택업체,소계,충북,30
2023-01,,주택업체,소계,충남,0
2023-01,,주택업체,소계,전북,0
2023-01,,주택업체,소계,전남,0
2023-01,,주택업체,소계,경북,0
2023-01,,주택업체,소계,경남,0
2023-01,,주택업체,소계,제주,0
2023-01,,주택업체,국민임대,전국,31
2023-01,,주택업체,국민임대,서울,1
2023-01,,주택업체,국민임대,인천,0
2023-01,,주택업체,국민임대,경기,0
2023-01,,주택업체,국민임대,부산,0
2023-01,,주택업체,국민임대,대구,0
2023-01,,주택업체,국민임대,광주,0
2023-01,,주택업체,국민임대,대전,0
2023-01,,주택업체,국민임대,울산,0
2023-01,,주택업체,국민임대,세종,0
2023-01,,주택업체,국민임대,강원,0
2023-01,,주택업체,국민임대,충북,30
2023-01,,주택업체,국민임대,충남,0
2023-01,,주택업체,국민임대,전북,0
2023-01,,주택업체,국민임대,전남,0
2023-01,,주택업체,국민임대,경북,0
2023-01,,주택업체,국민임대,경남,0
2023-01,,주택업체,국민임대,제주,0
2023-01,,주택업체,공공임대,전국,84
2023-01,,주택업체,공공임대,서울,84
2023-01,,주택업체,공공임대,인천,0
2023-01,,주택업체,공공임대,경기,0
2023-01,,주택업체,공공임대,부산,0
2023-01,,주택업체,공공임대,대구,0
2023-01,,주택업체,공공임대,광주,0
2023-01,,주택업체,공공임대,대전,0
2023-01,,주택업체,공공임대,울산,0
2023-01,,주택업체,공공임대,세종,0
2023-01,,주택업체,공공임대,강원,0
2023-01,,주택업체,공공임대,충북,0
2023-01,,주택업체,공공임대,충남,0
2023-01,,주택업체,공공임대,전북,0
2023-01,,주택업체,공공임대,전남,0
2023-01,,주택업체,공공임대,경북,0
2023-01,,주택업체,공공임대,경남,0
2023-01,,주택업체,공공임대,제주,0
2023-01,,주택업체,공공분양,전국,0
2023-01,,주택업체,공공분양,서울,0
2023-01,,주택업체,공공분양,인천,0
2023-01,,주택업체,공공분양,경기,0
2023-01,,주택업체,공공분양,부산,0
2023-01,,주택업체,공공분양,대구,0
2023-01,,주택업체,공공분양,광주,0
2023-01,,주택업체,공공분양,대전,0
2023-01,,주택업체,공공분양,울산,0
2023-01,,주택업체,공공분양,세종,0
2023-01,,주택업체,공공분양,강원,0
2023-01,,주택업체,공공분양,충북,0
2023-01,,주택업체,공공분양,충남,0
2023-01,,주택업체,공공분양,전북,0
2023-01,,주택업체,공공분양,전남,0
2023-01,,주택업체,공공분양,경북,0
2023-01,,주택업체,공공분양,경남,0
2023-01,,주택업체,공공분양,제주,0
2023-01,,민간부문,소계,전국,27015
2023-01,,민간부문,소계,서울,3234
2023-01,,민간부문,소계,인천,2466
2023-01,,민간부문,소계,경기,8038
2023-01,,민간부문,소계,부산,3320
2023-01,,민간부문,소계,대구,883
2023-01,,민간부문,소계,광주,136
2023-01,,민간부문,소계,대전,162
2023-01,,민간부문,소계,울산,27
2023-01,,민간부문,소계,세종,22
2023-01,,민간부문,소계,강원,350
2023-01,,민간부문,소계,충북,288
2023-01,,민간부문,소계,충남,1757
2023-01,,민간부문,소계,전북,1192
2023-01,,민간부문,소계,전남,2352
2023-01,,민간부문,소계,경북,585
2023-01,,민간부문,소계,경남,1713
2023-01,,민간부문,소계,제주,490
2023-01,,민간,민간임대,전국,1837
2023-01,,민간,민간임대,서울,631
2023-01,,민간,민간임대,인천,0
2023-01,,민간,민간임대,경기,522
2023-01,,민간,민간임대,부산,0
2023-01,,민간,민간임대,대구,0
2023-01,,민간,민간임대,광주,0
2023-01,,민간,민간임대,대전,0
2023-01,,민간,민간임대,울산,0
2023-01,,민간,민간임대,세종,0
2023-01,,민간,민간임대,강원,0
2023-01,,민간,민간임대,충북,0
2023-01,,민간,민간임대,충남,0
2023-01,,민간,민간임대,전북,390
2023-01,,민간,민간임대,전남,294
2023-01,,민간,민간임대,경북,0
2023-01,,민간,민간임대,경남,0
2023-01,,민간,민간임대,제주,0
2023-01,,민간,민간분양,전국,25178
2023-01,,민간,민간분양,서울,2603
2023-01,,민간,민간분양,인천,2466
2023-01,,민간,민간분양,경기,7516
2023-01,,민간,민간분양,부산,3320
2023-01,,민간,민간분양,대구,883
2023-01,,민간,민간분양,광주,136
2023-01,,민간,민간분양,대전,162
2023-01,,민간,민간분양,울산,27
2023-01,,민간,민간분양,세종,22
2023-01,,민간,민간분양,강원,350
2023-01,,민간,민간분양,충북,288
2023-01,,민간,민간분양,충남,1757
2023-01,,민간,민간분양,전북,802
2023-01,,민간,민간분양,전남,2058
2023-01,,민간,민간분양,경북,585
2023-01,,민간,민간분양,경남,1713
2023-01,,민간,민간분양,제주,490
2023-02,,총계,총계,전국,35158
2023-02,,총계,총계,서울,3885
2023-02,,총계,총계,인천,4927
2023-02,,총계,총계,경기,13728
2023-02,,총계,총계,부산,202
2023-02,,총계,총계,대구,1460
2023-02,,총계,총계,광주,878
2023-02,,총계,총계,대전,526
2023-02,,총계,총계,울산,40
2023-02,,총계,총계,세종,48
2023-02,,총계,총계,강원,2445
2023-02,,총계,총계,충북,1110
2023-02,,총계,총계,충남,1865
2023-02,,총계,총계,전북,1557
2023-02,,총계,총계,전남,901
2023-02,,총계,총계,경북,841
2023-02,,총계,총계,경남,483
2023-02,,총계,총계,제주,262
2023-02,,공공부문,소계,전국,1561
2023-02,,공공부문,소계,서울,96
2023-02,,공공부문,소계,인천,1109
2023-02,,공공부문,소계,경기,236
2023-02,,공공부문,소계,부산,0
2023-02,,공공부문,소계,대구,0
2023-02,,공공부문,소계,광주,0
2023-02,,공공부문,소계,대전,0
2023-02,,공공부문,소계,울산,0
2023-02,,공공부문,소계,세종,0
2023-02,,공공부문,소계,강원,0
2023-02,,공공부문,소계,충북,0
2023-02,,공공부문,소계,충남,0
2023-02,,공공부문,소계,전북,120
2023-02,,공공부문,소계,전남,0
2023-02,,공공부문,소계,경북,0
2023-02,,공공부문,소계,경남,0
2023-02,,공공부문,소계,제주,0
2023-02,,합,국민임대,전국,0
2023-02,,합,국민임대,서울,0
2023-02,,합,국민임대,인천,0
2023-02,,합,국민임대,경기,0
2023-02,,합,국민임대,부산,0
2023-02,,합,국민임대,대구,0
2023-02,,합,국민임대,광주,0
2023-02,,합,국민임대,대전,0
2023-02,,합,국민임대,울산,0
2023-02,,합,국민임대,세종,0
2023-02,,합,국민임대,강원,0
2023-02,,합,국민임대,충북,0
2023-02,,합,국민임대,충남,0
2023-02,,합,국민임대,전북,0
2023-02,,합,국민임대,전남,0
2023-02,,합,국민임대,경북,0
2023-02,,합,국민임대,경남,0
2023-02,,합,국민임대,제주,0
2023-02,,합,공공임대,전국,1561
2023-02,,합,공공임대,서울,96
2023-02,,합,공공임대,인천,1109
2023-02,,합,공공임대,경기,236
2023-02,,합,공공임대,부산,0
2023-02,,합,공공임대,대구,0
2023-02,,합,공공임대,광주,0
2023-02,,합,공공임대,대전,0
2023-02,,합,공공임대,울산,0
2023-02,,합,공공임대,세종,0
2023-02,,합,공공임대,강원,0
2023-02,,합,공공임대,충북,0
2023-02,,합,공공임대,충남,0
2023-02,,합,공공임대,전북,120
2023-02,,합,공공임대,전남,0
2023-02,,합,공공임대,경북,0
2023-02,,합,공공임대,경남,0
2023-02,,합,공공임대,제주,0
2023-02,,합,공공분양,전국,0
2023-02,,합,공공분양,서울,0
2023-02,,합,공공분양,인천,0
2023-02,,합,공공분양,경기,0
2023-02,,합,공공분양,부산,0
2023-02,,합,공공분양,대구,0
2023-02,,합,공공분양,광주,0
2023-02,,합,공공분양,대전,0
2023-02,,합,공공분양,울산,0
2023-02,,합,공공분양,세종,0
2023-02,,합,공공분양,강원,0
2023-02,,합,공공분양,충북,0
2023-02,,합,공공분양,충남,0
2023-02,,합,공공분양,전북,0
2023-02,,합,공공분양,전남,0
2023-02,,합,공공분양,경북,0
2023-02,,합,공공분양,경남,0
2023-02,,합,공공분양,제주,0
2023-02,,지자체,소계,전국,0
2023-02,,지자체,소계,서울,0
2023-02,,지자체,소계,인천,0
2023-02,,지자체,소계,경기,0
2023-02,,지자체,소계,부산,0
2023-02,,지자체,소계,대구,0
2023-02,,지자체,소계,광주,0
2023-02,,지자체,소계,대전,0
2023-02,,지자체,소계,울산,0
2023-02,,지자체,소계,세종,0
2023-02,,지자체,소계,강원,0
2023-02,,지자체,소계,충북,0
2023-02,,지자체,소계,충남,0
2023-02,,지자체,소계,전북,0
2023-02,,지자체,소계,전남,0
2023-02,,지자체,소계,경북,0
2023-02,,지자체,소계,경남,0
2023-02,,지자체,소계,제주,0
2023-02,,지자체,국민임대,전국,0
2023-02,,지자체,국민임대,서울,0
2023-02,,지자체,국민임대,인천,0
2023-02,,지자체,국민임대,경기,0
2023-02,,지자체,국민임대,부산,0
2023-02,,지자체,국민임대,대구,0
2023-02,,지자체,국민임대,광주,0
2023-02,,지자체,국민임대,대전,0
2023-02,,지자체,국민임대,울산,0
2023-02,,지자체,국민임대,세종,0
2023-02,,지자체,국민임대,강원,0
2023-02,,지자체,국민임대,충북,0
2023-02,,지자체,국민임대,충남,0
2023-02,,지자체,국민임대,전북,0
2023-02,,지자체,국민임대,전남,0
2023-02,,지자체,국민임대,경북,0
2023-02,,지자체,국민임대,경남,0
2023-02,,지자체,국민임대,제주,0
2023-02,,지자체,공공임대,전국,0
2023-02,,지자체,공공임대,서울,0
2023-02,,지자체,공공임대,인천,0
2023-02,,지자체,공공임대,경기,0
2023-02,,지자체,공공임대,부산,0
2023-02,,지자체,공공임대,대구,0
2023-02,,지자체,공공임대,광주,0
2023-02,,지자체,공공임대,대전,0
2023-02,,지자체,공공임대,울산,0
2023-02,,지자체,공공임대,세종,0
2023-02,,지자체,공공임대,강원,0
2023-02,,지자체,공공임대,충북,0
2023-02,,지자체,공공임대,충남,0
2023-02,,지자체,공공임대,전북,0
2023-02,,지자체,공공임대,전남,0
2023-02,,지자체,공공임대,경북,0
2023-02,,지자체,공공임대,경남,0
2023-02,,지자체,공공임대,제주,0
2023-02,,지자체,공공분양,전국,0
2023-02,,지자체,공공분양,서울,0
2023-02,,지자체,공공분양,인천,0
2023-02,,지자체,공공분양,경기,0
2023-02,,지자체,공공분양,부산,0
2023-02,,지자체,공공분양,대구,0
2023-02,,지자체,공공분양,광주,0
2023-02,,지자체,공공분양,대전,0
2023-02,,지자체,공공분양,울산,0
2023-02,,지자체,공공분양,세종,0
2023-02,,지자체,공공분양,강원,0
2023-02,,지자체,공공분양,충북,0
2023-02,,지자체,공공분양,충남,0
2023-02,,지자체,공공분양,전북,0
2023-02,,지자체,공공분양,전남,0
2023-02,,지자체,공공분양,경북,0
2023-02,,지자체,공공분양,경남,0
2023-02,,지자체,공공분양,제주,0
2023-02,,LH,소계,전국,120
2023-02,,LH,소계,서울,0
2023-02,,LH,소계,인천,0
2023-02,,LH,소계,경기,0
2023-02,,LH,소계,부산,0
2023-02,,LH,소계,대구,0
2023-02,,LH,소계,광주,0
2023-02,,LH,소계,대전,0
2023-02,,LH,소계,울산,0
2023-02,,LH,소계,세종,0
2023-02,,LH,소계,강원,0
2023-02,,LH,소계,충북,0
2023-02,,LH,소계,충남,0
2023-02,,LH,소계,전북,120
2023-02,,LH,소계,전남,0
2023-02,,LH,소계,경북,0
2023-02,,LH,소계,경남,0
2023-02,,LH,소계,제주,0
2023-02,,LH,국민임대,전국,0
2023-02,,LH,국민임대,서울,0
2023-02,,LH,국민임대,인천,0
2023-02,,LH,국민임대,경기,0
2023-02,,LH,국민임대,부산,0
2023-02,,LH,국민임대,대구,0
2023-02,,LH,국민임대,광주,0
2023-02,,LH,국민임대,대전,0
2023-02,,LH,국민임대,울산,0
2023-02,,LH,국민임대,세종,0
2023-02,,LH,국민임대,강원,0
2023-02,,LH,국민임대,충북,0
2023-02,,LH,국민임대,충남,0
2023-02,,LH,국민임대,전북,0
2023-02,,LH,국민임대,전남,0
2023-02,,LH,국민임대,경북,0
2023-02,,LH,국민임대,경남,0
2023-02,,LH,국민임대,제주,0
2023-02,,LH,공공임대,전국,120
2023-02,,LH,공공임대,서울,0
2023-02,,LH,공공임대,인천,0
2023-02,,LH,공공임대,경기,0
2023-02,,LH,공공임대,부산,0
2023-02,,LH,공공임대,대구,0
2023-02,,LH,공공임대,광주,0
2023-02,,LH,공공임대,대전,0
2023-02,,LH,공공임대,울산,0
2023-02,,LH,공공임대,세종,0
2023-02,,LH,공공임대,강원,0
2023-02,,LH,공공임대,충북,0
2023-02,,LH,공공임대,충남,0
2023-02,,LH,공공임대,전북,120
2023-02,,LH,공공임대,전남,0
2023-02,,LH,공공임대,경북,0
2023-02,,LH,공공임대,경남,0
2023-02,,LH,공공임대,제주,0
2023-02,,LH,공공분양,전국,0
2023-02,,LH,공공분양,서울,0
2023-02,,LH,공공분양,인천,0
2023-02,,LH,공공분양,경기,0
2023-02,,LH,공공분양,부산,0
2023-02,,LH,공공분양,대구,0
2023-02,,LH,공공분양,광주,0
2023-02,,LH,공공분양,대전,0
2023-02,,LH,공공분양,울산,0
2023-02,,LH,공공분양,세종,0
2023-02,,LH,공공분양,강원,0
2023-02,,LH,공공분양,충북,0
2023-02,,LH,공공분양,충남,0
2023-02,,LH,공공분양,전북,0
2023-02,,LH,공공분양,전남,0
2023-02,,LH,공공분양,경북,0
2023-02,,LH,공공분양,경남,0
2023-02,,LH,공공분양,제주,0
2023-02,,주택업체,소계,전국,1441
2023-02,,주택업체,소계,서울,96
2023-02,,주택업체,소계,인천,1109
2023-02,,주택업체,소계,경기,236
2023-02,,주택업체,소계,부산,0
2023-02,,주택업체,소계,대구,0
2023-02,,주택업체,소계,광주,0
2023-02,,주택업체,소계,대전,0
2023-02,,주택업체,소계,울산,0
2023-02,,주택업체,소계,세종,0
2023-02,,주택업체,소계,강원,0
2023-02,,주택업체,소계,충북,0
2023-02,,주택업체,소계,충남,0
2023-02,,주택업체,소계,전북,0
2023-02,,주택업체,소계,전남,0
2023-02,,주택업체,소계,경북,0
2023-02,,주택업체,소계,경남,0
2023-02,,주택업체,소계,제주,0
2023-02,,주택업체,국민임대,전국,0
2023-02,,주택업체,국민임대,서울,0
2023-02,,주택업체,국민임대,인천,0
2023-02,,주택업체,국민임대,경기,0
2023-02,,주택업체,국민임대,부산,0
2023-02,,주택업체,국민임대,대구,0
2023-02,,주택업체,국민임대,광주,0
2023-02,,주택업체,국민임대,대전,0
2023-02,,주택업체,국민임대,울산,0
2023-02,,주택업체,국민임대,세종,0
2023-02,,주택업체,국민임대,강원,0
2023-02,,주택업체,국민임대,충북,0
2023-02,,주택업체,국민임대,충남,0
2023-02,,주택업체,국민임대,전북,0
2023-02,,주택업체,국민임대,전남,0
2023-02,,주택업체,국민임대,경북,0
2023-02,,주택업체,국민임대,경남,0
2023-02,,주택업체,국민임대,제주,0
2023-02,,주택업체,공공임대,전국,1441
2023-02,,주택업체,공공임대,서울,96
2023-02,,주택업체,공공임대,인천,1109
2023-02,,주택업체,공공임대,경기,236
2023-02,,주택업체,공공임대,부산,0
2023-02,,주택업체,공공임대,대구,0
2023-02,,주택업체,공공임대,광주,0
2023-02,,주택업체,공공임대,대전,0
2023-02,,주택업체,공공임대,울산,0
2023-02,,주택업체,공공임대,세종,0
2023-02,,주택업체,공공임대,강원,0
2023-02,,주택업체,공공임대,충북,0
2023-02,,주택업체,공공임대,충남,0
2023-02,,주택업체,공공임대,전북,0
2023-02,,주택업체,공공임대,전남,0
2023-02,,주택업체,공공임대,경북,0
2023-02,,주택업체,공공임대,경남,0
2023-02,,주택업체,공공임대,제주,0
2023-02,,주택업체,공공분양,전국,0
2023-02,,주택업체,공공분양,서울,0
2023-02,,주택업체,공공분양,인천,0
2023-02,,주택업체,공공분양,경기,0
2023-02,,주택업체,공공분양,부산,0
2023-02,,주택업체,공공분양,대구,0
2023-02,,주택업체,공공분양,광주,0
2023-02,,주택업체,공공분양,대전,0
2023-02,,주택업체,공공분양,울산,0
2023-02,,주택업체,공공분양,세종,0
2023-02,,주택업체,공공분양,강원,0
2023-02,,주택업체,공공분양,충북,0
2023-02,,주택업체,공공분양,충남,0
2023-02,,주택업체,공공분양,전북,0
2023-02,,주택업체,공공분양,전남,0
2023-02,,주택업체,공공분양,경북,0
2023-02,,주택업체,공공분양,경남,0
2023-02,,주택업체,공공분양,제주,0
2023-02,,민간부문,소계,전국,33597
2023-02,,민간부문,소계,서울,3789
2023-02,,민간부문,소계,인천,3818
2023-02,,민간부문,소계,경기,13492
2023-02,,민간부문,소계,부산,202
2023-02,,민간부문,소계,대구,1460
2023-02,,민간부문,소계,광주,878
2023-02,,민간부문,소계,대전,526
2023-02,,민간부문,소계,울산,40
2023-02,,민간부문,소계,세종,48
2023-02,,민간부문,소계,강원,2445
2023-02,,민간부문,소계,충북,1110
2023-02,,민간부문,소계,충남,1865
2023-02,,민간부문,소계,전북,1437
2023-02,,민간부문,소계,전남,901
2023-02,,민간부문,소계,경북,841
2023-02,,민간부문,소계,경남,483
2023-02,,민간부문,소계,제주,262
2023-02,,민간,민간임대,전국,3143
2023-02,,민간,민간임대,서울,0
2023-02,,민간,민간임대,인천,910
2023-02,,민간,민간임대,경기,528
2023-02,,민간,민간임대,부산,0
2023-02,,민간,민간임대,대구,0
2023-02,,민간,민간임대,광주,490
2023-02,,민간,민간임대,대전,0
2023-02,,민간,민간임대,울산,0
2023-02,,민간,민간임대,세종,0
2023-02,,민간,민간임대,강원,1215
2023-02,,민간,민간임대,충북,0
2023-02,,민간,민간임대,충남,0
2023-02,,민간,민간임대,전북,0
2023-02,,민간,민간임대,전남,0
2023-02,,민간,민간임대,경북,0
2023-02,,민간,민간임대,경남,0
2023-02,,민간,민간임대,제주,0
2023-02,,민간,민간분양,전국,30454
2023-02,,민간,민간분양,서울,3789
2023-02,,민간,민간분양,인천,2908
2023-02,,민간,민간분양,경기,12964
2023-02,,민간,민간분양,부산,202
2023-02,,민간,민간분양,대구,1460
2023-02,,민간,민간분양,광주,388
2023-02,,민간,민간분양,대전,526
2023-02,,민간,민간분양,울산,40
2023-02,,민간,민간분양,세종,48
2023-02,,민간,민간분양,강원,1230
2023-02,,민간,민간분양,충북,1110
2023-02,,민간,민간분양,충남,1865
2023-02,,민간,민간분양,전북,1437
2023-02,,민간,민간분양,전남,901
2023-02,,민간,민간분양,경북,841
2023-02,,민간,민간분양,경남,483
2023-02,,민간,민간분양,제주,262
2023-03,,총계,총계,전국,26355
2023-03,,총계,총계,서울,2874
2023-03,,총계,총계,인천,551
2023-03,,총계,총계,경기,9509
2023-03,,총계,총계,부산,1629
2023-03,,총계,총계,대구,3676
2023-03,,총계,총계,광주,210
2023-03,,총계,총계,대전,1869
2023-03,,총계,총계,울산,442
2023-03,,총계,총계,세종,20
2023-03,,총계,총계,강원,199
2023-03,,총계,총계,충북,233
2023-03,,총계,총계,충남,1280
2023-03,,총계,총계,전북,645
2023-03,,총계,총계,전남,2330
2023-03,,총계,총계,경북,290
2023-03,,총계,총계,경남,259
2023-03,,총계,총계,제주,339
2023-03,,공공부문,소계,전국,2727
2023-03,,공공부문,소계,서울,60
2023-03,,공공부문,소계,인천,0
2023-03,,공공부문,소계,경기,2667
2023-03,,공공부문,소계,부산,0
2023-03,,공공부문,소계,대구,0
2023-03,,공공부문,소계,광주,0
2023-03,,공공부문,소계,대전,0
2023-03,,공공부문,소계,울산,0
2023-03,,공공부문,소계,세종,0
2023-03,,공공부문,소계,강원,0
2023-03,,공공부문,소계,충북,0
2023-03,,공공부문,소계,충남,0
2023-03,,공공부문,소계,전북,0
2023-03,,공공부문,소계,전남,0
2023-03,,공공부문,소계,경북,0
2023-03,,공공부문,소계,경남,0
2023-03,,공공부문,소계,제주,0
2023-03,,합,국민임대,전국,0
2023-03,,합,국민임대,서울,0
2023-03,,합,국민임대,인천,0
2023-03,,합,국민임대,경기,0
2023-03,,합,국민임대,부산,0
2023-03,,합,국민임대,대구,0
2023-03,,합,국민임대,광주,0
2023-03,,합,국민임대,대전,0
2023-03,,합,국민임대,울산,0
2023-03,,합,국민임대,세종,0
2023-03,,합,국민임대,강원,0
2023-03,,합,국민임대,충북,0
2023-03,,합,국민임대,충남,0
2023-03,,합,국민임대,전북,0
2023-03,,합,국민임대,전남,0
2023-03,,합,국민임대,경북,0
2023-03,,합,국민임대,경남,0
2023-03,,합,국민임대,제주,0
2023-03,,합,공공임대,전국,2727
2023-03,,합,공공임대,서울,60
2023-03,,합,공공임대,인천,0
2023-03,,합,공공임대,경기,2667
2023-03,,합,공공임대,부산,0
2023-03,,합,공공임대,대구,0
2023-03,,합,공공임대,광주,0
2023-03,,합,공공임대,대전,0
2023-03,,합,공공임대,울산,0
2023-03,,합,공공임대,세종,0
2023-03,,합,공공임대,강원,0
2023-03,,합,공공임대,충북,0
2023-03,,합,공공임대,충남,0
2023-03,,합,공공임대,전북,0
2023-03,,합,공공임대,전남,0
2023-03,,합,공공임대,경북,0
2023-03,,합,공공임대,경남,0
2023-03,,합,공공임대,제주,0
2023-03,,합,공공분양,전국,0
2023-03,,합,공공분양,서울,0
2023-03,,합,공공분양,인천,0
2023-03,,합,공공분양,경기,0
2023-03,,합,공공분양,부산,0
2023-03,,합,공공분양,대구,0
2023-03,,합,공공분양,광주,0
2023-03,,합,공공분양,대전,0
2023-03,,합,공공분양,울산,0
2023-03,,합,공공분양,세종,0
2023-03,,합,공공분양,강원,0
2023-03,,합,공공분양,충북,0
2023-03,,합,공공분양,충남,0
2023-03,,합,공공분양,전북,0
2023-03,,합,공공분양,전남,0
2023-03,,합,공공분양,경북,0
2023-03,,합,공공분양,경남,0
2023-03,,합,공공분양,제주,0
2023-03,,지자체,소계,전국,0
2023-03,,지자체,소계,서울,0
2023-03,,지자체,소계,인천,0
2023-03,,지자체,소계,경기,0
2023-03,,지자체,소계,부산,0
2023-03,,지자체,소계,대구,0
2023-03,,지자체,소계,광주,0
2023-03,,지자체,소계,대전,0
2023-03,,지자체,소계,울산,0
2023-03,,지자체,소계,세종,0
2023-03,,지자체,소계,강원,0
2023-03,,지자체,소계,충북,0
2023-03,,지자체,소계,충남,0
2023-03,,지자체,소계,전북,0
2023-03,,지자체,소계,전남,0
2023-03,,지자체,소계,경북,0
2023-03,,지자체,소계,경남,0
2023-03,,지자체,소계,제주,0
2023-03,,지자체,국민임대,전국,0
2023-03,,지자체,국민임대,서울,0
2023-03,,지자체,국민임대,인천,0
2023-03,,지자체,국민임대,경기,0
2023-03,,지자체,국민임대,부산,0
2023-03,,지자체,국민임대,대구,0
2023-03,,지자체,국민임대,광주,0
2023-03,,지자체,국민임대,대전,0
2023-03,,지자체,국민임대,울산,0
2023-03,,지자체,국민임대,세종,0
2023-03,,지자체,국민임대,강원,0
2023-03,,지자체,국민임대,충북,0
2023-03,,지자체,국민임대,충남,0
2023-03,,지자체,국민임대,전북,0
2023-03,,지자체,국민임대,전남,0
2023-03,,지자체,국민임대,경북,0
2023-03,,지자체,국민임대,경남,0
2023-03,,지자체,국민임대,제주,0
2023-03,,지자체,공공임대,전국,0
2023-03,,지자체,공공임대,서울,0
2023-03,,지자체,공공임대,인천,0
2023-03,,지자체,공공임대,경기,0
2023-03,,지자체,공공임대,부산,0
2023-03,,지자체,공공임대,대구,0
2023-03,,지자체,공공임대,광주,0
2023-03,,지자체,공공임대,대전,0
2023-03,,지자체,공공임대,울산,0
2023-03,,지자체,공공임대,세종,0
2023-03,,지자체,공공임대,강원,0
2023-03,,지자체,공공임대,충북,0
2023-03,,지자체,공공임대,충남,0
2023-03,,지자체,공공임대,전북,0
2023-03,,지자체,공공임대,전남,0
2023-03,,지자체,공공임대,경북,0
2023-03,,지자체,공공임대,경남,0
2023-03,,지자체,공공임대,제주,0
2023-03,,지자체,공공분양,전국,0
2023-03,,지자체,공공분양,서울,0
2023-03,,지자체,공공분양,인천,0
2023-03,,지자체,공공분양,경기,0
2023-03,,지자체,공공분양,부산,0
2023-03,,지자체,공공분양,대구,0
2023-03,,지자체,공공분양,광주,0
2023-03,,지자체,공공분양,대전,0
2023-03,,지자체,공공분양,울산,0
2023-03,,지자체,공공분양,세종,0
2023-03,,지자체,공공분양,강원,0
2023-03,,지자체,공공분양,충북,0
2023-03,,지자체,공공분양,충남,0
2023-03,,지자체,공공분양,전북,0
2023-03,,지자체,공공분양,전남,0
2023-03,,지자체,공공분양,경북,0
2023-03,,지자체,공공분양,경남,0
2023-03,,지자체,공공분양,제주,0
2023-03,,LH,소계,전국,2667
2023-03,,LH,소계,서울,0
2023-03,,LH,소계,인천,0
2023-03,,LH,소계,경기,2667
2023-03,,LH,소계,부산,0
2023-03,,LH,소계,대구,0
2023-03,,LH,소계,광주,0
2023-03,,LH,소계,대전,0
2023-03,,LH,소계,울산,0
2023-03,,LH,소계,세종,0
2023-03,,LH,소계,강원,0
2023-03,,LH,소계,충북,0
2023-03,,LH,소계,충남,0
2023-03,,LH,소계,전북,0
2023-03,,LH,소계,전남,0
2023-03,,LH,소계,경북,0
2023-03,,LH,소계,경남,0
2023-03,,LH,소계,제주,0
2023-03,,LH,국민임대,전국,0
2023-03,,LH,국민임대,서울,0
2023-03,,LH,국민임대,인천,0
2023-03,,LH,국민임대,경기,0
2023-03,,LH,국민임대,부산,0
2023-03,,LH,국민임대,대구,0
2023-03,,LH,국민임대,광주,0
2023-03,,LH,국민임대,대전,0
2023-03,,LH,국민임대,울산,0
2023-03,,LH,국민임대,세종,0
2023-03,,LH,국민임대,강원,0
2023-03,,LH,국민임대,충북,0
2023-03,,LH,국민임대,충남,0
2023-03,,LH,국민임대,전북,0
2023-03,,LH,국민임대,전남,0
2023-03,,LH,국민임대,경북,0
2023-03,,LH,국민임대,경남,0
2023-03,,LH,국민임대,제주,0
2023-03,,LH,공공임대,전국,2667
2023-03,,LH,공공임대,서울,0
2023-03,,LH,공공임대,인천,0
2023-03,,LH,공공임대,경기,2667
2023-03,,LH,공공임대,부산,0
2023-03,,LH,공공임대,대구,0
2023-03,,LH,공공임대,광주,0
2023-03,,LH,공공임대,대전,0
2023-03,,LH,공공임대,울산,0
2023-03,,LH,공공임대,세종,0
2023-03,,LH,공공임대,강원,0
2023-03,,LH,공공임대,충북,0
2023-03,,LH,공공임대,충남,0
2023-03,,LH,공공임대,전북,0
2023-03,,LH,공공임대,전남,0
2023-03,,LH,공공임대,경북,0
2023-03,,LH,공공임대,경남,0
2023-03,,LH,공공임대,제주,0
2023-03,,LH,공공분양,전국,0
2023-03,,LH,공공분양,서울,0
2023-03,,LH,공공분양,인천,0
2023-03,,LH,공공분양,경기,0
2023-03,,LH,공공분양,부산,0
2023-03,,LH,공공분양,대구,0
2023-03,,LH,공공분양,광주,0
2023-03,,LH,공공분양,대전,0
2023-03,,LH,공공분양,울산,0
2023-03,,LH,공공분양,세종,0
2023-03,,LH,공공분양,강원,0
2023-03,,LH,공공분양,충북,0
2023-03,,LH,공공분양,충남,0
2023-03,,LH,공공분양,전북,0
2023-03,,LH,공공분양,전남,0
2023-03,,LH,공공분양,경북,0
2023-03,,LH,공공분양,경남,0
2023-03,,LH,공공분양,제주,0
2023-03,,주택업체,소계,전국,60
2023-03,,주택업체,소계,서울,60
2023-03,,주택업체,소계,인천,0
2023-03,,주택업체,소계,경기,0
2023-03,,주택업체,소계,부산,0
2023-03,,주택업체,소계,대구,0
2023-03,,주택업체,소계,광주,0
2023-03,,주택업체,소계,대전,0
2023-03,,주택업체,소계,울산,0
2023-03,,주택업체,소계,세종,0
2023-03,,주택업체,소계,강원,0
2023-03,,주택업체,소계,충북,0
2023-03,,주택업체,소계,충남,0
2023-03,,주택업체,소계,전북,0
2023-03,,주택업체,소계,전남,0
2023-03,,주택업체,소계,경북,0
2023-03,,주택업체,소계,경남,0
2023-03,,주택업체,소계,제주,0
2023-03,,주택업체,국민임대,전국,0
2023-03,,주택업체,국민임대,서울,0
2023-03,,주택업체,국민임대,인천,0
2023-03,,주택업체,국민임대,경기,0
2023-03,,주택업체,국민임대,부산,0
2023-03,,주택업체,국민임대,대구,0
2023-03,,주택업체,국민임대,광주,0
2023-03,,주택업체,국민임대,대전,0
2023-03,,주택업체,국민임대,울산,0
2023-03,,주택업체,국민임대,세종,0
2023-03,,주택업체,국민임대,강원,0
2023-03,,주택업체,국민임대,충북,0
2023-03,,주택업체,국민임대,충남,0
2023-03,,주택업체,국민임대,전북,0
2023-03,,주택업체,국민임대,전남,0
2023-03,,주택업체,국민임대,경북,0
2023-03,,주택업체,국민임대,경남,0
2023-03,,주택업체,국민임대,제주,0
2023-03,,주택업체,공공임대,전국,60
2023-03,,주택업체,공공임대,서울,60
2023-03,,주택업체,공공임대,인천,0
2023-03,,주택업체,공공임대,경기,0
2023-03,,주택업체,공공임대,부산,0
2023-03,,주택업체,공공임대,대구,0
2023-03,,주택업체,공공임대,광주,0
2023-03,,주택업체,공공임대,대전,0
2023-03,,주택업체,공공임대,울산,0
2023-03,,주택업체,공공임대,세종,0
2023-03,,주택업체,공공임대,강원,0
2023-03,,주택업체,공공임대,충북,0
2023-03,,주택업체,공공임대,충남,0
2023-03,,주택업체,공공임대,전북,0
2023-03,,주택업체,공공임대,전남,0
2023-03,,주택업체,공공임대,경북,0
2023-03,,주택업체,공공임대,경남,0
2023-03,,주택업체,공공임대,제주,0
2023-03,,주택업체,공공분양,전국,0
2023-03,,주택업체,공공분양,서울,0
2023-03,,주택업체,공공분양,인천,0
2023-03,,주택업체,공공분양,경기,0
2023-03,,주택업체,공공분양,부산,0
2023-03,,주택업체,공공분양,대구,0
2023-03,,주택업체,공공분양,광주,0
2023-03,,주택업체,공공분양,대전,0
2023-03,,주택업체,공공분양,울산,0
2023-03,,주택업체,공공분양,세종,0
2023-03,,주택업체,공공분양,강원,0
2023-03,,주택업체,공공분양,충북,0
2023-03,,주택업체,공공분양,충남,0
2023-03,,주택업체,공공분양,전북,0
2023-03,,주택업체,공공분양,전남,0
2023-03,,주택업체,공공분양,경북,0
2023-03,,주택업체,공공분양,경남,0
2023-03,,주택업체,공공분양,제주,0
2023-03,,민간부문,소계,전국,23628
2023-03,,민간부문,소계,서울,2814
2023-03,,민간부문,소계,인천,551
2023-03,,민간부문,소계,경기,6842
2023-03,,민간부문,소계,부산,1629
2023-03,,민간부문,소계,대구,3676
2023-03,,민간부문,소계,광주,210
2023-03,,민간부문,소계,대전,1869
2023-03,,민간부문,소계,울산,442
2023-03,,민간부문,소계,세종,20
2023-03,,민간부문,소계,강원,199
2023-03,,민간부문,소계,충북,233
2023-03,,민간부문,소계,충남,1280
2023-03,,민간부문,소계,전북,645
2023-03,,민간부문,소계,전남,2330
2023-03,,민간부문,소계,경북,290
2023-03,,민간부문,소계,경남,259
2023-03,,민간부문,소계,제주,339
2023-03,,민간,민간임대,전국,937
2023-03,,민간,민간임대,서울,0
2023-03,,민간,민간임대,인천,0
2023-03,,민간,민간임대,경기,866
2023-03,,민간,민간임대,부산,0
2023-03,,민간,민간임대,대구,0
2023-03,,민간,민간임대,광주,0
2023-03,,민간,민간임대,대전,0
2023-03,,민간,민간임대,울산,0
2023-03,,민간,민간임대,세종,0
2023-03,,민간,민간임대,강원,0
2023-03,,민간,민간임대,충북,0
2023-03,,민간,민간임대,충남,0
2023-03,,민간,민간임대,전북,0
2023-03,,민간,민간임대,전남,71
2023-03,,민간,민간임대,경북,0
2023-03,,민간,민간임대,경남,0
2023-03,,민간,민간임대,제주,0
2023-03,,민간,민간분양,전국,22691
2023-03,,민간,민간분양,서울,2814
2023-03,,민간,민간분양,인천,551
2023-03,,민간,민간분양,경기,5976
2023-03,,민간,민간분양,부산,1629
2023-03,,민간,민간분양,대구,3676
2023-03,,민간,민간분양,광주,210
2023-03,,민간,민간분양,대전,1869
2023-03,,민간,민간분양,울산,442
2023-03,,민간,민간분양,세종,20
2023-03,,민간,민간분양,강원,199
2023-03,,민간,민간분양,충북,233
2023-03,,민간,민간분양,충남,1280
2023-03,,민간,민간분양,전북,645
2023-03,,민간,민간분양,전남,2259
2023-03,,민간,민간분양,경북,290
2023-03,,민간,민간분양,경남,259
2023-03,,민간,민간분양,제주,339
2023-04,,총계,총계,전국,34835
2023-04,,총계,총계,서울,2851
2023-04,,총계,총계,인천,4043
2023-04,,총계,총계,경기,14213
2023-04,,총계,총계,부산,514
2023-04,,총계,총계,대구,3728
2023-04,,총계,총계,광주,190
2023-04,,총계,총계,대전,76
2023-04,,총계,총계,울산,26
2023-04,,총계,총계,세종,19
2023-04,,총계,총계,강원,903
2023-04,,총계,총계,충북,559
2023-04,,총계,총계,충남,2084
2023-04,,총계,총계,전북,1135
2023-04,,총계,총계,전남,924
2023-04,,총계,총계,경북,2056
2023-04,,총계,총계,경남,1186
2023-04,,총계,총계,제주,328
2023-04,,공공부문,소계,전국,8304
2023-04,,공공부문,소계,서울,597
2023-04,,공공부문,소계,인천,2805
2023-04,,공공부문,소계,경기,4292
2023-04,,공공부문,소계,부산,0
2023-04,,공공부문,소계,대구,13
2023-04,,공공부문,소계,광주,0
2023-04,,공공부문,소계,대전,0
2023-04,,공공부문,소계,울산,0
2023-04,,공공부문,소계,세종,0
2023-04,,공공부문,소계,강원,0
2023-04,,공공부문,소계,충북,1
2023-04,,공공부문,소계,충남,100
2023-04,,공공부문,소계,전북,496
2023-04,,공공부문,소계,전남,0
2023-04,,공공부문,소계,경북,0
2023-04,,공공부문,소계,경남,0
2023-04,,공공부문,소계,제주,0
2023-04,,합,국민임대,전국,2226
2023-04,,합,국민임대,서울,0
2023-04,,합,국민임대,인천,1746
2023-04,,합,국민임대,경기,479
2023-04,,합,국민임대,부산,0
2023-04,,합,국민임대,대구,1
2023-04,,합,국민임대,광주,0
2023-04,,합,국민임대,대전,0
2023-04,,합,국민임대,울산,0
2023-04,,합,국민임대,세종,0
2023-04,,합,국민임대,강원,0
2023-04,,합,국민임대,충북,0
2023-04,,합,국민임대,충남,0
2023-04,,합,국민임대,전북,0
2023-04,,합,국민임대,전남,0
2023-04,,합,국민임대,경북,0
2023-04,,합,국민임대,경남,0
2023-04,,합,국민임대,제주,0
2023-04,,합,공공임대,전국,3832
2023-04,,합,공공임대,서울,199
2023-04,,합,공공임대,인천,1059
2023-04,,합,공공임대,경기,1965
2023-04,,합,공공임대,부산,0
2023-04,,합,공공임대,대구,12
2023-04,,합,공공임대,광주,0
2023-04,,합,공공임대,대전,0
2023-04,,합,공공임대,울산,0
2023-04,,합,공공임대,세종,0
2023-04,,합,공공임대,강원,0
2023-04,,합,공공임대,충북,1
2023-04,,합,공공임대,충남,100
2023-04,,합,공공임대,전북,496
2023-04,,합,공공임대,전남,0
2023-04,,합,공공임대,경북,0
2023-04,,합,공공임대,경남,0
2023-04,,합,공공임대,제주,0
2023-04,,합,공공분양,전국,2246
2023-04,,합,공공분양,서울,398
2023-04,,합,공공분양,인천,0
2023-04,,합,공공분양,경기,1848
2023-04,,합,공공분양,부산,0
2023-04,,합,공공분양,대구,0
2023-04,,합,공공분양,광주,0
2023-04,,합,공공분양,대전,0
2023-04,,합,공공분양,울산,0
2023-04,,합,공공분양,세종,0
2023-04,,합,공공분양,강원,0
2023-04,,합,공공분양,충북,0
2023-04,,합,공공분양,충남,0
2023-04,,합,공공분양,전북,0
2023-04,,합,공공분양,전남,0
2023-04,,합,공공분양,경북,0
2023-04,,합,공공분양,경남,0
2023-04,,합,공공분양,제주,0
2023-04,,지자체,소계,전국,0
2023-04,,지자체,소계,서울,0
2023-04,,지자체,소계,인천,0
2023-04,,지자체,소계,경기,0
2023-04,,지자체,소계,부산,0
2023-04,,지자체,소계,대구,0
2023-04,,지자체,소계,광주,0
2023-04,,지자체,소계,대전,0
2023-04,,지자체,소계,울산,0
2023-04,,지자체,소계,세종,0
2023-04,,지자체,소계,강원,0
2023-04,,지자체,소계,충북,0
2023-04,,지자체,소계,충남,0
2023-04,,지자체,소계,전북,0
2023-04,,지자체,소계,전남,0
2023-04,,지자체,소계,경북,0
2023-04,,지자체,소계,경남,0
2023-04,,지자체,소계,제주,0
2023-04,,지자체,국민임대,전국,0
2023-04,,지자체,국민임대,서울,0
2023-04,,지자체,국민임대,인천,0
2023-04,,지자체,국민임대,경기,0
2023-04,,지자체,국민임대,부산,0
2023-04,,지자체,국민임대,대구,0
2023-04,,지자체,국민임대,광주,0
2023-04,,지자체,국민임대,대전,0
2023-04,,지자체,국민임대,울산,0
2023-04,,지자체,국민임대,세종,0
2023-04,,지자체,국민임대,강원,0
2023-04,,지자체,국민임대,충북,0
2023-04,,지자체,국민임대,충남,0
2023-04,,지자체,국민임대,전북,0
2023-04,,지자체,국민임대,전남,0
2023-04,,지자체,국민임대,경북,0
2023-04,,지자체,국민임대,경남,0
2023-04,,지자체,국민임대,제주,0
2023-04,,지자체,공공임대,전국,0
2023-04,,지자체,공공임대,서울,0
2023-04,,지자체,공공임대,인천,0
2023-04,,지자체,공공임대,경기,0
2023-04,,지자체,공공임대,부산,0
2023-04,,지자체,공공임대,대구,0
2023-04,,지자체,공공임대,광주,0
2023-04,,지자체,공공임대,대전,0
2023-04,,지자체,공공임대,울산,0
2023-04,,지자체,공공임대,세종,0
2023-04,,지자체,공공임대,강원,0
2023-04,,지자체,공공임대,충북,0
2023-04,,지자체,공공임대,충남,0
2023-04,,지자체,공공임대,전북,0
2023-04,,지자체,공공임대,전남,0
2023-04,,지자체,공공임대,경북,0
2023-04,,지자체,공공임대,경남,0
2023-04,,지자체,공공임대,제주,0
2023-04,,지자체,공공분양,전국,0
2023-04,,지자체,공공분양,서울,0
2023-04,,지자체,공공분양,인천,0
2023-04,,지자체,공공분양,경기,0
2023-04,,지자체,공공분양,부산,0
2023-04,,지자체,공공분양,대구,0
2023-04,,지자체,공공분양,광주,0
2023-04,,지자체,공공분양,대전,0
2023-04,,지자체,공공분양,울산,0
2023-04,,지자체,공공분양,세종,0
2023-04,,지자체,공공분양,강원,0
2023-04,,지자체,공공분양,충북,0
2023-04,,지자체,공공분양,충남,0
2023-04,,지자체,공공분양,전북,0
2023-04,,지자체,공공분양,전남,0
2023-04,,지자체,공공분양,경북,0
2023-04,,지자체,공공분양,경남,0
2023-04,,지자체,공공분양,제주,0
2023-04,,LH,소계,전국,6636
2023-04,,LH,소계,서울,597
2023-04,,LH,소계,인천,1746
2023-04,,LH,소계,경기,4292
2023-04,,LH,소계,부산,0
2023-04,,LH,소계,대구,0
2023-04,,LH,소계,광주,0
2023-04,,LH,소계,대전,0
2023-04,,LH,소계,울산,0
2023-04,,LH,소계,세종,0
2023-04,,LH,소계,강원,0
2023-04,,LH,소계,충북,1
2023-04,,LH,소계,충남,0
2023-04,,LH,소계,전북,0
2023-04,,LH,소계,전남,0
2023-04,,LH,소계,경북,0
2023-04,,LH,소계,경남,0
2023-04,,LH,소계,제주,0
2023-04,,LH,국민임대,전국,2225
2023-04,,LH,국민임대,서울,0
2023-04,,LH,국민임대,인천,1746
2023-04,,LH,국민임대,경기,479
2023-04,,LH,국민임대,부산,0
2023-04,,LH,국민임대,대구,0
2023-04,,LH,국민임대,광주,0
2023-04,,LH,국민임대,대전,0
2023-04,,LH,국민임대,울산,0
2023-04,,LH,국민임대,세종,0
2023-04,,LH,국민임대,강원,0
2023-04,,LH,국민임대,충북,0
2023-04,,LH,국민임대,충남,0
2023-04,,LH,국민임대,전북,0
2023-04,,LH,국민임대,전남,0
2023-04,,LH,국민임대,경북,0
2023-04,,LH,국민임대,경남,0
2023-04,,LH,국민임대,제주,0
2023-04,,LH,공공임대,전국,2165
2023-04,,LH,공공임대,서울,199
2023-04,,LH,공공임대,인천,0
2023-04,,LH,공공임대,경기,1965
2023-04,,LH,공공임대,부산,0
2023-04,,LH,공공임대,대구,0
2023-04,,LH,공공임대,광주,0
2023-04,,LH,공공임대,대전,0
2023-04,,LH,공공임대,울산,0
2023-04,,LH,공공임대,세종,0
2023-04,,LH,공공임대,강원,0
2023-04,,LH,공공임대,충북,1
2023-04,,LH,공공임대,충남,0
2023-04,,LH,공공임대,전북,0
2023-04,,LH,공공임대,전남,0
2023-04,,LH,공공임대,경북,0
2023-04,,LH,공공임대,경남,0
2023-04,,LH,공공임대,제주,0
2023-04,,LH,공공분양,전국,2246
2023-04,,LH,공공분양,서울,398
2023-04,,LH,공공분양,인천,0
2023-04,,LH,공공분양,경기,1848
2023-04,,LH,공공분양,부산,0
2023-04,,LH,공공분양,대구,0
2023-04,,LH,공공분양,광주,0
2023-04,,LH,공공분양,대전,0
2023-04,,LH,공공분양,울산,0
2023-04,,LH,공공분양,세종,0
2023-04,,LH,공공분양,강원,0
2023-04,,LH,공공분양,충북,0
2023-04,,LH,공공분양,충남,0
2023-04,,LH,공공분양,전북,0
2023-04,,LH,공공분양,전남,0
2023-04,,LH,공공분양,경북,0
2023-04,,LH,공공분양,경남,0
2023-04,,LH,공공분양,제주,0
2023-04,,주택업체,소계,전국,1668
2023-04,,주택업체,소계,서울,0
2023-04,,주택업체,소계,인천,1059
2023-04,,주택업체,소계,경기,0
2023-04,,주택업체,소계,부산,0
2023-04,,주택업체,소계,대구,13
2023-04,,주택업체,소계,광주,0
2023-04,,주택업체,소계,대전,0
2023-04,,주택업체,소계,울산,0
2023-04,,주택업체,소계,세종,0
2023-04,,주택업체,소계,강원,0
2023-04,,주택업체,소계,충북,0
2023-04,,주택업체,소계,충남,100
2023-04,,주택업체,소계,전북,496
2023-04,,주택업체,소계,전남,0
2023-04,,주택업체,소계,경북,0
2023-04,,주택업체,소계,경남,0
2023-04,,주택업체,소계,제주,0
2023-04,,주택업체,국민임대,전국,1
2023-04,,주택업체,국민임대,서울,0
2023-04,,주택업체,국민임대,인천,0
2023-04,,주택업체,국민임대,경기,0
2023-04,,주택업체,국민임대,부산,0
2023-04,,주택업체,국민임대,대구,1
2023-04,,주택업체,국민임대,광주,0
2023-04,,주택업체,국민임대,대전,0
2023-04,,주택업체,국민임대,울산,0
2023-04,,주택업체,국민임대,세종,0
2023-04,,주택업체,국민임대,강원,0
2023-04,,주택업체,국민임대,충북,0
2023-04,,주택업체,국민임대,충남,0
2023-04,,주택업체,국민임대,전북,0
2023-04,,주택업체,국민임대,전남,0
2023-04,,주택업체,국민임대,경북,0
2023-04,,주택업체,국민임대,경남,0
2023-04,,주택업체,국민임대,제주,0
2023-04,,주택업체,공공임대,전국,1667
2023-04,,주택업체,공공임대,서울,0
2023-04,,주택업체,공공임대,인천,1059
2023-04,,주택업체,공공임대,경기,0
2023-04,,주택업체,공공임대,부산,0
2023-04,,주택업체,공공임대,대구,12
2023-04,,주택업체,공공임대,광주,0
2023-04,,주택업체,공공임대,대전,0
2023-04,,주택업체,공공임대,울산,0
2023-04,,주택업체,공공임대,세종,0
2023-04,,주택업체,공공임대,강원,0
2023-04,,주택업체,공공임대,충북,0
2023-04,,주택업체,공공임대,충남,100
2023-04,,주택업체,공공임대,전북,496
2023-04,,주택업체,공공임대,전남,0
2023-04,,주택업체,공공임대,경북,0
2023-04,,주택업체,공공임대,경남,0
2023-04,,주택업체,공공임대,제주,0
2023-04,,주택업체,공공분양,전국,0
2023-04,,주택업체,공공분양,서울,0
2023-04,,주택업체,공공분양,인천,0
2023-04,,주택업체,공공분양,경기,0
2023-04,,주택업체,공공분양,부산,0
2023-04,,주택업체,공공분양,대구,0
2023-04,,주택업체,공공분양,광주,0
2023-04,,주택업체,공공분양,대전,0
2023-04,,주택업체,공공분양,울산,0
2023-04,,주택업체,공공분양,세종,0
2023-04,,주택업체,공공분양,강원,0
2023-04,,주택업체,공공분양,충북,0
2023-04,,주택업체,공공분양,충남,0
2023-04,,주택업체,공공분양,전북,0
2023-04,,주택업체,공공분양,전남,0
2023-04,,주택업체,공공분양,경북,0
2023-04,,주택업체,공공분양,경남,0
2023-04,,주택업체,공공분양,제주,0
2023-04,,민간부문,소계,전국,26531
2023-04,,민간부문,소계,서울,2254
2023-04,,민간부문,소계,인천,1238
2023-04,,민간부문,소계,경기,9921
2023-04,,민간부문,소계,부산,514
2023-04,,민간부문,소계,대구,3715
2023-04,,민간부문,소계,광주,190
2023-04,,민간부문,소계,대전,76
2023-04,,민간부문,소계,울산,26
2023-04,,민간부문,소계,세종,19
2023-04,,민간부문,소계,강원,903
2023-04,,민간부문,소계,충북,558
2023-04,,민간부문,소계,충남,1984
2023-04,,민간부문,소계,전북,639
2023-04,,민간부문,소계,전남,924
2023-04,,민간부문,소계,경북,2056
2023-04,,민간부문,소계,경남,1186
2023-04,,민간부문,소계,제주,328
2023-04,,민간,민간임대,전국,4082
2023-04,,민간,민간임대,서울,0
2023-04,,민간,민간임대,인천,0
2023-04,,민간,민간임대,경기,1228
2023-04,,민간,민간임대,부산,0
2023-04,,민간,민간임대,대구,0
2023-04,,민간,민간임대,광주,146
2023-04,,민간,민간임대,대전,0
2023-04,,민간,민간임대,울산,0
2023-04,,민간,민간임대,세종,0
2023-04,,민간,민간임대,강원,402
2023-04,,민간,민간임대,충북,0
2023-04,,민간,민간임대,충남,1579
2023-04,,민간,민간임대,전북,0
2023-04,,민간,민간임대,전남,727
2023-04,,민간,민간임대,경북,0
2023-04,,민간,민간임대,경남,0
2023-04,,민간,민간임대,제주,0
2023-04,,민간,민간분양,전국,22449
2023-04,,민간,민간분양,서울,2254
2023-04,,민간,민간분양,인천,1238
2023-04,,민간,민간분양,경기,8693
2023-04,,민간,민간분양,부산,514
2023-04,,민간,민간분양,대구,3715
2023-04,,민간,민간분양,광주,44
2023-04,,민간,민간분양,대전,76
2023-04,,민간,민간분양,울산,26
2023-04,,민간,민간분양,세종,19
2023-04,,민간,민간분양,강원,501
2023-04,,민간,민간분양,충북,558
2023-04,,민간,민간분양,충남,405
2023-04,,민간,민간분양,전북,639
2023-04,,민간,민간분양,전남,197
2023-04,,민간,민간분양,경북,2056
2023-04,,민간,민간분양,경남,1186
2023-04,,민간,민간분양,제주,328
2023-05,,총계,총계,전국,34253
2023-05,,총계,총계,서울,1498
2023-05,,총계,총계,인천,548
2023-05,,총계,총계,경기,16277
2023-05,,총계,총계,부산,2223
2023-05,,총계,총계,대구,3116
2023-05,,총계,총계,광주,590
2023-05,,총계,총계,대전,608
2023-05,,총계,총계,울산,2753
2023-05,,총계,총계,세종,72
2023-05,,총계,총계,강원,370
2023-05,,총계,총계,충북,204
2023-05,,총계,총계,충남,2941
2023-05,,총계,총계,전북,873
2023-05,,총계,총계,전남,978
2023-05,,총계,총계,경북,299
2023-05,,총계,총계,경남,619
2023-05,,총계,총계,제주,284
2023-05,,공공부문,소계,전국,5500
2023-05,,공공부문,소계,서울,0
2023-05,,공공부문,소계,인천,0
2023-05,,공공부문,소계,경기,4038
2023-05,,공공부문,소계,부산,88
2023-05,,공공부문,소계,대구,0
2023-05,,공공부문,소계,광주,0
2023-05,,공공부문,소계,대전,0
2023-05,,공공부문,소계,울산,0
2023-05,,공공부문,소계,세종,0
2023-05,,공공부문,소계,강원,140
2023-05,,공공부문,소계,충북,0
2023-05,,공공부문,소계,충남,822
2023-05,,공공부문,소계,전북,0
2023-05,,공공부문,소계,전남,0
2023-05,,공공부문,소계,경북,0
2023-05,,공공부문,소계,경남,397
2023-05,,공공부문,소계,제주,15
2023-05,,합,국민임대,전국,1052
2023-05,,합,국민임대,서울,0
2023-05,,합,국민임대,인천,0
2023-05,,합,국민임대,경기,0
2023-05,,합,국민임대,부산,0
2023-05,,합,국민임대,대구,0
2023-05,,합,국민임대,광주,0
2023-05,,합,국민임대,대전,0
2023-05,,합,국민임대,울산,0
2023-05,,합,국민임대,세종,0
2023-05,,합,국민임대,강원,40
2023-05,,합,국민임대,충북,0
2023-05,,합,국민임대,충남,720
2023-05,,합,국민임대,전북,0
2023-05,,합,국민임대,전남,0
2023-05,,합,국민임대,경북,0
2023-05,,합,국민임대,경남,277
2023-05,,합,국민임대,제주,15
2023-05,,합,공공임대,전국,2739
2023-05,,합,공공임대,서울,0
2023-05,,합,공공임대,인천,0
2023-05,,합,공공임대,경기,2329
2023-05,,합,공공임대,부산,88
2023-05,,합,공공임대,대구,0
2023-05,,합,공공임대,광주,0
2023-05,,합,공공임대,대전,0
2023-05,,합,공공임대,울산,0
2023-05,,합,공공임대,세종,0
2023-05,,합,공공임대,강원,100
2023-05,,합,공공임대,충북,0
2023-05,,합,공공임대,충남,102
2023-05,,합,공공임대,전북,0
2023-05,,합,공공임대,전남,0
2023-05,,합,공공임대,경북,0
2023-05,,합,공공임대,경남,120
2023-05,,합,공공임대,제주,0
2023-05,,합,공공분양,전국,1709
2023-05,,합,공공분양,서울,0
2023-05,,합,공공분양,인천,0
2023-05,,합,공공분양,경기,1709
2023-05,,합,공공분양,부산,0
2023-05,,합,공공분양,대구,0
2023-05,,합,공공분양,광주,0
2023-05,,합,공공분양,대전,0
2023-05,,합,공공분양,울산,0
2023-05,,합,공공분양,세종,0
2023-05,,합,공공분양,강원,0
2023-05,,합,공공분양,충북,0
2023-05,,합,공공분양,충남,0
2023-05,,합,공공분양,전북,0
2023-05,,합,공공분양,전남,0
2023-05,,합,공공분양,경북,0
2023-05,,합,공공분양,경남,0
2023-05,,합,공공분양,제주,0
2023-05,,지자체,소계,전국,0
2023-05,,지자체,소계,서울,0
2023-05,,지자체,소계,인천,0
2023-05,,지자체,소계,경기,0
2023-05,,지자체,소계,부산,0
2023-05,,지자체,소계,대구,0
2023-05,,지자체,소계,광주,0
2023-05,,지자체,소계,대전,0
2023-05,,지자체,소계,울산,0
2023-05,,지자체,소계,세종,0
2023-05,,지자체,소계,강원,0
2023-05,,지자체,소계,충북,0
2023-05,,지자체,소계,충남,0
2023-05,,지자체,소계,전북,0
2023-05,,지자체,소계,전남,0
2023-05,,지자체,소계,경북,0
2023-05,,지자체,소계,경남,0
2023-05,,지자체,소계,제주,0
2023-05,,지자체,국민임대,전국,0
2023-05,,지자체,국민임대,서울,0
2023-05,,지자체,국민임대,인천,0
2023-05,,지자체,국민임대,경기,0
2023-05,,지자체,국민임대,부산,0
2023-05,,지자체,국민임대,대구,0
2023-05,,지자체,국민임대,광주,0
2023-05,,지자체,국민임대,대전,0
2023-05,,지자체,국민임대,울산,0
2023-05,,지자체,국민임대,세종,0
2023-05,,지자체,국민임대,강원,0
2023-05,,지자체,국민임대,충북,0
2023-05,,지자체,국민임대,충남,0
2023-05,,지자체,국민임대,전북,0
2023-05,,지자체,국민임대,전남,0
2023-05,,지자체,국민임대,경북,0
2023-05,,지자체,국민임대,경남,0
2023-05,,지자체,국민임대,제주,0
2023-05,,지자체,공공임대,전국,0
2023-05,,지자체,공공임대,서울,0
2023-05,,지자체,공공임대,인천,0
2023-05,,지자체,공공임대,경기,0
2023-05,,지자체,공공임대,부산,0
2023-05,,지자체,공공임대,대구,0
2023-05,,지자체,공공임대,광주,0
2023-05,,지자체,공공임대,대전,0
2023-05,,지자체,공공임대,울산,0
2023-05,,지자체,공공임대,세종,0
2023-05,,지자체,공공임대,강원,0
2023-05,,지자체,공공임대,충북,0
2023-05,,지자체,공공임대,충남,0
2023-05,,지자체,공공임대,전북,0
2023-05,,지자체,공공임대,전남,0
2023-05,,지자체,공공임대,경북,0
2023-05,,지자체,공공임대,경남,0
2023-05,,지자체,공공임대,제주,0
2023-05,,지자체,공공분양,전국,0
2023-05,,지자체,공공분양,서울,0
2023-05,,지자체,공공분양,인천,0
2023-05,,지자체,공공분양,경기,0
2023-05,,지자체,공공분양,부산,0
2023-05,,지자체,공공분양,대구,0
2023-05,,지자체,공공분양,광주,0
2023-05,,지자체,공공분양,대전,0
2023-05,,지자체,공공분양,울산,0
2023-05,,지자체,공공분양,세종,0
2023-05,,지자체,공공분양,강원,0
2023-05,,지자체,공공분양,충북,0
2023-05,,지자체,공공분양,충남,0
2023-05,,지자체,공공분양,전북,0
2023-05,,지자체,공공분양,전남,0
2023-05,,지자체,공공분양,경북,0
2023-05,,지자체,공공분양,경남,0
2023-05,,지자체,공공분양,제주,0
2023-05,,LH,소계,전국,4024
2023-05,,LH,소계,서울,0
2023-05,,LH,소계,인천,0
2023-05,,LH,소계,경기,2665
2023-05,,LH,소계,부산,0
2023-05,,LH,소계,대구,0
2023-05,,LH,소계,광주,0
2023-05,,LH,소계,대전,0
2023-05,,LH,소계,울산,0
2023-05,,LH,소계,세종,0
2023-05,,LH,소계,강원,140
2023-05,,LH,소계,충북,0
2023-05,,LH,소계,충남,822
2023-05,,LH,소계,전북,0
2023-05,,LH,소계,전남,0
2023-05,,LH,소계,경북,0
2023-05,,LH,소계,경남,397
2023-05,,LH,소계,제주,0
2023-05,,LH,국민임대,전국,1037
2023-05,,LH,국민임대,서울,0
2023-05,,LH,국민임대,인천,0
2023-05,,LH,국민임대,경기,0
2023-05,,LH,국민임대,부산,0
2023-05,,LH,국민임대,대구,0
2023-05,,LH,국민임대,광주,0
2023-05,,LH,국민임대,대전,0
2023-05,,LH,국민임대,울산,0
2023-05,,LH,국민임대,세종,0
2023-05,,LH,국민임대,강원,40
2023-05,,LH,국민임대,충북,0
2023-05,,LH,국민임대,충남,720
2023-05,,LH,국민임대,전북,0
2023-05,,LH,국민임대,전남,0
2023-05,,LH,국민임대,경북,0
2023-05,,LH,국민임대,경남,277
2023-05,,LH,국민임대,제주,0
2023-05,,LH,공공임대,전국,1278
2023-05,,LH,공공임대,서울,0
2023-05,,LH,공공임대,인천,0
2023-05,,LH,공공임대,경기,956
2023-05,,LH,공공임대,부산,0
2023-05,,LH,공공임대,대구,0
2023-05,,LH,공공임대,광주,0
2023-05,,LH,공공임대,대전,0
2023-05,,LH,공공임대,울산,0
2023-05,,LH,공공임대,세종,0
2023-05,,LH,공공임대,강원,100
2023-05,,LH,공공임대,충북,0
2023-05,,LH,공공임대,충남,102
2023-05,,LH,공공임대,전북,0
2023-05,,LH,공공임대,전남,0
2023-05,,LH,공공임대,경북,0
2023-05,,LH,공공임대,경남,120
2023-05,,LH,공공임대,제주,0
2023-05,,LH,공공분양,전국,1709
2023-05,,LH,공공분양,서울,0
2023-05,,LH,공공분양,인천,0
2023-05,,LH,공공분양,경기,1709
2023-05,,LH,공공분양,부산,0
2023-05,,LH,공공분양,대구,0
2023-05,,LH,공공분양,광주,0
2023-05,,LH,공공분양,대전,0
2023-05,,LH,공공분양,울산,0
2023-05,,LH,공공분양,세종,0
2023-05,,LH,공공분양,강원,0
2023-05,,LH,공공분양,충북,0
2023-05,,LH,공공분양,충남,0
2023-05,,LH,공공분양,전북,0
2023-05,,LH,공공분양,전남,0
2023-05,,LH,공공분양,경북,0
2023-05,,LH,공공분양,경남,0
2023-05,,LH,공공분양,제주,0
2023-05,,주택업체,소계,전국,1476
2023-05,,주택업체,소계,서울,0
2023-05,,주택업체,소계,인천,0
2023-05,,주택업체,소계,경기,1373
2023-05,,주택업체,소계,부산,88
2023-05,,주택업체,소계,대구,0
2023-05,,주택업체,소계,광주,0
2023-05,,주택업체,소계,대전,0
2023-05,,주택업체,소계,울산,0
2023-05,,주택업체,소계,세종,0
2023-05,,주택업체,소계,강원,0
2023-05,,주택업체,소계,충북,0
2023-05,,주택업체,소계,충남,0
2023-05,,주택업체,소계,전북,0
2023-05,,주택업체,소계,전남,0
2023-05,,주택업체,소계,경북,0
2023-05,,주택업체,소계,경남,0
2023-05,,주택업체,소계,제주,15
2023-05,,주택업체,국민임대,전국,15
2023-05,,주택업체,국민임대,서울,0
2023-05,,주택업체,국민임대,인천,0
2023-05,,주택업체,국민임대,경기,0
2023-05,,주택업체,국민임대,부산,0
2023-05,,주택업체,국민임대,대구,0
2023-05,,주택업체,국민임대,광주,0
2023-05,,주택업체,국민임대,대전,0
2023-05,,주택업체,국민임대,울산,0
2023-05,,주택업체,국민임대,세종,0
2023-05,,주택업체,국민임대,강원,0
2023-05,,주택업체,국민임대,충북,0
2023-05,,주택업체,국민임대,충남,0
2023-05,,주택업체,국민임대,전북,0
2023-05,,주택업체,국민임대,전남,0
2023-05,,주택업체,국민임대,경북,0
2023-05,,주택업체,국민임대,경남,0
2023-05,,주택업체,국민임대,제주,15
2023-05,,주택업체,공공임대,전국,1461
2023-05,,주택업체,공공임대,서울,0
2023-05,,주택업체,공공임대,인천,0
2023-05,,주택업체,공공임대,경기,1373
2023-05,,주택업체,공공임대,부산,88
2023-05,,주택업체,공공임대,대구,0
2023-05,,주택업체,공공임대,광주,0
2023-05,,주택업체,공공임대,대전,0
2023-05,,주택업체,공공임대,울산,0
2023-05,,주택업체,공공임대,세종,0
2023-05,,주택업체,공공임대,강원,0
2023-05,,주택업체,공공임대,충북,0
2023-05,,주택업체,공공임대,충남,0
2023-05,,주택업체,공공임대,전북,0
2023-05,,주택업체,공공임대,전남,0
2023-05,,주택업체,공공임대,경북,0
2023-05,,주택업체,공공임대,경남,0
2023-05,,주택업체,공공임대,제주,0
2023-05,,주택업체,공공분양,전국,0
2023-05,,주택업체,공공분양,서울,0
2023-05,,주택업체,공공분양,인천,0
2023-05,,주택업체,공공분양,경기,0
2023-05,,주택업체,공공분양,부산,0
2023-05,,주택업체,공공분양,대구,0
2023-05,,주택업체,공공분양,광주,0
2023-05,,주택업체,공공분양,대전,0
2023-05,,주택업체,공공분양,울산,0
2023-05,,주택업체,공공분양,세종,0
2023-05,,주택업체,공공분양,강원,0
2023-05,,주택업체,공공분양,충북,0
2023-05,,주택업체,공공분양,충남,0
2023-05,,주택업체,공공분양,전북,0
2023-05,,주택업체,공공분양,전남,0
2023-05,,주택업체,공공분양,경북,0
2023-05,,주택업체,공공분양,경남,0
2023-05,,주택업체,공공분양,제주,0
2023-05,,민간부문,소계,전국,28753
2023-05,,민간부문,소계,서울,1498
2023-05,,민간부문,소계,인천,548
2023-05,,민간부문,소계,경기,12239
2023-05,,민간부문,소계,부산,2135
2023-05,,민간부문,소계,대구,3116
2023-05,,민간부문,소계,광주,590
2023-05,,민간부문,소계,대전,608
2023-05,,민간부문,소계,울산,2753
2023-05,,민간부문,소계,세종,72
2023-05,,민간부문,소계,강원,230
2023-05,,민간부문,소계,충북,204
2023-05,,민간부문,소계,충남,2119
2023-05,,민간부문,소계,전북,873
2023-05,,민간부문,소계,전남,978
2023-05,,민간부문,소계,경북,299
2023-05,,민간부문,소계,경남,222
2023-05,,민간부문,소계,제주,269
2023-05,,민간,민간임대,전국,2353
2023-05,,민간,민간임대,서울,0
2023-05,,민간,민간임대,인천,0
2023-05,,민간,민간임대,경기,1246
2023-05,,민간,민간임대,부산,0
2023-05,,민간,민간임대,대구,0
2023-05,,민간,민간임대,광주,200
2023-05,,민간,민간임대,대전,0
2023-05,,민간,민간임대,울산,0
2023-05,,민간,민간임대,세종,0
2023-05,,민간,민간임대,강원,0
2023-05,,민간,민간임대,충북,0
2023-05,,민간,민간임대,충남,830
2023-05,,민간,민간임대,전북,77
2023-05,,민간,민간임대,전남,0
2023-05,,민간,민간임대,경북,0
2023-05,,민간,민간임대,경남,0
2023-05,,민간,민간임대,제주,0
2023-05,,민간,민간분양,전국,26400
2023-05,,민간,민간분양,서울,1498
2023-05,,민간,민간분양,인천,548
2023-05,,민간,민간분양,경기,10993
2023-05,,민간,민간분양,부산,2135
2023-05,,민간,민간분양,대구,3116
2023-05,,민간,민간분양,광주,390
2023-05,,민간,민간분양,대전,608
2023-05,,민간,민간분양,울산,2753
2023-05,,민간,민간분양,세종,72
2023-05,,민간,민간분양,강원,230
2023-05,,민간,민간분양,충북,204
2023-05,,민간,민간분양,충남,1289
2023-05,,민간,민간분양,전북,796
2023-05,,민간,민간분양,전남,978
2023-05,,민간,민간분양,경북,299
2023-05,,민간,민간분양,경남,222
2023-05,,민간,민간분양,제주,269
2023-06,,총계,총계,전국,47320
2023-06,,총계,총계,서울,7619
2023-06,,총계,총계,인천,8012
2023-06,,총계,총계,경기,10016
2023-06,,총계,총계,부산,1257
2023-06,,총계,총계,대구,1858
2023-06,,총계,총계,광주,105
2023-06,,총계,총계,대전,208
2023-06,,총계,총계,울산,799
2023-06,,총계,총계,세종,16
2023-06,,총계,총계,강원,2313
2023-06,,총계,총계,충북,6084
2023-06,,총계,총계,충남,1261
2023-06,,총계,총계,전북,1659
2023-06,,총계,총계,전남,726
2023-06,,총계,총계,경북,2350
2023-06,,총계,총계,경남,2204
2023-06,,총계,총계,제주,833
2023-06,,공공부문,소계,전국,6847
2023-06,,공공부문,소계,서울,63
2023-06,,공공부문,소계,인천,1412
2023-06,,공공부문,소계,경기,2269
2023-06,,공공부문,소계,부산,0
2023-06,,공공부문,소계,대구,0
2023-06,,공공부문,소계,광주,0
2023-06,,공공부문,소계,대전,0
2023-06,,공공부문,소계,울산,0
2023-06,,공공부문,소계,세종,0
2023-06,,공공부문,소계,강원,965
2023-06,,공공부문,소계,충북,916
2023-06,,공공부문,소계,충남,969
2023-06,,공공부문,소계,전북,150
2023-06,,공공부문,소계,전남,0
2023-06,,공공부문,소계,경북,103
2023-06,,공공부문,소계,경남,0
2023-06,,공공부문,소계,제주,0
2023-06,,합,국민임대,전국,1282
2023-06,,합,국민임대,서울,63
2023-06,,합,국민임대,인천,0
2023-06,,합,국민임대,경기,545
2023-06,,합,국민임대,부산,0
2023-06,,합,국민임대,대구,0
2023-06,,합,국민임대,광주,0
2023-06,,합,국민임대,대전,0
2023-06,,합,국민임대,울산,0
2023-06,,합,국민임대,세종,0
2023-06,,합,국민임대,강원,0
2023-06,,합,국민임대,충북,0
2023-06,,합,국민임대,충남,554
2023-06,,합,국민임대,전북,120
2023-06,,합,국민임대,전남,0
2023-06,,합,국민임대,경북,0
2023-06,,합,국민임대,경남,0
2023-06,,합,국민임대,제주,0
2023-06,,합,공공임대,전국,5275
2023-06,,합,공공임대,서울,0
2023-06,,합,공공임대,인천,1412
2023-06,,합,공공임대,경기,1434
2023-06,,합,공공임대,부산,0
2023-06,,합,공공임대,대구,0
2023-06,,합,공공임대,광주,0
2023-06,,합,공공임대,대전,0
2023-06,,합,공공임대,울산,0
2023-06,,합,공공임대,세종,0
2023-06,,합,공공임대,강원,965
2023-06,,합,공공임대,충북,916
2023-06,,합,공공임대,충남,415
2023-06,,합,공공임대,전북,30
2023-06,,합,공공임대,전남,0
2023-06,,합,공공임대,경북,103
2023-06,,합,공공임대,경남,0
2023-06,,합,공공임대,제주,0
2023-06,,합,공공분양,전국,290
2023-06,,합,공공분양,서울,0
2023-06,,합,공공분양,인천,0
2023-06,,합,공공분양,경기,290
2023-06,,합,공공분양,부산,0
2023-06,,합,공공분양,대구,0
2023-06,,합,공공분양,광주,0
2023-06,,합,공공분양,대전,0
2023-06,,합,공공분양,울산,0
2023-06,,합,공공분양,세종,0
2023-06,,합,공공분양,강원,0
2023-06,,합,공공분양,충북,0
2023-06,,합,공공분양,충남,0
2023-06,,합,공공분양,전북,0
2023-06,,합,공공분양,전남,0
2023-06,,합,공공분양,경북,0
2023-06,,합,공공분양,경남,0
2023-06,,합,공공분양,제주,0
2023-06,,지자체,소계,전국,0
2023-06,,지자체,소계,서울,0
2023-06,,지자체,소계,인천,0
2023-06,,지자체,소계,경기,0
2023-06,,지자체,소계,부산,0
2023-06,,지자체,소계,대구,0
2023-06,,지자체,소계,광주,0
2023-06,,지자체,소계,대전,0
2023-06,,지자체,소계,울산,0
2023-06,,지자체,소계,세종,0
2023-06,,지자체,소계,강원,0
2023-06,,지자체,소계,충북,0
2023-06,,지자체,소계,충남,0
2023-06,,지자체,소계,전북,0
2023-06,,지자체,소계,전남,0
2023-06,,지자체,소계,경북,0
2023-06,,지자체,소계,경남,0
2023-06,,지자체,소계,제주,0
2023-06,,지자체,국민임대,전국,0
2023-06,,지자체,국민임대,서울,0
2023-06,,지자체,국민임대,인천,0
2023-06,,지자체,국민임대,경기,0
2023-06,,지자체,국민임대,부산,0
2023-06,,지자체,국민임대,대구,0
2023-06,,지자체,국민임대,광주,0
2023-06,,지자체,국민임대,대전,0
2023-06,,지자체,국민임대,울산,0
2023-06,,지자체,국민임대,세종,0
2023-06,,지자체,국민임대,강원,0
2023-06,,지자체,국민임대,충북,0
2023-06,,지자체,국민임대,충남,0
2023-06,,지자체,국민임대,전북,0
2023-06,,지자체,국민임대,전남,0
2023-06,,지자체,국민임대,경북,0
2023-06,,지자체,국민임대,경남,0
2023-06,,지자체,국민임대,제주,0
2023-06,,지자체,공공임대,전국,0
2023-06,,지자체,공공임대,서울,0
2023-06,,지자체,공공임대,인천,0
2023-06,,지자체,공공임대,경기,0
2023-06,,지자체,공공임대,부산,0
2023-06,,지자체,공공임대,대구,0
2023-06,,지자체,공공임대,광주,0
2023-06,,지자체,공공임대,대전,0
2023-06,,지자체,공공임대,울산,0
2023-06,,지자체,공공임대,세종,0
2023-06,,지자체,공공임대,강원,0
2023-06,,지자체,공공임대,충북,0
2023-06,,지자체,공공임대,충남,0
2023-06,,지자체,공공임대,전북,0
2023-06,,지자체,공공임대,전남,0
2023-06,,지자체,공공임대,경북,0
2023-06,,지자체,공공임대,경남,0
2023-06,,지자체,공공임대,제주,0
2023-06,,지자체,공공분양,전국,0
2023-06,,지자체,공공분양,서울,0
2023-06,,지자체,공공분양,인천,0
2023-06,,지자체,공공분양,경기,0
2023-06,,지자체,공공분양,부산,0
2023-06,,지자체,공공분양,대구,0
2023-06,,지자체,공공분양,광주,0
2023-06,,지자체,공공분양,대전,0
2023-06,,지자체,공공분양,울산,0
2023-06,,지자체,공공분양,세종,0
2023-06,,지자체,공공분양,강원,0
2023-06,,지자체,공공분양,충북,0
2023-06,,지자체,공공분양,충남,0
2023-06,,지자체,공공분양,전북,0
2023-06,,지자체,공공분양,전남,0
2023-06,,지자체,공공분양,경북,0
2023-06,,지자체,공공분양,경남,0
2023-06,,지자체,공공분양,제주,0
2023-06,,LH,소계,전국,4353
2023-06,,LH,소계,서울,0
2023-06,,LH,소계,인천,0
2023-06,,LH,소계,경기,2269
2023-06,,LH,소계,부산,0
2023-06,,LH,소계,대구,0
2023-06,,LH,소계,광주,0
2023-06,,LH,소계,대전,0
2023-06,,LH,소계,울산,0
2023-06,,LH,소계,세종,0
2023-06,,LH,소계,강원,965
2023-06,,LH,소계,충북,0
2023-06,,LH,소계,충남,969
2023-06,,LH,소계,전북,150
2023-06,,LH,소계,전남,0
2023-06,,LH,소계,경북,0
2023-06,,LH,소계,경남,0
2023-06,,LH,소계,제주,0
2023-06,,LH,국민임대,전국,1219
2023-06,,LH,국민임대,서울,0
2023-06,,LH,국민임대,인천,0
2023-06,,LH,국민임대,경기,545
2023-06,,LH,국민임대,부산,0
2023-06,,LH,국민임대,대구,0
2023-06,,LH,국민임대,광주,0
2023-06,,LH,국민임대,대전,0
2023-06,,LH,국민임대,울산,0
2023-06,,LH,국민임대,세종,0
2023-06,,LH,국민임대,강원,0
2023-06,,LH,국민임대,충북,0
2023-06,,LH,국민임대,충남,554
2023-06,,LH,국민임대,전북,120
2023-06,,LH,국민임대,전남,0
2023-06,,LH,국민임대,경북,0
2023-06,,LH,국민임대,경남,0
2023-06,,LH,국민임대,제주,0
2023-06,,LH,공공임대,전국,2844
2023-06,,LH,공공임대,서울,0
2023-06,,LH,공공임대,인천,0
2023-06,,LH,공공임대,경기,1434
2023-06,,LH,공공임대,부산,0
2023-06,,LH,공공임대,대구,0
2023-06,,LH,공공임대,광주,0
2023-06,,LH,공공임대,대전,0
2023-06,,LH,공공임대,울산,0
2023-06,,LH,공공임대,세종,0
2023-06,,LH,공공임대,강원,965
2023-06,,LH,공공임대,충북,0
2023-06,,LH,공공임대,충남,415
2023-06,,LH,공공임대,전북,30
2023-06,,LH,공공임대,전남,0
2023-06,,LH,공공임대,경북,0
2023-06,,LH,공공임대,경남,0
2023-06,,LH,공공임대,제주,0
2023-06,,LH,공공분양,전국,290
2023-06,,LH,공공분양,서울,0
2023-06,,LH,공공분양,인천,0
2023-06,,LH,공공분양,경기,290
2023-06,,LH,공공분양,부산,0
2023-06,,LH,공공분양,대구,0
2023-06,,LH,공공분양,광주,0
2023-06,,LH,공공분양,대전,0
2023-06,,LH,공공분양,울산,0
2023-06,,LH,공공분양,세종,0
2023-06,,LH,공공분양,강원,0
2023-06,,LH,공공분양,충북,0
2023-06,,LH,공공분양,충남,0
2023-06,,LH,공공분양,전북,0
2023-06,,LH,공공분양,전남,0
2023-06,,LH,공공분양,경북,0
2023-06,,LH,공공분양,경남,0
2023-06,,LH,공공분양,제주,0
2023-06,,주택업체,소계,전국,2494
2023-06,,주택업체,소계,서울,63
2023-06,,주택업체,소계,인천,1412
2023-06,,주택업체,소계,경기,0
2023-06,,주택업체,소계,부산,0
2023-06,,주택업체,소계,대구,0
2023-06,,주택업체,소계,광주,0
2023-06,,주택업체,소계,대전,0
2023-06,,주택업체,소계,울산,0
2023-06,,주택업체,소계,세종,0
2023-06,,주택업체,소계,강원,0
2023-06,,주택업체,소계,충북,916
2023-06,,주택업체,소계,충남,0
2023-06,,주택업체,소계,전북,0
2023-06,,주택업체,소계,전남,0
2023-06,,주택업체,소계,경북,103
2023-06,,주택업체,소계,경남,0
2023-06,,주택업체,소계,제주,0
2023-06,,주택업체,국민임대,전국,63
2023-06,,주택업체,국민임대,서울,63
2023-06,,주택업체,국민임대,인천,0
2023-06,,주택업체,국민임대,경기,0
2023-06,,주택업체,국민임대,부산,0
2023-06,,주택업체,국민임대,대구,0
2023-06,,주택업체,국민임대,광주,0
2023-06,,주택업체,국민임대,대전,0
2023-06,,주택업체,국민임대,울산,0
2023-06,,주택업체,국민임대,세종,0
2023-06,,주택업체,국민임대,강원,0
2023-06,,주택업체,국민임대,충북,0
2023-06,,주택업체,국민임대,충남,0
2023-06,,주택업체,국민임대,전북,0
2023-06,,주택업체,국민임대,전남,0
2023-06,,주택업체,국민임대,경북,0
2023-06,,주택업체,국민임대,경남,0
2023-06,,주택업체,국민임대,제주,0
2023-06,,주택업체,공공임대,전국,2431
2023-06,,주택업체,공공임대,서울,0
2023-06,,주택업체,공공임대,인천,1412
2023-06,,주택업체,공공임대,경기,0
2023-06,,주택업체,공공임대,부산,0
2023-06,,주택업체,공공임대,대구,0
2023-06,,주택업체,공공임대,광주,0
2023-06,,주택업체,공공임대,대전,0
2023-06,,주택업체,공공임대,울산,0
2023-06,,주택업체,공공임대,세종,0
2023-06,,주택업체,공공임대,강원,0
2023-06,,주택업체,공공임대,충북,916
2023-06,,주택업체,공공임대,충남,0
2023-06,,주택업체,공공임대,전북,0
2023-06,,주택업체,공공임대,전남,0
2023-06,,주택업체,공공임대,경북,103
2023-06,,주택업체,공공임대,경남,0
2023-06,,주택업체,공공임대,제주,0
2023-06,,주택업체,공공분양,전국,0
2023-06,,주택업체,공공분양,서울,0
2023-06,,주택업체,공공분양,인천,0
2023-06,,주택업체,공공분양,경기,0
2023-06,,주택업체,공공분양,부산,0
2023-06,,주택업체,공공분양,대구,0
2023-06,,주택업체,공공분양,광주,0
2023-06,,주택업체,공공분양,대전,0
2023-06,,주택업체,공공분양,울산,0
2023-06,,주택업체,공공분양,세종,0
2023-06,,주택업체,공공분양,강원,0
2023-06,,주택업체,공공분양,충북,0
2023-06,,주택업체,공공분양,충남,0
2023-06,,주택업체,공공분양,전북,0
2023-06,,주택업체,공공분양,전남,0
2023-06,,주택업체,공공분양,경북,0
2023-06,,주택업체,공공분양,경남,0
2023-06,,주택업체,공공분양,제주,0
2023-06,,민간부문,소계,전국,40473
2023-06,,민간부문,소계,서울,7556
2023-06,,민간부문,소계,인천,6600
2023-06,,민간부문,소계,경기,7747
2023-06,,민간부문,소계,부산,1257
2023-06,,민간부문,소계,대구,1858
2023-06,,민간부문,소계,광주,105
2023-06,,민간부문,소계,대전,208
2023-06,,민간부문,소계,울산,799
2023-06,,민간부문,소계,세종,16
2023-06,,민간부문,소계,강원,1348
2023-06,,민간부문,소계,충북,5168
2023-06,,민간부문,소계,충남,292
2023-06,,민간부문,소계,전북,1509
2023-06,,민간부문,소계,전남,726
2023-06,,민간부문,소계,경북,2247
2023-06,,민간부문,소계,경남,2204
2023-06,,민간부문,소계,제주,833
2023-06,,민간,민간임대,전국,6038
2023-06,,민간,민간임대,서울,606
2023-06,,민간,민간임대,인천,0
2023-06,,민간,민간임대,경기,0
2023-06,,민간,민간임대,부산,0
2023-06,,민간,민간임대,대구,1501
2023-06,,민간,민간임대,광주,0
2023-06,,민간,민간임대,대전,0
2023-06,,민간,민간임대,울산,0
2023-06,,민간,민간임대,세종,0
2023-06,,민간,민간임대,강원,0
2023-06,,민간,민간임대,충북,3931
2023-06,,민간,민간임대,충남,0
2023-06,,민간,민간임대,전북,0
2023-06,,민간,민간임대,전남,0
2023-06,,민간,민간임대,경북,0
2023-06,,민간,민간임대,경남,0
2023-06,,민간,민간임대,제주,0
2023-06,,민간,민간분양,전국,34435
2023-06,,민간,민간분양,서울,6950
2023-06,,민간,민간분양,인천,6600
2023-06,,민간,민간분양,경기,7747
2023-06,,민간,민간분양,부산,1257
2023-06,,민간,민간분양,대구,357
2023-06,,민간,민간분양,광주,105
2023-06,,민간,민간분양,대전,208
2023-06,,민간,민간분양,울산,799
2023-06,,민간,민간분양,세종,16
2023-06,,민간,민간분양,강원,1348
2023-06,,민간,민간분양,충북,1237
2023-06,,민간,민간분양,충남,292
2023-06,,민간,민간분양,전북,1509
2023-06,,민간,민간분양,전남,726
2023-06,,민간,민간분양,경북,2247
2023-06,,민간,민간분양,경남,2204
2023-06,,민간,민간분양,제주,833
2023-07,,총계,총계,전국,38351
2023-07,,총계,총계,서울,10609
2023-07,,총계,총계,인천,2642
2023-07,,총계,총계,경기,7675
2023-07,,총계,총계,부산,1307
2023-07,,총계,총계,대구,1991
2023-07,,총계,총계,광주,621
2023-07,,총계,총계,대전,90
2023-07,,총계,총계,울산,415
2023-07,,총계,총계,세종,24
2023-07,,총계,총계,강원,277
2023-07,,총계,총계,충북,2363
2023-07,,총계,총계,충남,5614
2023-07,,총계,총계,전북,1017
2023-07,,총계,총계,전남,852
2023-07,,총계,총계,경북,1173
2023-07,,총계,총계,경남,1438
2023-07,,총계,총계,제주,243
2023-07,,공공부문,소계,전국,5333
2023-07,,공공부문,소계,서울,1775
2023-07,,공공부문,소계,인천,0
2023-07,,공공부문,소계,경기,2844
2023-07,,공공부문,소계,부산,152
2023-07,,공공부문,소계,대구,0
2023-07,,공공부문,소계,광주,0
2023-07,,공공부문,소계,대전,0
2023-07,,공공부문,소계,울산,0
2023-07,,공공부문,소계,세종,0
2023-07,,공공부문,소계,강원,0
2023-07,,공공부문,소계,충북,0
2023-07,,공공부문,소계,충남,0
2023-07,,공공부문,소계,전북,120
2023-07,,공공부문,소계,전남,0
2023-07,,공공부문,소계,경북,40
2023-07,,공공부문,소계,경남,402
2023-07,,공공부문,소계,제주,0
2023-07,,합,국민임대,전국,100
2023-07,,합,국민임대,서울,0
2023-07,,합,국민임대,인천,0
2023-07,,합,국민임대,경기,0
2023-07,,합,국민임대,부산,0
2023-07,,합,국민임대,대구,0
2023-07,,합,국민임대,광주,0
2023-07,,합,국민임대,대전,0
2023-07,,합,국민임대,울산,0
2023-07,,합,국민임대,세종,0
2023-07,,합,국민임대,강원,0
2023-07,,합,국민임대,충북,0
2023-07,,합,국민임대,충남,0
2023-07,,합,국민임대,전북,100
2023-07,,합,국민임대,전남,0
2023-07,,합,국민임대,경북,0
2023-07,,합,국민임대,경남,0
2023-07,,합,국민임대,제주,0
2023-07,,합,공공임대,전국,3719
2023-07,,합,공공임대,서울,1775
2023-07,,합,공공임대,인천,0
2023-07,,합,공공임대,경기,1732
2023-07,,합,공공임대,부산,152
2023-07,,합,공공임대,대구,0
2023-07,,합,공공임대,광주,0
2023-07,,합,공공임대,대전,0
2023-07,,합,공공임대,울산,0
2023-07,,합,공공임대,세종,0
2023-07,,합,공공임대,강원,0
2023-07,,합,공공임대,충북,0
2023-07,,합,공공임대,충남,0
2023-07,,합,공공임대,전북,20
2023-07,,합,공공임대,전남,0
2023-07,,합,공공임대,경북,40
2023-07,,합,공공임대,경남,0
2023-07,,합,공공임대,제주,0
2023-07,,합,공공분양,전국,1514
2023-07,,합,공공분양,서울,0
2023-07,,합,공공분양,인천,0
2023-07,,합,공공분양,경기,1112
2023-07,,합,공공분양,부산,0
2023-07,,합,공공분양,대구,0
2023-07,,합,공공분양,광주,0
2023-07,,합,공공분양,대전,0
2023-07,,합,공공분양,울산,0
2023-07,,합,공공분양,세종,0
2023-07,,합,공공분양,강원,0
2023-07,,합,공공분양,충북,0
2023-07,,합,공공분양,충남,0
2023-07,,합,공공분양,전북,0
2023-07,,합,공공분양,전남,0
2023-07,,합,공공분양,경북,0
2023-07,,합,공공분양,경남,402
2023-07,,합,공공분양,제주,0
2023-07,,지자체,소계,전국,0
2023-07,,지자체,소계,서울,0
2023-07,,지자체,소계,인천,0
2023-07,,지자체,소계,경기,0
2023-07,,지자체,소계,부산,0
2023-07,,지자체,소계,대구,0
2023-07,,지자체,소계,광주,0
2023-07,,지자체,소계,대전,0
2023-07,,지자체,소계,울산,0
2023-07,,지자체,소계,세종,0
2023-07,,지자체,소계,강원,0
2023-07,,지자체,소계,충북,0
2023-07,,지자체,소계,충남,0
2023-07,,지자체,소계,전북,0
2023-07,,지자체,소계,전남,0
2023-07,,지자체,소계,경북,0
2023-07,,지자체,소계,경남,0
2023-07,,지자체,소계,제주,0
2023-07,,지자체,국민임대,전국,0
2023-07,,지자체,국민임대,서울,0
2023-07,,지자체,국민임대,인천,0
2023-07,,지자체,국민임대,경기,0
2023-07,,지자체,국민임대,부산,0
2023-07,,지자체,국민임대,대구,0
2023-07,,지자체,국민임대,광주,0
2023-07,,지자체,국민임대,대전,0
2023-07,,지자체,국민임대,울산,0
2023-07,,지자체,국민임대,세종,0
2023-07,,지자체,국민임대,강원,0
2023-07,,지자체,국민임대,충북,0
2023-07,,지자체,국민임대,충남,0
2023-07,,지자체,국민임대,전북,0
2023-07,,지자체,국민임대,전남,0
2023-07,,지자체,국민임대,경북,0
2023-07,,지자체,국민임대,경남,0
2023-07,,지자체,국민임대,제주,0
2023-07,,지자체,공공임대,전국,0
2023-07,,지자체,공공임대,서울,0
2023-07,,지자체,공공임대,인천,0
2023-07,,지자체,공공임대,경기,0
2023-07,,지자체,공공임대,부산,0
2023-07,,지자체,공공임대,대구,0
2023-07,,지자체,공공임대,광주,0
2023-07,,지자체,공공임대,대전,0
2023-07,,지자체,공공임대,울산,0
2023-07,,지자체,공공임대,세종,0
2023-07,,지자체,공공임대,강원,0
2023-07,,지자체,공공임대,충북,0
2023-07,,지자체,공공임대,충남,0
2023-07,,지자체,공공임대,전북,0
2023-07,,지자체,공공임대,전남,0
2023-07,,지자체,공공임대,경북,0
2023-07,,지자체,공공임대,경남,0
2023-07,,지자체,공공임대,제주,0
2023-07,,지자체,공공분양,전국,0
2023-07,,지자체,공공분양,서울,0
2023-07,,지자체,공공분양,인천,0
2023-07,,지자체,공공분양,경기,0
2023-07,,지자체,공공분양,부산,0
2023-07,,지자체,공공분양,대구,0
2023-07,,지자체,공공분양,광주,0
2023-07,,지자체,공공분양,대전,0
2023-07,,지자체,공공분양,울산,0
2023-07,,지자체,공공분양,세종,0
2023-07,,지자체,공공분양,강원,0
2023-07,,지자체,공공분양,충북,0
2023-07,,지자체,공공분양,충남,0
2023-07,,지자체,공공분양,전북,0
2023-07,,지자체,공공분양,전남,0
2023-07,,지자체,공공분양,경북,0
2023-07,,지자체,공공분양,경남,0
2023-07,,지자체,공공분양,제주,0
2023-07,,LH,소계,전국,2894
2023-07,,LH,소계,서울,0
2023-07,,LH,소계,인천,0
2023-07,,LH,소계,경기,2372
2023-07,,LH,소계,부산,0
2023-07,,LH,소계,대구,0
2023-07,,LH,소계,광주,0
2023-07,,LH,소계,대전,0
2023-07,,LH,소계,울산,0
2023-07,,LH,소계,세종,0
2023-07,,LH,소계,강원,0
2023-07,,LH,소계,충북,0
2023-07,,LH,소계,충남,0
2023-07,,LH,소계,전북,120
2023-07,,LH,소계,전남,0
2023-07,,LH,소계,경북,0
2023-07,,LH,소계,경남,402
2023-07,,LH,소계,제주,0
2023-07,,LH,국민임대,전국,100
2023-07,,LH,국민임대,서울,0
2023-07,,LH,국민임대,인천,0
2023-07,,LH,국민임대,경기,0
2023-07,,LH,국민임대,부산,0
2023-07,,LH,국민임대,대구,0
2023-07,,LH,국민임대,광주,0
2023-07,,LH,국민임대,대전,0
2023-07,,LH,국민임대,울산,0
2023-07,,LH,국민임대,세종,0
2023-07,,LH,국민임대,강원,0
2023-07,,LH,국민임대,충북,0
2023-07,,LH,국민임대,충남,0
2023-07,,LH,국민임대,전북,100
2023-07,,LH,국민임대,전남,0
2023-07,,LH,국민임대,경북,0
2023-07,,LH,국민임대,경남,0
2023-07,,LH,국민임대,제주,0
2023-07,,LH,공공임대,전국,1280
2023-07,,LH,공공임대,서울,0
2023-07,,LH,공공임대,인천,0
2023-07,,LH,공공임대,경기,1260
2023-07,,LH,공공임대,부산,0
2023-07,,LH,공공임대,대구,0
2023-07,,LH,공공임대,광주,0
2023-07,,LH,공공임대,대전,0
2023-07,,LH,공공임대,울산,0
2023-07,,LH,공공임대,세종,0
2023-07,,LH,공공임대,강원,0
2023-07,,LH,공공임대,충북,0
2023-07,,LH,공공임대,충남,0
2023-07,,LH,공공임대,전북,20
2023-07,,LH,공공임대,전남,0
2023-07,,LH,공공임대,경북,0
2023-07,,LH,공공임대,경남,0
2023-07,,LH,공공임대,제주,0
2023-07,,LH,공공분양,전국,1514
2023-07,,LH,공공분양,서울,0
2023-07,,LH,공공분양,인천,0
2023-07,,LH,공공분양,경기,1112
2023-07,,LH,공공분양,부산,0
2023-07,,LH,공공분양,대구,0
2023-07,,LH,공공분양,광주,0
2023-07,,LH,공공분양,대전,0
2023-07,,LH,공공분양,울산,0
2023-07,,LH,공공분양,세종,0
2023-07,,LH,공공분양,강원,0
2023-07,,LH,공공분양,충북,0
2023-07,,LH,공공분양,충남,0
2023-07,,LH,공공분양,전북,0
2023-07,,LH,공공분양,전남,0
2023-07,,LH,공공분양,경북,0
2023-07,,LH,공공분양,경남,402
2023-07,,LH,공공분양,제주,0
2023-07,,주택업체,소계,전국,2439
2023-07,,주택업체,소계,서울,1775
2023-07,,주택업체,소계,인천,0
2023-07,,주택업체,소계,경기,472
2023-07,,주택업체,소계,부산,152
2023-07,,주택업체,소계,대구,0
2023-07,,주택업체,소계,광주,0
2023-07,,주택업체,소계,대전,0
2023-07,,주택업체,소계,울산,0
2023-07,,주택업체,소계,세종,0
2023-07,,주택업체,소계,강원,0
2023-07,,주택업체,소계,충북,0
2023-07,,주택업체,소계,충남,0
2023-07,,주택업체,소계,전북,0
2023-07,,주택업체,소계,전남,0
2023-07,,주택업체,소계,경북,40
2023-07,,주택업체,소계,경남,0
2023-07,,주택업체,소계,제주,0
2023-07,,주택업체,국민임대,전국,0
2023-07,,주택업체,국민임대,서울,0
2023-07,,주택업체,국민임대,인천,0
2023-07,,주택업체,국민임대,경기,0
2023-07,,주택업체,국민임대,부산,0
2023-07,,주택업체,국민임대,대구,0
2023-07,,주택업체,국민임대,광주,0
2023-07,,주택업체,국민임대,대전,0
2023-07,,주택업체,국민임대,울산,0
2023-07,,주택업체,국민임대,세종,0
2023-07,,주택업체,국민임대,강원,0
2023-07,,주택업체,국민임대,충북,0
2023-07,,주택업체,국민임대,충남,0
2023-07,,주택업체,국민임대,전북,0
2023-07,,주택업체,국민임대,전남,0
2023-07,,주택업체,국민임대,경북,0
2023-07,,주택업체,국민임대,경남,0
2023-07,,주택업체,국민임대,제주,0
2023-07,,주택업체,공공임대,전국,2439
2023-07,,주택업체,공공임대,서울,1775
2023-07,,주택업체,공공임대,인천,0
2023-07,,주택업체,공공임대,경기,472
2023-07,,주택업체,공공임대,부산,152
2023-07,,주택업체,공공임대,대구,0
2023-07,,주택업체,공공임대,광주,0
2023-07,,주택업체,공공임대,대전,0
2023-07,,주택업체,공공임대,울산,0
2023-07,,주택업체,공공임대,세종,0
2023-07,,주택업체,공공임대,강원,0
2023-07,,주택업체,공공임대,충북,0
2023-07,,주택업체,공공임대,충남,0
2023-07,,주택업체,공공임대,전북,0
2023-07,,주택업체,공공임대,전남,0
2023-07,,주택업체,공공임대,경북,40
2023-07,,주택업체,공공임대,경남,0
2023-07,,주택업체,공공임대,제주,0
2023-07,,주택업체,공공분양,전국,0
2023-07,,주택업체,공공분양,서울,0
2023-07,,주택업체,공공분양,인천,0
2023-07,,주택업체,공공분양,경기,0
2023-07,,주택업체,공공분양,부산,0
2023-07,,주택업체,공공분양,대구,0
2023-07,,주택업체,공공분양,광주,0
2023-07,,주택업체,공공분양,대전,0
2023-07,,주택업체,공공분양,울산,0
2023-07,,주택업체,공공분양,세종,0
2023-07,,주택업체,공공분양,강원,0
2023-07,,주택업체,공공분양,충북,0
2023-07,,주택업체,공공분양,충남,0
2023-07,,주택업체,공공분양,전북,0
2023-07,,주택업체,공공분양,전남,0
2023-07,,주택업체,공공분양,경북,0
2023-07,,주택업체,공공분양,경남,0
2023-07,,주택업체,공공분양,제주,0
2023-07,,민간부문,소계,전국,33018
2023-07,,민간부문,소계,서울,8834
2023-07,,민간부문,소계,인천,2642
2023-07,,민간부문,소계,경기,4831
2023-07,,민간부문,소계,부산,1155
2023-07,,민간부문,소계,대구,1991
2023-07,,민간부문,소계,광주,621
2023-07,,민간부문,소계,대전,90
2023-07,,민간부문,소계,울산,415
2023-07,,민간부문,소계,세종,24
2023-07,,민간부문,소계,강원,277
2023-07,,민간부문,소계,충북,2363
2023-07,,민간부문,소계,충남,5614
2023-07,,민간부문,소계,전북,897
2023-07,,민간부문,소계,전남,852
2023-07,,민간부문,소계,경북,1133
2023-07,,민간부문,소계,경남,1036
2023-07,,민간부문,소계,제주,243
2023-07,,민간,민간임대,전국,2424
2023-07,,민간,민간임대,서울,957
2023-07,,민간,민간임대,인천,0
2023-07,,민간,민간임대,경기,0
2023-07,,민간,민간임대,부산,0
2023-07,,민간,민간임대,대구,0
2023-07,,민간,민간임대,광주,0
2023-07,,민간,민간임대,대전,0
2023-07,,민간,민간임대,울산,0
2023-07,,민간,민간임대,세종,0
2023-07,,민간,민간임대,강원,0
2023-07,,민간,민간임대,충북,545
2023-07,,민간,민간임대,충남,922
2023-07,,민간,민간임대,전북,0
2023-07,,민간,민간임대,전남,0
2023-07,,민간,민간임대,경북,0
2023-07,,민간,민간임대,경남,0
2023-07,,민간,민간임대,제주,0
2023-07,,민간,민간분양,전국,30594
2023-07,,민간,민간분양,서울,7877
2023-07,,민간,민간분양,인천,2642
2023-07,,민간,민간분양,경기,4831
2023-07,,민간,민간분양,부산,1155
2023-07,,민간,민간분양,대구,1991
2023-07,,민간,민간분양,광주,621
2023-07,,민간,민간분양,대전,90
2023-07,,민간,민간분양,울산,415
2023-07,,민간,민간분양,세종,24
2023-07,,민간,민간분양,강원,277
2023-07,,민간,민간분양,충북,1818
2023-07,,민간,민간분양,충남,4692
2023-07,,민간,민간분양,전북,897
2023-07,,민간,민간분양,전남,852
2023-07,,민간,민간분양,경북,1133
2023-07,,민간,민간분양,경남,1036
2023-07,,민간,민간분양,제주,243
2023-08,,총계,총계,전국,35593
2023-08,,총계,총계,서울,5001
2023-08,,총계,총계,인천,2119
2023-08,,총계,총계,경기,15554
2023-08,,총계,총계,부산,265
2023-08,,총계,총계,대구,4744
2023-08,,총계,총계,광주,39
2023-08,,총계,총계,대전,64
2023-08,,총계,총계,울산,44
2023-08,,총계,총계,세종,10
2023-08,,총계,총계,강원,1788
2023-08,,총계,총계,충북,225
2023-08,,총계,총계,충남,2181
2023-08,,총계,총계,전북,555
2023-08,,총계,총계,전남,507
2023-08,,총계,총계,경북,307
2023-08,,총계,총계,경남,1755
2023-08,,총계,총계,제주,435
2023-08,,공공부문,소계,전국,8349
2023-08,,공공부문,소계,서울,0
2023-08,,공공부문,소계,인천,510
2023-08,,공공부문,소계,경기,5939
2023-08,,공공부문,소계,부산,0
2023-08,,공공부문,소계,대구,0
2023-08,,공공부문,소계,광주,0
2023-08,,공공부문,소계,대전,0
2023-08,,공공부문,소계,울산,0
2023-08,,공공부문,소계,세종,0
2023-08,,공공부문,소계,강원,650
2023-08,,공공부문,소계,충북,0
2023-08,,공공부문,소계,충남,884
2023-08,,공공부문,소계,전북,128
2023-08,,공공부문,소계,전남,0
2023-08,,공공부문,소계,경북,0
2023-08,,공공부문,소계,경남,150
2023-08,,공공부문,소계,제주,88
2023-08,,합,국민임대,전국,120
2023-08,,합,국민임대,서울,0
2023-08,,합,국민임대,인천,0
2023-08,,합,국민임대,경기,0
2023-08,,합,국민임대,부산,0
2023-08,,합,국민임대,대구,0
2023-08,,합,국민임대,광주,0
2023-08,,합,국민임대,대전,0
2023-08,,합,국민임대,울산,0
2023-08,,합,국민임대,세종,0
2023-08,,합,국민임대,강원,0
2023-08,,합,국민임대,충북,0
2023-08,,합,국민임대,충남,0
2023-08,,합,국민임대,전북,0
2023-08,,합,국민임대,전남,0
2023-08,,합,국민임대,경북,0
2023-08,,합,국민임대,경남,120
2023-08,,합,국민임대,제주,0
2023-08,,합,공공임대,전국,4714
2023-08,,합,공공임대,서울,0
2023-08,,합,공공임대,인천,510
2023-08,,합,공공임대,경기,2424
2023-08,,합,공공임대,부산,0
2023-08,,합,공공임대,대구,0
2023-08,,합,공공임대,광주,0
2023-08,,합,공공임대,대전,0
2023-08,,합,공공임대,울산,0
2023-08,,합,공공임대,세종,0
2023-08,,합,공공임대,강원,650
2023-08,,합,공공임대,충북,0
2023-08,,합,공공임대,충남,884
2023-08,,합,공공임대,전북,128
2023-08,,합,공공임대,전남,0
2023-08,,합,공공임대,경북,0
2023-08,,합,공공임대,경남,30
2023-08,,합,공공임대,제주,88
2023-08,,합,공공분양,전국,3515
2023-08,,합,공공분양,서울,0
2023-08,,합,공공분양,인천,0
2023-08,,합,공공분양,경기,3515
2023-08,,합,공공분양,부산,0
2023-08,,합,공공분양,대구,0
2023-08,,합,공공분양,광주,0
2023-08,,합,공공분양,대전,0
2023-08,,합,공공분양,울산,0
2023-08,,합,공공분양,세종,0
2023-08,,합,공공분양,강원,0
2023-08,,합,공공분양,충북,0
2023-08,,합,공공분양,충남,0
2023-08,,합,공공분양,전북,0
2023-08,,합,공공분양,전남,0
2023-08,,합,공공분양,경북,0
2023-08,,합,공공분양,경남,0
2023-08,,합,공공분양,제주,0
2023-08,,지자체,소계,전국,0
2023-08,,지자체,소계,서울,0
2023-08,,지자체,소계,인천,0
2023-08,,지자체,소계,경기,0
2023-08,,지자체,소계,부산,0
2023-08,,지자체,소계,대구,0
2023-08,,지자체,소계,광주,0
2023-08,,지자체,소계,대전,0
2023-08,,지자체,소계,울산,0
2023-08,,지자체,소계,세종,0
2023-08,,지자체,소계,강원,0
2023-08,,지자체,소계,충북,0
2023-08,,지자체,소계,충남,0
2023-08,,지자체,소계,전북,0
2023-08,,지자체,소계,전남,0
2023-08,,지자체,소계,경북,0
2023-08,,지자체,소계,경남,0
2023-08,,지자체,소계,제주,0
2023-08,,지자체,국민임대,전국,0
2023-08,,지자체,국민임대,서울,0
2023-08,,지자체,국민임대,인천,0
2023-08,,지자체,국민임대,경기,0
2023-08,,지자체,국민임대,부산,0
2023-08,,지자체,국민임대,대구,0
2023-08,,지자체,국민임대,광주,0
2023-08,,지자체,국민임대,대전,0
2023-08,,지자체,국민임대,울산,0
2023-08,,지자체,국민임대,세종,0
2023-08,,지자체,국민임대,강원,0
2023-08,,지자체,국민임대,충북,0
2023-08,,지자체,국민임대,충남,0
2023-08,,지자체,국민임대,전북,0
2023-08,,지자체,국민임대,전남,0
2023-08,,지자체,국민임대,경북,0
2023-08,,지자체,국민임대,경남,0
2023-08,,지자체,국민임대,제주,0
2023-08,,지자체,공공임대,전국,0
2023-08,,지자체,공공임대,서울,0
2023-08,,지자체,공공임대,인천,0
2023-08,,지자체,공공임대,경기,0
2023-08,,지자체,공공임대,부산,0
2023-08,,지자체,공공임대,대구,0
2023-08,,지자체,공공임대,광주,0
2023-08,,지자체,공공임대,대전,0
2023-08,,지자체,공공임대,울산,0
2023-08,,지자체,공공임대,세종,0
2023-08,,지자체,공공임대,강원,0
2023-08,,지자체,공공임대,충북,0
2023-08,,지자체,공공임대,충남,0
2023-08,,지자체,공공임대,전북,0
2023-08,,지자체,공공임대,전남,0
2023-08,,지자체,공공임대,경북,0
2023-08,,지자체,공공임대,경남,0
2023-08,,지자체,공공임대,제주,0
2023-08,,지자체,공공분양,전국,0
2023-08,,지자체,공공분양,서울,0
2023-08,,지자체,공공분양,인천,0
2023-08,,지자체,공공분양,경기,0
2023-08,,지자체,공공분양,부산,0
2023-08,,지자체,공공분양,대구,0
2023-08,,지자체,공공분양,광주,0
2023-08,,지자체,공공분양,대전,0
2023-08,,지자체,공공분양,울산,0
2023-08,,지자체,공공분양,세종,0
2023-08,,지자체,공공분양,강원,0
2023-08,,지자체,공공분양,충북,0
2023-08,,지자체,공공분양,충남,0
2023-08,,지자체,공공분양,전북,0
2023-08,,지자체,공공분양,전남,0
2023-08,,지자체,공공분양,경북,0
2023-08,,지자체,공공분양,경남,0
2023-08,,지자체,공공분양,제주,0
2023-08,,LH,소계,전국,3606
2023-08,,LH,소계,서울,0
2023-08,,LH,소계,인천,510
2023-08,,LH,소계,경기,1846
2023-08,,LH,소계,부산,0
2023-08,,LH,소계,대구,0
2023-08,,LH,소계,광주,0
2023-08,,LH,소계,대전,0
2023-08,,LH,소계,울산,0
2023-08,,LH,소계,세종,0
2023-08,,LH,소계,강원,0
2023-08,,LH,소계,충북,0
2023-08,,LH,소계,충남,884
2023-08,,LH,소계,전북,128
2023-08,,LH,소계,전남,0
2023-08,,LH,소계,경북,0
2023-08,,LH,소계,경남,150
2023-08,,LH,소계,제주,88
2023-08,,LH,국민임대,전국,120
2023-08,,LH,국민임대,서울,0
2023-08,,LH,국민임대,인천,0
2023-08,,LH,국민임대,경기,0
2023-08,,LH,국민임대,부산,0
2023-08,,LH,국민임대,대구,0
2023-08,,LH,국민임대,광주,0
2023-08,,LH,국민임대,대전,0
2023-08,,LH,국민임대,울산,0
2023-08,,LH,국민임대,세종,0
2023-08,,LH,국민임대,강원,0
2023-08,,LH,국민임대,충북,0
2023-08,,LH,국민임대,충남,0
2023-08,,LH,국민임대,전북,0
2023-08,,LH,국민임대,전남,0
2023-08,,LH,국민임대,경북,0
2023-08,,LH,국민임대,경남,120
2023-08,,LH,국민임대,제주,0
2023-08,,LH,공공임대,전국,3156
2023-08,,LH,공공임대,서울,0
2023-08,,LH,공공임대,인천,510
2023-08,,LH,공공임대,경기,1516
2023-08,,LH,공공임대,부산,0
2023-08,,LH,공공임대,대구,0
2023-08,,LH,공공임대,광주,0
2023-08,,LH,공공임대,대전,0
2023-08,,LH,공공임대,울산,0
2023-08,,LH,공공임대,세종,0
2023-08,,LH,공공임대,강원,0
2023-08,,LH,공공임대,충북,0
2023-08,,LH,공공임대,충남,884
2023-08,,LH,공공임대,전북,128
2023-08,,LH,공공임대,전남,0
2023-08,,LH,공공임대,경북,0
2023-08,,LH,공공임대,경남,30
2023-08,,LH,공공임대,제주,88
2023-08,,LH,공공분양,전국,330
2023-08,,LH,공공분양,서울,0
2023-08,,LH,공공분양,인천,0
2023-08,,LH,공공분양,경기,330
2023-08,,LH,공공분양,부산,0
2023-08,,LH,공공분양,대구,0
2023-08,,LH,공공분양,광주,0
2023-08,,LH,공공분양,대전,0
2023-08,,LH,공공분양,울산,0
2023-08,,LH,공공분양,세종,0
2023-08,,LH,공공분양,강원,0
2023-08,,LH,공공분양,충북,0
2023-08,,LH,공공분양,충남,0
2023-08,,LH,공공분양,전북,0
2023-08,,LH,공공분양,전남,0
2023-08,,LH,공공분양,경북,0
2023-08,,LH,공공분양,경남,0
2023-08,,LH,공공분양,제주,0
2023-08,,주택업체,소계,전국,4743
2023-08,,주택업체,소계,서울,0
2023-08,,주택업체,소계,인천,0
2023-08,,주택업체,소계,경기,4093
2023-08,,주택업체,소계,부산,0
2023-08,,주택업체,소계,대구,0
2023-08,,주택업체,소계,광주,0
2023-08,,주택업체,소계,대전,0
2023-08,,주택업체,소계,울산,0
2023-08,,주택업체,소계,세종,0
2023-08,,주택업체,소계,강원,650
2023-08,,주택업체,소계,충북,0
2023-08,,주택업체,소계,충남,0
2023-08,,주택업체,소계,전북,0
2023-08,,주택업체,소계,전남,0
2023-08,,주택업체,소계,경북,0
2023-08,,주택업체,소계,경남,0
2023-08,,주택업체,소계,제주,0
2023-08,,주택업체,국민임대,전국,0
2023-08,,주택업체,국민임대,서울,0
2023-08,,주택업체,국민임대,인천,0
2023-08,,주택업체,국민임대,경기,0
2023-08,,주택업체,국민임대,부산,0
2023-08,,주택업체,국민임대,대구,0
2023-08,,주택업체,국민임대,광주,0
2023-08,,주택업체,국민임대,대전,0
2023-08,,주택업체,국민임대,울산,0
2023-08,,주택업체,국민임대,세종,0
2023-08,,주택업체,국민임대,강원,0
2023-08,,주택업체,국민임대,충북,0
2023-08,,주택업체,국민임대,충남,0
2023-08,,주택업체,국민임대,전북,0
2023-08,,주택업체,국민임대,전남,0
2023-08,,주택업체,국민임대,경북,0
2023-08,,주택업체,국민임대,경남,0
2023-08,,주택업체,국민임대,제주,0
2023-08,,주택업체,공공임대,전국,1558
2023-08,,주택업체,공공임대,서울,0
2023-08,,주택업체,공공임대,인천,0
2023-08,,주택업체,공공임대,경기,908
2023-08,,주택업체,공공임대,부산,0
2023-08,,주택업체,공공임대,대구,0
2023-08,,주택업체,공공임대,광주,0
2023-08,,주택업체,공공임대,대전,0
2023-08,,주택업체,공공임대,울산,0
2023-08,,주택업체,공공임대,세종,0
2023-08,,주택업체,공공임대,강원,650
2023-08,,주택업체,공공임대,충북,0
2023-08,,주택업체,공공임대,충남,0
2023-08,,주택업체,공공임대,전북,0
2023-08,,주택업체,공공임대,전남,0
2023-08,,주택업체,공공임대,경북,0
2023-08,,주택업체,공공임대,경남,0
2023-08,,주택업체,공공임대,제주,0
2023-08,,주택업체,공공분양,전국,3185
2023-08,,주택업체,공공분양,서울,0
2023-08,,주택업체,공공분양,인천,0
2023-08,,주택업체,공공분양,경기,3185
2023-08,,주택업체,공공분양,부산,0
2023-08,,주택업체,공공분양,대구,0
2023-08,,주택업체,공공분양,광주,0
2023-08,,주택업체,공공분양,대전,0
2023-08,,주택업체,공공분양,울산,0
2023-08,,주택업체,공공분양,세종,0
2023-08,,주택업체,공공분양,강원,0
2023-08,,주택업체,공공분양,충북,0
2023-08,,주택업체,공공분양,충남,0
2023-08,,주택업체,공공분양,전북,0
2023-08,,주택업체,공공분양,전남,0
2023-08,,주택업체,공공분양,경북,0
2023-08,,주택업체,공공분양,경남,0
2023-08,,주택업체,공공분양,제주,0
2023-08,,민간부문,소계,전국,27244
2023-08,,민간부문,소계,서울,5001
2023-08,,민간부문,소계,인천,1609
2023-08,,민간부문,소계,경기,9615
2023-08,,민간부문,소계,부산,265
2023-08,,민간부문,소계,대구,4744
2023-08,,민간부문,소계,광주,39
2023-08,,민간부문,소계,대전,64
2023-08,,민간부문,소계,울산,44
2023-08,,민간부문,소계,세종,10
2023-08,,민간부문,소계,강원,1138
2023-08,,민간부문,소계,충북,225
2023-08,,민간부문,소계,충남,1297
2023-08,,민간부문,소계,전북,427
2023-08,,민간부문,소계,전남,507
2023-08,,민간부문,소계,경북,307
2023-08,,민간부문,소계,경남,1605
2023-08,,민간부문,소계,제주,347
2023-08,,민간,민간임대,전국,2606
2023-08,,민간,민간임대,서울,0
2023-08,,민간,민간임대,인천,765
2023-08,,민간,민간임대,경기,0
2023-08,,민간,민간임대,부산,0
2023-08,,민간,민간임대,대구,1265
2023-08,,민간,민간임대,광주,0
2023-08,,민간,민간임대,대전,0
2023-08,,민간,민간임대,울산,0
2023-08,,민간,민간임대,세종,0
2023-08,,민간,민간임대,강원,576
2023-08,,민간,민간임대,충북,0
2023-08,,민간,민간임대,충남,0
2023-08,,민간,민간임대,전북,0
2023-08,,민간,민간임대,전남,0
2023-08,,민간,민간임대,경북,0
2023-08,,민간,민간임대,경남,0
2023-08,,민간,민간임대,제주,0
2023-08,,민간,민간분양,전국,24638
2023-08,,민간,민간분양,서울,5001
2023-08,,민간,민간분양,인천,844
2023-08,,민간,민간분양,경기,9615
2023-08,,민간,민간분양,부산,265
2023-08,,민간,민간분양,대구,3479
2023-08,,민간,민간분양,광주,39
2023-08,,민간,민간분양,대전,64
2023-08,,민간,민간분양,울산,44
2023-08,,민간,민간분양,세종,10
2023-08,,민간,민간분양,강원,562
2023-08,,민간,민간분양,충북,225
2023-08,,민간,민간분양,충남,1297
2023-08,,민간,민간분양,전북,427
2023-08,,민간,민간분양,전남,507
2023-08,,민간,민간분양,경북,307
2023-08,,민간,민간분양,경남,1605
2023-08,,민간,민간분양,제주,347
2023-09,,총계,총계,전국,25323
2023-09,,총계,총계,서울,1939
2023-09,,총계,총계,인천,1314
2023-09,,총계,총계,경기,7228
2023-09,,총계,총계,부산,3182
2023-09,,총계,총계,대구,2349
2023-09,,총계,총계,광주,96
2023-09,,총계,총계,대전,42
2023-09,,총계,총계,울산,21
2023-09,,총계,총계,세종,486
2023-09,,총계,총계,강원,282
2023-09,,총계,총계,충북,807
2023-09,,총계,총계,충남,2505
2023-09,,총계,총계,전북,1646
2023-09,,총계,총계,전남,1211
2023-09,,총계,총계,경북,268
2023-09,,총계,총계,경남,1527
2023-09,,총계,총계,제주,420
2023-09,,공공부문,소계,전국,4672
2023-09,,공공부문,소계,서울,523
2023-09,,공공부문,소계,인천,246
2023-09,,공공부문,소계,경기,1557
2023-09,,공공부문,소계,부산,1766
2023-09,,공공부문,소계,대구,0
2023-09,,공공부문,소계,광주,0
2023-09,,공공부문,소계,대전,0
2023-09,,공공부문,소계,울산,0
2023-09,,공공부문,소계,세종,0
2023-09,,공공부문,소계,강원,0
2023-09,,공공부문,소계,충북,80
2023-09,,공공부문,소계,충남,0
2023-09,,공공부문,소계,전북,398
2023-09,,공공부문,소계,전남,102
2023-09,,공공부문,소계,경북,0
2023-09,,공공부문,소계,경남,0
2023-09,,공공부문,소계,제주,0
2023-09,,합,국민임대,전국,958
2023-09,,합,국민임대,서울,0
2023-09,,합,국민임대,인천,0
2023-09,,합,국민임대,경기,576
2023-09,,합,국민임대,부산,0
2023-09,,합,국민임대,대구,0
2023-09,,합,국민임대,광주,0
2023-09,,합,국민임대,대전,0
2023-09,,합,국민임대,울산,0
2023-09,,합,국민임대,세종,0
2023-09,,합,국민임대,강원,0
2023-09,,합,국민임대,충북,0
2023-09,,합,국민임대,충남,0
2023-09,,합,국민임대,전북,300
2023-09,,합,국민임대,전남,82
2023-09,,합,국민임대,경북,0
2023-09,,합,국민임대,경남,0
2023-09,,합,국민임대,제주,0
2023-09,,합,공공임대,전국,2466
2023-09,,합,공공임대,서울,175
2023-09,,합,공공임대,인천,0
2023-09,,합,공공임대,경기,327
2023-09,,합,공공임대,부산,1766
2023-09,,합,공공임대,대구,0
2023-09,,합,공공임대,광주,0
2023-09,,합,공공임대,대전,0
2023-09,,합,공공임대,울산,0
2023-09,,합,공공임대,세종,0
2023-09,,합,공공임대,강원,0
2023-09,,합,공공임대,충북,80
2023-09,,합,공공임대,충남,0
2023-09,,합,공공임대,전북,98
2023-09,,합,공공임대,전남,20
2023-09,,합,공공임대,경북,0
2023-09,,합,공공임대,경남,0
2023-09,,합,공공임대,제주,0
2023-09,,합,공공분양,전국,1248
2023-09,,합,공공분양,서울,348
2023-09,,합,공공분양,인천,246
2023-09,,합,공공분양,경기,654
2023-09,,합,공공분양,부산,0
2023-09,,합,공공분양,대구,0
2023-09,,합,공공분양,광주,0
2023-09,,합,공공분양,대전,0
2023-09,,합,공공분양,울산,0
2023-09,,합,공공분양,세종,0
2023-09,,합,공공분양,강원,0
2023-09,,합,공공분양,충북,0
2023-09,,합,공공분양,충남,0
2023-09,,합,공공분양,전북,0
2023-09,,합,공공분양,전남,0
2023-09,,합,공공분양,경북,0
2023-09,,합,공공분양,경남,0
2023-09,,합,공공분양,제주,0
2023-09,,지자체,소계,전국,0
2023-09,,지자체,소계,서울,0
2023-09,,지자체,소계,인천,0
2023-09,,지자체,소계,경기,0
2023-09,,지자체,소계,부산,0
2023-09,,지자체,소계,대구,0
2023-09,,지자체,소계,광주,0
2023-09,,지자체,소계,대전,0
2023-09,,지자체,소계,울산,0
2023-09,,지자체,소계,세종,0
2023-09,,지자체,소계,강원,0
2023-09,,지자체,소계,충북,0
2023-09,,지자체,소계,충남,0
2023-09,,지자체,소계,전북,0
2023-09,,지자체,소계,전남,0
2023-09,,지자체,소계,경북,0
2023-09,,지자체,소계,경남,0
2023-09,,지자체,소계,제주,0
2023-09,,지자체,국민임대,전국,0
2023-09,,지자체,국민임대,서울,0
2023-09,,지자체,국민임대,인천,0
2023-09,,지자체,국민임대,경기,0
2023-09,,지자체,국민임대,부산,0
2023-09,,지자체,국민임대,대구,0
2023-09,,지자체,국민임대,광주,0
2023-09,,지자체,국민임대,대전,0
2023-09,,지자체,국민임대,울산,0
2023-09,,지자체,국민임대,세종,0
2023-09,,지자체,국민임대,강원,0
2023-09,,지자체,국민임대,충북,0
2023-09,,지자체,국민임대,충남,0
2023-09,,지자체,국민임대,전북,0
2023-09,,지자체,국민임대,전남,0
2023-09,,지자체,국민임대,경북,0
2023-09,,지자체,국민임대,경남,0
2023-09,,지자체,국민임대,제주,0
2023-09,,지자체,공공임대,전국,0
2023-09,,지자체,공공임대,서울,0
2023-09,,지자체,공공임대,인천,0
2023-09,,지자체,공공임대,경기,0
2023-09,,지자체,공공임대,부산,0
2023-09,,지자체,공공임대,대구,0
2023-09,,지자체,공공임대,광주,0
2023-09,,지자체,공공임대,대전,0
2023-09,,지자체,공공임대,울산,0
2023-09,,지자체,공공임대,세종,0
2023-09,,지자체,공공임대,강원,0
2023-09,,지자체,공공임대,충북,0
2023-09,,지자체,공공임대,충남,0
2023-09,,지자체,공공임대,전북,0
2023-09,,지자체,공공임대,전남,0
2023-09,,지자체,공공임대,경북,0
2023-09,,지자체,공공임대,경남,0
2023-09,,지자체,공공임대,제주,0
2023-09,,지자체,공공분양,전국,0
2023-09,,지자체,공공분양,서울,0
2023-09,,지자체,공공분양,인천,0
2023-09,,지자체,공공분양,경기,0
2023-09,,지자체,공공분양,부산,0
2023-09,,지자체,공공분양,대구,0
2023-09,,지자체,공공분양,광주,0
2023-09,,지자체,공공분양,대전,0
2023-09,,지자체,공공분양,울산,0
2023-09,,지자체,공공분양,세종,0
2023-09,,지자체,공공분양,강원,0
2023-09,,지자체,공공분양,충북,0
2023-09,,지자체,공공분양,충남,0
2023-09,,지자체,공공분양,전북,0
2023-09,,지자체,공공분양,전남,0
2023-09,,지자체,공공분양,경북,0
2023-09,,지자체,공공분양,경남,0
2023-09,,지자체,공공분양,제주,0
2023-09,,LH,소계,전국,2906
2023-09,,LH,소계,서울,523
2023-09,,LH,소계,인천,246
2023-09,,LH,소계,경기,1557
2023-09,,LH,소계,부산,0
2023-09,,LH,소계,대구,0
2023-09,,LH,소계,광주,0
2023-09,,LH,소계,대전,0
2023-09,,LH,소계,울산,0
2023-09,,LH,소계,세종,0
2023-09,,LH,소계,강원,0
2023-09,,LH,소계,충북,80
2023-09,,LH,소계,충남,0
2023-09,,LH,소계,전북,398
2023-09,,LH,소계,전남,102
2023-09,,LH,소계,경북,0
2023-09,,LH,소계,경남,0
2023-09,,LH,소계,제주,0
2023-09,,LH,국민임대,전국,958
2023-09,,LH,국민임대,서울,0
2023-09,,LH,국민임대,인천,0
2023-09,,LH,국민임대,경기,576
2023-09,,LH,국민임대,부산,0
2023-09,,LH,국민임대,대구,0
2023-09,,LH,국민임대,광주,0
2023-09,,LH,국민임대,대전,0
2023-09,,LH,국민임대,울산,0
2023-09,,LH,국민임대,세종,0
2023-09,,LH,국민임대,강원,0
2023-09,,LH,국민임대,충북,0
2023-09,,LH,국민임대,충남,0
2023-09,,LH,국민임대,전북,300
2023-09,,LH,국민임대,전남,82
2023-09,,LH,국민임대,경북,0
2023-09,,LH,국민임대,경남,0
2023-09,,LH,국민임대,제주,0
2023-09,,LH,공공임대,전국,700
2023-09,,LH,공공임대,서울,175
2023-09,,LH,공공임대,인천,0
2023-09,,LH,공공임대,경기,327
2023-09,,LH,공공임대,부산,0
2023-09,,LH,공공임대,대구,0
2023-09,,LH,공공임대,광주,0
2023-09,,LH,공공임대,대전,0
2023-09,,LH,공공임대,울산,0
2023-09,,LH,공공임대,세종,0
2023-09,,LH,공공임대,강원,0
2023-09,,LH,공공임대,충북,80
2023-09,,LH,공공임대,충남,0
2023-09,,LH,공공임대,전북,98
2023-09,,LH,공공임대,전남,20
2023-09,,LH,공공임대,경북,0
2023-09,,LH,공공임대,경남,0
2023-09,,LH,공공임대,제주,0
2023-09,,LH,공공분양,전국,1248
2023-09,,LH,공공분양,서울,348
2023-09,,LH,공공분양,인천,246
2023-09,,LH,공공분양,경기,654
2023-09,,LH,공공분양,부산,0
2023-09,,LH,공공분양,대구,0
2023-09,,LH,공공분양,광주,0
2023-09,,LH,공공분양,대전,0
2023-09,,LH,공공분양,울산,0
2023-09,,LH,공공분양,세종,0
2023-09,,LH,공공분양,강원,0
2023-09,,LH,공공분양,충북,0
2023-09,,LH,공공분양,충남,0
2023-09,,LH,공공분양,전북,0
2023-09,,LH,공공분양,전남,0
2023-09,,LH,공공분양,경북,0
2023-09,,LH,공공분양,경남,0
2023-09,,LH,공공분양,제주,0
2023-09,,주택업체,소계,전국,1766
2023-09,,주택업체,소계,서울,0
2023-09,,주택업체,소계,인천,0
2023-09,,주택업체,소계,경기,0
2023-09,,주택업체,소계,부산,1766
2023-09,,주택업체,소계,대구,0
2023-09,,주택업체,소계,광주,0
2023-09,,주택업체,소계,대전,0
2023-09,,주택업체,소계,울산,0
2023-09,,주택업체,소계,세종,0
2023-09,,주택업체,소계,강원,0
2023-09,,주택업체,소계,충북,0
2023-09,,주택업체,소계,충남,0
2023-09,,주택업체,소계,전북,0
2023-09,,주택업체,소계,전남,0
2023-09,,주택업체,소계,경북,0
2023-09,,주택업체,소계,경남,0
2023-09,,주택업체,소계,제주,0
2023-09,,주택업체,국민임대,전국,0
2023-09,,주택업체,국민임대,서울,0
2023-09,,주택업체,국민임대,인천,0
2023-09,,주택업체,국민임대,경기,0
2023-09,,주택업체,국민임대,부산,0
2023-09,,주택업체,국민임대,대구,0
2023-09,,주택업체,국민임대,광주,0
2023-09,,주택업체,국민임대,대전,0
2023-09,,주택업체,국민임대,울산,0
2023-09,,주택업체,국민임대,세종,0
2023-09,,주택업체,국민임대,강원,0
2023-09,,주택업체,국민임대,충북,0
2023-09,,주택업체,국민임대,충남,0
2023-09,,주택업체,국민임대,전북,0
2023-09,,주택업체,국민임대,전남,0
2023-09,,주택업체,국민임대,경북,0
2023-09,,주택업체,국민임대,경남,0
2023-09,,주택업체,국민임대,제주,0
2023-09,,주택업체,공공임대,전국,1766
2023-09,,주택업체,공공임대,서울,0
2023-09,,주택업체,공공임대,인천,0
2023-09,,주택업체,공공임대,경기,0
2023-09,,주택업체,공공임대,부산,1766
2023-09,,주택업체,공공임대,대구,0
2023-09,,주택업체,공공임대,광주,0
2023-09,,주택업체,공공임대,대전,0
2023-09,,주택업체,공공임대,울산,0
2023-09,,주택업체,공공임대,세종,0
2023-09,,주택업체,공공임대,강원,0
2023-09,,주택업체,공공임대,충북,0
2023-09,,주택업체,공공임대,충남,0
2023-09,,주택업체,공공임대,전북,0
2023-09,,주택업체,공공임대,전남,0
2023-09,,주택업체,공공임대,경북,0
2023-09,,주택업체,공공임대,경남,0
2023-09,,주택업체,공공임대,제주,0
2023-09,,주택업체,공공분양,전국,0
2023-09,,주택업체,공공분양,서울,0
2023-09,,주택업체,공공분양,인천,0
2023-09,,주택업체,공공분양,경기,0
2023-09,,주택업체,공공분양,부산,0
2023-09,,주택업체,공공분양,대구,0
2023-09,,주택업체,공공분양,광주,0
2023-09,,주택업체,공공분양,대전,0
2023-09,,주택업체,공공분양,울산,0
2023-09,,주택업체,공공분양,세종,0
2023-09,,주택업체,공공분양,강원,0
2023-09,,주택업체,공공분양,충북,0
2023-09,,주택업체,공공분양,충남,0
2023-09,,주택업체,공공분양,전북,0
2023-09,,주택업체,공공분양,전남,0
2023-09,,주택업체,공공분양,경북,0
2023-09,,주택업체,공공분양,경남,0
2023-09,,주택업체,공공분양,제주,0
2023-09,,민간부문,소계,전국,20651
2023-09,,민간부문,소계,서울,1416
2023-09,,민간부문,소계,인천,1068
2023-09,,민간부문,소계,경기,5671
2023-09,,민간부문,소계,부산,1416
2023-09,,민간부문,소계,대구,2349
2023-09,,민간부문,소계,광주,96
2023-09,,민간부문,소계,대전,42
2023-09,,민간부문,소계,울산,21
2023-09,,민간부문,소계,세종,486
2023-09,,민간부문,소계,강원,282
2023-09,,민간부문,소계,충북,727
2023-09,,민간부문,소계,충남,2505
2023-09,,민간부문,소계,전북,1248
2023-09,,민간부문,소계,전남,1109
2023-09,,민간부문,소계,경북,268
2023-09,,민간부문,소계,경남,1527
2023-09,,민간부문,소계,제주,420
2023-09,,민간,민간임대,전국,1720
2023-09,,민간,민간임대,서울,0
2023-09,,민간,민간임대,인천,0
2023-09,,민간,민간임대,경기,1720
2023-09,,민간,민간임대,부산,0
2023-09,,민간,민간임대,대구,0
2023-09,,민간,민간임대,광주,0
2023-09,,민간,민간임대,대전,0
2023-09,,민간,민간임대,울산,0
2023-09,,민간,민간임대,세종,0
2023-09,,민간,민간임대,강원,0
2023-09,,민간,민간임대,충북,0
2023-09,,민간,민간임대,충남,0
2023-09,,민간,민간임대,전북,0
2023-09,,민간,민간임대,전남,0
2023-09,,민간,민간임대,경북,0
2023-09,,민간,민간임대,경남,0
2023-09,,민간,민간임대,제주,0
2023-09,,민간,민간분양,전국,18931
2023-09,,민간,민간분양,서울,1416
2023-09,,민간,민간분양,인천,1068
2023-09,,민간,민간분양,경기,3951
2023-09,,민간,민간분양,부산,1416
2023-09,,민간,민간분양,대구,2349
2023-09,,민간,민간분양,광주,96
2023-09,,민간,민간분양,대전,42
2023-09,,민간,민간분양,울산,21
2023-09,,민간,민간분양,세종,486
2023-09,,민간,민간분양,강원,282
2023-09,,민간,민간분양,충북,727
2023-09,,민간,민간분양,충남,2505
2023-09,,민간,민간분양,전북,1248
2023-09,,민간,민간분양,전남,1109
2023-09,,민간,민간분양,경북,268
2023-09,,민간,민간분양,경남,1527
2023-09,,민간,민간분양,제주,420
2023-10,,총계,총계,전국,42507
2023-10,,총계,총계,서울,1946
2023-10,,총계,총계,인천,6659
2023-10,,총계,총계,경기,14669
2023-10,,총계,총계,부산,112
2023-10,,총계,총계,대구,3605
2023-10,,총계,총계,광주,440
2023-10,,총계,총계,대전,1200
2023-10,,총계,총계,울산,3095
2023-10,,총계,총계,세종,1037
2023-10,,총계,총계,강원,1490
2023-10,,총계,총계,충북,1113
2023-10,,총계,총계,충남,2757
2023-10,,총계,총계,전북,827
2023-10,,총계,총계,전남,588
2023-10,,총계,총계,경북,1445
2023-10,,총계,총계,경남,1068
2023-10,,총계,총계,제주,456
2023-10,,공공부문,소계,전국,14544
2023-10,,공공부문,소계,서울,41
2023-10,,공공부문,소계,인천,2277
2023-10,,공공부문,소계,경기,8638
2023-10,,공공부문,소계,부산,0
2023-10,,공공부문,소계,대구,0
2023-10,,공공부문,소계,광주,0
2023-10,,공공부문,소계,대전,1116
2023-10,,공공부문,소계,울산,0
2023-10,,공공부문,소계,세종,995
2023-10,,공공부문,소계,강원,385
2023-10,,공공부문,소계,충북,56
2023-10,,공공부문,소계,충남,0
2023-10,,공공부문,소계,전북,0
2023-10,,공공부문,소계,전남,0
2023-10,,공공부문,소계,경북,956
2023-10,,공공부문,소계,경남,0
2023-10,,공공부문,소계,제주,80
2023-10,,합,국민임대,전국,2073
2023-10,,합,국민임대,서울,0
2023-10,,합,국민임대,인천,0
2023-10,,합,국민임대,경기,928
2023-10,,합,국민임대,부산,0
2023-10,,합,국민임대,대구,0
2023-10,,합,국민임대,광주,0
2023-10,,합,국민임대,대전,0
2023-10,,합,국민임대,울산,0
2023-10,,합,국민임대,세종,0
2023-10,,합,국민임대,강원,189
2023-10,,합,국민임대,충북,0
2023-10,,합,국민임대,충남,0
2023-10,,합,국민임대,전북,0
2023-10,,합,국민임대,전남,0
2023-10,,합,국민임대,경북,956
2023-10,,합,국민임대,경남,0
2023-10,,합,국민임대,제주,0
2023-10,,합,공공임대,전국,3126
2023-10,,합,공공임대,서울,41
2023-10,,합,공공임대,인천,0
2023-10,,합,공공임대,경기,2753
2023-10,,합,공공임대,부산,0
2023-10,,합,공공임대,대구,0
2023-10,,합,공공임대,광주,0
2023-10,,합,공공임대,대전,0
2023-10,,합,공공임대,울산,0
2023-10,,합,공공임대,세종,0
2023-10,,합,공공임대,강원,196
2023-10,,합,공공임대,충북,56
2023-10,,합,공공임대,충남,0
2023-10,,합,공공임대,전북,0
2023-10,,합,공공임대,전남,0
2023-10,,합,공공임대,경북,0
2023-10,,합,공공임대,경남,0
2023-10,,합,공공임대,제주,80
2023-10,,합,공공분양,전국,9345
2023-10,,합,공공분양,서울,0
2023-10,,합,공공분양,인천,2277
2023-10,,합,공공분양,경기,4957
2023-10,,합,공공분양,부산,0
2023-10,,합,공공분양,대구,0
2023-10,,합,공공분양,광주,0
2023-10,,합,공공분양,대전,1116
2023-10,,합,공공분양,울산,0
2023-10,,합,공공분양,세종,995
2023-10,,합,공공분양,강원,0
2023-10,,합,공공분양,충북,0
2023-10,,합,공공분양,충남,0
2023-10,,합,공공분양,전북,0
2023-10,,합,공공분양,전남,0
2023-10,,합,공공분양,경북,0
2023-10,,합,공공분양,경남,0
2023-10,,합,공공분양,제주,0
2023-10,,지자체,소계,전국,0
2023-10,,지자체,소계,서울,0
2023-10,,지자체,소계,인천,0
2023-10,,지자체,소계,경기,0
2023-10,,지자체,소계,부산,0
2023-10,,지자체,소계,대구,0
2023-10,,지자체,소계,광주,0
2023-10,,지자체,소계,대전,0
2023-10,,지자체,소계,울산,0
2023-10,,지자체,소계,세종,0
2023-10,,지자체,소계,강원,0
2023-10,,지자체,소계,충북,0
2023-10,,지자체,소계,충남,0
2023-10,,지자체,소계,전북,0
2023-10,,지자체,소계,전남,0
2023-10,,지자체,소계,경북,0
2023-10,,지자체,소계,경남,0
2023-10,,지자체,소계,제주,0
2023-10,,지자체,국민임대,전국,0
2023-10,,지자체,국민임대,서울,0
2023-10,,지자체,국민임대,인천,0
2023-10,,지자체,국민임대,경기,0
2023-10,,지자체,국민임대,부산,0
2023-10,,지자체,국민임대,대구,0
2023-10,,지자체,국민임대,광주,0
2023-10,,지자체,국민임대,대전,0
2023-10,,지자체,국민임대,울산,0
2023-10,,지자체,국민임대,세종,0
2023-10,,지자체,국민임대,강원,0
2023-10,,지자체,국민임대,충북,0
2023-10,,지자체,국민임대,충남,0
2023-10,,지자체,국민임대,전북,0
2023-10,,지자체,국민임대,전남,0
2023-10,,지자체,국민임대,경북,0
2023-10,,지자체,국민임대,경남,0
2023-10,,지자체,국민임대,제주,0
2023-10,,지자체,공공임대,전국,0
2023-10,,지자체,공공임대,서울,0
2023-10,,지자체,공공임대,인천,0
2023-10,,지자체,공공임대,경기,0
2023-10,,지자체,공공임대,부산,0
2023-10,,지자체,공공임대,대구,0
2023-10,,지자체,공공임대,광주,0
2023-10,,지자체,공공임대,대전,0
2023-10,,지자체,공공임대,울산,0
2023-10,,지자체,공공임대,세종,0
2023-10,,지자체,공공임대,강원,0
2023-10,,지자체,공공임대,충북,0
2023-10,,지자체,공공임대,충남,0
2023-10,,지자체,공공임대,전북,0
2023-10,,지자체,공공임대,전남,0
2023-10,,지자체,공공임대,경북,0
2023-10,,지자체,공공임대,경남,0
2023-10,,지자체,공공임대,제주,0
2023-10,,지자체,공공분양,전국,0
2023-10,,지자체,공공분양,서울,0
2023-10,,지자체,공공분양,인천,0
2023-10,,지자체,공공분양,경기,0
2023-10,,지자체,공공분양,부산,0
2023-10,,지자체,공공분양,대구,0
2023-10,,지자체,공공분양,광주,0
2023-10,,지자체,공공분양,대전,0
2023-10,,지자체,공공분양,울산,0
2023-10,,지자체,공공분양,세종,0
2023-10,,지자체,공공분양,강원,0
2023-10,,지자체,공공분양,충북,0
2023-10,,지자체,공공분양,충남,0
2023-10,,지자체,공공분양,전북,0
2023-10,,지자체,공공분양,전남,0
2023-10,,지자체,공공분양,경북,0
2023-10,,지자체,공공분양,경남,0
2023-10,,지자체,공공분양,제주,0
2023-10,,LH,소계,전국,10777
2023-10,,LH,소계,서울,0
2023-10,,LH,소계,인천,2277
2023-10,,LH,소계,경기,6984
2023-10,,LH,소계,부산,0
2023-10,,LH,소계,대구,0
2023-10,,LH,소계,광주,0
2023-10,,LH,소계,대전,0
2023-10,,LH,소계,울산,0
2023-10,,LH,소계,세종,995
2023-10,,LH,소계,강원,385
2023-10,,LH,소계,충북,56
2023-10,,LH,소계,충남,0
2023-10,,LH,소계,전북,0
2023-10,,LH,소계,전남,0
2023-10,,LH,소계,경북,0
2023-10,,LH,소계,경남,0
2023-10,,LH,소계,제주,80
2023-10,,LH,국민임대,전국,189
2023-10,,LH,국민임대,서울,0
2023-10,,LH,국민임대,인천,0
2023-10,,LH,국민임대,경기,0
2023-10,,LH,국민임대,부산,0
2023-10,,LH,국민임대,대구,0
2023-10,,LH,국민임대,광주,0
2023-10,,LH,국민임대,대전,0
2023-10,,LH,국민임대,울산,0
2023-10,,LH,국민임대,세종,0
2023-10,,LH,국민임대,강원,189
2023-10,,LH,국민임대,충북,0
2023-10,,LH,국민임대,충남,0
2023-10,,LH,국민임대,전북,0
2023-10,,LH,국민임대,전남,0
2023-10,,LH,국민임대,경북,0
2023-10,,LH,국민임대,경남,0
2023-10,,LH,국민임대,제주,0
2023-10,,LH,공공임대,전국,2359
2023-10,,LH,공공임대,서울,0
2023-10,,LH,공공임대,인천,0
2023-10,,LH,공공임대,경기,2027
2023-10,,LH,공공임대,부산,0
2023-10,,LH,공공임대,대구,0
2023-10,,LH,공공임대,광주,0
2023-10,,LH,공공임대,대전,0
2023-10,,LH,공공임대,울산,0
2023-10,,LH,공공임대,세종,0
2023-10,,LH,공공임대,강원,196
2023-10,,LH,공공임대,충북,56
2023-10,,LH,공공임대,충남,0
2023-10,,LH,공공임대,전북,0
2023-10,,LH,공공임대,전남,0
2023-10,,LH,공공임대,경북,0
2023-10,,LH,공공임대,경남,0
2023-10,,LH,공공임대,제주,80
2023-10,,LH,공공분양,전국,8229
2023-10,,LH,공공분양,서울,0
2023-10,,LH,공공분양,인천,2277
2023-10,,LH,공공분양,경기,4957
2023-10,,LH,공공분양,부산,0
2023-10,,LH,공공분양,대구,0
2023-10,,LH,공공분양,광주,0
2023-10,,LH,공공분양,대전,0
2023-10,,LH,공공분양,울산,0
2023-10,,LH,공공분양,세종,995
2023-10,,LH,공공분양,강원,0
2023-10,,LH,공공분양,충북,0
2023-10,,LH,공공분양,충남,0
2023-10,,LH,공공분양,전북,0
2023-10,,LH,공공분양,전남,0
2023-10,,LH,공공분양,경북,0
2023-10,,LH,공공분양,경남,0
2023-10,,LH,공공분양,제주,0
2023-10,,주택업체,소계,전국,3767
2023-10,,주택업체,소계,서울,41
2023-10,,주택업체,소계,인천,0
2023-10,,주택업체,소계,경기,1654
2023-10,,주택업체,소계,부산,0
2023-10,,주택업체,소계,대구,0
2023-10,,주택업체,소계,광주,0
2023-10,,주택업체,소계,대전,1116
2023-10,,주택업체,소계,울산,0
2023-10,,주택업체,소계,세종,0
2023-10,,주택업체,소계,강원,0
2023-10,,주택업체,소계,충북,0
2023-10,,주택업체,소계,충남,0
2023-10,,주택업체,소계,전북,0
2023-10,,주택업체,소계,전남,0
2023-10,,주택업체,소계,경북,956
2023-10,,주택업체,소계,경남,0
2023-10,,주택업체,소계,제주,0
2023-10,,주택업체,국민임대,전국,1884
2023-10,,주택업체,국민임대,서울,0
2023-10,,주택업체,국민임대,인천,0
2023-10,,주택업체,국민임대,경기,928
2023-10,,주택업체,국민임대,부산,0
2023-10,,주택업체,국민임대,대구,0
2023-10,,주택업체,국민임대,광주,0
2023-10,,주택업체,국민임대,대전,0
2023-10,,주택업체,국민임대,울산,0
2023-10,,주택업체,국민임대,세종,0
2023-10,,주택업체,국민임대,강원,0
2023-10,,주택업체,국민임대,충북,0
2023-10,,주택업체,국민임대,충남,0
2023-10,,주택업체,국민임대,전북,0
2023-10,,주택업체,국민임대,전남,0
2023-10,,주택업체,국민임대,경북,956
2023-10,,주택업체,국민임대,경남,0
2023-10,,주택업체,국민임대,제주,0
2023-10,,주택업체,공공임대,전국,767
2023-10,,주택업체,공공임대,서울,41
2023-10,,주택업체,공공임대,인천,0
2023-10,,주택업체,공공임대,경기,726
2023-10,,주택업체,공공임대,부산,0
2023-10,,주택업체,공공임대,대구,0
2023-10,,주택업체,공공임대,광주,0
2023-10,,주택업체,공공임대,대전,0
2023-10,,주택업체,공공임대,울산,0
2023-10,,주택업체,공공임대,세종,0
2023-10,,주택업체,공공임대,강원,0
2023-10,,주택업체,공공임대,충북,0
2023-10,,주택업체,공공임대,충남,0
2023-10,,주택업체,공공임대,전북,0
2023-10,,주택업체,공공임대,전남,0
2023-10,,주택업체,공공임대,경북,0
2023-10,,주택업체,공공임대,경남,0
2023-10,,주택업체,공공임대,제주,0
2023-10,,주택업체,공공분양,전국,1116
2023-10,,주택업체,공공분양,서울,0
2023-10,,주택업체,공공분양,인천,0
2023-10,,주택업체,공공분양,경기,0
2023-10,,주택업체,공공분양,부산,0
2023-10,,주택업체,공공분양,대구,0
2023-10,,주택업체,공공분양,광주,0
2023-10,,주택업체,공공분양,대전,1116
2023-10,,주택업체,공공분양,울산,0
2023-10,,주택업체,공공분양,세종,0
2023-10,,주택업체,공공분양,강원,0
2023-10,,주택업체,공공분양,충북,0
2023-10,,주택업체,공공분양,충남,0
2023-10,,주택업체,공공분양,전북,0
2023-10,,주택업체,공공분양,전남,0
2023-10,,주택업체,공공분양,경북,0
2023-10,,주택업체,공공분양,경남,0
2023-10,,주택업체,공공분양,제주,0
2023-10,,민간부문,소계,전국,27963
2023-10,,민간부문,소계,서울,1905
2023-10,,민간부문,소계,인천,4382
2023-10,,민간부문,소계,경기,6031
2023-10,,민간부문,소계,부산,112
2023-10,,민간부문,소계,대구,3605
2023-10,,민간부문,소계,광주,440
2023-10,,민간부문,소계,대전,84
2023-10,,민간부문,소계,울산,3095
2023-10,,민간부문,소계,세종,42
2023-10,,민간부문,소계,강원,1105
2023-10,,민간부문,소계,충북,1057
2023-10,,민간부문,소계,충남,2757
2023-10,,민간부문,소계,전북,827
2023-10,,민간부문,소계,전남,588
2023-10,,민간부문,소계,경북,489
2023-10,,민간부문,소계,경남,1068
2023-10,,민간부문,소계,제주,376
2023-10,,민간,민간임대,전국,2364
2023-10,,민간,민간임대,서울,0
2023-10,,민간,민간임대,인천,0
2023-10,,민간,민간임대,경기,1766
2023-10,,민간,민간임대,부산,0
2023-10,,민간,민간임대,대구,0
2023-10,,민간,민간임대,광주,184
2023-10,,민간,민간임대,대전,0
2023-10,,민간,민간임대,울산,0
2023-10,,민간,민간임대,세종,0
2023-10,,민간,민간임대,강원,414
2023-10,,민간,민간임대,충북,0
2023-10,,민간,민간임대,충남,0
2023-10,,민간,민간임대,전북,0
2023-10,,민간,민간임대,전남,0
2023-10,,민간,민간임대,경북,0
2023-10,,민간,민간임대,경남,0
2023-10,,민간,민간임대,제주,0
2023-10,,민간,민간분양,전국,25599
2023-10,,민간,민간분양,서울,1905
2023-10,,민간,민간분양,인천,4382
2023-10,,민간,민간분양,경기,4265
2023-10,,민간,민간분양,부산,112
2023-10,,민간,민간분양,대구,3605
2023-10,,민간,민간분양,광주,256
2023-10,,민간,민간분양,대전,84
2023-10,,민간,민간분양,울산,3095
2023-10,,민간,민간분양,세종,42
2023-10,,민간,민간분양,강원,691
2023-10,,민간,민간분양,충북,1057
2023-10,,민간,민간분양,충남,2757
2023-10,,민간,민간분양,전북,827
2023-10,,민간,민간분양,전남,588
2023-10,,민간,민간분양,경북,489
2023-10,,민간,민간분양,경남,1068
2023-10,,민간,민간분양,제주,376
2023-11,,총계,총계,전국,43814
2023-11,,총계,총계,서울,8376
2023-11,,총계,총계,인천,7212
2023-11,,총계,총계,경기,11735
2023-11,,총계,총계,부산,6915
2023-11,,총계,총계,대구,710
2023-11,,총계,총계,광주,1140
2023-11,,총계,총계,대전,193
2023-11,,총계,총계,울산,1123
2023-11,,총계,총계,세종,7
2023-11,,총계,총계,강원,844
2023-11,,총계,총계,충북,268
2023-11,,총계,총계,충남,250
2023-11,,총계,총계,전북,143
2023-11,,총계,총계,전남,1304
2023-11,,총계,총계,경북,1005
2023-11,,총계,총계,경남,1971
2023-11,,총계,총계,제주,618
2023-11,,공공부문,소계,전국,5315
2023-11,,공공부문,소계,서울,7
2023-11,,공공부문,소계,인천,870
2023-11,,공공부문,소계,경기,3407
2023-11,,공공부문,소계,부산,0
2023-11,,공공부문,소계,대구,29
2023-11,,공공부문,소계,광주,0
2023-11,,공공부문,소계,대전,0
2023-11,,공공부문,소계,울산,0
2023-11,,공공부문,소계,세종,0
2023-11,,공공부문,소계,강원,243
2023-11,,공공부문,소계,충북,0
2023-11,,공공부문,소계,충남,0
2023-11,,공공부문,소계,전북,0
2023-11,,공공부문,소계,전남,0
2023-11,,공공부문,소계,경북,0
2023-11,,공공부문,소계,경남,561
2023-11,,공공부문,소계,제주,198
2023-11,,합,국민임대,전국,108
2023-11,,합,국민임대,서울,0
2023-11,,합,국민임대,인천,0
2023-11,,합,국민임대,경기,0
2023-11,,합,국민임대,부산,0
2023-11,,합,국민임대,대구,0
2023-11,,합,국민임대,광주,0
2023-11,,합,국민임대,대전,0
2023-11,,합,국민임대,울산,0
2023-11,,합,국민임대,세종,0
2023-11,,합,국민임대,강원,0
2023-11,,합,국민임대,충북,0
2023-11,,합,국민임대,충남,0
2023-11,,합,국민임대,전북,0
2023-11,,합,국민임대,전남,0
2023-11,,합,국민임대,경북,0
2023-11,,합,국민임대,경남,30
2023-11,,합,국민임대,제주,78
2023-11,,합,공공임대,전국,1215
2023-11,,합,공공임대,서울,7
2023-11,,합,공공임대,인천,0
2023-11,,합,공공임대,경기,605
2023-11,,합,공공임대,부산,0
2023-11,,합,공공임대,대구,29
2023-11,,합,공공임대,광주,0
2023-11,,합,공공임대,대전,0
2023-11,,합,공공임대,울산,0
2023-11,,합,공공임대,세종,0
2023-11,,합,공공임대,강원,243
2023-11,,합,공공임대,충북,0
2023-11,,합,공공임대,충남,0
2023-11,,합,공공임대,전북,0
2023-11,,합,공공임대,전남,0
2023-11,,합,공공임대,경북,0
2023-11,,합,공공임대,경남,211
2023-11,,합,공공임대,제주,120
2023-11,,합,공공분양,전국,3992
2023-11,,합,공공분양,서울,0
2023-11,,합,공공분양,인천,870
2023-11,,합,공공분양,경기,2802
2023-11,,합,공공분양,부산,0
2023-11,,합,공공분양,대구,0
2023-11,,합,공공분양,광주,0
2023-11,,합,공공분양,대전,0
2023-11,,합,공공분양,울산,0
2023-11,,합,공공분양,세종,0
2023-11,,합,공공분양,강원,0
2023-11,,합,공공분양,충북,0
2023-11,,합,공공분양,충남,0
2023-11,,합,공공분양,전북,0
2023-11,,합,공공분양,전남,0
2023-11,,합,공공분양,경북,0
2023-11,,합,공공분양,경남,320
2023-11,,합,공공분양,제주,0
2023-11,,지자체,소계,전국,0
2023-11,,지자체,소계,서울,0
2023-11,,지자체,소계,인천,0
2023-11,,지자체,소계,경기,0
2023-11,,지자체,소계,부산,0
2023-11,,지자체,소계,대구,0
2023-11,,지자체,소계,광주,0
2023-11,,지자체,소계,대전,0
2023-11,,지자체,소계,울산,0
2023-11,,지자체,소계,세종,0
2023-11,,지자체,소계,강원,0
2023-11,,지자체,소계,충북,0
2023-11,,지자체,소계,충남,0
2023-11,,지자체,소계,전북,0
2023-11,,지자체,소계,전남,0
2023-11,,지자체,소계,경북,0
2023-11,,지자체,소계,경남,0
2023-11,,지자체,소계,제주,0
2023-11,,지자체,국민임대,전국,0
2023-11,,지자체,국민임대,서울,0
2023-11,,지자체,국민임대,인천,0
2023-11,,지자체,국민임대,경기,0
2023-11,,지자체,국민임대,부산,0
2023-11,,지자체,국민임대,대구,0
2023-11,,지자체,국민임대,광주,0
2023-11,,지자체,국민임대,대전,0
2023-11,,지자체,국민임대,울산,0
2023-11,,지자체,국민임대,세종,0
2023-11,,지자체,국민임대,강원,0
2023-11,,지자체,국민임대,충북,0
2023-11,,지자체,국민임대,충남,0
2023-11,,지자체,국민임대,전북,0
2023-11,,지자체,국민임대,전남,0
2023-11,,지자체,국민임대,경북,0
2023-11,,지자체,국민임대,경남,0
2023-11,,지자체,국민임대,제주,0
2023-11,,지자체,공공임대,전국,0
2023-11,,지자체,공공임대,서울,0
2023-11,,지자체,공공임대,인천,0
2023-11,,지자체,공공임대,경기,0
2023-11,,지자체,공공임대,부산,0
2023-11,,지자체,공공임대,대구,0
2023-11,,지자체,공공임대,광주,0
2023-11,,지자체,공공임대,대전,0
2023-11,,지자체,공공임대,울산,0
2023-11,,지자체,공공임대,세종,0
2023-11,,지자체,공공임대,강원,0
2023-11,,지자체,공공임대,충북,0
2023-11,,지자체,공공임대,충남,0
2023-11,,지자체,공공임대,전북,0
2023-11,,지자체,공공임대,전남,0
2023-11,,지자체,공공임대,경북,0
2023-11,,지자체,공공임대,경남,0
2023-11,,지자체,공공임대,제주,0
2023-11,,지자체,공공분양,전국,0
2023-11,,지자체,공공분양,서울,0
2023-11,,지자체,공공분양,인천,0
2023-11,,지자체,공공분양,경기,0
2023-11,,지자체,공공분양,부산,0
2023-11,,지자체,공공분양,대구,0
2023-11,,지자체,공공분양,광주,0
2023-11,,지자체,공공분양,대전,0
2023-11,,지자체,공공분양,울산,0
2023-11,,지자체,공공분양,세종,0
2023-11,,지자체,공공분양,강원,0
2023-11,,지자체,공공분양,충북,0
2023-11,,지자체,공공분양,충남,0
2023-11,,지자체,공공분양,전북,0
2023-11,,지자체,공공분양,전남,0
2023-11,,지자체,공공분양,경북,0
2023-11,,지자체,공공분양,경남,0
2023-11,,지자체,공공분양,제주,0
2023-11,,LH,소계,전국,5229
2023-11,,LH,소계,서울,0
2023-11,,LH,소계,인천,870
2023-11,,LH,소계,경기,3407
2023-11,,LH,소계,부산,0
2023-11,,LH,소계,대구,28
2023-11,,LH,소계,광주,0
2023-11,,LH,소계,대전,0
2023-11,,LH,소계,울산,0
2023-11,,LH,소계,세종,0
2023-11,,LH,소계,강원,243
2023-11,,LH,소계,충북,0
2023-11,,LH,소계,충남,0
2023-11,,LH,소계,전북,0
2023-11,,LH,소계,전남,0
2023-11,,LH,소계,경북,0
2023-11,,LH,소계,경남,561
2023-11,,LH,소계,제주,120
2023-11,,LH,국민임대,전국,30
2023-11,,LH,국민임대,서울,0
2023-11,,LH,국민임대,인천,0
2023-11,,LH,국민임대,경기,0
2023-11,,LH,국민임대,부산,0
2023-11,,LH,국민임대,대구,0
2023-11,,LH,국민임대,광주,0
2023-11,,LH,국민임대,대전,0
2023-11,,LH,국민임대,울산,0
2023-11,,LH,국민임대,세종,0
2023-11,,LH,국민임대,강원,0
2023-11,,LH,국민임대,충북,0
2023-11,,LH,국민임대,충남,0
2023-11,,LH,국민임대,전북,0
2023-11,,LH,국민임대,전남,0
2023-11,,LH,국민임대,경북,0
2023-11,,LH,국민임대,경남,30
2023-11,,LH,국민임대,제주,0
2023-11,,LH,공공임대,전국,1207
2023-11,,LH,공공임대,서울,0
2023-11,,LH,공공임대,인천,0
2023-11,,LH,공공임대,경기,605
2023-11,,LH,공공임대,부산,0
2023-11,,LH,공공임대,대구,28
2023-11,,LH,공공임대,광주,0
2023-11,,LH,공공임대,대전,0
2023-11,,LH,공공임대,울산,0
2023-11,,LH,공공임대,세종,0
2023-11,,LH,공공임대,강원,243
2023-11,,LH,공공임대,충북,0
2023-11,,LH,공공임대,충남,0
2023-11,,LH,공공임대,전북,0
2023-11,,LH,공공임대,전남,0
2023-11,,LH,공공임대,경북,0
2023-11,,LH,공공임대,경남,211
2023-11,,LH,공공임대,제주,120
2023-11,,LH,공공분양,전국,3992
2023-11,,LH,공공분양,서울,0
2023-11,,LH,공공분양,인천,870
2023-11,,LH,공공분양,경기,2802
2023-11,,LH,공공분양,부산,0
2023-11,,LH,공공분양,대구,0
2023-11,,LH,공공분양,광주,0
2023-11,,LH,공공분양,대전,0
2023-11,,LH,공공분양,울산,0
2023-11,,LH,공공분양,세종,0
2023-11,,LH,공공분양,강원,0
2023-11,,LH,공공분양,충북,0
2023-11,,LH,공공분양,충남,0
2023-11,,LH,공공분양,전북,0
2023-11,,LH,공공분양,전남,0
2023-11,,LH,공공분양,경북,0
2023-11,,LH,공공분양,경남,320
2023-11,,LH,공공분양,제주,0
2023-11,,주택업체,소계,전국,86
2023-11,,주택업체,소계,서울,7
2023-11,,주택업체,소계,인천,0
2023-11,,주택업체,소계,경기,0
2023-11,,주택업체,소계,부산,0
2023-11,,주택업체,소계,대구,1
2023-11,,주택업체,소계,광주,0
2023-11,,주택업체,소계,대전,0
2023-11,,주택업체,소계,울산,0
2023-11,,주택업체,소계,세종,0
2023-11,,주택업체,소계,강원,0
2023-11,,주택업체,소계,충북,0
2023-11,,주택업체,소계,충남,0
2023-11,,주택업체,소계,전북,0
2023-11,,주택업체,소계,전남,0
2023-11,,주택업체,소계,경북,0
2023-11,,주택업체,소계,경남,0
2023-11,,주택업체,소계,제주,78
2023-11,,주택업체,국민임대,전국,78
2023-11,,주택업체,국민임대,서울,0
2023-11,,주택업체,국민임대,인천,0
2023-11,,주택업체,국민임대,경기,0
2023-11,,주택업체,국민임대,부산,0
2023-11,,주택업체,국민임대,대구,0
2023-11,,주택업체,국민임대,광주,0
2023-11,,주택업체,국민임대,대전,0
2023-11,,주택업체,국민임대,울산,0
2023-11,,주택업체,국민임대,세종,0
2023-11,,주택업체,국민임대,강원,0
2023-11,,주택업체,국민임대,충북,0
2023-11,,주택업체,국민임대,충남,0
2023-11,,주택업체,국민임대,전북,0
2023-11,,주택업체,국민임대,전남,0
2023-11,,주택업체,국민임대,경북,0
2023-11,,주택업체,국민임대,경남,0
2023-11,,주택업체,국민임대,제주,78
2023-11,,주택업체,공공임대,전국,8
2023-11,,주택업체,공공임대,서울,7
2023-11,,주택업체,공공임대,인천,0
2023-11,,주택업체,공공임대,경기,0
2023-11,,주택업체,공공임대,부산,0
2023-11,,주택업체,공공임대,대구,1
2023-11,,주택업체,공공임대,광주,0
2023-11,,주택업체,공공임대,대전,0
2023-11,,주택업체,공공임대,울산,0
2023-11,,주택업체,공공임대,세종,0
2023-11,,주택업체,공공임대,강원,0
2023-11,,주택업체,공공임대,충북,0
2023-11,,주택업체,공공임대,충남,0
2023-11,,주택업체,공공임대,전북,0
2023-11,,주택업체,공공임대,전남,0
2023-11,,주택업체,공공임대,경북,0
2023-11,,주택업체,공공임대,경남,0
2023-11,,주택업체,공공임대,제주,0
2023-11,,주택업체,공공분양,전국,0
2023-11,,주택업체,공공분양,서울,0
2023-11,,주택업체,공공분양,인천,0
2023-11,,주택업체,공공분양,경기,0
2023-11,,주택업체,공공분양,부산,0
2023-11,,주택업체,공공분양,대구,0
2023-11,,주택업체,공공분양,광주,0
2023-11,,주택업체,공공분양,대전,0
2023-11,,주택업체,공공분양,울산,0
2023-11,,주택업체,공공분양,세종,0
2023-11,,주택업체,공공분양,강원,0
2023-11,,주택업체,공공분양,충북,0
2023-11,,주택업체,공공분양,충남,0
2023-11,,주택업체,공공분양,전북,0
2023-11,,주택업체,공공분양,전남,0
2023-11,,주택업체,공공분양,경북,0
2023-11,,주택업체,공공분양,경남,0
2023-11,,주택업체,공공분양,제주,0
2023-11,,민간부문,소계,전국,38499
2023-11,,민간부문,소계,서울,8369
2023-11,,민간부문,소계,인천,6342
2023-11,,민간부문,소계,경기,8328
2023-11,,민간부문,소계,부산,6915
2023-11,,민간부문,소계,대구,681
2023-11,,민간부문,소계,광주,1140
2023-11,,민간부문,소계,대전,193
2023-11,,민간부문,소계,울산,1123
2023-11,,민간부문,소계,세종,7
2023-11,,민간부문,소계,강원,601
2023-11,,민간부문,소계,충북,268
2023-11,,민간부문,소계,충남,250
2023-11,,민간부문,소계,전북,143
2023-11,,민간부문,소계,전남,1304
2023-11,,민간부문,소계,경북,1005
2023-11,,민간부문,소계,경남,1410
2023-11,,민간부문,소계,제주,420
2023-11,,민간,민간임대,전국,298
2023-11,,민간,민간임대,서울,0
2023-11,,민간,민간임대,인천,0
2023-11,,민간,민간임대,경기,125
2023-11,,민간,민간임대,부산,60
2023-11,,민간,민간임대,대구,0
2023-11,,민간,민간임대,광주,0
2023-11,,민간,민간임대,대전,0
2023-11,,민간,민간임대,울산,0
2023-11,,민간,민간임대,세종,0
2023-11,,민간,민간임대,강원,0
2023-11,,민간,민간임대,충북,0
2023-11,,민간,민간임대,충남,0
2023-11,,민간,민간임대,전북,0
2023-11,,민간,민간임대,전남,113
2023-11,,민간,민간임대,경북,0
2023-11,,민간,민간임대,경남,0
2023-11,,민간,민간임대,제주,0
2023-11,,민간,민간분양,전국,38201
2023-11,,민간,민간분양,서울,8369
2023-11,,민간,민간분양,인천,6342
2023-11,,민간,민간분양,경기,8203
2023-11,,민간,민간분양,부산,6855
2023-11,,민간,민간분양,대구,681
2023-11,,민간,민간분양,광주,1140
2023-11,,민간,민간분양,대전,193
2023-11,,민간,민간분양,울산,1123
2023-11,,민간,민간분양,세종,7
2023-11,,민간,민간분양,강원,601
2023-11,,민간,민간분양,충북,268
2023-11,,민간,민간분양,충남,250
2023-11,,민간,민간분양,전북,143
2023-11,,민간,민간분양,전남,1191
2023-11,,민간,민간분양,경북,1005
2023-11,,민간,민간분양,경남,1410
2023-11,,민간,민간분양,제주,420
2023-12,,총계,총계,전국,48310
2023-12,,총계,총계,서울,2143
2023-12,,총계,총계,인천,2744
2023-12,,총계,총계,경기,18514
2023-12,,총계,총계,부산,3488
2023-12,,총계,총계,대구,3510
2023-12,,총계,총계,광주,323
2023-12,,총계,총계,대전,63
2023-12,,총계,총계,울산,472
2023-12,,총계,총계,세종,16
2023-12,,총계,총계,강원,1303
2023-12,,총계,총계,충북,578
2023-12,,총계,총계,충남,7737
2023-12,,총계,총계,전북,143
2023-12,,총계,총계,전남,951
2023-12,,총계,총계,경북,3722
2023-12,,총계,총계,경남,2116
2023-12,,총계,총계,제주,487
2023-12,,공공부문,소계,전국,9104
2023-12,,공공부문,소계,서울,1080
2023-12,,공공부문,소계,인천,2574
2023-12,,공공부문,소계,경기,5044
2023-12,,공공부문,소계,부산,0
2023-12,,공공부문,소계,대구,0
2023-12,,공공부문,소계,광주,0
2023-12,,공공부문,소계,대전,0
2023-12,,공공부문,소계,울산,0
2023-12,,공공부문,소계,세종,0
2023-12,,공공부문,소계,강원,0
2023-12,,공공부문,소계,충북,0
2023-12,,공공부문,소계,충남,0
2023-12,,공공부문,소계,전북,0
2023-12,,공공부문,소계,전남,0
2023-12,,공공부문,소계,경북,250
2023-12,,공공부문,소계,경남,104
2023-12,,공공부문,소계,제주,52
2023-12,,합,국민임대,전국,906
2023-12,,합,국민임대,서울,0
2023-12,,합,국민임대,인천,854
2023-12,,합,국민임대,경기,0
2023-12,,합,국민임대,부산,0
2023-12,,합,국민임대,대구,0
2023-12,,합,국민임대,광주,0
2023-12,,합,국민임대,대전,0
2023-12,,합,국민임대,울산,0
2023-12,,합,국민임대,세종,0
2023-12,,합,국민임대,강원,0
2023-12,,합,국민임대,충북,0
2023-12,,합,국민임대,충남,0
2023-12,,합,국민임대,전북,0
2023-12,,합,국민임대,전남,0
2023-12,,합,국민임대,경북,0
2023-12,,합,국민임대,경남,0
2023-12,,합,국민임대,제주,52
2023-12,,합,공공임대,전국,3749
2023-12,,합,공공임대,서울,1080
2023-12,,합,공공임대,인천,298
2023-12,,합,공공임대,경기,2017
2023-12,,합,공공임대,부산,0
2023-12,,합,공공임대,대구,0
2023-12,,합,공공임대,광주,0
2023-12,,합,공공임대,대전,0
2023-12,,합,공공임대,울산,0
2023-12,,합,공공임대,세종,0
2023-12,,합,공공임대,강원,0
2023-12,,합,공공임대,충북,0
2023-12,,합,공공임대,충남,0
2023-12,,합,공공임대,전북,0
2023-12,,합,공공임대,전남,0
2023-12,,합,공공임대,경북,250
2023-12,,합,공공임대,경남,104
2023-12,,합,공공임대,제주,0
2023-12,,합,공공분양,전국,4449
2023-12,,합,공공분양,서울,0
2023-12,,합,공공분양,인천,1422
2023-12,,합,공공분양,경기,3027
2023-12,,합,공공분양,부산,0
2023-12,,합,공공분양,대구,0
2023-12,,합,공공분양,광주,0
2023-12,,합,공공분양,대전,0
2023-12,,합,공공분양,울산,0
2023-12,,합,공공분양,세종,0
2023-12,,합,공공분양,강원,0
2023-12,,합,공공분양,충북,0
2023-12,,합,공공분양,충남,0
2023-12,,합,공공분양,전북,0
2023-12,,합,공공분양,전남,0
2023-12,,합,공공분양,경북,0
2023-12,,합,공공분양,경남,0
2023-12,,합,공공분양,제주,0
2023-12,,지자체,소계,전국,0
2023-12,,지자체,소계,서울,0
2023-12,,지자체,소계,인천,0
2023-12,,지자체,소계,경기,0
2023-12,,지자체,소계,부산,0
2023-12,,지자체,소계,대구,0
2023-12,,지자체,소계,광주,0
2023-12,,지자체,소계,대전,0
2023-12,,지자체,소계,울산,0
2023-12,,지자체,소계,세종,0
2023-12,,지자체,소계,강원,0
2023-12,,지자체,소계,충북,0
2023-12,,지자체,소계,충남,0
2023-12,,지자체,소계,전북,0
2023-12,,지자체,소계,전남,0
2023-12,,지자체,소계,경북,0
2023-12,,지자체,소계,경남,0
2023-12,,지자체,소계,제주,0
2023-12,,지자체,국민임대,전국,0
2023-12,,지자체,국민임대,서울,0
2023-12,,지자체,국민임대,인천,0
2023-12,,지자체,국민임대,경기,0
2023-12,,지자체,국민임대,부산,0
2023-12,,지자체,국민임대,대구,0
2023-12,,지자체,국민임대,광주,0
2023-12,,지자체,국민임대,대전,0
2023-12,,지자체,국민임대,울산,0
2023-12,,지자체,국민임대,세종,0
2023-12,,지자체,국민임대,강원,0
2023-12,,지자체,국민임대,충북,0
2023-12,,지자체,국민임대,충남,0
2023-12,,지자체,국민임대,전북,0
2023-12,,지자체,국민임대,전남,0
2023-12,,지자체,국민임대,경북,0
2023-12,,지자체,국민임대,경남,0
2023-12,,지자체,국민임대,제주,0
2023-12,,지자체,공공임대,전국,0
2023-12,,지자체,공공임대,서울,0
2023-12,,지자체,공공임대,인천,0
2023-12,,지자체,공공임대,경기,0
2023-12,,지자체,공공임대,부산,0
2023-12,,지자체,공공임대,대구,0
2023-12,,지자체,공공임대,광주,0
2023-12,,지자체,공공임대,대전,0
2023-12,,지자체,공공임대,울산,0
2023-12,,지자체,공공임대,세종,0
2023-12,,지자체,공공임대,강원,0
2023-12,,지자체,공공임대,충북,0
2023-12,,지자체,공공임대,충남,0
2023-12,,지자체,공공임대,전북,0
2023-12,,지자체,공공임대,전남,0
2023-12,,지자체,공공임대,경북,0
2023-12,,지자체,공공임대,경남,0
2023-12,,지자체,공공임대,제주,0
2023-12,,지자체,공공분양,전국,0
2023-12,,지자체,공공분양,서울,0
2023-12,,지자체,공공분양,인천,0
2023-12,,지자체,공공분양,경기,0
2023-12,,지자체,공공분양,부산,0
2023-12,,지자체,공공분양,대구,0
2023-12,,지자체,공공분양,광주,0
2023-12,,지자체,공공분양,대전,0
2023-12,,지자체,공공분양,울산,0
2023-12,,지자체,공공분양,세종,0
2023-12,,지자체,공공분양,강원,0
2023-12,,지자체,공공분양,충북,0
2023-12,,지자체,공공분양,충남,0
2023-12,,지자체,공공분양,전북,0
2023-12,,지자체,공공분양,전남,0
2023-12,,지자체,공공분양,경북,0
2023-12,,지자체,공공분양,경남,0
2023-12,,지자체,공공분양,제주,0
2023-12,,LH,소계,전국,8910
2023-12,,LH,소계,서울,1080
2023-12,,LH,소계,인천,2574
2023-12,,LH,소계,경기,4902
2023-12,,LH,소계,부산,0
2023-12,,LH,소계,대구,0
2023-12,,LH,소계,광주,0
2023-12,,LH,소계,대전,0
2023-12,,LH,소계,울산,0
2023-12,,LH,소계,세종,0
2023-12,,LH,소계,강원,0
2023-12,,LH,소계,충북,0
2023-12,,LH,소계,충남,0
2023-12,,LH,소계,전북,0
2023-12,,LH,소계,전남,0
2023-12,,LH,소계,경북,250
2023-12,,LH,소계,경남,104
2023-12,,LH,소계,제주,0
2023-12,,LH,국민임대,전국,854
2023-12,,LH,국민임대,서울,0
2023-12,,LH,국민임대,인천,854
2023-12,,LH,국민임대,경기,0
2023-12,,LH,국민임대,부산,0
2023-12,,LH,국민임대,대구,0
2023-12,,LH,국민임대,광주,0
2023-12,,LH,국민임대,대전,0
2023-12,,LH,국민임대,울산,0
2023-12,,LH,국민임대,세종,0
2023-12,,LH,국민임대,강원,0
2023-12,,LH,국민임대,충북,0
2023-12,,LH,국민임대,충남,0
2023-12,,LH,국민임대,전북,0
2023-12,,LH,국민임대,전남,0
2023-12,,LH,국민임대,경북,0
2023-12,,LH,국민임대,경남,0
2023-12,,LH,국민임대,제주,0
2023-12,,LH,공공임대,전국,3607
2023-12,,LH,공공임대,서울,1080
2023-12,,LH,공공임대,인천,298
2023-12,,LH,공공임대,경기,1875
2023-12,,LH,공공임대,부산,0
2023-12,,LH,공공임대,대구,0
2023-12,,LH,공공임대,광주,0
2023-12,,LH,공공임대,대전,0
2023-12,,LH,공공임대,울산,0
2023-12,,LH,공공임대,세종,0
2023-12,,LH,공공임대,강원,0
2023-12,,LH,공공임대,충북,0
2023-12,,LH,공공임대,충남,0
2023-12,,LH,공공임대,전북,0
2023-12,,LH,공공임대,전남,0
2023-12,,LH,공공임대,경북,250
2023-12,,LH,공공임대,경남,104
2023-12,,LH,공공임대,제주,0
2023-12,,LH,공공분양,전국,4449
2023-12,,LH,공공분양,서울,0
2023-12,,LH,공공분양,인천,1422
2023-12,,LH,공공분양,경기,3027
2023-12,,LH,공공분양,부산,0
2023-12,,LH,공공분양,대구,0
2023-12,,LH,공공분양,광주,0
2023-12,,LH,공공분양,대전,0
2023-12,,LH,공공분양,울산,0
2023-12,,LH,공공분양,세종,0
2023-12,,LH,공공분양,강원,0
2023-12,,LH,공공분양,충북,0
2023-12,,LH,공공분양,충남,0
2023-12,,LH,공공분양,전북,0
2023-12,,LH,공공분양,전남,0
2023-12,,LH,공공분양,경북,0
2023-12,,LH,공공분양,경남,0
2023-12,,LH,공공분양,제주,0
2023-12,,주택업체,소계,전국,194
2023-12,,주택업체,소계,서울,0
2023-12,,주택업체,소계,인천,0
2023-12,,주택업체,소계,경기,142
2023-12,,주택업체,소계,부산,0
2023-12,,주택업체,소계,대구,0
2023-12,,주택업체,소계,광주,0
2023-12,,주택업체,소계,대전,0
2023-12,,주택업체,소계,울산,0
2023-12,,주택업체,소계,세종,0
2023-12,,주택업체,소계,강원,0
2023-12,,주택업체,소계,충북,0
2023-12,,주택업체,소계,충남,0
2023-12,,주택업체,소계,전북,0
2023-12,,주택업체,소계,전남,0
2023-12,,주택업체,소계,경북,0
2023-12,,주택업체,소계,경남,0
2023-12,,주택업체,소계,제주,52
2023-12,,주택업체,국민임대,전국,52
2023-12,,주택업체,국민임대,서울,0
2023-12,,주택업체,국민임대,인천,0
2023-12,,주택업체,국민임대,경기,0
2023-12,,주택업체,국민임대,부산,0
2023-12,,주택업체,국민임대,대구,0
2023-12,,주택업체,국민임대,광주,0
2023-12,,주택업체,국민임대,대전,0
2023-12,,주택업체,국민임대,울산,0
2023-12,,주택업체,국민임대,세종,0
2023-12,,주택업체,국민임대,강원,0
2023-12,,주택업체,국민임대,충북,0
2023-12,,주택업체,국민임대,충남,0
2023-12,,주택업체,국민임대,전북,0
2023-12,,주택업체,국민임대,전남,0
2023-12,,주택업체,국민임대,경북,0
2023-12,,주택업체,국민임대,경남,0
2023-12,,주택업체,국민임대,제주,52
2023-12,,주택업체,공공임대,전국,142
2023-12,,주택업체,공공임대,서울,0
2023-12,,주택업체,공공임대,인천,0
2023-12,,주택업체,공공임대,경기,142
2023-12,,주택업체,공공임대,부산,0
2023-12,,주택업체,공공임대,대구,0
2023-12,,주택업체,공공임대,광주,0
2023-12,,주택업체,공공임대,대전,0
2023-12,,주택업체,공공임대,울산,0
2023-12,,주택업체,공공임대,세종,0
2023-12,,주택업체,공공임대,강원,0
2023-12,,주택업체,공공임대,충북,0
2023-12,,주택업체,공공임대,충남,0
2023-12,,주택업체,공공임대,전북,0
2023-12,,주택업체,공공임대,전남,0
2023-12,,주택업체,공공임대,경북,0
2023-12,,주택업체,공공임대,경남,0
2023-12,,주택업체,공공임대,제주,0
2023-12,,주택업체,공공분양,전국,0
2023-12,,주택업체,공공분양,서울,0
2023-12,,주택업체,공공분양,인천,0
2023-12,,주택업체,공공분양,경기,0
2023-12,,주택업체,공공분양,부산,0
2023-12,,주택업체,공공분양,대구,0
2023-12,,주택업체,공공분양,광주,0
2023-12,,주택업체,공공분양,대전,0
2023-12,,주택업체,공공분양,울산,0
2023-12,,주택업체,공공분양,세종,0
2023-12,,주택업체,공공분양,강원,0
2023-12,,주택업체,공공분양,충북,0
2023-12,,주택업체,공공분양,충남,0
2023-12,,주택업체,공공분양,전북,0
2023-12,,주택업체,공공분양,전남,0
2023-12,,주택업체,공공분양,경북,0
2023-12,,주택업체,공공분양,경남,0
2023-12,,주택업체,공공분양,제주,0
2023-12,,민간부문,소계,전국,39206
2023-12,,민간부문,소계,서울,1063
2023-12,,민간부문,소계,인천,170
2023-12,,민간부문,소계,경기,13470
2023-12,,민간부문,소계,부산,3488
2023-12,,민간부문,소계,대구,3510
2023-12,,민간부문,소계,광주,323
2023-12,,민간부문,소계,대전,63
2023-12,,민간부문,소계,울산,472
2023-12,,민간부문,소계,세종,16
2023-12,,민간부문,소계,강원,1303
2023-12,,민간부문,소계,충북,578
2023-12,,민간부문,소계,충남,7737
2023-12,,민간부문,소계,전북,143
2023-12,,민간부문,소계,전남,951
2023-12,,민간부문,소계,경북,3472
2023-12,,민간부문,소계,경남,2012
2023-12,,민간부문,소계,제주,435
2023-12,,민간,민간임대,전국,4441
2023-12,,민간,민간임대,서울,0
2023-12,,민간,민간임대,인천,0
2023-12,,민간,민간임대,경기,1964
2023-12,,민간,민간임대,부산,0
2023-12,,민간,민간임대,대구,0
2023-12,,민간,민간임대,광주,0
2023-12,,민간,민간임대,대전,0
2023-12,,민간,민간임대,울산,0
2023-12,,민간,민간임대,세종,0
2023-12,,민간,민간임대,강원,0
2023-12,,민간,민간임대,충북,0
2023-12,,민간,민간임대,충남,1855
2023-12,,민간,민간임대,전북,0
2023-12,,민간,민간임대,전남,505
2023-12,,민간,민간임대,경북,29
2023-12,,민간,민간임대,경남,0
2023-12,,민간,민간임대,제주,88
2023-12,,민간,민간분양,전국,34765
2023-12,,민간,민간분양,서울,1063
2023-12,,민간,민간분양,인천,170
2023-12,,민간,민간분양,경기,11506
2023-12,,민간,민간분양,부산,3488
2023-12,,민간,민간분양,대구,3510
2023-12,,민간,민간분양,광주,323
2023-12,,민간,민간분양,대전,63
2023-12,,민간,민간분양,울산,472
2023-12,,민간,민간분양,세종,16
2023-12,,민간,민간분양,강원,1303
2023-12,,민간,민간분양,충북,578
2023-12,,민간,민간분양,충남,5882
2023-12,,민간,민간분양,전북,143
2023-12,,민간,민간분양,전남,446
2023-12,,민간,민간분양,경북,3443
2023-12,,민간,민간분양,경남,2012
2023-12,,민간,민간분양,제주,347
2024-01,,총계,총계,전국,36783
2024-01,,총계,총계,서울,3407
2024-01,,총계,총계,인천,2169
2024-01,,총계,총계,경기,14706
2024-01,,총계,총계,부산,676
2024-01,,총계,총계,대구,3460
2024-01,,총계,총계,광주,435
2024-01,,총계,총계,대전,286
2024-01,,총계,총계,울산,943
2024-01,,총계,총계,세종,20
2024-01,,총계,총계,강원,271
2024-01,,총계,총계,충북,239
2024-01,,총계,총계,충남,2516
2024-01,,총계,총계,전북,1397
2024-01,,총계,총계,전남,877
2024-01,,총계,총계,경북,302
2024-01,,총계,총계,경남,4517
2024-01,,총계,총계,제주,562
2024-01,,공공부문,소계,전국,3057
2024-01,,공공부문,소계,서울,0
2024-01,,공공부문,소계,인천,0
2024-01,,공공부문,소계,경기,1697
2024-01,,공공부문,소계,부산,0
2024-01,,공공부문,소계,대구,0
2024-01,,공공부문,소계,광주,0
2024-01,,공공부문,소계,대전,0
2024-01,,공공부문,소계,울산,0
2024-01,,공공부문,소계,세종,0
2024-01,,공공부문,소계,강원,0
2024-01,,공공부문,소계,충북,0
2024-01,,공공부문,소계,충남,0
2024-01,,공공부문,소계,전북,0
2024-01,,공공부문,소계,전남,0
2024-01,,공공부문,소계,경북,0
2024-01,,공공부문,소계,경남,1360
2024-01,,공공부문,소계,제주,0
2024-01,,합,국민임대,전국,1192
2024-01,,합,국민임대,서울,0
2024-01,,합,국민임대,인천,0
2024-01,,합,국민임대,경기,0
2024-01,,합,국민임대,부산,0
2024-01,,합,국민임대,대구,0
2024-01,,합,국민임대,광주,0
2024-01,,합,국민임대,대전,0
2024-01,,합,국민임대,울산,0
2024-01,,합,국민임대,세종,0
2024-01,,합,국민임대,강원,0
2024-01,,합,국민임대,충북,0
2024-01,,합,국민임대,충남,0
2024-01,,합,국민임대,전북,0
2024-01,,합,국민임대,전남,0
2024-01,,합,국민임대,경북,0
2024-01,,합,국민임대,경남,1192
2024-01,,합,국민임대,제주,0
2024-01,,합,공공임대,전국,1500
2024-01,,합,공공임대,서울,0
2024-01,,합,공공임대,인천,0
2024-01,,합,공공임대,경기,1332
2024-01,,합,공공임대,부산,0
2024-01,,합,공공임대,대구,0
2024-01,,합,공공임대,광주,0
2024-01,,합,공공임대,대전,0
2024-01,,합,공공임대,울산,0
2024-01,,합,공공임대,세종,0
2024-01,,합,공공임대,강원,0
2024-01,,합,공공임대,충북,0
2024-01,,합,공공임대,충남,0
2024-01,,합,공공임대,전북,0
2024-01,,합,공공임대,전남,0
2024-01,,합,공공임대,경북,0
2024-01,,합,공공임대,경남,168
2024-01,,합,공공임대,제주,0
2024-01,,합,공공분양,전국,365
2024-01,,합,공공분양,서울,0
2024-01,,합,공공분양,인천,0
2024-01,,합,공공분양,경기,365
2024-01,,합,공공분양,부산,0
2024-01,,합,공공분양,대구,0
2024-01,,합,공공분양,광주,0
2024-01,,합,공공분양,대전,0
2024-01,,합,공공분양,울산,0
2024-01,,합,공공분양,세종,0
2024-01,,합,공공분양,강원,0
2024-01,,합,공공분양,충북,0
2024-01,,합,공공분양,충남,0
2024-01,,합,공공분양,전북,0
2024-01,,합,공공분양,전남,0
2024-01,,합,공공분양,경북,0
2024-01,,합,공공분양,경남,0
2024-01,,합,공공분양,제주,0
2024-01,,지자체,소계,전국,0
2024-01,,지자체,소계,서울,0
2024-01,,지자체,소계,인천,0
2024-01,,지자체,소계,경기,0
2024-01,,지자체,소계,부산,0
2024-01,,지자체,소계,대구,0
2024-01,,지자체,소계,광주,0
2024-01,,지자체,소계,대전,0
2024-01,,지자체,소계,울산,0
2024-01,,지자체,소계,세종,0
2024-01,,지자체,소계,강원,0
2024-01,,지자체,소계,충북,0
2024-01,,지자체,소계,충남,0
2024-01,,지자체,소계,전북,0
2024-01,,지자체,소계,전남,0
2024-01,,지자체,소계,경북,0
2024-01,,지자체,소계,경남,0
2024-01,,지자체,소계,제주,0
2024-01,,지자체,국민임대,전국,0
2024-01,,지자체,국민임대,서울,0
2024-01,,지자체,국민임대,인천,0
2024-01,,지자체,국민임대,경기,0
2024-01,,지자체,국민임대,부산,0
2024-01,,지자체,국민임대,대구,0
2024-01,,지자체,국민임대,광주,0
2024-01,,지자체,국민임대,대전,0
2024-01,,지자체,국민임대,울산,0
2024-01,,지자체,국민임대,세종,0
2024-01,,지자체,국민임대,강원,0
2024-01,,지자체,국민임대,충북,0
2024-01,,지자체,국민임대,충남,0
2024-01,,지자체,국민임대,전북,0
2024-01,,지자체,국민임대,전남,0
2024-01,,지자체,국민임대,경북,0
2024-01,,지자체,국민임대,경남,0
2024-01,,지자체,국민임대,제주,0
2024-01,,지자체,공공임대,전국,0
2024-01,,지자체,공공임대,서울,0
2024-01,,지자체,공공임대,인천,0
2024-01,,지자체,공공임대,경기,0
2024-01,,지자체,공공임대,부산,0
2024-01,,지자체,공공임대,대구,0
2024-01,,지자체,공공임대,광주,0
2024-01,,지자체,공공임대,대전,0
2024-01,,지자체,공공임대,울산,0
2024-01,,지자체,공공임대,세종,0
2024-01,,지자체,공공임대,강원,0
2024-01,,지자체,공공임대,충북,0
2024-01,,지자체,공공임대,충남,0
2024-01,,지자체,공공임대,전북,0
2024-01,,지자체,공공임대,전남,0
2024-01,,지자체,공공임대,경북,0
2024-01,,지자체,공공임대,경남,0
2024-01,,지자체,공공임대,제주,0
2024-01,,지자체,공공분양,전국,0
2024-01,,지자체,공공분양,서울,0
2024-01,,지자체,공공분양,인천,0
2024-01,,지자체,공공분양,경기,0
2024-01,,지자체,공공분양,부산,0
2024-01,,지자체,공공분양,대구,0
2024-01,,지자체,공공분양,광주,0
2024-01,,지자체,공공분양,대전,0
2024-01,,지자체,공공분양,울산,0
2024-01,,지자체,공공분양,세종,0
2024-01,,지자체,공공분양,강원,0
2024-01,,지자체,공공분양,충북,0
2024-01,,지자체,공공분양,충남,0
2024-01,,지자체,공공분양,전북,0
2024-01,,지자체,공공분양,전남,0
2024-01,,지자체,공공분양,경북,0
2024-01,,지자체,공공분양,경남,0
2024-01,,지자체,공공분양,제주,0
2024-01,,LH,소계,전국,3057
2024-01,,LH,소계,서울,0
2024-01,,LH,소계,인천,0
2024-01,,LH,소계,경기,1697
2024-01,,LH,소계,부산,0
2024-01,,LH,소계,대구,0
2024-01,,LH,소계,광주,0
2024-01,,LH,소계,대전,0
2024-01,,LH,소계,울산,0
2024-01,,LH,소계,세종,0
2024-01,,LH,소계,강원,0
2024-01,,LH,소계,충북,0
2024-01,,LH,소계,충남,0
2024-01,,LH,소계,전북,0
2024-01,,LH,소계,전남,0
2024-01,,LH,소계,경북,0
2024-01,,LH,소계,경남,1360
2024-01,,LH,소계,제주,0
2024-01,,LH,국민임대,전국,1192
2024-01,,LH,국민임대,서울,0
2024-01,,LH,국민임대,인천,0
2024-01,,LH,국민임대,경기,0
2024-01,,LH,국민임대,부산,0
2024-01,,LH,국민임대,대구,0
2024-01,,LH,국민임대,광주,0
2024-01,,LH,국민임대,대전,0
2024-01,,LH,국민임대,울산,0
2024-01,,LH,국민임대,세종,0
2024-01,,LH,국민임대,강원,0
2024-01,,LH,국민임대,충북,0
2024-01,,LH,국민임대,충남,0
2024-01,,LH,국민임대,전북,0
2024-01,,LH,국민임대,전남,0
2024-01,,LH,국민임대,경북,0
2024-01,,LH,국민임대,경남,1192
2024-01,,LH,국민임대,제주,0
2024-01,,LH,공공임대,전국,1500
2024-01,,LH,공공임대,서울,0
2024-01,,LH,공공임대,인천,0
2024-01,,LH,공공임대,경기,1332
2024-01,,LH,공공임대,부산,0
2024-01,,LH,공공임대,대구,0
2024-01,,LH,공공임대,광주,0
2024-01,,LH,공공임대,대전,0
2024-01,,LH,공공임대,울산,0
2024-01,,LH,공공임대,세종,0
2024-01,,LH,공공임대,강원,0
2024-01,,LH,공공임대,충북,0
2024-01,,LH,공공임대,충남,0
2024-01,,LH,공공임대,전북,0
2024-01,,LH,공공임대,전남,0
2024-01,,LH,공공임대,경북,0
2024-01,,LH,공공임대,경남,168
2024-01,,LH,공공임대,제주,0
2024-01,,LH,공공분양,전국,365
2024-01,,LH,공공분양,서울,0
2024-01,,LH,공공분양,인천,0
2024-01,,LH,공공분양,경기,365
2024-01,,LH,공공분양,부산,0
2024-01,,LH,공공분양,대구,0
2024-01,,LH,공공분양,광주,0
2024-01,,LH,공공분양,대전,0
2024-01,,LH,공공분양,울산,0
2024-01,,LH,공공분양,세종,0
2024-01,,LH,공공분양,강원,0
2024-01,,LH,공공분양,충북,0
2024-01,,LH,공공분양,충남,0
2024-01,,LH,공공분양,전북,0
2024-01,,LH,공공분양,전남,0
2024-01,,LH,공공분양,경북,0
2024-01,,LH,공공분양,경남,0
2024-01,,LH,공공분양,제주,0
2024-01,,주택업체,소계,전국,0
2024-01,,주택업체,소계,서울,0
2024-01,,주택업체,소계,인천,0
2024-01,,주택업체,소계,경기,0
2024-01,,주택업체,소계,부산,0
2024-01,,주택업체,소계,대구,0
2024-01,,주택업체,소계,광주,0
2024-01,,주택업체,소계,대전,0
2024-01,,주택업체,소계,울산,0
2024-01,,주택업체,소계,세종,0
2024-01,,주택업체,소계,강원,0
2024-01,,주택업체,소계,충북,0
2024-01,,주택업체,소계,충남,0
2024-01,,주택업체,소계,전북,0
2024-01,,주택업체,소계,전남,0
2024-01,,주택업체,소계,경북,0
2024-01,,주택업체,소계,경남,0
2024-01,,주택업체,소계,제주,0
2024-01,,주택업체,국민임대,전국,0
2024-01,,주택업체,국민임대,서울,0
2024-01,,주택업체,국민임대,인천,0
2024-01,,주택업체,국민임대,경기,0
2024-01,,주택업체,국민임대,부산,0
2024-01,,주택업체,국민임대,대구,0
2024-01,,주택업체,국민임대,광주,0
2024-01,,주택업체,국민임대,대전,0
2024-01,,주택업체,국민임대,울산,0
2024-01,,주택업체,국민임대,세종,0
2024-01,,주택업체,국민임대,강원,0
2024-01,,주택업체,국민임대,충북,0
2024-01,,주택업체,국민임대,충남,0
2024-01,,주택업체,국민임대,전북,0
2024-01,,주택업체,국민임대,전남,0
2024-01,,주택업체,국민임대,경북,0
2024-01,,주택업체,국민임대,경남,0
2024-01,,주택업체,국민임대,제주,0
2024-01,,주택업체,공공임대,전국,0
2024-01,,주택업체,공공임대,서울,0
2024-01,,주택업체,공공임대,인천,0
2024-01,,주택업체,공공임대,경기,0
2024-01,,주택업체,공공임대,부산,0
2024-01,,주택업체,공공임대,대구,0
2024-01,,주택업체,공공임대,광주,0
2024-01,,주택업체,공공임대,대전,0
2024-01,,주택업체,공공임대,울산,0
2024-01,,주택업체,공공임대,세종,0
2024-01,,주택업체,공공임대,강원,0
2024-01,,주택업체,공공임대,충북,0
2024-01,,주택업체,공공임대,충남,0
2024-01,,주택업체,공공임대,전북,0
2024-01,,주택업체,공공임대,전남,0
2024-01,,주택업체,공공임대,경북,0
2024-01,,주택업체,공공임대,경남,0
2024-01,,주택업체,공공임대,제주,0
2024-01,,주택업체,공공분양,전국,0
2024-01,,주택업체,공공분양,서울,0
2024-01,,주택업체,공공분양,인천,0
2024-01,,주택업체,공공분양,경기,0
2024-01,,주택업체,공공분양,부산,0
2024-01,,주택업체,공공분양,대구,0
2024-01,,주택업체,공공분양,광주,0
2024-01,,주택업체,공공분양,대전,0
2024-01,,주택업체,공공분양,울산,0
2024-01,,주택업체,공공분양,세종,0
2024-01,,주택업체,공공분양,강원,0
2024-01,,주택업체,공공분양,충북,0
2024-01,,주택업체,공공분양,충남,0
2024-01,,주택업체,공공분양,전북,0
2024-01,,주택업체,공공분양,전남,0
2024-01,,주택업체,공공분양,경북,0
2024-01,,주택업체,공공분양,경남,0
2024-01,,주택업체,공공분양,제주,0
2024-01,,민간부문,소계,전국,33726
2024-01,,민간부문,소계,서울,3407
2024-01,,민간부문,소계,인천,2169
2024-01,,민간부문,소계,경기,13009
2024-01,,민간부문,소계,부산,676
2024-01,,민간부문,소계,대구,3460
2024-01,,민간부문,소계,광주,435
2024-01,,민간부문,소계,대전,286
2024-01,,민간부문,소계,울산,943
2024-01,,민간부문,소계,세종,20
2024-01,,민간부문,소계,강원,271
2024-01,,민간부문,소계,충북,239
2024-01,,민간부문,소계,충남,2516
2024-01,,민간부문,소계,전북,1397
2024-01,,민간부문,소계,전남,877
2024-01,,민간부문,소계,경북,302
2024-01,,민간부문,소계,경남,3157
2024-01,,민간부문,소계,제주,562
2024-01,,민간,민간임대,전국,2588
2024-01,,민간,민간임대,서울,472
2024-01,,민간,민간임대,인천,0
2024-01,,민간,민간임대,경기,900
2024-01,,민간,민간임대,부산,0
2024-01,,민간,민간임대,대구,0
2024-01,,민간,민간임대,광주,0
2024-01,,민간,민간임대,대전,0
2024-01,,민간,민간임대,울산,0
2024-01,,민간,민간임대,세종,0
2024-01,,민간,민간임대,강원,0
2024-01,,민간,민간임대,충북,0
2024-01,,민간,민간임대,충남,444
2024-01,,민간,민간임대,전북,147
2024-01,,민간,민간임대,전남,0
2024-01,,민간,민간임대,경북,0
2024-01,,민간,민간임대,경남,625
2024-01,,민간,민간임대,제주,0
2024-01,,민간,민간분양,전국,31138
2024-01,,민간,민간분양,서울,2935
2024-01,,민간,민간분양,인천,2169
2024-01,,민간,민간분양,경기,12109
2024-01,,민간,민간분양,부산,676
2024-01,,민간,민간분양,대구,3460
2024-01,,민간,민간분양,광주,435
2024-01,,민간,민간분양,대전,286
2024-01,,민간,민간분양,울산,943
2024-01,,민간,민간분양,세종,20
2024-01,,민간,민간분양,강원,271
2024-01,,민간,민간분양,충북,239
2024-01,,민간,민간분양,충남,2072
2024-01,,민간,민간분양,전북,1250
2024-01,,민간,민간분양,전남,877
2024-01,,민간,민간분양,경북,302
2024-01,,민간,민간분양,경남,2532
2024-01,,민간,민간분양,제주,562
2024-02,,총계,총계,전국,28496
2024-02,,총계,총계,서울,1930
2024-02,,총계,총계,인천,254
2024-02,,총계,총계,경기,8369
2024-02,,총계,총계,부산,2528
2024-02,,총계,총계,대구,2236
2024-02,,총계,총계,광주,226
2024-02,,총계,총계,대전,1565
2024-02,,총계,총계,울산,115
2024-02,,총계,총계,세종,10
2024-02,,총계,총계,강원,1237
2024-02,,총계,총계,충북,1616
2024-02,,총계,총계,충남,2074
2024-02,,총계,총계,전북,546
2024-02,,총계,총계,전남,555
2024-02,,총계,총계,경북,2826
2024-02,,총계,총계,경남,1568
2024-02,,총계,총계,제주,841
2024-02,,공공부문,소계,전국,2838
2024-02,,공공부문,소계,서울,0
2024-02,,공공부문,소계,인천,0
2024-02,,공공부문,소계,경기,2838
2024-02,,공공부문,소계,부산,0
2024-02,,공공부문,소계,대구,0
2024-02,,공공부문,소계,광주,0
2024-02,,공공부문,소계,대전,0
2024-02,,공공부문,소계,울산,0
2024-02,,공공부문,소계,세종,0
2024-02,,공공부문,소계,강원,0
2024-02,,공공부문,소계,충북,0
2024-02,,공공부문,소계,충남,0
2024-02,,공공부문,소계,전북,0
2024-02,,공공부문,소계,전남,0
2024-02,,공공부문,소계,경북,0
2024-02,,공공부문,소계,경남,0
2024-02,,공공부문,소계,제주,0
2024-02,,합,국민임대,전국,0
2024-02,,합,국민임대,서울,0
2024-02,,합,국민임대,인천,0
2024-02,,합,국민임대,경기,0
2024-02,,합,국민임대,부산,0
2024-02,,합,국민임대,대구,0
2024-02,,합,국민임대,광주,0
2024-02,,합,국민임대,대전,0
2024-02,,합,국민임대,울산,0
2024-02,,합,국민임대,세종,0
2024-02,,합,국민임대,강원,0
2024-02,,합,국민임대,충북,0
2024-02,,합,국민임대,충남,0
2024-02,,합,국민임대,전북,0
2024-02,,합,국민임대,전남,0
2024-02,,합,국민임대,경북,0
2024-02,,합,국민임대,경남,0
2024-02,,합,국민임대,제주,0
2024-02,,합,공공임대,전국,1844
2024-02,,합,공공임대,서울,0
2024-02,,합,공공임대,인천,0
2024-02,,합,공공임대,경기,1844
2024-02,,합,공공임대,부산,0
2024-02,,합,공공임대,대구,0
2024-02,,합,공공임대,광주,0
2024-02,,합,공공임대,대전,0
2024-02,,합,공공임대,울산,0
2024-02,,합,공공임대,세종,0
2024-02,,합,공공임대,강원,0
2024-02,,합,공공임대,충북,0
2024-02,,합,공공임대,충남,0
2024-02,,합,공공임대,전북,0
2024-02,,합,공공임대,전남,0
2024-02,,합,공공임대,경북,0
2024-02,,합,공공임대,경남,0
2024-02,,합,공공임대,제주,0
2024-02,,합,공공분양,전국,994
2024-02,,합,공공분양,서울,0
2024-02,,합,공공분양,인천,0
2024-02,,합,공공분양,경기,994
2024-02,,합,공공분양,부산,0
2024-02,,합,공공분양,대구,0
2024-02,,합,공공분양,광주,0
2024-02,,합,공공분양,대전,0
2024-02,,합,공공분양,울산,0
2024-02,,합,공공분양,세종,0
2024-02,,합,공공분양,강원,0
2024-02,,합,공공분양,충북,0
2024-02,,합,공공분양,충남,0
2024-02,,합,공공분양,전북,0
2024-02,,합,공공분양,전남,0
2024-02,,합,공공분양,경북,0
2024-02,,합,공공분양,경남,0
2024-02,,합,공공분양,제주,0
2024-02,,지자체,소계,전국,0
2024-02,,지자체,소계,서울,0
2024-02,,지자체,소계,인천,0
2024-02,,지자체,소계,경기,0
2024-02,,지자체,소계,부산,0
2024-02,,지자체,소계,대구,0
2024-02,,지자체,소계,광주,0
2024-02,,지자체,소계,대전,0
2024-02,,지자체,소계,울산,0
2024-02,,지자체,소계,세종,0
2024-02,,지자체,소계,강원,0
2024-02,,지자체,소계,충북,0
2024-02,,지자체,소계,충남,0
2024-02,,지자체,소계,전북,0
2024-02,,지자체,소계,전남,0
2024-02,,지자체,소계,경북,0
2024-02,,지자체,소계,경남,0
2024-02,,지자체,소계,제주,0
2024-02,,지자체,국민임대,전국,0
2024-02,,지자체,국민임대,서울,0
2024-02,,지자체,국민임대,인천,0
2024-02,,지자체,국민임대,경기,0
2024-02,,지자체,국민임대,부산,0
2024-02,,지자체,국민임대,대구,0
2024-02,,지자체,국민임대,광주,0
2024-02,,지자체,국민임대,대전,0
2024-02,,지자체,국민임대,울산,0
2024-02,,지자체,국민임대,세종,0
2024-02,,지자체,국민임대,강원,0
2024-02,,지자체,국민임대,충북,0
2024-02,,지자체,국민임대,충남,0
2024-02,,지자체,국민임대,전북,0
2024-02,,지자체,국민임대,전남,0
2024-02,,지자체,국민임대,경북,0
2024-02,,지자체,국민임대,경남,0
2024-02,,지자체,국민임대,제주,0
2024-02,,지자체,공공임대,전국,0
2024-02,,지자체,공공임대,서울,0
2024-02,,지자체,공공임대,인천,0
2024-02,,지자체,공공임대,경기,0
2024-02,,지자체,공공임대,부산,0
2024-02,,지자체,공공임대,대구,0
2024-02,,지자체,공공임대,광주,0
2024-02,,지자체,공공임대,대전,0
2024-02,,지자체,공공임대,울산,0
2024-02,,지자체,공공임대,세종,0
2024-02,,지자체,공공임대,강원,0
2024-02,,지자체,공공임대,충북,0
2024-02,,지자체,공공임대,충남,0
2024-02,,지자체,공공임대,전북,0
2024-02,,지자체,공공임대,전남,0
2024-02,,지자체,공공임대,경북,0
2024-02,,지자체,공공임대,경남,0
2024-02,,지자체,공공임대,제주,0
2024-02,,지자체,공공분양,전국,0
2024-02,,지자체,공공분양,서울,0
2024-02,,지자체,공공분양,인천,0
2024-02,,지자체,공공분양,경기,0
2024-02,,지자체,공공분양,부산,0
2024-02,,지자체,공공분양,대구,0
2024-02,,지자체,공공분양,광주,0
2024-02,,지자체,공공분양,대전,0
2024-02,,지자체,공공분양,울산,0
2024-02,,지자체,공공분양,세종,0
2024-02,,지자체,공공분양,강원,0
2024-02,,지자체,공공분양,충북,0
2024-02,,지자체,공공분양,충남,0
2024-02,,지자체,공공분양,전북,0
2024-02,,지자체,공공분양,전남,0
2024-02,,지자체,공공분양,경북,0
2024-02,,지자체,공공분양,경남,0
2024-02,,지자체,공공분양,제주,0
2024-02,,LH,소계,전국,1566
2024-02,,LH,소계,서울,0
2024-02,,LH,소계,인천,0
2024-02,,LH,소계,경기,1566
2024-02,,LH,소계,부산,0
2024-02,,LH,소계,대구,0
2024-02,,LH,소계,광주,0
2024-02,,LH,소계,대전,0
2024-02,,LH,소계,울산,0
2024-02,,LH,소계,세종,0
2024-02,,LH,소계,강원,0
2024-02,,LH,소계,충북,0
2024-02,,LH,소계,충남,0
2024-02,,LH,소계,전북,0
2024-02,,LH,소계,전남,0
2024-02,,LH,소계,경북,0
2024-02,,LH,소계,경남,0
2024-02,,LH,소계,제주,0
2024-02,,LH,국민임대,전국,0
2024-02,,LH,국민임대,서울,0
2024-02,,LH,국민임대,인천,0
2024-02,,LH,국민임대,경기,0
2024-02,,LH,국민임대,부산,0
2024-02,,LH,국민임대,대구,0
2024-02,,LH,국민임대,광주,0
2024-02,,LH,국민임대,대전,0
2024-02,,LH,국민임대,울산,0
2024-02,,LH,국민임대,세종,0
2024-02,,LH,국민임대,강원,0
2024-02,,LH,국민임대,충북,0
2024-02,,LH,국민임대,충남,0
2024-02,,LH,국민임대,전북,0
2024-02,,LH,국민임대,전남,0
2024-02,,LH,국민임대,경북,0
2024-02,,LH,국민임대,경남,0
2024-02,,LH,국민임대,제주,0
2024-02,,LH,공공임대,전국,572
2024-02,,LH,공공임대,서울,0
2024-02,,LH,공공임대,인천,0
2024-02,,LH,공공임대,경기,572
2024-02,,LH,공공임대,부산,0
2024-02,,LH,공공임대,대구,0
2024-02,,LH,공공임대,광주,0
2024-02,,LH,공공임대,대전,0
2024-02,,LH,공공임대,울산,0
2024-02,,LH,공공임대,세종,0
2024-02,,LH,공공임대,강원,0
2024-02,,LH,공공임대,충북,0
2024-02,,LH,공공임대,충남,0
2024-02,,LH,공공임대,전북,0
2024-02,,LH,공공임대,전남,0
2024-02,,LH,공공임대,경북,0
2024-02,,LH,공공임대,경남,0
2024-02,,LH,공공임대,제주,0
2024-02,,LH,공공분양,전국,994
2024-02,,LH,공공분양,서울,0
2024-02,,LH,공공분양,인천,0
2024-02,,LH,공공분양,경기,994
2024-02,,LH,공공분양,부산,0
2024-02,,LH,공공분양,대구,0
2024-02,,LH,공공분양,광주,0
2024-02,,LH,공공분양,대전,0
2024-02,,LH,공공분양,울산,0
2024-02,,LH,공공분양,세종,0
2024-02,,LH,공공분양,강원,0
2024-02,,LH,공공분양,충북,0
2024-02,,LH,공공분양,충남,0
2024-02,,LH,공공분양,전북,0
2024-02,,LH,공공분양,전남,0
2024-02,,LH,공공분양,경북,0
2024-02,,LH,공공분양,경남,0
2024-02,,LH,공공분양,제주,0
2024-02,,주택업체,소계,전국,1272
2024-02,,주택업체,소계,서울,0
2024-02,,주택업체,소계,인천,0
2024-02,,주택업체,소계,경기,1272
2024-02,,주택업체,소계,부산,0
2024-02,,주택업체,소계,대구,0
2024-02,,주택업체,소계,광주,0
2024-02,,주택업체,소계,대전,0
2024-02,,주택업체,소계,울산,0
2024-02,,주택업체,소계,세종,0
2024-02,,주택업체,소계,강원,0
2024-02,,주택업체,소계,충북,0
2024-02,,주택업체,소계,충남,0
2024-02,,주택업체,소계,전북,0
2024-02,,주택업체,소계,전남,0
2024-02,,주택업체,소계,경북,0
2024-02,,주택업체,소계,경남,0
2024-02,,주택업체,소계,제주,0
2024-02,,주택업체,국민임대,전국,0
2024-02,,주택업체,국민임대,서울,0
2024-02,,주택업체,국민임대,인천,0
2024-02,,주택업체,국민임대,경기,0
2024-02,,주택업체,국민임대,부산,0
2024-02,,주택업체,국민임대,대구,0
2024-02,,주택업체,국민임대,광주,0
2024-02,,주택업체,국민임대,대전,0
2024-02,,주택업체,국민임대,울산,0
2024-02,,주택업체,국민임대,세종,0
2024-02,,주택업체,국민임대,강원,0
2024-02,,주택업체,국민임대,충북,0
2024-02,,주택업체,국민임대,충남,0
2024-02,,주택업체,국민임대,전북,0
2024-02,,주택업체,국민임대,전남,0
2024-02,,주택업체,국민임대,경북,0
2024-02,,주택업체,국민임대,경남,0
2024-02,,주택업체,국민임대,제주,0
2024-02,,주택업체,공공임대,전국,1272
2024-02,,주택업체,공공임대,서울,0
2024-02,,주택업체,공공임대,인천,0
2024-02,,주택업체,공공임대,경기,1272
2024-02,,주택업체,공공임대,부산,0
2024-02,,주택업체,공공임대,대구,0
2024-02,,주택업체,공공임대,광주,0
2024-02,,주택업체,공공임대,대전,0
2024-02,,주택업체,공공임대,울산,0
2024-02,,주택업체,공공임대,세종,0
2024-02,,주택업체,공공임대,강원,0
2024-02,,주택업체,공공임대,충북,0
2024-02,,주택업체,공공임대,충남,0
2024-02,,주택업체,공공임대,전북,0
2024-02,,주택업체,공공임대,전남,0
2024-02,,주택업체,공공임대,경북,0
2024-02,,주택업체,공공임대,경남,0
2024-02,,주택업체,공공임대,제주,0
2024-02,,주택업체,공공분양,전국,0
2024-02,,주택업체,공공분양,서울,0
2024-02,,주택업체,공공분양,인천,0
2024-02,,주택업체,공공분양,경기,0
2024-02,,주택업체,공공분양,부산,0
2024-02,,주택업체,공공분양,대구,0
2024-02,,주택업체,공공분양,광주,0
2024-02,,주택업체,공공분양,대전,0
2024-02,,주택업체,공공분양,울산,0
2024-02,,주택업체,공공분양,세종,0
2024-02,,주택업체,공공분양,강원,0
2024-02,,주택업체,공공분양,충북,0
2024-02,,주택업체,공공분양,충남,0
2024-02,,주택업체,공공분양,전북,0
2024-02,,주택업체,공공분양,전남,0
2024-02,,주택업체,공공분양,경북,0
2024-02,,주택업체,공공분양,경남,0
2024-02,,주택업체,공공분양,제주,0
2024-02,,민간부문,소계,전국,25658
2024-02,,민간부문,소계,서울,1930
2024-02,,민간부문,소계,인천,254
2024-02,,민간부문,소계,경기,5531
2024-02,,민간부문,소계,부산,2528
2024-02,,민간부문,소계,대구,2236
2024-02,,민간부문,소계,광주,226
2024-02,,민간부문,소계,대전,1565
2024-02,,민간부문,소계,울산,115
2024-02,,민간부문,소계,세종,10
2024-02,,민간부문,소계,강원,1237
2024-02,,민간부문,소계,충북,1616
2024-02,,민간부문,소계,충남,2074
2024-02,,민간부문,소계,전북,546
2024-02,,민간부문,소계,전남,555
2024-02,,민간부문,소계,경북,2826
2024-02,,민간부문,소계,경남,1568
2024-02,,민간부문,소계,제주,841
2024-02,,민간,민간임대,전국,1199
2024-02,,민간,민간임대,서울,42
2024-02,,민간,민간임대,인천,0
2024-02,,민간,민간임대,경기,435
2024-02,,민간,민간임대,부산,0
2024-02,,민간,민간임대,대구,0
2024-02,,민간,민간임대,광주,0
2024-02,,민간,민간임대,대전,655
2024-02,,민간,민간임대,울산,0
2024-02,,민간,민간임대,세종,0
2024-02,,민간,민간임대,강원,0
2024-02,,민간,민간임대,충북,0
2024-02,,민간,민간임대,충남,0
2024-02,,민간,민간임대,전북,67
2024-02,,민간,민간임대,전남,0
2024-02,,민간,민간임대,경북,0
2024-02,,민간,민간임대,경남,0
2024-02,,민간,민간임대,제주,0
2024-02,,민간,민간분양,전국,24459
2024-02,,민간,민간분양,서울,1888
2024-02,,민간,민간분양,인천,254
2024-02,,민간,민간분양,경기,5096
2024-02,,민간,민간분양,부산,2528
2024-02,,민간,민간분양,대구,2236
2024-02,,민간,민간분양,광주,226
2024-02,,민간,민간분양,대전,910
2024-02,,민간,민간분양,울산,115
2024-02,,민간,민간분양,세종,10
2024-02,,민간,민간분양,강원,1237
2024-02,,민간,민간분양,충북,1616
2024-02,,민간,민간분양,충남,2074
2024-02,,민간,민간분양,전북,479
2024-02,,민간,민간분양,전남,555
2024-02,,민간,민간분양,경북,2826
2024-02,,민간,민간분양,경남,1568
2024-02,,민간,민간분양,제주,841
2024-03,,총계,총계,전국,35354
2024-03,,총계,총계,서울,1282
2024-03,,총계,총계,인천,3255
2024-03,,총계,총계,경기,10794
2024-03,,총계,총계,부산,1012
2024-03,,총계,총계,대구,3517
2024-03,,총계,총계,광주,1218
2024-03,,총계,총계,대전,862
2024-03,,총계,총계,울산,23
2024-03,,총계,총계,세종,1687
2024-03,,총계,총계,강원,148
2024-03,,총계,총계,충북,1342
2024-03,,총계,총계,충남,2479
2024-03,,총계,총계,전북,265
2024-03,,총계,총계,전남,201
2024-03,,총계,총계,경북,5847
2024-03,,총계,총계,경남,1252
2024-03,,총계,총계,제주,170
2024-03,,공공부문,소계,전국,3585
2024-03,,공공부문,소계,서울,36
2024-03,,공공부문,소계,인천,1027
2024-03,,공공부문,소계,경기,1271
2024-03,,공공부문,소계,부산,0
2024-03,,공공부문,소계,대구,0
2024-03,,공공부문,소계,광주,606
2024-03,,공공부문,소계,대전,425
2024-03,,공공부문,소계,울산,0
2024-03,,공공부문,소계,세종,0
2024-03,,공공부문,소계,강원,0
2024-03,,공공부문,소계,충북,200
2024-03,,공공부문,소계,충남,0
2024-03,,공공부문,소계,전북,0
2024-03,,공공부문,소계,전남,0
2024-03,,공공부문,소계,경북,20
2024-03,,공공부문,소계,경남,0
2024-03,,공공부문,소계,제주,0
2024-03,,합,국민임대,전국,483
2024-03,,합,국민임대,서울,36
2024-03,,합,국민임대,인천,0
2024-03,,합,국민임대,경기,0
2024-03,,합,국민임대,부산,0
2024-03,,합,국민임대,대구,0
2024-03,,합,국민임대,광주,447
2024-03,,합,국민임대,대전,0
2024-03,,합,국민임대,울산,0
2024-03,,합,국민임대,세종,0
2024-03,,합,국민임대,강원,0
2024-03,,합,국민임대,충북,0
2024-03,,합,국민임대,충남,0
2024-03,,합,국민임대,전북,0
2024-03,,합,국민임대,전남,0
2024-03,,합,국민임대,경북,0
2024-03,,합,국민임대,경남,0
2024-03,,합,국민임대,제주,0
2024-03,,합,공공임대,전국,1015
2024-03,,합,공공임대,서울,0
2024-03,,합,공공임대,인천,97
2024-03,,합,공공임대,경기,114
2024-03,,합,공공임대,부산,0
2024-03,,합,공공임대,대구,0
2024-03,,합,공공임대,광주,159
2024-03,,합,공공임대,대전,425
2024-03,,합,공공임대,울산,0
2024-03,,합,공공임대,세종,0
2024-03,,합,공공임대,강원,0
2024-03,,합,공공임대,충북,200
2024-03,,합,공공임대,충남,0
2024-03,,합,공공임대,전북,0
2024-03,,합,공공임대,전남,0
2024-03,,합,공공임대,경북,20
2024-03,,합,공공임대,경남,0
2024-03,,합,공공임대,제주,0
2024-03,,합,공공분양,전국,2087
2024-03,,합,공공분양,서울,0
2024-03,,합,공공분양,인천,930
2024-03,,합,공공분양,경기,1157
2024-03,,합,공공분양,부산,0
2024-03,,합,공공분양,대구,0
2024-03,,합,공공분양,광주,0
2024-03,,합,공공분양,대전,0
2024-03,,합,공공분양,울산,0
2024-03,,합,공공분양,세종,0
2024-03,,합,공공분양,강원,0
2024-03,,합,공공분양,충북,0
2024-03,,합,공공분양,충남,0
2024-03,,합,공공분양,전북,0
2024-03,,합,공공분양,전남,0
2024-03,,합,공공분양,경북,0
2024-03,,합,공공분양,경남,0
2024-03,,합,공공분양,제주,0
2024-03,,지자체,소계,전국,0
2024-03,,지자체,소계,서울,0
2024-03,,지자체,소계,인천,0
2024-03,,지자체,소계,경기,0
2024-03,,지자체,소계,부산,0
2024-03,,지자체,소계,대구,0
2024-03,,지자체,소계,광주,0
2024-03,,지자체,소계,대전,0
2024-03,,지자체,소계,울산,0
2024-03,,지자체,소계,세종,0
2024-03,,지자체,소계,강원,0
2024-03,,지자체,소계,충북,0
2024-03,,지자체,소계,충남,0
2024-03,,지자체,소계,전북,0
2024-03,,지자체,소계,전남,0
2024-03,,지자체,소계,경북,0
2024-03,,지자체,소계,경남,0
2024-03,,지자체,소계,제주,0
2024-03,,지자체,국민임대,전국,0
2024-03,,지자체,국민임대,서울,0
2024-03,,지자체,국민임대,인천,0
2024-03,,지자체,국민임대,경기,0
2024-03,,지자체,국민임대,부산,0
2024-03,,지자체,국민임대,대구,0
2024-03,,지자체,국민임대,광주,0
2024-03,,지자체,국민임대,대전,0
2024-03,,지자체,국민임대,울산,0
2024-03,,지자체,국민임대,세종,0
2024-03,,지자체,국민임대,강원,0
2024-03,,지자체,국민임대,충북,0
2024-03,,지자체,국민임대,충남,0
2024-03,,지자체,국민임대,전북,0
2024-03,,지자체,국민임대,전남,0
2024-03,,지자체,국민임대,경북,0
2024-03,,지자체,국민임대,경남,0
2024-03,,지자체,국민임대,제주,0
2024-03,,지자체,공공임대,전국,0
2024-03,,지자체,공공임대,서울,0
2024-03,,지자체,공공임대,인천,0
2024-03,,지자체,공공임대,경기,0
2024-03,,지자체,공공임대,부산,0
2024-03,,지자체,공공임대,대구,0
2024-03,,지자체,공공임대,광주,0
2024-03,,지자체,공공임대,대전,0
2024-03,,지자체,공공임대,울산,0
2024-03,,지자체,공공임대,세종,0
2024-03,,지자체,공공임대,강원,0
2024-03,,지자체,공공임대,충북,0
2024-03,,지자체,공공임대,충남,0
2024-03,,지자체,공공임대,전북,0
2024-03,,지자체,공공임대,전남,0
2024-03,,지자체,공공임대,경북,0
2024-03,,지자체,공공임대,경남,0
2024-03,,지자체,공공임대,제주,0
2024-03,,지자체,공공분양,전국,0
2024-03,,지자체,공공분양,서울,0
2024-03,,지자체,공공분양,인천,0
2024-03,,지자체,공공분양,경기,0
2024-03,,지자체,공공분양,부산,0
2024-03,,지자체,공공분양,대구,0
2024-03,,지자체,공공분양,광주,0
2024-03,,지자체,공공분양,대전,0
2024-03,,지자체,공공분양,울산,0
2024-03,,지자체,공공분양,세종,0
2024-03,,지자체,공공분양,강원,0
2024-03,,지자체,공공분양,충북,0
2024-03,,지자체,공공분양,충남,0
2024-03,,지자체,공공분양,전북,0
2024-03,,지자체,공공분양,전남,0
2024-03,,지자체,공공분양,경북,0
2024-03,,지자체,공공분양,경남,0
2024-03,,지자체,공공분양,제주,0
2024-03,,LH,소계,전국,3007
2024-03,,LH,소계,서울,0
2024-03,,LH,소계,인천,930
2024-03,,LH,소계,경기,1271
2024-03,,LH,소계,부산,0
2024-03,,LH,소계,대구,0
2024-03,,LH,소계,광주,606
2024-03,,LH,소계,대전,0
2024-03,,LH,소계,울산,0
2024-03,,LH,소계,세종,0
2024-03,,LH,소계,강원,0
2024-03,,LH,소계,충북,200
2024-03,,LH,소계,충남,0
2024-03,,LH,소계,전북,0
2024-03,,LH,소계,전남,0
2024-03,,LH,소계,경북,0
2024-03,,LH,소계,경남,0
2024-03,,LH,소계,제주,0
2024-03,,LH,국민임대,전국,447
2024-03,,LH,국민임대,서울,0
2024-03,,LH,국민임대,인천,0
2024-03,,LH,국민임대,경기,0
2024-03,,LH,국민임대,부산,0
2024-03,,LH,국민임대,대구,0
2024-03,,LH,국민임대,광주,447
2024-03,,LH,국민임대,대전,0
2024-03,,LH,국민임대,울산,0
2024-03,,LH,국민임대,세종,0
2024-03,,LH,국민임대,강원,0
2024-03,,LH,국민임대,충북,0
2024-03,,LH,국민임대,충남,0
2024-03,,LH,국민임대,전북,0
2024-03,,LH,국민임대,전남,0
2024-03,,LH,국민임대,경북,0
2024-03,,LH,국민임대,경남,0
2024-03,,LH,국민임대,제주,0
2024-03,,LH,공공임대,전국,473
2024-03,,LH,공공임대,서울,0
2024-03,,LH,공공임대,인천,0
2024-03,,LH,공공임대,경기,114
2024-03,,LH,공공임대,부산,0
2024-03,,LH,공공임대,대구,0
2024-03,,LH,공공임대,광주,159
2024-03,,LH,공공임대,대전,0
2024-03,,LH,공공임대,울산,0
2024-03,,LH,공공임대,세종,0
2024-03,,LH,공공임대,강원,0
2024-03,,LH,공공임대,충북,200
2024-03,,LH,공공임대,충남,0
2024-03,,LH,공공임대,전북,0
2024-03,,LH,공공임대,전남,0
2024-03,,LH,공공임대,경북,0
2024-03,,LH,공공임대,경남,0
2024-03,,LH,공공임대,제주,0
2024-03,,LH,공공분양,전국,2087
2024-03,,LH,공공분양,서울,0
2024-03,,LH,공공분양,인천,930
2024-03,,LH,공공분양,경기,1157
2024-03,,LH,공공분양,부산,0
2024-03,,LH,공공분양,대구,0
2024-03,,LH,공공분양,광주,0
2024-03,,LH,공공분양,대전,0
2024-03,,LH,공공분양,울산,0
2024-03,,LH,공공분양,세종,0
2024-03,,LH,공공분양,강원,0
2024-03,,LH,공공분양,충북,0
2024-03,,LH,공공분양,충남,0
2024-03,,LH,공공분양,전북,0
2024-03,,LH,공공분양,전남,0
2024-03,,LH,공공분양,경북,0
2024-03,,LH,공공분양,경남,0
2024-03,,LH,공공분양,제주,0
2024-03,,주택업체,소계,전국,578
2024-03,,주택업체,소계,서울,36
2024-03,,주택업체,소계,인천,97
2024-03,,주택업체,소계,경기,0
2024-03,,주택업체,소계,부산,0
2024-03,,주택업체,소계,대구,0
2024-03,,주택업체,소계,광주,0
2024-03,,주택업체,소계,대전,425
2024-03,,주택업체,소계,울산,0
2024-03,,주택업체,소계,세종,0
2024-03,,주택업체,소계,강원,0
2024-03,,주택업체,소계,충북,0
2024-03,,주택업체,소계,충남,0
2024-03,,주택업체,소계,전북,0
2024-03,,주택업체,소계,전남,0
2024-03,,주택업체,소계,경북,20
2024-03,,주택업체,소계,경남,0
2024-03,,주택업체,소계,제주,0
2024-03,,주택업체,국민임대,전국,36
2024-03,,주택업체,국민임대,서울,36
2024-03,,주택업체,국민임대,인천,0
2024-03,,주택업체,국민임대,경기,0
2024-03,,주택업체,국민임대,부산,0
2024-03,,주택업체,국민임대,대구,0
2024-03,,주택업체,국민임대,광주,0
2024-03,,주택업체,국민임대,대전,0
2024-03,,주택업체,국민임대,울산,0
2024-03,,주택업체,국민임대,세종,0
2024-03,,주택업체,국민임대,강원,0
2024-03,,주택업체,국민임대,충북,0
2024-03,,주택업체,국민임대,충남,0
2024-03,,주택업체,국민임대,전북,0
2024-03,,주택업체,국민임대,전남,0
2024-03,,주택업체,국민임대,경북,0
2024-03,,주택업체,국민임대,경남,0
2024-03,,주택업체,국민임대,제주,0
2024-03,,주택업체,공공임대,전국,542
2024-03,,주택업체,공공임대,서울,0
2024-03,,주택업체,공공임대,인천,97
2024-03,,주택업체,공공임대,경기,0
2024-03,,주택업체,공공임대,부산,0
2024-03,,주택업체,공공임대,대구,0
2024-03,,주택업체,공공임대,광주,0
2024-03,,주택업체,공공임대,대전,425
2024-03,,주택업체,공공임대,울산,0
2024-03,,주택업체,공공임대,세종,0
2024-03,,주택업체,공공임대,강원,0
2024-03,,주택업체,공공임대,충북,0
2024-03,,주택업체,공공임대,충남,0
2024-03,,주택업체,공공임대,전북,0
2024-03,,주택업체,공공임대,전남,0
2024-03,,주택업체,공공임대,경북,20
2024-03,,주택업체,공공임대,경남,0
2024-03,,주택업체,공공임대,제주,0
2024-03,,주택업체,공공분양,전국,0
2024-03,,주택업체,공공분양,서울,0
2024-03,,주택업체,공공분양,인천,0
2024-03,,주택업체,공공분양,경기,0
2024-03,,주택업체,공공분양,부산,0
2024-03,,주택업체,공공분양,대구,0
2024-03,,주택업체,공공분양,광주,0
2024-03,,주택업체,공공분양,대전,0
2024-03,,주택업체,공공분양,울산,0
2024-03,,주택업체,공공분양,세종,0
2024-03,,주택업체,공공분양,강원,0
2024-03,,주택업체,공공분양,충북,0
2024-03,,주택업체,공공분양,충남,0
2024-03,,주택업체,공공분양,전북,0
2024-03,,주택업체,공공분양,전남,0
2024-03,,주택업체,공공분양,경북,0
2024-03,,주택업체,공공분양,경남,0
2024-03,,주택업체,공공분양,제주,0
2024-03,,민간부문,소계,전국,31769
2024-03,,민간부문,소계,서울,1246
2024-03,,민간부문,소계,인천,2228
2024-03,,민간부문,소계,경기,9523
2024-03,,민간부문,소계,부산,1012
2024-03,,민간부문,소계,대구,3517
2024-03,,민간부문,소계,광주,612
2024-03,,민간부문,소계,대전,437
2024-03,,민간부문,소계,울산,23
2024-03,,민간부문,소계,세종,1687
2024-03,,민간부문,소계,강원,148
2024-03,,민간부문,소계,충북,1142
2024-03,,민간부문,소계,충남,2479
2024-03,,민간부문,소계,전북,265
2024-03,,민간부문,소계,전남,201
2024-03,,민간부문,소계,경북,5827
2024-03,,민간부문,소계,경남,1252
2024-03,,민간부문,소계,제주,170
2024-03,,민간,민간임대,전국,406
2024-03,,민간,민간임대,서울,0
2024-03,,민간,민간임대,인천,0
2024-03,,민간,민간임대,경기,0
2024-03,,민간,민간임대,부산,0
2024-03,,민간,민간임대,대구,0
2024-03,,민간,민간임대,광주,0
2024-03,,민간,민간임대,대전,0
2024-03,,민간,민간임대,울산,0
2024-03,,민간,민간임대,세종,0
2024-03,,민간,민간임대,강원,0
2024-03,,민간,민간임대,충북,0
2024-03,,민간,민간임대,충남,406
2024-03,,민간,민간임대,전북,0
2024-03,,민간,민간임대,전남,0
2024-03,,민간,민간임대,경북,0
2024-03,,민간,민간임대,경남,0
2024-03,,민간,민간임대,제주,0
2024-03,,민간,민간분양,전국,31363
2024-03,,민간,민간분양,서울,1246
2024-03,,민간,민간분양,인천,2228
2024-03,,민간,민간분양,경기,9523
2024-03,,민간,민간분양,부산,1012
2024-03,,민간,민간분양,대구,3517
2024-03,,민간,민간분양,광주,612
2024-03,,민간,민간분양,대전,437
2024-03,,민간,민간분양,울산,23
2024-03,,민간,민간분양,세종,1687
2024-03,,민간,민간분양,강원,148
2024-03,,민간,민간분양,충북,1142
2024-03,,민간,민간분양,충남,2073
2024-03,,민간,민간분양,전북,265
2024-03,,민간,민간분양,전남,201
2024-03,,민간,민간분양,경북,5827
2024-03,,민간,민간분양,경남,1252
2024-03,,민간,민간분양,제주,170
2024-04,,총계,총계,전국,31296
2024-04,,총계,총계,서울,1533
2024-04,,총계,총계,인천,292
2024-04,,총계,총계,경기,8166
2024-04,,총계,총계,부산,228
2024-04,,총계,총계,대구,3293
2024-04,,총계,총계,광주,4714
2024-04,,총계,총계,대전,2869
2024-04,,총계,총계,울산,46
2024-04,,총계,총계,세종,8
2024-04,,총계,총계,강원,1048
2024-04,,총계,총계,충북,3432
2024-04,,총계,총계,충남,179
2024-04,,총계,총계,전북,977
2024-04,,총계,총계,전남,531
2024-04,,총계,총계,경북,2610
2024-04,,총계,총계,경남,1065
2024-04,,총계,총계,제주,305
2024-04,,공공부문,소계,전국,2699
2024-04,,공공부문,소계,서울,1
2024-04,,공공부문,소계,인천,0
2024-04,,공공부문,소계,경기,2548
2024-04,,공공부문,소계,부산,0
2024-04,,공공부문,소계,대구,0
2024-04,,공공부문,소계,광주,0
2024-04,,공공부문,소계,대전,0
2024-04,,공공부문,소계,울산,0
2024-04,,공공부문,소계,세종,0
2024-04,,공공부문,소계,강원,0
2024-04,,공공부문,소계,충북,0
2024-04,,공공부문,소계,충남,0
2024-04,,공공부문,소계,전북,150
2024-04,,공공부문,소계,전남,0
2024-04,,공공부문,소계,경북,0
2024-04,,공공부문,소계,경남,0
2024-04,,공공부문,소계,제주,0
2024-04,,합,국민임대,전국,0
2024-04,,합,국민임대,서울,0
2024-04,,합,국민임대,인천,0
2024-04,,합,국민임대,경기,0
2024-04,,합,국민임대,부산,0
2024-04,,합,국민임대,대구,0
2024-04,,합,국민임대,광주,0
2024-04,,합,국민임대,대전,0
2024-04,,합,국민임대,울산,0
2024-04,,합,국민임대,세종,0
2024-04,,합,국민임대,강원,0
2024-04,,합,국민임대,충북,0
2024-04,,합,국민임대,충남,0
2024-04,,합,국민임대,전북,0
2024-04,,합,국민임대,전남,0
2024-04,,합,국민임대,경북,0
2024-04,,합,국민임대,경남,0
2024-04,,합,국민임대,제주,0
2024-04,,합,공공임대,전국,603
2024-04,,합,공공임대,서울,1
2024-04,,합,공공임대,인천,0
2024-04,,합,공공임대,경기,452
2024-04,,합,공공임대,부산,0
2024-04,,합,공공임대,대구,0
2024-04,,합,공공임대,광주,0
2024-04,,합,공공임대,대전,0
2024-04,,합,공공임대,울산,0
2024-04,,합,공공임대,세종,0
2024-04,,합,공공임대,강원,0
2024-04,,합,공공임대,충북,0
2024-04,,합,공공임대,충남,0
2024-04,,합,공공임대,전북,150
2024-04,,합,공공임대,전남,0
2024-04,,합,공공임대,경북,0
2024-04,,합,공공임대,경남,0
2024-04,,합,공공임대,제주,0
2024-04,,합,공공분양,전국,2096
2024-04,,합,공공분양,서울,0
2024-04,,합,공공분양,인천,0
2024-04,,합,공공분양,경기,2096
2024-04,,합,공공분양,부산,0
2024-04,,합,공공분양,대구,0
2024-04,,합,공공분양,광주,0
2024-04,,합,공공분양,대전,0
2024-04,,합,공공분양,울산,0
2024-04,,합,공공분양,세종,0
2024-04,,합,공공분양,강원,0
2024-04,,합,공공분양,충북,0
2024-04,,합,공공분양,충남,0
2024-04,,합,공공분양,전북,0
2024-04,,합,공공분양,전남,0
2024-04,,합,공공분양,경북,0
2024-04,,합,공공분양,경남,0
2024-04,,합,공공분양,제주,0
2024-04,,지자체,소계,전국,0
2024-04,,지자체,소계,서울,0
2024-04,,지자체,소계,인천,0
2024-04,,지자체,소계,경기,0
2024-04,,지자체,소계,부산,0
2024-04,,지자체,소계,대구,0
2024-04,,지자체,소계,광주,0
2024-04,,지자체,소계,대전,0
2024-04,,지자체,소계,울산,0
2024-04,,지자체,소계,세종,0
2024-04,,지자체,소계,강원,0
2024-04,,지자체,소계,충북,0
2024-04,,지자체,소계,충남,0
2024-04,,지자체,소계,전북,0
2024-04,,지자체,소계,전남,0
2024-04,,지자체,소계,경북,0
2024-04,,지자체,소계,경남,0
2024-04,,지자체,소계,제주,0
2024-04,,지자체,국민임대,전국,0
2024-04,,지자체,국민임대,서울,0
2024-04,,지자체,국민임대,인천,0
2024-04,,지자체,국민임대,경기,0
2024-04,,지자체,국민임대,부산,0
2024-04,,지자체,국민임대,대구,0
2024-04,,지자체,국민임대,광주,0
2024-04,,지자체,국민임대,대전,0
2024-04,,지자체,국민임대,울산,0
2024-04,,지자체,국민임대,세종,0
2024-04,,지자체,국민임대,강원,0
2024-04,,지자체,국민임대,충북,0
2024-04,,지자체,국민임대,충남,0
2024-04,,지자체,국민임대,전북,0
2024-04,,지자체,국민임대,전남,0
2024-04,,지자체,국민임대,경북,0
2024-04,,지자체,국민임대,경남,0
2024-04,,지자체,국민임대,제주,0
2024-04,,지자체,공공임대,전국,0
2024-04,,지자체,공공임대,서울,0
2024-04,,지자체,공공임대,인천,0
2024-04,,지자체,공공임대,경기,0
2024-04,,지자체,공공임대,부산,0
2024-04,,지자체,공공임대,대구,0
2024-04,,지자체,공공임대,광주,0
2024-04,,지자체,공공임대,대전,0
2024-04,,지자체,공공임대,울산,0
2024-04,,지자체,공공임대,세종,0
2024-04,,지자체,공공임대,강원,0
2024-04,,지자체,공공임대,충북,0
2024-04,,지자체,공공임대,충남,0
2024-04,,지자체,공공임대,전북,0
2024-04,,지자체,공공임대,전남,0
2024-04,,지자체,공공임대,경북,0
2024-04,,지자체,공공임대,경남,0
2024-04,,지자체,공공임대,제주,0
2024-04,,지자체,공공분양,전국,0
2024-04,,지자체,공공분양,서울,0
2024-04,,지자체,공공분양,인천,0
2024-04,,지자체,공공분양,경기,0
2024-04,,지자체,공공분양,부산,0
2024-04,,지자체,공공분양,대구,0
2024-04,,지자체,공공분양,광주,0
2024-04,,지자체,공공분양,대전,0
2024-04,,지자체,공공분양,울산,0
2024-04,,지자체,공공분양,세종,0
2024-04,,지자체,공공분양,강원,0
2024-04,,지자체,공공분양,충북,0
2024-04,,지자체,공공분양,충남,0
2024-04,,지자체,공공분양,전북,0
2024-04,,지자체,공공분양,전남,0
2024-04,,지자체,공공분양,경북,0
2024-04,,지자체,공공분양,경남,0
2024-04,,지자체,공공분양,제주,0
2024-04,,LH,소계,전국,1019
2024-04,,LH,소계,서울,0
2024-04,,LH,소계,인천,0
2024-04,,LH,소계,경기,869
2024-04,,LH,소계,부산,0
2024-04,,LH,소계,대구,0
2024-04,,LH,소계,광주,0
2024-04,,LH,소계,대전,0
2024-04,,LH,소계,울산,0
2024-04,,LH,소계,세종,0
2024-04,,LH,소계,강원,0
2024-04,,LH,소계,충북,0
2024-04,,LH,소계,충남,0
2024-04,,LH,소계,전북,150
2024-04,,LH,소계,전남,0
2024-04,,LH,소계,경북,0
2024-04,,LH,소계,경남,0
2024-04,,LH,소계,제주,0
2024-04,,LH,국민임대,전국,0
2024-04,,LH,국민임대,서울,0
2024-04,,LH,국민임대,인천,0
2024-04,,LH,국민임대,경기,0
2024-04,,LH,국민임대,부산,0
2024-04,,LH,국민임대,대구,0
2024-04,,LH,국민임대,광주,0
2024-04,,LH,국민임대,대전,0
2024-04,,LH,국민임대,울산,0
2024-04,,LH,국민임대,세종,0
2024-04,,LH,국민임대,강원,0
2024-04,,LH,국민임대,충북,0
2024-04,,LH,국민임대,충남,0
2024-04,,LH,국민임대,전북,0
2024-04,,LH,국민임대,전남,0
2024-04,,LH,국민임대,경북,0
2024-04,,LH,국민임대,경남,0
2024-04,,LH,국민임대,제주,0
2024-04,,LH,공공임대,전국,150
2024-04,,LH,공공임대,서울,0
2024-04,,LH,공공임대,인천,0
2024-04,,LH,공공임대,경기,0
2024-04,,LH,공공임대,부산,0
2024-04,,LH,공공임대,대구,0
2024-04,,LH,공공임대,광주,0
2024-04,,LH,공공임대,대전,0
2024-04,,LH,공공임대,울산,0
2024-04,,LH,공공임대,세종,0
2024-04,,LH,공공임대,강원,0
2024-04,,LH,공공임대,충북,0
2024-04,,LH,공공임대,충남,0
2024-04,,LH,공공임대,전북,150
2024-04,,LH,공공임대,전남,0
2024-04,,LH,공공임대,경북,0
2024-04,,LH,공공임대,경남,0
2024-04,,LH,공공임대,제주,0
2024-04,,LH,공공분양,전국,869
2024-04,,LH,공공분양,서울,0
2024-04,,LH,공공분양,인천,0
2024-04,,LH,공공분양,경기,869
2024-04,,LH,공공분양,부산,0
2024-04,,LH,공공분양,대구,0
2024-04,,LH,공공분양,광주,0
2024-04,,LH,공공분양,대전,0
2024-04,,LH,공공분양,울산,0
2024-04,,LH,공공분양,세종,0
2024-04,,LH,공공분양,강원,0
2024-04,,LH,공공분양,충북,0
2024-04,,LH,공공분양,충남,0
2024-04,,LH,공공분양,전북,0
2024-04,,LH,공공분양,전남,0
2024-04,,LH,공공분양,경북,0
2024-04,,LH,공공분양,경남,0
2024-04,,LH,공공분양,제주,0
2024-04,,주택업체,소계,전국,1680
2024-04,,주택업체,소계,서울,1
2024-04,,주택업체,소계,인천,0
2024-04,,주택업체,소계,경기,1679
2024-04,,주택업체,소계,부산,0
2024-04,,주택업체,소계,대구,0
2024-04,,주택업체,소계,광주,0
2024-04,,주택업체,소계,대전,0
2024-04,,주택업체,소계,울산,0
2024-04,,주택업체,소계,세종,0
2024-04,,주택업체,소계,강원,0
2024-04,,주택업체,소계,충북,0
2024-04,,주택업체,소계,충남,0
2024-04,,주택업체,소계,전북,0
2024-04,,주택업체,소계,전남,0
2024-04,,주택업체,소계,경북,0
2024-04,,주택업체,소계,경남,0
2024-04,,주택업체,소계,제주,0
2024-04,,주택업체,국민임대,전국,0
2024-04,,주택업체,국민임대,서울,0
2024-04,,주택업체,국민임대,인천,0
2024-04,,주택업체,국민임대,경기,0
2024-04,,주택업체,국민임대,부산,0
2024-04,,주택업체,국민임대,대구,0
2024-04,,주택업체,국민임대,광주,0
2024-04,,주택업체,국민임대,대전,0
2024-04,,주택업체,국민임대,울산,0
2024-04,,주택업체,국민임대,세종,0
2024-04,,주택업체,국민임대,강원,0
2024-04,,주택업체,국민임대,충북,0
2024-04,,주택업체,국민임대,충남,0
2024-04,,주택업체,국민임대,전북,0
2024-04,,주택업체,국민임대,전남,0
2024-04,,주택업체,국민임대,경북,0
2024-04,,주택업체,국민임대,경남,0
2024-04,,주택업체,국민임대,제주,0
2024-04,,주택업체,공공임대,전국,453
2024-04,,주택업체,공공임대,서울,1
2024-04,,주택업체,공공임대,인천,0
2024-04,,주택업체,공공임대,경기,452
2024-04,,주택업체,공공임대,부산,0
2024-04,,주택업체,공공임대,대구,0
2024-04,,주택업체,공공임대,광주,0
2024-04,,주택업체,공공임대,대전,0
2024-04,,주택업체,공공임대,울산,0
2024-04,,주택업체,공공임대,세종,0
2024-04,,주택업체,공공임대,강원,0
2024-04,,주택업체,공공임대,충북,0
2024-04,,주택업체,공공임대,충남,0
2024-04,,주택업체,공공임대,전북,0
2024-04,,주택업체,공공임대,전남,0
2024-04,,주택업체,공공임대,경북,0
2024-04,,주택업체,공공임대,경남,0
2024-04,,주택업체,공공임대,제주,0
2024-04,,주택업체,공공분양,전국,1227
2024-04,,주택업체,공공분양,서울,0
2024-04,,주택업체,공공분양,인천,0
2024-04,,주택업체,공공분양,경기,1227
2024-04,,주택업체,공공분양,부산,0
2024-04,,주택업체,공공분양,대구,0
2024-04,,주택업체,공공분양,광주,0
2024-04,,주택업체,공공분양,대전,0
2024-04,,주택업체,공공분양,울산,0
2024-04,,주택업체,공공분양,세종,0
2024-04,,주택업체,공공분양,강원,0
2024-04,,주택업체,공공분양,충북,0
2024-04,,주택업체,공공분양,충남,0
2024-04,,주택업체,공공분양,전북,0
2024-04,,주택업체,공공분양,전남,0
2024-04,,주택업체,공공분양,경북,0
2024-04,,주택업체,공공분양,경남,0
2024-04,,주택업체,공공분양,제주,0
2024-04,,민간부문,소계,전국,28597
2024-04,,민간부문,소계,서울,1532
2024-04,,민간부문,소계,인천,292
2024-04,,민간부문,소계,경기,5618
2024-04,,민간부문,소계,부산,228
2024-04,,민간부문,소계,대구,3293
2024-04,,민간부문,소계,광주,4714
2024-04,,민간부문,소계,대전,2869
2024-04,,민간부문,소계,울산,46
2024-04,,민간부문,소계,세종,8
2024-04,,민간부문,소계,강원,1048
2024-04,,민간부문,소계,충북,3432
2024-04,,민간부문,소계,충남,179
2024-04,,민간부문,소계,전북,827
2024-04,,민간부문,소계,전남,531
2024-04,,민간부문,소계,경북,2610
2024-04,,민간부문,소계,경남,1065
2024-04,,민간부문,소계,제주,305
2024-04,,민간,민간임대,전국,6412
2024-04,,민간,민간임대,서울,0
2024-04,,민간,민간임대,인천,0
2024-04,,민간,민간임대,경기,585
2024-04,,민간,민간임대,부산,0
2024-04,,민간,민간임대,대구,0
2024-04,,민간,민간임대,광주,0
2024-04,,민간,민간임대,대전,1791
2024-04,,민간,민간임대,울산,0
2024-04,,민간,민간임대,세종,0
2024-04,,민간,민간임대,강원,0
2024-04,,민간,민간임대,충북,3288
2024-04,,민간,민간임대,충남,0
2024-04,,민간,민간임대,전북,748
2024-04,,민간,민간임대,전남,0
2024-04,,민간,민간임대,경북,0
2024-04,,민간,민간임대,경남,0
2024-04,,민간,민간임대,제주,0
2024-04,,민간,민간분양,전국,22185
2024-04,,민간,민간분양,서울,1532
2024-04,,민간,민간분양,인천,292
2024-04,,민간,민간분양,경기,5033
2024-04,,민간,민간분양,부산,228
2024-04,,민간,민간분양,대구,3293
2024-04,,민간,민간분양,광주,4714
2024-04,,민간,민간분양,대전,1078
2024-04,,민간,민간분양,울산,46
2024-04,,민간,민간분양,세종,8
2024-04,,민간,민간분양,강원,1048
2024-04,,민간,민간분양,충북,144
2024-04,,민간,민간분양,충남,179
2024-04,,민간,민간분양,전북,79
2024-04,,민간,민간분양,전남,531
2024-04,,민간,민간분양,경북,2610
2024-04,,민간,민간분양,경남,1065
2024-04,,민간,민간분양,제주,305
2024-05,,총계,총계,전국,21590
2024-05,,총계,총계,서울,1025
2024-05,,총계,총계,인천,75
2024-05,,총계,총계,경기,6381
2024-05,,총계,총계,부산,1415
2024-05,,총계,총계,대구,1277
2024-05,,총계,총계,광주,17
2024-05,,총계,총계,대전,29
2024-05,,총계,총계,울산,686
2024-05,,총계,총계,세종,8
2024-05,,총계,총계,강원,2041
2024-05,,총계,총계,충북,754
2024-05,,총계,총계,충남,133
2024-05,,총계,총계,전북,975
2024-05,,총계,총계,전남,2654
2024-05,,총계,총계,경북,837
2024-05,,총계,총계,경남,3144
2024-05,,총계,총계,제주,139
2024-05,,공공부문,소계,전국,3495
2024-05,,공공부문,소계,서울,0
2024-05,,공공부문,소계,인천,0
2024-05,,공공부문,소계,경기,1500
2024-05,,공공부문,소계,부산,449
2024-05,,공공부문,소계,대구,1
2024-05,,공공부문,소계,광주,0
2024-05,,공공부문,소계,대전,0
2024-05,,공공부문,소계,울산,0
2024-05,,공공부문,소계,세종,0
2024-05,,공공부문,소계,강원,0
2024-05,,공공부문,소계,충북,0
2024-05,,공공부문,소계,충남,0
2024-05,,공공부문,소계,전북,150
2024-05,,공공부문,소계,전남,300
2024-05,,공공부문,소계,경북,42
2024-05,,공공부문,소계,경남,1053
2024-05,,공공부문,소계,제주,0
2024-05,,합,국민임대,전국,492
2024-05,,합,국민임대,서울,0
2024-05,,합,국민임대,인천,0
2024-05,,합,국민임대,경기,0
2024-05,,합,국민임대,부산,449
2024-05,,합,국민임대,대구,1
2024-05,,합,국민임대,광주,0
2024-05,,합,국민임대,대전,0
2024-05,,합,국민임대,울산,0
2024-05,,합,국민임대,세종,0
2024-05,,합,국민임대,강원,0
2024-05,,합,국민임대,충북,0
2024-05,,합,국민임대,충남,0
2024-05,,합,국민임대,전북,0
2024-05,,합,국민임대,전남,0
2024-05,,합,국민임대,경북,42
2024-05,,합,국민임대,경남,0
2024-05,,합,국민임대,제주,0
2024-05,,합,공공임대,전국,3003
2024-05,,합,공공임대,서울,0
2024-05,,합,공공임대,인천,0
2024-05,,합,공공임대,경기,1500
2024-05,,합,공공임대,부산,0
2024-05,,합,공공임대,대구,0
2024-05,,합,공공임대,광주,0
2024-05,,합,공공임대,대전,0
2024-05,,합,공공임대,울산,0
2024-05,,합,공공임대,세종,0
2024-05,,합,공공임대,강원,0
2024-05,,합,공공임대,충북,0
2024-05,,합,공공임대,충남,0
2024-05,,합,공공임대,전북,150
2024-05,,합,공공임대,전남,300
2024-05,,합,공공임대,경북,0
2024-05,,합,공공임대,경남,1053
2024-05,,합,공공임대,제주,0
2024-05,,합,공공분양,전국,0
2024-05,,합,공공분양,서울,0
2024-05,,합,공공분양,인천,0
2024-05,,합,공공분양,경기,0
2024-05,,합,공공분양,부산,0
2024-05,,합,공공분양,대구,0
2024-05,,합,공공분양,광주,0
2024-05,,합,공공분양,대전,0
2024-05,,합,공공분양,울산,0
2024-05,,합,공공분양,세종,0
2024-05,,합,공공분양,강원,0
2024-05,,합,공공분양,충북,0
2024-05,,합,공공분양,충남,0
2024-05,,합,공공분양,전북,0
2024-05,,합,공공분양,전남,0
2024-05,,합,공공분양,경북,0
2024-05,,합,공공분양,경남,0
2024-05,,합,공공분양,제주,0
2024-05,,지자체,소계,전국,0
2024-05,,지자체,소계,서울,0
2024-05,,지자체,소계,인천,0
2024-05,,지자체,소계,경기,0
2024-05,,지자체,소계,부산,0
2024-05,,지자체,소계,대구,0
2024-05,,지자체,소계,광주,0
2024-05,,지자체,소계,대전,0
2024-05,,지자체,소계,울산,0
2024-05,,지자체,소계,세종,0
2024-05,,지자체,소계,강원,0
2024-05,,지자체,소계,충북,0
2024-05,,지자체,소계,충남,0
2024-05,,지자체,소계,전북,0
2024-05,,지자체,소계,전남,0
2024-05,,지자체,소계,경북,0
2024-05,,지자체,소계,경남,0
2024-05,,지자체,소계,제주,0
2024-05,,지자체,국민임대,전국,0
2024-05,,지자체,국민임대,서울,0
2024-05,,지자체,국민임대,인천,0
2024-05,,지자체,국민임대,경기,0
2024-05,,지자체,국민임대,부산,0
2024-05,,지자체,국민임대,대구,0
2024-05,,지자체,국민임대,광주,0
2024-05,,지자체,국민임대,대전,0
2024-05,,지자체,국민임대,울산,0
2024-05,,지자체,국민임대,세종,0
2024-05,,지자체,국민임대,강원,0
2024-05,,지자체,국민임대,충북,0
2024-05,,지자체,국민임대,충남,0
2024-05,,지자체,국민임대,전북,0
2024-05,,지자체,국민임대,전남,0
2024-05,,지자체,국민임대,경북,0
2024-05,,지자체,국민임대,경남,0
2024-05,,지자체,국민임대,제주,0
2024-05,,지자체,공공임대,전국,0
2024-05,,지자체,공공임대,서울,0
2024-05,,지자체,공공임대,인천,0
2024-05,,지자체,공공임대,경기,0
2024-05,,지자체,공공임대,부산,0
2024-05,,지자체,공공임대,대구,0
2024-05,,지자체,공공임대,광주,0
2024-05,,지자체,공공임대,대전,0
2024-05,,지자체,공공임대,울산,0
2024-05,,지자체,공공임대,세종,0
2024-05,,지자체,공공임대,강원,0
2024-05,,지자체,공공임대,충북,0
2024-05,,지자체,공공임대,충남,0
2024-05,,지자체,공공임대,전북,0
2024-05,,지자체,공공임대,전남,0
2024-05,,지자체,공공임대,경북,0
2024-05,,지자체,공공임대,경남,0
2024-05,,지자체,공공임대,제주,0
2024-05,,지자체,공공분양,전국,0
2024-05,,지자체,공공분양,서울,0
2024-05,,지자체,공공분양,인천,0
2024-05,,지자체,공공분양,경기,0
2024-05,,지자체,공공분양,부산,0
2024-05,,지자체,공공분양,대구,0
2024-05,,지자체,공공분양,광주,0
2024-05,,지자체,공공분양,대전,0
2024-05,,지자체,공공분양,울산,0
2024-05,,지자체,공공분양,세종,0
2024-05,,지자체,공공분양,강원,0
2024-05,,지자체,공공분양,충북,0
2024-05,,지자체,공공분양,충남,0
2024-05,,지자체,공공분양,전북,0
2024-05,,지자체,공공분양,전남,0
2024-05,,지자체,공공분양,경북,0
2024-05,,지자체,공공분양,경남,0
2024-05,,지자체,공공분양,제주,0
2024-05,,LH,소계,전국,642
2024-05,,LH,소계,서울,0
2024-05,,LH,소계,인천,0
2024-05,,LH,소계,경기,0
2024-05,,LH,소계,부산,0
2024-05,,LH,소계,대구,0
2024-05,,LH,소계,광주,0
2024-05,,LH,소계,대전,0
2024-05,,LH,소계,울산,0
2024-05,,LH,소계,세종,0
2024-05,,LH,소계,강원,0
2024-05,,LH,소계,충북,0
2024-05,,LH,소계,충남,0
2024-05,,LH,소계,전북,150
2024-05,,LH,소계,전남,300
2024-05,,LH,소계,경북,42
2024-05,,LH,소계,경남,150
2024-05,,LH,소계,제주,0
2024-05,,LH,국민임대,전국,42
2024-05,,LH,국민임대,서울,0
2024-05,,LH,국민임대,인천,0
2024-05,,LH,국민임대,경기,0
2024-05,,LH,국민임대,부산,0
2024-05,,LH,국민임대,대구,0
2024-05,,LH,국민임대,광주,0
2024-05,,LH,국민임대,대전,0
2024-05,,LH,국민임대,울산,0
2024-05,,LH,국민임대,세종,0
2024-05,,LH,국민임대,강원,0
2024-05,,LH,국민임대,충북,0
2024-05,,LH,국민임대,충남,0
2024-05,,LH,국민임대,전북,0
2024-05,,LH,국민임대,전남,0
2024-05,,LH,국민임대,경북,42
2024-05,,LH,국민임대,경남,0
2024-05,,LH,국민임대,제주,0
2024-05,,LH,공공임대,전국,600
2024-05,,LH,공공임대,서울,0
2024-05,,LH,공공임대,인천,0
2024-05,,LH,공공임대,경기,0
2024-05,,LH,공공임대,부산,0
2024-05,,LH,공공임대,대구,0
2024-05,,LH,공공임대,광주,0
2024-05,,LH,공공임대,대전,0
2024-05,,LH,공공임대,울산,0
2024-05,,LH,공공임대,세종,0
2024-05,,LH,공공임대,강원,0
2024-05,,LH,공공임대,충북,0
2024-05,,LH,공공임대,충남,0
2024-05,,LH,공공임대,전북,150
2024-05,,LH,공공임대,전남,300
2024-05,,LH,공공임대,경북,0
2024-05,,LH,공공임대,경남,150
2024-05,,LH,공공임대,제주,0
2024-05,,LH,공공분양,전국,0
2024-05,,LH,공공분양,서울,0
2024-05,,LH,공공분양,인천,0
2024-05,,LH,공공분양,경기,0
2024-05,,LH,공공분양,부산,0
2024-05,,LH,공공분양,대구,0
2024-05,,LH,공공분양,광주,0
2024-05,,LH,공공분양,대전,0
2024-05,,LH,공공분양,울산,0
2024-05,,LH,공공분양,세종,0
2024-05,,LH,공공분양,강원,0
2024-05,,LH,공공분양,충북,0
2024-05,,LH,공공분양,충남,0
2024-05,,LH,공공분양,전북,0
2024-05,,LH,공공분양,전남,0
2024-05,,LH,공공분양,경북,0
2024-05,,LH,공공분양,경남,0
2024-05,,LH,공공분양,제주,0
2024-05,,주택업체,소계,전국,2853
2024-05,,주택업체,소계,서울,0
2024-05,,주택업체,소계,인천,0
2024-05,,주택업체,소계,경기,1500
2024-05,,주택업체,소계,부산,449
2024-05,,주택업체,소계,대구,1
2024-05,,주택업체,소계,광주,0
2024-05,,주택업체,소계,대전,0
2024-05,,주택업체,소계,울산,0
2024-05,,주택업체,소계,세종,0
2024-05,,주택업체,소계,강원,0
2024-05,,주택업체,소계,충북,0
2024-05,,주택업체,소계,충남,0
2024-05,,주택업체,소계,전북,0
2024-05,,주택업체,소계,전남,0
2024-05,,주택업체,소계,경북,0
2024-05,,주택업체,소계,경남,903
2024-05,,주택업체,소계,제주,0
2024-05,,주택업체,국민임대,전국,450
2024-05,,주택업체,국민임대,서울,0
2024-05,,주택업체,국민임대,인천,0
2024-05,,주택업체,국민임대,경기,0
2024-05,,주택업체,국민임대,부산,449
2024-05,,주택업체,국민임대,대구,1
2024-05,,주택업체,국민임대,광주,0
2024-05,,주택업체,국민임대,대전,0
2024-05,,주택업체,국민임대,울산,0
2024-05,,주택업체,국민임대,세종,0
2024-05,,주택업체,국민임대,강원,0
2024-05,,주택업체,국민임대,충북,0
2024-05,,주택업체,국민임대,충남,0
2024-05,,주택업체,국민임대,전북,0
2024-05,,주택업체,국민임대,전남,0
2024-05,,주택업체,국민임대,경북,0
2024-05,,주택업체,국민임대,경남,0
2024-05,,주택업체,국민임대,제주,0
2024-05,,주택업체,공공임대,전국,2403
2024-05,,주택업체,공공임대,서울,0
2024-05,,주택업체,공공임대,인천,0
2024-05,,주택업체,공공임대,경기,1500
2024-05,,주택업체,공공임대,부산,0
2024-05,,주택업체,공공임대,대구,0
2024-05,,주택업체,공공임대,광주,0
2024-05,,주택업체,공공임대,대전,0
2024-05,,주택업체,공공임대,울산,0
2024-05,,주택업체,공공임대,세종,0
2024-05,,주택업체,공공임대,강원,0
2024-05,,주택업체,공공임대,충북,0
2024-05,,주택업체,공공임대,충남,0
2024-05,,주택업체,공공임대,전북,0
2024-05,,주택업체,공공임대,전남,0
2024-05,,주택업체,공공임대,경북,0
2024-05,,주택업체,공공임대,경남,903
2024-05,,주택업체,공공임대,제주,0
2024-05,,주택업체,공공분양,전국,0
2024-05,,주택업체,공공분양,서울,0
2024-05,,주택업체,공공분양,인천,0
2024-05,,주택업체,공공분양,경기,0
2024-05,,주택업체,공공분양,부산,0
2024-05,,주택업체,공공분양,대구,0
2024-05,,주택업체,공공분양,광주,0
2024-05,,주택업체,공공분양,대전,0
2024-05,,주택업체,공공분양,울산,0
2024-05,,주택업체,공공분양,세종,0
2024-05,,주택업체,공공분양,강원,0
2024-05,,주택업체,공공분양,충북,0
2024-05,,주택업체,공공분양,충남,0
2024-05,,주택업체,공공분양,전북,0
2024-05,,주택업체,공공분양,전남,0
2024-05,,주택업체,공공분양,경북,0
2024-05,,주택업체,공공분양,경남,0
2024-05,,주택업체,공공분양,제주,0
2024-05,,민간부문,소계,전국,18095
2024-05,,민간부문,소계,서울,1025
2024-05,,민간부문,소계,인천,75
2024-05,,민간부문,소계,경기,4881
2024-05,,민간부문,소계,부산,966
2024-05,,민간부문,소계,대구,1276
2024-05,,민간부문,소계,광주,17
2024-05,,민간부문,소계,대전,29
2024-05,,민간부문,소계,울산,686
2024-05,,민간부문,소계,세종,8
2024-05,,민간부문,소계,강원,2041
2024-05,,민간부문,소계,충북,754
2024-05,,민간부문,소계,충남,133
2024-05,,민간부문,소계,전북,825
2024-05,,민간부문,소계,전남,2354
2024-05,,민간부문,소계,경북,795
2024-05,,민간부문,소계,경남,2091
2024-05,,민간부문,소계,제주,139
2024-05,,민간,민간임대,전국,575
2024-05,,민간,민간임대,서울,0
2024-05,,민간,민간임대,인천,0
2024-05,,민간,민간임대,경기,0
2024-05,,민간,민간임대,부산,0
2024-05,,민간,민간임대,대구,0
2024-05,,민간,민간임대,광주,0
2024-05,,민간,민간임대,대전,0
2024-05,,민간,민간임대,울산,0
2024-05,,민간,민간임대,세종,0
2024-05,,민간,민간임대,강원,0
2024-05,,민간,민간임대,충북,0
2024-05,,민간,민간임대,충남,0
2024-05,,민간,민간임대,전북,0
2024-05,,민간,민간임대,전남,486
2024-05,,민간,민간임대,경북,89
2024-05,,민간,민간임대,경남,0
2024-05,,민간,민간임대,제주,0
2024-05,,민간,민간분양,전국,17520
2024-05,,민간,민간분양,서울,1025
2024-05,,민간,민간분양,인천,75
2024-05,,민간,민간분양,경기,4881
2024-05,,민간,민간분양,부산,966
2024-05,,민간,민간분양,대구,1276
2024-05,,민간,민간분양,광주,17
2024-05,,민간,민간분양,대전,29
2024-05,,민간,민간분양,울산,686
2024-05,,민간,민간분양,세종,8
2024-05,,민간,민간분양,강원,2041
2024-05,,민간,민간분양,충북,754
2024-05,,민간,민간분양,충남,133
2024-05,,민간,민간분양,전북,825
2024-05,,민간,민간분양,전남,1868
2024-05,,민간,민간분양,경북,706
2024-05,,민간,민간분양,경남,2091
2024-05,,민간,민간분양,제주,139
2024-06,,총계,총계,전국,32743
2024-06,,총계,총계,서울,1810
2024-06,,총계,총계,인천,1150
2024-06,,총계,총계,경기,12008
2024-06,,총계,총계,부산,2421
2024-06,,총계,총계,대구,3678
2024-06,,총계,총계,광주,53
2024-06,,총계,총계,대전,1650
2024-06,,총계,총계,울산,994
2024-06,,총계,총계,세종,1358
2024-06,,총계,총계,강원,644
2024-06,,총계,총계,충북,152
2024-06,,총계,총계,충남,1173
2024-06,,총계,총계,전북,147
2024-06,,총계,총계,전남,1796
2024-06,,총계,총계,경북,2229
2024-06,,총계,총계,경남,1024
2024-06,,총계,총계,제주,456
2024-06,,공공부문,소계,전국,1328
2024-06,,공공부문,소계,서울,0
2024-06,,공공부문,소계,인천,0
2024-06,,공공부문,소계,경기,0
2024-06,,공공부문,소계,부산,0
2024-06,,공공부문,소계,대구,0
2024-06,,공공부문,소계,광주,0
2024-06,,공공부문,소계,대전,1328
2024-06,,공공부문,소계,울산,0
2024-06,,공공부문,소계,세종,0
2024-06,,공공부문,소계,강원,0
2024-06,,공공부문,소계,충북,0
2024-06,,공공부문,소계,충남,0
2024-06,,공공부문,소계,전북,0
2024-06,,공공부문,소계,전남,0
2024-06,,공공부문,소계,경북,0
2024-06,,공공부문,소계,경남,0
2024-06,,공공부문,소계,제주,0
2024-06,,합,국민임대,전국,0
2024-06,,합,국민임대,서울,0
2024-06,,합,국민임대,인천,0
2024-06,,합,국민임대,경기,0
2024-06,,합,국민임대,부산,0
2024-06,,합,국민임대,대구,0
2024-06,,합,국민임대,광주,0
2024-06,,합,국민임대,대전,0
2024-06,,합,국민임대,울산,0
2024-06,,합,국민임대,세종,0
2024-06,,합,국민임대,강원,0
2024-06,,합,국민임대,충북,0
2024-06,,합,국민임대,충남,0
2024-06,,합,국민임대,전북,0
2024-06,,합,국민임대,전남,0
2024-06,,합,국민임대,경북,0
2024-06,,합,국민임대,경남,0
2024-06,,합,국민임대,제주,0
2024-06,,합,공공임대,전국,0
2024-06,,합,공공임대,서울,0
2024-06,,합,공공임대,인천,0
2024-06,,합,공공임대,경기,0
2024-06,,합,공공임대,부산,0
2024-06,,합,공공임대,대구,0
2024-06,,합,공공임대,광주,0
2024-06,,합,공공임대,대전,0
2024-06,,합,공공임대,울산,0
2024-06,,합,공공임대,세종,0
2024-06,,합,공공임대,강원,0
2024-06,,합,공공임대,충북,0
2024-06,,합,공공임대,충남,0
2024-06,,합,공공임대,전북,0
2024-06,,합,공공임대,전남,0
2024-06,,합,공공임대,경북,0
2024-06,,합,공공임대,경남,0
2024-06,,합,공공임대,제주,0
2024-06,,합,공공분양,전국,1328
2024-06,,합,공공분양,서울,0
2024-06,,합,공공분양,인천,0
2024-06,,합,공공분양,경기,0
2024-06,,합,공공분양,부산,0
2024-06,,합,공공분양,대구,0
2024-06,,합,공공분양,광주,0
2024-06,,합,공공분양,대전,1328
2024-06,,합,공공분양,울산,0
2024-06,,합,공공분양,세종,0
2024-06,,합,공공분양,강원,0
2024-06,,합,공공분양,충북,0
2024-06,,합,공공분양,충남,0
2024-06,,합,공공분양,전북,0
2024-06,,합,공공분양,전남,0
2024-06,,합,공공분양,경북,0
2024-06,,합,공공분양,경남,0
2024-06,,합,공공분양,제주,0
2024-06,,지자체,소계,전국,0
2024-06,,지자체,소계,서울,0
2024-06,,지자체,소계,인천,0
2024-06,,지자체,소계,경기,0
2024-06,,지자체,소계,부산,0
2024-06,,지자체,소계,대구,0
2024-06,,지자체,소계,광주,0
2024-06,,지자체,소계,대전,0
2024-06,,지자체,소계,울산,0
2024-06,,지자체,소계,세종,0
2024-06,,지자체,소계,강원,0
2024-06,,지자체,소계,충북,0
2024-06,,지자체,소계,충남,0
2024-06,,지자체,소계,전북,0
2024-06,,지자체,소계,전남,0
2024-06,,지자체,소계,경북,0
2024-06,,지자체,소계,경남,0
2024-06,,지자체,소계,제주,0
2024-06,,지자체,국민임대,전국,0
2024-06,,지자체,국민임대,서울,0
2024-06,,지자체,국민임대,인천,0
2024-06,,지자체,국민임대,경기,0
2024-06,,지자체,국민임대,부산,0
2024-06,,지자체,국민임대,대구,0
2024-06,,지자체,국민임대,광주,0
2024-06,,지자체,국민임대,대전,0
2024-06,,지자체,국민임대,울산,0
2024-06,,지자체,국민임대,세종,0
2024-06,,지자체,국민임대,강원,0
2024-06,,지자체,국민임대,충북,0
2024-06,,지자체,국민임대,충남,0
2024-06,,지자체,국민임대,전북,0
2024-06,,지자체,국민임대,전남,0
2024-06,,지자체,국민임대,경북,0
2024-06,,지자체,국민임대,경남,0
2024-06,,지자체,국민임대,제주,0
2024-06,,지자체,공공임대,전국,0
2024-06,,지자체,공공임대,서울,0
2024-06,,지자체,공공임대,인천,0
2024-06,,지자체,공공임대,경기,0
2024-06,,지자체,공공임대,부산,0
2024-06,,지자체,공공임대,대구,0
2024-06,,지자체,공공임대,광주,0
2024-06,,지자체,공공임대,대전,0
2024-06,,지자체,공공임대,울산,0
2024-06,,지자체,공공임대,세종,0
2024-06,,지자체,공공임대,강원,0
2024-06,,지자체,공공임대,충북,0
2024-06,,지자체,공공임대,충남,0
2024-06,,지자체,공공임대,전북,0
2024-06,,지자체,공공임대,전남,0
2024-06,,지자체,공공임대,경북,0
2024-06,,지자체,공공임대,경남,0
2024-06,,지자체,공공임대,제주,0
2024-06,,지자체,공공분양,전국,0
2024-06,,지자체,공공분양,서울,0
2024-06,,지자체,공공분양,인천,0
2024-06,,지자체,공공분양,경기,0
2024-06,,지자체,공공분양,부산,0
2024-06,,지자체,공공분양,대구,0
2024-06,,지자체,공공분양,광주,0
2024-06,,지자체,공공분양,대전,0
2024-06,,지자체,공공분양,울산,0
2024-06,,지자체,공공분양,세종,0
2024-06,,지자체,공공분양,강원,0
2024-06,,지자체,공공분양,충북,0
2024-06,,지자체,공공분양,충남,0
2024-06,,지자체,공공분양,전북,0
2024-06,,지자체,공공분양,전남,0
2024-06,,지자체,공공분양,경북,0
2024-06,,지자체,공공분양,경남,0
2024-06,,지자체,공공분양,제주,0
2024-06,,LH,소계,전국,1328
2024-06,,LH,소계,서울,0
2024-06,,LH,소계,인천,0
2024-06,,LH,소계,경기,0
2024-06,,LH,소계,부산,0
2024-06,,LH,소계,대구,0
2024-06,,LH,소계,광주,0
2024-06,,LH,소계,대전,1328
2024-06,,LH,소계,울산,0
2024-06,,LH,소계,세종,0
2024-06,,LH,소계,강원,0
2024-06,,LH,소계,충북,0
2024-06,,LH,소계,충남,0
2024-06,,LH,소계,전북,0
2024-06,,LH,소계,전남,0
2024-06,,LH,소계,경북,0
2024-06,,LH,소계,경남,0
2024-06,,LH,소계,제주,0
2024-06,,LH,국민임대,전국,0
2024-06,,LH,국민임대,서울,0
2024-06,,LH,국민임대,인천,0
2024-06,,LH,국민임대,경기,0
2024-06,,LH,국민임대,부산,0
2024-06,,LH,국민임대,대구,0
2024-06,,LH,국민임대,광주,0
2024-06,,LH,국민임대,대전,0
2024-06,,LH,국민임대,울산,0
2024-06,,LH,국민임대,세종,0
2024-06,,LH,국민임대,강원,0
2024-06,,LH,국민임대,충북,0
2024-06,,LH,국민임대,충남,0
2024-06,,LH,국민임대,전북,0
2024-06,,LH,국민임대,전남,0
2024-06,,LH,국민임대,경북,0
2024-06,,LH,국민임대,경남,0
2024-06,,LH,국민임대,제주,0
2024-06,,LH,공공임대,전국,0
2024-06,,LH,공공임대,서울,0
2024-06,,LH,공공임대,인천,0
2024-06,,LH,공공임대,경기,0
2024-06,,LH,공공임대,부산,0
2024-06,,LH,공공임대,대구,0
2024-06,,LH,공공임대,광주,0
2024-06,,LH,공공임대,대전,0
2024-06,,LH,공공임대,울산,0
2024-06,,LH,공공임대,세종,0
2024-06,,LH,공공임대,강원,0
2024-06,,LH,공공임대,충북,0
2024-06,,LH,공공임대,충남,0
2024-06,,LH,공공임대,전북,0
2024-06,,LH,공공임대,전남,0
2024-06,,LH,공공임대,경북,0
2024-06,,LH,공공임대,경남,0
2024-06,,LH,공공임대,제주,0
2024-06,,LH,공공분양,전국,1328
2024-06,,LH,공공분양,서울,0
2024-06,,LH,공공분양,인천,0
2024-06,,LH,공공분양,경기,0
2024-06,,LH,공공분양,부산,0
2024-06,,LH,공공분양,대구,0
2024-06,,LH,공공분양,광주,0
2024-06,,LH,공공분양,대전,1328
2024-06,,LH,공공분양,울산,0
2024-06,,LH,공공분양,세종,0
2024-06,,LH,공공분양,강원,0
2024-06,,LH,공공분양,충북,0
2024-06,,LH,공공분양,충남,0
2024-06,,LH,공공분양,전북,0
2024-06,,LH,공공분양,전남,0
2024-06,,LH,공공분양,경북,0
2024-06,,LH,공공분양,경남,0
2024-06,,LH,공공분양,제주,0
2024-06,,주택업체,소계,전국,0
2024-06,,주택업체,소계,서울,0
2024-06,,주택업체,소계,인천,0
2024-06,,주택업체,소계,경기,0
2024-06,,주택업체,소계,부산,0
2024-06,,주택업체,소계,대구,0
2024-06,,주택업체,소계,광주,0
2024-06,,주택업체,소계,대전,0
2024-06,,주택업체,소계,울산,0
2024-06,,주택업체,소계,세종,0
2024-06,,주택업체,소계,강원,0
2024-06,,주택업체,소계,충북,0
2024-06,,주택업체,소계,충남,0
2024-06,,주택업체,소계,전북,0
2024-06,,주택업체,소계,전남,0
2024-06,,주택업체,소계,경북,0
2024-06,,주택업체,소계,경남,0
2024-06,,주택업체,소계,제주,0
2024-06,,주택업체,국민임대,전국,0
2024-06,,주택업체,국민임대,서울,0
2024-06,,주택업체,국민임대,인천,0
2024-06,,주택업체,국민임대,경기,0
2024-06,,주택업체,국민임대,부산,0
2024-06,,주택업체,국민임대,대구,0
2024-06,,주택업체,국민임대,광주,0
2024-06,,주택업체,국민임대,대전,0
2024-06,,주택업체,국민임대,울산,0
2024-06,,주택업체,국민임대,세종,0
2024-06,,주택업체,국민임대,강원,0
2024-06,,주택업체,국민임대,충북,0
2024-06,,주택업체,국민임대,충남,0
2024-06,,주택업체,국민임대,전북,0
2024-06,,주택업체,국민임대,전남,0
2024-06,,주택업체,국민임대,경북,0
2024-06,,주택업체,국민임대,경남,0
2024-06,,주택업체,국민임대,제주,0
2024-06,,주택업체,공공임대,전국,0
2024-06,,주택업체,공공임대,서울,0
2024-06,,주택업체,공공임대,인천,0
2024-06,,주택업체,공공임대,경기,0
2024-06,,주택업체,공공임대,부산,0
2024-06,,주택업체,공공임대,대구,0
2024-06,,주택업체,공공임대,광주,0
2024-06,,주택업체,공공임대,대전,0
2024-06,,주택업체,공공임대,울산,0
2024-06,,주택업체,공공임대,세종,0
2024-06,,주택업체,공공임대,강원,0
2024-06,,주택업체,공공임대,충북,0
2024-06,,주택업체,공공임대,충남,0
2024-06,,주택업체,공공임대,전북,0
2024-06,,주택업체,공공임대,전남,0
2024-06,,주택업체,공공임대,경북,0
2024-06,,주택업체,공공임대,경남,0
2024-06,,주택업체,공공임대,제주,0
2024-06,,주택업체,공공분양,전국,0
2024-06,,주택업체,공공분양,서울,0
2024-06,,주택업체,공공분양,인천,0
2024-06,,주택업체,공공분양,경기,0
2024-06,,주택업체,공공분양,부산,0
2024-06,,주택업체,공공분양,대구,0
2024-06,,주택업체,공공분양,광주,0
2024-06,,주택업체,공공분양,대전,0
2024-06,,주택업체,공공분양,울산,0
2024-06,,주택업체,공공분양,세종,0
2024-06,,주택업체,공공분양,강원,0
2024-06,,주택업체,공공분양,충북,0
2024-06,,주택업체,공공분양,충남,0
2024-06,,주택업체,공공분양,전북,0
2024-06,,주택업체,공공분양,전남,0
2024-06,,주택업체,공공분양,경북,0
2024-06,,주택업체,공공분양,경남,0
2024-06,,주택업체,공공분양,제주,0
2024-06,,민간부문,소계,전국,31415
2024-06,,민간부문,소계,서울,1810
2024-06,,민간부문,소계,인천,1150
2024-06,,민간부문,소계,경기,12008
2024-06,,민간부문,소계,부산,2421
2024-06,,민간부문,소계,대구,3678
2024-06,,민간부문,소계,광주,53
2024-06,,민간부문,소계,대전,322
2024-06,,민간부문,소계,울산,994
2024-06,,민간부문,소계,세종,1358
2024-06,,민간부문,소계,강원,644
2024-06,,민간부문,소계,충북,152
2024-06,,민간부문,소계,충남,1173
2024-06,,민간부문,소계,전북,147
2024-06,,민간부문,소계,전남,1796
2024-06,,민간부문,소계,경북,2229
2024-06,,민간부문,소계,경남,1024
2024-06,,민간부문,소계,제주,456
2024-06,,민간,민간임대,전국,790
2024-06,,민간,민간임대,서울,0
2024-06,,민간,민간임대,인천,0
2024-06,,민간,민간임대,경기,0
2024-06,,민간,민간임대,부산,750
2024-06,,민간,민간임대,대구,0
2024-06,,민간,민간임대,광주,40
2024-06,,민간,민간임대,대전,0
2024-06,,민간,민간임대,울산,0
2024-06,,민간,민간임대,세종,0
2024-06,,민간,민간임대,강원,0
2024-06,,민간,민간임대,충북,0
2024-06,,민간,민간임대,충남,0
2024-06,,민간,민간임대,전북,0
2024-06,,민간,민간임대,전남,0
2024-06,,민간,민간임대,경북,0
2024-06,,민간,민간임대,경남,0
2024-06,,민간,민간임대,제주,0
2024-06,,민간,민간분양,전국,30625
2024-06,,민간,민간분양,서울,1810
2024-06,,민간,민간분양,인천,1150
2024-06,,민간,민간분양,경기,12008
2024-06,,민간,민간분양,부산,1671
2024-06,,민간,민간분양,대구,3678
2024-06,,민간,민간분양,광주,13
2024-06,,민간,민간분양,대전,322
2024-06,,민간,민간분양,울산,994
2024-06,,민간,민간분양,세종,1358
2024-06,,민간,민간분양,강원,644
2024-06,,민간,민간분양,충북,152
2024-06,,민간,민간분양,충남,1173
2024-06,,민간,민간분양,전북,147
2024-06,,민간,민간분양,전남,1796
2024-06,,민간,민간분양,경북,2229
2024-06,,민간,민간분양,경남,1024
2024-06,,민간,민간분양,제주,456
2024-07,,총계,총계,전국,24294
2024-07,,총계,총계,서울,2557
2024-07,,총계,총계,인천,191
2024-07,,총계,총계,경기,4838
2024-07,,총계,총계,부산,213
2024-07,,총계,총계,대구,1051
2024-07,,총계,총계,광주,423
2024-07,,총계,총계,대전,1445
2024-07,,총계,총계,울산,31
2024-07,,총계,총계,세종,10
2024-07,,총계,총계,강원,419
2024-07,,총계,총계,충북,879
2024-07,,총계,총계,충남,3393
2024-07,,총계,총계,전북,132
2024-07,,총계,총계,전남,3276
2024-07,,총계,총계,경북,930
2024-07,,총계,총계,경남,4247
2024-07,,총계,총계,제주,259
2024-07,,공공부문,소계,전국,2039
2024-07,,공공부문,소계,서울,0
2024-07,,공공부문,소계,인천,0
2024-07,,공공부문,소계,경기,1509
2024-07,,공공부문,소계,부산,0
2024-07,,공공부문,소계,대구,366
2024-07,,공공부문,소계,광주,0
2024-07,,공공부문,소계,대전,0
2024-07,,공공부문,소계,울산,0
2024-07,,공공부문,소계,세종,0
2024-07,,공공부문,소계,강원,120
2024-07,,공공부문,소계,충북,0
2024-07,,공공부문,소계,충남,0
2024-07,,공공부문,소계,전북,0
2024-07,,공공부문,소계,전남,44
2024-07,,공공부문,소계,경북,0
2024-07,,공공부문,소계,경남,0
2024-07,,공공부문,소계,제주,0
2024-07,,합,국민임대,전국,950
2024-07,,합,국민임대,서울,0
2024-07,,합,국민임대,인천,0
2024-07,,합,국민임대,경기,806
2024-07,,합,국민임대,부산,0
2024-07,,합,국민임대,대구,0
2024-07,,합,국민임대,광주,0
2024-07,,합,국민임대,대전,0
2024-07,,합,국민임대,울산,0
2024-07,,합,국민임대,세종,0
2024-07,,합,국민임대,강원,100
2024-07,,합,국민임대,충북,0
2024-07,,합,국민임대,충남,0
2024-07,,합,국민임대,전북,0
2024-07,,합,국민임대,전남,44
2024-07,,합,국민임대,경북,0
2024-07,,합,국민임대,경남,0
2024-07,,합,국민임대,제주,0
2024-07,,합,공공임대,전국,292
2024-07,,합,공공임대,서울,0
2024-07,,합,공공임대,인천,0
2024-07,,합,공공임대,경기,272
2024-07,,합,공공임대,부산,0
2024-07,,합,공공임대,대구,0
2024-07,,합,공공임대,광주,0
2024-07,,합,공공임대,대전,0
2024-07,,합,공공임대,울산,0
2024-07,,합,공공임대,세종,0
2024-07,,합,공공임대,강원,20
2024-07,,합,공공임대,충북,0
2024-07,,합,공공임대,충남,0
2024-07,,합,공공임대,전북,0
2024-07,,합,공공임대,전남,0
2024-07,,합,공공임대,경북,0
2024-07,,합,공공임대,경남,0
2024-07,,합,공공임대,제주,0
2024-07,,합,공공분양,전국,797
2024-07,,합,공공분양,서울,0
2024-07,,합,공공분양,인천,0
2024-07,,합,공공분양,경기,431
2024-07,,합,공공분양,부산,0
2024-07,,합,공공분양,대구,366
2024-07,,합,공공분양,광주,0
2024-07,,합,공공분양,대전,0
2024-07,,합,공공분양,울산,0
2024-07,,합,공공분양,세종,0
2024-07,,합,공공분양,강원,0
2024-07,,합,공공분양,충북,0
2024-07,,합,공공분양,충남,0
2024-07,,합,공공분양,전북,0
2024-07,,합,공공분양,전남,0
2024-07,,합,공공분양,경북,0
2024-07,,합,공공분양,경남,0
2024-07,,합,공공분양,제주,0
2024-07,,지자체,소계,전국,0
2024-07,,지자체,소계,서울,0
2024-07,,지자체,소계,인천,0
2024-07,,지자체,소계,경기,0
2024-07,,지자체,소계,부산,0
2024-07,,지자체,소계,대구,0
2024-07,,지자체,소계,광주,0
2024-07,,지자체,소계,대전,0
2024-07,,지자체,소계,울산,0
2024-07,,지자체,소계,세종,0
2024-07,,지자체,소계,강원,0
2024-07,,지자체,소계,충북,0
2024-07,,지자체,소계,충남,0
2024-07,,지자체,소계,전북,0
2024-07,,지자체,소계,전남,0
2024-07,,지자체,소계,경북,0
2024-07,,지자체,소계,경남,0
2024-07,,지자체,소계,제주,0
2024-07,,지자체,국민임대,전국,0
2024-07,,지자체,국민임대,서울,0
2024-07,,지자체,국민임대,인천,0
2024-07,,지자체,국민임대,경기,0
2024-07,,지자체,국민임대,부산,0
2024-07,,지자체,국민임대,대구,0
2024-07,,지자체,국민임대,광주,0
2024-07,,지자체,국민임대,대전,0
2024-07,,지자체,국민임대,울산,0
2024-07,,지자체,국민임대,세종,0
2024-07,,지자체,국민임대,강원,0
2024-07,,지자체,국민임대,충북,0
2024-07,,지자체,국민임대,충남,0
2024-07,,지자체,국민임대,전북,0
2024-07,,지자체,국민임대,전남,0
2024-07,,지자체,국민임대,경북,0
2024-07,,지자체,국민임대,경남,0
2024-07,,지자체,국민임대,제주,0
2024-07,,지자체,공공임대,전국,0
2024-07,,지자체,공공임대,서울,0
2024-07,,지자체,공공임대,인천,0
2024-07,,지자체,공공임대,경기,0
2024-07,,지자체,공공임대,부산,0
2024-07,,지자체,공공임대,대구,0
2024-07,,지자체,공공임대,광주,0
2024-07,,지자체,공공임대,대전,0
2024-07,,지자체,공공임대,울산,0
2024-07,,지자체,공공임대,세종,0
2024-07,,지자체,공공임대,강원,0
2024-07,,지자체,공공임대,충북,0
2024-07,,지자체,공공임대,충남,0
2024-07,,지자체,공공임대,전북,0
2024-07,,지자체,공공임대,전남,0
2024-07,,지자체,공공임대,경북,0
2024-07,,지자체,공공임대,경남,0
2024-07,,지자체,공공임대,제주,0
2024-07,,지자체,공공분양,전국,0
2024-07,,지자체,공공분양,서울,0
2024-07,,지자체,공공분양,인천,0
2024-07,,지자체,공공분양,경기,0
2024-07,,지자체,공공분양,부산,0
2024-07,,지자체,공공분양,대구,0
2024-07,,지자체,공공분양,광주,0
2024-07,,지자체,공공분양,대전,0
2024-07,,지자체,공공분양,울산,0
2024-07,,지자체,공공분양,세종,0
2024-07,,지자체,공공분양,강원,0
2024-07,,지자체,공공분양,충북,0
2024-07,,지자체,공공분양,충남,0
2024-07,,지자체,공공분양,전북,0
2024-07,,지자체,공공분양,전남,0
2024-07,,지자체,공공분양,경북,0
2024-07,,지자체,공공분양,경남,0
2024-07,,지자체,공공분양,제주,0
2024-07,,LH,소계,전국,1242
2024-07,,LH,소계,서울,0
2024-07,,LH,소계,인천,0
2024-07,,LH,소계,경기,1078
2024-07,,LH,소계,부산,0
2024-07,,LH,소계,대구,0
2024-07,,LH,소계,광주,0
2024-07,,LH,소계,대전,0
2024-07,,LH,소계,울산,0
2024-07,,LH,소계,세종,0
2024-07,,LH,소계,강원,120
2024-07,,LH,소계,충북,0
2024-07,,LH,소계,충남,0
2024-07,,LH,소계,전북,0
2024-07,,LH,소계,전남,44
2024-07,,LH,소계,경북,0
2024-07,,LH,소계,경남,0
2024-07,,LH,소계,제주,0
2024-07,,LH,국민임대,전국,950
2024-07,,LH,국민임대,서울,0
2024-07,,LH,국민임대,인천,0
2024-07,,LH,국민임대,경기,806
2024-07,,LH,국민임대,부산,0
2024-07,,LH,국민임대,대구,0
2024-07,,LH,국민임대,광주,0
2024-07,,LH,국민임대,대전,0
2024-07,,LH,국민임대,울산,0
2024-07,,LH,국민임대,세종,0
2024-07,,LH,국민임대,강원,100
2024-07,,LH,국민임대,충북,0
2024-07,,LH,국민임대,충남,0
2024-07,,LH,국민임대,전북,0
2024-07,,LH,국민임대,전남,44
2024-07,,LH,국민임대,경북,0
2024-07,,LH,국민임대,경남,0
2024-07,,LH,국민임대,제주,0
2024-07,,LH,공공임대,전국,292
2024-07,,LH,공공임대,서울,0
2024-07,,LH,공공임대,인천,0
2024-07,,LH,공공임대,경기,272
2024-07,,LH,공공임대,부산,0
2024-07,,LH,공공임대,대구,0
2024-07,,LH,공공임대,광주,0
2024-07,,LH,공공임대,대전,0
2024-07,,LH,공공임대,울산,0
2024-07,,LH,공공임대,세종,0
2024-07,,LH,공공임대,강원,20
2024-07,,LH,공공임대,충북,0
2024-07,,LH,공공임대,충남,0
2024-07,,LH,공공임대,전북,0
2024-07,,LH,공공임대,전남,0
2024-07,,LH,공공임대,경북,0
2024-07,,LH,공공임대,경남,0
2024-07,,LH,공공임대,제주,0
2024-07,,LH,공공분양,전국,0
2024-07,,LH,공공분양,서울,0
2024-07,,LH,공공분양,인천,0
2024-07,,LH,공공분양,경기,0
2024-07,,LH,공공분양,부산,0
2024-07,,LH,공공분양,대구,0
2024-07,,LH,공공분양,광주,0
2024-07,,LH,공공분양,대전,0
2024-07,,LH,공공분양,울산,0
2024-07,,LH,공공분양,세종,0
2024-07,,LH,공공분양,강원,0
2024-07,,LH,공공분양,충북,0
2024-07,,LH,공공분양,충남,0
2024-07,,LH,공공분양,전북,0
2024-07,,LH,공공분양,전남,0
2024-07,,LH,공공분양,경북,0
2024-07,,LH,공공분양,경남,0
2024-07,,LH,공공분양,제주,0
2024-07,,주택업체,소계,전국,797
2024-07,,주택업체,소계,서울,0
2024-07,,주택업체,소계,인천,0
2024-07,,주택업체,소계,경기,431
2024-07,,주택업체,소계,부산,0
2024-07,,주택업체,소계,대구,366
2024-07,,주택업체,소계,광주,0
2024-07,,주택업체,소계,대전,0
2024-07,,주택업체,소계,울산,0
2024-07,,주택업체,소계,세종,0
2024-07,,주택업체,소계,강원,0
2024-07,,주택업체,소계,충북,0
2024-07,,주택업체,소계,충남,0
2024-07,,주택업체,소계,전북,0
2024-07,,주택업체,소계,전남,0
2024-07,,주택업체,소계,경북,0
2024-07,,주택업체,소계,경남,0
2024-07,,주택업체,소계,제주,0
2024-07,,주택업체,국민임대,전국,0
2024-07,,주택업체,국민임대,서울,0
2024-07,,주택업체,국민임대,인천,0
2024-07,,주택업체,국민임대,경기,0
2024-07,,주택업체,국민임대,부산,0
2024-07,,주택업체,국민임대,대구,0
2024-07,,주택업체,국민임대,광주,0
2024-07,,주택업체,국민임대,대전,0
2024-07,,주택업체,국민임대,울산,0
2024-07,,주택업체,국민임대,세종,0
2024-07,,주택업체,국민임대,강원,0
2024-07,,주택업체,국민임대,충북,0
2024-07,,주택업체,국민임대,충남,0
2024-07,,주택업체,국민임대,전북,0
2024-07,,주택업체,국민임대,전남,0
2024-07,,주택업체,국민임대,경북,0
2024-07,,주택업체,국민임대,경남,0
2024-07,,주택업체,국민임대,제주,0
2024-07,,주택업체,공공임대,전국,0
2024-07,,주택업체,공공임대,서울,0
2024-07,,주택업체,공공임대,인천,0
2024-07,,주택업체,공공임대,경기,0
2024-07,,주택업체,공공임대,부산,0
2024-07,,주택업체,공공임대,대구,0
2024-07,,주택업체,공공임대,광주,0
2024-07,,주택업체,공공임대,대전,0
2024-07,,주택업체,공공임대,울산,0
2024-07,,주택업체,공공임대,세종,0
2024-07,,주택업체,공공임대,강원,0
2024-07,,주택업체,공공임대,충북,0
2024-07,,주택업체,공공임대,충남,0
2024-07,,주택업체,공공임대,전북,0
2024-07,,주택업체,공공임대,전남,0
2024-07,,주택업체,공공임대,경북,0
2024-07,,주택업체,공공임대,경남,0
2024-07,,주택업체,공공임대,제주,0
2024-07,,주택업체,공공분양,전국,797
2024-07,,주택업체,공공분양,서울,0
2024-07,,주택업체,공공분양,인천,0
2024-07,,주택업체,공공분양,경기,431
2024-07,,주택업체,공공분양,부산,0
2024-07,,주택업체,공공분양,대구,366
2024-07,,주택업체,공공분양,광주,0
2024-07,,주택업체,공공분양,대전,0
2024-07,,주택업체,공공분양,울산,0
2024-07,,주택업체,공공분양,세종,0
2024-07,,주택업체,공공분양,강원,0
2024-07,,주택업체,공공분양,충북,0
2024-07,,주택업체,공공분양,충남,0
2024-07,,주택업체,공공분양,전북,0
2024-07,,주택업체,공공분양,전남,0
2024-07,,주택업체,공공분양,경북,0
2024-07,,주택업체,공공분양,경남,0
2024-07,,주택업체,공공분양,제주,0
2024-07,,민간부문,소계,전국,22255
2024-07,,민간부문,소계,서울,2557
2024-07,,민간부문,소계,인천,191
2024-07,,민간부문,소계,경기,3329
2024-07,,민간부문,소계,부산,213
2024-07,,민간부문,소계,대구,685
2024-07,,민간부문,소계,광주,423
2024-07,,민간부문,소계,대전,1445
2024-07,,민간부문,소계,울산,31
2024-07,,민간부문,소계,세종,10
2024-07,,민간부문,소계,강원,299
2024-07,,민간부문,소계,충북,879
2024-07,,민간부문,소계,충남,3393
2024-07,,민간부문,소계,전북,132
2024-07,,민간부문,소계,전남,3232
2024-07,,민간부문,소계,경북,930
2024-07,,민간부문,소계,경남,4247
2024-07,,민간부문,소계,제주,259
2024-07,,민간,민간임대,전국,1766
2024-07,,민간,민간임대,서울,0
2024-07,,민간,민간임대,인천,0
2024-07,,민간,민간임대,경기,1240
2024-07,,민간,민간임대,부산,0
2024-07,,민간,민간임대,대구,0
2024-07,,민간,민간임대,광주,0
2024-07,,민간,민간임대,대전,0
2024-07,,민간,민간임대,울산,0
2024-07,,민간,민간임대,세종,0
2024-07,,민간,민간임대,강원,0
2024-07,,민간,민간임대,충북,0
2024-07,,민간,민간임대,충남,0
2024-07,,민간,민간임대,전북,0
2024-07,,민간,민간임대,전남,526
2024-07,,민간,민간임대,경북,0
2024-07,,민간,민간임대,경남,0
2024-07,,민간,민간임대,제주,0
2024-07,,민간,민간분양,전국,20489
2024-07,,민간,민간분양,서울,2557
2024-07,,민간,민간분양,인천,191
2024-07,,민간,민간분양,경기,2089
2024-07,,민간,민간분양,부산,213
2024-07,,민간,민간분양,대구,685
2024-07,,민간,민간분양,광주,423
2024-07,,민간,민간분양,대전,1445
2024-07,,민간,민간분양,울산,31
2024-07,,민간,민간분양,세종,10
2024-07,,민간,민간분양,강원,299
2024-07,,민간,민간분양,충북,879
2024-07,,민간,민간분양,충남,3393
2024-07,,민간,민간분양,전북,132
2024-07,,민간,민간분양,전남,2706
2024-07,,민간,민간분양,경북,930
2024-07,,민간,민간분양,경남,4247
2024-07,,민간,민간분양,제주,259
2024-08,,총계,총계,전국,42391
2024-08,,총계,총계,서울,2432
2024-08,,총계,총계,인천,2472
2024-08,,총계,총계,경기,22835
2024-08,,총계,총계,부산,1664
2024-08,,총계,총계,대구,2223
2024-08,,총계,총계,광주,196
2024-08,,총계,총계,대전,1047
2024-08,,총계,총계,울산,290
2024-08,,총계,총계,세종,29
2024-08,,총계,총계,강원,370
2024-08,,총계,총계,충북,1791
2024-08,,총계,총계,충남,1382
2024-08,,총계,총계,전북,1729
2024-08,,총계,총계,전남,320
2024-08,,총계,총계,경북,1662
2024-08,,총계,총계,경남,1229
2024-08,,총계,총계,제주,720
2024-08,,공공부문,소계,전국,4676
2024-08,,공공부문,소계,서울,40
2024-08,,공공부문,소계,인천,0
2024-08,,공공부문,소계,경기,3942
2024-08,,공공부문,소계,부산,0
2024-08,,공공부문,소계,대구,51
2024-08,,공공부문,소계,광주,0
2024-08,,공공부문,소계,대전,0
2024-08,,공공부문,소계,울산,0
2024-08,,공공부문,소계,세종,0
2024-08,,공공부문,소계,강원,160
2024-08,,공공부문,소계,충북,0
2024-08,,공공부문,소계,충남,0
2024-08,,공공부문,소계,전북,0
2024-08,,공공부문,소계,전남,88
2024-08,,공공부문,소계,경북,0
2024-08,,공공부문,소계,경남,395
2024-08,,공공부문,소계,제주,0
2024-08,,합,국민임대,전국,160
2024-08,,합,국민임대,서울,0
2024-08,,합,국민임대,인천,0
2024-08,,합,국민임대,경기,0
2024-08,,합,국민임대,부산,0
2024-08,,합,국민임대,대구,0
2024-08,,합,국민임대,광주,0
2024-08,,합,국민임대,대전,0
2024-08,,합,국민임대,울산,0
2024-08,,합,국민임대,세종,0
2024-08,,합,국민임대,강원,120
2024-08,,합,국민임대,충북,0
2024-08,,합,국민임대,충남,0
2024-08,,합,국민임대,전북,0
2024-08,,합,국민임대,전남,40
2024-08,,합,국민임대,경북,0
2024-08,,합,국민임대,경남,0
2024-08,,합,국민임대,제주,0
2024-08,,합,공공임대,전국,1886
2024-08,,합,공공임대,서울,40
2024-08,,합,공공임대,인천,0
2024-08,,합,공공임대,경기,1575
2024-08,,합,공공임대,부산,0
2024-08,,합,공공임대,대구,51
2024-08,,합,공공임대,광주,0
2024-08,,합,공공임대,대전,0
2024-08,,합,공공임대,울산,0
2024-08,,합,공공임대,세종,0
2024-08,,합,공공임대,강원,40
2024-08,,합,공공임대,충북,0
2024-08,,합,공공임대,충남,0
2024-08,,합,공공임대,전북,0
2024-08,,합,공공임대,전남,48
2024-08,,합,공공임대,경북,0
2024-08,,합,공공임대,경남,132
2024-08,,합,공공임대,제주,0
2024-08,,합,공공분양,전국,2630
2024-08,,합,공공분양,서울,0
2024-08,,합,공공분양,인천,0
2024-08,,합,공공분양,경기,2367
2024-08,,합,공공분양,부산,0
2024-08,,합,공공분양,대구,0
2024-08,,합,공공분양,광주,0
2024-08,,합,공공분양,대전,0
2024-08,,합,공공분양,울산,0
2024-08,,합,공공분양,세종,0
2024-08,,합,공공분양,강원,0
2024-08,,합,공공분양,충북,0
2024-08,,합,공공분양,충남,0
2024-08,,합,공공분양,전북,0
2024-08,,합,공공분양,전남,0
2024-08,,합,공공분양,경북,0
2024-08,,합,공공분양,경남,263
2024-08,,합,공공분양,제주,0
2024-08,,지자체,소계,전국,0
2024-08,,지자체,소계,서울,0
2024-08,,지자체,소계,인천,0
2024-08,,지자체,소계,경기,0
2024-08,,지자체,소계,부산,0
2024-08,,지자체,소계,대구,0
2024-08,,지자체,소계,광주,0
2024-08,,지자체,소계,대전,0
2024-08,,지자체,소계,울산,0
2024-08,,지자체,소계,세종,0
2024-08,,지자체,소계,강원,0
2024-08,,지자체,소계,충북,0
2024-08,,지자체,소계,충남,0
2024-08,,지자체,소계,전북,0
2024-08,,지자체,소계,전남,0
2024-08,,지자체,소계,경북,0
2024-08,,지자체,소계,경남,0
2024-08,,지자체,소계,제주,0
2024-08,,지자체,국민임대,전국,0
2024-08,,지자체,국민임대,서울,0
2024-08,,지자체,국민임대,인천,0
2024-08,,지자체,국민임대,경기,0
2024-08,,지자체,국민임대,부산,0
2024-08,,지자체,국민임대,대구,0
2024-08,,지자체,국민임대,광주,0
2024-08,,지자체,국민임대,대전,0
2024-08,,지자체,국민임대,울산,0
2024-08,,지자체,국민임대,세종,0
2024-08,,지자체,국민임대,강원,0
2024-08,,지자체,국민임대,충북,0
2024-08,,지자체,국민임대,충남,0
2024-08,,지자체,국민임대,전북,0
2024-08,,지자체,국민임대,전남,0
2024-08,,지자체,국민임대,경북,0
2024-08,,지자체,국민임대,경남,0
2024-08,,지자체,국민임대,제주,0
2024-08,,지자체,공공임대,전국,0
2024-08,,지자체,공공임대,서울,0
2024-08,,지자체,공공임대,인천,0
2024-08,,지자체,공공임대,경기,0
2024-08,,지자체,공공임대,부산,0
2024-08,,지자체,공공임대,대구,0
2024-08,,지자체,공공임대,광주,0
2024-08,,지자체,공공임대,대전,0
2024-08,,지자체,공공임대,울산,0
2024-08,,지자체,공공임대,세종,0
2024-08,,지자체,공공임대,강원,0
2024-08,,지자체,공공임대,충북,0
2024-08,,지자체,공공임대,충남,0
2024-08,,지자체,공공임대,전북,0
2024-08,,지자체,공공임대,전남,0
2024-08,,지자체,공공임대,경북,0
2024-08,,지자체,공공임대,경남,0
2024-08,,지자체,공공임대,제주,0
2024-08,,지자체,공공분양,전국,0
2024-08,,지자체,공공분양,서울,0
2024-08,,지자체,공공분양,인천,0
2024-08,,지자체,공공분양,경기,0
2024-08,,지자체,공공분양,부산,0
2024-08,,지자체,공공분양,대구,0
2024-08,,지자체,공공분양,광주,0
2024-08,,지자체,공공분양,대전,0
2024-08,,지자체,공공분양,울산,0
2024-08,,지자체,공공분양,세종,0
2024-08,,지자체,공공분양,강원,0
2024-08,,지자체,공공분양,충북,0
2024-08,,지자체,공공분양,충남,0
2024-08,,지자체,공공분양,전북,0
2024-08,,지자체,공공분양,전남,0
2024-08,,지자체,공공분양,경북,0
2024-08,,지자체,공공분양,경남,0
2024-08,,지자체,공공분양,제주,0
2024-08,,LH,소계,전국,2933
2024-08,,LH,소계,서울,0
2024-08,,LH,소계,인천,0
2024-08,,LH,소계,경기,2290
2024-08,,LH,소계,부산,0
2024-08,,LH,소계,대구,0
2024-08,,LH,소계,광주,0
2024-08,,LH,소계,대전,0
2024-08,,LH,소계,울산,0
2024-08,,LH,소계,세종,0
2024-08,,LH,소계,강원,160
2024-08,,LH,소계,충북,0
2024-08,,LH,소계,충남,0
2024-08,,LH,소계,전북,0
2024-08,,LH,소계,전남,88
2024-08,,LH,소계,경북,0
2024-08,,LH,소계,경남,395
2024-08,,LH,소계,제주,0
2024-08,,LH,국민임대,전국,160
2024-08,,LH,국민임대,서울,0
2024-08,,LH,국민임대,인천,0
2024-08,,LH,국민임대,경기,0
2024-08,,LH,국민임대,부산,0
2024-08,,LH,국민임대,대구,0
2024-08,,LH,국민임대,광주,0
2024-08,,LH,국민임대,대전,0
2024-08,,LH,국민임대,울산,0
2024-08,,LH,국민임대,세종,0
2024-08,,LH,국민임대,강원,120
2024-08,,LH,국민임대,충북,0
2024-08,,LH,국민임대,충남,0
2024-08,,LH,국민임대,전북,0
2024-08,,LH,국민임대,전남,40
2024-08,,LH,국민임대,경북,0
2024-08,,LH,국민임대,경남,0
2024-08,,LH,국민임대,제주,0
2024-08,,LH,공공임대,전국,983
2024-08,,LH,공공임대,서울,0
2024-08,,LH,공공임대,인천,0
2024-08,,LH,공공임대,경기,763
2024-08,,LH,공공임대,부산,0
2024-08,,LH,공공임대,대구,0
2024-08,,LH,공공임대,광주,0
2024-08,,LH,공공임대,대전,0
2024-08,,LH,공공임대,울산,0
2024-08,,LH,공공임대,세종,0
2024-08,,LH,공공임대,강원,40
2024-08,,LH,공공임대,충북,0
2024-08,,LH,공공임대,충남,0
2024-08,,LH,공공임대,전북,0
2024-08,,LH,공공임대,전남,48
2024-08,,LH,공공임대,경북,0
2024-08,,LH,공공임대,경남,132
2024-08,,LH,공공임대,제주,0
2024-08,,LH,공공분양,전국,1790
2024-08,,LH,공공분양,서울,0
2024-08,,LH,공공분양,인천,0
2024-08,,LH,공공분양,경기,1527
2024-08,,LH,공공분양,부산,0
2024-08,,LH,공공분양,대구,0
2024-08,,LH,공공분양,광주,0
2024-08,,LH,공공분양,대전,0
2024-08,,LH,공공분양,울산,0
2024-08,,LH,공공분양,세종,0
2024-08,,LH,공공분양,강원,0
2024-08,,LH,공공분양,충북,0
2024-08,,LH,공공분양,충남,0
2024-08,,LH,공공분양,전북,0
2024-08,,LH,공공분양,전남,0
2024-08,,LH,공공분양,경북,0
2024-08,,LH,공공분양,경남,263
2024-08,,LH,공공분양,제주,0
2024-08,,주택업체,소계,전국,1743
2024-08,,주택업체,소계,서울,40
2024-08,,주택업체,소계,인천,0
2024-08,,주택업체,소계,경기,1652
2024-08,,주택업체,소계,부산,0
2024-08,,주택업체,소계,대구,51
2024-08,,주택업체,소계,광주,0
2024-08,,주택업체,소계,대전,0
2024-08,,주택업체,소계,울산,0
2024-08,,주택업체,소계,세종,0
2024-08,,주택업체,소계,강원,0
2024-08,,주택업체,소계,충북,0
2024-08,,주택업체,소계,충남,0
2024-08,,주택업체,소계,전북,0
2024-08,,주택업체,소계,전남,0
2024-08,,주택업체,소계,경북,0
2024-08,,주택업체,소계,경남,0
2024-08,,주택업체,소계,제주,0
2024-08,,주택업체,국민임대,전국,0
2024-08,,주택업체,국민임대,서울,0
2024-08,,주택업체,국민임대,인천,0
2024-08,,주택업체,국민임대,경기,0
2024-08,,주택업체,국민임대,부산,0
2024-08,,주택업체,국민임대,대구,0
2024-08,,주택업체,국민임대,광주,0
2024-08,,주택업체,국민임대,대전,0
2024-08,,주택업체,국민임대,울산,0
2024-08,,주택업체,국민임대,세종,0
2024-08,,주택업체,국민임대,강원,0
2024-08,,주택업체,국민임대,충북,0
2024-08,,주택업체,국민임대,충남,0
2024-08,,주택업체,국민임대,전북,0
2024-08,,주택업체,국민임대,전남,0
2024-08,,주택업체,국민임대,경북,0
2024-08,,주택업체,국민임대,경남,0
2024-08,,주택업체,국민임대,제주,0
2024-08,,주택업체,공공임대,전국,903
2024-08,,주택업체,공공임대,서울,40
2024-08,,주택업체,공공임대,인천,0
2024-08,,주택업체,공공임대,경기,812
2024-08,,주택업체,공공임대,부산,0
2024-08,,주택업체,공공임대,대구,51
2024-08,,주택업체,공공임대,광주,0
2024-08,,주택업체,공공임대,대전,0
2024-08,,주택업체,공공임대,울산,0
2024-08,,주택업체,공공임대,세종,0
2024-08,,주택업체,공공임대,강원,0
2024-08,,주택업체,공공임대,충북,0
2024-08,,주택업체,공공임대,충남,0
2024-08,,주택업체,공공임대,전북,0
2024-08,,주택업체,공공임대,전남,0
2024-08,,주택업체,공공임대,경북,0
2024-08,,주택업체,공공임대,경남,0
2024-08,,주택업체,공공임대,제주,0
2024-08,,주택업체,공공분양,전국,840
2024-08,,주택업체,공공분양,서울,0
2024-08,,주택업체,공공분양,인천,0
2024-08,,주택업체,공공분양,경기,840
2024-08,,주택업체,공공분양,부산,0
2024-08,,주택업체,공공분양,대구,0
2024-08,,주택업체,공공분양,광주,0
2024-08,,주택업체,공공분양,대전,0
2024-08,,주택업체,공공분양,울산,0
2024-08,,주택업체,공공분양,세종,0
2024-08,,주택업체,공공분양,강원,0
2024-08,,주택업체,공공분양,충북,0
2024-08,,주택업체,공공분양,충남,0
2024-08,,주택업체,공공분양,전북,0
2024-08,,주택업체,공공분양,전남,0
2024-08,,주택업체,공공분양,경북,0
2024-08,,주택업체,공공분양,경남,0
2024-08,,주택업체,공공분양,제주,0
2024-08,,민간부문,소계,전국,37715
2024-08,,민간부문,소계,서울,2392
2024-08,,민간부문,소계,인천,2472
2024-08,,민간부문,소계,경기,18893
2024-08,,민간부문,소계,부산,1664
2024-08,,민간부문,소계,대구,2172
2024-08,,민간부문,소계,광주,196
2024-08,,민간부문,소계,대전,1047
2024-08,,민간부문,소계,울산,290
2024-08,,민간부문,소계,세종,29
2024-08,,민간부문,소계,강원,210
2024-08,,민간부문,소계,충북,1791
2024-08,,민간부문,소계,충남,1382
2024-08,,민간부문,소계,전북,1729
2024-08,,민간부문,소계,전남,232
2024-08,,민간부문,소계,경북,1662
2024-08,,민간부문,소계,경남,834
2024-08,,민간부문,소계,제주,720
2024-08,,민간,민간임대,전국,1440
2024-08,,민간,민간임대,서울,413
2024-08,,민간,민간임대,인천,0
2024-08,,민간,민간임대,경기,0
2024-08,,민간,민간임대,부산,0
2024-08,,민간,민간임대,대구,108
2024-08,,민간,민간임대,광주,0
2024-08,,민간,민간임대,대전,0
2024-08,,민간,민간임대,울산,0
2024-08,,민간,민간임대,세종,0
2024-08,,민간,민간임대,강원,0
2024-08,,민간,민간임대,충북,919
2024-08,,민간,민간임대,충남,0
2024-08,,민간,민간임대,전북,0
2024-08,,민간,민간임대,전남,0
2024-08,,민간,민간임대,경북,0
2024-08,,민간,민간임대,경남,0
2024-08,,민간,민간임대,제주,0
2024-08,,민간,민간분양,전국,36275
2024-08,,민간,민간분양,서울,1979
2024-08,,민간,민간분양,인천,2472
2024-08,,민간,민간분양,경기,18893
2024-08,,민간,민간분양,부산,1664
2024-08,,민간,민간분양,대구,2064
2024-08,,민간,민간분양,광주,196
2024-08,,민간,민간분양,대전,1047
2024-08,,민간,민간분양,울산,290
2024-08,,민간,민간분양,세종,29
2024-08,,민간,민간분양,강원,210
2024-08,,민간,민간분양,충북,872
2024-08,,민간,민간분양,충남,1382
2024-08,,민간,민간분양,전북,1729
2024-08,,민간,민간분양,전남,232
2024-08,,민간,민간분양,경북,1662
2024-08,,민간,민간분양,경남,834
2024-08,,민간,민간분양,제주,720
2024-09,,총계,총계,전국,35952
2024-09,,총계,총계,서울,2116
2024-09,,총계,총계,인천,8321
2024-09,,총계,총계,경기,7780
2024-09,,총계,총계,부산,6323
2024-09,,총계,총계,대구,2024
2024-09,,총계,총계,광주,589
2024-09,,총계,총계,대전,645
2024-09,,총계,총계,울산,623
2024-09,,총계,총계,세종,669
2024-09,,총계,총계,강원,360
2024-09,,총계,총계,충북,170
2024-09,,총계,총계,충남,2154
2024-09,,총계,총계,전북,2587
2024-09,,총계,총계,전남,352
2024-09,,총계,총계,경북,828
2024-09,,총계,총계,경남,161
2024-09,,총계,총계,제주,250
2024-09,,공공부문,소계,전국,2046
2024-09,,공공부문,소계,서울,131
2024-09,,공공부문,소계,인천,1535
2024-09,,공공부문,소계,경기,136
2024-09,,공공부문,소계,부산,0
2024-09,,공공부문,소계,대구,0
2024-09,,공공부문,소계,광주,0
2024-09,,공공부문,소계,대전,46
2024-09,,공공부문,소계,울산,0
2024-09,,공공부문,소계,세종,0
2024-09,,공공부문,소계,강원,100
2024-09,,공공부문,소계,충북,0
2024-09,,공공부문,소계,충남,0
2024-09,,공공부문,소계,전북,0
2024-09,,공공부문,소계,전남,0
2024-09,,공공부문,소계,경북,98
2024-09,,공공부문,소계,경남,0
2024-09,,공공부문,소계,제주,0
2024-09,,합,국민임대,전국,80
2024-09,,합,국민임대,서울,0
2024-09,,합,국민임대,인천,0
2024-09,,합,국민임대,경기,0
2024-09,,합,국민임대,부산,0
2024-09,,합,국민임대,대구,0
2024-09,,합,국민임대,광주,0
2024-09,,합,국민임대,대전,0
2024-09,,합,국민임대,울산,0
2024-09,,합,국민임대,세종,0
2024-09,,합,국민임대,강원,80
2024-09,,합,국민임대,충북,0
2024-09,,합,국민임대,충남,0
2024-09,,합,국민임대,전북,0
2024-09,,합,국민임대,전남,0
2024-09,,합,국민임대,경북,0
2024-09,,합,국민임대,경남,0
2024-09,,합,국민임대,제주,0
2024-09,,합,공공임대,전국,431
2024-09,,합,공공임대,서울,131
2024-09,,합,공공임대,인천,0
2024-09,,합,공공임대,경기,136
2024-09,,합,공공임대,부산,0
2024-09,,합,공공임대,대구,0
2024-09,,합,공공임대,광주,0
2024-09,,합,공공임대,대전,46
2024-09,,합,공공임대,울산,0
2024-09,,합,공공임대,세종,0
2024-09,,합,공공임대,강원,20
2024-09,,합,공공임대,충북,0
2024-09,,합,공공임대,충남,0
2024-09,,합,공공임대,전북,0
2024-09,,합,공공임대,전남,0
2024-09,,합,공공임대,경북,98
2024-09,,합,공공임대,경남,0
2024-09,,합,공공임대,제주,0
2024-09,,합,공공분양,전국,1535
2024-09,,합,공공분양,서울,0
2024-09,,합,공공분양,인천,1535
2024-09,,합,공공분양,경기,0
2024-09,,합,공공분양,부산,0
2024-09,,합,공공분양,대구,0
2024-09,,합,공공분양,광주,0
2024-09,,합,공공분양,대전,0
2024-09,,합,공공분양,울산,0
2024-09,,합,공공분양,세종,0
2024-09,,합,공공분양,강원,0
2024-09,,합,공공분양,충북,0
2024-09,,합,공공분양,충남,0
2024-09,,합,공공분양,전북,0
2024-09,,합,공공분양,전남,0
2024-09,,합,공공분양,경북,0
2024-09,,합,공공분양,경남,0
2024-09,,합,공공분양,제주,0
2024-09,,지자체,소계,전국,0
2024-09,,지자체,소계,서울,0
2024-09,,지자체,소계,인천,0
2024-09,,지자체,소계,경기,0
2024-09,,지자체,소계,부산,0
2024-09,,지자체,소계,대구,0
2024-09,,지자체,소계,광주,0
2024-09,,지자체,소계,대전,0
2024-09,,지자체,소계,울산,0
2024-09,,지자체,소계,세종,0
2024-09,,지자체,소계,강원,0
2024-09,,지자체,소계,충북,0
2024-09,,지자체,소계,충남,0
2024-09,,지자체,소계,전북,0
2024-09,,지자체,소계,전남,0
2024-09,,지자체,소계,경북,0
2024-09,,지자체,소계,경남,0
2024-09,,지자체,소계,제주,0
2024-09,,지자체,국민임대,전국,0
2024-09,,지자체,국민임대,서울,0
2024-09,,지자체,국민임대,인천,0
2024-09,,지자체,국민임대,경기,0
2024-09,,지자체,국민임대,부산,0
2024-09,,지자체,국민임대,대구,0
2024-09,,지자체,국민임대,광주,0
2024-09,,지자체,국민임대,대전,0
2024-09,,지자체,국민임대,울산,0
2024-09,,지자체,국민임대,세종,0
2024-09,,지자체,국민임대,강원,0
2024-09,,지자체,국민임대,충북,0
2024-09,,지자체,국민임대,충남,0
2024-09,,지자체,국민임대,전북,0
2024-09,,지자체,국민임대,전남,0
2024-09,,지자체,국민임대,경북,0
2024-09,,지자체,국민임대,경남,0
2024-09,,지자체,국민임대,제주,0
2024-09,,지자체,공공임대,전국,0
2024-09,,지자체,공공임대,서울,0
2024-09,,지자체,공공임대,인천,0
2024-09,,지자체,공공임대,경기,0
2024-09,,지자체,공공임대,부산,0
2024-09,,지자체,공공임대,대구,0
2024-09,,지자체,공공임대,광주,0
2024-09,,지자체,공공임대,대전,0
2024-09,,지자체,공공임대,울산,0
2024-09,,지자체,공공임대,세종,0
2024-09,,지자체,공공임대,강원,0
2024-09,,지자체,공공임대,충북,0
2024-09,,지자체,공공임대,충남,0
2024-09,,지자체,공공임대,전북,0
2024-09,,지자체,공공임대,전남,0
2024-09,,지자체,공공임대,경북,0
2024-09,,지자체,공공임대,경남,0
2024-09,,지자체,공공임대,제주,0
2024-09,,지자체,공공분양,전국,0
2024-09,,지자체,공공분양,서울,0
2024-09,,지자체,공공분양,인천,0
2024-09,,지자체,공공분양,경기,0
2024-09,,지자체,공공분양,부산,0
2024-09,,지자체,공공분양,대구,0
2024-09,,지자체,공공분양,광주,0
2024-09,,지자체,공공분양,대전,0
2024-09,,지자체,공공분양,울산,0
2024-09,,지자체,공공분양,세종,0
2024-09,,지자체,공공분양,강원,0
2024-09,,지자체,공공분양,충북,0
2024-09,,지자체,공공분양,충남,0
2024-09,,지자체,공공분양,전북,0
2024-09,,지자체,공공분양,전남,0
2024-09,,지자체,공공분양,경북,0
2024-09,,지자체,공공분양,경남,0
2024-09,,지자체,공공분양,제주,0
2024-09,,LH,소계,전국,428
2024-09,,LH,소계,서울,94
2024-09,,LH,소계,인천,0
2024-09,,LH,소계,경기,136
2024-09,,LH,소계,부산,0
2024-09,,LH,소계,대구,0
2024-09,,LH,소계,광주,0
2024-09,,LH,소계,대전,0
2024-09,,LH,소계,울산,0
2024-09,,LH,소계,세종,0
2024-09,,LH,소계,강원,100
2024-09,,LH,소계,충북,0
2024-09,,LH,소계,충남,0
2024-09,,LH,소계,전북,0
2024-09,,LH,소계,전남,0
2024-09,,LH,소계,경북,98
2024-09,,LH,소계,경남,0
2024-09,,LH,소계,제주,0
2024-09,,LH,국민임대,전국,80
2024-09,,LH,국민임대,서울,0
2024-09,,LH,국민임대,인천,0
2024-09,,LH,국민임대,경기,0
2024-09,,LH,국민임대,부산,0
2024-09,,LH,국민임대,대구,0
2024-09,,LH,국민임대,광주,0
2024-09,,LH,국민임대,대전,0
2024-09,,LH,국민임대,울산,0
2024-09,,LH,국민임대,세종,0
2024-09,,LH,국민임대,강원,80
2024-09,,LH,국민임대,충북,0
2024-09,,LH,국민임대,충남,0
2024-09,,LH,국민임대,전북,0
2024-09,,LH,국민임대,전남,0
2024-09,,LH,국민임대,경북,0
2024-09,,LH,국민임대,경남,0
2024-09,,LH,국민임대,제주,0
2024-09,,LH,공공임대,전국,348
2024-09,,LH,공공임대,서울,94
2024-09,,LH,공공임대,인천,0
2024-09,,LH,공공임대,경기,136
2024-09,,LH,공공임대,부산,0
2024-09,,LH,공공임대,대구,0
2024-09,,LH,공공임대,광주,0
2024-09,,LH,공공임대,대전,0
2024-09,,LH,공공임대,울산,0
2024-09,,LH,공공임대,세종,0
2024-09,,LH,공공임대,강원,20
2024-09,,LH,공공임대,충북,0
2024-09,,LH,공공임대,충남,0
2024-09,,LH,공공임대,전북,0
2024-09,,LH,공공임대,전남,0
2024-09,,LH,공공임대,경북,98
2024-09,,LH,공공임대,경남,0
2024-09,,LH,공공임대,제주,0
2024-09,,LH,공공분양,전국,0
2024-09,,LH,공공분양,서울,0
2024-09,,LH,공공분양,인천,0
2024-09,,LH,공공분양,경기,0
2024-09,,LH,공공분양,부산,0
2024-09,,LH,공공분양,대구,0
2024-09,,LH,공공분양,광주,0
2024-09,,LH,공공분양,대전,0
2024-09,,LH,공공분양,울산,0
2024-09,,LH,공공분양,세종,0
2024-09,,LH,공공분양,강원,0
2024-09,,LH,공공분양,충북,0
2024-09,,LH,공공분양,충남,0
2024-09,,LH,공공분양,전북,0
2024-09,,LH,공공분양,전남,0
2024-09,,LH,공공분양,경북,0
2024-09,,LH,공공분양,경남,0
2024-09,,LH,공공분양,제주,0
2024-09,,주택업체,소계,전국,1618
2024-09,,주택업체,소계,서울,37
2024-09,,주택업체,소계,인천,1535
2024-09,,주택업체,소계,경기,0
2024-09,,주택업체,소계,부산,0
2024-09,,주택업체,소계,대구,0
2024-09,,주택업체,소계,광주,0
2024-09,,주택업체,소계,대전,46
2024-09,,주택업체,소계,울산,0
2024-09,,주택업체,소계,세종,0
2024-09,,주택업체,소계,강원,0
2024-09,,주택업체,소계,충북,0
2024-09,,주택업체,소계,충남,0
2024-09,,주택업체,소계,전북,0
2024-09,,주택업체,소계,전남,0
2024-09,,주택업체,소계,경북,0
2024-09,,주택업체,소계,경남,0
2024-09,,주택업체,소계,제주,0
2024-09,,주택업체,국민임대,전국,0
2024-09,,주택업체,국민임대,서울,0
2024-09,,주택업체,국민임대,인천,0
2024-09,,주택업체,국민임대,경기,0
2024-09,,주택업체,국민임대,부산,0
2024-09,,주택업체,국민임대,대구,0
2024-09,,주택업체,국민임대,광주,0
2024-09,,주택업체,국민임대,대전,0
2024-09,,주택업체,국민임대,울산,0
2024-09,,주택업체,국민임대,세종,0
2024-09,,주택업체,국민임대,강원,0
2024-09,,주택업체,국민임대,충북,0
2024-09,,주택업체,국민임대,충남,0
2024-09,,주택업체,국민임대,전북,0
2024-09,,주택업체,국민임대,전남,0
2024-09,,주택업체,국민임대,경북,0
2024-09,,주택업체,국민임대,경남,0
2024-09,,주택업체,국민임대,제주,0
2024-09,,주택업체,공공임대,전국,83
2024-09,,주택업체,공공임대,서울,37
2024-09,,주택업체,공공임대,인천,0
2024-09,,주택업체,공공임대,경기,0
2024-09,,주택업체,공공임대,부산,0
2024-09,,주택업체,공공임대,대구,0
2024-09,,주택업체,공공임대,광주,0
2024-09,,주택업체,공공임대,대전,46
2024-09,,주택업체,공공임대,울산,0
2024-09,,주택업체,공공임대,세종,0
2024-09,,주택업체,공공임대,강원,0
2024-09,,주택업체,공공임대,충북,0
2024-09,,주택업체,공공임대,충남,0
2024-09,,주택업체,공공임대,전북,0
2024-09,,주택업체,공공임대,전남,0
2024-09,,주택업체,공공임대,경북,0
2024-09,,주택업체,공공임대,경남,0
2024-09,,주택업체,공공임대,제주,0
2024-09,,주택업체,공공분양,전국,1535
2024-09,,주택업체,공공분양,서울,0
2024-09,,주택업체,공공분양,인천,1535
2024-09,,주택업체,공공분양,경기,0
2024-09,,주택업체,공공분양,부산,0
2024-09,,주택업체,공공분양,대구,0
2024-09,,주택업체,공공분양,광주,0
2024-09,,주택업체,공공분양,대전,0
2024-09,,주택업체,공공분양,울산,0
2024-09,,주택업체,공공분양,세종,0
2024-09,,주택업체,공공분양,강원,0
2024-09,,주택업체,공공분양,충북,0
2024-09,,주택업체,공공분양,충남,0
2024-09,,주택업체,공공분양,전북,0
2024-09,,주택업체,공공분양,전남,0
2024-09,,주택업체,공공분양,경북,0
2024-09,,주택업체,공공분양,경남,0
2024-09,,주택업체,공공분양,제주,0
2024-09,,민간부문,소계,전국,33906
2024-09,,민간부문,소계,서울,1985
2024-09,,민간부문,소계,인천,6786
2024-09,,민간부문,소계,경기,7644
2024-09,,민간부문,소계,부산,6323
2024-09,,민간부문,소계,대구,2024
2024-09,,민간부문,소계,광주,589
2024-09,,민간부문,소계,대전,599
2024-09,,민간부문,소계,울산,623
2024-09,,민간부문,소계,세종,669
2024-09,,민간부문,소계,강원,260
2024-09,,민간부문,소계,충북,170
2024-09,,민간부문,소계,충남,2154
2024-09,,민간부문,소계,전북,2587
2024-09,,민간부문,소계,전남,352
2024-09,,민간부문,소계,경북,730
2024-09,,민간부문,소계,경남,161
2024-09,,민간부문,소계,제주,250
2024-09,,민간,민간임대,전국,2173
2024-09,,민간,민간임대,서울,0
2024-09,,민간,민간임대,인천,1116
2024-09,,민간,민간임대,경기,0
2024-09,,민간,민간임대,부산,0
2024-09,,민간,민간임대,대구,0
2024-09,,민간,민간임대,광주,0
2024-09,,민간,민간임대,대전,0
2024-09,,민간,민간임대,울산,0
2024-09,,민간,민간임대,세종,0
2024-09,,민간,민간임대,강원,0
2024-09,,민간,민간임대,충북,0
2024-09,,민간,민간임대,충남,0
2024-09,,민간,민간임대,전북,905
2024-09,,민간,민간임대,전남,152
2024-09,,민간,민간임대,경북,0
2024-09,,민간,민간임대,경남,0
2024-09,,민간,민간임대,제주,0
2024-09,,민간,민간분양,전국,31733
2024-09,,민간,민간분양,서울,1985
2024-09,,민간,민간분양,인천,5670
2024-09,,민간,민간분양,경기,7644
2024-09,,민간,민간분양,부산,6323
2024-09,,민간,민간분양,대구,2024
2024-09,,민간,민간분양,광주,589
2024-09,,민간,민간분양,대전,599
2024-09,,민간,민간분양,울산,623
2024-09,,민간,민간분양,세종,669
2024-09,,민간,민간분양,강원,260
2024-09,,민간,민간분양,충북,170
2024-09,,민간,민간분양,충남,2154
2024-09,,민간,민간분양,전북,1682
2024-09,,민간,민간분양,전남,200
2024-09,,민간,민간분양,경북,730
2024-09,,민간,민간분양,경남,161
2024-09,,민간,민간분양,제주,250
2024-10,,총계,총계,전국,32909
2024-10,,총계,총계,서울,3387
2024-10,,총계,총계,인천,2780
2024-10,,총계,총계,경기,7823
2024-10,,총계,총계,부산,337
2024-10,,총계,총계,대구,1526
2024-10,,총계,총계,광주,6
2024-10,,총계,총계,대전,695
2024-10,,총계,총계,울산,221
2024-10,,총계,총계,세종,265
2024-10,,총계,총계,강원,1769
2024-10,,총계,총계,충북,3973
2024-10,,총계,총계,충남,410
2024-10,,총계,총계,전북,2145
2024-10,,총계,총계,전남,2684
2024-10,,총계,총계,경북,2005
2024-10,,총계,총계,경남,2555
2024-10,,총계,총계,제주,328
2024-10,,공공부문,소계,전국,2094
2024-10,,공공부문,소계,서울,0
2024-10,,공공부문,소계,인천,961
2024-10,,공공부문,소계,경기,289
2024-10,,공공부문,소계,부산,0
2024-10,,공공부문,소계,대구,0
2024-10,,공공부문,소계,광주,0
2024-10,,공공부문,소계,대전,237
2024-10,,공공부문,소계,울산,0
2024-10,,공공부문,소계,세종,0
2024-10,,공공부문,소계,강원,0
2024-10,,공공부문,소계,충북,552
2024-10,,공공부문,소계,충남,0
2024-10,,공공부문,소계,전북,0
2024-10,,공공부문,소계,전남,0
2024-10,,공공부문,소계,경북,40
2024-10,,공공부문,소계,경남,0
2024-10,,공공부문,소계,제주,15
2024-10,,합,국민임대,전국,15
2024-10,,합,국민임대,서울,0
2024-10,,합,국민임대,인천,0
2024-10,,합,국민임대,경기,0
2024-10,,합,국민임대,부산,0
2024-10,,합,국민임대,대구,0
2024-10,,합,국민임대,광주,0
2024-10,,합,국민임대,대전,0
2024-10,,합,국민임대,울산,0
2024-10,,합,국민임대,세종,0
2024-10,,합,국민임대,강원,0
2024-10,,합,국민임대,충북,0
2024-10,,합,국민임대,충남,0
2024-10,,합,국민임대,전북,0
2024-10,,합,국민임대,전남,0
2024-10,,합,국민임대,경북,0
2024-10,,합,국민임대,경남,0
2024-10,,합,국민임대,제주,15
2024-10,,합,공공임대,전국,925
2024-10,,합,공공임대,서울,0
2024-10,,합,공공임대,인천,0
2024-10,,합,공공임대,경기,96
2024-10,,합,공공임대,부산,0
2024-10,,합,공공임대,대구,0
2024-10,,합,공공임대,광주,0
2024-10,,합,공공임대,대전,237
2024-10,,합,공공임대,울산,0
2024-10,,합,공공임대,세종,0
2024-10,,합,공공임대,강원,0
2024-10,,합,공공임대,충북,552
2024-10,,합,공공임대,충남,0
2024-10,,합,공공임대,전북,0
2024-10,,합,공공임대,전남,0
2024-10,,합,공공임대,경북,40
2024-10,,합,공공임대,경남,0
2024-10,,합,공공임대,제주,0
2024-10,,합,공공분양,전국,1154
2024-10,,합,공공분양,서울,0
2024-10,,합,공공분양,인천,961
2024-10,,합,공공분양,경기,193
2024-10,,합,공공분양,부산,0
2024-10,,합,공공분양,대구,0
2024-10,,합,공공분양,광주,0
2024-10,,합,공공분양,대전,0
2024-10,,합,공공분양,울산,0
2024-10,,합,공공분양,세종,0
2024-10,,합,공공분양,강원,0
2024-10,,합,공공분양,충북,0
2024-10,,합,공공분양,충남,0
2024-10,,합,공공분양,전북,0
2024-10,,합,공공분양,전남,0
2024-10,,합,공공분양,경북,0
2024-10,,합,공공분양,경남,0
2024-10,,합,공공분양,제주,0
2024-10,,지자체,소계,전국,0
2024-10,,지자체,소계,서울,0
2024-10,,지자체,소계,인천,0
2024-10,,지자체,소계,경기,0
2024-10,,지자체,소계,부산,0
2024-10,,지자체,소계,대구,0
2024-10,,지자체,소계,광주,0
2024-10,,지자체,소계,대전,0
2024-10,,지자체,소계,울산,0
2024-10,,지자체,소계,세종,0
2024-10,,지자체,소계,강원,0
2024-10,,지자체,소계,충북,0
2024-10,,지자체,소계,충남,0
2024-10,,지자체,소계,전북,0
2024-10,,지자체,소계,전남,0
2024-10,,지자체,소계,경북,0
2024-10,,지자체,소계,경남,0
2024-10,,지자체,소계,제주,0
2024-10,,지자체,국민임대,전국,0
2024-10,,지자체,국민임대,서울,0
2024-10,,지자체,국민임대,인천,0
2024-10,,지자체,국민임대,경기,0
2024-10,,지자체,국민임대,부산,0
2024-10,,지자체,국민임대,대구,0
2024-10,,지자체,국민임대,광주,0
2024-10,,지자체,국민임대,대전,0
2024-10,,지자체,국민임대,울산,0
2024-10,,지자체,국민임대,세종,0
2024-10,,지자체,국민임대,강원,0
2024-10,,지자체,국민임대,충북,0
2024-10,,지자체,국민임대,충남,0
2024-10,,지자체,국민임대,전북,0
2024-10,,지자체,국민임대,전남,0
2024-10,,지자체,국민임대,경북,0
2024-10,,지자체,국민임대,경남,0
2024-10,,지자체,국민임대,제주,0
2024-10,,지자체,공공임대,전국,0
2024-10,,지자체,공공임대,서울,0
2024-10,,지자체,공공임대,인천,0
2024-10,,지자체,공공임대,경기,0
2024-10,,지자체,공공임대,부산,0
2024-10,,지자체,공공임대,대구,0
2024-10,,지자체,공공임대,광주,0
2024-10,,지자체,공공임대,대전,0
2024-10,,지자체,공공임대,울산,0
2024-10,,지자체,공공임대,세종,0
2024-10,,지자체,공공임대,강원,0
2024-10,,지자체,공공임대,충북,0
2024-10,,지자체,공공임대,충남,0
2024-10,,지자체,공공임대,전북,0
2024-10,,지자체,공공임대,전남,0
2024-10,,지자체,공공임대,경북,0
2024-10,,지자체,공공임대,경남,0
2024-10,,지자체,공공임대,제주,0
2024-10,,지자체,공공분양,전국,0
2024-10,,지자체,공공분양,서울,0
2024-10,,지자체,공공분양,인천,0
2024-10,,지자체,공공분양,경기,0
2024-10,,지자체,공공분양,부산,0
2024-10,,지자체,공공분양,대구,0
2024-10,,지자체,공공분양,광주,0
2024-10,,지자체,공공분양,대전,0
2024-10,,지자체,공공분양,울산,0
2024-10,,지자체,공공분양,세종,0
2024-10,,지자체,공공분양,강원,0
2024-10,,지자체,공공분양,충북,0
2024-10,,지자체,공공분양,충남,0
2024-10,,지자체,공공분양,전북,0
2024-10,,지자체,공공분양,전남,0
2024-10,,지자체,공공분양,경북,0
2024-10,,지자체,공공분양,경남,0
2024-10,,지자체,공공분양,제주,0
2024-10,,LH,소계,전국,1802
2024-10,,LH,소계,서울,0
2024-10,,LH,소계,인천,961
2024-10,,LH,소계,경기,289
2024-10,,LH,소계,부산,0
2024-10,,LH,소계,대구,0
2024-10,,LH,소계,광주,0
2024-10,,LH,소계,대전,0
2024-10,,LH,소계,울산,0
2024-10,,LH,소계,세종,0
2024-10,,LH,소계,강원,0
2024-10,,LH,소계,충북,552
2024-10,,LH,소계,충남,0
2024-10,,LH,소계,전북,0
2024-10,,LH,소계,전남,0
2024-10,,LH,소계,경북,0
2024-10,,LH,소계,경남,0
2024-10,,LH,소계,제주,0
2024-10,,LH,국민임대,전국,0
2024-10,,LH,국민임대,서울,0
2024-10,,LH,국민임대,인천,0
2024-10,,LH,국민임대,경기,0
2024-10,,LH,국민임대,부산,0
2024-10,,LH,국민임대,대구,0
2024-10,,LH,국민임대,광주,0
2024-10,,LH,국민임대,대전,0
2024-10,,LH,국민임대,울산,0
2024-10,,LH,국민임대,세종,0
2024-10,,LH,국민임대,강원,0
2024-10,,LH,국민임대,충북,0
2024-10,,LH,국민임대,충남,0
2024-10,,LH,국민임대,전북,0
2024-10,,LH,국민임대,전남,0
2024-10,,LH,국민임대,경북,0
2024-10,,LH,국민임대,경남,0
2024-10,,LH,국민임대,제주,0
2024-10,,LH,공공임대,전국,648
2024-10,,LH,공공임대,서울,0
2024-10,,LH,공공임대,인천,0
2024-10,,LH,공공임대,경기,96
2024-10,,LH,공공임대,부산,0
2024-10,,LH,공공임대,대구,0
2024-10,,LH,공공임대,광주,0
2024-10,,LH,공공임대,대전,0
2024-10,,LH,공공임대,울산,0
2024-10,,LH,공공임대,세종,0
2024-10,,LH,공공임대,강원,0
2024-10,,LH,공공임대,충북,552
2024-10,,LH,공공임대,충남,0
2024-10,,LH,공공임대,전북,0
2024-10,,LH,공공임대,전남,0
2024-10,,LH,공공임대,경북,0
2024-10,,LH,공공임대,경남,0
2024-10,,LH,공공임대,제주,0
2024-10,,LH,공공분양,전국,1154
2024-10,,LH,공공분양,서울,0
2024-10,,LH,공공분양,인천,961
2024-10,,LH,공공분양,경기,193
2024-10,,LH,공공분양,부산,0
2024-10,,LH,공공분양,대구,0
2024-10,,LH,공공분양,광주,0
2024-10,,LH,공공분양,대전,0
2024-10,,LH,공공분양,울산,0
2024-10,,LH,공공분양,세종,0
2024-10,,LH,공공분양,강원,0
2024-10,,LH,공공분양,충북,0
2024-10,,LH,공공분양,충남,0
2024-10,,LH,공공분양,전북,0
2024-10,,LH,공공분양,전남,0
2024-10,,LH,공공분양,경북,0
2024-10,,LH,공공분양,경남,0
2024-10,,LH,공공분양,제주,0
2024-10,,주택업체,소계,전국,292
2024-10,,주택업체,소계,서울,0
2024-10,,주택업체,소계,인천,0
2024-10,,주택업체,소계,경기,0
2024-10,,주택업체,소계,부산,0
2024-10,,주택업체,소계,대구,0
2024-10,,주택업체,소계,광주,0
2024-10,,주택업체,소계,대전,237
2024-10,,주택업체,소계,울산,0
2024-10,,주택업체,소계,세종,0
2024-10,,주택업체,소계,강원,0
2024-10,,주택업체,소계,충북,0
2024-10,,주택업체,소계,충남,0
2024-10,,주택업체,소계,전북,0
2024-10,,주택업체,소계,전남,0
2024-10,,주택업체,소계,경북,40
2024-10,,주택업체,소계,경남,0
2024-10,,주택업체,소계,제주,15
2024-10,,주택업체,국민임대,전국,15
2024-10,,주택업체,국민임대,서울,0
2024-10,,주택업체,국민임대,인천,0
2024-10,,주택업체,국민임대,경기,0
2024-10,,주택업체,국민임대,부산,0
2024-10,,주택업체,국민임대,대구,0
2024-10,,주택업체,국민임대,광주,0
2024-10,,주택업체,국민임대,대전,0
2024-10,,주택업체,국민임대,울산,0
2024-10,,주택업체,국민임대,세종,0
2024-10,,주택업체,국민임대,강원,0
2024-10,,주택업체,국민임대,충북,0
2024-10,,주택업체,국민임대,충남,0
2024-10,,주택업체,국민임대,전북,0
2024-10,,주택업체,국민임대,전남,0
2024-10,,주택업체,국민임대,경북,0
2024-10,,주택업체,국민임대,경남,0
2024-10,,주택업체,국민임대,제주,15
2024-10,,주택업체,공공임대,전국,277
2024-10,,주택업체,공공임대,서울,0
2024-10,,주택업체,공공임대,인천,0
2024-10,,주택업체,공공임대,경기,0
2024-10,,주택업체,공공임대,부산,0
2024-10,,주택업체,공공임대,대구,0
2024-10,,주택업체,공공임대,광주,0
2024-10,,주택업체,공공임대,대전,237
2024-10,,주택업체,공공임대,울산,0
2024-10,,주택업체,공공임대,세종,0
2024-10,,주택업체,공공임대,강원,0
2024-10,,주택업체,공공임대,충북,0
2024-10,,주택업체,공공임대,충남,0
2024-10,,주택업체,공공임대,전북,0
2024-10,,주택업체,공공임대,전남,0
2024-10,,주택업체,공공임대,경북,40
2024-10,,주택업체,공공임대,경남,0
2024-10,,주택업체,공공임대,제주,0
2024-10,,주택업체,공공분양,전국,0
2024-10,,주택업체,공공분양,서울,0
2024-10,,주택업체,공공분양,인천,0
2024-10,,주택업체,공공분양,경기,0
2024-10,,주택업체,공공분양,부산,0
2024-10,,주택업체,공공분양,대구,0
2024-10,,주택업체,공공분양,광주,0
2024-10,,주택업체,공공분양,대전,0
2024-10,,주택업체,공공분양,울산,0
2024-10,,주택업체,공공분양,세종,0
2024-10,,주택업체,공공분양,강원,0
2024-10,,주택업체,공공분양,충북,0
2024-10,,주택업체,공공분양,충남,0
2024-10,,주택업체,공공분양,전북,0
2024-10,,주택업체,공공분양,전남,0
2024-10,,주택업체,공공분양,경북,0
2024-10,,주택업체,공공분양,경남,0
2024-10,,주택업체,공공분양,제주,0
2024-10,,민간부문,소계,전국,30815
2024-10,,민간부문,소계,서울,3387
2024-10,,민간부문,소계,인천,1819
2024-10,,민간부문,소계,경기,7534
2024-10,,민간부문,소계,부산,337
2024-10,,민간부문,소계,대구,1526
2024-10,,민간부문,소계,광주,6
2024-10,,민간부문,소계,대전,458
2024-10,,민간부문,소계,울산,221
2024-10,,민간부문,소계,세종,265
2024-10,,민간부문,소계,강원,1769
2024-10,,민간부문,소계,충북,3421
2024-10,,민간부문,소계,충남,410
2024-10,,민간부문,소계,전북,2145
2024-10,,민간부문,소계,전남,2684
2024-10,,민간부문,소계,경북,1965
2024-10,,민간부문,소계,경남,2555
2024-10,,민간부문,소계,제주,313
2024-10,,민간,민간임대,전국,2806
2024-10,,민간,민간임대,서울,576
2024-10,,민간,민간임대,인천,0
2024-10,,민간,민간임대,경기,0
2024-10,,민간,민간임대,부산,0
2024-10,,민간,민간임대,대구,0
2024-10,,민간,민간임대,광주,0
2024-10,,민간,민간임대,대전,0
2024-10,,민간,민간임대,울산,0
2024-10,,민간,민간임대,세종,0
2024-10,,민간,민간임대,강원,0
2024-10,,민간,민간임대,충북,2230
2024-10,,민간,민간임대,충남,0
2024-10,,민간,민간임대,전북,0
2024-10,,민간,민간임대,전남,0
2024-10,,민간,민간임대,경북,0
2024-10,,민간,민간임대,경남,0
2024-10,,민간,민간임대,제주,0
2024-10,,민간,민간분양,전국,28009
2024-10,,민간,민간분양,서울,2811
2024-10,,민간,민간분양,인천,1819
2024-10,,민간,민간분양,경기,7534
2024-10,,민간,민간분양,부산,337
2024-10,,민간,민간분양,대구,1526
2024-10,,민간,민간분양,광주,6
2024-10,,민간,민간분양,대전,458
2024-10,,민간,민간분양,울산,221
2024-10,,민간,민간분양,세종,265
2024-10,,민간,민간분양,강원,1769
2024-10,,민간,민간분양,충북,1191
2024-10,,민간,민간분양,충남,410
2024-10,,민간,민간분양,전북,2145
2024-10,,민간,민간분양,전남,2684
2024-10,,민간,민간분양,경북,1965
2024-10,,민간,민간분양,경남,2555
2024-10,,민간,민간분양,제주,313
2024-11,,총계,총계,전국,45343
2024-11,,총계,총계,서울,13719
2024-11,,총계,총계,인천,2911
2024-11,,총계,총계,경기,7687
2024-11,,총계,총계,부산,1229
2024-11,,총계,총계,대구,3248
2024-11,,총계,총계,광주,745
2024-11,,총계,총계,대전,2276
2024-11,,총계,총계,울산,22
2024-11,,총계,총계,세종,59
2024-11,,총계,총계,강원,2500
2024-11,,총계,총계,충북,3707
2024-11,,총계,총계,충남,1048
2024-11,,총계,총계,전북,668
2024-11,,총계,총계,전남,489
2024-11,,총계,총계,경북,4752
2024-11,,총계,총계,경남,189
2024-11,,총계,총계,제주,94
2024-11,,공공부문,소계,전국,4009
2024-11,,공공부문,소계,서울,0
2024-11,,공공부문,소계,인천,675
2024-11,,공공부문,소계,경기,407
2024-11,,공공부문,소계,부산,498
2024-11,,공공부문,소계,대구,0
2024-11,,공공부문,소계,광주,0
2024-11,,공공부문,소계,대전,2135
2024-11,,공공부문,소계,울산,0
2024-11,,공공부문,소계,세종,0
2024-11,,공공부문,소계,강원,90
2024-11,,공공부문,소계,충북,204
2024-11,,공공부문,소계,충남,0
2024-11,,공공부문,소계,전북,0
2024-11,,공공부문,소계,전남,0
2024-11,,공공부문,소계,경북,0
2024-11,,공공부문,소계,경남,0
2024-11,,공공부문,소계,제주,0
2024-11,,합,국민임대,전국,116
2024-11,,합,국민임대,서울,0
2024-11,,합,국민임대,인천,0
2024-11,,합,국민임대,경기,0
2024-11,,합,국민임대,부산,0
2024-11,,합,국민임대,대구,0
2024-11,,합,국민임대,광주,0
2024-11,,합,국민임대,대전,0
2024-11,,합,국민임대,울산,0
2024-11,,합,국민임대,세종,0
2024-11,,합,국민임대,강원,0
2024-11,,합,국민임대,충북,116
2024-11,,합,국민임대,충남,0
2024-11,,합,국민임대,전북,0
2024-11,,합,국민임대,전남,0
2024-11,,합,국민임대,경북,0
2024-11,,합,국민임대,경남,0
2024-11,,합,국민임대,제주,0
2024-11,,합,공공임대,전국,1123
2024-11,,합,공공임대,서울,0
2024-11,,합,공공임대,인천,0
2024-11,,합,공공임대,경기,129
2024-11,,합,공공임대,부산,104
2024-11,,합,공공임대,대구,0
2024-11,,합,공공임대,광주,0
2024-11,,합,공공임대,대전,712
2024-11,,합,공공임대,울산,0
2024-11,,합,공공임대,세종,0
2024-11,,합,공공임대,강원,90
2024-11,,합,공공임대,충북,88
2024-11,,합,공공임대,충남,0
2024-11,,합,공공임대,전북,0
2024-11,,합,공공임대,전남,0
2024-11,,합,공공임대,경북,0
2024-11,,합,공공임대,경남,0
2024-11,,합,공공임대,제주,0
2024-11,,합,공공분양,전국,2770
2024-11,,합,공공분양,서울,0
2024-11,,합,공공분양,인천,675
2024-11,,합,공공분양,경기,278
2024-11,,합,공공분양,부산,394
2024-11,,합,공공분양,대구,0
2024-11,,합,공공분양,광주,0
2024-11,,합,공공분양,대전,1423
2024-11,,합,공공분양,울산,0
2024-11,,합,공공분양,세종,0
2024-11,,합,공공분양,강원,0
2024-11,,합,공공분양,충북,0
2024-11,,합,공공분양,충남,0
2024-11,,합,공공분양,전북,0
2024-11,,합,공공분양,전남,0
2024-11,,합,공공분양,경북,0
2024-11,,합,공공분양,경남,0
2024-11,,합,공공분양,제주,0
2024-11,,지자체,소계,전국,0
2024-11,,지자체,소계,서울,0
2024-11,,지자체,소계,인천,0
2024-11,,지자체,소계,경기,0
2024-11,,지자체,소계,부산,0
2024-11,,지자체,소계,대구,0
2024-11,,지자체,소계,광주,0
2024-11,,지자체,소계,대전,0
2024-11,,지자체,소계,울산,0
2024-11,,지자체,소계,세종,0
2024-11,,지자체,소계,강원,0
2024-11,,지자체,소계,충북,0
2024-11,,지자체,소계,충남,0
2024-11,,지자체,소계,전북,0
2024-11,,지자체,소계,전남,0
2024-11,,지자체,소계,경북,0
2024-11,,지자체,소계,경남,0
2024-11,,지자체,소계,제주,0
2024-11,,지자체,국민임대,전국,0
2024-11,,지자체,국민임대,서울,0
2024-11,,지자체,국민임대,인천,0
2024-11,,지자체,국민임대,경기,0
2024-11,,지자체,국민임대,부산,0
2024-11,,지자체,국민임대,대구,0
2024-11,,지자체,국민임대,광주,0
2024-11,,지자체,국민임대,대전,0
2024-11,,지자체,국민임대,울산,0
2024-11,,지자체,국민임대,세종,0
2024-11,,지자체,국민임대,강원,0
2024-11,,지자체,국민임대,충북,0
2024-11,,지자체,국민임대,충남,0
2024-11,,지자체,국민임대,전북,0
2024-11,,지자체,국민임대,전남,0
2024-11,,지자체,국민임대,경북,0
2024-11,,지자체,국민임대,경남,0
2024-11,,지자체,국민임대,제주,0
2024-11,,지자체,공공임대,전국,0
2024-11,,지자체,공공임대,서울,0
2024-11,,지자체,공공임대,인천,0
2024-11,,지자체,공공임대,경기,0
2024-11,,지자체,공공임대,부산,0
2024-11,,지자체,공공임대,대구,0
2024-11,,지자체,공공임대,광주,0
2024-11,,지자체,공공임대,대전,0
2024-11,,지자체,공공임대,울산,0
2024-11,,지자체,공공임대,세종,0
2024-11,,지자체,공공임대,강원,0
2024-11,,지자체,공공임대,충북,0
2024-11,,지자체,공공임대,충남,0
2024-11,,지자체,공공임대,전북,0
2024-11,,지자체,공공임대,전남,0
2024-11,,지자체,공공임대,경북,0
2024-11,,지자체,공공임대,경남,0
2024-11,,지자체,공공임대,제주,0
2024-11,,지자체,공공분양,전국,0
2024-11,,지자체,공공분양,서울,0
2024-11,,지자체,공공분양,인천,0
2024-11,,지자체,공공분양,경기,0
2024-11,,지자체,공공분양,부산,0
2024-11,,지자체,공공분양,대구,0
2024-11,,지자체,공공분양,광주,0
2024-11,,지자체,공공분양,대전,0
2024-11,,지자체,공공분양,울산,0
2024-11,,지자체,공공분양,세종,0
2024-11,,지자체,공공분양,강원,0
2024-11,,지자체,공공분양,충북,0
2024-11,,지자체,공공분양,충남,0
2024-11,,지자체,공공분양,전북,0
2024-11,,지자체,공공분양,전남,0
2024-11,,지자체,공공분양,경북,0
2024-11,,지자체,공공분양,경남,0
2024-11,,지자체,공공분양,제주,0
2024-11,,LH,소계,전국,4009
2024-11,,LH,소계,서울,0
2024-11,,LH,소계,인천,675
2024-11,,LH,소계,경기,407
2024-11,,LH,소계,부산,498
2024-11,,LH,소계,대구,0
2024-11,,LH,소계,광주,0
2024-11,,LH,소계,대전,2135
2024-11,,LH,소계,울산,0
2024-11,,LH,소계,세종,0
2024-11,,LH,소계,강원,90
2024-11,,LH,소계,충북,204
2024-11,,LH,소계,충남,0
2024-11,,LH,소계,전북,0
2024-11,,LH,소계,전남,0
2024-11,,LH,소계,경북,0
2024-11,,LH,소계,경남,0
2024-11,,LH,소계,제주,0
2024-11,,LH,국민임대,전국,116
2024-11,,LH,국민임대,서울,0
2024-11,,LH,국민임대,인천,0
2024-11,,LH,국민임대,경기,0
2024-11,,LH,국민임대,부산,0
2024-11,,LH,국민임대,대구,0
2024-11,,LH,국민임대,광주,0
2024-11,,LH,국민임대,대전,0
2024-11,,LH,국민임대,울산,0
2024-11,,LH,국민임대,세종,0
2024-11,,LH,국민임대,강원,0
2024-11,,LH,국민임대,충북,116
2024-11,,LH,국민임대,충남,0
2024-11,,LH,국민임대,전북,0
2024-11,,LH,국민임대,전남,0
2024-11,,LH,국민임대,경북,0
2024-11,,LH,국민임대,경남,0
2024-11,,LH,국민임대,제주,0
2024-11,,LH,공공임대,전국,1123
2024-11,,LH,공공임대,서울,0
2024-11,,LH,공공임대,인천,0
2024-11,,LH,공공임대,경기,129
2024-11,,LH,공공임대,부산,104
2024-11,,LH,공공임대,대구,0
2024-11,,LH,공공임대,광주,0
2024-11,,LH,공공임대,대전,712
2024-11,,LH,공공임대,울산,0
2024-11,,LH,공공임대,세종,0
2024-11,,LH,공공임대,강원,90
2024-11,,LH,공공임대,충북,88
2024-11,,LH,공공임대,충남,0
2024-11,,LH,공공임대,전북,0
2024-11,,LH,공공임대,전남,0
2024-11,,LH,공공임대,경북,0
2024-11,,LH,공공임대,경남,0
2024-11,,LH,공공임대,제주,0
2024-11,,LH,공공분양,전국,2770
2024-11,,LH,공공분양,서울,0
2024-11,,LH,공공분양,인천,675
2024-11,,LH,공공분양,경기,278
2024-11,,LH,공공분양,부산,394
2024-11,,LH,공공분양,대구,0
2024-11,,LH,공공분양,광주,0
2024-11,,LH,공공분양,대전,1423
2024-11,,LH,공공분양,울산,0
2024-11,,LH,공공분양,세종,0
2024-11,,LH,공공분양,강원,0
2024-11,,LH,공공분양,충북,0
2024-11,,LH,공공분양,충남,0
2024-11,,LH,공공분양,전북,0
2024-11,,LH,공공분양,전남,0
2024-11,,LH,공공분양,경북,0
2024-11,,LH,공공분양,경남,0
2024-11,,LH,공공분양,제주,0
2024-11,,주택업체,소계,전국,0
2024-11,,주택업체,소계,서울,0
2024-11,,주택업체,소계,인천,0
2024-11,,주택업체,소계,경기,0
2024-11,,주택업체,소계,부산,0
2024-11,,주택업체,소계,대구,0
2024-11,,주택업체,소계,광주,0
2024-11,,주택업체,소계,대전,0
2024-11,,주택업체,소계,울산,0
2024-11,,주택업체,소계,세종,0
2024-11,,주택업체,소계,강원,0
2024-11,,주택업체,소계,충북,0
2024-11,,주택업체,소계,충남,0
2024-11,,주택업체,소계,전북,0
2024-11,,주택업체,소계,전남,0
2024-11,,주택업체,소계,경북,0
2024-11,,주택업체,소계,경남,0
2024-11,,주택업체,소계,제주,0
2024-11,,주택업체,국민임대,전국,0
2024-11,,주택업체,국민임대,서울,0
2024-11,,주택업체,국민임대,인천,0
2024-11,,주택업체,국민임대,경기,0
2024-11,,주택업체,국민임대,부산,0
2024-11,,주택업체,국민임대,대구,0
2024-11,,주택업체,국민임대,광주,0
2024-11,,주택업체,국민임대,대전,0
2024-11,,주택업체,국민임대,울산,0
2024-11,,주택업체,국민임대,세종,0
2024-11,,주택업체,국민임대,강원,0
2024-11,,주택업체,국민임대,충북,0
2024-11,,주택업체,국민임대,충남,0
2024-11,,주택업체,국민임대,전북,0
2024-11,,주택업체,국민임대,전남,0
2024-11,,주택업체,국민임대,경북,0
2024-11,,주택업체,국민임대,경남,0
2024-11,,주택업체,국민임대,제주,0
2024-11,,주택업체,공공임대,전국,0
2024-11,,주택업체,공공임대,서울,0
2024-11,,주택업체,공공임대,인천,0
2024-11,,주택업체,공공임대,경기,0
2024-11,,주택업체,공공임대,부산,0
2024-11,,주택업체,공공임대,대구,0
2024-11,,주택업체,공공임대,광주,0
2024-11,,주택업체,공공임대,대전,0
2024-11,,주택업체,공공임대,울산,0
2024-11,,주택업체,공공임대,세종,0
2024-11,,주택업체,공공임대,강원,0
2024-11,,주택업체,공공임대,충북,0
2024-11,,주택업체,공공임대,충남,0
2024-11,,주택업체,공공임대,전북,0
2024-11,,주택업체,공공임대,전남,0
2024-11,,주택업체,공공임대,경북,0
2024-11,,주택업체,공공임대,경남,0
2024-11,,주택업체,공공임대,제주,0
2024-11,,주택업체,공공분양,전국,0
2024-11,,주택업체,공공분양,서울,0
2024-11,,주택업체,공공분양,인천,0
2024-11,,주택업체,공공분양,경기,0
2024-11,,주택업체,공공분양,부산,0
2024-11,,주택업체,공공분양,대구,0
2024-11,,주택업체,공공분양,광주,0
2024-11,,주택업체,공공분양,대전,0
2024-11,,주택업체,공공분양,울산,0
2024-11,,주택업체,공공분양,세종,0
2024-11,,주택업체,공공분양,강원,0
2024-11,,주택업체,공공분양,충북,0
2024-11,,주택업체,공공분양,충남,0
2024-11,,주택업체,공공분양,전북,0
2024-11,,주택업체,공공분양,전남,0
2024-11,,주택업체,공공분양,경북,0
2024-11,,주택업체,공공분양,경남,0
2024-11,,주택업체,공공분양,제주,0
2024-11,,민간부문,소계,전국,41334
2024-11,,민간부문,소계,서울,13719
2024-11,,민간부문,소계,인천,2236
2024-11,,민간부문,소계,경기,7280
2024-11,,민간부문,소계,부산,731
2024-11,,민간부문,소계,대구,3248
2024-11,,민간부문,소계,광주,745
2024-11,,민간부문,소계,대전,141
2024-11,,민간부문,소계,울산,22
2024-11,,민간부문,소계,세종,59
2024-11,,민간부문,소계,강원,2410
2024-11,,민간부문,소계,충북,3503
2024-11,,민간부문,소계,충남,1048
2024-11,,민간부문,소계,전북,668
2024-11,,민간부문,소계,전남,489
2024-11,,민간부문,소계,경북,4752
2024-11,,민간부문,소계,경남,189
2024-11,,민간부문,소계,제주,94
2024-11,,민간,민간임대,전국,1352
2024-11,,민간,민간임대,서울,0
2024-11,,민간,민간임대,인천,80
2024-11,,민간,민간임대,경기,0
2024-11,,민간,민간임대,부산,0
2024-11,,민간,민간임대,대구,0
2024-11,,민간,민간임대,광주,0
2024-11,,민간,민간임대,대전,0
2024-11,,민간,민간임대,울산,0
2024-11,,민간,민간임대,세종,0
2024-11,,민간,민간임대,강원,0
2024-11,,민간,민간임대,충북,930
2024-11,,민간,민간임대,충남,0
2024-11,,민간,민간임대,전북,342
2024-11,,민간,민간임대,전남,0
2024-11,,민간,민간임대,경북,0
2024-11,,민간,민간임대,경남,0
2024-11,,민간,민간임대,제주,0
2024-11,,민간,민간분양,전국,39982
2024-11,,민간,민간분양,서울,13719
2024-11,,민간,민간분양,인천,2156
2024-11,,민간,민간분양,경기,7280
2024-11,,민간,민간분양,부산,731
2024-11,,민간,민간분양,대구,3248
2024-11,,민간,민간분양,광주,745
2024-11,,민간,민간분양,대전,141
2024-11,,민간,민간분양,울산,22
2024-11,,민간,민간분양,세종,59
2024-11,,민간,민간분양,강원,2410
2024-11,,민간,민간분양,충북,2573
2024-11,,민간,민간분양,충남,1048
2024-11,,민간,민간분양,전북,326
2024-11,,민간,민간분양,전남,489
2024-11,,민간,민간분양,경북,4752
2024-11,,민간,민간분양,경남,189
2024-11,,민간,민간분양,제주,94
2024-12,,총계,총계,전국,49231
2024-12,,총계,총계,서울,3921
2024-12,,총계,총계,인천,5203
2024-12,,총계,총계,경기,12027
2024-12,,총계,총계,부산,918
2024-12,,총계,총계,대구,1908
2024-12,,총계,총계,광주,2188
2024-12,,총계,총계,대전,33
2024-12,,총계,총계,울산,825
2024-12,,총계,총계,세종,1507
2024-12,,총계,총계,강원,3098
2024-12,,총계,총계,충북,558
2024-12,,총계,총계,충남,4027
2024-12,,총계,총계,전북,840
2024-12,,총계,총계,전남,2235
2024-12,,총계,총계,경북,3346
2024-12,,총계,총계,경남,5736
2024-12,,총계,총계,제주,861
2024-12,,공공부문,소계,전국,6227
2024-12,,공공부문,소계,서울,854
2024-12,,공공부문,소계,인천,0
2024-12,,공공부문,소계,경기,58
2024-12,,공공부문,소계,부산,42
2024-12,,공공부문,소계,대구,0
2024-12,,공공부문,소계,광주,1224
2024-12,,공공부문,소계,대전,0
2024-12,,공공부문,소계,울산,800
2024-12,,공공부문,소계,세종,1451
2024-12,,공공부문,소계,강원,280
2024-12,,공공부문,소계,충북,32
2024-12,,공공부문,소계,충남,0
2024-12,,공공부문,소계,전북,520
2024-12,,공공부문,소계,전남,0
2024-12,,공공부문,소계,경북,0
2024-12,,공공부문,소계,경남,966
2024-12,,공공부문,소계,제주,0
2024-12,,합,국민임대,전국,990
2024-12,,합,국민임대,서울,317
2024-12,,합,국민임대,인천,0
2024-12,,합,국민임대,경기,0
2024-12,,합,국민임대,부산,0
2024-12,,합,국민임대,대구,0
2024-12,,합,국민임대,광주,0
2024-12,,합,국민임대,대전,0
2024-12,,합,국민임대,울산,0
2024-12,,합,국민임대,세종,0
2024-12,,합,국민임대,강원,70
2024-12,,합,국민임대,충북,0
2024-12,,합,국민임대,충남,0
2024-12,,합,국민임대,전북,200
2024-12,,합,국민임대,전남,0
2024-12,,합,국민임대,경북,0
2024-12,,합,국민임대,경남,403
2024-12,,합,국민임대,제주,0
2024-12,,합,공공임대,전국,3620
2024-12,,합,공공임대,서울,537
2024-12,,합,공공임대,인천,0
2024-12,,합,공공임대,경기,58
2024-12,,합,공공임대,부산,42
2024-12,,합,공공임대,대구,0
2024-12,,합,공공임대,광주,483
2024-12,,합,공공임대,대전,0
2024-12,,합,공공임대,울산,800
2024-12,,합,공공임대,세종,575
2024-12,,합,공공임대,강원,210
2024-12,,합,공공임대,충북,32
2024-12,,합,공공임대,충남,0
2024-12,,합,공공임대,전북,320
2024-12,,합,공공임대,전남,0
2024-12,,합,공공임대,경북,0
2024-12,,합,공공임대,경남,563
2024-12,,합,공공임대,제주,0
2024-12,,합,공공분양,전국,1617
2024-12,,합,공공분양,서울,0
2024-12,,합,공공분양,인천,0
2024-12,,합,공공분양,경기,0
2024-12,,합,공공분양,부산,0
2024-12,,합,공공분양,대구,0
2024-12,,합,공공분양,광주,741
2024-12,,합,공공분양,대전,0
2024-12,,합,공공분양,울산,0
2024-12,,합,공공분양,세종,876
2024-12,,합,공공분양,강원,0
2024-12,,합,공공분양,충북,0
2024-12,,합,공공분양,충남,0
2024-12,,합,공공분양,전북,0
2024-12,,합,공공분양,전남,0
2024-12,,합,공공분양,경북,0
2024-12,,합,공공분양,경남,0
2024-12,,합,공공분양,제주,0
2024-12,,지자체,소계,전국,0
2024-12,,지자체,소계,서울,0
2024-12,,지자체,소계,인천,0
2024-12,,지자체,소계,경기,0
2024-12,,지자체,소계,부산,0
2024-12,,지자체,소계,대구,0
2024-12,,지자체,소계,광주,0
2024-12,,지자체,소계,대전,0
2024-12,,지자체,소계,울산,0
2024-12,,지자체,소계,세종,0
2024-12,,지자체,소계,강원,0
2024-12,,지자체,소계,충북,0
2024-12,,지자체,소계,충남,0
2024-12,,지자체,소계,전북,0
2024-12,,지자체,소계,전남,0
2024-12,,지자체,소계,경북,0
2024-12,,지자체,소계,경남,0
2024-12,,지자체,소계,제주,0
2024-12,,지자체,국민임대,전국,0
2024-12,,지자체,국민임대,서울,0
2024-12,,지자체,국민임대,인천,0
2024-12,,지자체,국민임대,경기,0
2024-12,,지자체,국민임대,부산,0
2024-12,,지자체,국민임대,대구,0
2024-12,,지자체,국민임대,광주,0
2024-12,,지자체,국민임대,대전,0
2024-12,,지자체,국민임대,울산,0
2024-12,,지자체,국민임대,세종,0
2024-12,,지자체,국민임대,강원,0
2024-12,,지자체,국민임대,충북,0
2024-12,,지자체,국민임대,충남,0
2024-12,,지자체,국민임대,전북,0
2024-12,,지자체,국민임대,전남,0
2024-12,,지자체,국민임대,경북,0
2024-12,,지자체,국민임대,경남,0
2024-12,,지자체,국민임대,제주,0
2024-12,,지자체,공공임대,전국,0
2024-12,,지자체,공공임대,서울,0
2024-12,,지자체,공공임대,인천,0
2024-12,,지자체,공공임대,경기,0
2024-12,,지자체,공공임대,부산,0
2024-12,,지자체,공공임대,대구,0
2024-12,,지자체,공공임대,광주,0
2024-12,,지자체,공공임대,대전,0
2024-12,,지자체,공공임대,울산,0
2024-12,,지자체,공공임대,세종,0
2024-12,,지자체,공공임대,강원,0
2024-12,,지자체,공공임대,충북,0
2024-12,,지자체,공공임대,충남,0
2024-12,,지자체,공공임대,전북,0
2024-12,,지자체,공공임대,전남,0
2024-12,,지자체,공공임대,경북,0
2024-12,,지자체,공공임대,경남,0
2024-12,,지자체,공공임대,제주,0
2024-12,,지자체,공공분양,전국,0
2024-12,,지자체,공공분양,서울,0
2024-12,,지자체,공공분양,인천,0
2024-12,,지자체,공공분양,경기,0
2024-12,,지자체,공공분양,부산,0
2024-12,,지자체,공공분양,대구,0
2024-12,,지자체,공공분양,광주,0
2024-12,,지자체,공공분양,대전,0
2024-12,,지자체,공공분양,울산,0
2024-12,,지자체,공공분양,세종,0
2024-12,,지자체,공공분양,강원,0
2024-12,,지자체,공공분양,충북,0
2024-12,,지자체,공공분양,충남,0
2024-12,,지자체,공공분양,전북,0
2024-12,,지자체,공공분양,전남,0
2024-12,,지자체,공공분양,경북,0
2024-12,,지자체,공공분양,경남,0
2024-12,,지자체,공공분양,제주,0
2024-12,,LH,소계,전국,5567
2024-12,,LH,소계,서울,236
2024-12,,LH,소계,인천,0
2024-12,,LH,소계,경기,58
2024-12,,LH,소계,부산,0
2024-12,,LH,소계,대구,0
2024-12,,LH,소계,광주,1224
2024-12,,LH,소계,대전,0
2024-12,,LH,소계,울산,800
2024-12,,LH,소계,세종,1451
2024-12,,LH,소계,강원,280
2024-12,,LH,소계,충북,32
2024-12,,LH,소계,충남,0
2024-12,,LH,소계,전북,520
2024-12,,LH,소계,전남,0
2024-12,,LH,소계,경북,0
2024-12,,LH,소계,경남,966
2024-12,,LH,소계,제주,0
2024-12,,LH,국민임대,전국,673
2024-12,,LH,국민임대,서울,0
2024-12,,LH,국민임대,인천,0
2024-12,,LH,국민임대,경기,0
2024-12,,LH,국민임대,부산,0
2024-12,,LH,국민임대,대구,0
2024-12,,LH,국민임대,광주,0
2024-12,,LH,국민임대,대전,0
2024-12,,LH,국민임대,울산,0
2024-12,,LH,국민임대,세종,0
2024-12,,LH,국민임대,강원,70
2024-12,,LH,국민임대,충북,0
2024-12,,LH,국민임대,충남,0
2024-12,,LH,국민임대,전북,200
2024-12,,LH,국민임대,전남,0
2024-12,,LH,국민임대,경북,0
2024-12,,LH,국민임대,경남,403
2024-12,,LH,국민임대,제주,0
2024-12,,LH,공공임대,전국,3277
2024-12,,LH,공공임대,서울,236
2024-12,,LH,공공임대,인천,0
2024-12,,LH,공공임대,경기,58
2024-12,,LH,공공임대,부산,0
2024-12,,LH,공공임대,대구,0
2024-12,,LH,공공임대,광주,483
2024-12,,LH,공공임대,대전,0
2024-12,,LH,공공임대,울산,800
2024-12,,LH,공공임대,세종,575
2024-12,,LH,공공임대,강원,210
2024-12,,LH,공공임대,충북,32
2024-12,,LH,공공임대,충남,0
2024-12,,LH,공공임대,전북,320
2024-12,,LH,공공임대,전남,0
2024-12,,LH,공공임대,경북,0
2024-12,,LH,공공임대,경남,563
2024-12,,LH,공공임대,제주,0
2024-12,,LH,공공분양,전국,1617
2024-12,,LH,공공분양,서울,0
2024-12,,LH,공공분양,인천,0
2024-12,,LH,공공분양,경기,0
2024-12,,LH,공공분양,부산,0
2024-12,,LH,공공분양,대구,0
2024-12,,LH,공공분양,광주,741
2024-12,,LH,공공분양,대전,0
2024-12,,LH,공공분양,울산,0
2024-12,,LH,공공분양,세종,876
2024-12,,LH,공공분양,강원,0
2024-12,,LH,공공분양,충북,0
2024-12,,LH,공공분양,충남,0
2024-12,,LH,공공분양,전북,0
2024-12,,LH,공공분양,전남,0
2024-12,,LH,공공분양,경북,0
2024-12,,LH,공공분양,경남,0
2024-12,,LH,공공분양,제주,0
2024-12,,주택업체,소계,전국,660
2024-12,,주택업체,소계,서울,618
2024-12,,주택업체,소계,인천,0
2024-12,,주택업체,소계,경기,0
2024-12,,주택업체,소계,부산,42
2024-12,,주택업체,소계,대구,0
2024-12,,주택업체,소계,광주,0
2024-12,,주택업체,소계,대전,0
2024-12,,주택업체,소계,울산,0
2024-12,,주택업체,소계,세종,0
2024-12,,주택업체,소계,강원,0
2024-12,,주택업체,소계,충북,0
2024-12,,주택업체,소계,충남,0
2024-12,,주택업체,소계,전북,0
2024-12,,주택업체,소계,전남,0
2024-12,,주택업체,소계,경북,0
2024-12,,주택업체,소계,경남,0
2024-12,,주택업체,소계,제주,0
2024-12,,주택업체,국민임대,전국,317
2024-12,,주택업체,국민임대,서울,317
2024-12,,주택업체,국민임대,인천,0
2024-12,,주택업체,국민임대,경기,0
2024-12,,주택업체,국민임대,부산,0
2024-12,,주택업체,국민임대,대구,0
2024-12,,주택업체,국민임대,광주,0
2024-12,,주택업체,국민임대,대전,0
2024-12,,주택업체,국민임대,울산,0
2024-12,,주택업체,국민임대,세종,0
2024-12,,주택업체,국민임대,강원,0
2024-12,,주택업체,국민임대,충북,0
2024-12,,주택업체,국민임대,충남,0
2024-12,,주택업체,국민임대,전북,0
2024-12,,주택업체,국민임대,전남,0
2024-12,,주택업체,국민임대,경북,0
2024-12,,주택업체,국민임대,경남,0
2024-12,,주택업체,국민임대,제주,0
2024-12,,주택업체,공공임대,전국,343
2024-12,,주택업체,공공임대,서울,301
2024-12,,주택업체,공공임대,인천,0
2024-12,,주택업체,공공임대,경기,0
2024-12,,주택업체,공공임대,부산,42
2024-12,,주택업체,공공임대,대구,0
2024-12,,주택업체,공공임대,광주,0
2024-12,,주택업체,공공임대,대전,0
2024-12,,주택업체,공공임대,울산,0
2024-12,,주택업체,공공임대,세종,0
2024-12,,주택업체,공공임대,강원,0
2024-12,,주택업체,공공임대,충북,0
2024-12,,주택업체,공공임대,충남,0
2024-12,,주택업체,공공임대,전북,0
2024-12,,주택업체,공공임대,전남,0
2024-12,,주택업체,공공임대,경북,0
2024-12,,주택업체,공공임대,경남,0
2024-12,,주택업체,공공임대,제주,0
2024-12,,주택업체,공공분양,전국,0
2024-12,,주택업체,공공분양,서울,0
2024-12,,주택업체,공공분양,인천,0
2024-12,,주택업체,공공분양,경기,0
2024-12,,주택업체,공공분양,부산,0
2024-12,,주택업체,공공분양,대구,0
2024-12,,주택업체,공공분양,광주,0
2024-12,,주택업체,공공분양,대전,0
2024-12,,주택업체,공공분양,울산,0
2024-12,,주택업체,공공분양,세종,0
2024-12,,주택업체,공공분양,강원,0
2024-12,,주택업체,공공분양,충북,0
2024-12,,주택업체,공공분양,충남,0
2024-12,,주택업체,공공분양,전북,0
2024-12,,주택업체,공공분양,전남,0
2024-12,,주택업체,공공분양,경북,0
2024-12,,주택업체,공공분양,경남,0
2024-12,,주택업체,공공분양,제주,0
2024-12,,민간부문,소계,전국,43004
2024-12,,민간부문,소계,서울,3067
2024-12,,민간부문,소계,인천,5203
2024-12,,민간부문,소계,경기,11969
2024-12,,민간부문,소계,부산,876
2024-12,,민간부문,소계,대구,1908
2024-12,,민간부문,소계,광주,964
2024-12,,민간부문,소계,대전,33
2024-12,,민간부문,소계,울산,25
2024-12,,민간부문,소계,세종,56
2024-12,,민간부문,소계,강원,2818
2024-12,,민간부문,소계,충북,526
2024-12,,민간부문,소계,충남,4027
2024-12,,민간부문,소계,전북,320
2024-12,,민간부문,소계,전남,2235
2024-12,,민간부문,소계,경북,3346
2024-12,,민간부문,소계,경남,4770
2024-12,,민간부문,소계,제주,861
2024-12,,민간,민간임대,전국,7284
2024-12,,민간,민간임대,서울,999
2024-12,,민간,민간임대,인천,0
2024-12,,민간,민간임대,경기,1415
2024-12,,민간,민간임대,부산,0
2024-12,,민간,민간임대,대구,0
2024-12,,민간,민간임대,광주,0
2024-12,,민간,민간임대,대전,0
2024-12,,민간,민간임대,울산,0
2024-12,,민간,민간임대,세종,0
2024-12,,민간,민간임대,강원,784
2024-12,,민간,민간임대,충북,0
2024-12,,민간,민간임대,충남,860
2024-12,,민간,민간임대,전북,168
2024-12,,민간,민간임대,전남,1955
2024-12,,민간,민간임대,경북,495
2024-12,,민간,민간임대,경남,608
2024-12,,민간,민간임대,제주,0
2024-12,,민간,민간분양,전국,35720
2024-12,,민간,민간분양,서울,2068
2024-12,,민간,민간분양,인천,5203
2024-12,,민간,민간분양,경기,10554
2024-12,,민간,민간분양,부산,876
2024-12,,민간,민간분양,대구,1908
2024-12,,민간,민간분양,광주,964
2024-12,,민간,민간분양,대전,33
2024-12,,민간,민간분양,울산,25
2024-12,,민간,민간분양,세종,56
2024-12,,민간,민간분양,강원,2034
2024-12,,민간,민간분양,충북,526
2024-12,,민간,민간분양,충남,3167
2024-12,,민간,민간분양,전북,152
2024-12,,민간,민간분양,전남,280
2024-12,,민간,민간분양,경북,2851
2024-12,,민간,민간분양,경남,4162
2024-12,,민간,민간분양,제주,861
2025-01,,총계,총계,전국,30717
2025-01,,총계,총계,서울,4761
2025-01,,총계,총계,인천,1532
2025-01,,총계,총계,경기,4819
2025-01,,총계,총계,부산,2528
2025-01,,총계,총계,대구,1507
2025-01,,총계,총계,광주,2747
2025-01,,총계,총계,대전,11
2025-01,,총계,총계,울산,20
2025-01,,총계,총계,세종,14
2025-01,,총계,총계,강원,848
2025-01,,총계,총계,충북,677
2025-01,,총계,총계,충남,4086
2025-01,,총계,총계,전북,1502
2025-01,,총계,총계,전남,1857
2025-01,,총계,총계,경북,194
2025-01,,총계,총계,경남,3425
2025-01,,총계,총계,제주,189
2025-01,,공공부문,소계,전국,5162
2025-01,,공공부문,소계,서울,615
2025-01,,공공부문,소계,인천,0
2025-01,,공공부문,소계,경기,2272
2025-01,,공공부문,소계,부산,0
2025-01,,공공부문,소계,대구,0
2025-01,,공공부문,소계,광주,0
2025-01,,공공부문,소계,대전,0
2025-01,,공공부문,소계,울산,0
2025-01,,공공부문,소계,세종,0
2025-01,,공공부문,소계,강원,0
2025-01,,공공부문,소계,충북,0
2025-01,,공공부문,소계,충남,893
2025-01,,공공부문,소계,전북,1382
2025-01,,공공부문,소계,전남,0
2025-01,,공공부문,소계,경북,0
2025-01,,공공부문,소계,경남,0
2025-01,,공공부문,소계,제주,0
2025-01,,합,국민임대,전국,541
2025-01,,합,국민임대,서울,541
2025-01,,합,국민임대,인천,0
2025-01,,합,국민임대,경기,0
2025-01,,합,국민임대,부산,0
2025-01,,합,국민임대,대구,0
2025-01,,합,국민임대,광주,0
2025-01,,합,국민임대,대전,0
2025-01,,합,국민임대,울산,0
2025-01,,합,국민임대,세종,0
2025-01,,합,국민임대,강원,0
2025-01,,합,국민임대,충북,0
2025-01,,합,국민임대,충남,0
2025-01,,합,국민임대,전북,0
2025-01,,합,국민임대,전남,0
2025-01,,합,국민임대,경북,0
2025-01,,합,국민임대,경남,0
2025-01,,합,국민임대,제주,0
2025-01,,합,공공임대,전국,550
2025-01,,합,공공임대,서울,74
2025-01,,합,공공임대,인천,0
2025-01,,합,공공임대,경기,188
2025-01,,합,공공임대,부산,0
2025-01,,합,공공임대,대구,0
2025-01,,합,공공임대,광주,0
2025-01,,합,공공임대,대전,0
2025-01,,합,공공임대,울산,0
2025-01,,합,공공임대,세종,0
2025-01,,합,공공임대,강원,0
2025-01,,합,공공임대,충북,0
2025-01,,합,공공임대,충남,0
2025-01,,합,공공임대,전북,288
2025-01,,합,공공임대,전남,0
2025-01,,합,공공임대,경북,0
2025-01,,합,공공임대,경남,0
2025-01,,합,공공임대,제주,0
2025-01,,합,공공분양,전국,4071
2025-01,,합,공공분양,서울,0
2025-01,,합,공공분양,인천,0
2025-01,,합,공공분양,경기,2084
2025-01,,합,공공분양,부산,0
2025-01,,합,공공분양,대구,0
2025-01,,합,공공분양,광주,0
2025-01,,합,공공분양,대전,0
2025-01,,합,공공분양,울산,0
2025-01,,합,공공분양,세종,0
2025-01,,합,공공분양,강원,0
2025-01,,합,공공분양,충북,0
2025-01,,합,공공분양,충남,893
2025-01,,합,공공분양,전북,1094
2025-01,,합,공공분양,전남,0
2025-01,,합,공공분양,경북,0
2025-01,,합,공공분양,경남,0
2025-01,,합,공공분양,제주,0
2025-01,,지자체,소계,전국,2272
2025-01,,지자체,소계,서울,0
2025-01,,지자체,소계,인천,0
2025-01,,지자체,소계,경기,2272
2025-01,,지자체,소계,부산,0
2025-01,,지자체,소계,대구,0
2025-01,,지자체,소계,광주,0
2025-01,,지자체,소계,대전,0
2025-01,,지자체,소계,울산,0
2025-01,,지자체,소계,세종,0
2025-01,,지자체,소계,강원,0
2025-01,,지자체,소계,충북,0
2025-01,,지자체,소계,충남,0
2025-01,,지자체,소계,전북,0
2025-01,,지자체,소계,전남,0
2025-01,,지자체,소계,경북,0
2025-01,,지자체,소계,경남,0
2025-01,,지자체,소계,제주,0
2025-01,,지자체,국민임대,전국,0
2025-01,,지자체,국민임대,서울,0
2025-01,,지자체,국민임대,인천,0
2025-01,,지자체,국민임대,경기,0
2025-01,,지자체,국민임대,부산,0
2025-01,,지자체,국민임대,대구,0
2025-01,,지자체,국민임대,광주,0
2025-01,,지자체,국민임대,대전,0
2025-01,,지자체,국민임대,울산,0
2025-01,,지자체,국민임대,세종,0
2025-01,,지자체,국민임대,강원,0
2025-01,,지자체,국민임대,충북,0
2025-01,,지자체,국민임대,충남,0
2025-01,,지자체,국민임대,전북,0
2025-01,,지자체,국민임대,전남,0
2025-01,,지자체,국민임대,경북,0
2025-01,,지자체,국민임대,경남,0
2025-01,,지자체,국민임대,제주,0
2025-01,,지자체,공공임대,전국,188
2025-01,,지자체,공공임대,서울,0
2025-01,,지자체,공공임대,인천,0
2025-01,,지자체,공공임대,경기,188
2025-01,,지자체,공공임대,부산,0
2025-01,,지자체,공공임대,대구,0
2025-01,,지자체,공공임대,광주,0
2025-01,,지자체,공공임대,대전,0
2025-01,,지자체,공공임대,울산,0
2025-01,,지자체,공공임대,세종,0
2025-01,,지자체,공공임대,강원,0
2025-01,,지자체,공공임대,충북,0
2025-01,,지자체,공공임대,충남,0
2025-01,,지자체,공공임대,전북,0
2025-01,,지자체,공공임대,전남,0
2025-01,,지자체,공공임대,경북,0
2025-01,,지자체,공공임대,경남,0
2025-01,,지자체,공공임대,제주,0
2025-01,,지자체,공공분양,전국,2084
2025-01,,지자체,공공분양,서울,0
2025-01,,지자체,공공분양,인천,0
2025-01,,지자체,공공분양,경기,2084
2025-01,,지자체,공공분양,부산,0
2025-01,,지자체,공공분양,대구,0
2025-01,,지자체,공공분양,광주,0
2025-01,,지자체,공공분양,대전,0
2025-01,,지자체,공공분양,울산,0
2025-01,,지자체,공공분양,세종,0
2025-01,,지자체,공공분양,강원,0
2025-01,,지자체,공공분양,충북,0
2025-01,,지자체,공공분양,충남,0
2025-01,,지자체,공공분양,전북,0
2025-01,,지자체,공공분양,전남,0
2025-01,,지자체,공공분양,경북,0
2025-01,,지자체,공공분양,경남,0
2025-01,,지자체,공공분양,제주,0
2025-01,,LH,소계,전국,1382
2025-01,,LH,소계,서울,0
2025-01,,LH,소계,인천,0
2025-01,,LH,소계,경기,0
2025-01,,LH,소계,부산,0
2025-01,,LH,소계,대구,0
2025-01,,LH,소계,광주,0
2025-01,,LH,소계,대전,0
2025-01,,LH,소계,울산,0
2025-01,,LH,소계,세종,0
2025-01,,LH,소계,강원,0
2025-01,,LH,소계,충북,0
2025-01,,LH,소계,충남,0
2025-01,,LH,소계,전북,1382
2025-01,,LH,소계,전남,0
2025-01,,LH,소계,경북,0
2025-01,,LH,소계,경남,0
2025-01,,LH,소계,제주,0
2025-01,,LH,국민임대,전국,0
2025-01,,LH,국민임대,서울,0
2025-01,,LH,국민임대,인천,0
2025-01,,LH,국민임대,경기,0
2025-01,,LH,국민임대,부산,0
2025-01,,LH,국민임대,대구,0
2025-01,,LH,국민임대,광주,0
2025-01,,LH,국민임대,대전,0
2025-01,,LH,국민임대,울산,0
2025-01,,LH,국민임대,세종,0
2025-01,,LH,국민임대,강원,0
2025-01,,LH,국민임대,충북,0
2025-01,,LH,국민임대,충남,0
2025-01,,LH,국민임대,전북,0
2025-01,,LH,국민임대,전남,0
2025-01,,LH,국민임대,경북,0
2025-01,,LH,국민임대,경남,0
2025-01,,LH,국민임대,제주,0
2025-01,,LH,공공임대,전국,288
2025-01,,LH,공공임대,서울,0
2025-01,,LH,공공임대,인천,0
2025-01,,LH,공공임대,경기,0
2025-01,,LH,공공임대,부산,0
2025-01,,LH,공공임대,대구,0
2025-01,,LH,공공임대,광주,0
2025-01,,LH,공공임대,대전,0
2025-01,,LH,공공임대,울산,0
2025-01,,LH,공공임대,세종,0
2025-01,,LH,공공임대,강원,0
2025-01,,LH,공공임대,충북,0
2025-01,,LH,공공임대,충남,0
2025-01,,LH,공공임대,전북,288
2025-01,,LH,공공임대,전남,0
2025-01,,LH,공공임대,경북,0
2025-01,,LH,공공임대,경남,0
2025-01,,LH,공공임대,제주,0
2025-01,,LH,공공분양,전국,1094
2025-01,,LH,공공분양,서울,0
2025-01,,LH,공공분양,인천,0
2025-01,,LH,공공분양,경기,0
2025-01,,LH,공공분양,부산,0
2025-01,,LH,공공분양,대구,0
2025-01,,LH,공공분양,광주,0
2025-01,,LH,공공분양,대전,0
2025-01,,LH,공공분양,울산,0
2025-01,,LH,공공분양,세종,0
2025-01,,LH,공공분양,강원,0
2025-01,,LH,공공분양,충북,0
2025-01,,LH,공공분양,충남,0
2025-01,,LH,공공분양,전북,1094
2025-01,,LH,공공분양,전남,0
2025-01,,LH,공공분양,경북,0
2025-01,,LH,공공분양,경남,0
2025-01,,LH,공공분양,제주,0
2025-01,,주택업체,소계,전국,1508
2025-01,,주택업체,소계,서울,615
2025-01,,주택업체,소계,인천,0
2025-01,,주택업체,소계,경기,0
2025-01,,주택업체,소계,부산,0
2025-01,,주택업체,소계,대구,0
2025-01,,주택업체,소계,광주,0
2025-01,,주택업체,소계,대전,0
2025-01,,주택업체,소계,울산,0
2025-01,,주택업체,소계,세종,0
2025-01,,주택업체,소계,강원,0
2025-01,,주택업체,소계,충북,0
2025-01,,주택업체,소계,충남,893
2025-01,,주택업체,소계,전북,0
2025-01,,주택업체,소계,전남,0
2025-01,,주택업체,소계,경북,0
2025-01,,주택업체,소계,경남,0
2025-01,,주택업체,소계,제주,0
2025-01,,주택업체,국민임대,전국,541
2025-01,,주택업체,국민임대,서울,541
2025-01,,주택업체,국민임대,인천,0
2025-01,,주택업체,국민임대,경기,0
2025-01,,주택업체,국민임대,부산,0
2025-01,,주택업체,국민임대,대구,0
2025-01,,주택업체,국민임대,광주,0
2025-01,,주택업체,국민임대,대전,0
2025-01,,주택업체,국민임대,울산,0
2025-01,,주택업체,국민임대,세종,0
2025-01,,주택업체,국민임대,강원,0
2025-01,,주택업체,국민임대,충북,0
2025-01,,주택업체,국민임대,충남,0
2025-01,,주택업체,국민임대,전북,0
2025-01,,주택업체,국민임대,전남,0
2025-01,,주택업체,국민임대,경북,0
2025-01,,주택업체,국민임대,경남,0
2025-01,,주택업체,국민임대,제주,0
2025-01,,주택업체,공공임대,전국,74
2025-01,,주택업체,공공임대,서울,74
2025-01,,주택업체,공공임대,인천,0
2025-01,,주택업체,공공임대,경기,0
2025-01,,주택업체,공공임대,부산,0
2025-01,,주택업체,공공임대,대구,0
2025-01,,주택업체,공공임대,광주,0
2025-01,,주택업체,공공임대,대전,0
2025-01,,주택업체,공공임대,울산,0
2025-01,,주택업체,공공임대,세종,0
2025-01,,주택업체,공공임대,강원,0
2025-01,,주택업체,공공임대,충북,0
2025-01,,주택업체,공공임대,충남,0
2025-01,,주택업체,공공임대,전북,0
2025-01,,주택업체,공공임대,전남,0
2025-01,,주택업체,공공임대,경북,0
2025-01,,주택업체,공공임대,경남,0
2025-01,,주택업체,공공임대,제주,0
2025-01,,주택업체,공공분양,전국,893
2025-01,,주택업체,공공분양,서울,0
2025-01,,주택업체,공공분양,인천,0
2025-01,,주택업체,공공분양,경기,0
2025-01,,주택업체,공공분양,부산,0
2025-01,,주택업체,공공분양,대구,0
2025-01,,주택업체,공공분양,광주,0
2025-01,,주택업체,공공분양,대전,0
2025-01,,주택업체,공공분양,울산,0
2025-01,,주택업체,공공분양,세종,0
2025-01,,주택업체,공공분양,강원,0
2025-01,,주택업체,공공분양,충북,0
2025-01,,주택업체,공공분양,충남,893
2025-01,,주택업체,공공분양,전북,0
2025-01,,주택업체,공공분양,전남,0
2025-01,,주택업체,공공분양,경북,0
2025-01,,주택업체,공공분양,경남,0
2025-01,,주택업체,공공분양,제주,0
2025-01,,민간부문,소계,전국,25555
2025-01,,민간부문,소계,서울,4146
2025-01,,민간부문,소계,인천,1532
2025-01,,민간부문,소계,경기,2547
2025-01,,민간부문,소계,부산,2528
2025-01,,민간부문,소계,대구,1507
2025-01,,민간부문,소계,광주,2747
2025-01,,민간부문,소계,대전,11
2025-01,,민간부문,소계,울산,20
2025-01,,민간부문,소계,세종,14
2025-01,,민간부문,소계,강원,848
2025-01,,민간부문,소계,충북,677
2025-01,,민간부문,소계,충남,3193
2025-01,,민간부문,소계,전북,120
2025-01,,민간부문,소계,전남,1857
2025-01,,민간부문,소계,경북,194
2025-01,,민간부문,소계,경남,3425
2025-01,,민간부문,소계,제주,189
2025-01,,민간,민간임대,전국,2203
2025-01,,민간,민간임대,서울,463
2025-01,,민간,민간임대,인천,0
2025-01,,민간,민간임대,경기,0
2025-01,,민간,민간임대,부산,115
2025-01,,민간,민간임대,대구,0
2025-01,,민간,민간임대,광주,218
2025-01,,민간,민간임대,대전,0
2025-01,,민간,민간임대,울산,0
2025-01,,민간,민간임대,세종,0
2025-01,,민간,민간임대,강원,604
2025-01,,민간,민간임대,충북,0
2025-01,,민간,민간임대,충남,0
2025-01,,민간,민간임대,전북,0
2025-01,,민간,민간임대,전남,0
2025-01,,민간,민간임대,경북,0
2025-01,,민간,민간임대,경남,803
2025-01,,민간,민간임대,제주,0
2025-01,,민간,민간분양,전국,23352
2025-01,,민간,민간분양,서울,3683
2025-01,,민간,민간분양,인천,1532
2025-01,,민간,민간분양,경기,2547
2025-01,,민간,민간분양,부산,2413
2025-01,,민간,민간분양,대구,1507
2025-01,,민간,민간분양,광주,2529
2025-01,,민간,민간분양,대전,11
2025-01,,민간,민간분양,울산,20
2025-01,,민간,민간분양,세종,14
2025-01,,민간,민간분양,강원,244
2025-01,,민간,민간분양,충북,677
2025-01,,민간,민간분양,충남,3193
2025-01,,민간,민간분양,전북,120
2025-01,,민간,민간분양,전남,1857
2025-01,,민간,민간분양,경북,194
2025-01,,민간,민간분양,경남,2622
2025-01,,민간,민간분양,제주,189
2025-02,,총계,총계,전국,29915
2025-02,,총계,총계,서울,1970
2025-02,,총계,총계,인천,231
2025-02,,총계,총계,경기,6995
2025-02,,총계,총계,부산,256
2025-02,,총계,총계,대구,17
2025-02,,총계,총계,광주,758
2025-02,,총계,총계,대전,5145
2025-02,,총계,총계,울산,147
2025-02,,총계,총계,세종,6
2025-02,,총계,총계,강원,1089
2025-02,,총계,총계,충북,699
2025-02,,총계,총계,충남,2091
2025-02,,총계,총계,전북,1785
2025-02,,총계,총계,전남,2015
2025-02,,총계,총계,경북,1657
2025-02,,총계,총계,경남,4714
2025-02,,총계,총계,제주,340
2025-02,,공공부문,소계,전국,2056
2025-02,,공공부문,소계,서울,331
2025-02,,공공부문,소계,인천,130
2025-02,,공공부문,소계,경기,1595
2025-02,,공공부문,소계,부산,0
2025-02,,공공부문,소계,대구,0
2025-02,,공공부문,소계,광주,0
2025-02,,공공부문,소계,대전,0
2025-02,,공공부문,소계,울산,0
2025-02,,공공부문,소계,세종,0
2025-02,,공공부문,소계,강원,0
2025-02,,공공부문,소계,충북,0
2025-02,,공공부문,소계,충남,0
2025-02,,공공부문,소계,전북,0
2025-02,,공공부문,소계,전남,0
2025-02,,공공부문,소계,경북,0
2025-02,,공공부문,소계,경남,0
2025-02,,공공부문,소계,제주,0
2025-02,,합,국민임대,전국,60
2025-02,,합,국민임대,서울,0
2025-02,,합,국민임대,인천,60
2025-02,,합,국민임대,경기,0
2025-02,,합,국민임대,부산,0
2025-02,,합,국민임대,대구,0
2025-02,,합,국민임대,광주,0
2025-02,,합,국민임대,대전,0
2025-02,,합,국민임대,울산,0
2025-02,,합,국민임대,세종,0
2025-02,,합,국민임대,강원,0
2025-02,,합,국민임대,충북,0
2025-02,,합,국민임대,충남,0
2025-02,,합,국민임대,전북,0
2025-02,,합,국민임대,전남,0
2025-02,,합,국민임대,경북,0
2025-02,,합,국민임대,경남,0
2025-02,,합,국민임대,제주,0
2025-02,,합,공공임대,전국,1996
2025-02,,합,공공임대,서울,331
2025-02,,합,공공임대,인천,70
2025-02,,합,공공임대,경기,1595
2025-02,,합,공공임대,부산,0
2025-02,,합,공공임대,대구,0
2025-02,,합,공공임대,광주,0
2025-02,,합,공공임대,대전,0
2025-02,,합,공공임대,울산,0
2025-02,,합,공공임대,세종,0
2025-02,,합,공공임대,강원,0
2025-02,,합,공공임대,충북,0
2025-02,,합,공공임대,충남,0
2025-02,,합,공공임대,전북,0
2025-02,,합,공공임대,전남,0
2025-02,,합,공공임대,경북,0
2025-02,,합,공공임대,경남,0
2025-02,,합,공공임대,제주,0
2025-02,,합,공공분양,전국,0
2025-02,,합,공공분양,서울,0
2025-02,,합,공공분양,인천,0
2025-02,,합,공공분양,경기,0
2025-02,,합,공공분양,부산,0
2025-02,,합,공공분양,대구,0
2025-02,,합,공공분양,광주,0
2025-02,,합,공공분양,대전,0
2025-02,,합,공공분양,울산,0
2025-02,,합,공공분양,세종,0
2025-02,,합,공공분양,강원,0
2025-02,,합,공공분양,충북,0
2025-02,,합,공공분양,충남,0
2025-02,,합,공공분양,전북,0
2025-02,,합,공공분양,전남,0
2025-02,,합,공공분양,경북,0
2025-02,,합,공공분양,경남,0
2025-02,,합,공공분양,제주,0
2025-02,,지자체,소계,전국,0
2025-02,,지자체,소계,서울,0
2025-02,,지자체,소계,인천,0
2025-02,,지자체,소계,경기,0
2025-02,,지자체,소계,부산,0
2025-02,,지자체,소계,대구,0
2025-02,,지자체,소계,광주,0
2025-02,,지자체,소계,대전,0
2025-02,,지자체,소계,울산,0
2025-02,,지자체,소계,세종,0
2025-02,,지자체,소계,강원,0
2025-02,,지자체,소계,충북,0
2025-02,,지자체,소계,충남,0
2025-02,,지자체,소계,전북,0
2025-02,,지자체,소계,전남,0
2025-02,,지자체,소계,경북,0
2025-02,,지자체,소계,경남,0
2025-02,,지자체,소계,제주,0
2025-02,,지자체,국민임대,전국,0
2025-02,,지자체,국민임대,서울,0
2025-02,,지자체,국민임대,인천,0
2025-02,,지자체,국민임대,경기,0
2025-02,,지자체,국민임대,부산,0
2025-02,,지자체,국민임대,대구,0
2025-02,,지자체,국민임대,광주,0
2025-02,,지자체,국민임대,대전,0
2025-02,,지자체,국민임대,울산,0
2025-02,,지자체,국민임대,세종,0
2025-02,,지자체,국민임대,강원,0
2025-02,,지자체,국민임대,충북,0
2025-02,,지자체,국민임대,충남,0
2025-02,,지자체,국민임대,전북,0
2025-02,,지자체,국민임대,전남,0
2025-02,,지자체,국민임대,경북,0
2025-02,,지자체,국민임대,경남,0
2025-02,,지자체,국민임대,제주,0
2025-02,,지자체,공공임대,전국,0
2025-02,,지자체,공공임대,서울,0
2025-02,,지자체,공공임대,인천,0
2025-02,,지자체,공공임대,경기,0
2025-02,,지자체,공공임대,부산,0
2025-02,,지자체,공공임대,대구,0
2025-02,,지자체,공공임대,광주,0
2025-02,,지자체,공공임대,대전,0
2025-02,,지자체,공공임대,울산,0
2025-02,,지자체,공공임대,세종,0
2025-02,,지자체,공공임대,강원,0
2025-02,,지자체,공공임대,충북,0
2025-02,,지자체,공공임대,충남,0
2025-02,,지자체,공공임대,전북,0
2025-02,,지자체,공공임대,전남,0
2025-02,,지자체,공공임대,경북,0
2025-02,,지자체,공공임대,경남,0
2025-02,,지자체,공공임대,제주,0
2025-02,,지자체,공공분양,전국,0
2025-02,,지자체,공공분양,서울,0
2025-02,,지자체,공공분양,인천,0
2025-02,,지자체,공공분양,경기,0
2025-02,,지자체,공공분양,부산,0
2025-02,,지자체,공공분양,대구,0
2025-02,,지자체,공공분양,광주,0
2025-02,,지자체,공공분양,대전,0
2025-02,,지자체,공공분양,울산,0
2025-02,,지자체,공공분양,세종,0
2025-02,,지자체,공공분양,강원,0
2025-02,,지자체,공공분양,충북,0
2025-02,,지자체,공공분양,충남,0
2025-02,,지자체,공공분양,전북,0
2025-02,,지자체,공공분양,전남,0
2025-02,,지자체,공공분양,경북,0
2025-02,,지자체,공공분양,경남,0
2025-02,,지자체,공공분양,제주,0
2025-02,,LH,소계,전국,1372
2025-02,,LH,소계,서울,0
2025-02,,LH,소계,인천,130
2025-02,,LH,소계,경기,1242
2025-02,,LH,소계,부산,0
2025-02,,LH,소계,대구,0
2025-02,,LH,소계,광주,0
2025-02,,LH,소계,대전,0
2025-02,,LH,소계,울산,0
2025-02,,LH,소계,세종,0
2025-02,,LH,소계,강원,0
2025-02,,LH,소계,충북,0
2025-02,,LH,소계,충남,0
2025-02,,LH,소계,전북,0
2025-02,,LH,소계,전남,0
2025-02,,LH,소계,경북,0
2025-02,,LH,소계,경남,0
2025-02,,LH,소계,제주,0
2025-02,,LH,국민임대,전국,60
2025-02,,LH,국민임대,서울,0
2025-02,,LH,국민임대,인천,60
2025-02,,LH,국민임대,경기,0
2025-02,,LH,국민임대,부산,0
2025-02,,LH,국민임대,대구,0
2025-02,,LH,국민임대,광주,0
2025-02,,LH,국민임대,대전,0
2025-02,,LH,국민임대,울산,0
2025-02,,LH,국민임대,세종,0
2025-02,,LH,국민임대,강원,0
2025-02,,LH,국민임대,충북,0
2025-02,,LH,국민임대,충남,0
2025-02,,LH,국민임대,전북,0
2025-02,,LH,국민임대,전남,0
2025-02,,LH,국민임대,경북,0
2025-02,,LH,국민임대,경남,0
2025-02,,LH,국민임대,제주,0
2025-02,,LH,공공임대,전국,1312
2025-02,,LH,공공임대,서울,0
2025-02,,LH,공공임대,인천,70
2025-02,,LH,공공임대,경기,1242
2025-02,,LH,공공임대,부산,0
2025-02,,LH,공공임대,대구,0
2025-02,,LH,공공임대,광주,0
2025-02,,LH,공공임대,대전,0
2025-02,,LH,공공임대,울산,0
2025-02,,LH,공공임대,세종,0
2025-02,,LH,공공임대,강원,0
2025-02,,LH,공공임대,충북,0
2025-02,,LH,공공임대,충남,0
2025-02,,LH,공공임대,전북,0
2025-02,,LH,공공임대,전남,0
2025-02,,LH,공공임대,경북,0
2025-02,,LH,공공임대,경남,0
2025-02,,LH,공공임대,제주,0
2025-02,,LH,공공분양,전국,0
2025-02,,LH,공공분양,서울,0
2025-02,,LH,공공분양,인천,0
2025-02,,LH,공공분양,경기,0
2025-02,,LH,공공분양,부산,0
2025-02,,LH,공공분양,대구,0
2025-02,,LH,공공분양,광주,0
2025-02,,LH,공공분양,대전,0
2025-02,,LH,공공분양,울산,0
2025-02,,LH,공공분양,세종,0
2025-02,,LH,공공분양,강원,0
2025-02,,LH,공공분양,충북,0
2025-02,,LH,공공분양,충남,0
2025-02,,LH,공공분양,전북,0
2025-02,,LH,공공분양,전남,0
2025-02,,LH,공공분양,경북,0
2025-02,,LH,공공분양,경남,0
2025-02,,LH,공공분양,제주,0
2025-02,,주택업체,소계,전국,684
2025-02,,주택업체,소계,서울,331
2025-02,,주택업체,소계,인천,0
2025-02,,주택업체,소계,경기,353
2025-02,,주택업체,소계,부산,0
2025-02,,주택업체,소계,대구,0
2025-02,,주택업체,소계,광주,0
2025-02,,주택업체,소계,대전,0
2025-02,,주택업체,소계,울산,0
2025-02,,주택업체,소계,세종,0
2025-02,,주택업체,소계,강원,0
2025-02,,주택업체,소계,충북,0
2025-02,,주택업체,소계,충남,0
2025-02,,주택업체,소계,전북,0
2025-02,,주택업체,소계,전남,0
2025-02,,주택업체,소계,경북,0
2025-02,,주택업체,소계,경남,0
2025-02,,주택업체,소계,제주,0
2025-02,,주택업체,국민임대,전국,0
2025-02,,주택업체,국민임대,서울,0
2025-02,,주택업체,국민임대,인천,0
2025-02,,주택업체,국민임대,경기,0
2025-02,,주택업체,국민임대,부산,0
2025-02,,주택업체,국민임대,대구,0
2025-02,,주택업체,국민임대,광주,0
2025-02,,주택업체,국민임대,대전,0
2025-02,,주택업체,국민임대,울산,0
2025-02,,주택업체,국민임대,세종,0
2025-02,,주택업체,국민임대,강원,0
2025-02,,주택업체,국민임대,충북,0
2025-02,,주택업체,국민임대,충남,0
2025-02,,주택업체,국민임대,전북,0
2025-02,,주택업체,국민임대,전남,0
2025-02,,주택업체,국민임대,경북,0
2025-02,,주택업체,국민임대,경남,0
2025-02,,주택업체,국민임대,제주,0
2025-02,,주택업체,공공임대,전국,684
2025-02,,주택업체,공공임대,서울,331
2025-02,,주택업체,공공임대,인천,0
2025-02,,주택업체,공공임대,경기,353
2025-02,,주택업체,공공임대,부산,0
2025-02,,주택업체,공공임대,대구,0
2025-02,,주택업체,공공임대,광주,0
2025-02,,주택업체,공공임대,대전,0
2025-02,,주택업체,공공임대,울산,0
2025-02,,주택업체,공공임대,세종,0
2025-02,,주택업체,공공임대,강원,0
2025-02,,주택업체,공공임대,충북,0
2025-02,,주택업체,공공임대,충남,0
2025-02,,주택업체,공공임대,전북,0
2025-02,,주택업체,공공임대,전남,0
2025-02,,주택업체,공공임대,경북,0
2025-02,,주택업체,공공임대,경남,0
2025-02,,주택업체,공공임대,제주,0
2025-02,,주택업체,공공분양,전국,0
2025-02,,주택업체,공공분양,서울,0
2025-02,,주택업체,공공분양,인천,0
2025-02,,주택업체,공공분양,경기,0
2025-02,,주택업체,공공분양,부산,0
2025-02,,주택업체,공공분양,대구,0
2025-02,,주택업체,공공분양,광주,0
2025-02,,주택업체,공공분양,대전,0
2025-02,,주택업체,공공분양,울산,0
2025-02,,주택업체,공공분양,세종,0
2025-02,,주택업체,공공분양,강원,0
2025-02,,주택업체,공공분양,충북,0
2025-02,,주택업체,공공분양,충남,0
2025-02,,주택업체,공공분양,전북,0
2025-02,,주택업체,공공분양,전남,0
2025-02,,주택업체,공공분양,경북,0
2025-02,,주택업체,공공분양,경남,0
2025-02,,주택업체,공공분양,제주,0
2025-02,,민간부문,소계,전국,27859
2025-02,,민간부문,소계,서울,1639
2025-02,,민간부문,소계,인천,101
2025-02,,민간부문,소계,경기,5400
2025-02,,민간부문,소계,부산,256
2025-02,,민간부문,소계,대구,17
2025-02,,민간부문,소계,광주,758
2025-02,,민간부문,소계,대전,5145
2025-02,,민간부문,소계,울산,147
2025-02,,민간부문,소계,세종,6
2025-02,,민간부문,소계,강원,1089
2025-02,,민간부문,소계,충북,699
2025-02,,민간부문,소계,충남,2091
2025-02,,민간부문,소계,전북,1785
2025-02,,민간부문,소계,전남,2015
2025-02,,민간부문,소계,경북,1657
2025-02,,민간부문,소계,경남,4714
2025-02,,민간부문,소계,제주,340
2025-02,,민간,민간임대,전국,2616
2025-02,,민간,민간임대,서울,479
2025-02,,민간,민간임대,인천,0
2025-02,,민간,민간임대,경기,921
2025-02,,민간,민간임대,부산,0
2025-02,,민간,민간임대,대구,0
2025-02,,민간,민간임대,광주,0
2025-02,,민간,민간임대,대전,95
2025-02,,민간,민간임대,울산,0
2025-02,,민간,민간임대,세종,0
2025-02,,민간,민간임대,강원,0
2025-02,,민간,민간임대,충북,0
2025-02,,민간,민간임대,충남,0
2025-02,,민간,민간임대,전북,0
2025-02,,민간,민간임대,전남,1057
2025-02,,민간,민간임대,경북,0
2025-02,,민간,민간임대,경남,0
2025-02,,민간,민간임대,제주,64
2025-02,,민간,민간분양,전국,25243
2025-02,,민간,민간분양,서울,1160
2025-02,,민간,민간분양,인천,101
2025-02,,민간,민간분양,경기,4479
2025-02,,민간,민간분양,부산,256
2025-02,,민간,민간분양,대구,17
2025-02,,민간,민간분양,광주,758
2025-02,,민간,민간분양,대전,5050
2025-02,,민간,민간분양,울산,147
2025-02,,민간,민간분양,세종,6
2025-02,,민간,민간분양,강원,1089
2025-02,,민간,민간분양,충북,699
2025-02,,민간,민간분양,충남,2091
2025-02,,민간,민간분양,전북,1785
2025-02,,민간,민간분양,전남,958
2025-02,,민간,민간분양,경북,1657
2025-02,,민간,민간분양,경남,4714
2025-02,,민간,민간분양,제주,276
2025-03,,총계,총계,전국,20837
2025-03,,총계,총계,서울,2871
2025-03,,총계,총계,인천,2347
2025-03,,총계,총계,경기,9097
2025-03,,총계,총계,부산,1782
2025-03,,총계,총계,대구,460
2025-03,,총계,총계,광주,981
2025-03,,총계,총계,대전,52
2025-03,,총계,총계,울산,33
2025-03,,총계,총계,세종,155
2025-03,,총계,총계,강원,120
2025-03,,총계,총계,충북,101
2025-03,,총계,총계,충남,158
2025-03,,총계,총계,전북,331
2025-03,,총계,총계,전남,166
2025-03,,총계,총계,경북,1294
2025-03,,총계,총계,경남,790
2025-03,,총계,총계,제주,99
2025-03,,공공부문,소계,전국,1954
2025-03,,공공부문,소계,서울,664
2025-03,,공공부문,소계,인천,0
2025-03,,공공부문,소계,경기,1067
2025-03,,공공부문,소계,부산,0
2025-03,,공공부문,소계,대구,50
2025-03,,공공부문,소계,광주,0
2025-03,,공공부문,소계,대전,0
2025-03,,공공부문,소계,울산,0
2025-03,,공공부문,소계,세종,151
2025-03,,공공부문,소계,강원,0
2025-03,,공공부문,소계,충북,0
2025-03,,공공부문,소계,충남,0
2025-03,,공공부문,소계,전북,22
2025-03,,공공부문,소계,전남,0
2025-03,,공공부문,소계,경북,0
2025-03,,공공부문,소계,경남,0
2025-03,,공공부문,소계,제주,0
2025-03,,합,국민임대,전국,79
2025-03,,합,국민임대,서울,0
2025-03,,합,국민임대,인천,0
2025-03,,합,국민임대,경기,79
2025-03,,합,국민임대,부산,0
2025-03,,합,국민임대,대구,0
2025-03,,합,국민임대,광주,0
2025-03,,합,국민임대,대전,0
2025-03,,합,국민임대,울산,0
2025-03,,합,국민임대,세종,0
2025-03,,합,국민임대,강원,0
2025-03,,합,국민임대,충북,0
2025-03,,합,국민임대,충남,0
2025-03,,합,국민임대,전북,0
2025-03,,합,국민임대,전남,0
2025-03,,합,국민임대,경북,0
2025-03,,합,국민임대,경남,0
2025-03,,합,국민임대,제주,0
2025-03,,합,공공임대,전국,926
2025-03,,합,공공임대,서울,396
2025-03,,합,공공임대,인천,0
2025-03,,합,공공임대,경기,329
2025-03,,합,공공임대,부산,0
2025-03,,합,공공임대,대구,50
2025-03,,합,공공임대,광주,0
2025-03,,합,공공임대,대전,0
2025-03,,합,공공임대,울산,0
2025-03,,합,공공임대,세종,151
2025-03,,합,공공임대,강원,0
2025-03,,합,공공임대,충북,0
2025-03,,합,공공임대,충남,0
2025-03,,합,공공임대,전북,0
2025-03,,합,공공임대,전남,0
2025-03,,합,공공임대,경북,0
2025-03,,합,공공임대,경남,0
2025-03,,합,공공임대,제주,0
2025-03,,합,공공분양,전국,949
2025-03,,합,공공분양,서울,268
2025-03,,합,공공분양,인천,0
2025-03,,합,공공분양,경기,659
2025-03,,합,공공분양,부산,0
2025-03,,합,공공분양,대구,0
2025-03,,합,공공분양,광주,0
2025-03,,합,공공분양,대전,0
2025-03,,합,공공분양,울산,0
2025-03,,합,공공분양,세종,0
2025-03,,합,공공분양,강원,0
2025-03,,합,공공분양,충북,0
2025-03,,합,공공분양,충남,0
2025-03,,합,공공분양,전북,22
2025-03,,합,공공분양,전남,0
2025-03,,합,공공분양,경북,0
2025-03,,합,공공분양,경남,0
2025-03,,합,공공분양,제주,0
2025-03,,지자체,소계,전국,326
2025-03,,지자체,소계,서울,326
2025-03,,지자체,소계,인천,0
2025-03,,지자체,소계,경기,0
2025-03,,지자체,소계,부산,0
2025-03,,지자체,소계,대구,0
2025-03,,지자체,소계,광주,0
2025-03,,지자체,소계,대전,0
2025-03,,지자체,소계,울산,0
2025-03,,지자체,소계,세종,0
2025-03,,지자체,소계,강원,0
2025-03,,지자체,소계,충북,0
2025-03,,지자체,소계,충남,0
2025-03,,지자체,소계,전북,0
2025-03,,지자체,소계,전남,0
2025-03,,지자체,소계,경북,0
2025-03,,지자체,소계,경남,0
2025-03,,지자체,소계,제주,0
2025-03,,지자체,국민임대,전국,0
2025-03,,지자체,국민임대,서울,0
2025-03,,지자체,국민임대,인천,0
2025-03,,지자체,국민임대,경기,0
2025-03,,지자체,국민임대,부산,0
2025-03,,지자체,국민임대,대구,0
2025-03,,지자체,국민임대,광주,0
2025-03,,지자체,국민임대,대전,0
2025-03,,지자체,국민임대,울산,0
2025-03,,지자체,국민임대,세종,0
2025-03,,지자체,국민임대,강원,0
2025-03,,지자체,국민임대,충북,0
2025-03,,지자체,국민임대,충남,0
2025-03,,지자체,국민임대,전북,0
2025-03,,지자체,국민임대,전남,0
2025-03,,지자체,국민임대,경북,0
2025-03,,지자체,국민임대,경남,0
2025-03,,지자체,국민임대,제주,0
2025-03,,지자체,공공임대,전국,58
2025-03,,지자체,공공임대,서울,58
2025-03,,지자체,공공임대,인천,0
2025-03,,지자체,공공임대,경기,0
2025-03,,지자체,공공임대,부산,0
2025-03,,지자체,공공임대,대구,0
2025-03,,지자체,공공임대,광주,0
2025-03,,지자체,공공임대,대전,0
2025-03,,지자체,공공임대,울산,0
2025-03,,지자체,공공임대,세종,0
2025-03,,지자체,공공임대,강원,0
2025-03,,지자체,공공임대,충북,0
2025-03,,지자체,공공임대,충남,0
2025-03,,지자체,공공임대,전북,0
2025-03,,지자체,공공임대,전남,0
2025-03,,지자체,공공임대,경북,0
2025-03,,지자체,공공임대,경남,0
2025-03,,지자체,공공임대,제주,0
2025-03,,지자체,공공분양,전국,268
2025-03,,지자체,공공분양,서울,268
2025-03,,지자체,공공분양,인천,0
2025-03,,지자체,공공분양,경기,0
2025-03,,지자체,공공분양,부산,0
2025-03,,지자체,공공분양,대구,0
2025-03,,지자체,공공분양,광주,0
2025-03,,지자체,공공분양,대전,0
2025-03,,지자체,공공분양,울산,0
2025-03,,지자체,공공분양,세종,0
2025-03,,지자체,공공분양,강원,0
2025-03,,지자체,공공분양,충북,0
2025-03,,지자체,공공분양,충남,0
2025-03,,지자체,공공분양,전북,0
2025-03,,지자체,공공분양,전남,0
2025-03,,지자체,공공분양,경북,0
2025-03,,지자체,공공분양,경남,0
2025-03,,지자체,공공분양,제주,0
2025-03,,LH,소계,전국,1189
2025-03,,LH,소계,서울,0
2025-03,,LH,소계,인천,0
2025-03,,LH,소계,경기,988
2025-03,,LH,소계,부산,0
2025-03,,LH,소계,대구,50
2025-03,,LH,소계,광주,0
2025-03,,LH,소계,대전,0
2025-03,,LH,소계,울산,0
2025-03,,LH,소계,세종,151
2025-03,,LH,소계,강원,0
2025-03,,LH,소계,충북,0
2025-03,,LH,소계,충남,0
2025-03,,LH,소계,전북,0
2025-03,,LH,소계,전남,0
2025-03,,LH,소계,경북,0
2025-03,,LH,소계,경남,0
2025-03,,LH,소계,제주,0
2025-03,,LH,국민임대,전국,0
2025-03,,LH,국민임대,서울,0
2025-03,,LH,국민임대,인천,0
2025-03,,LH,국민임대,경기,0
2025-03,,LH,국민임대,부산,0
2025-03,,LH,국민임대,대구,0
2025-03,,LH,국민임대,광주,0
2025-03,,LH,국민임대,대전,0
2025-03,,LH,국민임대,울산,0
2025-03,,LH,국민임대,세종,0
2025-03,,LH,국민임대,강원,0
2025-03,,LH,국민임대,충북,0
2025-03,,LH,국민임대,충남,0
2025-03,,LH,국민임대,전북,0
2025-03,,LH,국민임대,전남,0
2025-03,,LH,국민임대,경북,0
2025-03,,LH,국민임대,경남,0
2025-03,,LH,국민임대,제주,0
2025-03,,LH,공공임대,전국,530
2025-03,,LH,공공임대,서울,0
2025-03,,LH,공공임대,인천,0
2025-03,,LH,공공임대,경기,329
2025-03,,LH,공공임대,부산,0
2025-03,,LH,공공임대,대구,50
2025-03,,LH,공공임대,광주,0
2025-03,,LH,공공임대,대전,0
2025-03,,LH,공공임대,울산,0
2025-03,,LH,공공임대,세종,151
2025-03,,LH,공공임대,강원,0
2025-03,,LH,공공임대,충북,0
2025-03,,LH,공공임대,충남,0
2025-03,,LH,공공임대,전북,0
2025-03,,LH,공공임대,전남,0
2025-03,,LH,공공임대,경북,0
2025-03,,LH,공공임대,경남,0
2025-03,,LH,공공임대,제주,0
2025-03,,LH,공공분양,전국,659
2025-03,,LH,공공분양,서울,0
2025-03,,LH,공공분양,인천,0
2025-03,,LH,공공분양,경기,659
2025-03,,LH,공공분양,부산,0
2025-03,,LH,공공분양,대구,0
2025-03,,LH,공공분양,광주,0
2025-03,,LH,공공분양,대전,0
2025-03,,LH,공공분양,울산,0
2025-03,,LH,공공분양,세종,0
2025-03,,LH,공공분양,강원,0
2025-03,,LH,공공분양,충북,0
2025-03,,LH,공공분양,충남,0
2025-03,,LH,공공분양,전북,0
2025-03,,LH,공공분양,전남,0
2025-03,,LH,공공분양,경북,0
2025-03,,LH,공공분양,경남,0
2025-03,,LH,공공분양,제주,0
2025-03,,주택업체,소계,전국,439
2025-03,,주택업체,소계,서울,338
2025-03,,주택업체,소계,인천,0
2025-03,,주택업체,소계,경기,79
2025-03,,주택업체,소계,부산,0
2025-03,,주택업체,소계,대구,0
2025-03,,주택업체,소계,광주,0
2025-03,,주택업체,소계,대전,0
2025-03,,주택업체,소계,울산,0
2025-03,,주택업체,소계,세종,0
2025-03,,주택업체,소계,강원,0
2025-03,,주택업체,소계,충북,0
2025-03,,주택업체,소계,충남,0
2025-03,,주택업체,소계,전북,22
2025-03,,주택업체,소계,전남,0
2025-03,,주택업체,소계,경북,0
2025-03,,주택업체,소계,경남,0
2025-03,,주택업체,소계,제주,0
2025-03,,주택업체,국민임대,전국,79
2025-03,,주택업체,국민임대,서울,0
2025-03,,주택업체,국민임대,인천,0
2025-03,,주택업체,국민임대,경기,79
2025-03,,주택업체,국민임대,부산,0
2025-03,,주택업체,국민임대,대구,0
2025-03,,주택업체,국민임대,광주,0
2025-03,,주택업체,국민임대,대전,0
2025-03,,주택업체,국민임대,울산,0
2025-03,,주택업체,국민임대,세종,0
2025-03,,주택업체,국민임대,강원,0
2025-03,,주택업체,국민임대,충북,0
2025-03,,주택업체,국민임대,충남,0
2025-03,,주택업체,국민임대,전북,0
2025-03,,주택업체,국민임대,전남,0
2025-03,,주택업체,국민임대,경북,0
2025-03,,주택업체,국민임대,경남,0
2025-03,,주택업체,국민임대,제주,0
2025-03,,주택업체,공공임대,전국,338
2025-03,,주택업체,공공임대,서울,338
2025-03,,주택업체,공공임대,인천,0
2025-03,,주택업체,공공임대,경기,0
2025-03,,주택업체,공공임대,부산,0
2025-03,,주택업체,공공임대,대구,0
2025-03,,주택업체,공공임대,광주,0
2025-03,,주택업체,공공임대,대전,0
2025-03,,주택업체,공공임대,울산,0
2025-03,,주택업체,공공임대,세종,0
2025-03,,주택업체,공공임대,강원,0
2025-03,,주택업체,공공임대,충북,0
2025-03,,주택업체,공공임대,충남,0
2025-03,,주택업체,공공임대,전북,0
2025-03,,주택업체,공공임대,전남,0
2025-03,,주택업체,공공임대,경북,0
2025-03,,주택업체,공공임대,경남,0
2025-03,,주택업체,공공임대,제주,0
2025-03,,주택업체,공공분양,전국,22
2025-03,,주택업체,공공분양,서울,0
2025-03,,주택업체,공공분양,인천,0
2025-03,,주택업체,공공분양,경기,0
2025-03,,주택업체,공공분양,부산,0
2025-03,,주택업체,공공분양,대구,0
2025-03,,주택업체,공공분양,광주,0
2025-03,,주택업체,공공분양,대전,0
2025-03,,주택업체,공공분양,울산,0
2025-03,,주택업체,공공분양,세종,0
2025-03,,주택업체,공공분양,강원,0
2025-03,,주택업체,공공분양,충북,0
2025-03,,주택업체,공공분양,충남,0
2025-03,,주택업체,공공분양,전북,22
2025-03,,주택업체,공공분양,전남,0
2025-03,,주택업체,공공분양,경북,0
2025-03,,주택업체,공공분양,경남,0
2025-03,,주택업체,공공분양,제주,0
2025-03,,민간부문,소계,전국,18883
2025-03,,민간부문,소계,서울,2207
2025-03,,민간부문,소계,인천,2347
2025-03,,민간부문,소계,경기,8030
2025-03,,민간부문,소계,부산,1782
2025-03,,민간부문,소계,대구,410
2025-03,,민간부문,소계,광주,981
2025-03,,민간부문,소계,대전,52
2025-03,,민간부문,소계,울산,33
2025-03,,민간부문,소계,세종,4
2025-03,,민간부문,소계,강원,120
2025-03,,민간부문,소계,충북,101
2025-03,,민간부문,소계,충남,158
2025-03,,민간부문,소계,전북,309
2025-03,,민간부문,소계,전남,166
2025-03,,민간부문,소계,경북,1294
2025-03,,민간부문,소계,경남,790
2025-03,,민간부문,소계,제주,99
2025-03,,민간,민간임대,전국,1261
2025-03,,민간,민간임대,서울,541
2025-03,,민간,민간임대,인천,0
2025-03,,민간,민간임대,경기,72
2025-03,,민간,민간임대,부산,0
2025-03,,민간,민간임대,대구,0
2025-03,,민간,민간임대,광주,27
2025-03,,민간,민간임대,대전,0
2025-03,,민간,민간임대,울산,0
2025-03,,민간,민간임대,세종,0
2025-03,,민간,민간임대,강원,0
2025-03,,민간,민간임대,충북,0
2025-03,,민간,민간임대,충남,0
2025-03,,민간,민간임대,전북,99
2025-03,,민간,민간임대,전남,0
2025-03,,민간,민간임대,경북,522
2025-03,,민간,민간임대,경남,0
2025-03,,민간,민간임대,제주,0
2025-03,,민간,민간분양,전국,17622
2025-03,,민간,민간분양,서울,1666
2025-03,,민간,민간분양,인천,2347
2025-03,,민간,민간분양,경기,7958
2025-03,,민간,민간분양,부산,1782
2025-03,,민간,민간분양,대구,410
2025-03,,민간,민간분양,광주,954
2025-03,,민간,민간분양,대전,52
2025-03,,민간,민간분양,울산,33
2025-03,,민간,민간분양,세종,4
2025-03,,민간,민간분양,강원,120
2025-03,,민간,민간분양,충북,101
2025-03,,민간,민간분양,충남,158
2025-03,,민간,민간분양,전북,210
2025-03,,민간,민간분양,전남,166
2025-03,,민간,민간분양,경북,772
2025-03,,민간,민간분양,경남,790
2025-03,,민간,민간분양,제주,99
2025-04,,총계,총계,전국,30763
2025-04,,총계,총계,서울,5818
2025-04,,총계,총계,인천,2077
2025-04,,총계,총계,경기,7011
2025-04,,총계,총계,부산,2427
2025-04,,총계,총계,대구,1407
2025-04,,총계,총계,광주,952
2025-04,,총계,총계,대전,2549
2025-04,,총계,총계,울산,1279
2025-04,,총계,총계,세종,31
2025-04,,총계,총계,강원,133
2025-04,,총계,총계,충북,1034
2025-04,,총계,총계,충남,1131
2025-04,,총계,총계,전북,102
2025-04,,총계,총계,전남,450
2025-04,,총계,총계,경북,1247
2025-04,,총계,총계,경남,2986
2025-04,,총계,총계,제주,129
2025-04,,공공부문,소계,전국,8937
2025-04,,공공부문,소계,서울,275
2025-04,,공공부문,소계,인천,1938
2025-04,,공공부문,소계,경기,2944
2025-04,,공공부문,소계,부산,1809
2025-04,,공공부문,소계,대구,0
2025-04,,공공부문,소계,광주,0
2025-04,,공공부문,소계,대전,0
2025-04,,공공부문,소계,울산,1252
2025-04,,공공부문,소계,세종,0
2025-04,,공공부문,소계,강원,0
2025-04,,공공부문,소계,충북,0
2025-04,,공공부문,소계,충남,682
2025-04,,공공부문,소계,전북,0
2025-04,,공공부문,소계,전남,0
2025-04,,공공부문,소계,경북,0
2025-04,,공공부문,소계,경남,0
2025-04,,공공부문,소계,제주,37
2025-04,,합,국민임대,전국,593
2025-04,,합,국민임대,서울,0
2025-04,,합,국민임대,인천,593
2025-04,,합,국민임대,경기,0
2025-04,,합,국민임대,부산,0
2025-04,,합,국민임대,대구,0
2025-04,,합,국민임대,광주,0
2025-04,,합,국민임대,대전,0
2025-04,,합,국민임대,울산,0
2025-04,,합,국민임대,세종,0
2025-04,,합,국민임대,강원,0
2025-04,,합,국민임대,충북,0
2025-04,,합,국민임대,충남,0
2025-04,,합,국민임대,전북,0
2025-04,,합,국민임대,전남,0
2025-04,,합,국민임대,경북,0
2025-04,,합,국민임대,경남,0
2025-04,,합,국민임대,제주,0
2025-04,,합,공공임대,전국,4006
2025-04,,합,공공임대,서울,275
2025-04,,합,공공임대,인천,1345
2025-04,,합,공공임대,경기,1932
2025-04,,합,공공임대,부산,0
2025-04,,합,공공임대,대구,0
2025-04,,합,공공임대,광주,0
2025-04,,합,공공임대,대전,0
2025-04,,합,공공임대,울산,417
2025-04,,합,공공임대,세종,0
2025-04,,합,공공임대,강원,0
2025-04,,합,공공임대,충북,0
2025-04,,합,공공임대,충남,0
2025-04,,합,공공임대,전북,0
2025-04,,합,공공임대,전남,0
2025-04,,합,공공임대,경북,0
2025-04,,합,공공임대,경남,0
2025-04,,합,공공임대,제주,37
2025-04,,합,공공분양,전국,4338
2025-04,,합,공공분양,서울,0
2025-04,,합,공공분양,인천,0
2025-04,,합,공공분양,경기,1012
2025-04,,합,공공분양,부산,1809
2025-04,,합,공공분양,대구,0
2025-04,,합,공공분양,광주,0
2025-04,,합,공공분양,대전,0
2025-04,,합,공공분양,울산,835
2025-04,,합,공공분양,세종,0
2025-04,,합,공공분양,강원,0
2025-04,,합,공공분양,충북,0
2025-04,,합,공공분양,충남,682
2025-04,,합,공공분양,전북,0
2025-04,,합,공공분양,전남,0
2025-04,,합,공공분양,경북,0
2025-04,,합,공공분양,경남,0
2025-04,,합,공공분양,제주,0
2025-04,,지자체,소계,전국,1809
2025-04,,지자체,소계,서울,0
2025-04,,지자체,소계,인천,0
2025-04,,지자체,소계,경기,0
2025-04,,지자체,소계,부산,1809
2025-04,,지자체,소계,대구,0
2025-04,,지자체,소계,광주,0
2025-04,,지자체,소계,대전,0
2025-04,,지자체,소계,울산,0
2025-04,,지자체,소계,세종,0
2025-04,,지자체,소계,강원,0
2025-04,,지자체,소계,충북,0
2025-04,,지자체,소계,충남,0
2025-04,,지자체,소계,전북,0
2025-04,,지자체,소계,전남,0
2025-04,,지자체,소계,경북,0
2025-04,,지자체,소계,경남,0
2025-04,,지자체,소계,제주,0
2025-04,,지자체,국민임대,전국,0
2025-04,,지자체,국민임대,서울,0
2025-04,,지자체,국민임대,인천,0
2025-04,,지자체,국민임대,경기,0
2025-04,,지자체,국민임대,부산,0
2025-04,,지자체,국민임대,대구,0
2025-04,,지자체,국민임대,광주,0
2025-04,,지자체,국민임대,대전,0
2025-04,,지자체,국민임대,울산,0
2025-04,,지자체,국민임대,세종,0
2025-04,,지자체,국민임대,강원,0
2025-04,,지자체,국민임대,충북,0
2025-04,,지자체,국민임대,충남,0
2025-04,,지자체,국민임대,전북,0
2025-04,,지자체,국민임대,전남,0
2025-04,,지자체,국민임대,경북,0
2025-04,,지자체,국민임대,경남,0
2025-04,,지자체,국민임대,제주,0
2025-04,,지자체,공공임대,전국,0
2025-04,,지자체,공공임대,서울,0
2025-04,,지자체,공공임대,인천,0
2025-04,,지자체,공공임대,경기,0
2025-04,,지자체,공공임대,부산,0
2025-04,,지자체,공공임대,대구,0
2025-04,,지자체,공공임대,광주,0
2025-04,,지자체,공공임대,대전,0
2025-04,,지자체,공공임대,울산,0
2025-04,,지자체,공공임대,세종,0
2025-04,,지자체,공공임대,강원,0
2025-04,,지자체,공공임대,충북,0
2025-04,,지자체,공공임대,충남,0
2025-04,,지자체,공공임대,전북,0
2025-04,,지자체,공공임대,전남,0
2025-04,,지자체,공공임대,경북,0
2025-04,,지자체,공공임대,경남,0
2025-04,,지자체,공공임대,제주,0
2025-04,,지자체,공공분양,전국,1809
2025-04,,지자체,공공분양,서울,0
2025-04,,지자체,공공분양,인천,0
2025-04,,지자체,공공분양,경기,0
2025-04,,지자체,공공분양,부산,1809
2025-04,,지자체,공공분양,대구,0
2025-04,,지자체,공공분양,광주,0
2025-04,,지자체,공공분양,대전,0
2025-04,,지자체,공공분양,울산,0
2025-04,,지자체,공공분양,세종,0
2025-04,,지자체,공공분양,강원,0
2025-04,,지자체,공공분양,충북,0
2025-04,,지자체,공공분양,충남,0
2025-04,,지자체,공공분양,전북,0
2025-04,,지자체,공공분양,전남,0
2025-04,,지자체,공공분양,경북,0
2025-04,,지자체,공공분양,경남,0
2025-04,,지자체,공공분양,제주,0
2025-04,,LH,소계,전국,6853
2025-04,,LH,소계,서울,0
2025-04,,LH,소계,인천,1938
2025-04,,LH,소계,경기,2944
2025-04,,LH,소계,부산,0
2025-04,,LH,소계,대구,0
2025-04,,LH,소계,광주,0
2025-04,,LH,소계,대전,0
2025-04,,LH,소계,울산,1252
2025-04,,LH,소계,세종,0
2025-04,,LH,소계,강원,0
2025-04,,LH,소계,충북,0
2025-04,,LH,소계,충남,682
2025-04,,LH,소계,전북,0
2025-04,,LH,소계,전남,0
2025-04,,LH,소계,경북,0
2025-04,,LH,소계,경남,0
2025-04,,LH,소계,제주,37
2025-04,,LH,국민임대,전국,593
2025-04,,LH,국민임대,서울,0
2025-04,,LH,국민임대,인천,593
2025-04,,LH,국민임대,경기,0
2025-04,,LH,국민임대,부산,0
2025-04,,LH,국민임대,대구,0
2025-04,,LH,국민임대,광주,0
2025-04,,LH,국민임대,대전,0
2025-04,,LH,국민임대,울산,0
2025-04,,LH,국민임대,세종,0
2025-04,,LH,국민임대,강원,0
2025-04,,LH,국민임대,충북,0
2025-04,,LH,국민임대,충남,0
2025-04,,LH,국민임대,전북,0
2025-04,,LH,국민임대,전남,0
2025-04,,LH,국민임대,경북,0
2025-04,,LH,국민임대,경남,0
2025-04,,LH,국민임대,제주,0
2025-04,,LH,공공임대,전국,3731
2025-04,,LH,공공임대,서울,0
2025-04,,LH,공공임대,인천,1345
2025-04,,LH,공공임대,경기,1932
2025-04,,LH,공공임대,부산,0
2025-04,,LH,공공임대,대구,0
2025-04,,LH,공공임대,광주,0
2025-04,,LH,공공임대,대전,0
2025-04,,LH,공공임대,울산,417
2025-04,,LH,공공임대,세종,0
2025-04,,LH,공공임대,강원,0
2025-04,,LH,공공임대,충북,0
2025-04,,LH,공공임대,충남,0
2025-04,,LH,공공임대,전북,0
2025-04,,LH,공공임대,전남,0
2025-04,,LH,공공임대,경북,0
2025-04,,LH,공공임대,경남,0
2025-04,,LH,공공임대,제주,37
2025-04,,LH,공공분양,전국,2529
2025-04,,LH,공공분양,서울,0
2025-04,,LH,공공분양,인천,0
2025-04,,LH,공공분양,경기,1012
2025-04,,LH,공공분양,부산,0
2025-04,,LH,공공분양,대구,0
2025-04,,LH,공공분양,광주,0
2025-04,,LH,공공분양,대전,0
2025-04,,LH,공공분양,울산,835
2025-04,,LH,공공분양,세종,0
2025-04,,LH,공공분양,강원,0
2025-04,,LH,공공분양,충북,0
2025-04,,LH,공공분양,충남,682
2025-04,,LH,공공분양,전북,0
2025-04,,LH,공공분양,전남,0
2025-04,,LH,공공분양,경북,0
2025-04,,LH,공공분양,경남,0
2025-04,,LH,공공분양,제주,0
2025-04,,주택업체,소계,전국,275
2025-04,,주택업체,소계,서울,275
2025-04,,주택업체,소계,인천,0
2025-04,,주택업체,소계,경기,0
2025-04,,주택업체,소계,부산,0
2025-04,,주택업체,소계,대구,0
2025-04,,주택업체,소계,광주,0
2025-04,,주택업체,소계,대전,0
2025-04,,주택업체,소계,울산,0
2025-04,,주택업체,소계,세종,0
2025-04,,주택업체,소계,강원,0
2025-04,,주택업체,소계,충북,0
2025-04,,주택업체,소계,충남,0
2025-04,,주택업체,소계,전북,0
2025-04,,주택업체,소계,전남,0
2025-04,,주택업체,소계,경북,0
2025-04,,주택업체,소계,경남,0
2025-04,,주택업체,소계,제주,0
2025-04,,주택업체,국민임대,전국,0
2025-04,,주택업체,국민임대,서울,0
2025-04,,주택업체,국민임대,인천,0
2025-04,,주택업체,국민임대,경기,0
2025-04,,주택업체,국민임대,부산,0
2025-04,,주택업체,국민임대,대구,0
2025-04,,주택업체,국민임대,광주,0
2025-04,,주택업체,국민임대,대전,0
2025-04,,주택업체,국민임대,울산,0
2025-04,,주택업체,국민임대,세종,0
2025-04,,주택업체,국민임대,강원,0
2025-04,,주택업체,국민임대,충북,0
2025-04,,주택업체,국민임대,충남,0
2025-04,,주택업체,국민임대,전북,0
2025-04,,주택업체,국민임대,전남,0
2025-04,,주택업체,국민임대,경북,0
2025-04,,주택업체,국민임대,경남,0
2025-04,,주택업체,국민임대,제주,0
2025-04,,주택업체,공공임대,전국,275
2025-04,,주택업체,공공임대,서울,275
2025-04,,주택업체,공공임대,인천,0
2025-04,,주택업체,공공임대,경기,0
2025-04,,주택업체,공공임대,부산,0
2025-04,,주택업체,공공임대,대구,0
2025-04,,주택업체,공공임대,광주,0
2025-04,,주택업체,공공임대,대전,0
2025-04,,주택업체,공공임대,울산,0
2025-04,,주택업체,공공임대,세종,0
2025-04,,주택업체,공공임대,강원,0
2025-04,,주택업체,공공임대,충북,0
2025-04,,주택업체,공공임대,충남,0
2025-04,,주택업체,공공임대,전북,0
2025-04,,주택업체,공공임대,전남,0
2025-04,,주택업체,공공임대,경북,0
2025-04,,주택업체,공공임대,경남,0
2025-04,,주택업체,공공임대,제주,0
2025-04,,주택업체,공공분양,전국,0
2025-04,,주택업체,공공분양,서울,0
2025-04,,주택업체,공공분양,인천,0
2025-04,,주택업체,공공분양,경기,0
2025-04,,주택업체,공공분양,부산,0
2025-04,,주택업체,공공분양,대구,0
2025-04,,주택업체,공공분양,광주,0
2025-04,,주택업체,공공분양,대전,0
2025-04,,주택업체,공공분양,울산,0
2025-04,,주택업체,공공분양,세종,0
2025-04,,주택업체,공공분양,강원,0
2025-04,,주택업체,공공분양,충북,0
2025-04,,주택업체,공공분양,충남,0
2025-04,,주택업체,공공분양,전북,0
2025-04,,주택업체,공공분양,전남,0
2025-04,,주택업체,공공분양,경북,0
2025-04,,주택업체,공공분양,경남,0
2025-04,,주택업체,공공분양,제주,0
2025-04,,민간부문,소계,전국,21826
2025-04,,민간부문,소계,서울,5543
2025-04,,민간부문,소계,인천,139
2025-04,,민간부문,소계,경기,4067
2025-04,,민간부문,소계,부산,618
2025-04,,민간부문,소계,대구,1407
2025-04,,민간부문,소계,광주,952
2025-04,,민간부문,소계,대전,2549
2025-04,,민간부문,소계,울산,27
2025-04,,민간부문,소계,세종,31
2025-04,,민간부문,소계,강원,133
2025-04,,민간부문,소계,충북,1034
2025-04,,민간부문,소계,충남,449
2025-04,,민간부문,소계,전북,102
2025-04,,민간부문,소계,전남,450
2025-04,,민간부문,소계,경북,1247
2025-04,,민간부문,소계,경남,2986
2025-04,,민간부문,소계,제주,92
2025-04,,민간,민간임대,전국,1356
2025-04,,민간,민간임대,서울,1306
2025-04,,민간,민간임대,인천,0
2025-04,,민간,민간임대,경기,0
2025-04,,민간,민간임대,부산,0
2025-04,,민간,민간임대,대구,0
2025-04,,민간,민간임대,광주,0
2025-04,,민간,민간임대,대전,50
2025-04,,민간,민간임대,울산,0
2025-04,,민간,민간임대,세종,0
2025-04,,민간,민간임대,강원,0
2025-04,,민간,민간임대,충북,0
2025-04,,민간,민간임대,충남,0
2025-04,,민간,민간임대,전북,0
2025-04,,민간,민간임대,전남,0
2025-04,,민간,민간임대,경북,0
2025-04,,민간,민간임대,경남,0
2025-04,,민간,민간임대,제주,0
2025-04,,민간,민간분양,전국,20470
2025-04,,민간,민간분양,서울,4237
2025-04,,민간,민간분양,인천,139
2025-04,,민간,민간분양,경기,4067
2025-04,,민간,민간분양,부산,618
2025-04,,민간,민간분양,대구,1407
2025-04,,민간,민간분양,광주,952
2025-04,,민간,민간분양,대전,2499
2025-04,,민간,민간분양,울산,27
2025-04,,민간,민간분양,세종,31
2025-04,,민간,민간분양,강원,133
2025-04,,민간,민간분양,충북,1034
2025-04,,민간,민간분양,충남,449
2025-04,,민간,민간분양,전북,102
2025-04,,민간,민간분양,전남,450
2025-04,,민간,민간분양,경북,1247
2025-04,,민간,민간분양,경남,2986
2025-04,,민간,민간분양,제주,92
2025-05,,총계,총계,전국,21245
2025-05,,총계,총계,서울,2265
2025-05,,총계,총계,인천,94
2025-05,,총계,총계,경기,10523
2025-05,,총계,총계,부산,533
2025-05,,총계,총계,대구,1401
2025-05,,총계,총계,광주,7
2025-05,,총계,총계,대전,11
2025-05,,총계,총계,울산,21
2025-05,,총계,총계,세종,7
2025-05,,총계,총계,강원,1149
2025-05,,총계,총계,충북,1254
2025-05,,총계,총계,충남,136
2025-05,,총계,총계,전북,938
2025-05,,총계,총계,전남,593
2025-05,,총계,총계,경북,1968
2025-05,,총계,총계,경남,118
2025-05,,총계,총계,제주,227
2025-05,,공공부문,소계,전국,964
2025-05,,공공부문,소계,서울,845
2025-05,,공공부문,소계,인천,0
2025-05,,공공부문,소계,경기,49
2025-05,,공공부문,소계,부산,0
2025-05,,공공부문,소계,대구,0
2025-05,,공공부문,소계,광주,0
2025-05,,공공부문,소계,대전,0
2025-05,,공공부문,소계,울산,0
2025-05,,공공부문,소계,세종,0
2025-05,,공공부문,소계,강원,0
2025-05,,공공부문,소계,충북,0
2025-05,,공공부문,소계,충남,0
2025-05,,공공부문,소계,전북,0
2025-05,,공공부문,소계,전남,0
2025-05,,공공부문,소계,경북,0
2025-05,,공공부문,소계,경남,0
2025-05,,공공부문,소계,제주,70
2025-05,,합,국민임대,전국,0
2025-05,,합,국민임대,서울,0
2025-05,,합,국민임대,인천,0
2025-05,,합,국민임대,경기,0
2025-05,,합,국민임대,부산,0
2025-05,,합,국민임대,대구,0
2025-05,,합,국민임대,광주,0
2025-05,,합,국민임대,대전,0
2025-05,,합,국민임대,울산,0
2025-05,,합,국민임대,세종,0
2025-05,,합,국민임대,강원,0
2025-05,,합,국민임대,충북,0
2025-05,,합,국민임대,충남,0
2025-05,,합,국민임대,전북,0
2025-05,,합,국민임대,전남,0
2025-05,,합,국민임대,경북,0
2025-05,,합,국민임대,경남,0
2025-05,,합,국민임대,제주,0
2025-05,,합,공공임대,전국,964
2025-05,,합,공공임대,서울,845
2025-05,,합,공공임대,인천,0
2025-05,,합,공공임대,경기,49
2025-05,,합,공공임대,부산,0
2025-05,,합,공공임대,대구,0
2025-05,,합,공공임대,광주,0
2025-05,,합,공공임대,대전,0
2025-05,,합,공공임대,울산,0
2025-05,,합,공공임대,세종,0
2025-05,,합,공공임대,강원,0
2025-05,,합,공공임대,충북,0
2025-05,,합,공공임대,충남,0
2025-05,,합,공공임대,전북,0
2025-05,,합,공공임대,전남,0
2025-05,,합,공공임대,경북,0
2025-05,,합,공공임대,경남,0
2025-05,,합,공공임대,제주,70
2025-05,,합,공공분양,전국,0
2025-05,,합,공공분양,서울,0
2025-05,,합,공공분양,인천,0
2025-05,,합,공공분양,경기,0
2025-05,,합,공공분양,부산,0
2025-05,,합,공공분양,대구,0
2025-05,,합,공공분양,광주,0
2025-05,,합,공공분양,대전,0
2025-05,,합,공공분양,울산,0
2025-05,,합,공공분양,세종,0
2025-05,,합,공공분양,강원,0
2025-05,,합,공공분양,충북,0
2025-05,,합,공공분양,충남,0
2025-05,,합,공공분양,전북,0
2025-05,,합,공공분양,전남,0
2025-05,,합,공공분양,경북,0
2025-05,,합,공공분양,경남,0
2025-05,,합,공공분양,제주,0
2025-05,,지자체,소계,전국,746
2025-05,,지자체,소계,서울,697
2025-05,,지자체,소계,인천,0
2025-05,,지자체,소계,경기,49
2025-05,,지자체,소계,부산,0
2025-05,,지자체,소계,대구,0
2025-05,,지자체,소계,광주,0
2025-05,,지자체,소계,대전,0
2025-05,,지자체,소계,울산,0
2025-05,,지자체,소계,세종,0
2025-05,,지자체,소계,강원,0
2025-05,,지자체,소계,충북,0
2025-05,,지자체,소계,충남,0
2025-05,,지자체,소계,전북,0
2025-05,,지자체,소계,전남,0
2025-05,,지자체,소계,경북,0
2025-05,,지자체,소계,경남,0
2025-05,,지자체,소계,제주,0
2025-05,,지자체,국민임대,전국,0
2025-05,,지자체,국민임대,서울,0
2025-05,,지자체,국민임대,인천,0
2025-05,,지자체,국민임대,경기,0
2025-05,,지자체,국민임대,부산,0
2025-05,,지자체,국민임대,대구,0
2025-05,,지자체,국민임대,광주,0
2025-05,,지자체,국민임대,대전,0
2025-05,,지자체,국민임대,울산,0
2025-05,,지자체,국민임대,세종,0
2025-05,,지자체,국민임대,강원,0
2025-05,,지자체,국민임대,충북,0
2025-05,,지자체,국민임대,충남,0
2025-05,,지자체,국민임대,전북,0
2025-05,,지자체,국민임대,전남,0
2025-05,,지자체,국민임대,경북,0
2025-05,,지자체,국민임대,경남,0
2025-05,,지자체,국민임대,제주,0
2025-05,,지자체,공공임대,전국,746
2025-05,,지자체,공공임대,서울,697
2025-05,,지자체,공공임대,인천,0
2025-05,,지자체,공공임대,경기,49
2025-05,,지자체,공공임대,부산,0
2025-05,,지자체,공공임대,대구,0
2025-05,,지자체,공공임대,광주,0
2025-05,,지자체,공공임대,대전,0
2025-05,,지자체,공공임대,울산,0
2025-05,,지자체,공공임대,세종,0
2025-05,,지자체,공공임대,강원,0
2025-05,,지자체,공공임대,충북,0
2025-05,,지자체,공공임대,충남,0
2025-05,,지자체,공공임대,전북,0
2025-05,,지자체,공공임대,전남,0
2025-05,,지자체,공공임대,경북,0
2025-05,,지자체,공공임대,경남,0
2025-05,,지자체,공공임대,제주,0
2025-05,,지자체,공공분양,전국,0
2025-05,,지자체,공공분양,서울,0
2025-05,,지자체,공공분양,인천,0
2025-05,,지자체,공공분양,경기,0
2025-05,,지자체,공공분양,부산,0
2025-05,,지자체,공공분양,대구,0
2025-05,,지자체,공공분양,광주,0
2025-05,,지자체,공공분양,대전,0
2025-05,,지자체,공공분양,울산,0
2025-05,,지자체,공공분양,세종,0
2025-05,,지자체,공공분양,강원,0
2025-05,,지자체,공공분양,충북,0
2025-05,,지자체,공공분양,충남,0
2025-05,,지자체,공공분양,전북,0
2025-05,,지자체,공공분양,전남,0
2025-05,,지자체,공공분양,경북,0
2025-05,,지자체,공공분양,경남,0
2025-05,,지자체,공공분양,제주,0
2025-05,,LH,소계,전국,0
2025-05,,LH,소계,서울,0
2025-05,,LH,소계,인천,0
2025-05,,LH,소계,경기,0
2025-05,,LH,소계,부산,0
2025-05,,LH,소계,대구,0
2025-05,,LH,소계,광주,0
2025-05,,LH,소계,대전,0
2025-05,,LH,소계,울산,0
2025-05,,LH,소계,세종,0
2025-05,,LH,소계,강원,0
2025-05,,LH,소계,충북,0
2025-05,,LH,소계,충남,0
2025-05,,LH,소계,전북,0
2025-05,,LH,소계,전남,0
2025-05,,LH,소계,경북,0
2025-05,,LH,소계,경남,0
2025-05,,LH,소계,제주,0
2025-05,,LH,국민임대,전국,0
2025-05,,LH,국민임대,서울,0
2025-05,,LH,국민임대,인천,0
2025-05,,LH,국민임대,경기,0
2025-05,,LH,국민임대,부산,0
2025-05,,LH,국민임대,대구,0
2025-05,,LH,국민임대,광주,0
2025-05,,LH,국민임대,대전,0
2025-05,,LH,국민임대,울산,0
2025-05,,LH,국민임대,세종,0
2025-05,,LH,국민임대,강원,0
2025-05,,LH,국민임대,충북,0
2025-05,,LH,국민임대,충남,0
2025-05,,LH,국민임대,전북,0
2025-05,,LH,국민임대,전남,0
2025-05,,LH,국민임대,경북,0
2025-05,,LH,국민임대,경남,0
2025-05,,LH,국민임대,제주,0
2025-05,,LH,공공임대,전국,0
2025-05,,LH,공공임대,서울,0
2025-05,,LH,공공임대,인천,0
2025-05,,LH,공공임대,경기,0
2025-05,,LH,공공임대,부산,0
2025-05,,LH,공공임대,대구,0
2025-05,,LH,공공임대,광주,0
2025-05,,LH,공공임대,대전,0
2025-05,,LH,공공임대,울산,0
2025-05,,LH,공공임대,세종,0
2025-05,,LH,공공임대,강원,0
2025-05,,LH,공공임대,충북,0
2025-05,,LH,공공임대,충남,0
2025-05,,LH,공공임대,전북,0
2025-05,,LH,공공임대,전남,0
2025-05,,LH,공공임대,경북,0
2025-05,,LH,공공임대,경남,0
2025-05,,LH,공공임대,제주,0
2025-05,,LH,공공분양,전국,0
2025-05,,LH,공공분양,서울,0
2025-05,,LH,공공분양,인천,0
2025-05,,LH,공공분양,경기,0
2025-05,,LH,공공분양,부산,0
2025-05,,LH,공공분양,대구,0
2025-05,,LH,공공분양,광주,0
2025-05,,LH,공공분양,대전,0
2025-05,,LH,공공분양,울산,0
2025-05,,LH,공공분양,세종,0
2025-05,,LH,공공분양,강원,0
2025-05,,LH,공공분양,충북,0
2025-05,,LH,공공분양,충남,0
2025-05,,LH,공공분양,전북,0
2025-05,,LH,공공분양,전남,0
2025-05,,LH,공공분양,경북,0
2025-05,,LH,공공분양,경남,0
2025-05,,LH,공공분양,제주,0
2025-05,,주택업체,소계,전국,218
2025-05,,주택업체,소계,서울,148
2025-05,,주택업체,소계,인천,0
2025-05,,주택업체,소계,경기,0
2025-05,,주택업체,소계,부산,0
2025-05,,주택업체,소계,대구,0
2025-05,,주택업체,소계,광주,0
2025-05,,주택업체,소계,대전,0
2025-05,,주택업체,소계,울산,0
2025-05,,주택업체,소계,세종,0
2025-05,,주택업체,소계,강원,0
2025-05,,주택업체,소계,충북,0
2025-05,,주택업체,소계,충남,0
2025-05,,주택업체,소계,전북,0
2025-05,,주택업체,소계,전남,0
2025-05,,주택업체,소계,경북,0
2025-05,,주택업체,소계,경남,0
2025-05,,주택업체,소계,제주,70
2025-05,,주택업체,국민임대,전국,0
2025-05,,주택업체,국민임대,서울,0
2025-05,,주택업체,국민임대,인천,0
2025-05,,주택업체,국민임대,경기,0
2025-05,,주택업체,국민임대,부산,0
2025-05,,주택업체,국민임대,대구,0
2025-05,,주택업체,국민임대,광주,0
2025-05,,주택업체,국민임대,대전,0
2025-05,,주택업체,국민임대,울산,0
2025-05,,주택업체,국민임대,세종,0
2025-05,,주택업체,국민임대,강원,0
2025-05,,주택업체,국민임대,충북,0
2025-05,,주택업체,국민임대,충남,0
2025-05,,주택업체,국민임대,전북,0
2025-05,,주택업체,국민임대,전남,0
2025-05,,주택업체,국민임대,경북,0
2025-05,,주택업체,국민임대,경남,0
2025-05,,주택업체,국민임대,제주,0
2025-05,,주택업체,공공임대,전국,218
2025-05,,주택업체,공공임대,서울,148
2025-05,,주택업체,공공임대,인천,0
2025-05,,주택업체,공공임대,경기,0
2025-05,,주택업체,공공임대,부산,0
2025-05,,주택업체,공공임대,대구,0
2025-05,,주택업체,공공임대,광주,0
2025-05,,주택업체,공공임대,대전,0
2025-05,,주택업체,공공임대,울산,0
2025-05,,주택업체,공공임대,세종,0
2025-05,,주택업체,공공임대,강원,0
2025-05,,주택업체,공공임대,충북,0
2025-05,,주택업체,공공임대,충남,0
2025-05,,주택업체,공공임대,전북,0
2025-05,,주택업체,공공임대,전남,0
2025-05,,주택업체,공공임대,경북,0
2025-05,,주택업체,공공임대,경남,0
2025-05,,주택업체,공공임대,제주,70
2025-05,,주택업체,공공분양,전국,0
2025-05,,주택업체,공공분양,서울,0
2025-05,,주택업체,공공분양,인천,0
2025-05,,주택업체,공공분양,경기,0
2025-05,,주택업체,공공분양,부산,0
2025-05,,주택업체,공공분양,대구,0
2025-05,,주택업체,공공분양,광주,0
2025-05,,주택업체,공공분양,대전,0
2025-05,,주택업체,공공분양,울산,0
2025-05,,주택업체,공공분양,세종,0
2025-05,,주택업체,공공분양,강원,0
2025-05,,주택업체,공공분양,충북,0
2025-05,,주택업체,공공분양,충남,0
2025-05,,주택업체,공공분양,전북,0
2025-05,,주택업체,공공분양,전남,0
2025-05,,주택업체,공공분양,경북,0
2025-05,,주택업체,공공분양,경남,0
2025-05,,주택업체,공공분양,제주,0
2025-05,,민간부문,소계,전국,20281
2025-05,,민간부문,소계,서울,1420
2025-05,,민간부문,소계,인천,94
2025-05,,민간부문,소계,경기,10474
2025-05,,민간부문,소계,부산,533
2025-05,,민간부문,소계,대구,1401
2025-05,,민간부문,소계,광주,7
2025-05,,민간부문,소계,대전,11
2025-05,,민간부문,소계,울산,21
2025-05,,민간부문,소계,세종,7
2025-05,,민간부문,소계,강원,1149
2025-05,,민간부문,소계,충북,1254
2025-05,,민간부문,소계,충남,136
2025-05,,민간부문,소계,전북,938
2025-05,,민간부문,소계,전남,593
2025-05,,민간부문,소계,경북,1968
2025-05,,민간부문,소계,경남,118
2025-05,,민간부문,소계,제주,157
2025-05,,민간,민간임대,전국,1271
2025-05,,민간,민간임대,서울,556
2025-05,,민간,민간임대,인천,0
2025-05,,민간,민간임대,경기,715
2025-05,,민간,민간임대,부산,0
2025-05,,민간,민간임대,대구,0
2025-05,,민간,민간임대,광주,0
2025-05,,민간,민간임대,대전,0
2025-05,,민간,민간임대,울산,0
2025-05,,민간,민간임대,세종,0
2025-05,,민간,민간임대,강원,0
2025-05,,민간,민간임대,충북,0
2025-05,,민간,민간임대,충남,0
2025-05,,민간,민간임대,전북,0
2025-05,,민간,민간임대,전남,0
2025-05,,민간,민간임대,경북,0
2025-05,,민간,민간임대,경남,0
2025-05,,민간,민간임대,제주,0
2025-05,,민간,민간분양,전국,19010
2025-05,,민간,민간분양,서울,864
2025-05,,민간,민간분양,인천,94
2025-05,,민간,민간분양,경기,9759
2025-05,,민간,민간분양,부산,533
2025-05,,민간,민간분양,대구,1401
2025-05,,민간,민간분양,광주,7
2025-05,,민간,민간분양,대전,11
2025-05,,민간,민간분양,울산,21
2025-05,,민간,민간분양,세종,7
2025-05,,민간,민간분양,강원,1149
2025-05,,민간,민간분양,충북,1254
2025-05,,민간,민간분양,충남,136
2025-05,,민간,민간분양,전북,938
2025-05,,민간,민간분양,전남,593
2025-05,,민간,민간분양,경북,1968
2025-05,,민간,민간분양,경남,118
2025-05,,민간,민간분양,제주,157
2025-06,,총계,총계,전국,36995
2025-06,,총계,총계,서울,8198
2025-06,,총계,총계,인천,1929
2025-06,,총계,총계,경기,11012
2025-06,,총계,총계,부산,1077
2025-06,,총계,총계,대구,968
2025-06,,총계,총계,광주,179
2025-06,,총계,총계,대전,2291
2025-06,,총계,총계,울산,1078
2025-06,,총계,총계,세종,39
2025-06,,총계,총계,강원,661
2025-06,,총계,총계,충북,1988
2025-06,,총계,총계,충남,2334
2025-06,,총계,총계,전북,308
2025-06,,총계,총계,전남,1833
2025-06,,총계,총계,경북,143
2025-06,,총계,총계,경남,2798
2025-06,,총계,총계,제주,159
2025-06,,공공부문,소계,전국,5326
2025-06,,공공부문,소계,서울,80
2025-06,,공공부문,소계,인천,0
2025-06,,공공부문,소계,경기,2228
2025-06,,공공부문,소계,부산,972
2025-06,,공공부문,소계,대구,0
2025-06,,공공부문,소계,광주,0
2025-06,,공공부문,소계,대전,162
2025-06,,공공부문,소계,울산,701
2025-06,,공공부문,소계,세종,0
2025-06,,공공부문,소계,강원,0
2025-06,,공공부문,소계,충북,0
2025-06,,공공부문,소계,충남,0
2025-06,,공공부문,소계,전북,0
2025-06,,공공부문,소계,전남,0
2025-06,,공공부문,소계,경북,0
2025-06,,공공부문,소계,경남,1159
2025-06,,공공부문,소계,제주,24
2025-06,,합,국민임대,전국,1084
2025-06,,합,국민임대,서울,0
2025-06,,합,국민임대,인천,0
2025-06,,합,국민임대,경기,383
2025-06,,합,국민임대,부산,0
2025-06,,합,국민임대,대구,0
2025-06,,합,국민임대,광주,0
2025-06,,합,국민임대,대전,0
2025-06,,합,국민임대,울산,701
2025-06,,합,국민임대,세종,0
2025-06,,합,국민임대,강원,0
2025-06,,합,국민임대,충북,0
2025-06,,합,국민임대,충남,0
2025-06,,합,국민임대,전북,0
2025-06,,합,국민임대,전남,0
2025-06,,합,국민임대,경북,0
2025-06,,합,국민임대,경남,0
2025-06,,합,국민임대,제주,0
2025-06,,합,공공임대,전국,2204
2025-06,,합,공공임대,서울,0
2025-06,,합,공공임대,인천,0
2025-06,,합,공공임대,경기,1209
2025-06,,합,공공임대,부산,0
2025-06,,합,공공임대,대구,0
2025-06,,합,공공임대,광주,0
2025-06,,합,공공임대,대전,162
2025-06,,합,공공임대,울산,0
2025-06,,합,공공임대,세종,0
2025-06,,합,공공임대,강원,0
2025-06,,합,공공임대,충북,0
2025-06,,합,공공임대,충남,0
2025-06,,합,공공임대,전북,0
2025-06,,합,공공임대,전남,0
2025-06,,합,공공임대,경북,0
2025-06,,합,공공임대,경남,809
2025-06,,합,공공임대,제주,24
2025-06,,합,공공분양,전국,2038
2025-06,,합,공공분양,서울,80
2025-06,,합,공공분양,인천,0
2025-06,,합,공공분양,경기,636
2025-06,,합,공공분양,부산,972
2025-06,,합,공공분양,대구,0
2025-06,,합,공공분양,광주,0
2025-06,,합,공공분양,대전,0
2025-06,,합,공공분양,울산,0
2025-06,,합,공공분양,세종,0
2025-06,,합,공공분양,강원,0
2025-06,,합,공공분양,충북,0
2025-06,,합,공공분양,충남,0
2025-06,,합,공공분양,전북,0
2025-06,,합,공공분양,전남,0
2025-06,,합,공공분양,경북,0
2025-06,,합,공공분양,경남,350
2025-06,,합,공공분양,제주,0
2025-06,,지자체,소계,전국,2635
2025-06,,지자체,소계,서울,0
2025-06,,지자체,소계,인천,0
2025-06,,지자체,소계,경기,342
2025-06,,지자체,소계,부산,972
2025-06,,지자체,소계,대구,0
2025-06,,지자체,소계,광주,0
2025-06,,지자체,소계,대전,162
2025-06,,지자체,소계,울산,0
2025-06,,지자체,소계,세종,0
2025-06,,지자체,소계,강원,0
2025-06,,지자체,소계,충북,0
2025-06,,지자체,소계,충남,0
2025-06,,지자체,소계,전북,0
2025-06,,지자체,소계,전남,0
2025-06,,지자체,소계,경북,0
2025-06,,지자체,소계,경남,1159
2025-06,,지자체,소계,제주,0
2025-06,,지자체,국민임대,전국,0
2025-06,,지자체,국민임대,서울,0
2025-06,,지자체,국민임대,인천,0
2025-06,,지자체,국민임대,경기,0
2025-06,,지자체,국민임대,부산,0
2025-06,,지자체,국민임대,대구,0
2025-06,,지자체,국민임대,광주,0
2025-06,,지자체,국민임대,대전,0
2025-06,,지자체,국민임대,울산,0
2025-06,,지자체,국민임대,세종,0
2025-06,,지자체,국민임대,강원,0
2025-06,,지자체,국민임대,충북,0
2025-06,,지자체,국민임대,충남,0
2025-06,,지자체,국민임대,전북,0
2025-06,,지자체,국민임대,전남,0
2025-06,,지자체,국민임대,경북,0
2025-06,,지자체,국민임대,경남,0
2025-06,,지자체,국민임대,제주,0
2025-06,,지자체,공공임대,전국,1071
2025-06,,지자체,공공임대,서울,0
2025-06,,지자체,공공임대,인천,0
2025-06,,지자체,공공임대,경기,100
2025-06,,지자체,공공임대,부산,0
2025-06,,지자체,공공임대,대구,0
2025-06,,지자체,공공임대,광주,0
2025-06,,지자체,공공임대,대전,162
2025-06,,지자체,공공임대,울산,0
2025-06,,지자체,공공임대,세종,0
2025-06,,지자체,공공임대,강원,0
2025-06,,지자체,공공임대,충북,0
2025-06,,지자체,공공임대,충남,0
2025-06,,지자체,공공임대,전북,0
2025-06,,지자체,공공임대,전남,0
2025-06,,지자체,공공임대,경북,0
2025-06,,지자체,공공임대,경남,809
2025-06,,지자체,공공임대,제주,0
2025-06,,지자체,공공분양,전국,1564
2025-06,,지자체,공공분양,서울,0
2025-06,,지자체,공공분양,인천,0
2025-06,,지자체,공공분양,경기,242
2025-06,,지자체,공공분양,부산,972
2025-06,,지자체,공공분양,대구,0
2025-06,,지자체,공공분양,광주,0
2025-06,,지자체,공공분양,대전,0
2025-06,,지자체,공공분양,울산,0
2025-06,,지자체,공공분양,세종,0
2025-06,,지자체,공공분양,강원,0
2025-06,,지자체,공공분양,충북,0
2025-06,,지자체,공공분양,충남,0
2025-06,,지자체,공공분양,전북,0
2025-06,,지자체,공공분양,전남,0
2025-06,,지자체,공공분양,경북,0
2025-06,,지자체,공공분양,경남,350
2025-06,,지자체,공공분양,제주,0
2025-06,,LH,소계,전국,2611
2025-06,,LH,소계,서울,0
2025-06,,LH,소계,인천,0
2025-06,,LH,소계,경기,1886
2025-06,,LH,소계,부산,0
2025-06,,LH,소계,대구,0
2025-06,,LH,소계,광주,0
2025-06,,LH,소계,대전,0
2025-06,,LH,소계,울산,701
2025-06,,LH,소계,세종,0
2025-06,,LH,소계,강원,0
2025-06,,LH,소계,충북,0
2025-06,,LH,소계,충남,0
2025-06,,LH,소계,전북,0
2025-06,,LH,소계,전남,0
2025-06,,LH,소계,경북,0
2025-06,,LH,소계,경남,0
2025-06,,LH,소계,제주,24
2025-06,,LH,국민임대,전국,1084
2025-06,,LH,국민임대,서울,0
2025-06,,LH,국민임대,인천,0
2025-06,,LH,국민임대,경기,383
2025-06,,LH,국민임대,부산,0
2025-06,,LH,국민임대,대구,0
2025-06,,LH,국민임대,광주,0
2025-06,,LH,국민임대,대전,0
2025-06,,LH,국민임대,울산,701
2025-06,,LH,국민임대,세종,0
2025-06,,LH,국민임대,강원,0
2025-06,,LH,국민임대,충북,0
2025-06,,LH,국민임대,충남,0
2025-06,,LH,국민임대,전북,0
2025-06,,LH,국민임대,전남,0
2025-06,,LH,국민임대,경북,0
2025-06,,LH,국민임대,경남,0
2025-06,,LH,국민임대,제주,0
2025-06,,LH,공공임대,전국,1133
2025-06,,LH,공공임대,서울,0
2025-06,,LH,공공임대,인천,0
2025-06,,LH,공공임대,경기,1109
2025-06,,LH,공공임대,부산,0
2025-06,,LH,공공임대,대구,0
2025-06,,LH,공공임대,광주,0
2025-06,,LH,공공임대,대전,0
2025-06,,LH,공공임대,울산,0
2025-06,,LH,공공임대,세종,0
2025-06,,LH,공공임대,강원,0
2025-06,,LH,공공임대,충북,0
2025-06,,LH,공공임대,충남,0
2025-06,,LH,공공임대,전북,0
2025-06,,LH,공공임대,전남,0
2025-06,,LH,공공임대,경북,0
2025-06,,LH,공공임대,경남,0
2025-06,,LH,공공임대,제주,24
2025-06,,LH,공공분양,전국,394
2025-06,,LH,공공분양,서울,0
2025-06,,LH,공공분양,인천,0
2025-06,,LH,공공분양,경기,394
2025-06,,LH,공공분양,부산,0
2025-06,,LH,공공분양,대구,0
2025-06,,LH,공공분양,광주,0
2025-06,,LH,공공분양,대전,0
2025-06,,LH,공공분양,울산,0
2025-06,,LH,공공분양,세종,0
2025-06,,LH,공공분양,강원,0
2025-06,,LH,공공분양,충북,0
2025-06,,LH,공공분양,충남,0
2025-06,,LH,공공분양,전북,0
2025-06,,LH,공공분양,전남,0
2025-06,,LH,공공분양,경북,0
2025-06,,LH,공공분양,경남,0
2025-06,,LH,공공분양,제주,0
2025-06,,주택업체,소계,전국,80
2025-06,,주택업체,소계,서울,80
2025-06,,주택업체,소계,인천,0
2025-06,,주택업체,소계,경기,0
2025-06,,주택업체,소계,부산,0
2025-06,,주택업체,소계,대구,0
2025-06,,주택업체,소계,광주,0
2025-06,,주택업체,소계,대전,0
2025-06,,주택업체,소계,울산,0
2025-06,,주택업체,소계,세종,0
2025-06,,주택업체,소계,강원,0
2025-06,,주택업체,소계,충북,0
2025-06,,주택업체,소계,충남,0
2025-06,,주택업체,소계,전북,0
2025-06,,주택업체,소계,전남,0
2025-06,,주택업체,소계,경북,0
2025-06,,주택업체,소계,경남,0
2025-06,,주택업체,소계,제주,0
2025-06,,주택업체,국민임대,전국,0
2025-06,,주택업체,국민임대,서울,0
2025-06,,주택업체,국민임대,인천,0
2025-06,,주택업체,국민임대,경기,0
2025-06,,주택업체,국민임대,부산,0
2025-06,,주택업체,국민임대,대구,0
2025-06,,주택업체,국민임대,광주,0
2025-06,,주택업체,국민임대,대전,0
2025-06,,주택업체,국민임대,울산,0
2025-06,,주택업체,국민임대,세종,0
2025-06,,주택업체,국민임대,강원,0
2025-06,,주택업체,국민임대,충북,0
2025-06,,주택업체,국민임대,충남,0
2025-06,,주택업체,국민임대,전북,0
2025-06,,주택업체,국민임대,전남,0
2025-06,,주택업체,국민임대,경북,0
2025-06,,주택업체,국민임대,경남,0
2025-06,,주택업체,국민임대,제주,0
2025-06,,주택업체,공공임대,전국,0
2025-06,,주택업체,공공임대,서울,0
2025-06,,주택업체,공공임대,인천,0
2025-06,,주택업체,공공임대,경기,0
2025-06,,주택업체,공공임대,부산,0
2025-06,,주택업체,공공임대,대구,0
2025-06,,주택업체,공공임대,광주,0
2025-06,,주택업체,공공임대,대전,0
2025-06,,주택업체,공공임대,울산,0
2025-06,,주택업체,공공임대,세종,0
2025-06,,주택업체,공공임대,강원,0
2025-06,,주택업체,공공임대,충북,0
2025-06,,주택업체,공공임대,충남,0
2025-06,,주택업체,공공임대,전북,0
2025-06,,주택업체,공공임대,전남,0
2025-06,,주택업체,공공임대,경북,0
2025-06,,주택업체,공공임대,경남,0
2025-06,,주택업체,공공임대,제주,0
2025-06,,주택업체,공공분양,전국,80
2025-06,,주택업체,공공분양,서울,80
2025-06,,주택업체,공공분양,인천,0
2025-06,,주택업체,공공분양,경기,0
2025-06,,주택업체,공공분양,부산,0
2025-06,,주택업체,공공분양,대구,0
2025-06,,주택업체,공공분양,광주,0
2025-06,,주택업체,공공분양,대전,0
2025-06,,주택업체,공공분양,울산,0
2025-06,,주택업체,공공분양,세종,0
2025-06,,주택업체,공공분양,강원,0
2025-06,,주택업체,공공분양,충북,0
2025-06,,주택업체,공공분양,충남,0
2025-06,,주택업체,공공분양,전북,0
2025-06,,주택업체,공공분양,전남,0
2025-06,,주택업체,공공분양,경북,0
2025-06,,주택업체,공공분양,경남,0
2025-06,,주택업체,공공분양,제주,0
2025-06,,민간부문,소계,전국,31669
2025-06,,민간부문,소계,서울,8118
2025-06,,민간부문,소계,인천,1929
2025-06,,민간부문,소계,경기,8784
2025-06,,민간부문,소계,부산,105
2025-06,,민간부문,소계,대구,968
2025-06,,민간부문,소계,광주,179
2025-06,,민간부문,소계,대전,2129
2025-06,,민간부문,소계,울산,377
2025-06,,민간부문,소계,세종,39
2025-06,,민간부문,소계,강원,661
2025-06,,민간부문,소계,충북,1988
2025-06,,민간부문,소계,충남,2334
2025-06,,민간부문,소계,전북,308
2025-06,,민간부문,소계,전남,1833
2025-06,,민간부문,소계,경북,143
2025-06,,민간부문,소계,경남,1639
2025-06,,민간부문,소계,제주,135
2025-06,,민간,민간임대,전국,2544
2025-06,,민간,민간임대,서울,452
2025-06,,민간,민간임대,인천,56
2025-06,,민간,민간임대,경기,1024
2025-06,,민간,민간임대,부산,0
2025-06,,민간,민간임대,대구,0
2025-06,,민간,민간임대,광주,0
2025-06,,민간,민간임대,대전,0
2025-06,,민간,민간임대,울산,0
2025-06,,민간,민간임대,세종,0
2025-06,,민간,민간임대,강원,0
2025-06,,민간,민간임대,충북,0
2025-06,,민간,민간임대,충남,0
2025-06,,민간,민간임대,전북,219
2025-06,,민간,민간임대,전남,793
2025-06,,민간,민간임대,경북,0
2025-06,,민간,민간임대,경남,0
2025-06,,민간,민간임대,제주,0
2025-06,,민간,민간분양,전국,29125
2025-06,,민간,민간분양,서울,7666
2025-06,,민간,민간분양,인천,1873
2025-06,,민간,민간분양,경기,7760
2025-06,,민간,민간분양,부산,105
2025-06,,민간,민간분양,대구,968
2025-06,,민간,민간분양,광주,179
2025-06,,민간,민간분양,대전,2129
2025-06,,민간,민간분양,울산,377
2025-06,,민간,민간분양,세종,39
2025-06,,민간,민간분양,강원,661
2025-06,,민간,민간분양,충북,1988
2025-06,,민간,민간분양,충남,2334
2025-06,,민간,민간분양,전북,89
2025-06,,민간,민간분양,전남,1040
2025-06,,민간,민간분양,경북,143
2025-06,,민간,민간분양,경남,1639
2025-06,,민간,민간분양,제주,135
2025-07,,총계,총계,전국,19384
2025-07,,총계,총계,서울,4117
2025-07,,총계,총계,인천,345
2025-07,,총계,총계,경기,6281
2025-07,,총계,총계,부산,981
2025-07,,총계,총계,대구,1389
2025-07,,총계,총계,광주,93
2025-07,,총계,총계,대전,186
2025-07,,총계,총계,울산,351
2025-07,,총계,총계,세종,8
2025-07,,총계,총계,강원,189
2025-07,,총계,총계,충북,2602
2025-07,,총계,총계,충남,192
2025-07,,총계,총계,전북,1165
2025-07,,총계,총계,전남,782
2025-07,,총계,총계,경북,287
2025-07,,총계,총계,경남,186
2025-07,,총계,총계,제주,230
2025-07,,공공부문,소계,전국,1896
2025-07,,공공부문,소계,서울,738
2025-07,,공공부문,소계,인천,0
2025-07,,공공부문,소계,경기,569
2025-07,,공공부문,소계,부산,589
2025-07,,공공부문,소계,대구,0
2025-07,,공공부문,소계,광주,0
2025-07,,공공부문,소계,대전,0
2025-07,,공공부문,소계,울산,0
2025-07,,공공부문,소계,세종,0
2025-07,,공공부문,소계,강원,0
2025-07,,공공부문,소계,충북,0
2025-07,,공공부문,소계,충남,0
2025-07,,공공부문,소계,전북,0
2025-07,,공공부문,소계,전남,0
2025-07,,공공부문,소계,경북,0
2025-07,,공공부문,소계,경남,0
2025-07,,공공부문,소계,제주,0
2025-07,,합,국민임대,전국,0
2025-07,,합,국민임대,서울,0
2025-07,,합,국민임대,인천,0
2025-07,,합,국민임대,경기,0
2025-07,,합,국민임대,부산,0
2025-07,,합,국민임대,대구,0
2025-07,,합,국민임대,광주,0
2025-07,,합,국민임대,대전,0
2025-07,,합,국민임대,울산,0
2025-07,,합,국민임대,세종,0
2025-07,,합,국민임대,강원,0
2025-07,,합,국민임대,충북,0
2025-07,,합,국민임대,충남,0
2025-07,,합,국민임대,전북,0
2025-07,,합,국민임대,전남,0
2025-07,,합,국민임대,경북,0
2025-07,,합,국민임대,경남,0
2025-07,,합,국민임대,제주,0
2025-07,,합,공공임대,전국,1327
2025-07,,합,공공임대,서울,738
2025-07,,합,공공임대,인천,0
2025-07,,합,공공임대,경기,0
2025-07,,합,공공임대,부산,589
2025-07,,합,공공임대,대구,0
2025-07,,합,공공임대,광주,0
2025-07,,합,공공임대,대전,0
2025-07,,합,공공임대,울산,0
2025-07,,합,공공임대,세종,0
2025-07,,합,공공임대,강원,0
2025-07,,합,공공임대,충북,0
2025-07,,합,공공임대,충남,0
2025-07,,합,공공임대,전북,0
2025-07,,합,공공임대,전남,0
2025-07,,합,공공임대,경북,0
2025-07,,합,공공임대,경남,0
2025-07,,합,공공임대,제주,0
2025-07,,합,공공분양,전국,569
2025-07,,합,공공분양,서울,0
2025-07,,합,공공분양,인천,0
2025-07,,합,공공분양,경기,569
2025-07,,합,공공분양,부산,0
2025-07,,합,공공분양,대구,0
2025-07,,합,공공분양,광주,0
2025-07,,합,공공분양,대전,0
2025-07,,합,공공분양,울산,0
2025-07,,합,공공분양,세종,0
2025-07,,합,공공분양,강원,0
2025-07,,합,공공분양,충북,0
2025-07,,합,공공분양,충남,0
2025-07,,합,공공분양,전북,0
2025-07,,합,공공분양,전남,0
2025-07,,합,공공분양,경북,0
2025-07,,합,공공분양,경남,0
2025-07,,합,공공분양,제주,0
2025-07,,지자체,소계,전국,1158
2025-07,,지자체,소계,서울,0
2025-07,,지자체,소계,인천,0
2025-07,,지자체,소계,경기,569
2025-07,,지자체,소계,부산,589
2025-07,,지자체,소계,대구,0
2025-07,,지자체,소계,광주,0
2025-07,,지자체,소계,대전,0
2025-07,,지자체,소계,울산,0
2025-07,,지자체,소계,세종,0
2025-07,,지자체,소계,강원,0
2025-07,,지자체,소계,충북,0
2025-07,,지자체,소계,충남,0
2025-07,,지자체,소계,전북,0
2025-07,,지자체,소계,전남,0
2025-07,,지자체,소계,경북,0
2025-07,,지자체,소계,경남,0
2025-07,,지자체,소계,제주,0
2025-07,,지자체,국민임대,전국,0
2025-07,,지자체,국민임대,서울,0
2025-07,,지자체,국민임대,인천,0
2025-07,,지자체,국민임대,경기,0
2025-07,,지자체,국민임대,부산,0
2025-07,,지자체,국민임대,대구,0
2025-07,,지자체,국민임대,광주,0
2025-07,,지자체,국민임대,대전,0
2025-07,,지자체,국민임대,울산,0
2025-07,,지자체,국민임대,세종,0
2025-07,,지자체,국민임대,강원,0
2025-07,,지자체,국민임대,충북,0
2025-07,,지자체,국민임대,충남,0
2025-07,,지자체,국민임대,전북,0
2025-07,,지자체,국민임대,전남,0
2025-07,,지자체,국민임대,경북,0
2025-07,,지자체,국민임대,경남,0
2025-07,,지자체,국민임대,제주,0
2025-07,,지자체,공공임대,전국,589
2025-07,,지자체,공공임대,서울,0
2025-07,,지자체,공공임대,인천,0
2025-07,,지자체,공공임대,경기,0
2025-07,,지자체,공공임대,부산,589
2025-07,,지자체,공공임대,대구,0
2025-07,,지자체,공공임대,광주,0
2025-07,,지자체,공공임대,대전,0
2025-07,,지자체,공공임대,울산,0
2025-07,,지자체,공공임대,세종,0
2025-07,,지자체,공공임대,강원,0
2025-07,,지자체,공공임대,충북,0
2025-07,,지자체,공공임대,충남,0
2025-07,,지자체,공공임대,전북,0
2025-07,,지자체,공공임대,전남,0
2025-07,,지자체,공공임대,경북,0
2025-07,,지자체,공공임대,경남,0
2025-07,,지자체,공공임대,제주,0
2025-07,,지자체,공공분양,전국,569
2025-07,,지자체,공공분양,서울,0
2025-07,,지자체,공공분양,인천,0
2025-07,,지자체,공공분양,경기,569
2025-07,,지자체,공공분양,부산,0
2025-07,,지자체,공공분양,대구,0
2025-07,,지자체,공공분양,광주,0
2025-07,,지자체,공공분양,대전,0
2025-07,,지자체,공공분양,울산,0
2025-07,,지자체,공공분양,세종,0
2025-07,,지자체,공공분양,강원,0
2025-07,,지자체,공공분양,충북,0
2025-07,,지자체,공공분양,충남,0
2025-07,,지자체,공공분양,전북,0
2025-07,,지자체,공공분양,전남,0
2025-07,,지자체,공공분양,경북,0
2025-07,,지자체,공공분양,경남,0
2025-07,,지자체,공공분양,제주,0
2025-07,,LH,소계,전국,0
2025-07,,LH,소계,서울,0
2025-07,,LH,소계,인천,0
2025-07,,LH,소계,경기,0
2025-07,,LH,소계,부산,0
2025-07,,LH,소계,대구,0
2025-07,,LH,소계,광주,0
2025-07,,LH,소계,대전,0
2025-07,,LH,소계,울산,0
2025-07,,LH,소계,세종,0
2025-07,,LH,소계,강원,0
2025-07,,LH,소계,충북,0
2025-07,,LH,소계,충남,0
2025-07,,LH,소계,전북,0
2025-07,,LH,소계,전남,0
2025-07,,LH,소계,경북,0
2025-07,,LH,소계,경남,0
2025-07,,LH,소계,제주,0
2025-07,,LH,국민임대,전국,0
2025-07,,LH,국민임대,서울,0
2025-07,,LH,국민임대,인천,0
2025-07,,LH,국민임대,경기,0
2025-07,,LH,국민임대,부산,0
2025-07,,LH,국민임대,대구,0
2025-07,,LH,국민임대,광주,0
2025-07,,LH,국민임대,대전,0
2025-07,,LH,국민임대,울산,0
2025-07,,LH,국민임대,세종,0
2025-07,,LH,국민임대,강원,0
2025-07,,LH,국민임대,충북,0
2025-07,,LH,국민임대,충남,0
2025-07,,LH,국민임대,전북,0
2025-07,,LH,국민임대,전남,0
2025-07,,LH,국민임대,경북,0
2025-07,,LH,국민임대,경남,0
2025-07,,LH,국민임대,제주,0
2025-07,,LH,공공임대,전국,0
2025-07,,LH,공공임대,서울,0
2025-07,,LH,공공임대,인천,0
2025-07,,LH,공공임대,경기,0
2025-07,,LH,공공임대,부산,0
2025-07,,LH,공공임대,대구,0
2025-07,,LH,공공임대,광주,0
2025-07,,LH,공공임대,대전,0
2025-07,,LH,공공임대,울산,0
2025-07,,LH,공공임대,세종,0
2025-07,,LH,공공임대,강원,0
2025-07,,LH,공공임대,충북,0
2025-07,,LH,공공임대,충남,0
2025-07,,LH,공공임대,전북,0
2025-07,,LH,공공임대,전남,0
2025-07,,LH,공공임대,경북,0
2025-07,,LH,공공임대,경남,0
2025-07,,LH,공공임대,제주,0
2025-07,,LH,공공분양,전국,0
2025-07,,LH,공공분양,서울,0
2025-07,,LH,공공분양,인천,0
2025-07,,LH,공공분양,경기,0
2025-07,,LH,공공분양,부산,0
2025-07,,LH,공공분양,대구,0
2025-07,,LH,공공분양,광주,0
2025-07,,LH,공공분양,대전,0
2025-07,,LH,공공분양,울산,0
2025-07,,LH,공공분양,세종,0
2025-07,,LH,공공분양,강원,0
2025-07,,LH,공공분양,충북,0
2025-07,,LH,공공분양,충남,0
2025-07,,LH,공공분양,전북,0
2025-07,,LH,공공분양,전남,0
2025-07,,LH,공공분양,경북,0
2025-07,,LH,공공분양,경남,0
2025-07,,LH,공공분양,제주,0
2025-07,,주택업체,소계,전국,738
2025-07,,주택업체,소계,서울,738
2025-07,,주택업체,소계,인천,0
2025-07,,주택업체,소계,경기,0
2025-07,,주택업체,소계,부산,0
2025-07,,주택업체,소계,대구,0
2025-07,,주택업체,소계,광주,0
2025-07,,주택업체,소계,대전,0
2025-07,,주택업체,소계,울산,0
2025-07,,주택업체,소계,세종,0
2025-07,,주택업체,소계,강원,0
2025-07,,주택업체,소계,충북,0
2025-07,,주택업체,소계,충남,0
2025-07,,주택업체,소계,전북,0
2025-07,,주택업체,소계,전남,0
2025-07,,주택업체,소계,경북,0
2025-07,,주택업체,소계,경남,0
2025-07,,주택업체,소계,제주,0
2025-07,,주택업체,국민임대,전국,0
2025-07,,주택업체,국민임대,서울,0
2025-07,,주택업체,국민임대,인천,0
2025-07,,주택업체,국민임대,경기,0
2025-07,,주택업체,국민임대,부산,0
2025-07,,주택업체,국민임대,대구,0
2025-07,,주택업체,국민임대,광주,0
2025-07,,주택업체,국민임대,대전,0
2025-07,,주택업체,국민임대,울산,0
2025-07,,주택업체,국민임대,세종,0
2025-07,,주택업체,국민임대,강원,0
2025-07,,주택업체,국민임대,충북,0
2025-07,,주택업체,국민임대,충남,0
2025-07,,주택업체,국민임대,전북,0
2025-07,,주택업체,국민임대,전남,0
2025-07,,주택업체,국민임대,경북,0
2025-07,,주택업체,국민임대,경남,0
2025-07,,주택업체,국민임대,제주,0
2025-07,,주택업체,공공임대,전국,738
2025-07,,주택업체,공공임대,서울,738
2025-07,,주택업체,공공임대,인천,0
2025-07,,주택업체,공공임대,경기,0
2025-07,,주택업체,공공임대,부산,0
2025-07,,주택업체,공공임대,대구,0
2025-07,,주택업체,공공임대,광주,0
2025-07,,주택업체,공공임대,대전,0
2025-07,,주택업체,공공임대,울산,0
2025-07,,주택업체,공공임대,세종,0
2025-07,,주택업체,공공임대,강원,0
2025-07,,주택업체,공공임대,충북,0
2025-07,,주택업체,공공임대,충남,0
2025-07,,주택업체,공공임대,전북,0
2025-07,,주택업체,공공임대,전남,0
2025-07,,주택업체,공공임대,경북,0
2025-07,,주택업체,공공임대,경남,0
2025-07,,주택업체,공공임대,제주,0
2025-07,,주택업체,공공분양,전국,0
2025-07,,주택업체,공공분양,서울,0
2025-07,,주택업체,공공분양,인천,0
2025-07,,주택업체,공공분양,경기,0
2025-07,,주택업체,공공분양,부산,0
2025-07,,주택업체,공공분양,대구,0
2025-07,,주택업체,공공분양,광주,0
2025-07,,주택업체,공공분양,대전,0
2025-07,,주택업체,공공분양,울산,0
2025-07,,주택업체,공공분양,세종,0
2025-07,,주택업체,공공분양,강원,0
2025-07,,주택업체,공공분양,충북,0
2025-07,,주택업체,공공분양,충남,0
2025-07,,주택업체,공공분양,전북,0
2025-07,,주택업체,공공분양,전남,0
2025-07,,주택업체,공공분양,경북,0
2025-07,,주택업체,공공분양,경남,0
2025-07,,주택업체,공공분양,제주,0
2025-07,,민간부문,소계,전국,17488
2025-07,,민간부문,소계,서울,3379
2025-07,,민간부문,소계,인천,345
2025-07,,민간부문,소계,경기,5712
2025-07,,민간부문,소계,부산,392
2025-07,,민간부문,소계,대구,1389
2025-07,,민간부문,소계,광주,93
2025-07,,민간부문,소계,대전,186
2025-07,,민간부문,소계,울산,351
2025-07,,민간부문,소계,세종,8
2025-07,,민간부문,소계,강원,189
2025-07,,민간부문,소계,충북,2602
2025-07,,민간부문,소계,충남,192
2025-07,,민간부문,소계,전북,1165
2025-07,,민간부문,소계,전남,782
2025-07,,민간부문,소계,경북,287
2025-07,,민간부문,소계,경남,186
2025-07,,민간부문,소계,제주,230
2025-07,,민간,민간임대,전국,819
2025-07,,민간,민간임대,서울,576
2025-07,,민간,민간임대,인천,243
2025-07,,민간,민간임대,경기,0
2025-07,,민간,민간임대,부산,0
2025-07,,민간,민간임대,대구,0
2025-07,,민간,민간임대,광주,0
2025-07,,민간,민간임대,대전,0
2025-07,,민간,민간임대,울산,0
2025-07,,민간,민간임대,세종,0
2025-07,,민간,민간임대,강원,0
2025-07,,민간,민간임대,충북,0
2025-07,,민간,민간임대,충남,0
2025-07,,민간,민간임대,전북,0
2025-07,,민간,민간임대,전남,0
2025-07,,민간,민간임대,경북,0
2025-07,,민간,민간임대,경남,0
2025-07,,민간,민간임대,제주,0
2025-07,,민간,민간분양,전국,16669
2025-07,,민간,민간분양,서울,2803
2025-07,,민간,민간분양,인천,102
2025-07,,민간,민간분양,경기,5712
2025-07,,민간,민간분양,부산,392
2025-07,,민간,민간분양,대구,1389
2025-07,,민간,민간분양,광주,93
2025-07,,민간,민간분양,대전,186
2025-07,,민간,민간분양,울산,351
2025-07,,민간,민간분양,세종,8
2025-07,,민간,민간분양,강원,189
2025-07,,민간,민간분양,충북,2602
2025-07,,민간,민간분양,충남,192
2025-07,,민간,민간분양,전북,1165
2025-07,,민간,민간분양,전남,782
2025-07,,민간,민간분양,경북,287
2025-07,,민간,민간분양,경남,186
2025-07,,민간,민간분양,제주,230
2025-08,,총계,총계,전국,16975
2025-08,,총계,총계,서울,1695
2025-08,,총계,총계,인천,2326
2025-08,,총계,총계,경기,3864
2025-08,,총계,총계,부산,861
2025-08,,총계,총계,대구,1315
2025-08,,총계,총계,광주,55
2025-08,,총계,총계,대전,820
2025-08,,총계,총계,울산,16
2025-08,,총계,총계,세종,20
2025-08,,총계,총계,강원,428
2025-08,,총계,총계,충북,852
2025-08,,총계,총계,충남,2081
2025-08,,총계,총계,전북,956
2025-08,,총계,총계,전남,191
2025-08,,총계,총계,경북,851
2025-08,,총계,총계,경남,467
2025-08,,총계,총계,제주,177
2025-08,,공공부문,소계,전국,2380
2025-08,,공공부문,소계,서울,574
2025-08,,공공부문,소계,인천,0
2025-08,,공공부문,소계,경기,615
2025-08,,공공부문,소계,부산,0
2025-08,,공공부문,소계,대구,0
2025-08,,공공부문,소계,광주,0
2025-08,,공공부문,소계,대전,800
2025-08,,공공부문,소계,울산,0
2025-08,,공공부문,소계,세종,0
2025-08,,공공부문,소계,강원,0
2025-08,,공공부문,소계,충북,254
2025-08,,공공부문,소계,충남,0
2025-08,,공공부문,소계,전북,0
2025-08,,공공부문,소계,전남,0
2025-08,,공공부문,소계,경북,137
2025-08,,공공부문,소계,경남,0
2025-08,,공공부문,소계,제주,0
2025-08,,합,국민임대,전국,0
2025-08,,합,국민임대,서울,0
2025-08,,합,국민임대,인천,0
2025-08,,합,국민임대,경기,0
2025-08,,합,국민임대,부산,0
2025-08,,합,국민임대,대구,0
2025-08,,합,국민임대,광주,0
2025-08,,합,국민임대,대전,0
2025-08,,합,국민임대,울산,0
2025-08,,합,국민임대,세종,0
2025-08,,합,국민임대,강원,0
2025-08,,합,국민임대,충북,0
2025-08,,합,국민임대,충남,0
2025-08,,합,국민임대,전북,0
2025-08,,합,국민임대,전남,0
2025-08,,합,국민임대,경북,0
2025-08,,합,국민임대,경남,0
2025-08,,합,국민임대,제주,0
2025-08,,합,공공임대,전국,1765
2025-08,,합,공공임대,서울,574
2025-08,,합,공공임대,인천,0
2025-08,,합,공공임대,경기,0
2025-08,,합,공공임대,부산,0
2025-08,,합,공공임대,대구,0
2025-08,,합,공공임대,광주,0
2025-08,,합,공공임대,대전,800
2025-08,,합,공공임대,울산,0
2025-08,,합,공공임대,세종,0
2025-08,,합,공공임대,강원,0
2025-08,,합,공공임대,충북,254
2025-08,,합,공공임대,충남,0
2025-08,,합,공공임대,전북,0
2025-08,,합,공공임대,전남,0
2025-08,,합,공공임대,경북,137
2025-08,,합,공공임대,경남,0
2025-08,,합,공공임대,제주,0
2025-08,,합,공공분양,전국,615
2025-08,,합,공공분양,서울,0
2025-08,,합,공공분양,인천,0
2025-08,,합,공공분양,경기,615
2025-08,,합,공공분양,부산,0
2025-08,,합,공공분양,대구,0
2025-08,,합,공공분양,광주,0
2025-08,,합,공공분양,대전,0
2025-08,,합,공공분양,울산,0
2025-08,,합,공공분양,세종,0
2025-08,,합,공공분양,강원,0
2025-08,,합,공공분양,충북,0
2025-08,,합,공공분양,충남,0
2025-08,,합,공공분양,전북,0
2025-08,,합,공공분양,전남,0
2025-08,,합,공공분양,경북,0
2025-08,,합,공공분양,경남,0
2025-08,,합,공공분양,제주,0
2025-08,,지자체,소계,전국,39
2025-08,,지자체,소계,서울,39
2025-08,,지자체,소계,인천,0
2025-08,,지자체,소계,경기,0
2025-08,,지자체,소계,부산,0
2025-08,,지자체,소계,대구,0
2025-08,,지자체,소계,광주,0
2025-08,,지자체,소계,대전,0
2025-08,,지자체,소계,울산,0
2025-08,,지자체,소계,세종,0
2025-08,,지자체,소계,강원,0
2025-08,,지자체,소계,충북,0
2025-08,,지자체,소계,충남,0
2025-08,,지자체,소계,전북,0
2025-08,,지자체,소계,전남,0
2025-08,,지자체,소계,경북,0
2025-08,,지자체,소계,경남,0
2025-08,,지자체,소계,제주,0
2025-08,,지자체,국민임대,전국,0
2025-08,,지자체,국민임대,서울,0
2025-08,,지자체,국민임대,인천,0
2025-08,,지자체,국민임대,경기,0
2025-08,,지자체,국민임대,부산,0
2025-08,,지자체,국민임대,대구,0
2025-08,,지자체,국민임대,광주,0
2025-08,,지자체,국민임대,대전,0
2025-08,,지자체,국민임대,울산,0
2025-08,,지자체,국민임대,세종,0
2025-08,,지자체,국민임대,강원,0
2025-08,,지자체,국민임대,충북,0
2025-08,,지자체,국민임대,충남,0
2025-08,,지자체,국민임대,전북,0
2025-08,,지자체,국민임대,전남,0
2025-08,,지자체,국민임대,경북,0
2025-08,,지자체,국민임대,경남,0
2025-08,,지자체,국민임대,제주,0
2025-08,,지자체,공공임대,전국,39
2025-08,,지자체,공공임대,서울,39
2025-08,,지자체,공공임대,인천,0
2025-08,,지자체,공공임대,경기,0
2025-08,,지자체,공공임대,부산,0
2025-08,,지자체,공공임대,대구,0
2025-08,,지자체,공공임대,광주,0
2025-08,,지자체,공공임대,대전,0
2025-08,,지자체,공공임대,울산,0
2025-08,,지자체,공공임대,세종,0
2025-08,,지자체,공공임대,강원,0
2025-08,,지자체,공공임대,충북,0
2025-08,,지자체,공공임대,충남,0
2025-08,,지자체,공공임대,전북,0
2025-08,,지자체,공공임대,전남,0
2025-08,,지자체,공공임대,경북,0
2025-08,,지자체,공공임대,경남,0
2025-08,,지자체,공공임대,제주,0
2025-08,,지자체,공공분양,전국,0
2025-08,,지자체,공공분양,서울,0
2025-08,,지자체,공공분양,인천,0
2025-08,,지자체,공공분양,경기,0
2025-08,,지자체,공공분양,부산,0
2025-08,,지자체,공공분양,대구,0
2025-08,,지자체,공공분양,광주,0
2025-08,,지자체,공공분양,대전,0
2025-08,,지자체,공공분양,울산,0
2025-08,,지자체,공공분양,세종,0
2025-08,,지자체,공공분양,강원,0
2025-08,,지자체,공공분양,충북,0
2025-08,,지자체,공공분양,충남,0
2025-08,,지자체,공공분양,전북,0
2025-08,,지자체,공공분양,전남,0
2025-08,,지자체,공공분양,경북,0
2025-08,,지자체,공공분양,경남,0
2025-08,,지자체,공공분양,제주,0
2025-08,,LH,소계,전국,1806
2025-08,,LH,소계,서울,0
2025-08,,LH,소계,인천,0
2025-08,,LH,소계,경기,615
2025-08,,LH,소계,부산,0
2025-08,,LH,소계,대구,0
2025-08,,LH,소계,광주,0
2025-08,,LH,소계,대전,800
2025-08,,LH,소계,울산,0
2025-08,,LH,소계,세종,0
2025-08,,LH,소계,강원,0
2025-08,,LH,소계,충북,254
2025-08,,LH,소계,충남,0
2025-08,,LH,소계,전북,0
2025-08,,LH,소계,전남,0
2025-08,,LH,소계,경북,137
2025-08,,LH,소계,경남,0
2025-08,,LH,소계,제주,0
2025-08,,LH,국민임대,전국,0
2025-08,,LH,국민임대,서울,0
2025-08,,LH,국민임대,인천,0
2025-08,,LH,국민임대,경기,0
2025-08,,LH,국민임대,부산,0
2025-08,,LH,국민임대,대구,0
2025-08,,LH,국민임대,광주,0
2025-08,,LH,국민임대,대전,0
2025-08,,LH,국민임대,울산,0
2025-08,,LH,국민임대,세종,0
2025-08,,LH,국민임대,강원,0
2025-08,,LH,국민임대,충북,0
2025-08,,LH,국민임대,충남,0
2025-08,,LH,국민임대,전북,0
2025-08,,LH,국민임대,전남,0
2025-08,,LH,국민임대,경북,0
2025-08,,LH,국민임대,경남,0
2025-08,,LH,국민임대,제주,0
2025-08,,LH,공공임대,전국,1191
2025-08,,LH,공공임대,서울,0
2025-08,,LH,공공임대,인천,0
2025-08,,LH,공공임대,경기,0
2025-08,,LH,공공임대,부산,0
2025-08,,LH,공공임대,대구,0
2025-08,,LH,공공임대,광주,0
2025-08,,LH,공공임대,대전,800
2025-08,,LH,공공임대,울산,0
2025-08,,LH,공공임대,세종,0
2025-08,,LH,공공임대,강원,0
2025-08,,LH,공공임대,충북,254
2025-08,,LH,공공임대,충남,0
2025-08,,LH,공공임대,전북,0
2025-08,,LH,공공임대,전남,0
2025-08,,LH,공공임대,경북,137
2025-08,,LH,공공임대,경남,0
2025-08,,LH,공공임대,제주,0
2025-08,,LH,공공분양,전국,615
2025-08,,LH,공공분양,서울,0
2025-08,,LH,공공분양,인천,0
2025-08,,LH,공공분양,경기,615
2025-08,,LH,공공분양,부산,0
2025-08,,LH,공공분양,대구,0
2025-08,,LH,공공분양,광주,0
2025-08,,LH,공공분양,대전,0
2025-08,,LH,공공분양,울산,0
2025-08,,LH,공공분양,세종,0
2025-08,,LH,공공분양,강원,0
2025-08,,LH,공공분양,충북,0
2025-08,,LH,공공분양,충남,0
2025-08,,LH,공공분양,전북,0
2025-08,,LH,공공분양,전남,0
2025-08,,LH,공공분양,경북,0
2025-08,,LH,공공분양,경남,0
2025-08,,LH,공공분양,제주,0
2025-08,,주택업체,소계,전국,535
2025-08,,주택업체,소계,서울,535
2025-08,,주택업체,소계,인천,0
2025-08,,주택업체,소계,경기,0
2025-08,,주택업체,소계,부산,0
2025-08,,주택업체,소계,대구,0
2025-08,,주택업체,소계,광주,0
2025-08,,주택업체,소계,대전,0
2025-08,,주택업체,소계,울산,0
2025-08,,주택업체,소계,세종,0
2025-08,,주택업체,소계,강원,0
2025-08,,주택업체,소계,충북,0
2025-08,,주택업체,소계,충남,0
2025-08,,주택업체,소계,전북,0
2025-08,,주택업체,소계,전남,0
2025-08,,주택업체,소계,경북,0
2025-08,,주택업체,소계,경남,0
2025-08,,주택업체,소계,제주,0
2025-08,,주택업체,국민임대,전국,0
2025-08,,주택업체,국민임대,서울,0
2025-08,,주택업체,국민임대,인천,0
2025-08,,주택업체,국민임대,경기,0
2025-08,,주택업체,국민임대,부산,0
2025-08,,주택업체,국민임대,대구,0
2025-08,,주택업체,국민임대,광주,0
2025-08,,주택업체,국민임대,대전,0
2025-08,,주택업체,국민임대,울산,0
2025-08,,주택업체,국민임대,세종,0
2025-08,,주택업체,국민임대,강원,0
2025-08,,주택업체,국민임대,충북,0
2025-08,,주택업체,국민임대,충남,0
2025-08,,주택업체,국민임대,전북,0
2025-08,,주택업체,국민임대,전남,0
2025-08,,주택업체,국민임대,경북,0
2025-08,,주택업체,국민임대,경남,0
2025-08,,주택업체,국민임대,제주,0
2025-08,,주택업체,공공임대,전국,535
2025-08,,주택업체,공공임대,서울,535
2025-08,,주택업체,공공임대,인천,0
2025-08,,주택업체,공공임대,경기,0
2025-08,,주택업체,공공임대,부산,0
2025-08,,주택업체,공공임대,대구,0
2025-08,,주택업체,공공임대,광주,0
2025-08,,주택업체,공공임대,대전,0
2025-08,,주택업체,공공임대,울산,0
2025-08,,주택업체,공공임대,세종,0
2025-08,,주택업체,공공임대,강원,0
2025-08,,주택업체,공공임대,충북,0
2025-08,,주택업체,공공임대,충남,0
2025-08,,주택업체,공공임대,전북,0
2025-08,,주택업체,공공임대,전남,0
2025-08,,주택업체,공공임대,경북,0
2025-08,,주택업체,공공임대,경남,0
2025-08,,주택업체,공공임대,제주,0
2025-08,,주택업체,공공분양,전국,0
2025-08,,주택업체,공공분양,서울,0
2025-08,,주택업체,공공분양,인천,0
2025-08,,주택업체,공공분양,경기,0
2025-08,,주택업체,공공분양,부산,0
2025-08,,주택업체,공공분양,대구,0
2025-08,,주택업체,공공분양,광주,0
2025-08,,주택업체,공공분양,대전,0
2025-08,,주택업체,공공분양,울산,0
2025-08,,주택업체,공공분양,세종,0
2025-08,,주택업체,공공분양,강원,0
2025-08,,주택업체,공공분양,충북,0
2025-08,,주택업체,공공분양,충남,0
2025-08,,주택업체,공공분양,전북,0
2025-08,,주택업체,공공분양,전남,0
2025-08,,주택업체,공공분양,경북,0
2025-08,,주택업체,공공분양,경남,0
2025-08,,주택업체,공공분양,제주,0
2025-08,,민간부문,소계,전국,14595
2025-08,,민간부문,소계,서울,1121
2025-08,,민간부문,소계,인천,2326
2025-08,,민간부문,소계,경기,3249
2025-08,,민간부문,소계,부산,861
2025-08,,민간부문,소계,대구,1315
2025-08,,민간부문,소계,광주,55
2025-08,,민간부문,소계,대전,20
2025-08,,민간부문,소계,울산,16
2025-08,,민간부문,소계,세종,20
2025-08,,민간부문,소계,강원,428
2025-08,,민간부문,소계,충북,598
2025-08,,민간부문,소계,충남,2081
2025-08,,민간부문,소계,전북,956
2025-08,,민간부문,소계,전남,191
2025-08,,민간부문,소계,경북,714
2025-08,,민간부문,소계,경남,467
2025-08,,민간부문,소계,제주,177
2025-08,,민간,민간임대,전국,536
2025-08,,민간,민간임대,서울,0
2025-08,,민간,민간임대,인천,0
2025-08,,민간,민간임대,경기,349
2025-08,,민간,민간임대,부산,0
2025-08,,민간,민간임대,대구,0
2025-08,,민간,민간임대,광주,0
2025-08,,민간,민간임대,대전,0
2025-08,,민간,민간임대,울산,0
2025-08,,민간,민간임대,세종,0
2025-08,,민간,민간임대,강원,0
2025-08,,민간,민간임대,충북,0
2025-08,,민간,민간임대,충남,60
2025-08,,민간,민간임대,전북,39
2025-08,,민간,민간임대,전남,0
2025-08,,민간,민간임대,경북,0
2025-08,,민간,민간임대,경남,0
2025-08,,민간,민간임대,제주,88
2025-08,,민간,민간분양,전국,14059
2025-08,,민간,민간분양,서울,1121
2025-08,,민간,민간분양,인천,2326
2025-08,,민간,민간분양,경기,2900
2025-08,,민간,민간분양,부산,861
2025-08,,민간,민간분양,대구,1315
2025-08,,민간,민간분양,광주,55
2025-08,,민간,민간분양,대전,20
2025-08,,민간,민간분양,울산,16
2025-08,,민간,민간분양,세종,20
2025-08,,민간,민간분양,강원,428
2025-08,,민간,민간분양,충북,598
2025-08,,민간,민간분양,충남,2021
2025-08,,민간,민간분양,전북,917
2025-08,,민간,민간분양,전남,191
2025-08,,민간,민간분양,경북,714
2025-08,,민간,민간분양,경남,467
2025-08,,민간,민간분양,제주,89
2025-09,,총계,총계,전국,22311
2025-09,,총계,총계,서울,918
2025-09,,총계,총계,인천,204
2025-09,,총계,총계,경기,7774
2025-09,,총계,총계,부산,907
2025-09,,총계,총계,대구,374
2025-09,,총계,총계,광주,572
2025-09,,총계,총계,대전,18
2025-09,,총계,총계,울산,327
2025-09,,총계,총계,세종,5
2025-09,,총계,총계,강원,2880
2025-09,,총계,총계,충북,3145
2025-09,,총계,총계,충남,187
2025-09,,총계,총계,전북,114
2025-09,,총계,총계,전남,1027
2025-09,,총계,총계,경북,944
2025-09,,총계,총계,경남,2769
2025-09,,총계,총계,제주,146
2025-09,,공공부문,소계,전국,1351
2025-09,,공공부문,소계,서울,161
2025-09,,공공부문,소계,인천,0
2025-09,,공공부문,소계,경기,702
2025-09,,공공부문,소계,부산,0
2025-09,,공공부문,소계,대구,0
2025-09,,공공부문,소계,광주,0
2025-09,,공공부문,소계,대전,0
2025-09,,공공부문,소계,울산,0
2025-09,,공공부문,소계,세종,0
2025-09,,공공부문,소계,강원,0
2025-09,,공공부문,소계,충북,488
2025-09,,공공부문,소계,충남,0
2025-09,,공공부문,소계,전북,0
2025-09,,공공부문,소계,전남,0
2025-09,,공공부문,소계,경북,0
2025-09,,공공부문,소계,경남,0
2025-09,,공공부문,소계,제주,0
2025-09,,합,국민임대,전국,0
2025-09,,합,국민임대,서울,0
2025-09,,합,국민임대,인천,0
2025-09,,합,국민임대,경기,0
2025-09,,합,국민임대,부산,0
2025-09,,합,국민임대,대구,0
2025-09,,합,국민임대,광주,0
2025-09,,합,국민임대,대전,0
2025-09,,합,국민임대,울산,0
2025-09,,합,국민임대,세종,0
2025-09,,합,국민임대,강원,0
2025-09,,합,국민임대,충북,0
2025-09,,합,국민임대,충남,0
2025-09,,합,국민임대,전북,0
2025-09,,합,국민임대,전남,0
2025-09,,합,국민임대,경북,0
2025-09,,합,국민임대,경남,0
2025-09,,합,국민임대,제주,0
2025-09,,합,공공임대,전국,883
2025-09,,합,공공임대,서울,161
2025-09,,합,공공임대,인천,0
2025-09,,합,공공임대,경기,234
2025-09,,합,공공임대,부산,0
2025-09,,합,공공임대,대구,0
2025-09,,합,공공임대,광주,0
2025-09,,합,공공임대,대전,0
2025-09,,합,공공임대,울산,0
2025-09,,합,공공임대,세종,0
2025-09,,합,공공임대,강원,0
2025-09,,합,공공임대,충북,488
2025-09,,합,공공임대,충남,0
2025-09,,합,공공임대,전북,0
2025-09,,합,공공임대,전남,0
2025-09,,합,공공임대,경북,0
2025-09,,합,공공임대,경남,0
2025-09,,합,공공임대,제주,0
2025-09,,합,공공분양,전국,468
2025-09,,합,공공분양,서울,0
2025-09,,합,공공분양,인천,0
2025-09,,합,공공분양,경기,468
2025-09,,합,공공분양,부산,0
2025-09,,합,공공분양,대구,0
2025-09,,합,공공분양,광주,0
2025-09,,합,공공분양,대전,0
2025-09,,합,공공분양,울산,0
2025-09,,합,공공분양,세종,0
2025-09,,합,공공분양,강원,0
2025-09,,합,공공분양,충북,0
2025-09,,합,공공분양,충남,0
2025-09,,합,공공분양,전북,0
2025-09,,합,공공분양,전남,0
2025-09,,합,공공분양,경북,0
2025-09,,합,공공분양,경남,0
2025-09,,합,공공분양,제주,0
2025-09,,지자체,소계,전국,0
2025-09,,지자체,소계,서울,0
2025-09,,지자체,소계,인천,0
2025-09,,지자체,소계,경기,0
2025-09,,지자체,소계,부산,0
2025-09,,지자체,소계,대구,0
2025-09,,지자체,소계,광주,0
2025-09,,지자체,소계,대전,0
2025-09,,지자체,소계,울산,0
2025-09,,지자체,소계,세종,0
2025-09,,지자체,소계,강원,0
2025-09,,지자체,소계,충북,0
2025-09,,지자체,소계,충남,0
2025-09,,지자체,소계,전북,0
2025-09,,지자체,소계,전남,0
2025-09,,지자체,소계,경북,0
2025-09,,지자체,소계,경남,0
2025-09,,지자체,소계,제주,0
2025-09,,지자체,국민임대,전국,0
2025-09,,지자체,국민임대,서울,0
2025-09,,지자체,국민임대,인천,0
2025-09,,지자체,국민임대,경기,0
2025-09,,지자체,국민임대,부산,0
2025-09,,지자체,국민임대,대구,0
2025-09,,지자체,국민임대,광주,0
2025-09,,지자체,국민임대,대전,0
2025-09,,지자체,국민임대,울산,0
2025-09,,지자체,국민임대,세종,0
2025-09,,지자체,국민임대,강원,0
2025-09,,지자체,국민임대,충북,0
2025-09,,지자체,국민임대,충남,0
2025-09,,지자체,국민임대,전북,0
2025-09,,지자체,국민임대,전남,0
2025-09,,지자체,국민임대,경북,0
2025-09,,지자체,국민임대,경남,0
2025-09,,지자체,국민임대,제주,0
2025-09,,지자체,공공임대,전국,0
2025-09,,지자체,공공임대,서울,0
2025-09,,지자체,공공임대,인천,0
2025-09,,지자체,공공임대,경기,0
2025-09,,지자체,공공임대,부산,0
2025-09,,지자체,공공임대,대구,0
2025-09,,지자체,공공임대,광주,0
2025-09,,지자체,공공임대,대전,0
2025-09,,지자체,공공임대,울산,0
2025-09,,지자체,공공임대,세종,0
2025-09,,지자체,공공임대,강원,0
2025-09,,지자체,공공임대,충북,0
2025-09,,지자체,공공임대,충남,0
2025-09,,지자체,공공임대,전북,0
2025-09,,지자체,공공임대,전남,0
2025-09,,지자체,공공임대,경북,0
2025-09,,지자체,공공임대,경남,0
2025-09,,지자체,공공임대,제주,0
2025-09,,지자체,공공분양,전국,0
2025-09,,지자체,공공분양,서울,0
2025-09,,지자체,공공분양,인천,0
2025-09,,지자체,공공분양,경기,0
2025-09,,지자체,공공분양,부산,0
2025-09,,지자체,공공분양,대구,0
2025-09,,지자체,공공분양,광주,0
2025-09,,지자체,공공분양,대전,0
2025-09,,지자체,공공분양,울산,0
2025-09,,지자체,공공분양,세종,0
2025-09,,지자체,공공분양,강원,0
2025-09,,지자체,공공분양,충북,0
2025-09,,지자체,공공분양,충남,0
2025-09,,지자체,공공분양,전북,0
2025-09,,지자체,공공분양,전남,0
2025-09,,지자체,공공분양,경북,0
2025-09,,지자체,공공분양,경남,0
2025-09,,지자체,공공분양,제주,0
2025-09,,LH,소계,전국,1190
2025-09,,LH,소계,서울,0
2025-09,,LH,소계,인천,0
2025-09,,LH,소계,경기,702
2025-09,,LH,소계,부산,0
2025-09,,LH,소계,대구,0
2025-09,,LH,소계,광주,0
2025-09,,LH,소계,대전,0
2025-09,,LH,소계,울산,0
2025-09,,LH,소계,세종,0
2025-09,,LH,소계,강원,0
2025-09,,LH,소계,충북,488
2025-09,,LH,소계,충남,0
2025-09,,LH,소계,전북,0
2025-09,,LH,소계,전남,0
2025-09,,LH,소계,경북,0
2025-09,,LH,소계,경남,0
2025-09,,LH,소계,제주,0
2025-09,,LH,국민임대,전국,0
2025-09,,LH,국민임대,서울,0
2025-09,,LH,국민임대,인천,0
2025-09,,LH,국민임대,경기,0
2025-09,,LH,국민임대,부산,0
2025-09,,LH,국민임대,대구,0
2025-09,,LH,국민임대,광주,0
2025-09,,LH,국민임대,대전,0
2025-09,,LH,국민임대,울산,0
2025-09,,LH,국민임대,세종,0
2025-09,,LH,국민임대,강원,0
2025-09,,LH,국민임대,충북,0
2025-09,,LH,국민임대,충남,0
2025-09,,LH,국민임대,전북,0
2025-09,,LH,국민임대,전남,0
2025-09,,LH,국민임대,경북,0
2025-09,,LH,국민임대,경남,0
2025-09,,LH,국민임대,제주,0
2025-09,,LH,공공임대,전국,722
2025-09,,LH,공공임대,서울,0
2025-09,,LH,공공임대,인천,0
2025-09,,LH,공공임대,경기,234
2025-09,,LH,공공임대,부산,0
2025-09,,LH,공공임대,대구,0
2025-09,,LH,공공임대,광주,0
2025-09,,LH,공공임대,대전,0
2025-09,,LH,공공임대,울산,0
2025-09,,LH,공공임대,세종,0
2025-09,,LH,공공임대,강원,0
2025-09,,LH,공공임대,충북,488
2025-09,,LH,공공임대,충남,0
2025-09,,LH,공공임대,전북,0
2025-09,,LH,공공임대,전남,0
2025-09,,LH,공공임대,경북,0
2025-09,,LH,공공임대,경남,0
2025-09,,LH,공공임대,제주,0
2025-09,,LH,공공분양,전국,468
2025-09,,LH,공공분양,서울,0
2025-09,,LH,공공분양,인천,0
2025-09,,LH,공공분양,경기,468
2025-09,,LH,공공분양,부산,0
2025-09,,LH,공공분양,대구,0
2025-09,,LH,공공분양,광주,0
2025-09,,LH,공공분양,대전,0
2025-09,,LH,공공분양,울산,0
2025-09,,LH,공공분양,세종,0
2025-09,,LH,공공분양,강원,0
2025-09,,LH,공공분양,충북,0
2025-09,,LH,공공분양,충남,0
2025-09,,LH,공공분양,전북,0
2025-09,,LH,공공분양,전남,0
2025-09,,LH,공공분양,경북,0
2025-09,,LH,공공분양,경남,0
2025-09,,LH,공공분양,제주,0
2025-09,,주택업체,소계,전국,161
2025-09,,주택업체,소계,서울,161
2025-09,,주택업체,소계,인천,0
2025-09,,주택업체,소계,경기,0
2025-09,,주택업체,소계,부산,0
2025-09,,주택업체,소계,대구,0
2025-09,,주택업체,소계,광주,0
2025-09,,주택업체,소계,대전,0
2025-09,,주택업체,소계,울산,0
2025-09,,주택업체,소계,세종,0
2025-09,,주택업체,소계,강원,0
2025-09,,주택업체,소계,충북,0
2025-09,,주택업체,소계,충남,0
2025-09,,주택업체,소계,전북,0
2025-09,,주택업체,소계,전남,0
2025-09,,주택업체,소계,경북,0
2025-09,,주택업체,소계,경남,0
2025-09,,주택업체,소계,제주,0
2025-09,,주택업체,국민임대,전국,0
2025-09,,주택업체,국민임대,서울,0
2025-09,,주택업체,국민임대,인천,0
2025-09,,주택업체,국민임대,경기,0
2025-09,,주택업체,국민임대,부산,0
2025-09,,주택업체,국민임대,대구,0
2025-09,,주택업체,국민임대,광주,0
2025-09,,주택업체,국민임대,대전,0
2025-09,,주택업체,국민임대,울산,0
2025-09,,주택업체,국민임대,세종,0
2025-09,,주택업체,국민임대,강원,0
2025-09,,주택업체,국민임대,충북,0
2025-09,,주택업체,국민임대,충남,0
2025-09,,주택업체,국민임대,전북,0
2025-09,,주택업체,국민임대,전남,0
2025-09,,주택업체,국민임대,경북,0
2025-09,,주택업체,국민임대,경남,0
2025-09,,주택업체,국민임대,제주,0
2025-09,,주택업체,공공임대,전국,161
2025-09,,주택업체,공공임대,서울,161
2025-09,,주택업체,공공임대,인천,0
2025-09,,주택업체,공공임대,경기,0
2025-09,,주택업체,공공임대,부산,0
2025-09,,주택업체,공공임대,대구,0
2025-09,,주택업체,공공임대,광주,0
2025-09,,주택업체,공공임대,대전,0
2025-09,,주택업체,공공임대,울산,0
2025-09,,주택업체,공공임대,세종,0
2025-09,,주택업체,공공임대,강원,0
2025-09,,주택업체,공공임대,충북,0
2025-09,,주택업체,공공임대,충남,0
2025-09,,주택업체,공공임대,전북,0
2025-09,,주택업체,공공임대,전남,0
2025-09,,주택업체,공공임대,경북,0
2025-09,,주택업체,공공임대,경남,0
2025-09,,주택업체,공공임대,제주,0
2025-09,,주택업체,공공분양,전국,0
2025-09,,주택업체,공공분양,서울,0
2025-09,,주택업체,공공분양,인천,0
2025-09,,주택업체,공공분양,경기,0
2025-09,,주택업체,공공분양,부산,0
2025-09,,주택업체,공공분양,대구,0
2025-09,,주택업체,공공분양,광주,0
2025-09,,주택업체,공공분양,대전,0
2025-09,,주택업체,공공분양,울산,0
2025-09,,주택업체,공공분양,세종,0
2025-09,,주택업체,공공분양,강원,0
2025-09,,주택업체,공공분양,충북,0
2025-09,,주택업체,공공분양,충남,0
2025-09,,주택업체,공공분양,전북,0
2025-09,,주택업체,공공분양,전남,0
2025-09,,주택업체,공공분양,경북,0
2025-09,,주택업체,공공분양,경남,0
2025-09,,주택업체,공공분양,제주,0
2025-09,,민간부문,소계,전국,20960
2025-09,,민간부문,소계,서울,757
2025-09,,민간부문,소계,인천,204
2025-09,,민간부문,소계,경기,7072
2025-09,,민간부문,소계,부산,907
2025-09,,민간부문,소계,대구,374
2025-09,,민간부문,소계,광주,572
2025-09,,민간부문,소계,대전,18
2025-09,,민간부문,소계,울산,327
2025-09,,민간부문,소계,세종,5
2025-09,,민간부문,소계,강원,2880
2025-09,,민간부문,소계,충북,2657
2025-09,,민간부문,소계,충남,187
2025-09,,민간부문,소계,전북,114
2025-09,,민간부문,소계,전남,1027
2025-09,,민간부문,소계,경북,944
2025-09,,민간부문,소계,경남,2769
2025-09,,민간부문,소계,제주,146
2025-09,,민간,민간임대,전국,3256
2025-09,,민간,민간임대,서울,150
2025-09,,민간,민간임대,인천,0
2025-09,,민간,민간임대,경기,872
2025-09,,민간,민간임대,부산,0
2025-09,,민간,민간임대,대구,0
2025-09,,민간,민간임대,광주,0
2025-09,,민간,민간임대,대전,0
2025-09,,민간,민간임대,울산,0
2025-09,,민간,민간임대,세종,0
2025-09,,민간,민간임대,강원,1114
2025-09,,민간,민간임대,충북,70
2025-09,,민간,민간임대,충남,0
2025-09,,민간,민간임대,전북,0
2025-09,,민간,민간임대,전남,226
2025-09,,민간,민간임대,경북,0
2025-09,,민간,민간임대,경남,824
2025-09,,민간,민간임대,제주,0
2025-09,,민간,민간분양,전국,17704
2025-09,,민간,민간분양,서울,607
2025-09,,민간,민간분양,인천,204
2025-09,,민간,민간분양,경기,6200
2025-09,,민간,민간분양,부산,907
2025-09,,민간,민간분양,대구,374
2025-09,,민간,민간분양,광주,572
2025-09,,민간,민간분양,대전,18
2025-09,,민간,민간분양,울산,327
2025-09,,민간,민간분양,세종,5
2025-09,,민간,민간분양,강원,1766
2025-09,,민간,민간분양,충북,2587
2025-09,,민간,민간분양,충남,187
2025-09,,민간,민간분양,전북,114
2025-09,,민간,민간분양,전남,801
2025-09,,민간,민간분양,경북,944
2025-09,,민간,민간분양,경남,1945
2025-09,,민간,민간분양,제주,146
2025-10,,총계,총계,전국,22947
2025-10,,총계,총계,서울,2043
2025-10,,총계,총계,인천,1504
2025-10,,총계,총계,경기,4619
2025-10,,총계,총계,부산,17
2025-10,,총계,총계,대구,753
2025-10,,총계,총계,광주,9
2025-10,,총계,총계,대전,945
2025-10,,총계,총계,울산,14
2025-10,,총계,총계,세종,245
2025-10,,총계,총계,강원,2229
2025-10,,총계,총계,충북,2823
2025-10,,총계,총계,충남,2592
2025-10,,총계,총계,전북,664
2025-10,,총계,총계,전남,602
2025-10,,총계,총계,경북,3163
2025-10,,총계,총계,경남,115
2025-10,,총계,총계,제주,610
2025-10,,공공부문,소계,전국,977
2025-10,,공공부문,소계,서울,174
2025-10,,공공부문,소계,인천,0
2025-10,,공공부문,소계,경기,105
2025-10,,공공부문,소계,부산,0
2025-10,,공공부문,소계,대구,0
2025-10,,공공부문,소계,광주,0
2025-10,,공공부문,소계,대전,0
2025-10,,공공부문,소계,울산,0
2025-10,,공공부문,소계,세종,238
2025-10,,공공부문,소계,강원,0
2025-10,,공공부문,소계,충북,0
2025-10,,공공부문,소계,충남,0
2025-10,,공공부문,소계,전북,0
2025-10,,공공부문,소계,전남,460
2025-10,,공공부문,소계,경북,0
2025-10,,공공부문,소계,경남,0
2025-10,,공공부문,소계,제주,0
2025-10,,합,국민임대,전국,505
2025-10,,합,국민임대,서울,0
2025-10,,합,국민임대,인천,0
2025-10,,합,국민임대,경기,105
2025-10,,합,국민임대,부산,0
2025-10,,합,국민임대,대구,0
2025-10,,합,국민임대,광주,0
2025-10,,합,국민임대,대전,0
2025-10,,합,국민임대,울산,0
2025-10,,합,국민임대,세종,0
2025-10,,합,국민임대,강원,0
2025-10,,합,국민임대,충북,0
2025-10,,합,국민임대,충남,0
2025-10,,합,국민임대,전북,0
2025-10,,합,국민임대,전남,400
2025-10,,합,국민임대,경북,0
2025-10,,합,국민임대,경남,0
2025-10,,합,국민임대,제주,0
2025-10,,합,공공임대,전국,472
2025-10,,합,공공임대,서울,174
2025-10,,합,공공임대,인천,0
2025-10,,합,공공임대,경기,0
2025-10,,합,공공임대,부산,0
2025-10,,합,공공임대,대구,0
2025-10,,합,공공임대,광주,0
2025-10,,합,공공임대,대전,0
2025-10,,합,공공임대,울산,0
2025-10,,합,공공임대,세종,238
2025-10,,합,공공임대,강원,0
2025-10,,합,공공임대,충북,0
2025-10,,합,공공임대,충남,0
2025-10,,합,공공임대,전북,0
2025-10,,합,공공임대,전남,60
2025-10,,합,공공임대,경북,0
2025-10,,합,공공임대,경남,0
2025-10,,합,공공임대,제주,0
2025-10,,합,공공분양,전국,0
2025-10,,합,공공분양,서울,0
2025-10,,합,공공분양,인천,0
2025-10,,합,공공분양,경기,0
2025-10,,합,공공분양,부산,0
2025-10,,합,공공분양,대구,0
2025-10,,합,공공분양,광주,0
2025-10,,합,공공분양,대전,0
2025-10,,합,공공분양,울산,0
2025-10,,합,공공분양,세종,0
2025-10,,합,공공분양,강원,0
2025-10,,합,공공분양,충북,0
2025-10,,합,공공분양,충남,0
2025-10,,합,공공분양,전북,0
2025-10,,합,공공분양,전남,0
2025-10,,합,공공분양,경북,0
2025-10,,합,공공분양,경남,0
2025-10,,합,공공분양,제주,0
2025-10,,지자체,소계,전국,0
2025-10,,지자체,소계,서울,0
2025-10,,지자체,소계,인천,0
2025-10,,지자체,소계,경기,0
2025-10,,지자체,소계,부산,0
2025-10,,지자체,소계,대구,0
2025-10,,지자체,소계,광주,0
2025-10,,지자체,소계,대전,0
2025-10,,지자체,소계,울산,0
2025-10,,지자체,소계,세종,0
2025-10,,지자체,소계,강원,0
2025-10,,지자체,소계,충북,0
2025-10,,지자체,소계,충남,0
2025-10,,지자체,소계,전북,0
2025-10,,지자체,소계,전남,0
2025-10,,지자체,소계,경북,0
2025-10,,지자체,소계,경남,0
2025-10,,지자체,소계,제주,0
2025-10,,지자체,국민임대,전국,0
2025-10,,지자체,국민임대,서울,0
2025-10,,지자체,국민임대,인천,0
2025-10,,지자체,국민임대,경기,0
2025-10,,지자체,국민임대,부산,0
2025-10,,지자체,국민임대,대구,0
2025-10,,지자체,국민임대,광주,0
2025-10,,지자체,국민임대,대전,0
2025-10,,지자체,국민임대,울산,0
2025-10,,지자체,국민임대,세종,0
2025-10,,지자체,국민임대,강원,0
2025-10,,지자체,국민임대,충북,0
2025-10,,지자체,국민임대,충남,0
2025-10,,지자체,국민임대,전북,0
2025-10,,지자체,국민임대,전남,0
2025-10,,지자체,국민임대,경북,0
2025-10,,지자체,국민임대,경남,0
2025-10,,지자체,국민임대,제주,0
2025-10,,지자체,공공임대,전국,0
2025-10,,지자체,공공임대,서울,0
2025-10,,지자체,공공임대,인천,0
2025-10,,지자체,공공임대,경기,0
2025-10,,지자체,공공임대,부산,0
2025-10,,지자체,공공임대,대구,0
2025-10,,지자체,공공임대,광주,0
2025-10,,지자체,공공임대,대전,0
2025-10,,지자체,공공임대,울산,0
2025-10,,지자체,공공임대,세종,0
2025-10,,지자체,공공임대,강원,0
2025-10,,지자체,공공임대,충북,0
2025-10,,지자체,공공임대,충남,0
2025-10,,지자체,공공임대,전북,0
2025-10,,지자체,공공임대,전남,0
2025-10,,지자체,공공임대,경북,0
2025-10,,지자체,공공임대,경남,0
2025-10,,지자체,공공임대,제주,0
2025-10,,지자체,공공분양,전국,0
2025-10,,지자체,공공분양,서울,0
2025-10,,지자체,공공분양,인천,0
2025-10,,지자체,공공분양,경기,0
2025-10,,지자체,공공분양,부산,0
2025-10,,지자체,공공분양,대구,0
2025-10,,지자체,공공분양,광주,0
2025-10,,지자체,공공분양,대전,0
2025-10,,지자체,공공분양,울산,0
2025-10,,지자체,공공분양,세종,0
2025-10,,지자체,공공분양,강원,0
2025-10,,지자체,공공분양,충북,0
2025-10,,지자체,공공분양,충남,0
2025-10,,지자체,공공분양,전북,0
2025-10,,지자체,공공분양,전남,0
2025-10,,지자체,공공분양,경북,0
2025-10,,지자체,공공분양,경남,0
2025-10,,지자체,공공분양,제주,0
2025-10,,LH,소계,전국,708
2025-10,,LH,소계,서울,10
2025-10,,LH,소계,인천,0
2025-10,,LH,소계,경기,0
2025-10,,LH,소계,부산,0
2025-10,,LH,소계,대구,0
2025-10,,LH,소계,광주,0
2025-10,,LH,소계,대전,0
2025-10,,LH,소계,울산,0
2025-10,,LH,소계,세종,238
2025-10,,LH,소계,강원,0
2025-10,,LH,소계,충북,0
2025-10,,LH,소계,충남,0
2025-10,,LH,소계,전북,0
2025-10,,LH,소계,전남,460
2025-10,,LH,소계,경북,0
2025-10,,LH,소계,경남,0
2025-10,,LH,소계,제주,0
2025-10,,LH,국민임대,전국,400
2025-10,,LH,국민임대,서울,0
2025-10,,LH,국민임대,인천,0
2025-10,,LH,국민임대,경기,0
2025-10,,LH,국민임대,부산,0
2025-10,,LH,국민임대,대구,0
2025-10,,LH,국민임대,광주,0
2025-10,,LH,국민임대,대전,0
2025-10,,LH,국민임대,울산,0
2025-10,,LH,국민임대,세종,0
2025-10,,LH,국민임대,강원,0
2025-10,,LH,국민임대,충북,0
2025-10,,LH,국민임대,충남,0
2025-10,,LH,국민임대,전북,0
2025-10,,LH,국민임대,전남,400
2025-10,,LH,국민임대,경북,0
2025-10,,LH,국민임대,경남,0
2025-10,,LH,국민임대,제주,0
2025-10,,LH,공공임대,전국,308
2025-10,,LH,공공임대,서울,10
2025-10,,LH,공공임대,인천,0
2025-10,,LH,공공임대,경기,0
2025-10,,LH,공공임대,부산,0
2025-10,,LH,공공임대,대구,0
2025-10,,LH,공공임대,광주,0
2025-10,,LH,공공임대,대전,0
2025-10,,LH,공공임대,울산,0
2025-10,,LH,공공임대,세종,238
2025-10,,LH,공공임대,강원,0
2025-10,,LH,공공임대,충북,0
2025-10,,LH,공공임대,충남,0
2025-10,,LH,공공임대,전북,0
2025-10,,LH,공공임대,전남,60
2025-10,,LH,공공임대,경북,0
2025-10,,LH,공공임대,경남,0
2025-10,,LH,공공임대,제주,0
2025-10,,LH,공공분양,전국,0
2025-10,,LH,공공분양,서울,0
2025-10,,LH,공공분양,인천,0
2025-10,,LH,공공분양,경기,0
2025-10,,LH,공공분양,부산,0
2025-10,,LH,공공분양,대구,0
2025-10,,LH,공공분양,광주,0
2025-10,,LH,공공분양,대전,0
2025-10,,LH,공공분양,울산,0
2025-10,,LH,공공분양,세종,0
2025-10,,LH,공공분양,강원,0
2025-10,,LH,공공분양,충북,0
2025-10,,LH,공공분양,충남,0
2025-10,,LH,공공분양,전북,0
2025-10,,LH,공공분양,전남,0
2025-10,,LH,공공분양,경북,0
2025-10,,LH,공공분양,경남,0
2025-10,,LH,공공분양,제주,0
2025-10,,주택업체,소계,전국,269
2025-10,,주택업체,소계,서울,164
2025-10,,주택업체,소계,인천,0
2025-10,,주택업체,소계,경기,105
2025-10,,주택업체,소계,부산,0
2025-10,,주택업체,소계,대구,0
2025-10,,주택업체,소계,광주,0
2025-10,,주택업체,소계,대전,0
2025-10,,주택업체,소계,울산,0
2025-10,,주택업체,소계,세종,0
2025-10,,주택업체,소계,강원,0
2025-10,,주택업체,소계,충북,0
2025-10,,주택업체,소계,충남,0
2025-10,,주택업체,소계,전북,0
2025-10,,주택업체,소계,전남,0
2025-10,,주택업체,소계,경북,0
2025-10,,주택업체,소계,경남,0
2025-10,,주택업체,소계,제주,0
2025-10,,주택업체,국민임대,전국,105
2025-10,,주택업체,국민임대,서울,0
2025-10,,주택업체,국민임대,인천,0
2025-10,,주택업체,국민임대,경기,105
2025-10,,주택업체,국민임대,부산,0
2025-10,,주택업체,국민임대,대구,0
2025-10,,주택업체,국민임대,광주,0
2025-10,,주택업체,국민임대,대전,0
2025-10,,주택업체,국민임대,울산,0
2025-10,,주택업체,국민임대,세종,0
2025-10,,주택업체,국민임대,강원,0
2025-10,,주택업체,국민임대,충북,0
2025-10,,주택업체,국민임대,충남,0
2025-10,,주택업체,국민임대,전북,0
2025-10,,주택업체,국민임대,전남,0
2025-10,,주택업체,국민임대,경북,0
2025-10,,주택업체,국민임대,경남,0
2025-10,,주택업체,국민임대,제주,0
2025-10,,주택업체,공공임대,전국,164
2025-10,,주택업체,공공임대,서울,164
2025-10,,주택업체,공공임대,인천,0
2025-10,,주택업체,공공임대,경기,0
2025-10,,주택업체,공공임대,부산,0
2025-10,,주택업체,공공임대,대구,0
2025-10,,주택업체,공공임대,광주,0
2025-10,,주택업체,공공임대,대전,0
2025-10,,주택업체,공공임대,울산,0
2025-10,,주택업체,공공임대,세종,0
2025-10,,주택업체,공공임대,강원,0
2025-10,,주택업체,공공임대,충북,0
2025-10,,주택업체,공공임대,충남,0
2025-10,,주택업체,공공임대,전북,0
2025-10,,주택업체,공공임대,전남,0
2025-10,,주택업체,공공임대,경북,0
2025-10,,주택업체,공공임대,경남,0
2025-10,,주택업체,공공임대,제주,0
2025-10,,주택업체,공공분양,전국,0
2025-10,,주택업체,공공분양,서울,0
2025-10,,주택업체,공공분양,인천,0
2025-10,,주택업체,공공분양,경기,0
2025-10,,주택업체,공공분양,부산,0
2025-10,,주택업체,공공분양,대구,0
2025-10,,주택업체,공공분양,광주,0
2025-10,,주택업체,공공분양,대전,0
2025-10,,주택업체,공공분양,울산,0
2025-10,,주택업체,공공분양,세종,0
2025-10,,주택업체,공공분양,강원,0
2025-10,,주택업체,공공분양,충북,0
2025-10,,주택업체,공공분양,충남,0
2025-10,,주택업체,공공분양,전북,0
2025-10,,주택업체,공공분양,전남,0
2025-10,,주택업체,공공분양,경북,0
2025-10,,주택업체,공공분양,경남,0
2025-10,,주택업체,공공분양,제주,0
2025-10,,민간부문,소계,전국,21970
2025-10,,민간부문,소계,서울,1869
2025-10,,민간부문,소계,인천,1504
2025-10,,민간부문,소계,경기,4514
2025-10,,민간부문,소계,부산,17
2025-10,,민간부문,소계,대구,753
2025-10,,민간부문,소계,광주,9
2025-10,,민간부문,소계,대전,945
2025-10,,민간부문,소계,울산,14
2025-10,,민간부문,소계,세종,7
2025-10,,민간부문,소계,강원,2229
2025-10,,민간부문,소계,충북,2823
2025-10,,민간부문,소계,충남,2592
2025-10,,민간부문,소계,전북,664
2025-10,,민간부문,소계,전남,142
2025-10,,민간부문,소계,경북,3163
2025-10,,민간부문,소계,경남,115
2025-10,,민간부문,소계,제주,610
2025-10,,민간,민간임대,전국,677
2025-10,,민간,민간임대,서울,453
2025-10,,민간,민간임대,인천,0
2025-10,,민간,민간임대,경기,0
2025-10,,민간,민간임대,부산,0
2025-10,,민간,민간임대,대구,0
2025-10,,민간,민간임대,광주,0
2025-10,,민간,민간임대,대전,0
2025-10,,민간,민간임대,울산,0
2025-10,,민간,민간임대,세종,0
2025-10,,민간,민간임대,강원,0
2025-10,,민간,민간임대,충북,224
2025-10,,민간,민간임대,충남,0
2025-10,,민간,민간임대,전북,0
2025-10,,민간,민간임대,전남,0
2025-10,,민간,민간임대,경북,0
2025-10,,민간,민간임대,경남,0
2025-10,,민간,민간임대,제주,0
2025-10,,민간,민간분양,전국,21293
2025-10,,민간,민간분양,서울,1416
2025-10,,민간,민간분양,인천,1504
2025-10,,민간,민간분양,경기,4514
2025-10,,민간,민간분양,부산,17
2025-10,,민간,민간분양,대구,753
2025-10,,민간,민간분양,광주,9
2025-10,,민간,민간분양,대전,945
2025-10,,민간,민간분양,울산,14
2025-10,,민간,민간분양,세종,7
2025-10,,민간,민간분양,강원,2229
2025-10,,민간,민간분양,충북,2599
2025-10,,민간,민간분양,충남,2592
2025-10,,민간,민간분양,전북,664
2025-10,,민간,민간분양,전남,142
2025-10,,민간,민간분양,경북,3163
2025-10,,민간,민간분양,경남,115
2025-10,,민간,민간분양,제주,610
2025-11,,총계,총계,전국,23907
2025-11,,총계,총계,서울,8846
2025-11,,총계,총계,인천,986
2025-11,,총계,총계,경기,5407
2025-11,,총계,총계,부산,29
2025-11,,총계,총계,대구,1043
2025-11,,총계,총계,광주,10
2025-11,,총계,총계,대전,11
2025-11,,총계,총계,울산,372
2025-11,,총계,총계,세종,33
2025-11,,총계,총계,강원,1028
2025-11,,총계,총계,충북,1637
2025-11,,총계,총계,충남,199
2025-11,,총계,총계,전북,2312
2025-11,,총계,총계,전남,189
2025-11,,총계,총계,경북,1256
2025-11,,총계,총계,경남,315
2025-11,,총계,총계,제주,234
2025-11,,공공부문,소계,전국,2227
2025-11,,공공부문,소계,서울,324
2025-11,,공공부문,소계,인천,0
2025-11,,공공부문,소계,경기,1158
2025-11,,공공부문,소계,부산,0
2025-11,,공공부문,소계,대구,0
2025-11,,공공부문,소계,광주,0
2025-11,,공공부문,소계,대전,0
2025-11,,공공부문,소계,울산,0
2025-11,,공공부문,소계,세종,0
2025-11,,공공부문,소계,강원,0
2025-11,,공공부문,소계,충북,0
2025-11,,공공부문,소계,충남,0
2025-11,,공공부문,소계,전북,745
2025-11,,공공부문,소계,전남,0
2025-11,,공공부문,소계,경북,0
2025-11,,공공부문,소계,경남,0
2025-11,,공공부문,소계,제주,0
2025-11,,합,국민임대,전국,68
2025-11,,합,국민임대,서울,68
2025-11,,합,국민임대,인천,0
2025-11,,합,국민임대,경기,0
2025-11,,합,국민임대,부산,0
2025-11,,합,국민임대,대구,0
2025-11,,합,국민임대,광주,0
2025-11,,합,국민임대,대전,0
2025-11,,합,국민임대,울산,0
2025-11,,합,국민임대,세종,0
2025-11,,합,국민임대,강원,0
2025-11,,합,국민임대,충북,0
2025-11,,합,국민임대,충남,0
2025-11,,합,국민임대,전북,0
2025-11,,합,국민임대,전남,0
2025-11,,합,국민임대,경북,0
2025-11,,합,국민임대,경남,0
2025-11,,합,국민임대,제주,0
2025-11,,합,공공임대,전국,726
2025-11,,합,공공임대,서울,256
2025-11,,합,공공임대,인천,0
2025-11,,합,공공임대,경기,470
2025-11,,합,공공임대,부산,0
2025-11,,합,공공임대,대구,0
2025-11,,합,공공임대,광주,0
2025-11,,합,공공임대,대전,0
2025-11,,합,공공임대,울산,0
2025-11,,합,공공임대,세종,0
2025-11,,합,공공임대,강원,0
2025-11,,합,공공임대,충북,0
2025-11,,합,공공임대,충남,0
2025-11,,합,공공임대,전북,0
2025-11,,합,공공임대,전남,0
2025-11,,합,공공임대,경북,0
2025-11,,합,공공임대,경남,0
2025-11,,합,공공임대,제주,0
2025-11,,합,공공분양,전국,1433
2025-11,,합,공공분양,서울,0
2025-11,,합,공공분양,인천,0
2025-11,,합,공공분양,경기,688
2025-11,,합,공공분양,부산,0
2025-11,,합,공공분양,대구,0
2025-11,,합,공공분양,광주,0
2025-11,,합,공공분양,대전,0
2025-11,,합,공공분양,울산,0
2025-11,,합,공공분양,세종,0
2025-11,,합,공공분양,강원,0
2025-11,,합,공공분양,충북,0
2025-11,,합,공공분양,충남,0
2025-11,,합,공공분양,전북,745
2025-11,,합,공공분양,전남,0
2025-11,,합,공공분양,경북,0
2025-11,,합,공공분양,경남,0
2025-11,,합,공공분양,제주,0
2025-11,,지자체,소계,전국,745
2025-11,,지자체,소계,서울,0
2025-11,,지자체,소계,인천,0
2025-11,,지자체,소계,경기,0
2025-11,,지자체,소계,부산,0
2025-11,,지자체,소계,대구,0
2025-11,,지자체,소계,광주,0
2025-11,,지자체,소계,대전,0
2025-11,,지자체,소계,울산,0
2025-11,,지자체,소계,세종,0
2025-11,,지자체,소계,강원,0
2025-11,,지자체,소계,충북,0
2025-11,,지자체,소계,충남,0
2025-11,,지자체,소계,전북,745
2025-11,,지자체,소계,전남,0
2025-11,,지자체,소계,경북,0
2025-11,,지자체,소계,경남,0
2025-11,,지자체,소계,제주,0
2025-11,,지자체,국민임대,전국,0
2025-11,,지자체,국민임대,서울,0
2025-11,,지자체,국민임대,인천,0
2025-11,,지자체,국민임대,경기,0
2025-11,,지자체,국민임대,부산,0
2025-11,,지자체,국민임대,대구,0
2025-11,,지자체,국민임대,광주,0
2025-11,,지자체,국민임대,대전,0
2025-11,,지자체,국민임대,울산,0
2025-11,,지자체,국민임대,세종,0
2025-11,,지자체,국민임대,강원,0
2025-11,,지자체,국민임대,충북,0
2025-11,,지자체,국민임대,충남,0
2025-11,,지자체,국민임대,전북,0
2025-11,,지자체,국민임대,전남,0
2025-11,,지자체,국민임대,경북,0
2025-11,,지자체,국민임대,경남,0
2025-11,,지자체,국민임대,제주,0
2025-11,,지자체,공공임대,전국,0
2025-11,,지자체,공공임대,서울,0
2025-11,,지자체,공공임대,인천,0
2025-11,,지자체,공공임대,경기,0
2025-11,,지자체,공공임대,부산,0
2025-11,,지자체,공공임대,대구,0
2025-11,,지자체,공공임대,광주,0
2025-11,,지자체,공공임대,대전,0
2025-11,,지자체,공공임대,울산,0
2025-11,,지자체,공공임대,세종,0
2025-11,,지자체,공공임대,강원,0
2025-11,,지자체,공공임대,충북,0
2025-11,,지자체,공공임대,충남,0
2025-11,,지자체,공공임대,전북,0
2025-11,,지자체,공공임대,전남,0
2025-11,,지자체,공공임대,경북,0
2025-11,,지자체,공공임대,경남,0
2025-11,,지자체,공공임대,제주,0
2025-11,,지자체,공공분양,전국,745
2025-11,,지자체,공공분양,서울,0
2025-11,,지자체,공공분양,인천,0
2025-11,,지자체,공공분양,경기,0
2025-11,,지자체,공공분양,부산,0
2025-11,,지자체,공공분양,대구,0
2025-11,,지자체,공공분양,광주,0
2025-11,,지자체,공공분양,대전,0
2025-11,,지자체,공공분양,울산,0
2025-11,,지자체,공공분양,세종,0
2025-11,,지자체,공공분양,강원,0
2025-11,,지자체,공공분양,충북,0
2025-11,,지자체,공공분양,충남,0
2025-11,,지자체,공공분양,전북,745
2025-11,,지자체,공공분양,전남,0
2025-11,,지자체,공공분양,경북,0
2025-11,,지자체,공공분양,경남,0
2025-11,,지자체,공공분양,제주,0
2025-11,,LH,소계,전국,1158
2025-11,,LH,소계,서울,0
2025-11,,LH,소계,인천,0
2025-11,,LH,소계,경기,1158
2025-11,,LH,소계,부산,0
2025-11,,LH,소계,대구,0
2025-11,,LH,소계,광주,0
2025-11,,LH,소계,대전,0
2025-11,,LH,소계,울산,0
2025-11,,LH,소계,세종,0
2025-11,,LH,소계,강원,0
2025-11,,LH,소계,충북,0
2025-11,,LH,소계,충남,0
2025-11,,LH,소계,전북,0
2025-11,,LH,소계,전남,0
2025-11,,LH,소계,경북,0
2025-11,,LH,소계,경남,0
2025-11,,LH,소계,제주,0
2025-11,,LH,국민임대,전국,0
2025-11,,LH,국민임대,서울,0
2025-11,,LH,국민임대,인천,0
2025-11,,LH,국민임대,경기,0
2025-11,,LH,국민임대,부산,0
2025-11,,LH,국민임대,대구,0
2025-11,,LH,국민임대,광주,0
2025-11,,LH,국민임대,대전,0
2025-11,,LH,국민임대,울산,0
2025-11,,LH,국민임대,세종,0
2025-11,,LH,국민임대,강원,0
2025-11,,LH,국민임대,충북,0
2025-11,,LH,국민임대,충남,0
2025-11,,LH,국민임대,전북,0
2025-11,,LH,국민임대,전남,0
2025-11,,LH,국민임대,경북,0
2025-11,,LH,국민임대,경남,0
2025-11,,LH,국민임대,제주,0
2025-11,,LH,공공임대,전국,470
2025-11,,LH,공공임대,서울,0
2025-11,,LH,공공임대,인천,0
2025-11,,LH,공공임대,경기,470
2025-11,,LH,공공임대,부산,0
2025-11,,LH,공공임대,대구,0
2025-11,,LH,공공임대,광주,0
2025-11,,LH,공공임대,대전,0
2025-11,,LH,공공임대,울산,0
2025-11,,LH,공공임대,세종,0
2025-11,,LH,공공임대,강원,0
2025-11,,LH,공공임대,충북,0
2025-11,,LH,공공임대,충남,0
2025-11,,LH,공공임대,전북,0
2025-11,,LH,공공임대,전남,0
2025-11,,LH,공공임대,경북,0
2025-11,,LH,공공임대,경남,0
2025-11,,LH,공공임대,제주,0
2025-11,,LH,공공분양,전국,688
2025-11,,LH,공공분양,서울,0
2025-11,,LH,공공분양,인천,0
2025-11,,LH,공공분양,경기,688
2025-11,,LH,공공분양,부산,0
2025-11,,LH,공공분양,대구,0
2025-11,,LH,공공분양,광주,0
2025-11,,LH,공공분양,대전,0
2025-11,,LH,공공분양,울산,0
2025-11,,LH,공공분양,세종,0
2025-11,,LH,공공분양,강원,0
2025-11,,LH,공공분양,충북,0
2025-11,,LH,공공분양,충남,0
2025-11,,LH,공공분양,전북,0
2025-11,,LH,공공분양,전남,0
2025-11,,LH,공공분양,경북,0
2025-11,,LH,공공분양,경남,0
2025-11,,LH,공공분양,제주,0
2025-11,,주택업체,소계,전국,324
2025-11,,주택업체,소계,서울,324
2025-11,,주택업체,소계,인천,0
2025-11,,주택업체,소계,경기,0
2025-11,,주택업체,소계,부산,0
2025-11,,주택업체,소계,대구,0
2025-11,,주택업체,소계,광주,0
2025-11,,주택업체,소계,대전,0
2025-11,,주택업체,소계,울산,0
2025-11,,주택업체,소계,세종,0
2025-11,,주택업체,소계,강원,0
2025-11,,주택업체,소계,충북,0
2025-11,,주택업체,소계,충남,0
2025-11,,주택업체,소계,전북,0
2025-11,,주택업체,소계,전남,0
2025-11,,주택업체,소계,경북,0
2025-11,,주택업체,소계,경남,0
2025-11,,주택업체,소계,제주,0
2025-11,,주택업체,국민임대,전국,68
2025-11,,주택업체,국민임대,서울,68
2025-11,,주택업체,국민임대,인천,0
2025-11,,주택업체,국민임대,경기,0
2025-11,,주택업체,국민임대,부산,0
2025-11,,주택업체,국민임대,대구,0
2025-11,,주택업체,국민임대,광주,0
2025-11,,주택업체,국민임대,대전,0
2025-11,,주택업체,국민임대,울산,0
2025-11,,주택업체,국민임대,세종,0
2025-11,,주택업체,국민임대,강원,0
2025-11,,주택업체,국민임대,충북,0
2025-11,,주택업체,국민임대,충남,0
2025-11,,주택업체,국민임대,전북,0
2025-11,,주택업체,국민임대,전남,0
2025-11,,주택업체,국민임대,경북,0
2025-11,,주택업체,국민임대,경남,0
2025-11,,주택업체,국민임대,제주,0
2025-11,,주택업체,공공임대,전국,256
2025-11,,주택업체,공공임대,서울,256
2025-11,,주택업체,공공임대,인천,0
2025-11,,주택업체,공공임대,경기,0
2025-11,,주택업체,공공임대,부산,0
2025-11,,주택업체,공공임대,대구,0
2025-11,,주택업체,공공임대,광주,0
2025-11,,주택업체,공공임대,대전,0
2025-11,,주택업체,공공임대,울산,0
2025-11,,주택업체,공공임대,세종,0
2025-11,,주택업체,공공임대,강원,0
2025-11,,주택업체,공공임대,충북,0
2025-11,,주택업체,공공임대,충남,0
2025-11,,주택업체,공공임대,전북,0
2025-11,,주택업체,공공임대,전남,0
2025-11,,주택업체,공공임대,경북,0
2025-11,,주택업체,공공임대,경남,0
2025-11,,주택업체,공공임대,제주,0
2025-11,,주택업체,공공분양,전국,0
2025-11,,주택업체,공공분양,서울,0
2025-11,,주택업체,공공분양,인천,0
2025-11,,주택업체,공공분양,경기,0
2025-11,,주택업체,공공분양,부산,0
2025-11,,주택업체,공공분양,대구,0
2025-11,,주택업체,공공분양,광주,0
2025-11,,주택업체,공공분양,대전,0
2025-11,,주택업체,공공분양,울산,0
2025-11,,주택업체,공공분양,세종,0
2025-11,,주택업체,공공분양,강원,0
2025-11,,주택업체,공공분양,충북,0
2025-11,,주택업체,공공분양,충남,0
2025-11,,주택업체,공공분양,전북,0
2025-11,,주택업체,공공분양,전남,0
2025-11,,주택업체,공공분양,경북,0
2025-11,,주택업체,공공분양,경남,0
2025-11,,주택업체,공공분양,제주,0
2025-11,,민간부문,소계,전국,21680
2025-11,,민간부문,소계,서울,8522
2025-11,,민간부문,소계,인천,986
2025-11,,민간부문,소계,경기,4249
2025-11,,민간부문,소계,부산,29
2025-11,,민간부문,소계,대구,1043
2025-11,,민간부문,소계,광주,10
2025-11,,민간부문,소계,대전,11
2025-11,,민간부문,소계,울산,372
2025-11,,민간부문,소계,세종,33
2025-11,,민간부문,소계,강원,1028
2025-11,,민간부문,소계,충북,1637
2025-11,,민간부문,소계,충남,199
2025-11,,민간부문,소계,전북,1567
2025-11,,민간부문,소계,전남,189
2025-11,,민간부문,소계,경북,1256
2025-11,,민간부문,소계,경남,315
2025-11,,민간부문,소계,제주,234
2025-11,,민간,민간임대,전국,1090
2025-11,,민간,민간임대,서울,674
2025-11,,민간,민간임대,인천,24
2025-11,,민간,민간임대,경기,42
2025-11,,민간,민간임대,부산,0
2025-11,,민간,민간임대,대구,0
2025-11,,민간,민간임대,광주,0
2025-11,,민간,민간임대,대전,0
2025-11,,민간,민간임대,울산,0
2025-11,,민간,민간임대,세종,0
2025-11,,민간,민간임대,강원,350
2025-11,,민간,민간임대,충북,0
2025-11,,민간,민간임대,충남,0
2025-11,,민간,민간임대,전북,0
2025-11,,민간,민간임대,전남,0
2025-11,,민간,민간임대,경북,0
2025-11,,민간,민간임대,경남,0
2025-11,,민간,민간임대,제주,0
2025-11,,민간,민간분양,전국,20590
2025-11,,민간,민간분양,서울,7848
2025-11,,민간,민간분양,인천,962
2025-11,,민간,민간분양,경기,4207
2025-11,,민간,민간분양,부산,29
2025-11,,민간,민간분양,대구,1043
2025-11,,민간,민간분양,광주,10
2025-11,,민간,민간분양,대전,11
2025-11,,민간,민간분양,울산,372
2025-11,,민간,민간분양,세종,33
2025-11,,민간,민간분양,강원,678
2025-11,,민간,민간분양,충북,1637
2025-11,,민간,민간분양,충남,199
2025-11,,민간,민간분양,전북,1567
2025-11,,민간,민간분양,전남,189
2025-11,,민간,민간분양,경북,1256
2025-11,,민간,민간분양,경남,315
2025-11,,민간,민간분양,제주,234
2025-12,,총계,총계,전국,24407
2025-12,,총계,총계,서울,3206
2025-12,,총계,총계,인천,869
2025-12,,총계,총계,경기,4988
2025-12,,총계,총계,부산,4258
2025-12,,총계,총계,대구,2253
2025-12,,총계,총계,광주,1362
2025-12,,총계,총계,대전,152
2025-12,,총계,총계,울산,439
2025-12,,총계,총계,세종,13
2025-12,,총계,총계,강원,1128
2025-12,,총계,총계,충북,353
2025-12,,총계,총계,충남,967
2025-12,,총계,총계,전북,542
2025-12,,총계,총계,전남,1549
2025-12,,총계,총계,경북,736
2025-12,,총계,총계,경남,1484
2025-12,,총계,총계,제주,108
2025-12,,공공부문,소계,전국,5807
2025-12,,공공부문,소계,서울,336
2025-12,,공공부문,소계,인천,801
2025-12,,공공부문,소계,경기,2832
2025-12,,공공부문,소계,부산,1348
2025-12,,공공부문,소계,대구,90
2025-12,,공공부문,소계,광주,0
2025-12,,공공부문,소계,대전,0
2025-12,,공공부문,소계,울산,0
2025-12,,공공부문,소계,세종,0
2025-12,,공공부문,소계,강원,0
2025-12,,공공부문,소계,충북,0
2025-12,,공공부문,소계,충남,0
2025-12,,공공부문,소계,전북,0
2025-12,,공공부문,소계,전남,0
2025-12,,공공부문,소계,경북,400
2025-12,,공공부문,소계,경남,0
2025-12,,공공부문,소계,제주,0
2025-12,,합,국민임대,전국,414
2025-12,,합,국민임대,서울,0
2025-12,,합,국민임대,인천,0
2025-12,,합,국민임대,경기,0
2025-12,,합,국민임대,부산,214
2025-12,,합,국민임대,대구,0
2025-12,,합,국민임대,광주,0
2025-12,,합,국민임대,대전,0
2025-12,,합,국민임대,울산,0
2025-12,,합,국민임대,세종,0
2025-12,,합,국민임대,강원,0
2025-12,,합,국민임대,충북,0
2025-12,,합,국민임대,충남,0
2025-12,,합,국민임대,전북,0
2025-12,,합,국민임대,전남,0
2025-12,,합,국민임대,경북,200
2025-12,,합,국민임대,경남,0
2025-12,,합,국민임대,제주,0
2025-12,,합,공공임대,전국,4288
2025-12,,합,공공임대,서울,336
2025-12,,합,공공임대,인천,267
2025-12,,합,공공임대,경기,2461
2025-12,,합,공공임대,부산,1134
2025-12,,합,공공임대,대구,90
2025-12,,합,공공임대,광주,0
2025-12,,합,공공임대,대전,0
2025-12,,합,공공임대,울산,0
2025-12,,합,공공임대,세종,0
2025-12,,합,공공임대,강원,0
2025-12,,합,공공임대,충북,0
2025-12,,합,공공임대,충남,0
2025-12,,합,공공임대,전북,0
2025-12,,합,공공임대,전남,0
2025-12,,합,공공임대,경북,0
2025-12,,합,공공임대,경남,0
2025-12,,합,공공임대,제주,0
2025-12,,합,공공분양,전국,1105
2025-12,,합,공공분양,서울,0
2025-12,,합,공공분양,인천,534
2025-12,,합,공공분양,경기,371
2025-12,,합,공공분양,부산,0
2025-12,,합,공공분양,대구,0
2025-12,,합,공공분양,광주,0
2025-12,,합,공공분양,대전,0
2025-12,,합,공공분양,울산,0
2025-12,,합,공공분양,세종,0
2025-12,,합,공공분양,강원,0
2025-12,,합,공공분양,충북,0
2025-12,,합,공공분양,충남,0
2025-12,,합,공공분양,전북,0
2025-12,,합,공공분양,전남,0
2025-12,,합,공공분양,경북,200
2025-12,,합,공공분양,경남,0
2025-12,,합,공공분양,제주,0
2025-12,,지자체,소계,전국,2099
2025-12,,지자체,소계,서울,0
2025-12,,지자체,소계,인천,0
2025-12,,지자체,소계,경기,965
2025-12,,지자체,소계,부산,1134
2025-12,,지자체,소계,대구,0
2025-12,,지자체,소계,광주,0
2025-12,,지자체,소계,대전,0
2025-12,,지자체,소계,울산,0
2025-12,,지자체,소계,세종,0
2025-12,,지자체,소계,강원,0
2025-12,,지자체,소계,충북,0
2025-12,,지자체,소계,충남,0
2025-12,,지자체,소계,전북,0
2025-12,,지자체,소계,전남,0
2025-12,,지자체,소계,경북,0
2025-12,,지자체,소계,경남,0
2025-12,,지자체,소계,제주,0
2025-12,,지자체,국민임대,전국,0
2025-12,,지자체,국민임대,서울,0
2025-12,,지자체,국민임대,인천,0
2025-12,,지자체,국민임대,경기,0
2025-12,,지자체,국민임대,부산,0
2025-12,,지자체,국민임대,대구,0
2025-12,,지자체,국민임대,광주,0
2025-12,,지자체,국민임대,대전,0
2025-12,,지자체,국민임대,울산,0
2025-12,,지자체,국민임대,세종,0
2025-12,,지자체,국민임대,강원,0
2025-12,,지자체,국민임대,충북,0
2025-12,,지자체,국민임대,충남,0
2025-12,,지자체,국민임대,전북,0
2025-12,,지자체,국민임대,전남,0
2025-12,,지자체,국민임대,경북,0
2025-12,,지자체,국민임대,경남,0
2025-12,,지자체,국민임대,제주,0
2025-12,,지자체,공공임대,전국,2099
2025-12,,지자체,공공임대,서울,0
2025-12,,지자체,공공임대,인천,0
2025-12,,지자체,공공임대,경기,965
2025-12,,지자체,공공임대,부산,1134
2025-12,,지자체,공공임대,대구,0
2025-12,,지자체,공공임대,광주,0
2025-12,,지자체,공공임대,대전,0
2025-12,,지자체,공공임대,울산,0
2025-12,,지자체,공공임대,세종,0
2025-12,,지자체,공공임대,강원,0
2025-12,,지자체,공공임대,충북,0
2025-12,,지자체,공공임대,충남,0
2025-12,,지자체,공공임대,전북,0
2025-12,,지자체,공공임대,전남,0
2025-12,,지자체,공공임대,경북,0
2025-12,,지자체,공공임대,경남,0
2025-12,,지자체,공공임대,제주,0
2025-12,,지자체,공공분양,전국,0
2025-12,,지자체,공공분양,서울,0
2025-12,,지자체,공공분양,인천,0
2025-12,,지자체,공공분양,경기,0
2025-12,,지자체,공공분양,부산,0
2025-12,,지자체,공공분양,대구,0
2025-12,,지자체,공공분양,광주,0
2025-12,,지자체,공공분양,대전,0
2025-12,,지자체,공공분양,울산,0
2025-12,,지자체,공공분양,세종,0
2025-12,,지자체,공공분양,강원,0
2025-12,,지자체,공공분양,충북,0
2025-12,,지자체,공공분양,충남,0
2025-12,,지자체,공공분양,전북,0
2025-12,,지자체,공공분양,전남,0
2025-12,,지자체,공공분양,경북,0
2025-12,,지자체,공공분양,경남,0
2025-12,,지자체,공공분양,제주,0
2025-12,,LH,소계,전국,2868
2025-12,,LH,소계,서울,0
2025-12,,LH,소계,인천,801
2025-12,,LH,소계,경기,1867
2025-12,,LH,소계,부산,0
2025-12,,LH,소계,대구,0
2025-12,,LH,소계,광주,0
2025-12,,LH,소계,대전,0
2025-12,,LH,소계,울산,0
2025-12,,LH,소계,세종,0
2025-12,,LH,소계,강원,0
2025-12,,LH,소계,충북,0
2025-12,,LH,소계,충남,0
2025-12,,LH,소계,전북,0
2025-12,,LH,소계,전남,0
2025-12,,LH,소계,경북,200
2025-12,,LH,소계,경남,0
2025-12,,LH,소계,제주,0
2025-12,,LH,국민임대,전국,200
2025-12,,LH,국민임대,서울,0
2025-12,,LH,국민임대,인천,0
2025-12,,LH,국민임대,경기,0
2025-12,,LH,국민임대,부산,0
2025-12,,LH,국민임대,대구,0
2025-12,,LH,국민임대,광주,0
2025-12,,LH,국민임대,대전,0
2025-12,,LH,국민임대,울산,0
2025-12,,LH,국민임대,세종,0
2025-12,,LH,국민임대,강원,0
2025-12,,LH,국민임대,충북,0
2025-12,,LH,국민임대,충남,0
2025-12,,LH,국민임대,전북,0
2025-12,,LH,국민임대,전남,0
2025-12,,LH,국민임대,경북,200
2025-12,,LH,국민임대,경남,0
2025-12,,LH,국민임대,제주,0
2025-12,,LH,공공임대,전국,1763
2025-12,,LH,공공임대,서울,0
2025-12,,LH,공공임대,인천,267
2025-12,,LH,공공임대,경기,1496
2025-12,,LH,공공임대,부산,0
2025-12,,LH,공공임대,대구,0
2025-12,,LH,공공임대,광주,0
2025-12,,LH,공공임대,대전,0
2025-12,,LH,공공임대,울산,0
2025-12,,LH,공공임대,세종,0
2025-12,,LH,공공임대,강원,0
2025-12,,LH,공공임대,충북,0
2025-12,,LH,공공임대,충남,0
2025-12,,LH,공공임대,전북,0
2025-12,,LH,공공임대,전남,0
2025-12,,LH,공공임대,경북,0
2025-12,,LH,공공임대,경남,0
2025-12,,LH,공공임대,제주,0
2025-12,,LH,공공분양,전국,905
2025-12,,LH,공공분양,서울,0
2025-12,,LH,공공분양,인천,534
2025-12,,LH,공공분양,경기,371
2025-12,,LH,공공분양,부산,0
2025-12,,LH,공공분양,대구,0
2025-12,,LH,공공분양,광주,0
2025-12,,LH,공공분양,대전,0
2025-12,,LH,공공분양,울산,0
2025-12,,LH,공공분양,세종,0
2025-12,,LH,공공분양,강원,0
2025-12,,LH,공공분양,충북,0
2025-12,,LH,공공분양,충남,0
2025-12,,LH,공공분양,전북,0
2025-12,,LH,공공분양,전남,0
2025-12,,LH,공공분양,경북,0
2025-12,,LH,공공분양,경남,0
2025-12,,LH,공공분양,제주,0
2025-12,,주택업체,소계,전국,840
2025-12,,주택업체,소계,서울,336
2025-12,,주택업체,소계,인천,0
2025-12,,주택업체,소계,경기,0
2025-12,,주택업체,소계,부산,214
2025-12,,주택업체,소계,대구,90
2025-12,,주택업체,소계,광주,0
2025-12,,주택업체,소계,대전,0
2025-12,,주택업체,소계,울산,0
2025-12,,주택업체,소계,세종,0
2025-12,,주택업체,소계,강원,0
2025-12,,주택업체,소계,충북,0
2025-12,,주택업체,소계,충남,0
2025-12,,주택업체,소계,전북,0
2025-12,,주택업체,소계,전남,0
2025-12,,주택업체,소계,경북,200
2025-12,,주택업체,소계,경남,0
2025-12,,주택업체,소계,제주,0
2025-12,,주택업체,국민임대,전국,214
2025-12,,주택업체,국민임대,서울,0
2025-12,,주택업체,국민임대,인천,0
2025-12,,주택업체,국민임대,경기,0
2025-12,,주택업체,국민임대,부산,214
2025-12,,주택업체,국민임대,대구,0
2025-12,,주택업체,국민임대,광주,0
2025-12,,주택업체,국민임대,대전,0
2025-12,,주택업체,국민임대,울산,0
2025-12,,주택업체,국민임대,세종,0
2025-12,,주택업체,국민임대,강원,0
2025-12,,주택업체,국민임대,충북,0
2025-12,,주택업체,국민임대,충남,0
2025-12,,주택업체,국민임대,전북,0
2025-12,,주택업체,국민임대,전남,0
2025-12,,주택업체,국민임대,경북,0
2025-12,,주택업체,국민임대,경남,0
2025-12,,주택업체,국민임대,제주,0
2025-12,,주택업체,공공임대,전국,426
2025-12,,주택업체,공공임대,서울,336
2025-12,,주택업체,공공임대,인천,0
2025-12,,주택업체,공공임대,경기,0
2025-12,,주택업체,공공임대,부산,0
2025-12,,주택업체,공공임대,대구,90
2025-12,,주택업체,공공임대,광주,0
2025-12,,주택업체,공공임대,대전,0
2025-12,,주택업체,공공임대,울산,0
2025-12,,주택업체,공공임대,세종,0
2025-12,,주택업체,공공임대,강원,0
2025-12,,주택업체,공공임대,충북,0
2025-12,,주택업체,공공임대,충남,0
2025-12,,주택업체,공공임대,전북,0
2025-12,,주택업체,공공임대,전남,0
2025-12,,주택업체,공공임대,경북,0
2025-12,,주택업체,공공임대,경남,0
2025-12,,주택업체,공공임대,제주,0
2025-12,,주택업체,공공분양,전국,200
2025-12,,주택업체,공공분양,서울,0
2025-12,,주택업체,공공분양,인천,0
2025-12,,주택업체,공공분양,경기,0
2025-12,,주택업체,공공분양,부산,0
2025-12,,주택업체,공공분양,대구,0
2025-12,,주택업체,공공분양,광주,0
2025-12,,주택업체,공공분양,대전,0
2025-12,,주택업체,공공분양,울산,0
2025-12,,주택업체,공공분양,세종,0
2025-12,,주택업체,공공분양,강원,0
2025-12,,주택업체,공공분양,충북,0
2025-12,,주택업체,공공분양,충남,0
2025-12,,주택업체,공공분양,전북,0
2025-12,,주택업체,공공분양,전남,0
2025-12,,주택업체,공공분양,경북,200
2025-12,,주택업체,공공분양,경남,0
2025-12,,주택업체,공공분양,제주,0
2025-12,,민간부문,소계,전국,18600
2025-12,,민간부문,소계,서울,2870
2025-12,,민간부문,소계,인천,68
2025-12,,민간부문,소계,경기,2156
2025-12,,민간부문,소계,부산,2910
2025-12,,민간부문,소계,대구,2163
2025-12,,민간부문,소계,광주,1362
2025-12,,민간부문,소계,대전,152
2025-12,,민간부문,소계,울산,439
2025-12,,민간부문,소계,세종,13
2025-12,,민간부문,소계,강원,1128
2025-12,,민간부문,소계,충북,353
2025-12,,민간부문,소계,충남,967
2025-12,,민간부문,소계,전북,542
2025-12,,민간부문,소계,전남,1549
2025-12,,민간부문,소계,경북,336
2025-12,,민간부문,소계,경남,1484
2025-12,,민간부문,소계,제주,108
2025-12,,민간,민간임대,전국,420
2025-12,,민간,민간임대,서울,361
2025-12,,민간,민간임대,인천,0
2025-12,,민간,민간임대,경기,59
2025-12,,민간,민간임대,부산,0
2025-12,,민간,민간임대,대구,0
2025-12,,민간,민간임대,광주,0
2025-12,,민간,민간임대,대전,0
2025-12,,민간,민간임대,울산,0
2025-12,,민간,민간임대,세종,0
2025-12,,민간,민간임대,강원,0
2025-12,,민간,민간임대,충북,0
2025-12,,민간,민간임대,충남,0
2025-12,,민간,민간임대,전북,0
2025-12,,민간,민간임대,전남,0
2025-12,,민간,민간임대,경북,0
2025-12,,민간,민간임대,경남,0
2025-12,,민간,민간임대,제주,0
2025-12,,민간,민간분양,전국,18180
2025-12,,민간,민간분양,서울,2509
2025-12,,민간,민간분양,인천,68
2025-12,,민간,민간분양,경기,2097
2025-12,,민간,민간분양,부산,2910
2025-12,,민간,민간분양,대구,2163
2025-12,,민간,민간분양,광주,1362
2025-12,,민간,민간분양,대전,152
2025-12,,민간,민간분양,울산,439
2025-12,,민간,민간분양,세종,13
2025-12,,민간,민간분양,강원,1128
2025-12,,민간,민간분양,충북,353
2025-12,,민간,민간분양,충남,967
2025-12,,민간,민간분양,전북,542
2025-12,,민간,민간분양,전남,1549
2025-12,,민간,민간분양,경북,336
2025-12,,민간,민간분양,경남,1484
2025-12,,민간,민간분양,제주,108
2026-01,Y,총계,총계,전국,22340
2026-01,Y,총계,총계,서울,3817
2026-01,Y,총계,총계,인천,1391
2026-01,Y,총계,총계,경기,6452
2026-01,Y,총계,총계,부산,1949
2026-01,Y,총계,총계,대구,1363
2026-01,Y,총계,총계,광주,71
2026-01,Y,총계,총계,대전,82
2026-01,Y,총계,총계,울산,17
2026-01,Y,총계,총계,세종,10
2026-01,Y,총계,총계,강원,987
2026-01,Y,총계,총계,충북,2499
2026-01,Y,총계,총계,충남,996
2026-01,Y,총계,총계,전북,1027
2026-01,Y,총계,총계,전남,280
2026-01,Y,총계,총계,경북,229
2026-01,Y,총계,총계,경남,997
2026-01,Y,총계,총계,제주,173
2026-01,Y,공공부문,소계,전국,2671
2026-01,Y,공공부문,소계,서울,407
2026-01,Y,공공부문,소계,인천,88
2026-01,Y,공공부문,소계,경기,642
2026-01,Y,공공부문,소계,부산,1120
2026-01,Y,공공부문,소계,대구,0
2026-01,Y,공공부문,소계,광주,0
2026-01,Y,공공부문,소계,대전,0
2026-01,Y,공공부문,소계,울산,0
2026-01,Y,공공부문,소계,세종,0
2026-01,Y,공공부문,소계,강원,0
2026-01,Y,공공부문,소계,충북,350
2026-01,Y,공공부문,소계,충남,19
2026-01,Y,공공부문,소계,전북,0
2026-01,Y,공공부문,소계,전남,0
2026-01,Y,공공부문,소계,경북,0
2026-01,Y,공공부문,소계,경남,45
2026-01,Y,공공부문,소계,제주,0
2026-01,Y,합,국민임대,전국,0
2026-01,Y,합,국민임대,서울,0
2026-01,Y,합,국민임대,인천,0
2026-01,Y,합,국민임대,경기,0
2026-01,Y,합,국민임대,부산,0
2026-01,Y,합,국민임대,대구,0
2026-01,Y,합,국민임대,광주,0
2026-01,Y,합,국민임대,대전,0
2026-01,Y,합,국민임대,울산,0
2026-01,Y,합,국민임대,세종,0
2026-01,Y,합,국민임대,강원,0
2026-01,Y,합,국민임대,충북,0
2026-01,Y,합,국민임대,충남,0
2026-01,Y,합,국민임대,전북,0
2026-01,Y,합,국민임대,전남,0
2026-01,Y,합,국민임대,경북,0
2026-01,Y,합,국민임대,경남,0
2026-01,Y,합,국민임대,제주,0
2026-01,Y,합,공공임대,전국,909
2026-01,Y,합,공공임대,서울,407
2026-01,Y,합,공공임대,인천,88
2026-01,Y,합,공공임대,경기,0
2026-01,Y,합,공공임대,부산,0
2026-01,Y,합,공공임대,대구,0
2026-01,Y,합,공공임대,광주,0
2026-01,Y,합,공공임대,대전,0
2026-01,Y,합,공공임대,울산,0
2026-01,Y,합,공공임대,세종,0
2026-01,Y,합,공공임대,강원,0
2026-01,Y,합,공공임대,충북,350
2026-01,Y,합,공공임대,충남,19
2026-01,Y,합,공공임대,전북,0
2026-01,Y,합,공공임대,전남,0
2026-01,Y,합,공공임대,경북,0
2026-01,Y,합,공공임대,경남,45
2026-01,Y,합,공공임대,제주,0
2026-01,Y,합,공공분양,전국,1762
2026-01,Y,합,공공분양,서울,0
2026-01,Y,합,공공분양,인천,0
2026-01,Y,합,공공분양,경기,642
2026-01,Y,합,공공분양,부산,1120
2026-01,Y,합,공공분양,대구,0
2026-01,Y,합,공공분양,광주,0
2026-01,Y,합,공공분양,대전,0
2026-01,Y,합,공공분양,울산,0
2026-01,Y,합,공공분양,세종,0
2026-01,Y,합,공공분양,강원,0
2026-01,Y,합,공공분양,충북,0
2026-01,Y,합,공공분양,충남,0
2026-01,Y,합,공공분양,전북,0
2026-01,Y,합,공공분양,전남,0
2026-01,Y,합,공공분양,경북,0
2026-01,Y,합,공공분양,경남,0
2026-01,Y,합,공공분양,제주,0
2026-01,Y,지자체,소계,전국,1194
2026-01,Y,지자체,소계,서울,10
2026-01,Y,지자체,소계,인천,0
2026-01,Y,지자체,소계,경기,0
2026-01,Y,지자체,소계,부산,1120
2026-01,Y,지자체,소계,대구,0
2026-01,Y,지자체,소계,광주,0
2026-01,Y,지자체,소계,대전,0
2026-01,Y,지자체,소계,울산,0
2026-01,Y,지자체,소계,세종,0
2026-01,Y,지자체,소계,강원,0
2026-01,Y,지자체,소계,충북,0
2026-01,Y,지자체,소계,충남,19
2026-01,Y,지자체,소계,전북,0
2026-01,Y,지자체,소계,전남,0
2026-01,Y,지자체,소계,경북,0
2026-01,Y,지자체,소계,경남,45
2026-01,Y,지자체,소계,제주,0
2026-01,Y,지자체,국민임대,전국,0
2026-01,Y,지자체,국민임대,서울,0
2026-01,Y,지자체,국민임대,인천,0
2026-01,Y,지자체,국민임대,경기,0
2026-01,Y,지자체,국민임대,부산,0
2026-01,Y,지자체,국민임대,대구,0
2026-01,Y,지자체,국민임대,광주,0
2026-01,Y,지자체,국민임대,대전,0
2026-01,Y,지자체,국민임대,울산,0
2026-01,Y,지자체,국민임대,세종,0
2026-01,Y,지자체,국민임대,강원,0
2026-01,Y,지자체,국민임대,충북,0
2026-01,Y,지자체,국민임대,충남,0
2026-01,Y,지자체,국민임대,전북,0
2026-01,Y,지자체,국민임대,전남,0
2026-01,Y,지자체,국민임대,경북,0
2026-01,Y,지자체,국민임대,경남,0
2026-01,Y,지자체,국민임대,제주,0
2026-01,Y,지자체,공공임대,전국,74
2026-01,Y,지자체,공공임대,서울,10
2026-01,Y,지자체,공공임대,인천,0
2026-01,Y,지자체,공공임대,경기,0
2026-01,Y,지자체,공공임대,부산,0
2026-01,Y,지자체,공공임대,대구,0
2026-01,Y,지자체,공공임대,광주,0
2026-01,Y,지자체,공공임대,대전,0
2026-01,Y,지자체,공공임대,울산,0
2026-01,Y,지자체,공공임대,세종,0
2026-01,Y,지자체,공공임대,강원,0
2026-01,Y,지자체,공공임대,충북,0
2026-01,Y,지자체,공공임대,충남,19
2026-01,Y,지자체,공공임대,전북,0
2026-01,Y,지자체,공공임대,전남,0
2026-01,Y,지자체,공공임대,경북,0
2026-01,Y,지자체,공공임대,경남,45
2026-01,Y,지자체,공공임대,제주,0
2026-01,Y,지자체,공공분양,전국,1120
2026-01,Y,지자체,공공분양,서울,0
2026-01,Y,지자체,공공분양,인천,0
2026-01,Y,지자체,공공분양,경기,0
2026-01,Y,지자체,공공분양,부산,1120
2026-01,Y,지자체,공공분양,대구,0
2026-01,Y,지자체,공공분양,광주,0
2026-01,Y,지자체,공공분양,대전,0
2026-01,Y,지자체,공공분양,울산,0
2026-01,Y,지자체,공공분양,세종,0
2026-01,Y,지자체,공공분양,강원,0
2026-01,Y,지자체,공공분양,충북,0
2026-01,Y,지자체,공공분양,충남,0
2026-01,Y,지자체,공공분양,전북,0
2026-01,Y,지자체,공공분양,전남,0
2026-01,Y,지자체,공공분양,경북,0
2026-01,Y,지자체,공공분양,경남,0
2026-01,Y,지자체,공공분양,제주,0
2026-01,Y,LH,소계,전국,992
2026-01,Y,LH,소계,서울,0
2026-01,Y,LH,소계,인천,0
2026-01,Y,LH,소계,경기,642
2026-01,Y,LH,소계,부산,0
2026-01,Y,LH,소계,대구,0
2026-01,Y,LH,소계,광주,0
2026-01,Y,LH,소계,대전,0
2026-01,Y,LH,소계,울산,0
2026-01,Y,LH,소계,세종,0
2026-01,Y,LH,소계,강원,0
2026-01,Y,LH,소계,충북,350
2026-01,Y,LH,소계,충남,0
2026-01,Y,LH,소계,전북,0
2026-01,Y,LH,소계,전남,0
2026-01,Y,LH,소계,경북,0
2026-01,Y,LH,소계,경남,0
2026-01,Y,LH,소계,제주,0
2026-01,Y,LH,국민임대,전국,0
2026-01,Y,LH,국민임대,서울,0
2026-01,Y,LH,국민임대,인천,0
2026-01,Y,LH,국민임대,경기,0
2026-01,Y,LH,국민임대,부산,0
2026-01,Y,LH,국민임대,대구,0
2026-01,Y,LH,국민임대,광주,0
2026-01,Y,LH,국민임대,대전,0
2026-01,Y,LH,국민임대,울산,0
2026-01,Y,LH,국민임대,세종,0
2026-01,Y,LH,국민임대,강원,0
2026-01,Y,LH,국민임대,충북,0
2026-01,Y,LH,국민임대,충남,0
2026-01,Y,LH,국민임대,전북,0
2026-01,Y,LH,국민임대,전남,0
2026-01,Y,LH,국민임대,경북,0
2026-01,Y,LH,국민임대,경남,0
2026-01,Y,LH,국민임대,제주,0
2026-01,Y,LH,공공임대,전국,350
2026-01,Y,LH,공공임대,서울,0
2026-01,Y,LH,공공임대,인천,0
2026-01,Y,LH,공공임대,경기,0
2026-01,Y,LH,공공임대,부산,0
2026-01,Y,LH,공공임대,대구,0
2026-01,Y,LH,공공임대,광주,0
2026-01,Y,LH,공공임대,대전,0
2026-01,Y,LH,공공임대,울산,0
2026-01,Y,LH,공공임대,세종,0
2026-01,Y,LH,공공임대,강원,0
2026-01,Y,LH,공공임대,충북,350
2026-01,Y,LH,공공임대,충남,0
2026-01,Y,LH,공공임대,전북,0
2026-01,Y,LH,공공임대,전남,0
2026-01,Y,LH,공공임대,경북,0
2026-01,Y,LH,공공임대,경남,0
2026-01,Y,LH,공공임대,제주,0
2026-01,Y,LH,공공분양,전국,642
2026-01,Y,LH,공공분양,서울,0
2026-01,Y,LH,공공분양,인천,0
2026-01,Y,LH,공공분양,경기,642
2026-01,Y,LH,공공분양,부산,0
2026-01,Y,LH,공공분양,대구,0
2026-01,Y,LH,공공분양,광주,0
2026-01,Y,LH,공공분양,대전,0
2026-01,Y,LH,공공분양,울산,0
2026-01,Y,LH,공공분양,세종,0
2026-01,Y,LH,공공분양,강원,0
2026-01,Y,LH,공공분양,충북,0
2026-01,Y,LH,공공분양,충남,0
2026-01,Y,LH,공공분양,전북,0
2026-01,Y,LH,공공분양,전남,0
2026-01,Y,LH,공공분양,경북,0
2026-01,Y,LH,공공분양,경남,0
2026-01,Y,LH,공공분양,제주,0
2026-01,Y,주택업체,소계,전국,485
2026-01,Y,주택업체,소계,서울,397
2026-01,Y,주택업체,소계,인천,88
2026-01,Y,주택업체,소계,경기,0
2026-01,Y,주택업체,소계,부산,0
2026-01,Y,주택업체,소계,대구,0
2026-01,Y,주택업체,소계,광주,0
2026-01,Y,주택업체,소계,대전,0
2026-01,Y,주택업체,소계,울산,0
2026-01,Y,주택업체,소계,세종,0
2026-01,Y,주택업체,소계,강원,0
2026-01,Y,주택업체,소계,충북,0
2026-01,Y,주택업체,소계,충남,0
2026-01,Y,주택업체,소계,전북,0
2026-01,Y,주택업체,소계,전남,0
2026-01,Y,주택업체,소계,경북,0
2026-01,Y,주택업체,소계,경남,0
2026-01,Y,주택업체,소계,제주,0
2026-01,Y,주택업체,국민임대,전국,0
2026-01,Y,주택업체,국민임대,서울,0
2026-01,Y,주택업체,국민임대,인천,0
2026-01,Y,주택업체,국민임대,경기,0
2026-01,Y,주택업체,국민임대,부산,0
2026-01,Y,주택업체,국민임대,대구,0
2026-01,Y,주택업체,국민임대,광주,0
2026-01,Y,주택업체,국민임대,대전,0
2026-01,Y,주택업체,국민임대,울산,0
2026-01,Y,주택업체,국민임대,세종,0
2026-01,Y,주택업체,국민임대,강원,0
2026-01,Y,주택업체,국민임대,충북,0
2026-01,Y,주택업체,국민임대,충남,0
2026-01,Y,주택업체,국민임대,전북,0
2026-01,Y,주택업체,국민임대,전남,0
2026-01,Y,주택업체,국민임대,경북,0
2026-01,Y,주택업체,국민임대,경남,0
2026-01,Y,주택업체,국민임대,제주,0
2026-01,Y,주택업체,공공임대,전국,485
2026-01,Y,주택업체,공공임대,서울,397
2026-01,Y,주택업체,공공임대,인천,88
2026-01,Y,주택업체,공공임대,경기,0
2026-01,Y,주택업체,공공임대,부산,0
2026-01,Y,주택업체,공공임대,대구,0
2026-01,Y,주택업체,공공임대,광주,0
2026-01,Y,주택업체,공공임대,대전,0
2026-01,Y,주택업체,공공임대,울산,0
2026-01,Y,주택업체,공공임대,세종,0
2026-01,Y,주택업체,공공임대,강원,0
2026-01,Y,주택업체,공공임대,충북,0
2026-01,Y,주택업체,공공임대,충남,0
2026-01,Y,주택업체,공공임대,전북,0
2026-01,Y,주택업체,공공임대,전남,0
2026-01,Y,주택업체,공공임대,경북,0
2026-01,Y,주택업체,공공임대,경남,0
2026-01,Y,주택업체,공공임대,제주,0
2026-01,Y,주택업체,공공분양,전국,0
2026-01,Y,주택업체,공공분양,서울,0
2026-01,Y,주택업체,공공분양,인천,0
2026-01,Y,주택업체,공공분양,경기,0
2026-01,Y,주택업체,공공분양,부산,0
2026-01,Y,주택업체,공공분양,대구,0
2026-01,Y,주택업체,공공분양,광주,0
2026-01,Y,주택업체,공공분양,대전,0
2026-01,Y,주택업체,공공분양,울산,0
2026-01,Y,주택업체,공공분양,세종,0
2026-01,Y,주택업체,공공분양,강원,0
2026-01,Y,주택업체,공공분양,충북,0
2026-01,Y,주택업체,공공분양,충남,0
2026-01,Y,주택업체,공공분양,전북,0
2026-01,Y,주택업체,공공분양,전남,0
2026-01,Y,주택업체,공공분양,경북,0
2026-01,Y,주택업체,공공분양,경남,0
2026-01,Y,주택업체,공공분양,제주,0
2026-01,Y,민간부문,소계,전국,19669
2026-01,Y,민간부문,소계,서울,3410
2026-01,Y,민간부문,소계,인천,1303
2026-01,Y,민간부문,소계,경기,5810
2026-01,Y,민간부문,소계,부산,829
2026-01,Y,민간부문,소계,대구,1363
2026-01,Y,민간부문,소계,광주,71
2026-01,Y,민간부문,소계,대전,82
2026-01,Y,민간부문,소계,울산,17
2026-01,Y,민간부문,소계,세종,10
2026-01,Y,민간부문,소계,강원,987
2026-01,Y,민간부문,소계,충북,2149
2026-01,Y,민간부문,소계,충남,977
2026-01,Y,민간부문,소계,전북,1027
2026-01,Y,민간부문,소계,전남,280
2026-01,Y,민간부문,소계,경북,229
2026-01,Y,민간부문,소계,경남,952
2026-01,Y,민간부문,소계,제주,173
2026-01,Y,민간,민간임대,전국,648
2026-01,Y,민간,민간임대,서울,0
2026-01,Y,민간,민간임대,인천,0
2026-01,Y,민간,민간임대,경기,0
2026-01,Y,민간,민간임대,부산,0
2026-01,Y,민간,민간임대,대구,604
2026-01,Y,민간,민간임대,광주,0
2026-01,Y,민간,민간임대,대전,0
2026-01,Y,민간,민간임대,울산,0
2026-01,Y,민간,민간임대,세종,0
2026-01,Y,민간,민간임대,강원,0
2026-01,Y,민간,민간임대,충북,0
2026-01,Y,민간,민간임대,충남,0
2026-01,Y,민간,민간임대,전북,0
2026-01,Y,민간,민간임대,전남,0
2026-01,Y,민간,민간임대,경북,0
2026-01,Y,민간,민간임대,경남,0
2026-01,Y,민간,민간임대,제주,44
2026-01,Y,민간,민간분양,전국,19021
2026-01,Y,민간,민간분양,서울,3410
2026-01,Y,민간,민간분양,인천,1303
2026-01,Y,민간,민간분양,경기,5810
2026-01,Y,민간,민간분양,부산,829
2026-01,Y,민간,민간분양,대구,759
2026-01,Y,민간,민간분양,광주,71
2026-01,Y,민간,민간분양,대전,82
2026-01,Y,민간,민간분양,울산,17
2026-01,Y,민간,민간분양,세종,10
2026-01,Y,민간,민간분양,강원,987
2026-01,Y,민간,민간분양,충북,2149
2026-01,Y,민간,민간분양,충남,977
2026-01,Y,민간,민간분양,전북,1027
2026-01,Y,민간,민간분양,전남,280
2026-01,Y,민간,민간분양,경북,229
2026-01,Y,민간,민간분양,경남,952
2026-01,Y,민간,민간분양,제주,129
2026-02,Y,총계,총계,전국,15064
2026-02,Y,총계,총계,서울,1703
2026-02,Y,총계,총계,인천,948
2026-02,Y,총계,총계,경기,3060
2026-02,Y,총계,총계,부산,43
2026-02,Y,총계,총계,대구,2228
2026-02,Y,총계,총계,광주,11
2026-02,Y,총계,총계,대전,1033
2026-02,Y,총계,총계,울산,15
2026-02,Y,총계,총계,세종,47
2026-02,Y,총계,총계,강원,118
2026-02,Y,총계,총계,충북,123
2026-02,Y,총계,총계,충남,1738
2026-02,Y,총계,총계,전북,68
2026-02,Y,총계,총계,전남,158
2026-02,Y,총계,총계,경북,283
2026-02,Y,총계,총계,경남,3048
2026-02,Y,총계,총계,제주,440
2026-02,Y,공공부문,소계,전국,1158
2026-02,Y,공공부문,소계,서울,0
2026-02,Y,공공부문,소계,인천,0
2026-02,Y,공공부문,소계,경기,846
2026-02,Y,공공부문,소계,부산,0
2026-02,Y,공공부문,소계,대구,0
2026-02,Y,공공부문,소계,광주,0
2026-02,Y,공공부문,소계,대전,0
2026-02,Y,공공부문,소계,울산,0
2026-02,Y,공공부문,소계,세종,0
2026-02,Y,공공부문,소계,강원,0
2026-02,Y,공공부문,소계,충북,0
2026-02,Y,공공부문,소계,충남,20
2026-02,Y,공공부문,소계,전북,0
2026-02,Y,공공부문,소계,전남,0
2026-02,Y,공공부문,소계,경북,20
2026-02,Y,공공부문,소계,경남,0
2026-02,Y,공공부문,소계,제주,272
2026-02,Y,합,국민임대,전국,0
2026-02,Y,합,국민임대,서울,0
2026-02,Y,합,국민임대,인천,0
2026-02,Y,합,국민임대,경기,0
2026-02,Y,합,국민임대,부산,0
2026-02,Y,합,국민임대,대구,0
2026-02,Y,합,국민임대,광주,0
2026-02,Y,합,국민임대,대전,0
2026-02,Y,합,국민임대,울산,0
2026-02,Y,합,국민임대,세종,0
2026-02,Y,합,국민임대,강원,0
2026-02,Y,합,국민임대,충북,0
2026-02,Y,합,국민임대,충남,0
2026-02,Y,합,국민임대,전북,0
2026-02,Y,합,국민임대,전남,0
2026-02,Y,합,국민임대,경북,0
2026-02,Y,합,국민임대,경남,0
2026-02,Y,합,국민임대,제주,0
2026-02,Y,합,공공임대,전국,1158
2026-02,Y,합,공공임대,서울,0
2026-02,Y,합,공공임대,인천,0
2026-02,Y,합,공공임대,경기,846
2026-02,Y,합,공공임대,부산,0
2026-02,Y,합,공공임대,대구,0
2026-02,Y,합,공공임대,광주,0
2026-02,Y,합,공공임대,대전,0
2026-02,Y,합,공공임대,울산,0
2026-02,Y,합,공공임대,세종,0
2026-02,Y,합,공공임대,강원,0
2026-02,Y,합,공공임대,충북,0
2026-02,Y,합,공공임대,충남,20
2026-02,Y,합,공공임대,전북,0
2026-02,Y,합,공공임대,전남,0
2026-02,Y,합,공공임대,경북,20
2026-02,Y,합,공공임대,경남,0
2026-02,Y,합,공공임대,제주,272
2026-02,Y,합,공공분양,전국,0
2026-02,Y,합,공공분양,서울,0
2026-02,Y,합,공공분양,인천,0
2026-02,Y,합,공공분양,경기,0
2026-02,Y,합,공공분양,부산,0
2026-02,Y,합,공공분양,대구,0
2026-02,Y,합,공공분양,광주,0
2026-02,Y,합,공공분양,대전,0
2026-02,Y,합,공공분양,울산,0
2026-02,Y,합,공공분양,세종,0
2026-02,Y,합,공공분양,강원,0
2026-02,Y,합,공공분양,충북,0
2026-02,Y,합,공공분양,충남,0
2026-02,Y,합,공공분양,전북,0
2026-02,Y,합,공공분양,전남,0
2026-02,Y,합,공공분양,경북,0
2026-02,Y,합,공공분양,경남,0
2026-02,Y,합,공공분양,제주,0
2026-02,Y,지자체,소계,전국,40
2026-02,Y,지자체,소계,서울,0
2026-02,Y,지자체,소계,인천,0
2026-02,Y,지자체,소계,경기,0
2026-02,Y,지자체,소계,부산,0
2026-02,Y,지자체,소계,대구,0
2026-02,Y,지자체,소계,광주,0
2026-02,Y,지자체,소계,대전,0
2026-02,Y,지자체,소계,울산,0
2026-02,Y,지자체,소계,세종,0
2026-02,Y,지자체,소계,강원,0
2026-02,Y,지자체,소계,충북,0
2026-02,Y,지자체,소계,충남,20
2026-02,Y,지자체,소계,전북,0
2026-02,Y,지자체,소계,전남,0
2026-02,Y,지자체,소계,경북,20
2026-02,Y,지자체,소계,경남,0
2026-02,Y,지자체,소계,제주,0
2026-02,Y,지자체,국민임대,전국,0
2026-02,Y,지자체,국민임대,서울,0
2026-02,Y,지자체,국민임대,인천,0
2026-02,Y,지자체,국민임대,경기,0
2026-02,Y,지자체,국민임대,부산,0
2026-02,Y,지자체,국민임대,대구,0
2026-02,Y,지자체,국민임대,광주,0
2026-02,Y,지자체,국민임대,대전,0
2026-02,Y,지자체,국민임대,울산,0
2026-02,Y,지자체,국민임대,세종,0
2026-02,Y,지자체,국민임대,강원,0
2026-02,Y,지자체,국민임대,충북,0
2026-02,Y,지자체,국민임대,충남,0
2026-02,Y,지자체,국민임대,전북,0
2026-02,Y,지자체,국민임대,전남,0
2026-02,Y,지자체,국민임대,경북,0
2026-02,Y,지자체,국민임대,경남,0
2026-02,Y,지자체,국민임대,제주,0
2026-02,Y,지자체,공공임대,전국,40
2026-02,Y,지자체,공공임대,서울,0
2026-02,Y,지자체,공공임대,인천,0
2026-02,Y,지자체,공공임대,경기,0
2026-02,Y,지자체,공공임대,부산,0
2026-02,Y,지자체,공공임대,대구,0
2026-02,Y,지자체,공공임대,광주,0
2026-02,Y,지자체,공공임대,대전,0
2026-02,Y,지자체,공공임대,울산,0
2026-02,Y,지자체,공공임대,세종,0
2026-02,Y,지자체,공공임대,강원,0
2026-02,Y,지자체,공공임대,충북,0
2026-02,Y,지자체,공공임대,충남,20
2026-02,Y,지자체,공공임대,전북,0
2026-02,Y,지자체,공공임대,전남,0
2026-02,Y,지자체,공공임대,경북,20
2026-02,Y,지자체,공공임대,경남,0
2026-02,Y,지자체,공공임대,제주,0
2026-02,Y,지자체,공공분양,전국,0
2026-02,Y,지자체,공공분양,서울,0
2026-02,Y,지자체,공공분양,인천,0
2026-02,Y,지자체,공공분양,경기,0
2026-02,Y,지자체,공공분양,부산,0
2026-02,Y,지자체,공공분양,대구,0
2026-02,Y,지자체,공공분양,광주,0
2026-02,Y,지자체,공공분양,대전,0
2026-02,Y,지자체,공공분양,울산,0
2026-02,Y,지자체,공공분양,세종,0
2026-02,Y,지자체,공공분양,강원,0
2026-02,Y,지자체,공공분양,충북,0
2026-02,Y,지자체,공공분양,충남,0
2026-02,Y,지자체,공공분양,전북,0
2026-02,Y,지자체,공공분양,전남,0
2026-02,Y,지자체,공공분양,경북,0
2026-02,Y,지자체,공공분양,경남,0
2026-02,Y,지자체,공공분양,제주,0
2026-02,Y,LH,소계,전국,1118
2026-02,Y,LH,소계,서울,0
2026-02,Y,LH,소계,인천,0
2026-02,Y,LH,소계,경기,846
2026-02,Y,LH,소계,부산,0
2026-02,Y,LH,소계,대구,0
2026-02,Y,LH,소계,광주,0
2026-02,Y,LH,소계,대전,0
2026-02,Y,LH,소계,울산,0
2026-02,Y,LH,소계,세종,0
2026-02,Y,LH,소계,강원,0
2026-02,Y,LH,소계,충북,0
2026-02,Y,LH,소계,충남,0
2026-02,Y,LH,소계,전북,0
2026-02,Y,LH,소계,전남,0
2026-02,Y,LH,소계,경북,0
2026-02,Y,LH,소계,경남,0
2026-02,Y,LH,소계,제주,272
2026-02,Y,LH,국민임대,전국,0
2026-02,Y,LH,국민임대,서울,0
2026-02,Y,LH,국민임대,인천,0
2026-02,Y,LH,국민임대,경기,0
2026-02,Y,LH,국민임대,부산,0
2026-02,Y,LH,국민임대,대구,0
2026-02,Y,LH,국민임대,광주,0
2026-02,Y,LH,국민임대,대전,0
2026-02,Y,LH,국민임대,울산,0
2026-02,Y,LH,국민임대,세종,0
2026-02,Y,LH,국민임대,강원,0
2026-02,Y,LH,국민임대,충북,0
2026-02,Y,LH,국민임대,충남,0
2026-02,Y,LH,국민임대,전북,0
2026-02,Y,LH,국민임대,전남,0
2026-02,Y,LH,국민임대,경북,0
2026-02,Y,LH,국민임대,경남,0
2026-02,Y,LH,국민임대,제주,0
2026-02,Y,LH,공공임대,전국,1118
2026-02,Y,LH,공공임대,서울,0
2026-02,Y,LH,공공임대,인천,0
2026-02,Y,LH,공공임대,경기,846
2026-02,Y,LH,공공임대,부산,0
2026-02,Y,LH,공공임대,대구,0
2026-02,Y,LH,공공임대,광주,0
2026-02,Y,LH,공공임대,대전,0
2026-02,Y,LH,공공임대,울산,0
2026-02,Y,LH,공공임대,세종,0
2026-02,Y,LH,공공임대,강원,0
2026-02,Y,LH,공공임대,충북,0
2026-02,Y,LH,공공임대,충남,0
2026-02,Y,LH,공공임대,전북,0
2026-02,Y,LH,공공임대,전남,0
2026-02,Y,LH,공공임대,경북,0
2026-02,Y,LH,공공임대,경남,0
2026-02,Y,LH,공공임대,제주,272
2026-02,Y,LH,공공분양,전국,0
2026-02,Y,LH,공공분양,서울,0
2026-02,Y,LH,공공분양,인천,0
2026-02,Y,LH,공공분양,경기,0
2026-02,Y,LH,공공분양,부산,0
2026-02,Y,LH,공공분양,대구,0
2026-02,Y,LH,공공분양,광주,0
2026-02,Y,LH,공공분양,대전,0
2026-02,Y,LH,공공분양,울산,0
2026-02,Y,LH,공공분양,세종,0
2026-02,Y,LH,공공분양,강원,0
2026-02,Y,LH,공공분양,충북,0
2026-02,Y,LH,공공분양,충남,0
2026-02,Y,LH,공공분양,전북,0
2026-02,Y,LH,공공분양,전남,0
2026-02,Y,LH,공공분양,경북,0
2026-02,Y,LH,공공분양,경남,0
2026-02,Y,LH,공공분양,제주,0
2026-02,Y,주택업체,소계,전국,0
2026-02,Y,주택업체,소계,서울,0
2026-02,Y,주택업체,소계,인천,0
2026-02,Y,주택업체,소계,경기,0
2026-02,Y,주택업체,소계,부산,0
2026-02,Y,주택업체,소계,대구,0
2026-02,Y,주택업체,소계,광주,0
2026-02,Y,주택업체,소계,대전,0
2026-02,Y,주택업체,소계,울산,0
2026-02,Y,주택업체,소계,세종,0
2026-02,Y,주택업체,소계,강원,0
2026-02,Y,주택업체,소계,충북,0
2026-02,Y,주택업체,소계,충남,0
2026-02,Y,주택업체,소계,전북,0
2026-02,Y,주택업체,소계,전남,0
2026-02,Y,주택업체,소계,경북,0
2026-02,Y,주택업체,소계,경남,0
2026-02,Y,주택업체,소계,제주,0
2026-02,Y,주택업체,국민임대,전국,0
2026-02,Y,주택업체,국민임대,서울,0
2026-02,Y,주택업체,국민임대,인천,0
2026-02,Y,주택업체,국민임대,경기,0
2026-02,Y,주택업체,국민임대,부산,0
2026-02,Y,주택업체,국민임대,대구,0
2026-02,Y,주택업체,국민임대,광주,0
2026-02,Y,주택업체,국민임대,대전,0
2026-02,Y,주택업체,국민임대,울산,0
2026-02,Y,주택업체,국민임대,세종,0
2026-02,Y,주택업체,국민임대,강원,0
2026-02,Y,주택업체,국민임대,충북,0
2026-02,Y,주택업체,국민임대,충남,0
2026-02,Y,주택업체,국민임대,전북,0
2026-02,Y,주택업체,국민임대,전남,0
2026-02,Y,주택업체,국민임대,경북,0
2026-02,Y,주택업체,국민임대,경남,0
2026-02,Y,주택업체,국민임대,제주,0
2026-02,Y,주택업체,공공임대,전국,0
2026-02,Y,주택업체,공공임대,서울,0
2026-02,Y,주택업체,공공임대,인천,0
2026-02,Y,주택업체,공공임대,경기,0
2026-02,Y,주택업체,공공임대,부산,0
2026-02,Y,주택업체,공공임대,대구,0
2026-02,Y,주택업체,공공임대,광주,0
2026-02,Y,주택업체,공공임대,대전,0
2026-02,Y,주택업체,공공임대,울산,0
2026-02,Y,주택업체,공공임대,세종,0
2026-02,Y,주택업체,공공임대,강원,0
2026-02,Y,주택업체,공공임대,충북,0
2026-02,Y,주택업체,공공임대,충남,0
2026-02,Y,주택업체,공공임대,전북,0
2026-02,Y,주택업체,공공임대,전남,0
2026-02,Y,주택업체,공공임대,경북,0
2026-02,Y,주택업체,공공임대,경남,0
2026-02,Y,주택업체,공공임대,제주,0
2026-02,Y,주택업체,공공분양,전국,0
2026-02,Y,주택업체,공공분양,서울,0
2026-02,Y,주택업체,공공분양,인천,0
2026-02,Y,주택업체,공공분양,경기,0
2026-02,Y,주택업체,공공분양,부산,0
2026-02,Y,주택업체,공공분양,대구,0
2026-02,Y,주택업체,공공분양,광주,0
2026-02,Y,주택업체,공공분양,대전,0
2026-02,Y,주택업체,공공분양,울산,0
2026-02,Y,주택업체,공공분양,세종,0
2026-02,Y,주택업체,공공분양,강원,0
2026-02,Y,주택업체,공공분양,충북,0
2026-02,Y,주택업체,공공분양,충남,0
2026-02,Y,주택업체,공공분양,전북,0
2026-02,Y,주택업체,공공분양,전남,0
2026-02,Y,주택업체,공공분양,경북,0
2026-02,Y,주택업체,공공분양,경남,0
2026-02,Y,주택업체,공공분양,제주,0
2026-02,Y,민간부문,소계,전국,13906
2026-02,Y,민간부문,소계,서울,1703
2026-02,Y,민간부문,소계,인천,948
2026-02,Y,민간부문,소계,경기,2214
2026-02,Y,민간부문,소계,부산,43
2026-02,Y,민간부문,소계,대구,2228
2026-02,Y,민간부문,소계,광주,11
2026-02,Y,민간부문,소계,대전,1033
2026-02,Y,민간부문,소계,울산,15
2026-02,Y,민간부문,소계,세종,47
2026-02,Y,민간부문,소계,강원,118
2026-02,Y,민간부문,소계,충북,123
2026-02,Y,민간부문,소계,충남,1718
2026-02,Y,민간부문,소계,전북,68
2026-02,Y,민간부문,소계,전남,158
2026-02,Y,민간부문,소계,경북,263
2026-02,Y,민간부문,소계,경남,3048
2026-02,Y,민간부문,소계,제주,168
2026-02,Y,민간,민간임대,전국,282
2026-02,Y,민간,민간임대,서울,125
2026-02,Y,민간,민간임대,인천,0
2026-02,Y,민간,민간임대,경기,0
2026-02,Y,민간,민간임대,부산,0
2026-02,Y,민간,민간임대,대구,0
2026-02,Y,민간,민간임대,광주,0
2026-02,Y,민간,민간임대,대전,157
2026-02,Y,민간,민간임대,울산,0
2026-02,Y,민간,민간임대,세종,0
2026-02,Y,민간,민간임대,강원,0
2026-02,Y,민간,민간임대,충북,0
2026-02,Y,민간,민간임대,충남,0
2026-02,Y,민간,민간임대,전북,0
2026-02,Y,민간,민간임대,전남,0
2026-02,Y,민간,민간임대,경북,0
2026-02,Y,민간,민간임대,경남,0
2026-02,Y,민간,민간임대,제주,0
2026-02,Y,민간,민간분양,전국,13624
2026-02,Y,민간,민간분양,서울,1578
2026-02,Y,민간,민간분양,인천,948
2026-02,Y,민간,민간분양,경기,2214
2026-02,Y,민간,민간분양,부산,43
2026-02,Y,민간,민간분양,대구,2228
2026-02,Y,민간,민간분양,광주,11
2026-02,Y,민간,민간분양,대전,876
2026-02,Y,민간,민간분양,울산,15
2026-02,Y,민간,민간분양,세종,47
2026-02,Y,민간,민간분양,강원,118
2026-02,Y,민간,민간분양,충북,123
2026-02,Y,민간,민간분양,충남,1718
2026-02,Y,민간,민간분양,전북,68
2026-02,Y,민간,민간분양,전남,158
2026-02,Y,민간,민간분양,경북,263
2026-02,Y,민간,민간분양,경남,3048
2026-02,Y,민간,민간분양,제주,168
2026-03,Y,총계,총계,전국,19787
2026-03,Y,총계,총계,서울,1861
2026-03,Y,총계,총계,인천,999
2026-03,Y,총계,총계,경기,8129
2026-03,Y,총계,총계,부산,7
2026-03,Y,총계,총계,대구,948
2026-03,Y,총계,총계,광주,3276
2026-03,Y,총계,총계,대전,271
2026-03,Y,총계,총계,울산,286
2026-03,Y,총계,총계,세종,23
2026-03,Y,총계,총계,강원,1299
2026-03,Y,총계,총계,충북,510
2026-03,Y,총계,총계,충남,1172
2026-03,Y,총계,총계,전북,369
2026-03,Y,총계,총계,전남,149
2026-03,Y,총계,총계,경북,230
2026-03,Y,총계,총계,경남,116
2026-03,Y,총계,총계,제주,142
2026-03,Y,공공부문,소계,전국,425
2026-03,Y,공공부문,소계,서울,105
2026-03,Y,공공부문,소계,인천,0
2026-03,Y,공공부문,소계,경기,320
2026-03,Y,공공부문,소계,부산,0
2026-03,Y,공공부문,소계,대구,0
2026-03,Y,공공부문,소계,광주,0
2026-03,Y,공공부문,소계,대전,0
2026-03,Y,공공부문,소계,울산,0
2026-03,Y,공공부문,소계,세종,0
2026-03,Y,공공부문,소계,강원,0
2026-03,Y,공공부문,소계,충북,0
2026-03,Y,공공부문,소계,충남,0
2026-03,Y,공공부문,소계,전북,0
2026-03,Y,공공부문,소계,전남,0
2026-03,Y,공공부문,소계,경북,0
2026-03,Y,공공부문,소계,경남,0
2026-03,Y,공공부문,소계,제주,0
2026-03,Y,합,국민임대,전국,0
2026-03,Y,합,국민임대,서울,0
2026-03,Y,합,국민임대,인천,0
2026-03,Y,합,국민임대,경기,0
2026-03,Y,합,국민임대,부산,0
2026-03,Y,합,국민임대,대구,0
2026-03,Y,합,국민임대,광주,0
2026-03,Y,합,국민임대,대전,0
2026-03,Y,합,국민임대,울산,0
2026-03,Y,합,국민임대,세종,0
2026-03,Y,합,국민임대,강원,0
2026-03,Y,합,국민임대,충북,0
2026-03,Y,합,국민임대,충남,0
2026-03,Y,합,국민임대,전북,0
2026-03,Y,합,국민임대,전남,0
2026-03,Y,합,국민임대,경북,0
2026-03,Y,합,국민임대,경남,0
2026-03,Y,합,국민임대,제주,0
2026-03,Y,합,공공임대,전국,105
2026-03,Y,합,공공임대,서울,105
2026-03,Y,합,공공임대,인천,0
2026-03,Y,합,공공임대,경기,0
2026-03,Y,합,공공임대,부산,0
2026-03,Y,합,공공임대,대구,0
2026-03,Y,합,공공임대,광주,0
2026-03,Y,합,공공임대,대전,0
2026-03,Y,합,공공임대,울산,0
2026-03,Y,합,공공임대,세종,0
2026-03,Y,합,공공임대,강원,0
2026-03,Y,합,공공임대,충북,0
2026-03,Y,합,공공임대,충남,0
2026-03,Y,합,공공임대,전북,0
2026-03,Y,합,공공임대,전남,0
2026-03,Y,합,공공임대,경북,0
2026-03,Y,합,공공임대,경남,0
2026-03,Y,합,공공임대,제주,0
2026-03,Y,합,공공분양,전국,320
2026-03,Y,합,공공분양,서울,0
2026-03,Y,합,공공분양,인천,0
2026-03,Y,합,공공분양,경기,320
2026-03,Y,합,공공분양,부산,0
2026-03,Y,합,공공분양,대구,0
2026-03,Y,합,공공분양,광주,0
2026-03,Y,합,공공분양,대전,0
2026-03,Y,합,공공분양,울산,0
2026-03,Y,합,공공분양,세종,0
2026-03,Y,합,공공분양,강원,0
2026-03,Y,합,공공분양,충북,0
2026-03,Y,합,공공분양,충남,0
2026-03,Y,합,공공분양,전북,0
2026-03,Y,합,공공분양,전남,0
2026-03,Y,합,공공분양,경북,0
2026-03,Y,합,공공분양,경남,0
2026-03,Y,합,공공분양,제주,0
2026-03,Y,지자체,소계,전국,0
2026-03,Y,지자체,소계,서울,0
2026-03,Y,지자체,소계,인천,0
2026-03,Y,지자체,소계,경기,0
2026-03,Y,지자체,소계,부산,0
2026-03,Y,지자체,소계,대구,0
2026-03,Y,지자체,소계,광주,0
2026-03,Y,지자체,소계,대전,0
2026-03,Y,지자체,소계,울산,0
2026-03,Y,지자체,소계,세종,0
2026-03,Y,지자체,소계,강원,0
2026-03,Y,지자체,소계,충북,0
2026-03,Y,지자체,소계,충남,0
2026-03,Y,지자체,소계,전북,0
2026-03,Y,지자체,소계,전남,0
2026-03,Y,지자체,소계,경북,0
2026-03,Y,지자체,소계,경남,0
2026-03,Y,지자체,소계,제주,0
2026-03,Y,지자체,국민임대,전국,0
2026-03,Y,지자체,국민임대,서울,0
2026-03,Y,지자체,국민임대,인천,0
2026-03,Y,지자체,국민임대,경기,0
2026-03,Y,지자체,국민임대,부산,0
2026-03,Y,지자체,국민임대,대구,0
2026-03,Y,지자체,국민임대,광주,0
2026-03,Y,지자체,국민임대,대전,0
2026-03,Y,지자체,국민임대,울산,0
2026-03,Y,지자체,국민임대,세종,0
2026-03,Y,지자체,국민임대,강원,0
2026-03,Y,지자체,국민임대,충북,0
2026-03,Y,지자체,국민임대,충남,0
2026-03,Y,지자체,국민임대,전북,0
2026-03,Y,지자체,국민임대,전남,0
2026-03,Y,지자체,국민임대,경북,0
2026-03,Y,지자체,국민임대,경남,0
2026-03,Y,지자체,국민임대,제주,0
2026-03,Y,지자체,공공임대,전국,0
2026-03,Y,지자체,공공임대,서울,0
2026-03,Y,지자체,공공임대,인천,0
2026-03,Y,지자체,공공임대,경기,0
2026-03,Y,지자체,공공임대,부산,0
2026-03,Y,지자체,공공임대,대구,0
2026-03,Y,지자체,공공임대,광주,0
2026-03,Y,지자체,공공임대,대전,0
2026-03,Y,지자체,공공임대,울산,0
2026-03,Y,지자체,공공임대,세종,0
2026-03,Y,지자체,공공임대,강원,0
2026-03,Y,지자체,공공임대,충북,0
2026-03,Y,지자체,공공임대,충남,0
2026-03,Y,지자체,공공임대,전북,0
2026-03,Y,지자체,공공임대,전남,0
2026-03,Y,지자체,공공임대,경북,0
2026-03,Y,지자체,공공임대,경남,0
2026-03,Y,지자체,공공임대,제주,0
2026-03,Y,지자체,공공분양,전국,0
2026-03,Y,지자체,공공분양,서울,0
2026-03,Y,지자체,공공분양,인천,0
2026-03,Y,지자체,공공분양,경기,0
2026-03,Y,지자체,공공분양,부산,0
2026-03,Y,지자체,공공분양,대구,0
2026-03,Y,지자체,공공분양,광주,0
2026-03,Y,지자체,공공분양,대전,0
2026-03,Y,지자체,공공분양,울산,0
2026-03,Y,지자체,공공분양,세종,0
2026-03,Y,지자체,공공분양,강원,0
2026-03,Y,지자체,공공분양,충북,0
2026-03,Y,지자체,공공분양,충남,0
2026-03,Y,지자체,공공분양,전북,0
2026-03,Y,지자체,공공분양,전남,0
2026-03,Y,지자체,공공분양,경북,0
2026-03,Y,지자체,공공분양,경남,0
2026-03,Y,지자체,공공분양,제주,0
2026-03,Y,LH,소계,전국,320
2026-03,Y,LH,소계,서울,0
2026-03,Y,LH,소계,인천,0
2026-03,Y,LH,소계,경기,320
2026-03,Y,LH,소계,부산,0
2026-03,Y,LH,소계,대구,0
2026-03,Y,LH,소계,광주,0
2026-03,Y,LH,소계,대전,0
2026-03,Y,LH,소계,울산,0
2026-03,Y,LH,소계,세종,0
2026-03,Y,LH,소계,강원,0
2026-03,Y,LH,소계,충북,0
2026-03,Y,LH,소계,충남,0
2026-03,Y,LH,소계,전북,0
2026-03,Y,LH,소계,전남,0
2026-03,Y,LH,소계,경북,0
2026-03,Y,LH,소계,경남,0
2026-03,Y,LH,소계,제주,0
2026-03,Y,LH,국민임대,전국,0
2026-03,Y,LH,국민임대,서울,0
2026-03,Y,LH,국민임대,인천,0
2026-03,Y,LH,국민임대,경기,0
2026-03,Y,LH,국민임대,부산,0
2026-03,Y,LH,국민임대,대구,0
2026-03,Y,LH,국민임대,광주,0
2026-03,Y,LH,국민임대,대전,0
2026-03,Y,LH,국민임대,울산,0
2026-03,Y,LH,국민임대,세종,0
2026-03,Y,LH,국민임대,강원,0
2026-03,Y,LH,국민임대,충북,0
2026-03,Y,LH,국민임대,충남,0
2026-03,Y,LH,국민임대,전북,0
2026-03,Y,LH,국민임대,전남,0
2026-03,Y,LH,국민임대,경북,0
2026-03,Y,LH,국민임대,경남,0
2026-03,Y,LH,국민임대,제주,0
2026-03,Y,LH,공공임대,전국,0
2026-03,Y,LH,공공임대,서울,0
2026-03,Y,LH,공공임대,인천,0
2026-03,Y,LH,공공임대,경기,0
2026-03,Y,LH,공공임대,부산,0
2026-03,Y,LH,공공임대,대구,0
2026-03,Y,LH,공공임대,광주,0
2026-03,Y,LH,공공임대,대전,0
2026-03,Y,LH,공공임대,울산,0
2026-03,Y,LH,공공임대,세종,0
2026-03,Y,LH,공공임대,강원,0
2026-03,Y,LH,공공임대,충북,0
2026-03,Y,LH,공공임대,충남,0
2026-03,Y,LH,공공임대,전북,0
2026-03,Y,LH,공공임대,전남,0
2026-03,Y,LH,공공임대,경북,0
2026-03,Y,LH,공공임대,경남,0
2026-03,Y,LH,공공임대,제주,0
2026-03,Y,LH,공공분양,전국,320
2026-03,Y,LH,공공분양,서울,0
2026-03,Y,LH,공공분양,인천,0
2026-03,Y,LH,공공분양,경기,320
2026-03,Y,LH,공공분양,부산,0
2026-03,Y,LH,공공분양,대구,0
2026-03,Y,LH,공공분양,광주,0
2026-03,Y,LH,공공분양,대전,0
2026-03,Y,LH,공공분양,울산,0
2026-03,Y,LH,공공분양,세종,0
2026-03,Y,LH,공공분양,강원,0
2026-03,Y,LH,공공분양,충북,0
2026-03,Y,LH,공공분양,충남,0
2026-03,Y,LH,공공분양,전북,0
2026-03,Y,LH,공공분양,전남,0
2026-03,Y,LH,공공분양,경북,0
2026-03,Y,LH,공공분양,경남,0
2026-03,Y,LH,공공분양,제주,0
2026-03,Y,주택업체,소계,전국,105
2026-03,Y,주택업체,소계,서울,105
2026-03,Y,주택업체,소계,인천,0
2026-03,Y,주택업체,소계,경기,0
2026-03,Y,주택업체,소계,부산,0
2026-03,Y,주택업체,소계,대구,0
2026-03,Y,주택업체,소계,광주,0
2026-03,Y,주택업체,소계,대전,0
2026-03,Y,주택업체,소계,울산,0
2026-03,Y,주택업체,소계,세종,0
2026-03,Y,주택업체,소계,강원,0
2026-03,Y,주택업체,소계,충북,0
2026-03,Y,주택업체,소계,충남,0
2026-03,Y,주택업체,소계,전북,0
2026-03,Y,주택업체,소계,전남,0
2026-03,Y,주택업체,소계,경북,0
2026-03,Y,주택업체,소계,경남,0
2026-03,Y,주택업체,소계,제주,0
2026-03,Y,주택업체,국민임대,전국,0
2026-03,Y,주택업체,국민임대,서울,0
2026-03,Y,주택업체,국민임대,인천,0
2026-03,Y,주택업체,국민임대,경기,0
2026-03,Y,주택업체,국민임대,부산,0
2026-03,Y,주택업체,국민임대,대구,0
2026-03,Y,주택업체,국민임대,광주,0
2026-03,Y,주택업체,국민임대,대전,0
2026-03,Y,주택업체,국민임대,울산,0
2026-03,Y,주택업체,국민임대,세종,0
2026-03,Y,주택업체,국민임대,강원,0
2026-03,Y,주택업체,국민임대,충북,0
2026-03,Y,주택업체,국민임대,충남,0
2026-03,Y,주택업체,국민임대,전북,0
2026-03,Y,주택업체,국민임대,전남,0
2026-03,Y,주택업체,국민임대,경북,0
2026-03,Y,주택업체,국민임대,경남,0
2026-03,Y,주택업체,국민임대,제주,0
2026-03,Y,주택업체,공공임대,전국,105
2026-03,Y,주택업체,공공임대,서울,105
2026-03,Y,주택업체,공공임대,인천,0
2026-03,Y,주택업체,공공임대,경기,0
2026-03,Y,주택업체,공공임대,부산,0
2026-03,Y,주택업체,공공임대,대구,0
2026-03,Y,주택업체,공공임대,광주,0
2026-03,Y,주택업체,공공임대,대전,0
2026-03,Y,주택업체,공공임대,울산,0
2026-03,Y,주택업체,공공임대,세종,0
2026-03,Y,주택업체,공공임대,강원,0
2026-03,Y,주택업체,공공임대,충북,0
2026-03,Y,주택업체,공공임대,충남,0
2026-03,Y,주택업체,공공임대,전북,0
2026-03,Y,주택업체,공공임대,전남,0
2026-03,Y,주택업체,공공임대,경북,0
2026-03,Y,주택업체,공공임대,경남,0
2026-03,Y,주택업체,공공임대,제주,0
2026-03,Y,주택업체,공공분양,전국,0
2026-03,Y,주택업체,공공분양,서울,0
2026-03,Y,주택업체,공공분양,인천,0
2026-03,Y,주택업체,공공분양,경기,0
2026-03,Y,주택업체,공공분양,부산,0
2026-03,Y,주택업체,공공분양,대구,0
2026-03,Y,주택업체,공공분양,광주,0
2026-03,Y,주택업체,공공분양,대전,0
2026-03,Y,주택업체,공공분양,울산,0
2026-03,Y,주택업체,공공분양,세종,0
2026-03,Y,주택업체,공공분양,강원,0
2026-03,Y,주택업체,공공분양,충북,0
2026-03,Y,주택업체,공공분양,충남,0
2026-03,Y,주택업체,공공분양,전북,0
2026-03,Y,주택업체,공공분양,전남,0
2026-03,Y,주택업체,공공분양,경북,0
2026-03,Y,주택업체,공공분양,경남,0
2026-03,Y,주택업체,공공분양,제주,0
2026-03,Y,민간부문,소계,전국,19362
2026-03,Y,민간부문,소계,서울,1756
2026-03,Y,민간부문,소계,인천,999
2026-03,Y,민간부문,소계,경기,7809
2026-03,Y,민간부문,소계,부산,7
2026-03,Y,민간부문,소계,대구,948
2026-03,Y,민간부문,소계,광주,3276
2026-03,Y,민간부문,소계,대전,271
2026-03,Y,민간부문,소계,울산,286
2026-03,Y,민간부문,소계,세종,23
2026-03,Y,민간부문,소계,강원,1299
2026-03,Y,민간부문,소계,충북,510
2026-03,Y,민간부문,소계,충남,1172
2026-03,Y,민간부문,소계,전북,369
2026-03,Y,민간부문,소계,전남,149
2026-03,Y,민간부문,소계,경북,230
2026-03,Y,민간부문,소계,경남,116
2026-03,Y,민간부문,소계,제주,142
2026-03,Y,민간,민간임대,전국,860
2026-03,Y,민간,민간임대,서울,0
2026-03,Y,민간,민간임대,인천,0
2026-03,Y,민간,민간임대,경기,0
2026-03,Y,민간,민간임대,부산,0
2026-03,Y,민간,민간임대,대구,446
2026-03,Y,민간,민간임대,광주,0
2026-03,Y,민간,민간임대,대전,0
2026-03,Y,민간,민간임대,울산,0
2026-03,Y,민간,민간임대,세종,0
2026-03,Y,민간,민간임대,강원,0
2026-03,Y,민간,민간임대,충북,414
2026-03,Y,민간,민간임대,충남,0
2026-03,Y,민간,민간임대,전북,0
2026-03,Y,민간,민간임대,전남,0
2026-03,Y,민간,민간임대,경북,0
2026-03,Y,민간,민간임대,경남,0
2026-03,Y,민간,민간임대,제주,0
2026-03,Y,민간,민간분양,전국,18502
2026-03,Y,민간,민간분양,서울,1756
2026-03,Y,민간,민간분양,인천,999
2026-03,Y,민간,민간분양,경기,7809
2026-03,Y,민간,민간분양,부산,7
2026-03,Y,민간,민간분양,대구,502
2026-03,Y,민간,민간분양,광주,3276
2026-03,Y,민간,민간분양,대전,271
2026-03,Y,민간,민간분양,울산,286
2026-03,Y,민간,민간분양,세종,23
2026-03,Y,민간,민간분양,강원,1299
2026-03,Y,민간,민간분양,충북,96
2026-03,Y,민간,민간분양,충남,1172
2026-03,Y,민간,민간분양,전북,369
2026-03,Y,민간,민간분양,전남,149
2026-03,Y,민간,민간분양,경북,230
2026-03,Y,민간,민간분양,경남,116
2026-03,Y,민간,민간분양,제주,142
2026-04,Y,총계,총계,전국,18039
2026-04,Y,총계,총계,서울,3816
2026-04,Y,총계,총계,인천,1340
2026-04,Y,총계,총계,경기,3568
2026-04,Y,총계,총계,부산,386
2026-04,Y,총계,총계,대구,2516
2026-04,Y,총계,총계,광주,1136
2026-04,Y,총계,총계,대전,1352
2026-04,Y,총계,총계,울산,13
2026-04,Y,총계,총계,세종,5
2026-04,Y,총계,총계,강원,140
2026-04,Y,총계,총계,충북,899
2026-04,Y,총계,총계,충남,557
2026-04,Y,총계,총계,전북,938
2026-04,Y,총계,총계,전남,558
2026-04,Y,총계,총계,경북,192
2026-04,Y,총계,총계,경남,404
2026-04,Y,총계,총계,제주,219
2026-04,Y,공공부문,소계,전국,589
2026-04,Y,공공부문,소계,서울,589
2026-04,Y,공공부문,소계,인천,0
2026-04,Y,공공부문,소계,경기,0
2026-04,Y,공공부문,소계,부산,0
2026-04,Y,공공부문,소계,대구,0
2026-04,Y,공공부문,소계,광주,0
2026-04,Y,공공부문,소계,대전,0
2026-04,Y,공공부문,소계,울산,0
2026-04,Y,공공부문,소계,세종,0
2026-04,Y,공공부문,소계,강원,0
2026-04,Y,공공부문,소계,충북,0
2026-04,Y,공공부문,소계,충남,0
2026-04,Y,공공부문,소계,전북,0
2026-04,Y,공공부문,소계,전남,0
2026-04,Y,공공부문,소계,경북,0
2026-04,Y,공공부문,소계,경남,0
2026-04,Y,공공부문,소계,제주,0
2026-04,Y,합,국민임대,전국,0
2026-04,Y,합,국민임대,서울,0
2026-04,Y,합,국민임대,인천,0
2026-04,Y,합,국민임대,경기,0
2026-04,Y,합,국민임대,부산,0
2026-04,Y,합,국민임대,대구,0
2026-04,Y,합,국민임대,광주,0
2026-04,Y,합,국민임대,대전,0
2026-04,Y,합,국민임대,울산,0
2026-04,Y,합,국민임대,세종,0
2026-04,Y,합,국민임대,강원,0
2026-04,Y,합,국민임대,충북,0
2026-04,Y,합,국민임대,충남,0
2026-04,Y,합,국민임대,전북,0
2026-04,Y,합,국민임대,전남,0
2026-04,Y,합,국민임대,경북,0
2026-04,Y,합,국민임대,경남,0
2026-04,Y,합,국민임대,제주,0
2026-04,Y,합,공공임대,전국,589
2026-04,Y,합,공공임대,서울,589
2026-04,Y,합,공공임대,인천,0
2026-04,Y,합,공공임대,경기,0
2026-04,Y,합,공공임대,부산,0
2026-04,Y,합,공공임대,대구,0
2026-04,Y,합,공공임대,광주,0
2026-04,Y,합,공공임대,대전,0
2026-04,Y,합,공공임대,울산,0
2026-04,Y,합,공공임대,세종,0
2026-04,Y,합,공공임대,강원,0
2026-04,Y,합,공공임대,충북,0
2026-04,Y,합,공공임대,충남,0
2026-04,Y,합,공공임대,전북,0
2026-04,Y,합,공공임대,전남,0
2026-04,Y,합,공공임대,경북,0
2026-04,Y,합,공공임대,경남,0
2026-04,Y,합,공공임대,제주,0
2026-04,Y,합,공공분양,전국,0
2026-04,Y,합,공공분양,서울,0
2026-04,Y,합,공공분양,인천,0
2026-04,Y,합,공공분양,경기,0
2026-04,Y,합,공공분양,부산,0
2026-04,Y,합,공공분양,대구,0
2026-04,Y,합,공공분양,광주,0
2026-04,Y,합,공공분양,대전,0
2026-04,Y,합,공공분양,울산,0
2026-04,Y,합,공공분양,세종,0
2026-04,Y,합,공공분양,강원,0
2026-04,Y,합,공공분양,충북,0
2026-04,Y,합,공공분양,충남,0
2026-04,Y,합,공공분양,전북,0
2026-04,Y,합,공공분양,전남,0
2026-04,Y,합,공공분양,경북,0
2026-04,Y,합,공공분양,경남,0
2026-04,Y,합,공공분양,제주,0
2026-04,Y,지자체,소계,전국,0
2026-04,Y,지자체,소계,서울,0
2026-04,Y,지자체,소계,인천,0
2026-04,Y,지자체,소계,경기,0
2026-04,Y,지자체,소계,부산,0
2026-04,Y,지자체,소계,대구,0
2026-04,Y,지자체,소계,광주,0
2026-04,Y,지자체,소계,대전,0
2026-04,Y,지자체,소계,울산,0
2026-04,Y,지자체,소계,세종,0
2026-04,Y,지자체,소계,강원,0
2026-04,Y,지자체,소계,충북,0
2026-04,Y,지자체,소계,충남,0
2026-04,Y,지자체,소계,전북,0
2026-04,Y,지자체,소계,전남,0
2026-04,Y,지자체,소계,경북,0
2026-04,Y,지자체,소계,경남,0
2026-04,Y,지자체,소계,제주,0
2026-04,Y,지자체,국민임대,전국,0
2026-04,Y,지자체,국민임대,서울,0
2026-04,Y,지자체,국민임대,인천,0
2026-04,Y,지자체,국민임대,경기,0
2026-04,Y,지자체,국민임대,부산,0
2026-04,Y,지자체,국민임대,대구,0
2026-04,Y,지자체,국민임대,광주,0
2026-04,Y,지자체,국민임대,대전,0
2026-04,Y,지자체,국민임대,울산,0
2026-04,Y,지자체,국민임대,세종,0
2026-04,Y,지자체,국민임대,강원,0
2026-04,Y,지자체,국민임대,충북,0
2026-04,Y,지자체,국민임대,충남,0
2026-04,Y,지자체,국민임대,전북,0
2026-04,Y,지자체,국민임대,전남,0
2026-04,Y,지자체,국민임대,경북,0
2026-04,Y,지자체,국민임대,경남,0
2026-04,Y,지자체,국민임대,제주,0
2026-04,Y,지자체,공공임대,전국,0
2026-04,Y,지자체,공공임대,서울,0
2026-04,Y,지자체,공공임대,인천,0
2026-04,Y,지자체,공공임대,경기,0
2026-04,Y,지자체,공공임대,부산,0
2026-04,Y,지자체,공공임대,대구,0
2026-04,Y,지자체,공공임대,광주,0
2026-04,Y,지자체,공공임대,대전,0
2026-04,Y,지자체,공공임대,울산,0
2026-04,Y,지자체,공공임대,세종,0
2026-04,Y,지자체,공공임대,강원,0
2026-04,Y,지자체,공공임대,충북,0
2026-04,Y,지자체,공공임대,충남,0
2026-04,Y,지자체,공공임대,전북,0
2026-04,Y,지자체,공공임대,전남,0
2026-04,Y,지자체,공공임대,경북,0
2026-04,Y,지자체,공공임대,경남,0
2026-04,Y,지자체,공공임대,제주,0
2026-04,Y,지자체,공공분양,전국,0
2026-04,Y,지자체,공공분양,서울,0
2026-04,Y,지자체,공공분양,인천,0
2026-04,Y,지자체,공공분양,경기,0
2026-04,Y,지자체,공공분양,부산,0
2026-04,Y,지자체,공공분양,대구,0
2026-04,Y,지자체,공공분양,광주,0
2026-04,Y,지자체,공공분양,대전,0
2026-04,Y,지자체,공공분양,울산,0
2026-04,Y,지자체,공공분양,세종,0
2026-04,Y,지자체,공공분양,강원,0
2026-04,Y,지자체,공공분양,충북,0
2026-04,Y,지자체,공공분양,충남,0
2026-04,Y,지자체,공공분양,전북,0
2026-04,Y,지자체,공공분양,전남,0
2026-04,Y,지자체,공공분양,경북,0
2026-04,Y,지자체,공공분양,경남,0
2026-04,Y,지자체,공공분양,제주,0
2026-04,Y,LH,소계,전국,0
2026-04,Y,LH,소계,서울,0
2026-04,Y,LH,소계,인천,0
2026-04,Y,LH,소계,경기,0
2026-04,Y,LH,소계,부산,0
2026-04,Y,LH,소계,대구,0
2026-04,Y,LH,소계,광주,0
2026-04,Y,LH,소계,대전,0
2026-04,Y,LH,소계,울산,0
2026-04,Y,LH,소계,세종,0
2026-04,Y,LH,소계,강원,0
2026-04,Y,LH,소계,충북,0
2026-04,Y,LH,소계,충남,0
2026-04,Y,LH,소계,전북,0
2026-04,Y,LH,소계,전남,0
2026-04,Y,LH,소계,경북,0
2026-04,Y,LH,소계,경남,0
2026-04,Y,LH,소계,제주,0
2026-04,Y,LH,국민임대,전국,0
2026-04,Y,LH,국민임대,서울,0
2026-04,Y,LH,국민임대,인천,0
2026-04,Y,LH,국민임대,경기,0
2026-04,Y,LH,국민임대,부산,0
2026-04,Y,LH,국민임대,대구,0
2026-04,Y,LH,국민임대,광주,0
2026-04,Y,LH,국민임대,대전,0
2026-04,Y,LH,국민임대,울산,0
2026-04,Y,LH,국민임대,세종,0
2026-04,Y,LH,국민임대,강원,0
2026-04,Y,LH,국민임대,충북,0
2026-04,Y,LH,국민임대,충남,0
2026-04,Y,LH,국민임대,전북,0
2026-04,Y,LH,국민임대,전남,0
2026-04,Y,LH,국민임대,경북,0
2026-04,Y,LH,국민임대,경남,0
2026-04,Y,LH,국민임대,제주,0
2026-04,Y,LH,공공임대,전국,0
2026-04,Y,LH,공공임대,서울,0
2026-04,Y,LH,공공임대,인천,0
2026-04,Y,LH,공공임대,경기,0
2026-04,Y,LH,공공임대,부산,0
2026-04,Y,LH,공공임대,대구,0
2026-04,Y,LH,공공임대,광주,0
2026-04,Y,LH,공공임대,대전,0
2026-04,Y,LH,공공임대,울산,0
2026-04,Y,LH,공공임대,세종,0
2026-04,Y,LH,공공임대,강원,0
2026-04,Y,LH,공공임대,충북,0
2026-04,Y,LH,공공임대,충남,0
2026-04,Y,LH,공공임대,전북,0
2026-04,Y,LH,공공임대,전남,0
2026-04,Y,LH,공공임대,경북,0
2026-04,Y,LH,공공임대,경남,0
2026-04,Y,LH,공공임대,제주,0
2026-04,Y,LH,공공분양,전국,0
2026-04,Y,LH,공공분양,서울,0
2026-04,Y,LH,공공분양,인천,0
2026-04,Y,LH,공공분양,경기,0
2026-04,Y,LH,공공분양,부산,0
2026-04,Y,LH,공공분양,대구,0
2026-04,Y,LH,공공분양,광주,0
2026-04,Y,LH,공공분양,대전,0
2026-04,Y,LH,공공분양,울산,0
2026-04,Y,LH,공공분양,세종,0
2026-04,Y,LH,공공분양,강원,0
2026-04,Y,LH,공공분양,충북,0
2026-04,Y,LH,공공분양,충남,0
2026-04,Y,LH,공공분양,전북,0
2026-04,Y,LH,공공분양,전남,0
2026-04,Y,LH,공공분양,경북,0
2026-04,Y,LH,공공분양,경남,0
2026-04,Y,LH,공공분양,제주,0
2026-04,Y,주택업체,소계,전국,589
2026-04,Y,주택업체,소계,서울,589
2026-04,Y,주택업체,소계,인천,0
2026-04,Y,주택업체,소계,경기,0
2026-04,Y,주택업체,소계,부산,0
2026-04,Y,주택업체,소계,대구,0
2026-04,Y,주택업체,소계,광주,0
2026-04,Y,주택업체,소계,대전,0
2026-04,Y,주택업체,소계,울산,0
2026-04,Y,주택업체,소계,세종,0
2026-04,Y,주택업체,소계,강원,0
2026-04,Y,주택업체,소계,충북,0
2026-04,Y,주택업체,소계,충남,0
2026-04,Y,주택업체,소계,전북,0
2026-04,Y,주택업체,소계,전남,0
2026-04,Y,주택업체,소계,경북,0
2026-04,Y,주택업체,소계,경남,0
2026-04,Y,주택업체,소계,제주,0
2026-04,Y,주택업체,국민임대,전국,0
2026-04,Y,주택업체,국민임대,서울,0
2026-04,Y,주택업체,국민임대,인천,0
2026-04,Y,주택업체,국민임대,경기,0
2026-04,Y,주택업체,국민임대,부산,0
2026-04,Y,주택업체,국민임대,대구,0
2026-04,Y,주택업체,국민임대,광주,0
2026-04,Y,주택업체,국민임대,대전,0
2026-04,Y,주택업체,국민임대,울산,0
2026-04,Y,주택업체,국민임대,세종,0
2026-04,Y,주택업체,국민임대,강원,0
2026-04,Y,주택업체,국민임대,충북,0
2026-04,Y,주택업체,국민임대,충남,0
2026-04,Y,주택업체,국민임대,전북,0
2026-04,Y,주택업체,국민임대,전남,0
2026-04,Y,주택업체,국민임대,경북,0
2026-04,Y,주택업체,국민임대,경남,0
2026-04,Y,주택업체,국민임대,제주,0
2026-04,Y,주택업체,공공임대,전국,589
2026-04,Y,주택업체,공공임대,서울,589
2026-04,Y,주택업체,공공임대,인천,0
2026-04,Y,주택업체,공공임대,경기,0
2026-04,Y,주택업체,공공임대,부산,0
2026-04,Y,주택업체,공공임대,대구,0
2026-04,Y,주택업체,공공임대,광주,0
2026-04,Y,주택업체,공공임대,대전,0
2026-04,Y,주택업체,공공임대,울산,0
2026-04,Y,주택업체,공공임대,세종,0
2026-04,Y,주택업체,공공임대,강원,0
2026-04,Y,주택업체,공공임대,충북,0
2026-04,Y,주택업체,공공임대,충남,0
2026-04,Y,주택업체,공공임대,전북,0
2026-04,Y,주택업체,공공임대,전남,0
2026-04,Y,주택업체,공공임대,경북,0
2026-04,Y,주택업체,공공임대,경남,0
2026-04,Y,주택업체,공공임대,제주,0
2026-04,Y,주택업체,공공분양,전국,0
2026-04,Y,주택업체,공공분양,서울,0
2026-04,Y,주택업체,공공분양,인천,0
2026-04,Y,주택업체,공공분양,경기,0
2026-04,Y,주택업체,공공분양,부산,0
2026-04,Y,주택업체,공공분양,대구,0
2026-04,Y,주택업체,공공분양,광주,0
2026-04,Y,주택업체,공공분양,대전,0
2026-04,Y,주택업체,공공분양,울산,0
2026-04,Y,주택업체,공공분양,세종,0
2026-04,Y,주택업체,공공분양,강원,0
2026-04,Y,주택업체,공공분양,충북,0
2026-04,Y,주택업체,공공분양,충남,0
2026-04,Y,주택업체,공공분양,전북,0
2026-04,Y,주택업체,공공분양,전남,0
2026-04,Y,주택업체,공공분양,경북,0
2026-04,Y,주택업체,공공분양,경남,0
2026-04,Y,주택업체,공공분양,제주,0
2026-04,Y,민간부문,소계,전국,17450
2026-04,Y,민간부문,소계,서울,3227
2026-04,Y,민간부문,소계,인천,1340
2026-04,Y,민간부문,소계,경기,3568
2026-04,Y,민간부문,소계,부산,386
2026-04,Y,민간부문,소계,대구,2516
2026-04,Y,민간부문,소계,광주,1136
2026-04,Y,민간부문,소계,대전,1352
2026-04,Y,민간부문,소계,울산,13
2026-04,Y,민간부문,소계,세종,5
2026-04,Y,민간부문,소계,강원,140
2026-04,Y,민간부문,소계,충북,899
2026-04,Y,민간부문,소계,충남,557
2026-04,Y,민간부문,소계,전북,938
2026-04,Y,민간부문,소계,전남,558
2026-04,Y,민간부문,소계,경북,192
2026-04,Y,민간부문,소계,경남,404
2026-04,Y,민간부문,소계,제주,219
2026-04,Y,민간,민간임대,전국,4521
2026-04,Y,민간,민간임대,서울,1875
2026-04,Y,민간,민간임대,인천,0
2026-04,Y,민간,민간임대,경기,1816
2026-04,Y,민간,민간임대,부산,0
2026-04,Y,민간,민간임대,대구,0
2026-04,Y,민간,민간임대,광주,0
2026-04,Y,민간,민간임대,대전,0
2026-04,Y,민간,민간임대,울산,0
2026-04,Y,민간,민간임대,세종,0
2026-04,Y,민간,민간임대,강원,0
2026-04,Y,민간,민간임대,충북,0
2026-04,Y,민간,민간임대,충남,411
2026-04,Y,민간,민간임대,전북,0
2026-04,Y,민간,민간임대,전남,419
2026-04,Y,민간,민간임대,경북,0
2026-04,Y,민간,민간임대,경남,0
2026-04,Y,민간,민간임대,제주,0
2026-04,Y,민간,민간분양,전국,12929
2026-04,Y,민간,민간분양,서울,1352
2026-04,Y,민간,민간분양,인천,1340
2026-04,Y,민간,민간분양,경기,1752
2026-04,Y,민간,민간분양,부산,386
2026-04,Y,민간,민간분양,대구,2516
2026-04,Y,민간,민간분양,광주,1136
2026-04,Y,민간,민간분양,대전,1352
2026-04,Y,민간,민간분양,울산,13
2026-04,Y,민간,민간분양,세종,5
2026-04,Y,민간,민간분양,강원,140
2026-04,Y,민간,민간분양,충북,899
2026-04,Y,민간,민간분양,충남,146
2026-04,Y,민간,민간분양,전북,938
2026-04,Y,민간,민간분양,전남,139
2026-04,Y,민간,민간분양,경북,192
2026-04,Y,민간,민간분양,경남,404
2026-04,Y,민간,민간분양,제주,219
2026-05,Y,총계,총계,전국,12913
2026-05,Y,총계,총계,서울,1914
2026-05,Y,총계,총계,인천,446
2026-05,Y,총계,총계,경기,2949
2026-05,Y,총계,총계,부산,492
2026-05,Y,총계,총계,대구,19
2026-05,Y,총계,총계,광주,40
2026-05,Y,총계,총계,대전,504
2026-05,Y,총계,총계,울산,11
2026-05,Y,총계,총계,세종,6
2026-05,Y,총계,총계,강원,139
2026-05,Y,총계,총계,충북,1049
2026-05,Y,총계,총계,충남,162
2026-05,Y,총계,총계,전북,65
2026-05,Y,총계,총계,전남,304
2026-05,Y,총계,총계,경북,3182
2026-05,Y,총계,총계,경남,1477
2026-05,Y,총계,총계,제주,154
2026-05,Y,공공부문,소계,전국,2192
2026-05,Y,공공부문,소계,서울,138
2026-05,Y,공공부문,소계,인천,400
2026-05,Y,공공부문,소계,경기,1474
2026-05,Y,공공부문,소계,부산,0
2026-05,Y,공공부문,소계,대구,0
2026-05,Y,공공부문,소계,광주,0
2026-05,Y,공공부문,소계,대전,100
2026-05,Y,공공부문,소계,울산,0
2026-05,Y,공공부문,소계,세종,0
2026-05,Y,공공부문,소계,강원,0
2026-05,Y,공공부문,소계,충북,80
2026-05,Y,공공부문,소계,충남,0
2026-05,Y,공공부문,소계,전북,0
2026-05,Y,공공부문,소계,전남,0
2026-05,Y,공공부문,소계,경북,0
2026-05,Y,공공부문,소계,경남,0
2026-05,Y,공공부문,소계,제주,0
2026-05,Y,합,국민임대,전국,1486
2026-05,Y,합,국민임대,서울,12
2026-05,Y,합,국민임대,인천,0
2026-05,Y,합,국민임대,경기,1474
2026-05,Y,합,국민임대,부산,0
2026-05,Y,합,국민임대,대구,0
2026-05,Y,합,국민임대,광주,0
2026-05,Y,합,국민임대,대전,0
2026-05,Y,합,국민임대,울산,0
2026-05,Y,합,국민임대,세종,0
2026-05,Y,합,국민임대,강원,0
2026-05,Y,합,국민임대,충북,0
2026-05,Y,합,국민임대,충남,0
2026-05,Y,합,국민임대,전북,0
2026-05,Y,합,국민임대,전남,0
2026-05,Y,합,국민임대,경북,0
2026-05,Y,합,국민임대,경남,0
2026-05,Y,합,국민임대,제주,0
2026-05,Y,합,공공임대,전국,706
2026-05,Y,합,공공임대,서울,126
2026-05,Y,합,공공임대,인천,400
2026-05,Y,합,공공임대,경기,0
2026-05,Y,합,공공임대,부산,0
2026-05,Y,합,공공임대,대구,0
2026-05,Y,합,공공임대,광주,0
2026-05,Y,합,공공임대,대전,100
2026-05,Y,합,공공임대,울산,0
2026-05,Y,합,공공임대,세종,0
2026-05,Y,합,공공임대,강원,0
2026-05,Y,합,공공임대,충북,80
2026-05,Y,합,공공임대,충남,0
2026-05,Y,합,공공임대,전북,0
2026-05,Y,합,공공임대,전남,0
2026-05,Y,합,공공임대,경북,0
2026-05,Y,합,공공임대,경남,0
2026-05,Y,합,공공임대,제주,0
2026-05,Y,합,공공분양,전국,0
2026-05,Y,합,공공분양,서울,0
2026-05,Y,합,공공분양,인천,0
2026-05,Y,합,공공분양,경기,0
2026-05,Y,합,공공분양,부산,0
2026-05,Y,합,공공분양,대구,0
2026-05,Y,합,공공분양,광주,0
2026-05,Y,합,공공분양,대전,0
2026-05,Y,합,공공분양,울산,0
2026-05,Y,합,공공분양,세종,0
2026-05,Y,합,공공분양,강원,0
2026-05,Y,합,공공분양,충북,0
2026-05,Y,합,공공분양,충남,0
2026-05,Y,합,공공분양,전북,0
2026-05,Y,합,공공분양,전남,0
2026-05,Y,합,공공분양,경북,0
2026-05,Y,합,공공분양,경남,0
2026-05,Y,합,공공분양,제주,0
2026-05,Y,지자체,소계,전국,12
2026-05,Y,지자체,소계,서울,12
2026-05,Y,지자체,소계,인천,0
2026-05,Y,지자체,소계,경기,0
2026-05,Y,지자체,소계,부산,0
2026-05,Y,지자체,소계,대구,0
2026-05,Y,지자체,소계,광주,0
2026-05,Y,지자체,소계,대전,0
2026-05,Y,지자체,소계,울산,0
2026-05,Y,지자체,소계,세종,0
2026-05,Y,지자체,소계,강원,0
2026-05,Y,지자체,소계,충북,0
2026-05,Y,지자체,소계,충남,0
2026-05,Y,지자체,소계,전북,0
2026-05,Y,지자체,소계,전남,0
2026-05,Y,지자체,소계,경북,0
2026-05,Y,지자체,소계,경남,0
2026-05,Y,지자체,소계,제주,0
2026-05,Y,지자체,국민임대,전국,12
2026-05,Y,지자체,국민임대,서울,12
2026-05,Y,지자체,국민임대,인천,0
2026-05,Y,지자체,국민임대,경기,0
2026-05,Y,지자체,국민임대,부산,0
2026-05,Y,지자체,국민임대,대구,0
2026-05,Y,지자체,국민임대,광주,0
2026-05,Y,지자체,국민임대,대전,0
2026-05,Y,지자체,국민임대,울산,0
2026-05,Y,지자체,국민임대,세종,0
2026-05,Y,지자체,국민임대,강원,0
2026-05,Y,지자체,국민임대,충북,0
2026-05,Y,지자체,국민임대,충남,0
2026-05,Y,지자체,국민임대,전북,0
2026-05,Y,지자체,국민임대,전남,0
2026-05,Y,지자체,국민임대,경북,0
2026-05,Y,지자체,국민임대,경남,0
2026-05,Y,지자체,국민임대,제주,0
2026-05,Y,지자체,공공임대,전국,0
2026-05,Y,지자체,공공임대,서울,0
2026-05,Y,지자체,공공임대,인천,0
2026-05,Y,지자체,공공임대,경기,0
2026-05,Y,지자체,공공임대,부산,0
2026-05,Y,지자체,공공임대,대구,0
2026-05,Y,지자체,공공임대,광주,0
2026-05,Y,지자체,공공임대,대전,0
2026-05,Y,지자체,공공임대,울산,0
2026-05,Y,지자체,공공임대,세종,0
2026-05,Y,지자체,공공임대,강원,0
2026-05,Y,지자체,공공임대,충북,0
2026-05,Y,지자체,공공임대,충남,0
2026-05,Y,지자체,공공임대,전북,0
2026-05,Y,지자체,공공임대,전남,0
2026-05,Y,지자체,공공임대,경북,0
2026-05,Y,지자체,공공임대,경남,0
2026-05,Y,지자체,공공임대,제주,0
2026-05,Y,지자체,공공분양,전국,0
2026-05,Y,지자체,공공분양,서울,0
2026-05,Y,지자체,공공분양,인천,0
2026-05,Y,지자체,공공분양,경기,0
2026-05,Y,지자체,공공분양,부산,0
2026-05,Y,지자체,공공분양,대구,0
2026-05,Y,지자체,공공분양,광주,0
2026-05,Y,지자체,공공분양,대전,0
2026-05,Y,지자체,공공분양,울산,0
2026-05,Y,지자체,공공분양,세종,0
2026-05,Y,지자체,공공분양,강원,0
2026-05,Y,지자체,공공분양,충북,0
2026-05,Y,지자체,공공분양,충남,0
2026-05,Y,지자체,공공분양,전북,0
2026-05,Y,지자체,공공분양,전남,0
2026-05,Y,지자체,공공분양,경북,0
2026-05,Y,지자체,공공분양,경남,0
2026-05,Y,지자체,공공분양,제주,0
2026-05,Y,LH,소계,전국,2054
2026-05,Y,LH,소계,서울,0
2026-05,Y,LH,소계,인천,400
2026-05,Y,LH,소계,경기,1474
2026-05,Y,LH,소계,부산,0
2026-05,Y,LH,소계,대구,0
2026-05,Y,LH,소계,광주,0
2026-05,Y,LH,소계,대전,100
2026-05,Y,LH,소계,울산,0
2026-05,Y,LH,소계,세종,0
2026-05,Y,LH,소계,강원,0
2026-05,Y,LH,소계,충북,80
2026-05,Y,LH,소계,충남,0
2026-05,Y,LH,소계,전북,0
2026-05,Y,LH,소계,전남,0
2026-05,Y,LH,소계,경북,0
2026-05,Y,LH,소계,경남,0
2026-05,Y,LH,소계,제주,0
2026-05,Y,LH,국민임대,전국,1474
2026-05,Y,LH,국민임대,서울,0
2026-05,Y,LH,국민임대,인천,0
2026-05,Y,LH,국민임대,경기,1474
2026-05,Y,LH,국민임대,부산,0
2026-05,Y,LH,국민임대,대구,0
2026-05,Y,LH,국민임대,광주,0
2026-05,Y,LH,국민임대,대전,0
2026-05,Y,LH,국민임대,울산,0
2026-05,Y,LH,국민임대,세종,0
2026-05,Y,LH,국민임대,강원,0
2026-05,Y,LH,국민임대,충북,0
2026-05,Y,LH,국민임대,충남,0
2026-05,Y,LH,국민임대,전북,0
2026-05,Y,LH,국민임대,전남,0
2026-05,Y,LH,국민임대,경북,0
2026-05,Y,LH,국민임대,경남,0
2026-05,Y,LH,국민임대,제주,0
2026-05,Y,LH,공공임대,전국,580
2026-05,Y,LH,공공임대,서울,0
2026-05,Y,LH,공공임대,인천,400
2026-05,Y,LH,공공임대,경기,0
2026-05,Y,LH,공공임대,부산,0
2026-05,Y,LH,공공임대,대구,0
2026-05,Y,LH,공공임대,광주,0
2026-05,Y,LH,공공임대,대전,100
2026-05,Y,LH,공공임대,울산,0
2026-05,Y,LH,공공임대,세종,0
2026-05,Y,LH,공공임대,강원,0
2026-05,Y,LH,공공임대,충북,80
2026-05,Y,LH,공공임대,충남,0
2026-05,Y,LH,공공임대,전북,0
2026-05,Y,LH,공공임대,전남,0
2026-05,Y,LH,공공임대,경북,0
2026-05,Y,LH,공공임대,경남,0
2026-05,Y,LH,공공임대,제주,0
2026-05,Y,LH,공공분양,전국,0
2026-05,Y,LH,공공분양,서울,0
2026-05,Y,LH,공공분양,인천,0
2026-05,Y,LH,공공분양,경기,0
2026-05,Y,LH,공공분양,부산,0
2026-05,Y,LH,공공분양,대구,0
2026-05,Y,LH,공공분양,광주,0
2026-05,Y,LH,공공분양,대전,0
2026-05,Y,LH,공공분양,울산,0
2026-05,Y,LH,공공분양,세종,0
2026-05,Y,LH,공공분양,강원,0
2026-05,Y,LH,공공분양,충북,0
2026-05,Y,LH,공공분양,충남,0
2026-05,Y,LH,공공분양,전북,0
2026-05,Y,LH,공공분양,전남,0
2026-05,Y,LH,공공분양,경북,0
2026-05,Y,LH,공공분양,경남,0
2026-05,Y,LH,공공분양,제주,0
2026-05,Y,주택업체,소계,전국,126
2026-05,Y,주택업체,소계,서울,126
2026-05,Y,주택업체,소계,인천,0
2026-05,Y,주택업체,소계,경기,0
2026-05,Y,주택업체,소계,부산,0
2026-05,Y,주택업체,소계,대구,0
2026-05,Y,주택업체,소계,광주,0
2026-05,Y,주택업체,소계,대전,0
2026-05,Y,주택업체,소계,울산,0
2026-05,Y,주택업체,소계,세종,0
2026-05,Y,주택업체,소계,강원,0
2026-05,Y,주택업체,소계,충북,0
2026-05,Y,주택업체,소계,충남,0
2026-05,Y,주택업체,소계,전북,0
2026-05,Y,주택업체,소계,전남,0
2026-05,Y,주택업체,소계,경북,0
2026-05,Y,주택업체,소계,경남,0
2026-05,Y,주택업체,소계,제주,0
2026-05,Y,주택업체,국민임대,전국,0
2026-05,Y,주택업체,국민임대,서울,0
2026-05,Y,주택업체,국민임대,인천,0
2026-05,Y,주택업체,국민임대,경기,0
2026-05,Y,주택업체,국민임대,부산,0
2026-05,Y,주택업체,국민임대,대구,0
2026-05,Y,주택업체,국민임대,광주,0
2026-05,Y,주택업체,국민임대,대전,0
2026-05,Y,주택업체,국민임대,울산,0
2026-05,Y,주택업체,국민임대,세종,0
2026-05,Y,주택업체,국민임대,강원,0
2026-05,Y,주택업체,국민임대,충북,0
2026-05,Y,주택업체,국민임대,충남,0
2026-05,Y,주택업체,국민임대,전북,0
2026-05,Y,주택업체,국민임대,전남,0
2026-05,Y,주택업체,국민임대,경북,0
2026-05,Y,주택업체,국민임대,경남,0
2026-05,Y,주택업체,국민임대,제주,0
2026-05,Y,주택업체,공공임대,전국,126
2026-05,Y,주택업체,공공임대,서울,126
2026-05,Y,주택업체,공공임대,인천,0
2026-05,Y,주택업체,공공임대,경기,0
2026-05,Y,주택업체,공공임대,부산,0
2026-05,Y,주택업체,공공임대,대구,0
2026-05,Y,주택업체,공공임대,광주,0
2026-05,Y,주택업체,공공임대,대전,0
2026-05,Y,주택업체,공공임대,울산,0
2026-05,Y,주택업체,공공임대,세종,0
2026-05,Y,주택업체,공공임대,강원,0
2026-05,Y,주택업체,공공임대,충북,0
2026-05,Y,주택업체,공공임대,충남,0
2026-05,Y,주택업체,공공임대,전북,0
2026-05,Y,주택업체,공공임대,전남,0
2026-05,Y,주택업체,공공임대,경북,0
2026-05,Y,주택업체,공공임대,경남,0
2026-05,Y,주택업체,공공임대,제주,0
2026-05,Y,주택업체,공공분양,전국,0
2026-05,Y,주택업체,공공분양,서울,0
2026-05,Y,주택업체,공공분양,인천,0
2026-05,Y,주택업체,공공분양,경기,0
2026-05,Y,주택업체,공공분양,부산,0
2026-05,Y,주택업체,공공분양,대구,0
2026-05,Y,주택업체,공공분양,광주,0
2026-05,Y,주택업체,공공분양,대전,0
2026-05,Y,주택업체,공공분양,울산,0
2026-05,Y,주택업체,공공분양,세종,0
2026-05,Y,주택업체,공공분양,강원,0
2026-05,Y,주택업체,공공분양,충북,0
2026-05,Y,주택업체,공공분양,충남,0
2026-05,Y,주택업체,공공분양,전북,0
2026-05,Y,주택업체,공공분양,전남,0
2026-05,Y,주택업체,공공분양,경북,0
2026-05,Y,주택업체,공공분양,경남,0
2026-05,Y,주택업체,공공분양,제주,0
2026-05,Y,민간부문,소계,전국,10721
2026-05,Y,민간부문,소계,서울,1776
2026-05,Y,민간부문,소계,인천,46
2026-05,Y,민간부문,소계,경기,1475
2026-05,Y,민간부문,소계,부산,492
2026-05,Y,민간부문,소계,대구,19
2026-05,Y,민간부문,소계,광주,40
2026-05,Y,민간부문,소계,대전,404
2026-05,Y,민간부문,소계,울산,11
2026-05,Y,민간부문,소계,세종,6
2026-05,Y,민간부문,소계,강원,139
2026-05,Y,민간부문,소계,충북,969
2026-05,Y,민간부문,소계,충남,162
2026-05,Y,민간부문,소계,전북,65
2026-05,Y,민간부문,소계,전남,304
2026-05,Y,민간부문,소계,경북,3182
2026-05,Y,민간부문,소계,경남,1477
2026-05,Y,민간부문,소계,제주,154
2026-05,Y,민간,민간임대,전국,622
2026-05,Y,민간,민간임대,서울,0
2026-05,Y,민간,민간임대,인천,0
2026-05,Y,민간,민간임대,경기,552
2026-05,Y,민간,민간임대,부산,0
2026-05,Y,민간,민간임대,대구,0
2026-05,Y,민간,민간임대,광주,0
2026-05,Y,민간,민간임대,대전,0
2026-05,Y,민간,민간임대,울산,0
2026-05,Y,민간,민간임대,세종,0
2026-05,Y,민간,민간임대,강원,0
2026-05,Y,민간,민간임대,충북,0
2026-05,Y,민간,민간임대,충남,70
2026-05,Y,민간,민간임대,전북,0
2026-05,Y,민간,민간임대,전남,0
2026-05,Y,민간,민간임대,경북,0
2026-05,Y,민간,민간임대,경남,0
2026-05,Y,민간,민간임대,제주,0
2026-05,Y,민간,민간분양,전국,10099
2026-05,Y,민간,민간분양,서울,1776
2026-05,Y,민간,민간분양,인천,46
2026-05,Y,민간,민간분양,경기,923
2026-05,Y,민간,민간분양,부산,492
2026-05,Y,민간,민간분양,대구,19
2026-05,Y,민간,민간분양,광주,40
2026-05,Y,민간,민간분양,대전,404
2026-05,Y,민간,민간분양,울산,11
2026-05,Y,민간,민간분양,세종,6
2026-05,Y,민간,민간분양,강원,139
2026-05,Y,민간,민간분양,충북,969
2026-05,Y,민간,민간분양,충남,92
2026-05,Y,민간,민간분양,전북,65
2026-05,Y,민간,민간분양,전남,304
2026-05,Y,민간,민간분양,경북,3182
2026-05,Y,민간,민간분양,경남,1477
2026-05,Y,민간,민간분양,제주,154
2026-06,Y,총계,총계,전국,15592
2026-06,Y,총계,총계,서울,2049
2026-06,Y,총계,총계,인천,2154
2026-06,Y,총계,총계,경기,6329
2026-06,Y,총계,총계,부산,2681
2026-06,Y,총계,총계,대구,792
2026-06,Y,총계,총계,광주,4
2026-06,Y,총계,총계,대전,5
2026-06,Y,총계,총계,울산,352
2026-06,Y,총계,총계,세종,45
2026-06,Y,총계,총계,강원,140
2026-06,Y,총계,총계,충북,94
2026-06,Y,총계,총계,충남,177
2026-06,Y,총계,총계,전북,81
2026-06,Y,총계,총계,전남,137
2026-06,Y,총계,총계,경북,194
2026-06,Y,총계,총계,경남,293
2026-06,Y,총계,총계,제주,65
2026-06,Y,공공부문,소계,전국,2302
2026-06,Y,공공부문,소계,서울,613
2026-06,Y,공공부문,소계,인천,1458
2026-06,Y,공공부문,소계,경기,81
2026-06,Y,공공부문,소계,부산,0
2026-06,Y,공공부문,소계,대구,0
2026-06,Y,공공부문,소계,광주,0
2026-06,Y,공공부문,소계,대전,0
2026-06,Y,공공부문,소계,울산,0
2026-06,Y,공공부문,소계,세종,0
2026-06,Y,공공부문,소계,강원,0
2026-06,Y,공공부문,소계,충북,0
2026-06,Y,공공부문,소계,충남,0
2026-06,Y,공공부문,소계,전북,0
2026-06,Y,공공부문,소계,전남,0
2026-06,Y,공공부문,소계,경북,0
2026-06,Y,공공부문,소계,경남,150
2026-06,Y,공공부문,소계,제주,0
2026-06,Y,합,국민임대,전국,186
2026-06,Y,합,국민임대,서울,36
2026-06,Y,합,국민임대,인천,0
2026-06,Y,합,국민임대,경기,0
2026-06,Y,합,국민임대,부산,0
2026-06,Y,합,국민임대,대구,0
2026-06,Y,합,국민임대,광주,0
2026-06,Y,합,국민임대,대전,0
2026-06,Y,합,국민임대,울산,0
2026-06,Y,합,국민임대,세종,0
2026-06,Y,합,국민임대,강원,0
2026-06,Y,합,국민임대,충북,0
2026-06,Y,합,국민임대,충남,0
2026-06,Y,합,국민임대,전북,0
2026-06,Y,합,국민임대,전남,0
2026-06,Y,합,국민임대,경북,0
2026-06,Y,합,국민임대,경남,150
2026-06,Y,합,국민임대,제주,0
2026-06,Y,합,공공임대,전국,277
2026-06,Y,합,공공임대,서울,196
2026-06,Y,합,공공임대,인천,0
2026-06,Y,합,공공임대,경기,81
2026-06,Y,합,공공임대,부산,0
2026-06,Y,합,공공임대,대구,0
2026-06,Y,합,공공임대,광주,0
2026-06,Y,합,공공임대,대전,0
2026-06,Y,합,공공임대,울산,0
2026-06,Y,합,공공임대,세종,0
2026-06,Y,합,공공임대,강원,0
2026-06,Y,합,공공임대,충북,0
2026-06,Y,합,공공임대,충남,0
2026-06,Y,합,공공임대,전북,0
2026-06,Y,합,공공임대,전남,0
2026-06,Y,합,공공임대,경북,0
2026-06,Y,합,공공임대,경남,0
2026-06,Y,합,공공임대,제주,0
2026-06,Y,합,공공분양,전국,1839
2026-06,Y,합,공공분양,서울,381
2026-06,Y,합,공공분양,인천,1458
2026-06,Y,합,공공분양,경기,0
2026-06,Y,합,공공분양,부산,0
2026-06,Y,합,공공분양,대구,0
2026-06,Y,합,공공분양,광주,0
2026-06,Y,합,공공분양,대전,0
2026-06,Y,합,공공분양,울산,0
2026-06,Y,합,공공분양,세종,0
2026-06,Y,합,공공분양,강원,0
2026-06,Y,합,공공분양,충북,0
2026-06,Y,합,공공분양,충남,0
2026-06,Y,합,공공분양,전북,0
2026-06,Y,합,공공분양,전남,0
2026-06,Y,합,공공분양,경북,0
2026-06,Y,합,공공분양,경남,0
2026-06,Y,합,공공분양,제주,0
2026-06,Y,지자체,소계,전국,2071
2026-06,Y,지자체,소계,서울,613
2026-06,Y,지자체,소계,인천,1458
2026-06,Y,지자체,소계,경기,0
2026-06,Y,지자체,소계,부산,0
2026-06,Y,지자체,소계,대구,0
2026-06,Y,지자체,소계,광주,0
2026-06,Y,지자체,소계,대전,0
2026-06,Y,지자체,소계,울산,0
2026-06,Y,지자체,소계,세종,0
2026-06,Y,지자체,소계,강원,0
2026-06,Y,지자체,소계,충북,0
2026-06,Y,지자체,소계,충남,0
2026-06,Y,지자체,소계,전북,0
2026-06,Y,지자체,소계,전남,0
2026-06,Y,지자체,소계,경북,0
2026-06,Y,지자체,소계,경남,0
2026-06,Y,지자체,소계,제주,0
2026-06,Y,지자체,국민임대,전국,36
2026-06,Y,지자체,국민임대,서울,36
2026-06,Y,지자체,국민임대,인천,0
2026-06,Y,지자체,국민임대,경기,0
2026-06,Y,지자체,국민임대,부산,0
2026-06,Y,지자체,국민임대,대구,0
2026-06,Y,지자체,국민임대,광주,0
2026-06,Y,지자체,국민임대,대전,0
2026-06,Y,지자체,국민임대,울산,0
2026-06,Y,지자체,국민임대,세종,0
2026-06,Y,지자체,국민임대,강원,0
2026-06,Y,지자체,국민임대,충북,0
2026-06,Y,지자체,국민임대,충남,0
2026-06,Y,지자체,국민임대,전북,0
2026-06,Y,지자체,국민임대,전남,0
2026-06,Y,지자체,국민임대,경북,0
2026-06,Y,지자체,국민임대,경남,0
2026-06,Y,지자체,국민임대,제주,0
2026-06,Y,지자체,공공임대,전국,196
2026-06,Y,지자체,공공임대,서울,196
2026-06,Y,지자체,공공임대,인천,0
2026-06,Y,지자체,공공임대,경기,0
2026-06,Y,지자체,공공임대,부산,0
2026-06,Y,지자체,공공임대,대구,0
2026-06,Y,지자체,공공임대,광주,0
2026-06,Y,지자체,공공임대,대전,0
2026-06,Y,지자체,공공임대,울산,0
2026-06,Y,지자체,공공임대,세종,0
2026-06,Y,지자체,공공임대,강원,0
2026-06,Y,지자체,공공임대,충북,0
2026-06,Y,지자체,공공임대,충남,0
2026-06,Y,지자체,공공임대,전북,0
2026-06,Y,지자체,공공임대,전남,0
2026-06,Y,지자체,공공임대,경북,0
2026-06,Y,지자체,공공임대,경남,0
2026-06,Y,지자체,공공임대,제주,0
2026-06,Y,지자체,공공분양,전국,1839
2026-06,Y,지자체,공공분양,서울,381
2026-06,Y,지자체,공공분양,인천,1458
2026-06,Y,지자체,공공분양,경기,0
2026-06,Y,지자체,공공분양,부산,0
2026-06,Y,지자체,공공분양,대구,0
2026-06,Y,지자체,공공분양,광주,0
2026-06,Y,지자체,공공분양,대전,0
2026-06,Y,지자체,공공분양,울산,0
2026-06,Y,지자체,공공분양,세종,0
2026-06,Y,지자체,공공분양,강원,0
2026-06,Y,지자체,공공분양,충북,0
2026-06,Y,지자체,공공분양,충남,0
2026-06,Y,지자체,공공분양,전북,0
2026-06,Y,지자체,공공분양,전남,0
2026-06,Y,지자체,공공분양,경북,0
2026-06,Y,지자체,공공분양,경남,0
2026-06,Y,지자체,공공분양,제주,0
2026-06,Y,LH,소계,전국,150
2026-06,Y,LH,소계,서울,0
2026-06,Y,LH,소계,인천,0
2026-06,Y,LH,소계,경기,0
2026-06,Y,LH,소계,부산,0
2026-06,Y,LH,소계,대구,0
2026-06,Y,LH,소계,광주,0
2026-06,Y,LH,소계,대전,0
2026-06,Y,LH,소계,울산,0
2026-06,Y,LH,소계,세종,0
2026-06,Y,LH,소계,강원,0
2026-06,Y,LH,소계,충북,0
2026-06,Y,LH,소계,충남,0
2026-06,Y,LH,소계,전북,0
2026-06,Y,LH,소계,전남,0
2026-06,Y,LH,소계,경북,0
2026-06,Y,LH,소계,경남,150
2026-06,Y,LH,소계,제주,0
2026-06,Y,LH,국민임대,전국,150
2026-06,Y,LH,국민임대,서울,0
2026-06,Y,LH,국민임대,인천,0
2026-06,Y,LH,국민임대,경기,0
2026-06,Y,LH,국민임대,부산,0
2026-06,Y,LH,국민임대,대구,0
2026-06,Y,LH,국민임대,광주,0
2026-06,Y,LH,국민임대,대전,0
2026-06,Y,LH,국민임대,울산,0
2026-06,Y,LH,국민임대,세종,0
2026-06,Y,LH,국민임대,강원,0
2026-06,Y,LH,국민임대,충북,0
2026-06,Y,LH,국민임대,충남,0
2026-06,Y,LH,국민임대,전북,0
2026-06,Y,LH,국민임대,전남,0
2026-06,Y,LH,국민임대,경북,0
2026-06,Y,LH,국민임대,경남,150
2026-06,Y,LH,국민임대,제주,0
2026-06,Y,LH,공공임대,전국,0
2026-06,Y,LH,공공임대,서울,0
2026-06,Y,LH,공공임대,인천,0
2026-06,Y,LH,공공임대,경기,0
2026-06,Y,LH,공공임대,부산,0
2026-06,Y,LH,공공임대,대구,0
2026-06,Y,LH,공공임대,광주,0
2026-06,Y,LH,공공임대,대전,0
2026-06,Y,LH,공공임대,울산,0
2026-06,Y,LH,공공임대,세종,0
2026-06,Y,LH,공공임대,강원,0
2026-06,Y,LH,공공임대,충북,0
2026-06,Y,LH,공공임대,충남,0
2026-06,Y,LH,공공임대,전북,0
2026-06,Y,LH,공공임대,전남,0
2026-06,Y,LH,공공임대,경북,0
2026-06,Y,LH,공공임대,경남,0
2026-06,Y,LH,공공임대,제주,0
2026-06,Y,LH,공공분양,전국,0
2026-06,Y,LH,공공분양,서울,0
2026-06,Y,LH,공공분양,인천,0
2026-06,Y,LH,공공분양,경기,0
2026-06,Y,LH,공공분양,부산,0
2026-06,Y,LH,공공분양,대구,0
2026-06,Y,LH,공공분양,광주,0
2026-06,Y,LH,공공분양,대전,0
2026-06,Y,LH,공공분양,울산,0
2026-06,Y,LH,공공분양,세종,0
2026-06,Y,LH,공공분양,강원,0
2026-06,Y,LH,공공분양,충북,0
2026-06,Y,LH,공공분양,충남,0
2026-06,Y,LH,공공분양,전북,0
2026-06,Y,LH,공공분양,전남,0
2026-06,Y,LH,공공분양,경북,0
2026-06,Y,LH,공공분양,경남,0
2026-06,Y,LH,공공분양,제주,0
2026-06,Y,주택업체,소계,전국,81
2026-06,Y,주택업체,소계,서울,0
2026-06,Y,주택업체,소계,인천,0
2026-06,Y,주택업체,소계,경기,81
2026-06,Y,주택업체,소계,부산,0
2026-06,Y,주택업체,소계,대구,0
2026-06,Y,주택업체,소계,광주,0
2026-06,Y,주택업체,소계,대전,0
2026-06,Y,주택업체,소계,울산,0
2026-06,Y,주택업체,소계,세종,0
2026-06,Y,주택업체,소계,강원,0
2026-06,Y,주택업체,소계,충북,0
2026-06,Y,주택업체,소계,충남,0
2026-06,Y,주택업체,소계,전북,0
2026-06,Y,주택업체,소계,전남,0
2026-06,Y,주택업체,소계,경북,0
2026-06,Y,주택업체,소계,경남,0
2026-06,Y,주택업체,소계,제주,0
2026-06,Y,주택업체,국민임대,전국,0
2026-06,Y,주택업체,국민임대,서울,0
2026-06,Y,주택업체,국민임대,인천,0
2026-06,Y,주택업체,국민임대,경기,0
2026-06,Y,주택업체,국민임대,부산,0
2026-06,Y,주택업체,국민임대,대구,0
2026-06,Y,주택업체,국민임대,광주,0
2026-06,Y,주택업체,국민임대,대전,0
2026-06,Y,주택업체,국민임대,울산,0
2026-06,Y,주택업체,국민임대,세종,0
2026-06,Y,주택업체,국민임대,강원,0
2026-06,Y,주택업체,국민임대,충북,0
2026-06,Y,주택업체,국민임대,충남,0
2026-06,Y,주택업체,국민임대,전북,0
2026-06,Y,주택업체,국민임대,전남,0
2026-06,Y,주택업체,국민임대,경북,0
2026-06,Y,주택업체,국민임대,경남,0
2026-06,Y,주택업체,국민임대,제주,0
2026-06,Y,주택업체,공공임대,전국,81
2026-06,Y,주택업체,공공임대,서울,0
2026-06,Y,주택업체,공공임대,인천,0
2026-06,Y,주택업체,공공임대,경기,81
2026-06,Y,주택업체,공공임대,부산,0
2026-06,Y,주택업체,공공임대,대구,0
2026-06,Y,주택업체,공공임대,광주,0
2026-06,Y,주택업체,공공임대,대전,0
2026-06,Y,주택업체,공공임대,울산,0
2026-06,Y,주택업체,공공임대,세종,0
2026-06,Y,주택업체,공공임대,강원,0
2026-06,Y,주택업체,공공임대,충북,0
2026-06,Y,주택업체,공공임대,충남,0
2026-06,Y,주택업체,공공임대,전북,0
2026-06,Y,주택업체,공공임대,전남,0
2026-06,Y,주택업체,공공임대,경북,0
2026-06,Y,주택업체,공공임대,경남,0
2026-06,Y,주택업체,공공임대,제주,0
2026-06,Y,주택업체,공공분양,전국,0
2026-06,Y,주택업체,공공분양,서울,0
2026-06,Y,주택업체,공공분양,인천,0
2026-06,Y,주택업체,공공분양,경기,0
2026-06,Y,주택업체,공공분양,부산,0
2026-06,Y,주택업체,공공분양,대구,0
2026-06,Y,주택업체,공공분양,광주,0
2026-06,Y,주택업체,공공분양,대전,0
2026-06,Y,주택업체,공공분양,울산,0
2026-06,Y,주택업체,공공분양,세종,0
2026-06,Y,주택업체,공공분양,강원,0
2026-06,Y,주택업체,공공분양,충북,0
2026-06,Y,주택업체,공공분양,충남,0
2026-06,Y,주택업체,공공분양,전북,0
2026-06,Y,주택업체,공공분양,전남,0
2026-06,Y,주택업체,공공분양,경북,0
2026-06,Y,주택업체,공공분양,경남,0
2026-06,Y,주택업체,공공분양,제주,0
2026-06,Y,민간부문,소계,전국,13290
2026-06,Y,민간부문,소계,서울,1436
2026-06,Y,민간부문,소계,인천,696
2026-06,Y,민간부문,소계,경기,6248
2026-06,Y,민간부문,소계,부산,2681
2026-06,Y,민간부문,소계,대구,792
2026-06,Y,민간부문,소계,광주,4
2026-06,Y,민간부문,소계,대전,5
2026-06,Y,민간부문,소계,울산,352
2026-06,Y,민간부문,소계,세종,45
2026-06,Y,민간부문,소계,강원,140
2026-06,Y,민간부문,소계,충북,94
2026-06,Y,민간부문,소계,충남,177
2026-06,Y,민간부문,소계,전북,81
2026-06,Y,민간부문,소계,전남,137
2026-06,Y,민간부문,소계,경북,194
2026-06,Y,민간부문,소계,경남,143
2026-06,Y,민간부문,소계,제주,65
2026-06,Y,민간,민간임대,전국,0
2026-06,Y,민간,민간임대,서울,0
2026-06,Y,민간,민간임대,인천,0
2026-06,Y,민간,민간임대,경기,0
2026-06,Y,민간,민간임대,부산,0
2026-06,Y,민간,민간임대,대구,0
2026-06,Y,민간,민간임대,광주,0
2026-06,Y,민간,민간임대,대전,0
2026-06,Y,민간,민간임대,울산,0
2026-06,Y,민간,민간임대,세종,0
2026-06,Y,민간,민간임대,강원,0
2026-06,Y,민간,민간임대,충북,0
2026-06,Y,민간,민간임대,충남,0
2026-06,Y,민간,민간임대,전북,0
2026-06,Y,민간,민간임대,전남,0
2026-06,Y,민간,민간임대,경북,0
2026-06,Y,민간,민간임대,경남,0
2026-06,Y,민간,민간임대,제주,0
2026-06,Y,민간,민간분양,전국,13290
2026-06,Y,민간,민간분양,서울,1436
2026-06,Y,민간,민간분양,인천,696
2026-06,Y,민간,민간분양,경기,6248
2026-06,Y,민간,민간분양,부산,2681
2026-06,Y,민간,민간분양,대구,792
2026-06,Y,민간,민간분양,광주,4
2026-06,Y,민간,민간분양,대전,5
2026-06,Y,민간,민간분양,울산,352
2026-06,Y,민간,민간분양,세종,45
2026-06,Y,민간,민간분양,강원,140
2026-06,Y,민간,민간분양,충북,94
2026-06,Y,민간,민간분양,충남,177
2026-06,Y,민간,민간분양,전북,81
2026-06,Y,민간,민간분양,전남,137
2026-06,Y,민간,민간분양,경북,194
2026-06,Y,민간,민간분양,경남,143
2026-06,Y,민간,민간분양,제주,65
2026-07,Y,총계,총계,전국,31778
2026-07,Y,총계,총계,서울,5756
2026-07,Y,총계,총계,인천,2810
2026-07,Y,총계,총계,경기,9713
2026-07,Y,총계,총계,전남광주,876
2026-07,Y,총계,총계,부산,2477
2026-07,Y,총계,총계,대구,19
2026-07,Y,총계,총계,대전,1757
2026-07,Y,총계,총계,울산,863
2026-07,Y,총계,총계,세종,9
2026-07,Y,총계,총계,강원,2236
2026-07,Y,총계,총계,충북,1430
2026-07,Y,총계,총계,충남,2475
2026-07,Y,총계,총계,전북,390
2026-07,Y,총계,총계,경북,759
2026-07,Y,총계,총계,경남,133
2026-07,Y,총계,총계,제주,75
2026-07,Y,공공부문,소계,전국,5349
2026-07,Y,공공부문,소계,서울,0
2026-07,Y,공공부문,소계,인천,1224
2026-07,Y,공공부문,소계,경기,2800
2026-07,Y,공공부문,소계,전남광주,32
2026-07,Y,공공부문,소계,부산,1233
2026-07,Y,공공부문,소계,대구,0
2026-07,Y,공공부문,소계,대전,0
2026-07,Y,공공부문,소계,울산,0
2026-07,Y,공공부문,소계,세종,0
2026-07,Y,공공부문,소계,강원,0
2026-07,Y,공공부문,소계,충북,0
2026-07,Y,공공부문,소계,충남,0
2026-07,Y,공공부문,소계,전북,0
2026-07,Y,공공부문,소계,경북,30
2026-07,Y,공공부문,소계,경남,30
2026-07,Y,공공부문,소계,제주,0
2026-07,Y,합,국민임대,전국,0
2026-07,Y,합,국민임대,서울,0
2026-07,Y,합,국민임대,인천,0
2026-07,Y,합,국민임대,경기,0
2026-07,Y,합,국민임대,전남광주,0
2026-07,Y,합,국민임대,부산,0
2026-07,Y,합,국민임대,대구,0
2026-07,Y,합,국민임대,대전,0
2026-07,Y,합,국민임대,울산,0
2026-07,Y,합,국민임대,세종,0
2026-07,Y,합,국민임대,강원,0
2026-07,Y,합,국민임대,충북,0
2026-07,Y,합,국민임대,충남,0
2026-07,Y,합,국민임대,전북,0
2026-07,Y,합,국민임대,경북,0
2026-07,Y,합,국민임대,경남,0
2026-07,Y,합,국민임대,제주,0
2026-07,Y,합,공공임대,전국,1945
2026-07,Y,합,공공임대,서울,0
2026-07,Y,합,공공임대,인천,0
2026-07,Y,합,공공임대,경기,620
2026-07,Y,합,공공임대,전남광주,32
2026-07,Y,합,공공임대,부산,1233
2026-07,Y,합,공공임대,대구,0
2026-07,Y,합,공공임대,대전,0
2026-07,Y,합,공공임대,울산,0
2026-07,Y,합,공공임대,세종,0
2026-07,Y,합,공공임대,강원,0
2026-07,Y,합,공공임대,충북,0
2026-07,Y,합,공공임대,충남,0
2026-07,Y,합,공공임대,전북,0
2026-07,Y,합,공공임대,경북,30
2026-07,Y,합,공공임대,경남,30
2026-07,Y,합,공공임대,제주,0
2026-07,Y,합,공공분양,전국,3404
2026-07,Y,합,공공분양,서울,0
2026-07,Y,합,공공분양,인천,1224
2026-07,Y,합,공공분양,경기,2180
2026-07,Y,합,공공분양,전남광주,0
2026-07,Y,합,공공분양,부산,0
2026-07,Y,합,공공분양,대구,0
2026-07,Y,합,공공분양,대전,0
2026-07,Y,합,공공분양,울산,0
2026-07,Y,합,공공분양,세종,0
2026-07,Y,합,공공분양,강원,0
2026-07,Y,합,공공분양,충북,0
2026-07,Y,합,공공분양,충남,0
2026-07,Y,합,공공분양,전북,0
2026-07,Y,합,공공분양,경북,0
2026-07,Y,합,공공분양,경남,0
2026-07,Y,합,공공분양,제주,0
2026-07,Y,지자체,소계,전국,92
2026-07,Y,지자체,소계,서울,0
2026-07,Y,지자체,소계,인천,0
2026-07,Y,지자체,소계,경기,0
2026-07,Y,지자체,소계,전남광주,32
2026-07,Y,지자체,소계,부산,0
2026-07,Y,지자체,소계,대구,0
2026-07,Y,지자체,소계,대전,0
2026-07,Y,지자체,소계,울산,0
2026-07,Y,지자체,소계,세종,0
2026-07,Y,지자체,소계,강원,0
2026-07,Y,지자체,소계,충북,0
2026-07,Y,지자체,소계,충남,0
2026-07,Y,지자체,소계,전북,0
2026-07,Y,지자체,소계,경북,30
2026-07,Y,지자체,소계,경남,30
2026-07,Y,지자체,소계,제주,0
2026-07,Y,지자체,국민임대,전국,0
2026-07,Y,지자체,국민임대,서울,0
2026-07,Y,지자체,국민임대,인천,0
2026-07,Y,지자체,국민임대,경기,0
2026-07,Y,지자체,국민임대,전남광주,0
2026-07,Y,지자체,국민임대,부산,0
2026-07,Y,지자체,국민임대,대구,0
2026-07,Y,지자체,국민임대,대전,0
2026-07,Y,지자체,국민임대,울산,0
2026-07,Y,지자체,국민임대,세종,0
2026-07,Y,지자체,국민임대,강원,0
2026-07,Y,지자체,국민임대,충북,0
2026-07,Y,지자체,국민임대,충남,0
2026-07,Y,지자체,국민임대,전북,0
2026-07,Y,지자체,국민임대,경북,0
2026-07,Y,지자체,국민임대,경남,0
2026-07,Y,지자체,국민임대,제주,0
2026-07,Y,지자체,공공임대,전국,92
2026-07,Y,지자체,공공임대,서울,0
2026-07,Y,지자체,공공임대,인천,0
2026-07,Y,지자체,공공임대,경기,0
2026-07,Y,지자체,공공임대,전남광주,32
2026-07,Y,지자체,공공임대,부산,0
2026-07,Y,지자체,공공임대,대구,0
2026-07,Y,지자체,공공임대,대전,0
2026-07,Y,지자체,공공임대,울산,0
2026-07,Y,지자체,공공임대,세종,0
2026-07,Y,지자체,공공임대,강원,0
2026-07,Y,지자체,공공임대,충북,0
2026-07,Y,지자체,공공임대,충남,0
2026-07,Y,지자체,공공임대,전북,0
2026-07,Y,지자체,공공임대,경북,30
2026-07,Y,지자체,공공임대,경남,30
2026-07,Y,지자체,공공임대,제주,0
2026-07,Y,지자체,공공분양,전국,0
2026-07,Y,지자체,공공분양,서울,0
2026-07,Y,지자체,공공분양,인천,0
2026-07,Y,지자체,공공분양,경기,0
2026-07,Y,지자체,공공분양,전남광주,0
2026-07,Y,지자체,공공분양,부산,0
2026-07,Y,지자체,공공분양,대구,0
2026-07,Y,지자체,공공분양,대전,0
2026-07,Y,지자체,공공분양,울산,0
2026-07,Y,지자체,공공분양,세종,0
2026-07,Y,지자체,공공분양,강원,0
2026-07,Y,지자체,공공분양,충북,0
2026-07,Y,지자체,공공분양,충남,0
2026-07,Y,지자체,공공분양,전북,0
2026-07,Y,지자체,공공분양,경북,0
2026-07,Y,지자체,공공분양,경남,0
2026-07,Y,지자체,공공분양,제주,0
2026-07,Y,LH,소계,전국,1844
2026-07,Y,LH,소계,서울,0
2026-07,Y,LH,소계,인천,1224
2026-07,Y,LH,소계,경기,620
2026-07,Y,LH,소계,전남광주,0
2026-07,Y,LH,소계,부산,0
2026-07,Y,LH,소계,대구,0
2026-07,Y,LH,소계,대전,0
2026-07,Y,LH,소계,울산,0
2026-07,Y,LH,소계,세종,0
2026-07,Y,LH,소계,강원,0
2026-07,Y,LH,소계,충북,0
2026-07,Y,LH,소계,충남,0
2026-07,Y,LH,소계,전북,0
2026-07,Y,LH,소계,경북,0
2026-07,Y,LH,소계,경남,0
2026-07,Y,LH,소계,제주,0
2026-07,Y,LH,국민임대,전국,0
2026-07,Y,LH,국민임대,서울,0
2026-07,Y,LH,국민임대,인천,0
2026-07,Y,LH,국민임대,경기,0
2026-07,Y,LH,국민임대,전남광주,0
2026-07,Y,LH,국민임대,부산,0
2026-07,Y,LH,국민임대,대구,0
2026-07,Y,LH,국민임대,대전,0
2026-07,Y,LH,국민임대,울산,0
2026-07,Y,LH,국민임대,세종,0
2026-07,Y,LH,국민임대,강원,0
2026-07,Y,LH,국민임대,충북,0
2026-07,Y,LH,국민임대,충남,0
2026-07,Y,LH,국민임대,전북,0
2026-07,Y,LH,국민임대,경북,0
2026-07,Y,LH,국민임대,경남,0
2026-07,Y,LH,국민임대,제주,0
2026-07,Y,LH,공공임대,전국,620
2026-07,Y,LH,공공임대,서울,0
2026-07,Y,LH,공공임대,인천,0
2026-07,Y,LH,공공임대,경기,620
2026-07,Y,LH,공공임대,전남광주,0
2026-07,Y,LH,공공임대,부산,0
2026-07,Y,LH,공공임대,대구,0
2026-07,Y,LH,공공임대,대전,0
2026-07,Y,LH,공공임대,울산,0
2026-07,Y,LH,공공임대,세종,0
2026-07,Y,LH,공공임대,강원,0
2026-07,Y,LH,공공임대,충북,0
2026-07,Y,LH,공공임대,충남,0
2026-07,Y,LH,공공임대,전북,0
2026-07,Y,LH,공공임대,경북,0
2026-07,Y,LH,공공임대,경남,0
2026-07,Y,LH,공공임대,제주,0
2026-07,Y,LH,공공분양,전국,1224
2026-07,Y,LH,공공분양,서울,0
2026-07,Y,LH,공공분양,인천,1224
2026-07,Y,LH,공공분양,경기,0
2026-07,Y,LH,공공분양,전남광주,0
2026-07,Y,LH,공공분양,부산,0
2026-07,Y,LH,공공분양,대구,0
2026-07,Y,LH,공공분양,대전,0
2026-07,Y,LH,공공분양,울산,0
2026-07,Y,LH,공공분양,세종,0
2026-07,Y,LH,공공분양,강원,0
2026-07,Y,LH,공공분양,충북,0
2026-07,Y,LH,공공분양,충남,0
2026-07,Y,LH,공공분양,전북,0
2026-07,Y,LH,공공분양,경북,0
2026-07,Y,LH,공공분양,경남,0
2026-07,Y,LH,공공분양,제주,0
2026-07,Y,주택업체,소계,전국,3413
2026-07,Y,주택업체,소계,서울,0
2026-07,Y,주택업체,소계,인천,0
2026-07,Y,주택업체,소계,경기,2180
2026-07,Y,주택업체,소계,전남광주,0
2026-07,Y,주택업체,소계,부산,1233
2026-07,Y,주택업체,소계,대구,0
2026-07,Y,주택업체,소계,대전,0
2026-07,Y,주택업체,소계,울산,0
2026-07,Y,주택업체,소계,세종,0
2026-07,Y,주택업체,소계,강원,0
2026-07,Y,주택업체,소계,충북,0
2026-07,Y,주택업체,소계,충남,0
2026-07,Y,주택업체,소계,전북,0
2026-07,Y,주택업체,소계,경북,0
2026-07,Y,주택업체,소계,경남,0
2026-07,Y,주택업체,소계,제주,0
2026-07,Y,주택업체,국민임대,전국,0
2026-07,Y,주택업체,국민임대,서울,0
2026-07,Y,주택업체,국민임대,인천,0
2026-07,Y,주택업체,국민임대,경기,0
2026-07,Y,주택업체,국민임대,전남광주,0
2026-07,Y,주택업체,국민임대,부산,0
2026-07,Y,주택업체,국민임대,대구,0
2026-07,Y,주택업체,국민임대,대전,0
2026-07,Y,주택업체,국민임대,울산,0
2026-07,Y,주택업체,국민임대,세종,0
2026-07,Y,주택업체,국민임대,강원,0
2026-07,Y,주택업체,국민임대,충북,0
2026-07,Y,주택업체,국민임대,충남,0
2026-07,Y,주택업체,국민임대,전북,0
2026-07,Y,주택업체,국민임대,경북,0
2026-07,Y,주택업체,국민임대,경남,0
2026-07,Y,주택업체,국민임대,제주,0
2026-07,Y,주택업체,공공임대,전국,1233
2026-07,Y,주택업체,공공임대,서울,0
2026-07,Y,주택업체,공공임대,인천,0
2026-07,Y,주택업체,공공임대,경기,0
2026-07,Y,주택업체,공공임대,전남광주,0
2026-07,Y,주택업체,공공임대,부산,1233
2026-07,Y,주택업체,공공임대,대구,0
2026-07,Y,주택업체,공공임대,대전,0
2026-07,Y,주택업체,공공임대,울산,0
2026-07,Y,주택업체,공공임대,세종,0
2026-07,Y,주택업체,공공임대,강원,0
2026-07,Y,주택업체,공공임대,충북,0
2026-07,Y,주택업체,공공임대,충남,0
2026-07,Y,주택업체,공공임대,전북,0
2026-07,Y,주택업체,공공임대,경북,0
2026-07,Y,주택업체,공공임대,경남,0
2026-07,Y,주택업체,공공임대,제주,0
2026-07,Y,주택업체,공공분양,전국,2180
2026-07,Y,주택업체,공공분양,서울,0
2026-07,Y,주택업체,공공분양,인천,0
2026-07,Y,주택업체,공공분양,경기,2180
2026-07,Y,주택업체,공공분양,전남광주,0
2026-07,Y,주택업체,공공분양,부산,0
2026-07,Y,주택업체,공공분양,대구,0
2026-07,Y,주택업체,공공분양,대전,0
2026-07,Y,주택업체,공공분양,울산,0
2026-07,Y,주택업체,공공분양,세종,0
2026-07,Y,주택업체,공공분양,강원,0
2026-07,Y,주택업체,공공분양,충북,0
2026-07,Y,주택업체,공공분양,충남,0
2026-07,Y,주택업체,공공분양,전북,0
2026-07,Y,주택업체,공공분양,경북,0
2026-07,Y,주택업체,공공분양,경남,0
2026-07,Y,주택업체,공공분양,제주,0
2026-07,Y,민간부문,소계,전국,26429
2026-07,Y,민간부문,소계,서울,5756
2026-07,Y,민간부문,소계,인천,1586
2026-07,Y,민간부문,소계,경기,6913
2026-07,Y,민간부문,소계,전남광주,844
2026-07,Y,민간부문,소계,부산,1244
2026-07,Y,민간부문,소계,대구,19
2026-07,Y,민간부문,소계,대전,1757
2026-07,Y,민간부문,소계,울산,863
2026-07,Y,민간부문,소계,세종,9
2026-07,Y,민간부문,소계,강원,2236
2026-07,Y,민간부문,소계,충북,1430
2026-07,Y,민간부문,소계,충남,2475
2026-07,Y,민간부문,소계,전북,390
2026-07,Y,민간부문,소계,경북,729
2026-07,Y,민간부문,소계,경남,103
2026-07,Y,민간부문,소계,제주,75
2026-07,Y,민간,민간임대,전국,1967
2026-07,Y,민간,민간임대,서울,1080
2026-07,Y,민간,민간임대,인천,0
2026-07,Y,민간,민간임대,경기,510
2026-07,Y,민간,민간임대,전남광주,99
2026-07,Y,민간,민간임대,부산,0
2026-07,Y,민간,민간임대,대구,0
2026-07,Y,민간,민간임대,대전,0
2026-07,Y,민간,민간임대,울산,0
2026-07,Y,민간,민간임대,세종,0
2026-07,Y,민간,민간임대,강원,0
2026-07,Y,민간,민간임대,충북,0
2026-07,Y,민간,민간임대,충남,0
2026-07,Y,민간,민간임대,전북,278
2026-07,Y,민간,민간임대,경북,0
2026-07,Y,민간,민간임대,경남,0
2026-07,Y,민간,민간임대,제주,0
2026-07,Y,민간,민간분양,전국,24462
2026-07,Y,민간,민간분양,서울,4676
2026-07,Y,민간,민간분양,인천,1586
2026-07,Y,민간,민간분양,경기,6403
2026-07,Y,민간,민간분양,전남광주,745
2026-07,Y,민간,민간분양,부산,1244
2026-07,Y,민간,민간분양,대구,19
2026-07,Y,민간,민간분양,대전,1757
2026-07,Y,민간,민간분양,울산,863
2026-07,Y,민간,민간분양,세종,9
2026-07,Y,민간,민간분양,강원,2236
2026-07,Y,민간,민간분양,충북,1430
2026-07,Y,민간,민간분양,충남,2475
2026-07,Y,민간,민간분양,전북,112
2026-07,Y,민간,민간분양,경북,729
2026-07,Y,민간,민간분양,경남,103
2026-07,Y,민간,민간분양,제주,75
2026-08,Y,총계,총계,전국,15151
2026-08,Y,총계,총계,서울,4714
2026-08,Y,총계,총계,인천,190
2026-08,Y,총계,총계,경기,3967
2026-08,Y,총계,총계,전남광주,1460
2026-08,Y,총계,총계,부산,107
2026-08,Y,총계,총계,대구,24
2026-08,Y,총계,총계,대전,7
2026-08,Y,총계,총계,울산,681
2026-08,Y,총계,총계,세종,8
2026-08,Y,총계,총계,강원,2067
2026-08,Y,총계,총계,충북,166
2026-08,Y,총계,총계,충남,605
2026-08,Y,총계,총계,전북,147
2026-08,Y,총계,총계,경북,302
2026-08,Y,총계,총계,경남,394
2026-08,Y,총계,총계,제주,312
2026-08,Y,공공부문,소계,전국,346
2026-08,Y,공공부문,소계,서울,0
2026-08,Y,공공부문,소계,인천,0
2026-08,Y,공공부문,소계,경기,227
2026-08,Y,공공부문,소계,전남광주,29
2026-08,Y,공공부문,소계,부산,0
2026-08,Y,공공부문,소계,대구,0
2026-08,Y,공공부문,소계,대전,0
2026-08,Y,공공부문,소계,울산,0
2026-08,Y,공공부문,소계,세종,0
2026-08,Y,공공부문,소계,강원,0
2026-08,Y,공공부문,소계,충북,0
2026-08,Y,공공부문,소계,충남,0
2026-08,Y,공공부문,소계,전북,0
2026-08,Y,공공부문,소계,경북,90
2026-08,Y,공공부문,소계,경남,0
2026-08,Y,공공부문,소계,제주,0
2026-08,Y,합,국민임대,전국,0
2026-08,Y,합,국민임대,서울,0
2026-08,Y,합,국민임대,인천,0
2026-08,Y,합,국민임대,경기,0
2026-08,Y,합,국민임대,전남광주,0
2026-08,Y,합,국민임대,부산,0
2026-08,Y,합,국민임대,대구,0
2026-08,Y,합,국민임대,대전,0
2026-08,Y,합,국민임대,울산,0
2026-08,Y,합,국민임대,세종,0
2026-08,Y,합,국민임대,강원,0
2026-08,Y,합,국민임대,충북,0
2026-08,Y,합,국민임대,충남,0
2026-08,Y,합,국민임대,전북,0
2026-08,Y,합,국민임대,경북,0
2026-08,Y,합,국민임대,경남,0
2026-08,Y,합,국민임대,제주,0
2026-08,Y,합,공공임대,전국,346
2026-08,Y,합,공공임대,서울,0
2026-08,Y,합,공공임대,인천,0
2026-08,Y,합,공공임대,경기,227
2026-08,Y,합,공공임대,전남광주,29
2026-08,Y,합,공공임대,부산,0
2026-08,Y,합,공공임대,대구,0
2026-08,Y,합,공공임대,대전,0
2026-08,Y,합,공공임대,울산,0
2026-08,Y,합,공공임대,세종,0
2026-08,Y,합,공공임대,강원,0
2026-08,Y,합,공공임대,충북,0
2026-08,Y,합,공공임대,충남,0
2026-08,Y,합,공공임대,전북,0
2026-08,Y,합,공공임대,경북,90
2026-08,Y,합,공공임대,경남,0
2026-08,Y,합,공공임대,제주,0
2026-08,Y,합,공공분양,전국,0
2026-08,Y,합,공공분양,서울,0
2026-08,Y,합,공공분양,인천,0
2026-08,Y,합,공공분양,경기,0
2026-08,Y,합,공공분양,전남광주,0
2026-08,Y,합,공공분양,부산,0
2026-08,Y,합,공공분양,대구,0
2026-08,Y,합,공공분양,대전,0
2026-08,Y,합,공공분양,울산,0
2026-08,Y,합,공공분양,세종,0
2026-08,Y,합,공공분양,강원,0
2026-08,Y,합,공공분양,충북,0
2026-08,Y,합,공공분양,충남,0
2026-08,Y,합,공공분양,전북,0
2026-08,Y,합,공공분양,경북,0
2026-08,Y,합,공공분양,경남,0
2026-08,Y,합,공공분양,제주,0
2026-08,Y,지자체,소계,전국,29
2026-08,Y,지자체,소계,서울,0
2026-08,Y,지자체,소계,인천,0
2026-08,Y,지자체,소계,경기,0
2026-08,Y,지자체,소계,전남광주,29
2026-08,Y,지자체,소계,부산,0
2026-08,Y,지자체,소계,대구,0
2026-08,Y,지자체,소계,대전,0
2026-08,Y,지자체,소계,울산,0
2026-08,Y,지자체,소계,세종,0
2026-08,Y,지자체,소계,강원,0
2026-08,Y,지자체,소계,충북,0
2026-08,Y,지자체,소계,충남,0
2026-08,Y,지자체,소계,전북,0
2026-08,Y,지자체,소계,경북,0
2026-08,Y,지자체,소계,경남,0
2026-08,Y,지자체,소계,제주,0
2026-08,Y,지자체,국민임대,전국,0
2026-08,Y,지자체,국민임대,서울,0
2026-08,Y,지자체,국민임대,인천,0
2026-08,Y,지자체,국민임대,경기,0
2026-08,Y,지자체,국민임대,전남광주,0
2026-08,Y,지자체,국민임대,부산,0
2026-08,Y,지자체,국민임대,대구,0
2026-08,Y,지자체,국민임대,대전,0
2026-08,Y,지자체,국민임대,울산,0
2026-08,Y,지자체,국민임대,세종,0
2026-08,Y,지자체,국민임대,강원,0
2026-08,Y,지자체,국민임대,충북,0
2026-08,Y,지자체,국민임대,충남,0
2026-08,Y,지자체,국민임대,전북,0
2026-08,Y,지자체,국민임대,경북,0
2026-08,Y,지자체,국민임대,경남,0
2026-08,Y,지자체,국민임대,제주,0
2026-08,Y,지자체,공공임대,전국,29
2026-08,Y,지자체,공공임대,서울,0
2026-08,Y,지자체,공공임대,인천,0
2026-08,Y,지자체,공공임대,경기,0
2026-08,Y,지자체,공공임대,전남광주,29
2026-08,Y,지자체,공공임대,부산,0
2026-08,Y,지자체,공공임대,대구,0
2026-08,Y,지자체,공공임대,대전,0
2026-08,Y,지자체,공공임대,울산,0
2026-08,Y,지자체,공공임대,세종,0
2026-08,Y,지자체,공공임대,강원,0
2026-08,Y,지자체,공공임대,충북,0
2026-08,Y,지자체,공공임대,충남,0
2026-08,Y,지자체,공공임대,전북,0
2026-08,Y,지자체,공공임대,경북,0
2026-08,Y,지자체,공공임대,경남,0
2026-08,Y,지자체,공공임대,제주,0
2026-08,Y,지자체,공공분양,전국,0
2026-08,Y,지자체,공공분양,서울,0
2026-08,Y,지자체,공공분양,인천,0
2026-08,Y,지자체,공공분양,경기,0
2026-08,Y,지자체,공공분양,전남광주,0
2026-08,Y,지자체,공공분양,부산,0
2026-08,Y,지자체,공공분양,대구,0
2026-08,Y,지자체,공공분양,대전,0
2026-08,Y,지자체,공공분양,울산,0
2026-08,Y,지자체,공공분양,세종,0
2026-08,Y,지자체,공공분양,강원,0
2026-08,Y,지자체,공공분양,충북,0
2026-08,Y,지자체,공공분양,충남,0
2026-08,Y,지자체,공공분양,전북,0
2026-08,Y,지자체,공공분양,경북,0
2026-08,Y,지자체,공공분양,경남,0
2026-08,Y,지자체,공공분양,제주,0
2026-08,Y,LH,소계,전국,317
2026-08,Y,LH,소계,서울,0
2026-08,Y,LH,소계,인천,0
2026-08,Y,LH,소계,경기,227
2026-08,Y,LH,소계,전남광주,0
2026-08,Y,LH,소계,부산,0
2026-08,Y,LH,소계,대구,0
2026-08,Y,LH,소계,대전,0
2026-08,Y,LH,소계,울산,0
2026-08,Y,LH,소계,세종,0
2026-08,Y,LH,소계,강원,0
2026-08,Y,LH,소계,충북,0
2026-08,Y,LH,소계,충남,0
2026-08,Y,LH,소계,전북,0
2026-08,Y,LH,소계,경북,90
2026-08,Y,LH,소계,경남,0
2026-08,Y,LH,소계,제주,0
2026-08,Y,LH,국민임대,전국,0
2026-08,Y,LH,국민임대,서울,0
2026-08,Y,LH,국민임대,인천,0
2026-08,Y,LH,국민임대,경기,0
2026-08,Y,LH,국민임대,전남광주,0
2026-08,Y,LH,국민임대,부산,0
2026-08,Y,LH,국민임대,대구,0
2026-08,Y,LH,국민임대,대전,0
2026-08,Y,LH,국민임대,울산,0
2026-08,Y,LH,국민임대,세종,0
2026-08,Y,LH,국민임대,강원,0
2026-08,Y,LH,국민임대,충북,0
2026-08,Y,LH,국민임대,충남,0
2026-08,Y,LH,국민임대,전북,0
2026-08,Y,LH,국민임대,경북,0
2026-08,Y,LH,국민임대,경남,0
2026-08,Y,LH,국민임대,제주,0
2026-08,Y,LH,공공임대,전국,317
2026-08,Y,LH,공공임대,서울,0
2026-08,Y,LH,공공임대,인천,0
2026-08,Y,LH,공공임대,경기,227
2026-08,Y,LH,공공임대,전남광주,0
2026-08,Y,LH,공공임대,부산,0
2026-08,Y,LH,공공임대,대구,0
2026-08,Y,LH,공공임대,대전,0
2026-08,Y,LH,공공임대,울산,0
2026-08,Y,LH,공공임대,세종,0
2026-08,Y,LH,공공임대,강원,0
2026-08,Y,LH,공공임대,충북,0
2026-08,Y,LH,공공임대,충남,0
2026-08,Y,LH,공공임대,전북,0
2026-08,Y,LH,공공임대,경북,90
2026-08,Y,LH,공공임대,경남,0
2026-08,Y,LH,공공임대,제주,0
2026-08,Y,LH,공공분양,전국,0
2026-08,Y,LH,공공분양,서울,0
2026-08,Y,LH,공공분양,인천,0
2026-08,Y,LH,공공분양,경기,0
2026-08,Y,LH,공공분양,전남광주,0
2026-08,Y,LH,공공분양,부산,0
2026-08,Y,LH,공공분양,대구,0
2026-08,Y,LH,공공분양,대전,0
2026-08,Y,LH,공공분양,울산,0
2026-08,Y,LH,공공분양,세종,0
2026-08,Y,LH,공공분양,강원,0
2026-08,Y,LH,공공분양,충북,0
2026-08,Y,LH,공공분양,충남,0
2026-08,Y,LH,공공분양,전북,0
2026-08,Y,LH,공공분양,경북,0
2026-08,Y,LH,공공분양,경남,0
2026-08,Y,LH,공공분양,제주,0
2026-08,Y,주택업체,소계,전국,0
2026-08,Y,주택업체,소계,서울,0
2026-08,Y,주택업체,소계,인천,0
2026-08,Y,주택업체,소계,경기,0
2026-08,Y,주택업체,소계,전남광주,0
2026-08,Y,주택업체,소계,부산,0
2026-08,Y,주택업체,소계,대구,0
2026-08,Y,주택업체,소계,대전,0
2026-08,Y,주택업체,소계,울산,0
2026-08,Y,주택업체,소계,세종,0
2026-08,Y,주택업체,소계,강원,0
2026-08,Y,주택업체,소계,충북,0
2026-08,Y,주택업체,소계,충남,0
2026-08,Y,주택업체,소계,전북,0
2026-08,Y,주택업체,소계,경북,0
2026-08,Y,주택업체,소계,경남,0
2026-08,Y,주택업체,소계,제주,0
2026-08,Y,주택업체,국민임대,전국,0
2026-08,Y,주택업체,국민임대,서울,0
2026-08,Y,주택업체,국민임대,인천,0
2026-08,Y,주택업체,국민임대,경기,0
2026-08,Y,주택업체,국민임대,전남광주,0
2026-08,Y,주택업체,국민임대,부산,0
2026-08,Y,주택업체,국민임대,대구,0
2026-08,Y,주택업체,국민임대,대전,0
2026-08,Y,주택업체,국민임대,울산,0
2026-08,Y,주택업체,국민임대,세종,0
2026-08,Y,주택업체,국민임대,강원,0
2026-08,Y,주택업체,국민임대,충북,0
2026-08,Y,주택업체,국민임대,충남,0
2026-08,Y,주택업체,국민임대,전북,0
2026-08,Y,주택업체,국민임대,경북,0
2026-08,Y,주택업체,국민임대,경남,0
2026-08,Y,주택업체,국민임대,제주,0
2026-08,Y,주택업체,공공임대,전국,0
2026-08,Y,주택업체,공공임대,서울,0
2026-08,Y,주택업체,공공임대,인천,0
2026-08,Y,주택업체,공공임대,경기,0
2026-08,Y,주택업체,공공임대,전남광주,0
2026-08,Y,주택업체,공공임대,부산,0
2026-08,Y,주택업체,공공임대,대구,0
2026-08,Y,주택업체,공공임대,대전,0
2026-08,Y,주택업체,공공임대,울산,0
2026-08,Y,주택업체,공공임대,세종,0
2026-08,Y,주택업체,공공임대,강원,0
2026-08,Y,주택업체,공공임대,충북,0
2026-08,Y,주택업체,공공임대,충남,0
2026-08,Y,주택업체,공공임대,전북,0
2026-08,Y,주택업체,공공임대,경북,0
2026-08,Y,주택업체,공공임대,경남,0
2026-08,Y,주택업체,공공임대,제주,0
2026-08,Y,주택업체,공공분양,전국,0
2026-08,Y,주택업체,공공분양,서울,0
2026-08,Y,주택업체,공공분양,인천,0
2026-08,Y,주택업체,공공분양,경기,0
2026-08,Y,주택업체,공공분양,전남광주,0
2026-08,Y,주택업체,공공분양,부산,0
2026-08,Y,주택업체,공공분양,대구,0
2026-08,Y,주택업체,공공분양,대전,0
2026-08,Y,주택업체,공공분양,울산,0
2026-08,Y,주택업체,공공분양,세종,0
2026-08,Y,주택업체,공공분양,강원,0
2026-08,Y,주택업체,공공분양,충북,0
2026-08,Y,주택업체,공공분양,충남,0
2026-08,Y,주택업체,공공분양,전북,0
2026-08,Y,주택업체,공공분양,경북,0
2026-08,Y,주택업체,공공분양,경남,0
2026-08,Y,주택업체,공공분양,제주,0
2026-08,Y,민간부문,소계,전국,14805
2026-08,Y,민간부문,소계,서울,4714
2026-08,Y,민간부문,소계,인천,190
2026-08,Y,민간부문,소계,경기,3740
2026-08,Y,민간부문,소계,전남광주,1431
2026-08,Y,민간부문,소계,부산,107
2026-08,Y,민간부문,소계,대구,24
2026-08,Y,민간부문,소계,대전,7
2026-08,Y,민간부문,소계,울산,681
2026-08,Y,민간부문,소계,세종,8
2026-08,Y,민간부문,소계,강원,2067
2026-08,Y,민간부문,소계,충북,166
2026-08,Y,민간부문,소계,충남,605
2026-08,Y,민간부문,소계,전북,147
2026-08,Y,민간부문,소계,경북,212
2026-08,Y,민간부문,소계,경남,394
2026-08,Y,민간부문,소계,제주,312
2026-08,Y,민간,민간임대,전국,4472
2026-08,Y,민간,민간임대,서울,382
2026-08,Y,민간,민간임대,인천,0
2026-08,Y,민간,민간임대,경기,2178
2026-08,Y,민간,민간임대,전남광주,578
2026-08,Y,민간,민간임대,부산,0
2026-08,Y,민간,민간임대,대구,0
2026-08,Y,민간,민간임대,대전,0
2026-08,Y,민간,민간임대,울산,0
2026-08,Y,민간,민간임대,세종,0
2026-08,Y,민간,민간임대,강원,1167
2026-08,Y,민간,민간임대,충북,0
2026-08,Y,민간,민간임대,충남,0
2026-08,Y,민간,민간임대,전북,0
2026-08,Y,민간,민간임대,경북,0
2026-08,Y,민간,민간임대,경남,0
2026-08,Y,민간,민간임대,제주,167
2026-08,Y,민간,민간분양,전국,10333
2026-08,Y,민간,민간분양,서울,4332
2026-08,Y,민간,민간분양,인천,190
2026-08,Y,민간,민간분양,경기,1562
2026-08,Y,민간,민간분양,전남광주,853
2026-08,Y,민간,민간분양,부산,107
2026-08,Y,민간,민간분양,대구,24
2026-08,Y,민간,민간분양,대전,7
2026-08,Y,민간,민간분양,울산,681
2026-08,Y,민간,민간분양,세종,8
2026-08,Y,민간,민간분양,강원,900
2026-08,Y,민간,민간분양,충북,166
2026-08,Y,민간,민간분양,충남,605
2026-08,Y,민간,민간분양,전북,147
2026-08,Y,민간,민간분양,경북,212
2026-08,Y,민간,민간분양,경남,394
2026-08,Y,민간,민간분양,제주,145
