기간,잠정치,구분,부문,시도,인허가실적_호
2021-09,,총계,총계,전국,355923
2021-09,,총계,총계,서울,61456
2021-09,,총계,총계,인천,11419
2021-09,,총계,총계,경기,110285
2021-09,,총계,총계,부산,15014
2021-09,,총계,총계,대구,17087
2021-09,,총계,총계,광주,4024
2021-09,,총계,총계,대전,9286
2021-09,,총계,총계,울산,5677
2021-09,,총계,총계,세종,2086
2021-09,,총계,총계,강원,11691
2021-09,,총계,총계,충북,13188
2021-09,,총계,총계,충남,17421
2021-09,,총계,총계,전북,13378
2021-09,,총계,총계,전남,23279
2021-09,,총계,총계,경북,18118
2021-09,,총계,총계,경남,18181
2021-09,,총계,총계,제주,4333
2021-09,,공공부문,공공부문,전국,12765
2021-09,,공공부문,공공부문,서울,2281
2021-09,,공공부문,공공부문,인천,82
2021-09,,공공부문,공공부문,경기,5764
2021-09,,공공부문,공공부문,부산,152
2021-09,,공공부문,공공부문,대구,0
2021-09,,공공부문,공공부문,광주,0
2021-09,,공공부문,공공부문,대전,426
2021-09,,공공부문,공공부문,울산,370
2021-09,,공공부문,공공부문,세종,0
2021-09,,공공부문,공공부문,강원,636
2021-09,,공공부문,공공부문,충북,1304
2021-09,,공공부문,공공부문,충남,365
2021-09,,공공부문,공공부문,전북,2
2021-09,,공공부문,공공부문,전남,0
2021-09,,공공부문,공공부문,경북,40
2021-09,,공공부문,공공부문,경남,1241
2021-09,,공공부문,공공부문,제주,102
2021-09,,합,국민임대,전국,2583
2021-09,,합,국민임대,서울,47
2021-09,,합,국민임대,인천,82
2021-09,,합,국민임대,경기,1068
2021-09,,합,국민임대,부산,0
2021-09,,합,국민임대,대구,0
2021-09,,합,국민임대,광주,0
2021-09,,합,국민임대,대전,0
2021-09,,합,국민임대,울산,0
2021-09,,합,국민임대,세종,0
2021-09,,합,국민임대,강원,0
2021-09,,합,국민임대,충북,1284
2021-09,,합,국민임대,충남,0
2021-09,,합,국민임대,전북,0
2021-09,,합,국민임대,전남,0
2021-09,,합,국민임대,경북,0
2021-09,,합,국민임대,경남,0
2021-09,,합,국민임대,제주,102
2021-09,,합,공공임대,전국,8516
2021-09,,합,공공임대,서울,1834
2021-09,,합,공공임대,인천,0
2021-09,,합,공공임대,경기,3430
2021-09,,합,공공임대,부산,152
2021-09,,합,공공임대,대구,0
2021-09,,합,공공임대,광주,0
2021-09,,합,공공임대,대전,426
2021-09,,합,공공임대,울산,370
2021-09,,합,공공임대,세종,0
2021-09,,합,공공임대,강원,636
2021-09,,합,공공임대,충북,20
2021-09,,합,공공임대,충남,365
2021-09,,합,공공임대,전북,2
2021-09,,합,공공임대,전남,0
2021-09,,합,공공임대,경북,40
2021-09,,합,공공임대,경남,1241
2021-09,,합,공공임대,제주,0
2021-09,,합,공공분양,전국,1666
2021-09,,합,공공분양,서울,400
2021-09,,합,공공분양,인천,0
2021-09,,합,공공분양,경기,1266
2021-09,,합,공공분양,부산,0
2021-09,,합,공공분양,대구,0
2021-09,,합,공공분양,광주,0
2021-09,,합,공공분양,대전,0
2021-09,,합,공공분양,울산,0
2021-09,,합,공공분양,세종,0
2021-09,,합,공공분양,강원,0
2021-09,,합,공공분양,충북,0
2021-09,,합,공공분양,충남,0
2021-09,,합,공공분양,전북,0
2021-09,,합,공공분양,전남,0
2021-09,,합,공공분양,경북,0
2021-09,,합,공공분양,경남,0
2021-09,,합,공공분양,제주,0
2021-09,,지자체,소계,전국,1229
2021-09,,지자체,소계,서울,757
2021-09,,지자체,소계,인천,0
2021-09,,지자체,소계,경기,0
2021-09,,지자체,소계,부산,0
2021-09,,지자체,소계,대구,0
2021-09,,지자체,소계,광주,0
2021-09,,지자체,소계,대전,0
2021-09,,지자체,소계,울산,370
2021-09,,지자체,소계,세종,0
2021-09,,지자체,소계,강원,0
2021-09,,지자체,소계,충북,15
2021-09,,지자체,소계,충남,0
2021-09,,지자체,소계,전북,0
2021-09,,지자체,소계,전남,0
2021-09,,지자체,소계,경북,0
2021-09,,지자체,소계,경남,0
2021-09,,지자체,소계,제주,87
2021-09,,지자체,국민임대,전국,133
2021-09,,지자체,국민임대,서울,46
2021-09,,지자체,국민임대,인천,0
2021-09,,지자체,국민임대,경기,0
2021-09,,지자체,국민임대,부산,0
2021-09,,지자체,국민임대,대구,0
2021-09,,지자체,국민임대,광주,0
2021-09,,지자체,국민임대,대전,0
2021-09,,지자체,국민임대,울산,0
2021-09,,지자체,국민임대,세종,0
2021-09,,지자체,국민임대,강원,0
2021-09,,지자체,국민임대,충북,0
2021-09,,지자체,국민임대,충남,0
2021-09,,지자체,국민임대,전북,0
2021-09,,지자체,국민임대,전남,0
2021-09,,지자체,국민임대,경북,0
2021-09,,지자체,국민임대,경남,0
2021-09,,지자체,국민임대,제주,87
2021-09,,지자체,공공임대,전국,1096
2021-09,,지자체,공공임대,서울,711
2021-09,,지자체,공공임대,인천,0
2021-09,,지자체,공공임대,경기,0
2021-09,,지자체,공공임대,부산,0
2021-09,,지자체,공공임대,대구,0
2021-09,,지자체,공공임대,광주,0
2021-09,,지자체,공공임대,대전,0
2021-09,,지자체,공공임대,울산,370
2021-09,,지자체,공공임대,세종,0
2021-09,,지자체,공공임대,강원,0
2021-09,,지자체,공공임대,충북,15
2021-09,,지자체,공공임대,충남,0
2021-09,,지자체,공공임대,전북,0
2021-09,,지자체,공공임대,전남,0
2021-09,,지자체,공공임대,경북,0
2021-09,,지자체,공공임대,경남,0
2021-09,,지자체,공공임대,제주,0
2021-09,,지자체,공공분양,전국,0
2021-09,,지자체,공공분양,서울,0
2021-09,,지자체,공공분양,인천,0
2021-09,,지자체,공공분양,경기,0
2021-09,,지자체,공공분양,부산,0
2021-09,,지자체,공공분양,대구,0
2021-09,,지자체,공공분양,광주,0
2021-09,,지자체,공공분양,대전,0
2021-09,,지자체,공공분양,울산,0
2021-09,,지자체,공공분양,세종,0
2021-09,,지자체,공공분양,강원,0
2021-09,,지자체,공공분양,충북,0
2021-09,,지자체,공공분양,충남,0
2021-09,,지자체,공공분양,전북,0
2021-09,,지자체,공공분양,전남,0
2021-09,,지자체,공공분양,경북,0
2021-09,,지자체,공공분양,경남,0
2021-09,,지자체,공공분양,제주,0
2021-09,,LH,소계,전국,2683
2021-09,,LH,소계,서울,460
2021-09,,LH,소계,인천,0
2021-09,,LH,소계,경기,243
2021-09,,LH,소계,부산,0
2021-09,,LH,소계,대구,0
2021-09,,LH,소계,광주,0
2021-09,,LH,소계,대전,1
2021-09,,LH,소계,울산,0
2021-09,,LH,소계,세종,0
2021-09,,LH,소계,강원,636
2021-09,,LH,소계,충북,1259
2021-09,,LH,소계,충남,0
2021-09,,LH,소계,전북,2
2021-09,,LH,소계,전남,0
2021-09,,LH,소계,경북,0
2021-09,,LH,소계,경남,82
2021-09,,LH,소계,제주,0
2021-09,,LH,국민임대,전국,1394
2021-09,,LH,국민임대,서울,0
2021-09,,LH,국민임대,인천,0
2021-09,,LH,국민임대,경기,140
2021-09,,LH,국민임대,부산,0
2021-09,,LH,국민임대,대구,0
2021-09,,LH,국민임대,광주,0
2021-09,,LH,국민임대,대전,0
2021-09,,LH,국민임대,울산,0
2021-09,,LH,국민임대,세종,0
2021-09,,LH,국민임대,강원,0
2021-09,,LH,국민임대,충북,1254
2021-09,,LH,국민임대,충남,0
2021-09,,LH,국민임대,전북,0
2021-09,,LH,국민임대,전남,0
2021-09,,LH,국민임대,경북,0
2021-09,,LH,국민임대,경남,0
2021-09,,LH,국민임대,제주,0
2021-09,,LH,공공임대,전국,850
2021-09,,LH,공공임대,서울,60
2021-09,,LH,공공임대,인천,0
2021-09,,LH,공공임대,경기,64
2021-09,,LH,공공임대,부산,0
2021-09,,LH,공공임대,대구,0
2021-09,,LH,공공임대,광주,0
2021-09,,LH,공공임대,대전,1
2021-09,,LH,공공임대,울산,0
2021-09,,LH,공공임대,세종,0
2021-09,,LH,공공임대,강원,636
2021-09,,LH,공공임대,충북,5
2021-09,,LH,공공임대,충남,0
2021-09,,LH,공공임대,전북,2
2021-09,,LH,공공임대,전남,0
2021-09,,LH,공공임대,경북,0
2021-09,,LH,공공임대,경남,82
2021-09,,LH,공공임대,제주,0
2021-09,,LH,공공분양,전국,439
2021-09,,LH,공공분양,서울,400
2021-09,,LH,공공분양,인천,0
2021-09,,LH,공공분양,경기,39
2021-09,,LH,공공분양,부산,0
2021-09,,LH,공공분양,대구,0
2021-09,,LH,공공분양,광주,0
2021-09,,LH,공공분양,대전,0
2021-09,,LH,공공분양,울산,0
2021-09,,LH,공공분양,세종,0
2021-09,,LH,공공분양,강원,0
2021-09,,LH,공공분양,충북,0
2021-09,,LH,공공분양,충남,0
2021-09,,LH,공공분양,전북,0
2021-09,,LH,공공분양,전남,0
2021-09,,LH,공공분양,경북,0
2021-09,,LH,공공분양,경남,0
2021-09,,LH,공공분양,제주,0
2021-09,,주택업체,소계,전국,8853
2021-09,,주택업체,소계,서울,1064
2021-09,,주택업체,소계,인천,82
2021-09,,주택업체,소계,경기,5521
2021-09,,주택업체,소계,부산,152
2021-09,,주택업체,소계,대구,0
2021-09,,주택업체,소계,광주,0
2021-09,,주택업체,소계,대전,425
2021-09,,주택업체,소계,울산,0
2021-09,,주택업체,소계,세종,0
2021-09,,주택업체,소계,강원,0
2021-09,,주택업체,소계,충북,30
2021-09,,주택업체,소계,충남,365
2021-09,,주택업체,소계,전북,0
2021-09,,주택업체,소계,전남,0
2021-09,,주택업체,소계,경북,40
2021-09,,주택업체,소계,경남,1159
2021-09,,주택업체,소계,제주,15
2021-09,,주택업체,국민임대,전국,1056
2021-09,,주택업체,국민임대,서울,1
2021-09,,주택업체,국민임대,인천,82
2021-09,,주택업체,국민임대,경기,928
2021-09,,주택업체,국민임대,부산,0
2021-09,,주택업체,국민임대,대구,0
2021-09,,주택업체,국민임대,광주,0
2021-09,,주택업체,국민임대,대전,0
2021-09,,주택업체,국민임대,울산,0
2021-09,,주택업체,국민임대,세종,0
2021-09,,주택업체,국민임대,강원,0
2021-09,,주택업체,국민임대,충북,30
2021-09,,주택업체,국민임대,충남,0
2021-09,,주택업체,국민임대,전북,0
2021-09,,주택업체,국민임대,전남,0
2021-09,,주택업체,국민임대,경북,0
2021-09,,주택업체,국민임대,경남,0
2021-09,,주택업체,국민임대,제주,15
2021-09,,주택업체,공공임대,전국,6570
2021-09,,주택업체,공공임대,서울,1063
2021-09,,주택업체,공공임대,인천,0
2021-09,,주택업체,공공임대,경기,3366
2021-09,,주택업체,공공임대,부산,152
2021-09,,주택업체,공공임대,대구,0
2021-09,,주택업체,공공임대,광주,0
2021-09,,주택업체,공공임대,대전,425
2021-09,,주택업체,공공임대,울산,0
2021-09,,주택업체,공공임대,세종,0
2021-09,,주택업체,공공임대,강원,0
2021-09,,주택업체,공공임대,충북,0
2021-09,,주택업체,공공임대,충남,365
2021-09,,주택업체,공공임대,전북,0
2021-09,,주택업체,공공임대,전남,0
2021-09,,주택업체,공공임대,경북,40
2021-09,,주택업체,공공임대,경남,1159
2021-09,,주택업체,공공임대,제주,0
2021-09,,주택업체,공공분양,전국,1227
2021-09,,주택업체,공공분양,서울,0
2021-09,,주택업체,공공분양,인천,0
2021-09,,주택업체,공공분양,경기,1227
2021-09,,주택업체,공공분양,부산,0
2021-09,,주택업체,공공분양,대구,0
2021-09,,주택업체,공공분양,광주,0
2021-09,,주택업체,공공분양,대전,0
2021-09,,주택업체,공공분양,울산,0
2021-09,,주택업체,공공분양,세종,0
2021-09,,주택업체,공공분양,강원,0
2021-09,,주택업체,공공분양,충북,0
2021-09,,주택업체,공공분양,충남,0
2021-09,,주택업체,공공분양,전북,0
2021-09,,주택업체,공공분양,전남,0
2021-09,,주택업체,공공분양,경북,0
2021-09,,주택업체,공공분양,경남,0
2021-09,,주택업체,공공분양,제주,0
2021-09,,민간부문,민간부문,전국,343158
2021-09,,민간부문,민간부문,서울,59175
2021-09,,민간부문,민간부문,인천,11337
2021-09,,민간부문,민간부문,경기,104521
2021-09,,민간부문,민간부문,부산,14862
2021-09,,민간부문,민간부문,대구,17087
2021-09,,민간부문,민간부문,광주,4024
2021-09,,민간부문,민간부문,대전,8860
2021-09,,민간부문,민간부문,울산,5307
2021-09,,민간부문,민간부문,세종,2086
2021-09,,민간부문,민간부문,강원,11055
2021-09,,민간부문,민간부문,충북,11884
2021-09,,민간부문,민간부문,충남,17056
2021-09,,민간부문,민간부문,전북,13376
2021-09,,민간부문,민간부문,전남,23279
2021-09,,민간부문,민간부문,경북,18078
2021-09,,민간부문,민간부문,경남,16940
2021-09,,민간부문,민간부문,제주,4231
2021-09,,민간,민간임대,전국,29574
2021-09,,민간,민간임대,서울,4523
2021-09,,민간,민간임대,인천,0
2021-09,,민간,민간임대,경기,7900
2021-09,,민간,민간임대,부산,1149
2021-09,,민간,민간임대,대구,1375
2021-09,,민간,민간임대,광주,40
2021-09,,민간,민간임대,대전,1856
2021-09,,민간,민간임대,울산,0
2021-09,,민간,민간임대,세종,0
2021-09,,민간,민간임대,강원,1560
2021-09,,민간,민간임대,충북,1849
2021-09,,민간,민간임대,충남,1357
2021-09,,민간,민간임대,전북,972
2021-09,,민간,민간임대,전남,3845
2021-09,,민간,민간임대,경북,669
2021-09,,민간,민간임대,경남,2391
2021-09,,민간,민간임대,제주,88
2021-09,,민간,민간분양,전국,313584
2021-09,,민간,민간분양,서울,54652
2021-09,,민간,민간분양,인천,11337
2021-09,,민간,민간분양,경기,96621
2021-09,,민간,민간분양,부산,13713
2021-09,,민간,민간분양,대구,15712
2021-09,,민간,민간분양,광주,3984
2021-09,,민간,민간분양,대전,7004
2021-09,,민간,민간분양,울산,5307
2021-09,,민간,민간분양,세종,2086
2021-09,,민간,민간분양,강원,9495
2021-09,,민간,민간분양,충북,10035
2021-09,,민간,민간분양,충남,15699
2021-09,,민간,민간분양,전북,12404
2021-09,,민간,민간분양,전남,19434
2021-09,,민간,민간분양,경북,17409
2021-09,,민간,민간분양,경남,14549
2021-09,,민간,민간분양,제주,4143
2021-10,,총계,총계,전국,401562
2021-10,,총계,총계,서울,68929
2021-10,,총계,총계,인천,15123
2021-10,,총계,총계,경기,121384
2021-10,,총계,총계,부산,15634
2021-10,,총계,총계,대구,18655
2021-10,,총계,총계,광주,4167
2021-10,,총계,총계,대전,10331
2021-10,,총계,총계,울산,6306
2021-10,,총계,총계,세종,2782
2021-10,,총계,총계,강원,12057
2021-10,,총계,총계,충북,15466
2021-10,,총계,총계,충남,20520
2021-10,,총계,총계,전북,15872
2021-10,,총계,총계,전남,25609
2021-10,,총계,총계,경북,23151
2021-10,,총계,총계,경남,20311
2021-10,,총계,총계,제주,5265
2021-10,,공공부문,공공부문,전국,15227
2021-10,,공공부문,공공부문,서울,4310
2021-10,,공공부문,공공부문,인천,82
2021-10,,공공부문,공공부문,경기,5870
2021-10,,공공부문,공공부문,부산,152
2021-10,,공공부문,공공부문,대구,0
2021-10,,공공부문,공공부문,광주,47
2021-10,,공공부문,공공부문,대전,663
2021-10,,공공부문,공공부문,울산,413
2021-10,,공공부문,공공부문,세종,0
2021-10,,공공부문,공공부문,강원,636
2021-10,,공공부문,공공부문,충북,1304
2021-10,,공공부문,공공부문,충남,365
2021-10,,공공부문,공공부문,전북,2
2021-10,,공공부문,공공부문,전남,0
2021-10,,공공부문,공공부문,경북,40
2021-10,,공공부문,공공부문,경남,1241
2021-10,,공공부문,공공부문,제주,102
2021-10,,합,국민임대,전국,2583
2021-10,,합,국민임대,서울,47
2021-10,,합,국민임대,인천,82
2021-10,,합,국민임대,경기,1068
2021-10,,합,국민임대,부산,0
2021-10,,합,국민임대,대구,0
2021-10,,합,국민임대,광주,0
2021-10,,합,국민임대,대전,0
2021-10,,합,국민임대,울산,0
2021-10,,합,국민임대,세종,0
2021-10,,합,국민임대,강원,0
2021-10,,합,국민임대,충북,1284
2021-10,,합,국민임대,충남,0
2021-10,,합,국민임대,전북,0
2021-10,,합,국민임대,전남,0
2021-10,,합,국민임대,경북,0
2021-10,,합,국민임대,경남,0
2021-10,,합,국민임대,제주,102
2021-10,,합,공공임대,전국,9673
2021-10,,합,공공임대,서울,2558
2021-10,,합,공공임대,인천,0
2021-10,,합,공공임대,경기,3536
2021-10,,합,공공임대,부산,152
2021-10,,합,공공임대,대구,0
2021-10,,합,공공임대,광주,47
2021-10,,합,공공임대,대전,663
2021-10,,합,공공임대,울산,413
2021-10,,합,공공임대,세종,0
2021-10,,합,공공임대,강원,636
2021-10,,합,공공임대,충북,20
2021-10,,합,공공임대,충남,365
2021-10,,합,공공임대,전북,2
2021-10,,합,공공임대,전남,0
2021-10,,합,공공임대,경북,40
2021-10,,합,공공임대,경남,1241
2021-10,,합,공공임대,제주,0
2021-10,,합,공공분양,전국,2971
2021-10,,합,공공분양,서울,1705
2021-10,,합,공공분양,인천,0
2021-10,,합,공공분양,경기,1266
2021-10,,합,공공분양,부산,0
2021-10,,합,공공분양,대구,0
2021-10,,합,공공분양,광주,0
2021-10,,합,공공분양,대전,0
2021-10,,합,공공분양,울산,0
2021-10,,합,공공분양,세종,0
2021-10,,합,공공분양,강원,0
2021-10,,합,공공분양,충북,0
2021-10,,합,공공분양,충남,0
2021-10,,합,공공분양,전북,0
2021-10,,합,공공분양,전남,0
2021-10,,합,공공분양,경북,0
2021-10,,합,공공분양,경남,0
2021-10,,합,공공분양,제주,0
2021-10,,지자체,소계,전국,2534
2021-10,,지자체,소계,서울,2062
2021-10,,지자체,소계,인천,0
2021-10,,지자체,소계,경기,0
2021-10,,지자체,소계,부산,0
2021-10,,지자체,소계,대구,0
2021-10,,지자체,소계,광주,0
2021-10,,지자체,소계,대전,0
2021-10,,지자체,소계,울산,370
2021-10,,지자체,소계,세종,0
2021-10,,지자체,소계,강원,0
2021-10,,지자체,소계,충북,15
2021-10,,지자체,소계,충남,0
2021-10,,지자체,소계,전북,0
2021-10,,지자체,소계,전남,0
2021-10,,지자체,소계,경북,0
2021-10,,지자체,소계,경남,0
2021-10,,지자체,소계,제주,87
2021-10,,지자체,국민임대,전국,133
2021-10,,지자체,국민임대,서울,46
2021-10,,지자체,국민임대,인천,0
2021-10,,지자체,국민임대,경기,0
2021-10,,지자체,국민임대,부산,0
2021-10,,지자체,국민임대,대구,0
2021-10,,지자체,국민임대,광주,0
2021-10,,지자체,국민임대,대전,0
2021-10,,지자체,국민임대,울산,0
2021-10,,지자체,국민임대,세종,0
2021-10,,지자체,국민임대,강원,0
2021-10,,지자체,국민임대,충북,0
2021-10,,지자체,국민임대,충남,0
2021-10,,지자체,국민임대,전북,0
2021-10,,지자체,국민임대,전남,0
2021-10,,지자체,국민임대,경북,0
2021-10,,지자체,국민임대,경남,0
2021-10,,지자체,국민임대,제주,87
2021-10,,지자체,공공임대,전국,1096
2021-10,,지자체,공공임대,서울,711
2021-10,,지자체,공공임대,인천,0
2021-10,,지자체,공공임대,경기,0
2021-10,,지자체,공공임대,부산,0
2021-10,,지자체,공공임대,대구,0
2021-10,,지자체,공공임대,광주,0
2021-10,,지자체,공공임대,대전,0
2021-10,,지자체,공공임대,울산,370
2021-10,,지자체,공공임대,세종,0
2021-10,,지자체,공공임대,강원,0
2021-10,,지자체,공공임대,충북,15
2021-10,,지자체,공공임대,충남,0
2021-10,,지자체,공공임대,전북,0
2021-10,,지자체,공공임대,전남,0
2021-10,,지자체,공공임대,경북,0
2021-10,,지자체,공공임대,경남,0
2021-10,,지자체,공공임대,제주,0
2021-10,,지자체,공공분양,전국,1305
2021-10,,지자체,공공분양,서울,1305
2021-10,,지자체,공공분양,인천,0
2021-10,,지자체,공공분양,경기,0
2021-10,,지자체,공공분양,부산,0
2021-10,,지자체,공공분양,대구,0
2021-10,,지자체,공공분양,광주,0
2021-10,,지자체,공공분양,대전,0
2021-10,,지자체,공공분양,울산,0
2021-10,,지자체,공공분양,세종,0
2021-10,,지자체,공공분양,강원,0
2021-10,,지자체,공공분양,충북,0
2021-10,,지자체,공공분양,충남,0
2021-10,,지자체,공공분양,전북,0
2021-10,,지자체,공공분양,전남,0
2021-10,,지자체,공공분양,경북,0
2021-10,,지자체,공공분양,경남,0
2021-10,,지자체,공공분양,제주,0
2021-10,,LH,소계,전국,2683
2021-10,,LH,소계,서울,460
2021-10,,LH,소계,인천,0
2021-10,,LH,소계,경기,243
2021-10,,LH,소계,부산,0
2021-10,,LH,소계,대구,0
2021-10,,LH,소계,광주,0
2021-10,,LH,소계,대전,1
2021-10,,LH,소계,울산,0
2021-10,,LH,소계,세종,0
2021-10,,LH,소계,강원,636
2021-10,,LH,소계,충북,1259
2021-10,,LH,소계,충남,0
2021-10,,LH,소계,전북,2
2021-10,,LH,소계,전남,0
2021-10,,LH,소계,경북,0
2021-10,,LH,소계,경남,82
2021-10,,LH,소계,제주,0
2021-10,,LH,국민임대,전국,1394
2021-10,,LH,국민임대,서울,0
2021-10,,LH,국민임대,인천,0
2021-10,,LH,국민임대,경기,140
2021-10,,LH,국민임대,부산,0
2021-10,,LH,국민임대,대구,0
2021-10,,LH,국민임대,광주,0
2021-10,,LH,국민임대,대전,0
2021-10,,LH,국민임대,울산,0
2021-10,,LH,국민임대,세종,0
2021-10,,LH,국민임대,강원,0
2021-10,,LH,국민임대,충북,1254
2021-10,,LH,국민임대,충남,0
2021-10,,LH,국민임대,전북,0
2021-10,,LH,국민임대,전남,0
2021-10,,LH,국민임대,경북,0
2021-10,,LH,국민임대,경남,0
2021-10,,LH,국민임대,제주,0
2021-10,,LH,공공임대,전국,850
2021-10,,LH,공공임대,서울,60
2021-10,,LH,공공임대,인천,0
2021-10,,LH,공공임대,경기,64
2021-10,,LH,공공임대,부산,0
2021-10,,LH,공공임대,대구,0
2021-10,,LH,공공임대,광주,0
2021-10,,LH,공공임대,대전,1
2021-10,,LH,공공임대,울산,0
2021-10,,LH,공공임대,세종,0
2021-10,,LH,공공임대,강원,636
2021-10,,LH,공공임대,충북,5
2021-10,,LH,공공임대,충남,0
2021-10,,LH,공공임대,전북,2
2021-10,,LH,공공임대,전남,0
2021-10,,LH,공공임대,경북,0
2021-10,,LH,공공임대,경남,82
2021-10,,LH,공공임대,제주,0
2021-10,,LH,공공분양,전국,439
2021-10,,LH,공공분양,서울,400
2021-10,,LH,공공분양,인천,0
2021-10,,LH,공공분양,경기,39
2021-10,,LH,공공분양,부산,0
2021-10,,LH,공공분양,대구,0
2021-10,,LH,공공분양,광주,0
2021-10,,LH,공공분양,대전,0
2021-10,,LH,공공분양,울산,0
2021-10,,LH,공공분양,세종,0
2021-10,,LH,공공분양,강원,0
2021-10,,LH,공공분양,충북,0
2021-10,,LH,공공분양,충남,0
2021-10,,LH,공공분양,전북,0
2021-10,,LH,공공분양,전남,0
2021-10,,LH,공공분양,경북,0
2021-10,,LH,공공분양,경남,0
2021-10,,LH,공공분양,제주,0
2021-10,,주택업체,소계,전국,10010
2021-10,,주택업체,소계,서울,1788
2021-10,,주택업체,소계,인천,82
2021-10,,주택업체,소계,경기,5627
2021-10,,주택업체,소계,부산,152
2021-10,,주택업체,소계,대구,0
2021-10,,주택업체,소계,광주,47
2021-10,,주택업체,소계,대전,662
2021-10,,주택업체,소계,울산,43
2021-10,,주택업체,소계,세종,0
2021-10,,주택업체,소계,강원,0
2021-10,,주택업체,소계,충북,30
2021-10,,주택업체,소계,충남,365
2021-10,,주택업체,소계,전북,0
2021-10,,주택업체,소계,전남,0
2021-10,,주택업체,소계,경북,40
2021-10,,주택업체,소계,경남,1159
2021-10,,주택업체,소계,제주,15
2021-10,,주택업체,국민임대,전국,1056
2021-10,,주택업체,국민임대,서울,1
2021-10,,주택업체,국민임대,인천,82
2021-10,,주택업체,국민임대,경기,928
2021-10,,주택업체,국민임대,부산,0
2021-10,,주택업체,국민임대,대구,0
2021-10,,주택업체,국민임대,광주,0
2021-10,,주택업체,국민임대,대전,0
2021-10,,주택업체,국민임대,울산,0
2021-10,,주택업체,국민임대,세종,0
2021-10,,주택업체,국민임대,강원,0
2021-10,,주택업체,국민임대,충북,30
2021-10,,주택업체,국민임대,충남,0
2021-10,,주택업체,국민임대,전북,0
2021-10,,주택업체,국민임대,전남,0
2021-10,,주택업체,국민임대,경북,0
2021-10,,주택업체,국민임대,경남,0
2021-10,,주택업체,국민임대,제주,15
2021-10,,주택업체,공공임대,전국,7727
2021-10,,주택업체,공공임대,서울,1787
2021-10,,주택업체,공공임대,인천,0
2021-10,,주택업체,공공임대,경기,3472
2021-10,,주택업체,공공임대,부산,152
2021-10,,주택업체,공공임대,대구,0
2021-10,,주택업체,공공임대,광주,47
2021-10,,주택업체,공공임대,대전,662
2021-10,,주택업체,공공임대,울산,43
2021-10,,주택업체,공공임대,세종,0
2021-10,,주택업체,공공임대,강원,0
2021-10,,주택업체,공공임대,충북,0
2021-10,,주택업체,공공임대,충남,365
2021-10,,주택업체,공공임대,전북,0
2021-10,,주택업체,공공임대,전남,0
2021-10,,주택업체,공공임대,경북,40
2021-10,,주택업체,공공임대,경남,1159
2021-10,,주택업체,공공임대,제주,0
2021-10,,주택업체,공공분양,전국,1227
2021-10,,주택업체,공공분양,서울,0
2021-10,,주택업체,공공분양,인천,0
2021-10,,주택업체,공공분양,경기,1227
2021-10,,주택업체,공공분양,부산,0
2021-10,,주택업체,공공분양,대구,0
2021-10,,주택업체,공공분양,광주,0
2021-10,,주택업체,공공분양,대전,0
2021-10,,주택업체,공공분양,울산,0
2021-10,,주택업체,공공분양,세종,0
2021-10,,주택업체,공공분양,강원,0
2021-10,,주택업체,공공분양,충북,0
2021-10,,주택업체,공공분양,충남,0
2021-10,,주택업체,공공분양,전북,0
2021-10,,주택업체,공공분양,전남,0
2021-10,,주택업체,공공분양,경북,0
2021-10,,주택업체,공공분양,경남,0
2021-10,,주택업체,공공분양,제주,0
2021-10,,민간부문,민간부문,전국,386335
2021-10,,민간부문,민간부문,서울,64619
2021-10,,민간부문,민간부문,인천,15041
2021-10,,민간부문,민간부문,경기,115514
2021-10,,민간부문,민간부문,부산,15482
2021-10,,민간부문,민간부문,대구,18655
2021-10,,민간부문,민간부문,광주,4120
2021-10,,민간부문,민간부문,대전,9668
2021-10,,민간부문,민간부문,울산,5893
2021-10,,민간부문,민간부문,세종,2782
2021-10,,민간부문,민간부문,강원,11421
2021-10,,민간부문,민간부문,충북,14162
2021-10,,민간부문,민간부문,충남,20155
2021-10,,민간부문,민간부문,전북,15870
2021-10,,민간부문,민간부문,전남,25609
2021-10,,민간부문,민간부문,경북,23111
2021-10,,민간부문,민간부문,경남,19070
2021-10,,민간부문,민간부문,제주,5163
2021-10,,민간,민간임대,전국,35598
2021-10,,민간,민간임대,서울,6256
2021-10,,민간,민간임대,인천,0
2021-10,,민간,민간임대,경기,9716
2021-10,,민간,민간임대,부산,1149
2021-10,,민간,민간임대,대구,1375
2021-10,,민간,민간임대,광주,40
2021-10,,민간,민간임대,대전,1856
2021-10,,민간,민간임대,울산,0
2021-10,,민간,민간임대,세종,0
2021-10,,민간,민간임대,강원,1560
2021-10,,민간,민간임대,충북,1849
2021-10,,민간,민간임대,충남,2181
2021-10,,민간,민간임대,전북,2247
2021-10,,민간,민간임대,전남,4221
2021-10,,민간,민간임대,경북,669
2021-10,,민간,민간임대,경남,2391
2021-10,,민간,민간임대,제주,88
2021-10,,민간,민간분양,전국,350737
2021-10,,민간,민간분양,서울,58363
2021-10,,민간,민간분양,인천,15041
2021-10,,민간,민간분양,경기,105798
2021-10,,민간,민간분양,부산,14333
2021-10,,민간,민간분양,대구,17280
2021-10,,민간,민간분양,광주,4080
2021-10,,민간,민간분양,대전,7812
2021-10,,민간,민간분양,울산,5893
2021-10,,민간,민간분양,세종,2782
2021-10,,민간,민간분양,강원,9861
2021-10,,민간,민간분양,충북,12313
2021-10,,민간,민간분양,충남,17974
2021-10,,민간,민간분양,전북,13623
2021-10,,민간,민간분양,전남,21388
2021-10,,민간,민간분양,경북,22442
2021-10,,민간,민간분양,경남,16679
2021-10,,민간,민간분양,제주,5075
2021-11,,총계,총계,전국,439362
2021-11,,총계,총계,서울,76149
2021-11,,총계,총계,인천,18844
2021-11,,총계,총계,경기,128629
2021-11,,총계,총계,부산,18197
2021-11,,총계,총계,대구,19370
2021-11,,총계,총계,광주,4382
2021-11,,총계,총계,대전,11379
2021-11,,총계,총계,울산,7742
2021-11,,총계,총계,세종,2797
2021-11,,총계,총계,강원,13902
2021-11,,총계,총계,충북,16660
2021-11,,총계,총계,충남,23830
2021-11,,총계,총계,전북,16084
2021-11,,총계,총계,전남,28510
2021-11,,총계,총계,경북,25149
2021-11,,총계,총계,경남,21890
2021-11,,총계,총계,제주,5848
2021-11,,공공부문,공공부문,전국,16653
2021-11,,공공부문,공공부문,서울,4361
2021-11,,공공부문,공공부문,인천,904
2021-11,,공공부문,공공부문,경기,5870
2021-11,,공공부문,공공부문,부산,152
2021-11,,공공부문,공공부문,대구,13
2021-11,,공공부문,공공부문,광주,47
2021-11,,공공부문,공공부문,대전,663
2021-11,,공공부문,공공부문,울산,413
2021-11,,공공부문,공공부문,세종,0
2021-11,,공공부문,공공부문,강원,1014
2021-11,,공공부문,공공부문,충북,1304
2021-11,,공공부문,공공부문,충남,525
2021-11,,공공부문,공공부문,전북,4
2021-11,,공공부문,공공부문,전남,0
2021-11,,공공부문,공공부문,경북,40
2021-11,,공공부문,공공부문,경남,1241
2021-11,,공공부문,공공부문,제주,102
2021-11,,합,국민임대,전국,3092
2021-11,,합,국민임대,서울,47
2021-11,,합,국민임대,인천,82
2021-11,,합,국민임대,경기,1068
2021-11,,합,국민임대,부산,0
2021-11,,합,국민임대,대구,1
2021-11,,합,국민임대,광주,0
2021-11,,합,국민임대,대전,0
2021-11,,합,국민임대,울산,0
2021-11,,합,국민임대,세종,0
2021-11,,합,국민임대,강원,378
2021-11,,합,국민임대,충북,1284
2021-11,,합,국민임대,충남,130
2021-11,,합,국민임대,전북,0
2021-11,,합,국민임대,전남,0
2021-11,,합,국민임대,경북,0
2021-11,,합,국민임대,경남,0
2021-11,,합,국민임대,제주,102
2021-11,,합,공공임대,전국,9768
2021-11,,합,공공임대,서울,2609
2021-11,,합,공공임대,인천,0
2021-11,,합,공공임대,경기,3536
2021-11,,합,공공임대,부산,152
2021-11,,합,공공임대,대구,12
2021-11,,합,공공임대,광주,47
2021-11,,합,공공임대,대전,663
2021-11,,합,공공임대,울산,413
2021-11,,합,공공임대,세종,0
2021-11,,합,공공임대,강원,636
2021-11,,합,공공임대,충북,20
2021-11,,합,공공임대,충남,395
2021-11,,합,공공임대,전북,4
2021-11,,합,공공임대,전남,0
2021-11,,합,공공임대,경북,40
2021-11,,합,공공임대,경남,1241
2021-11,,합,공공임대,제주,0
2021-11,,합,공공분양,전국,3793
2021-11,,합,공공분양,서울,1705
2021-11,,합,공공분양,인천,822
2021-11,,합,공공분양,경기,1266
2021-11,,합,공공분양,부산,0
2021-11,,합,공공분양,대구,0
2021-11,,합,공공분양,광주,0
2021-11,,합,공공분양,대전,0
2021-11,,합,공공분양,울산,0
2021-11,,합,공공분양,세종,0
2021-11,,합,공공분양,강원,0
2021-11,,합,공공분양,충북,0
2021-11,,합,공공분양,충남,0
2021-11,,합,공공분양,전북,0
2021-11,,합,공공분양,전남,0
2021-11,,합,공공분양,경북,0
2021-11,,합,공공분양,경남,0
2021-11,,합,공공분양,제주,0
2021-11,,지자체,소계,전국,2723
2021-11,,지자체,소계,서울,2062
2021-11,,지자체,소계,인천,0
2021-11,,지자체,소계,경기,0
2021-11,,지자체,소계,부산,0
2021-11,,지자체,소계,대구,0
2021-11,,지자체,소계,광주,0
2021-11,,지자체,소계,대전,0
2021-11,,지자체,소계,울산,370
2021-11,,지자체,소계,세종,0
2021-11,,지자체,소계,강원,189
2021-11,,지자체,소계,충북,15
2021-11,,지자체,소계,충남,0
2021-11,,지자체,소계,전북,0
2021-11,,지자체,소계,전남,0
2021-11,,지자체,소계,경북,0
2021-11,,지자체,소계,경남,0
2021-11,,지자체,소계,제주,87
2021-11,,지자체,국민임대,전국,322
2021-11,,지자체,국민임대,서울,46
2021-11,,지자체,국민임대,인천,0
2021-11,,지자체,국민임대,경기,0
2021-11,,지자체,국민임대,부산,0
2021-11,,지자체,국민임대,대구,0
2021-11,,지자체,국민임대,광주,0
2021-11,,지자체,국민임대,대전,0
2021-11,,지자체,국민임대,울산,0
2021-11,,지자체,국민임대,세종,0
2021-11,,지자체,국민임대,강원,189
2021-11,,지자체,국민임대,충북,0
2021-11,,지자체,국민임대,충남,0
2021-11,,지자체,국민임대,전북,0
2021-11,,지자체,국민임대,전남,0
2021-11,,지자체,국민임대,경북,0
2021-11,,지자체,국민임대,경남,0
2021-11,,지자체,국민임대,제주,87
2021-11,,지자체,공공임대,전국,1096
2021-11,,지자체,공공임대,서울,711
2021-11,,지자체,공공임대,인천,0
2021-11,,지자체,공공임대,경기,0
2021-11,,지자체,공공임대,부산,0
2021-11,,지자체,공공임대,대구,0
2021-11,,지자체,공공임대,광주,0
2021-11,,지자체,공공임대,대전,0
2021-11,,지자체,공공임대,울산,370
2021-11,,지자체,공공임대,세종,0
2021-11,,지자체,공공임대,강원,0
2021-11,,지자체,공공임대,충북,15
2021-11,,지자체,공공임대,충남,0
2021-11,,지자체,공공임대,전북,0
2021-11,,지자체,공공임대,전남,0
2021-11,,지자체,공공임대,경북,0
2021-11,,지자체,공공임대,경남,0
2021-11,,지자체,공공임대,제주,0
2021-11,,지자체,공공분양,전국,1305
2021-11,,지자체,공공분양,서울,1305
2021-11,,지자체,공공분양,인천,0
2021-11,,지자체,공공분양,경기,0
2021-11,,지자체,공공분양,부산,0
2021-11,,지자체,공공분양,대구,0
2021-11,,지자체,공공분양,광주,0
2021-11,,지자체,공공분양,대전,0
2021-11,,지자체,공공분양,울산,0
2021-11,,지자체,공공분양,세종,0
2021-11,,지자체,공공분양,강원,0
2021-11,,지자체,공공분양,충북,0
2021-11,,지자체,공공분양,충남,0
2021-11,,지자체,공공분양,전북,0
2021-11,,지자체,공공분양,전남,0
2021-11,,지자체,공공분양,경북,0
2021-11,,지자체,공공분양,경남,0
2021-11,,지자체,공공분양,제주,0
2021-11,,LH,소계,전국,3856
2021-11,,LH,소계,서울,460
2021-11,,LH,소계,인천,822
2021-11,,LH,소계,경기,243
2021-11,,LH,소계,부산,0
2021-11,,LH,소계,대구,0
2021-11,,LH,소계,광주,0
2021-11,,LH,소계,대전,1
2021-11,,LH,소계,울산,0
2021-11,,LH,소계,세종,0
2021-11,,LH,소계,강원,825
2021-11,,LH,소계,충북,1259
2021-11,,LH,소계,충남,160
2021-11,,LH,소계,전북,4
2021-11,,LH,소계,전남,0
2021-11,,LH,소계,경북,0
2021-11,,LH,소계,경남,82
2021-11,,LH,소계,제주,0
2021-11,,LH,국민임대,전국,1713
2021-11,,LH,국민임대,서울,0
2021-11,,LH,국민임대,인천,0
2021-11,,LH,국민임대,경기,140
2021-11,,LH,국민임대,부산,0
2021-11,,LH,국민임대,대구,0
2021-11,,LH,국민임대,광주,0
2021-11,,LH,국민임대,대전,0
2021-11,,LH,국민임대,울산,0
2021-11,,LH,국민임대,세종,0
2021-11,,LH,국민임대,강원,189
2021-11,,LH,국민임대,충북,1254
2021-11,,LH,국민임대,충남,130
2021-11,,LH,국민임대,전북,0
2021-11,,LH,국민임대,전남,0
2021-11,,LH,국민임대,경북,0
2021-11,,LH,국민임대,경남,0
2021-11,,LH,국민임대,제주,0
2021-11,,LH,공공임대,전국,882
2021-11,,LH,공공임대,서울,60
2021-11,,LH,공공임대,인천,0
2021-11,,LH,공공임대,경기,64
2021-11,,LH,공공임대,부산,0
2021-11,,LH,공공임대,대구,0
2021-11,,LH,공공임대,광주,0
2021-11,,LH,공공임대,대전,1
2021-11,,LH,공공임대,울산,0
2021-11,,LH,공공임대,세종,0
2021-11,,LH,공공임대,강원,636
2021-11,,LH,공공임대,충북,5
2021-11,,LH,공공임대,충남,30
2021-11,,LH,공공임대,전북,4
2021-11,,LH,공공임대,전남,0
2021-11,,LH,공공임대,경북,0
2021-11,,LH,공공임대,경남,82
2021-11,,LH,공공임대,제주,0
2021-11,,LH,공공분양,전국,1261
2021-11,,LH,공공분양,서울,400
2021-11,,LH,공공분양,인천,822
2021-11,,LH,공공분양,경기,39
2021-11,,LH,공공분양,부산,0
2021-11,,LH,공공분양,대구,0
2021-11,,LH,공공분양,광주,0
2021-11,,LH,공공분양,대전,0
2021-11,,LH,공공분양,울산,0
2021-11,,LH,공공분양,세종,0
2021-11,,LH,공공분양,강원,0
2021-11,,LH,공공분양,충북,0
2021-11,,LH,공공분양,충남,0
2021-11,,LH,공공분양,전북,0
2021-11,,LH,공공분양,전남,0
2021-11,,LH,공공분양,경북,0
2021-11,,LH,공공분양,경남,0
2021-11,,LH,공공분양,제주,0
2021-11,,주택업체,소계,전국,10074
2021-11,,주택업체,소계,서울,1839
2021-11,,주택업체,소계,인천,82
2021-11,,주택업체,소계,경기,5627
2021-11,,주택업체,소계,부산,152
2021-11,,주택업체,소계,대구,13
2021-11,,주택업체,소계,광주,47
2021-11,,주택업체,소계,대전,662
2021-11,,주택업체,소계,울산,43
2021-11,,주택업체,소계,세종,0
2021-11,,주택업체,소계,강원,0
2021-11,,주택업체,소계,충북,30
2021-11,,주택업체,소계,충남,365
2021-11,,주택업체,소계,전북,0
2021-11,,주택업체,소계,전남,0
2021-11,,주택업체,소계,경북,40
2021-11,,주택업체,소계,경남,1159
2021-11,,주택업체,소계,제주,15
2021-11,,주택업체,국민임대,전국,1057
2021-11,,주택업체,국민임대,서울,1
2021-11,,주택업체,국민임대,인천,82
2021-11,,주택업체,국민임대,경기,928
2021-11,,주택업체,국민임대,부산,0
2021-11,,주택업체,국민임대,대구,1
2021-11,,주택업체,국민임대,광주,0
2021-11,,주택업체,국민임대,대전,0
2021-11,,주택업체,국민임대,울산,0
2021-11,,주택업체,국민임대,세종,0
2021-11,,주택업체,국민임대,강원,0
2021-11,,주택업체,국민임대,충북,30
2021-11,,주택업체,국민임대,충남,0
2021-11,,주택업체,국민임대,전북,0
2021-11,,주택업체,국민임대,전남,0
2021-11,,주택업체,국민임대,경북,0
2021-11,,주택업체,국민임대,경남,0
2021-11,,주택업체,국민임대,제주,15
2021-11,,주택업체,공공임대,전국,7790
2021-11,,주택업체,공공임대,서울,1838
2021-11,,주택업체,공공임대,인천,0
2021-11,,주택업체,공공임대,경기,3472
2021-11,,주택업체,공공임대,부산,152
2021-11,,주택업체,공공임대,대구,12
2021-11,,주택업체,공공임대,광주,47
2021-11,,주택업체,공공임대,대전,662
2021-11,,주택업체,공공임대,울산,43
2021-11,,주택업체,공공임대,세종,0
2021-11,,주택업체,공공임대,강원,0
2021-11,,주택업체,공공임대,충북,0
2021-11,,주택업체,공공임대,충남,365
2021-11,,주택업체,공공임대,전북,0
2021-11,,주택업체,공공임대,전남,0
2021-11,,주택업체,공공임대,경북,40
2021-11,,주택업체,공공임대,경남,1159
2021-11,,주택업체,공공임대,제주,0
2021-11,,주택업체,공공분양,전국,1227
2021-11,,주택업체,공공분양,서울,0
2021-11,,주택업체,공공분양,인천,0
2021-11,,주택업체,공공분양,경기,1227
2021-11,,주택업체,공공분양,부산,0
2021-11,,주택업체,공공분양,대구,0
2021-11,,주택업체,공공분양,광주,0
2021-11,,주택업체,공공분양,대전,0
2021-11,,주택업체,공공분양,울산,0
2021-11,,주택업체,공공분양,세종,0
2021-11,,주택업체,공공분양,강원,0
2021-11,,주택업체,공공분양,충북,0
2021-11,,주택업체,공공분양,충남,0
2021-11,,주택업체,공공분양,전북,0
2021-11,,주택업체,공공분양,전남,0
2021-11,,주택업체,공공분양,경북,0
2021-11,,주택업체,공공분양,경남,0
2021-11,,주택업체,공공분양,제주,0
2021-11,,민간부문,민간부문,전국,422709
2021-11,,민간부문,민간부문,서울,71788
2021-11,,민간부문,민간부문,인천,17940
2021-11,,민간부문,민간부문,경기,122759
2021-11,,민간부문,민간부문,부산,18045
2021-11,,민간부문,민간부문,대구,19357
2021-11,,민간부문,민간부문,광주,4335
2021-11,,민간부문,민간부문,대전,10716
2021-11,,민간부문,민간부문,울산,7329
2021-11,,민간부문,민간부문,세종,2797
2021-11,,민간부문,민간부문,강원,12888
2021-11,,민간부문,민간부문,충북,15356
2021-11,,민간부문,민간부문,충남,23305
2021-11,,민간부문,민간부문,전북,16080
2021-11,,민간부문,민간부문,전남,28510
2021-11,,민간부문,민간부문,경북,25109
2021-11,,민간부문,민간부문,경남,20649
2021-11,,민간부문,민간부문,제주,5746
2021-11,,민간,민간임대,전국,40207
2021-11,,민간,민간임대,서울,8116
2021-11,,민간,민간임대,인천,918
2021-11,,민간,민간임대,경기,10226
2021-11,,민간,민간임대,부산,1149
2021-11,,민간,민간임대,대구,1375
2021-11,,민간,민간임대,광주,40
2021-11,,민간,민간임대,대전,1856
2021-11,,민간,민간임대,울산,0
2021-11,,민간,민간임대,세종,0
2021-11,,민간,민간임대,강원,1560
2021-11,,민간,민간임대,충북,1849
2021-11,,민간,민간임대,충남,2181
2021-11,,민간,민간임대,전북,2247
2021-11,,민간,민간임대,전남,4769
2021-11,,민간,민간임대,경북,669
2021-11,,민간,민간임대,경남,3164
2021-11,,민간,민간임대,제주,88
2021-11,,민간,민간분양,전국,382502
2021-11,,민간,민간분양,서울,63672
2021-11,,민간,민간분양,인천,17022
2021-11,,민간,민간분양,경기,112533
2021-11,,민간,민간분양,부산,16896
2021-11,,민간,민간분양,대구,17982
2021-11,,민간,민간분양,광주,4295
2021-11,,민간,민간분양,대전,8860
2021-11,,민간,민간분양,울산,7329
2021-11,,민간,민간분양,세종,2797
2021-11,,민간,민간분양,강원,11328
2021-11,,민간,민간분양,충북,13507
2021-11,,민간,민간분양,충남,21124
2021-11,,민간,민간분양,전북,13833
2021-11,,민간,민간분양,전남,23741
2021-11,,민간,민간분양,경북,24440
2021-11,,민간,민간분양,경남,17485
2021-11,,민간,민간분양,제주,5658
2021-12,,총계,총계,전국,535971
2021-12,,총계,총계,서울,81637
2021-12,,총계,총계,인천,26214
2021-12,,총계,총계,경기,179862
2021-12,,총계,총계,부산,21695
2021-12,,총계,총계,대구,23727
2021-12,,총계,총계,광주,5361
2021-12,,총계,총계,대전,13809
2021-12,,총계,총계,울산,9016
2021-12,,총계,총계,세종,3238
2021-12,,총계,총계,강원,16499
2021-12,,총계,총계,충북,17072
2021-12,,총계,총계,충남,28538
2021-12,,총계,총계,전북,18694
2021-12,,총계,총계,전남,30220
2021-12,,총계,총계,경북,28974
2021-12,,총계,총계,경남,24701
2021-12,,총계,총계,제주,6714
2021-12,,공공부문,공공부문,전국,66731
2021-12,,공공부문,공공부문,서울,5471
2021-12,,공공부문,공공부문,인천,7147
2021-12,,공공부문,공공부문,경기,42525
2021-12,,공공부문,공공부문,부산,152
2021-12,,공공부문,공공부문,대구,643
2021-12,,공공부문,공공부문,광주,47
2021-12,,공공부문,공공부문,대전,825
2021-12,,공공부문,공공부문,울산,1003
2021-12,,공공부문,공공부문,세종,400
2021-12,,공공부문,공공부문,강원,1872
2021-12,,공공부문,공공부문,충북,1368
2021-12,,공공부문,공공부문,충남,1452
2021-12,,공공부문,공공부문,전북,651
2021-12,,공공부문,공공부문,전남,88
2021-12,,공공부문,공공부문,경북,1614
2021-12,,공공부문,공공부문,경남,1241
2021-12,,공공부문,공공부문,제주,232
2021-12,,합,국민임대,전국,6444
2021-12,,합,국민임대,서울,47
2021-12,,합,국민임대,인천,675
2021-12,,합,국민임대,경기,2980
2021-12,,합,국민임대,부산,0
2021-12,,합,국민임대,대구,1
2021-12,,합,국민임대,광주,0
2021-12,,합,국민임대,대전,0
2021-12,,합,국민임대,울산,58
2021-12,,합,국민임대,세종,0
2021-12,,합,국민임대,강원,778
2021-12,,합,국민임대,충북,1284
2021-12,,합,국민임대,충남,130
2021-12,,합,국민임대,전북,135
2021-12,,합,국민임대,전남,40
2021-12,,합,국민임대,경북,84
2021-12,,합,국민임대,경남,0
2021-12,,합,국민임대,제주,232
2021-12,,합,공공임대,전국,32872
2021-12,,합,공공임대,서울,3719
2021-12,,합,공공임대,인천,2186
2021-12,,합,공공임대,경기,19048
2021-12,,합,공공임대,부산,152
2021-12,,합,공공임대,대구,642
2021-12,,합,공공임대,광주,47
2021-12,,합,공공임대,대전,825
2021-12,,합,공공임대,울산,945
2021-12,,합,공공임대,세종,400
2021-12,,합,공공임대,강원,1094
2021-12,,합,공공임대,충북,84
2021-12,,합,공공임대,충남,395
2021-12,,합,공공임대,전북,516
2021-12,,합,공공임대,전남,48
2021-12,,합,공공임대,경북,1530
2021-12,,합,공공임대,경남,1241
2021-12,,합,공공임대,제주,0
2021-12,,합,공공분양,전국,27415
2021-12,,합,공공분양,서울,1705
2021-12,,합,공공분양,인천,4286
2021-12,,합,공공분양,경기,20497
2021-12,,합,공공분양,부산,0
2021-12,,합,공공분양,대구,0
2021-12,,합,공공분양,광주,0
2021-12,,합,공공분양,대전,0
2021-12,,합,공공분양,울산,0
2021-12,,합,공공분양,세종,0
2021-12,,합,공공분양,강원,0
2021-12,,합,공공분양,충북,0
2021-12,,합,공공분양,충남,927
2021-12,,합,공공분양,전북,0
2021-12,,합,공공분양,전남,0
2021-12,,합,공공분양,경북,0
2021-12,,합,공공분양,경남,0
2021-12,,합,공공분양,제주,0
2021-12,,지자체,소계,전국,2732
2021-12,,지자체,소계,서울,2071
2021-12,,지자체,소계,인천,0
2021-12,,지자체,소계,경기,0
2021-12,,지자체,소계,부산,0
2021-12,,지자체,소계,대구,0
2021-12,,지자체,소계,광주,0
2021-12,,지자체,소계,대전,0
2021-12,,지자체,소계,울산,370
2021-12,,지자체,소계,세종,0
2021-12,,지자체,소계,강원,189
2021-12,,지자체,소계,충북,15
2021-12,,지자체,소계,충남,0
2021-12,,지자체,소계,전북,0
2021-12,,지자체,소계,전남,0
2021-12,,지자체,소계,경북,0
2021-12,,지자체,소계,경남,0
2021-12,,지자체,소계,제주,87
2021-12,,지자체,국민임대,전국,322
2021-12,,지자체,국민임대,서울,46
2021-12,,지자체,국민임대,인천,0
2021-12,,지자체,국민임대,경기,0
2021-12,,지자체,국민임대,부산,0
2021-12,,지자체,국민임대,대구,0
2021-12,,지자체,국민임대,광주,0
2021-12,,지자체,국민임대,대전,0
2021-12,,지자체,국민임대,울산,0
2021-12,,지자체,국민임대,세종,0
2021-12,,지자체,국민임대,강원,189
2021-12,,지자체,국민임대,충북,0
2021-12,,지자체,국민임대,충남,0
2021-12,,지자체,국민임대,전북,0
2021-12,,지자체,국민임대,전남,0
2021-12,,지자체,국민임대,경북,0
2021-12,,지자체,국민임대,경남,0
2021-12,,지자체,국민임대,제주,87
2021-12,,지자체,공공임대,전국,1105
2021-12,,지자체,공공임대,서울,720
2021-12,,지자체,공공임대,인천,0
2021-12,,지자체,공공임대,경기,0
2021-12,,지자체,공공임대,부산,0
2021-12,,지자체,공공임대,대구,0
2021-12,,지자체,공공임대,광주,0
2021-12,,지자체,공공임대,대전,0
2021-12,,지자체,공공임대,울산,370
2021-12,,지자체,공공임대,세종,0
2021-12,,지자체,공공임대,강원,0
2021-12,,지자체,공공임대,충북,15
2021-12,,지자체,공공임대,충남,0
2021-12,,지자체,공공임대,전북,0
2021-12,,지자체,공공임대,전남,0
2021-12,,지자체,공공임대,경북,0
2021-12,,지자체,공공임대,경남,0
2021-12,,지자체,공공임대,제주,0
2021-12,,지자체,공공분양,전국,1305
2021-12,,지자체,공공분양,서울,1305
2021-12,,지자체,공공분양,인천,0
2021-12,,지자체,공공분양,경기,0
2021-12,,지자체,공공분양,부산,0
2021-12,,지자체,공공분양,대구,0
2021-12,,지자체,공공분양,광주,0
2021-12,,지자체,공공분양,대전,0
2021-12,,지자체,공공분양,울산,0
2021-12,,지자체,공공분양,세종,0
2021-12,,지자체,공공분양,강원,0
2021-12,,지자체,공공분양,충북,0
2021-12,,지자체,공공분양,충남,0
2021-12,,지자체,공공분양,전북,0
2021-12,,지자체,공공분양,전남,0
2021-12,,지자체,공공분양,경북,0
2021-12,,지자체,공공분양,경남,0
2021-12,,지자체,공공분양,제주,0
2021-12,,LH,소계,전국,50997
2021-12,,LH,소계,서울,460
2021-12,,LH,소계,인천,5530
2021-12,,LH,소계,경기,36898
2021-12,,LH,소계,부산,0
2021-12,,LH,소계,대구,630
2021-12,,LH,소계,광주,0
2021-12,,LH,소계,대전,1
2021-12,,LH,소계,울산,590
2021-12,,LH,소계,세종,400
2021-12,,LH,소계,강원,1683
2021-12,,LH,소계,충북,1323
2021-12,,LH,소계,충남,1087
2021-12,,LH,소계,전북,651
2021-12,,LH,소계,전남,88
2021-12,,LH,소계,경북,1574
2021-12,,LH,소계,경남,82
2021-12,,LH,소계,제주,0
2021-12,,LH,국민임대,전국,4935
2021-12,,LH,국민임대,서울,0
2021-12,,LH,국민임대,인천,593
2021-12,,LH,국민임대,경기,2052
2021-12,,LH,국민임대,부산,0
2021-12,,LH,국민임대,대구,0
2021-12,,LH,국민임대,광주,0
2021-12,,LH,국민임대,대전,0
2021-12,,LH,국민임대,울산,58
2021-12,,LH,국민임대,세종,0
2021-12,,LH,국민임대,강원,589
2021-12,,LH,국민임대,충북,1254
2021-12,,LH,국민임대,충남,130
2021-12,,LH,국민임대,전북,135
2021-12,,LH,국민임대,전남,40
2021-12,,LH,국민임대,경북,84
2021-12,,LH,국민임대,경남,0
2021-12,,LH,국민임대,제주,0
2021-12,,LH,공공임대,전국,22714
2021-12,,LH,공공임대,서울,60
2021-12,,LH,공공임대,인천,2186
2021-12,,LH,공공임대,경기,15576
2021-12,,LH,공공임대,부산,0
2021-12,,LH,공공임대,대구,630
2021-12,,LH,공공임대,광주,0
2021-12,,LH,공공임대,대전,1
2021-12,,LH,공공임대,울산,532
2021-12,,LH,공공임대,세종,400
2021-12,,LH,공공임대,강원,1094
2021-12,,LH,공공임대,충북,69
2021-12,,LH,공공임대,충남,30
2021-12,,LH,공공임대,전북,516
2021-12,,LH,공공임대,전남,48
2021-12,,LH,공공임대,경북,1490
2021-12,,LH,공공임대,경남,82
2021-12,,LH,공공임대,제주,0
2021-12,,LH,공공분양,전국,23348
2021-12,,LH,공공분양,서울,400
2021-12,,LH,공공분양,인천,2751
2021-12,,LH,공공분양,경기,19270
2021-12,,LH,공공분양,부산,0
2021-12,,LH,공공분양,대구,0
2021-12,,LH,공공분양,광주,0
2021-12,,LH,공공분양,대전,0
2021-12,,LH,공공분양,울산,0
2021-12,,LH,공공분양,세종,0
2021-12,,LH,공공분양,강원,0
2021-12,,LH,공공분양,충북,0
2021-12,,LH,공공분양,충남,927
2021-12,,LH,공공분양,전북,0
2021-12,,LH,공공분양,전남,0
2021-12,,LH,공공분양,경북,0
2021-12,,LH,공공분양,경남,0
2021-12,,LH,공공분양,제주,0
2021-12,,주택업체,소계,전국,13002
2021-12,,주택업체,소계,서울,2940
2021-12,,주택업체,소계,인천,1617
2021-12,,주택업체,소계,경기,5627
2021-12,,주택업체,소계,부산,152
2021-12,,주택업체,소계,대구,13
2021-12,,주택업체,소계,광주,47
2021-12,,주택업체,소계,대전,824
2021-12,,주택업체,소계,울산,43
2021-12,,주택업체,소계,세종,0
2021-12,,주택업체,소계,강원,0
2021-12,,주택업체,소계,충북,30
2021-12,,주택업체,소계,충남,365
2021-12,,주택업체,소계,전북,0
2021-12,,주택업체,소계,전남,0
2021-12,,주택업체,소계,경북,40
2021-12,,주택업체,소계,경남,1159
2021-12,,주택업체,소계,제주,145
2021-12,,주택업체,국민임대,전국,1187
2021-12,,주택업체,국민임대,서울,1
2021-12,,주택업체,국민임대,인천,82
2021-12,,주택업체,국민임대,경기,928
2021-12,,주택업체,국민임대,부산,0
2021-12,,주택업체,국민임대,대구,1
2021-12,,주택업체,국민임대,광주,0
2021-12,,주택업체,국민임대,대전,0
2021-12,,주택업체,국민임대,울산,0
2021-12,,주택업체,국민임대,세종,0
2021-12,,주택업체,국민임대,강원,0
2021-12,,주택업체,국민임대,충북,30
2021-12,,주택업체,국민임대,충남,0
2021-12,,주택업체,국민임대,전북,0
2021-12,,주택업체,국민임대,전남,0
2021-12,,주택업체,국민임대,경북,0
2021-12,,주택업체,국민임대,경남,0
2021-12,,주택업체,국민임대,제주,145
2021-12,,주택업체,공공임대,전국,9053
2021-12,,주택업체,공공임대,서울,2939
2021-12,,주택업체,공공임대,인천,0
2021-12,,주택업체,공공임대,경기,3472
2021-12,,주택업체,공공임대,부산,152
2021-12,,주택업체,공공임대,대구,12
2021-12,,주택업체,공공임대,광주,47
2021-12,,주택업체,공공임대,대전,824
2021-12,,주택업체,공공임대,울산,43
2021-12,,주택업체,공공임대,세종,0
2021-12,,주택업체,공공임대,강원,0
2021-12,,주택업체,공공임대,충북,0
2021-12,,주택업체,공공임대,충남,365
2021-12,,주택업체,공공임대,전북,0
2021-12,,주택업체,공공임대,전남,0
2021-12,,주택업체,공공임대,경북,40
2021-12,,주택업체,공공임대,경남,1159
2021-12,,주택업체,공공임대,제주,0
2021-12,,주택업체,공공분양,전국,2762
2021-12,,주택업체,공공분양,서울,0
2021-12,,주택업체,공공분양,인천,1535
2021-12,,주택업체,공공분양,경기,1227
2021-12,,주택업체,공공분양,부산,0
2021-12,,주택업체,공공분양,대구,0
2021-12,,주택업체,공공분양,광주,0
2021-12,,주택업체,공공분양,대전,0
2021-12,,주택업체,공공분양,울산,0
2021-12,,주택업체,공공분양,세종,0
2021-12,,주택업체,공공분양,강원,0
2021-12,,주택업체,공공분양,충북,0
2021-12,,주택업체,공공분양,충남,0
2021-12,,주택업체,공공분양,전북,0
2021-12,,주택업체,공공분양,전남,0
2021-12,,주택업체,공공분양,경북,0
2021-12,,주택업체,공공분양,경남,0
2021-12,,주택업체,공공분양,제주,0
2021-12,,민간부문,민간부문,전국,469240
2021-12,,민간부문,민간부문,서울,76166
2021-12,,민간부문,민간부문,인천,19067
2021-12,,민간부문,민간부문,경기,137337
2021-12,,민간부문,민간부문,부산,21543
2021-12,,민간부문,민간부문,대구,23084
2021-12,,민간부문,민간부문,광주,5314
2021-12,,민간부문,민간부문,대전,12984
2021-12,,민간부문,민간부문,울산,8013
2021-12,,민간부문,민간부문,세종,2838
2021-12,,민간부문,민간부문,강원,14627
2021-12,,민간부문,민간부문,충북,15704
2021-12,,민간부문,민간부문,충남,27086
2021-12,,민간부문,민간부문,전북,18043
2021-12,,민간부문,민간부문,전남,30132
2021-12,,민간부문,민간부문,경북,27360
2021-12,,민간부문,민간부문,경남,23460
2021-12,,민간부문,민간부문,제주,6482
2021-12,,민간,민간임대,전국,42640
2021-12,,민간,민간임대,서울,8174
2021-12,,민간,민간임대,인천,918
2021-12,,민간,민간임대,경기,10454
2021-12,,민간,민간임대,부산,1452
2021-12,,민간,민간임대,대구,1375
2021-12,,민간,민간임대,광주,40
2021-12,,민간,민간임대,대전,1856
2021-12,,민간,민간임대,울산,0
2021-12,,민간,민간임대,세종,0
2021-12,,민간,민간임대,강원,2164
2021-12,,민간,민간임대,충북,1849
2021-12,,민간,민간임대,충남,2181
2021-12,,민간,민간임대,전북,2367
2021-12,,민간,민간임대,전남,5035
2021-12,,민간,민간임대,경북,988
2021-12,,민간,민간임대,경남,3699
2021-12,,민간,민간임대,제주,88
2021-12,,민간,민간분양,전국,426600
2021-12,,민간,민간분양,서울,67992
2021-12,,민간,민간분양,인천,18149
2021-12,,민간,민간분양,경기,126883
2021-12,,민간,민간분양,부산,20091
2021-12,,민간,민간분양,대구,21709
2021-12,,민간,민간분양,광주,5274
2021-12,,민간,민간분양,대전,11128
2021-12,,민간,민간분양,울산,8013
2021-12,,민간,민간분양,세종,2838
2021-12,,민간,민간분양,강원,12463
2021-12,,민간,민간분양,충북,13855
2021-12,,민간,민간분양,충남,24905
2021-12,,민간,민간분양,전북,15676
2021-12,,민간,민간분양,전남,25097
2021-12,,민간,민간분양,경북,26372
2021-12,,민간,민간분양,경남,19761
2021-12,,민간,민간분양,제주,6394
2022-01,,총계,총계,전국,34660
2022-01,,총계,총계,서울,3581
2022-01,,총계,총계,인천,317
2022-01,,총계,총계,경기,4975
2022-01,,총계,총계,부산,2993
2022-01,,총계,총계,대구,2707
2022-01,,총계,총계,광주,242
2022-01,,총계,총계,대전,91
2022-01,,총계,총계,울산,448
2022-01,,총계,총계,세종,2135
2022-01,,총계,총계,강원,404
2022-01,,총계,총계,충북,3435
2022-01,,총계,총계,충남,2043
2022-01,,총계,총계,전북,616
2022-01,,총계,총계,전남,1366
2022-01,,총계,총계,경북,6039
2022-01,,총계,총계,경남,2825
2022-01,,총계,총계,제주,443
2022-01,,공공부문,공공부문,전국,1489
2022-01,,공공부문,공공부문,서울,0
2022-01,,공공부문,공공부문,인천,0
2022-01,,공공부문,공공부문,경기,454
2022-01,,공공부문,공공부문,부산,0
2022-01,,공공부문,공공부문,대구,0
2022-01,,공공부문,공공부문,광주,0
2022-01,,공공부문,공공부문,대전,0
2022-01,,공공부문,공공부문,울산,0
2022-01,,공공부문,공공부문,세종,1035
2022-01,,공공부문,공공부문,강원,0
2022-01,,공공부문,공공부문,충북,0
2022-01,,공공부문,공공부문,충남,0
2022-01,,공공부문,공공부문,전북,0
2022-01,,공공부문,공공부문,전남,0
2022-01,,공공부문,공공부문,경북,0
2022-01,,공공부문,공공부문,경남,0
2022-01,,공공부문,공공부문,제주,0
2022-01,,합,국민임대,전국,0
2022-01,,합,국민임대,서울,0
2022-01,,합,국민임대,인천,0
2022-01,,합,국민임대,경기,0
2022-01,,합,국민임대,부산,0
2022-01,,합,국민임대,대구,0
2022-01,,합,국민임대,광주,0
2022-01,,합,국민임대,대전,0
2022-01,,합,국민임대,울산,0
2022-01,,합,국민임대,세종,0
2022-01,,합,국민임대,강원,0
2022-01,,합,국민임대,충북,0
2022-01,,합,국민임대,충남,0
2022-01,,합,국민임대,전북,0
2022-01,,합,국민임대,전남,0
2022-01,,합,국민임대,경북,0
2022-01,,합,국민임대,경남,0
2022-01,,합,국민임대,제주,0
2022-01,,합,공공임대,전국,182
2022-01,,합,공공임대,서울,0
2022-01,,합,공공임대,인천,0
2022-01,,합,공공임대,경기,23
2022-01,,합,공공임대,부산,0
2022-01,,합,공공임대,대구,0
2022-01,,합,공공임대,광주,0
2022-01,,합,공공임대,대전,0
2022-01,,합,공공임대,울산,0
2022-01,,합,공공임대,세종,159
2022-01,,합,공공임대,강원,0
2022-01,,합,공공임대,충북,0
2022-01,,합,공공임대,충남,0
2022-01,,합,공공임대,전북,0
2022-01,,합,공공임대,전남,0
2022-01,,합,공공임대,경북,0
2022-01,,합,공공임대,경남,0
2022-01,,합,공공임대,제주,0
2022-01,,합,공공분양,전국,1307
2022-01,,합,공공분양,서울,0
2022-01,,합,공공분양,인천,0
2022-01,,합,공공분양,경기,431
2022-01,,합,공공분양,부산,0
2022-01,,합,공공분양,대구,0
2022-01,,합,공공분양,광주,0
2022-01,,합,공공분양,대전,0
2022-01,,합,공공분양,울산,0
2022-01,,합,공공분양,세종,876
2022-01,,합,공공분양,강원,0
2022-01,,합,공공분양,충북,0
2022-01,,합,공공분양,충남,0
2022-01,,합,공공분양,전북,0
2022-01,,합,공공분양,전남,0
2022-01,,합,공공분양,경북,0
2022-01,,합,공공분양,경남,0
2022-01,,합,공공분양,제주,0
2022-01,,지자체,소계,전국,0
2022-01,,지자체,소계,서울,0
2022-01,,지자체,소계,인천,0
2022-01,,지자체,소계,경기,0
2022-01,,지자체,소계,부산,0
2022-01,,지자체,소계,대구,0
2022-01,,지자체,소계,광주,0
2022-01,,지자체,소계,대전,0
2022-01,,지자체,소계,울산,0
2022-01,,지자체,소계,세종,0
2022-01,,지자체,소계,강원,0
2022-01,,지자체,소계,충북,0
2022-01,,지자체,소계,충남,0
2022-01,,지자체,소계,전북,0
2022-01,,지자체,소계,전남,0
2022-01,,지자체,소계,경북,0
2022-01,,지자체,소계,경남,0
2022-01,,지자체,소계,제주,0
2022-01,,지자체,국민임대,전국,0
2022-01,,지자체,국민임대,서울,0
2022-01,,지자체,국민임대,인천,0
2022-01,,지자체,국민임대,경기,0
2022-01,,지자체,국민임대,부산,0
2022-01,,지자체,국민임대,대구,0
2022-01,,지자체,국민임대,광주,0
2022-01,,지자체,국민임대,대전,0
2022-01,,지자체,국민임대,울산,0
2022-01,,지자체,국민임대,세종,0
2022-01,,지자체,국민임대,강원,0
2022-01,,지자체,국민임대,충북,0
2022-01,,지자체,국민임대,충남,0
2022-01,,지자체,국민임대,전북,0
2022-01,,지자체,국민임대,전남,0
2022-01,,지자체,국민임대,경북,0
2022-01,,지자체,국민임대,경남,0
2022-01,,지자체,국민임대,제주,0
2022-01,,지자체,공공임대,전국,0
2022-01,,지자체,공공임대,서울,0
2022-01,,지자체,공공임대,인천,0
2022-01,,지자체,공공임대,경기,0
2022-01,,지자체,공공임대,부산,0
2022-01,,지자체,공공임대,대구,0
2022-01,,지자체,공공임대,광주,0
2022-01,,지자체,공공임대,대전,0
2022-01,,지자체,공공임대,울산,0
2022-01,,지자체,공공임대,세종,0
2022-01,,지자체,공공임대,강원,0
2022-01,,지자체,공공임대,충북,0
2022-01,,지자체,공공임대,충남,0
2022-01,,지자체,공공임대,전북,0
2022-01,,지자체,공공임대,전남,0
2022-01,,지자체,공공임대,경북,0
2022-01,,지자체,공공임대,경남,0
2022-01,,지자체,공공임대,제주,0
2022-01,,지자체,공공분양,전국,0
2022-01,,지자체,공공분양,서울,0
2022-01,,지자체,공공분양,인천,0
2022-01,,지자체,공공분양,경기,0
2022-01,,지자체,공공분양,부산,0
2022-01,,지자체,공공분양,대구,0
2022-01,,지자체,공공분양,광주,0
2022-01,,지자체,공공분양,대전,0
2022-01,,지자체,공공분양,울산,0
2022-01,,지자체,공공분양,세종,0
2022-01,,지자체,공공분양,강원,0
2022-01,,지자체,공공분양,충북,0
2022-01,,지자체,공공분양,충남,0
2022-01,,지자체,공공분양,전북,0
2022-01,,지자체,공공분양,전남,0
2022-01,,지자체,공공분양,경북,0
2022-01,,지자체,공공분양,경남,0
2022-01,,지자체,공공분양,제주,0
2022-01,,LH,소계,전국,1058
2022-01,,LH,소계,서울,0
2022-01,,LH,소계,인천,0
2022-01,,LH,소계,경기,23
2022-01,,LH,소계,부산,0
2022-01,,LH,소계,대구,0
2022-01,,LH,소계,광주,0
2022-01,,LH,소계,대전,0
2022-01,,LH,소계,울산,0
2022-01,,LH,소계,세종,1035
2022-01,,LH,소계,강원,0
2022-01,,LH,소계,충북,0
2022-01,,LH,소계,충남,0
2022-01,,LH,소계,전북,0
2022-01,,LH,소계,전남,0
2022-01,,LH,소계,경북,0
2022-01,,LH,소계,경남,0
2022-01,,LH,소계,제주,0
2022-01,,LH,국민임대,전국,0
2022-01,,LH,국민임대,서울,0
2022-01,,LH,국민임대,인천,0
2022-01,,LH,국민임대,경기,0
2022-01,,LH,국민임대,부산,0
2022-01,,LH,국민임대,대구,0
2022-01,,LH,국민임대,광주,0
2022-01,,LH,국민임대,대전,0
2022-01,,LH,국민임대,울산,0
2022-01,,LH,국민임대,세종,0
2022-01,,LH,국민임대,강원,0
2022-01,,LH,국민임대,충북,0
2022-01,,LH,국민임대,충남,0
2022-01,,LH,국민임대,전북,0
2022-01,,LH,국민임대,전남,0
2022-01,,LH,국민임대,경북,0
2022-01,,LH,국민임대,경남,0
2022-01,,LH,국민임대,제주,0
2022-01,,LH,공공임대,전국,182
2022-01,,LH,공공임대,서울,0
2022-01,,LH,공공임대,인천,0
2022-01,,LH,공공임대,경기,23
2022-01,,LH,공공임대,부산,0
2022-01,,LH,공공임대,대구,0
2022-01,,LH,공공임대,광주,0
2022-01,,LH,공공임대,대전,0
2022-01,,LH,공공임대,울산,0
2022-01,,LH,공공임대,세종,159
2022-01,,LH,공공임대,강원,0
2022-01,,LH,공공임대,충북,0
2022-01,,LH,공공임대,충남,0
2022-01,,LH,공공임대,전북,0
2022-01,,LH,공공임대,전남,0
2022-01,,LH,공공임대,경북,0
2022-01,,LH,공공임대,경남,0
2022-01,,LH,공공임대,제주,0
2022-01,,LH,공공분양,전국,876
2022-01,,LH,공공분양,서울,0
2022-01,,LH,공공분양,인천,0
2022-01,,LH,공공분양,경기,0
2022-01,,LH,공공분양,부산,0
2022-01,,LH,공공분양,대구,0
2022-01,,LH,공공분양,광주,0
2022-01,,LH,공공분양,대전,0
2022-01,,LH,공공분양,울산,0
2022-01,,LH,공공분양,세종,876
2022-01,,LH,공공분양,강원,0
2022-01,,LH,공공분양,충북,0
2022-01,,LH,공공분양,충남,0
2022-01,,LH,공공분양,전북,0
2022-01,,LH,공공분양,전남,0
2022-01,,LH,공공분양,경북,0
2022-01,,LH,공공분양,경남,0
2022-01,,LH,공공분양,제주,0
2022-01,,주택업체,소계,전국,431
2022-01,,주택업체,소계,서울,0
2022-01,,주택업체,소계,인천,0
2022-01,,주택업체,소계,경기,431
2022-01,,주택업체,소계,부산,0
2022-01,,주택업체,소계,대구,0
2022-01,,주택업체,소계,광주,0
2022-01,,주택업체,소계,대전,0
2022-01,,주택업체,소계,울산,0
2022-01,,주택업체,소계,세종,0
2022-01,,주택업체,소계,강원,0
2022-01,,주택업체,소계,충북,0
2022-01,,주택업체,소계,충남,0
2022-01,,주택업체,소계,전북,0
2022-01,,주택업체,소계,전남,0
2022-01,,주택업체,소계,경북,0
2022-01,,주택업체,소계,경남,0
2022-01,,주택업체,소계,제주,0
2022-01,,주택업체,국민임대,전국,0
2022-01,,주택업체,국민임대,서울,0
2022-01,,주택업체,국민임대,인천,0
2022-01,,주택업체,국민임대,경기,0
2022-01,,주택업체,국민임대,부산,0
2022-01,,주택업체,국민임대,대구,0
2022-01,,주택업체,국민임대,광주,0
2022-01,,주택업체,국민임대,대전,0
2022-01,,주택업체,국민임대,울산,0
2022-01,,주택업체,국민임대,세종,0
2022-01,,주택업체,국민임대,강원,0
2022-01,,주택업체,국민임대,충북,0
2022-01,,주택업체,국민임대,충남,0
2022-01,,주택업체,국민임대,전북,0
2022-01,,주택업체,국민임대,전남,0
2022-01,,주택업체,국민임대,경북,0
2022-01,,주택업체,국민임대,경남,0
2022-01,,주택업체,국민임대,제주,0
2022-01,,주택업체,공공임대,전국,0
2022-01,,주택업체,공공임대,서울,0
2022-01,,주택업체,공공임대,인천,0
2022-01,,주택업체,공공임대,경기,0
2022-01,,주택업체,공공임대,부산,0
2022-01,,주택업체,공공임대,대구,0
2022-01,,주택업체,공공임대,광주,0
2022-01,,주택업체,공공임대,대전,0
2022-01,,주택업체,공공임대,울산,0
2022-01,,주택업체,공공임대,세종,0
2022-01,,주택업체,공공임대,강원,0
2022-01,,주택업체,공공임대,충북,0
2022-01,,주택업체,공공임대,충남,0
2022-01,,주택업체,공공임대,전북,0
2022-01,,주택업체,공공임대,전남,0
2022-01,,주택업체,공공임대,경북,0
2022-01,,주택업체,공공임대,경남,0
2022-01,,주택업체,공공임대,제주,0
2022-01,,주택업체,공공분양,전국,431
2022-01,,주택업체,공공분양,서울,0
2022-01,,주택업체,공공분양,인천,0
2022-01,,주택업체,공공분양,경기,431
2022-01,,주택업체,공공분양,부산,0
2022-01,,주택업체,공공분양,대구,0
2022-01,,주택업체,공공분양,광주,0
2022-01,,주택업체,공공분양,대전,0
2022-01,,주택업체,공공분양,울산,0
2022-01,,주택업체,공공분양,세종,0
2022-01,,주택업체,공공분양,강원,0
2022-01,,주택업체,공공분양,충북,0
2022-01,,주택업체,공공분양,충남,0
2022-01,,주택업체,공공분양,전북,0
2022-01,,주택업체,공공분양,전남,0
2022-01,,주택업체,공공분양,경북,0
2022-01,,주택업체,공공분양,경남,0
2022-01,,주택업체,공공분양,제주,0
2022-01,,민간부문,민간부문,전국,33171
2022-01,,민간부문,민간부문,서울,3581
2022-01,,민간부문,민간부문,인천,317
2022-01,,민간부문,민간부문,경기,4521
2022-01,,민간부문,민간부문,부산,2993
2022-01,,민간부문,민간부문,대구,2707
2022-01,,민간부문,민간부문,광주,242
2022-01,,민간부문,민간부문,대전,91
2022-01,,민간부문,민간부문,울산,448
2022-01,,민간부문,민간부문,세종,1100
2022-01,,민간부문,민간부문,강원,404
2022-01,,민간부문,민간부문,충북,3435
2022-01,,민간부문,민간부문,충남,2043
2022-01,,민간부문,민간부문,전북,616
2022-01,,민간부문,민간부문,전남,1366
2022-01,,민간부문,민간부문,경북,6039
2022-01,,민간부문,민간부문,경남,2825
2022-01,,민간부문,민간부문,제주,443
2022-01,,민간,민간임대,전국,2900
2022-01,,민간,민간임대,서울,0
2022-01,,민간,민간임대,인천,0
2022-01,,민간,민간임대,경기,0
2022-01,,민간,민간임대,부산,0
2022-01,,민간,민간임대,대구,0
2022-01,,민간,민간임대,광주,0
2022-01,,민간,민간임대,대전,0
2022-01,,민간,민간임대,울산,0
2022-01,,민간,민간임대,세종,0
2022-01,,민간,민간임대,강원,0
2022-01,,민간,민간임대,충북,0
2022-01,,민간,민간임대,충남,0
2022-01,,민간,민간임대,전북,0
2022-01,,민간,민간임대,전남,160
2022-01,,민간,민간임대,경북,2740
2022-01,,민간,민간임대,경남,0
2022-01,,민간,민간임대,제주,0
2022-01,,민간,민간분양,전국,30271
2022-01,,민간,민간분양,서울,3581
2022-01,,민간,민간분양,인천,317
2022-01,,민간,민간분양,경기,4521
2022-01,,민간,민간분양,부산,2993
2022-01,,민간,민간분양,대구,2707
2022-01,,민간,민간분양,광주,242
2022-01,,민간,민간분양,대전,91
2022-01,,민간,민간분양,울산,448
2022-01,,민간,민간분양,세종,1100
2022-01,,민간,민간분양,강원,404
2022-01,,민간,민간분양,충북,3435
2022-01,,민간,민간분양,충남,2043
2022-01,,민간,민간분양,전북,616
2022-01,,민간,민간분양,전남,1206
2022-01,,민간,민간분양,경북,3299
2022-01,,민간,민간분양,경남,2825
2022-01,,민간,민간분양,제주,443
2022-02,,총계,총계,전국,63917
2022-02,,총계,총계,서울,9170
2022-02,,총계,총계,인천,677
2022-02,,총계,총계,경기,9867
2022-02,,총계,총계,부산,6075
2022-02,,총계,총계,대구,3824
2022-02,,총계,총계,광주,373
2022-02,,총계,총계,대전,179
2022-02,,총계,총계,울산,1840
2022-02,,총계,총계,세종,2153
2022-02,,총계,총계,강원,1112
2022-02,,총계,총계,충북,6042
2022-02,,총계,총계,충남,6858
2022-02,,총계,총계,전북,1842
2022-02,,총계,총계,전남,2954
2022-02,,총계,총계,경북,6649
2022-02,,총계,총계,경남,3266
2022-02,,총계,총계,제주,1036
2022-02,,공공부문,공공부문,전국,2428
2022-02,,공공부문,공공부문,서울,0
2022-02,,공공부문,공공부문,인천,0
2022-02,,공공부문,공공부문,경기,1323
2022-02,,공공부문,공공부문,부산,0
2022-02,,공공부문,공공부문,대구,0
2022-02,,공공부문,공공부문,광주,0
2022-02,,공공부문,공공부문,대전,0
2022-02,,공공부문,공공부문,울산,0
2022-02,,공공부문,공공부문,세종,1035
2022-02,,공공부문,공공부문,강원,0
2022-02,,공공부문,공공부문,충북,0
2022-02,,공공부문,공공부문,충남,0
2022-02,,공공부문,공공부문,전북,0
2022-02,,공공부문,공공부문,전남,0
2022-02,,공공부문,공공부문,경북,0
2022-02,,공공부문,공공부문,경남,0
2022-02,,공공부문,공공부문,제주,70
2022-02,,합,국민임대,전국,0
2022-02,,합,국민임대,서울,0
2022-02,,합,국민임대,인천,0
2022-02,,합,국민임대,경기,0
2022-02,,합,국민임대,부산,0
2022-02,,합,국민임대,대구,0
2022-02,,합,국민임대,광주,0
2022-02,,합,국민임대,대전,0
2022-02,,합,국민임대,울산,0
2022-02,,합,국민임대,세종,0
2022-02,,합,국민임대,강원,0
2022-02,,합,국민임대,충북,0
2022-02,,합,국민임대,충남,0
2022-02,,합,국민임대,전북,0
2022-02,,합,국민임대,전남,0
2022-02,,합,국민임대,경북,0
2022-02,,합,국민임대,경남,0
2022-02,,합,국민임대,제주,0
2022-02,,합,공공임대,전국,252
2022-02,,합,공공임대,서울,0
2022-02,,합,공공임대,인천,0
2022-02,,합,공공임대,경기,23
2022-02,,합,공공임대,부산,0
2022-02,,합,공공임대,대구,0
2022-02,,합,공공임대,광주,0
2022-02,,합,공공임대,대전,0
2022-02,,합,공공임대,울산,0
2022-02,,합,공공임대,세종,159
2022-02,,합,공공임대,강원,0
2022-02,,합,공공임대,충북,0
2022-02,,합,공공임대,충남,0
2022-02,,합,공공임대,전북,0
2022-02,,합,공공임대,전남,0
2022-02,,합,공공임대,경북,0
2022-02,,합,공공임대,경남,0
2022-02,,합,공공임대,제주,70
2022-02,,합,공공분양,전국,2176
2022-02,,합,공공분양,서울,0
2022-02,,합,공공분양,인천,0
2022-02,,합,공공분양,경기,1300
2022-02,,합,공공분양,부산,0
2022-02,,합,공공분양,대구,0
2022-02,,합,공공분양,광주,0
2022-02,,합,공공분양,대전,0
2022-02,,합,공공분양,울산,0
2022-02,,합,공공분양,세종,876
2022-02,,합,공공분양,강원,0
2022-02,,합,공공분양,충북,0
2022-02,,합,공공분양,충남,0
2022-02,,합,공공분양,전북,0
2022-02,,합,공공분양,전남,0
2022-02,,합,공공분양,경북,0
2022-02,,합,공공분양,경남,0
2022-02,,합,공공분양,제주,0
2022-02,,지자체,소계,전국,0
2022-02,,지자체,소계,서울,0
2022-02,,지자체,소계,인천,0
2022-02,,지자체,소계,경기,0
2022-02,,지자체,소계,부산,0
2022-02,,지자체,소계,대구,0
2022-02,,지자체,소계,광주,0
2022-02,,지자체,소계,대전,0
2022-02,,지자체,소계,울산,0
2022-02,,지자체,소계,세종,0
2022-02,,지자체,소계,강원,0
2022-02,,지자체,소계,충북,0
2022-02,,지자체,소계,충남,0
2022-02,,지자체,소계,전북,0
2022-02,,지자체,소계,전남,0
2022-02,,지자체,소계,경북,0
2022-02,,지자체,소계,경남,0
2022-02,,지자체,소계,제주,0
2022-02,,지자체,국민임대,전국,0
2022-02,,지자체,국민임대,서울,0
2022-02,,지자체,국민임대,인천,0
2022-02,,지자체,국민임대,경기,0
2022-02,,지자체,국민임대,부산,0
2022-02,,지자체,국민임대,대구,0
2022-02,,지자체,국민임대,광주,0
2022-02,,지자체,국민임대,대전,0
2022-02,,지자체,국민임대,울산,0
2022-02,,지자체,국민임대,세종,0
2022-02,,지자체,국민임대,강원,0
2022-02,,지자체,국민임대,충북,0
2022-02,,지자체,국민임대,충남,0
2022-02,,지자체,국민임대,전북,0
2022-02,,지자체,국민임대,전남,0
2022-02,,지자체,국민임대,경북,0
2022-02,,지자체,국민임대,경남,0
2022-02,,지자체,국민임대,제주,0
2022-02,,지자체,공공임대,전국,0
2022-02,,지자체,공공임대,서울,0
2022-02,,지자체,공공임대,인천,0
2022-02,,지자체,공공임대,경기,0
2022-02,,지자체,공공임대,부산,0
2022-02,,지자체,공공임대,대구,0
2022-02,,지자체,공공임대,광주,0
2022-02,,지자체,공공임대,대전,0
2022-02,,지자체,공공임대,울산,0
2022-02,,지자체,공공임대,세종,0
2022-02,,지자체,공공임대,강원,0
2022-02,,지자체,공공임대,충북,0
2022-02,,지자체,공공임대,충남,0
2022-02,,지자체,공공임대,전북,0
2022-02,,지자체,공공임대,전남,0
2022-02,,지자체,공공임대,경북,0
2022-02,,지자체,공공임대,경남,0
2022-02,,지자체,공공임대,제주,0
2022-02,,지자체,공공분양,전국,0
2022-02,,지자체,공공분양,서울,0
2022-02,,지자체,공공분양,인천,0
2022-02,,지자체,공공분양,경기,0
2022-02,,지자체,공공분양,부산,0
2022-02,,지자체,공공분양,대구,0
2022-02,,지자체,공공분양,광주,0
2022-02,,지자체,공공분양,대전,0
2022-02,,지자체,공공분양,울산,0
2022-02,,지자체,공공분양,세종,0
2022-02,,지자체,공공분양,강원,0
2022-02,,지자체,공공분양,충북,0
2022-02,,지자체,공공분양,충남,0
2022-02,,지자체,공공분양,전북,0
2022-02,,지자체,공공분양,전남,0
2022-02,,지자체,공공분양,경북,0
2022-02,,지자체,공공분양,경남,0
2022-02,,지자체,공공분양,제주,0
2022-02,,LH,소계,전국,1927
2022-02,,LH,소계,서울,0
2022-02,,LH,소계,인천,0
2022-02,,LH,소계,경기,892
2022-02,,LH,소계,부산,0
2022-02,,LH,소계,대구,0
2022-02,,LH,소계,광주,0
2022-02,,LH,소계,대전,0
2022-02,,LH,소계,울산,0
2022-02,,LH,소계,세종,1035
2022-02,,LH,소계,강원,0
2022-02,,LH,소계,충북,0
2022-02,,LH,소계,충남,0
2022-02,,LH,소계,전북,0
2022-02,,LH,소계,전남,0
2022-02,,LH,소계,경북,0
2022-02,,LH,소계,경남,0
2022-02,,LH,소계,제주,0
2022-02,,LH,국민임대,전국,0
2022-02,,LH,국민임대,서울,0
2022-02,,LH,국민임대,인천,0
2022-02,,LH,국민임대,경기,0
2022-02,,LH,국민임대,부산,0
2022-02,,LH,국민임대,대구,0
2022-02,,LH,국민임대,광주,0
2022-02,,LH,국민임대,대전,0
2022-02,,LH,국민임대,울산,0
2022-02,,LH,국민임대,세종,0
2022-02,,LH,국민임대,강원,0
2022-02,,LH,국민임대,충북,0
2022-02,,LH,국민임대,충남,0
2022-02,,LH,국민임대,전북,0
2022-02,,LH,국민임대,전남,0
2022-02,,LH,국민임대,경북,0
2022-02,,LH,국민임대,경남,0
2022-02,,LH,국민임대,제주,0
2022-02,,LH,공공임대,전국,182
2022-02,,LH,공공임대,서울,0
2022-02,,LH,공공임대,인천,0
2022-02,,LH,공공임대,경기,23
2022-02,,LH,공공임대,부산,0
2022-02,,LH,공공임대,대구,0
2022-02,,LH,공공임대,광주,0
2022-02,,LH,공공임대,대전,0
2022-02,,LH,공공임대,울산,0
2022-02,,LH,공공임대,세종,159
2022-02,,LH,공공임대,강원,0
2022-02,,LH,공공임대,충북,0
2022-02,,LH,공공임대,충남,0
2022-02,,LH,공공임대,전북,0
2022-02,,LH,공공임대,전남,0
2022-02,,LH,공공임대,경북,0
2022-02,,LH,공공임대,경남,0
2022-02,,LH,공공임대,제주,0
2022-02,,LH,공공분양,전국,1745
2022-02,,LH,공공분양,서울,0
2022-02,,LH,공공분양,인천,0
2022-02,,LH,공공분양,경기,869
2022-02,,LH,공공분양,부산,0
2022-02,,LH,공공분양,대구,0
2022-02,,LH,공공분양,광주,0
2022-02,,LH,공공분양,대전,0
2022-02,,LH,공공분양,울산,0
2022-02,,LH,공공분양,세종,876
2022-02,,LH,공공분양,강원,0
2022-02,,LH,공공분양,충북,0
2022-02,,LH,공공분양,충남,0
2022-02,,LH,공공분양,전북,0
2022-02,,LH,공공분양,전남,0
2022-02,,LH,공공분양,경북,0
2022-02,,LH,공공분양,경남,0
2022-02,,LH,공공분양,제주,0
2022-02,,주택업체,소계,전국,501
2022-02,,주택업체,소계,서울,0
2022-02,,주택업체,소계,인천,0
2022-02,,주택업체,소계,경기,431
2022-02,,주택업체,소계,부산,0
2022-02,,주택업체,소계,대구,0
2022-02,,주택업체,소계,광주,0
2022-02,,주택업체,소계,대전,0
2022-02,,주택업체,소계,울산,0
2022-02,,주택업체,소계,세종,0
2022-02,,주택업체,소계,강원,0
2022-02,,주택업체,소계,충북,0
2022-02,,주택업체,소계,충남,0
2022-02,,주택업체,소계,전북,0
2022-02,,주택업체,소계,전남,0
2022-02,,주택업체,소계,경북,0
2022-02,,주택업체,소계,경남,0
2022-02,,주택업체,소계,제주,70
2022-02,,주택업체,국민임대,전국,0
2022-02,,주택업체,국민임대,서울,0
2022-02,,주택업체,국민임대,인천,0
2022-02,,주택업체,국민임대,경기,0
2022-02,,주택업체,국민임대,부산,0
2022-02,,주택업체,국민임대,대구,0
2022-02,,주택업체,국민임대,광주,0
2022-02,,주택업체,국민임대,대전,0
2022-02,,주택업체,국민임대,울산,0
2022-02,,주택업체,국민임대,세종,0
2022-02,,주택업체,국민임대,강원,0
2022-02,,주택업체,국민임대,충북,0
2022-02,,주택업체,국민임대,충남,0
2022-02,,주택업체,국민임대,전북,0
2022-02,,주택업체,국민임대,전남,0
2022-02,,주택업체,국민임대,경북,0
2022-02,,주택업체,국민임대,경남,0
2022-02,,주택업체,국민임대,제주,0
2022-02,,주택업체,공공임대,전국,70
2022-02,,주택업체,공공임대,서울,0
2022-02,,주택업체,공공임대,인천,0
2022-02,,주택업체,공공임대,경기,0
2022-02,,주택업체,공공임대,부산,0
2022-02,,주택업체,공공임대,대구,0
2022-02,,주택업체,공공임대,광주,0
2022-02,,주택업체,공공임대,대전,0
2022-02,,주택업체,공공임대,울산,0
2022-02,,주택업체,공공임대,세종,0
2022-02,,주택업체,공공임대,강원,0
2022-02,,주택업체,공공임대,충북,0
2022-02,,주택업체,공공임대,충남,0
2022-02,,주택업체,공공임대,전북,0
2022-02,,주택업체,공공임대,전남,0
2022-02,,주택업체,공공임대,경북,0
2022-02,,주택업체,공공임대,경남,0
2022-02,,주택업체,공공임대,제주,70
2022-02,,주택업체,공공분양,전국,431
2022-02,,주택업체,공공분양,서울,0
2022-02,,주택업체,공공분양,인천,0
2022-02,,주택업체,공공분양,경기,431
2022-02,,주택업체,공공분양,부산,0
2022-02,,주택업체,공공분양,대구,0
2022-02,,주택업체,공공분양,광주,0
2022-02,,주택업체,공공분양,대전,0
2022-02,,주택업체,공공분양,울산,0
2022-02,,주택업체,공공분양,세종,0
2022-02,,주택업체,공공분양,강원,0
2022-02,,주택업체,공공분양,충북,0
2022-02,,주택업체,공공분양,충남,0
2022-02,,주택업체,공공분양,전북,0
2022-02,,주택업체,공공분양,전남,0
2022-02,,주택업체,공공분양,경북,0
2022-02,,주택업체,공공분양,경남,0
2022-02,,주택업체,공공분양,제주,0
2022-02,,민간부문,민간부문,전국,61489
2022-02,,민간부문,민간부문,서울,9170
2022-02,,민간부문,민간부문,인천,677
2022-02,,민간부문,민간부문,경기,8544
2022-02,,민간부문,민간부문,부산,6075
2022-02,,민간부문,민간부문,대구,3824
2022-02,,민간부문,민간부문,광주,373
2022-02,,민간부문,민간부문,대전,179
2022-02,,민간부문,민간부문,울산,1840
2022-02,,민간부문,민간부문,세종,1118
2022-02,,민간부문,민간부문,강원,1112
2022-02,,민간부문,민간부문,충북,6042
2022-02,,민간부문,민간부문,충남,6858
2022-02,,민간부문,민간부문,전북,1842
2022-02,,민간부문,민간부문,전남,2954
2022-02,,민간부문,민간부문,경북,6649
2022-02,,민간부문,민간부문,경남,3266
2022-02,,민간부문,민간부문,제주,966
2022-02,,민간,민간임대,전국,4470
2022-02,,민간,민간임대,서울,882
2022-02,,민간,민간임대,인천,0
2022-02,,민간,민간임대,경기,0
2022-02,,민간,민간임대,부산,0
2022-02,,민간,민간임대,대구,0
2022-02,,민간,민간임대,광주,0
2022-02,,민간,민간임대,대전,0
2022-02,,민간,민간임대,울산,0
2022-02,,민간,민간임대,세종,0
2022-02,,민간,민간임대,강원,0
2022-02,,민간,민간임대,충북,0
2022-02,,민간,민간임대,충남,520
2022-02,,민간,민간임대,전북,168
2022-02,,민간,민간임대,전남,160
2022-02,,민간,민간임대,경북,2740
2022-02,,민간,민간임대,경남,0
2022-02,,민간,민간임대,제주,0
2022-02,,민간,민간분양,전국,57019
2022-02,,민간,민간분양,서울,8288
2022-02,,민간,민간분양,인천,677
2022-02,,민간,민간분양,경기,8544
2022-02,,민간,민간분양,부산,6075
2022-02,,민간,민간분양,대구,3824
2022-02,,민간,민간분양,광주,373
2022-02,,민간,민간분양,대전,179
2022-02,,민간,민간분양,울산,1840
2022-02,,민간,민간분양,세종,1118
2022-02,,민간,민간분양,강원,1112
2022-02,,민간,민간분양,충북,6042
2022-02,,민간,민간분양,충남,6338
2022-02,,민간,민간분양,전북,1674
2022-02,,민간,민간분양,전남,2794
2022-02,,민간,민간분양,경북,3909
2022-02,,민간,민간분양,경남,3266
2022-02,,민간,민간분양,제주,966
2022-03,,총계,총계,전국,102348
2022-03,,총계,총계,서울,11979
2022-03,,총계,총계,인천,2436
2022-03,,총계,총계,경기,21277
2022-03,,총계,총계,부산,9951
2022-03,,총계,총계,대구,5109
2022-03,,총계,총계,광주,481
2022-03,,총계,총계,대전,2023
2022-03,,총계,총계,울산,1909
2022-03,,총계,총계,세종,2214
2022-03,,총계,총계,강원,2517
2022-03,,총계,총계,충북,9389
2022-03,,총계,총계,충남,7300
2022-03,,총계,총계,전북,3099
2022-03,,총계,총계,전남,4156
2022-03,,총계,총계,경북,10869
2022-03,,총계,총계,경남,5952
2022-03,,총계,총계,제주,1687
2022-03,,공공부문,공공부문,전국,5230
2022-03,,공공부문,공공부문,서울,40
2022-03,,공공부문,공공부문,인천,0
2022-03,,공공부문,공공부문,경기,1323
2022-03,,공공부문,공공부문,부산,2762
2022-03,,공공부문,공공부문,대구,0
2022-03,,공공부문,공공부문,광주,0
2022-03,,공공부문,공공부문,대전,0
2022-03,,공공부문,공공부문,울산,0
2022-03,,공공부문,공공부문,세종,1035
2022-03,,공공부문,공공부문,강원,0
2022-03,,공공부문,공공부문,충북,0
2022-03,,공공부문,공공부문,충남,0
2022-03,,공공부문,공공부문,전북,0
2022-03,,공공부문,공공부문,전남,0
2022-03,,공공부문,공공부문,경북,0
2022-03,,공공부문,공공부문,경남,0
2022-03,,공공부문,공공부문,제주,70
2022-03,,합,국민임대,전국,0
2022-03,,합,국민임대,서울,0
2022-03,,합,국민임대,인천,0
2022-03,,합,국민임대,경기,0
2022-03,,합,국민임대,부산,0
2022-03,,합,국민임대,대구,0
2022-03,,합,국민임대,광주,0
2022-03,,합,국민임대,대전,0
2022-03,,합,국민임대,울산,0
2022-03,,합,국민임대,세종,0
2022-03,,합,국민임대,강원,0
2022-03,,합,국민임대,충북,0
2022-03,,합,국민임대,충남,0
2022-03,,합,국민임대,전북,0
2022-03,,합,국민임대,전남,0
2022-03,,합,국민임대,경북,0
2022-03,,합,국민임대,경남,0
2022-03,,합,국민임대,제주,0
2022-03,,합,공공임대,전국,292
2022-03,,합,공공임대,서울,40
2022-03,,합,공공임대,인천,0
2022-03,,합,공공임대,경기,23
2022-03,,합,공공임대,부산,0
2022-03,,합,공공임대,대구,0
2022-03,,합,공공임대,광주,0
2022-03,,합,공공임대,대전,0
2022-03,,합,공공임대,울산,0
2022-03,,합,공공임대,세종,159
2022-03,,합,공공임대,강원,0
2022-03,,합,공공임대,충북,0
2022-03,,합,공공임대,충남,0
2022-03,,합,공공임대,전북,0
2022-03,,합,공공임대,전남,0
2022-03,,합,공공임대,경북,0
2022-03,,합,공공임대,경남,0
2022-03,,합,공공임대,제주,70
2022-03,,합,공공분양,전국,4938
2022-03,,합,공공분양,서울,0
2022-03,,합,공공분양,인천,0
2022-03,,합,공공분양,경기,1300
2022-03,,합,공공분양,부산,2762
2022-03,,합,공공분양,대구,0
2022-03,,합,공공분양,광주,0
2022-03,,합,공공분양,대전,0
2022-03,,합,공공분양,울산,0
2022-03,,합,공공분양,세종,876
2022-03,,합,공공분양,강원,0
2022-03,,합,공공분양,충북,0
2022-03,,합,공공분양,충남,0
2022-03,,합,공공분양,전북,0
2022-03,,합,공공분양,전남,0
2022-03,,합,공공분양,경북,0
2022-03,,합,공공분양,경남,0
2022-03,,합,공공분양,제주,0
2022-03,,지자체,소계,전국,953
2022-03,,지자체,소계,서울,0
2022-03,,지자체,소계,인천,0
2022-03,,지자체,소계,경기,0
2022-03,,지자체,소계,부산,953
2022-03,,지자체,소계,대구,0
2022-03,,지자체,소계,광주,0
2022-03,,지자체,소계,대전,0
2022-03,,지자체,소계,울산,0
2022-03,,지자체,소계,세종,0
2022-03,,지자체,소계,강원,0
2022-03,,지자체,소계,충북,0
2022-03,,지자체,소계,충남,0
2022-03,,지자체,소계,전북,0
2022-03,,지자체,소계,전남,0
2022-03,,지자체,소계,경북,0
2022-03,,지자체,소계,경남,0
2022-03,,지자체,소계,제주,0
2022-03,,지자체,국민임대,전국,0
2022-03,,지자체,국민임대,서울,0
2022-03,,지자체,국민임대,인천,0
2022-03,,지자체,국민임대,경기,0
2022-03,,지자체,국민임대,부산,0
2022-03,,지자체,국민임대,대구,0
2022-03,,지자체,국민임대,광주,0
2022-03,,지자체,국민임대,대전,0
2022-03,,지자체,국민임대,울산,0
2022-03,,지자체,국민임대,세종,0
2022-03,,지자체,국민임대,강원,0
2022-03,,지자체,국민임대,충북,0
2022-03,,지자체,국민임대,충남,0
2022-03,,지자체,국민임대,전북,0
2022-03,,지자체,국민임대,전남,0
2022-03,,지자체,국민임대,경북,0
2022-03,,지자체,국민임대,경남,0
2022-03,,지자체,국민임대,제주,0
2022-03,,지자체,공공임대,전국,0
2022-03,,지자체,공공임대,서울,0
2022-03,,지자체,공공임대,인천,0
2022-03,,지자체,공공임대,경기,0
2022-03,,지자체,공공임대,부산,0
2022-03,,지자체,공공임대,대구,0
2022-03,,지자체,공공임대,광주,0
2022-03,,지자체,공공임대,대전,0
2022-03,,지자체,공공임대,울산,0
2022-03,,지자체,공공임대,세종,0
2022-03,,지자체,공공임대,강원,0
2022-03,,지자체,공공임대,충북,0
2022-03,,지자체,공공임대,충남,0
2022-03,,지자체,공공임대,전북,0
2022-03,,지자체,공공임대,전남,0
2022-03,,지자체,공공임대,경북,0
2022-03,,지자체,공공임대,경남,0
2022-03,,지자체,공공임대,제주,0
2022-03,,지자체,공공분양,전국,953
2022-03,,지자체,공공분양,서울,0
2022-03,,지자체,공공분양,인천,0
2022-03,,지자체,공공분양,경기,0
2022-03,,지자체,공공분양,부산,953
2022-03,,지자체,공공분양,대구,0
2022-03,,지자체,공공분양,광주,0
2022-03,,지자체,공공분양,대전,0
2022-03,,지자체,공공분양,울산,0
2022-03,,지자체,공공분양,세종,0
2022-03,,지자체,공공분양,강원,0
2022-03,,지자체,공공분양,충북,0
2022-03,,지자체,공공분양,충남,0
2022-03,,지자체,공공분양,전북,0
2022-03,,지자체,공공분양,전남,0
2022-03,,지자체,공공분양,경북,0
2022-03,,지자체,공공분양,경남,0
2022-03,,지자체,공공분양,제주,0
2022-03,,LH,소계,전국,1927
2022-03,,LH,소계,서울,0
2022-03,,LH,소계,인천,0
2022-03,,LH,소계,경기,892
2022-03,,LH,소계,부산,0
2022-03,,LH,소계,대구,0
2022-03,,LH,소계,광주,0
2022-03,,LH,소계,대전,0
2022-03,,LH,소계,울산,0
2022-03,,LH,소계,세종,1035
2022-03,,LH,소계,강원,0
2022-03,,LH,소계,충북,0
2022-03,,LH,소계,충남,0
2022-03,,LH,소계,전북,0
2022-03,,LH,소계,전남,0
2022-03,,LH,소계,경북,0
2022-03,,LH,소계,경남,0
2022-03,,LH,소계,제주,0
2022-03,,LH,국민임대,전국,0
2022-03,,LH,국민임대,서울,0
2022-03,,LH,국민임대,인천,0
2022-03,,LH,국민임대,경기,0
2022-03,,LH,국민임대,부산,0
2022-03,,LH,국민임대,대구,0
2022-03,,LH,국민임대,광주,0
2022-03,,LH,국민임대,대전,0
2022-03,,LH,국민임대,울산,0
2022-03,,LH,국민임대,세종,0
2022-03,,LH,국민임대,강원,0
2022-03,,LH,국민임대,충북,0
2022-03,,LH,국민임대,충남,0
2022-03,,LH,국민임대,전북,0
2022-03,,LH,국민임대,전남,0
2022-03,,LH,국민임대,경북,0
2022-03,,LH,국민임대,경남,0
2022-03,,LH,국민임대,제주,0
2022-03,,LH,공공임대,전국,182
2022-03,,LH,공공임대,서울,0
2022-03,,LH,공공임대,인천,0
2022-03,,LH,공공임대,경기,23
2022-03,,LH,공공임대,부산,0
2022-03,,LH,공공임대,대구,0
2022-03,,LH,공공임대,광주,0
2022-03,,LH,공공임대,대전,0
2022-03,,LH,공공임대,울산,0
2022-03,,LH,공공임대,세종,159
2022-03,,LH,공공임대,강원,0
2022-03,,LH,공공임대,충북,0
2022-03,,LH,공공임대,충남,0
2022-03,,LH,공공임대,전북,0
2022-03,,LH,공공임대,전남,0
2022-03,,LH,공공임대,경북,0
2022-03,,LH,공공임대,경남,0
2022-03,,LH,공공임대,제주,0
2022-03,,LH,공공분양,전국,1745
2022-03,,LH,공공분양,서울,0
2022-03,,LH,공공분양,인천,0
2022-03,,LH,공공분양,경기,869
2022-03,,LH,공공분양,부산,0
2022-03,,LH,공공분양,대구,0
2022-03,,LH,공공분양,광주,0
2022-03,,LH,공공분양,대전,0
2022-03,,LH,공공분양,울산,0
2022-03,,LH,공공분양,세종,876
2022-03,,LH,공공분양,강원,0
2022-03,,LH,공공분양,충북,0
2022-03,,LH,공공분양,충남,0
2022-03,,LH,공공분양,전북,0
2022-03,,LH,공공분양,전남,0
2022-03,,LH,공공분양,경북,0
2022-03,,LH,공공분양,경남,0
2022-03,,LH,공공분양,제주,0
2022-03,,주택업체,소계,전국,2350
2022-03,,주택업체,소계,서울,40
2022-03,,주택업체,소계,인천,0
2022-03,,주택업체,소계,경기,431
2022-03,,주택업체,소계,부산,1809
2022-03,,주택업체,소계,대구,0
2022-03,,주택업체,소계,광주,0
2022-03,,주택업체,소계,대전,0
2022-03,,주택업체,소계,울산,0
2022-03,,주택업체,소계,세종,0
2022-03,,주택업체,소계,강원,0
2022-03,,주택업체,소계,충북,0
2022-03,,주택업체,소계,충남,0
2022-03,,주택업체,소계,전북,0
2022-03,,주택업체,소계,전남,0
2022-03,,주택업체,소계,경북,0
2022-03,,주택업체,소계,경남,0
2022-03,,주택업체,소계,제주,70
2022-03,,주택업체,국민임대,전국,0
2022-03,,주택업체,국민임대,서울,0
2022-03,,주택업체,국민임대,인천,0
2022-03,,주택업체,국민임대,경기,0
2022-03,,주택업체,국민임대,부산,0
2022-03,,주택업체,국민임대,대구,0
2022-03,,주택업체,국민임대,광주,0
2022-03,,주택업체,국민임대,대전,0
2022-03,,주택업체,국민임대,울산,0
2022-03,,주택업체,국민임대,세종,0
2022-03,,주택업체,국민임대,강원,0
2022-03,,주택업체,국민임대,충북,0
2022-03,,주택업체,국민임대,충남,0
2022-03,,주택업체,국민임대,전북,0
2022-03,,주택업체,국민임대,전남,0
2022-03,,주택업체,국민임대,경북,0
2022-03,,주택업체,국민임대,경남,0
2022-03,,주택업체,국민임대,제주,0
2022-03,,주택업체,공공임대,전국,110
2022-03,,주택업체,공공임대,서울,40
2022-03,,주택업체,공공임대,인천,0
2022-03,,주택업체,공공임대,경기,0
2022-03,,주택업체,공공임대,부산,0
2022-03,,주택업체,공공임대,대구,0
2022-03,,주택업체,공공임대,광주,0
2022-03,,주택업체,공공임대,대전,0
2022-03,,주택업체,공공임대,울산,0
2022-03,,주택업체,공공임대,세종,0
2022-03,,주택업체,공공임대,강원,0
2022-03,,주택업체,공공임대,충북,0
2022-03,,주택업체,공공임대,충남,0
2022-03,,주택업체,공공임대,전북,0
2022-03,,주택업체,공공임대,전남,0
2022-03,,주택업체,공공임대,경북,0
2022-03,,주택업체,공공임대,경남,0
2022-03,,주택업체,공공임대,제주,70
2022-03,,주택업체,공공분양,전국,2240
2022-03,,주택업체,공공분양,서울,0
2022-03,,주택업체,공공분양,인천,0
2022-03,,주택업체,공공분양,경기,431
2022-03,,주택업체,공공분양,부산,1809
2022-03,,주택업체,공공분양,대구,0
2022-03,,주택업체,공공분양,광주,0
2022-03,,주택업체,공공분양,대전,0
2022-03,,주택업체,공공분양,울산,0
2022-03,,주택업체,공공분양,세종,0
2022-03,,주택업체,공공분양,강원,0
2022-03,,주택업체,공공분양,충북,0
2022-03,,주택업체,공공분양,충남,0
2022-03,,주택업체,공공분양,전북,0
2022-03,,주택업체,공공분양,전남,0
2022-03,,주택업체,공공분양,경북,0
2022-03,,주택업체,공공분양,경남,0
2022-03,,주택업체,공공분양,제주,0
2022-03,,민간부문,민간부문,전국,97118
2022-03,,민간부문,민간부문,서울,11939
2022-03,,민간부문,민간부문,인천,2436
2022-03,,민간부문,민간부문,경기,19954
2022-03,,민간부문,민간부문,부산,7189
2022-03,,민간부문,민간부문,대구,5109
2022-03,,민간부문,민간부문,광주,481
2022-03,,민간부문,민간부문,대전,2023
2022-03,,민간부문,민간부문,울산,1909
2022-03,,민간부문,민간부문,세종,1179
2022-03,,민간부문,민간부문,강원,2517
2022-03,,민간부문,민간부문,충북,9389
2022-03,,민간부문,민간부문,충남,7300
2022-03,,민간부문,민간부문,전북,3099
2022-03,,민간부문,민간부문,전남,4156
2022-03,,민간부문,민간부문,경북,10869
2022-03,,민간부문,민간부문,경남,5952
2022-03,,민간부문,민간부문,제주,1617
2022-03,,민간,민간임대,전국,5971
2022-03,,민간,민간임대,서울,931
2022-03,,민간,민간임대,인천,0
2022-03,,민간,민간임대,경기,767
2022-03,,민간,민간임대,부산,0
2022-03,,민간,민간임대,대구,0
2022-03,,민간,민간임대,광주,0
2022-03,,민간,민간임대,대전,0
2022-03,,민간,민간임대,울산,0
2022-03,,민간,민간임대,세종,0
2022-03,,민간,민간임대,강원,0
2022-03,,민간,민간임대,충북,0
2022-03,,민간,민간임대,충남,520
2022-03,,민간,민간임대,전북,168
2022-03,,민간,민간임대,전남,845
2022-03,,민간,민간임대,경북,2740
2022-03,,민간,민간임대,경남,0
2022-03,,민간,민간임대,제주,0
2022-03,,민간,민간분양,전국,91147
2022-03,,민간,민간분양,서울,11008
2022-03,,민간,민간분양,인천,2436
2022-03,,민간,민간분양,경기,19187
2022-03,,민간,민간분양,부산,7189
2022-03,,민간,민간분양,대구,5109
2022-03,,민간,민간분양,광주,481
2022-03,,민간,민간분양,대전,2023
2022-03,,민간,민간분양,울산,1909
2022-03,,민간,민간분양,세종,1179
2022-03,,민간,민간분양,강원,2517
2022-03,,민간,민간분양,충북,9389
2022-03,,민간,민간분양,충남,6780
2022-03,,민간,민간분양,전북,2931
2022-03,,민간,민간분양,전남,3311
2022-03,,민간,민간분양,경북,8129
2022-03,,민간,민간분양,경남,5952
2022-03,,민간,민간분양,제주,1617
2022-04,,총계,총계,전국,155889
2022-04,,총계,총계,서울,16046
2022-04,,총계,총계,인천,3599
2022-04,,총계,총계,경기,32536
2022-04,,총계,총계,부산,14026
2022-04,,총계,총계,대구,7464
2022-04,,총계,총계,광주,859
2022-04,,총계,총계,대전,7359
2022-04,,총계,총계,울산,3230
2022-04,,총계,총계,세종,2278
2022-04,,총계,총계,강원,2986
2022-04,,총계,총계,충북,15685
2022-04,,총계,총계,충남,10984
2022-04,,총계,총계,전북,5636
2022-04,,총계,총계,전남,5652
2022-04,,총계,총계,경북,15315
2022-04,,총계,총계,경남,9506
2022-04,,총계,총계,제주,2728
2022-04,,공공부문,공공부문,전국,7131
2022-04,,공공부문,공공부문,서울,40
2022-04,,공공부문,공공부문,인천,0
2022-04,,공공부문,공공부문,경기,1643
2022-04,,공공부문,공공부문,부산,2762
2022-04,,공공부문,공공부문,대구,1
2022-04,,공공부문,공공부문,광주,0
2022-04,,공공부문,공공부문,대전,0
2022-04,,공공부문,공공부문,울산,0
2022-04,,공공부문,공공부문,세종,1035
2022-04,,공공부문,공공부문,강원,0
2022-04,,공공부문,공공부문,충북,0
2022-04,,공공부문,공공부문,충남,0
2022-04,,공공부문,공공부문,전북,0
2022-04,,공공부문,공공부문,전남,0
2022-04,,공공부문,공공부문,경북,0
2022-04,,공공부문,공공부문,경남,1580
2022-04,,공공부문,공공부문,제주,70
2022-04,,합,국민임대,전국,1580
2022-04,,합,국민임대,서울,0
2022-04,,합,국민임대,인천,0
2022-04,,합,국민임대,경기,0
2022-04,,합,국민임대,부산,0
2022-04,,합,국민임대,대구,0
2022-04,,합,국민임대,광주,0
2022-04,,합,국민임대,대전,0
2022-04,,합,국민임대,울산,0
2022-04,,합,국민임대,세종,0
2022-04,,합,국민임대,강원,0
2022-04,,합,국민임대,충북,0
2022-04,,합,국민임대,충남,0
2022-04,,합,국민임대,전북,0
2022-04,,합,국민임대,전남,0
2022-04,,합,국민임대,경북,0
2022-04,,합,국민임대,경남,1580
2022-04,,합,국민임대,제주,0
2022-04,,합,공공임대,전국,613
2022-04,,합,공공임대,서울,40
2022-04,,합,공공임대,인천,0
2022-04,,합,공공임대,경기,343
2022-04,,합,공공임대,부산,0
2022-04,,합,공공임대,대구,1
2022-04,,합,공공임대,광주,0
2022-04,,합,공공임대,대전,0
2022-04,,합,공공임대,울산,0
2022-04,,합,공공임대,세종,159
2022-04,,합,공공임대,강원,0
2022-04,,합,공공임대,충북,0
2022-04,,합,공공임대,충남,0
2022-04,,합,공공임대,전북,0
2022-04,,합,공공임대,전남,0
2022-04,,합,공공임대,경북,0
2022-04,,합,공공임대,경남,0
2022-04,,합,공공임대,제주,70
2022-04,,합,공공분양,전국,4938
2022-04,,합,공공분양,서울,0
2022-04,,합,공공분양,인천,0
2022-04,,합,공공분양,경기,1300
2022-04,,합,공공분양,부산,2762
2022-04,,합,공공분양,대구,0
2022-04,,합,공공분양,광주,0
2022-04,,합,공공분양,대전,0
2022-04,,합,공공분양,울산,0
2022-04,,합,공공분양,세종,876
2022-04,,합,공공분양,강원,0
2022-04,,합,공공분양,충북,0
2022-04,,합,공공분양,충남,0
2022-04,,합,공공분양,전북,0
2022-04,,합,공공분양,전남,0
2022-04,,합,공공분양,경북,0
2022-04,,합,공공분양,경남,0
2022-04,,합,공공분양,제주,0
2022-04,,지자체,소계,전국,2533
2022-04,,지자체,소계,서울,0
2022-04,,지자체,소계,인천,0
2022-04,,지자체,소계,경기,0
2022-04,,지자체,소계,부산,953
2022-04,,지자체,소계,대구,0
2022-04,,지자체,소계,광주,0
2022-04,,지자체,소계,대전,0
2022-04,,지자체,소계,울산,0
2022-04,,지자체,소계,세종,0
2022-04,,지자체,소계,강원,0
2022-04,,지자체,소계,충북,0
2022-04,,지자체,소계,충남,0
2022-04,,지자체,소계,전북,0
2022-04,,지자체,소계,전남,0
2022-04,,지자체,소계,경북,0
2022-04,,지자체,소계,경남,1580
2022-04,,지자체,소계,제주,0
2022-04,,지자체,국민임대,전국,1580
2022-04,,지자체,국민임대,서울,0
2022-04,,지자체,국민임대,인천,0
2022-04,,지자체,국민임대,경기,0
2022-04,,지자체,국민임대,부산,0
2022-04,,지자체,국민임대,대구,0
2022-04,,지자체,국민임대,광주,0
2022-04,,지자체,국민임대,대전,0
2022-04,,지자체,국민임대,울산,0
2022-04,,지자체,국민임대,세종,0
2022-04,,지자체,국민임대,강원,0
2022-04,,지자체,국민임대,충북,0
2022-04,,지자체,국민임대,충남,0
2022-04,,지자체,국민임대,전북,0
2022-04,,지자체,국민임대,전남,0
2022-04,,지자체,국민임대,경북,0
2022-04,,지자체,국민임대,경남,1580
2022-04,,지자체,국민임대,제주,0
2022-04,,지자체,공공임대,전국,0
2022-04,,지자체,공공임대,서울,0
2022-04,,지자체,공공임대,인천,0
2022-04,,지자체,공공임대,경기,0
2022-04,,지자체,공공임대,부산,0
2022-04,,지자체,공공임대,대구,0
2022-04,,지자체,공공임대,광주,0
2022-04,,지자체,공공임대,대전,0
2022-04,,지자체,공공임대,울산,0
2022-04,,지자체,공공임대,세종,0
2022-04,,지자체,공공임대,강원,0
2022-04,,지자체,공공임대,충북,0
2022-04,,지자체,공공임대,충남,0
2022-04,,지자체,공공임대,전북,0
2022-04,,지자체,공공임대,전남,0
2022-04,,지자체,공공임대,경북,0
2022-04,,지자체,공공임대,경남,0
2022-04,,지자체,공공임대,제주,0
2022-04,,지자체,공공분양,전국,953
2022-04,,지자체,공공분양,서울,0
2022-04,,지자체,공공분양,인천,0
2022-04,,지자체,공공분양,경기,0
2022-04,,지자체,공공분양,부산,953
2022-04,,지자체,공공분양,대구,0
2022-04,,지자체,공공분양,광주,0
2022-04,,지자체,공공분양,대전,0
2022-04,,지자체,공공분양,울산,0
2022-04,,지자체,공공분양,세종,0
2022-04,,지자체,공공분양,강원,0
2022-04,,지자체,공공분양,충북,0
2022-04,,지자체,공공분양,충남,0
2022-04,,지자체,공공분양,전북,0
2022-04,,지자체,공공분양,전남,0
2022-04,,지자체,공공분양,경북,0
2022-04,,지자체,공공분양,경남,0
2022-04,,지자체,공공분양,제주,0
2022-04,,LH,소계,전국,1927
2022-04,,LH,소계,서울,0
2022-04,,LH,소계,인천,0
2022-04,,LH,소계,경기,892
2022-04,,LH,소계,부산,0
2022-04,,LH,소계,대구,0
2022-04,,LH,소계,광주,0
2022-04,,LH,소계,대전,0
2022-04,,LH,소계,울산,0
2022-04,,LH,소계,세종,1035
2022-04,,LH,소계,강원,0
2022-04,,LH,소계,충북,0
2022-04,,LH,소계,충남,0
2022-04,,LH,소계,전북,0
2022-04,,LH,소계,전남,0
2022-04,,LH,소계,경북,0
2022-04,,LH,소계,경남,0
2022-04,,LH,소계,제주,0
2022-04,,LH,국민임대,전국,0
2022-04,,LH,국민임대,서울,0
2022-04,,LH,국민임대,인천,0
2022-04,,LH,국민임대,경기,0
2022-04,,LH,국민임대,부산,0
2022-04,,LH,국민임대,대구,0
2022-04,,LH,국민임대,광주,0
2022-04,,LH,국민임대,대전,0
2022-04,,LH,국민임대,울산,0
2022-04,,LH,국민임대,세종,0
2022-04,,LH,국민임대,강원,0
2022-04,,LH,국민임대,충북,0
2022-04,,LH,국민임대,충남,0
2022-04,,LH,국민임대,전북,0
2022-04,,LH,국민임대,전남,0
2022-04,,LH,국민임대,경북,0
2022-04,,LH,국민임대,경남,0
2022-04,,LH,국민임대,제주,0
2022-04,,LH,공공임대,전국,182
2022-04,,LH,공공임대,서울,0
2022-04,,LH,공공임대,인천,0
2022-04,,LH,공공임대,경기,23
2022-04,,LH,공공임대,부산,0
2022-04,,LH,공공임대,대구,0
2022-04,,LH,공공임대,광주,0
2022-04,,LH,공공임대,대전,0
2022-04,,LH,공공임대,울산,0
2022-04,,LH,공공임대,세종,159
2022-04,,LH,공공임대,강원,0
2022-04,,LH,공공임대,충북,0
2022-04,,LH,공공임대,충남,0
2022-04,,LH,공공임대,전북,0
2022-04,,LH,공공임대,전남,0
2022-04,,LH,공공임대,경북,0
2022-04,,LH,공공임대,경남,0
2022-04,,LH,공공임대,제주,0
2022-04,,LH,공공분양,전국,1745
2022-04,,LH,공공분양,서울,0
2022-04,,LH,공공분양,인천,0
2022-04,,LH,공공분양,경기,869
2022-04,,LH,공공분양,부산,0
2022-04,,LH,공공분양,대구,0
2022-04,,LH,공공분양,광주,0
2022-04,,LH,공공분양,대전,0
2022-04,,LH,공공분양,울산,0
2022-04,,LH,공공분양,세종,876
2022-04,,LH,공공분양,강원,0
2022-04,,LH,공공분양,충북,0
2022-04,,LH,공공분양,충남,0
2022-04,,LH,공공분양,전북,0
2022-04,,LH,공공분양,전남,0
2022-04,,LH,공공분양,경북,0
2022-04,,LH,공공분양,경남,0
2022-04,,LH,공공분양,제주,0
2022-04,,주택업체,소계,전국,2671
2022-04,,주택업체,소계,서울,40
2022-04,,주택업체,소계,인천,0
2022-04,,주택업체,소계,경기,751
2022-04,,주택업체,소계,부산,1809
2022-04,,주택업체,소계,대구,1
2022-04,,주택업체,소계,광주,0
2022-04,,주택업체,소계,대전,0
2022-04,,주택업체,소계,울산,0
2022-04,,주택업체,소계,세종,0
2022-04,,주택업체,소계,강원,0
2022-04,,주택업체,소계,충북,0
2022-04,,주택업체,소계,충남,0
2022-04,,주택업체,소계,전북,0
2022-04,,주택업체,소계,전남,0
2022-04,,주택업체,소계,경북,0
2022-04,,주택업체,소계,경남,0
2022-04,,주택업체,소계,제주,70
2022-04,,주택업체,국민임대,전국,0
2022-04,,주택업체,국민임대,서울,0
2022-04,,주택업체,국민임대,인천,0
2022-04,,주택업체,국민임대,경기,0
2022-04,,주택업체,국민임대,부산,0
2022-04,,주택업체,국민임대,대구,0
2022-04,,주택업체,국민임대,광주,0
2022-04,,주택업체,국민임대,대전,0
2022-04,,주택업체,국민임대,울산,0
2022-04,,주택업체,국민임대,세종,0
2022-04,,주택업체,국민임대,강원,0
2022-04,,주택업체,국민임대,충북,0
2022-04,,주택업체,국민임대,충남,0
2022-04,,주택업체,국민임대,전북,0
2022-04,,주택업체,국민임대,전남,0
2022-04,,주택업체,국민임대,경북,0
2022-04,,주택업체,국민임대,경남,0
2022-04,,주택업체,국민임대,제주,0
2022-04,,주택업체,공공임대,전국,431
2022-04,,주택업체,공공임대,서울,40
2022-04,,주택업체,공공임대,인천,0
2022-04,,주택업체,공공임대,경기,320
2022-04,,주택업체,공공임대,부산,0
2022-04,,주택업체,공공임대,대구,1
2022-04,,주택업체,공공임대,광주,0
2022-04,,주택업체,공공임대,대전,0
2022-04,,주택업체,공공임대,울산,0
2022-04,,주택업체,공공임대,세종,0
2022-04,,주택업체,공공임대,강원,0
2022-04,,주택업체,공공임대,충북,0
2022-04,,주택업체,공공임대,충남,0
2022-04,,주택업체,공공임대,전북,0
2022-04,,주택업체,공공임대,전남,0
2022-04,,주택업체,공공임대,경북,0
2022-04,,주택업체,공공임대,경남,0
2022-04,,주택업체,공공임대,제주,70
2022-04,,주택업체,공공분양,전국,2240
2022-04,,주택업체,공공분양,서울,0
2022-04,,주택업체,공공분양,인천,0
2022-04,,주택업체,공공분양,경기,431
2022-04,,주택업체,공공분양,부산,1809
2022-04,,주택업체,공공분양,대구,0
2022-04,,주택업체,공공분양,광주,0
2022-04,,주택업체,공공분양,대전,0
2022-04,,주택업체,공공분양,울산,0
2022-04,,주택업체,공공분양,세종,0
2022-04,,주택업체,공공분양,강원,0
2022-04,,주택업체,공공분양,충북,0
2022-04,,주택업체,공공분양,충남,0
2022-04,,주택업체,공공분양,전북,0
2022-04,,주택업체,공공분양,전남,0
2022-04,,주택업체,공공분양,경북,0
2022-04,,주택업체,공공분양,경남,0
2022-04,,주택업체,공공분양,제주,0
2022-04,,민간부문,민간부문,전국,148758
2022-04,,민간부문,민간부문,서울,16006
2022-04,,민간부문,민간부문,인천,3599
2022-04,,민간부문,민간부문,경기,30893
2022-04,,민간부문,민간부문,부산,11264
2022-04,,민간부문,민간부문,대구,7463
2022-04,,민간부문,민간부문,광주,859
2022-04,,민간부문,민간부문,대전,7359
2022-04,,민간부문,민간부문,울산,3230
2022-04,,민간부문,민간부문,세종,1243
2022-04,,민간부문,민간부문,강원,2986
2022-04,,민간부문,민간부문,충북,15685
2022-04,,민간부문,민간부문,충남,10984
2022-04,,민간부문,민간부문,전북,5636
2022-04,,민간부문,민간부문,전남,5652
2022-04,,민간부문,민간부문,경북,15315
2022-04,,민간부문,민간부문,경남,7926
2022-04,,민간부문,민간부문,제주,2658
2022-04,,민간,민간임대,전국,9395
2022-04,,민간,민간임대,서울,1430
2022-04,,민간,민간임대,인천,0
2022-04,,민간,민간임대,경기,999
2022-04,,민간,민간임대,부산,0
2022-04,,민간,민간임대,대구,0
2022-04,,민간,민간임대,광주,0
2022-04,,민간,민간임대,대전,0
2022-04,,민간,민간임대,울산,0
2022-04,,민간,민간임대,세종,0
2022-04,,민간,민간임대,강원,0
2022-04,,민간,민간임대,충북,975
2022-04,,민간,민간임대,충남,1018
2022-04,,민간,민간임대,전북,168
2022-04,,민간,민간임대,전남,845
2022-04,,민간,민간임대,경북,2740
2022-04,,민간,민간임대,경남,1220
2022-04,,민간,민간임대,제주,0
2022-04,,민간,민간분양,전국,139363
2022-04,,민간,민간분양,서울,14576
2022-04,,민간,민간분양,인천,3599
2022-04,,민간,민간분양,경기,29894
2022-04,,민간,민간분양,부산,11264
2022-04,,민간,민간분양,대구,7463
2022-04,,민간,민간분양,광주,859
2022-04,,민간,민간분양,대전,7359
2022-04,,민간,민간분양,울산,3230
2022-04,,민간,민간분양,세종,1243
2022-04,,민간,민간분양,강원,2986
2022-04,,민간,민간분양,충북,14710
2022-04,,민간,민간분양,충남,9966
2022-04,,민간,민간분양,전북,5468
2022-04,,민간,민간분양,전남,4807
2022-04,,민간,민간분양,경북,12575
2022-04,,민간,민간분양,경남,6706
2022-04,,민간,민간분양,제주,2658
2022-05,,총계,총계,전국,203409
2022-05,,총계,총계,서울,18502
2022-05,,총계,총계,인천,6452
2022-05,,총계,총계,경기,43206
2022-05,,총계,총계,부산,16930
2022-05,,총계,총계,대구,9923
2022-05,,총계,총계,광주,909
2022-05,,총계,총계,대전,9494
2022-05,,총계,총계,울산,3607
2022-05,,총계,총계,세종,2302
2022-05,,총계,총계,강원,5807
2022-05,,총계,총계,충북,17347
2022-05,,총계,총계,충남,18282
2022-05,,총계,총계,전북,9598
2022-05,,총계,총계,전남,7614
2022-05,,총계,총계,경북,17139
2022-05,,총계,총계,경남,12005
2022-05,,총계,총계,제주,4292
2022-05,,공공부문,공공부문,전국,8300
2022-05,,공공부문,공공부문,서울,40
2022-05,,공공부문,공공부문,인천,0
2022-05,,공공부문,공공부문,경기,2269
2022-05,,공공부문,공공부문,부산,2762
2022-05,,공공부문,공공부문,대구,52
2022-05,,공공부문,공공부문,광주,0
2022-05,,공공부문,공공부문,대전,120
2022-05,,공공부문,공공부문,울산,282
2022-05,,공공부문,공공부문,세종,1035
2022-05,,공공부문,공공부문,강원,0
2022-05,,공공부문,공공부문,충북,0
2022-05,,공공부문,공공부문,충남,0
2022-05,,공공부문,공공부문,전북,0
2022-05,,공공부문,공공부문,전남,0
2022-05,,공공부문,공공부문,경북,90
2022-05,,공공부문,공공부문,경남,1580
2022-05,,공공부문,공공부문,제주,70
2022-05,,합,국민임대,전국,1580
2022-05,,합,국민임대,서울,0
2022-05,,합,국민임대,인천,0
2022-05,,합,국민임대,경기,0
2022-05,,합,국민임대,부산,0
2022-05,,합,국민임대,대구,0
2022-05,,합,국민임대,광주,0
2022-05,,합,국민임대,대전,0
2022-05,,합,국민임대,울산,0
2022-05,,합,국민임대,세종,0
2022-05,,합,국민임대,강원,0
2022-05,,합,국민임대,충북,0
2022-05,,합,국민임대,충남,0
2022-05,,합,국민임대,전북,0
2022-05,,합,국민임대,전남,0
2022-05,,합,국민임대,경북,0
2022-05,,합,국민임대,경남,1580
2022-05,,합,국민임대,제주,0
2022-05,,합,공공임대,전국,1500
2022-05,,합,공공임대,서울,40
2022-05,,합,공공임대,인천,0
2022-05,,합,공공임대,경기,969
2022-05,,합,공공임대,부산,0
2022-05,,합,공공임대,대구,52
2022-05,,합,공공임대,광주,0
2022-05,,합,공공임대,대전,120
2022-05,,합,공공임대,울산,0
2022-05,,합,공공임대,세종,159
2022-05,,합,공공임대,강원,0
2022-05,,합,공공임대,충북,0
2022-05,,합,공공임대,충남,0
2022-05,,합,공공임대,전북,0
2022-05,,합,공공임대,전남,0
2022-05,,합,공공임대,경북,90
2022-05,,합,공공임대,경남,0
2022-05,,합,공공임대,제주,70
2022-05,,합,공공분양,전국,5220
2022-05,,합,공공분양,서울,0
2022-05,,합,공공분양,인천,0
2022-05,,합,공공분양,경기,1300
2022-05,,합,공공분양,부산,2762
2022-05,,합,공공분양,대구,0
2022-05,,합,공공분양,광주,0
2022-05,,합,공공분양,대전,0
2022-05,,합,공공분양,울산,282
2022-05,,합,공공분양,세종,876
2022-05,,합,공공분양,강원,0
2022-05,,합,공공분양,충북,0
2022-05,,합,공공분양,충남,0
2022-05,,합,공공분양,전북,0
2022-05,,합,공공분양,전남,0
2022-05,,합,공공분양,경북,0
2022-05,,합,공공분양,경남,0
2022-05,,합,공공분양,제주,0
2022-05,,지자체,소계,전국,2815
2022-05,,지자체,소계,서울,0
2022-05,,지자체,소계,인천,0
2022-05,,지자체,소계,경기,0
2022-05,,지자체,소계,부산,953
2022-05,,지자체,소계,대구,0
2022-05,,지자체,소계,광주,0
2022-05,,지자체,소계,대전,0
2022-05,,지자체,소계,울산,282
2022-05,,지자체,소계,세종,0
2022-05,,지자체,소계,강원,0
2022-05,,지자체,소계,충북,0
2022-05,,지자체,소계,충남,0
2022-05,,지자체,소계,전북,0
2022-05,,지자체,소계,전남,0
2022-05,,지자체,소계,경북,0
2022-05,,지자체,소계,경남,1580
2022-05,,지자체,소계,제주,0
2022-05,,지자체,국민임대,전국,1580
2022-05,,지자체,국민임대,서울,0
2022-05,,지자체,국민임대,인천,0
2022-05,,지자체,국민임대,경기,0
2022-05,,지자체,국민임대,부산,0
2022-05,,지자체,국민임대,대구,0
2022-05,,지자체,국민임대,광주,0
2022-05,,지자체,국민임대,대전,0
2022-05,,지자체,국민임대,울산,0
2022-05,,지자체,국민임대,세종,0
2022-05,,지자체,국민임대,강원,0
2022-05,,지자체,국민임대,충북,0
2022-05,,지자체,국민임대,충남,0
2022-05,,지자체,국민임대,전북,0
2022-05,,지자체,국민임대,전남,0
2022-05,,지자체,국민임대,경북,0
2022-05,,지자체,국민임대,경남,1580
2022-05,,지자체,국민임대,제주,0
2022-05,,지자체,공공임대,전국,0
2022-05,,지자체,공공임대,서울,0
2022-05,,지자체,공공임대,인천,0
2022-05,,지자체,공공임대,경기,0
2022-05,,지자체,공공임대,부산,0
2022-05,,지자체,공공임대,대구,0
2022-05,,지자체,공공임대,광주,0
2022-05,,지자체,공공임대,대전,0
2022-05,,지자체,공공임대,울산,0
2022-05,,지자체,공공임대,세종,0
2022-05,,지자체,공공임대,강원,0
2022-05,,지자체,공공임대,충북,0
2022-05,,지자체,공공임대,충남,0
2022-05,,지자체,공공임대,전북,0
2022-05,,지자체,공공임대,전남,0
2022-05,,지자체,공공임대,경북,0
2022-05,,지자체,공공임대,경남,0
2022-05,,지자체,공공임대,제주,0
2022-05,,지자체,공공분양,전국,1235
2022-05,,지자체,공공분양,서울,0
2022-05,,지자체,공공분양,인천,0
2022-05,,지자체,공공분양,경기,0
2022-05,,지자체,공공분양,부산,953
2022-05,,지자체,공공분양,대구,0
2022-05,,지자체,공공분양,광주,0
2022-05,,지자체,공공분양,대전,0
2022-05,,지자체,공공분양,울산,282
2022-05,,지자체,공공분양,세종,0
2022-05,,지자체,공공분양,강원,0
2022-05,,지자체,공공분양,충북,0
2022-05,,지자체,공공분양,충남,0
2022-05,,지자체,공공분양,전북,0
2022-05,,지자체,공공분양,전남,0
2022-05,,지자체,공공분양,경북,0
2022-05,,지자체,공공분양,경남,0
2022-05,,지자체,공공분양,제주,0
2022-05,,LH,소계,전국,2763
2022-05,,LH,소계,서울,0
2022-05,,LH,소계,인천,0
2022-05,,LH,소계,경기,1518
2022-05,,LH,소계,부산,0
2022-05,,LH,소계,대구,0
2022-05,,LH,소계,광주,0
2022-05,,LH,소계,대전,120
2022-05,,LH,소계,울산,0
2022-05,,LH,소계,세종,1035
2022-05,,LH,소계,강원,0
2022-05,,LH,소계,충북,0
2022-05,,LH,소계,충남,0
2022-05,,LH,소계,전북,0
2022-05,,LH,소계,전남,0
2022-05,,LH,소계,경북,90
2022-05,,LH,소계,경남,0
2022-05,,LH,소계,제주,0
2022-05,,LH,국민임대,전국,0
2022-05,,LH,국민임대,서울,0
2022-05,,LH,국민임대,인천,0
2022-05,,LH,국민임대,경기,0
2022-05,,LH,국민임대,부산,0
2022-05,,LH,국민임대,대구,0
2022-05,,LH,국민임대,광주,0
2022-05,,LH,국민임대,대전,0
2022-05,,LH,국민임대,울산,0
2022-05,,LH,국민임대,세종,0
2022-05,,LH,국민임대,강원,0
2022-05,,LH,국민임대,충북,0
2022-05,,LH,국민임대,충남,0
2022-05,,LH,국민임대,전북,0
2022-05,,LH,국민임대,전남,0
2022-05,,LH,국민임대,경북,0
2022-05,,LH,국민임대,경남,0
2022-05,,LH,국민임대,제주,0
2022-05,,LH,공공임대,전국,1018
2022-05,,LH,공공임대,서울,0
2022-05,,LH,공공임대,인천,0
2022-05,,LH,공공임대,경기,649
2022-05,,LH,공공임대,부산,0
2022-05,,LH,공공임대,대구,0
2022-05,,LH,공공임대,광주,0
2022-05,,LH,공공임대,대전,120
2022-05,,LH,공공임대,울산,0
2022-05,,LH,공공임대,세종,159
2022-05,,LH,공공임대,강원,0
2022-05,,LH,공공임대,충북,0
2022-05,,LH,공공임대,충남,0
2022-05,,LH,공공임대,전북,0
2022-05,,LH,공공임대,전남,0
2022-05,,LH,공공임대,경북,90
2022-05,,LH,공공임대,경남,0
2022-05,,LH,공공임대,제주,0
2022-05,,LH,공공분양,전국,1745
2022-05,,LH,공공분양,서울,0
2022-05,,LH,공공분양,인천,0
2022-05,,LH,공공분양,경기,869
2022-05,,LH,공공분양,부산,0
2022-05,,LH,공공분양,대구,0
2022-05,,LH,공공분양,광주,0
2022-05,,LH,공공분양,대전,0
2022-05,,LH,공공분양,울산,0
2022-05,,LH,공공분양,세종,876
2022-05,,LH,공공분양,강원,0
2022-05,,LH,공공분양,충북,0
2022-05,,LH,공공분양,충남,0
2022-05,,LH,공공분양,전북,0
2022-05,,LH,공공분양,전남,0
2022-05,,LH,공공분양,경북,0
2022-05,,LH,공공분양,경남,0
2022-05,,LH,공공분양,제주,0
2022-05,,주택업체,소계,전국,2722
2022-05,,주택업체,소계,서울,40
2022-05,,주택업체,소계,인천,0
2022-05,,주택업체,소계,경기,751
2022-05,,주택업체,소계,부산,1809
2022-05,,주택업체,소계,대구,52
2022-05,,주택업체,소계,광주,0
2022-05,,주택업체,소계,대전,0
2022-05,,주택업체,소계,울산,0
2022-05,,주택업체,소계,세종,0
2022-05,,주택업체,소계,강원,0
2022-05,,주택업체,소계,충북,0
2022-05,,주택업체,소계,충남,0
2022-05,,주택업체,소계,전북,0
2022-05,,주택업체,소계,전남,0
2022-05,,주택업체,소계,경북,0
2022-05,,주택업체,소계,경남,0
2022-05,,주택업체,소계,제주,70
2022-05,,주택업체,국민임대,전국,0
2022-05,,주택업체,국민임대,서울,0
2022-05,,주택업체,국민임대,인천,0
2022-05,,주택업체,국민임대,경기,0
2022-05,,주택업체,국민임대,부산,0
2022-05,,주택업체,국민임대,대구,0
2022-05,,주택업체,국민임대,광주,0
2022-05,,주택업체,국민임대,대전,0
2022-05,,주택업체,국민임대,울산,0
2022-05,,주택업체,국민임대,세종,0
2022-05,,주택업체,국민임대,강원,0
2022-05,,주택업체,국민임대,충북,0
2022-05,,주택업체,국민임대,충남,0
2022-05,,주택업체,국민임대,전북,0
2022-05,,주택업체,국민임대,전남,0
2022-05,,주택업체,국민임대,경북,0
2022-05,,주택업체,국민임대,경남,0
2022-05,,주택업체,국민임대,제주,0
2022-05,,주택업체,공공임대,전국,482
2022-05,,주택업체,공공임대,서울,40
2022-05,,주택업체,공공임대,인천,0
2022-05,,주택업체,공공임대,경기,320
2022-05,,주택업체,공공임대,부산,0
2022-05,,주택업체,공공임대,대구,52
2022-05,,주택업체,공공임대,광주,0
2022-05,,주택업체,공공임대,대전,0
2022-05,,주택업체,공공임대,울산,0
2022-05,,주택업체,공공임대,세종,0
2022-05,,주택업체,공공임대,강원,0
2022-05,,주택업체,공공임대,충북,0
2022-05,,주택업체,공공임대,충남,0
2022-05,,주택업체,공공임대,전북,0
2022-05,,주택업체,공공임대,전남,0
2022-05,,주택업체,공공임대,경북,0
2022-05,,주택업체,공공임대,경남,0
2022-05,,주택업체,공공임대,제주,70
2022-05,,주택업체,공공분양,전국,2240
2022-05,,주택업체,공공분양,서울,0
2022-05,,주택업체,공공분양,인천,0
2022-05,,주택업체,공공분양,경기,431
2022-05,,주택업체,공공분양,부산,1809
2022-05,,주택업체,공공분양,대구,0
2022-05,,주택업체,공공분양,광주,0
2022-05,,주택업체,공공분양,대전,0
2022-05,,주택업체,공공분양,울산,0
2022-05,,주택업체,공공분양,세종,0
2022-05,,주택업체,공공분양,강원,0
2022-05,,주택업체,공공분양,충북,0
2022-05,,주택업체,공공분양,충남,0
2022-05,,주택업체,공공분양,전북,0
2022-05,,주택업체,공공분양,전남,0
2022-05,,주택업체,공공분양,경북,0
2022-05,,주택업체,공공분양,경남,0
2022-05,,주택업체,공공분양,제주,0
2022-05,,민간부문,민간부문,전국,195109
2022-05,,민간부문,민간부문,서울,18462
2022-05,,민간부문,민간부문,인천,6452
2022-05,,민간부문,민간부문,경기,40937
2022-05,,민간부문,민간부문,부산,14168
2022-05,,민간부문,민간부문,대구,9871
2022-05,,민간부문,민간부문,광주,909
2022-05,,민간부문,민간부문,대전,9374
2022-05,,민간부문,민간부문,울산,3325
2022-05,,민간부문,민간부문,세종,1267
2022-05,,민간부문,민간부문,강원,5807
2022-05,,민간부문,민간부문,충북,17347
2022-05,,민간부문,민간부문,충남,18282
2022-05,,민간부문,민간부문,전북,9598
2022-05,,민간부문,민간부문,전남,7614
2022-05,,민간부문,민간부문,경북,17049
2022-05,,민간부문,민간부문,경남,10425
2022-05,,민간부문,민간부문,제주,4222
2022-05,,민간,민간임대,전국,13931
2022-05,,민간,민간임대,서울,1430
2022-05,,민간,민간임대,인천,0
2022-05,,민간,민간임대,경기,4006
2022-05,,민간,민간임대,부산,0
2022-05,,민간,민간임대,대구,0
2022-05,,민간,민간임대,광주,0
2022-05,,민간,민간임대,대전,725
2022-05,,민간,민간임대,울산,0
2022-05,,민간,민간임대,세종,0
2022-05,,민간,민간임대,강원,0
2022-05,,민간,민간임대,충북,975
2022-05,,민간,민간임대,충남,1603
2022-05,,민간,민간임대,전북,387
2022-05,,민간,민간임대,전남,845
2022-05,,민간,민간임대,경북,2740
2022-05,,민간,민간임대,경남,1220
2022-05,,민간,민간임대,제주,0
2022-05,,민간,민간분양,전국,181178
2022-05,,민간,민간분양,서울,17032
2022-05,,민간,민간분양,인천,6452
2022-05,,민간,민간분양,경기,36931
2022-05,,민간,민간분양,부산,14168
2022-05,,민간,민간분양,대구,9871
2022-05,,민간,민간분양,광주,909
2022-05,,민간,민간분양,대전,8649
2022-05,,민간,민간분양,울산,3325
2022-05,,민간,민간분양,세종,1267
2022-05,,민간,민간분양,강원,5807
2022-05,,민간,민간분양,충북,16372
2022-05,,민간,민간분양,충남,16679
2022-05,,민간,민간분양,전북,9211
2022-05,,민간,민간분양,전남,6769
2022-05,,민간,민간분양,경북,14309
2022-05,,민간,민간분양,경남,9205
2022-05,,민간,민간분양,제주,4222
2022-06,,총계,총계,전국,252671
2022-06,,총계,총계,서울,24154
2022-06,,총계,총계,인천,8234
2022-06,,총계,총계,경기,59108
2022-06,,총계,총계,부산,20294
2022-06,,총계,총계,대구,15079
2022-06,,총계,총계,광주,1000
2022-06,,총계,총계,대전,10665
2022-06,,총계,총계,울산,4704
2022-06,,총계,총계,세종,2323
2022-06,,총계,총계,강원,6221
2022-06,,총계,총계,충북,17703
2022-06,,총계,총계,충남,23542
2022-06,,총계,총계,전북,10159
2022-06,,총계,총계,전남,9521
2022-06,,총계,총계,경북,18662
2022-06,,총계,총계,경남,16297
2022-06,,총계,총계,제주,5005
2022-06,,공공부문,공공부문,전국,10187
2022-06,,공공부문,공공부문,서울,62
2022-06,,공공부문,공공부문,인천,0
2022-06,,공공부문,공공부문,경기,2269
2022-06,,공공부문,공공부문,부산,3734
2022-06,,공공부문,공공부문,대구,52
2022-06,,공공부문,공공부문,광주,0
2022-06,,공공부문,공공부문,대전,120
2022-06,,공공부문,공공부문,울산,282
2022-06,,공공부문,공공부문,세종,1035
2022-06,,공공부문,공공부문,강원,0
2022-06,,공공부문,공공부문,충북,0
2022-06,,공공부문,공공부문,충남,893
2022-06,,공공부문,공공부문,전북,0
2022-06,,공공부문,공공부문,전남,0
2022-06,,공공부문,공공부문,경북,90
2022-06,,공공부문,공공부문,경남,1580
2022-06,,공공부문,공공부문,제주,70
2022-06,,합,국민임대,전국,1592
2022-06,,합,국민임대,서울,12
2022-06,,합,국민임대,인천,0
2022-06,,합,국민임대,경기,0
2022-06,,합,국민임대,부산,0
2022-06,,합,국민임대,대구,0
2022-06,,합,국민임대,광주,0
2022-06,,합,국민임대,대전,0
2022-06,,합,국민임대,울산,0
2022-06,,합,국민임대,세종,0
2022-06,,합,국민임대,강원,0
2022-06,,합,국민임대,충북,0
2022-06,,합,국민임대,충남,0
2022-06,,합,국민임대,전북,0
2022-06,,합,국민임대,전남,0
2022-06,,합,국민임대,경북,0
2022-06,,합,국민임대,경남,1580
2022-06,,합,국민임대,제주,0
2022-06,,합,공공임대,전국,1510
2022-06,,합,공공임대,서울,50
2022-06,,합,공공임대,인천,0
2022-06,,합,공공임대,경기,969
2022-06,,합,공공임대,부산,0
2022-06,,합,공공임대,대구,52
2022-06,,합,공공임대,광주,0
2022-06,,합,공공임대,대전,120
2022-06,,합,공공임대,울산,0
2022-06,,합,공공임대,세종,159
2022-06,,합,공공임대,강원,0
2022-06,,합,공공임대,충북,0
2022-06,,합,공공임대,충남,0
2022-06,,합,공공임대,전북,0
2022-06,,합,공공임대,전남,0
2022-06,,합,공공임대,경북,90
2022-06,,합,공공임대,경남,0
2022-06,,합,공공임대,제주,70
2022-06,,합,공공분양,전국,7085
2022-06,,합,공공분양,서울,0
2022-06,,합,공공분양,인천,0
2022-06,,합,공공분양,경기,1300
2022-06,,합,공공분양,부산,3734
2022-06,,합,공공분양,대구,0
2022-06,,합,공공분양,광주,0
2022-06,,합,공공분양,대전,0
2022-06,,합,공공분양,울산,282
2022-06,,합,공공분양,세종,876
2022-06,,합,공공분양,강원,0
2022-06,,합,공공분양,충북,0
2022-06,,합,공공분양,충남,893
2022-06,,합,공공분양,전북,0
2022-06,,합,공공분양,전남,0
2022-06,,합,공공분양,경북,0
2022-06,,합,공공분양,경남,0
2022-06,,합,공공분양,제주,0
2022-06,,지자체,소계,전국,2837
2022-06,,지자체,소계,서울,22
2022-06,,지자체,소계,인천,0
2022-06,,지자체,소계,경기,0
2022-06,,지자체,소계,부산,953
2022-06,,지자체,소계,대구,0
2022-06,,지자체,소계,광주,0
2022-06,,지자체,소계,대전,0
2022-06,,지자체,소계,울산,282
2022-06,,지자체,소계,세종,0
2022-06,,지자체,소계,강원,0
2022-06,,지자체,소계,충북,0
2022-06,,지자체,소계,충남,0
2022-06,,지자체,소계,전북,0
2022-06,,지자체,소계,전남,0
2022-06,,지자체,소계,경북,0
2022-06,,지자체,소계,경남,1580
2022-06,,지자체,소계,제주,0
2022-06,,지자체,국민임대,전국,1592
2022-06,,지자체,국민임대,서울,12
2022-06,,지자체,국민임대,인천,0
2022-06,,지자체,국민임대,경기,0
2022-06,,지자체,국민임대,부산,0
2022-06,,지자체,국민임대,대구,0
2022-06,,지자체,국민임대,광주,0
2022-06,,지자체,국민임대,대전,0
2022-06,,지자체,국민임대,울산,0
2022-06,,지자체,국민임대,세종,0
2022-06,,지자체,국민임대,강원,0
2022-06,,지자체,국민임대,충북,0
2022-06,,지자체,국민임대,충남,0
2022-06,,지자체,국민임대,전북,0
2022-06,,지자체,국민임대,전남,0
2022-06,,지자체,국민임대,경북,0
2022-06,,지자체,국민임대,경남,1580
2022-06,,지자체,국민임대,제주,0
2022-06,,지자체,공공임대,전국,10
2022-06,,지자체,공공임대,서울,10
2022-06,,지자체,공공임대,인천,0
2022-06,,지자체,공공임대,경기,0
2022-06,,지자체,공공임대,부산,0
2022-06,,지자체,공공임대,대구,0
2022-06,,지자체,공공임대,광주,0
2022-06,,지자체,공공임대,대전,0
2022-06,,지자체,공공임대,울산,0
2022-06,,지자체,공공임대,세종,0
2022-06,,지자체,공공임대,강원,0
2022-06,,지자체,공공임대,충북,0
2022-06,,지자체,공공임대,충남,0
2022-06,,지자체,공공임대,전북,0
2022-06,,지자체,공공임대,전남,0
2022-06,,지자체,공공임대,경북,0
2022-06,,지자체,공공임대,경남,0
2022-06,,지자체,공공임대,제주,0
2022-06,,지자체,공공분양,전국,1235
2022-06,,지자체,공공분양,서울,0
2022-06,,지자체,공공분양,인천,0
2022-06,,지자체,공공분양,경기,0
2022-06,,지자체,공공분양,부산,953
2022-06,,지자체,공공분양,대구,0
2022-06,,지자체,공공분양,광주,0
2022-06,,지자체,공공분양,대전,0
2022-06,,지자체,공공분양,울산,282
2022-06,,지자체,공공분양,세종,0
2022-06,,지자체,공공분양,강원,0
2022-06,,지자체,공공분양,충북,0
2022-06,,지자체,공공분양,충남,0
2022-06,,지자체,공공분양,전북,0
2022-06,,지자체,공공분양,전남,0
2022-06,,지자체,공공분양,경북,0
2022-06,,지자체,공공분양,경남,0
2022-06,,지자체,공공분양,제주,0
2022-06,,LH,소계,전국,2763
2022-06,,LH,소계,서울,0
2022-06,,LH,소계,인천,0
2022-06,,LH,소계,경기,1518
2022-06,,LH,소계,부산,0
2022-06,,LH,소계,대구,0
2022-06,,LH,소계,광주,0
2022-06,,LH,소계,대전,120
2022-06,,LH,소계,울산,0
2022-06,,LH,소계,세종,1035
2022-06,,LH,소계,강원,0
2022-06,,LH,소계,충북,0
2022-06,,LH,소계,충남,0
2022-06,,LH,소계,전북,0
2022-06,,LH,소계,전남,0
2022-06,,LH,소계,경북,90
2022-06,,LH,소계,경남,0
2022-06,,LH,소계,제주,0
2022-06,,LH,국민임대,전국,0
2022-06,,LH,국민임대,서울,0
2022-06,,LH,국민임대,인천,0
2022-06,,LH,국민임대,경기,0
2022-06,,LH,국민임대,부산,0
2022-06,,LH,국민임대,대구,0
2022-06,,LH,국민임대,광주,0
2022-06,,LH,국민임대,대전,0
2022-06,,LH,국민임대,울산,0
2022-06,,LH,국민임대,세종,0
2022-06,,LH,국민임대,강원,0
2022-06,,LH,국민임대,충북,0
2022-06,,LH,국민임대,충남,0
2022-06,,LH,국민임대,전북,0
2022-06,,LH,국민임대,전남,0
2022-06,,LH,국민임대,경북,0
2022-06,,LH,국민임대,경남,0
2022-06,,LH,국민임대,제주,0
2022-06,,LH,공공임대,전국,1018
2022-06,,LH,공공임대,서울,0
2022-06,,LH,공공임대,인천,0
2022-06,,LH,공공임대,경기,649
2022-06,,LH,공공임대,부산,0
2022-06,,LH,공공임대,대구,0
2022-06,,LH,공공임대,광주,0
2022-06,,LH,공공임대,대전,120
2022-06,,LH,공공임대,울산,0
2022-06,,LH,공공임대,세종,159
2022-06,,LH,공공임대,강원,0
2022-06,,LH,공공임대,충북,0
2022-06,,LH,공공임대,충남,0
2022-06,,LH,공공임대,전북,0
2022-06,,LH,공공임대,전남,0
2022-06,,LH,공공임대,경북,90
2022-06,,LH,공공임대,경남,0
2022-06,,LH,공공임대,제주,0
2022-06,,LH,공공분양,전국,1745
2022-06,,LH,공공분양,서울,0
2022-06,,LH,공공분양,인천,0
2022-06,,LH,공공분양,경기,869
2022-06,,LH,공공분양,부산,0
2022-06,,LH,공공분양,대구,0
2022-06,,LH,공공분양,광주,0
2022-06,,LH,공공분양,대전,0
2022-06,,LH,공공분양,울산,0
2022-06,,LH,공공분양,세종,876
2022-06,,LH,공공분양,강원,0
2022-06,,LH,공공분양,충북,0
2022-06,,LH,공공분양,충남,0
2022-06,,LH,공공분양,전북,0
2022-06,,LH,공공분양,전남,0
2022-06,,LH,공공분양,경북,0
2022-06,,LH,공공분양,경남,0
2022-06,,LH,공공분양,제주,0
2022-06,,주택업체,소계,전국,4587
2022-06,,주택업체,소계,서울,40
2022-06,,주택업체,소계,인천,0
2022-06,,주택업체,소계,경기,751
2022-06,,주택업체,소계,부산,2781
2022-06,,주택업체,소계,대구,52
2022-06,,주택업체,소계,광주,0
2022-06,,주택업체,소계,대전,0
2022-06,,주택업체,소계,울산,0
2022-06,,주택업체,소계,세종,0
2022-06,,주택업체,소계,강원,0
2022-06,,주택업체,소계,충북,0
2022-06,,주택업체,소계,충남,893
2022-06,,주택업체,소계,전북,0
2022-06,,주택업체,소계,전남,0
2022-06,,주택업체,소계,경북,0
2022-06,,주택업체,소계,경남,0
2022-06,,주택업체,소계,제주,70
2022-06,,주택업체,국민임대,전국,0
2022-06,,주택업체,국민임대,서울,0
2022-06,,주택업체,국민임대,인천,0
2022-06,,주택업체,국민임대,경기,0
2022-06,,주택업체,국민임대,부산,0
2022-06,,주택업체,국민임대,대구,0
2022-06,,주택업체,국민임대,광주,0
2022-06,,주택업체,국민임대,대전,0
2022-06,,주택업체,국민임대,울산,0
2022-06,,주택업체,국민임대,세종,0
2022-06,,주택업체,국민임대,강원,0
2022-06,,주택업체,국민임대,충북,0
2022-06,,주택업체,국민임대,충남,0
2022-06,,주택업체,국민임대,전북,0
2022-06,,주택업체,국민임대,전남,0
2022-06,,주택업체,국민임대,경북,0
2022-06,,주택업체,국민임대,경남,0
2022-06,,주택업체,국민임대,제주,0
2022-06,,주택업체,공공임대,전국,482
2022-06,,주택업체,공공임대,서울,40
2022-06,,주택업체,공공임대,인천,0
2022-06,,주택업체,공공임대,경기,320
2022-06,,주택업체,공공임대,부산,0
2022-06,,주택업체,공공임대,대구,52
2022-06,,주택업체,공공임대,광주,0
2022-06,,주택업체,공공임대,대전,0
2022-06,,주택업체,공공임대,울산,0
2022-06,,주택업체,공공임대,세종,0
2022-06,,주택업체,공공임대,강원,0
2022-06,,주택업체,공공임대,충북,0
2022-06,,주택업체,공공임대,충남,0
2022-06,,주택업체,공공임대,전북,0
2022-06,,주택업체,공공임대,전남,0
2022-06,,주택업체,공공임대,경북,0
2022-06,,주택업체,공공임대,경남,0
2022-06,,주택업체,공공임대,제주,70
2022-06,,주택업체,공공분양,전국,4105
2022-06,,주택업체,공공분양,서울,0
2022-06,,주택업체,공공분양,인천,0
2022-06,,주택업체,공공분양,경기,431
2022-06,,주택업체,공공분양,부산,2781
2022-06,,주택업체,공공분양,대구,0
2022-06,,주택업체,공공분양,광주,0
2022-06,,주택업체,공공분양,대전,0
2022-06,,주택업체,공공분양,울산,0
2022-06,,주택업체,공공분양,세종,0
2022-06,,주택업체,공공분양,강원,0
2022-06,,주택업체,공공분양,충북,0
2022-06,,주택업체,공공분양,충남,893
2022-06,,주택업체,공공분양,전북,0
2022-06,,주택업체,공공분양,전남,0
2022-06,,주택업체,공공분양,경북,0
2022-06,,주택업체,공공분양,경남,0
2022-06,,주택업체,공공분양,제주,0
2022-06,,민간부문,민간부문,전국,242484
2022-06,,민간부문,민간부문,서울,24092
2022-06,,민간부문,민간부문,인천,8234
2022-06,,민간부문,민간부문,경기,56839
2022-06,,민간부문,민간부문,부산,16560
2022-06,,민간부문,민간부문,대구,15027
2022-06,,민간부문,민간부문,광주,1000
2022-06,,민간부문,민간부문,대전,10545
2022-06,,민간부문,민간부문,울산,4422
2022-06,,민간부문,민간부문,세종,1288
2022-06,,민간부문,민간부문,강원,6221
2022-06,,민간부문,민간부문,충북,17703
2022-06,,민간부문,민간부문,충남,22649
2022-06,,민간부문,민간부문,전북,10159
2022-06,,민간부문,민간부문,전남,9521
2022-06,,민간부문,민간부문,경북,18572
2022-06,,민간부문,민간부문,경남,14717
2022-06,,민간부문,민간부문,제주,4935
2022-06,,민간,민간임대,전국,20114
2022-06,,민간,민간임대,서울,1430
2022-06,,민간,민간임대,인천,0
2022-06,,민간,민간임대,경기,5745
2022-06,,민간,민간임대,부산,614
2022-06,,민간,민간임대,대구,3535
2022-06,,민간,민간임대,광주,0
2022-06,,민간,민간임대,대전,725
2022-06,,민간,민간임대,울산,0
2022-06,,민간,민간임대,세종,0
2022-06,,민간,민간임대,강원,0
2022-06,,민간,민간임대,충북,975
2022-06,,민간,민간임대,충남,1603
2022-06,,민간,민간임대,전북,387
2022-06,,민간,민간임대,전남,1140
2022-06,,민간,민간임대,경북,2740
2022-06,,민간,민간임대,경남,1220
2022-06,,민간,민간임대,제주,0
2022-06,,민간,민간분양,전국,222370
2022-06,,민간,민간분양,서울,22662
2022-06,,민간,민간분양,인천,8234
2022-06,,민간,민간분양,경기,51094
2022-06,,민간,민간분양,부산,15946
2022-06,,민간,민간분양,대구,11492
2022-06,,민간,민간분양,광주,1000
2022-06,,민간,민간분양,대전,9820
2022-06,,민간,민간분양,울산,4422
2022-06,,민간,민간분양,세종,1288
2022-06,,민간,민간분양,강원,6221
2022-06,,민간,민간분양,충북,16728
2022-06,,민간,민간분양,충남,21046
2022-06,,민간,민간분양,전북,9772
2022-06,,민간,민간분양,전남,8381
2022-06,,민간,민간분양,경북,15832
2022-06,,민간,민간분양,경남,13497
2022-06,,민간,민간분양,제주,4935
2022-07,,총계,총계,전국,293565
2022-07,,총계,총계,서울,27260
2022-07,,총계,총계,인천,11187
2022-07,,총계,총계,경기,72074
2022-07,,총계,총계,부산,23986
2022-07,,총계,총계,대구,16681
2022-07,,총계,총계,광주,2481
2022-07,,총계,총계,대전,12195
2022-07,,총계,총계,울산,5252
2022-07,,총계,총계,세종,2346
2022-07,,총계,총계,강원,8203
2022-07,,총계,총계,충북,17985
2022-07,,총계,총계,충남,25056
2022-07,,총계,총계,전북,11846
2022-07,,총계,총계,전남,10936
2022-07,,총계,총계,경북,21937
2022-07,,총계,총계,경남,17708
2022-07,,총계,총계,제주,6432
2022-07,,공공부문,공공부문,전국,10900
2022-07,,공공부문,공공부문,서울,165
2022-07,,공공부문,공공부문,인천,0
2022-07,,공공부문,공공부문,경기,2269
2022-07,,공공부문,공공부문,부산,3734
2022-07,,공공부문,공공부문,대구,52
2022-07,,공공부문,공공부문,광주,460
2022-07,,공공부문,공공부문,대전,120
2022-07,,공공부문,공공부문,울산,282
2022-07,,공공부문,공공부문,세종,1035
2022-07,,공공부문,공공부문,강원,0
2022-07,,공공부문,공공부문,충북,0
2022-07,,공공부문,공공부문,충남,893
2022-07,,공공부문,공공부문,전북,0
2022-07,,공공부문,공공부문,전남,0
2022-07,,공공부문,공공부문,경북,90
2022-07,,공공부문,공공부문,경남,1730
2022-07,,공공부문,공공부문,제주,70
2022-07,,합,국민임대,전국,1592
2022-07,,합,국민임대,서울,12
2022-07,,합,국민임대,인천,0
2022-07,,합,국민임대,경기,0
2022-07,,합,국민임대,부산,0
2022-07,,합,국민임대,대구,0
2022-07,,합,국민임대,광주,0
2022-07,,합,국민임대,대전,0
2022-07,,합,국민임대,울산,0
2022-07,,합,국민임대,세종,0
2022-07,,합,국민임대,강원,0
2022-07,,합,국민임대,충북,0
2022-07,,합,국민임대,충남,0
2022-07,,합,국민임대,전북,0
2022-07,,합,국민임대,전남,0
2022-07,,합,국민임대,경북,0
2022-07,,합,국민임대,경남,1580
2022-07,,합,국민임대,제주,0
2022-07,,합,공공임대,전국,2223
2022-07,,합,공공임대,서울,153
2022-07,,합,공공임대,인천,0
2022-07,,합,공공임대,경기,969
2022-07,,합,공공임대,부산,0
2022-07,,합,공공임대,대구,52
2022-07,,합,공공임대,광주,460
2022-07,,합,공공임대,대전,120
2022-07,,합,공공임대,울산,0
2022-07,,합,공공임대,세종,159
2022-07,,합,공공임대,강원,0
2022-07,,합,공공임대,충북,0
2022-07,,합,공공임대,충남,0
2022-07,,합,공공임대,전북,0
2022-07,,합,공공임대,전남,0
2022-07,,합,공공임대,경북,90
2022-07,,합,공공임대,경남,150
2022-07,,합,공공임대,제주,70
2022-07,,합,공공분양,전국,7085
2022-07,,합,공공분양,서울,0
2022-07,,합,공공분양,인천,0
2022-07,,합,공공분양,경기,1300
2022-07,,합,공공분양,부산,3734
2022-07,,합,공공분양,대구,0
2022-07,,합,공공분양,광주,0
2022-07,,합,공공분양,대전,0
2022-07,,합,공공분양,울산,282
2022-07,,합,공공분양,세종,876
2022-07,,합,공공분양,강원,0
2022-07,,합,공공분양,충북,0
2022-07,,합,공공분양,충남,893
2022-07,,합,공공분양,전북,0
2022-07,,합,공공분양,전남,0
2022-07,,합,공공분양,경북,0
2022-07,,합,공공분양,경남,0
2022-07,,합,공공분양,제주,0
2022-07,,지자체,소계,전국,3400
2022-07,,지자체,소계,서울,125
2022-07,,지자체,소계,인천,0
2022-07,,지자체,소계,경기,0
2022-07,,지자체,소계,부산,953
2022-07,,지자체,소계,대구,0
2022-07,,지자체,소계,광주,460
2022-07,,지자체,소계,대전,0
2022-07,,지자체,소계,울산,282
2022-07,,지자체,소계,세종,0
2022-07,,지자체,소계,강원,0
2022-07,,지자체,소계,충북,0
2022-07,,지자체,소계,충남,0
2022-07,,지자체,소계,전북,0
2022-07,,지자체,소계,전남,0
2022-07,,지자체,소계,경북,0
2022-07,,지자체,소계,경남,1580
2022-07,,지자체,소계,제주,0
2022-07,,지자체,국민임대,전국,1592
2022-07,,지자체,국민임대,서울,12
2022-07,,지자체,국민임대,인천,0
2022-07,,지자체,국민임대,경기,0
2022-07,,지자체,국민임대,부산,0
2022-07,,지자체,국민임대,대구,0
2022-07,,지자체,국민임대,광주,0
2022-07,,지자체,국민임대,대전,0
2022-07,,지자체,국민임대,울산,0
2022-07,,지자체,국민임대,세종,0
2022-07,,지자체,국민임대,강원,0
2022-07,,지자체,국민임대,충북,0
2022-07,,지자체,국민임대,충남,0
2022-07,,지자체,국민임대,전북,0
2022-07,,지자체,국민임대,전남,0
2022-07,,지자체,국민임대,경북,0
2022-07,,지자체,국민임대,경남,1580
2022-07,,지자체,국민임대,제주,0
2022-07,,지자체,공공임대,전국,573
2022-07,,지자체,공공임대,서울,113
2022-07,,지자체,공공임대,인천,0
2022-07,,지자체,공공임대,경기,0
2022-07,,지자체,공공임대,부산,0
2022-07,,지자체,공공임대,대구,0
2022-07,,지자체,공공임대,광주,460
2022-07,,지자체,공공임대,대전,0
2022-07,,지자체,공공임대,울산,0
2022-07,,지자체,공공임대,세종,0
2022-07,,지자체,공공임대,강원,0
2022-07,,지자체,공공임대,충북,0
2022-07,,지자체,공공임대,충남,0
2022-07,,지자체,공공임대,전북,0
2022-07,,지자체,공공임대,전남,0
2022-07,,지자체,공공임대,경북,0
2022-07,,지자체,공공임대,경남,0
2022-07,,지자체,공공임대,제주,0
2022-07,,지자체,공공분양,전국,1235
2022-07,,지자체,공공분양,서울,0
2022-07,,지자체,공공분양,인천,0
2022-07,,지자체,공공분양,경기,0
2022-07,,지자체,공공분양,부산,953
2022-07,,지자체,공공분양,대구,0
2022-07,,지자체,공공분양,광주,0
2022-07,,지자체,공공분양,대전,0
2022-07,,지자체,공공분양,울산,282
2022-07,,지자체,공공분양,세종,0
2022-07,,지자체,공공분양,강원,0
2022-07,,지자체,공공분양,충북,0
2022-07,,지자체,공공분양,충남,0
2022-07,,지자체,공공분양,전북,0
2022-07,,지자체,공공분양,전남,0
2022-07,,지자체,공공분양,경북,0
2022-07,,지자체,공공분양,경남,0
2022-07,,지자체,공공분양,제주,0
2022-07,,LH,소계,전국,2913
2022-07,,LH,소계,서울,0
2022-07,,LH,소계,인천,0
2022-07,,LH,소계,경기,1518
2022-07,,LH,소계,부산,0
2022-07,,LH,소계,대구,0
2022-07,,LH,소계,광주,0
2022-07,,LH,소계,대전,120
2022-07,,LH,소계,울산,0
2022-07,,LH,소계,세종,1035
2022-07,,LH,소계,강원,0
2022-07,,LH,소계,충북,0
2022-07,,LH,소계,충남,0
2022-07,,LH,소계,전북,0
2022-07,,LH,소계,전남,0
2022-07,,LH,소계,경북,90
2022-07,,LH,소계,경남,150
2022-07,,LH,소계,제주,0
2022-07,,LH,국민임대,전국,0
2022-07,,LH,국민임대,서울,0
2022-07,,LH,국민임대,인천,0
2022-07,,LH,국민임대,경기,0
2022-07,,LH,국민임대,부산,0
2022-07,,LH,국민임대,대구,0
2022-07,,LH,국민임대,광주,0
2022-07,,LH,국민임대,대전,0
2022-07,,LH,국민임대,울산,0
2022-07,,LH,국민임대,세종,0
2022-07,,LH,국민임대,강원,0
2022-07,,LH,국민임대,충북,0
2022-07,,LH,국민임대,충남,0
2022-07,,LH,국민임대,전북,0
2022-07,,LH,국민임대,전남,0
2022-07,,LH,국민임대,경북,0
2022-07,,LH,국민임대,경남,0
2022-07,,LH,국민임대,제주,0
2022-07,,LH,공공임대,전국,1168
2022-07,,LH,공공임대,서울,0
2022-07,,LH,공공임대,인천,0
2022-07,,LH,공공임대,경기,649
2022-07,,LH,공공임대,부산,0
2022-07,,LH,공공임대,대구,0
2022-07,,LH,공공임대,광주,0
2022-07,,LH,공공임대,대전,120
2022-07,,LH,공공임대,울산,0
2022-07,,LH,공공임대,세종,159
2022-07,,LH,공공임대,강원,0
2022-07,,LH,공공임대,충북,0
2022-07,,LH,공공임대,충남,0
2022-07,,LH,공공임대,전북,0
2022-07,,LH,공공임대,전남,0
2022-07,,LH,공공임대,경북,90
2022-07,,LH,공공임대,경남,150
2022-07,,LH,공공임대,제주,0
2022-07,,LH,공공분양,전국,1745
2022-07,,LH,공공분양,서울,0
2022-07,,LH,공공분양,인천,0
2022-07,,LH,공공분양,경기,869
2022-07,,LH,공공분양,부산,0
2022-07,,LH,공공분양,대구,0
2022-07,,LH,공공분양,광주,0
2022-07,,LH,공공분양,대전,0
2022-07,,LH,공공분양,울산,0
2022-07,,LH,공공분양,세종,876
2022-07,,LH,공공분양,강원,0
2022-07,,LH,공공분양,충북,0
2022-07,,LH,공공분양,충남,0
2022-07,,LH,공공분양,전북,0
2022-07,,LH,공공분양,전남,0
2022-07,,LH,공공분양,경북,0
2022-07,,LH,공공분양,경남,0
2022-07,,LH,공공분양,제주,0
2022-07,,주택업체,소계,전국,4587
2022-07,,주택업체,소계,서울,40
2022-07,,주택업체,소계,인천,0
2022-07,,주택업체,소계,경기,751
2022-07,,주택업체,소계,부산,2781
2022-07,,주택업체,소계,대구,52
2022-07,,주택업체,소계,광주,0
2022-07,,주택업체,소계,대전,0
2022-07,,주택업체,소계,울산,0
2022-07,,주택업체,소계,세종,0
2022-07,,주택업체,소계,강원,0
2022-07,,주택업체,소계,충북,0
2022-07,,주택업체,소계,충남,893
2022-07,,주택업체,소계,전북,0
2022-07,,주택업체,소계,전남,0
2022-07,,주택업체,소계,경북,0
2022-07,,주택업체,소계,경남,0
2022-07,,주택업체,소계,제주,70
2022-07,,주택업체,국민임대,전국,0
2022-07,,주택업체,국민임대,서울,0
2022-07,,주택업체,국민임대,인천,0
2022-07,,주택업체,국민임대,경기,0
2022-07,,주택업체,국민임대,부산,0
2022-07,,주택업체,국민임대,대구,0
2022-07,,주택업체,국민임대,광주,0
2022-07,,주택업체,국민임대,대전,0
2022-07,,주택업체,국민임대,울산,0
2022-07,,주택업체,국민임대,세종,0
2022-07,,주택업체,국민임대,강원,0
2022-07,,주택업체,국민임대,충북,0
2022-07,,주택업체,국민임대,충남,0
2022-07,,주택업체,국민임대,전북,0
2022-07,,주택업체,국민임대,전남,0
2022-07,,주택업체,국민임대,경북,0
2022-07,,주택업체,국민임대,경남,0
2022-07,,주택업체,국민임대,제주,0
2022-07,,주택업체,공공임대,전국,482
2022-07,,주택업체,공공임대,서울,40
2022-07,,주택업체,공공임대,인천,0
2022-07,,주택업체,공공임대,경기,320
2022-07,,주택업체,공공임대,부산,0
2022-07,,주택업체,공공임대,대구,52
2022-07,,주택업체,공공임대,광주,0
2022-07,,주택업체,공공임대,대전,0
2022-07,,주택업체,공공임대,울산,0
2022-07,,주택업체,공공임대,세종,0
2022-07,,주택업체,공공임대,강원,0
2022-07,,주택업체,공공임대,충북,0
2022-07,,주택업체,공공임대,충남,0
2022-07,,주택업체,공공임대,전북,0
2022-07,,주택업체,공공임대,전남,0
2022-07,,주택업체,공공임대,경북,0
2022-07,,주택업체,공공임대,경남,0
2022-07,,주택업체,공공임대,제주,70
2022-07,,주택업체,공공분양,전국,4105
2022-07,,주택업체,공공분양,서울,0
2022-07,,주택업체,공공분양,인천,0
2022-07,,주택업체,공공분양,경기,431
2022-07,,주택업체,공공분양,부산,2781
2022-07,,주택업체,공공분양,대구,0
2022-07,,주택업체,공공분양,광주,0
2022-07,,주택업체,공공분양,대전,0
2022-07,,주택업체,공공분양,울산,0
2022-07,,주택업체,공공분양,세종,0
2022-07,,주택업체,공공분양,강원,0
2022-07,,주택업체,공공분양,충북,0
2022-07,,주택업체,공공분양,충남,893
2022-07,,주택업체,공공분양,전북,0
2022-07,,주택업체,공공분양,전남,0
2022-07,,주택업체,공공분양,경북,0
2022-07,,주택업체,공공분양,경남,0
2022-07,,주택업체,공공분양,제주,0
2022-07,,민간부문,민간부문,전국,282665
2022-07,,민간부문,민간부문,서울,27095
2022-07,,민간부문,민간부문,인천,11187
2022-07,,민간부문,민간부문,경기,69805
2022-07,,민간부문,민간부문,부산,20252
2022-07,,민간부문,민간부문,대구,16629
2022-07,,민간부문,민간부문,광주,2021
2022-07,,민간부문,민간부문,대전,12075
2022-07,,민간부문,민간부문,울산,4970
2022-07,,민간부문,민간부문,세종,1311
2022-07,,민간부문,민간부문,강원,8203
2022-07,,민간부문,민간부문,충북,17985
2022-07,,민간부문,민간부문,충남,24163
2022-07,,민간부문,민간부문,전북,11846
2022-07,,민간부문,민간부문,전남,10936
2022-07,,민간부문,민간부문,경북,21847
2022-07,,민간부문,민간부문,경남,15978
2022-07,,민간부문,민간부문,제주,6362
2022-07,,민간,민간임대,전국,21656
2022-07,,민간,민간임대,서울,1430
2022-07,,민간,민간임대,인천,243
2022-07,,민간,민간임대,경기,5745
2022-07,,민간,민간임대,부산,614
2022-07,,민간,민간임대,대구,4039
2022-07,,민간,민간임대,광주,0
2022-07,,민간,민간임대,대전,725
2022-07,,민간,민간임대,울산,0
2022-07,,민간,민간임대,세종,0
2022-07,,민간,민간임대,강원,0
2022-07,,민간,민간임대,충북,975
2022-07,,민간,민간임대,충남,2014
2022-07,,민간,민간임대,전북,739
2022-07,,민간,민간임대,전남,1172
2022-07,,민간,민간임대,경북,2740
2022-07,,민간,민간임대,경남,1220
2022-07,,민간,민간임대,제주,0
2022-07,,민간,민간분양,전국,261009
2022-07,,민간,민간분양,서울,25665
2022-07,,민간,민간분양,인천,10944
2022-07,,민간,민간분양,경기,64060
2022-07,,민간,민간분양,부산,19638
2022-07,,민간,민간분양,대구,12590
2022-07,,민간,민간분양,광주,2021
2022-07,,민간,민간분양,대전,11350
2022-07,,민간,민간분양,울산,4970
2022-07,,민간,민간분양,세종,1311
2022-07,,민간,민간분양,강원,8203
2022-07,,민간,민간분양,충북,17010
2022-07,,민간,민간분양,충남,22149
2022-07,,민간,민간분양,전북,11107
2022-07,,민간,민간분양,전남,9764
2022-07,,민간,민간분양,경북,19107
2022-07,,민간,민간분양,경남,14758
2022-07,,민간,민간분양,제주,6362
2022-08,,총계,총계,전국,338620
2022-08,,총계,총계,서울,30968
2022-08,,총계,총계,인천,12586
2022-08,,총계,총계,경기,82722
2022-08,,총계,총계,부산,24554
2022-08,,총계,총계,대구,20576
2022-08,,총계,총계,광주,2979
2022-08,,총계,총계,대전,15425
2022-08,,총계,총계,울산,5736
2022-08,,총계,총계,세종,2782
2022-08,,총계,총계,강원,11014
2022-08,,총계,총계,충북,21502
2022-08,,총계,총계,충남,26574
2022-08,,총계,총계,전북,15008
2022-08,,총계,총계,전남,12787
2022-08,,총계,총계,경북,26933
2022-08,,총계,총계,경남,19495
2022-08,,총계,총계,제주,6979
2022-08,,공공부문,공공부문,전국,12068
2022-08,,공공부문,공공부문,서울,301
2022-08,,공공부문,공공부문,인천,0
2022-08,,공공부문,공공부문,경기,2787
2022-08,,공공부문,공공부문,부산,3734
2022-08,,공공부문,공공부문,대구,52
2022-08,,공공부문,공공부문,광주,460
2022-08,,공공부문,공공부문,대전,120
2022-08,,공공부문,공공부문,울산,282
2022-08,,공공부문,공공부문,세종,1451
2022-08,,공공부문,공공부문,강원,0
2022-08,,공공부문,공공부문,충북,0
2022-08,,공공부문,공공부문,충남,893
2022-08,,공공부문,공공부문,전북,0
2022-08,,공공부문,공공부문,전남,0
2022-08,,공공부문,공공부문,경북,188
2022-08,,공공부문,공공부문,경남,1730
2022-08,,공공부문,공공부문,제주,70
2022-08,,합,국민임대,전국,1592
2022-08,,합,국민임대,서울,12
2022-08,,합,국민임대,인천,0
2022-08,,합,국민임대,경기,0
2022-08,,합,국민임대,부산,0
2022-08,,합,국민임대,대구,0
2022-08,,합,국민임대,광주,0
2022-08,,합,국민임대,대전,0
2022-08,,합,국민임대,울산,0
2022-08,,합,국민임대,세종,0
2022-08,,합,국민임대,강원,0
2022-08,,합,국민임대,충북,0
2022-08,,합,국민임대,충남,0
2022-08,,합,국민임대,전북,0
2022-08,,합,국민임대,전남,0
2022-08,,합,국민임대,경북,0
2022-08,,합,국민임대,경남,1580
2022-08,,합,국민임대,제주,0
2022-08,,합,공공임대,전국,3391
2022-08,,합,공공임대,서울,289
2022-08,,합,공공임대,인천,0
2022-08,,합,공공임대,경기,1487
2022-08,,합,공공임대,부산,0
2022-08,,합,공공임대,대구,52
2022-08,,합,공공임대,광주,460
2022-08,,합,공공임대,대전,120
2022-08,,합,공공임대,울산,0
2022-08,,합,공공임대,세종,575
2022-08,,합,공공임대,강원,0
2022-08,,합,공공임대,충북,0
2022-08,,합,공공임대,충남,0
2022-08,,합,공공임대,전북,0
2022-08,,합,공공임대,전남,0
2022-08,,합,공공임대,경북,188
2022-08,,합,공공임대,경남,150
2022-08,,합,공공임대,제주,70
2022-08,,합,공공분양,전국,7085
2022-08,,합,공공분양,서울,0
2022-08,,합,공공분양,인천,0
2022-08,,합,공공분양,경기,1300
2022-08,,합,공공분양,부산,3734
2022-08,,합,공공분양,대구,0
2022-08,,합,공공분양,광주,0
2022-08,,합,공공분양,대전,0
2022-08,,합,공공분양,울산,282
2022-08,,합,공공분양,세종,876
2022-08,,합,공공분양,강원,0
2022-08,,합,공공분양,충북,0
2022-08,,합,공공분양,충남,893
2022-08,,합,공공분양,전북,0
2022-08,,합,공공분양,전남,0
2022-08,,합,공공분양,경북,0
2022-08,,합,공공분양,경남,0
2022-08,,합,공공분양,제주,0
2022-08,,지자체,소계,전국,3918
2022-08,,지자체,소계,서울,125
2022-08,,지자체,소계,인천,0
2022-08,,지자체,소계,경기,518
2022-08,,지자체,소계,부산,953
2022-08,,지자체,소계,대구,0
2022-08,,지자체,소계,광주,460
2022-08,,지자체,소계,대전,0
2022-08,,지자체,소계,울산,282
2022-08,,지자체,소계,세종,0
2022-08,,지자체,소계,강원,0
2022-08,,지자체,소계,충북,0
2022-08,,지자체,소계,충남,0
2022-08,,지자체,소계,전북,0
2022-08,,지자체,소계,전남,0
2022-08,,지자체,소계,경북,0
2022-08,,지자체,소계,경남,1580
2022-08,,지자체,소계,제주,0
2022-08,,지자체,국민임대,전국,1592
2022-08,,지자체,국민임대,서울,12
2022-08,,지자체,국민임대,인천,0
2022-08,,지자체,국민임대,경기,0
2022-08,,지자체,국민임대,부산,0
2022-08,,지자체,국민임대,대구,0
2022-08,,지자체,국민임대,광주,0
2022-08,,지자체,국민임대,대전,0
2022-08,,지자체,국민임대,울산,0
2022-08,,지자체,국민임대,세종,0
2022-08,,지자체,국민임대,강원,0
2022-08,,지자체,국민임대,충북,0
2022-08,,지자체,국민임대,충남,0
2022-08,,지자체,국민임대,전북,0
2022-08,,지자체,국민임대,전남,0
2022-08,,지자체,국민임대,경북,0
2022-08,,지자체,국민임대,경남,1580
2022-08,,지자체,국민임대,제주,0
2022-08,,지자체,공공임대,전국,1091
2022-08,,지자체,공공임대,서울,113
2022-08,,지자체,공공임대,인천,0
2022-08,,지자체,공공임대,경기,518
2022-08,,지자체,공공임대,부산,0
2022-08,,지자체,공공임대,대구,0
2022-08,,지자체,공공임대,광주,460
2022-08,,지자체,공공임대,대전,0
2022-08,,지자체,공공임대,울산,0
2022-08,,지자체,공공임대,세종,0
2022-08,,지자체,공공임대,강원,0
2022-08,,지자체,공공임대,충북,0
2022-08,,지자체,공공임대,충남,0
2022-08,,지자체,공공임대,전북,0
2022-08,,지자체,공공임대,전남,0
2022-08,,지자체,공공임대,경북,0
2022-08,,지자체,공공임대,경남,0
2022-08,,지자체,공공임대,제주,0
2022-08,,지자체,공공분양,전국,1235
2022-08,,지자체,공공분양,서울,0
2022-08,,지자체,공공분양,인천,0
2022-08,,지자체,공공분양,경기,0
2022-08,,지자체,공공분양,부산,953
2022-08,,지자체,공공분양,대구,0
2022-08,,지자체,공공분양,광주,0
2022-08,,지자체,공공분양,대전,0
2022-08,,지자체,공공분양,울산,282
2022-08,,지자체,공공분양,세종,0
2022-08,,지자체,공공분양,강원,0
2022-08,,지자체,공공분양,충북,0
2022-08,,지자체,공공분양,충남,0
2022-08,,지자체,공공분양,전북,0
2022-08,,지자체,공공분양,전남,0
2022-08,,지자체,공공분양,경북,0
2022-08,,지자체,공공분양,경남,0
2022-08,,지자체,공공분양,제주,0
2022-08,,LH,소계,전국,3427
2022-08,,LH,소계,서울,0
2022-08,,LH,소계,인천,0
2022-08,,LH,소계,경기,1518
2022-08,,LH,소계,부산,0
2022-08,,LH,소계,대구,0
2022-08,,LH,소계,광주,0
2022-08,,LH,소계,대전,120
2022-08,,LH,소계,울산,0
2022-08,,LH,소계,세종,1451
2022-08,,LH,소계,강원,0
2022-08,,LH,소계,충북,0
2022-08,,LH,소계,충남,0
2022-08,,LH,소계,전북,0
2022-08,,LH,소계,전남,0
2022-08,,LH,소계,경북,188
2022-08,,LH,소계,경남,150
2022-08,,LH,소계,제주,0
2022-08,,LH,국민임대,전국,0
2022-08,,LH,국민임대,서울,0
2022-08,,LH,국민임대,인천,0
2022-08,,LH,국민임대,경기,0
2022-08,,LH,국민임대,부산,0
2022-08,,LH,국민임대,대구,0
2022-08,,LH,국민임대,광주,0
2022-08,,LH,국민임대,대전,0
2022-08,,LH,국민임대,울산,0
2022-08,,LH,국민임대,세종,0
2022-08,,LH,국민임대,강원,0
2022-08,,LH,국민임대,충북,0
2022-08,,LH,국민임대,충남,0
2022-08,,LH,국민임대,전북,0
2022-08,,LH,국민임대,전남,0
2022-08,,LH,국민임대,경북,0
2022-08,,LH,국민임대,경남,0
2022-08,,LH,국민임대,제주,0
2022-08,,LH,공공임대,전국,1682
2022-08,,LH,공공임대,서울,0
2022-08,,LH,공공임대,인천,0
2022-08,,LH,공공임대,경기,649
2022-08,,LH,공공임대,부산,0
2022-08,,LH,공공임대,대구,0
2022-08,,LH,공공임대,광주,0
2022-08,,LH,공공임대,대전,120
2022-08,,LH,공공임대,울산,0
2022-08,,LH,공공임대,세종,575
2022-08,,LH,공공임대,강원,0
2022-08,,LH,공공임대,충북,0
2022-08,,LH,공공임대,충남,0
2022-08,,LH,공공임대,전북,0
2022-08,,LH,공공임대,전남,0
2022-08,,LH,공공임대,경북,188
2022-08,,LH,공공임대,경남,150
2022-08,,LH,공공임대,제주,0
2022-08,,LH,공공분양,전국,1745
2022-08,,LH,공공분양,서울,0
2022-08,,LH,공공분양,인천,0
2022-08,,LH,공공분양,경기,869
2022-08,,LH,공공분양,부산,0
2022-08,,LH,공공분양,대구,0
2022-08,,LH,공공분양,광주,0
2022-08,,LH,공공분양,대전,0
2022-08,,LH,공공분양,울산,0
2022-08,,LH,공공분양,세종,876
2022-08,,LH,공공분양,강원,0
2022-08,,LH,공공분양,충북,0
2022-08,,LH,공공분양,충남,0
2022-08,,LH,공공분양,전북,0
2022-08,,LH,공공분양,전남,0
2022-08,,LH,공공분양,경북,0
2022-08,,LH,공공분양,경남,0
2022-08,,LH,공공분양,제주,0
2022-08,,주택업체,소계,전국,4723
2022-08,,주택업체,소계,서울,176
2022-08,,주택업체,소계,인천,0
2022-08,,주택업체,소계,경기,751
2022-08,,주택업체,소계,부산,2781
2022-08,,주택업체,소계,대구,52
2022-08,,주택업체,소계,광주,0
2022-08,,주택업체,소계,대전,0
2022-08,,주택업체,소계,울산,0
2022-08,,주택업체,소계,세종,0
2022-08,,주택업체,소계,강원,0
2022-08,,주택업체,소계,충북,0
2022-08,,주택업체,소계,충남,893
2022-08,,주택업체,소계,전북,0
2022-08,,주택업체,소계,전남,0
2022-08,,주택업체,소계,경북,0
2022-08,,주택업체,소계,경남,0
2022-08,,주택업체,소계,제주,70
2022-08,,주택업체,국민임대,전국,0
2022-08,,주택업체,국민임대,서울,0
2022-08,,주택업체,국민임대,인천,0
2022-08,,주택업체,국민임대,경기,0
2022-08,,주택업체,국민임대,부산,0
2022-08,,주택업체,국민임대,대구,0
2022-08,,주택업체,국민임대,광주,0
2022-08,,주택업체,국민임대,대전,0
2022-08,,주택업체,국민임대,울산,0
2022-08,,주택업체,국민임대,세종,0
2022-08,,주택업체,국민임대,강원,0
2022-08,,주택업체,국민임대,충북,0
2022-08,,주택업체,국민임대,충남,0
2022-08,,주택업체,국민임대,전북,0
2022-08,,주택업체,국민임대,전남,0
2022-08,,주택업체,국민임대,경북,0
2022-08,,주택업체,국민임대,경남,0
2022-08,,주택업체,국민임대,제주,0
2022-08,,주택업체,공공임대,전국,618
2022-08,,주택업체,공공임대,서울,176
2022-08,,주택업체,공공임대,인천,0
2022-08,,주택업체,공공임대,경기,320
2022-08,,주택업체,공공임대,부산,0
2022-08,,주택업체,공공임대,대구,52
2022-08,,주택업체,공공임대,광주,0
2022-08,,주택업체,공공임대,대전,0
2022-08,,주택업체,공공임대,울산,0
2022-08,,주택업체,공공임대,세종,0
2022-08,,주택업체,공공임대,강원,0
2022-08,,주택업체,공공임대,충북,0
2022-08,,주택업체,공공임대,충남,0
2022-08,,주택업체,공공임대,전북,0
2022-08,,주택업체,공공임대,전남,0
2022-08,,주택업체,공공임대,경북,0
2022-08,,주택업체,공공임대,경남,0
2022-08,,주택업체,공공임대,제주,70
2022-08,,주택업체,공공분양,전국,4105
2022-08,,주택업체,공공분양,서울,0
2022-08,,주택업체,공공분양,인천,0
2022-08,,주택업체,공공분양,경기,431
2022-08,,주택업체,공공분양,부산,2781
2022-08,,주택업체,공공분양,대구,0
2022-08,,주택업체,공공분양,광주,0
2022-08,,주택업체,공공분양,대전,0
2022-08,,주택업체,공공분양,울산,0
2022-08,,주택업체,공공분양,세종,0
2022-08,,주택업체,공공분양,강원,0
2022-08,,주택업체,공공분양,충북,0
2022-08,,주택업체,공공분양,충남,893
2022-08,,주택업체,공공분양,전북,0
2022-08,,주택업체,공공분양,전남,0
2022-08,,주택업체,공공분양,경북,0
2022-08,,주택업체,공공분양,경남,0
2022-08,,주택업체,공공분양,제주,0
2022-08,,민간부문,민간부문,전국,326552
2022-08,,민간부문,민간부문,서울,30667
2022-08,,민간부문,민간부문,인천,12586
2022-08,,민간부문,민간부문,경기,79935
2022-08,,민간부문,민간부문,부산,20820
2022-08,,민간부문,민간부문,대구,20524
2022-08,,민간부문,민간부문,광주,2519
2022-08,,민간부문,민간부문,대전,15305
2022-08,,민간부문,민간부문,울산,5454
2022-08,,민간부문,민간부문,세종,1331
2022-08,,민간부문,민간부문,강원,11014
2022-08,,민간부문,민간부문,충북,21502
2022-08,,민간부문,민간부문,충남,25681
2022-08,,민간부문,민간부문,전북,15008
2022-08,,민간부문,민간부문,전남,12787
2022-08,,민간부문,민간부문,경북,26745
2022-08,,민간부문,민간부문,경남,17765
2022-08,,민간부문,민간부문,제주,6909
2022-08,,민간,민간임대,전국,23644
2022-08,,민간,민간임대,서울,1849
2022-08,,민간,민간임대,인천,243
2022-08,,민간,민간임대,경기,6369
2022-08,,민간,민간임대,부산,614
2022-08,,민간,민간임대,대구,4039
2022-08,,민간,민간임대,광주,0
2022-08,,민간,민간임대,대전,725
2022-08,,민간,민간임대,울산,0
2022-08,,민간,민간임대,세종,0
2022-08,,민간,민간임대,강원,0
2022-08,,민간,민간임대,충북,975
2022-08,,민간,민간임대,충남,2542
2022-08,,민간,민간임대,전북,1156
2022-08,,민간,민간임대,전남,1172
2022-08,,민간,민간임대,경북,2740
2022-08,,민간,민간임대,경남,1220
2022-08,,민간,민간임대,제주,0
2022-08,,민간,민간분양,전국,302908
2022-08,,민간,민간분양,서울,28818
2022-08,,민간,민간분양,인천,12343
2022-08,,민간,민간분양,경기,73566
2022-08,,민간,민간분양,부산,20206
2022-08,,민간,민간분양,대구,16485
2022-08,,민간,민간분양,광주,2519
2022-08,,민간,민간분양,대전,14580
2022-08,,민간,민간분양,울산,5454
2022-08,,민간,민간분양,세종,1331
2022-08,,민간,민간분양,강원,11014
2022-08,,민간,민간분양,충북,20527
2022-08,,민간,민간분양,충남,23139
2022-08,,민간,민간분양,전북,13852
2022-08,,민간,민간분양,전남,11615
2022-08,,민간,민간분양,경북,24005
2022-08,,민간,민간분양,경남,16545
2022-08,,민간,민간분양,제주,6909
2022-09,,총계,총계,전국,376759
2022-09,,총계,총계,서울,33620
2022-09,,총계,총계,인천,13160
2022-09,,총계,총계,경기,86130
2022-09,,총계,총계,부산,31136
2022-09,,총계,총계,대구,21200
2022-09,,총계,총계,광주,5416
2022-09,,총계,총계,대전,15952
2022-09,,총계,총계,울산,7878
2022-09,,총계,총계,세종,2945
2022-09,,총계,총계,강원,13481
2022-09,,총계,총계,충북,22255
2022-09,,총계,총계,충남,31369
2022-09,,총계,총계,전북,15757
2022-09,,총계,총계,전남,15848
2022-09,,총계,총계,경북,29550
2022-09,,총계,총계,경남,23343
2022-09,,총계,총계,제주,7719
2022-09,,공공부문,공공부문,전국,12068
2022-09,,공공부문,공공부문,서울,301
2022-09,,공공부문,공공부문,인천,0
2022-09,,공공부문,공공부문,경기,2787
2022-09,,공공부문,공공부문,부산,3734
2022-09,,공공부문,공공부문,대구,52
2022-09,,공공부문,공공부문,광주,460
2022-09,,공공부문,공공부문,대전,120
2022-09,,공공부문,공공부문,울산,282
2022-09,,공공부문,공공부문,세종,1451
2022-09,,공공부문,공공부문,강원,0
2022-09,,공공부문,공공부문,충북,0
2022-09,,공공부문,공공부문,충남,893
2022-09,,공공부문,공공부문,전북,0
2022-09,,공공부문,공공부문,전남,0
2022-09,,공공부문,공공부문,경북,188
2022-09,,공공부문,공공부문,경남,1730
2022-09,,공공부문,공공부문,제주,70
2022-09,,합,국민임대,전국,1592
2022-09,,합,국민임대,서울,12
2022-09,,합,국민임대,인천,0
2022-09,,합,국민임대,경기,0
2022-09,,합,국민임대,부산,0
2022-09,,합,국민임대,대구,0
2022-09,,합,국민임대,광주,0
2022-09,,합,국민임대,대전,0
2022-09,,합,국민임대,울산,0
2022-09,,합,국민임대,세종,0
2022-09,,합,국민임대,강원,0
2022-09,,합,국민임대,충북,0
2022-09,,합,국민임대,충남,0
2022-09,,합,국민임대,전북,0
2022-09,,합,국민임대,전남,0
2022-09,,합,국민임대,경북,0
2022-09,,합,국민임대,경남,1580
2022-09,,합,국민임대,제주,0
2022-09,,합,공공임대,전국,3391
2022-09,,합,공공임대,서울,289
2022-09,,합,공공임대,인천,0
2022-09,,합,공공임대,경기,1487
2022-09,,합,공공임대,부산,0
2022-09,,합,공공임대,대구,52
2022-09,,합,공공임대,광주,460
2022-09,,합,공공임대,대전,120
2022-09,,합,공공임대,울산,0
2022-09,,합,공공임대,세종,575
2022-09,,합,공공임대,강원,0
2022-09,,합,공공임대,충북,0
2022-09,,합,공공임대,충남,0
2022-09,,합,공공임대,전북,0
2022-09,,합,공공임대,전남,0
2022-09,,합,공공임대,경북,188
2022-09,,합,공공임대,경남,150
2022-09,,합,공공임대,제주,70
2022-09,,합,공공분양,전국,7085
2022-09,,합,공공분양,서울,0
2022-09,,합,공공분양,인천,0
2022-09,,합,공공분양,경기,1300
2022-09,,합,공공분양,부산,3734
2022-09,,합,공공분양,대구,0
2022-09,,합,공공분양,광주,0
2022-09,,합,공공분양,대전,0
2022-09,,합,공공분양,울산,282
2022-09,,합,공공분양,세종,876
2022-09,,합,공공분양,강원,0
2022-09,,합,공공분양,충북,0
2022-09,,합,공공분양,충남,893
2022-09,,합,공공분양,전북,0
2022-09,,합,공공분양,전남,0
2022-09,,합,공공분양,경북,0
2022-09,,합,공공분양,경남,0
2022-09,,합,공공분양,제주,0
2022-09,,지자체,소계,전국,3918
2022-09,,지자체,소계,서울,125
2022-09,,지자체,소계,인천,0
2022-09,,지자체,소계,경기,518
2022-09,,지자체,소계,부산,953
2022-09,,지자체,소계,대구,0
2022-09,,지자체,소계,광주,460
2022-09,,지자체,소계,대전,0
2022-09,,지자체,소계,울산,282
2022-09,,지자체,소계,세종,0
2022-09,,지자체,소계,강원,0
2022-09,,지자체,소계,충북,0
2022-09,,지자체,소계,충남,0
2022-09,,지자체,소계,전북,0
2022-09,,지자체,소계,전남,0
2022-09,,지자체,소계,경북,0
2022-09,,지자체,소계,경남,1580
2022-09,,지자체,소계,제주,0
2022-09,,지자체,국민임대,전국,1592
2022-09,,지자체,국민임대,서울,12
2022-09,,지자체,국민임대,인천,0
2022-09,,지자체,국민임대,경기,0
2022-09,,지자체,국민임대,부산,0
2022-09,,지자체,국민임대,대구,0
2022-09,,지자체,국민임대,광주,0
2022-09,,지자체,국민임대,대전,0
2022-09,,지자체,국민임대,울산,0
2022-09,,지자체,국민임대,세종,0
2022-09,,지자체,국민임대,강원,0
2022-09,,지자체,국민임대,충북,0
2022-09,,지자체,국민임대,충남,0
2022-09,,지자체,국민임대,전북,0
2022-09,,지자체,국민임대,전남,0
2022-09,,지자체,국민임대,경북,0
2022-09,,지자체,국민임대,경남,1580
2022-09,,지자체,국민임대,제주,0
2022-09,,지자체,공공임대,전국,1091
2022-09,,지자체,공공임대,서울,113
2022-09,,지자체,공공임대,인천,0
2022-09,,지자체,공공임대,경기,518
2022-09,,지자체,공공임대,부산,0
2022-09,,지자체,공공임대,대구,0
2022-09,,지자체,공공임대,광주,460
2022-09,,지자체,공공임대,대전,0
2022-09,,지자체,공공임대,울산,0
2022-09,,지자체,공공임대,세종,0
2022-09,,지자체,공공임대,강원,0
2022-09,,지자체,공공임대,충북,0
2022-09,,지자체,공공임대,충남,0
2022-09,,지자체,공공임대,전북,0
2022-09,,지자체,공공임대,전남,0
2022-09,,지자체,공공임대,경북,0
2022-09,,지자체,공공임대,경남,0
2022-09,,지자체,공공임대,제주,0
2022-09,,지자체,공공분양,전국,1235
2022-09,,지자체,공공분양,서울,0
2022-09,,지자체,공공분양,인천,0
2022-09,,지자체,공공분양,경기,0
2022-09,,지자체,공공분양,부산,953
2022-09,,지자체,공공분양,대구,0
2022-09,,지자체,공공분양,광주,0
2022-09,,지자체,공공분양,대전,0
2022-09,,지자체,공공분양,울산,282
2022-09,,지자체,공공분양,세종,0
2022-09,,지자체,공공분양,강원,0
2022-09,,지자체,공공분양,충북,0
2022-09,,지자체,공공분양,충남,0
2022-09,,지자체,공공분양,전북,0
2022-09,,지자체,공공분양,전남,0
2022-09,,지자체,공공분양,경북,0
2022-09,,지자체,공공분양,경남,0
2022-09,,지자체,공공분양,제주,0
2022-09,,LH,소계,전국,3427
2022-09,,LH,소계,서울,0
2022-09,,LH,소계,인천,0
2022-09,,LH,소계,경기,1518
2022-09,,LH,소계,부산,0
2022-09,,LH,소계,대구,0
2022-09,,LH,소계,광주,0
2022-09,,LH,소계,대전,120
2022-09,,LH,소계,울산,0
2022-09,,LH,소계,세종,1451
2022-09,,LH,소계,강원,0
2022-09,,LH,소계,충북,0
2022-09,,LH,소계,충남,0
2022-09,,LH,소계,전북,0
2022-09,,LH,소계,전남,0
2022-09,,LH,소계,경북,188
2022-09,,LH,소계,경남,150
2022-09,,LH,소계,제주,0
2022-09,,LH,국민임대,전국,0
2022-09,,LH,국민임대,서울,0
2022-09,,LH,국민임대,인천,0
2022-09,,LH,국민임대,경기,0
2022-09,,LH,국민임대,부산,0
2022-09,,LH,국민임대,대구,0
2022-09,,LH,국민임대,광주,0
2022-09,,LH,국민임대,대전,0
2022-09,,LH,국민임대,울산,0
2022-09,,LH,국민임대,세종,0
2022-09,,LH,국민임대,강원,0
2022-09,,LH,국민임대,충북,0
2022-09,,LH,국민임대,충남,0
2022-09,,LH,국민임대,전북,0
2022-09,,LH,국민임대,전남,0
2022-09,,LH,국민임대,경북,0
2022-09,,LH,국민임대,경남,0
2022-09,,LH,국민임대,제주,0
2022-09,,LH,공공임대,전국,1682
2022-09,,LH,공공임대,서울,0
2022-09,,LH,공공임대,인천,0
2022-09,,LH,공공임대,경기,649
2022-09,,LH,공공임대,부산,0
2022-09,,LH,공공임대,대구,0
2022-09,,LH,공공임대,광주,0
2022-09,,LH,공공임대,대전,120
2022-09,,LH,공공임대,울산,0
2022-09,,LH,공공임대,세종,575
2022-09,,LH,공공임대,강원,0
2022-09,,LH,공공임대,충북,0
2022-09,,LH,공공임대,충남,0
2022-09,,LH,공공임대,전북,0
2022-09,,LH,공공임대,전남,0
2022-09,,LH,공공임대,경북,188
2022-09,,LH,공공임대,경남,150
2022-09,,LH,공공임대,제주,0
2022-09,,LH,공공분양,전국,1745
2022-09,,LH,공공분양,서울,0
2022-09,,LH,공공분양,인천,0
2022-09,,LH,공공분양,경기,869
2022-09,,LH,공공분양,부산,0
2022-09,,LH,공공분양,대구,0
2022-09,,LH,공공분양,광주,0
2022-09,,LH,공공분양,대전,0
2022-09,,LH,공공분양,울산,0
2022-09,,LH,공공분양,세종,876
2022-09,,LH,공공분양,강원,0
2022-09,,LH,공공분양,충북,0
2022-09,,LH,공공분양,충남,0
2022-09,,LH,공공분양,전북,0
2022-09,,LH,공공분양,전남,0
2022-09,,LH,공공분양,경북,0
2022-09,,LH,공공분양,경남,0
2022-09,,LH,공공분양,제주,0
2022-09,,주택업체,소계,전국,4723
2022-09,,주택업체,소계,서울,176
2022-09,,주택업체,소계,인천,0
2022-09,,주택업체,소계,경기,751
2022-09,,주택업체,소계,부산,2781
2022-09,,주택업체,소계,대구,52
2022-09,,주택업체,소계,광주,0
2022-09,,주택업체,소계,대전,0
2022-09,,주택업체,소계,울산,0
2022-09,,주택업체,소계,세종,0
2022-09,,주택업체,소계,강원,0
2022-09,,주택업체,소계,충북,0
2022-09,,주택업체,소계,충남,893
2022-09,,주택업체,소계,전북,0
2022-09,,주택업체,소계,전남,0
2022-09,,주택업체,소계,경북,0
2022-09,,주택업체,소계,경남,0
2022-09,,주택업체,소계,제주,70
2022-09,,주택업체,국민임대,전국,0
2022-09,,주택업체,국민임대,서울,0
2022-09,,주택업체,국민임대,인천,0
2022-09,,주택업체,국민임대,경기,0
2022-09,,주택업체,국민임대,부산,0
2022-09,,주택업체,국민임대,대구,0
2022-09,,주택업체,국민임대,광주,0
2022-09,,주택업체,국민임대,대전,0
2022-09,,주택업체,국민임대,울산,0
2022-09,,주택업체,국민임대,세종,0
2022-09,,주택업체,국민임대,강원,0
2022-09,,주택업체,국민임대,충북,0
2022-09,,주택업체,국민임대,충남,0
2022-09,,주택업체,국민임대,전북,0
2022-09,,주택업체,국민임대,전남,0
2022-09,,주택업체,국민임대,경북,0
2022-09,,주택업체,국민임대,경남,0
2022-09,,주택업체,국민임대,제주,0
2022-09,,주택업체,공공임대,전국,618
2022-09,,주택업체,공공임대,서울,176
2022-09,,주택업체,공공임대,인천,0
2022-09,,주택업체,공공임대,경기,320
2022-09,,주택업체,공공임대,부산,0
2022-09,,주택업체,공공임대,대구,52
2022-09,,주택업체,공공임대,광주,0
2022-09,,주택업체,공공임대,대전,0
2022-09,,주택업체,공공임대,울산,0
2022-09,,주택업체,공공임대,세종,0
2022-09,,주택업체,공공임대,강원,0
2022-09,,주택업체,공공임대,충북,0
2022-09,,주택업체,공공임대,충남,0
2022-09,,주택업체,공공임대,전북,0
2022-09,,주택업체,공공임대,전남,0
2022-09,,주택업체,공공임대,경북,0
2022-09,,주택업체,공공임대,경남,0
2022-09,,주택업체,공공임대,제주,70
2022-09,,주택업체,공공분양,전국,4105
2022-09,,주택업체,공공분양,서울,0
2022-09,,주택업체,공공분양,인천,0
2022-09,,주택업체,공공분양,경기,431
2022-09,,주택업체,공공분양,부산,2781
2022-09,,주택업체,공공분양,대구,0
2022-09,,주택업체,공공분양,광주,0
2022-09,,주택업체,공공분양,대전,0
2022-09,,주택업체,공공분양,울산,0
2022-09,,주택업체,공공분양,세종,0
2022-09,,주택업체,공공분양,강원,0
2022-09,,주택업체,공공분양,충북,0
2022-09,,주택업체,공공분양,충남,893
2022-09,,주택업체,공공분양,전북,0
2022-09,,주택업체,공공분양,전남,0
2022-09,,주택업체,공공분양,경북,0
2022-09,,주택업체,공공분양,경남,0
2022-09,,주택업체,공공분양,제주,0
2022-09,,민간부문,민간부문,전국,364691
2022-09,,민간부문,민간부문,서울,33319
2022-09,,민간부문,민간부문,인천,13160
2022-09,,민간부문,민간부문,경기,83343
2022-09,,민간부문,민간부문,부산,27402
2022-09,,민간부문,민간부문,대구,21148
2022-09,,민간부문,민간부문,광주,4956
2022-09,,민간부문,민간부문,대전,15832
2022-09,,민간부문,민간부문,울산,7596
2022-09,,민간부문,민간부문,세종,1494
2022-09,,민간부문,민간부문,강원,13481
2022-09,,민간부문,민간부문,충북,22255
2022-09,,민간부문,민간부문,충남,30476
2022-09,,민간부문,민간부문,전북,15757
2022-09,,민간부문,민간부문,전남,15848
2022-09,,민간부문,민간부문,경북,29362
2022-09,,민간부문,민간부문,경남,21613
2022-09,,민간부문,민간부문,제주,7649
2022-09,,민간,민간임대,전국,28270
2022-09,,민간,민간임대,서울,1849
2022-09,,민간,민간임대,인천,243
2022-09,,민간,민간임대,경기,6369
2022-09,,민간,민간임대,부산,614
2022-09,,민간,민간임대,대구,4039
2022-09,,민간,민간임대,광주,0
2022-09,,민간,민간임대,대전,725
2022-09,,민간,민간임대,울산,747
2022-09,,민간,민간임대,세종,0
2022-09,,민간,민간임대,강원,0
2022-09,,민간,민간임대,충북,975
2022-09,,민간,민간임대,충남,4252
2022-09,,민간,민간임대,전북,1724
2022-09,,민간,민간임대,전남,2016
2022-09,,민간,민간임대,경북,3497
2022-09,,민간,민간임대,경남,1220
2022-09,,민간,민간임대,제주,0
2022-09,,민간,민간분양,전국,336421
2022-09,,민간,민간분양,서울,31470
2022-09,,민간,민간분양,인천,12917
2022-09,,민간,민간분양,경기,76974
2022-09,,민간,민간분양,부산,26788
2022-09,,민간,민간분양,대구,17109
2022-09,,민간,민간분양,광주,4956
2022-09,,민간,민간분양,대전,15107
2022-09,,민간,민간분양,울산,6849
2022-09,,민간,민간분양,세종,1494
2022-09,,민간,민간분양,강원,13481
2022-09,,민간,민간분양,충북,21280
2022-09,,민간,민간분양,충남,26224
2022-09,,민간,민간분양,전북,14033
2022-09,,민간,민간분양,전남,13832
2022-09,,민간,민간분양,경북,25865
2022-09,,민간,민간분양,경남,20393
2022-09,,민간,민간분양,제주,7649
2022-10,,총계,총계,전국,411671
2022-10,,총계,총계,서울,35538
2022-10,,총계,총계,인천,16884
2022-10,,총계,총계,경기,91667
2022-10,,총계,총계,부산,36597
2022-10,,총계,총계,대구,22384
2022-10,,총계,총계,광주,5791
2022-10,,총계,총계,대전,16036
2022-10,,총계,총계,울산,9354
2022-10,,총계,총계,세종,3475
2022-10,,총계,총계,강원,14149
2022-10,,총계,총계,충북,24809
2022-10,,총계,총계,충남,33089
2022-10,,총계,총계,전북,18809
2022-10,,총계,총계,전남,17055
2022-10,,총계,총계,경북,32843
2022-10,,총계,총계,경남,24913
2022-10,,총계,총계,제주,8278
2022-10,,공공부문,공공부문,전국,14897
2022-10,,공공부문,공공부문,서울,301
2022-10,,공공부문,공공부문,인천,0
2022-10,,공공부문,공공부문,경기,2787
2022-10,,공공부문,공공부문,부산,5068
2022-10,,공공부문,공공부문,대구,52
2022-10,,공공부문,공공부문,광주,460
2022-10,,공공부문,공공부문,대전,120
2022-10,,공공부문,공공부문,울산,282
2022-10,,공공부문,공공부문,세종,1951
2022-10,,공공부문,공공부문,강원,150
2022-10,,공공부문,공공부문,충북,0
2022-10,,공공부문,공공부문,충남,893
2022-10,,공공부문,공공부문,전북,745
2022-10,,공공부문,공공부문,전남,100
2022-10,,공공부문,공공부문,경북,188
2022-10,,공공부문,공공부문,경남,1730
2022-10,,공공부문,공공부문,제주,70
2022-10,,합,국민임대,전국,1622
2022-10,,합,국민임대,서울,12
2022-10,,합,국민임대,인천,0
2022-10,,합,국민임대,경기,0
2022-10,,합,국민임대,부산,0
2022-10,,합,국민임대,대구,0
2022-10,,합,국민임대,광주,0
2022-10,,합,국민임대,대전,0
2022-10,,합,국민임대,울산,0
2022-10,,합,국민임대,세종,0
2022-10,,합,국민임대,강원,30
2022-10,,합,국민임대,충북,0
2022-10,,합,국민임대,충남,0
2022-10,,합,국민임대,전북,0
2022-10,,합,국민임대,전남,0
2022-10,,합,국민임대,경북,0
2022-10,,합,국민임대,경남,1580
2022-10,,합,국민임대,제주,0
2022-10,,합,공공임대,전국,5445
2022-10,,합,공공임대,서울,289
2022-10,,합,공공임대,인천,0
2022-10,,합,공공임대,경기,1487
2022-10,,합,공공임대,부산,1334
2022-10,,합,공공임대,대구,52
2022-10,,합,공공임대,광주,460
2022-10,,합,공공임대,대전,120
2022-10,,합,공공임대,울산,0
2022-10,,합,공공임대,세종,1075
2022-10,,합,공공임대,강원,120
2022-10,,합,공공임대,충북,0
2022-10,,합,공공임대,충남,0
2022-10,,합,공공임대,전북,0
2022-10,,합,공공임대,전남,100
2022-10,,합,공공임대,경북,188
2022-10,,합,공공임대,경남,150
2022-10,,합,공공임대,제주,70
2022-10,,합,공공분양,전국,7830
2022-10,,합,공공분양,서울,0
2022-10,,합,공공분양,인천,0
2022-10,,합,공공분양,경기,1300
2022-10,,합,공공분양,부산,3734
2022-10,,합,공공분양,대구,0
2022-10,,합,공공분양,광주,0
2022-10,,합,공공분양,대전,0
2022-10,,합,공공분양,울산,282
2022-10,,합,공공분양,세종,876
2022-10,,합,공공분양,강원,0
2022-10,,합,공공분양,충북,0
2022-10,,합,공공분양,충남,893
2022-10,,합,공공분양,전북,745
2022-10,,합,공공분양,전남,0
2022-10,,합,공공분양,경북,0
2022-10,,합,공공분양,경남,0
2022-10,,합,공공분양,제주,0
2022-10,,지자체,소계,전국,5797
2022-10,,지자체,소계,서울,125
2022-10,,지자체,소계,인천,0
2022-10,,지자체,소계,경기,518
2022-10,,지자체,소계,부산,2087
2022-10,,지자체,소계,대구,0
2022-10,,지자체,소계,광주,460
2022-10,,지자체,소계,대전,0
2022-10,,지자체,소계,울산,282
2022-10,,지자체,소계,세종,0
2022-10,,지자체,소계,강원,0
2022-10,,지자체,소계,충북,0
2022-10,,지자체,소계,충남,0
2022-10,,지자체,소계,전북,745
2022-10,,지자체,소계,전남,0
2022-10,,지자체,소계,경북,0
2022-10,,지자체,소계,경남,1580
2022-10,,지자체,소계,제주,0
2022-10,,지자체,국민임대,전국,1592
2022-10,,지자체,국민임대,서울,12
2022-10,,지자체,국민임대,인천,0
2022-10,,지자체,국민임대,경기,0
2022-10,,지자체,국민임대,부산,0
2022-10,,지자체,국민임대,대구,0
2022-10,,지자체,국민임대,광주,0
2022-10,,지자체,국민임대,대전,0
2022-10,,지자체,국민임대,울산,0
2022-10,,지자체,국민임대,세종,0
2022-10,,지자체,국민임대,강원,0
2022-10,,지자체,국민임대,충북,0
2022-10,,지자체,국민임대,충남,0
2022-10,,지자체,국민임대,전북,0
2022-10,,지자체,국민임대,전남,0
2022-10,,지자체,국민임대,경북,0
2022-10,,지자체,국민임대,경남,1580
2022-10,,지자체,국민임대,제주,0
2022-10,,지자체,공공임대,전국,2225
2022-10,,지자체,공공임대,서울,113
2022-10,,지자체,공공임대,인천,0
2022-10,,지자체,공공임대,경기,518
2022-10,,지자체,공공임대,부산,1134
2022-10,,지자체,공공임대,대구,0
2022-10,,지자체,공공임대,광주,460
2022-10,,지자체,공공임대,대전,0
2022-10,,지자체,공공임대,울산,0
2022-10,,지자체,공공임대,세종,0
2022-10,,지자체,공공임대,강원,0
2022-10,,지자체,공공임대,충북,0
2022-10,,지자체,공공임대,충남,0
2022-10,,지자체,공공임대,전북,0
2022-10,,지자체,공공임대,전남,0
2022-10,,지자체,공공임대,경북,0
2022-10,,지자체,공공임대,경남,0
2022-10,,지자체,공공임대,제주,0
2022-10,,지자체,공공분양,전국,1980
2022-10,,지자체,공공분양,서울,0
2022-10,,지자체,공공분양,인천,0
2022-10,,지자체,공공분양,경기,0
2022-10,,지자체,공공분양,부산,953
2022-10,,지자체,공공분양,대구,0
2022-10,,지자체,공공분양,광주,0
2022-10,,지자체,공공분양,대전,0
2022-10,,지자체,공공분양,울산,282
2022-10,,지자체,공공분양,세종,0
2022-10,,지자체,공공분양,강원,0
2022-10,,지자체,공공분양,충북,0
2022-10,,지자체,공공분양,충남,0
2022-10,,지자체,공공분양,전북,745
2022-10,,지자체,공공분양,전남,0
2022-10,,지자체,공공분양,경북,0
2022-10,,지자체,공공분양,경남,0
2022-10,,지자체,공공분양,제주,0
2022-10,,LH,소계,전국,4377
2022-10,,LH,소계,서울,0
2022-10,,LH,소계,인천,0
2022-10,,LH,소계,경기,1518
2022-10,,LH,소계,부산,200
2022-10,,LH,소계,대구,0
2022-10,,LH,소계,광주,0
2022-10,,LH,소계,대전,120
2022-10,,LH,소계,울산,0
2022-10,,LH,소계,세종,1951
2022-10,,LH,소계,강원,150
2022-10,,LH,소계,충북,0
2022-10,,LH,소계,충남,0
2022-10,,LH,소계,전북,0
2022-10,,LH,소계,전남,100
2022-10,,LH,소계,경북,188
2022-10,,LH,소계,경남,150
2022-10,,LH,소계,제주,0
2022-10,,LH,국민임대,전국,30
2022-10,,LH,국민임대,서울,0
2022-10,,LH,국민임대,인천,0
2022-10,,LH,국민임대,경기,0
2022-10,,LH,국민임대,부산,0
2022-10,,LH,국민임대,대구,0
2022-10,,LH,국민임대,광주,0
2022-10,,LH,국민임대,대전,0
2022-10,,LH,국민임대,울산,0
2022-10,,LH,국민임대,세종,0
2022-10,,LH,국민임대,강원,30
2022-10,,LH,국민임대,충북,0
2022-10,,LH,국민임대,충남,0
2022-10,,LH,국민임대,전북,0
2022-10,,LH,국민임대,전남,0
2022-10,,LH,국민임대,경북,0
2022-10,,LH,국민임대,경남,0
2022-10,,LH,국민임대,제주,0
2022-10,,LH,공공임대,전국,2602
2022-10,,LH,공공임대,서울,0
2022-10,,LH,공공임대,인천,0
2022-10,,LH,공공임대,경기,649
2022-10,,LH,공공임대,부산,200
2022-10,,LH,공공임대,대구,0
2022-10,,LH,공공임대,광주,0
2022-10,,LH,공공임대,대전,120
2022-10,,LH,공공임대,울산,0
2022-10,,LH,공공임대,세종,1075
2022-10,,LH,공공임대,강원,120
2022-10,,LH,공공임대,충북,0
2022-10,,LH,공공임대,충남,0
2022-10,,LH,공공임대,전북,0
2022-10,,LH,공공임대,전남,100
2022-10,,LH,공공임대,경북,188
2022-10,,LH,공공임대,경남,150
2022-10,,LH,공공임대,제주,0
2022-10,,LH,공공분양,전국,1745
2022-10,,LH,공공분양,서울,0
2022-10,,LH,공공분양,인천,0
2022-10,,LH,공공분양,경기,869
2022-10,,LH,공공분양,부산,0
2022-10,,LH,공공분양,대구,0
2022-10,,LH,공공분양,광주,0
2022-10,,LH,공공분양,대전,0
2022-10,,LH,공공분양,울산,0
2022-10,,LH,공공분양,세종,876
2022-10,,LH,공공분양,강원,0
2022-10,,LH,공공분양,충북,0
2022-10,,LH,공공분양,충남,0
2022-10,,LH,공공분양,전북,0
2022-10,,LH,공공분양,전남,0
2022-10,,LH,공공분양,경북,0
2022-10,,LH,공공분양,경남,0
2022-10,,LH,공공분양,제주,0
2022-10,,주택업체,소계,전국,4723
2022-10,,주택업체,소계,서울,176
2022-10,,주택업체,소계,인천,0
2022-10,,주택업체,소계,경기,751
2022-10,,주택업체,소계,부산,2781
2022-10,,주택업체,소계,대구,52
2022-10,,주택업체,소계,광주,0
2022-10,,주택업체,소계,대전,0
2022-10,,주택업체,소계,울산,0
2022-10,,주택업체,소계,세종,0
2022-10,,주택업체,소계,강원,0
2022-10,,주택업체,소계,충북,0
2022-10,,주택업체,소계,충남,893
2022-10,,주택업체,소계,전북,0
2022-10,,주택업체,소계,전남,0
2022-10,,주택업체,소계,경북,0
2022-10,,주택업체,소계,경남,0
2022-10,,주택업체,소계,제주,70
2022-10,,주택업체,국민임대,전국,0
2022-10,,주택업체,국민임대,서울,0
2022-10,,주택업체,국민임대,인천,0
2022-10,,주택업체,국민임대,경기,0
2022-10,,주택업체,국민임대,부산,0
2022-10,,주택업체,국민임대,대구,0
2022-10,,주택업체,국민임대,광주,0
2022-10,,주택업체,국민임대,대전,0
2022-10,,주택업체,국민임대,울산,0
2022-10,,주택업체,국민임대,세종,0
2022-10,,주택업체,국민임대,강원,0
2022-10,,주택업체,국민임대,충북,0
2022-10,,주택업체,국민임대,충남,0
2022-10,,주택업체,국민임대,전북,0
2022-10,,주택업체,국민임대,전남,0
2022-10,,주택업체,국민임대,경북,0
2022-10,,주택업체,국민임대,경남,0
2022-10,,주택업체,국민임대,제주,0
2022-10,,주택업체,공공임대,전국,618
2022-10,,주택업체,공공임대,서울,176
2022-10,,주택업체,공공임대,인천,0
2022-10,,주택업체,공공임대,경기,320
2022-10,,주택업체,공공임대,부산,0
2022-10,,주택업체,공공임대,대구,52
2022-10,,주택업체,공공임대,광주,0
2022-10,,주택업체,공공임대,대전,0
2022-10,,주택업체,공공임대,울산,0
2022-10,,주택업체,공공임대,세종,0
2022-10,,주택업체,공공임대,강원,0
2022-10,,주택업체,공공임대,충북,0
2022-10,,주택업체,공공임대,충남,0
2022-10,,주택업체,공공임대,전북,0
2022-10,,주택업체,공공임대,전남,0
2022-10,,주택업체,공공임대,경북,0
2022-10,,주택업체,공공임대,경남,0
2022-10,,주택업체,공공임대,제주,70
2022-10,,주택업체,공공분양,전국,4105
2022-10,,주택업체,공공분양,서울,0
2022-10,,주택업체,공공분양,인천,0
2022-10,,주택업체,공공분양,경기,431
2022-10,,주택업체,공공분양,부산,2781
2022-10,,주택업체,공공분양,대구,0
2022-10,,주택업체,공공분양,광주,0
2022-10,,주택업체,공공분양,대전,0
2022-10,,주택업체,공공분양,울산,0
2022-10,,주택업체,공공분양,세종,0
2022-10,,주택업체,공공분양,강원,0
2022-10,,주택업체,공공분양,충북,0
2022-10,,주택업체,공공분양,충남,893
2022-10,,주택업체,공공분양,전북,0
2022-10,,주택업체,공공분양,전남,0
2022-10,,주택업체,공공분양,경북,0
2022-10,,주택업체,공공분양,경남,0
2022-10,,주택업체,공공분양,제주,0
2022-10,,민간부문,민간부문,전국,396774
2022-10,,민간부문,민간부문,서울,35237
2022-10,,민간부문,민간부문,인천,16884
2022-10,,민간부문,민간부문,경기,88880
2022-10,,민간부문,민간부문,부산,31529
2022-10,,민간부문,민간부문,대구,22332
2022-10,,민간부문,민간부문,광주,5331
2022-10,,민간부문,민간부문,대전,15916
2022-10,,민간부문,민간부문,울산,9072
2022-10,,민간부문,민간부문,세종,1524
2022-10,,민간부문,민간부문,강원,13999
2022-10,,민간부문,민간부문,충북,24809
2022-10,,민간부문,민간부문,충남,32196
2022-10,,민간부문,민간부문,전북,18064
2022-10,,민간부문,민간부문,전남,16955
2022-10,,민간부문,민간부문,경북,32655
2022-10,,민간부문,민간부문,경남,23183
2022-10,,민간부문,민간부문,제주,8208
2022-10,,민간,민간임대,전국,29864
2022-10,,민간,민간임대,서울,1974
2022-10,,민간,민간임대,인천,243
2022-10,,민간,민간임대,경기,6369
2022-10,,민간,민간임대,부산,614
2022-10,,민간,민간임대,대구,4039
2022-10,,민간,민간임대,광주,0
2022-10,,민간,민간임대,대전,725
2022-10,,민간,민간임대,울산,747
2022-10,,민간,민간임대,세종,0
2022-10,,민간,민간임대,강원,172
2022-10,,민간,민간임대,충북,975
2022-10,,민간,민간임대,충남,4816
2022-10,,민간,민간임대,전북,2296
2022-10,,민간,민간임대,전남,2016
2022-10,,민간,민간임대,경북,3497
2022-10,,민간,민간임대,경남,1381
2022-10,,민간,민간임대,제주,0
2022-10,,민간,민간분양,전국,366910
2022-10,,민간,민간분양,서울,33263
2022-10,,민간,민간분양,인천,16641
2022-10,,민간,민간분양,경기,82511
2022-10,,민간,민간분양,부산,30915
2022-10,,민간,민간분양,대구,18293
2022-10,,민간,민간분양,광주,5331
2022-10,,민간,민간분양,대전,15191
2022-10,,민간,민간분양,울산,8325
2022-10,,민간,민간분양,세종,1524
2022-10,,민간,민간분양,강원,13827
2022-10,,민간,민간분양,충북,23834
2022-10,,민간,민간분양,충남,27380
2022-10,,민간,민간분양,전북,15768
2022-10,,민간,민간분양,전남,14939
2022-10,,민간,민간분양,경북,29158
2022-10,,민간,민간분양,경남,21802
2022-10,,민간,민간분양,제주,8208
2022-11,,총계,총계,전국,449272
2022-11,,총계,총계,서울,38046
2022-11,,총계,총계,인천,18878
2022-11,,총계,총계,경기,105003
2022-11,,총계,총계,부산,40993
2022-11,,총계,총계,대구,25258
2022-11,,총계,총계,광주,7107
2022-11,,총계,총계,대전,16345
2022-11,,총계,총계,울산,10187
2022-11,,총계,총계,세종,3682
2022-11,,총계,총계,강원,15369
2022-11,,총계,총계,충북,27052
2022-11,,총계,총계,충남,34591
2022-11,,총계,총계,전북,19879
2022-11,,총계,총계,전남,19133
2022-11,,총계,총계,경북,33190
2022-11,,총계,총계,경남,25487
2022-11,,총계,총계,제주,9072
2022-11,,공공부문,공공부문,전국,15747
2022-11,,공공부문,공공부문,서울,341
2022-11,,공공부문,공공부문,인천,0
2022-11,,공공부문,공공부문,경기,3556
2022-11,,공공부문,공공부문,부산,5068
2022-11,,공공부문,공공부문,대구,53
2022-11,,공공부문,공공부문,광주,460
2022-11,,공공부문,공공부문,대전,120
2022-11,,공공부문,공공부문,울산,282
2022-11,,공공부문,공공부문,세종,1951
2022-11,,공공부문,공공부문,강원,150
2022-11,,공공부문,공공부문,충북,0
2022-11,,공공부문,공공부문,충남,893
2022-11,,공공부문,공공부문,전북,745
2022-11,,공공부문,공공부문,전남,100
2022-11,,공공부문,공공부문,경북,228
2022-11,,공공부문,공공부문,경남,1730
2022-11,,공공부문,공공부문,제주,70
2022-11,,합,국민임대,전국,1623
2022-11,,합,국민임대,서울,12
2022-11,,합,국민임대,인천,0
2022-11,,합,국민임대,경기,0
2022-11,,합,국민임대,부산,0
2022-11,,합,국민임대,대구,1
2022-11,,합,국민임대,광주,0
2022-11,,합,국민임대,대전,0
2022-11,,합,국민임대,울산,0
2022-11,,합,국민임대,세종,0
2022-11,,합,국민임대,강원,30
2022-11,,합,국민임대,충북,0
2022-11,,합,국민임대,충남,0
2022-11,,합,국민임대,전북,0
2022-11,,합,국민임대,전남,0
2022-11,,합,국민임대,경북,0
2022-11,,합,국민임대,경남,1580
2022-11,,합,국민임대,제주,0
2022-11,,합,공공임대,전국,5525
2022-11,,합,공공임대,서울,329
2022-11,,합,공공임대,인천,0
2022-11,,합,공공임대,경기,1487
2022-11,,합,공공임대,부산,1334
2022-11,,합,공공임대,대구,52
2022-11,,합,공공임대,광주,460
2022-11,,합,공공임대,대전,120
2022-11,,합,공공임대,울산,0
2022-11,,합,공공임대,세종,1075
2022-11,,합,공공임대,강원,120
2022-11,,합,공공임대,충북,0
2022-11,,합,공공임대,충남,0
2022-11,,합,공공임대,전북,0
2022-11,,합,공공임대,전남,100
2022-11,,합,공공임대,경북,228
2022-11,,합,공공임대,경남,150
2022-11,,합,공공임대,제주,70
2022-11,,합,공공분양,전국,8599
2022-11,,합,공공분양,서울,0
2022-11,,합,공공분양,인천,0
2022-11,,합,공공분양,경기,2069
2022-11,,합,공공분양,부산,3734
2022-11,,합,공공분양,대구,0
2022-11,,합,공공분양,광주,0
2022-11,,합,공공분양,대전,0
2022-11,,합,공공분양,울산,282
2022-11,,합,공공분양,세종,876
2022-11,,합,공공분양,강원,0
2022-11,,합,공공분양,충북,0
2022-11,,합,공공분양,충남,893
2022-11,,합,공공분양,전북,745
2022-11,,합,공공분양,전남,0
2022-11,,합,공공분양,경북,0
2022-11,,합,공공분양,경남,0
2022-11,,합,공공분양,제주,0
2022-11,,지자체,소계,전국,6366
2022-11,,지자체,소계,서울,125
2022-11,,지자체,소계,인천,0
2022-11,,지자체,소계,경기,1087
2022-11,,지자체,소계,부산,2087
2022-11,,지자체,소계,대구,0
2022-11,,지자체,소계,광주,460
2022-11,,지자체,소계,대전,0
2022-11,,지자체,소계,울산,282
2022-11,,지자체,소계,세종,0
2022-11,,지자체,소계,강원,0
2022-11,,지자체,소계,충북,0
2022-11,,지자체,소계,충남,0
2022-11,,지자체,소계,전북,745
2022-11,,지자체,소계,전남,0
2022-11,,지자체,소계,경북,0
2022-11,,지자체,소계,경남,1580
2022-11,,지자체,소계,제주,0
2022-11,,지자체,국민임대,전국,1592
2022-11,,지자체,국민임대,서울,12
2022-11,,지자체,국민임대,인천,0
2022-11,,지자체,국민임대,경기,0
2022-11,,지자체,국민임대,부산,0
2022-11,,지자체,국민임대,대구,0
2022-11,,지자체,국민임대,광주,0
2022-11,,지자체,국민임대,대전,0
2022-11,,지자체,국민임대,울산,0
2022-11,,지자체,국민임대,세종,0
2022-11,,지자체,국민임대,강원,0
2022-11,,지자체,국민임대,충북,0
2022-11,,지자체,국민임대,충남,0
2022-11,,지자체,국민임대,전북,0
2022-11,,지자체,국민임대,전남,0
2022-11,,지자체,국민임대,경북,0
2022-11,,지자체,국민임대,경남,1580
2022-11,,지자체,국민임대,제주,0
2022-11,,지자체,공공임대,전국,2225
2022-11,,지자체,공공임대,서울,113
2022-11,,지자체,공공임대,인천,0
2022-11,,지자체,공공임대,경기,518
2022-11,,지자체,공공임대,부산,1134
2022-11,,지자체,공공임대,대구,0
2022-11,,지자체,공공임대,광주,460
2022-11,,지자체,공공임대,대전,0
2022-11,,지자체,공공임대,울산,0
2022-11,,지자체,공공임대,세종,0
2022-11,,지자체,공공임대,강원,0
2022-11,,지자체,공공임대,충북,0
2022-11,,지자체,공공임대,충남,0
2022-11,,지자체,공공임대,전북,0
2022-11,,지자체,공공임대,전남,0
2022-11,,지자체,공공임대,경북,0
2022-11,,지자체,공공임대,경남,0
2022-11,,지자체,공공임대,제주,0
2022-11,,지자체,공공분양,전국,2549
2022-11,,지자체,공공분양,서울,0
2022-11,,지자체,공공분양,인천,0
2022-11,,지자체,공공분양,경기,569
2022-11,,지자체,공공분양,부산,953
2022-11,,지자체,공공분양,대구,0
2022-11,,지자체,공공분양,광주,0
2022-11,,지자체,공공분양,대전,0
2022-11,,지자체,공공분양,울산,282
2022-11,,지자체,공공분양,세종,0
2022-11,,지자체,공공분양,강원,0
2022-11,,지자체,공공분양,충북,0
2022-11,,지자체,공공분양,충남,0
2022-11,,지자체,공공분양,전북,745
2022-11,,지자체,공공분양,전남,0
2022-11,,지자체,공공분양,경북,0
2022-11,,지자체,공공분양,경남,0
2022-11,,지자체,공공분양,제주,0
2022-11,,LH,소계,전국,4377
2022-11,,LH,소계,서울,0
2022-11,,LH,소계,인천,0
2022-11,,LH,소계,경기,1518
2022-11,,LH,소계,부산,200
2022-11,,LH,소계,대구,0
2022-11,,LH,소계,광주,0
2022-11,,LH,소계,대전,120
2022-11,,LH,소계,울산,0
2022-11,,LH,소계,세종,1951
2022-11,,LH,소계,강원,150
2022-11,,LH,소계,충북,0
2022-11,,LH,소계,충남,0
2022-11,,LH,소계,전북,0
2022-11,,LH,소계,전남,100
2022-11,,LH,소계,경북,188
2022-11,,LH,소계,경남,150
2022-11,,LH,소계,제주,0
2022-11,,LH,국민임대,전국,30
2022-11,,LH,국민임대,서울,0
2022-11,,LH,국민임대,인천,0
2022-11,,LH,국민임대,경기,0
2022-11,,LH,국민임대,부산,0
2022-11,,LH,국민임대,대구,0
2022-11,,LH,국민임대,광주,0
2022-11,,LH,국민임대,대전,0
2022-11,,LH,국민임대,울산,0
2022-11,,LH,국민임대,세종,0
2022-11,,LH,국민임대,강원,30
2022-11,,LH,국민임대,충북,0
2022-11,,LH,국민임대,충남,0
2022-11,,LH,국민임대,전북,0
2022-11,,LH,국민임대,전남,0
2022-11,,LH,국민임대,경북,0
2022-11,,LH,국민임대,경남,0
2022-11,,LH,국민임대,제주,0
2022-11,,LH,공공임대,전국,2602
2022-11,,LH,공공임대,서울,0
2022-11,,LH,공공임대,인천,0
2022-11,,LH,공공임대,경기,649
2022-11,,LH,공공임대,부산,200
2022-11,,LH,공공임대,대구,0
2022-11,,LH,공공임대,광주,0
2022-11,,LH,공공임대,대전,120
2022-11,,LH,공공임대,울산,0
2022-11,,LH,공공임대,세종,1075
2022-11,,LH,공공임대,강원,120
2022-11,,LH,공공임대,충북,0
2022-11,,LH,공공임대,충남,0
2022-11,,LH,공공임대,전북,0
2022-11,,LH,공공임대,전남,100
2022-11,,LH,공공임대,경북,188
2022-11,,LH,공공임대,경남,150
2022-11,,LH,공공임대,제주,0
2022-11,,LH,공공분양,전국,1745
2022-11,,LH,공공분양,서울,0
2022-11,,LH,공공분양,인천,0
2022-11,,LH,공공분양,경기,869
2022-11,,LH,공공분양,부산,0
2022-11,,LH,공공분양,대구,0
2022-11,,LH,공공분양,광주,0
2022-11,,LH,공공분양,대전,0
2022-11,,LH,공공분양,울산,0
2022-11,,LH,공공분양,세종,876
2022-11,,LH,공공분양,강원,0
2022-11,,LH,공공분양,충북,0
2022-11,,LH,공공분양,충남,0
2022-11,,LH,공공분양,전북,0
2022-11,,LH,공공분양,전남,0
2022-11,,LH,공공분양,경북,0
2022-11,,LH,공공분양,경남,0
2022-11,,LH,공공분양,제주,0
2022-11,,주택업체,소계,전국,5004
2022-11,,주택업체,소계,서울,216
2022-11,,주택업체,소계,인천,0
2022-11,,주택업체,소계,경기,951
2022-11,,주택업체,소계,부산,2781
2022-11,,주택업체,소계,대구,53
2022-11,,주택업체,소계,광주,0
2022-11,,주택업체,소계,대전,0
2022-11,,주택업체,소계,울산,0
2022-11,,주택업체,소계,세종,0
2022-11,,주택업체,소계,강원,0
2022-11,,주택업체,소계,충북,0
2022-11,,주택업체,소계,충남,893
2022-11,,주택업체,소계,전북,0
2022-11,,주택업체,소계,전남,0
2022-11,,주택업체,소계,경북,40
2022-11,,주택업체,소계,경남,0
2022-11,,주택업체,소계,제주,70
2022-11,,주택업체,국민임대,전국,1
2022-11,,주택업체,국민임대,서울,0
2022-11,,주택업체,국민임대,인천,0
2022-11,,주택업체,국민임대,경기,0
2022-11,,주택업체,국민임대,부산,0
2022-11,,주택업체,국민임대,대구,1
2022-11,,주택업체,국민임대,광주,0
2022-11,,주택업체,국민임대,대전,0
2022-11,,주택업체,국민임대,울산,0
2022-11,,주택업체,국민임대,세종,0
2022-11,,주택업체,국민임대,강원,0
2022-11,,주택업체,국민임대,충북,0
2022-11,,주택업체,국민임대,충남,0
2022-11,,주택업체,국민임대,전북,0
2022-11,,주택업체,국민임대,전남,0
2022-11,,주택업체,국민임대,경북,0
2022-11,,주택업체,국민임대,경남,0
2022-11,,주택업체,국민임대,제주,0
2022-11,,주택업체,공공임대,전국,698
2022-11,,주택업체,공공임대,서울,216
2022-11,,주택업체,공공임대,인천,0
2022-11,,주택업체,공공임대,경기,320
2022-11,,주택업체,공공임대,부산,0
2022-11,,주택업체,공공임대,대구,52
2022-11,,주택업체,공공임대,광주,0
2022-11,,주택업체,공공임대,대전,0
2022-11,,주택업체,공공임대,울산,0
2022-11,,주택업체,공공임대,세종,0
2022-11,,주택업체,공공임대,강원,0
2022-11,,주택업체,공공임대,충북,0
2022-11,,주택업체,공공임대,충남,0
2022-11,,주택업체,공공임대,전북,0
2022-11,,주택업체,공공임대,전남,0
2022-11,,주택업체,공공임대,경북,40
2022-11,,주택업체,공공임대,경남,0
2022-11,,주택업체,공공임대,제주,70
2022-11,,주택업체,공공분양,전국,4305
2022-11,,주택업체,공공분양,서울,0
2022-11,,주택업체,공공분양,인천,0
2022-11,,주택업체,공공분양,경기,631
2022-11,,주택업체,공공분양,부산,2781
2022-11,,주택업체,공공분양,대구,0
2022-11,,주택업체,공공분양,광주,0
2022-11,,주택업체,공공분양,대전,0
2022-11,,주택업체,공공분양,울산,0
2022-11,,주택업체,공공분양,세종,0
2022-11,,주택업체,공공분양,강원,0
2022-11,,주택업체,공공분양,충북,0
2022-11,,주택업체,공공분양,충남,893
2022-11,,주택업체,공공분양,전북,0
2022-11,,주택업체,공공분양,전남,0
2022-11,,주택업체,공공분양,경북,0
2022-11,,주택업체,공공분양,경남,0
2022-11,,주택업체,공공분양,제주,0
2022-11,,민간부문,민간부문,전국,433525
2022-11,,민간부문,민간부문,서울,37705
2022-11,,민간부문,민간부문,인천,18878
2022-11,,민간부문,민간부문,경기,101447
2022-11,,민간부문,민간부문,부산,35925
2022-11,,민간부문,민간부문,대구,25205
2022-11,,민간부문,민간부문,광주,6647
2022-11,,민간부문,민간부문,대전,16225
2022-11,,민간부문,민간부문,울산,9905
2022-11,,민간부문,민간부문,세종,1731
2022-11,,민간부문,민간부문,강원,15219
2022-11,,민간부문,민간부문,충북,27052
2022-11,,민간부문,민간부문,충남,33698
2022-11,,민간부문,민간부문,전북,19134
2022-11,,민간부문,민간부문,전남,19033
2022-11,,민간부문,민간부문,경북,32962
2022-11,,민간부문,민간부문,경남,23757
2022-11,,민간부문,민간부문,제주,9002
2022-11,,민간,민간임대,전국,31712
2022-11,,민간,민간임대,서울,1974
2022-11,,민간,민간임대,인천,243
2022-11,,민간,민간임대,경기,6895
2022-11,,민간,민간임대,부산,614
2022-11,,민간,민간임대,대구,4653
2022-11,,민간,민간임대,광주,0
2022-11,,민간,민간임대,대전,879
2022-11,,민간,민간임대,울산,747
2022-11,,민간,민간임대,세종,0
2022-11,,민간,민간임대,강원,172
2022-11,,민간,민간임대,충북,975
2022-11,,민간,민간임대,충남,4876
2022-11,,민간,민간임대,전북,2574
2022-11,,민간,민간임대,전남,2016
2022-11,,민간,민간임대,경북,3497
2022-11,,민간,민간임대,경남,1381
2022-11,,민간,민간임대,제주,216
2022-11,,민간,민간분양,전국,401813
2022-11,,민간,민간분양,서울,35731
2022-11,,민간,민간분양,인천,18635
2022-11,,민간,민간분양,경기,94552
2022-11,,민간,민간분양,부산,35311
2022-11,,민간,민간분양,대구,20552
2022-11,,민간,민간분양,광주,6647
2022-11,,민간,민간분양,대전,15346
2022-11,,민간,민간분양,울산,9158
2022-11,,민간,민간분양,세종,1731
2022-11,,민간,민간분양,강원,15047
2022-11,,민간,민간분양,충북,26077
2022-11,,민간,민간분양,충남,28822
2022-11,,민간,민간분양,전북,16560
2022-11,,민간,민간분양,전남,17017
2022-11,,민간,민간분양,경북,29465
2022-11,,민간,민간분양,경남,22376
2022-11,,민간,민간분양,제주,8786
2022-12,,총계,총계,전국,506139
2022-12,,총계,총계,서울,42231
2022-12,,총계,총계,인천,21178
2022-12,,총계,총계,경기,121624
2022-12,,총계,총계,부산,41665
2022-12,,총계,총계,대구,26041
2022-12,,총계,총계,광주,10708
2022-12,,총계,총계,대전,18192
2022-12,,총계,총계,울산,13286
2022-12,,총계,총계,세종,3695
2022-12,,총계,총계,강원,17592
2022-12,,총계,총계,충북,31350
2022-12,,총계,총계,충남,39725
2022-12,,총계,총계,전북,22724
2022-12,,총계,총계,전남,22823
2022-12,,총계,총계,경북,35640
2022-12,,총계,총계,경남,28043
2022-12,,총계,총계,제주,9622
2022-12,,공공부문,공공부문,전국,32505
2022-12,,공공부문,공공부문,서울,395
2022-12,,공공부문,공공부문,인천,1191
2022-12,,공공부문,공공부문,경기,10337
2022-12,,공공부문,공공부문,부산,5068
2022-12,,공공부문,공공부문,대구,53
2022-12,,공공부문,공공부문,광주,460
2022-12,,공공부문,공공부문,대전,120
2022-12,,공공부문,공공부문,울산,1617
2022-12,,공공부문,공공부문,세종,1951
2022-12,,공공부문,공공부문,강원,150
2022-12,,공공부문,공공부문,충북,1664
2022-12,,공공부문,공공부문,충남,3635
2022-12,,공공부문,공공부문,전북,2304
2022-12,,공공부문,공공부문,전남,527
2022-12,,공공부문,공공부문,경북,1196
2022-12,,공공부문,공공부문,경남,1730
2022-12,,공공부문,공공부문,제주,107
2022-12,,합,국민임대,전국,1925
2022-12,,합,국민임대,서울,12
2022-12,,합,국민임대,인천,0
2022-12,,합,국민임대,경기,0
2022-12,,합,국민임대,부산,0
2022-12,,합,국민임대,대구,1
2022-12,,합,국민임대,광주,0
2022-12,,합,국민임대,대전,0
2022-12,,합,국민임대,울산,0
2022-12,,합,국민임대,세종,0
2022-12,,합,국민임대,강원,30
2022-12,,합,국민임대,충북,0
2022-12,,합,국민임대,충남,58
2022-12,,합,국민임대,전북,0
2022-12,,합,국민임대,전남,44
2022-12,,합,국민임대,경북,200
2022-12,,합,국민임대,경남,1580
2022-12,,합,국민임대,제주,0
2022-12,,합,공공임대,전국,10740
2022-12,,합,공공임대,서울,383
2022-12,,합,공공임대,인천,873
2022-12,,합,공공임대,경기,3822
2022-12,,합,공공임대,부산,1334
2022-12,,합,공공임대,대구,52
2022-12,,합,공공임대,광주,460
2022-12,,합,공공임대,대전,120
2022-12,,합,공공임대,울산,445
2022-12,,합,공공임대,세종,1075
2022-12,,합,공공임대,강원,120
2022-12,,합,공공임대,충북,80
2022-12,,합,공공임대,충남,240
2022-12,,합,공공임대,전북,0
2022-12,,합,공공임대,전남,483
2022-12,,합,공공임대,경북,996
2022-12,,합,공공임대,경남,150
2022-12,,합,공공임대,제주,107
2022-12,,합,공공분양,전국,19840
2022-12,,합,공공분양,서울,0
2022-12,,합,공공분양,인천,318
2022-12,,합,공공분양,경기,6515
2022-12,,합,공공분양,부산,3734
2022-12,,합,공공분양,대구,0
2022-12,,합,공공분양,광주,0
2022-12,,합,공공분양,대전,0
2022-12,,합,공공분양,울산,1172
2022-12,,합,공공분양,세종,876
2022-12,,합,공공분양,강원,0
2022-12,,합,공공분양,충북,1584
2022-12,,합,공공분양,충남,3337
2022-12,,합,공공분양,전북,2304
2022-12,,합,공공분양,전남,0
2022-12,,합,공공분양,경북,0
2022-12,,합,공공분양,경남,0
2022-12,,합,공공분양,제주,0
2022-12,,지자체,소계,전국,7331
2022-12,,지자체,소계,서울,125
2022-12,,지자체,소계,인천,0
2022-12,,지자체,소계,경기,2052
2022-12,,지자체,소계,부산,2087
2022-12,,지자체,소계,대구,0
2022-12,,지자체,소계,광주,460
2022-12,,지자체,소계,대전,0
2022-12,,지자체,소계,울산,282
2022-12,,지자체,소계,세종,0
2022-12,,지자체,소계,강원,0
2022-12,,지자체,소계,충북,0
2022-12,,지자체,소계,충남,0
2022-12,,지자체,소계,전북,745
2022-12,,지자체,소계,전남,0
2022-12,,지자체,소계,경북,0
2022-12,,지자체,소계,경남,1580
2022-12,,지자체,소계,제주,0
2022-12,,지자체,국민임대,전국,1592
2022-12,,지자체,국민임대,서울,12
2022-12,,지자체,국민임대,인천,0
2022-12,,지자체,국민임대,경기,0
2022-12,,지자체,국민임대,부산,0
2022-12,,지자체,국민임대,대구,0
2022-12,,지자체,국민임대,광주,0
2022-12,,지자체,국민임대,대전,0
2022-12,,지자체,국민임대,울산,0
2022-12,,지자체,국민임대,세종,0
2022-12,,지자체,국민임대,강원,0
2022-12,,지자체,국민임대,충북,0
2022-12,,지자체,국민임대,충남,0
2022-12,,지자체,국민임대,전북,0
2022-12,,지자체,국민임대,전남,0
2022-12,,지자체,국민임대,경북,0
2022-12,,지자체,국민임대,경남,1580
2022-12,,지자체,국민임대,제주,0
2022-12,,지자체,공공임대,전국,3190
2022-12,,지자체,공공임대,서울,113
2022-12,,지자체,공공임대,인천,0
2022-12,,지자체,공공임대,경기,1483
2022-12,,지자체,공공임대,부산,1134
2022-12,,지자체,공공임대,대구,0
2022-12,,지자체,공공임대,광주,460
2022-12,,지자체,공공임대,대전,0
2022-12,,지자체,공공임대,울산,0
2022-12,,지자체,공공임대,세종,0
2022-12,,지자체,공공임대,강원,0
2022-12,,지자체,공공임대,충북,0
2022-12,,지자체,공공임대,충남,0
2022-12,,지자체,공공임대,전북,0
2022-12,,지자체,공공임대,전남,0
2022-12,,지자체,공공임대,경북,0
2022-12,,지자체,공공임대,경남,0
2022-12,,지자체,공공임대,제주,0
2022-12,,지자체,공공분양,전국,2549
2022-12,,지자체,공공분양,서울,0
2022-12,,지자체,공공분양,인천,0
2022-12,,지자체,공공분양,경기,569
2022-12,,지자체,공공분양,부산,953
2022-12,,지자체,공공분양,대구,0
2022-12,,지자체,공공분양,광주,0
2022-12,,지자체,공공분양,대전,0
2022-12,,지자체,공공분양,울산,282
2022-12,,지자체,공공분양,세종,0
2022-12,,지자체,공공분양,강원,0
2022-12,,지자체,공공분양,충북,0
2022-12,,지자체,공공분양,충남,0
2022-12,,지자체,공공분양,전북,745
2022-12,,지자체,공공분양,전남,0
2022-12,,지자체,공공분양,경북,0
2022-12,,지자체,공공분양,경남,0
2022-12,,지자체,공공분양,제주,0
2022-12,,LH,소계,전국,20007
2022-12,,LH,소계,서울,0
2022-12,,LH,소계,인천,1191
2022-12,,LH,소계,경기,7225
2022-12,,LH,소계,부산,200
2022-12,,LH,소계,대구,0
2022-12,,LH,소계,광주,0
2022-12,,LH,소계,대전,120
2022-12,,LH,소계,울산,1335
2022-12,,LH,소계,세종,1951
2022-12,,LH,소계,강원,150
2022-12,,LH,소계,충북,1664
2022-12,,LH,소계,충남,2742
2022-12,,LH,소계,전북,1559
2022-12,,LH,소계,전남,527
2022-12,,LH,소계,경북,1156
2022-12,,LH,소계,경남,150
2022-12,,LH,소계,제주,37
2022-12,,LH,국민임대,전국,332
2022-12,,LH,국민임대,서울,0
2022-12,,LH,국민임대,인천,0
2022-12,,LH,국민임대,경기,0
2022-12,,LH,국민임대,부산,0
2022-12,,LH,국민임대,대구,0
2022-12,,LH,국민임대,광주,0
2022-12,,LH,국민임대,대전,0
2022-12,,LH,국민임대,울산,0
2022-12,,LH,국민임대,세종,0
2022-12,,LH,국민임대,강원,30
2022-12,,LH,국민임대,충북,0
2022-12,,LH,국민임대,충남,58
2022-12,,LH,국민임대,전북,0
2022-12,,LH,국민임대,전남,44
2022-12,,LH,국민임대,경북,200
2022-12,,LH,국민임대,경남,0
2022-12,,LH,국민임대,제주,0
2022-12,,LH,공공임대,전국,6689
2022-12,,LH,공공임대,서울,0
2022-12,,LH,공공임대,인천,873
2022-12,,LH,공공임대,경기,1910
2022-12,,LH,공공임대,부산,200
2022-12,,LH,공공임대,대구,0
2022-12,,LH,공공임대,광주,0
2022-12,,LH,공공임대,대전,120
2022-12,,LH,공공임대,울산,445
2022-12,,LH,공공임대,세종,1075
2022-12,,LH,공공임대,강원,120
2022-12,,LH,공공임대,충북,80
2022-12,,LH,공공임대,충남,240
2022-12,,LH,공공임대,전북,0
2022-12,,LH,공공임대,전남,483
2022-12,,LH,공공임대,경북,956
2022-12,,LH,공공임대,경남,150
2022-12,,LH,공공임대,제주,37
2022-12,,LH,공공분양,전국,12986
2022-12,,LH,공공분양,서울,0
2022-12,,LH,공공분양,인천,318
2022-12,,LH,공공분양,경기,5315
2022-12,,LH,공공분양,부산,0
2022-12,,LH,공공분양,대구,0
2022-12,,LH,공공분양,광주,0
2022-12,,LH,공공분양,대전,0
2022-12,,LH,공공분양,울산,890
2022-12,,LH,공공분양,세종,876
2022-12,,LH,공공분양,강원,0
2022-12,,LH,공공분양,충북,1584
2022-12,,LH,공공분양,충남,2444
2022-12,,LH,공공분양,전북,1559
2022-12,,LH,공공분양,전남,0
2022-12,,LH,공공분양,경북,0
2022-12,,LH,공공분양,경남,0
2022-12,,LH,공공분양,제주,0
2022-12,,주택업체,소계,전국,5167
2022-12,,주택업체,소계,서울,270
2022-12,,주택업체,소계,인천,0
2022-12,,주택업체,소계,경기,1060
2022-12,,주택업체,소계,부산,2781
2022-12,,주택업체,소계,대구,53
2022-12,,주택업체,소계,광주,0
2022-12,,주택업체,소계,대전,0
2022-12,,주택업체,소계,울산,0
2022-12,,주택업체,소계,세종,0
2022-12,,주택업체,소계,강원,0
2022-12,,주택업체,소계,충북,0
2022-12,,주택업체,소계,충남,893
2022-12,,주택업체,소계,전북,0
2022-12,,주택업체,소계,전남,0
2022-12,,주택업체,소계,경북,40
2022-12,,주택업체,소계,경남,0
2022-12,,주택업체,소계,제주,70
2022-12,,주택업체,국민임대,전국,1
2022-12,,주택업체,국민임대,서울,0
2022-12,,주택업체,국민임대,인천,0
2022-12,,주택업체,국민임대,경기,0
2022-12,,주택업체,국민임대,부산,0
2022-12,,주택업체,국민임대,대구,1
2022-12,,주택업체,국민임대,광주,0
2022-12,,주택업체,국민임대,대전,0
2022-12,,주택업체,국민임대,울산,0
2022-12,,주택업체,국민임대,세종,0
2022-12,,주택업체,국민임대,강원,0
2022-12,,주택업체,국민임대,충북,0
2022-12,,주택업체,국민임대,충남,0
2022-12,,주택업체,국민임대,전북,0
2022-12,,주택업체,국민임대,전남,0
2022-12,,주택업체,국민임대,경북,0
2022-12,,주택업체,국민임대,경남,0
2022-12,,주택업체,국민임대,제주,0
2022-12,,주택업체,공공임대,전국,861
2022-12,,주택업체,공공임대,서울,270
2022-12,,주택업체,공공임대,인천,0
2022-12,,주택업체,공공임대,경기,429
2022-12,,주택업체,공공임대,부산,0
2022-12,,주택업체,공공임대,대구,52
2022-12,,주택업체,공공임대,광주,0
2022-12,,주택업체,공공임대,대전,0
2022-12,,주택업체,공공임대,울산,0
2022-12,,주택업체,공공임대,세종,0
2022-12,,주택업체,공공임대,강원,0
2022-12,,주택업체,공공임대,충북,0
2022-12,,주택업체,공공임대,충남,0
2022-12,,주택업체,공공임대,전북,0
2022-12,,주택업체,공공임대,전남,0
2022-12,,주택업체,공공임대,경북,40
2022-12,,주택업체,공공임대,경남,0
2022-12,,주택업체,공공임대,제주,70
2022-12,,주택업체,공공분양,전국,4305
2022-12,,주택업체,공공분양,서울,0
2022-12,,주택업체,공공분양,인천,0
2022-12,,주택업체,공공분양,경기,631
2022-12,,주택업체,공공분양,부산,2781
2022-12,,주택업체,공공분양,대구,0
2022-12,,주택업체,공공분양,광주,0
2022-12,,주택업체,공공분양,대전,0
2022-12,,주택업체,공공분양,울산,0
2022-12,,주택업체,공공분양,세종,0
2022-12,,주택업체,공공분양,강원,0
2022-12,,주택업체,공공분양,충북,0
2022-12,,주택업체,공공분양,충남,893
2022-12,,주택업체,공공분양,전북,0
2022-12,,주택업체,공공분양,전남,0
2022-12,,주택업체,공공분양,경북,0
2022-12,,주택업체,공공분양,경남,0
2022-12,,주택업체,공공분양,제주,0
2022-12,,민간부문,민간부문,전국,473634
2022-12,,민간부문,민간부문,서울,41836
2022-12,,민간부문,민간부문,인천,19987
2022-12,,민간부문,민간부문,경기,111287
2022-12,,민간부문,민간부문,부산,36597
2022-12,,민간부문,민간부문,대구,25988
2022-12,,민간부문,민간부문,광주,10248
2022-12,,민간부문,민간부문,대전,18072
2022-12,,민간부문,민간부문,울산,11669
2022-12,,민간부문,민간부문,세종,1744
2022-12,,민간부문,민간부문,강원,17442
2022-12,,민간부문,민간부문,충북,29686
2022-12,,민간부문,민간부문,충남,36090
2022-12,,민간부문,민간부문,전북,20420
2022-12,,민간부문,민간부문,전남,22296
2022-12,,민간부문,민간부문,경북,34444
2022-12,,민간부문,민간부문,경남,26313
2022-12,,민간부문,민간부문,제주,9515
2022-12,,민간,민간임대,전국,35123
2022-12,,민간,민간임대,서울,2810
2022-12,,민간,민간임대,인천,243
2022-12,,민간,민간임대,경기,7124
2022-12,,민간,민간임대,부산,614
2022-12,,민간,민간임대,대구,4653
2022-12,,민간,민간임대,광주,0
2022-12,,민간,민간임대,대전,879
2022-12,,민간,민간임대,울산,2051
2022-12,,민간,민간임대,세종,0
2022-12,,민간,민간임대,강원,172
2022-12,,민간,민간임대,충북,1472
2022-12,,민간,민간임대,충남,4876
2022-12,,민간,민간임대,전북,3011
2022-12,,민간,민간임대,전남,2124
2022-12,,민간,민간임대,경북,3497
2022-12,,민간,민간임대,경남,1381
2022-12,,민간,민간임대,제주,216
2022-12,,민간,민간분양,전국,438511
2022-12,,민간,민간분양,서울,39026
2022-12,,민간,민간분양,인천,19744
2022-12,,민간,민간분양,경기,104163
2022-12,,민간,민간분양,부산,35983
2022-12,,민간,민간분양,대구,21335
2022-12,,민간,민간분양,광주,10248
2022-12,,민간,민간분양,대전,17193
2022-12,,민간,민간분양,울산,9618
2022-12,,민간,민간분양,세종,1744
2022-12,,민간,민간분양,강원,17270
2022-12,,민간,민간분양,충북,28214
2022-12,,민간,민간분양,충남,31214
2022-12,,민간,민간분양,전북,17409
2022-12,,민간,민간분양,전남,20172
2022-12,,민간,민간분양,경북,30947
2022-12,,민간,민간분양,경남,24932
2022-12,,민간,민간분양,제주,9299
2023-01,,총계,총계,전국,28251
2023-01,,총계,총계,서울,1848
2023-01,,총계,총계,인천,1474
2023-01,,총계,총계,경기,4635
2023-01,,총계,총계,부산,1975
2023-01,,총계,총계,대구,1808
2023-01,,총계,총계,광주,832
2023-01,,총계,총계,대전,700
2023-01,,총계,총계,울산,1386
2023-01,,총계,총계,세종,31
2023-01,,총계,총계,강원,2062
2023-01,,총계,총계,충북,170
2023-01,,총계,총계,충남,3564
2023-01,,총계,총계,전북,3829
2023-01,,총계,총계,전남,183
2023-01,,총계,총계,경북,3324
2023-01,,총계,총계,경남,171
2023-01,,총계,총계,제주,259
2023-01,,공공부문,공공부문,전국,1733
2023-01,,공공부문,공공부문,서울,0
2023-01,,공공부문,공공부문,인천,0
2023-01,,공공부문,공공부문,경기,1370
2023-01,,공공부문,공공부문,부산,363
2023-01,,공공부문,공공부문,대구,0
2023-01,,공공부문,공공부문,광주,0
2023-01,,공공부문,공공부문,대전,0
2023-01,,공공부문,공공부문,울산,0
2023-01,,공공부문,공공부문,세종,0
2023-01,,공공부문,공공부문,강원,0
2023-01,,공공부문,공공부문,충북,0
2023-01,,공공부문,공공부문,충남,0
2023-01,,공공부문,공공부문,전북,0
2023-01,,공공부문,공공부문,전남,0
2023-01,,공공부문,공공부문,경북,0
2023-01,,공공부문,공공부문,경남,0
2023-01,,공공부문,공공부문,제주,0
2023-01,,합,국민임대,전국,0
2023-01,,합,국민임대,서울,0
2023-01,,합,국민임대,인천,0
2023-01,,합,국민임대,경기,0
2023-01,,합,국민임대,부산,0
2023-01,,합,국민임대,대구,0
2023-01,,합,국민임대,광주,0
2023-01,,합,국민임대,대전,0
2023-01,,합,국민임대,울산,0
2023-01,,합,국민임대,세종,0
2023-01,,합,국민임대,강원,0
2023-01,,합,국민임대,충북,0
2023-01,,합,국민임대,충남,0
2023-01,,합,국민임대,전북,0
2023-01,,합,국민임대,전남,0
2023-01,,합,국민임대,경북,0
2023-01,,합,국민임대,경남,0
2023-01,,합,국민임대,제주,0
2023-01,,합,공공임대,전국,772
2023-01,,합,공공임대,서울,0
2023-01,,합,공공임대,인천,0
2023-01,,합,공공임대,경기,772
2023-01,,합,공공임대,부산,0
2023-01,,합,공공임대,대구,0
2023-01,,합,공공임대,광주,0
2023-01,,합,공공임대,대전,0
2023-01,,합,공공임대,울산,0
2023-01,,합,공공임대,세종,0
2023-01,,합,공공임대,강원,0
2023-01,,합,공공임대,충북,0
2023-01,,합,공공임대,충남,0
2023-01,,합,공공임대,전북,0
2023-01,,합,공공임대,전남,0
2023-01,,합,공공임대,경북,0
2023-01,,합,공공임대,경남,0
2023-01,,합,공공임대,제주,0
2023-01,,합,공공분양,전국,961
2023-01,,합,공공분양,서울,0
2023-01,,합,공공분양,인천,0
2023-01,,합,공공분양,경기,598
2023-01,,합,공공분양,부산,363
2023-01,,합,공공분양,대구,0
2023-01,,합,공공분양,광주,0
2023-01,,합,공공분양,대전,0
2023-01,,합,공공분양,울산,0
2023-01,,합,공공분양,세종,0
2023-01,,합,공공분양,강원,0
2023-01,,합,공공분양,충북,0
2023-01,,합,공공분양,충남,0
2023-01,,합,공공분양,전북,0
2023-01,,합,공공분양,전남,0
2023-01,,합,공공분양,경북,0
2023-01,,합,공공분양,경남,0
2023-01,,합,공공분양,제주,0
2023-01,,지자체,소계,전국,0
2023-01,,지자체,소계,서울,0
2023-01,,지자체,소계,인천,0
2023-01,,지자체,소계,경기,0
2023-01,,지자체,소계,부산,0
2023-01,,지자체,소계,대구,0
2023-01,,지자체,소계,광주,0
2023-01,,지자체,소계,대전,0
2023-01,,지자체,소계,울산,0
2023-01,,지자체,소계,세종,0
2023-01,,지자체,소계,강원,0
2023-01,,지자체,소계,충북,0
2023-01,,지자체,소계,충남,0
2023-01,,지자체,소계,전북,0
2023-01,,지자체,소계,전남,0
2023-01,,지자체,소계,경북,0
2023-01,,지자체,소계,경남,0
2023-01,,지자체,소계,제주,0
2023-01,,지자체,국민임대,전국,0
2023-01,,지자체,국민임대,서울,0
2023-01,,지자체,국민임대,인천,0
2023-01,,지자체,국민임대,경기,0
2023-01,,지자체,국민임대,부산,0
2023-01,,지자체,국민임대,대구,0
2023-01,,지자체,국민임대,광주,0
2023-01,,지자체,국민임대,대전,0
2023-01,,지자체,국민임대,울산,0
2023-01,,지자체,국민임대,세종,0
2023-01,,지자체,국민임대,강원,0
2023-01,,지자체,국민임대,충북,0
2023-01,,지자체,국민임대,충남,0
2023-01,,지자체,국민임대,전북,0
2023-01,,지자체,국민임대,전남,0
2023-01,,지자체,국민임대,경북,0
2023-01,,지자체,국민임대,경남,0
2023-01,,지자체,국민임대,제주,0
2023-01,,지자체,공공임대,전국,0
2023-01,,지자체,공공임대,서울,0
2023-01,,지자체,공공임대,인천,0
2023-01,,지자체,공공임대,경기,0
2023-01,,지자체,공공임대,부산,0
2023-01,,지자체,공공임대,대구,0
2023-01,,지자체,공공임대,광주,0
2023-01,,지자체,공공임대,대전,0
2023-01,,지자체,공공임대,울산,0
2023-01,,지자체,공공임대,세종,0
2023-01,,지자체,공공임대,강원,0
2023-01,,지자체,공공임대,충북,0
2023-01,,지자체,공공임대,충남,0
2023-01,,지자체,공공임대,전북,0
2023-01,,지자체,공공임대,전남,0
2023-01,,지자체,공공임대,경북,0
2023-01,,지자체,공공임대,경남,0
2023-01,,지자체,공공임대,제주,0
2023-01,,지자체,공공분양,전국,0
2023-01,,지자체,공공분양,서울,0
2023-01,,지자체,공공분양,인천,0
2023-01,,지자체,공공분양,경기,0
2023-01,,지자체,공공분양,부산,0
2023-01,,지자체,공공분양,대구,0
2023-01,,지자체,공공분양,광주,0
2023-01,,지자체,공공분양,대전,0
2023-01,,지자체,공공분양,울산,0
2023-01,,지자체,공공분양,세종,0
2023-01,,지자체,공공분양,강원,0
2023-01,,지자체,공공분양,충북,0
2023-01,,지자체,공공분양,충남,0
2023-01,,지자체,공공분양,전북,0
2023-01,,지자체,공공분양,전남,0
2023-01,,지자체,공공분양,경북,0
2023-01,,지자체,공공분양,경남,0
2023-01,,지자체,공공분양,제주,0
2023-01,,LH,소계,전국,1733
2023-01,,LH,소계,서울,0
2023-01,,LH,소계,인천,0
2023-01,,LH,소계,경기,1370
2023-01,,LH,소계,부산,363
2023-01,,LH,소계,대구,0
2023-01,,LH,소계,광주,0
2023-01,,LH,소계,대전,0
2023-01,,LH,소계,울산,0
2023-01,,LH,소계,세종,0
2023-01,,LH,소계,강원,0
2023-01,,LH,소계,충북,0
2023-01,,LH,소계,충남,0
2023-01,,LH,소계,전북,0
2023-01,,LH,소계,전남,0
2023-01,,LH,소계,경북,0
2023-01,,LH,소계,경남,0
2023-01,,LH,소계,제주,0
2023-01,,LH,국민임대,전국,0
2023-01,,LH,국민임대,서울,0
2023-01,,LH,국민임대,인천,0
2023-01,,LH,국민임대,경기,0
2023-01,,LH,국민임대,부산,0
2023-01,,LH,국민임대,대구,0
2023-01,,LH,국민임대,광주,0
2023-01,,LH,국민임대,대전,0
2023-01,,LH,국민임대,울산,0
2023-01,,LH,국민임대,세종,0
2023-01,,LH,국민임대,강원,0
2023-01,,LH,국민임대,충북,0
2023-01,,LH,국민임대,충남,0
2023-01,,LH,국민임대,전북,0
2023-01,,LH,국민임대,전남,0
2023-01,,LH,국민임대,경북,0
2023-01,,LH,국민임대,경남,0
2023-01,,LH,국민임대,제주,0
2023-01,,LH,공공임대,전국,772
2023-01,,LH,공공임대,서울,0
2023-01,,LH,공공임대,인천,0
2023-01,,LH,공공임대,경기,772
2023-01,,LH,공공임대,부산,0
2023-01,,LH,공공임대,대구,0
2023-01,,LH,공공임대,광주,0
2023-01,,LH,공공임대,대전,0
2023-01,,LH,공공임대,울산,0
2023-01,,LH,공공임대,세종,0
2023-01,,LH,공공임대,강원,0
2023-01,,LH,공공임대,충북,0
2023-01,,LH,공공임대,충남,0
2023-01,,LH,공공임대,전북,0
2023-01,,LH,공공임대,전남,0
2023-01,,LH,공공임대,경북,0
2023-01,,LH,공공임대,경남,0
2023-01,,LH,공공임대,제주,0
2023-01,,LH,공공분양,전국,961
2023-01,,LH,공공분양,서울,0
2023-01,,LH,공공분양,인천,0
2023-01,,LH,공공분양,경기,598
2023-01,,LH,공공분양,부산,363
2023-01,,LH,공공분양,대구,0
2023-01,,LH,공공분양,광주,0
2023-01,,LH,공공분양,대전,0
2023-01,,LH,공공분양,울산,0
2023-01,,LH,공공분양,세종,0
2023-01,,LH,공공분양,강원,0
2023-01,,LH,공공분양,충북,0
2023-01,,LH,공공분양,충남,0
2023-01,,LH,공공분양,전북,0
2023-01,,LH,공공분양,전남,0
2023-01,,LH,공공분양,경북,0
2023-01,,LH,공공분양,경남,0
2023-01,,LH,공공분양,제주,0
2023-01,,주택업체,소계,전국,0
2023-01,,주택업체,소계,서울,0
2023-01,,주택업체,소계,인천,0
2023-01,,주택업체,소계,경기,0
2023-01,,주택업체,소계,부산,0
2023-01,,주택업체,소계,대구,0
2023-01,,주택업체,소계,광주,0
2023-01,,주택업체,소계,대전,0
2023-01,,주택업체,소계,울산,0
2023-01,,주택업체,소계,세종,0
2023-01,,주택업체,소계,강원,0
2023-01,,주택업체,소계,충북,0
2023-01,,주택업체,소계,충남,0
2023-01,,주택업체,소계,전북,0
2023-01,,주택업체,소계,전남,0
2023-01,,주택업체,소계,경북,0
2023-01,,주택업체,소계,경남,0
2023-01,,주택업체,소계,제주,0
2023-01,,주택업체,국민임대,전국,0
2023-01,,주택업체,국민임대,서울,0
2023-01,,주택업체,국민임대,인천,0
2023-01,,주택업체,국민임대,경기,0
2023-01,,주택업체,국민임대,부산,0
2023-01,,주택업체,국민임대,대구,0
2023-01,,주택업체,국민임대,광주,0
2023-01,,주택업체,국민임대,대전,0
2023-01,,주택업체,국민임대,울산,0
2023-01,,주택업체,국민임대,세종,0
2023-01,,주택업체,국민임대,강원,0
2023-01,,주택업체,국민임대,충북,0
2023-01,,주택업체,국민임대,충남,0
2023-01,,주택업체,국민임대,전북,0
2023-01,,주택업체,국민임대,전남,0
2023-01,,주택업체,국민임대,경북,0
2023-01,,주택업체,국민임대,경남,0
2023-01,,주택업체,국민임대,제주,0
2023-01,,주택업체,공공임대,전국,0
2023-01,,주택업체,공공임대,서울,0
2023-01,,주택업체,공공임대,인천,0
2023-01,,주택업체,공공임대,경기,0
2023-01,,주택업체,공공임대,부산,0
2023-01,,주택업체,공공임대,대구,0
2023-01,,주택업체,공공임대,광주,0
2023-01,,주택업체,공공임대,대전,0
2023-01,,주택업체,공공임대,울산,0
2023-01,,주택업체,공공임대,세종,0
2023-01,,주택업체,공공임대,강원,0
2023-01,,주택업체,공공임대,충북,0
2023-01,,주택업체,공공임대,충남,0
2023-01,,주택업체,공공임대,전북,0
2023-01,,주택업체,공공임대,전남,0
2023-01,,주택업체,공공임대,경북,0
2023-01,,주택업체,공공임대,경남,0
2023-01,,주택업체,공공임대,제주,0
2023-01,,주택업체,공공분양,전국,0
2023-01,,주택업체,공공분양,서울,0
2023-01,,주택업체,공공분양,인천,0
2023-01,,주택업체,공공분양,경기,0
2023-01,,주택업체,공공분양,부산,0
2023-01,,주택업체,공공분양,대구,0
2023-01,,주택업체,공공분양,광주,0
2023-01,,주택업체,공공분양,대전,0
2023-01,,주택업체,공공분양,울산,0
2023-01,,주택업체,공공분양,세종,0
2023-01,,주택업체,공공분양,강원,0
2023-01,,주택업체,공공분양,충북,0
2023-01,,주택업체,공공분양,충남,0
2023-01,,주택업체,공공분양,전북,0
2023-01,,주택업체,공공분양,전남,0
2023-01,,주택업체,공공분양,경북,0
2023-01,,주택업체,공공분양,경남,0
2023-01,,주택업체,공공분양,제주,0
2023-01,,민간부문,민간부문,전국,26518
2023-01,,민간부문,민간부문,서울,1848
2023-01,,민간부문,민간부문,인천,1474
2023-01,,민간부문,민간부문,경기,3265
2023-01,,민간부문,민간부문,부산,1612
2023-01,,민간부문,민간부문,대구,1808
2023-01,,민간부문,민간부문,광주,832
2023-01,,민간부문,민간부문,대전,700
2023-01,,민간부문,민간부문,울산,1386
2023-01,,민간부문,민간부문,세종,31
2023-01,,민간부문,민간부문,강원,2062
2023-01,,민간부문,민간부문,충북,170
2023-01,,민간부문,민간부문,충남,3564
2023-01,,민간부문,민간부문,전북,3829
2023-01,,민간부문,민간부문,전남,183
2023-01,,민간부문,민간부문,경북,3324
2023-01,,민간부문,민간부문,경남,171
2023-01,,민간부문,민간부문,제주,259
2023-01,,민간,민간임대,전국,772
2023-01,,민간,민간임대,서울,0
2023-01,,민간,민간임대,인천,0
2023-01,,민간,민간임대,경기,0
2023-01,,민간,민간임대,부산,0
2023-01,,민간,민간임대,대구,0
2023-01,,민간,민간임대,광주,0
2023-01,,민간,민간임대,대전,0
2023-01,,민간,민간임대,울산,0
2023-01,,민간,민간임대,세종,0
2023-01,,민간,민간임대,강원,0
2023-01,,민간,민간임대,충북,0
2023-01,,민간,민간임대,충남,0
2023-01,,민간,민간임대,전북,772
2023-01,,민간,민간임대,전남,0
2023-01,,민간,민간임대,경북,0
2023-01,,민간,민간임대,경남,0
2023-01,,민간,민간임대,제주,0
2023-01,,민간,민간분양,전국,25746
2023-01,,민간,민간분양,서울,1848
2023-01,,민간,민간분양,인천,1474
2023-01,,민간,민간분양,경기,3265
2023-01,,민간,민간분양,부산,1612
2023-01,,민간,민간분양,대구,1808
2023-01,,민간,민간분양,광주,832
2023-01,,민간,민간분양,대전,700
2023-01,,민간,민간분양,울산,1386
2023-01,,민간,민간분양,세종,31
2023-01,,민간,민간분양,강원,2062
2023-01,,민간,민간분양,충북,170
2023-01,,민간,민간분양,충남,3564
2023-01,,민간,민간분양,전북,3057
2023-01,,민간,민간분양,전남,183
2023-01,,민간,민간분양,경북,3324
2023-01,,민간,민간분양,경남,171
2023-01,,민간,민간분양,제주,259
2023-02,,총계,총계,전국,58846
2023-02,,총계,총계,서울,8494
2023-02,,총계,총계,인천,3403
2023-02,,총계,총계,경기,12275
2023-02,,총계,총계,부산,5681
2023-02,,총계,총계,대구,1922
2023-02,,총계,총계,광주,998
2023-02,,총계,총계,대전,2699
2023-02,,총계,총계,울산,2089
2023-02,,총계,총계,세종,53
2023-02,,총계,총계,강원,2315
2023-02,,총계,총계,충북,777
2023-02,,총계,총계,충남,5682
2023-02,,총계,총계,전북,4161
2023-02,,총계,총계,전남,1435
2023-02,,총계,총계,경북,5118
2023-02,,총계,총계,경남,1070
2023-02,,총계,총계,제주,674
2023-02,,공공부문,공공부문,전국,2621
2023-02,,공공부문,공공부문,서울,564
2023-02,,공공부문,공공부문,인천,0
2023-02,,공공부문,공공부문,경기,1370
2023-02,,공공부문,공공부문,부산,363
2023-02,,공공부문,공공부문,대구,0
2023-02,,공공부문,공공부문,광주,0
2023-02,,공공부문,공공부문,대전,324
2023-02,,공공부문,공공부문,울산,0
2023-02,,공공부문,공공부문,세종,0
2023-02,,공공부문,공공부문,강원,0
2023-02,,공공부문,공공부문,충북,0
2023-02,,공공부문,공공부문,충남,0
2023-02,,공공부문,공공부문,전북,0
2023-02,,공공부문,공공부문,전남,0
2023-02,,공공부문,공공부문,경북,0
2023-02,,공공부문,공공부문,경남,0
2023-02,,공공부문,공공부문,제주,0
2023-02,,합,국민임대,전국,0
2023-02,,합,국민임대,서울,0
2023-02,,합,국민임대,인천,0
2023-02,,합,국민임대,경기,0
2023-02,,합,국민임대,부산,0
2023-02,,합,국민임대,대구,0
2023-02,,합,국민임대,광주,0
2023-02,,합,국민임대,대전,0
2023-02,,합,국민임대,울산,0
2023-02,,합,국민임대,세종,0
2023-02,,합,국민임대,강원,0
2023-02,,합,국민임대,충북,0
2023-02,,합,국민임대,충남,0
2023-02,,합,국민임대,전북,0
2023-02,,합,국민임대,전남,0
2023-02,,합,국민임대,경북,0
2023-02,,합,국민임대,경남,0
2023-02,,합,국민임대,제주,0
2023-02,,합,공공임대,전국,1660
2023-02,,합,공공임대,서울,564
2023-02,,합,공공임대,인천,0
2023-02,,합,공공임대,경기,772
2023-02,,합,공공임대,부산,0
2023-02,,합,공공임대,대구,0
2023-02,,합,공공임대,광주,0
2023-02,,합,공공임대,대전,324
2023-02,,합,공공임대,울산,0
2023-02,,합,공공임대,세종,0
2023-02,,합,공공임대,강원,0
2023-02,,합,공공임대,충북,0
2023-02,,합,공공임대,충남,0
2023-02,,합,공공임대,전북,0
2023-02,,합,공공임대,전남,0
2023-02,,합,공공임대,경북,0
2023-02,,합,공공임대,경남,0
2023-02,,합,공공임대,제주,0
2023-02,,합,공공분양,전국,961
2023-02,,합,공공분양,서울,0
2023-02,,합,공공분양,인천,0
2023-02,,합,공공분양,경기,598
2023-02,,합,공공분양,부산,363
2023-02,,합,공공분양,대구,0
2023-02,,합,공공분양,광주,0
2023-02,,합,공공분양,대전,0
2023-02,,합,공공분양,울산,0
2023-02,,합,공공분양,세종,0
2023-02,,합,공공분양,강원,0
2023-02,,합,공공분양,충북,0
2023-02,,합,공공분양,충남,0
2023-02,,합,공공분양,전북,0
2023-02,,합,공공분양,전남,0
2023-02,,합,공공분양,경북,0
2023-02,,합,공공분양,경남,0
2023-02,,합,공공분양,제주,0
2023-02,,지자체,소계,전국,132
2023-02,,지자체,소계,서울,132
2023-02,,지자체,소계,인천,0
2023-02,,지자체,소계,경기,0
2023-02,,지자체,소계,부산,0
2023-02,,지자체,소계,대구,0
2023-02,,지자체,소계,광주,0
2023-02,,지자체,소계,대전,0
2023-02,,지자체,소계,울산,0
2023-02,,지자체,소계,세종,0
2023-02,,지자체,소계,강원,0
2023-02,,지자체,소계,충북,0
2023-02,,지자체,소계,충남,0
2023-02,,지자체,소계,전북,0
2023-02,,지자체,소계,전남,0
2023-02,,지자체,소계,경북,0
2023-02,,지자체,소계,경남,0
2023-02,,지자체,소계,제주,0
2023-02,,지자체,국민임대,전국,0
2023-02,,지자체,국민임대,서울,0
2023-02,,지자체,국민임대,인천,0
2023-02,,지자체,국민임대,경기,0
2023-02,,지자체,국민임대,부산,0
2023-02,,지자체,국민임대,대구,0
2023-02,,지자체,국민임대,광주,0
2023-02,,지자체,국민임대,대전,0
2023-02,,지자체,국민임대,울산,0
2023-02,,지자체,국민임대,세종,0
2023-02,,지자체,국민임대,강원,0
2023-02,,지자체,국민임대,충북,0
2023-02,,지자체,국민임대,충남,0
2023-02,,지자체,국민임대,전북,0
2023-02,,지자체,국민임대,전남,0
2023-02,,지자체,국민임대,경북,0
2023-02,,지자체,국민임대,경남,0
2023-02,,지자체,국민임대,제주,0
2023-02,,지자체,공공임대,전국,132
2023-02,,지자체,공공임대,서울,132
2023-02,,지자체,공공임대,인천,0
2023-02,,지자체,공공임대,경기,0
2023-02,,지자체,공공임대,부산,0
2023-02,,지자체,공공임대,대구,0
2023-02,,지자체,공공임대,광주,0
2023-02,,지자체,공공임대,대전,0
2023-02,,지자체,공공임대,울산,0
2023-02,,지자체,공공임대,세종,0
2023-02,,지자체,공공임대,강원,0
2023-02,,지자체,공공임대,충북,0
2023-02,,지자체,공공임대,충남,0
2023-02,,지자체,공공임대,전북,0
2023-02,,지자체,공공임대,전남,0
2023-02,,지자체,공공임대,경북,0
2023-02,,지자체,공공임대,경남,0
2023-02,,지자체,공공임대,제주,0
2023-02,,지자체,공공분양,전국,0
2023-02,,지자체,공공분양,서울,0
2023-02,,지자체,공공분양,인천,0
2023-02,,지자체,공공분양,경기,0
2023-02,,지자체,공공분양,부산,0
2023-02,,지자체,공공분양,대구,0
2023-02,,지자체,공공분양,광주,0
2023-02,,지자체,공공분양,대전,0
2023-02,,지자체,공공분양,울산,0
2023-02,,지자체,공공분양,세종,0
2023-02,,지자체,공공분양,강원,0
2023-02,,지자체,공공분양,충북,0
2023-02,,지자체,공공분양,충남,0
2023-02,,지자체,공공분양,전북,0
2023-02,,지자체,공공분양,전남,0
2023-02,,지자체,공공분양,경북,0
2023-02,,지자체,공공분양,경남,0
2023-02,,지자체,공공분양,제주,0
2023-02,,LH,소계,전국,1733
2023-02,,LH,소계,서울,0
2023-02,,LH,소계,인천,0
2023-02,,LH,소계,경기,1370
2023-02,,LH,소계,부산,363
2023-02,,LH,소계,대구,0
2023-02,,LH,소계,광주,0
2023-02,,LH,소계,대전,0
2023-02,,LH,소계,울산,0
2023-02,,LH,소계,세종,0
2023-02,,LH,소계,강원,0
2023-02,,LH,소계,충북,0
2023-02,,LH,소계,충남,0
2023-02,,LH,소계,전북,0
2023-02,,LH,소계,전남,0
2023-02,,LH,소계,경북,0
2023-02,,LH,소계,경남,0
2023-02,,LH,소계,제주,0
2023-02,,LH,국민임대,전국,0
2023-02,,LH,국민임대,서울,0
2023-02,,LH,국민임대,인천,0
2023-02,,LH,국민임대,경기,0
2023-02,,LH,국민임대,부산,0
2023-02,,LH,국민임대,대구,0
2023-02,,LH,국민임대,광주,0
2023-02,,LH,국민임대,대전,0
2023-02,,LH,국민임대,울산,0
2023-02,,LH,국민임대,세종,0
2023-02,,LH,국민임대,강원,0
2023-02,,LH,국민임대,충북,0
2023-02,,LH,국민임대,충남,0
2023-02,,LH,국민임대,전북,0
2023-02,,LH,국민임대,전남,0
2023-02,,LH,국민임대,경북,0
2023-02,,LH,국민임대,경남,0
2023-02,,LH,국민임대,제주,0
2023-02,,LH,공공임대,전국,772
2023-02,,LH,공공임대,서울,0
2023-02,,LH,공공임대,인천,0
2023-02,,LH,공공임대,경기,772
2023-02,,LH,공공임대,부산,0
2023-02,,LH,공공임대,대구,0
2023-02,,LH,공공임대,광주,0
2023-02,,LH,공공임대,대전,0
2023-02,,LH,공공임대,울산,0
2023-02,,LH,공공임대,세종,0
2023-02,,LH,공공임대,강원,0
2023-02,,LH,공공임대,충북,0
2023-02,,LH,공공임대,충남,0
2023-02,,LH,공공임대,전북,0
2023-02,,LH,공공임대,전남,0
2023-02,,LH,공공임대,경북,0
2023-02,,LH,공공임대,경남,0
2023-02,,LH,공공임대,제주,0
2023-02,,LH,공공분양,전국,961
2023-02,,LH,공공분양,서울,0
2023-02,,LH,공공분양,인천,0
2023-02,,LH,공공분양,경기,598
2023-02,,LH,공공분양,부산,363
2023-02,,LH,공공분양,대구,0
2023-02,,LH,공공분양,광주,0
2023-02,,LH,공공분양,대전,0
2023-02,,LH,공공분양,울산,0
2023-02,,LH,공공분양,세종,0
2023-02,,LH,공공분양,강원,0
2023-02,,LH,공공분양,충북,0
2023-02,,LH,공공분양,충남,0
2023-02,,LH,공공분양,전북,0
2023-02,,LH,공공분양,전남,0
2023-02,,LH,공공분양,경북,0
2023-02,,LH,공공분양,경남,0
2023-02,,LH,공공분양,제주,0
2023-02,,주택업체,소계,전국,756
2023-02,,주택업체,소계,서울,432
2023-02,,주택업체,소계,인천,0
2023-02,,주택업체,소계,경기,0
2023-02,,주택업체,소계,부산,0
2023-02,,주택업체,소계,대구,0
2023-02,,주택업체,소계,광주,0
2023-02,,주택업체,소계,대전,324
2023-02,,주택업체,소계,울산,0
2023-02,,주택업체,소계,세종,0
2023-02,,주택업체,소계,강원,0
2023-02,,주택업체,소계,충북,0
2023-02,,주택업체,소계,충남,0
2023-02,,주택업체,소계,전북,0
2023-02,,주택업체,소계,전남,0
2023-02,,주택업체,소계,경북,0
2023-02,,주택업체,소계,경남,0
2023-02,,주택업체,소계,제주,0
2023-02,,주택업체,국민임대,전국,0
2023-02,,주택업체,국민임대,서울,0
2023-02,,주택업체,국민임대,인천,0
2023-02,,주택업체,국민임대,경기,0
2023-02,,주택업체,국민임대,부산,0
2023-02,,주택업체,국민임대,대구,0
2023-02,,주택업체,국민임대,광주,0
2023-02,,주택업체,국민임대,대전,0
2023-02,,주택업체,국민임대,울산,0
2023-02,,주택업체,국민임대,세종,0
2023-02,,주택업체,국민임대,강원,0
2023-02,,주택업체,국민임대,충북,0
2023-02,,주택업체,국민임대,충남,0
2023-02,,주택업체,국민임대,전북,0
2023-02,,주택업체,국민임대,전남,0
2023-02,,주택업체,국민임대,경북,0
2023-02,,주택업체,국민임대,경남,0
2023-02,,주택업체,국민임대,제주,0
2023-02,,주택업체,공공임대,전국,756
2023-02,,주택업체,공공임대,서울,432
2023-02,,주택업체,공공임대,인천,0
2023-02,,주택업체,공공임대,경기,0
2023-02,,주택업체,공공임대,부산,0
2023-02,,주택업체,공공임대,대구,0
2023-02,,주택업체,공공임대,광주,0
2023-02,,주택업체,공공임대,대전,324
2023-02,,주택업체,공공임대,울산,0
2023-02,,주택업체,공공임대,세종,0
2023-02,,주택업체,공공임대,강원,0
2023-02,,주택업체,공공임대,충북,0
2023-02,,주택업체,공공임대,충남,0
2023-02,,주택업체,공공임대,전북,0
2023-02,,주택업체,공공임대,전남,0
2023-02,,주택업체,공공임대,경북,0
2023-02,,주택업체,공공임대,경남,0
2023-02,,주택업체,공공임대,제주,0
2023-02,,주택업체,공공분양,전국,0
2023-02,,주택업체,공공분양,서울,0
2023-02,,주택업체,공공분양,인천,0
2023-02,,주택업체,공공분양,경기,0
2023-02,,주택업체,공공분양,부산,0
2023-02,,주택업체,공공분양,대구,0
2023-02,,주택업체,공공분양,광주,0
2023-02,,주택업체,공공분양,대전,0
2023-02,,주택업체,공공분양,울산,0
2023-02,,주택업체,공공분양,세종,0
2023-02,,주택업체,공공분양,강원,0
2023-02,,주택업체,공공분양,충북,0
2023-02,,주택업체,공공분양,충남,0
2023-02,,주택업체,공공분양,전북,0
2023-02,,주택업체,공공분양,전남,0
2023-02,,주택업체,공공분양,경북,0
2023-02,,주택업체,공공분양,경남,0
2023-02,,주택업체,공공분양,제주,0
2023-02,,민간부문,민간부문,전국,56225
2023-02,,민간부문,민간부문,서울,7930
2023-02,,민간부문,민간부문,인천,3403
2023-02,,민간부문,민간부문,경기,10905
2023-02,,민간부문,민간부문,부산,5318
2023-02,,민간부문,민간부문,대구,1922
2023-02,,민간부문,민간부문,광주,998
2023-02,,민간부문,민간부문,대전,2375
2023-02,,민간부문,민간부문,울산,2089
2023-02,,민간부문,민간부문,세종,53
2023-02,,민간부문,민간부문,강원,2315
2023-02,,민간부문,민간부문,충북,777
2023-02,,민간부문,민간부문,충남,5682
2023-02,,민간부문,민간부문,전북,4161
2023-02,,민간부문,민간부문,전남,1435
2023-02,,민간부문,민간부문,경북,5118
2023-02,,민간부문,민간부문,경남,1070
2023-02,,민간부문,민간부문,제주,674
2023-02,,민간,민간임대,전국,3045
2023-02,,민간,민간임대,서울,813
2023-02,,민간,민간임대,인천,0
2023-02,,민간,민간임대,경기,1046
2023-02,,민간,민간임대,부산,0
2023-02,,민간,민간임대,대구,0
2023-02,,민간,민간임대,광주,0
2023-02,,민간,민간임대,대전,0
2023-02,,민간,민간임대,울산,0
2023-02,,민간,민간임대,세종,0
2023-02,,민간,민간임대,강원,0
2023-02,,민간,민간임대,충북,414
2023-02,,민간,민간임대,충남,0
2023-02,,민간,민간임대,전북,772
2023-02,,민간,민간임대,전남,0
2023-02,,민간,민간임대,경북,0
2023-02,,민간,민간임대,경남,0
2023-02,,민간,민간임대,제주,0
2023-02,,민간,민간분양,전국,53180
2023-02,,민간,민간분양,서울,7117
2023-02,,민간,민간분양,인천,3403
2023-02,,민간,민간분양,경기,9859
2023-02,,민간,민간분양,부산,5318
2023-02,,민간,민간분양,대구,1922
2023-02,,민간,민간분양,광주,998
2023-02,,민간,민간분양,대전,2375
2023-02,,민간,민간분양,울산,2089
2023-02,,민간,민간분양,세종,53
2023-02,,민간,민간분양,강원,2315
2023-02,,민간,민간분양,충북,363
2023-02,,민간,민간분양,충남,5682
2023-02,,민간,민간분양,전북,3389
2023-02,,민간,민간분양,전남,1435
2023-02,,민간,민간분양,경북,5118
2023-02,,민간,민간분양,경남,1070
2023-02,,민간,민간분양,제주,674
2023-03,,총계,총계,전국,93522
2023-03,,총계,총계,서울,12786
2023-03,,총계,총계,인천,3858
2023-03,,총계,총계,경기,18038
2023-03,,총계,총계,부산,6906
2023-03,,총계,총계,대구,1946
2023-03,,총계,총계,광주,1916
2023-03,,총계,총계,대전,6962
2023-03,,총계,총계,울산,3733
2023-03,,총계,총계,세종,72
2023-03,,총계,총계,강원,4759
2023-03,,총계,총계,충북,2547
2023-03,,총계,총계,충남,10413
2023-03,,총계,총계,전북,5321
2023-03,,총계,총계,전남,2273
2023-03,,총계,총계,경북,6868
2023-03,,총계,총계,경남,3952
2023-03,,총계,총계,제주,1172
2023-03,,공공부문,공공부문,전국,3412
2023-03,,공공부문,공공부문,서울,564
2023-03,,공공부문,공공부문,인천,0
2023-03,,공공부문,공공부문,경기,1849
2023-03,,공공부문,공공부문,부산,363
2023-03,,공공부문,공공부문,대구,0
2023-03,,공공부문,공공부문,광주,0
2023-03,,공공부문,공공부문,대전,324
2023-03,,공공부문,공공부문,울산,0
2023-03,,공공부문,공공부문,세종,0
2023-03,,공공부문,공공부문,강원,0
2023-03,,공공부문,공공부문,충북,300
2023-03,,공공부문,공공부문,충남,0
2023-03,,공공부문,공공부문,전북,0
2023-03,,공공부문,공공부문,전남,0
2023-03,,공공부문,공공부문,경북,0
2023-03,,공공부문,공공부문,경남,0
2023-03,,공공부문,공공부문,제주,12
2023-03,,합,국민임대,전국,12
2023-03,,합,국민임대,서울,0
2023-03,,합,국민임대,인천,0
2023-03,,합,국민임대,경기,0
2023-03,,합,국민임대,부산,0
2023-03,,합,국민임대,대구,0
2023-03,,합,국민임대,광주,0
2023-03,,합,국민임대,대전,0
2023-03,,합,국민임대,울산,0
2023-03,,합,국민임대,세종,0
2023-03,,합,국민임대,강원,0
2023-03,,합,국민임대,충북,0
2023-03,,합,국민임대,충남,0
2023-03,,합,국민임대,전북,0
2023-03,,합,국민임대,전남,0
2023-03,,합,국민임대,경북,0
2023-03,,합,국민임대,경남,0
2023-03,,합,국민임대,제주,12
2023-03,,합,공공임대,전국,1960
2023-03,,합,공공임대,서울,564
2023-03,,합,공공임대,인천,0
2023-03,,합,공공임대,경기,772
2023-03,,합,공공임대,부산,0
2023-03,,합,공공임대,대구,0
2023-03,,합,공공임대,광주,0
2023-03,,합,공공임대,대전,324
2023-03,,합,공공임대,울산,0
2023-03,,합,공공임대,세종,0
2023-03,,합,공공임대,강원,0
2023-03,,합,공공임대,충북,300
2023-03,,합,공공임대,충남,0
2023-03,,합,공공임대,전북,0
2023-03,,합,공공임대,전남,0
2023-03,,합,공공임대,경북,0
2023-03,,합,공공임대,경남,0
2023-03,,합,공공임대,제주,0
2023-03,,합,공공분양,전국,1440
2023-03,,합,공공분양,서울,0
2023-03,,합,공공분양,인천,0
2023-03,,합,공공분양,경기,1077
2023-03,,합,공공분양,부산,363
2023-03,,합,공공분양,대구,0
2023-03,,합,공공분양,광주,0
2023-03,,합,공공분양,대전,0
2023-03,,합,공공분양,울산,0
2023-03,,합,공공분양,세종,0
2023-03,,합,공공분양,강원,0
2023-03,,합,공공분양,충북,0
2023-03,,합,공공분양,충남,0
2023-03,,합,공공분양,전북,0
2023-03,,합,공공분양,전남,0
2023-03,,합,공공분양,경북,0
2023-03,,합,공공분양,경남,0
2023-03,,합,공공분양,제주,0
2023-03,,지자체,소계,전국,144
2023-03,,지자체,소계,서울,132
2023-03,,지자체,소계,인천,0
2023-03,,지자체,소계,경기,0
2023-03,,지자체,소계,부산,0
2023-03,,지자체,소계,대구,0
2023-03,,지자체,소계,광주,0
2023-03,,지자체,소계,대전,0
2023-03,,지자체,소계,울산,0
2023-03,,지자체,소계,세종,0
2023-03,,지자체,소계,강원,0
2023-03,,지자체,소계,충북,0
2023-03,,지자체,소계,충남,0
2023-03,,지자체,소계,전북,0
2023-03,,지자체,소계,전남,0
2023-03,,지자체,소계,경북,0
2023-03,,지자체,소계,경남,0
2023-03,,지자체,소계,제주,12
2023-03,,지자체,국민임대,전국,12
2023-03,,지자체,국민임대,서울,0
2023-03,,지자체,국민임대,인천,0
2023-03,,지자체,국민임대,경기,0
2023-03,,지자체,국민임대,부산,0
2023-03,,지자체,국민임대,대구,0
2023-03,,지자체,국민임대,광주,0
2023-03,,지자체,국민임대,대전,0
2023-03,,지자체,국민임대,울산,0
2023-03,,지자체,국민임대,세종,0
2023-03,,지자체,국민임대,강원,0
2023-03,,지자체,국민임대,충북,0
2023-03,,지자체,국민임대,충남,0
2023-03,,지자체,국민임대,전북,0
2023-03,,지자체,국민임대,전남,0
2023-03,,지자체,국민임대,경북,0
2023-03,,지자체,국민임대,경남,0
2023-03,,지자체,국민임대,제주,12
2023-03,,지자체,공공임대,전국,132
2023-03,,지자체,공공임대,서울,132
2023-03,,지자체,공공임대,인천,0
2023-03,,지자체,공공임대,경기,0
2023-03,,지자체,공공임대,부산,0
2023-03,,지자체,공공임대,대구,0
2023-03,,지자체,공공임대,광주,0
2023-03,,지자체,공공임대,대전,0
2023-03,,지자체,공공임대,울산,0
2023-03,,지자체,공공임대,세종,0
2023-03,,지자체,공공임대,강원,0
2023-03,,지자체,공공임대,충북,0
2023-03,,지자체,공공임대,충남,0
2023-03,,지자체,공공임대,전북,0
2023-03,,지자체,공공임대,전남,0
2023-03,,지자체,공공임대,경북,0
2023-03,,지자체,공공임대,경남,0
2023-03,,지자체,공공임대,제주,0
2023-03,,지자체,공공분양,전국,0
2023-03,,지자체,공공분양,서울,0
2023-03,,지자체,공공분양,인천,0
2023-03,,지자체,공공분양,경기,0
2023-03,,지자체,공공분양,부산,0
2023-03,,지자체,공공분양,대구,0
2023-03,,지자체,공공분양,광주,0
2023-03,,지자체,공공분양,대전,0
2023-03,,지자체,공공분양,울산,0
2023-03,,지자체,공공분양,세종,0
2023-03,,지자체,공공분양,강원,0
2023-03,,지자체,공공분양,충북,0
2023-03,,지자체,공공분양,충남,0
2023-03,,지자체,공공분양,전북,0
2023-03,,지자체,공공분양,전남,0
2023-03,,지자체,공공분양,경북,0
2023-03,,지자체,공공분양,경남,0
2023-03,,지자체,공공분양,제주,0
2023-03,,LH,소계,전국,2512
2023-03,,LH,소계,서울,0
2023-03,,LH,소계,인천,0
2023-03,,LH,소계,경기,1849
2023-03,,LH,소계,부산,363
2023-03,,LH,소계,대구,0
2023-03,,LH,소계,광주,0
2023-03,,LH,소계,대전,0
2023-03,,LH,소계,울산,0
2023-03,,LH,소계,세종,0
2023-03,,LH,소계,강원,0
2023-03,,LH,소계,충북,300
2023-03,,LH,소계,충남,0
2023-03,,LH,소계,전북,0
2023-03,,LH,소계,전남,0
2023-03,,LH,소계,경북,0
2023-03,,LH,소계,경남,0
2023-03,,LH,소계,제주,0
2023-03,,LH,국민임대,전국,0
2023-03,,LH,국민임대,서울,0
2023-03,,LH,국민임대,인천,0
2023-03,,LH,국민임대,경기,0
2023-03,,LH,국민임대,부산,0
2023-03,,LH,국민임대,대구,0
2023-03,,LH,국민임대,광주,0
2023-03,,LH,국민임대,대전,0
2023-03,,LH,국민임대,울산,0
2023-03,,LH,국민임대,세종,0
2023-03,,LH,국민임대,강원,0
2023-03,,LH,국민임대,충북,0
2023-03,,LH,국민임대,충남,0
2023-03,,LH,국민임대,전북,0
2023-03,,LH,국민임대,전남,0
2023-03,,LH,국민임대,경북,0
2023-03,,LH,국민임대,경남,0
2023-03,,LH,국민임대,제주,0
2023-03,,LH,공공임대,전국,1072
2023-03,,LH,공공임대,서울,0
2023-03,,LH,공공임대,인천,0
2023-03,,LH,공공임대,경기,772
2023-03,,LH,공공임대,부산,0
2023-03,,LH,공공임대,대구,0
2023-03,,LH,공공임대,광주,0
2023-03,,LH,공공임대,대전,0
2023-03,,LH,공공임대,울산,0
2023-03,,LH,공공임대,세종,0
2023-03,,LH,공공임대,강원,0
2023-03,,LH,공공임대,충북,300
2023-03,,LH,공공임대,충남,0
2023-03,,LH,공공임대,전북,0
2023-03,,LH,공공임대,전남,0
2023-03,,LH,공공임대,경북,0
2023-03,,LH,공공임대,경남,0
2023-03,,LH,공공임대,제주,0
2023-03,,LH,공공분양,전국,1440
2023-03,,LH,공공분양,서울,0
2023-03,,LH,공공분양,인천,0
2023-03,,LH,공공분양,경기,1077
2023-03,,LH,공공분양,부산,363
2023-03,,LH,공공분양,대구,0
2023-03,,LH,공공분양,광주,0
2023-03,,LH,공공분양,대전,0
2023-03,,LH,공공분양,울산,0
2023-03,,LH,공공분양,세종,0
2023-03,,LH,공공분양,강원,0
2023-03,,LH,공공분양,충북,0
2023-03,,LH,공공분양,충남,0
2023-03,,LH,공공분양,전북,0
2023-03,,LH,공공분양,전남,0
2023-03,,LH,공공분양,경북,0
2023-03,,LH,공공분양,경남,0
2023-03,,LH,공공분양,제주,0
2023-03,,주택업체,소계,전국,756
2023-03,,주택업체,소계,서울,432
2023-03,,주택업체,소계,인천,0
2023-03,,주택업체,소계,경기,0
2023-03,,주택업체,소계,부산,0
2023-03,,주택업체,소계,대구,0
2023-03,,주택업체,소계,광주,0
2023-03,,주택업체,소계,대전,324
2023-03,,주택업체,소계,울산,0
2023-03,,주택업체,소계,세종,0
2023-03,,주택업체,소계,강원,0
2023-03,,주택업체,소계,충북,0
2023-03,,주택업체,소계,충남,0
2023-03,,주택업체,소계,전북,0
2023-03,,주택업체,소계,전남,0
2023-03,,주택업체,소계,경북,0
2023-03,,주택업체,소계,경남,0
2023-03,,주택업체,소계,제주,0
2023-03,,주택업체,국민임대,전국,0
2023-03,,주택업체,국민임대,서울,0
2023-03,,주택업체,국민임대,인천,0
2023-03,,주택업체,국민임대,경기,0
2023-03,,주택업체,국민임대,부산,0
2023-03,,주택업체,국민임대,대구,0
2023-03,,주택업체,국민임대,광주,0
2023-03,,주택업체,국민임대,대전,0
2023-03,,주택업체,국민임대,울산,0
2023-03,,주택업체,국민임대,세종,0
2023-03,,주택업체,국민임대,강원,0
2023-03,,주택업체,국민임대,충북,0
2023-03,,주택업체,국민임대,충남,0
2023-03,,주택업체,국민임대,전북,0
2023-03,,주택업체,국민임대,전남,0
2023-03,,주택업체,국민임대,경북,0
2023-03,,주택업체,국민임대,경남,0
2023-03,,주택업체,국민임대,제주,0
2023-03,,주택업체,공공임대,전국,756
2023-03,,주택업체,공공임대,서울,432
2023-03,,주택업체,공공임대,인천,0
2023-03,,주택업체,공공임대,경기,0
2023-03,,주택업체,공공임대,부산,0
2023-03,,주택업체,공공임대,대구,0
2023-03,,주택업체,공공임대,광주,0
2023-03,,주택업체,공공임대,대전,324
2023-03,,주택업체,공공임대,울산,0
2023-03,,주택업체,공공임대,세종,0
2023-03,,주택업체,공공임대,강원,0
2023-03,,주택업체,공공임대,충북,0
2023-03,,주택업체,공공임대,충남,0
2023-03,,주택업체,공공임대,전북,0
2023-03,,주택업체,공공임대,전남,0
2023-03,,주택업체,공공임대,경북,0
2023-03,,주택업체,공공임대,경남,0
2023-03,,주택업체,공공임대,제주,0
2023-03,,주택업체,공공분양,전국,0
2023-03,,주택업체,공공분양,서울,0
2023-03,,주택업체,공공분양,인천,0
2023-03,,주택업체,공공분양,경기,0
2023-03,,주택업체,공공분양,부산,0
2023-03,,주택업체,공공분양,대구,0
2023-03,,주택업체,공공분양,광주,0
2023-03,,주택업체,공공분양,대전,0
2023-03,,주택업체,공공분양,울산,0
2023-03,,주택업체,공공분양,세종,0
2023-03,,주택업체,공공분양,강원,0
2023-03,,주택업체,공공분양,충북,0
2023-03,,주택업체,공공분양,충남,0
2023-03,,주택업체,공공분양,전북,0
2023-03,,주택업체,공공분양,전남,0
2023-03,,주택업체,공공분양,경북,0
2023-03,,주택업체,공공분양,경남,0
2023-03,,주택업체,공공분양,제주,0
2023-03,,민간부문,민간부문,전국,90110
2023-03,,민간부문,민간부문,서울,12222
2023-03,,민간부문,민간부문,인천,3858
2023-03,,민간부문,민간부문,경기,16189
2023-03,,민간부문,민간부문,부산,6543
2023-03,,민간부문,민간부문,대구,1946
2023-03,,민간부문,민간부문,광주,1916
2023-03,,민간부문,민간부문,대전,6638
2023-03,,민간부문,민간부문,울산,3733
2023-03,,민간부문,민간부문,세종,72
2023-03,,민간부문,민간부문,강원,4759
2023-03,,민간부문,민간부문,충북,2247
2023-03,,민간부문,민간부문,충남,10413
2023-03,,민간부문,민간부문,전북,5321
2023-03,,민간부문,민간부문,전남,2273
2023-03,,민간부문,민간부문,경북,6868
2023-03,,민간부문,민간부문,경남,3952
2023-03,,민간부문,민간부문,제주,1160
2023-03,,민간,민간임대,전국,5947
2023-03,,민간,민간임대,서울,813
2023-03,,민간,민간임대,인천,0
2023-03,,민간,민간임대,경기,1046
2023-03,,민간,민간임대,부산,90
2023-03,,민간,민간임대,대구,0
2023-03,,민간,민간임대,광주,0
2023-03,,민간,민간임대,대전,0
2023-03,,민간,민간임대,울산,0
2023-03,,민간,민간임대,세종,0
2023-03,,민간,민간임대,강원,0
2023-03,,민간,민간임대,충북,414
2023-03,,민간,민간임대,충남,232
2023-03,,민간,민간임대,전북,912
2023-03,,민간,민간임대,전남,626
2023-03,,민간,민간임대,경북,0
2023-03,,민간,민간임대,경남,1814
2023-03,,민간,민간임대,제주,0
2023-03,,민간,민간분양,전국,84163
2023-03,,민간,민간분양,서울,11409
2023-03,,민간,민간분양,인천,3858
2023-03,,민간,민간분양,경기,15143
2023-03,,민간,민간분양,부산,6453
2023-03,,민간,민간분양,대구,1946
2023-03,,민간,민간분양,광주,1916
2023-03,,민간,민간분양,대전,6638
2023-03,,민간,민간분양,울산,3733
2023-03,,민간,민간분양,세종,72
2023-03,,민간,민간분양,강원,4759
2023-03,,민간,민간분양,충북,1833
2023-03,,민간,민간분양,충남,10181
2023-03,,민간,민간분양,전북,4409
2023-03,,민간,민간분양,전남,1647
2023-03,,민간,민간분양,경북,6868
2023-03,,민간,민간분양,경남,2138
2023-03,,민간,민간분양,제주,1160
2023-04,,총계,총계,전국,127775
2023-04,,총계,총계,서울,15226
2023-04,,총계,총계,인천,5729
2023-04,,총계,총계,경기,27293
2023-04,,총계,총계,부산,8406
2023-04,,총계,총계,대구,6090
2023-04,,총계,총계,광주,2516
2023-04,,총계,총계,대전,9124
2023-04,,총계,총계,울산,5985
2023-04,,총계,총계,세종,79
2023-04,,총계,총계,강원,5251
2023-04,,총계,총계,충북,3672
2023-04,,총계,총계,충남,12247
2023-04,,총계,총계,전북,6233
2023-04,,총계,총계,전남,4642
2023-04,,총계,총계,경북,8774
2023-04,,총계,총계,경남,4622
2023-04,,총계,총계,제주,1886
2023-04,,공공부문,공공부문,전국,5266
2023-04,,공공부문,공공부문,서울,564
2023-04,,공공부문,공공부문,인천,0
2023-04,,공공부문,공공부문,경기,1849
2023-04,,공공부문,공공부문,부산,363
2023-04,,공공부문,공공부문,대구,0
2023-04,,공공부문,공공부문,광주,0
2023-04,,공공부문,공공부문,대전,2152
2023-04,,공공부문,공공부문,울산,0
2023-04,,공공부문,공공부문,세종,0
2023-04,,공공부문,공공부문,강원,0
2023-04,,공공부문,공공부문,충북,300
2023-04,,공공부문,공공부문,충남,0
2023-04,,공공부문,공공부문,전북,0
2023-04,,공공부문,공공부문,전남,0
2023-04,,공공부문,공공부문,경북,0
2023-04,,공공부문,공공부문,경남,0
2023-04,,공공부문,공공부문,제주,38
2023-04,,합,국민임대,전국,38
2023-04,,합,국민임대,서울,0
2023-04,,합,국민임대,인천,0
2023-04,,합,국민임대,경기,0
2023-04,,합,국민임대,부산,0
2023-04,,합,국민임대,대구,0
2023-04,,합,국민임대,광주,0
2023-04,,합,국민임대,대전,0
2023-04,,합,국민임대,울산,0
2023-04,,합,국민임대,세종,0
2023-04,,합,국민임대,강원,0
2023-04,,합,국민임대,충북,0
2023-04,,합,국민임대,충남,0
2023-04,,합,국민임대,전북,0
2023-04,,합,국민임대,전남,0
2023-04,,합,국민임대,경북,0
2023-04,,합,국민임대,경남,0
2023-04,,합,국민임대,제주,38
2023-04,,합,공공임대,전국,2658
2023-04,,합,공공임대,서울,564
2023-04,,합,공공임대,인천,0
2023-04,,합,공공임대,경기,772
2023-04,,합,공공임대,부산,0
2023-04,,합,공공임대,대구,0
2023-04,,합,공공임대,광주,0
2023-04,,합,공공임대,대전,1022
2023-04,,합,공공임대,울산,0
2023-04,,합,공공임대,세종,0
2023-04,,합,공공임대,강원,0
2023-04,,합,공공임대,충북,300
2023-04,,합,공공임대,충남,0
2023-04,,합,공공임대,전북,0
2023-04,,합,공공임대,전남,0
2023-04,,합,공공임대,경북,0
2023-04,,합,공공임대,경남,0
2023-04,,합,공공임대,제주,0
2023-04,,합,공공분양,전국,2570
2023-04,,합,공공분양,서울,0
2023-04,,합,공공분양,인천,0
2023-04,,합,공공분양,경기,1077
2023-04,,합,공공분양,부산,363
2023-04,,합,공공분양,대구,0
2023-04,,합,공공분양,광주,0
2023-04,,합,공공분양,대전,1130
2023-04,,합,공공분양,울산,0
2023-04,,합,공공분양,세종,0
2023-04,,합,공공분양,강원,0
2023-04,,합,공공분양,충북,0
2023-04,,합,공공분양,충남,0
2023-04,,합,공공분양,전북,0
2023-04,,합,공공분양,전남,0
2023-04,,합,공공분양,경북,0
2023-04,,합,공공분양,경남,0
2023-04,,합,공공분양,제주,0
2023-04,,지자체,소계,전국,155
2023-04,,지자체,소계,서울,132
2023-04,,지자체,소계,인천,0
2023-04,,지자체,소계,경기,0
2023-04,,지자체,소계,부산,0
2023-04,,지자체,소계,대구,0
2023-04,,지자체,소계,광주,0
2023-04,,지자체,소계,대전,0
2023-04,,지자체,소계,울산,0
2023-04,,지자체,소계,세종,0
2023-04,,지자체,소계,강원,0
2023-04,,지자체,소계,충북,0
2023-04,,지자체,소계,충남,0
2023-04,,지자체,소계,전북,0
2023-04,,지자체,소계,전남,0
2023-04,,지자체,소계,경북,0
2023-04,,지자체,소계,경남,0
2023-04,,지자체,소계,제주,23
2023-04,,지자체,국민임대,전국,23
2023-04,,지자체,국민임대,서울,0
2023-04,,지자체,국민임대,인천,0
2023-04,,지자체,국민임대,경기,0
2023-04,,지자체,국민임대,부산,0
2023-04,,지자체,국민임대,대구,0
2023-04,,지자체,국민임대,광주,0
2023-04,,지자체,국민임대,대전,0
2023-04,,지자체,국민임대,울산,0
2023-04,,지자체,국민임대,세종,0
2023-04,,지자체,국민임대,강원,0
2023-04,,지자체,국민임대,충북,0
2023-04,,지자체,국민임대,충남,0
2023-04,,지자체,국민임대,전북,0
2023-04,,지자체,국민임대,전남,0
2023-04,,지자체,국민임대,경북,0
2023-04,,지자체,국민임대,경남,0
2023-04,,지자체,국민임대,제주,23
2023-04,,지자체,공공임대,전국,132
2023-04,,지자체,공공임대,서울,132
2023-04,,지자체,공공임대,인천,0
2023-04,,지자체,공공임대,경기,0
2023-04,,지자체,공공임대,부산,0
2023-04,,지자체,공공임대,대구,0
2023-04,,지자체,공공임대,광주,0
2023-04,,지자체,공공임대,대전,0
2023-04,,지자체,공공임대,울산,0
2023-04,,지자체,공공임대,세종,0
2023-04,,지자체,공공임대,강원,0
2023-04,,지자체,공공임대,충북,0
2023-04,,지자체,공공임대,충남,0
2023-04,,지자체,공공임대,전북,0
2023-04,,지자체,공공임대,전남,0
2023-04,,지자체,공공임대,경북,0
2023-04,,지자체,공공임대,경남,0
2023-04,,지자체,공공임대,제주,0
2023-04,,지자체,공공분양,전국,0
2023-04,,지자체,공공분양,서울,0
2023-04,,지자체,공공분양,인천,0
2023-04,,지자체,공공분양,경기,0
2023-04,,지자체,공공분양,부산,0
2023-04,,지자체,공공분양,대구,0
2023-04,,지자체,공공분양,광주,0
2023-04,,지자체,공공분양,대전,0
2023-04,,지자체,공공분양,울산,0
2023-04,,지자체,공공분양,세종,0
2023-04,,지자체,공공분양,강원,0
2023-04,,지자체,공공분양,충북,0
2023-04,,지자체,공공분양,충남,0
2023-04,,지자체,공공분양,전북,0
2023-04,,지자체,공공분양,전남,0
2023-04,,지자체,공공분양,경북,0
2023-04,,지자체,공공분양,경남,0
2023-04,,지자체,공공분양,제주,0
2023-04,,LH,소계,전국,4294
2023-04,,LH,소계,서울,0
2023-04,,LH,소계,인천,0
2023-04,,LH,소계,경기,1849
2023-04,,LH,소계,부산,363
2023-04,,LH,소계,대구,0
2023-04,,LH,소계,광주,0
2023-04,,LH,소계,대전,1782
2023-04,,LH,소계,울산,0
2023-04,,LH,소계,세종,0
2023-04,,LH,소계,강원,0
2023-04,,LH,소계,충북,300
2023-04,,LH,소계,충남,0
2023-04,,LH,소계,전북,0
2023-04,,LH,소계,전남,0
2023-04,,LH,소계,경북,0
2023-04,,LH,소계,경남,0
2023-04,,LH,소계,제주,0
2023-04,,LH,국민임대,전국,0
2023-04,,LH,국민임대,서울,0
2023-04,,LH,국민임대,인천,0
2023-04,,LH,국민임대,경기,0
2023-04,,LH,국민임대,부산,0
2023-04,,LH,국민임대,대구,0
2023-04,,LH,국민임대,광주,0
2023-04,,LH,국민임대,대전,0
2023-04,,LH,국민임대,울산,0
2023-04,,LH,국민임대,세종,0
2023-04,,LH,국민임대,강원,0
2023-04,,LH,국민임대,충북,0
2023-04,,LH,국민임대,충남,0
2023-04,,LH,국민임대,전북,0
2023-04,,LH,국민임대,전남,0
2023-04,,LH,국민임대,경북,0
2023-04,,LH,국민임대,경남,0
2023-04,,LH,국민임대,제주,0
2023-04,,LH,공공임대,전국,1724
2023-04,,LH,공공임대,서울,0
2023-04,,LH,공공임대,인천,0
2023-04,,LH,공공임대,경기,772
2023-04,,LH,공공임대,부산,0
2023-04,,LH,공공임대,대구,0
2023-04,,LH,공공임대,광주,0
2023-04,,LH,공공임대,대전,652
2023-04,,LH,공공임대,울산,0
2023-04,,LH,공공임대,세종,0
2023-04,,LH,공공임대,강원,0
2023-04,,LH,공공임대,충북,300
2023-04,,LH,공공임대,충남,0
2023-04,,LH,공공임대,전북,0
2023-04,,LH,공공임대,전남,0
2023-04,,LH,공공임대,경북,0
2023-04,,LH,공공임대,경남,0
2023-04,,LH,공공임대,제주,0
2023-04,,LH,공공분양,전국,2570
2023-04,,LH,공공분양,서울,0
2023-04,,LH,공공분양,인천,0
2023-04,,LH,공공분양,경기,1077
2023-04,,LH,공공분양,부산,363
2023-04,,LH,공공분양,대구,0
2023-04,,LH,공공분양,광주,0
2023-04,,LH,공공분양,대전,1130
2023-04,,LH,공공분양,울산,0
2023-04,,LH,공공분양,세종,0
2023-04,,LH,공공분양,강원,0
2023-04,,LH,공공분양,충북,0
2023-04,,LH,공공분양,충남,0
2023-04,,LH,공공분양,전북,0
2023-04,,LH,공공분양,전남,0
2023-04,,LH,공공분양,경북,0
2023-04,,LH,공공분양,경남,0
2023-04,,LH,공공분양,제주,0
2023-04,,주택업체,소계,전국,817
2023-04,,주택업체,소계,서울,432
2023-04,,주택업체,소계,인천,0
2023-04,,주택업체,소계,경기,0
2023-04,,주택업체,소계,부산,0
2023-04,,주택업체,소계,대구,0
2023-04,,주택업체,소계,광주,0
2023-04,,주택업체,소계,대전,370
2023-04,,주택업체,소계,울산,0
2023-04,,주택업체,소계,세종,0
2023-04,,주택업체,소계,강원,0
2023-04,,주택업체,소계,충북,0
2023-04,,주택업체,소계,충남,0
2023-04,,주택업체,소계,전북,0
2023-04,,주택업체,소계,전남,0
2023-04,,주택업체,소계,경북,0
2023-04,,주택업체,소계,경남,0
2023-04,,주택업체,소계,제주,15
2023-04,,주택업체,국민임대,전국,15
2023-04,,주택업체,국민임대,서울,0
2023-04,,주택업체,국민임대,인천,0
2023-04,,주택업체,국민임대,경기,0
2023-04,,주택업체,국민임대,부산,0
2023-04,,주택업체,국민임대,대구,0
2023-04,,주택업체,국민임대,광주,0
2023-04,,주택업체,국민임대,대전,0
2023-04,,주택업체,국민임대,울산,0
2023-04,,주택업체,국민임대,세종,0
2023-04,,주택업체,국민임대,강원,0
2023-04,,주택업체,국민임대,충북,0
2023-04,,주택업체,국민임대,충남,0
2023-04,,주택업체,국민임대,전북,0
2023-04,,주택업체,국민임대,전남,0
2023-04,,주택업체,국민임대,경북,0
2023-04,,주택업체,국민임대,경남,0
2023-04,,주택업체,국민임대,제주,15
2023-04,,주택업체,공공임대,전국,802
2023-04,,주택업체,공공임대,서울,432
2023-04,,주택업체,공공임대,인천,0
2023-04,,주택업체,공공임대,경기,0
2023-04,,주택업체,공공임대,부산,0
2023-04,,주택업체,공공임대,대구,0
2023-04,,주택업체,공공임대,광주,0
2023-04,,주택업체,공공임대,대전,370
2023-04,,주택업체,공공임대,울산,0
2023-04,,주택업체,공공임대,세종,0
2023-04,,주택업체,공공임대,강원,0
2023-04,,주택업체,공공임대,충북,0
2023-04,,주택업체,공공임대,충남,0
2023-04,,주택업체,공공임대,전북,0
2023-04,,주택업체,공공임대,전남,0
2023-04,,주택업체,공공임대,경북,0
2023-04,,주택업체,공공임대,경남,0
2023-04,,주택업체,공공임대,제주,0
2023-04,,주택업체,공공분양,전국,0
2023-04,,주택업체,공공분양,서울,0
2023-04,,주택업체,공공분양,인천,0
2023-04,,주택업체,공공분양,경기,0
2023-04,,주택업체,공공분양,부산,0
2023-04,,주택업체,공공분양,대구,0
2023-04,,주택업체,공공분양,광주,0
2023-04,,주택업체,공공분양,대전,0
2023-04,,주택업체,공공분양,울산,0
2023-04,,주택업체,공공분양,세종,0
2023-04,,주택업체,공공분양,강원,0
2023-04,,주택업체,공공분양,충북,0
2023-04,,주택업체,공공분양,충남,0
2023-04,,주택업체,공공분양,전북,0
2023-04,,주택업체,공공분양,전남,0
2023-04,,주택업체,공공분양,경북,0
2023-04,,주택업체,공공분양,경남,0
2023-04,,주택업체,공공분양,제주,0
2023-04,,민간부문,민간부문,전국,122509
2023-04,,민간부문,민간부문,서울,14662
2023-04,,민간부문,민간부문,인천,5729
2023-04,,민간부문,민간부문,경기,25444
2023-04,,민간부문,민간부문,부산,8043
2023-04,,민간부문,민간부문,대구,6090
2023-04,,민간부문,민간부문,광주,2516
2023-04,,민간부문,민간부문,대전,6972
2023-04,,민간부문,민간부문,울산,5985
2023-04,,민간부문,민간부문,세종,79
2023-04,,민간부문,민간부문,강원,5251
2023-04,,민간부문,민간부문,충북,3372
2023-04,,민간부문,민간부문,충남,12247
2023-04,,민간부문,민간부문,전북,6233
2023-04,,민간부문,민간부문,전남,4642
2023-04,,민간부문,민간부문,경북,8774
2023-04,,민간부문,민간부문,경남,4622
2023-04,,민간부문,민간부문,제주,1848
2023-04,,민간,민간임대,전국,10060
2023-04,,민간,민간임대,서울,2016
2023-04,,민간,민간임대,인천,0
2023-04,,민간,민간임대,경기,1046
2023-04,,민간,민간임대,부산,90
2023-04,,민간,민간임대,대구,0
2023-04,,민간,민간임대,광주,0
2023-04,,민간,민간임대,대전,0
2023-04,,민간,민간임대,울산,0
2023-04,,민간,민간임대,세종,0
2023-04,,민간,민간임대,강원,0
2023-04,,민간,민간임대,충북,414
2023-04,,민간,민간임대,충남,646
2023-04,,민간,민간임대,전북,912
2023-04,,민간,민간임대,전남,1054
2023-04,,민간,민간임대,경북,1163
2023-04,,민간,민간임대,경남,2279
2023-04,,민간,민간임대,제주,440
2023-04,,민간,민간분양,전국,112449
2023-04,,민간,민간분양,서울,12646
2023-04,,민간,민간분양,인천,5729
2023-04,,민간,민간분양,경기,24398
2023-04,,민간,민간분양,부산,7953
2023-04,,민간,민간분양,대구,6090
2023-04,,민간,민간분양,광주,2516
2023-04,,민간,민간분양,대전,6972
2023-04,,민간,민간분양,울산,5985
2023-04,,민간,민간분양,세종,79
2023-04,,민간,민간분양,강원,5251
2023-04,,민간,민간분양,충북,2958
2023-04,,민간,민간분양,충남,11601
2023-04,,민간,민간분양,전북,5321
2023-04,,민간,민간분양,전남,3588
2023-04,,민간,민간분양,경북,7611
2023-04,,민간,민간분양,경남,2343
2023-04,,민간,민간분양,제주,1408
2023-05,,총계,총계,전국,162824
2023-05,,총계,총계,서울,16200
2023-05,,총계,총계,인천,8948
2023-05,,총계,총계,경기,39325
2023-05,,총계,총계,부산,10407
2023-05,,총계,총계,대구,6614
2023-05,,총계,총계,광주,4406
2023-05,,총계,총계,대전,9157
2023-05,,총계,총계,울산,7070
2023-05,,총계,총계,세종,239
2023-05,,총계,총계,강원,6502
2023-05,,총계,총계,충북,4879
2023-05,,총계,총계,충남,13920
2023-05,,총계,총계,전북,6466
2023-05,,총계,총계,전남,7457
2023-05,,총계,총계,경북,11703
2023-05,,총계,총계,경남,7212
2023-05,,총계,총계,제주,2319
2023-05,,공공부문,공공부문,전국,5304
2023-05,,공공부문,공공부문,서울,564
2023-05,,공공부문,공공부문,인천,0
2023-05,,공공부문,공공부문,경기,1849
2023-05,,공공부문,공공부문,부산,363
2023-05,,공공부문,공공부문,대구,0
2023-05,,공공부문,공공부문,광주,0
2023-05,,공공부문,공공부문,대전,2152
2023-05,,공공부문,공공부문,울산,38
2023-05,,공공부문,공공부문,세종,0
2023-05,,공공부문,공공부문,강원,0
2023-05,,공공부문,공공부문,충북,300
2023-05,,공공부문,공공부문,충남,0
2023-05,,공공부문,공공부문,전북,0
2023-05,,공공부문,공공부문,전남,0
2023-05,,공공부문,공공부문,경북,0
2023-05,,공공부문,공공부문,경남,0
2023-05,,공공부문,공공부문,제주,38
2023-05,,합,국민임대,전국,38
2023-05,,합,국민임대,서울,0
2023-05,,합,국민임대,인천,0
2023-05,,합,국민임대,경기,0
2023-05,,합,국민임대,부산,0
2023-05,,합,국민임대,대구,0
2023-05,,합,국민임대,광주,0
2023-05,,합,국민임대,대전,0
2023-05,,합,국민임대,울산,0
2023-05,,합,국민임대,세종,0
2023-05,,합,국민임대,강원,0
2023-05,,합,국민임대,충북,0
2023-05,,합,국민임대,충남,0
2023-05,,합,국민임대,전북,0
2023-05,,합,국민임대,전남,0
2023-05,,합,국민임대,경북,0
2023-05,,합,국민임대,경남,0
2023-05,,합,국민임대,제주,38
2023-05,,합,공공임대,전국,2696
2023-05,,합,공공임대,서울,564
2023-05,,합,공공임대,인천,0
2023-05,,합,공공임대,경기,772
2023-05,,합,공공임대,부산,0
2023-05,,합,공공임대,대구,0
2023-05,,합,공공임대,광주,0
2023-05,,합,공공임대,대전,1022
2023-05,,합,공공임대,울산,38
2023-05,,합,공공임대,세종,0
2023-05,,합,공공임대,강원,0
2023-05,,합,공공임대,충북,300
2023-05,,합,공공임대,충남,0
2023-05,,합,공공임대,전북,0
2023-05,,합,공공임대,전남,0
2023-05,,합,공공임대,경북,0
2023-05,,합,공공임대,경남,0
2023-05,,합,공공임대,제주,0
2023-05,,합,공공분양,전국,2570
2023-05,,합,공공분양,서울,0
2023-05,,합,공공분양,인천,0
2023-05,,합,공공분양,경기,1077
2023-05,,합,공공분양,부산,363
2023-05,,합,공공분양,대구,0
2023-05,,합,공공분양,광주,0
2023-05,,합,공공분양,대전,1130
2023-05,,합,공공분양,울산,0
2023-05,,합,공공분양,세종,0
2023-05,,합,공공분양,강원,0
2023-05,,합,공공분양,충북,0
2023-05,,합,공공분양,충남,0
2023-05,,합,공공분양,전북,0
2023-05,,합,공공분양,전남,0
2023-05,,합,공공분양,경북,0
2023-05,,합,공공분양,경남,0
2023-05,,합,공공분양,제주,0
2023-05,,지자체,소계,전국,193
2023-05,,지자체,소계,서울,132
2023-05,,지자체,소계,인천,0
2023-05,,지자체,소계,경기,0
2023-05,,지자체,소계,부산,0
2023-05,,지자체,소계,대구,0
2023-05,,지자체,소계,광주,0
2023-05,,지자체,소계,대전,0
2023-05,,지자체,소계,울산,38
2023-05,,지자체,소계,세종,0
2023-05,,지자체,소계,강원,0
2023-05,,지자체,소계,충북,0
2023-05,,지자체,소계,충남,0
2023-05,,지자체,소계,전북,0
2023-05,,지자체,소계,전남,0
2023-05,,지자체,소계,경북,0
2023-05,,지자체,소계,경남,0
2023-05,,지자체,소계,제주,23
2023-05,,지자체,국민임대,전국,23
2023-05,,지자체,국민임대,서울,0
2023-05,,지자체,국민임대,인천,0
2023-05,,지자체,국민임대,경기,0
2023-05,,지자체,국민임대,부산,0
2023-05,,지자체,국민임대,대구,0
2023-05,,지자체,국민임대,광주,0
2023-05,,지자체,국민임대,대전,0
2023-05,,지자체,국민임대,울산,0
2023-05,,지자체,국민임대,세종,0
2023-05,,지자체,국민임대,강원,0
2023-05,,지자체,국민임대,충북,0
2023-05,,지자체,국민임대,충남,0
2023-05,,지자체,국민임대,전북,0
2023-05,,지자체,국민임대,전남,0
2023-05,,지자체,국민임대,경북,0
2023-05,,지자체,국민임대,경남,0
2023-05,,지자체,국민임대,제주,23
2023-05,,지자체,공공임대,전국,170
2023-05,,지자체,공공임대,서울,132
2023-05,,지자체,공공임대,인천,0
2023-05,,지자체,공공임대,경기,0
2023-05,,지자체,공공임대,부산,0
2023-05,,지자체,공공임대,대구,0
2023-05,,지자체,공공임대,광주,0
2023-05,,지자체,공공임대,대전,0
2023-05,,지자체,공공임대,울산,38
2023-05,,지자체,공공임대,세종,0
2023-05,,지자체,공공임대,강원,0
2023-05,,지자체,공공임대,충북,0
2023-05,,지자체,공공임대,충남,0
2023-05,,지자체,공공임대,전북,0
2023-05,,지자체,공공임대,전남,0
2023-05,,지자체,공공임대,경북,0
2023-05,,지자체,공공임대,경남,0
2023-05,,지자체,공공임대,제주,0
2023-05,,지자체,공공분양,전국,0
2023-05,,지자체,공공분양,서울,0
2023-05,,지자체,공공분양,인천,0
2023-05,,지자체,공공분양,경기,0
2023-05,,지자체,공공분양,부산,0
2023-05,,지자체,공공분양,대구,0
2023-05,,지자체,공공분양,광주,0
2023-05,,지자체,공공분양,대전,0
2023-05,,지자체,공공분양,울산,0
2023-05,,지자체,공공분양,세종,0
2023-05,,지자체,공공분양,강원,0
2023-05,,지자체,공공분양,충북,0
2023-05,,지자체,공공분양,충남,0
2023-05,,지자체,공공분양,전북,0
2023-05,,지자체,공공분양,전남,0
2023-05,,지자체,공공분양,경북,0
2023-05,,지자체,공공분양,경남,0
2023-05,,지자체,공공분양,제주,0
2023-05,,LH,소계,전국,4294
2023-05,,LH,소계,서울,0
2023-05,,LH,소계,인천,0
2023-05,,LH,소계,경기,1849
2023-05,,LH,소계,부산,363
2023-05,,LH,소계,대구,0
2023-05,,LH,소계,광주,0
2023-05,,LH,소계,대전,1782
2023-05,,LH,소계,울산,0
2023-05,,LH,소계,세종,0
2023-05,,LH,소계,강원,0
2023-05,,LH,소계,충북,300
2023-05,,LH,소계,충남,0
2023-05,,LH,소계,전북,0
2023-05,,LH,소계,전남,0
2023-05,,LH,소계,경북,0
2023-05,,LH,소계,경남,0
2023-05,,LH,소계,제주,0
2023-05,,LH,국민임대,전국,0
2023-05,,LH,국민임대,서울,0
2023-05,,LH,국민임대,인천,0
2023-05,,LH,국민임대,경기,0
2023-05,,LH,국민임대,부산,0
2023-05,,LH,국민임대,대구,0
2023-05,,LH,국민임대,광주,0
2023-05,,LH,국민임대,대전,0
2023-05,,LH,국민임대,울산,0
2023-05,,LH,국민임대,세종,0
2023-05,,LH,국민임대,강원,0
2023-05,,LH,국민임대,충북,0
2023-05,,LH,국민임대,충남,0
2023-05,,LH,국민임대,전북,0
2023-05,,LH,국민임대,전남,0
2023-05,,LH,국민임대,경북,0
2023-05,,LH,국민임대,경남,0
2023-05,,LH,국민임대,제주,0
2023-05,,LH,공공임대,전국,1724
2023-05,,LH,공공임대,서울,0
2023-05,,LH,공공임대,인천,0
2023-05,,LH,공공임대,경기,772
2023-05,,LH,공공임대,부산,0
2023-05,,LH,공공임대,대구,0
2023-05,,LH,공공임대,광주,0
2023-05,,LH,공공임대,대전,652
2023-05,,LH,공공임대,울산,0
2023-05,,LH,공공임대,세종,0
2023-05,,LH,공공임대,강원,0
2023-05,,LH,공공임대,충북,300
2023-05,,LH,공공임대,충남,0
2023-05,,LH,공공임대,전북,0
2023-05,,LH,공공임대,전남,0
2023-05,,LH,공공임대,경북,0
2023-05,,LH,공공임대,경남,0
2023-05,,LH,공공임대,제주,0
2023-05,,LH,공공분양,전국,2570
2023-05,,LH,공공분양,서울,0
2023-05,,LH,공공분양,인천,0
2023-05,,LH,공공분양,경기,1077
2023-05,,LH,공공분양,부산,363
2023-05,,LH,공공분양,대구,0
2023-05,,LH,공공분양,광주,0
2023-05,,LH,공공분양,대전,1130
2023-05,,LH,공공분양,울산,0
2023-05,,LH,공공분양,세종,0
2023-05,,LH,공공분양,강원,0
2023-05,,LH,공공분양,충북,0
2023-05,,LH,공공분양,충남,0
2023-05,,LH,공공분양,전북,0
2023-05,,LH,공공분양,전남,0
2023-05,,LH,공공분양,경북,0
2023-05,,LH,공공분양,경남,0
2023-05,,LH,공공분양,제주,0
2023-05,,주택업체,소계,전국,817
2023-05,,주택업체,소계,서울,432
2023-05,,주택업체,소계,인천,0
2023-05,,주택업체,소계,경기,0
2023-05,,주택업체,소계,부산,0
2023-05,,주택업체,소계,대구,0
2023-05,,주택업체,소계,광주,0
2023-05,,주택업체,소계,대전,370
2023-05,,주택업체,소계,울산,0
2023-05,,주택업체,소계,세종,0
2023-05,,주택업체,소계,강원,0
2023-05,,주택업체,소계,충북,0
2023-05,,주택업체,소계,충남,0
2023-05,,주택업체,소계,전북,0
2023-05,,주택업체,소계,전남,0
2023-05,,주택업체,소계,경북,0
2023-05,,주택업체,소계,경남,0
2023-05,,주택업체,소계,제주,15
2023-05,,주택업체,국민임대,전국,15
2023-05,,주택업체,국민임대,서울,0
2023-05,,주택업체,국민임대,인천,0
2023-05,,주택업체,국민임대,경기,0
2023-05,,주택업체,국민임대,부산,0
2023-05,,주택업체,국민임대,대구,0
2023-05,,주택업체,국민임대,광주,0
2023-05,,주택업체,국민임대,대전,0
2023-05,,주택업체,국민임대,울산,0
2023-05,,주택업체,국민임대,세종,0
2023-05,,주택업체,국민임대,강원,0
2023-05,,주택업체,국민임대,충북,0
2023-05,,주택업체,국민임대,충남,0
2023-05,,주택업체,국민임대,전북,0
2023-05,,주택업체,국민임대,전남,0
2023-05,,주택업체,국민임대,경북,0
2023-05,,주택업체,국민임대,경남,0
2023-05,,주택업체,국민임대,제주,15
2023-05,,주택업체,공공임대,전국,802
2023-05,,주택업체,공공임대,서울,432
2023-05,,주택업체,공공임대,인천,0
2023-05,,주택업체,공공임대,경기,0
2023-05,,주택업체,공공임대,부산,0
2023-05,,주택업체,공공임대,대구,0
2023-05,,주택업체,공공임대,광주,0
2023-05,,주택업체,공공임대,대전,370
2023-05,,주택업체,공공임대,울산,0
2023-05,,주택업체,공공임대,세종,0
2023-05,,주택업체,공공임대,강원,0
2023-05,,주택업체,공공임대,충북,0
2023-05,,주택업체,공공임대,충남,0
2023-05,,주택업체,공공임대,전북,0
2023-05,,주택업체,공공임대,전남,0
2023-05,,주택업체,공공임대,경북,0
2023-05,,주택업체,공공임대,경남,0
2023-05,,주택업체,공공임대,제주,0
2023-05,,주택업체,공공분양,전국,0
2023-05,,주택업체,공공분양,서울,0
2023-05,,주택업체,공공분양,인천,0
2023-05,,주택업체,공공분양,경기,0
2023-05,,주택업체,공공분양,부산,0
2023-05,,주택업체,공공분양,대구,0
2023-05,,주택업체,공공분양,광주,0
2023-05,,주택업체,공공분양,대전,0
2023-05,,주택업체,공공분양,울산,0
2023-05,,주택업체,공공분양,세종,0
2023-05,,주택업체,공공분양,강원,0
2023-05,,주택업체,공공분양,충북,0
2023-05,,주택업체,공공분양,충남,0
2023-05,,주택업체,공공분양,전북,0
2023-05,,주택업체,공공분양,전남,0
2023-05,,주택업체,공공분양,경북,0
2023-05,,주택업체,공공분양,경남,0
2023-05,,주택업체,공공분양,제주,0
2023-05,,민간부문,민간부문,전국,157520
2023-05,,민간부문,민간부문,서울,15636
2023-05,,민간부문,민간부문,인천,8948
2023-05,,민간부문,민간부문,경기,37476
2023-05,,민간부문,민간부문,부산,10044
2023-05,,민간부문,민간부문,대구,6614
2023-05,,민간부문,민간부문,광주,4406
2023-05,,민간부문,민간부문,대전,7005
2023-05,,민간부문,민간부문,울산,7032
2023-05,,민간부문,민간부문,세종,239
2023-05,,민간부문,민간부문,강원,6502
2023-05,,민간부문,민간부문,충북,4579
2023-05,,민간부문,민간부문,충남,13920
2023-05,,민간부문,민간부문,전북,6466
2023-05,,민간부문,민간부문,전남,7457
2023-05,,민간부문,민간부문,경북,11703
2023-05,,민간부문,민간부문,경남,7212
2023-05,,민간부문,민간부문,제주,2281
2023-05,,민간,민간임대,전국,12626
2023-05,,민간,민간임대,서울,2016
2023-05,,민간,민간임대,인천,0
2023-05,,민간,민간임대,경기,2893
2023-05,,민간,민간임대,부산,90
2023-05,,민간,민간임대,대구,0
2023-05,,민간,민간임대,광주,0
2023-05,,민간,민간임대,대전,0
2023-05,,민간,민간임대,울산,0
2023-05,,민간,민간임대,세종,60
2023-05,,민간,민간임대,강원,0
2023-05,,민간,민간임대,충북,414
2023-05,,민간,민간임대,충남,646
2023-05,,민간,민간임대,전북,952
2023-05,,민간,민간임대,전남,1054
2023-05,,민간,민간임대,경북,1163
2023-05,,민간,민간임대,경남,2898
2023-05,,민간,민간임대,제주,440
2023-05,,민간,민간분양,전국,144894
2023-05,,민간,민간분양,서울,13620
2023-05,,민간,민간분양,인천,8948
2023-05,,민간,민간분양,경기,34583
2023-05,,민간,민간분양,부산,9954
2023-05,,민간,민간분양,대구,6614
2023-05,,민간,민간분양,광주,4406
2023-05,,민간,민간분양,대전,7005
2023-05,,민간,민간분양,울산,7032
2023-05,,민간,민간분양,세종,179
2023-05,,민간,민간분양,강원,6502
2023-05,,민간,민간분양,충북,4165
2023-05,,민간,민간분양,충남,13274
2023-05,,민간,민간분양,전북,5514
2023-05,,민간,민간분양,전남,6403
2023-05,,민간,민간분양,경북,10540
2023-05,,민간,민간분양,경남,4314
2023-05,,민간,민간분양,제주,1841
2023-06,,총계,총계,전국,199810
2023-06,,총계,총계,서울,17495
2023-06,,총계,총계,인천,13193
2023-06,,총계,총계,경기,47921
2023-06,,총계,총계,부산,12820
2023-06,,총계,총계,대구,8578
2023-06,,총계,총계,광주,5008
2023-06,,총계,총계,대전,11386
2023-06,,총계,총계,울산,7532
2023-06,,총계,총계,세종,256
2023-06,,총계,총계,강원,8205
2023-06,,총계,총계,충북,5123
2023-06,,총계,총계,충남,14935
2023-06,,총계,총계,전북,10073
2023-06,,총계,총계,전남,11577
2023-06,,총계,총계,경북,14444
2023-06,,총계,총계,경남,8197
2023-06,,총계,총계,제주,3067
2023-06,,공공부문,공공부문,전국,8736
2023-06,,공공부문,공공부문,서울,912
2023-06,,공공부문,공공부문,인천,1458
2023-06,,공공부문,공공부문,경기,3395
2023-06,,공공부문,공공부문,부산,363
2023-06,,공공부문,공공부문,대구,0
2023-06,,공공부문,공공부문,광주,0
2023-06,,공공부문,공공부문,대전,2152
2023-06,,공공부문,공공부문,울산,38
2023-06,,공공부문,공공부문,세종,0
2023-06,,공공부문,공공부문,강원,80
2023-06,,공공부문,공공부문,충북,300
2023-06,,공공부문,공공부문,충남,0
2023-06,,공공부문,공공부문,전북,0
2023-06,,공공부문,공공부문,전남,0
2023-06,,공공부문,공공부문,경북,0
2023-06,,공공부문,공공부문,경남,0
2023-06,,공공부문,공공부문,제주,38
2023-06,,합,국민임대,전국,38
2023-06,,합,국민임대,서울,0
2023-06,,합,국민임대,인천,0
2023-06,,합,국민임대,경기,0
2023-06,,합,국민임대,부산,0
2023-06,,합,국민임대,대구,0
2023-06,,합,국민임대,광주,0
2023-06,,합,국민임대,대전,0
2023-06,,합,국민임대,울산,0
2023-06,,합,국민임대,세종,0
2023-06,,합,국민임대,강원,0
2023-06,,합,국민임대,충북,0
2023-06,,합,국민임대,충남,0
2023-06,,합,국민임대,전북,0
2023-06,,합,국민임대,전남,0
2023-06,,합,국민임대,경북,0
2023-06,,합,국민임대,경남,0
2023-06,,합,국민임대,제주,38
2023-06,,합,공공임대,전국,3047
2023-06,,합,공공임대,서울,649
2023-06,,합,공공임대,인천,0
2023-06,,합,공공임대,경기,958
2023-06,,합,공공임대,부산,0
2023-06,,합,공공임대,대구,0
2023-06,,합,공공임대,광주,0
2023-06,,합,공공임대,대전,1022
2023-06,,합,공공임대,울산,38
2023-06,,합,공공임대,세종,0
2023-06,,합,공공임대,강원,80
2023-06,,합,공공임대,충북,300
2023-06,,합,공공임대,충남,0
2023-06,,합,공공임대,전북,0
2023-06,,합,공공임대,전남,0
2023-06,,합,공공임대,경북,0
2023-06,,합,공공임대,경남,0
2023-06,,합,공공임대,제주,0
2023-06,,합,공공분양,전국,5651
2023-06,,합,공공분양,서울,263
2023-06,,합,공공분양,인천,1458
2023-06,,합,공공분양,경기,2437
2023-06,,합,공공분양,부산,363
2023-06,,합,공공분양,대구,0
2023-06,,합,공공분양,광주,0
2023-06,,합,공공분양,대전,1130
2023-06,,합,공공분양,울산,0
2023-06,,합,공공분양,세종,0
2023-06,,합,공공분양,강원,0
2023-06,,합,공공분양,충북,0
2023-06,,합,공공분양,충남,0
2023-06,,합,공공분양,전북,0
2023-06,,합,공공분양,전남,0
2023-06,,합,공공분양,경북,0
2023-06,,합,공공분양,경남,0
2023-06,,합,공공분양,제주,0
2023-06,,지자체,소계,전국,1803
2023-06,,지자체,소계,서울,132
2023-06,,지자체,소계,인천,1458
2023-06,,지자체,소계,경기,152
2023-06,,지자체,소계,부산,0
2023-06,,지자체,소계,대구,0
2023-06,,지자체,소계,광주,0
2023-06,,지자체,소계,대전,0
2023-06,,지자체,소계,울산,38
2023-06,,지자체,소계,세종,0
2023-06,,지자체,소계,강원,0
2023-06,,지자체,소계,충북,0
2023-06,,지자체,소계,충남,0
2023-06,,지자체,소계,전북,0
2023-06,,지자체,소계,전남,0
2023-06,,지자체,소계,경북,0
2023-06,,지자체,소계,경남,0
2023-06,,지자체,소계,제주,23
2023-06,,지자체,국민임대,전국,23
2023-06,,지자체,국민임대,서울,0
2023-06,,지자체,국민임대,인천,0
2023-06,,지자체,국민임대,경기,0
2023-06,,지자체,국민임대,부산,0
2023-06,,지자체,국민임대,대구,0
2023-06,,지자체,국민임대,광주,0
2023-06,,지자체,국민임대,대전,0
2023-06,,지자체,국민임대,울산,0
2023-06,,지자체,국민임대,세종,0
2023-06,,지자체,국민임대,강원,0
2023-06,,지자체,국민임대,충북,0
2023-06,,지자체,국민임대,충남,0
2023-06,,지자체,국민임대,전북,0
2023-06,,지자체,국민임대,전남,0
2023-06,,지자체,국민임대,경북,0
2023-06,,지자체,국민임대,경남,0
2023-06,,지자체,국민임대,제주,23
2023-06,,지자체,공공임대,전국,322
2023-06,,지자체,공공임대,서울,132
2023-06,,지자체,공공임대,인천,0
2023-06,,지자체,공공임대,경기,152
2023-06,,지자체,공공임대,부산,0
2023-06,,지자체,공공임대,대구,0
2023-06,,지자체,공공임대,광주,0
2023-06,,지자체,공공임대,대전,0
2023-06,,지자체,공공임대,울산,38
2023-06,,지자체,공공임대,세종,0
2023-06,,지자체,공공임대,강원,0
2023-06,,지자체,공공임대,충북,0
2023-06,,지자체,공공임대,충남,0
2023-06,,지자체,공공임대,전북,0
2023-06,,지자체,공공임대,전남,0
2023-06,,지자체,공공임대,경북,0
2023-06,,지자체,공공임대,경남,0
2023-06,,지자체,공공임대,제주,0
2023-06,,지자체,공공분양,전국,1458
2023-06,,지자체,공공분양,서울,0
2023-06,,지자체,공공분양,인천,1458
2023-06,,지자체,공공분양,경기,0
2023-06,,지자체,공공분양,부산,0
2023-06,,지자체,공공분양,대구,0
2023-06,,지자체,공공분양,광주,0
2023-06,,지자체,공공분양,대전,0
2023-06,,지자체,공공분양,울산,0
2023-06,,지자체,공공분양,세종,0
2023-06,,지자체,공공분양,강원,0
2023-06,,지자체,공공분양,충북,0
2023-06,,지자체,공공분양,충남,0
2023-06,,지자체,공공분양,전북,0
2023-06,,지자체,공공분양,전남,0
2023-06,,지자체,공공분양,경북,0
2023-06,,지자체,공공분양,경남,0
2023-06,,지자체,공공분양,제주,0
2023-06,,LH,소계,전국,6116
2023-06,,LH,소계,서울,348
2023-06,,LH,소계,인천,0
2023-06,,LH,소계,경기,3243
2023-06,,LH,소계,부산,363
2023-06,,LH,소계,대구,0
2023-06,,LH,소계,광주,0
2023-06,,LH,소계,대전,1782
2023-06,,LH,소계,울산,0
2023-06,,LH,소계,세종,0
2023-06,,LH,소계,강원,80
2023-06,,LH,소계,충북,300
2023-06,,LH,소계,충남,0
2023-06,,LH,소계,전북,0
2023-06,,LH,소계,전남,0
2023-06,,LH,소계,경북,0
2023-06,,LH,소계,경남,0
2023-06,,LH,소계,제주,0
2023-06,,LH,국민임대,전국,0
2023-06,,LH,국민임대,서울,0
2023-06,,LH,국민임대,인천,0
2023-06,,LH,국민임대,경기,0
2023-06,,LH,국민임대,부산,0
2023-06,,LH,국민임대,대구,0
2023-06,,LH,국민임대,광주,0
2023-06,,LH,국민임대,대전,0
2023-06,,LH,국민임대,울산,0
2023-06,,LH,국민임대,세종,0
2023-06,,LH,국민임대,강원,0
2023-06,,LH,국민임대,충북,0
2023-06,,LH,국민임대,충남,0
2023-06,,LH,국민임대,전북,0
2023-06,,LH,국민임대,전남,0
2023-06,,LH,국민임대,경북,0
2023-06,,LH,국민임대,경남,0
2023-06,,LH,국민임대,제주,0
2023-06,,LH,공공임대,전국,1923
2023-06,,LH,공공임대,서울,85
2023-06,,LH,공공임대,인천,0
2023-06,,LH,공공임대,경기,806
2023-06,,LH,공공임대,부산,0
2023-06,,LH,공공임대,대구,0
2023-06,,LH,공공임대,광주,0
2023-06,,LH,공공임대,대전,652
2023-06,,LH,공공임대,울산,0
2023-06,,LH,공공임대,세종,0
2023-06,,LH,공공임대,강원,80
2023-06,,LH,공공임대,충북,300
2023-06,,LH,공공임대,충남,0
2023-06,,LH,공공임대,전북,0
2023-06,,LH,공공임대,전남,0
2023-06,,LH,공공임대,경북,0
2023-06,,LH,공공임대,경남,0
2023-06,,LH,공공임대,제주,0
2023-06,,LH,공공분양,전국,4193
2023-06,,LH,공공분양,서울,263
2023-06,,LH,공공분양,인천,0
2023-06,,LH,공공분양,경기,2437
2023-06,,LH,공공분양,부산,363
2023-06,,LH,공공분양,대구,0
2023-06,,LH,공공분양,광주,0
2023-06,,LH,공공분양,대전,1130
2023-06,,LH,공공분양,울산,0
2023-06,,LH,공공분양,세종,0
2023-06,,LH,공공분양,강원,0
2023-06,,LH,공공분양,충북,0
2023-06,,LH,공공분양,충남,0
2023-06,,LH,공공분양,전북,0
2023-06,,LH,공공분양,전남,0
2023-06,,LH,공공분양,경북,0
2023-06,,LH,공공분양,경남,0
2023-06,,LH,공공분양,제주,0
2023-06,,주택업체,소계,전국,817
2023-06,,주택업체,소계,서울,432
2023-06,,주택업체,소계,인천,0
2023-06,,주택업체,소계,경기,0
2023-06,,주택업체,소계,부산,0
2023-06,,주택업체,소계,대구,0
2023-06,,주택업체,소계,광주,0
2023-06,,주택업체,소계,대전,370
2023-06,,주택업체,소계,울산,0
2023-06,,주택업체,소계,세종,0
2023-06,,주택업체,소계,강원,0
2023-06,,주택업체,소계,충북,0
2023-06,,주택업체,소계,충남,0
2023-06,,주택업체,소계,전북,0
2023-06,,주택업체,소계,전남,0
2023-06,,주택업체,소계,경북,0
2023-06,,주택업체,소계,경남,0
2023-06,,주택업체,소계,제주,15
2023-06,,주택업체,국민임대,전국,15
2023-06,,주택업체,국민임대,서울,0
2023-06,,주택업체,국민임대,인천,0
2023-06,,주택업체,국민임대,경기,0
2023-06,,주택업체,국민임대,부산,0
2023-06,,주택업체,국민임대,대구,0
2023-06,,주택업체,국민임대,광주,0
2023-06,,주택업체,국민임대,대전,0
2023-06,,주택업체,국민임대,울산,0
2023-06,,주택업체,국민임대,세종,0
2023-06,,주택업체,국민임대,강원,0
2023-06,,주택업체,국민임대,충북,0
2023-06,,주택업체,국민임대,충남,0
2023-06,,주택업체,국민임대,전북,0
2023-06,,주택업체,국민임대,전남,0
2023-06,,주택업체,국민임대,경북,0
2023-06,,주택업체,국민임대,경남,0
2023-06,,주택업체,국민임대,제주,15
2023-06,,주택업체,공공임대,전국,802
2023-06,,주택업체,공공임대,서울,432
2023-06,,주택업체,공공임대,인천,0
2023-06,,주택업체,공공임대,경기,0
2023-06,,주택업체,공공임대,부산,0
2023-06,,주택업체,공공임대,대구,0
2023-06,,주택업체,공공임대,광주,0
2023-06,,주택업체,공공임대,대전,370
2023-06,,주택업체,공공임대,울산,0
2023-06,,주택업체,공공임대,세종,0
2023-06,,주택업체,공공임대,강원,0
2023-06,,주택업체,공공임대,충북,0
2023-06,,주택업체,공공임대,충남,0
2023-06,,주택업체,공공임대,전북,0
2023-06,,주택업체,공공임대,전남,0
2023-06,,주택업체,공공임대,경북,0
2023-06,,주택업체,공공임대,경남,0
2023-06,,주택업체,공공임대,제주,0
2023-06,,주택업체,공공분양,전국,0
2023-06,,주택업체,공공분양,서울,0
2023-06,,주택업체,공공분양,인천,0
2023-06,,주택업체,공공분양,경기,0
2023-06,,주택업체,공공분양,부산,0
2023-06,,주택업체,공공분양,대구,0
2023-06,,주택업체,공공분양,광주,0
2023-06,,주택업체,공공분양,대전,0
2023-06,,주택업체,공공분양,울산,0
2023-06,,주택업체,공공분양,세종,0
2023-06,,주택업체,공공분양,강원,0
2023-06,,주택업체,공공분양,충북,0
2023-06,,주택업체,공공분양,충남,0
2023-06,,주택업체,공공분양,전북,0
2023-06,,주택업체,공공분양,전남,0
2023-06,,주택업체,공공분양,경북,0
2023-06,,주택업체,공공분양,경남,0
2023-06,,주택업체,공공분양,제주,0
2023-06,,민간부문,민간부문,전국,191074
2023-06,,민간부문,민간부문,서울,16583
2023-06,,민간부문,민간부문,인천,11735
2023-06,,민간부문,민간부문,경기,44526
2023-06,,민간부문,민간부문,부산,12457
2023-06,,민간부문,민간부문,대구,8578
2023-06,,민간부문,민간부문,광주,5008
2023-06,,민간부문,민간부문,대전,9234
2023-06,,민간부문,민간부문,울산,7494
2023-06,,민간부문,민간부문,세종,256
2023-06,,민간부문,민간부문,강원,8125
2023-06,,민간부문,민간부문,충북,4823
2023-06,,민간부문,민간부문,충남,14935
2023-06,,민간부문,민간부문,전북,10073
2023-06,,민간부문,민간부문,전남,11577
2023-06,,민간부문,민간부문,경북,14444
2023-06,,민간부문,민간부문,경남,8197
2023-06,,민간부문,민간부문,제주,3029
2023-06,,민간,민간임대,전국,13637
2023-06,,민간,민간임대,서울,2429
2023-06,,민간,민간임대,인천,179
2023-06,,민간,민간임대,경기,2893
2023-06,,민간,민간임대,부산,90
2023-06,,민간,민간임대,대구,0
2023-06,,민간,민간임대,광주,0
2023-06,,민간,민간임대,대전,0
2023-06,,민간,민간임대,울산,0
2023-06,,민간,민간임대,세종,60
2023-06,,민간,민간임대,강원,0
2023-06,,민간,민간임대,충북,414
2023-06,,민간,민간임대,충남,646
2023-06,,민간,민간임대,전북,952
2023-06,,민간,민간임대,전남,1473
2023-06,,민간,민간임대,경북,1163
2023-06,,민간,민간임대,경남,2898
2023-06,,민간,민간임대,제주,440
2023-06,,민간,민간분양,전국,177437
2023-06,,민간,민간분양,서울,14154
2023-06,,민간,민간분양,인천,11556
2023-06,,민간,민간분양,경기,41633
2023-06,,민간,민간분양,부산,12367
2023-06,,민간,민간분양,대구,8578
2023-06,,민간,민간분양,광주,5008
2023-06,,민간,민간분양,대전,9234
2023-06,,민간,민간분양,울산,7494
2023-06,,민간,민간분양,세종,196
2023-06,,민간,민간분양,강원,8125
2023-06,,민간,민간분양,충북,4409
2023-06,,민간,민간분양,충남,14289
2023-06,,민간,민간분양,전북,9121
2023-06,,민간,민간분양,전남,10104
2023-06,,민간,민간분양,경북,13281
2023-06,,민간,민간분양,경남,5299
2023-06,,민간,민간분양,제주,2589
2023-07,,총계,총계,전국,221069
2023-07,,총계,총계,서울,20090
2023-07,,총계,총계,인천,14365
2023-07,,총계,총계,경기,53321
2023-07,,총계,총계,부산,14914
2023-07,,총계,총계,대구,8594
2023-07,,총계,총계,광주,5963
2023-07,,총계,총계,대전,12065
2023-07,,총계,총계,울산,7746
2023-07,,총계,총계,세종,305
2023-07,,총계,총계,강원,9112
2023-07,,총계,총계,충북,5387
2023-07,,총계,총계,충남,16831
2023-07,,총계,총계,전북,10322
2023-07,,총계,총계,전남,12730
2023-07,,총계,총계,경북,15618
2023-07,,총계,총계,경남,9385
2023-07,,총계,총계,제주,4321
2023-07,,공공부문,공공부문,전국,10897
2023-07,,공공부문,공공부문,서울,1900
2023-07,,공공부문,공공부문,인천,1458
2023-07,,공공부문,공공부문,경기,3395
2023-07,,공공부문,공공부문,부산,1486
2023-07,,공공부문,공공부문,대구,0
2023-07,,공공부문,공공부문,광주,0
2023-07,,공공부문,공공부문,대전,2152
2023-07,,공공부문,공공부문,울산,38
2023-07,,공공부문,공공부문,세종,0
2023-07,,공공부문,공공부문,강원,80
2023-07,,공공부문,공공부문,충북,300
2023-07,,공공부문,공공부문,충남,50
2023-07,,공공부문,공공부문,전북,0
2023-07,,공공부문,공공부문,전남,0
2023-07,,공공부문,공공부문,경북,0
2023-07,,공공부문,공공부문,경남,0
2023-07,,공공부문,공공부문,제주,38
2023-07,,합,국민임대,전국,38
2023-07,,합,국민임대,서울,0
2023-07,,합,국민임대,인천,0
2023-07,,합,국민임대,경기,0
2023-07,,합,국민임대,부산,0
2023-07,,합,국민임대,대구,0
2023-07,,합,국민임대,광주,0
2023-07,,합,국민임대,대전,0
2023-07,,합,국민임대,울산,0
2023-07,,합,국민임대,세종,0
2023-07,,합,국민임대,강원,0
2023-07,,합,국민임대,충북,0
2023-07,,합,국민임대,충남,0
2023-07,,합,국민임대,전북,0
2023-07,,합,국민임대,전남,0
2023-07,,합,국민임대,경북,0
2023-07,,합,국민임대,경남,0
2023-07,,합,국민임대,제주,38
2023-07,,합,공공임대,전국,3780
2023-07,,합,공공임대,서울,649
2023-07,,합,공공임대,인천,0
2023-07,,합,공공임대,경기,958
2023-07,,합,공공임대,부산,683
2023-07,,합,공공임대,대구,0
2023-07,,합,공공임대,광주,0
2023-07,,합,공공임대,대전,1022
2023-07,,합,공공임대,울산,38
2023-07,,합,공공임대,세종,0
2023-07,,합,공공임대,강원,80
2023-07,,합,공공임대,충북,300
2023-07,,합,공공임대,충남,50
2023-07,,합,공공임대,전북,0
2023-07,,합,공공임대,전남,0
2023-07,,합,공공임대,경북,0
2023-07,,합,공공임대,경남,0
2023-07,,합,공공임대,제주,0
2023-07,,합,공공분양,전국,7079
2023-07,,합,공공분양,서울,1251
2023-07,,합,공공분양,인천,1458
2023-07,,합,공공분양,경기,2437
2023-07,,합,공공분양,부산,803
2023-07,,합,공공분양,대구,0
2023-07,,합,공공분양,광주,0
2023-07,,합,공공분양,대전,1130
2023-07,,합,공공분양,울산,0
2023-07,,합,공공분양,세종,0
2023-07,,합,공공분양,강원,0
2023-07,,합,공공분양,충북,0
2023-07,,합,공공분양,충남,0
2023-07,,합,공공분양,전북,0
2023-07,,합,공공분양,전남,0
2023-07,,합,공공분양,경북,0
2023-07,,합,공공분양,경남,0
2023-07,,합,공공분양,제주,0
2023-07,,지자체,소계,전국,1803
2023-07,,지자체,소계,서울,132
2023-07,,지자체,소계,인천,1458
2023-07,,지자체,소계,경기,152
2023-07,,지자체,소계,부산,0
2023-07,,지자체,소계,대구,0
2023-07,,지자체,소계,광주,0
2023-07,,지자체,소계,대전,0
2023-07,,지자체,소계,울산,38
2023-07,,지자체,소계,세종,0
2023-07,,지자체,소계,강원,0
2023-07,,지자체,소계,충북,0
2023-07,,지자체,소계,충남,0
2023-07,,지자체,소계,전북,0
2023-07,,지자체,소계,전남,0
2023-07,,지자체,소계,경북,0
2023-07,,지자체,소계,경남,0
2023-07,,지자체,소계,제주,23
2023-07,,지자체,국민임대,전국,23
2023-07,,지자체,국민임대,서울,0
2023-07,,지자체,국민임대,인천,0
2023-07,,지자체,국민임대,경기,0
2023-07,,지자체,국민임대,부산,0
2023-07,,지자체,국민임대,대구,0
2023-07,,지자체,국민임대,광주,0
2023-07,,지자체,국민임대,대전,0
2023-07,,지자체,국민임대,울산,0
2023-07,,지자체,국민임대,세종,0
2023-07,,지자체,국민임대,강원,0
2023-07,,지자체,국민임대,충북,0
2023-07,,지자체,국민임대,충남,0
2023-07,,지자체,국민임대,전북,0
2023-07,,지자체,국민임대,전남,0
2023-07,,지자체,국민임대,경북,0
2023-07,,지자체,국민임대,경남,0
2023-07,,지자체,국민임대,제주,23
2023-07,,지자체,공공임대,전국,322
2023-07,,지자체,공공임대,서울,132
2023-07,,지자체,공공임대,인천,0
2023-07,,지자체,공공임대,경기,152
2023-07,,지자체,공공임대,부산,0
2023-07,,지자체,공공임대,대구,0
2023-07,,지자체,공공임대,광주,0
2023-07,,지자체,공공임대,대전,0
2023-07,,지자체,공공임대,울산,38
2023-07,,지자체,공공임대,세종,0
2023-07,,지자체,공공임대,강원,0
2023-07,,지자체,공공임대,충북,0
2023-07,,지자체,공공임대,충남,0
2023-07,,지자체,공공임대,전북,0
2023-07,,지자체,공공임대,전남,0
2023-07,,지자체,공공임대,경북,0
2023-07,,지자체,공공임대,경남,0
2023-07,,지자체,공공임대,제주,0
2023-07,,지자체,공공분양,전국,1458
2023-07,,지자체,공공분양,서울,0
2023-07,,지자체,공공분양,인천,1458
2023-07,,지자체,공공분양,경기,0
2023-07,,지자체,공공분양,부산,0
2023-07,,지자체,공공분양,대구,0
2023-07,,지자체,공공분양,광주,0
2023-07,,지자체,공공분양,대전,0
2023-07,,지자체,공공분양,울산,0
2023-07,,지자체,공공분양,세종,0
2023-07,,지자체,공공분양,강원,0
2023-07,,지자체,공공분양,충북,0
2023-07,,지자체,공공분양,충남,0
2023-07,,지자체,공공분양,전북,0
2023-07,,지자체,공공분양,전남,0
2023-07,,지자체,공공분양,경북,0
2023-07,,지자체,공공분양,경남,0
2023-07,,지자체,공공분양,제주,0
2023-07,,LH,소계,전국,7289
2023-07,,LH,소계,서울,348
2023-07,,LH,소계,인천,0
2023-07,,LH,소계,경기,3243
2023-07,,LH,소계,부산,1486
2023-07,,LH,소계,대구,0
2023-07,,LH,소계,광주,0
2023-07,,LH,소계,대전,1782
2023-07,,LH,소계,울산,0
2023-07,,LH,소계,세종,0
2023-07,,LH,소계,강원,80
2023-07,,LH,소계,충북,300
2023-07,,LH,소계,충남,50
2023-07,,LH,소계,전북,0
2023-07,,LH,소계,전남,0
2023-07,,LH,소계,경북,0
2023-07,,LH,소계,경남,0
2023-07,,LH,소계,제주,0
2023-07,,LH,국민임대,전국,0
2023-07,,LH,국민임대,서울,0
2023-07,,LH,국민임대,인천,0
2023-07,,LH,국민임대,경기,0
2023-07,,LH,국민임대,부산,0
2023-07,,LH,국민임대,대구,0
2023-07,,LH,국민임대,광주,0
2023-07,,LH,국민임대,대전,0
2023-07,,LH,국민임대,울산,0
2023-07,,LH,국민임대,세종,0
2023-07,,LH,국민임대,강원,0
2023-07,,LH,국민임대,충북,0
2023-07,,LH,국민임대,충남,0
2023-07,,LH,국민임대,전북,0
2023-07,,LH,국민임대,전남,0
2023-07,,LH,국민임대,경북,0
2023-07,,LH,국민임대,경남,0
2023-07,,LH,국민임대,제주,0
2023-07,,LH,공공임대,전국,2656
2023-07,,LH,공공임대,서울,85
2023-07,,LH,공공임대,인천,0
2023-07,,LH,공공임대,경기,806
2023-07,,LH,공공임대,부산,683
2023-07,,LH,공공임대,대구,0
2023-07,,LH,공공임대,광주,0
2023-07,,LH,공공임대,대전,652
2023-07,,LH,공공임대,울산,0
2023-07,,LH,공공임대,세종,0
2023-07,,LH,공공임대,강원,80
2023-07,,LH,공공임대,충북,300
2023-07,,LH,공공임대,충남,50
2023-07,,LH,공공임대,전북,0
2023-07,,LH,공공임대,전남,0
2023-07,,LH,공공임대,경북,0
2023-07,,LH,공공임대,경남,0
2023-07,,LH,공공임대,제주,0
2023-07,,LH,공공분양,전국,4633
2023-07,,LH,공공분양,서울,263
2023-07,,LH,공공분양,인천,0
2023-07,,LH,공공분양,경기,2437
2023-07,,LH,공공분양,부산,803
2023-07,,LH,공공분양,대구,0
2023-07,,LH,공공분양,광주,0
2023-07,,LH,공공분양,대전,1130
2023-07,,LH,공공분양,울산,0
2023-07,,LH,공공분양,세종,0
2023-07,,LH,공공분양,강원,0
2023-07,,LH,공공분양,충북,0
2023-07,,LH,공공분양,충남,0
2023-07,,LH,공공분양,전북,0
2023-07,,LH,공공분양,전남,0
2023-07,,LH,공공분양,경북,0
2023-07,,LH,공공분양,경남,0
2023-07,,LH,공공분양,제주,0
2023-07,,주택업체,소계,전국,1805
2023-07,,주택업체,소계,서울,1420
2023-07,,주택업체,소계,인천,0
2023-07,,주택업체,소계,경기,0
2023-07,,주택업체,소계,부산,0
2023-07,,주택업체,소계,대구,0
2023-07,,주택업체,소계,광주,0
2023-07,,주택업체,소계,대전,370
2023-07,,주택업체,소계,울산,0
2023-07,,주택업체,소계,세종,0
2023-07,,주택업체,소계,강원,0
2023-07,,주택업체,소계,충북,0
2023-07,,주택업체,소계,충남,0
2023-07,,주택업체,소계,전북,0
2023-07,,주택업체,소계,전남,0
2023-07,,주택업체,소계,경북,0
2023-07,,주택업체,소계,경남,0
2023-07,,주택업체,소계,제주,15
2023-07,,주택업체,국민임대,전국,15
2023-07,,주택업체,국민임대,서울,0
2023-07,,주택업체,국민임대,인천,0
2023-07,,주택업체,국민임대,경기,0
2023-07,,주택업체,국민임대,부산,0
2023-07,,주택업체,국민임대,대구,0
2023-07,,주택업체,국민임대,광주,0
2023-07,,주택업체,국민임대,대전,0
2023-07,,주택업체,국민임대,울산,0
2023-07,,주택업체,국민임대,세종,0
2023-07,,주택업체,국민임대,강원,0
2023-07,,주택업체,국민임대,충북,0
2023-07,,주택업체,국민임대,충남,0
2023-07,,주택업체,국민임대,전북,0
2023-07,,주택업체,국민임대,전남,0
2023-07,,주택업체,국민임대,경북,0
2023-07,,주택업체,국민임대,경남,0
2023-07,,주택업체,국민임대,제주,15
2023-07,,주택업체,공공임대,전국,802
2023-07,,주택업체,공공임대,서울,432
2023-07,,주택업체,공공임대,인천,0
2023-07,,주택업체,공공임대,경기,0
2023-07,,주택업체,공공임대,부산,0
2023-07,,주택업체,공공임대,대구,0
2023-07,,주택업체,공공임대,광주,0
2023-07,,주택업체,공공임대,대전,370
2023-07,,주택업체,공공임대,울산,0
2023-07,,주택업체,공공임대,세종,0
2023-07,,주택업체,공공임대,강원,0
2023-07,,주택업체,공공임대,충북,0
2023-07,,주택업체,공공임대,충남,0
2023-07,,주택업체,공공임대,전북,0
2023-07,,주택업체,공공임대,전남,0
2023-07,,주택업체,공공임대,경북,0
2023-07,,주택업체,공공임대,경남,0
2023-07,,주택업체,공공임대,제주,0
2023-07,,주택업체,공공분양,전국,988
2023-07,,주택업체,공공분양,서울,988
2023-07,,주택업체,공공분양,인천,0
2023-07,,주택업체,공공분양,경기,0
2023-07,,주택업체,공공분양,부산,0
2023-07,,주택업체,공공분양,대구,0
2023-07,,주택업체,공공분양,광주,0
2023-07,,주택업체,공공분양,대전,0
2023-07,,주택업체,공공분양,울산,0
2023-07,,주택업체,공공분양,세종,0
2023-07,,주택업체,공공분양,강원,0
2023-07,,주택업체,공공분양,충북,0
2023-07,,주택업체,공공분양,충남,0
2023-07,,주택업체,공공분양,전북,0
2023-07,,주택업체,공공분양,전남,0
2023-07,,주택업체,공공분양,경북,0
2023-07,,주택업체,공공분양,경남,0
2023-07,,주택업체,공공분양,제주,0
2023-07,,민간부문,민간부문,전국,210172
2023-07,,민간부문,민간부문,서울,18190
2023-07,,민간부문,민간부문,인천,12907
2023-07,,민간부문,민간부문,경기,49926
2023-07,,민간부문,민간부문,부산,13428
2023-07,,민간부문,민간부문,대구,8594
2023-07,,민간부문,민간부문,광주,5963
2023-07,,민간부문,민간부문,대전,9913
2023-07,,민간부문,민간부문,울산,7708
2023-07,,민간부문,민간부문,세종,305
2023-07,,민간부문,민간부문,강원,9032
2023-07,,민간부문,민간부문,충북,5087
2023-07,,민간부문,민간부문,충남,16781
2023-07,,민간부문,민간부문,전북,10322
2023-07,,민간부문,민간부문,전남,12730
2023-07,,민간부문,민간부문,경북,15618
2023-07,,민간부문,민간부문,경남,9385
2023-07,,민간부문,민간부문,제주,4283
2023-07,,민간,민간임대,전국,16666
2023-07,,민간,민간임대,서울,2623
2023-07,,민간,민간임대,인천,580
2023-07,,민간,민간임대,경기,3793
2023-07,,민간,민간임대,부산,90
2023-07,,민간,민간임대,대구,0
2023-07,,민간,민간임대,광주,0
2023-07,,민간,민간임대,대전,0
2023-07,,민간,민간임대,울산,0
2023-07,,민간,민간임대,세종,60
2023-07,,민간,민간임대,강원,612
2023-07,,민간,민간임대,충북,484
2023-07,,민간,민간임대,충남,646
2023-07,,민간,민간임대,전북,1051
2023-07,,민간,민간임대,전남,2138
2023-07,,민간,민간임대,경북,1163
2023-07,,민간,민간임대,경남,2898
2023-07,,민간,민간임대,제주,528
2023-07,,민간,민간분양,전국,193506
2023-07,,민간,민간분양,서울,15567
2023-07,,민간,민간분양,인천,12327
2023-07,,민간,민간분양,경기,46133
2023-07,,민간,민간분양,부산,13338
2023-07,,민간,민간분양,대구,8594
2023-07,,민간,민간분양,광주,5963
2023-07,,민간,민간분양,대전,9913
2023-07,,민간,민간분양,울산,7708
2023-07,,민간,민간분양,세종,245
2023-07,,민간,민간분양,강원,8420
2023-07,,민간,민간분양,충북,4603
2023-07,,민간,민간분양,충남,16135
2023-07,,민간,민간분양,전북,9271
2023-07,,민간,민간분양,전남,10592
2023-07,,민간,민간분양,경북,14455
2023-07,,민간,민간분양,경남,6487
2023-07,,민간,민간분양,제주,3755
2023-08,,총계,총계,전국,252262
2023-08,,총계,총계,서울,23511
2023-08,,총계,총계,인천,17505
2023-08,,총계,총계,경기,63055
2023-08,,총계,총계,부산,16923
2023-08,,총계,총계,대구,10258
2023-08,,총계,총계,광주,9759
2023-08,,총계,총계,대전,12122
2023-08,,총계,총계,울산,8124
2023-08,,총계,총계,세종,320
2023-08,,총계,총계,강원,9549
2023-08,,총계,총계,충북,7353
2023-08,,총계,총계,충남,18790
2023-08,,총계,총계,전북,10488
2023-08,,총계,총계,전남,13258
2023-08,,총계,총계,경북,16700
2023-08,,총계,총계,경남,10019
2023-08,,총계,총계,제주,4528
2023-08,,공공부문,공공부문,전국,10985
2023-08,,공공부문,공공부문,서울,1937
2023-08,,공공부문,공공부문,인천,1458
2023-08,,공공부문,공공부문,경기,3446
2023-08,,공공부문,공공부문,부산,1486
2023-08,,공공부문,공공부문,대구,0
2023-08,,공공부문,공공부문,광주,0
2023-08,,공공부문,공공부문,대전,2152
2023-08,,공공부문,공공부문,울산,38
2023-08,,공공부문,공공부문,세종,0
2023-08,,공공부문,공공부문,강원,80
2023-08,,공공부문,공공부문,충북,300
2023-08,,공공부문,공공부문,충남,50
2023-08,,공공부문,공공부문,전북,0
2023-08,,공공부문,공공부문,전남,0
2023-08,,공공부문,공공부문,경북,0
2023-08,,공공부문,공공부문,경남,0
2023-08,,공공부문,공공부문,제주,38
2023-08,,합,국민임대,전국,89
2023-08,,합,국민임대,서울,0
2023-08,,합,국민임대,인천,0
2023-08,,합,국민임대,경기,51
2023-08,,합,국민임대,부산,0
2023-08,,합,국민임대,대구,0
2023-08,,합,국민임대,광주,0
2023-08,,합,국민임대,대전,0
2023-08,,합,국민임대,울산,0
2023-08,,합,국민임대,세종,0
2023-08,,합,국민임대,강원,0
2023-08,,합,국민임대,충북,0
2023-08,,합,국민임대,충남,0
2023-08,,합,국민임대,전북,0
2023-08,,합,국민임대,전남,0
2023-08,,합,국민임대,경북,0
2023-08,,합,국민임대,경남,0
2023-08,,합,국민임대,제주,38
2023-08,,합,공공임대,전국,3817
2023-08,,합,공공임대,서울,686
2023-08,,합,공공임대,인천,0
2023-08,,합,공공임대,경기,958
2023-08,,합,공공임대,부산,683
2023-08,,합,공공임대,대구,0
2023-08,,합,공공임대,광주,0
2023-08,,합,공공임대,대전,1022
2023-08,,합,공공임대,울산,38
2023-08,,합,공공임대,세종,0
2023-08,,합,공공임대,강원,80
2023-08,,합,공공임대,충북,300
2023-08,,합,공공임대,충남,50
2023-08,,합,공공임대,전북,0
2023-08,,합,공공임대,전남,0
2023-08,,합,공공임대,경북,0
2023-08,,합,공공임대,경남,0
2023-08,,합,공공임대,제주,0
2023-08,,합,공공분양,전국,7079
2023-08,,합,공공분양,서울,1251
2023-08,,합,공공분양,인천,1458
2023-08,,합,공공분양,경기,2437
2023-08,,합,공공분양,부산,803
2023-08,,합,공공분양,대구,0
2023-08,,합,공공분양,광주,0
2023-08,,합,공공분양,대전,1130
2023-08,,합,공공분양,울산,0
2023-08,,합,공공분양,세종,0
2023-08,,합,공공분양,강원,0
2023-08,,합,공공분양,충북,0
2023-08,,합,공공분양,충남,0
2023-08,,합,공공분양,전북,0
2023-08,,합,공공분양,전남,0
2023-08,,합,공공분양,경북,0
2023-08,,합,공공분양,경남,0
2023-08,,합,공공분양,제주,0
2023-08,,지자체,소계,전국,1803
2023-08,,지자체,소계,서울,132
2023-08,,지자체,소계,인천,1458
2023-08,,지자체,소계,경기,152
2023-08,,지자체,소계,부산,0
2023-08,,지자체,소계,대구,0
2023-08,,지자체,소계,광주,0
2023-08,,지자체,소계,대전,0
2023-08,,지자체,소계,울산,38
2023-08,,지자체,소계,세종,0
2023-08,,지자체,소계,강원,0
2023-08,,지자체,소계,충북,0
2023-08,,지자체,소계,충남,0
2023-08,,지자체,소계,전북,0
2023-08,,지자체,소계,전남,0
2023-08,,지자체,소계,경북,0
2023-08,,지자체,소계,경남,0
2023-08,,지자체,소계,제주,23
2023-08,,지자체,국민임대,전국,23
2023-08,,지자체,국민임대,서울,0
2023-08,,지자체,국민임대,인천,0
2023-08,,지자체,국민임대,경기,0
2023-08,,지자체,국민임대,부산,0
2023-08,,지자체,국민임대,대구,0
2023-08,,지자체,국민임대,광주,0
2023-08,,지자체,국민임대,대전,0
2023-08,,지자체,국민임대,울산,0
2023-08,,지자체,국민임대,세종,0
2023-08,,지자체,국민임대,강원,0
2023-08,,지자체,국민임대,충북,0
2023-08,,지자체,국민임대,충남,0
2023-08,,지자체,국민임대,전북,0
2023-08,,지자체,국민임대,전남,0
2023-08,,지자체,국민임대,경북,0
2023-08,,지자체,국민임대,경남,0
2023-08,,지자체,국민임대,제주,23
2023-08,,지자체,공공임대,전국,322
2023-08,,지자체,공공임대,서울,132
2023-08,,지자체,공공임대,인천,0
2023-08,,지자체,공공임대,경기,152
2023-08,,지자체,공공임대,부산,0
2023-08,,지자체,공공임대,대구,0
2023-08,,지자체,공공임대,광주,0
2023-08,,지자체,공공임대,대전,0
2023-08,,지자체,공공임대,울산,38
2023-08,,지자체,공공임대,세종,0
2023-08,,지자체,공공임대,강원,0
2023-08,,지자체,공공임대,충북,0
2023-08,,지자체,공공임대,충남,0
2023-08,,지자체,공공임대,전북,0
2023-08,,지자체,공공임대,전남,0
2023-08,,지자체,공공임대,경북,0
2023-08,,지자체,공공임대,경남,0
2023-08,,지자체,공공임대,제주,0
2023-08,,지자체,공공분양,전국,1458
2023-08,,지자체,공공분양,서울,0
2023-08,,지자체,공공분양,인천,1458
2023-08,,지자체,공공분양,경기,0
2023-08,,지자체,공공분양,부산,0
2023-08,,지자체,공공분양,대구,0
2023-08,,지자체,공공분양,광주,0
2023-08,,지자체,공공분양,대전,0
2023-08,,지자체,공공분양,울산,0
2023-08,,지자체,공공분양,세종,0
2023-08,,지자체,공공분양,강원,0
2023-08,,지자체,공공분양,충북,0
2023-08,,지자체,공공분양,충남,0
2023-08,,지자체,공공분양,전북,0
2023-08,,지자체,공공분양,전남,0
2023-08,,지자체,공공분양,경북,0
2023-08,,지자체,공공분양,경남,0
2023-08,,지자체,공공분양,제주,0
2023-08,,LH,소계,전국,7289
2023-08,,LH,소계,서울,348
2023-08,,LH,소계,인천,0
2023-08,,LH,소계,경기,3243
2023-08,,LH,소계,부산,1486
2023-08,,LH,소계,대구,0
2023-08,,LH,소계,광주,0
2023-08,,LH,소계,대전,1782
2023-08,,LH,소계,울산,0
2023-08,,LH,소계,세종,0
2023-08,,LH,소계,강원,80
2023-08,,LH,소계,충북,300
2023-08,,LH,소계,충남,50
2023-08,,LH,소계,전북,0
2023-08,,LH,소계,전남,0
2023-08,,LH,소계,경북,0
2023-08,,LH,소계,경남,0
2023-08,,LH,소계,제주,0
2023-08,,LH,국민임대,전국,0
2023-08,,LH,국민임대,서울,0
2023-08,,LH,국민임대,인천,0
2023-08,,LH,국민임대,경기,0
2023-08,,LH,국민임대,부산,0
2023-08,,LH,국민임대,대구,0
2023-08,,LH,국민임대,광주,0
2023-08,,LH,국민임대,대전,0
2023-08,,LH,국민임대,울산,0
2023-08,,LH,국민임대,세종,0
2023-08,,LH,국민임대,강원,0
2023-08,,LH,국민임대,충북,0
2023-08,,LH,국민임대,충남,0
2023-08,,LH,국민임대,전북,0
2023-08,,LH,국민임대,전남,0
2023-08,,LH,국민임대,경북,0
2023-08,,LH,국민임대,경남,0
2023-08,,LH,국민임대,제주,0
2023-08,,LH,공공임대,전국,2656
2023-08,,LH,공공임대,서울,85
2023-08,,LH,공공임대,인천,0
2023-08,,LH,공공임대,경기,806
2023-08,,LH,공공임대,부산,683
2023-08,,LH,공공임대,대구,0
2023-08,,LH,공공임대,광주,0
2023-08,,LH,공공임대,대전,652
2023-08,,LH,공공임대,울산,0
2023-08,,LH,공공임대,세종,0
2023-08,,LH,공공임대,강원,80
2023-08,,LH,공공임대,충북,300
2023-08,,LH,공공임대,충남,50
2023-08,,LH,공공임대,전북,0
2023-08,,LH,공공임대,전남,0
2023-08,,LH,공공임대,경북,0
2023-08,,LH,공공임대,경남,0
2023-08,,LH,공공임대,제주,0
2023-08,,LH,공공분양,전국,4633
2023-08,,LH,공공분양,서울,263
2023-08,,LH,공공분양,인천,0
2023-08,,LH,공공분양,경기,2437
2023-08,,LH,공공분양,부산,803
2023-08,,LH,공공분양,대구,0
2023-08,,LH,공공분양,광주,0
2023-08,,LH,공공분양,대전,1130
2023-08,,LH,공공분양,울산,0
2023-08,,LH,공공분양,세종,0
2023-08,,LH,공공분양,강원,0
2023-08,,LH,공공분양,충북,0
2023-08,,LH,공공분양,충남,0
2023-08,,LH,공공분양,전북,0
2023-08,,LH,공공분양,전남,0
2023-08,,LH,공공분양,경북,0
2023-08,,LH,공공분양,경남,0
2023-08,,LH,공공분양,제주,0
2023-08,,주택업체,소계,전국,1893
2023-08,,주택업체,소계,서울,1457
2023-08,,주택업체,소계,인천,0
2023-08,,주택업체,소계,경기,51
2023-08,,주택업체,소계,부산,0
2023-08,,주택업체,소계,대구,0
2023-08,,주택업체,소계,광주,0
2023-08,,주택업체,소계,대전,370
2023-08,,주택업체,소계,울산,0
2023-08,,주택업체,소계,세종,0
2023-08,,주택업체,소계,강원,0
2023-08,,주택업체,소계,충북,0
2023-08,,주택업체,소계,충남,0
2023-08,,주택업체,소계,전북,0
2023-08,,주택업체,소계,전남,0
2023-08,,주택업체,소계,경북,0
2023-08,,주택업체,소계,경남,0
2023-08,,주택업체,소계,제주,15
2023-08,,주택업체,국민임대,전국,66
2023-08,,주택업체,국민임대,서울,0
2023-08,,주택업체,국민임대,인천,0
2023-08,,주택업체,국민임대,경기,51
2023-08,,주택업체,국민임대,부산,0
2023-08,,주택업체,국민임대,대구,0
2023-08,,주택업체,국민임대,광주,0
2023-08,,주택업체,국민임대,대전,0
2023-08,,주택업체,국민임대,울산,0
2023-08,,주택업체,국민임대,세종,0
2023-08,,주택업체,국민임대,강원,0
2023-08,,주택업체,국민임대,충북,0
2023-08,,주택업체,국민임대,충남,0
2023-08,,주택업체,국민임대,전북,0
2023-08,,주택업체,국민임대,전남,0
2023-08,,주택업체,국민임대,경북,0
2023-08,,주택업체,국민임대,경남,0
2023-08,,주택업체,국민임대,제주,15
2023-08,,주택업체,공공임대,전국,839
2023-08,,주택업체,공공임대,서울,469
2023-08,,주택업체,공공임대,인천,0
2023-08,,주택업체,공공임대,경기,0
2023-08,,주택업체,공공임대,부산,0
2023-08,,주택업체,공공임대,대구,0
2023-08,,주택업체,공공임대,광주,0
2023-08,,주택업체,공공임대,대전,370
2023-08,,주택업체,공공임대,울산,0
2023-08,,주택업체,공공임대,세종,0
2023-08,,주택업체,공공임대,강원,0
2023-08,,주택업체,공공임대,충북,0
2023-08,,주택업체,공공임대,충남,0
2023-08,,주택업체,공공임대,전북,0
2023-08,,주택업체,공공임대,전남,0
2023-08,,주택업체,공공임대,경북,0
2023-08,,주택업체,공공임대,경남,0
2023-08,,주택업체,공공임대,제주,0
2023-08,,주택업체,공공분양,전국,988
2023-08,,주택업체,공공분양,서울,988
2023-08,,주택업체,공공분양,인천,0
2023-08,,주택업체,공공분양,경기,0
2023-08,,주택업체,공공분양,부산,0
2023-08,,주택업체,공공분양,대구,0
2023-08,,주택업체,공공분양,광주,0
2023-08,,주택업체,공공분양,대전,0
2023-08,,주택업체,공공분양,울산,0
2023-08,,주택업체,공공분양,세종,0
2023-08,,주택업체,공공분양,강원,0
2023-08,,주택업체,공공분양,충북,0
2023-08,,주택업체,공공분양,충남,0
2023-08,,주택업체,공공분양,전북,0
2023-08,,주택업체,공공분양,전남,0
2023-08,,주택업체,공공분양,경북,0
2023-08,,주택업체,공공분양,경남,0
2023-08,,주택업체,공공분양,제주,0
2023-08,,민간부문,민간부문,전국,241277
2023-08,,민간부문,민간부문,서울,21574
2023-08,,민간부문,민간부문,인천,16047
2023-08,,민간부문,민간부문,경기,59609
2023-08,,민간부문,민간부문,부산,15437
2023-08,,민간부문,민간부문,대구,10258
2023-08,,민간부문,민간부문,광주,9759
2023-08,,민간부문,민간부문,대전,9970
2023-08,,민간부문,민간부문,울산,8086
2023-08,,민간부문,민간부문,세종,320
2023-08,,민간부문,민간부문,강원,9469
2023-08,,민간부문,민간부문,충북,7053
2023-08,,민간부문,민간부문,충남,18740
2023-08,,민간부문,민간부문,전북,10488
2023-08,,민간부문,민간부문,전남,13258
2023-08,,민간부문,민간부문,경북,16700
2023-08,,민간부문,민간부문,경남,10019
2023-08,,민간부문,민간부문,제주,4490
2023-08,,민간,민간임대,전국,17642
2023-08,,민간,민간임대,서울,2623
2023-08,,민간,민간임대,인천,660
2023-08,,민간,민간임대,경기,4689
2023-08,,민간,민간임대,부산,90
2023-08,,민간,민간임대,대구,0
2023-08,,민간,민간임대,광주,0
2023-08,,민간,민간임대,대전,0
2023-08,,민간,민간임대,울산,0
2023-08,,민간,민간임대,세종,60
2023-08,,민간,민간임대,강원,612
2023-08,,민간,민간임대,충북,484
2023-08,,민간,민간임대,충남,646
2023-08,,민간,민간임대,전북,1051
2023-08,,민간,민간임대,전남,2138
2023-08,,민간,민간임대,경북,1163
2023-08,,민간,민간임대,경남,2898
2023-08,,민간,민간임대,제주,528
2023-08,,민간,민간분양,전국,223635
2023-08,,민간,민간분양,서울,18951
2023-08,,민간,민간분양,인천,15387
2023-08,,민간,민간분양,경기,54920
2023-08,,민간,민간분양,부산,15347
2023-08,,민간,민간분양,대구,10258
2023-08,,민간,민간분양,광주,9759
2023-08,,민간,민간분양,대전,9970
2023-08,,민간,민간분양,울산,8086
2023-08,,민간,민간분양,세종,260
2023-08,,민간,민간분양,강원,8857
2023-08,,민간,민간분양,충북,6569
2023-08,,민간,민간분양,충남,18094
2023-08,,민간,민간분양,전북,9437
2023-08,,민간,민간분양,전남,11120
2023-08,,민간,민간분양,경북,15537
2023-08,,민간,민간분양,경남,7121
2023-08,,민간,민간분양,제주,3962
2023-09,,총계,총계,전국,278749
2023-09,,총계,총계,서울,23884
2023-09,,총계,총계,인천,20564
2023-09,,총계,총계,경기,72870
2023-09,,총계,총계,부산,19131
2023-09,,총계,총계,대구,10272
2023-09,,총계,총계,광주,9971
2023-09,,총계,총계,대전,12732
2023-09,,총계,총계,울산,9883
2023-09,,총계,총계,세종,327
2023-09,,총계,총계,강원,11199
2023-09,,총계,총계,충북,8624
2023-09,,총계,총계,충남,20208
2023-09,,총계,총계,전북,10966
2023-09,,총계,총계,전남,14021
2023-09,,총계,총계,경북,18123
2023-09,,총계,총계,경남,11170
2023-09,,총계,총계,제주,4804
2023-09,,공공부문,공공부문,전국,11769
2023-09,,공공부문,공공부문,서울,1955
2023-09,,공공부문,공공부문,인천,1458
2023-09,,공공부문,공공부문,경기,3446
2023-09,,공공부문,공공부문,부산,1486
2023-09,,공공부문,공공부문,대구,0
2023-09,,공공부문,공공부문,광주,0
2023-09,,공공부문,공공부문,대전,2572
2023-09,,공공부문,공공부문,울산,140
2023-09,,공공부문,공공부문,세종,0
2023-09,,공공부문,공공부문,강원,80
2023-09,,공공부문,공공부문,충북,418
2023-09,,공공부문,공공부문,충남,50
2023-09,,공공부문,공공부문,전북,0
2023-09,,공공부문,공공부문,전남,0
2023-09,,공공부문,공공부문,경북,30
2023-09,,공공부문,공공부문,경남,0
2023-09,,공공부문,공공부문,제주,134
2023-09,,합,국민임대,전국,89
2023-09,,합,국민임대,서울,0
2023-09,,합,국민임대,인천,0
2023-09,,합,국민임대,경기,51
2023-09,,합,국민임대,부산,0
2023-09,,합,국민임대,대구,0
2023-09,,합,국민임대,광주,0
2023-09,,합,국민임대,대전,0
2023-09,,합,국민임대,울산,0
2023-09,,합,국민임대,세종,0
2023-09,,합,국민임대,강원,0
2023-09,,합,국민임대,충북,0
2023-09,,합,국민임대,충남,0
2023-09,,합,국민임대,전북,0
2023-09,,합,국민임대,전남,0
2023-09,,합,국민임대,경북,0
2023-09,,합,국민임대,경남,0
2023-09,,합,국민임대,제주,38
2023-09,,합,공공임대,전국,4601
2023-09,,합,공공임대,서울,704
2023-09,,합,공공임대,인천,0
2023-09,,합,공공임대,경기,958
2023-09,,합,공공임대,부산,683
2023-09,,합,공공임대,대구,0
2023-09,,합,공공임대,광주,0
2023-09,,합,공공임대,대전,1442
2023-09,,합,공공임대,울산,140
2023-09,,합,공공임대,세종,0
2023-09,,합,공공임대,강원,80
2023-09,,합,공공임대,충북,418
2023-09,,합,공공임대,충남,50
2023-09,,합,공공임대,전북,0
2023-09,,합,공공임대,전남,0
2023-09,,합,공공임대,경북,30
2023-09,,합,공공임대,경남,0
2023-09,,합,공공임대,제주,96
2023-09,,합,공공분양,전국,7079
2023-09,,합,공공분양,서울,1251
2023-09,,합,공공분양,인천,1458
2023-09,,합,공공분양,경기,2437
2023-09,,합,공공분양,부산,803
2023-09,,합,공공분양,대구,0
2023-09,,합,공공분양,광주,0
2023-09,,합,공공분양,대전,1130
2023-09,,합,공공분양,울산,0
2023-09,,합,공공분양,세종,0
2023-09,,합,공공분양,강원,0
2023-09,,합,공공분양,충북,0
2023-09,,합,공공분양,충남,0
2023-09,,합,공공분양,전북,0
2023-09,,합,공공분양,전남,0
2023-09,,합,공공분양,경북,0
2023-09,,합,공공분양,경남,0
2023-09,,합,공공분양,제주,0
2023-09,,지자체,소계,전국,2149
2023-09,,지자체,소계,서울,132
2023-09,,지자체,소계,인천,1458
2023-09,,지자체,소계,경기,152
2023-09,,지자체,소계,부산,0
2023-09,,지자체,소계,대구,0
2023-09,,지자체,소계,광주,0
2023-09,,지자체,소계,대전,0
2023-09,,지자체,소계,울산,140
2023-09,,지자체,소계,세종,0
2023-09,,지자체,소계,강원,0
2023-09,,지자체,소계,충북,118
2023-09,,지자체,소계,충남,0
2023-09,,지자체,소계,전북,0
2023-09,,지자체,소계,전남,0
2023-09,,지자체,소계,경북,30
2023-09,,지자체,소계,경남,0
2023-09,,지자체,소계,제주,119
2023-09,,지자체,국민임대,전국,23
2023-09,,지자체,국민임대,서울,0
2023-09,,지자체,국민임대,인천,0
2023-09,,지자체,국민임대,경기,0
2023-09,,지자체,국민임대,부산,0
2023-09,,지자체,국민임대,대구,0
2023-09,,지자체,국민임대,광주,0
2023-09,,지자체,국민임대,대전,0
2023-09,,지자체,국민임대,울산,0
2023-09,,지자체,국민임대,세종,0
2023-09,,지자체,국민임대,강원,0
2023-09,,지자체,국민임대,충북,0
2023-09,,지자체,국민임대,충남,0
2023-09,,지자체,국민임대,전북,0
2023-09,,지자체,국민임대,전남,0
2023-09,,지자체,국민임대,경북,0
2023-09,,지자체,국민임대,경남,0
2023-09,,지자체,국민임대,제주,23
2023-09,,지자체,공공임대,전국,668
2023-09,,지자체,공공임대,서울,132
2023-09,,지자체,공공임대,인천,0
2023-09,,지자체,공공임대,경기,152
2023-09,,지자체,공공임대,부산,0
2023-09,,지자체,공공임대,대구,0
2023-09,,지자체,공공임대,광주,0
2023-09,,지자체,공공임대,대전,0
2023-09,,지자체,공공임대,울산,140
2023-09,,지자체,공공임대,세종,0
2023-09,,지자체,공공임대,강원,0
2023-09,,지자체,공공임대,충북,118
2023-09,,지자체,공공임대,충남,0
2023-09,,지자체,공공임대,전북,0
2023-09,,지자체,공공임대,전남,0
2023-09,,지자체,공공임대,경북,30
2023-09,,지자체,공공임대,경남,0
2023-09,,지자체,공공임대,제주,96
2023-09,,지자체,공공분양,전국,1458
2023-09,,지자체,공공분양,서울,0
2023-09,,지자체,공공분양,인천,1458
2023-09,,지자체,공공분양,경기,0
2023-09,,지자체,공공분양,부산,0
2023-09,,지자체,공공분양,대구,0
2023-09,,지자체,공공분양,광주,0
2023-09,,지자체,공공분양,대전,0
2023-09,,지자체,공공분양,울산,0
2023-09,,지자체,공공분양,세종,0
2023-09,,지자체,공공분양,강원,0
2023-09,,지자체,공공분양,충북,0
2023-09,,지자체,공공분양,충남,0
2023-09,,지자체,공공분양,전북,0
2023-09,,지자체,공공분양,전남,0
2023-09,,지자체,공공분양,경북,0
2023-09,,지자체,공공분양,경남,0
2023-09,,지자체,공공분양,제주,0
2023-09,,LH,소계,전국,7727
2023-09,,LH,소계,서울,366
2023-09,,LH,소계,인천,0
2023-09,,LH,소계,경기,3243
2023-09,,LH,소계,부산,1486
2023-09,,LH,소계,대구,0
2023-09,,LH,소계,광주,0
2023-09,,LH,소계,대전,2202
2023-09,,LH,소계,울산,0
2023-09,,LH,소계,세종,0
2023-09,,LH,소계,강원,80
2023-09,,LH,소계,충북,300
2023-09,,LH,소계,충남,50
2023-09,,LH,소계,전북,0
2023-09,,LH,소계,전남,0
2023-09,,LH,소계,경북,0
2023-09,,LH,소계,경남,0
2023-09,,LH,소계,제주,0
2023-09,,LH,국민임대,전국,0
2023-09,,LH,국민임대,서울,0
2023-09,,LH,국민임대,인천,0
2023-09,,LH,국민임대,경기,0
2023-09,,LH,국민임대,부산,0
2023-09,,LH,국민임대,대구,0
2023-09,,LH,국민임대,광주,0
2023-09,,LH,국민임대,대전,0
2023-09,,LH,국민임대,울산,0
2023-09,,LH,국민임대,세종,0
2023-09,,LH,국민임대,강원,0
2023-09,,LH,국민임대,충북,0
2023-09,,LH,국민임대,충남,0
2023-09,,LH,국민임대,전북,0
2023-09,,LH,국민임대,전남,0
2023-09,,LH,국민임대,경북,0
2023-09,,LH,국민임대,경남,0
2023-09,,LH,국민임대,제주,0
2023-09,,LH,공공임대,전국,3094
2023-09,,LH,공공임대,서울,103
2023-09,,LH,공공임대,인천,0
2023-09,,LH,공공임대,경기,806
2023-09,,LH,공공임대,부산,683
2023-09,,LH,공공임대,대구,0
2023-09,,LH,공공임대,광주,0
2023-09,,LH,공공임대,대전,1072
2023-09,,LH,공공임대,울산,0
2023-09,,LH,공공임대,세종,0
2023-09,,LH,공공임대,강원,80
2023-09,,LH,공공임대,충북,300
2023-09,,LH,공공임대,충남,50
2023-09,,LH,공공임대,전북,0
2023-09,,LH,공공임대,전남,0
2023-09,,LH,공공임대,경북,0
2023-09,,LH,공공임대,경남,0
2023-09,,LH,공공임대,제주,0
2023-09,,LH,공공분양,전국,4633
2023-09,,LH,공공분양,서울,263
2023-09,,LH,공공분양,인천,0
2023-09,,LH,공공분양,경기,2437
2023-09,,LH,공공분양,부산,803
2023-09,,LH,공공분양,대구,0
2023-09,,LH,공공분양,광주,0
2023-09,,LH,공공분양,대전,1130
2023-09,,LH,공공분양,울산,0
2023-09,,LH,공공분양,세종,0
2023-09,,LH,공공분양,강원,0
2023-09,,LH,공공분양,충북,0
2023-09,,LH,공공분양,충남,0
2023-09,,LH,공공분양,전북,0
2023-09,,LH,공공분양,전남,0
2023-09,,LH,공공분양,경북,0
2023-09,,LH,공공분양,경남,0
2023-09,,LH,공공분양,제주,0
2023-09,,주택업체,소계,전국,1893
2023-09,,주택업체,소계,서울,1457
2023-09,,주택업체,소계,인천,0
2023-09,,주택업체,소계,경기,51
2023-09,,주택업체,소계,부산,0
2023-09,,주택업체,소계,대구,0
2023-09,,주택업체,소계,광주,0
2023-09,,주택업체,소계,대전,370
2023-09,,주택업체,소계,울산,0
2023-09,,주택업체,소계,세종,0
2023-09,,주택업체,소계,강원,0
2023-09,,주택업체,소계,충북,0
2023-09,,주택업체,소계,충남,0
2023-09,,주택업체,소계,전북,0
2023-09,,주택업체,소계,전남,0
2023-09,,주택업체,소계,경북,0
2023-09,,주택업체,소계,경남,0
2023-09,,주택업체,소계,제주,15
2023-09,,주택업체,국민임대,전국,66
2023-09,,주택업체,국민임대,서울,0
2023-09,,주택업체,국민임대,인천,0
2023-09,,주택업체,국민임대,경기,51
2023-09,,주택업체,국민임대,부산,0
2023-09,,주택업체,국민임대,대구,0
2023-09,,주택업체,국민임대,광주,0
2023-09,,주택업체,국민임대,대전,0
2023-09,,주택업체,국민임대,울산,0
2023-09,,주택업체,국민임대,세종,0
2023-09,,주택업체,국민임대,강원,0
2023-09,,주택업체,국민임대,충북,0
2023-09,,주택업체,국민임대,충남,0
2023-09,,주택업체,국민임대,전북,0
2023-09,,주택업체,국민임대,전남,0
2023-09,,주택업체,국민임대,경북,0
2023-09,,주택업체,국민임대,경남,0
2023-09,,주택업체,국민임대,제주,15
2023-09,,주택업체,공공임대,전국,839
2023-09,,주택업체,공공임대,서울,469
2023-09,,주택업체,공공임대,인천,0
2023-09,,주택업체,공공임대,경기,0
2023-09,,주택업체,공공임대,부산,0
2023-09,,주택업체,공공임대,대구,0
2023-09,,주택업체,공공임대,광주,0
2023-09,,주택업체,공공임대,대전,370
2023-09,,주택업체,공공임대,울산,0
2023-09,,주택업체,공공임대,세종,0
2023-09,,주택업체,공공임대,강원,0
2023-09,,주택업체,공공임대,충북,0
2023-09,,주택업체,공공임대,충남,0
2023-09,,주택업체,공공임대,전북,0
2023-09,,주택업체,공공임대,전남,0
2023-09,,주택업체,공공임대,경북,0
2023-09,,주택업체,공공임대,경남,0
2023-09,,주택업체,공공임대,제주,0
2023-09,,주택업체,공공분양,전국,988
2023-09,,주택업체,공공분양,서울,988
2023-09,,주택업체,공공분양,인천,0
2023-09,,주택업체,공공분양,경기,0
2023-09,,주택업체,공공분양,부산,0
2023-09,,주택업체,공공분양,대구,0
2023-09,,주택업체,공공분양,광주,0
2023-09,,주택업체,공공분양,대전,0
2023-09,,주택업체,공공분양,울산,0
2023-09,,주택업체,공공분양,세종,0
2023-09,,주택업체,공공분양,강원,0
2023-09,,주택업체,공공분양,충북,0
2023-09,,주택업체,공공분양,충남,0
2023-09,,주택업체,공공분양,전북,0
2023-09,,주택업체,공공분양,전남,0
2023-09,,주택업체,공공분양,경북,0
2023-09,,주택업체,공공분양,경남,0
2023-09,,주택업체,공공분양,제주,0
2023-09,,민간부문,민간부문,전국,266980
2023-09,,민간부문,민간부문,서울,21929
2023-09,,민간부문,민간부문,인천,19106
2023-09,,민간부문,민간부문,경기,69424
2023-09,,민간부문,민간부문,부산,17645
2023-09,,민간부문,민간부문,대구,10272
2023-09,,민간부문,민간부문,광주,9971
2023-09,,민간부문,민간부문,대전,10160
2023-09,,민간부문,민간부문,울산,9743
2023-09,,민간부문,민간부문,세종,327
2023-09,,민간부문,민간부문,강원,11119
2023-09,,민간부문,민간부문,충북,8206
2023-09,,민간부문,민간부문,충남,20158
2023-09,,민간부문,민간부문,전북,10966
2023-09,,민간부문,민간부문,전남,14021
2023-09,,민간부문,민간부문,경북,18093
2023-09,,민간부문,민간부문,경남,11170
2023-09,,민간부문,민간부문,제주,4670
2023-09,,민간,민간임대,전국,18892
2023-09,,민간,민간임대,서울,2623
2023-09,,민간,민간임대,인천,660
2023-09,,민간,민간임대,경기,5476
2023-09,,민간,민간임대,부산,90
2023-09,,민간,민간임대,대구,0
2023-09,,민간,민간임대,광주,0
2023-09,,민간,민간임대,대전,0
2023-09,,민간,민간임대,울산,0
2023-09,,민간,민간임대,세종,60
2023-09,,민간,민간임대,강원,612
2023-09,,민간,민간임대,충북,484
2023-09,,민간,민간임대,충남,646
2023-09,,민간,민간임대,전북,1415
2023-09,,민간,민간임대,전남,2237
2023-09,,민간,민간임대,경북,1163
2023-09,,민간,민간임대,경남,2898
2023-09,,민간,민간임대,제주,528
2023-09,,민간,민간분양,전국,248088
2023-09,,민간,민간분양,서울,19306
2023-09,,민간,민간분양,인천,18446
2023-09,,민간,민간분양,경기,63948
2023-09,,민간,민간분양,부산,17555
2023-09,,민간,민간분양,대구,10272
2023-09,,민간,민간분양,광주,9971
2023-09,,민간,민간분양,대전,10160
2023-09,,민간,민간분양,울산,9743
2023-09,,민간,민간분양,세종,267
2023-09,,민간,민간분양,강원,10507
2023-09,,민간,민간분양,충북,7722
2023-09,,민간,민간분양,충남,19512
2023-09,,민간,민간분양,전북,9551
2023-09,,민간,민간분양,전남,11784
2023-09,,민간,민간분양,경북,16930
2023-09,,민간,민간분양,경남,8272
2023-09,,민간,민간분양,제주,4142
2023-10,,총계,총계,전국,298972
2023-10,,총계,총계,서울,27731
2023-10,,총계,총계,인천,21403
2023-10,,총계,총계,경기,75728
2023-10,,총계,총계,부산,21593
2023-10,,총계,총계,대구,10289
2023-10,,총계,총계,광주,10454
2023-10,,총계,총계,대전,13337
2023-10,,총계,총계,울산,10053
2023-10,,총계,총계,세종,331
2023-10,,총계,총계,강원,13373
2023-10,,총계,총계,충북,9328
2023-10,,총계,총계,충남,21835
2023-10,,총계,총계,전북,11353
2023-10,,총계,총계,전남,16014
2023-10,,총계,총계,경북,18380
2023-10,,총계,총계,경남,11367
2023-10,,총계,총계,제주,6403
2023-10,,공공부문,공공부문,전국,13075
2023-10,,공공부문,공공부문,서울,1955
2023-10,,공공부문,공공부문,인천,1458
2023-10,,공공부문,공공부문,경기,4052
2023-10,,공공부문,공공부문,부산,2066
2023-10,,공공부문,공공부문,대구,0
2023-10,,공공부문,공공부문,광주,0
2023-10,,공공부문,공공부문,대전,2572
2023-10,,공공부문,공공부문,울산,140
2023-10,,공공부문,공공부문,세종,0
2023-10,,공공부문,공공부문,강원,200
2023-10,,공공부문,공공부문,충북,418
2023-10,,공공부문,공공부문,충남,50
2023-10,,공공부문,공공부문,전북,0
2023-10,,공공부문,공공부문,전남,0
2023-10,,공공부문,공공부문,경북,30
2023-10,,공공부문,공공부문,경남,0
2023-10,,공공부문,공공부문,제주,134
2023-10,,합,국민임대,전국,89
2023-10,,합,국민임대,서울,0
2023-10,,합,국민임대,인천,0
2023-10,,합,국민임대,경기,51
2023-10,,합,국민임대,부산,0
2023-10,,합,국민임대,대구,0
2023-10,,합,국민임대,광주,0
2023-10,,합,국민임대,대전,0
2023-10,,합,국민임대,울산,0
2023-10,,합,국민임대,세종,0
2023-10,,합,국민임대,강원,0
2023-10,,합,국민임대,충북,0
2023-10,,합,국민임대,충남,0
2023-10,,합,국민임대,전북,0
2023-10,,합,국민임대,전남,0
2023-10,,합,국민임대,경북,0
2023-10,,합,국민임대,경남,0
2023-10,,합,국민임대,제주,38
2023-10,,합,공공임대,전국,5365
2023-10,,합,공공임대,서울,704
2023-10,,합,공공임대,인천,0
2023-10,,합,공공임대,경기,1160
2023-10,,합,공공임대,부산,1125
2023-10,,합,공공임대,대구,0
2023-10,,합,공공임대,광주,0
2023-10,,합,공공임대,대전,1442
2023-10,,합,공공임대,울산,140
2023-10,,합,공공임대,세종,0
2023-10,,합,공공임대,강원,200
2023-10,,합,공공임대,충북,418
2023-10,,합,공공임대,충남,50
2023-10,,합,공공임대,전북,0
2023-10,,합,공공임대,전남,0
2023-10,,합,공공임대,경북,30
2023-10,,합,공공임대,경남,0
2023-10,,합,공공임대,제주,96
2023-10,,합,공공분양,전국,7621
2023-10,,합,공공분양,서울,1251
2023-10,,합,공공분양,인천,1458
2023-10,,합,공공분양,경기,2841
2023-10,,합,공공분양,부산,941
2023-10,,합,공공분양,대구,0
2023-10,,합,공공분양,광주,0
2023-10,,합,공공분양,대전,1130
2023-10,,합,공공분양,울산,0
2023-10,,합,공공분양,세종,0
2023-10,,합,공공분양,강원,0
2023-10,,합,공공분양,충북,0
2023-10,,합,공공분양,충남,0
2023-10,,합,공공분양,전북,0
2023-10,,합,공공분양,전남,0
2023-10,,합,공공분양,경북,0
2023-10,,합,공공분양,경남,0
2023-10,,합,공공분양,제주,0
2023-10,,지자체,소계,전국,2149
2023-10,,지자체,소계,서울,132
2023-10,,지자체,소계,인천,1458
2023-10,,지자체,소계,경기,152
2023-10,,지자체,소계,부산,0
2023-10,,지자체,소계,대구,0
2023-10,,지자체,소계,광주,0
2023-10,,지자체,소계,대전,0
2023-10,,지자체,소계,울산,140
2023-10,,지자체,소계,세종,0
2023-10,,지자체,소계,강원,0
2023-10,,지자체,소계,충북,118
2023-10,,지자체,소계,충남,0
2023-10,,지자체,소계,전북,0
2023-10,,지자체,소계,전남,0
2023-10,,지자체,소계,경북,30
2023-10,,지자체,소계,경남,0
2023-10,,지자체,소계,제주,119
2023-10,,지자체,국민임대,전국,23
2023-10,,지자체,국민임대,서울,0
2023-10,,지자체,국민임대,인천,0
2023-10,,지자체,국민임대,경기,0
2023-10,,지자체,국민임대,부산,0
2023-10,,지자체,국민임대,대구,0
2023-10,,지자체,국민임대,광주,0
2023-10,,지자체,국민임대,대전,0
2023-10,,지자체,국민임대,울산,0
2023-10,,지자체,국민임대,세종,0
2023-10,,지자체,국민임대,강원,0
2023-10,,지자체,국민임대,충북,0
2023-10,,지자체,국민임대,충남,0
2023-10,,지자체,국민임대,전북,0
2023-10,,지자체,국민임대,전남,0
2023-10,,지자체,국민임대,경북,0
2023-10,,지자체,국민임대,경남,0
2023-10,,지자체,국민임대,제주,23
2023-10,,지자체,공공임대,전국,668
2023-10,,지자체,공공임대,서울,132
2023-10,,지자체,공공임대,인천,0
2023-10,,지자체,공공임대,경기,152
2023-10,,지자체,공공임대,부산,0
2023-10,,지자체,공공임대,대구,0
2023-10,,지자체,공공임대,광주,0
2023-10,,지자체,공공임대,대전,0
2023-10,,지자체,공공임대,울산,140
2023-10,,지자체,공공임대,세종,0
2023-10,,지자체,공공임대,강원,0
2023-10,,지자체,공공임대,충북,118
2023-10,,지자체,공공임대,충남,0
2023-10,,지자체,공공임대,전북,0
2023-10,,지자체,공공임대,전남,0
2023-10,,지자체,공공임대,경북,30
2023-10,,지자체,공공임대,경남,0
2023-10,,지자체,공공임대,제주,96
2023-10,,지자체,공공분양,전국,1458
2023-10,,지자체,공공분양,서울,0
2023-10,,지자체,공공분양,인천,1458
2023-10,,지자체,공공분양,경기,0
2023-10,,지자체,공공분양,부산,0
2023-10,,지자체,공공분양,대구,0
2023-10,,지자체,공공분양,광주,0
2023-10,,지자체,공공분양,대전,0
2023-10,,지자체,공공분양,울산,0
2023-10,,지자체,공공분양,세종,0
2023-10,,지자체,공공분양,강원,0
2023-10,,지자체,공공분양,충북,0
2023-10,,지자체,공공분양,충남,0
2023-10,,지자체,공공분양,전북,0
2023-10,,지자체,공공분양,전남,0
2023-10,,지자체,공공분양,경북,0
2023-10,,지자체,공공분양,경남,0
2023-10,,지자체,공공분양,제주,0
2023-10,,LH,소계,전국,8453
2023-10,,LH,소계,서울,366
2023-10,,LH,소계,인천,0
2023-10,,LH,소계,경기,3849
2023-10,,LH,소계,부산,1486
2023-10,,LH,소계,대구,0
2023-10,,LH,소계,광주,0
2023-10,,LH,소계,대전,2202
2023-10,,LH,소계,울산,0
2023-10,,LH,소계,세종,0
2023-10,,LH,소계,강원,200
2023-10,,LH,소계,충북,300
2023-10,,LH,소계,충남,50
2023-10,,LH,소계,전북,0
2023-10,,LH,소계,전남,0
2023-10,,LH,소계,경북,0
2023-10,,LH,소계,경남,0
2023-10,,LH,소계,제주,0
2023-10,,LH,국민임대,전국,0
2023-10,,LH,국민임대,서울,0
2023-10,,LH,국민임대,인천,0
2023-10,,LH,국민임대,경기,0
2023-10,,LH,국민임대,부산,0
2023-10,,LH,국민임대,대구,0
2023-10,,LH,국민임대,광주,0
2023-10,,LH,국민임대,대전,0
2023-10,,LH,국민임대,울산,0
2023-10,,LH,국민임대,세종,0
2023-10,,LH,국민임대,강원,0
2023-10,,LH,국민임대,충북,0
2023-10,,LH,국민임대,충남,0
2023-10,,LH,국민임대,전북,0
2023-10,,LH,국민임대,전남,0
2023-10,,LH,국민임대,경북,0
2023-10,,LH,국민임대,경남,0
2023-10,,LH,국민임대,제주,0
2023-10,,LH,공공임대,전국,3416
2023-10,,LH,공공임대,서울,103
2023-10,,LH,공공임대,인천,0
2023-10,,LH,공공임대,경기,1008
2023-10,,LH,공공임대,부산,683
2023-10,,LH,공공임대,대구,0
2023-10,,LH,공공임대,광주,0
2023-10,,LH,공공임대,대전,1072
2023-10,,LH,공공임대,울산,0
2023-10,,LH,공공임대,세종,0
2023-10,,LH,공공임대,강원,200
2023-10,,LH,공공임대,충북,300
2023-10,,LH,공공임대,충남,50
2023-10,,LH,공공임대,전북,0
2023-10,,LH,공공임대,전남,0
2023-10,,LH,공공임대,경북,0
2023-10,,LH,공공임대,경남,0
2023-10,,LH,공공임대,제주,0
2023-10,,LH,공공분양,전국,5037
2023-10,,LH,공공분양,서울,263
2023-10,,LH,공공분양,인천,0
2023-10,,LH,공공분양,경기,2841
2023-10,,LH,공공분양,부산,803
2023-10,,LH,공공분양,대구,0
2023-10,,LH,공공분양,광주,0
2023-10,,LH,공공분양,대전,1130
2023-10,,LH,공공분양,울산,0
2023-10,,LH,공공분양,세종,0
2023-10,,LH,공공분양,강원,0
2023-10,,LH,공공분양,충북,0
2023-10,,LH,공공분양,충남,0
2023-10,,LH,공공분양,전북,0
2023-10,,LH,공공분양,전남,0
2023-10,,LH,공공분양,경북,0
2023-10,,LH,공공분양,경남,0
2023-10,,LH,공공분양,제주,0
2023-10,,주택업체,소계,전국,2473
2023-10,,주택업체,소계,서울,1457
2023-10,,주택업체,소계,인천,0
2023-10,,주택업체,소계,경기,51
2023-10,,주택업체,소계,부산,580
2023-10,,주택업체,소계,대구,0
2023-10,,주택업체,소계,광주,0
2023-10,,주택업체,소계,대전,370
2023-10,,주택업체,소계,울산,0
2023-10,,주택업체,소계,세종,0
2023-10,,주택업체,소계,강원,0
2023-10,,주택업체,소계,충북,0
2023-10,,주택업체,소계,충남,0
2023-10,,주택업체,소계,전북,0
2023-10,,주택업체,소계,전남,0
2023-10,,주택업체,소계,경북,0
2023-10,,주택업체,소계,경남,0
2023-10,,주택업체,소계,제주,15
2023-10,,주택업체,국민임대,전국,66
2023-10,,주택업체,국민임대,서울,0
2023-10,,주택업체,국민임대,인천,0
2023-10,,주택업체,국민임대,경기,51
2023-10,,주택업체,국민임대,부산,0
2023-10,,주택업체,국민임대,대구,0
2023-10,,주택업체,국민임대,광주,0
2023-10,,주택업체,국민임대,대전,0
2023-10,,주택업체,국민임대,울산,0
2023-10,,주택업체,국민임대,세종,0
2023-10,,주택업체,국민임대,강원,0
2023-10,,주택업체,국민임대,충북,0
2023-10,,주택업체,국민임대,충남,0
2023-10,,주택업체,국민임대,전북,0
2023-10,,주택업체,국민임대,전남,0
2023-10,,주택업체,국민임대,경북,0
2023-10,,주택업체,국민임대,경남,0
2023-10,,주택업체,국민임대,제주,15
2023-10,,주택업체,공공임대,전국,1281
2023-10,,주택업체,공공임대,서울,469
2023-10,,주택업체,공공임대,인천,0
2023-10,,주택업체,공공임대,경기,0
2023-10,,주택업체,공공임대,부산,442
2023-10,,주택업체,공공임대,대구,0
2023-10,,주택업체,공공임대,광주,0
2023-10,,주택업체,공공임대,대전,370
2023-10,,주택업체,공공임대,울산,0
2023-10,,주택업체,공공임대,세종,0
2023-10,,주택업체,공공임대,강원,0
2023-10,,주택업체,공공임대,충북,0
2023-10,,주택업체,공공임대,충남,0
2023-10,,주택업체,공공임대,전북,0
2023-10,,주택업체,공공임대,전남,0
2023-10,,주택업체,공공임대,경북,0
2023-10,,주택업체,공공임대,경남,0
2023-10,,주택업체,공공임대,제주,0
2023-10,,주택업체,공공분양,전국,1126
2023-10,,주택업체,공공분양,서울,988
2023-10,,주택업체,공공분양,인천,0
2023-10,,주택업체,공공분양,경기,0
2023-10,,주택업체,공공분양,부산,138
2023-10,,주택업체,공공분양,대구,0
2023-10,,주택업체,공공분양,광주,0
2023-10,,주택업체,공공분양,대전,0
2023-10,,주택업체,공공분양,울산,0
2023-10,,주택업체,공공분양,세종,0
2023-10,,주택업체,공공분양,강원,0
2023-10,,주택업체,공공분양,충북,0
2023-10,,주택업체,공공분양,충남,0
2023-10,,주택업체,공공분양,전북,0
2023-10,,주택업체,공공분양,전남,0
2023-10,,주택업체,공공분양,경북,0
2023-10,,주택업체,공공분양,경남,0
2023-10,,주택업체,공공분양,제주,0
2023-10,,민간부문,민간부문,전국,285897
2023-10,,민간부문,민간부문,서울,25776
2023-10,,민간부문,민간부문,인천,19945
2023-10,,민간부문,민간부문,경기,71676
2023-10,,민간부문,민간부문,부산,19527
2023-10,,민간부문,민간부문,대구,10289
2023-10,,민간부문,민간부문,광주,10454
2023-10,,민간부문,민간부문,대전,10765
2023-10,,민간부문,민간부문,울산,9913
2023-10,,민간부문,민간부문,세종,331
2023-10,,민간부문,민간부문,강원,13173
2023-10,,민간부문,민간부문,충북,8910
2023-10,,민간부문,민간부문,충남,21785
2023-10,,민간부문,민간부문,전북,11353
2023-10,,민간부문,민간부문,전남,16014
2023-10,,민간부문,민간부문,경북,18350
2023-10,,민간부문,민간부문,경남,11367
2023-10,,민간부문,민간부문,제주,6269
2023-10,,민간,민간임대,전국,20361
2023-10,,민간,민간임대,서울,2623
2023-10,,민간,민간임대,인천,660
2023-10,,민간,민간임대,경기,5476
2023-10,,민간,민간임대,부산,90
2023-10,,민간,민간임대,대구,0
2023-10,,민간,민간임대,광주,0
2023-10,,민간,민간임대,대전,0
2023-10,,민간,민간임대,울산,0
2023-10,,민간,민간임대,세종,60
2023-10,,민간,민간임대,강원,612
2023-10,,민간,민간임대,충북,484
2023-10,,민간,민간임대,충남,1353
2023-10,,민간,민간임대,전북,1415
2023-10,,민간,민간임대,전남,2999
2023-10,,민간,민간임대,경북,1163
2023-10,,민간,민간임대,경남,2898
2023-10,,민간,민간임대,제주,528
2023-10,,민간,민간분양,전국,265536
2023-10,,민간,민간분양,서울,23153
2023-10,,민간,민간분양,인천,19285
2023-10,,민간,민간분양,경기,66200
2023-10,,민간,민간분양,부산,19437
2023-10,,민간,민간분양,대구,10289
2023-10,,민간,민간분양,광주,10454
2023-10,,민간,민간분양,대전,10765
2023-10,,민간,민간분양,울산,9913
2023-10,,민간,민간분양,세종,271
2023-10,,민간,민간분양,강원,12561
2023-10,,민간,민간분양,충북,8426
2023-10,,민간,민간분양,충남,20432
2023-10,,민간,민간분양,전북,9938
2023-10,,민간,민간분양,전남,13015
2023-10,,민간,민간분양,경북,17187
2023-10,,민간,민간분양,경남,8469
2023-10,,민간,민간분양,제주,5741
2023-11,,총계,총계,전국,327367
2023-11,,총계,총계,서울,34600
2023-11,,총계,총계,인천,23985
2023-11,,총계,총계,경기,83949
2023-11,,총계,총계,부산,22626
2023-11,,총계,총계,대구,10899
2023-11,,총계,총계,광주,10942
2023-11,,총계,총계,대전,13370
2023-11,,총계,총계,울산,10686
2023-11,,총계,총계,세종,436
2023-11,,총계,총계,강원,14164
2023-11,,총계,총계,충북,10470
2023-11,,총계,총계,충남,22624
2023-11,,총계,총계,전북,12773
2023-11,,총계,총계,전남,16729
2023-11,,총계,총계,경북,20490
2023-11,,총계,총계,경남,11837
2023-11,,총계,총계,제주,6787
2023-11,,공공부문,공공부문,전국,14231
2023-11,,공공부문,공공부문,서울,2029
2023-11,,공공부문,공공부문,인천,1458
2023-11,,공공부문,공공부문,경기,5054
2023-11,,공공부문,공공부문,부산,2066
2023-11,,공공부문,공공부문,대구,0
2023-11,,공공부문,공공부문,광주,0
2023-11,,공공부문,공공부문,대전,2572
2023-11,,공공부문,공공부문,울산,140
2023-11,,공공부문,공공부문,세종,0
2023-11,,공공부문,공공부문,강원,200
2023-11,,공공부문,공공부문,충북,418
2023-11,,공공부문,공공부문,충남,50
2023-11,,공공부문,공공부문,전북,0
2023-11,,공공부문,공공부문,전남,0
2023-11,,공공부문,공공부문,경북,110
2023-11,,공공부문,공공부문,경남,0
2023-11,,공공부문,공공부문,제주,134
2023-11,,합,국민임대,전국,89
2023-11,,합,국민임대,서울,0
2023-11,,합,국민임대,인천,0
2023-11,,합,국민임대,경기,51
2023-11,,합,국민임대,부산,0
2023-11,,합,국민임대,대구,0
2023-11,,합,국민임대,광주,0
2023-11,,합,국민임대,대전,0
2023-11,,합,국민임대,울산,0
2023-11,,합,국민임대,세종,0
2023-11,,합,국민임대,강원,0
2023-11,,합,국민임대,충북,0
2023-11,,합,국민임대,충남,0
2023-11,,합,국민임대,전북,0
2023-11,,합,국민임대,전남,0
2023-11,,합,국민임대,경북,0
2023-11,,합,국민임대,경남,0
2023-11,,합,국민임대,제주,38
2023-11,,합,공공임대,전국,6441
2023-11,,합,공공임대,서울,778
2023-11,,합,공공임대,인천,0
2023-11,,합,공공임대,경기,2162
2023-11,,합,공공임대,부산,1125
2023-11,,합,공공임대,대구,0
2023-11,,합,공공임대,광주,0
2023-11,,합,공공임대,대전,1442
2023-11,,합,공공임대,울산,140
2023-11,,합,공공임대,세종,0
2023-11,,합,공공임대,강원,200
2023-11,,합,공공임대,충북,418
2023-11,,합,공공임대,충남,50
2023-11,,합,공공임대,전북,0
2023-11,,합,공공임대,전남,0
2023-11,,합,공공임대,경북,30
2023-11,,합,공공임대,경남,0
2023-11,,합,공공임대,제주,96
2023-11,,합,공공분양,전국,7701
2023-11,,합,공공분양,서울,1251
2023-11,,합,공공분양,인천,1458
2023-11,,합,공공분양,경기,2841
2023-11,,합,공공분양,부산,941
2023-11,,합,공공분양,대구,0
2023-11,,합,공공분양,광주,0
2023-11,,합,공공분양,대전,1130
2023-11,,합,공공분양,울산,0
2023-11,,합,공공분양,세종,0
2023-11,,합,공공분양,강원,0
2023-11,,합,공공분양,충북,0
2023-11,,합,공공분양,충남,0
2023-11,,합,공공분양,전북,0
2023-11,,합,공공분양,전남,0
2023-11,,합,공공분양,경북,80
2023-11,,합,공공분양,경남,0
2023-11,,합,공공분양,제주,0
2023-11,,지자체,소계,전국,2229
2023-11,,지자체,소계,서울,132
2023-11,,지자체,소계,인천,1458
2023-11,,지자체,소계,경기,152
2023-11,,지자체,소계,부산,0
2023-11,,지자체,소계,대구,0
2023-11,,지자체,소계,광주,0
2023-11,,지자체,소계,대전,0
2023-11,,지자체,소계,울산,140
2023-11,,지자체,소계,세종,0
2023-11,,지자체,소계,강원,0
2023-11,,지자체,소계,충북,118
2023-11,,지자체,소계,충남,0
2023-11,,지자체,소계,전북,0
2023-11,,지자체,소계,전남,0
2023-11,,지자체,소계,경북,110
2023-11,,지자체,소계,경남,0
2023-11,,지자체,소계,제주,119
2023-11,,지자체,국민임대,전국,23
2023-11,,지자체,국민임대,서울,0
2023-11,,지자체,국민임대,인천,0
2023-11,,지자체,국민임대,경기,0
2023-11,,지자체,국민임대,부산,0
2023-11,,지자체,국민임대,대구,0
2023-11,,지자체,국민임대,광주,0
2023-11,,지자체,국민임대,대전,0
2023-11,,지자체,국민임대,울산,0
2023-11,,지자체,국민임대,세종,0
2023-11,,지자체,국민임대,강원,0
2023-11,,지자체,국민임대,충북,0
2023-11,,지자체,국민임대,충남,0
2023-11,,지자체,국민임대,전북,0
2023-11,,지자체,국민임대,전남,0
2023-11,,지자체,국민임대,경북,0
2023-11,,지자체,국민임대,경남,0
2023-11,,지자체,국민임대,제주,23
2023-11,,지자체,공공임대,전국,668
2023-11,,지자체,공공임대,서울,132
2023-11,,지자체,공공임대,인천,0
2023-11,,지자체,공공임대,경기,152
2023-11,,지자체,공공임대,부산,0
2023-11,,지자체,공공임대,대구,0
2023-11,,지자체,공공임대,광주,0
2023-11,,지자체,공공임대,대전,0
2023-11,,지자체,공공임대,울산,140
2023-11,,지자체,공공임대,세종,0
2023-11,,지자체,공공임대,강원,0
2023-11,,지자체,공공임대,충북,118
2023-11,,지자체,공공임대,충남,0
2023-11,,지자체,공공임대,전북,0
2023-11,,지자체,공공임대,전남,0
2023-11,,지자체,공공임대,경북,30
2023-11,,지자체,공공임대,경남,0
2023-11,,지자체,공공임대,제주,96
2023-11,,지자체,공공분양,전국,1538
2023-11,,지자체,공공분양,서울,0
2023-11,,지자체,공공분양,인천,1458
2023-11,,지자체,공공분양,경기,0
2023-11,,지자체,공공분양,부산,0
2023-11,,지자체,공공분양,대구,0
2023-11,,지자체,공공분양,광주,0
2023-11,,지자체,공공분양,대전,0
2023-11,,지자체,공공분양,울산,0
2023-11,,지자체,공공분양,세종,0
2023-11,,지자체,공공분양,강원,0
2023-11,,지자체,공공분양,충북,0
2023-11,,지자체,공공분양,충남,0
2023-11,,지자체,공공분양,전북,0
2023-11,,지자체,공공분양,전남,0
2023-11,,지자체,공공분양,경북,80
2023-11,,지자체,공공분양,경남,0
2023-11,,지자체,공공분양,제주,0
2023-11,,LH,소계,전국,9455
2023-11,,LH,소계,서울,366
2023-11,,LH,소계,인천,0
2023-11,,LH,소계,경기,4851
2023-11,,LH,소계,부산,1486
2023-11,,LH,소계,대구,0
2023-11,,LH,소계,광주,0
2023-11,,LH,소계,대전,2202
2023-11,,LH,소계,울산,0
2023-11,,LH,소계,세종,0
2023-11,,LH,소계,강원,200
2023-11,,LH,소계,충북,300
2023-11,,LH,소계,충남,50
2023-11,,LH,소계,전북,0
2023-11,,LH,소계,전남,0
2023-11,,LH,소계,경북,0
2023-11,,LH,소계,경남,0
2023-11,,LH,소계,제주,0
2023-11,,LH,국민임대,전국,0
2023-11,,LH,국민임대,서울,0
2023-11,,LH,국민임대,인천,0
2023-11,,LH,국민임대,경기,0
2023-11,,LH,국민임대,부산,0
2023-11,,LH,국민임대,대구,0
2023-11,,LH,국민임대,광주,0
2023-11,,LH,국민임대,대전,0
2023-11,,LH,국민임대,울산,0
2023-11,,LH,국민임대,세종,0
2023-11,,LH,국민임대,강원,0
2023-11,,LH,국민임대,충북,0
2023-11,,LH,국민임대,충남,0
2023-11,,LH,국민임대,전북,0
2023-11,,LH,국민임대,전남,0
2023-11,,LH,국민임대,경북,0
2023-11,,LH,국민임대,경남,0
2023-11,,LH,국민임대,제주,0
2023-11,,LH,공공임대,전국,4418
2023-11,,LH,공공임대,서울,103
2023-11,,LH,공공임대,인천,0
2023-11,,LH,공공임대,경기,2010
2023-11,,LH,공공임대,부산,683
2023-11,,LH,공공임대,대구,0
2023-11,,LH,공공임대,광주,0
2023-11,,LH,공공임대,대전,1072
2023-11,,LH,공공임대,울산,0
2023-11,,LH,공공임대,세종,0
2023-11,,LH,공공임대,강원,200
2023-11,,LH,공공임대,충북,300
2023-11,,LH,공공임대,충남,50
2023-11,,LH,공공임대,전북,0
2023-11,,LH,공공임대,전남,0
2023-11,,LH,공공임대,경북,0
2023-11,,LH,공공임대,경남,0
2023-11,,LH,공공임대,제주,0
2023-11,,LH,공공분양,전국,5037
2023-11,,LH,공공분양,서울,263
2023-11,,LH,공공분양,인천,0
2023-11,,LH,공공분양,경기,2841
2023-11,,LH,공공분양,부산,803
2023-11,,LH,공공분양,대구,0
2023-11,,LH,공공분양,광주,0
2023-11,,LH,공공분양,대전,1130
2023-11,,LH,공공분양,울산,0
2023-11,,LH,공공분양,세종,0
2023-11,,LH,공공분양,강원,0
2023-11,,LH,공공분양,충북,0
2023-11,,LH,공공분양,충남,0
2023-11,,LH,공공분양,전북,0
2023-11,,LH,공공분양,전남,0
2023-11,,LH,공공분양,경북,0
2023-11,,LH,공공분양,경남,0
2023-11,,LH,공공분양,제주,0
2023-11,,주택업체,소계,전국,2547
2023-11,,주택업체,소계,서울,1531
2023-11,,주택업체,소계,인천,0
2023-11,,주택업체,소계,경기,51
2023-11,,주택업체,소계,부산,580
2023-11,,주택업체,소계,대구,0
2023-11,,주택업체,소계,광주,0
2023-11,,주택업체,소계,대전,370
2023-11,,주택업체,소계,울산,0
2023-11,,주택업체,소계,세종,0
2023-11,,주택업체,소계,강원,0
2023-11,,주택업체,소계,충북,0
2023-11,,주택업체,소계,충남,0
2023-11,,주택업체,소계,전북,0
2023-11,,주택업체,소계,전남,0
2023-11,,주택업체,소계,경북,0
2023-11,,주택업체,소계,경남,0
2023-11,,주택업체,소계,제주,15
2023-11,,주택업체,국민임대,전국,66
2023-11,,주택업체,국민임대,서울,0
2023-11,,주택업체,국민임대,인천,0
2023-11,,주택업체,국민임대,경기,51
2023-11,,주택업체,국민임대,부산,0
2023-11,,주택업체,국민임대,대구,0
2023-11,,주택업체,국민임대,광주,0
2023-11,,주택업체,국민임대,대전,0
2023-11,,주택업체,국민임대,울산,0
2023-11,,주택업체,국민임대,세종,0
2023-11,,주택업체,국민임대,강원,0
2023-11,,주택업체,국민임대,충북,0
2023-11,,주택업체,국민임대,충남,0
2023-11,,주택업체,국민임대,전북,0
2023-11,,주택업체,국민임대,전남,0
2023-11,,주택업체,국민임대,경북,0
2023-11,,주택업체,국민임대,경남,0
2023-11,,주택업체,국민임대,제주,15
2023-11,,주택업체,공공임대,전국,1355
2023-11,,주택업체,공공임대,서울,543
2023-11,,주택업체,공공임대,인천,0
2023-11,,주택업체,공공임대,경기,0
2023-11,,주택업체,공공임대,부산,442
2023-11,,주택업체,공공임대,대구,0
2023-11,,주택업체,공공임대,광주,0
2023-11,,주택업체,공공임대,대전,370
2023-11,,주택업체,공공임대,울산,0
2023-11,,주택업체,공공임대,세종,0
2023-11,,주택업체,공공임대,강원,0
2023-11,,주택업체,공공임대,충북,0
2023-11,,주택업체,공공임대,충남,0
2023-11,,주택업체,공공임대,전북,0
2023-11,,주택업체,공공임대,전남,0
2023-11,,주택업체,공공임대,경북,0
2023-11,,주택업체,공공임대,경남,0
2023-11,,주택업체,공공임대,제주,0
2023-11,,주택업체,공공분양,전국,1126
2023-11,,주택업체,공공분양,서울,988
2023-11,,주택업체,공공분양,인천,0
2023-11,,주택업체,공공분양,경기,0
2023-11,,주택업체,공공분양,부산,138
2023-11,,주택업체,공공분양,대구,0
2023-11,,주택업체,공공분양,광주,0
2023-11,,주택업체,공공분양,대전,0
2023-11,,주택업체,공공분양,울산,0
2023-11,,주택업체,공공분양,세종,0
2023-11,,주택업체,공공분양,강원,0
2023-11,,주택업체,공공분양,충북,0
2023-11,,주택업체,공공분양,충남,0
2023-11,,주택업체,공공분양,전북,0
2023-11,,주택업체,공공분양,전남,0
2023-11,,주택업체,공공분양,경북,0
2023-11,,주택업체,공공분양,경남,0
2023-11,,주택업체,공공분양,제주,0
2023-11,,민간부문,민간부문,전국,313136
2023-11,,민간부문,민간부문,서울,32571
2023-11,,민간부문,민간부문,인천,22527
2023-11,,민간부문,민간부문,경기,78895
2023-11,,민간부문,민간부문,부산,20560
2023-11,,민간부문,민간부문,대구,10899
2023-11,,민간부문,민간부문,광주,10942
2023-11,,민간부문,민간부문,대전,10798
2023-11,,민간부문,민간부문,울산,10546
2023-11,,민간부문,민간부문,세종,436
2023-11,,민간부문,민간부문,강원,13964
2023-11,,민간부문,민간부문,충북,10052
2023-11,,민간부문,민간부문,충남,22574
2023-11,,민간부문,민간부문,전북,12773
2023-11,,민간부문,민간부문,전남,16729
2023-11,,민간부문,민간부문,경북,20380
2023-11,,민간부문,민간부문,경남,11837
2023-11,,민간부문,민간부문,제주,6653
2023-11,,민간,민간임대,전국,22117
2023-11,,민간,민간임대,서울,2623
2023-11,,민간,민간임대,인천,660
2023-11,,민간,민간임대,경기,6153
2023-11,,민간,민간임대,부산,90
2023-11,,민간,민간임대,대구,0
2023-11,,민간,민간임대,광주,0
2023-11,,민간,민간임대,대전,0
2023-11,,민간,민간임대,울산,0
2023-11,,민간,민간임대,세종,60
2023-11,,민간,민간임대,강원,830
2023-11,,민간,민간임대,충북,484
2023-11,,민간,민간임대,충남,1761
2023-11,,민간,민간임대,전북,1415
2023-11,,민간,민간임대,전남,3452
2023-11,,민간,민간임대,경북,1163
2023-11,,민간,민간임대,경남,2898
2023-11,,민간,민간임대,제주,528
2023-11,,민간,민간분양,전국,291019
2023-11,,민간,민간분양,서울,29948
2023-11,,민간,민간분양,인천,21867
2023-11,,민간,민간분양,경기,72742
2023-11,,민간,민간분양,부산,20470
2023-11,,민간,민간분양,대구,10899
2023-11,,민간,민간분양,광주,10942
2023-11,,민간,민간분양,대전,10798
2023-11,,민간,민간분양,울산,10546
2023-11,,민간,민간분양,세종,376
2023-11,,민간,민간분양,강원,13134
2023-11,,민간,민간분양,충북,9568
2023-11,,민간,민간분양,충남,20813
2023-11,,민간,민간분양,전북,11358
2023-11,,민간,민간분양,전남,13277
2023-11,,민간,민간분양,경북,19217
2023-11,,민간,민간분양,경남,8939
2023-11,,민간,민간분양,제주,6125
2023-12,,총계,총계,전국,425634
2023-12,,총계,총계,서울,39163
2023-12,,총계,총계,인천,29509
2023-12,,총계,총계,경기,134659
2023-12,,총계,총계,부산,28309
2023-12,,총계,총계,대구,14248
2023-12,,총계,총계,광주,11479
2023-12,,총계,총계,대전,14087
2023-12,,총계,총계,울산,14329
2023-12,,총계,총계,세종,1101
2023-12,,총계,총계,강원,18354
2023-12,,총계,총계,충북,12935
2023-12,,총계,총계,충남,26628
2023-12,,총계,총계,전북,14504
2023-12,,총계,총계,전남,19325
2023-12,,총계,총계,경북,22096
2023-12,,총계,총계,경남,17029
2023-12,,총계,총계,제주,7879
2023-12,,공공부문,공공부문,전국,79758
2023-12,,공공부문,공공부문,서울,4921
2023-12,,공공부문,공공부문,인천,4720
2023-12,,공공부문,공공부문,경기,47130
2023-12,,공공부문,공공부문,부산,4501
2023-12,,공공부문,공공부문,대구,2903
2023-12,,공공부문,공공부문,광주,0
2023-12,,공공부문,공공부문,대전,2962
2023-12,,공공부문,공공부문,울산,1448
2023-12,,공공부문,공공부문,세종,656
2023-12,,공공부문,공공부문,강원,1340
2023-12,,공공부문,공공부문,충북,2638
2023-12,,공공부문,공공부문,충남,1756
2023-12,,공공부문,공공부문,전북,710
2023-12,,공공부문,공공부문,전남,627
2023-12,,공공부문,공공부문,경북,302
2023-12,,공공부문,공공부문,경남,3010
2023-12,,공공부문,공공부문,제주,134
2023-12,,합,국민임대,전국,109
2023-12,,합,국민임대,서울,20
2023-12,,합,국민임대,인천,0
2023-12,,합,국민임대,경기,51
2023-12,,합,국민임대,부산,0
2023-12,,합,국민임대,대구,0
2023-12,,합,국민임대,광주,0
2023-12,,합,국민임대,대전,0
2023-12,,합,국민임대,울산,0
2023-12,,합,국민임대,세종,0
2023-12,,합,국민임대,강원,0
2023-12,,합,국민임대,충북,0
2023-12,,합,국민임대,충남,0
2023-12,,합,국민임대,전북,0
2023-12,,합,국민임대,전남,0
2023-12,,합,국민임대,경북,0
2023-12,,합,국민임대,경남,0
2023-12,,합,국민임대,제주,38
2023-12,,합,공공임대,전국,40979
2023-12,,합,공공임대,서울,1201
2023-12,,합,공공임대,인천,2590
2023-12,,합,공공임대,경기,23250
2023-12,,합,공공임대,부산,1926
2023-12,,합,공공임대,대구,1977
2023-12,,합,공공임대,광주,0
2023-12,,합,공공임대,대전,1482
2023-12,,합,공공임대,울산,591
2023-12,,합,공공임대,세종,0
2023-12,,합,공공임대,강원,1045
2023-12,,합,공공임대,충북,883
2023-12,,합,공공임대,충남,1756
2023-12,,합,공공임대,전북,710
2023-12,,합,공공임대,전남,627
2023-12,,합,공공임대,경북,222
2023-12,,합,공공임대,경남,2623
2023-12,,합,공공임대,제주,96
2023-12,,합,공공분양,전국,38670
2023-12,,합,공공분양,서울,3700
2023-12,,합,공공분양,인천,2130
2023-12,,합,공공분양,경기,23829
2023-12,,합,공공분양,부산,2575
2023-12,,합,공공분양,대구,926
2023-12,,합,공공분양,광주,0
2023-12,,합,공공분양,대전,1480
2023-12,,합,공공분양,울산,857
2023-12,,합,공공분양,세종,656
2023-12,,합,공공분양,강원,295
2023-12,,합,공공분양,충북,1755
2023-12,,합,공공분양,충남,0
2023-12,,합,공공분양,전북,0
2023-12,,합,공공분양,전남,0
2023-12,,합,공공분양,경북,80
2023-12,,합,공공분양,경남,387
2023-12,,합,공공분양,제주,0
2023-12,,지자체,소계,전국,3045
2023-12,,지자체,소계,서울,934
2023-12,,지자체,소계,인천,1458
2023-12,,지자체,소계,경기,152
2023-12,,지자체,소계,부산,0
2023-12,,지자체,소계,대구,0
2023-12,,지자체,소계,광주,0
2023-12,,지자체,소계,대전,0
2023-12,,지자체,소계,울산,140
2023-12,,지자체,소계,세종,0
2023-12,,지자체,소계,강원,0
2023-12,,지자체,소계,충북,118
2023-12,,지자체,소계,충남,0
2023-12,,지자체,소계,전북,0
2023-12,,지자체,소계,전남,0
2023-12,,지자체,소계,경북,110
2023-12,,지자체,소계,경남,14
2023-12,,지자체,소계,제주,119
2023-12,,지자체,국민임대,전국,43
2023-12,,지자체,국민임대,서울,20
2023-12,,지자체,국민임대,인천,0
2023-12,,지자체,국민임대,경기,0
2023-12,,지자체,국민임대,부산,0
2023-12,,지자체,국민임대,대구,0
2023-12,,지자체,국민임대,광주,0
2023-12,,지자체,국민임대,대전,0
2023-12,,지자체,국민임대,울산,0
2023-12,,지자체,국민임대,세종,0
2023-12,,지자체,국민임대,강원,0
2023-12,,지자체,국민임대,충북,0
2023-12,,지자체,국민임대,충남,0
2023-12,,지자체,국민임대,전북,0
2023-12,,지자체,국민임대,전남,0
2023-12,,지자체,국민임대,경북,0
2023-12,,지자체,국민임대,경남,0
2023-12,,지자체,국민임대,제주,23
2023-12,,지자체,공공임대,전국,856
2023-12,,지자체,공공임대,서울,306
2023-12,,지자체,공공임대,인천,0
2023-12,,지자체,공공임대,경기,152
2023-12,,지자체,공공임대,부산,0
2023-12,,지자체,공공임대,대구,0
2023-12,,지자체,공공임대,광주,0
2023-12,,지자체,공공임대,대전,0
2023-12,,지자체,공공임대,울산,140
2023-12,,지자체,공공임대,세종,0
2023-12,,지자체,공공임대,강원,0
2023-12,,지자체,공공임대,충북,118
2023-12,,지자체,공공임대,충남,0
2023-12,,지자체,공공임대,전북,0
2023-12,,지자체,공공임대,전남,0
2023-12,,지자체,공공임대,경북,30
2023-12,,지자체,공공임대,경남,14
2023-12,,지자체,공공임대,제주,96
2023-12,,지자체,공공분양,전국,2146
2023-12,,지자체,공공분양,서울,608
2023-12,,지자체,공공분양,인천,1458
2023-12,,지자체,공공분양,경기,0
2023-12,,지자체,공공분양,부산,0
2023-12,,지자체,공공분양,대구,0
2023-12,,지자체,공공분양,광주,0
2023-12,,지자체,공공분양,대전,0
2023-12,,지자체,공공분양,울산,0
2023-12,,지자체,공공분양,세종,0
2023-12,,지자체,공공분양,강원,0
2023-12,,지자체,공공분양,충북,0
2023-12,,지자체,공공분양,충남,0
2023-12,,지자체,공공분양,전북,0
2023-12,,지자체,공공분양,전남,0
2023-12,,지자체,공공분양,경북,80
2023-12,,지자체,공공분양,경남,0
2023-12,,지자체,공공분양,제주,0
2023-12,,LH,소계,전국,73619
2023-12,,LH,소계,서울,2456
2023-12,,LH,소계,인천,3262
2023-12,,LH,소계,경기,46927
2023-12,,LH,소계,부산,3921
2023-12,,LH,소계,대구,2903
2023-12,,LH,소계,광주,0
2023-12,,LH,소계,대전,2552
2023-12,,LH,소계,울산,1308
2023-12,,LH,소계,세종,656
2023-12,,LH,소계,강원,1340
2023-12,,LH,소계,충북,2520
2023-12,,LH,소계,충남,1756
2023-12,,LH,소계,전북,710
2023-12,,LH,소계,전남,120
2023-12,,LH,소계,경북,192
2023-12,,LH,소계,경남,2996
2023-12,,LH,소계,제주,0
2023-12,,LH,국민임대,전국,0
2023-12,,LH,국민임대,서울,0
2023-12,,LH,국민임대,인천,0
2023-12,,LH,국민임대,경기,0
2023-12,,LH,국민임대,부산,0
2023-12,,LH,국민임대,대구,0
2023-12,,LH,국민임대,광주,0
2023-12,,LH,국민임대,대전,0
2023-12,,LH,국민임대,울산,0
2023-12,,LH,국민임대,세종,0
2023-12,,LH,국민임대,강원,0
2023-12,,LH,국민임대,충북,0
2023-12,,LH,국민임대,충남,0
2023-12,,LH,국민임대,전북,0
2023-12,,LH,국민임대,전남,0
2023-12,,LH,국민임대,경북,0
2023-12,,LH,국민임대,경남,0
2023-12,,LH,국민임대,제주,0
2023-12,,LH,공공임대,전국,38221
2023-12,,LH,공공임대,서울,352
2023-12,,LH,공공임대,인천,2590
2023-12,,LH,공공임대,경기,23098
2023-12,,LH,공공임대,부산,1484
2023-12,,LH,공공임대,대구,1977
2023-12,,LH,공공임대,광주,0
2023-12,,LH,공공임대,대전,1072
2023-12,,LH,공공임대,울산,451
2023-12,,LH,공공임대,세종,0
2023-12,,LH,공공임대,강원,1045
2023-12,,LH,공공임대,충북,765
2023-12,,LH,공공임대,충남,1756
2023-12,,LH,공공임대,전북,710
2023-12,,LH,공공임대,전남,120
2023-12,,LH,공공임대,경북,192
2023-12,,LH,공공임대,경남,2609
2023-12,,LH,공공임대,제주,0
2023-12,,LH,공공분양,전국,35398
2023-12,,LH,공공분양,서울,2104
2023-12,,LH,공공분양,인천,672
2023-12,,LH,공공분양,경기,23829
2023-12,,LH,공공분양,부산,2437
2023-12,,LH,공공분양,대구,926
2023-12,,LH,공공분양,광주,0
2023-12,,LH,공공분양,대전,1480
2023-12,,LH,공공분양,울산,857
2023-12,,LH,공공분양,세종,656
2023-12,,LH,공공분양,강원,295
2023-12,,LH,공공분양,충북,1755
2023-12,,LH,공공분양,충남,0
2023-12,,LH,공공분양,전북,0
2023-12,,LH,공공분양,전남,0
2023-12,,LH,공공분양,경북,0
2023-12,,LH,공공분양,경남,387
2023-12,,LH,공공분양,제주,0
2023-12,,주택업체,소계,전국,3094
2023-12,,주택업체,소계,서울,1531
2023-12,,주택업체,소계,인천,0
2023-12,,주택업체,소계,경기,51
2023-12,,주택업체,소계,부산,580
2023-12,,주택업체,소계,대구,0
2023-12,,주택업체,소계,광주,0
2023-12,,주택업체,소계,대전,410
2023-12,,주택업체,소계,울산,0
2023-12,,주택업체,소계,세종,0
2023-12,,주택업체,소계,강원,0
2023-12,,주택업체,소계,충북,0
2023-12,,주택업체,소계,충남,0
2023-12,,주택업체,소계,전북,0
2023-12,,주택업체,소계,전남,507
2023-12,,주택업체,소계,경북,0
2023-12,,주택업체,소계,경남,0
2023-12,,주택업체,소계,제주,15
2023-12,,주택업체,국민임대,전국,66
2023-12,,주택업체,국민임대,서울,0
2023-12,,주택업체,국민임대,인천,0
2023-12,,주택업체,국민임대,경기,51
2023-12,,주택업체,국민임대,부산,0
2023-12,,주택업체,국민임대,대구,0
2023-12,,주택업체,국민임대,광주,0
2023-12,,주택업체,국민임대,대전,0
2023-12,,주택업체,국민임대,울산,0
2023-12,,주택업체,국민임대,세종,0
2023-12,,주택업체,국민임대,강원,0
2023-12,,주택업체,국민임대,충북,0
2023-12,,주택업체,국민임대,충남,0
2023-12,,주택업체,국민임대,전북,0
2023-12,,주택업체,국민임대,전남,0
2023-12,,주택업체,국민임대,경북,0
2023-12,,주택업체,국민임대,경남,0
2023-12,,주택업체,국민임대,제주,15
2023-12,,주택업체,공공임대,전국,1902
2023-12,,주택업체,공공임대,서울,543
2023-12,,주택업체,공공임대,인천,0
2023-12,,주택업체,공공임대,경기,0
2023-12,,주택업체,공공임대,부산,442
2023-12,,주택업체,공공임대,대구,0
2023-12,,주택업체,공공임대,광주,0
2023-12,,주택업체,공공임대,대전,410
2023-12,,주택업체,공공임대,울산,0
2023-12,,주택업체,공공임대,세종,0
2023-12,,주택업체,공공임대,강원,0
2023-12,,주택업체,공공임대,충북,0
2023-12,,주택업체,공공임대,충남,0
2023-12,,주택업체,공공임대,전북,0
2023-12,,주택업체,공공임대,전남,507
2023-12,,주택업체,공공임대,경북,0
2023-12,,주택업체,공공임대,경남,0
2023-12,,주택업체,공공임대,제주,0
2023-12,,주택업체,공공분양,전국,1126
2023-12,,주택업체,공공분양,서울,988
2023-12,,주택업체,공공분양,인천,0
2023-12,,주택업체,공공분양,경기,0
2023-12,,주택업체,공공분양,부산,138
2023-12,,주택업체,공공분양,대구,0
2023-12,,주택업체,공공분양,광주,0
2023-12,,주택업체,공공분양,대전,0
2023-12,,주택업체,공공분양,울산,0
2023-12,,주택업체,공공분양,세종,0
2023-12,,주택업체,공공분양,강원,0
2023-12,,주택업체,공공분양,충북,0
2023-12,,주택업체,공공분양,충남,0
2023-12,,주택업체,공공분양,전북,0
2023-12,,주택업체,공공분양,전남,0
2023-12,,주택업체,공공분양,경북,0
2023-12,,주택업체,공공분양,경남,0
2023-12,,주택업체,공공분양,제주,0
2023-12,,민간부문,민간부문,전국,345876
2023-12,,민간부문,민간부문,서울,34242
2023-12,,민간부문,민간부문,인천,24789
2023-12,,민간부문,민간부문,경기,87529
2023-12,,민간부문,민간부문,부산,23808
2023-12,,민간부문,민간부문,대구,11345
2023-12,,민간부문,민간부문,광주,11479
2023-12,,민간부문,민간부문,대전,11125
2023-12,,민간부문,민간부문,울산,12881
2023-12,,민간부문,민간부문,세종,445
2023-12,,민간부문,민간부문,강원,17014
2023-12,,민간부문,민간부문,충북,10297
2023-12,,민간부문,민간부문,충남,24872
2023-12,,민간부문,민간부문,전북,13794
2023-12,,민간부문,민간부문,전남,18698
2023-12,,민간부문,민간부문,경북,21794
2023-12,,민간부문,민간부문,경남,14019
2023-12,,민간부문,민간부문,제주,7745
2023-12,,민간,민간임대,전국,25991
2023-12,,민간,민간임대,서울,2623
2023-12,,민간,민간임대,인천,2079
2023-12,,민간,민간임대,경기,6153
2023-12,,민간,민간임대,부산,90
2023-12,,민간,민간임대,대구,0
2023-12,,민간,민간임대,광주,494
2023-12,,민간,민간임대,대전,0
2023-12,,민간,민간임대,울산,0
2023-12,,민간,민간임대,세종,60
2023-12,,민간,민간임대,강원,830
2023-12,,민간,민간임대,충북,484
2023-12,,민간,민간임대,충남,2005
2023-12,,민간,민간임대,전북,2304
2023-12,,민간,민간임대,전남,4280
2023-12,,민간,민간임대,경북,1163
2023-12,,민간,민간임대,경남,2898
2023-12,,민간,민간임대,제주,528
2023-12,,민간,민간분양,전국,319885
2023-12,,민간,민간분양,서울,31619
2023-12,,민간,민간분양,인천,22710
2023-12,,민간,민간분양,경기,81376
2023-12,,민간,민간분양,부산,23718
2023-12,,민간,민간분양,대구,11345
2023-12,,민간,민간분양,광주,10985
2023-12,,민간,민간분양,대전,11125
2023-12,,민간,민간분양,울산,12881
2023-12,,민간,민간분양,세종,385
2023-12,,민간,민간분양,강원,16184
2023-12,,민간,민간분양,충북,9813
2023-12,,민간,민간분양,충남,22867
2023-12,,민간,민간분양,전북,11490
2023-12,,민간,민간분양,전남,14418
2023-12,,민간,민간분양,경북,20631
2023-12,,민간,민간분양,경남,11121
2023-12,,민간,민간분양,제주,7217
2024-01,,총계,총계,전국,25684
2024-01,,총계,총계,서울,2475
2024-01,,총계,총계,인천,2173
2024-01,,총계,총계,경기,6188
2024-01,,총계,총계,부산,1809
2024-01,,총계,총계,대구,17
2024-01,,총계,총계,광주,250
2024-01,,총계,총계,대전,2867
2024-01,,총계,총계,울산,66
2024-01,,총계,총계,세종,9
2024-01,,총계,총계,강원,809
2024-01,,총계,총계,충북,130
2024-01,,총계,총계,충남,1853
2024-01,,총계,총계,전북,614
2024-01,,총계,총계,전남,271
2024-01,,총계,총계,경북,1427
2024-01,,총계,총계,경남,4259
2024-01,,총계,총계,제주,467
2024-01,,공공부문,공공부문,전국,493
2024-01,,공공부문,공공부문,서울,75
2024-01,,공공부문,공공부문,인천,418
2024-01,,공공부문,공공부문,경기,0
2024-01,,공공부문,공공부문,부산,0
2024-01,,공공부문,공공부문,대구,0
2024-01,,공공부문,공공부문,광주,0
2024-01,,공공부문,공공부문,대전,0
2024-01,,공공부문,공공부문,울산,0
2024-01,,공공부문,공공부문,세종,0
2024-01,,공공부문,공공부문,강원,0
2024-01,,공공부문,공공부문,충북,0
2024-01,,공공부문,공공부문,충남,0
2024-01,,공공부문,공공부문,전북,0
2024-01,,공공부문,공공부문,전남,0
2024-01,,공공부문,공공부문,경북,0
2024-01,,공공부문,공공부문,경남,0
2024-01,,공공부문,공공부문,제주,0
2024-01,,합,국민임대,전국,75
2024-01,,합,국민임대,서울,75
2024-01,,합,국민임대,인천,0
2024-01,,합,국민임대,경기,0
2024-01,,합,국민임대,부산,0
2024-01,,합,국민임대,대구,0
2024-01,,합,국민임대,광주,0
2024-01,,합,국민임대,대전,0
2024-01,,합,국민임대,울산,0
2024-01,,합,국민임대,세종,0
2024-01,,합,국민임대,강원,0
2024-01,,합,국민임대,충북,0
2024-01,,합,국민임대,충남,0
2024-01,,합,국민임대,전북,0
2024-01,,합,국민임대,전남,0
2024-01,,합,국민임대,경북,0
2024-01,,합,국민임대,경남,0
2024-01,,합,국민임대,제주,0
2024-01,,합,공공임대,전국,418
2024-01,,합,공공임대,서울,0
2024-01,,합,공공임대,인천,418
2024-01,,합,공공임대,경기,0
2024-01,,합,공공임대,부산,0
2024-01,,합,공공임대,대구,0
2024-01,,합,공공임대,광주,0
2024-01,,합,공공임대,대전,0
2024-01,,합,공공임대,울산,0
2024-01,,합,공공임대,세종,0
2024-01,,합,공공임대,강원,0
2024-01,,합,공공임대,충북,0
2024-01,,합,공공임대,충남,0
2024-01,,합,공공임대,전북,0
2024-01,,합,공공임대,전남,0
2024-01,,합,공공임대,경북,0
2024-01,,합,공공임대,경남,0
2024-01,,합,공공임대,제주,0
2024-01,,합,공공분양,전국,0
2024-01,,합,공공분양,서울,0
2024-01,,합,공공분양,인천,0
2024-01,,합,공공분양,경기,0
2024-01,,합,공공분양,부산,0
2024-01,,합,공공분양,대구,0
2024-01,,합,공공분양,광주,0
2024-01,,합,공공분양,대전,0
2024-01,,합,공공분양,울산,0
2024-01,,합,공공분양,세종,0
2024-01,,합,공공분양,강원,0
2024-01,,합,공공분양,충북,0
2024-01,,합,공공분양,충남,0
2024-01,,합,공공분양,전북,0
2024-01,,합,공공분양,전남,0
2024-01,,합,공공분양,경북,0
2024-01,,합,공공분양,경남,0
2024-01,,합,공공분양,제주,0
2024-01,,지자체,소계,전국,0
2024-01,,지자체,소계,서울,0
2024-01,,지자체,소계,인천,0
2024-01,,지자체,소계,경기,0
2024-01,,지자체,소계,부산,0
2024-01,,지자체,소계,대구,0
2024-01,,지자체,소계,광주,0
2024-01,,지자체,소계,대전,0
2024-01,,지자체,소계,울산,0
2024-01,,지자체,소계,세종,0
2024-01,,지자체,소계,강원,0
2024-01,,지자체,소계,충북,0
2024-01,,지자체,소계,충남,0
2024-01,,지자체,소계,전북,0
2024-01,,지자체,소계,전남,0
2024-01,,지자체,소계,경북,0
2024-01,,지자체,소계,경남,0
2024-01,,지자체,소계,제주,0
2024-01,,지자체,국민임대,전국,0
2024-01,,지자체,국민임대,서울,0
2024-01,,지자체,국민임대,인천,0
2024-01,,지자체,국민임대,경기,0
2024-01,,지자체,국민임대,부산,0
2024-01,,지자체,국민임대,대구,0
2024-01,,지자체,국민임대,광주,0
2024-01,,지자체,국민임대,대전,0
2024-01,,지자체,국민임대,울산,0
2024-01,,지자체,국민임대,세종,0
2024-01,,지자체,국민임대,강원,0
2024-01,,지자체,국민임대,충북,0
2024-01,,지자체,국민임대,충남,0
2024-01,,지자체,국민임대,전북,0
2024-01,,지자체,국민임대,전남,0
2024-01,,지자체,국민임대,경북,0
2024-01,,지자체,국민임대,경남,0
2024-01,,지자체,국민임대,제주,0
2024-01,,지자체,공공임대,전국,0
2024-01,,지자체,공공임대,서울,0
2024-01,,지자체,공공임대,인천,0
2024-01,,지자체,공공임대,경기,0
2024-01,,지자체,공공임대,부산,0
2024-01,,지자체,공공임대,대구,0
2024-01,,지자체,공공임대,광주,0
2024-01,,지자체,공공임대,대전,0
2024-01,,지자체,공공임대,울산,0
2024-01,,지자체,공공임대,세종,0
2024-01,,지자체,공공임대,강원,0
2024-01,,지자체,공공임대,충북,0
2024-01,,지자체,공공임대,충남,0
2024-01,,지자체,공공임대,전북,0
2024-01,,지자체,공공임대,전남,0
2024-01,,지자체,공공임대,경북,0
2024-01,,지자체,공공임대,경남,0
2024-01,,지자체,공공임대,제주,0
2024-01,,지자체,공공분양,전국,0
2024-01,,지자체,공공분양,서울,0
2024-01,,지자체,공공분양,인천,0
2024-01,,지자체,공공분양,경기,0
2024-01,,지자체,공공분양,부산,0
2024-01,,지자체,공공분양,대구,0
2024-01,,지자체,공공분양,광주,0
2024-01,,지자체,공공분양,대전,0
2024-01,,지자체,공공분양,울산,0
2024-01,,지자체,공공분양,세종,0
2024-01,,지자체,공공분양,강원,0
2024-01,,지자체,공공분양,충북,0
2024-01,,지자체,공공분양,충남,0
2024-01,,지자체,공공분양,전북,0
2024-01,,지자체,공공분양,전남,0
2024-01,,지자체,공공분양,경북,0
2024-01,,지자체,공공분양,경남,0
2024-01,,지자체,공공분양,제주,0
2024-01,,LH,소계,전국,0
2024-01,,LH,소계,서울,0
2024-01,,LH,소계,인천,0
2024-01,,LH,소계,경기,0
2024-01,,LH,소계,부산,0
2024-01,,LH,소계,대구,0
2024-01,,LH,소계,광주,0
2024-01,,LH,소계,대전,0
2024-01,,LH,소계,울산,0
2024-01,,LH,소계,세종,0
2024-01,,LH,소계,강원,0
2024-01,,LH,소계,충북,0
2024-01,,LH,소계,충남,0
2024-01,,LH,소계,전북,0
2024-01,,LH,소계,전남,0
2024-01,,LH,소계,경북,0
2024-01,,LH,소계,경남,0
2024-01,,LH,소계,제주,0
2024-01,,LH,국민임대,전국,0
2024-01,,LH,국민임대,서울,0
2024-01,,LH,국민임대,인천,0
2024-01,,LH,국민임대,경기,0
2024-01,,LH,국민임대,부산,0
2024-01,,LH,국민임대,대구,0
2024-01,,LH,국민임대,광주,0
2024-01,,LH,국민임대,대전,0
2024-01,,LH,국민임대,울산,0
2024-01,,LH,국민임대,세종,0
2024-01,,LH,국민임대,강원,0
2024-01,,LH,국민임대,충북,0
2024-01,,LH,국민임대,충남,0
2024-01,,LH,국민임대,전북,0
2024-01,,LH,국민임대,전남,0
2024-01,,LH,국민임대,경북,0
2024-01,,LH,국민임대,경남,0
2024-01,,LH,국민임대,제주,0
2024-01,,LH,공공임대,전국,0
2024-01,,LH,공공임대,서울,0
2024-01,,LH,공공임대,인천,0
2024-01,,LH,공공임대,경기,0
2024-01,,LH,공공임대,부산,0
2024-01,,LH,공공임대,대구,0
2024-01,,LH,공공임대,광주,0
2024-01,,LH,공공임대,대전,0
2024-01,,LH,공공임대,울산,0
2024-01,,LH,공공임대,세종,0
2024-01,,LH,공공임대,강원,0
2024-01,,LH,공공임대,충북,0
2024-01,,LH,공공임대,충남,0
2024-01,,LH,공공임대,전북,0
2024-01,,LH,공공임대,전남,0
2024-01,,LH,공공임대,경북,0
2024-01,,LH,공공임대,경남,0
2024-01,,LH,공공임대,제주,0
2024-01,,LH,공공분양,전국,0
2024-01,,LH,공공분양,서울,0
2024-01,,LH,공공분양,인천,0
2024-01,,LH,공공분양,경기,0
2024-01,,LH,공공분양,부산,0
2024-01,,LH,공공분양,대구,0
2024-01,,LH,공공분양,광주,0
2024-01,,LH,공공분양,대전,0
2024-01,,LH,공공분양,울산,0
2024-01,,LH,공공분양,세종,0
2024-01,,LH,공공분양,강원,0
2024-01,,LH,공공분양,충북,0
2024-01,,LH,공공분양,충남,0
2024-01,,LH,공공분양,전북,0
2024-01,,LH,공공분양,전남,0
2024-01,,LH,공공분양,경북,0
2024-01,,LH,공공분양,경남,0
2024-01,,LH,공공분양,제주,0
2024-01,,주택업체,소계,전국,493
2024-01,,주택업체,소계,서울,75
2024-01,,주택업체,소계,인천,418
2024-01,,주택업체,소계,경기,0
2024-01,,주택업체,소계,부산,0
2024-01,,주택업체,소계,대구,0
2024-01,,주택업체,소계,광주,0
2024-01,,주택업체,소계,대전,0
2024-01,,주택업체,소계,울산,0
2024-01,,주택업체,소계,세종,0
2024-01,,주택업체,소계,강원,0
2024-01,,주택업체,소계,충북,0
2024-01,,주택업체,소계,충남,0
2024-01,,주택업체,소계,전북,0
2024-01,,주택업체,소계,전남,0
2024-01,,주택업체,소계,경북,0
2024-01,,주택업체,소계,경남,0
2024-01,,주택업체,소계,제주,0
2024-01,,주택업체,국민임대,전국,75
2024-01,,주택업체,국민임대,서울,75
2024-01,,주택업체,국민임대,인천,0
2024-01,,주택업체,국민임대,경기,0
2024-01,,주택업체,국민임대,부산,0
2024-01,,주택업체,국민임대,대구,0
2024-01,,주택업체,국민임대,광주,0
2024-01,,주택업체,국민임대,대전,0
2024-01,,주택업체,국민임대,울산,0
2024-01,,주택업체,국민임대,세종,0
2024-01,,주택업체,국민임대,강원,0
2024-01,,주택업체,국민임대,충북,0
2024-01,,주택업체,국민임대,충남,0
2024-01,,주택업체,국민임대,전북,0
2024-01,,주택업체,국민임대,전남,0
2024-01,,주택업체,국민임대,경북,0
2024-01,,주택업체,국민임대,경남,0
2024-01,,주택업체,국민임대,제주,0
2024-01,,주택업체,공공임대,전국,418
2024-01,,주택업체,공공임대,서울,0
2024-01,,주택업체,공공임대,인천,418
2024-01,,주택업체,공공임대,경기,0
2024-01,,주택업체,공공임대,부산,0
2024-01,,주택업체,공공임대,대구,0
2024-01,,주택업체,공공임대,광주,0
2024-01,,주택업체,공공임대,대전,0
2024-01,,주택업체,공공임대,울산,0
2024-01,,주택업체,공공임대,세종,0
2024-01,,주택업체,공공임대,강원,0
2024-01,,주택업체,공공임대,충북,0
2024-01,,주택업체,공공임대,충남,0
2024-01,,주택업체,공공임대,전북,0
2024-01,,주택업체,공공임대,전남,0
2024-01,,주택업체,공공임대,경북,0
2024-01,,주택업체,공공임대,경남,0
2024-01,,주택업체,공공임대,제주,0
2024-01,,주택업체,공공분양,전국,0
2024-01,,주택업체,공공분양,서울,0
2024-01,,주택업체,공공분양,인천,0
2024-01,,주택업체,공공분양,경기,0
2024-01,,주택업체,공공분양,부산,0
2024-01,,주택업체,공공분양,대구,0
2024-01,,주택업체,공공분양,광주,0
2024-01,,주택업체,공공분양,대전,0
2024-01,,주택업체,공공분양,울산,0
2024-01,,주택업체,공공분양,세종,0
2024-01,,주택업체,공공분양,강원,0
2024-01,,주택업체,공공분양,충북,0
2024-01,,주택업체,공공분양,충남,0
2024-01,,주택업체,공공분양,전북,0
2024-01,,주택업체,공공분양,전남,0
2024-01,,주택업체,공공분양,경북,0
2024-01,,주택업체,공공분양,경남,0
2024-01,,주택업체,공공분양,제주,0
2024-01,,민간부문,민간부문,전국,25191
2024-01,,민간부문,민간부문,서울,2400
2024-01,,민간부문,민간부문,인천,1755
2024-01,,민간부문,민간부문,경기,6188
2024-01,,민간부문,민간부문,부산,1809
2024-01,,민간부문,민간부문,대구,17
2024-01,,민간부문,민간부문,광주,250
2024-01,,민간부문,민간부문,대전,2867
2024-01,,민간부문,민간부문,울산,66
2024-01,,민간부문,민간부문,세종,9
2024-01,,민간부문,민간부문,강원,809
2024-01,,민간부문,민간부문,충북,130
2024-01,,민간부문,민간부문,충남,1853
2024-01,,민간부문,민간부문,전북,614
2024-01,,민간부문,민간부문,전남,271
2024-01,,민간부문,민간부문,경북,1427
2024-01,,민간부문,민간부문,경남,4259
2024-01,,민간부문,민간부문,제주,467
2024-01,,민간,민간임대,전국,616
2024-01,,민간,민간임대,서울,616
2024-01,,민간,민간임대,인천,0
2024-01,,민간,민간임대,경기,0
2024-01,,민간,민간임대,부산,0
2024-01,,민간,민간임대,대구,0
2024-01,,민간,민간임대,광주,0
2024-01,,민간,민간임대,대전,0
2024-01,,민간,민간임대,울산,0
2024-01,,민간,민간임대,세종,0
2024-01,,민간,민간임대,강원,0
2024-01,,민간,민간임대,충북,0
2024-01,,민간,민간임대,충남,0
2024-01,,민간,민간임대,전북,0
2024-01,,민간,민간임대,전남,0
2024-01,,민간,민간임대,경북,0
2024-01,,민간,민간임대,경남,0
2024-01,,민간,민간임대,제주,0
2024-01,,민간,민간분양,전국,24575
2024-01,,민간,민간분양,서울,1784
2024-01,,민간,민간분양,인천,1755
2024-01,,민간,민간분양,경기,6188
2024-01,,민간,민간분양,부산,1809
2024-01,,민간,민간분양,대구,17
2024-01,,민간,민간분양,광주,250
2024-01,,민간,민간분양,대전,2867
2024-01,,민간,민간분양,울산,66
2024-01,,민간,민간분양,세종,9
2024-01,,민간,민간분양,강원,809
2024-01,,민간,민간분양,충북,130
2024-01,,민간,민간분양,충남,1853
2024-01,,민간,민간분양,전북,614
2024-01,,민간,민간분양,전남,271
2024-01,,민간,민간분양,경북,1427
2024-01,,민간,민간분양,경남,4259
2024-01,,민간,민간분양,제주,467
2024-02,,총계,총계,전국,48969
2024-02,,총계,총계,서울,4978
2024-02,,총계,총계,인천,2278
2024-02,,총계,총계,경기,12555
2024-02,,총계,총계,부산,2318
2024-02,,총계,총계,대구,1246
2024-02,,총계,총계,광주,252
2024-02,,총계,총계,대전,6126
2024-02,,총계,총계,울산,89
2024-02,,총계,총계,세종,1240
2024-02,,총계,총계,강원,1575
2024-02,,총계,총계,충북,1997
2024-02,,총계,총계,충남,3108
2024-02,,총계,총계,전북,1281
2024-02,,총계,총계,전남,1010
2024-02,,총계,총계,경북,3000
2024-02,,총계,총계,경남,5123
2024-02,,총계,총계,제주,793
2024-02,,공공부문,공공부문,전국,872
2024-02,,공공부문,공공부문,서울,374
2024-02,,공공부문,공공부문,인천,418
2024-02,,공공부문,공공부문,경기,0
2024-02,,공공부문,공공부문,부산,0
2024-02,,공공부문,공공부문,대구,0
2024-02,,공공부문,공공부문,광주,0
2024-02,,공공부문,공공부문,대전,0
2024-02,,공공부문,공공부문,울산,0
2024-02,,공공부문,공공부문,세종,0
2024-02,,공공부문,공공부문,강원,0
2024-02,,공공부문,공공부문,충북,80
2024-02,,공공부문,공공부문,충남,0
2024-02,,공공부문,공공부문,전북,0
2024-02,,공공부문,공공부문,전남,0
2024-02,,공공부문,공공부문,경북,0
2024-02,,공공부문,공공부문,경남,0
2024-02,,공공부문,공공부문,제주,0
2024-02,,합,국민임대,전국,75
2024-02,,합,국민임대,서울,75
2024-02,,합,국민임대,인천,0
2024-02,,합,국민임대,경기,0
2024-02,,합,국민임대,부산,0
2024-02,,합,국민임대,대구,0
2024-02,,합,국민임대,광주,0
2024-02,,합,국민임대,대전,0
2024-02,,합,국민임대,울산,0
2024-02,,합,국민임대,세종,0
2024-02,,합,국민임대,강원,0
2024-02,,합,국민임대,충북,0
2024-02,,합,국민임대,충남,0
2024-02,,합,국민임대,전북,0
2024-02,,합,국민임대,전남,0
2024-02,,합,국민임대,경북,0
2024-02,,합,국민임대,경남,0
2024-02,,합,국민임대,제주,0
2024-02,,합,공공임대,전국,797
2024-02,,합,공공임대,서울,299
2024-02,,합,공공임대,인천,418
2024-02,,합,공공임대,경기,0
2024-02,,합,공공임대,부산,0
2024-02,,합,공공임대,대구,0
2024-02,,합,공공임대,광주,0
2024-02,,합,공공임대,대전,0
2024-02,,합,공공임대,울산,0
2024-02,,합,공공임대,세종,0
2024-02,,합,공공임대,강원,0
2024-02,,합,공공임대,충북,80
2024-02,,합,공공임대,충남,0
2024-02,,합,공공임대,전북,0
2024-02,,합,공공임대,전남,0
2024-02,,합,공공임대,경북,0
2024-02,,합,공공임대,경남,0
2024-02,,합,공공임대,제주,0
2024-02,,합,공공분양,전국,0
2024-02,,합,공공분양,서울,0
2024-02,,합,공공분양,인천,0
2024-02,,합,공공분양,경기,0
2024-02,,합,공공분양,부산,0
2024-02,,합,공공분양,대구,0
2024-02,,합,공공분양,광주,0
2024-02,,합,공공분양,대전,0
2024-02,,합,공공분양,울산,0
2024-02,,합,공공분양,세종,0
2024-02,,합,공공분양,강원,0
2024-02,,합,공공분양,충북,0
2024-02,,합,공공분양,충남,0
2024-02,,합,공공분양,전북,0
2024-02,,합,공공분양,전남,0
2024-02,,합,공공분양,경북,0
2024-02,,합,공공분양,경남,0
2024-02,,합,공공분양,제주,0
2024-02,,지자체,소계,전국,299
2024-02,,지자체,소계,서울,299
2024-02,,지자체,소계,인천,0
2024-02,,지자체,소계,경기,0
2024-02,,지자체,소계,부산,0
2024-02,,지자체,소계,대구,0
2024-02,,지자체,소계,광주,0
2024-02,,지자체,소계,대전,0
2024-02,,지자체,소계,울산,0
2024-02,,지자체,소계,세종,0
2024-02,,지자체,소계,강원,0
2024-02,,지자체,소계,충북,0
2024-02,,지자체,소계,충남,0
2024-02,,지자체,소계,전북,0
2024-02,,지자체,소계,전남,0
2024-02,,지자체,소계,경북,0
2024-02,,지자체,소계,경남,0
2024-02,,지자체,소계,제주,0
2024-02,,지자체,국민임대,전국,0
2024-02,,지자체,국민임대,서울,0
2024-02,,지자체,국민임대,인천,0
2024-02,,지자체,국민임대,경기,0
2024-02,,지자체,국민임대,부산,0
2024-02,,지자체,국민임대,대구,0
2024-02,,지자체,국민임대,광주,0
2024-02,,지자체,국민임대,대전,0
2024-02,,지자체,국민임대,울산,0
2024-02,,지자체,국민임대,세종,0
2024-02,,지자체,국민임대,강원,0
2024-02,,지자체,국민임대,충북,0
2024-02,,지자체,국민임대,충남,0
2024-02,,지자체,국민임대,전북,0
2024-02,,지자체,국민임대,전남,0
2024-02,,지자체,국민임대,경북,0
2024-02,,지자체,국민임대,경남,0
2024-02,,지자체,국민임대,제주,0
2024-02,,지자체,공공임대,전국,299
2024-02,,지자체,공공임대,서울,299
2024-02,,지자체,공공임대,인천,0
2024-02,,지자체,공공임대,경기,0
2024-02,,지자체,공공임대,부산,0
2024-02,,지자체,공공임대,대구,0
2024-02,,지자체,공공임대,광주,0
2024-02,,지자체,공공임대,대전,0
2024-02,,지자체,공공임대,울산,0
2024-02,,지자체,공공임대,세종,0
2024-02,,지자체,공공임대,강원,0
2024-02,,지자체,공공임대,충북,0
2024-02,,지자체,공공임대,충남,0
2024-02,,지자체,공공임대,전북,0
2024-02,,지자체,공공임대,전남,0
2024-02,,지자체,공공임대,경북,0
2024-02,,지자체,공공임대,경남,0
2024-02,,지자체,공공임대,제주,0
2024-02,,지자체,공공분양,전국,0
2024-02,,지자체,공공분양,서울,0
2024-02,,지자체,공공분양,인천,0
2024-02,,지자체,공공분양,경기,0
2024-02,,지자체,공공분양,부산,0
2024-02,,지자체,공공분양,대구,0
2024-02,,지자체,공공분양,광주,0
2024-02,,지자체,공공분양,대전,0
2024-02,,지자체,공공분양,울산,0
2024-02,,지자체,공공분양,세종,0
2024-02,,지자체,공공분양,강원,0
2024-02,,지자체,공공분양,충북,0
2024-02,,지자체,공공분양,충남,0
2024-02,,지자체,공공분양,전북,0
2024-02,,지자체,공공분양,전남,0
2024-02,,지자체,공공분양,경북,0
2024-02,,지자체,공공분양,경남,0
2024-02,,지자체,공공분양,제주,0
2024-02,,LH,소계,전국,80
2024-02,,LH,소계,서울,0
2024-02,,LH,소계,인천,0
2024-02,,LH,소계,경기,0
2024-02,,LH,소계,부산,0
2024-02,,LH,소계,대구,0
2024-02,,LH,소계,광주,0
2024-02,,LH,소계,대전,0
2024-02,,LH,소계,울산,0
2024-02,,LH,소계,세종,0
2024-02,,LH,소계,강원,0
2024-02,,LH,소계,충북,80
2024-02,,LH,소계,충남,0
2024-02,,LH,소계,전북,0
2024-02,,LH,소계,전남,0
2024-02,,LH,소계,경북,0
2024-02,,LH,소계,경남,0
2024-02,,LH,소계,제주,0
2024-02,,LH,국민임대,전국,0
2024-02,,LH,국민임대,서울,0
2024-02,,LH,국민임대,인천,0
2024-02,,LH,국민임대,경기,0
2024-02,,LH,국민임대,부산,0
2024-02,,LH,국민임대,대구,0
2024-02,,LH,국민임대,광주,0
2024-02,,LH,국민임대,대전,0
2024-02,,LH,국민임대,울산,0
2024-02,,LH,국민임대,세종,0
2024-02,,LH,국민임대,강원,0
2024-02,,LH,국민임대,충북,0
2024-02,,LH,국민임대,충남,0
2024-02,,LH,국민임대,전북,0
2024-02,,LH,국민임대,전남,0
2024-02,,LH,국민임대,경북,0
2024-02,,LH,국민임대,경남,0
2024-02,,LH,국민임대,제주,0
2024-02,,LH,공공임대,전국,80
2024-02,,LH,공공임대,서울,0
2024-02,,LH,공공임대,인천,0
2024-02,,LH,공공임대,경기,0
2024-02,,LH,공공임대,부산,0
2024-02,,LH,공공임대,대구,0
2024-02,,LH,공공임대,광주,0
2024-02,,LH,공공임대,대전,0
2024-02,,LH,공공임대,울산,0
2024-02,,LH,공공임대,세종,0
2024-02,,LH,공공임대,강원,0
2024-02,,LH,공공임대,충북,80
2024-02,,LH,공공임대,충남,0
2024-02,,LH,공공임대,전북,0
2024-02,,LH,공공임대,전남,0
2024-02,,LH,공공임대,경북,0
2024-02,,LH,공공임대,경남,0
2024-02,,LH,공공임대,제주,0
2024-02,,LH,공공분양,전국,0
2024-02,,LH,공공분양,서울,0
2024-02,,LH,공공분양,인천,0
2024-02,,LH,공공분양,경기,0
2024-02,,LH,공공분양,부산,0
2024-02,,LH,공공분양,대구,0
2024-02,,LH,공공분양,광주,0
2024-02,,LH,공공분양,대전,0
2024-02,,LH,공공분양,울산,0
2024-02,,LH,공공분양,세종,0
2024-02,,LH,공공분양,강원,0
2024-02,,LH,공공분양,충북,0
2024-02,,LH,공공분양,충남,0
2024-02,,LH,공공분양,전북,0
2024-02,,LH,공공분양,전남,0
2024-02,,LH,공공분양,경북,0
2024-02,,LH,공공분양,경남,0
2024-02,,LH,공공분양,제주,0
2024-02,,주택업체,소계,전국,493
2024-02,,주택업체,소계,서울,75
2024-02,,주택업체,소계,인천,418
2024-02,,주택업체,소계,경기,0
2024-02,,주택업체,소계,부산,0
2024-02,,주택업체,소계,대구,0
2024-02,,주택업체,소계,광주,0
2024-02,,주택업체,소계,대전,0
2024-02,,주택업체,소계,울산,0
2024-02,,주택업체,소계,세종,0
2024-02,,주택업체,소계,강원,0
2024-02,,주택업체,소계,충북,0
2024-02,,주택업체,소계,충남,0
2024-02,,주택업체,소계,전북,0
2024-02,,주택업체,소계,전남,0
2024-02,,주택업체,소계,경북,0
2024-02,,주택업체,소계,경남,0
2024-02,,주택업체,소계,제주,0
2024-02,,주택업체,국민임대,전국,75
2024-02,,주택업체,국민임대,서울,75
2024-02,,주택업체,국민임대,인천,0
2024-02,,주택업체,국민임대,경기,0
2024-02,,주택업체,국민임대,부산,0
2024-02,,주택업체,국민임대,대구,0
2024-02,,주택업체,국민임대,광주,0
2024-02,,주택업체,국민임대,대전,0
2024-02,,주택업체,국민임대,울산,0
2024-02,,주택업체,국민임대,세종,0
2024-02,,주택업체,국민임대,강원,0
2024-02,,주택업체,국민임대,충북,0
2024-02,,주택업체,국민임대,충남,0
2024-02,,주택업체,국민임대,전북,0
2024-02,,주택업체,국민임대,전남,0
2024-02,,주택업체,국민임대,경북,0
2024-02,,주택업체,국민임대,경남,0
2024-02,,주택업체,국민임대,제주,0
2024-02,,주택업체,공공임대,전국,418
2024-02,,주택업체,공공임대,서울,0
2024-02,,주택업체,공공임대,인천,418
2024-02,,주택업체,공공임대,경기,0
2024-02,,주택업체,공공임대,부산,0
2024-02,,주택업체,공공임대,대구,0
2024-02,,주택업체,공공임대,광주,0
2024-02,,주택업체,공공임대,대전,0
2024-02,,주택업체,공공임대,울산,0
2024-02,,주택업체,공공임대,세종,0
2024-02,,주택업체,공공임대,강원,0
2024-02,,주택업체,공공임대,충북,0
2024-02,,주택업체,공공임대,충남,0
2024-02,,주택업체,공공임대,전북,0
2024-02,,주택업체,공공임대,전남,0
2024-02,,주택업체,공공임대,경북,0
2024-02,,주택업체,공공임대,경남,0
2024-02,,주택업체,공공임대,제주,0
2024-02,,주택업체,공공분양,전국,0
2024-02,,주택업체,공공분양,서울,0
2024-02,,주택업체,공공분양,인천,0
2024-02,,주택업체,공공분양,경기,0
2024-02,,주택업체,공공분양,부산,0
2024-02,,주택업체,공공분양,대구,0
2024-02,,주택업체,공공분양,광주,0
2024-02,,주택업체,공공분양,대전,0
2024-02,,주택업체,공공분양,울산,0
2024-02,,주택업체,공공분양,세종,0
2024-02,,주택업체,공공분양,강원,0
2024-02,,주택업체,공공분양,충북,0
2024-02,,주택업체,공공분양,충남,0
2024-02,,주택업체,공공분양,전북,0
2024-02,,주택업체,공공분양,전남,0
2024-02,,주택업체,공공분양,경북,0
2024-02,,주택업체,공공분양,경남,0
2024-02,,주택업체,공공분양,제주,0
2024-02,,민간부문,민간부문,전국,48097
2024-02,,민간부문,민간부문,서울,4604
2024-02,,민간부문,민간부문,인천,1860
2024-02,,민간부문,민간부문,경기,12555
2024-02,,민간부문,민간부문,부산,2318
2024-02,,민간부문,민간부문,대구,1246
2024-02,,민간부문,민간부문,광주,252
2024-02,,민간부문,민간부문,대전,6126
2024-02,,민간부문,민간부문,울산,89
2024-02,,민간부문,민간부문,세종,1240
2024-02,,민간부문,민간부문,강원,1575
2024-02,,민간부문,민간부문,충북,1917
2024-02,,민간부문,민간부문,충남,3108
2024-02,,민간부문,민간부문,전북,1281
2024-02,,민간부문,민간부문,전남,1010
2024-02,,민간부문,민간부문,경북,3000
2024-02,,민간부문,민간부문,경남,5123
2024-02,,민간부문,민간부문,제주,793
2024-02,,민간,민간임대,전국,3959
2024-02,,민간,민간임대,서울,616
2024-02,,민간,민간임대,인천,0
2024-02,,민간,민간임대,경기,2019
2024-02,,민간,민간임대,부산,0
2024-02,,민간,민간임대,대구,0
2024-02,,민간,민간임대,광주,0
2024-02,,민간,민간임대,대전,0
2024-02,,민간,민간임대,울산,0
2024-02,,민간,민간임대,세종,1110
2024-02,,민간,민간임대,강원,0
2024-02,,민간,민간임대,충북,214
2024-02,,민간,민간임대,충남,0
2024-02,,민간,민간임대,전북,0
2024-02,,민간,민간임대,전남,0
2024-02,,민간,민간임대,경북,0
2024-02,,민간,민간임대,경남,0
2024-02,,민간,민간임대,제주,0
2024-02,,민간,민간분양,전국,44138
2024-02,,민간,민간분양,서울,3988
2024-02,,민간,민간분양,인천,1860
2024-02,,민간,민간분양,경기,10536
2024-02,,민간,민간분양,부산,2318
2024-02,,민간,민간분양,대구,1246
2024-02,,민간,민간분양,광주,252
2024-02,,민간,민간분양,대전,6126
2024-02,,민간,민간분양,울산,89
2024-02,,민간,민간분양,세종,130
2024-02,,민간,민간분양,강원,1575
2024-02,,민간,민간분양,충북,1703
2024-02,,민간,민간분양,충남,3108
2024-02,,민간,민간분양,전북,1281
2024-02,,민간,민간분양,전남,1010
2024-02,,민간,민간분양,경북,3000
2024-02,,민간,민간분양,경남,5123
2024-02,,민간,민간분양,제주,793
2024-03,,총계,총계,전국,74481
2024-03,,총계,총계,서울,6545
2024-03,,총계,총계,인천,2398
2024-03,,총계,총계,경기,21221
2024-03,,총계,총계,부산,2332
2024-03,,총계,총계,대구,1263
2024-03,,총계,총계,광주,799
2024-03,,총계,총계,대전,10292
2024-03,,총계,총계,울산,1127
2024-03,,총계,총계,세종,1266
2024-03,,총계,총계,강원,2547
2024-03,,총계,총계,충북,3420
2024-03,,총계,총계,충남,4421
2024-03,,총계,총계,전북,1420
2024-03,,총계,총계,전남,2204
2024-03,,총계,총계,경북,6670
2024-03,,총계,총계,경남,5546
2024-03,,총계,총계,제주,1010
2024-03,,공공부문,공공부문,전국,998
2024-03,,공공부문,공공부문,서울,374
2024-03,,공공부문,공공부문,인천,418
2024-03,,공공부문,공공부문,경기,81
2024-03,,공공부문,공공부문,부산,0
2024-03,,공공부문,공공부문,대구,0
2024-03,,공공부문,공공부문,광주,0
2024-03,,공공부문,공공부문,대전,0
2024-03,,공공부문,공공부문,울산,0
2024-03,,공공부문,공공부문,세종,0
2024-03,,공공부문,공공부문,강원,0
2024-03,,공공부문,공공부문,충북,80
2024-03,,공공부문,공공부문,충남,0
2024-03,,공공부문,공공부문,전북,0
2024-03,,공공부문,공공부문,전남,0
2024-03,,공공부문,공공부문,경북,0
2024-03,,공공부문,공공부문,경남,45
2024-03,,공공부문,공공부문,제주,0
2024-03,,합,국민임대,전국,75
2024-03,,합,국민임대,서울,75
2024-03,,합,국민임대,인천,0
2024-03,,합,국민임대,경기,0
2024-03,,합,국민임대,부산,0
2024-03,,합,국민임대,대구,0
2024-03,,합,국민임대,광주,0
2024-03,,합,국민임대,대전,0
2024-03,,합,국민임대,울산,0
2024-03,,합,국민임대,세종,0
2024-03,,합,국민임대,강원,0
2024-03,,합,국민임대,충북,0
2024-03,,합,국민임대,충남,0
2024-03,,합,국민임대,전북,0
2024-03,,합,국민임대,전남,0
2024-03,,합,국민임대,경북,0
2024-03,,합,국민임대,경남,0
2024-03,,합,국민임대,제주,0
2024-03,,합,공공임대,전국,923
2024-03,,합,공공임대,서울,299
2024-03,,합,공공임대,인천,418
2024-03,,합,공공임대,경기,81
2024-03,,합,공공임대,부산,0
2024-03,,합,공공임대,대구,0
2024-03,,합,공공임대,광주,0
2024-03,,합,공공임대,대전,0
2024-03,,합,공공임대,울산,0
2024-03,,합,공공임대,세종,0
2024-03,,합,공공임대,강원,0
2024-03,,합,공공임대,충북,80
2024-03,,합,공공임대,충남,0
2024-03,,합,공공임대,전북,0
2024-03,,합,공공임대,전남,0
2024-03,,합,공공임대,경북,0
2024-03,,합,공공임대,경남,45
2024-03,,합,공공임대,제주,0
2024-03,,합,공공분양,전국,0
2024-03,,합,공공분양,서울,0
2024-03,,합,공공분양,인천,0
2024-03,,합,공공분양,경기,0
2024-03,,합,공공분양,부산,0
2024-03,,합,공공분양,대구,0
2024-03,,합,공공분양,광주,0
2024-03,,합,공공분양,대전,0
2024-03,,합,공공분양,울산,0
2024-03,,합,공공분양,세종,0
2024-03,,합,공공분양,강원,0
2024-03,,합,공공분양,충북,0
2024-03,,합,공공분양,충남,0
2024-03,,합,공공분양,전북,0
2024-03,,합,공공분양,전남,0
2024-03,,합,공공분양,경북,0
2024-03,,합,공공분양,경남,0
2024-03,,합,공공분양,제주,0
2024-03,,지자체,소계,전국,344
2024-03,,지자체,소계,서울,299
2024-03,,지자체,소계,인천,0
2024-03,,지자체,소계,경기,0
2024-03,,지자체,소계,부산,0
2024-03,,지자체,소계,대구,0
2024-03,,지자체,소계,광주,0
2024-03,,지자체,소계,대전,0
2024-03,,지자체,소계,울산,0
2024-03,,지자체,소계,세종,0
2024-03,,지자체,소계,강원,0
2024-03,,지자체,소계,충북,0
2024-03,,지자체,소계,충남,0
2024-03,,지자체,소계,전북,0
2024-03,,지자체,소계,전남,0
2024-03,,지자체,소계,경북,0
2024-03,,지자체,소계,경남,45
2024-03,,지자체,소계,제주,0
2024-03,,지자체,국민임대,전국,0
2024-03,,지자체,국민임대,서울,0
2024-03,,지자체,국민임대,인천,0
2024-03,,지자체,국민임대,경기,0
2024-03,,지자체,국민임대,부산,0
2024-03,,지자체,국민임대,대구,0
2024-03,,지자체,국민임대,광주,0
2024-03,,지자체,국민임대,대전,0
2024-03,,지자체,국민임대,울산,0
2024-03,,지자체,국민임대,세종,0
2024-03,,지자체,국민임대,강원,0
2024-03,,지자체,국민임대,충북,0
2024-03,,지자체,국민임대,충남,0
2024-03,,지자체,국민임대,전북,0
2024-03,,지자체,국민임대,전남,0
2024-03,,지자체,국민임대,경북,0
2024-03,,지자체,국민임대,경남,0
2024-03,,지자체,국민임대,제주,0
2024-03,,지자체,공공임대,전국,344
2024-03,,지자체,공공임대,서울,299
2024-03,,지자체,공공임대,인천,0
2024-03,,지자체,공공임대,경기,0
2024-03,,지자체,공공임대,부산,0
2024-03,,지자체,공공임대,대구,0
2024-03,,지자체,공공임대,광주,0
2024-03,,지자체,공공임대,대전,0
2024-03,,지자체,공공임대,울산,0
2024-03,,지자체,공공임대,세종,0
2024-03,,지자체,공공임대,강원,0
2024-03,,지자체,공공임대,충북,0
2024-03,,지자체,공공임대,충남,0
2024-03,,지자체,공공임대,전북,0
2024-03,,지자체,공공임대,전남,0
2024-03,,지자체,공공임대,경북,0
2024-03,,지자체,공공임대,경남,45
2024-03,,지자체,공공임대,제주,0
2024-03,,지자체,공공분양,전국,0
2024-03,,지자체,공공분양,서울,0
2024-03,,지자체,공공분양,인천,0
2024-03,,지자체,공공분양,경기,0
2024-03,,지자체,공공분양,부산,0
2024-03,,지자체,공공분양,대구,0
2024-03,,지자체,공공분양,광주,0
2024-03,,지자체,공공분양,대전,0
2024-03,,지자체,공공분양,울산,0
2024-03,,지자체,공공분양,세종,0
2024-03,,지자체,공공분양,강원,0
2024-03,,지자체,공공분양,충북,0
2024-03,,지자체,공공분양,충남,0
2024-03,,지자체,공공분양,전북,0
2024-03,,지자체,공공분양,전남,0
2024-03,,지자체,공공분양,경북,0
2024-03,,지자체,공공분양,경남,0
2024-03,,지자체,공공분양,제주,0
2024-03,,LH,소계,전국,80
2024-03,,LH,소계,서울,0
2024-03,,LH,소계,인천,0
2024-03,,LH,소계,경기,0
2024-03,,LH,소계,부산,0
2024-03,,LH,소계,대구,0
2024-03,,LH,소계,광주,0
2024-03,,LH,소계,대전,0
2024-03,,LH,소계,울산,0
2024-03,,LH,소계,세종,0
2024-03,,LH,소계,강원,0
2024-03,,LH,소계,충북,80
2024-03,,LH,소계,충남,0
2024-03,,LH,소계,전북,0
2024-03,,LH,소계,전남,0
2024-03,,LH,소계,경북,0
2024-03,,LH,소계,경남,0
2024-03,,LH,소계,제주,0
2024-03,,LH,국민임대,전국,0
2024-03,,LH,국민임대,서울,0
2024-03,,LH,국민임대,인천,0
2024-03,,LH,국민임대,경기,0
2024-03,,LH,국민임대,부산,0
2024-03,,LH,국민임대,대구,0
2024-03,,LH,국민임대,광주,0
2024-03,,LH,국민임대,대전,0
2024-03,,LH,국민임대,울산,0
2024-03,,LH,국민임대,세종,0
2024-03,,LH,국민임대,강원,0
2024-03,,LH,국민임대,충북,0
2024-03,,LH,국민임대,충남,0
2024-03,,LH,국민임대,전북,0
2024-03,,LH,국민임대,전남,0
2024-03,,LH,국민임대,경북,0
2024-03,,LH,국민임대,경남,0
2024-03,,LH,국민임대,제주,0
2024-03,,LH,공공임대,전국,80
2024-03,,LH,공공임대,서울,0
2024-03,,LH,공공임대,인천,0
2024-03,,LH,공공임대,경기,0
2024-03,,LH,공공임대,부산,0
2024-03,,LH,공공임대,대구,0
2024-03,,LH,공공임대,광주,0
2024-03,,LH,공공임대,대전,0
2024-03,,LH,공공임대,울산,0
2024-03,,LH,공공임대,세종,0
2024-03,,LH,공공임대,강원,0
2024-03,,LH,공공임대,충북,80
2024-03,,LH,공공임대,충남,0
2024-03,,LH,공공임대,전북,0
2024-03,,LH,공공임대,전남,0
2024-03,,LH,공공임대,경북,0
2024-03,,LH,공공임대,경남,0
2024-03,,LH,공공임대,제주,0
2024-03,,LH,공공분양,전국,0
2024-03,,LH,공공분양,서울,0
2024-03,,LH,공공분양,인천,0
2024-03,,LH,공공분양,경기,0
2024-03,,LH,공공분양,부산,0
2024-03,,LH,공공분양,대구,0
2024-03,,LH,공공분양,광주,0
2024-03,,LH,공공분양,대전,0
2024-03,,LH,공공분양,울산,0
2024-03,,LH,공공분양,세종,0
2024-03,,LH,공공분양,강원,0
2024-03,,LH,공공분양,충북,0
2024-03,,LH,공공분양,충남,0
2024-03,,LH,공공분양,전북,0
2024-03,,LH,공공분양,전남,0
2024-03,,LH,공공분양,경북,0
2024-03,,LH,공공분양,경남,0
2024-03,,LH,공공분양,제주,0
2024-03,,주택업체,소계,전국,574
2024-03,,주택업체,소계,서울,75
2024-03,,주택업체,소계,인천,418
2024-03,,주택업체,소계,경기,81
2024-03,,주택업체,소계,부산,0
2024-03,,주택업체,소계,대구,0
2024-03,,주택업체,소계,광주,0
2024-03,,주택업체,소계,대전,0
2024-03,,주택업체,소계,울산,0
2024-03,,주택업체,소계,세종,0
2024-03,,주택업체,소계,강원,0
2024-03,,주택업체,소계,충북,0
2024-03,,주택업체,소계,충남,0
2024-03,,주택업체,소계,전북,0
2024-03,,주택업체,소계,전남,0
2024-03,,주택업체,소계,경북,0
2024-03,,주택업체,소계,경남,0
2024-03,,주택업체,소계,제주,0
2024-03,,주택업체,국민임대,전국,75
2024-03,,주택업체,국민임대,서울,75
2024-03,,주택업체,국민임대,인천,0
2024-03,,주택업체,국민임대,경기,0
2024-03,,주택업체,국민임대,부산,0
2024-03,,주택업체,국민임대,대구,0
2024-03,,주택업체,국민임대,광주,0
2024-03,,주택업체,국민임대,대전,0
2024-03,,주택업체,국민임대,울산,0
2024-03,,주택업체,국민임대,세종,0
2024-03,,주택업체,국민임대,강원,0
2024-03,,주택업체,국민임대,충북,0
2024-03,,주택업체,국민임대,충남,0
2024-03,,주택업체,국민임대,전북,0
2024-03,,주택업체,국민임대,전남,0
2024-03,,주택업체,국민임대,경북,0
2024-03,,주택업체,국민임대,경남,0
2024-03,,주택업체,국민임대,제주,0
2024-03,,주택업체,공공임대,전국,499
2024-03,,주택업체,공공임대,서울,0
2024-03,,주택업체,공공임대,인천,418
2024-03,,주택업체,공공임대,경기,81
2024-03,,주택업체,공공임대,부산,0
2024-03,,주택업체,공공임대,대구,0
2024-03,,주택업체,공공임대,광주,0
2024-03,,주택업체,공공임대,대전,0
2024-03,,주택업체,공공임대,울산,0
2024-03,,주택업체,공공임대,세종,0
2024-03,,주택업체,공공임대,강원,0
2024-03,,주택업체,공공임대,충북,0
2024-03,,주택업체,공공임대,충남,0
2024-03,,주택업체,공공임대,전북,0
2024-03,,주택업체,공공임대,전남,0
2024-03,,주택업체,공공임대,경북,0
2024-03,,주택업체,공공임대,경남,0
2024-03,,주택업체,공공임대,제주,0
2024-03,,주택업체,공공분양,전국,0
2024-03,,주택업체,공공분양,서울,0
2024-03,,주택업체,공공분양,인천,0
2024-03,,주택업체,공공분양,경기,0
2024-03,,주택업체,공공분양,부산,0
2024-03,,주택업체,공공분양,대구,0
2024-03,,주택업체,공공분양,광주,0
2024-03,,주택업체,공공분양,대전,0
2024-03,,주택업체,공공분양,울산,0
2024-03,,주택업체,공공분양,세종,0
2024-03,,주택업체,공공분양,강원,0
2024-03,,주택업체,공공분양,충북,0
2024-03,,주택업체,공공분양,충남,0
2024-03,,주택업체,공공분양,전북,0
2024-03,,주택업체,공공분양,전남,0
2024-03,,주택업체,공공분양,경북,0
2024-03,,주택업체,공공분양,경남,0
2024-03,,주택업체,공공분양,제주,0
2024-03,,민간부문,민간부문,전국,73483
2024-03,,민간부문,민간부문,서울,6171
2024-03,,민간부문,민간부문,인천,1980
2024-03,,민간부문,민간부문,경기,21140
2024-03,,민간부문,민간부문,부산,2332
2024-03,,민간부문,민간부문,대구,1263
2024-03,,민간부문,민간부문,광주,799
2024-03,,민간부문,민간부문,대전,10292
2024-03,,민간부문,민간부문,울산,1127
2024-03,,민간부문,민간부문,세종,1266
2024-03,,민간부문,민간부문,강원,2547
2024-03,,민간부문,민간부문,충북,3340
2024-03,,민간부문,민간부문,충남,4421
2024-03,,민간부문,민간부문,전북,1420
2024-03,,민간부문,민간부문,전남,2204
2024-03,,민간부문,민간부문,경북,6670
2024-03,,민간부문,민간부문,경남,5501
2024-03,,민간부문,민간부문,제주,1010
2024-03,,민간,민간임대,전국,4770
2024-03,,민간,민간임대,서울,1126
2024-03,,민간,민간임대,인천,0
2024-03,,민간,민간임대,경기,2019
2024-03,,민간,민간임대,부산,0
2024-03,,민간,민간임대,대구,0
2024-03,,민간,민간임대,광주,0
2024-03,,민간,민간임대,대전,0
2024-03,,민간,민간임대,울산,301
2024-03,,민간,민간임대,세종,1110
2024-03,,민간,민간임대,강원,0
2024-03,,민간,민간임대,충북,214
2024-03,,민간,민간임대,충남,0
2024-03,,민간,민간임대,전북,0
2024-03,,민간,민간임대,전남,0
2024-03,,민간,민간임대,경북,0
2024-03,,민간,민간임대,경남,0
2024-03,,민간,민간임대,제주,0
2024-03,,민간,민간분양,전국,68713
2024-03,,민간,민간분양,서울,5045
2024-03,,민간,민간분양,인천,1980
2024-03,,민간,민간분양,경기,19121
2024-03,,민간,민간분양,부산,2332
2024-03,,민간,민간분양,대구,1263
2024-03,,민간,민간분양,광주,799
2024-03,,민간,민간분양,대전,10292
2024-03,,민간,민간분양,울산,826
2024-03,,민간,민간분양,세종,156
2024-03,,민간,민간분양,강원,2547
2024-03,,민간,민간분양,충북,3126
2024-03,,민간,민간분양,충남,4421
2024-03,,민간,민간분양,전북,1420
2024-03,,민간,민간분양,전남,2204
2024-03,,민간,민간분양,경북,6670
2024-03,,민간,민간분양,경남,5501
2024-03,,민간,민간분양,제주,1010
2024-04,,총계,총계,전국,102003
2024-04,,총계,총계,서울,7184
2024-04,,총계,총계,인천,3869
2024-04,,총계,총계,경기,29325
2024-04,,총계,총계,부산,6262
2024-04,,총계,총계,대구,1286
2024-04,,총계,총계,광주,1222
2024-04,,총계,총계,대전,12360
2024-04,,총계,총계,울산,2621
2024-04,,총계,총계,세종,3352
2024-04,,총계,총계,강원,3330
2024-04,,총계,총계,충북,4635
2024-04,,총계,총계,충남,8274
2024-04,,총계,총계,전북,1577
2024-04,,총계,총계,전남,2866
2024-04,,총계,총계,경북,6939
2024-04,,총계,총계,경남,5743
2024-04,,총계,총계,제주,1158
2024-04,,공공부문,공공부문,전국,3528
2024-04,,공공부문,공공부문,서울,421
2024-04,,공공부문,공공부문,인천,418
2024-04,,공공부문,공공부문,경기,784
2024-04,,공공부문,공공부문,부산,0
2024-04,,공공부문,공공부문,대구,0
2024-04,,공공부문,공공부문,광주,0
2024-04,,공공부문,공공부문,대전,0
2024-04,,공공부문,공공부문,울산,731
2024-04,,공공부문,공공부문,세종,0
2024-04,,공공부문,공공부문,강원,80
2024-04,,공공부문,공공부문,충북,80
2024-04,,공공부문,공공부문,충남,969
2024-04,,공공부문,공공부문,전북,0
2024-04,,공공부문,공공부문,전남,0
2024-04,,공공부문,공공부문,경북,0
2024-04,,공공부문,공공부문,경남,45
2024-04,,공공부문,공공부문,제주,0
2024-04,,합,국민임대,전국,75
2024-04,,합,국민임대,서울,75
2024-04,,합,국민임대,인천,0
2024-04,,합,국민임대,경기,0
2024-04,,합,국민임대,부산,0
2024-04,,합,국민임대,대구,0
2024-04,,합,국민임대,광주,0
2024-04,,합,국민임대,대전,0
2024-04,,합,국민임대,울산,0
2024-04,,합,국민임대,세종,0
2024-04,,합,국민임대,강원,0
2024-04,,합,국민임대,충북,0
2024-04,,합,국민임대,충남,0
2024-04,,합,국민임대,전북,0
2024-04,,합,국민임대,전남,0
2024-04,,합,국민임대,경북,0
2024-04,,합,국민임대,경남,0
2024-04,,합,국민임대,제주,0
2024-04,,합,공공임대,전국,2019
2024-04,,합,공공임대,서울,346
2024-04,,합,공공임대,인천,418
2024-04,,합,공공임대,경기,81
2024-04,,합,공공임대,부산,0
2024-04,,합,공공임대,대구,0
2024-04,,합,공공임대,광주,0
2024-04,,합,공공임대,대전,0
2024-04,,합,공공임대,울산,0
2024-04,,합,공공임대,세종,0
2024-04,,합,공공임대,강원,80
2024-04,,합,공공임대,충북,80
2024-04,,합,공공임대,충남,969
2024-04,,합,공공임대,전북,0
2024-04,,합,공공임대,전남,0
2024-04,,합,공공임대,경북,0
2024-04,,합,공공임대,경남,45
2024-04,,합,공공임대,제주,0
2024-04,,합,공공분양,전국,1434
2024-04,,합,공공분양,서울,0
2024-04,,합,공공분양,인천,0
2024-04,,합,공공분양,경기,703
2024-04,,합,공공분양,부산,0
2024-04,,합,공공분양,대구,0
2024-04,,합,공공분양,광주,0
2024-04,,합,공공분양,대전,0
2024-04,,합,공공분양,울산,731
2024-04,,합,공공분양,세종,0
2024-04,,합,공공분양,강원,0
2024-04,,합,공공분양,충북,0
2024-04,,합,공공분양,충남,0
2024-04,,합,공공분양,전북,0
2024-04,,합,공공분양,전남,0
2024-04,,합,공공분양,경북,0
2024-04,,합,공공분양,경남,0
2024-04,,합,공공분양,제주,0
2024-04,,지자체,소계,전국,1393
2024-04,,지자체,소계,서울,299
2024-04,,지자체,소계,인천,0
2024-04,,지자체,소계,경기,0
2024-04,,지자체,소계,부산,0
2024-04,,지자체,소계,대구,0
2024-04,,지자체,소계,광주,0
2024-04,,지자체,소계,대전,0
2024-04,,지자체,소계,울산,0
2024-04,,지자체,소계,세종,0
2024-04,,지자체,소계,강원,80
2024-04,,지자체,소계,충북,0
2024-04,,지자체,소계,충남,969
2024-04,,지자체,소계,전북,0
2024-04,,지자체,소계,전남,0
2024-04,,지자체,소계,경북,0
2024-04,,지자체,소계,경남,45
2024-04,,지자체,소계,제주,0
2024-04,,지자체,국민임대,전국,0
2024-04,,지자체,국민임대,서울,0
2024-04,,지자체,국민임대,인천,0
2024-04,,지자체,국민임대,경기,0
2024-04,,지자체,국민임대,부산,0
2024-04,,지자체,국민임대,대구,0
2024-04,,지자체,국민임대,광주,0
2024-04,,지자체,국민임대,대전,0
2024-04,,지자체,국민임대,울산,0
2024-04,,지자체,국민임대,세종,0
2024-04,,지자체,국민임대,강원,0
2024-04,,지자체,국민임대,충북,0
2024-04,,지자체,국민임대,충남,0
2024-04,,지자체,국민임대,전북,0
2024-04,,지자체,국민임대,전남,0
2024-04,,지자체,국민임대,경북,0
2024-04,,지자체,국민임대,경남,0
2024-04,,지자체,국민임대,제주,0
2024-04,,지자체,공공임대,전국,1393
2024-04,,지자체,공공임대,서울,299
2024-04,,지자체,공공임대,인천,0
2024-04,,지자체,공공임대,경기,0
2024-04,,지자체,공공임대,부산,0
2024-04,,지자체,공공임대,대구,0
2024-04,,지자체,공공임대,광주,0
2024-04,,지자체,공공임대,대전,0
2024-04,,지자체,공공임대,울산,0
2024-04,,지자체,공공임대,세종,0
2024-04,,지자체,공공임대,강원,80
2024-04,,지자체,공공임대,충북,0
2024-04,,지자체,공공임대,충남,969
2024-04,,지자체,공공임대,전북,0
2024-04,,지자체,공공임대,전남,0
2024-04,,지자체,공공임대,경북,0
2024-04,,지자체,공공임대,경남,45
2024-04,,지자체,공공임대,제주,0
2024-04,,지자체,공공분양,전국,0
2024-04,,지자체,공공분양,서울,0
2024-04,,지자체,공공분양,인천,0
2024-04,,지자체,공공분양,경기,0
2024-04,,지자체,공공분양,부산,0
2024-04,,지자체,공공분양,대구,0
2024-04,,지자체,공공분양,광주,0
2024-04,,지자체,공공분양,대전,0
2024-04,,지자체,공공분양,울산,0
2024-04,,지자체,공공분양,세종,0
2024-04,,지자체,공공분양,강원,0
2024-04,,지자체,공공분양,충북,0
2024-04,,지자체,공공분양,충남,0
2024-04,,지자체,공공분양,전북,0
2024-04,,지자체,공공분양,전남,0
2024-04,,지자체,공공분양,경북,0
2024-04,,지자체,공공분양,경남,0
2024-04,,지자체,공공분양,제주,0
2024-04,,LH,소계,전국,811
2024-04,,LH,소계,서울,0
2024-04,,LH,소계,인천,0
2024-04,,LH,소계,경기,0
2024-04,,LH,소계,부산,0
2024-04,,LH,소계,대구,0
2024-04,,LH,소계,광주,0
2024-04,,LH,소계,대전,0
2024-04,,LH,소계,울산,731
2024-04,,LH,소계,세종,0
2024-04,,LH,소계,강원,0
2024-04,,LH,소계,충북,80
2024-04,,LH,소계,충남,0
2024-04,,LH,소계,전북,0
2024-04,,LH,소계,전남,0
2024-04,,LH,소계,경북,0
2024-04,,LH,소계,경남,0
2024-04,,LH,소계,제주,0
2024-04,,LH,국민임대,전국,0
2024-04,,LH,국민임대,서울,0
2024-04,,LH,국민임대,인천,0
2024-04,,LH,국민임대,경기,0
2024-04,,LH,국민임대,부산,0
2024-04,,LH,국민임대,대구,0
2024-04,,LH,국민임대,광주,0
2024-04,,LH,국민임대,대전,0
2024-04,,LH,국민임대,울산,0
2024-04,,LH,국민임대,세종,0
2024-04,,LH,국민임대,강원,0
2024-04,,LH,국민임대,충북,0
2024-04,,LH,국민임대,충남,0
2024-04,,LH,국민임대,전북,0
2024-04,,LH,국민임대,전남,0
2024-04,,LH,국민임대,경북,0
2024-04,,LH,국민임대,경남,0
2024-04,,LH,국민임대,제주,0
2024-04,,LH,공공임대,전국,80
2024-04,,LH,공공임대,서울,0
2024-04,,LH,공공임대,인천,0
2024-04,,LH,공공임대,경기,0
2024-04,,LH,공공임대,부산,0
2024-04,,LH,공공임대,대구,0
2024-04,,LH,공공임대,광주,0
2024-04,,LH,공공임대,대전,0
2024-04,,LH,공공임대,울산,0
2024-04,,LH,공공임대,세종,0
2024-04,,LH,공공임대,강원,0
2024-04,,LH,공공임대,충북,80
2024-04,,LH,공공임대,충남,0
2024-04,,LH,공공임대,전북,0
2024-04,,LH,공공임대,전남,0
2024-04,,LH,공공임대,경북,0
2024-04,,LH,공공임대,경남,0
2024-04,,LH,공공임대,제주,0
2024-04,,LH,공공분양,전국,731
2024-04,,LH,공공분양,서울,0
2024-04,,LH,공공분양,인천,0
2024-04,,LH,공공분양,경기,0
2024-04,,LH,공공분양,부산,0
2024-04,,LH,공공분양,대구,0
2024-04,,LH,공공분양,광주,0
2024-04,,LH,공공분양,대전,0
2024-04,,LH,공공분양,울산,731
2024-04,,LH,공공분양,세종,0
2024-04,,LH,공공분양,강원,0
2024-04,,LH,공공분양,충북,0
2024-04,,LH,공공분양,충남,0
2024-04,,LH,공공분양,전북,0
2024-04,,LH,공공분양,전남,0
2024-04,,LH,공공분양,경북,0
2024-04,,LH,공공분양,경남,0
2024-04,,LH,공공분양,제주,0
2024-04,,주택업체,소계,전국,1324
2024-04,,주택업체,소계,서울,122
2024-04,,주택업체,소계,인천,418
2024-04,,주택업체,소계,경기,784
2024-04,,주택업체,소계,부산,0
2024-04,,주택업체,소계,대구,0
2024-04,,주택업체,소계,광주,0
2024-04,,주택업체,소계,대전,0
2024-04,,주택업체,소계,울산,0
2024-04,,주택업체,소계,세종,0
2024-04,,주택업체,소계,강원,0
2024-04,,주택업체,소계,충북,0
2024-04,,주택업체,소계,충남,0
2024-04,,주택업체,소계,전북,0
2024-04,,주택업체,소계,전남,0
2024-04,,주택업체,소계,경북,0
2024-04,,주택업체,소계,경남,0
2024-04,,주택업체,소계,제주,0
2024-04,,주택업체,국민임대,전국,75
2024-04,,주택업체,국민임대,서울,75
2024-04,,주택업체,국민임대,인천,0
2024-04,,주택업체,국민임대,경기,0
2024-04,,주택업체,국민임대,부산,0
2024-04,,주택업체,국민임대,대구,0
2024-04,,주택업체,국민임대,광주,0
2024-04,,주택업체,국민임대,대전,0
2024-04,,주택업체,국민임대,울산,0
2024-04,,주택업체,국민임대,세종,0
2024-04,,주택업체,국민임대,강원,0
2024-04,,주택업체,국민임대,충북,0
2024-04,,주택업체,국민임대,충남,0
2024-04,,주택업체,국민임대,전북,0
2024-04,,주택업체,국민임대,전남,0
2024-04,,주택업체,국민임대,경북,0
2024-04,,주택업체,국민임대,경남,0
2024-04,,주택업체,국민임대,제주,0
2024-04,,주택업체,공공임대,전국,546
2024-04,,주택업체,공공임대,서울,47
2024-04,,주택업체,공공임대,인천,418
2024-04,,주택업체,공공임대,경기,81
2024-04,,주택업체,공공임대,부산,0
2024-04,,주택업체,공공임대,대구,0
2024-04,,주택업체,공공임대,광주,0
2024-04,,주택업체,공공임대,대전,0
2024-04,,주택업체,공공임대,울산,0
2024-04,,주택업체,공공임대,세종,0
2024-04,,주택업체,공공임대,강원,0
2024-04,,주택업체,공공임대,충북,0
2024-04,,주택업체,공공임대,충남,0
2024-04,,주택업체,공공임대,전북,0
2024-04,,주택업체,공공임대,전남,0
2024-04,,주택업체,공공임대,경북,0
2024-04,,주택업체,공공임대,경남,0
2024-04,,주택업체,공공임대,제주,0
2024-04,,주택업체,공공분양,전국,703
2024-04,,주택업체,공공분양,서울,0
2024-04,,주택업체,공공분양,인천,0
2024-04,,주택업체,공공분양,경기,703
2024-04,,주택업체,공공분양,부산,0
2024-04,,주택업체,공공분양,대구,0
2024-04,,주택업체,공공분양,광주,0
2024-04,,주택업체,공공분양,대전,0
2024-04,,주택업체,공공분양,울산,0
2024-04,,주택업체,공공분양,세종,0
2024-04,,주택업체,공공분양,강원,0
2024-04,,주택업체,공공분양,충북,0
2024-04,,주택업체,공공분양,충남,0
2024-04,,주택업체,공공분양,전북,0
2024-04,,주택업체,공공분양,전남,0
2024-04,,주택업체,공공분양,경북,0
2024-04,,주택업체,공공분양,경남,0
2024-04,,주택업체,공공분양,제주,0
2024-04,,민간부문,민간부문,전국,98475
2024-04,,민간부문,민간부문,서울,6763
2024-04,,민간부문,민간부문,인천,3451
2024-04,,민간부문,민간부문,경기,28541
2024-04,,민간부문,민간부문,부산,6262
2024-04,,민간부문,민간부문,대구,1286
2024-04,,민간부문,민간부문,광주,1222
2024-04,,민간부문,민간부문,대전,12360
2024-04,,민간부문,민간부문,울산,1890
2024-04,,민간부문,민간부문,세종,3352
2024-04,,민간부문,민간부문,강원,3250
2024-04,,민간부문,민간부문,충북,4555
2024-04,,민간부문,민간부문,충남,7305
2024-04,,민간부문,민간부문,전북,1577
2024-04,,민간부문,민간부문,전남,2866
2024-04,,민간부문,민간부문,경북,6939
2024-04,,민간부문,민간부문,경남,5698
2024-04,,민간부문,민간부문,제주,1158
2024-04,,민간,민간임대,전국,4770
2024-04,,민간,민간임대,서울,1126
2024-04,,민간,민간임대,인천,0
2024-04,,민간,민간임대,경기,2019
2024-04,,민간,민간임대,부산,0
2024-04,,민간,민간임대,대구,0
2024-04,,민간,민간임대,광주,0
2024-04,,민간,민간임대,대전,0
2024-04,,민간,민간임대,울산,301
2024-04,,민간,민간임대,세종,1110
2024-04,,민간,민간임대,강원,0
2024-04,,민간,민간임대,충북,214
2024-04,,민간,민간임대,충남,0
2024-04,,민간,민간임대,전북,0
2024-04,,민간,민간임대,전남,0
2024-04,,민간,민간임대,경북,0
2024-04,,민간,민간임대,경남,0
2024-04,,민간,민간임대,제주,0
2024-04,,민간,민간분양,전국,93705
2024-04,,민간,민간분양,서울,5637
2024-04,,민간,민간분양,인천,3451
2024-04,,민간,민간분양,경기,26522
2024-04,,민간,민간분양,부산,6262
2024-04,,민간,민간분양,대구,1286
2024-04,,민간,민간분양,광주,1222
2024-04,,민간,민간분양,대전,12360
2024-04,,민간,민간분양,울산,1589
2024-04,,민간,민간분양,세종,2242
2024-04,,민간,민간분양,강원,3250
2024-04,,민간,민간분양,충북,4341
2024-04,,민간,민간분양,충남,7305
2024-04,,민간,민간분양,전북,1577
2024-04,,민간,민간분양,전남,2866
2024-04,,민간,민간분양,경북,6939
2024-04,,민간,민간분양,경남,5698
2024-04,,민간,민간분양,제주,1158
2024-05,,총계,총계,전국,125112
2024-05,,총계,총계,서울,10523
2024-05,,총계,총계,인천,5171
2024-05,,총계,총계,경기,33855
2024-05,,총계,총계,부산,10489
2024-05,,총계,총계,대구,1308
2024-05,,총계,총계,광주,1250
2024-05,,총계,총계,대전,13257
2024-05,,총계,총계,울산,3206
2024-05,,총계,총계,세종,3360
2024-05,,총계,총계,강원,3862
2024-05,,총계,총계,충북,5452
2024-05,,총계,총계,충남,11406
2024-05,,총계,총계,전북,2291
2024-05,,총계,총계,전남,3202
2024-05,,총계,총계,경북,8235
2024-05,,총계,총계,경남,6864
2024-05,,총계,총계,제주,1381
2024-05,,공공부문,공공부문,전국,3785
2024-05,,공공부문,공공부문,서울,444
2024-05,,공공부문,공공부문,인천,418
2024-05,,공공부문,공공부문,경기,784
2024-05,,공공부문,공공부문,부산,188
2024-05,,공공부문,공공부문,대구,0
2024-05,,공공부문,공공부문,광주,0
2024-05,,공공부문,공공부문,대전,0
2024-05,,공공부문,공공부문,울산,731
2024-05,,공공부문,공공부문,세종,0
2024-05,,공공부문,공공부문,강원,80
2024-05,,공공부문,공공부문,충북,80
2024-05,,공공부문,공공부문,충남,969
2024-05,,공공부문,공공부문,전북,44
2024-05,,공공부문,공공부문,전남,0
2024-05,,공공부문,공공부문,경북,0
2024-05,,공공부문,공공부문,경남,47
2024-05,,공공부문,공공부문,제주,0
2024-05,,합,국민임대,전국,75
2024-05,,합,국민임대,서울,75
2024-05,,합,국민임대,인천,0
2024-05,,합,국민임대,경기,0
2024-05,,합,국민임대,부산,0
2024-05,,합,국민임대,대구,0
2024-05,,합,국민임대,광주,0
2024-05,,합,국민임대,대전,0
2024-05,,합,국민임대,울산,0
2024-05,,합,국민임대,세종,0
2024-05,,합,국민임대,강원,0
2024-05,,합,국민임대,충북,0
2024-05,,합,국민임대,충남,0
2024-05,,합,국민임대,전북,0
2024-05,,합,국민임대,전남,0
2024-05,,합,국민임대,경북,0
2024-05,,합,국민임대,경남,0
2024-05,,합,국민임대,제주,0
2024-05,,합,공공임대,전국,2276
2024-05,,합,공공임대,서울,369
2024-05,,합,공공임대,인천,418
2024-05,,합,공공임대,경기,81
2024-05,,합,공공임대,부산,188
2024-05,,합,공공임대,대구,0
2024-05,,합,공공임대,광주,0
2024-05,,합,공공임대,대전,0
2024-05,,합,공공임대,울산,0
2024-05,,합,공공임대,세종,0
2024-05,,합,공공임대,강원,80
2024-05,,합,공공임대,충북,80
2024-05,,합,공공임대,충남,969
2024-05,,합,공공임대,전북,44
2024-05,,합,공공임대,전남,0
2024-05,,합,공공임대,경북,0
2024-05,,합,공공임대,경남,47
2024-05,,합,공공임대,제주,0
2024-05,,합,공공분양,전국,1434
2024-05,,합,공공분양,서울,0
2024-05,,합,공공분양,인천,0
2024-05,,합,공공분양,경기,703
2024-05,,합,공공분양,부산,0
2024-05,,합,공공분양,대구,0
2024-05,,합,공공분양,광주,0
2024-05,,합,공공분양,대전,0
2024-05,,합,공공분양,울산,731
2024-05,,합,공공분양,세종,0
2024-05,,합,공공분양,강원,0
2024-05,,합,공공분양,충북,0
2024-05,,합,공공분양,충남,0
2024-05,,합,공공분양,전북,0
2024-05,,합,공공분양,전남,0
2024-05,,합,공공분양,경북,0
2024-05,,합,공공분양,경남,0
2024-05,,합,공공분양,제주,0
2024-05,,지자체,소계,전국,1418
2024-05,,지자체,소계,서울,322
2024-05,,지자체,소계,인천,0
2024-05,,지자체,소계,경기,0
2024-05,,지자체,소계,부산,0
2024-05,,지자체,소계,대구,0
2024-05,,지자체,소계,광주,0
2024-05,,지자체,소계,대전,0
2024-05,,지자체,소계,울산,0
2024-05,,지자체,소계,세종,0
2024-05,,지자체,소계,강원,80
2024-05,,지자체,소계,충북,0
2024-05,,지자체,소계,충남,969
2024-05,,지자체,소계,전북,0
2024-05,,지자체,소계,전남,0
2024-05,,지자체,소계,경북,0
2024-05,,지자체,소계,경남,47
2024-05,,지자체,소계,제주,0
2024-05,,지자체,국민임대,전국,0
2024-05,,지자체,국민임대,서울,0
2024-05,,지자체,국민임대,인천,0
2024-05,,지자체,국민임대,경기,0
2024-05,,지자체,국민임대,부산,0
2024-05,,지자체,국민임대,대구,0
2024-05,,지자체,국민임대,광주,0
2024-05,,지자체,국민임대,대전,0
2024-05,,지자체,국민임대,울산,0
2024-05,,지자체,국민임대,세종,0
2024-05,,지자체,국민임대,강원,0
2024-05,,지자체,국민임대,충북,0
2024-05,,지자체,국민임대,충남,0
2024-05,,지자체,국민임대,전북,0
2024-05,,지자체,국민임대,전남,0
2024-05,,지자체,국민임대,경북,0
2024-05,,지자체,국민임대,경남,0
2024-05,,지자체,국민임대,제주,0
2024-05,,지자체,공공임대,전국,1418
2024-05,,지자체,공공임대,서울,322
2024-05,,지자체,공공임대,인천,0
2024-05,,지자체,공공임대,경기,0
2024-05,,지자체,공공임대,부산,0
2024-05,,지자체,공공임대,대구,0
2024-05,,지자체,공공임대,광주,0
2024-05,,지자체,공공임대,대전,0
2024-05,,지자체,공공임대,울산,0
2024-05,,지자체,공공임대,세종,0
2024-05,,지자체,공공임대,강원,80
2024-05,,지자체,공공임대,충북,0
2024-05,,지자체,공공임대,충남,969
2024-05,,지자체,공공임대,전북,0
2024-05,,지자체,공공임대,전남,0
2024-05,,지자체,공공임대,경북,0
2024-05,,지자체,공공임대,경남,47
2024-05,,지자체,공공임대,제주,0
2024-05,,지자체,공공분양,전국,0
2024-05,,지자체,공공분양,서울,0
2024-05,,지자체,공공분양,인천,0
2024-05,,지자체,공공분양,경기,0
2024-05,,지자체,공공분양,부산,0
2024-05,,지자체,공공분양,대구,0
2024-05,,지자체,공공분양,광주,0
2024-05,,지자체,공공분양,대전,0
2024-05,,지자체,공공분양,울산,0
2024-05,,지자체,공공분양,세종,0
2024-05,,지자체,공공분양,강원,0
2024-05,,지자체,공공분양,충북,0
2024-05,,지자체,공공분양,충남,0
2024-05,,지자체,공공분양,전북,0
2024-05,,지자체,공공분양,전남,0
2024-05,,지자체,공공분양,경북,0
2024-05,,지자체,공공분양,경남,0
2024-05,,지자체,공공분양,제주,0
2024-05,,LH,소계,전국,999
2024-05,,LH,소계,서울,0
2024-05,,LH,소계,인천,0
2024-05,,LH,소계,경기,0
2024-05,,LH,소계,부산,188
2024-05,,LH,소계,대구,0
2024-05,,LH,소계,광주,0
2024-05,,LH,소계,대전,0
2024-05,,LH,소계,울산,731
2024-05,,LH,소계,세종,0
2024-05,,LH,소계,강원,0
2024-05,,LH,소계,충북,80
2024-05,,LH,소계,충남,0
2024-05,,LH,소계,전북,0
2024-05,,LH,소계,전남,0
2024-05,,LH,소계,경북,0
2024-05,,LH,소계,경남,0
2024-05,,LH,소계,제주,0
2024-05,,LH,국민임대,전국,0
2024-05,,LH,국민임대,서울,0
2024-05,,LH,국민임대,인천,0
2024-05,,LH,국민임대,경기,0
2024-05,,LH,국민임대,부산,0
2024-05,,LH,국민임대,대구,0
2024-05,,LH,국민임대,광주,0
2024-05,,LH,국민임대,대전,0
2024-05,,LH,국민임대,울산,0
2024-05,,LH,국민임대,세종,0
2024-05,,LH,국민임대,강원,0
2024-05,,LH,국민임대,충북,0
2024-05,,LH,국민임대,충남,0
2024-05,,LH,국민임대,전북,0
2024-05,,LH,국민임대,전남,0
2024-05,,LH,국민임대,경북,0
2024-05,,LH,국민임대,경남,0
2024-05,,LH,국민임대,제주,0
2024-05,,LH,공공임대,전국,268
2024-05,,LH,공공임대,서울,0
2024-05,,LH,공공임대,인천,0
2024-05,,LH,공공임대,경기,0
2024-05,,LH,공공임대,부산,188
2024-05,,LH,공공임대,대구,0
2024-05,,LH,공공임대,광주,0
2024-05,,LH,공공임대,대전,0
2024-05,,LH,공공임대,울산,0
2024-05,,LH,공공임대,세종,0
2024-05,,LH,공공임대,강원,0
2024-05,,LH,공공임대,충북,80
2024-05,,LH,공공임대,충남,0
2024-05,,LH,공공임대,전북,0
2024-05,,LH,공공임대,전남,0
2024-05,,LH,공공임대,경북,0
2024-05,,LH,공공임대,경남,0
2024-05,,LH,공공임대,제주,0
2024-05,,LH,공공분양,전국,731
2024-05,,LH,공공분양,서울,0
2024-05,,LH,공공분양,인천,0
2024-05,,LH,공공분양,경기,0
2024-05,,LH,공공분양,부산,0
2024-05,,LH,공공분양,대구,0
2024-05,,LH,공공분양,광주,0
2024-05,,LH,공공분양,대전,0
2024-05,,LH,공공분양,울산,731
2024-05,,LH,공공분양,세종,0
2024-05,,LH,공공분양,강원,0
2024-05,,LH,공공분양,충북,0
2024-05,,LH,공공분양,충남,0
2024-05,,LH,공공분양,전북,0
2024-05,,LH,공공분양,전남,0
2024-05,,LH,공공분양,경북,0
2024-05,,LH,공공분양,경남,0
2024-05,,LH,공공분양,제주,0
2024-05,,주택업체,소계,전국,1368
2024-05,,주택업체,소계,서울,122
2024-05,,주택업체,소계,인천,418
2024-05,,주택업체,소계,경기,784
2024-05,,주택업체,소계,부산,0
2024-05,,주택업체,소계,대구,0
2024-05,,주택업체,소계,광주,0
2024-05,,주택업체,소계,대전,0
2024-05,,주택업체,소계,울산,0
2024-05,,주택업체,소계,세종,0
2024-05,,주택업체,소계,강원,0
2024-05,,주택업체,소계,충북,0
2024-05,,주택업체,소계,충남,0
2024-05,,주택업체,소계,전북,44
2024-05,,주택업체,소계,전남,0
2024-05,,주택업체,소계,경북,0
2024-05,,주택업체,소계,경남,0
2024-05,,주택업체,소계,제주,0
2024-05,,주택업체,국민임대,전국,75
2024-05,,주택업체,국민임대,서울,75
2024-05,,주택업체,국민임대,인천,0
2024-05,,주택업체,국민임대,경기,0
2024-05,,주택업체,국민임대,부산,0
2024-05,,주택업체,국민임대,대구,0
2024-05,,주택업체,국민임대,광주,0
2024-05,,주택업체,국민임대,대전,0
2024-05,,주택업체,국민임대,울산,0
2024-05,,주택업체,국민임대,세종,0
2024-05,,주택업체,국민임대,강원,0
2024-05,,주택업체,국민임대,충북,0
2024-05,,주택업체,국민임대,충남,0
2024-05,,주택업체,국민임대,전북,0
2024-05,,주택업체,국민임대,전남,0
2024-05,,주택업체,국민임대,경북,0
2024-05,,주택업체,국민임대,경남,0
2024-05,,주택업체,국민임대,제주,0
2024-05,,주택업체,공공임대,전국,590
2024-05,,주택업체,공공임대,서울,47
2024-05,,주택업체,공공임대,인천,418
2024-05,,주택업체,공공임대,경기,81
2024-05,,주택업체,공공임대,부산,0
2024-05,,주택업체,공공임대,대구,0
2024-05,,주택업체,공공임대,광주,0
2024-05,,주택업체,공공임대,대전,0
2024-05,,주택업체,공공임대,울산,0
2024-05,,주택업체,공공임대,세종,0
2024-05,,주택업체,공공임대,강원,0
2024-05,,주택업체,공공임대,충북,0
2024-05,,주택업체,공공임대,충남,0
2024-05,,주택업체,공공임대,전북,44
2024-05,,주택업체,공공임대,전남,0
2024-05,,주택업체,공공임대,경북,0
2024-05,,주택업체,공공임대,경남,0
2024-05,,주택업체,공공임대,제주,0
2024-05,,주택업체,공공분양,전국,703
2024-05,,주택업체,공공분양,서울,0
2024-05,,주택업체,공공분양,인천,0
2024-05,,주택업체,공공분양,경기,703
2024-05,,주택업체,공공분양,부산,0
2024-05,,주택업체,공공분양,대구,0
2024-05,,주택업체,공공분양,광주,0
2024-05,,주택업체,공공분양,대전,0
2024-05,,주택업체,공공분양,울산,0
2024-05,,주택업체,공공분양,세종,0
2024-05,,주택업체,공공분양,강원,0
2024-05,,주택업체,공공분양,충북,0
2024-05,,주택업체,공공분양,충남,0
2024-05,,주택업체,공공분양,전북,0
2024-05,,주택업체,공공분양,전남,0
2024-05,,주택업체,공공분양,경북,0
2024-05,,주택업체,공공분양,경남,0
2024-05,,주택업체,공공분양,제주,0
2024-05,,민간부문,민간부문,전국,121327
2024-05,,민간부문,민간부문,서울,10079
2024-05,,민간부문,민간부문,인천,4753
2024-05,,민간부문,민간부문,경기,33071
2024-05,,민간부문,민간부문,부산,10301
2024-05,,민간부문,민간부문,대구,1308
2024-05,,민간부문,민간부문,광주,1250
2024-05,,민간부문,민간부문,대전,13257
2024-05,,민간부문,민간부문,울산,2475
2024-05,,민간부문,민간부문,세종,3360
2024-05,,민간부문,민간부문,강원,3782
2024-05,,민간부문,민간부문,충북,5372
2024-05,,민간부문,민간부문,충남,10437
2024-05,,민간부문,민간부문,전북,2247
2024-05,,민간부문,민간부문,전남,3202
2024-05,,민간부문,민간부문,경북,8235
2024-05,,민간부문,민간부문,경남,6817
2024-05,,민간부문,민간부문,제주,1381
2024-05,,민간,민간임대,전국,7226
2024-05,,민간,민간임대,서울,1711
2024-05,,민간,민간임대,인천,1136
2024-05,,민간,민간임대,경기,2019
2024-05,,민간,민간임대,부산,0
2024-05,,민간,민간임대,대구,0
2024-05,,민간,민간임대,광주,0
2024-05,,민간,민간임대,대전,0
2024-05,,민간,민간임대,울산,301
2024-05,,민간,민간임대,세종,1110
2024-05,,민간,민간임대,강원,0
2024-05,,민간,민간임대,충북,774
2024-05,,민간,민간임대,충남,0
2024-05,,민간,민간임대,전북,175
2024-05,,민간,민간임대,전남,0
2024-05,,민간,민간임대,경북,0
2024-05,,민간,민간임대,경남,0
2024-05,,민간,민간임대,제주,0
2024-05,,민간,민간분양,전국,114101
2024-05,,민간,민간분양,서울,8368
2024-05,,민간,민간분양,인천,3617
2024-05,,민간,민간분양,경기,31052
2024-05,,민간,민간분양,부산,10301
2024-05,,민간,민간분양,대구,1308
2024-05,,민간,민간분양,광주,1250
2024-05,,민간,민간분양,대전,13257
2024-05,,민간,민간분양,울산,2174
2024-05,,민간,민간분양,세종,2250
2024-05,,민간,민간분양,강원,3782
2024-05,,민간,민간분양,충북,4598
2024-05,,민간,민간분양,충남,10437
2024-05,,민간,민간분양,전북,2072
2024-05,,민간,민간분양,전남,3202
2024-05,,민간,민간분양,경북,8235
2024-05,,민간,민간분양,경남,6817
2024-05,,민간,민간분양,제주,1381
2024-06,,총계,총계,전국,150051
2024-06,,총계,총계,서울,13538
2024-06,,총계,총계,인천,6241
2024-06,,총계,총계,경기,39937
2024-06,,총계,총계,부산,11960
2024-06,,총계,총계,대구,1339
2024-06,,총계,총계,광주,1361
2024-06,,총계,총계,대전,13280
2024-06,,총계,총계,울산,3222
2024-06,,총계,총계,세종,3366
2024-06,,총계,총계,강원,6342
2024-06,,총계,총계,충북,7638
2024-06,,총계,총계,충남,16809
2024-06,,총계,총계,전북,2736
2024-06,,총계,총계,전남,3690
2024-06,,총계,총계,경북,9205
2024-06,,총계,총계,경남,7912
2024-06,,총계,총계,제주,1475
2024-06,,공공부문,공공부문,전국,3858
2024-06,,공공부문,공공부문,서울,517
2024-06,,공공부문,공공부문,인천,418
2024-06,,공공부문,공공부문,경기,784
2024-06,,공공부문,공공부문,부산,188
2024-06,,공공부문,공공부문,대구,0
2024-06,,공공부문,공공부문,광주,0
2024-06,,공공부문,공공부문,대전,0
2024-06,,공공부문,공공부문,울산,731
2024-06,,공공부문,공공부문,세종,0
2024-06,,공공부문,공공부문,강원,80
2024-06,,공공부문,공공부문,충북,80
2024-06,,공공부문,공공부문,충남,969
2024-06,,공공부문,공공부문,전북,44
2024-06,,공공부문,공공부문,전남,0
2024-06,,공공부문,공공부문,경북,0
2024-06,,공공부문,공공부문,경남,47
2024-06,,공공부문,공공부문,제주,0
2024-06,,합,국민임대,전국,75
2024-06,,합,국민임대,서울,75
2024-06,,합,국민임대,인천,0
2024-06,,합,국민임대,경기,0
2024-06,,합,국민임대,부산,0
2024-06,,합,국민임대,대구,0
2024-06,,합,국민임대,광주,0
2024-06,,합,국민임대,대전,0
2024-06,,합,국민임대,울산,0
2024-06,,합,국민임대,세종,0
2024-06,,합,국민임대,강원,0
2024-06,,합,국민임대,충북,0
2024-06,,합,국민임대,충남,0
2024-06,,합,국민임대,전북,0
2024-06,,합,국민임대,전남,0
2024-06,,합,국민임대,경북,0
2024-06,,합,국민임대,경남,0
2024-06,,합,국민임대,제주,0
2024-06,,합,공공임대,전국,2349
2024-06,,합,공공임대,서울,442
2024-06,,합,공공임대,인천,418
2024-06,,합,공공임대,경기,81
2024-06,,합,공공임대,부산,188
2024-06,,합,공공임대,대구,0
2024-06,,합,공공임대,광주,0
2024-06,,합,공공임대,대전,0
2024-06,,합,공공임대,울산,0
2024-06,,합,공공임대,세종,0
2024-06,,합,공공임대,강원,80
2024-06,,합,공공임대,충북,80
2024-06,,합,공공임대,충남,969
2024-06,,합,공공임대,전북,44
2024-06,,합,공공임대,전남,0
2024-06,,합,공공임대,경북,0
2024-06,,합,공공임대,경남,47
2024-06,,합,공공임대,제주,0
2024-06,,합,공공분양,전국,1434
2024-06,,합,공공분양,서울,0
2024-06,,합,공공분양,인천,0
2024-06,,합,공공분양,경기,703
2024-06,,합,공공분양,부산,0
2024-06,,합,공공분양,대구,0
2024-06,,합,공공분양,광주,0
2024-06,,합,공공분양,대전,0
2024-06,,합,공공분양,울산,731
2024-06,,합,공공분양,세종,0
2024-06,,합,공공분양,강원,0
2024-06,,합,공공분양,충북,0
2024-06,,합,공공분양,충남,0
2024-06,,합,공공분양,전북,0
2024-06,,합,공공분양,전남,0
2024-06,,합,공공분양,경북,0
2024-06,,합,공공분양,경남,0
2024-06,,합,공공분양,제주,0
2024-06,,지자체,소계,전국,1418
2024-06,,지자체,소계,서울,322
2024-06,,지자체,소계,인천,0
2024-06,,지자체,소계,경기,0
2024-06,,지자체,소계,부산,0
2024-06,,지자체,소계,대구,0
2024-06,,지자체,소계,광주,0
2024-06,,지자체,소계,대전,0
2024-06,,지자체,소계,울산,0
2024-06,,지자체,소계,세종,0
2024-06,,지자체,소계,강원,80
2024-06,,지자체,소계,충북,0
2024-06,,지자체,소계,충남,969
2024-06,,지자체,소계,전북,0
2024-06,,지자체,소계,전남,0
2024-06,,지자체,소계,경북,0
2024-06,,지자체,소계,경남,47
2024-06,,지자체,소계,제주,0
2024-06,,지자체,국민임대,전국,0
2024-06,,지자체,국민임대,서울,0
2024-06,,지자체,국민임대,인천,0
2024-06,,지자체,국민임대,경기,0
2024-06,,지자체,국민임대,부산,0
2024-06,,지자체,국민임대,대구,0
2024-06,,지자체,국민임대,광주,0
2024-06,,지자체,국민임대,대전,0
2024-06,,지자체,국민임대,울산,0
2024-06,,지자체,국민임대,세종,0
2024-06,,지자체,국민임대,강원,0
2024-06,,지자체,국민임대,충북,0
2024-06,,지자체,국민임대,충남,0
2024-06,,지자체,국민임대,전북,0
2024-06,,지자체,국민임대,전남,0
2024-06,,지자체,국민임대,경북,0
2024-06,,지자체,국민임대,경남,0
2024-06,,지자체,국민임대,제주,0
2024-06,,지자체,공공임대,전국,1418
2024-06,,지자체,공공임대,서울,322
2024-06,,지자체,공공임대,인천,0
2024-06,,지자체,공공임대,경기,0
2024-06,,지자체,공공임대,부산,0
2024-06,,지자체,공공임대,대구,0
2024-06,,지자체,공공임대,광주,0
2024-06,,지자체,공공임대,대전,0
2024-06,,지자체,공공임대,울산,0
2024-06,,지자체,공공임대,세종,0
2024-06,,지자체,공공임대,강원,80
2024-06,,지자체,공공임대,충북,0
2024-06,,지자체,공공임대,충남,969
2024-06,,지자체,공공임대,전북,0
2024-06,,지자체,공공임대,전남,0
2024-06,,지자체,공공임대,경북,0
2024-06,,지자체,공공임대,경남,47
2024-06,,지자체,공공임대,제주,0
2024-06,,지자체,공공분양,전국,0
2024-06,,지자체,공공분양,서울,0
2024-06,,지자체,공공분양,인천,0
2024-06,,지자체,공공분양,경기,0
2024-06,,지자체,공공분양,부산,0
2024-06,,지자체,공공분양,대구,0
2024-06,,지자체,공공분양,광주,0
2024-06,,지자체,공공분양,대전,0
2024-06,,지자체,공공분양,울산,0
2024-06,,지자체,공공분양,세종,0
2024-06,,지자체,공공분양,강원,0
2024-06,,지자체,공공분양,충북,0
2024-06,,지자체,공공분양,충남,0
2024-06,,지자체,공공분양,전북,0
2024-06,,지자체,공공분양,전남,0
2024-06,,지자체,공공분양,경북,0
2024-06,,지자체,공공분양,경남,0
2024-06,,지자체,공공분양,제주,0
2024-06,,LH,소계,전국,999
2024-06,,LH,소계,서울,0
2024-06,,LH,소계,인천,0
2024-06,,LH,소계,경기,0
2024-06,,LH,소계,부산,188
2024-06,,LH,소계,대구,0
2024-06,,LH,소계,광주,0
2024-06,,LH,소계,대전,0
2024-06,,LH,소계,울산,731
2024-06,,LH,소계,세종,0
2024-06,,LH,소계,강원,0
2024-06,,LH,소계,충북,80
2024-06,,LH,소계,충남,0
2024-06,,LH,소계,전북,0
2024-06,,LH,소계,전남,0
2024-06,,LH,소계,경북,0
2024-06,,LH,소계,경남,0
2024-06,,LH,소계,제주,0
2024-06,,LH,국민임대,전국,0
2024-06,,LH,국민임대,서울,0
2024-06,,LH,국민임대,인천,0
2024-06,,LH,국민임대,경기,0
2024-06,,LH,국민임대,부산,0
2024-06,,LH,국민임대,대구,0
2024-06,,LH,국민임대,광주,0
2024-06,,LH,국민임대,대전,0
2024-06,,LH,국민임대,울산,0
2024-06,,LH,국민임대,세종,0
2024-06,,LH,국민임대,강원,0
2024-06,,LH,국민임대,충북,0
2024-06,,LH,국민임대,충남,0
2024-06,,LH,국민임대,전북,0
2024-06,,LH,국민임대,전남,0
2024-06,,LH,국민임대,경북,0
2024-06,,LH,국민임대,경남,0
2024-06,,LH,국민임대,제주,0
2024-06,,LH,공공임대,전국,268
2024-06,,LH,공공임대,서울,0
2024-06,,LH,공공임대,인천,0
2024-06,,LH,공공임대,경기,0
2024-06,,LH,공공임대,부산,188
2024-06,,LH,공공임대,대구,0
2024-06,,LH,공공임대,광주,0
2024-06,,LH,공공임대,대전,0
2024-06,,LH,공공임대,울산,0
2024-06,,LH,공공임대,세종,0
2024-06,,LH,공공임대,강원,0
2024-06,,LH,공공임대,충북,80
2024-06,,LH,공공임대,충남,0
2024-06,,LH,공공임대,전북,0
2024-06,,LH,공공임대,전남,0
2024-06,,LH,공공임대,경북,0
2024-06,,LH,공공임대,경남,0
2024-06,,LH,공공임대,제주,0
2024-06,,LH,공공분양,전국,731
2024-06,,LH,공공분양,서울,0
2024-06,,LH,공공분양,인천,0
2024-06,,LH,공공분양,경기,0
2024-06,,LH,공공분양,부산,0
2024-06,,LH,공공분양,대구,0
2024-06,,LH,공공분양,광주,0
2024-06,,LH,공공분양,대전,0
2024-06,,LH,공공분양,울산,731
2024-06,,LH,공공분양,세종,0
2024-06,,LH,공공분양,강원,0
2024-06,,LH,공공분양,충북,0
2024-06,,LH,공공분양,충남,0
2024-06,,LH,공공분양,전북,0
2024-06,,LH,공공분양,전남,0
2024-06,,LH,공공분양,경북,0
2024-06,,LH,공공분양,경남,0
2024-06,,LH,공공분양,제주,0
2024-06,,주택업체,소계,전국,1441
2024-06,,주택업체,소계,서울,195
2024-06,,주택업체,소계,인천,418
2024-06,,주택업체,소계,경기,784
2024-06,,주택업체,소계,부산,0
2024-06,,주택업체,소계,대구,0
2024-06,,주택업체,소계,광주,0
2024-06,,주택업체,소계,대전,0
2024-06,,주택업체,소계,울산,0
2024-06,,주택업체,소계,세종,0
2024-06,,주택업체,소계,강원,0
2024-06,,주택업체,소계,충북,0
2024-06,,주택업체,소계,충남,0
2024-06,,주택업체,소계,전북,44
2024-06,,주택업체,소계,전남,0
2024-06,,주택업체,소계,경북,0
2024-06,,주택업체,소계,경남,0
2024-06,,주택업체,소계,제주,0
2024-06,,주택업체,국민임대,전국,75
2024-06,,주택업체,국민임대,서울,75
2024-06,,주택업체,국민임대,인천,0
2024-06,,주택업체,국민임대,경기,0
2024-06,,주택업체,국민임대,부산,0
2024-06,,주택업체,국민임대,대구,0
2024-06,,주택업체,국민임대,광주,0
2024-06,,주택업체,국민임대,대전,0
2024-06,,주택업체,국민임대,울산,0
2024-06,,주택업체,국민임대,세종,0
2024-06,,주택업체,국민임대,강원,0
2024-06,,주택업체,국민임대,충북,0
2024-06,,주택업체,국민임대,충남,0
2024-06,,주택업체,국민임대,전북,0
2024-06,,주택업체,국민임대,전남,0
2024-06,,주택업체,국민임대,경북,0
2024-06,,주택업체,국민임대,경남,0
2024-06,,주택업체,국민임대,제주,0
2024-06,,주택업체,공공임대,전국,663
2024-06,,주택업체,공공임대,서울,120
2024-06,,주택업체,공공임대,인천,418
2024-06,,주택업체,공공임대,경기,81
2024-06,,주택업체,공공임대,부산,0
2024-06,,주택업체,공공임대,대구,0
2024-06,,주택업체,공공임대,광주,0
2024-06,,주택업체,공공임대,대전,0
2024-06,,주택업체,공공임대,울산,0
2024-06,,주택업체,공공임대,세종,0
2024-06,,주택업체,공공임대,강원,0
2024-06,,주택업체,공공임대,충북,0
2024-06,,주택업체,공공임대,충남,0
2024-06,,주택업체,공공임대,전북,44
2024-06,,주택업체,공공임대,전남,0
2024-06,,주택업체,공공임대,경북,0
2024-06,,주택업체,공공임대,경남,0
2024-06,,주택업체,공공임대,제주,0
2024-06,,주택업체,공공분양,전국,703
2024-06,,주택업체,공공분양,서울,0
2024-06,,주택업체,공공분양,인천,0
2024-06,,주택업체,공공분양,경기,703
2024-06,,주택업체,공공분양,부산,0
2024-06,,주택업체,공공분양,대구,0
2024-06,,주택업체,공공분양,광주,0
2024-06,,주택업체,공공분양,대전,0
2024-06,,주택업체,공공분양,울산,0
2024-06,,주택업체,공공분양,세종,0
2024-06,,주택업체,공공분양,강원,0
2024-06,,주택업체,공공분양,충북,0
2024-06,,주택업체,공공분양,충남,0
2024-06,,주택업체,공공분양,전북,0
2024-06,,주택업체,공공분양,전남,0
2024-06,,주택업체,공공분양,경북,0
2024-06,,주택업체,공공분양,경남,0
2024-06,,주택업체,공공분양,제주,0
2024-06,,민간부문,민간부문,전국,146193
2024-06,,민간부문,민간부문,서울,13021
2024-06,,민간부문,민간부문,인천,5823
2024-06,,민간부문,민간부문,경기,39153
2024-06,,민간부문,민간부문,부산,11772
2024-06,,민간부문,민간부문,대구,1339
2024-06,,민간부문,민간부문,광주,1361
2024-06,,민간부문,민간부문,대전,13280
2024-06,,민간부문,민간부문,울산,2491
2024-06,,민간부문,민간부문,세종,3366
2024-06,,민간부문,민간부문,강원,6262
2024-06,,민간부문,민간부문,충북,7558
2024-06,,민간부문,민간부문,충남,15840
2024-06,,민간부문,민간부문,전북,2692
2024-06,,민간부문,민간부문,전남,3690
2024-06,,민간부문,민간부문,경북,9205
2024-06,,민간부문,민간부문,경남,7865
2024-06,,민간부문,민간부문,제주,1475
2024-06,,민간,민간임대,전국,9586
2024-06,,민간,민간임대,서울,1711
2024-06,,민간,민간임대,인천,1446
2024-06,,민간,민간임대,경기,2019
2024-06,,민간,민간임대,부산,886
2024-06,,민간,민간임대,대구,0
2024-06,,민간,민간임대,광주,0
2024-06,,민간,민간임대,대전,0
2024-06,,민간,민간임대,울산,301
2024-06,,민간,민간임대,세종,1110
2024-06,,민간,민간임대,강원,0
2024-06,,민간,민간임대,충북,774
2024-06,,민간,민간임대,충남,0
2024-06,,민간,민간임대,전북,475
2024-06,,민간,민간임대,전남,128
2024-06,,민간,민간임대,경북,736
2024-06,,민간,민간임대,경남,0
2024-06,,민간,민간임대,제주,0
2024-06,,민간,민간분양,전국,136607
2024-06,,민간,민간분양,서울,11310
2024-06,,민간,민간분양,인천,4377
2024-06,,민간,민간분양,경기,37134
2024-06,,민간,민간분양,부산,10886
2024-06,,민간,민간분양,대구,1339
2024-06,,민간,민간분양,광주,1361
2024-06,,민간,민간분양,대전,13280
2024-06,,민간,민간분양,울산,2190
2024-06,,민간,민간분양,세종,2256
2024-06,,민간,민간분양,강원,6262
2024-06,,민간,민간분양,충북,6784
2024-06,,민간,민간분양,충남,15840
2024-06,,민간,민간분양,전북,2217
2024-06,,민간,민간분양,전남,3562
2024-06,,민간,민간분양,경북,8469
2024-06,,민간,민간분양,경남,7865
2024-06,,민간,민간분양,제주,1475
2024-07,,총계,총계,전국,170422
2024-07,,총계,총계,서울,15767
2024-07,,총계,총계,인천,6399
2024-07,,총계,총계,경기,45412
2024-07,,총계,총계,부산,16805
2024-07,,총계,총계,대구,1357
2024-07,,총계,총계,광주,3122
2024-07,,총계,총계,대전,14450
2024-07,,총계,총계,울산,3790
2024-07,,총계,총계,세종,3372
2024-07,,총계,총계,강원,6581
2024-07,,총계,총계,충북,8371
2024-07,,총계,총계,충남,18084
2024-07,,총계,총계,전북,3171
2024-07,,총계,총계,전남,3941
2024-07,,총계,총계,경북,9441
2024-07,,총계,총계,경남,8539
2024-07,,총계,총계,제주,1820
2024-07,,공공부문,공공부문,전국,4883
2024-07,,공공부문,공공부문,서울,517
2024-07,,공공부문,공공부문,인천,418
2024-07,,공공부문,공공부문,경기,784
2024-07,,공공부문,공공부문,부산,1213
2024-07,,공공부문,공공부문,대구,0
2024-07,,공공부문,공공부문,광주,0
2024-07,,공공부문,공공부문,대전,0
2024-07,,공공부문,공공부문,울산,731
2024-07,,공공부문,공공부문,세종,0
2024-07,,공공부문,공공부문,강원,80
2024-07,,공공부문,공공부문,충북,80
2024-07,,공공부문,공공부문,충남,969
2024-07,,공공부문,공공부문,전북,44
2024-07,,공공부문,공공부문,전남,0
2024-07,,공공부문,공공부문,경북,0
2024-07,,공공부문,공공부문,경남,47
2024-07,,공공부문,공공부문,제주,0
2024-07,,합,국민임대,전국,75
2024-07,,합,국민임대,서울,75
2024-07,,합,국민임대,인천,0
2024-07,,합,국민임대,경기,0
2024-07,,합,국민임대,부산,0
2024-07,,합,국민임대,대구,0
2024-07,,합,국민임대,광주,0
2024-07,,합,국민임대,대전,0
2024-07,,합,국민임대,울산,0
2024-07,,합,국민임대,세종,0
2024-07,,합,국민임대,강원,0
2024-07,,합,국민임대,충북,0
2024-07,,합,국민임대,충남,0
2024-07,,합,국민임대,전북,0
2024-07,,합,국민임대,전남,0
2024-07,,합,국민임대,경북,0
2024-07,,합,국민임대,경남,0
2024-07,,합,국민임대,제주,0
2024-07,,합,공공임대,전국,2349
2024-07,,합,공공임대,서울,442
2024-07,,합,공공임대,인천,418
2024-07,,합,공공임대,경기,81
2024-07,,합,공공임대,부산,188
2024-07,,합,공공임대,대구,0
2024-07,,합,공공임대,광주,0
2024-07,,합,공공임대,대전,0
2024-07,,합,공공임대,울산,0
2024-07,,합,공공임대,세종,0
2024-07,,합,공공임대,강원,80
2024-07,,합,공공임대,충북,80
2024-07,,합,공공임대,충남,969
2024-07,,합,공공임대,전북,44
2024-07,,합,공공임대,전남,0
2024-07,,합,공공임대,경북,0
2024-07,,합,공공임대,경남,47
2024-07,,합,공공임대,제주,0
2024-07,,합,공공분양,전국,2459
2024-07,,합,공공분양,서울,0
2024-07,,합,공공분양,인천,0
2024-07,,합,공공분양,경기,703
2024-07,,합,공공분양,부산,1025
2024-07,,합,공공분양,대구,0
2024-07,,합,공공분양,광주,0
2024-07,,합,공공분양,대전,0
2024-07,,합,공공분양,울산,731
2024-07,,합,공공분양,세종,0
2024-07,,합,공공분양,강원,0
2024-07,,합,공공분양,충북,0
2024-07,,합,공공분양,충남,0
2024-07,,합,공공분양,전북,0
2024-07,,합,공공분양,전남,0
2024-07,,합,공공분양,경북,0
2024-07,,합,공공분양,경남,0
2024-07,,합,공공분양,제주,0
2024-07,,지자체,소계,전국,2443
2024-07,,지자체,소계,서울,322
2024-07,,지자체,소계,인천,0
2024-07,,지자체,소계,경기,0
2024-07,,지자체,소계,부산,1025
2024-07,,지자체,소계,대구,0
2024-07,,지자체,소계,광주,0
2024-07,,지자체,소계,대전,0
2024-07,,지자체,소계,울산,0
2024-07,,지자체,소계,세종,0
2024-07,,지자체,소계,강원,80
2024-07,,지자체,소계,충북,0
2024-07,,지자체,소계,충남,969
2024-07,,지자체,소계,전북,0
2024-07,,지자체,소계,전남,0
2024-07,,지자체,소계,경북,0
2024-07,,지자체,소계,경남,47
2024-07,,지자체,소계,제주,0
2024-07,,지자체,국민임대,전국,0
2024-07,,지자체,국민임대,서울,0
2024-07,,지자체,국민임대,인천,0
2024-07,,지자체,국민임대,경기,0
2024-07,,지자체,국민임대,부산,0
2024-07,,지자체,국민임대,대구,0
2024-07,,지자체,국민임대,광주,0
2024-07,,지자체,국민임대,대전,0
2024-07,,지자체,국민임대,울산,0
2024-07,,지자체,국민임대,세종,0
2024-07,,지자체,국민임대,강원,0
2024-07,,지자체,국민임대,충북,0
2024-07,,지자체,국민임대,충남,0
2024-07,,지자체,국민임대,전북,0
2024-07,,지자체,국민임대,전남,0
2024-07,,지자체,국민임대,경북,0
2024-07,,지자체,국민임대,경남,0
2024-07,,지자체,국민임대,제주,0
2024-07,,지자체,공공임대,전국,1418
2024-07,,지자체,공공임대,서울,322
2024-07,,지자체,공공임대,인천,0
2024-07,,지자체,공공임대,경기,0
2024-07,,지자체,공공임대,부산,0
2024-07,,지자체,공공임대,대구,0
2024-07,,지자체,공공임대,광주,0
2024-07,,지자체,공공임대,대전,0
2024-07,,지자체,공공임대,울산,0
2024-07,,지자체,공공임대,세종,0
2024-07,,지자체,공공임대,강원,80
2024-07,,지자체,공공임대,충북,0
2024-07,,지자체,공공임대,충남,969
2024-07,,지자체,공공임대,전북,0
2024-07,,지자체,공공임대,전남,0
2024-07,,지자체,공공임대,경북,0
2024-07,,지자체,공공임대,경남,47
2024-07,,지자체,공공임대,제주,0
2024-07,,지자체,공공분양,전국,1025
2024-07,,지자체,공공분양,서울,0
2024-07,,지자체,공공분양,인천,0
2024-07,,지자체,공공분양,경기,0
2024-07,,지자체,공공분양,부산,1025
2024-07,,지자체,공공분양,대구,0
2024-07,,지자체,공공분양,광주,0
2024-07,,지자체,공공분양,대전,0
2024-07,,지자체,공공분양,울산,0
2024-07,,지자체,공공분양,세종,0
2024-07,,지자체,공공분양,강원,0
2024-07,,지자체,공공분양,충북,0
2024-07,,지자체,공공분양,충남,0
2024-07,,지자체,공공분양,전북,0
2024-07,,지자체,공공분양,전남,0
2024-07,,지자체,공공분양,경북,0
2024-07,,지자체,공공분양,경남,0
2024-07,,지자체,공공분양,제주,0
2024-07,,LH,소계,전국,999
2024-07,,LH,소계,서울,0
2024-07,,LH,소계,인천,0
2024-07,,LH,소계,경기,0
2024-07,,LH,소계,부산,188
2024-07,,LH,소계,대구,0
2024-07,,LH,소계,광주,0
2024-07,,LH,소계,대전,0
2024-07,,LH,소계,울산,731
2024-07,,LH,소계,세종,0
2024-07,,LH,소계,강원,0
2024-07,,LH,소계,충북,80
2024-07,,LH,소계,충남,0
2024-07,,LH,소계,전북,0
2024-07,,LH,소계,전남,0
2024-07,,LH,소계,경북,0
2024-07,,LH,소계,경남,0
2024-07,,LH,소계,제주,0
2024-07,,LH,국민임대,전국,0
2024-07,,LH,국민임대,서울,0
2024-07,,LH,국민임대,인천,0
2024-07,,LH,국민임대,경기,0
2024-07,,LH,국민임대,부산,0
2024-07,,LH,국민임대,대구,0
2024-07,,LH,국민임대,광주,0
2024-07,,LH,국민임대,대전,0
2024-07,,LH,국민임대,울산,0
2024-07,,LH,국민임대,세종,0
2024-07,,LH,국민임대,강원,0
2024-07,,LH,국민임대,충북,0
2024-07,,LH,국민임대,충남,0
2024-07,,LH,국민임대,전북,0
2024-07,,LH,국민임대,전남,0
2024-07,,LH,국민임대,경북,0
2024-07,,LH,국민임대,경남,0
2024-07,,LH,국민임대,제주,0
2024-07,,LH,공공임대,전국,268
2024-07,,LH,공공임대,서울,0
2024-07,,LH,공공임대,인천,0
2024-07,,LH,공공임대,경기,0
2024-07,,LH,공공임대,부산,188
2024-07,,LH,공공임대,대구,0
2024-07,,LH,공공임대,광주,0
2024-07,,LH,공공임대,대전,0
2024-07,,LH,공공임대,울산,0
2024-07,,LH,공공임대,세종,0
2024-07,,LH,공공임대,강원,0
2024-07,,LH,공공임대,충북,80
2024-07,,LH,공공임대,충남,0
2024-07,,LH,공공임대,전북,0
2024-07,,LH,공공임대,전남,0
2024-07,,LH,공공임대,경북,0
2024-07,,LH,공공임대,경남,0
2024-07,,LH,공공임대,제주,0
2024-07,,LH,공공분양,전국,731
2024-07,,LH,공공분양,서울,0
2024-07,,LH,공공분양,인천,0
2024-07,,LH,공공분양,경기,0
2024-07,,LH,공공분양,부산,0
2024-07,,LH,공공분양,대구,0
2024-07,,LH,공공분양,광주,0
2024-07,,LH,공공분양,대전,0
2024-07,,LH,공공분양,울산,731
2024-07,,LH,공공분양,세종,0
2024-07,,LH,공공분양,강원,0
2024-07,,LH,공공분양,충북,0
2024-07,,LH,공공분양,충남,0
2024-07,,LH,공공분양,전북,0
2024-07,,LH,공공분양,전남,0
2024-07,,LH,공공분양,경북,0
2024-07,,LH,공공분양,경남,0
2024-07,,LH,공공분양,제주,0
2024-07,,주택업체,소계,전국,1441
2024-07,,주택업체,소계,서울,195
2024-07,,주택업체,소계,인천,418
2024-07,,주택업체,소계,경기,784
2024-07,,주택업체,소계,부산,0
2024-07,,주택업체,소계,대구,0
2024-07,,주택업체,소계,광주,0
2024-07,,주택업체,소계,대전,0
2024-07,,주택업체,소계,울산,0
2024-07,,주택업체,소계,세종,0
2024-07,,주택업체,소계,강원,0
2024-07,,주택업체,소계,충북,0
2024-07,,주택업체,소계,충남,0
2024-07,,주택업체,소계,전북,44
2024-07,,주택업체,소계,전남,0
2024-07,,주택업체,소계,경북,0
2024-07,,주택업체,소계,경남,0
2024-07,,주택업체,소계,제주,0
2024-07,,주택업체,국민임대,전국,75
2024-07,,주택업체,국민임대,서울,75
2024-07,,주택업체,국민임대,인천,0
2024-07,,주택업체,국민임대,경기,0
2024-07,,주택업체,국민임대,부산,0
2024-07,,주택업체,국민임대,대구,0
2024-07,,주택업체,국민임대,광주,0
2024-07,,주택업체,국민임대,대전,0
2024-07,,주택업체,국민임대,울산,0
2024-07,,주택업체,국민임대,세종,0
2024-07,,주택업체,국민임대,강원,0
2024-07,,주택업체,국민임대,충북,0
2024-07,,주택업체,국민임대,충남,0
2024-07,,주택업체,국민임대,전북,0
2024-07,,주택업체,국민임대,전남,0
2024-07,,주택업체,국민임대,경북,0
2024-07,,주택업체,국민임대,경남,0
2024-07,,주택업체,국민임대,제주,0
2024-07,,주택업체,공공임대,전국,663
2024-07,,주택업체,공공임대,서울,120
2024-07,,주택업체,공공임대,인천,418
2024-07,,주택업체,공공임대,경기,81
2024-07,,주택업체,공공임대,부산,0
2024-07,,주택업체,공공임대,대구,0
2024-07,,주택업체,공공임대,광주,0
2024-07,,주택업체,공공임대,대전,0
2024-07,,주택업체,공공임대,울산,0
2024-07,,주택업체,공공임대,세종,0
2024-07,,주택업체,공공임대,강원,0
2024-07,,주택업체,공공임대,충북,0
2024-07,,주택업체,공공임대,충남,0
2024-07,,주택업체,공공임대,전북,44
2024-07,,주택업체,공공임대,전남,0
2024-07,,주택업체,공공임대,경북,0
2024-07,,주택업체,공공임대,경남,0
2024-07,,주택업체,공공임대,제주,0
2024-07,,주택업체,공공분양,전국,703
2024-07,,주택업체,공공분양,서울,0
2024-07,,주택업체,공공분양,인천,0
2024-07,,주택업체,공공분양,경기,703
2024-07,,주택업체,공공분양,부산,0
2024-07,,주택업체,공공분양,대구,0
2024-07,,주택업체,공공분양,광주,0
2024-07,,주택업체,공공분양,대전,0
2024-07,,주택업체,공공분양,울산,0
2024-07,,주택업체,공공분양,세종,0
2024-07,,주택업체,공공분양,강원,0
2024-07,,주택업체,공공분양,충북,0
2024-07,,주택업체,공공분양,충남,0
2024-07,,주택업체,공공분양,전북,0
2024-07,,주택업체,공공분양,전남,0
2024-07,,주택업체,공공분양,경북,0
2024-07,,주택업체,공공분양,경남,0
2024-07,,주택업체,공공분양,제주,0
2024-07,,민간부문,민간부문,전국,165539
2024-07,,민간부문,민간부문,서울,15250
2024-07,,민간부문,민간부문,인천,5981
2024-07,,민간부문,민간부문,경기,44628
2024-07,,민간부문,민간부문,부산,15592
2024-07,,민간부문,민간부문,대구,1357
2024-07,,민간부문,민간부문,광주,3122
2024-07,,민간부문,민간부문,대전,14450
2024-07,,민간부문,민간부문,울산,3059
2024-07,,민간부문,민간부문,세종,3372
2024-07,,민간부문,민간부문,강원,6501
2024-07,,민간부문,민간부문,충북,8291
2024-07,,민간부문,민간부문,충남,17115
2024-07,,민간부문,민간부문,전북,3127
2024-07,,민간부문,민간부문,전남,3941
2024-07,,민간부문,민간부문,경북,9441
2024-07,,민간부문,민간부문,경남,8492
2024-07,,민간부문,민간부문,제주,1820
2024-07,,민간,민간임대,전국,9586
2024-07,,민간,민간임대,서울,1711
2024-07,,민간,민간임대,인천,1446
2024-07,,민간,민간임대,경기,2019
2024-07,,민간,민간임대,부산,886
2024-07,,민간,민간임대,대구,0
2024-07,,민간,민간임대,광주,0
2024-07,,민간,민간임대,대전,0
2024-07,,민간,민간임대,울산,301
2024-07,,민간,민간임대,세종,1110
2024-07,,민간,민간임대,강원,0
2024-07,,민간,민간임대,충북,774
2024-07,,민간,민간임대,충남,0
2024-07,,민간,민간임대,전북,475
2024-07,,민간,민간임대,전남,128
2024-07,,민간,민간임대,경북,736
2024-07,,민간,민간임대,경남,0
2024-07,,민간,민간임대,제주,0
2024-07,,민간,민간분양,전국,155953
2024-07,,민간,민간분양,서울,13539
2024-07,,민간,민간분양,인천,4535
2024-07,,민간,민간분양,경기,42609
2024-07,,민간,민간분양,부산,14706
2024-07,,민간,민간분양,대구,1357
2024-07,,민간,민간분양,광주,3122
2024-07,,민간,민간분양,대전,14450
2024-07,,민간,민간분양,울산,2758
2024-07,,민간,민간분양,세종,2262
2024-07,,민간,민간분양,강원,6501
2024-07,,민간,민간분양,충북,7517
2024-07,,민간,민간분양,충남,17115
2024-07,,민간,민간분양,전북,2652
2024-07,,민간,민간분양,전남,3813
2024-07,,민간,민간분양,경북,8705
2024-07,,민간,민간분양,경남,8492
2024-07,,민간,민간분양,제주,1820
2024-08,,총계,총계,전국,199008
2024-08,,총계,총계,서울,21670
2024-08,,총계,총계,인천,8547
2024-08,,총계,총계,경기,53593
2024-08,,총계,총계,부산,18956
2024-08,,총계,총계,대구,2293
2024-08,,총계,총계,광주,3600
2024-08,,총계,총계,대전,14602
2024-08,,총계,총계,울산,3816
2024-08,,총계,총계,세종,3401
2024-08,,총계,총계,강원,8383
2024-08,,총계,총계,충북,9059
2024-08,,총계,총계,충남,19790
2024-08,,총계,총계,전북,4694
2024-08,,총계,총계,전남,4176
2024-08,,총계,총계,경북,10429
2024-08,,총계,총계,경남,9987
2024-08,,총계,총계,제주,2012
2024-08,,공공부문,공공부문,전국,4921
2024-08,,공공부문,공공부문,서울,525
2024-08,,공공부문,공공부문,인천,418
2024-08,,공공부문,공공부문,경기,784
2024-08,,공공부문,공공부문,부산,1213
2024-08,,공공부문,공공부문,대구,0
2024-08,,공공부문,공공부문,광주,0
2024-08,,공공부문,공공부문,대전,0
2024-08,,공공부문,공공부문,울산,731
2024-08,,공공부문,공공부문,세종,0
2024-08,,공공부문,공공부문,강원,80
2024-08,,공공부문,공공부문,충북,80
2024-08,,공공부문,공공부문,충남,969
2024-08,,공공부문,공공부문,전북,44
2024-08,,공공부문,공공부문,전남,0
2024-08,,공공부문,공공부문,경북,0
2024-08,,공공부문,공공부문,경남,77
2024-08,,공공부문,공공부문,제주,0
2024-08,,합,국민임대,전국,83
2024-08,,합,국민임대,서울,83
2024-08,,합,국민임대,인천,0
2024-08,,합,국민임대,경기,0
2024-08,,합,국민임대,부산,0
2024-08,,합,국민임대,대구,0
2024-08,,합,국민임대,광주,0
2024-08,,합,국민임대,대전,0
2024-08,,합,국민임대,울산,0
2024-08,,합,국민임대,세종,0
2024-08,,합,국민임대,강원,0
2024-08,,합,국민임대,충북,0
2024-08,,합,국민임대,충남,0
2024-08,,합,국민임대,전북,0
2024-08,,합,국민임대,전남,0
2024-08,,합,국민임대,경북,0
2024-08,,합,국민임대,경남,0
2024-08,,합,국민임대,제주,0
2024-08,,합,공공임대,전국,2379
2024-08,,합,공공임대,서울,442
2024-08,,합,공공임대,인천,418
2024-08,,합,공공임대,경기,81
2024-08,,합,공공임대,부산,188
2024-08,,합,공공임대,대구,0
2024-08,,합,공공임대,광주,0
2024-08,,합,공공임대,대전,0
2024-08,,합,공공임대,울산,0
2024-08,,합,공공임대,세종,0
2024-08,,합,공공임대,강원,80
2024-08,,합,공공임대,충북,80
2024-08,,합,공공임대,충남,969
2024-08,,합,공공임대,전북,44
2024-08,,합,공공임대,전남,0
2024-08,,합,공공임대,경북,0
2024-08,,합,공공임대,경남,77
2024-08,,합,공공임대,제주,0
2024-08,,합,공공분양,전국,2459
2024-08,,합,공공분양,서울,0
2024-08,,합,공공분양,인천,0
2024-08,,합,공공분양,경기,703
2024-08,,합,공공분양,부산,1025
2024-08,,합,공공분양,대구,0
2024-08,,합,공공분양,광주,0
2024-08,,합,공공분양,대전,0
2024-08,,합,공공분양,울산,731
2024-08,,합,공공분양,세종,0
2024-08,,합,공공분양,강원,0
2024-08,,합,공공분양,충북,0
2024-08,,합,공공분양,충남,0
2024-08,,합,공공분양,전북,0
2024-08,,합,공공분양,전남,0
2024-08,,합,공공분양,경북,0
2024-08,,합,공공분양,경남,0
2024-08,,합,공공분양,제주,0
2024-08,,지자체,소계,전국,2473
2024-08,,지자체,소계,서울,322
2024-08,,지자체,소계,인천,0
2024-08,,지자체,소계,경기,0
2024-08,,지자체,소계,부산,1025
2024-08,,지자체,소계,대구,0
2024-08,,지자체,소계,광주,0
2024-08,,지자체,소계,대전,0
2024-08,,지자체,소계,울산,0
2024-08,,지자체,소계,세종,0
2024-08,,지자체,소계,강원,80
2024-08,,지자체,소계,충북,0
2024-08,,지자체,소계,충남,969
2024-08,,지자체,소계,전북,0
2024-08,,지자체,소계,전남,0
2024-08,,지자체,소계,경북,0
2024-08,,지자체,소계,경남,77
2024-08,,지자체,소계,제주,0
2024-08,,지자체,국민임대,전국,0
2024-08,,지자체,국민임대,서울,0
2024-08,,지자체,국민임대,인천,0
2024-08,,지자체,국민임대,경기,0
2024-08,,지자체,국민임대,부산,0
2024-08,,지자체,국민임대,대구,0
2024-08,,지자체,국민임대,광주,0
2024-08,,지자체,국민임대,대전,0
2024-08,,지자체,국민임대,울산,0
2024-08,,지자체,국민임대,세종,0
2024-08,,지자체,국민임대,강원,0
2024-08,,지자체,국민임대,충북,0
2024-08,,지자체,국민임대,충남,0
2024-08,,지자체,국민임대,전북,0
2024-08,,지자체,국민임대,전남,0
2024-08,,지자체,국민임대,경북,0
2024-08,,지자체,국민임대,경남,0
2024-08,,지자체,국민임대,제주,0
2024-08,,지자체,공공임대,전국,1448
2024-08,,지자체,공공임대,서울,322
2024-08,,지자체,공공임대,인천,0
2024-08,,지자체,공공임대,경기,0
2024-08,,지자체,공공임대,부산,0
2024-08,,지자체,공공임대,대구,0
2024-08,,지자체,공공임대,광주,0
2024-08,,지자체,공공임대,대전,0
2024-08,,지자체,공공임대,울산,0
2024-08,,지자체,공공임대,세종,0
2024-08,,지자체,공공임대,강원,80
2024-08,,지자체,공공임대,충북,0
2024-08,,지자체,공공임대,충남,969
2024-08,,지자체,공공임대,전북,0
2024-08,,지자체,공공임대,전남,0
2024-08,,지자체,공공임대,경북,0
2024-08,,지자체,공공임대,경남,77
2024-08,,지자체,공공임대,제주,0
2024-08,,지자체,공공분양,전국,1025
2024-08,,지자체,공공분양,서울,0
2024-08,,지자체,공공분양,인천,0
2024-08,,지자체,공공분양,경기,0
2024-08,,지자체,공공분양,부산,1025
2024-08,,지자체,공공분양,대구,0
2024-08,,지자체,공공분양,광주,0
2024-08,,지자체,공공분양,대전,0
2024-08,,지자체,공공분양,울산,0
2024-08,,지자체,공공분양,세종,0
2024-08,,지자체,공공분양,강원,0
2024-08,,지자체,공공분양,충북,0
2024-08,,지자체,공공분양,충남,0
2024-08,,지자체,공공분양,전북,0
2024-08,,지자체,공공분양,전남,0
2024-08,,지자체,공공분양,경북,0
2024-08,,지자체,공공분양,경남,0
2024-08,,지자체,공공분양,제주,0
2024-08,,LH,소계,전국,999
2024-08,,LH,소계,서울,0
2024-08,,LH,소계,인천,0
2024-08,,LH,소계,경기,0
2024-08,,LH,소계,부산,188
2024-08,,LH,소계,대구,0
2024-08,,LH,소계,광주,0
2024-08,,LH,소계,대전,0
2024-08,,LH,소계,울산,731
2024-08,,LH,소계,세종,0
2024-08,,LH,소계,강원,0
2024-08,,LH,소계,충북,80
2024-08,,LH,소계,충남,0
2024-08,,LH,소계,전북,0
2024-08,,LH,소계,전남,0
2024-08,,LH,소계,경북,0
2024-08,,LH,소계,경남,0
2024-08,,LH,소계,제주,0
2024-08,,LH,국민임대,전국,0
2024-08,,LH,국민임대,서울,0
2024-08,,LH,국민임대,인천,0
2024-08,,LH,국민임대,경기,0
2024-08,,LH,국민임대,부산,0
2024-08,,LH,국민임대,대구,0
2024-08,,LH,국민임대,광주,0
2024-08,,LH,국민임대,대전,0
2024-08,,LH,국민임대,울산,0
2024-08,,LH,국민임대,세종,0
2024-08,,LH,국민임대,강원,0
2024-08,,LH,국민임대,충북,0
2024-08,,LH,국민임대,충남,0
2024-08,,LH,국민임대,전북,0
2024-08,,LH,국민임대,전남,0
2024-08,,LH,국민임대,경북,0
2024-08,,LH,국민임대,경남,0
2024-08,,LH,국민임대,제주,0
2024-08,,LH,공공임대,전국,268
2024-08,,LH,공공임대,서울,0
2024-08,,LH,공공임대,인천,0
2024-08,,LH,공공임대,경기,0
2024-08,,LH,공공임대,부산,188
2024-08,,LH,공공임대,대구,0
2024-08,,LH,공공임대,광주,0
2024-08,,LH,공공임대,대전,0
2024-08,,LH,공공임대,울산,0
2024-08,,LH,공공임대,세종,0
2024-08,,LH,공공임대,강원,0
2024-08,,LH,공공임대,충북,80
2024-08,,LH,공공임대,충남,0
2024-08,,LH,공공임대,전북,0
2024-08,,LH,공공임대,전남,0
2024-08,,LH,공공임대,경북,0
2024-08,,LH,공공임대,경남,0
2024-08,,LH,공공임대,제주,0
2024-08,,LH,공공분양,전국,731
2024-08,,LH,공공분양,서울,0
2024-08,,LH,공공분양,인천,0
2024-08,,LH,공공분양,경기,0
2024-08,,LH,공공분양,부산,0
2024-08,,LH,공공분양,대구,0
2024-08,,LH,공공분양,광주,0
2024-08,,LH,공공분양,대전,0
2024-08,,LH,공공분양,울산,731
2024-08,,LH,공공분양,세종,0
2024-08,,LH,공공분양,강원,0
2024-08,,LH,공공분양,충북,0
2024-08,,LH,공공분양,충남,0
2024-08,,LH,공공분양,전북,0
2024-08,,LH,공공분양,전남,0
2024-08,,LH,공공분양,경북,0
2024-08,,LH,공공분양,경남,0
2024-08,,LH,공공분양,제주,0
2024-08,,주택업체,소계,전국,1449
2024-08,,주택업체,소계,서울,203
2024-08,,주택업체,소계,인천,418
2024-08,,주택업체,소계,경기,784
2024-08,,주택업체,소계,부산,0
2024-08,,주택업체,소계,대구,0
2024-08,,주택업체,소계,광주,0
2024-08,,주택업체,소계,대전,0
2024-08,,주택업체,소계,울산,0
2024-08,,주택업체,소계,세종,0
2024-08,,주택업체,소계,강원,0
2024-08,,주택업체,소계,충북,0
2024-08,,주택업체,소계,충남,0
2024-08,,주택업체,소계,전북,44
2024-08,,주택업체,소계,전남,0
2024-08,,주택업체,소계,경북,0
2024-08,,주택업체,소계,경남,0
2024-08,,주택업체,소계,제주,0
2024-08,,주택업체,국민임대,전국,83
2024-08,,주택업체,국민임대,서울,83
2024-08,,주택업체,국민임대,인천,0
2024-08,,주택업체,국민임대,경기,0
2024-08,,주택업체,국민임대,부산,0
2024-08,,주택업체,국민임대,대구,0
2024-08,,주택업체,국민임대,광주,0
2024-08,,주택업체,국민임대,대전,0
2024-08,,주택업체,국민임대,울산,0
2024-08,,주택업체,국민임대,세종,0
2024-08,,주택업체,국민임대,강원,0
2024-08,,주택업체,국민임대,충북,0
2024-08,,주택업체,국민임대,충남,0
2024-08,,주택업체,국민임대,전북,0
2024-08,,주택업체,국민임대,전남,0
2024-08,,주택업체,국민임대,경북,0
2024-08,,주택업체,국민임대,경남,0
2024-08,,주택업체,국민임대,제주,0
2024-08,,주택업체,공공임대,전국,663
2024-08,,주택업체,공공임대,서울,120
2024-08,,주택업체,공공임대,인천,418
2024-08,,주택업체,공공임대,경기,81
2024-08,,주택업체,공공임대,부산,0
2024-08,,주택업체,공공임대,대구,0
2024-08,,주택업체,공공임대,광주,0
2024-08,,주택업체,공공임대,대전,0
2024-08,,주택업체,공공임대,울산,0
2024-08,,주택업체,공공임대,세종,0
2024-08,,주택업체,공공임대,강원,0
2024-08,,주택업체,공공임대,충북,0
2024-08,,주택업체,공공임대,충남,0
2024-08,,주택업체,공공임대,전북,44
2024-08,,주택업체,공공임대,전남,0
2024-08,,주택업체,공공임대,경북,0
2024-08,,주택업체,공공임대,경남,0
2024-08,,주택업체,공공임대,제주,0
2024-08,,주택업체,공공분양,전국,703
2024-08,,주택업체,공공분양,서울,0
2024-08,,주택업체,공공분양,인천,0
2024-08,,주택업체,공공분양,경기,703
2024-08,,주택업체,공공분양,부산,0
2024-08,,주택업체,공공분양,대구,0
2024-08,,주택업체,공공분양,광주,0
2024-08,,주택업체,공공분양,대전,0
2024-08,,주택업체,공공분양,울산,0
2024-08,,주택업체,공공분양,세종,0
2024-08,,주택업체,공공분양,강원,0
2024-08,,주택업체,공공분양,충북,0
2024-08,,주택업체,공공분양,충남,0
2024-08,,주택업체,공공분양,전북,0
2024-08,,주택업체,공공분양,전남,0
2024-08,,주택업체,공공분양,경북,0
2024-08,,주택업체,공공분양,경남,0
2024-08,,주택업체,공공분양,제주,0
2024-08,,민간부문,민간부문,전국,194087
2024-08,,민간부문,민간부문,서울,21145
2024-08,,민간부문,민간부문,인천,8129
2024-08,,민간부문,민간부문,경기,52809
2024-08,,민간부문,민간부문,부산,17743
2024-08,,민간부문,민간부문,대구,2293
2024-08,,민간부문,민간부문,광주,3600
2024-08,,민간부문,민간부문,대전,14602
2024-08,,민간부문,민간부문,울산,3085
2024-08,,민간부문,민간부문,세종,3401
2024-08,,민간부문,민간부문,강원,8303
2024-08,,민간부문,민간부문,충북,8979
2024-08,,민간부문,민간부문,충남,18821
2024-08,,민간부문,민간부문,전북,4650
2024-08,,민간부문,민간부문,전남,4176
2024-08,,민간부문,민간부문,경북,10429
2024-08,,민간부문,민간부문,경남,9910
2024-08,,민간부문,민간부문,제주,2012
2024-08,,민간,민간임대,전국,12192
2024-08,,민간,민간임대,서울,1931
2024-08,,민간,민간임대,인천,1875
2024-08,,민간,민간임대,경기,2019
2024-08,,민간,민간임대,부산,886
2024-08,,민간,민간임대,대구,0
2024-08,,민간,민간임대,광주,460
2024-08,,민간,민간임대,대전,0
2024-08,,민간,민간임대,울산,301
2024-08,,민간,민간임대,세종,1110
2024-08,,민간,민간임대,강원,0
2024-08,,민간,민간임대,충북,1019
2024-08,,민간,민간임대,충남,0
2024-08,,민간,민간임대,전북,1243
2024-08,,민간,민간임대,전남,128
2024-08,,민간,민간임대,경북,736
2024-08,,민간,민간임대,경남,440
2024-08,,민간,민간임대,제주,44
2024-08,,민간,민간분양,전국,181895
2024-08,,민간,민간분양,서울,19214
2024-08,,민간,민간분양,인천,6254
2024-08,,민간,민간분양,경기,50790
2024-08,,민간,민간분양,부산,16857
2024-08,,민간,민간분양,대구,2293
2024-08,,민간,민간분양,광주,3140
2024-08,,민간,민간분양,대전,14602
2024-08,,민간,민간분양,울산,2784
2024-08,,민간,민간분양,세종,2291
2024-08,,민간,민간분양,강원,8303
2024-08,,민간,민간분양,충북,7960
2024-08,,민간,민간분양,충남,18821
2024-08,,민간,민간분양,전북,3407
2024-08,,민간,민간분양,전남,4048
2024-08,,민간,민간분양,경북,9693
2024-08,,민간,민간분양,경남,9470
2024-08,,민간,민간분양,제주,1968
2024-09,,총계,총계,전국,219134
2024-09,,총계,총계,서울,23500
2024-09,,총계,총계,인천,10043
2024-09,,총계,총계,경기,56868
2024-09,,총계,총계,부산,18964
2024-09,,총계,총계,대구,2310
2024-09,,총계,총계,광주,3668
2024-09,,총계,총계,대전,18057
2024-09,,총계,총계,울산,3931
2024-09,,총계,총계,세종,3432
2024-09,,총계,총계,강원,8974
2024-09,,총계,총계,충북,10404
2024-09,,총계,총계,충남,22031
2024-09,,총계,총계,전북,4855
2024-09,,총계,총계,전남,4394
2024-09,,총계,총계,경북,11255
2024-09,,총계,총계,경남,14212
2024-09,,총계,총계,제주,2236
2024-09,,공공부문,공공부문,전국,6924
2024-09,,공공부문,공공부문,서울,525
2024-09,,공공부문,공공부문,인천,1616
2024-09,,공공부문,공공부문,경기,1394
2024-09,,공공부문,공공부문,부산,1213
2024-09,,공공부문,공공부문,대구,0
2024-09,,공공부문,공공부문,광주,0
2024-09,,공공부문,공공부문,대전,0
2024-09,,공공부문,공공부문,울산,832
2024-09,,공공부문,공공부문,세종,0
2024-09,,공공부문,공공부문,강원,80
2024-09,,공공부문,공공부문,충북,80
2024-09,,공공부문,공공부문,충남,969
2024-09,,공공부문,공공부문,전북,44
2024-09,,공공부문,공공부문,전남,0
2024-09,,공공부문,공공부문,경북,0
2024-09,,공공부문,공공부문,경남,99
2024-09,,공공부문,공공부문,제주,72
2024-09,,합,국민임대,전국,1299
2024-09,,합,국민임대,서울,83
2024-09,,합,국민임대,인천,1198
2024-09,,합,국민임대,경기,0
2024-09,,합,국민임대,부산,0
2024-09,,합,국민임대,대구,0
2024-09,,합,국민임대,광주,0
2024-09,,합,국민임대,대전,0
2024-09,,합,국민임대,울산,18
2024-09,,합,국민임대,세종,0
2024-09,,합,국민임대,강원,0
2024-09,,합,국민임대,충북,0
2024-09,,합,국민임대,충남,0
2024-09,,합,국민임대,전북,0
2024-09,,합,국민임대,전남,0
2024-09,,합,국민임대,경북,0
2024-09,,합,국민임대,경남,0
2024-09,,합,국민임대,제주,0
2024-09,,합,공공임대,전국,3094
2024-09,,합,공공임대,서울,442
2024-09,,합,공공임대,인천,418
2024-09,,합,공공임대,경기,691
2024-09,,합,공공임대,부산,188
2024-09,,합,공공임대,대구,0
2024-09,,합,공공임대,광주,0
2024-09,,합,공공임대,대전,0
2024-09,,합,공공임대,울산,83
2024-09,,합,공공임대,세종,0
2024-09,,합,공공임대,강원,80
2024-09,,합,공공임대,충북,80
2024-09,,합,공공임대,충남,969
2024-09,,합,공공임대,전북,44
2024-09,,합,공공임대,전남,0
2024-09,,합,공공임대,경북,0
2024-09,,합,공공임대,경남,99
2024-09,,합,공공임대,제주,0
2024-09,,합,공공분양,전국,2531
2024-09,,합,공공분양,서울,0
2024-09,,합,공공분양,인천,0
2024-09,,합,공공분양,경기,703
2024-09,,합,공공분양,부산,1025
2024-09,,합,공공분양,대구,0
2024-09,,합,공공분양,광주,0
2024-09,,합,공공분양,대전,0
2024-09,,합,공공분양,울산,731
2024-09,,합,공공분양,세종,0
2024-09,,합,공공분양,강원,0
2024-09,,합,공공분양,충북,0
2024-09,,합,공공분양,충남,0
2024-09,,합,공공분양,전북,0
2024-09,,합,공공분양,전남,0
2024-09,,합,공공분양,경북,0
2024-09,,합,공공분양,경남,0
2024-09,,합,공공분양,제주,72
2024-09,,지자체,소계,전국,2668
2024-09,,지자체,소계,서울,322
2024-09,,지자체,소계,인천,0
2024-09,,지자체,소계,경기,0
2024-09,,지자체,소계,부산,1025
2024-09,,지자체,소계,대구,0
2024-09,,지자체,소계,광주,0
2024-09,,지자체,소계,대전,0
2024-09,,지자체,소계,울산,101
2024-09,,지자체,소계,세종,0
2024-09,,지자체,소계,강원,80
2024-09,,지자체,소계,충북,0
2024-09,,지자체,소계,충남,969
2024-09,,지자체,소계,전북,0
2024-09,,지자체,소계,전남,0
2024-09,,지자체,소계,경북,0
2024-09,,지자체,소계,경남,99
2024-09,,지자체,소계,제주,72
2024-09,,지자체,국민임대,전국,18
2024-09,,지자체,국민임대,서울,0
2024-09,,지자체,국민임대,인천,0
2024-09,,지자체,국민임대,경기,0
2024-09,,지자체,국민임대,부산,0
2024-09,,지자체,국민임대,대구,0
2024-09,,지자체,국민임대,광주,0
2024-09,,지자체,국민임대,대전,0
2024-09,,지자체,국민임대,울산,18
2024-09,,지자체,국민임대,세종,0
2024-09,,지자체,국민임대,강원,0
2024-09,,지자체,국민임대,충북,0
2024-09,,지자체,국민임대,충남,0
2024-09,,지자체,국민임대,전북,0
2024-09,,지자체,국민임대,전남,0
2024-09,,지자체,국민임대,경북,0
2024-09,,지자체,국민임대,경남,0
2024-09,,지자체,국민임대,제주,0
2024-09,,지자체,공공임대,전국,1553
2024-09,,지자체,공공임대,서울,322
2024-09,,지자체,공공임대,인천,0
2024-09,,지자체,공공임대,경기,0
2024-09,,지자체,공공임대,부산,0
2024-09,,지자체,공공임대,대구,0
2024-09,,지자체,공공임대,광주,0
2024-09,,지자체,공공임대,대전,0
2024-09,,지자체,공공임대,울산,83
2024-09,,지자체,공공임대,세종,0
2024-09,,지자체,공공임대,강원,80
2024-09,,지자체,공공임대,충북,0
2024-09,,지자체,공공임대,충남,969
2024-09,,지자체,공공임대,전북,0
2024-09,,지자체,공공임대,전남,0
2024-09,,지자체,공공임대,경북,0
2024-09,,지자체,공공임대,경남,99
2024-09,,지자체,공공임대,제주,0
2024-09,,지자체,공공분양,전국,1097
2024-09,,지자체,공공분양,서울,0
2024-09,,지자체,공공분양,인천,0
2024-09,,지자체,공공분양,경기,0
2024-09,,지자체,공공분양,부산,1025
2024-09,,지자체,공공분양,대구,0
2024-09,,지자체,공공분양,광주,0
2024-09,,지자체,공공분양,대전,0
2024-09,,지자체,공공분양,울산,0
2024-09,,지자체,공공분양,세종,0
2024-09,,지자체,공공분양,강원,0
2024-09,,지자체,공공분양,충북,0
2024-09,,지자체,공공분양,충남,0
2024-09,,지자체,공공분양,전북,0
2024-09,,지자체,공공분양,전남,0
2024-09,,지자체,공공분양,경북,0
2024-09,,지자체,공공분양,경남,0
2024-09,,지자체,공공분양,제주,72
2024-09,,LH,소계,전국,2807
2024-09,,LH,소계,서울,0
2024-09,,LH,소계,인천,1198
2024-09,,LH,소계,경기,610
2024-09,,LH,소계,부산,188
2024-09,,LH,소계,대구,0
2024-09,,LH,소계,광주,0
2024-09,,LH,소계,대전,0
2024-09,,LH,소계,울산,731
2024-09,,LH,소계,세종,0
2024-09,,LH,소계,강원,0
2024-09,,LH,소계,충북,80
2024-09,,LH,소계,충남,0
2024-09,,LH,소계,전북,0
2024-09,,LH,소계,전남,0
2024-09,,LH,소계,경북,0
2024-09,,LH,소계,경남,0
2024-09,,LH,소계,제주,0
2024-09,,LH,국민임대,전국,1198
2024-09,,LH,국민임대,서울,0
2024-09,,LH,국민임대,인천,1198
2024-09,,LH,국민임대,경기,0
2024-09,,LH,국민임대,부산,0
2024-09,,LH,국민임대,대구,0
2024-09,,LH,국민임대,광주,0
2024-09,,LH,국민임대,대전,0
2024-09,,LH,국민임대,울산,0
2024-09,,LH,국민임대,세종,0
2024-09,,LH,국민임대,강원,0
2024-09,,LH,국민임대,충북,0
2024-09,,LH,국민임대,충남,0
2024-09,,LH,국민임대,전북,0
2024-09,,LH,국민임대,전남,0
2024-09,,LH,국민임대,경북,0
2024-09,,LH,국민임대,경남,0
2024-09,,LH,국민임대,제주,0
2024-09,,LH,공공임대,전국,878
2024-09,,LH,공공임대,서울,0
2024-09,,LH,공공임대,인천,0
2024-09,,LH,공공임대,경기,610
2024-09,,LH,공공임대,부산,188
2024-09,,LH,공공임대,대구,0
2024-09,,LH,공공임대,광주,0
2024-09,,LH,공공임대,대전,0
2024-09,,LH,공공임대,울산,0
2024-09,,LH,공공임대,세종,0
2024-09,,LH,공공임대,강원,0
2024-09,,LH,공공임대,충북,80
2024-09,,LH,공공임대,충남,0
2024-09,,LH,공공임대,전북,0
2024-09,,LH,공공임대,전남,0
2024-09,,LH,공공임대,경북,0
2024-09,,LH,공공임대,경남,0
2024-09,,LH,공공임대,제주,0
2024-09,,LH,공공분양,전국,731
2024-09,,LH,공공분양,서울,0
2024-09,,LH,공공분양,인천,0
2024-09,,LH,공공분양,경기,0
2024-09,,LH,공공분양,부산,0
2024-09,,LH,공공분양,대구,0
2024-09,,LH,공공분양,광주,0
2024-09,,LH,공공분양,대전,0
2024-09,,LH,공공분양,울산,731
2024-09,,LH,공공분양,세종,0
2024-09,,LH,공공분양,강원,0
2024-09,,LH,공공분양,충북,0
2024-09,,LH,공공분양,충남,0
2024-09,,LH,공공분양,전북,0
2024-09,,LH,공공분양,전남,0
2024-09,,LH,공공분양,경북,0
2024-09,,LH,공공분양,경남,0
2024-09,,LH,공공분양,제주,0
2024-09,,주택업체,소계,전국,1449
2024-09,,주택업체,소계,서울,203
2024-09,,주택업체,소계,인천,418
2024-09,,주택업체,소계,경기,784
2024-09,,주택업체,소계,부산,0
2024-09,,주택업체,소계,대구,0
2024-09,,주택업체,소계,광주,0
2024-09,,주택업체,소계,대전,0
2024-09,,주택업체,소계,울산,0
2024-09,,주택업체,소계,세종,0
2024-09,,주택업체,소계,강원,0
2024-09,,주택업체,소계,충북,0
2024-09,,주택업체,소계,충남,0
2024-09,,주택업체,소계,전북,44
2024-09,,주택업체,소계,전남,0
2024-09,,주택업체,소계,경북,0
2024-09,,주택업체,소계,경남,0
2024-09,,주택업체,소계,제주,0
2024-09,,주택업체,국민임대,전국,83
2024-09,,주택업체,국민임대,서울,83
2024-09,,주택업체,국민임대,인천,0
2024-09,,주택업체,국민임대,경기,0
2024-09,,주택업체,국민임대,부산,0
2024-09,,주택업체,국민임대,대구,0
2024-09,,주택업체,국민임대,광주,0
2024-09,,주택업체,국민임대,대전,0
2024-09,,주택업체,국민임대,울산,0
2024-09,,주택업체,국민임대,세종,0
2024-09,,주택업체,국민임대,강원,0
2024-09,,주택업체,국민임대,충북,0
2024-09,,주택업체,국민임대,충남,0
2024-09,,주택업체,국민임대,전북,0
2024-09,,주택업체,국민임대,전남,0
2024-09,,주택업체,국민임대,경북,0
2024-09,,주택업체,국민임대,경남,0
2024-09,,주택업체,국민임대,제주,0
2024-09,,주택업체,공공임대,전국,663
2024-09,,주택업체,공공임대,서울,120
2024-09,,주택업체,공공임대,인천,418
2024-09,,주택업체,공공임대,경기,81
2024-09,,주택업체,공공임대,부산,0
2024-09,,주택업체,공공임대,대구,0
2024-09,,주택업체,공공임대,광주,0
2024-09,,주택업체,공공임대,대전,0
2024-09,,주택업체,공공임대,울산,0
2024-09,,주택업체,공공임대,세종,0
2024-09,,주택업체,공공임대,강원,0
2024-09,,주택업체,공공임대,충북,0
2024-09,,주택업체,공공임대,충남,0
2024-09,,주택업체,공공임대,전북,44
2024-09,,주택업체,공공임대,전남,0
2024-09,,주택업체,공공임대,경북,0
2024-09,,주택업체,공공임대,경남,0
2024-09,,주택업체,공공임대,제주,0
2024-09,,주택업체,공공분양,전국,703
2024-09,,주택업체,공공분양,서울,0
2024-09,,주택업체,공공분양,인천,0
2024-09,,주택업체,공공분양,경기,703
2024-09,,주택업체,공공분양,부산,0
2024-09,,주택업체,공공분양,대구,0
2024-09,,주택업체,공공분양,광주,0
2024-09,,주택업체,공공분양,대전,0
2024-09,,주택업체,공공분양,울산,0
2024-09,,주택업체,공공분양,세종,0
2024-09,,주택업체,공공분양,강원,0
2024-09,,주택업체,공공분양,충북,0
2024-09,,주택업체,공공분양,충남,0
2024-09,,주택업체,공공분양,전북,0
2024-09,,주택업체,공공분양,전남,0
2024-09,,주택업체,공공분양,경북,0
2024-09,,주택업체,공공분양,경남,0
2024-09,,주택업체,공공분양,제주,0
2024-09,,민간부문,민간부문,전국,212210
2024-09,,민간부문,민간부문,서울,22975
2024-09,,민간부문,민간부문,인천,8427
2024-09,,민간부문,민간부문,경기,55474
2024-09,,민간부문,민간부문,부산,17751
2024-09,,민간부문,민간부문,대구,2310
2024-09,,민간부문,민간부문,광주,3668
2024-09,,민간부문,민간부문,대전,18057
2024-09,,민간부문,민간부문,울산,3099
2024-09,,민간부문,민간부문,세종,3432
2024-09,,민간부문,민간부문,강원,8894
2024-09,,민간부문,민간부문,충북,10324
2024-09,,민간부문,민간부문,충남,21062
2024-09,,민간부문,민간부문,전북,4811
2024-09,,민간부문,민간부문,전남,4394
2024-09,,민간부문,민간부문,경북,11255
2024-09,,민간부문,민간부문,경남,14113
2024-09,,민간부문,민간부문,제주,2164
2024-09,,민간,민간임대,전국,13393
2024-09,,민간,민간임대,서울,1931
2024-09,,민간,민간임대,인천,1875
2024-09,,민간,민간임대,경기,2019
2024-09,,민간,민간임대,부산,886
2024-09,,민간,민간임대,대구,0
2024-09,,민간,민간임대,광주,460
2024-09,,민간,민간임대,대전,0
2024-09,,민간,민간임대,울산,301
2024-09,,민간,민간임대,세종,1110
2024-09,,민간,민간임대,강원,0
2024-09,,민간,민간임대,충북,2220
2024-09,,민간,민간임대,충남,0
2024-09,,민간,민간임대,전북,1243
2024-09,,민간,민간임대,전남,128
2024-09,,민간,민간임대,경북,736
2024-09,,민간,민간임대,경남,440
2024-09,,민간,민간임대,제주,44
2024-09,,민간,민간분양,전국,198817
2024-09,,민간,민간분양,서울,21044
2024-09,,민간,민간분양,인천,6552
2024-09,,민간,민간분양,경기,53455
2024-09,,민간,민간분양,부산,16865
2024-09,,민간,민간분양,대구,2310
2024-09,,민간,민간분양,광주,3208
2024-09,,민간,민간분양,대전,18057
2024-09,,민간,민간분양,울산,2798
2024-09,,민간,민간분양,세종,2322
2024-09,,민간,민간분양,강원,8894
2024-09,,민간,민간분양,충북,8104
2024-09,,민간,민간분양,충남,21062
2024-09,,민간,민간분양,전북,3568
2024-09,,민간,민간분양,전남,4266
2024-09,,민간,민간분양,경북,10519
2024-09,,민간,민간분양,경남,13673
2024-09,,민간,민간분양,제주,2120
2024-10,,총계,총계,전국,244512
2024-10,,총계,총계,서울,26452
2024-10,,총계,총계,인천,13400
2024-10,,총계,총계,경기,61525
2024-10,,총계,총계,부산,23407
2024-10,,총계,총계,대구,2325
2024-10,,총계,총계,광주,3673
2024-10,,총계,총계,대전,21534
2024-10,,총계,총계,울산,4197
2024-10,,총계,총계,세종,3442
2024-10,,총계,총계,강원,10754
2024-10,,총계,총계,충북,11413
2024-10,,총계,총계,충남,23227
2024-10,,총계,총계,전북,5085
2024-10,,총계,총계,전남,4638
2024-10,,총계,총계,경북,11599
2024-10,,총계,총계,경남,15409
2024-10,,총계,총계,제주,2432
2024-10,,공공부문,공공부문,전국,6973
2024-10,,공공부문,공공부문,서울,525
2024-10,,공공부문,공공부문,인천,1616
2024-10,,공공부문,공공부문,경기,1394
2024-10,,공공부문,공공부문,부산,1213
2024-10,,공공부문,공공부문,대구,0
2024-10,,공공부문,공공부문,광주,0
2024-10,,공공부문,공공부문,대전,0
2024-10,,공공부문,공공부문,울산,881
2024-10,,공공부문,공공부문,세종,0
2024-10,,공공부문,공공부문,강원,80
2024-10,,공공부문,공공부문,충북,80
2024-10,,공공부문,공공부문,충남,969
2024-10,,공공부문,공공부문,전북,44
2024-10,,공공부문,공공부문,전남,0
2024-10,,공공부문,공공부문,경북,0
2024-10,,공공부문,공공부문,경남,99
2024-10,,공공부문,공공부문,제주,72
2024-10,,합,국민임대,전국,1299
2024-10,,합,국민임대,서울,83
2024-10,,합,국민임대,인천,1198
2024-10,,합,국민임대,경기,0
2024-10,,합,국민임대,부산,0
2024-10,,합,국민임대,대구,0
2024-10,,합,국민임대,광주,0
2024-10,,합,국민임대,대전,0
2024-10,,합,국민임대,울산,18
2024-10,,합,국민임대,세종,0
2024-10,,합,국민임대,강원,0
2024-10,,합,국민임대,충북,0
2024-10,,합,국민임대,충남,0
2024-10,,합,국민임대,전북,0
2024-10,,합,국민임대,전남,0
2024-10,,합,국민임대,경북,0
2024-10,,합,국민임대,경남,0
2024-10,,합,국민임대,제주,0
2024-10,,합,공공임대,전국,3143
2024-10,,합,공공임대,서울,442
2024-10,,합,공공임대,인천,418
2024-10,,합,공공임대,경기,691
2024-10,,합,공공임대,부산,188
2024-10,,합,공공임대,대구,0
2024-10,,합,공공임대,광주,0
2024-10,,합,공공임대,대전,0
2024-10,,합,공공임대,울산,132
2024-10,,합,공공임대,세종,0
2024-10,,합,공공임대,강원,80
2024-10,,합,공공임대,충북,80
2024-10,,합,공공임대,충남,969
2024-10,,합,공공임대,전북,44
2024-10,,합,공공임대,전남,0
2024-10,,합,공공임대,경북,0
2024-10,,합,공공임대,경남,99
2024-10,,합,공공임대,제주,0
2024-10,,합,공공분양,전국,2531
2024-10,,합,공공분양,서울,0
2024-10,,합,공공분양,인천,0
2024-10,,합,공공분양,경기,703
2024-10,,합,공공분양,부산,1025
2024-10,,합,공공분양,대구,0
2024-10,,합,공공분양,광주,0
2024-10,,합,공공분양,대전,0
2024-10,,합,공공분양,울산,731
2024-10,,합,공공분양,세종,0
2024-10,,합,공공분양,강원,0
2024-10,,합,공공분양,충북,0
2024-10,,합,공공분양,충남,0
2024-10,,합,공공분양,전북,0
2024-10,,합,공공분양,전남,0
2024-10,,합,공공분양,경북,0
2024-10,,합,공공분양,경남,0
2024-10,,합,공공분양,제주,72
2024-10,,지자체,소계,전국,2694
2024-10,,지자체,소계,서울,322
2024-10,,지자체,소계,인천,0
2024-10,,지자체,소계,경기,0
2024-10,,지자체,소계,부산,1025
2024-10,,지자체,소계,대구,0
2024-10,,지자체,소계,광주,0
2024-10,,지자체,소계,대전,0
2024-10,,지자체,소계,울산,127
2024-10,,지자체,소계,세종,0
2024-10,,지자체,소계,강원,80
2024-10,,지자체,소계,충북,0
2024-10,,지자체,소계,충남,969
2024-10,,지자체,소계,전북,0
2024-10,,지자체,소계,전남,0
2024-10,,지자체,소계,경북,0
2024-10,,지자체,소계,경남,99
2024-10,,지자체,소계,제주,72
2024-10,,지자체,국민임대,전국,18
2024-10,,지자체,국민임대,서울,0
2024-10,,지자체,국민임대,인천,0
2024-10,,지자체,국민임대,경기,0
2024-10,,지자체,국민임대,부산,0
2024-10,,지자체,국민임대,대구,0
2024-10,,지자체,국민임대,광주,0
2024-10,,지자체,국민임대,대전,0
2024-10,,지자체,국민임대,울산,18
2024-10,,지자체,국민임대,세종,0
2024-10,,지자체,국민임대,강원,0
2024-10,,지자체,국민임대,충북,0
2024-10,,지자체,국민임대,충남,0
2024-10,,지자체,국민임대,전북,0
2024-10,,지자체,국민임대,전남,0
2024-10,,지자체,국민임대,경북,0
2024-10,,지자체,국민임대,경남,0
2024-10,,지자체,국민임대,제주,0
2024-10,,지자체,공공임대,전국,1579
2024-10,,지자체,공공임대,서울,322
2024-10,,지자체,공공임대,인천,0
2024-10,,지자체,공공임대,경기,0
2024-10,,지자체,공공임대,부산,0
2024-10,,지자체,공공임대,대구,0
2024-10,,지자체,공공임대,광주,0
2024-10,,지자체,공공임대,대전,0
2024-10,,지자체,공공임대,울산,109
2024-10,,지자체,공공임대,세종,0
2024-10,,지자체,공공임대,강원,80
2024-10,,지자체,공공임대,충북,0
2024-10,,지자체,공공임대,충남,969
2024-10,,지자체,공공임대,전북,0
2024-10,,지자체,공공임대,전남,0
2024-10,,지자체,공공임대,경북,0
2024-10,,지자체,공공임대,경남,99
2024-10,,지자체,공공임대,제주,0
2024-10,,지자체,공공분양,전국,1097
2024-10,,지자체,공공분양,서울,0
2024-10,,지자체,공공분양,인천,0
2024-10,,지자체,공공분양,경기,0
2024-10,,지자체,공공분양,부산,1025
2024-10,,지자체,공공분양,대구,0
2024-10,,지자체,공공분양,광주,0
2024-10,,지자체,공공분양,대전,0
2024-10,,지자체,공공분양,울산,0
2024-10,,지자체,공공분양,세종,0
2024-10,,지자체,공공분양,강원,0
2024-10,,지자체,공공분양,충북,0
2024-10,,지자체,공공분양,충남,0
2024-10,,지자체,공공분양,전북,0
2024-10,,지자체,공공분양,전남,0
2024-10,,지자체,공공분양,경북,0
2024-10,,지자체,공공분양,경남,0
2024-10,,지자체,공공분양,제주,72
2024-10,,LH,소계,전국,2807
2024-10,,LH,소계,서울,0
2024-10,,LH,소계,인천,1198
2024-10,,LH,소계,경기,610
2024-10,,LH,소계,부산,188
2024-10,,LH,소계,대구,0
2024-10,,LH,소계,광주,0
2024-10,,LH,소계,대전,0
2024-10,,LH,소계,울산,731
2024-10,,LH,소계,세종,0
2024-10,,LH,소계,강원,0
2024-10,,LH,소계,충북,80
2024-10,,LH,소계,충남,0
2024-10,,LH,소계,전북,0
2024-10,,LH,소계,전남,0
2024-10,,LH,소계,경북,0
2024-10,,LH,소계,경남,0
2024-10,,LH,소계,제주,0
2024-10,,LH,국민임대,전국,1198
2024-10,,LH,국민임대,서울,0
2024-10,,LH,국민임대,인천,1198
2024-10,,LH,국민임대,경기,0
2024-10,,LH,국민임대,부산,0
2024-10,,LH,국민임대,대구,0
2024-10,,LH,국민임대,광주,0
2024-10,,LH,국민임대,대전,0
2024-10,,LH,국민임대,울산,0
2024-10,,LH,국민임대,세종,0
2024-10,,LH,국민임대,강원,0
2024-10,,LH,국민임대,충북,0
2024-10,,LH,국민임대,충남,0
2024-10,,LH,국민임대,전북,0
2024-10,,LH,국민임대,전남,0
2024-10,,LH,국민임대,경북,0
2024-10,,LH,국민임대,경남,0
2024-10,,LH,국민임대,제주,0
2024-10,,LH,공공임대,전국,878
2024-10,,LH,공공임대,서울,0
2024-10,,LH,공공임대,인천,0
2024-10,,LH,공공임대,경기,610
2024-10,,LH,공공임대,부산,188
2024-10,,LH,공공임대,대구,0
2024-10,,LH,공공임대,광주,0
2024-10,,LH,공공임대,대전,0
2024-10,,LH,공공임대,울산,0
2024-10,,LH,공공임대,세종,0
2024-10,,LH,공공임대,강원,0
2024-10,,LH,공공임대,충북,80
2024-10,,LH,공공임대,충남,0
2024-10,,LH,공공임대,전북,0
2024-10,,LH,공공임대,전남,0
2024-10,,LH,공공임대,경북,0
2024-10,,LH,공공임대,경남,0
2024-10,,LH,공공임대,제주,0
2024-10,,LH,공공분양,전국,731
2024-10,,LH,공공분양,서울,0
2024-10,,LH,공공분양,인천,0
2024-10,,LH,공공분양,경기,0
2024-10,,LH,공공분양,부산,0
2024-10,,LH,공공분양,대구,0
2024-10,,LH,공공분양,광주,0
2024-10,,LH,공공분양,대전,0
2024-10,,LH,공공분양,울산,731
2024-10,,LH,공공분양,세종,0
2024-10,,LH,공공분양,강원,0
2024-10,,LH,공공분양,충북,0
2024-10,,LH,공공분양,충남,0
2024-10,,LH,공공분양,전북,0
2024-10,,LH,공공분양,전남,0
2024-10,,LH,공공분양,경북,0
2024-10,,LH,공공분양,경남,0
2024-10,,LH,공공분양,제주,0
2024-10,,주택업체,소계,전국,1472
2024-10,,주택업체,소계,서울,203
2024-10,,주택업체,소계,인천,418
2024-10,,주택업체,소계,경기,784
2024-10,,주택업체,소계,부산,0
2024-10,,주택업체,소계,대구,0
2024-10,,주택업체,소계,광주,0
2024-10,,주택업체,소계,대전,0
2024-10,,주택업체,소계,울산,23
2024-10,,주택업체,소계,세종,0
2024-10,,주택업체,소계,강원,0
2024-10,,주택업체,소계,충북,0
2024-10,,주택업체,소계,충남,0
2024-10,,주택업체,소계,전북,44
2024-10,,주택업체,소계,전남,0
2024-10,,주택업체,소계,경북,0
2024-10,,주택업체,소계,경남,0
2024-10,,주택업체,소계,제주,0
2024-10,,주택업체,국민임대,전국,83
2024-10,,주택업체,국민임대,서울,83
2024-10,,주택업체,국민임대,인천,0
2024-10,,주택업체,국민임대,경기,0
2024-10,,주택업체,국민임대,부산,0
2024-10,,주택업체,국민임대,대구,0
2024-10,,주택업체,국민임대,광주,0
2024-10,,주택업체,국민임대,대전,0
2024-10,,주택업체,국민임대,울산,0
2024-10,,주택업체,국민임대,세종,0
2024-10,,주택업체,국민임대,강원,0
2024-10,,주택업체,국민임대,충북,0
2024-10,,주택업체,국민임대,충남,0
2024-10,,주택업체,국민임대,전북,0
2024-10,,주택업체,국민임대,전남,0
2024-10,,주택업체,국민임대,경북,0
2024-10,,주택업체,국민임대,경남,0
2024-10,,주택업체,국민임대,제주,0
2024-10,,주택업체,공공임대,전국,686
2024-10,,주택업체,공공임대,서울,120
2024-10,,주택업체,공공임대,인천,418
2024-10,,주택업체,공공임대,경기,81
2024-10,,주택업체,공공임대,부산,0
2024-10,,주택업체,공공임대,대구,0
2024-10,,주택업체,공공임대,광주,0
2024-10,,주택업체,공공임대,대전,0
2024-10,,주택업체,공공임대,울산,23
2024-10,,주택업체,공공임대,세종,0
2024-10,,주택업체,공공임대,강원,0
2024-10,,주택업체,공공임대,충북,0
2024-10,,주택업체,공공임대,충남,0
2024-10,,주택업체,공공임대,전북,44
2024-10,,주택업체,공공임대,전남,0
2024-10,,주택업체,공공임대,경북,0
2024-10,,주택업체,공공임대,경남,0
2024-10,,주택업체,공공임대,제주,0
2024-10,,주택업체,공공분양,전국,703
2024-10,,주택업체,공공분양,서울,0
2024-10,,주택업체,공공분양,인천,0
2024-10,,주택업체,공공분양,경기,703
2024-10,,주택업체,공공분양,부산,0
2024-10,,주택업체,공공분양,대구,0
2024-10,,주택업체,공공분양,광주,0
2024-10,,주택업체,공공분양,대전,0
2024-10,,주택업체,공공분양,울산,0
2024-10,,주택업체,공공분양,세종,0
2024-10,,주택업체,공공분양,강원,0
2024-10,,주택업체,공공분양,충북,0
2024-10,,주택업체,공공분양,충남,0
2024-10,,주택업체,공공분양,전북,0
2024-10,,주택업체,공공분양,전남,0
2024-10,,주택업체,공공분양,경북,0
2024-10,,주택업체,공공분양,경남,0
2024-10,,주택업체,공공분양,제주,0
2024-10,,민간부문,민간부문,전국,237539
2024-10,,민간부문,민간부문,서울,25927
2024-10,,민간부문,민간부문,인천,11784
2024-10,,민간부문,민간부문,경기,60131
2024-10,,민간부문,민간부문,부산,22194
2024-10,,민간부문,민간부문,대구,2325
2024-10,,민간부문,민간부문,광주,3673
2024-10,,민간부문,민간부문,대전,21534
2024-10,,민간부문,민간부문,울산,3316
2024-10,,민간부문,민간부문,세종,3442
2024-10,,민간부문,민간부문,강원,10674
2024-10,,민간부문,민간부문,충북,11333
2024-10,,민간부문,민간부문,충남,22258
2024-10,,민간부문,민간부문,전북,5041
2024-10,,민간부문,민간부문,전남,4638
2024-10,,민간부문,민간부문,경북,11599
2024-10,,민간부문,민간부문,경남,15310
2024-10,,민간부문,민간부문,제주,2360
2024-10,,민간,민간임대,전국,13995
2024-10,,민간,민간임대,서울,2533
2024-10,,민간,민간임대,인천,1875
2024-10,,민간,민간임대,경기,2019
2024-10,,민간,민간임대,부산,886
2024-10,,민간,민간임대,대구,0
2024-10,,민간,민간임대,광주,460
2024-10,,민간,민간임대,대전,0
2024-10,,민간,민간임대,울산,301
2024-10,,민간,민간임대,세종,1110
2024-10,,민간,민간임대,강원,0
2024-10,,민간,민간임대,충북,2220
2024-10,,민간,민간임대,충남,0
2024-10,,민간,민간임대,전북,1243
2024-10,,민간,민간임대,전남,128
2024-10,,민간,민간임대,경북,736
2024-10,,민간,민간임대,경남,440
2024-10,,민간,민간임대,제주,44
2024-10,,민간,민간분양,전국,223544
2024-10,,민간,민간분양,서울,23394
2024-10,,민간,민간분양,인천,9909
2024-10,,민간,민간분양,경기,58112
2024-10,,민간,민간분양,부산,21308
2024-10,,민간,민간분양,대구,2325
2024-10,,민간,민간분양,광주,3213
2024-10,,민간,민간분양,대전,21534
2024-10,,민간,민간분양,울산,3015
2024-10,,민간,민간분양,세종,2332
2024-10,,민간,민간분양,강원,10674
2024-10,,민간,민간분양,충북,9113
2024-10,,민간,민간분양,충남,22258
2024-10,,민간,민간분양,전북,3798
2024-10,,민간,민간분양,전남,4510
2024-10,,민간,민간분양,경북,10863
2024-10,,민간,민간분양,경남,14870
2024-10,,민간,민간분양,제주,2316
2024-11,,총계,총계,전국,275789
2024-11,,총계,총계,서울,33011
2024-11,,총계,총계,인천,13628
2024-11,,총계,총계,경기,67903
2024-11,,총계,총계,부산,25159
2024-11,,총계,총계,대구,3213
2024-11,,총계,총계,광주,3898
2024-11,,총계,총계,대전,23037
2024-11,,총계,총계,울산,4220
2024-11,,총계,총계,세종,3499
2024-11,,총계,총계,강원,12439
2024-11,,총계,총계,충북,16027
2024-11,,총계,총계,충남,24553
2024-11,,총계,총계,전북,5304
2024-11,,총계,총계,전남,5132
2024-11,,총계,총계,경북,16660
2024-11,,총계,총계,경남,15571
2024-11,,총계,총계,제주,2535
2024-11,,공공부문,공공부문,전국,10048
2024-11,,공공부문,공공부문,서울,525
2024-11,,공공부문,공공부문,인천,1696
2024-11,,공공부문,공공부문,경기,1394
2024-11,,공공부문,공공부문,부산,2583
2024-11,,공공부문,공공부문,대구,0
2024-11,,공공부문,공공부문,광주,0
2024-11,,공공부문,공공부문,대전,673
2024-11,,공공부문,공공부문,울산,881
2024-11,,공공부문,공공부문,세종,0
2024-11,,공공부문,공공부문,강원,327
2024-11,,공공부문,공공부문,충북,587
2024-11,,공공부문,공공부문,충남,969
2024-11,,공공부문,공공부문,전북,132
2024-11,,공공부문,공공부문,전남,0
2024-11,,공공부문,공공부문,경북,110
2024-11,,공공부문,공공부문,경남,99
2024-11,,공공부문,공공부문,제주,72
2024-11,,합,국민임대,전국,1379
2024-11,,합,국민임대,서울,83
2024-11,,합,국민임대,인천,1278
2024-11,,합,국민임대,경기,0
2024-11,,합,국민임대,부산,0
2024-11,,합,국민임대,대구,0
2024-11,,합,국민임대,광주,0
2024-11,,합,국민임대,대전,0
2024-11,,합,국민임대,울산,18
2024-11,,합,국민임대,세종,0
2024-11,,합,국민임대,강원,0
2024-11,,합,국민임대,충북,0
2024-11,,합,국민임대,충남,0
2024-11,,합,국민임대,전북,0
2024-11,,합,국민임대,전남,0
2024-11,,합,국민임대,경북,0
2024-11,,합,국민임대,경남,0
2024-11,,합,국민임대,제주,0
2024-11,,합,공공임대,전국,4193
2024-11,,합,공공임대,서울,442
2024-11,,합,공공임대,인천,418
2024-11,,합,공공임대,경기,691
2024-11,,합,공공임대,부산,188
2024-11,,합,공공임대,대구,0
2024-11,,합,공공임대,광주,0
2024-11,,합,공공임대,대전,98
2024-11,,합,공공임대,울산,132
2024-11,,합,공공임대,세종,0
2024-11,,합,공공임대,강원,327
2024-11,,합,공공임대,충북,587
2024-11,,합,공공임대,충남,969
2024-11,,합,공공임대,전북,132
2024-11,,합,공공임대,전남,0
2024-11,,합,공공임대,경북,110
2024-11,,합,공공임대,경남,99
2024-11,,합,공공임대,제주,0
2024-11,,합,공공분양,전국,4476
2024-11,,합,공공분양,서울,0
2024-11,,합,공공분양,인천,0
2024-11,,합,공공분양,경기,703
2024-11,,합,공공분양,부산,2395
2024-11,,합,공공분양,대구,0
2024-11,,합,공공분양,광주,0
2024-11,,합,공공분양,대전,575
2024-11,,합,공공분양,울산,731
2024-11,,합,공공분양,세종,0
2024-11,,합,공공분양,강원,0
2024-11,,합,공공분양,충북,0
2024-11,,합,공공분양,충남,0
2024-11,,합,공공분양,전북,0
2024-11,,합,공공분양,전남,0
2024-11,,합,공공분양,경북,0
2024-11,,합,공공분양,경남,0
2024-11,,합,공공분양,제주,72
2024-11,,지자체,소계,전국,4144
2024-11,,지자체,소계,서울,322
2024-11,,지자체,소계,인천,80
2024-11,,지자체,소계,경기,0
2024-11,,지자체,소계,부산,2395
2024-11,,지자체,소계,대구,0
2024-11,,지자체,소계,광주,0
2024-11,,지자체,소계,대전,0
2024-11,,지자체,소계,울산,127
2024-11,,지자체,소계,세종,0
2024-11,,지자체,소계,강원,80
2024-11,,지자체,소계,충북,0
2024-11,,지자체,소계,충남,969
2024-11,,지자체,소계,전북,0
2024-11,,지자체,소계,전남,0
2024-11,,지자체,소계,경북,0
2024-11,,지자체,소계,경남,99
2024-11,,지자체,소계,제주,72
2024-11,,지자체,국민임대,전국,98
2024-11,,지자체,국민임대,서울,0
2024-11,,지자체,국민임대,인천,80
2024-11,,지자체,국민임대,경기,0
2024-11,,지자체,국민임대,부산,0
2024-11,,지자체,국민임대,대구,0
2024-11,,지자체,국민임대,광주,0
2024-11,,지자체,국민임대,대전,0
2024-11,,지자체,국민임대,울산,18
2024-11,,지자체,국민임대,세종,0
2024-11,,지자체,국민임대,강원,0
2024-11,,지자체,국민임대,충북,0
2024-11,,지자체,국민임대,충남,0
2024-11,,지자체,국민임대,전북,0
2024-11,,지자체,국민임대,전남,0
2024-11,,지자체,국민임대,경북,0
2024-11,,지자체,국민임대,경남,0
2024-11,,지자체,국민임대,제주,0
2024-11,,지자체,공공임대,전국,1579
2024-11,,지자체,공공임대,서울,322
2024-11,,지자체,공공임대,인천,0
2024-11,,지자체,공공임대,경기,0
2024-11,,지자체,공공임대,부산,0
2024-11,,지자체,공공임대,대구,0
2024-11,,지자체,공공임대,광주,0
2024-11,,지자체,공공임대,대전,0
2024-11,,지자체,공공임대,울산,109
2024-11,,지자체,공공임대,세종,0
2024-11,,지자체,공공임대,강원,80
2024-11,,지자체,공공임대,충북,0
2024-11,,지자체,공공임대,충남,969
2024-11,,지자체,공공임대,전북,0
2024-11,,지자체,공공임대,전남,0
2024-11,,지자체,공공임대,경북,0
2024-11,,지자체,공공임대,경남,99
2024-11,,지자체,공공임대,제주,0
2024-11,,지자체,공공분양,전국,2467
2024-11,,지자체,공공분양,서울,0
2024-11,,지자체,공공분양,인천,0
2024-11,,지자체,공공분양,경기,0
2024-11,,지자체,공공분양,부산,2395
2024-11,,지자체,공공분양,대구,0
2024-11,,지자체,공공분양,광주,0
2024-11,,지자체,공공분양,대전,0
2024-11,,지자체,공공분양,울산,0
2024-11,,지자체,공공분양,세종,0
2024-11,,지자체,공공분양,강원,0
2024-11,,지자체,공공분양,충북,0
2024-11,,지자체,공공분양,충남,0
2024-11,,지자체,공공분양,전북,0
2024-11,,지자체,공공분양,전남,0
2024-11,,지자체,공공분양,경북,0
2024-11,,지자체,공공분양,경남,0
2024-11,,지자체,공공분양,제주,72
2024-11,,LH,소계,전국,4432
2024-11,,LH,소계,서울,0
2024-11,,LH,소계,인천,1198
2024-11,,LH,소계,경기,610
2024-11,,LH,소계,부산,188
2024-11,,LH,소계,대구,0
2024-11,,LH,소계,광주,0
2024-11,,LH,소계,대전,673
2024-11,,LH,소계,울산,731
2024-11,,LH,소계,세종,0
2024-11,,LH,소계,강원,247
2024-11,,LH,소계,충북,587
2024-11,,LH,소계,충남,0
2024-11,,LH,소계,전북,88
2024-11,,LH,소계,전남,0
2024-11,,LH,소계,경북,110
2024-11,,LH,소계,경남,0
2024-11,,LH,소계,제주,0
2024-11,,LH,국민임대,전국,1198
2024-11,,LH,국민임대,서울,0
2024-11,,LH,국민임대,인천,1198
2024-11,,LH,국민임대,경기,0
2024-11,,LH,국민임대,부산,0
2024-11,,LH,국민임대,대구,0
2024-11,,LH,국민임대,광주,0
2024-11,,LH,국민임대,대전,0
2024-11,,LH,국민임대,울산,0
2024-11,,LH,국민임대,세종,0
2024-11,,LH,국민임대,강원,0
2024-11,,LH,국민임대,충북,0
2024-11,,LH,국민임대,충남,0
2024-11,,LH,국민임대,전북,0
2024-11,,LH,국민임대,전남,0
2024-11,,LH,국민임대,경북,0
2024-11,,LH,국민임대,경남,0
2024-11,,LH,국민임대,제주,0
2024-11,,LH,공공임대,전국,1928
2024-11,,LH,공공임대,서울,0
2024-11,,LH,공공임대,인천,0
2024-11,,LH,공공임대,경기,610
2024-11,,LH,공공임대,부산,188
2024-11,,LH,공공임대,대구,0
2024-11,,LH,공공임대,광주,0
2024-11,,LH,공공임대,대전,98
2024-11,,LH,공공임대,울산,0
2024-11,,LH,공공임대,세종,0
2024-11,,LH,공공임대,강원,247
2024-11,,LH,공공임대,충북,587
2024-11,,LH,공공임대,충남,0
2024-11,,LH,공공임대,전북,88
2024-11,,LH,공공임대,전남,0
2024-11,,LH,공공임대,경북,110
2024-11,,LH,공공임대,경남,0
2024-11,,LH,공공임대,제주,0
2024-11,,LH,공공분양,전국,1306
2024-11,,LH,공공분양,서울,0
2024-11,,LH,공공분양,인천,0
2024-11,,LH,공공분양,경기,0
2024-11,,LH,공공분양,부산,0
2024-11,,LH,공공분양,대구,0
2024-11,,LH,공공분양,광주,0
2024-11,,LH,공공분양,대전,575
2024-11,,LH,공공분양,울산,731
2024-11,,LH,공공분양,세종,0
2024-11,,LH,공공분양,강원,0
2024-11,,LH,공공분양,충북,0
2024-11,,LH,공공분양,충남,0
2024-11,,LH,공공분양,전북,0
2024-11,,LH,공공분양,전남,0
2024-11,,LH,공공분양,경북,0
2024-11,,LH,공공분양,경남,0
2024-11,,LH,공공분양,제주,0
2024-11,,주택업체,소계,전국,1472
2024-11,,주택업체,소계,서울,203
2024-11,,주택업체,소계,인천,418
2024-11,,주택업체,소계,경기,784
2024-11,,주택업체,소계,부산,0
2024-11,,주택업체,소계,대구,0
2024-11,,주택업체,소계,광주,0
2024-11,,주택업체,소계,대전,0
2024-11,,주택업체,소계,울산,23
2024-11,,주택업체,소계,세종,0
2024-11,,주택업체,소계,강원,0
2024-11,,주택업체,소계,충북,0
2024-11,,주택업체,소계,충남,0
2024-11,,주택업체,소계,전북,44
2024-11,,주택업체,소계,전남,0
2024-11,,주택업체,소계,경북,0
2024-11,,주택업체,소계,경남,0
2024-11,,주택업체,소계,제주,0
2024-11,,주택업체,국민임대,전국,83
2024-11,,주택업체,국민임대,서울,83
2024-11,,주택업체,국민임대,인천,0
2024-11,,주택업체,국민임대,경기,0
2024-11,,주택업체,국민임대,부산,0
2024-11,,주택업체,국민임대,대구,0
2024-11,,주택업체,국민임대,광주,0
2024-11,,주택업체,국민임대,대전,0
2024-11,,주택업체,국민임대,울산,0
2024-11,,주택업체,국민임대,세종,0
2024-11,,주택업체,국민임대,강원,0
2024-11,,주택업체,국민임대,충북,0
2024-11,,주택업체,국민임대,충남,0
2024-11,,주택업체,국민임대,전북,0
2024-11,,주택업체,국민임대,전남,0
2024-11,,주택업체,국민임대,경북,0
2024-11,,주택업체,국민임대,경남,0
2024-11,,주택업체,국민임대,제주,0
2024-11,,주택업체,공공임대,전국,686
2024-11,,주택업체,공공임대,서울,120
2024-11,,주택업체,공공임대,인천,418
2024-11,,주택업체,공공임대,경기,81
2024-11,,주택업체,공공임대,부산,0
2024-11,,주택업체,공공임대,대구,0
2024-11,,주택업체,공공임대,광주,0
2024-11,,주택업체,공공임대,대전,0
2024-11,,주택업체,공공임대,울산,23
2024-11,,주택업체,공공임대,세종,0
2024-11,,주택업체,공공임대,강원,0
2024-11,,주택업체,공공임대,충북,0
2024-11,,주택업체,공공임대,충남,0
2024-11,,주택업체,공공임대,전북,44
2024-11,,주택업체,공공임대,전남,0
2024-11,,주택업체,공공임대,경북,0
2024-11,,주택업체,공공임대,경남,0
2024-11,,주택업체,공공임대,제주,0
2024-11,,주택업체,공공분양,전국,703
2024-11,,주택업체,공공분양,서울,0
2024-11,,주택업체,공공분양,인천,0
2024-11,,주택업체,공공분양,경기,703
2024-11,,주택업체,공공분양,부산,0
2024-11,,주택업체,공공분양,대구,0
2024-11,,주택업체,공공분양,광주,0
2024-11,,주택업체,공공분양,대전,0
2024-11,,주택업체,공공분양,울산,0
2024-11,,주택업체,공공분양,세종,0
2024-11,,주택업체,공공분양,강원,0
2024-11,,주택업체,공공분양,충북,0
2024-11,,주택업체,공공분양,충남,0
2024-11,,주택업체,공공분양,전북,0
2024-11,,주택업체,공공분양,전남,0
2024-11,,주택업체,공공분양,경북,0
2024-11,,주택업체,공공분양,경남,0
2024-11,,주택업체,공공분양,제주,0
2024-11,,민간부문,민간부문,전국,265741
2024-11,,민간부문,민간부문,서울,32486
2024-11,,민간부문,민간부문,인천,11932
2024-11,,민간부문,민간부문,경기,66509
2024-11,,민간부문,민간부문,부산,22576
2024-11,,민간부문,민간부문,대구,3213
2024-11,,민간부문,민간부문,광주,3898
2024-11,,민간부문,민간부문,대전,22364
2024-11,,민간부문,민간부문,울산,3339
2024-11,,민간부문,민간부문,세종,3499
2024-11,,민간부문,민간부문,강원,12112
2024-11,,민간부문,민간부문,충북,15440
2024-11,,민간부문,민간부문,충남,23584
2024-11,,민간부문,민간부문,전북,5172
2024-11,,민간부문,민간부문,전남,5132
2024-11,,민간부문,민간부문,경북,16550
2024-11,,민간부문,민간부문,경남,15472
2024-11,,민간부문,민간부문,제주,2463
2024-11,,민간,민간임대,전국,14997
2024-11,,민간,민간임대,서울,2533
2024-11,,민간,민간임대,인천,1875
2024-11,,민간,민간임대,경기,2619
2024-11,,민간,민간임대,부산,886
2024-11,,민간,민간임대,대구,0
2024-11,,민간,민간임대,광주,622
2024-11,,민간,민간임대,대전,0
2024-11,,민간,민간임대,울산,301
2024-11,,민간,민간임대,세종,1110
2024-11,,민간,민간임대,강원,0
2024-11,,민간,민간임대,충북,2220
2024-11,,민간,민간임대,충남,0
2024-11,,민간,민간임대,전북,1243
2024-11,,민간,민간임대,전남,368
2024-11,,민간,민간임대,경북,736
2024-11,,민간,민간임대,경남,440
2024-11,,민간,민간임대,제주,44
2024-11,,민간,민간분양,전국,250744
2024-11,,민간,민간분양,서울,29953
2024-11,,민간,민간분양,인천,10057
2024-11,,민간,민간분양,경기,63890
2024-11,,민간,민간분양,부산,21690
2024-11,,민간,민간분양,대구,3213
2024-11,,민간,민간분양,광주,3276
2024-11,,민간,민간분양,대전,22364
2024-11,,민간,민간분양,울산,3038
2024-11,,민간,민간분양,세종,2389
2024-11,,민간,민간분양,강원,12112
2024-11,,민간,민간분양,충북,13220
2024-11,,민간,민간분양,충남,23584
2024-11,,민간,민간분양,전북,3929
2024-11,,민간,민간분양,전남,4764
2024-11,,민간,민간분양,경북,15814
2024-11,,민간,민간분양,경남,15032
2024-11,,민간,민간분양,제주,2419
2024-12,,총계,총계,전국,435234
2024-12,,총계,총계,서울,51452
2024-12,,총계,총계,인천,21428
2024-12,,총계,총계,경기,161203
2024-12,,총계,총계,부산,29395
2024-12,,총계,총계,대구,3223
2024-12,,총계,총계,광주,5754
2024-12,,총계,총계,대전,28340
2024-12,,총계,총계,울산,4852
2024-12,,총계,총계,세종,9039
2024-12,,총계,총계,강원,13572
2024-12,,총계,총계,충북,19838
2024-12,,총계,총계,충남,29574
2024-12,,총계,총계,전북,7375
2024-12,,총계,총계,전남,5727
2024-12,,총계,총계,경북,19247
2024-12,,총계,총계,경남,21939
2024-12,,총계,총계,제주,3276
2024-12,,공공부문,공공부문,전국,131017
2024-12,,공공부문,공공부문,서울,17562
2024-12,,공공부문,공공부문,인천,6681
2024-12,,공공부문,공공부문,경기,81647
2024-12,,공공부문,공공부문,부산,2583
2024-12,,공공부문,공공부문,대구,0
2024-12,,공공부문,공공부문,광주,1494
2024-12,,공공부문,공공부문,대전,3757
2024-12,,공공부문,공공부문,울산,1359
2024-12,,공공부문,공공부문,세종,5535
2024-12,,공공부문,공공부문,강원,475
2024-12,,공공부문,공공부문,충북,1011
2024-12,,공공부문,공공부문,충남,2430
2024-12,,공공부문,공공부문,전북,352
2024-12,,공공부문,공공부문,전남,30
2024-12,,공공부문,공공부문,경북,1788
2024-12,,공공부문,공공부문,경남,3891
2024-12,,공공부문,공공부문,제주,422
2024-12,,합,국민임대,전국,1434
2024-12,,합,국민임대,서울,138
2024-12,,합,국민임대,인천,1278
2024-12,,합,국민임대,경기,0
2024-12,,합,국민임대,부산,0
2024-12,,합,국민임대,대구,0
2024-12,,합,국민임대,광주,0
2024-12,,합,국민임대,대전,0
2024-12,,합,국민임대,울산,18
2024-12,,합,국민임대,세종,0
2024-12,,합,국민임대,강원,0
2024-12,,합,국민임대,충북,0
2024-12,,합,국민임대,충남,0
2024-12,,합,국민임대,전북,0
2024-12,,합,국민임대,전남,0
2024-12,,합,국민임대,경북,0
2024-12,,합,국민임대,경남,0
2024-12,,합,국민임대,제주,0
2024-12,,합,공공임대,전국,57806
2024-12,,합,공공임대,서울,3618
2024-12,,합,공공임대,인천,1906
2024-12,,합,공공임대,경기,38276
2024-12,,합,공공임대,부산,188
2024-12,,합,공공임대,대구,0
2024-12,,합,공공임대,광주,768
2024-12,,합,공공임대,대전,1166
2024-12,,합,공공임대,울산,610
2024-12,,합,공공임대,세종,4073
2024-12,,합,공공임대,강원,475
2024-12,,합,공공임대,충북,587
2024-12,,합,공공임대,충남,1306
2024-12,,합,공공임대,전북,352
2024-12,,합,공공임대,전남,30
2024-12,,합,공공임대,경북,1359
2024-12,,합,공공임대,경남,2742
2024-12,,합,공공임대,제주,350
2024-12,,합,공공분양,전국,71777
2024-12,,합,공공분양,서울,13806
2024-12,,합,공공분양,인천,3497
2024-12,,합,공공분양,경기,43371
2024-12,,합,공공분양,부산,2395
2024-12,,합,공공분양,대구,0
2024-12,,합,공공분양,광주,726
2024-12,,합,공공분양,대전,2591
2024-12,,합,공공분양,울산,731
2024-12,,합,공공분양,세종,1462
2024-12,,합,공공분양,강원,0
2024-12,,합,공공분양,충북,424
2024-12,,합,공공분양,충남,1124
2024-12,,합,공공분양,전북,0
2024-12,,합,공공분양,전남,0
2024-12,,합,공공분양,경북,429
2024-12,,합,공공분양,경남,1149
2024-12,,합,공공분양,제주,72
2024-12,,지자체,소계,전국,16740
2024-12,,지자체,소계,서울,2802
2024-12,,지자체,소계,인천,3577
2024-12,,지자체,소계,경기,6570
2024-12,,지자체,소계,부산,2395
2024-12,,지자체,소계,대구,0
2024-12,,지자체,소계,광주,0
2024-12,,지자체,소계,대전,0
2024-12,,지자체,소계,울산,127
2024-12,,지자체,소계,세종,0
2024-12,,지자체,소계,강원,80
2024-12,,지자체,소계,충북,0
2024-12,,지자체,소계,충남,988
2024-12,,지자체,소계,전북,0
2024-12,,지자체,소계,전남,30
2024-12,,지자체,소계,경북,0
2024-12,,지자체,소계,경남,99
2024-12,,지자체,소계,제주,72
2024-12,,지자체,국민임대,전국,98
2024-12,,지자체,국민임대,서울,0
2024-12,,지자체,국민임대,인천,80
2024-12,,지자체,국민임대,경기,0
2024-12,,지자체,국민임대,부산,0
2024-12,,지자체,국민임대,대구,0
2024-12,,지자체,국민임대,광주,0
2024-12,,지자체,국민임대,대전,0
2024-12,,지자체,국민임대,울산,18
2024-12,,지자체,국민임대,세종,0
2024-12,,지자체,국민임대,강원,0
2024-12,,지자체,국민임대,충북,0
2024-12,,지자체,국민임대,충남,0
2024-12,,지자체,국민임대,전북,0
2024-12,,지자체,국민임대,전남,0
2024-12,,지자체,국민임대,경북,0
2024-12,,지자체,국민임대,경남,0
2024-12,,지자체,국민임대,제주,0
2024-12,,지자체,공공임대,전국,4062
2024-12,,지자체,공공임대,서울,1562
2024-12,,지자체,공공임대,인천,0
2024-12,,지자체,공공임대,경기,1194
2024-12,,지자체,공공임대,부산,0
2024-12,,지자체,공공임대,대구,0
2024-12,,지자체,공공임대,광주,0
2024-12,,지자체,공공임대,대전,0
2024-12,,지자체,공공임대,울산,109
2024-12,,지자체,공공임대,세종,0
2024-12,,지자체,공공임대,강원,80
2024-12,,지자체,공공임대,충북,0
2024-12,,지자체,공공임대,충남,988
2024-12,,지자체,공공임대,전북,0
2024-12,,지자체,공공임대,전남,30
2024-12,,지자체,공공임대,경북,0
2024-12,,지자체,공공임대,경남,99
2024-12,,지자체,공공임대,제주,0
2024-12,,지자체,공공분양,전국,12580
2024-12,,지자체,공공분양,서울,1240
2024-12,,지자체,공공분양,인천,3497
2024-12,,지자체,공공분양,경기,5376
2024-12,,지자체,공공분양,부산,2395
2024-12,,지자체,공공분양,대구,0
2024-12,,지자체,공공분양,광주,0
2024-12,,지자체,공공분양,대전,0
2024-12,,지자체,공공분양,울산,0
2024-12,,지자체,공공분양,세종,0
2024-12,,지자체,공공분양,강원,0
2024-12,,지자체,공공분양,충북,0
2024-12,,지자체,공공분양,충남,0
2024-12,,지자체,공공분양,전북,0
2024-12,,지자체,공공분양,전남,0
2024-12,,지자체,공공분양,경북,0
2024-12,,지자체,공공분양,경남,0
2024-12,,지자체,공공분양,제주,72
2024-12,,LH,소계,전국,110945
2024-12,,LH,소계,서울,14251
2024-12,,LH,소계,인천,1198
2024-12,,LH,소계,경기,74293
2024-12,,LH,소계,부산,188
2024-12,,LH,소계,대구,0
2024-12,,LH,소계,광주,1494
2024-12,,LH,소계,대전,3757
2024-12,,LH,소계,울산,1143
2024-12,,LH,소계,세종,5535
2024-12,,LH,소계,강원,395
2024-12,,LH,소계,충북,1011
2024-12,,LH,소계,충남,1442
2024-12,,LH,소계,전북,308
2024-12,,LH,소계,전남,0
2024-12,,LH,소계,경북,1788
2024-12,,LH,소계,경남,3792
2024-12,,LH,소계,제주,350
2024-12,,LH,국민임대,전국,1198
2024-12,,LH,국민임대,서울,0
2024-12,,LH,국민임대,인천,1198
2024-12,,LH,국민임대,경기,0
2024-12,,LH,국민임대,부산,0
2024-12,,LH,국민임대,대구,0
2024-12,,LH,국민임대,광주,0
2024-12,,LH,국민임대,대전,0
2024-12,,LH,국민임대,울산,0
2024-12,,LH,국민임대,세종,0
2024-12,,LH,국민임대,강원,0
2024-12,,LH,국민임대,충북,0
2024-12,,LH,국민임대,충남,0
2024-12,,LH,국민임대,전북,0
2024-12,,LH,국민임대,전남,0
2024-12,,LH,국민임대,경북,0
2024-12,,LH,국민임대,경남,0
2024-12,,LH,국민임대,제주,0
2024-12,,LH,공공임대,전국,51253
2024-12,,LH,공공임대,서울,1685
2024-12,,LH,공공임대,인천,0
2024-12,,LH,공공임대,경기,37001
2024-12,,LH,공공임대,부산,188
2024-12,,LH,공공임대,대구,0
2024-12,,LH,공공임대,광주,768
2024-12,,LH,공공임대,대전,1166
2024-12,,LH,공공임대,울산,412
2024-12,,LH,공공임대,세종,4073
2024-12,,LH,공공임대,강원,395
2024-12,,LH,공공임대,충북,587
2024-12,,LH,공공임대,충남,318
2024-12,,LH,공공임대,전북,308
2024-12,,LH,공공임대,전남,0
2024-12,,LH,공공임대,경북,1359
2024-12,,LH,공공임대,경남,2643
2024-12,,LH,공공임대,제주,350
2024-12,,LH,공공분양,전국,58494
2024-12,,LH,공공분양,서울,12566
2024-12,,LH,공공분양,인천,0
2024-12,,LH,공공분양,경기,37292
2024-12,,LH,공공분양,부산,0
2024-12,,LH,공공분양,대구,0
2024-12,,LH,공공분양,광주,726
2024-12,,LH,공공분양,대전,2591
2024-12,,LH,공공분양,울산,731
2024-12,,LH,공공분양,세종,1462
2024-12,,LH,공공분양,강원,0
2024-12,,LH,공공분양,충북,424
2024-12,,LH,공공분양,충남,1124
2024-12,,LH,공공분양,전북,0
2024-12,,LH,공공분양,전남,0
2024-12,,LH,공공분양,경북,429
2024-12,,LH,공공분양,경남,1149
2024-12,,LH,공공분양,제주,0
2024-12,,주택업체,소계,전국,3332
2024-12,,주택업체,소계,서울,509
2024-12,,주택업체,소계,인천,1906
2024-12,,주택업체,소계,경기,784
2024-12,,주택업체,소계,부산,0
2024-12,,주택업체,소계,대구,0
2024-12,,주택업체,소계,광주,0
2024-12,,주택업체,소계,대전,0
2024-12,,주택업체,소계,울산,89
2024-12,,주택업체,소계,세종,0
2024-12,,주택업체,소계,강원,0
2024-12,,주택업체,소계,충북,0
2024-12,,주택업체,소계,충남,0
2024-12,,주택업체,소계,전북,44
2024-12,,주택업체,소계,전남,0
2024-12,,주택업체,소계,경북,0
2024-12,,주택업체,소계,경남,0
2024-12,,주택업체,소계,제주,0
2024-12,,주택업체,국민임대,전국,138
2024-12,,주택업체,국민임대,서울,138
2024-12,,주택업체,국민임대,인천,0
2024-12,,주택업체,국민임대,경기,0
2024-12,,주택업체,국민임대,부산,0
2024-12,,주택업체,국민임대,대구,0
2024-12,,주택업체,국민임대,광주,0
2024-12,,주택업체,국민임대,대전,0
2024-12,,주택업체,국민임대,울산,0
2024-12,,주택업체,국민임대,세종,0
2024-12,,주택업체,국민임대,강원,0
2024-12,,주택업체,국민임대,충북,0
2024-12,,주택업체,국민임대,충남,0
2024-12,,주택업체,국민임대,전북,0
2024-12,,주택업체,국민임대,전남,0
2024-12,,주택업체,국민임대,경북,0
2024-12,,주택업체,국민임대,경남,0
2024-12,,주택업체,국민임대,제주,0
2024-12,,주택업체,공공임대,전국,2491
2024-12,,주택업체,공공임대,서울,371
2024-12,,주택업체,공공임대,인천,1906
2024-12,,주택업체,공공임대,경기,81
2024-12,,주택업체,공공임대,부산,0
2024-12,,주택업체,공공임대,대구,0
2024-12,,주택업체,공공임대,광주,0
2024-12,,주택업체,공공임대,대전,0
2024-12,,주택업체,공공임대,울산,89
2024-12,,주택업체,공공임대,세종,0
2024-12,,주택업체,공공임대,강원,0
2024-12,,주택업체,공공임대,충북,0
2024-12,,주택업체,공공임대,충남,0
2024-12,,주택업체,공공임대,전북,44
2024-12,,주택업체,공공임대,전남,0
2024-12,,주택업체,공공임대,경북,0
2024-12,,주택업체,공공임대,경남,0
2024-12,,주택업체,공공임대,제주,0
2024-12,,주택업체,공공분양,전국,703
2024-12,,주택업체,공공분양,서울,0
2024-12,,주택업체,공공분양,인천,0
2024-12,,주택업체,공공분양,경기,703
2024-12,,주택업체,공공분양,부산,0
2024-12,,주택업체,공공분양,대구,0
2024-12,,주택업체,공공분양,광주,0
2024-12,,주택업체,공공분양,대전,0
2024-12,,주택업체,공공분양,울산,0
2024-12,,주택업체,공공분양,세종,0
2024-12,,주택업체,공공분양,강원,0
2024-12,,주택업체,공공분양,충북,0
2024-12,,주택업체,공공분양,충남,0
2024-12,,주택업체,공공분양,전북,0
2024-12,,주택업체,공공분양,전남,0
2024-12,,주택업체,공공분양,경북,0
2024-12,,주택업체,공공분양,경남,0
2024-12,,주택업체,공공분양,제주,0
2024-12,,민간부문,민간부문,전국,304217
2024-12,,민간부문,민간부문,서울,33890
2024-12,,민간부문,민간부문,인천,14747
2024-12,,민간부문,민간부문,경기,79556
2024-12,,민간부문,민간부문,부산,26812
2024-12,,민간부문,민간부문,대구,3223
2024-12,,민간부문,민간부문,광주,4260
2024-12,,민간부문,민간부문,대전,24583
2024-12,,민간부문,민간부문,울산,3493
2024-12,,민간부문,민간부문,세종,3504
2024-12,,민간부문,민간부문,강원,13097
2024-12,,민간부문,민간부문,충북,18827
2024-12,,민간부문,민간부문,충남,27144
2024-12,,민간부문,민간부문,전북,7023
2024-12,,민간부문,민간부문,전남,5697
2024-12,,민간부문,민간부문,경북,17459
2024-12,,민간부문,민간부문,경남,18048
2024-12,,민간부문,민간부문,제주,2854
2024-12,,민간,민간임대,전국,17593
2024-12,,민간,민간임대,서울,2533
2024-12,,민간,민간임대,인천,1875
2024-12,,민간,민간임대,경기,2619
2024-12,,민간,민간임대,부산,886
2024-12,,민간,민간임대,대구,0
2024-12,,민간,민간임대,광주,622
2024-12,,민간,민간임대,대전,0
2024-12,,민간,민간임대,울산,301
2024-12,,민간,민간임대,세종,1110
2024-12,,민간,민간임대,강원,0
2024-12,,민간,민간임대,충북,3442
2024-12,,민간,민간임대,충남,663
2024-12,,민간,민간임대,전북,1243
2024-12,,민간,민간임대,전남,649
2024-12,,민간,민간임대,경북,982
2024-12,,민간,민간임대,경남,440
2024-12,,민간,민간임대,제주,228
2024-12,,민간,민간분양,전국,286624
2024-12,,민간,민간분양,서울,31357
2024-12,,민간,민간분양,인천,12872
2024-12,,민간,민간분양,경기,76937
2024-12,,민간,민간분양,부산,25926
2024-12,,민간,민간분양,대구,3223
2024-12,,민간,민간분양,광주,3638
2024-12,,민간,민간분양,대전,24583
2024-12,,민간,민간분양,울산,3192
2024-12,,민간,민간분양,세종,2394
2024-12,,민간,민간분양,강원,13097
2024-12,,민간,민간분양,충북,15385
2024-12,,민간,민간분양,충남,26481
2024-12,,민간,민간분양,전북,5780
2024-12,,민간,민간분양,전남,5048
2024-12,,민간,민간분양,경북,16477
2024-12,,민간,민간분양,경남,17608
2024-12,,민간,민간분양,제주,2626
2025-01,,총계,총계,전국,22393
2025-01,,총계,총계,서울,2878
2025-01,,총계,총계,인천,1326
2025-01,,총계,총계,경기,10998
2025-01,,총계,총계,부산,196
2025-01,,총계,총계,대구,7
2025-01,,총계,총계,광주,253
2025-01,,총계,총계,대전,9
2025-01,,총계,총계,울산,553
2025-01,,총계,총계,세종,7
2025-01,,총계,총계,강원,554
2025-01,,총계,총계,충북,893
2025-01,,총계,총계,충남,2023
2025-01,,총계,총계,전북,53
2025-01,,총계,총계,전남,1697
2025-01,,총계,총계,경북,155
2025-01,,총계,총계,경남,683
2025-01,,총계,총계,제주,108
2025-01,,공공부문,공공부문,전국,462
2025-01,,공공부문,공공부문,서울,82
2025-01,,공공부문,공공부문,인천,0
2025-01,,공공부문,공공부문,경기,360
2025-01,,공공부문,공공부문,부산,0
2025-01,,공공부문,공공부문,대구,0
2025-01,,공공부문,공공부문,광주,0
2025-01,,공공부문,공공부문,대전,0
2025-01,,공공부문,공공부문,울산,0
2025-01,,공공부문,공공부문,세종,0
2025-01,,공공부문,공공부문,강원,20
2025-01,,공공부문,공공부문,충북,0
2025-01,,공공부문,공공부문,충남,0
2025-01,,공공부문,공공부문,전북,0
2025-01,,공공부문,공공부문,전남,0
2025-01,,공공부문,공공부문,경북,0
2025-01,,공공부문,공공부문,경남,0
2025-01,,공공부문,공공부문,제주,0
2025-01,,합,국민임대,전국,0
2025-01,,합,국민임대,서울,0
2025-01,,합,국민임대,인천,0
2025-01,,합,국민임대,경기,0
2025-01,,합,국민임대,부산,0
2025-01,,합,국민임대,대구,0
2025-01,,합,국민임대,광주,0
2025-01,,합,국민임대,대전,0
2025-01,,합,국민임대,울산,0
2025-01,,합,국민임대,세종,0
2025-01,,합,국민임대,강원,0
2025-01,,합,국민임대,충북,0
2025-01,,합,국민임대,충남,0
2025-01,,합,국민임대,전북,0
2025-01,,합,국민임대,전남,0
2025-01,,합,국민임대,경북,0
2025-01,,합,국민임대,경남,0
2025-01,,합,국민임대,제주,0
2025-01,,합,공공임대,전국,442
2025-01,,합,공공임대,서울,82
2025-01,,합,공공임대,인천,0
2025-01,,합,공공임대,경기,360
2025-01,,합,공공임대,부산,0
2025-01,,합,공공임대,대구,0
2025-01,,합,공공임대,광주,0
2025-01,,합,공공임대,대전,0
2025-01,,합,공공임대,울산,0
2025-01,,합,공공임대,세종,0
2025-01,,합,공공임대,강원,0
2025-01,,합,공공임대,충북,0
2025-01,,합,공공임대,충남,0
2025-01,,합,공공임대,전북,0
2025-01,,합,공공임대,전남,0
2025-01,,합,공공임대,경북,0
2025-01,,합,공공임대,경남,0
2025-01,,합,공공임대,제주,0
2025-01,,합,공공분양,전국,20
2025-01,,합,공공분양,서울,0
2025-01,,합,공공분양,인천,0
2025-01,,합,공공분양,경기,0
2025-01,,합,공공분양,부산,0
2025-01,,합,공공분양,대구,0
2025-01,,합,공공분양,광주,0
2025-01,,합,공공분양,대전,0
2025-01,,합,공공분양,울산,0
2025-01,,합,공공분양,세종,0
2025-01,,합,공공분양,강원,20
2025-01,,합,공공분양,충북,0
2025-01,,합,공공분양,충남,0
2025-01,,합,공공분양,전북,0
2025-01,,합,공공분양,전남,0
2025-01,,합,공공분양,경북,0
2025-01,,합,공공분양,경남,0
2025-01,,합,공공분양,제주,0
2025-01,,지자체,소계,전국,20
2025-01,,지자체,소계,서울,0
2025-01,,지자체,소계,인천,0
2025-01,,지자체,소계,경기,0
2025-01,,지자체,소계,부산,0
2025-01,,지자체,소계,대구,0
2025-01,,지자체,소계,광주,0
2025-01,,지자체,소계,대전,0
2025-01,,지자체,소계,울산,0
2025-01,,지자체,소계,세종,0
2025-01,,지자체,소계,강원,20
2025-01,,지자체,소계,충북,0
2025-01,,지자체,소계,충남,0
2025-01,,지자체,소계,전북,0
2025-01,,지자체,소계,전남,0
2025-01,,지자체,소계,경북,0
2025-01,,지자체,소계,경남,0
2025-01,,지자체,소계,제주,0
2025-01,,지자체,국민임대,전국,0
2025-01,,지자체,국민임대,서울,0
2025-01,,지자체,국민임대,인천,0
2025-01,,지자체,국민임대,경기,0
2025-01,,지자체,국민임대,부산,0
2025-01,,지자체,국민임대,대구,0
2025-01,,지자체,국민임대,광주,0
2025-01,,지자체,국민임대,대전,0
2025-01,,지자체,국민임대,울산,0
2025-01,,지자체,국민임대,세종,0
2025-01,,지자체,국민임대,강원,0
2025-01,,지자체,국민임대,충북,0
2025-01,,지자체,국민임대,충남,0
2025-01,,지자체,국민임대,전북,0
2025-01,,지자체,국민임대,전남,0
2025-01,,지자체,국민임대,경북,0
2025-01,,지자체,국민임대,경남,0
2025-01,,지자체,국민임대,제주,0
2025-01,,지자체,공공임대,전국,0
2025-01,,지자체,공공임대,서울,0
2025-01,,지자체,공공임대,인천,0
2025-01,,지자체,공공임대,경기,0
2025-01,,지자체,공공임대,부산,0
2025-01,,지자체,공공임대,대구,0
2025-01,,지자체,공공임대,광주,0
2025-01,,지자체,공공임대,대전,0
2025-01,,지자체,공공임대,울산,0
2025-01,,지자체,공공임대,세종,0
2025-01,,지자체,공공임대,강원,0
2025-01,,지자체,공공임대,충북,0
2025-01,,지자체,공공임대,충남,0
2025-01,,지자체,공공임대,전북,0
2025-01,,지자체,공공임대,전남,0
2025-01,,지자체,공공임대,경북,0
2025-01,,지자체,공공임대,경남,0
2025-01,,지자체,공공임대,제주,0
2025-01,,지자체,공공분양,전국,20
2025-01,,지자체,공공분양,서울,0
2025-01,,지자체,공공분양,인천,0
2025-01,,지자체,공공분양,경기,0
2025-01,,지자체,공공분양,부산,0
2025-01,,지자체,공공분양,대구,0
2025-01,,지자체,공공분양,광주,0
2025-01,,지자체,공공분양,대전,0
2025-01,,지자체,공공분양,울산,0
2025-01,,지자체,공공분양,세종,0
2025-01,,지자체,공공분양,강원,20
2025-01,,지자체,공공분양,충북,0
2025-01,,지자체,공공분양,충남,0
2025-01,,지자체,공공분양,전북,0
2025-01,,지자체,공공분양,전남,0
2025-01,,지자체,공공분양,경북,0
2025-01,,지자체,공공분양,경남,0
2025-01,,지자체,공공분양,제주,0
2025-01,,LH,소계,전국,360
2025-01,,LH,소계,서울,0
2025-01,,LH,소계,인천,0
2025-01,,LH,소계,경기,360
2025-01,,LH,소계,부산,0
2025-01,,LH,소계,대구,0
2025-01,,LH,소계,광주,0
2025-01,,LH,소계,대전,0
2025-01,,LH,소계,울산,0
2025-01,,LH,소계,세종,0
2025-01,,LH,소계,강원,0
2025-01,,LH,소계,충북,0
2025-01,,LH,소계,충남,0
2025-01,,LH,소계,전북,0
2025-01,,LH,소계,전남,0
2025-01,,LH,소계,경북,0
2025-01,,LH,소계,경남,0
2025-01,,LH,소계,제주,0
2025-01,,LH,국민임대,전국,0
2025-01,,LH,국민임대,서울,0
2025-01,,LH,국민임대,인천,0
2025-01,,LH,국민임대,경기,0
2025-01,,LH,국민임대,부산,0
2025-01,,LH,국민임대,대구,0
2025-01,,LH,국민임대,광주,0
2025-01,,LH,국민임대,대전,0
2025-01,,LH,국민임대,울산,0
2025-01,,LH,국민임대,세종,0
2025-01,,LH,국민임대,강원,0
2025-01,,LH,국민임대,충북,0
2025-01,,LH,국민임대,충남,0
2025-01,,LH,국민임대,전북,0
2025-01,,LH,국민임대,전남,0
2025-01,,LH,국민임대,경북,0
2025-01,,LH,국민임대,경남,0
2025-01,,LH,국민임대,제주,0
2025-01,,LH,공공임대,전국,360
2025-01,,LH,공공임대,서울,0
2025-01,,LH,공공임대,인천,0
2025-01,,LH,공공임대,경기,360
2025-01,,LH,공공임대,부산,0
2025-01,,LH,공공임대,대구,0
2025-01,,LH,공공임대,광주,0
2025-01,,LH,공공임대,대전,0
2025-01,,LH,공공임대,울산,0
2025-01,,LH,공공임대,세종,0
2025-01,,LH,공공임대,강원,0
2025-01,,LH,공공임대,충북,0
2025-01,,LH,공공임대,충남,0
2025-01,,LH,공공임대,전북,0
2025-01,,LH,공공임대,전남,0
2025-01,,LH,공공임대,경북,0
2025-01,,LH,공공임대,경남,0
2025-01,,LH,공공임대,제주,0
2025-01,,LH,공공분양,전국,0
2025-01,,LH,공공분양,서울,0
2025-01,,LH,공공분양,인천,0
2025-01,,LH,공공분양,경기,0
2025-01,,LH,공공분양,부산,0
2025-01,,LH,공공분양,대구,0
2025-01,,LH,공공분양,광주,0
2025-01,,LH,공공분양,대전,0
2025-01,,LH,공공분양,울산,0
2025-01,,LH,공공분양,세종,0
2025-01,,LH,공공분양,강원,0
2025-01,,LH,공공분양,충북,0
2025-01,,LH,공공분양,충남,0
2025-01,,LH,공공분양,전북,0
2025-01,,LH,공공분양,전남,0
2025-01,,LH,공공분양,경북,0
2025-01,,LH,공공분양,경남,0
2025-01,,LH,공공분양,제주,0
2025-01,,주택업체,소계,전국,82
2025-01,,주택업체,소계,서울,82
2025-01,,주택업체,소계,인천,0
2025-01,,주택업체,소계,경기,0
2025-01,,주택업체,소계,부산,0
2025-01,,주택업체,소계,대구,0
2025-01,,주택업체,소계,광주,0
2025-01,,주택업체,소계,대전,0
2025-01,,주택업체,소계,울산,0
2025-01,,주택업체,소계,세종,0
2025-01,,주택업체,소계,강원,0
2025-01,,주택업체,소계,충북,0
2025-01,,주택업체,소계,충남,0
2025-01,,주택업체,소계,전북,0
2025-01,,주택업체,소계,전남,0
2025-01,,주택업체,소계,경북,0
2025-01,,주택업체,소계,경남,0
2025-01,,주택업체,소계,제주,0
2025-01,,주택업체,국민임대,전국,0
2025-01,,주택업체,국민임대,서울,0
2025-01,,주택업체,국민임대,인천,0
2025-01,,주택업체,국민임대,경기,0
2025-01,,주택업체,국민임대,부산,0
2025-01,,주택업체,국민임대,대구,0
2025-01,,주택업체,국민임대,광주,0
2025-01,,주택업체,국민임대,대전,0
2025-01,,주택업체,국민임대,울산,0
2025-01,,주택업체,국민임대,세종,0
2025-01,,주택업체,국민임대,강원,0
2025-01,,주택업체,국민임대,충북,0
2025-01,,주택업체,국민임대,충남,0
2025-01,,주택업체,국민임대,전북,0
2025-01,,주택업체,국민임대,전남,0
2025-01,,주택업체,국민임대,경북,0
2025-01,,주택업체,국민임대,경남,0
2025-01,,주택업체,국민임대,제주,0
2025-01,,주택업체,공공임대,전국,82
2025-01,,주택업체,공공임대,서울,82
2025-01,,주택업체,공공임대,인천,0
2025-01,,주택업체,공공임대,경기,0
2025-01,,주택업체,공공임대,부산,0
2025-01,,주택업체,공공임대,대구,0
2025-01,,주택업체,공공임대,광주,0
2025-01,,주택업체,공공임대,대전,0
2025-01,,주택업체,공공임대,울산,0
2025-01,,주택업체,공공임대,세종,0
2025-01,,주택업체,공공임대,강원,0
2025-01,,주택업체,공공임대,충북,0
2025-01,,주택업체,공공임대,충남,0
2025-01,,주택업체,공공임대,전북,0
2025-01,,주택업체,공공임대,전남,0
2025-01,,주택업체,공공임대,경북,0
2025-01,,주택업체,공공임대,경남,0
2025-01,,주택업체,공공임대,제주,0
2025-01,,주택업체,공공분양,전국,0
2025-01,,주택업체,공공분양,서울,0
2025-01,,주택업체,공공분양,인천,0
2025-01,,주택업체,공공분양,경기,0
2025-01,,주택업체,공공분양,부산,0
2025-01,,주택업체,공공분양,대구,0
2025-01,,주택업체,공공분양,광주,0
2025-01,,주택업체,공공분양,대전,0
2025-01,,주택업체,공공분양,울산,0
2025-01,,주택업체,공공분양,세종,0
2025-01,,주택업체,공공분양,강원,0
2025-01,,주택업체,공공분양,충북,0
2025-01,,주택업체,공공분양,충남,0
2025-01,,주택업체,공공분양,전북,0
2025-01,,주택업체,공공분양,전남,0
2025-01,,주택업체,공공분양,경북,0
2025-01,,주택업체,공공분양,경남,0
2025-01,,주택업체,공공분양,제주,0
2025-01,,민간부문,민간부문,전국,21931
2025-01,,민간부문,민간부문,서울,2796
2025-01,,민간부문,민간부문,인천,1326
2025-01,,민간부문,민간부문,경기,10638
2025-01,,민간부문,민간부문,부산,196
2025-01,,민간부문,민간부문,대구,7
2025-01,,민간부문,민간부문,광주,253
2025-01,,민간부문,민간부문,대전,9
2025-01,,민간부문,민간부문,울산,553
2025-01,,민간부문,민간부문,세종,7
2025-01,,민간부문,민간부문,강원,534
2025-01,,민간부문,민간부문,충북,893
2025-01,,민간부문,민간부문,충남,2023
2025-01,,민간부문,민간부문,전북,53
2025-01,,민간부문,민간부문,전남,1697
2025-01,,민간부문,민간부문,경북,155
2025-01,,민간부문,민간부문,경남,683
2025-01,,민간부문,민간부문,제주,108
2025-01,,민간,민간임대,전국,1688
2025-01,,민간,민간임대,서울,190
2025-01,,민간,민간임대,인천,0
2025-01,,민간,민간임대,경기,0
2025-01,,민간,민간임대,부산,0
2025-01,,민간,민간임대,대구,0
2025-01,,민간,민간임대,광주,0
2025-01,,민간,민간임대,대전,0
2025-01,,민간,민간임대,울산,48
2025-01,,민간,민간임대,세종,0
2025-01,,민간,민간임대,강원,448
2025-01,,민간,민간임대,충북,689
2025-01,,민간,민간임대,충남,0
2025-01,,민간,민간임대,전북,0
2025-01,,민간,민간임대,전남,313
2025-01,,민간,민간임대,경북,0
2025-01,,민간,민간임대,경남,0
2025-01,,민간,민간임대,제주,0
2025-01,,민간,민간분양,전국,20243
2025-01,,민간,민간분양,서울,2606
2025-01,,민간,민간분양,인천,1326
2025-01,,민간,민간분양,경기,10638
2025-01,,민간,민간분양,부산,196
2025-01,,민간,민간분양,대구,7
2025-01,,민간,민간분양,광주,253
2025-01,,민간,민간분양,대전,9
2025-01,,민간,민간분양,울산,505
2025-01,,민간,민간분양,세종,7
2025-01,,민간,민간분양,강원,86
2025-01,,민간,민간분양,충북,204
2025-01,,민간,민간분양,충남,2023
2025-01,,민간,민간분양,전북,53
2025-01,,민간,민간분양,전남,1384
2025-01,,민간,민간분양,경북,155
2025-01,,민간,민간분양,경남,683
2025-01,,민간,민간분양,제주,108
2025-02,,총계,총계,전국,34788
2025-02,,총계,총계,서울,7699
2025-02,,총계,총계,인천,1799
2025-02,,총계,총계,경기,12639
2025-02,,총계,총계,부산,3067
2025-02,,총계,총계,대구,25
2025-02,,총계,총계,광주,611
2025-02,,총계,총계,대전,16
2025-02,,총계,총계,울산,571
2025-02,,총계,총계,세종,12
2025-02,,총계,총계,강원,701
2025-02,,총계,총계,충북,1249
2025-02,,총계,총계,충남,2457
2025-02,,총계,총계,전북,132
2025-02,,총계,총계,전남,1846
2025-02,,총계,총계,경북,940
2025-02,,총계,총계,경남,781
2025-02,,총계,총계,제주,243
2025-02,,공공부문,공공부문,전국,2187
2025-02,,공공부문,공공부문,서울,1807
2025-02,,공공부문,공공부문,인천,0
2025-02,,공공부문,공공부문,경기,360
2025-02,,공공부문,공공부문,부산,0
2025-02,,공공부문,공공부문,대구,0
2025-02,,공공부문,공공부문,광주,0
2025-02,,공공부문,공공부문,대전,0
2025-02,,공공부문,공공부문,울산,0
2025-02,,공공부문,공공부문,세종,0
2025-02,,공공부문,공공부문,강원,20
2025-02,,공공부문,공공부문,충북,0
2025-02,,공공부문,공공부문,충남,0
2025-02,,공공부문,공공부문,전북,0
2025-02,,공공부문,공공부문,전남,0
2025-02,,공공부문,공공부문,경북,0
2025-02,,공공부문,공공부문,경남,0
2025-02,,공공부문,공공부문,제주,0
2025-02,,합,국민임대,전국,0
2025-02,,합,국민임대,서울,0
2025-02,,합,국민임대,인천,0
2025-02,,합,국민임대,경기,0
2025-02,,합,국민임대,부산,0
2025-02,,합,국민임대,대구,0
2025-02,,합,국민임대,광주,0
2025-02,,합,국민임대,대전,0
2025-02,,합,국민임대,울산,0
2025-02,,합,국민임대,세종,0
2025-02,,합,국민임대,강원,0
2025-02,,합,국민임대,충북,0
2025-02,,합,국민임대,충남,0
2025-02,,합,국민임대,전북,0
2025-02,,합,국민임대,전남,0
2025-02,,합,국민임대,경북,0
2025-02,,합,국민임대,경남,0
2025-02,,합,국민임대,제주,0
2025-02,,합,공공임대,전국,2167
2025-02,,합,공공임대,서울,1807
2025-02,,합,공공임대,인천,0
2025-02,,합,공공임대,경기,360
2025-02,,합,공공임대,부산,0
2025-02,,합,공공임대,대구,0
2025-02,,합,공공임대,광주,0
2025-02,,합,공공임대,대전,0
2025-02,,합,공공임대,울산,0
2025-02,,합,공공임대,세종,0
2025-02,,합,공공임대,강원,0
2025-02,,합,공공임대,충북,0
2025-02,,합,공공임대,충남,0
2025-02,,합,공공임대,전북,0
2025-02,,합,공공임대,전남,0
2025-02,,합,공공임대,경북,0
2025-02,,합,공공임대,경남,0
2025-02,,합,공공임대,제주,0
2025-02,,합,공공분양,전국,20
2025-02,,합,공공분양,서울,0
2025-02,,합,공공분양,인천,0
2025-02,,합,공공분양,경기,0
2025-02,,합,공공분양,부산,0
2025-02,,합,공공분양,대구,0
2025-02,,합,공공분양,광주,0
2025-02,,합,공공분양,대전,0
2025-02,,합,공공분양,울산,0
2025-02,,합,공공분양,세종,0
2025-02,,합,공공분양,강원,20
2025-02,,합,공공분양,충북,0
2025-02,,합,공공분양,충남,0
2025-02,,합,공공분양,전북,0
2025-02,,합,공공분양,전남,0
2025-02,,합,공공분양,경북,0
2025-02,,합,공공분양,경남,0
2025-02,,합,공공분양,제주,0
2025-02,,지자체,소계,전국,1357
2025-02,,지자체,소계,서울,1337
2025-02,,지자체,소계,인천,0
2025-02,,지자체,소계,경기,0
2025-02,,지자체,소계,부산,0
2025-02,,지자체,소계,대구,0
2025-02,,지자체,소계,광주,0
2025-02,,지자체,소계,대전,0
2025-02,,지자체,소계,울산,0
2025-02,,지자체,소계,세종,0
2025-02,,지자체,소계,강원,20
2025-02,,지자체,소계,충북,0
2025-02,,지자체,소계,충남,0
2025-02,,지자체,소계,전북,0
2025-02,,지자체,소계,전남,0
2025-02,,지자체,소계,경북,0
2025-02,,지자체,소계,경남,0
2025-02,,지자체,소계,제주,0
2025-02,,지자체,국민임대,전국,0
2025-02,,지자체,국민임대,서울,0
2025-02,,지자체,국민임대,인천,0
2025-02,,지자체,국민임대,경기,0
2025-02,,지자체,국민임대,부산,0
2025-02,,지자체,국민임대,대구,0
2025-02,,지자체,국민임대,광주,0
2025-02,,지자체,국민임대,대전,0
2025-02,,지자체,국민임대,울산,0
2025-02,,지자체,국민임대,세종,0
2025-02,,지자체,국민임대,강원,0
2025-02,,지자체,국민임대,충북,0
2025-02,,지자체,국민임대,충남,0
2025-02,,지자체,국민임대,전북,0
2025-02,,지자체,국민임대,전남,0
2025-02,,지자체,국민임대,경북,0
2025-02,,지자체,국민임대,경남,0
2025-02,,지자체,국민임대,제주,0
2025-02,,지자체,공공임대,전국,1337
2025-02,,지자체,공공임대,서울,1337
2025-02,,지자체,공공임대,인천,0
2025-02,,지자체,공공임대,경기,0
2025-02,,지자체,공공임대,부산,0
2025-02,,지자체,공공임대,대구,0
2025-02,,지자체,공공임대,광주,0
2025-02,,지자체,공공임대,대전,0
2025-02,,지자체,공공임대,울산,0
2025-02,,지자체,공공임대,세종,0
2025-02,,지자체,공공임대,강원,0
2025-02,,지자체,공공임대,충북,0
2025-02,,지자체,공공임대,충남,0
2025-02,,지자체,공공임대,전북,0
2025-02,,지자체,공공임대,전남,0
2025-02,,지자체,공공임대,경북,0
2025-02,,지자체,공공임대,경남,0
2025-02,,지자체,공공임대,제주,0
2025-02,,지자체,공공분양,전국,20
2025-02,,지자체,공공분양,서울,0
2025-02,,지자체,공공분양,인천,0
2025-02,,지자체,공공분양,경기,0
2025-02,,지자체,공공분양,부산,0
2025-02,,지자체,공공분양,대구,0
2025-02,,지자체,공공분양,광주,0
2025-02,,지자체,공공분양,대전,0
2025-02,,지자체,공공분양,울산,0
2025-02,,지자체,공공분양,세종,0
2025-02,,지자체,공공분양,강원,20
2025-02,,지자체,공공분양,충북,0
2025-02,,지자체,공공분양,충남,0
2025-02,,지자체,공공분양,전북,0
2025-02,,지자체,공공분양,전남,0
2025-02,,지자체,공공분양,경북,0
2025-02,,지자체,공공분양,경남,0
2025-02,,지자체,공공분양,제주,0
2025-02,,LH,소계,전국,360
2025-02,,LH,소계,서울,0
2025-02,,LH,소계,인천,0
2025-02,,LH,소계,경기,360
2025-02,,LH,소계,부산,0
2025-02,,LH,소계,대구,0
2025-02,,LH,소계,광주,0
2025-02,,LH,소계,대전,0
2025-02,,LH,소계,울산,0
2025-02,,LH,소계,세종,0
2025-02,,LH,소계,강원,0
2025-02,,LH,소계,충북,0
2025-02,,LH,소계,충남,0
2025-02,,LH,소계,전북,0
2025-02,,LH,소계,전남,0
2025-02,,LH,소계,경북,0
2025-02,,LH,소계,경남,0
2025-02,,LH,소계,제주,0
2025-02,,LH,국민임대,전국,0
2025-02,,LH,국민임대,서울,0
2025-02,,LH,국민임대,인천,0
2025-02,,LH,국민임대,경기,0
2025-02,,LH,국민임대,부산,0
2025-02,,LH,국민임대,대구,0
2025-02,,LH,국민임대,광주,0
2025-02,,LH,국민임대,대전,0
2025-02,,LH,국민임대,울산,0
2025-02,,LH,국민임대,세종,0
2025-02,,LH,국민임대,강원,0
2025-02,,LH,국민임대,충북,0
2025-02,,LH,국민임대,충남,0
2025-02,,LH,국민임대,전북,0
2025-02,,LH,국민임대,전남,0
2025-02,,LH,국민임대,경북,0
2025-02,,LH,국민임대,경남,0
2025-02,,LH,국민임대,제주,0
2025-02,,LH,공공임대,전국,360
2025-02,,LH,공공임대,서울,0
2025-02,,LH,공공임대,인천,0
2025-02,,LH,공공임대,경기,360
2025-02,,LH,공공임대,부산,0
2025-02,,LH,공공임대,대구,0
2025-02,,LH,공공임대,광주,0
2025-02,,LH,공공임대,대전,0
2025-02,,LH,공공임대,울산,0
2025-02,,LH,공공임대,세종,0
2025-02,,LH,공공임대,강원,0
2025-02,,LH,공공임대,충북,0
2025-02,,LH,공공임대,충남,0
2025-02,,LH,공공임대,전북,0
2025-02,,LH,공공임대,전남,0
2025-02,,LH,공공임대,경북,0
2025-02,,LH,공공임대,경남,0
2025-02,,LH,공공임대,제주,0
2025-02,,LH,공공분양,전국,0
2025-02,,LH,공공분양,서울,0
2025-02,,LH,공공분양,인천,0
2025-02,,LH,공공분양,경기,0
2025-02,,LH,공공분양,부산,0
2025-02,,LH,공공분양,대구,0
2025-02,,LH,공공분양,광주,0
2025-02,,LH,공공분양,대전,0
2025-02,,LH,공공분양,울산,0
2025-02,,LH,공공분양,세종,0
2025-02,,LH,공공분양,강원,0
2025-02,,LH,공공분양,충북,0
2025-02,,LH,공공분양,충남,0
2025-02,,LH,공공분양,전북,0
2025-02,,LH,공공분양,전남,0
2025-02,,LH,공공분양,경북,0
2025-02,,LH,공공분양,경남,0
2025-02,,LH,공공분양,제주,0
2025-02,,주택업체,소계,전국,470
2025-02,,주택업체,소계,서울,470
2025-02,,주택업체,소계,인천,0
2025-02,,주택업체,소계,경기,0
2025-02,,주택업체,소계,부산,0
2025-02,,주택업체,소계,대구,0
2025-02,,주택업체,소계,광주,0
2025-02,,주택업체,소계,대전,0
2025-02,,주택업체,소계,울산,0
2025-02,,주택업체,소계,세종,0
2025-02,,주택업체,소계,강원,0
2025-02,,주택업체,소계,충북,0
2025-02,,주택업체,소계,충남,0
2025-02,,주택업체,소계,전북,0
2025-02,,주택업체,소계,전남,0
2025-02,,주택업체,소계,경북,0
2025-02,,주택업체,소계,경남,0
2025-02,,주택업체,소계,제주,0
2025-02,,주택업체,국민임대,전국,0
2025-02,,주택업체,국민임대,서울,0
2025-02,,주택업체,국민임대,인천,0
2025-02,,주택업체,국민임대,경기,0
2025-02,,주택업체,국민임대,부산,0
2025-02,,주택업체,국민임대,대구,0
2025-02,,주택업체,국민임대,광주,0
2025-02,,주택업체,국민임대,대전,0
2025-02,,주택업체,국민임대,울산,0
2025-02,,주택업체,국민임대,세종,0
2025-02,,주택업체,국민임대,강원,0
2025-02,,주택업체,국민임대,충북,0
2025-02,,주택업체,국민임대,충남,0
2025-02,,주택업체,국민임대,전북,0
2025-02,,주택업체,국민임대,전남,0
2025-02,,주택업체,국민임대,경북,0
2025-02,,주택업체,국민임대,경남,0
2025-02,,주택업체,국민임대,제주,0
2025-02,,주택업체,공공임대,전국,470
2025-02,,주택업체,공공임대,서울,470
2025-02,,주택업체,공공임대,인천,0
2025-02,,주택업체,공공임대,경기,0
2025-02,,주택업체,공공임대,부산,0
2025-02,,주택업체,공공임대,대구,0
2025-02,,주택업체,공공임대,광주,0
2025-02,,주택업체,공공임대,대전,0
2025-02,,주택업체,공공임대,울산,0
2025-02,,주택업체,공공임대,세종,0
2025-02,,주택업체,공공임대,강원,0
2025-02,,주택업체,공공임대,충북,0
2025-02,,주택업체,공공임대,충남,0
2025-02,,주택업체,공공임대,전북,0
2025-02,,주택업체,공공임대,전남,0
2025-02,,주택업체,공공임대,경북,0
2025-02,,주택업체,공공임대,경남,0
2025-02,,주택업체,공공임대,제주,0
2025-02,,주택업체,공공분양,전국,0
2025-02,,주택업체,공공분양,서울,0
2025-02,,주택업체,공공분양,인천,0
2025-02,,주택업체,공공분양,경기,0
2025-02,,주택업체,공공분양,부산,0
2025-02,,주택업체,공공분양,대구,0
2025-02,,주택업체,공공분양,광주,0
2025-02,,주택업체,공공분양,대전,0
2025-02,,주택업체,공공분양,울산,0
2025-02,,주택업체,공공분양,세종,0
2025-02,,주택업체,공공분양,강원,0
2025-02,,주택업체,공공분양,충북,0
2025-02,,주택업체,공공분양,충남,0
2025-02,,주택업체,공공분양,전북,0
2025-02,,주택업체,공공분양,전남,0
2025-02,,주택업체,공공분양,경북,0
2025-02,,주택업체,공공분양,경남,0
2025-02,,주택업체,공공분양,제주,0
2025-02,,민간부문,민간부문,전국,32601
2025-02,,민간부문,민간부문,서울,5892
2025-02,,민간부문,민간부문,인천,1799
2025-02,,민간부문,민간부문,경기,12279
2025-02,,민간부문,민간부문,부산,3067
2025-02,,민간부문,민간부문,대구,25
2025-02,,민간부문,민간부문,광주,611
2025-02,,민간부문,민간부문,대전,16
2025-02,,민간부문,민간부문,울산,571
2025-02,,민간부문,민간부문,세종,12
2025-02,,민간부문,민간부문,강원,681
2025-02,,민간부문,민간부문,충북,1249
2025-02,,민간부문,민간부문,충남,2457
2025-02,,민간부문,민간부문,전북,132
2025-02,,민간부문,민간부문,전남,1846
2025-02,,민간부문,민간부문,경북,940
2025-02,,민간부문,민간부문,경남,781
2025-02,,민간부문,민간부문,제주,243
2025-02,,민간,민간임대,전국,2819
2025-02,,민간,민간임대,서울,236
2025-02,,민간,민간임대,인천,0
2025-02,,민간,민간임대,경기,0
2025-02,,민간,민간임대,부산,121
2025-02,,민간,민간임대,대구,0
2025-02,,민간,민간임대,광주,352
2025-02,,민간,민간임대,대전,0
2025-02,,민간,민간임대,울산,48
2025-02,,민간,민간임대,세종,0
2025-02,,민간,민간임대,강원,448
2025-02,,민간,민간임대,충북,689
2025-02,,민간,민간임대,충남,0
2025-02,,민간,민간임대,전북,0
2025-02,,민간,민간임대,전남,313
2025-02,,민간,민간임대,경북,612
2025-02,,민간,민간임대,경남,0
2025-02,,민간,민간임대,제주,0
2025-02,,민간,민간분양,전국,29782
2025-02,,민간,민간분양,서울,5656
2025-02,,민간,민간분양,인천,1799
2025-02,,민간,민간분양,경기,12279
2025-02,,민간,민간분양,부산,2946
2025-02,,민간,민간분양,대구,25
2025-02,,민간,민간분양,광주,259
2025-02,,민간,민간분양,대전,16
2025-02,,민간,민간분양,울산,523
2025-02,,민간,민간분양,세종,12
2025-02,,민간,민간분양,강원,233
2025-02,,민간,민간분양,충북,560
2025-02,,민간,민간분양,충남,2457
2025-02,,민간,민간분양,전북,132
2025-02,,민간,민간분양,전남,1533
2025-02,,민간,민간분양,경북,328
2025-02,,민간,민간분양,경남,781
2025-02,,민간,민간분양,제주,243
2025-03,,총계,총계,전국,67153
2025-03,,총계,총계,서울,14930
2025-03,,총계,총계,인천,2135
2025-03,,총계,총계,경기,21596
2025-03,,총계,총계,부산,8396
2025-03,,총계,총계,대구,43
2025-03,,총계,총계,광주,623
2025-03,,총계,총계,대전,3118
2025-03,,총계,총계,울산,1045
2025-03,,총계,총계,세종,23
2025-03,,총계,총계,강원,1188
2025-03,,총계,총계,충북,2072
2025-03,,총계,총계,충남,2602
2025-03,,총계,총계,전북,2802
2025-03,,총계,총계,전남,2077
2025-03,,총계,총계,경북,2605
2025-03,,총계,총계,경남,1538
2025-03,,총계,총계,제주,360
2025-03,,공공부문,공공부문,전국,4995
2025-03,,공공부문,공공부문,서울,2320
2025-03,,공공부문,공공부문,인천,0
2025-03,,공공부문,공공부문,경기,1788
2025-03,,공공부문,공공부문,부산,0
2025-03,,공공부문,공공부문,대구,0
2025-03,,공공부문,공공부문,광주,0
2025-03,,공공부문,공공부문,대전,46
2025-03,,공공부문,공공부문,울산,0
2025-03,,공공부문,공공부문,세종,0
2025-03,,공공부문,공공부문,강원,20
2025-03,,공공부문,공공부문,충북,0
2025-03,,공공부문,공공부문,충남,0
2025-03,,공공부문,공공부문,전북,736
2025-03,,공공부문,공공부문,전남,60
2025-03,,공공부문,공공부문,경북,0
2025-03,,공공부문,공공부문,경남,25
2025-03,,공공부문,공공부문,제주,0
2025-03,,합,국민임대,전국,0
2025-03,,합,국민임대,서울,0
2025-03,,합,국민임대,인천,0
2025-03,,합,국민임대,경기,0
2025-03,,합,국민임대,부산,0
2025-03,,합,국민임대,대구,0
2025-03,,합,국민임대,광주,0
2025-03,,합,국민임대,대전,0
2025-03,,합,국민임대,울산,0
2025-03,,합,국민임대,세종,0
2025-03,,합,국민임대,강원,0
2025-03,,합,국민임대,충북,0
2025-03,,합,국민임대,충남,0
2025-03,,합,국민임대,전북,0
2025-03,,합,국민임대,전남,0
2025-03,,합,국민임대,경북,0
2025-03,,합,국민임대,경남,0
2025-03,,합,국민임대,제주,0
2025-03,,합,공공임대,전국,4009
2025-03,,합,공공임대,서울,2059
2025-03,,합,공공임대,인천,0
2025-03,,합,공공임대,경기,1083
2025-03,,합,공공임대,부산,0
2025-03,,합,공공임대,대구,0
2025-03,,합,공공임대,광주,0
2025-03,,합,공공임대,대전,46
2025-03,,합,공공임대,울산,0
2025-03,,합,공공임대,세종,0
2025-03,,합,공공임대,강원,0
2025-03,,합,공공임대,충북,0
2025-03,,합,공공임대,충남,0
2025-03,,합,공공임대,전북,736
2025-03,,합,공공임대,전남,60
2025-03,,합,공공임대,경북,0
2025-03,,합,공공임대,경남,25
2025-03,,합,공공임대,제주,0
2025-03,,합,공공분양,전국,986
2025-03,,합,공공분양,서울,261
2025-03,,합,공공분양,인천,0
2025-03,,합,공공분양,경기,705
2025-03,,합,공공분양,부산,0
2025-03,,합,공공분양,대구,0
2025-03,,합,공공분양,광주,0
2025-03,,합,공공분양,대전,0
2025-03,,합,공공분양,울산,0
2025-03,,합,공공분양,세종,0
2025-03,,합,공공분양,강원,20
2025-03,,합,공공분양,충북,0
2025-03,,합,공공분양,충남,0
2025-03,,합,공공분양,전북,0
2025-03,,합,공공분양,전남,0
2025-03,,합,공공분양,경북,0
2025-03,,합,공공분양,경남,0
2025-03,,합,공공분양,제주,0
2025-03,,지자체,소계,전국,3596
2025-03,,지자체,소계,서울,1337
2025-03,,지자체,소계,인천,0
2025-03,,지자체,소계,경기,1428
2025-03,,지자체,소계,부산,0
2025-03,,지자체,소계,대구,0
2025-03,,지자체,소계,광주,0
2025-03,,지자체,소계,대전,0
2025-03,,지자체,소계,울산,0
2025-03,,지자체,소계,세종,0
2025-03,,지자체,소계,강원,20
2025-03,,지자체,소계,충북,0
2025-03,,지자체,소계,충남,0
2025-03,,지자체,소계,전북,736
2025-03,,지자체,소계,전남,60
2025-03,,지자체,소계,경북,0
2025-03,,지자체,소계,경남,15
2025-03,,지자체,소계,제주,0
2025-03,,지자체,국민임대,전국,0
2025-03,,지자체,국민임대,서울,0
2025-03,,지자체,국민임대,인천,0
2025-03,,지자체,국민임대,경기,0
2025-03,,지자체,국민임대,부산,0
2025-03,,지자체,국민임대,대구,0
2025-03,,지자체,국민임대,광주,0
2025-03,,지자체,국민임대,대전,0
2025-03,,지자체,국민임대,울산,0
2025-03,,지자체,국민임대,세종,0
2025-03,,지자체,국민임대,강원,0
2025-03,,지자체,국민임대,충북,0
2025-03,,지자체,국민임대,충남,0
2025-03,,지자체,국민임대,전북,0
2025-03,,지자체,국민임대,전남,0
2025-03,,지자체,국민임대,경북,0
2025-03,,지자체,국민임대,경남,0
2025-03,,지자체,국민임대,제주,0
2025-03,,지자체,공공임대,전국,2871
2025-03,,지자체,공공임대,서울,1337
2025-03,,지자체,공공임대,인천,0
2025-03,,지자체,공공임대,경기,723
2025-03,,지자체,공공임대,부산,0
2025-03,,지자체,공공임대,대구,0
2025-03,,지자체,공공임대,광주,0
2025-03,,지자체,공공임대,대전,0
2025-03,,지자체,공공임대,울산,0
2025-03,,지자체,공공임대,세종,0
2025-03,,지자체,공공임대,강원,0
2025-03,,지자체,공공임대,충북,0
2025-03,,지자체,공공임대,충남,0
2025-03,,지자체,공공임대,전북,736
2025-03,,지자체,공공임대,전남,60
2025-03,,지자체,공공임대,경북,0
2025-03,,지자체,공공임대,경남,15
2025-03,,지자체,공공임대,제주,0
2025-03,,지자체,공공분양,전국,725
2025-03,,지자체,공공분양,서울,0
2025-03,,지자체,공공분양,인천,0
2025-03,,지자체,공공분양,경기,705
2025-03,,지자체,공공분양,부산,0
2025-03,,지자체,공공분양,대구,0
2025-03,,지자체,공공분양,광주,0
2025-03,,지자체,공공분양,대전,0
2025-03,,지자체,공공분양,울산,0
2025-03,,지자체,공공분양,세종,0
2025-03,,지자체,공공분양,강원,20
2025-03,,지자체,공공분양,충북,0
2025-03,,지자체,공공분양,충남,0
2025-03,,지자체,공공분양,전북,0
2025-03,,지자체,공공분양,전남,0
2025-03,,지자체,공공분양,경북,0
2025-03,,지자체,공공분양,경남,0
2025-03,,지자체,공공분양,제주,0
2025-03,,LH,소계,전국,741
2025-03,,LH,소계,서울,381
2025-03,,LH,소계,인천,0
2025-03,,LH,소계,경기,360
2025-03,,LH,소계,부산,0
2025-03,,LH,소계,대구,0
2025-03,,LH,소계,광주,0
2025-03,,LH,소계,대전,0
2025-03,,LH,소계,울산,0
2025-03,,LH,소계,세종,0
2025-03,,LH,소계,강원,0
2025-03,,LH,소계,충북,0
2025-03,,LH,소계,충남,0
2025-03,,LH,소계,전북,0
2025-03,,LH,소계,전남,0
2025-03,,LH,소계,경북,0
2025-03,,LH,소계,경남,0
2025-03,,LH,소계,제주,0
2025-03,,LH,국민임대,전국,0
2025-03,,LH,국민임대,서울,0
2025-03,,LH,국민임대,인천,0
2025-03,,LH,국민임대,경기,0
2025-03,,LH,국민임대,부산,0
2025-03,,LH,국민임대,대구,0
2025-03,,LH,국민임대,광주,0
2025-03,,LH,국민임대,대전,0
2025-03,,LH,국민임대,울산,0
2025-03,,LH,국민임대,세종,0
2025-03,,LH,국민임대,강원,0
2025-03,,LH,국민임대,충북,0
2025-03,,LH,국민임대,충남,0
2025-03,,LH,국민임대,전북,0
2025-03,,LH,국민임대,전남,0
2025-03,,LH,국민임대,경북,0
2025-03,,LH,국민임대,경남,0
2025-03,,LH,국민임대,제주,0
2025-03,,LH,공공임대,전국,480
2025-03,,LH,공공임대,서울,120
2025-03,,LH,공공임대,인천,0
2025-03,,LH,공공임대,경기,360
2025-03,,LH,공공임대,부산,0
2025-03,,LH,공공임대,대구,0
2025-03,,LH,공공임대,광주,0
2025-03,,LH,공공임대,대전,0
2025-03,,LH,공공임대,울산,0
2025-03,,LH,공공임대,세종,0
2025-03,,LH,공공임대,강원,0
2025-03,,LH,공공임대,충북,0
2025-03,,LH,공공임대,충남,0
2025-03,,LH,공공임대,전북,0
2025-03,,LH,공공임대,전남,0
2025-03,,LH,공공임대,경북,0
2025-03,,LH,공공임대,경남,0
2025-03,,LH,공공임대,제주,0
2025-03,,LH,공공분양,전국,261
2025-03,,LH,공공분양,서울,261
2025-03,,LH,공공분양,인천,0
2025-03,,LH,공공분양,경기,0
2025-03,,LH,공공분양,부산,0
2025-03,,LH,공공분양,대구,0
2025-03,,LH,공공분양,광주,0
2025-03,,LH,공공분양,대전,0
2025-03,,LH,공공분양,울산,0
2025-03,,LH,공공분양,세종,0
2025-03,,LH,공공분양,강원,0
2025-03,,LH,공공분양,충북,0
2025-03,,LH,공공분양,충남,0
2025-03,,LH,공공분양,전북,0
2025-03,,LH,공공분양,전남,0
2025-03,,LH,공공분양,경북,0
2025-03,,LH,공공분양,경남,0
2025-03,,LH,공공분양,제주,0
2025-03,,주택업체,소계,전국,658
2025-03,,주택업체,소계,서울,602
2025-03,,주택업체,소계,인천,0
2025-03,,주택업체,소계,경기,0
2025-03,,주택업체,소계,부산,0
2025-03,,주택업체,소계,대구,0
2025-03,,주택업체,소계,광주,0
2025-03,,주택업체,소계,대전,46
2025-03,,주택업체,소계,울산,0
2025-03,,주택업체,소계,세종,0
2025-03,,주택업체,소계,강원,0
2025-03,,주택업체,소계,충북,0
2025-03,,주택업체,소계,충남,0
2025-03,,주택업체,소계,전북,0
2025-03,,주택업체,소계,전남,0
2025-03,,주택업체,소계,경북,0
2025-03,,주택업체,소계,경남,10
2025-03,,주택업체,소계,제주,0
2025-03,,주택업체,국민임대,전국,0
2025-03,,주택업체,국민임대,서울,0
2025-03,,주택업체,국민임대,인천,0
2025-03,,주택업체,국민임대,경기,0
2025-03,,주택업체,국민임대,부산,0
2025-03,,주택업체,국민임대,대구,0
2025-03,,주택업체,국민임대,광주,0
2025-03,,주택업체,국민임대,대전,0
2025-03,,주택업체,국민임대,울산,0
2025-03,,주택업체,국민임대,세종,0
2025-03,,주택업체,국민임대,강원,0
2025-03,,주택업체,국민임대,충북,0
2025-03,,주택업체,국민임대,충남,0
2025-03,,주택업체,국민임대,전북,0
2025-03,,주택업체,국민임대,전남,0
2025-03,,주택업체,국민임대,경북,0
2025-03,,주택업체,국민임대,경남,0
2025-03,,주택업체,국민임대,제주,0
2025-03,,주택업체,공공임대,전국,658
2025-03,,주택업체,공공임대,서울,602
2025-03,,주택업체,공공임대,인천,0
2025-03,,주택업체,공공임대,경기,0
2025-03,,주택업체,공공임대,부산,0
2025-03,,주택업체,공공임대,대구,0
2025-03,,주택업체,공공임대,광주,0
2025-03,,주택업체,공공임대,대전,46
2025-03,,주택업체,공공임대,울산,0
2025-03,,주택업체,공공임대,세종,0
2025-03,,주택업체,공공임대,강원,0
2025-03,,주택업체,공공임대,충북,0
2025-03,,주택업체,공공임대,충남,0
2025-03,,주택업체,공공임대,전북,0
2025-03,,주택업체,공공임대,전남,0
2025-03,,주택업체,공공임대,경북,0
2025-03,,주택업체,공공임대,경남,10
2025-03,,주택업체,공공임대,제주,0
2025-03,,주택업체,공공분양,전국,0
2025-03,,주택업체,공공분양,서울,0
2025-03,,주택업체,공공분양,인천,0
2025-03,,주택업체,공공분양,경기,0
2025-03,,주택업체,공공분양,부산,0
2025-03,,주택업체,공공분양,대구,0
2025-03,,주택업체,공공분양,광주,0
2025-03,,주택업체,공공분양,대전,0
2025-03,,주택업체,공공분양,울산,0
2025-03,,주택업체,공공분양,세종,0
2025-03,,주택업체,공공분양,강원,0
2025-03,,주택업체,공공분양,충북,0
2025-03,,주택업체,공공분양,충남,0
2025-03,,주택업체,공공분양,전북,0
2025-03,,주택업체,공공분양,전남,0
2025-03,,주택업체,공공분양,경북,0
2025-03,,주택업체,공공분양,경남,0
2025-03,,주택업체,공공분양,제주,0
2025-03,,민간부문,민간부문,전국,62158
2025-03,,민간부문,민간부문,서울,12610
2025-03,,민간부문,민간부문,인천,2135
2025-03,,민간부문,민간부문,경기,19808
2025-03,,민간부문,민간부문,부산,8396
2025-03,,민간부문,민간부문,대구,43
2025-03,,민간부문,민간부문,광주,623
2025-03,,민간부문,민간부문,대전,3072
2025-03,,민간부문,민간부문,울산,1045
2025-03,,민간부문,민간부문,세종,23
2025-03,,민간부문,민간부문,강원,1168
2025-03,,민간부문,민간부문,충북,2072
2025-03,,민간부문,민간부문,충남,2602
2025-03,,민간부문,민간부문,전북,2066
2025-03,,민간부문,민간부문,전남,2017
2025-03,,민간부문,민간부문,경북,2605
2025-03,,민간부문,민간부문,경남,1513
2025-03,,민간부문,민간부문,제주,360
2025-03,,민간,민간임대,전국,6265
2025-03,,민간,민간임대,서울,236
2025-03,,민간,민간임대,인천,0
2025-03,,민간,민간임대,경기,0
2025-03,,민간,민간임대,부산,487
2025-03,,민간,민간임대,대구,0
2025-03,,민간,민간임대,광주,352
2025-03,,민간,민간임대,대전,212
2025-03,,민간,민간임대,울산,496
2025-03,,민간,민간임대,세종,0
2025-03,,민간,민간임대,강원,699
2025-03,,민간,민간임대,충북,1349
2025-03,,민간,민간임대,충남,0
2025-03,,민간,민간임대,전북,1397
2025-03,,민간,민간임대,전남,313
2025-03,,민간,민간임대,경북,612
2025-03,,민간,민간임대,경남,112
2025-03,,민간,민간임대,제주,0
2025-03,,민간,민간분양,전국,55893
2025-03,,민간,민간분양,서울,12374
2025-03,,민간,민간분양,인천,2135
2025-03,,민간,민간분양,경기,19808
2025-03,,민간,민간분양,부산,7909
2025-03,,민간,민간분양,대구,43
2025-03,,민간,민간분양,광주,271
2025-03,,민간,민간분양,대전,2860
2025-03,,민간,민간분양,울산,549
2025-03,,민간,민간분양,세종,23
2025-03,,민간,민간분양,강원,469
2025-03,,민간,민간분양,충북,723
2025-03,,민간,민간분양,충남,2602
2025-03,,민간,민간분양,전북,669
2025-03,,민간,민간분양,전남,1704
2025-03,,민간,민간분양,경북,1993
2025-03,,민간,민간분양,경남,1401
2025-03,,민간,민간분양,제주,360
2025-04,,총계,총계,전국,90084
2025-04,,총계,총계,서울,16736
2025-04,,총계,총계,인천,7611
2025-04,,총계,총계,경기,27220
2025-04,,총계,총계,부산,9257
2025-04,,총계,총계,대구,74
2025-04,,총계,총계,광주,2459
2025-04,,총계,총계,대전,3791
2025-04,,총계,총계,울산,1066
2025-04,,총계,총계,세종,55
2025-04,,총계,총계,강원,1408
2025-04,,총계,총계,충북,3583
2025-04,,총계,총계,충남,3400
2025-04,,총계,총계,전북,3280
2025-04,,총계,총계,전남,4174
2025-04,,총계,총계,경북,3793
2025-04,,총계,총계,경남,1709
2025-04,,총계,총계,제주,468
2025-04,,공공부문,공공부문,전국,6052
2025-04,,공공부문,공공부문,서울,2419
2025-04,,공공부문,공공부문,인천,0
2025-04,,공공부문,공공부문,경기,1911
2025-04,,공공부문,공공부문,부산,0
2025-04,,공공부문,공공부문,대구,0
2025-04,,공공부문,공공부문,광주,762
2025-04,,공공부문,공공부문,대전,87
2025-04,,공공부문,공공부문,울산,0
2025-04,,공공부문,공공부문,세종,0
2025-04,,공공부문,공공부문,강원,20
2025-04,,공공부문,공공부문,충북,0
2025-04,,공공부문,공공부문,충남,0
2025-04,,공공부문,공공부문,전북,736
2025-04,,공공부문,공공부문,전남,92
2025-04,,공공부문,공공부문,경북,0
2025-04,,공공부문,공공부문,경남,25
2025-04,,공공부문,공공부문,제주,0
2025-04,,합,국민임대,전국,41
2025-04,,합,국민임대,서울,0
2025-04,,합,국민임대,인천,0
2025-04,,합,국민임대,경기,0
2025-04,,합,국민임대,부산,0
2025-04,,합,국민임대,대구,0
2025-04,,합,국민임대,광주,0
2025-04,,합,국민임대,대전,41
2025-04,,합,국민임대,울산,0
2025-04,,합,국민임대,세종,0
2025-04,,합,국민임대,강원,0
2025-04,,합,국민임대,충북,0
2025-04,,합,국민임대,충남,0
2025-04,,합,국민임대,전북,0
2025-04,,합,국민임대,전남,0
2025-04,,합,국민임대,경북,0
2025-04,,합,국민임대,경남,0
2025-04,,합,국민임대,제주,0
2025-04,,합,공공임대,전국,5025
2025-04,,합,공공임대,서울,2158
2025-04,,합,공공임대,인천,0
2025-04,,합,공공임대,경기,1206
2025-04,,합,공공임대,부산,0
2025-04,,합,공공임대,대구,0
2025-04,,합,공공임대,광주,762
2025-04,,합,공공임대,대전,46
2025-04,,합,공공임대,울산,0
2025-04,,합,공공임대,세종,0
2025-04,,합,공공임대,강원,0
2025-04,,합,공공임대,충북,0
2025-04,,합,공공임대,충남,0
2025-04,,합,공공임대,전북,736
2025-04,,합,공공임대,전남,92
2025-04,,합,공공임대,경북,0
2025-04,,합,공공임대,경남,25
2025-04,,합,공공임대,제주,0
2025-04,,합,공공분양,전국,986
2025-04,,합,공공분양,서울,261
2025-04,,합,공공분양,인천,0
2025-04,,합,공공분양,경기,705
2025-04,,합,공공분양,부산,0
2025-04,,합,공공분양,대구,0
2025-04,,합,공공분양,광주,0
2025-04,,합,공공분양,대전,0
2025-04,,합,공공분양,울산,0
2025-04,,합,공공분양,세종,0
2025-04,,합,공공분양,강원,20
2025-04,,합,공공분양,충북,0
2025-04,,합,공공분양,충남,0
2025-04,,합,공공분양,전북,0
2025-04,,합,공공분양,전남,0
2025-04,,합,공공분양,경북,0
2025-04,,합,공공분양,경남,0
2025-04,,합,공공분양,제주,0
2025-04,,지자체,소계,전국,3628
2025-04,,지자체,소계,서울,1337
2025-04,,지자체,소계,인천,0
2025-04,,지자체,소계,경기,1428
2025-04,,지자체,소계,부산,0
2025-04,,지자체,소계,대구,0
2025-04,,지자체,소계,광주,0
2025-04,,지자체,소계,대전,0
2025-04,,지자체,소계,울산,0
2025-04,,지자체,소계,세종,0
2025-04,,지자체,소계,강원,20
2025-04,,지자체,소계,충북,0
2025-04,,지자체,소계,충남,0
2025-04,,지자체,소계,전북,736
2025-04,,지자체,소계,전남,92
2025-04,,지자체,소계,경북,0
2025-04,,지자체,소계,경남,15
2025-04,,지자체,소계,제주,0
2025-04,,지자체,국민임대,전국,0
2025-04,,지자체,국민임대,서울,0
2025-04,,지자체,국민임대,인천,0
2025-04,,지자체,국민임대,경기,0
2025-04,,지자체,국민임대,부산,0
2025-04,,지자체,국민임대,대구,0
2025-04,,지자체,국민임대,광주,0
2025-04,,지자체,국민임대,대전,0
2025-04,,지자체,국민임대,울산,0
2025-04,,지자체,국민임대,세종,0
2025-04,,지자체,국민임대,강원,0
2025-04,,지자체,국민임대,충북,0
2025-04,,지자체,국민임대,충남,0
2025-04,,지자체,국민임대,전북,0
2025-04,,지자체,국민임대,전남,0
2025-04,,지자체,국민임대,경북,0
2025-04,,지자체,국민임대,경남,0
2025-04,,지자체,국민임대,제주,0
2025-04,,지자체,공공임대,전국,2903
2025-04,,지자체,공공임대,서울,1337
2025-04,,지자체,공공임대,인천,0
2025-04,,지자체,공공임대,경기,723
2025-04,,지자체,공공임대,부산,0
2025-04,,지자체,공공임대,대구,0
2025-04,,지자체,공공임대,광주,0
2025-04,,지자체,공공임대,대전,0
2025-04,,지자체,공공임대,울산,0
2025-04,,지자체,공공임대,세종,0
2025-04,,지자체,공공임대,강원,0
2025-04,,지자체,공공임대,충북,0
2025-04,,지자체,공공임대,충남,0
2025-04,,지자체,공공임대,전북,736
2025-04,,지자체,공공임대,전남,92
2025-04,,지자체,공공임대,경북,0
2025-04,,지자체,공공임대,경남,15
2025-04,,지자체,공공임대,제주,0
2025-04,,지자체,공공분양,전국,725
2025-04,,지자체,공공분양,서울,0
2025-04,,지자체,공공분양,인천,0
2025-04,,지자체,공공분양,경기,705
2025-04,,지자체,공공분양,부산,0
2025-04,,지자체,공공분양,대구,0
2025-04,,지자체,공공분양,광주,0
2025-04,,지자체,공공분양,대전,0
2025-04,,지자체,공공분양,울산,0
2025-04,,지자체,공공분양,세종,0
2025-04,,지자체,공공분양,강원,20
2025-04,,지자체,공공분양,충북,0
2025-04,,지자체,공공분양,충남,0
2025-04,,지자체,공공분양,전북,0
2025-04,,지자체,공공분양,전남,0
2025-04,,지자체,공공분양,경북,0
2025-04,,지자체,공공분양,경남,0
2025-04,,지자체,공공분양,제주,0
2025-04,,LH,소계,전국,741
2025-04,,LH,소계,서울,381
2025-04,,LH,소계,인천,0
2025-04,,LH,소계,경기,360
2025-04,,LH,소계,부산,0
2025-04,,LH,소계,대구,0
2025-04,,LH,소계,광주,0
2025-04,,LH,소계,대전,0
2025-04,,LH,소계,울산,0
2025-04,,LH,소계,세종,0
2025-04,,LH,소계,강원,0
2025-04,,LH,소계,충북,0
2025-04,,LH,소계,충남,0
2025-04,,LH,소계,전북,0
2025-04,,LH,소계,전남,0
2025-04,,LH,소계,경북,0
2025-04,,LH,소계,경남,0
2025-04,,LH,소계,제주,0
2025-04,,LH,국민임대,전국,0
2025-04,,LH,국민임대,서울,0
2025-04,,LH,국민임대,인천,0
2025-04,,LH,국민임대,경기,0
2025-04,,LH,국민임대,부산,0
2025-04,,LH,국민임대,대구,0
2025-04,,LH,국민임대,광주,0
2025-04,,LH,국민임대,대전,0
2025-04,,LH,국민임대,울산,0
2025-04,,LH,국민임대,세종,0
2025-04,,LH,국민임대,강원,0
2025-04,,LH,국민임대,충북,0
2025-04,,LH,국민임대,충남,0
2025-04,,LH,국민임대,전북,0
2025-04,,LH,국민임대,전남,0
2025-04,,LH,국민임대,경북,0
2025-04,,LH,국민임대,경남,0
2025-04,,LH,국민임대,제주,0
2025-04,,LH,공공임대,전국,480
2025-04,,LH,공공임대,서울,120
2025-04,,LH,공공임대,인천,0
2025-04,,LH,공공임대,경기,360
2025-04,,LH,공공임대,부산,0
2025-04,,LH,공공임대,대구,0
2025-04,,LH,공공임대,광주,0
2025-04,,LH,공공임대,대전,0
2025-04,,LH,공공임대,울산,0
2025-04,,LH,공공임대,세종,0
2025-04,,LH,공공임대,강원,0
2025-04,,LH,공공임대,충북,0
2025-04,,LH,공공임대,충남,0
2025-04,,LH,공공임대,전북,0
2025-04,,LH,공공임대,전남,0
2025-04,,LH,공공임대,경북,0
2025-04,,LH,공공임대,경남,0
2025-04,,LH,공공임대,제주,0
2025-04,,LH,공공분양,전국,261
2025-04,,LH,공공분양,서울,261
2025-04,,LH,공공분양,인천,0
2025-04,,LH,공공분양,경기,0
2025-04,,LH,공공분양,부산,0
2025-04,,LH,공공분양,대구,0
2025-04,,LH,공공분양,광주,0
2025-04,,LH,공공분양,대전,0
2025-04,,LH,공공분양,울산,0
2025-04,,LH,공공분양,세종,0
2025-04,,LH,공공분양,강원,0
2025-04,,LH,공공분양,충북,0
2025-04,,LH,공공분양,충남,0
2025-04,,LH,공공분양,전북,0
2025-04,,LH,공공분양,전남,0
2025-04,,LH,공공분양,경북,0
2025-04,,LH,공공분양,경남,0
2025-04,,LH,공공분양,제주,0
2025-04,,주택업체,소계,전국,1683
2025-04,,주택업체,소계,서울,701
2025-04,,주택업체,소계,인천,0
2025-04,,주택업체,소계,경기,123
2025-04,,주택업체,소계,부산,0
2025-04,,주택업체,소계,대구,0
2025-04,,주택업체,소계,광주,762
2025-04,,주택업체,소계,대전,87
2025-04,,주택업체,소계,울산,0
2025-04,,주택업체,소계,세종,0
2025-04,,주택업체,소계,강원,0
2025-04,,주택업체,소계,충북,0
2025-04,,주택업체,소계,충남,0
2025-04,,주택업체,소계,전북,0
2025-04,,주택업체,소계,전남,0
2025-04,,주택업체,소계,경북,0
2025-04,,주택업체,소계,경남,10
2025-04,,주택업체,소계,제주,0
2025-04,,주택업체,국민임대,전국,41
2025-04,,주택업체,국민임대,서울,0
2025-04,,주택업체,국민임대,인천,0
2025-04,,주택업체,국민임대,경기,0
2025-04,,주택업체,국민임대,부산,0
2025-04,,주택업체,국민임대,대구,0
2025-04,,주택업체,국민임대,광주,0
2025-04,,주택업체,국민임대,대전,41
2025-04,,주택업체,국민임대,울산,0
2025-04,,주택업체,국민임대,세종,0
2025-04,,주택업체,국민임대,강원,0
2025-04,,주택업체,국민임대,충북,0
2025-04,,주택업체,국민임대,충남,0
2025-04,,주택업체,국민임대,전북,0
2025-04,,주택업체,국민임대,전남,0
2025-04,,주택업체,국민임대,경북,0
2025-04,,주택업체,국민임대,경남,0
2025-04,,주택업체,국민임대,제주,0
2025-04,,주택업체,공공임대,전국,1642
2025-04,,주택업체,공공임대,서울,701
2025-04,,주택업체,공공임대,인천,0
2025-04,,주택업체,공공임대,경기,123
2025-04,,주택업체,공공임대,부산,0
2025-04,,주택업체,공공임대,대구,0
2025-04,,주택업체,공공임대,광주,762
2025-04,,주택업체,공공임대,대전,46
2025-04,,주택업체,공공임대,울산,0
2025-04,,주택업체,공공임대,세종,0
2025-04,,주택업체,공공임대,강원,0
2025-04,,주택업체,공공임대,충북,0
2025-04,,주택업체,공공임대,충남,0
2025-04,,주택업체,공공임대,전북,0
2025-04,,주택업체,공공임대,전남,0
2025-04,,주택업체,공공임대,경북,0
2025-04,,주택업체,공공임대,경남,10
2025-04,,주택업체,공공임대,제주,0
2025-04,,주택업체,공공분양,전국,0
2025-04,,주택업체,공공분양,서울,0
2025-04,,주택업체,공공분양,인천,0
2025-04,,주택업체,공공분양,경기,0
2025-04,,주택업체,공공분양,부산,0
2025-04,,주택업체,공공분양,대구,0
2025-04,,주택업체,공공분양,광주,0
2025-04,,주택업체,공공분양,대전,0
2025-04,,주택업체,공공분양,울산,0
2025-04,,주택업체,공공분양,세종,0
2025-04,,주택업체,공공분양,강원,0
2025-04,,주택업체,공공분양,충북,0
2025-04,,주택업체,공공분양,충남,0
2025-04,,주택업체,공공분양,전북,0
2025-04,,주택업체,공공분양,전남,0
2025-04,,주택업체,공공분양,경북,0
2025-04,,주택업체,공공분양,경남,0
2025-04,,주택업체,공공분양,제주,0
2025-04,,민간부문,민간부문,전국,84032
2025-04,,민간부문,민간부문,서울,14317
2025-04,,민간부문,민간부문,인천,7611
2025-04,,민간부문,민간부문,경기,25309
2025-04,,민간부문,민간부문,부산,9257
2025-04,,민간부문,민간부문,대구,74
2025-04,,민간부문,민간부문,광주,1697
2025-04,,민간부문,민간부문,대전,3704
2025-04,,민간부문,민간부문,울산,1066
2025-04,,민간부문,민간부문,세종,55
2025-04,,민간부문,민간부문,강원,1388
2025-04,,민간부문,민간부문,충북,3583
2025-04,,민간부문,민간부문,충남,3400
2025-04,,민간부문,민간부문,전북,2544
2025-04,,민간부문,민간부문,전남,4082
2025-04,,민간부문,민간부문,경북,3793
2025-04,,민간부문,민간부문,경남,1684
2025-04,,민간부문,민간부문,제주,468
2025-04,,민간,민간임대,전국,7446
2025-04,,민간,민간임대,서울,376
2025-04,,민간,민간임대,인천,322
2025-04,,민간,민간임대,경기,0
2025-04,,민간,민간임대,부산,487
2025-04,,민간,민간임대,대구,0
2025-04,,민간,민간임대,광주,352
2025-04,,민간,민간임대,대전,229
2025-04,,민간,민간임대,울산,496
2025-04,,민간,민간임대,세종,0
2025-04,,민간,민간임대,강원,699
2025-04,,민간,민간임대,충북,1349
2025-04,,민간,민간임대,충남,0
2025-04,,민간,민간임대,전북,1397
2025-04,,민간,민간임대,전남,313
2025-04,,민간,민간임대,경북,1314
2025-04,,민간,민간임대,경남,112
2025-04,,민간,민간임대,제주,0
2025-04,,민간,민간분양,전국,76586
2025-04,,민간,민간분양,서울,13941
2025-04,,민간,민간분양,인천,7289
2025-04,,민간,민간분양,경기,25309
2025-04,,민간,민간분양,부산,8770
2025-04,,민간,민간분양,대구,74
2025-04,,민간,민간분양,광주,1345
2025-04,,민간,민간분양,대전,3475
2025-04,,민간,민간분양,울산,570
2025-04,,민간,민간분양,세종,55
2025-04,,민간,민간분양,강원,689
2025-04,,민간,민간분양,충북,2234
2025-04,,민간,민간분양,충남,3400
2025-04,,민간,민간분양,전북,1147
2025-04,,민간,민간분양,전남,3769
2025-04,,민간,민간분양,경북,2479
2025-04,,민간,민간분양,경남,1572
2025-04,,민간,민간분양,제주,468
2025-05,,총계,총계,전국,110553
2025-05,,총계,총계,서울,19317
2025-05,,총계,총계,인천,9111
2025-05,,총계,총계,경기,31805
2025-05,,총계,총계,부산,10016
2025-05,,총계,총계,대구,678
2025-05,,총계,총계,광주,2558
2025-05,,총계,총계,대전,6418
2025-05,,총계,총계,울산,1086
2025-05,,총계,총계,세종,61
2025-05,,총계,총계,강원,1610
2025-05,,총계,총계,충북,3793
2025-05,,총계,총계,충남,8056
2025-05,,총계,총계,전북,4026
2025-05,,총계,총계,전남,4751
2025-05,,총계,총계,경북,4102
2025-05,,총계,총계,경남,2436
2025-05,,총계,총계,제주,729
2025-05,,공공부문,공공부문,전국,7163
2025-05,,공공부문,공공부문,서울,3072
2025-05,,공공부문,공공부문,인천,99
2025-05,,공공부문,공공부문,경기,1954
2025-05,,공공부문,공공부문,부산,21
2025-05,,공공부문,공공부문,대구,0
2025-05,,공공부문,공공부문,광주,762
2025-05,,공공부문,공공부문,대전,252
2025-05,,공공부문,공공부문,울산,0
2025-05,,공공부문,공공부문,세종,0
2025-05,,공공부문,공공부문,강원,20
2025-05,,공공부문,공공부문,충북,0
2025-05,,공공부문,공공부문,충남,0
2025-05,,공공부문,공공부문,전북,736
2025-05,,공공부문,공공부문,전남,92
2025-05,,공공부문,공공부문,경북,14
2025-05,,공공부문,공공부문,경남,141
2025-05,,공공부문,공공부문,제주,0
2025-05,,합,국민임대,전국,391
2025-05,,합,국민임대,서울,185
2025-05,,합,국민임대,인천,0
2025-05,,합,국민임대,경기,0
2025-05,,합,국민임대,부산,0
2025-05,,합,국민임대,대구,0
2025-05,,합,국민임대,광주,0
2025-05,,합,국민임대,대전,206
2025-05,,합,국민임대,울산,0
2025-05,,합,국민임대,세종,0
2025-05,,합,국민임대,강원,0
2025-05,,합,국민임대,충북,0
2025-05,,합,국민임대,충남,0
2025-05,,합,국민임대,전북,0
2025-05,,합,국민임대,전남,0
2025-05,,합,국민임대,경북,0
2025-05,,합,국민임대,경남,0
2025-05,,합,국민임대,제주,0
2025-05,,합,공공임대,전국,5786
2025-05,,합,공공임대,서울,2626
2025-05,,합,공공임대,인천,99
2025-05,,합,공공임대,경기,1249
2025-05,,합,공공임대,부산,21
2025-05,,합,공공임대,대구,0
2025-05,,합,공공임대,광주,762
2025-05,,합,공공임대,대전,46
2025-05,,합,공공임대,울산,0
2025-05,,합,공공임대,세종,0
2025-05,,합,공공임대,강원,0
2025-05,,합,공공임대,충북,0
2025-05,,합,공공임대,충남,0
2025-05,,합,공공임대,전북,736
2025-05,,합,공공임대,전남,92
2025-05,,합,공공임대,경북,14
2025-05,,합,공공임대,경남,141
2025-05,,합,공공임대,제주,0
2025-05,,합,공공분양,전국,986
2025-05,,합,공공분양,서울,261
2025-05,,합,공공분양,인천,0
2025-05,,합,공공분양,경기,705
2025-05,,합,공공분양,부산,0
2025-05,,합,공공분양,대구,0
2025-05,,합,공공분양,광주,0
2025-05,,합,공공분양,대전,0
2025-05,,합,공공분양,울산,0
2025-05,,합,공공분양,세종,0
2025-05,,합,공공분양,강원,20
2025-05,,합,공공분양,충북,0
2025-05,,합,공공분양,충남,0
2025-05,,합,공공분양,전북,0
2025-05,,합,공공분양,전남,0
2025-05,,합,공공분양,경북,0
2025-05,,합,공공분양,경남,0
2025-05,,합,공공분양,제주,0
2025-05,,지자체,소계,전국,3758
2025-05,,지자체,소계,서울,1337
2025-05,,지자체,소계,인천,0
2025-05,,지자체,소계,경기,1428
2025-05,,지자체,소계,부산,0
2025-05,,지자체,소계,대구,0
2025-05,,지자체,소계,광주,0
2025-05,,지자체,소계,대전,0
2025-05,,지자체,소계,울산,0
2025-05,,지자체,소계,세종,0
2025-05,,지자체,소계,강원,20
2025-05,,지자체,소계,충북,0
2025-05,,지자체,소계,충남,0
2025-05,,지자체,소계,전북,736
2025-05,,지자체,소계,전남,92
2025-05,,지자체,소계,경북,14
2025-05,,지자체,소계,경남,131
2025-05,,지자체,소계,제주,0
2025-05,,지자체,국민임대,전국,0
2025-05,,지자체,국민임대,서울,0
2025-05,,지자체,국민임대,인천,0
2025-05,,지자체,국민임대,경기,0
2025-05,,지자체,국민임대,부산,0
2025-05,,지자체,국민임대,대구,0
2025-05,,지자체,국민임대,광주,0
2025-05,,지자체,국민임대,대전,0
2025-05,,지자체,국민임대,울산,0
2025-05,,지자체,국민임대,세종,0
2025-05,,지자체,국민임대,강원,0
2025-05,,지자체,국민임대,충북,0
2025-05,,지자체,국민임대,충남,0
2025-05,,지자체,국민임대,전북,0
2025-05,,지자체,국민임대,전남,0
2025-05,,지자체,국민임대,경북,0
2025-05,,지자체,국민임대,경남,0
2025-05,,지자체,국민임대,제주,0
2025-05,,지자체,공공임대,전국,3033
2025-05,,지자체,공공임대,서울,1337
2025-05,,지자체,공공임대,인천,0
2025-05,,지자체,공공임대,경기,723
2025-05,,지자체,공공임대,부산,0
2025-05,,지자체,공공임대,대구,0
2025-05,,지자체,공공임대,광주,0
2025-05,,지자체,공공임대,대전,0
2025-05,,지자체,공공임대,울산,0
2025-05,,지자체,공공임대,세종,0
2025-05,,지자체,공공임대,강원,0
2025-05,,지자체,공공임대,충북,0
2025-05,,지자체,공공임대,충남,0
2025-05,,지자체,공공임대,전북,736
2025-05,,지자체,공공임대,전남,92
2025-05,,지자체,공공임대,경북,14
2025-05,,지자체,공공임대,경남,131
2025-05,,지자체,공공임대,제주,0
2025-05,,지자체,공공분양,전국,725
2025-05,,지자체,공공분양,서울,0
2025-05,,지자체,공공분양,인천,0
2025-05,,지자체,공공분양,경기,705
2025-05,,지자체,공공분양,부산,0
2025-05,,지자체,공공분양,대구,0
2025-05,,지자체,공공분양,광주,0
2025-05,,지자체,공공분양,대전,0
2025-05,,지자체,공공분양,울산,0
2025-05,,지자체,공공분양,세종,0
2025-05,,지자체,공공분양,강원,20
2025-05,,지자체,공공분양,충북,0
2025-05,,지자체,공공분양,충남,0
2025-05,,지자체,공공분양,전북,0
2025-05,,지자체,공공분양,전남,0
2025-05,,지자체,공공분양,경북,0
2025-05,,지자체,공공분양,경남,0
2025-05,,지자체,공공분양,제주,0
2025-05,,LH,소계,전국,741
2025-05,,LH,소계,서울,381
2025-05,,LH,소계,인천,0
2025-05,,LH,소계,경기,360
2025-05,,LH,소계,부산,0
2025-05,,LH,소계,대구,0
2025-05,,LH,소계,광주,0
2025-05,,LH,소계,대전,0
2025-05,,LH,소계,울산,0
2025-05,,LH,소계,세종,0
2025-05,,LH,소계,강원,0
2025-05,,LH,소계,충북,0
2025-05,,LH,소계,충남,0
2025-05,,LH,소계,전북,0
2025-05,,LH,소계,전남,0
2025-05,,LH,소계,경북,0
2025-05,,LH,소계,경남,0
2025-05,,LH,소계,제주,0
2025-05,,LH,국민임대,전국,0
2025-05,,LH,국민임대,서울,0
2025-05,,LH,국민임대,인천,0
2025-05,,LH,국민임대,경기,0
2025-05,,LH,국민임대,부산,0
2025-05,,LH,국민임대,대구,0
2025-05,,LH,국민임대,광주,0
2025-05,,LH,국민임대,대전,0
2025-05,,LH,국민임대,울산,0
2025-05,,LH,국민임대,세종,0
2025-05,,LH,국민임대,강원,0
2025-05,,LH,국민임대,충북,0
2025-05,,LH,국민임대,충남,0
2025-05,,LH,국민임대,전북,0
2025-05,,LH,국민임대,전남,0
2025-05,,LH,국민임대,경북,0
2025-05,,LH,국민임대,경남,0
2025-05,,LH,국민임대,제주,0
2025-05,,LH,공공임대,전국,480
2025-05,,LH,공공임대,서울,120
2025-05,,LH,공공임대,인천,0
2025-05,,LH,공공임대,경기,360
2025-05,,LH,공공임대,부산,0
2025-05,,LH,공공임대,대구,0
2025-05,,LH,공공임대,광주,0
2025-05,,LH,공공임대,대전,0
2025-05,,LH,공공임대,울산,0
2025-05,,LH,공공임대,세종,0
2025-05,,LH,공공임대,강원,0
2025-05,,LH,공공임대,충북,0
2025-05,,LH,공공임대,충남,0
2025-05,,LH,공공임대,전북,0
2025-05,,LH,공공임대,전남,0
2025-05,,LH,공공임대,경북,0
2025-05,,LH,공공임대,경남,0
2025-05,,LH,공공임대,제주,0
2025-05,,LH,공공분양,전국,261
2025-05,,LH,공공분양,서울,261
2025-05,,LH,공공분양,인천,0
2025-05,,LH,공공분양,경기,0
2025-05,,LH,공공분양,부산,0
2025-05,,LH,공공분양,대구,0
2025-05,,LH,공공분양,광주,0
2025-05,,LH,공공분양,대전,0
2025-05,,LH,공공분양,울산,0
2025-05,,LH,공공분양,세종,0
2025-05,,LH,공공분양,강원,0
2025-05,,LH,공공분양,충북,0
2025-05,,LH,공공분양,충남,0
2025-05,,LH,공공분양,전북,0
2025-05,,LH,공공분양,전남,0
2025-05,,LH,공공분양,경북,0
2025-05,,LH,공공분양,경남,0
2025-05,,LH,공공분양,제주,0
2025-05,,주택업체,소계,전국,2664
2025-05,,주택업체,소계,서울,1354
2025-05,,주택업체,소계,인천,99
2025-05,,주택업체,소계,경기,166
2025-05,,주택업체,소계,부산,21
2025-05,,주택업체,소계,대구,0
2025-05,,주택업체,소계,광주,762
2025-05,,주택업체,소계,대전,252
2025-05,,주택업체,소계,울산,0
2025-05,,주택업체,소계,세종,0
2025-05,,주택업체,소계,강원,0
2025-05,,주택업체,소계,충북,0
2025-05,,주택업체,소계,충남,0
2025-05,,주택업체,소계,전북,0
2025-05,,주택업체,소계,전남,0
2025-05,,주택업체,소계,경북,0
2025-05,,주택업체,소계,경남,10
2025-05,,주택업체,소계,제주,0
2025-05,,주택업체,국민임대,전국,391
2025-05,,주택업체,국민임대,서울,185
2025-05,,주택업체,국민임대,인천,0
2025-05,,주택업체,국민임대,경기,0
2025-05,,주택업체,국민임대,부산,0
2025-05,,주택업체,국민임대,대구,0
2025-05,,주택업체,국민임대,광주,0
2025-05,,주택업체,국민임대,대전,206
2025-05,,주택업체,국민임대,울산,0
2025-05,,주택업체,국민임대,세종,0
2025-05,,주택업체,국민임대,강원,0
2025-05,,주택업체,국민임대,충북,0
2025-05,,주택업체,국민임대,충남,0
2025-05,,주택업체,국민임대,전북,0
2025-05,,주택업체,국민임대,전남,0
2025-05,,주택업체,국민임대,경북,0
2025-05,,주택업체,국민임대,경남,0
2025-05,,주택업체,국민임대,제주,0
2025-05,,주택업체,공공임대,전국,2273
2025-05,,주택업체,공공임대,서울,1169
2025-05,,주택업체,공공임대,인천,99
2025-05,,주택업체,공공임대,경기,166
2025-05,,주택업체,공공임대,부산,21
2025-05,,주택업체,공공임대,대구,0
2025-05,,주택업체,공공임대,광주,762
2025-05,,주택업체,공공임대,대전,46
2025-05,,주택업체,공공임대,울산,0
2025-05,,주택업체,공공임대,세종,0
2025-05,,주택업체,공공임대,강원,0
2025-05,,주택업체,공공임대,충북,0
2025-05,,주택업체,공공임대,충남,0
2025-05,,주택업체,공공임대,전북,0
2025-05,,주택업체,공공임대,전남,0
2025-05,,주택업체,공공임대,경북,0
2025-05,,주택업체,공공임대,경남,10
2025-05,,주택업체,공공임대,제주,0
2025-05,,주택업체,공공분양,전국,0
2025-05,,주택업체,공공분양,서울,0
2025-05,,주택업체,공공분양,인천,0
2025-05,,주택업체,공공분양,경기,0
2025-05,,주택업체,공공분양,부산,0
2025-05,,주택업체,공공분양,대구,0
2025-05,,주택업체,공공분양,광주,0
2025-05,,주택업체,공공분양,대전,0
2025-05,,주택업체,공공분양,울산,0
2025-05,,주택업체,공공분양,세종,0
2025-05,,주택업체,공공분양,강원,0
2025-05,,주택업체,공공분양,충북,0
2025-05,,주택업체,공공분양,충남,0
2025-05,,주택업체,공공분양,전북,0
2025-05,,주택업체,공공분양,전남,0
2025-05,,주택업체,공공분양,경북,0
2025-05,,주택업체,공공분양,경남,0
2025-05,,주택업체,공공분양,제주,0
2025-05,,민간부문,민간부문,전국,103390
2025-05,,민간부문,민간부문,서울,16245
2025-05,,민간부문,민간부문,인천,9012
2025-05,,민간부문,민간부문,경기,29851
2025-05,,민간부문,민간부문,부산,9995
2025-05,,민간부문,민간부문,대구,678
2025-05,,민간부문,민간부문,광주,1796
2025-05,,민간부문,민간부문,대전,6166
2025-05,,민간부문,민간부문,울산,1086
2025-05,,민간부문,민간부문,세종,61
2025-05,,민간부문,민간부문,강원,1590
2025-05,,민간부문,민간부문,충북,3793
2025-05,,민간부문,민간부문,충남,8056
2025-05,,민간부문,민간부문,전북,3290
2025-05,,민간부문,민간부문,전남,4659
2025-05,,민간부문,민간부문,경북,4088
2025-05,,민간부문,민간부문,경남,2295
2025-05,,민간부문,민간부문,제주,729
2025-05,,민간,민간임대,전국,8677
2025-05,,민간,민간임대,서울,388
2025-05,,민간,민간임대,인천,322
2025-05,,민간,민간임대,경기,68
2025-05,,민간,민간임대,부산,487
2025-05,,민간,민간임대,대구,0
2025-05,,민간,민간임대,광주,352
2025-05,,민간,민간임대,대전,229
2025-05,,민간,민간임대,울산,496
2025-05,,민간,민간임대,세종,0
2025-05,,민간,민간임대,강원,699
2025-05,,민간,민간임대,충북,1349
2025-05,,민간,민간임대,충남,1053
2025-05,,민간,민간임대,전북,1397
2025-05,,민간,민간임대,전남,313
2025-05,,민간,민간임대,경북,1314
2025-05,,민간,민간임대,경남,210
2025-05,,민간,민간임대,제주,0
2025-05,,민간,민간분양,전국,94713
2025-05,,민간,민간분양,서울,15857
2025-05,,민간,민간분양,인천,8690
2025-05,,민간,민간분양,경기,29783
2025-05,,민간,민간분양,부산,9508
2025-05,,민간,민간분양,대구,678
2025-05,,민간,민간분양,광주,1444
2025-05,,민간,민간분양,대전,5937
2025-05,,민간,민간분양,울산,590
2025-05,,민간,민간분양,세종,61
2025-05,,민간,민간분양,강원,891
2025-05,,민간,민간분양,충북,2444
2025-05,,민간,민간분양,충남,7003
2025-05,,민간,민간분양,전북,1893
2025-05,,민간,민간분양,전남,4346
2025-05,,민간,민간분양,경북,2774
2025-05,,민간,민간분양,경남,2085
2025-05,,민간,민간분양,제주,729
2025-06,,총계,총계,전국,138401
2025-06,,총계,총계,서울,22761
2025-06,,총계,총계,인천,9716
2025-06,,총계,총계,경기,41313
2025-06,,총계,총계,부산,13908
2025-06,,총계,총계,대구,1262
2025-06,,총계,총계,광주,6885
2025-06,,총계,총계,대전,6580
2025-06,,총계,총계,울산,2763
2025-06,,총계,총계,세종,74
2025-06,,총계,총계,강원,1783
2025-06,,총계,총계,충북,3927
2025-06,,총계,총계,충남,8223
2025-06,,총계,총계,전북,4355
2025-06,,총계,총계,전남,4938
2025-06,,총계,총계,경북,5467
2025-06,,총계,총계,경남,3449
2025-06,,총계,총계,제주,997
2025-06,,공공부문,공공부문,전국,15219
2025-06,,공공부문,공공부문,서울,3833
2025-06,,공공부문,공공부문,인천,407
2025-06,,공공부문,공공부문,경기,8425
2025-06,,공공부문,공공부문,부산,21
2025-06,,공공부문,공공부문,대구,0
2025-06,,공공부문,공공부문,광주,762
2025-06,,공공부문,공공부문,대전,252
2025-06,,공공부문,공공부문,울산,231
2025-06,,공공부문,공공부문,세종,0
2025-06,,공공부문,공공부문,강원,20
2025-06,,공공부문,공공부문,충북,0
2025-06,,공공부문,공공부문,충남,0
2025-06,,공공부문,공공부문,전북,936
2025-06,,공공부문,공공부문,전남,112
2025-06,,공공부문,공공부문,경북,14
2025-06,,공공부문,공공부문,경남,206
2025-06,,공공부문,공공부문,제주,0
2025-06,,합,국민임대,전국,627
2025-06,,합,국민임대,서울,421
2025-06,,합,국민임대,인천,0
2025-06,,합,국민임대,경기,0
2025-06,,합,국민임대,부산,0
2025-06,,합,국민임대,대구,0
2025-06,,합,국민임대,광주,0
2025-06,,합,국민임대,대전,206
2025-06,,합,국민임대,울산,0
2025-06,,합,국민임대,세종,0
2025-06,,합,국민임대,강원,0
2025-06,,합,국민임대,충북,0
2025-06,,합,국민임대,충남,0
2025-06,,합,국민임대,전북,0
2025-06,,합,국민임대,전남,0
2025-06,,합,국민임대,경북,0
2025-06,,합,국민임대,경남,0
2025-06,,합,국민임대,제주,0
2025-06,,합,공공임대,전국,8743
2025-06,,합,공공임대,서울,2921
2025-06,,합,공공임대,인천,99
2025-06,,합,공공임대,경기,3626
2025-06,,합,공공임대,부산,21
2025-06,,합,공공임대,대구,0
2025-06,,합,공공임대,광주,762
2025-06,,합,공공임대,대전,46
2025-06,,합,공공임대,울산,0
2025-06,,합,공공임대,세종,0
2025-06,,합,공공임대,강원,0
2025-06,,합,공공임대,충북,0
2025-06,,합,공공임대,충남,0
2025-06,,합,공공임대,전북,936
2025-06,,합,공공임대,전남,112
2025-06,,합,공공임대,경북,14
2025-06,,합,공공임대,경남,206
2025-06,,합,공공임대,제주,0
2025-06,,합,공공분양,전국,5849
2025-06,,합,공공분양,서울,491
2025-06,,합,공공분양,인천,308
2025-06,,합,공공분양,경기,4799
2025-06,,합,공공분양,부산,0
2025-06,,합,공공분양,대구,0
2025-06,,합,공공분양,광주,0
2025-06,,합,공공분양,대전,0
2025-06,,합,공공분양,울산,231
2025-06,,합,공공분양,세종,0
2025-06,,합,공공분양,강원,20
2025-06,,합,공공분양,충북,0
2025-06,,합,공공분양,충남,0
2025-06,,합,공공분양,전북,0
2025-06,,합,공공분양,전남,0
2025-06,,합,공공분양,경북,0
2025-06,,합,공공분양,경남,0
2025-06,,합,공공분양,제주,0
2025-06,,지자체,소계,전국,4043
2025-06,,지자체,소계,서울,1337
2025-06,,지자체,소계,인천,0
2025-06,,지자체,소계,경기,1428
2025-06,,지자체,소계,부산,0
2025-06,,지자체,소계,대구,0
2025-06,,지자체,소계,광주,0
2025-06,,지자체,소계,대전,0
2025-06,,지자체,소계,울산,0
2025-06,,지자체,소계,세종,0
2025-06,,지자체,소계,강원,20
2025-06,,지자체,소계,충북,0
2025-06,,지자체,소계,충남,0
2025-06,,지자체,소계,전북,936
2025-06,,지자체,소계,전남,112
2025-06,,지자체,소계,경북,14
2025-06,,지자체,소계,경남,196
2025-06,,지자체,소계,제주,0
2025-06,,지자체,국민임대,전국,0
2025-06,,지자체,국민임대,서울,0
2025-06,,지자체,국민임대,인천,0
2025-06,,지자체,국민임대,경기,0
2025-06,,지자체,국민임대,부산,0
2025-06,,지자체,국민임대,대구,0
2025-06,,지자체,국민임대,광주,0
2025-06,,지자체,국민임대,대전,0
2025-06,,지자체,국민임대,울산,0
2025-06,,지자체,국민임대,세종,0
2025-06,,지자체,국민임대,강원,0
2025-06,,지자체,국민임대,충북,0
2025-06,,지자체,국민임대,충남,0
2025-06,,지자체,국민임대,전북,0
2025-06,,지자체,국민임대,전남,0
2025-06,,지자체,국민임대,경북,0
2025-06,,지자체,국민임대,경남,0
2025-06,,지자체,국민임대,제주,0
2025-06,,지자체,공공임대,전국,3318
2025-06,,지자체,공공임대,서울,1337
2025-06,,지자체,공공임대,인천,0
2025-06,,지자체,공공임대,경기,723
2025-06,,지자체,공공임대,부산,0
2025-06,,지자체,공공임대,대구,0
2025-06,,지자체,공공임대,광주,0
2025-06,,지자체,공공임대,대전,0
2025-06,,지자체,공공임대,울산,0
2025-06,,지자체,공공임대,세종,0
2025-06,,지자체,공공임대,강원,0
2025-06,,지자체,공공임대,충북,0
2025-06,,지자체,공공임대,충남,0
2025-06,,지자체,공공임대,전북,936
2025-06,,지자체,공공임대,전남,112
2025-06,,지자체,공공임대,경북,14
2025-06,,지자체,공공임대,경남,196
2025-06,,지자체,공공임대,제주,0
2025-06,,지자체,공공분양,전국,725
2025-06,,지자체,공공분양,서울,0
2025-06,,지자체,공공분양,인천,0
2025-06,,지자체,공공분양,경기,705
2025-06,,지자체,공공분양,부산,0
2025-06,,지자체,공공분양,대구,0
2025-06,,지자체,공공분양,광주,0
2025-06,,지자체,공공분양,대전,0
2025-06,,지자체,공공분양,울산,0
2025-06,,지자체,공공분양,세종,0
2025-06,,지자체,공공분양,강원,20
2025-06,,지자체,공공분양,충북,0
2025-06,,지자체,공공분양,충남,0
2025-06,,지자체,공공분양,전북,0
2025-06,,지자체,공공분양,전남,0
2025-06,,지자체,공공분양,경북,0
2025-06,,지자체,공공분양,경남,0
2025-06,,지자체,공공분양,제주,0
2025-06,,LH,소계,전국,7808
2025-06,,LH,소계,서울,669
2025-06,,LH,소계,인천,308
2025-06,,LH,소계,경기,6831
2025-06,,LH,소계,부산,0
2025-06,,LH,소계,대구,0
2025-06,,LH,소계,광주,0
2025-06,,LH,소계,대전,0
2025-06,,LH,소계,울산,0
2025-06,,LH,소계,세종,0
2025-06,,LH,소계,강원,0
2025-06,,LH,소계,충북,0
2025-06,,LH,소계,충남,0
2025-06,,LH,소계,전북,0
2025-06,,LH,소계,전남,0
2025-06,,LH,소계,경북,0
2025-06,,LH,소계,경남,0
2025-06,,LH,소계,제주,0
2025-06,,LH,국민임대,전국,0
2025-06,,LH,국민임대,서울,0
2025-06,,LH,국민임대,인천,0
2025-06,,LH,국민임대,경기,0
2025-06,,LH,국민임대,부산,0
2025-06,,LH,국민임대,대구,0
2025-06,,LH,국민임대,광주,0
2025-06,,LH,국민임대,대전,0
2025-06,,LH,국민임대,울산,0
2025-06,,LH,국민임대,세종,0
2025-06,,LH,국민임대,강원,0
2025-06,,LH,국민임대,충북,0
2025-06,,LH,국민임대,충남,0
2025-06,,LH,국민임대,전북,0
2025-06,,LH,국민임대,전남,0
2025-06,,LH,국민임대,경북,0
2025-06,,LH,국민임대,경남,0
2025-06,,LH,국민임대,제주,0
2025-06,,LH,공공임대,전국,2915
2025-06,,LH,공공임대,서울,178
2025-06,,LH,공공임대,인천,0
2025-06,,LH,공공임대,경기,2737
2025-06,,LH,공공임대,부산,0
2025-06,,LH,공공임대,대구,0
2025-06,,LH,공공임대,광주,0
2025-06,,LH,공공임대,대전,0
2025-06,,LH,공공임대,울산,0
2025-06,,LH,공공임대,세종,0
2025-06,,LH,공공임대,강원,0
2025-06,,LH,공공임대,충북,0
2025-06,,LH,공공임대,충남,0
2025-06,,LH,공공임대,전북,0
2025-06,,LH,공공임대,전남,0
2025-06,,LH,공공임대,경북,0
2025-06,,LH,공공임대,경남,0
2025-06,,LH,공공임대,제주,0
2025-06,,LH,공공분양,전국,4893
2025-06,,LH,공공분양,서울,491
2025-06,,LH,공공분양,인천,308
2025-06,,LH,공공분양,경기,4094
2025-06,,LH,공공분양,부산,0
2025-06,,LH,공공분양,대구,0
2025-06,,LH,공공분양,광주,0
2025-06,,LH,공공분양,대전,0
2025-06,,LH,공공분양,울산,0
2025-06,,LH,공공분양,세종,0
2025-06,,LH,공공분양,강원,0
2025-06,,LH,공공분양,충북,0
2025-06,,LH,공공분양,충남,0
2025-06,,LH,공공분양,전북,0
2025-06,,LH,공공분양,전남,0
2025-06,,LH,공공분양,경북,0
2025-06,,LH,공공분양,경남,0
2025-06,,LH,공공분양,제주,0
2025-06,,주택업체,소계,전국,3368
2025-06,,주택업체,소계,서울,1827
2025-06,,주택업체,소계,인천,99
2025-06,,주택업체,소계,경기,166
2025-06,,주택업체,소계,부산,21
2025-06,,주택업체,소계,대구,0
2025-06,,주택업체,소계,광주,762
2025-06,,주택업체,소계,대전,252
2025-06,,주택업체,소계,울산,231
2025-06,,주택업체,소계,세종,0
2025-06,,주택업체,소계,강원,0
2025-06,,주택업체,소계,충북,0
2025-06,,주택업체,소계,충남,0
2025-06,,주택업체,소계,전북,0
2025-06,,주택업체,소계,전남,0
2025-06,,주택업체,소계,경북,0
2025-06,,주택업체,소계,경남,10
2025-06,,주택업체,소계,제주,0
2025-06,,주택업체,국민임대,전국,627
2025-06,,주택업체,국민임대,서울,421
2025-06,,주택업체,국민임대,인천,0
2025-06,,주택업체,국민임대,경기,0
2025-06,,주택업체,국민임대,부산,0
2025-06,,주택업체,국민임대,대구,0
2025-06,,주택업체,국민임대,광주,0
2025-06,,주택업체,국민임대,대전,206
2025-06,,주택업체,국민임대,울산,0
2025-06,,주택업체,국민임대,세종,0
2025-06,,주택업체,국민임대,강원,0
2025-06,,주택업체,국민임대,충북,0
2025-06,,주택업체,국민임대,충남,0
2025-06,,주택업체,국민임대,전북,0
2025-06,,주택업체,국민임대,전남,0
2025-06,,주택업체,국민임대,경북,0
2025-06,,주택업체,국민임대,경남,0
2025-06,,주택업체,국민임대,제주,0
2025-06,,주택업체,공공임대,전국,2510
2025-06,,주택업체,공공임대,서울,1406
2025-06,,주택업체,공공임대,인천,99
2025-06,,주택업체,공공임대,경기,166
2025-06,,주택업체,공공임대,부산,21
2025-06,,주택업체,공공임대,대구,0
2025-06,,주택업체,공공임대,광주,762
2025-06,,주택업체,공공임대,대전,46
2025-06,,주택업체,공공임대,울산,0
2025-06,,주택업체,공공임대,세종,0
2025-06,,주택업체,공공임대,강원,0
2025-06,,주택업체,공공임대,충북,0
2025-06,,주택업체,공공임대,충남,0
2025-06,,주택업체,공공임대,전북,0
2025-06,,주택업체,공공임대,전남,0
2025-06,,주택업체,공공임대,경북,0
2025-06,,주택업체,공공임대,경남,10
2025-06,,주택업체,공공임대,제주,0
2025-06,,주택업체,공공분양,전국,231
2025-06,,주택업체,공공분양,서울,0
2025-06,,주택업체,공공분양,인천,0
2025-06,,주택업체,공공분양,경기,0
2025-06,,주택업체,공공분양,부산,0
2025-06,,주택업체,공공분양,대구,0
2025-06,,주택업체,공공분양,광주,0
2025-06,,주택업체,공공분양,대전,0
2025-06,,주택업체,공공분양,울산,231
2025-06,,주택업체,공공분양,세종,0
2025-06,,주택업체,공공분양,강원,0
2025-06,,주택업체,공공분양,충북,0
2025-06,,주택업체,공공분양,충남,0
2025-06,,주택업체,공공분양,전북,0
2025-06,,주택업체,공공분양,전남,0
2025-06,,주택업체,공공분양,경북,0
2025-06,,주택업체,공공분양,경남,0
2025-06,,주택업체,공공분양,제주,0
2025-06,,민간부문,민간부문,전국,123182
2025-06,,민간부문,민간부문,서울,18928
2025-06,,민간부문,민간부문,인천,9309
2025-06,,민간부문,민간부문,경기,32888
2025-06,,민간부문,민간부문,부산,13887
2025-06,,민간부문,민간부문,대구,1262
2025-06,,민간부문,민간부문,광주,6123
2025-06,,민간부문,민간부문,대전,6328
2025-06,,민간부문,민간부문,울산,2532
2025-06,,민간부문,민간부문,세종,74
2025-06,,민간부문,민간부문,강원,1763
2025-06,,민간부문,민간부문,충북,3927
2025-06,,민간부문,민간부문,충남,8223
2025-06,,민간부문,민간부문,전북,3419
2025-06,,민간부문,민간부문,전남,4826
2025-06,,민간부문,민간부문,경북,5453
2025-06,,민간부문,민간부문,경남,3243
2025-06,,민간부문,민간부문,제주,997
2025-06,,민간,민간임대,전국,8922
2025-06,,민간,민간임대,서울,388
2025-06,,민간,민간임대,인천,322
2025-06,,민간,민간임대,경기,68
2025-06,,민간,민간임대,부산,732
2025-06,,민간,민간임대,대구,0
2025-06,,민간,민간임대,광주,352
2025-06,,민간,민간임대,대전,229
2025-06,,민간,민간임대,울산,496
2025-06,,민간,민간임대,세종,0
2025-06,,민간,민간임대,강원,699
2025-06,,민간,민간임대,충북,1349
2025-06,,민간,민간임대,충남,1053
2025-06,,민간,민간임대,전북,1397
2025-06,,민간,민간임대,전남,313
2025-06,,민간,민간임대,경북,1314
2025-06,,민간,민간임대,경남,210
2025-06,,민간,민간임대,제주,0
2025-06,,민간,민간분양,전국,114260
2025-06,,민간,민간분양,서울,18540
2025-06,,민간,민간분양,인천,8987
2025-06,,민간,민간분양,경기,32820
2025-06,,민간,민간분양,부산,13155
2025-06,,민간,민간분양,대구,1262
2025-06,,민간,민간분양,광주,5771
2025-06,,민간,민간분양,대전,6099
2025-06,,민간,민간분양,울산,2036
2025-06,,민간,민간분양,세종,74
2025-06,,민간,민간분양,강원,1064
2025-06,,민간,민간분양,충북,2578
2025-06,,민간,민간분양,충남,7170
2025-06,,민간,민간분양,전북,2022
2025-06,,민간,민간분양,전남,4513
2025-06,,민간,민간분양,경북,4139
2025-06,,민간,민간분양,경남,3033
2025-06,,민간,민간분양,제주,997
2025-07,,총계,총계,전국,154608
2025-07,,총계,총계,서울,26836
2025-07,,총계,총계,인천,10698
2025-07,,총계,총계,경기,46108
2025-07,,총계,총계,부산,14735
2025-07,,총계,총계,대구,1712
2025-07,,총계,총계,광주,6947
2025-07,,총계,총계,대전,6589
2025-07,,총계,총계,울산,2778
2025-07,,총계,총계,세종,137
2025-07,,총계,총계,강원,2074
2025-07,,총계,총계,충북,4719
2025-07,,총계,총계,충남,9957
2025-07,,총계,총계,전북,4613
2025-07,,총계,총계,전남,5822
2025-07,,총계,총계,경북,5902
2025-07,,총계,총계,경남,3866
2025-07,,총계,총계,제주,1115
2025-07,,공공부문,공공부문,전국,15608
2025-07,,공공부문,공공부문,서울,4136
2025-07,,공공부문,공공부문,인천,407
2025-07,,공공부문,공공부문,경기,8425
2025-07,,공공부문,공공부문,부산,21
2025-07,,공공부문,공공부문,대구,0
2025-07,,공공부문,공공부문,광주,762
2025-07,,공공부문,공공부문,대전,252
2025-07,,공공부문,공공부문,울산,231
2025-07,,공공부문,공공부문,세종,0
2025-07,,공공부문,공공부문,강원,20
2025-07,,공공부문,공공부문,충북,0
2025-07,,공공부문,공공부문,충남,0
2025-07,,공공부문,공공부문,전북,936
2025-07,,공공부문,공공부문,전남,152
2025-07,,공공부문,공공부문,경북,60
2025-07,,공공부문,공공부문,경남,206
2025-07,,공공부문,공공부문,제주,0
2025-07,,합,국민임대,전국,627
2025-07,,합,국민임대,서울,421
2025-07,,합,국민임대,인천,0
2025-07,,합,국민임대,경기,0
2025-07,,합,국민임대,부산,0
2025-07,,합,국민임대,대구,0
2025-07,,합,국민임대,광주,0
2025-07,,합,국민임대,대전,206
2025-07,,합,국민임대,울산,0
2025-07,,합,국민임대,세종,0
2025-07,,합,국민임대,강원,0
2025-07,,합,국민임대,충북,0
2025-07,,합,국민임대,충남,0
2025-07,,합,국민임대,전북,0
2025-07,,합,국민임대,전남,0
2025-07,,합,국민임대,경북,0
2025-07,,합,국민임대,경남,0
2025-07,,합,국민임대,제주,0
2025-07,,합,공공임대,전국,9132
2025-07,,합,공공임대,서울,3224
2025-07,,합,공공임대,인천,99
2025-07,,합,공공임대,경기,3626
2025-07,,합,공공임대,부산,21
2025-07,,합,공공임대,대구,0
2025-07,,합,공공임대,광주,762
2025-07,,합,공공임대,대전,46
2025-07,,합,공공임대,울산,0
2025-07,,합,공공임대,세종,0
2025-07,,합,공공임대,강원,0
2025-07,,합,공공임대,충북,0
2025-07,,합,공공임대,충남,0
2025-07,,합,공공임대,전북,936
2025-07,,합,공공임대,전남,152
2025-07,,합,공공임대,경북,60
2025-07,,합,공공임대,경남,206
2025-07,,합,공공임대,제주,0
2025-07,,합,공공분양,전국,5849
2025-07,,합,공공분양,서울,491
2025-07,,합,공공분양,인천,308
2025-07,,합,공공분양,경기,4799
2025-07,,합,공공분양,부산,0
2025-07,,합,공공분양,대구,0
2025-07,,합,공공분양,광주,0
2025-07,,합,공공분양,대전,0
2025-07,,합,공공분양,울산,231
2025-07,,합,공공분양,세종,0
2025-07,,합,공공분양,강원,20
2025-07,,합,공공분양,충북,0
2025-07,,합,공공분양,충남,0
2025-07,,합,공공분양,전북,0
2025-07,,합,공공분양,전남,0
2025-07,,합,공공분양,경북,0
2025-07,,합,공공분양,경남,0
2025-07,,합,공공분양,제주,0
2025-07,,지자체,소계,전국,4083
2025-07,,지자체,소계,서울,1337
2025-07,,지자체,소계,인천,0
2025-07,,지자체,소계,경기,1428
2025-07,,지자체,소계,부산,0
2025-07,,지자체,소계,대구,0
2025-07,,지자체,소계,광주,0
2025-07,,지자체,소계,대전,0
2025-07,,지자체,소계,울산,0
2025-07,,지자체,소계,세종,0
2025-07,,지자체,소계,강원,20
2025-07,,지자체,소계,충북,0
2025-07,,지자체,소계,충남,0
2025-07,,지자체,소계,전북,936
2025-07,,지자체,소계,전남,152
2025-07,,지자체,소계,경북,14
2025-07,,지자체,소계,경남,196
2025-07,,지자체,소계,제주,0
2025-07,,지자체,국민임대,전국,0
2025-07,,지자체,국민임대,서울,0
2025-07,,지자체,국민임대,인천,0
2025-07,,지자체,국민임대,경기,0
2025-07,,지자체,국민임대,부산,0
2025-07,,지자체,국민임대,대구,0
2025-07,,지자체,국민임대,광주,0
2025-07,,지자체,국민임대,대전,0
2025-07,,지자체,국민임대,울산,0
2025-07,,지자체,국민임대,세종,0
2025-07,,지자체,국민임대,강원,0
2025-07,,지자체,국민임대,충북,0
2025-07,,지자체,국민임대,충남,0
2025-07,,지자체,국민임대,전북,0
2025-07,,지자체,국민임대,전남,0
2025-07,,지자체,국민임대,경북,0
2025-07,,지자체,국민임대,경남,0
2025-07,,지자체,국민임대,제주,0
2025-07,,지자체,공공임대,전국,3358
2025-07,,지자체,공공임대,서울,1337
2025-07,,지자체,공공임대,인천,0
2025-07,,지자체,공공임대,경기,723
2025-07,,지자체,공공임대,부산,0
2025-07,,지자체,공공임대,대구,0
2025-07,,지자체,공공임대,광주,0
2025-07,,지자체,공공임대,대전,0
2025-07,,지자체,공공임대,울산,0
2025-07,,지자체,공공임대,세종,0
2025-07,,지자체,공공임대,강원,0
2025-07,,지자체,공공임대,충북,0
2025-07,,지자체,공공임대,충남,0
2025-07,,지자체,공공임대,전북,936
2025-07,,지자체,공공임대,전남,152
2025-07,,지자체,공공임대,경북,14
2025-07,,지자체,공공임대,경남,196
2025-07,,지자체,공공임대,제주,0
2025-07,,지자체,공공분양,전국,725
2025-07,,지자체,공공분양,서울,0
2025-07,,지자체,공공분양,인천,0
2025-07,,지자체,공공분양,경기,705
2025-07,,지자체,공공분양,부산,0
2025-07,,지자체,공공분양,대구,0
2025-07,,지자체,공공분양,광주,0
2025-07,,지자체,공공분양,대전,0
2025-07,,지자체,공공분양,울산,0
2025-07,,지자체,공공분양,세종,0
2025-07,,지자체,공공분양,강원,20
2025-07,,지자체,공공분양,충북,0
2025-07,,지자체,공공분양,충남,0
2025-07,,지자체,공공분양,전북,0
2025-07,,지자체,공공분양,전남,0
2025-07,,지자체,공공분양,경북,0
2025-07,,지자체,공공분양,경남,0
2025-07,,지자체,공공분양,제주,0
2025-07,,LH,소계,전국,7808
2025-07,,LH,소계,서울,669
2025-07,,LH,소계,인천,308
2025-07,,LH,소계,경기,6831
2025-07,,LH,소계,부산,0
2025-07,,LH,소계,대구,0
2025-07,,LH,소계,광주,0
2025-07,,LH,소계,대전,0
2025-07,,LH,소계,울산,0
2025-07,,LH,소계,세종,0
2025-07,,LH,소계,강원,0
2025-07,,LH,소계,충북,0
2025-07,,LH,소계,충남,0
2025-07,,LH,소계,전북,0
2025-07,,LH,소계,전남,0
2025-07,,LH,소계,경북,0
2025-07,,LH,소계,경남,0
2025-07,,LH,소계,제주,0
2025-07,,LH,국민임대,전국,0
2025-07,,LH,국민임대,서울,0
2025-07,,LH,국민임대,인천,0
2025-07,,LH,국민임대,경기,0
2025-07,,LH,국민임대,부산,0
2025-07,,LH,국민임대,대구,0
2025-07,,LH,국민임대,광주,0
2025-07,,LH,국민임대,대전,0
2025-07,,LH,국민임대,울산,0
2025-07,,LH,국민임대,세종,0
2025-07,,LH,국민임대,강원,0
2025-07,,LH,국민임대,충북,0
2025-07,,LH,국민임대,충남,0
2025-07,,LH,국민임대,전북,0
2025-07,,LH,국민임대,전남,0
2025-07,,LH,국민임대,경북,0
2025-07,,LH,국민임대,경남,0
2025-07,,LH,국민임대,제주,0
2025-07,,LH,공공임대,전국,2915
2025-07,,LH,공공임대,서울,178
2025-07,,LH,공공임대,인천,0
2025-07,,LH,공공임대,경기,2737
2025-07,,LH,공공임대,부산,0
2025-07,,LH,공공임대,대구,0
2025-07,,LH,공공임대,광주,0
2025-07,,LH,공공임대,대전,0
2025-07,,LH,공공임대,울산,0
2025-07,,LH,공공임대,세종,0
2025-07,,LH,공공임대,강원,0
2025-07,,LH,공공임대,충북,0
2025-07,,LH,공공임대,충남,0
2025-07,,LH,공공임대,전북,0
2025-07,,LH,공공임대,전남,0
2025-07,,LH,공공임대,경북,0
2025-07,,LH,공공임대,경남,0
2025-07,,LH,공공임대,제주,0
2025-07,,LH,공공분양,전국,4893
2025-07,,LH,공공분양,서울,491
2025-07,,LH,공공분양,인천,308
2025-07,,LH,공공분양,경기,4094
2025-07,,LH,공공분양,부산,0
2025-07,,LH,공공분양,대구,0
2025-07,,LH,공공분양,광주,0
2025-07,,LH,공공분양,대전,0
2025-07,,LH,공공분양,울산,0
2025-07,,LH,공공분양,세종,0
2025-07,,LH,공공분양,강원,0
2025-07,,LH,공공분양,충북,0
2025-07,,LH,공공분양,충남,0
2025-07,,LH,공공분양,전북,0
2025-07,,LH,공공분양,전남,0
2025-07,,LH,공공분양,경북,0
2025-07,,LH,공공분양,경남,0
2025-07,,LH,공공분양,제주,0
2025-07,,주택업체,소계,전국,3717
2025-07,,주택업체,소계,서울,2130
2025-07,,주택업체,소계,인천,99
2025-07,,주택업체,소계,경기,166
2025-07,,주택업체,소계,부산,21
2025-07,,주택업체,소계,대구,0
2025-07,,주택업체,소계,광주,762
2025-07,,주택업체,소계,대전,252
2025-07,,주택업체,소계,울산,231
2025-07,,주택업체,소계,세종,0
2025-07,,주택업체,소계,강원,0
2025-07,,주택업체,소계,충북,0
2025-07,,주택업체,소계,충남,0
2025-07,,주택업체,소계,전북,0
2025-07,,주택업체,소계,전남,0
2025-07,,주택업체,소계,경북,46
2025-07,,주택업체,소계,경남,10
2025-07,,주택업체,소계,제주,0
2025-07,,주택업체,국민임대,전국,627
2025-07,,주택업체,국민임대,서울,421
2025-07,,주택업체,국민임대,인천,0
2025-07,,주택업체,국민임대,경기,0
2025-07,,주택업체,국민임대,부산,0
2025-07,,주택업체,국민임대,대구,0
2025-07,,주택업체,국민임대,광주,0
2025-07,,주택업체,국민임대,대전,206
2025-07,,주택업체,국민임대,울산,0
2025-07,,주택업체,국민임대,세종,0
2025-07,,주택업체,국민임대,강원,0
2025-07,,주택업체,국민임대,충북,0
2025-07,,주택업체,국민임대,충남,0
2025-07,,주택업체,국민임대,전북,0
2025-07,,주택업체,국민임대,전남,0
2025-07,,주택업체,국민임대,경북,0
2025-07,,주택업체,국민임대,경남,0
2025-07,,주택업체,국민임대,제주,0
2025-07,,주택업체,공공임대,전국,2859
2025-07,,주택업체,공공임대,서울,1709
2025-07,,주택업체,공공임대,인천,99
2025-07,,주택업체,공공임대,경기,166
2025-07,,주택업체,공공임대,부산,21
2025-07,,주택업체,공공임대,대구,0
2025-07,,주택업체,공공임대,광주,762
2025-07,,주택업체,공공임대,대전,46
2025-07,,주택업체,공공임대,울산,0
2025-07,,주택업체,공공임대,세종,0
2025-07,,주택업체,공공임대,강원,0
2025-07,,주택업체,공공임대,충북,0
2025-07,,주택업체,공공임대,충남,0
2025-07,,주택업체,공공임대,전북,0
2025-07,,주택업체,공공임대,전남,0
2025-07,,주택업체,공공임대,경북,46
2025-07,,주택업체,공공임대,경남,10
2025-07,,주택업체,공공임대,제주,0
2025-07,,주택업체,공공분양,전국,231
2025-07,,주택업체,공공분양,서울,0
2025-07,,주택업체,공공분양,인천,0
2025-07,,주택업체,공공분양,경기,0
2025-07,,주택업체,공공분양,부산,0
2025-07,,주택업체,공공분양,대구,0
2025-07,,주택업체,공공분양,광주,0
2025-07,,주택업체,공공분양,대전,0
2025-07,,주택업체,공공분양,울산,231
2025-07,,주택업체,공공분양,세종,0
2025-07,,주택업체,공공분양,강원,0
2025-07,,주택업체,공공분양,충북,0
2025-07,,주택업체,공공분양,충남,0
2025-07,,주택업체,공공분양,전북,0
2025-07,,주택업체,공공분양,전남,0
2025-07,,주택업체,공공분양,경북,0
2025-07,,주택업체,공공분양,경남,0
2025-07,,주택업체,공공분양,제주,0
2025-07,,민간부문,민간부문,전국,139000
2025-07,,민간부문,민간부문,서울,22700
2025-07,,민간부문,민간부문,인천,10291
2025-07,,민간부문,민간부문,경기,37683
2025-07,,민간부문,민간부문,부산,14714
2025-07,,민간부문,민간부문,대구,1712
2025-07,,민간부문,민간부문,광주,6185
2025-07,,민간부문,민간부문,대전,6337
2025-07,,민간부문,민간부문,울산,2547
2025-07,,민간부문,민간부문,세종,137
2025-07,,민간부문,민간부문,강원,2054
2025-07,,민간부문,민간부문,충북,4719
2025-07,,민간부문,민간부문,충남,9957
2025-07,,민간부문,민간부문,전북,3677
2025-07,,민간부문,민간부문,전남,5670
2025-07,,민간부문,민간부문,경북,5842
2025-07,,민간부문,민간부문,경남,3660
2025-07,,민간부문,민간부문,제주,1115
2025-07,,민간,민간임대,전국,8922
2025-07,,민간,민간임대,서울,388
2025-07,,민간,민간임대,인천,322
2025-07,,민간,민간임대,경기,68
2025-07,,민간,민간임대,부산,732
2025-07,,민간,민간임대,대구,0
2025-07,,민간,민간임대,광주,352
2025-07,,민간,민간임대,대전,229
2025-07,,민간,민간임대,울산,496
2025-07,,민간,민간임대,세종,0
2025-07,,민간,민간임대,강원,699
2025-07,,민간,민간임대,충북,1349
2025-07,,민간,민간임대,충남,1053
2025-07,,민간,민간임대,전북,1397
2025-07,,민간,민간임대,전남,313
2025-07,,민간,민간임대,경북,1314
2025-07,,민간,민간임대,경남,210
2025-07,,민간,민간임대,제주,0
2025-07,,민간,민간분양,전국,130078
2025-07,,민간,민간분양,서울,22312
2025-07,,민간,민간분양,인천,9969
2025-07,,민간,민간분양,경기,37615
2025-07,,민간,민간분양,부산,13982
2025-07,,민간,민간분양,대구,1712
2025-07,,민간,민간분양,광주,5833
2025-07,,민간,민간분양,대전,6108
2025-07,,민간,민간분양,울산,2051
2025-07,,민간,민간분양,세종,137
2025-07,,민간,민간분양,강원,1355
2025-07,,민간,민간분양,충북,3370
2025-07,,민간,민간분양,충남,8904
2025-07,,민간,민간분양,전북,2280
2025-07,,민간,민간분양,전남,5357
2025-07,,민간,민간분양,경북,4528
2025-07,,민간,민간분양,경남,3450
2025-07,,민간,민간분양,제주,1115
2025-08,,총계,총계,전국,171811
2025-08,,총계,총계,서울,28441
2025-08,,총계,총계,인천,13606
2025-08,,총계,총계,경기,49118
2025-08,,총계,총계,부산,16052
2025-08,,총계,총계,대구,2423
2025-08,,총계,총계,광주,6956
2025-08,,총계,총계,대전,6599
2025-08,,총계,총계,울산,2787
2025-08,,총계,총계,세종,142
2025-08,,총계,총계,강원,2767
2025-08,,총계,총계,충북,4837
2025-08,,총계,총계,충남,13684
2025-08,,총계,총계,전북,4949
2025-08,,총계,총계,전남,6073
2025-08,,총계,총계,경북,7501
2025-08,,총계,총계,경남,4557
2025-08,,총계,총계,제주,1319
2025-08,,공공부문,공공부문,전국,15849
2025-08,,공공부문,공공부문,서울,4327
2025-08,,공공부문,공공부문,인천,407
2025-08,,공공부문,공공부문,경기,8425
2025-08,,공공부문,공공부문,부산,21
2025-08,,공공부문,공공부문,대구,0
2025-08,,공공부문,공공부문,광주,762
2025-08,,공공부문,공공부문,대전,252
2025-08,,공공부문,공공부문,울산,231
2025-08,,공공부문,공공부문,세종,0
2025-08,,공공부문,공공부문,강원,20
2025-08,,공공부문,공공부문,충북,0
2025-08,,공공부문,공공부문,충남,0
2025-08,,공공부문,공공부문,전북,936
2025-08,,공공부문,공공부문,전남,152
2025-08,,공공부문,공공부문,경북,60
2025-08,,공공부문,공공부문,경남,206
2025-08,,공공부문,공공부문,제주,50
2025-08,,합,국민임대,전국,627
2025-08,,합,국민임대,서울,421
2025-08,,합,국민임대,인천,0
2025-08,,합,국민임대,경기,0
2025-08,,합,국민임대,부산,0
2025-08,,합,국민임대,대구,0
2025-08,,합,국민임대,광주,0
2025-08,,합,국민임대,대전,206
2025-08,,합,국민임대,울산,0
2025-08,,합,국민임대,세종,0
2025-08,,합,국민임대,강원,0
2025-08,,합,국민임대,충북,0
2025-08,,합,국민임대,충남,0
2025-08,,합,국민임대,전북,0
2025-08,,합,국민임대,전남,0
2025-08,,합,국민임대,경북,0
2025-08,,합,국민임대,경남,0
2025-08,,합,국민임대,제주,0
2025-08,,합,공공임대,전국,9287
2025-08,,합,공공임대,서울,3379
2025-08,,합,공공임대,인천,99
2025-08,,합,공공임대,경기,3626
2025-08,,합,공공임대,부산,21
2025-08,,합,공공임대,대구,0
2025-08,,합,공공임대,광주,762
2025-08,,합,공공임대,대전,46
2025-08,,합,공공임대,울산,0
2025-08,,합,공공임대,세종,0
2025-08,,합,공공임대,강원,0
2025-08,,합,공공임대,충북,0
2025-08,,합,공공임대,충남,0
2025-08,,합,공공임대,전북,936
2025-08,,합,공공임대,전남,152
2025-08,,합,공공임대,경북,60
2025-08,,합,공공임대,경남,206
2025-08,,합,공공임대,제주,0
2025-08,,합,공공분양,전국,5935
2025-08,,합,공공분양,서울,527
2025-08,,합,공공분양,인천,308
2025-08,,합,공공분양,경기,4799
2025-08,,합,공공분양,부산,0
2025-08,,합,공공분양,대구,0
2025-08,,합,공공분양,광주,0
2025-08,,합,공공분양,대전,0
2025-08,,합,공공분양,울산,231
2025-08,,합,공공분양,세종,0
2025-08,,합,공공분양,강원,20
2025-08,,합,공공분양,충북,0
2025-08,,합,공공분양,충남,0
2025-08,,합,공공분양,전북,0
2025-08,,합,공공분양,전남,0
2025-08,,합,공공분양,경북,0
2025-08,,합,공공분양,경남,0
2025-08,,합,공공분양,제주,50
2025-08,,지자체,소계,전국,4133
2025-08,,지자체,소계,서울,1337
2025-08,,지자체,소계,인천,0
2025-08,,지자체,소계,경기,1428
2025-08,,지자체,소계,부산,0
2025-08,,지자체,소계,대구,0
2025-08,,지자체,소계,광주,0
2025-08,,지자체,소계,대전,0
2025-08,,지자체,소계,울산,0
2025-08,,지자체,소계,세종,0
2025-08,,지자체,소계,강원,20
2025-08,,지자체,소계,충북,0
2025-08,,지자체,소계,충남,0
2025-08,,지자체,소계,전북,936
2025-08,,지자체,소계,전남,152
2025-08,,지자체,소계,경북,14
2025-08,,지자체,소계,경남,196
2025-08,,지자체,소계,제주,50
2025-08,,지자체,국민임대,전국,0
2025-08,,지자체,국민임대,서울,0
2025-08,,지자체,국민임대,인천,0
2025-08,,지자체,국민임대,경기,0
2025-08,,지자체,국민임대,부산,0
2025-08,,지자체,국민임대,대구,0
2025-08,,지자체,국민임대,광주,0
2025-08,,지자체,국민임대,대전,0
2025-08,,지자체,국민임대,울산,0
2025-08,,지자체,국민임대,세종,0
2025-08,,지자체,국민임대,강원,0
2025-08,,지자체,국민임대,충북,0
2025-08,,지자체,국민임대,충남,0
2025-08,,지자체,국민임대,전북,0
2025-08,,지자체,국민임대,전남,0
2025-08,,지자체,국민임대,경북,0
2025-08,,지자체,국민임대,경남,0
2025-08,,지자체,국민임대,제주,0
2025-08,,지자체,공공임대,전국,3358
2025-08,,지자체,공공임대,서울,1337
2025-08,,지자체,공공임대,인천,0
2025-08,,지자체,공공임대,경기,723
2025-08,,지자체,공공임대,부산,0
2025-08,,지자체,공공임대,대구,0
2025-08,,지자체,공공임대,광주,0
2025-08,,지자체,공공임대,대전,0
2025-08,,지자체,공공임대,울산,0
2025-08,,지자체,공공임대,세종,0
2025-08,,지자체,공공임대,강원,0
2025-08,,지자체,공공임대,충북,0
2025-08,,지자체,공공임대,충남,0
2025-08,,지자체,공공임대,전북,936
2025-08,,지자체,공공임대,전남,152
2025-08,,지자체,공공임대,경북,14
2025-08,,지자체,공공임대,경남,196
2025-08,,지자체,공공임대,제주,0
2025-08,,지자체,공공분양,전국,775
2025-08,,지자체,공공분양,서울,0
2025-08,,지자체,공공분양,인천,0
2025-08,,지자체,공공분양,경기,705
2025-08,,지자체,공공분양,부산,0
2025-08,,지자체,공공분양,대구,0
2025-08,,지자체,공공분양,광주,0
2025-08,,지자체,공공분양,대전,0
2025-08,,지자체,공공분양,울산,0
2025-08,,지자체,공공분양,세종,0
2025-08,,지자체,공공분양,강원,20
2025-08,,지자체,공공분양,충북,0
2025-08,,지자체,공공분양,충남,0
2025-08,,지자체,공공분양,전북,0
2025-08,,지자체,공공분양,전남,0
2025-08,,지자체,공공분양,경북,0
2025-08,,지자체,공공분양,경남,0
2025-08,,지자체,공공분양,제주,50
2025-08,,LH,소계,전국,7853
2025-08,,LH,소계,서울,714
2025-08,,LH,소계,인천,308
2025-08,,LH,소계,경기,6831
2025-08,,LH,소계,부산,0
2025-08,,LH,소계,대구,0
2025-08,,LH,소계,광주,0
2025-08,,LH,소계,대전,0
2025-08,,LH,소계,울산,0
2025-08,,LH,소계,세종,0
2025-08,,LH,소계,강원,0
2025-08,,LH,소계,충북,0
2025-08,,LH,소계,충남,0
2025-08,,LH,소계,전북,0
2025-08,,LH,소계,전남,0
2025-08,,LH,소계,경북,0
2025-08,,LH,소계,경남,0
2025-08,,LH,소계,제주,0
2025-08,,LH,국민임대,전국,0
2025-08,,LH,국민임대,서울,0
2025-08,,LH,국민임대,인천,0
2025-08,,LH,국민임대,경기,0
2025-08,,LH,국민임대,부산,0
2025-08,,LH,국민임대,대구,0
2025-08,,LH,국민임대,광주,0
2025-08,,LH,국민임대,대전,0
2025-08,,LH,국민임대,울산,0
2025-08,,LH,국민임대,세종,0
2025-08,,LH,국민임대,강원,0
2025-08,,LH,국민임대,충북,0
2025-08,,LH,국민임대,충남,0
2025-08,,LH,국민임대,전북,0
2025-08,,LH,국민임대,전남,0
2025-08,,LH,국민임대,경북,0
2025-08,,LH,국민임대,경남,0
2025-08,,LH,국민임대,제주,0
2025-08,,LH,공공임대,전국,2924
2025-08,,LH,공공임대,서울,187
2025-08,,LH,공공임대,인천,0
2025-08,,LH,공공임대,경기,2737
2025-08,,LH,공공임대,부산,0
2025-08,,LH,공공임대,대구,0
2025-08,,LH,공공임대,광주,0
2025-08,,LH,공공임대,대전,0
2025-08,,LH,공공임대,울산,0
2025-08,,LH,공공임대,세종,0
2025-08,,LH,공공임대,강원,0
2025-08,,LH,공공임대,충북,0
2025-08,,LH,공공임대,충남,0
2025-08,,LH,공공임대,전북,0
2025-08,,LH,공공임대,전남,0
2025-08,,LH,공공임대,경북,0
2025-08,,LH,공공임대,경남,0
2025-08,,LH,공공임대,제주,0
2025-08,,LH,공공분양,전국,4929
2025-08,,LH,공공분양,서울,527
2025-08,,LH,공공분양,인천,308
2025-08,,LH,공공분양,경기,4094
2025-08,,LH,공공분양,부산,0
2025-08,,LH,공공분양,대구,0
2025-08,,LH,공공분양,광주,0
2025-08,,LH,공공분양,대전,0
2025-08,,LH,공공분양,울산,0
2025-08,,LH,공공분양,세종,0
2025-08,,LH,공공분양,강원,0
2025-08,,LH,공공분양,충북,0
2025-08,,LH,공공분양,충남,0
2025-08,,LH,공공분양,전북,0
2025-08,,LH,공공분양,전남,0
2025-08,,LH,공공분양,경북,0
2025-08,,LH,공공분양,경남,0
2025-08,,LH,공공분양,제주,0
2025-08,,주택업체,소계,전국,3863
2025-08,,주택업체,소계,서울,2276
2025-08,,주택업체,소계,인천,99
2025-08,,주택업체,소계,경기,166
2025-08,,주택업체,소계,부산,21
2025-08,,주택업체,소계,대구,0
2025-08,,주택업체,소계,광주,762
2025-08,,주택업체,소계,대전,252
2025-08,,주택업체,소계,울산,231
2025-08,,주택업체,소계,세종,0
2025-08,,주택업체,소계,강원,0
2025-08,,주택업체,소계,충북,0
2025-08,,주택업체,소계,충남,0
2025-08,,주택업체,소계,전북,0
2025-08,,주택업체,소계,전남,0
2025-08,,주택업체,소계,경북,46
2025-08,,주택업체,소계,경남,10
2025-08,,주택업체,소계,제주,0
2025-08,,주택업체,국민임대,전국,627
2025-08,,주택업체,국민임대,서울,421
2025-08,,주택업체,국민임대,인천,0
2025-08,,주택업체,국민임대,경기,0
2025-08,,주택업체,국민임대,부산,0
2025-08,,주택업체,국민임대,대구,0
2025-08,,주택업체,국민임대,광주,0
2025-08,,주택업체,국민임대,대전,206
2025-08,,주택업체,국민임대,울산,0
2025-08,,주택업체,국민임대,세종,0
2025-08,,주택업체,국민임대,강원,0
2025-08,,주택업체,국민임대,충북,0
2025-08,,주택업체,국민임대,충남,0
2025-08,,주택업체,국민임대,전북,0
2025-08,,주택업체,국민임대,전남,0
2025-08,,주택업체,국민임대,경북,0
2025-08,,주택업체,국민임대,경남,0
2025-08,,주택업체,국민임대,제주,0
2025-08,,주택업체,공공임대,전국,3005
2025-08,,주택업체,공공임대,서울,1855
2025-08,,주택업체,공공임대,인천,99
2025-08,,주택업체,공공임대,경기,166
2025-08,,주택업체,공공임대,부산,21
2025-08,,주택업체,공공임대,대구,0
2025-08,,주택업체,공공임대,광주,762
2025-08,,주택업체,공공임대,대전,46
2025-08,,주택업체,공공임대,울산,0
2025-08,,주택업체,공공임대,세종,0
2025-08,,주택업체,공공임대,강원,0
2025-08,,주택업체,공공임대,충북,0
2025-08,,주택업체,공공임대,충남,0
2025-08,,주택업체,공공임대,전북,0
2025-08,,주택업체,공공임대,전남,0
2025-08,,주택업체,공공임대,경북,46
2025-08,,주택업체,공공임대,경남,10
2025-08,,주택업체,공공임대,제주,0
2025-08,,주택업체,공공분양,전국,231
2025-08,,주택업체,공공분양,서울,0
2025-08,,주택업체,공공분양,인천,0
2025-08,,주택업체,공공분양,경기,0
2025-08,,주택업체,공공분양,부산,0
2025-08,,주택업체,공공분양,대구,0
2025-08,,주택업체,공공분양,광주,0
2025-08,,주택업체,공공분양,대전,0
2025-08,,주택업체,공공분양,울산,231
2025-08,,주택업체,공공분양,세종,0
2025-08,,주택업체,공공분양,강원,0
2025-08,,주택업체,공공분양,충북,0
2025-08,,주택업체,공공분양,충남,0
2025-08,,주택업체,공공분양,전북,0
2025-08,,주택업체,공공분양,전남,0
2025-08,,주택업체,공공분양,경북,0
2025-08,,주택업체,공공분양,경남,0
2025-08,,주택업체,공공분양,제주,0
2025-08,,민간부문,민간부문,전국,155962
2025-08,,민간부문,민간부문,서울,24114
2025-08,,민간부문,민간부문,인천,13199
2025-08,,민간부문,민간부문,경기,40693
2025-08,,민간부문,민간부문,부산,16031
2025-08,,민간부문,민간부문,대구,2423
2025-08,,민간부문,민간부문,광주,6194
2025-08,,민간부문,민간부문,대전,6347
2025-08,,민간부문,민간부문,울산,2556
2025-08,,민간부문,민간부문,세종,142
2025-08,,민간부문,민간부문,강원,2747
2025-08,,민간부문,민간부문,충북,4837
2025-08,,민간부문,민간부문,충남,13684
2025-08,,민간부문,민간부문,전북,4013
2025-08,,민간부문,민간부문,전남,5921
2025-08,,민간부문,민간부문,경북,7441
2025-08,,민간부문,민간부문,경남,4351
2025-08,,민간부문,민간부문,제주,1269
2025-08,,민간,민간임대,전국,9498
2025-08,,민간,민간임대,서울,388
2025-08,,민간,민간임대,인천,322
2025-08,,민간,민간임대,경기,240
2025-08,,민간,민간임대,부산,847
2025-08,,민간,민간임대,대구,0
2025-08,,민간,민간임대,광주,352
2025-08,,민간,민간임대,대전,229
2025-08,,민간,민간임대,울산,496
2025-08,,민간,민간임대,세종,0
2025-08,,민간,민간임대,강원,699
2025-08,,민간,민간임대,충북,1349
2025-08,,민간,민간임대,충남,1274
2025-08,,민간,민간임대,전북,1397
2025-08,,민간,민간임대,전남,313
2025-08,,민간,민간임대,경북,1314
2025-08,,민간,민간임대,경남,210
2025-08,,민간,민간임대,제주,68
2025-08,,민간,민간분양,전국,146464
2025-08,,민간,민간분양,서울,23726
2025-08,,민간,민간분양,인천,12877
2025-08,,민간,민간분양,경기,40453
2025-08,,민간,민간분양,부산,15184
2025-08,,민간,민간분양,대구,2423
2025-08,,민간,민간분양,광주,5842
2025-08,,민간,민간분양,대전,6118
2025-08,,민간,민간분양,울산,2060
2025-08,,민간,민간분양,세종,142
2025-08,,민간,민간분양,강원,2048
2025-08,,민간,민간분양,충북,3488
2025-08,,민간,민간분양,충남,12410
2025-08,,민간,민간분양,전북,2616
2025-08,,민간,민간분양,전남,5608
2025-08,,민간,민간분양,경북,6127
2025-08,,민간,민간분양,경남,4141
2025-08,,민간,민간분양,제주,1201
2025-09,,총계,총계,전국,219322
2025-09,,총계,총계,서울,33283
2025-09,,총계,총계,인천,16700
2025-09,,총계,총계,경기,61963
2025-09,,총계,총계,부산,23830
2025-09,,총계,총계,대구,3937
2025-09,,총계,총계,광주,7741
2025-09,,총계,총계,대전,7633
2025-09,,총계,총계,울산,3019
2025-09,,총계,총계,세종,189
2025-09,,총계,총계,강원,4446
2025-09,,총계,총계,충북,4992
2025-09,,총계,총계,충남,19426
2025-09,,총계,총계,전북,8632
2025-09,,총계,총계,전남,7092
2025-09,,총계,총계,경북,8105
2025-09,,총계,총계,경남,6744
2025-09,,총계,총계,제주,1590
2025-09,,공공부문,공공부문,전국,23462
2025-09,,공공부문,공공부문,서울,5586
2025-09,,공공부문,공공부문,인천,467
2025-09,,공공부문,공공부문,경기,12783
2025-09,,공공부문,공공부문,부산,113
2025-09,,공공부문,공공부문,대구,0
2025-09,,공공부문,공공부문,광주,762
2025-09,,공공부문,공공부문,대전,252
2025-09,,공공부문,공공부문,울산,231
2025-09,,공공부문,공공부문,세종,0
2025-09,,공공부문,공공부문,강원,618
2025-09,,공공부문,공공부문,충북,0
2025-09,,공공부문,공공부문,충남,727
2025-09,,공공부문,공공부문,전북,936
2025-09,,공공부문,공공부문,전남,202
2025-09,,공공부문,공공부문,경북,60
2025-09,,공공부문,공공부문,경남,628
2025-09,,공공부문,공공부문,제주,97
2025-09,,합,국민임대,전국,921
2025-09,,합,국민임대,서울,715
2025-09,,합,국민임대,인천,0
2025-09,,합,국민임대,경기,0
2025-09,,합,국민임대,부산,0
2025-09,,합,국민임대,대구,0
2025-09,,합,국민임대,광주,0
2025-09,,합,국민임대,대전,206
2025-09,,합,국민임대,울산,0
2025-09,,합,국민임대,세종,0
2025-09,,합,국민임대,강원,0
2025-09,,합,국민임대,충북,0
2025-09,,합,국민임대,충남,0
2025-09,,합,국민임대,전북,0
2025-09,,합,국민임대,전남,0
2025-09,,합,국민임대,경북,0
2025-09,,합,국민임대,경남,0
2025-09,,합,국민임대,제주,0
2025-09,,합,공공임대,전국,11468
2025-09,,합,공공임대,서울,4344
2025-09,,합,공공임대,인천,159
2025-09,,합,공공임대,경기,3734
2025-09,,합,공공임대,부산,113
2025-09,,합,공공임대,대구,0
2025-09,,합,공공임대,광주,762
2025-09,,합,공공임대,대전,46
2025-09,,합,공공임대,울산,0
2025-09,,합,공공임대,세종,0
2025-09,,합,공공임대,강원,598
2025-09,,합,공공임대,충북,0
2025-09,,합,공공임대,충남,0
2025-09,,합,공공임대,전북,936
2025-09,,합,공공임대,전남,202
2025-09,,합,공공임대,경북,60
2025-09,,합,공공임대,경남,514
2025-09,,합,공공임대,제주,0
2025-09,,합,공공분양,전국,11073
2025-09,,합,공공분양,서울,527
2025-09,,합,공공분양,인천,308
2025-09,,합,공공분양,경기,9049
2025-09,,합,공공분양,부산,0
2025-09,,합,공공분양,대구,0
2025-09,,합,공공분양,광주,0
2025-09,,합,공공분양,대전,0
2025-09,,합,공공분양,울산,231
2025-09,,합,공공분양,세종,0
2025-09,,합,공공분양,강원,20
2025-09,,합,공공분양,충북,0
2025-09,,합,공공분양,충남,727
2025-09,,합,공공분양,전북,0
2025-09,,합,공공분양,전남,0
2025-09,,합,공공분양,경북,0
2025-09,,합,공공분양,경남,114
2025-09,,합,공공분양,제주,97
2025-09,,지자체,소계,전국,4515
2025-09,,지자체,소계,서울,1522
2025-09,,지자체,소계,인천,0
2025-09,,지자체,소계,경기,1428
2025-09,,지자체,소계,부산,0
2025-09,,지자체,소계,대구,0
2025-09,,지자체,소계,광주,0
2025-09,,지자체,소계,대전,0
2025-09,,지자체,소계,울산,0
2025-09,,지자체,소계,세종,0
2025-09,,지자체,소계,강원,20
2025-09,,지자체,소계,충북,0
2025-09,,지자체,소계,충남,0
2025-09,,지자체,소계,전북,936
2025-09,,지자체,소계,전남,202
2025-09,,지자체,소계,경북,14
2025-09,,지자체,소계,경남,296
2025-09,,지자체,소계,제주,97
2025-09,,지자체,국민임대,전국,0
2025-09,,지자체,국민임대,서울,0
2025-09,,지자체,국민임대,인천,0
2025-09,,지자체,국민임대,경기,0
2025-09,,지자체,국민임대,부산,0
2025-09,,지자체,국민임대,대구,0
2025-09,,지자체,국민임대,광주,0
2025-09,,지자체,국민임대,대전,0
2025-09,,지자체,국민임대,울산,0
2025-09,,지자체,국민임대,세종,0
2025-09,,지자체,국민임대,강원,0
2025-09,,지자체,국민임대,충북,0
2025-09,,지자체,국민임대,충남,0
2025-09,,지자체,국민임대,전북,0
2025-09,,지자체,국민임대,전남,0
2025-09,,지자체,국민임대,경북,0
2025-09,,지자체,국민임대,경남,0
2025-09,,지자체,국민임대,제주,0
2025-09,,지자체,공공임대,전국,3693
2025-09,,지자체,공공임대,서울,1522
2025-09,,지자체,공공임대,인천,0
2025-09,,지자체,공공임대,경기,723
2025-09,,지자체,공공임대,부산,0
2025-09,,지자체,공공임대,대구,0
2025-09,,지자체,공공임대,광주,0
2025-09,,지자체,공공임대,대전,0
2025-09,,지자체,공공임대,울산,0
2025-09,,지자체,공공임대,세종,0
2025-09,,지자체,공공임대,강원,0
2025-09,,지자체,공공임대,충북,0
2025-09,,지자체,공공임대,충남,0
2025-09,,지자체,공공임대,전북,936
2025-09,,지자체,공공임대,전남,202
2025-09,,지자체,공공임대,경북,14
2025-09,,지자체,공공임대,경남,296
2025-09,,지자체,공공임대,제주,0
2025-09,,지자체,공공분양,전국,822
2025-09,,지자체,공공분양,서울,0
2025-09,,지자체,공공분양,인천,0
2025-09,,지자체,공공분양,경기,705
2025-09,,지자체,공공분양,부산,0
2025-09,,지자체,공공분양,대구,0
2025-09,,지자체,공공분양,광주,0
2025-09,,지자체,공공분양,대전,0
2025-09,,지자체,공공분양,울산,0
2025-09,,지자체,공공분양,세종,0
2025-09,,지자체,공공분양,강원,20
2025-09,,지자체,공공분양,충북,0
2025-09,,지자체,공공분양,충남,0
2025-09,,지자체,공공분양,전북,0
2025-09,,지자체,공공분양,전남,0
2025-09,,지자체,공공분양,경북,0
2025-09,,지자체,공공분양,경남,0
2025-09,,지자체,공공분양,제주,97
2025-09,,LH,소계,전국,13023
2025-09,,LH,소계,서울,714
2025-09,,LH,소계,인천,308
2025-09,,LH,소계,경기,11081
2025-09,,LH,소계,부산,0
2025-09,,LH,소계,대구,0
2025-09,,LH,소계,광주,0
2025-09,,LH,소계,대전,0
2025-09,,LH,소계,울산,0
2025-09,,LH,소계,세종,0
2025-09,,LH,소계,강원,598
2025-09,,LH,소계,충북,0
2025-09,,LH,소계,충남,0
2025-09,,LH,소계,전북,0
2025-09,,LH,소계,전남,0
2025-09,,LH,소계,경북,0
2025-09,,LH,소계,경남,322
2025-09,,LH,소계,제주,0
2025-09,,LH,국민임대,전국,0
2025-09,,LH,국민임대,서울,0
2025-09,,LH,국민임대,인천,0
2025-09,,LH,국민임대,경기,0
2025-09,,LH,국민임대,부산,0
2025-09,,LH,국민임대,대구,0
2025-09,,LH,국민임대,광주,0
2025-09,,LH,국민임대,대전,0
2025-09,,LH,국민임대,울산,0
2025-09,,LH,국민임대,세종,0
2025-09,,LH,국민임대,강원,0
2025-09,,LH,국민임대,충북,0
2025-09,,LH,국민임대,충남,0
2025-09,,LH,국민임대,전북,0
2025-09,,LH,국민임대,전남,0
2025-09,,LH,국민임대,경북,0
2025-09,,LH,국민임대,경남,0
2025-09,,LH,국민임대,제주,0
2025-09,,LH,공공임대,전국,3730
2025-09,,LH,공공임대,서울,187
2025-09,,LH,공공임대,인천,0
2025-09,,LH,공공임대,경기,2737
2025-09,,LH,공공임대,부산,0
2025-09,,LH,공공임대,대구,0
2025-09,,LH,공공임대,광주,0
2025-09,,LH,공공임대,대전,0
2025-09,,LH,공공임대,울산,0
2025-09,,LH,공공임대,세종,0
2025-09,,LH,공공임대,강원,598
2025-09,,LH,공공임대,충북,0
2025-09,,LH,공공임대,충남,0
2025-09,,LH,공공임대,전북,0
2025-09,,LH,공공임대,전남,0
2025-09,,LH,공공임대,경북,0
2025-09,,LH,공공임대,경남,208
2025-09,,LH,공공임대,제주,0
2025-09,,LH,공공분양,전국,9293
2025-09,,LH,공공분양,서울,527
2025-09,,LH,공공분양,인천,308
2025-09,,LH,공공분양,경기,8344
2025-09,,LH,공공분양,부산,0
2025-09,,LH,공공분양,대구,0
2025-09,,LH,공공분양,광주,0
2025-09,,LH,공공분양,대전,0
2025-09,,LH,공공분양,울산,0
2025-09,,LH,공공분양,세종,0
2025-09,,LH,공공분양,강원,0
2025-09,,LH,공공분양,충북,0
2025-09,,LH,공공분양,충남,0
2025-09,,LH,공공분양,전북,0
2025-09,,LH,공공분양,전남,0
2025-09,,LH,공공분양,경북,0
2025-09,,LH,공공분양,경남,114
2025-09,,LH,공공분양,제주,0
2025-09,,주택업체,소계,전국,5924
2025-09,,주택업체,소계,서울,3350
2025-09,,주택업체,소계,인천,159
2025-09,,주택업체,소계,경기,274
2025-09,,주택업체,소계,부산,113
2025-09,,주택업체,소계,대구,0
2025-09,,주택업체,소계,광주,762
2025-09,,주택업체,소계,대전,252
2025-09,,주택업체,소계,울산,231
2025-09,,주택업체,소계,세종,0
2025-09,,주택업체,소계,강원,0
2025-09,,주택업체,소계,충북,0
2025-09,,주택업체,소계,충남,727
2025-09,,주택업체,소계,전북,0
2025-09,,주택업체,소계,전남,0
2025-09,,주택업체,소계,경북,46
2025-09,,주택업체,소계,경남,10
2025-09,,주택업체,소계,제주,0
2025-09,,주택업체,국민임대,전국,921
2025-09,,주택업체,국민임대,서울,715
2025-09,,주택업체,국민임대,인천,0
2025-09,,주택업체,국민임대,경기,0
2025-09,,주택업체,국민임대,부산,0
2025-09,,주택업체,국민임대,대구,0
2025-09,,주택업체,국민임대,광주,0
2025-09,,주택업체,국민임대,대전,206
2025-09,,주택업체,국민임대,울산,0
2025-09,,주택업체,국민임대,세종,0
2025-09,,주택업체,국민임대,강원,0
2025-09,,주택업체,국민임대,충북,0
2025-09,,주택업체,국민임대,충남,0
2025-09,,주택업체,국민임대,전북,0
2025-09,,주택업체,국민임대,전남,0
2025-09,,주택업체,국민임대,경북,0
2025-09,,주택업체,국민임대,경남,0
2025-09,,주택업체,국민임대,제주,0
2025-09,,주택업체,공공임대,전국,4045
2025-09,,주택업체,공공임대,서울,2635
2025-09,,주택업체,공공임대,인천,159
2025-09,,주택업체,공공임대,경기,274
2025-09,,주택업체,공공임대,부산,113
2025-09,,주택업체,공공임대,대구,0
2025-09,,주택업체,공공임대,광주,762
2025-09,,주택업체,공공임대,대전,46
2025-09,,주택업체,공공임대,울산,0
2025-09,,주택업체,공공임대,세종,0
2025-09,,주택업체,공공임대,강원,0
2025-09,,주택업체,공공임대,충북,0
2025-09,,주택업체,공공임대,충남,0
2025-09,,주택업체,공공임대,전북,0
2025-09,,주택업체,공공임대,전남,0
2025-09,,주택업체,공공임대,경북,46
2025-09,,주택업체,공공임대,경남,10
2025-09,,주택업체,공공임대,제주,0
2025-09,,주택업체,공공분양,전국,958
2025-09,,주택업체,공공분양,서울,0
2025-09,,주택업체,공공분양,인천,0
2025-09,,주택업체,공공분양,경기,0
2025-09,,주택업체,공공분양,부산,0
2025-09,,주택업체,공공분양,대구,0
2025-09,,주택업체,공공분양,광주,0
2025-09,,주택업체,공공분양,대전,0
2025-09,,주택업체,공공분양,울산,231
2025-09,,주택업체,공공분양,세종,0
2025-09,,주택업체,공공분양,강원,0
2025-09,,주택업체,공공분양,충북,0
2025-09,,주택업체,공공분양,충남,727
2025-09,,주택업체,공공분양,전북,0
2025-09,,주택업체,공공분양,전남,0
2025-09,,주택업체,공공분양,경북,0
2025-09,,주택업체,공공분양,경남,0
2025-09,,주택업체,공공분양,제주,0
2025-09,,민간부문,민간부문,전국,195860
2025-09,,민간부문,민간부문,서울,27697
2025-09,,민간부문,민간부문,인천,16233
2025-09,,민간부문,민간부문,경기,49180
2025-09,,민간부문,민간부문,부산,23717
2025-09,,민간부문,민간부문,대구,3937
2025-09,,민간부문,민간부문,광주,6979
2025-09,,민간부문,민간부문,대전,7381
2025-09,,민간부문,민간부문,울산,2788
2025-09,,민간부문,민간부문,세종,189
2025-09,,민간부문,민간부문,강원,3828
2025-09,,민간부문,민간부문,충북,4992
2025-09,,민간부문,민간부문,충남,18699
2025-09,,민간부문,민간부문,전북,7696
2025-09,,민간부문,민간부문,전남,6890
2025-09,,민간부문,민간부문,경북,8045
2025-09,,민간부문,민간부문,경남,6116
2025-09,,민간부문,민간부문,제주,1493
2025-09,,민간,민간임대,전국,11007
2025-09,,민간,민간임대,서울,532
2025-09,,민간,민간임대,인천,322
2025-09,,민간,민간임대,경기,807
2025-09,,민간,민간임대,부산,1049
2025-09,,민간,민간임대,대구,0
2025-09,,민간,민간임대,광주,432
2025-09,,민간,민간임대,대전,229
2025-09,,민간,민간임대,울산,496
2025-09,,민간,민간임대,세종,0
2025-09,,민간,민간임대,강원,699
2025-09,,민간,민간임대,충북,1349
2025-09,,민간,민간임대,충남,1518
2025-09,,민간,민간임대,전북,1397
2025-09,,민간,민간임대,전남,585
2025-09,,민간,민간임대,경북,1314
2025-09,,민간,민간임대,경남,210
2025-09,,민간,민간임대,제주,68
2025-09,,민간,민간분양,전국,184853
2025-09,,민간,민간분양,서울,27165
2025-09,,민간,민간분양,인천,15911
2025-09,,민간,민간분양,경기,48373
2025-09,,민간,민간분양,부산,22668
2025-09,,민간,민간분양,대구,3937
2025-09,,민간,민간분양,광주,6547
2025-09,,민간,민간분양,대전,7152
2025-09,,민간,민간분양,울산,2292
2025-09,,민간,민간분양,세종,189
2025-09,,민간,민간분양,강원,3129
2025-09,,민간,민간분양,충북,3643
2025-09,,민간,민간분양,충남,17181
2025-09,,민간,민간분양,전북,6299
2025-09,,민간,민간분양,전남,6305
2025-09,,민간,민간분양,경북,6731
2025-09,,민간,민간분양,경남,5906
2025-09,,민간,민간분양,제주,1425
2025-10,,총계,총계,전국,246659
2025-10,,총계,총계,서울,35258
2025-10,,총계,총계,인천,18335
2025-10,,총계,총계,경기,71643
2025-10,,총계,총계,부산,25016
2025-10,,총계,총계,대구,4772
2025-10,,총계,총계,광주,7751
2025-10,,총계,총계,대전,12352
2025-10,,총계,총계,울산,3065
2025-10,,총계,총계,세종,214
2025-10,,총계,총계,강원,4597
2025-10,,총계,총계,충북,5094
2025-10,,총계,총계,충남,24282
2025-10,,총계,총계,전북,9112
2025-10,,총계,총계,전남,7609
2025-10,,총계,총계,경북,8601
2025-10,,총계,총계,경남,6882
2025-10,,총계,총계,제주,2076
2025-10,,공공부문,공공부문,전국,30095
2025-10,,공공부문,공공부문,서울,5843
2025-10,,공공부문,공공부문,인천,467
2025-10,,공공부문,공공부문,경기,18897
2025-10,,공공부문,공공부문,부산,113
2025-10,,공공부문,공공부문,대구,0
2025-10,,공공부문,공공부문,광주,762
2025-10,,공공부문,공공부문,대전,252
2025-10,,공공부문,공공부문,울산,231
2025-10,,공공부문,공공부문,세종,0
2025-10,,공공부문,공공부문,강원,618
2025-10,,공공부문,공공부문,충북,0
2025-10,,공공부문,공공부문,충남,727
2025-10,,공공부문,공공부문,전북,951
2025-10,,공공부문,공공부문,전남,262
2025-10,,공공부문,공공부문,경북,60
2025-10,,공공부문,공공부문,경남,628
2025-10,,공공부문,공공부문,제주,284
2025-10,,합,국민임대,전국,921
2025-10,,합,국민임대,서울,715
2025-10,,합,국민임대,인천,0
2025-10,,합,국민임대,경기,0
2025-10,,합,국민임대,부산,0
2025-10,,합,국민임대,대구,0
2025-10,,합,국민임대,광주,0
2025-10,,합,국민임대,대전,206
2025-10,,합,국민임대,울산,0
2025-10,,합,국민임대,세종,0
2025-10,,합,국민임대,강원,0
2025-10,,합,국민임대,충북,0
2025-10,,합,국민임대,충남,0
2025-10,,합,국민임대,전북,0
2025-10,,합,국민임대,전남,0
2025-10,,합,국민임대,경북,0
2025-10,,합,국민임대,경남,0
2025-10,,합,국민임대,제주,0
2025-10,,합,공공임대,전국,18050
2025-10,,합,공공임대,서울,4590
2025-10,,합,공공임대,인천,159
2025-10,,합,공공임대,경기,9808
2025-10,,합,공공임대,부산,113
2025-10,,합,공공임대,대구,0
2025-10,,합,공공임대,광주,762
2025-10,,합,공공임대,대전,46
2025-10,,합,공공임대,울산,0
2025-10,,합,공공임대,세종,0
2025-10,,합,공공임대,강원,598
2025-10,,합,공공임대,충북,0
2025-10,,합,공공임대,충남,0
2025-10,,합,공공임대,전북,951
2025-10,,합,공공임대,전남,262
2025-10,,합,공공임대,경북,60
2025-10,,합,공공임대,경남,514
2025-10,,합,공공임대,제주,187
2025-10,,합,공공분양,전국,11124
2025-10,,합,공공분양,서울,538
2025-10,,합,공공분양,인천,308
2025-10,,합,공공분양,경기,9089
2025-10,,합,공공분양,부산,0
2025-10,,합,공공분양,대구,0
2025-10,,합,공공분양,광주,0
2025-10,,합,공공분양,대전,0
2025-10,,합,공공분양,울산,231
2025-10,,합,공공분양,세종,0
2025-10,,합,공공분양,강원,20
2025-10,,합,공공분양,충북,0
2025-10,,합,공공분양,충남,727
2025-10,,합,공공분양,전북,0
2025-10,,합,공공분양,전남,0
2025-10,,합,공공분양,경북,0
2025-10,,합,공공분양,경남,114
2025-10,,합,공공분양,제주,97
2025-10,,지자체,소계,전국,4858
2025-10,,지자체,소계,서울,1533
2025-10,,지자체,소계,인천,0
2025-10,,지자체,소계,경기,1498
2025-10,,지자체,소계,부산,0
2025-10,,지자체,소계,대구,0
2025-10,,지자체,소계,광주,0
2025-10,,지자체,소계,대전,0
2025-10,,지자체,소계,울산,0
2025-10,,지자체,소계,세종,0
2025-10,,지자체,소계,강원,20
2025-10,,지자체,소계,충북,0
2025-10,,지자체,소계,충남,0
2025-10,,지자체,소계,전북,951
2025-10,,지자체,소계,전남,262
2025-10,,지자체,소계,경북,14
2025-10,,지자체,소계,경남,296
2025-10,,지자체,소계,제주,284
2025-10,,지자체,국민임대,전국,0
2025-10,,지자체,국민임대,서울,0
2025-10,,지자체,국민임대,인천,0
2025-10,,지자체,국민임대,경기,0
2025-10,,지자체,국민임대,부산,0
2025-10,,지자체,국민임대,대구,0
2025-10,,지자체,국민임대,광주,0
2025-10,,지자체,국민임대,대전,0
2025-10,,지자체,국민임대,울산,0
2025-10,,지자체,국민임대,세종,0
2025-10,,지자체,국민임대,강원,0
2025-10,,지자체,국민임대,충북,0
2025-10,,지자체,국민임대,충남,0
2025-10,,지자체,국민임대,전북,0
2025-10,,지자체,국민임대,전남,0
2025-10,,지자체,국민임대,경북,0
2025-10,,지자체,국민임대,경남,0
2025-10,,지자체,국민임대,제주,0
2025-10,,지자체,공공임대,전국,3985
2025-10,,지자체,공공임대,서울,1522
2025-10,,지자체,공공임대,인천,0
2025-10,,지자체,공공임대,경기,753
2025-10,,지자체,공공임대,부산,0
2025-10,,지자체,공공임대,대구,0
2025-10,,지자체,공공임대,광주,0
2025-10,,지자체,공공임대,대전,0
2025-10,,지자체,공공임대,울산,0
2025-10,,지자체,공공임대,세종,0
2025-10,,지자체,공공임대,강원,0
2025-10,,지자체,공공임대,충북,0
2025-10,,지자체,공공임대,충남,0
2025-10,,지자체,공공임대,전북,951
2025-10,,지자체,공공임대,전남,262
2025-10,,지자체,공공임대,경북,14
2025-10,,지자체,공공임대,경남,296
2025-10,,지자체,공공임대,제주,187
2025-10,,지자체,공공분양,전국,873
2025-10,,지자체,공공분양,서울,11
2025-10,,지자체,공공분양,인천,0
2025-10,,지자체,공공분양,경기,745
2025-10,,지자체,공공분양,부산,0
2025-10,,지자체,공공분양,대구,0
2025-10,,지자체,공공분양,광주,0
2025-10,,지자체,공공분양,대전,0
2025-10,,지자체,공공분양,울산,0
2025-10,,지자체,공공분양,세종,0
2025-10,,지자체,공공분양,강원,20
2025-10,,지자체,공공분양,충북,0
2025-10,,지자체,공공분양,충남,0
2025-10,,지자체,공공분양,전북,0
2025-10,,지자체,공공분양,전남,0
2025-10,,지자체,공공분양,경북,0
2025-10,,지자체,공공분양,경남,0
2025-10,,지자체,공공분양,제주,97
2025-10,,LH,소계,전국,19067
2025-10,,LH,소계,서울,714
2025-10,,LH,소계,인천,308
2025-10,,LH,소계,경기,17125
2025-10,,LH,소계,부산,0
2025-10,,LH,소계,대구,0
2025-10,,LH,소계,광주,0
2025-10,,LH,소계,대전,0
2025-10,,LH,소계,울산,0
2025-10,,LH,소계,세종,0
2025-10,,LH,소계,강원,598
2025-10,,LH,소계,충북,0
2025-10,,LH,소계,충남,0
2025-10,,LH,소계,전북,0
2025-10,,LH,소계,전남,0
2025-10,,LH,소계,경북,0
2025-10,,LH,소계,경남,322
2025-10,,LH,소계,제주,0
2025-10,,LH,국민임대,전국,0
2025-10,,LH,국민임대,서울,0
2025-10,,LH,국민임대,인천,0
2025-10,,LH,국민임대,경기,0
2025-10,,LH,국민임대,부산,0
2025-10,,LH,국민임대,대구,0
2025-10,,LH,국민임대,광주,0
2025-10,,LH,국민임대,대전,0
2025-10,,LH,국민임대,울산,0
2025-10,,LH,국민임대,세종,0
2025-10,,LH,국민임대,강원,0
2025-10,,LH,국민임대,충북,0
2025-10,,LH,국민임대,충남,0
2025-10,,LH,국민임대,전북,0
2025-10,,LH,국민임대,전남,0
2025-10,,LH,국민임대,경북,0
2025-10,,LH,국민임대,경남,0
2025-10,,LH,국민임대,제주,0
2025-10,,LH,공공임대,전국,9774
2025-10,,LH,공공임대,서울,187
2025-10,,LH,공공임대,인천,0
2025-10,,LH,공공임대,경기,8781
2025-10,,LH,공공임대,부산,0
2025-10,,LH,공공임대,대구,0
2025-10,,LH,공공임대,광주,0
2025-10,,LH,공공임대,대전,0
2025-10,,LH,공공임대,울산,0
2025-10,,LH,공공임대,세종,0
2025-10,,LH,공공임대,강원,598
2025-10,,LH,공공임대,충북,0
2025-10,,LH,공공임대,충남,0
2025-10,,LH,공공임대,전북,0
2025-10,,LH,공공임대,전남,0
2025-10,,LH,공공임대,경북,0
2025-10,,LH,공공임대,경남,208
2025-10,,LH,공공임대,제주,0
2025-10,,LH,공공분양,전국,9293
2025-10,,LH,공공분양,서울,527
2025-10,,LH,공공분양,인천,308
2025-10,,LH,공공분양,경기,8344
2025-10,,LH,공공분양,부산,0
2025-10,,LH,공공분양,대구,0
2025-10,,LH,공공분양,광주,0
2025-10,,LH,공공분양,대전,0
2025-10,,LH,공공분양,울산,0
2025-10,,LH,공공분양,세종,0
2025-10,,LH,공공분양,강원,0
2025-10,,LH,공공분양,충북,0
2025-10,,LH,공공분양,충남,0
2025-10,,LH,공공분양,전북,0
2025-10,,LH,공공분양,전남,0
2025-10,,LH,공공분양,경북,0
2025-10,,LH,공공분양,경남,114
2025-10,,LH,공공분양,제주,0
2025-10,,주택업체,소계,전국,6170
2025-10,,주택업체,소계,서울,3596
2025-10,,주택업체,소계,인천,159
2025-10,,주택업체,소계,경기,274
2025-10,,주택업체,소계,부산,113
2025-10,,주택업체,소계,대구,0
2025-10,,주택업체,소계,광주,762
2025-10,,주택업체,소계,대전,252
2025-10,,주택업체,소계,울산,231
2025-10,,주택업체,소계,세종,0
2025-10,,주택업체,소계,강원,0
2025-10,,주택업체,소계,충북,0
2025-10,,주택업체,소계,충남,727
2025-10,,주택업체,소계,전북,0
2025-10,,주택업체,소계,전남,0
2025-10,,주택업체,소계,경북,46
2025-10,,주택업체,소계,경남,10
2025-10,,주택업체,소계,제주,0
2025-10,,주택업체,국민임대,전국,921
2025-10,,주택업체,국민임대,서울,715
2025-10,,주택업체,국민임대,인천,0
2025-10,,주택업체,국민임대,경기,0
2025-10,,주택업체,국민임대,부산,0
2025-10,,주택업체,국민임대,대구,0
2025-10,,주택업체,국민임대,광주,0
2025-10,,주택업체,국민임대,대전,206
2025-10,,주택업체,국민임대,울산,0
2025-10,,주택업체,국민임대,세종,0
2025-10,,주택업체,국민임대,강원,0
2025-10,,주택업체,국민임대,충북,0
2025-10,,주택업체,국민임대,충남,0
2025-10,,주택업체,국민임대,전북,0
2025-10,,주택업체,국민임대,전남,0
2025-10,,주택업체,국민임대,경북,0
2025-10,,주택업체,국민임대,경남,0
2025-10,,주택업체,국민임대,제주,0
2025-10,,주택업체,공공임대,전국,4291
2025-10,,주택업체,공공임대,서울,2881
2025-10,,주택업체,공공임대,인천,159
2025-10,,주택업체,공공임대,경기,274
2025-10,,주택업체,공공임대,부산,113
2025-10,,주택업체,공공임대,대구,0
2025-10,,주택업체,공공임대,광주,762
2025-10,,주택업체,공공임대,대전,46
2025-10,,주택업체,공공임대,울산,0
2025-10,,주택업체,공공임대,세종,0
2025-10,,주택업체,공공임대,강원,0
2025-10,,주택업체,공공임대,충북,0
2025-10,,주택업체,공공임대,충남,0
2025-10,,주택업체,공공임대,전북,0
2025-10,,주택업체,공공임대,전남,0
2025-10,,주택업체,공공임대,경북,46
2025-10,,주택업체,공공임대,경남,10
2025-10,,주택업체,공공임대,제주,0
2025-10,,주택업체,공공분양,전국,958
2025-10,,주택업체,공공분양,서울,0
2025-10,,주택업체,공공분양,인천,0
2025-10,,주택업체,공공분양,경기,0
2025-10,,주택업체,공공분양,부산,0
2025-10,,주택업체,공공분양,대구,0
2025-10,,주택업체,공공분양,광주,0
2025-10,,주택업체,공공분양,대전,0
2025-10,,주택업체,공공분양,울산,231
2025-10,,주택업체,공공분양,세종,0
2025-10,,주택업체,공공분양,강원,0
2025-10,,주택업체,공공분양,충북,0
2025-10,,주택업체,공공분양,충남,727
2025-10,,주택업체,공공분양,전북,0
2025-10,,주택업체,공공분양,전남,0
2025-10,,주택업체,공공분양,경북,0
2025-10,,주택업체,공공분양,경남,0
2025-10,,주택업체,공공분양,제주,0
2025-10,,민간부문,민간부문,전국,216564
2025-10,,민간부문,민간부문,서울,29415
2025-10,,민간부문,민간부문,인천,17868
2025-10,,민간부문,민간부문,경기,52746
2025-10,,민간부문,민간부문,부산,24903
2025-10,,민간부문,민간부문,대구,4772
2025-10,,민간부문,민간부문,광주,6989
2025-10,,민간부문,민간부문,대전,12100
2025-10,,민간부문,민간부문,울산,2834
2025-10,,민간부문,민간부문,세종,214
2025-10,,민간부문,민간부문,강원,3979
2025-10,,민간부문,민간부문,충북,5094
2025-10,,민간부문,민간부문,충남,23555
2025-10,,민간부문,민간부문,전북,8161
2025-10,,민간부문,민간부문,전남,7347
2025-10,,민간부문,민간부문,경북,8541
2025-10,,민간부문,민간부문,경남,6254
2025-10,,민간부문,민간부문,제주,1792
2025-10,,민간,민간임대,전국,12040
2025-10,,민간,민간임대,서울,532
2025-10,,민간,민간임대,인천,322
2025-10,,민간,민간임대,경기,807
2025-10,,민간,민간임대,부산,1049
2025-10,,민간,민간임대,대구,0
2025-10,,민간,민간임대,광주,432
2025-10,,민간,민간임대,대전,859
2025-10,,민간,민간임대,울산,496
2025-10,,민간,민간임대,세종,0
2025-10,,민간,민간임대,강원,699
2025-10,,민간,민간임대,충북,1349
2025-10,,민간,민간임대,충남,1672
2025-10,,민간,민간임대,전북,1397
2025-10,,민간,민간임대,전남,834
2025-10,,민간,민간임대,경북,1314
2025-10,,민간,민간임대,경남,210
2025-10,,민간,민간임대,제주,68
2025-10,,민간,민간분양,전국,204524
2025-10,,민간,민간분양,서울,28883
2025-10,,민간,민간분양,인천,17546
2025-10,,민간,민간분양,경기,51939
2025-10,,민간,민간분양,부산,23854
2025-10,,민간,민간분양,대구,4772
2025-10,,민간,민간분양,광주,6557
2025-10,,민간,민간분양,대전,11241
2025-10,,민간,민간분양,울산,2338
2025-10,,민간,민간분양,세종,214
2025-10,,민간,민간분양,강원,3280
2025-10,,민간,민간분양,충북,3745
2025-10,,민간,민간분양,충남,21883
2025-10,,민간,민간분양,전북,6764
2025-10,,민간,민간분양,전남,6513
2025-10,,민간,민간분양,경북,7227
2025-10,,민간,민간분양,경남,6044
2025-10,,민간,민간분양,제주,1724
2025-11,,총계,총계,전국,279884
2025-11,,총계,총계,서울,38776
2025-11,,총계,총계,인천,19049
2025-11,,총계,총계,경기,85357
2025-11,,총계,총계,부산,30437
2025-11,,총계,총계,대구,5017
2025-11,,총계,총계,광주,7757
2025-11,,총계,총계,대전,14261
2025-11,,총계,총계,울산,3080
2025-11,,총계,총계,세종,222
2025-11,,총계,총계,강원,5110
2025-11,,총계,총계,충북,5276
2025-11,,총계,총계,충남,28017
2025-11,,총계,총계,전북,9573
2025-11,,총계,총계,전남,9332
2025-11,,총계,총계,경북,9395
2025-11,,총계,총계,경남,7035
2025-11,,총계,총계,제주,2190
2025-11,,공공부문,공공부문,전국,34506
2025-11,,공공부문,공공부문,서울,5843
2025-11,,공공부문,공공부문,인천,467
2025-11,,공공부문,공공부문,경기,21905
2025-11,,공공부문,공공부문,부산,1199
2025-11,,공공부문,공공부문,대구,0
2025-11,,공공부문,공공부문,광주,762
2025-11,,공공부문,공공부문,대전,252
2025-11,,공공부문,공공부문,울산,231
2025-11,,공공부문,공공부문,세종,0
2025-11,,공공부문,공공부문,강원,698
2025-11,,공공부문,공공부문,충북,86
2025-11,,공공부문,공공부문,충남,727
2025-11,,공공부문,공공부문,전북,951
2025-11,,공공부문,공공부문,전남,360
2025-11,,공공부문,공공부문,경북,60
2025-11,,공공부문,공공부문,경남,628
2025-11,,공공부문,공공부문,제주,337
2025-11,,합,국민임대,전국,921
2025-11,,합,국민임대,서울,715
2025-11,,합,국민임대,인천,0
2025-11,,합,국민임대,경기,0
2025-11,,합,국민임대,부산,0
2025-11,,합,국민임대,대구,0
2025-11,,합,국민임대,광주,0
2025-11,,합,국민임대,대전,206
2025-11,,합,국민임대,울산,0
2025-11,,합,국민임대,세종,0
2025-11,,합,국민임대,강원,0
2025-11,,합,국민임대,충북,0
2025-11,,합,국민임대,충남,0
2025-11,,합,국민임대,전북,0
2025-11,,합,국민임대,전남,0
2025-11,,합,국민임대,경북,0
2025-11,,합,국민임대,경남,0
2025-11,,합,국민임대,제주,0
2025-11,,합,공공임대,전국,18798
2025-11,,합,공공임대,서울,4590
2025-11,,합,공공임대,인천,159
2025-11,,합,공공임대,경기,10292
2025-11,,합,공공임대,부산,113
2025-11,,합,공공임대,대구,0
2025-11,,합,공공임대,광주,762
2025-11,,합,공공임대,대전,46
2025-11,,합,공공임대,울산,0
2025-11,,합,공공임대,세종,0
2025-11,,합,공공임대,강원,678
2025-11,,합,공공임대,충북,86
2025-11,,합,공공임대,충남,0
2025-11,,합,공공임대,전북,951
2025-11,,합,공공임대,전남,360
2025-11,,합,공공임대,경북,60
2025-11,,합,공공임대,경남,514
2025-11,,합,공공임대,제주,187
2025-11,,합,공공분양,전국,14787
2025-11,,합,공공분양,서울,538
2025-11,,합,공공분양,인천,308
2025-11,,합,공공분양,경기,11613
2025-11,,합,공공분양,부산,1086
2025-11,,합,공공분양,대구,0
2025-11,,합,공공분양,광주,0
2025-11,,합,공공분양,대전,0
2025-11,,합,공공분양,울산,231
2025-11,,합,공공분양,세종,0
2025-11,,합,공공분양,강원,20
2025-11,,합,공공분양,충북,0
2025-11,,합,공공분양,충남,727
2025-11,,합,공공분양,전북,0
2025-11,,합,공공분양,전남,0
2025-11,,합,공공분양,경북,0
2025-11,,합,공공분양,경남,114
2025-11,,합,공공분양,제주,150
2025-11,,지자체,소계,전국,9269
2025-11,,지자체,소계,서울,1533
2025-11,,지자체,소계,인천,0
2025-11,,지자체,소계,경기,4506
2025-11,,지자체,소계,부산,1086
2025-11,,지자체,소계,대구,0
2025-11,,지자체,소계,광주,0
2025-11,,지자체,소계,대전,0
2025-11,,지자체,소계,울산,0
2025-11,,지자체,소계,세종,0
2025-11,,지자체,소계,강원,100
2025-11,,지자체,소계,충북,86
2025-11,,지자체,소계,충남,0
2025-11,,지자체,소계,전북,951
2025-11,,지자체,소계,전남,360
2025-11,,지자체,소계,경북,14
2025-11,,지자체,소계,경남,296
2025-11,,지자체,소계,제주,337
2025-11,,지자체,국민임대,전국,0
2025-11,,지자체,국민임대,서울,0
2025-11,,지자체,국민임대,인천,0
2025-11,,지자체,국민임대,경기,0
2025-11,,지자체,국민임대,부산,0
2025-11,,지자체,국민임대,대구,0
2025-11,,지자체,국민임대,광주,0
2025-11,,지자체,국민임대,대전,0
2025-11,,지자체,국민임대,울산,0
2025-11,,지자체,국민임대,세종,0
2025-11,,지자체,국민임대,강원,0
2025-11,,지자체,국민임대,충북,0
2025-11,,지자체,국민임대,충남,0
2025-11,,지자체,국민임대,전북,0
2025-11,,지자체,국민임대,전남,0
2025-11,,지자체,국민임대,경북,0
2025-11,,지자체,국민임대,경남,0
2025-11,,지자체,국민임대,제주,0
2025-11,,지자체,공공임대,전국,4733
2025-11,,지자체,공공임대,서울,1522
2025-11,,지자체,공공임대,인천,0
2025-11,,지자체,공공임대,경기,1237
2025-11,,지자체,공공임대,부산,0
2025-11,,지자체,공공임대,대구,0
2025-11,,지자체,공공임대,광주,0
2025-11,,지자체,공공임대,대전,0
2025-11,,지자체,공공임대,울산,0
2025-11,,지자체,공공임대,세종,0
2025-11,,지자체,공공임대,강원,80
2025-11,,지자체,공공임대,충북,86
2025-11,,지자체,공공임대,충남,0
2025-11,,지자체,공공임대,전북,951
2025-11,,지자체,공공임대,전남,360
2025-11,,지자체,공공임대,경북,14
2025-11,,지자체,공공임대,경남,296
2025-11,,지자체,공공임대,제주,187
2025-11,,지자체,공공분양,전국,4536
2025-11,,지자체,공공분양,서울,11
2025-11,,지자체,공공분양,인천,0
2025-11,,지자체,공공분양,경기,3269
2025-11,,지자체,공공분양,부산,1086
2025-11,,지자체,공공분양,대구,0
2025-11,,지자체,공공분양,광주,0
2025-11,,지자체,공공분양,대전,0
2025-11,,지자체,공공분양,울산,0
2025-11,,지자체,공공분양,세종,0
2025-11,,지자체,공공분양,강원,20
2025-11,,지자체,공공분양,충북,0
2025-11,,지자체,공공분양,충남,0
2025-11,,지자체,공공분양,전북,0
2025-11,,지자체,공공분양,전남,0
2025-11,,지자체,공공분양,경북,0
2025-11,,지자체,공공분양,경남,0
2025-11,,지자체,공공분양,제주,150
2025-11,,LH,소계,전국,19067
2025-11,,LH,소계,서울,714
2025-11,,LH,소계,인천,308
2025-11,,LH,소계,경기,17125
2025-11,,LH,소계,부산,0
2025-11,,LH,소계,대구,0
2025-11,,LH,소계,광주,0
2025-11,,LH,소계,대전,0
2025-11,,LH,소계,울산,0
2025-11,,LH,소계,세종,0
2025-11,,LH,소계,강원,598
2025-11,,LH,소계,충북,0
2025-11,,LH,소계,충남,0
2025-11,,LH,소계,전북,0
2025-11,,LH,소계,전남,0
2025-11,,LH,소계,경북,0
2025-11,,LH,소계,경남,322
2025-11,,LH,소계,제주,0
2025-11,,LH,국민임대,전국,0
2025-11,,LH,국민임대,서울,0
2025-11,,LH,국민임대,인천,0
2025-11,,LH,국민임대,경기,0
2025-11,,LH,국민임대,부산,0
2025-11,,LH,국민임대,대구,0
2025-11,,LH,국민임대,광주,0
2025-11,,LH,국민임대,대전,0
2025-11,,LH,국민임대,울산,0
2025-11,,LH,국민임대,세종,0
2025-11,,LH,국민임대,강원,0
2025-11,,LH,국민임대,충북,0
2025-11,,LH,국민임대,충남,0
2025-11,,LH,국민임대,전북,0
2025-11,,LH,국민임대,전남,0
2025-11,,LH,국민임대,경북,0
2025-11,,LH,국민임대,경남,0
2025-11,,LH,국민임대,제주,0
2025-11,,LH,공공임대,전국,9774
2025-11,,LH,공공임대,서울,187
2025-11,,LH,공공임대,인천,0
2025-11,,LH,공공임대,경기,8781
2025-11,,LH,공공임대,부산,0
2025-11,,LH,공공임대,대구,0
2025-11,,LH,공공임대,광주,0
2025-11,,LH,공공임대,대전,0
2025-11,,LH,공공임대,울산,0
2025-11,,LH,공공임대,세종,0
2025-11,,LH,공공임대,강원,598
2025-11,,LH,공공임대,충북,0
2025-11,,LH,공공임대,충남,0
2025-11,,LH,공공임대,전북,0
2025-11,,LH,공공임대,전남,0
2025-11,,LH,공공임대,경북,0
2025-11,,LH,공공임대,경남,208
2025-11,,LH,공공임대,제주,0
2025-11,,LH,공공분양,전국,9293
2025-11,,LH,공공분양,서울,527
2025-11,,LH,공공분양,인천,308
2025-11,,LH,공공분양,경기,8344
2025-11,,LH,공공분양,부산,0
2025-11,,LH,공공분양,대구,0
2025-11,,LH,공공분양,광주,0
2025-11,,LH,공공분양,대전,0
2025-11,,LH,공공분양,울산,0
2025-11,,LH,공공분양,세종,0
2025-11,,LH,공공분양,강원,0
2025-11,,LH,공공분양,충북,0
2025-11,,LH,공공분양,충남,0
2025-11,,LH,공공분양,전북,0
2025-11,,LH,공공분양,전남,0
2025-11,,LH,공공분양,경북,0
2025-11,,LH,공공분양,경남,114
2025-11,,LH,공공분양,제주,0
2025-11,,주택업체,소계,전국,6170
2025-11,,주택업체,소계,서울,3596
2025-11,,주택업체,소계,인천,159
2025-11,,주택업체,소계,경기,274
2025-11,,주택업체,소계,부산,113
2025-11,,주택업체,소계,대구,0
2025-11,,주택업체,소계,광주,762
2025-11,,주택업체,소계,대전,252
2025-11,,주택업체,소계,울산,231
2025-11,,주택업체,소계,세종,0
2025-11,,주택업체,소계,강원,0
2025-11,,주택업체,소계,충북,0
2025-11,,주택업체,소계,충남,727
2025-11,,주택업체,소계,전북,0
2025-11,,주택업체,소계,전남,0
2025-11,,주택업체,소계,경북,46
2025-11,,주택업체,소계,경남,10
2025-11,,주택업체,소계,제주,0
2025-11,,주택업체,국민임대,전국,921
2025-11,,주택업체,국민임대,서울,715
2025-11,,주택업체,국민임대,인천,0
2025-11,,주택업체,국민임대,경기,0
2025-11,,주택업체,국민임대,부산,0
2025-11,,주택업체,국민임대,대구,0
2025-11,,주택업체,국민임대,광주,0
2025-11,,주택업체,국민임대,대전,206
2025-11,,주택업체,국민임대,울산,0
2025-11,,주택업체,국민임대,세종,0
2025-11,,주택업체,국민임대,강원,0
2025-11,,주택업체,국민임대,충북,0
2025-11,,주택업체,국민임대,충남,0
2025-11,,주택업체,국민임대,전북,0
2025-11,,주택업체,국민임대,전남,0
2025-11,,주택업체,국민임대,경북,0
2025-11,,주택업체,국민임대,경남,0
2025-11,,주택업체,국민임대,제주,0
2025-11,,주택업체,공공임대,전국,4291
2025-11,,주택업체,공공임대,서울,2881
2025-11,,주택업체,공공임대,인천,159
2025-11,,주택업체,공공임대,경기,274
2025-11,,주택업체,공공임대,부산,113
2025-11,,주택업체,공공임대,대구,0
2025-11,,주택업체,공공임대,광주,762
2025-11,,주택업체,공공임대,대전,46
2025-11,,주택업체,공공임대,울산,0
2025-11,,주택업체,공공임대,세종,0
2025-11,,주택업체,공공임대,강원,0
2025-11,,주택업체,공공임대,충북,0
2025-11,,주택업체,공공임대,충남,0
2025-11,,주택업체,공공임대,전북,0
2025-11,,주택업체,공공임대,전남,0
2025-11,,주택업체,공공임대,경북,46
2025-11,,주택업체,공공임대,경남,10
2025-11,,주택업체,공공임대,제주,0
2025-11,,주택업체,공공분양,전국,958
2025-11,,주택업체,공공분양,서울,0
2025-11,,주택업체,공공분양,인천,0
2025-11,,주택업체,공공분양,경기,0
2025-11,,주택업체,공공분양,부산,0
2025-11,,주택업체,공공분양,대구,0
2025-11,,주택업체,공공분양,광주,0
2025-11,,주택업체,공공분양,대전,0
2025-11,,주택업체,공공분양,울산,231
2025-11,,주택업체,공공분양,세종,0
2025-11,,주택업체,공공분양,강원,0
2025-11,,주택업체,공공분양,충북,0
2025-11,,주택업체,공공분양,충남,727
2025-11,,주택업체,공공분양,전북,0
2025-11,,주택업체,공공분양,전남,0
2025-11,,주택업체,공공분양,경북,0
2025-11,,주택업체,공공분양,경남,0
2025-11,,주택업체,공공분양,제주,0
2025-11,,민간부문,민간부문,전국,245378
2025-11,,민간부문,민간부문,서울,32933
2025-11,,민간부문,민간부문,인천,18582
2025-11,,민간부문,민간부문,경기,63452
2025-11,,민간부문,민간부문,부산,29238
2025-11,,민간부문,민간부문,대구,5017
2025-11,,민간부문,민간부문,광주,6995
2025-11,,민간부문,민간부문,대전,14009
2025-11,,민간부문,민간부문,울산,2849
2025-11,,민간부문,민간부문,세종,222
2025-11,,민간부문,민간부문,강원,4412
2025-11,,민간부문,민간부문,충북,5190
2025-11,,민간부문,민간부문,충남,27290
2025-11,,민간부문,민간부문,전북,8622
2025-11,,민간부문,민간부문,전남,8972
2025-11,,민간부문,민간부문,경북,9335
2025-11,,민간부문,민간부문,경남,6407
2025-11,,민간부문,민간부문,제주,1853
2025-11,,민간,민간임대,전국,15268
2025-11,,민간,민간임대,서울,532
2025-11,,민간,민간임대,인천,322
2025-11,,민간,민간임대,경기,807
2025-11,,민간,민간임대,부산,1049
2025-11,,민간,민간임대,대구,0
2025-11,,민간,민간임대,광주,432
2025-11,,민간,민간임대,대전,1810
2025-11,,민간,민간임대,울산,496
2025-11,,민간,민간임대,세종,0
2025-11,,민간,민간임대,강원,699
2025-11,,민간,민간임대,충북,1349
2025-11,,민간,민간임대,충남,3833
2025-11,,민간,민간임대,전북,1397
2025-11,,민간,민간임대,전남,950
2025-11,,민간,민간임대,경북,1314
2025-11,,민간,민간임대,경남,210
2025-11,,민간,민간임대,제주,68
2025-11,,민간,민간분양,전국,230110
2025-11,,민간,민간분양,서울,32401
2025-11,,민간,민간분양,인천,18260
2025-11,,민간,민간분양,경기,62645
2025-11,,민간,민간분양,부산,28189
2025-11,,민간,민간분양,대구,5017
2025-11,,민간,민간분양,광주,6563
2025-11,,민간,민간분양,대전,12199
2025-11,,민간,민간분양,울산,2353
2025-11,,민간,민간분양,세종,222
2025-11,,민간,민간분양,강원,3713
2025-11,,민간,민간분양,충북,3841
2025-11,,민간,민간분양,충남,23457
2025-11,,민간,민간분양,전북,7225
2025-11,,민간,민간분양,전남,8022
2025-11,,민간,민간분양,경북,8021
2025-11,,민간,민간분양,경남,6197
2025-11,,민간,민간분양,제주,1785
2025-12,,총계,총계,전국,388362
2025-12,,총계,총계,서울,41938
2025-12,,총계,총계,인천,26937
2025-12,,총계,총계,경기,159966
2025-12,,총계,총계,부산,30738
2025-12,,총계,총계,대구,5034
2025-12,,총계,총계,광주,7761
2025-12,,총계,총계,대전,17526
2025-12,,총계,총계,울산,9771
2025-12,,총계,총계,세종,277
2025-12,,총계,총계,강원,6882
2025-12,,총계,총계,충북,5535
2025-12,,총계,총계,충남,33003
2025-12,,총계,총계,전북,9914
2025-12,,총계,총계,전남,11462
2025-12,,총계,총계,경북,11253
2025-12,,총계,총계,경남,7994
2025-12,,총계,총계,제주,2371
2025-12,,공공부문,공공부문,전국,112972
2025-12,,공공부문,공공부문,서울,7875
2025-12,,공공부문,공공부문,인천,2458
2025-12,,공공부문,공공부문,경기,82846
2025-12,,공공부문,공공부문,부산,1199
2025-12,,공공부문,공공부문,대구,0
2025-12,,공공부문,공공부문,광주,762
2025-12,,공공부문,공공부문,대전,3483
2025-12,,공공부문,공공부문,울산,6451
2025-12,,공공부문,공공부문,세종,0
2025-12,,공공부문,공공부문,강원,758
2025-12,,공공부문,공공부문,충북,86
2025-12,,공공부문,공공부문,충남,3800
2025-12,,공공부문,공공부문,전북,951
2025-12,,공공부문,공공부문,전남,600
2025-12,,공공부문,공공부문,경북,488
2025-12,,공공부문,공공부문,경남,878
2025-12,,공공부문,공공부문,제주,337
2025-12,,합,국민임대,전국,1024
2025-12,,합,국민임대,서울,715
2025-12,,합,국민임대,인천,0
2025-12,,합,국민임대,경기,103
2025-12,,합,국민임대,부산,0
2025-12,,합,국민임대,대구,0
2025-12,,합,국민임대,광주,0
2025-12,,합,국민임대,대전,206
2025-12,,합,국민임대,울산,0
2025-12,,합,국민임대,세종,0
2025-12,,합,국민임대,강원,0
2025-12,,합,국민임대,충북,0
2025-12,,합,국민임대,충남,0
2025-12,,합,국민임대,전북,0
2025-12,,합,국민임대,전남,0
2025-12,,합,국민임대,경북,0
2025-12,,합,국민임대,경남,0
2025-12,,합,국민임대,제주,0
2025-12,,합,공공임대,전국,62282
2025-12,,합,공공임대,서울,5654
2025-12,,합,공공임대,인천,960
2025-12,,합,공공임대,경기,42249
2025-12,,합,공공임대,부산,113
2025-12,,합,공공임대,대구,0
2025-12,,합,공공임대,광주,762
2025-12,,합,공공임대,대전,2258
2025-12,,합,공공임대,울산,3827
2025-12,,합,공공임대,세종,0
2025-12,,합,공공임대,강원,738
2025-12,,합,공공임대,충북,86
2025-12,,합,공공임대,충남,3073
2025-12,,합,공공임대,전북,951
2025-12,,합,공공임대,전남,600
2025-12,,합,공공임대,경북,60
2025-12,,합,공공임대,경남,764
2025-12,,합,공공임대,제주,187
2025-12,,합,공공분양,전국,49666
2025-12,,합,공공분양,서울,1506
2025-12,,합,공공분양,인천,1498
2025-12,,합,공공분양,경기,40494
2025-12,,합,공공분양,부산,1086
2025-12,,합,공공분양,대구,0
2025-12,,합,공공분양,광주,0
2025-12,,합,공공분양,대전,1019
2025-12,,합,공공분양,울산,2624
2025-12,,합,공공분양,세종,0
2025-12,,합,공공분양,강원,20
2025-12,,합,공공분양,충북,0
2025-12,,합,공공분양,충남,727
2025-12,,합,공공분양,전북,0
2025-12,,합,공공분양,전남,0
2025-12,,합,공공분양,경북,428
2025-12,,합,공공분양,경남,114
2025-12,,합,공공분양,제주,150
2025-12,,지자체,소계,전국,20090
2025-12,,지자체,소계,서울,2128
2025-12,,지자체,소계,인천,145
2025-12,,지자체,소계,경기,14587
2025-12,,지자체,소계,부산,1086
2025-12,,지자체,소계,대구,0
2025-12,,지자체,소계,광주,0
2025-12,,지자체,소계,대전,0
2025-12,,지자체,소계,울산,0
2025-12,,지자체,소계,세종,0
2025-12,,지자체,소계,강원,100
2025-12,,지자체,소계,충북,86
2025-12,,지자체,소계,충남,0
2025-12,,지자체,소계,전북,951
2025-12,,지자체,소계,전남,360
2025-12,,지자체,소계,경북,14
2025-12,,지자체,소계,경남,296
2025-12,,지자체,소계,제주,337
2025-12,,지자체,국민임대,전국,0
2025-12,,지자체,국민임대,서울,0
2025-12,,지자체,국민임대,인천,0
2025-12,,지자체,국민임대,경기,0
2025-12,,지자체,국민임대,부산,0
2025-12,,지자체,국민임대,대구,0
2025-12,,지자체,국민임대,광주,0
2025-12,,지자체,국민임대,대전,0
2025-12,,지자체,국민임대,울산,0
2025-12,,지자체,국민임대,세종,0
2025-12,,지자체,국민임대,강원,0
2025-12,,지자체,국민임대,충북,0
2025-12,,지자체,국민임대,충남,0
2025-12,,지자체,국민임대,전북,0
2025-12,,지자체,국민임대,전남,0
2025-12,,지자체,국민임대,경북,0
2025-12,,지자체,국민임대,경남,0
2025-12,,지자체,국민임대,제주,0
2025-12,,지자체,공공임대,전국,10202
2025-12,,지자체,공공임대,서울,2117
2025-12,,지자체,공공임대,인천,145
2025-12,,지자체,공공임대,경기,5966
2025-12,,지자체,공공임대,부산,0
2025-12,,지자체,공공임대,대구,0
2025-12,,지자체,공공임대,광주,0
2025-12,,지자체,공공임대,대전,0
2025-12,,지자체,공공임대,울산,0
2025-12,,지자체,공공임대,세종,0
2025-12,,지자체,공공임대,강원,80
2025-12,,지자체,공공임대,충북,86
2025-12,,지자체,공공임대,충남,0
2025-12,,지자체,공공임대,전북,951
2025-12,,지자체,공공임대,전남,360
2025-12,,지자체,공공임대,경북,14
2025-12,,지자체,공공임대,경남,296
2025-12,,지자체,공공임대,제주,187
2025-12,,지자체,공공분양,전국,9888
2025-12,,지자체,공공분양,서울,11
2025-12,,지자체,공공분양,인천,0
2025-12,,지자체,공공분양,경기,8621
2025-12,,지자체,공공분양,부산,1086
2025-12,,지자체,공공분양,대구,0
2025-12,,지자체,공공분양,광주,0
2025-12,,지자체,공공분양,대전,0
2025-12,,지자체,공공분양,울산,0
2025-12,,지자체,공공분양,세종,0
2025-12,,지자체,공공분양,강원,20
2025-12,,지자체,공공분양,충북,0
2025-12,,지자체,공공분양,충남,0
2025-12,,지자체,공공분양,전북,0
2025-12,,지자체,공공분양,전남,0
2025-12,,지자체,공공분양,경북,0
2025-12,,지자체,공공분양,경남,0
2025-12,,지자체,공공분양,제주,150
2025-12,,LH,소계,전국,84086
2025-12,,LH,소계,서울,2016
2025-12,,LH,소계,인천,964
2025-12,,LH,소계,경기,66705
2025-12,,LH,소계,부산,0
2025-12,,LH,소계,대구,0
2025-12,,LH,소계,광주,0
2025-12,,LH,소계,대전,3231
2025-12,,LH,소계,울산,6220
2025-12,,LH,소계,세종,0
2025-12,,LH,소계,강원,658
2025-12,,LH,소계,충북,0
2025-12,,LH,소계,충남,3052
2025-12,,LH,소계,전북,0
2025-12,,LH,소계,전남,240
2025-12,,LH,소계,경북,428
2025-12,,LH,소계,경남,572
2025-12,,LH,소계,제주,0
2025-12,,LH,국민임대,전국,0
2025-12,,LH,국민임대,서울,0
2025-12,,LH,국민임대,인천,0
2025-12,,LH,국민임대,경기,0
2025-12,,LH,국민임대,부산,0
2025-12,,LH,국민임대,대구,0
2025-12,,LH,국민임대,광주,0
2025-12,,LH,국민임대,대전,0
2025-12,,LH,국민임대,울산,0
2025-12,,LH,국민임대,세종,0
2025-12,,LH,국민임대,강원,0
2025-12,,LH,국민임대,충북,0
2025-12,,LH,국민임대,충남,0
2025-12,,LH,국민임대,전북,0
2025-12,,LH,국민임대,전남,0
2025-12,,LH,국민임대,경북,0
2025-12,,LH,국민임대,경남,0
2025-12,,LH,국민임대,제주,0
2025-12,,LH,공공임대,전국,47259
2025-12,,LH,공공임대,서울,521
2025-12,,LH,공공임대,인천,656
2025-12,,LH,공공임대,경기,35635
2025-12,,LH,공공임대,부산,0
2025-12,,LH,공공임대,대구,0
2025-12,,LH,공공임대,광주,0
2025-12,,LH,공공임대,대전,2212
2025-12,,LH,공공임대,울산,3827
2025-12,,LH,공공임대,세종,0
2025-12,,LH,공공임대,강원,658
2025-12,,LH,공공임대,충북,0
2025-12,,LH,공공임대,충남,3052
2025-12,,LH,공공임대,전북,0
2025-12,,LH,공공임대,전남,240
2025-12,,LH,공공임대,경북,0
2025-12,,LH,공공임대,경남,458
2025-12,,LH,공공임대,제주,0
2025-12,,LH,공공분양,전국,36827
2025-12,,LH,공공분양,서울,1495
2025-12,,LH,공공분양,인천,308
2025-12,,LH,공공분양,경기,31070
2025-12,,LH,공공분양,부산,0
2025-12,,LH,공공분양,대구,0
2025-12,,LH,공공분양,광주,0
2025-12,,LH,공공분양,대전,1019
2025-12,,LH,공공분양,울산,2393
2025-12,,LH,공공분양,세종,0
2025-12,,LH,공공분양,강원,0
2025-12,,LH,공공분양,충북,0
2025-12,,LH,공공분양,충남,0
2025-12,,LH,공공분양,전북,0
2025-12,,LH,공공분양,전남,0
2025-12,,LH,공공분양,경북,428
2025-12,,LH,공공분양,경남,114
2025-12,,LH,공공분양,제주,0
2025-12,,주택업체,소계,전국,8796
2025-12,,주택업체,소계,서울,3731
2025-12,,주택업체,소계,인천,1349
2025-12,,주택업체,소계,경기,1554
2025-12,,주택업체,소계,부산,113
2025-12,,주택업체,소계,대구,0
2025-12,,주택업체,소계,광주,762
2025-12,,주택업체,소계,대전,252
2025-12,,주택업체,소계,울산,231
2025-12,,주택업체,소계,세종,0
2025-12,,주택업체,소계,강원,0
2025-12,,주택업체,소계,충북,0
2025-12,,주택업체,소계,충남,748
2025-12,,주택업체,소계,전북,0
2025-12,,주택업체,소계,전남,0
2025-12,,주택업체,소계,경북,46
2025-12,,주택업체,소계,경남,10
2025-12,,주택업체,소계,제주,0
2025-12,,주택업체,국민임대,전국,1024
2025-12,,주택업체,국민임대,서울,715
2025-12,,주택업체,국민임대,인천,0
2025-12,,주택업체,국민임대,경기,103
2025-12,,주택업체,국민임대,부산,0
2025-12,,주택업체,국민임대,대구,0
2025-12,,주택업체,국민임대,광주,0
2025-12,,주택업체,국민임대,대전,206
2025-12,,주택업체,국민임대,울산,0
2025-12,,주택업체,국민임대,세종,0
2025-12,,주택업체,국민임대,강원,0
2025-12,,주택업체,국민임대,충북,0
2025-12,,주택업체,국민임대,충남,0
2025-12,,주택업체,국민임대,전북,0
2025-12,,주택업체,국민임대,전남,0
2025-12,,주택업체,국민임대,경북,0
2025-12,,주택업체,국민임대,경남,0
2025-12,,주택업체,국민임대,제주,0
2025-12,,주택업체,공공임대,전국,4821
2025-12,,주택업체,공공임대,서울,3016
2025-12,,주택업체,공공임대,인천,159
2025-12,,주택업체,공공임대,경기,648
2025-12,,주택업체,공공임대,부산,113
2025-12,,주택업체,공공임대,대구,0
2025-12,,주택업체,공공임대,광주,762
2025-12,,주택업체,공공임대,대전,46
2025-12,,주택업체,공공임대,울산,0
2025-12,,주택업체,공공임대,세종,0
2025-12,,주택업체,공공임대,강원,0
2025-12,,주택업체,공공임대,충북,0
2025-12,,주택업체,공공임대,충남,21
2025-12,,주택업체,공공임대,전북,0
2025-12,,주택업체,공공임대,전남,0
2025-12,,주택업체,공공임대,경북,46
2025-12,,주택업체,공공임대,경남,10
2025-12,,주택업체,공공임대,제주,0
2025-12,,주택업체,공공분양,전국,2951
2025-12,,주택업체,공공분양,서울,0
2025-12,,주택업체,공공분양,인천,1190
2025-12,,주택업체,공공분양,경기,803
2025-12,,주택업체,공공분양,부산,0
2025-12,,주택업체,공공분양,대구,0
2025-12,,주택업체,공공분양,광주,0
2025-12,,주택업체,공공분양,대전,0
2025-12,,주택업체,공공분양,울산,231
2025-12,,주택업체,공공분양,세종,0
2025-12,,주택업체,공공분양,강원,0
2025-12,,주택업체,공공분양,충북,0
2025-12,,주택업체,공공분양,충남,727
2025-12,,주택업체,공공분양,전북,0
2025-12,,주택업체,공공분양,전남,0
2025-12,,주택업체,공공분양,경북,0
2025-12,,주택업체,공공분양,경남,0
2025-12,,주택업체,공공분양,제주,0
2025-12,,민간부문,민간부문,전국,275390
2025-12,,민간부문,민간부문,서울,34063
2025-12,,민간부문,민간부문,인천,24479
2025-12,,민간부문,민간부문,경기,77120
2025-12,,민간부문,민간부문,부산,29539
2025-12,,민간부문,민간부문,대구,5034
2025-12,,민간부문,민간부문,광주,6999
2025-12,,민간부문,민간부문,대전,14043
2025-12,,민간부문,민간부문,울산,3320
2025-12,,민간부문,민간부문,세종,277
2025-12,,민간부문,민간부문,강원,6124
2025-12,,민간부문,민간부문,충북,5449
2025-12,,민간부문,민간부문,충남,29203
2025-12,,민간부문,민간부문,전북,8963
2025-12,,민간부문,민간부문,전남,10862
2025-12,,민간부문,민간부문,경북,10765
2025-12,,민간부문,민간부문,경남,7116
2025-12,,민간부문,민간부문,제주,2034
2025-12,,민간,민간임대,전국,17899
2025-12,,민간,민간임대,서울,670
2025-12,,민간,민간임대,인천,322
2025-12,,민간,민간임대,경기,3187
2025-12,,민간,민간임대,부산,1049
2025-12,,민간,민간임대,대구,0
2025-12,,민간,민간임대,광주,432
2025-12,,민간,민간임대,대전,1810
2025-12,,민간,민간임대,울산,496
2025-12,,민간,민간임대,세종,0
2025-12,,민간,민간임대,강원,812
2025-12,,민간,민간임대,충북,1349
2025-12,,민간,민간임대,충남,3833
2025-12,,민간,민간임대,전북,1397
2025-12,,민간,민간임대,전남,950
2025-12,,민간,민간임대,경북,1314
2025-12,,민간,민간임대,경남,210
2025-12,,민간,민간임대,제주,68
2025-12,,민간,민간분양,전국,257491
2025-12,,민간,민간분양,서울,33393
2025-12,,민간,민간분양,인천,24157
2025-12,,민간,민간분양,경기,73933
2025-12,,민간,민간분양,부산,28490
2025-12,,민간,민간분양,대구,5034
2025-12,,민간,민간분양,광주,6567
2025-12,,민간,민간분양,대전,12233
2025-12,,민간,민간분양,울산,2824
2025-12,,민간,민간분양,세종,277
2025-12,,민간,민간분양,강원,5312
2025-12,,민간,민간분양,충북,4100
2025-12,,민간,민간분양,충남,25370
2025-12,,민간,민간분양,전북,7566
2025-12,,민간,민간분양,전남,9912
2025-12,,민간,민간분양,경북,9451
2025-12,,민간,민간분양,경남,6906
2025-12,,민간,민간분양,제주,1966
2026-01,Y,총계,총계,전국,16531
2026-01,Y,총계,총계,서울,1226
2026-01,Y,총계,총계,인천,95
2026-01,Y,총계,총계,경기,7315
2026-01,Y,총계,총계,부산,1852
2026-01,Y,총계,총계,대구,211
2026-01,Y,총계,총계,광주,8
2026-01,Y,총계,총계,대전,1670
2026-01,Y,총계,총계,울산,718
2026-01,Y,총계,총계,세종,9
2026-01,Y,총계,총계,강원,89
2026-01,Y,총계,총계,충북,93
2026-01,Y,총계,총계,충남,1068
2026-01,Y,총계,총계,전북,69
2026-01,Y,총계,총계,전남,1062
2026-01,Y,총계,총계,경북,345
2026-01,Y,총계,총계,경남,581
2026-01,Y,총계,총계,제주,120
2026-01,Y,공공부문,공공부문,전국,2593
2026-01,Y,공공부문,공공부문,서울,268
2026-01,Y,공공부문,공공부문,인천,0
2026-01,Y,공공부문,공공부문,경기,1308
2026-01,Y,공공부문,공공부문,부산,993
2026-01,Y,공공부문,공공부문,대구,0
2026-01,Y,공공부문,공공부문,광주,0
2026-01,Y,공공부문,공공부문,대전,0
2026-01,Y,공공부문,공공부문,울산,0
2026-01,Y,공공부문,공공부문,세종,0
2026-01,Y,공공부문,공공부문,강원,0
2026-01,Y,공공부문,공공부문,충북,0
2026-01,Y,공공부문,공공부문,충남,0
2026-01,Y,공공부문,공공부문,전북,0
2026-01,Y,공공부문,공공부문,전남,0
2026-01,Y,공공부문,공공부문,경북,0
2026-01,Y,공공부문,공공부문,경남,24
2026-01,Y,공공부문,공공부문,제주,0
2026-01,Y,합,국민임대,전국,0
2026-01,Y,합,국민임대,서울,0
2026-01,Y,합,국민임대,인천,0
2026-01,Y,합,국민임대,경기,0
2026-01,Y,합,국민임대,부산,0
2026-01,Y,합,국민임대,대구,0
2026-01,Y,합,국민임대,광주,0
2026-01,Y,합,국민임대,대전,0
2026-01,Y,합,국민임대,울산,0
2026-01,Y,합,국민임대,세종,0
2026-01,Y,합,국민임대,강원,0
2026-01,Y,합,국민임대,충북,0
2026-01,Y,합,국민임대,충남,0
2026-01,Y,합,국민임대,전북,0
2026-01,Y,합,국민임대,전남,0
2026-01,Y,합,국민임대,경북,0
2026-01,Y,합,국민임대,경남,0
2026-01,Y,합,국민임대,제주,0
2026-01,Y,합,공공임대,전국,2301
2026-01,Y,합,공공임대,서울,268
2026-01,Y,합,공공임대,인천,0
2026-01,Y,합,공공임대,경기,1016
2026-01,Y,합,공공임대,부산,993
2026-01,Y,합,공공임대,대구,0
2026-01,Y,합,공공임대,광주,0
2026-01,Y,합,공공임대,대전,0
2026-01,Y,합,공공임대,울산,0
2026-01,Y,합,공공임대,세종,0
2026-01,Y,합,공공임대,강원,0
2026-01,Y,합,공공임대,충북,0
2026-01,Y,합,공공임대,충남,0
2026-01,Y,합,공공임대,전북,0
2026-01,Y,합,공공임대,전남,0
2026-01,Y,합,공공임대,경북,0
2026-01,Y,합,공공임대,경남,24
2026-01,Y,합,공공임대,제주,0
2026-01,Y,합,공공분양,전국,292
2026-01,Y,합,공공분양,서울,0
2026-01,Y,합,공공분양,인천,0
2026-01,Y,합,공공분양,경기,292
2026-01,Y,합,공공분양,부산,0
2026-01,Y,합,공공분양,대구,0
2026-01,Y,합,공공분양,광주,0
2026-01,Y,합,공공분양,대전,0
2026-01,Y,합,공공분양,울산,0
2026-01,Y,합,공공분양,세종,0
2026-01,Y,합,공공분양,강원,0
2026-01,Y,합,공공분양,충북,0
2026-01,Y,합,공공분양,충남,0
2026-01,Y,합,공공분양,전북,0
2026-01,Y,합,공공분양,전남,0
2026-01,Y,합,공공분양,경북,0
2026-01,Y,합,공공분양,경남,0
2026-01,Y,합,공공분양,제주,0
2026-01,Y,지자체,소계,전국,2048
2026-01,Y,지자체,소계,서울,10
2026-01,Y,지자체,소계,인천,0
2026-01,Y,지자체,소계,경기,1021
2026-01,Y,지자체,소계,부산,993
2026-01,Y,지자체,소계,대구,0
2026-01,Y,지자체,소계,광주,0
2026-01,Y,지자체,소계,대전,0
2026-01,Y,지자체,소계,울산,0
2026-01,Y,지자체,소계,세종,0
2026-01,Y,지자체,소계,강원,0
2026-01,Y,지자체,소계,충북,0
2026-01,Y,지자체,소계,충남,0
2026-01,Y,지자체,소계,전북,0
2026-01,Y,지자체,소계,전남,0
2026-01,Y,지자체,소계,경북,0
2026-01,Y,지자체,소계,경남,24
2026-01,Y,지자체,소계,제주,0
2026-01,Y,지자체,국민임대,전국,0
2026-01,Y,지자체,국민임대,서울,0
2026-01,Y,지자체,국민임대,인천,0
2026-01,Y,지자체,국민임대,경기,0
2026-01,Y,지자체,국민임대,부산,0
2026-01,Y,지자체,국민임대,대구,0
2026-01,Y,지자체,국민임대,광주,0
2026-01,Y,지자체,국민임대,대전,0
2026-01,Y,지자체,국민임대,울산,0
2026-01,Y,지자체,국민임대,세종,0
2026-01,Y,지자체,국민임대,강원,0
2026-01,Y,지자체,국민임대,충북,0
2026-01,Y,지자체,국민임대,충남,0
2026-01,Y,지자체,국민임대,전북,0
2026-01,Y,지자체,국민임대,전남,0
2026-01,Y,지자체,국민임대,경북,0
2026-01,Y,지자체,국민임대,경남,0
2026-01,Y,지자체,국민임대,제주,0
2026-01,Y,지자체,공공임대,전국,1756
2026-01,Y,지자체,공공임대,서울,10
2026-01,Y,지자체,공공임대,인천,0
2026-01,Y,지자체,공공임대,경기,729
2026-01,Y,지자체,공공임대,부산,993
2026-01,Y,지자체,공공임대,대구,0
2026-01,Y,지자체,공공임대,광주,0
2026-01,Y,지자체,공공임대,대전,0
2026-01,Y,지자체,공공임대,울산,0
2026-01,Y,지자체,공공임대,세종,0
2026-01,Y,지자체,공공임대,강원,0
2026-01,Y,지자체,공공임대,충북,0
2026-01,Y,지자체,공공임대,충남,0
2026-01,Y,지자체,공공임대,전북,0
2026-01,Y,지자체,공공임대,전남,0
2026-01,Y,지자체,공공임대,경북,0
2026-01,Y,지자체,공공임대,경남,24
2026-01,Y,지자체,공공임대,제주,0
2026-01,Y,지자체,공공분양,전국,292
2026-01,Y,지자체,공공분양,서울,0
2026-01,Y,지자체,공공분양,인천,0
2026-01,Y,지자체,공공분양,경기,292
2026-01,Y,지자체,공공분양,부산,0
2026-01,Y,지자체,공공분양,대구,0
2026-01,Y,지자체,공공분양,광주,0
2026-01,Y,지자체,공공분양,대전,0
2026-01,Y,지자체,공공분양,울산,0
2026-01,Y,지자체,공공분양,세종,0
2026-01,Y,지자체,공공분양,강원,0
2026-01,Y,지자체,공공분양,충북,0
2026-01,Y,지자체,공공분양,충남,0
2026-01,Y,지자체,공공분양,전북,0
2026-01,Y,지자체,공공분양,전남,0
2026-01,Y,지자체,공공분양,경북,0
2026-01,Y,지자체,공공분양,경남,0
2026-01,Y,지자체,공공분양,제주,0
2026-01,Y,LH,소계,전국,0
2026-01,Y,LH,소계,서울,0
2026-01,Y,LH,소계,인천,0
2026-01,Y,LH,소계,경기,0
2026-01,Y,LH,소계,부산,0
2026-01,Y,LH,소계,대구,0
2026-01,Y,LH,소계,광주,0
2026-01,Y,LH,소계,대전,0
2026-01,Y,LH,소계,울산,0
2026-01,Y,LH,소계,세종,0
2026-01,Y,LH,소계,강원,0
2026-01,Y,LH,소계,충북,0
2026-01,Y,LH,소계,충남,0
2026-01,Y,LH,소계,전북,0
2026-01,Y,LH,소계,전남,0
2026-01,Y,LH,소계,경북,0
2026-01,Y,LH,소계,경남,0
2026-01,Y,LH,소계,제주,0
2026-01,Y,LH,국민임대,전국,0
2026-01,Y,LH,국민임대,서울,0
2026-01,Y,LH,국민임대,인천,0
2026-01,Y,LH,국민임대,경기,0
2026-01,Y,LH,국민임대,부산,0
2026-01,Y,LH,국민임대,대구,0
2026-01,Y,LH,국민임대,광주,0
2026-01,Y,LH,국민임대,대전,0
2026-01,Y,LH,국민임대,울산,0
2026-01,Y,LH,국민임대,세종,0
2026-01,Y,LH,국민임대,강원,0
2026-01,Y,LH,국민임대,충북,0
2026-01,Y,LH,국민임대,충남,0
2026-01,Y,LH,국민임대,전북,0
2026-01,Y,LH,국민임대,전남,0
2026-01,Y,LH,국민임대,경북,0
2026-01,Y,LH,국민임대,경남,0
2026-01,Y,LH,국민임대,제주,0
2026-01,Y,LH,공공임대,전국,0
2026-01,Y,LH,공공임대,서울,0
2026-01,Y,LH,공공임대,인천,0
2026-01,Y,LH,공공임대,경기,0
2026-01,Y,LH,공공임대,부산,0
2026-01,Y,LH,공공임대,대구,0
2026-01,Y,LH,공공임대,광주,0
2026-01,Y,LH,공공임대,대전,0
2026-01,Y,LH,공공임대,울산,0
2026-01,Y,LH,공공임대,세종,0
2026-01,Y,LH,공공임대,강원,0
2026-01,Y,LH,공공임대,충북,0
2026-01,Y,LH,공공임대,충남,0
2026-01,Y,LH,공공임대,전북,0
2026-01,Y,LH,공공임대,전남,0
2026-01,Y,LH,공공임대,경북,0
2026-01,Y,LH,공공임대,경남,0
2026-01,Y,LH,공공임대,제주,0
2026-01,Y,LH,공공분양,전국,0
2026-01,Y,LH,공공분양,서울,0
2026-01,Y,LH,공공분양,인천,0
2026-01,Y,LH,공공분양,경기,0
2026-01,Y,LH,공공분양,부산,0
2026-01,Y,LH,공공분양,대구,0
2026-01,Y,LH,공공분양,광주,0
2026-01,Y,LH,공공분양,대전,0
2026-01,Y,LH,공공분양,울산,0
2026-01,Y,LH,공공분양,세종,0
2026-01,Y,LH,공공분양,강원,0
2026-01,Y,LH,공공분양,충북,0
2026-01,Y,LH,공공분양,충남,0
2026-01,Y,LH,공공분양,전북,0
2026-01,Y,LH,공공분양,전남,0
2026-01,Y,LH,공공분양,경북,0
2026-01,Y,LH,공공분양,경남,0
2026-01,Y,LH,공공분양,제주,0
2026-01,Y,주택업체,소계,전국,545
2026-01,Y,주택업체,소계,서울,258
2026-01,Y,주택업체,소계,인천,0
2026-01,Y,주택업체,소계,경기,287
2026-01,Y,주택업체,소계,부산,0
2026-01,Y,주택업체,소계,대구,0
2026-01,Y,주택업체,소계,광주,0
2026-01,Y,주택업체,소계,대전,0
2026-01,Y,주택업체,소계,울산,0
2026-01,Y,주택업체,소계,세종,0
2026-01,Y,주택업체,소계,강원,0
2026-01,Y,주택업체,소계,충북,0
2026-01,Y,주택업체,소계,충남,0
2026-01,Y,주택업체,소계,전북,0
2026-01,Y,주택업체,소계,전남,0
2026-01,Y,주택업체,소계,경북,0
2026-01,Y,주택업체,소계,경남,0
2026-01,Y,주택업체,소계,제주,0
2026-01,Y,주택업체,국민임대,전국,0
2026-01,Y,주택업체,국민임대,서울,0
2026-01,Y,주택업체,국민임대,인천,0
2026-01,Y,주택업체,국민임대,경기,0
2026-01,Y,주택업체,국민임대,부산,0
2026-01,Y,주택업체,국민임대,대구,0
2026-01,Y,주택업체,국민임대,광주,0
2026-01,Y,주택업체,국민임대,대전,0
2026-01,Y,주택업체,국민임대,울산,0
2026-01,Y,주택업체,국민임대,세종,0
2026-01,Y,주택업체,국민임대,강원,0
2026-01,Y,주택업체,국민임대,충북,0
2026-01,Y,주택업체,국민임대,충남,0
2026-01,Y,주택업체,국민임대,전북,0
2026-01,Y,주택업체,국민임대,전남,0
2026-01,Y,주택업체,국민임대,경북,0
2026-01,Y,주택업체,국민임대,경남,0
2026-01,Y,주택업체,국민임대,제주,0
2026-01,Y,주택업체,공공임대,전국,545
2026-01,Y,주택업체,공공임대,서울,258
2026-01,Y,주택업체,공공임대,인천,0
2026-01,Y,주택업체,공공임대,경기,287
2026-01,Y,주택업체,공공임대,부산,0
2026-01,Y,주택업체,공공임대,대구,0
2026-01,Y,주택업체,공공임대,광주,0
2026-01,Y,주택업체,공공임대,대전,0
2026-01,Y,주택업체,공공임대,울산,0
2026-01,Y,주택업체,공공임대,세종,0
2026-01,Y,주택업체,공공임대,강원,0
2026-01,Y,주택업체,공공임대,충북,0
2026-01,Y,주택업체,공공임대,충남,0
2026-01,Y,주택업체,공공임대,전북,0
2026-01,Y,주택업체,공공임대,전남,0
2026-01,Y,주택업체,공공임대,경북,0
2026-01,Y,주택업체,공공임대,경남,0
2026-01,Y,주택업체,공공임대,제주,0
2026-01,Y,주택업체,공공분양,전국,0
2026-01,Y,주택업체,공공분양,서울,0
2026-01,Y,주택업체,공공분양,인천,0
2026-01,Y,주택업체,공공분양,경기,0
2026-01,Y,주택업체,공공분양,부산,0
2026-01,Y,주택업체,공공분양,대구,0
2026-01,Y,주택업체,공공분양,광주,0
2026-01,Y,주택업체,공공분양,대전,0
2026-01,Y,주택업체,공공분양,울산,0
2026-01,Y,주택업체,공공분양,세종,0
2026-01,Y,주택업체,공공분양,강원,0
2026-01,Y,주택업체,공공분양,충북,0
2026-01,Y,주택업체,공공분양,충남,0
2026-01,Y,주택업체,공공분양,전북,0
2026-01,Y,주택업체,공공분양,전남,0
2026-01,Y,주택업체,공공분양,경북,0
2026-01,Y,주택업체,공공분양,경남,0
2026-01,Y,주택업체,공공분양,제주,0
2026-01,Y,민간부문,민간부문,전국,13938
2026-01,Y,민간부문,민간부문,서울,958
2026-01,Y,민간부문,민간부문,인천,95
2026-01,Y,민간부문,민간부문,경기,6007
2026-01,Y,민간부문,민간부문,부산,859
2026-01,Y,민간부문,민간부문,대구,211
2026-01,Y,민간부문,민간부문,광주,8
2026-01,Y,민간부문,민간부문,대전,1670
2026-01,Y,민간부문,민간부문,울산,718
2026-01,Y,민간부문,민간부문,세종,9
2026-01,Y,민간부문,민간부문,강원,89
2026-01,Y,민간부문,민간부문,충북,93
2026-01,Y,민간부문,민간부문,충남,1068
2026-01,Y,민간부문,민간부문,전북,69
2026-01,Y,민간부문,민간부문,전남,1062
2026-01,Y,민간부문,민간부문,경북,345
2026-01,Y,민간부문,민간부문,경남,557
2026-01,Y,민간부문,민간부문,제주,120
2026-01,Y,민간,민간임대,전국,0
2026-01,Y,민간,민간임대,서울,0
2026-01,Y,민간,민간임대,인천,0
2026-01,Y,민간,민간임대,경기,0
2026-01,Y,민간,민간임대,부산,0
2026-01,Y,민간,민간임대,대구,0
2026-01,Y,민간,민간임대,광주,0
2026-01,Y,민간,민간임대,대전,0
2026-01,Y,민간,민간임대,울산,0
2026-01,Y,민간,민간임대,세종,0
2026-01,Y,민간,민간임대,강원,0
2026-01,Y,민간,민간임대,충북,0
2026-01,Y,민간,민간임대,충남,0
2026-01,Y,민간,민간임대,전북,0
2026-01,Y,민간,민간임대,전남,0
2026-01,Y,민간,민간임대,경북,0
2026-01,Y,민간,민간임대,경남,0
2026-01,Y,민간,민간임대,제주,0
2026-01,Y,민간,민간분양,전국,13938
2026-01,Y,민간,민간분양,서울,958
2026-01,Y,민간,민간분양,인천,95
2026-01,Y,민간,민간분양,경기,6007
2026-01,Y,민간,민간분양,부산,859
2026-01,Y,민간,민간분양,대구,211
2026-01,Y,민간,민간분양,광주,8
2026-01,Y,민간,민간분양,대전,1670
2026-01,Y,민간,민간분양,울산,718
2026-01,Y,민간,민간분양,세종,9
2026-01,Y,민간,민간분양,강원,89
2026-01,Y,민간,민간분양,충북,93
2026-01,Y,민간,민간분양,충남,1068
2026-01,Y,민간,민간분양,전북,69
2026-01,Y,민간,민간분양,전남,1062
2026-01,Y,민간,민간분양,경북,345
2026-01,Y,민간,민간분양,경남,557
2026-01,Y,민간,민간분양,제주,120
2026-02,Y,총계,총계,전국,30799
2026-02,Y,총계,총계,서울,3817
2026-02,Y,총계,총계,인천,1247
2026-02,Y,총계,총계,경기,12782
2026-02,Y,총계,총계,부산,3107
2026-02,Y,총계,총계,대구,372
2026-02,Y,총계,총계,광주,10
2026-02,Y,총계,총계,대전,2655
2026-02,Y,총계,총계,울산,1205
2026-02,Y,총계,총계,세종,18
2026-02,Y,총계,총계,강원,181
2026-02,Y,총계,총계,충북,173
2026-02,Y,총계,총계,충남,1197
2026-02,Y,총계,총계,전북,409
2026-02,Y,총계,총계,전남,1842
2026-02,Y,총계,총계,경북,734
2026-02,Y,총계,총계,경남,711
2026-02,Y,총계,총계,제주,339
2026-02,Y,공공부문,공공부문,전국,4415
2026-02,Y,공공부문,공공부문,서울,2090
2026-02,Y,공공부문,공공부문,인천,0
2026-02,Y,공공부문,공공부문,경기,1308
2026-02,Y,공공부문,공공부문,부산,993
2026-02,Y,공공부문,공공부문,대구,0
2026-02,Y,공공부문,공공부문,광주,0
2026-02,Y,공공부문,공공부문,대전,0
2026-02,Y,공공부문,공공부문,울산,0
2026-02,Y,공공부문,공공부문,세종,0
2026-02,Y,공공부문,공공부문,강원,0
2026-02,Y,공공부문,공공부문,충북,0
2026-02,Y,공공부문,공공부문,충남,0
2026-02,Y,공공부문,공공부문,전북,0
2026-02,Y,공공부문,공공부문,전남,0
2026-02,Y,공공부문,공공부문,경북,0
2026-02,Y,공공부문,공공부문,경남,24
2026-02,Y,공공부문,공공부문,제주,0
2026-02,Y,합,국민임대,전국,0
2026-02,Y,합,국민임대,서울,0
2026-02,Y,합,국민임대,인천,0
2026-02,Y,합,국민임대,경기,0
2026-02,Y,합,국민임대,부산,0
2026-02,Y,합,국민임대,대구,0
2026-02,Y,합,국민임대,광주,0
2026-02,Y,합,국민임대,대전,0
2026-02,Y,합,국민임대,울산,0
2026-02,Y,합,국민임대,세종,0
2026-02,Y,합,국민임대,강원,0
2026-02,Y,합,국민임대,충북,0
2026-02,Y,합,국민임대,충남,0
2026-02,Y,합,국민임대,전북,0
2026-02,Y,합,국민임대,전남,0
2026-02,Y,합,국민임대,경북,0
2026-02,Y,합,국민임대,경남,0
2026-02,Y,합,국민임대,제주,0
2026-02,Y,합,공공임대,전국,2916
2026-02,Y,합,공공임대,서울,883
2026-02,Y,합,공공임대,인천,0
2026-02,Y,합,공공임대,경기,1016
2026-02,Y,합,공공임대,부산,993
2026-02,Y,합,공공임대,대구,0
2026-02,Y,합,공공임대,광주,0
2026-02,Y,합,공공임대,대전,0
2026-02,Y,합,공공임대,울산,0
2026-02,Y,합,공공임대,세종,0
2026-02,Y,합,공공임대,강원,0
2026-02,Y,합,공공임대,충북,0
2026-02,Y,합,공공임대,충남,0
2026-02,Y,합,공공임대,전북,0
2026-02,Y,합,공공임대,전남,0
2026-02,Y,합,공공임대,경북,0
2026-02,Y,합,공공임대,경남,24
2026-02,Y,합,공공임대,제주,0
2026-02,Y,합,공공분양,전국,1499
2026-02,Y,합,공공분양,서울,1207
2026-02,Y,합,공공분양,인천,0
2026-02,Y,합,공공분양,경기,292
2026-02,Y,합,공공분양,부산,0
2026-02,Y,합,공공분양,대구,0
2026-02,Y,합,공공분양,광주,0
2026-02,Y,합,공공분양,대전,0
2026-02,Y,합,공공분양,울산,0
2026-02,Y,합,공공분양,세종,0
2026-02,Y,합,공공분양,강원,0
2026-02,Y,합,공공분양,충북,0
2026-02,Y,합,공공분양,충남,0
2026-02,Y,합,공공분양,전북,0
2026-02,Y,합,공공분양,전남,0
2026-02,Y,합,공공분양,경북,0
2026-02,Y,합,공공분양,경남,0
2026-02,Y,합,공공분양,제주,0
2026-02,Y,지자체,소계,전국,2048
2026-02,Y,지자체,소계,서울,10
2026-02,Y,지자체,소계,인천,0
2026-02,Y,지자체,소계,경기,1021
2026-02,Y,지자체,소계,부산,993
2026-02,Y,지자체,소계,대구,0
2026-02,Y,지자체,소계,광주,0
2026-02,Y,지자체,소계,대전,0
2026-02,Y,지자체,소계,울산,0
2026-02,Y,지자체,소계,세종,0
2026-02,Y,지자체,소계,강원,0
2026-02,Y,지자체,소계,충북,0
2026-02,Y,지자체,소계,충남,0
2026-02,Y,지자체,소계,전북,0
2026-02,Y,지자체,소계,전남,0
2026-02,Y,지자체,소계,경북,0
2026-02,Y,지자체,소계,경남,24
2026-02,Y,지자체,소계,제주,0
2026-02,Y,지자체,국민임대,전국,0
2026-02,Y,지자체,국민임대,서울,0
2026-02,Y,지자체,국민임대,인천,0
2026-02,Y,지자체,국민임대,경기,0
2026-02,Y,지자체,국민임대,부산,0
2026-02,Y,지자체,국민임대,대구,0
2026-02,Y,지자체,국민임대,광주,0
2026-02,Y,지자체,국민임대,대전,0
2026-02,Y,지자체,국민임대,울산,0
2026-02,Y,지자체,국민임대,세종,0
2026-02,Y,지자체,국민임대,강원,0
2026-02,Y,지자체,국민임대,충북,0
2026-02,Y,지자체,국민임대,충남,0
2026-02,Y,지자체,국민임대,전북,0
2026-02,Y,지자체,국민임대,전남,0
2026-02,Y,지자체,국민임대,경북,0
2026-02,Y,지자체,국민임대,경남,0
2026-02,Y,지자체,국민임대,제주,0
2026-02,Y,지자체,공공임대,전국,1756
2026-02,Y,지자체,공공임대,서울,10
2026-02,Y,지자체,공공임대,인천,0
2026-02,Y,지자체,공공임대,경기,729
2026-02,Y,지자체,공공임대,부산,993
2026-02,Y,지자체,공공임대,대구,0
2026-02,Y,지자체,공공임대,광주,0
2026-02,Y,지자체,공공임대,대전,0
2026-02,Y,지자체,공공임대,울산,0
2026-02,Y,지자체,공공임대,세종,0
2026-02,Y,지자체,공공임대,강원,0
2026-02,Y,지자체,공공임대,충북,0
2026-02,Y,지자체,공공임대,충남,0
2026-02,Y,지자체,공공임대,전북,0
2026-02,Y,지자체,공공임대,전남,0
2026-02,Y,지자체,공공임대,경북,0
2026-02,Y,지자체,공공임대,경남,24
2026-02,Y,지자체,공공임대,제주,0
2026-02,Y,지자체,공공분양,전국,292
2026-02,Y,지자체,공공분양,서울,0
2026-02,Y,지자체,공공분양,인천,0
2026-02,Y,지자체,공공분양,경기,292
2026-02,Y,지자체,공공분양,부산,0
2026-02,Y,지자체,공공분양,대구,0
2026-02,Y,지자체,공공분양,광주,0
2026-02,Y,지자체,공공분양,대전,0
2026-02,Y,지자체,공공분양,울산,0
2026-02,Y,지자체,공공분양,세종,0
2026-02,Y,지자체,공공분양,강원,0
2026-02,Y,지자체,공공분양,충북,0
2026-02,Y,지자체,공공분양,충남,0
2026-02,Y,지자체,공공분양,전북,0
2026-02,Y,지자체,공공분양,전남,0
2026-02,Y,지자체,공공분양,경북,0
2026-02,Y,지자체,공공분양,경남,0
2026-02,Y,지자체,공공분양,제주,0
2026-02,Y,LH,소계,전국,1678
2026-02,Y,LH,소계,서울,1678
2026-02,Y,LH,소계,인천,0
2026-02,Y,LH,소계,경기,0
2026-02,Y,LH,소계,부산,0
2026-02,Y,LH,소계,대구,0
2026-02,Y,LH,소계,광주,0
2026-02,Y,LH,소계,대전,0
2026-02,Y,LH,소계,울산,0
2026-02,Y,LH,소계,세종,0
2026-02,Y,LH,소계,강원,0
2026-02,Y,LH,소계,충북,0
2026-02,Y,LH,소계,충남,0
2026-02,Y,LH,소계,전북,0
2026-02,Y,LH,소계,전남,0
2026-02,Y,LH,소계,경북,0
2026-02,Y,LH,소계,경남,0
2026-02,Y,LH,소계,제주,0
2026-02,Y,LH,국민임대,전국,0
2026-02,Y,LH,국민임대,서울,0
2026-02,Y,LH,국민임대,인천,0
2026-02,Y,LH,국민임대,경기,0
2026-02,Y,LH,국민임대,부산,0
2026-02,Y,LH,국민임대,대구,0
2026-02,Y,LH,국민임대,광주,0
2026-02,Y,LH,국민임대,대전,0
2026-02,Y,LH,국민임대,울산,0
2026-02,Y,LH,국민임대,세종,0
2026-02,Y,LH,국민임대,강원,0
2026-02,Y,LH,국민임대,충북,0
2026-02,Y,LH,국민임대,충남,0
2026-02,Y,LH,국민임대,전북,0
2026-02,Y,LH,국민임대,전남,0
2026-02,Y,LH,국민임대,경북,0
2026-02,Y,LH,국민임대,경남,0
2026-02,Y,LH,국민임대,제주,0
2026-02,Y,LH,공공임대,전국,471
2026-02,Y,LH,공공임대,서울,471
2026-02,Y,LH,공공임대,인천,0
2026-02,Y,LH,공공임대,경기,0
2026-02,Y,LH,공공임대,부산,0
2026-02,Y,LH,공공임대,대구,0
2026-02,Y,LH,공공임대,광주,0
2026-02,Y,LH,공공임대,대전,0
2026-02,Y,LH,공공임대,울산,0
2026-02,Y,LH,공공임대,세종,0
2026-02,Y,LH,공공임대,강원,0
2026-02,Y,LH,공공임대,충북,0
2026-02,Y,LH,공공임대,충남,0
2026-02,Y,LH,공공임대,전북,0
2026-02,Y,LH,공공임대,전남,0
2026-02,Y,LH,공공임대,경북,0
2026-02,Y,LH,공공임대,경남,0
2026-02,Y,LH,공공임대,제주,0
2026-02,Y,LH,공공분양,전국,1207
2026-02,Y,LH,공공분양,서울,1207
2026-02,Y,LH,공공분양,인천,0
2026-02,Y,LH,공공분양,경기,0
2026-02,Y,LH,공공분양,부산,0
2026-02,Y,LH,공공분양,대구,0
2026-02,Y,LH,공공분양,광주,0
2026-02,Y,LH,공공분양,대전,0
2026-02,Y,LH,공공분양,울산,0
2026-02,Y,LH,공공분양,세종,0
2026-02,Y,LH,공공분양,강원,0
2026-02,Y,LH,공공분양,충북,0
2026-02,Y,LH,공공분양,충남,0
2026-02,Y,LH,공공분양,전북,0
2026-02,Y,LH,공공분양,전남,0
2026-02,Y,LH,공공분양,경북,0
2026-02,Y,LH,공공분양,경남,0
2026-02,Y,LH,공공분양,제주,0
2026-02,Y,주택업체,소계,전국,689
2026-02,Y,주택업체,소계,서울,402
2026-02,Y,주택업체,소계,인천,0
2026-02,Y,주택업체,소계,경기,287
2026-02,Y,주택업체,소계,부산,0
2026-02,Y,주택업체,소계,대구,0
2026-02,Y,주택업체,소계,광주,0
2026-02,Y,주택업체,소계,대전,0
2026-02,Y,주택업체,소계,울산,0
2026-02,Y,주택업체,소계,세종,0
2026-02,Y,주택업체,소계,강원,0
2026-02,Y,주택업체,소계,충북,0
2026-02,Y,주택업체,소계,충남,0
2026-02,Y,주택업체,소계,전북,0
2026-02,Y,주택업체,소계,전남,0
2026-02,Y,주택업체,소계,경북,0
2026-02,Y,주택업체,소계,경남,0
2026-02,Y,주택업체,소계,제주,0
2026-02,Y,주택업체,국민임대,전국,0
2026-02,Y,주택업체,국민임대,서울,0
2026-02,Y,주택업체,국민임대,인천,0
2026-02,Y,주택업체,국민임대,경기,0
2026-02,Y,주택업체,국민임대,부산,0
2026-02,Y,주택업체,국민임대,대구,0
2026-02,Y,주택업체,국민임대,광주,0
2026-02,Y,주택업체,국민임대,대전,0
2026-02,Y,주택업체,국민임대,울산,0
2026-02,Y,주택업체,국민임대,세종,0
2026-02,Y,주택업체,국민임대,강원,0
2026-02,Y,주택업체,국민임대,충북,0
2026-02,Y,주택업체,국민임대,충남,0
2026-02,Y,주택업체,국민임대,전북,0
2026-02,Y,주택업체,국민임대,전남,0
2026-02,Y,주택업체,국민임대,경북,0
2026-02,Y,주택업체,국민임대,경남,0
2026-02,Y,주택업체,국민임대,제주,0
2026-02,Y,주택업체,공공임대,전국,689
2026-02,Y,주택업체,공공임대,서울,402
2026-02,Y,주택업체,공공임대,인천,0
2026-02,Y,주택업체,공공임대,경기,287
2026-02,Y,주택업체,공공임대,부산,0
2026-02,Y,주택업체,공공임대,대구,0
2026-02,Y,주택업체,공공임대,광주,0
2026-02,Y,주택업체,공공임대,대전,0
2026-02,Y,주택업체,공공임대,울산,0
2026-02,Y,주택업체,공공임대,세종,0
2026-02,Y,주택업체,공공임대,강원,0
2026-02,Y,주택업체,공공임대,충북,0
2026-02,Y,주택업체,공공임대,충남,0
2026-02,Y,주택업체,공공임대,전북,0
2026-02,Y,주택업체,공공임대,전남,0
2026-02,Y,주택업체,공공임대,경북,0
2026-02,Y,주택업체,공공임대,경남,0
2026-02,Y,주택업체,공공임대,제주,0
2026-02,Y,주택업체,공공분양,전국,0
2026-02,Y,주택업체,공공분양,서울,0
2026-02,Y,주택업체,공공분양,인천,0
2026-02,Y,주택업체,공공분양,경기,0
2026-02,Y,주택업체,공공분양,부산,0
2026-02,Y,주택업체,공공분양,대구,0
2026-02,Y,주택업체,공공분양,광주,0
2026-02,Y,주택업체,공공분양,대전,0
2026-02,Y,주택업체,공공분양,울산,0
2026-02,Y,주택업체,공공분양,세종,0
2026-02,Y,주택업체,공공분양,강원,0
2026-02,Y,주택업체,공공분양,충북,0
2026-02,Y,주택업체,공공분양,충남,0
2026-02,Y,주택업체,공공분양,전북,0
2026-02,Y,주택업체,공공분양,전남,0
2026-02,Y,주택업체,공공분양,경북,0
2026-02,Y,주택업체,공공분양,경남,0
2026-02,Y,주택업체,공공분양,제주,0
2026-02,Y,민간부문,민간부문,전국,26384
2026-02,Y,민간부문,민간부문,서울,1727
2026-02,Y,민간부문,민간부문,인천,1247
2026-02,Y,민간부문,민간부문,경기,11474
2026-02,Y,민간부문,민간부문,부산,2114
2026-02,Y,민간부문,민간부문,대구,372
2026-02,Y,민간부문,민간부문,광주,10
2026-02,Y,민간부문,민간부문,대전,2655
2026-02,Y,민간부문,민간부문,울산,1205
2026-02,Y,민간부문,민간부문,세종,18
2026-02,Y,민간부문,민간부문,강원,181
2026-02,Y,민간부문,민간부문,충북,173
2026-02,Y,민간부문,민간부문,충남,1197
2026-02,Y,민간부문,민간부문,전북,409
2026-02,Y,민간부문,민간부문,전남,1842
2026-02,Y,민간부문,민간부문,경북,734
2026-02,Y,민간부문,민간부문,경남,687
2026-02,Y,민간부문,민간부문,제주,339
2026-02,Y,민간,민간임대,전국,1763
2026-02,Y,민간,민간임대,서울,146
2026-02,Y,민간,민간임대,인천,0
2026-02,Y,민간,민간임대,경기,1107
2026-02,Y,민간,민간임대,부산,0
2026-02,Y,민간,민간임대,대구,0
2026-02,Y,민간,민간임대,광주,0
2026-02,Y,민간,민간임대,대전,0
2026-02,Y,민간,민간임대,울산,0
2026-02,Y,민간,민간임대,세종,0
2026-02,Y,민간,민간임대,강원,0
2026-02,Y,민간,민간임대,충북,0
2026-02,Y,민간,민간임대,충남,0
2026-02,Y,민간,민간임대,전북,282
2026-02,Y,민간,민간임대,전남,228
2026-02,Y,민간,민간임대,경북,0
2026-02,Y,민간,민간임대,경남,0
2026-02,Y,민간,민간임대,제주,0
2026-02,Y,민간,민간분양,전국,24621
2026-02,Y,민간,민간분양,서울,1581
2026-02,Y,민간,민간분양,인천,1247
2026-02,Y,민간,민간분양,경기,10367
2026-02,Y,민간,민간분양,부산,2114
2026-02,Y,민간,민간분양,대구,372
2026-02,Y,민간,민간분양,광주,10
2026-02,Y,민간,민간분양,대전,2655
2026-02,Y,민간,민간분양,울산,1205
2026-02,Y,민간,민간분양,세종,18
2026-02,Y,민간,민간분양,강원,181
2026-02,Y,민간,민간분양,충북,173
2026-02,Y,민간,민간분양,충남,1197
2026-02,Y,민간,민간분양,전북,127
2026-02,Y,민간,민간분양,전남,1614
2026-02,Y,민간,민간분양,경북,734
2026-02,Y,민간,민간분양,경남,687
2026-02,Y,민간,민간분양,제주,339
2026-03,Y,총계,총계,전국,50129
2026-03,Y,총계,총계,서울,5632
2026-03,Y,총계,총계,인천,3478
2026-03,Y,총계,총계,경기,18361
2026-03,Y,총계,총계,부산,3130
2026-03,Y,총계,총계,대구,553
2026-03,Y,총계,총계,광주,1208
2026-03,Y,총계,총계,대전,2668
2026-03,Y,총계,총계,울산,1229
2026-03,Y,총계,총계,세종,707
2026-03,Y,총계,총계,강원,1082
2026-03,Y,총계,총계,충북,2387
2026-03,Y,총계,총계,충남,1970
2026-03,Y,총계,총계,전북,2674
2026-03,Y,총계,총계,전남,2241
2026-03,Y,총계,총계,경북,1096
2026-03,Y,총계,총계,경남,1203
2026-03,Y,총계,총계,제주,510
2026-03,Y,공공부문,공공부문,전국,4716
2026-03,Y,공공부문,공공부문,서울,2090
2026-03,Y,공공부문,공공부문,인천,0
2026-03,Y,공공부문,공공부문,경기,1566
2026-03,Y,공공부문,공공부문,부산,993
2026-03,Y,공공부문,공공부문,대구,0
2026-03,Y,공공부문,공공부문,광주,0
2026-03,Y,공공부문,공공부문,대전,0
2026-03,Y,공공부문,공공부문,울산,0
2026-03,Y,공공부문,공공부문,세종,0
2026-03,Y,공공부문,공공부문,강원,0
2026-03,Y,공공부문,공공부문,충북,0
2026-03,Y,공공부문,공공부문,충남,0
2026-03,Y,공공부문,공공부문,전북,0
2026-03,Y,공공부문,공공부문,전남,43
2026-03,Y,공공부문,공공부문,경북,0
2026-03,Y,공공부문,공공부문,경남,24
2026-03,Y,공공부문,공공부문,제주,0
2026-03,Y,합,국민임대,전국,0
2026-03,Y,합,국민임대,서울,0
2026-03,Y,합,국민임대,인천,0
2026-03,Y,합,국민임대,경기,0
2026-03,Y,합,국민임대,부산,0
2026-03,Y,합,국민임대,대구,0
2026-03,Y,합,국민임대,광주,0
2026-03,Y,합,국민임대,대전,0
2026-03,Y,합,국민임대,울산,0
2026-03,Y,합,국민임대,세종,0
2026-03,Y,합,국민임대,강원,0
2026-03,Y,합,국민임대,충북,0
2026-03,Y,합,국민임대,충남,0
2026-03,Y,합,국민임대,전북,0
2026-03,Y,합,국민임대,전남,0
2026-03,Y,합,국민임대,경북,0
2026-03,Y,합,국민임대,경남,0
2026-03,Y,합,국민임대,제주,0
2026-03,Y,합,공공임대,전국,3217
2026-03,Y,합,공공임대,서울,883
2026-03,Y,합,공공임대,인천,0
2026-03,Y,합,공공임대,경기,1274
2026-03,Y,합,공공임대,부산,993
2026-03,Y,합,공공임대,대구,0
2026-03,Y,합,공공임대,광주,0
2026-03,Y,합,공공임대,대전,0
2026-03,Y,합,공공임대,울산,0
2026-03,Y,합,공공임대,세종,0
2026-03,Y,합,공공임대,강원,0
2026-03,Y,합,공공임대,충북,0
2026-03,Y,합,공공임대,충남,0
2026-03,Y,합,공공임대,전북,0
2026-03,Y,합,공공임대,전남,43
2026-03,Y,합,공공임대,경북,0
2026-03,Y,합,공공임대,경남,24
2026-03,Y,합,공공임대,제주,0
2026-03,Y,합,공공분양,전국,1499
2026-03,Y,합,공공분양,서울,1207
2026-03,Y,합,공공분양,인천,0
2026-03,Y,합,공공분양,경기,292
2026-03,Y,합,공공분양,부산,0
2026-03,Y,합,공공분양,대구,0
2026-03,Y,합,공공분양,광주,0
2026-03,Y,합,공공분양,대전,0
2026-03,Y,합,공공분양,울산,0
2026-03,Y,합,공공분양,세종,0
2026-03,Y,합,공공분양,강원,0
2026-03,Y,합,공공분양,충북,0
2026-03,Y,합,공공분양,충남,0
2026-03,Y,합,공공분양,전북,0
2026-03,Y,합,공공분양,전남,0
2026-03,Y,합,공공분양,경북,0
2026-03,Y,합,공공분양,경남,0
2026-03,Y,합,공공분양,제주,0
2026-03,Y,지자체,소계,전국,2091
2026-03,Y,지자체,소계,서울,10
2026-03,Y,지자체,소계,인천,0
2026-03,Y,지자체,소계,경기,1021
2026-03,Y,지자체,소계,부산,993
2026-03,Y,지자체,소계,대구,0
2026-03,Y,지자체,소계,광주,0
2026-03,Y,지자체,소계,대전,0
2026-03,Y,지자체,소계,울산,0
2026-03,Y,지자체,소계,세종,0
2026-03,Y,지자체,소계,강원,0
2026-03,Y,지자체,소계,충북,0
2026-03,Y,지자체,소계,충남,0
2026-03,Y,지자체,소계,전북,0
2026-03,Y,지자체,소계,전남,43
2026-03,Y,지자체,소계,경북,0
2026-03,Y,지자체,소계,경남,24
2026-03,Y,지자체,소계,제주,0
2026-03,Y,지자체,국민임대,전국,0
2026-03,Y,지자체,국민임대,서울,0
2026-03,Y,지자체,국민임대,인천,0
2026-03,Y,지자체,국민임대,경기,0
2026-03,Y,지자체,국민임대,부산,0
2026-03,Y,지자체,국민임대,대구,0
2026-03,Y,지자체,국민임대,광주,0
2026-03,Y,지자체,국민임대,대전,0
2026-03,Y,지자체,국민임대,울산,0
2026-03,Y,지자체,국민임대,세종,0
2026-03,Y,지자체,국민임대,강원,0
2026-03,Y,지자체,국민임대,충북,0
2026-03,Y,지자체,국민임대,충남,0
2026-03,Y,지자체,국민임대,전북,0
2026-03,Y,지자체,국민임대,전남,0
2026-03,Y,지자체,국민임대,경북,0
2026-03,Y,지자체,국민임대,경남,0
2026-03,Y,지자체,국민임대,제주,0
2026-03,Y,지자체,공공임대,전국,1799
2026-03,Y,지자체,공공임대,서울,10
2026-03,Y,지자체,공공임대,인천,0
2026-03,Y,지자체,공공임대,경기,729
2026-03,Y,지자체,공공임대,부산,993
2026-03,Y,지자체,공공임대,대구,0
2026-03,Y,지자체,공공임대,광주,0
2026-03,Y,지자체,공공임대,대전,0
2026-03,Y,지자체,공공임대,울산,0
2026-03,Y,지자체,공공임대,세종,0
2026-03,Y,지자체,공공임대,강원,0
2026-03,Y,지자체,공공임대,충북,0
2026-03,Y,지자체,공공임대,충남,0
2026-03,Y,지자체,공공임대,전북,0
2026-03,Y,지자체,공공임대,전남,43
2026-03,Y,지자체,공공임대,경북,0
2026-03,Y,지자체,공공임대,경남,24
2026-03,Y,지자체,공공임대,제주,0
2026-03,Y,지자체,공공분양,전국,292
2026-03,Y,지자체,공공분양,서울,0
2026-03,Y,지자체,공공분양,인천,0
2026-03,Y,지자체,공공분양,경기,292
2026-03,Y,지자체,공공분양,부산,0
2026-03,Y,지자체,공공분양,대구,0
2026-03,Y,지자체,공공분양,광주,0
2026-03,Y,지자체,공공분양,대전,0
2026-03,Y,지자체,공공분양,울산,0
2026-03,Y,지자체,공공분양,세종,0
2026-03,Y,지자체,공공분양,강원,0
2026-03,Y,지자체,공공분양,충북,0
2026-03,Y,지자체,공공분양,충남,0
2026-03,Y,지자체,공공분양,전북,0
2026-03,Y,지자체,공공분양,전남,0
2026-03,Y,지자체,공공분양,경북,0
2026-03,Y,지자체,공공분양,경남,0
2026-03,Y,지자체,공공분양,제주,0
2026-03,Y,LH,소계,전국,1678
2026-03,Y,LH,소계,서울,1678
2026-03,Y,LH,소계,인천,0
2026-03,Y,LH,소계,경기,0
2026-03,Y,LH,소계,부산,0
2026-03,Y,LH,소계,대구,0
2026-03,Y,LH,소계,광주,0
2026-03,Y,LH,소계,대전,0
2026-03,Y,LH,소계,울산,0
2026-03,Y,LH,소계,세종,0
2026-03,Y,LH,소계,강원,0
2026-03,Y,LH,소계,충북,0
2026-03,Y,LH,소계,충남,0
2026-03,Y,LH,소계,전북,0
2026-03,Y,LH,소계,전남,0
2026-03,Y,LH,소계,경북,0
2026-03,Y,LH,소계,경남,0
2026-03,Y,LH,소계,제주,0
2026-03,Y,LH,국민임대,전국,0
2026-03,Y,LH,국민임대,서울,0
2026-03,Y,LH,국민임대,인천,0
2026-03,Y,LH,국민임대,경기,0
2026-03,Y,LH,국민임대,부산,0
2026-03,Y,LH,국민임대,대구,0
2026-03,Y,LH,국민임대,광주,0
2026-03,Y,LH,국민임대,대전,0
2026-03,Y,LH,국민임대,울산,0
2026-03,Y,LH,국민임대,세종,0
2026-03,Y,LH,국민임대,강원,0
2026-03,Y,LH,국민임대,충북,0
2026-03,Y,LH,국민임대,충남,0
2026-03,Y,LH,국민임대,전북,0
2026-03,Y,LH,국민임대,전남,0
2026-03,Y,LH,국민임대,경북,0
2026-03,Y,LH,국민임대,경남,0
2026-03,Y,LH,국민임대,제주,0
2026-03,Y,LH,공공임대,전국,471
2026-03,Y,LH,공공임대,서울,471
2026-03,Y,LH,공공임대,인천,0
2026-03,Y,LH,공공임대,경기,0
2026-03,Y,LH,공공임대,부산,0
2026-03,Y,LH,공공임대,대구,0
2026-03,Y,LH,공공임대,광주,0
2026-03,Y,LH,공공임대,대전,0
2026-03,Y,LH,공공임대,울산,0
2026-03,Y,LH,공공임대,세종,0
2026-03,Y,LH,공공임대,강원,0
2026-03,Y,LH,공공임대,충북,0
2026-03,Y,LH,공공임대,충남,0
2026-03,Y,LH,공공임대,전북,0
2026-03,Y,LH,공공임대,전남,0
2026-03,Y,LH,공공임대,경북,0
2026-03,Y,LH,공공임대,경남,0
2026-03,Y,LH,공공임대,제주,0
2026-03,Y,LH,공공분양,전국,1207
2026-03,Y,LH,공공분양,서울,1207
2026-03,Y,LH,공공분양,인천,0
2026-03,Y,LH,공공분양,경기,0
2026-03,Y,LH,공공분양,부산,0
2026-03,Y,LH,공공분양,대구,0
2026-03,Y,LH,공공분양,광주,0
2026-03,Y,LH,공공분양,대전,0
2026-03,Y,LH,공공분양,울산,0
2026-03,Y,LH,공공분양,세종,0
2026-03,Y,LH,공공분양,강원,0
2026-03,Y,LH,공공분양,충북,0
2026-03,Y,LH,공공분양,충남,0
2026-03,Y,LH,공공분양,전북,0
2026-03,Y,LH,공공분양,전남,0
2026-03,Y,LH,공공분양,경북,0
2026-03,Y,LH,공공분양,경남,0
2026-03,Y,LH,공공분양,제주,0
2026-03,Y,주택업체,소계,전국,947
2026-03,Y,주택업체,소계,서울,402
2026-03,Y,주택업체,소계,인천,0
2026-03,Y,주택업체,소계,경기,545
2026-03,Y,주택업체,소계,부산,0
2026-03,Y,주택업체,소계,대구,0
2026-03,Y,주택업체,소계,광주,0
2026-03,Y,주택업체,소계,대전,0
2026-03,Y,주택업체,소계,울산,0
2026-03,Y,주택업체,소계,세종,0
2026-03,Y,주택업체,소계,강원,0
2026-03,Y,주택업체,소계,충북,0
2026-03,Y,주택업체,소계,충남,0
2026-03,Y,주택업체,소계,전북,0
2026-03,Y,주택업체,소계,전남,0
2026-03,Y,주택업체,소계,경북,0
2026-03,Y,주택업체,소계,경남,0
2026-03,Y,주택업체,소계,제주,0
2026-03,Y,주택업체,국민임대,전국,0
2026-03,Y,주택업체,국민임대,서울,0
2026-03,Y,주택업체,국민임대,인천,0
2026-03,Y,주택업체,국민임대,경기,0
2026-03,Y,주택업체,국민임대,부산,0
2026-03,Y,주택업체,국민임대,대구,0
2026-03,Y,주택업체,국민임대,광주,0
2026-03,Y,주택업체,국민임대,대전,0
2026-03,Y,주택업체,국민임대,울산,0
2026-03,Y,주택업체,국민임대,세종,0
2026-03,Y,주택업체,국민임대,강원,0
2026-03,Y,주택업체,국민임대,충북,0
2026-03,Y,주택업체,국민임대,충남,0
2026-03,Y,주택업체,국민임대,전북,0
2026-03,Y,주택업체,국민임대,전남,0
2026-03,Y,주택업체,국민임대,경북,0
2026-03,Y,주택업체,국민임대,경남,0
2026-03,Y,주택업체,국민임대,제주,0
2026-03,Y,주택업체,공공임대,전국,947
2026-03,Y,주택업체,공공임대,서울,402
2026-03,Y,주택업체,공공임대,인천,0
2026-03,Y,주택업체,공공임대,경기,545
2026-03,Y,주택업체,공공임대,부산,0
2026-03,Y,주택업체,공공임대,대구,0
2026-03,Y,주택업체,공공임대,광주,0
2026-03,Y,주택업체,공공임대,대전,0
2026-03,Y,주택업체,공공임대,울산,0
2026-03,Y,주택업체,공공임대,세종,0
2026-03,Y,주택업체,공공임대,강원,0
2026-03,Y,주택업체,공공임대,충북,0
2026-03,Y,주택업체,공공임대,충남,0
2026-03,Y,주택업체,공공임대,전북,0
2026-03,Y,주택업체,공공임대,전남,0
2026-03,Y,주택업체,공공임대,경북,0
2026-03,Y,주택업체,공공임대,경남,0
2026-03,Y,주택업체,공공임대,제주,0
2026-03,Y,주택업체,공공분양,전국,0
2026-03,Y,주택업체,공공분양,서울,0
2026-03,Y,주택업체,공공분양,인천,0
2026-03,Y,주택업체,공공분양,경기,0
2026-03,Y,주택업체,공공분양,부산,0
2026-03,Y,주택업체,공공분양,대구,0
2026-03,Y,주택업체,공공분양,광주,0
2026-03,Y,주택업체,공공분양,대전,0
2026-03,Y,주택업체,공공분양,울산,0
2026-03,Y,주택업체,공공분양,세종,0
2026-03,Y,주택업체,공공분양,강원,0
2026-03,Y,주택업체,공공분양,충북,0
2026-03,Y,주택업체,공공분양,충남,0
2026-03,Y,주택업체,공공분양,전북,0
2026-03,Y,주택업체,공공분양,전남,0
2026-03,Y,주택업체,공공분양,경북,0
2026-03,Y,주택업체,공공분양,경남,0
2026-03,Y,주택업체,공공분양,제주,0
2026-03,Y,민간부문,민간부문,전국,45413
2026-03,Y,민간부문,민간부문,서울,3542
2026-03,Y,민간부문,민간부문,인천,3478
2026-03,Y,민간부문,민간부문,경기,16795
2026-03,Y,민간부문,민간부문,부산,2137
2026-03,Y,민간부문,민간부문,대구,553
2026-03,Y,민간부문,민간부문,광주,1208
2026-03,Y,민간부문,민간부문,대전,2668
2026-03,Y,민간부문,민간부문,울산,1229
2026-03,Y,민간부문,민간부문,세종,707
2026-03,Y,민간부문,민간부문,강원,1082
2026-03,Y,민간부문,민간부문,충북,2387
2026-03,Y,민간부문,민간부문,충남,1970
2026-03,Y,민간부문,민간부문,전북,2674
2026-03,Y,민간부문,민간부문,전남,2198
2026-03,Y,민간부문,민간부문,경북,1096
2026-03,Y,민간부문,민간부문,경남,1179
2026-03,Y,민간부문,민간부문,제주,510
2026-03,Y,민간,민간임대,전국,4068
2026-03,Y,민간,민간임대,서울,146
2026-03,Y,민간,민간임대,인천,0
2026-03,Y,민간,민간임대,경기,1401
2026-03,Y,민간,민간임대,부산,0
2026-03,Y,민간,민간임대,대구,0
2026-03,Y,민간,민간임대,광주,0
2026-03,Y,민간,민간임대,대전,0
2026-03,Y,민간,민간임대,울산,0
2026-03,Y,민간,민간임대,세종,0
2026-03,Y,민간,민간임대,강원,292
2026-03,Y,민간,민간임대,충북,481
2026-03,Y,민간,민간임대,충남,0
2026-03,Y,민간,민간임대,전북,1372
2026-03,Y,민간,민간임대,전남,376
2026-03,Y,민간,민간임대,경북,0
2026-03,Y,민간,민간임대,경남,0
2026-03,Y,민간,민간임대,제주,0
2026-03,Y,민간,민간분양,전국,41345
2026-03,Y,민간,민간분양,서울,3396
2026-03,Y,민간,민간분양,인천,3478
2026-03,Y,민간,민간분양,경기,15394
2026-03,Y,민간,민간분양,부산,2137
2026-03,Y,민간,민간분양,대구,553
2026-03,Y,민간,민간분양,광주,1208
2026-03,Y,민간,민간분양,대전,2668
2026-03,Y,민간,민간분양,울산,1229
2026-03,Y,민간,민간분양,세종,707
2026-03,Y,민간,민간분양,강원,790
2026-03,Y,민간,민간분양,충북,1906
2026-03,Y,민간,민간분양,충남,1970
2026-03,Y,민간,민간분양,전북,1302
2026-03,Y,민간,민간분양,전남,1822
2026-03,Y,민간,민간분양,경북,1096
2026-03,Y,민간,민간분양,경남,1179
2026-03,Y,민간,민간분양,제주,510
2026-04,Y,총계,총계,전국,79371
2026-04,Y,총계,총계,서울,12760
2026-04,Y,총계,총계,인천,5921
2026-04,Y,총계,총계,경기,24932
2026-04,Y,총계,총계,부산,3619
2026-04,Y,총계,총계,대구,571
2026-04,Y,총계,총계,광주,1236
2026-04,Y,총계,총계,대전,5847
2026-04,Y,총계,총계,울산,1244
2026-04,Y,총계,총계,세종,3906
2026-04,Y,총계,총계,강원,1615
2026-04,Y,총계,총계,충북,4344
2026-04,Y,총계,총계,충남,3431
2026-04,Y,총계,총계,전북,2780
2026-04,Y,총계,총계,전남,2651
2026-04,Y,총계,총계,경북,2507
2026-04,Y,총계,총계,경남,1364
2026-04,Y,총계,총계,제주,643
2026-04,Y,공공부문,공공부문,전국,9472
2026-04,Y,공공부문,공공부문,서울,3387
2026-04,Y,공공부문,공공부문,인천,0
2026-04,Y,공공부문,공공부문,경기,3916
2026-04,Y,공공부문,공공부문,부산,993
2026-04,Y,공공부문,공공부문,대구,0
2026-04,Y,공공부문,공공부문,광주,0
2026-04,Y,공공부문,공공부문,대전,0
2026-04,Y,공공부문,공공부문,울산,0
2026-04,Y,공공부문,공공부문,세종,999
2026-04,Y,공공부문,공공부문,강원,0
2026-04,Y,공공부문,공공부문,충북,0
2026-04,Y,공공부문,공공부문,충남,0
2026-04,Y,공공부문,공공부문,전북,0
2026-04,Y,공공부문,공공부문,전남,43
2026-04,Y,공공부문,공공부문,경북,110
2026-04,Y,공공부문,공공부문,경남,24
2026-04,Y,공공부문,공공부문,제주,0
2026-04,Y,합,국민임대,전국,10
2026-04,Y,합,국민임대,서울,10
2026-04,Y,합,국민임대,인천,0
2026-04,Y,합,국민임대,경기,0
2026-04,Y,합,국민임대,부산,0
2026-04,Y,합,국민임대,대구,0
2026-04,Y,합,국민임대,광주,0
2026-04,Y,합,국민임대,대전,0
2026-04,Y,합,국민임대,울산,0
2026-04,Y,합,국민임대,세종,0
2026-04,Y,합,국민임대,강원,0
2026-04,Y,합,국민임대,충북,0
2026-04,Y,합,국민임대,충남,0
2026-04,Y,합,국민임대,전북,0
2026-04,Y,합,국민임대,전남,0
2026-04,Y,합,국민임대,경북,0
2026-04,Y,합,국민임대,경남,0
2026-04,Y,합,국민임대,제주,0
2026-04,Y,합,공공임대,전국,7465
2026-04,Y,합,공공임대,서울,2170
2026-04,Y,합,공공임대,인천,0
2026-04,Y,합,공공임대,경기,3624
2026-04,Y,합,공공임대,부산,993
2026-04,Y,합,공공임대,대구,0
2026-04,Y,합,공공임대,광주,0
2026-04,Y,합,공공임대,대전,0
2026-04,Y,합,공공임대,울산,0
2026-04,Y,합,공공임대,세종,501
2026-04,Y,합,공공임대,강원,0
2026-04,Y,합,공공임대,충북,0
2026-04,Y,합,공공임대,충남,0
2026-04,Y,합,공공임대,전북,0
2026-04,Y,합,공공임대,전남,43
2026-04,Y,합,공공임대,경북,110
2026-04,Y,합,공공임대,경남,24
2026-04,Y,합,공공임대,제주,0
2026-04,Y,합,공공분양,전국,1997
2026-04,Y,합,공공분양,서울,1207
2026-04,Y,합,공공분양,인천,0
2026-04,Y,합,공공분양,경기,292
2026-04,Y,합,공공분양,부산,0
2026-04,Y,합,공공분양,대구,0
2026-04,Y,합,공공분양,광주,0
2026-04,Y,합,공공분양,대전,0
2026-04,Y,합,공공분양,울산,0
2026-04,Y,합,공공분양,세종,498
2026-04,Y,합,공공분양,강원,0
2026-04,Y,합,공공분양,충북,0
2026-04,Y,합,공공분양,충남,0
2026-04,Y,합,공공분양,전북,0
2026-04,Y,합,공공분양,전남,0
2026-04,Y,합,공공분양,경북,0
2026-04,Y,합,공공분양,경남,0
2026-04,Y,합,공공분양,제주,0
2026-04,Y,지자체,소계,전국,4401
2026-04,Y,지자체,소계,서울,10
2026-04,Y,지자체,소계,인천,0
2026-04,Y,지자체,소계,경기,3221
2026-04,Y,지자체,소계,부산,993
2026-04,Y,지자체,소계,대구,0
2026-04,Y,지자체,소계,광주,0
2026-04,Y,지자체,소계,대전,0
2026-04,Y,지자체,소계,울산,0
2026-04,Y,지자체,소계,세종,0
2026-04,Y,지자체,소계,강원,0
2026-04,Y,지자체,소계,충북,0
2026-04,Y,지자체,소계,충남,0
2026-04,Y,지자체,소계,전북,0
2026-04,Y,지자체,소계,전남,43
2026-04,Y,지자체,소계,경북,110
2026-04,Y,지자체,소계,경남,24
2026-04,Y,지자체,소계,제주,0
2026-04,Y,지자체,국민임대,전국,0
2026-04,Y,지자체,국민임대,서울,0
2026-04,Y,지자체,국민임대,인천,0
2026-04,Y,지자체,국민임대,경기,0
2026-04,Y,지자체,국민임대,부산,0
2026-04,Y,지자체,국민임대,대구,0
2026-04,Y,지자체,국민임대,광주,0
2026-04,Y,지자체,국민임대,대전,0
2026-04,Y,지자체,국민임대,울산,0
2026-04,Y,지자체,국민임대,세종,0
2026-04,Y,지자체,국민임대,강원,0
2026-04,Y,지자체,국민임대,충북,0
2026-04,Y,지자체,국민임대,충남,0
2026-04,Y,지자체,국민임대,전북,0
2026-04,Y,지자체,국민임대,전남,0
2026-04,Y,지자체,국민임대,경북,0
2026-04,Y,지자체,국민임대,경남,0
2026-04,Y,지자체,국민임대,제주,0
2026-04,Y,지자체,공공임대,전국,4109
2026-04,Y,지자체,공공임대,서울,10
2026-04,Y,지자체,공공임대,인천,0
2026-04,Y,지자체,공공임대,경기,2929
2026-04,Y,지자체,공공임대,부산,993
2026-04,Y,지자체,공공임대,대구,0
2026-04,Y,지자체,공공임대,광주,0
2026-04,Y,지자체,공공임대,대전,0
2026-04,Y,지자체,공공임대,울산,0
2026-04,Y,지자체,공공임대,세종,0
2026-04,Y,지자체,공공임대,강원,0
2026-04,Y,지자체,공공임대,충북,0
2026-04,Y,지자체,공공임대,충남,0
2026-04,Y,지자체,공공임대,전북,0
2026-04,Y,지자체,공공임대,전남,43
2026-04,Y,지자체,공공임대,경북,110
2026-04,Y,지자체,공공임대,경남,24
2026-04,Y,지자체,공공임대,제주,0
2026-04,Y,지자체,공공분양,전국,292
2026-04,Y,지자체,공공분양,서울,0
2026-04,Y,지자체,공공분양,인천,0
2026-04,Y,지자체,공공분양,경기,292
2026-04,Y,지자체,공공분양,부산,0
2026-04,Y,지자체,공공분양,대구,0
2026-04,Y,지자체,공공분양,광주,0
2026-04,Y,지자체,공공분양,대전,0
2026-04,Y,지자체,공공분양,울산,0
2026-04,Y,지자체,공공분양,세종,0
2026-04,Y,지자체,공공분양,강원,0
2026-04,Y,지자체,공공분양,충북,0
2026-04,Y,지자체,공공분양,충남,0
2026-04,Y,지자체,공공분양,전북,0
2026-04,Y,지자체,공공분양,전남,0
2026-04,Y,지자체,공공분양,경북,0
2026-04,Y,지자체,공공분양,경남,0
2026-04,Y,지자체,공공분양,제주,0
2026-04,Y,LH,소계,전국,3494
2026-04,Y,LH,소계,서울,2495
2026-04,Y,LH,소계,인천,0
2026-04,Y,LH,소계,경기,0
2026-04,Y,LH,소계,부산,0
2026-04,Y,LH,소계,대구,0
2026-04,Y,LH,소계,광주,0
2026-04,Y,LH,소계,대전,0
2026-04,Y,LH,소계,울산,0
2026-04,Y,LH,소계,세종,999
2026-04,Y,LH,소계,강원,0
2026-04,Y,LH,소계,충북,0
2026-04,Y,LH,소계,충남,0
2026-04,Y,LH,소계,전북,0
2026-04,Y,LH,소계,전남,0
2026-04,Y,LH,소계,경북,0
2026-04,Y,LH,소계,경남,0
2026-04,Y,LH,소계,제주,0
2026-04,Y,LH,국민임대,전국,0
2026-04,Y,LH,국민임대,서울,0
2026-04,Y,LH,국민임대,인천,0
2026-04,Y,LH,국민임대,경기,0
2026-04,Y,LH,국민임대,부산,0
2026-04,Y,LH,국민임대,대구,0
2026-04,Y,LH,국민임대,광주,0
2026-04,Y,LH,국민임대,대전,0
2026-04,Y,LH,국민임대,울산,0
2026-04,Y,LH,국민임대,세종,0
2026-04,Y,LH,국민임대,강원,0
2026-04,Y,LH,국민임대,충북,0
2026-04,Y,LH,국민임대,충남,0
2026-04,Y,LH,국민임대,전북,0
2026-04,Y,LH,국민임대,전남,0
2026-04,Y,LH,국민임대,경북,0
2026-04,Y,LH,국민임대,경남,0
2026-04,Y,LH,국민임대,제주,0
2026-04,Y,LH,공공임대,전국,1789
2026-04,Y,LH,공공임대,서울,1288
2026-04,Y,LH,공공임대,인천,0
2026-04,Y,LH,공공임대,경기,0
2026-04,Y,LH,공공임대,부산,0
2026-04,Y,LH,공공임대,대구,0
2026-04,Y,LH,공공임대,광주,0
2026-04,Y,LH,공공임대,대전,0
2026-04,Y,LH,공공임대,울산,0
2026-04,Y,LH,공공임대,세종,501
2026-04,Y,LH,공공임대,강원,0
2026-04,Y,LH,공공임대,충북,0
2026-04,Y,LH,공공임대,충남,0
2026-04,Y,LH,공공임대,전북,0
2026-04,Y,LH,공공임대,전남,0
2026-04,Y,LH,공공임대,경북,0
2026-04,Y,LH,공공임대,경남,0
2026-04,Y,LH,공공임대,제주,0
2026-04,Y,LH,공공분양,전국,1705
2026-04,Y,LH,공공분양,서울,1207
2026-04,Y,LH,공공분양,인천,0
2026-04,Y,LH,공공분양,경기,0
2026-04,Y,LH,공공분양,부산,0
2026-04,Y,LH,공공분양,대구,0
2026-04,Y,LH,공공분양,광주,0
2026-04,Y,LH,공공분양,대전,0
2026-04,Y,LH,공공분양,울산,0
2026-04,Y,LH,공공분양,세종,498
2026-04,Y,LH,공공분양,강원,0
2026-04,Y,LH,공공분양,충북,0
2026-04,Y,LH,공공분양,충남,0
2026-04,Y,LH,공공분양,전북,0
2026-04,Y,LH,공공분양,전남,0
2026-04,Y,LH,공공분양,경북,0
2026-04,Y,LH,공공분양,경남,0
2026-04,Y,LH,공공분양,제주,0
2026-04,Y,주택업체,소계,전국,1577
2026-04,Y,주택업체,소계,서울,882
2026-04,Y,주택업체,소계,인천,0
2026-04,Y,주택업체,소계,경기,695
2026-04,Y,주택업체,소계,부산,0
2026-04,Y,주택업체,소계,대구,0
2026-04,Y,주택업체,소계,광주,0
2026-04,Y,주택업체,소계,대전,0
2026-04,Y,주택업체,소계,울산,0
2026-04,Y,주택업체,소계,세종,0
2026-04,Y,주택업체,소계,강원,0
2026-04,Y,주택업체,소계,충북,0
2026-04,Y,주택업체,소계,충남,0
2026-04,Y,주택업체,소계,전북,0
2026-04,Y,주택업체,소계,전남,0
2026-04,Y,주택업체,소계,경북,0
2026-04,Y,주택업체,소계,경남,0
2026-04,Y,주택업체,소계,제주,0
2026-04,Y,주택업체,국민임대,전국,10
2026-04,Y,주택업체,국민임대,서울,10
2026-04,Y,주택업체,국민임대,인천,0
2026-04,Y,주택업체,국민임대,경기,0
2026-04,Y,주택업체,국민임대,부산,0
2026-04,Y,주택업체,국민임대,대구,0
2026-04,Y,주택업체,국민임대,광주,0
2026-04,Y,주택업체,국민임대,대전,0
2026-04,Y,주택업체,국민임대,울산,0
2026-04,Y,주택업체,국민임대,세종,0
2026-04,Y,주택업체,국민임대,강원,0
2026-04,Y,주택업체,국민임대,충북,0
2026-04,Y,주택업체,국민임대,충남,0
2026-04,Y,주택업체,국민임대,전북,0
2026-04,Y,주택업체,국민임대,전남,0
2026-04,Y,주택업체,국민임대,경북,0
2026-04,Y,주택업체,국민임대,경남,0
2026-04,Y,주택업체,국민임대,제주,0
2026-04,Y,주택업체,공공임대,전국,1567
2026-04,Y,주택업체,공공임대,서울,872
2026-04,Y,주택업체,공공임대,인천,0
2026-04,Y,주택업체,공공임대,경기,695
2026-04,Y,주택업체,공공임대,부산,0
2026-04,Y,주택업체,공공임대,대구,0
2026-04,Y,주택업체,공공임대,광주,0
2026-04,Y,주택업체,공공임대,대전,0
2026-04,Y,주택업체,공공임대,울산,0
2026-04,Y,주택업체,공공임대,세종,0
2026-04,Y,주택업체,공공임대,강원,0
2026-04,Y,주택업체,공공임대,충북,0
2026-04,Y,주택업체,공공임대,충남,0
2026-04,Y,주택업체,공공임대,전북,0
2026-04,Y,주택업체,공공임대,전남,0
2026-04,Y,주택업체,공공임대,경북,0
2026-04,Y,주택업체,공공임대,경남,0
2026-04,Y,주택업체,공공임대,제주,0
2026-04,Y,주택업체,공공분양,전국,0
2026-04,Y,주택업체,공공분양,서울,0
2026-04,Y,주택업체,공공분양,인천,0
2026-04,Y,주택업체,공공분양,경기,0
2026-04,Y,주택업체,공공분양,부산,0
2026-04,Y,주택업체,공공분양,대구,0
2026-04,Y,주택업체,공공분양,광주,0
2026-04,Y,주택업체,공공분양,대전,0
2026-04,Y,주택업체,공공분양,울산,0
2026-04,Y,주택업체,공공분양,세종,0
2026-04,Y,주택업체,공공분양,강원,0
2026-04,Y,주택업체,공공분양,충북,0
2026-04,Y,주택업체,공공분양,충남,0
2026-04,Y,주택업체,공공분양,전북,0
2026-04,Y,주택업체,공공분양,전남,0
2026-04,Y,주택업체,공공분양,경북,0
2026-04,Y,주택업체,공공분양,경남,0
2026-04,Y,주택업체,공공분양,제주,0
2026-04,Y,민간부문,민간부문,전국,69899
2026-04,Y,민간부문,민간부문,서울,9373
2026-04,Y,민간부문,민간부문,인천,5921
2026-04,Y,민간부문,민간부문,경기,21016
2026-04,Y,민간부문,민간부문,부산,2626
2026-04,Y,민간부문,민간부문,대구,571
2026-04,Y,민간부문,민간부문,광주,1236
2026-04,Y,민간부문,민간부문,대전,5847
2026-04,Y,민간부문,민간부문,울산,1244
2026-04,Y,민간부문,민간부문,세종,2907
2026-04,Y,민간부문,민간부문,강원,1615
2026-04,Y,민간부문,민간부문,충북,4344
2026-04,Y,민간부문,민간부문,충남,3431
2026-04,Y,민간부문,민간부문,전북,2780
2026-04,Y,민간부문,민간부문,전남,2608
2026-04,Y,민간부문,민간부문,경북,2397
2026-04,Y,민간부문,민간부문,경남,1340
2026-04,Y,민간부문,민간부문,제주,643
2026-04,Y,민간,민간임대,전국,6440
2026-04,Y,민간,민간임대,서울,146
2026-04,Y,민간,민간임대,인천,0
2026-04,Y,민간,민간임대,경기,1401
2026-04,Y,민간,민간임대,부산,0
2026-04,Y,민간,민간임대,대구,0
2026-04,Y,민간,민간임대,광주,0
2026-04,Y,민간,민간임대,대전,0
2026-04,Y,민간,민간임대,울산,0
2026-04,Y,민간,민간임대,세종,0
2026-04,Y,민간,민간임대,강원,586
2026-04,Y,민간,민간임대,충북,2298
2026-04,Y,민간,민간임대,충남,0
2026-04,Y,민간,민간임대,전북,1372
2026-04,Y,민간,민간임대,전남,579
2026-04,Y,민간,민간임대,경북,0
2026-04,Y,민간,민간임대,경남,0
2026-04,Y,민간,민간임대,제주,58
2026-04,Y,민간,민간분양,전국,63459
2026-04,Y,민간,민간분양,서울,9227
2026-04,Y,민간,민간분양,인천,5921
2026-04,Y,민간,민간분양,경기,19615
2026-04,Y,민간,민간분양,부산,2626
2026-04,Y,민간,민간분양,대구,571
2026-04,Y,민간,민간분양,광주,1236
2026-04,Y,민간,민간분양,대전,5847
2026-04,Y,민간,민간분양,울산,1244
2026-04,Y,민간,민간분양,세종,2907
2026-04,Y,민간,민간분양,강원,1029
2026-04,Y,민간,민간분양,충북,2046
2026-04,Y,민간,민간분양,충남,3431
2026-04,Y,민간,민간분양,전북,1408
2026-04,Y,민간,민간분양,전남,2029
2026-04,Y,민간,민간분양,경북,2397
2026-04,Y,민간,민간분양,경남,1340
2026-04,Y,민간,민간분양,제주,585
2026-05,Y,총계,총계,전국,98694
2026-05,Y,총계,총계,서울,19052
2026-05,Y,총계,총계,인천,7733
2026-05,Y,총계,총계,경기,30980
2026-05,Y,총계,총계,부산,3968
2026-05,Y,총계,총계,대구,936
2026-05,Y,총계,총계,광주,1241
2026-05,Y,총계,총계,대전,5854
2026-05,Y,총계,총계,울산,1261
2026-05,Y,총계,총계,세종,3917
2026-05,Y,총계,총계,강원,2208
2026-05,Y,총계,총계,충북,5010
2026-05,Y,총계,총계,충남,3669
2026-05,Y,총계,총계,전북,4276
2026-05,Y,총계,총계,전남,2850
2026-05,Y,총계,총계,경북,3516
2026-05,Y,총계,총계,경남,1508
2026-05,Y,총계,총계,제주,715
2026-05,Y,공공부문,공공부문,전국,10287
2026-05,Y,공공부문,공공부문,서울,3855
2026-05,Y,공공부문,공공부문,인천,0
2026-05,Y,공공부문,공공부문,경기,4263
2026-05,Y,공공부문,공공부문,부산,993
2026-05,Y,공공부문,공공부문,대구,0
2026-05,Y,공공부문,공공부문,광주,0
2026-05,Y,공공부문,공공부문,대전,0
2026-05,Y,공공부문,공공부문,울산,0
2026-05,Y,공공부문,공공부문,세종,999
2026-05,Y,공공부문,공공부문,강원,0
2026-05,Y,공공부문,공공부문,충북,0
2026-05,Y,공공부문,공공부문,충남,0
2026-05,Y,공공부문,공공부문,전북,0
2026-05,Y,공공부문,공공부문,전남,43
2026-05,Y,공공부문,공공부문,경북,110
2026-05,Y,공공부문,공공부문,경남,24
2026-05,Y,공공부문,공공부문,제주,0
2026-05,Y,합,국민임대,전국,10
2026-05,Y,합,국민임대,서울,10
2026-05,Y,합,국민임대,인천,0
2026-05,Y,합,국민임대,경기,0
2026-05,Y,합,국민임대,부산,0
2026-05,Y,합,국민임대,대구,0
2026-05,Y,합,국민임대,광주,0
2026-05,Y,합,국민임대,대전,0
2026-05,Y,합,국민임대,울산,0
2026-05,Y,합,국민임대,세종,0
2026-05,Y,합,국민임대,강원,0
2026-05,Y,합,국민임대,충북,0
2026-05,Y,합,국민임대,충남,0
2026-05,Y,합,국민임대,전북,0
2026-05,Y,합,국민임대,전남,0
2026-05,Y,합,국민임대,경북,0
2026-05,Y,합,국민임대,경남,0
2026-05,Y,합,국민임대,제주,0
2026-05,Y,합,공공임대,전국,8224
2026-05,Y,합,공공임대,서울,2582
2026-05,Y,합,공공임대,인천,0
2026-05,Y,합,공공임대,경기,3971
2026-05,Y,합,공공임대,부산,993
2026-05,Y,합,공공임대,대구,0
2026-05,Y,합,공공임대,광주,0
2026-05,Y,합,공공임대,대전,0
2026-05,Y,합,공공임대,울산,0
2026-05,Y,합,공공임대,세종,501
2026-05,Y,합,공공임대,강원,0
2026-05,Y,합,공공임대,충북,0
2026-05,Y,합,공공임대,충남,0
2026-05,Y,합,공공임대,전북,0
2026-05,Y,합,공공임대,전남,43
2026-05,Y,합,공공임대,경북,110
2026-05,Y,합,공공임대,경남,24
2026-05,Y,합,공공임대,제주,0
2026-05,Y,합,공공분양,전국,2053
2026-05,Y,합,공공분양,서울,1263
2026-05,Y,합,공공분양,인천,0
2026-05,Y,합,공공분양,경기,292
2026-05,Y,합,공공분양,부산,0
2026-05,Y,합,공공분양,대구,0
2026-05,Y,합,공공분양,광주,0
2026-05,Y,합,공공분양,대전,0
2026-05,Y,합,공공분양,울산,0
2026-05,Y,합,공공분양,세종,498
2026-05,Y,합,공공분양,강원,0
2026-05,Y,합,공공분양,충북,0
2026-05,Y,합,공공분양,충남,0
2026-05,Y,합,공공분양,전북,0
2026-05,Y,합,공공분양,전남,0
2026-05,Y,합,공공분양,경북,0
2026-05,Y,합,공공분양,경남,0
2026-05,Y,합,공공분양,제주,0
2026-05,Y,지자체,소계,전국,4401
2026-05,Y,지자체,소계,서울,10
2026-05,Y,지자체,소계,인천,0
2026-05,Y,지자체,소계,경기,3221
2026-05,Y,지자체,소계,부산,993
2026-05,Y,지자체,소계,대구,0
2026-05,Y,지자체,소계,광주,0
2026-05,Y,지자체,소계,대전,0
2026-05,Y,지자체,소계,울산,0
2026-05,Y,지자체,소계,세종,0
2026-05,Y,지자체,소계,강원,0
2026-05,Y,지자체,소계,충북,0
2026-05,Y,지자체,소계,충남,0
2026-05,Y,지자체,소계,전북,0
2026-05,Y,지자체,소계,전남,43
2026-05,Y,지자체,소계,경북,110
2026-05,Y,지자체,소계,경남,24
2026-05,Y,지자체,소계,제주,0
2026-05,Y,지자체,국민임대,전국,0
2026-05,Y,지자체,국민임대,서울,0
2026-05,Y,지자체,국민임대,인천,0
2026-05,Y,지자체,국민임대,경기,0
2026-05,Y,지자체,국민임대,부산,0
2026-05,Y,지자체,국민임대,대구,0
2026-05,Y,지자체,국민임대,광주,0
2026-05,Y,지자체,국민임대,대전,0
2026-05,Y,지자체,국민임대,울산,0
2026-05,Y,지자체,국민임대,세종,0
2026-05,Y,지자체,국민임대,강원,0
2026-05,Y,지자체,국민임대,충북,0
2026-05,Y,지자체,국민임대,충남,0
2026-05,Y,지자체,국민임대,전북,0
2026-05,Y,지자체,국민임대,전남,0
2026-05,Y,지자체,국민임대,경북,0
2026-05,Y,지자체,국민임대,경남,0
2026-05,Y,지자체,국민임대,제주,0
2026-05,Y,지자체,공공임대,전국,4109
2026-05,Y,지자체,공공임대,서울,10
2026-05,Y,지자체,공공임대,인천,0
2026-05,Y,지자체,공공임대,경기,2929
2026-05,Y,지자체,공공임대,부산,993
2026-05,Y,지자체,공공임대,대구,0
2026-05,Y,지자체,공공임대,광주,0
2026-05,Y,지자체,공공임대,대전,0
2026-05,Y,지자체,공공임대,울산,0
2026-05,Y,지자체,공공임대,세종,0
2026-05,Y,지자체,공공임대,강원,0
2026-05,Y,지자체,공공임대,충북,0
2026-05,Y,지자체,공공임대,충남,0
2026-05,Y,지자체,공공임대,전북,0
2026-05,Y,지자체,공공임대,전남,43
2026-05,Y,지자체,공공임대,경북,110
2026-05,Y,지자체,공공임대,경남,24
2026-05,Y,지자체,공공임대,제주,0
2026-05,Y,지자체,공공분양,전국,292
2026-05,Y,지자체,공공분양,서울,0
2026-05,Y,지자체,공공분양,인천,0
2026-05,Y,지자체,공공분양,경기,292
2026-05,Y,지자체,공공분양,부산,0
2026-05,Y,지자체,공공분양,대구,0
2026-05,Y,지자체,공공분양,광주,0
2026-05,Y,지자체,공공분양,대전,0
2026-05,Y,지자체,공공분양,울산,0
2026-05,Y,지자체,공공분양,세종,0
2026-05,Y,지자체,공공분양,강원,0
2026-05,Y,지자체,공공분양,충북,0
2026-05,Y,지자체,공공분양,충남,0
2026-05,Y,지자체,공공분양,전북,0
2026-05,Y,지자체,공공분양,전남,0
2026-05,Y,지자체,공공분양,경북,0
2026-05,Y,지자체,공공분양,경남,0
2026-05,Y,지자체,공공분양,제주,0
2026-05,Y,LH,소계,전국,3564
2026-05,Y,LH,소계,서울,2565
2026-05,Y,LH,소계,인천,0
2026-05,Y,LH,소계,경기,0
2026-05,Y,LH,소계,부산,0
2026-05,Y,LH,소계,대구,0
2026-05,Y,LH,소계,광주,0
2026-05,Y,LH,소계,대전,0
2026-05,Y,LH,소계,울산,0
2026-05,Y,LH,소계,세종,999
2026-05,Y,LH,소계,강원,0
2026-05,Y,LH,소계,충북,0
2026-05,Y,LH,소계,충남,0
2026-05,Y,LH,소계,전북,0
2026-05,Y,LH,소계,전남,0
2026-05,Y,LH,소계,경북,0
2026-05,Y,LH,소계,경남,0
2026-05,Y,LH,소계,제주,0
2026-05,Y,LH,국민임대,전국,0
2026-05,Y,LH,국민임대,서울,0
2026-05,Y,LH,국민임대,인천,0
2026-05,Y,LH,국민임대,경기,0
2026-05,Y,LH,국민임대,부산,0
2026-05,Y,LH,국민임대,대구,0
2026-05,Y,LH,국민임대,광주,0
2026-05,Y,LH,국민임대,대전,0
2026-05,Y,LH,국민임대,울산,0
2026-05,Y,LH,국민임대,세종,0
2026-05,Y,LH,국민임대,강원,0
2026-05,Y,LH,국민임대,충북,0
2026-05,Y,LH,국민임대,충남,0
2026-05,Y,LH,국민임대,전북,0
2026-05,Y,LH,국민임대,전남,0
2026-05,Y,LH,국민임대,경북,0
2026-05,Y,LH,국민임대,경남,0
2026-05,Y,LH,국민임대,제주,0
2026-05,Y,LH,공공임대,전국,1803
2026-05,Y,LH,공공임대,서울,1302
2026-05,Y,LH,공공임대,인천,0
2026-05,Y,LH,공공임대,경기,0
2026-05,Y,LH,공공임대,부산,0
2026-05,Y,LH,공공임대,대구,0
2026-05,Y,LH,공공임대,광주,0
2026-05,Y,LH,공공임대,대전,0
2026-05,Y,LH,공공임대,울산,0
2026-05,Y,LH,공공임대,세종,501
2026-05,Y,LH,공공임대,강원,0
2026-05,Y,LH,공공임대,충북,0
2026-05,Y,LH,공공임대,충남,0
2026-05,Y,LH,공공임대,전북,0
2026-05,Y,LH,공공임대,전남,0
2026-05,Y,LH,공공임대,경북,0
2026-05,Y,LH,공공임대,경남,0
2026-05,Y,LH,공공임대,제주,0
2026-05,Y,LH,공공분양,전국,1761
2026-05,Y,LH,공공분양,서울,1263
2026-05,Y,LH,공공분양,인천,0
2026-05,Y,LH,공공분양,경기,0
2026-05,Y,LH,공공분양,부산,0
2026-05,Y,LH,공공분양,대구,0
2026-05,Y,LH,공공분양,광주,0
2026-05,Y,LH,공공분양,대전,0
2026-05,Y,LH,공공분양,울산,0
2026-05,Y,LH,공공분양,세종,498
2026-05,Y,LH,공공분양,강원,0
2026-05,Y,LH,공공분양,충북,0
2026-05,Y,LH,공공분양,충남,0
2026-05,Y,LH,공공분양,전북,0
2026-05,Y,LH,공공분양,전남,0
2026-05,Y,LH,공공분양,경북,0
2026-05,Y,LH,공공분양,경남,0
2026-05,Y,LH,공공분양,제주,0
2026-05,Y,주택업체,소계,전국,2322
2026-05,Y,주택업체,소계,서울,1280
2026-05,Y,주택업체,소계,인천,0
2026-05,Y,주택업체,소계,경기,1042
2026-05,Y,주택업체,소계,부산,0
2026-05,Y,주택업체,소계,대구,0
2026-05,Y,주택업체,소계,광주,0
2026-05,Y,주택업체,소계,대전,0
2026-05,Y,주택업체,소계,울산,0
2026-05,Y,주택업체,소계,세종,0
2026-05,Y,주택업체,소계,강원,0
2026-05,Y,주택업체,소계,충북,0
2026-05,Y,주택업체,소계,충남,0
2026-05,Y,주택업체,소계,전북,0
2026-05,Y,주택업체,소계,전남,0
2026-05,Y,주택업체,소계,경북,0
2026-05,Y,주택업체,소계,경남,0
2026-05,Y,주택업체,소계,제주,0
2026-05,Y,주택업체,국민임대,전국,10
2026-05,Y,주택업체,국민임대,서울,10
2026-05,Y,주택업체,국민임대,인천,0
2026-05,Y,주택업체,국민임대,경기,0
2026-05,Y,주택업체,국민임대,부산,0
2026-05,Y,주택업체,국민임대,대구,0
2026-05,Y,주택업체,국민임대,광주,0
2026-05,Y,주택업체,국민임대,대전,0
2026-05,Y,주택업체,국민임대,울산,0
2026-05,Y,주택업체,국민임대,세종,0
2026-05,Y,주택업체,국민임대,강원,0
2026-05,Y,주택업체,국민임대,충북,0
2026-05,Y,주택업체,국민임대,충남,0
2026-05,Y,주택업체,국민임대,전북,0
2026-05,Y,주택업체,국민임대,전남,0
2026-05,Y,주택업체,국민임대,경북,0
2026-05,Y,주택업체,국민임대,경남,0
2026-05,Y,주택업체,국민임대,제주,0
2026-05,Y,주택업체,공공임대,전국,2312
2026-05,Y,주택업체,공공임대,서울,1270
2026-05,Y,주택업체,공공임대,인천,0
2026-05,Y,주택업체,공공임대,경기,1042
2026-05,Y,주택업체,공공임대,부산,0
2026-05,Y,주택업체,공공임대,대구,0
2026-05,Y,주택업체,공공임대,광주,0
2026-05,Y,주택업체,공공임대,대전,0
2026-05,Y,주택업체,공공임대,울산,0
2026-05,Y,주택업체,공공임대,세종,0
2026-05,Y,주택업체,공공임대,강원,0
2026-05,Y,주택업체,공공임대,충북,0
2026-05,Y,주택업체,공공임대,충남,0
2026-05,Y,주택업체,공공임대,전북,0
2026-05,Y,주택업체,공공임대,전남,0
2026-05,Y,주택업체,공공임대,경북,0
2026-05,Y,주택업체,공공임대,경남,0
2026-05,Y,주택업체,공공임대,제주,0
2026-05,Y,주택업체,공공분양,전국,0
2026-05,Y,주택업체,공공분양,서울,0
2026-05,Y,주택업체,공공분양,인천,0
2026-05,Y,주택업체,공공분양,경기,0
2026-05,Y,주택업체,공공분양,부산,0
2026-05,Y,주택업체,공공분양,대구,0
2026-05,Y,주택업체,공공분양,광주,0
2026-05,Y,주택업체,공공분양,대전,0
2026-05,Y,주택업체,공공분양,울산,0
2026-05,Y,주택업체,공공분양,세종,0
2026-05,Y,주택업체,공공분양,강원,0
2026-05,Y,주택업체,공공분양,충북,0
2026-05,Y,주택업체,공공분양,충남,0
2026-05,Y,주택업체,공공분양,전북,0
2026-05,Y,주택업체,공공분양,전남,0
2026-05,Y,주택업체,공공분양,경북,0
2026-05,Y,주택업체,공공분양,경남,0
2026-05,Y,주택업체,공공분양,제주,0
2026-05,Y,민간부문,민간부문,전국,88407
2026-05,Y,민간부문,민간부문,서울,15197
2026-05,Y,민간부문,민간부문,인천,7733
2026-05,Y,민간부문,민간부문,경기,26717
2026-05,Y,민간부문,민간부문,부산,2975
2026-05,Y,민간부문,민간부문,대구,936
2026-05,Y,민간부문,민간부문,광주,1241
2026-05,Y,민간부문,민간부문,대전,5854
2026-05,Y,민간부문,민간부문,울산,1261
2026-05,Y,민간부문,민간부문,세종,2918
2026-05,Y,민간부문,민간부문,강원,2208
2026-05,Y,민간부문,민간부문,충북,5010
2026-05,Y,민간부문,민간부문,충남,3669
2026-05,Y,민간부문,민간부문,전북,4276
2026-05,Y,민간부문,민간부문,전남,2807
2026-05,Y,민간부문,민간부문,경북,3406
2026-05,Y,민간부문,민간부문,경남,1484
2026-05,Y,민간부문,민간부문,제주,715
2026-05,Y,민간,민간임대,전국,7506
2026-05,Y,민간,민간임대,서울,146
2026-05,Y,민간,민간임대,인천,0
2026-05,Y,민간,민간임대,경기,1401
2026-05,Y,민간,민간임대,부산,0
2026-05,Y,민간,민간임대,대구,0
2026-05,Y,민간,민간임대,광주,0
2026-05,Y,민간,민간임대,대전,0
2026-05,Y,민간,민간임대,울산,0
2026-05,Y,민간,민간임대,세종,0
2026-05,Y,민간,민간임대,강원,586
2026-05,Y,민간,민간임대,충북,2298
2026-05,Y,민간,민간임대,충남,0
2026-05,Y,민간,민간임대,전북,2438
2026-05,Y,민간,민간임대,전남,579
2026-05,Y,민간,민간임대,경북,0
2026-05,Y,민간,민간임대,경남,0
2026-05,Y,민간,민간임대,제주,58
2026-05,Y,민간,민간분양,전국,80901
2026-05,Y,민간,민간분양,서울,15051
2026-05,Y,민간,민간분양,인천,7733
2026-05,Y,민간,민간분양,경기,25316
2026-05,Y,민간,민간분양,부산,2975
2026-05,Y,민간,민간분양,대구,936
2026-05,Y,민간,민간분양,광주,1241
2026-05,Y,민간,민간분양,대전,5854
2026-05,Y,민간,민간분양,울산,1261
2026-05,Y,민간,민간분양,세종,2918
2026-05,Y,민간,민간분양,강원,1622
2026-05,Y,민간,민간분양,충북,2712
2026-05,Y,민간,민간분양,충남,3669
2026-05,Y,민간,민간분양,전북,1838
2026-05,Y,민간,민간분양,전남,2228
2026-05,Y,민간,민간분양,경북,3406
2026-05,Y,민간,민간분양,경남,1484
2026-05,Y,민간,민간분양,제주,657
2026-06,Y,총계,총계,전국,116611
2026-06,Y,총계,총계,서울,20655
2026-06,Y,총계,총계,인천,7798
2026-06,Y,총계,총계,경기,39493
2026-06,Y,총계,총계,부산,5590
2026-06,Y,총계,총계,대구,948
2026-06,Y,총계,총계,광주,1251
2026-06,Y,총계,총계,대전,5860
2026-06,Y,총계,총계,울산,3144
2026-06,Y,총계,총계,세종,3927
2026-06,Y,총계,총계,강원,2422
2026-06,Y,총계,총계,충북,5117
2026-06,Y,총계,총계,충남,3787
2026-06,Y,총계,총계,전북,4391
2026-06,Y,총계,총계,전남,4092
2026-06,Y,총계,총계,경북,4327
2026-06,Y,총계,총계,경남,3002
2026-06,Y,총계,총계,제주,807
2026-06,Y,공공부문,공공부문,전국,10943
2026-06,Y,공공부문,공공부문,서울,4339
2026-06,Y,공공부문,공공부문,인천,0
2026-06,Y,공공부문,공공부문,경기,4365
2026-06,Y,공공부문,공공부문,부산,993
2026-06,Y,공공부문,공공부문,대구,0
2026-06,Y,공공부문,공공부문,광주,0
2026-06,Y,공공부문,공공부문,대전,0
2026-06,Y,공공부문,공공부문,울산,0
2026-06,Y,공공부문,공공부문,세종,999
2026-06,Y,공공부문,공공부문,강원,70
2026-06,Y,공공부문,공공부문,충북,0
2026-06,Y,공공부문,공공부문,충남,0
2026-06,Y,공공부문,공공부문,전북,0
2026-06,Y,공공부문,공공부문,전남,43
2026-06,Y,공공부문,공공부문,경북,110
2026-06,Y,공공부문,공공부문,경남,24
2026-06,Y,공공부문,공공부문,제주,0
2026-06,Y,합,국민임대,전국,10
2026-06,Y,합,국민임대,서울,10
2026-06,Y,합,국민임대,인천,0
2026-06,Y,합,국민임대,경기,0
2026-06,Y,합,국민임대,부산,0
2026-06,Y,합,국민임대,대구,0
2026-06,Y,합,국민임대,광주,0
2026-06,Y,합,국민임대,대전,0
2026-06,Y,합,국민임대,울산,0
2026-06,Y,합,국민임대,세종,0
2026-06,Y,합,국민임대,강원,0
2026-06,Y,합,국민임대,충북,0
2026-06,Y,합,국민임대,충남,0
2026-06,Y,합,국민임대,전북,0
2026-06,Y,합,국민임대,전남,0
2026-06,Y,합,국민임대,경북,0
2026-06,Y,합,국민임대,경남,0
2026-06,Y,합,국민임대,제주,0
2026-06,Y,합,공공임대,전국,8671
2026-06,Y,합,공공임대,서울,2857
2026-06,Y,합,공공임대,인천,0
2026-06,Y,합,공공임대,경기,4073
2026-06,Y,합,공공임대,부산,993
2026-06,Y,합,공공임대,대구,0
2026-06,Y,합,공공임대,광주,0
2026-06,Y,합,공공임대,대전,0
2026-06,Y,합,공공임대,울산,0
2026-06,Y,합,공공임대,세종,501
2026-06,Y,합,공공임대,강원,70
2026-06,Y,합,공공임대,충북,0
2026-06,Y,합,공공임대,충남,0
2026-06,Y,합,공공임대,전북,0
2026-06,Y,합,공공임대,전남,43
2026-06,Y,합,공공임대,경북,110
2026-06,Y,합,공공임대,경남,24
2026-06,Y,합,공공임대,제주,0
2026-06,Y,합,공공분양,전국,2262
2026-06,Y,합,공공분양,서울,1472
2026-06,Y,합,공공분양,인천,0
2026-06,Y,합,공공분양,경기,292
2026-06,Y,합,공공분양,부산,0
2026-06,Y,합,공공분양,대구,0
2026-06,Y,합,공공분양,광주,0
2026-06,Y,합,공공분양,대전,0
2026-06,Y,합,공공분양,울산,0
2026-06,Y,합,공공분양,세종,498
2026-06,Y,합,공공분양,강원,0
2026-06,Y,합,공공분양,충북,0
2026-06,Y,합,공공분양,충남,0
2026-06,Y,합,공공분양,전북,0
2026-06,Y,합,공공분양,전남,0
2026-06,Y,합,공공분양,경북,0
2026-06,Y,합,공공분양,경남,0
2026-06,Y,합,공공분양,제주,0
2026-06,Y,지자체,소계,전국,4471
2026-06,Y,지자체,소계,서울,10
2026-06,Y,지자체,소계,인천,0
2026-06,Y,지자체,소계,경기,3221
2026-06,Y,지자체,소계,부산,993
2026-06,Y,지자체,소계,대구,0
2026-06,Y,지자체,소계,광주,0
2026-06,Y,지자체,소계,대전,0
2026-06,Y,지자체,소계,울산,0
2026-06,Y,지자체,소계,세종,0
2026-06,Y,지자체,소계,강원,70
2026-06,Y,지자체,소계,충북,0
2026-06,Y,지자체,소계,충남,0
2026-06,Y,지자체,소계,전북,0
2026-06,Y,지자체,소계,전남,43
2026-06,Y,지자체,소계,경북,110
2026-06,Y,지자체,소계,경남,24
2026-06,Y,지자체,소계,제주,0
2026-06,Y,지자체,국민임대,전국,0
2026-06,Y,지자체,국민임대,서울,0
2026-06,Y,지자체,국민임대,인천,0
2026-06,Y,지자체,국민임대,경기,0
2026-06,Y,지자체,국민임대,부산,0
2026-06,Y,지자체,국민임대,대구,0
2026-06,Y,지자체,국민임대,광주,0
2026-06,Y,지자체,국민임대,대전,0
2026-06,Y,지자체,국민임대,울산,0
2026-06,Y,지자체,국민임대,세종,0
2026-06,Y,지자체,국민임대,강원,0
2026-06,Y,지자체,국민임대,충북,0
2026-06,Y,지자체,국민임대,충남,0
2026-06,Y,지자체,국민임대,전북,0
2026-06,Y,지자체,국민임대,전남,0
2026-06,Y,지자체,국민임대,경북,0
2026-06,Y,지자체,국민임대,경남,0
2026-06,Y,지자체,국민임대,제주,0
2026-06,Y,지자체,공공임대,전국,4179
2026-06,Y,지자체,공공임대,서울,10
2026-06,Y,지자체,공공임대,인천,0
2026-06,Y,지자체,공공임대,경기,2929
2026-06,Y,지자체,공공임대,부산,993
2026-06,Y,지자체,공공임대,대구,0
2026-06,Y,지자체,공공임대,광주,0
2026-06,Y,지자체,공공임대,대전,0
2026-06,Y,지자체,공공임대,울산,0
2026-06,Y,지자체,공공임대,세종,0
2026-06,Y,지자체,공공임대,강원,70
2026-06,Y,지자체,공공임대,충북,0
2026-06,Y,지자체,공공임대,충남,0
2026-06,Y,지자체,공공임대,전북,0
2026-06,Y,지자체,공공임대,전남,43
2026-06,Y,지자체,공공임대,경북,110
2026-06,Y,지자체,공공임대,경남,24
2026-06,Y,지자체,공공임대,제주,0
2026-06,Y,지자체,공공분양,전국,292
2026-06,Y,지자체,공공분양,서울,0
2026-06,Y,지자체,공공분양,인천,0
2026-06,Y,지자체,공공분양,경기,292
2026-06,Y,지자체,공공분양,부산,0
2026-06,Y,지자체,공공분양,대구,0
2026-06,Y,지자체,공공분양,광주,0
2026-06,Y,지자체,공공분양,대전,0
2026-06,Y,지자체,공공분양,울산,0
2026-06,Y,지자체,공공분양,세종,0
2026-06,Y,지자체,공공분양,강원,0
2026-06,Y,지자체,공공분양,충북,0
2026-06,Y,지자체,공공분양,충남,0
2026-06,Y,지자체,공공분양,전북,0
2026-06,Y,지자체,공공분양,전남,0
2026-06,Y,지자체,공공분양,경북,0
2026-06,Y,지자체,공공분양,경남,0
2026-06,Y,지자체,공공분양,제주,0
2026-06,Y,LH,소계,전국,3847
2026-06,Y,LH,소계,서울,2848
2026-06,Y,LH,소계,인천,0
2026-06,Y,LH,소계,경기,0
2026-06,Y,LH,소계,부산,0
2026-06,Y,LH,소계,대구,0
2026-06,Y,LH,소계,광주,0
2026-06,Y,LH,소계,대전,0
2026-06,Y,LH,소계,울산,0
2026-06,Y,LH,소계,세종,999
2026-06,Y,LH,소계,강원,0
2026-06,Y,LH,소계,충북,0
2026-06,Y,LH,소계,충남,0
2026-06,Y,LH,소계,전북,0
2026-06,Y,LH,소계,전남,0
2026-06,Y,LH,소계,경북,0
2026-06,Y,LH,소계,경남,0
2026-06,Y,LH,소계,제주,0
2026-06,Y,LH,국민임대,전국,0
2026-06,Y,LH,국민임대,서울,0
2026-06,Y,LH,국민임대,인천,0
2026-06,Y,LH,국민임대,경기,0
2026-06,Y,LH,국민임대,부산,0
2026-06,Y,LH,국민임대,대구,0
2026-06,Y,LH,국민임대,광주,0
2026-06,Y,LH,국민임대,대전,0
2026-06,Y,LH,국민임대,울산,0
2026-06,Y,LH,국민임대,세종,0
2026-06,Y,LH,국민임대,강원,0
2026-06,Y,LH,국민임대,충북,0
2026-06,Y,LH,국민임대,충남,0
2026-06,Y,LH,국민임대,전북,0
2026-06,Y,LH,국민임대,전남,0
2026-06,Y,LH,국민임대,경북,0
2026-06,Y,LH,국민임대,경남,0
2026-06,Y,LH,국민임대,제주,0
2026-06,Y,LH,공공임대,전국,1877
2026-06,Y,LH,공공임대,서울,1376
2026-06,Y,LH,공공임대,인천,0
2026-06,Y,LH,공공임대,경기,0
2026-06,Y,LH,공공임대,부산,0
2026-06,Y,LH,공공임대,대구,0
2026-06,Y,LH,공공임대,광주,0
2026-06,Y,LH,공공임대,대전,0
2026-06,Y,LH,공공임대,울산,0
2026-06,Y,LH,공공임대,세종,501
2026-06,Y,LH,공공임대,강원,0
2026-06,Y,LH,공공임대,충북,0
2026-06,Y,LH,공공임대,충남,0
2026-06,Y,LH,공공임대,전북,0
2026-06,Y,LH,공공임대,전남,0
2026-06,Y,LH,공공임대,경북,0
2026-06,Y,LH,공공임대,경남,0
2026-06,Y,LH,공공임대,제주,0
2026-06,Y,LH,공공분양,전국,1970
2026-06,Y,LH,공공분양,서울,1472
2026-06,Y,LH,공공분양,인천,0
2026-06,Y,LH,공공분양,경기,0
2026-06,Y,LH,공공분양,부산,0
2026-06,Y,LH,공공분양,대구,0
2026-06,Y,LH,공공분양,광주,0
2026-06,Y,LH,공공분양,대전,0
2026-06,Y,LH,공공분양,울산,0
2026-06,Y,LH,공공분양,세종,498
2026-06,Y,LH,공공분양,강원,0
2026-06,Y,LH,공공분양,충북,0
2026-06,Y,LH,공공분양,충남,0
2026-06,Y,LH,공공분양,전북,0
2026-06,Y,LH,공공분양,전남,0
2026-06,Y,LH,공공분양,경북,0
2026-06,Y,LH,공공분양,경남,0
2026-06,Y,LH,공공분양,제주,0
2026-06,Y,주택업체,소계,전국,2625
2026-06,Y,주택업체,소계,서울,1481
2026-06,Y,주택업체,소계,인천,0
2026-06,Y,주택업체,소계,경기,1144
2026-06,Y,주택업체,소계,부산,0
2026-06,Y,주택업체,소계,대구,0
2026-06,Y,주택업체,소계,광주,0
2026-06,Y,주택업체,소계,대전,0
2026-06,Y,주택업체,소계,울산,0
2026-06,Y,주택업체,소계,세종,0
2026-06,Y,주택업체,소계,강원,0
2026-06,Y,주택업체,소계,충북,0
2026-06,Y,주택업체,소계,충남,0
2026-06,Y,주택업체,소계,전북,0
2026-06,Y,주택업체,소계,전남,0
2026-06,Y,주택업체,소계,경북,0
2026-06,Y,주택업체,소계,경남,0
2026-06,Y,주택업체,소계,제주,0
2026-06,Y,주택업체,국민임대,전국,10
2026-06,Y,주택업체,국민임대,서울,10
2026-06,Y,주택업체,국민임대,인천,0
2026-06,Y,주택업체,국민임대,경기,0
2026-06,Y,주택업체,국민임대,부산,0
2026-06,Y,주택업체,국민임대,대구,0
2026-06,Y,주택업체,국민임대,광주,0
2026-06,Y,주택업체,국민임대,대전,0
2026-06,Y,주택업체,국민임대,울산,0
2026-06,Y,주택업체,국민임대,세종,0
2026-06,Y,주택업체,국민임대,강원,0
2026-06,Y,주택업체,국민임대,충북,0
2026-06,Y,주택업체,국민임대,충남,0
2026-06,Y,주택업체,국민임대,전북,0
2026-06,Y,주택업체,국민임대,전남,0
2026-06,Y,주택업체,국민임대,경북,0
2026-06,Y,주택업체,국민임대,경남,0
2026-06,Y,주택업체,국민임대,제주,0
2026-06,Y,주택업체,공공임대,전국,2615
2026-06,Y,주택업체,공공임대,서울,1471
2026-06,Y,주택업체,공공임대,인천,0
2026-06,Y,주택업체,공공임대,경기,1144
2026-06,Y,주택업체,공공임대,부산,0
2026-06,Y,주택업체,공공임대,대구,0
2026-06,Y,주택업체,공공임대,광주,0
2026-06,Y,주택업체,공공임대,대전,0
2026-06,Y,주택업체,공공임대,울산,0
2026-06,Y,주택업체,공공임대,세종,0
2026-06,Y,주택업체,공공임대,강원,0
2026-06,Y,주택업체,공공임대,충북,0
2026-06,Y,주택업체,공공임대,충남,0
2026-06,Y,주택업체,공공임대,전북,0
2026-06,Y,주택업체,공공임대,전남,0
2026-06,Y,주택업체,공공임대,경북,0
2026-06,Y,주택업체,공공임대,경남,0
2026-06,Y,주택업체,공공임대,제주,0
2026-06,Y,주택업체,공공분양,전국,0
2026-06,Y,주택업체,공공분양,서울,0
2026-06,Y,주택업체,공공분양,인천,0
2026-06,Y,주택업체,공공분양,경기,0
2026-06,Y,주택업체,공공분양,부산,0
2026-06,Y,주택업체,공공분양,대구,0
2026-06,Y,주택업체,공공분양,광주,0
2026-06,Y,주택업체,공공분양,대전,0
2026-06,Y,주택업체,공공분양,울산,0
2026-06,Y,주택업체,공공분양,세종,0
2026-06,Y,주택업체,공공분양,강원,0
2026-06,Y,주택업체,공공분양,충북,0
2026-06,Y,주택업체,공공분양,충남,0
2026-06,Y,주택업체,공공분양,전북,0
2026-06,Y,주택업체,공공분양,전남,0
2026-06,Y,주택업체,공공분양,경북,0
2026-06,Y,주택업체,공공분양,경남,0
2026-06,Y,주택업체,공공분양,제주,0
2026-06,Y,민간부문,민간부문,전국,105668
2026-06,Y,민간부문,민간부문,서울,16316
2026-06,Y,민간부문,민간부문,인천,7798
2026-06,Y,민간부문,민간부문,경기,35128
2026-06,Y,민간부문,민간부문,부산,4597
2026-06,Y,민간부문,민간부문,대구,948
2026-06,Y,민간부문,민간부문,광주,1251
2026-06,Y,민간부문,민간부문,대전,5860
2026-06,Y,민간부문,민간부문,울산,3144
2026-06,Y,민간부문,민간부문,세종,2928
2026-06,Y,민간부문,민간부문,강원,2352
2026-06,Y,민간부문,민간부문,충북,5117
2026-06,Y,민간부문,민간부문,충남,3787
2026-06,Y,민간부문,민간부문,전북,4391
2026-06,Y,민간부문,민간부문,전남,4049
2026-06,Y,민간부문,민간부문,경북,4217
2026-06,Y,민간부문,민간부문,경남,2978
2026-06,Y,민간부문,민간부문,제주,807
2026-06,Y,민간,민간임대,전국,7615
2026-06,Y,민간,민간임대,서울,146
2026-06,Y,민간,민간임대,인천,0
2026-06,Y,민간,민간임대,경기,1440
2026-06,Y,민간,민간임대,부산,0
2026-06,Y,민간,민간임대,대구,0
2026-06,Y,민간,민간임대,광주,0
2026-06,Y,민간,민간임대,대전,0
2026-06,Y,민간,민간임대,울산,70
2026-06,Y,민간,민간임대,세종,0
2026-06,Y,민간,민간임대,강원,586
2026-06,Y,민간,민간임대,충북,2298
2026-06,Y,민간,민간임대,충남,0
2026-06,Y,민간,민간임대,전북,2438
2026-06,Y,민간,민간임대,전남,579
2026-06,Y,민간,민간임대,경북,0
2026-06,Y,민간,민간임대,경남,0
2026-06,Y,민간,민간임대,제주,58
2026-06,Y,민간,민간분양,전국,98053
2026-06,Y,민간,민간분양,서울,16170
2026-06,Y,민간,민간분양,인천,7798
2026-06,Y,민간,민간분양,경기,33688
2026-06,Y,민간,민간분양,부산,4597
2026-06,Y,민간,민간분양,대구,948
2026-06,Y,민간,민간분양,광주,1251
2026-06,Y,민간,민간분양,대전,5860
2026-06,Y,민간,민간분양,울산,3074
2026-06,Y,민간,민간분양,세종,2928
2026-06,Y,민간,민간분양,강원,1766
2026-06,Y,민간,민간분양,충북,2819
2026-06,Y,민간,민간분양,충남,3787
2026-06,Y,민간,민간분양,전북,1953
2026-06,Y,민간,민간분양,전남,3470
2026-06,Y,민간,민간분양,경북,4217
2026-06,Y,민간,민간분양,경남,2978
2026-06,Y,민간,민간분양,제주,749
2026-07,Y,총계,총계,전국,142328
2026-07,Y,총계,총계,서울,28634
2026-07,Y,총계,총계,인천,9192
2026-07,Y,총계,총계,경기,42760
2026-07,Y,총계,총계,전남광주,7100
2026-07,Y,총계,총계,부산,6262
2026-07,Y,총계,총계,대구,3691
2026-07,Y,총계,총계,대전,5870
2026-07,Y,총계,총계,울산,3219
2026-07,Y,총계,총계,세종,3939
2026-07,Y,총계,총계,강원,2962
2026-07,Y,총계,총계,충북,6982
2026-07,Y,총계,총계,충남,5958
2026-07,Y,총계,총계,전북,4639
2026-07,Y,총계,총계,경북,6980
2026-07,Y,총계,총계,경남,3109
2026-07,Y,총계,총계,제주,1031
2026-07,Y,공공부문,공공부문,전국,13705
2026-07,Y,공공부문,공공부문,서울,4643
2026-07,Y,공공부문,공공부문,인천,0
2026-07,Y,공공부문,공공부문,경기,5233
2026-07,Y,공공부문,공공부문,전남광주,99
2026-07,Y,공공부문,공공부문,부산,993
2026-07,Y,공공부문,공공부문,대구,0
2026-07,Y,공공부문,공공부문,대전,0
2026-07,Y,공공부문,공공부문,울산,0
2026-07,Y,공공부문,공공부문,세종,999
2026-07,Y,공공부문,공공부문,강원,70
2026-07,Y,공공부문,공공부문,충북,0
2026-07,Y,공공부문,공공부문,충남,0
2026-07,Y,공공부문,공공부문,전북,62
2026-07,Y,공공부문,공공부문,경북,1562
2026-07,Y,공공부문,공공부문,경남,24
2026-07,Y,공공부문,공공부문,제주,20
2026-07,Y,합,국민임대,전국,10
2026-07,Y,합,국민임대,서울,10
2026-07,Y,합,국민임대,인천,0
2026-07,Y,합,국민임대,경기,0
2026-07,Y,합,국민임대,전남광주,0
2026-07,Y,합,국민임대,부산,0
2026-07,Y,합,국민임대,대구,0
2026-07,Y,합,국민임대,대전,0
2026-07,Y,합,국민임대,울산,0
2026-07,Y,합,국민임대,세종,0
2026-07,Y,합,국민임대,강원,0
2026-07,Y,합,국민임대,충북,0
2026-07,Y,합,국민임대,충남,0
2026-07,Y,합,국민임대,전북,0
2026-07,Y,합,국민임대,경북,0
2026-07,Y,합,국민임대,경남,0
2026-07,Y,합,국민임대,제주,0
2026-07,Y,합,공공임대,전국,10565
2026-07,Y,합,공공임대,서울,3161
2026-07,Y,합,공공임대,인천,0
2026-07,Y,합,공공임대,경기,4073
2026-07,Y,합,공공임대,전남광주,99
2026-07,Y,합,공공임대,부산,993
2026-07,Y,합,공공임대,대구,0
2026-07,Y,합,공공임대,대전,0
2026-07,Y,합,공공임대,울산,0
2026-07,Y,합,공공임대,세종,501
2026-07,Y,합,공공임대,강원,70
2026-07,Y,합,공공임대,충북,0
2026-07,Y,합,공공임대,충남,0
2026-07,Y,합,공공임대,전북,62
2026-07,Y,합,공공임대,경북,1562
2026-07,Y,합,공공임대,경남,24
2026-07,Y,합,공공임대,제주,20
2026-07,Y,합,공공분양,전국,3130
2026-07,Y,합,공공분양,서울,1472
2026-07,Y,합,공공분양,인천,0
2026-07,Y,합,공공분양,경기,1160
2026-07,Y,합,공공분양,전남광주,0
2026-07,Y,합,공공분양,부산,0
2026-07,Y,합,공공분양,대구,0
2026-07,Y,합,공공분양,대전,0
2026-07,Y,합,공공분양,울산,0
2026-07,Y,합,공공분양,세종,498
2026-07,Y,합,공공분양,강원,0
2026-07,Y,합,공공분양,충북,0
2026-07,Y,합,공공분양,충남,0
2026-07,Y,합,공공분양,전북,0
2026-07,Y,합,공공분양,경북,0
2026-07,Y,합,공공분양,경남,0
2026-07,Y,합,공공분양,제주,0
2026-07,Y,지자체,소계,전국,6867
2026-07,Y,지자체,소계,서울,10
2026-07,Y,지자체,소계,인천,0
2026-07,Y,지자체,소계,경기,4089
2026-07,Y,지자체,소계,전남광주,99
2026-07,Y,지자체,소계,부산,993
2026-07,Y,지자체,소계,대구,0
2026-07,Y,지자체,소계,대전,0
2026-07,Y,지자체,소계,울산,0
2026-07,Y,지자체,소계,세종,0
2026-07,Y,지자체,소계,강원,70
2026-07,Y,지자체,소계,충북,0
2026-07,Y,지자체,소계,충남,0
2026-07,Y,지자체,소계,전북,0
2026-07,Y,지자체,소계,경북,1562
2026-07,Y,지자체,소계,경남,24
2026-07,Y,지자체,소계,제주,20
2026-07,Y,지자체,국민임대,전국,0
2026-07,Y,지자체,국민임대,서울,0
2026-07,Y,지자체,국민임대,인천,0
2026-07,Y,지자체,국민임대,경기,0
2026-07,Y,지자체,국민임대,전남광주,0
2026-07,Y,지자체,국민임대,부산,0
2026-07,Y,지자체,국민임대,대구,0
2026-07,Y,지자체,국민임대,대전,0
2026-07,Y,지자체,국민임대,울산,0
2026-07,Y,지자체,국민임대,세종,0
2026-07,Y,지자체,국민임대,강원,0
2026-07,Y,지자체,국민임대,충북,0
2026-07,Y,지자체,국민임대,충남,0
2026-07,Y,지자체,국민임대,전북,0
2026-07,Y,지자체,국민임대,경북,0
2026-07,Y,지자체,국민임대,경남,0
2026-07,Y,지자체,국민임대,제주,0
2026-07,Y,지자체,공공임대,전국,5707
2026-07,Y,지자체,공공임대,서울,10
2026-07,Y,지자체,공공임대,인천,0
2026-07,Y,지자체,공공임대,경기,2929
2026-07,Y,지자체,공공임대,전남광주,99
2026-07,Y,지자체,공공임대,부산,993
2026-07,Y,지자체,공공임대,대구,0
2026-07,Y,지자체,공공임대,대전,0
2026-07,Y,지자체,공공임대,울산,0
2026-07,Y,지자체,공공임대,세종,0
2026-07,Y,지자체,공공임대,강원,70
2026-07,Y,지자체,공공임대,충북,0
2026-07,Y,지자체,공공임대,충남,0
2026-07,Y,지자체,공공임대,전북,0
2026-07,Y,지자체,공공임대,경북,1562
2026-07,Y,지자체,공공임대,경남,24
2026-07,Y,지자체,공공임대,제주,20
2026-07,Y,지자체,공공분양,전국,1160
2026-07,Y,지자체,공공분양,서울,0
2026-07,Y,지자체,공공분양,인천,0
2026-07,Y,지자체,공공분양,경기,1160
2026-07,Y,지자체,공공분양,전남광주,0
2026-07,Y,지자체,공공분양,부산,0
2026-07,Y,지자체,공공분양,대구,0
2026-07,Y,지자체,공공분양,대전,0
2026-07,Y,지자체,공공분양,울산,0
2026-07,Y,지자체,공공분양,세종,0
2026-07,Y,지자체,공공분양,강원,0
2026-07,Y,지자체,공공분양,충북,0
2026-07,Y,지자체,공공분양,충남,0
2026-07,Y,지자체,공공분양,전북,0
2026-07,Y,지자체,공공분양,경북,0
2026-07,Y,지자체,공공분양,경남,0
2026-07,Y,지자체,공공분양,제주,0
2026-07,Y,LH,소계,전국,3909
2026-07,Y,LH,소계,서울,2848
2026-07,Y,LH,소계,인천,0
2026-07,Y,LH,소계,경기,0
2026-07,Y,LH,소계,전남광주,0
2026-07,Y,LH,소계,부산,0
2026-07,Y,LH,소계,대구,0
2026-07,Y,LH,소계,대전,0
2026-07,Y,LH,소계,울산,0
2026-07,Y,LH,소계,세종,999
2026-07,Y,LH,소계,강원,0
2026-07,Y,LH,소계,충북,0
2026-07,Y,LH,소계,충남,0
2026-07,Y,LH,소계,전북,62
2026-07,Y,LH,소계,경북,0
2026-07,Y,LH,소계,경남,0
2026-07,Y,LH,소계,제주,0
2026-07,Y,LH,국민임대,전국,0
2026-07,Y,LH,국민임대,서울,0
2026-07,Y,LH,국민임대,인천,0
2026-07,Y,LH,국민임대,경기,0
2026-07,Y,LH,국민임대,전남광주,0
2026-07,Y,LH,국민임대,부산,0
2026-07,Y,LH,국민임대,대구,0
2026-07,Y,LH,국민임대,대전,0
2026-07,Y,LH,국민임대,울산,0
2026-07,Y,LH,국민임대,세종,0
2026-07,Y,LH,국민임대,강원,0
2026-07,Y,LH,국민임대,충북,0
2026-07,Y,LH,국민임대,충남,0
2026-07,Y,LH,국민임대,전북,0
2026-07,Y,LH,국민임대,경북,0
2026-07,Y,LH,국민임대,경남,0
2026-07,Y,LH,국민임대,제주,0
2026-07,Y,LH,공공임대,전국,1939
2026-07,Y,LH,공공임대,서울,1376
2026-07,Y,LH,공공임대,인천,0
2026-07,Y,LH,공공임대,경기,0
2026-07,Y,LH,공공임대,전남광주,0
2026-07,Y,LH,공공임대,부산,0
2026-07,Y,LH,공공임대,대구,0
2026-07,Y,LH,공공임대,대전,0
2026-07,Y,LH,공공임대,울산,0
2026-07,Y,LH,공공임대,세종,501
2026-07,Y,LH,공공임대,강원,0
2026-07,Y,LH,공공임대,충북,0
2026-07,Y,LH,공공임대,충남,0
2026-07,Y,LH,공공임대,전북,62
2026-07,Y,LH,공공임대,경북,0
2026-07,Y,LH,공공임대,경남,0
2026-07,Y,LH,공공임대,제주,0
2026-07,Y,LH,공공분양,전국,1970
2026-07,Y,LH,공공분양,서울,1472
2026-07,Y,LH,공공분양,인천,0
2026-07,Y,LH,공공분양,경기,0
2026-07,Y,LH,공공분양,전남광주,0
2026-07,Y,LH,공공분양,부산,0
2026-07,Y,LH,공공분양,대구,0
2026-07,Y,LH,공공분양,대전,0
2026-07,Y,LH,공공분양,울산,0
2026-07,Y,LH,공공분양,세종,498
2026-07,Y,LH,공공분양,강원,0
2026-07,Y,LH,공공분양,충북,0
2026-07,Y,LH,공공분양,충남,0
2026-07,Y,LH,공공분양,전북,0
2026-07,Y,LH,공공분양,경북,0
2026-07,Y,LH,공공분양,경남,0
2026-07,Y,LH,공공분양,제주,0
2026-07,Y,주택업체,소계,전국,2929
2026-07,Y,주택업체,소계,서울,1785
2026-07,Y,주택업체,소계,인천,0
2026-07,Y,주택업체,소계,경기,1144
2026-07,Y,주택업체,소계,전남광주,0
2026-07,Y,주택업체,소계,부산,0
2026-07,Y,주택업체,소계,대구,0
2026-07,Y,주택업체,소계,대전,0
2026-07,Y,주택업체,소계,울산,0
2026-07,Y,주택업체,소계,세종,0
2026-07,Y,주택업체,소계,강원,0
2026-07,Y,주택업체,소계,충북,0
2026-07,Y,주택업체,소계,충남,0
2026-07,Y,주택업체,소계,전북,0
2026-07,Y,주택업체,소계,경북,0
2026-07,Y,주택업체,소계,경남,0
2026-07,Y,주택업체,소계,제주,0
2026-07,Y,주택업체,국민임대,전국,10
2026-07,Y,주택업체,국민임대,서울,10
2026-07,Y,주택업체,국민임대,인천,0
2026-07,Y,주택업체,국민임대,경기,0
2026-07,Y,주택업체,국민임대,전남광주,0
2026-07,Y,주택업체,국민임대,부산,0
2026-07,Y,주택업체,국민임대,대구,0
2026-07,Y,주택업체,국민임대,대전,0
2026-07,Y,주택업체,국민임대,울산,0
2026-07,Y,주택업체,국민임대,세종,0
2026-07,Y,주택업체,국민임대,강원,0
2026-07,Y,주택업체,국민임대,충북,0
2026-07,Y,주택업체,국민임대,충남,0
2026-07,Y,주택업체,국민임대,전북,0
2026-07,Y,주택업체,국민임대,경북,0
2026-07,Y,주택업체,국민임대,경남,0
2026-07,Y,주택업체,국민임대,제주,0
2026-07,Y,주택업체,공공임대,전국,2919
2026-07,Y,주택업체,공공임대,서울,1775
2026-07,Y,주택업체,공공임대,인천,0
2026-07,Y,주택업체,공공임대,경기,1144
2026-07,Y,주택업체,공공임대,전남광주,0
2026-07,Y,주택업체,공공임대,부산,0
2026-07,Y,주택업체,공공임대,대구,0
2026-07,Y,주택업체,공공임대,대전,0
2026-07,Y,주택업체,공공임대,울산,0
2026-07,Y,주택업체,공공임대,세종,0
2026-07,Y,주택업체,공공임대,강원,0
2026-07,Y,주택업체,공공임대,충북,0
2026-07,Y,주택업체,공공임대,충남,0
2026-07,Y,주택업체,공공임대,전북,0
2026-07,Y,주택업체,공공임대,경북,0
2026-07,Y,주택업체,공공임대,경남,0
2026-07,Y,주택업체,공공임대,제주,0
2026-07,Y,주택업체,공공분양,전국,0
2026-07,Y,주택업체,공공분양,서울,0
2026-07,Y,주택업체,공공분양,인천,0
2026-07,Y,주택업체,공공분양,경기,0
2026-07,Y,주택업체,공공분양,전남광주,0
2026-07,Y,주택업체,공공분양,부산,0
2026-07,Y,주택업체,공공분양,대구,0
2026-07,Y,주택업체,공공분양,대전,0
2026-07,Y,주택업체,공공분양,울산,0
2026-07,Y,주택업체,공공분양,세종,0
2026-07,Y,주택업체,공공분양,강원,0
2026-07,Y,주택업체,공공분양,충북,0
2026-07,Y,주택업체,공공분양,충남,0
2026-07,Y,주택업체,공공분양,전북,0
2026-07,Y,주택업체,공공분양,경북,0
2026-07,Y,주택업체,공공분양,경남,0
2026-07,Y,주택업체,공공분양,제주,0
2026-07,Y,민간부문,민간부문,전국,128623
2026-07,Y,민간부문,민간부문,서울,23991
2026-07,Y,민간부문,민간부문,인천,9192
2026-07,Y,민간부문,민간부문,경기,37527
2026-07,Y,민간부문,민간부문,전남광주,7001
2026-07,Y,민간부문,민간부문,부산,5269
2026-07,Y,민간부문,민간부문,대구,3691
2026-07,Y,민간부문,민간부문,대전,5870
2026-07,Y,민간부문,민간부문,울산,3219
2026-07,Y,민간부문,민간부문,세종,2940
2026-07,Y,민간부문,민간부문,강원,2892
2026-07,Y,민간부문,민간부문,충북,6982
2026-07,Y,민간부문,민간부문,충남,5958
2026-07,Y,민간부문,민간부문,전북,4577
2026-07,Y,민간부문,민간부문,경북,5418
2026-07,Y,민간부문,민간부문,경남,3085
2026-07,Y,민간부문,민간부문,제주,1011
2026-07,Y,민간,민간임대,전국,10086
2026-07,Y,민간,민간임대,서울,146
2026-07,Y,민간,민간임대,인천,50
2026-07,Y,민간,민간임대,경기,1440
2026-07,Y,민간,민간임대,전남광주,579
2026-07,Y,민간,민간임대,부산,0
2026-07,Y,민간,민간임대,대구,1862
2026-07,Y,민간,민간임대,대전,0
2026-07,Y,민간,민간임대,울산,70
2026-07,Y,민간,민간임대,세종,0
2026-07,Y,민간,민간임대,강원,586
2026-07,Y,민간,민간임대,충북,2298
2026-07,Y,민간,민간임대,충남,559
2026-07,Y,민간,민간임대,전북,2438
2026-07,Y,민간,민간임대,경북,0
2026-07,Y,민간,민간임대,경남,0
2026-07,Y,민간,민간임대,제주,58
2026-07,Y,민간,민간분양,전국,118537
2026-07,Y,민간,민간분양,서울,23845
2026-07,Y,민간,민간분양,인천,9142
2026-07,Y,민간,민간분양,경기,36087
2026-07,Y,민간,민간분양,전남광주,6422
2026-07,Y,민간,민간분양,부산,5269
2026-07,Y,민간,민간분양,대구,1829
2026-07,Y,민간,민간분양,대전,5870
2026-07,Y,민간,민간분양,울산,3149
2026-07,Y,민간,민간분양,세종,2940
2026-07,Y,민간,민간분양,강원,2306
2026-07,Y,민간,민간분양,충북,4684
2026-07,Y,민간,민간분양,충남,5399
2026-07,Y,민간,민간분양,전북,2139
2026-07,Y,민간,민간분양,경북,5418
2026-07,Y,민간,민간분양,경남,3085
2026-07,Y,민간,민간분양,제주,953
2026-08,Y,총계,총계,전국,163935
2026-08,Y,총계,총계,서울,39940
2026-08,Y,총계,총계,인천,10056
2026-08,Y,총계,총계,경기,46060
2026-08,Y,총계,총계,전남광주,7274
2026-08,Y,총계,총계,부산,6618
2026-08,Y,총계,총계,대구,3715
2026-08,Y,총계,총계,대전,6004
2026-08,Y,총계,총계,울산,4867
2026-08,Y,총계,총계,세종,3945
2026-08,Y,총계,총계,강원,3403
2026-08,Y,총계,총계,충북,8209
2026-08,Y,총계,총계,충남,7059
2026-08,Y,총계,총계,전북,4896
2026-08,Y,총계,총계,경북,7562
2026-08,Y,총계,총계,경남,3215
2026-08,Y,총계,총계,제주,1112
2026-08,Y,공공부문,공공부문,전국,15115
2026-08,Y,공공부문,공공부문,서울,6053
2026-08,Y,공공부문,공공부문,인천,0
2026-08,Y,공공부문,공공부문,경기,5233
2026-08,Y,공공부문,공공부문,전남광주,99
2026-08,Y,공공부문,공공부문,부산,993
2026-08,Y,공공부문,공공부문,대구,0
2026-08,Y,공공부문,공공부문,대전,0
2026-08,Y,공공부문,공공부문,울산,0
2026-08,Y,공공부문,공공부문,세종,999
2026-08,Y,공공부문,공공부문,강원,70
2026-08,Y,공공부문,공공부문,충북,0
2026-08,Y,공공부문,공공부문,충남,0
2026-08,Y,공공부문,공공부문,전북,62
2026-08,Y,공공부문,공공부문,경북,1562
2026-08,Y,공공부문,공공부문,경남,24
2026-08,Y,공공부문,공공부문,제주,20
2026-08,Y,합,국민임대,전국,10
2026-08,Y,합,국민임대,서울,10
2026-08,Y,합,국민임대,인천,0
2026-08,Y,합,국민임대,경기,0
2026-08,Y,합,국민임대,전남광주,0
2026-08,Y,합,국민임대,부산,0
2026-08,Y,합,국민임대,대구,0
2026-08,Y,합,국민임대,대전,0
2026-08,Y,합,국민임대,울산,0
2026-08,Y,합,국민임대,세종,0
2026-08,Y,합,국민임대,강원,0
2026-08,Y,합,국민임대,충북,0
2026-08,Y,합,국민임대,충남,0
2026-08,Y,합,국민임대,전북,0
2026-08,Y,합,국민임대,경북,0
2026-08,Y,합,국민임대,경남,0
2026-08,Y,합,국민임대,제주,0
2026-08,Y,합,공공임대,전국,10976
2026-08,Y,합,공공임대,서울,3572
2026-08,Y,합,공공임대,인천,0
2026-08,Y,합,공공임대,경기,4073
2026-08,Y,합,공공임대,전남광주,99
2026-08,Y,합,공공임대,부산,993
2026-08,Y,합,공공임대,대구,0
2026-08,Y,합,공공임대,대전,0
2026-08,Y,합,공공임대,울산,0
2026-08,Y,합,공공임대,세종,501
2026-08,Y,합,공공임대,강원,70
2026-08,Y,합,공공임대,충북,0
2026-08,Y,합,공공임대,충남,0
2026-08,Y,합,공공임대,전북,62
2026-08,Y,합,공공임대,경북,1562
2026-08,Y,합,공공임대,경남,24
2026-08,Y,합,공공임대,제주,20
2026-08,Y,합,공공분양,전국,4129
2026-08,Y,합,공공분양,서울,2471
2026-08,Y,합,공공분양,인천,0
2026-08,Y,합,공공분양,경기,1160
2026-08,Y,합,공공분양,전남광주,0
2026-08,Y,합,공공분양,부산,0
2026-08,Y,합,공공분양,대구,0
2026-08,Y,합,공공분양,대전,0
2026-08,Y,합,공공분양,울산,0
2026-08,Y,합,공공분양,세종,498
2026-08,Y,합,공공분양,강원,0
2026-08,Y,합,공공분양,충북,0
2026-08,Y,합,공공분양,충남,0
2026-08,Y,합,공공분양,전북,0
2026-08,Y,합,공공분양,경북,0
2026-08,Y,합,공공분양,경남,0
2026-08,Y,합,공공분양,제주,0
2026-08,Y,지자체,소계,전국,6879
2026-08,Y,지자체,소계,서울,22
2026-08,Y,지자체,소계,인천,0
2026-08,Y,지자체,소계,경기,4089
2026-08,Y,지자체,소계,전남광주,99
2026-08,Y,지자체,소계,부산,993
2026-08,Y,지자체,소계,대구,0
2026-08,Y,지자체,소계,대전,0
2026-08,Y,지자체,소계,울산,0
2026-08,Y,지자체,소계,세종,0
2026-08,Y,지자체,소계,강원,70
2026-08,Y,지자체,소계,충북,0
2026-08,Y,지자체,소계,충남,0
2026-08,Y,지자체,소계,전북,0
2026-08,Y,지자체,소계,경북,1562
2026-08,Y,지자체,소계,경남,24
2026-08,Y,지자체,소계,제주,20
2026-08,Y,지자체,국민임대,전국,0
2026-08,Y,지자체,국민임대,서울,0
2026-08,Y,지자체,국민임대,인천,0
2026-08,Y,지자체,국민임대,경기,0
2026-08,Y,지자체,국민임대,전남광주,0
2026-08,Y,지자체,국민임대,부산,0
2026-08,Y,지자체,국민임대,대구,0
2026-08,Y,지자체,국민임대,대전,0
2026-08,Y,지자체,국민임대,울산,0
2026-08,Y,지자체,국민임대,세종,0
2026-08,Y,지자체,국민임대,강원,0
2026-08,Y,지자체,국민임대,충북,0
2026-08,Y,지자체,국민임대,충남,0
2026-08,Y,지자체,국민임대,전북,0
2026-08,Y,지자체,국민임대,경북,0
2026-08,Y,지자체,국민임대,경남,0
2026-08,Y,지자체,국민임대,제주,0
2026-08,Y,지자체,공공임대,전국,5719
2026-08,Y,지자체,공공임대,서울,22
2026-08,Y,지자체,공공임대,인천,0
2026-08,Y,지자체,공공임대,경기,2929
2026-08,Y,지자체,공공임대,전남광주,99
2026-08,Y,지자체,공공임대,부산,993
2026-08,Y,지자체,공공임대,대구,0
2026-08,Y,지자체,공공임대,대전,0
2026-08,Y,지자체,공공임대,울산,0
2026-08,Y,지자체,공공임대,세종,0
2026-08,Y,지자체,공공임대,강원,70
2026-08,Y,지자체,공공임대,충북,0
2026-08,Y,지자체,공공임대,충남,0
2026-08,Y,지자체,공공임대,전북,0
2026-08,Y,지자체,공공임대,경북,1562
2026-08,Y,지자체,공공임대,경남,24
2026-08,Y,지자체,공공임대,제주,20
2026-08,Y,지자체,공공분양,전국,1160
2026-08,Y,지자체,공공분양,서울,0
2026-08,Y,지자체,공공분양,인천,0
2026-08,Y,지자체,공공분양,경기,1160
2026-08,Y,지자체,공공분양,전남광주,0
2026-08,Y,지자체,공공분양,부산,0
2026-08,Y,지자체,공공분양,대구,0
2026-08,Y,지자체,공공분양,대전,0
2026-08,Y,지자체,공공분양,울산,0
2026-08,Y,지자체,공공분양,세종,0
2026-08,Y,지자체,공공분양,강원,0
2026-08,Y,지자체,공공분양,충북,0
2026-08,Y,지자체,공공분양,충남,0
2026-08,Y,지자체,공공분양,전북,0
2026-08,Y,지자체,공공분양,경북,0
2026-08,Y,지자체,공공분양,경남,0
2026-08,Y,지자체,공공분양,제주,0
2026-08,Y,LH,소계,전국,5209
2026-08,Y,LH,소계,서울,4148
2026-08,Y,LH,소계,인천,0
2026-08,Y,LH,소계,경기,0
2026-08,Y,LH,소계,전남광주,0
2026-08,Y,LH,소계,부산,0
2026-08,Y,LH,소계,대구,0
2026-08,Y,LH,소계,대전,0
2026-08,Y,LH,소계,울산,0
2026-08,Y,LH,소계,세종,999
2026-08,Y,LH,소계,강원,0
2026-08,Y,LH,소계,충북,0
2026-08,Y,LH,소계,충남,0
2026-08,Y,LH,소계,전북,62
2026-08,Y,LH,소계,경북,0
2026-08,Y,LH,소계,경남,0
2026-08,Y,LH,소계,제주,0
2026-08,Y,LH,국민임대,전국,0
2026-08,Y,LH,국민임대,서울,0
2026-08,Y,LH,국민임대,인천,0
2026-08,Y,LH,국민임대,경기,0
2026-08,Y,LH,국민임대,전남광주,0
2026-08,Y,LH,국민임대,부산,0
2026-08,Y,LH,국민임대,대구,0
2026-08,Y,LH,국민임대,대전,0
2026-08,Y,LH,국민임대,울산,0
2026-08,Y,LH,국민임대,세종,0
2026-08,Y,LH,국민임대,강원,0
2026-08,Y,LH,국민임대,충북,0
2026-08,Y,LH,국민임대,충남,0
2026-08,Y,LH,국민임대,전북,0
2026-08,Y,LH,국민임대,경북,0
2026-08,Y,LH,국민임대,경남,0
2026-08,Y,LH,국민임대,제주,0
2026-08,Y,LH,공공임대,전국,2240
2026-08,Y,LH,공공임대,서울,1677
2026-08,Y,LH,공공임대,인천,0
2026-08,Y,LH,공공임대,경기,0
2026-08,Y,LH,공공임대,전남광주,0
2026-08,Y,LH,공공임대,부산,0
2026-08,Y,LH,공공임대,대구,0
2026-08,Y,LH,공공임대,대전,0
2026-08,Y,LH,공공임대,울산,0
2026-08,Y,LH,공공임대,세종,501
2026-08,Y,LH,공공임대,강원,0
2026-08,Y,LH,공공임대,충북,0
2026-08,Y,LH,공공임대,충남,0
2026-08,Y,LH,공공임대,전북,62
2026-08,Y,LH,공공임대,경북,0
2026-08,Y,LH,공공임대,경남,0
2026-08,Y,LH,공공임대,제주,0
2026-08,Y,LH,공공분양,전국,2969
2026-08,Y,LH,공공분양,서울,2471
2026-08,Y,LH,공공분양,인천,0
2026-08,Y,LH,공공분양,경기,0
2026-08,Y,LH,공공분양,전남광주,0
2026-08,Y,LH,공공분양,부산,0
2026-08,Y,LH,공공분양,대구,0
2026-08,Y,LH,공공분양,대전,0
2026-08,Y,LH,공공분양,울산,0
2026-08,Y,LH,공공분양,세종,498
2026-08,Y,LH,공공분양,강원,0
2026-08,Y,LH,공공분양,충북,0
2026-08,Y,LH,공공분양,충남,0
2026-08,Y,LH,공공분양,전북,0
2026-08,Y,LH,공공분양,경북,0
2026-08,Y,LH,공공분양,경남,0
2026-08,Y,LH,공공분양,제주,0
2026-08,Y,주택업체,소계,전국,3027
2026-08,Y,주택업체,소계,서울,1883
2026-08,Y,주택업체,소계,인천,0
2026-08,Y,주택업체,소계,경기,1144
2026-08,Y,주택업체,소계,전남광주,0
2026-08,Y,주택업체,소계,부산,0
2026-08,Y,주택업체,소계,대구,0
2026-08,Y,주택업체,소계,대전,0
2026-08,Y,주택업체,소계,울산,0
2026-08,Y,주택업체,소계,세종,0
2026-08,Y,주택업체,소계,강원,0
2026-08,Y,주택업체,소계,충북,0
2026-08,Y,주택업체,소계,충남,0
2026-08,Y,주택업체,소계,전북,0
2026-08,Y,주택업체,소계,경북,0
2026-08,Y,주택업체,소계,경남,0
2026-08,Y,주택업체,소계,제주,0
2026-08,Y,주택업체,국민임대,전국,10
2026-08,Y,주택업체,국민임대,서울,10
2026-08,Y,주택업체,국민임대,인천,0
2026-08,Y,주택업체,국민임대,경기,0
2026-08,Y,주택업체,국민임대,전남광주,0
2026-08,Y,주택업체,국민임대,부산,0
2026-08,Y,주택업체,국민임대,대구,0
2026-08,Y,주택업체,국민임대,대전,0
2026-08,Y,주택업체,국민임대,울산,0
2026-08,Y,주택업체,국민임대,세종,0
2026-08,Y,주택업체,국민임대,강원,0
2026-08,Y,주택업체,국민임대,충북,0
2026-08,Y,주택업체,국민임대,충남,0
2026-08,Y,주택업체,국민임대,전북,0
2026-08,Y,주택업체,국민임대,경북,0
2026-08,Y,주택업체,국민임대,경남,0
2026-08,Y,주택업체,국민임대,제주,0
2026-08,Y,주택업체,공공임대,전국,3017
2026-08,Y,주택업체,공공임대,서울,1873
2026-08,Y,주택업체,공공임대,인천,0
2026-08,Y,주택업체,공공임대,경기,1144
2026-08,Y,주택업체,공공임대,전남광주,0
2026-08,Y,주택업체,공공임대,부산,0
2026-08,Y,주택업체,공공임대,대구,0
2026-08,Y,주택업체,공공임대,대전,0
2026-08,Y,주택업체,공공임대,울산,0
2026-08,Y,주택업체,공공임대,세종,0
2026-08,Y,주택업체,공공임대,강원,0
2026-08,Y,주택업체,공공임대,충북,0
2026-08,Y,주택업체,공공임대,충남,0
2026-08,Y,주택업체,공공임대,전북,0
2026-08,Y,주택업체,공공임대,경북,0
2026-08,Y,주택업체,공공임대,경남,0
2026-08,Y,주택업체,공공임대,제주,0
2026-08,Y,주택업체,공공분양,전국,0
2026-08,Y,주택업체,공공분양,서울,0
2026-08,Y,주택업체,공공분양,인천,0
2026-08,Y,주택업체,공공분양,경기,0
2026-08,Y,주택업체,공공분양,전남광주,0
2026-08,Y,주택업체,공공분양,부산,0
2026-08,Y,주택업체,공공분양,대구,0
2026-08,Y,주택업체,공공분양,대전,0
2026-08,Y,주택업체,공공분양,울산,0
2026-08,Y,주택업체,공공분양,세종,0
2026-08,Y,주택업체,공공분양,강원,0
2026-08,Y,주택업체,공공분양,충북,0
2026-08,Y,주택업체,공공분양,충남,0
2026-08,Y,주택업체,공공분양,전북,0
2026-08,Y,주택업체,공공분양,경북,0
2026-08,Y,주택업체,공공분양,경남,0
2026-08,Y,주택업체,공공분양,제주,0
2026-08,Y,민간부문,민간부문,전국,148820
2026-08,Y,민간부문,민간부문,서울,33887
2026-08,Y,민간부문,민간부문,인천,10056
2026-08,Y,민간부문,민간부문,경기,40827
2026-08,Y,민간부문,민간부문,전남광주,7175
2026-08,Y,민간부문,민간부문,부산,5625
2026-08,Y,민간부문,민간부문,대구,3715
2026-08,Y,민간부문,민간부문,대전,6004
2026-08,Y,민간부문,민간부문,울산,4867
2026-08,Y,민간부문,민간부문,세종,2946
2026-08,Y,민간부문,민간부문,강원,3333
2026-08,Y,민간부문,민간부문,충북,8209
2026-08,Y,민간부문,민간부문,충남,7059
2026-08,Y,민간부문,민간부문,전북,4834
2026-08,Y,민간부문,민간부문,경북,6000
2026-08,Y,민간부문,민간부문,경남,3191
2026-08,Y,민간부문,민간부문,제주,1092
2026-08,Y,민간,민간임대,전국,10230
2026-08,Y,민간,민간임대,서울,290
2026-08,Y,민간,민간임대,인천,50
2026-08,Y,민간,민간임대,경기,1440
2026-08,Y,민간,민간임대,전남광주,579
2026-08,Y,민간,민간임대,부산,0
2026-08,Y,민간,민간임대,대구,1862
2026-08,Y,민간,민간임대,대전,0
2026-08,Y,민간,민간임대,울산,70
2026-08,Y,민간,민간임대,세종,0
2026-08,Y,민간,민간임대,강원,586
2026-08,Y,민간,민간임대,충북,2298
2026-08,Y,민간,민간임대,충남,559
2026-08,Y,민간,민간임대,전북,2438
2026-08,Y,민간,민간임대,경북,0
2026-08,Y,민간,민간임대,경남,0
2026-08,Y,민간,민간임대,제주,58
2026-08,Y,민간,민간분양,전국,138590
2026-08,Y,민간,민간분양,서울,33597
2026-08,Y,민간,민간분양,인천,10006
2026-08,Y,민간,민간분양,경기,39387
2026-08,Y,민간,민간분양,전남광주,6596
2026-08,Y,민간,민간분양,부산,5625
2026-08,Y,민간,민간분양,대구,1853
2026-08,Y,민간,민간분양,대전,6004
2026-08,Y,민간,민간분양,울산,4797
2026-08,Y,민간,민간분양,세종,2946
2026-08,Y,민간,민간분양,강원,2747
2026-08,Y,민간,민간분양,충북,5911
2026-08,Y,민간,민간분양,충남,6500
2026-08,Y,민간,민간분양,전북,2396
2026-08,Y,민간,민간분양,경북,6000
2026-08,Y,민간,민간분양,경남,3191
2026-08,Y,민간,민간분양,제주,1034
