{"type":"FeatureCollection","name":"V-World LT_C_LHBLPN 인천계양 테크노밸리 공공주택지구 블록(용지) 윤곽","crs_note":"EPSG:4326","collected":"2026-10-03","source":"국토교통부 V-World 데이터 API, 레이어 LT_C_LHBLPN (zonename=인천계양 테크노밸리 공공주택지구)","properties_note":"블록 이름(A6 등)은 이 레이어에 없다. 공동주택/주상복합 블록과 LH 공고의 A-번호 대응은 data/tools/lh_projects/build_projects.py에서 위치·면적으로 맞췄다.","features":[{"type":"Feature","geometry":{"type":"MultiPolygon","coordinates":[[[[126.75179739191358,37.54582458466326],[126.75087066830692,37.54570573813828],[126.7502979285329,37.54612636247615],[126.75021417141244,37.54619260441611],[126.75013679502545,37.546263595511256],[126.75006622337672,37.546338946865575],[126.75000284184352,37.5464182482167],[126.74994699717558,37.546501063662696],[126.74989899569837,37.5465869394972],[126.7498591006183,37.54667540563406],[126.74982753022597,37.54676597916884],[126.7498044569979,37.54685816224233],[126.74968103656266,37.54746820878442],[126.74973405423242,37.54752663425928],[126.75140962513805,37.5477415222661],[126.75179739191358,37.54582458466326]]]]},"properties":{"blocktype":"공동주택","zonename":"인천계양 테크노밸리 공공주택지구"},"id":"LT_C_LHBLPN.44313"},{"type":"Feature","geometry":{"type":"MultiPolygon","coordinates":[[[[126.76683106290933,37.56016252706566],[126.76680944405368,37.5599496103833],[126.7664763065255,37.56003701101216],[126.76652124025603,37.560452020712304],[126.7666720997316,37.56196483338125],[126.76676180549588,37.562864369431416],[126.7670915384091,37.56281214040841],[126.76702470914185,37.562134240726834],[126.76701457255221,37.56203441731955],[126.76693571304664,37.56117869514148],[126.76691718619225,37.56105842113108],[126.76691159058637,37.56095434504993],[126.76690378422651,37.56086994201427],[126.76689710615071,37.56080832824346],[126.76686313815483,37.56048574096779],[126.76685605224388,37.56040961063134],[126.76683689387383,37.56021994065576],[126.76683106290933,37.56016252706566]]]]},"properties":{"blocktype":"녹지","zonename":"인천계양 테크노밸리 공공주택지구"},"id":"LT_C_LHBLPN.68555"},{"type":"Feature","geometry":{"type":"MultiPolygon","coordinates":[[[[126.76718670054042,37.564984576799525],[126.7671988493563,37.56459570802763],[126.76689163451229,37.56464437049597],[126.76687171167592,37.56528169493902],[126.76686879484619,37.56533008993772],[126.76686713116626,37.56535769426283],[126.76685814891174,37.5654334435773],[126.76684478647188,37.565508782670626],[126.76673621967994,37.56603318992352],[126.76707299538502,37.56597984733789],[126.76714240281714,37.56562701586849],[126.76719659458496,37.56525695804386],[126.76721959504951,37.56510016695207],[126.76718670054042,37.564984576799525]]]]},"properties":{"blocktype":"녹지","zonename":"인천계양 테크노밸리 공공주택지구"},"id":"LT_C_LHBLPN.68653"},{"type":"Feature","geometry":{"type":"MultiPolygon","coordinates":[[[[126.75958842737212,37.54899084509186],[126.75937213730624,37.548963122885354],[126.75938777877197,37.54985589753362],[126.75970924448964,37.549794047461965],[126.75970524608833,37.54956589907352],[126.75966893169297,37.54943113921128],[126.75966241082232,37.54905902170551],[126.75958842737212,37.54899084509186]]]]},"properties":{"blocktype":"녹지","zonename":"인천계양 테크노밸리 공공주택지구"},"id":"LT_C_LHBLPN.68654"},{"type":"Feature","geometry":{"type":"MultiPolygon","coordinates":[[[[126.75974232225505,37.55071285151341],[126.75973263931458,37.55016031767768],[126.75939425293022,37.55022542291982],[126.75942177461557,37.55179621511499],[126.75962417043898,37.55182215580147],[126.7597098014451,37.55176325011859],[126.75969864886086,37.551126857673935],[126.75970325272672,37.55093765334791],[126.75974232225505,37.55071285151341]]]]},"properties":{"blocktype":"녹지","zonename":"인천계양 테크노밸리 공공주택지구"},"id":"LT_C_LHBLPN.68655"},{"type":"Feature","geometry":{"type":"MultiPolygon","coordinates":[[[[126.75494995574134,37.55164899029569],[126.7547612574294,37.55164623056643],[126.75468265394372,37.55171105462087],[126.7546848404431,37.551738967383706],[126.75479759877422,37.55173931065799],[126.7548682153387,37.55173952573856],[126.75505206364642,37.55174515700344],[126.75523555711962,37.55175585191877],[126.75541847567108,37.55177159837516],[126.75560060011175,37.55179237642819],[126.75725433656605,37.5520043670766],[126.75726545142106,37.551949402771335],[126.75719916653287,37.5518763766784],[126.75574182425757,37.5516895622208],[126.75551373302376,37.55168854165571],[126.75532642081228,37.551670158661906],[126.75513841959298,37.5516569696516],[126.75494995574134,37.55164899029569]]]]},"properties":{"blocktype":"녹지","zonename":"인천계양 테크노밸리 공공주택지구"},"id":"LT_C_LHBLPN.69409"},{"type":"Feature","geometry":{"type":"MultiPolygon","coordinates":[[[[126.75958824860741,37.55220996599369],[126.75758640779395,37.55195339100896],[126.75749468441356,37.552006164630974],[126.75748896573847,37.55203444192174],[126.75942463664808,37.55228253809974],[126.75966284740355,37.55231306720465],[126.75966223565085,37.55227814251155],[126.75958824860741,37.55220996599369]]]]},"properties":{"blocktype":"녹지","zonename":"인천계양 테크노밸리 공공주택지구"},"id":"LT_C_LHBLPN.75131"},{"type":"Feature","geometry":{"type":"MultiPolygon","coordinates":[[[[126.75243067274782,37.55023153645968],[126.75229141321756,37.55021367942371],[126.75224555062903,37.55024006436264],[126.75222312149302,37.55035093911958],[126.75219433048818,37.55049326372374],[126.75237309253475,37.55051618656441],[126.7525518527847,37.55053910868579],[126.75258064289127,37.550396783457],[126.75260307112895,37.55028590805604],[126.75256993137982,37.55024939349135],[126.75243067274782,37.55023153645968]]]]},"properties":{"blocktype":"단독주택","zonename":"인천계양 테크노밸리 공공주택지구"},"id":"LT_C_LHBLPN.75132"},{"type":"Feature","geometry":{"type":"MultiPolygon","coordinates":[[[[126.75476736238006,37.55017522478473],[126.75477710101606,37.550733054406486],[126.75481419604739,37.550913017095205],[126.75482334988014,37.55117164748879],[126.75487374267263,37.55117187182956],[126.75504186597132,37.55117635935584],[126.75520976828447,37.551184580195695],[126.75524383419666,37.55118758707283],[126.75527755066419,37.551192484821115],[126.75555703451539,37.55124118381897],[126.7556142697754,37.55124945806605],[126.75570808982367,37.55126087877604],[126.75638874421281,37.55134813362629],[126.75669654116508,37.55137059541655],[126.75687674051615,37.5513713603095],[126.75709386421865,37.55141114327876],[126.75737838492363,37.551447614542866],[126.75756320610681,37.55053363686233],[126.75476736238006,37.55017522478473]]]]},"properties":{"blocktype":"공동주택","zonename":"인천계양 테크노밸리 공공주택지구"},"id":"LT_C_LHBLPN.86000"},{"type":"Feature","geometry":{"type":"MultiPolygon","coordinates":[[[[126.75973263931458,37.55016031767768],[126.76009077516049,37.55014026988952],[126.76267847654097,37.550471890622],[126.76268009800006,37.5504612489374],[126.76266659452473,37.55024769489063],[126.76265540421122,37.550103898406284],[126.76012027852936,37.54977901350604],[126.75970924448964,37.549794047461965],[126.75938777877197,37.54985589753362],[126.75789431973065,37.55014322624244],[126.75783960334668,37.55041381999469],[126.7578163127263,37.55052900258438],[126.75939425293022,37.55022542291982],[126.75973263931458,37.55016031767768]]]]},"properties":{"blocktype":"공원","zonename":"인천계양 테크노밸리 공공주택지구"},"id":"LT_C_LHBLPN.86020"},{"type":"Feature","geometry":{"type":"MultiPolygon","coordinates":[[[[126.75726400693004,37.541792070824734],[126.75716164480177,37.54175407482493],[126.75692302171957,37.54182417053457],[126.75696373246994,37.54191182676146],[126.75735287726114,37.54274971690867],[126.75750303694905,37.54307303055051],[126.75774107253307,37.54300293672726],[126.7577883643412,37.542921083235406],[126.75726400693004,37.541792070824734]]]]},"properties":{"blocktype":"녹지","zonename":"인천계양 테크노밸리 공공주택지구"},"id":"LT_C_LHBLPN.90742"},{"type":"Feature","geometry":{"type":"MultiPolygon","coordinates":[[[[126.76711333962274,37.56303328410887],[126.7671111567166,37.5630111370127],[126.76710918042296,37.56301144961564],[126.76699248118273,37.56302993519946],[126.76683259633351,37.56308282060654],[126.76677190525461,37.56309243438324],[126.76684114200681,37.56372911913268],[126.76685091657542,37.56381899547416],[126.76686514588953,37.56402682048023],[126.76686516475415,37.56402708537022],[126.76686876250687,37.564077820331974],[126.76687311214947,37.56414770492592],[126.76686617086726,37.56437280731246],[126.76720749474264,37.564318742925956],[126.76721286936295,37.564144325447664],[126.76720784598389,37.56406351414436],[126.7672041925356,37.56401197880616],[126.767189673964,37.563799973183805],[126.76711839264625,37.56314455782217],[126.76711333962274,37.56303328410887]]]]},"properties":{"blocktype":"녹지","zonename":"인천계양 테크노밸리 공공주택지구"},"id":"LT_C_LHBLPN.90826"},{"type":"Feature","geometry":{"type":"MultiPolygon","coordinates":[[[[126.751390666194,37.553820326414034],[126.7512965119724,37.55367157015714],[126.75123903686219,37.5535790059532],[126.75113517275075,37.55339798144466],[126.75105704267723,37.55327909999141],[126.75099491429387,37.55318022900351],[126.75093122463853,37.55307829980709],[126.75087256554879,37.55297890439166],[126.75082295788386,37.55289366548519],[126.75076577023452,37.55279641846218],[126.75065071401295,37.55261151779921],[126.75063399097564,37.552586394969225],[126.75058032651889,37.55260642856802],[126.75039753642655,37.5527145123401],[126.74973113560605,37.55300513238528],[126.74969204451816,37.55310867475641],[126.75045249176235,37.55425555772186],[126.751410639336,37.55385286818546],[126.751390666194,37.553820326414034]],[[126.75049597830697,37.552805213138086],[126.7505319845802,37.5528033564923],[126.75056790371681,37.5528060791455],[126.75060282302854,37.55281331130381],[126.75063585587817,37.552824869224295],[126.75066616144261,37.55284045948814],[126.75069296896726,37.552859686122545],[126.75071560022424,37.55288205985955],[126.75073347669841,37.55290701166758],[126.7511004932892,37.55352996664121],[126.75111022384036,37.553550781236886],[126.75111554186684,37.5535725843184],[126.75111630363821,37.55359478620855],[126.75111248669657,37.55361678654812],[126.75110419524648,37.553637992812575],[126.75109165296848,37.55365783241874],[126.75107520032404,37.55367576839242],[126.7510552792843,37.553691316460274],[126.75103242794009,37.55370405715656],[126.75100726433237,37.55371364508102],[126.75098046848576,37.55371982385423],[126.7509527644424,37.55372242398098],[126.75092489780397,37.55372137780562],[126.75089762405365,37.5537167116783],[126.75030323398296,37.553573464560294],[126.75025824545521,37.553559781640864],[126.75021614141787,37.55354116836553],[126.75017777077882,37.55351799861997],[126.75014390159765,37.55349074029603],[126.75011521928894,37.55345994033644],[126.75009229877448,37.55342622046228],[126.74996396994456,37.553200498884244],[126.74995113751073,37.553171610990915],[126.74994463819965,37.55314140983769],[126.74994466065755,37.55311076926077],[126.74995120308775,37.55308057449249],[126.74996407594577,37.55305169723531],[126.7499829091257,37.55302497500861],[126.75000715555353,37.55300117981269],[126.75003611633997,37.55298099961187],[126.75006895245853,37.55296501554436],[126.7504273443243,37.55282235808835],[126.75046080028045,37.55281160065449],[126.75049597830697,37.552805213138086]]]]},"properties":{"blocktype":"공원","zonename":"인천계양 테크노밸리 공공주택지구"},"id":"LT_C_LHBLPN.94207"},{"type":"Feature","geometry":{"type":"MultiPolygon","coordinates":[[[[126.75935870300117,37.54851933328393],[126.75935040885616,37.54827999557362],[126.75933391848248,37.54804092773944],[126.7593092462532,37.547802305703534],[126.759276408338,37.54756430895148],[126.75923542988969,37.54732711412215],[126.7591863441459,37.54709089643222],[126.75912918344606,37.54685583323726],[126.75746505438225,37.54664252170441],[126.75734723943441,37.54722516979867],[126.75709541560913,37.54847052425043],[126.75722241133916,37.54848680342806],[126.7573953927269,37.54848159996028],[126.75936245975566,37.54873373483431],[126.75935870300117,37.54851933328393]]]]},"properties":{"blocktype":"공동주택","zonename":"인천계양 테크노밸리 공공주택지구"},"id":"LT_C_LHBLPN.94328"},{"type":"Feature","geometry":{"type":"MultiPolygon","coordinates":[[[[126.76073213005255,37.547626627381774],[126.76070926882689,37.5474748681171],[126.75999228027948,37.54755190266469],[126.75999584748945,37.547574147657514],[126.76002567515016,37.547806130351354],[126.76004822466042,37.54803863224579],[126.76005794892335,37.548187084943905],[126.76006347985059,37.548271509467426],[126.76010291768819,37.54840590249668],[126.76010550124296,37.548511036655015],[126.76010997575138,37.548766283812235],[126.76018395920154,37.54883445991906],[126.76079467255924,37.5489127287534],[126.76105347988752,37.54894589585494],[126.76127063503104,37.549005665542765],[126.76181397564076,37.549075294344696],[126.76174968321591,37.54847569851803],[126.76079645930835,37.54835353941286],[126.76078684014828,37.54818655077795],[126.76078247972588,37.54811084090694],[126.76076103244849,37.547868488464054],[126.76073213005255,37.547626627381774]]]]},"properties":{"blocktype":"자족기능확보시설","zonename":"인천계양 테크노밸리 공공주택지구"},"id":"LT_C_LHBLPN.94340"},{"type":"Feature","geometry":{"type":"MultiPolygon","coordinates":[[[[126.7613706372851,37.55512821968018],[126.76119186176379,37.55510531036466],[126.7611738765935,37.555194264899214],[126.76116225059708,37.555251768488134],[126.76119539573614,37.555288281314134],[126.76133466694453,37.55530612858841],[126.76151344246584,37.555329037130015],[126.76169221708884,37.555351945664576],[126.76187099261017,37.555374853479954],[126.76201026381857,37.5553926993092],[126.76205612550875,37.555366311209355],[126.76207134835957,37.55529101598316],[126.76208573577716,37.55521985188667],[126.76190696025583,37.55519694402365],[126.76172818563283,37.55517403615357],[126.76154941100982,37.555151128276485],[126.7613706372851,37.55512821968018]]]]},"properties":{"blocktype":"단독주택","zonename":"인천계양 테크노밸리 공공주택지구"},"id":"LT_C_LHBLPN.94983"},{"type":"Feature","geometry":{"type":"MultiPolygon","coordinates":[[[[126.74703270788366,37.55094031624486],[126.74699096317242,37.55081863478941],[126.74683107922147,37.550853405619954],[126.7466704487706,37.55088833881484],[126.7465098174214,37.55092327199337],[126.74637896971544,37.55095172774369],[126.7463510788225,37.55099092551309],[126.74638300674431,37.55108161060383],[126.74655156482761,37.551044953277994],[126.7467121952785,37.55101002015652],[126.7468728257294,37.55097508701864],[126.74703270788366,37.55094031624486]]]]},"properties":{"blocktype":"단독주택","zonename":"인천계양 테크노밸리 공공주택지구"},"id":"LT_C_LHBLPN.94984"},{"type":"Feature","geometry":{"type":"MultiPolygon","coordinates":[[[[126.75553112261106,37.55383221106314],[126.75540439727389,37.553545042570754],[126.75531994036584,37.5536254764383],[126.75540397776068,37.55381591168799],[126.75553112261106,37.55383221106314]]]]},"properties":{"blocktype":"녹지","zonename":"인천계양 테크노밸리 공공주택지구"},"id":"LT_C_LHBLPN.94985"},{"type":"Feature","geometry":{"type":"MultiPolygon","coordinates":[[[[126.76026971866676,37.55239084240553],[126.76015628480258,37.55237630536369],[126.76016468764374,37.55285560819916],[126.7601333238639,37.55299098003796],[126.76014383325442,37.55323832453794],[126.76016283621595,37.55348534702804],[126.76019031747714,37.55373186377205],[126.76022625727502,37.5539776910362],[126.76027062776186,37.554222642240376],[126.76031893017466,37.55444588952235],[126.76043724278917,37.55446105215029],[126.76038469224336,37.55422000723507],[126.76034042955439,37.55397790895896],[126.76030448795987,37.553734939626786],[126.76027689351096,37.553491279409165],[126.76027256363128,37.55343629198665],[126.76025766776723,37.55324710990344],[126.76024682240683,37.55300261270931],[126.76027807479556,37.55286742320882],[126.76026971866676,37.55239084240553]]]]},"properties":{"blocktype":"녹지","zonename":"인천계양 테크노밸리 공공주택지구"},"id":"LT_C_LHBLPN.94986"},{"type":"Feature","geometry":{"type":"MultiPolygon","coordinates":[[[[126.76250167012675,37.549089606971165],[126.76240681611759,37.54860283867087],[126.76234298273181,37.54855172709202],[126.76186484004879,37.54849045568392],[126.76192913247368,37.549090051391865],[126.76242142631736,37.549153136311176],[126.76250167012675,37.549089606971165]]]]},"properties":{"blocktype":"상업시설","zonename":"인천계양 테크노밸리 공공주택지구"},"id":"LT_C_LHBLPN.95026"},{"type":"Feature","geometry":{"type":"MultiPolygon","coordinates":[[[[126.76462709127549,37.55244440125295],[126.76452437880427,37.5523001503616],[126.76398568967106,37.5522996646535],[126.76385507103547,37.55230157543768],[126.76372464733431,37.55230753853685],[126.76355960885033,37.552347479822885],[126.76311758562824,37.5523844263658],[126.76304399474185,37.55245287477702],[126.76304748469676,37.55250805877458],[126.76365102051533,37.5524576122015],[126.76381802361485,37.552447197273864],[126.76398548395684,37.55244382367452],[126.76462709127549,37.55244440125295]]]]},"properties":{"blocktype":"녹지","zonename":"인천계양 테크노밸리 공공주택지구"},"id":"LT_C_LHBLPN.95035"},{"type":"Feature","geometry":{"type":"MultiPolygon","coordinates":[[[[126.75485276162084,37.54567914575544],[126.75422067374927,37.544318101088614],[126.75417457939541,37.54433167245561],[126.75413674235566,37.54439715387486],[126.75474190142998,37.54570021966406],[126.75486972271173,37.54571660842018],[126.75485276162084,37.54567914575544]]]]},"properties":{"blocktype":"녹지","zonename":"인천계양 테크노밸리 공공주택지구"},"id":"LT_C_LHBLPN.95037"},{"type":"Feature","geometry":{"type":"MultiPolygon","coordinates":[[[[126.74622500656058,37.55021131348897],[126.74616928316519,37.55020384106611],[126.74609025028482,37.550248685563005],[126.74607477949898,37.55030132364951],[126.74611574267594,37.55036219260017],[126.74612275402674,37.55037413548896],[126.74614191599007,37.55040677562436],[126.74616182445337,37.5504533656004],[126.74617613371754,37.550494010820735],[126.74622194869532,37.55062414374776],[126.74626776277482,37.55075427644761],[126.74630504555407,37.55086017290397],[126.74635427772323,37.5508823784509],[126.7464517539147,37.55086117994872],[126.74647964390932,37.55082198282326],[126.7464421096018,37.55071536841799],[126.74639629372565,37.55058523422582],[126.74635047874787,37.550455101943015],[126.7463170425547,37.550360132204155],[126.74629980388438,37.55032015780404],[126.74629595101014,37.55031121825812],[126.746267954116,37.550264550563256],[126.74623342557142,37.55022074517838],[126.74622500656058,37.55021131348897]]]]},"properties":{"blocktype":"단독주택","zonename":"인천계양 테크노밸리 공공주택지구"},"id":"LT_C_LHBLPN.95102"},{"type":"Feature","geometry":{"type":"MultiPolygon","coordinates":[[[[126.75214973362586,37.555666832614776],[126.7520683022437,37.55503730378972],[126.75206267070519,37.55500806765193],[126.75123610476109,37.55535545301701],[126.75121605795724,37.555407103302315],[126.7517467700507,37.55620745417712],[126.75179274582692,37.5562337166417],[126.75222717379329,37.55628941841679],[126.75214973362586,37.555666832614776]]]]},"properties":{"blocktype":"단독주택","zonename":"인천계양 테크노밸리 공공주택지구"},"id":"LT_C_LHBLPN.95103"},{"type":"Feature","geometry":{"type":"MultiPolygon","coordinates":[[[[126.75020906449006,37.55014741399341],[126.7500332552058,37.55012486637019],[126.74999691745424,37.550170532083875],[126.75012770407479,37.55032239197817],[126.75029768059787,37.55051975396911],[126.75033917018759,37.55031467884252],[126.75036886399931,37.550167906906125],[126.75020906449006,37.55014741399341]]]]},"properties":{"blocktype":"단독주택","zonename":"인천계양 테크노밸리 공공주택지구"},"id":"LT_C_LHBLPN.95112"},{"type":"Feature","geometry":{"type":"MultiPolygon","coordinates":[[[[126.74622000384277,37.55101921102318],[126.74617077257192,37.55099700551701],[126.74601404080936,37.55103108970924],[126.74582299789449,37.551072635539505],[126.74563195497966,37.55111418063446],[126.74546024919964,37.55115152020708],[126.74543723615871,37.55120237931143],[126.7455001146353,37.55127360991714],[126.74567370058925,37.55123586160741],[126.74586474350409,37.55119431658031],[126.74605578552062,37.55115277081786],[126.74625200273148,37.551110099766795],[126.74622000384277,37.55101921102318]]]]},"properties":{"blocktype":"단독주택","zonename":"인천계양 테크노밸리 공공주택지구"},"id":"LT_C_LHBLPN.95113"},{"type":"Feature","geometry":{"type":"MultiPolygon","coordinates":[[[[126.76224740108724,37.55214747975919],[126.76240174872108,37.55214226657642],[126.76255569570624,37.552131999738855],[126.76270898153139,37.55211669348815],[126.76278035986722,37.552046776244005],[126.76270894829375,37.55091748327122],[126.76266067911855,37.55078130573295],[126.76265206876656,37.55064515358498],[126.76267847654097,37.550471890622],[126.76009077516049,37.55014026988952],[126.76007877456662,37.55021443364551],[126.76008757356482,37.55071637546468],[126.76010928494692,37.550986459341445],[126.76011598098904,37.55136845243428],[126.76015229718102,37.55150321093037],[126.76015881984831,37.55187532834061],[126.76023280779006,37.551943505164566],[126.76107900461805,37.55205194670243],[126.7615686035159,37.5521146872666],[126.76171564604978,37.55213116292317],[126.76193855130944,37.55214271311544],[126.76209291511292,37.552147627893355],[126.76224740108724,37.55214747975919]]]]},"properties":{"blocktype":"주상복합","zonename":"인천계양 테크노밸리 공공주택지구"},"id":"LT_C_LHBLPN.95114"},{"type":"Feature","geometry":{"type":"MultiPolygon","coordinates":[[[[126.75944031674136,37.568600296399616],[126.75932510151797,37.56813921459638],[126.75879282545763,37.568223483367106],[126.75834875497502,37.568293786305105],[126.75790468359408,37.56836408775272],[126.75726077928326,37.56846602096012],[126.75738761870646,37.56897368269723],[126.75802789741677,37.56885721991812],[126.75846946878626,37.56877689861618],[126.75891103746075,37.56869657651556],[126.75944031674136,37.568600296399616]]]]},"properties":{"blocktype":"산업용지","zonename":"인천계양 테크노밸리 공공주택지구"},"id":"LT_C_LHBLPN.95115"},{"type":"Feature","geometry":{"type":"MultiPolygon","coordinates":[[[[126.75733414738745,37.56459700327285],[126.7568010592501,37.56600658556827],[126.75695737868593,37.56607909510631],[126.75698877211016,37.566037917940065],[126.75704657869869,37.56597516631306],[126.7571110373119,37.565916662734466],[126.75718165567305,37.565862855095205],[126.75725789658951,37.56581415069968],[126.75733918064799,37.56577092053761],[126.75742488711262,37.56573349501136],[126.75751436650144,37.56570215752715],[126.75760693609483,37.56567714663078],[126.75770189161365,37.565658653159176],[126.75781554826001,37.565640660257266],[126.75786585750917,37.56558072945771],[126.75761329257378,37.56456984299422],[126.75753390665551,37.56453517255626],[126.75733414738745,37.56459700327285]]]]},"properties":{"blocktype":"산업용지","zonename":"인천계양 테크노밸리 공공주택지구"},"id":"LT_C_LHBLPN.95116"},{"type":"Feature","geometry":{"type":"MultiPolygon","coordinates":[[[[126.76621630623453,37.56529564557587],[126.76614707217725,37.565249189489315],[126.76561741201101,37.56533308057885],[126.76504324571235,37.565424017373545],[126.7645318770419,37.565505005214945],[126.76448157318264,37.565564938923664],[126.7645546646057,37.56585737371615],[126.76462775782545,37.566149808072666],[126.7647030510193,37.56618985017064],[126.7652144241813,37.56610886093766],[126.76578859497153,37.566017923554845],[126.76612174058454,37.565965158431915],[126.76618215228743,37.56591146546807],[126.7661924586587,37.56575928416308],[126.7662021595655,37.5655964437985],[126.76620626486626,37.56552752682299],[126.76621630623453,37.56529564557587]]]]},"properties":{"blocktype":"산업용지","zonename":"인천계양 테크노밸리 공공주택지구"},"id":"LT_C_LHBLPN.95181"},{"type":"Feature","geometry":{"type":"MultiPolygon","coordinates":[[[[126.75289991851629,37.550291706085794],[126.75276065808768,37.55027384906425],[126.75271479549916,37.55030023326965],[126.75269236815977,37.55041110936153],[126.75266357895156,37.55055343385079],[126.75284234009985,37.55057635596073],[126.75302110124811,37.55059927663925],[126.75304988955804,37.55045695152532],[126.75307231689743,37.55034607692606],[126.75303917804655,37.55030956167866],[126.75289991851629,37.550291706085794]]]]},"properties":{"blocktype":"단독주택","zonename":"인천계양 테크노밸리 공공주택지구"},"id":"LT_C_LHBLPN.95285"},{"type":"Feature","geometry":{"type":"MultiPolygon","coordinates":[[[[126.7533691642847,37.55035187210233],[126.75322990475445,37.55033401651962],[126.75318404216593,37.55036040212813],[126.75316161482652,37.55047127741829],[126.75313282561832,37.550613602504846],[126.7533115885632,37.55063652245972],[126.75349034881317,37.55065944383189],[126.7535191371231,37.550517118120695],[126.75354156356417,37.55040624218651],[126.75350842471335,37.55036972839299],[126.7533691642847,37.55035187210233]]]]},"properties":{"blocktype":"단독주택","zonename":"인천계양 테크노밸리 공공주택지구"},"id":"LT_C_LHBLPN.95287"},{"type":"Feature","geometry":{"type":"MultiPolygon","coordinates":[[[[126.75201640387479,37.54991375991962],[126.75180133372103,37.54988618049737],[126.75177254181786,37.550028505276785],[126.75198761197161,37.55005608464636],[126.7522026830237,37.55008366329353],[126.75241775317743,37.550111241930466],[126.75263282422951,37.55013881984501],[126.75266161343772,37.54999649456406],[126.75244654328397,37.54996891659685],[126.75223147313022,37.54994133861944],[126.75201640387479,37.54991375991962]]]]},"properties":{"blocktype":"단독주택","zonename":"인천계양 테크노밸리 공공주택지구"},"id":"LT_C_LHBLPN.95290"},{"type":"Feature","geometry":{"type":"MultiPolygon","coordinates":[[[[126.75491985678944,37.546339041593384],[126.754918932423,37.54633892977186],[126.75492563924492,37.54641339787467],[126.75492868183878,37.546533386411944],[126.7549239809549,37.54665334128098],[126.75491154827138,37.54677294411298],[126.75490883266427,37.54678898150159],[126.75494382563785,37.54682579262648],[126.75501616786597,37.546835068052715],[126.75503206445326,37.54671516475707],[126.75504045741296,37.546594781933415],[126.7550413296771,37.546474215158014],[126.75503467675412,37.5463537628581],[126.75491985678944,37.546339041593384]]]]},"properties":{"blocktype":"녹지","zonename":"인천계양 테크노밸리 공공주택지구"},"id":"LT_C_LHBLPN.95515"},{"type":"Feature","geometry":{"type":"MultiPolygon","coordinates":[[[[126.75476736238006,37.55017522478473],[126.75465393210914,37.55016068232531],[126.75466406420723,37.55074102104092],[126.75470115834024,37.55092098371043],[126.75470552594918,37.551171122602774],[126.7548233489818,37.55117164748881],[126.75481419604739,37.550913017095205],[126.75477710101606,37.550733054406486],[126.75476736238006,37.55017522478473]]]]},"properties":{"blocktype":"녹지","zonename":"인천계양 테크노밸리 공공주택지구"},"id":"LT_C_LHBLPN.95517"},{"type":"Feature","geometry":{"type":"MultiPolygon","coordinates":[[[[126.75649168216117,37.542752737659264],[126.75640944499018,37.542722611346754],[126.75600313159728,37.54284225324976],[126.75553678020069,37.54297957068035],[126.75507042790578,37.543116887145715],[126.75466411002134,37.543236524142415],[126.75462627387985,37.5433020058113],[126.75477282862856,37.54361757972466],[126.7548748682617,37.54383729817046],[126.75495797051032,37.54381282908958],[126.75518909804974,37.54378320036523],[126.75535692310778,37.54373378565542],[126.75582327899595,37.543596468189484],[126.75628963308749,37.54345914975837],[126.75669595007363,37.543339506708534],[126.75673378441846,37.5432740243603],[126.75649168216117,37.542752737659264]]]]},"properties":{"blocktype":"자족기능확보시설","zonename":"인천계양 테크노밸리 공공주택지구"},"id":"LT_C_LHBLPN.95519"},{"type":"Feature","geometry":{"type":"MultiPolygon","coordinates":[[[[126.76182099238146,37.563619315300706],[126.7618024754085,37.562944194380215],[126.76135582406609,37.562922995748714],[126.76121109828729,37.56290930742527],[126.76106227708911,37.56310060619927],[126.761016461213,37.56315517419702],[126.76096600374179,37.563207081832495],[126.76091114452572,37.56325608059626],[126.760657533053,37.56346736358595],[126.76061724361253,37.56349660566164],[126.76057228922076,37.56352116725888],[126.76052352507389,37.563540583397646],[126.76047187374168,37.563554484515365],[126.76041831348948,37.563562607859645],[126.76036386031193,37.56356480104852],[126.75954892575415,37.56355291011883],[126.75941665601509,37.5635541355989],[126.75937735202648,37.56355637863323],[126.75928471685606,37.56356166507326],[126.75915357989255,37.56357547432943],[126.75902371853678,37.56359551138259],[126.7575985179823,37.56385090269576],[126.75740933098685,37.564399724848315],[126.75776867147354,37.564288497870045],[126.75949211360064,37.564015635997734],[126.76130793397996,37.563728117958405],[126.76146782511744,37.563675240130166],[126.76182099238146,37.563619315300706]]]]},"properties":{"blocktype":"산업용지","zonename":"인천계양 테크노밸리 공공주택지구"},"id":"LT_C_LHBLPN.95619"},{"type":"Feature","geometry":{"type":"MultiPolygon","coordinates":[[[[126.76029475022216,37.54152371938784],[126.76001833052439,37.54092858871456],[126.75988586495262,37.54096704313766],[126.75977634594642,37.5409988055773],[126.75972311537592,37.54101428506058],[126.75946251141707,37.54108988888505],[126.75932139237416,37.54113086686379],[126.75906531951757,37.54120476677721],[126.75901072620283,37.54122168432686],[126.75858375066007,37.54134370838818],[126.75833714604659,37.541414193391766],[126.75838251546003,37.54151187907464],[126.758617431195,37.5420176702502],[126.76029475022216,37.54152371938784]]]]},"properties":{"blocktype":"공원","zonename":"인천계양 테크노밸리 공공주택지구"},"id":"LT_C_LHBLPN.95723"},{"type":"Feature","geometry":{"type":"MultiPolygon","coordinates":[[[[126.75997863487034,37.54311063697883],[126.75976548980623,37.54265174651344],[126.75912242721681,37.542841121449015],[126.75908459556695,37.5429066041775],[126.75927553337891,37.54331769137404],[126.75949480405492,37.54378977313101],[126.75971407742588,37.544261853323114],[126.75993335259345,37.54473393479935],[126.76013603138618,37.54517027472232],[126.76019771240854,37.54519286729153],[126.76085265342095,37.54499999547594],[126.76073890694308,37.544747414209866],[126.76063646576299,37.544526875790446],[126.76041718700213,37.544054796564296],[126.76019790913958,37.54358271648556],[126.75997863487034,37.54311063697883]]]]},"properties":{"blocktype":"자족기능확보시설","zonename":"인천계양 테크노밸리 공공주택지구"},"id":"LT_C_LHBLPN.96063"},{"type":"Feature","geometry":{"type":"MultiPolygon","coordinates":[[[[126.75838251546003,37.54151187907464],[126.75833714604659,37.541414193391766],[126.75815745424369,37.54146555204156],[126.7576519192327,37.54161188810022],[126.75760434265858,37.541693636186935],[126.75762130374947,37.54173015423045],[126.75838251546003,37.54151187907464]]]]},"properties":{"blocktype":"녹지","zonename":"인천계양 테크노밸리 공공주택지구"},"id":"LT_C_LHBLPN.96064"},{"type":"Feature","geometry":{"type":"MultiPolygon","coordinates":[[[[126.74867421018214,37.54708930601874],[126.74848014713129,37.54706441422723],[126.7484630432083,37.5471922198741],[126.74845294794117,37.547266890822286],[126.74840563187847,37.547439691164726],[126.74835334453905,37.54760995842824],[126.74830162852814,37.54777851453801],[126.7482839523783,37.54791993311993],[126.748284980051,37.54805184112637],[126.7483046890883,37.548349122226355],[126.74823360090832,37.5484692906879],[126.74839091388087,37.548489468549256],[126.74867421018214,37.54708930601874]]]]},"properties":{"blocktype":"녹지","zonename":"인천계양 테크노밸리 공공주택지구"},"id":"LT_C_LHBLPN.96065"},{"type":"Feature","geometry":{"type":"MultiPolygon","coordinates":[[[[126.748821936334,37.55235799803078],[126.74876125693316,37.5522288666111],[126.74865641635299,37.5522628897045],[126.74871623965932,37.55239020073038],[126.74887338824021,37.55270993802071],[126.74895893390642,37.55286645963397],[126.74904392621039,37.552836076039824],[126.74906211439988,37.55282943000529],[126.74897800334325,37.552675536252494],[126.748821936334,37.55235799803078]]]]},"properties":{"blocktype":"녹지","zonename":"인천계양 테크노밸리 공공주택지구"},"id":"LT_C_LHBLPN.96066"},{"type":"Feature","geometry":{"type":"MultiPolygon","coordinates":[[[[126.76504697461908,37.569491863883755],[126.76498800740721,37.569385581646344],[126.76492330894379,37.5692814324682],[126.76485300409473,37.5691796114519],[126.76477722401398,37.56908031085284],[126.7647726345212,37.5690745975915],[126.76476615946463,37.56906658734772],[126.76476466197306,37.56906474748359],[126.76475982544359,37.569058554318374],[126.76475352106691,37.56905053908869],[126.76474719243573,37.56904255162701],[126.76474084314329,37.56903459193334],[126.7647344731896,37.56902665858363],[126.7647280825747,37.56901875157791],[126.76472167489176,37.56901087020413],[126.76471525014084,37.569003014462325],[126.76470880742364,37.56899518364049],[126.76470235123168,37.56898737702658],[126.76469588066671,37.56897959390857],[126.76468939752527,37.56897183428655],[126.76468290180748,37.56896409744842],[126.76467639620817,37.56895638268218],[126.7646698798291,37.5689486906999],[126.76466335446692,37.568941019365475],[126.76465682191814,37.568933367966885],[126.7646502830812,37.5689257372162],[126.76464373975266,37.56891812640137],[126.76463719103421,37.568910534810406],[126.76463063782423,37.568902961731276],[126.76462408281762,37.56889540645193],[126.76461752691266,37.56888786897241],[126.76461101772011,37.56888040483057],[126.7646044573236,37.5688728965425],[126.76459789602875,37.568865402494154],[126.7645913383272,37.56885792339756],[126.76458478332056,37.56885046138875],[126.7645782337038,37.56884301219566],[126.76457168857867,37.56883557653028],[126.7645651488434,37.56882815510462],[126.76455861719299,37.56882074649465],[126.76455209272906,37.56881334998836],[126.76454557814661,37.56880596487371],[126.76453907254732,37.56879858972669],[126.76453257054129,37.56879121956313],[126.76452607123028,37.568783851534874],[126.7645205106586,37.568777546558465],[126.7645195764107,37.56877648635397],[126.76451308428616,37.56876912402048],[126.76450659755147,37.56876176453436],[126.76450011441011,37.56875440647153],[126.76449363576027,37.56874705054406],[126.764487161602,37.568739697463975],[126.76448069373195,37.568732345095185],[126.76447422945517,37.56872499557376],[126.76446777236491,37.568717646763645],[126.76446131976626,37.56871029937685],[126.76445487345573,37.56870295341339],[126.76444843343346,37.568695608161214],[126.76444200149604,37.56868826433237],[126.76443557494852,37.56868092192685],[126.76442915468917,37.56867357952063],[126.764422743413,37.568666237825674],[126.76441633932332,37.56865889613001],[126.76440994331848,37.56865155585769],[126.7644035545002,37.568644214160585],[126.76439717466505,37.568636873886796],[126.76439080201644,37.56862953361232],[126.76438444014758,37.56862219191302],[126.76437808726189,37.56861485092505],[126.76437174335935,37.568607508512294],[126.76436540843997,37.56860016609883],[126.76435908340204,37.56859282226058],[126.7643527691439,37.5685854784216],[126.76434646476726,37.568578133157835],[126.76434017206869,37.56857078646931],[126.76433388835328,37.56856343906802],[126.76432761721428,37.56855609024197],[126.76432135685505,37.56854873856708],[126.76431510817397,37.56854138689149],[126.76431031656023,37.568535736247114],[126.7643100578454,37.56853542651549],[126.76430129567814,37.56852478100224],[126.76415114138008,37.56834243567722],[126.76399847808743,37.56814583505635],[126.76385243178518,37.56794607605285],[126.76376698403536,37.56782171165454],[126.7637131066779,37.567743296776],[126.7635806015802,37.56753764316853],[126.76345500991695,37.56732925832639],[126.76333641972306,37.567118290331045],[126.76322491364347,37.56690488940144],[126.7631205734249,37.566689203622],[126.76316490977575,37.56662635570553],[126.76348704743326,37.56657534193355],[126.76364694306224,37.566522461141965],[126.76525578261698,37.56626766856382],[126.76626304647708,37.56610813607077],[126.76637405938156,37.566090552706264],[126.76639590191768,37.565768013936335],[126.76641399578416,37.56544823939655],[126.7664249839767,37.565128259835106],[126.76642886200378,37.56480817565015],[126.76642562806875,37.564488087241635],[126.76641528396827,37.56416809429908],[126.76639783239725,37.56384829651379],[126.76637328144055,37.56352879500284],[126.766341636488,37.563209688036885],[126.7663959073076,37.56315199049524],[126.76677190525461,37.56309243438324],[126.76683259633351,37.56308282060654],[126.76699248118273,37.56302993519946],[126.76710918042296,37.56301144961564],[126.7671111567166,37.5630111370127],[126.7670915384091,37.56281214040841],[126.76676180549588,37.562864369431416],[126.7664304430387,37.56291685690303],[126.76635755912642,37.56287408577597],[126.7663158350764,37.56258403472186],[126.76626080068887,37.562453038269865],[126.76619956702751,37.56210518397145],[126.7661298766261,37.56175834064305],[126.7660517528408,37.561412637188056],[126.7659652271126,37.56106820536046],[126.76595560256264,37.56088283814518],[126.76592066887791,37.56075885645886],[126.7658426501955,37.56063069167719],[126.7658424705324,37.560630090662805],[126.76574996202444,37.56032965193952],[126.76565102786729,37.5600305208594],[126.76554569231536,37.559732777194675],[126.76543398950471,37.55943650783981],[126.76531594907978,37.55914179969068],[126.765356434353,37.55907732818877],[126.76634295790981,37.558813167848896],[126.766199659554,37.55749737619517],[126.76623598293251,37.55745170144037],[126.76646511531372,37.557383985420785],[126.76644181750683,37.55732929854256],[126.76653350585293,37.55730241405887],[126.76658631691018,37.557286940094265],[126.76657331199976,37.557221917219266],[126.76652112437337,37.55723727511942],[126.76650639020608,37.55720412523824],[126.76650399439922,37.557181153893026],[126.76642147425889,37.55720425413468],[126.7664022027011,37.55716231363881],[126.76617025859308,37.55723084667853],[126.76478791306755,37.557639274828],[126.76468573868716,37.557600525637426],[126.76455443014544,37.55729158320975],[126.76446785860318,37.5571722279885],[126.7640811482464,37.556262354097626],[126.76374505975254,37.55547156872185],[126.7636602632813,37.55526518831223],[126.76358073542919,37.55505748343374],[126.76350650853558,37.55484853882215],[126.76343761044822,37.55463844135045],[126.76342561973583,37.554464796694354],[126.76339176582601,37.554346270887585],[126.76331874716647,37.5542259416942],[126.76325188286492,37.553953292227575],[126.76319839627457,37.55370053121002],[126.76319391457963,37.55367935629879],[126.76314488183648,37.5534043162096],[126.76310481427987,37.55312835711301],[126.76307374065586,37.5528516634526],[126.7630516825241,37.55257442252337],[126.76304748469676,37.55250805877458],[126.76304399474185,37.55245287477702],[126.76311758562824,37.5523844263658],[126.76355960885033,37.552347479822885],[126.76372464733431,37.55230753853685],[126.76385507103547,37.55230157543768],[126.76398568967106,37.5522996646535],[126.76452437880427,37.5523001503616],[126.76487112940222,37.55230046087295],[126.76484650837689,37.55226439953098],[126.76479172192435,37.552184157196066],[126.76475022335148,37.55211929295864],[126.76473230375822,37.552092074005415],[126.76470020605477,37.55203901913136],[126.76398606067528,37.552038376740995],[126.76385644635617,37.55204007814964],[126.76372698834396,37.552045415259656],[126.76359784653873,37.552054380948405],[126.7631487607619,37.55209191874932],[126.7630627865993,37.552033329489575],[126.76304650463479,37.551775856541155],[126.7630457069308,37.55176326008921],[126.76300326512688,37.55162964085252],[126.76291089675613,37.550169021502775],[126.76293620858587,37.55000201770563],[126.76291540899379,37.54981096448687],[126.7628525682464,37.54963971726825],[126.76282552356645,37.549469224597715],[126.7627944454509,37.54929916812232],[126.76221865409987,37.54634431714685],[126.76222622869433,37.546177501358684],[126.76219999159983,37.54604285431491],[126.76213168460393,37.54589798562744],[126.76187509880934,37.544581144709646],[126.7618276372196,37.5443561855262],[126.76177311487176,37.54413224205892],[126.7617115676984,37.543909456057186],[126.76164303342874,37.543687967135135],[126.76156755697855,37.54346791348404],[126.76148518416196,37.5432494347212],[126.76139596708121,37.54303266619184],[126.76129996053352,37.542817744667296],[126.76065027197058,37.541419018416775],[126.76029475022216,37.54152371938784],[126.758617431195,37.5420176702502],[126.75790364514161,37.54222786312956],[126.75784196681421,37.54220526966178],[126.75762130374947,37.54173015423045],[126.75760434265858,37.541693636186935],[126.7576519192327,37.54161188810022],[126.75756001798585,37.54163848976897],[126.75724051598539,37.54173090640123],[126.75716164570008,37.54175407482492],[126.75726400693004,37.541792070824734],[126.75778836523952,37.54292108252314],[126.75774107432972,37.54300293530272],[126.75750303694905,37.54307303055051],[126.75698997495434,37.543224108588134],[126.75690773688504,37.54319398389062],[126.75677977995763,37.54291847347233],[126.75658652359394,37.542502358258176],[126.75593004466579,37.54269566389976],[126.7553637664736,37.54286240556794],[126.7547974873831,37.54302914330183],[126.75425761067716,37.54318810411006],[126.75415146394653,37.54321935704363],[126.7536649211173,37.54336261052827],[126.75309863394199,37.54352934073308],[126.75253234407171,37.54369606771596],[126.75200699042892,37.54385073999317],[126.75234975071045,37.54458885630183],[126.75231191187402,37.54465433678294],[126.75212847499469,37.54470834207518],[126.75201993694881,37.54474353741057],[126.75191450617548,37.5447842833232],[126.75181263183237,37.54483040743863],[126.75171474421248,37.54488171530188],[126.75162125833751,37.54493798824078],[126.75153257216105,37.54499898763978],[126.75113037305219,37.54529437351228],[126.7510471962434,37.54535546093843],[126.7501598314226,37.5460071496276],[126.75007451123352,37.54607413026791],[126.74999497888986,37.5461454832942],[126.74992158832778,37.54622089245937],[126.7498546638391,37.546300023710835],[126.74979450096959,37.5463825266155],[126.74974136831545,37.54646803507191],[126.74969550213368,37.54655616873528],[126.74965710364687,37.546646538003216],[126.74962634533155,37.54673874187923],[126.74960336103668,37.54683237082184],[126.74954719028031,37.54711001486616],[126.74952919433021,37.54719896754807],[126.74924591240197,37.54859913157979],[126.74918731529598,37.54888875917645],[126.74913188834465,37.549162702030294],[126.74911587138314,37.549264076783984],[126.74910869204741,37.54936609025217],[126.74911038447338,37.54946825599347],[126.74912093967797,37.5495700840081],[126.74914030735549,37.54967108714785],[126.74916839677613,37.54977078467691],[126.7492050722942,37.5498686972864],[126.74925015784001,37.549964357777405],[126.74930343871614,37.550057308924],[126.7493646615977,37.55014710560972],[126.74943353273558,37.55023332052498],[126.75098286519099,37.55203224910566],[126.75095909936181,37.55210180101309],[126.75046445103375,37.55228646507188],[126.7503765329169,37.552269265160305],[126.75019636680351,37.55208073817269],[126.75006338649706,37.55193332518625],[126.74997960332547,37.551834087773535],[126.74997919728695,37.551833606335535],[126.7498758982158,37.55171125332121],[126.74985017765258,37.55168088421208],[126.74972170149896,37.551722579239474],[126.74976324858083,37.55177163327232],[126.74985075976088,37.55187528845818],[126.74995185526463,37.55199503318225],[126.7500871577161,37.55214501987764],[126.75023821661763,37.552303088112126],[126.75021625101232,37.55237301366196],[126.7494915010209,37.55263783779316],[126.74930309735637,37.55274137711367],[126.74906211439988,37.55282943000529],[126.74904392621039,37.552836076039824],[126.74895893390642,37.55286645963397],[126.74887338824021,37.55270993802071],[126.74871623965932,37.55239020073038],[126.74865641635299,37.5522628897045],[126.74825654927055,37.55239265490637],[126.74828962613763,37.552468399598055],[126.74833641758414,37.552563626596026],[126.74848261660001,37.55286126644243],[126.74853811900984,37.55296441375596],[126.74855804993106,37.55300257710053],[126.74840441825452,37.55305390925012],[126.74830240197763,37.55301490698952],[126.74816326282156,37.552626832494425],[126.74808370891832,37.55250436327262],[126.74807451376306,37.55247890568182],[126.7480730297462,37.55247602847356],[126.74806336387375,37.55245534817983],[126.74804777091705,37.552421986790264],[126.74802645748863,37.55237626120846],[126.74799395195008,37.552296651411574],[126.74798975322445,37.55228464259788],[126.74795648232126,37.55218947933992],[126.74791948520628,37.55217951661108],[126.74786808180907,37.55215354827383],[126.74783411022,37.55212608505413],[126.7478095368054,37.552097201017425],[126.74779153816036,37.55206508721431],[126.74776177338173,37.55196492271194],[126.7477039191825,37.55180460182596],[126.74763539748925,37.55155235697995],[126.74754918167986,37.55131250768466],[126.74748426312921,37.55123371221154],[126.747365837327,37.55084711123336],[126.74726364587859,37.550378735590954],[126.74725593743511,37.55031555912284],[126.74724924947782,37.550285541272395],[126.74723032826302,37.55015094366905],[126.74716307588929,37.54995648435872],[126.74713997930502,37.54988958982276],[126.74705309335242,37.549651225826395],[126.74702504974589,37.54957782428474],[126.74700087159002,37.54951279254661],[126.74689949311694,37.549226950641405],[126.7468915448233,37.54920462494974],[126.74687760746167,37.54916540345012],[126.74681236012766,37.54898178288575],[126.74675097644764,37.54880897543495],[126.74662266019413,37.54844802241416],[126.74649204784676,37.548080603516354],[126.74648554494242,37.54806265123951],[126.74642711941466,37.54789859489148],[126.74635792488324,37.547704294229106],[126.74634751340915,37.54767512002724],[126.74629035181097,37.547762317111605],[126.74619153982468,37.54796915346681],[126.74613089276322,37.548074821695685],[126.74613602214347,37.548089254167614],[126.74615314852436,37.548127979814865],[126.74621102248656,37.54829067104398],[126.74633979688086,37.54865259913941],[126.74640848206747,37.548847623076874],[126.7464934195742,37.549088948174514],[126.7464939594617,37.54909048441715],[126.74657132417059,37.549310080612855],[126.7466032754486,37.54940082899871],[126.74676418617388,37.549848185774096],[126.74695822676684,37.550381252506824],[126.74699591468627,37.55049111359424],[126.74700187860144,37.55050849766355],[126.74703606398957,37.550608146355216],[126.74715154691091,37.55092663782738],[126.74710722762806,37.550989490441225],[126.74705358023928,37.551001157610294],[126.74645054927392,37.551132301678315],[126.74639147156925,37.55110565496809],[126.74638300674431,37.55108161060383],[126.7463510788225,37.55099092551309],[126.74637896971544,37.55095172774369],[126.7465098174214,37.55092327199337],[126.7466704487706,37.55088833881484],[126.74683107922147,37.550853405619954],[126.74699096317242,37.55081863478941],[126.74684928986895,37.55040566388008],[126.74676047703007,37.55016167798427],[126.74673612370273,37.55010652287408],[126.74670418589945,37.55005387966458],[126.74666506247218,37.55000440714975],[126.74653787360435,37.54986192350252],[126.74643147714207,37.54974273158453],[126.74635181184776,37.54965348637224],[126.74627411386389,37.549566444624915],[126.74619605026571,37.54947899254363],[126.74611798487089,37.549391540359714],[126.7460399212727,37.549304087361016],[126.74598274889475,37.549240037523305],[126.74599218300187,37.54919561903429],[126.74612456413203,37.54912070929047],[126.7462045492266,37.54907544818265],[126.74614740200148,37.549058354362],[126.74609007152006,37.54902969063477],[126.7453695759498,37.54943738671166],[126.74531379596053,37.549429838716975],[126.74521371734969,37.54931732877904],[126.74521539091107,37.54926633306831],[126.74553145685557,37.54894768636092],[126.745557049858,37.54891190329699],[126.74557791412882,37.54889260940824],[126.74562993107534,37.548825093578046],[126.74568274123423,37.54875388769651],[126.74567464202366,37.54874708817155],[126.74562023466017,37.54882044708618],[126.74556874502474,37.54888727990678],[126.74548281038798,37.54896674306826],[126.74542704297517,37.54902680973226],[126.7451923239712,37.549231550102],[126.74505008203418,37.54936296863569],[126.74507686440603,37.54939655146736],[126.74511910229238,37.54939803286352],[126.74519784142367,37.549486553353056],[126.7453134339395,37.549610038868664],[126.74584655980608,37.550207284562624],[126.74583528145769,37.550260593572126],[126.74492400348404,37.55077766569671],[126.74555699775574,37.5514947394349],[126.74711675605828,37.55115553911168],[126.74716462009324,37.55114512969963],[126.74724356404043,37.55118041386876],[126.74732018135101,37.55139170190127],[126.74761071987007,37.55220227370668],[126.7476413551162,37.55228933943872],[126.74766852825525,37.55235608012623],[126.74767912927393,37.55238544478485],[126.74769066094723,37.552417386102206],[126.74769310256818,37.552425049879794],[126.74772415283594,37.55249467121432],[126.74773218197797,37.55256282112108],[126.74774028208688,37.55263157204442],[126.74775453026557,37.55267018423187],[126.74778986729395,37.5527659273007],[126.74792832912027,37.55315102418496],[126.74788178381213,37.55323315060097],[126.7478451370401,37.55324703868614],[126.74759778862155,37.553340776961896],[126.74738370391968,37.5534208157949],[126.74724418657291,37.553501504041385],[126.7468914163642,37.553626182910264],[126.74653602666814,37.553746055147926],[126.74618304266039,37.553804344663014],[126.74617712096604,37.553805905734336],[126.74585788396858,37.55390765233311],[126.7458574797267,37.55390777553793],[126.74575845753462,37.55394870658951],[126.74552716829841,37.55404431056795],[126.74544337255041,37.55406523469339],[126.74534455517419,37.55401906644066],[126.7453982816147,37.55422171001824],[126.74541482409066,37.55428265268073],[126.74547029955103,37.55443968089857],[126.74547189585728,37.554446171538295],[126.74551273057519,37.554408859966316],[126.74550988561064,37.55440051058081],[126.7455692202335,37.55438723232129],[126.7460138845025,37.55427619336192],[126.74656558842752,37.55410035937948],[126.74685245822695,37.55400893374881],[126.74720836175938,37.553890319620486],[126.74724471298568,37.55388011783094],[126.7473000096813,37.553889688640744],[126.74755737521357,37.55407754019294],[126.74768457216622,37.554169696419834],[126.7480420082245,37.55442386663837],[126.74807587830396,37.554451230020895],[126.74808051630579,37.554455015158645],[126.74817043946237,37.55451247516403],[126.74830026578384,37.55459722082857],[126.74838413160046,37.554652064250426],[126.74837437230322,37.55457642361703],[126.74837334552888,37.55456883483749],[126.74837099373944,37.55455129646428],[126.74836572871355,37.554512082763424],[126.74835478813173,37.55445104414677],[126.74829437912379,37.55447740479642],[126.748045833251,37.55431550617755],[126.74774011589854,37.554092667999754],[126.74767397114755,37.55404116991895],[126.74747644598962,37.553896658616566],[126.74748709372068,37.5538432674599],[126.74801829629423,37.553650185859986],[126.74812089108623,37.553688215677845],[126.748146120271,37.55376050788677],[126.74816465251531,37.553822500661155],[126.74816683182817,37.553829783996896],[126.74817233400931,37.5538482070515],[126.74817821258453,37.55386822749211],[126.74822687612009,37.55401515024232],[126.74829630062018,37.55414006184176],[126.74830420489639,37.554170357308095],[126.74832720985249,37.55426868716273],[126.74834716951977,37.55435395440736],[126.74836636831404,37.55446112194208],[126.74874781633987,37.554793088074],[126.74877530658422,37.55479602999918],[126.74879212214802,37.55478792706381],[126.7487383184524,37.554431569378515],[126.7487157689421,37.554305706106014],[126.74869435400406,37.554214223041996],[126.74868910694448,37.55419179985344],[126.74867645507204,37.55405252040896],[126.74860860711524,37.55388959890774],[126.74859112679813,37.5538427874592],[126.7485736222265,37.55378994036009],[126.7485688737319,37.553773771302424],[126.74856318020962,37.553754705141635],[126.74856098293047,37.55374736197646],[126.74854069986966,37.55367951440027],[126.74853784322706,37.55367132801976],[126.74850070327996,37.55356490783976],[126.74856044304298,37.5534678119607],[126.74877939212213,37.55339639971183],[126.74880679972144,37.55344162116281],[126.74884791561196,37.553508580879075],[126.74885224549166,37.553515415578175],[126.7488661999213,37.553509872044025],[126.74894521303872,37.55347003535791],[126.74903066438183,37.55343381719203],[126.74920617362876,37.55333787343653],[126.74923357853312,37.553325936007866],[126.74919441108844,37.55326103573117],[126.74922607400725,37.55325070851306],[126.74943397919829,37.55314903009825],[126.74956496614314,37.55317756832308],[126.7516619960373,37.556340152950554],[126.75293534807108,37.556503418755945],[126.75588013067532,37.556880934844095],[126.75592950926983,37.55693025609395],[126.75588225069939,37.55750554933701],[126.75587902664584,37.557544799917785],[126.75581044925704,37.55759186113536],[126.7560648341792,37.55760863538827],[126.75607016837537,37.5575345843859],[126.75607299627188,37.557500262467286],[126.75608662281641,37.55750288097755],[126.75608810683329,37.55748481204413],[126.75611125821477,37.55720296873083],[126.75612896760227,37.55698736666782],[126.75619977011802,37.55694244076915],[126.75648547210764,37.55697906314803],[126.7565451319206,37.557044787689506],[126.75650298386577,37.55725318064795],[126.75648848595539,37.5573248669332],[126.75679015010928,37.55736353294748],[126.75709181426316,37.5574021982296],[126.75739355207888,37.55744087346148],[126.75835092710133,37.55756357740769],[126.75838756129694,37.55726277381283],[126.7584413200768,37.557229745718054],[126.75862538398023,37.55725333589328],[126.75868761477153,37.55731753195326],[126.75865293620829,37.55760228246534],[126.7586090912359,37.55796229671935],[126.75856300227196,37.557988434655265],[126.75873826807543,37.558022009327495],[126.75874378193468,37.55797673083729],[126.75876292683002,37.55781952919191],[126.75878014753401,37.55767812440883],[126.75883390631384,37.55764509649816],[126.75893694756853,37.557658302252],[126.75897152013056,37.55769396646364],[126.75895442878398,37.55783430943222],[126.75893268236756,37.55801287202188],[126.75907572290689,37.55804023123801],[126.75946744137136,37.55811531076053],[126.7598405090139,37.55805909120978],[126.75989603028837,37.55808518353563],[126.76024086567817,37.55892149257265],[126.76021083050664,37.55896997715717],[126.76014887010821,37.5589872773551],[126.76017350550657,37.559047021899254],[126.76038262611823,37.55898671976666],[126.76063513445975,37.558913890705384],[126.76105654583762,37.558792299177725],[126.7611082609502,37.55893638297275],[126.7611153127252,37.55895613072929],[126.76131415481333,37.55890060897735],[126.76141455412275,37.5589421981325],[126.76153908667226,37.55929508761033],[126.7616174700707,37.55941796938006],[126.76165239656893,37.55952206042535],[126.76176527168099,37.55977631421971],[126.7618207076155,37.55998157623077],[126.76186989846214,37.56018784388297],[126.76191281188163,37.56039499753435],[126.76187270479912,37.560438621761264],[126.76157226415064,37.560476726446154],[126.76157402484858,37.56048829670805],[126.76158902132394,37.56058408313999],[126.76159632013561,37.56063069879819],[126.76162128791066,37.56089884401367],[126.76162236588901,37.56091042061893],[126.76162777913687,37.56097086503861],[126.76177393952518,37.56095375329544],[126.761740603045,37.56059573242861],[126.76177571818945,37.5605604050064],[126.76185739032013,37.56055004604309],[126.76191184709097,37.56058234347286],[126.76194320997249,37.5607934545958],[126.76196805467832,37.56100511486079],[126.76198636503872,37.56121719750995],[126.76203064659238,37.56139567508629],[126.76203067623679,37.5613957918699],[126.76203498815013,37.561515330454775],[126.76203808374461,37.561628188705505],[126.76199242776862,37.56244006764181],[126.76200171634862,37.56277870817476],[126.76193649326912,37.56282870627044],[126.76136491861004,37.56280157739079],[126.76109305247243,37.562794109078645],[126.7610171484242,37.56289096209141],[126.76121109828729,37.56290930742527],[126.76135582406609,37.562922995748714],[126.7618024754085,37.562944194380215],[126.76191105028533,37.56294934770469],[126.76197385779503,37.56300126758891],[126.76198846350326,37.56353374605769],[126.76191761876669,37.56360401425779],[126.76189707968602,37.56360726701144],[126.76182099238146,37.563619315300706],[126.76146782511744,37.563675240130166],[126.76130793397996,37.563728117958405],[126.75949211360064,37.564015635997734],[126.75776867147354,37.564288497870045],[126.75740933098685,37.564399724848315],[126.7572732191533,37.56444185495223],[126.7572730053543,37.564442376896544],[126.75725357748964,37.56449973022329],[126.7571987928337,37.56463889899614],[126.75733414738745,37.56459700327285],[126.75753390665551,37.56453517255626],[126.75761329257378,37.56456984299422],[126.75786585750917,37.56558072945771],[126.75781554826001,37.565640660257266],[126.75770189161365,37.565658653159176],[126.75760693609483,37.56567714663078],[126.75751436650144,37.56570215752715],[126.75742488711262,37.56573349501136],[126.75733918064799,37.56577092053761],[126.75725789658951,37.56581415069968],[126.75718165567305,37.565862855095205],[126.7571110373119,37.565916662734466],[126.75704657869869,37.56597516631306],[126.75698877211016,37.566037917940065],[126.75693805502587,37.56610444195534],[126.75689481461968,37.56617422994553],[126.7568593805733,37.56624675427338],[126.75683202148299,37.56632145953356],[126.75681294575793,37.5663977796419],[126.75680229982349,37.56647513142742],[126.75680016362973,37.566552928161215],[126.75680655334637,37.56663057670835],[126.75682142046432,37.56670748749675],[126.75712941145277,37.567940228130354],[126.75726077928326,37.56846602096012],[126.75790468359408,37.56836408775272],[126.75834875497502,37.568293786305105],[126.75879282545763,37.568223483367106],[126.75932510151797,37.56813921459638],[126.7599301447096,37.56804342078951],[126.76004116210567,37.56802584357809],[126.76064620350066,37.567930047489355],[126.76106862638153,37.56786316339157],[126.761501590094,37.56779460809028],[126.7619345529081,37.56772605130183],[126.7623675148239,37.567657493026225],[126.76226408280212,37.567243630685375],[126.7621558492851,37.56681055155979],[126.76220615583931,37.56675061885326],[126.76261674700959,37.566685601389125],[126.762695497819,37.566721179394555],[126.76277279066267,37.566887440089005],[126.76285416904422,37.56705245932502],[126.76292651845891,37.567138731582105],[126.76295038849263,37.56716719538115],[126.76296738731277,37.56719912751413],[126.76313723358015,37.56743698893367],[126.76326729975186,37.56765328917041],[126.76340458209019,37.56786674420651],[126.76354898537376,37.56807720311586],[126.76370040270314,37.56828451497369],[126.76385872717874,37.56848852956847],[126.76394142338879,37.568588983014976],[126.76402384740939,37.568689103810215],[126.76402915465609,37.56869536108845],[126.76403559018678,37.56870293418869],[126.7640420338023,37.568710499455904],[126.76404848190943,37.56871805617806],[126.76405493720303,37.568725605067144],[126.76406139878488,37.56873314683522],[126.76406786396002,37.5687406814823],[126.76407433542332,37.568748207584306],[126.76408081137818,37.56875572656531],[126.76408729272295,37.5687632384253],[126.76409377766099,37.5687707431643],[126.76410026619229,37.56877824149432],[126.76410675921518,37.568785732703326],[126.7641132567296,37.56879321750338],[126.7641197560407,37.568800696606495],[126.76412625804673,37.5688081685886],[126.76413276364602,37.56881563487376],[126.76413927104193,37.56882309474997],[126.76414578203111,37.56883054892922],[126.7641522939186,37.56883799669952],[126.7641567037483,37.56884303498043],[126.76415880850105,37.56884544019694],[126.76416532308347,37.56885287728539],[126.76417183946253,37.56886031010097],[126.76417835673993,37.56886773650759],[126.76418487491564,37.56887515935333],[126.76419139219304,37.568882575790155],[126.76419791036872,37.5688899886661],[126.76420442854439,37.56889739726919],[126.76421094672013,37.56890480017534],[126.76421746399753,37.56891219952065],[126.76422397947826,37.56891959530507],[126.76423049495902,37.568926986104636],[126.76423700864318,37.568934373343325],[126.76424351963236,37.56894175702121],[126.76425002972321,37.56894913785023],[126.76425653711908,37.56895651440641],[126.76426304002345,37.568963885977674],[126.76426953574126,37.56897124829194],[126.76427601978098,37.56897859992513],[126.76428249214261,37.568985941589276],[126.76428895192781,37.56899327328439],[126.7642953982383,37.56900059572246],[126.76430183017575,37.569007909615586],[126.76430824684182,37.56901521567574],[126.76431464643989,37.56902251319091],[126.76432102896999,37.569029803585146],[126.76432744204281,37.56903714239614],[126.76433379313188,37.56904442709278],[126.76434012355965,37.569051704668475],[126.76434643332624,37.5690589772593],[126.76435272153321,37.569066244865255],[126.76435898728235,37.5690735081984],[126.76436522967522,37.5690807679707],[126.76437144781363,37.56908802418222],[126.76437763990084,37.56909527683287],[126.76438380683531,37.56910252734681],[126.76438994592195,37.56910977572394],[126.76439605716084,37.56911702196432],[126.76440214145026,37.569124268203986],[126.76440819429864,37.56913151230688],[126.76441421750262,37.569138757121095],[126.76442020836724,37.56914600122261],[126.76442616779084,37.56915324603541],[126.7644320948751,37.56916049227154],[126.76443798602672,37.56916773921901],[126.76444384394071,37.56917498758981],[126.76444966502375,37.56918223738394],[126.76445545017418,37.56918948931343],[126.76446119849366,37.56919674480231],[126.7644669072873,37.56920400313859],[126.76447144288117,37.56920981108872],[126.76447253433422,37.56921127001838],[126.76447796734507,37.56921858958695],[126.76448183998227,37.569223845008274],[126.76452392695163,37.56928305160088],[126.76456385796432,37.5693431987236],[126.76454132462372,37.56938452216258],[126.76424643286879,37.56945013536606],[126.76426904795609,37.569519945142275],[126.764587665116,37.56944905381065],[126.7646385762364,37.569468741107194],[126.76468246971781,37.56955282538538],[126.76472226777986,37.569638191909895],[126.76475791023542,37.56972471322557],[126.76476014434547,37.56973053964751],[126.76476323275344,37.569738678694655],[126.76476627804225,37.56974680492464],[126.76476929548328,37.56975495251422],[126.76477228417825,37.569763120751304],[126.7647752450254,37.56977130963595],[126.76477818071977,37.569779517744095],[126.76478109126128,37.569787745787735],[126.76478397664998,37.569795993054875],[126.7647868395808,37.569804260257534],[126.76478967825706,37.56981254597162],[126.76479249627212,37.5698208509092],[126.76479529362594,37.56982917293417],[126.76479659169152,37.56983306978898],[126.76481456787867,37.56988842888657],[126.76494381478679,37.569763040293616],[126.76502456075441,37.569678778248786],[126.7650797541438,37.56962131427491],[126.7651001027816,37.569600079806634],[126.76504697461908,37.569491863883755]],[[126.75331194968597,37.551756702982395],[126.75354309788668,37.551722156912334],[126.75371531929969,37.55172787648975],[126.7538430318853,37.55171405293054],[126.75397104360994,37.55170212022708],[126.75417643531482,37.55168451209702],[126.75436186645406,37.55167117922728],[126.75444588767924,37.551731535708655],[126.75445419080741,37.55184284624148],[126.75446664145723,37.55195391090419],[126.75448352349636,37.55206637484333],[126.7545439558605,37.55220122466127],[126.75458116048628,37.552353276267915],[126.75462626759165,37.55250396730054],[126.75467919902316,37.55265303639786],[126.75473986405092,37.5528002250493],[126.75495641552655,37.55329096478602],[126.75489108914077,37.55335317801212],[126.75389610345397,37.553225613673305],[126.75387292152976,37.55322283975896],[126.75384948628063,37.55322328130632],[126.75382649569755,37.55322692478397],[126.75380463519512,37.553233661941206],[126.75378455425525,37.553243291232214],[126.75376685205427,37.553255527786725],[126.75375205859817,37.55327000483456],[126.75374061136651,37.55328629151],[126.75373285351571,37.553303902822485],[126.7537290150145,37.55332231461237],[126.75372921084723,37.55334097637007],[126.75373343472567,37.55335933473789],[126.75374156178408,37.55337683991954],[126.75375334857891,37.553392972742586],[126.75376844386896,37.55340725035573],[126.75378639939488,37.553419249730304],[126.75380667886236,37.55342861122095],[126.75382867860371,37.55343505636979],[126.75385174284864,37.55343839431571],[126.75387518438596,37.553438523930865],[126.75389830522475,37.553435442366535],[126.75392041545886,37.553429240780254],[126.75394085662313,37.55342010504796],[126.75395901965986,37.55340830650587],[126.75397619454978,37.55339772292645],[126.75398100233315,37.55339476100524],[126.75400546345836,37.55338424935321],[126.75403175085854,37.553377052858856],[126.75405915935615,37.55337336523389],[126.75408695772259,37.55337328404633],[126.75425085624452,37.553394297381594],[126.75447282366301,37.55342275574932],[126.75469479197983,37.553451212681864],[126.75491676119495,37.55347967031571],[126.7550080578756,37.553491374840014],[126.75506015297555,37.55352604756848],[126.75517511756898,37.553786572518874],[126.75543123893459,37.554366965612004],[126.75557576349077,37.55469446763822],[126.75564953134524,37.55487148168798],[126.75571546768711,37.555050443063074],[126.75577349076964,37.555231133118205],[126.75582353052421,37.55541332964931],[126.75584946398813,37.55552662728202],[126.75586552766208,37.55559680974223],[126.75589942648762,37.55578134906064],[126.75592518747504,37.55596671899754],[126.75594277918321,37.55615269379666],[126.75595218005267,37.556339045567654],[126.75595337660864,37.556525543573755],[126.75594636974944,37.556711961353464],[126.75587587086424,37.5567571879139],[126.75292031296821,37.55637828964142],[126.75222717379329,37.55628941841679],[126.75179274582692,37.5562337166417],[126.7517467700507,37.55620745417712],[126.75121605795724,37.555407103302315],[126.75123610476109,37.55535545301701],[126.75206267070519,37.55500806765193],[126.75206110404332,37.55499993838984],[126.75204837401743,37.55494395648546],[126.75203501606916,37.55490125698228],[126.75203375932608,37.55489795755836],[126.75117270436333,37.55525983932616],[126.75110782713519,37.55524387924848],[126.75045249176235,37.55425555772186],[126.74969204451816,37.55310867475641],[126.74973113560605,37.55300513238528],[126.75039753642655,37.5527145123401],[126.75058032651889,37.55260642856802],[126.75063399097564,37.552586394969225],[126.75123274775687,37.55236286222959],[126.75175300974864,37.55216863089145],[126.75196760020204,37.5520920034992],[126.75218531319933,37.552021179620894],[126.7524059026022,37.55195624046217],[126.75262911508567,37.55189726010575],[126.75285469822319,37.55184430408688],[126.7530823968932,37.55179743366653],[126.75331194968597,37.551756702982395]],[[126.76542817740481,37.5630756065348],[126.76255624906848,37.5635304420315],[126.76246797611707,37.56347404926],[126.7624574155226,37.5630891153838],[126.76241976173918,37.56295458861462],[126.7623801110008,37.56150933106353],[126.76237099759228,37.5612948259833],[126.76235543427997,37.56108055741418],[126.76233343004708,37.56086664570304],[126.76230499836834,37.56065321475881],[126.76227015451508,37.560440387067494],[126.76226022543625,37.56021345906421],[126.76222994322804,37.56007664479756],[126.76219700739645,37.55994021980327],[126.76211707709909,37.559769302067195],[126.76204443124038,37.55952422667288],[126.76196316514823,37.55928087236717],[126.76181205234775,37.558852671967465],[126.7618633892696,37.55877237548411],[126.76230081221915,37.55864315049728],[126.76244816018023,37.55857078896436],[126.7630549649681,37.55839152128495],[126.7644397467247,37.55798240079789],[126.76454192110509,37.55802115050199],[126.76466315773584,37.558306393963925],[126.76474973197304,37.55842574950487],[126.76499047687592,37.55899216106052],[126.76510230275572,37.55925952742177],[126.76519521281064,37.5594927612448],[126.76528411368443,37.55972698274782],[126.76536899010571,37.5599621484828],[126.76539410340781,37.56003632525212],[126.76548259644645,37.560297706180314],[126.76549979918413,37.56047986112708],[126.76553737481413,37.56060209292944],[126.7656150135092,37.56072612757216],[126.7657013128619,37.56103309962491],[126.76578083173091,37.56134122970443],[126.76585354406491,37.561650423800195],[126.76591942920284,37.56196058647881],[126.76597846468663,37.56227162088448],[126.76603063524509,37.562583433723226],[126.7660759211152,37.56289592315777],[126.76602222252247,37.56295395628746],[126.76558806584731,37.563022721834656],[126.76542817740481,37.5630756065348]],[[126.76043011465735,37.55595259071348],[126.76047394795167,37.55617675432851],[126.76074665940395,37.55694958706954],[126.76070441972097,37.55701334186635],[126.76047368384695,37.557075484331975],[126.76035097487748,37.55710853243493],[126.7602254272317,37.557138996182765],[126.76009779010452,37.55716333768966],[126.75996853151833,37.55718146794469],[126.75983813027506,37.55719331929956],[126.75970706517678,37.55719884760488],[126.75957582041544,37.55719803363441],[126.75944487928469,37.55719088094861],[126.75931472507811,37.55717741304613],[126.75893387533026,37.55712860540982],[126.75888084328746,37.55707018461327],[126.75910165637083,37.55597818171342],[126.75776084085922,37.55580633265678],[126.75650941759984,37.5556459253185],[126.75618800667938,37.55560472458193],[126.75615287895853,37.55560022236713],[126.75605667208656,37.55552391113758],[126.75601064869957,37.55533247326821],[126.75595611377533,37.555142458504505],[126.755893136484,37.55495410471763],[126.75583769066806,37.55480720019824],[126.75576795624917,37.55464071100312],[126.75566010002457,37.55439630455261],[126.75540397776068,37.55381591168799],[126.75531994036584,37.5536254764383],[126.75540439727389,37.553545042570754],[126.7554070428124,37.553542524337374],[126.75592122770124,37.55360844205909],[126.75614245580624,37.553636801353534],[126.75636368301298,37.55366516063718],[126.7565849102197,37.55369351919792],[126.7568061374264,37.553721877747826],[126.75702736553141,37.553750235574775],[126.75713909618982,37.553764557986064],[126.75748896573847,37.55203444192174],[126.75749468441356,37.552006164630974],[126.75758640779395,37.55195339100896],[126.75958824860741,37.55220996599369],[126.75966223565085,37.55227814251155],[126.75966284740355,37.55231306720465],[126.75966818878624,37.55261780206625],[126.7597045040799,37.552752560439885],[126.75970778472731,37.55293976820276],[126.75971380613466,37.553136101293134],[126.75972498566838,37.55333228929537],[126.75974131973518,37.55352824959884],[126.75988118472996,37.55406478389288],[126.75992947097313,37.554321078138265],[126.75998667838539,37.55457620712033],[126.76005276294924,37.55482997215892],[126.76012767346073,37.555082178137496],[126.76021135332614,37.55533263136618],[126.76043011465735,37.55595259071348]],[[126.75936245975566,37.54873373483431],[126.7573953927269,37.54848159996028],[126.75722241133916,37.54848680342806],[126.75709541560913,37.54847052425043],[126.75597818448352,37.548327301235666],[126.75478115421461,37.54817383691508],[126.75473263171453,37.54816761566103],[126.7546796086549,37.54810919282524],[126.75475481381382,37.547737348624445],[126.7547482812651,37.54759962116814],[126.75488133433508,37.546941307675795],[126.75489141702586,37.54689188152691],[126.75491154827138,37.54677294411298],[126.7549239809549,37.54665334128098],[126.75492868183878,37.546533386411944],[126.75492563924492,37.54641339787467],[126.7549148594615,37.54629369261556],[126.75489637213296,37.54617458687069],[126.75487022666663,37.54605639260478],[126.75483649133444,37.545939424633474],[126.75479525596795,37.54582399065191],[126.75474662746666,37.545710395507975],[126.75474190142998,37.54570021966406],[126.75413674235566,37.54439715387486],[126.75417457939541,37.54433167245561],[126.75422067374927,37.544318101088614],[126.75450426379966,37.544234603010125],[126.75465168721924,37.54416237848572],[126.75538795271433,37.54394559195529],[126.7554701898853,37.54397571919815],[126.75570568503366,37.544482786404494],[126.75582979537499,37.54467208617574],[126.75618584623113,37.54543871702183],[126.75621743728472,37.54549706217901],[126.75625658406818,37.54555242867593],[126.75630284820362,37.54560419686536],[126.75635571315979,37.54565179054823],[126.75641458964184,37.54569467768537],[126.75647882008295,37.5457323796565],[126.75654768672925,37.54576447553308],[126.7566204215212,37.545790608488005],[126.75669621328002,37.54581048508303],[126.75677421669108,37.54582388381532],[126.75692460994101,37.54584316425353],[126.75738562624312,37.545902263359544],[126.75749734612177,37.545916584429975],[126.75771863171896,37.54594495092466],[126.75780210317517,37.545952749981616],[126.75788610553569,37.54595483542794],[126.75797002435291,37.54595119159478],[126.75805324338249,37.545941845546494],[126.75813515446507,37.54592686565629],[126.7582151557293,37.54590636231842],[126.75824311219925,37.545898130925025],[126.75849384457149,37.545824299053464],[126.75874457514708,37.54575046782105],[126.75898569015585,37.54567946697803],[126.75904708102237,37.5457025558277],[126.75912059106038,37.54587823369832],[126.7591895574197,37.54605507567003],[126.75926953532775,37.54617709039595],[126.75934847657999,37.5464110168623],[126.75941952433581,37.5466465415644],[126.75948263098448,37.54688349711209],[126.75948683599835,37.54690167545097],[126.75953774891539,37.54712171255622],[126.75959468413808,37.54752130893353],[126.75962922975066,37.54776911174083],[126.75965517309608,37.5480175789405],[126.75967249530972,37.54826652178743],[126.7596811838151,37.54851575082688],[126.75968450309009,37.54870513009618],[126.75959887477887,37.54876403605937],[126.75936245975566,37.54873373483431]],[[126.75219911222044,37.544860455263816],[126.7538100412565,37.54438616943934],[126.75389227932583,37.5444162972164],[126.7540561068808,37.54476906886884],[126.75414681516493,37.544886454632135],[126.75451098679126,37.545670613769445],[126.75455558634846,37.54576664431728],[126.75460544284674,37.54588420799506],[126.75464679319757,37.546003846960986],[126.75467950175538,37.546125168760305],[126.75470346251896,37.54624777880398],[126.75471859643655,37.546371278231994],[126.75472485589745,37.54649526391357],[126.75472221844377,37.54661933200834],[126.75471069395698,37.546743077966354],[126.75470886858034,37.54675409624186],[126.75469031926805,37.54686609795264],[126.7544554780932,37.54802726588321],[126.75434541291133,37.54809059100866],[126.75395679183796,37.54804076392822],[126.75378381134851,37.54804596244123],[126.75326452582549,37.54797937885662],[126.75140962513805,37.5477415222661],[126.74973405423242,37.54752663425928],[126.74968103656266,37.54746820878442],[126.7498044569979,37.54685816224233],[126.74982753022597,37.54676597916884],[126.7498591006183,37.54667540563406],[126.74989899569837,37.5465869394972],[126.74994699717558,37.546501063662696],[126.75000284184352,37.5464182482167],[126.75006622337672,37.546338946865575],[126.75013679502545,37.546263595511256],[126.75021417141244,37.54619260441611],[126.7502979285329,37.54612636247615],[126.75087066830692,37.54570573813828],[126.7516706701697,37.54511819925155],[126.7517493158762,37.54506410451257],[126.75183221780051,37.54501420204723],[126.75191902470137,37.54496870340275],[126.75200936647286,37.54492779947091],[126.752102861331,37.5448916654734],[126.75219911222044,37.544860455263816]],[[126.76107900461805,37.55205194670243],[126.76023280779006,37.551943505164566],[126.76015881984831,37.55187532834061],[126.76015229718102,37.55150321093037],[126.76011598098904,37.55136845243428],[126.76010928494692,37.550986459341445],[126.76008757356482,37.55071637546468],[126.76007877456662,37.55021443364551],[126.76009077516049,37.55014026988952],[126.75973263931458,37.55016031767768],[126.75974232225505,37.55071285151341],[126.75970325272672,37.55093765334791],[126.75969864886086,37.551126857673935],[126.7597098014451,37.55176325011859],[126.75962417043898,37.55182215580147],[126.75942177461557,37.55179621511499],[126.75894553186936,37.55173517854708],[126.7588331086099,37.551714580661546],[126.75860304018414,37.551704788082034],[126.75844055111894,37.551675018632515],[126.75771872155048,37.55158249752887],[126.7576524366623,37.55150947107642],[126.75770253211245,37.55126173696725],[126.75769599597044,37.55112400961338],[126.7578163127263,37.55052900258438],[126.75783960334668,37.55041381999469],[126.75789431973065,37.55014322624244],[126.75814613277615,37.54889788905425],[126.75823785256328,37.548845115368],[126.75866072550015,37.54889931775645],[126.75883370868453,37.548894112180854],[126.75937213730624,37.548963122885354],[126.75958842737212,37.54899084509186],[126.75966241082232,37.54905902170551],[126.75966893169297,37.54943113921128],[126.75970524608833,37.54956589907352],[126.75970924448964,37.549794047461965],[126.76012027852936,37.54977901350604],[126.76012131967681,37.54973618711967],[126.76011121273149,37.54915966871959],[126.76019684104271,37.54910076235684],[126.76088107791315,37.54918845276064],[126.76105495941282,37.54917879659389],[126.76248710394442,37.549362321949005],[126.76256662101673,37.54942642723394],[126.76260056655471,37.549630998425016],[126.76262855356735,37.549836139531216],[126.76265056678342,37.5500417415807],[126.76265540421122,37.550103898406284],[126.76266659452473,37.55024769489063],[126.76268009800006,37.5504612489374],[126.76267847654097,37.550471890622],[126.76265206876656,37.55064515358498],[126.76266067911855,37.55078130573295],[126.76270894829375,37.55091748327122],[126.76278035986722,37.552046776244005],[126.76270898153139,37.55211669348815],[126.76255569570624,37.552131999738855],[126.76240174872108,37.55214226657642],[126.76224740108724,37.55214747975919],[126.76209291511292,37.552147627893355],[126.76193855130944,37.55214271311544],[126.76171564604978,37.55213116292317],[126.7615686035159,37.5521146872666],[126.76107900461805,37.55205194670243]],[[126.75203954717145,37.54802307445201],[126.75432583862131,37.548316231912835],[126.75438502142886,37.54837077583904],[126.75439207410213,37.54877483538593],[126.75442849719366,37.54891639523267],[126.7544428944927,37.54974120746282],[126.75444976031639,37.55013455161466],[126.75445622818647,37.55050507554693],[126.75446002895845,37.55072282868225],[126.75439754663881,37.550774989262194],[126.75414884805244,37.55078577405349],[126.75410334209509,37.55074565032036],[126.75415969161625,37.55046705621213],[126.75418580653985,37.55033794003344],[126.75393442378737,37.55030570938347],[126.75368304103489,37.550273478719575],[126.75357131486807,37.55025915421298],[126.75336462330098,37.55023265176756],[126.75315793173388,37.55020615002493],[126.75295124106509,37.55017964827286],[126.752744549498,37.55015314508693],[126.75263282422951,37.55013881984501],[126.75241775317743,37.550111241930466],[126.7522026830237,37.55008366329353],[126.75198761197161,37.55005608464636],[126.75177254181786,37.550028505276785],[126.75166081834598,37.550014178586515],[126.75143768311762,37.55111719534859],[126.75140523507125,37.55127758893243],[126.75132293411984,37.55136359101933],[126.75086726279366,37.55152923860592],[126.7507800264981,37.55150996462376],[126.75032002798717,37.55097586615957],[126.75006349429489,37.550678003699936],[126.74996329530978,37.550561661881304],[126.749863097223,37.55044532059324],[126.74976289913621,37.550328978411386],[126.74968985262888,37.55024416237077],[126.74970229878711,37.550191018580406],[126.74976970117952,37.55015422122485],[126.74982532486193,37.55016247921195],[126.74990289618331,37.55025254925637],[126.75000309427013,37.55036889084531],[126.75010329325524,37.55048523225267],[126.75020349044371,37.55060157347841],[126.75029076806177,37.55055392598004],[126.75029768059787,37.55051975396911],[126.75012770407479,37.55032239197817],[126.74999691745424,37.550170532083875],[126.7500332552058,37.55012486637019],[126.75020906449006,37.55014741399341],[126.75036886399931,37.550167906906125],[126.75038326219668,37.55009674432737],[126.75023459281378,37.550077678650354],[126.75008592432923,37.55005861225619],[126.74993725584464,37.55003954585717],[126.7499012531647,37.55003492864135],[126.74986325442816,37.550015327371234],[126.74985352208037,37.55000403324269],[126.7497993734317,37.549935786272954],[126.74975182740032,37.54986448957803],[126.74975083745689,37.54986268912318],[126.74971115348087,37.54979054696987],[126.74976894210312,37.5497350554236],[126.74994202859372,37.54975725418369],[126.75010770218665,37.549778502142075],[126.75027337488123,37.54979974938223],[126.75043904847414,37.54982099519189],[126.75046064307526,37.549714252581985],[126.74976866901528,37.549625508017485],[126.74950178044267,37.54959127931649],[126.74952073309852,37.54966674126011],[126.7495458212478,37.5497410600361],[126.74957693978754,37.549813919428445],[126.74961395486882,37.54988500892013],[126.74965671108309,37.54995402654144],[126.74970502427571,37.55002068029473],[126.74969341894057,37.55006477210295],[126.74962581891879,37.55010167633307],[126.74955946126708,37.55009023123055],[126.74950691431452,37.55001759645247],[126.74949094047213,37.54999185170624],[126.74946028636137,37.5499424453852],[126.74941976425721,37.549865082132776],[126.74941883719583,37.54986293554619],[126.74938551239376,37.54978582148331],[126.7493657072367,37.54972831866234],[126.74935767090815,37.54970498463605],[126.74933635298817,37.54962289991352],[126.74932677065904,37.549568833370785],[126.74932164307538,37.54953990133732],[126.7493133695916,37.54945201976274],[126.74931250720894,37.549363895220935],[126.74931905682568,37.54927592156366],[126.74933298879743,37.5491884940689],[126.74935321077278,37.54908854221328],[126.7496210830006,37.547764543527926],[126.74969446188459,37.54772232921045],[126.75203954717145,37.54802307445201]],[[126.76343870369793,37.556403206096014],[126.76206164116459,37.5562267632638],[126.76200860822348,37.55616834389663],[126.76218308261123,37.5553053338254],[126.76207134835957,37.55529101598316],[126.76205612550875,37.555366311209355],[126.76201026381857,37.5553926993092],[126.76187099261017,37.555374853479954],[126.76169221708884,37.555351945664576],[126.76151344246584,37.555329037130015],[126.76133466694453,37.55530612858841],[126.76119539573614,37.555288281314134],[126.76116225059708,37.555251768488134],[126.7611738765935,37.555194264899214],[126.76106214234184,37.55517994703563],[126.76104415806984,37.555268900768965],[126.7610107308598,37.555434232737966],[126.76101019097231,37.55543690188363],[126.76101342221241,37.555481878540576],[126.76108618305545,37.555688073191206],[126.76114230530283,37.5558471145388],[126.76118453779931,37.5558770981026],[126.76132737531935,37.55589540172243],[126.76136715092349,37.55593921659063],[126.76133819373031,37.556082437796825],[126.7612648130497,37.556124658061506],[126.76094998139041,37.556084314301025],[126.76092038818999,37.55605829676204],[126.76088921036144,37.55603088483151],[126.76087532600039,37.55584841136042],[126.76083831002082,37.55574351045472],[126.76074548530588,37.5554804535253],[126.76065806934724,37.55523272407012],[126.76065331366614,37.555218814990354],[126.76060989988511,37.555091817159806],[126.76058951980622,37.55502812125227],[126.76056462120151,37.55495030393779],[126.76038452605503,37.55470919010133],[126.7603233983949,37.55446653579215],[126.76031893017466,37.55444588952235],[126.76027062776186,37.554222642240376],[126.76022625727502,37.5539776910362],[126.76019031747714,37.55373186377205],[126.76016283621595,37.55348534702804],[126.76014383325442,37.55323832453794],[126.7601333238639,37.55299098003796],[126.76016468764374,37.55285560819916],[126.76015628480258,37.55237630536369],[126.76015534785975,37.552322865401656],[126.7602409797642,37.55226396011452],[126.76070405680159,37.55232330339344],[126.76087704717247,37.552318095208214],[126.76139452438689,37.55238440784908],[126.76167085155815,37.552444493836454],[126.76184199678943,37.55245798752065],[126.76201369717957,37.552465829339134],[126.76218565808115,37.55246800362576],[126.76235758574508,37.55246450824452],[126.76252918282897,37.552455348179826],[126.76270015648205,37.55244054052196],[126.76278669927821,37.55249859817526],[126.76280279618977,37.552738413029886],[126.76284864440524,37.55287145341575],[126.76287437664655,37.55310493299289],[126.76290640787462,37.553337916166875],[126.76294472281813,37.55357029896549],[126.76298930440907,37.553801971008426],[126.76304013108782,37.55403282690178],[126.76309717859993,37.55426275982865],[126.76315989807476,37.55448985337229],[126.76322868656763,37.55471583027096],[126.76330351353587,37.55494058798423],[126.76338434574177,37.55516402468503],[126.76340970428396,37.555336623695666],[126.76345915564201,37.55545844091716],[126.76354861167465,37.555571575398794],[126.76358805669875,37.5556643870924],[126.76389361145611,37.556383333750034],[126.76382052542291,37.556452126013795],[126.76343870369793,37.556403206096014]],[[126.75470115834024,37.55092098371043],[126.75466406420723,37.55074102104092],[126.75465393210914,37.55016068232531],[126.75464706628541,37.549767383892565],[126.754624342502,37.54846573814162],[126.75472710078735,37.548395056110195],[126.7547363031291,37.548396235545304],[126.75515417514478,37.548449810083255],[126.75532715832915,37.548444609461754],[126.7578394542264,37.54876667054534],[126.75790573641959,37.54883969683631],[126.7576405528494,37.55015113525154],[126.75756320610681,37.55053363686233],[126.75737838492363,37.551447614542866],[126.75737311630448,37.55147366858887],[126.75728139292409,37.551526441126185],[126.75707215553149,37.55149962078263],[126.7568635882821,37.551461404678555],[126.7566910641368,37.55146067254727],[126.75637745238966,37.55143778774318],[126.75637170766343,37.551437210156934],[126.75569010016181,37.55134983291412],[126.75559805248959,37.551338628011685],[126.75553284108818,37.55132920002472],[126.75525335633864,37.551280500372144],[126.75520124596734,37.55127442466452],[126.75499376747607,37.551264864201734],[126.75478599343904,37.55126111522374],[126.75470598408994,37.55119739538852],[126.75470552594918,37.551171122602774],[126.75470115834024,37.55092098371043]],[[126.76242142631736,37.549153136311176],[126.76192913247368,37.549090051391865],[126.76181397564076,37.549075294344696],[126.76127063503104,37.549005665542765],[126.76105347988752,37.54894589585494],[126.76079467255924,37.5489127287534],[126.76018395920154,37.54883445991906],[126.76010997575138,37.548766283812235],[126.76010550124296,37.548511036655015],[126.76010291768819,37.54840590249668],[126.76006347985059,37.548271509467426],[126.76004822466042,37.54803863224579],[126.76002567515016,37.547806130351354],[126.75999584748945,37.547574147657514],[126.75995876054297,37.5473428301761],[126.75988945462049,37.54707551934752],[126.75984211789658,37.546868306589886],[126.75978892056378,37.546661997795745],[126.7597298895715,37.54645669695934],[126.7596650554625,37.54625250950049],[126.75965309888608,37.546114825596376],[126.75958808421572,37.54593700585711],[126.75951866151222,37.54576024408895],[126.75944486221668,37.545584611524],[126.75947383468124,37.5455357215095],[126.76090214250827,37.54511510808396],[126.76100831708663,37.545083840275616],[126.76163213147447,37.54490013059679],[126.76169066659665,37.54492752098021],[126.76189364093511,37.54596920848195],[126.76189364452837,37.545969256202206],[126.76188606993391,37.54613607103188],[126.76191644107536,37.546291967571825],[126.76191645455006,37.54629200959394],[126.76194360882448,37.54634959839785],[126.76198476244429,37.54643687894014],[126.7620595615647,37.54682075143216],[126.76212999666953,37.54718222798805],[126.76207574291793,37.547239929348805],[126.76168925893666,37.54728067389694],[126.76157703689974,37.54729250403497],[126.76069579230095,37.54738540153518],[126.76070926882689,37.54747486740488],[126.76073213005255,37.547626627381774],[126.76076103244849,37.547868488464054],[126.76078247972588,37.54811084090694],[126.76078684014828,37.54818655006572],[126.76079645930835,37.54835353941286],[126.76174968321591,37.54847569851803],[126.76186484004879,37.54849045568392],[126.76234298273181,37.54855172709202],[126.76240681611759,37.54860283867087],[126.76250167012675,37.549089606971165],[126.76242142631736,37.549153136311176]],[[126.76245884743714,37.56654524874752],[126.76120613958693,37.56674361020532],[126.76113084729137,37.56670356555687],[126.76100973822142,37.566218929542565],[126.76089872352028,37.56623650718034],[126.76027133473596,37.56633584646099],[126.75964369172843,37.566435221211485],[126.75953267702728,37.56645279737416],[126.75917267178728,37.566509798114325],[126.75838580868387,37.56663437119603],[126.75832934148339,37.5666043364216],[126.75826143064458,37.566332539710864],[126.75819519246876,37.56606743457022],[126.75813040507214,37.56580813456533],[126.758180713423,37.56574820318844],[126.76001420276566,37.565457916240995],[126.76060574338027,37.5653642537331],[126.76078890178185,37.56533525306591],[126.76065751778168,37.56480946377107],[126.76048342427961,37.56411274234317],[126.76053373083383,37.56405281102645],[126.76178640903966,37.5638544530845],[126.76194390706515,37.563829513487],[126.76203210725303,37.56388597862072],[126.76204047146662,37.5640793897329],[126.76205404411223,37.564272612357115],[126.76210048252086,37.564405518219665],[126.76210748309187,37.564470748445295],[126.76215858824838,37.56474105804083],[126.76219917862453,37.56498291556182],[126.76224800295849,37.565223807458416],[126.76230502531779,37.56546355430181],[126.7623335019123,37.56569078175366],[126.7624270578559,37.56593782633563],[126.76248719197932,37.56611443130444],[126.76255182756064,37.56629002617016],[126.7626209331588,37.56646453902322],[126.76257531760699,37.56652680533465],[126.76245884743714,37.56654524874752]],[[126.76244396774278,37.563836933986565],[126.76251481247937,37.56376666600614],[126.76296460702694,37.56369543666084],[126.76312449636774,37.56364255524902],[126.76370511257015,37.56355060513393],[126.76378040217077,37.56359064791696],[126.76399759863678,37.56445967938412],[126.76410860884631,37.56444209847877],[126.76462314946802,37.56436060889894],[126.7651376873948,37.56427911709376],[126.7656522244232,37.56419762306321],[126.76614025576087,37.56412032445416],[126.7662112918386,37.56416502314744],[126.76622103945775,37.56445180180034],[126.76622136105463,37.564474940375625],[126.76622502618099,37.56473866906923],[126.76622495611241,37.5647499666612],[126.76622324931336,37.56502555018669],[126.76616531067249,37.56508094347592],[126.76549767736343,37.565186686418485],[126.76491904374282,37.56527832975338],[126.76434051342851,37.56536995446205],[126.76422950142232,37.56538753514841],[126.76442793387868,37.56618145439795],[126.76437763001942,37.566241387562414],[126.76314358916079,37.56643681548437],[126.76306524259329,37.56640067482586],[126.76299776474242,37.566233595612914],[126.7629345628723,37.56606546076655],[126.76285616420247,37.565942720266214],[126.76283379166037,37.56587569766998],[126.76282666622349,37.565854351765765],[126.7627315786524,37.565595968857906],[126.76267935688995,37.565402894213655],[126.76263266515643,37.56520892472344],[126.76259152950294,37.565014160068685],[126.7625851838038,37.56478825427732],[126.76257134346018,37.56469999477718],[126.76254908859734,37.5645890915245],[126.7625340813422,37.5645143012154],[126.76247444129216,37.56434130761666],[126.76245539610983,37.56410183558055],[126.7624446567506,37.563862036645915],[126.76244396774278,37.563836933986565]],[[126.75799744902022,37.54582597211422],[126.75791270644788,37.545832558232526],[126.7578275614303,37.54583218786578],[126.7577429140794,37.54582486386282],[126.7567984999499,37.545703797270725],[126.75672945543711,37.54569159864985],[126.75666268096711,37.54567304181365],[126.75659909731296,37.54564838387798],[126.75653958123044,37.54561796386582],[126.75648495018646,37.545582201995344],[126.7564359596641,37.54554158828444],[126.75639328160328,37.54549668468808],[126.7563575070954,37.54544810871706],[126.75632912572233,37.54539652916491],[126.75607909673094,37.54485817178053],[126.75565708078693,37.54394950868276],[126.75569491692836,37.54388402687031],[126.75761685798714,37.543318097366694],[126.7578124436824,37.543260503371826],[126.75791524059528,37.54329815956438],[126.75807811773275,37.54364884458666],[126.75816882961011,37.54376622712802],[126.75852400460882,37.54453092496701],[126.75860023294891,37.54474986009049],[126.75865462144776,37.54485110409301],[126.75896327718951,37.54551562404474],[126.75893490120632,37.545564736293265],[126.75869325619152,37.54563589393959],[126.75816216770397,37.54579228012501],[126.75808089622193,37.54581249859671],[126.75799744902022,37.54582597211422]],[[126.76438278006096,37.55773014054334],[126.76252623276159,37.55827863534349],[126.76237888569878,37.55835099716015],[126.76185428664083,37.558505975861635],[126.76182610828695,37.55851430057494],[126.76172524365026,37.5584734325615],[126.76160039309714,37.55811964476157],[126.76152179050978,37.55799684345747],[126.76091871103539,37.55628783888175],[126.76097897182126,37.55623404351597],[126.76109604925223,37.55624904554761],[126.76394218516016,37.55661372730098],[126.76401131411454,37.556660274941294],[126.7644314543763,37.557648800290785],[126.76438278006096,37.55773014054334]],[[126.76085265342095,37.54499999547594],[126.76019771240854,37.54519286729153],[126.76013603138618,37.54517027472232],[126.75993335259345,37.54473393479935],[126.75971407742588,37.544261853323114],[126.75949480405492,37.54378977313101],[126.75927553337891,37.54331769137404],[126.75908459556695,37.5429066041775],[126.75912242721681,37.542841121449015],[126.75976548980623,37.54265174651344],[126.75987161767219,37.542620493341936],[126.76005872955938,37.54256539034603],[126.76028749273303,37.542531643462596],[126.76044806748834,37.54248435406636],[126.76059665512452,37.5424069731016],[126.76073896713017,37.54236506131695],[126.7608417658397,37.542402715112665],[126.76106647940803,37.54288650386709],[126.76116039557603,37.543096749854016],[126.76124767229577,37.54330880155934],[126.76132825207507,37.54352252648622],[126.76140208640491,37.543737790714715],[126.76146912767454,37.54395446032625],[126.76152933456156,37.544172399266955],[126.76158266933659,37.54439146863552],[126.76162909786372,37.54461153380567],[126.7616518234438,37.544728166964205],[126.76161742425661,37.54477477473474],[126.76095880554145,37.5449687354541],[126.76085265342095,37.54499999547594]],[[126.75690715657338,37.55357055890747],[126.7553262258779,37.55336789646719],[126.7552835855463,37.55336242983661],[126.75517071133253,37.5532873049315],[126.75493205321604,37.55274646918434],[126.75487293329054,37.552602829215125],[126.75482151372371,37.55245732448064],[126.75477788704193,37.55231021491635],[126.75474213050036,37.55216176544495],[126.75471430787938,37.55201224312771],[126.75469447128127,37.55186191574015],[126.7546848404431,37.551738967383706],[126.75468265394372,37.55171105462087],[126.7547612574294,37.55164623056643],[126.75494995574134,37.55164899029569],[126.75513841959298,37.5516569696516],[126.75532642081228,37.551670158661906],[126.75551373302376,37.55168854165571],[126.75574182425757,37.5516895622208],[126.75719916653287,37.5518763766784],[126.75726545142106,37.551949402771335],[126.75725433656605,37.5520043670766],[126.7571968758289,37.5522885140197],[126.75720341107258,37.552426240646014],[126.75698053725395,37.553528340756635],[126.75690715657338,37.55357055890747]],[[126.7591009790411,37.56724227852306],[126.75970601504619,37.56714648712286],[126.75981703064565,37.567128910411846],[126.76042206485413,37.56703311530564],[126.760819884676,37.566970125983055],[126.76121770539622,37.566907135183065],[126.76166176509902,37.56683682167973],[126.76188073124617,37.56680214944867],[126.7619560235417,37.56684219333209],[126.76211654529644,37.56748450387871],[126.76206623874224,37.56754443670679],[126.76184726990017,37.567579109304376],[126.76140320660409,37.56764942424314],[126.76100538318892,37.567712415127446],[126.76060755797714,37.567775404534395],[126.76000251748043,37.56787120082204],[126.75989150188101,37.56788877806993],[126.75928645958768,37.56798457136366],[126.7587541844257,37.56806884030933],[126.75831011484136,37.5681391426813],[126.75786604435878,37.5682094435628],[126.75748477509767,37.56826980088912],[126.75740948370044,37.56822975350099],[126.7573292416877,37.567908594656835],[126.75724900147155,37.56758743585203],[126.75729931251739,37.56752750519466],[126.75768057908353,37.56746714940296],[126.75812464507452,37.56739684853288],[126.75856871016727,37.56732654688444],[126.7591009790411,37.56724227852306]],[[126.75927212337407,37.5654100546558],[126.7581409710565,37.56558914096327],[126.75806568235423,37.56554909427008],[126.75781246973352,37.56453562970199],[126.7578627780844,37.56447569943754],[126.75899391333395,37.5642966161498],[126.75910492534014,37.5642790394784],[126.76020831612216,37.56410433707947],[126.76028360482444,37.56414438241315],[126.76053684259797,37.56515784233514],[126.76048653514542,37.56521777347494],[126.75938313627859,37.56539247824708],[126.75927212337407,37.5654100546558]],[[126.75611190140853,37.55582866705316],[126.75620951773716,37.555753498344494],[126.75621452135331,37.555754139278534],[126.75884206750821,37.55609092657441],[126.7588950986527,37.55614934742657],[126.7587132383167,37.55704870444077],[126.75863985494112,37.55709092415797],[126.75625878494063,37.556785738287665],[126.7562214320928,37.55678095057638],[126.75615037176055,37.55671082549049],[126.75615696719139,37.55653418185061],[126.75615641203254,37.55635746088052],[126.7561487098773,37.556180846313055],[126.75613386791215,37.55600451974634],[126.75611190140853,37.55582866705316]],[[126.75959328725783,37.54435245756844],[126.75999275369163,37.54521246769306],[126.75996437950505,37.545261580141315],[126.75942295140862,37.545421019093425],[126.75936127038625,37.54539842588109],[126.75908208477571,37.54479735460326],[126.75897608806373,37.54463643567555],[126.7589380812424,37.54454539302563],[126.75885926575432,37.54435659578671],[126.75861347770946,37.54382741766],[126.75858644201266,37.54369128343739],[126.7585704699669,37.54365689531323],[126.75834310097864,37.54316736354558],[126.75839039188843,37.543085509521966],[126.75859924300545,37.54302400854334],[126.75887836393728,37.54294181318436],[126.75895032168648,37.54296817220643],[126.75918601895576,37.54347562875269],[126.75959328725783,37.54435245756844]],[[126.76492544154428,37.56414737595016],[126.764220459879,37.564259027531456],[126.76414516938009,37.56421898581976],[126.76406269325722,37.563888993530234],[126.76398021893098,37.56355900262727],[126.76403052189195,37.56349907015299],[126.76603226029742,37.56318203022206],[126.76610474805265,37.563225225570555],[126.76613142262669,37.56348914026748],[126.76617697170319,37.56362147644461],[126.76619702659191,37.563897986988955],[126.7661413022982,37.563954801697406],[126.76492544154428,37.56414737595016]],[[126.75891732656609,37.54269017939186],[126.75827900348814,37.542878152478565],[126.75817620567692,37.54284049678619],[126.7579627471008,37.54238090164089],[126.75799112128735,37.54233179014397],[126.75867724192496,37.54212974175768],[126.7594212652708,37.541910636539534],[126.75952739223848,37.54187938305736],[126.76009303262678,37.54171280444033],[126.76051496233259,37.54158854654728],[126.76057664066,37.54161113877736],[126.76080121229451,37.542094631374134],[126.76077283990458,37.54214374445182],[126.76035090840216,37.54226800284414],[126.75983029247418,37.54242132262225],[126.7597852662172,37.542434581645274],[126.75967913924957,37.54246583560698],[126.7594557947137,37.54253160784882],[126.7592270324384,37.542565353307744],[126.75906645768302,37.54261264051578],[126.75893360942895,37.54268171330525],[126.75891732656609,37.54269017939186]],[[126.75649168216117,37.542752737659264],[126.75673378441846,37.5432740243603],[126.75669595007363,37.543339506708534],[126.75628963308749,37.54345914975837],[126.75582327899595,37.543596468189484],[126.75535692310778,37.54373378565542],[126.75518909804974,37.54378320036523],[126.75495797051032,37.54381282908958],[126.7548748682617,37.54383729817046],[126.75479739126338,37.54386010980827],[126.75468904635528,37.54392019696933],[126.75464968936606,37.54394202352368],[126.75446543591814,37.54399627434985],[126.75423764382334,37.5440633436927],[126.75406988883391,37.544112736104],[126.75398765076459,37.544082608204256],[126.75391431679635,37.5439246963284],[126.75395215383614,37.54385921449419],[126.75411990972385,37.543809821914905],[126.75434770092035,37.54374275305622],[126.75457549211684,37.54367568342494],[126.75477282862856,37.54361757972466],[126.75462627387985,37.5433020058113],[126.75466411002134,37.543236524142415],[126.75507042790578,37.543116887145715],[126.75553678020069,37.54297957068035],[126.75600313159728,37.54284225324976],[126.75640944499018,37.542722611346754],[126.75649168216117,37.542752737659264]],[[126.75194306182173,37.55129008718401],[126.75213570822932,37.551234559720186],[126.75237977330553,37.55117125079747],[126.75262628449424,37.551114267522046],[126.75268453215556,37.55110241733696],[126.75287498397896,37.551063670444854],[126.75312561124825,37.55101951228133],[126.75337790399414,37.550981839335506],[126.75342432443641,37.55097614035449],[126.75363159631522,37.55095069150019],[126.75388642141185,37.550926101544505],[126.75414211428107,37.55090809511393],[126.75439840542823,37.55089669073039],[126.75446393124001,37.5509464275895],[126.7544683329849,37.55119856979394],[126.75440651272372,37.55125122857534],[126.75426331228425,37.55125933616839],[126.75412039840741,37.55127019709412],[126.75393670910145,37.551285945789694],[126.75388043054721,37.551293204446615],[126.75362909899872,37.55133667874448],[126.7535071994113,37.55137625234817],[126.75341633571861,37.55140575057247],[126.75340380601703,37.55140791848033],[126.75307560562968,37.5514886808373],[126.75285747581407,37.551531175048666],[126.75264107884864,37.55157895154068],[126.75242661326108,37.55163196685967],[126.75221428117231,37.55169017114135],[126.75200428021172,37.55175351095953],[126.75179680711034,37.55182192505304],[126.7515920532093,37.55189535215995],[126.75147553992036,37.551938851033064],[126.75128253688153,37.552010905644806],[126.75119517751678,37.55199198360656],[126.750940956088,37.551696816565304],[126.75096516658323,37.55162736184974],[126.75118777899212,37.55154643726389],[126.75142074178969,37.55146174866632],[126.75149710038545,37.55143517115634],[126.75165594139229,37.55137988523325],[126.75189434708219,37.551304128752456],[126.75194306182173,37.55129008718401]],[[126.75806160400285,37.566364175277805],[126.75816703297954,37.56678613416783],[126.75825997267886,37.5671581040556],[126.75820966253134,37.567218034298165],[126.7572595710492,37.56736844249667],[126.75718428144864,37.56732839533594],[126.7570913471392,37.56695642416241],[126.75702124890266,37.56667585421175],[126.75700804995617,37.566605009304354],[126.7570036383298,37.56653347578118],[126.7570037515175,37.56653164297492],[126.75700805624437,37.56646194290133],[126.75702126237736,37.566391099214584],[126.75704312647308,37.56632162615278],[126.75707344102065,37.56625419518155],[126.75711191316931,37.566189452135134],[126.7571334987873,37.566160788588576],[126.75715817101656,37.566128024336365],[126.75721177079464,37.56607050065911],[126.75727219507391,37.566017435800035],[126.7573388635427,37.565969340309415],[126.757411132109,37.565926679166715],[126.7574883063751,37.56588986109919],[126.75756964253581,37.56585924214156],[126.75765435636205,37.56583511637935],[126.75774163398012,37.565817715947944],[126.75785529062648,37.56579972308447],[126.75793057932879,37.56583976964293],[126.75799536672535,37.5660990695377],[126.75806160400285,37.566364175277805]],[[126.765210574002,37.55889155296101],[126.76481743619938,37.55796660366847],[126.76486611051472,37.557885262249734],[126.76531067686736,37.557753912865394],[126.76545802033688,37.557681547620355],[126.76597734808074,37.55752810612141],[126.76605384411876,37.55756666663477],[126.76617085956602,37.55864113448174],[126.76612124651116,37.55870142906067],[126.76529170265194,37.5589235534441],[126.765210574002,37.55889155296101]],[[126.76561741201101,37.56533308057885],[126.76614707217725,37.565249189489315],[126.76621630623453,37.56529564557587],[126.76620626486626,37.56552752682299],[126.7662021595655,37.5655964437985],[126.7661924586587,37.56575928416308],[126.76618215228743,37.56591146546807],[126.76612174058454,37.565965158431915],[126.76578859497153,37.566017923554845],[126.7652144241813,37.56610886093766],[126.7647030510193,37.56618985017064],[126.76462775782545,37.566149808072666],[126.7645546646057,37.56585737371615],[126.76448157318264,37.565564938923664],[126.7645318770419,37.565505005214945],[126.76504324571235,37.565424017373545],[126.76561741201101,37.56533308057885]],[[126.76172019960994,37.54744100593834],[126.76210839398357,37.54740008199619],[126.76218086377251,37.54744327937133],[126.76227258086467,37.547913965396354],[126.76235907694847,37.548357851190616],[126.76229488243993,37.54840867445365],[126.76184995765948,37.54835165915289],[126.76173480172487,37.548336901959544],[126.76101817789352,37.548245065429576],[126.76095789554805,37.548191289898085],[126.76094260083204,37.54798680378356],[126.76092207253113,37.54778260912037],[126.76089631962859,37.54757878924144],[126.7609520448206,37.54752198412532],[126.76160799643769,37.5474528353387],[126.76172019960994,37.54744100593834]],[[126.75906123397968,37.56708321521599],[126.75853509071776,37.567166513959],[126.75845980111717,37.56712646740178],[126.75838100629034,37.56681111407397],[126.7584313164378,37.56675118279197],[126.75895745430985,37.56666788572062],[126.75956248582337,37.566572095005874],[126.75967350052449,37.56655451815932],[126.76027853024138,37.56645872302649],[126.76082688255205,37.5663718988571],[126.76090217215267,37.5664119443959],[126.7609809786576,37.56672729656542],[126.76093067030672,37.56678722786662],[126.76038231709775,37.56687405155195],[126.7597772828893,37.56696984686268],[126.75966626818814,37.56698742361124],[126.75906123397968,37.56708321521599]],[[126.76052885388016,37.55723183369739],[126.76075641241297,37.55717054663681],[126.76083649722057,37.55720417366342],[126.76095701969065,37.55754571785572],[126.76103562227802,37.5576685191912],[126.76108327341224,37.55780355257134],[126.76118832958808,37.55820119813785],[126.7613174210877,37.558567011868995],[126.76126517956236,37.55864693827059],[126.76104947250306,37.5587071694661],[126.76093642401612,37.55873873492278],[126.76078746357909,37.558808972039415],[126.76046093315982,37.558900144675846],[126.76037972905142,37.55886826524295],[126.7603787175484,37.55886581270443],[126.76031726469813,37.55871677597408],[126.76034280290337,37.558676574616975],[126.7604709385955,37.55864309067909],[126.76063635796514,37.55859986276486],[126.76080432405865,37.55855596899129],[126.76097992223886,37.55851008124859],[126.76094928429774,37.55842325849713],[126.76080753014594,37.55846030243721],[126.76075703135223,37.5584399720324],[126.76070690805429,37.55831841248913],[126.76064778363722,37.55817502395816],[126.76059091848315,37.558037113545495],[126.76053608262323,37.55790412653352],[126.7604830658518,37.55777554736674],[126.76044313034753,37.55767869482542],[126.76046866855275,37.55763849362037],[126.7606551579074,37.5575897596356],[126.76061839165946,37.55748557188941],[126.76028076255487,37.557573802905445],[126.7599338951759,37.55766444651587],[126.75987329842008,37.557640048202195],[126.75986934223958,37.557630450813065],[126.75985240450491,37.557578906040035],[126.75984351567519,37.557526097909154],[126.75983104436408,37.557388239705446],[126.75986790044354,37.55735405516121],[126.76000731987396,37.55734084935347],[126.76014550861244,37.55732108122908],[126.76028198156871,37.55729481914775],[126.76041625724578,37.557262158528594],[126.76052885388016,37.55723183369739]],[[126.75355983529704,37.54361600063331],[126.75381173098755,37.54415841974616],[126.75377389304946,37.54422390131756],[126.75318917513945,37.544396055573834],[126.75261772175294,37.54456430270918],[126.75253548368362,37.54453417356742],[126.75228359607796,37.543991750778176],[126.75232143491436,37.54392627113963],[126.7528928847076,37.5437580254134],[126.75347759812603,37.54358587253282],[126.75355983529704,37.54361600063331]],[[126.75709817343703,37.557057596889685],[126.75777352596933,37.55714415774224],[126.75777542500784,37.557144401292646],[126.75778028489351,37.5571450236992],[126.7582120161174,37.55720035733138],[126.75825350301217,37.55724315521601],[126.75823150776243,37.557423748089214],[126.75818670967753,37.5574512713122],[126.75773018585012,37.5573927603277],[126.75704807169872,37.55730533238459],[126.7566813695183,37.55725833009323],[126.75664713112954,37.557220610451665],[126.75668303140155,37.55704310419851],[126.75673806938235,37.55701144046076],[126.75709817343703,37.557057596889685]],[[126.75197149170381,37.55102822312801],[126.75194921528144,37.55113834321228],[126.75192076833135,37.55116637797456],[126.75176867187564,37.551212364961046],[126.75161776928093,37.55126078263015],[126.75156441025138,37.551227350911],[126.75159192385189,37.55109134415313],[126.75162071575508,37.55094901926668],[126.75164950765824,37.55080669482063],[126.7516782986631,37.55066437010279],[126.75170709056623,37.550522045113176],[126.75172508471972,37.55043309283593],[126.75175387572457,37.550290768116874],[126.75177630575891,37.5501798925582],[126.75182216834743,37.55015350831019],[126.75196142787773,37.55017136607277],[126.75210068561135,37.55018922240663],[126.75213382536052,37.55022573771301],[126.75211139712282,37.55033661249131],[126.75208260611797,37.55047893783501],[126.75206461196451,37.55056789076972],[126.7520335715782,37.550721334492856],[126.75200253209019,37.550874777900106],[126.75197149170381,37.55102822312801]],[[126.76012687575682,37.55772781187799],[126.76028510231602,37.557686464169386],[126.76033559841478,37.557706794779754],[126.76037955657488,37.55781340345617],[126.7604360336568,37.55795037142548],[126.7604925107387,37.55808734056728],[126.7605489869223,37.55822430803305],[126.76060546310589,37.55836127667127],[126.76064949941944,37.55846807241178],[126.76062396031591,37.55850827316926],[126.7604657337567,37.55854962184608],[126.76030750540087,37.55859096978787],[126.7602570075055,37.55857063799447],[126.76021297119196,37.558463842400975],[126.76015649590667,37.55832687395128],[126.76010001882477,37.5581899052498],[126.76004354353948,37.5580529377208],[126.75998706735587,37.55791596922791],[126.75994560561394,37.557815413797094],[126.7599762525382,37.5577671727218],[126.76012687575682,37.55772781187799]],[[126.7614871613539,37.55615315099384],[126.76144738664804,37.55610933625145],[126.76146913845432,37.55600175163264],[126.76149791418784,37.555859424729185],[126.76152668902301,37.55571709755388],[126.76155546475654,37.555574770106745],[126.76157848678062,37.55546089570431],[126.76162434936914,37.55543450834078],[126.76180831445785,37.55545808128053],[126.76199227954658,37.555481654212834],[126.76202542558394,37.55551816621403],[126.76200240445814,37.55563204124112],[126.76197362962296,37.55577436857887],[126.76194485568608,37.555916695644775],[126.76191608085092,37.5560590217267],[126.76189305792849,37.55617289735157],[126.76184719444166,37.5561992851658],[126.76166322665799,37.55617571103619],[126.7614871613539,37.55615315099384]],[[126.75247133139591,37.550937172616294],[126.7524575305782,37.55100539943982],[126.7524279194115,37.551032659384994],[126.75227859964835,37.551068965605374],[126.75213018898027,37.55110756150973],[126.75207682815405,37.55107413114625],[126.75211380820105,37.550891328611264],[126.7521450722679,37.550736772786586],[126.75217633723302,37.55058221735358],[126.75219433048818,37.55049326372374],[126.75222312149302,37.55035093911958],[126.75224555062903,37.55024006436264],[126.75229141321756,37.55021367942371],[126.75243067274782,37.55023153645968],[126.75256993137982,37.55024939349135],[126.75260307112895,37.55028590805604],[126.75258064289127,37.550396783457],[126.7525518527847,37.55053910868579],[126.75253385952958,37.55062806154871],[126.75250259546276,37.550782617598855],[126.75247133139591,37.550937172616294]],[[126.74633054692836,37.549979568322605],[126.74622950352688,37.550036902869714],[126.74617370646965,37.55002942117069],[126.74609816534077,37.54994479494777],[126.74600276785085,37.549837925030396],[126.74590737215757,37.549731056384154],[126.74581197646428,37.54962418758475],[126.74571658077103,37.54951731791986],[126.74564145735877,37.54943315832486],[126.74565089236418,37.54938873995094],[126.74575202919044,37.54933151102456],[126.74585316691504,37.54927428205425],[126.7459089558874,37.54928179445412],[126.74598407929965,37.54936595208343],[126.74607947499294,37.54947282196533],[126.74617487068625,37.5495796902696],[126.74627026637954,37.54968655913283],[126.74636566476777,37.549793428555034],[126.7464409867077,37.54987780923904],[126.74643158853321,37.54992223301916],[126.74633054692836,37.549979568322605]],[[126.74634727266064,37.55022980367285],[126.74630721947706,37.55017898877358],[126.74629873039761,37.550169480161074],[126.74630812857212,37.550125055816125],[126.74641348209033,37.55006527491847],[126.74651025759587,37.55001036188624],[126.74656598099129,37.550017834328536],[126.74659127036317,37.550046162940134],[126.74662499671219,37.550088812522],[126.74665253007564,37.550134194801146],[126.7466567045468,37.55014364929075],[126.74667352370383,37.55018174072292],[126.74671669853304,37.550300350782834],[126.74676214250665,37.55042519382756],[126.74677140144227,37.550452184061236],[126.7468243481451,37.55060652040687],[126.7468692351632,37.55073736604658],[126.7468411816752,37.55077648986027],[126.74673320507638,37.55079997097573],[126.74661628305392,37.55082539851559],[126.74656705178306,37.550803193663874],[126.74652590534983,37.5506863214536],[126.74647444805373,37.550540164876615],[126.74642243110718,37.5503924148212],[126.7464042159682,37.5503406777329],[126.74637974675814,37.55028393739527],[126.74634727266064,37.55022980367285]],[[126.75297431968308,37.55083055410262],[126.75295980560303,37.55090230567844],[126.75292910208489,37.55092878723211],[126.75278229670624,37.55095639404413],[126.75263616506403,37.550986177312424],[126.75258280513616,37.55095274760669],[126.75261679558989,37.55078471216859],[126.75264558569643,37.550642386696595],[126.75266357895156,37.55055343385079],[126.75269236815977,37.55041110936153],[126.75271479549916,37.55030023326965],[126.75276065808768,37.55027384906425],[126.75289991851629,37.550291706085794],[126.75303917804655,37.55030956167866],[126.75307231689743,37.55034607692606],[126.75304988955804,37.55045695152532],[126.75302110124811,37.55059927663925],[126.75300310799298,37.55068823014254],[126.75297431968308,37.55083055410262]],[[126.75970231039396,37.55760165222913],[126.75965559889752,37.55764088922883],[126.75939090490917,37.557606968289065],[126.75910100509223,37.55756981639288],[126.75884404739512,37.557536885284144],[126.75880256050034,37.557494088992456],[126.75882152663095,37.55733834976385],[126.75890216480073,37.55728880731037],[126.75913164482996,37.55731821702619],[126.75928234799862,37.55733753080995],[126.7593999482491,37.557350201093755],[126.75951819798155,37.55735815989952],[126.75963680165017,37.55736138800114],[126.75967821039151,37.55739209234668],[126.75969112277542,37.55753483505634],[126.75969544457024,37.55756837931129],[126.75970231039396,37.55760165222913]],[[126.75407298532667,37.5436939551404],[126.75389917389563,37.54374513059251],[126.75381693672465,37.543715003256445],[126.75374556467698,37.54356131647302],[126.75378340171675,37.5434958350319],[126.75395721314783,37.543444659408685],[126.75440075991263,37.54331406379416],[126.7544829970836,37.54334419129222],[126.75455437002957,37.543497877810985],[126.75451653388811,37.54356335925032],[126.75407298532667,37.5436939551404]],[[126.75912803450085,37.557682791712395],[126.75932726555949,37.557708324435595],[126.7595623816188,37.55773845466141],[126.7596206571279,37.55774592276817],[126.75973099629594,37.5577600628184],[126.75977403458123,37.55778931140698],[126.75982318051206,37.5579085046988],[126.75983367732617,37.55793396185908],[126.75980491147413,37.55797275716456],[126.75947028992915,37.558023182913225],[126.75927164367373,37.557985117564854],[126.75909127993097,37.55795055657875],[126.75905844830393,37.557913864888775],[126.75907084235995,37.55781208957766],[126.7590832355176,37.5577103148397],[126.75912803450085,37.557682791712395]],[[126.75345653083603,37.5508266384489],[126.753424793357,37.55085233661407],[126.7532803065301,37.55087198395679],[126.75313628952203,37.55089371589029],[126.75308292869589,37.550860285430886],[126.75311483326149,37.55070255527886],[126.75313282561832,37.550613602504846],[126.75316161482652,37.55047127741829],[126.75318404216593,37.55036040212813],[126.75322990475445,37.55033401651962],[126.7533691642847,37.55035187210233],[126.75350842471335,37.55036972839299],[126.75354156356417,37.55040624218651],[126.7535191371231,37.550517118120695],[126.75349034881317,37.55065944383189],[126.75347235645638,37.550748396551185],[126.75345653083603,37.5508266384489]],[[126.74623607649983,37.551206962981865],[126.74560930934967,37.55134326437588],[126.74554542925152,37.55132494183319],[126.7455001146353,37.55127360991714],[126.74543723615871,37.55120237931143],[126.74546024919964,37.55115152020708],[126.74563195497966,37.55111418063446],[126.74582299789449,37.551072635539505],[126.74601404080936,37.55103108970924],[126.74617077257192,37.55099700551701],[126.74622000384277,37.55101921102318],[126.74625200273148,37.551110099766795],[126.74626954503235,37.55115992693199],[126.74623607649983,37.551206962981865]],[[126.74578276414958,37.55100666429695],[126.74568512176975,37.55102789765531],[126.7456307090164,37.55100541439591],[126.74557866332376,37.55089072324517],[126.74551269015097,37.55074533980255],[126.74546379395174,37.55063759075646],[126.74548064814311,37.55059458610168],[126.74557219365708,37.55054264190389],[126.74567391528659,37.55048492387037],[126.74573873142928,37.55050102598266],[126.74578501892094,37.55060302493831],[126.74583916756963,37.55072234937365],[126.7458933162183,37.550841674330115],[126.74593735882006,37.55093872876231],[126.74591129330378,37.550978713513565],[126.74578276414958,37.55100666429695]],[[126.75376601212947,37.55081439651022],[126.7536310025288,37.55082799660673],[126.75357764170263,37.55079456683007],[126.75360345299566,37.550666963214155],[126.75363124148068,37.55052957946545],[126.75365329062932,37.55042056808923],[126.75369915231953,37.55039418250201],[126.75386075744248,37.55041490253868],[126.7539776722784,37.55042989292217],[126.75401081202757,37.55046640739842],[126.75397869006964,37.55062521560572],[126.75395036798538,37.5507652492618],[126.75390129032643,37.550802608238556],[126.75376601212947,37.55081439651022]],[[126.74602241400613,37.5499843564708],[126.74610001317531,37.5500712880508],[126.7460906141025,37.55011571171558],[126.7460217717107,37.55015477531838],[126.74595874231711,37.55014632218695],[126.74588405099448,37.550062649024795],[126.74578921225665,37.54995640459181],[126.74569481099842,37.54985064929249],[126.74560040974013,37.54974489455529],[126.74550600848191,37.549639138955854],[126.74542930223811,37.54955320681218],[126.74543873724352,37.54950878779759],[126.7455118744807,37.54946740276705],[126.74556766524974,37.549474915147464],[126.74564437149353,37.5495608466692],[126.74573877185347,37.54966660166754],[126.74583317311173,37.54977235722802],[126.74592757526828,37.54987811192625],[126.74602241400613,37.5499843564708]],[[126.74611574267594,37.55036219260017],[126.74607477949898,37.55030132364951],[126.74609025028482,37.550248685563005],[126.74616928316519,37.55020384106611],[126.74622500656058,37.55021131348897],[126.74623342557142,37.55022074517838],[126.746267954116,37.550264550563256],[126.74629595101014,37.55031121825812],[126.74629980568102,37.550320157804045],[126.7463170425547,37.550360132204155],[126.74635047874787,37.550455101943015],[126.74639629372565,37.55058523422582],[126.7464421096018,37.55071536841799],[126.74647964390932,37.55082198282326],[126.7464517539147,37.55086117994872],[126.74635427772323,37.5508823784509],[126.74630504555407,37.55086017290397],[126.74626776277482,37.55075427644761],[126.74622194869532,37.55062414374776],[126.74617613371754,37.550494010820735],[126.74616182445337,37.5504533656004],[126.74614191599007,37.55040677562436],[126.74611574267594,37.55036219260017]],[[126.7455430954284,37.55102446701617],[126.74551702901378,37.55106445243363],[126.74535141470972,37.5511004673514],[126.74530882737871,37.55108825252103],[126.74526154635036,37.55103469127464],[126.74514783041518,37.550905870928105],[126.74509874826468,37.55085026910966],[126.7451082937629,37.550805865112],[126.74525026530704,37.550725308552245],[126.74532944281617,37.550680381727226],[126.74539425985718,37.550696484509494],[126.74545017998362,37.55081971590312],[126.74551469069911,37.550961874382914],[126.7455430954284,37.55102446701617]],[[126.76140039577554,37.555774782337295],[126.76134536048967,37.555806448024825],[126.76127393094983,37.55579729406809],[126.76123169845341,37.55576731118436],[126.76112911713615,37.555476609331066],[126.76112588589608,37.55543163267093],[126.76113027686117,37.555409913455115],[126.76118531214706,37.55537824831119],[126.7614336064916,37.555410065143526],[126.76146675252896,37.55544657789197],[126.76140039577554,37.555774782337295]],[[126.74583796023389,37.550507566819356],[126.74580826642219,37.55044213207522],[126.74582511971522,37.55039912659544],[126.7459000859223,37.55035658971881],[126.74596619923227,37.55036890722592],[126.74599604485928,37.55041325522013],[126.74601593625458,37.55044713883901],[126.74601944866738,37.55045535975928],[126.74603106568063,37.550482547261275],[126.74605763245683,37.55055800830256],[126.74609597255318,37.550666911223715],[126.7461367479822,37.55078272941369],[126.74617397147266,37.55088845846368],[126.74614608057973,37.55092765484197],[126.74607628687203,37.55094283314178],[126.74602606386112,37.55092208049092],[126.74598290879486,37.55082698243958],[126.74593171111185,37.550714161956094],[126.74588357219243,37.55060807869639],[126.74583796023389,37.550507566819356]]]]},"properties":{"blocktype":"도로","zonename":"인천계양 테크노밸리 공공주택지구"},"id":"LT_C_LHBLPN.96069"},{"type":"Feature","geometry":{"type":"MultiPolygon","coordinates":[[[[126.75203954717145,37.54802307445201],[126.74969446188459,37.54772232921045],[126.7496210830006,37.547764543527926],[126.74935321077278,37.54908854221328],[126.75176154554052,37.549397398996895],[126.75203954717145,37.54802307445201]]]]},"properties":{"blocktype":"공동주택","zonename":"인천계양 테크노밸리 공공주택지구"},"id":"LT_C_LHBLPN.96072"},{"type":"Feature","geometry":{"type":"MultiPolygon","coordinates":[[[[126.75658652359394,37.542502358258176],[126.75639063965802,37.542080580948024],[126.7557341643231,37.54227388483409],[126.75516788882591,37.54244062459646],[126.75460161243036,37.54260736184913],[126.754070812302,37.54276364897132],[126.75425761067716,37.54318810411006],[126.7547974873831,37.54302914330183],[126.7553637664736,37.54286240556794],[126.75593004466579,37.54269566389976],[126.75658652359394,37.542502358258176]]]]},"properties":{"blocktype":"자족기능확보시설","zonename":"인천계양 테크노밸리 공공주택지구"},"id":"LT_C_LHBLPN.96124"},{"type":"Feature","geometry":{"type":"MultiPolygon","coordinates":[[[[126.76191645455006,37.54629200959394],[126.76191644107536,37.546291967571825],[126.76188606993391,37.54613607103188],[126.76189364452837,37.545969256202206],[126.76189364093511,37.54596920848195],[126.76169066659665,37.54492752098021],[126.76163213147447,37.54490013059679],[126.76100831708663,37.545083840275616],[126.76112955281907,37.54538112466527],[126.76124214945338,37.545680554576485],[126.76134605129411,37.54598197115333],[126.76144119995068,37.54628521411784],[126.76194360882448,37.54634959839785],[126.76191645455006,37.54629200959394]]]]},"properties":{"blocktype":"자족기능확보시설","zonename":"인천계양 테크노밸리 공공주택지구"},"id":"LT_C_LHBLPN.96209"},{"type":"Feature","geometry":{"type":"MultiPolygon","coordinates":[[[[126.75442849719366,37.54891639523267],[126.75439207410213,37.54877483538593],[126.75438502142886,37.54837077583904],[126.75432583862131,37.548316231912835],[126.75203954717145,37.54802307445201],[126.75176154554052,37.549397398996895],[126.7544428944927,37.54974120746282],[126.75442849719366,37.54891639523267]]]]},"properties":{"blocktype":"공동주택","zonename":"인천계양 테크노밸리 공공주택지구"},"id":"LT_C_LHBLPN.96268"},{"type":"Feature","geometry":{"type":"MultiPolygon","coordinates":[[[[126.75592950926983,37.55693025609395],[126.75588013067532,37.556880934844095],[126.75293534807108,37.556503418755945],[126.75295432498147,37.55666184877131],[126.75298179007298,37.5569024214742],[126.75301315115786,37.55713232560722],[126.75304182178843,37.55735175995441],[126.75306047979691,37.55749732207311],[126.75412795413723,37.55742100566501],[126.75425462018555,37.55741479301627],[126.75438152518576,37.55741424111316],[126.75450826938747,37.55741935280425],[126.75588225069939,37.55750554933701],[126.75592950926983,37.55693025609395]]]]},"properties":{"blocktype":"공동주택","zonename":"인천계양 테크노밸리 공공주택지구"},"id":"LT_C_LHBLPN.96269"},{"type":"Feature","geometry":{"type":"MultiPolygon","coordinates":[[[[126.76522610048337,37.55328564414516],[126.76462709127549,37.55244440125295],[126.76398548395684,37.55244382367452],[126.76381802361485,37.552447197273864],[126.76365102051533,37.5524576122015],[126.76304748469676,37.55250805877458],[126.7630516825241,37.55257442252337],[126.76307374065586,37.5528516634526],[126.76310481427987,37.55312835711301],[126.76314488183648,37.5534043162096],[126.76319391457963,37.55367935629879],[126.76319839627457,37.55370053121002],[126.76522610048337,37.55328564414516]]]]},"properties":{"blocktype":"공동주택","zonename":"인천계양 테크노밸리 공공주택지구"},"id":"LT_C_LHBLPN.96272"},{"type":"Feature","geometry":{"type":"MultiPolygon","coordinates":[[[[126.76720700246582,37.564334702484],[126.76720749474264,37.564318742925956],[126.76686617086726,37.56437280731246],[126.76642416471317,37.564442817665345],[126.76642562806875,37.564488087241635],[126.76642794841713,37.56471781487491],[126.76689163451229,37.56464437049597],[126.7671988493563,37.56459570802763],[126.76720700246582,37.564334702484]]]]},"properties":{"blocktype":"공원","zonename":"인천계양 테크노밸리 공공주택지구"},"id":"LT_C_LHBLPN.96340"},{"type":"Feature","geometry":{"type":"MultiPolygon","coordinates":[[[[126.75415146394653,37.54321935704363],[126.75396466646974,37.54279490279507],[126.75346905065611,37.5429408266885],[126.75323062071172,37.543011027410735],[126.75292187334182,37.54311702746285],[126.7529093121992,37.54312165222988],[126.7527883468597,37.543166186876824],[126.75265821061944,37.543220806510455],[126.75253181676062,37.54328073820007],[126.75240950664309,37.543345821672574],[126.75237830456003,37.543364363418185],[126.75229160994859,37.54341587884782],[126.752178445579,37.54349072167353],[126.75207032255477,37.543570147139626],[126.75196752833682,37.54365394155209],[126.75193096510813,37.54368702694631],[126.75187034589442,37.54374187697185],[126.75177903484072,37.54383371620066],[126.75072914053052,37.54494801105452],[126.75113037305219,37.54529437351228],[126.75153257216105,37.54499898763978],[126.75162125833751,37.54493798824078],[126.75171474421248,37.54488171530188],[126.75181263183237,37.54483040743863],[126.75191450617548,37.5447842833232],[126.75201993694881,37.54474353741057],[126.75212847499469,37.54470834207518],[126.75231191187402,37.54465433678294],[126.75234975071045,37.54458885630183],[126.75200699042892,37.54385073999317],[126.75253234407171,37.54369606771596],[126.75309863394199,37.54352934073308],[126.7536649211173,37.54336261052827],[126.75415146394653,37.54321935704363]]]]},"properties":{"blocktype":"자족기능확보시설","zonename":"인천계양 테크노밸리 공공주택지구"},"id":"LT_C_LHBLPN.96437"},{"type":"Feature","geometry":{"type":"MultiPolygon","coordinates":[[[[126.74451787244918,37.55265758579453],[126.74420998297035,37.55225574153028],[126.74409415779087,37.55232117539438],[126.74412062665073,37.55238722381333],[126.7441528860509,37.55245162490024],[126.74416276751899,37.552474260842075],[126.74421752971706,37.552543846521665],[126.7442646445571,37.55259935947865],[126.74435442577985,37.55268731140872],[126.74439774613607,37.55272740917036],[126.74439900557414,37.55272835494256],[126.74451787244918,37.55265758579453]]]]},"properties":{"blocktype":"녹지","zonename":"인천계양 테크노밸리 공공주택지구"},"id":"LT_C_LHBLPN.96979"},{"type":"Feature","geometry":{"type":"MultiPolygon","coordinates":[[[[126.74775453026557,37.55267018423187],[126.74774028208688,37.55263157204442],[126.74773218197797,37.55256282112108],[126.74748039678022,37.55264452799984],[126.74748890831754,37.55266217436074],[126.74763390269263,37.55265954642202],[126.74763712315293,37.55266850064205],[126.74784513614179,37.55324703868614],[126.74788178381213,37.55323315060097],[126.74792832912027,37.55315102418496],[126.74778986729395,37.5527659273007],[126.74775453026557,37.55267018423187]]]]},"properties":{"blocktype":"공공공지","zonename":"인천계양 테크노밸리 공공주택지구"},"id":"LT_C_LHBLPN.98048"},{"type":"Feature","geometry":{"type":"MultiPolygon","coordinates":[[[[126.74719465706143,37.5498971854886],[126.74715531624187,37.54968428576827],[126.74719980081473,37.54971456452849],[126.74719579253193,37.5496615770461],[126.74713708403485,37.54962108663311],[126.747131086882,37.54958719694103],[126.74708584952091,37.54941149576204],[126.74708031050889,37.54930913052401],[126.7470706078055,37.549099538063516],[126.74706744753237,37.54903024473664],[126.74709359838857,37.54896029325972],[126.74716977103307,37.5487550293785],[126.74716268961372,37.54860689047491],[126.74713913938021,37.54857710696809],[126.74713044728153,37.5485371743448],[126.74699688307012,37.54834596709296],[126.74695981049669,37.548366159944315],[126.74701712391013,37.548432862836194],[126.74704959261773,37.548475546815475],[126.74707593481513,37.54852082965411],[126.74709582351552,37.548568152968734],[126.74710901617378,37.548616938435146],[126.74711535109319,37.548666584939575],[126.74711475012025,37.548716486384365],[126.74710722133982,37.54876602812678],[126.74702546836079,37.549132405952776],[126.74687760746167,37.54916540345012],[126.7468915448233,37.54920462494974],[126.74689949311694,37.549226950641405],[126.74700087159002,37.54951279254661],[126.74702504974589,37.54957782428474],[126.74705309335242,37.549651225826395],[126.74713997930502,37.54988958982276],[126.74716307588929,37.54995648435872],[126.74723032826302,37.55015094366905],[126.74719465706143,37.5498971854886]]]]},"properties":{"blocktype":"공공공지","zonename":"인천계양 테크노밸리 공공주택지구"},"id":"LT_C_LHBLPN.98050"},{"type":"Feature","geometry":{"type":"MultiPolygon","coordinates":[[[[126.75381810273782,37.55361259471909],[126.75185444391728,37.553360812494454],[126.75198444541023,37.55357145695361],[126.75213061208675,37.55380626039378],[126.75222195188654,37.55395549994261],[126.75543123893459,37.554366965612004],[126.75517511756898,37.553786572518874],[126.75486278412444,37.553746530164055],[126.75464081490937,37.553718073344314],[126.75441884659253,37.55368961508931],[126.75419687827572,37.55366115753564],[126.75392983249797,37.55362692000547],[126.75381810273782,37.55361259471909]]]]},"properties":{"blocktype":"공원","zonename":"인천계양 테크노밸리 공공주택지구"},"id":"LT_C_LHBLPN.98062"},{"type":"Feature","geometry":{"type":"MultiPolygon","coordinates":[[[[126.76043724278917,37.55446105215029],[126.76031893017466,37.55444588952235],[126.7603233983949,37.55446653579215],[126.76038452605503,37.55470919010133],[126.76056462120151,37.55495030393779],[126.76058951980622,37.55502812125227],[126.7610801275121,37.555090991771834],[126.76119186176379,37.55510531036466],[126.7613706372851,37.55512821968018],[126.76154941100982,37.555151128276485],[126.76172818563283,37.55517403615357],[126.76190696025583,37.55519694402365],[126.76208573577716,37.55521985188667],[126.76219747002881,37.555234169742576],[126.76343244423707,37.555392642337],[126.76340970428396,37.555336623695666],[126.76338434574177,37.55516402468503],[126.76330351353587,37.55494058798423],[126.76326519769405,37.55482549980795],[126.76043724278917,37.55446105215029]]]]},"properties":{"blocktype":"공원","zonename":"인천계양 테크노밸리 공공주택지구"},"id":"LT_C_LHBLPN.98063"},{"type":"Feature","geometry":{"type":"MultiPolygon","coordinates":[[[[126.7510471962434,37.54535546093843],[126.75066009152619,37.5450212939358],[126.75037039832179,37.54532874877289],[126.75030782796733,37.54538945155697],[126.75023885621812,37.545445586648846],[126.75016400858865,37.54549672671067],[126.74924576867154,37.54607071649456],[126.74917543238142,37.54611468314816],[126.74910418430132,37.54616314686309],[126.74903821741671,37.546216137544675],[126.74897798178365,37.54627329336554],[126.74892389332206,37.54633422116024],[126.74887632034125,37.54639850283559],[126.74883559072629,37.54646569822003],[126.74880198385318,37.546535347200525],[126.7487757296907,37.54660697043516],[126.74875700880017,37.54668007861235],[126.74869220882715,37.54700035391823],[126.74954719028031,37.54711001486616],[126.74960336103668,37.54683237082184],[126.74962634533155,37.54673874187923],[126.74965710364687,37.546646538003216],[126.74969550213368,37.54655616873528],[126.74974136831545,37.54646803507191],[126.74979450096959,37.5463825266155],[126.7498217432789,37.54634516969675],[126.7498546638391,37.546300023710835],[126.74992158832778,37.54622089245937],[126.74999497888986,37.5461454832942],[126.75007451123352,37.54607413026791],[126.7501598314226,37.5460071496276],[126.7510471962434,37.54535546093843]]]]},"properties":{"blocktype":"자족기능확보시설","zonename":"인천계양 테크노밸리 공공주택지구"},"id":"LT_C_LHBLPN.98065"},{"type":"Feature","geometry":{"type":"MultiPolygon","coordinates":[[[[126.75806160400285,37.566364175277805],[126.75799536672535,37.5660990695377],[126.75725361072729,37.56621649789545],[126.7571334987873,37.566160788588576],[126.75711191316931,37.566189452135134],[126.75707344102065,37.56625419518155],[126.75704312647308,37.56632162615278],[126.75702126237736,37.566391099214584],[126.75700805624437,37.56646194290133],[126.7570037515175,37.56653164297492],[126.75806160400285,37.566364175277805]]]]},"properties":{"blocktype":"공원","zonename":"인천계양 테크노밸리 공공주택지구"},"id":"LT_C_LHBLPN.98104"},{"type":"Feature","geometry":{"type":"MultiPolygon","coordinates":[[[[126.76680944405368,37.5599496103833],[126.7667812971409,37.5596723972848],[126.76644611414883,37.55976033374604],[126.76563108616627,37.55997415463512],[126.76565102786729,37.5600305208594],[126.76571889379034,37.56023571594427],[126.7664763065255,37.56003701101216],[126.76680944405368,37.5599496103833]]]]},"properties":{"blocktype":"공원","zonename":"인천계양 테크노밸리 공공주택지구"},"id":"LT_C_LHBLPN.98107"},{"type":"Feature","geometry":{"type":"MultiPolygon","coordinates":[[[[126.76021083050664,37.55896997715717],[126.76024086567817,37.55892149257265],[126.75989603028837,37.55808518353563],[126.7598405090139,37.55805909120978],[126.75946744137136,37.55811531076053],[126.75907572290689,37.55804023123801],[126.75893268236756,37.55801287202188],[126.75878048619886,37.55798376167383],[126.75874378193468,37.55797673083729],[126.75873826807543,37.558022009327495],[126.75876726659114,37.55802756463218],[126.75906247724802,37.55808402917828],[126.75944828659462,37.55815797637637],[126.75947623497969,37.55815983502512],[126.75978830252286,37.55811280763622],[126.76014887010821,37.5589872773551],[126.76021083050664,37.55896997715717]]]]},"properties":{"blocktype":"녹지","zonename":"인천계양 테크노밸리 공공주택지구"},"id":"LT_C_LHBLPN.98111"},{"type":"Feature","geometry":{"type":"MultiPolygon","coordinates":[[[[126.76065027197058,37.541419018416775],[126.76103216645913,37.54130654909708],[126.76103284558546,37.5412964773583],[126.76079432940281,37.54070295251591],[126.76037830432335,37.54082406426836],[126.76026561426424,37.540856811867776],[126.76018667391033,37.540879717015365],[126.76001833052439,37.54092858871456],[126.76029475022216,37.54152371938784],[126.76065027197058,37.541419018416775]]]]},"properties":{"blocktype":"공원","zonename":"인천계양 테크노밸리 공공주택지구"},"id":"LT_C_LHBLPN.98131"},{"type":"Feature","geometry":{"type":"MultiPolygon","coordinates":[[[[126.7597852662172,37.542434581645274],[126.75952739223848,37.54187938305736],[126.7594212652708,37.541910636539534],[126.75967913924957,37.54246583560698],[126.7597852662172,37.542434581645274]]]]},"properties":{"blocktype":"보행자전용도로","zonename":"인천계양 테크노밸리 공공주택지구"},"id":"LT_C_LHBLPN.98132"},{"type":"Feature","geometry":{"type":"MultiPolygon","coordinates":[[[[126.76084503660567,37.54471615906789],[126.75987161767219,37.542620493341936],[126.75976548980623,37.54265174651344],[126.75997863487034,37.54311063697883],[126.76019790913958,37.54358271648556],[126.76041718700213,37.544054796564296],[126.76063646576299,37.544526875790446],[126.76073890694308,37.544747414209866],[126.76085265342095,37.54499999547594],[126.76095880554145,37.5449687354541],[126.76084503660567,37.54471615906789]]]]},"properties":{"blocktype":"보행자전용도로","zonename":"인천계양 테크노밸리 공공주택지구"},"id":"LT_C_LHBLPN.98133"},{"type":"Feature","geometry":{"type":"MultiPolygon","coordinates":[[[[126.75476049475971,37.54978192642869],[126.75464706628541,37.549767383892565],[126.75465393210914,37.55016068232531],[126.75476736238006,37.55017522478473],[126.75756320610681,37.55053363686233],[126.7576405528494,37.55015113525154],[126.75476049475971,37.54978192642869]]]]},"properties":{"blocktype":"공원","zonename":"인천계양 테크노밸리 공공주택지구"},"id":"LT_C_LHBLPN.98135"},{"type":"Feature","geometry":{"type":"MultiPolygon","coordinates":[[[[126.7586090912359,37.55796229671935],[126.75865293620829,37.55760228246534],[126.75835092710133,37.55756357740769],[126.75739355207888,37.55744087346148],[126.75735190528398,37.55764680133946],[126.75733169768168,37.557746722490066],[126.75751767679327,37.55778398823877],[126.75767951817316,37.55781918950626],[126.75856300227196,37.557988434655265],[126.7586090912359,37.55796229671935]]]]},"properties":{"blocktype":"공원","zonename":"인천계양 테크노밸리 공공주택지구"},"id":"LT_C_LHBLPN.98136"},{"type":"Feature","geometry":{"type":"MultiPolygon","coordinates":[[[[126.74996635586993,37.55536402306283],[126.74977659035942,37.555085753869506],[126.74973797088707,37.55506017395758],[126.74971248388583,37.55503327013917],[126.7495540031034,37.554943645273006],[126.74942784460322,37.55476606166794],[126.74937791623972,37.554704147303745],[126.7493515839238,37.55465958251769],[126.74929352580699,37.55458937211275],[126.74920843558664,37.55448646775865],[126.74897913791543,37.5541526123135],[126.74874895270871,37.55374649455566],[126.74864416063754,37.55367806584894],[126.74864008228616,37.55364936615337],[126.74863874379638,37.553639942019586],[126.74863843477593,37.55363075147607],[126.74867295793062,37.55359532532093],[126.7487130883693,37.55357477851352],[126.74876942351739,37.55354831855294],[126.74885224549166,37.553515415578175],[126.74884791561196,37.553508580879075],[126.74880679972144,37.55344162116281],[126.74877939212213,37.55339639971183],[126.74856044304298,37.5534678119607],[126.74850070327996,37.55356490783976],[126.74853784322706,37.55367132801976],[126.74854069986966,37.55367951440027],[126.74856098293047,37.55374736197646],[126.74856318020962,37.553754705141635],[126.7485688737319,37.553773771302424],[126.7485736222265,37.55378994036009],[126.74859112679813,37.5538427874592],[126.74860860711524,37.55388959890774],[126.74867645507204,37.55405252040896],[126.74868910694448,37.55419179985344],[126.74869435400406,37.554214223041996],[126.7487157689421,37.554305706106014],[126.7487383184524,37.554431569378515],[126.74879212214802,37.55478792706381],[126.74895327452012,37.55471027329506],[126.74905183857138,37.55467930861856],[126.7490890081629,37.55466461107511],[126.74912560822251,37.554651083606814],[126.74918577288867,37.55462985769015],[126.74996757218887,37.555372765448574],[126.74996635586993,37.55536402306283]]]]},"properties":{"blocktype":"녹지","zonename":"인천계양 테크노밸리 공공주택지구"},"id":"LT_C_LHBLPN.98145"},{"type":"Feature","geometry":{"type":"MultiPolygon","coordinates":[[[[126.75735190528398,37.55764680133946],[126.75705016746828,37.55760812692658],[126.75674850151776,37.55756946175136],[126.75644683646557,37.55753079441965],[126.75608810683329,37.55748481204413],[126.75608662281641,37.55750288097755],[126.75665164426552,37.55761146824624],[126.75705565078475,37.557691407779025],[126.75733169768168,37.557746722490066],[126.75735190528398,37.55764680133946]]]]},"properties":{"blocktype":"공공공지","zonename":"인천계양 테크노밸리 공공주택지구"},"id":"LT_C_LHBLPN.98146"},{"type":"Feature","geometry":{"type":"MultiPolygon","coordinates":[[[[126.74930309735637,37.55274137711367],[126.7494915010209,37.55263783779316],[126.75021625101232,37.55237301366196],[126.75023821661763,37.552303088112126],[126.7500871577161,37.55214501987764],[126.74995185526463,37.55199503318225],[126.74985075976088,37.55187528845818],[126.74876125693316,37.5522288666111],[126.748821936334,37.55235799803078],[126.74897800334325,37.552675536252494],[126.74906211439988,37.55282943000529],[126.74930309735637,37.55274137711367]]]]},"properties":{"blocktype":"자족기능확보시설","zonename":"인천계양 테크노밸리 공공주택지구"},"id":"LT_C_LHBLPN.98154"},{"type":"Feature","geometry":{"type":"MultiPolygon","coordinates":[[[[126.75695737868593,37.56607909510631],[126.7568010592501,37.56600658556827],[126.75733414738745,37.56459700327285],[126.7571987928337,37.56463889899614],[126.75719400301662,37.5646510653212],[126.75710240809529,37.56486846666249],[126.75711773155743,37.56489003216421],[126.75707888930283,37.56493076706287],[126.75706347421256,37.564972090813605],[126.75697200775036,37.565219405513005],[126.75679342716344,37.56569764595368],[126.75667674319455,37.56600680701614],[126.75663274191531,37.56610213135297],[126.75658757102951,37.566208896060395],[126.75657173193446,37.56624156984687],[126.75664230088823,37.56626045622457],[126.75635823293416,37.567048239770145],[126.75631281860495,37.56712518074502],[126.75620132689842,37.56743741544403],[126.75609438875205,37.56808870313034],[126.75608450818225,37.568168150089214],[126.75609065176047,37.56857505150761],[126.75620807414452,37.56897920941644],[126.75611451999757,37.56899631504406],[126.75614641558006,37.56919943837568],[126.75639238508462,37.56915470140608],[126.75624442716743,37.56864544026892],[126.75622897883949,37.568581982372336],[126.75621928871253,37.5685178059865],[126.75621540260062,37.56845324077834],[126.7562129924207,37.56829325299531],[126.75621508639364,37.5681322082152],[126.7562183930922,37.568084440200295],[126.75622621831663,37.56797139805751],[126.75624636483353,37.56781114578706],[126.75627548552008,37.567651768975175],[126.75631352108753,37.56749358661998],[126.75636039787399,37.567336916298075],[126.75660456176485,37.56659484485787],[126.75680117064118,37.566565163242096],[126.75680016362973,37.566552928161215],[126.75680229982349,37.56647513142742],[126.75681294575793,37.5663977796419],[126.75683202148299,37.56632145953356],[126.7568593805733,37.56624675427338],[126.75689481461968,37.56617422994553],[126.75693805502587,37.56610444195534],[126.75695737868593,37.56607909510631]]]]},"properties":{"blocktype":"녹지","zonename":"인천계양 테크노밸리 공공주택지구"},"id":"LT_C_LHBLPN.98170"},{"type":"Feature","geometry":{"type":"MultiPolygon","coordinates":[[[[126.75365224678697,37.546062436686896],[126.75179739191358,37.54582458466326],[126.75140962513805,37.5477415222661],[126.75326452582549,37.54797937885662],[126.75354259842337,37.54660455880283],[126.75365224678697,37.546062436686896]]]]},"properties":{"blocktype":"공동주택","zonename":"인천계양 테크노밸리 공공주택지구"},"id":"LT_C_LHBLPN.98171"},{"type":"Feature","geometry":{"type":"MultiPolygon","coordinates":[[[[126.75166341357883,37.5451235283102],[126.75175176019209,37.54531680008992],[126.75451098679126,37.545670613769445],[126.75414681516493,37.544886454632135],[126.7540561068808,37.54476906886884],[126.75389227932583,37.5444162972164],[126.7538100412565,37.54438616943934],[126.75219911222044,37.544860455263816],[126.752102861331,37.5448916654734],[126.75200936647286,37.54492779947091],[126.75191902470137,37.54496870340275],[126.75183221780051,37.54501420204723],[126.7517493158762,37.54506410451257],[126.7516706701697,37.54511819925155],[126.75166341357883,37.5451235283102]]]]},"properties":{"blocktype":"공동주택","zonename":"인천계양 테크노밸리 공공주택지구"},"id":"LT_C_LHBLPN.98172"},{"type":"Feature","geometry":{"type":"MultiPolygon","coordinates":[[[[126.75806109196314,37.54427456286739],[126.75761685798714,37.543318097366694],[126.75569491692836,37.54388402687031],[126.75565708078693,37.54394950868276],[126.75607909673094,37.54485817178053],[126.75806109196314,37.54427456286739]]]]},"properties":{"blocktype":"공동주택","zonename":"인천계양 테크노밸리 공공주택지구"},"id":"LT_C_LHBLPN.98173"},{"type":"Feature","geometry":{"type":"MultiPolygon","coordinates":[[[[126.76176747524842,37.54771555238258],[126.76172019960994,37.54744100593834],[126.76160799643769,37.5474528353387],[126.76165499988663,37.54772554847053],[126.76169507552808,37.54799964018068],[126.76172809220803,37.54827432914816],[126.76173480172487,37.548336901959544],[126.76184995765948,37.54835165915289],[126.7618408433526,37.54826666565597],[126.76180769641694,37.54799081075102],[126.76176747524842,37.54771555238258]]]]},"properties":{"blocktype":"보행자전용도로","zonename":"인천계양 테크노밸리 공공주택지구"},"id":"LT_C_LHBLPN.98194"},{"type":"Feature","geometry":{"type":"MultiPolygon","coordinates":[[[[126.75277333780791,37.55001081983332],[126.75266161343772,37.54999649456406],[126.75263282422951,37.55013881984501],[126.752744549498,37.55015314508693],[126.75277333780791,37.55001081983332]]]]},"properties":{"blocktype":"보행자전용도로","zonename":"인천계양 테크노밸리 공공주택지구"},"id":"LT_C_LHBLPN.98195"},{"type":"Feature","geometry":{"type":"MultiPolygon","coordinates":[[[[126.75190384496969,37.550456014982885],[126.75172508471972,37.55043309283593],[126.75170709056623,37.550522045113176],[126.75188585081624,37.55054496865717],[126.75206461196451,37.55056789076972],[126.75208260611797,37.55047893783501],[126.75190384496969,37.550456014982885]]]]},"properties":{"blocktype":"보행자전용도로","zonename":"인천계양 테크노밸리 공공주택지구"},"id":"LT_C_LHBLPN.98196"},{"type":"Feature","geometry":{"type":"MultiPolygon","coordinates":[[[[126.76070926882689,37.5474748681171],[126.76069579140267,37.547385402959634],[126.75997783986128,37.54746183505463],[126.75999228027948,37.54755190266469],[126.76070926882689,37.5474748681171]]]]},"properties":{"blocktype":"보행자전용도로","zonename":"인천계양 테크노밸리 공공주택지구"},"id":"LT_C_LHBLPN.98197"},{"type":"Feature","geometry":{"type":"MultiPolygon","coordinates":[[[[126.7533115885632,37.55063652245972],[126.75313282561832,37.550613602504846],[126.75311483326149,37.55070255527886],[126.7532674408586,37.55072212218279],[126.75347235645638,37.550748396551185],[126.75349034881317,37.55065944383189],[126.7533115885632,37.55063652245972]]]]},"properties":{"blocktype":"보행자전용도로","zonename":"인천계양 테크노밸리 공공주택지구"},"id":"LT_C_LHBLPN.98199"},{"type":"Feature","geometry":{"type":"MultiPolygon","coordinates":[[[[126.75713909618982,37.553764557986064],[126.75702736553141,37.553750235574775],[126.75697339744409,37.554017096590776],[126.75708512900081,37.554031418950785],[126.75713909618982,37.553764557986064]]]]},"properties":{"blocktype":"보행자전용도로","zonename":"인천계양 테크노밸리 공공주택지구"},"id":"LT_C_LHBLPN.98202"},{"type":"Feature","geometry":{"type":"MultiPolygon","coordinates":[[[[126.76119186176379,37.55510531036466],[126.7610801275121,37.555090991771834],[126.76106214234184,37.55517994703563],[126.7611738765935,37.555194264899214],[126.76119186176379,37.55510531036466]]]]},"properties":{"blocktype":"보행자전용도로","zonename":"인천계양 테크노밸리 공공주택지구"},"id":"LT_C_LHBLPN.98203"},{"type":"Feature","geometry":{"type":"MultiPolygon","coordinates":[[[[126.76419695276462,37.56479556787197],[126.76410860884631,37.56444209847877],[126.76399759863678,37.56445967938412],[126.76408594165677,37.5648131486939],[126.76419695276462,37.56479556787197]]]]},"properties":{"blocktype":"보행자전용도로","zonename":"인천계양 테크노밸리 공공주택지구"},"id":"LT_C_LHBLPN.98204"},{"type":"Feature","geometry":{"type":"MultiPolygon","coordinates":[[[[126.75950016699717,37.565860837138885],[126.75942288223833,37.565551545876566],[126.75931187023215,37.56556912580801],[126.75938915229601,37.56587841343707],[126.75950016699717,37.565860837138885]]]]},"properties":{"blocktype":"보행자전용도로","zonename":"인천계양 테크노밸리 공공주택지구"},"id":"LT_C_LHBLPN.98238"},{"type":"Feature","geometry":{"type":"MultiPolygon","coordinates":[[[[126.74869220882715,37.54700035391823],[126.74849117934129,37.54697456824479],[126.74848770016621,37.54700363161255],[126.74848389939423,37.54703538649476],[126.74848277650014,37.54704476872977],[126.74848014713129,37.54706441422723],[126.74867421018214,37.54708930601874],[126.74952919433021,37.54719896754807],[126.74954719028031,37.54711001486616],[126.74869220882715,37.54700035391823]]]]},"properties":{"blocktype":"보행자전용도로","zonename":"인천계양 테크노밸리 공공주택지구"},"id":"LT_C_LHBLPN.98274"},{"type":"Feature","geometry":{"type":"MultiPolygon","coordinates":[[[[126.75613179909207,37.55535764146243],[126.75655675881531,37.555411839826874],[126.75673428927166,37.55453400663101],[126.75578724487494,37.55441260380081],[126.75587472910551,37.55461084587256],[126.75591751316755,37.55471081097504],[126.75595791130421,37.55481140335461],[126.7558877160496,37.55482825514651],[126.75583769066806,37.55480720019824],[126.755893136484,37.55495410471763],[126.75592023146963,37.55491455580278],[126.75599047972482,37.55489769121159],[126.75605065876404,37.55507243941215],[126.75610367553546,37.555248652815415],[126.75613179909207,37.55535764146243]]]]},"properties":{"blocktype":"교육시설","zonename":"인천계양 테크노밸리 공공주택지구"},"id":"LT_C_LHBLPN.98275"},{"type":"Feature","geometry":{"type":"MultiPolygon","coordinates":[[[[126.75927212337407,37.5654100546558],[126.75899391333395,37.5642966161498],[126.7578627780844,37.56447569943754],[126.75781246973352,37.56453562970199],[126.75806568235423,37.56554909427008],[126.7581409710565,37.56558914096327],[126.75927212337407,37.5654100546558]]]]},"properties":{"blocktype":"유보지","zonename":"인천계양 테크노밸리 공공주택지구"},"id":"LT_C_LHBLPN.98277"},{"type":"Feature","geometry":{"type":"MultiPolygon","coordinates":[[[[126.76048653514542,37.56521777347494],[126.76053684259797,37.56515784233514],[126.76028360482444,37.56414438241315],[126.76020831612216,37.56410433707947],[126.75910492534014,37.5642790394784],[126.75938313627859,37.56539247824708],[126.76048653514542,37.56521777347494]]]]},"properties":{"blocktype":"유보지","zonename":"인천계양 테크노밸리 공공주택지구"},"id":"LT_C_LHBLPN.98278"},{"type":"Feature","geometry":{"type":"MultiPolygon","coordinates":[[[[126.75735287726114,37.54274971690867],[126.75696373246994,37.54191182676146],[126.75639063965802,37.542080580948024],[126.75658652359394,37.542502358258176],[126.75677977995763,37.54291847347233],[126.75735287726114,37.54274971690867]]]]},"properties":{"blocktype":"유보지","zonename":"인천계양 테크노밸리 공공주택지구"},"id":"LT_C_LHBLPN.98279"},{"type":"Feature","geometry":{"type":"MultiPolygon","coordinates":[[[[126.76245884743714,37.56654524874752],[126.7623496823672,37.566108417330526],[126.76173653996499,37.56578231908456],[126.76093244897099,37.5659096419032],[126.76100973822142,37.566218929542565],[126.76113084729137,37.56670356555687],[126.76120613958693,37.56674361020532],[126.76245884743714,37.56654524874752]]]]},"properties":{"blocktype":"상업시설","zonename":"인천계양 테크노밸리 공공주택지구"},"id":"LT_C_LHBLPN.98280"},{"type":"Feature","geometry":{"type":"MultiPolygon","coordinates":[[[[126.74420998297035,37.55225574153028],[126.74555699775574,37.5514947394349],[126.74492400348404,37.55077766569671],[126.74583528145769,37.550260593572126],[126.74584655980608,37.550207284562624],[126.7453134339395,37.549610038868664],[126.74519784142367,37.549486553353056],[126.74511910229238,37.54939803286352],[126.74507686440603,37.54939655146736],[126.74508276004926,37.549403944203696],[126.74519774710056,37.549533215125166],[126.74535108682463,37.54969887888729],[126.74581386651965,37.55021731806309],[126.74567563286543,37.55029575566141],[126.74553739921117,37.55037419317718],[126.74531384267294,37.55050104592423],[126.74488354695691,37.55074518739242],[126.74486720480526,37.550725420367165],[126.7448108543858,37.55075692368282],[126.74546124902456,37.55149359423394],[126.74517059731772,37.5516578855255],[126.74475435754093,37.55189304752658],[126.74446034703328,37.55205909560835],[126.74415715035356,37.55223034937535],[126.7439992094586,37.55205260119981],[126.74404264030765,37.552192620066954],[126.74409415779087,37.55232117539438],[126.74420998297035,37.55225574153028]]]]},"properties":{"blocktype":"녹지","zonename":"인천계양 테크노밸리 공공주택지구"},"id":"LT_C_LHBLPN.98603"},{"type":"Feature","geometry":{"type":"MultiPolygon","coordinates":[[[[126.75237309253475,37.55051618656441],[126.75219433048818,37.55049326372374],[126.75217633723302,37.55058221735358],[126.7523550983813,37.55060513874248],[126.75253385952958,37.55062806154871],[126.7525518527847,37.55053910868579],[126.75237309253475,37.55051618656441]]]]},"properties":{"blocktype":"보행자전용도로","zonename":"인천계양 테크노밸리 공공주택지구"},"id":"LT_C_LHBLPN.98656"},{"type":"Feature","geometry":{"type":"MultiPolygon","coordinates":[[[[126.74539425985718,37.550696484509494],[126.74532944281617,37.550680381727226],[126.74525026530704,37.550725308552245],[126.7451082937629,37.550805865112],[126.74509874826468,37.55085026910966],[126.74514783041518,37.550905870928105],[126.74526154635036,37.55103469127464],[126.74530882737871,37.55108825252103],[126.74535141470972,37.5511004673514],[126.74551702901378,37.55106445243363],[126.7455430954284,37.55102446701617],[126.74551469069911,37.550961874382914],[126.74545017998362,37.55081971590312],[126.74539425985718,37.550696484509494]]]]},"properties":{"blocktype":"단독주택","zonename":"인천계양 테크노밸리 공공주택지구"},"id":"LT_C_LHBLPN.98678"},{"type":"Feature","geometry":{"type":"MultiPolygon","coordinates":[[[[126.75180133372103,37.54988618049737],[126.75168960935083,37.549871853779734],[126.75166081834598,37.550014178586515],[126.75177254181786,37.550028505276785],[126.75180133372103,37.54988618049737]]]]},"properties":{"blocktype":"보행자전용도로","zonename":"인천계양 테크노밸리 공공주택지구"},"id":"LT_C_LHBLPN.98687"},{"type":"Feature","geometry":{"type":"MultiPolygon","coordinates":[[[[126.7664763065255,37.56003701101216],[126.76571889379034,37.56023571594427],[126.76574996202444,37.56032965193952],[126.7658424705324,37.560630090662805],[126.76652124025603,37.560452020712304],[126.7664763065255,37.56003701101216]]]]},"properties":{"blocktype":"주차장","zonename":"인천계양 테크노밸리 공공주택지구"},"id":"LT_C_LHBLPN.98718"},{"type":"Feature","geometry":{"type":"MultiPolygon","coordinates":[[[[126.75592122770124,37.55360844205909],[126.7554070428124,37.553542524337374],[126.75540439727389,37.553545042570754],[126.75553112261106,37.55383221106314],[126.75586725691898,37.55387530287064],[126.75592122770124,37.55360844205909]]]]},"properties":{"blocktype":"주차장","zonename":"인천계양 테크노밸리 공공주택지구"},"id":"LT_C_LHBLPN.98719"},{"type":"Feature","geometry":{"type":"MultiPolygon","coordinates":[[[[126.74924591240197,37.54859913157979],[126.74876550686277,37.54853751549718],[126.74870690706183,37.548827143333256],[126.74918731529598,37.54888875917645],[126.74924591240197,37.54859913157979]]]]},"properties":{"blocktype":"주차장","zonename":"인천계양 테크노밸리 공공주택지구"},"id":"LT_C_LHBLPN.98720"},{"type":"Feature","geometry":{"type":"MultiPolygon","coordinates":[[[[126.75932649211003,37.55486625658907],[126.75798569546303,37.55469440995333],[126.75776084085922,37.55580633265678],[126.75910165637083,37.55597818171342],[126.75932649211003,37.55486625658907]]]]},"properties":{"blocktype":"교육시설","zonename":"인천계양 테크노밸리 공공주택지구"},"id":"LT_C_LHBLPN.98721"},{"type":"Feature","geometry":{"type":"MultiPolygon","coordinates":[[[[126.75953267702728,37.56645279737416],[126.75945539406509,37.56614350999378],[126.7590953897234,37.56620050812241],[126.75917267178728,37.566509798114325],[126.75953267702728,37.56645279737416]]]]},"properties":{"blocktype":"지원시설","zonename":"인천계양 테크노밸리 공공주택지구"},"id":"LT_C_LHBLPN.98722"},{"type":"Feature","geometry":{"type":"MultiPolygon","coordinates":[[[[126.76686879484619,37.56533008993772],[126.76641556603927,37.56540250685478],[126.76641399578416,37.56544823939655],[126.76639590191768,37.565768013936335],[126.76637405938156,37.566090552706264],[126.76673621967994,37.56603318992352],[126.76684478647188,37.565508782670626],[126.76685814891174,37.5654334435773],[126.76686713116626,37.56535769426283],[126.76686879484619,37.56533008993772]]]]},"properties":{"blocktype":"산업용지","zonename":"인천계양 테크노밸리 공공주택지구"},"id":"LT_C_LHBLPN.98754"},{"type":"Feature","geometry":{"type":"MultiPolygon","coordinates":[[[[126.76354898537376,37.56807720311586],[126.76341314662811,37.56787922543508],[126.76246559378494,37.56804992590891],[126.76203506989683,37.56812825359691],[126.76160454690702,37.56820657977848],[126.76117402212057,37.568284904453655],[126.76075397708024,37.568361320810205],[126.76015234389342,37.56847076875902],[126.76004195262308,37.56849085077722],[126.75944031674136,37.568600296399616],[126.75891103746075,37.56869657651556],[126.75846946878626,37.56877689861618],[126.75802789741677,37.56885721991812],[126.75738761870646,37.56897368269723],[126.75639238508462,37.56915470140608],[126.75614641558006,37.56919943837568],[126.75616641746817,37.56932681658716],[126.75603129378143,37.56966459061945],[126.75614660781953,37.569813131959606],[126.7561737710771,37.5698487775366],[126.75627655361696,37.56998329470377],[126.7564985057641,37.56994246644627],[126.75687348502159,37.56987343031326],[126.7569540719874,37.56985844099312],[126.75714999095761,37.56982307524245],[126.75725525644089,37.569804028140744],[126.75781684452896,37.56970068412541],[126.75805894139636,37.5696563654103],[126.75826414894661,37.56961871897508],[126.75856451862816,37.56956375128635],[126.75909500973604,37.569467257261955],[126.75913959941182,37.56945941082453],[126.7592041227037,37.56944803633685],[126.75956900310074,37.5693814939471],[126.7600111943078,37.56930089908301],[126.76045157271462,37.56922055974698],[126.76079451265912,37.56915798738229],[126.76097301239767,37.56912856169146],[126.761348313252,37.569062485390525],[126.76178597335674,37.56898177554563],[126.76216060316959,37.568912703633046],[126.76243494147081,37.56886206167919],[126.76267702216855,37.568817462639615],[126.7631185459273,37.568738377369925],[126.76354624281721,37.568660740276314],[126.76394142338879,37.568588983014976],[126.76385872717874,37.56848852956847],[126.76370040270314,37.56828451497369],[126.76354898537376,37.56807720311586]]]]},"properties":{"blocktype":"공원","zonename":"인천계양 테크노밸리 공공주택지구"},"id":"LT_C_LHBLPN.98758"},{"type":"Feature","geometry":{"type":"MultiPolygon","coordinates":[[[[126.7550346776524,37.546353762145834],[126.7550413296771,37.546474215158014],[126.75504045920958,37.546594781221174],[126.75503206445326,37.54671516475707],[126.75501616966261,37.54683506662827],[126.75494382563785,37.54682579120198],[126.75490883356257,37.54678898078936],[126.75489141702586,37.54689188152691],[126.75488133433508,37.546941307675795],[126.75492719243205,37.54691491943249],[126.75503301666747,37.546928487477786],[126.7560206891695,37.54705511247695],[126.75602163329889,37.547055232844144],[126.7561340161342,37.546494704094954],[126.7550346776524,37.546353762145834]]]]},"properties":{"blocktype":"교육시설","zonename":"인천계양 테크노밸리 공공주택지구"},"id":"LT_C_LHBLPN.98772"},{"type":"Feature","geometry":{"type":"MultiPolygon","coordinates":[[[[126.76460609046077,37.551882458034456],[126.76453742593539,37.55176182218347],[126.76442883758388,37.55175234297256],[126.76453477051543,37.55172101100266],[126.76450608641011,37.551665812178555],[126.76436366211506,37.55138647157305],[126.76422091442652,37.5510212906302],[126.76419186291027,37.55101341162562],[126.76392027974195,37.550939755035245],[126.76383820247109,37.55087814302411],[126.76386808852227,37.550767199968334],[126.76405112924458,37.55067234386655],[126.76404786027524,37.550664260424355],[126.76405110139679,37.550662479218154],[126.76407735735592,37.55064804724447],[126.76381701480679,37.54997890597276],[126.76376393964483,37.54997559279904],[126.76374285708344,37.54992884299048],[126.7637163756472,37.5498681887719],[126.76371511351421,37.54986652862158],[126.76371767011953,37.549865802884455],[126.76371781205334,37.54986601298499],[126.76372029140356,37.54986510065011],[126.76369969393238,37.54982272015394],[126.76371603967728,37.54978033963367],[126.76372364122119,37.5497606336023],[126.76373017466827,37.54973791422031],[126.7634532779651,37.54908086669722],[126.76341320771354,37.54904820603921],[126.76337672263827,37.548955555612885],[126.76340019202338,37.548948710524634],[126.76315798017163,37.548275315573434],[126.76308708333278,37.548175513484225],[126.76305008891276,37.548090295436445],[126.76302576702643,37.54802705933863],[126.76299226705288,37.54794605606029],[126.76297992509919,37.54791618112478],[126.76296593294032,37.547882113313726],[126.762913241359,37.54775456168973],[126.76271158664571,37.547158804848046],[126.76267179307528,37.54703574759652],[126.76264867043983,37.54700493214922],[126.76264229240134,37.54696791527753],[126.76248650386982,37.54604790980664],[126.7624781270798,37.54599897736146],[126.7624003006368,37.54554848425509],[126.76236460158742,37.54536238399173],[126.76231690104585,37.54508590722773],[126.76230633775643,37.545023383681695],[126.76228055970105,37.54487057637888],[126.76207110132287,37.54406724901778],[126.76209598555452,37.54405973965367],[126.762075506661,37.54400553018485],[126.76197966091178,37.54379995493379],[126.76176015577546,37.54325081367288],[126.7617147010221,37.54310153488302],[126.76141449932551,37.54227508359752],[126.76129992190596,37.541962304689456],[126.76102814200665,37.54136622305324],[126.76103216645913,37.54130654909708],[126.76065027197058,37.541419018416775],[126.76129996053352,37.542817744667296],[126.76139596708121,37.54303266619184],[126.76148518416196,37.5432494347212],[126.76156755697855,37.54346791348404],[126.76164303342874,37.543687967135135],[126.7617115676984,37.543909456057186],[126.76177311487176,37.54413224205892],[126.7618276372196,37.5443561855262],[126.76187509880934,37.544581144709646],[126.76213168460393,37.54589798562744],[126.76219999159983,37.54604285431491],[126.76222622869433,37.546177501358684],[126.76221865409987,37.54634431714685],[126.7627944454509,37.54929916812232],[126.76282552356645,37.549469224597715],[126.7628525682464,37.54963971726825],[126.76291540899379,37.54981096448687],[126.76293620858587,37.55000201770563],[126.76291089675613,37.550169021502775],[126.76300326512688,37.55162964085252],[126.7630457069308,37.55176326008921],[126.76304650463479,37.551775856541155],[126.7630627865993,37.552033329489575],[126.7631487607619,37.55209191874932],[126.76359784653873,37.552054380948405],[126.76372698834396,37.552045415259656],[126.76385644635617,37.55204007814964],[126.76398606067528,37.552038376740995],[126.76470020605477,37.55203901913136],[126.76467204926051,37.55199247501415],[126.76460609046077,37.551882458034456]],[[126.76326079954244,37.54919013999011],[126.76328733038602,37.549195309934476],[126.76331247512914,37.5492038023454],[126.76333558339152,37.54921539358738],[126.76335605869177,37.54922978666686],[126.763373368329,37.54924660767129],[126.76338706673876,37.54926542215049],[126.76351643132622,37.549481505928824],[126.76353115920529,37.54951024924969],[126.7635416515278,37.549540147049186],[126.76354776725827,37.54957080618706],[126.76357553508201,37.549790989249765],[126.76358525665,37.5498335036586],[126.76360336309288,37.54987424037921],[126.76383695560946,37.55029053237829],[126.76385487071117,37.55033069837628],[126.76386463270337,37.55037260924357],[126.76386599904092,37.55041521875546],[126.7638589337912,37.55045747071882],[126.76375226603773,37.55085343695656],[126.76374962858405,37.550868010617435],[126.76374950192161,37.55088273454865],[126.76375188874532,37.55089733526717],[126.76375674593606,37.55091154285111],[126.76376465829709,37.55092970382715],[126.76377284015268,37.550944708351],[126.76378377175139,37.550958557691914],[126.76379720156488,37.55097093563609],[126.76381282326764,37.55098156015526],[126.76383027933024,37.550990184830844],[126.76384916910406,37.55099661594665],[126.76412256237764,37.551070763182295],[126.76414209893842,37.551077462788164],[126.76416008051548,37.55108650835905],[126.76417606783258,37.55109767911412],[126.76418966742769,37.551110700857976],[126.7642005478224,37.55112525310272],[126.76420843952218,37.55114097903875],[126.76431034081475,37.55140166402325],[126.76435608213067,37.55149137861187],[126.76436286890267,37.551508766008816],[126.76436589532686,37.551526813601235],[126.7643650742667,37.55154500932461],[126.76436043087497,37.55156283684183],[126.76435209450915,37.55157979263569],[126.76434030322272,37.55159539313061],[126.76432539029071,37.55160919748273],[126.76430778061616,37.55162081398942],[126.76428797186584,37.55162991219628],[126.76426652638509,37.55163623571649],[126.76329060115197,37.55185159188908],[126.7632689086345,37.551854895720986],[126.7632468316381,37.551855355081095],[126.76322495227103,37.55185296071103],[126.76320385084499,37.55184777385855],[126.76318408341717,37.551839931975],[126.76316617460365,37.551829643730215],[126.76315059691832,37.55181717975405],[126.76313776268783,37.55180287050009],[126.76312801237376,37.55178709413846],[126.76312160109758,37.551770268721995],[126.76311870043756,37.55175283794264],[126.76310887286833,37.551597432838975],[126.76297764517496,37.55005987285613],[126.76295966719121,37.549800307039405],[126.76293857474833,37.54954089059467],[126.76292350191616,37.549370753090855],[126.76292383429286,37.5493485228784],[126.76292873999262,37.54932663665696],[126.7629380860648,37.54930568698596],[126.76295162008287,37.549286240073805],[126.76296897463588,37.54926882366993],[126.76298968080316,37.549253907835094],[126.76301317803606,37.549241897106725],[126.76303883032732,37.54923311483015],[126.76317984247072,37.549195444542455],[126.76320635175473,37.54919020836243],[126.76323357250446,37.54918842427215],[126.76326079954244,37.54919013999011]]]]},"properties":{"blocktype":"공원","zonename":"인천계양 테크노밸리 공공주택지구"},"id":"LT_C_LHBLPN.98822"},{"type":"Feature","geometry":{"type":"MultiPolygon","coordinates":[[[[126.76157118976556,37.54675816666449],[126.76145188630932,37.54674287854057],[126.76151804004347,37.54701717471358],[126.76157703689974,37.54729250403497],[126.76168925893666,37.54728067389694],[126.76163343582823,37.54701896099252],[126.76157118976556,37.54675816666449]]]]},"properties":{"blocktype":"보행자전용도로","zonename":"인천계양 테크노밸리 공공주택지구"},"id":"LT_C_LHBLPN.98824"},{"type":"Feature","geometry":{"type":"MultiPolygon","coordinates":[[[[126.75806348238012,37.5462140656382],[126.75801558510747,37.545946075555825],[126.75797002435291,37.54595119159478],[126.75788610553569,37.54595483542794],[126.75780210317517,37.545952749981616],[126.75771863171896,37.54594495092466],[126.75749734612177,37.545916584429975],[126.75744338611926,37.54618344642958],[126.75766467261475,37.54621181282269],[126.75776089835138,37.546221278493455],[126.75785773673903,37.54622509966117],[126.75795466765311,37.546223255671805],[126.75805116557925,37.546215756496224],[126.75806348238012,37.5462140656382]]]]},"properties":{"blocktype":"주차장","zonename":"인천계양 테크노밸리 공공주택지구"},"id":"LT_C_LHBLPN.98844"},{"type":"Feature","geometry":{"type":"MultiPolygon","coordinates":[[[[126.75918601895576,37.54347562875269],[126.75895032168648,37.54296817220643],[126.75887836393728,37.54294181318436],[126.75859924300545,37.54302400854334],[126.75885436634277,37.54357329392797],[126.75918601895576,37.54347562875269]]]]},"properties":{"blocktype":"주차장","zonename":"인천계양 테크노밸리 공공주택지구"},"id":"LT_C_LHBLPN.98845"},{"type":"Feature","geometry":{"type":"MultiPolygon","coordinates":[[[[126.76112955281907,37.54538112466527],[126.76100831708663,37.545083840275616],[126.76090214250827,37.54511510808396],[126.76101876090013,37.54540090094251],[126.7611273456584,37.5456886948265],[126.76122784018926,37.5459783444153],[126.76132019508528,37.54626970723933],[126.76144119995068,37.54628521411784],[126.76134605129411,37.54598197115333],[126.76124214945338,37.545680554576485],[126.76112955281907,37.54538112466527]]]]},"properties":{"blocktype":"보행자전용도로","zonename":"인천계양 테크노밸리 공공주택지구"},"id":"LT_C_LHBLPN.98846"},{"type":"Feature","geometry":{"type":"MultiPolygon","coordinates":[[[[126.74573873142928,37.55050102598266],[126.74567391528659,37.55048492387037],[126.74557219365708,37.55054264190389],[126.74548064814311,37.55059458610168],[126.74546379395174,37.55063759075646],[126.74551269015097,37.55074533980255],[126.74557866332376,37.55089072324517],[126.7456307090164,37.55100541439591],[126.74568512176975,37.55102789765531],[126.74578276414958,37.55100666429695],[126.74591129330378,37.550978713513565],[126.74593735882006,37.55093872876231],[126.7458933162183,37.550841674330115],[126.74583916756963,37.55072234937365],[126.74578501892094,37.55060302493831],[126.74573873142928,37.55050102598266]]]]},"properties":{"blocktype":"단독주택","zonename":"인천계양 테크노밸리 공공주택지구"},"id":"LT_C_LHBLPN.98850"},{"type":"Feature","geometry":{"type":"MultiPolygon","coordinates":[[[[126.75371182934477,37.550131152983525],[126.75360010317797,37.5501168284496],[126.75357131486807,37.55025915421298],[126.75368304103489,37.550273478719575],[126.75371182934477,37.550131152983525]]]]},"properties":{"blocktype":"보행자전용도로","zonename":"인천계양 테크노밸리 공공주택지구"},"id":"LT_C_LHBLPN.98862"},{"type":"Feature","geometry":{"type":"MultiPolygon","coordinates":[[[[126.74656598099129,37.550017834328536],[126.74651025759587,37.55001036188624],[126.74641348209033,37.55006527491847],[126.74630812857212,37.550125055816125],[126.74629873039761,37.550169480161074],[126.74630721947706,37.55017898877358],[126.74634727266064,37.55022980367285],[126.74636401276597,37.55025770986842],[126.74636422027677,37.55025805599833],[126.74637974675814,37.55028393739527],[126.7464042159682,37.5503406777329],[126.74642243110718,37.5503924148212],[126.74647444805373,37.550540164876615],[126.74652590534983,37.5506863214536],[126.74656705178306,37.550803193663874],[126.74661628305392,37.55082539851559],[126.74673320507638,37.55079997097573],[126.7468411816752,37.55077648986027],[126.7468692351632,37.55073736604658],[126.7468243481451,37.55060652040687],[126.74677140144227,37.550452184061236],[126.74676214250665,37.55042519382756],[126.74671669853304,37.550300350782834],[126.74667352370383,37.55018174072292],[126.7466567045468,37.55014364929075],[126.74665253007564,37.550134194801146],[126.74662499671219,37.550088812522],[126.74659127036317,37.550046162940134],[126.74656598099129,37.550017834328536]]]]},"properties":{"blocktype":"단독주택","zonename":"인천계양 테크노밸리 공공주택지구"},"id":"LT_C_LHBLPN.98863"},{"type":"Feature","geometry":{"type":"MultiPolygon","coordinates":[[[[126.74556766524974,37.549474915147464],[126.7455118744807,37.54946740276705],[126.74543873724352,37.54950878779759],[126.74542930223811,37.54955320681218],[126.74550600848191,37.549639138955854],[126.74560040974013,37.54974489455529],[126.74569481099842,37.54985064929249],[126.74578921225665,37.54995640459181],[126.74588405099448,37.550062649024795],[126.74595874231711,37.55014632218695],[126.7460217717107,37.55015477531838],[126.7460906141025,37.55011571171558],[126.74610001317531,37.5500712880508],[126.74602241400613,37.5499843564708],[126.74592757526828,37.54987811192625],[126.74583317311173,37.54977235722802],[126.74573877185347,37.54966660166754],[126.74564437149353,37.5495608466692],[126.74556766524974,37.549474915147464]]]]},"properties":{"blocktype":"단독주택","zonename":"인천계양 테크노밸리 공공주택지구"},"id":"LT_C_LHBLPN.98864"},{"type":"Feature","geometry":{"type":"MultiPolygon","coordinates":[[[[126.7459089558874,37.54928179445412],[126.74585316691504,37.54927428205425],[126.74575202919044,37.54933151102456],[126.74565089236418,37.54938873995094],[126.74564145735877,37.54943315832486],[126.74571658077103,37.54951731791986],[126.74581197646428,37.54962418758475],[126.74590737215757,37.549731056384154],[126.74600276785085,37.549837925030396],[126.74609816534077,37.54994479494777],[126.74617370646965,37.55002942117069],[126.74622950352688,37.550036902869714],[126.74633054692836,37.549979568322605],[126.74643158853321,37.54992223301916],[126.7464409867077,37.54987780923904],[126.74636566476777,37.549793428555034],[126.74627026637954,37.54968655913283],[126.74617487068625,37.5495796902696],[126.74607947499294,37.54947282196533],[126.74598407929965,37.54936595208343],[126.7459089558874,37.54928179445412]]]]},"properties":{"blocktype":"단독주택","zonename":"인천계양 테크노밸리 공공주택지구"},"id":"LT_C_LHBLPN.98865"},{"type":"Feature","geometry":{"type":"MultiPolygon","coordinates":[[[[126.74609007152006,37.54902969063477],[126.74589523771469,37.54893227618522],[126.74568274123423,37.54875388769651],[126.74562993107534,37.548825093578046],[126.74557791412882,37.54889260940824],[126.745557049858,37.54891190329699],[126.74553145685557,37.54894768636092],[126.74521539091107,37.54926633306831],[126.74521371734969,37.54931732877904],[126.74531379596053,37.549429838716975],[126.7453695759498,37.54943738671166],[126.74609007152006,37.54902969063477]]]]},"properties":{"blocktype":"주차장","zonename":"인천계양 테크노밸리 공공주택지구"},"id":"LT_C_LHBLPN.98888"},{"type":"Feature","geometry":{"type":"MultiPolygon","coordinates":[[[[126.75451653388811,37.54356335925032],[126.75455437002957,37.543497877810985],[126.7544829970836,37.54334419129222],[126.75440075991263,37.54331406379416],[126.75395721314783,37.543444659408685],[126.75407298532667,37.5436939551404],[126.75451653388811,37.54356335925032]]]]},"properties":{"blocktype":"주차장","zonename":"인천계양 테크노밸리 공공주택지구"},"id":"LT_C_LHBLPN.98889"},{"type":"Feature","geometry":{"type":"MultiPolygon","coordinates":[[[[126.75917267178728,37.566509798114325],[126.7590953897234,37.56620050812241],[126.75826143064458,37.566332539710864],[126.75832934148339,37.5666043364216],[126.75838580868387,37.56663437119603],[126.75917267178728,37.566509798114325]]]]},"properties":{"blocktype":"주차장","zonename":"인천계양 테크노밸리 공공주택지구"},"id":"LT_C_LHBLPN.98890"},{"type":"Feature","geometry":{"type":"MultiPolygon","coordinates":[[[[126.75922457734272,37.57041833975085],[126.75921998515499,37.57040337403666],[126.75925776739754,37.570411109301254],[126.75938429510528,37.57038370692342],[126.7599204231416,37.57026766928313],[126.76026126462163,37.570193939875665],[126.76051918890602,37.57013806123681],[126.76134030926282,37.56996033655483],[126.76195764769574,37.569826613954305],[126.76273039377449,37.569659323125],[126.7633284714294,37.56952987992005],[126.76421040503601,37.56933892233697],[126.76424643286879,37.56945013536606],[126.76454132462372,37.56938452216258],[126.76456385796432,37.5693431987236],[126.76452392695163,37.56928305160088],[126.76448183998227,37.569223845008274],[126.76447796734507,37.56921858958695],[126.76447253433422,37.56921127001838],[126.76447144288117,37.56920981108872],[126.7644669072873,37.56920400313859],[126.76446119849366,37.56919674480231],[126.76445545017418,37.56918948931343],[126.76444966502375,37.56918223738394],[126.76444384394071,37.56917498758981],[126.76443798602672,37.56916773921901],[126.7644320948751,37.56916049227154],[126.76442616779084,37.56915324603541],[126.76442020836724,37.56914600122261],[126.76441421750262,37.569138757121095],[126.76440819429864,37.56913151230688],[126.76440214145026,37.569124268203986],[126.76439605716084,37.56911702196432],[126.76438994592195,37.56910977572394],[126.76438380683531,37.56910252734681],[126.76437763990084,37.56909527683287],[126.76437144781363,37.56908802418222],[126.76436522967522,37.5690807679707],[126.76435898728235,37.5690735081984],[126.76435272153321,37.569066244865255],[126.76434643332624,37.5690589772593],[126.76434012355965,37.569051704668475],[126.76433379313188,37.56904442709278],[126.76432744204281,37.56903714239614],[126.76432102896999,37.569029803585146],[126.76431464643989,37.56902251319091],[126.76430824684182,37.56901521567574],[126.76430183017575,37.569007909615586],[126.7642953982383,37.56900059572246],[126.76428895192781,37.56899327328439],[126.76428249214261,37.568985941589276],[126.76427601978098,37.56897859992513],[126.76426953574126,37.56897124829194],[126.76426304002345,37.568963885977674],[126.76425653711908,37.56895651440641],[126.76425002972321,37.56894913785023],[126.76424351963236,37.56894175702121],[126.76423700864318,37.568934373343325],[126.76423049495902,37.568926986104636],[126.76422397947826,37.56891959530507],[126.76421746399753,37.56891219952065],[126.76421094672013,37.56890480017534],[126.76420442854439,37.56889739726919],[126.76419791036872,37.5688899886661],[126.76419139219304,37.568882575790155],[126.76418487491564,37.56887515935333],[126.76417835673993,37.56886773650759],[126.76417183946253,37.56886031010097],[126.76416532308347,37.56885287728539],[126.76415880850105,37.56884544019694],[126.7641567037483,37.56884303498043],[126.7637568070215,37.568914376887506],[126.76335537776882,37.56898606690523],[126.76319976171382,37.569013865681626],[126.76275359995321,37.56909512303625],[126.7625919786606,37.5691245579966],[126.76215578280977,37.56920398533806],[126.76180549374784,37.56926781722711],[126.76143381040916,37.56933868665866],[126.7611849312614,37.56938454850727],[126.76068162586894,37.569479692653175],[126.76036200618917,37.569537365357355],[126.7601055407688,37.569583597332326],[126.75993270400984,37.56961536608963],[126.75976078443075,37.569647037999175],[126.75921592746487,37.56974734392015],[126.75917190462609,37.56975492118554],[126.75904988825766,37.569776944522225],[126.75877700971871,37.56982613120852],[126.7585188428892,37.56987270761904],[126.75834161247016,37.56990465425646],[126.75793551287633,37.56997850570453],[126.7578973668161,37.569985347437076],[126.75758521123801,37.570040324782795],[126.75732965221778,37.570085192230664],[126.75730282043855,37.570090164210086],[126.75712003663443,37.57012371990047],[126.75674720884209,37.57019232859491],[126.756572103837,37.57022444882584],[126.75635386891851,37.57026516585515],[126.75635598714592,37.570274332274536],[126.75658817020587,37.570338151142145],[126.75678902541857,37.57039343581536],[126.75721582668812,37.570516668811344],[126.75742888281901,37.57057981604846],[126.75774844051504,37.570682824913035],[126.75784681232686,37.57071654409777],[126.75807438253777,37.570667275406734],[126.75851615602821,37.57057168350128],[126.75869309269814,37.57053330273679],[126.75922457734272,37.57041833975085]]]]},"properties":{"blocktype":"공원","zonename":"인천계양 테크노밸리 공공주택지구"},"id":"LT_C_LHBLPN.98891"},{"type":"Feature","geometry":{"type":"MultiPolygon","coordinates":[[[[126.75396466646974,37.54279490279507],[126.7539174617982,37.54268763942351],[126.75375439511622,37.54273145422132],[126.75357770548298,37.54278307265558],[126.7533888805086,37.542843045296586],[126.75323446011124,37.54290092737175],[126.75297319589065,37.54300129280626],[126.75282570150415,37.54305216103304],[126.75276396298963,37.54307311531063],[126.75263061078064,37.54312446284589],[126.7525142529002,37.5431692688657],[126.7524150959608,37.543213570572306],[126.75233067139212,37.54325132508156],[126.75225751978189,37.543301627597025],[126.75218856510068,37.54334896562133],[126.75199979222856,37.54346074309836],[126.75181673713323,37.54358830064492],[126.75164294995668,37.54371893993942],[126.75153140794446,37.54381258905694],[126.75137965644184,37.54395165401508],[126.75133246524503,37.54398750427593],[126.75138391984619,37.54409906640524],[126.75118943997707,37.54415650091834],[126.75117977590124,37.54420432344842],[126.75120102285435,37.54424653477234],[126.75113229365026,37.544293511793875],[126.7510363625611,37.54438800421483],[126.7509760793173,37.54444734308058],[126.7508368781775,37.54462274399288],[126.75072847218397,37.54475946697316],[126.75063993063631,37.54487099874489],[126.75072914053052,37.54494801105452],[126.75177903484072,37.54383371620066],[126.75187034589442,37.54374187697185],[126.75193096510813,37.54368702694631],[126.75196752833682,37.54365394155209],[126.75207032255477,37.543570147139626],[126.752178445579,37.54349072167353],[126.75229160994859,37.54341587884782],[126.75237830456003,37.543364363418185],[126.75240950664309,37.543345821672574],[126.75253181676062,37.54328073820007],[126.75265821061944,37.543220806510455],[126.7527883468597,37.543166186876824],[126.7529093121992,37.54312165222988],[126.75292187334182,37.54311702746285],[126.75323062071172,37.543011027410735],[126.75346905065611,37.5429408266885],[126.75396466646974,37.54279490279507]]]]},"properties":{"blocktype":"녹지","zonename":"인천계양 테크노밸리 공공주택지구"},"id":"LT_C_LHBLPN.98925"},{"type":"Feature","geometry":{"type":"MultiPolygon","coordinates":[[[[126.75938915229601,37.56587841343707],[126.75931187023215,37.56556912580801],[126.75871954718494,37.56566290056288],[126.758180713423,37.56574820318844],[126.75813040507214,37.56580813456533],[126.75819519246876,37.56606743457022],[126.75879475234389,37.56597252246667],[126.75938915229601,37.56587841343707]]]]},"properties":{"blocktype":"지원시설","zonename":"인천계양 테크노밸리 공공주택지구"},"id":"LT_C_LHBLPN.98938"},{"type":"Feature","geometry":{"type":"MultiPolygon","coordinates":[[[[126.75791524059528,37.54329815956438],[126.7578124436824,37.543260503371826],[126.75761685798714,37.543318097366694],[126.75806109196314,37.54427456286739],[126.75867528449594,37.5455969169993],[126.75869325619152,37.54563589393959],[126.75893490120632,37.545564736293265],[126.75896327718951,37.54551562404474],[126.75865462144776,37.54485110409301],[126.75860023294891,37.54474986009049],[126.75852400460882,37.54453092496701],[126.75816882961011,37.54376622712802],[126.75807811773275,37.54364884458666],[126.75791524059528,37.54329815956438]]]]},"properties":{"blocktype":"녹지","zonename":"인천계양 테크노밸리 공공주택지구"},"id":"LT_C_LHBLPN.101294"},{"type":"Feature","geometry":{"type":"MultiPolygon","coordinates":[[[[126.76492544154428,37.56414737595016],[126.76483046805917,37.563767397304446],[126.76406269325722,37.563888993530234],[126.76414516938009,37.56421898581976],[126.764220459879,37.564259027531456],[126.76492544154428,37.56414737595016]]]]},"properties":{"blocktype":"주차장","zonename":"인천계양 테크노밸리 공공주택지구"},"id":"LT_C_LHBLPN.101295"},{"type":"Feature","geometry":{"type":"MultiPolygon","coordinates":[[[[126.76140039577554,37.555774782337295],[126.76146675252896,37.55544657789197],[126.7614336064916,37.555410065143526],[126.76118531214706,37.55537824831119],[126.76113027686117,37.555409913455115],[126.76112588589608,37.55543163267093],[126.76112911713615,37.555476609331066],[126.76123169845341,37.55576731118436],[126.76127393094983,37.55579729406809],[126.76134536048967,37.555806448024825],[126.76140039577554,37.555774782337295]]]]},"properties":{"blocktype":"주차장","zonename":"인천계양 테크노밸리 공공주택지구"},"id":"LT_C_LHBLPN.101326"},{"type":"Feature","geometry":{"type":"MultiPolygon","coordinates":[[[[126.75218398638768,37.551699308510095],[126.75194306182173,37.55129008718401],[126.75189434708219,37.551304128752456],[126.75165594139229,37.55137988523325],[126.75149710218209,37.551435170444144],[126.75177586019453,37.55182943719615],[126.75179680711034,37.55182192505304],[126.75200428021172,37.55175351095953],[126.75218398638768,37.551699308510095]]]]},"properties":{"blocktype":"주차장","zonename":"인천계양 테크노밸리 공공주택지구"},"id":"LT_C_LHBLPN.101335"},{"type":"Feature","geometry":{"type":"MultiPolygon","coordinates":[[[[126.76292651845891,37.567138731582105],[126.76285416904422,37.56705245932502],[126.76277279066267,37.566887440089005],[126.762695497819,37.566721179394555],[126.76261674700959,37.566685601389125],[126.76220615583931,37.56675061885326],[126.7621558492851,37.56681055155979],[126.76226408280212,37.567243630685375],[126.76292651845891,37.567138731582105]]]]},"properties":{"blocktype":"주유소용지","zonename":"인천계양 테크노밸리 공공주택지구"},"id":"LT_C_LHBLPN.101346"},{"type":"Feature","geometry":{"type":"MultiPolygon","coordinates":[[[[126.75885436634277,37.54357329392797],[126.75859924300545,37.54302400854334],[126.75839039188843,37.543085509521966],[126.75834310097864,37.54316736354558],[126.7585704699669,37.54365689531323],[126.75885436634277,37.54357329392797]]]]},"properties":{"blocktype":"주유소용지","zonename":"인천계양 테크노밸리 공공주택지구"},"id":"LT_C_LHBLPN.101360"},{"type":"Feature","geometry":{"type":"MultiPolygon","coordinates":[[[[126.75623002537682,37.54708194937666],[126.7560206891695,37.54705511247695],[126.75503301666747,37.546928487477786],[126.75478115421461,37.54817383691508],[126.75597818448352,37.548327301235666],[126.75623002537682,37.54708194937666]]]]},"properties":{"blocktype":"교육시설","zonename":"인천계양 테크노밸리 공공주택지구"},"id":"LT_C_LHBLPN.101369"},{"type":"Feature","geometry":{"type":"MultiPolygon","coordinates":[[[[126.76647414158568,37.5574051728099],[126.76646511531372,37.557383985420785],[126.76623598293251,37.55745170144037],[126.766199659554,37.55749737619517],[126.76634295790981,37.558813167848896],[126.76644611414883,37.55976033374604],[126.7667812971409,37.5596723972848],[126.76674004201148,37.55926609098955],[126.76668219949033,37.55926152561769],[126.76667132807879,37.5592236987486],[126.76675700669563,37.55920832559131],[126.7667194849645,37.559140334866875],[126.76667380653063,37.55869733294183],[126.76666037132726,37.558567058869045],[126.76661748934883,37.55843963662234],[126.76655709201903,37.55826013789889],[126.7665962397008,37.55824923241586],[126.76658396332414,37.55813943047725],[126.76654881314536,37.557826580695036],[126.76652659601176,37.55764548176095],[126.76651603272232,37.55758850842071],[126.76649600837632,37.557495351603045],[126.76648085649246,37.557422088107195],[126.76647886223249,37.55741555215015],[126.76647660207125,37.55741088055704],[126.76647414158568,37.5574051728099]]]]},"properties":{"blocktype":"녹지","zonename":"인천계양 테크노밸리 공공주택지구"},"id":"LT_C_LHBLPN.101447"},{"type":"Feature","geometry":{"type":"MultiPolygon","coordinates":[[[[126.75385311457607,37.55343840143743],[126.75385174284864,37.55343839431571],[126.75382867860371,37.55343505636979],[126.75380667886236,37.55342861122095],[126.75378639939488,37.553419249730304],[126.75376844386896,37.55340725035573],[126.75375334857891,37.553392972742586],[126.75374156178408,37.55337683991954],[126.75373343472567,37.55335933473789],[126.75372921084723,37.55334097637007],[126.7537290150145,37.55332231461237],[126.75373285351571,37.553303902822485],[126.75374061136651,37.55328629151],[126.75375205859817,37.55327000483456],[126.75376685205427,37.553255527786725],[126.75378455425525,37.553243291232214],[126.75380463519512,37.553233661941206],[126.75382649569755,37.55322692478397],[126.75384948628063,37.55322328130632],[126.75387292152976,37.55322283975896],[126.75389610345397,37.553225613673305],[126.75489108914077,37.55335317801212],[126.75495641552655,37.55329096478602],[126.75473986405092,37.5528002250493],[126.75467919902316,37.55265303639786],[126.75462626759165,37.55250396730054],[126.75458116048628,37.552353276267915],[126.7545439558605,37.55220122466127],[126.75448352349636,37.55206637484333],[126.75446664145723,37.55195391090419],[126.75445419080741,37.55184284624148],[126.75444916832667,37.551775528222954],[126.75431967258518,37.5517822434336],[126.75419097364937,37.55179200893983],[126.75398558374113,37.55180961775666],[126.7537619400663,37.55183177886518],[126.75353934113215,37.551859824761586],[126.75331802948381,37.55189372410313],[126.75309825036135,37.55193343913594],[126.75288024361494,37.55197892783181],[126.75266424729813,37.55203013819071],[126.7524505003628,37.55208701607486],[126.75223923637091,37.552149498086955],[126.75203068708784,37.5522175151312],[126.75182507978724,37.552290994549814],[126.751314233038,37.55248171095977],[126.7513247927342,37.55249789382916],[126.75141819326922,37.552648942083074],[126.75152380101063,37.55281814698584],[126.75163303525088,37.55299828980545],[126.75172165674861,37.5531437621481],[126.75184487057129,37.55334530139054],[126.75185444391728,37.553360812494454],[126.75381810273782,37.55361259471909],[126.75385311457607,37.55343840143743]]]]},"properties":{"blocktype":"공동주택","zonename":"인천계양 테크노밸리 공공주택지구"},"id":"LT_C_LHBLPN.111132"},{"type":"Feature","geometry":{"type":"MultiPolygon","coordinates":[[[[126.76617025859308,37.55723084667853],[126.76607183827223,37.55625636282912],[126.76473780234606,37.5560854694015],[126.7640811482464,37.556262354097626],[126.76446785860318,37.5571722279885],[126.76455443014544,37.55729158320975],[126.76468573868716,37.557600525637426],[126.76478791306755,37.557639274828],[126.76617025859308,37.55723084667853]]]]},"properties":{"blocktype":"공동주택","zonename":"인천계양 테크노밸리 공공주택지구"},"id":"LT_C_LHBLPN.111194"},{"type":"Feature","geometry":{"type":"MultiPolygon","coordinates":[[[[126.75939425293022,37.55022542291982],[126.7578163127263,37.55052900258438],[126.75769599597044,37.55112400961338],[126.75770253211245,37.55126173696725],[126.7576524366623,37.55150947107642],[126.75771872155048,37.55158249752887],[126.75844055111894,37.551675018632515],[126.75860304018414,37.551704788082034],[126.7588331086099,37.551714580661546],[126.75894553186936,37.55173517854708],[126.75942177461557,37.55179621511499],[126.75939425293022,37.55022542291982]]]]},"properties":{"blocktype":"주상복합","zonename":"인천계양 테크노밸리 공공주택지구"},"id":"LT_C_LHBLPN.111195"},{"type":"Feature","geometry":{"type":"MultiPolygon","coordinates":[[[[126.7661413022982,37.563954801697406],[126.76619702659191,37.563897986988955],[126.76617697170319,37.56362147644461],[126.76613142262669,37.56348914026748],[126.76610474805265,37.563225225570555],[126.76603226029742,37.56318203022206],[126.76403052189195,37.56349907015299],[126.76398021893098,37.56355900262727],[126.76406269325722,37.563888993530234],[126.76483046805917,37.563767397304446],[126.76492544154428,37.56414737595016],[126.7661413022982,37.563954801697406]]]]},"properties":{"blocktype":"산업용지","zonename":"인천계양 테크노밸리 공공주택지구"},"id":"LT_C_LHBLPN.113812"},{"type":"Feature","geometry":{"type":"MultiPolygon","coordinates":[[[[126.76644611414883,37.55976033374604],[126.76634295790981,37.558813167848896],[126.765356434353,37.55907732818877],[126.76531594907978,37.55914179969068],[126.76543398950471,37.55943650783981],[126.76554569231536,37.559732777194675],[126.76563108616627,37.55997415463512],[126.76644611414883,37.55976033374604]]]]},"properties":{"blocktype":"산업용지","zonename":"인천계양 테크노밸리 공공주택지구"},"id":"LT_C_LHBLPN.113820"},{"type":"Feature","geometry":{"type":"MultiPolygon","coordinates":[[[[126.76279043087989,37.55255418808133],[126.7626035938772,37.55257189642321],[126.76241655924514,37.55258384964064],[126.76222904760772,37.55258930422126],[126.76204141559599,37.55258824948388],[126.76185402073953,37.552580686852515],[126.76166721607618,37.55256663270538],[126.76148135913547,37.552546112677206],[126.76026971866676,37.55239084240553],[126.76027807479556,37.55286742320882],[126.76024682240683,37.55300261270931],[126.76025766776723,37.55324710990344],[126.76027256363128,37.55343629269882],[126.7629863687147,37.55378671352809],[126.76294472281813,37.55357029896549],[126.76290640787462,37.553337916166875],[126.76287437664655,37.55310493299289],[126.76284864440524,37.55287145341575],[126.76280279618977,37.552738413029886],[126.76279043087989,37.55255418808133]]]]},"properties":{"blocktype":"공동주택","zonename":"인천계양 테크노밸리 공공주택지구"},"id":"LT_C_LHBLPN.113935"},{"type":"Feature","geometry":{"type":"MultiPolygon","coordinates":[[[[126.75196142787773,37.55017136607277],[126.75182216834743,37.55015350831019],[126.75177630575891,37.5501798925582],[126.75175387572457,37.550290768116874],[126.75172508471972,37.55043309283593],[126.75190384496969,37.550456014982885],[126.75208260611797,37.55047893783501],[126.75211139712282,37.55033661249131],[126.75213382536052,37.55022573771301],[126.75210068561135,37.55018922240663],[126.75196142787773,37.55017136607277]]]]},"properties":{"blocktype":"단독주택","zonename":"인천계양 테크노밸리 공공주택지구"},"id":"LT_C_LHBLPN.113939"},{"type":"Feature","geometry":{"type":"MultiPolygon","coordinates":[[[[126.76647882629993,37.55696265123132],[126.76645529043945,37.55670771059091],[126.7664172360074,37.556730880769024],[126.76642054090932,37.55676665509401],[126.76629611346272,37.5568767289559],[126.76631492508304,37.55690505709683],[126.76643785144485,37.55700801365777],[126.7664821590496,37.55703978065677],[126.76647882629993,37.55696265123132]]]]},"properties":{"blocktype":"녹지","zonename":"인천계양 테크노밸리 공공주택지구"},"id":"LT_C_LHBLPN.113944"},{"type":"Feature","geometry":{"type":"MultiPolygon","coordinates":[[[[126.75553112261106,37.55383221106314],[126.75540397776068,37.55381591168799],[126.75566010002457,37.55439630455261],[126.75578724487494,37.55441260380081],[126.75673428927166,37.55453400663101],[126.75798569546303,37.55469440995333],[126.75932649211003,37.55486625658907],[126.7597295598898,37.554917913622845],[126.76009270653836,37.55496445306439],[126.76005276294924,37.55482997215892],[126.75998667838539,37.55457620712033],[126.759946762644,37.554398194630345],[126.75959194697144,37.55435272165433],[126.75708512900081,37.554031418950785],[126.75697339744409,37.554017096590776],[126.75675216844076,37.553988738153194],[126.75653094033575,37.553960380417],[126.7563097122307,37.55393202053351],[126.7560884832274,37.55390366135139],[126.75586725691898,37.55387530287064],[126.75553112261106,37.55383221106314]]]]},"properties":{"blocktype":"공원","zonename":"인천계양 테크노밸리 공공주택지구"},"id":"LT_C_LHBLPN.113951"},{"type":"Feature","geometry":{"type":"MultiPolygon","coordinates":[[[[126.76408594165677,37.5648131486939],[126.76399759863678,37.56445967938412],[126.76378040217077,37.56359064791696],[126.76370511257015,37.56355060513393],[126.76312449636774,37.56364255524902],[126.76296460702694,37.56369543666084],[126.76251481247937,37.56376666600614],[126.76244396774278,37.563836933986565],[126.7624446567506,37.563862036645915],[126.76245539610983,37.56410183558055],[126.76247444129216,37.56434130761666],[126.7625340813422,37.5645143012154],[126.76254908859734,37.5645890915245],[126.76322632669343,37.56494928278907],[126.76408594165677,37.5648131486939]]]]},"properties":{"blocktype":"산업용지","zonename":"인천계양 테크노밸리 공공주택지구"},"id":"LT_C_LHBLPN.113952"},{"type":"Feature","geometry":{"type":"MultiPolygon","coordinates":[[[[126.75938313627859,37.56539247824708],[126.75910492534014,37.5642790394784],[126.75899391333395,37.5642966161498],[126.75927212337407,37.5654100546558],[126.75938313627859,37.56539247824708]]]]},"properties":{"blocktype":"보행자전용도로","zonename":"인천계양 테크노밸리 공공주택지구"},"id":"LT_C_LHBLPN.113966"},{"type":"Feature","geometry":{"type":"MultiPolygon","coordinates":[[[[126.75392983249797,37.55362692000547],[126.75397619454978,37.55339772292645],[126.75395901965986,37.55340830650587],[126.75394085662313,37.55342010504796],[126.75392041545886,37.553429240780254],[126.75389830522475,37.553435442366535],[126.75387518438596,37.553438523930865],[126.75385311457607,37.55343840286179],[126.75381810273782,37.55361259471909],[126.75392983249797,37.55362692000547]]]]},"properties":{"blocktype":"보행자전용도로","zonename":"인천계양 테크노밸리 공공주택지구"},"id":"LT_C_LHBLPN.113968"},{"type":"Feature","geometry":{"type":"MultiPolygon","coordinates":[[[[126.76219747002881,37.555234169742576],[126.76208573577716,37.55521985188667],[126.76207134835957,37.55529101598316],[126.76218308261123,37.5553053338254],[126.76219747002881,37.555234169742576]]]]},"properties":{"blocktype":"보행자전용도로","zonename":"인천계양 테크노밸리 공공주택지구"},"id":"LT_C_LHBLPN.113969"},{"type":"Feature","geometry":{"type":"MultiPolygon","coordinates":[[[[126.76100973822142,37.566218929542565],[126.76093244897099,37.5659096419032],[126.7608214351682,37.565927219614],[126.76089872352028,37.56623650718034],[126.76100973822142,37.566218929542565]]]]},"properties":{"blocktype":"보행자전용도로","zonename":"인천계양 테크노밸리 공공주택지구"},"id":"LT_C_LHBLPN.113970"},{"type":"Feature","geometry":{"type":"MultiPolygon","coordinates":[[[[126.76548259644645,37.560297706180314],[126.76481366237685,37.56047319227484],[126.76438466203145,37.56087032939671],[126.7623753912523,37.56139823221953],[126.7623801110008,37.56150933106353],[126.76241976173918,37.56295458861462],[126.7624574155226,37.5630891153838],[126.76246797611707,37.56347404926],[126.76255624906848,37.5635304420315],[126.76542817740481,37.5630756065348],[126.76558806584731,37.563022721834656],[126.76602222252247,37.56295395628746],[126.7660759211152,37.56289592315777],[126.76603063524509,37.562583433723226],[126.76597846468663,37.56227162088448],[126.76591942920284,37.56196058647881],[126.76585354406491,37.561650423800195],[126.76578083173091,37.56134122970443],[126.7657013128619,37.56103309962491],[126.7656150135092,37.56072612757216],[126.76553737481413,37.56060209292944],[126.76549979918413,37.56047986112708],[126.76548259644645,37.560297706180314]]]]},"properties":{"blocktype":"산업용지","zonename":"인천계양 테크노밸리 공공주택지구"},"id":"LT_C_LHBLPN.113993"},{"type":"Feature","geometry":{"type":"MultiPolygon","coordinates":[[[[126.75680655334637,37.56663057670835],[126.75680117064118,37.566565163242096],[126.75660456176485,37.56659484485787],[126.75636039787399,37.567336916298075],[126.75631352108753,37.56749358661998],[126.75627548552008,37.567651768975175],[126.75624636483353,37.56781114578706],[126.75622621831663,37.56797139805751],[126.7562183930922,37.568084440200295],[126.75621508639364,37.5681322082152],[126.7562129924207,37.56829325299531],[126.75621540260062,37.56845324077834],[126.75621928871253,37.5685178059865],[126.75622897883949,37.568581982372336],[126.75624442716743,37.56864544026892],[126.75639238508462,37.56915470140608],[126.75738761870646,37.56897368269723],[126.75726077928326,37.56846602096012],[126.75712941145277,37.567940228130354],[126.75682142046432,37.56670748749675],[126.75680655334637,37.56663057670835]]]]},"properties":{"blocktype":"산업용지","zonename":"인천계양 테크노밸리 공공주택지구"},"id":"LT_C_LHBLPN.113994"},{"type":"Feature","geometry":{"type":"MultiPolygon","coordinates":[[[[126.76131045555097,37.56727827850161],[126.76121770539622,37.566907135183065],[126.760819884676,37.566970125983055],[126.76042206485413,37.56703311530564],[126.76051481141563,37.56740425870858],[126.76060755797714,37.567775404534395],[126.76100538318892,37.567712415127446],[126.76140320660409,37.56764942424314],[126.76131045555097,37.56727827850161]]]]},"properties":{"blocktype":"산업용지","zonename":"인천계양 테크노밸리 공공주택지구"},"id":"LT_C_LHBLPN.113995"},{"type":"Feature","geometry":{"type":"MultiPolygon","coordinates":[[[[126.75098286519099,37.55203224910566],[126.74943353273558,37.55023332052498],[126.7493646615977,37.55014710560972],[126.74930343871614,37.550057308924],[126.74925015784001,37.549964357777405],[126.7492050722942,37.5498686972864],[126.74916839677613,37.54977078467691],[126.74914030735549,37.54967108714785],[126.74912093967797,37.5495700840081],[126.74911038447338,37.54946825599347],[126.74910869204741,37.54936609025217],[126.74911587138314,37.549264076783984],[126.74912903260038,37.5491807751182],[126.74864830726092,37.54911677075613],[126.74870690706183,37.548827143333256],[126.74876550686277,37.54853751549718],[126.74839091388087,37.548489468549256],[126.74823360090832,37.5484692906879],[126.74817057510796,37.54857582996203],[126.74811326169451,37.548672712139435],[126.74812964157542,37.54884943281503],[126.74808478689667,37.54889546823724],[126.74800692272446,37.548931431499234],[126.74803526636826,37.54925188658008],[126.74807292374499,37.54936053715064],[126.74816819008089,37.54953400211545],[126.74818478735408,37.54957890684084],[126.74820970392511,37.549673654654306],[126.74835224500113,37.54982190182966],[126.7483419862406,37.54984404501187],[126.7483186363314,37.54988458729473],[126.74832466043372,37.54989159824079],[126.7483985369844,37.5499780563132],[126.74850372521256,37.55010186720348],[126.74858817134084,37.550200320651584],[126.74860017912125,37.55021459246653],[126.74865954608343,37.550285153122736],[126.74872318183984,37.55036062860788],[126.74880369514382,37.550453000242015],[126.74887686472032,37.55054003881741],[126.74896304549544,37.55063955072491],[126.74904761559121,37.55073820501452],[126.74914143024962,37.55084901706943],[126.74921552239596,37.55093487507525],[126.7492910105242,37.55102404041186],[126.74935926362113,37.551102835394495],[126.74943453525545,37.5511902848583],[126.74950901188072,37.55127677133631],[126.74956998682723,37.5513488386954],[126.74963940324253,37.55143054120756],[126.74977161099783,37.55158811741059],[126.74985017675426,37.55168088421206],[126.74995723976646,37.55164613726977],[126.75007352488333,37.55178382520067],[126.75008622795977,37.55179887085942],[126.74997919638867,37.55183360633552],[126.74997960332547,37.551834087773535],[126.75006338649706,37.55193332518625],[126.75019636680351,37.55208073817269],[126.7503765329169,37.552269265160305],[126.75046445103375,37.55228646507188],[126.75095909936181,37.55210180101309],[126.75098286519099,37.55203224910566]]]]},"properties":{"blocktype":"공원","zonename":"인천계양 테크노밸리 공공주택지구"},"id":"LT_C_LHBLPN.113996"},{"type":"Feature","geometry":{"type":"MultiPolygon","coordinates":[[[[126.74648949393642,37.549088641923035],[126.7464934195742,37.549088948174514],[126.74640848206747,37.548847623076874],[126.74633979688086,37.54865259913941],[126.74621102248656,37.54829067104398],[126.74615314852436,37.548127979814865],[126.74613602214347,37.548089254167614],[126.74613089276322,37.548074821695685],[126.74612460455621,37.54808577923542],[126.74603223528712,37.54826118440683],[126.74599967764628,37.54831805733277],[126.74594864704994,37.54838309011326],[126.74586566517557,37.5484931029995],[126.74578835795884,37.548598263386864],[126.74569128690757,37.548724644108255],[126.74567464202366,37.54874708817155],[126.74568274123423,37.54875388769651],[126.74589523771469,37.54893227618522],[126.74609007152006,37.54902969063477],[126.74614740200148,37.549058354362],[126.7462045492266,37.54907544818265],[126.7463071961209,37.54910615309328],[126.74637023180267,37.549108478466984],[126.74648949393642,37.549088641923035]]]]},"properties":{"blocktype":"공원","zonename":"인천계양 테크노밸리 공공주택지구"},"id":"LT_C_LHBLPN.113997"},{"type":"Feature","geometry":{"type":"MultiPolygon","coordinates":[[[[126.74526490784616,37.552527611673106],[126.7453296853613,37.55252698994014],[126.74539412690652,37.552532266480014],[126.7469179651741,37.55272774389395],[126.74698966151358,37.55273429023265],[126.74706180790899,37.55273561417118],[126.74713380698068,37.55273170573933],[126.74720506045068,37.55272259698429],[126.74727497722759,37.55270836268287],[126.74734297610135,37.55268912247803],[126.74773218197797,37.55256282112108],[126.74772415283594,37.55249467121432],[126.74769310256818,37.552425049879794],[126.74769066094723,37.552417386102206],[126.74767912927393,37.55238544478485],[126.74740233857196,37.55247526715284],[126.7472575463178,37.552522253232226],[126.7471990839591,37.55253831858319],[126.74713876837602,37.552549208521896],[126.74707732001731,37.552554792009566],[126.74701547370498,37.55255500352687],[126.74695396695576,37.55254984022517],[126.74543013317972,37.55235436234463],[126.74535124133486,37.55234744777471],[126.74527187607781,37.55234685310315],[126.74519283511259,37.55235258473974],[126.74511491075329,37.55236458357192],[126.7450388863308,37.5523827299503],[126.74496552271818,37.55240684297637],[126.74489555922888,37.552436678366384],[126.74482969565058,37.55247193842211],[126.74451787244918,37.55265758579453],[126.74439900557414,37.55272835494256],[126.744566123658,37.55285386906377],[126.74465778056307,37.55279929993115],[126.74496524244378,37.552616248804],[126.74501925904013,37.55258777588469],[126.74507700903482,37.55256440572034],[126.74513773604632,37.552546443840704],[126.74520064326904,37.55253412455694],[126.74526490784616,37.552527611673106]]]]},"properties":{"blocktype":"하천","zonename":"인천계양 테크노밸리 공공주택지구"},"id":"LT_C_LHBLPN.113998"},{"type":"Feature","geometry":{"type":"MultiPolygon","coordinates":[[[[126.76587704039949,37.553717127584655],[126.7658727967581,37.553706529805694],[126.76586775181943,37.553719548957226],[126.76582356818218,37.55374257976732],[126.76568353969401,37.55386258499299],[126.76565306344972,37.553945506114545],[126.76567283447078,37.554028707737],[126.76581593789219,37.554119541534654],[126.76607641968015,37.55421434909497],[126.7660702617289,37.55419961941242],[126.7658763244422,37.55371741672503],[126.76587704039949,37.553717127584655]]]]},"properties":{"blocktype":"공원","zonename":"인천계양 테크노밸리 공공주택지구"},"id":"LT_C_LHBLPN.113999"},{"type":"Feature","geometry":{"type":"MultiPolygon","coordinates":[[[[126.76484174011938,37.56496904532928],[126.7654203701467,37.56487740232594],[126.76622495611241,37.5647499666612],[126.76622502618099,37.56473866906923],[126.76622136105463,37.564474940375625],[126.76574057642635,37.564551090768155],[126.76522603670297,37.56463258512409],[126.76471149608128,37.56471407725467],[126.76419695276462,37.56479556787197],[126.76408594165677,37.5648131486939],[126.76322632669343,37.56494928278907],[126.76254908859734,37.5645890915245],[126.76257134346018,37.56469999477718],[126.7625851838038,37.56478825427732],[126.76259152950294,37.565014160068685],[126.76263266515643,37.56520892472344],[126.76267935688995,37.565402894213655],[126.7627315786524,37.565595968857906],[126.76282666622349,37.565854351765765],[126.76283379166037,37.56587569766998],[126.76309238878285,37.565567614826975],[126.76422950142232,37.56538753514841],[126.76434051342851,37.56536995446205],[126.7642632116017,37.56506066970631],[126.76484174011938,37.56496904532928]]]]},"properties":{"blocktype":"공원","zonename":"인천계양 테크노밸리 공공주택지구"},"id":"LT_C_LHBLPN.114025"},{"type":"Feature","geometry":{"type":"MultiPolygon","coordinates":[[[[126.75124263641155,37.55237583318752],[126.75123274775687,37.55236286222959],[126.75063399097564,37.552586394969225],[126.75065071401295,37.55261151779921],[126.75076577023452,37.55279641846218],[126.75082295788386,37.55289366548519],[126.75087256554879,37.55297890439166],[126.75093122463853,37.55307829980709],[126.75099491429387,37.55318022900351],[126.75105704267723,37.55327909999141],[126.75113517275075,37.55339798144466],[126.75123903686219,37.5535790059532],[126.7512965119724,37.55367157015714],[126.751390666194,37.553820326414034],[126.751410639336,37.55385286818546],[126.75146295272657,37.553938103146166],[126.75154493657264,37.55407350649044],[126.75162434494882,37.55420219958187],[126.75168733751148,37.55430542266521],[126.75176987651642,37.55444225892319],[126.75187132326147,37.55460274149273],[126.75194930421463,37.5547295941642],[126.75196734148729,37.55475998553227],[126.75198723198423,37.55479630133143],[126.75200140200954,37.55482529684296],[126.75202339546266,37.55487073392274],[126.75203375932608,37.55489795755836],[126.75203501606916,37.55490125698228],[126.75204837401743,37.55494395648546],[126.75206110404332,37.55499993838984],[126.75206267070519,37.55500806765193],[126.7520683022437,37.55503730378972],[126.75214973362586,37.555666832614776],[126.75222717379329,37.55628941841679],[126.75292031296821,37.55637828964142],[126.7529136663334,37.55632301237031],[126.75288389526658,37.556099161115064],[126.75285514288926,37.55588130760796],[126.75284375494641,37.55579268148187],[126.7528287027755,37.5556725753904],[126.75280888144876,37.555523359220444],[126.75279759591383,37.55544123675261],[126.75276849588856,37.555222639969735],[126.75275639378502,37.55513229747918],[126.75275609823933,37.55513004279678],[126.75274386947333,37.55503668777495],[126.75271836899738,37.554897068786275],[126.75270085813756,37.55483736221988],[126.75266477550753,37.554729431792005],[126.75263346742321,37.55465442861988],[126.75259757433774,37.55458237727608],[126.75256904025105,37.554531393713695],[126.75254578466496,37.55449043307136],[126.75237157438193,37.554201894063596],[126.75226099985528,37.55401929931879],[126.75222195188654,37.55395549994261],[126.75213061208675,37.55380626039378],[126.75198444541023,37.55357145695361],[126.75185444391728,37.553360812494454],[126.75184487057129,37.55334530139054],[126.75172165674861,37.5531437621481],[126.75163303525088,37.55299828980545],[126.75152380101063,37.55281814698584],[126.75141819326922,37.552648942083074],[126.7513247927342,37.55249789382916],[126.751314233038,37.55248171095977],[126.75128440088572,37.552435998233875],[126.75124263641155,37.55237583318752]]]]},"properties":{"blocktype":"공원","zonename":"인천계양 테크노밸리 공공주택지구"},"id":"LT_C_LHBLPN.114026"},{"type":"Feature","geometry":{"type":"MultiPolygon","coordinates":[[[[126.76437763001942,37.566241387562414],[126.76442793387868,37.56618145439795],[126.76422950142232,37.56538753514841],[126.76309238878285,37.565567614826975],[126.76283379166037,37.56587569766998],[126.76285616420247,37.565942720266214],[126.7629345628723,37.56606546076655],[126.76299776474242,37.566233595612914],[126.76306524259329,37.56640067482586],[126.76314358916079,37.56643681548437],[126.76437763001942,37.566241387562414]]]]},"properties":{"blocktype":"산업용지","zonename":"인천계양 테크노밸리 공공주택지구"},"id":"LT_C_LHBLPN.114047"},{"type":"Feature","geometry":{"type":"MultiPolygon","coordinates":[[[[126.76343244423707,37.555392642337],[126.76219747002881,37.555234169742576],[126.76218308261123,37.5553053338254],[126.76200860822348,37.55616834389663],[126.76206164116459,37.5562267632638],[126.76343870369793,37.556403206096014],[126.76358805669875,37.5556643870924],[126.76354861167465,37.555571575398794],[126.76345915564201,37.55545844091716],[126.76343244423707,37.555392642337]]]]},"properties":{"blocktype":"교육시설","zonename":"인천계양 테크노밸리 공공주택지구"},"id":"LT_C_LHBLPN.114048"},{"type":"Feature","geometry":{"type":"MultiPolygon","coordinates":[[[[126.76686879484619,37.56533008993772],[126.76687171167592,37.56528169493902],[126.76689163451229,37.56464437049597],[126.76642794841713,37.56471781487491],[126.76642886200378,37.56480817565015],[126.7664249839767,37.565128259835106],[126.76641556603927,37.56540250685478],[126.76686879484619,37.56533008993772]]]]},"properties":{"blocktype":"산업용지","zonename":"인천계양 테크노밸리 공공주택지구"},"id":"LT_C_LHBLPN.114051"},{"type":"Feature","geometry":{"type":"MultiPolygon","coordinates":[[[[126.76539410340781,37.56003632525212],[126.76536899010571,37.5599621484828],[126.76528411368443,37.55972698274782],[126.76519521281064,37.5594927612448],[126.76510230275572,37.55925952742177],[126.76499047687592,37.55899216106052],[126.76474973197304,37.55842574950487],[126.76466315773584,37.558306393963925],[126.76454192110509,37.55802115050199],[126.7644397467247,37.55798240079789],[126.7630549649681,37.55839152128495],[126.76244816018023,37.55857078896436],[126.76230081221915,37.55864315049728],[126.7618633892696,37.55877237548411],[126.76181205234775,37.558852671967465],[126.76196316514823,37.55928087236717],[126.76204443124038,37.55952422667288],[126.76211707709909,37.559769302067195],[126.76219700739645,37.55994021980327],[126.76222994322804,37.56007664479756],[126.76226022543625,37.56021345906421],[126.76227015451508,37.560440387067494],[126.76230499836834,37.56065321475881],[126.76232990505792,37.560840182634855],[126.76539410340781,37.56003632525212]]]]},"properties":{"blocktype":"복합용지","zonename":"인천계양 테크노밸리 공공주택지구"},"id":"LT_C_LHBLPN.114052"},{"type":"Feature","geometry":{"type":"MultiPolygon","coordinates":[[[[126.74552716829841,37.55404431056795],[126.74575845753462,37.55394870658951],[126.74556296167094,37.553590586544395],[126.7453658910605,37.55365299465467],[126.74525743386297,37.55368734113468],[126.7452754361013,37.55373923186466],[126.74532331989919,37.553934941127714],[126.74534397755747,37.554016886501955],[126.74534455517419,37.55401906644066],[126.74544337255041,37.55406523469339],[126.74552716829841,37.55404431056795]]]]},"properties":{"blocktype":"공원","zonename":"인천계양 테크노밸리 공공주택지구"},"id":"LT_C_LHBLPN.114053"},{"type":"Feature","geometry":{"type":"MultiPolygon","coordinates":[[[[126.75906123397968,37.56708321521599],[126.75895745430985,37.56666788572062],[126.7584313164378,37.56675118279197],[126.75838100629034,37.56681111407397],[126.75845980111717,37.56712646740178],[126.75853509071776,37.567166513959],[126.75906123397968,37.56708321521599]]]]},"properties":{"blocktype":"산업용지","zonename":"인천계양 테크노밸리 공공주택지구"},"id":"LT_C_LHBLPN.114054"},{"type":"Feature","geometry":{"type":"MultiPolygon","coordinates":[[[[126.76641526600197,37.55630035409673],[126.76607183827223,37.55625636282912],[126.76617025859308,37.55723084667853],[126.7664022027011,37.55716231363881],[126.76638463614573,37.55712408334726],[126.76649169556465,37.55706411721114],[126.76648973544069,37.55704521212293],[126.7664821590496,37.55703978065677],[126.76643785144485,37.55700801365777],[126.76631492508304,37.55690505709683],[126.76629611346272,37.5568767289559],[126.76642054090932,37.55676665509401],[126.7664172360074,37.556730880769024],[126.76645529043945,37.55670771059091],[126.76641526600197,37.55630035409673]]]]},"properties":{"blocktype":"녹지","zonename":"인천계양 테크노밸리 공공주택지구"},"id":"LT_C_LHBLPN.114056"},{"type":"Feature","geometry":{"type":"MultiPolygon","coordinates":[[[[126.7610402701613,37.55868109444897],[126.76097992223886,37.55851008124859],[126.76080432405865,37.55855596899129],[126.76063635796514,37.55859986276486],[126.7604709385955,37.55864309067909],[126.76034280290337,37.558676574616975],[126.76031726469813,37.55871677597408],[126.7603787175484,37.55886581270443],[126.76054377220207,37.55881972647116],[126.76070809742373,37.55877384387576],[126.76087495230125,37.558727254116384],[126.7610402701613,37.55868109444897]]]]},"properties":{"blocktype":"단독주택","zonename":"인천계양 테크노밸리 공공주택지구"},"id":"LT_C_LHBLPN.114057"},{"type":"Feature","geometry":{"type":"MultiPolygon","coordinates":[[[[126.74832466043372,37.54989159824079],[126.7483186363314,37.54988458729473],[126.74831705709317,37.54988732928407],[126.7483184827195,37.54990111757184],[126.7482704578861,37.550014630835946],[126.74829081730371,37.55011882973951],[126.74831491820446,37.5502542108225],[126.74834777947588,37.55040961231709],[126.74840790461614,37.55066886691821],[126.74840912003675,37.55067760914256],[126.74849065742008,37.550997006229224],[126.748497233088,37.55102711352959],[126.74856994093045,37.55124675102424],[126.74861959081622,37.55142408235377],[126.74868141017912,37.55158359999716],[126.74876719389886,37.551683973683],[126.74870843689276,37.55169087620727],[126.74876494092413,37.55181560439734],[126.74877782007037,37.55185608649633],[126.74877386388985,37.55188833356831],[126.74876685613233,37.551919402671366],[126.74875330145301,37.551945593292025],[126.74873215780615,37.551973569351475],[126.74870967207627,37.551997127005755],[126.7486763302062,37.552017959121955],[126.7486318914474,37.55204102036964],[126.7485637147072,37.55206561066968],[126.74855937584445,37.552067175338365],[126.74856772568496,37.55209707923401],[126.74857707535047,37.55209404461837],[126.74895533345871,37.55197128964699],[126.7489230201596,37.55184358549091],[126.74887188805367,37.551641504485346],[126.74864819766645,37.55100256704293],[126.74846688350613,37.55028597642735],[126.74860017912125,37.55021459246653],[126.74858817134084,37.550200320651584],[126.74850372521256,37.55010186720348],[126.7483985369844,37.5499780563132],[126.74832466043372,37.54989159824079]]]]},"properties":{"blocktype":"녹지","zonename":"인천계양 테크노밸리 공공주택지구"},"id":"LT_C_LHBLPN.114070"},{"type":"Feature","geometry":{"type":"MultiPolygon","coordinates":[[[[126.75816703297954,37.56678613416783],[126.75806160400285,37.566364175277805],[126.7570037515175,37.56653164297492],[126.7570036383298,37.56653347578118],[126.75700804995617,37.566605009304354],[126.75702124890266,37.56667585421175],[126.7570913471392,37.56695642416241],[126.75816703297954,37.56678613416783]]]]},"properties":{"blocktype":"산업용지","zonename":"인천계양 테크노밸리 공공주택지구"},"id":"LT_C_LHBLPN.114071"},{"type":"Feature","geometry":{"type":"MultiPolygon","coordinates":[[[[126.76004195262308,37.56849085077722],[126.7599301447096,37.56804342078951],[126.75932510151797,37.56813921459638],[126.75944031674136,37.568600296399616],[126.76004195262308,37.56849085077722]]]]},"properties":{"blocktype":"산업용지","zonename":"인천계양 테크노밸리 공공주택지구"},"id":"LT_C_LHBLPN.114073"},{"type":"Feature","geometry":{"type":"MultiPolygon","coordinates":[[[[126.75299140204652,37.55860721542158],[126.75303158009591,37.55857315178522],[126.75304587498701,37.558562549711986],[126.75292705572271,37.557597605899026],[126.7529808279773,37.557593484082766],[126.75307831405024,37.55758651231632],[126.75307642579152,37.55757235442985],[126.75306960668019,37.557559276844486],[126.75306355742507,37.55752133232155],[126.75306047979691,37.55749732207311],[126.75304182178843,37.55735175995441],[126.75301315115786,37.55713232560722],[126.75298179007298,37.5569024214742],[126.75295432498147,37.55666184877131],[126.75293534807108,37.556503418755945],[126.7516619960373,37.556340152950554],[126.75236765952394,37.5574043139773],[126.75237288053236,37.55744338372966],[126.75242762386576,37.557866412203786],[126.75245244162214,37.558071187396685],[126.7524571487942,37.558178145917665],[126.75247032618113,37.55827746176177],[126.7524738412888,37.55828843204404],[126.75248001810472,37.55831719333206],[126.75249108894228,37.55842200088711],[126.75250109886947,37.558512147116254],[126.75250964094953,37.558577692275016],[126.75259453533712,37.55859268956207],[126.75261879883294,37.55857976597414],[126.75262187646113,37.55860725245191],[126.75279215481821,37.55862373735491],[126.75299140204652,37.55860721542158]]]]},"properties":{"blocktype":"공원","zonename":"인천계양 테크노밸리 공공주택지구"},"id":"LT_C_LHBLPN.114089"},{"type":"Feature","geometry":{"type":"MultiPolygon","coordinates":[[[[126.75823150776243,37.557423748089214],[126.75825350301217,37.55724315521601],[126.7582120161174,37.55720035733138],[126.75778028489351,37.5571450236992],[126.75773018585012,37.5573927603277],[126.75818670967753,37.5574512713122],[126.75823150776243,37.557423748089214]]]]},"properties":{"blocktype":"복합커뮤니티센터","zonename":"인천계양 테크노밸리 공공주택지구"},"id":"LT_C_LHBLPN.114107"},{"type":"Feature","geometry":{"type":"MultiPolygon","coordinates":[[[[126.75778028489351,37.5571450236992],[126.75777542500784,37.557144401292646],[126.75777352596933,37.55714415774224],[126.75709817343703,37.557057596889685],[126.75704807169872,37.55730533238459],[126.75773018585012,37.5573927603277],[126.75778028489351,37.5571450236992]]]]},"properties":{"blocktype":"복합커뮤니티센터","zonename":"인천계양 테크노밸리 공공주택지구"},"id":"LT_C_LHBLPN.114111"},{"type":"Feature","geometry":{"type":"MultiPolygon","coordinates":[[[[126.75147553992036,37.551938851033064],[126.75118777899212,37.55154643726389],[126.75096516658323,37.55162736184974],[126.750940956088,37.551696816565304],[126.75119517751678,37.55199198360656],[126.75128253688153,37.552010905644806],[126.75147553992036,37.551938851033064]]]]},"properties":{"blocktype":"복합커뮤니티센터","zonename":"인천계양 테크노밸리 공공주택지구"},"id":"LT_C_LHBLPN.114112"},{"type":"Feature","geometry":{"type":"MultiPolygon","coordinates":[[[[126.74604036683708,37.54489697033166],[126.74597881696876,37.54489485565339],[126.74607868447553,37.54574353910584],[126.74611714404777,37.54608140581392],[126.74612941503455,37.54630037413257],[126.74615298053942,37.546392236562326],[126.74620876771519,37.5465590411864],[126.74623162894086,37.54659170649625],[126.74630135976646,37.54668465899973],[126.74659226300155,37.54702793227153],[126.74666326853655,37.547112237740784],[126.74641297364388,37.54757526300516],[126.74634751340915,37.54767512002724],[126.74635792488324,37.547704294229106],[126.74642711941466,37.54789859489148],[126.74648554494242,37.54806265123951],[126.74649204784676,37.548080603516354],[126.74662266019413,37.54844802241416],[126.74675097644764,37.54880897543495],[126.74681236012766,37.54898178288575],[126.74687760746167,37.54916540345012],[126.74702546836079,37.549132405952776],[126.74710722133982,37.54876602812678],[126.74711475012025,37.548716486384365],[126.74711535109319,37.548666584939575],[126.74710901617378,37.548616938435146],[126.74709582351552,37.548568152968734],[126.74707593481513,37.54852082965411],[126.74704959261773,37.548475546815475],[126.74701712391013,37.548432862836194],[126.74695981049669,37.548366159944315],[126.74699688307012,37.54834596709296],[126.74703288305516,37.54830811189193],[126.74733894536065,37.54815280501462],[126.74735280636546,37.547968941224255],[126.74729565644544,37.547936202446664],[126.74726508048809,37.54790937796228],[126.74724898537315,37.5478835747977],[126.74712359672921,37.547784737249],[126.74714632680079,37.54765522256261],[126.74718071610651,37.54742419093646],[126.7471811032804,37.547421149720485],[126.74718502173165,37.54739039995755],[126.74719420071723,37.547318352274615],[126.74724469501936,37.5470428457029],[126.74727241074083,37.546743864273864],[126.74727907624022,37.5464787150752],[126.74720953226418,37.54629683501549],[126.74711637247763,37.546238521822865],[126.74698110326385,37.54611767812178],[126.74664344002329,37.545882695190336],[126.74645558612774,37.545685333741645],[126.74642357556087,37.545581199865],[126.74632074720692,37.545237789589386],[126.7462702852442,37.545102261218595],[126.74619359067846,37.544994427091865],[126.74604036683708,37.54489697033166]]]]},"properties":{"blocktype":"공원","zonename":"인천계양 테크노밸리 공공주택지구"},"id":"LT_C_LHBLPN.114113"},{"type":"Feature","geometry":{"type":"MultiPolygon","coordinates":[[[[126.7610801275121,37.555090991771834],[126.76058951980622,37.55502812125227],[126.76060989988511,37.555091817159806],[126.76065331366614,37.555218814990354],[126.76065806934724,37.55523272407012],[126.76074548530588,37.5554804535253],[126.76083831002082,37.55574351045472],[126.76087532600039,37.55584841136042],[126.76088921036144,37.55603088483151],[126.76092038818999,37.55605829676204],[126.76094998139041,37.556084314301025],[126.7612648130497,37.556124658061506],[126.76133819373031,37.556082437796825],[126.76136715092349,37.55593921659063],[126.76132737531935,37.55589540172243],[126.76118453779931,37.5558770981026],[126.76114230530283,37.5558471145388],[126.76108618305545,37.555688073191206],[126.76101342221241,37.555481878540576],[126.76101019097231,37.55543690188363],[126.7610107308598,37.555434232737966],[126.76104415806984,37.555268900768965],[126.76106214234184,37.55517994703563],[126.7610801275121,37.555090991771834]]]]},"properties":{"blocktype":"근린생활시설용지","zonename":"인천계양 테크노밸리 공공주택지구"},"id":"LT_C_LHBLPN.114114"},{"type":"Feature","geometry":{"type":"MultiPolygon","coordinates":[[[[126.75938777877197,37.54985589753362],[126.75937213730624,37.548963122885354],[126.75883370868453,37.548894112180854],[126.75866072550015,37.54889931775645],[126.75823785256328,37.548845115368],[126.75814613277615,37.54889788905425],[126.75789431973065,37.55014322624244],[126.75938777877197,37.54985589753362]]]]},"properties":{"blocktype":"업무시설","zonename":"인천계양 테크노밸리 공공주택지구"},"id":"LT_C_LHBLPN.114142"},{"type":"Feature","geometry":{"type":"MultiPolygon","coordinates":[[[[126.76389361145611,37.556383333750034],[126.76358805669875,37.5556643870924],[126.76343870369793,37.556403206096014],[126.76382052542291,37.556452126013795],[126.76389361145611,37.556383333750034]]]]},"properties":{"blocktype":"공원","zonename":"인천계양 테크노밸리 공공주택지구"},"id":"LT_C_LHBLPN.114143"},{"type":"Feature","geometry":{"type":"MultiPolygon","coordinates":[[[[126.76487313354362,37.55230339506254],[126.76487112940222,37.55230046087295],[126.76452437880427,37.5523001503616],[126.76462709127549,37.55244440125295],[126.76522610048337,37.55328564414516],[126.7655656591692,37.55321616384766],[126.76549722730748,37.55311833468701],[126.76511182938931,37.55257707895223],[126.7650469638393,37.552540261409334],[126.76494371687042,37.55240421289209],[126.7649207460503,37.55237107368018],[126.76487313354362,37.55230339506254]]]]},"properties":{"blocktype":"녹지","zonename":"인천계양 테크노밸리 공공주택지구"},"id":"LT_C_LHBLPN.114144"},{"type":"Feature","geometry":{"type":"MultiPolygon","coordinates":[[[[126.75932726555949,37.557708324435595],[126.75912803450085,37.557682791712395],[126.7590832355176,37.5577103148397],[126.75907084235995,37.55781208957766],[126.75905844830393,37.557913864888775],[126.75909127993097,37.55795055657875],[126.75927164367373,37.557985117564854],[126.75947028992915,37.558023182913225],[126.75980491147413,37.55797275716456],[126.75983367732617,37.55793396185908],[126.75982318051206,37.5579085046988],[126.75977403458123,37.55778931140698],[126.75973099629594,37.5577600628184],[126.7596206571279,37.55774592276817],[126.7595623816188,37.55773845466141],[126.75932726555949,37.557708324435595]]]]},"properties":{"blocktype":"단독주택","zonename":"인천계양 테크노밸리 공공주택지구"},"id":"LT_C_LHBLPN.114145"},{"type":"Feature","geometry":{"type":"MultiPolygon","coordinates":[[[[126.75362909899872,37.55133667874448],[126.75388043054721,37.551293204446615],[126.75393670910145,37.551285945789694],[126.75412039840741,37.55127019709412],[126.75426331228425,37.55125933616839],[126.75440651272372,37.55125122857534],[126.7544683329849,37.55119856979394],[126.75446393124001,37.5509464275895],[126.75439840542823,37.55089669073039],[126.75414211428107,37.55090809511393],[126.75388642141185,37.550926101544505],[126.75363159631522,37.55095069150019],[126.75342432443641,37.55097614035449],[126.7535071994113,37.55137625234817],[126.75362909899872,37.55133667874448]]]]},"properties":{"blocktype":"복합커뮤니티센터","zonename":"인천계양 테크노밸리 공공주택지구"},"id":"LT_C_LHBLPN.114164"},{"type":"Feature","geometry":{"type":"MultiPolygon","coordinates":[[[[126.75203375932608,37.55489795755836],[126.75202339546266,37.55487073392274],[126.75200140200954,37.55482529684296],[126.75198723198423,37.55479630133143],[126.75196734148729,37.55475998553227],[126.75194930421463,37.5547295941642],[126.75187132326147,37.55460274149273],[126.75176987651642,37.55444225892319],[126.75168733751148,37.55430542266521],[126.75162434494882,37.55420219958187],[126.75154493657264,37.55407350649044],[126.75146295272657,37.553938103146166],[126.751410639336,37.55385286818546],[126.75045249176235,37.55425555772186],[126.75110782713519,37.55524387924848],[126.75117270436333,37.55525983932616],[126.75203375932608,37.55489795755836]]]]},"properties":{"blocktype":"교육시설","zonename":"인천계양 테크노밸리 공공주택지구"},"id":"LT_C_LHBLPN.114168"},{"type":"Feature","geometry":{"type":"MultiPolygon","coordinates":[[[[126.76131550857444,37.56525186825222],[126.7618446333448,37.564621489028504],[126.76065751778168,37.56480946377107],[126.76078890178185,37.56533525306591],[126.76131550857444,37.56525186825222]]]]},"properties":{"blocktype":"산업용지","zonename":"인천계양 테크노밸리 공공주택지구"},"id":"LT_C_LHBLPN.114169"},{"type":"Feature","geometry":{"type":"MultiPolygon","coordinates":[[[[126.75625658406818,37.54555242867593],[126.75623630460063,37.54552374721885],[126.75591442655623,37.54561894249156],[126.75596013822778,37.54568470981489],[126.75601279567312,37.54574709605532],[126.75607200722675,37.54580563897492],[126.7561019328038,37.54583049699906],[126.75613733361254,37.54585990340202],[126.75620828884186,37.54590948407963],[126.75628434380708,37.545954014212235],[126.75631626723734,37.545969521868635],[126.75636493436616,37.54599316119172],[126.75644946044453,37.54602663443185],[126.75653729591635,37.54605418536798],[126.75662778321497,37.54607560959335],[126.75672025399366,37.546090745434526],[126.75684450537051,37.546106673997016],[126.75733166624065,37.54616912541041],[126.75738562624312,37.545902263359544],[126.75692460994101,37.54584316425353],[126.75677421669108,37.54582388381532],[126.75669621328002,37.54581048508303],[126.7566204215212,37.545790608488005],[126.75654768672925,37.54576447553308],[126.75650721223582,37.5457456131621],[126.75647882008295,37.5457323796565],[126.75641458964184,37.54569467768537],[126.75635571315979,37.54565179054823],[126.75634275765674,37.54564012610303],[126.75630284820362,37.54560419686536],[126.75625658406818,37.54555242867593]]]]},"properties":{"blocktype":"근린생활시설용지","zonename":"인천계양 테크노밸리 공공주택지구"},"id":"LT_C_LHBLPN.114170"},{"type":"Feature","geometry":{"type":"MultiPolygon","coordinates":[[[[126.75879927895461,37.54587849224265],[126.75874457514708,37.54575046782105],[126.75849384457149,37.545824299053464],[126.75824311219925,37.545898130925025],[126.7582151557293,37.54590636231842],[126.75813515446507,37.54592686565629],[126.75805324338249,37.545941845546494],[126.75801558420916,37.545946075555825],[126.75806348148181,37.54621406563821],[126.75814671398612,37.54620264130596],[126.75824079724077,37.54618398274659],[126.7583329068968,37.54615987910315],[126.75834948440702,37.54615499811798],[126.7586004090187,37.54608111023377],[126.75885149981869,37.54600717170712],[126.75879927895461,37.54587849224265]]]]},"properties":{"blocktype":"근린생활시설용지","zonename":"인천계양 테크노밸리 공공주택지구"},"id":"LT_C_LHBLPN.114171"},{"type":"Feature","geometry":{"type":"MultiPolygon","coordinates":[[[[126.75468904635528,37.54392019696933],[126.75457549211684,37.54367568342494],[126.75434770092035,37.54374275305622],[126.75411990972385,37.543809821914905],[126.75395215383614,37.54385921449419],[126.75391431679635,37.5439246963284],[126.75398765076459,37.544082608204256],[126.75406988883391,37.544112736104],[126.75423764382334,37.5440633436927],[126.75446543591814,37.54399627434985],[126.75464968936606,37.54394202352368],[126.75468904635528,37.54392019696933]]]]},"properties":{"blocktype":"근린생활시설용지","zonename":"인천계양 테크노밸리 공공주택지구"},"id":"LT_C_LHBLPN.114172"},{"type":"Feature","geometry":{"type":"MultiPolygon","coordinates":[[[[126.75913164482996,37.55731821702619],[126.75890216480073,37.55728880731037],[126.75882152663095,37.55733834976385],[126.75880256050034,37.557494088992456],[126.75884404739512,37.557536885284144],[126.75910100509223,37.55756981639288],[126.75939090490917,37.557606968289065],[126.75965559889752,37.55764088922883],[126.75970231039396,37.55760165222913],[126.75969544457024,37.55756837931129],[126.75969112277542,37.55753483505634],[126.75967821039151,37.55739209234668],[126.75963680165017,37.55736138800114],[126.75951819798155,37.55735815989952],[126.75942204500853,37.55735168874103],[126.7593999482491,37.557350201093755],[126.75928234799862,37.55733753080995],[126.75913164482996,37.55731821702619]]]]},"properties":{"blocktype":"근린생활시설용지","zonename":"인천계양 테크노밸리 공공주택지구"},"id":"LT_C_LHBLPN.114173"},{"type":"Feature","geometry":{"type":"MultiPolygon","coordinates":[[[[126.76341314662811,37.56787922543508],[126.76340458209019,37.56786674420651],[126.76326729975186,37.56765328917041],[126.76313723358015,37.56743698893367],[126.76296738731277,37.56719912751413],[126.76295038849263,37.56716719538115],[126.76292651845891,37.567138731582105],[126.76226408280212,37.567243630685375],[126.7623675148239,37.567657493026225],[126.76246559378494,37.56804992590891],[126.76341314662811,37.56787922543508]]]]},"properties":{"blocktype":"산업용지","zonename":"인천계양 테크노밸리 공공주택지구"},"id":"LT_C_LHBLPN.114188"},{"type":"Feature","geometry":{"type":"MultiPolygon","coordinates":[[[[126.75398119367432,37.55007447516027],[126.75372981182016,37.55004224439641],[126.75371182934477,37.550131152983525],[126.75368304103489,37.550273478719575],[126.75393442378737,37.55030570938347],[126.75418580653985,37.55033794003344],[126.75415969161625,37.55046705621213],[126.75410334209509,37.55074565032036],[126.75414884805244,37.55078577405349],[126.75439754663881,37.550774989262194],[126.75446002895845,37.55072282868225],[126.75445622818647,37.55050507554693],[126.75444976031639,37.55013455161466],[126.75423257552846,37.550106705910245],[126.75398119367432,37.55007447516027]]]]},"properties":{"blocktype":"근린생활시설용지","zonename":"인천계양 테크노밸리 공공주택지구"},"id":"LT_C_LHBLPN.114198"},{"type":"Feature","geometry":{"type":"MultiPolygon","coordinates":[[[[126.75007352488333,37.55178382520067],[126.74995723976646,37.55164613726977],[126.74985017675426,37.55168088421206],[126.7498758982158,37.55171125332121],[126.74997919638867,37.55183360633552],[126.75008622795977,37.55179887085942],[126.75007352488333,37.55178382520067]]]]},"properties":{"blocktype":"하천","zonename":"인천계양 테크노밸리 공공주택지구"},"id":"LT_C_LHBLPN.114200"},{"type":"Feature","geometry":{"type":"MultiPolygon","coordinates":[[[[126.75407298532667,37.5436939551404],[126.75395721314783,37.543444659408685],[126.75378340171675,37.5434958350319],[126.75374556467698,37.54356131647302],[126.75381693672465,37.543715003256445],[126.75389917389563,37.54374513059251],[126.75407298532667,37.5436939551404]]]]},"properties":{"blocktype":"근린생활시설용지","zonename":"인천계양 테크노밸리 공공주택지구"},"id":"LT_C_LHBLPN.114201"},{"type":"Feature","geometry":{"type":"MultiPolygon","coordinates":[[[[126.76375153840237,37.54985359782264],[126.76371603967728,37.54978033963367],[126.76369969393238,37.54982272015394],[126.76372029140356,37.54986510065011],[126.76375153840237,37.54985359782264]]]]},"properties":{"blocktype":"공원","zonename":"인천계양 테크노밸리 공공주택지구"},"id":"LT_C_LHBLPN.114210"},{"type":"Feature","geometry":{"type":"MultiPolygon","coordinates":[[[[126.76180831445785,37.55545808128053],[126.76162434936914,37.55543450834078],[126.76157848678062,37.55546089570431],[126.76155546475654,37.555574770106745],[126.76152668902301,37.55571709755388],[126.76149791418784,37.555859424729185],[126.76146913845432,37.55600175163264],[126.76144738664804,37.55610933625145],[126.7614871613539,37.55615315099384],[126.76166322665799,37.55617571103619],[126.76184719444166,37.5561992851658],[126.76189305792849,37.55617289735157],[126.76191608085092,37.5560590217267],[126.76194485568608,37.555916695644775],[126.76197362962296,37.55577436857887],[126.76200240445814,37.55563204124112],[126.76202542558394,37.55551816621403],[126.76199227954658,37.555481654212834],[126.76180831445785,37.55545808128053]]]]},"properties":{"blocktype":"단독주택","zonename":"인천계양 테크노밸리 공공주택지구"},"id":"LT_C_LHBLPN.114213"},{"type":"Feature","geometry":{"type":"MultiPolygon","coordinates":[[[[126.76409520867725,37.55077000317412],[126.76405110139679,37.550662479218154],[126.76404786027524,37.550664260424355],[126.76405112924458,37.55067234386655],[126.76386808852227,37.550767199968334],[126.76383820247109,37.55087814302411],[126.76392027974195,37.550939755035245],[126.76419186291027,37.55101341162562],[126.76411697755151,37.55082481807582],[126.76409520867725,37.55077000317412]]]]},"properties":{"blocktype":"공원","zonename":"인천계양 테크노밸리 공공주택지구"},"id":"LT_C_LHBLPN.114214"},{"type":"Feature","geometry":{"type":"MultiPolygon","coordinates":[[[[126.76070065308495,37.55771868664248],[126.7606551579074,37.5575897596356],[126.76046866855275,37.55763849362037],[126.76044313034753,37.55767869482542],[126.7604830658518,37.55777554736674],[126.76053608262323,37.55790412653352],[126.76059091848315,37.558037113545495],[126.76064778363722,37.55817502395816],[126.76070690805429,37.55831841248913],[126.76075703135223,37.5584399720324],[126.76080753014594,37.55846030243721],[126.76094928429774,37.55842325849713],[126.7608949452062,37.55826927303785],[126.76084362535232,37.55812384488262],[126.76079426831735,37.55798397388785],[126.76074667198034,37.55784909465451],[126.76070065308495,37.55771868664248]]]]},"properties":{"blocktype":"단독주택","zonename":"인천계양 테크노밸리 공공주택지구"},"id":"LT_C_LHBLPN.114284"},{"type":"Feature","geometry":{"type":"MultiPolygon","coordinates":[[[[126.76033559841478,37.557706794779754],[126.76028510231602,37.557686464169386],[126.76012687575682,37.55772781187799],[126.7599762525382,37.5577671727218],[126.75994560561394,37.557815413797094],[126.75998706735587,37.55791596922791],[126.76004354353948,37.5580529377208],[126.76010001882477,37.5581899052498],[126.76015649590667,37.55832687395128],[126.76021297119196,37.558463842400975],[126.7602570075055,37.55857063799447],[126.76030750540087,37.55859096978787],[126.7604657337567,37.55854962184608],[126.76062396031591,37.55850827316926],[126.76064949941944,37.55846807241178],[126.76060546310589,37.55836127667127],[126.7605489869223,37.55822430803305],[126.7604925107387,37.55808734056728],[126.7604360336568,37.55795037142548],[126.76037955657488,37.55781340345617],[126.76033559841478,37.557706794779754]]]]},"properties":{"blocktype":"단독주택","zonename":"인천계양 테크노밸리 공공주택지구"},"id":"LT_C_LHBLPN.114329"},{"type":"Feature","geometry":{"type":"MultiPolygon","coordinates":[[[[126.7478451370401,37.55324703868614],[126.74763712315293,37.55266849992988],[126.74763390448925,37.55265954642202],[126.74748890831754,37.55266217436074],[126.74748039678022,37.55264452799984],[126.74734297610135,37.55268912247803],[126.74727497722759,37.55270836268287],[126.74720506045068,37.55272259698429],[126.74713380698068,37.55273170573933],[126.74706180790899,37.55273561417118],[126.74698966151358,37.55273429023265],[126.7469179651741,37.55272774389395],[126.74539412690652,37.552532266480014],[126.7453296853613,37.55252698994014],[126.74526490784616,37.552527611673106],[126.74520064326904,37.55253412455694],[126.74513773604632,37.552546443840704],[126.74507700903482,37.55256440572034],[126.74501925904013,37.55258777588469],[126.74496524244378,37.552616248804],[126.74465778056307,37.55279929993115],[126.74482261782443,37.55294108501588],[126.74488132632152,37.55299120223667],[126.74492290394616,37.553028750248345],[126.74505421697941,37.553147419160986],[126.74508127962568,37.553180234700896],[126.74516280083938,37.55328236174187],[126.74530736042986,37.553524722219656],[126.7453658910605,37.55365299465467],[126.74556296167094,37.553590586544395],[126.74575845753462,37.55394870658951],[126.7458574797267,37.55390777553793],[126.74585788396858,37.55390765233311],[126.74617712096604,37.553805905734336],[126.74618304266039,37.553804344663014],[126.74653602666814,37.553746055147926],[126.7468914163642,37.553626182910264],[126.74724418657291,37.553501504041385],[126.74738370391968,37.5534208157949],[126.74759778862155,37.553340776961896],[126.7478451370401,37.55324703868614]]]]},"properties":{"blocktype":"주상복합","zonename":"인천계양 테크노밸리 공공주택지구"},"id":"LT_C_LHBLPN.114346"},{"type":"Feature","geometry":{"type":"MultiPolygon","coordinates":[[[[126.75582353052421,37.55541332964931],[126.75577349076964,37.555231133118205],[126.75571546768711,37.555050443063074],[126.75564953134524,37.55487148168798],[126.75557576349077,37.55469446763822],[126.75543123893459,37.554366965612004],[126.75222195188654,37.55395549994261],[126.75226099985528,37.55401929931879],[126.75237157438193,37.554201894063596],[126.75254578466496,37.55449043307136],[126.75256904025105,37.554531393713695],[126.75259757433774,37.55458237727608],[126.75263346742321,37.55465442861988],[126.75266477550753,37.554729431792005],[126.75270085813756,37.55483736221988],[126.75271836899738,37.554897068786275],[126.75274386947333,37.55503668777495],[126.75275609823933,37.55513004279678],[126.75584946398813,37.55552662728202],[126.75582353052421,37.55541332964931]]]]},"properties":{"blocktype":"주상복합","zonename":"인천계양 테크노밸리 공공주택지구"},"id":"LT_C_LHBLPN.114347"},{"type":"Feature","geometry":{"type":"MultiPolygon","coordinates":[[[[126.7629863687147,37.55378671352809],[126.76027256363128,37.55343629269882],[126.76027689351096,37.553491279409165],[126.76030448795987,37.553734939626786],[126.76034042955439,37.55397790895896],[126.76038469224336,37.55422000723507],[126.76043724278917,37.55446105215029],[126.76326519769405,37.55482549980795],[126.76322868656763,37.55471583027096],[126.76315989807476,37.55448985337229],[126.76309717859993,37.55426275982865],[126.76304013108782,37.55403282690178],[126.76298930440907,37.553801971008426],[126.7629863687147,37.55378671352809]]]]},"properties":{"blocktype":"주상복합","zonename":"인천계양 테크노밸리 공공주택지구"},"id":"LT_C_LHBLPN.114348"},{"type":"Feature","geometry":{"type":"MultiPolygon","coordinates":[[[[126.74825654927055,37.55239265490637],[126.74865641635299,37.5522628897045],[126.74876125693316,37.5522288666111],[126.74985075976088,37.55187528845818],[126.74976324858083,37.55177163327232],[126.74972170149896,37.551722579239474],[126.74895533345871,37.55197128964699],[126.74857707535047,37.55209404461837],[126.74856772568496,37.55209707923401],[126.74856999932096,37.55210521949552],[126.74843711693087,37.552179359218606],[126.74821094449854,37.552288224161614],[126.74818944332219,37.55229857359073],[126.74815493004897,37.552231039480326],[126.74798975322445,37.55228464259788],[126.74799395195008,37.552296651411574],[126.74802645748863,37.55237626120846],[126.74804777091705,37.552421986790264],[126.74806336387375,37.55245534817983],[126.74825654927055,37.55239265490637]]]]},"properties":{"blocktype":"하천","zonename":"인천계양 테크노밸리 공공주택지구"},"id":"LT_C_LHBLPN.114362"},{"type":"Feature","geometry":{"type":"MultiPolygon","coordinates":[[[[126.75799536672535,37.5660990695377],[126.75793057932879,37.56583976964293],[126.75785529062648,37.56579972308447],[126.75774163398012,37.565817715947944],[126.75765435636205,37.56583511637935],[126.75756964253581,37.56585924214156],[126.7574883063751,37.56588986109919],[126.757411132109,37.565926679166715],[126.7573388635427,37.565969340309415],[126.75727219507391,37.566017435800035],[126.75721177079464,37.56607050065911],[126.75715817101656,37.566128024336365],[126.7571334987873,37.566160788588576],[126.75725361072729,37.56621649789545],[126.75799536672535,37.5660990695377]]]]},"properties":{"blocktype":"산업용지","zonename":"인천계양 테크노밸리 공공주택지구"},"id":"LT_C_LHBLPN.114414"},{"type":"Feature","geometry":{"type":"MultiPolygon","coordinates":[[[[126.76684114200681,37.56372911913268],[126.76677190525461,37.56309243438324],[126.7663959073076,37.56315199049524],[126.766341636488,37.563209688036885],[126.76637328144055,37.56352879500284],[126.76639412954164,37.56380009779641],[126.76639783239725,37.56384829651379],[126.76641528396827,37.56416809429908],[126.76642416471317,37.564442817665345],[126.76686617086726,37.56437280731246],[126.76687311214947,37.56414770492592],[126.76686876250687,37.564077820331974],[126.76686516475415,37.56402708537022],[126.76686514588953,37.56402682048023],[126.76685091657542,37.56381899547416],[126.76684114200681,37.56372911913268]]]]},"properties":{"blocktype":"산업용지","zonename":"인천계양 테크노밸리 공공주택지구"},"id":"LT_C_LHBLPN.114415"},{"type":"Feature","geometry":{"type":"MultiPolygon","coordinates":[[[[126.76246559378494,37.56804992590891],[126.7623675148239,37.567657493026225],[126.7619345529081,37.56772605130183],[126.761501590094,37.56779460809028],[126.76106862638153,37.56786316339157],[126.76064620350066,37.567930047489355],[126.76075397708024,37.568361320810205],[126.76117402212057,37.568284904453655],[126.76160454690702,37.56820657977848],[126.76203506989683,37.56812825359691],[126.76246559378494,37.56804992590891]]]]},"properties":{"blocktype":"산업용지","zonename":"인천계양 테크노밸리 공공주택지구"},"id":"LT_C_LHBLPN.114417"},{"type":"Feature","geometry":{"type":"MultiPolygon","coordinates":[[[[126.75696373246994,37.54191182676146],[126.75692302171957,37.54182417053457],[126.75688567066838,37.5418351425265],[126.75662279307353,37.54191235741096],[126.7562376062595,37.54202112409683],[126.75602829161177,37.542085113183006],[126.75569427103969,37.542187136475775],[126.75517646144863,37.54233202519546],[126.75494508507586,37.5423945253567],[126.75451277623527,37.54251724410388],[126.75424277230528,37.5425921861256],[126.75402390856611,37.54265707005019],[126.754070812302,37.54276364897132],[126.75460161243036,37.54260736184913],[126.75516788882591,37.54244062459646],[126.7557341643231,37.54227388483409],[126.75639063965802,37.542080580948024],[126.75696373246994,37.54191182676146]]]]},"properties":{"blocktype":"녹지","zonename":"인천계양 테크노밸리 공공주택지구"},"id":"LT_C_LHBLPN.98950"},{"type":"Feature","geometry":{"type":"MultiPolygon","coordinates":[[[[126.76466331314438,37.56845884301107],[126.76493719240649,37.56840901459665],[126.76510696501208,37.568378033540114],[126.76539760593907,37.56832512839527],[126.76555436554942,37.56829659027563],[126.7658360475781,37.56824522519292],[126.76592897559931,37.56822825396639],[126.76625424208899,37.56817149663153],[126.76634835768301,37.5680167295723],[126.76651897829814,37.56767739298272],[126.76657505742637,37.56769804626673],[126.76658165645044,37.56768157618817],[126.76655745583672,37.56767260312319],[126.76628496806497,37.56757157667591],[126.76628023124849,37.56755544834672],[126.76639693498028,37.56738024666073],[126.76654483810023,37.567131161883005],[126.76657072664841,37.56708357764468],[126.76658508531992,37.567059784090006],[126.7667275123099,37.56679501975821],[126.76688079454178,37.566471875238776],[126.76704724966896,37.566054385533874],[126.76706985487479,37.56599581152443],[126.76707299538502,37.56597984733789],[126.76673621967994,37.56603318992352],[126.76637405938156,37.566090552706264],[126.76626304647708,37.56610813607077],[126.76646162356221,37.56690253325319],[126.76615739202326,37.567443137375406],[126.76557274777512,37.5675357334871],[126.76376698403536,37.56782171165454],[126.76385243178518,37.56794607605285],[126.76399847808743,37.56814583505635],[126.76415114138008,37.56834243567722],[126.76430129567814,37.56852478100224],[126.7645657525113,37.56847663230445],[126.76461419326466,37.568467782516024],[126.76466331314438,37.56845884301107]],[[126.76612379682827,37.56760608549265],[126.76614062227353,37.567604449946685],[126.76615756449978,37.56760483373394],[126.76617424621462,37.56760722688582],[126.7661902910239,37.56761157528746],[126.76632992874491,37.56765897904361],[126.76634733540017,37.56766637637658],[126.76636286188157,37.56767606646153],[126.76637603926845,37.5676877552272],[126.76638646601397,37.567701088079296],[126.7663938259111,37.567715659869286],[126.76639789527933,37.56773102842299],[126.76639855015117,37.56774672450932],[126.766395771662,37.56776227320125],[126.76638964335514,37.567777200996304],[126.76625790811364,37.568023069502715],[126.76624554010881,37.56804189633008],[126.7662296183687,37.56805894663453],[126.76621053635546,37.568073801742905],[126.76618876568453,37.56808609211242],[126.76616484444683,37.56809551513116],[126.76613936283549,37.568101838678146],[126.764435616271,37.56841007124617],[126.76440739928964,37.568413224818045],[126.7643789182035,37.56841257758463],[126.76435097341167,37.56840814805855],[126.76432435273654,37.56840006226814],[126.76429980627141,37.56838854592507],[126.7642780239224,37.56837392442476],[126.7642596219338,37.56835660931779],[126.76424511414196,37.56833708905403],[126.76410051143237,37.568098912942986],[126.76409041167364,37.56807801411936],[126.76408478462668,37.56805607501207],[126.76408378659838,37.56803369799888],[126.76408744363992,37.56801149685085],[126.76409565693656,37.56799008035544],[126.76410819831622,37.567970037364],[126.76412472552086,37.56795191827863],[126.76414478400281,37.567936219387406],[126.76416782399322,37.56792337218366],[126.76419321307813,37.567913729837066],[126.76422025236816,37.56790755651305],[126.76612379682827,37.56760608549265]]]]},"properties":{"blocktype":"공원","zonename":"인천계양 테크노밸리 공공주택지구"},"id":"LT_C_LHBLPN.98964"},{"type":"Feature","geometry":{"type":"MultiPolygon","coordinates":[[[[126.74596619923227,37.55036890722592],[126.7459000859223,37.55035658971881],[126.74582511971522,37.55039912659544],[126.74580826642219,37.55044213207522],[126.74583796023389,37.550507566819356],[126.74588357219243,37.55060807869639],[126.74593171111185,37.550714161956094],[126.74598290879486,37.55082698243958],[126.74602606386112,37.55092208049092],[126.74607628687203,37.55094283314178],[126.74614608057973,37.55092765484197],[126.74617397147266,37.55088845846368],[126.7461367479822,37.55078272941369],[126.74609597255318,37.550666911223715],[126.74605763245683,37.55055800830256],[126.74603106568063,37.550482547261275],[126.74601944866738,37.55045535975928],[126.74601593625458,37.55044713883901],[126.74599604485928,37.55041325522013],[126.74596619923227,37.55036890722592]]]]},"properties":{"blocktype":"단독주택","zonename":"인천계양 테크노밸리 공공주택지구"},"id":"LT_C_LHBLPN.98968"},{"type":"Feature","geometry":{"type":"MultiPolygon","coordinates":[[[[126.76141455412275,37.5589421981325],[126.76131415481333,37.55890060897735],[126.7611153127252,37.55895613072929],[126.76124399369468,37.55931651657509],[126.76128224485778,37.559424082877925],[126.7613508815354,37.5596213595238],[126.76145779632556,37.55991782254944],[126.76150713000435,37.56006370295219],[126.7615418759412,37.56027694901348],[126.76157226415064,37.560476726446154],[126.76187270479912,37.560438621761264],[126.76191281188163,37.56039499753435],[126.76186989846214,37.56018784388297],[126.7618207076155,37.55998157623077],[126.76176527168099,37.55977631421971],[126.76165239656893,37.55952206042535],[126.7616174700707,37.55941796938006],[126.76153908667226,37.55929508761033],[126.76141455412275,37.5589421981325]]]]},"properties":{"blocktype":"공원","zonename":"인천계양 테크노밸리 공공주택지구"},"id":"LT_C_LHBLPN.98997"},{"type":"Feature","geometry":{"type":"MultiPolygon","coordinates":[[[[126.76616531067249,37.56508094347592],[126.76622324931336,37.56502555018669],[126.76622495611241,37.5647499666612],[126.7654203701467,37.56487740232594],[126.76549767736343,37.565186686418485],[126.76616531067249,37.56508094347592]]]]},"properties":{"blocktype":"주차장","zonename":"인천계양 테크노밸리 공공주택지구"},"id":"LT_C_LHBLPN.98999"},{"type":"Feature","geometry":{"type":"MultiPolygon","coordinates":[[[[126.76207574291793,37.547239929348805],[126.76212999666953,37.54718222798805],[126.7620595615647,37.54682075143216],[126.76157118976556,37.54675816666449],[126.76163343582823,37.54701896099252],[126.76168925893666,37.54728067389694],[126.76207574291793,37.547239929348805]]]]},"properties":{"blocktype":"주차장","zonename":"인천계양 테크노밸리 공공주택지구"},"id":"LT_C_LHBLPN.99000"},{"type":"Feature","geometry":{"type":"MultiPolygon","coordinates":[[[[126.76191105028533,37.56294934770469],[126.7618024754085,37.562944194380215],[126.76182099238146,37.563619315300706],[126.76189707968602,37.56360726701144],[126.76191761876669,37.56360401425779],[126.76198846350326,37.56353374605769],[126.76197385779503,37.56300126758891],[126.76191105028533,37.56294934770469]]]]},"properties":{"blocktype":"공원","zonename":"인천계양 테크노밸리 공공주택지구"},"id":"LT_C_LHBLPN.99016"},{"type":"Feature","geometry":{"type":"MultiPolygon","coordinates":[[[[126.75737311630448,37.55147366858887],[126.75737838492363,37.551447614542866],[126.75709386421865,37.55141114327876],[126.75687674051615,37.5513713603095],[126.75669654116508,37.55137059541655],[126.75638874421281,37.55134813362629],[126.75570808982367,37.55126087877604],[126.7556142697754,37.55124945806605],[126.75555703451539,37.55124118381897],[126.75527755066419,37.551192484821115],[126.75524383419666,37.55118758707283],[126.75520976828447,37.551184580195695],[126.75504186597132,37.55117635935584],[126.75487374267263,37.55117187182956],[126.75470552594918,37.551171122602774],[126.75470598408994,37.55119739538852],[126.75478599343904,37.55126111522374],[126.75499376747607,37.551264864201734],[126.75520124596734,37.55127442466452],[126.75525335633864,37.551280500372144],[126.75553284108818,37.55132920002472],[126.75559805248959,37.551338628011685],[126.75569010016181,37.55134983291412],[126.75637170766343,37.551437210156934],[126.75637745238966,37.55143778774318],[126.7566910641368,37.55146067254727],[126.7568635882821,37.551461404678555],[126.75707215553149,37.55149962078263],[126.75728139292409,37.551526441126185],[126.75737311630448,37.55147366858887]]]]},"properties":{"blocktype":"녹지","zonename":"인천계양 테크노밸리 공공주택지구"},"id":"LT_C_LHBLPN.99037"},{"type":"Feature","geometry":{"type":"MultiPolygon","coordinates":[[[[126.74482261782443,37.55294108501588],[126.74465778056307,37.55279929993115],[126.744566123658,37.55285386906377],[126.74457316105995,37.55285915412661],[126.74473970961192,37.553002411875894],[126.74479748475945,37.55305173141969],[126.74483798799895,37.55308830941931],[126.74496400995523,37.553202196705485],[126.74498001344202,37.5532216027142],[126.74499068991916,37.55324370073165],[126.74506464282662,37.55332783323445],[126.74520282617517,37.55355950674327],[126.74524562461029,37.553653303023886],[126.74525743386297,37.55368734113468],[126.7453658910605,37.55365299465467],[126.74530736042986,37.553524722219656],[126.74516280083938,37.55328236174187],[126.74508127962568,37.553180234700896],[126.74505421697941,37.553147419160986],[126.74492290394616,37.553028750248345],[126.74488132632152,37.55299120223667],[126.74482261782443,37.55294108501588]]]]},"properties":{"blocktype":"녹지","zonename":"인천계양 테크노밸리 공공주택지구"},"id":"LT_C_LHBLPN.99038"},{"type":"Feature","geometry":{"type":"MultiPolygon","coordinates":[[[[126.74620491484094,37.54921072432908],[126.74612456413203,37.54912070929047],[126.74599218300187,37.54919561903429],[126.74598274889475,37.549240037523305],[126.7460399212727,37.549304087361016],[126.74611798487089,37.549391540359714],[126.74619605026571,37.54947899254363],[126.74627411386389,37.549566444624915],[126.74635181184776,37.54965348637224],[126.74643147714207,37.54974273158453],[126.74653787360435,37.54986192350252],[126.7466321679631,37.549808417639106],[126.74657859693112,37.5496594810204],[126.74656044197923,37.54960900687975],[126.74651680451768,37.54956012377795],[126.74643910653381,37.549473081921604],[126.74636104293562,37.54938562901856],[126.74628297933742,37.54929817672512],[126.74620491484094,37.54921072432908]]]]},"properties":{"blocktype":"단독주택","zonename":"인천계양 테크노밸리 공공주택지구"},"id":"LT_C_LHBLPN.99039"},{"type":"Feature","geometry":{"type":"MultiPolygon","coordinates":[[[[126.76641277407535,37.5562749868206],[126.76640951319092,37.55624142631624],[126.76639814950252,37.55623947646511],[126.76637418604402,37.55623014879834],[126.7662192077929,37.55620758734818],[126.76605909656823,37.556161589913245],[126.76597024779673,37.55612762628348],[126.76588685179905,37.55608727682746],[126.76511541546395,37.55566786238339],[126.76507236909386,37.555644621371854],[126.76502930565577,37.5556269664592],[126.76456998177963,37.555468196683705],[126.76449294046422,37.55538686393215],[126.76449944247025,37.555298668782925],[126.76460603027365,37.55519751944431],[126.76477926498633,37.55509983673998],[126.76505390781647,37.55503623270737],[126.76535921913037,37.55500917932758],[126.76606258203154,37.55501030453416],[126.76619465683619,37.554973264576205],[126.76623878926944,37.55494564643326],[126.76623796820927,37.55493702221542],[126.76623700341867,37.55492701926093],[126.76626011976587,37.55491404589839],[126.76620777223933,37.55460060287635],[126.76613483891973,37.55432720416108],[126.76612338180658,37.55428152817532],[126.76610086733065,37.554223239745625],[126.7660835091844,37.55421692855172],[126.76607641968015,37.55421434909497],[126.76581593789219,37.554119541534654],[126.76567283447078,37.554028707737],[126.76565306344972,37.553945506114545],[126.76568353969401,37.55386258499299],[126.76582356818218,37.55374257976732],[126.76586775181943,37.553719548957226],[126.7658727967581,37.553706529805694],[126.76577296069235,37.55349961607743],[126.76555941767458,37.553485830591896],[126.76572706306953,37.55343659964455],[126.76570790739444,37.55340658518766],[126.76567919364467,37.55337847150481],[126.7655656591692,37.55321616384766],[126.76522610048337,37.55328564414516],[126.76319839627457,37.55370053121002],[126.76325188286492,37.553953292227575],[126.76331874716647,37.5542259416942],[126.76339176582601,37.554346270887585],[126.76342561973583,37.554464796694354],[126.76343761044822,37.55463844135045],[126.76350650853558,37.55484853882215],[126.76358073542919,37.55505748343374],[126.7636602632813,37.55526518831223],[126.76374505975254,37.55547156872185],[126.7640811482464,37.556262354097626],[126.76473780234606,37.5560854694015],[126.76607183827223,37.55625636282912],[126.76641526600197,37.55630035409673],[126.76641277407535,37.5562749868206]]]]},"properties":{"blocktype":"공원","zonename":"인천계양 테크노밸리 공공주택지구"},"id":"LT_C_LHBLPN.99041"},{"type":"Feature","geometry":{"type":"MultiPolygon","coordinates":[[[[126.75425085624452,37.553394297381594],[126.75408695772259,37.55337328404633],[126.75405915935615,37.55337336523389],[126.75403175085854,37.553377052858856],[126.75400546345836,37.55338424935321],[126.75398100233315,37.55339476100524],[126.75397619454978,37.55339772292645],[126.75392983249797,37.55362692000547],[126.75419687827572,37.55366115753564],[126.75441884659253,37.55368961508931],[126.75464081490937,37.553718073344314],[126.75486278412444,37.553746530164055],[126.75517511756898,37.553786572518874],[126.75506015297555,37.55352604756848],[126.7550080578756,37.553491374840014],[126.75491676119495,37.55347967031571],[126.75469479197983,37.553451212681864],[126.75447282366301,37.55342275574932],[126.75425085624452,37.553394297381594]]]]},"properties":{"blocktype":"근린생활시설용지","zonename":"인천계양 테크노밸리 공공주택지구"},"id":"LT_C_LHBLPN.99042"},{"type":"Feature","geometry":{"type":"MultiPolygon","coordinates":[[[[126.76586254967562,37.568663401827926],[126.76595961982864,37.56851719506736],[126.76564949534139,37.56857379834112],[126.76510263064081,37.56867356884025],[126.76477202276847,37.568732610680485],[126.7645205106586,37.568777546558465],[126.76452607123028,37.568783851534874],[126.76453257054129,37.56879121956313],[126.76453907254732,37.56879858972669],[126.76454557814661,37.56880596487371],[126.76455209272906,37.56881334998836],[126.76455861719299,37.56882074649465],[126.7645651488434,37.56882815510462],[126.76457168857867,37.56883557653028],[126.7645782337038,37.56884301219566],[126.76458478332056,37.56885046138875],[126.7645913383272,37.56885792339756],[126.76459789602875,37.568865402494154],[126.7646044573236,37.5688728965425],[126.76461101772011,37.56888040483057],[126.76461752691266,37.56888786897241],[126.76462408281762,37.56889540645193],[126.76463063782423,37.568902961731276],[126.76463719103421,37.568910534810406],[126.76464373975266,37.56891812640137],[126.7646502830812,37.5689257372162],[126.76465682191814,37.568933367966885],[126.76466335446692,37.568941019365475],[126.7646698798291,37.5689486906999],[126.76467639620817,37.56895638268218],[126.76468290180748,37.56896409744842],[126.76468939752527,37.56897183428655],[126.76469588066671,37.56897959390857],[126.76470235123168,37.56898737702658],[126.76470880742364,37.56899518364049],[126.76471525014084,37.569003014462325],[126.76472167489176,37.56901087020413],[126.7647280825747,37.56901875157791],[126.7647344731896,37.56902665858363],[126.76474084314329,37.56903459193334],[126.76474719243573,37.56904255162701],[126.76475352106691,37.56905053908869],[126.76475982544359,37.569058554318374],[126.76476466197306,37.56906474748359],[126.76476615946463,37.56906658734772],[126.7647726345212,37.5690745975915],[126.76477722401398,37.56908031085284],[126.76485300409473,37.5691796114519],[126.76492330894379,37.5692814324682],[126.76498800740721,37.569385581646344],[126.76504697461908,37.569491863883755],[126.7651001027816,37.569600079806634],[126.76519945375709,37.56949640442012],[126.7652931812789,37.56938739088574],[126.76543712372676,37.56921973166746],[126.76566349109352,37.56893717871381],[126.76586254967562,37.568663401827926]]]]},"properties":{"blocktype":"공원","zonename":"인천계양 테크노밸리 공공주택지구"},"id":"LT_C_LHBLPN.99050"},{"type":"Feature","geometry":{"type":"MultiPolygon","coordinates":[[[[126.75996437950505,37.545261580141315],[126.75999275369163,37.54521246769306],[126.75959328725783,37.54435245756844],[126.7589380812424,37.54454539302563],[126.75897608806373,37.54463643567555],[126.75908208477571,37.54479735460326],[126.75936127038625,37.54539842588109],[126.75942295140862,37.545421019093425],[126.75996437950505,37.545261580141315]]]]},"properties":{"blocktype":"복합시설용지기타","zonename":"인천계양 테크노밸리 공공주택지구"},"id":"LT_C_LHBLPN.99052"},{"type":"Feature","geometry":{"type":"MultiPolygon","coordinates":[[[[126.75614245580624,37.553636801353534],[126.75592122770124,37.55360844205909],[126.75586725691898,37.55387530287064],[126.7560884832274,37.55390366135139],[126.7563097122307,37.55393202053351],[126.75653094033575,37.553960380417],[126.75675216844076,37.553988738153194],[126.75697339744409,37.554017096590776],[126.75702736553141,37.553750235574775],[126.7568061374264,37.553721877747826],[126.7565849102197,37.55369351919792],[126.75636368301298,37.55366516063718],[126.75614245580624,37.553636801353534]]]]},"properties":{"blocktype":"근린생활시설용지","zonename":"인천계양 테크노밸리 공공주택지구"},"id":"LT_C_LHBLPN.99085"},{"type":"Feature","geometry":{"type":"MultiPolygon","coordinates":[[[[126.758617431195,37.5420176702502],[126.75838251546003,37.54151187907464],[126.75762130374947,37.54173015423045],[126.75784196681421,37.54220526966178],[126.75790364514161,37.54222786312956],[126.758617431195,37.5420176702502]]]]},"properties":{"blocktype":"복합시설용지기타","zonename":"인천계양 테크노밸리 공공주택지구"},"id":"LT_C_LHBLPN.99087"},{"type":"Feature","geometry":{"type":"MultiPolygon","coordinates":[[[[126.75250964094953,37.558577692275016],[126.75250109886947,37.558512147116254],[126.75249108894228,37.55842200088711],[126.75248001810472,37.55831719333206],[126.7524738412888,37.55828843204404],[126.75247032618113,37.55827746176177],[126.7524571487942,37.558178145917665],[126.75245244162214,37.558071187396685],[126.75242762386576,37.557866412203786],[126.75237288053236,37.55744338372966],[126.75236765952394,37.5574043139773],[126.7516619960373,37.556340152950554],[126.74956496614314,37.55317756832308],[126.74943397919829,37.55314903009825],[126.74922607400725,37.55325070851306],[126.74919441108844,37.55326103573117],[126.74923357853312,37.553325936007866],[126.74930024161205,37.55329689789476],[126.74938619241844,37.553280411813326],[126.74940839158575,37.5532750527144],[126.7494424242603,37.55328449541085],[126.74946615056356,37.553296259076085],[126.74950060364965,37.55331525271259],[126.74952746417495,37.553337384174355],[126.74956308147767,37.55338061727796],[126.74960367454874,37.553492427428104],[126.74965298936289,37.55356830560214],[126.74985939167244,37.55391301352304],[126.7501159154833,37.55429602923738],[126.75030659547876,37.55460529387394],[126.75031406586868,37.55460512936501],[126.75033722533503,37.55468509704851],[126.75044599784118,37.554816511663496],[126.75062993238718,37.55504530272324],[126.75059353175357,37.555067029879034],[126.75071733666768,37.555272717912075],[126.75086918249342,37.55541836955033],[126.7509767494605,37.555572575970515],[126.75111111946069,37.55569854819867],[126.75130119668657,37.55598735772449],[126.75159614862865,37.55649244607446],[126.7518052458841,37.556848778949735],[126.75189480701961,37.55704150972458],[126.75192902295048,37.5571328525877],[126.75196469774535,37.55722807220115],[126.75206310099819,37.557416767049176],[126.75225136003398,37.55770998583552],[126.75230008375667,37.55789785553053],[126.75235990526639,37.55798087257192],[126.75235491781993,37.55801762262335],[126.75234130654674,37.55806066144962],[126.75235618174955,37.55811448184541],[126.75234384967733,37.55814734291051],[126.75228959502743,37.55822849889055],[126.75225832826563,37.55834006605392],[126.75222357244729,37.558377384915175],[126.75229395724644,37.55855187500081],[126.752312510152,37.55855443650436],[126.75234161826216,37.55854801031345],[126.75250964094953,37.558577692275016]]]]},"properties":{"blocktype":"녹지","zonename":"인천계양 테크노밸리 공공주택지구"},"id":"LT_C_LHBLPN.99217"},{"type":"Feature","geometry":{"type":"MultiPolygon","coordinates":[[[[126.76161742425661,37.54477477473474],[126.7616518234438,37.544728166964205],[126.76162909786372,37.54461153380567],[126.76158266933659,37.54439146863552],[126.76152933456156,37.544172399266955],[126.76146912767454,37.54395446032625],[126.76140208640491,37.543737790714715],[126.76132825207507,37.54352252648622],[126.76124767229577,37.54330880155934],[126.76116039557603,37.543096749854016],[126.76106647940803,37.54288650386709],[126.7608417658397,37.542402715112665],[126.76073896713017,37.54236506131695],[126.76059665512452,37.5424069731016],[126.76044806748834,37.54248435406636],[126.76028749273303,37.542531643462596],[126.76005872955938,37.54256539034603],[126.75987161767219,37.542620493341936],[126.76084503660567,37.54471615906789],[126.76095880554145,37.5449687354541],[126.76161742425661,37.54477477473474]]]]},"properties":{"blocktype":"유보지","zonename":"인천계양 테크노밸리 공공주택지구"},"id":"LT_C_LHBLPN.99240"},{"type":"Feature","geometry":{"type":"MultiPolygon","coordinates":[[[[126.76265056678342,37.5500417415807],[126.76262855356735,37.549836139531216],[126.76260056655471,37.549630998425016],[126.76256662101673,37.54942642723394],[126.76248710394442,37.549362321949005],[126.76105495941282,37.54917879659389],[126.76088107791315,37.54918845276064],[126.76019684104271,37.54910076235684],[126.76011121273149,37.54915966871959],[126.76012131967681,37.54973618711967],[126.76012027852936,37.54977901350604],[126.76265540421122,37.550103898406284],[126.76265056678342,37.5500417415807]]]]},"properties":{"blocktype":"상업시설","zonename":"인천계양 테크노밸리 공공주택지구"},"id":"LT_C_LHBLPN.99242"},{"type":"Feature","geometry":{"type":"MultiPolygon","coordinates":[[[[126.76186484004879,37.54849045568392],[126.76174968321591,37.54847569851803],[126.76181397564076,37.549075294344696],[126.76192913247368,37.549090051391865],[126.76186484004879,37.54849045568392]]]]},"properties":{"blocktype":"보행자전용도로","zonename":"인천계양 테크노밸리 공공주택지구"},"id":"LT_C_LHBLPN.99243"},{"type":"Feature","geometry":{"type":"MultiPolygon","coordinates":[[[[126.76626853159019,37.555010829393154],[126.76626011976587,37.55491404589839],[126.76623700341867,37.55492701926093],[126.76623796820927,37.55493702221542],[126.76623878926944,37.55494564643326],[126.76619465683619,37.554973264576205],[126.76606258203154,37.55501030453416],[126.76535921913037,37.55500917932758],[126.76505390781647,37.55503623270737],[126.76477926498633,37.55509983673998],[126.76460603027365,37.55519751944431],[126.76449944247025,37.555298668782925],[126.76449294046422,37.55538686393215],[126.76456998177963,37.555468196683705],[126.76502930565577,37.5556269664592],[126.76507236909386,37.555644621371854],[126.76511541546395,37.55566786238339],[126.76588685179905,37.55608727682746],[126.76597024779673,37.55612762628348],[126.76605909656823,37.556161589913245],[126.7662192077929,37.55620758734818],[126.76637418604402,37.55623014879834],[126.76637160698085,37.55618982432292],[126.7663652397221,37.556108541497],[126.766360335819,37.55604810239073],[126.76635843498383,37.55600802208305],[126.76634199671247,37.55579958006486],[126.76633316267996,37.55568931731652],[126.76632599412399,37.5556074927104],[126.76630651146208,37.55544262544887],[126.76629738368048,37.555350129674935],[126.76628889370275,37.55525303042456],[126.76627551419492,37.55510512306786],[126.76626853159019,37.555010829393154]]]]},"properties":{"blocktype":"공원","zonename":"인천계양 테크노밸리 공공주택지구"},"id":"LT_C_LHBLPN.99781"},{"type":"Feature","geometry":{"type":"MultiPolygon","coordinates":[[[[126.76060755797714,37.567775404534395],[126.76051481141563,37.56740425870858],[126.76042206485413,37.56703311530564],[126.75981703064565,37.567128910411846],[126.76000251748043,37.56787120082204],[126.76060755797714,37.567775404534395]]]]},"properties":{"blocktype":"산업용지","zonename":"인천계양 테크노밸리 공공주택지구"},"id":"LT_C_LHBLPN.114418"},{"type":"Feature","geometry":{"type":"MultiPolygon","coordinates":[[[[126.76038231709775,37.56687405155195],[126.76027853024138,37.56645872302649],[126.75967350052449,37.56655451815932],[126.7597772828893,37.56696984686268],[126.76038231709775,37.56687405155195]]]]},"properties":{"blocktype":"산업용지","zonename":"인천계양 테크노밸리 공공주택지구"},"id":"LT_C_LHBLPN.114419"},{"type":"Feature","geometry":{"type":"MultiPolygon","coordinates":[[[[126.76624618599753,37.56818474324142],[126.76625424208899,37.56817149663153],[126.76592897559931,37.56822825396639],[126.7658360475781,37.56824522519292],[126.76555436554942,37.56829659027563],[126.76539760593907,37.56832512839527],[126.76510696501208,37.568378033540114],[126.76493719240649,37.56840901459665],[126.76466331314438,37.56845884301107],[126.76461419326466,37.568467782516024],[126.7645657525113,37.56847663230445],[126.76430129567814,37.56852478100224],[126.7643100578454,37.56853542651549],[126.76431031656023,37.568535736247114],[126.76431510817397,37.56854138689149],[126.76432135685505,37.56854873856708],[126.76432761721428,37.56855609024197],[126.76433388835328,37.56856343906802],[126.76434017206869,37.56857078646931],[126.76434646476726,37.568578133157835],[126.7643527691439,37.5685854784216],[126.76435908340204,37.56859282226058],[126.76436540843997,37.56860016609883],[126.76437174335935,37.568607508512294],[126.76437808726189,37.56861485092505],[126.76438444014758,37.56862219191302],[126.76439080201644,37.56862953361232],[126.76439717466505,37.568636873886796],[126.7644035545002,37.568644214160585],[126.76440994331848,37.56865155585769],[126.76441633932332,37.56865889613001],[126.764422743413,37.568666237825674],[126.76442915468917,37.56867357952063],[126.76443557494852,37.56868092192685],[126.76444200149604,37.56868826433237],[126.76444843343346,37.568695608161214],[126.76445487345573,37.56870295341339],[126.76446131976626,37.56871029937685],[126.76446777236491,37.568717646763645],[126.76447422945517,37.56872499557376],[126.76448069373195,37.568732345095185],[126.764487161602,37.568739697463975],[126.76449363576027,37.56874705054406],[126.76450011441011,37.56875440647153],[126.76450659755147,37.56876176453436],[126.76451308428616,37.56876912402048],[126.7645195764107,37.56877648635397],[126.7645205106586,37.568777546558465],[126.76477202276847,37.568732610680485],[126.76510263064081,37.56867356884025],[126.76564949534139,37.56857379834112],[126.76595961982864,37.56851719506736],[126.76596649822876,37.56850683507438],[126.76601963088285,37.56849234389826],[126.76601048513494,37.568449078265004],[126.76616679468933,37.56819855092856],[126.76624618599753,37.56818474324142]]]]},"properties":{"blocktype":"하천","zonename":"인천계양 테크노밸리 공공주택지구"},"id":"LT_C_LHBLPN.114420"},{"type":"Feature","geometry":{"type":"MultiPolygon","coordinates":[[[[126.7624270578559,37.56593782633563],[126.7623335019123,37.56569078175366],[126.76230502531779,37.56546355430181],[126.76224800295849,37.565223807458416],[126.76219917862453,37.56498291556182],[126.76215858824838,37.56474105804083],[126.76210748309187,37.564470748445295],[126.76210048252086,37.564405518219665],[126.76205404411223,37.564272612357115],[126.76204047146662,37.5640793897329],[126.76203210725303,37.56388597862072],[126.76194390706515,37.563829513487],[126.76178640903966,37.5638544530845],[126.76194747068189,37.56449897187369],[126.7618446333448,37.564621489028504],[126.76131550857444,37.56525186825222],[126.76078890178185,37.56533525306591],[126.76060574338027,37.5653642537331],[126.76068302993575,37.565673541500736],[126.7600914884228,37.56576720433179],[126.75950016609886,37.565860831442464],[126.75938915139774,37.56587840845272],[126.75879475144558,37.56597251748232],[126.75819519246876,37.56606743457022],[126.75826143064458,37.566332539710864],[126.7590953897234,37.56620050812241],[126.75945539406509,37.56614350999378],[126.75956640786791,37.56612593375811],[126.76019404907882,37.56602655859503],[126.7608214351682,37.565927219614],[126.76093244897099,37.5659096419032],[126.76173653996499,37.56578231908456],[126.7623496823672,37.566108417330526],[126.76245884743714,37.56654524874752],[126.76257531760699,37.56652680533465],[126.7626209331588,37.56646453902322],[126.76255182756064,37.56629002617016],[126.76248719197932,37.56611443130444],[126.7624270578559,37.56593782633563]]]]},"properties":{"blocktype":"공원","zonename":"인천계양 테크노밸리 공공주택지구"},"id":"LT_C_LHBLPN.114471"},{"type":"Feature","geometry":{"type":"MultiPolygon","coordinates":[[[[126.76548259644645,37.560297706180314],[126.76539410340781,37.56003632525212],[126.76232990505792,37.560840182634855],[126.76233343004708,37.56086664570304],[126.76235543427997,37.56108055741418],[126.76237099759228,37.5612948259833],[126.7623753912523,37.56139823221953],[126.76438466203145,37.56087032939671],[126.76481366237685,37.56047319227484],[126.76548259644645,37.560297706180314]]]]},"properties":{"blocktype":"공원","zonename":"인천계양 테크노밸리 공공주택지구"},"id":"LT_C_LHBLPN.114472"},{"type":"Feature","geometry":{"type":"MultiPolygon","coordinates":[[[[126.75893694756853,37.557658302252],[126.75883390631384,37.55764509649816],[126.75878014753401,37.55767812440883],[126.75876292683002,37.55781952919191],[126.75874378193468,37.55797673083729],[126.75878048619886,37.55798376167383],[126.75893268236756,37.55801287202188],[126.75895442878398,37.55783430943222],[126.75897152013056,37.55769396646364],[126.75893694756853,37.557658302252]]]]},"properties":{"blocktype":"단독주택","zonename":"인천계양 테크노밸리 공공주택지구"},"id":"LT_C_LHBLPN.114551"},{"type":"Feature","geometry":{"type":"MultiPolygon","coordinates":[[[[126.75132293411984,37.55136359101933],[126.75140523507125,37.55127758893243],[126.75143768311762,37.55111719534859],[126.75032042234761,37.55097391901947],[126.75032002798717,37.55097586615957],[126.7507800264981,37.55150996462376],[126.75086726279366,37.55152923860592],[126.75132293411984,37.55136359101933]]]]},"properties":{"blocktype":"공원","zonename":"인천계양 테크노밸리 공공주택지구"},"id":"LT_C_LHBLPN.114552"},{"type":"Feature","geometry":{"type":"MultiPolygon","coordinates":[[[[126.7666720997316,37.56196483195708],[126.76652124025603,37.560452020712304],[126.7658424705324,37.560630090662805],[126.7658426501955,37.56063069167719],[126.76592066887791,37.56075885645886],[126.76595560256264,37.56088283814518],[126.7659652271126,37.56106820536046],[126.7660517528408,37.561412637188056],[126.7661298766261,37.56175834064305],[126.76617750709909,37.56199539269986],[126.76619956702751,37.56210518397145],[126.76626080068887,37.562453038269865],[126.7663158350764,37.56258403472186],[126.76635755912642,37.56287408577597],[126.7664304430387,37.56291685690303],[126.76676180549588,37.562864369431416],[126.7666720997316,37.56196483195708]]]]},"properties":{"blocktype":"산업용지","zonename":"인천계양 테크노밸리 공공주택지구"},"id":"LT_C_LHBLPN.114616"},{"type":"Feature","geometry":{"type":"MultiPolygon","coordinates":[[[[126.74835478813173,37.55445104414677],[126.74836636831404,37.55446112194208],[126.74834716951977,37.55435395440736],[126.74832720985249,37.55426868716273],[126.74830420489639,37.554170357308095],[126.74829630062018,37.55414006184176],[126.74822687612009,37.55401515024232],[126.74817821258453,37.55386822749211],[126.74817233400931,37.5538482070515],[126.74816683182817,37.553829783996896],[126.74816465251531,37.553822500661155],[126.748146120271,37.55376050788677],[126.74812089108623,37.553688215677845],[126.74801829629423,37.553650185859986],[126.74748709372068,37.5538432674599],[126.74747644598962,37.553896658616566],[126.74767397114755,37.55404116991895],[126.74774011589854,37.554092667999754],[126.748045833251,37.55431550617755],[126.74829437912379,37.55447740479642],[126.74835478813173,37.55445104414677]]]]},"properties":{"blocktype":"공원","zonename":"인천계양 테크노밸리 공공주택지구"},"id":"LT_C_LHBLPN.114658"},{"type":"Feature","geometry":{"type":"MultiPolygon","coordinates":[[[[126.76075397708024,37.568361320810205],[126.76064620350066,37.567930047489355],[126.76004116210567,37.56802584357809],[126.76015234389342,37.56847076875902],[126.76075397708024,37.568361320810205]]]]},"properties":{"blocktype":"산업용지","zonename":"인천계양 테크노밸리 공공주택지구"},"id":"LT_C_LHBLPN.114666"},{"type":"Feature","geometry":{"type":"MultiPolygon","coordinates":[[[[126.75989150188101,37.56788877806993],[126.75970601504619,37.56714648712286],[126.7591009790411,37.56724227852306],[126.7591937193144,37.56761342373191],[126.75928645958768,37.56798457136366],[126.75989150188101,37.56788877806993]]]]},"properties":{"blocktype":"산업용지","zonename":"인천계양 테크노밸리 공공주택지구"},"id":"LT_C_LHBLPN.114668"},{"type":"Feature","geometry":{"type":"MultiPolygon","coordinates":[[[[126.76612124651116,37.55870142906067],[126.76617085956602,37.55864113448174],[126.76605384411876,37.55756666663477],[126.76597734808074,37.55752810612141],[126.76545802033688,37.557681547620355],[126.76531067686736,37.557753912865394],[126.76486611051472,37.557885262249734],[126.76481743619938,37.55796660366847],[126.765210574002,37.55889155296101],[126.76529170265194,37.5589235534441],[126.76612124651116,37.55870142906067]]]]},"properties":{"blocktype":"산업용지","zonename":"인천계양 테크노밸리 공공주택지구"},"id":"LT_C_LHBLPN.114669"},{"type":"Feature","geometry":{"type":"MultiPolygon","coordinates":[[[[126.75966626818814,37.56698742361124],[126.75956248582337,37.566572095005874],[126.75895745430985,37.56666788572062],[126.75906123397968,37.56708321521599],[126.75966626818814,37.56698742361124]]]]},"properties":{"blocktype":"산업용지","zonename":"인천계양 테크노밸리 공공주택지구"},"id":"LT_C_LHBLPN.114670"},{"type":"Feature","geometry":{"type":"MultiPolygon","coordinates":[[[[126.7662112918386,37.56416502314744],[126.76614025576087,37.56412032445416],[126.7656522244232,37.56419762306321],[126.7651376873948,37.56427911709376],[126.76462314946802,37.56436060889894],[126.76410860884631,37.56444209847877],[126.76419695276462,37.56479556787197],[126.76471149608128,37.56471407725467],[126.76522603670297,37.56463258512409],[126.76574057642635,37.564551090768155],[126.76622136105463,37.564474940375625],[126.76622103945775,37.56445180180034],[126.7662112918386,37.56416502314744]]]]},"properties":{"blocktype":"지원시설","zonename":"인천계양 테크노밸리 공공주택지구"},"id":"LT_C_LHBLPN.114671"},{"type":"Feature","geometry":{"type":"MultiPolygon","coordinates":[[[[126.75798569546303,37.55469440995333],[126.75673428927166,37.55453400663101],[126.75655675881531,37.555411839826874],[126.75650941759984,37.5556459253185],[126.75776084085922,37.55580633265678],[126.75798569546303,37.55469440995333]]]]},"properties":{"blocktype":"교육시설","zonename":"인천계양 테크노밸리 공공주택지구"},"id":"LT_C_LHBLPN.114672"},{"type":"Feature","geometry":{"type":"MultiPolygon","coordinates":[[[[126.75734723943441,37.54722516979867],[126.75623002537682,37.54708194937666],[126.75597818448352,37.548327301235666],[126.75709541560913,37.54847052425043],[126.75734723943441,37.54722516979867]]]]},"properties":{"blocktype":"교육시설","zonename":"인천계양 테크노밸리 공공주택지구"},"id":"LT_C_LHBLPN.114673"},{"type":"Feature","geometry":{"type":"MultiPolygon","coordinates":[[[[126.75166081834598,37.550014178586515],[126.75168960935083,37.549871853779734],[126.75057236744544,37.54972858075431],[126.75032042234761,37.55097391901947],[126.75143768311762,37.55111719534859],[126.75166081834598,37.550014178586515]]]]},"properties":{"blocktype":"교육시설","zonename":"인천계양 테크노밸리 공공주택지구"},"id":"LT_C_LHBLPN.114674"},{"type":"Feature","geometry":{"type":"MultiPolygon","coordinates":[[[[126.76206623874224,37.56754443670679],[126.76211654529644,37.56748450387871],[126.7619560235417,37.56684219333209],[126.76188073124617,37.56680214944867],[126.76166176509902,37.56683682167973],[126.76184726990017,37.567579109304376],[126.76206623874224,37.56754443670679]]]]},"properties":{"blocktype":"복합커뮤니티센터","zonename":"인천계양 테크노밸리 공공주택지구"},"id":"LT_C_LHBLPN.114675"},{"type":"Feature","geometry":{"type":"MultiPolygon","coordinates":[[[[126.75750303694905,37.54307303055051],[126.75735287726114,37.54274971690867],[126.75677977995763,37.54291847347233],[126.75690773688504,37.54319398389062],[126.75698997495434,37.543224108588134],[126.75750303694905,37.54307303055051]]]]},"properties":{"blocktype":"복합커뮤니티센터","zonename":"인천계양 테크노밸리 공공주택지구"},"id":"LT_C_LHBLPN.114676"},{"type":"Feature","geometry":{"type":"MultiPolygon","coordinates":[[[[126.75284234009985,37.55057635596073],[126.75266357895156,37.55055343385079],[126.75264558569643,37.550642386696595],[126.7528243459464,37.55066530877919],[126.75300310799298,37.55068823014254],[126.75302110124811,37.55059927663925],[126.75284234009985,37.55057635596073]]]]},"properties":{"blocktype":"보행자전용도로","zonename":"인천계양 테크노밸리 공공주택지구"},"id":"LT_C_LHBLPN.114677"},{"type":"Feature","geometry":{"type":"MultiPolygon","coordinates":[[[[126.75954786664043,37.554119239576885],[126.75951101145928,37.55388496626276],[126.7594814020892,37.55365004128966],[126.7594590564965,37.55341460851003],[126.7594439872576,37.553178808217275],[126.7594362051523,37.55294278497958],[126.75942463664808,37.55228253809974],[126.75748896573847,37.55203444192174],[126.75713909618982,37.553764557986064],[126.75708512900081,37.554031418950785],[126.75959194697144,37.55435272165433],[126.75954786664043,37.554119239576885]]]]},"properties":{"blocktype":"공동주택","zonename":"인천계양 테크노밸리 공공주택지구"},"id":"LT_C_LHBLPN.114705"},{"type":"Feature","geometry":{"type":"MultiPolygon","coordinates":[[[[126.75066009152619,37.5450212939358],[126.75056645293763,37.54494046046848],[126.75053934357898,37.544976117945794],[126.75031399310511,37.545196115150866],[126.75021669927166,37.545291235343576],[126.75001153484054,37.545395767059645],[126.7498243897157,37.545525745070826],[126.74954226302096,37.54570210283987],[126.74942309970187,37.545771947688785],[126.74927389492308,37.545858035899535],[126.74915823054204,37.5459302310037],[126.74908188542099,37.545986741040046],[126.74898534707069,37.54605834557126],[126.74892289259884,37.54612308474322],[126.74883398004698,37.54621542744129],[126.74869058916468,37.54638919530428],[126.74863460256293,37.54651602634383],[126.74860913712126,37.54658471874363],[126.74854823314162,37.5467601929728],[126.74849546700011,37.54693874790975],[126.74849117934129,37.54697456824479],[126.74869220882715,37.54700035391823],[126.74875700880017,37.54668007861235],[126.7487757296907,37.54660697043516],[126.74880198385318,37.546535347200525],[126.74883559072629,37.54646569822003],[126.74887632034125,37.54639850283559],[126.74892389332206,37.54633422116024],[126.74897798178365,37.54627329336554],[126.74903821741671,37.546216137544675],[126.74910418430132,37.54616314686309],[126.74917543238142,37.54611468314816],[126.74924576956985,37.54607071649457],[126.75016400858865,37.54549672671067],[126.75023885621812,37.545445586648846],[126.75030782796733,37.54538945155697],[126.75037039832179,37.54532874877289],[126.75066009152619,37.5450212939358]]]]},"properties":{"blocktype":"녹지","zonename":"인천계양 테크노밸리 공공주택지구"},"id":"LT_C_LHBLPN.114707"},{"type":"Feature","geometry":{"type":"MultiPolygon","coordinates":[[[[126.7591937193144,37.56761342373191],[126.7591009790411,37.56724227852306],[126.75856871016727,37.56732654688444],[126.75812464507452,37.56739684853288],[126.75768057908353,37.56746714940296],[126.75729931251739,37.56752750519466],[126.75724900147155,37.56758743585203],[126.7573292416877,37.567908594656835],[126.75740948370044,37.56822975350099],[126.75748477509767,37.56826980088912],[126.75786604435878,37.5682094435628],[126.75831011484136,37.5681391426813],[126.7587541844257,37.56806884030933],[126.75928645958768,37.56798457136366],[126.7591937193144,37.56761342373191]]]]},"properties":{"blocktype":"산업용지","zonename":"인천계양 테크노밸리 공공주택지구"},"id":"LT_C_LHBLPN.114777"},{"type":"Feature","geometry":{"type":"MultiPolygon","coordinates":[[[[126.75820966253134,37.567218034298165],[126.75825997267886,37.5671581040556],[126.75816703297954,37.56678613416783],[126.7570913471392,37.56695642416241],[126.75718428144864,37.56732839533594],[126.7572595710492,37.56736844249667],[126.75820966253134,37.567218034298165]]]]},"properties":{"blocktype":"산업용지","zonename":"인천계양 테크노밸리 공공주택지구"},"id":"LT_C_LHBLPN.114778"},{"type":"Feature","geometry":{"type":"MultiPolygon","coordinates":[[[[126.76093067030672,37.56678722786662],[126.7609809786576,37.56672729656542],[126.76090217215267,37.5664119443959],[126.76082688255205,37.5663718988571],[126.76027853024138,37.56645872302649],[126.76038231709775,37.56687405155195],[126.76093067030672,37.56678722786662]]]]},"properties":{"blocktype":"산업용지","zonename":"인천계양 테크노밸리 공공주택지구"},"id":"LT_C_LHBLPN.114779"},{"type":"Feature","geometry":{"type":"MultiPolygon","coordinates":[[[[126.75655675881531,37.555411839826874],[126.75613179909207,37.55535764146243],[126.75614947524193,37.55542614340284],[126.75618800667938,37.55560472458193],[126.75650941759984,37.5556459253185],[126.75655675881531,37.555411839826874]]]]},"properties":{"blocktype":"공원","zonename":"인천계양 테크노밸리 공공주택지구"},"id":"LT_C_LHBLPN.114780"},{"type":"Feature","geometry":{"type":"MultiPolygon","coordinates":[[[[126.76017388279901,37.557315620585584],[126.76028076255487,37.557573802905445],[126.76061839165946,37.55748557188941],[126.76060307358725,37.55744216099763],[126.76052885388016,37.55723183369739],[126.76041625724578,37.557262158528594],[126.76028198156871,37.55729481914775],[126.76017388279901,37.557315620585584]]]]},"properties":{"blocktype":"공원","zonename":"인천계양 테크노밸리 공공주택지구"},"id":"LT_C_LHBLPN.114781"},{"type":"Feature","geometry":{"type":"MultiPolygon","coordinates":[[[[126.76402384740939,37.568689103810215],[126.76394142338879,37.568588983014976],[126.76354624281721,37.568660740276314],[126.7631185459273,37.568738377369925],[126.76267702216855,37.568817462639615],[126.76243494147081,37.56886206167919],[126.76216060316959,37.568912703633046],[126.76178597335674,37.56898177554563],[126.761348313252,37.569062485390525],[126.76097301239767,37.56912856169146],[126.76079451265912,37.56915798738229],[126.76045157271462,37.56922055974698],[126.7600111943078,37.56930089908301],[126.75956900310074,37.5693814939471],[126.7592041227037,37.56944803633685],[126.75913959941182,37.56945941082453],[126.75909500973604,37.569467257261955],[126.75856451862816,37.56956375128635],[126.75826414894661,37.56961871897508],[126.75805894139636,37.5696563654103],[126.75781684452896,37.56970068412541],[126.75725525644089,37.569804028140744],[126.75714999095761,37.56982307524245],[126.7569540719874,37.56985844099312],[126.75687348502159,37.56987343031326],[126.7564985057641,37.56994246644627],[126.75627655361696,37.56998329470377],[126.75628299184258,37.56999171995245],[126.75634136526807,37.57021105234444],[126.75635386891851,37.57026516585515],[126.756572103837,37.57022444882584],[126.75674720884209,37.57019232859491],[126.75712003663443,37.57012371990047],[126.75730282043855,37.570090164210086],[126.75732965221778,37.570085192230664],[126.75758521123801,37.570040324782795],[126.7578973668161,37.569985347437076],[126.75793551287633,37.56997850570453],[126.75834161247016,37.56990465425646],[126.7585188428892,37.56987270761904],[126.75877700971871,37.56982613120852],[126.75904988825766,37.569776944522225],[126.75917190462609,37.56975492118554],[126.75921592746487,37.56974734392015],[126.75976078443075,37.569647037999175],[126.75993270400984,37.56961536608963],[126.7601055407688,37.569583597332326],[126.76036200618917,37.569537365357355],[126.76068162586894,37.569479692653175],[126.7611849312614,37.56938454850727],[126.76143381040916,37.56933868665866],[126.76180549374784,37.56926781722711],[126.76215578280977,37.56920398533806],[126.7625919786606,37.5691245579966],[126.76275359995321,37.56909512303625],[126.76319976171382,37.569013865681626],[126.76335537776882,37.56898606690523],[126.7637568070215,37.568914376887506],[126.7641567037483,37.56884303498043],[126.7641522939186,37.56883799669952],[126.76414578203111,37.56883054892922],[126.76413927104193,37.56882309474997],[126.76413276364602,37.56881563487376],[126.76412625804673,37.5688081685886],[126.7641197560407,37.568800696606495],[126.7641132567296,37.56879321750338],[126.76410675921518,37.568785732703326],[126.76410026619229,37.56877824149432],[126.76409377766099,37.5687707431643],[126.76408729272295,37.5687632384253],[126.76408081137818,37.56875572656531],[126.76407433542332,37.568748207584306],[126.76406786396002,37.5687406814823],[126.76406139878488,37.56873314683522],[126.76405493720303,37.568725605067144],[126.76404848190943,37.56871805617806],[126.7640420338023,37.568710499455904],[126.76403559018678,37.56870293418869],[126.76402915465609,37.56869536108845],[126.76402384740939,37.568689103810215]]]]},"properties":{"blocktype":"하천","zonename":"인천계양 테크노밸리 공공주택지구"},"id":"LT_C_LHBLPN.114782"},{"type":"Feature","geometry":{"type":"MultiPolygon","coordinates":[[[[126.75057236744544,37.54972858075431],[126.75046064307526,37.549714252581985],[126.75043904847414,37.54982099519189],[126.75041342223403,37.5499476644195],[126.75038326219668,37.55009674432737],[126.75036886399931,37.550167906906125],[126.75033917018759,37.55031467884252],[126.75029768059787,37.55051975396911],[126.75029076806177,37.55055392598004],[126.75020349044371,37.55060157347841],[126.75006349429489,37.550678003699936],[126.75032002798717,37.55097586615957],[126.75032042234761,37.55097391901947],[126.75057236744544,37.54972858075431]]]]},"properties":{"blocktype":"보행자전용도로","zonename":"인천계양 테크노밸리 공공주택지구"},"id":"LT_C_LHBLPN.114830"},{"type":"Feature","geometry":{"type":"MultiPolygon","coordinates":[[[[126.75862538398023,37.55725333589328],[126.7584413200768,37.557229745718054],[126.75838756129694,37.55726277381283],[126.75835092710133,37.55756357740769],[126.75865293620829,37.55760228246534],[126.75868761477153,37.55731753195326],[126.75862538398023,37.55725333589328]]]]},"properties":{"blocktype":"근린생활시설용지","zonename":"인천계양 테크노밸리 공공주택지구"},"id":"LT_C_LHBLPN.114839"},{"type":"Feature","geometry":{"type":"MultiPolygon","coordinates":[[[[126.76028076255487,37.557573802905445],[126.76017388279901,37.557315620585584],[126.76014550861244,37.55732108122908],[126.76000731987396,37.55734084935347],[126.75986790044354,37.55735405516121],[126.75983104436408,37.557388239705446],[126.75984351567519,37.557526097909154],[126.75985240450491,37.557578906040035],[126.75986934223958,37.557630450813065],[126.75987329842008,37.557640048202195],[126.7599338951759,37.55766444651587],[126.76028076255487,37.557573802905445]]]]},"properties":{"blocktype":"근린생활시설용지","zonename":"인천계양 테크노밸리 공공주택지구"},"id":"LT_C_LHBLPN.114840"},{"type":"Feature","geometry":{"type":"MultiPolygon","coordinates":[[[[126.75444588767924,37.551731535708655],[126.75436186645406,37.55167117922728],[126.75417643531482,37.55168451209702],[126.75397104360994,37.55170212022708],[126.7538430318853,37.55171405293054],[126.75371531929969,37.55172787648975],[126.75354309788668,37.551722156912334],[126.75331194968597,37.551756702982395],[126.7530823968932,37.55179743366653],[126.75285469822319,37.55184430408688],[126.75262911508567,37.55189726010575],[126.7524059026022,37.55195624046217],[126.75218531319933,37.552021179620894],[126.75196760020204,37.5520920034992],[126.75175300974864,37.55216863089145],[126.75123274775687,37.55236286222959],[126.75124263641155,37.55237583318752],[126.75128440088572,37.552435998233875],[126.751314233038,37.55248171095977],[126.75182507978724,37.552290994549814],[126.75203068708784,37.55221751584335],[126.75223923637091,37.552149498086955],[126.7524505003628,37.55208701607486],[126.75266424729813,37.55203013819071],[126.75288024271661,37.55197892783181],[126.75309825036135,37.5519334398481],[126.75331802948381,37.55189372410313],[126.75353933933552,37.55185982476158],[126.75376193916799,37.55183177886518],[126.75398558194449,37.55180961775665],[126.75419097364937,37.55179200893983],[126.75431967258518,37.551782244857975],[126.75444916832667,37.551775528222954],[126.75444588767924,37.551731535708655]]]]},"properties":{"blocktype":"녹지","zonename":"인천계양 테크노밸리 공공주택지구"},"id":"LT_C_LHBLPN.114858"},{"type":"Feature","geometry":{"type":"MultiPolygon","coordinates":[[[[126.75963067154669,37.54605348523443],[126.76132019508528,37.54626970723933],[126.76122784018926,37.5459783444153],[126.7611273456584,37.5456886948265],[126.76101876090013,37.54540090094251],[126.76090214250827,37.54511510808396],[126.75947383468124,37.5455357215095],[126.75944486221668,37.545584611524],[126.75951866151222,37.54576024408895],[126.75958808421572,37.54593700585711],[126.75963067154669,37.54605348523443]]]]},"properties":{"blocktype":"자족기능확보시설","zonename":"인천계양 테크노밸리 공공주택지구"},"id":"LT_C_LHBLPN.114862"},{"type":"Feature","geometry":{"type":"MultiPolygon","coordinates":[[[[126.76184726990017,37.567579109304376],[126.76166176509902,37.56683682167973],[126.76121770539622,37.566907135183065],[126.76131045555097,37.56727827850161],[126.76140320660409,37.56764942424314],[126.76184726990017,37.567579109304376]]]]},"properties":{"blocktype":"주차장","zonename":"인천계양 테크노밸리 공공주택지구"},"id":"LT_C_LHBLPN.114863"},{"type":"Feature","geometry":{"type":"MultiPolygon","coordinates":[[[[126.7646385762364,37.569468741107194],[126.764587665116,37.56944905381065],[126.76426904795609,37.569519945142275],[126.76437116214935,37.56983514958298],[126.76448831144556,37.570196772255095],[126.7645966168278,37.57009625689589],[126.76467642495426,37.57002244472528],[126.76481456787867,37.56988842888657],[126.76479659169152,37.56983306978898],[126.76479529362594,37.56982917293417],[126.76479249627212,37.5698208509092],[126.76478967825706,37.56981254597162],[126.7647868395808,37.569804260257534],[126.76478397664998,37.569795993054875],[126.76478109126128,37.569787745787735],[126.76477818071977,37.569779517744095],[126.7647752450254,37.56977130963595],[126.76477228417825,37.569763120751304],[126.76476929548328,37.56975495251422],[126.76476627804225,37.56974680492464],[126.76476323275344,37.569738678694655],[126.76476014434547,37.56973053964751],[126.76475791023542,37.56972471322557],[126.76472226777986,37.569638191909895],[126.76468246971781,37.56955282538538],[126.7646385762364,37.569468741107194]]]]},"properties":{"blocktype":"공원","zonename":"인천계양 테크노밸리 공공주택지구"},"id":"LT_C_LHBLPN.114864"},{"type":"Feature","geometry":{"type":"MultiPolygon","coordinates":[[[[126.75740933098685,37.564399724848315],[126.7575985179823,37.56385090269576],[126.75902371853678,37.56359551138259],[126.75915357989255,37.56357547432943],[126.75928471685606,37.56356166507326],[126.75937735202648,37.56355637863323],[126.75941665601509,37.5635541355989],[126.75954892575415,37.56355291011883],[126.76036386031193,37.56356480104852],[126.76041831348948,37.563562607859645],[126.76047187374168,37.563554484515365],[126.76052352507389,37.563540583397646],[126.76057228922076,37.56352116725888],[126.76061724361253,37.56349660566164],[126.760657533053,37.56346736358595],[126.76091114452572,37.56325608059626],[126.76096600374179,37.563207081832495],[126.761016461213,37.56315517419702],[126.76106227708911,37.56310060619927],[126.76121109828729,37.56290930742527],[126.7610171484242,37.56289096209141],[126.76085649910867,37.56309594635586],[126.76062850668959,37.56328487272227],[126.76052035222429,37.56337529362583],[126.76036456279446,37.56342516314749],[126.75928371613284,37.56340296205007],[126.75922448571458,37.56341356343452],[126.75914985368077,37.563426926246755],[126.75836253602978,37.56356785442304],[126.75792085686247,37.56364686756634],[126.75745788582626,37.56372989030746],[126.75745855327453,37.56373349553154],[126.75745227405069,37.56381979797915],[126.75745698391773,37.56386828151235],[126.75744938506872,37.56394304825962],[126.7573001596287,37.56437593969326],[126.7572732191533,37.56444185495223],[126.75740933098685,37.564399724848315]]]]},"properties":{"blocktype":"녹지","zonename":"인천계양 테크노밸리 공공주택지구"},"id":"LT_C_LHBLPN.114894"},{"type":"Feature","geometry":{"type":"MultiPolygon","coordinates":[[[[126.75298002847668,37.55003732306983],[126.75277333780791,37.55001081983332],[126.752744549498,37.55015314508693],[126.75295124106509,37.55017964827286],[126.75315793173388,37.55020615002493],[126.75336462330098,37.55023265176756],[126.75357131486807,37.55025915421298],[126.75360010317797,37.5501168284496],[126.75339341161089,37.55009032666577],[126.75318672094208,37.5500638255847],[126.75298002847668,37.55003732306983]]]]},"properties":{"blocktype":"단독주택","zonename":"인천계양 테크노밸리 공공주택지구"},"id":"LT_C_LHBLPN.114895"},{"type":"Feature","geometry":{"type":"MultiPolygon","coordinates":[[[[126.74982532486193,37.55016247921195],[126.74976970117952,37.55015422122485],[126.74970229878711,37.550191018580406],[126.74968985262888,37.55024416237077],[126.74976289913621,37.550328978411386],[126.749863097223,37.55044532059324],[126.74996329530978,37.550561661881304],[126.75006349429489,37.550678003699936],[126.75020349044371,37.55060157347841],[126.75010329325524,37.55048523225267],[126.75000309427013,37.55036889084531],[126.74990289618331,37.55025254925637],[126.74982532486193,37.55016247921195]]]]},"properties":{"blocktype":"단독주택","zonename":"인천계양 테크노밸리 공공주택지구"},"id":"LT_C_LHBLPN.114896"},{"type":"Feature","geometry":{"type":"MultiPolygon","coordinates":[[[[126.75734723943441,37.54722516979867],[126.75746505438225,37.54664252170441],[126.75912918344606,37.54685583323726],[126.75948683599835,37.54690167545097],[126.75948263098448,37.54688349711209],[126.75941952433581,37.5466465415644],[126.75934847657999,37.5464110168623],[126.75926953532775,37.54617709039595],[126.7591895574197,37.54605507567003],[126.75912059106038,37.54587823369832],[126.75904708102237,37.5457025558277],[126.75898569015585,37.54567946697803],[126.75874457514708,37.54575046782105],[126.75879927895461,37.54587849224265],[126.75885149981869,37.54600717170712],[126.75834948440702,37.54615499811798],[126.7583329068968,37.54615987910315],[126.75824079724077,37.54618398274659],[126.75814671398612,37.54620264130596],[126.75806348148181,37.54621406563821],[126.75805116557925,37.546215756496224],[126.75795466765311,37.546223255671805],[126.75785773673903,37.54622509966117],[126.75776089835138,37.546221278493455],[126.75766467261475,37.54621181282269],[126.75744338611926,37.54618344642958],[126.75749734612177,37.545916584429975],[126.75738562624312,37.545902263359544],[126.75733166624065,37.54616912541041],[126.75684450537051,37.546106673997016],[126.75672025399366,37.546090745434526],[126.75662778321497,37.54607560959335],[126.75653729591635,37.54605418536798],[126.75644946044453,37.54602663443185],[126.75636493436616,37.54599316119172],[126.75631626723734,37.545969521156394],[126.75628434380708,37.545954014212235],[126.75620828884186,37.54590948407963],[126.75613733361254,37.54585990340202],[126.7561019328038,37.545830496286825],[126.75607200722675,37.54580563897492],[126.75601279567312,37.54574709605532],[126.75596013822778,37.54568470981489],[126.75591442655623,37.54561894249156],[126.75536643177506,37.54578029234295],[126.75486972271173,37.54571660842018],[126.75474190142998,37.54570021966406],[126.75474662746666,37.545710395507975],[126.75479525596795,37.54582399065191],[126.75483649133444,37.545939424633474],[126.75487022666663,37.54605639260478],[126.75489637213296,37.54617458687069],[126.7549148594615,37.54629369261556],[126.754918932423,37.54633892977186],[126.75491985678944,37.546339041593384],[126.7561340161342,37.54649470480721],[126.75602163329889,37.547055234268605],[126.75623002537682,37.54708194937666],[126.75734723943441,37.54722516979867]]]]},"properties":{"blocktype":"공원","zonename":"인천계양 테크노밸리 공공주택지구"},"id":"LT_C_LHBLPN.114919"},{"type":"Feature","geometry":{"type":"MultiPolygon","coordinates":[[[[126.754070812302,37.54276364897132],[126.75402390856611,37.54265707005019],[126.75395304226994,37.54267807857167],[126.7539174617982,37.54268763942351],[126.75396466646974,37.54279490279507],[126.75415146394653,37.54321935704363],[126.75425761067716,37.54318810411006],[126.754070812302,37.54276364897132]]]]},"properties":{"blocktype":"보행자전용도로","zonename":"인천계양 테크노밸리 공공주택지구"},"id":"LT_C_LHBLPN.114920"},{"type":"Feature","geometry":{"type":"MultiPolygon","coordinates":[[[[126.75072914053052,37.54494801105452],[126.75063993063631,37.54487099874489],[126.75059722472768,37.544924793053475],[126.75057900958866,37.5449239433363],[126.75056645293763,37.54494046046848],[126.75066009152619,37.5450212939358],[126.7510471962434,37.54535546093843],[126.75113037305219,37.54529437351228],[126.75072914053052,37.54494801105452]]]]},"properties":{"blocktype":"보행자전용도로","zonename":"인천계양 테크노밸리 공공주택지구"},"id":"LT_C_LHBLPN.114921"},{"type":"Feature","geometry":{"type":"MultiPolygon","coordinates":[[[[126.7587132383167,37.55704870444077],[126.7588950986527,37.55614934742657],[126.75884206750821,37.55609092657441],[126.75621452135331,37.555754139278534],[126.75623857194843,37.5559253446744],[126.75625596872221,37.556097060997494],[126.75626669550502,37.55626912160262],[126.7562707415171,37.55644136411891],[126.75626810406338,37.55661362475269],[126.75625878494063,37.556785738287665],[126.75863985494112,37.55709092415797],[126.7587132383167,37.55704870444077]]]]},"properties":{"blocktype":"공동주택","zonename":"인천계양 테크노밸리 공공주택지구"},"id":"LT_C_LHBLPN.114950"},{"type":"Feature","geometry":{"type":"MultiPolygon","coordinates":[[[[126.75983813027506,37.55719331929956],[126.75996853151833,37.55718146794469],[126.76009779010452,37.55716333768966],[126.7602254272317,37.557138996182765],[126.76035097487748,37.55710853243493],[126.76047368384695,37.557075484331975],[126.75988448783524,37.55540573312132],[126.75980300974066,37.55516263171065],[126.7597295598898,37.554917913622845],[126.75932649211003,37.55486625658907],[126.75910165637083,37.55597818171342],[126.75888084328746,37.55707018461327],[126.75893387533026,37.55712860540982],[126.75931472507811,37.55717741304613],[126.75944487928469,37.55719088094861],[126.75957582041544,37.55719803363441],[126.75970706517678,37.55719884760488],[126.75983813027506,37.55719331929956]]]]},"properties":{"blocktype":"공동주택","zonename":"인천계양 테크노밸리 공공주택지구"},"id":"LT_C_LHBLPN.114951"},{"type":"Feature","geometry":{"type":"MultiPolygon","coordinates":[[[[126.75188585081624,37.55054496865717],[126.75170709056623,37.550522045113176],[126.7516782986631,37.55066437010279],[126.75164950765824,37.55080669482063],[126.75162071575508,37.55094901926668],[126.75159192385189,37.55109134415313],[126.75156441025138,37.551227350911],[126.75161776928093,37.55126078263015],[126.75176867187564,37.551212364961046],[126.7518106941663,37.55119965873622],[126.75192076833135,37.55116637797456],[126.75194921528144,37.55113834321228],[126.75197149170381,37.55102822312801],[126.75200253209019,37.550874777900106],[126.7520335715782,37.550721334492856],[126.75206461196451,37.55056789076972],[126.75188585081624,37.55054496865717]]]]},"properties":{"blocktype":"단독주택","zonename":"인천계양 테크노밸리 공공주택지구"},"id":"LT_C_LHBLPN.114952"},{"type":"Feature","geometry":{"type":"MultiPolygon","coordinates":[[[[126.7523550983813,37.55060513874248],[126.75217633723302,37.55058221735358],[126.7521450722679,37.550736772786586],[126.75211380820105,37.550891328611264],[126.75207682815405,37.55107413114625],[126.75213018898027,37.55110756150973],[126.7522212512006,37.5510838803648],[126.75227859964835,37.551068965605374],[126.7524279194115,37.551032659384994],[126.7524575305782,37.55100539943982],[126.75247133139591,37.550937172616294],[126.75250259546276,37.550782617598855],[126.75253385952958,37.55062806154871],[126.7523550983813,37.55060513874248]]]]},"properties":{"blocktype":"단독주택","zonename":"인천계양 테크노밸리 공공주택지구"},"id":"LT_C_LHBLPN.114953"},{"type":"Feature","geometry":{"type":"MultiPolygon","coordinates":[[[[126.7528243459464,37.55066530877919],[126.75264558569643,37.550642386696595],[126.75261679558989,37.55078471216859],[126.75258280513616,37.55095274760669],[126.75263616506403,37.550986177312424],[126.75273245188608,37.55096655279004],[126.75278229670624,37.55095639404413],[126.75292910208489,37.55092878723211],[126.75295980560303,37.55090230567844],[126.75297431968308,37.55083055410262],[126.75300310799298,37.55068823014254],[126.7528243459464,37.55066530877919]]]]},"properties":{"blocktype":"단독주택","zonename":"인천계양 테크노밸리 공공주택지구"},"id":"LT_C_LHBLPN.114954"},{"type":"Feature","geometry":{"type":"MultiPolygon","coordinates":[[[[126.76278669927821,37.55249859817526],[126.76270015648205,37.55244054052196],[126.76252918282897,37.552455348179826],[126.76235758574508,37.55246450824452],[126.76218565808115,37.55246800362576],[126.76201369717957,37.552465829339134],[126.76184199678943,37.55245798752065],[126.76167085155815,37.552444493836454],[126.76139452438689,37.55238440784908],[126.76087704717247,37.552318095208214],[126.76070405680159,37.55232330339344],[126.7602409797642,37.55226396011452],[126.76015534785975,37.552322865401656],[126.76015628480258,37.55237630536369],[126.76026971866676,37.55239084240553],[126.76148135913547,37.552546112677206],[126.76166721607618,37.55256663270538],[126.7618540198412,37.55258068827688],[126.76204141559599,37.55258824948388],[126.76222904760772,37.55258930422126],[126.76241655834687,37.55258384964064],[126.76260359297889,37.55257189642321],[126.76279043087989,37.5525541887935],[126.76278669927821,37.55249859817526]]]]},"properties":{"blocktype":"녹지","zonename":"인천계양 테크노밸리 공공주택지구"},"id":"LT_C_LHBLPN.114973"},{"type":"Feature","geometry":{"type":"MultiPolygon","coordinates":[[[[126.75503301666747,37.546928487477786],[126.75492719243205,37.54691491943249],[126.75488133433508,37.546941307675795],[126.7547482812651,37.54759962116814],[126.75475481381382,37.547737348624445],[126.7546796086549,37.54810919282524],[126.75473263171453,37.54816761566103],[126.75478115421461,37.54817383691508],[126.75503301666747,37.546928487477786]]]]},"properties":{"blocktype":"녹지","zonename":"인천계양 테크노밸리 공공주택지구"},"id":"LT_C_LHBLPN.114975"},{"type":"Feature","geometry":{"type":"MultiPolygon","coordinates":[[[[126.7547363031291,37.548396235545304],[126.75472710078735,37.548395056110195],[126.754624342502,37.54846573814162],[126.75464706628541,37.549767383892565],[126.75476049475971,37.54978192642869],[126.7547363031291,37.548396235545304]]]]},"properties":{"blocktype":"녹지","zonename":"인천계양 테크노밸리 공공주택지구"},"id":"LT_C_LHBLPN.114976"},{"type":"Feature","geometry":{"type":"MultiPolygon","coordinates":[[[[126.75479739126338,37.54386010980827],[126.7548748682617,37.54383729817046],[126.75477282862856,37.54361757972466],[126.75457549211684,37.54367568342494],[126.75468904635528,37.54392019696933],[126.75479739126338,37.54386010980827]]]]},"properties":{"blocktype":"종교시설용지","zonename":"인천계양 테크노밸리 공공주택지구"},"id":"LT_C_LHBLPN.114977"},{"type":"Feature","geometry":{"type":"MultiPolygon","coordinates":[[[[126.74870690706183,37.548827143333256],[126.74864830726092,37.54911677075613],[126.74912903260038,37.5491807751182],[126.74913188834465,37.549162702030294],[126.74918731529598,37.54888875917645],[126.74870690706183,37.548827143333256]]]]},"properties":{"blocktype":"종교시설용지","zonename":"인천계양 테크노밸리 공공주택지구"},"id":"LT_C_LHBLPN.115035"},{"type":"Feature","geometry":{"type":"MultiPolygon","coordinates":[[[[126.75444976031639,37.55013455161466],[126.7544428944927,37.54974120746282],[126.75176154554052,37.549397398996895],[126.74935321077278,37.54908854221328],[126.74933298879743,37.5491884940689],[126.74931905682568,37.54927592156366],[126.74931250720894,37.549363895220935],[126.7493133695916,37.54945201976274],[126.74932164307538,37.54953990133732],[126.74932677065904,37.549568833370785],[126.74950178044267,37.54959127931649],[126.74976866901528,37.549625508017485],[126.75046064307526,37.549714252581985],[126.75057236744544,37.54972858075431],[126.75168960935083,37.549871853779734],[126.75180133372103,37.54988618049737],[126.75201640387479,37.54991375991962],[126.75223147313022,37.54994133861944],[126.75244654328397,37.54996891659685],[126.75266161343772,37.54999649456406],[126.75277333780791,37.55001081983332],[126.75298002847668,37.55003732306983],[126.75318672094208,37.5500638255847],[126.75339341161089,37.55009032666577],[126.75360010317797,37.5501168284496],[126.75371182934477,37.550131152983525],[126.75372981182016,37.55004224439641],[126.75398119367432,37.55007447516027],[126.75423257552846,37.550106705910245],[126.75444976031639,37.55013455161466]]]]},"properties":{"blocktype":"공원","zonename":"인천계양 테크노밸리 공공주택지구"},"id":"LT_C_LHBLPN.115038"},{"type":"Feature","geometry":{"type":"MultiPolygon","coordinates":[[[[126.76109604925223,37.55624904554761],[126.76097897182126,37.55623404351597],[126.76091871103539,37.55628783888175],[126.76152179050978,37.55799684345747],[126.76160039309714,37.55811964476157],[126.76172524365026,37.5584734325615],[126.76182610828695,37.55851430057494],[126.76185428664083,37.558505975861635],[126.76167579049554,37.55800017194139],[126.76159718700988,37.55787737115249],[126.76121638756769,37.556798271934625],[126.7611690454539,37.55645590606495],[126.76109604925223,37.55624904554761]]]]},"properties":{"blocktype":"녹지","zonename":"인천계양 테크노밸리 공공주택지구"},"id":"LT_C_LHBLPN.115052"},{"type":"Feature","geometry":{"type":"MultiPolygon","coordinates":[[[[126.7532674408586,37.55072212218279],[126.75311483326149,37.55070255527886],[126.75308292869589,37.550860285430886],[126.75313628952203,37.55089371589029],[126.7532354743092,37.55087874981473],[126.7532803065301,37.55087198395679],[126.753424793357,37.55085233661407],[126.75345653083603,37.5508266384489],[126.75347235645638,37.550748396551185],[126.7532674408586,37.55072212218279]]]]},"properties":{"blocktype":"단독주택","zonename":"인천계양 테크노밸리 공공주택지구"},"id":"LT_C_LHBLPN.115088"},{"type":"Feature","geometry":{"type":"MultiPolygon","coordinates":[[[[126.75386075744248,37.55041490253868],[126.75369915231953,37.55039418250201],[126.75365329062932,37.55042056808923],[126.75363124148068,37.55052957946545],[126.75360345299566,37.550666963214155],[126.75357764170263,37.55079456683007],[126.7536310025288,37.55082799660673],[126.75376601212947,37.55081439651022],[126.75377982732027,37.55081319218652],[126.75390129032643,37.550802608238556],[126.75395036798538,37.5507652492618],[126.75397869006964,37.55062521560572],[126.75401081202757,37.55046640739842],[126.7539776722784,37.55042989292217],[126.75386075744248,37.55041490253868]]]]},"properties":{"blocktype":"단독주택","zonename":"인천계양 테크노밸리 공공주택지구"},"id":"LT_C_LHBLPN.115089"},{"type":"Feature","geometry":{"type":"MultiPolygon","coordinates":[[[[126.76615756629641,37.56760483302189],[126.76614062227353,37.567604449946685],[126.76612379772659,37.56760608406856],[126.76422025416478,37.56790755580102],[126.76419321307813,37.56791372912502],[126.76416782399322,37.56792337218366],[126.76414478400281,37.56793621867539],[126.76412472552086,37.567951916854575],[126.76410819831622,37.567970037364],[126.76409565693656,37.56799008035544],[126.76408744453823,37.56801149542678],[126.76408378659838,37.56803369657483],[126.76408478552499,37.568056074300046],[126.76409041167364,37.56807801411936],[126.76410051143237,37.5680989115189],[126.76424511504028,37.56833708905403],[126.7642596219338,37.56835660931779],[126.76427802571904,37.56837392442476],[126.76429980716973,37.56838854521303],[126.76432435273654,37.568400060844056],[126.76435097430998,37.568408147346545],[126.76437891910184,37.5684125768726],[126.76440740108625,37.568413223394],[126.76443561716931,37.56841007053416],[126.76613936373381,37.56810183725407],[126.76616484534517,37.56809551513116],[126.76618876568453,37.56808609211242],[126.76621053725377,37.568073801742905],[126.76622961926702,37.56805894663454],[126.76624554100712,37.56804189561804],[126.76625790811364,37.56802306879068],[126.76638964335514,37.567777200996304],[126.766395771662,37.56776227320125],[126.76639855104948,37.56774672379727],[126.76639789617766,37.567731026998906],[126.7663938259111,37.567715659869286],[126.76638646691225,37.567701088079296],[126.76637603926845,37.5676877552272],[126.76636286188157,37.5676760657495],[126.76634733540017,37.567666375664544],[126.76632993054154,37.56765897904361],[126.76619029192223,37.56761157528746],[126.76617424621462,37.56760722546175],[126.76615756629641,37.56760483302189]]]]},"properties":{"blocktype":"저류시설","zonename":"인천계양 테크노밸리 공공주택지구"},"id":"LT_C_LHBLPN.115090"},{"type":"Feature","geometry":{"type":"MultiPolygon","coordinates":[[[[126.75056790461512,37.552806078433306],[126.7505319845802,37.5528033564923],[126.75049597830697,37.55280521171374],[126.75046080117876,37.55281160065449],[126.7504273443243,37.55282235808835],[126.75006895245853,37.55296501554436],[126.75003611633997,37.55298099818752],[126.75000715645184,37.55300117981269],[126.749982910024,37.553024975008626],[126.74996407774239,37.553051697235304],[126.74995120308775,37.55308057306814],[126.74994466065755,37.55311076926077],[126.74994463819965,37.55314140983769],[126.74995113751073,37.553171610990915],[126.74996396994456,37.553200498884244],[126.75009229877448,37.55342622046228],[126.75011521928894,37.55345994033644],[126.75014390249596,37.55349073958387],[126.75017777077882,37.55351799861997],[126.7502161423162,37.55354116694119],[126.75025824545521,37.553559780928715],[126.75030323398296,37.553573464560294],[126.75089762405365,37.553716710966114],[126.75092489780397,37.553721377093474],[126.7509527644424,37.55372242398098],[126.75098046848576,37.55371982314205],[126.7510072652307,37.55371364508102],[126.75103242794009,37.55370405573223],[126.7510552792843,37.553691315035934],[126.75107520032404,37.55367576768025],[126.75109165296848,37.553657831706566],[126.75110419524648,37.553637992812575],[126.75111248669657,37.55361678654812],[126.75111630363821,37.55359478549638],[126.75111554276515,37.553572584318395],[126.75111022384036,37.553550781236886],[126.7511004932892,37.55352996664121],[126.75073347759673,37.5529070116676],[126.75071560022424,37.55288205985955],[126.75069296896726,37.552859686122545],[126.75066616144261,37.55284045877595],[126.75063585587817,37.552824869224295],[126.75060282392685,37.55281331059162],[126.75056790461512,37.552806078433306]]]]},"properties":{"blocktype":"저류시설","zonename":"인천계양 테크노밸리 공공주택지구"},"id":"LT_C_LHBLPN.115153"},{"type":"Feature","geometry":{"type":"MultiPolygon","coordinates":[[[[126.75967913924957,37.54246583560698],[126.7594212652708,37.541910636539534],[126.75867724192496,37.54212974175768],[126.75799112128735,37.54233179014397],[126.7579627471008,37.54238090164089],[126.75817620567692,37.54284049678619],[126.75827900348814,37.542878152478565],[126.75891732656609,37.54269017939186],[126.75893360942895,37.54268171330525],[126.75906645768302,37.54261264051578],[126.7592270324384,37.542565353307744],[126.7594557947137,37.54253160784882],[126.75967913924957,37.54246583560698]]]]},"properties":{"blocktype":"자족기능확보시설","zonename":"인천계양 테크노밸리 공공주택지구"},"id":"LT_C_LHBLPN.115154"},{"type":"Feature","geometry":{"type":"MultiPolygon","coordinates":[[[[126.7535071994113,37.55137625234817],[126.75342432443641,37.55097614035449],[126.75337790399414,37.550981839335506],[126.75312561124825,37.55101951228133],[126.75287498397896,37.551063670444854],[126.75268453035895,37.55110241733696],[126.75262628449424,37.551114267522046],[126.75237977330553,37.55117125079747],[126.75213570822932,37.551234559720186],[126.75194306092342,37.551290087184],[126.75218398638768,37.551699308510095],[126.75221428117231,37.55169017114135],[126.75242661326108,37.55163196685967],[126.75264107884864,37.55157895154068],[126.75282891657456,37.5515374807725],[126.75285747581407,37.551531175048666],[126.75307560562968,37.5514886808373],[126.75340380601703,37.55140791848033],[126.75341633571861,37.55140575057247],[126.7535071994113,37.55137625234817]]]]},"properties":{"blocktype":"자족기능확보시설","zonename":"인천계양 테크노밸리 공공주택지구"},"id":"LT_C_LHBLPN.115155"},{"type":"Feature","geometry":{"type":"MultiPolygon","coordinates":[[[[126.74815493004897,37.552231039480326],[126.74812772097732,37.5521777981132],[126.74808761928473,37.55218951566127],[126.7480484428569,37.552195559246066],[126.74800803843203,37.55219673434792],[126.74795928416663,37.55219023282953],[126.74795648232126,37.55218947933992],[126.74798975322445,37.55228464259788],[126.74815493004897,37.552231039480326]]]]},"properties":{"blocktype":"녹지","zonename":"인천계양 테크노밸리 공공주택지구"},"id":"LT_C_LHBLPN.115221"},{"type":"Feature","geometry":{"type":"MultiPolygon","coordinates":[[[[126.76218086377251,37.54744327937133],[126.76210839398357,37.54740008199619],[126.76172019960994,37.54744100593834],[126.76176747524842,37.54771555238258],[126.76179626715158,37.54791259792652],[126.76180769641694,37.54799081075102],[126.7618408433526,37.54826666565597],[126.76184995765948,37.54835165915289],[126.76229488243993,37.54840867445365],[126.76235907694847,37.548357851190616],[126.76227258086467,37.547913965396354],[126.76218086377251,37.54744327937133]]]]},"properties":{"blocktype":"자족기능확보시설","zonename":"인천계양 테크노밸리 공공주택지구"},"id":"LT_C_LHBLPN.115223"},{"type":"Feature","geometry":{"type":"MultiPolygon","coordinates":[[[[126.74828962613763,37.552468399598055],[126.74825654927055,37.55239265490637],[126.74806336387375,37.55245534817983],[126.7480730297462,37.55247602847356],[126.74807451376306,37.55247890568182],[126.74808370891832,37.55250436327262],[126.74816326282156,37.552626832494425],[126.74830240197763,37.55301490698952],[126.74840441825452,37.55305390925012],[126.74855804993106,37.55300257710053],[126.74853811900984,37.55296441375596],[126.74848261660001,37.55286126644243],[126.74833641758414,37.552563626596026],[126.74828962613763,37.552468399598055]]]]},"properties":{"blocktype":"녹지","zonename":"인천계양 테크노밸리 공공주택지구"},"id":"LT_C_LHBLPN.115224"},{"type":"Feature","geometry":{"type":"MultiPolygon","coordinates":[[[[126.74950178044267,37.54959127931649],[126.74932677065904,37.549568833370785],[126.74933635298817,37.54962289991352],[126.74935767090815,37.54970498463605],[126.7493657072367,37.54972831866234],[126.74938551239376,37.54978582148331],[126.74941883719583,37.549862936970605],[126.74941976425721,37.549865082132776],[126.74946028636137,37.5499424453852],[126.74949094047213,37.54999185170624],[126.74950691431452,37.55001759645247],[126.74955946126708,37.55009023123055],[126.74962581891879,37.55010167633307],[126.74969341894057,37.55006477210295],[126.74970502427571,37.55002068029473],[126.74965671108309,37.54995402654144],[126.74964235061498,37.54993084570984],[126.74961395486882,37.54988500892013],[126.74957755872678,37.549815108811984],[126.74957693978754,37.549813919428445],[126.7495458212478,37.5497410600361],[126.74953003066172,37.54969428515321],[126.74952073309852,37.54966674126011],[126.74950178044267,37.54959127931649]]]]},"properties":{"blocktype":"단독주택","zonename":"인천계양 테크노밸리 공공주택지구"},"id":"LT_C_LHBLPN.115232"},{"type":"Feature","geometry":{"type":"MultiPolygon","coordinates":[[[[126.74994202859372,37.54975725418369],[126.74976894210312,37.5497350554236],[126.74971115348087,37.54979054696987],[126.74975083745689,37.54986268912318],[126.74975182740032,37.54986448957803],[126.7497993734317,37.549935786272954],[126.74985352208037,37.55000403324269],[126.74986325442816,37.550015327371234],[126.7499012531647,37.55003492864135],[126.74993725584464,37.55003954585717],[126.75008592432923,37.55005861225619],[126.75023459281378,37.550077678650354],[126.75038326219668,37.55009674432737],[126.75041342223403,37.5499476644195],[126.75043904847414,37.54982099519189],[126.75027337488123,37.54979974938223],[126.75010770218665,37.549778502142075],[126.74994202859372,37.54975725418369]]]]},"properties":{"blocktype":"단독주택","zonename":"인천계양 테크노밸리 공공주택지구"},"id":"LT_C_LHBLPN.115233"},{"type":"Feature","geometry":{"type":"MultiPolygon","coordinates":[[[[126.76068302993575,37.565673541500736],[126.76060574338027,37.5653642537331],[126.76001420276566,37.565457916240995],[126.75942288223833,37.565551545876566],[126.75950016699717,37.565860837138885],[126.7600914884228,37.56576720433179],[126.76068302993575,37.565673541500736]]]]},"properties":{"blocktype":"지원시설","zonename":"인천계양 테크노밸리 공공주택지구"},"id":"LT_C_LHBLPN.115234"},{"type":"Feature","geometry":{"type":"MultiPolygon","coordinates":[[[[126.76549767736343,37.565186686418485],[126.7654203701467,37.56487740232594],[126.76484174011938,37.56496904532928],[126.7642632116017,37.56506066970631],[126.76434051342851,37.56536995446205],[126.76491904374282,37.56527832975338],[126.76549767736343,37.565186686418485]]]]},"properties":{"blocktype":"지원시설","zonename":"인천계양 테크노밸리 공공주택지구"},"id":"LT_C_LHBLPN.115235"},{"type":"Feature","geometry":{"type":"MultiPolygon","coordinates":[[[[126.75479759877422,37.55173931065799],[126.7546848404431,37.551738967383706],[126.75469447128127,37.55186191574015],[126.75471430787938,37.55201224312771],[126.75474213050036,37.55216176544495],[126.75477788704193,37.55231021491635],[126.75482151372371,37.55245732448064],[126.75487293329054,37.552602829215125],[126.75493205321604,37.55274646918434],[126.75517071133253,37.5532873049315],[126.7552835855463,37.55336242983661],[126.7553262258779,37.55336789646719],[126.75503882337745,37.552716604719045],[126.75498279635148,37.552580763055715],[126.75493383277862,37.55244320336522],[126.75489201710045,37.55230415496066],[126.75485742118225,37.552163855702865],[126.75483010161783,37.55202254131786],[126.7548101060179,37.55188045323099],[126.75479759877422,37.55173931065799]]]]},"properties":{"blocktype":"녹지","zonename":"인천계양 테크노밸리 공공주택지구"},"id":"LT_C_LHBLPN.115244"},{"type":"Feature","geometry":{"type":"MultiPolygon","coordinates":[[[[126.75578724487494,37.55441260380081],[126.75566010002457,37.55439630455261],[126.75576795624917,37.55464071100312],[126.75583769066806,37.55480720019824],[126.7558877160496,37.55482825514651],[126.75595791130421,37.55481140335461],[126.75591751316755,37.55471081097504],[126.75587472910551,37.55461084587256],[126.75578724487494,37.55441260380081]]]]},"properties":{"blocktype":"녹지","zonename":"인천계양 테크노밸리 공공주택지구"},"id":"LT_C_LHBLPN.115245"},{"type":"Feature","geometry":{"type":"MultiPolygon","coordinates":[[[[126.75605065876404,37.55507243941215],[126.75599047972482,37.55489769121159],[126.75592023146963,37.55491455580278],[126.755893136484,37.55495410471763],[126.75595611377533,37.555142458504505],[126.75601064869957,37.55533247326821],[126.75605667208656,37.55552391113758],[126.75615287895853,37.55560022236713],[126.75618800667938,37.55560472458193],[126.75614947524193,37.55542614340284],[126.75610367553546,37.555248652815415],[126.75605065876404,37.55507243941215]]]]},"properties":{"blocktype":"녹지","zonename":"인천계양 테크노밸리 공공주택지구"},"id":"LT_C_LHBLPN.115247"},{"type":"Feature","geometry":{"type":"MultiPolygon","coordinates":[[[[126.75621452135331,37.555754139278534],[126.75620951773716,37.555753498344494],[126.75611190140853,37.55582866705316],[126.75613386791215,37.55600451974634],[126.7561487098773,37.556180846313055],[126.75615641203254,37.55635746088052],[126.75615696719139,37.55653418185061],[126.75615037176055,37.55671082549049],[126.7562214320928,37.55678095057638],[126.75625878494063,37.556785738287665],[126.75626810406338,37.55661362475269],[126.7562707415171,37.55644136411891],[126.75626669550502,37.55626912160262],[126.75625596872221,37.556097060997494],[126.75623857194843,37.5559253446744],[126.75621452135331,37.555754139278534]]]]},"properties":{"blocktype":"녹지","zonename":"인천계양 테크노밸리 공공주택지구"},"id":"LT_C_LHBLPN.115248"},{"type":"Feature","geometry":{"type":"MultiPolygon","coordinates":[[[[126.76089872352028,37.56623650718034],[126.7608214351682,37.565927219614],[126.76019404907882,37.56602655859503],[126.75956640786791,37.56612593375811],[126.75964369172843,37.566435221211485],[126.76027133473596,37.56633584646099],[126.76089872352028,37.56623650718034]]]]},"properties":{"blocktype":"지원시설","zonename":"인천계양 테크노밸리 공공주택지구"},"id":"LT_C_LHBLPN.115345"},{"type":"Feature","geometry":{"type":"MultiPolygon","coordinates":[[[[126.75698053725395,37.553528340756635],[126.75720341107258,37.552426240646014],[126.7571968758289,37.5522885140197],[126.75725433656605,37.5520043670766],[126.75560060011175,37.55179237642819],[126.75541847567108,37.55177159837516],[126.75523555711962,37.55175585191877],[126.75505206364642,37.55174515700344],[126.7548682153387,37.55173952573856],[126.75479759877422,37.55173931065799],[126.7548101060179,37.55188045323099],[126.75483010161783,37.55202254131786],[126.75485742118225,37.552163855702865],[126.75489201710045,37.55230415496066],[126.75493383277862,37.55244320336522],[126.75498279635148,37.552580763055715],[126.75503882337745,37.552716604719045],[126.7553262258779,37.55336789646719],[126.75690715657338,37.55357055890747],[126.75698053725395,37.553528340756635]]]]},"properties":{"blocktype":"공동주택","zonename":"인천계양 테크노밸리 공공주택지구"},"id":"LT_C_LHBLPN.115346"},{"type":"Feature","geometry":{"type":"MultiPolygon","coordinates":[[[[126.75648547210764,37.55697906314803],[126.75619977011802,37.55694244076915],[126.75612896760227,37.55698736666782],[126.75611125821477,37.55720296873083],[126.75608810683329,37.55748481204413],[126.75644683646557,37.55753079441965],[126.75674850151776,37.55756946175136],[126.75705016746828,37.55760812692658],[126.75735190528398,37.55764680133946],[126.75739355207888,37.55744087346148],[126.75709181426316,37.5574021982296],[126.75679015010928,37.55736353294748],[126.75648848595539,37.5573248669332],[126.75650298386577,37.55725318064795],[126.7565451319206,37.557044787689506],[126.75648547210764,37.55697906314803]]]]},"properties":{"blocktype":"근린생활시설용지","zonename":"인천계양 테크노밸리 공공주택지구"},"id":"LT_C_LHBLPN.115359"},{"type":"Feature","geometry":{"type":"MultiPolygon","coordinates":[[[[126.74724356404043,37.55118041386876],[126.74716462009324,37.55114512969963],[126.74711675605828,37.55115553911168],[126.74721140704823,37.55141656019914],[126.74750182159976,37.55222678846217],[126.74754307672919,37.552344035000864],[126.74754643103846,37.55235357182321],[126.74739317845098,37.552456631529054],[126.74740233857196,37.55247526715284],[126.74767912927393,37.55238544478485],[126.74766852825525,37.55235608012623],[126.7476413551162,37.55228933943872],[126.74761071987007,37.55220227370668],[126.74732018135101,37.55139170190127],[126.74724356404043,37.55118041386876]]]]},"properties":{"blocktype":"공공공지","zonename":"인천계양 테크노밸리 공공주택지구"},"id":"LT_C_LHBLPN.115360"},{"type":"Feature","geometry":{"type":"MultiPolygon","coordinates":[[[[126.76078746357909,37.558808972039415],[126.76093642401612,37.55873873492278],[126.76104947250306,37.5587071694661],[126.7610402701613,37.55868109444897],[126.76087495230125,37.558727254116384],[126.76070809742373,37.55877384387576],[126.76054377220207,37.55881972647116],[126.7603787175484,37.55886581270443],[126.76037972905142,37.55886826524295],[126.76046093315982,37.558900144675846],[126.76078746357909,37.558808972039415]]]]},"properties":{"blocktype":"공공공지","zonename":"인천계양 테크노밸리 공공주택지구"},"id":"LT_C_LHBLPN.115361"},{"type":"Feature","geometry":{"type":"MultiPolygon","coordinates":[[[[126.76191184709097,37.56058234347286],[126.76185739032013,37.56055004604309],[126.76177571818945,37.5605604050064],[126.761740603045,37.56059573242861],[126.76177393952518,37.56095375329544],[126.76162777913687,37.56097086503861],[126.7616288148944,37.56098242311809],[126.7616456493228,37.56116932323087],[126.76152196029138,37.56158947790612],[126.76127969004912,37.562424030060605],[126.7612216768481,37.562621320837856],[126.76115031019033,37.56271118569835],[126.76111925273602,37.56276067754901],[126.76109305247243,37.562794109078645],[126.76136491861004,37.56280157739079],[126.76193649326912,37.56282870627044],[126.76200171634862,37.56277870817476],[126.76199242776862,37.56244006764181],[126.76203808374461,37.561628188705505],[126.76203498815013,37.561515330454775],[126.76203067623679,37.5613957918699],[126.76203064659238,37.56139567508629],[126.76198636503872,37.56121719750995],[126.76196805467832,37.56100511486079],[126.76194320997249,37.5607934545958],[126.76191184709097,37.56058234347286]]]]},"properties":{"blocktype":"공원","zonename":"인천계양 테크노밸리 공공주택지구"},"id":"LT_C_LHBLPN.115362"},{"type":"Feature","geometry":{"type":"MultiPolygon","coordinates":[[[[126.76237888569878,37.55835099716015],[126.76252623276159,37.55827863534349],[126.76438278006096,37.55773014054334],[126.7644314543763,37.557648800290785],[126.76401131411454,37.556660274941294],[126.76394218516016,37.55661372730098],[126.76109604925223,37.55624904554761],[126.7611690454539,37.55645590606495],[126.76121638756769,37.556798271934625],[126.76159718700988,37.55787737115249],[126.76167579049554,37.55800017194139],[126.76185428664083,37.558505975861635],[126.76237888569878,37.55835099716015]]]]},"properties":{"blocktype":"공동주택","zonename":"인천계양 테크노밸리 공공주택지구"},"id":"LT_C_LHBLPN.115471"},{"type":"Feature","geometry":{"type":"MultiPolygon","coordinates":[[[[126.74482969565058,37.55247193842211],[126.74489555922888,37.552436678366384],[126.74496552271818,37.55240684297637],[126.7450388863308,37.5523827299503],[126.74511491075329,37.55236458357192],[126.74519283511259,37.55235258473974],[126.74527187607781,37.55234685310315],[126.74535124133486,37.55234744777471],[126.74543013317972,37.55235436234463],[126.74695396695576,37.55254984022517],[126.74701547370498,37.55255500352687],[126.74707732001731,37.552554792009566],[126.74713876837602,37.552549208521896],[126.7471990839591,37.55253831858319],[126.7472575463178,37.552522253232226],[126.74740233857196,37.55247526715284],[126.74739317845098,37.552456631529054],[126.74754643103846,37.55235357182321],[126.74754307672919,37.552344035000864],[126.74750182159976,37.55222678846217],[126.74721140704823,37.55141656019914],[126.74711675605828,37.55115553911168],[126.74555699775574,37.5514947394349],[126.74420998297035,37.55225574153028],[126.74451787244918,37.55265758579453],[126.74482969565058,37.55247193842211]]]]},"properties":{"blocktype":"주상복합","zonename":"인천계양 테크노밸리 공공주택지구"},"id":"LT_C_LHBLPN.115472"},{"type":"Feature","geometry":{"type":"MultiPolygon","coordinates":[[[[126.75790573641959,37.54883969683631],[126.7578394542264,37.54876667054534],[126.75532715832915,37.548444609461754],[126.75515417514478,37.548449810083255],[126.7547363031291,37.548396235545304],[126.75476049475971,37.54978192642869],[126.7576405528494,37.55015113525154],[126.75790573641959,37.54883969683631]]]]},"properties":{"blocktype":"주상복합","zonename":"인천계양 테크노밸리 공공주택지구"},"id":"LT_C_LHBLPN.115542"},{"type":"Feature","geometry":{"type":"MultiPolygon","coordinates":[[[[126.75964369172843,37.566435221211485],[126.75956640786791,37.56612593375811],[126.75945539406509,37.56614350999378],[126.75953267702728,37.56645279737416],[126.75964369172843,37.566435221211485]]]]},"properties":{"blocktype":"보행자전용도로","zonename":"인천계양 테크노밸리 공공주택지구"},"id":"LT_C_LHBLPN.115543"},{"type":"Feature","geometry":{"type":"MultiPolygon","coordinates":[[[[126.7597772828893,37.56696984686268],[126.75967350052449,37.56655451815932],[126.75956248582337,37.566572095005874],[126.75966626818814,37.56698742361124],[126.7597772828893,37.56696984686268]]]]},"properties":{"blocktype":"보행자전용도로","zonename":"인천계양 테크노밸리 공공주택지구"},"id":"LT_C_LHBLPN.115544"},{"type":"Feature","geometry":{"type":"MultiPolygon","coordinates":[[[[126.76000251748043,37.56787120082204],[126.75981703064565,37.567128910411846],[126.75970601504619,37.56714648712286],[126.75989150188101,37.56788877806993],[126.76000251748043,37.56787120082204]]]]},"properties":{"blocktype":"보행자전용도로","zonename":"인천계양 테크노밸리 공공주택지구"},"id":"LT_C_LHBLPN.115545"},{"type":"Feature","geometry":{"type":"MultiPolygon","coordinates":[[[[126.76015234389342,37.56847076875902],[126.76004116210567,37.56802584357809],[126.7599301447096,37.56804342078951],[126.76004195262308,37.56849085077722],[126.76015234389342,37.56847076875902]]]]},"properties":{"blocktype":"보행자전용도로","zonename":"인천계양 테크노밸리 공공주택지구"},"id":"LT_C_LHBLPN.115546"},{"type":"Feature","geometry":{"type":"MultiPolygon","coordinates":[[[[126.7618446333448,37.564621489028504],[126.76194747068189,37.56449897187369],[126.76178640903966,37.5638544530845],[126.76053373083383,37.56405281102645],[126.76048342427961,37.56411274234317],[126.76065751778168,37.56480946377107],[126.7618446333448,37.564621489028504]]]]},"properties":{"blocktype":"산업용지","zonename":"인천계양 테크노밸리 공공주택지구"},"id":"LT_C_LHBLPN.115547"},{"type":"Feature","geometry":{"type":"MultiPolygon","coordinates":[[[[126.76557274777512,37.5675357334871],[126.76525578261698,37.56626766856382],[126.76364694306224,37.566522461141965],[126.76348704743326,37.56657534193355],[126.76316490977575,37.56662635570553],[126.7631205734249,37.566689203622],[126.76322491364347,37.56690488940144],[126.76333641972306,37.567118290331045],[126.76345500991695,37.56732925832639],[126.7635806015802,37.56753764316853],[126.7637131066779,37.567743296776],[126.76376698403536,37.56782171165454],[126.76557274777512,37.5675357334871]]]]},"properties":{"blocktype":"산업용지","zonename":"인천계양 테크노밸리 공공주택지구"},"id":"LT_C_LHBLPN.115548"},{"type":"Feature","geometry":{"type":"MultiPolygon","coordinates":[[[[126.75591442655623,37.54561894249156],[126.75623630460063,37.54552374721885],[126.75621743728472,37.54549706217901],[126.75618584623113,37.54543871702183],[126.75582979537499,37.54467208617574],[126.75570568503366,37.544482786404494],[126.7554701898853,37.54397571919815],[126.75538795271433,37.54394559195529],[126.75465168721924,37.54416237848572],[126.75450426379966,37.544234603010125],[126.75422067374927,37.544318101088614],[126.75485276162084,37.54567914575544],[126.75486972271173,37.54571660842018],[126.75536643177506,37.54578029234295],[126.75591442655623,37.54561894249156]]]]},"properties":{"blocktype":"공동주택","zonename":"인천계양 테크노밸리 공공주택지구"},"id":"LT_C_LHBLPN.115623"},{"type":"Feature","geometry":{"type":"MultiPolygon","coordinates":[[[[126.75948683599835,37.54690167545097],[126.75912918344606,37.54685583323726],[126.7591863441459,37.54709089643222],[126.75923542988969,37.54732711412215],[126.759276408338,37.54756430895148],[126.7593092462532,37.547802305703534],[126.75933391848248,37.54804092773944],[126.75935040885616,37.54827999557362],[126.75935870300117,37.54851933328393],[126.75936245975566,37.54873373483431],[126.75959887477887,37.54876403605937],[126.75968450309009,37.54870513009618],[126.7596811838151,37.54851575082688],[126.75967249530972,37.54826652178743],[126.75965517309608,37.5480175789405],[126.75962922975066,37.54776911174083],[126.75959468413808,37.54752130893353],[126.75953774891539,37.54712171255622],[126.75948683599835,37.54690167545097]]]]},"properties":{"blocktype":"녹지","zonename":"인천계양 테크노밸리 공공주택지구"},"id":"LT_C_LHBLPN.115624"},{"type":"Feature","geometry":{"type":"MultiPolygon","coordinates":[[[[126.74705358023928,37.551001157610294],[126.74703270788366,37.55094031624486],[126.7468728257294,37.55097508701864],[126.7467121952785,37.55101002015652],[126.74655156482761,37.551044953277994],[126.74638300674431,37.55108161060383],[126.74639147156925,37.55110565496809],[126.74645054927392,37.551132301678315],[126.74705358023928,37.551001157610294]]]]},"properties":{"blocktype":"공공공지","zonename":"인천계양 테크노밸리 공공주택지구"},"id":"LT_C_LHBLPN.115647"},{"type":"Feature","geometry":{"type":"MultiPolygon","coordinates":[[[[126.74626954503235,37.55115992693199],[126.74625200273148,37.551110099766795],[126.74605578552062,37.55115277081786],[126.74586474350409,37.55119431658031],[126.74567370058925,37.55123586160741],[126.7455001146353,37.55127360991714],[126.74554542925152,37.55132494183319],[126.74560930934967,37.55134326437588],[126.74623607649983,37.551206962981865],[126.74626954503235,37.55115992693199]]]]},"properties":{"blocktype":"공공공지","zonename":"인천계양 테크노밸리 공공주택지구"},"id":"LT_C_LHBLPN.115648"},{"type":"Feature","geometry":{"type":"MultiPolygon","coordinates":[[[[126.75709817343703,37.557057596889685],[126.75673806938235,37.55701144046076],[126.75668303140155,37.55704310419851],[126.75664713112954,37.557220610451665],[126.7566813695183,37.55725833009323],[126.75704807169872,37.55730533238459],[126.75709817343703,37.557057596889685]]]]},"properties":{"blocktype":"종교시설용지","zonename":"인천계양 테크노밸리 공공주택지구"},"id":"LT_C_LHBLPN.115649"},{"type":"Feature","geometry":{"type":"MultiPolygon","coordinates":[[[[126.75177586019453,37.55182943719615],[126.75149710218209,37.551435170444144],[126.75142074178969,37.55146174866632],[126.75118777899212,37.55154643726389],[126.75147553992036,37.551938851033064],[126.7515920532093,37.55189535215995],[126.75177586019453,37.55182943719615]]]]},"properties":{"blocktype":"종교시설용지","zonename":"인천계양 테크노밸리 공공주택지구"},"id":"LT_C_LHBLPN.115650"},{"type":"Feature","geometry":{"type":"MultiPolygon","coordinates":[[[[126.76145188630932,37.54674287854057],[126.76054755500773,37.54662698284963],[126.75983387136229,37.54683632728275],[126.75984211789658,37.546868306589886],[126.75988945462049,37.54707551934752],[126.75995876054297,37.5473428301761],[126.75997783986128,37.54746183505463],[126.76069579230095,37.54738540153518],[126.76157703689974,37.54729250403497],[126.76151804004347,37.54701717471358],[126.76145188630932,37.54674287854057]]]]},"properties":{"blocktype":"자족기능확보시설","zonename":"인천계양 테크노밸리 공공주택지구"},"id":"LT_C_LHBLPN.115651"},{"type":"Feature","geometry":{"type":"MultiPolygon","coordinates":[[[[126.75966284740355,37.55231306720465],[126.75942463664808,37.55228253809974],[126.7594362051523,37.55294278497958],[126.7594439872576,37.553178808217275],[126.7594590564965,37.55341460851003],[126.7594814020892,37.55365004128966],[126.75951101145928,37.55388496626276],[126.75954786664043,37.554119239576885],[126.75959194697144,37.55435272165433],[126.759946762644,37.554398194630345],[126.75992947097313,37.554321078138265],[126.75988118472996,37.55406478389288],[126.75974131973518,37.55352824959884],[126.75972498566838,37.55333228929537],[126.75971380613466,37.553136101293134],[126.75970778472731,37.55293976820276],[126.7597045040799,37.552752560439885],[126.75966818878624,37.55261780206625],[126.75966284740355,37.55231306720465]]]]},"properties":{"blocktype":"녹지","zonename":"인천계양 테크노밸리 공공주택지구"},"id":"LT_C_LHBLPN.115680"},{"type":"Feature","geometry":{"type":"MultiPolygon","coordinates":[[[[126.76009270653836,37.55496445306439],[126.7597295598898,37.554917913622845],[126.75980300974066,37.55516263171065],[126.75988448783524,37.55540573312132],[126.76047368384695,37.557075484331975],[126.76070441972097,37.55701334186635],[126.76074665940395,37.55694958706954],[126.76047394795167,37.55617675432851],[126.76043011465735,37.55595259071348],[126.76021135332614,37.55533263136618],[126.76012767346073,37.555082178137496],[126.76009270653836,37.55496445306439]]]]},"properties":{"blocktype":"녹지","zonename":"인천계양 테크노밸리 공공주택지구"},"id":"LT_C_LHBLPN.115681"},{"type":"Feature","geometry":{"type":"MultiPolygon","coordinates":[[[[126.76095701969065,37.55754571785572],[126.76083649722057,37.55720417366342],[126.76075641241297,37.55717054663681],[126.76052885388016,37.55723183369739],[126.76060307358725,37.55744216099763],[126.76065688896097,37.557428097085285],[126.76067220793149,37.55747150869738],[126.76061839165946,37.55748557188941],[126.7606551579074,37.5575897596356],[126.76070065308495,37.55771868664248],[126.76074667198034,37.55784909465451],[126.76079426831735,37.55798397388785],[126.76084362535232,37.55812384488262],[126.7608949452062,37.55826927303785],[126.76094928429774,37.55842325849713],[126.76097992223886,37.55851008124859],[126.7610402701613,37.55868109444897],[126.76104947250306,37.5587071694661],[126.76126517956236,37.55864693827059],[126.7613174210877,37.558567011868995],[126.76118832958808,37.55820119813785],[126.76108327341224,37.55780355257134],[126.76103562227802,37.5576685191912],[126.76095701969065,37.55754571785572]]]]},"properties":{"blocktype":"녹지","zonename":"인천계양 테크노밸리 공공주택지구"},"id":"LT_C_LHBLPN.115682"},{"type":"Feature","geometry":{"type":"MultiPolygon","coordinates":[[[[126.76067220793149,37.55747150869738],[126.76065688896097,37.557428097085285],[126.76060307358725,37.55744216099763],[126.76061839165946,37.55748557188941],[126.76067220793149,37.55747150869738]]]]},"properties":{"blocktype":"가스공급설비","zonename":"인천계양 테크노밸리 공공주택지구"},"id":"LT_C_LHBLPN.115746"},{"type":"Feature","geometry":{"type":"MultiPolygon","coordinates":[[[[126.75981387755901,37.54675878417217],[126.75982525831533,37.54680292562962],[126.75989206961627,37.54679064100824],[126.75988077509821,37.54674648316209],[126.75981459980446,37.54675864243743],[126.75981387755901,37.54675878417217]]]]},"properties":{"blocktype":"가스공급설비","zonename":"인천계양 테크노밸리 공공주택지구"},"id":"LT_C_LHBLPN.115747"},{"type":"Feature","geometry":{"type":"MultiPolygon","coordinates":[[[[126.75983029247418,37.54242132262225],[126.76035090840216,37.54226800284414],[126.76009303262678,37.54171280444033],[126.75952739223848,37.54187938305736],[126.7597852662172,37.542434581645274],[126.75983029247418,37.54242132262225]]]]},"properties":{"blocktype":"자족기능확보시설","zonename":"인천계양 테크노밸리 공공주택지구"},"id":"LT_C_LHBLPN.115748"},{"type":"Feature","geometry":{"type":"MultiPolygon","coordinates":[[[[126.75355983529704,37.54361600063331],[126.75347759812603,37.54358587253282],[126.7528928847076,37.5437580254134],[126.75232143491436,37.54392627113963],[126.75228359607796,37.543991750778176],[126.75253548368362,37.54453417356742],[126.75261772175294,37.54456430270918],[126.75318917513945,37.544396055573834],[126.75377389304946,37.54422390131756],[126.75381173098755,37.54415841974616],[126.75355983529704,37.54361600063331]]]]},"properties":{"blocktype":"자족기능확보시설","zonename":"인천계양 테크노밸리 공공주택지구"},"id":"LT_C_LHBLPN.115749"},{"type":"Feature","geometry":{"type":"MultiPolygon","coordinates":[[[[126.74952919433021,37.54719896754807],[126.74867421018214,37.54708930601874],[126.74839091388087,37.548489468549256],[126.74876550686277,37.54853751549718],[126.74924591240197,37.54859913157979],[126.74952919433021,37.54719896754807]]]]},"properties":{"blocktype":"자족기능확보시설","zonename":"인천계양 테크노밸리 공공주택지구"},"id":"LT_C_LHBLPN.115750"},{"type":"Feature","geometry":{"type":"MultiPolygon","coordinates":[[[[126.75959328725783,37.54435245756844],[126.75918601895576,37.54347562875269],[126.75885436634277,37.54357329392797],[126.7585704699669,37.54365689531323],[126.75858644201266,37.54369128343739],[126.75861347770946,37.54382741766],[126.75885926575432,37.54435659578671],[126.7589380812424,37.54454539302563],[126.75959328725783,37.54435245756844]]]]},"properties":{"blocktype":"자족기능확보시설","zonename":"인천계양 테크노밸리 공공주택지구"},"id":"LT_C_LHBLPN.115765"},{"type":"Feature","geometry":{"type":"MultiPolygon","coordinates":[[[[126.76326079954244,37.54919013999011],[126.76323357250446,37.54918842427215],[126.76320635175473,37.54919020836243],[126.76317984247072,37.549195444542455],[126.76303883032732,37.54923311483015],[126.76301317803606,37.549241897106725],[126.76298968080316,37.549253907835094],[126.76296897463588,37.54926882366993],[126.76295162008287,37.549286240073805],[126.7629380860648,37.54930568698596],[126.76292873999262,37.54932663665696],[126.76292383429286,37.5493485228784],[126.76292350191616,37.549370753090855],[126.76293857474833,37.54954089059467],[126.76295966719121,37.549800307039405],[126.76297764517496,37.55005987285613],[126.76310887286833,37.551597432838975],[126.76311870043756,37.55175283794264],[126.76312160109758,37.551770268721995],[126.76312801237376,37.55178709413846],[126.76313776268783,37.55180287050009],[126.76315059691832,37.55181717975405],[126.76316617460365,37.551829643730215],[126.76318408341717,37.551839931975],[126.76320385084499,37.55184777385855],[126.76322495227103,37.55185296071103],[126.7632468316381,37.551855355081095],[126.7632689086345,37.551854895720986],[126.76329060115197,37.55185159188908],[126.76426652638509,37.55163623571649],[126.76428797186584,37.55162991219628],[126.76430778061616,37.55162081398942],[126.76432539029071,37.55160919748273],[126.76434030322272,37.55159539313061],[126.76435209450915,37.55157979263569],[126.76436043087497,37.55156283684183],[126.7643650742667,37.55154500932461],[126.76436589532686,37.551526813601235],[126.76436286890267,37.551508766008816],[126.76435608213067,37.55149137861187],[126.76431034081475,37.55140166402325],[126.76420843952218,37.55114097903875],[126.7642005478224,37.55112525310272],[126.76418966742769,37.551110700857976],[126.76417606783258,37.55109767911412],[126.76416008051548,37.55108650835905],[126.76414209893842,37.551077462788164],[126.76412256237764,37.551070763182295],[126.76384916910406,37.55099661594665],[126.76383027933024,37.550990184830844],[126.76381282326764,37.55098156015526],[126.76379720156488,37.55097093563609],[126.76378377175139,37.550958557691914],[126.76377284015268,37.550944708351],[126.76376465829709,37.55092970382715],[126.76375674593606,37.55091154285111],[126.76375188874532,37.55089733526717],[126.76374950192161,37.55088273454865],[126.76374962858405,37.550868010617435],[126.76375226603773,37.55085343695656],[126.7638589337912,37.55045747071882],[126.76386599904092,37.55041521875546],[126.76386463270337,37.55037260924357],[126.76385487071117,37.55033069837628],[126.76383695560946,37.55029053237829],[126.76360336309288,37.54987424037921],[126.76358525665,37.5498335036586],[126.76357553508201,37.549790989249765],[126.76354776725827,37.54957080618706],[126.7635416515278,37.549540147049186],[126.76353115920529,37.54951024924969],[126.76351643132622,37.549481505928824],[126.76338706673876,37.54926542215049],[126.763373368329,37.54924660767129],[126.76335605869177,37.54922978666686],[126.76333558339152,37.54921539358738],[126.76331247512914,37.5492038023454],[126.76328733038602,37.549195309934476],[126.76326079954244,37.54919013999011]]]]},"properties":{"blocktype":"저류시설","zonename":"인천계양 테크노밸리 공공주택지구"},"id":"LT_C_LHBLPN.115766"},{"type":"Feature","geometry":{"type":"MultiPolygon","coordinates":[[[[126.76077283990458,37.54214374445182],[126.76080121229451,37.542094631374134],[126.76057664066,37.54161113877736],[126.76051496233259,37.54158854654728],[126.76009303262678,37.54171280444033],[126.76035090840216,37.54226800284414],[126.76077283990458,37.54214374445182]]]]},"properties":{"blocktype":"전기공급설비","zonename":"인천계양 테크노밸리 공공주택지구"},"id":"LT_C_LHBLPN.115767"},{"type":"Feature","geometry":{"type":"MultiPolygon","coordinates":[[[[126.75175175839546,37.54531680008992],[126.75166341357883,37.5451235283102],[126.75087066830692,37.54570573813828],[126.75179739191358,37.54582458466326],[126.75365224678697,37.546062436686896],[126.75354259842337,37.54660455880283],[126.75470886858034,37.54675409624186],[126.75471069395698,37.546743077966354],[126.75472221844377,37.54661933200834],[126.75472485589745,37.54649526391357],[126.75471859643655,37.546371278231994],[126.75470346251896,37.54624777880398],[126.75467950175538,37.546125168760305],[126.75464679319757,37.546003846960986],[126.75460544284674,37.54588420799506],[126.75455558634846,37.54576664431728],[126.75451098679126,37.545670613769445],[126.75175175839546,37.54531680008992]]]]},"properties":{"blocktype":"공원","zonename":"인천계양 테크노밸리 공공주택지구"},"id":"LT_C_LHBLPN.115769"},{"type":"Feature","geometry":{"type":"MultiPolygon","coordinates":[[[[126.75983387136229,37.546836327994995],[126.76054755410942,37.546626983561865],[126.76145188630932,37.54674287854057],[126.76157118976556,37.54675816666449],[126.7620595615647,37.54682075143216],[126.76198476244429,37.54643687894014],[126.76194360882448,37.54634959839785],[126.76144119995068,37.54628521411784],[126.76132019508528,37.54626970723933],[126.75963067064833,37.54605348594668],[126.75965309888608,37.546114825596376],[126.7596650554625,37.54625250950049],[126.7597298895715,37.54645669695934],[126.75978892056378,37.546661997795745],[126.75981387755901,37.54675878417217],[126.75981459980446,37.54675864314965],[126.75988077509821,37.54674648316209],[126.75989206961627,37.5467906424327],[126.75982525831533,37.54680292562962],[126.75983335123775,37.54683430881109],[126.75983387136229,37.546836327994995]]]]},"properties":{"blocktype":"공원","zonename":"인천계양 테크노밸리 공공주택지구"},"id":"LT_C_LHBLPN.115770"},{"type":"Feature","geometry":{"type":"MultiPolygon","coordinates":[[[[126.74972170149896,37.551722579239474],[126.74985017765258,37.55168088421208],[126.74977161099783,37.55158811741059],[126.74963940324253,37.55143054120756],[126.74956998682723,37.5513488386954],[126.74950901188072,37.55127677133631],[126.74943453525545,37.5511902848583],[126.74935926362113,37.551102835394495],[126.7492910105242,37.55102404041186],[126.74921552239596,37.55093487507525],[126.74914143024962,37.55084901706943],[126.74904761559121,37.55073820501452],[126.74896304549544,37.55063955072491],[126.74887686472032,37.55054003881741],[126.74880369514382,37.550453000242015],[126.74872318183984,37.55036062860788],[126.74865954608343,37.550285153122736],[126.74860017912125,37.55021459246653],[126.74846688350613,37.55028597642735],[126.74864819766645,37.55100256704293],[126.74887188805367,37.551641504485346],[126.7489230201596,37.55184358549091],[126.74895533345871,37.55197128964699],[126.74972170149896,37.551722579239474]]]]},"properties":{"blocktype":"자족기능확보시설","zonename":"인천계양 테크노밸리 공공주택지구"},"id":"LT_C_LHBLPN.115817"},{"type":"Feature","geometry":{"type":"MultiPolygon","coordinates":[[[[126.76172809220803,37.54827432914816],[126.76169507552808,37.54799964018068],[126.76165499988663,37.54772554847053],[126.76160799643769,37.5474528353387],[126.7609520448206,37.54752198412532],[126.76089631962859,37.54757878924144],[126.76092207253113,37.54778260912037],[126.76094260083204,37.54798680378356],[126.76095789554805,37.548191289898085],[126.76101817789352,37.548245065429576],[126.76173480172487,37.548336901959544],[126.76172809220803,37.54827432914816]]]]},"properties":{"blocktype":"자족기능확보시설","zonename":"인천계양 테크노밸리 공공주택지구"},"id":"LT_C_LHBLPN.115818"},{"type":"Feature","geometry":{"type":"MultiPolygon","coordinates":[[[[126.75799744902022,37.54582597211422],[126.75808089622193,37.54581249859671],[126.75816216770397,37.54579228012501],[126.75869325619152,37.54563589393959],[126.75867528449594,37.5455969169993],[126.75806109196314,37.54427456286739],[126.75607909673094,37.54485817178053],[126.75632912572233,37.54539652916491],[126.7563575070954,37.54544810871706],[126.75639328160328,37.54549668468808],[126.7564359596641,37.54554158828444],[126.75648495018646,37.545582201995344],[126.75653958123044,37.54561796386582],[126.75659909731296,37.54564838387798],[126.75666268096711,37.54567304181365],[126.75672945543711,37.54569159864985],[126.7567984999499,37.545703797270725],[126.7577429140794,37.54582486386282],[126.7578275614303,37.54583218786578],[126.75791270644788,37.545832558232526],[126.75799744902022,37.54582597211422]]]]},"properties":{"blocktype":"공동주택","zonename":"인천계양 테크노밸리 공공주택지구"},"id":"LT_C_LHBLPN.115819"},{"type":"Feature","geometry":{"type":"MultiPolygon","coordinates":[[[[126.75594636974944,37.556711961353464],[126.75595337660864,37.556525543573755],[126.75595218005267,37.556339045567654],[126.75594277918321,37.55615269379666],[126.75592518747504,37.55596671899754],[126.75589942648762,37.55578134906064],[126.75586552766208,37.55559680974223],[126.75584946398813,37.55552662728202],[126.75275609823933,37.55513004279678],[126.75275639378502,37.55513229747918],[126.75276849588856,37.555222639969735],[126.75279759591383,37.55544123675261],[126.75280888144876,37.555523359220444],[126.7528287027755,37.5556725753904],[126.75284375494641,37.55579268148187],[126.75285514288926,37.55588130760796],[126.75288389526658,37.556099161115064],[126.7529136663334,37.55632301237031],[126.75292031296821,37.55637828964142],[126.75587587086424,37.5567571879139],[126.75594636974944,37.556711961353464]]]]},"properties":{"blocktype":"공동주택","zonename":"인천계양 테크노밸리 공공주택지구"},"id":"LT_C_LHBLPN.115874"},{"type":"Feature","geometry":{"type":"MultiPolygon","coordinates":[[[[126.75362099080496,37.5575476997186],[126.754066897444,37.55751583252544],[126.75431424586255,37.55749805770578],[126.75522694407267,37.557553382530195],[126.75581044925704,37.55759186113536],[126.75587902664584,37.557544799917785],[126.75588225069939,37.55750554933701],[126.75450826938747,37.55741935280425],[126.75438152518576,37.55741424111316],[126.75425462018555,37.55741479301627],[126.75412795413723,37.55742100566501],[126.75306047979691,37.55749732207311],[126.75306355742507,37.55752133232155],[126.75306960668019,37.557559276844486],[126.75307642579152,37.55757235442985],[126.75307831405024,37.55758651231632],[126.75362099080496,37.5575476997186]]]]},"properties":{"blocktype":"녹지","zonename":"인천계양 테크노밸리 공공주택지구"},"id":"LT_C_LHBLPN.115878"},{"type":"Feature","geometry":{"type":"MultiPolygon","coordinates":[[[[126.7544554780932,37.54802726588321],[126.75469031926805,37.54686609795264],[126.75470886858034,37.54675409624186],[126.75354259842337,37.54660455880283],[126.75326452582549,37.54797937885662],[126.75378381134851,37.54804596244123],[126.75395679183796,37.54804076392822],[126.75434541291133,37.54809059100866],[126.7544554780932,37.54802726588321]]]]},"properties":{"blocktype":"교육시설","zonename":"인천계양 테크노밸리 공공주택지구"},"id":"LT_C_LHBLPN.115879"},{"type":"Feature","geometry":{"type":"MultiPolygon","coordinates":[[[[126.76615739202326,37.567443137375406],[126.76646162356221,37.56690253325319],[126.76626304647708,37.56610813607077],[126.76525578261698,37.56626766856382],[126.76557274777512,37.5675357334871],[126.76615739202326,37.567443137375406]]]]},"properties":{"blocktype":"자동차정류장","zonename":"인천계양 테크노밸리 공공주택지구"},"id":"LT_C_LHBLPN.115880"},{"type":"Feature","geometry":{"type":"MultiPolygon","coordinates":[[[[126.74710722762806,37.550989490441225],[126.74715154691091,37.55092663782738],[126.74703606398957,37.550608146355216],[126.74700187860144,37.55050849766355],[126.74699591468627,37.55049111359424],[126.74695822676684,37.550381252506824],[126.74676418617388,37.549848185774096],[126.7466032754486,37.54940082899871],[126.74657132417059,37.549310080612855],[126.7464939594617,37.54909048441715],[126.7464934195742,37.549088948174514],[126.74648949393642,37.549088641923035],[126.74637023180267,37.549108478466984],[126.7463071961209,37.54910615309328],[126.7462045492266,37.54907544818265],[126.74612456413203,37.54912070929047],[126.74620491484094,37.54921072432908],[126.74628297933742,37.54929817672512],[126.74636104293562,37.54938562901856],[126.74643910653381,37.549473081921604],[126.74651680451768,37.54956012377795],[126.74656044197923,37.54960900687975],[126.74657859693112,37.5496594810204],[126.7466321679631,37.549808417639106],[126.74653787360435,37.54986192350252],[126.74666506247218,37.55000440714975],[126.74670418589945,37.55005387966458],[126.74673612370273,37.55010652287408],[126.74676047703007,37.55016167798427],[126.74684928986895,37.55040566388008],[126.74699096317242,37.55081863478941],[126.74703270788366,37.55094031624486],[126.74705358023928,37.551001157610294],[126.74710722762806,37.550989490441225]]]]},"properties":{"blocktype":"녹지","zonename":"인천계양 테크노밸리 공공주택지구"},"id":"LT_C_LHBLPN.115881"}]}