월(Monthly),구분명,부문명,시도별,인허가실적
2021-09,총  계,총  계,전국,355,923
2021-09,총  계,총  계,서울,61,456
2021-09,총  계,총  계,인천,11,419
2021-09,총  계,총  계,경기,110,285
2021-09,총  계,총  계,부산,15,014
2021-09,총  계,총  계,대구,17,087
2021-09,총  계,총  계,광주,4,024
2021-09,총  계,총  계,대전,9,286
2021-09,총  계,총  계,울산,5,677
2021-09,총  계,총  계,세종,2,086
2021-09,총  계,총  계,강원,11,691
2021-09,총  계,총  계,충북,13,188
2021-09,총  계,총  계,충남,17,421
2021-09,총  계,총  계,전북,13,378
2021-09,총  계,총  계,전남,23,279
2021-09,총  계,총  계,경북,18,118
2021-09,총  계,총  계,경남,18,181
2021-09,총  계,총  계,제주,4,333
2021-09,공공부문,공공부문,전국,12,765
2021-09,공공부문,공공부문,서울,2,281
2021-09,공공부문,공공부문,인천,82
2021-09,공공부문,공공부문,경기,5,764
2021-09,공공부문,공공부문,부산,152
2021-09,공공부문,공공부문,대구,0
2021-09,공공부문,공공부문,광주,0
2021-09,공공부문,공공부문,대전,426
2021-09,공공부문,공공부문,울산,370
2021-09,공공부문,공공부문,세종,0
2021-09,공공부문,공공부문,강원,636
2021-09,공공부문,공공부문,충북,1,304
2021-09,공공부문,공공부문,충남,365
2021-09,공공부문,공공부문,전북,2
2021-09,공공부문,공공부문,전남,0
2021-09,공공부문,공공부문,경북,40
2021-09,공공부문,공공부문,경남,1,241
2021-09,공공부문,공공부문,제주,102
2021-09,합,국민임대,전국,2,583
2021-09,합,국민임대,서울,47
2021-09,합,국민임대,인천,82
2021-09,합,국민임대,경기,1,068
2021-09,합,국민임대,부산,0
2021-09,합,국민임대,대구,0
2021-09,합,국민임대,광주,0
2021-09,합,국민임대,대전,0
2021-09,합,국민임대,울산,0
2021-09,합,국민임대,세종,0
2021-09,합,국민임대,강원,0
2021-09,합,국민임대,충북,1,284
2021-09,합,국민임대,충남,0
2021-09,합,국민임대,전북,0
2021-09,합,국민임대,전남,0
2021-09,합,국민임대,경북,0
2021-09,합,국민임대,경남,0
2021-09,합,국민임대,제주,102
2021-09,합,공공임대,전국,8,516
2021-09,합,공공임대,서울,1,834
2021-09,합,공공임대,인천,0
2021-09,합,공공임대,경기,3,430
2021-09,합,공공임대,부산,152
2021-09,합,공공임대,대구,0
2021-09,합,공공임대,광주,0
2021-09,합,공공임대,대전,426
2021-09,합,공공임대,울산,370
2021-09,합,공공임대,세종,0
2021-09,합,공공임대,강원,636
2021-09,합,공공임대,충북,20
2021-09,합,공공임대,충남,365
2021-09,합,공공임대,전북,2
2021-09,합,공공임대,전남,0
2021-09,합,공공임대,경북,40
2021-09,합,공공임대,경남,1,241
2021-09,합,공공임대,제주,0
2021-09,합,공공분양,전국,1,666
2021-09,합,공공분양,서울,400
2021-09,합,공공분양,인천,0
2021-09,합,공공분양,경기,1,266
2021-09,합,공공분양,부산,0
2021-09,합,공공분양,대구,0
2021-09,합,공공분양,광주,0
2021-09,합,공공분양,대전,0
2021-09,합,공공분양,울산,0
2021-09,합,공공분양,세종,0
2021-09,합,공공분양,강원,0
2021-09,합,공공분양,충북,0
2021-09,합,공공분양,충남,0
2021-09,합,공공분양,전북,0
2021-09,합,공공분양,전남,0
2021-09,합,공공분양,경북,0
2021-09,합,공공분양,경남,0
2021-09,합,공공분양,제주,0
2021-09,지자체,소계,전국,1,229
2021-09,지자체,소계,서울,757
2021-09,지자체,소계,인천,0
2021-09,지자체,소계,경기,0
2021-09,지자체,소계,부산,0
2021-09,지자체,소계,대구,0
2021-09,지자체,소계,광주,0
2021-09,지자체,소계,대전,0
2021-09,지자체,소계,울산,370
2021-09,지자체,소계,세종,0
2021-09,지자체,소계,강원,0
2021-09,지자체,소계,충북,15
2021-09,지자체,소계,충남,0
2021-09,지자체,소계,전북,0
2021-09,지자체,소계,전남,0
2021-09,지자체,소계,경북,0
2021-09,지자체,소계,경남,0
2021-09,지자체,소계,제주,87
2021-09,지자체,국민임대,전국,133
2021-09,지자체,국민임대,서울,46
2021-09,지자체,국민임대,인천,0
2021-09,지자체,국민임대,경기,0
2021-09,지자체,국민임대,부산,0
2021-09,지자체,국민임대,대구,0
2021-09,지자체,국민임대,광주,0
2021-09,지자체,국민임대,대전,0
2021-09,지자체,국민임대,울산,0
2021-09,지자체,국민임대,세종,0
2021-09,지자체,국민임대,강원,0
2021-09,지자체,국민임대,충북,0
2021-09,지자체,국민임대,충남,0
2021-09,지자체,국민임대,전북,0
2021-09,지자체,국민임대,전남,0
2021-09,지자체,국민임대,경북,0
2021-09,지자체,국민임대,경남,0
2021-09,지자체,국민임대,제주,87
2021-09,지자체,공공임대,전국,1,096
2021-09,지자체,공공임대,서울,711
2021-09,지자체,공공임대,인천,0
2021-09,지자체,공공임대,경기,0
2021-09,지자체,공공임대,부산,0
2021-09,지자체,공공임대,대구,0
2021-09,지자체,공공임대,광주,0
2021-09,지자체,공공임대,대전,0
2021-09,지자체,공공임대,울산,370
2021-09,지자체,공공임대,세종,0
2021-09,지자체,공공임대,강원,0
2021-09,지자체,공공임대,충북,15
2021-09,지자체,공공임대,충남,0
2021-09,지자체,공공임대,전북,0
2021-09,지자체,공공임대,전남,0
2021-09,지자체,공공임대,경북,0
2021-09,지자체,공공임대,경남,0
2021-09,지자체,공공임대,제주,0
2021-09,지자체,공공분양,전국,0
2021-09,지자체,공공분양,서울,0
2021-09,지자체,공공분양,인천,0
2021-09,지자체,공공분양,경기,0
2021-09,지자체,공공분양,부산,0
2021-09,지자체,공공분양,대구,0
2021-09,지자체,공공분양,광주,0
2021-09,지자체,공공분양,대전,0
2021-09,지자체,공공분양,울산,0
2021-09,지자체,공공분양,세종,0
2021-09,지자체,공공분양,강원,0
2021-09,지자체,공공분양,충북,0
2021-09,지자체,공공분양,충남,0
2021-09,지자체,공공분양,전북,0
2021-09,지자체,공공분양,전남,0
2021-09,지자체,공공분양,경북,0
2021-09,지자체,공공분양,경남,0
2021-09,지자체,공공분양,제주,0
2021-09,LH,소계,전국,2,683
2021-09,LH,소계,서울,460
2021-09,LH,소계,인천,0
2021-09,LH,소계,경기,243
2021-09,LH,소계,부산,0
2021-09,LH,소계,대구,0
2021-09,LH,소계,광주,0
2021-09,LH,소계,대전,1
2021-09,LH,소계,울산,0
2021-09,LH,소계,세종,0
2021-09,LH,소계,강원,636
2021-09,LH,소계,충북,1,259
2021-09,LH,소계,충남,0
2021-09,LH,소계,전북,2
2021-09,LH,소계,전남,0
2021-09,LH,소계,경북,0
2021-09,LH,소계,경남,82
2021-09,LH,소계,제주,0
2021-09,LH,국민임대,전국,1,394
2021-09,LH,국민임대,서울,0
2021-09,LH,국민임대,인천,0
2021-09,LH,국민임대,경기,140
2021-09,LH,국민임대,부산,0
2021-09,LH,국민임대,대구,0
2021-09,LH,국민임대,광주,0
2021-09,LH,국민임대,대전,0
2021-09,LH,국민임대,울산,0
2021-09,LH,국민임대,세종,0
2021-09,LH,국민임대,강원,0
2021-09,LH,국민임대,충북,1,254
2021-09,LH,국민임대,충남,0
2021-09,LH,국민임대,전북,0
2021-09,LH,국민임대,전남,0
2021-09,LH,국민임대,경북,0
2021-09,LH,국민임대,경남,0
2021-09,LH,국민임대,제주,0
2021-09,LH,공공임대,전국,850
2021-09,LH,공공임대,서울,60
2021-09,LH,공공임대,인천,0
2021-09,LH,공공임대,경기,64
2021-09,LH,공공임대,부산,0
2021-09,LH,공공임대,대구,0
2021-09,LH,공공임대,광주,0
2021-09,LH,공공임대,대전,1
2021-09,LH,공공임대,울산,0
2021-09,LH,공공임대,세종,0
2021-09,LH,공공임대,강원,636
2021-09,LH,공공임대,충북,5
2021-09,LH,공공임대,충남,0
2021-09,LH,공공임대,전북,2
2021-09,LH,공공임대,전남,0
2021-09,LH,공공임대,경북,0
2021-09,LH,공공임대,경남,82
2021-09,LH,공공임대,제주,0
2021-09,LH,공공분양,전국,439
2021-09,LH,공공분양,서울,400
2021-09,LH,공공분양,인천,0
2021-09,LH,공공분양,경기,39
2021-09,LH,공공분양,부산,0
2021-09,LH,공공분양,대구,0
2021-09,LH,공공분양,광주,0
2021-09,LH,공공분양,대전,0
2021-09,LH,공공분양,울산,0
2021-09,LH,공공분양,세종,0
2021-09,LH,공공분양,강원,0
2021-09,LH,공공분양,충북,0
2021-09,LH,공공분양,충남,0
2021-09,LH,공공분양,전북,0
2021-09,LH,공공분양,전남,0
2021-09,LH,공공분양,경북,0
2021-09,LH,공공분양,경남,0
2021-09,LH,공공분양,제주,0
2021-09,주택업체,소계,전국,8,853
2021-09,주택업체,소계,서울,1,064
2021-09,주택업체,소계,인천,82
2021-09,주택업체,소계,경기,5,521
2021-09,주택업체,소계,부산,152
2021-09,주택업체,소계,대구,0
2021-09,주택업체,소계,광주,0
2021-09,주택업체,소계,대전,425
2021-09,주택업체,소계,울산,0
2021-09,주택업체,소계,세종,0
2021-09,주택업체,소계,강원,0
2021-09,주택업체,소계,충북,30
2021-09,주택업체,소계,충남,365
2021-09,주택업체,소계,전북,0
2021-09,주택업체,소계,전남,0
2021-09,주택업체,소계,경북,40
2021-09,주택업체,소계,경남,1,159
2021-09,주택업체,소계,제주,15
2021-09,주택업체,국민임대,전국,1,056
2021-09,주택업체,국민임대,서울,1
2021-09,주택업체,국민임대,인천,82
2021-09,주택업체,국민임대,경기,928
2021-09,주택업체,국민임대,부산,0
2021-09,주택업체,국민임대,대구,0
2021-09,주택업체,국민임대,광주,0
2021-09,주택업체,국민임대,대전,0
2021-09,주택업체,국민임대,울산,0
2021-09,주택업체,국민임대,세종,0
2021-09,주택업체,국민임대,강원,0
2021-09,주택업체,국민임대,충북,30
2021-09,주택업체,국민임대,충남,0
2021-09,주택업체,국민임대,전북,0
2021-09,주택업체,국민임대,전남,0
2021-09,주택업체,국민임대,경북,0
2021-09,주택업체,국민임대,경남,0
2021-09,주택업체,국민임대,제주,15
2021-09,주택업체,공공임대,전국,6,570
2021-09,주택업체,공공임대,서울,1,063
2021-09,주택업체,공공임대,인천,0
2021-09,주택업체,공공임대,경기,3,366
2021-09,주택업체,공공임대,부산,152
2021-09,주택업체,공공임대,대구,0
2021-09,주택업체,공공임대,광주,0
2021-09,주택업체,공공임대,대전,425
2021-09,주택업체,공공임대,울산,0
2021-09,주택업체,공공임대,세종,0
2021-09,주택업체,공공임대,강원,0
2021-09,주택업체,공공임대,충북,0
2021-09,주택업체,공공임대,충남,365
2021-09,주택업체,공공임대,전북,0
2021-09,주택업체,공공임대,전남,0
2021-09,주택업체,공공임대,경북,40
2021-09,주택업체,공공임대,경남,1,159
2021-09,주택업체,공공임대,제주,0
2021-09,주택업체,공공분양,전국,1,227
2021-09,주택업체,공공분양,서울,0
2021-09,주택업체,공공분양,인천,0
2021-09,주택업체,공공분양,경기,1,227
2021-09,주택업체,공공분양,부산,0
2021-09,주택업체,공공분양,대구,0
2021-09,주택업체,공공분양,광주,0
2021-09,주택업체,공공분양,대전,0
2021-09,주택업체,공공분양,울산,0
2021-09,주택업체,공공분양,세종,0
2021-09,주택업체,공공분양,강원,0
2021-09,주택업체,공공분양,충북,0
2021-09,주택업체,공공분양,충남,0
2021-09,주택업체,공공분양,전북,0
2021-09,주택업체,공공분양,전남,0
2021-09,주택업체,공공분양,경북,0
2021-09,주택업체,공공분양,경남,0
2021-09,주택업체,공공분양,제주,0
2021-09,민간부문,민간부문,전국,343,158
2021-09,민간부문,민간부문,서울,59,175
2021-09,민간부문,민간부문,인천,11,337
2021-09,민간부문,민간부문,경기,104,521
2021-09,민간부문,민간부문,부산,14,862
2021-09,민간부문,민간부문,대구,17,087
2021-09,민간부문,민간부문,광주,4,024
2021-09,민간부문,민간부문,대전,8,860
2021-09,민간부문,민간부문,울산,5,307
2021-09,민간부문,민간부문,세종,2,086
2021-09,민간부문,민간부문,강원,11,055
2021-09,민간부문,민간부문,충북,11,884
2021-09,민간부문,민간부문,충남,17,056
2021-09,민간부문,민간부문,전북,13,376
2021-09,민간부문,민간부문,전남,23,279
2021-09,민간부문,민간부문,경북,18,078
2021-09,민간부문,민간부문,경남,16,940
2021-09,민간부문,민간부문,제주,4,231
2021-09,민간,민간임대,전국,29,574
2021-09,민간,민간임대,서울,4,523
2021-09,민간,민간임대,인천,0
2021-09,민간,민간임대,경기,7,900
2021-09,민간,민간임대,부산,1,149
2021-09,민간,민간임대,대구,1,375
2021-09,민간,민간임대,광주,40
2021-09,민간,민간임대,대전,1,856
2021-09,민간,민간임대,울산,0
2021-09,민간,민간임대,세종,0
2021-09,민간,민간임대,강원,1,560
2021-09,민간,민간임대,충북,1,849
2021-09,민간,민간임대,충남,1,357
2021-09,민간,민간임대,전북,972
2021-09,민간,민간임대,전남,3,845
2021-09,민간,민간임대,경북,669
2021-09,민간,민간임대,경남,2,391
2021-09,민간,민간임대,제주,88
2021-09,민간,민간분양,전국,313,584
2021-09,민간,민간분양,서울,54,652
2021-09,민간,민간분양,인천,11,337
2021-09,민간,민간분양,경기,96,621
2021-09,민간,민간분양,부산,13,713
2021-09,민간,민간분양,대구,15,712
2021-09,민간,민간분양,광주,3,984
2021-09,민간,민간분양,대전,7,004
2021-09,민간,민간분양,울산,5,307
2021-09,민간,민간분양,세종,2,086
2021-09,민간,민간분양,강원,9,495
2021-09,민간,민간분양,충북,10,035
2021-09,민간,민간분양,충남,15,699
2021-09,민간,민간분양,전북,12,404
2021-09,민간,민간분양,전남,19,434
2021-09,민간,민간분양,경북,17,409
2021-09,민간,민간분양,경남,14,549
2021-09,민간,민간분양,제주,4,143
2021-10,총  계,총  계,전국,401,562
2021-10,총  계,총  계,서울,68,929
2021-10,총  계,총  계,인천,15,123
2021-10,총  계,총  계,경기,121,384
2021-10,총  계,총  계,부산,15,634
2021-10,총  계,총  계,대구,18,655
2021-10,총  계,총  계,광주,4,167
2021-10,총  계,총  계,대전,10,331
2021-10,총  계,총  계,울산,6,306
2021-10,총  계,총  계,세종,2,782
2021-10,총  계,총  계,강원,12,057
2021-10,총  계,총  계,충북,15,466
2021-10,총  계,총  계,충남,20,520
2021-10,총  계,총  계,전북,15,872
2021-10,총  계,총  계,전남,25,609
2021-10,총  계,총  계,경북,23,151
2021-10,총  계,총  계,경남,20,311
2021-10,총  계,총  계,제주,5,265
2021-10,공공부문,공공부문,전국,15,227
2021-10,공공부문,공공부문,서울,4,310
2021-10,공공부문,공공부문,인천,82
2021-10,공공부문,공공부문,경기,5,870
2021-10,공공부문,공공부문,부산,152
2021-10,공공부문,공공부문,대구,0
2021-10,공공부문,공공부문,광주,47
2021-10,공공부문,공공부문,대전,663
2021-10,공공부문,공공부문,울산,413
2021-10,공공부문,공공부문,세종,0
2021-10,공공부문,공공부문,강원,636
2021-10,공공부문,공공부문,충북,1,304
2021-10,공공부문,공공부문,충남,365
2021-10,공공부문,공공부문,전북,2
2021-10,공공부문,공공부문,전남,0
2021-10,공공부문,공공부문,경북,40
2021-10,공공부문,공공부문,경남,1,241
2021-10,공공부문,공공부문,제주,102
2021-10,합,국민임대,전국,2,583
2021-10,합,국민임대,서울,47
2021-10,합,국민임대,인천,82
2021-10,합,국민임대,경기,1,068
2021-10,합,국민임대,부산,0
2021-10,합,국민임대,대구,0
2021-10,합,국민임대,광주,0
2021-10,합,국민임대,대전,0
2021-10,합,국민임대,울산,0
2021-10,합,국민임대,세종,0
2021-10,합,국민임대,강원,0
2021-10,합,국민임대,충북,1,284
2021-10,합,국민임대,충남,0
2021-10,합,국민임대,전북,0
2021-10,합,국민임대,전남,0
2021-10,합,국민임대,경북,0
2021-10,합,국민임대,경남,0
2021-10,합,국민임대,제주,102
2021-10,합,공공임대,전국,9,673
2021-10,합,공공임대,서울,2,558
2021-10,합,공공임대,인천,0
2021-10,합,공공임대,경기,3,536
2021-10,합,공공임대,부산,152
2021-10,합,공공임대,대구,0
2021-10,합,공공임대,광주,47
2021-10,합,공공임대,대전,663
2021-10,합,공공임대,울산,413
2021-10,합,공공임대,세종,0
2021-10,합,공공임대,강원,636
2021-10,합,공공임대,충북,20
2021-10,합,공공임대,충남,365
2021-10,합,공공임대,전북,2
2021-10,합,공공임대,전남,0
2021-10,합,공공임대,경북,40
2021-10,합,공공임대,경남,1,241
2021-10,합,공공임대,제주,0
2021-10,합,공공분양,전국,2,971
2021-10,합,공공분양,서울,1,705
2021-10,합,공공분양,인천,0
2021-10,합,공공분양,경기,1,266
2021-10,합,공공분양,부산,0
2021-10,합,공공분양,대구,0
2021-10,합,공공분양,광주,0
2021-10,합,공공분양,대전,0
2021-10,합,공공분양,울산,0
2021-10,합,공공분양,세종,0
2021-10,합,공공분양,강원,0
2021-10,합,공공분양,충북,0
2021-10,합,공공분양,충남,0
2021-10,합,공공분양,전북,0
2021-10,합,공공분양,전남,0
2021-10,합,공공분양,경북,0
2021-10,합,공공분양,경남,0
2021-10,합,공공분양,제주,0
2021-10,지자체,소계,전국,2,534
2021-10,지자체,소계,서울,2,062
2021-10,지자체,소계,인천,0
2021-10,지자체,소계,경기,0
2021-10,지자체,소계,부산,0
2021-10,지자체,소계,대구,0
2021-10,지자체,소계,광주,0
2021-10,지자체,소계,대전,0
2021-10,지자체,소계,울산,370
2021-10,지자체,소계,세종,0
2021-10,지자체,소계,강원,0
2021-10,지자체,소계,충북,15
2021-10,지자체,소계,충남,0
2021-10,지자체,소계,전북,0
2021-10,지자체,소계,전남,0
2021-10,지자체,소계,경북,0
2021-10,지자체,소계,경남,0
2021-10,지자체,소계,제주,87
2021-10,지자체,국민임대,전국,133
2021-10,지자체,국민임대,서울,46
2021-10,지자체,국민임대,인천,0
2021-10,지자체,국민임대,경기,0
2021-10,지자체,국민임대,부산,0
2021-10,지자체,국민임대,대구,0
2021-10,지자체,국민임대,광주,0
2021-10,지자체,국민임대,대전,0
2021-10,지자체,국민임대,울산,0
2021-10,지자체,국민임대,세종,0
2021-10,지자체,국민임대,강원,0
2021-10,지자체,국민임대,충북,0
2021-10,지자체,국민임대,충남,0
2021-10,지자체,국민임대,전북,0
2021-10,지자체,국민임대,전남,0
2021-10,지자체,국민임대,경북,0
2021-10,지자체,국민임대,경남,0
2021-10,지자체,국민임대,제주,87
2021-10,지자체,공공임대,전국,1,096
2021-10,지자체,공공임대,서울,711
2021-10,지자체,공공임대,인천,0
2021-10,지자체,공공임대,경기,0
2021-10,지자체,공공임대,부산,0
2021-10,지자체,공공임대,대구,0
2021-10,지자체,공공임대,광주,0
2021-10,지자체,공공임대,대전,0
2021-10,지자체,공공임대,울산,370
2021-10,지자체,공공임대,세종,0
2021-10,지자체,공공임대,강원,0
2021-10,지자체,공공임대,충북,15
2021-10,지자체,공공임대,충남,0
2021-10,지자체,공공임대,전북,0
2021-10,지자체,공공임대,전남,0
2021-10,지자체,공공임대,경북,0
2021-10,지자체,공공임대,경남,0
2021-10,지자체,공공임대,제주,0
2021-10,지자체,공공분양,전국,1,305
2021-10,지자체,공공분양,서울,1,305
2021-10,지자체,공공분양,인천,0
2021-10,지자체,공공분양,경기,0
2021-10,지자체,공공분양,부산,0
2021-10,지자체,공공분양,대구,0
2021-10,지자체,공공분양,광주,0
2021-10,지자체,공공분양,대전,0
2021-10,지자체,공공분양,울산,0
2021-10,지자체,공공분양,세종,0
2021-10,지자체,공공분양,강원,0
2021-10,지자체,공공분양,충북,0
2021-10,지자체,공공분양,충남,0
2021-10,지자체,공공분양,전북,0
2021-10,지자체,공공분양,전남,0
2021-10,지자체,공공분양,경북,0
2021-10,지자체,공공분양,경남,0
2021-10,지자체,공공분양,제주,0
2021-10,LH,소계,전국,2,683
2021-10,LH,소계,서울,460
2021-10,LH,소계,인천,0
2021-10,LH,소계,경기,243
2021-10,LH,소계,부산,0
2021-10,LH,소계,대구,0
2021-10,LH,소계,광주,0
2021-10,LH,소계,대전,1
2021-10,LH,소계,울산,0
2021-10,LH,소계,세종,0
2021-10,LH,소계,강원,636
2021-10,LH,소계,충북,1,259
2021-10,LH,소계,충남,0
2021-10,LH,소계,전북,2
2021-10,LH,소계,전남,0
2021-10,LH,소계,경북,0
2021-10,LH,소계,경남,82
2021-10,LH,소계,제주,0
2021-10,LH,국민임대,전국,1,394
2021-10,LH,국민임대,서울,0
2021-10,LH,국민임대,인천,0
2021-10,LH,국민임대,경기,140
2021-10,LH,국민임대,부산,0
2021-10,LH,국민임대,대구,0
2021-10,LH,국민임대,광주,0
2021-10,LH,국민임대,대전,0
2021-10,LH,국민임대,울산,0
2021-10,LH,국민임대,세종,0
2021-10,LH,국민임대,강원,0
2021-10,LH,국민임대,충북,1,254
2021-10,LH,국민임대,충남,0
2021-10,LH,국민임대,전북,0
2021-10,LH,국민임대,전남,0
2021-10,LH,국민임대,경북,0
2021-10,LH,국민임대,경남,0
2021-10,LH,국민임대,제주,0
2021-10,LH,공공임대,전국,850
2021-10,LH,공공임대,서울,60
2021-10,LH,공공임대,인천,0
2021-10,LH,공공임대,경기,64
2021-10,LH,공공임대,부산,0
2021-10,LH,공공임대,대구,0
2021-10,LH,공공임대,광주,0
2021-10,LH,공공임대,대전,1
2021-10,LH,공공임대,울산,0
2021-10,LH,공공임대,세종,0
2021-10,LH,공공임대,강원,636
2021-10,LH,공공임대,충북,5
2021-10,LH,공공임대,충남,0
2021-10,LH,공공임대,전북,2
2021-10,LH,공공임대,전남,0
2021-10,LH,공공임대,경북,0
2021-10,LH,공공임대,경남,82
2021-10,LH,공공임대,제주,0
2021-10,LH,공공분양,전국,439
2021-10,LH,공공분양,서울,400
2021-10,LH,공공분양,인천,0
2021-10,LH,공공분양,경기,39
2021-10,LH,공공분양,부산,0
2021-10,LH,공공분양,대구,0
2021-10,LH,공공분양,광주,0
2021-10,LH,공공분양,대전,0
2021-10,LH,공공분양,울산,0
2021-10,LH,공공분양,세종,0
2021-10,LH,공공분양,강원,0
2021-10,LH,공공분양,충북,0
2021-10,LH,공공분양,충남,0
2021-10,LH,공공분양,전북,0
2021-10,LH,공공분양,전남,0
2021-10,LH,공공분양,경북,0
2021-10,LH,공공분양,경남,0
2021-10,LH,공공분양,제주,0
2021-10,주택업체,소계,전국,10,010
2021-10,주택업체,소계,서울,1,788
2021-10,주택업체,소계,인천,82
2021-10,주택업체,소계,경기,5,627
2021-10,주택업체,소계,부산,152
2021-10,주택업체,소계,대구,0
2021-10,주택업체,소계,광주,47
2021-10,주택업체,소계,대전,662
2021-10,주택업체,소계,울산,43
2021-10,주택업체,소계,세종,0
2021-10,주택업체,소계,강원,0
2021-10,주택업체,소계,충북,30
2021-10,주택업체,소계,충남,365
2021-10,주택업체,소계,전북,0
2021-10,주택업체,소계,전남,0
2021-10,주택업체,소계,경북,40
2021-10,주택업체,소계,경남,1,159
2021-10,주택업체,소계,제주,15
2021-10,주택업체,국민임대,전국,1,056
2021-10,주택업체,국민임대,서울,1
2021-10,주택업체,국민임대,인천,82
2021-10,주택업체,국민임대,경기,928
2021-10,주택업체,국민임대,부산,0
2021-10,주택업체,국민임대,대구,0
2021-10,주택업체,국민임대,광주,0
2021-10,주택업체,국민임대,대전,0
2021-10,주택업체,국민임대,울산,0
2021-10,주택업체,국민임대,세종,0
2021-10,주택업체,국민임대,강원,0
2021-10,주택업체,국민임대,충북,30
2021-10,주택업체,국민임대,충남,0
2021-10,주택업체,국민임대,전북,0
2021-10,주택업체,국민임대,전남,0
2021-10,주택업체,국민임대,경북,0
2021-10,주택업체,국민임대,경남,0
2021-10,주택업체,국민임대,제주,15
2021-10,주택업체,공공임대,전국,7,727
2021-10,주택업체,공공임대,서울,1,787
2021-10,주택업체,공공임대,인천,0
2021-10,주택업체,공공임대,경기,3,472
2021-10,주택업체,공공임대,부산,152
2021-10,주택업체,공공임대,대구,0
2021-10,주택업체,공공임대,광주,47
2021-10,주택업체,공공임대,대전,662
2021-10,주택업체,공공임대,울산,43
2021-10,주택업체,공공임대,세종,0
2021-10,주택업체,공공임대,강원,0
2021-10,주택업체,공공임대,충북,0
2021-10,주택업체,공공임대,충남,365
2021-10,주택업체,공공임대,전북,0
2021-10,주택업체,공공임대,전남,0
2021-10,주택업체,공공임대,경북,40
2021-10,주택업체,공공임대,경남,1,159
2021-10,주택업체,공공임대,제주,0
2021-10,주택업체,공공분양,전국,1,227
2021-10,주택업체,공공분양,서울,0
2021-10,주택업체,공공분양,인천,0
2021-10,주택업체,공공분양,경기,1,227
2021-10,주택업체,공공분양,부산,0
2021-10,주택업체,공공분양,대구,0
2021-10,주택업체,공공분양,광주,0
2021-10,주택업체,공공분양,대전,0
2021-10,주택업체,공공분양,울산,0
2021-10,주택업체,공공분양,세종,0
2021-10,주택업체,공공분양,강원,0
2021-10,주택업체,공공분양,충북,0
2021-10,주택업체,공공분양,충남,0
2021-10,주택업체,공공분양,전북,0
2021-10,주택업체,공공분양,전남,0
2021-10,주택업체,공공분양,경북,0
2021-10,주택업체,공공분양,경남,0
2021-10,주택업체,공공분양,제주,0
2021-10,민간부문,민간부문,전국,386,335
2021-10,민간부문,민간부문,서울,64,619
2021-10,민간부문,민간부문,인천,15,041
2021-10,민간부문,민간부문,경기,115,514
2021-10,민간부문,민간부문,부산,15,482
2021-10,민간부문,민간부문,대구,18,655
2021-10,민간부문,민간부문,광주,4,120
2021-10,민간부문,민간부문,대전,9,668
2021-10,민간부문,민간부문,울산,5,893
2021-10,민간부문,민간부문,세종,2,782
2021-10,민간부문,민간부문,강원,11,421
2021-10,민간부문,민간부문,충북,14,162
2021-10,민간부문,민간부문,충남,20,155
2021-10,민간부문,민간부문,전북,15,870
2021-10,민간부문,민간부문,전남,25,609
2021-10,민간부문,민간부문,경북,23,111
2021-10,민간부문,민간부문,경남,19,070
2021-10,민간부문,민간부문,제주,5,163
2021-10,민간,민간임대,전국,35,598
2021-10,민간,민간임대,서울,6,256
2021-10,민간,민간임대,인천,0
2021-10,민간,민간임대,경기,9,716
2021-10,민간,민간임대,부산,1,149
2021-10,민간,민간임대,대구,1,375
2021-10,민간,민간임대,광주,40
2021-10,민간,민간임대,대전,1,856
2021-10,민간,민간임대,울산,0
2021-10,민간,민간임대,세종,0
2021-10,민간,민간임대,강원,1,560
2021-10,민간,민간임대,충북,1,849
2021-10,민간,민간임대,충남,2,181
2021-10,민간,민간임대,전북,2,247
2021-10,민간,민간임대,전남,4,221
2021-10,민간,민간임대,경북,669
2021-10,민간,민간임대,경남,2,391
2021-10,민간,민간임대,제주,88
2021-10,민간,민간분양,전국,350,737
2021-10,민간,민간분양,서울,58,363
2021-10,민간,민간분양,인천,15,041
2021-10,민간,민간분양,경기,105,798
2021-10,민간,민간분양,부산,14,333
2021-10,민간,민간분양,대구,17,280
2021-10,민간,민간분양,광주,4,080
2021-10,민간,민간분양,대전,7,812
2021-10,민간,민간분양,울산,5,893
2021-10,민간,민간분양,세종,2,782
2021-10,민간,민간분양,강원,9,861
2021-10,민간,민간분양,충북,12,313
2021-10,민간,민간분양,충남,17,974
2021-10,민간,민간분양,전북,13,623
2021-10,민간,민간분양,전남,21,388
2021-10,민간,민간분양,경북,22,442
2021-10,민간,민간분양,경남,16,679
2021-10,민간,민간분양,제주,5,075
2021-11,총  계,총  계,전국,439,362
2021-11,총  계,총  계,서울,76,149
2021-11,총  계,총  계,인천,18,844
2021-11,총  계,총  계,경기,128,629
2021-11,총  계,총  계,부산,18,197
2021-11,총  계,총  계,대구,19,370
2021-11,총  계,총  계,광주,4,382
2021-11,총  계,총  계,대전,11,379
2021-11,총  계,총  계,울산,7,742
2021-11,총  계,총  계,세종,2,797
2021-11,총  계,총  계,강원,13,902
2021-11,총  계,총  계,충북,16,660
2021-11,총  계,총  계,충남,23,830
2021-11,총  계,총  계,전북,16,084
2021-11,총  계,총  계,전남,28,510
2021-11,총  계,총  계,경북,25,149
2021-11,총  계,총  계,경남,21,890
2021-11,총  계,총  계,제주,5,848
2021-11,공공부문,공공부문,전국,16,653
2021-11,공공부문,공공부문,서울,4,361
2021-11,공공부문,공공부문,인천,904
2021-11,공공부문,공공부문,경기,5,870
2021-11,공공부문,공공부문,부산,152
2021-11,공공부문,공공부문,대구,13
2021-11,공공부문,공공부문,광주,47
2021-11,공공부문,공공부문,대전,663
2021-11,공공부문,공공부문,울산,413
2021-11,공공부문,공공부문,세종,0
2021-11,공공부문,공공부문,강원,1,014
2021-11,공공부문,공공부문,충북,1,304
2021-11,공공부문,공공부문,충남,525
2021-11,공공부문,공공부문,전북,4
2021-11,공공부문,공공부문,전남,0
2021-11,공공부문,공공부문,경북,40
2021-11,공공부문,공공부문,경남,1,241
2021-11,공공부문,공공부문,제주,102
2021-11,합,국민임대,전국,3,092
2021-11,합,국민임대,서울,47
2021-11,합,국민임대,인천,82
2021-11,합,국민임대,경기,1,068
2021-11,합,국민임대,부산,0
2021-11,합,국민임대,대구,1
2021-11,합,국민임대,광주,0
2021-11,합,국민임대,대전,0
2021-11,합,국민임대,울산,0
2021-11,합,국민임대,세종,0
2021-11,합,국민임대,강원,378
2021-11,합,국민임대,충북,1,284
2021-11,합,국민임대,충남,130
2021-11,합,국민임대,전북,0
2021-11,합,국민임대,전남,0
2021-11,합,국민임대,경북,0
2021-11,합,국민임대,경남,0
2021-11,합,국민임대,제주,102
2021-11,합,공공임대,전국,9,768
2021-11,합,공공임대,서울,2,609
2021-11,합,공공임대,인천,0
2021-11,합,공공임대,경기,3,536
2021-11,합,공공임대,부산,152
2021-11,합,공공임대,대구,12
2021-11,합,공공임대,광주,47
2021-11,합,공공임대,대전,663
2021-11,합,공공임대,울산,413
2021-11,합,공공임대,세종,0
2021-11,합,공공임대,강원,636
2021-11,합,공공임대,충북,20
2021-11,합,공공임대,충남,395
2021-11,합,공공임대,전북,4
2021-11,합,공공임대,전남,0
2021-11,합,공공임대,경북,40
2021-11,합,공공임대,경남,1,241
2021-11,합,공공임대,제주,0
2021-11,합,공공분양,전국,3,793
2021-11,합,공공분양,서울,1,705
2021-11,합,공공분양,인천,822
2021-11,합,공공분양,경기,1,266
2021-11,합,공공분양,부산,0
2021-11,합,공공분양,대구,0
2021-11,합,공공분양,광주,0
2021-11,합,공공분양,대전,0
2021-11,합,공공분양,울산,0
2021-11,합,공공분양,세종,0
2021-11,합,공공분양,강원,0
2021-11,합,공공분양,충북,0
2021-11,합,공공분양,충남,0
2021-11,합,공공분양,전북,0
2021-11,합,공공분양,전남,0
2021-11,합,공공분양,경북,0
2021-11,합,공공분양,경남,0
2021-11,합,공공분양,제주,0
2021-11,지자체,소계,전국,2,723
2021-11,지자체,소계,서울,2,062
2021-11,지자체,소계,인천,0
2021-11,지자체,소계,경기,0
2021-11,지자체,소계,부산,0
2021-11,지자체,소계,대구,0
2021-11,지자체,소계,광주,0
2021-11,지자체,소계,대전,0
2021-11,지자체,소계,울산,370
2021-11,지자체,소계,세종,0
2021-11,지자체,소계,강원,189
2021-11,지자체,소계,충북,15
2021-11,지자체,소계,충남,0
2021-11,지자체,소계,전북,0
2021-11,지자체,소계,전남,0
2021-11,지자체,소계,경북,0
2021-11,지자체,소계,경남,0
2021-11,지자체,소계,제주,87
2021-11,지자체,국민임대,전국,322
2021-11,지자체,국민임대,서울,46
2021-11,지자체,국민임대,인천,0
2021-11,지자체,국민임대,경기,0
2021-11,지자체,국민임대,부산,0
2021-11,지자체,국민임대,대구,0
2021-11,지자체,국민임대,광주,0
2021-11,지자체,국민임대,대전,0
2021-11,지자체,국민임대,울산,0
2021-11,지자체,국민임대,세종,0
2021-11,지자체,국민임대,강원,189
2021-11,지자체,국민임대,충북,0
2021-11,지자체,국민임대,충남,0
2021-11,지자체,국민임대,전북,0
2021-11,지자체,국민임대,전남,0
2021-11,지자체,국민임대,경북,0
2021-11,지자체,국민임대,경남,0
2021-11,지자체,국민임대,제주,87
2021-11,지자체,공공임대,전국,1,096
2021-11,지자체,공공임대,서울,711
2021-11,지자체,공공임대,인천,0
2021-11,지자체,공공임대,경기,0
2021-11,지자체,공공임대,부산,0
2021-11,지자체,공공임대,대구,0
2021-11,지자체,공공임대,광주,0
2021-11,지자체,공공임대,대전,0
2021-11,지자체,공공임대,울산,370
2021-11,지자체,공공임대,세종,0
2021-11,지자체,공공임대,강원,0
2021-11,지자체,공공임대,충북,15
2021-11,지자체,공공임대,충남,0
2021-11,지자체,공공임대,전북,0
2021-11,지자체,공공임대,전남,0
2021-11,지자체,공공임대,경북,0
2021-11,지자체,공공임대,경남,0
2021-11,지자체,공공임대,제주,0
2021-11,지자체,공공분양,전국,1,305
2021-11,지자체,공공분양,서울,1,305
2021-11,지자체,공공분양,인천,0
2021-11,지자체,공공분양,경기,0
2021-11,지자체,공공분양,부산,0
2021-11,지자체,공공분양,대구,0
2021-11,지자체,공공분양,광주,0
2021-11,지자체,공공분양,대전,0
2021-11,지자체,공공분양,울산,0
2021-11,지자체,공공분양,세종,0
2021-11,지자체,공공분양,강원,0
2021-11,지자체,공공분양,충북,0
2021-11,지자체,공공분양,충남,0
2021-11,지자체,공공분양,전북,0
2021-11,지자체,공공분양,전남,0
2021-11,지자체,공공분양,경북,0
2021-11,지자체,공공분양,경남,0
2021-11,지자체,공공분양,제주,0
2021-11,LH,소계,전국,3,856
2021-11,LH,소계,서울,460
2021-11,LH,소계,인천,822
2021-11,LH,소계,경기,243
2021-11,LH,소계,부산,0
2021-11,LH,소계,대구,0
2021-11,LH,소계,광주,0
2021-11,LH,소계,대전,1
2021-11,LH,소계,울산,0
2021-11,LH,소계,세종,0
2021-11,LH,소계,강원,825
2021-11,LH,소계,충북,1,259
2021-11,LH,소계,충남,160
2021-11,LH,소계,전북,4
2021-11,LH,소계,전남,0
2021-11,LH,소계,경북,0
2021-11,LH,소계,경남,82
2021-11,LH,소계,제주,0
2021-11,LH,국민임대,전국,1,713
2021-11,LH,국민임대,서울,0
2021-11,LH,국민임대,인천,0
2021-11,LH,국민임대,경기,140
2021-11,LH,국민임대,부산,0
2021-11,LH,국민임대,대구,0
2021-11,LH,국민임대,광주,0
2021-11,LH,국민임대,대전,0
2021-11,LH,국민임대,울산,0
2021-11,LH,국민임대,세종,0
2021-11,LH,국민임대,강원,189
2021-11,LH,국민임대,충북,1,254
2021-11,LH,국민임대,충남,130
2021-11,LH,국민임대,전북,0
2021-11,LH,국민임대,전남,0
2021-11,LH,국민임대,경북,0
2021-11,LH,국민임대,경남,0
2021-11,LH,국민임대,제주,0
2021-11,LH,공공임대,전국,882
2021-11,LH,공공임대,서울,60
2021-11,LH,공공임대,인천,0
2021-11,LH,공공임대,경기,64
2021-11,LH,공공임대,부산,0
2021-11,LH,공공임대,대구,0
2021-11,LH,공공임대,광주,0
2021-11,LH,공공임대,대전,1
2021-11,LH,공공임대,울산,0
2021-11,LH,공공임대,세종,0
2021-11,LH,공공임대,강원,636
2021-11,LH,공공임대,충북,5
2021-11,LH,공공임대,충남,30
2021-11,LH,공공임대,전북,4
2021-11,LH,공공임대,전남,0
2021-11,LH,공공임대,경북,0
2021-11,LH,공공임대,경남,82
2021-11,LH,공공임대,제주,0
2021-11,LH,공공분양,전국,1,261
2021-11,LH,공공분양,서울,400
2021-11,LH,공공분양,인천,822
2021-11,LH,공공분양,경기,39
2021-11,LH,공공분양,부산,0
2021-11,LH,공공분양,대구,0
2021-11,LH,공공분양,광주,0
2021-11,LH,공공분양,대전,0
2021-11,LH,공공분양,울산,0
2021-11,LH,공공분양,세종,0
2021-11,LH,공공분양,강원,0
2021-11,LH,공공분양,충북,0
2021-11,LH,공공분양,충남,0
2021-11,LH,공공분양,전북,0
2021-11,LH,공공분양,전남,0
2021-11,LH,공공분양,경북,0
2021-11,LH,공공분양,경남,0
2021-11,LH,공공분양,제주,0
2021-11,주택업체,소계,전국,10,074
2021-11,주택업체,소계,서울,1,839
2021-11,주택업체,소계,인천,82
2021-11,주택업체,소계,경기,5,627
2021-11,주택업체,소계,부산,152
2021-11,주택업체,소계,대구,13
2021-11,주택업체,소계,광주,47
2021-11,주택업체,소계,대전,662
2021-11,주택업체,소계,울산,43
2021-11,주택업체,소계,세종,0
2021-11,주택업체,소계,강원,0
2021-11,주택업체,소계,충북,30
2021-11,주택업체,소계,충남,365
2021-11,주택업체,소계,전북,0
2021-11,주택업체,소계,전남,0
2021-11,주택업체,소계,경북,40
2021-11,주택업체,소계,경남,1,159
2021-11,주택업체,소계,제주,15
2021-11,주택업체,국민임대,전국,1,057
2021-11,주택업체,국민임대,서울,1
2021-11,주택업체,국민임대,인천,82
2021-11,주택업체,국민임대,경기,928
2021-11,주택업체,국민임대,부산,0
2021-11,주택업체,국민임대,대구,1
2021-11,주택업체,국민임대,광주,0
2021-11,주택업체,국민임대,대전,0
2021-11,주택업체,국민임대,울산,0
2021-11,주택업체,국민임대,세종,0
2021-11,주택업체,국민임대,강원,0
2021-11,주택업체,국민임대,충북,30
2021-11,주택업체,국민임대,충남,0
2021-11,주택업체,국민임대,전북,0
2021-11,주택업체,국민임대,전남,0
2021-11,주택업체,국민임대,경북,0
2021-11,주택업체,국민임대,경남,0
2021-11,주택업체,국민임대,제주,15
2021-11,주택업체,공공임대,전국,7,790
2021-11,주택업체,공공임대,서울,1,838
2021-11,주택업체,공공임대,인천,0
2021-11,주택업체,공공임대,경기,3,472
2021-11,주택업체,공공임대,부산,152
2021-11,주택업체,공공임대,대구,12
2021-11,주택업체,공공임대,광주,47
2021-11,주택업체,공공임대,대전,662
2021-11,주택업체,공공임대,울산,43
2021-11,주택업체,공공임대,세종,0
2021-11,주택업체,공공임대,강원,0
2021-11,주택업체,공공임대,충북,0
2021-11,주택업체,공공임대,충남,365
2021-11,주택업체,공공임대,전북,0
2021-11,주택업체,공공임대,전남,0
2021-11,주택업체,공공임대,경북,40
2021-11,주택업체,공공임대,경남,1,159
2021-11,주택업체,공공임대,제주,0
2021-11,주택업체,공공분양,전국,1,227
2021-11,주택업체,공공분양,서울,0
2021-11,주택업체,공공분양,인천,0
2021-11,주택업체,공공분양,경기,1,227
2021-11,주택업체,공공분양,부산,0
2021-11,주택업체,공공분양,대구,0
2021-11,주택업체,공공분양,광주,0
2021-11,주택업체,공공분양,대전,0
2021-11,주택업체,공공분양,울산,0
2021-11,주택업체,공공분양,세종,0
2021-11,주택업체,공공분양,강원,0
2021-11,주택업체,공공분양,충북,0
2021-11,주택업체,공공분양,충남,0
2021-11,주택업체,공공분양,전북,0
2021-11,주택업체,공공분양,전남,0
2021-11,주택업체,공공분양,경북,0
2021-11,주택업체,공공분양,경남,0
2021-11,주택업체,공공분양,제주,0
2021-11,민간부문,민간부문,전국,422,709
2021-11,민간부문,민간부문,서울,71,788
2021-11,민간부문,민간부문,인천,17,940
2021-11,민간부문,민간부문,경기,122,759
2021-11,민간부문,민간부문,부산,18,045
2021-11,민간부문,민간부문,대구,19,357
2021-11,민간부문,민간부문,광주,4,335
2021-11,민간부문,민간부문,대전,10,716
2021-11,민간부문,민간부문,울산,7,329
2021-11,민간부문,민간부문,세종,2,797
2021-11,민간부문,민간부문,강원,12,888
2021-11,민간부문,민간부문,충북,15,356
2021-11,민간부문,민간부문,충남,23,305
2021-11,민간부문,민간부문,전북,16,080
2021-11,민간부문,민간부문,전남,28,510
2021-11,민간부문,민간부문,경북,25,109
2021-11,민간부문,민간부문,경남,20,649
2021-11,민간부문,민간부문,제주,5,746
2021-11,민간,민간임대,전국,40,207
2021-11,민간,민간임대,서울,8,116
2021-11,민간,민간임대,인천,918
2021-11,민간,민간임대,경기,10,226
2021-11,민간,민간임대,부산,1,149
2021-11,민간,민간임대,대구,1,375
2021-11,민간,민간임대,광주,40
2021-11,민간,민간임대,대전,1,856
2021-11,민간,민간임대,울산,0
2021-11,민간,민간임대,세종,0
2021-11,민간,민간임대,강원,1,560
2021-11,민간,민간임대,충북,1,849
2021-11,민간,민간임대,충남,2,181
2021-11,민간,민간임대,전북,2,247
2021-11,민간,민간임대,전남,4,769
2021-11,민간,민간임대,경북,669
2021-11,민간,민간임대,경남,3,164
2021-11,민간,민간임대,제주,88
2021-11,민간,민간분양,전국,382,502
2021-11,민간,민간분양,서울,63,672
2021-11,민간,민간분양,인천,17,022
2021-11,민간,민간분양,경기,112,533
2021-11,민간,민간분양,부산,16,896
2021-11,민간,민간분양,대구,17,982
2021-11,민간,민간분양,광주,4,295
2021-11,민간,민간분양,대전,8,860
2021-11,민간,민간분양,울산,7,329
2021-11,민간,민간분양,세종,2,797
2021-11,민간,민간분양,강원,11,328
2021-11,민간,민간분양,충북,13,507
2021-11,민간,민간분양,충남,21,124
2021-11,민간,민간분양,전북,13,833
2021-11,민간,민간분양,전남,23,741
2021-11,민간,민간분양,경북,24,440
2021-11,민간,민간분양,경남,17,485
2021-11,민간,민간분양,제주,5,658
2021-12,총  계,총  계,전국,535,971
2021-12,총  계,총  계,서울,81,637
2021-12,총  계,총  계,인천,26,214
2021-12,총  계,총  계,경기,179,862
2021-12,총  계,총  계,부산,21,695
2021-12,총  계,총  계,대구,23,727
2021-12,총  계,총  계,광주,5,361
2021-12,총  계,총  계,대전,13,809
2021-12,총  계,총  계,울산,9,016
2021-12,총  계,총  계,세종,3,238
2021-12,총  계,총  계,강원,16,499
2021-12,총  계,총  계,충북,17,072
2021-12,총  계,총  계,충남,28,538
2021-12,총  계,총  계,전북,18,694
2021-12,총  계,총  계,전남,30,220
2021-12,총  계,총  계,경북,28,974
2021-12,총  계,총  계,경남,24,701
2021-12,총  계,총  계,제주,6,714
2021-12,공공부문,공공부문,전국,66,731
2021-12,공공부문,공공부문,서울,5,471
2021-12,공공부문,공공부문,인천,7,147
2021-12,공공부문,공공부문,경기,42,525
2021-12,공공부문,공공부문,부산,152
2021-12,공공부문,공공부문,대구,643
2021-12,공공부문,공공부문,광주,47
2021-12,공공부문,공공부문,대전,825
2021-12,공공부문,공공부문,울산,1,003
2021-12,공공부문,공공부문,세종,400
2021-12,공공부문,공공부문,강원,1,872
2021-12,공공부문,공공부문,충북,1,368
2021-12,공공부문,공공부문,충남,1,452
2021-12,공공부문,공공부문,전북,651
2021-12,공공부문,공공부문,전남,88
2021-12,공공부문,공공부문,경북,1,614
2021-12,공공부문,공공부문,경남,1,241
2021-12,공공부문,공공부문,제주,232
2021-12,합,국민임대,전국,6,444
2021-12,합,국민임대,서울,47
2021-12,합,국민임대,인천,675
2021-12,합,국민임대,경기,2,980
2021-12,합,국민임대,부산,0
2021-12,합,국민임대,대구,1
2021-12,합,국민임대,광주,0
2021-12,합,국민임대,대전,0
2021-12,합,국민임대,울산,58
2021-12,합,국민임대,세종,0
2021-12,합,국민임대,강원,778
2021-12,합,국민임대,충북,1,284
2021-12,합,국민임대,충남,130
2021-12,합,국민임대,전북,135
2021-12,합,국민임대,전남,40
2021-12,합,국민임대,경북,84
2021-12,합,국민임대,경남,0
2021-12,합,국민임대,제주,232
2021-12,합,공공임대,전국,32,872
2021-12,합,공공임대,서울,3,719
2021-12,합,공공임대,인천,2,186
2021-12,합,공공임대,경기,19,048
2021-12,합,공공임대,부산,152
2021-12,합,공공임대,대구,642
2021-12,합,공공임대,광주,47
2021-12,합,공공임대,대전,825
2021-12,합,공공임대,울산,945
2021-12,합,공공임대,세종,400
2021-12,합,공공임대,강원,1,094
2021-12,합,공공임대,충북,84
2021-12,합,공공임대,충남,395
2021-12,합,공공임대,전북,516
2021-12,합,공공임대,전남,48
2021-12,합,공공임대,경북,1,530
2021-12,합,공공임대,경남,1,241
2021-12,합,공공임대,제주,0
2021-12,합,공공분양,전국,27,415
2021-12,합,공공분양,서울,1,705
2021-12,합,공공분양,인천,4,286
2021-12,합,공공분양,경기,20,497
2021-12,합,공공분양,부산,0
2021-12,합,공공분양,대구,0
2021-12,합,공공분양,광주,0
2021-12,합,공공분양,대전,0
2021-12,합,공공분양,울산,0
2021-12,합,공공분양,세종,0
2021-12,합,공공분양,강원,0
2021-12,합,공공분양,충북,0
2021-12,합,공공분양,충남,927
2021-12,합,공공분양,전북,0
2021-12,합,공공분양,전남,0
2021-12,합,공공분양,경북,0
2021-12,합,공공분양,경남,0
2021-12,합,공공분양,제주,0
2021-12,지자체,소계,전국,2,732
2021-12,지자체,소계,서울,2,071
2021-12,지자체,소계,인천,0
2021-12,지자체,소계,경기,0
2021-12,지자체,소계,부산,0
2021-12,지자체,소계,대구,0
2021-12,지자체,소계,광주,0
2021-12,지자체,소계,대전,0
2021-12,지자체,소계,울산,370
2021-12,지자체,소계,세종,0
2021-12,지자체,소계,강원,189
2021-12,지자체,소계,충북,15
2021-12,지자체,소계,충남,0
2021-12,지자체,소계,전북,0
2021-12,지자체,소계,전남,0
2021-12,지자체,소계,경북,0
2021-12,지자체,소계,경남,0
2021-12,지자체,소계,제주,87
2021-12,지자체,국민임대,전국,322
2021-12,지자체,국민임대,서울,46
2021-12,지자체,국민임대,인천,0
2021-12,지자체,국민임대,경기,0
2021-12,지자체,국민임대,부산,0
2021-12,지자체,국민임대,대구,0
2021-12,지자체,국민임대,광주,0
2021-12,지자체,국민임대,대전,0
2021-12,지자체,국민임대,울산,0
2021-12,지자체,국민임대,세종,0
2021-12,지자체,국민임대,강원,189
2021-12,지자체,국민임대,충북,0
2021-12,지자체,국민임대,충남,0
2021-12,지자체,국민임대,전북,0
2021-12,지자체,국민임대,전남,0
2021-12,지자체,국민임대,경북,0
2021-12,지자체,국민임대,경남,0
2021-12,지자체,국민임대,제주,87
2021-12,지자체,공공임대,전국,1,105
2021-12,지자체,공공임대,서울,720
2021-12,지자체,공공임대,인천,0
2021-12,지자체,공공임대,경기,0
2021-12,지자체,공공임대,부산,0
2021-12,지자체,공공임대,대구,0
2021-12,지자체,공공임대,광주,0
2021-12,지자체,공공임대,대전,0
2021-12,지자체,공공임대,울산,370
2021-12,지자체,공공임대,세종,0
2021-12,지자체,공공임대,강원,0
2021-12,지자체,공공임대,충북,15
2021-12,지자체,공공임대,충남,0
2021-12,지자체,공공임대,전북,0
2021-12,지자체,공공임대,전남,0
2021-12,지자체,공공임대,경북,0
2021-12,지자체,공공임대,경남,0
2021-12,지자체,공공임대,제주,0
2021-12,지자체,공공분양,전국,1,305
2021-12,지자체,공공분양,서울,1,305
2021-12,지자체,공공분양,인천,0
2021-12,지자체,공공분양,경기,0
2021-12,지자체,공공분양,부산,0
2021-12,지자체,공공분양,대구,0
2021-12,지자체,공공분양,광주,0
2021-12,지자체,공공분양,대전,0
2021-12,지자체,공공분양,울산,0
2021-12,지자체,공공분양,세종,0
2021-12,지자체,공공분양,강원,0
2021-12,지자체,공공분양,충북,0
2021-12,지자체,공공분양,충남,0
2021-12,지자체,공공분양,전북,0
2021-12,지자체,공공분양,전남,0
2021-12,지자체,공공분양,경북,0
2021-12,지자체,공공분양,경남,0
2021-12,지자체,공공분양,제주,0
2021-12,LH,소계,전국,50,997
2021-12,LH,소계,서울,460
2021-12,LH,소계,인천,5,530
2021-12,LH,소계,경기,36,898
2021-12,LH,소계,부산,0
2021-12,LH,소계,대구,630
2021-12,LH,소계,광주,0
2021-12,LH,소계,대전,1
2021-12,LH,소계,울산,590
2021-12,LH,소계,세종,400
2021-12,LH,소계,강원,1,683
2021-12,LH,소계,충북,1,323
2021-12,LH,소계,충남,1,087
2021-12,LH,소계,전북,651
2021-12,LH,소계,전남,88
2021-12,LH,소계,경북,1,574
2021-12,LH,소계,경남,82
2021-12,LH,소계,제주,0
2021-12,LH,국민임대,전국,4,935
2021-12,LH,국민임대,서울,0
2021-12,LH,국민임대,인천,593
2021-12,LH,국민임대,경기,2,052
2021-12,LH,국민임대,부산,0
2021-12,LH,국민임대,대구,0
2021-12,LH,국민임대,광주,0
2021-12,LH,국민임대,대전,0
2021-12,LH,국민임대,울산,58
2021-12,LH,국민임대,세종,0
2021-12,LH,국민임대,강원,589
2021-12,LH,국민임대,충북,1,254
2021-12,LH,국민임대,충남,130
2021-12,LH,국민임대,전북,135
2021-12,LH,국민임대,전남,40
2021-12,LH,국민임대,경북,84
2021-12,LH,국민임대,경남,0
2021-12,LH,국민임대,제주,0
2021-12,LH,공공임대,전국,22,714
2021-12,LH,공공임대,서울,60
2021-12,LH,공공임대,인천,2,186
2021-12,LH,공공임대,경기,15,576
2021-12,LH,공공임대,부산,0
2021-12,LH,공공임대,대구,630
2021-12,LH,공공임대,광주,0
2021-12,LH,공공임대,대전,1
2021-12,LH,공공임대,울산,532
2021-12,LH,공공임대,세종,400
2021-12,LH,공공임대,강원,1,094
2021-12,LH,공공임대,충북,69
2021-12,LH,공공임대,충남,30
2021-12,LH,공공임대,전북,516
2021-12,LH,공공임대,전남,48
2021-12,LH,공공임대,경북,1,490
2021-12,LH,공공임대,경남,82
2021-12,LH,공공임대,제주,0
2021-12,LH,공공분양,전국,23,348
2021-12,LH,공공분양,서울,400
2021-12,LH,공공분양,인천,2,751
2021-12,LH,공공분양,경기,19,270
2021-12,LH,공공분양,부산,0
2021-12,LH,공공분양,대구,0
2021-12,LH,공공분양,광주,0
2021-12,LH,공공분양,대전,0
2021-12,LH,공공분양,울산,0
2021-12,LH,공공분양,세종,0
2021-12,LH,공공분양,강원,0
2021-12,LH,공공분양,충북,0
2021-12,LH,공공분양,충남,927
2021-12,LH,공공분양,전북,0
2021-12,LH,공공분양,전남,0
2021-12,LH,공공분양,경북,0
2021-12,LH,공공분양,경남,0
2021-12,LH,공공분양,제주,0
2021-12,주택업체,소계,전국,13,002
2021-12,주택업체,소계,서울,2,940
2021-12,주택업체,소계,인천,1,617
2021-12,주택업체,소계,경기,5,627
2021-12,주택업체,소계,부산,152
2021-12,주택업체,소계,대구,13
2021-12,주택업체,소계,광주,47
2021-12,주택업체,소계,대전,824
2021-12,주택업체,소계,울산,43
2021-12,주택업체,소계,세종,0
2021-12,주택업체,소계,강원,0
2021-12,주택업체,소계,충북,30
2021-12,주택업체,소계,충남,365
2021-12,주택업체,소계,전북,0
2021-12,주택업체,소계,전남,0
2021-12,주택업체,소계,경북,40
2021-12,주택업체,소계,경남,1,159
2021-12,주택업체,소계,제주,145
2021-12,주택업체,국민임대,전국,1,187
2021-12,주택업체,국민임대,서울,1
2021-12,주택업체,국민임대,인천,82
2021-12,주택업체,국민임대,경기,928
2021-12,주택업체,국민임대,부산,0
2021-12,주택업체,국민임대,대구,1
2021-12,주택업체,국민임대,광주,0
2021-12,주택업체,국민임대,대전,0
2021-12,주택업체,국민임대,울산,0
2021-12,주택업체,국민임대,세종,0
2021-12,주택업체,국민임대,강원,0
2021-12,주택업체,국민임대,충북,30
2021-12,주택업체,국민임대,충남,0
2021-12,주택업체,국민임대,전북,0
2021-12,주택업체,국민임대,전남,0
2021-12,주택업체,국민임대,경북,0
2021-12,주택업체,국민임대,경남,0
2021-12,주택업체,국민임대,제주,145
2021-12,주택업체,공공임대,전국,9,053
2021-12,주택업체,공공임대,서울,2,939
2021-12,주택업체,공공임대,인천,0
2021-12,주택업체,공공임대,경기,3,472
2021-12,주택업체,공공임대,부산,152
2021-12,주택업체,공공임대,대구,12
2021-12,주택업체,공공임대,광주,47
2021-12,주택업체,공공임대,대전,824
2021-12,주택업체,공공임대,울산,43
2021-12,주택업체,공공임대,세종,0
2021-12,주택업체,공공임대,강원,0
2021-12,주택업체,공공임대,충북,0
2021-12,주택업체,공공임대,충남,365
2021-12,주택업체,공공임대,전북,0
2021-12,주택업체,공공임대,전남,0
2021-12,주택업체,공공임대,경북,40
2021-12,주택업체,공공임대,경남,1,159
2021-12,주택업체,공공임대,제주,0
2021-12,주택업체,공공분양,전국,2,762
2021-12,주택업체,공공분양,서울,0
2021-12,주택업체,공공분양,인천,1,535
2021-12,주택업체,공공분양,경기,1,227
2021-12,주택업체,공공분양,부산,0
2021-12,주택업체,공공분양,대구,0
2021-12,주택업체,공공분양,광주,0
2021-12,주택업체,공공분양,대전,0
2021-12,주택업체,공공분양,울산,0
2021-12,주택업체,공공분양,세종,0
2021-12,주택업체,공공분양,강원,0
2021-12,주택업체,공공분양,충북,0
2021-12,주택업체,공공분양,충남,0
2021-12,주택업체,공공분양,전북,0
2021-12,주택업체,공공분양,전남,0
2021-12,주택업체,공공분양,경북,0
2021-12,주택업체,공공분양,경남,0
2021-12,주택업체,공공분양,제주,0
2021-12,민간부문,민간부문,전국,469,240
2021-12,민간부문,민간부문,서울,76,166
2021-12,민간부문,민간부문,인천,19,067
2021-12,민간부문,민간부문,경기,137,337
2021-12,민간부문,민간부문,부산,21,543
2021-12,민간부문,민간부문,대구,23,084
2021-12,민간부문,민간부문,광주,5,314
2021-12,민간부문,민간부문,대전,12,984
2021-12,민간부문,민간부문,울산,8,013
2021-12,민간부문,민간부문,세종,2,838
2021-12,민간부문,민간부문,강원,14,627
2021-12,민간부문,민간부문,충북,15,704
2021-12,민간부문,민간부문,충남,27,086
2021-12,민간부문,민간부문,전북,18,043
2021-12,민간부문,민간부문,전남,30,132
2021-12,민간부문,민간부문,경북,27,360
2021-12,민간부문,민간부문,경남,23,460
2021-12,민간부문,민간부문,제주,6,482
2021-12,민간,민간임대,전국,42,640
2021-12,민간,민간임대,서울,8,174
2021-12,민간,민간임대,인천,918
2021-12,민간,민간임대,경기,10,454
2021-12,민간,민간임대,부산,1,452
2021-12,민간,민간임대,대구,1,375
2021-12,민간,민간임대,광주,40
2021-12,민간,민간임대,대전,1,856
2021-12,민간,민간임대,울산,0
2021-12,민간,민간임대,세종,0
2021-12,민간,민간임대,강원,2,164
2021-12,민간,민간임대,충북,1,849
2021-12,민간,민간임대,충남,2,181
2021-12,민간,민간임대,전북,2,367
2021-12,민간,민간임대,전남,5,035
2021-12,민간,민간임대,경북,988
2021-12,민간,민간임대,경남,3,699
2021-12,민간,민간임대,제주,88
2021-12,민간,민간분양,전국,426,600
2021-12,민간,민간분양,서울,67,992
2021-12,민간,민간분양,인천,18,149
2021-12,민간,민간분양,경기,126,883
2021-12,민간,민간분양,부산,20,091
2021-12,민간,민간분양,대구,21,709
2021-12,민간,민간분양,광주,5,274
2021-12,민간,민간분양,대전,11,128
2021-12,민간,민간분양,울산,8,013
2021-12,민간,민간분양,세종,2,838
2021-12,민간,민간분양,강원,12,463
2021-12,민간,민간분양,충북,13,855
2021-12,민간,민간분양,충남,24,905
2021-12,민간,민간분양,전북,15,676
2021-12,민간,민간분양,전남,25,097
2021-12,민간,민간분양,경북,26,372
2021-12,민간,민간분양,경남,19,761
2021-12,민간,민간분양,제주,6,394
2022-01,총  계,총  계,전국,34,660
2022-01,총  계,총  계,서울,3,581
2022-01,총  계,총  계,인천,317
2022-01,총  계,총  계,경기,4,975
2022-01,총  계,총  계,부산,2,993
2022-01,총  계,총  계,대구,2,707
2022-01,총  계,총  계,광주,242
2022-01,총  계,총  계,대전,91
2022-01,총  계,총  계,울산,448
2022-01,총  계,총  계,세종,2,135
2022-01,총  계,총  계,강원,404
2022-01,총  계,총  계,충북,3,435
2022-01,총  계,총  계,충남,2,043
2022-01,총  계,총  계,전북,616
2022-01,총  계,총  계,전남,1,366
2022-01,총  계,총  계,경북,6,039
2022-01,총  계,총  계,경남,2,825
2022-01,총  계,총  계,제주,443
2022-01,공공부문,공공부문,전국,1,489
2022-01,공공부문,공공부문,서울,0
2022-01,공공부문,공공부문,인천,0
2022-01,공공부문,공공부문,경기,454
2022-01,공공부문,공공부문,부산,0
2022-01,공공부문,공공부문,대구,0
2022-01,공공부문,공공부문,광주,0
2022-01,공공부문,공공부문,대전,0
2022-01,공공부문,공공부문,울산,0
2022-01,공공부문,공공부문,세종,1,035
2022-01,공공부문,공공부문,강원,0
2022-01,공공부문,공공부문,충북,0
2022-01,공공부문,공공부문,충남,0
2022-01,공공부문,공공부문,전북,0
2022-01,공공부문,공공부문,전남,0
2022-01,공공부문,공공부문,경북,0
2022-01,공공부문,공공부문,경남,0
2022-01,공공부문,공공부문,제주,0
2022-01,합,국민임대,전국,0
2022-01,합,국민임대,서울,0
2022-01,합,국민임대,인천,0
2022-01,합,국민임대,경기,0
2022-01,합,국민임대,부산,0
2022-01,합,국민임대,대구,0
2022-01,합,국민임대,광주,0
2022-01,합,국민임대,대전,0
2022-01,합,국민임대,울산,0
2022-01,합,국민임대,세종,0
2022-01,합,국민임대,강원,0
2022-01,합,국민임대,충북,0
2022-01,합,국민임대,충남,0
2022-01,합,국민임대,전북,0
2022-01,합,국민임대,전남,0
2022-01,합,국민임대,경북,0
2022-01,합,국민임대,경남,0
2022-01,합,국민임대,제주,0
2022-01,합,공공임대,전국,182
2022-01,합,공공임대,서울,0
2022-01,합,공공임대,인천,0
2022-01,합,공공임대,경기,23
2022-01,합,공공임대,부산,0
2022-01,합,공공임대,대구,0
2022-01,합,공공임대,광주,0
2022-01,합,공공임대,대전,0
2022-01,합,공공임대,울산,0
2022-01,합,공공임대,세종,159
2022-01,합,공공임대,강원,0
2022-01,합,공공임대,충북,0
2022-01,합,공공임대,충남,0
2022-01,합,공공임대,전북,0
2022-01,합,공공임대,전남,0
2022-01,합,공공임대,경북,0
2022-01,합,공공임대,경남,0
2022-01,합,공공임대,제주,0
2022-01,합,공공분양,전국,1,307
2022-01,합,공공분양,서울,0
2022-01,합,공공분양,인천,0
2022-01,합,공공분양,경기,431
2022-01,합,공공분양,부산,0
2022-01,합,공공분양,대구,0
2022-01,합,공공분양,광주,0
2022-01,합,공공분양,대전,0
2022-01,합,공공분양,울산,0
2022-01,합,공공분양,세종,876
2022-01,합,공공분양,강원,0
2022-01,합,공공분양,충북,0
2022-01,합,공공분양,충남,0
2022-01,합,공공분양,전북,0
2022-01,합,공공분양,전남,0
2022-01,합,공공분양,경북,0
2022-01,합,공공분양,경남,0
2022-01,합,공공분양,제주,0
2022-01,지자체,소계,전국,0
2022-01,지자체,소계,서울,0
2022-01,지자체,소계,인천,0
2022-01,지자체,소계,경기,0
2022-01,지자체,소계,부산,0
2022-01,지자체,소계,대구,0
2022-01,지자체,소계,광주,0
2022-01,지자체,소계,대전,0
2022-01,지자체,소계,울산,0
2022-01,지자체,소계,세종,0
2022-01,지자체,소계,강원,0
2022-01,지자체,소계,충북,0
2022-01,지자체,소계,충남,0
2022-01,지자체,소계,전북,0
2022-01,지자체,소계,전남,0
2022-01,지자체,소계,경북,0
2022-01,지자체,소계,경남,0
2022-01,지자체,소계,제주,0
2022-01,지자체,국민임대,전국,0
2022-01,지자체,국민임대,서울,0
2022-01,지자체,국민임대,인천,0
2022-01,지자체,국민임대,경기,0
2022-01,지자체,국민임대,부산,0
2022-01,지자체,국민임대,대구,0
2022-01,지자체,국민임대,광주,0
2022-01,지자체,국민임대,대전,0
2022-01,지자체,국민임대,울산,0
2022-01,지자체,국민임대,세종,0
2022-01,지자체,국민임대,강원,0
2022-01,지자체,국민임대,충북,0
2022-01,지자체,국민임대,충남,0
2022-01,지자체,국민임대,전북,0
2022-01,지자체,국민임대,전남,0
2022-01,지자체,국민임대,경북,0
2022-01,지자체,국민임대,경남,0
2022-01,지자체,국민임대,제주,0
2022-01,지자체,공공임대,전국,0
2022-01,지자체,공공임대,서울,0
2022-01,지자체,공공임대,인천,0
2022-01,지자체,공공임대,경기,0
2022-01,지자체,공공임대,부산,0
2022-01,지자체,공공임대,대구,0
2022-01,지자체,공공임대,광주,0
2022-01,지자체,공공임대,대전,0
2022-01,지자체,공공임대,울산,0
2022-01,지자체,공공임대,세종,0
2022-01,지자체,공공임대,강원,0
2022-01,지자체,공공임대,충북,0
2022-01,지자체,공공임대,충남,0
2022-01,지자체,공공임대,전북,0
2022-01,지자체,공공임대,전남,0
2022-01,지자체,공공임대,경북,0
2022-01,지자체,공공임대,경남,0
2022-01,지자체,공공임대,제주,0
2022-01,지자체,공공분양,전국,0
2022-01,지자체,공공분양,서울,0
2022-01,지자체,공공분양,인천,0
2022-01,지자체,공공분양,경기,0
2022-01,지자체,공공분양,부산,0
2022-01,지자체,공공분양,대구,0
2022-01,지자체,공공분양,광주,0
2022-01,지자체,공공분양,대전,0
2022-01,지자체,공공분양,울산,0
2022-01,지자체,공공분양,세종,0
2022-01,지자체,공공분양,강원,0
2022-01,지자체,공공분양,충북,0
2022-01,지자체,공공분양,충남,0
2022-01,지자체,공공분양,전북,0
2022-01,지자체,공공분양,전남,0
2022-01,지자체,공공분양,경북,0
2022-01,지자체,공공분양,경남,0
2022-01,지자체,공공분양,제주,0
2022-01,LH,소계,전국,1,058
2022-01,LH,소계,서울,0
2022-01,LH,소계,인천,0
2022-01,LH,소계,경기,23
2022-01,LH,소계,부산,0
2022-01,LH,소계,대구,0
2022-01,LH,소계,광주,0
2022-01,LH,소계,대전,0
2022-01,LH,소계,울산,0
2022-01,LH,소계,세종,1,035
2022-01,LH,소계,강원,0
2022-01,LH,소계,충북,0
2022-01,LH,소계,충남,0
2022-01,LH,소계,전북,0
2022-01,LH,소계,전남,0
2022-01,LH,소계,경북,0
2022-01,LH,소계,경남,0
2022-01,LH,소계,제주,0
2022-01,LH,국민임대,전국,0
2022-01,LH,국민임대,서울,0
2022-01,LH,국민임대,인천,0
2022-01,LH,국민임대,경기,0
2022-01,LH,국민임대,부산,0
2022-01,LH,국민임대,대구,0
2022-01,LH,국민임대,광주,0
2022-01,LH,국민임대,대전,0
2022-01,LH,국민임대,울산,0
2022-01,LH,국민임대,세종,0
2022-01,LH,국민임대,강원,0
2022-01,LH,국민임대,충북,0
2022-01,LH,국민임대,충남,0
2022-01,LH,국민임대,전북,0
2022-01,LH,국민임대,전남,0
2022-01,LH,국민임대,경북,0
2022-01,LH,국민임대,경남,0
2022-01,LH,국민임대,제주,0
2022-01,LH,공공임대,전국,182
2022-01,LH,공공임대,서울,0
2022-01,LH,공공임대,인천,0
2022-01,LH,공공임대,경기,23
2022-01,LH,공공임대,부산,0
2022-01,LH,공공임대,대구,0
2022-01,LH,공공임대,광주,0
2022-01,LH,공공임대,대전,0
2022-01,LH,공공임대,울산,0
2022-01,LH,공공임대,세종,159
2022-01,LH,공공임대,강원,0
2022-01,LH,공공임대,충북,0
2022-01,LH,공공임대,충남,0
2022-01,LH,공공임대,전북,0
2022-01,LH,공공임대,전남,0
2022-01,LH,공공임대,경북,0
2022-01,LH,공공임대,경남,0
2022-01,LH,공공임대,제주,0
2022-01,LH,공공분양,전국,876
2022-01,LH,공공분양,서울,0
2022-01,LH,공공분양,인천,0
2022-01,LH,공공분양,경기,0
2022-01,LH,공공분양,부산,0
2022-01,LH,공공분양,대구,0
2022-01,LH,공공분양,광주,0
2022-01,LH,공공분양,대전,0
2022-01,LH,공공분양,울산,0
2022-01,LH,공공분양,세종,876
2022-01,LH,공공분양,강원,0
2022-01,LH,공공분양,충북,0
2022-01,LH,공공분양,충남,0
2022-01,LH,공공분양,전북,0
2022-01,LH,공공분양,전남,0
2022-01,LH,공공분양,경북,0
2022-01,LH,공공분양,경남,0
2022-01,LH,공공분양,제주,0
2022-01,주택업체,소계,전국,431
2022-01,주택업체,소계,서울,0
2022-01,주택업체,소계,인천,0
2022-01,주택업체,소계,경기,431
2022-01,주택업체,소계,부산,0
2022-01,주택업체,소계,대구,0
2022-01,주택업체,소계,광주,0
2022-01,주택업체,소계,대전,0
2022-01,주택업체,소계,울산,0
2022-01,주택업체,소계,세종,0
2022-01,주택업체,소계,강원,0
2022-01,주택업체,소계,충북,0
2022-01,주택업체,소계,충남,0
2022-01,주택업체,소계,전북,0
2022-01,주택업체,소계,전남,0
2022-01,주택업체,소계,경북,0
2022-01,주택업체,소계,경남,0
2022-01,주택업체,소계,제주,0
2022-01,주택업체,국민임대,전국,0
2022-01,주택업체,국민임대,서울,0
2022-01,주택업체,국민임대,인천,0
2022-01,주택업체,국민임대,경기,0
2022-01,주택업체,국민임대,부산,0
2022-01,주택업체,국민임대,대구,0
2022-01,주택업체,국민임대,광주,0
2022-01,주택업체,국민임대,대전,0
2022-01,주택업체,국민임대,울산,0
2022-01,주택업체,국민임대,세종,0
2022-01,주택업체,국민임대,강원,0
2022-01,주택업체,국민임대,충북,0
2022-01,주택업체,국민임대,충남,0
2022-01,주택업체,국민임대,전북,0
2022-01,주택업체,국민임대,전남,0
2022-01,주택업체,국민임대,경북,0
2022-01,주택업체,국민임대,경남,0
2022-01,주택업체,국민임대,제주,0
2022-01,주택업체,공공임대,전국,0
2022-01,주택업체,공공임대,서울,0
2022-01,주택업체,공공임대,인천,0
2022-01,주택업체,공공임대,경기,0
2022-01,주택업체,공공임대,부산,0
2022-01,주택업체,공공임대,대구,0
2022-01,주택업체,공공임대,광주,0
2022-01,주택업체,공공임대,대전,0
2022-01,주택업체,공공임대,울산,0
2022-01,주택업체,공공임대,세종,0
2022-01,주택업체,공공임대,강원,0
2022-01,주택업체,공공임대,충북,0
2022-01,주택업체,공공임대,충남,0
2022-01,주택업체,공공임대,전북,0
2022-01,주택업체,공공임대,전남,0
2022-01,주택업체,공공임대,경북,0
2022-01,주택업체,공공임대,경남,0
2022-01,주택업체,공공임대,제주,0
2022-01,주택업체,공공분양,전국,431
2022-01,주택업체,공공분양,서울,0
2022-01,주택업체,공공분양,인천,0
2022-01,주택업체,공공분양,경기,431
2022-01,주택업체,공공분양,부산,0
2022-01,주택업체,공공분양,대구,0
2022-01,주택업체,공공분양,광주,0
2022-01,주택업체,공공분양,대전,0
2022-01,주택업체,공공분양,울산,0
2022-01,주택업체,공공분양,세종,0
2022-01,주택업체,공공분양,강원,0
2022-01,주택업체,공공분양,충북,0
2022-01,주택업체,공공분양,충남,0
2022-01,주택업체,공공분양,전북,0
2022-01,주택업체,공공분양,전남,0
2022-01,주택업체,공공분양,경북,0
2022-01,주택업체,공공분양,경남,0
2022-01,주택업체,공공분양,제주,0
2022-01,민간부문,민간부문,전국,33,171
2022-01,민간부문,민간부문,서울,3,581
2022-01,민간부문,민간부문,인천,317
2022-01,민간부문,민간부문,경기,4,521
2022-01,민간부문,민간부문,부산,2,993
2022-01,민간부문,민간부문,대구,2,707
2022-01,민간부문,민간부문,광주,242
2022-01,민간부문,민간부문,대전,91
2022-01,민간부문,민간부문,울산,448
2022-01,민간부문,민간부문,세종,1,100
2022-01,민간부문,민간부문,강원,404
2022-01,민간부문,민간부문,충북,3,435
2022-01,민간부문,민간부문,충남,2,043
2022-01,민간부문,민간부문,전북,616
2022-01,민간부문,민간부문,전남,1,366
2022-01,민간부문,민간부문,경북,6,039
2022-01,민간부문,민간부문,경남,2,825
2022-01,민간부문,민간부문,제주,443
2022-01,민간,민간임대,전국,2,900
2022-01,민간,민간임대,서울,0
2022-01,민간,민간임대,인천,0
2022-01,민간,민간임대,경기,0
2022-01,민간,민간임대,부산,0
2022-01,민간,민간임대,대구,0
2022-01,민간,민간임대,광주,0
2022-01,민간,민간임대,대전,0
2022-01,민간,민간임대,울산,0
2022-01,민간,민간임대,세종,0
2022-01,민간,민간임대,강원,0
2022-01,민간,민간임대,충북,0
2022-01,민간,민간임대,충남,0
2022-01,민간,민간임대,전북,0
2022-01,민간,민간임대,전남,160
2022-01,민간,민간임대,경북,2,740
2022-01,민간,민간임대,경남,0
2022-01,민간,민간임대,제주,0
2022-01,민간,민간분양,전국,30,271
2022-01,민간,민간분양,서울,3,581
2022-01,민간,민간분양,인천,317
2022-01,민간,민간분양,경기,4,521
2022-01,민간,민간분양,부산,2,993
2022-01,민간,민간분양,대구,2,707
2022-01,민간,민간분양,광주,242
2022-01,민간,민간분양,대전,91
2022-01,민간,민간분양,울산,448
2022-01,민간,민간분양,세종,1,100
2022-01,민간,민간분양,강원,404
2022-01,민간,민간분양,충북,3,435
2022-01,민간,민간분양,충남,2,043
2022-01,민간,민간분양,전북,616
2022-01,민간,민간분양,전남,1,206
2022-01,민간,민간분양,경북,3,299
2022-01,민간,민간분양,경남,2,825
2022-01,민간,민간분양,제주,443
2022-02,총  계,총  계,전국,63,917
2022-02,총  계,총  계,서울,9,170
2022-02,총  계,총  계,인천,677
2022-02,총  계,총  계,경기,9,867
2022-02,총  계,총  계,부산,6,075
2022-02,총  계,총  계,대구,3,824
2022-02,총  계,총  계,광주,373
2022-02,총  계,총  계,대전,179
2022-02,총  계,총  계,울산,1,840
2022-02,총  계,총  계,세종,2,153
2022-02,총  계,총  계,강원,1,112
2022-02,총  계,총  계,충북,6,042
2022-02,총  계,총  계,충남,6,858
2022-02,총  계,총  계,전북,1,842
2022-02,총  계,총  계,전남,2,954
2022-02,총  계,총  계,경북,6,649
2022-02,총  계,총  계,경남,3,266
2022-02,총  계,총  계,제주,1,036
2022-02,공공부문,공공부문,전국,2,428
2022-02,공공부문,공공부문,서울,0
2022-02,공공부문,공공부문,인천,0
2022-02,공공부문,공공부문,경기,1,323
2022-02,공공부문,공공부문,부산,0
2022-02,공공부문,공공부문,대구,0
2022-02,공공부문,공공부문,광주,0
2022-02,공공부문,공공부문,대전,0
2022-02,공공부문,공공부문,울산,0
2022-02,공공부문,공공부문,세종,1,035
2022-02,공공부문,공공부문,강원,0
2022-02,공공부문,공공부문,충북,0
2022-02,공공부문,공공부문,충남,0
2022-02,공공부문,공공부문,전북,0
2022-02,공공부문,공공부문,전남,0
2022-02,공공부문,공공부문,경북,0
2022-02,공공부문,공공부문,경남,0
2022-02,공공부문,공공부문,제주,70
2022-02,합,국민임대,전국,0
2022-02,합,국민임대,서울,0
2022-02,합,국민임대,인천,0
2022-02,합,국민임대,경기,0
2022-02,합,국민임대,부산,0
2022-02,합,국민임대,대구,0
2022-02,합,국민임대,광주,0
2022-02,합,국민임대,대전,0
2022-02,합,국민임대,울산,0
2022-02,합,국민임대,세종,0
2022-02,합,국민임대,강원,0
2022-02,합,국민임대,충북,0
2022-02,합,국민임대,충남,0
2022-02,합,국민임대,전북,0
2022-02,합,국민임대,전남,0
2022-02,합,국민임대,경북,0
2022-02,합,국민임대,경남,0
2022-02,합,국민임대,제주,0
2022-02,합,공공임대,전국,252
2022-02,합,공공임대,서울,0
2022-02,합,공공임대,인천,0
2022-02,합,공공임대,경기,23
2022-02,합,공공임대,부산,0
2022-02,합,공공임대,대구,0
2022-02,합,공공임대,광주,0
2022-02,합,공공임대,대전,0
2022-02,합,공공임대,울산,0
2022-02,합,공공임대,세종,159
2022-02,합,공공임대,강원,0
2022-02,합,공공임대,충북,0
2022-02,합,공공임대,충남,0
2022-02,합,공공임대,전북,0
2022-02,합,공공임대,전남,0
2022-02,합,공공임대,경북,0
2022-02,합,공공임대,경남,0
2022-02,합,공공임대,제주,70
2022-02,합,공공분양,전국,2,176
2022-02,합,공공분양,서울,0
2022-02,합,공공분양,인천,0
2022-02,합,공공분양,경기,1,300
2022-02,합,공공분양,부산,0
2022-02,합,공공분양,대구,0
2022-02,합,공공분양,광주,0
2022-02,합,공공분양,대전,0
2022-02,합,공공분양,울산,0
2022-02,합,공공분양,세종,876
2022-02,합,공공분양,강원,0
2022-02,합,공공분양,충북,0
2022-02,합,공공분양,충남,0
2022-02,합,공공분양,전북,0
2022-02,합,공공분양,전남,0
2022-02,합,공공분양,경북,0
2022-02,합,공공분양,경남,0
2022-02,합,공공분양,제주,0
2022-02,지자체,소계,전국,0
2022-02,지자체,소계,서울,0
2022-02,지자체,소계,인천,0
2022-02,지자체,소계,경기,0
2022-02,지자체,소계,부산,0
2022-02,지자체,소계,대구,0
2022-02,지자체,소계,광주,0
2022-02,지자체,소계,대전,0
2022-02,지자체,소계,울산,0
2022-02,지자체,소계,세종,0
2022-02,지자체,소계,강원,0
2022-02,지자체,소계,충북,0
2022-02,지자체,소계,충남,0
2022-02,지자체,소계,전북,0
2022-02,지자체,소계,전남,0
2022-02,지자체,소계,경북,0
2022-02,지자체,소계,경남,0
2022-02,지자체,소계,제주,0
2022-02,지자체,국민임대,전국,0
2022-02,지자체,국민임대,서울,0
2022-02,지자체,국민임대,인천,0
2022-02,지자체,국민임대,경기,0
2022-02,지자체,국민임대,부산,0
2022-02,지자체,국민임대,대구,0
2022-02,지자체,국민임대,광주,0
2022-02,지자체,국민임대,대전,0
2022-02,지자체,국민임대,울산,0
2022-02,지자체,국민임대,세종,0
2022-02,지자체,국민임대,강원,0
2022-02,지자체,국민임대,충북,0
2022-02,지자체,국민임대,충남,0
2022-02,지자체,국민임대,전북,0
2022-02,지자체,국민임대,전남,0
2022-02,지자체,국민임대,경북,0
2022-02,지자체,국민임대,경남,0
2022-02,지자체,국민임대,제주,0
2022-02,지자체,공공임대,전국,0
2022-02,지자체,공공임대,서울,0
2022-02,지자체,공공임대,인천,0
2022-02,지자체,공공임대,경기,0
2022-02,지자체,공공임대,부산,0
2022-02,지자체,공공임대,대구,0
2022-02,지자체,공공임대,광주,0
2022-02,지자체,공공임대,대전,0
2022-02,지자체,공공임대,울산,0
2022-02,지자체,공공임대,세종,0
2022-02,지자체,공공임대,강원,0
2022-02,지자체,공공임대,충북,0
2022-02,지자체,공공임대,충남,0
2022-02,지자체,공공임대,전북,0
2022-02,지자체,공공임대,전남,0
2022-02,지자체,공공임대,경북,0
2022-02,지자체,공공임대,경남,0
2022-02,지자체,공공임대,제주,0
2022-02,지자체,공공분양,전국,0
2022-02,지자체,공공분양,서울,0
2022-02,지자체,공공분양,인천,0
2022-02,지자체,공공분양,경기,0
2022-02,지자체,공공분양,부산,0
2022-02,지자체,공공분양,대구,0
2022-02,지자체,공공분양,광주,0
2022-02,지자체,공공분양,대전,0
2022-02,지자체,공공분양,울산,0
2022-02,지자체,공공분양,세종,0
2022-02,지자체,공공분양,강원,0
2022-02,지자체,공공분양,충북,0
2022-02,지자체,공공분양,충남,0
2022-02,지자체,공공분양,전북,0
2022-02,지자체,공공분양,전남,0
2022-02,지자체,공공분양,경북,0
2022-02,지자체,공공분양,경남,0
2022-02,지자체,공공분양,제주,0
2022-02,LH,소계,전국,1,927
2022-02,LH,소계,서울,0
2022-02,LH,소계,인천,0
2022-02,LH,소계,경기,892
2022-02,LH,소계,부산,0
2022-02,LH,소계,대구,0
2022-02,LH,소계,광주,0
2022-02,LH,소계,대전,0
2022-02,LH,소계,울산,0
2022-02,LH,소계,세종,1,035
2022-02,LH,소계,강원,0
2022-02,LH,소계,충북,0
2022-02,LH,소계,충남,0
2022-02,LH,소계,전북,0
2022-02,LH,소계,전남,0
2022-02,LH,소계,경북,0
2022-02,LH,소계,경남,0
2022-02,LH,소계,제주,0
2022-02,LH,국민임대,전국,0
2022-02,LH,국민임대,서울,0
2022-02,LH,국민임대,인천,0
2022-02,LH,국민임대,경기,0
2022-02,LH,국민임대,부산,0
2022-02,LH,국민임대,대구,0
2022-02,LH,국민임대,광주,0
2022-02,LH,국민임대,대전,0
2022-02,LH,국민임대,울산,0
2022-02,LH,국민임대,세종,0
2022-02,LH,국민임대,강원,0
2022-02,LH,국민임대,충북,0
2022-02,LH,국민임대,충남,0
2022-02,LH,국민임대,전북,0
2022-02,LH,국민임대,전남,0
2022-02,LH,국민임대,경북,0
2022-02,LH,국민임대,경남,0
2022-02,LH,국민임대,제주,0
2022-02,LH,공공임대,전국,182
2022-02,LH,공공임대,서울,0
2022-02,LH,공공임대,인천,0
2022-02,LH,공공임대,경기,23
2022-02,LH,공공임대,부산,0
2022-02,LH,공공임대,대구,0
2022-02,LH,공공임대,광주,0
2022-02,LH,공공임대,대전,0
2022-02,LH,공공임대,울산,0
2022-02,LH,공공임대,세종,159
2022-02,LH,공공임대,강원,0
2022-02,LH,공공임대,충북,0
2022-02,LH,공공임대,충남,0
2022-02,LH,공공임대,전북,0
2022-02,LH,공공임대,전남,0
2022-02,LH,공공임대,경북,0
2022-02,LH,공공임대,경남,0
2022-02,LH,공공임대,제주,0
2022-02,LH,공공분양,전국,1,745
2022-02,LH,공공분양,서울,0
2022-02,LH,공공분양,인천,0
2022-02,LH,공공분양,경기,869
2022-02,LH,공공분양,부산,0
2022-02,LH,공공분양,대구,0
2022-02,LH,공공분양,광주,0
2022-02,LH,공공분양,대전,0
2022-02,LH,공공분양,울산,0
2022-02,LH,공공분양,세종,876
2022-02,LH,공공분양,강원,0
2022-02,LH,공공분양,충북,0
2022-02,LH,공공분양,충남,0
2022-02,LH,공공분양,전북,0
2022-02,LH,공공분양,전남,0
2022-02,LH,공공분양,경북,0
2022-02,LH,공공분양,경남,0
2022-02,LH,공공분양,제주,0
2022-02,주택업체,소계,전국,501
2022-02,주택업체,소계,서울,0
2022-02,주택업체,소계,인천,0
2022-02,주택업체,소계,경기,431
2022-02,주택업체,소계,부산,0
2022-02,주택업체,소계,대구,0
2022-02,주택업체,소계,광주,0
2022-02,주택업체,소계,대전,0
2022-02,주택업체,소계,울산,0
2022-02,주택업체,소계,세종,0
2022-02,주택업체,소계,강원,0
2022-02,주택업체,소계,충북,0
2022-02,주택업체,소계,충남,0
2022-02,주택업체,소계,전북,0
2022-02,주택업체,소계,전남,0
2022-02,주택업체,소계,경북,0
2022-02,주택업체,소계,경남,0
2022-02,주택업체,소계,제주,70
2022-02,주택업체,국민임대,전국,0
2022-02,주택업체,국민임대,서울,0
2022-02,주택업체,국민임대,인천,0
2022-02,주택업체,국민임대,경기,0
2022-02,주택업체,국민임대,부산,0
2022-02,주택업체,국민임대,대구,0
2022-02,주택업체,국민임대,광주,0
2022-02,주택업체,국민임대,대전,0
2022-02,주택업체,국민임대,울산,0
2022-02,주택업체,국민임대,세종,0
2022-02,주택업체,국민임대,강원,0
2022-02,주택업체,국민임대,충북,0
2022-02,주택업체,국민임대,충남,0
2022-02,주택업체,국민임대,전북,0
2022-02,주택업체,국민임대,전남,0
2022-02,주택업체,국민임대,경북,0
2022-02,주택업체,국민임대,경남,0
2022-02,주택업체,국민임대,제주,0
2022-02,주택업체,공공임대,전국,70
2022-02,주택업체,공공임대,서울,0
2022-02,주택업체,공공임대,인천,0
2022-02,주택업체,공공임대,경기,0
2022-02,주택업체,공공임대,부산,0
2022-02,주택업체,공공임대,대구,0
2022-02,주택업체,공공임대,광주,0
2022-02,주택업체,공공임대,대전,0
2022-02,주택업체,공공임대,울산,0
2022-02,주택업체,공공임대,세종,0
2022-02,주택업체,공공임대,강원,0
2022-02,주택업체,공공임대,충북,0
2022-02,주택업체,공공임대,충남,0
2022-02,주택업체,공공임대,전북,0
2022-02,주택업체,공공임대,전남,0
2022-02,주택업체,공공임대,경북,0
2022-02,주택업체,공공임대,경남,0
2022-02,주택업체,공공임대,제주,70
2022-02,주택업체,공공분양,전국,431
2022-02,주택업체,공공분양,서울,0
2022-02,주택업체,공공분양,인천,0
2022-02,주택업체,공공분양,경기,431
2022-02,주택업체,공공분양,부산,0
2022-02,주택업체,공공분양,대구,0
2022-02,주택업체,공공분양,광주,0
2022-02,주택업체,공공분양,대전,0
2022-02,주택업체,공공분양,울산,0
2022-02,주택업체,공공분양,세종,0
2022-02,주택업체,공공분양,강원,0
2022-02,주택업체,공공분양,충북,0
2022-02,주택업체,공공분양,충남,0
2022-02,주택업체,공공분양,전북,0
2022-02,주택업체,공공분양,전남,0
2022-02,주택업체,공공분양,경북,0
2022-02,주택업체,공공분양,경남,0
2022-02,주택업체,공공분양,제주,0
2022-02,민간부문,민간부문,전국,61,489
2022-02,민간부문,민간부문,서울,9,170
2022-02,민간부문,민간부문,인천,677
2022-02,민간부문,민간부문,경기,8,544
2022-02,민간부문,민간부문,부산,6,075
2022-02,민간부문,민간부문,대구,3,824
2022-02,민간부문,민간부문,광주,373
2022-02,민간부문,민간부문,대전,179
2022-02,민간부문,민간부문,울산,1,840
2022-02,민간부문,민간부문,세종,1,118
2022-02,민간부문,민간부문,강원,1,112
2022-02,민간부문,민간부문,충북,6,042
2022-02,민간부문,민간부문,충남,6,858
2022-02,민간부문,민간부문,전북,1,842
2022-02,민간부문,민간부문,전남,2,954
2022-02,민간부문,민간부문,경북,6,649
2022-02,민간부문,민간부문,경남,3,266
2022-02,민간부문,민간부문,제주,966
2022-02,민간,민간임대,전국,4,470
2022-02,민간,민간임대,서울,882
2022-02,민간,민간임대,인천,0
2022-02,민간,민간임대,경기,0
2022-02,민간,민간임대,부산,0
2022-02,민간,민간임대,대구,0
2022-02,민간,민간임대,광주,0
2022-02,민간,민간임대,대전,0
2022-02,민간,민간임대,울산,0
2022-02,민간,민간임대,세종,0
2022-02,민간,민간임대,강원,0
2022-02,민간,민간임대,충북,0
2022-02,민간,민간임대,충남,520
2022-02,민간,민간임대,전북,168
2022-02,민간,민간임대,전남,160
2022-02,민간,민간임대,경북,2,740
2022-02,민간,민간임대,경남,0
2022-02,민간,민간임대,제주,0
2022-02,민간,민간분양,전국,57,019
2022-02,민간,민간분양,서울,8,288
2022-02,민간,민간분양,인천,677
2022-02,민간,민간분양,경기,8,544
2022-02,민간,민간분양,부산,6,075
2022-02,민간,민간분양,대구,3,824
2022-02,민간,민간분양,광주,373
2022-02,민간,민간분양,대전,179
2022-02,민간,민간분양,울산,1,840
2022-02,민간,민간분양,세종,1,118
2022-02,민간,민간분양,강원,1,112
2022-02,민간,민간분양,충북,6,042
2022-02,민간,민간분양,충남,6,338
2022-02,민간,민간분양,전북,1,674
2022-02,민간,민간분양,전남,2,794
2022-02,민간,민간분양,경북,3,909
2022-02,민간,민간분양,경남,3,266
2022-02,민간,민간분양,제주,966
2022-03,총  계,총  계,전국,102,348
2022-03,총  계,총  계,서울,11,979
2022-03,총  계,총  계,인천,2,436
2022-03,총  계,총  계,경기,21,277
2022-03,총  계,총  계,부산,9,951
2022-03,총  계,총  계,대구,5,109
2022-03,총  계,총  계,광주,481
2022-03,총  계,총  계,대전,2,023
2022-03,총  계,총  계,울산,1,909
2022-03,총  계,총  계,세종,2,214
2022-03,총  계,총  계,강원,2,517
2022-03,총  계,총  계,충북,9,389
2022-03,총  계,총  계,충남,7,300
2022-03,총  계,총  계,전북,3,099
2022-03,총  계,총  계,전남,4,156
2022-03,총  계,총  계,경북,10,869
2022-03,총  계,총  계,경남,5,952
2022-03,총  계,총  계,제주,1,687
2022-03,공공부문,공공부문,전국,5,230
2022-03,공공부문,공공부문,서울,40
2022-03,공공부문,공공부문,인천,0
2022-03,공공부문,공공부문,경기,1,323
2022-03,공공부문,공공부문,부산,2,762
2022-03,공공부문,공공부문,대구,0
2022-03,공공부문,공공부문,광주,0
2022-03,공공부문,공공부문,대전,0
2022-03,공공부문,공공부문,울산,0
2022-03,공공부문,공공부문,세종,1,035
2022-03,공공부문,공공부문,강원,0
2022-03,공공부문,공공부문,충북,0
2022-03,공공부문,공공부문,충남,0
2022-03,공공부문,공공부문,전북,0
2022-03,공공부문,공공부문,전남,0
2022-03,공공부문,공공부문,경북,0
2022-03,공공부문,공공부문,경남,0
2022-03,공공부문,공공부문,제주,70
2022-03,합,국민임대,전국,0
2022-03,합,국민임대,서울,0
2022-03,합,국민임대,인천,0
2022-03,합,국민임대,경기,0
2022-03,합,국민임대,부산,0
2022-03,합,국민임대,대구,0
2022-03,합,국민임대,광주,0
2022-03,합,국민임대,대전,0
2022-03,합,국민임대,울산,0
2022-03,합,국민임대,세종,0
2022-03,합,국민임대,강원,0
2022-03,합,국민임대,충북,0
2022-03,합,국민임대,충남,0
2022-03,합,국민임대,전북,0
2022-03,합,국민임대,전남,0
2022-03,합,국민임대,경북,0
2022-03,합,국민임대,경남,0
2022-03,합,국민임대,제주,0
2022-03,합,공공임대,전국,292
2022-03,합,공공임대,서울,40
2022-03,합,공공임대,인천,0
2022-03,합,공공임대,경기,23
2022-03,합,공공임대,부산,0
2022-03,합,공공임대,대구,0
2022-03,합,공공임대,광주,0
2022-03,합,공공임대,대전,0
2022-03,합,공공임대,울산,0
2022-03,합,공공임대,세종,159
2022-03,합,공공임대,강원,0
2022-03,합,공공임대,충북,0
2022-03,합,공공임대,충남,0
2022-03,합,공공임대,전북,0
2022-03,합,공공임대,전남,0
2022-03,합,공공임대,경북,0
2022-03,합,공공임대,경남,0
2022-03,합,공공임대,제주,70
2022-03,합,공공분양,전국,4,938
2022-03,합,공공분양,서울,0
2022-03,합,공공분양,인천,0
2022-03,합,공공분양,경기,1,300
2022-03,합,공공분양,부산,2,762
2022-03,합,공공분양,대구,0
2022-03,합,공공분양,광주,0
2022-03,합,공공분양,대전,0
2022-03,합,공공분양,울산,0
2022-03,합,공공분양,세종,876
2022-03,합,공공분양,강원,0
2022-03,합,공공분양,충북,0
2022-03,합,공공분양,충남,0
2022-03,합,공공분양,전북,0
2022-03,합,공공분양,전남,0
2022-03,합,공공분양,경북,0
2022-03,합,공공분양,경남,0
2022-03,합,공공분양,제주,0
2022-03,지자체,소계,전국,953
2022-03,지자체,소계,서울,0
2022-03,지자체,소계,인천,0
2022-03,지자체,소계,경기,0
2022-03,지자체,소계,부산,953
2022-03,지자체,소계,대구,0
2022-03,지자체,소계,광주,0
2022-03,지자체,소계,대전,0
2022-03,지자체,소계,울산,0
2022-03,지자체,소계,세종,0
2022-03,지자체,소계,강원,0
2022-03,지자체,소계,충북,0
2022-03,지자체,소계,충남,0
2022-03,지자체,소계,전북,0
2022-03,지자체,소계,전남,0
2022-03,지자체,소계,경북,0
2022-03,지자체,소계,경남,0
2022-03,지자체,소계,제주,0
2022-03,지자체,국민임대,전국,0
2022-03,지자체,국민임대,서울,0
2022-03,지자체,국민임대,인천,0
2022-03,지자체,국민임대,경기,0
2022-03,지자체,국민임대,부산,0
2022-03,지자체,국민임대,대구,0
2022-03,지자체,국민임대,광주,0
2022-03,지자체,국민임대,대전,0
2022-03,지자체,국민임대,울산,0
2022-03,지자체,국민임대,세종,0
2022-03,지자체,국민임대,강원,0
2022-03,지자체,국민임대,충북,0
2022-03,지자체,국민임대,충남,0
2022-03,지자체,국민임대,전북,0
2022-03,지자체,국민임대,전남,0
2022-03,지자체,국민임대,경북,0
2022-03,지자체,국민임대,경남,0
2022-03,지자체,국민임대,제주,0
2022-03,지자체,공공임대,전국,0
2022-03,지자체,공공임대,서울,0
2022-03,지자체,공공임대,인천,0
2022-03,지자체,공공임대,경기,0
2022-03,지자체,공공임대,부산,0
2022-03,지자체,공공임대,대구,0
2022-03,지자체,공공임대,광주,0
2022-03,지자체,공공임대,대전,0
2022-03,지자체,공공임대,울산,0
2022-03,지자체,공공임대,세종,0
2022-03,지자체,공공임대,강원,0
2022-03,지자체,공공임대,충북,0
2022-03,지자체,공공임대,충남,0
2022-03,지자체,공공임대,전북,0
2022-03,지자체,공공임대,전남,0
2022-03,지자체,공공임대,경북,0
2022-03,지자체,공공임대,경남,0
2022-03,지자체,공공임대,제주,0
2022-03,지자체,공공분양,전국,953
2022-03,지자체,공공분양,서울,0
2022-03,지자체,공공분양,인천,0
2022-03,지자체,공공분양,경기,0
2022-03,지자체,공공분양,부산,953
2022-03,지자체,공공분양,대구,0
2022-03,지자체,공공분양,광주,0
2022-03,지자체,공공분양,대전,0
2022-03,지자체,공공분양,울산,0
2022-03,지자체,공공분양,세종,0
2022-03,지자체,공공분양,강원,0
2022-03,지자체,공공분양,충북,0
2022-03,지자체,공공분양,충남,0
2022-03,지자체,공공분양,전북,0
2022-03,지자체,공공분양,전남,0
2022-03,지자체,공공분양,경북,0
2022-03,지자체,공공분양,경남,0
2022-03,지자체,공공분양,제주,0
2022-03,LH,소계,전국,1,927
2022-03,LH,소계,서울,0
2022-03,LH,소계,인천,0
2022-03,LH,소계,경기,892
2022-03,LH,소계,부산,0
2022-03,LH,소계,대구,0
2022-03,LH,소계,광주,0
2022-03,LH,소계,대전,0
2022-03,LH,소계,울산,0
2022-03,LH,소계,세종,1,035
2022-03,LH,소계,강원,0
2022-03,LH,소계,충북,0
2022-03,LH,소계,충남,0
2022-03,LH,소계,전북,0
2022-03,LH,소계,전남,0
2022-03,LH,소계,경북,0
2022-03,LH,소계,경남,0
2022-03,LH,소계,제주,0
2022-03,LH,국민임대,전국,0
2022-03,LH,국민임대,서울,0
2022-03,LH,국민임대,인천,0
2022-03,LH,국민임대,경기,0
2022-03,LH,국민임대,부산,0
2022-03,LH,국민임대,대구,0
2022-03,LH,국민임대,광주,0
2022-03,LH,국민임대,대전,0
2022-03,LH,국민임대,울산,0
2022-03,LH,국민임대,세종,0
2022-03,LH,국민임대,강원,0
2022-03,LH,국민임대,충북,0
2022-03,LH,국민임대,충남,0
2022-03,LH,국민임대,전북,0
2022-03,LH,국민임대,전남,0
2022-03,LH,국민임대,경북,0
2022-03,LH,국민임대,경남,0
2022-03,LH,국민임대,제주,0
2022-03,LH,공공임대,전국,182
2022-03,LH,공공임대,서울,0
2022-03,LH,공공임대,인천,0
2022-03,LH,공공임대,경기,23
2022-03,LH,공공임대,부산,0
2022-03,LH,공공임대,대구,0
2022-03,LH,공공임대,광주,0
2022-03,LH,공공임대,대전,0
2022-03,LH,공공임대,울산,0
2022-03,LH,공공임대,세종,159
2022-03,LH,공공임대,강원,0
2022-03,LH,공공임대,충북,0
2022-03,LH,공공임대,충남,0
2022-03,LH,공공임대,전북,0
2022-03,LH,공공임대,전남,0
2022-03,LH,공공임대,경북,0
2022-03,LH,공공임대,경남,0
2022-03,LH,공공임대,제주,0
2022-03,LH,공공분양,전국,1,745
2022-03,LH,공공분양,서울,0
2022-03,LH,공공분양,인천,0
2022-03,LH,공공분양,경기,869
2022-03,LH,공공분양,부산,0
2022-03,LH,공공분양,대구,0
2022-03,LH,공공분양,광주,0
2022-03,LH,공공분양,대전,0
2022-03,LH,공공분양,울산,0
2022-03,LH,공공분양,세종,876
2022-03,LH,공공분양,강원,0
2022-03,LH,공공분양,충북,0
2022-03,LH,공공분양,충남,0
2022-03,LH,공공분양,전북,0
2022-03,LH,공공분양,전남,0
2022-03,LH,공공분양,경북,0
2022-03,LH,공공분양,경남,0
2022-03,LH,공공분양,제주,0
2022-03,주택업체,소계,전국,2,350
2022-03,주택업체,소계,서울,40
2022-03,주택업체,소계,인천,0
2022-03,주택업체,소계,경기,431
2022-03,주택업체,소계,부산,1,809
2022-03,주택업체,소계,대구,0
2022-03,주택업체,소계,광주,0
2022-03,주택업체,소계,대전,0
2022-03,주택업체,소계,울산,0
2022-03,주택업체,소계,세종,0
2022-03,주택업체,소계,강원,0
2022-03,주택업체,소계,충북,0
2022-03,주택업체,소계,충남,0
2022-03,주택업체,소계,전북,0
2022-03,주택업체,소계,전남,0
2022-03,주택업체,소계,경북,0
2022-03,주택업체,소계,경남,0
2022-03,주택업체,소계,제주,70
2022-03,주택업체,국민임대,전국,0
2022-03,주택업체,국민임대,서울,0
2022-03,주택업체,국민임대,인천,0
2022-03,주택업체,국민임대,경기,0
2022-03,주택업체,국민임대,부산,0
2022-03,주택업체,국민임대,대구,0
2022-03,주택업체,국민임대,광주,0
2022-03,주택업체,국민임대,대전,0
2022-03,주택업체,국민임대,울산,0
2022-03,주택업체,국민임대,세종,0
2022-03,주택업체,국민임대,강원,0
2022-03,주택업체,국민임대,충북,0
2022-03,주택업체,국민임대,충남,0
2022-03,주택업체,국민임대,전북,0
2022-03,주택업체,국민임대,전남,0
2022-03,주택업체,국민임대,경북,0
2022-03,주택업체,국민임대,경남,0
2022-03,주택업체,국민임대,제주,0
2022-03,주택업체,공공임대,전국,110
2022-03,주택업체,공공임대,서울,40
2022-03,주택업체,공공임대,인천,0
2022-03,주택업체,공공임대,경기,0
2022-03,주택업체,공공임대,부산,0
2022-03,주택업체,공공임대,대구,0
2022-03,주택업체,공공임대,광주,0
2022-03,주택업체,공공임대,대전,0
2022-03,주택업체,공공임대,울산,0
2022-03,주택업체,공공임대,세종,0
2022-03,주택업체,공공임대,강원,0
2022-03,주택업체,공공임대,충북,0
2022-03,주택업체,공공임대,충남,0
2022-03,주택업체,공공임대,전북,0
2022-03,주택업체,공공임대,전남,0
2022-03,주택업체,공공임대,경북,0
2022-03,주택업체,공공임대,경남,0
2022-03,주택업체,공공임대,제주,70
2022-03,주택업체,공공분양,전국,2,240
2022-03,주택업체,공공분양,서울,0
2022-03,주택업체,공공분양,인천,0
2022-03,주택업체,공공분양,경기,431
2022-03,주택업체,공공분양,부산,1,809
2022-03,주택업체,공공분양,대구,0
2022-03,주택업체,공공분양,광주,0
2022-03,주택업체,공공분양,대전,0
2022-03,주택업체,공공분양,울산,0
2022-03,주택업체,공공분양,세종,0
2022-03,주택업체,공공분양,강원,0
2022-03,주택업체,공공분양,충북,0
2022-03,주택업체,공공분양,충남,0
2022-03,주택업체,공공분양,전북,0
2022-03,주택업체,공공분양,전남,0
2022-03,주택업체,공공분양,경북,0
2022-03,주택업체,공공분양,경남,0
2022-03,주택업체,공공분양,제주,0
2022-03,민간부문,민간부문,전국,97,118
2022-03,민간부문,민간부문,서울,11,939
2022-03,민간부문,민간부문,인천,2,436
2022-03,민간부문,민간부문,경기,19,954
2022-03,민간부문,민간부문,부산,7,189
2022-03,민간부문,민간부문,대구,5,109
2022-03,민간부문,민간부문,광주,481
2022-03,민간부문,민간부문,대전,2,023
2022-03,민간부문,민간부문,울산,1,909
2022-03,민간부문,민간부문,세종,1,179
2022-03,민간부문,민간부문,강원,2,517
2022-03,민간부문,민간부문,충북,9,389
2022-03,민간부문,민간부문,충남,7,300
2022-03,민간부문,민간부문,전북,3,099
2022-03,민간부문,민간부문,전남,4,156
2022-03,민간부문,민간부문,경북,10,869
2022-03,민간부문,민간부문,경남,5,952
2022-03,민간부문,민간부문,제주,1,617
2022-03,민간,민간임대,전국,5,971
2022-03,민간,민간임대,서울,931
2022-03,민간,민간임대,인천,0
2022-03,민간,민간임대,경기,767
2022-03,민간,민간임대,부산,0
2022-03,민간,민간임대,대구,0
2022-03,민간,민간임대,광주,0
2022-03,민간,민간임대,대전,0
2022-03,민간,민간임대,울산,0
2022-03,민간,민간임대,세종,0
2022-03,민간,민간임대,강원,0
2022-03,민간,민간임대,충북,0
2022-03,민간,민간임대,충남,520
2022-03,민간,민간임대,전북,168
2022-03,민간,민간임대,전남,845
2022-03,민간,민간임대,경북,2,740
2022-03,민간,민간임대,경남,0
2022-03,민간,민간임대,제주,0
2022-03,민간,민간분양,전국,91,147
2022-03,민간,민간분양,서울,11,008
2022-03,민간,민간분양,인천,2,436
2022-03,민간,민간분양,경기,19,187
2022-03,민간,민간분양,부산,7,189
2022-03,민간,민간분양,대구,5,109
2022-03,민간,민간분양,광주,481
2022-03,민간,민간분양,대전,2,023
2022-03,민간,민간분양,울산,1,909
2022-03,민간,민간분양,세종,1,179
2022-03,민간,민간분양,강원,2,517
2022-03,민간,민간분양,충북,9,389
2022-03,민간,민간분양,충남,6,780
2022-03,민간,민간분양,전북,2,931
2022-03,민간,민간분양,전남,3,311
2022-03,민간,민간분양,경북,8,129
2022-03,민간,민간분양,경남,5,952
2022-03,민간,민간분양,제주,1,617
2022-04,총  계,총  계,전국,155,889
2022-04,총  계,총  계,서울,16,046
2022-04,총  계,총  계,인천,3,599
2022-04,총  계,총  계,경기,32,536
2022-04,총  계,총  계,부산,14,026
2022-04,총  계,총  계,대구,7,464
2022-04,총  계,총  계,광주,859
2022-04,총  계,총  계,대전,7,359
2022-04,총  계,총  계,울산,3,230
2022-04,총  계,총  계,세종,2,278
2022-04,총  계,총  계,강원,2,986
2022-04,총  계,총  계,충북,15,685
2022-04,총  계,총  계,충남,10,984
2022-04,총  계,총  계,전북,5,636
2022-04,총  계,총  계,전남,5,652
2022-04,총  계,총  계,경북,15,315
2022-04,총  계,총  계,경남,9,506
2022-04,총  계,총  계,제주,2,728
2022-04,공공부문,공공부문,전국,7,131
2022-04,공공부문,공공부문,서울,40
2022-04,공공부문,공공부문,인천,0
2022-04,공공부문,공공부문,경기,1,643
2022-04,공공부문,공공부문,부산,2,762
2022-04,공공부문,공공부문,대구,1
2022-04,공공부문,공공부문,광주,0
2022-04,공공부문,공공부문,대전,0
2022-04,공공부문,공공부문,울산,0
2022-04,공공부문,공공부문,세종,1,035
2022-04,공공부문,공공부문,강원,0
2022-04,공공부문,공공부문,충북,0
2022-04,공공부문,공공부문,충남,0
2022-04,공공부문,공공부문,전북,0
2022-04,공공부문,공공부문,전남,0
2022-04,공공부문,공공부문,경북,0
2022-04,공공부문,공공부문,경남,1,580
2022-04,공공부문,공공부문,제주,70
2022-04,합,국민임대,전국,1,580
2022-04,합,국민임대,서울,0
2022-04,합,국민임대,인천,0
2022-04,합,국민임대,경기,0
2022-04,합,국민임대,부산,0
2022-04,합,국민임대,대구,0
2022-04,합,국민임대,광주,0
2022-04,합,국민임대,대전,0
2022-04,합,국민임대,울산,0
2022-04,합,국민임대,세종,0
2022-04,합,국민임대,강원,0
2022-04,합,국민임대,충북,0
2022-04,합,국민임대,충남,0
2022-04,합,국민임대,전북,0
2022-04,합,국민임대,전남,0
2022-04,합,국민임대,경북,0
2022-04,합,국민임대,경남,1,580
2022-04,합,국민임대,제주,0
2022-04,합,공공임대,전국,613
2022-04,합,공공임대,서울,40
2022-04,합,공공임대,인천,0
2022-04,합,공공임대,경기,343
2022-04,합,공공임대,부산,0
2022-04,합,공공임대,대구,1
2022-04,합,공공임대,광주,0
2022-04,합,공공임대,대전,0
2022-04,합,공공임대,울산,0
2022-04,합,공공임대,세종,159
2022-04,합,공공임대,강원,0
2022-04,합,공공임대,충북,0
2022-04,합,공공임대,충남,0
2022-04,합,공공임대,전북,0
2022-04,합,공공임대,전남,0
2022-04,합,공공임대,경북,0
2022-04,합,공공임대,경남,0
2022-04,합,공공임대,제주,70
2022-04,합,공공분양,전국,4,938
2022-04,합,공공분양,서울,0
2022-04,합,공공분양,인천,0
2022-04,합,공공분양,경기,1,300
2022-04,합,공공분양,부산,2,762
2022-04,합,공공분양,대구,0
2022-04,합,공공분양,광주,0
2022-04,합,공공분양,대전,0
2022-04,합,공공분양,울산,0
2022-04,합,공공분양,세종,876
2022-04,합,공공분양,강원,0
2022-04,합,공공분양,충북,0
2022-04,합,공공분양,충남,0
2022-04,합,공공분양,전북,0
2022-04,합,공공분양,전남,0
2022-04,합,공공분양,경북,0
2022-04,합,공공분양,경남,0
2022-04,합,공공분양,제주,0
2022-04,지자체,소계,전국,2,533
2022-04,지자체,소계,서울,0
2022-04,지자체,소계,인천,0
2022-04,지자체,소계,경기,0
2022-04,지자체,소계,부산,953
2022-04,지자체,소계,대구,0
2022-04,지자체,소계,광주,0
2022-04,지자체,소계,대전,0
2022-04,지자체,소계,울산,0
2022-04,지자체,소계,세종,0
2022-04,지자체,소계,강원,0
2022-04,지자체,소계,충북,0
2022-04,지자체,소계,충남,0
2022-04,지자체,소계,전북,0
2022-04,지자체,소계,전남,0
2022-04,지자체,소계,경북,0
2022-04,지자체,소계,경남,1,580
2022-04,지자체,소계,제주,0
2022-04,지자체,국민임대,전국,1,580
2022-04,지자체,국민임대,서울,0
2022-04,지자체,국민임대,인천,0
2022-04,지자체,국민임대,경기,0
2022-04,지자체,국민임대,부산,0
2022-04,지자체,국민임대,대구,0
2022-04,지자체,국민임대,광주,0
2022-04,지자체,국민임대,대전,0
2022-04,지자체,국민임대,울산,0
2022-04,지자체,국민임대,세종,0
2022-04,지자체,국민임대,강원,0
2022-04,지자체,국민임대,충북,0
2022-04,지자체,국민임대,충남,0
2022-04,지자체,국민임대,전북,0
2022-04,지자체,국민임대,전남,0
2022-04,지자체,국민임대,경북,0
2022-04,지자체,국민임대,경남,1,580
2022-04,지자체,국민임대,제주,0
2022-04,지자체,공공임대,전국,0
2022-04,지자체,공공임대,서울,0
2022-04,지자체,공공임대,인천,0
2022-04,지자체,공공임대,경기,0
2022-04,지자체,공공임대,부산,0
2022-04,지자체,공공임대,대구,0
2022-04,지자체,공공임대,광주,0
2022-04,지자체,공공임대,대전,0
2022-04,지자체,공공임대,울산,0
2022-04,지자체,공공임대,세종,0
2022-04,지자체,공공임대,강원,0
2022-04,지자체,공공임대,충북,0
2022-04,지자체,공공임대,충남,0
2022-04,지자체,공공임대,전북,0
2022-04,지자체,공공임대,전남,0
2022-04,지자체,공공임대,경북,0
2022-04,지자체,공공임대,경남,0
2022-04,지자체,공공임대,제주,0
2022-04,지자체,공공분양,전국,953
2022-04,지자체,공공분양,서울,0
2022-04,지자체,공공분양,인천,0
2022-04,지자체,공공분양,경기,0
2022-04,지자체,공공분양,부산,953
2022-04,지자체,공공분양,대구,0
2022-04,지자체,공공분양,광주,0
2022-04,지자체,공공분양,대전,0
2022-04,지자체,공공분양,울산,0
2022-04,지자체,공공분양,세종,0
2022-04,지자체,공공분양,강원,0
2022-04,지자체,공공분양,충북,0
2022-04,지자체,공공분양,충남,0
2022-04,지자체,공공분양,전북,0
2022-04,지자체,공공분양,전남,0
2022-04,지자체,공공분양,경북,0
2022-04,지자체,공공분양,경남,0
2022-04,지자체,공공분양,제주,0
2022-04,LH,소계,전국,1,927
2022-04,LH,소계,서울,0
2022-04,LH,소계,인천,0
2022-04,LH,소계,경기,892
2022-04,LH,소계,부산,0
2022-04,LH,소계,대구,0
2022-04,LH,소계,광주,0
2022-04,LH,소계,대전,0
2022-04,LH,소계,울산,0
2022-04,LH,소계,세종,1,035
2022-04,LH,소계,강원,0
2022-04,LH,소계,충북,0
2022-04,LH,소계,충남,0
2022-04,LH,소계,전북,0
2022-04,LH,소계,전남,0
2022-04,LH,소계,경북,0
2022-04,LH,소계,경남,0
2022-04,LH,소계,제주,0
2022-04,LH,국민임대,전국,0
2022-04,LH,국민임대,서울,0
2022-04,LH,국민임대,인천,0
2022-04,LH,국민임대,경기,0
2022-04,LH,국민임대,부산,0
2022-04,LH,국민임대,대구,0
2022-04,LH,국민임대,광주,0
2022-04,LH,국민임대,대전,0
2022-04,LH,국민임대,울산,0
2022-04,LH,국민임대,세종,0
2022-04,LH,국민임대,강원,0
2022-04,LH,국민임대,충북,0
2022-04,LH,국민임대,충남,0
2022-04,LH,국민임대,전북,0
2022-04,LH,국민임대,전남,0
2022-04,LH,국민임대,경북,0
2022-04,LH,국민임대,경남,0
2022-04,LH,국민임대,제주,0
2022-04,LH,공공임대,전국,182
2022-04,LH,공공임대,서울,0
2022-04,LH,공공임대,인천,0
2022-04,LH,공공임대,경기,23
2022-04,LH,공공임대,부산,0
2022-04,LH,공공임대,대구,0
2022-04,LH,공공임대,광주,0
2022-04,LH,공공임대,대전,0
2022-04,LH,공공임대,울산,0
2022-04,LH,공공임대,세종,159
2022-04,LH,공공임대,강원,0
2022-04,LH,공공임대,충북,0
2022-04,LH,공공임대,충남,0
2022-04,LH,공공임대,전북,0
2022-04,LH,공공임대,전남,0
2022-04,LH,공공임대,경북,0
2022-04,LH,공공임대,경남,0
2022-04,LH,공공임대,제주,0
2022-04,LH,공공분양,전국,1,745
2022-04,LH,공공분양,서울,0
2022-04,LH,공공분양,인천,0
2022-04,LH,공공분양,경기,869
2022-04,LH,공공분양,부산,0
2022-04,LH,공공분양,대구,0
2022-04,LH,공공분양,광주,0
2022-04,LH,공공분양,대전,0
2022-04,LH,공공분양,울산,0
2022-04,LH,공공분양,세종,876
2022-04,LH,공공분양,강원,0
2022-04,LH,공공분양,충북,0
2022-04,LH,공공분양,충남,0
2022-04,LH,공공분양,전북,0
2022-04,LH,공공분양,전남,0
2022-04,LH,공공분양,경북,0
2022-04,LH,공공분양,경남,0
2022-04,LH,공공분양,제주,0
2022-04,주택업체,소계,전국,2,671
2022-04,주택업체,소계,서울,40
2022-04,주택업체,소계,인천,0
2022-04,주택업체,소계,경기,751
2022-04,주택업체,소계,부산,1,809
2022-04,주택업체,소계,대구,1
2022-04,주택업체,소계,광주,0
2022-04,주택업체,소계,대전,0
2022-04,주택업체,소계,울산,0
2022-04,주택업체,소계,세종,0
2022-04,주택업체,소계,강원,0
2022-04,주택업체,소계,충북,0
2022-04,주택업체,소계,충남,0
2022-04,주택업체,소계,전북,0
2022-04,주택업체,소계,전남,0
2022-04,주택업체,소계,경북,0
2022-04,주택업체,소계,경남,0
2022-04,주택업체,소계,제주,70
2022-04,주택업체,국민임대,전국,0
2022-04,주택업체,국민임대,서울,0
2022-04,주택업체,국민임대,인천,0
2022-04,주택업체,국민임대,경기,0
2022-04,주택업체,국민임대,부산,0
2022-04,주택업체,국민임대,대구,0
2022-04,주택업체,국민임대,광주,0
2022-04,주택업체,국민임대,대전,0
2022-04,주택업체,국민임대,울산,0
2022-04,주택업체,국민임대,세종,0
2022-04,주택업체,국민임대,강원,0
2022-04,주택업체,국민임대,충북,0
2022-04,주택업체,국민임대,충남,0
2022-04,주택업체,국민임대,전북,0
2022-04,주택업체,국민임대,전남,0
2022-04,주택업체,국민임대,경북,0
2022-04,주택업체,국민임대,경남,0
2022-04,주택업체,국민임대,제주,0
2022-04,주택업체,공공임대,전국,431
2022-04,주택업체,공공임대,서울,40
2022-04,주택업체,공공임대,인천,0
2022-04,주택업체,공공임대,경기,320
2022-04,주택업체,공공임대,부산,0
2022-04,주택업체,공공임대,대구,1
2022-04,주택업체,공공임대,광주,0
2022-04,주택업체,공공임대,대전,0
2022-04,주택업체,공공임대,울산,0
2022-04,주택업체,공공임대,세종,0
2022-04,주택업체,공공임대,강원,0
2022-04,주택업체,공공임대,충북,0
2022-04,주택업체,공공임대,충남,0
2022-04,주택업체,공공임대,전북,0
2022-04,주택업체,공공임대,전남,0
2022-04,주택업체,공공임대,경북,0
2022-04,주택업체,공공임대,경남,0
2022-04,주택업체,공공임대,제주,70
2022-04,주택업체,공공분양,전국,2,240
2022-04,주택업체,공공분양,서울,0
2022-04,주택업체,공공분양,인천,0
2022-04,주택업체,공공분양,경기,431
2022-04,주택업체,공공분양,부산,1,809
2022-04,주택업체,공공분양,대구,0
2022-04,주택업체,공공분양,광주,0
2022-04,주택업체,공공분양,대전,0
2022-04,주택업체,공공분양,울산,0
2022-04,주택업체,공공분양,세종,0
2022-04,주택업체,공공분양,강원,0
2022-04,주택업체,공공분양,충북,0
2022-04,주택업체,공공분양,충남,0
2022-04,주택업체,공공분양,전북,0
2022-04,주택업체,공공분양,전남,0
2022-04,주택업체,공공분양,경북,0
2022-04,주택업체,공공분양,경남,0
2022-04,주택업체,공공분양,제주,0
2022-04,민간부문,민간부문,전국,148,758
2022-04,민간부문,민간부문,서울,16,006
2022-04,민간부문,민간부문,인천,3,599
2022-04,민간부문,민간부문,경기,30,893
2022-04,민간부문,민간부문,부산,11,264
2022-04,민간부문,민간부문,대구,7,463
2022-04,민간부문,민간부문,광주,859
2022-04,민간부문,민간부문,대전,7,359
2022-04,민간부문,민간부문,울산,3,230
2022-04,민간부문,민간부문,세종,1,243
2022-04,민간부문,민간부문,강원,2,986
2022-04,민간부문,민간부문,충북,15,685
2022-04,민간부문,민간부문,충남,10,984
2022-04,민간부문,민간부문,전북,5,636
2022-04,민간부문,민간부문,전남,5,652
2022-04,민간부문,민간부문,경북,15,315
2022-04,민간부문,민간부문,경남,7,926
2022-04,민간부문,민간부문,제주,2,658
2022-04,민간,민간임대,전국,9,395
2022-04,민간,민간임대,서울,1,430
2022-04,민간,민간임대,인천,0
2022-04,민간,민간임대,경기,999
2022-04,민간,민간임대,부산,0
2022-04,민간,민간임대,대구,0
2022-04,민간,민간임대,광주,0
2022-04,민간,민간임대,대전,0
2022-04,민간,민간임대,울산,0
2022-04,민간,민간임대,세종,0
2022-04,민간,민간임대,강원,0
2022-04,민간,민간임대,충북,975
2022-04,민간,민간임대,충남,1,018
2022-04,민간,민간임대,전북,168
2022-04,민간,민간임대,전남,845
2022-04,민간,민간임대,경북,2,740
2022-04,민간,민간임대,경남,1,220
2022-04,민간,민간임대,제주,0
2022-04,민간,민간분양,전국,139,363
2022-04,민간,민간분양,서울,14,576
2022-04,민간,민간분양,인천,3,599
2022-04,민간,민간분양,경기,29,894
2022-04,민간,민간분양,부산,11,264
2022-04,민간,민간분양,대구,7,463
2022-04,민간,민간분양,광주,859
2022-04,민간,민간분양,대전,7,359
2022-04,민간,민간분양,울산,3,230
2022-04,민간,민간분양,세종,1,243
2022-04,민간,민간분양,강원,2,986
2022-04,민간,민간분양,충북,14,710
2022-04,민간,민간분양,충남,9,966
2022-04,민간,민간분양,전북,5,468
2022-04,민간,민간분양,전남,4,807
2022-04,민간,민간분양,경북,12,575
2022-04,민간,민간분양,경남,6,706
2022-04,민간,민간분양,제주,2,658
2022-05,총  계,총  계,전국,203,409
2022-05,총  계,총  계,서울,18,502
2022-05,총  계,총  계,인천,6,452
2022-05,총  계,총  계,경기,43,206
2022-05,총  계,총  계,부산,16,930
2022-05,총  계,총  계,대구,9,923
2022-05,총  계,총  계,광주,909
2022-05,총  계,총  계,대전,9,494
2022-05,총  계,총  계,울산,3,607
2022-05,총  계,총  계,세종,2,302
2022-05,총  계,총  계,강원,5,807
2022-05,총  계,총  계,충북,17,347
2022-05,총  계,총  계,충남,18,282
2022-05,총  계,총  계,전북,9,598
2022-05,총  계,총  계,전남,7,614
2022-05,총  계,총  계,경북,17,139
2022-05,총  계,총  계,경남,12,005
2022-05,총  계,총  계,제주,4,292
2022-05,공공부문,공공부문,전국,8,300
2022-05,공공부문,공공부문,서울,40
2022-05,공공부문,공공부문,인천,0
2022-05,공공부문,공공부문,경기,2,269
2022-05,공공부문,공공부문,부산,2,762
2022-05,공공부문,공공부문,대구,52
2022-05,공공부문,공공부문,광주,0
2022-05,공공부문,공공부문,대전,120
2022-05,공공부문,공공부문,울산,282
2022-05,공공부문,공공부문,세종,1,035
2022-05,공공부문,공공부문,강원,0
2022-05,공공부문,공공부문,충북,0
2022-05,공공부문,공공부문,충남,0
2022-05,공공부문,공공부문,전북,0
2022-05,공공부문,공공부문,전남,0
2022-05,공공부문,공공부문,경북,90
2022-05,공공부문,공공부문,경남,1,580
2022-05,공공부문,공공부문,제주,70
2022-05,합,국민임대,전국,1,580
2022-05,합,국민임대,서울,0
2022-05,합,국민임대,인천,0
2022-05,합,국민임대,경기,0
2022-05,합,국민임대,부산,0
2022-05,합,국민임대,대구,0
2022-05,합,국민임대,광주,0
2022-05,합,국민임대,대전,0
2022-05,합,국민임대,울산,0
2022-05,합,국민임대,세종,0
2022-05,합,국민임대,강원,0
2022-05,합,국민임대,충북,0
2022-05,합,국민임대,충남,0
2022-05,합,국민임대,전북,0
2022-05,합,국민임대,전남,0
2022-05,합,국민임대,경북,0
2022-05,합,국민임대,경남,1,580
2022-05,합,국민임대,제주,0
2022-05,합,공공임대,전국,1,500
2022-05,합,공공임대,서울,40
2022-05,합,공공임대,인천,0
2022-05,합,공공임대,경기,969
2022-05,합,공공임대,부산,0
2022-05,합,공공임대,대구,52
2022-05,합,공공임대,광주,0
2022-05,합,공공임대,대전,120
2022-05,합,공공임대,울산,0
2022-05,합,공공임대,세종,159
2022-05,합,공공임대,강원,0
2022-05,합,공공임대,충북,0
2022-05,합,공공임대,충남,0
2022-05,합,공공임대,전북,0
2022-05,합,공공임대,전남,0
2022-05,합,공공임대,경북,90
2022-05,합,공공임대,경남,0
2022-05,합,공공임대,제주,70
2022-05,합,공공분양,전국,5,220
2022-05,합,공공분양,서울,0
2022-05,합,공공분양,인천,0
2022-05,합,공공분양,경기,1,300
2022-05,합,공공분양,부산,2,762
2022-05,합,공공분양,대구,0
2022-05,합,공공분양,광주,0
2022-05,합,공공분양,대전,0
2022-05,합,공공분양,울산,282
2022-05,합,공공분양,세종,876
2022-05,합,공공분양,강원,0
2022-05,합,공공분양,충북,0
2022-05,합,공공분양,충남,0
2022-05,합,공공분양,전북,0
2022-05,합,공공분양,전남,0
2022-05,합,공공분양,경북,0
2022-05,합,공공분양,경남,0
2022-05,합,공공분양,제주,0
2022-05,지자체,소계,전국,2,815
2022-05,지자체,소계,서울,0
2022-05,지자체,소계,인천,0
2022-05,지자체,소계,경기,0
2022-05,지자체,소계,부산,953
2022-05,지자체,소계,대구,0
2022-05,지자체,소계,광주,0
2022-05,지자체,소계,대전,0
2022-05,지자체,소계,울산,282
2022-05,지자체,소계,세종,0
2022-05,지자체,소계,강원,0
2022-05,지자체,소계,충북,0
2022-05,지자체,소계,충남,0
2022-05,지자체,소계,전북,0
2022-05,지자체,소계,전남,0
2022-05,지자체,소계,경북,0
2022-05,지자체,소계,경남,1,580
2022-05,지자체,소계,제주,0
2022-05,지자체,국민임대,전국,1,580
2022-05,지자체,국민임대,서울,0
2022-05,지자체,국민임대,인천,0
2022-05,지자체,국민임대,경기,0
2022-05,지자체,국민임대,부산,0
2022-05,지자체,국민임대,대구,0
2022-05,지자체,국민임대,광주,0
2022-05,지자체,국민임대,대전,0
2022-05,지자체,국민임대,울산,0
2022-05,지자체,국민임대,세종,0
2022-05,지자체,국민임대,강원,0
2022-05,지자체,국민임대,충북,0
2022-05,지자체,국민임대,충남,0
2022-05,지자체,국민임대,전북,0
2022-05,지자체,국민임대,전남,0
2022-05,지자체,국민임대,경북,0
2022-05,지자체,국민임대,경남,1,580
2022-05,지자체,국민임대,제주,0
2022-05,지자체,공공임대,전국,0
2022-05,지자체,공공임대,서울,0
2022-05,지자체,공공임대,인천,0
2022-05,지자체,공공임대,경기,0
2022-05,지자체,공공임대,부산,0
2022-05,지자체,공공임대,대구,0
2022-05,지자체,공공임대,광주,0
2022-05,지자체,공공임대,대전,0
2022-05,지자체,공공임대,울산,0
2022-05,지자체,공공임대,세종,0
2022-05,지자체,공공임대,강원,0
2022-05,지자체,공공임대,충북,0
2022-05,지자체,공공임대,충남,0
2022-05,지자체,공공임대,전북,0
2022-05,지자체,공공임대,전남,0
2022-05,지자체,공공임대,경북,0
2022-05,지자체,공공임대,경남,0
2022-05,지자체,공공임대,제주,0
2022-05,지자체,공공분양,전국,1,235
2022-05,지자체,공공분양,서울,0
2022-05,지자체,공공분양,인천,0
2022-05,지자체,공공분양,경기,0
2022-05,지자체,공공분양,부산,953
2022-05,지자체,공공분양,대구,0
2022-05,지자체,공공분양,광주,0
2022-05,지자체,공공분양,대전,0
2022-05,지자체,공공분양,울산,282
2022-05,지자체,공공분양,세종,0
2022-05,지자체,공공분양,강원,0
2022-05,지자체,공공분양,충북,0
2022-05,지자체,공공분양,충남,0
2022-05,지자체,공공분양,전북,0
2022-05,지자체,공공분양,전남,0
2022-05,지자체,공공분양,경북,0
2022-05,지자체,공공분양,경남,0
2022-05,지자체,공공분양,제주,0
2022-05,LH,소계,전국,2,763
2022-05,LH,소계,서울,0
2022-05,LH,소계,인천,0
2022-05,LH,소계,경기,1,518
2022-05,LH,소계,부산,0
2022-05,LH,소계,대구,0
2022-05,LH,소계,광주,0
2022-05,LH,소계,대전,120
2022-05,LH,소계,울산,0
2022-05,LH,소계,세종,1,035
2022-05,LH,소계,강원,0
2022-05,LH,소계,충북,0
2022-05,LH,소계,충남,0
2022-05,LH,소계,전북,0
2022-05,LH,소계,전남,0
2022-05,LH,소계,경북,90
2022-05,LH,소계,경남,0
2022-05,LH,소계,제주,0
2022-05,LH,국민임대,전국,0
2022-05,LH,국민임대,서울,0
2022-05,LH,국민임대,인천,0
2022-05,LH,국민임대,경기,0
2022-05,LH,국민임대,부산,0
2022-05,LH,국민임대,대구,0
2022-05,LH,국민임대,광주,0
2022-05,LH,국민임대,대전,0
2022-05,LH,국민임대,울산,0
2022-05,LH,국민임대,세종,0
2022-05,LH,국민임대,강원,0
2022-05,LH,국민임대,충북,0
2022-05,LH,국민임대,충남,0
2022-05,LH,국민임대,전북,0
2022-05,LH,국민임대,전남,0
2022-05,LH,국민임대,경북,0
2022-05,LH,국민임대,경남,0
2022-05,LH,국민임대,제주,0
2022-05,LH,공공임대,전국,1,018
2022-05,LH,공공임대,서울,0
2022-05,LH,공공임대,인천,0
2022-05,LH,공공임대,경기,649
2022-05,LH,공공임대,부산,0
2022-05,LH,공공임대,대구,0
2022-05,LH,공공임대,광주,0
2022-05,LH,공공임대,대전,120
2022-05,LH,공공임대,울산,0
2022-05,LH,공공임대,세종,159
2022-05,LH,공공임대,강원,0
2022-05,LH,공공임대,충북,0
2022-05,LH,공공임대,충남,0
2022-05,LH,공공임대,전북,0
2022-05,LH,공공임대,전남,0
2022-05,LH,공공임대,경북,90
2022-05,LH,공공임대,경남,0
2022-05,LH,공공임대,제주,0
2022-05,LH,공공분양,전국,1,745
2022-05,LH,공공분양,서울,0
2022-05,LH,공공분양,인천,0
2022-05,LH,공공분양,경기,869
2022-05,LH,공공분양,부산,0
2022-05,LH,공공분양,대구,0
2022-05,LH,공공분양,광주,0
2022-05,LH,공공분양,대전,0
2022-05,LH,공공분양,울산,0
2022-05,LH,공공분양,세종,876
2022-05,LH,공공분양,강원,0
2022-05,LH,공공분양,충북,0
2022-05,LH,공공분양,충남,0
2022-05,LH,공공분양,전북,0
2022-05,LH,공공분양,전남,0
2022-05,LH,공공분양,경북,0
2022-05,LH,공공분양,경남,0
2022-05,LH,공공분양,제주,0
2022-05,주택업체,소계,전국,2,722
2022-05,주택업체,소계,서울,40
2022-05,주택업체,소계,인천,0
2022-05,주택업체,소계,경기,751
2022-05,주택업체,소계,부산,1,809
2022-05,주택업체,소계,대구,52
2022-05,주택업체,소계,광주,0
2022-05,주택업체,소계,대전,0
2022-05,주택업체,소계,울산,0
2022-05,주택업체,소계,세종,0
2022-05,주택업체,소계,강원,0
2022-05,주택업체,소계,충북,0
2022-05,주택업체,소계,충남,0
2022-05,주택업체,소계,전북,0
2022-05,주택업체,소계,전남,0
2022-05,주택업체,소계,경북,0
2022-05,주택업체,소계,경남,0
2022-05,주택업체,소계,제주,70
2022-05,주택업체,국민임대,전국,0
2022-05,주택업체,국민임대,서울,0
2022-05,주택업체,국민임대,인천,0
2022-05,주택업체,국민임대,경기,0
2022-05,주택업체,국민임대,부산,0
2022-05,주택업체,국민임대,대구,0
2022-05,주택업체,국민임대,광주,0
2022-05,주택업체,국민임대,대전,0
2022-05,주택업체,국민임대,울산,0
2022-05,주택업체,국민임대,세종,0
2022-05,주택업체,국민임대,강원,0
2022-05,주택업체,국민임대,충북,0
2022-05,주택업체,국민임대,충남,0
2022-05,주택업체,국민임대,전북,0
2022-05,주택업체,국민임대,전남,0
2022-05,주택업체,국민임대,경북,0
2022-05,주택업체,국민임대,경남,0
2022-05,주택업체,국민임대,제주,0
2022-05,주택업체,공공임대,전국,482
2022-05,주택업체,공공임대,서울,40
2022-05,주택업체,공공임대,인천,0
2022-05,주택업체,공공임대,경기,320
2022-05,주택업체,공공임대,부산,0
2022-05,주택업체,공공임대,대구,52
2022-05,주택업체,공공임대,광주,0
2022-05,주택업체,공공임대,대전,0
2022-05,주택업체,공공임대,울산,0
2022-05,주택업체,공공임대,세종,0
2022-05,주택업체,공공임대,강원,0
2022-05,주택업체,공공임대,충북,0
2022-05,주택업체,공공임대,충남,0
2022-05,주택업체,공공임대,전북,0
2022-05,주택업체,공공임대,전남,0
2022-05,주택업체,공공임대,경북,0
2022-05,주택업체,공공임대,경남,0
2022-05,주택업체,공공임대,제주,70
2022-05,주택업체,공공분양,전국,2,240
2022-05,주택업체,공공분양,서울,0
2022-05,주택업체,공공분양,인천,0
2022-05,주택업체,공공분양,경기,431
2022-05,주택업체,공공분양,부산,1,809
2022-05,주택업체,공공분양,대구,0
2022-05,주택업체,공공분양,광주,0
2022-05,주택업체,공공분양,대전,0
2022-05,주택업체,공공분양,울산,0
2022-05,주택업체,공공분양,세종,0
2022-05,주택업체,공공분양,강원,0
2022-05,주택업체,공공분양,충북,0
2022-05,주택업체,공공분양,충남,0
2022-05,주택업체,공공분양,전북,0
2022-05,주택업체,공공분양,전남,0
2022-05,주택업체,공공분양,경북,0
2022-05,주택업체,공공분양,경남,0
2022-05,주택업체,공공분양,제주,0
2022-05,민간부문,민간부문,전국,195,109
2022-05,민간부문,민간부문,서울,18,462
2022-05,민간부문,민간부문,인천,6,452
2022-05,민간부문,민간부문,경기,40,937
2022-05,민간부문,민간부문,부산,14,168
2022-05,민간부문,민간부문,대구,9,871
2022-05,민간부문,민간부문,광주,909
2022-05,민간부문,민간부문,대전,9,374
2022-05,민간부문,민간부문,울산,3,325
2022-05,민간부문,민간부문,세종,1,267
2022-05,민간부문,민간부문,강원,5,807
2022-05,민간부문,민간부문,충북,17,347
2022-05,민간부문,민간부문,충남,18,282
2022-05,민간부문,민간부문,전북,9,598
2022-05,민간부문,민간부문,전남,7,614
2022-05,민간부문,민간부문,경북,17,049
2022-05,민간부문,민간부문,경남,10,425
2022-05,민간부문,민간부문,제주,4,222
2022-05,민간,민간임대,전국,13,931
2022-05,민간,민간임대,서울,1,430
2022-05,민간,민간임대,인천,0
2022-05,민간,민간임대,경기,4,006
2022-05,민간,민간임대,부산,0
2022-05,민간,민간임대,대구,0
2022-05,민간,민간임대,광주,0
2022-05,민간,민간임대,대전,725
2022-05,민간,민간임대,울산,0
2022-05,민간,민간임대,세종,0
2022-05,민간,민간임대,강원,0
2022-05,민간,민간임대,충북,975
2022-05,민간,민간임대,충남,1,603
2022-05,민간,민간임대,전북,387
2022-05,민간,민간임대,전남,845
2022-05,민간,민간임대,경북,2,740
2022-05,민간,민간임대,경남,1,220
2022-05,민간,민간임대,제주,0
2022-05,민간,민간분양,전국,181,178
2022-05,민간,민간분양,서울,17,032
2022-05,민간,민간분양,인천,6,452
2022-05,민간,민간분양,경기,36,931
2022-05,민간,민간분양,부산,14,168
2022-05,민간,민간분양,대구,9,871
2022-05,민간,민간분양,광주,909
2022-05,민간,민간분양,대전,8,649
2022-05,민간,민간분양,울산,3,325
2022-05,민간,민간분양,세종,1,267
2022-05,민간,민간분양,강원,5,807
2022-05,민간,민간분양,충북,16,372
2022-05,민간,민간분양,충남,16,679
2022-05,민간,민간분양,전북,9,211
2022-05,민간,민간분양,전남,6,769
2022-05,민간,민간분양,경북,14,309
2022-05,민간,민간분양,경남,9,205
2022-05,민간,민간분양,제주,4,222
2022-06,총  계,총  계,전국,252,671
2022-06,총  계,총  계,서울,24,154
2022-06,총  계,총  계,인천,8,234
2022-06,총  계,총  계,경기,59,108
2022-06,총  계,총  계,부산,20,294
2022-06,총  계,총  계,대구,15,079
2022-06,총  계,총  계,광주,1,000
2022-06,총  계,총  계,대전,10,665
2022-06,총  계,총  계,울산,4,704
2022-06,총  계,총  계,세종,2,323
2022-06,총  계,총  계,강원,6,221
2022-06,총  계,총  계,충북,17,703
2022-06,총  계,총  계,충남,23,542
2022-06,총  계,총  계,전북,10,159
2022-06,총  계,총  계,전남,9,521
2022-06,총  계,총  계,경북,18,662
2022-06,총  계,총  계,경남,16,297
2022-06,총  계,총  계,제주,5,005
2022-06,공공부문,공공부문,전국,10,187
2022-06,공공부문,공공부문,서울,62
2022-06,공공부문,공공부문,인천,0
2022-06,공공부문,공공부문,경기,2,269
2022-06,공공부문,공공부문,부산,3,734
2022-06,공공부문,공공부문,대구,52
2022-06,공공부문,공공부문,광주,0
2022-06,공공부문,공공부문,대전,120
2022-06,공공부문,공공부문,울산,282
2022-06,공공부문,공공부문,세종,1,035
2022-06,공공부문,공공부문,강원,0
2022-06,공공부문,공공부문,충북,0
2022-06,공공부문,공공부문,충남,893
2022-06,공공부문,공공부문,전북,0
2022-06,공공부문,공공부문,전남,0
2022-06,공공부문,공공부문,경북,90
2022-06,공공부문,공공부문,경남,1,580
2022-06,공공부문,공공부문,제주,70
2022-06,합,국민임대,전국,1,592
2022-06,합,국민임대,서울,12
2022-06,합,국민임대,인천,0
2022-06,합,국민임대,경기,0
2022-06,합,국민임대,부산,0
2022-06,합,국민임대,대구,0
2022-06,합,국민임대,광주,0
2022-06,합,국민임대,대전,0
2022-06,합,국민임대,울산,0
2022-06,합,국민임대,세종,0
2022-06,합,국민임대,강원,0
2022-06,합,국민임대,충북,0
2022-06,합,국민임대,충남,0
2022-06,합,국민임대,전북,0
2022-06,합,국민임대,전남,0
2022-06,합,국민임대,경북,0
2022-06,합,국민임대,경남,1,580
2022-06,합,국민임대,제주,0
2022-06,합,공공임대,전국,1,510
2022-06,합,공공임대,서울,50
2022-06,합,공공임대,인천,0
2022-06,합,공공임대,경기,969
2022-06,합,공공임대,부산,0
2022-06,합,공공임대,대구,52
2022-06,합,공공임대,광주,0
2022-06,합,공공임대,대전,120
2022-06,합,공공임대,울산,0
2022-06,합,공공임대,세종,159
2022-06,합,공공임대,강원,0
2022-06,합,공공임대,충북,0
2022-06,합,공공임대,충남,0
2022-06,합,공공임대,전북,0
2022-06,합,공공임대,전남,0
2022-06,합,공공임대,경북,90
2022-06,합,공공임대,경남,0
2022-06,합,공공임대,제주,70
2022-06,합,공공분양,전국,7,085
2022-06,합,공공분양,서울,0
2022-06,합,공공분양,인천,0
2022-06,합,공공분양,경기,1,300
2022-06,합,공공분양,부산,3,734
2022-06,합,공공분양,대구,0
2022-06,합,공공분양,광주,0
2022-06,합,공공분양,대전,0
2022-06,합,공공분양,울산,282
2022-06,합,공공분양,세종,876
2022-06,합,공공분양,강원,0
2022-06,합,공공분양,충북,0
2022-06,합,공공분양,충남,893
2022-06,합,공공분양,전북,0
2022-06,합,공공분양,전남,0
2022-06,합,공공분양,경북,0
2022-06,합,공공분양,경남,0
2022-06,합,공공분양,제주,0
2022-06,지자체,소계,전국,2,837
2022-06,지자체,소계,서울,22
2022-06,지자체,소계,인천,0
2022-06,지자체,소계,경기,0
2022-06,지자체,소계,부산,953
2022-06,지자체,소계,대구,0
2022-06,지자체,소계,광주,0
2022-06,지자체,소계,대전,0
2022-06,지자체,소계,울산,282
2022-06,지자체,소계,세종,0
2022-06,지자체,소계,강원,0
2022-06,지자체,소계,충북,0
2022-06,지자체,소계,충남,0
2022-06,지자체,소계,전북,0
2022-06,지자체,소계,전남,0
2022-06,지자체,소계,경북,0
2022-06,지자체,소계,경남,1,580
2022-06,지자체,소계,제주,0
2022-06,지자체,국민임대,전국,1,592
2022-06,지자체,국민임대,서울,12
2022-06,지자체,국민임대,인천,0
2022-06,지자체,국민임대,경기,0
2022-06,지자체,국민임대,부산,0
2022-06,지자체,국민임대,대구,0
2022-06,지자체,국민임대,광주,0
2022-06,지자체,국민임대,대전,0
2022-06,지자체,국민임대,울산,0
2022-06,지자체,국민임대,세종,0
2022-06,지자체,국민임대,강원,0
2022-06,지자체,국민임대,충북,0
2022-06,지자체,국민임대,충남,0
2022-06,지자체,국민임대,전북,0
2022-06,지자체,국민임대,전남,0
2022-06,지자체,국민임대,경북,0
2022-06,지자체,국민임대,경남,1,580
2022-06,지자체,국민임대,제주,0
2022-06,지자체,공공임대,전국,10
2022-06,지자체,공공임대,서울,10
2022-06,지자체,공공임대,인천,0
2022-06,지자체,공공임대,경기,0
2022-06,지자체,공공임대,부산,0
2022-06,지자체,공공임대,대구,0
2022-06,지자체,공공임대,광주,0
2022-06,지자체,공공임대,대전,0
2022-06,지자체,공공임대,울산,0
2022-06,지자체,공공임대,세종,0
2022-06,지자체,공공임대,강원,0
2022-06,지자체,공공임대,충북,0
2022-06,지자체,공공임대,충남,0
2022-06,지자체,공공임대,전북,0
2022-06,지자체,공공임대,전남,0
2022-06,지자체,공공임대,경북,0
2022-06,지자체,공공임대,경남,0
2022-06,지자체,공공임대,제주,0
2022-06,지자체,공공분양,전국,1,235
2022-06,지자체,공공분양,서울,0
2022-06,지자체,공공분양,인천,0
2022-06,지자체,공공분양,경기,0
2022-06,지자체,공공분양,부산,953
2022-06,지자체,공공분양,대구,0
2022-06,지자체,공공분양,광주,0
2022-06,지자체,공공분양,대전,0
2022-06,지자체,공공분양,울산,282
2022-06,지자체,공공분양,세종,0
2022-06,지자체,공공분양,강원,0
2022-06,지자체,공공분양,충북,0
2022-06,지자체,공공분양,충남,0
2022-06,지자체,공공분양,전북,0
2022-06,지자체,공공분양,전남,0
2022-06,지자체,공공분양,경북,0
2022-06,지자체,공공분양,경남,0
2022-06,지자체,공공분양,제주,0
2022-06,LH,소계,전국,2,763
2022-06,LH,소계,서울,0
2022-06,LH,소계,인천,0
2022-06,LH,소계,경기,1,518
2022-06,LH,소계,부산,0
2022-06,LH,소계,대구,0
2022-06,LH,소계,광주,0
2022-06,LH,소계,대전,120
2022-06,LH,소계,울산,0
2022-06,LH,소계,세종,1,035
2022-06,LH,소계,강원,0
2022-06,LH,소계,충북,0
2022-06,LH,소계,충남,0
2022-06,LH,소계,전북,0
2022-06,LH,소계,전남,0
2022-06,LH,소계,경북,90
2022-06,LH,소계,경남,0
2022-06,LH,소계,제주,0
2022-06,LH,국민임대,전국,0
2022-06,LH,국민임대,서울,0
2022-06,LH,국민임대,인천,0
2022-06,LH,국민임대,경기,0
2022-06,LH,국민임대,부산,0
2022-06,LH,국민임대,대구,0
2022-06,LH,국민임대,광주,0
2022-06,LH,국민임대,대전,0
2022-06,LH,국민임대,울산,0
2022-06,LH,국민임대,세종,0
2022-06,LH,국민임대,강원,0
2022-06,LH,국민임대,충북,0
2022-06,LH,국민임대,충남,0
2022-06,LH,국민임대,전북,0
2022-06,LH,국민임대,전남,0
2022-06,LH,국민임대,경북,0
2022-06,LH,국민임대,경남,0
2022-06,LH,국민임대,제주,0
2022-06,LH,공공임대,전국,1,018
2022-06,LH,공공임대,서울,0
2022-06,LH,공공임대,인천,0
2022-06,LH,공공임대,경기,649
2022-06,LH,공공임대,부산,0
2022-06,LH,공공임대,대구,0
2022-06,LH,공공임대,광주,0
2022-06,LH,공공임대,대전,120
2022-06,LH,공공임대,울산,0
2022-06,LH,공공임대,세종,159
2022-06,LH,공공임대,강원,0
2022-06,LH,공공임대,충북,0
2022-06,LH,공공임대,충남,0
2022-06,LH,공공임대,전북,0
2022-06,LH,공공임대,전남,0
2022-06,LH,공공임대,경북,90
2022-06,LH,공공임대,경남,0
2022-06,LH,공공임대,제주,0
2022-06,LH,공공분양,전국,1,745
2022-06,LH,공공분양,서울,0
2022-06,LH,공공분양,인천,0
2022-06,LH,공공분양,경기,869
2022-06,LH,공공분양,부산,0
2022-06,LH,공공분양,대구,0
2022-06,LH,공공분양,광주,0
2022-06,LH,공공분양,대전,0
2022-06,LH,공공분양,울산,0
2022-06,LH,공공분양,세종,876
2022-06,LH,공공분양,강원,0
2022-06,LH,공공분양,충북,0
2022-06,LH,공공분양,충남,0
2022-06,LH,공공분양,전북,0
2022-06,LH,공공분양,전남,0
2022-06,LH,공공분양,경북,0
2022-06,LH,공공분양,경남,0
2022-06,LH,공공분양,제주,0
2022-06,주택업체,소계,전국,4,587
2022-06,주택업체,소계,서울,40
2022-06,주택업체,소계,인천,0
2022-06,주택업체,소계,경기,751
2022-06,주택업체,소계,부산,2,781
2022-06,주택업체,소계,대구,52
2022-06,주택업체,소계,광주,0
2022-06,주택업체,소계,대전,0
2022-06,주택업체,소계,울산,0
2022-06,주택업체,소계,세종,0
2022-06,주택업체,소계,강원,0
2022-06,주택업체,소계,충북,0
2022-06,주택업체,소계,충남,893
2022-06,주택업체,소계,전북,0
2022-06,주택업체,소계,전남,0
2022-06,주택업체,소계,경북,0
2022-06,주택업체,소계,경남,0
2022-06,주택업체,소계,제주,70
2022-06,주택업체,국민임대,전국,0
2022-06,주택업체,국민임대,서울,0
2022-06,주택업체,국민임대,인천,0
2022-06,주택업체,국민임대,경기,0
2022-06,주택업체,국민임대,부산,0
2022-06,주택업체,국민임대,대구,0
2022-06,주택업체,국민임대,광주,0
2022-06,주택업체,국민임대,대전,0
2022-06,주택업체,국민임대,울산,0
2022-06,주택업체,국민임대,세종,0
2022-06,주택업체,국민임대,강원,0
2022-06,주택업체,국민임대,충북,0
2022-06,주택업체,국민임대,충남,0
2022-06,주택업체,국민임대,전북,0
2022-06,주택업체,국민임대,전남,0
2022-06,주택업체,국민임대,경북,0
2022-06,주택업체,국민임대,경남,0
2022-06,주택업체,국민임대,제주,0
2022-06,주택업체,공공임대,전국,482
2022-06,주택업체,공공임대,서울,40
2022-06,주택업체,공공임대,인천,0
2022-06,주택업체,공공임대,경기,320
2022-06,주택업체,공공임대,부산,0
2022-06,주택업체,공공임대,대구,52
2022-06,주택업체,공공임대,광주,0
2022-06,주택업체,공공임대,대전,0
2022-06,주택업체,공공임대,울산,0
2022-06,주택업체,공공임대,세종,0
2022-06,주택업체,공공임대,강원,0
2022-06,주택업체,공공임대,충북,0
2022-06,주택업체,공공임대,충남,0
2022-06,주택업체,공공임대,전북,0
2022-06,주택업체,공공임대,전남,0
2022-06,주택업체,공공임대,경북,0
2022-06,주택업체,공공임대,경남,0
2022-06,주택업체,공공임대,제주,70
2022-06,주택업체,공공분양,전국,4,105
2022-06,주택업체,공공분양,서울,0
2022-06,주택업체,공공분양,인천,0
2022-06,주택업체,공공분양,경기,431
2022-06,주택업체,공공분양,부산,2,781
2022-06,주택업체,공공분양,대구,0
2022-06,주택업체,공공분양,광주,0
2022-06,주택업체,공공분양,대전,0
2022-06,주택업체,공공분양,울산,0
2022-06,주택업체,공공분양,세종,0
2022-06,주택업체,공공분양,강원,0
2022-06,주택업체,공공분양,충북,0
2022-06,주택업체,공공분양,충남,893
2022-06,주택업체,공공분양,전북,0
2022-06,주택업체,공공분양,전남,0
2022-06,주택업체,공공분양,경북,0
2022-06,주택업체,공공분양,경남,0
2022-06,주택업체,공공분양,제주,0
2022-06,민간부문,민간부문,전국,242,484
2022-06,민간부문,민간부문,서울,24,092
2022-06,민간부문,민간부문,인천,8,234
2022-06,민간부문,민간부문,경기,56,839
2022-06,민간부문,민간부문,부산,16,560
2022-06,민간부문,민간부문,대구,15,027
2022-06,민간부문,민간부문,광주,1,000
2022-06,민간부문,민간부문,대전,10,545
2022-06,민간부문,민간부문,울산,4,422
2022-06,민간부문,민간부문,세종,1,288
2022-06,민간부문,민간부문,강원,6,221
2022-06,민간부문,민간부문,충북,17,703
2022-06,민간부문,민간부문,충남,22,649
2022-06,민간부문,민간부문,전북,10,159
2022-06,민간부문,민간부문,전남,9,521
2022-06,민간부문,민간부문,경북,18,572
2022-06,민간부문,민간부문,경남,14,717
2022-06,민간부문,민간부문,제주,4,935
2022-06,민간,민간임대,전국,20,114
2022-06,민간,민간임대,서울,1,430
2022-06,민간,민간임대,인천,0
2022-06,민간,민간임대,경기,5,745
2022-06,민간,민간임대,부산,614
2022-06,민간,민간임대,대구,3,535
2022-06,민간,민간임대,광주,0
2022-06,민간,민간임대,대전,725
2022-06,민간,민간임대,울산,0
2022-06,민간,민간임대,세종,0
2022-06,민간,민간임대,강원,0
2022-06,민간,민간임대,충북,975
2022-06,민간,민간임대,충남,1,603
2022-06,민간,민간임대,전북,387
2022-06,민간,민간임대,전남,1,140
2022-06,민간,민간임대,경북,2,740
2022-06,민간,민간임대,경남,1,220
2022-06,민간,민간임대,제주,0
2022-06,민간,민간분양,전국,222,370
2022-06,민간,민간분양,서울,22,662
2022-06,민간,민간분양,인천,8,234
2022-06,민간,민간분양,경기,51,094
2022-06,민간,민간분양,부산,15,946
2022-06,민간,민간분양,대구,11,492
2022-06,민간,민간분양,광주,1,000
2022-06,민간,민간분양,대전,9,820
2022-06,민간,민간분양,울산,4,422
2022-06,민간,민간분양,세종,1,288
2022-06,민간,민간분양,강원,6,221
2022-06,민간,민간분양,충북,16,728
2022-06,민간,민간분양,충남,21,046
2022-06,민간,민간분양,전북,9,772
2022-06,민간,민간분양,전남,8,381
2022-06,민간,민간분양,경북,15,832
2022-06,민간,민간분양,경남,13,497
2022-06,민간,민간분양,제주,4,935
2022-07,총  계,총  계,전국,293,565
2022-07,총  계,총  계,서울,27,260
2022-07,총  계,총  계,인천,11,187
2022-07,총  계,총  계,경기,72,074
2022-07,총  계,총  계,부산,23,986
2022-07,총  계,총  계,대구,16,681
2022-07,총  계,총  계,광주,2,481
2022-07,총  계,총  계,대전,12,195
2022-07,총  계,총  계,울산,5,252
2022-07,총  계,총  계,세종,2,346
2022-07,총  계,총  계,강원,8,203
2022-07,총  계,총  계,충북,17,985
2022-07,총  계,총  계,충남,25,056
2022-07,총  계,총  계,전북,11,846
2022-07,총  계,총  계,전남,10,936
2022-07,총  계,총  계,경북,21,937
2022-07,총  계,총  계,경남,17,708
2022-07,총  계,총  계,제주,6,432
2022-07,공공부문,공공부문,전국,10,900
2022-07,공공부문,공공부문,서울,165
2022-07,공공부문,공공부문,인천,0
2022-07,공공부문,공공부문,경기,2,269
2022-07,공공부문,공공부문,부산,3,734
2022-07,공공부문,공공부문,대구,52
2022-07,공공부문,공공부문,광주,460
2022-07,공공부문,공공부문,대전,120
2022-07,공공부문,공공부문,울산,282
2022-07,공공부문,공공부문,세종,1,035
2022-07,공공부문,공공부문,강원,0
2022-07,공공부문,공공부문,충북,0
2022-07,공공부문,공공부문,충남,893
2022-07,공공부문,공공부문,전북,0
2022-07,공공부문,공공부문,전남,0
2022-07,공공부문,공공부문,경북,90
2022-07,공공부문,공공부문,경남,1,730
2022-07,공공부문,공공부문,제주,70
2022-07,합,국민임대,전국,1,592
2022-07,합,국민임대,서울,12
2022-07,합,국민임대,인천,0
2022-07,합,국민임대,경기,0
2022-07,합,국민임대,부산,0
2022-07,합,국민임대,대구,0
2022-07,합,국민임대,광주,0
2022-07,합,국민임대,대전,0
2022-07,합,국민임대,울산,0
2022-07,합,국민임대,세종,0
2022-07,합,국민임대,강원,0
2022-07,합,국민임대,충북,0
2022-07,합,국민임대,충남,0
2022-07,합,국민임대,전북,0
2022-07,합,국민임대,전남,0
2022-07,합,국민임대,경북,0
2022-07,합,국민임대,경남,1,580
2022-07,합,국민임대,제주,0
2022-07,합,공공임대,전국,2,223
2022-07,합,공공임대,서울,153
2022-07,합,공공임대,인천,0
2022-07,합,공공임대,경기,969
2022-07,합,공공임대,부산,0
2022-07,합,공공임대,대구,52
2022-07,합,공공임대,광주,460
2022-07,합,공공임대,대전,120
2022-07,합,공공임대,울산,0
2022-07,합,공공임대,세종,159
2022-07,합,공공임대,강원,0
2022-07,합,공공임대,충북,0
2022-07,합,공공임대,충남,0
2022-07,합,공공임대,전북,0
2022-07,합,공공임대,전남,0
2022-07,합,공공임대,경북,90
2022-07,합,공공임대,경남,150
2022-07,합,공공임대,제주,70
2022-07,합,공공분양,전국,7,085
2022-07,합,공공분양,서울,0
2022-07,합,공공분양,인천,0
2022-07,합,공공분양,경기,1,300
2022-07,합,공공분양,부산,3,734
2022-07,합,공공분양,대구,0
2022-07,합,공공분양,광주,0
2022-07,합,공공분양,대전,0
2022-07,합,공공분양,울산,282
2022-07,합,공공분양,세종,876
2022-07,합,공공분양,강원,0
2022-07,합,공공분양,충북,0
2022-07,합,공공분양,충남,893
2022-07,합,공공분양,전북,0
2022-07,합,공공분양,전남,0
2022-07,합,공공분양,경북,0
2022-07,합,공공분양,경남,0
2022-07,합,공공분양,제주,0
2022-07,지자체,소계,전국,3,400
2022-07,지자체,소계,서울,125
2022-07,지자체,소계,인천,0
2022-07,지자체,소계,경기,0
2022-07,지자체,소계,부산,953
2022-07,지자체,소계,대구,0
2022-07,지자체,소계,광주,460
2022-07,지자체,소계,대전,0
2022-07,지자체,소계,울산,282
2022-07,지자체,소계,세종,0
2022-07,지자체,소계,강원,0
2022-07,지자체,소계,충북,0
2022-07,지자체,소계,충남,0
2022-07,지자체,소계,전북,0
2022-07,지자체,소계,전남,0
2022-07,지자체,소계,경북,0
2022-07,지자체,소계,경남,1,580
2022-07,지자체,소계,제주,0
2022-07,지자체,국민임대,전국,1,592
2022-07,지자체,국민임대,서울,12
2022-07,지자체,국민임대,인천,0
2022-07,지자체,국민임대,경기,0
2022-07,지자체,국민임대,부산,0
2022-07,지자체,국민임대,대구,0
2022-07,지자체,국민임대,광주,0
2022-07,지자체,국민임대,대전,0
2022-07,지자체,국민임대,울산,0
2022-07,지자체,국민임대,세종,0
2022-07,지자체,국민임대,강원,0
2022-07,지자체,국민임대,충북,0
2022-07,지자체,국민임대,충남,0
2022-07,지자체,국민임대,전북,0
2022-07,지자체,국민임대,전남,0
2022-07,지자체,국민임대,경북,0
2022-07,지자체,국민임대,경남,1,580
2022-07,지자체,국민임대,제주,0
2022-07,지자체,공공임대,전국,573
2022-07,지자체,공공임대,서울,113
2022-07,지자체,공공임대,인천,0
2022-07,지자체,공공임대,경기,0
2022-07,지자체,공공임대,부산,0
2022-07,지자체,공공임대,대구,0
2022-07,지자체,공공임대,광주,460
2022-07,지자체,공공임대,대전,0
2022-07,지자체,공공임대,울산,0
2022-07,지자체,공공임대,세종,0
2022-07,지자체,공공임대,강원,0
2022-07,지자체,공공임대,충북,0
2022-07,지자체,공공임대,충남,0
2022-07,지자체,공공임대,전북,0
2022-07,지자체,공공임대,전남,0
2022-07,지자체,공공임대,경북,0
2022-07,지자체,공공임대,경남,0
2022-07,지자체,공공임대,제주,0
2022-07,지자체,공공분양,전국,1,235
2022-07,지자체,공공분양,서울,0
2022-07,지자체,공공분양,인천,0
2022-07,지자체,공공분양,경기,0
2022-07,지자체,공공분양,부산,953
2022-07,지자체,공공분양,대구,0
2022-07,지자체,공공분양,광주,0
2022-07,지자체,공공분양,대전,0
2022-07,지자체,공공분양,울산,282
2022-07,지자체,공공분양,세종,0
2022-07,지자체,공공분양,강원,0
2022-07,지자체,공공분양,충북,0
2022-07,지자체,공공분양,충남,0
2022-07,지자체,공공분양,전북,0
2022-07,지자체,공공분양,전남,0
2022-07,지자체,공공분양,경북,0
2022-07,지자체,공공분양,경남,0
2022-07,지자체,공공분양,제주,0
2022-07,LH,소계,전국,2,913
2022-07,LH,소계,서울,0
2022-07,LH,소계,인천,0
2022-07,LH,소계,경기,1,518
2022-07,LH,소계,부산,0
2022-07,LH,소계,대구,0
2022-07,LH,소계,광주,0
2022-07,LH,소계,대전,120
2022-07,LH,소계,울산,0
2022-07,LH,소계,세종,1,035
2022-07,LH,소계,강원,0
2022-07,LH,소계,충북,0
2022-07,LH,소계,충남,0
2022-07,LH,소계,전북,0
2022-07,LH,소계,전남,0
2022-07,LH,소계,경북,90
2022-07,LH,소계,경남,150
2022-07,LH,소계,제주,0
2022-07,LH,국민임대,전국,0
2022-07,LH,국민임대,서울,0
2022-07,LH,국민임대,인천,0
2022-07,LH,국민임대,경기,0
2022-07,LH,국민임대,부산,0
2022-07,LH,국민임대,대구,0
2022-07,LH,국민임대,광주,0
2022-07,LH,국민임대,대전,0
2022-07,LH,국민임대,울산,0
2022-07,LH,국민임대,세종,0
2022-07,LH,국민임대,강원,0
2022-07,LH,국민임대,충북,0
2022-07,LH,국민임대,충남,0
2022-07,LH,국민임대,전북,0
2022-07,LH,국민임대,전남,0
2022-07,LH,국민임대,경북,0
2022-07,LH,국민임대,경남,0
2022-07,LH,국민임대,제주,0
2022-07,LH,공공임대,전국,1,168
2022-07,LH,공공임대,서울,0
2022-07,LH,공공임대,인천,0
2022-07,LH,공공임대,경기,649
2022-07,LH,공공임대,부산,0
2022-07,LH,공공임대,대구,0
2022-07,LH,공공임대,광주,0
2022-07,LH,공공임대,대전,120
2022-07,LH,공공임대,울산,0
2022-07,LH,공공임대,세종,159
2022-07,LH,공공임대,강원,0
2022-07,LH,공공임대,충북,0
2022-07,LH,공공임대,충남,0
2022-07,LH,공공임대,전북,0
2022-07,LH,공공임대,전남,0
2022-07,LH,공공임대,경북,90
2022-07,LH,공공임대,경남,150
2022-07,LH,공공임대,제주,0
2022-07,LH,공공분양,전국,1,745
2022-07,LH,공공분양,서울,0
2022-07,LH,공공분양,인천,0
2022-07,LH,공공분양,경기,869
2022-07,LH,공공분양,부산,0
2022-07,LH,공공분양,대구,0
2022-07,LH,공공분양,광주,0
2022-07,LH,공공분양,대전,0
2022-07,LH,공공분양,울산,0
2022-07,LH,공공분양,세종,876
2022-07,LH,공공분양,강원,0
2022-07,LH,공공분양,충북,0
2022-07,LH,공공분양,충남,0
2022-07,LH,공공분양,전북,0
2022-07,LH,공공분양,전남,0
2022-07,LH,공공분양,경북,0
2022-07,LH,공공분양,경남,0
2022-07,LH,공공분양,제주,0
2022-07,주택업체,소계,전국,4,587
2022-07,주택업체,소계,서울,40
2022-07,주택업체,소계,인천,0
2022-07,주택업체,소계,경기,751
2022-07,주택업체,소계,부산,2,781
2022-07,주택업체,소계,대구,52
2022-07,주택업체,소계,광주,0
2022-07,주택업체,소계,대전,0
2022-07,주택업체,소계,울산,0
2022-07,주택업체,소계,세종,0
2022-07,주택업체,소계,강원,0
2022-07,주택업체,소계,충북,0
2022-07,주택업체,소계,충남,893
2022-07,주택업체,소계,전북,0
2022-07,주택업체,소계,전남,0
2022-07,주택업체,소계,경북,0
2022-07,주택업체,소계,경남,0
2022-07,주택업체,소계,제주,70
2022-07,주택업체,국민임대,전국,0
2022-07,주택업체,국민임대,서울,0
2022-07,주택업체,국민임대,인천,0
2022-07,주택업체,국민임대,경기,0
2022-07,주택업체,국민임대,부산,0
2022-07,주택업체,국민임대,대구,0
2022-07,주택업체,국민임대,광주,0
2022-07,주택업체,국민임대,대전,0
2022-07,주택업체,국민임대,울산,0
2022-07,주택업체,국민임대,세종,0
2022-07,주택업체,국민임대,강원,0
2022-07,주택업체,국민임대,충북,0
2022-07,주택업체,국민임대,충남,0
2022-07,주택업체,국민임대,전북,0
2022-07,주택업체,국민임대,전남,0
2022-07,주택업체,국민임대,경북,0
2022-07,주택업체,국민임대,경남,0
2022-07,주택업체,국민임대,제주,0
2022-07,주택업체,공공임대,전국,482
2022-07,주택업체,공공임대,서울,40
2022-07,주택업체,공공임대,인천,0
2022-07,주택업체,공공임대,경기,320
2022-07,주택업체,공공임대,부산,0
2022-07,주택업체,공공임대,대구,52
2022-07,주택업체,공공임대,광주,0
2022-07,주택업체,공공임대,대전,0
2022-07,주택업체,공공임대,울산,0
2022-07,주택업체,공공임대,세종,0
2022-07,주택업체,공공임대,강원,0
2022-07,주택업체,공공임대,충북,0
2022-07,주택업체,공공임대,충남,0
2022-07,주택업체,공공임대,전북,0
2022-07,주택업체,공공임대,전남,0
2022-07,주택업체,공공임대,경북,0
2022-07,주택업체,공공임대,경남,0
2022-07,주택업체,공공임대,제주,70
2022-07,주택업체,공공분양,전국,4,105
2022-07,주택업체,공공분양,서울,0
2022-07,주택업체,공공분양,인천,0
2022-07,주택업체,공공분양,경기,431
2022-07,주택업체,공공분양,부산,2,781
2022-07,주택업체,공공분양,대구,0
2022-07,주택업체,공공분양,광주,0
2022-07,주택업체,공공분양,대전,0
2022-07,주택업체,공공분양,울산,0
2022-07,주택업체,공공분양,세종,0
2022-07,주택업체,공공분양,강원,0
2022-07,주택업체,공공분양,충북,0
2022-07,주택업체,공공분양,충남,893
2022-07,주택업체,공공분양,전북,0
2022-07,주택업체,공공분양,전남,0
2022-07,주택업체,공공분양,경북,0
2022-07,주택업체,공공분양,경남,0
2022-07,주택업체,공공분양,제주,0
2022-07,민간부문,민간부문,전국,282,665
2022-07,민간부문,민간부문,서울,27,095
2022-07,민간부문,민간부문,인천,11,187
2022-07,민간부문,민간부문,경기,69,805
2022-07,민간부문,민간부문,부산,20,252
2022-07,민간부문,민간부문,대구,16,629
2022-07,민간부문,민간부문,광주,2,021
2022-07,민간부문,민간부문,대전,12,075
2022-07,민간부문,민간부문,울산,4,970
2022-07,민간부문,민간부문,세종,1,311
2022-07,민간부문,민간부문,강원,8,203
2022-07,민간부문,민간부문,충북,17,985
2022-07,민간부문,민간부문,충남,24,163
2022-07,민간부문,민간부문,전북,11,846
2022-07,민간부문,민간부문,전남,10,936
2022-07,민간부문,민간부문,경북,21,847
2022-07,민간부문,민간부문,경남,15,978
2022-07,민간부문,민간부문,제주,6,362
2022-07,민간,민간임대,전국,21,656
2022-07,민간,민간임대,서울,1,430
2022-07,민간,민간임대,인천,243
2022-07,민간,민간임대,경기,5,745
2022-07,민간,민간임대,부산,614
2022-07,민간,민간임대,대구,4,039
2022-07,민간,민간임대,광주,0
2022-07,민간,민간임대,대전,725
2022-07,민간,민간임대,울산,0
2022-07,민간,민간임대,세종,0
2022-07,민간,민간임대,강원,0
2022-07,민간,민간임대,충북,975
2022-07,민간,민간임대,충남,2,014
2022-07,민간,민간임대,전북,739
2022-07,민간,민간임대,전남,1,172
2022-07,민간,민간임대,경북,2,740
2022-07,민간,민간임대,경남,1,220
2022-07,민간,민간임대,제주,0
2022-07,민간,민간분양,전국,261,009
2022-07,민간,민간분양,서울,25,665
2022-07,민간,민간분양,인천,10,944
2022-07,민간,민간분양,경기,64,060
2022-07,민간,민간분양,부산,19,638
2022-07,민간,민간분양,대구,12,590
2022-07,민간,민간분양,광주,2,021
2022-07,민간,민간분양,대전,11,350
2022-07,민간,민간분양,울산,4,970
2022-07,민간,민간분양,세종,1,311
2022-07,민간,민간분양,강원,8,203
2022-07,민간,민간분양,충북,17,010
2022-07,민간,민간분양,충남,22,149
2022-07,민간,민간분양,전북,11,107
2022-07,민간,민간분양,전남,9,764
2022-07,민간,민간분양,경북,19,107
2022-07,민간,민간분양,경남,14,758
2022-07,민간,민간분양,제주,6,362
2022-08,총  계,총  계,전국,338,620
2022-08,총  계,총  계,서울,30,968
2022-08,총  계,총  계,인천,12,586
2022-08,총  계,총  계,경기,82,722
2022-08,총  계,총  계,부산,24,554
2022-08,총  계,총  계,대구,20,576
2022-08,총  계,총  계,광주,2,979
2022-08,총  계,총  계,대전,15,425
2022-08,총  계,총  계,울산,5,736
2022-08,총  계,총  계,세종,2,782
2022-08,총  계,총  계,강원,11,014
2022-08,총  계,총  계,충북,21,502
2022-08,총  계,총  계,충남,26,574
2022-08,총  계,총  계,전북,15,008
2022-08,총  계,총  계,전남,12,787
2022-08,총  계,총  계,경북,26,933
2022-08,총  계,총  계,경남,19,495
2022-08,총  계,총  계,제주,6,979
2022-08,공공부문,공공부문,전국,12,068
2022-08,공공부문,공공부문,서울,301
2022-08,공공부문,공공부문,인천,0
2022-08,공공부문,공공부문,경기,2,787
2022-08,공공부문,공공부문,부산,3,734
2022-08,공공부문,공공부문,대구,52
2022-08,공공부문,공공부문,광주,460
2022-08,공공부문,공공부문,대전,120
2022-08,공공부문,공공부문,울산,282
2022-08,공공부문,공공부문,세종,1,451
2022-08,공공부문,공공부문,강원,0
2022-08,공공부문,공공부문,충북,0
2022-08,공공부문,공공부문,충남,893
2022-08,공공부문,공공부문,전북,0
2022-08,공공부문,공공부문,전남,0
2022-08,공공부문,공공부문,경북,188
2022-08,공공부문,공공부문,경남,1,730
2022-08,공공부문,공공부문,제주,70
2022-08,합,국민임대,전국,1,592
2022-08,합,국민임대,서울,12
2022-08,합,국민임대,인천,0
2022-08,합,국민임대,경기,0
2022-08,합,국민임대,부산,0
2022-08,합,국민임대,대구,0
2022-08,합,국민임대,광주,0
2022-08,합,국민임대,대전,0
2022-08,합,국민임대,울산,0
2022-08,합,국민임대,세종,0
2022-08,합,국민임대,강원,0
2022-08,합,국민임대,충북,0
2022-08,합,국민임대,충남,0
2022-08,합,국민임대,전북,0
2022-08,합,국민임대,전남,0
2022-08,합,국민임대,경북,0
2022-08,합,국민임대,경남,1,580
2022-08,합,국민임대,제주,0
2022-08,합,공공임대,전국,3,391
2022-08,합,공공임대,서울,289
2022-08,합,공공임대,인천,0
2022-08,합,공공임대,경기,1,487
2022-08,합,공공임대,부산,0
2022-08,합,공공임대,대구,52
2022-08,합,공공임대,광주,460
2022-08,합,공공임대,대전,120
2022-08,합,공공임대,울산,0
2022-08,합,공공임대,세종,575
2022-08,합,공공임대,강원,0
2022-08,합,공공임대,충북,0
2022-08,합,공공임대,충남,0
2022-08,합,공공임대,전북,0
2022-08,합,공공임대,전남,0
2022-08,합,공공임대,경북,188
2022-08,합,공공임대,경남,150
2022-08,합,공공임대,제주,70
2022-08,합,공공분양,전국,7,085
2022-08,합,공공분양,서울,0
2022-08,합,공공분양,인천,0
2022-08,합,공공분양,경기,1,300
2022-08,합,공공분양,부산,3,734
2022-08,합,공공분양,대구,0
2022-08,합,공공분양,광주,0
2022-08,합,공공분양,대전,0
2022-08,합,공공분양,울산,282
2022-08,합,공공분양,세종,876
2022-08,합,공공분양,강원,0
2022-08,합,공공분양,충북,0
2022-08,합,공공분양,충남,893
2022-08,합,공공분양,전북,0
2022-08,합,공공분양,전남,0
2022-08,합,공공분양,경북,0
2022-08,합,공공분양,경남,0
2022-08,합,공공분양,제주,0
2022-08,지자체,소계,전국,3,918
2022-08,지자체,소계,서울,125
2022-08,지자체,소계,인천,0
2022-08,지자체,소계,경기,518
2022-08,지자체,소계,부산,953
2022-08,지자체,소계,대구,0
2022-08,지자체,소계,광주,460
2022-08,지자체,소계,대전,0
2022-08,지자체,소계,울산,282
2022-08,지자체,소계,세종,0
2022-08,지자체,소계,강원,0
2022-08,지자체,소계,충북,0
2022-08,지자체,소계,충남,0
2022-08,지자체,소계,전북,0
2022-08,지자체,소계,전남,0
2022-08,지자체,소계,경북,0
2022-08,지자체,소계,경남,1,580
2022-08,지자체,소계,제주,0
2022-08,지자체,국민임대,전국,1,592
2022-08,지자체,국민임대,서울,12
2022-08,지자체,국민임대,인천,0
2022-08,지자체,국민임대,경기,0
2022-08,지자체,국민임대,부산,0
2022-08,지자체,국민임대,대구,0
2022-08,지자체,국민임대,광주,0
2022-08,지자체,국민임대,대전,0
2022-08,지자체,국민임대,울산,0
2022-08,지자체,국민임대,세종,0
2022-08,지자체,국민임대,강원,0
2022-08,지자체,국민임대,충북,0
2022-08,지자체,국민임대,충남,0
2022-08,지자체,국민임대,전북,0
2022-08,지자체,국민임대,전남,0
2022-08,지자체,국민임대,경북,0
2022-08,지자체,국민임대,경남,1,580
2022-08,지자체,국민임대,제주,0
2022-08,지자체,공공임대,전국,1,091
2022-08,지자체,공공임대,서울,113
2022-08,지자체,공공임대,인천,0
2022-08,지자체,공공임대,경기,518
2022-08,지자체,공공임대,부산,0
2022-08,지자체,공공임대,대구,0
2022-08,지자체,공공임대,광주,460
2022-08,지자체,공공임대,대전,0
2022-08,지자체,공공임대,울산,0
2022-08,지자체,공공임대,세종,0
2022-08,지자체,공공임대,강원,0
2022-08,지자체,공공임대,충북,0
2022-08,지자체,공공임대,충남,0
2022-08,지자체,공공임대,전북,0
2022-08,지자체,공공임대,전남,0
2022-08,지자체,공공임대,경북,0
2022-08,지자체,공공임대,경남,0
2022-08,지자체,공공임대,제주,0
2022-08,지자체,공공분양,전국,1,235
2022-08,지자체,공공분양,서울,0
2022-08,지자체,공공분양,인천,0
2022-08,지자체,공공분양,경기,0
2022-08,지자체,공공분양,부산,953
2022-08,지자체,공공분양,대구,0
2022-08,지자체,공공분양,광주,0
2022-08,지자체,공공분양,대전,0
2022-08,지자체,공공분양,울산,282
2022-08,지자체,공공분양,세종,0
2022-08,지자체,공공분양,강원,0
2022-08,지자체,공공분양,충북,0
2022-08,지자체,공공분양,충남,0
2022-08,지자체,공공분양,전북,0
2022-08,지자체,공공분양,전남,0
2022-08,지자체,공공분양,경북,0
2022-08,지자체,공공분양,경남,0
2022-08,지자체,공공분양,제주,0
2022-08,LH,소계,전국,3,427
2022-08,LH,소계,서울,0
2022-08,LH,소계,인천,0
2022-08,LH,소계,경기,1,518
2022-08,LH,소계,부산,0
2022-08,LH,소계,대구,0
2022-08,LH,소계,광주,0
2022-08,LH,소계,대전,120
2022-08,LH,소계,울산,0
2022-08,LH,소계,세종,1,451
2022-08,LH,소계,강원,0
2022-08,LH,소계,충북,0
2022-08,LH,소계,충남,0
2022-08,LH,소계,전북,0
2022-08,LH,소계,전남,0
2022-08,LH,소계,경북,188
2022-08,LH,소계,경남,150
2022-08,LH,소계,제주,0
2022-08,LH,국민임대,전국,0
2022-08,LH,국민임대,서울,0
2022-08,LH,국민임대,인천,0
2022-08,LH,국민임대,경기,0
2022-08,LH,국민임대,부산,0
2022-08,LH,국민임대,대구,0
2022-08,LH,국민임대,광주,0
2022-08,LH,국민임대,대전,0
2022-08,LH,국민임대,울산,0
2022-08,LH,국민임대,세종,0
2022-08,LH,국민임대,강원,0
2022-08,LH,국민임대,충북,0
2022-08,LH,국민임대,충남,0
2022-08,LH,국민임대,전북,0
2022-08,LH,국민임대,전남,0
2022-08,LH,국민임대,경북,0
2022-08,LH,국민임대,경남,0
2022-08,LH,국민임대,제주,0
2022-08,LH,공공임대,전국,1,682
2022-08,LH,공공임대,서울,0
2022-08,LH,공공임대,인천,0
2022-08,LH,공공임대,경기,649
2022-08,LH,공공임대,부산,0
2022-08,LH,공공임대,대구,0
2022-08,LH,공공임대,광주,0
2022-08,LH,공공임대,대전,120
2022-08,LH,공공임대,울산,0
2022-08,LH,공공임대,세종,575
2022-08,LH,공공임대,강원,0
2022-08,LH,공공임대,충북,0
2022-08,LH,공공임대,충남,0
2022-08,LH,공공임대,전북,0
2022-08,LH,공공임대,전남,0
2022-08,LH,공공임대,경북,188
2022-08,LH,공공임대,경남,150
2022-08,LH,공공임대,제주,0
2022-08,LH,공공분양,전국,1,745
2022-08,LH,공공분양,서울,0
2022-08,LH,공공분양,인천,0
2022-08,LH,공공분양,경기,869
2022-08,LH,공공분양,부산,0
2022-08,LH,공공분양,대구,0
2022-08,LH,공공분양,광주,0
2022-08,LH,공공분양,대전,0
2022-08,LH,공공분양,울산,0
2022-08,LH,공공분양,세종,876
2022-08,LH,공공분양,강원,0
2022-08,LH,공공분양,충북,0
2022-08,LH,공공분양,충남,0
2022-08,LH,공공분양,전북,0
2022-08,LH,공공분양,전남,0
2022-08,LH,공공분양,경북,0
2022-08,LH,공공분양,경남,0
2022-08,LH,공공분양,제주,0
2022-08,주택업체,소계,전국,4,723
2022-08,주택업체,소계,서울,176
2022-08,주택업체,소계,인천,0
2022-08,주택업체,소계,경기,751
2022-08,주택업체,소계,부산,2,781
2022-08,주택업체,소계,대구,52
2022-08,주택업체,소계,광주,0
2022-08,주택업체,소계,대전,0
2022-08,주택업체,소계,울산,0
2022-08,주택업체,소계,세종,0
2022-08,주택업체,소계,강원,0
2022-08,주택업체,소계,충북,0
2022-08,주택업체,소계,충남,893
2022-08,주택업체,소계,전북,0
2022-08,주택업체,소계,전남,0
2022-08,주택업체,소계,경북,0
2022-08,주택업체,소계,경남,0
2022-08,주택업체,소계,제주,70
2022-08,주택업체,국민임대,전국,0
2022-08,주택업체,국민임대,서울,0
2022-08,주택업체,국민임대,인천,0
2022-08,주택업체,국민임대,경기,0
2022-08,주택업체,국민임대,부산,0
2022-08,주택업체,국민임대,대구,0
2022-08,주택업체,국민임대,광주,0
2022-08,주택업체,국민임대,대전,0
2022-08,주택업체,국민임대,울산,0
2022-08,주택업체,국민임대,세종,0
2022-08,주택업체,국민임대,강원,0
2022-08,주택업체,국민임대,충북,0
2022-08,주택업체,국민임대,충남,0
2022-08,주택업체,국민임대,전북,0
2022-08,주택업체,국민임대,전남,0
2022-08,주택업체,국민임대,경북,0
2022-08,주택업체,국민임대,경남,0
2022-08,주택업체,국민임대,제주,0
2022-08,주택업체,공공임대,전국,618
2022-08,주택업체,공공임대,서울,176
2022-08,주택업체,공공임대,인천,0
2022-08,주택업체,공공임대,경기,320
2022-08,주택업체,공공임대,부산,0
2022-08,주택업체,공공임대,대구,52
2022-08,주택업체,공공임대,광주,0
2022-08,주택업체,공공임대,대전,0
2022-08,주택업체,공공임대,울산,0
2022-08,주택업체,공공임대,세종,0
2022-08,주택업체,공공임대,강원,0
2022-08,주택업체,공공임대,충북,0
2022-08,주택업체,공공임대,충남,0
2022-08,주택업체,공공임대,전북,0
2022-08,주택업체,공공임대,전남,0
2022-08,주택업체,공공임대,경북,0
2022-08,주택업체,공공임대,경남,0
2022-08,주택업체,공공임대,제주,70
2022-08,주택업체,공공분양,전국,4,105
2022-08,주택업체,공공분양,서울,0
2022-08,주택업체,공공분양,인천,0
2022-08,주택업체,공공분양,경기,431
2022-08,주택업체,공공분양,부산,2,781
2022-08,주택업체,공공분양,대구,0
2022-08,주택업체,공공분양,광주,0
2022-08,주택업체,공공분양,대전,0
2022-08,주택업체,공공분양,울산,0
2022-08,주택업체,공공분양,세종,0
2022-08,주택업체,공공분양,강원,0
2022-08,주택업체,공공분양,충북,0
2022-08,주택업체,공공분양,충남,893
2022-08,주택업체,공공분양,전북,0
2022-08,주택업체,공공분양,전남,0
2022-08,주택업체,공공분양,경북,0
2022-08,주택업체,공공분양,경남,0
2022-08,주택업체,공공분양,제주,0
2022-08,민간부문,민간부문,전국,326,552
2022-08,민간부문,민간부문,서울,30,667
2022-08,민간부문,민간부문,인천,12,586
2022-08,민간부문,민간부문,경기,79,935
2022-08,민간부문,민간부문,부산,20,820
2022-08,민간부문,민간부문,대구,20,524
2022-08,민간부문,민간부문,광주,2,519
2022-08,민간부문,민간부문,대전,15,305
2022-08,민간부문,민간부문,울산,5,454
2022-08,민간부문,민간부문,세종,1,331
2022-08,민간부문,민간부문,강원,11,014
2022-08,민간부문,민간부문,충북,21,502
2022-08,민간부문,민간부문,충남,25,681
2022-08,민간부문,민간부문,전북,15,008
2022-08,민간부문,민간부문,전남,12,787
2022-08,민간부문,민간부문,경북,26,745
2022-08,민간부문,민간부문,경남,17,765
2022-08,민간부문,민간부문,제주,6,909
2022-08,민간,민간임대,전국,23,644
2022-08,민간,민간임대,서울,1,849
2022-08,민간,민간임대,인천,243
2022-08,민간,민간임대,경기,6,369
2022-08,민간,민간임대,부산,614
2022-08,민간,민간임대,대구,4,039
2022-08,민간,민간임대,광주,0
2022-08,민간,민간임대,대전,725
2022-08,민간,민간임대,울산,0
2022-08,민간,민간임대,세종,0
2022-08,민간,민간임대,강원,0
2022-08,민간,민간임대,충북,975
2022-08,민간,민간임대,충남,2,542
2022-08,민간,민간임대,전북,1,156
2022-08,민간,민간임대,전남,1,172
2022-08,민간,민간임대,경북,2,740
2022-08,민간,민간임대,경남,1,220
2022-08,민간,민간임대,제주,0
2022-08,민간,민간분양,전국,302,908
2022-08,민간,민간분양,서울,28,818
2022-08,민간,민간분양,인천,12,343
2022-08,민간,민간분양,경기,73,566
2022-08,민간,민간분양,부산,20,206
2022-08,민간,민간분양,대구,16,485
2022-08,민간,민간분양,광주,2,519
2022-08,민간,민간분양,대전,14,580
2022-08,민간,민간분양,울산,5,454
2022-08,민간,민간분양,세종,1,331
2022-08,민간,민간분양,강원,11,014
2022-08,민간,민간분양,충북,20,527
2022-08,민간,민간분양,충남,23,139
2022-08,민간,민간분양,전북,13,852
2022-08,민간,민간분양,전남,11,615
2022-08,민간,민간분양,경북,24,005
2022-08,민간,민간분양,경남,16,545
2022-08,민간,민간분양,제주,6,909
2022-09,총  계,총  계,전국,376,759
2022-09,총  계,총  계,서울,33,620
2022-09,총  계,총  계,인천,13,160
2022-09,총  계,총  계,경기,86,130
2022-09,총  계,총  계,부산,31,136
2022-09,총  계,총  계,대구,21,200
2022-09,총  계,총  계,광주,5,416
2022-09,총  계,총  계,대전,15,952
2022-09,총  계,총  계,울산,7,878
2022-09,총  계,총  계,세종,2,945
2022-09,총  계,총  계,강원,13,481
2022-09,총  계,총  계,충북,22,255
2022-09,총  계,총  계,충남,31,369
2022-09,총  계,총  계,전북,15,757
2022-09,총  계,총  계,전남,15,848
2022-09,총  계,총  계,경북,29,550
2022-09,총  계,총  계,경남,23,343
2022-09,총  계,총  계,제주,7,719
2022-09,공공부문,공공부문,전국,12,068
2022-09,공공부문,공공부문,서울,301
2022-09,공공부문,공공부문,인천,0
2022-09,공공부문,공공부문,경기,2,787
2022-09,공공부문,공공부문,부산,3,734
2022-09,공공부문,공공부문,대구,52
2022-09,공공부문,공공부문,광주,460
2022-09,공공부문,공공부문,대전,120
2022-09,공공부문,공공부문,울산,282
2022-09,공공부문,공공부문,세종,1,451
2022-09,공공부문,공공부문,강원,0
2022-09,공공부문,공공부문,충북,0
2022-09,공공부문,공공부문,충남,893
2022-09,공공부문,공공부문,전북,0
2022-09,공공부문,공공부문,전남,0
2022-09,공공부문,공공부문,경북,188
2022-09,공공부문,공공부문,경남,1,730
2022-09,공공부문,공공부문,제주,70
2022-09,합,국민임대,전국,1,592
2022-09,합,국민임대,서울,12
2022-09,합,국민임대,인천,0
2022-09,합,국민임대,경기,0
2022-09,합,국민임대,부산,0
2022-09,합,국민임대,대구,0
2022-09,합,국민임대,광주,0
2022-09,합,국민임대,대전,0
2022-09,합,국민임대,울산,0
2022-09,합,국민임대,세종,0
2022-09,합,국민임대,강원,0
2022-09,합,국민임대,충북,0
2022-09,합,국민임대,충남,0
2022-09,합,국민임대,전북,0
2022-09,합,국민임대,전남,0
2022-09,합,국민임대,경북,0
2022-09,합,국민임대,경남,1,580
2022-09,합,국민임대,제주,0
2022-09,합,공공임대,전국,3,391
2022-09,합,공공임대,서울,289
2022-09,합,공공임대,인천,0
2022-09,합,공공임대,경기,1,487
2022-09,합,공공임대,부산,0
2022-09,합,공공임대,대구,52
2022-09,합,공공임대,광주,460
2022-09,합,공공임대,대전,120
2022-09,합,공공임대,울산,0
2022-09,합,공공임대,세종,575
2022-09,합,공공임대,강원,0
2022-09,합,공공임대,충북,0
2022-09,합,공공임대,충남,0
2022-09,합,공공임대,전북,0
2022-09,합,공공임대,전남,0
2022-09,합,공공임대,경북,188
2022-09,합,공공임대,경남,150
2022-09,합,공공임대,제주,70
2022-09,합,공공분양,전국,7,085
2022-09,합,공공분양,서울,0
2022-09,합,공공분양,인천,0
2022-09,합,공공분양,경기,1,300
2022-09,합,공공분양,부산,3,734
2022-09,합,공공분양,대구,0
2022-09,합,공공분양,광주,0
2022-09,합,공공분양,대전,0
2022-09,합,공공분양,울산,282
2022-09,합,공공분양,세종,876
2022-09,합,공공분양,강원,0
2022-09,합,공공분양,충북,0
2022-09,합,공공분양,충남,893
2022-09,합,공공분양,전북,0
2022-09,합,공공분양,전남,0
2022-09,합,공공분양,경북,0
2022-09,합,공공분양,경남,0
2022-09,합,공공분양,제주,0
2022-09,지자체,소계,전국,3,918
2022-09,지자체,소계,서울,125
2022-09,지자체,소계,인천,0
2022-09,지자체,소계,경기,518
2022-09,지자체,소계,부산,953
2022-09,지자체,소계,대구,0
2022-09,지자체,소계,광주,460
2022-09,지자체,소계,대전,0
2022-09,지자체,소계,울산,282
2022-09,지자체,소계,세종,0
2022-09,지자체,소계,강원,0
2022-09,지자체,소계,충북,0
2022-09,지자체,소계,충남,0
2022-09,지자체,소계,전북,0
2022-09,지자체,소계,전남,0
2022-09,지자체,소계,경북,0
2022-09,지자체,소계,경남,1,580
2022-09,지자체,소계,제주,0
2022-09,지자체,국민임대,전국,1,592
2022-09,지자체,국민임대,서울,12
2022-09,지자체,국민임대,인천,0
2022-09,지자체,국민임대,경기,0
2022-09,지자체,국민임대,부산,0
2022-09,지자체,국민임대,대구,0
2022-09,지자체,국민임대,광주,0
2022-09,지자체,국민임대,대전,0
2022-09,지자체,국민임대,울산,0
2022-09,지자체,국민임대,세종,0
2022-09,지자체,국민임대,강원,0
2022-09,지자체,국민임대,충북,0
2022-09,지자체,국민임대,충남,0
2022-09,지자체,국민임대,전북,0
2022-09,지자체,국민임대,전남,0
2022-09,지자체,국민임대,경북,0
2022-09,지자체,국민임대,경남,1,580
2022-09,지자체,국민임대,제주,0
2022-09,지자체,공공임대,전국,1,091
2022-09,지자체,공공임대,서울,113
2022-09,지자체,공공임대,인천,0
2022-09,지자체,공공임대,경기,518
2022-09,지자체,공공임대,부산,0
2022-09,지자체,공공임대,대구,0
2022-09,지자체,공공임대,광주,460
2022-09,지자체,공공임대,대전,0
2022-09,지자체,공공임대,울산,0
2022-09,지자체,공공임대,세종,0
2022-09,지자체,공공임대,강원,0
2022-09,지자체,공공임대,충북,0
2022-09,지자체,공공임대,충남,0
2022-09,지자체,공공임대,전북,0
2022-09,지자체,공공임대,전남,0
2022-09,지자체,공공임대,경북,0
2022-09,지자체,공공임대,경남,0
2022-09,지자체,공공임대,제주,0
2022-09,지자체,공공분양,전국,1,235
2022-09,지자체,공공분양,서울,0
2022-09,지자체,공공분양,인천,0
2022-09,지자체,공공분양,경기,0
2022-09,지자체,공공분양,부산,953
2022-09,지자체,공공분양,대구,0
2022-09,지자체,공공분양,광주,0
2022-09,지자체,공공분양,대전,0
2022-09,지자체,공공분양,울산,282
2022-09,지자체,공공분양,세종,0
2022-09,지자체,공공분양,강원,0
2022-09,지자체,공공분양,충북,0
2022-09,지자체,공공분양,충남,0
2022-09,지자체,공공분양,전북,0
2022-09,지자체,공공분양,전남,0
2022-09,지자체,공공분양,경북,0
2022-09,지자체,공공분양,경남,0
2022-09,지자체,공공분양,제주,0
2022-09,LH,소계,전국,3,427
2022-09,LH,소계,서울,0
2022-09,LH,소계,인천,0
2022-09,LH,소계,경기,1,518
2022-09,LH,소계,부산,0
2022-09,LH,소계,대구,0
2022-09,LH,소계,광주,0
2022-09,LH,소계,대전,120
2022-09,LH,소계,울산,0
2022-09,LH,소계,세종,1,451
2022-09,LH,소계,강원,0
2022-09,LH,소계,충북,0
2022-09,LH,소계,충남,0
2022-09,LH,소계,전북,0
2022-09,LH,소계,전남,0
2022-09,LH,소계,경북,188
2022-09,LH,소계,경남,150
2022-09,LH,소계,제주,0
2022-09,LH,국민임대,전국,0
2022-09,LH,국민임대,서울,0
2022-09,LH,국민임대,인천,0
2022-09,LH,국민임대,경기,0
2022-09,LH,국민임대,부산,0
2022-09,LH,국민임대,대구,0
2022-09,LH,국민임대,광주,0
2022-09,LH,국민임대,대전,0
2022-09,LH,국민임대,울산,0
2022-09,LH,국민임대,세종,0
2022-09,LH,국민임대,강원,0
2022-09,LH,국민임대,충북,0
2022-09,LH,국민임대,충남,0
2022-09,LH,국민임대,전북,0
2022-09,LH,국민임대,전남,0
2022-09,LH,국민임대,경북,0
2022-09,LH,국민임대,경남,0
2022-09,LH,국민임대,제주,0
2022-09,LH,공공임대,전국,1,682
2022-09,LH,공공임대,서울,0
2022-09,LH,공공임대,인천,0
2022-09,LH,공공임대,경기,649
2022-09,LH,공공임대,부산,0
2022-09,LH,공공임대,대구,0
2022-09,LH,공공임대,광주,0
2022-09,LH,공공임대,대전,120
2022-09,LH,공공임대,울산,0
2022-09,LH,공공임대,세종,575
2022-09,LH,공공임대,강원,0
2022-09,LH,공공임대,충북,0
2022-09,LH,공공임대,충남,0
2022-09,LH,공공임대,전북,0
2022-09,LH,공공임대,전남,0
2022-09,LH,공공임대,경북,188
2022-09,LH,공공임대,경남,150
2022-09,LH,공공임대,제주,0
2022-09,LH,공공분양,전국,1,745
2022-09,LH,공공분양,서울,0
2022-09,LH,공공분양,인천,0
2022-09,LH,공공분양,경기,869
2022-09,LH,공공분양,부산,0
2022-09,LH,공공분양,대구,0
2022-09,LH,공공분양,광주,0
2022-09,LH,공공분양,대전,0
2022-09,LH,공공분양,울산,0
2022-09,LH,공공분양,세종,876
2022-09,LH,공공분양,강원,0
2022-09,LH,공공분양,충북,0
2022-09,LH,공공분양,충남,0
2022-09,LH,공공분양,전북,0
2022-09,LH,공공분양,전남,0
2022-09,LH,공공분양,경북,0
2022-09,LH,공공분양,경남,0
2022-09,LH,공공분양,제주,0
2022-09,주택업체,소계,전국,4,723
2022-09,주택업체,소계,서울,176
2022-09,주택업체,소계,인천,0
2022-09,주택업체,소계,경기,751
2022-09,주택업체,소계,부산,2,781
2022-09,주택업체,소계,대구,52
2022-09,주택업체,소계,광주,0
2022-09,주택업체,소계,대전,0
2022-09,주택업체,소계,울산,0
2022-09,주택업체,소계,세종,0
2022-09,주택업체,소계,강원,0
2022-09,주택업체,소계,충북,0
2022-09,주택업체,소계,충남,893
2022-09,주택업체,소계,전북,0
2022-09,주택업체,소계,전남,0
2022-09,주택업체,소계,경북,0
2022-09,주택업체,소계,경남,0
2022-09,주택업체,소계,제주,70
2022-09,주택업체,국민임대,전국,0
2022-09,주택업체,국민임대,서울,0
2022-09,주택업체,국민임대,인천,0
2022-09,주택업체,국민임대,경기,0
2022-09,주택업체,국민임대,부산,0
2022-09,주택업체,국민임대,대구,0
2022-09,주택업체,국민임대,광주,0
2022-09,주택업체,국민임대,대전,0
2022-09,주택업체,국민임대,울산,0
2022-09,주택업체,국민임대,세종,0
2022-09,주택업체,국민임대,강원,0
2022-09,주택업체,국민임대,충북,0
2022-09,주택업체,국민임대,충남,0
2022-09,주택업체,국민임대,전북,0
2022-09,주택업체,국민임대,전남,0
2022-09,주택업체,국민임대,경북,0
2022-09,주택업체,국민임대,경남,0
2022-09,주택업체,국민임대,제주,0
2022-09,주택업체,공공임대,전국,618
2022-09,주택업체,공공임대,서울,176
2022-09,주택업체,공공임대,인천,0
2022-09,주택업체,공공임대,경기,320
2022-09,주택업체,공공임대,부산,0
2022-09,주택업체,공공임대,대구,52
2022-09,주택업체,공공임대,광주,0
2022-09,주택업체,공공임대,대전,0
2022-09,주택업체,공공임대,울산,0
2022-09,주택업체,공공임대,세종,0
2022-09,주택업체,공공임대,강원,0
2022-09,주택업체,공공임대,충북,0
2022-09,주택업체,공공임대,충남,0
2022-09,주택업체,공공임대,전북,0
2022-09,주택업체,공공임대,전남,0
2022-09,주택업체,공공임대,경북,0
2022-09,주택업체,공공임대,경남,0
2022-09,주택업체,공공임대,제주,70
2022-09,주택업체,공공분양,전국,4,105
2022-09,주택업체,공공분양,서울,0
2022-09,주택업체,공공분양,인천,0
2022-09,주택업체,공공분양,경기,431
2022-09,주택업체,공공분양,부산,2,781
2022-09,주택업체,공공분양,대구,0
2022-09,주택업체,공공분양,광주,0
2022-09,주택업체,공공분양,대전,0
2022-09,주택업체,공공분양,울산,0
2022-09,주택업체,공공분양,세종,0
2022-09,주택업체,공공분양,강원,0
2022-09,주택업체,공공분양,충북,0
2022-09,주택업체,공공분양,충남,893
2022-09,주택업체,공공분양,전북,0
2022-09,주택업체,공공분양,전남,0
2022-09,주택업체,공공분양,경북,0
2022-09,주택업체,공공분양,경남,0
2022-09,주택업체,공공분양,제주,0
2022-09,민간부문,민간부문,전국,364,691
2022-09,민간부문,민간부문,서울,33,319
2022-09,민간부문,민간부문,인천,13,160
2022-09,민간부문,민간부문,경기,83,343
2022-09,민간부문,민간부문,부산,27,402
2022-09,민간부문,민간부문,대구,21,148
2022-09,민간부문,민간부문,광주,4,956
2022-09,민간부문,민간부문,대전,15,832
2022-09,민간부문,민간부문,울산,7,596
2022-09,민간부문,민간부문,세종,1,494
2022-09,민간부문,민간부문,강원,13,481
2022-09,민간부문,민간부문,충북,22,255
2022-09,민간부문,민간부문,충남,30,476
2022-09,민간부문,민간부문,전북,15,757
2022-09,민간부문,민간부문,전남,15,848
2022-09,민간부문,민간부문,경북,29,362
2022-09,민간부문,민간부문,경남,21,613
2022-09,민간부문,민간부문,제주,7,649
2022-09,민간,민간임대,전국,28,270
2022-09,민간,민간임대,서울,1,849
2022-09,민간,민간임대,인천,243
2022-09,민간,민간임대,경기,6,369
2022-09,민간,민간임대,부산,614
2022-09,민간,민간임대,대구,4,039
2022-09,민간,민간임대,광주,0
2022-09,민간,민간임대,대전,725
2022-09,민간,민간임대,울산,747
2022-09,민간,민간임대,세종,0
2022-09,민간,민간임대,강원,0
2022-09,민간,민간임대,충북,975
2022-09,민간,민간임대,충남,4,252
2022-09,민간,민간임대,전북,1,724
2022-09,민간,민간임대,전남,2,016
2022-09,민간,민간임대,경북,3,497
2022-09,민간,민간임대,경남,1,220
2022-09,민간,민간임대,제주,0
2022-09,민간,민간분양,전국,336,421
2022-09,민간,민간분양,서울,31,470
2022-09,민간,민간분양,인천,12,917
2022-09,민간,민간분양,경기,76,974
2022-09,민간,민간분양,부산,26,788
2022-09,민간,민간분양,대구,17,109
2022-09,민간,민간분양,광주,4,956
2022-09,민간,민간분양,대전,15,107
2022-09,민간,민간분양,울산,6,849
2022-09,민간,민간분양,세종,1,494
2022-09,민간,민간분양,강원,13,481
2022-09,민간,민간분양,충북,21,280
2022-09,민간,민간분양,충남,26,224
2022-09,민간,민간분양,전북,14,033
2022-09,민간,민간분양,전남,13,832
2022-09,민간,민간분양,경북,25,865
2022-09,민간,민간분양,경남,20,393
2022-09,민간,민간분양,제주,7,649
2022-10,총  계,총  계,전국,411,671
2022-10,총  계,총  계,서울,35,538
2022-10,총  계,총  계,인천,16,884
2022-10,총  계,총  계,경기,91,667
2022-10,총  계,총  계,부산,36,597
2022-10,총  계,총  계,대구,22,384
2022-10,총  계,총  계,광주,5,791
2022-10,총  계,총  계,대전,16,036
2022-10,총  계,총  계,울산,9,354
2022-10,총  계,총  계,세종,3,475
2022-10,총  계,총  계,강원,14,149
2022-10,총  계,총  계,충북,24,809
2022-10,총  계,총  계,충남,33,089
2022-10,총  계,총  계,전북,18,809
2022-10,총  계,총  계,전남,17,055
2022-10,총  계,총  계,경북,32,843
2022-10,총  계,총  계,경남,24,913
2022-10,총  계,총  계,제주,8,278
2022-10,공공부문,공공부문,전국,14,897
2022-10,공공부문,공공부문,서울,301
2022-10,공공부문,공공부문,인천,0
2022-10,공공부문,공공부문,경기,2,787
2022-10,공공부문,공공부문,부산,5,068
2022-10,공공부문,공공부문,대구,52
2022-10,공공부문,공공부문,광주,460
2022-10,공공부문,공공부문,대전,120
2022-10,공공부문,공공부문,울산,282
2022-10,공공부문,공공부문,세종,1,951
2022-10,공공부문,공공부문,강원,150
2022-10,공공부문,공공부문,충북,0
2022-10,공공부문,공공부문,충남,893
2022-10,공공부문,공공부문,전북,745
2022-10,공공부문,공공부문,전남,100
2022-10,공공부문,공공부문,경북,188
2022-10,공공부문,공공부문,경남,1,730
2022-10,공공부문,공공부문,제주,70
2022-10,합,국민임대,전국,1,622
2022-10,합,국민임대,서울,12
2022-10,합,국민임대,인천,0
2022-10,합,국민임대,경기,0
2022-10,합,국민임대,부산,0
2022-10,합,국민임대,대구,0
2022-10,합,국민임대,광주,0
2022-10,합,국민임대,대전,0
2022-10,합,국민임대,울산,0
2022-10,합,국민임대,세종,0
2022-10,합,국민임대,강원,30
2022-10,합,국민임대,충북,0
2022-10,합,국민임대,충남,0
2022-10,합,국민임대,전북,0
2022-10,합,국민임대,전남,0
2022-10,합,국민임대,경북,0
2022-10,합,국민임대,경남,1,580
2022-10,합,국민임대,제주,0
2022-10,합,공공임대,전국,5,445
2022-10,합,공공임대,서울,289
2022-10,합,공공임대,인천,0
2022-10,합,공공임대,경기,1,487
2022-10,합,공공임대,부산,1,334
2022-10,합,공공임대,대구,52
2022-10,합,공공임대,광주,460
2022-10,합,공공임대,대전,120
2022-10,합,공공임대,울산,0
2022-10,합,공공임대,세종,1,075
2022-10,합,공공임대,강원,120
2022-10,합,공공임대,충북,0
2022-10,합,공공임대,충남,0
2022-10,합,공공임대,전북,0
2022-10,합,공공임대,전남,100
2022-10,합,공공임대,경북,188
2022-10,합,공공임대,경남,150
2022-10,합,공공임대,제주,70
2022-10,합,공공분양,전국,7,830
2022-10,합,공공분양,서울,0
2022-10,합,공공분양,인천,0
2022-10,합,공공분양,경기,1,300
2022-10,합,공공분양,부산,3,734
2022-10,합,공공분양,대구,0
2022-10,합,공공분양,광주,0
2022-10,합,공공분양,대전,0
2022-10,합,공공분양,울산,282
2022-10,합,공공분양,세종,876
2022-10,합,공공분양,강원,0
2022-10,합,공공분양,충북,0
2022-10,합,공공분양,충남,893
2022-10,합,공공분양,전북,745
2022-10,합,공공분양,전남,0
2022-10,합,공공분양,경북,0
2022-10,합,공공분양,경남,0
2022-10,합,공공분양,제주,0
2022-10,지자체,소계,전국,5,797
2022-10,지자체,소계,서울,125
2022-10,지자체,소계,인천,0
2022-10,지자체,소계,경기,518
2022-10,지자체,소계,부산,2,087
2022-10,지자체,소계,대구,0
2022-10,지자체,소계,광주,460
2022-10,지자체,소계,대전,0
2022-10,지자체,소계,울산,282
2022-10,지자체,소계,세종,0
2022-10,지자체,소계,강원,0
2022-10,지자체,소계,충북,0
2022-10,지자체,소계,충남,0
2022-10,지자체,소계,전북,745
2022-10,지자체,소계,전남,0
2022-10,지자체,소계,경북,0
2022-10,지자체,소계,경남,1,580
2022-10,지자체,소계,제주,0
2022-10,지자체,국민임대,전국,1,592
2022-10,지자체,국민임대,서울,12
2022-10,지자체,국민임대,인천,0
2022-10,지자체,국민임대,경기,0
2022-10,지자체,국민임대,부산,0
2022-10,지자체,국민임대,대구,0
2022-10,지자체,국민임대,광주,0
2022-10,지자체,국민임대,대전,0
2022-10,지자체,국민임대,울산,0
2022-10,지자체,국민임대,세종,0
2022-10,지자체,국민임대,강원,0
2022-10,지자체,국민임대,충북,0
2022-10,지자체,국민임대,충남,0
2022-10,지자체,국민임대,전북,0
2022-10,지자체,국민임대,전남,0
2022-10,지자체,국민임대,경북,0
2022-10,지자체,국민임대,경남,1,580
2022-10,지자체,국민임대,제주,0
2022-10,지자체,공공임대,전국,2,225
2022-10,지자체,공공임대,서울,113
2022-10,지자체,공공임대,인천,0
2022-10,지자체,공공임대,경기,518
2022-10,지자체,공공임대,부산,1,134
2022-10,지자체,공공임대,대구,0
2022-10,지자체,공공임대,광주,460
2022-10,지자체,공공임대,대전,0
2022-10,지자체,공공임대,울산,0
2022-10,지자체,공공임대,세종,0
2022-10,지자체,공공임대,강원,0
2022-10,지자체,공공임대,충북,0
2022-10,지자체,공공임대,충남,0
2022-10,지자체,공공임대,전북,0
2022-10,지자체,공공임대,전남,0
2022-10,지자체,공공임대,경북,0
2022-10,지자체,공공임대,경남,0
2022-10,지자체,공공임대,제주,0
2022-10,지자체,공공분양,전국,1,980
2022-10,지자체,공공분양,서울,0
2022-10,지자체,공공분양,인천,0
2022-10,지자체,공공분양,경기,0
2022-10,지자체,공공분양,부산,953
2022-10,지자체,공공분양,대구,0
2022-10,지자체,공공분양,광주,0
2022-10,지자체,공공분양,대전,0
2022-10,지자체,공공분양,울산,282
2022-10,지자체,공공분양,세종,0
2022-10,지자체,공공분양,강원,0
2022-10,지자체,공공분양,충북,0
2022-10,지자체,공공분양,충남,0
2022-10,지자체,공공분양,전북,745
2022-10,지자체,공공분양,전남,0
2022-10,지자체,공공분양,경북,0
2022-10,지자체,공공분양,경남,0
2022-10,지자체,공공분양,제주,0
2022-10,LH,소계,전국,4,377
2022-10,LH,소계,서울,0
2022-10,LH,소계,인천,0
2022-10,LH,소계,경기,1,518
2022-10,LH,소계,부산,200
2022-10,LH,소계,대구,0
2022-10,LH,소계,광주,0
2022-10,LH,소계,대전,120
2022-10,LH,소계,울산,0
2022-10,LH,소계,세종,1,951
2022-10,LH,소계,강원,150
2022-10,LH,소계,충북,0
2022-10,LH,소계,충남,0
2022-10,LH,소계,전북,0
2022-10,LH,소계,전남,100
2022-10,LH,소계,경북,188
2022-10,LH,소계,경남,150
2022-10,LH,소계,제주,0
2022-10,LH,국민임대,전국,30
2022-10,LH,국민임대,서울,0
2022-10,LH,국민임대,인천,0
2022-10,LH,국민임대,경기,0
2022-10,LH,국민임대,부산,0
2022-10,LH,국민임대,대구,0
2022-10,LH,국민임대,광주,0
2022-10,LH,국민임대,대전,0
2022-10,LH,국민임대,울산,0
2022-10,LH,국민임대,세종,0
2022-10,LH,국민임대,강원,30
2022-10,LH,국민임대,충북,0
2022-10,LH,국민임대,충남,0
2022-10,LH,국민임대,전북,0
2022-10,LH,국민임대,전남,0
2022-10,LH,국민임대,경북,0
2022-10,LH,국민임대,경남,0
2022-10,LH,국민임대,제주,0
2022-10,LH,공공임대,전국,2,602
2022-10,LH,공공임대,서울,0
2022-10,LH,공공임대,인천,0
2022-10,LH,공공임대,경기,649
2022-10,LH,공공임대,부산,200
2022-10,LH,공공임대,대구,0
2022-10,LH,공공임대,광주,0
2022-10,LH,공공임대,대전,120
2022-10,LH,공공임대,울산,0
2022-10,LH,공공임대,세종,1,075
2022-10,LH,공공임대,강원,120
2022-10,LH,공공임대,충북,0
2022-10,LH,공공임대,충남,0
2022-10,LH,공공임대,전북,0
2022-10,LH,공공임대,전남,100
2022-10,LH,공공임대,경북,188
2022-10,LH,공공임대,경남,150
2022-10,LH,공공임대,제주,0
2022-10,LH,공공분양,전국,1,745
2022-10,LH,공공분양,서울,0
2022-10,LH,공공분양,인천,0
2022-10,LH,공공분양,경기,869
2022-10,LH,공공분양,부산,0
2022-10,LH,공공분양,대구,0
2022-10,LH,공공분양,광주,0
2022-10,LH,공공분양,대전,0
2022-10,LH,공공분양,울산,0
2022-10,LH,공공분양,세종,876
2022-10,LH,공공분양,강원,0
2022-10,LH,공공분양,충북,0
2022-10,LH,공공분양,충남,0
2022-10,LH,공공분양,전북,0
2022-10,LH,공공분양,전남,0
2022-10,LH,공공분양,경북,0
2022-10,LH,공공분양,경남,0
2022-10,LH,공공분양,제주,0
2022-10,주택업체,소계,전국,4,723
2022-10,주택업체,소계,서울,176
2022-10,주택업체,소계,인천,0
2022-10,주택업체,소계,경기,751
2022-10,주택업체,소계,부산,2,781
2022-10,주택업체,소계,대구,52
2022-10,주택업체,소계,광주,0
2022-10,주택업체,소계,대전,0
2022-10,주택업체,소계,울산,0
2022-10,주택업체,소계,세종,0
2022-10,주택업체,소계,강원,0
2022-10,주택업체,소계,충북,0
2022-10,주택업체,소계,충남,893
2022-10,주택업체,소계,전북,0
2022-10,주택업체,소계,전남,0
2022-10,주택업체,소계,경북,0
2022-10,주택업체,소계,경남,0
2022-10,주택업체,소계,제주,70
2022-10,주택업체,국민임대,전국,0
2022-10,주택업체,국민임대,서울,0
2022-10,주택업체,국민임대,인천,0
2022-10,주택업체,국민임대,경기,0
2022-10,주택업체,국민임대,부산,0
2022-10,주택업체,국민임대,대구,0
2022-10,주택업체,국민임대,광주,0
2022-10,주택업체,국민임대,대전,0
2022-10,주택업체,국민임대,울산,0
2022-10,주택업체,국민임대,세종,0
2022-10,주택업체,국민임대,강원,0
2022-10,주택업체,국민임대,충북,0
2022-10,주택업체,국민임대,충남,0
2022-10,주택업체,국민임대,전북,0
2022-10,주택업체,국민임대,전남,0
2022-10,주택업체,국민임대,경북,0
2022-10,주택업체,국민임대,경남,0
2022-10,주택업체,국민임대,제주,0
2022-10,주택업체,공공임대,전국,618
2022-10,주택업체,공공임대,서울,176
2022-10,주택업체,공공임대,인천,0
2022-10,주택업체,공공임대,경기,320
2022-10,주택업체,공공임대,부산,0
2022-10,주택업체,공공임대,대구,52
2022-10,주택업체,공공임대,광주,0
2022-10,주택업체,공공임대,대전,0
2022-10,주택업체,공공임대,울산,0
2022-10,주택업체,공공임대,세종,0
2022-10,주택업체,공공임대,강원,0
2022-10,주택업체,공공임대,충북,0
2022-10,주택업체,공공임대,충남,0
2022-10,주택업체,공공임대,전북,0
2022-10,주택업체,공공임대,전남,0
2022-10,주택업체,공공임대,경북,0
2022-10,주택업체,공공임대,경남,0
2022-10,주택업체,공공임대,제주,70
2022-10,주택업체,공공분양,전국,4,105
2022-10,주택업체,공공분양,서울,0
2022-10,주택업체,공공분양,인천,0
2022-10,주택업체,공공분양,경기,431
2022-10,주택업체,공공분양,부산,2,781
2022-10,주택업체,공공분양,대구,0
2022-10,주택업체,공공분양,광주,0
2022-10,주택업체,공공분양,대전,0
2022-10,주택업체,공공분양,울산,0
2022-10,주택업체,공공분양,세종,0
2022-10,주택업체,공공분양,강원,0
2022-10,주택업체,공공분양,충북,0
2022-10,주택업체,공공분양,충남,893
2022-10,주택업체,공공분양,전북,0
2022-10,주택업체,공공분양,전남,0
2022-10,주택업체,공공분양,경북,0
2022-10,주택업체,공공분양,경남,0
2022-10,주택업체,공공분양,제주,0
2022-10,민간부문,민간부문,전국,396,774
2022-10,민간부문,민간부문,서울,35,237
2022-10,민간부문,민간부문,인천,16,884
2022-10,민간부문,민간부문,경기,88,880
2022-10,민간부문,민간부문,부산,31,529
2022-10,민간부문,민간부문,대구,22,332
2022-10,민간부문,민간부문,광주,5,331
2022-10,민간부문,민간부문,대전,15,916
2022-10,민간부문,민간부문,울산,9,072
2022-10,민간부문,민간부문,세종,1,524
2022-10,민간부문,민간부문,강원,13,999
2022-10,민간부문,민간부문,충북,24,809
2022-10,민간부문,민간부문,충남,32,196
2022-10,민간부문,민간부문,전북,18,064
2022-10,민간부문,민간부문,전남,16,955
2022-10,민간부문,민간부문,경북,32,655
2022-10,민간부문,민간부문,경남,23,183
2022-10,민간부문,민간부문,제주,8,208
2022-10,민간,민간임대,전국,29,864
2022-10,민간,민간임대,서울,1,974
2022-10,민간,민간임대,인천,243
2022-10,민간,민간임대,경기,6,369
2022-10,민간,민간임대,부산,614
2022-10,민간,민간임대,대구,4,039
2022-10,민간,민간임대,광주,0
2022-10,민간,민간임대,대전,725
2022-10,민간,민간임대,울산,747
2022-10,민간,민간임대,세종,0
2022-10,민간,민간임대,강원,172
2022-10,민간,민간임대,충북,975
2022-10,민간,민간임대,충남,4,816
2022-10,민간,민간임대,전북,2,296
2022-10,민간,민간임대,전남,2,016
2022-10,민간,민간임대,경북,3,497
2022-10,민간,민간임대,경남,1,381
2022-10,민간,민간임대,제주,0
2022-10,민간,민간분양,전국,366,910
2022-10,민간,민간분양,서울,33,263
2022-10,민간,민간분양,인천,16,641
2022-10,민간,민간분양,경기,82,511
2022-10,민간,민간분양,부산,30,915
2022-10,민간,민간분양,대구,18,293
2022-10,민간,민간분양,광주,5,331
2022-10,민간,민간분양,대전,15,191
2022-10,민간,민간분양,울산,8,325
2022-10,민간,민간분양,세종,1,524
2022-10,민간,민간분양,강원,13,827
2022-10,민간,민간분양,충북,23,834
2022-10,민간,민간분양,충남,27,380
2022-10,민간,민간분양,전북,15,768
2022-10,민간,민간분양,전남,14,939
2022-10,민간,민간분양,경북,29,158
2022-10,민간,민간분양,경남,21,802
2022-10,민간,민간분양,제주,8,208
2022-11,총  계,총  계,전국,449,272
2022-11,총  계,총  계,서울,38,046
2022-11,총  계,총  계,인천,18,878
2022-11,총  계,총  계,경기,105,003
2022-11,총  계,총  계,부산,40,993
2022-11,총  계,총  계,대구,25,258
2022-11,총  계,총  계,광주,7,107
2022-11,총  계,총  계,대전,16,345
2022-11,총  계,총  계,울산,10,187
2022-11,총  계,총  계,세종,3,682
2022-11,총  계,총  계,강원,15,369
2022-11,총  계,총  계,충북,27,052
2022-11,총  계,총  계,충남,34,591
2022-11,총  계,총  계,전북,19,879
2022-11,총  계,총  계,전남,19,133
2022-11,총  계,총  계,경북,33,190
2022-11,총  계,총  계,경남,25,487
2022-11,총  계,총  계,제주,9,072
2022-11,공공부문,공공부문,전국,15,747
2022-11,공공부문,공공부문,서울,341
2022-11,공공부문,공공부문,인천,0
2022-11,공공부문,공공부문,경기,3,556
2022-11,공공부문,공공부문,부산,5,068
2022-11,공공부문,공공부문,대구,53
2022-11,공공부문,공공부문,광주,460
2022-11,공공부문,공공부문,대전,120
2022-11,공공부문,공공부문,울산,282
2022-11,공공부문,공공부문,세종,1,951
2022-11,공공부문,공공부문,강원,150
2022-11,공공부문,공공부문,충북,0
2022-11,공공부문,공공부문,충남,893
2022-11,공공부문,공공부문,전북,745
2022-11,공공부문,공공부문,전남,100
2022-11,공공부문,공공부문,경북,228
2022-11,공공부문,공공부문,경남,1,730
2022-11,공공부문,공공부문,제주,70
2022-11,합,국민임대,전국,1,623
2022-11,합,국민임대,서울,12
2022-11,합,국민임대,인천,0
2022-11,합,국민임대,경기,0
2022-11,합,국민임대,부산,0
2022-11,합,국민임대,대구,1
2022-11,합,국민임대,광주,0
2022-11,합,국민임대,대전,0
2022-11,합,국민임대,울산,0
2022-11,합,국민임대,세종,0
2022-11,합,국민임대,강원,30
2022-11,합,국민임대,충북,0
2022-11,합,국민임대,충남,0
2022-11,합,국민임대,전북,0
2022-11,합,국민임대,전남,0
2022-11,합,국민임대,경북,0
2022-11,합,국민임대,경남,1,580
2022-11,합,국민임대,제주,0
2022-11,합,공공임대,전국,5,525
2022-11,합,공공임대,서울,329
2022-11,합,공공임대,인천,0
2022-11,합,공공임대,경기,1,487
2022-11,합,공공임대,부산,1,334
2022-11,합,공공임대,대구,52
2022-11,합,공공임대,광주,460
2022-11,합,공공임대,대전,120
2022-11,합,공공임대,울산,0
2022-11,합,공공임대,세종,1,075
2022-11,합,공공임대,강원,120
2022-11,합,공공임대,충북,0
2022-11,합,공공임대,충남,0
2022-11,합,공공임대,전북,0
2022-11,합,공공임대,전남,100
2022-11,합,공공임대,경북,228
2022-11,합,공공임대,경남,150
2022-11,합,공공임대,제주,70
2022-11,합,공공분양,전국,8,599
2022-11,합,공공분양,서울,0
2022-11,합,공공분양,인천,0
2022-11,합,공공분양,경기,2,069
2022-11,합,공공분양,부산,3,734
2022-11,합,공공분양,대구,0
2022-11,합,공공분양,광주,0
2022-11,합,공공분양,대전,0
2022-11,합,공공분양,울산,282
2022-11,합,공공분양,세종,876
2022-11,합,공공분양,강원,0
2022-11,합,공공분양,충북,0
2022-11,합,공공분양,충남,893
2022-11,합,공공분양,전북,745
2022-11,합,공공분양,전남,0
2022-11,합,공공분양,경북,0
2022-11,합,공공분양,경남,0
2022-11,합,공공분양,제주,0
2022-11,지자체,소계,전국,6,366
2022-11,지자체,소계,서울,125
2022-11,지자체,소계,인천,0
2022-11,지자체,소계,경기,1,087
2022-11,지자체,소계,부산,2,087
2022-11,지자체,소계,대구,0
2022-11,지자체,소계,광주,460
2022-11,지자체,소계,대전,0
2022-11,지자체,소계,울산,282
2022-11,지자체,소계,세종,0
2022-11,지자체,소계,강원,0
2022-11,지자체,소계,충북,0
2022-11,지자체,소계,충남,0
2022-11,지자체,소계,전북,745
2022-11,지자체,소계,전남,0
2022-11,지자체,소계,경북,0
2022-11,지자체,소계,경남,1,580
2022-11,지자체,소계,제주,0
2022-11,지자체,국민임대,전국,1,592
2022-11,지자체,국민임대,서울,12
2022-11,지자체,국민임대,인천,0
2022-11,지자체,국민임대,경기,0
2022-11,지자체,국민임대,부산,0
2022-11,지자체,국민임대,대구,0
2022-11,지자체,국민임대,광주,0
2022-11,지자체,국민임대,대전,0
2022-11,지자체,국민임대,울산,0
2022-11,지자체,국민임대,세종,0
2022-11,지자체,국민임대,강원,0
2022-11,지자체,국민임대,충북,0
2022-11,지자체,국민임대,충남,0
2022-11,지자체,국민임대,전북,0
2022-11,지자체,국민임대,전남,0
2022-11,지자체,국민임대,경북,0
2022-11,지자체,국민임대,경남,1,580
2022-11,지자체,국민임대,제주,0
2022-11,지자체,공공임대,전국,2,225
2022-11,지자체,공공임대,서울,113
2022-11,지자체,공공임대,인천,0
2022-11,지자체,공공임대,경기,518
2022-11,지자체,공공임대,부산,1,134
2022-11,지자체,공공임대,대구,0
2022-11,지자체,공공임대,광주,460
2022-11,지자체,공공임대,대전,0
2022-11,지자체,공공임대,울산,0
2022-11,지자체,공공임대,세종,0
2022-11,지자체,공공임대,강원,0
2022-11,지자체,공공임대,충북,0
2022-11,지자체,공공임대,충남,0
2022-11,지자체,공공임대,전북,0
2022-11,지자체,공공임대,전남,0
2022-11,지자체,공공임대,경북,0
2022-11,지자체,공공임대,경남,0
2022-11,지자체,공공임대,제주,0
2022-11,지자체,공공분양,전국,2,549
2022-11,지자체,공공분양,서울,0
2022-11,지자체,공공분양,인천,0
2022-11,지자체,공공분양,경기,569
2022-11,지자체,공공분양,부산,953
2022-11,지자체,공공분양,대구,0
2022-11,지자체,공공분양,광주,0
2022-11,지자체,공공분양,대전,0
2022-11,지자체,공공분양,울산,282
2022-11,지자체,공공분양,세종,0
2022-11,지자체,공공분양,강원,0
2022-11,지자체,공공분양,충북,0
2022-11,지자체,공공분양,충남,0
2022-11,지자체,공공분양,전북,745
2022-11,지자체,공공분양,전남,0
2022-11,지자체,공공분양,경북,0
2022-11,지자체,공공분양,경남,0
2022-11,지자체,공공분양,제주,0
2022-11,LH,소계,전국,4,377
2022-11,LH,소계,서울,0
2022-11,LH,소계,인천,0
2022-11,LH,소계,경기,1,518
2022-11,LH,소계,부산,200
2022-11,LH,소계,대구,0
2022-11,LH,소계,광주,0
2022-11,LH,소계,대전,120
2022-11,LH,소계,울산,0
2022-11,LH,소계,세종,1,951
2022-11,LH,소계,강원,150
2022-11,LH,소계,충북,0
2022-11,LH,소계,충남,0
2022-11,LH,소계,전북,0
2022-11,LH,소계,전남,100
2022-11,LH,소계,경북,188
2022-11,LH,소계,경남,150
2022-11,LH,소계,제주,0
2022-11,LH,국민임대,전국,30
2022-11,LH,국민임대,서울,0
2022-11,LH,국민임대,인천,0
2022-11,LH,국민임대,경기,0
2022-11,LH,국민임대,부산,0
2022-11,LH,국민임대,대구,0
2022-11,LH,국민임대,광주,0
2022-11,LH,국민임대,대전,0
2022-11,LH,국민임대,울산,0
2022-11,LH,국민임대,세종,0
2022-11,LH,국민임대,강원,30
2022-11,LH,국민임대,충북,0
2022-11,LH,국민임대,충남,0
2022-11,LH,국민임대,전북,0
2022-11,LH,국민임대,전남,0
2022-11,LH,국민임대,경북,0
2022-11,LH,국민임대,경남,0
2022-11,LH,국민임대,제주,0
2022-11,LH,공공임대,전국,2,602
2022-11,LH,공공임대,서울,0
2022-11,LH,공공임대,인천,0
2022-11,LH,공공임대,경기,649
2022-11,LH,공공임대,부산,200
2022-11,LH,공공임대,대구,0
2022-11,LH,공공임대,광주,0
2022-11,LH,공공임대,대전,120
2022-11,LH,공공임대,울산,0
2022-11,LH,공공임대,세종,1,075
2022-11,LH,공공임대,강원,120
2022-11,LH,공공임대,충북,0
2022-11,LH,공공임대,충남,0
2022-11,LH,공공임대,전북,0
2022-11,LH,공공임대,전남,100
2022-11,LH,공공임대,경북,188
2022-11,LH,공공임대,경남,150
2022-11,LH,공공임대,제주,0
2022-11,LH,공공분양,전국,1,745
2022-11,LH,공공분양,서울,0
2022-11,LH,공공분양,인천,0
2022-11,LH,공공분양,경기,869
2022-11,LH,공공분양,부산,0
2022-11,LH,공공분양,대구,0
2022-11,LH,공공분양,광주,0
2022-11,LH,공공분양,대전,0
2022-11,LH,공공분양,울산,0
2022-11,LH,공공분양,세종,876
2022-11,LH,공공분양,강원,0
2022-11,LH,공공분양,충북,0
2022-11,LH,공공분양,충남,0
2022-11,LH,공공분양,전북,0
2022-11,LH,공공분양,전남,0
2022-11,LH,공공분양,경북,0
2022-11,LH,공공분양,경남,0
2022-11,LH,공공분양,제주,0
2022-11,주택업체,소계,전국,5,004
2022-11,주택업체,소계,서울,216
2022-11,주택업체,소계,인천,0
2022-11,주택업체,소계,경기,951
2022-11,주택업체,소계,부산,2,781
2022-11,주택업체,소계,대구,53
2022-11,주택업체,소계,광주,0
2022-11,주택업체,소계,대전,0
2022-11,주택업체,소계,울산,0
2022-11,주택업체,소계,세종,0
2022-11,주택업체,소계,강원,0
2022-11,주택업체,소계,충북,0
2022-11,주택업체,소계,충남,893
2022-11,주택업체,소계,전북,0
2022-11,주택업체,소계,전남,0
2022-11,주택업체,소계,경북,40
2022-11,주택업체,소계,경남,0
2022-11,주택업체,소계,제주,70
2022-11,주택업체,국민임대,전국,1
2022-11,주택업체,국민임대,서울,0
2022-11,주택업체,국민임대,인천,0
2022-11,주택업체,국민임대,경기,0
2022-11,주택업체,국민임대,부산,0
2022-11,주택업체,국민임대,대구,1
2022-11,주택업체,국민임대,광주,0
2022-11,주택업체,국민임대,대전,0
2022-11,주택업체,국민임대,울산,0
2022-11,주택업체,국민임대,세종,0
2022-11,주택업체,국민임대,강원,0
2022-11,주택업체,국민임대,충북,0
2022-11,주택업체,국민임대,충남,0
2022-11,주택업체,국민임대,전북,0
2022-11,주택업체,국민임대,전남,0
2022-11,주택업체,국민임대,경북,0
2022-11,주택업체,국민임대,경남,0
2022-11,주택업체,국민임대,제주,0
2022-11,주택업체,공공임대,전국,698
2022-11,주택업체,공공임대,서울,216
2022-11,주택업체,공공임대,인천,0
2022-11,주택업체,공공임대,경기,320
2022-11,주택업체,공공임대,부산,0
2022-11,주택업체,공공임대,대구,52
2022-11,주택업체,공공임대,광주,0
2022-11,주택업체,공공임대,대전,0
2022-11,주택업체,공공임대,울산,0
2022-11,주택업체,공공임대,세종,0
2022-11,주택업체,공공임대,강원,0
2022-11,주택업체,공공임대,충북,0
2022-11,주택업체,공공임대,충남,0
2022-11,주택업체,공공임대,전북,0
2022-11,주택업체,공공임대,전남,0
2022-11,주택업체,공공임대,경북,40
2022-11,주택업체,공공임대,경남,0
2022-11,주택업체,공공임대,제주,70
2022-11,주택업체,공공분양,전국,4,305
2022-11,주택업체,공공분양,서울,0
2022-11,주택업체,공공분양,인천,0
2022-11,주택업체,공공분양,경기,631
2022-11,주택업체,공공분양,부산,2,781
2022-11,주택업체,공공분양,대구,0
2022-11,주택업체,공공분양,광주,0
2022-11,주택업체,공공분양,대전,0
2022-11,주택업체,공공분양,울산,0
2022-11,주택업체,공공분양,세종,0
2022-11,주택업체,공공분양,강원,0
2022-11,주택업체,공공분양,충북,0
2022-11,주택업체,공공분양,충남,893
2022-11,주택업체,공공분양,전북,0
2022-11,주택업체,공공분양,전남,0
2022-11,주택업체,공공분양,경북,0
2022-11,주택업체,공공분양,경남,0
2022-11,주택업체,공공분양,제주,0
2022-11,민간부문,민간부문,전국,433,525
2022-11,민간부문,민간부문,서울,37,705
2022-11,민간부문,민간부문,인천,18,878
2022-11,민간부문,민간부문,경기,101,447
2022-11,민간부문,민간부문,부산,35,925
2022-11,민간부문,민간부문,대구,25,205
2022-11,민간부문,민간부문,광주,6,647
2022-11,민간부문,민간부문,대전,16,225
2022-11,민간부문,민간부문,울산,9,905
2022-11,민간부문,민간부문,세종,1,731
2022-11,민간부문,민간부문,강원,15,219
2022-11,민간부문,민간부문,충북,27,052
2022-11,민간부문,민간부문,충남,33,698
2022-11,민간부문,민간부문,전북,19,134
2022-11,민간부문,민간부문,전남,19,033
2022-11,민간부문,민간부문,경북,32,962
2022-11,민간부문,민간부문,경남,23,757
2022-11,민간부문,민간부문,제주,9,002
2022-11,민간,민간임대,전국,31,712
2022-11,민간,민간임대,서울,1,974
2022-11,민간,민간임대,인천,243
2022-11,민간,민간임대,경기,6,895
2022-11,민간,민간임대,부산,614
2022-11,민간,민간임대,대구,4,653
2022-11,민간,민간임대,광주,0
2022-11,민간,민간임대,대전,879
2022-11,민간,민간임대,울산,747
2022-11,민간,민간임대,세종,0
2022-11,민간,민간임대,강원,172
2022-11,민간,민간임대,충북,975
2022-11,민간,민간임대,충남,4,876
2022-11,민간,민간임대,전북,2,574
2022-11,민간,민간임대,전남,2,016
2022-11,민간,민간임대,경북,3,497
2022-11,민간,민간임대,경남,1,381
2022-11,민간,민간임대,제주,216
2022-11,민간,민간분양,전국,401,813
2022-11,민간,민간분양,서울,35,731
2022-11,민간,민간분양,인천,18,635
2022-11,민간,민간분양,경기,94,552
2022-11,민간,민간분양,부산,35,311
2022-11,민간,민간분양,대구,20,552
2022-11,민간,민간분양,광주,6,647
2022-11,민간,민간분양,대전,15,346
2022-11,민간,민간분양,울산,9,158
2022-11,민간,민간분양,세종,1,731
2022-11,민간,민간분양,강원,15,047
2022-11,민간,민간분양,충북,26,077
2022-11,민간,민간분양,충남,28,822
2022-11,민간,민간분양,전북,16,560
2022-11,민간,민간분양,전남,17,017
2022-11,민간,민간분양,경북,29,465
2022-11,민간,민간분양,경남,22,376
2022-11,민간,민간분양,제주,8,786
2022-12,총  계,총  계,전국,506,139
2022-12,총  계,총  계,서울,42,231
2022-12,총  계,총  계,인천,21,178
2022-12,총  계,총  계,경기,121,624
2022-12,총  계,총  계,부산,41,665
2022-12,총  계,총  계,대구,26,041
2022-12,총  계,총  계,광주,10,708
2022-12,총  계,총  계,대전,18,192
2022-12,총  계,총  계,울산,13,286
2022-12,총  계,총  계,세종,3,695
2022-12,총  계,총  계,강원,17,592
2022-12,총  계,총  계,충북,31,350
2022-12,총  계,총  계,충남,39,725
2022-12,총  계,총  계,전북,22,724
2022-12,총  계,총  계,전남,22,823
2022-12,총  계,총  계,경북,35,640
2022-12,총  계,총  계,경남,28,043
2022-12,총  계,총  계,제주,9,622
2022-12,공공부문,공공부문,전국,32,505
2022-12,공공부문,공공부문,서울,395
2022-12,공공부문,공공부문,인천,1,191
2022-12,공공부문,공공부문,경기,10,337
2022-12,공공부문,공공부문,부산,5,068
2022-12,공공부문,공공부문,대구,53
2022-12,공공부문,공공부문,광주,460
2022-12,공공부문,공공부문,대전,120
2022-12,공공부문,공공부문,울산,1,617
2022-12,공공부문,공공부문,세종,1,951
2022-12,공공부문,공공부문,강원,150
2022-12,공공부문,공공부문,충북,1,664
2022-12,공공부문,공공부문,충남,3,635
2022-12,공공부문,공공부문,전북,2,304
2022-12,공공부문,공공부문,전남,527
2022-12,공공부문,공공부문,경북,1,196
2022-12,공공부문,공공부문,경남,1,730
2022-12,공공부문,공공부문,제주,107
2022-12,합,국민임대,전국,1,925
2022-12,합,국민임대,서울,12
2022-12,합,국민임대,인천,0
2022-12,합,국민임대,경기,0
2022-12,합,국민임대,부산,0
2022-12,합,국민임대,대구,1
2022-12,합,국민임대,광주,0
2022-12,합,국민임대,대전,0
2022-12,합,국민임대,울산,0
2022-12,합,국민임대,세종,0
2022-12,합,국민임대,강원,30
2022-12,합,국민임대,충북,0
2022-12,합,국민임대,충남,58
2022-12,합,국민임대,전북,0
2022-12,합,국민임대,전남,44
2022-12,합,국민임대,경북,200
2022-12,합,국민임대,경남,1,580
2022-12,합,국민임대,제주,0
2022-12,합,공공임대,전국,10,740
2022-12,합,공공임대,서울,383
2022-12,합,공공임대,인천,873
2022-12,합,공공임대,경기,3,822
2022-12,합,공공임대,부산,1,334
2022-12,합,공공임대,대구,52
2022-12,합,공공임대,광주,460
2022-12,합,공공임대,대전,120
2022-12,합,공공임대,울산,445
2022-12,합,공공임대,세종,1,075
2022-12,합,공공임대,강원,120
2022-12,합,공공임대,충북,80
2022-12,합,공공임대,충남,240
2022-12,합,공공임대,전북,0
2022-12,합,공공임대,전남,483
2022-12,합,공공임대,경북,996
2022-12,합,공공임대,경남,150
2022-12,합,공공임대,제주,107
2022-12,합,공공분양,전국,19,840
2022-12,합,공공분양,서울,0
2022-12,합,공공분양,인천,318
2022-12,합,공공분양,경기,6,515
2022-12,합,공공분양,부산,3,734
2022-12,합,공공분양,대구,0
2022-12,합,공공분양,광주,0
2022-12,합,공공분양,대전,0
2022-12,합,공공분양,울산,1,172
2022-12,합,공공분양,세종,876
2022-12,합,공공분양,강원,0
2022-12,합,공공분양,충북,1,584
2022-12,합,공공분양,충남,3,337
2022-12,합,공공분양,전북,2,304
2022-12,합,공공분양,전남,0
2022-12,합,공공분양,경북,0
2022-12,합,공공분양,경남,0
2022-12,합,공공분양,제주,0
2022-12,지자체,소계,전국,7,331
2022-12,지자체,소계,서울,125
2022-12,지자체,소계,인천,0
2022-12,지자체,소계,경기,2,052
2022-12,지자체,소계,부산,2,087
2022-12,지자체,소계,대구,0
2022-12,지자체,소계,광주,460
2022-12,지자체,소계,대전,0
2022-12,지자체,소계,울산,282
2022-12,지자체,소계,세종,0
2022-12,지자체,소계,강원,0
2022-12,지자체,소계,충북,0
2022-12,지자체,소계,충남,0
2022-12,지자체,소계,전북,745
2022-12,지자체,소계,전남,0
2022-12,지자체,소계,경북,0
2022-12,지자체,소계,경남,1,580
2022-12,지자체,소계,제주,0
2022-12,지자체,국민임대,전국,1,592
2022-12,지자체,국민임대,서울,12
2022-12,지자체,국민임대,인천,0
2022-12,지자체,국민임대,경기,0
2022-12,지자체,국민임대,부산,0
2022-12,지자체,국민임대,대구,0
2022-12,지자체,국민임대,광주,0
2022-12,지자체,국민임대,대전,0
2022-12,지자체,국민임대,울산,0
2022-12,지자체,국민임대,세종,0
2022-12,지자체,국민임대,강원,0
2022-12,지자체,국민임대,충북,0
2022-12,지자체,국민임대,충남,0
2022-12,지자체,국민임대,전북,0
2022-12,지자체,국민임대,전남,0
2022-12,지자체,국민임대,경북,0
2022-12,지자체,국민임대,경남,1,580
2022-12,지자체,국민임대,제주,0
2022-12,지자체,공공임대,전국,3,190
2022-12,지자체,공공임대,서울,113
2022-12,지자체,공공임대,인천,0
2022-12,지자체,공공임대,경기,1,483
2022-12,지자체,공공임대,부산,1,134
2022-12,지자체,공공임대,대구,0
2022-12,지자체,공공임대,광주,460
2022-12,지자체,공공임대,대전,0
2022-12,지자체,공공임대,울산,0
2022-12,지자체,공공임대,세종,0
2022-12,지자체,공공임대,강원,0
2022-12,지자체,공공임대,충북,0
2022-12,지자체,공공임대,충남,0
2022-12,지자체,공공임대,전북,0
2022-12,지자체,공공임대,전남,0
2022-12,지자체,공공임대,경북,0
2022-12,지자체,공공임대,경남,0
2022-12,지자체,공공임대,제주,0
2022-12,지자체,공공분양,전국,2,549
2022-12,지자체,공공분양,서울,0
2022-12,지자체,공공분양,인천,0
2022-12,지자체,공공분양,경기,569
2022-12,지자체,공공분양,부산,953
2022-12,지자체,공공분양,대구,0
2022-12,지자체,공공분양,광주,0
2022-12,지자체,공공분양,대전,0
2022-12,지자체,공공분양,울산,282
2022-12,지자체,공공분양,세종,0
2022-12,지자체,공공분양,강원,0
2022-12,지자체,공공분양,충북,0
2022-12,지자체,공공분양,충남,0
2022-12,지자체,공공분양,전북,745
2022-12,지자체,공공분양,전남,0
2022-12,지자체,공공분양,경북,0
2022-12,지자체,공공분양,경남,0
2022-12,지자체,공공분양,제주,0
2022-12,LH,소계,전국,20,007
2022-12,LH,소계,서울,0
2022-12,LH,소계,인천,1,191
2022-12,LH,소계,경기,7,225
2022-12,LH,소계,부산,200
2022-12,LH,소계,대구,0
2022-12,LH,소계,광주,0
2022-12,LH,소계,대전,120
2022-12,LH,소계,울산,1,335
2022-12,LH,소계,세종,1,951
2022-12,LH,소계,강원,150
2022-12,LH,소계,충북,1,664
2022-12,LH,소계,충남,2,742
2022-12,LH,소계,전북,1,559
2022-12,LH,소계,전남,527
2022-12,LH,소계,경북,1,156
2022-12,LH,소계,경남,150
2022-12,LH,소계,제주,37
2022-12,LH,국민임대,전국,332
2022-12,LH,국민임대,서울,0
2022-12,LH,국민임대,인천,0
2022-12,LH,국민임대,경기,0
2022-12,LH,국민임대,부산,0
2022-12,LH,국민임대,대구,0
2022-12,LH,국민임대,광주,0
2022-12,LH,국민임대,대전,0
2022-12,LH,국민임대,울산,0
2022-12,LH,국민임대,세종,0
2022-12,LH,국민임대,강원,30
2022-12,LH,국민임대,충북,0
2022-12,LH,국민임대,충남,58
2022-12,LH,국민임대,전북,0
2022-12,LH,국민임대,전남,44
2022-12,LH,국민임대,경북,200
2022-12,LH,국민임대,경남,0
2022-12,LH,국민임대,제주,0
2022-12,LH,공공임대,전국,6,689
2022-12,LH,공공임대,서울,0
2022-12,LH,공공임대,인천,873
2022-12,LH,공공임대,경기,1,910
2022-12,LH,공공임대,부산,200
2022-12,LH,공공임대,대구,0
2022-12,LH,공공임대,광주,0
2022-12,LH,공공임대,대전,120
2022-12,LH,공공임대,울산,445
2022-12,LH,공공임대,세종,1,075
2022-12,LH,공공임대,강원,120
2022-12,LH,공공임대,충북,80
2022-12,LH,공공임대,충남,240
2022-12,LH,공공임대,전북,0
2022-12,LH,공공임대,전남,483
2022-12,LH,공공임대,경북,956
2022-12,LH,공공임대,경남,150
2022-12,LH,공공임대,제주,37
2022-12,LH,공공분양,전국,12,986
2022-12,LH,공공분양,서울,0
2022-12,LH,공공분양,인천,318
2022-12,LH,공공분양,경기,5,315
2022-12,LH,공공분양,부산,0
2022-12,LH,공공분양,대구,0
2022-12,LH,공공분양,광주,0
2022-12,LH,공공분양,대전,0
2022-12,LH,공공분양,울산,890
2022-12,LH,공공분양,세종,876
2022-12,LH,공공분양,강원,0
2022-12,LH,공공분양,충북,1,584
2022-12,LH,공공분양,충남,2,444
2022-12,LH,공공분양,전북,1,559
2022-12,LH,공공분양,전남,0
2022-12,LH,공공분양,경북,0
2022-12,LH,공공분양,경남,0
2022-12,LH,공공분양,제주,0
2022-12,주택업체,소계,전국,5,167
2022-12,주택업체,소계,서울,270
2022-12,주택업체,소계,인천,0
2022-12,주택업체,소계,경기,1,060
2022-12,주택업체,소계,부산,2,781
2022-12,주택업체,소계,대구,53
2022-12,주택업체,소계,광주,0
2022-12,주택업체,소계,대전,0
2022-12,주택업체,소계,울산,0
2022-12,주택업체,소계,세종,0
2022-12,주택업체,소계,강원,0
2022-12,주택업체,소계,충북,0
2022-12,주택업체,소계,충남,893
2022-12,주택업체,소계,전북,0
2022-12,주택업체,소계,전남,0
2022-12,주택업체,소계,경북,40
2022-12,주택업체,소계,경남,0
2022-12,주택업체,소계,제주,70
2022-12,주택업체,국민임대,전국,1
2022-12,주택업체,국민임대,서울,0
2022-12,주택업체,국민임대,인천,0
2022-12,주택업체,국민임대,경기,0
2022-12,주택업체,국민임대,부산,0
2022-12,주택업체,국민임대,대구,1
2022-12,주택업체,국민임대,광주,0
2022-12,주택업체,국민임대,대전,0
2022-12,주택업체,국민임대,울산,0
2022-12,주택업체,국민임대,세종,0
2022-12,주택업체,국민임대,강원,0
2022-12,주택업체,국민임대,충북,0
2022-12,주택업체,국민임대,충남,0
2022-12,주택업체,국민임대,전북,0
2022-12,주택업체,국민임대,전남,0
2022-12,주택업체,국민임대,경북,0
2022-12,주택업체,국민임대,경남,0
2022-12,주택업체,국민임대,제주,0
2022-12,주택업체,공공임대,전국,861
2022-12,주택업체,공공임대,서울,270
2022-12,주택업체,공공임대,인천,0
2022-12,주택업체,공공임대,경기,429
2022-12,주택업체,공공임대,부산,0
2022-12,주택업체,공공임대,대구,52
2022-12,주택업체,공공임대,광주,0
2022-12,주택업체,공공임대,대전,0
2022-12,주택업체,공공임대,울산,0
2022-12,주택업체,공공임대,세종,0
2022-12,주택업체,공공임대,강원,0
2022-12,주택업체,공공임대,충북,0
2022-12,주택업체,공공임대,충남,0
2022-12,주택업체,공공임대,전북,0
2022-12,주택업체,공공임대,전남,0
2022-12,주택업체,공공임대,경북,40
2022-12,주택업체,공공임대,경남,0
2022-12,주택업체,공공임대,제주,70
2022-12,주택업체,공공분양,전국,4,305
2022-12,주택업체,공공분양,서울,0
2022-12,주택업체,공공분양,인천,0
2022-12,주택업체,공공분양,경기,631
2022-12,주택업체,공공분양,부산,2,781
2022-12,주택업체,공공분양,대구,0
2022-12,주택업체,공공분양,광주,0
2022-12,주택업체,공공분양,대전,0
2022-12,주택업체,공공분양,울산,0
2022-12,주택업체,공공분양,세종,0
2022-12,주택업체,공공분양,강원,0
2022-12,주택업체,공공분양,충북,0
2022-12,주택업체,공공분양,충남,893
2022-12,주택업체,공공분양,전북,0
2022-12,주택업체,공공분양,전남,0
2022-12,주택업체,공공분양,경북,0
2022-12,주택업체,공공분양,경남,0
2022-12,주택업체,공공분양,제주,0
2022-12,민간부문,민간부문,전국,473,634
2022-12,민간부문,민간부문,서울,41,836
2022-12,민간부문,민간부문,인천,19,987
2022-12,민간부문,민간부문,경기,111,287
2022-12,민간부문,민간부문,부산,36,597
2022-12,민간부문,민간부문,대구,25,988
2022-12,민간부문,민간부문,광주,10,248
2022-12,민간부문,민간부문,대전,18,072
2022-12,민간부문,민간부문,울산,11,669
2022-12,민간부문,민간부문,세종,1,744
2022-12,민간부문,민간부문,강원,17,442
2022-12,민간부문,민간부문,충북,29,686
2022-12,민간부문,민간부문,충남,36,090
2022-12,민간부문,민간부문,전북,20,420
2022-12,민간부문,민간부문,전남,22,296
2022-12,민간부문,민간부문,경북,34,444
2022-12,민간부문,민간부문,경남,26,313
2022-12,민간부문,민간부문,제주,9,515
2022-12,민간,민간임대,전국,35,123
2022-12,민간,민간임대,서울,2,810
2022-12,민간,민간임대,인천,243
2022-12,민간,민간임대,경기,7,124
2022-12,민간,민간임대,부산,614
2022-12,민간,민간임대,대구,4,653
2022-12,민간,민간임대,광주,0
2022-12,민간,민간임대,대전,879
2022-12,민간,민간임대,울산,2,051
2022-12,민간,민간임대,세종,0
2022-12,민간,민간임대,강원,172
2022-12,민간,민간임대,충북,1,472
2022-12,민간,민간임대,충남,4,876
2022-12,민간,민간임대,전북,3,011
2022-12,민간,민간임대,전남,2,124
2022-12,민간,민간임대,경북,3,497
2022-12,민간,민간임대,경남,1,381
2022-12,민간,민간임대,제주,216
2022-12,민간,민간분양,전국,438,511
2022-12,민간,민간분양,서울,39,026
2022-12,민간,민간분양,인천,19,744
2022-12,민간,민간분양,경기,104,163
2022-12,민간,민간분양,부산,35,983
2022-12,민간,민간분양,대구,21,335
2022-12,민간,민간분양,광주,10,248
2022-12,민간,민간분양,대전,17,193
2022-12,민간,민간분양,울산,9,618
2022-12,민간,민간분양,세종,1,744
2022-12,민간,민간분양,강원,17,270
2022-12,민간,민간분양,충북,28,214
2022-12,민간,민간분양,충남,31,214
2022-12,민간,민간분양,전북,17,409
2022-12,민간,민간분양,전남,20,172
2022-12,민간,민간분양,경북,30,947
2022-12,민간,민간분양,경남,24,932
2022-12,민간,민간분양,제주,9,299
2023-01,총  계,총  계,전국,28,251
2023-01,총  계,총  계,서울,1,848
2023-01,총  계,총  계,인천,1,474
2023-01,총  계,총  계,경기,4,635
2023-01,총  계,총  계,부산,1,975
2023-01,총  계,총  계,대구,1,808
2023-01,총  계,총  계,광주,832
2023-01,총  계,총  계,대전,700
2023-01,총  계,총  계,울산,1,386
2023-01,총  계,총  계,세종,31
2023-01,총  계,총  계,강원,2,062
2023-01,총  계,총  계,충북,170
2023-01,총  계,총  계,충남,3,564
2023-01,총  계,총  계,전북,3,829
2023-01,총  계,총  계,전남,183
2023-01,총  계,총  계,경북,3,324
2023-01,총  계,총  계,경남,171
2023-01,총  계,총  계,제주,259
2023-01,공공부문,공공부문,전국,1,733
2023-01,공공부문,공공부문,서울,0
2023-01,공공부문,공공부문,인천,0
2023-01,공공부문,공공부문,경기,1,370
2023-01,공공부문,공공부문,부산,363
2023-01,공공부문,공공부문,대구,0
2023-01,공공부문,공공부문,광주,0
2023-01,공공부문,공공부문,대전,0
2023-01,공공부문,공공부문,울산,0
2023-01,공공부문,공공부문,세종,0
2023-01,공공부문,공공부문,강원,0
2023-01,공공부문,공공부문,충북,0
2023-01,공공부문,공공부문,충남,0
2023-01,공공부문,공공부문,전북,0
2023-01,공공부문,공공부문,전남,0
2023-01,공공부문,공공부문,경북,0
2023-01,공공부문,공공부문,경남,0
2023-01,공공부문,공공부문,제주,0
2023-01,합,국민임대,전국,0
2023-01,합,국민임대,서울,0
2023-01,합,국민임대,인천,0
2023-01,합,국민임대,경기,0
2023-01,합,국민임대,부산,0
2023-01,합,국민임대,대구,0
2023-01,합,국민임대,광주,0
2023-01,합,국민임대,대전,0
2023-01,합,국민임대,울산,0
2023-01,합,국민임대,세종,0
2023-01,합,국민임대,강원,0
2023-01,합,국민임대,충북,0
2023-01,합,국민임대,충남,0
2023-01,합,국민임대,전북,0
2023-01,합,국민임대,전남,0
2023-01,합,국민임대,경북,0
2023-01,합,국민임대,경남,0
2023-01,합,국민임대,제주,0
2023-01,합,공공임대,전국,772
2023-01,합,공공임대,서울,0
2023-01,합,공공임대,인천,0
2023-01,합,공공임대,경기,772
2023-01,합,공공임대,부산,0
2023-01,합,공공임대,대구,0
2023-01,합,공공임대,광주,0
2023-01,합,공공임대,대전,0
2023-01,합,공공임대,울산,0
2023-01,합,공공임대,세종,0
2023-01,합,공공임대,강원,0
2023-01,합,공공임대,충북,0
2023-01,합,공공임대,충남,0
2023-01,합,공공임대,전북,0
2023-01,합,공공임대,전남,0
2023-01,합,공공임대,경북,0
2023-01,합,공공임대,경남,0
2023-01,합,공공임대,제주,0
2023-01,합,공공분양,전국,961
2023-01,합,공공분양,서울,0
2023-01,합,공공분양,인천,0
2023-01,합,공공분양,경기,598
2023-01,합,공공분양,부산,363
2023-01,합,공공분양,대구,0
2023-01,합,공공분양,광주,0
2023-01,합,공공분양,대전,0
2023-01,합,공공분양,울산,0
2023-01,합,공공분양,세종,0
2023-01,합,공공분양,강원,0
2023-01,합,공공분양,충북,0
2023-01,합,공공분양,충남,0
2023-01,합,공공분양,전북,0
2023-01,합,공공분양,전남,0
2023-01,합,공공분양,경북,0
2023-01,합,공공분양,경남,0
2023-01,합,공공분양,제주,0
2023-01,지자체,소계,전국,0
2023-01,지자체,소계,서울,0
2023-01,지자체,소계,인천,0
2023-01,지자체,소계,경기,0
2023-01,지자체,소계,부산,0
2023-01,지자체,소계,대구,0
2023-01,지자체,소계,광주,0
2023-01,지자체,소계,대전,0
2023-01,지자체,소계,울산,0
2023-01,지자체,소계,세종,0
2023-01,지자체,소계,강원,0
2023-01,지자체,소계,충북,0
2023-01,지자체,소계,충남,0
2023-01,지자체,소계,전북,0
2023-01,지자체,소계,전남,0
2023-01,지자체,소계,경북,0
2023-01,지자체,소계,경남,0
2023-01,지자체,소계,제주,0
2023-01,지자체,국민임대,전국,0
2023-01,지자체,국민임대,서울,0
2023-01,지자체,국민임대,인천,0
2023-01,지자체,국민임대,경기,0
2023-01,지자체,국민임대,부산,0
2023-01,지자체,국민임대,대구,0
2023-01,지자체,국민임대,광주,0
2023-01,지자체,국민임대,대전,0
2023-01,지자체,국민임대,울산,0
2023-01,지자체,국민임대,세종,0
2023-01,지자체,국민임대,강원,0
2023-01,지자체,국민임대,충북,0
2023-01,지자체,국민임대,충남,0
2023-01,지자체,국민임대,전북,0
2023-01,지자체,국민임대,전남,0
2023-01,지자체,국민임대,경북,0
2023-01,지자체,국민임대,경남,0
2023-01,지자체,국민임대,제주,0
2023-01,지자체,공공임대,전국,0
2023-01,지자체,공공임대,서울,0
2023-01,지자체,공공임대,인천,0
2023-01,지자체,공공임대,경기,0
2023-01,지자체,공공임대,부산,0
2023-01,지자체,공공임대,대구,0
2023-01,지자체,공공임대,광주,0
2023-01,지자체,공공임대,대전,0
2023-01,지자체,공공임대,울산,0
2023-01,지자체,공공임대,세종,0
2023-01,지자체,공공임대,강원,0
2023-01,지자체,공공임대,충북,0
2023-01,지자체,공공임대,충남,0
2023-01,지자체,공공임대,전북,0
2023-01,지자체,공공임대,전남,0
2023-01,지자체,공공임대,경북,0
2023-01,지자체,공공임대,경남,0
2023-01,지자체,공공임대,제주,0
2023-01,지자체,공공분양,전국,0
2023-01,지자체,공공분양,서울,0
2023-01,지자체,공공분양,인천,0
2023-01,지자체,공공분양,경기,0
2023-01,지자체,공공분양,부산,0
2023-01,지자체,공공분양,대구,0
2023-01,지자체,공공분양,광주,0
2023-01,지자체,공공분양,대전,0
2023-01,지자체,공공분양,울산,0
2023-01,지자체,공공분양,세종,0
2023-01,지자체,공공분양,강원,0
2023-01,지자체,공공분양,충북,0
2023-01,지자체,공공분양,충남,0
2023-01,지자체,공공분양,전북,0
2023-01,지자체,공공분양,전남,0
2023-01,지자체,공공분양,경북,0
2023-01,지자체,공공분양,경남,0
2023-01,지자체,공공분양,제주,0
2023-01,LH,소계,전국,1,733
2023-01,LH,소계,서울,0
2023-01,LH,소계,인천,0
2023-01,LH,소계,경기,1,370
2023-01,LH,소계,부산,363
2023-01,LH,소계,대구,0
2023-01,LH,소계,광주,0
2023-01,LH,소계,대전,0
2023-01,LH,소계,울산,0
2023-01,LH,소계,세종,0
2023-01,LH,소계,강원,0
2023-01,LH,소계,충북,0
2023-01,LH,소계,충남,0
2023-01,LH,소계,전북,0
2023-01,LH,소계,전남,0
2023-01,LH,소계,경북,0
2023-01,LH,소계,경남,0
2023-01,LH,소계,제주,0
2023-01,LH,국민임대,전국,0
2023-01,LH,국민임대,서울,0
2023-01,LH,국민임대,인천,0
2023-01,LH,국민임대,경기,0
2023-01,LH,국민임대,부산,0
2023-01,LH,국민임대,대구,0
2023-01,LH,국민임대,광주,0
2023-01,LH,국민임대,대전,0
2023-01,LH,국민임대,울산,0
2023-01,LH,국민임대,세종,0
2023-01,LH,국민임대,강원,0
2023-01,LH,국민임대,충북,0
2023-01,LH,국민임대,충남,0
2023-01,LH,국민임대,전북,0
2023-01,LH,국민임대,전남,0
2023-01,LH,국민임대,경북,0
2023-01,LH,국민임대,경남,0
2023-01,LH,국민임대,제주,0
2023-01,LH,공공임대,전국,772
2023-01,LH,공공임대,서울,0
2023-01,LH,공공임대,인천,0
2023-01,LH,공공임대,경기,772
2023-01,LH,공공임대,부산,0
2023-01,LH,공공임대,대구,0
2023-01,LH,공공임대,광주,0
2023-01,LH,공공임대,대전,0
2023-01,LH,공공임대,울산,0
2023-01,LH,공공임대,세종,0
2023-01,LH,공공임대,강원,0
2023-01,LH,공공임대,충북,0
2023-01,LH,공공임대,충남,0
2023-01,LH,공공임대,전북,0
2023-01,LH,공공임대,전남,0
2023-01,LH,공공임대,경북,0
2023-01,LH,공공임대,경남,0
2023-01,LH,공공임대,제주,0
2023-01,LH,공공분양,전국,961
2023-01,LH,공공분양,서울,0
2023-01,LH,공공분양,인천,0
2023-01,LH,공공분양,경기,598
2023-01,LH,공공분양,부산,363
2023-01,LH,공공분양,대구,0
2023-01,LH,공공분양,광주,0
2023-01,LH,공공분양,대전,0
2023-01,LH,공공분양,울산,0
2023-01,LH,공공분양,세종,0
2023-01,LH,공공분양,강원,0
2023-01,LH,공공분양,충북,0
2023-01,LH,공공분양,충남,0
2023-01,LH,공공분양,전북,0
2023-01,LH,공공분양,전남,0
2023-01,LH,공공분양,경북,0
2023-01,LH,공공분양,경남,0
2023-01,LH,공공분양,제주,0
2023-01,주택업체,소계,전국,0
2023-01,주택업체,소계,서울,0
2023-01,주택업체,소계,인천,0
2023-01,주택업체,소계,경기,0
2023-01,주택업체,소계,부산,0
2023-01,주택업체,소계,대구,0
2023-01,주택업체,소계,광주,0
2023-01,주택업체,소계,대전,0
2023-01,주택업체,소계,울산,0
2023-01,주택업체,소계,세종,0
2023-01,주택업체,소계,강원,0
2023-01,주택업체,소계,충북,0
2023-01,주택업체,소계,충남,0
2023-01,주택업체,소계,전북,0
2023-01,주택업체,소계,전남,0
2023-01,주택업체,소계,경북,0
2023-01,주택업체,소계,경남,0
2023-01,주택업체,소계,제주,0
2023-01,주택업체,국민임대,전국,0
2023-01,주택업체,국민임대,서울,0
2023-01,주택업체,국민임대,인천,0
2023-01,주택업체,국민임대,경기,0
2023-01,주택업체,국민임대,부산,0
2023-01,주택업체,국민임대,대구,0
2023-01,주택업체,국민임대,광주,0
2023-01,주택업체,국민임대,대전,0
2023-01,주택업체,국민임대,울산,0
2023-01,주택업체,국민임대,세종,0
2023-01,주택업체,국민임대,강원,0
2023-01,주택업체,국민임대,충북,0
2023-01,주택업체,국민임대,충남,0
2023-01,주택업체,국민임대,전북,0
2023-01,주택업체,국민임대,전남,0
2023-01,주택업체,국민임대,경북,0
2023-01,주택업체,국민임대,경남,0
2023-01,주택업체,국민임대,제주,0
2023-01,주택업체,공공임대,전국,0
2023-01,주택업체,공공임대,서울,0
2023-01,주택업체,공공임대,인천,0
2023-01,주택업체,공공임대,경기,0
2023-01,주택업체,공공임대,부산,0
2023-01,주택업체,공공임대,대구,0
2023-01,주택업체,공공임대,광주,0
2023-01,주택업체,공공임대,대전,0
2023-01,주택업체,공공임대,울산,0
2023-01,주택업체,공공임대,세종,0
2023-01,주택업체,공공임대,강원,0
2023-01,주택업체,공공임대,충북,0
2023-01,주택업체,공공임대,충남,0
2023-01,주택업체,공공임대,전북,0
2023-01,주택업체,공공임대,전남,0
2023-01,주택업체,공공임대,경북,0
2023-01,주택업체,공공임대,경남,0
2023-01,주택업체,공공임대,제주,0
2023-01,주택업체,공공분양,전국,0
2023-01,주택업체,공공분양,서울,0
2023-01,주택업체,공공분양,인천,0
2023-01,주택업체,공공분양,경기,0
2023-01,주택업체,공공분양,부산,0
2023-01,주택업체,공공분양,대구,0
2023-01,주택업체,공공분양,광주,0
2023-01,주택업체,공공분양,대전,0
2023-01,주택업체,공공분양,울산,0
2023-01,주택업체,공공분양,세종,0
2023-01,주택업체,공공분양,강원,0
2023-01,주택업체,공공분양,충북,0
2023-01,주택업체,공공분양,충남,0
2023-01,주택업체,공공분양,전북,0
2023-01,주택업체,공공분양,전남,0
2023-01,주택업체,공공분양,경북,0
2023-01,주택업체,공공분양,경남,0
2023-01,주택업체,공공분양,제주,0
2023-01,민간부문,민간부문,전국,26,518
2023-01,민간부문,민간부문,서울,1,848
2023-01,민간부문,민간부문,인천,1,474
2023-01,민간부문,민간부문,경기,3,265
2023-01,민간부문,민간부문,부산,1,612
2023-01,민간부문,민간부문,대구,1,808
2023-01,민간부문,민간부문,광주,832
2023-01,민간부문,민간부문,대전,700
2023-01,민간부문,민간부문,울산,1,386
2023-01,민간부문,민간부문,세종,31
2023-01,민간부문,민간부문,강원,2,062
2023-01,민간부문,민간부문,충북,170
2023-01,민간부문,민간부문,충남,3,564
2023-01,민간부문,민간부문,전북,3,829
2023-01,민간부문,민간부문,전남,183
2023-01,민간부문,민간부문,경북,3,324
2023-01,민간부문,민간부문,경남,171
2023-01,민간부문,민간부문,제주,259
2023-01,민간,민간임대,전국,772
2023-01,민간,민간임대,서울,0
2023-01,민간,민간임대,인천,0
2023-01,민간,민간임대,경기,0
2023-01,민간,민간임대,부산,0
2023-01,민간,민간임대,대구,0
2023-01,민간,민간임대,광주,0
2023-01,민간,민간임대,대전,0
2023-01,민간,민간임대,울산,0
2023-01,민간,민간임대,세종,0
2023-01,민간,민간임대,강원,0
2023-01,민간,민간임대,충북,0
2023-01,민간,민간임대,충남,0
2023-01,민간,민간임대,전북,772
2023-01,민간,민간임대,전남,0
2023-01,민간,민간임대,경북,0
2023-01,민간,민간임대,경남,0
2023-01,민간,민간임대,제주,0
2023-01,민간,민간분양,전국,25,746
2023-01,민간,민간분양,서울,1,848
2023-01,민간,민간분양,인천,1,474
2023-01,민간,민간분양,경기,3,265
2023-01,민간,민간분양,부산,1,612
2023-01,민간,민간분양,대구,1,808
2023-01,민간,민간분양,광주,832
2023-01,민간,민간분양,대전,700
2023-01,민간,민간분양,울산,1,386
2023-01,민간,민간분양,세종,31
2023-01,민간,민간분양,강원,2,062
2023-01,민간,민간분양,충북,170
2023-01,민간,민간분양,충남,3,564
2023-01,민간,민간분양,전북,3,057
2023-01,민간,민간분양,전남,183
2023-01,민간,민간분양,경북,3,324
2023-01,민간,민간분양,경남,171
2023-01,민간,민간분양,제주,259
2023-02,총  계,총  계,전국,58,846
2023-02,총  계,총  계,서울,8,494
2023-02,총  계,총  계,인천,3,403
2023-02,총  계,총  계,경기,12,275
2023-02,총  계,총  계,부산,5,681
2023-02,총  계,총  계,대구,1,922
2023-02,총  계,총  계,광주,998
2023-02,총  계,총  계,대전,2,699
2023-02,총  계,총  계,울산,2,089
2023-02,총  계,총  계,세종,53
2023-02,총  계,총  계,강원,2,315
2023-02,총  계,총  계,충북,777
2023-02,총  계,총  계,충남,5,682
2023-02,총  계,총  계,전북,4,161
2023-02,총  계,총  계,전남,1,435
2023-02,총  계,총  계,경북,5,118
2023-02,총  계,총  계,경남,1,070
2023-02,총  계,총  계,제주,674
2023-02,공공부문,공공부문,전국,2,621
2023-02,공공부문,공공부문,서울,564
2023-02,공공부문,공공부문,인천,0
2023-02,공공부문,공공부문,경기,1,370
2023-02,공공부문,공공부문,부산,363
2023-02,공공부문,공공부문,대구,0
2023-02,공공부문,공공부문,광주,0
2023-02,공공부문,공공부문,대전,324
2023-02,공공부문,공공부문,울산,0
2023-02,공공부문,공공부문,세종,0
2023-02,공공부문,공공부문,강원,0
2023-02,공공부문,공공부문,충북,0
2023-02,공공부문,공공부문,충남,0
2023-02,공공부문,공공부문,전북,0
2023-02,공공부문,공공부문,전남,0
2023-02,공공부문,공공부문,경북,0
2023-02,공공부문,공공부문,경남,0
2023-02,공공부문,공공부문,제주,0
2023-02,합,국민임대,전국,0
2023-02,합,국민임대,서울,0
2023-02,합,국민임대,인천,0
2023-02,합,국민임대,경기,0
2023-02,합,국민임대,부산,0
2023-02,합,국민임대,대구,0
2023-02,합,국민임대,광주,0
2023-02,합,국민임대,대전,0
2023-02,합,국민임대,울산,0
2023-02,합,국민임대,세종,0
2023-02,합,국민임대,강원,0
2023-02,합,국민임대,충북,0
2023-02,합,국민임대,충남,0
2023-02,합,국민임대,전북,0
2023-02,합,국민임대,전남,0
2023-02,합,국민임대,경북,0
2023-02,합,국민임대,경남,0
2023-02,합,국민임대,제주,0
2023-02,합,공공임대,전국,1,660
2023-02,합,공공임대,서울,564
2023-02,합,공공임대,인천,0
2023-02,합,공공임대,경기,772
2023-02,합,공공임대,부산,0
2023-02,합,공공임대,대구,0
2023-02,합,공공임대,광주,0
2023-02,합,공공임대,대전,324
2023-02,합,공공임대,울산,0
2023-02,합,공공임대,세종,0
2023-02,합,공공임대,강원,0
2023-02,합,공공임대,충북,0
2023-02,합,공공임대,충남,0
2023-02,합,공공임대,전북,0
2023-02,합,공공임대,전남,0
2023-02,합,공공임대,경북,0
2023-02,합,공공임대,경남,0
2023-02,합,공공임대,제주,0
2023-02,합,공공분양,전국,961
2023-02,합,공공분양,서울,0
2023-02,합,공공분양,인천,0
2023-02,합,공공분양,경기,598
2023-02,합,공공분양,부산,363
2023-02,합,공공분양,대구,0
2023-02,합,공공분양,광주,0
2023-02,합,공공분양,대전,0
2023-02,합,공공분양,울산,0
2023-02,합,공공분양,세종,0
2023-02,합,공공분양,강원,0
2023-02,합,공공분양,충북,0
2023-02,합,공공분양,충남,0
2023-02,합,공공분양,전북,0
2023-02,합,공공분양,전남,0
2023-02,합,공공분양,경북,0
2023-02,합,공공분양,경남,0
2023-02,합,공공분양,제주,0
2023-02,지자체,소계,전국,132
2023-02,지자체,소계,서울,132
2023-02,지자체,소계,인천,0
2023-02,지자체,소계,경기,0
2023-02,지자체,소계,부산,0
2023-02,지자체,소계,대구,0
2023-02,지자체,소계,광주,0
2023-02,지자체,소계,대전,0
2023-02,지자체,소계,울산,0
2023-02,지자체,소계,세종,0
2023-02,지자체,소계,강원,0
2023-02,지자체,소계,충북,0
2023-02,지자체,소계,충남,0
2023-02,지자체,소계,전북,0
2023-02,지자체,소계,전남,0
2023-02,지자체,소계,경북,0
2023-02,지자체,소계,경남,0
2023-02,지자체,소계,제주,0
2023-02,지자체,국민임대,전국,0
2023-02,지자체,국민임대,서울,0
2023-02,지자체,국민임대,인천,0
2023-02,지자체,국민임대,경기,0
2023-02,지자체,국민임대,부산,0
2023-02,지자체,국민임대,대구,0
2023-02,지자체,국민임대,광주,0
2023-02,지자체,국민임대,대전,0
2023-02,지자체,국민임대,울산,0
2023-02,지자체,국민임대,세종,0
2023-02,지자체,국민임대,강원,0
2023-02,지자체,국민임대,충북,0
2023-02,지자체,국민임대,충남,0
2023-02,지자체,국민임대,전북,0
2023-02,지자체,국민임대,전남,0
2023-02,지자체,국민임대,경북,0
2023-02,지자체,국민임대,경남,0
2023-02,지자체,국민임대,제주,0
2023-02,지자체,공공임대,전국,132
2023-02,지자체,공공임대,서울,132
2023-02,지자체,공공임대,인천,0
2023-02,지자체,공공임대,경기,0
2023-02,지자체,공공임대,부산,0
2023-02,지자체,공공임대,대구,0
2023-02,지자체,공공임대,광주,0
2023-02,지자체,공공임대,대전,0
2023-02,지자체,공공임대,울산,0
2023-02,지자체,공공임대,세종,0
2023-02,지자체,공공임대,강원,0
2023-02,지자체,공공임대,충북,0
2023-02,지자체,공공임대,충남,0
2023-02,지자체,공공임대,전북,0
2023-02,지자체,공공임대,전남,0
2023-02,지자체,공공임대,경북,0
2023-02,지자체,공공임대,경남,0
2023-02,지자체,공공임대,제주,0
2023-02,지자체,공공분양,전국,0
2023-02,지자체,공공분양,서울,0
2023-02,지자체,공공분양,인천,0
2023-02,지자체,공공분양,경기,0
2023-02,지자체,공공분양,부산,0
2023-02,지자체,공공분양,대구,0
2023-02,지자체,공공분양,광주,0
2023-02,지자체,공공분양,대전,0
2023-02,지자체,공공분양,울산,0
2023-02,지자체,공공분양,세종,0
2023-02,지자체,공공분양,강원,0
2023-02,지자체,공공분양,충북,0
2023-02,지자체,공공분양,충남,0
2023-02,지자체,공공분양,전북,0
2023-02,지자체,공공분양,전남,0
2023-02,지자체,공공분양,경북,0
2023-02,지자체,공공분양,경남,0
2023-02,지자체,공공분양,제주,0
2023-02,LH,소계,전국,1,733
2023-02,LH,소계,서울,0
2023-02,LH,소계,인천,0
2023-02,LH,소계,경기,1,370
2023-02,LH,소계,부산,363
2023-02,LH,소계,대구,0
2023-02,LH,소계,광주,0
2023-02,LH,소계,대전,0
2023-02,LH,소계,울산,0
2023-02,LH,소계,세종,0
2023-02,LH,소계,강원,0
2023-02,LH,소계,충북,0
2023-02,LH,소계,충남,0
2023-02,LH,소계,전북,0
2023-02,LH,소계,전남,0
2023-02,LH,소계,경북,0
2023-02,LH,소계,경남,0
2023-02,LH,소계,제주,0
2023-02,LH,국민임대,전국,0
2023-02,LH,국민임대,서울,0
2023-02,LH,국민임대,인천,0
2023-02,LH,국민임대,경기,0
2023-02,LH,국민임대,부산,0
2023-02,LH,국민임대,대구,0
2023-02,LH,국민임대,광주,0
2023-02,LH,국민임대,대전,0
2023-02,LH,국민임대,울산,0
2023-02,LH,국민임대,세종,0
2023-02,LH,국민임대,강원,0
2023-02,LH,국민임대,충북,0
2023-02,LH,국민임대,충남,0
2023-02,LH,국민임대,전북,0
2023-02,LH,국민임대,전남,0
2023-02,LH,국민임대,경북,0
2023-02,LH,국민임대,경남,0
2023-02,LH,국민임대,제주,0
2023-02,LH,공공임대,전국,772
2023-02,LH,공공임대,서울,0
2023-02,LH,공공임대,인천,0
2023-02,LH,공공임대,경기,772
2023-02,LH,공공임대,부산,0
2023-02,LH,공공임대,대구,0
2023-02,LH,공공임대,광주,0
2023-02,LH,공공임대,대전,0
2023-02,LH,공공임대,울산,0
2023-02,LH,공공임대,세종,0
2023-02,LH,공공임대,강원,0
2023-02,LH,공공임대,충북,0
2023-02,LH,공공임대,충남,0
2023-02,LH,공공임대,전북,0
2023-02,LH,공공임대,전남,0
2023-02,LH,공공임대,경북,0
2023-02,LH,공공임대,경남,0
2023-02,LH,공공임대,제주,0
2023-02,LH,공공분양,전국,961
2023-02,LH,공공분양,서울,0
2023-02,LH,공공분양,인천,0
2023-02,LH,공공분양,경기,598
2023-02,LH,공공분양,부산,363
2023-02,LH,공공분양,대구,0
2023-02,LH,공공분양,광주,0
2023-02,LH,공공분양,대전,0
2023-02,LH,공공분양,울산,0
2023-02,LH,공공분양,세종,0
2023-02,LH,공공분양,강원,0
2023-02,LH,공공분양,충북,0
2023-02,LH,공공분양,충남,0
2023-02,LH,공공분양,전북,0
2023-02,LH,공공분양,전남,0
2023-02,LH,공공분양,경북,0
2023-02,LH,공공분양,경남,0
2023-02,LH,공공분양,제주,0
2023-02,주택업체,소계,전국,756
2023-02,주택업체,소계,서울,432
2023-02,주택업체,소계,인천,0
2023-02,주택업체,소계,경기,0
2023-02,주택업체,소계,부산,0
2023-02,주택업체,소계,대구,0
2023-02,주택업체,소계,광주,0
2023-02,주택업체,소계,대전,324
2023-02,주택업체,소계,울산,0
2023-02,주택업체,소계,세종,0
2023-02,주택업체,소계,강원,0
2023-02,주택업체,소계,충북,0
2023-02,주택업체,소계,충남,0
2023-02,주택업체,소계,전북,0
2023-02,주택업체,소계,전남,0
2023-02,주택업체,소계,경북,0
2023-02,주택업체,소계,경남,0
2023-02,주택업체,소계,제주,0
2023-02,주택업체,국민임대,전국,0
2023-02,주택업체,국민임대,서울,0
2023-02,주택업체,국민임대,인천,0
2023-02,주택업체,국민임대,경기,0
2023-02,주택업체,국민임대,부산,0
2023-02,주택업체,국민임대,대구,0
2023-02,주택업체,국민임대,광주,0
2023-02,주택업체,국민임대,대전,0
2023-02,주택업체,국민임대,울산,0
2023-02,주택업체,국민임대,세종,0
2023-02,주택업체,국민임대,강원,0
2023-02,주택업체,국민임대,충북,0
2023-02,주택업체,국민임대,충남,0
2023-02,주택업체,국민임대,전북,0
2023-02,주택업체,국민임대,전남,0
2023-02,주택업체,국민임대,경북,0
2023-02,주택업체,국민임대,경남,0
2023-02,주택업체,국민임대,제주,0
2023-02,주택업체,공공임대,전국,756
2023-02,주택업체,공공임대,서울,432
2023-02,주택업체,공공임대,인천,0
2023-02,주택업체,공공임대,경기,0
2023-02,주택업체,공공임대,부산,0
2023-02,주택업체,공공임대,대구,0
2023-02,주택업체,공공임대,광주,0
2023-02,주택업체,공공임대,대전,324
2023-02,주택업체,공공임대,울산,0
2023-02,주택업체,공공임대,세종,0
2023-02,주택업체,공공임대,강원,0
2023-02,주택업체,공공임대,충북,0
2023-02,주택업체,공공임대,충남,0
2023-02,주택업체,공공임대,전북,0
2023-02,주택업체,공공임대,전남,0
2023-02,주택업체,공공임대,경북,0
2023-02,주택업체,공공임대,경남,0
2023-02,주택업체,공공임대,제주,0
2023-02,주택업체,공공분양,전국,0
2023-02,주택업체,공공분양,서울,0
2023-02,주택업체,공공분양,인천,0
2023-02,주택업체,공공분양,경기,0
2023-02,주택업체,공공분양,부산,0
2023-02,주택업체,공공분양,대구,0
2023-02,주택업체,공공분양,광주,0
2023-02,주택업체,공공분양,대전,0
2023-02,주택업체,공공분양,울산,0
2023-02,주택업체,공공분양,세종,0
2023-02,주택업체,공공분양,강원,0
2023-02,주택업체,공공분양,충북,0
2023-02,주택업체,공공분양,충남,0
2023-02,주택업체,공공분양,전북,0
2023-02,주택업체,공공분양,전남,0
2023-02,주택업체,공공분양,경북,0
2023-02,주택업체,공공분양,경남,0
2023-02,주택업체,공공분양,제주,0
2023-02,민간부문,민간부문,전국,56,225
2023-02,민간부문,민간부문,서울,7,930
2023-02,민간부문,민간부문,인천,3,403
2023-02,민간부문,민간부문,경기,10,905
2023-02,민간부문,민간부문,부산,5,318
2023-02,민간부문,민간부문,대구,1,922
2023-02,민간부문,민간부문,광주,998
2023-02,민간부문,민간부문,대전,2,375
2023-02,민간부문,민간부문,울산,2,089
2023-02,민간부문,민간부문,세종,53
2023-02,민간부문,민간부문,강원,2,315
2023-02,민간부문,민간부문,충북,777
2023-02,민간부문,민간부문,충남,5,682
2023-02,민간부문,민간부문,전북,4,161
2023-02,민간부문,민간부문,전남,1,435
2023-02,민간부문,민간부문,경북,5,118
2023-02,민간부문,민간부문,경남,1,070
2023-02,민간부문,민간부문,제주,674
2023-02,민간,민간임대,전국,3,045
2023-02,민간,민간임대,서울,813
2023-02,민간,민간임대,인천,0
2023-02,민간,민간임대,경기,1,046
2023-02,민간,민간임대,부산,0
2023-02,민간,민간임대,대구,0
2023-02,민간,민간임대,광주,0
2023-02,민간,민간임대,대전,0
2023-02,민간,민간임대,울산,0
2023-02,민간,민간임대,세종,0
2023-02,민간,민간임대,강원,0
2023-02,민간,민간임대,충북,414
2023-02,민간,민간임대,충남,0
2023-02,민간,민간임대,전북,772
2023-02,민간,민간임대,전남,0
2023-02,민간,민간임대,경북,0
2023-02,민간,민간임대,경남,0
2023-02,민간,민간임대,제주,0
2023-02,민간,민간분양,전국,53,180
2023-02,민간,민간분양,서울,7,117
2023-02,민간,민간분양,인천,3,403
2023-02,민간,민간분양,경기,9,859
2023-02,민간,민간분양,부산,5,318
2023-02,민간,민간분양,대구,1,922
2023-02,민간,민간분양,광주,998
2023-02,민간,민간분양,대전,2,375
2023-02,민간,민간분양,울산,2,089
2023-02,민간,민간분양,세종,53
2023-02,민간,민간분양,강원,2,315
2023-02,민간,민간분양,충북,363
2023-02,민간,민간분양,충남,5,682
2023-02,민간,민간분양,전북,3,389
2023-02,민간,민간분양,전남,1,435
2023-02,민간,민간분양,경북,5,118
2023-02,민간,민간분양,경남,1,070
2023-02,민간,민간분양,제주,674
2023-03,총  계,총  계,전국,93,522
2023-03,총  계,총  계,서울,12,786
2023-03,총  계,총  계,인천,3,858
2023-03,총  계,총  계,경기,18,038
2023-03,총  계,총  계,부산,6,906
2023-03,총  계,총  계,대구,1,946
2023-03,총  계,총  계,광주,1,916
2023-03,총  계,총  계,대전,6,962
2023-03,총  계,총  계,울산,3,733
2023-03,총  계,총  계,세종,72
2023-03,총  계,총  계,강원,4,759
2023-03,총  계,총  계,충북,2,547
2023-03,총  계,총  계,충남,10,413
2023-03,총  계,총  계,전북,5,321
2023-03,총  계,총  계,전남,2,273
2023-03,총  계,총  계,경북,6,868
2023-03,총  계,총  계,경남,3,952
2023-03,총  계,총  계,제주,1,172
2023-03,공공부문,공공부문,전국,3,412
2023-03,공공부문,공공부문,서울,564
2023-03,공공부문,공공부문,인천,0
2023-03,공공부문,공공부문,경기,1,849
2023-03,공공부문,공공부문,부산,363
2023-03,공공부문,공공부문,대구,0
2023-03,공공부문,공공부문,광주,0
2023-03,공공부문,공공부문,대전,324
2023-03,공공부문,공공부문,울산,0
2023-03,공공부문,공공부문,세종,0
2023-03,공공부문,공공부문,강원,0
2023-03,공공부문,공공부문,충북,300
2023-03,공공부문,공공부문,충남,0
2023-03,공공부문,공공부문,전북,0
2023-03,공공부문,공공부문,전남,0
2023-03,공공부문,공공부문,경북,0
2023-03,공공부문,공공부문,경남,0
2023-03,공공부문,공공부문,제주,12
2023-03,합,국민임대,전국,12
2023-03,합,국민임대,서울,0
2023-03,합,국민임대,인천,0
2023-03,합,국민임대,경기,0
2023-03,합,국민임대,부산,0
2023-03,합,국민임대,대구,0
2023-03,합,국민임대,광주,0
2023-03,합,국민임대,대전,0
2023-03,합,국민임대,울산,0
2023-03,합,국민임대,세종,0
2023-03,합,국민임대,강원,0
2023-03,합,국민임대,충북,0
2023-03,합,국민임대,충남,0
2023-03,합,국민임대,전북,0
2023-03,합,국민임대,전남,0
2023-03,합,국민임대,경북,0
2023-03,합,국민임대,경남,0
2023-03,합,국민임대,제주,12
2023-03,합,공공임대,전국,1,960
2023-03,합,공공임대,서울,564
2023-03,합,공공임대,인천,0
2023-03,합,공공임대,경기,772
2023-03,합,공공임대,부산,0
2023-03,합,공공임대,대구,0
2023-03,합,공공임대,광주,0
2023-03,합,공공임대,대전,324
2023-03,합,공공임대,울산,0
2023-03,합,공공임대,세종,0
2023-03,합,공공임대,강원,0
2023-03,합,공공임대,충북,300
2023-03,합,공공임대,충남,0
2023-03,합,공공임대,전북,0
2023-03,합,공공임대,전남,0
2023-03,합,공공임대,경북,0
2023-03,합,공공임대,경남,0
2023-03,합,공공임대,제주,0
2023-03,합,공공분양,전국,1,440
2023-03,합,공공분양,서울,0
2023-03,합,공공분양,인천,0
2023-03,합,공공분양,경기,1,077
2023-03,합,공공분양,부산,363
2023-03,합,공공분양,대구,0
2023-03,합,공공분양,광주,0
2023-03,합,공공분양,대전,0
2023-03,합,공공분양,울산,0
2023-03,합,공공분양,세종,0
2023-03,합,공공분양,강원,0
2023-03,합,공공분양,충북,0
2023-03,합,공공분양,충남,0
2023-03,합,공공분양,전북,0
2023-03,합,공공분양,전남,0
2023-03,합,공공분양,경북,0
2023-03,합,공공분양,경남,0
2023-03,합,공공분양,제주,0
2023-03,지자체,소계,전국,144
2023-03,지자체,소계,서울,132
2023-03,지자체,소계,인천,0
2023-03,지자체,소계,경기,0
2023-03,지자체,소계,부산,0
2023-03,지자체,소계,대구,0
2023-03,지자체,소계,광주,0
2023-03,지자체,소계,대전,0
2023-03,지자체,소계,울산,0
2023-03,지자체,소계,세종,0
2023-03,지자체,소계,강원,0
2023-03,지자체,소계,충북,0
2023-03,지자체,소계,충남,0
2023-03,지자체,소계,전북,0
2023-03,지자체,소계,전남,0
2023-03,지자체,소계,경북,0
2023-03,지자체,소계,경남,0
2023-03,지자체,소계,제주,12
2023-03,지자체,국민임대,전국,12
2023-03,지자체,국민임대,서울,0
2023-03,지자체,국민임대,인천,0
2023-03,지자체,국민임대,경기,0
2023-03,지자체,국민임대,부산,0
2023-03,지자체,국민임대,대구,0
2023-03,지자체,국민임대,광주,0
2023-03,지자체,국민임대,대전,0
2023-03,지자체,국민임대,울산,0
2023-03,지자체,국민임대,세종,0
2023-03,지자체,국민임대,강원,0
2023-03,지자체,국민임대,충북,0
2023-03,지자체,국민임대,충남,0
2023-03,지자체,국민임대,전북,0
2023-03,지자체,국민임대,전남,0
2023-03,지자체,국민임대,경북,0
2023-03,지자체,국민임대,경남,0
2023-03,지자체,국민임대,제주,12
2023-03,지자체,공공임대,전국,132
2023-03,지자체,공공임대,서울,132
2023-03,지자체,공공임대,인천,0
2023-03,지자체,공공임대,경기,0
2023-03,지자체,공공임대,부산,0
2023-03,지자체,공공임대,대구,0
2023-03,지자체,공공임대,광주,0
2023-03,지자체,공공임대,대전,0
2023-03,지자체,공공임대,울산,0
2023-03,지자체,공공임대,세종,0
2023-03,지자체,공공임대,강원,0
2023-03,지자체,공공임대,충북,0
2023-03,지자체,공공임대,충남,0
2023-03,지자체,공공임대,전북,0
2023-03,지자체,공공임대,전남,0
2023-03,지자체,공공임대,경북,0
2023-03,지자체,공공임대,경남,0
2023-03,지자체,공공임대,제주,0
2023-03,지자체,공공분양,전국,0
2023-03,지자체,공공분양,서울,0
2023-03,지자체,공공분양,인천,0
2023-03,지자체,공공분양,경기,0
2023-03,지자체,공공분양,부산,0
2023-03,지자체,공공분양,대구,0
2023-03,지자체,공공분양,광주,0
2023-03,지자체,공공분양,대전,0
2023-03,지자체,공공분양,울산,0
2023-03,지자체,공공분양,세종,0
2023-03,지자체,공공분양,강원,0
2023-03,지자체,공공분양,충북,0
2023-03,지자체,공공분양,충남,0
2023-03,지자체,공공분양,전북,0
2023-03,지자체,공공분양,전남,0
2023-03,지자체,공공분양,경북,0
2023-03,지자체,공공분양,경남,0
2023-03,지자체,공공분양,제주,0
2023-03,LH,소계,전국,2,512
2023-03,LH,소계,서울,0
2023-03,LH,소계,인천,0
2023-03,LH,소계,경기,1,849
2023-03,LH,소계,부산,363
2023-03,LH,소계,대구,0
2023-03,LH,소계,광주,0
2023-03,LH,소계,대전,0
2023-03,LH,소계,울산,0
2023-03,LH,소계,세종,0
2023-03,LH,소계,강원,0
2023-03,LH,소계,충북,300
2023-03,LH,소계,충남,0
2023-03,LH,소계,전북,0
2023-03,LH,소계,전남,0
2023-03,LH,소계,경북,0
2023-03,LH,소계,경남,0
2023-03,LH,소계,제주,0
2023-03,LH,국민임대,전국,0
2023-03,LH,국민임대,서울,0
2023-03,LH,국민임대,인천,0
2023-03,LH,국민임대,경기,0
2023-03,LH,국민임대,부산,0
2023-03,LH,국민임대,대구,0
2023-03,LH,국민임대,광주,0
2023-03,LH,국민임대,대전,0
2023-03,LH,국민임대,울산,0
2023-03,LH,국민임대,세종,0
2023-03,LH,국민임대,강원,0
2023-03,LH,국민임대,충북,0
2023-03,LH,국민임대,충남,0
2023-03,LH,국민임대,전북,0
2023-03,LH,국민임대,전남,0
2023-03,LH,국민임대,경북,0
2023-03,LH,국민임대,경남,0
2023-03,LH,국민임대,제주,0
2023-03,LH,공공임대,전국,1,072
2023-03,LH,공공임대,서울,0
2023-03,LH,공공임대,인천,0
2023-03,LH,공공임대,경기,772
2023-03,LH,공공임대,부산,0
2023-03,LH,공공임대,대구,0
2023-03,LH,공공임대,광주,0
2023-03,LH,공공임대,대전,0
2023-03,LH,공공임대,울산,0
2023-03,LH,공공임대,세종,0
2023-03,LH,공공임대,강원,0
2023-03,LH,공공임대,충북,300
2023-03,LH,공공임대,충남,0
2023-03,LH,공공임대,전북,0
2023-03,LH,공공임대,전남,0
2023-03,LH,공공임대,경북,0
2023-03,LH,공공임대,경남,0
2023-03,LH,공공임대,제주,0
2023-03,LH,공공분양,전국,1,440
2023-03,LH,공공분양,서울,0
2023-03,LH,공공분양,인천,0
2023-03,LH,공공분양,경기,1,077
2023-03,LH,공공분양,부산,363
2023-03,LH,공공분양,대구,0
2023-03,LH,공공분양,광주,0
2023-03,LH,공공분양,대전,0
2023-03,LH,공공분양,울산,0
2023-03,LH,공공분양,세종,0
2023-03,LH,공공분양,강원,0
2023-03,LH,공공분양,충북,0
2023-03,LH,공공분양,충남,0
2023-03,LH,공공분양,전북,0
2023-03,LH,공공분양,전남,0
2023-03,LH,공공분양,경북,0
2023-03,LH,공공분양,경남,0
2023-03,LH,공공분양,제주,0
2023-03,주택업체,소계,전국,756
2023-03,주택업체,소계,서울,432
2023-03,주택업체,소계,인천,0
2023-03,주택업체,소계,경기,0
2023-03,주택업체,소계,부산,0
2023-03,주택업체,소계,대구,0
2023-03,주택업체,소계,광주,0
2023-03,주택업체,소계,대전,324
2023-03,주택업체,소계,울산,0
2023-03,주택업체,소계,세종,0
2023-03,주택업체,소계,강원,0
2023-03,주택업체,소계,충북,0
2023-03,주택업체,소계,충남,0
2023-03,주택업체,소계,전북,0
2023-03,주택업체,소계,전남,0
2023-03,주택업체,소계,경북,0
2023-03,주택업체,소계,경남,0
2023-03,주택업체,소계,제주,0
2023-03,주택업체,국민임대,전국,0
2023-03,주택업체,국민임대,서울,0
2023-03,주택업체,국민임대,인천,0
2023-03,주택업체,국민임대,경기,0
2023-03,주택업체,국민임대,부산,0
2023-03,주택업체,국민임대,대구,0
2023-03,주택업체,국민임대,광주,0
2023-03,주택업체,국민임대,대전,0
2023-03,주택업체,국민임대,울산,0
2023-03,주택업체,국민임대,세종,0
2023-03,주택업체,국민임대,강원,0
2023-03,주택업체,국민임대,충북,0
2023-03,주택업체,국민임대,충남,0
2023-03,주택업체,국민임대,전북,0
2023-03,주택업체,국민임대,전남,0
2023-03,주택업체,국민임대,경북,0
2023-03,주택업체,국민임대,경남,0
2023-03,주택업체,국민임대,제주,0
2023-03,주택업체,공공임대,전국,756
2023-03,주택업체,공공임대,서울,432
2023-03,주택업체,공공임대,인천,0
2023-03,주택업체,공공임대,경기,0
2023-03,주택업체,공공임대,부산,0
2023-03,주택업체,공공임대,대구,0
2023-03,주택업체,공공임대,광주,0
2023-03,주택업체,공공임대,대전,324
2023-03,주택업체,공공임대,울산,0
2023-03,주택업체,공공임대,세종,0
2023-03,주택업체,공공임대,강원,0
2023-03,주택업체,공공임대,충북,0
2023-03,주택업체,공공임대,충남,0
2023-03,주택업체,공공임대,전북,0
2023-03,주택업체,공공임대,전남,0
2023-03,주택업체,공공임대,경북,0
2023-03,주택업체,공공임대,경남,0
2023-03,주택업체,공공임대,제주,0
2023-03,주택업체,공공분양,전국,0
2023-03,주택업체,공공분양,서울,0
2023-03,주택업체,공공분양,인천,0
2023-03,주택업체,공공분양,경기,0
2023-03,주택업체,공공분양,부산,0
2023-03,주택업체,공공분양,대구,0
2023-03,주택업체,공공분양,광주,0
2023-03,주택업체,공공분양,대전,0
2023-03,주택업체,공공분양,울산,0
2023-03,주택업체,공공분양,세종,0
2023-03,주택업체,공공분양,강원,0
2023-03,주택업체,공공분양,충북,0
2023-03,주택업체,공공분양,충남,0
2023-03,주택업체,공공분양,전북,0
2023-03,주택업체,공공분양,전남,0
2023-03,주택업체,공공분양,경북,0
2023-03,주택업체,공공분양,경남,0
2023-03,주택업체,공공분양,제주,0
2023-03,민간부문,민간부문,전국,90,110
2023-03,민간부문,민간부문,서울,12,222
2023-03,민간부문,민간부문,인천,3,858
2023-03,민간부문,민간부문,경기,16,189
2023-03,민간부문,민간부문,부산,6,543
2023-03,민간부문,민간부문,대구,1,946
2023-03,민간부문,민간부문,광주,1,916
2023-03,민간부문,민간부문,대전,6,638
2023-03,민간부문,민간부문,울산,3,733
2023-03,민간부문,민간부문,세종,72
2023-03,민간부문,민간부문,강원,4,759
2023-03,민간부문,민간부문,충북,2,247
2023-03,민간부문,민간부문,충남,10,413
2023-03,민간부문,민간부문,전북,5,321
2023-03,민간부문,민간부문,전남,2,273
2023-03,민간부문,민간부문,경북,6,868
2023-03,민간부문,민간부문,경남,3,952
2023-03,민간부문,민간부문,제주,1,160
2023-03,민간,민간임대,전국,5,947
2023-03,민간,민간임대,서울,813
2023-03,민간,민간임대,인천,0
2023-03,민간,민간임대,경기,1,046
2023-03,민간,민간임대,부산,90
2023-03,민간,민간임대,대구,0
2023-03,민간,민간임대,광주,0
2023-03,민간,민간임대,대전,0
2023-03,민간,민간임대,울산,0
2023-03,민간,민간임대,세종,0
2023-03,민간,민간임대,강원,0
2023-03,민간,민간임대,충북,414
2023-03,민간,민간임대,충남,232
2023-03,민간,민간임대,전북,912
2023-03,민간,민간임대,전남,626
2023-03,민간,민간임대,경북,0
2023-03,민간,민간임대,경남,1,814
2023-03,민간,민간임대,제주,0
2023-03,민간,민간분양,전국,84,163
2023-03,민간,민간분양,서울,11,409
2023-03,민간,민간분양,인천,3,858
2023-03,민간,민간분양,경기,15,143
2023-03,민간,민간분양,부산,6,453
2023-03,민간,민간분양,대구,1,946
2023-03,민간,민간분양,광주,1,916
2023-03,민간,민간분양,대전,6,638
2023-03,민간,민간분양,울산,3,733
2023-03,민간,민간분양,세종,72
2023-03,민간,민간분양,강원,4,759
2023-03,민간,민간분양,충북,1,833
2023-03,민간,민간분양,충남,10,181
2023-03,민간,민간분양,전북,4,409
2023-03,민간,민간분양,전남,1,647
2023-03,민간,민간분양,경북,6,868
2023-03,민간,민간분양,경남,2,138
2023-03,민간,민간분양,제주,1,160
2023-04,총  계,총  계,전국,127,775
2023-04,총  계,총  계,서울,15,226
2023-04,총  계,총  계,인천,5,729
2023-04,총  계,총  계,경기,27,293
2023-04,총  계,총  계,부산,8,406
2023-04,총  계,총  계,대구,6,090
2023-04,총  계,총  계,광주,2,516
2023-04,총  계,총  계,대전,9,124
2023-04,총  계,총  계,울산,5,985
2023-04,총  계,총  계,세종,79
2023-04,총  계,총  계,강원,5,251
2023-04,총  계,총  계,충북,3,672
2023-04,총  계,총  계,충남,12,247
2023-04,총  계,총  계,전북,6,233
2023-04,총  계,총  계,전남,4,642
2023-04,총  계,총  계,경북,8,774
2023-04,총  계,총  계,경남,4,622
2023-04,총  계,총  계,제주,1,886
2023-04,공공부문,공공부문,전국,5,266
2023-04,공공부문,공공부문,서울,564
2023-04,공공부문,공공부문,인천,0
2023-04,공공부문,공공부문,경기,1,849
2023-04,공공부문,공공부문,부산,363
2023-04,공공부문,공공부문,대구,0
2023-04,공공부문,공공부문,광주,0
2023-04,공공부문,공공부문,대전,2,152
2023-04,공공부문,공공부문,울산,0
2023-04,공공부문,공공부문,세종,0
2023-04,공공부문,공공부문,강원,0
2023-04,공공부문,공공부문,충북,300
2023-04,공공부문,공공부문,충남,0
2023-04,공공부문,공공부문,전북,0
2023-04,공공부문,공공부문,전남,0
2023-04,공공부문,공공부문,경북,0
2023-04,공공부문,공공부문,경남,0
2023-04,공공부문,공공부문,제주,38
2023-04,합,국민임대,전국,38
2023-04,합,국민임대,서울,0
2023-04,합,국민임대,인천,0
2023-04,합,국민임대,경기,0
2023-04,합,국민임대,부산,0
2023-04,합,국민임대,대구,0
2023-04,합,국민임대,광주,0
2023-04,합,국민임대,대전,0
2023-04,합,국민임대,울산,0
2023-04,합,국민임대,세종,0
2023-04,합,국민임대,강원,0
2023-04,합,국민임대,충북,0
2023-04,합,국민임대,충남,0
2023-04,합,국민임대,전북,0
2023-04,합,국민임대,전남,0
2023-04,합,국민임대,경북,0
2023-04,합,국민임대,경남,0
2023-04,합,국민임대,제주,38
2023-04,합,공공임대,전국,2,658
2023-04,합,공공임대,서울,564
2023-04,합,공공임대,인천,0
2023-04,합,공공임대,경기,772
2023-04,합,공공임대,부산,0
2023-04,합,공공임대,대구,0
2023-04,합,공공임대,광주,0
2023-04,합,공공임대,대전,1,022
2023-04,합,공공임대,울산,0
2023-04,합,공공임대,세종,0
2023-04,합,공공임대,강원,0
2023-04,합,공공임대,충북,300
2023-04,합,공공임대,충남,0
2023-04,합,공공임대,전북,0
2023-04,합,공공임대,전남,0
2023-04,합,공공임대,경북,0
2023-04,합,공공임대,경남,0
2023-04,합,공공임대,제주,0
2023-04,합,공공분양,전국,2,570
2023-04,합,공공분양,서울,0
2023-04,합,공공분양,인천,0
2023-04,합,공공분양,경기,1,077
2023-04,합,공공분양,부산,363
2023-04,합,공공분양,대구,0
2023-04,합,공공분양,광주,0
2023-04,합,공공분양,대전,1,130
2023-04,합,공공분양,울산,0
2023-04,합,공공분양,세종,0
2023-04,합,공공분양,강원,0
2023-04,합,공공분양,충북,0
2023-04,합,공공분양,충남,0
2023-04,합,공공분양,전북,0
2023-04,합,공공분양,전남,0
2023-04,합,공공분양,경북,0
2023-04,합,공공분양,경남,0
2023-04,합,공공분양,제주,0
2023-04,지자체,소계,전국,155
2023-04,지자체,소계,서울,132
2023-04,지자체,소계,인천,0
2023-04,지자체,소계,경기,0
2023-04,지자체,소계,부산,0
2023-04,지자체,소계,대구,0
2023-04,지자체,소계,광주,0
2023-04,지자체,소계,대전,0
2023-04,지자체,소계,울산,0
2023-04,지자체,소계,세종,0
2023-04,지자체,소계,강원,0
2023-04,지자체,소계,충북,0
2023-04,지자체,소계,충남,0
2023-04,지자체,소계,전북,0
2023-04,지자체,소계,전남,0
2023-04,지자체,소계,경북,0
2023-04,지자체,소계,경남,0
2023-04,지자체,소계,제주,23
2023-04,지자체,국민임대,전국,23
2023-04,지자체,국민임대,서울,0
2023-04,지자체,국민임대,인천,0
2023-04,지자체,국민임대,경기,0
2023-04,지자체,국민임대,부산,0
2023-04,지자체,국민임대,대구,0
2023-04,지자체,국민임대,광주,0
2023-04,지자체,국민임대,대전,0
2023-04,지자체,국민임대,울산,0
2023-04,지자체,국민임대,세종,0
2023-04,지자체,국민임대,강원,0
2023-04,지자체,국민임대,충북,0
2023-04,지자체,국민임대,충남,0
2023-04,지자체,국민임대,전북,0
2023-04,지자체,국민임대,전남,0
2023-04,지자체,국민임대,경북,0
2023-04,지자체,국민임대,경남,0
2023-04,지자체,국민임대,제주,23
2023-04,지자체,공공임대,전국,132
2023-04,지자체,공공임대,서울,132
2023-04,지자체,공공임대,인천,0
2023-04,지자체,공공임대,경기,0
2023-04,지자체,공공임대,부산,0
2023-04,지자체,공공임대,대구,0
2023-04,지자체,공공임대,광주,0
2023-04,지자체,공공임대,대전,0
2023-04,지자체,공공임대,울산,0
2023-04,지자체,공공임대,세종,0
2023-04,지자체,공공임대,강원,0
2023-04,지자체,공공임대,충북,0
2023-04,지자체,공공임대,충남,0
2023-04,지자체,공공임대,전북,0
2023-04,지자체,공공임대,전남,0
2023-04,지자체,공공임대,경북,0
2023-04,지자체,공공임대,경남,0
2023-04,지자체,공공임대,제주,0
2023-04,지자체,공공분양,전국,0
2023-04,지자체,공공분양,서울,0
2023-04,지자체,공공분양,인천,0
2023-04,지자체,공공분양,경기,0
2023-04,지자체,공공분양,부산,0
2023-04,지자체,공공분양,대구,0
2023-04,지자체,공공분양,광주,0
2023-04,지자체,공공분양,대전,0
2023-04,지자체,공공분양,울산,0
2023-04,지자체,공공분양,세종,0
2023-04,지자체,공공분양,강원,0
2023-04,지자체,공공분양,충북,0
2023-04,지자체,공공분양,충남,0
2023-04,지자체,공공분양,전북,0
2023-04,지자체,공공분양,전남,0
2023-04,지자체,공공분양,경북,0
2023-04,지자체,공공분양,경남,0
2023-04,지자체,공공분양,제주,0
2023-04,LH,소계,전국,4,294
2023-04,LH,소계,서울,0
2023-04,LH,소계,인천,0
2023-04,LH,소계,경기,1,849
2023-04,LH,소계,부산,363
2023-04,LH,소계,대구,0
2023-04,LH,소계,광주,0
2023-04,LH,소계,대전,1,782
2023-04,LH,소계,울산,0
2023-04,LH,소계,세종,0
2023-04,LH,소계,강원,0
2023-04,LH,소계,충북,300
2023-04,LH,소계,충남,0
2023-04,LH,소계,전북,0
2023-04,LH,소계,전남,0
2023-04,LH,소계,경북,0
2023-04,LH,소계,경남,0
2023-04,LH,소계,제주,0
2023-04,LH,국민임대,전국,0
2023-04,LH,국민임대,서울,0
2023-04,LH,국민임대,인천,0
2023-04,LH,국민임대,경기,0
2023-04,LH,국민임대,부산,0
2023-04,LH,국민임대,대구,0
2023-04,LH,국민임대,광주,0
2023-04,LH,국민임대,대전,0
2023-04,LH,국민임대,울산,0
2023-04,LH,국민임대,세종,0
2023-04,LH,국민임대,강원,0
2023-04,LH,국민임대,충북,0
2023-04,LH,국민임대,충남,0
2023-04,LH,국민임대,전북,0
2023-04,LH,국민임대,전남,0
2023-04,LH,국민임대,경북,0
2023-04,LH,국민임대,경남,0
2023-04,LH,국민임대,제주,0
2023-04,LH,공공임대,전국,1,724
2023-04,LH,공공임대,서울,0
2023-04,LH,공공임대,인천,0
2023-04,LH,공공임대,경기,772
2023-04,LH,공공임대,부산,0
2023-04,LH,공공임대,대구,0
2023-04,LH,공공임대,광주,0
2023-04,LH,공공임대,대전,652
2023-04,LH,공공임대,울산,0
2023-04,LH,공공임대,세종,0
2023-04,LH,공공임대,강원,0
2023-04,LH,공공임대,충북,300
2023-04,LH,공공임대,충남,0
2023-04,LH,공공임대,전북,0
2023-04,LH,공공임대,전남,0
2023-04,LH,공공임대,경북,0
2023-04,LH,공공임대,경남,0
2023-04,LH,공공임대,제주,0
2023-04,LH,공공분양,전국,2,570
2023-04,LH,공공분양,서울,0
2023-04,LH,공공분양,인천,0
2023-04,LH,공공분양,경기,1,077
2023-04,LH,공공분양,부산,363
2023-04,LH,공공분양,대구,0
2023-04,LH,공공분양,광주,0
2023-04,LH,공공분양,대전,1,130
2023-04,LH,공공분양,울산,0
2023-04,LH,공공분양,세종,0
2023-04,LH,공공분양,강원,0
2023-04,LH,공공분양,충북,0
2023-04,LH,공공분양,충남,0
2023-04,LH,공공분양,전북,0
2023-04,LH,공공분양,전남,0
2023-04,LH,공공분양,경북,0
2023-04,LH,공공분양,경남,0
2023-04,LH,공공분양,제주,0
2023-04,주택업체,소계,전국,817
2023-04,주택업체,소계,서울,432
2023-04,주택업체,소계,인천,0
2023-04,주택업체,소계,경기,0
2023-04,주택업체,소계,부산,0
2023-04,주택업체,소계,대구,0
2023-04,주택업체,소계,광주,0
2023-04,주택업체,소계,대전,370
2023-04,주택업체,소계,울산,0
2023-04,주택업체,소계,세종,0
2023-04,주택업체,소계,강원,0
2023-04,주택업체,소계,충북,0
2023-04,주택업체,소계,충남,0
2023-04,주택업체,소계,전북,0
2023-04,주택업체,소계,전남,0
2023-04,주택업체,소계,경북,0
2023-04,주택업체,소계,경남,0
2023-04,주택업체,소계,제주,15
2023-04,주택업체,국민임대,전국,15
2023-04,주택업체,국민임대,서울,0
2023-04,주택업체,국민임대,인천,0
2023-04,주택업체,국민임대,경기,0
2023-04,주택업체,국민임대,부산,0
2023-04,주택업체,국민임대,대구,0
2023-04,주택업체,국민임대,광주,0
2023-04,주택업체,국민임대,대전,0
2023-04,주택업체,국민임대,울산,0
2023-04,주택업체,국민임대,세종,0
2023-04,주택업체,국민임대,강원,0
2023-04,주택업체,국민임대,충북,0
2023-04,주택업체,국민임대,충남,0
2023-04,주택업체,국민임대,전북,0
2023-04,주택업체,국민임대,전남,0
2023-04,주택업체,국민임대,경북,0
2023-04,주택업체,국민임대,경남,0
2023-04,주택업체,국민임대,제주,15
2023-04,주택업체,공공임대,전국,802
2023-04,주택업체,공공임대,서울,432
2023-04,주택업체,공공임대,인천,0
2023-04,주택업체,공공임대,경기,0
2023-04,주택업체,공공임대,부산,0
2023-04,주택업체,공공임대,대구,0
2023-04,주택업체,공공임대,광주,0
2023-04,주택업체,공공임대,대전,370
2023-04,주택업체,공공임대,울산,0
2023-04,주택업체,공공임대,세종,0
2023-04,주택업체,공공임대,강원,0
2023-04,주택업체,공공임대,충북,0
2023-04,주택업체,공공임대,충남,0
2023-04,주택업체,공공임대,전북,0
2023-04,주택업체,공공임대,전남,0
2023-04,주택업체,공공임대,경북,0
2023-04,주택업체,공공임대,경남,0
2023-04,주택업체,공공임대,제주,0
2023-04,주택업체,공공분양,전국,0
2023-04,주택업체,공공분양,서울,0
2023-04,주택업체,공공분양,인천,0
2023-04,주택업체,공공분양,경기,0
2023-04,주택업체,공공분양,부산,0
2023-04,주택업체,공공분양,대구,0
2023-04,주택업체,공공분양,광주,0
2023-04,주택업체,공공분양,대전,0
2023-04,주택업체,공공분양,울산,0
2023-04,주택업체,공공분양,세종,0
2023-04,주택업체,공공분양,강원,0
2023-04,주택업체,공공분양,충북,0
2023-04,주택업체,공공분양,충남,0
2023-04,주택업체,공공분양,전북,0
2023-04,주택업체,공공분양,전남,0
2023-04,주택업체,공공분양,경북,0
2023-04,주택업체,공공분양,경남,0
2023-04,주택업체,공공분양,제주,0
2023-04,민간부문,민간부문,전국,122,509
2023-04,민간부문,민간부문,서울,14,662
2023-04,민간부문,민간부문,인천,5,729
2023-04,민간부문,민간부문,경기,25,444
2023-04,민간부문,민간부문,부산,8,043
2023-04,민간부문,민간부문,대구,6,090
2023-04,민간부문,민간부문,광주,2,516
2023-04,민간부문,민간부문,대전,6,972
2023-04,민간부문,민간부문,울산,5,985
2023-04,민간부문,민간부문,세종,79
2023-04,민간부문,민간부문,강원,5,251
2023-04,민간부문,민간부문,충북,3,372
2023-04,민간부문,민간부문,충남,12,247
2023-04,민간부문,민간부문,전북,6,233
2023-04,민간부문,민간부문,전남,4,642
2023-04,민간부문,민간부문,경북,8,774
2023-04,민간부문,민간부문,경남,4,622
2023-04,민간부문,민간부문,제주,1,848
2023-04,민간,민간임대,전국,10,060
2023-04,민간,민간임대,서울,2,016
2023-04,민간,민간임대,인천,0
2023-04,민간,민간임대,경기,1,046
2023-04,민간,민간임대,부산,90
2023-04,민간,민간임대,대구,0
2023-04,민간,민간임대,광주,0
2023-04,민간,민간임대,대전,0
2023-04,민간,민간임대,울산,0
2023-04,민간,민간임대,세종,0
2023-04,민간,민간임대,강원,0
2023-04,민간,민간임대,충북,414
2023-04,민간,민간임대,충남,646
2023-04,민간,민간임대,전북,912
2023-04,민간,민간임대,전남,1,054
2023-04,민간,민간임대,경북,1,163
2023-04,민간,민간임대,경남,2,279
2023-04,민간,민간임대,제주,440
2023-04,민간,민간분양,전국,112,449
2023-04,민간,민간분양,서울,12,646
2023-04,민간,민간분양,인천,5,729
2023-04,민간,민간분양,경기,24,398
2023-04,민간,민간분양,부산,7,953
2023-04,민간,민간분양,대구,6,090
2023-04,민간,민간분양,광주,2,516
2023-04,민간,민간분양,대전,6,972
2023-04,민간,민간분양,울산,5,985
2023-04,민간,민간분양,세종,79
2023-04,민간,민간분양,강원,5,251
2023-04,민간,민간분양,충북,2,958
2023-04,민간,민간분양,충남,11,601
2023-04,민간,민간분양,전북,5,321
2023-04,민간,민간분양,전남,3,588
2023-04,민간,민간분양,경북,7,611
2023-04,민간,민간분양,경남,2,343
2023-04,민간,민간분양,제주,1,408
2023-05,총  계,총  계,전국,162,824
2023-05,총  계,총  계,서울,16,200
2023-05,총  계,총  계,인천,8,948
2023-05,총  계,총  계,경기,39,325
2023-05,총  계,총  계,부산,10,407
2023-05,총  계,총  계,대구,6,614
2023-05,총  계,총  계,광주,4,406
2023-05,총  계,총  계,대전,9,157
2023-05,총  계,총  계,울산,7,070
2023-05,총  계,총  계,세종,239
2023-05,총  계,총  계,강원,6,502
2023-05,총  계,총  계,충북,4,879
2023-05,총  계,총  계,충남,13,920
2023-05,총  계,총  계,전북,6,466
2023-05,총  계,총  계,전남,7,457
2023-05,총  계,총  계,경북,11,703
2023-05,총  계,총  계,경남,7,212
2023-05,총  계,총  계,제주,2,319
2023-05,공공부문,공공부문,전국,5,304
2023-05,공공부문,공공부문,서울,564
2023-05,공공부문,공공부문,인천,0
2023-05,공공부문,공공부문,경기,1,849
2023-05,공공부문,공공부문,부산,363
2023-05,공공부문,공공부문,대구,0
2023-05,공공부문,공공부문,광주,0
2023-05,공공부문,공공부문,대전,2,152
2023-05,공공부문,공공부문,울산,38
2023-05,공공부문,공공부문,세종,0
2023-05,공공부문,공공부문,강원,0
2023-05,공공부문,공공부문,충북,300
2023-05,공공부문,공공부문,충남,0
2023-05,공공부문,공공부문,전북,0
2023-05,공공부문,공공부문,전남,0
2023-05,공공부문,공공부문,경북,0
2023-05,공공부문,공공부문,경남,0
2023-05,공공부문,공공부문,제주,38
2023-05,합,국민임대,전국,38
2023-05,합,국민임대,서울,0
2023-05,합,국민임대,인천,0
2023-05,합,국민임대,경기,0
2023-05,합,국민임대,부산,0
2023-05,합,국민임대,대구,0
2023-05,합,국민임대,광주,0
2023-05,합,국민임대,대전,0
2023-05,합,국민임대,울산,0
2023-05,합,국민임대,세종,0
2023-05,합,국민임대,강원,0
2023-05,합,국민임대,충북,0
2023-05,합,국민임대,충남,0
2023-05,합,국민임대,전북,0
2023-05,합,국민임대,전남,0
2023-05,합,국민임대,경북,0
2023-05,합,국민임대,경남,0
2023-05,합,국민임대,제주,38
2023-05,합,공공임대,전국,2,696
2023-05,합,공공임대,서울,564
2023-05,합,공공임대,인천,0
2023-05,합,공공임대,경기,772
2023-05,합,공공임대,부산,0
2023-05,합,공공임대,대구,0
2023-05,합,공공임대,광주,0
2023-05,합,공공임대,대전,1,022
2023-05,합,공공임대,울산,38
2023-05,합,공공임대,세종,0
2023-05,합,공공임대,강원,0
2023-05,합,공공임대,충북,300
2023-05,합,공공임대,충남,0
2023-05,합,공공임대,전북,0
2023-05,합,공공임대,전남,0
2023-05,합,공공임대,경북,0
2023-05,합,공공임대,경남,0
2023-05,합,공공임대,제주,0
2023-05,합,공공분양,전국,2,570
2023-05,합,공공분양,서울,0
2023-05,합,공공분양,인천,0
2023-05,합,공공분양,경기,1,077
2023-05,합,공공분양,부산,363
2023-05,합,공공분양,대구,0
2023-05,합,공공분양,광주,0
2023-05,합,공공분양,대전,1,130
2023-05,합,공공분양,울산,0
2023-05,합,공공분양,세종,0
2023-05,합,공공분양,강원,0
2023-05,합,공공분양,충북,0
2023-05,합,공공분양,충남,0
2023-05,합,공공분양,전북,0
2023-05,합,공공분양,전남,0
2023-05,합,공공분양,경북,0
2023-05,합,공공분양,경남,0
2023-05,합,공공분양,제주,0
2023-05,지자체,소계,전국,193
2023-05,지자체,소계,서울,132
2023-05,지자체,소계,인천,0
2023-05,지자체,소계,경기,0
2023-05,지자체,소계,부산,0
2023-05,지자체,소계,대구,0
2023-05,지자체,소계,광주,0
2023-05,지자체,소계,대전,0
2023-05,지자체,소계,울산,38
2023-05,지자체,소계,세종,0
2023-05,지자체,소계,강원,0
2023-05,지자체,소계,충북,0
2023-05,지자체,소계,충남,0
2023-05,지자체,소계,전북,0
2023-05,지자체,소계,전남,0
2023-05,지자체,소계,경북,0
2023-05,지자체,소계,경남,0
2023-05,지자체,소계,제주,23
2023-05,지자체,국민임대,전국,23
2023-05,지자체,국민임대,서울,0
2023-05,지자체,국민임대,인천,0
2023-05,지자체,국민임대,경기,0
2023-05,지자체,국민임대,부산,0
2023-05,지자체,국민임대,대구,0
2023-05,지자체,국민임대,광주,0
2023-05,지자체,국민임대,대전,0
2023-05,지자체,국민임대,울산,0
2023-05,지자체,국민임대,세종,0
2023-05,지자체,국민임대,강원,0
2023-05,지자체,국민임대,충북,0
2023-05,지자체,국민임대,충남,0
2023-05,지자체,국민임대,전북,0
2023-05,지자체,국민임대,전남,0
2023-05,지자체,국민임대,경북,0
2023-05,지자체,국민임대,경남,0
2023-05,지자체,국민임대,제주,23
2023-05,지자체,공공임대,전국,170
2023-05,지자체,공공임대,서울,132
2023-05,지자체,공공임대,인천,0
2023-05,지자체,공공임대,경기,0
2023-05,지자체,공공임대,부산,0
2023-05,지자체,공공임대,대구,0
2023-05,지자체,공공임대,광주,0
2023-05,지자체,공공임대,대전,0
2023-05,지자체,공공임대,울산,38
2023-05,지자체,공공임대,세종,0
2023-05,지자체,공공임대,강원,0
2023-05,지자체,공공임대,충북,0
2023-05,지자체,공공임대,충남,0
2023-05,지자체,공공임대,전북,0
2023-05,지자체,공공임대,전남,0
2023-05,지자체,공공임대,경북,0
2023-05,지자체,공공임대,경남,0
2023-05,지자체,공공임대,제주,0
2023-05,지자체,공공분양,전국,0
2023-05,지자체,공공분양,서울,0
2023-05,지자체,공공분양,인천,0
2023-05,지자체,공공분양,경기,0
2023-05,지자체,공공분양,부산,0
2023-05,지자체,공공분양,대구,0
2023-05,지자체,공공분양,광주,0
2023-05,지자체,공공분양,대전,0
2023-05,지자체,공공분양,울산,0
2023-05,지자체,공공분양,세종,0
2023-05,지자체,공공분양,강원,0
2023-05,지자체,공공분양,충북,0
2023-05,지자체,공공분양,충남,0
2023-05,지자체,공공분양,전북,0
2023-05,지자체,공공분양,전남,0
2023-05,지자체,공공분양,경북,0
2023-05,지자체,공공분양,경남,0
2023-05,지자체,공공분양,제주,0
2023-05,LH,소계,전국,4,294
2023-05,LH,소계,서울,0
2023-05,LH,소계,인천,0
2023-05,LH,소계,경기,1,849
2023-05,LH,소계,부산,363
2023-05,LH,소계,대구,0
2023-05,LH,소계,광주,0
2023-05,LH,소계,대전,1,782
2023-05,LH,소계,울산,0
2023-05,LH,소계,세종,0
2023-05,LH,소계,강원,0
2023-05,LH,소계,충북,300
2023-05,LH,소계,충남,0
2023-05,LH,소계,전북,0
2023-05,LH,소계,전남,0
2023-05,LH,소계,경북,0
2023-05,LH,소계,경남,0
2023-05,LH,소계,제주,0
2023-05,LH,국민임대,전국,0
2023-05,LH,국민임대,서울,0
2023-05,LH,국민임대,인천,0
2023-05,LH,국민임대,경기,0
2023-05,LH,국민임대,부산,0
2023-05,LH,국민임대,대구,0
2023-05,LH,국민임대,광주,0
2023-05,LH,국민임대,대전,0
2023-05,LH,국민임대,울산,0
2023-05,LH,국민임대,세종,0
2023-05,LH,국민임대,강원,0
2023-05,LH,국민임대,충북,0
2023-05,LH,국민임대,충남,0
2023-05,LH,국민임대,전북,0
2023-05,LH,국민임대,전남,0
2023-05,LH,국민임대,경북,0
2023-05,LH,국민임대,경남,0
2023-05,LH,국민임대,제주,0
2023-05,LH,공공임대,전국,1,724
2023-05,LH,공공임대,서울,0
2023-05,LH,공공임대,인천,0
2023-05,LH,공공임대,경기,772
2023-05,LH,공공임대,부산,0
2023-05,LH,공공임대,대구,0
2023-05,LH,공공임대,광주,0
2023-05,LH,공공임대,대전,652
2023-05,LH,공공임대,울산,0
2023-05,LH,공공임대,세종,0
2023-05,LH,공공임대,강원,0
2023-05,LH,공공임대,충북,300
2023-05,LH,공공임대,충남,0
2023-05,LH,공공임대,전북,0
2023-05,LH,공공임대,전남,0
2023-05,LH,공공임대,경북,0
2023-05,LH,공공임대,경남,0
2023-05,LH,공공임대,제주,0
2023-05,LH,공공분양,전국,2,570
2023-05,LH,공공분양,서울,0
2023-05,LH,공공분양,인천,0
2023-05,LH,공공분양,경기,1,077
2023-05,LH,공공분양,부산,363
2023-05,LH,공공분양,대구,0
2023-05,LH,공공분양,광주,0
2023-05,LH,공공분양,대전,1,130
2023-05,LH,공공분양,울산,0
2023-05,LH,공공분양,세종,0
2023-05,LH,공공분양,강원,0
2023-05,LH,공공분양,충북,0
2023-05,LH,공공분양,충남,0
2023-05,LH,공공분양,전북,0
2023-05,LH,공공분양,전남,0
2023-05,LH,공공분양,경북,0
2023-05,LH,공공분양,경남,0
2023-05,LH,공공분양,제주,0
2023-05,주택업체,소계,전국,817
2023-05,주택업체,소계,서울,432
2023-05,주택업체,소계,인천,0
2023-05,주택업체,소계,경기,0
2023-05,주택업체,소계,부산,0
2023-05,주택업체,소계,대구,0
2023-05,주택업체,소계,광주,0
2023-05,주택업체,소계,대전,370
2023-05,주택업체,소계,울산,0
2023-05,주택업체,소계,세종,0
2023-05,주택업체,소계,강원,0
2023-05,주택업체,소계,충북,0
2023-05,주택업체,소계,충남,0
2023-05,주택업체,소계,전북,0
2023-05,주택업체,소계,전남,0
2023-05,주택업체,소계,경북,0
2023-05,주택업체,소계,경남,0
2023-05,주택업체,소계,제주,15
2023-05,주택업체,국민임대,전국,15
2023-05,주택업체,국민임대,서울,0
2023-05,주택업체,국민임대,인천,0
2023-05,주택업체,국민임대,경기,0
2023-05,주택업체,국민임대,부산,0
2023-05,주택업체,국민임대,대구,0
2023-05,주택업체,국민임대,광주,0
2023-05,주택업체,국민임대,대전,0
2023-05,주택업체,국민임대,울산,0
2023-05,주택업체,국민임대,세종,0
2023-05,주택업체,국민임대,강원,0
2023-05,주택업체,국민임대,충북,0
2023-05,주택업체,국민임대,충남,0
2023-05,주택업체,국민임대,전북,0
2023-05,주택업체,국민임대,전남,0
2023-05,주택업체,국민임대,경북,0
2023-05,주택업체,국민임대,경남,0
2023-05,주택업체,국민임대,제주,15
2023-05,주택업체,공공임대,전국,802
2023-05,주택업체,공공임대,서울,432
2023-05,주택업체,공공임대,인천,0
2023-05,주택업체,공공임대,경기,0
2023-05,주택업체,공공임대,부산,0
2023-05,주택업체,공공임대,대구,0
2023-05,주택업체,공공임대,광주,0
2023-05,주택업체,공공임대,대전,370
2023-05,주택업체,공공임대,울산,0
2023-05,주택업체,공공임대,세종,0
2023-05,주택업체,공공임대,강원,0
2023-05,주택업체,공공임대,충북,0
2023-05,주택업체,공공임대,충남,0
2023-05,주택업체,공공임대,전북,0
2023-05,주택업체,공공임대,전남,0
2023-05,주택업체,공공임대,경북,0
2023-05,주택업체,공공임대,경남,0
2023-05,주택업체,공공임대,제주,0
2023-05,주택업체,공공분양,전국,0
2023-05,주택업체,공공분양,서울,0
2023-05,주택업체,공공분양,인천,0
2023-05,주택업체,공공분양,경기,0
2023-05,주택업체,공공분양,부산,0
2023-05,주택업체,공공분양,대구,0
2023-05,주택업체,공공분양,광주,0
2023-05,주택업체,공공분양,대전,0
2023-05,주택업체,공공분양,울산,0
2023-05,주택업체,공공분양,세종,0
2023-05,주택업체,공공분양,강원,0
2023-05,주택업체,공공분양,충북,0
2023-05,주택업체,공공분양,충남,0
2023-05,주택업체,공공분양,전북,0
2023-05,주택업체,공공분양,전남,0
2023-05,주택업체,공공분양,경북,0
2023-05,주택업체,공공분양,경남,0
2023-05,주택업체,공공분양,제주,0
2023-05,민간부문,민간부문,전국,157,520
2023-05,민간부문,민간부문,서울,15,636
2023-05,민간부문,민간부문,인천,8,948
2023-05,민간부문,민간부문,경기,37,476
2023-05,민간부문,민간부문,부산,10,044
2023-05,민간부문,민간부문,대구,6,614
2023-05,민간부문,민간부문,광주,4,406
2023-05,민간부문,민간부문,대전,7,005
2023-05,민간부문,민간부문,울산,7,032
2023-05,민간부문,민간부문,세종,239
2023-05,민간부문,민간부문,강원,6,502
2023-05,민간부문,민간부문,충북,4,579
2023-05,민간부문,민간부문,충남,13,920
2023-05,민간부문,민간부문,전북,6,466
2023-05,민간부문,민간부문,전남,7,457
2023-05,민간부문,민간부문,경북,11,703
2023-05,민간부문,민간부문,경남,7,212
2023-05,민간부문,민간부문,제주,2,281
2023-05,민간,민간임대,전국,12,626
2023-05,민간,민간임대,서울,2,016
2023-05,민간,민간임대,인천,0
2023-05,민간,민간임대,경기,2,893
2023-05,민간,민간임대,부산,90
2023-05,민간,민간임대,대구,0
2023-05,민간,민간임대,광주,0
2023-05,민간,민간임대,대전,0
2023-05,민간,민간임대,울산,0
2023-05,민간,민간임대,세종,60
2023-05,민간,민간임대,강원,0
2023-05,민간,민간임대,충북,414
2023-05,민간,민간임대,충남,646
2023-05,민간,민간임대,전북,952
2023-05,민간,민간임대,전남,1,054
2023-05,민간,민간임대,경북,1,163
2023-05,민간,민간임대,경남,2,898
2023-05,민간,민간임대,제주,440
2023-05,민간,민간분양,전국,144,894
2023-05,민간,민간분양,서울,13,620
2023-05,민간,민간분양,인천,8,948
2023-05,민간,민간분양,경기,34,583
2023-05,민간,민간분양,부산,9,954
2023-05,민간,민간분양,대구,6,614
2023-05,민간,민간분양,광주,4,406
2023-05,민간,민간분양,대전,7,005
2023-05,민간,민간분양,울산,7,032
2023-05,민간,민간분양,세종,179
2023-05,민간,민간분양,강원,6,502
2023-05,민간,민간분양,충북,4,165
2023-05,민간,민간분양,충남,13,274
2023-05,민간,민간분양,전북,5,514
2023-05,민간,민간분양,전남,6,403
2023-05,민간,민간분양,경북,10,540
2023-05,민간,민간분양,경남,4,314
2023-05,민간,민간분양,제주,1,841
2023-06,총  계,총  계,전국,199,810
2023-06,총  계,총  계,서울,17,495
2023-06,총  계,총  계,인천,13,193
2023-06,총  계,총  계,경기,47,921
2023-06,총  계,총  계,부산,12,820
2023-06,총  계,총  계,대구,8,578
2023-06,총  계,총  계,광주,5,008
2023-06,총  계,총  계,대전,11,386
2023-06,총  계,총  계,울산,7,532
2023-06,총  계,총  계,세종,256
2023-06,총  계,총  계,강원,8,205
2023-06,총  계,총  계,충북,5,123
2023-06,총  계,총  계,충남,14,935
2023-06,총  계,총  계,전북,10,073
2023-06,총  계,총  계,전남,11,577
2023-06,총  계,총  계,경북,14,444
2023-06,총  계,총  계,경남,8,197
2023-06,총  계,총  계,제주,3,067
2023-06,공공부문,공공부문,전국,8,736
2023-06,공공부문,공공부문,서울,912
2023-06,공공부문,공공부문,인천,1,458
2023-06,공공부문,공공부문,경기,3,395
2023-06,공공부문,공공부문,부산,363
2023-06,공공부문,공공부문,대구,0
2023-06,공공부문,공공부문,광주,0
2023-06,공공부문,공공부문,대전,2,152
2023-06,공공부문,공공부문,울산,38
2023-06,공공부문,공공부문,세종,0
2023-06,공공부문,공공부문,강원,80
2023-06,공공부문,공공부문,충북,300
2023-06,공공부문,공공부문,충남,0
2023-06,공공부문,공공부문,전북,0
2023-06,공공부문,공공부문,전남,0
2023-06,공공부문,공공부문,경북,0
2023-06,공공부문,공공부문,경남,0
2023-06,공공부문,공공부문,제주,38
2023-06,합,국민임대,전국,38
2023-06,합,국민임대,서울,0
2023-06,합,국민임대,인천,0
2023-06,합,국민임대,경기,0
2023-06,합,국민임대,부산,0
2023-06,합,국민임대,대구,0
2023-06,합,국민임대,광주,0
2023-06,합,국민임대,대전,0
2023-06,합,국민임대,울산,0
2023-06,합,국민임대,세종,0
2023-06,합,국민임대,강원,0
2023-06,합,국민임대,충북,0
2023-06,합,국민임대,충남,0
2023-06,합,국민임대,전북,0
2023-06,합,국민임대,전남,0
2023-06,합,국민임대,경북,0
2023-06,합,국민임대,경남,0
2023-06,합,국민임대,제주,38
2023-06,합,공공임대,전국,3,047
2023-06,합,공공임대,서울,649
2023-06,합,공공임대,인천,0
2023-06,합,공공임대,경기,958
2023-06,합,공공임대,부산,0
2023-06,합,공공임대,대구,0
2023-06,합,공공임대,광주,0
2023-06,합,공공임대,대전,1,022
2023-06,합,공공임대,울산,38
2023-06,합,공공임대,세종,0
2023-06,합,공공임대,강원,80
2023-06,합,공공임대,충북,300
2023-06,합,공공임대,충남,0
2023-06,합,공공임대,전북,0
2023-06,합,공공임대,전남,0
2023-06,합,공공임대,경북,0
2023-06,합,공공임대,경남,0
2023-06,합,공공임대,제주,0
2023-06,합,공공분양,전국,5,651
2023-06,합,공공분양,서울,263
2023-06,합,공공분양,인천,1,458
2023-06,합,공공분양,경기,2,437
2023-06,합,공공분양,부산,363
2023-06,합,공공분양,대구,0
2023-06,합,공공분양,광주,0
2023-06,합,공공분양,대전,1,130
2023-06,합,공공분양,울산,0
2023-06,합,공공분양,세종,0
2023-06,합,공공분양,강원,0
2023-06,합,공공분양,충북,0
2023-06,합,공공분양,충남,0
2023-06,합,공공분양,전북,0
2023-06,합,공공분양,전남,0
2023-06,합,공공분양,경북,0
2023-06,합,공공분양,경남,0
2023-06,합,공공분양,제주,0
2023-06,지자체,소계,전국,1,803
2023-06,지자체,소계,서울,132
2023-06,지자체,소계,인천,1,458
2023-06,지자체,소계,경기,152
2023-06,지자체,소계,부산,0
2023-06,지자체,소계,대구,0
2023-06,지자체,소계,광주,0
2023-06,지자체,소계,대전,0
2023-06,지자체,소계,울산,38
2023-06,지자체,소계,세종,0
2023-06,지자체,소계,강원,0
2023-06,지자체,소계,충북,0
2023-06,지자체,소계,충남,0
2023-06,지자체,소계,전북,0
2023-06,지자체,소계,전남,0
2023-06,지자체,소계,경북,0
2023-06,지자체,소계,경남,0
2023-06,지자체,소계,제주,23
2023-06,지자체,국민임대,전국,23
2023-06,지자체,국민임대,서울,0
2023-06,지자체,국민임대,인천,0
2023-06,지자체,국민임대,경기,0
2023-06,지자체,국민임대,부산,0
2023-06,지자체,국민임대,대구,0
2023-06,지자체,국민임대,광주,0
2023-06,지자체,국민임대,대전,0
2023-06,지자체,국민임대,울산,0
2023-06,지자체,국민임대,세종,0
2023-06,지자체,국민임대,강원,0
2023-06,지자체,국민임대,충북,0
2023-06,지자체,국민임대,충남,0
2023-06,지자체,국민임대,전북,0
2023-06,지자체,국민임대,전남,0
2023-06,지자체,국민임대,경북,0
2023-06,지자체,국민임대,경남,0
2023-06,지자체,국민임대,제주,23
2023-06,지자체,공공임대,전국,322
2023-06,지자체,공공임대,서울,132
2023-06,지자체,공공임대,인천,0
2023-06,지자체,공공임대,경기,152
2023-06,지자체,공공임대,부산,0
2023-06,지자체,공공임대,대구,0
2023-06,지자체,공공임대,광주,0
2023-06,지자체,공공임대,대전,0
2023-06,지자체,공공임대,울산,38
2023-06,지자체,공공임대,세종,0
2023-06,지자체,공공임대,강원,0
2023-06,지자체,공공임대,충북,0
2023-06,지자체,공공임대,충남,0
2023-06,지자체,공공임대,전북,0
2023-06,지자체,공공임대,전남,0
2023-06,지자체,공공임대,경북,0
2023-06,지자체,공공임대,경남,0
2023-06,지자체,공공임대,제주,0
2023-06,지자체,공공분양,전국,1,458
2023-06,지자체,공공분양,서울,0
2023-06,지자체,공공분양,인천,1,458
2023-06,지자체,공공분양,경기,0
2023-06,지자체,공공분양,부산,0
2023-06,지자체,공공분양,대구,0
2023-06,지자체,공공분양,광주,0
2023-06,지자체,공공분양,대전,0
2023-06,지자체,공공분양,울산,0
2023-06,지자체,공공분양,세종,0
2023-06,지자체,공공분양,강원,0
2023-06,지자체,공공분양,충북,0
2023-06,지자체,공공분양,충남,0
2023-06,지자체,공공분양,전북,0
2023-06,지자체,공공분양,전남,0
2023-06,지자체,공공분양,경북,0
2023-06,지자체,공공분양,경남,0
2023-06,지자체,공공분양,제주,0
2023-06,LH,소계,전국,6,116
2023-06,LH,소계,서울,348
2023-06,LH,소계,인천,0
2023-06,LH,소계,경기,3,243
2023-06,LH,소계,부산,363
2023-06,LH,소계,대구,0
2023-06,LH,소계,광주,0
2023-06,LH,소계,대전,1,782
2023-06,LH,소계,울산,0
2023-06,LH,소계,세종,0
2023-06,LH,소계,강원,80
2023-06,LH,소계,충북,300
2023-06,LH,소계,충남,0
2023-06,LH,소계,전북,0
2023-06,LH,소계,전남,0
2023-06,LH,소계,경북,0
2023-06,LH,소계,경남,0
2023-06,LH,소계,제주,0
2023-06,LH,국민임대,전국,0
2023-06,LH,국민임대,서울,0
2023-06,LH,국민임대,인천,0
2023-06,LH,국민임대,경기,0
2023-06,LH,국민임대,부산,0
2023-06,LH,국민임대,대구,0
2023-06,LH,국민임대,광주,0
2023-06,LH,국민임대,대전,0
2023-06,LH,국민임대,울산,0
2023-06,LH,국민임대,세종,0
2023-06,LH,국민임대,강원,0
2023-06,LH,국민임대,충북,0
2023-06,LH,국민임대,충남,0
2023-06,LH,국민임대,전북,0
2023-06,LH,국민임대,전남,0
2023-06,LH,국민임대,경북,0
2023-06,LH,국민임대,경남,0
2023-06,LH,국민임대,제주,0
2023-06,LH,공공임대,전국,1,923
2023-06,LH,공공임대,서울,85
2023-06,LH,공공임대,인천,0
2023-06,LH,공공임대,경기,806
2023-06,LH,공공임대,부산,0
2023-06,LH,공공임대,대구,0
2023-06,LH,공공임대,광주,0
2023-06,LH,공공임대,대전,652
2023-06,LH,공공임대,울산,0
2023-06,LH,공공임대,세종,0
2023-06,LH,공공임대,강원,80
2023-06,LH,공공임대,충북,300
2023-06,LH,공공임대,충남,0
2023-06,LH,공공임대,전북,0
2023-06,LH,공공임대,전남,0
2023-06,LH,공공임대,경북,0
2023-06,LH,공공임대,경남,0
2023-06,LH,공공임대,제주,0
2023-06,LH,공공분양,전국,4,193
2023-06,LH,공공분양,서울,263
2023-06,LH,공공분양,인천,0
2023-06,LH,공공분양,경기,2,437
2023-06,LH,공공분양,부산,363
2023-06,LH,공공분양,대구,0
2023-06,LH,공공분양,광주,0
2023-06,LH,공공분양,대전,1,130
2023-06,LH,공공분양,울산,0
2023-06,LH,공공분양,세종,0
2023-06,LH,공공분양,강원,0
2023-06,LH,공공분양,충북,0
2023-06,LH,공공분양,충남,0
2023-06,LH,공공분양,전북,0
2023-06,LH,공공분양,전남,0
2023-06,LH,공공분양,경북,0
2023-06,LH,공공분양,경남,0
2023-06,LH,공공분양,제주,0
2023-06,주택업체,소계,전국,817
2023-06,주택업체,소계,서울,432
2023-06,주택업체,소계,인천,0
2023-06,주택업체,소계,경기,0
2023-06,주택업체,소계,부산,0
2023-06,주택업체,소계,대구,0
2023-06,주택업체,소계,광주,0
2023-06,주택업체,소계,대전,370
2023-06,주택업체,소계,울산,0
2023-06,주택업체,소계,세종,0
2023-06,주택업체,소계,강원,0
2023-06,주택업체,소계,충북,0
2023-06,주택업체,소계,충남,0
2023-06,주택업체,소계,전북,0
2023-06,주택업체,소계,전남,0
2023-06,주택업체,소계,경북,0
2023-06,주택업체,소계,경남,0
2023-06,주택업체,소계,제주,15
2023-06,주택업체,국민임대,전국,15
2023-06,주택업체,국민임대,서울,0
2023-06,주택업체,국민임대,인천,0
2023-06,주택업체,국민임대,경기,0
2023-06,주택업체,국민임대,부산,0
2023-06,주택업체,국민임대,대구,0
2023-06,주택업체,국민임대,광주,0
2023-06,주택업체,국민임대,대전,0
2023-06,주택업체,국민임대,울산,0
2023-06,주택업체,국민임대,세종,0
2023-06,주택업체,국민임대,강원,0
2023-06,주택업체,국민임대,충북,0
2023-06,주택업체,국민임대,충남,0
2023-06,주택업체,국민임대,전북,0
2023-06,주택업체,국민임대,전남,0
2023-06,주택업체,국민임대,경북,0
2023-06,주택업체,국민임대,경남,0
2023-06,주택업체,국민임대,제주,15
2023-06,주택업체,공공임대,전국,802
2023-06,주택업체,공공임대,서울,432
2023-06,주택업체,공공임대,인천,0
2023-06,주택업체,공공임대,경기,0
2023-06,주택업체,공공임대,부산,0
2023-06,주택업체,공공임대,대구,0
2023-06,주택업체,공공임대,광주,0
2023-06,주택업체,공공임대,대전,370
2023-06,주택업체,공공임대,울산,0
2023-06,주택업체,공공임대,세종,0
2023-06,주택업체,공공임대,강원,0
2023-06,주택업체,공공임대,충북,0
2023-06,주택업체,공공임대,충남,0
2023-06,주택업체,공공임대,전북,0
2023-06,주택업체,공공임대,전남,0
2023-06,주택업체,공공임대,경북,0
2023-06,주택업체,공공임대,경남,0
2023-06,주택업체,공공임대,제주,0
2023-06,주택업체,공공분양,전국,0
2023-06,주택업체,공공분양,서울,0
2023-06,주택업체,공공분양,인천,0
2023-06,주택업체,공공분양,경기,0
2023-06,주택업체,공공분양,부산,0
2023-06,주택업체,공공분양,대구,0
2023-06,주택업체,공공분양,광주,0
2023-06,주택업체,공공분양,대전,0
2023-06,주택업체,공공분양,울산,0
2023-06,주택업체,공공분양,세종,0
2023-06,주택업체,공공분양,강원,0
2023-06,주택업체,공공분양,충북,0
2023-06,주택업체,공공분양,충남,0
2023-06,주택업체,공공분양,전북,0
2023-06,주택업체,공공분양,전남,0
2023-06,주택업체,공공분양,경북,0
2023-06,주택업체,공공분양,경남,0
2023-06,주택업체,공공분양,제주,0
2023-06,민간부문,민간부문,전국,191,074
2023-06,민간부문,민간부문,서울,16,583
2023-06,민간부문,민간부문,인천,11,735
2023-06,민간부문,민간부문,경기,44,526
2023-06,민간부문,민간부문,부산,12,457
2023-06,민간부문,민간부문,대구,8,578
2023-06,민간부문,민간부문,광주,5,008
2023-06,민간부문,민간부문,대전,9,234
2023-06,민간부문,민간부문,울산,7,494
2023-06,민간부문,민간부문,세종,256
2023-06,민간부문,민간부문,강원,8,125
2023-06,민간부문,민간부문,충북,4,823
2023-06,민간부문,민간부문,충남,14,935
2023-06,민간부문,민간부문,전북,10,073
2023-06,민간부문,민간부문,전남,11,577
2023-06,민간부문,민간부문,경북,14,444
2023-06,민간부문,민간부문,경남,8,197
2023-06,민간부문,민간부문,제주,3,029
2023-06,민간,민간임대,전국,13,637
2023-06,민간,민간임대,서울,2,429
2023-06,민간,민간임대,인천,179
2023-06,민간,민간임대,경기,2,893
2023-06,민간,민간임대,부산,90
2023-06,민간,민간임대,대구,0
2023-06,민간,민간임대,광주,0
2023-06,민간,민간임대,대전,0
2023-06,민간,민간임대,울산,0
2023-06,민간,민간임대,세종,60
2023-06,민간,민간임대,강원,0
2023-06,민간,민간임대,충북,414
2023-06,민간,민간임대,충남,646
2023-06,민간,민간임대,전북,952
2023-06,민간,민간임대,전남,1,473
2023-06,민간,민간임대,경북,1,163
2023-06,민간,민간임대,경남,2,898
2023-06,민간,민간임대,제주,440
2023-06,민간,민간분양,전국,177,437
2023-06,민간,민간분양,서울,14,154
2023-06,민간,민간분양,인천,11,556
2023-06,민간,민간분양,경기,41,633
2023-06,민간,민간분양,부산,12,367
2023-06,민간,민간분양,대구,8,578
2023-06,민간,민간분양,광주,5,008
2023-06,민간,민간분양,대전,9,234
2023-06,민간,민간분양,울산,7,494
2023-06,민간,민간분양,세종,196
2023-06,민간,민간분양,강원,8,125
2023-06,민간,민간분양,충북,4,409
2023-06,민간,민간분양,충남,14,289
2023-06,민간,민간분양,전북,9,121
2023-06,민간,민간분양,전남,10,104
2023-06,민간,민간분양,경북,13,281
2023-06,민간,민간분양,경남,5,299
2023-06,민간,민간분양,제주,2,589
2023-07,총  계,총  계,전국,221,069
2023-07,총  계,총  계,서울,20,090
2023-07,총  계,총  계,인천,14,365
2023-07,총  계,총  계,경기,53,321
2023-07,총  계,총  계,부산,14,914
2023-07,총  계,총  계,대구,8,594
2023-07,총  계,총  계,광주,5,963
2023-07,총  계,총  계,대전,12,065
2023-07,총  계,총  계,울산,7,746
2023-07,총  계,총  계,세종,305
2023-07,총  계,총  계,강원,9,112
2023-07,총  계,총  계,충북,5,387
2023-07,총  계,총  계,충남,16,831
2023-07,총  계,총  계,전북,10,322
2023-07,총  계,총  계,전남,12,730
2023-07,총  계,총  계,경북,15,618
2023-07,총  계,총  계,경남,9,385
2023-07,총  계,총  계,제주,4,321
2023-07,공공부문,공공부문,전국,10,897
2023-07,공공부문,공공부문,서울,1,900
2023-07,공공부문,공공부문,인천,1,458
2023-07,공공부문,공공부문,경기,3,395
2023-07,공공부문,공공부문,부산,1,486
2023-07,공공부문,공공부문,대구,0
2023-07,공공부문,공공부문,광주,0
2023-07,공공부문,공공부문,대전,2,152
2023-07,공공부문,공공부문,울산,38
2023-07,공공부문,공공부문,세종,0
2023-07,공공부문,공공부문,강원,80
2023-07,공공부문,공공부문,충북,300
2023-07,공공부문,공공부문,충남,50
2023-07,공공부문,공공부문,전북,0
2023-07,공공부문,공공부문,전남,0
2023-07,공공부문,공공부문,경북,0
2023-07,공공부문,공공부문,경남,0
2023-07,공공부문,공공부문,제주,38
2023-07,합,국민임대,전국,38
2023-07,합,국민임대,서울,0
2023-07,합,국민임대,인천,0
2023-07,합,국민임대,경기,0
2023-07,합,국민임대,부산,0
2023-07,합,국민임대,대구,0
2023-07,합,국민임대,광주,0
2023-07,합,국민임대,대전,0
2023-07,합,국민임대,울산,0
2023-07,합,국민임대,세종,0
2023-07,합,국민임대,강원,0
2023-07,합,국민임대,충북,0
2023-07,합,국민임대,충남,0
2023-07,합,국민임대,전북,0
2023-07,합,국민임대,전남,0
2023-07,합,국민임대,경북,0
2023-07,합,국민임대,경남,0
2023-07,합,국민임대,제주,38
2023-07,합,공공임대,전국,3,780
2023-07,합,공공임대,서울,649
2023-07,합,공공임대,인천,0
2023-07,합,공공임대,경기,958
2023-07,합,공공임대,부산,683
2023-07,합,공공임대,대구,0
2023-07,합,공공임대,광주,0
2023-07,합,공공임대,대전,1,022
2023-07,합,공공임대,울산,38
2023-07,합,공공임대,세종,0
2023-07,합,공공임대,강원,80
2023-07,합,공공임대,충북,300
2023-07,합,공공임대,충남,50
2023-07,합,공공임대,전북,0
2023-07,합,공공임대,전남,0
2023-07,합,공공임대,경북,0
2023-07,합,공공임대,경남,0
2023-07,합,공공임대,제주,0
2023-07,합,공공분양,전국,7,079
2023-07,합,공공분양,서울,1,251
2023-07,합,공공분양,인천,1,458
2023-07,합,공공분양,경기,2,437
2023-07,합,공공분양,부산,803
2023-07,합,공공분양,대구,0
2023-07,합,공공분양,광주,0
2023-07,합,공공분양,대전,1,130
2023-07,합,공공분양,울산,0
2023-07,합,공공분양,세종,0
2023-07,합,공공분양,강원,0
2023-07,합,공공분양,충북,0
2023-07,합,공공분양,충남,0
2023-07,합,공공분양,전북,0
2023-07,합,공공분양,전남,0
2023-07,합,공공분양,경북,0
2023-07,합,공공분양,경남,0
2023-07,합,공공분양,제주,0
2023-07,지자체,소계,전국,1,803
2023-07,지자체,소계,서울,132
2023-07,지자체,소계,인천,1,458
2023-07,지자체,소계,경기,152
2023-07,지자체,소계,부산,0
2023-07,지자체,소계,대구,0
2023-07,지자체,소계,광주,0
2023-07,지자체,소계,대전,0
2023-07,지자체,소계,울산,38
2023-07,지자체,소계,세종,0
2023-07,지자체,소계,강원,0
2023-07,지자체,소계,충북,0
2023-07,지자체,소계,충남,0
2023-07,지자체,소계,전북,0
2023-07,지자체,소계,전남,0
2023-07,지자체,소계,경북,0
2023-07,지자체,소계,경남,0
2023-07,지자체,소계,제주,23
2023-07,지자체,국민임대,전국,23
2023-07,지자체,국민임대,서울,0
2023-07,지자체,국민임대,인천,0
2023-07,지자체,국민임대,경기,0
2023-07,지자체,국민임대,부산,0
2023-07,지자체,국민임대,대구,0
2023-07,지자체,국민임대,광주,0
2023-07,지자체,국민임대,대전,0
2023-07,지자체,국민임대,울산,0
2023-07,지자체,국민임대,세종,0
2023-07,지자체,국민임대,강원,0
2023-07,지자체,국민임대,충북,0
2023-07,지자체,국민임대,충남,0
2023-07,지자체,국민임대,전북,0
2023-07,지자체,국민임대,전남,0
2023-07,지자체,국민임대,경북,0
2023-07,지자체,국민임대,경남,0
2023-07,지자체,국민임대,제주,23
2023-07,지자체,공공임대,전국,322
2023-07,지자체,공공임대,서울,132
2023-07,지자체,공공임대,인천,0
2023-07,지자체,공공임대,경기,152
2023-07,지자체,공공임대,부산,0
2023-07,지자체,공공임대,대구,0
2023-07,지자체,공공임대,광주,0
2023-07,지자체,공공임대,대전,0
2023-07,지자체,공공임대,울산,38
2023-07,지자체,공공임대,세종,0
2023-07,지자체,공공임대,강원,0
2023-07,지자체,공공임대,충북,0
2023-07,지자체,공공임대,충남,0
2023-07,지자체,공공임대,전북,0
2023-07,지자체,공공임대,전남,0
2023-07,지자체,공공임대,경북,0
2023-07,지자체,공공임대,경남,0
2023-07,지자체,공공임대,제주,0
2023-07,지자체,공공분양,전국,1,458
2023-07,지자체,공공분양,서울,0
2023-07,지자체,공공분양,인천,1,458
2023-07,지자체,공공분양,경기,0
2023-07,지자체,공공분양,부산,0
2023-07,지자체,공공분양,대구,0
2023-07,지자체,공공분양,광주,0
2023-07,지자체,공공분양,대전,0
2023-07,지자체,공공분양,울산,0
2023-07,지자체,공공분양,세종,0
2023-07,지자체,공공분양,강원,0
2023-07,지자체,공공분양,충북,0
2023-07,지자체,공공분양,충남,0
2023-07,지자체,공공분양,전북,0
2023-07,지자체,공공분양,전남,0
2023-07,지자체,공공분양,경북,0
2023-07,지자체,공공분양,경남,0
2023-07,지자체,공공분양,제주,0
2023-07,LH,소계,전국,7,289
2023-07,LH,소계,서울,348
2023-07,LH,소계,인천,0
2023-07,LH,소계,경기,3,243
2023-07,LH,소계,부산,1,486
2023-07,LH,소계,대구,0
2023-07,LH,소계,광주,0
2023-07,LH,소계,대전,1,782
2023-07,LH,소계,울산,0
2023-07,LH,소계,세종,0
2023-07,LH,소계,강원,80
2023-07,LH,소계,충북,300
2023-07,LH,소계,충남,50
2023-07,LH,소계,전북,0
2023-07,LH,소계,전남,0
2023-07,LH,소계,경북,0
2023-07,LH,소계,경남,0
2023-07,LH,소계,제주,0
2023-07,LH,국민임대,전국,0
2023-07,LH,국민임대,서울,0
2023-07,LH,국민임대,인천,0
2023-07,LH,국민임대,경기,0
2023-07,LH,국민임대,부산,0
2023-07,LH,국민임대,대구,0
2023-07,LH,국민임대,광주,0
2023-07,LH,국민임대,대전,0
2023-07,LH,국민임대,울산,0
2023-07,LH,국민임대,세종,0
2023-07,LH,국민임대,강원,0
2023-07,LH,국민임대,충북,0
2023-07,LH,국민임대,충남,0
2023-07,LH,국민임대,전북,0
2023-07,LH,국민임대,전남,0
2023-07,LH,국민임대,경북,0
2023-07,LH,국민임대,경남,0
2023-07,LH,국민임대,제주,0
2023-07,LH,공공임대,전국,2,656
2023-07,LH,공공임대,서울,85
2023-07,LH,공공임대,인천,0
2023-07,LH,공공임대,경기,806
2023-07,LH,공공임대,부산,683
2023-07,LH,공공임대,대구,0
2023-07,LH,공공임대,광주,0
2023-07,LH,공공임대,대전,652
2023-07,LH,공공임대,울산,0
2023-07,LH,공공임대,세종,0
2023-07,LH,공공임대,강원,80
2023-07,LH,공공임대,충북,300
2023-07,LH,공공임대,충남,50
2023-07,LH,공공임대,전북,0
2023-07,LH,공공임대,전남,0
2023-07,LH,공공임대,경북,0
2023-07,LH,공공임대,경남,0
2023-07,LH,공공임대,제주,0
2023-07,LH,공공분양,전국,4,633
2023-07,LH,공공분양,서울,263
2023-07,LH,공공분양,인천,0
2023-07,LH,공공분양,경기,2,437
2023-07,LH,공공분양,부산,803
2023-07,LH,공공분양,대구,0
2023-07,LH,공공분양,광주,0
2023-07,LH,공공분양,대전,1,130
2023-07,LH,공공분양,울산,0
2023-07,LH,공공분양,세종,0
2023-07,LH,공공분양,강원,0
2023-07,LH,공공분양,충북,0
2023-07,LH,공공분양,충남,0
2023-07,LH,공공분양,전북,0
2023-07,LH,공공분양,전남,0
2023-07,LH,공공분양,경북,0
2023-07,LH,공공분양,경남,0
2023-07,LH,공공분양,제주,0
2023-07,주택업체,소계,전국,1,805
2023-07,주택업체,소계,서울,1,420
2023-07,주택업체,소계,인천,0
2023-07,주택업체,소계,경기,0
2023-07,주택업체,소계,부산,0
2023-07,주택업체,소계,대구,0
2023-07,주택업체,소계,광주,0
2023-07,주택업체,소계,대전,370
2023-07,주택업체,소계,울산,0
2023-07,주택업체,소계,세종,0
2023-07,주택업체,소계,강원,0
2023-07,주택업체,소계,충북,0
2023-07,주택업체,소계,충남,0
2023-07,주택업체,소계,전북,0
2023-07,주택업체,소계,전남,0
2023-07,주택업체,소계,경북,0
2023-07,주택업체,소계,경남,0
2023-07,주택업체,소계,제주,15
2023-07,주택업체,국민임대,전국,15
2023-07,주택업체,국민임대,서울,0
2023-07,주택업체,국민임대,인천,0
2023-07,주택업체,국민임대,경기,0
2023-07,주택업체,국민임대,부산,0
2023-07,주택업체,국민임대,대구,0
2023-07,주택업체,국민임대,광주,0
2023-07,주택업체,국민임대,대전,0
2023-07,주택업체,국민임대,울산,0
2023-07,주택업체,국민임대,세종,0
2023-07,주택업체,국민임대,강원,0
2023-07,주택업체,국민임대,충북,0
2023-07,주택업체,국민임대,충남,0
2023-07,주택업체,국민임대,전북,0
2023-07,주택업체,국민임대,전남,0
2023-07,주택업체,국민임대,경북,0
2023-07,주택업체,국민임대,경남,0
2023-07,주택업체,국민임대,제주,15
2023-07,주택업체,공공임대,전국,802
2023-07,주택업체,공공임대,서울,432
2023-07,주택업체,공공임대,인천,0
2023-07,주택업체,공공임대,경기,0
2023-07,주택업체,공공임대,부산,0
2023-07,주택업체,공공임대,대구,0
2023-07,주택업체,공공임대,광주,0
2023-07,주택업체,공공임대,대전,370
2023-07,주택업체,공공임대,울산,0
2023-07,주택업체,공공임대,세종,0
2023-07,주택업체,공공임대,강원,0
2023-07,주택업체,공공임대,충북,0
2023-07,주택업체,공공임대,충남,0
2023-07,주택업체,공공임대,전북,0
2023-07,주택업체,공공임대,전남,0
2023-07,주택업체,공공임대,경북,0
2023-07,주택업체,공공임대,경남,0
2023-07,주택업체,공공임대,제주,0
2023-07,주택업체,공공분양,전국,988
2023-07,주택업체,공공분양,서울,988
2023-07,주택업체,공공분양,인천,0
2023-07,주택업체,공공분양,경기,0
2023-07,주택업체,공공분양,부산,0
2023-07,주택업체,공공분양,대구,0
2023-07,주택업체,공공분양,광주,0
2023-07,주택업체,공공분양,대전,0
2023-07,주택업체,공공분양,울산,0
2023-07,주택업체,공공분양,세종,0
2023-07,주택업체,공공분양,강원,0
2023-07,주택업체,공공분양,충북,0
2023-07,주택업체,공공분양,충남,0
2023-07,주택업체,공공분양,전북,0
2023-07,주택업체,공공분양,전남,0
2023-07,주택업체,공공분양,경북,0
2023-07,주택업체,공공분양,경남,0
2023-07,주택업체,공공분양,제주,0
2023-07,민간부문,민간부문,전국,210,172
2023-07,민간부문,민간부문,서울,18,190
2023-07,민간부문,민간부문,인천,12,907
2023-07,민간부문,민간부문,경기,49,926
2023-07,민간부문,민간부문,부산,13,428
2023-07,민간부문,민간부문,대구,8,594
2023-07,민간부문,민간부문,광주,5,963
2023-07,민간부문,민간부문,대전,9,913
2023-07,민간부문,민간부문,울산,7,708
2023-07,민간부문,민간부문,세종,305
2023-07,민간부문,민간부문,강원,9,032
2023-07,민간부문,민간부문,충북,5,087
2023-07,민간부문,민간부문,충남,16,781
2023-07,민간부문,민간부문,전북,10,322
2023-07,민간부문,민간부문,전남,12,730
2023-07,민간부문,민간부문,경북,15,618
2023-07,민간부문,민간부문,경남,9,385
2023-07,민간부문,민간부문,제주,4,283
2023-07,민간,민간임대,전국,16,666
2023-07,민간,민간임대,서울,2,623
2023-07,민간,민간임대,인천,580
2023-07,민간,민간임대,경기,3,793
2023-07,민간,민간임대,부산,90
2023-07,민간,민간임대,대구,0
2023-07,민간,민간임대,광주,0
2023-07,민간,민간임대,대전,0
2023-07,민간,민간임대,울산,0
2023-07,민간,민간임대,세종,60
2023-07,민간,민간임대,강원,612
2023-07,민간,민간임대,충북,484
2023-07,민간,민간임대,충남,646
2023-07,민간,민간임대,전북,1,051
2023-07,민간,민간임대,전남,2,138
2023-07,민간,민간임대,경북,1,163
2023-07,민간,민간임대,경남,2,898
2023-07,민간,민간임대,제주,528
2023-07,민간,민간분양,전국,193,506
2023-07,민간,민간분양,서울,15,567
2023-07,민간,민간분양,인천,12,327
2023-07,민간,민간분양,경기,46,133
2023-07,민간,민간분양,부산,13,338
2023-07,민간,민간분양,대구,8,594
2023-07,민간,민간분양,광주,5,963
2023-07,민간,민간분양,대전,9,913
2023-07,민간,민간분양,울산,7,708
2023-07,민간,민간분양,세종,245
2023-07,민간,민간분양,강원,8,420
2023-07,민간,민간분양,충북,4,603
2023-07,민간,민간분양,충남,16,135
2023-07,민간,민간분양,전북,9,271
2023-07,민간,민간분양,전남,10,592
2023-07,민간,민간분양,경북,14,455
2023-07,민간,민간분양,경남,6,487
2023-07,민간,민간분양,제주,3,755
2023-08,총  계,총  계,전국,252,262
2023-08,총  계,총  계,서울,23,511
2023-08,총  계,총  계,인천,17,505
2023-08,총  계,총  계,경기,63,055
2023-08,총  계,총  계,부산,16,923
2023-08,총  계,총  계,대구,10,258
2023-08,총  계,총  계,광주,9,759
2023-08,총  계,총  계,대전,12,122
2023-08,총  계,총  계,울산,8,124
2023-08,총  계,총  계,세종,320
2023-08,총  계,총  계,강원,9,549
2023-08,총  계,총  계,충북,7,353
2023-08,총  계,총  계,충남,18,790
2023-08,총  계,총  계,전북,10,488
2023-08,총  계,총  계,전남,13,258
2023-08,총  계,총  계,경북,16,700
2023-08,총  계,총  계,경남,10,019
2023-08,총  계,총  계,제주,4,528
2023-08,공공부문,공공부문,전국,10,985
2023-08,공공부문,공공부문,서울,1,937
2023-08,공공부문,공공부문,인천,1,458
2023-08,공공부문,공공부문,경기,3,446
2023-08,공공부문,공공부문,부산,1,486
2023-08,공공부문,공공부문,대구,0
2023-08,공공부문,공공부문,광주,0
2023-08,공공부문,공공부문,대전,2,152
2023-08,공공부문,공공부문,울산,38
2023-08,공공부문,공공부문,세종,0
2023-08,공공부문,공공부문,강원,80
2023-08,공공부문,공공부문,충북,300
2023-08,공공부문,공공부문,충남,50
2023-08,공공부문,공공부문,전북,0
2023-08,공공부문,공공부문,전남,0
2023-08,공공부문,공공부문,경북,0
2023-08,공공부문,공공부문,경남,0
2023-08,공공부문,공공부문,제주,38
2023-08,합,국민임대,전국,89
2023-08,합,국민임대,서울,0
2023-08,합,국민임대,인천,0
2023-08,합,국민임대,경기,51
2023-08,합,국민임대,부산,0
2023-08,합,국민임대,대구,0
2023-08,합,국민임대,광주,0
2023-08,합,국민임대,대전,0
2023-08,합,국민임대,울산,0
2023-08,합,국민임대,세종,0
2023-08,합,국민임대,강원,0
2023-08,합,국민임대,충북,0
2023-08,합,국민임대,충남,0
2023-08,합,국민임대,전북,0
2023-08,합,국민임대,전남,0
2023-08,합,국민임대,경북,0
2023-08,합,국민임대,경남,0
2023-08,합,국민임대,제주,38
2023-08,합,공공임대,전국,3,817
2023-08,합,공공임대,서울,686
2023-08,합,공공임대,인천,0
2023-08,합,공공임대,경기,958
2023-08,합,공공임대,부산,683
2023-08,합,공공임대,대구,0
2023-08,합,공공임대,광주,0
2023-08,합,공공임대,대전,1,022
2023-08,합,공공임대,울산,38
2023-08,합,공공임대,세종,0
2023-08,합,공공임대,강원,80
2023-08,합,공공임대,충북,300
2023-08,합,공공임대,충남,50
2023-08,합,공공임대,전북,0
2023-08,합,공공임대,전남,0
2023-08,합,공공임대,경북,0
2023-08,합,공공임대,경남,0
2023-08,합,공공임대,제주,0
2023-08,합,공공분양,전국,7,079
2023-08,합,공공분양,서울,1,251
2023-08,합,공공분양,인천,1,458
2023-08,합,공공분양,경기,2,437
2023-08,합,공공분양,부산,803
2023-08,합,공공분양,대구,0
2023-08,합,공공분양,광주,0
2023-08,합,공공분양,대전,1,130
2023-08,합,공공분양,울산,0
2023-08,합,공공분양,세종,0
2023-08,합,공공분양,강원,0
2023-08,합,공공분양,충북,0
2023-08,합,공공분양,충남,0
2023-08,합,공공분양,전북,0
2023-08,합,공공분양,전남,0
2023-08,합,공공분양,경북,0
2023-08,합,공공분양,경남,0
2023-08,합,공공분양,제주,0
2023-08,지자체,소계,전국,1,803
2023-08,지자체,소계,서울,132
2023-08,지자체,소계,인천,1,458
2023-08,지자체,소계,경기,152
2023-08,지자체,소계,부산,0
2023-08,지자체,소계,대구,0
2023-08,지자체,소계,광주,0
2023-08,지자체,소계,대전,0
2023-08,지자체,소계,울산,38
2023-08,지자체,소계,세종,0
2023-08,지자체,소계,강원,0
2023-08,지자체,소계,충북,0
2023-08,지자체,소계,충남,0
2023-08,지자체,소계,전북,0
2023-08,지자체,소계,전남,0
2023-08,지자체,소계,경북,0
2023-08,지자체,소계,경남,0
2023-08,지자체,소계,제주,23
2023-08,지자체,국민임대,전국,23
2023-08,지자체,국민임대,서울,0
2023-08,지자체,국민임대,인천,0
2023-08,지자체,국민임대,경기,0
2023-08,지자체,국민임대,부산,0
2023-08,지자체,국민임대,대구,0
2023-08,지자체,국민임대,광주,0
2023-08,지자체,국민임대,대전,0
2023-08,지자체,국민임대,울산,0
2023-08,지자체,국민임대,세종,0
2023-08,지자체,국민임대,강원,0
2023-08,지자체,국민임대,충북,0
2023-08,지자체,국민임대,충남,0
2023-08,지자체,국민임대,전북,0
2023-08,지자체,국민임대,전남,0
2023-08,지자체,국민임대,경북,0
2023-08,지자체,국민임대,경남,0
2023-08,지자체,국민임대,제주,23
2023-08,지자체,공공임대,전국,322
2023-08,지자체,공공임대,서울,132
2023-08,지자체,공공임대,인천,0
2023-08,지자체,공공임대,경기,152
2023-08,지자체,공공임대,부산,0
2023-08,지자체,공공임대,대구,0
2023-08,지자체,공공임대,광주,0
2023-08,지자체,공공임대,대전,0
2023-08,지자체,공공임대,울산,38
2023-08,지자체,공공임대,세종,0
2023-08,지자체,공공임대,강원,0
2023-08,지자체,공공임대,충북,0
2023-08,지자체,공공임대,충남,0
2023-08,지자체,공공임대,전북,0
2023-08,지자체,공공임대,전남,0
2023-08,지자체,공공임대,경북,0
2023-08,지자체,공공임대,경남,0
2023-08,지자체,공공임대,제주,0
2023-08,지자체,공공분양,전국,1,458
2023-08,지자체,공공분양,서울,0
2023-08,지자체,공공분양,인천,1,458
2023-08,지자체,공공분양,경기,0
2023-08,지자체,공공분양,부산,0
2023-08,지자체,공공분양,대구,0
2023-08,지자체,공공분양,광주,0
2023-08,지자체,공공분양,대전,0
2023-08,지자체,공공분양,울산,0
2023-08,지자체,공공분양,세종,0
2023-08,지자체,공공분양,강원,0
2023-08,지자체,공공분양,충북,0
2023-08,지자체,공공분양,충남,0
2023-08,지자체,공공분양,전북,0
2023-08,지자체,공공분양,전남,0
2023-08,지자체,공공분양,경북,0
2023-08,지자체,공공분양,경남,0
2023-08,지자체,공공분양,제주,0
2023-08,LH,소계,전국,7,289
2023-08,LH,소계,서울,348
2023-08,LH,소계,인천,0
2023-08,LH,소계,경기,3,243
2023-08,LH,소계,부산,1,486
2023-08,LH,소계,대구,0
2023-08,LH,소계,광주,0
2023-08,LH,소계,대전,1,782
2023-08,LH,소계,울산,0
2023-08,LH,소계,세종,0
2023-08,LH,소계,강원,80
2023-08,LH,소계,충북,300
2023-08,LH,소계,충남,50
2023-08,LH,소계,전북,0
2023-08,LH,소계,전남,0
2023-08,LH,소계,경북,0
2023-08,LH,소계,경남,0
2023-08,LH,소계,제주,0
2023-08,LH,국민임대,전국,0
2023-08,LH,국민임대,서울,0
2023-08,LH,국민임대,인천,0
2023-08,LH,국민임대,경기,0
2023-08,LH,국민임대,부산,0
2023-08,LH,국민임대,대구,0
2023-08,LH,국민임대,광주,0
2023-08,LH,국민임대,대전,0
2023-08,LH,국민임대,울산,0
2023-08,LH,국민임대,세종,0
2023-08,LH,국민임대,강원,0
2023-08,LH,국민임대,충북,0
2023-08,LH,국민임대,충남,0
2023-08,LH,국민임대,전북,0
2023-08,LH,국민임대,전남,0
2023-08,LH,국민임대,경북,0
2023-08,LH,국민임대,경남,0
2023-08,LH,국민임대,제주,0
2023-08,LH,공공임대,전국,2,656
2023-08,LH,공공임대,서울,85
2023-08,LH,공공임대,인천,0
2023-08,LH,공공임대,경기,806
2023-08,LH,공공임대,부산,683
2023-08,LH,공공임대,대구,0
2023-08,LH,공공임대,광주,0
2023-08,LH,공공임대,대전,652
2023-08,LH,공공임대,울산,0
2023-08,LH,공공임대,세종,0
2023-08,LH,공공임대,강원,80
2023-08,LH,공공임대,충북,300
2023-08,LH,공공임대,충남,50
2023-08,LH,공공임대,전북,0
2023-08,LH,공공임대,전남,0
2023-08,LH,공공임대,경북,0
2023-08,LH,공공임대,경남,0
2023-08,LH,공공임대,제주,0
2023-08,LH,공공분양,전국,4,633
2023-08,LH,공공분양,서울,263
2023-08,LH,공공분양,인천,0
2023-08,LH,공공분양,경기,2,437
2023-08,LH,공공분양,부산,803
2023-08,LH,공공분양,대구,0
2023-08,LH,공공분양,광주,0
2023-08,LH,공공분양,대전,1,130
2023-08,LH,공공분양,울산,0
2023-08,LH,공공분양,세종,0
2023-08,LH,공공분양,강원,0
2023-08,LH,공공분양,충북,0
2023-08,LH,공공분양,충남,0
2023-08,LH,공공분양,전북,0
2023-08,LH,공공분양,전남,0
2023-08,LH,공공분양,경북,0
2023-08,LH,공공분양,경남,0
2023-08,LH,공공분양,제주,0
2023-08,주택업체,소계,전국,1,893
2023-08,주택업체,소계,서울,1,457
2023-08,주택업체,소계,인천,0
2023-08,주택업체,소계,경기,51
2023-08,주택업체,소계,부산,0
2023-08,주택업체,소계,대구,0
2023-08,주택업체,소계,광주,0
2023-08,주택업체,소계,대전,370
2023-08,주택업체,소계,울산,0
2023-08,주택업체,소계,세종,0
2023-08,주택업체,소계,강원,0
2023-08,주택업체,소계,충북,0
2023-08,주택업체,소계,충남,0
2023-08,주택업체,소계,전북,0
2023-08,주택업체,소계,전남,0
2023-08,주택업체,소계,경북,0
2023-08,주택업체,소계,경남,0
2023-08,주택업체,소계,제주,15
2023-08,주택업체,국민임대,전국,66
2023-08,주택업체,국민임대,서울,0
2023-08,주택업체,국민임대,인천,0
2023-08,주택업체,국민임대,경기,51
2023-08,주택업체,국민임대,부산,0
2023-08,주택업체,국민임대,대구,0
2023-08,주택업체,국민임대,광주,0
2023-08,주택업체,국민임대,대전,0
2023-08,주택업체,국민임대,울산,0
2023-08,주택업체,국민임대,세종,0
2023-08,주택업체,국민임대,강원,0
2023-08,주택업체,국민임대,충북,0
2023-08,주택업체,국민임대,충남,0
2023-08,주택업체,국민임대,전북,0
2023-08,주택업체,국민임대,전남,0
2023-08,주택업체,국민임대,경북,0
2023-08,주택업체,국민임대,경남,0
2023-08,주택업체,국민임대,제주,15
2023-08,주택업체,공공임대,전국,839
2023-08,주택업체,공공임대,서울,469
2023-08,주택업체,공공임대,인천,0
2023-08,주택업체,공공임대,경기,0
2023-08,주택업체,공공임대,부산,0
2023-08,주택업체,공공임대,대구,0
2023-08,주택업체,공공임대,광주,0
2023-08,주택업체,공공임대,대전,370
2023-08,주택업체,공공임대,울산,0
2023-08,주택업체,공공임대,세종,0
2023-08,주택업체,공공임대,강원,0
2023-08,주택업체,공공임대,충북,0
2023-08,주택업체,공공임대,충남,0
2023-08,주택업체,공공임대,전북,0
2023-08,주택업체,공공임대,전남,0
2023-08,주택업체,공공임대,경북,0
2023-08,주택업체,공공임대,경남,0
2023-08,주택업체,공공임대,제주,0
2023-08,주택업체,공공분양,전국,988
2023-08,주택업체,공공분양,서울,988
2023-08,주택업체,공공분양,인천,0
2023-08,주택업체,공공분양,경기,0
2023-08,주택업체,공공분양,부산,0
2023-08,주택업체,공공분양,대구,0
2023-08,주택업체,공공분양,광주,0
2023-08,주택업체,공공분양,대전,0
2023-08,주택업체,공공분양,울산,0
2023-08,주택업체,공공분양,세종,0
2023-08,주택업체,공공분양,강원,0
2023-08,주택업체,공공분양,충북,0
2023-08,주택업체,공공분양,충남,0
2023-08,주택업체,공공분양,전북,0
2023-08,주택업체,공공분양,전남,0
2023-08,주택업체,공공분양,경북,0
2023-08,주택업체,공공분양,경남,0
2023-08,주택업체,공공분양,제주,0
2023-08,민간부문,민간부문,전국,241,277
2023-08,민간부문,민간부문,서울,21,574
2023-08,민간부문,민간부문,인천,16,047
2023-08,민간부문,민간부문,경기,59,609
2023-08,민간부문,민간부문,부산,15,437
2023-08,민간부문,민간부문,대구,10,258
2023-08,민간부문,민간부문,광주,9,759
2023-08,민간부문,민간부문,대전,9,970
2023-08,민간부문,민간부문,울산,8,086
2023-08,민간부문,민간부문,세종,320
2023-08,민간부문,민간부문,강원,9,469
2023-08,민간부문,민간부문,충북,7,053
2023-08,민간부문,민간부문,충남,18,740
2023-08,민간부문,민간부문,전북,10,488
2023-08,민간부문,민간부문,전남,13,258
2023-08,민간부문,민간부문,경북,16,700
2023-08,민간부문,민간부문,경남,10,019
2023-08,민간부문,민간부문,제주,4,490
2023-08,민간,민간임대,전국,17,642
2023-08,민간,민간임대,서울,2,623
2023-08,민간,민간임대,인천,660
2023-08,민간,민간임대,경기,4,689
2023-08,민간,민간임대,부산,90
2023-08,민간,민간임대,대구,0
2023-08,민간,민간임대,광주,0
2023-08,민간,민간임대,대전,0
2023-08,민간,민간임대,울산,0
2023-08,민간,민간임대,세종,60
2023-08,민간,민간임대,강원,612
2023-08,민간,민간임대,충북,484
2023-08,민간,민간임대,충남,646
2023-08,민간,민간임대,전북,1,051
2023-08,민간,민간임대,전남,2,138
2023-08,민간,민간임대,경북,1,163
2023-08,민간,민간임대,경남,2,898
2023-08,민간,민간임대,제주,528
2023-08,민간,민간분양,전국,223,635
2023-08,민간,민간분양,서울,18,951
2023-08,민간,민간분양,인천,15,387
2023-08,민간,민간분양,경기,54,920
2023-08,민간,민간분양,부산,15,347
2023-08,민간,민간분양,대구,10,258
2023-08,민간,민간분양,광주,9,759
2023-08,민간,민간분양,대전,9,970
2023-08,민간,민간분양,울산,8,086
2023-08,민간,민간분양,세종,260
2023-08,민간,민간분양,강원,8,857
2023-08,민간,민간분양,충북,6,569
2023-08,민간,민간분양,충남,18,094
2023-08,민간,민간분양,전북,9,437
2023-08,민간,민간분양,전남,11,120
2023-08,민간,민간분양,경북,15,537
2023-08,민간,민간분양,경남,7,121
2023-08,민간,민간분양,제주,3,962
2023-09,총  계,총  계,전국,278,749
2023-09,총  계,총  계,서울,23,884
2023-09,총  계,총  계,인천,20,564
2023-09,총  계,총  계,경기,72,870
2023-09,총  계,총  계,부산,19,131
2023-09,총  계,총  계,대구,10,272
2023-09,총  계,총  계,광주,9,971
2023-09,총  계,총  계,대전,12,732
2023-09,총  계,총  계,울산,9,883
2023-09,총  계,총  계,세종,327
2023-09,총  계,총  계,강원,11,199
2023-09,총  계,총  계,충북,8,624
2023-09,총  계,총  계,충남,20,208
2023-09,총  계,총  계,전북,10,966
2023-09,총  계,총  계,전남,14,021
2023-09,총  계,총  계,경북,18,123
2023-09,총  계,총  계,경남,11,170
2023-09,총  계,총  계,제주,4,804
2023-09,공공부문,공공부문,전국,11,769
2023-09,공공부문,공공부문,서울,1,955
2023-09,공공부문,공공부문,인천,1,458
2023-09,공공부문,공공부문,경기,3,446
2023-09,공공부문,공공부문,부산,1,486
2023-09,공공부문,공공부문,대구,0
2023-09,공공부문,공공부문,광주,0
2023-09,공공부문,공공부문,대전,2,572
2023-09,공공부문,공공부문,울산,140
2023-09,공공부문,공공부문,세종,0
2023-09,공공부문,공공부문,강원,80
2023-09,공공부문,공공부문,충북,418
2023-09,공공부문,공공부문,충남,50
2023-09,공공부문,공공부문,전북,0
2023-09,공공부문,공공부문,전남,0
2023-09,공공부문,공공부문,경북,30
2023-09,공공부문,공공부문,경남,0
2023-09,공공부문,공공부문,제주,134
2023-09,합,국민임대,전국,89
2023-09,합,국민임대,서울,0
2023-09,합,국민임대,인천,0
2023-09,합,국민임대,경기,51
2023-09,합,국민임대,부산,0
2023-09,합,국민임대,대구,0
2023-09,합,국민임대,광주,0
2023-09,합,국민임대,대전,0
2023-09,합,국민임대,울산,0
2023-09,합,국민임대,세종,0
2023-09,합,국민임대,강원,0
2023-09,합,국민임대,충북,0
2023-09,합,국민임대,충남,0
2023-09,합,국민임대,전북,0
2023-09,합,국민임대,전남,0
2023-09,합,국민임대,경북,0
2023-09,합,국민임대,경남,0
2023-09,합,국민임대,제주,38
2023-09,합,공공임대,전국,4,601
2023-09,합,공공임대,서울,704
2023-09,합,공공임대,인천,0
2023-09,합,공공임대,경기,958
2023-09,합,공공임대,부산,683
2023-09,합,공공임대,대구,0
2023-09,합,공공임대,광주,0
2023-09,합,공공임대,대전,1,442
2023-09,합,공공임대,울산,140
2023-09,합,공공임대,세종,0
2023-09,합,공공임대,강원,80
2023-09,합,공공임대,충북,418
2023-09,합,공공임대,충남,50
2023-09,합,공공임대,전북,0
2023-09,합,공공임대,전남,0
2023-09,합,공공임대,경북,30
2023-09,합,공공임대,경남,0
2023-09,합,공공임대,제주,96
2023-09,합,공공분양,전국,7,079
2023-09,합,공공분양,서울,1,251
2023-09,합,공공분양,인천,1,458
2023-09,합,공공분양,경기,2,437
2023-09,합,공공분양,부산,803
2023-09,합,공공분양,대구,0
2023-09,합,공공분양,광주,0
2023-09,합,공공분양,대전,1,130
2023-09,합,공공분양,울산,0
2023-09,합,공공분양,세종,0
2023-09,합,공공분양,강원,0
2023-09,합,공공분양,충북,0
2023-09,합,공공분양,충남,0
2023-09,합,공공분양,전북,0
2023-09,합,공공분양,전남,0
2023-09,합,공공분양,경북,0
2023-09,합,공공분양,경남,0
2023-09,합,공공분양,제주,0
2023-09,지자체,소계,전국,2,149
2023-09,지자체,소계,서울,132
2023-09,지자체,소계,인천,1,458
2023-09,지자체,소계,경기,152
2023-09,지자체,소계,부산,0
2023-09,지자체,소계,대구,0
2023-09,지자체,소계,광주,0
2023-09,지자체,소계,대전,0
2023-09,지자체,소계,울산,140
2023-09,지자체,소계,세종,0
2023-09,지자체,소계,강원,0
2023-09,지자체,소계,충북,118
2023-09,지자체,소계,충남,0
2023-09,지자체,소계,전북,0
2023-09,지자체,소계,전남,0
2023-09,지자체,소계,경북,30
2023-09,지자체,소계,경남,0
2023-09,지자체,소계,제주,119
2023-09,지자체,국민임대,전국,23
2023-09,지자체,국민임대,서울,0
2023-09,지자체,국민임대,인천,0
2023-09,지자체,국민임대,경기,0
2023-09,지자체,국민임대,부산,0
2023-09,지자체,국민임대,대구,0
2023-09,지자체,국민임대,광주,0
2023-09,지자체,국민임대,대전,0
2023-09,지자체,국민임대,울산,0
2023-09,지자체,국민임대,세종,0
2023-09,지자체,국민임대,강원,0
2023-09,지자체,국민임대,충북,0
2023-09,지자체,국민임대,충남,0
2023-09,지자체,국민임대,전북,0
2023-09,지자체,국민임대,전남,0
2023-09,지자체,국민임대,경북,0
2023-09,지자체,국민임대,경남,0
2023-09,지자체,국민임대,제주,23
2023-09,지자체,공공임대,전국,668
2023-09,지자체,공공임대,서울,132
2023-09,지자체,공공임대,인천,0
2023-09,지자체,공공임대,경기,152
2023-09,지자체,공공임대,부산,0
2023-09,지자체,공공임대,대구,0
2023-09,지자체,공공임대,광주,0
2023-09,지자체,공공임대,대전,0
2023-09,지자체,공공임대,울산,140
2023-09,지자체,공공임대,세종,0
2023-09,지자체,공공임대,강원,0
2023-09,지자체,공공임대,충북,118
2023-09,지자체,공공임대,충남,0
2023-09,지자체,공공임대,전북,0
2023-09,지자체,공공임대,전남,0
2023-09,지자체,공공임대,경북,30
2023-09,지자체,공공임대,경남,0
2023-09,지자체,공공임대,제주,96
2023-09,지자체,공공분양,전국,1,458
2023-09,지자체,공공분양,서울,0
2023-09,지자체,공공분양,인천,1,458
2023-09,지자체,공공분양,경기,0
2023-09,지자체,공공분양,부산,0
2023-09,지자체,공공분양,대구,0
2023-09,지자체,공공분양,광주,0
2023-09,지자체,공공분양,대전,0
2023-09,지자체,공공분양,울산,0
2023-09,지자체,공공분양,세종,0
2023-09,지자체,공공분양,강원,0
2023-09,지자체,공공분양,충북,0
2023-09,지자체,공공분양,충남,0
2023-09,지자체,공공분양,전북,0
2023-09,지자체,공공분양,전남,0
2023-09,지자체,공공분양,경북,0
2023-09,지자체,공공분양,경남,0
2023-09,지자체,공공분양,제주,0
2023-09,LH,소계,전국,7,727
2023-09,LH,소계,서울,366
2023-09,LH,소계,인천,0
2023-09,LH,소계,경기,3,243
2023-09,LH,소계,부산,1,486
2023-09,LH,소계,대구,0
2023-09,LH,소계,광주,0
2023-09,LH,소계,대전,2,202
2023-09,LH,소계,울산,0
2023-09,LH,소계,세종,0
2023-09,LH,소계,강원,80
2023-09,LH,소계,충북,300
2023-09,LH,소계,충남,50
2023-09,LH,소계,전북,0
2023-09,LH,소계,전남,0
2023-09,LH,소계,경북,0
2023-09,LH,소계,경남,0
2023-09,LH,소계,제주,0
2023-09,LH,국민임대,전국,0
2023-09,LH,국민임대,서울,0
2023-09,LH,국민임대,인천,0
2023-09,LH,국민임대,경기,0
2023-09,LH,국민임대,부산,0
2023-09,LH,국민임대,대구,0
2023-09,LH,국민임대,광주,0
2023-09,LH,국민임대,대전,0
2023-09,LH,국민임대,울산,0
2023-09,LH,국민임대,세종,0
2023-09,LH,국민임대,강원,0
2023-09,LH,국민임대,충북,0
2023-09,LH,국민임대,충남,0
2023-09,LH,국민임대,전북,0
2023-09,LH,국민임대,전남,0
2023-09,LH,국민임대,경북,0
2023-09,LH,국민임대,경남,0
2023-09,LH,국민임대,제주,0
2023-09,LH,공공임대,전국,3,094
2023-09,LH,공공임대,서울,103
2023-09,LH,공공임대,인천,0
2023-09,LH,공공임대,경기,806
2023-09,LH,공공임대,부산,683
2023-09,LH,공공임대,대구,0
2023-09,LH,공공임대,광주,0
2023-09,LH,공공임대,대전,1,072
2023-09,LH,공공임대,울산,0
2023-09,LH,공공임대,세종,0
2023-09,LH,공공임대,강원,80
2023-09,LH,공공임대,충북,300
2023-09,LH,공공임대,충남,50
2023-09,LH,공공임대,전북,0
2023-09,LH,공공임대,전남,0
2023-09,LH,공공임대,경북,0
2023-09,LH,공공임대,경남,0
2023-09,LH,공공임대,제주,0
2023-09,LH,공공분양,전국,4,633
2023-09,LH,공공분양,서울,263
2023-09,LH,공공분양,인천,0
2023-09,LH,공공분양,경기,2,437
2023-09,LH,공공분양,부산,803
2023-09,LH,공공분양,대구,0
2023-09,LH,공공분양,광주,0
2023-09,LH,공공분양,대전,1,130
2023-09,LH,공공분양,울산,0
2023-09,LH,공공분양,세종,0
2023-09,LH,공공분양,강원,0
2023-09,LH,공공분양,충북,0
2023-09,LH,공공분양,충남,0
2023-09,LH,공공분양,전북,0
2023-09,LH,공공분양,전남,0
2023-09,LH,공공분양,경북,0
2023-09,LH,공공분양,경남,0
2023-09,LH,공공분양,제주,0
2023-09,주택업체,소계,전국,1,893
2023-09,주택업체,소계,서울,1,457
2023-09,주택업체,소계,인천,0
2023-09,주택업체,소계,경기,51
2023-09,주택업체,소계,부산,0
2023-09,주택업체,소계,대구,0
2023-09,주택업체,소계,광주,0
2023-09,주택업체,소계,대전,370
2023-09,주택업체,소계,울산,0
2023-09,주택업체,소계,세종,0
2023-09,주택업체,소계,강원,0
2023-09,주택업체,소계,충북,0
2023-09,주택업체,소계,충남,0
2023-09,주택업체,소계,전북,0
2023-09,주택업체,소계,전남,0
2023-09,주택업체,소계,경북,0
2023-09,주택업체,소계,경남,0
2023-09,주택업체,소계,제주,15
2023-09,주택업체,국민임대,전국,66
2023-09,주택업체,국민임대,서울,0
2023-09,주택업체,국민임대,인천,0
2023-09,주택업체,국민임대,경기,51
2023-09,주택업체,국민임대,부산,0
2023-09,주택업체,국민임대,대구,0
2023-09,주택업체,국민임대,광주,0
2023-09,주택업체,국민임대,대전,0
2023-09,주택업체,국민임대,울산,0
2023-09,주택업체,국민임대,세종,0
2023-09,주택업체,국민임대,강원,0
2023-09,주택업체,국민임대,충북,0
2023-09,주택업체,국민임대,충남,0
2023-09,주택업체,국민임대,전북,0
2023-09,주택업체,국민임대,전남,0
2023-09,주택업체,국민임대,경북,0
2023-09,주택업체,국민임대,경남,0
2023-09,주택업체,국민임대,제주,15
2023-09,주택업체,공공임대,전국,839
2023-09,주택업체,공공임대,서울,469
2023-09,주택업체,공공임대,인천,0
2023-09,주택업체,공공임대,경기,0
2023-09,주택업체,공공임대,부산,0
2023-09,주택업체,공공임대,대구,0
2023-09,주택업체,공공임대,광주,0
2023-09,주택업체,공공임대,대전,370
2023-09,주택업체,공공임대,울산,0
2023-09,주택업체,공공임대,세종,0
2023-09,주택업체,공공임대,강원,0
2023-09,주택업체,공공임대,충북,0
2023-09,주택업체,공공임대,충남,0
2023-09,주택업체,공공임대,전북,0
2023-09,주택업체,공공임대,전남,0
2023-09,주택업체,공공임대,경북,0
2023-09,주택업체,공공임대,경남,0
2023-09,주택업체,공공임대,제주,0
2023-09,주택업체,공공분양,전국,988
2023-09,주택업체,공공분양,서울,988
2023-09,주택업체,공공분양,인천,0
2023-09,주택업체,공공분양,경기,0
2023-09,주택업체,공공분양,부산,0
2023-09,주택업체,공공분양,대구,0
2023-09,주택업체,공공분양,광주,0
2023-09,주택업체,공공분양,대전,0
2023-09,주택업체,공공분양,울산,0
2023-09,주택업체,공공분양,세종,0
2023-09,주택업체,공공분양,강원,0
2023-09,주택업체,공공분양,충북,0
2023-09,주택업체,공공분양,충남,0
2023-09,주택업체,공공분양,전북,0
2023-09,주택업체,공공분양,전남,0
2023-09,주택업체,공공분양,경북,0
2023-09,주택업체,공공분양,경남,0
2023-09,주택업체,공공분양,제주,0
2023-09,민간부문,민간부문,전국,266,980
2023-09,민간부문,민간부문,서울,21,929
2023-09,민간부문,민간부문,인천,19,106
2023-09,민간부문,민간부문,경기,69,424
2023-09,민간부문,민간부문,부산,17,645
2023-09,민간부문,민간부문,대구,10,272
2023-09,민간부문,민간부문,광주,9,971
2023-09,민간부문,민간부문,대전,10,160
2023-09,민간부문,민간부문,울산,9,743
2023-09,민간부문,민간부문,세종,327
2023-09,민간부문,민간부문,강원,11,119
2023-09,민간부문,민간부문,충북,8,206
2023-09,민간부문,민간부문,충남,20,158
2023-09,민간부문,민간부문,전북,10,966
2023-09,민간부문,민간부문,전남,14,021
2023-09,민간부문,민간부문,경북,18,093
2023-09,민간부문,민간부문,경남,11,170
2023-09,민간부문,민간부문,제주,4,670
2023-09,민간,민간임대,전국,18,892
2023-09,민간,민간임대,서울,2,623
2023-09,민간,민간임대,인천,660
2023-09,민간,민간임대,경기,5,476
2023-09,민간,민간임대,부산,90
2023-09,민간,민간임대,대구,0
2023-09,민간,민간임대,광주,0
2023-09,민간,민간임대,대전,0
2023-09,민간,민간임대,울산,0
2023-09,민간,민간임대,세종,60
2023-09,민간,민간임대,강원,612
2023-09,민간,민간임대,충북,484
2023-09,민간,민간임대,충남,646
2023-09,민간,민간임대,전북,1,415
2023-09,민간,민간임대,전남,2,237
2023-09,민간,민간임대,경북,1,163
2023-09,민간,민간임대,경남,2,898
2023-09,민간,민간임대,제주,528
2023-09,민간,민간분양,전국,248,088
2023-09,민간,민간분양,서울,19,306
2023-09,민간,민간분양,인천,18,446
2023-09,민간,민간분양,경기,63,948
2023-09,민간,민간분양,부산,17,555
2023-09,민간,민간분양,대구,10,272
2023-09,민간,민간분양,광주,9,971
2023-09,민간,민간분양,대전,10,160
2023-09,민간,민간분양,울산,9,743
2023-09,민간,민간분양,세종,267
2023-09,민간,민간분양,강원,10,507
2023-09,민간,민간분양,충북,7,722
2023-09,민간,민간분양,충남,19,512
2023-09,민간,민간분양,전북,9,551
2023-09,민간,민간분양,전남,11,784
2023-09,민간,민간분양,경북,16,930
2023-09,민간,민간분양,경남,8,272
2023-09,민간,민간분양,제주,4,142
2023-10,총  계,총  계,전국,298,972
2023-10,총  계,총  계,서울,27,731
2023-10,총  계,총  계,인천,21,403
2023-10,총  계,총  계,경기,75,728
2023-10,총  계,총  계,부산,21,593
2023-10,총  계,총  계,대구,10,289
2023-10,총  계,총  계,광주,10,454
2023-10,총  계,총  계,대전,13,337
2023-10,총  계,총  계,울산,10,053
2023-10,총  계,총  계,세종,331
2023-10,총  계,총  계,강원,13,373
2023-10,총  계,총  계,충북,9,328
2023-10,총  계,총  계,충남,21,835
2023-10,총  계,총  계,전북,11,353
2023-10,총  계,총  계,전남,16,014
2023-10,총  계,총  계,경북,18,380
2023-10,총  계,총  계,경남,11,367
2023-10,총  계,총  계,제주,6,403
2023-10,공공부문,공공부문,전국,13,075
2023-10,공공부문,공공부문,서울,1,955
2023-10,공공부문,공공부문,인천,1,458
2023-10,공공부문,공공부문,경기,4,052
2023-10,공공부문,공공부문,부산,2,066
2023-10,공공부문,공공부문,대구,0
2023-10,공공부문,공공부문,광주,0
2023-10,공공부문,공공부문,대전,2,572
2023-10,공공부문,공공부문,울산,140
2023-10,공공부문,공공부문,세종,0
2023-10,공공부문,공공부문,강원,200
2023-10,공공부문,공공부문,충북,418
2023-10,공공부문,공공부문,충남,50
2023-10,공공부문,공공부문,전북,0
2023-10,공공부문,공공부문,전남,0
2023-10,공공부문,공공부문,경북,30
2023-10,공공부문,공공부문,경남,0
2023-10,공공부문,공공부문,제주,134
2023-10,합,국민임대,전국,89
2023-10,합,국민임대,서울,0
2023-10,합,국민임대,인천,0
2023-10,합,국민임대,경기,51
2023-10,합,국민임대,부산,0
2023-10,합,국민임대,대구,0
2023-10,합,국민임대,광주,0
2023-10,합,국민임대,대전,0
2023-10,합,국민임대,울산,0
2023-10,합,국민임대,세종,0
2023-10,합,국민임대,강원,0
2023-10,합,국민임대,충북,0
2023-10,합,국민임대,충남,0
2023-10,합,국민임대,전북,0
2023-10,합,국민임대,전남,0
2023-10,합,국민임대,경북,0
2023-10,합,국민임대,경남,0
2023-10,합,국민임대,제주,38
2023-10,합,공공임대,전국,5,365
2023-10,합,공공임대,서울,704
2023-10,합,공공임대,인천,0
2023-10,합,공공임대,경기,1,160
2023-10,합,공공임대,부산,1,125
2023-10,합,공공임대,대구,0
2023-10,합,공공임대,광주,0
2023-10,합,공공임대,대전,1,442
2023-10,합,공공임대,울산,140
2023-10,합,공공임대,세종,0
2023-10,합,공공임대,강원,200
2023-10,합,공공임대,충북,418
2023-10,합,공공임대,충남,50
2023-10,합,공공임대,전북,0
2023-10,합,공공임대,전남,0
2023-10,합,공공임대,경북,30
2023-10,합,공공임대,경남,0
2023-10,합,공공임대,제주,96
2023-10,합,공공분양,전국,7,621
2023-10,합,공공분양,서울,1,251
2023-10,합,공공분양,인천,1,458
2023-10,합,공공분양,경기,2,841
2023-10,합,공공분양,부산,941
2023-10,합,공공분양,대구,0
2023-10,합,공공분양,광주,0
2023-10,합,공공분양,대전,1,130
2023-10,합,공공분양,울산,0
2023-10,합,공공분양,세종,0
2023-10,합,공공분양,강원,0
2023-10,합,공공분양,충북,0
2023-10,합,공공분양,충남,0
2023-10,합,공공분양,전북,0
2023-10,합,공공분양,전남,0
2023-10,합,공공분양,경북,0
2023-10,합,공공분양,경남,0
2023-10,합,공공분양,제주,0
2023-10,지자체,소계,전국,2,149
2023-10,지자체,소계,서울,132
2023-10,지자체,소계,인천,1,458
2023-10,지자체,소계,경기,152
2023-10,지자체,소계,부산,0
2023-10,지자체,소계,대구,0
2023-10,지자체,소계,광주,0
2023-10,지자체,소계,대전,0
2023-10,지자체,소계,울산,140
2023-10,지자체,소계,세종,0
2023-10,지자체,소계,강원,0
2023-10,지자체,소계,충북,118
2023-10,지자체,소계,충남,0
2023-10,지자체,소계,전북,0
2023-10,지자체,소계,전남,0
2023-10,지자체,소계,경북,30
2023-10,지자체,소계,경남,0
2023-10,지자체,소계,제주,119
2023-10,지자체,국민임대,전국,23
2023-10,지자체,국민임대,서울,0
2023-10,지자체,국민임대,인천,0
2023-10,지자체,국민임대,경기,0
2023-10,지자체,국민임대,부산,0
2023-10,지자체,국민임대,대구,0
2023-10,지자체,국민임대,광주,0
2023-10,지자체,국민임대,대전,0
2023-10,지자체,국민임대,울산,0
2023-10,지자체,국민임대,세종,0
2023-10,지자체,국민임대,강원,0
2023-10,지자체,국민임대,충북,0
2023-10,지자체,국민임대,충남,0
2023-10,지자체,국민임대,전북,0
2023-10,지자체,국민임대,전남,0
2023-10,지자체,국민임대,경북,0
2023-10,지자체,국민임대,경남,0
2023-10,지자체,국민임대,제주,23
2023-10,지자체,공공임대,전국,668
2023-10,지자체,공공임대,서울,132
2023-10,지자체,공공임대,인천,0
2023-10,지자체,공공임대,경기,152
2023-10,지자체,공공임대,부산,0
2023-10,지자체,공공임대,대구,0
2023-10,지자체,공공임대,광주,0
2023-10,지자체,공공임대,대전,0
2023-10,지자체,공공임대,울산,140
2023-10,지자체,공공임대,세종,0
2023-10,지자체,공공임대,강원,0
2023-10,지자체,공공임대,충북,118
2023-10,지자체,공공임대,충남,0
2023-10,지자체,공공임대,전북,0
2023-10,지자체,공공임대,전남,0
2023-10,지자체,공공임대,경북,30
2023-10,지자체,공공임대,경남,0
2023-10,지자체,공공임대,제주,96
2023-10,지자체,공공분양,전국,1,458
2023-10,지자체,공공분양,서울,0
2023-10,지자체,공공분양,인천,1,458
2023-10,지자체,공공분양,경기,0
2023-10,지자체,공공분양,부산,0
2023-10,지자체,공공분양,대구,0
2023-10,지자체,공공분양,광주,0
2023-10,지자체,공공분양,대전,0
2023-10,지자체,공공분양,울산,0
2023-10,지자체,공공분양,세종,0
2023-10,지자체,공공분양,강원,0
2023-10,지자체,공공분양,충북,0
2023-10,지자체,공공분양,충남,0
2023-10,지자체,공공분양,전북,0
2023-10,지자체,공공분양,전남,0
2023-10,지자체,공공분양,경북,0
2023-10,지자체,공공분양,경남,0
2023-10,지자체,공공분양,제주,0
2023-10,LH,소계,전국,8,453
2023-10,LH,소계,서울,366
2023-10,LH,소계,인천,0
2023-10,LH,소계,경기,3,849
2023-10,LH,소계,부산,1,486
2023-10,LH,소계,대구,0
2023-10,LH,소계,광주,0
2023-10,LH,소계,대전,2,202
2023-10,LH,소계,울산,0
2023-10,LH,소계,세종,0
2023-10,LH,소계,강원,200
2023-10,LH,소계,충북,300
2023-10,LH,소계,충남,50
2023-10,LH,소계,전북,0
2023-10,LH,소계,전남,0
2023-10,LH,소계,경북,0
2023-10,LH,소계,경남,0
2023-10,LH,소계,제주,0
2023-10,LH,국민임대,전국,0
2023-10,LH,국민임대,서울,0
2023-10,LH,국민임대,인천,0
2023-10,LH,국민임대,경기,0
2023-10,LH,국민임대,부산,0
2023-10,LH,국민임대,대구,0
2023-10,LH,국민임대,광주,0
2023-10,LH,국민임대,대전,0
2023-10,LH,국민임대,울산,0
2023-10,LH,국민임대,세종,0
2023-10,LH,국민임대,강원,0
2023-10,LH,국민임대,충북,0
2023-10,LH,국민임대,충남,0
2023-10,LH,국민임대,전북,0
2023-10,LH,국민임대,전남,0
2023-10,LH,국민임대,경북,0
2023-10,LH,국민임대,경남,0
2023-10,LH,국민임대,제주,0
2023-10,LH,공공임대,전국,3,416
2023-10,LH,공공임대,서울,103
2023-10,LH,공공임대,인천,0
2023-10,LH,공공임대,경기,1,008
2023-10,LH,공공임대,부산,683
2023-10,LH,공공임대,대구,0
2023-10,LH,공공임대,광주,0
2023-10,LH,공공임대,대전,1,072
2023-10,LH,공공임대,울산,0
2023-10,LH,공공임대,세종,0
2023-10,LH,공공임대,강원,200
2023-10,LH,공공임대,충북,300
2023-10,LH,공공임대,충남,50
2023-10,LH,공공임대,전북,0
2023-10,LH,공공임대,전남,0
2023-10,LH,공공임대,경북,0
2023-10,LH,공공임대,경남,0
2023-10,LH,공공임대,제주,0
2023-10,LH,공공분양,전국,5,037
2023-10,LH,공공분양,서울,263
2023-10,LH,공공분양,인천,0
2023-10,LH,공공분양,경기,2,841
2023-10,LH,공공분양,부산,803
2023-10,LH,공공분양,대구,0
2023-10,LH,공공분양,광주,0
2023-10,LH,공공분양,대전,1,130
2023-10,LH,공공분양,울산,0
2023-10,LH,공공분양,세종,0
2023-10,LH,공공분양,강원,0
2023-10,LH,공공분양,충북,0
2023-10,LH,공공분양,충남,0
2023-10,LH,공공분양,전북,0
2023-10,LH,공공분양,전남,0
2023-10,LH,공공분양,경북,0
2023-10,LH,공공분양,경남,0
2023-10,LH,공공분양,제주,0
2023-10,주택업체,소계,전국,2,473
2023-10,주택업체,소계,서울,1,457
2023-10,주택업체,소계,인천,0
2023-10,주택업체,소계,경기,51
2023-10,주택업체,소계,부산,580
2023-10,주택업체,소계,대구,0
2023-10,주택업체,소계,광주,0
2023-10,주택업체,소계,대전,370
2023-10,주택업체,소계,울산,0
2023-10,주택업체,소계,세종,0
2023-10,주택업체,소계,강원,0
2023-10,주택업체,소계,충북,0
2023-10,주택업체,소계,충남,0
2023-10,주택업체,소계,전북,0
2023-10,주택업체,소계,전남,0
2023-10,주택업체,소계,경북,0
2023-10,주택업체,소계,경남,0
2023-10,주택업체,소계,제주,15
2023-10,주택업체,국민임대,전국,66
2023-10,주택업체,국민임대,서울,0
2023-10,주택업체,국민임대,인천,0
2023-10,주택업체,국민임대,경기,51
2023-10,주택업체,국민임대,부산,0
2023-10,주택업체,국민임대,대구,0
2023-10,주택업체,국민임대,광주,0
2023-10,주택업체,국민임대,대전,0
2023-10,주택업체,국민임대,울산,0
2023-10,주택업체,국민임대,세종,0
2023-10,주택업체,국민임대,강원,0
2023-10,주택업체,국민임대,충북,0
2023-10,주택업체,국민임대,충남,0
2023-10,주택업체,국민임대,전북,0
2023-10,주택업체,국민임대,전남,0
2023-10,주택업체,국민임대,경북,0
2023-10,주택업체,국민임대,경남,0
2023-10,주택업체,국민임대,제주,15
2023-10,주택업체,공공임대,전국,1,281
2023-10,주택업체,공공임대,서울,469
2023-10,주택업체,공공임대,인천,0
2023-10,주택업체,공공임대,경기,0
2023-10,주택업체,공공임대,부산,442
2023-10,주택업체,공공임대,대구,0
2023-10,주택업체,공공임대,광주,0
2023-10,주택업체,공공임대,대전,370
2023-10,주택업체,공공임대,울산,0
2023-10,주택업체,공공임대,세종,0
2023-10,주택업체,공공임대,강원,0
2023-10,주택업체,공공임대,충북,0
2023-10,주택업체,공공임대,충남,0
2023-10,주택업체,공공임대,전북,0
2023-10,주택업체,공공임대,전남,0
2023-10,주택업체,공공임대,경북,0
2023-10,주택업체,공공임대,경남,0
2023-10,주택업체,공공임대,제주,0
2023-10,주택업체,공공분양,전국,1,126
2023-10,주택업체,공공분양,서울,988
2023-10,주택업체,공공분양,인천,0
2023-10,주택업체,공공분양,경기,0
2023-10,주택업체,공공분양,부산,138
2023-10,주택업체,공공분양,대구,0
2023-10,주택업체,공공분양,광주,0
2023-10,주택업체,공공분양,대전,0
2023-10,주택업체,공공분양,울산,0
2023-10,주택업체,공공분양,세종,0
2023-10,주택업체,공공분양,강원,0
2023-10,주택업체,공공분양,충북,0
2023-10,주택업체,공공분양,충남,0
2023-10,주택업체,공공분양,전북,0
2023-10,주택업체,공공분양,전남,0
2023-10,주택업체,공공분양,경북,0
2023-10,주택업체,공공분양,경남,0
2023-10,주택업체,공공분양,제주,0
2023-10,민간부문,민간부문,전국,285,897
2023-10,민간부문,민간부문,서울,25,776
2023-10,민간부문,민간부문,인천,19,945
2023-10,민간부문,민간부문,경기,71,676
2023-10,민간부문,민간부문,부산,19,527
2023-10,민간부문,민간부문,대구,10,289
2023-10,민간부문,민간부문,광주,10,454
2023-10,민간부문,민간부문,대전,10,765
2023-10,민간부문,민간부문,울산,9,913
2023-10,민간부문,민간부문,세종,331
2023-10,민간부문,민간부문,강원,13,173
2023-10,민간부문,민간부문,충북,8,910
2023-10,민간부문,민간부문,충남,21,785
2023-10,민간부문,민간부문,전북,11,353
2023-10,민간부문,민간부문,전남,16,014
2023-10,민간부문,민간부문,경북,18,350
2023-10,민간부문,민간부문,경남,11,367
2023-10,민간부문,민간부문,제주,6,269
2023-10,민간,민간임대,전국,20,361
2023-10,민간,민간임대,서울,2,623
2023-10,민간,민간임대,인천,660
2023-10,민간,민간임대,경기,5,476
2023-10,민간,민간임대,부산,90
2023-10,민간,민간임대,대구,0
2023-10,민간,민간임대,광주,0
2023-10,민간,민간임대,대전,0
2023-10,민간,민간임대,울산,0
2023-10,민간,민간임대,세종,60
2023-10,민간,민간임대,강원,612
2023-10,민간,민간임대,충북,484
2023-10,민간,민간임대,충남,1,353
2023-10,민간,민간임대,전북,1,415
2023-10,민간,민간임대,전남,2,999
2023-10,민간,민간임대,경북,1,163
2023-10,민간,민간임대,경남,2,898
2023-10,민간,민간임대,제주,528
2023-10,민간,민간분양,전국,265,536
2023-10,민간,민간분양,서울,23,153
2023-10,민간,민간분양,인천,19,285
2023-10,민간,민간분양,경기,66,200
2023-10,민간,민간분양,부산,19,437
2023-10,민간,민간분양,대구,10,289
2023-10,민간,민간분양,광주,10,454
2023-10,민간,민간분양,대전,10,765
2023-10,민간,민간분양,울산,9,913
2023-10,민간,민간분양,세종,271
2023-10,민간,민간분양,강원,12,561
2023-10,민간,민간분양,충북,8,426
2023-10,민간,민간분양,충남,20,432
2023-10,민간,민간분양,전북,9,938
2023-10,민간,민간분양,전남,13,015
2023-10,민간,민간분양,경북,17,187
2023-10,민간,민간분양,경남,8,469
2023-10,민간,민간분양,제주,5,741
2023-11,총  계,총  계,전국,327,367
2023-11,총  계,총  계,서울,34,600
2023-11,총  계,총  계,인천,23,985
2023-11,총  계,총  계,경기,83,949
2023-11,총  계,총  계,부산,22,626
2023-11,총  계,총  계,대구,10,899
2023-11,총  계,총  계,광주,10,942
2023-11,총  계,총  계,대전,13,370
2023-11,총  계,총  계,울산,10,686
2023-11,총  계,총  계,세종,436
2023-11,총  계,총  계,강원,14,164
2023-11,총  계,총  계,충북,10,470
2023-11,총  계,총  계,충남,22,624
2023-11,총  계,총  계,전북,12,773
2023-11,총  계,총  계,전남,16,729
2023-11,총  계,총  계,경북,20,490
2023-11,총  계,총  계,경남,11,837
2023-11,총  계,총  계,제주,6,787
2023-11,공공부문,공공부문,전국,14,231
2023-11,공공부문,공공부문,서울,2,029
2023-11,공공부문,공공부문,인천,1,458
2023-11,공공부문,공공부문,경기,5,054
2023-11,공공부문,공공부문,부산,2,066
2023-11,공공부문,공공부문,대구,0
2023-11,공공부문,공공부문,광주,0
2023-11,공공부문,공공부문,대전,2,572
2023-11,공공부문,공공부문,울산,140
2023-11,공공부문,공공부문,세종,0
2023-11,공공부문,공공부문,강원,200
2023-11,공공부문,공공부문,충북,418
2023-11,공공부문,공공부문,충남,50
2023-11,공공부문,공공부문,전북,0
2023-11,공공부문,공공부문,전남,0
2023-11,공공부문,공공부문,경북,110
2023-11,공공부문,공공부문,경남,0
2023-11,공공부문,공공부문,제주,134
2023-11,합,국민임대,전국,89
2023-11,합,국민임대,서울,0
2023-11,합,국민임대,인천,0
2023-11,합,국민임대,경기,51
2023-11,합,국민임대,부산,0
2023-11,합,국민임대,대구,0
2023-11,합,국민임대,광주,0
2023-11,합,국민임대,대전,0
2023-11,합,국민임대,울산,0
2023-11,합,국민임대,세종,0
2023-11,합,국민임대,강원,0
2023-11,합,국민임대,충북,0
2023-11,합,국민임대,충남,0
2023-11,합,국민임대,전북,0
2023-11,합,국민임대,전남,0
2023-11,합,국민임대,경북,0
2023-11,합,국민임대,경남,0
2023-11,합,국민임대,제주,38
2023-11,합,공공임대,전국,6,441
2023-11,합,공공임대,서울,778
2023-11,합,공공임대,인천,0
2023-11,합,공공임대,경기,2,162
2023-11,합,공공임대,부산,1,125
2023-11,합,공공임대,대구,0
2023-11,합,공공임대,광주,0
2023-11,합,공공임대,대전,1,442
2023-11,합,공공임대,울산,140
2023-11,합,공공임대,세종,0
2023-11,합,공공임대,강원,200
2023-11,합,공공임대,충북,418
2023-11,합,공공임대,충남,50
2023-11,합,공공임대,전북,0
2023-11,합,공공임대,전남,0
2023-11,합,공공임대,경북,30
2023-11,합,공공임대,경남,0
2023-11,합,공공임대,제주,96
2023-11,합,공공분양,전국,7,701
2023-11,합,공공분양,서울,1,251
2023-11,합,공공분양,인천,1,458
2023-11,합,공공분양,경기,2,841
2023-11,합,공공분양,부산,941
2023-11,합,공공분양,대구,0
2023-11,합,공공분양,광주,0
2023-11,합,공공분양,대전,1,130
2023-11,합,공공분양,울산,0
2023-11,합,공공분양,세종,0
2023-11,합,공공분양,강원,0
2023-11,합,공공분양,충북,0
2023-11,합,공공분양,충남,0
2023-11,합,공공분양,전북,0
2023-11,합,공공분양,전남,0
2023-11,합,공공분양,경북,80
2023-11,합,공공분양,경남,0
2023-11,합,공공분양,제주,0
2023-11,지자체,소계,전국,2,229
2023-11,지자체,소계,서울,132
2023-11,지자체,소계,인천,1,458
2023-11,지자체,소계,경기,152
2023-11,지자체,소계,부산,0
2023-11,지자체,소계,대구,0
2023-11,지자체,소계,광주,0
2023-11,지자체,소계,대전,0
2023-11,지자체,소계,울산,140
2023-11,지자체,소계,세종,0
2023-11,지자체,소계,강원,0
2023-11,지자체,소계,충북,118
2023-11,지자체,소계,충남,0
2023-11,지자체,소계,전북,0
2023-11,지자체,소계,전남,0
2023-11,지자체,소계,경북,110
2023-11,지자체,소계,경남,0
2023-11,지자체,소계,제주,119
2023-11,지자체,국민임대,전국,23
2023-11,지자체,국민임대,서울,0
2023-11,지자체,국민임대,인천,0
2023-11,지자체,국민임대,경기,0
2023-11,지자체,국민임대,부산,0
2023-11,지자체,국민임대,대구,0
2023-11,지자체,국민임대,광주,0
2023-11,지자체,국민임대,대전,0
2023-11,지자체,국민임대,울산,0
2023-11,지자체,국민임대,세종,0
2023-11,지자체,국민임대,강원,0
2023-11,지자체,국민임대,충북,0
2023-11,지자체,국민임대,충남,0
2023-11,지자체,국민임대,전북,0
2023-11,지자체,국민임대,전남,0
2023-11,지자체,국민임대,경북,0
2023-11,지자체,국민임대,경남,0
2023-11,지자체,국민임대,제주,23
2023-11,지자체,공공임대,전국,668
2023-11,지자체,공공임대,서울,132
2023-11,지자체,공공임대,인천,0
2023-11,지자체,공공임대,경기,152
2023-11,지자체,공공임대,부산,0
2023-11,지자체,공공임대,대구,0
2023-11,지자체,공공임대,광주,0
2023-11,지자체,공공임대,대전,0
2023-11,지자체,공공임대,울산,140
2023-11,지자체,공공임대,세종,0
2023-11,지자체,공공임대,강원,0
2023-11,지자체,공공임대,충북,118
2023-11,지자체,공공임대,충남,0
2023-11,지자체,공공임대,전북,0
2023-11,지자체,공공임대,전남,0
2023-11,지자체,공공임대,경북,30
2023-11,지자체,공공임대,경남,0
2023-11,지자체,공공임대,제주,96
2023-11,지자체,공공분양,전국,1,538
2023-11,지자체,공공분양,서울,0
2023-11,지자체,공공분양,인천,1,458
2023-11,지자체,공공분양,경기,0
2023-11,지자체,공공분양,부산,0
2023-11,지자체,공공분양,대구,0
2023-11,지자체,공공분양,광주,0
2023-11,지자체,공공분양,대전,0
2023-11,지자체,공공분양,울산,0
2023-11,지자체,공공분양,세종,0
2023-11,지자체,공공분양,강원,0
2023-11,지자체,공공분양,충북,0
2023-11,지자체,공공분양,충남,0
2023-11,지자체,공공분양,전북,0
2023-11,지자체,공공분양,전남,0
2023-11,지자체,공공분양,경북,80
2023-11,지자체,공공분양,경남,0
2023-11,지자체,공공분양,제주,0
2023-11,LH,소계,전국,9,455
2023-11,LH,소계,서울,366
2023-11,LH,소계,인천,0
2023-11,LH,소계,경기,4,851
2023-11,LH,소계,부산,1,486
2023-11,LH,소계,대구,0
2023-11,LH,소계,광주,0
2023-11,LH,소계,대전,2,202
2023-11,LH,소계,울산,0
2023-11,LH,소계,세종,0
2023-11,LH,소계,강원,200
2023-11,LH,소계,충북,300
2023-11,LH,소계,충남,50
2023-11,LH,소계,전북,0
2023-11,LH,소계,전남,0
2023-11,LH,소계,경북,0
2023-11,LH,소계,경남,0
2023-11,LH,소계,제주,0
2023-11,LH,국민임대,전국,0
2023-11,LH,국민임대,서울,0
2023-11,LH,국민임대,인천,0
2023-11,LH,국민임대,경기,0
2023-11,LH,국민임대,부산,0
2023-11,LH,국민임대,대구,0
2023-11,LH,국민임대,광주,0
2023-11,LH,국민임대,대전,0
2023-11,LH,국민임대,울산,0
2023-11,LH,국민임대,세종,0
2023-11,LH,국민임대,강원,0
2023-11,LH,국민임대,충북,0
2023-11,LH,국민임대,충남,0
2023-11,LH,국민임대,전북,0
2023-11,LH,국민임대,전남,0
2023-11,LH,국민임대,경북,0
2023-11,LH,국민임대,경남,0
2023-11,LH,국민임대,제주,0
2023-11,LH,공공임대,전국,4,418
2023-11,LH,공공임대,서울,103
2023-11,LH,공공임대,인천,0
2023-11,LH,공공임대,경기,2,010
2023-11,LH,공공임대,부산,683
2023-11,LH,공공임대,대구,0
2023-11,LH,공공임대,광주,0
2023-11,LH,공공임대,대전,1,072
2023-11,LH,공공임대,울산,0
2023-11,LH,공공임대,세종,0
2023-11,LH,공공임대,강원,200
2023-11,LH,공공임대,충북,300
2023-11,LH,공공임대,충남,50
2023-11,LH,공공임대,전북,0
2023-11,LH,공공임대,전남,0
2023-11,LH,공공임대,경북,0
2023-11,LH,공공임대,경남,0
2023-11,LH,공공임대,제주,0
2023-11,LH,공공분양,전국,5,037
2023-11,LH,공공분양,서울,263
2023-11,LH,공공분양,인천,0
2023-11,LH,공공분양,경기,2,841
2023-11,LH,공공분양,부산,803
2023-11,LH,공공분양,대구,0
2023-11,LH,공공분양,광주,0
2023-11,LH,공공분양,대전,1,130
2023-11,LH,공공분양,울산,0
2023-11,LH,공공분양,세종,0
2023-11,LH,공공분양,강원,0
2023-11,LH,공공분양,충북,0
2023-11,LH,공공분양,충남,0
2023-11,LH,공공분양,전북,0
2023-11,LH,공공분양,전남,0
2023-11,LH,공공분양,경북,0
2023-11,LH,공공분양,경남,0
2023-11,LH,공공분양,제주,0
2023-11,주택업체,소계,전국,2,547
2023-11,주택업체,소계,서울,1,531
2023-11,주택업체,소계,인천,0
2023-11,주택업체,소계,경기,51
2023-11,주택업체,소계,부산,580
2023-11,주택업체,소계,대구,0
2023-11,주택업체,소계,광주,0
2023-11,주택업체,소계,대전,370
2023-11,주택업체,소계,울산,0
2023-11,주택업체,소계,세종,0
2023-11,주택업체,소계,강원,0
2023-11,주택업체,소계,충북,0
2023-11,주택업체,소계,충남,0
2023-11,주택업체,소계,전북,0
2023-11,주택업체,소계,전남,0
2023-11,주택업체,소계,경북,0
2023-11,주택업체,소계,경남,0
2023-11,주택업체,소계,제주,15
2023-11,주택업체,국민임대,전국,66
2023-11,주택업체,국민임대,서울,0
2023-11,주택업체,국민임대,인천,0
2023-11,주택업체,국민임대,경기,51
2023-11,주택업체,국민임대,부산,0
2023-11,주택업체,국민임대,대구,0
2023-11,주택업체,국민임대,광주,0
2023-11,주택업체,국민임대,대전,0
2023-11,주택업체,국민임대,울산,0
2023-11,주택업체,국민임대,세종,0
2023-11,주택업체,국민임대,강원,0
2023-11,주택업체,국민임대,충북,0
2023-11,주택업체,국민임대,충남,0
2023-11,주택업체,국민임대,전북,0
2023-11,주택업체,국민임대,전남,0
2023-11,주택업체,국민임대,경북,0
2023-11,주택업체,국민임대,경남,0
2023-11,주택업체,국민임대,제주,15
2023-11,주택업체,공공임대,전국,1,355
2023-11,주택업체,공공임대,서울,543
2023-11,주택업체,공공임대,인천,0
2023-11,주택업체,공공임대,경기,0
2023-11,주택업체,공공임대,부산,442
2023-11,주택업체,공공임대,대구,0
2023-11,주택업체,공공임대,광주,0
2023-11,주택업체,공공임대,대전,370
2023-11,주택업체,공공임대,울산,0
2023-11,주택업체,공공임대,세종,0
2023-11,주택업체,공공임대,강원,0
2023-11,주택업체,공공임대,충북,0
2023-11,주택업체,공공임대,충남,0
2023-11,주택업체,공공임대,전북,0
2023-11,주택업체,공공임대,전남,0
2023-11,주택업체,공공임대,경북,0
2023-11,주택업체,공공임대,경남,0
2023-11,주택업체,공공임대,제주,0
2023-11,주택업체,공공분양,전국,1,126
2023-11,주택업체,공공분양,서울,988
2023-11,주택업체,공공분양,인천,0
2023-11,주택업체,공공분양,경기,0
2023-11,주택업체,공공분양,부산,138
2023-11,주택업체,공공분양,대구,0
2023-11,주택업체,공공분양,광주,0
2023-11,주택업체,공공분양,대전,0
2023-11,주택업체,공공분양,울산,0
2023-11,주택업체,공공분양,세종,0
2023-11,주택업체,공공분양,강원,0
2023-11,주택업체,공공분양,충북,0
2023-11,주택업체,공공분양,충남,0
2023-11,주택업체,공공분양,전북,0
2023-11,주택업체,공공분양,전남,0
2023-11,주택업체,공공분양,경북,0
2023-11,주택업체,공공분양,경남,0
2023-11,주택업체,공공분양,제주,0
2023-11,민간부문,민간부문,전국,313,136
2023-11,민간부문,민간부문,서울,32,571
2023-11,민간부문,민간부문,인천,22,527
2023-11,민간부문,민간부문,경기,78,895
2023-11,민간부문,민간부문,부산,20,560
2023-11,민간부문,민간부문,대구,10,899
2023-11,민간부문,민간부문,광주,10,942
2023-11,민간부문,민간부문,대전,10,798
2023-11,민간부문,민간부문,울산,10,546
2023-11,민간부문,민간부문,세종,436
2023-11,민간부문,민간부문,강원,13,964
2023-11,민간부문,민간부문,충북,10,052
2023-11,민간부문,민간부문,충남,22,574
2023-11,민간부문,민간부문,전북,12,773
2023-11,민간부문,민간부문,전남,16,729
2023-11,민간부문,민간부문,경북,20,380
2023-11,민간부문,민간부문,경남,11,837
2023-11,민간부문,민간부문,제주,6,653
2023-11,민간,민간임대,전국,22,117
2023-11,민간,민간임대,서울,2,623
2023-11,민간,민간임대,인천,660
2023-11,민간,민간임대,경기,6,153
2023-11,민간,민간임대,부산,90
2023-11,민간,민간임대,대구,0
2023-11,민간,민간임대,광주,0
2023-11,민간,민간임대,대전,0
2023-11,민간,민간임대,울산,0
2023-11,민간,민간임대,세종,60
2023-11,민간,민간임대,강원,830
2023-11,민간,민간임대,충북,484
2023-11,민간,민간임대,충남,1,761
2023-11,민간,민간임대,전북,1,415
2023-11,민간,민간임대,전남,3,452
2023-11,민간,민간임대,경북,1,163
2023-11,민간,민간임대,경남,2,898
2023-11,민간,민간임대,제주,528
2023-11,민간,민간분양,전국,291,019
2023-11,민간,민간분양,서울,29,948
2023-11,민간,민간분양,인천,21,867
2023-11,민간,민간분양,경기,72,742
2023-11,민간,민간분양,부산,20,470
2023-11,민간,민간분양,대구,10,899
2023-11,민간,민간분양,광주,10,942
2023-11,민간,민간분양,대전,10,798
2023-11,민간,민간분양,울산,10,546
2023-11,민간,민간분양,세종,376
2023-11,민간,민간분양,강원,13,134
2023-11,민간,민간분양,충북,9,568
2023-11,민간,민간분양,충남,20,813
2023-11,민간,민간분양,전북,11,358
2023-11,민간,민간분양,전남,13,277
2023-11,민간,민간분양,경북,19,217
2023-11,민간,민간분양,경남,8,939
2023-11,민간,민간분양,제주,6,125
2023-12,총  계,총  계,전국,425,634
2023-12,총  계,총  계,서울,39,163
2023-12,총  계,총  계,인천,29,509
2023-12,총  계,총  계,경기,134,659
2023-12,총  계,총  계,부산,28,309
2023-12,총  계,총  계,대구,14,248
2023-12,총  계,총  계,광주,11,479
2023-12,총  계,총  계,대전,14,087
2023-12,총  계,총  계,울산,14,329
2023-12,총  계,총  계,세종,1,101
2023-12,총  계,총  계,강원,18,354
2023-12,총  계,총  계,충북,12,935
2023-12,총  계,총  계,충남,26,628
2023-12,총  계,총  계,전북,14,504
2023-12,총  계,총  계,전남,19,325
2023-12,총  계,총  계,경북,22,096
2023-12,총  계,총  계,경남,17,029
2023-12,총  계,총  계,제주,7,879
2023-12,공공부문,공공부문,전국,79,758
2023-12,공공부문,공공부문,서울,4,921
2023-12,공공부문,공공부문,인천,4,720
2023-12,공공부문,공공부문,경기,47,130
2023-12,공공부문,공공부문,부산,4,501
2023-12,공공부문,공공부문,대구,2,903
2023-12,공공부문,공공부문,광주,0
2023-12,공공부문,공공부문,대전,2,962
2023-12,공공부문,공공부문,울산,1,448
2023-12,공공부문,공공부문,세종,656
2023-12,공공부문,공공부문,강원,1,340
2023-12,공공부문,공공부문,충북,2,638
2023-12,공공부문,공공부문,충남,1,756
2023-12,공공부문,공공부문,전북,710
2023-12,공공부문,공공부문,전남,627
2023-12,공공부문,공공부문,경북,302
2023-12,공공부문,공공부문,경남,3,010
2023-12,공공부문,공공부문,제주,134
2023-12,합,국민임대,전국,109
2023-12,합,국민임대,서울,20
2023-12,합,국민임대,인천,0
2023-12,합,국민임대,경기,51
2023-12,합,국민임대,부산,0
2023-12,합,국민임대,대구,0
2023-12,합,국민임대,광주,0
2023-12,합,국민임대,대전,0
2023-12,합,국민임대,울산,0
2023-12,합,국민임대,세종,0
2023-12,합,국민임대,강원,0
2023-12,합,국민임대,충북,0
2023-12,합,국민임대,충남,0
2023-12,합,국민임대,전북,0
2023-12,합,국민임대,전남,0
2023-12,합,국민임대,경북,0
2023-12,합,국민임대,경남,0
2023-12,합,국민임대,제주,38
2023-12,합,공공임대,전국,40,979
2023-12,합,공공임대,서울,1,201
2023-12,합,공공임대,인천,2,590
2023-12,합,공공임대,경기,23,250
2023-12,합,공공임대,부산,1,926
2023-12,합,공공임대,대구,1,977
2023-12,합,공공임대,광주,0
2023-12,합,공공임대,대전,1,482
2023-12,합,공공임대,울산,591
2023-12,합,공공임대,세종,0
2023-12,합,공공임대,강원,1,045
2023-12,합,공공임대,충북,883
2023-12,합,공공임대,충남,1,756
2023-12,합,공공임대,전북,710
2023-12,합,공공임대,전남,627
2023-12,합,공공임대,경북,222
2023-12,합,공공임대,경남,2,623
2023-12,합,공공임대,제주,96
2023-12,합,공공분양,전국,38,670
2023-12,합,공공분양,서울,3,700
2023-12,합,공공분양,인천,2,130
2023-12,합,공공분양,경기,23,829
2023-12,합,공공분양,부산,2,575
2023-12,합,공공분양,대구,926
2023-12,합,공공분양,광주,0
2023-12,합,공공분양,대전,1,480
2023-12,합,공공분양,울산,857
2023-12,합,공공분양,세종,656
2023-12,합,공공분양,강원,295
2023-12,합,공공분양,충북,1,755
2023-12,합,공공분양,충남,0
2023-12,합,공공분양,전북,0
2023-12,합,공공분양,전남,0
2023-12,합,공공분양,경북,80
2023-12,합,공공분양,경남,387
2023-12,합,공공분양,제주,0
2023-12,지자체,소계,전국,3,045
2023-12,지자체,소계,서울,934
2023-12,지자체,소계,인천,1,458
2023-12,지자체,소계,경기,152
2023-12,지자체,소계,부산,0
2023-12,지자체,소계,대구,0
2023-12,지자체,소계,광주,0
2023-12,지자체,소계,대전,0
2023-12,지자체,소계,울산,140
2023-12,지자체,소계,세종,0
2023-12,지자체,소계,강원,0
2023-12,지자체,소계,충북,118
2023-12,지자체,소계,충남,0
2023-12,지자체,소계,전북,0
2023-12,지자체,소계,전남,0
2023-12,지자체,소계,경북,110
2023-12,지자체,소계,경남,14
2023-12,지자체,소계,제주,119
2023-12,지자체,국민임대,전국,43
2023-12,지자체,국민임대,서울,20
2023-12,지자체,국민임대,인천,0
2023-12,지자체,국민임대,경기,0
2023-12,지자체,국민임대,부산,0
2023-12,지자체,국민임대,대구,0
2023-12,지자체,국민임대,광주,0
2023-12,지자체,국민임대,대전,0
2023-12,지자체,국민임대,울산,0
2023-12,지자체,국민임대,세종,0
2023-12,지자체,국민임대,강원,0
2023-12,지자체,국민임대,충북,0
2023-12,지자체,국민임대,충남,0
2023-12,지자체,국민임대,전북,0
2023-12,지자체,국민임대,전남,0
2023-12,지자체,국민임대,경북,0
2023-12,지자체,국민임대,경남,0
2023-12,지자체,국민임대,제주,23
2023-12,지자체,공공임대,전국,856
2023-12,지자체,공공임대,서울,306
2023-12,지자체,공공임대,인천,0
2023-12,지자체,공공임대,경기,152
2023-12,지자체,공공임대,부산,0
2023-12,지자체,공공임대,대구,0
2023-12,지자체,공공임대,광주,0
2023-12,지자체,공공임대,대전,0
2023-12,지자체,공공임대,울산,140
2023-12,지자체,공공임대,세종,0
2023-12,지자체,공공임대,강원,0
2023-12,지자체,공공임대,충북,118
2023-12,지자체,공공임대,충남,0
2023-12,지자체,공공임대,전북,0
2023-12,지자체,공공임대,전남,0
2023-12,지자체,공공임대,경북,30
2023-12,지자체,공공임대,경남,14
2023-12,지자체,공공임대,제주,96
2023-12,지자체,공공분양,전국,2,146
2023-12,지자체,공공분양,서울,608
2023-12,지자체,공공분양,인천,1,458
2023-12,지자체,공공분양,경기,0
2023-12,지자체,공공분양,부산,0
2023-12,지자체,공공분양,대구,0
2023-12,지자체,공공분양,광주,0
2023-12,지자체,공공분양,대전,0
2023-12,지자체,공공분양,울산,0
2023-12,지자체,공공분양,세종,0
2023-12,지자체,공공분양,강원,0
2023-12,지자체,공공분양,충북,0
2023-12,지자체,공공분양,충남,0
2023-12,지자체,공공분양,전북,0
2023-12,지자체,공공분양,전남,0
2023-12,지자체,공공분양,경북,80
2023-12,지자체,공공분양,경남,0
2023-12,지자체,공공분양,제주,0
2023-12,LH,소계,전국,73,619
2023-12,LH,소계,서울,2,456
2023-12,LH,소계,인천,3,262
2023-12,LH,소계,경기,46,927
2023-12,LH,소계,부산,3,921
2023-12,LH,소계,대구,2,903
2023-12,LH,소계,광주,0
2023-12,LH,소계,대전,2,552
2023-12,LH,소계,울산,1,308
2023-12,LH,소계,세종,656
2023-12,LH,소계,강원,1,340
2023-12,LH,소계,충북,2,520
2023-12,LH,소계,충남,1,756
2023-12,LH,소계,전북,710
2023-12,LH,소계,전남,120
2023-12,LH,소계,경북,192
2023-12,LH,소계,경남,2,996
2023-12,LH,소계,제주,0
2023-12,LH,국민임대,전국,0
2023-12,LH,국민임대,서울,0
2023-12,LH,국민임대,인천,0
2023-12,LH,국민임대,경기,0
2023-12,LH,국민임대,부산,0
2023-12,LH,국민임대,대구,0
2023-12,LH,국민임대,광주,0
2023-12,LH,국민임대,대전,0
2023-12,LH,국민임대,울산,0
2023-12,LH,국민임대,세종,0
2023-12,LH,국민임대,강원,0
2023-12,LH,국민임대,충북,0
2023-12,LH,국민임대,충남,0
2023-12,LH,국민임대,전북,0
2023-12,LH,국민임대,전남,0
2023-12,LH,국민임대,경북,0
2023-12,LH,국민임대,경남,0
2023-12,LH,국민임대,제주,0
2023-12,LH,공공임대,전국,38,221
2023-12,LH,공공임대,서울,352
2023-12,LH,공공임대,인천,2,590
2023-12,LH,공공임대,경기,23,098
2023-12,LH,공공임대,부산,1,484
2023-12,LH,공공임대,대구,1,977
2023-12,LH,공공임대,광주,0
2023-12,LH,공공임대,대전,1,072
2023-12,LH,공공임대,울산,451
2023-12,LH,공공임대,세종,0
2023-12,LH,공공임대,강원,1,045
2023-12,LH,공공임대,충북,765
2023-12,LH,공공임대,충남,1,756
2023-12,LH,공공임대,전북,710
2023-12,LH,공공임대,전남,120
2023-12,LH,공공임대,경북,192
2023-12,LH,공공임대,경남,2,609
2023-12,LH,공공임대,제주,0
2023-12,LH,공공분양,전국,35,398
2023-12,LH,공공분양,서울,2,104
2023-12,LH,공공분양,인천,672
2023-12,LH,공공분양,경기,23,829
2023-12,LH,공공분양,부산,2,437
2023-12,LH,공공분양,대구,926
2023-12,LH,공공분양,광주,0
2023-12,LH,공공분양,대전,1,480
2023-12,LH,공공분양,울산,857
2023-12,LH,공공분양,세종,656
2023-12,LH,공공분양,강원,295
2023-12,LH,공공분양,충북,1,755
2023-12,LH,공공분양,충남,0
2023-12,LH,공공분양,전북,0
2023-12,LH,공공분양,전남,0
2023-12,LH,공공분양,경북,0
2023-12,LH,공공분양,경남,387
2023-12,LH,공공분양,제주,0
2023-12,주택업체,소계,전국,3,094
2023-12,주택업체,소계,서울,1,531
2023-12,주택업체,소계,인천,0
2023-12,주택업체,소계,경기,51
2023-12,주택업체,소계,부산,580
2023-12,주택업체,소계,대구,0
2023-12,주택업체,소계,광주,0
2023-12,주택업체,소계,대전,410
2023-12,주택업체,소계,울산,0
2023-12,주택업체,소계,세종,0
2023-12,주택업체,소계,강원,0
2023-12,주택업체,소계,충북,0
2023-12,주택업체,소계,충남,0
2023-12,주택업체,소계,전북,0
2023-12,주택업체,소계,전남,507
2023-12,주택업체,소계,경북,0
2023-12,주택업체,소계,경남,0
2023-12,주택업체,소계,제주,15
2023-12,주택업체,국민임대,전국,66
2023-12,주택업체,국민임대,서울,0
2023-12,주택업체,국민임대,인천,0
2023-12,주택업체,국민임대,경기,51
2023-12,주택업체,국민임대,부산,0
2023-12,주택업체,국민임대,대구,0
2023-12,주택업체,국민임대,광주,0
2023-12,주택업체,국민임대,대전,0
2023-12,주택업체,국민임대,울산,0
2023-12,주택업체,국민임대,세종,0
2023-12,주택업체,국민임대,강원,0
2023-12,주택업체,국민임대,충북,0
2023-12,주택업체,국민임대,충남,0
2023-12,주택업체,국민임대,전북,0
2023-12,주택업체,국민임대,전남,0
2023-12,주택업체,국민임대,경북,0
2023-12,주택업체,국민임대,경남,0
2023-12,주택업체,국민임대,제주,15
2023-12,주택업체,공공임대,전국,1,902
2023-12,주택업체,공공임대,서울,543
2023-12,주택업체,공공임대,인천,0
2023-12,주택업체,공공임대,경기,0
2023-12,주택업체,공공임대,부산,442
2023-12,주택업체,공공임대,대구,0
2023-12,주택업체,공공임대,광주,0
2023-12,주택업체,공공임대,대전,410
2023-12,주택업체,공공임대,울산,0
2023-12,주택업체,공공임대,세종,0
2023-12,주택업체,공공임대,강원,0
2023-12,주택업체,공공임대,충북,0
2023-12,주택업체,공공임대,충남,0
2023-12,주택업체,공공임대,전북,0
2023-12,주택업체,공공임대,전남,507
2023-12,주택업체,공공임대,경북,0
2023-12,주택업체,공공임대,경남,0
2023-12,주택업체,공공임대,제주,0
2023-12,주택업체,공공분양,전국,1,126
2023-12,주택업체,공공분양,서울,988
2023-12,주택업체,공공분양,인천,0
2023-12,주택업체,공공분양,경기,0
2023-12,주택업체,공공분양,부산,138
2023-12,주택업체,공공분양,대구,0
2023-12,주택업체,공공분양,광주,0
2023-12,주택업체,공공분양,대전,0
2023-12,주택업체,공공분양,울산,0
2023-12,주택업체,공공분양,세종,0
2023-12,주택업체,공공분양,강원,0
2023-12,주택업체,공공분양,충북,0
2023-12,주택업체,공공분양,충남,0
2023-12,주택업체,공공분양,전북,0
2023-12,주택업체,공공분양,전남,0
2023-12,주택업체,공공분양,경북,0
2023-12,주택업체,공공분양,경남,0
2023-12,주택업체,공공분양,제주,0
2023-12,민간부문,민간부문,전국,345,876
2023-12,민간부문,민간부문,서울,34,242
2023-12,민간부문,민간부문,인천,24,789
2023-12,민간부문,민간부문,경기,87,529
2023-12,민간부문,민간부문,부산,23,808
2023-12,민간부문,민간부문,대구,11,345
2023-12,민간부문,민간부문,광주,11,479
2023-12,민간부문,민간부문,대전,11,125
2023-12,민간부문,민간부문,울산,12,881
2023-12,민간부문,민간부문,세종,445
2023-12,민간부문,민간부문,강원,17,014
2023-12,민간부문,민간부문,충북,10,297
2023-12,민간부문,민간부문,충남,24,872
2023-12,민간부문,민간부문,전북,13,794
2023-12,민간부문,민간부문,전남,18,698
2023-12,민간부문,민간부문,경북,21,794
2023-12,민간부문,민간부문,경남,14,019
2023-12,민간부문,민간부문,제주,7,745
2023-12,민간,민간임대,전국,25,991
2023-12,민간,민간임대,서울,2,623
2023-12,민간,민간임대,인천,2,079
2023-12,민간,민간임대,경기,6,153
2023-12,민간,민간임대,부산,90
2023-12,민간,민간임대,대구,0
2023-12,민간,민간임대,광주,494
2023-12,민간,민간임대,대전,0
2023-12,민간,민간임대,울산,0
2023-12,민간,민간임대,세종,60
2023-12,민간,민간임대,강원,830
2023-12,민간,민간임대,충북,484
2023-12,민간,민간임대,충남,2,005
2023-12,민간,민간임대,전북,2,304
2023-12,민간,민간임대,전남,4,280
2023-12,민간,민간임대,경북,1,163
2023-12,민간,민간임대,경남,2,898
2023-12,민간,민간임대,제주,528
2023-12,민간,민간분양,전국,319,885
2023-12,민간,민간분양,서울,31,619
2023-12,민간,민간분양,인천,22,710
2023-12,민간,민간분양,경기,81,376
2023-12,민간,민간분양,부산,23,718
2023-12,민간,민간분양,대구,11,345
2023-12,민간,민간분양,광주,10,985
2023-12,민간,민간분양,대전,11,125
2023-12,민간,민간분양,울산,12,881
2023-12,민간,민간분양,세종,385
2023-12,민간,민간분양,강원,16,184
2023-12,민간,민간분양,충북,9,813
2023-12,민간,민간분양,충남,22,867
2023-12,민간,민간분양,전북,11,490
2023-12,민간,민간분양,전남,14,418
2023-12,민간,민간분양,경북,20,631
2023-12,민간,민간분양,경남,11,121
2023-12,민간,민간분양,제주,7,217
2024-01,총  계,총  계,전국,25,684
2024-01,총  계,총  계,서울,2,475
2024-01,총  계,총  계,인천,2,173
2024-01,총  계,총  계,경기,6,188
2024-01,총  계,총  계,부산,1,809
2024-01,총  계,총  계,대구,17
2024-01,총  계,총  계,광주,250
2024-01,총  계,총  계,대전,2,867
2024-01,총  계,총  계,울산,66
2024-01,총  계,총  계,세종,9
2024-01,총  계,총  계,강원,809
2024-01,총  계,총  계,충북,130
2024-01,총  계,총  계,충남,1,853
2024-01,총  계,총  계,전북,614
2024-01,총  계,총  계,전남,271
2024-01,총  계,총  계,경북,1,427
2024-01,총  계,총  계,경남,4,259
2024-01,총  계,총  계,제주,467
2024-01,공공부문,공공부문,전국,493
2024-01,공공부문,공공부문,서울,75
2024-01,공공부문,공공부문,인천,418
2024-01,공공부문,공공부문,경기,0
2024-01,공공부문,공공부문,부산,0
2024-01,공공부문,공공부문,대구,0
2024-01,공공부문,공공부문,광주,0
2024-01,공공부문,공공부문,대전,0
2024-01,공공부문,공공부문,울산,0
2024-01,공공부문,공공부문,세종,0
2024-01,공공부문,공공부문,강원,0
2024-01,공공부문,공공부문,충북,0
2024-01,공공부문,공공부문,충남,0
2024-01,공공부문,공공부문,전북,0
2024-01,공공부문,공공부문,전남,0
2024-01,공공부문,공공부문,경북,0
2024-01,공공부문,공공부문,경남,0
2024-01,공공부문,공공부문,제주,0
2024-01,합,국민임대,전국,75
2024-01,합,국민임대,서울,75
2024-01,합,국민임대,인천,0
2024-01,합,국민임대,경기,0
2024-01,합,국민임대,부산,0
2024-01,합,국민임대,대구,0
2024-01,합,국민임대,광주,0
2024-01,합,국민임대,대전,0
2024-01,합,국민임대,울산,0
2024-01,합,국민임대,세종,0
2024-01,합,국민임대,강원,0
2024-01,합,국민임대,충북,0
2024-01,합,국민임대,충남,0
2024-01,합,국민임대,전북,0
2024-01,합,국민임대,전남,0
2024-01,합,국민임대,경북,0
2024-01,합,국민임대,경남,0
2024-01,합,국민임대,제주,0
2024-01,합,공공임대,전국,418
2024-01,합,공공임대,서울,0
2024-01,합,공공임대,인천,418
2024-01,합,공공임대,경기,0
2024-01,합,공공임대,부산,0
2024-01,합,공공임대,대구,0
2024-01,합,공공임대,광주,0
2024-01,합,공공임대,대전,0
2024-01,합,공공임대,울산,0
2024-01,합,공공임대,세종,0
2024-01,합,공공임대,강원,0
2024-01,합,공공임대,충북,0
2024-01,합,공공임대,충남,0
2024-01,합,공공임대,전북,0
2024-01,합,공공임대,전남,0
2024-01,합,공공임대,경북,0
2024-01,합,공공임대,경남,0
2024-01,합,공공임대,제주,0
2024-01,합,공공분양,전국,0
2024-01,합,공공분양,서울,0
2024-01,합,공공분양,인천,0
2024-01,합,공공분양,경기,0
2024-01,합,공공분양,부산,0
2024-01,합,공공분양,대구,0
2024-01,합,공공분양,광주,0
2024-01,합,공공분양,대전,0
2024-01,합,공공분양,울산,0
2024-01,합,공공분양,세종,0
2024-01,합,공공분양,강원,0
2024-01,합,공공분양,충북,0
2024-01,합,공공분양,충남,0
2024-01,합,공공분양,전북,0
2024-01,합,공공분양,전남,0
2024-01,합,공공분양,경북,0
2024-01,합,공공분양,경남,0
2024-01,합,공공분양,제주,0
2024-01,지자체,소계,전국,0
2024-01,지자체,소계,서울,0
2024-01,지자체,소계,인천,0
2024-01,지자체,소계,경기,0
2024-01,지자체,소계,부산,0
2024-01,지자체,소계,대구,0
2024-01,지자체,소계,광주,0
2024-01,지자체,소계,대전,0
2024-01,지자체,소계,울산,0
2024-01,지자체,소계,세종,0
2024-01,지자체,소계,강원,0
2024-01,지자체,소계,충북,0
2024-01,지자체,소계,충남,0
2024-01,지자체,소계,전북,0
2024-01,지자체,소계,전남,0
2024-01,지자체,소계,경북,0
2024-01,지자체,소계,경남,0
2024-01,지자체,소계,제주,0
2024-01,지자체,국민임대,전국,0
2024-01,지자체,국민임대,서울,0
2024-01,지자체,국민임대,인천,0
2024-01,지자체,국민임대,경기,0
2024-01,지자체,국민임대,부산,0
2024-01,지자체,국민임대,대구,0
2024-01,지자체,국민임대,광주,0
2024-01,지자체,국민임대,대전,0
2024-01,지자체,국민임대,울산,0
2024-01,지자체,국민임대,세종,0
2024-01,지자체,국민임대,강원,0
2024-01,지자체,국민임대,충북,0
2024-01,지자체,국민임대,충남,0
2024-01,지자체,국민임대,전북,0
2024-01,지자체,국민임대,전남,0
2024-01,지자체,국민임대,경북,0
2024-01,지자체,국민임대,경남,0
2024-01,지자체,국민임대,제주,0
2024-01,지자체,공공임대,전국,0
2024-01,지자체,공공임대,서울,0
2024-01,지자체,공공임대,인천,0
2024-01,지자체,공공임대,경기,0
2024-01,지자체,공공임대,부산,0
2024-01,지자체,공공임대,대구,0
2024-01,지자체,공공임대,광주,0
2024-01,지자체,공공임대,대전,0
2024-01,지자체,공공임대,울산,0
2024-01,지자체,공공임대,세종,0
2024-01,지자체,공공임대,강원,0
2024-01,지자체,공공임대,충북,0
2024-01,지자체,공공임대,충남,0
2024-01,지자체,공공임대,전북,0
2024-01,지자체,공공임대,전남,0
2024-01,지자체,공공임대,경북,0
2024-01,지자체,공공임대,경남,0
2024-01,지자체,공공임대,제주,0
2024-01,지자체,공공분양,전국,0
2024-01,지자체,공공분양,서울,0
2024-01,지자체,공공분양,인천,0
2024-01,지자체,공공분양,경기,0
2024-01,지자체,공공분양,부산,0
2024-01,지자체,공공분양,대구,0
2024-01,지자체,공공분양,광주,0
2024-01,지자체,공공분양,대전,0
2024-01,지자체,공공분양,울산,0
2024-01,지자체,공공분양,세종,0
2024-01,지자체,공공분양,강원,0
2024-01,지자체,공공분양,충북,0
2024-01,지자체,공공분양,충남,0
2024-01,지자체,공공분양,전북,0
2024-01,지자체,공공분양,전남,0
2024-01,지자체,공공분양,경북,0
2024-01,지자체,공공분양,경남,0
2024-01,지자체,공공분양,제주,0
2024-01,LH,소계,전국,0
2024-01,LH,소계,서울,0
2024-01,LH,소계,인천,0
2024-01,LH,소계,경기,0
2024-01,LH,소계,부산,0
2024-01,LH,소계,대구,0
2024-01,LH,소계,광주,0
2024-01,LH,소계,대전,0
2024-01,LH,소계,울산,0
2024-01,LH,소계,세종,0
2024-01,LH,소계,강원,0
2024-01,LH,소계,충북,0
2024-01,LH,소계,충남,0
2024-01,LH,소계,전북,0
2024-01,LH,소계,전남,0
2024-01,LH,소계,경북,0
2024-01,LH,소계,경남,0
2024-01,LH,소계,제주,0
2024-01,LH,국민임대,전국,0
2024-01,LH,국민임대,서울,0
2024-01,LH,국민임대,인천,0
2024-01,LH,국민임대,경기,0
2024-01,LH,국민임대,부산,0
2024-01,LH,국민임대,대구,0
2024-01,LH,국민임대,광주,0
2024-01,LH,국민임대,대전,0
2024-01,LH,국민임대,울산,0
2024-01,LH,국민임대,세종,0
2024-01,LH,국민임대,강원,0
2024-01,LH,국민임대,충북,0
2024-01,LH,국민임대,충남,0
2024-01,LH,국민임대,전북,0
2024-01,LH,국민임대,전남,0
2024-01,LH,국민임대,경북,0
2024-01,LH,국민임대,경남,0
2024-01,LH,국민임대,제주,0
2024-01,LH,공공임대,전국,0
2024-01,LH,공공임대,서울,0
2024-01,LH,공공임대,인천,0
2024-01,LH,공공임대,경기,0
2024-01,LH,공공임대,부산,0
2024-01,LH,공공임대,대구,0
2024-01,LH,공공임대,광주,0
2024-01,LH,공공임대,대전,0
2024-01,LH,공공임대,울산,0
2024-01,LH,공공임대,세종,0
2024-01,LH,공공임대,강원,0
2024-01,LH,공공임대,충북,0
2024-01,LH,공공임대,충남,0
2024-01,LH,공공임대,전북,0
2024-01,LH,공공임대,전남,0
2024-01,LH,공공임대,경북,0
2024-01,LH,공공임대,경남,0
2024-01,LH,공공임대,제주,0
2024-01,LH,공공분양,전국,0
2024-01,LH,공공분양,서울,0
2024-01,LH,공공분양,인천,0
2024-01,LH,공공분양,경기,0
2024-01,LH,공공분양,부산,0
2024-01,LH,공공분양,대구,0
2024-01,LH,공공분양,광주,0
2024-01,LH,공공분양,대전,0
2024-01,LH,공공분양,울산,0
2024-01,LH,공공분양,세종,0
2024-01,LH,공공분양,강원,0
2024-01,LH,공공분양,충북,0
2024-01,LH,공공분양,충남,0
2024-01,LH,공공분양,전북,0
2024-01,LH,공공분양,전남,0
2024-01,LH,공공분양,경북,0
2024-01,LH,공공분양,경남,0
2024-01,LH,공공분양,제주,0
2024-01,주택업체,소계,전국,493
2024-01,주택업체,소계,서울,75
2024-01,주택업체,소계,인천,418
2024-01,주택업체,소계,경기,0
2024-01,주택업체,소계,부산,0
2024-01,주택업체,소계,대구,0
2024-01,주택업체,소계,광주,0
2024-01,주택업체,소계,대전,0
2024-01,주택업체,소계,울산,0
2024-01,주택업체,소계,세종,0
2024-01,주택업체,소계,강원,0
2024-01,주택업체,소계,충북,0
2024-01,주택업체,소계,충남,0
2024-01,주택업체,소계,전북,0
2024-01,주택업체,소계,전남,0
2024-01,주택업체,소계,경북,0
2024-01,주택업체,소계,경남,0
2024-01,주택업체,소계,제주,0
2024-01,주택업체,국민임대,전국,75
2024-01,주택업체,국민임대,서울,75
2024-01,주택업체,국민임대,인천,0
2024-01,주택업체,국민임대,경기,0
2024-01,주택업체,국민임대,부산,0
2024-01,주택업체,국민임대,대구,0
2024-01,주택업체,국민임대,광주,0
2024-01,주택업체,국민임대,대전,0
2024-01,주택업체,국민임대,울산,0
2024-01,주택업체,국민임대,세종,0
2024-01,주택업체,국민임대,강원,0
2024-01,주택업체,국민임대,충북,0
2024-01,주택업체,국민임대,충남,0
2024-01,주택업체,국민임대,전북,0
2024-01,주택업체,국민임대,전남,0
2024-01,주택업체,국민임대,경북,0
2024-01,주택업체,국민임대,경남,0
2024-01,주택업체,국민임대,제주,0
2024-01,주택업체,공공임대,전국,418
2024-01,주택업체,공공임대,서울,0
2024-01,주택업체,공공임대,인천,418
2024-01,주택업체,공공임대,경기,0
2024-01,주택업체,공공임대,부산,0
2024-01,주택업체,공공임대,대구,0
2024-01,주택업체,공공임대,광주,0
2024-01,주택업체,공공임대,대전,0
2024-01,주택업체,공공임대,울산,0
2024-01,주택업체,공공임대,세종,0
2024-01,주택업체,공공임대,강원,0
2024-01,주택업체,공공임대,충북,0
2024-01,주택업체,공공임대,충남,0
2024-01,주택업체,공공임대,전북,0
2024-01,주택업체,공공임대,전남,0
2024-01,주택업체,공공임대,경북,0
2024-01,주택업체,공공임대,경남,0
2024-01,주택업체,공공임대,제주,0
2024-01,주택업체,공공분양,전국,0
2024-01,주택업체,공공분양,서울,0
2024-01,주택업체,공공분양,인천,0
2024-01,주택업체,공공분양,경기,0
2024-01,주택업체,공공분양,부산,0
2024-01,주택업체,공공분양,대구,0
2024-01,주택업체,공공분양,광주,0
2024-01,주택업체,공공분양,대전,0
2024-01,주택업체,공공분양,울산,0
2024-01,주택업체,공공분양,세종,0
2024-01,주택업체,공공분양,강원,0
2024-01,주택업체,공공분양,충북,0
2024-01,주택업체,공공분양,충남,0
2024-01,주택업체,공공분양,전북,0
2024-01,주택업체,공공분양,전남,0
2024-01,주택업체,공공분양,경북,0
2024-01,주택업체,공공분양,경남,0
2024-01,주택업체,공공분양,제주,0
2024-01,민간부문,민간부문,전국,25,191
2024-01,민간부문,민간부문,서울,2,400
2024-01,민간부문,민간부문,인천,1,755
2024-01,민간부문,민간부문,경기,6,188
2024-01,민간부문,민간부문,부산,1,809
2024-01,민간부문,민간부문,대구,17
2024-01,민간부문,민간부문,광주,250
2024-01,민간부문,민간부문,대전,2,867
2024-01,민간부문,민간부문,울산,66
2024-01,민간부문,민간부문,세종,9
2024-01,민간부문,민간부문,강원,809
2024-01,민간부문,민간부문,충북,130
2024-01,민간부문,민간부문,충남,1,853
2024-01,민간부문,민간부문,전북,614
2024-01,민간부문,민간부문,전남,271
2024-01,민간부문,민간부문,경북,1,427
2024-01,민간부문,민간부문,경남,4,259
2024-01,민간부문,민간부문,제주,467
2024-01,민간,민간임대,전국,616
2024-01,민간,민간임대,서울,616
2024-01,민간,민간임대,인천,0
2024-01,민간,민간임대,경기,0
2024-01,민간,민간임대,부산,0
2024-01,민간,민간임대,대구,0
2024-01,민간,민간임대,광주,0
2024-01,민간,민간임대,대전,0
2024-01,민간,민간임대,울산,0
2024-01,민간,민간임대,세종,0
2024-01,민간,민간임대,강원,0
2024-01,민간,민간임대,충북,0
2024-01,민간,민간임대,충남,0
2024-01,민간,민간임대,전북,0
2024-01,민간,민간임대,전남,0
2024-01,민간,민간임대,경북,0
2024-01,민간,민간임대,경남,0
2024-01,민간,민간임대,제주,0
2024-01,민간,민간분양,전국,24,575
2024-01,민간,민간분양,서울,1,784
2024-01,민간,민간분양,인천,1,755
2024-01,민간,민간분양,경기,6,188
2024-01,민간,민간분양,부산,1,809
2024-01,민간,민간분양,대구,17
2024-01,민간,민간분양,광주,250
2024-01,민간,민간분양,대전,2,867
2024-01,민간,민간분양,울산,66
2024-01,민간,민간분양,세종,9
2024-01,민간,민간분양,강원,809
2024-01,민간,민간분양,충북,130
2024-01,민간,민간분양,충남,1,853
2024-01,민간,민간분양,전북,614
2024-01,민간,민간분양,전남,271
2024-01,민간,민간분양,경북,1,427
2024-01,민간,민간분양,경남,4,259
2024-01,민간,민간분양,제주,467
2024-02,총  계,총  계,전국,48,969
2024-02,총  계,총  계,서울,4,978
2024-02,총  계,총  계,인천,2,278
2024-02,총  계,총  계,경기,12,555
2024-02,총  계,총  계,부산,2,318
2024-02,총  계,총  계,대구,1,246
2024-02,총  계,총  계,광주,252
2024-02,총  계,총  계,대전,6,126
2024-02,총  계,총  계,울산,89
2024-02,총  계,총  계,세종,1,240
2024-02,총  계,총  계,강원,1,575
2024-02,총  계,총  계,충북,1,997
2024-02,총  계,총  계,충남,3,108
2024-02,총  계,총  계,전북,1,281
2024-02,총  계,총  계,전남,1,010
2024-02,총  계,총  계,경북,3,000
2024-02,총  계,총  계,경남,5,123
2024-02,총  계,총  계,제주,793
2024-02,공공부문,공공부문,전국,872
2024-02,공공부문,공공부문,서울,374
2024-02,공공부문,공공부문,인천,418
2024-02,공공부문,공공부문,경기,0
2024-02,공공부문,공공부문,부산,0
2024-02,공공부문,공공부문,대구,0
2024-02,공공부문,공공부문,광주,0
2024-02,공공부문,공공부문,대전,0
2024-02,공공부문,공공부문,울산,0
2024-02,공공부문,공공부문,세종,0
2024-02,공공부문,공공부문,강원,0
2024-02,공공부문,공공부문,충북,80
2024-02,공공부문,공공부문,충남,0
2024-02,공공부문,공공부문,전북,0
2024-02,공공부문,공공부문,전남,0
2024-02,공공부문,공공부문,경북,0
2024-02,공공부문,공공부문,경남,0
2024-02,공공부문,공공부문,제주,0
2024-02,합,국민임대,전국,75
2024-02,합,국민임대,서울,75
2024-02,합,국민임대,인천,0
2024-02,합,국민임대,경기,0
2024-02,합,국민임대,부산,0
2024-02,합,국민임대,대구,0
2024-02,합,국민임대,광주,0
2024-02,합,국민임대,대전,0
2024-02,합,국민임대,울산,0
2024-02,합,국민임대,세종,0
2024-02,합,국민임대,강원,0
2024-02,합,국민임대,충북,0
2024-02,합,국민임대,충남,0
2024-02,합,국민임대,전북,0
2024-02,합,국민임대,전남,0
2024-02,합,국민임대,경북,0
2024-02,합,국민임대,경남,0
2024-02,합,국민임대,제주,0
2024-02,합,공공임대,전국,797
2024-02,합,공공임대,서울,299
2024-02,합,공공임대,인천,418
2024-02,합,공공임대,경기,0
2024-02,합,공공임대,부산,0
2024-02,합,공공임대,대구,0
2024-02,합,공공임대,광주,0
2024-02,합,공공임대,대전,0
2024-02,합,공공임대,울산,0
2024-02,합,공공임대,세종,0
2024-02,합,공공임대,강원,0
2024-02,합,공공임대,충북,80
2024-02,합,공공임대,충남,0
2024-02,합,공공임대,전북,0
2024-02,합,공공임대,전남,0
2024-02,합,공공임대,경북,0
2024-02,합,공공임대,경남,0
2024-02,합,공공임대,제주,0
2024-02,합,공공분양,전국,0
2024-02,합,공공분양,서울,0
2024-02,합,공공분양,인천,0
2024-02,합,공공분양,경기,0
2024-02,합,공공분양,부산,0
2024-02,합,공공분양,대구,0
2024-02,합,공공분양,광주,0
2024-02,합,공공분양,대전,0
2024-02,합,공공분양,울산,0
2024-02,합,공공분양,세종,0
2024-02,합,공공분양,강원,0
2024-02,합,공공분양,충북,0
2024-02,합,공공분양,충남,0
2024-02,합,공공분양,전북,0
2024-02,합,공공분양,전남,0
2024-02,합,공공분양,경북,0
2024-02,합,공공분양,경남,0
2024-02,합,공공분양,제주,0
2024-02,지자체,소계,전국,299
2024-02,지자체,소계,서울,299
2024-02,지자체,소계,인천,0
2024-02,지자체,소계,경기,0
2024-02,지자체,소계,부산,0
2024-02,지자체,소계,대구,0
2024-02,지자체,소계,광주,0
2024-02,지자체,소계,대전,0
2024-02,지자체,소계,울산,0
2024-02,지자체,소계,세종,0
2024-02,지자체,소계,강원,0
2024-02,지자체,소계,충북,0
2024-02,지자체,소계,충남,0
2024-02,지자체,소계,전북,0
2024-02,지자체,소계,전남,0
2024-02,지자체,소계,경북,0
2024-02,지자체,소계,경남,0
2024-02,지자체,소계,제주,0
2024-02,지자체,국민임대,전국,0
2024-02,지자체,국민임대,서울,0
2024-02,지자체,국민임대,인천,0
2024-02,지자체,국민임대,경기,0
2024-02,지자체,국민임대,부산,0
2024-02,지자체,국민임대,대구,0
2024-02,지자체,국민임대,광주,0
2024-02,지자체,국민임대,대전,0
2024-02,지자체,국민임대,울산,0
2024-02,지자체,국민임대,세종,0
2024-02,지자체,국민임대,강원,0
2024-02,지자체,국민임대,충북,0
2024-02,지자체,국민임대,충남,0
2024-02,지자체,국민임대,전북,0
2024-02,지자체,국민임대,전남,0
2024-02,지자체,국민임대,경북,0
2024-02,지자체,국민임대,경남,0
2024-02,지자체,국민임대,제주,0
2024-02,지자체,공공임대,전국,299
2024-02,지자체,공공임대,서울,299
2024-02,지자체,공공임대,인천,0
2024-02,지자체,공공임대,경기,0
2024-02,지자체,공공임대,부산,0
2024-02,지자체,공공임대,대구,0
2024-02,지자체,공공임대,광주,0
2024-02,지자체,공공임대,대전,0
2024-02,지자체,공공임대,울산,0
2024-02,지자체,공공임대,세종,0
2024-02,지자체,공공임대,강원,0
2024-02,지자체,공공임대,충북,0
2024-02,지자체,공공임대,충남,0
2024-02,지자체,공공임대,전북,0
2024-02,지자체,공공임대,전남,0
2024-02,지자체,공공임대,경북,0
2024-02,지자체,공공임대,경남,0
2024-02,지자체,공공임대,제주,0
2024-02,지자체,공공분양,전국,0
2024-02,지자체,공공분양,서울,0
2024-02,지자체,공공분양,인천,0
2024-02,지자체,공공분양,경기,0
2024-02,지자체,공공분양,부산,0
2024-02,지자체,공공분양,대구,0
2024-02,지자체,공공분양,광주,0
2024-02,지자체,공공분양,대전,0
2024-02,지자체,공공분양,울산,0
2024-02,지자체,공공분양,세종,0
2024-02,지자체,공공분양,강원,0
2024-02,지자체,공공분양,충북,0
2024-02,지자체,공공분양,충남,0
2024-02,지자체,공공분양,전북,0
2024-02,지자체,공공분양,전남,0
2024-02,지자체,공공분양,경북,0
2024-02,지자체,공공분양,경남,0
2024-02,지자체,공공분양,제주,0
2024-02,LH,소계,전국,80
2024-02,LH,소계,서울,0
2024-02,LH,소계,인천,0
2024-02,LH,소계,경기,0
2024-02,LH,소계,부산,0
2024-02,LH,소계,대구,0
2024-02,LH,소계,광주,0
2024-02,LH,소계,대전,0
2024-02,LH,소계,울산,0
2024-02,LH,소계,세종,0
2024-02,LH,소계,강원,0
2024-02,LH,소계,충북,80
2024-02,LH,소계,충남,0
2024-02,LH,소계,전북,0
2024-02,LH,소계,전남,0
2024-02,LH,소계,경북,0
2024-02,LH,소계,경남,0
2024-02,LH,소계,제주,0
2024-02,LH,국민임대,전국,0
2024-02,LH,국민임대,서울,0
2024-02,LH,국민임대,인천,0
2024-02,LH,국민임대,경기,0
2024-02,LH,국민임대,부산,0
2024-02,LH,국민임대,대구,0
2024-02,LH,국민임대,광주,0
2024-02,LH,국민임대,대전,0
2024-02,LH,국민임대,울산,0
2024-02,LH,국민임대,세종,0
2024-02,LH,국민임대,강원,0
2024-02,LH,국민임대,충북,0
2024-02,LH,국민임대,충남,0
2024-02,LH,국민임대,전북,0
2024-02,LH,국민임대,전남,0
2024-02,LH,국민임대,경북,0
2024-02,LH,국민임대,경남,0
2024-02,LH,국민임대,제주,0
2024-02,LH,공공임대,전국,80
2024-02,LH,공공임대,서울,0
2024-02,LH,공공임대,인천,0
2024-02,LH,공공임대,경기,0
2024-02,LH,공공임대,부산,0
2024-02,LH,공공임대,대구,0
2024-02,LH,공공임대,광주,0
2024-02,LH,공공임대,대전,0
2024-02,LH,공공임대,울산,0
2024-02,LH,공공임대,세종,0
2024-02,LH,공공임대,강원,0
2024-02,LH,공공임대,충북,80
2024-02,LH,공공임대,충남,0
2024-02,LH,공공임대,전북,0
2024-02,LH,공공임대,전남,0
2024-02,LH,공공임대,경북,0
2024-02,LH,공공임대,경남,0
2024-02,LH,공공임대,제주,0
2024-02,LH,공공분양,전국,0
2024-02,LH,공공분양,서울,0
2024-02,LH,공공분양,인천,0
2024-02,LH,공공분양,경기,0
2024-02,LH,공공분양,부산,0
2024-02,LH,공공분양,대구,0
2024-02,LH,공공분양,광주,0
2024-02,LH,공공분양,대전,0
2024-02,LH,공공분양,울산,0
2024-02,LH,공공분양,세종,0
2024-02,LH,공공분양,강원,0
2024-02,LH,공공분양,충북,0
2024-02,LH,공공분양,충남,0
2024-02,LH,공공분양,전북,0
2024-02,LH,공공분양,전남,0
2024-02,LH,공공분양,경북,0
2024-02,LH,공공분양,경남,0
2024-02,LH,공공분양,제주,0
2024-02,주택업체,소계,전국,493
2024-02,주택업체,소계,서울,75
2024-02,주택업체,소계,인천,418
2024-02,주택업체,소계,경기,0
2024-02,주택업체,소계,부산,0
2024-02,주택업체,소계,대구,0
2024-02,주택업체,소계,광주,0
2024-02,주택업체,소계,대전,0
2024-02,주택업체,소계,울산,0
2024-02,주택업체,소계,세종,0
2024-02,주택업체,소계,강원,0
2024-02,주택업체,소계,충북,0
2024-02,주택업체,소계,충남,0
2024-02,주택업체,소계,전북,0
2024-02,주택업체,소계,전남,0
2024-02,주택업체,소계,경북,0
2024-02,주택업체,소계,경남,0
2024-02,주택업체,소계,제주,0
2024-02,주택업체,국민임대,전국,75
2024-02,주택업체,국민임대,서울,75
2024-02,주택업체,국민임대,인천,0
2024-02,주택업체,국민임대,경기,0
2024-02,주택업체,국민임대,부산,0
2024-02,주택업체,국민임대,대구,0
2024-02,주택업체,국민임대,광주,0
2024-02,주택업체,국민임대,대전,0
2024-02,주택업체,국민임대,울산,0
2024-02,주택업체,국민임대,세종,0
2024-02,주택업체,국민임대,강원,0
2024-02,주택업체,국민임대,충북,0
2024-02,주택업체,국민임대,충남,0
2024-02,주택업체,국민임대,전북,0
2024-02,주택업체,국민임대,전남,0
2024-02,주택업체,국민임대,경북,0
2024-02,주택업체,국민임대,경남,0
2024-02,주택업체,국민임대,제주,0
2024-02,주택업체,공공임대,전국,418
2024-02,주택업체,공공임대,서울,0
2024-02,주택업체,공공임대,인천,418
2024-02,주택업체,공공임대,경기,0
2024-02,주택업체,공공임대,부산,0
2024-02,주택업체,공공임대,대구,0
2024-02,주택업체,공공임대,광주,0
2024-02,주택업체,공공임대,대전,0
2024-02,주택업체,공공임대,울산,0
2024-02,주택업체,공공임대,세종,0
2024-02,주택업체,공공임대,강원,0
2024-02,주택업체,공공임대,충북,0
2024-02,주택업체,공공임대,충남,0
2024-02,주택업체,공공임대,전북,0
2024-02,주택업체,공공임대,전남,0
2024-02,주택업체,공공임대,경북,0
2024-02,주택업체,공공임대,경남,0
2024-02,주택업체,공공임대,제주,0
2024-02,주택업체,공공분양,전국,0
2024-02,주택업체,공공분양,서울,0
2024-02,주택업체,공공분양,인천,0
2024-02,주택업체,공공분양,경기,0
2024-02,주택업체,공공분양,부산,0
2024-02,주택업체,공공분양,대구,0
2024-02,주택업체,공공분양,광주,0
2024-02,주택업체,공공분양,대전,0
2024-02,주택업체,공공분양,울산,0
2024-02,주택업체,공공분양,세종,0
2024-02,주택업체,공공분양,강원,0
2024-02,주택업체,공공분양,충북,0
2024-02,주택업체,공공분양,충남,0
2024-02,주택업체,공공분양,전북,0
2024-02,주택업체,공공분양,전남,0
2024-02,주택업체,공공분양,경북,0
2024-02,주택업체,공공분양,경남,0
2024-02,주택업체,공공분양,제주,0
2024-02,민간부문,민간부문,전국,48,097
2024-02,민간부문,민간부문,서울,4,604
2024-02,민간부문,민간부문,인천,1,860
2024-02,민간부문,민간부문,경기,12,555
2024-02,민간부문,민간부문,부산,2,318
2024-02,민간부문,민간부문,대구,1,246
2024-02,민간부문,민간부문,광주,252
2024-02,민간부문,민간부문,대전,6,126
2024-02,민간부문,민간부문,울산,89
2024-02,민간부문,민간부문,세종,1,240
2024-02,민간부문,민간부문,강원,1,575
2024-02,민간부문,민간부문,충북,1,917
2024-02,민간부문,민간부문,충남,3,108
2024-02,민간부문,민간부문,전북,1,281
2024-02,민간부문,민간부문,전남,1,010
2024-02,민간부문,민간부문,경북,3,000
2024-02,민간부문,민간부문,경남,5,123
2024-02,민간부문,민간부문,제주,793
2024-02,민간,민간임대,전국,3,959
2024-02,민간,민간임대,서울,616
2024-02,민간,민간임대,인천,0
2024-02,민간,민간임대,경기,2,019
2024-02,민간,민간임대,부산,0
2024-02,민간,민간임대,대구,0
2024-02,민간,민간임대,광주,0
2024-02,민간,민간임대,대전,0
2024-02,민간,민간임대,울산,0
2024-02,민간,민간임대,세종,1,110
2024-02,민간,민간임대,강원,0
2024-02,민간,민간임대,충북,214
2024-02,민간,민간임대,충남,0
2024-02,민간,민간임대,전북,0
2024-02,민간,민간임대,전남,0
2024-02,민간,민간임대,경북,0
2024-02,민간,민간임대,경남,0
2024-02,민간,민간임대,제주,0
2024-02,민간,민간분양,전국,44,138
2024-02,민간,민간분양,서울,3,988
2024-02,민간,민간분양,인천,1,860
2024-02,민간,민간분양,경기,10,536
2024-02,민간,민간분양,부산,2,318
2024-02,민간,민간분양,대구,1,246
2024-02,민간,민간분양,광주,252
2024-02,민간,민간분양,대전,6,126
2024-02,민간,민간분양,울산,89
2024-02,민간,민간분양,세종,130
2024-02,민간,민간분양,강원,1,575
2024-02,민간,민간분양,충북,1,703
2024-02,민간,민간분양,충남,3,108
2024-02,민간,민간분양,전북,1,281
2024-02,민간,민간분양,전남,1,010
2024-02,민간,민간분양,경북,3,000
2024-02,민간,민간분양,경남,5,123
2024-02,민간,민간분양,제주,793
2024-03,총  계,총  계,전국,74,481
2024-03,총  계,총  계,서울,6,545
2024-03,총  계,총  계,인천,2,398
2024-03,총  계,총  계,경기,21,221
2024-03,총  계,총  계,부산,2,332
2024-03,총  계,총  계,대구,1,263
2024-03,총  계,총  계,광주,799
2024-03,총  계,총  계,대전,10,292
2024-03,총  계,총  계,울산,1,127
2024-03,총  계,총  계,세종,1,266
2024-03,총  계,총  계,강원,2,547
2024-03,총  계,총  계,충북,3,420
2024-03,총  계,총  계,충남,4,421
2024-03,총  계,총  계,전북,1,420
2024-03,총  계,총  계,전남,2,204
2024-03,총  계,총  계,경북,6,670
2024-03,총  계,총  계,경남,5,546
2024-03,총  계,총  계,제주,1,010
2024-03,공공부문,공공부문,전국,998
2024-03,공공부문,공공부문,서울,374
2024-03,공공부문,공공부문,인천,418
2024-03,공공부문,공공부문,경기,81
2024-03,공공부문,공공부문,부산,0
2024-03,공공부문,공공부문,대구,0
2024-03,공공부문,공공부문,광주,0
2024-03,공공부문,공공부문,대전,0
2024-03,공공부문,공공부문,울산,0
2024-03,공공부문,공공부문,세종,0
2024-03,공공부문,공공부문,강원,0
2024-03,공공부문,공공부문,충북,80
2024-03,공공부문,공공부문,충남,0
2024-03,공공부문,공공부문,전북,0
2024-03,공공부문,공공부문,전남,0
2024-03,공공부문,공공부문,경북,0
2024-03,공공부문,공공부문,경남,45
2024-03,공공부문,공공부문,제주,0
2024-03,합,국민임대,전국,75
2024-03,합,국민임대,서울,75
2024-03,합,국민임대,인천,0
2024-03,합,국민임대,경기,0
2024-03,합,국민임대,부산,0
2024-03,합,국민임대,대구,0
2024-03,합,국민임대,광주,0
2024-03,합,국민임대,대전,0
2024-03,합,국민임대,울산,0
2024-03,합,국민임대,세종,0
2024-03,합,국민임대,강원,0
2024-03,합,국민임대,충북,0
2024-03,합,국민임대,충남,0
2024-03,합,국민임대,전북,0
2024-03,합,국민임대,전남,0
2024-03,합,국민임대,경북,0
2024-03,합,국민임대,경남,0
2024-03,합,국민임대,제주,0
2024-03,합,공공임대,전국,923
2024-03,합,공공임대,서울,299
2024-03,합,공공임대,인천,418
2024-03,합,공공임대,경기,81
2024-03,합,공공임대,부산,0
2024-03,합,공공임대,대구,0
2024-03,합,공공임대,광주,0
2024-03,합,공공임대,대전,0
2024-03,합,공공임대,울산,0
2024-03,합,공공임대,세종,0
2024-03,합,공공임대,강원,0
2024-03,합,공공임대,충북,80
2024-03,합,공공임대,충남,0
2024-03,합,공공임대,전북,0
2024-03,합,공공임대,전남,0
2024-03,합,공공임대,경북,0
2024-03,합,공공임대,경남,45
2024-03,합,공공임대,제주,0
2024-03,합,공공분양,전국,0
2024-03,합,공공분양,서울,0
2024-03,합,공공분양,인천,0
2024-03,합,공공분양,경기,0
2024-03,합,공공분양,부산,0
2024-03,합,공공분양,대구,0
2024-03,합,공공분양,광주,0
2024-03,합,공공분양,대전,0
2024-03,합,공공분양,울산,0
2024-03,합,공공분양,세종,0
2024-03,합,공공분양,강원,0
2024-03,합,공공분양,충북,0
2024-03,합,공공분양,충남,0
2024-03,합,공공분양,전북,0
2024-03,합,공공분양,전남,0
2024-03,합,공공분양,경북,0
2024-03,합,공공분양,경남,0
2024-03,합,공공분양,제주,0
2024-03,지자체,소계,전국,344
2024-03,지자체,소계,서울,299
2024-03,지자체,소계,인천,0
2024-03,지자체,소계,경기,0
2024-03,지자체,소계,부산,0
2024-03,지자체,소계,대구,0
2024-03,지자체,소계,광주,0
2024-03,지자체,소계,대전,0
2024-03,지자체,소계,울산,0
2024-03,지자체,소계,세종,0
2024-03,지자체,소계,강원,0
2024-03,지자체,소계,충북,0
2024-03,지자체,소계,충남,0
2024-03,지자체,소계,전북,0
2024-03,지자체,소계,전남,0
2024-03,지자체,소계,경북,0
2024-03,지자체,소계,경남,45
2024-03,지자체,소계,제주,0
2024-03,지자체,국민임대,전국,0
2024-03,지자체,국민임대,서울,0
2024-03,지자체,국민임대,인천,0
2024-03,지자체,국민임대,경기,0
2024-03,지자체,국민임대,부산,0
2024-03,지자체,국민임대,대구,0
2024-03,지자체,국민임대,광주,0
2024-03,지자체,국민임대,대전,0
2024-03,지자체,국민임대,울산,0
2024-03,지자체,국민임대,세종,0
2024-03,지자체,국민임대,강원,0
2024-03,지자체,국민임대,충북,0
2024-03,지자체,국민임대,충남,0
2024-03,지자체,국민임대,전북,0
2024-03,지자체,국민임대,전남,0
2024-03,지자체,국민임대,경북,0
2024-03,지자체,국민임대,경남,0
2024-03,지자체,국민임대,제주,0
2024-03,지자체,공공임대,전국,344
2024-03,지자체,공공임대,서울,299
2024-03,지자체,공공임대,인천,0
2024-03,지자체,공공임대,경기,0
2024-03,지자체,공공임대,부산,0
2024-03,지자체,공공임대,대구,0
2024-03,지자체,공공임대,광주,0
2024-03,지자체,공공임대,대전,0
2024-03,지자체,공공임대,울산,0
2024-03,지자체,공공임대,세종,0
2024-03,지자체,공공임대,강원,0
2024-03,지자체,공공임대,충북,0
2024-03,지자체,공공임대,충남,0
2024-03,지자체,공공임대,전북,0
2024-03,지자체,공공임대,전남,0
2024-03,지자체,공공임대,경북,0
2024-03,지자체,공공임대,경남,45
2024-03,지자체,공공임대,제주,0
2024-03,지자체,공공분양,전국,0
2024-03,지자체,공공분양,서울,0
2024-03,지자체,공공분양,인천,0
2024-03,지자체,공공분양,경기,0
2024-03,지자체,공공분양,부산,0
2024-03,지자체,공공분양,대구,0
2024-03,지자체,공공분양,광주,0
2024-03,지자체,공공분양,대전,0
2024-03,지자체,공공분양,울산,0
2024-03,지자체,공공분양,세종,0
2024-03,지자체,공공분양,강원,0
2024-03,지자체,공공분양,충북,0
2024-03,지자체,공공분양,충남,0
2024-03,지자체,공공분양,전북,0
2024-03,지자체,공공분양,전남,0
2024-03,지자체,공공분양,경북,0
2024-03,지자체,공공분양,경남,0
2024-03,지자체,공공분양,제주,0
2024-03,LH,소계,전국,80
2024-03,LH,소계,서울,0
2024-03,LH,소계,인천,0
2024-03,LH,소계,경기,0
2024-03,LH,소계,부산,0
2024-03,LH,소계,대구,0
2024-03,LH,소계,광주,0
2024-03,LH,소계,대전,0
2024-03,LH,소계,울산,0
2024-03,LH,소계,세종,0
2024-03,LH,소계,강원,0
2024-03,LH,소계,충북,80
2024-03,LH,소계,충남,0
2024-03,LH,소계,전북,0
2024-03,LH,소계,전남,0
2024-03,LH,소계,경북,0
2024-03,LH,소계,경남,0
2024-03,LH,소계,제주,0
2024-03,LH,국민임대,전국,0
2024-03,LH,국민임대,서울,0
2024-03,LH,국민임대,인천,0
2024-03,LH,국민임대,경기,0
2024-03,LH,국민임대,부산,0
2024-03,LH,국민임대,대구,0
2024-03,LH,국민임대,광주,0
2024-03,LH,국민임대,대전,0
2024-03,LH,국민임대,울산,0
2024-03,LH,국민임대,세종,0
2024-03,LH,국민임대,강원,0
2024-03,LH,국민임대,충북,0
2024-03,LH,국민임대,충남,0
2024-03,LH,국민임대,전북,0
2024-03,LH,국민임대,전남,0
2024-03,LH,국민임대,경북,0
2024-03,LH,국민임대,경남,0
2024-03,LH,국민임대,제주,0
2024-03,LH,공공임대,전국,80
2024-03,LH,공공임대,서울,0
2024-03,LH,공공임대,인천,0
2024-03,LH,공공임대,경기,0
2024-03,LH,공공임대,부산,0
2024-03,LH,공공임대,대구,0
2024-03,LH,공공임대,광주,0
2024-03,LH,공공임대,대전,0
2024-03,LH,공공임대,울산,0
2024-03,LH,공공임대,세종,0
2024-03,LH,공공임대,강원,0
2024-03,LH,공공임대,충북,80
2024-03,LH,공공임대,충남,0
2024-03,LH,공공임대,전북,0
2024-03,LH,공공임대,전남,0
2024-03,LH,공공임대,경북,0
2024-03,LH,공공임대,경남,0
2024-03,LH,공공임대,제주,0
2024-03,LH,공공분양,전국,0
2024-03,LH,공공분양,서울,0
2024-03,LH,공공분양,인천,0
2024-03,LH,공공분양,경기,0
2024-03,LH,공공분양,부산,0
2024-03,LH,공공분양,대구,0
2024-03,LH,공공분양,광주,0
2024-03,LH,공공분양,대전,0
2024-03,LH,공공분양,울산,0
2024-03,LH,공공분양,세종,0
2024-03,LH,공공분양,강원,0
2024-03,LH,공공분양,충북,0
2024-03,LH,공공분양,충남,0
2024-03,LH,공공분양,전북,0
2024-03,LH,공공분양,전남,0
2024-03,LH,공공분양,경북,0
2024-03,LH,공공분양,경남,0
2024-03,LH,공공분양,제주,0
2024-03,주택업체,소계,전국,574
2024-03,주택업체,소계,서울,75
2024-03,주택업체,소계,인천,418
2024-03,주택업체,소계,경기,81
2024-03,주택업체,소계,부산,0
2024-03,주택업체,소계,대구,0
2024-03,주택업체,소계,광주,0
2024-03,주택업체,소계,대전,0
2024-03,주택업체,소계,울산,0
2024-03,주택업체,소계,세종,0
2024-03,주택업체,소계,강원,0
2024-03,주택업체,소계,충북,0
2024-03,주택업체,소계,충남,0
2024-03,주택업체,소계,전북,0
2024-03,주택업체,소계,전남,0
2024-03,주택업체,소계,경북,0
2024-03,주택업체,소계,경남,0
2024-03,주택업체,소계,제주,0
2024-03,주택업체,국민임대,전국,75
2024-03,주택업체,국민임대,서울,75
2024-03,주택업체,국민임대,인천,0
2024-03,주택업체,국민임대,경기,0
2024-03,주택업체,국민임대,부산,0
2024-03,주택업체,국민임대,대구,0
2024-03,주택업체,국민임대,광주,0
2024-03,주택업체,국민임대,대전,0
2024-03,주택업체,국민임대,울산,0
2024-03,주택업체,국민임대,세종,0
2024-03,주택업체,국민임대,강원,0
2024-03,주택업체,국민임대,충북,0
2024-03,주택업체,국민임대,충남,0
2024-03,주택업체,국민임대,전북,0
2024-03,주택업체,국민임대,전남,0
2024-03,주택업체,국민임대,경북,0
2024-03,주택업체,국민임대,경남,0
2024-03,주택업체,국민임대,제주,0
2024-03,주택업체,공공임대,전국,499
2024-03,주택업체,공공임대,서울,0
2024-03,주택업체,공공임대,인천,418
2024-03,주택업체,공공임대,경기,81
2024-03,주택업체,공공임대,부산,0
2024-03,주택업체,공공임대,대구,0
2024-03,주택업체,공공임대,광주,0
2024-03,주택업체,공공임대,대전,0
2024-03,주택업체,공공임대,울산,0
2024-03,주택업체,공공임대,세종,0
2024-03,주택업체,공공임대,강원,0
2024-03,주택업체,공공임대,충북,0
2024-03,주택업체,공공임대,충남,0
2024-03,주택업체,공공임대,전북,0
2024-03,주택업체,공공임대,전남,0
2024-03,주택업체,공공임대,경북,0
2024-03,주택업체,공공임대,경남,0
2024-03,주택업체,공공임대,제주,0
2024-03,주택업체,공공분양,전국,0
2024-03,주택업체,공공분양,서울,0
2024-03,주택업체,공공분양,인천,0
2024-03,주택업체,공공분양,경기,0
2024-03,주택업체,공공분양,부산,0
2024-03,주택업체,공공분양,대구,0
2024-03,주택업체,공공분양,광주,0
2024-03,주택업체,공공분양,대전,0
2024-03,주택업체,공공분양,울산,0
2024-03,주택업체,공공분양,세종,0
2024-03,주택업체,공공분양,강원,0
2024-03,주택업체,공공분양,충북,0
2024-03,주택업체,공공분양,충남,0
2024-03,주택업체,공공분양,전북,0
2024-03,주택업체,공공분양,전남,0
2024-03,주택업체,공공분양,경북,0
2024-03,주택업체,공공분양,경남,0
2024-03,주택업체,공공분양,제주,0
2024-03,민간부문,민간부문,전국,73,483
2024-03,민간부문,민간부문,서울,6,171
2024-03,민간부문,민간부문,인천,1,980
2024-03,민간부문,민간부문,경기,21,140
2024-03,민간부문,민간부문,부산,2,332
2024-03,민간부문,민간부문,대구,1,263
2024-03,민간부문,민간부문,광주,799
2024-03,민간부문,민간부문,대전,10,292
2024-03,민간부문,민간부문,울산,1,127
2024-03,민간부문,민간부문,세종,1,266
2024-03,민간부문,민간부문,강원,2,547
2024-03,민간부문,민간부문,충북,3,340
2024-03,민간부문,민간부문,충남,4,421
2024-03,민간부문,민간부문,전북,1,420
2024-03,민간부문,민간부문,전남,2,204
2024-03,민간부문,민간부문,경북,6,670
2024-03,민간부문,민간부문,경남,5,501
2024-03,민간부문,민간부문,제주,1,010
2024-03,민간,민간임대,전국,4,770
2024-03,민간,민간임대,서울,1,126
2024-03,민간,민간임대,인천,0
2024-03,민간,민간임대,경기,2,019
2024-03,민간,민간임대,부산,0
2024-03,민간,민간임대,대구,0
2024-03,민간,민간임대,광주,0
2024-03,민간,민간임대,대전,0
2024-03,민간,민간임대,울산,301
2024-03,민간,민간임대,세종,1,110
2024-03,민간,민간임대,강원,0
2024-03,민간,민간임대,충북,214
2024-03,민간,민간임대,충남,0
2024-03,민간,민간임대,전북,0
2024-03,민간,민간임대,전남,0
2024-03,민간,민간임대,경북,0
2024-03,민간,민간임대,경남,0
2024-03,민간,민간임대,제주,0
2024-03,민간,민간분양,전국,68,713
2024-03,민간,민간분양,서울,5,045
2024-03,민간,민간분양,인천,1,980
2024-03,민간,민간분양,경기,19,121
2024-03,민간,민간분양,부산,2,332
2024-03,민간,민간분양,대구,1,263
2024-03,민간,민간분양,광주,799
2024-03,민간,민간분양,대전,10,292
2024-03,민간,민간분양,울산,826
2024-03,민간,민간분양,세종,156
2024-03,민간,민간분양,강원,2,547
2024-03,민간,민간분양,충북,3,126
2024-03,민간,민간분양,충남,4,421
2024-03,민간,민간분양,전북,1,420
2024-03,민간,민간분양,전남,2,204
2024-03,민간,민간분양,경북,6,670
2024-03,민간,민간분양,경남,5,501
2024-03,민간,민간분양,제주,1,010
2024-04,총  계,총  계,전국,102,003
2024-04,총  계,총  계,서울,7,184
2024-04,총  계,총  계,인천,3,869
2024-04,총  계,총  계,경기,29,325
2024-04,총  계,총  계,부산,6,262
2024-04,총  계,총  계,대구,1,286
2024-04,총  계,총  계,광주,1,222
2024-04,총  계,총  계,대전,12,360
2024-04,총  계,총  계,울산,2,621
2024-04,총  계,총  계,세종,3,352
2024-04,총  계,총  계,강원,3,330
2024-04,총  계,총  계,충북,4,635
2024-04,총  계,총  계,충남,8,274
2024-04,총  계,총  계,전북,1,577
2024-04,총  계,총  계,전남,2,866
2024-04,총  계,총  계,경북,6,939
2024-04,총  계,총  계,경남,5,743
2024-04,총  계,총  계,제주,1,158
2024-04,공공부문,공공부문,전국,3,528
2024-04,공공부문,공공부문,서울,421
2024-04,공공부문,공공부문,인천,418
2024-04,공공부문,공공부문,경기,784
2024-04,공공부문,공공부문,부산,0
2024-04,공공부문,공공부문,대구,0
2024-04,공공부문,공공부문,광주,0
2024-04,공공부문,공공부문,대전,0
2024-04,공공부문,공공부문,울산,731
2024-04,공공부문,공공부문,세종,0
2024-04,공공부문,공공부문,강원,80
2024-04,공공부문,공공부문,충북,80
2024-04,공공부문,공공부문,충남,969
2024-04,공공부문,공공부문,전북,0
2024-04,공공부문,공공부문,전남,0
2024-04,공공부문,공공부문,경북,0
2024-04,공공부문,공공부문,경남,45
2024-04,공공부문,공공부문,제주,0
2024-04,합,국민임대,전국,75
2024-04,합,국민임대,서울,75
2024-04,합,국민임대,인천,0
2024-04,합,국민임대,경기,0
2024-04,합,국민임대,부산,0
2024-04,합,국민임대,대구,0
2024-04,합,국민임대,광주,0
2024-04,합,국민임대,대전,0
2024-04,합,국민임대,울산,0
2024-04,합,국민임대,세종,0
2024-04,합,국민임대,강원,0
2024-04,합,국민임대,충북,0
2024-04,합,국민임대,충남,0
2024-04,합,국민임대,전북,0
2024-04,합,국민임대,전남,0
2024-04,합,국민임대,경북,0
2024-04,합,국민임대,경남,0
2024-04,합,국민임대,제주,0
2024-04,합,공공임대,전국,2,019
2024-04,합,공공임대,서울,346
2024-04,합,공공임대,인천,418
2024-04,합,공공임대,경기,81
2024-04,합,공공임대,부산,0
2024-04,합,공공임대,대구,0
2024-04,합,공공임대,광주,0
2024-04,합,공공임대,대전,0
2024-04,합,공공임대,울산,0
2024-04,합,공공임대,세종,0
2024-04,합,공공임대,강원,80
2024-04,합,공공임대,충북,80
2024-04,합,공공임대,충남,969
2024-04,합,공공임대,전북,0
2024-04,합,공공임대,전남,0
2024-04,합,공공임대,경북,0
2024-04,합,공공임대,경남,45
2024-04,합,공공임대,제주,0
2024-04,합,공공분양,전국,1,434
2024-04,합,공공분양,서울,0
2024-04,합,공공분양,인천,0
2024-04,합,공공분양,경기,703
2024-04,합,공공분양,부산,0
2024-04,합,공공분양,대구,0
2024-04,합,공공분양,광주,0
2024-04,합,공공분양,대전,0
2024-04,합,공공분양,울산,731
2024-04,합,공공분양,세종,0
2024-04,합,공공분양,강원,0
2024-04,합,공공분양,충북,0
2024-04,합,공공분양,충남,0
2024-04,합,공공분양,전북,0
2024-04,합,공공분양,전남,0
2024-04,합,공공분양,경북,0
2024-04,합,공공분양,경남,0
2024-04,합,공공분양,제주,0
2024-04,지자체,소계,전국,1,393
2024-04,지자체,소계,서울,299
2024-04,지자체,소계,인천,0
2024-04,지자체,소계,경기,0
2024-04,지자체,소계,부산,0
2024-04,지자체,소계,대구,0
2024-04,지자체,소계,광주,0
2024-04,지자체,소계,대전,0
2024-04,지자체,소계,울산,0
2024-04,지자체,소계,세종,0
2024-04,지자체,소계,강원,80
2024-04,지자체,소계,충북,0
2024-04,지자체,소계,충남,969
2024-04,지자체,소계,전북,0
2024-04,지자체,소계,전남,0
2024-04,지자체,소계,경북,0
2024-04,지자체,소계,경남,45
2024-04,지자체,소계,제주,0
2024-04,지자체,국민임대,전국,0
2024-04,지자체,국민임대,서울,0
2024-04,지자체,국민임대,인천,0
2024-04,지자체,국민임대,경기,0
2024-04,지자체,국민임대,부산,0
2024-04,지자체,국민임대,대구,0
2024-04,지자체,국민임대,광주,0
2024-04,지자체,국민임대,대전,0
2024-04,지자체,국민임대,울산,0
2024-04,지자체,국민임대,세종,0
2024-04,지자체,국민임대,강원,0
2024-04,지자체,국민임대,충북,0
2024-04,지자체,국민임대,충남,0
2024-04,지자체,국민임대,전북,0
2024-04,지자체,국민임대,전남,0
2024-04,지자체,국민임대,경북,0
2024-04,지자체,국민임대,경남,0
2024-04,지자체,국민임대,제주,0
2024-04,지자체,공공임대,전국,1,393
2024-04,지자체,공공임대,서울,299
2024-04,지자체,공공임대,인천,0
2024-04,지자체,공공임대,경기,0
2024-04,지자체,공공임대,부산,0
2024-04,지자체,공공임대,대구,0
2024-04,지자체,공공임대,광주,0
2024-04,지자체,공공임대,대전,0
2024-04,지자체,공공임대,울산,0
2024-04,지자체,공공임대,세종,0
2024-04,지자체,공공임대,강원,80
2024-04,지자체,공공임대,충북,0
2024-04,지자체,공공임대,충남,969
2024-04,지자체,공공임대,전북,0
2024-04,지자체,공공임대,전남,0
2024-04,지자체,공공임대,경북,0
2024-04,지자체,공공임대,경남,45
2024-04,지자체,공공임대,제주,0
2024-04,지자체,공공분양,전국,0
2024-04,지자체,공공분양,서울,0
2024-04,지자체,공공분양,인천,0
2024-04,지자체,공공분양,경기,0
2024-04,지자체,공공분양,부산,0
2024-04,지자체,공공분양,대구,0
2024-04,지자체,공공분양,광주,0
2024-04,지자체,공공분양,대전,0
2024-04,지자체,공공분양,울산,0
2024-04,지자체,공공분양,세종,0
2024-04,지자체,공공분양,강원,0
2024-04,지자체,공공분양,충북,0
2024-04,지자체,공공분양,충남,0
2024-04,지자체,공공분양,전북,0
2024-04,지자체,공공분양,전남,0
2024-04,지자체,공공분양,경북,0
2024-04,지자체,공공분양,경남,0
2024-04,지자체,공공분양,제주,0
2024-04,LH,소계,전국,811
2024-04,LH,소계,서울,0
2024-04,LH,소계,인천,0
2024-04,LH,소계,경기,0
2024-04,LH,소계,부산,0
2024-04,LH,소계,대구,0
2024-04,LH,소계,광주,0
2024-04,LH,소계,대전,0
2024-04,LH,소계,울산,731
2024-04,LH,소계,세종,0
2024-04,LH,소계,강원,0
2024-04,LH,소계,충북,80
2024-04,LH,소계,충남,0
2024-04,LH,소계,전북,0
2024-04,LH,소계,전남,0
2024-04,LH,소계,경북,0
2024-04,LH,소계,경남,0
2024-04,LH,소계,제주,0
2024-04,LH,국민임대,전국,0
2024-04,LH,국민임대,서울,0
2024-04,LH,국민임대,인천,0
2024-04,LH,국민임대,경기,0
2024-04,LH,국민임대,부산,0
2024-04,LH,국민임대,대구,0
2024-04,LH,국민임대,광주,0
2024-04,LH,국민임대,대전,0
2024-04,LH,국민임대,울산,0
2024-04,LH,국민임대,세종,0
2024-04,LH,국민임대,강원,0
2024-04,LH,국민임대,충북,0
2024-04,LH,국민임대,충남,0
2024-04,LH,국민임대,전북,0
2024-04,LH,국민임대,전남,0
2024-04,LH,국민임대,경북,0
2024-04,LH,국민임대,경남,0
2024-04,LH,국민임대,제주,0
2024-04,LH,공공임대,전국,80
2024-04,LH,공공임대,서울,0
2024-04,LH,공공임대,인천,0
2024-04,LH,공공임대,경기,0
2024-04,LH,공공임대,부산,0
2024-04,LH,공공임대,대구,0
2024-04,LH,공공임대,광주,0
2024-04,LH,공공임대,대전,0
2024-04,LH,공공임대,울산,0
2024-04,LH,공공임대,세종,0
2024-04,LH,공공임대,강원,0
2024-04,LH,공공임대,충북,80
2024-04,LH,공공임대,충남,0
2024-04,LH,공공임대,전북,0
2024-04,LH,공공임대,전남,0
2024-04,LH,공공임대,경북,0
2024-04,LH,공공임대,경남,0
2024-04,LH,공공임대,제주,0
2024-04,LH,공공분양,전국,731
2024-04,LH,공공분양,서울,0
2024-04,LH,공공분양,인천,0
2024-04,LH,공공분양,경기,0
2024-04,LH,공공분양,부산,0
2024-04,LH,공공분양,대구,0
2024-04,LH,공공분양,광주,0
2024-04,LH,공공분양,대전,0
2024-04,LH,공공분양,울산,731
2024-04,LH,공공분양,세종,0
2024-04,LH,공공분양,강원,0
2024-04,LH,공공분양,충북,0
2024-04,LH,공공분양,충남,0
2024-04,LH,공공분양,전북,0
2024-04,LH,공공분양,전남,0
2024-04,LH,공공분양,경북,0
2024-04,LH,공공분양,경남,0
2024-04,LH,공공분양,제주,0
2024-04,주택업체,소계,전국,1,324
2024-04,주택업체,소계,서울,122
2024-04,주택업체,소계,인천,418
2024-04,주택업체,소계,경기,784
2024-04,주택업체,소계,부산,0
2024-04,주택업체,소계,대구,0
2024-04,주택업체,소계,광주,0
2024-04,주택업체,소계,대전,0
2024-04,주택업체,소계,울산,0
2024-04,주택업체,소계,세종,0
2024-04,주택업체,소계,강원,0
2024-04,주택업체,소계,충북,0
2024-04,주택업체,소계,충남,0
2024-04,주택업체,소계,전북,0
2024-04,주택업체,소계,전남,0
2024-04,주택업체,소계,경북,0
2024-04,주택업체,소계,경남,0
2024-04,주택업체,소계,제주,0
2024-04,주택업체,국민임대,전국,75
2024-04,주택업체,국민임대,서울,75
2024-04,주택업체,국민임대,인천,0
2024-04,주택업체,국민임대,경기,0
2024-04,주택업체,국민임대,부산,0
2024-04,주택업체,국민임대,대구,0
2024-04,주택업체,국민임대,광주,0
2024-04,주택업체,국민임대,대전,0
2024-04,주택업체,국민임대,울산,0
2024-04,주택업체,국민임대,세종,0
2024-04,주택업체,국민임대,강원,0
2024-04,주택업체,국민임대,충북,0
2024-04,주택업체,국민임대,충남,0
2024-04,주택업체,국민임대,전북,0
2024-04,주택업체,국민임대,전남,0
2024-04,주택업체,국민임대,경북,0
2024-04,주택업체,국민임대,경남,0
2024-04,주택업체,국민임대,제주,0
2024-04,주택업체,공공임대,전국,546
2024-04,주택업체,공공임대,서울,47
2024-04,주택업체,공공임대,인천,418
2024-04,주택업체,공공임대,경기,81
2024-04,주택업체,공공임대,부산,0
2024-04,주택업체,공공임대,대구,0
2024-04,주택업체,공공임대,광주,0
2024-04,주택업체,공공임대,대전,0
2024-04,주택업체,공공임대,울산,0
2024-04,주택업체,공공임대,세종,0
2024-04,주택업체,공공임대,강원,0
2024-04,주택업체,공공임대,충북,0
2024-04,주택업체,공공임대,충남,0
2024-04,주택업체,공공임대,전북,0
2024-04,주택업체,공공임대,전남,0
2024-04,주택업체,공공임대,경북,0
2024-04,주택업체,공공임대,경남,0
2024-04,주택업체,공공임대,제주,0
2024-04,주택업체,공공분양,전국,703
2024-04,주택업체,공공분양,서울,0
2024-04,주택업체,공공분양,인천,0
2024-04,주택업체,공공분양,경기,703
2024-04,주택업체,공공분양,부산,0
2024-04,주택업체,공공분양,대구,0
2024-04,주택업체,공공분양,광주,0
2024-04,주택업체,공공분양,대전,0
2024-04,주택업체,공공분양,울산,0
2024-04,주택업체,공공분양,세종,0
2024-04,주택업체,공공분양,강원,0
2024-04,주택업체,공공분양,충북,0
2024-04,주택업체,공공분양,충남,0
2024-04,주택업체,공공분양,전북,0
2024-04,주택업체,공공분양,전남,0
2024-04,주택업체,공공분양,경북,0
2024-04,주택업체,공공분양,경남,0
2024-04,주택업체,공공분양,제주,0
2024-04,민간부문,민간부문,전국,98,475
2024-04,민간부문,민간부문,서울,6,763
2024-04,민간부문,민간부문,인천,3,451
2024-04,민간부문,민간부문,경기,28,541
2024-04,민간부문,민간부문,부산,6,262
2024-04,민간부문,민간부문,대구,1,286
2024-04,민간부문,민간부문,광주,1,222
2024-04,민간부문,민간부문,대전,12,360
2024-04,민간부문,민간부문,울산,1,890
2024-04,민간부문,민간부문,세종,3,352
2024-04,민간부문,민간부문,강원,3,250
2024-04,민간부문,민간부문,충북,4,555
2024-04,민간부문,민간부문,충남,7,305
2024-04,민간부문,민간부문,전북,1,577
2024-04,민간부문,민간부문,전남,2,866
2024-04,민간부문,민간부문,경북,6,939
2024-04,민간부문,민간부문,경남,5,698
2024-04,민간부문,민간부문,제주,1,158
2024-04,민간,민간임대,전국,4,770
2024-04,민간,민간임대,서울,1,126
2024-04,민간,민간임대,인천,0
2024-04,민간,민간임대,경기,2,019
2024-04,민간,민간임대,부산,0
2024-04,민간,민간임대,대구,0
2024-04,민간,민간임대,광주,0
2024-04,민간,민간임대,대전,0
2024-04,민간,민간임대,울산,301
2024-04,민간,민간임대,세종,1,110
2024-04,민간,민간임대,강원,0
2024-04,민간,민간임대,충북,214
2024-04,민간,민간임대,충남,0
2024-04,민간,민간임대,전북,0
2024-04,민간,민간임대,전남,0
2024-04,민간,민간임대,경북,0
2024-04,민간,민간임대,경남,0
2024-04,민간,민간임대,제주,0
2024-04,민간,민간분양,전국,93,705
2024-04,민간,민간분양,서울,5,637
2024-04,민간,민간분양,인천,3,451
2024-04,민간,민간분양,경기,26,522
2024-04,민간,민간분양,부산,6,262
2024-04,민간,민간분양,대구,1,286
2024-04,민간,민간분양,광주,1,222
2024-04,민간,민간분양,대전,12,360
2024-04,민간,민간분양,울산,1,589
2024-04,민간,민간분양,세종,2,242
2024-04,민간,민간분양,강원,3,250
2024-04,민간,민간분양,충북,4,341
2024-04,민간,민간분양,충남,7,305
2024-04,민간,민간분양,전북,1,577
2024-04,민간,민간분양,전남,2,866
2024-04,민간,민간분양,경북,6,939
2024-04,민간,민간분양,경남,5,698
2024-04,민간,민간분양,제주,1,158
2024-05,총  계,총  계,전국,125,112
2024-05,총  계,총  계,서울,10,523
2024-05,총  계,총  계,인천,5,171
2024-05,총  계,총  계,경기,33,855
2024-05,총  계,총  계,부산,10,489
2024-05,총  계,총  계,대구,1,308
2024-05,총  계,총  계,광주,1,250
2024-05,총  계,총  계,대전,13,257
2024-05,총  계,총  계,울산,3,206
2024-05,총  계,총  계,세종,3,360
2024-05,총  계,총  계,강원,3,862
2024-05,총  계,총  계,충북,5,452
2024-05,총  계,총  계,충남,11,406
2024-05,총  계,총  계,전북,2,291
2024-05,총  계,총  계,전남,3,202
2024-05,총  계,총  계,경북,8,235
2024-05,총  계,총  계,경남,6,864
2024-05,총  계,총  계,제주,1,381
2024-05,공공부문,공공부문,전국,3,785
2024-05,공공부문,공공부문,서울,444
2024-05,공공부문,공공부문,인천,418
2024-05,공공부문,공공부문,경기,784
2024-05,공공부문,공공부문,부산,188
2024-05,공공부문,공공부문,대구,0
2024-05,공공부문,공공부문,광주,0
2024-05,공공부문,공공부문,대전,0
2024-05,공공부문,공공부문,울산,731
2024-05,공공부문,공공부문,세종,0
2024-05,공공부문,공공부문,강원,80
2024-05,공공부문,공공부문,충북,80
2024-05,공공부문,공공부문,충남,969
2024-05,공공부문,공공부문,전북,44
2024-05,공공부문,공공부문,전남,0
2024-05,공공부문,공공부문,경북,0
2024-05,공공부문,공공부문,경남,47
2024-05,공공부문,공공부문,제주,0
2024-05,합,국민임대,전국,75
2024-05,합,국민임대,서울,75
2024-05,합,국민임대,인천,0
2024-05,합,국민임대,경기,0
2024-05,합,국민임대,부산,0
2024-05,합,국민임대,대구,0
2024-05,합,국민임대,광주,0
2024-05,합,국민임대,대전,0
2024-05,합,국민임대,울산,0
2024-05,합,국민임대,세종,0
2024-05,합,국민임대,강원,0
2024-05,합,국민임대,충북,0
2024-05,합,국민임대,충남,0
2024-05,합,국민임대,전북,0
2024-05,합,국민임대,전남,0
2024-05,합,국민임대,경북,0
2024-05,합,국민임대,경남,0
2024-05,합,국민임대,제주,0
2024-05,합,공공임대,전국,2,276
2024-05,합,공공임대,서울,369
2024-05,합,공공임대,인천,418
2024-05,합,공공임대,경기,81
2024-05,합,공공임대,부산,188
2024-05,합,공공임대,대구,0
2024-05,합,공공임대,광주,0
2024-05,합,공공임대,대전,0
2024-05,합,공공임대,울산,0
2024-05,합,공공임대,세종,0
2024-05,합,공공임대,강원,80
2024-05,합,공공임대,충북,80
2024-05,합,공공임대,충남,969
2024-05,합,공공임대,전북,44
2024-05,합,공공임대,전남,0
2024-05,합,공공임대,경북,0
2024-05,합,공공임대,경남,47
2024-05,합,공공임대,제주,0
2024-05,합,공공분양,전국,1,434
2024-05,합,공공분양,서울,0
2024-05,합,공공분양,인천,0
2024-05,합,공공분양,경기,703
2024-05,합,공공분양,부산,0
2024-05,합,공공분양,대구,0
2024-05,합,공공분양,광주,0
2024-05,합,공공분양,대전,0
2024-05,합,공공분양,울산,731
2024-05,합,공공분양,세종,0
2024-05,합,공공분양,강원,0
2024-05,합,공공분양,충북,0
2024-05,합,공공분양,충남,0
2024-05,합,공공분양,전북,0
2024-05,합,공공분양,전남,0
2024-05,합,공공분양,경북,0
2024-05,합,공공분양,경남,0
2024-05,합,공공분양,제주,0
2024-05,지자체,소계,전국,1,418
2024-05,지자체,소계,서울,322
2024-05,지자체,소계,인천,0
2024-05,지자체,소계,경기,0
2024-05,지자체,소계,부산,0
2024-05,지자체,소계,대구,0
2024-05,지자체,소계,광주,0
2024-05,지자체,소계,대전,0
2024-05,지자체,소계,울산,0
2024-05,지자체,소계,세종,0
2024-05,지자체,소계,강원,80
2024-05,지자체,소계,충북,0
2024-05,지자체,소계,충남,969
2024-05,지자체,소계,전북,0
2024-05,지자체,소계,전남,0
2024-05,지자체,소계,경북,0
2024-05,지자체,소계,경남,47
2024-05,지자체,소계,제주,0
2024-05,지자체,국민임대,전국,0
2024-05,지자체,국민임대,서울,0
2024-05,지자체,국민임대,인천,0
2024-05,지자체,국민임대,경기,0
2024-05,지자체,국민임대,부산,0
2024-05,지자체,국민임대,대구,0
2024-05,지자체,국민임대,광주,0
2024-05,지자체,국민임대,대전,0
2024-05,지자체,국민임대,울산,0
2024-05,지자체,국민임대,세종,0
2024-05,지자체,국민임대,강원,0
2024-05,지자체,국민임대,충북,0
2024-05,지자체,국민임대,충남,0
2024-05,지자체,국민임대,전북,0
2024-05,지자체,국민임대,전남,0
2024-05,지자체,국민임대,경북,0
2024-05,지자체,국민임대,경남,0
2024-05,지자체,국민임대,제주,0
2024-05,지자체,공공임대,전국,1,418
2024-05,지자체,공공임대,서울,322
2024-05,지자체,공공임대,인천,0
2024-05,지자체,공공임대,경기,0
2024-05,지자체,공공임대,부산,0
2024-05,지자체,공공임대,대구,0
2024-05,지자체,공공임대,광주,0
2024-05,지자체,공공임대,대전,0
2024-05,지자체,공공임대,울산,0
2024-05,지자체,공공임대,세종,0
2024-05,지자체,공공임대,강원,80
2024-05,지자체,공공임대,충북,0
2024-05,지자체,공공임대,충남,969
2024-05,지자체,공공임대,전북,0
2024-05,지자체,공공임대,전남,0
2024-05,지자체,공공임대,경북,0
2024-05,지자체,공공임대,경남,47
2024-05,지자체,공공임대,제주,0
2024-05,지자체,공공분양,전국,0
2024-05,지자체,공공분양,서울,0
2024-05,지자체,공공분양,인천,0
2024-05,지자체,공공분양,경기,0
2024-05,지자체,공공분양,부산,0
2024-05,지자체,공공분양,대구,0
2024-05,지자체,공공분양,광주,0
2024-05,지자체,공공분양,대전,0
2024-05,지자체,공공분양,울산,0
2024-05,지자체,공공분양,세종,0
2024-05,지자체,공공분양,강원,0
2024-05,지자체,공공분양,충북,0
2024-05,지자체,공공분양,충남,0
2024-05,지자체,공공분양,전북,0
2024-05,지자체,공공분양,전남,0
2024-05,지자체,공공분양,경북,0
2024-05,지자체,공공분양,경남,0
2024-05,지자체,공공분양,제주,0
2024-05,LH,소계,전국,999
2024-05,LH,소계,서울,0
2024-05,LH,소계,인천,0
2024-05,LH,소계,경기,0
2024-05,LH,소계,부산,188
2024-05,LH,소계,대구,0
2024-05,LH,소계,광주,0
2024-05,LH,소계,대전,0
2024-05,LH,소계,울산,731
2024-05,LH,소계,세종,0
2024-05,LH,소계,강원,0
2024-05,LH,소계,충북,80
2024-05,LH,소계,충남,0
2024-05,LH,소계,전북,0
2024-05,LH,소계,전남,0
2024-05,LH,소계,경북,0
2024-05,LH,소계,경남,0
2024-05,LH,소계,제주,0
2024-05,LH,국민임대,전국,0
2024-05,LH,국민임대,서울,0
2024-05,LH,국민임대,인천,0
2024-05,LH,국민임대,경기,0
2024-05,LH,국민임대,부산,0
2024-05,LH,국민임대,대구,0
2024-05,LH,국민임대,광주,0
2024-05,LH,국민임대,대전,0
2024-05,LH,국민임대,울산,0
2024-05,LH,국민임대,세종,0
2024-05,LH,국민임대,강원,0
2024-05,LH,국민임대,충북,0
2024-05,LH,국민임대,충남,0
2024-05,LH,국민임대,전북,0
2024-05,LH,국민임대,전남,0
2024-05,LH,국민임대,경북,0
2024-05,LH,국민임대,경남,0
2024-05,LH,국민임대,제주,0
2024-05,LH,공공임대,전국,268
2024-05,LH,공공임대,서울,0
2024-05,LH,공공임대,인천,0
2024-05,LH,공공임대,경기,0
2024-05,LH,공공임대,부산,188
2024-05,LH,공공임대,대구,0
2024-05,LH,공공임대,광주,0
2024-05,LH,공공임대,대전,0
2024-05,LH,공공임대,울산,0
2024-05,LH,공공임대,세종,0
2024-05,LH,공공임대,강원,0
2024-05,LH,공공임대,충북,80
2024-05,LH,공공임대,충남,0
2024-05,LH,공공임대,전북,0
2024-05,LH,공공임대,전남,0
2024-05,LH,공공임대,경북,0
2024-05,LH,공공임대,경남,0
2024-05,LH,공공임대,제주,0
2024-05,LH,공공분양,전국,731
2024-05,LH,공공분양,서울,0
2024-05,LH,공공분양,인천,0
2024-05,LH,공공분양,경기,0
2024-05,LH,공공분양,부산,0
2024-05,LH,공공분양,대구,0
2024-05,LH,공공분양,광주,0
2024-05,LH,공공분양,대전,0
2024-05,LH,공공분양,울산,731
2024-05,LH,공공분양,세종,0
2024-05,LH,공공분양,강원,0
2024-05,LH,공공분양,충북,0
2024-05,LH,공공분양,충남,0
2024-05,LH,공공분양,전북,0
2024-05,LH,공공분양,전남,0
2024-05,LH,공공분양,경북,0
2024-05,LH,공공분양,경남,0
2024-05,LH,공공분양,제주,0
2024-05,주택업체,소계,전국,1,368
2024-05,주택업체,소계,서울,122
2024-05,주택업체,소계,인천,418
2024-05,주택업체,소계,경기,784
2024-05,주택업체,소계,부산,0
2024-05,주택업체,소계,대구,0
2024-05,주택업체,소계,광주,0
2024-05,주택업체,소계,대전,0
2024-05,주택업체,소계,울산,0
2024-05,주택업체,소계,세종,0
2024-05,주택업체,소계,강원,0
2024-05,주택업체,소계,충북,0
2024-05,주택업체,소계,충남,0
2024-05,주택업체,소계,전북,44
2024-05,주택업체,소계,전남,0
2024-05,주택업체,소계,경북,0
2024-05,주택업체,소계,경남,0
2024-05,주택업체,소계,제주,0
2024-05,주택업체,국민임대,전국,75
2024-05,주택업체,국민임대,서울,75
2024-05,주택업체,국민임대,인천,0
2024-05,주택업체,국민임대,경기,0
2024-05,주택업체,국민임대,부산,0
2024-05,주택업체,국민임대,대구,0
2024-05,주택업체,국민임대,광주,0
2024-05,주택업체,국민임대,대전,0
2024-05,주택업체,국민임대,울산,0
2024-05,주택업체,국민임대,세종,0
2024-05,주택업체,국민임대,강원,0
2024-05,주택업체,국민임대,충북,0
2024-05,주택업체,국민임대,충남,0
2024-05,주택업체,국민임대,전북,0
2024-05,주택업체,국민임대,전남,0
2024-05,주택업체,국민임대,경북,0
2024-05,주택업체,국민임대,경남,0
2024-05,주택업체,국민임대,제주,0
2024-05,주택업체,공공임대,전국,590
2024-05,주택업체,공공임대,서울,47
2024-05,주택업체,공공임대,인천,418
2024-05,주택업체,공공임대,경기,81
2024-05,주택업체,공공임대,부산,0
2024-05,주택업체,공공임대,대구,0
2024-05,주택업체,공공임대,광주,0
2024-05,주택업체,공공임대,대전,0
2024-05,주택업체,공공임대,울산,0
2024-05,주택업체,공공임대,세종,0
2024-05,주택업체,공공임대,강원,0
2024-05,주택업체,공공임대,충북,0
2024-05,주택업체,공공임대,충남,0
2024-05,주택업체,공공임대,전북,44
2024-05,주택업체,공공임대,전남,0
2024-05,주택업체,공공임대,경북,0
2024-05,주택업체,공공임대,경남,0
2024-05,주택업체,공공임대,제주,0
2024-05,주택업체,공공분양,전국,703
2024-05,주택업체,공공분양,서울,0
2024-05,주택업체,공공분양,인천,0
2024-05,주택업체,공공분양,경기,703
2024-05,주택업체,공공분양,부산,0
2024-05,주택업체,공공분양,대구,0
2024-05,주택업체,공공분양,광주,0
2024-05,주택업체,공공분양,대전,0
2024-05,주택업체,공공분양,울산,0
2024-05,주택업체,공공분양,세종,0
2024-05,주택업체,공공분양,강원,0
2024-05,주택업체,공공분양,충북,0
2024-05,주택업체,공공분양,충남,0
2024-05,주택업체,공공분양,전북,0
2024-05,주택업체,공공분양,전남,0
2024-05,주택업체,공공분양,경북,0
2024-05,주택업체,공공분양,경남,0
2024-05,주택업체,공공분양,제주,0
2024-05,민간부문,민간부문,전국,121,327
2024-05,민간부문,민간부문,서울,10,079
2024-05,민간부문,민간부문,인천,4,753
2024-05,민간부문,민간부문,경기,33,071
2024-05,민간부문,민간부문,부산,10,301
2024-05,민간부문,민간부문,대구,1,308
2024-05,민간부문,민간부문,광주,1,250
2024-05,민간부문,민간부문,대전,13,257
2024-05,민간부문,민간부문,울산,2,475
2024-05,민간부문,민간부문,세종,3,360
2024-05,민간부문,민간부문,강원,3,782
2024-05,민간부문,민간부문,충북,5,372
2024-05,민간부문,민간부문,충남,10,437
2024-05,민간부문,민간부문,전북,2,247
2024-05,민간부문,민간부문,전남,3,202
2024-05,민간부문,민간부문,경북,8,235
2024-05,민간부문,민간부문,경남,6,817
2024-05,민간부문,민간부문,제주,1,381
2024-05,민간,민간임대,전국,7,226
2024-05,민간,민간임대,서울,1,711
2024-05,민간,민간임대,인천,1,136
2024-05,민간,민간임대,경기,2,019
2024-05,민간,민간임대,부산,0
2024-05,민간,민간임대,대구,0
2024-05,민간,민간임대,광주,0
2024-05,민간,민간임대,대전,0
2024-05,민간,민간임대,울산,301
2024-05,민간,민간임대,세종,1,110
2024-05,민간,민간임대,강원,0
2024-05,민간,민간임대,충북,774
2024-05,민간,민간임대,충남,0
2024-05,민간,민간임대,전북,175
2024-05,민간,민간임대,전남,0
2024-05,민간,민간임대,경북,0
2024-05,민간,민간임대,경남,0
2024-05,민간,민간임대,제주,0
2024-05,민간,민간분양,전국,114,101
2024-05,민간,민간분양,서울,8,368
2024-05,민간,민간분양,인천,3,617
2024-05,민간,민간분양,경기,31,052
2024-05,민간,민간분양,부산,10,301
2024-05,민간,민간분양,대구,1,308
2024-05,민간,민간분양,광주,1,250
2024-05,민간,민간분양,대전,13,257
2024-05,민간,민간분양,울산,2,174
2024-05,민간,민간분양,세종,2,250
2024-05,민간,민간분양,강원,3,782
2024-05,민간,민간분양,충북,4,598
2024-05,민간,민간분양,충남,10,437
2024-05,민간,민간분양,전북,2,072
2024-05,민간,민간분양,전남,3,202
2024-05,민간,민간분양,경북,8,235
2024-05,민간,민간분양,경남,6,817
2024-05,민간,민간분양,제주,1,381
2024-06,총  계,총  계,전국,150,051
2024-06,총  계,총  계,서울,13,538
2024-06,총  계,총  계,인천,6,241
2024-06,총  계,총  계,경기,39,937
2024-06,총  계,총  계,부산,11,960
2024-06,총  계,총  계,대구,1,339
2024-06,총  계,총  계,광주,1,361
2024-06,총  계,총  계,대전,13,280
2024-06,총  계,총  계,울산,3,222
2024-06,총  계,총  계,세종,3,366
2024-06,총  계,총  계,강원,6,342
2024-06,총  계,총  계,충북,7,638
2024-06,총  계,총  계,충남,16,809
2024-06,총  계,총  계,전북,2,736
2024-06,총  계,총  계,전남,3,690
2024-06,총  계,총  계,경북,9,205
2024-06,총  계,총  계,경남,7,912
2024-06,총  계,총  계,제주,1,475
2024-06,공공부문,공공부문,전국,3,858
2024-06,공공부문,공공부문,서울,517
2024-06,공공부문,공공부문,인천,418
2024-06,공공부문,공공부문,경기,784
2024-06,공공부문,공공부문,부산,188
2024-06,공공부문,공공부문,대구,0
2024-06,공공부문,공공부문,광주,0
2024-06,공공부문,공공부문,대전,0
2024-06,공공부문,공공부문,울산,731
2024-06,공공부문,공공부문,세종,0
2024-06,공공부문,공공부문,강원,80
2024-06,공공부문,공공부문,충북,80
2024-06,공공부문,공공부문,충남,969
2024-06,공공부문,공공부문,전북,44
2024-06,공공부문,공공부문,전남,0
2024-06,공공부문,공공부문,경북,0
2024-06,공공부문,공공부문,경남,47
2024-06,공공부문,공공부문,제주,0
2024-06,합,국민임대,전국,75
2024-06,합,국민임대,서울,75
2024-06,합,국민임대,인천,0
2024-06,합,국민임대,경기,0
2024-06,합,국민임대,부산,0
2024-06,합,국민임대,대구,0
2024-06,합,국민임대,광주,0
2024-06,합,국민임대,대전,0
2024-06,합,국민임대,울산,0
2024-06,합,국민임대,세종,0
2024-06,합,국민임대,강원,0
2024-06,합,국민임대,충북,0
2024-06,합,국민임대,충남,0
2024-06,합,국민임대,전북,0
2024-06,합,국민임대,전남,0
2024-06,합,국민임대,경북,0
2024-06,합,국민임대,경남,0
2024-06,합,국민임대,제주,0
2024-06,합,공공임대,전국,2,349
2024-06,합,공공임대,서울,442
2024-06,합,공공임대,인천,418
2024-06,합,공공임대,경기,81
2024-06,합,공공임대,부산,188
2024-06,합,공공임대,대구,0
2024-06,합,공공임대,광주,0
2024-06,합,공공임대,대전,0
2024-06,합,공공임대,울산,0
2024-06,합,공공임대,세종,0
2024-06,합,공공임대,강원,80
2024-06,합,공공임대,충북,80
2024-06,합,공공임대,충남,969
2024-06,합,공공임대,전북,44
2024-06,합,공공임대,전남,0
2024-06,합,공공임대,경북,0
2024-06,합,공공임대,경남,47
2024-06,합,공공임대,제주,0
2024-06,합,공공분양,전국,1,434
2024-06,합,공공분양,서울,0
2024-06,합,공공분양,인천,0
2024-06,합,공공분양,경기,703
2024-06,합,공공분양,부산,0
2024-06,합,공공분양,대구,0
2024-06,합,공공분양,광주,0
2024-06,합,공공분양,대전,0
2024-06,합,공공분양,울산,731
2024-06,합,공공분양,세종,0
2024-06,합,공공분양,강원,0
2024-06,합,공공분양,충북,0
2024-06,합,공공분양,충남,0
2024-06,합,공공분양,전북,0
2024-06,합,공공분양,전남,0
2024-06,합,공공분양,경북,0
2024-06,합,공공분양,경남,0
2024-06,합,공공분양,제주,0
2024-06,지자체,소계,전국,1,418
2024-06,지자체,소계,서울,322
2024-06,지자체,소계,인천,0
2024-06,지자체,소계,경기,0
2024-06,지자체,소계,부산,0
2024-06,지자체,소계,대구,0
2024-06,지자체,소계,광주,0
2024-06,지자체,소계,대전,0
2024-06,지자체,소계,울산,0
2024-06,지자체,소계,세종,0
2024-06,지자체,소계,강원,80
2024-06,지자체,소계,충북,0
2024-06,지자체,소계,충남,969
2024-06,지자체,소계,전북,0
2024-06,지자체,소계,전남,0
2024-06,지자체,소계,경북,0
2024-06,지자체,소계,경남,47
2024-06,지자체,소계,제주,0
2024-06,지자체,국민임대,전국,0
2024-06,지자체,국민임대,서울,0
2024-06,지자체,국민임대,인천,0
2024-06,지자체,국민임대,경기,0
2024-06,지자체,국민임대,부산,0
2024-06,지자체,국민임대,대구,0
2024-06,지자체,국민임대,광주,0
2024-06,지자체,국민임대,대전,0
2024-06,지자체,국민임대,울산,0
2024-06,지자체,국민임대,세종,0
2024-06,지자체,국민임대,강원,0
2024-06,지자체,국민임대,충북,0
2024-06,지자체,국민임대,충남,0
2024-06,지자체,국민임대,전북,0
2024-06,지자체,국민임대,전남,0
2024-06,지자체,국민임대,경북,0
2024-06,지자체,국민임대,경남,0
2024-06,지자체,국민임대,제주,0
2024-06,지자체,공공임대,전국,1,418
2024-06,지자체,공공임대,서울,322
2024-06,지자체,공공임대,인천,0
2024-06,지자체,공공임대,경기,0
2024-06,지자체,공공임대,부산,0
2024-06,지자체,공공임대,대구,0
2024-06,지자체,공공임대,광주,0
2024-06,지자체,공공임대,대전,0
2024-06,지자체,공공임대,울산,0
2024-06,지자체,공공임대,세종,0
2024-06,지자체,공공임대,강원,80
2024-06,지자체,공공임대,충북,0
2024-06,지자체,공공임대,충남,969
2024-06,지자체,공공임대,전북,0
2024-06,지자체,공공임대,전남,0
2024-06,지자체,공공임대,경북,0
2024-06,지자체,공공임대,경남,47
2024-06,지자체,공공임대,제주,0
2024-06,지자체,공공분양,전국,0
2024-06,지자체,공공분양,서울,0
2024-06,지자체,공공분양,인천,0
2024-06,지자체,공공분양,경기,0
2024-06,지자체,공공분양,부산,0
2024-06,지자체,공공분양,대구,0
2024-06,지자체,공공분양,광주,0
2024-06,지자체,공공분양,대전,0
2024-06,지자체,공공분양,울산,0
2024-06,지자체,공공분양,세종,0
2024-06,지자체,공공분양,강원,0
2024-06,지자체,공공분양,충북,0
2024-06,지자체,공공분양,충남,0
2024-06,지자체,공공분양,전북,0
2024-06,지자체,공공분양,전남,0
2024-06,지자체,공공분양,경북,0
2024-06,지자체,공공분양,경남,0
2024-06,지자체,공공분양,제주,0
2024-06,LH,소계,전국,999
2024-06,LH,소계,서울,0
2024-06,LH,소계,인천,0
2024-06,LH,소계,경기,0
2024-06,LH,소계,부산,188
2024-06,LH,소계,대구,0
2024-06,LH,소계,광주,0
2024-06,LH,소계,대전,0
2024-06,LH,소계,울산,731
2024-06,LH,소계,세종,0
2024-06,LH,소계,강원,0
2024-06,LH,소계,충북,80
2024-06,LH,소계,충남,0
2024-06,LH,소계,전북,0
2024-06,LH,소계,전남,0
2024-06,LH,소계,경북,0
2024-06,LH,소계,경남,0
2024-06,LH,소계,제주,0
2024-06,LH,국민임대,전국,0
2024-06,LH,국민임대,서울,0
2024-06,LH,국민임대,인천,0
2024-06,LH,국민임대,경기,0
2024-06,LH,국민임대,부산,0
2024-06,LH,국민임대,대구,0
2024-06,LH,국민임대,광주,0
2024-06,LH,국민임대,대전,0
2024-06,LH,국민임대,울산,0
2024-06,LH,국민임대,세종,0
2024-06,LH,국민임대,강원,0
2024-06,LH,국민임대,충북,0
2024-06,LH,국민임대,충남,0
2024-06,LH,국민임대,전북,0
2024-06,LH,국민임대,전남,0
2024-06,LH,국민임대,경북,0
2024-06,LH,국민임대,경남,0
2024-06,LH,국민임대,제주,0
2024-06,LH,공공임대,전국,268
2024-06,LH,공공임대,서울,0
2024-06,LH,공공임대,인천,0
2024-06,LH,공공임대,경기,0
2024-06,LH,공공임대,부산,188
2024-06,LH,공공임대,대구,0
2024-06,LH,공공임대,광주,0
2024-06,LH,공공임대,대전,0
2024-06,LH,공공임대,울산,0
2024-06,LH,공공임대,세종,0
2024-06,LH,공공임대,강원,0
2024-06,LH,공공임대,충북,80
2024-06,LH,공공임대,충남,0
2024-06,LH,공공임대,전북,0
2024-06,LH,공공임대,전남,0
2024-06,LH,공공임대,경북,0
2024-06,LH,공공임대,경남,0
2024-06,LH,공공임대,제주,0
2024-06,LH,공공분양,전국,731
2024-06,LH,공공분양,서울,0
2024-06,LH,공공분양,인천,0
2024-06,LH,공공분양,경기,0
2024-06,LH,공공분양,부산,0
2024-06,LH,공공분양,대구,0
2024-06,LH,공공분양,광주,0
2024-06,LH,공공분양,대전,0
2024-06,LH,공공분양,울산,731
2024-06,LH,공공분양,세종,0
2024-06,LH,공공분양,강원,0
2024-06,LH,공공분양,충북,0
2024-06,LH,공공분양,충남,0
2024-06,LH,공공분양,전북,0
2024-06,LH,공공분양,전남,0
2024-06,LH,공공분양,경북,0
2024-06,LH,공공분양,경남,0
2024-06,LH,공공분양,제주,0
2024-06,주택업체,소계,전국,1,441
2024-06,주택업체,소계,서울,195
2024-06,주택업체,소계,인천,418
2024-06,주택업체,소계,경기,784
2024-06,주택업체,소계,부산,0
2024-06,주택업체,소계,대구,0
2024-06,주택업체,소계,광주,0
2024-06,주택업체,소계,대전,0
2024-06,주택업체,소계,울산,0
2024-06,주택업체,소계,세종,0
2024-06,주택업체,소계,강원,0
2024-06,주택업체,소계,충북,0
2024-06,주택업체,소계,충남,0
2024-06,주택업체,소계,전북,44
2024-06,주택업체,소계,전남,0
2024-06,주택업체,소계,경북,0
2024-06,주택업체,소계,경남,0
2024-06,주택업체,소계,제주,0
2024-06,주택업체,국민임대,전국,75
2024-06,주택업체,국민임대,서울,75
2024-06,주택업체,국민임대,인천,0
2024-06,주택업체,국민임대,경기,0
2024-06,주택업체,국민임대,부산,0
2024-06,주택업체,국민임대,대구,0
2024-06,주택업체,국민임대,광주,0
2024-06,주택업체,국민임대,대전,0
2024-06,주택업체,국민임대,울산,0
2024-06,주택업체,국민임대,세종,0
2024-06,주택업체,국민임대,강원,0
2024-06,주택업체,국민임대,충북,0
2024-06,주택업체,국민임대,충남,0
2024-06,주택업체,국민임대,전북,0
2024-06,주택업체,국민임대,전남,0
2024-06,주택업체,국민임대,경북,0
2024-06,주택업체,국민임대,경남,0
2024-06,주택업체,국민임대,제주,0
2024-06,주택업체,공공임대,전국,663
2024-06,주택업체,공공임대,서울,120
2024-06,주택업체,공공임대,인천,418
2024-06,주택업체,공공임대,경기,81
2024-06,주택업체,공공임대,부산,0
2024-06,주택업체,공공임대,대구,0
2024-06,주택업체,공공임대,광주,0
2024-06,주택업체,공공임대,대전,0
2024-06,주택업체,공공임대,울산,0
2024-06,주택업체,공공임대,세종,0
2024-06,주택업체,공공임대,강원,0
2024-06,주택업체,공공임대,충북,0
2024-06,주택업체,공공임대,충남,0
2024-06,주택업체,공공임대,전북,44
2024-06,주택업체,공공임대,전남,0
2024-06,주택업체,공공임대,경북,0
2024-06,주택업체,공공임대,경남,0
2024-06,주택업체,공공임대,제주,0
2024-06,주택업체,공공분양,전국,703
2024-06,주택업체,공공분양,서울,0
2024-06,주택업체,공공분양,인천,0
2024-06,주택업체,공공분양,경기,703
2024-06,주택업체,공공분양,부산,0
2024-06,주택업체,공공분양,대구,0
2024-06,주택업체,공공분양,광주,0
2024-06,주택업체,공공분양,대전,0
2024-06,주택업체,공공분양,울산,0
2024-06,주택업체,공공분양,세종,0
2024-06,주택업체,공공분양,강원,0
2024-06,주택업체,공공분양,충북,0
2024-06,주택업체,공공분양,충남,0
2024-06,주택업체,공공분양,전북,0
2024-06,주택업체,공공분양,전남,0
2024-06,주택업체,공공분양,경북,0
2024-06,주택업체,공공분양,경남,0
2024-06,주택업체,공공분양,제주,0
2024-06,민간부문,민간부문,전국,146,193
2024-06,민간부문,민간부문,서울,13,021
2024-06,민간부문,민간부문,인천,5,823
2024-06,민간부문,민간부문,경기,39,153
2024-06,민간부문,민간부문,부산,11,772
2024-06,민간부문,민간부문,대구,1,339
2024-06,민간부문,민간부문,광주,1,361
2024-06,민간부문,민간부문,대전,13,280
2024-06,민간부문,민간부문,울산,2,491
2024-06,민간부문,민간부문,세종,3,366
2024-06,민간부문,민간부문,강원,6,262
2024-06,민간부문,민간부문,충북,7,558
2024-06,민간부문,민간부문,충남,15,840
2024-06,민간부문,민간부문,전북,2,692
2024-06,민간부문,민간부문,전남,3,690
2024-06,민간부문,민간부문,경북,9,205
2024-06,민간부문,민간부문,경남,7,865
2024-06,민간부문,민간부문,제주,1,475
2024-06,민간,민간임대,전국,9,586
2024-06,민간,민간임대,서울,1,711
2024-06,민간,민간임대,인천,1,446
2024-06,민간,민간임대,경기,2,019
2024-06,민간,민간임대,부산,886
2024-06,민간,민간임대,대구,0
2024-06,민간,민간임대,광주,0
2024-06,민간,민간임대,대전,0
2024-06,민간,민간임대,울산,301
2024-06,민간,민간임대,세종,1,110
2024-06,민간,민간임대,강원,0
2024-06,민간,민간임대,충북,774
2024-06,민간,민간임대,충남,0
2024-06,민간,민간임대,전북,475
2024-06,민간,민간임대,전남,128
2024-06,민간,민간임대,경북,736
2024-06,민간,민간임대,경남,0
2024-06,민간,민간임대,제주,0
2024-06,민간,민간분양,전국,136,607
2024-06,민간,민간분양,서울,11,310
2024-06,민간,민간분양,인천,4,377
2024-06,민간,민간분양,경기,37,134
2024-06,민간,민간분양,부산,10,886
2024-06,민간,민간분양,대구,1,339
2024-06,민간,민간분양,광주,1,361
2024-06,민간,민간분양,대전,13,280
2024-06,민간,민간분양,울산,2,190
2024-06,민간,민간분양,세종,2,256
2024-06,민간,민간분양,강원,6,262
2024-06,민간,민간분양,충북,6,784
2024-06,민간,민간분양,충남,15,840
2024-06,민간,민간분양,전북,2,217
2024-06,민간,민간분양,전남,3,562
2024-06,민간,민간분양,경북,8,469
2024-06,민간,민간분양,경남,7,865
2024-06,민간,민간분양,제주,1,475
2024-07,총  계,총  계,전국,170,422
2024-07,총  계,총  계,서울,15,767
2024-07,총  계,총  계,인천,6,399
2024-07,총  계,총  계,경기,45,412
2024-07,총  계,총  계,부산,16,805
2024-07,총  계,총  계,대구,1,357
2024-07,총  계,총  계,광주,3,122
2024-07,총  계,총  계,대전,14,450
2024-07,총  계,총  계,울산,3,790
2024-07,총  계,총  계,세종,3,372
2024-07,총  계,총  계,강원,6,581
2024-07,총  계,총  계,충북,8,371
2024-07,총  계,총  계,충남,18,084
2024-07,총  계,총  계,전북,3,171
2024-07,총  계,총  계,전남,3,941
2024-07,총  계,총  계,경북,9,441
2024-07,총  계,총  계,경남,8,539
2024-07,총  계,총  계,제주,1,820
2024-07,공공부문,공공부문,전국,4,883
2024-07,공공부문,공공부문,서울,517
2024-07,공공부문,공공부문,인천,418
2024-07,공공부문,공공부문,경기,784
2024-07,공공부문,공공부문,부산,1,213
2024-07,공공부문,공공부문,대구,0
2024-07,공공부문,공공부문,광주,0
2024-07,공공부문,공공부문,대전,0
2024-07,공공부문,공공부문,울산,731
2024-07,공공부문,공공부문,세종,0
2024-07,공공부문,공공부문,강원,80
2024-07,공공부문,공공부문,충북,80
2024-07,공공부문,공공부문,충남,969
2024-07,공공부문,공공부문,전북,44
2024-07,공공부문,공공부문,전남,0
2024-07,공공부문,공공부문,경북,0
2024-07,공공부문,공공부문,경남,47
2024-07,공공부문,공공부문,제주,0
2024-07,합,국민임대,전국,75
2024-07,합,국민임대,서울,75
2024-07,합,국민임대,인천,0
2024-07,합,국민임대,경기,0
2024-07,합,국민임대,부산,0
2024-07,합,국민임대,대구,0
2024-07,합,국민임대,광주,0
2024-07,합,국민임대,대전,0
2024-07,합,국민임대,울산,0
2024-07,합,국민임대,세종,0
2024-07,합,국민임대,강원,0
2024-07,합,국민임대,충북,0
2024-07,합,국민임대,충남,0
2024-07,합,국민임대,전북,0
2024-07,합,국민임대,전남,0
2024-07,합,국민임대,경북,0
2024-07,합,국민임대,경남,0
2024-07,합,국민임대,제주,0
2024-07,합,공공임대,전국,2,349
2024-07,합,공공임대,서울,442
2024-07,합,공공임대,인천,418
2024-07,합,공공임대,경기,81
2024-07,합,공공임대,부산,188
2024-07,합,공공임대,대구,0
2024-07,합,공공임대,광주,0
2024-07,합,공공임대,대전,0
2024-07,합,공공임대,울산,0
2024-07,합,공공임대,세종,0
2024-07,합,공공임대,강원,80
2024-07,합,공공임대,충북,80
2024-07,합,공공임대,충남,969
2024-07,합,공공임대,전북,44
2024-07,합,공공임대,전남,0
2024-07,합,공공임대,경북,0
2024-07,합,공공임대,경남,47
2024-07,합,공공임대,제주,0
2024-07,합,공공분양,전국,2,459
2024-07,합,공공분양,서울,0
2024-07,합,공공분양,인천,0
2024-07,합,공공분양,경기,703
2024-07,합,공공분양,부산,1,025
2024-07,합,공공분양,대구,0
2024-07,합,공공분양,광주,0
2024-07,합,공공분양,대전,0
2024-07,합,공공분양,울산,731
2024-07,합,공공분양,세종,0
2024-07,합,공공분양,강원,0
2024-07,합,공공분양,충북,0
2024-07,합,공공분양,충남,0
2024-07,합,공공분양,전북,0
2024-07,합,공공분양,전남,0
2024-07,합,공공분양,경북,0
2024-07,합,공공분양,경남,0
2024-07,합,공공분양,제주,0
2024-07,지자체,소계,전국,2,443
2024-07,지자체,소계,서울,322
2024-07,지자체,소계,인천,0
2024-07,지자체,소계,경기,0
2024-07,지자체,소계,부산,1,025
2024-07,지자체,소계,대구,0
2024-07,지자체,소계,광주,0
2024-07,지자체,소계,대전,0
2024-07,지자체,소계,울산,0
2024-07,지자체,소계,세종,0
2024-07,지자체,소계,강원,80
2024-07,지자체,소계,충북,0
2024-07,지자체,소계,충남,969
2024-07,지자체,소계,전북,0
2024-07,지자체,소계,전남,0
2024-07,지자체,소계,경북,0
2024-07,지자체,소계,경남,47
2024-07,지자체,소계,제주,0
2024-07,지자체,국민임대,전국,0
2024-07,지자체,국민임대,서울,0
2024-07,지자체,국민임대,인천,0
2024-07,지자체,국민임대,경기,0
2024-07,지자체,국민임대,부산,0
2024-07,지자체,국민임대,대구,0
2024-07,지자체,국민임대,광주,0
2024-07,지자체,국민임대,대전,0
2024-07,지자체,국민임대,울산,0
2024-07,지자체,국민임대,세종,0
2024-07,지자체,국민임대,강원,0
2024-07,지자체,국민임대,충북,0
2024-07,지자체,국민임대,충남,0
2024-07,지자체,국민임대,전북,0
2024-07,지자체,국민임대,전남,0
2024-07,지자체,국민임대,경북,0
2024-07,지자체,국민임대,경남,0
2024-07,지자체,국민임대,제주,0
2024-07,지자체,공공임대,전국,1,418
2024-07,지자체,공공임대,서울,322
2024-07,지자체,공공임대,인천,0
2024-07,지자체,공공임대,경기,0
2024-07,지자체,공공임대,부산,0
2024-07,지자체,공공임대,대구,0
2024-07,지자체,공공임대,광주,0
2024-07,지자체,공공임대,대전,0
2024-07,지자체,공공임대,울산,0
2024-07,지자체,공공임대,세종,0
2024-07,지자체,공공임대,강원,80
2024-07,지자체,공공임대,충북,0
2024-07,지자체,공공임대,충남,969
2024-07,지자체,공공임대,전북,0
2024-07,지자체,공공임대,전남,0
2024-07,지자체,공공임대,경북,0
2024-07,지자체,공공임대,경남,47
2024-07,지자체,공공임대,제주,0
2024-07,지자체,공공분양,전국,1,025
2024-07,지자체,공공분양,서울,0
2024-07,지자체,공공분양,인천,0
2024-07,지자체,공공분양,경기,0
2024-07,지자체,공공분양,부산,1,025
2024-07,지자체,공공분양,대구,0
2024-07,지자체,공공분양,광주,0
2024-07,지자체,공공분양,대전,0
2024-07,지자체,공공분양,울산,0
2024-07,지자체,공공분양,세종,0
2024-07,지자체,공공분양,강원,0
2024-07,지자체,공공분양,충북,0
2024-07,지자체,공공분양,충남,0
2024-07,지자체,공공분양,전북,0
2024-07,지자체,공공분양,전남,0
2024-07,지자체,공공분양,경북,0
2024-07,지자체,공공분양,경남,0
2024-07,지자체,공공분양,제주,0
2024-07,LH,소계,전국,999
2024-07,LH,소계,서울,0
2024-07,LH,소계,인천,0
2024-07,LH,소계,경기,0
2024-07,LH,소계,부산,188
2024-07,LH,소계,대구,0
2024-07,LH,소계,광주,0
2024-07,LH,소계,대전,0
2024-07,LH,소계,울산,731
2024-07,LH,소계,세종,0
2024-07,LH,소계,강원,0
2024-07,LH,소계,충북,80
2024-07,LH,소계,충남,0
2024-07,LH,소계,전북,0
2024-07,LH,소계,전남,0
2024-07,LH,소계,경북,0
2024-07,LH,소계,경남,0
2024-07,LH,소계,제주,0
2024-07,LH,국민임대,전국,0
2024-07,LH,국민임대,서울,0
2024-07,LH,국민임대,인천,0
2024-07,LH,국민임대,경기,0
2024-07,LH,국민임대,부산,0
2024-07,LH,국민임대,대구,0
2024-07,LH,국민임대,광주,0
2024-07,LH,국민임대,대전,0
2024-07,LH,국민임대,울산,0
2024-07,LH,국민임대,세종,0
2024-07,LH,국민임대,강원,0
2024-07,LH,국민임대,충북,0
2024-07,LH,국민임대,충남,0
2024-07,LH,국민임대,전북,0
2024-07,LH,국민임대,전남,0
2024-07,LH,국민임대,경북,0
2024-07,LH,국민임대,경남,0
2024-07,LH,국민임대,제주,0
2024-07,LH,공공임대,전국,268
2024-07,LH,공공임대,서울,0
2024-07,LH,공공임대,인천,0
2024-07,LH,공공임대,경기,0
2024-07,LH,공공임대,부산,188
2024-07,LH,공공임대,대구,0
2024-07,LH,공공임대,광주,0
2024-07,LH,공공임대,대전,0
2024-07,LH,공공임대,울산,0
2024-07,LH,공공임대,세종,0
2024-07,LH,공공임대,강원,0
2024-07,LH,공공임대,충북,80
2024-07,LH,공공임대,충남,0
2024-07,LH,공공임대,전북,0
2024-07,LH,공공임대,전남,0
2024-07,LH,공공임대,경북,0
2024-07,LH,공공임대,경남,0
2024-07,LH,공공임대,제주,0
2024-07,LH,공공분양,전국,731
2024-07,LH,공공분양,서울,0
2024-07,LH,공공분양,인천,0
2024-07,LH,공공분양,경기,0
2024-07,LH,공공분양,부산,0
2024-07,LH,공공분양,대구,0
2024-07,LH,공공분양,광주,0
2024-07,LH,공공분양,대전,0
2024-07,LH,공공분양,울산,731
2024-07,LH,공공분양,세종,0
2024-07,LH,공공분양,강원,0
2024-07,LH,공공분양,충북,0
2024-07,LH,공공분양,충남,0
2024-07,LH,공공분양,전북,0
2024-07,LH,공공분양,전남,0
2024-07,LH,공공분양,경북,0
2024-07,LH,공공분양,경남,0
2024-07,LH,공공분양,제주,0
2024-07,주택업체,소계,전국,1,441
2024-07,주택업체,소계,서울,195
2024-07,주택업체,소계,인천,418
2024-07,주택업체,소계,경기,784
2024-07,주택업체,소계,부산,0
2024-07,주택업체,소계,대구,0
2024-07,주택업체,소계,광주,0
2024-07,주택업체,소계,대전,0
2024-07,주택업체,소계,울산,0
2024-07,주택업체,소계,세종,0
2024-07,주택업체,소계,강원,0
2024-07,주택업체,소계,충북,0
2024-07,주택업체,소계,충남,0
2024-07,주택업체,소계,전북,44
2024-07,주택업체,소계,전남,0
2024-07,주택업체,소계,경북,0
2024-07,주택업체,소계,경남,0
2024-07,주택업체,소계,제주,0
2024-07,주택업체,국민임대,전국,75
2024-07,주택업체,국민임대,서울,75
2024-07,주택업체,국민임대,인천,0
2024-07,주택업체,국민임대,경기,0
2024-07,주택업체,국민임대,부산,0
2024-07,주택업체,국민임대,대구,0
2024-07,주택업체,국민임대,광주,0
2024-07,주택업체,국민임대,대전,0
2024-07,주택업체,국민임대,울산,0
2024-07,주택업체,국민임대,세종,0
2024-07,주택업체,국민임대,강원,0
2024-07,주택업체,국민임대,충북,0
2024-07,주택업체,국민임대,충남,0
2024-07,주택업체,국민임대,전북,0
2024-07,주택업체,국민임대,전남,0
2024-07,주택업체,국민임대,경북,0
2024-07,주택업체,국민임대,경남,0
2024-07,주택업체,국민임대,제주,0
2024-07,주택업체,공공임대,전국,663
2024-07,주택업체,공공임대,서울,120
2024-07,주택업체,공공임대,인천,418
2024-07,주택업체,공공임대,경기,81
2024-07,주택업체,공공임대,부산,0
2024-07,주택업체,공공임대,대구,0
2024-07,주택업체,공공임대,광주,0
2024-07,주택업체,공공임대,대전,0
2024-07,주택업체,공공임대,울산,0
2024-07,주택업체,공공임대,세종,0
2024-07,주택업체,공공임대,강원,0
2024-07,주택업체,공공임대,충북,0
2024-07,주택업체,공공임대,충남,0
2024-07,주택업체,공공임대,전북,44
2024-07,주택업체,공공임대,전남,0
2024-07,주택업체,공공임대,경북,0
2024-07,주택업체,공공임대,경남,0
2024-07,주택업체,공공임대,제주,0
2024-07,주택업체,공공분양,전국,703
2024-07,주택업체,공공분양,서울,0
2024-07,주택업체,공공분양,인천,0
2024-07,주택업체,공공분양,경기,703
2024-07,주택업체,공공분양,부산,0
2024-07,주택업체,공공분양,대구,0
2024-07,주택업체,공공분양,광주,0
2024-07,주택업체,공공분양,대전,0
2024-07,주택업체,공공분양,울산,0
2024-07,주택업체,공공분양,세종,0
2024-07,주택업체,공공분양,강원,0
2024-07,주택업체,공공분양,충북,0
2024-07,주택업체,공공분양,충남,0
2024-07,주택업체,공공분양,전북,0
2024-07,주택업체,공공분양,전남,0
2024-07,주택업체,공공분양,경북,0
2024-07,주택업체,공공분양,경남,0
2024-07,주택업체,공공분양,제주,0
2024-07,민간부문,민간부문,전국,165,539
2024-07,민간부문,민간부문,서울,15,250
2024-07,민간부문,민간부문,인천,5,981
2024-07,민간부문,민간부문,경기,44,628
2024-07,민간부문,민간부문,부산,15,592
2024-07,민간부문,민간부문,대구,1,357
2024-07,민간부문,민간부문,광주,3,122
2024-07,민간부문,민간부문,대전,14,450
2024-07,민간부문,민간부문,울산,3,059
2024-07,민간부문,민간부문,세종,3,372
2024-07,민간부문,민간부문,강원,6,501
2024-07,민간부문,민간부문,충북,8,291
2024-07,민간부문,민간부문,충남,17,115
2024-07,민간부문,민간부문,전북,3,127
2024-07,민간부문,민간부문,전남,3,941
2024-07,민간부문,민간부문,경북,9,441
2024-07,민간부문,민간부문,경남,8,492
2024-07,민간부문,민간부문,제주,1,820
2024-07,민간,민간임대,전국,9,586
2024-07,민간,민간임대,서울,1,711
2024-07,민간,민간임대,인천,1,446
2024-07,민간,민간임대,경기,2,019
2024-07,민간,민간임대,부산,886
2024-07,민간,민간임대,대구,0
2024-07,민간,민간임대,광주,0
2024-07,민간,민간임대,대전,0
2024-07,민간,민간임대,울산,301
2024-07,민간,민간임대,세종,1,110
2024-07,민간,민간임대,강원,0
2024-07,민간,민간임대,충북,774
2024-07,민간,민간임대,충남,0
2024-07,민간,민간임대,전북,475
2024-07,민간,민간임대,전남,128
2024-07,민간,민간임대,경북,736
2024-07,민간,민간임대,경남,0
2024-07,민간,민간임대,제주,0
2024-07,민간,민간분양,전국,155,953
2024-07,민간,민간분양,서울,13,539
2024-07,민간,민간분양,인천,4,535
2024-07,민간,민간분양,경기,42,609
2024-07,민간,민간분양,부산,14,706
2024-07,민간,민간분양,대구,1,357
2024-07,민간,민간분양,광주,3,122
2024-07,민간,민간분양,대전,14,450
2024-07,민간,민간분양,울산,2,758
2024-07,민간,민간분양,세종,2,262
2024-07,민간,민간분양,강원,6,501
2024-07,민간,민간분양,충북,7,517
2024-07,민간,민간분양,충남,17,115
2024-07,민간,민간분양,전북,2,652
2024-07,민간,민간분양,전남,3,813
2024-07,민간,민간분양,경북,8,705
2024-07,민간,민간분양,경남,8,492
2024-07,민간,민간분양,제주,1,820
2024-08,총  계,총  계,전국,199,008
2024-08,총  계,총  계,서울,21,670
2024-08,총  계,총  계,인천,8,547
2024-08,총  계,총  계,경기,53,593
2024-08,총  계,총  계,부산,18,956
2024-08,총  계,총  계,대구,2,293
2024-08,총  계,총  계,광주,3,600
2024-08,총  계,총  계,대전,14,602
2024-08,총  계,총  계,울산,3,816
2024-08,총  계,총  계,세종,3,401
2024-08,총  계,총  계,강원,8,383
2024-08,총  계,총  계,충북,9,059
2024-08,총  계,총  계,충남,19,790
2024-08,총  계,총  계,전북,4,694
2024-08,총  계,총  계,전남,4,176
2024-08,총  계,총  계,경북,10,429
2024-08,총  계,총  계,경남,9,987
2024-08,총  계,총  계,제주,2,012
2024-08,공공부문,공공부문,전국,4,921
2024-08,공공부문,공공부문,서울,525
2024-08,공공부문,공공부문,인천,418
2024-08,공공부문,공공부문,경기,784
2024-08,공공부문,공공부문,부산,1,213
2024-08,공공부문,공공부문,대구,0
2024-08,공공부문,공공부문,광주,0
2024-08,공공부문,공공부문,대전,0
2024-08,공공부문,공공부문,울산,731
2024-08,공공부문,공공부문,세종,0
2024-08,공공부문,공공부문,강원,80
2024-08,공공부문,공공부문,충북,80
2024-08,공공부문,공공부문,충남,969
2024-08,공공부문,공공부문,전북,44
2024-08,공공부문,공공부문,전남,0
2024-08,공공부문,공공부문,경북,0
2024-08,공공부문,공공부문,경남,77
2024-08,공공부문,공공부문,제주,0
2024-08,합,국민임대,전국,83
2024-08,합,국민임대,서울,83
2024-08,합,국민임대,인천,0
2024-08,합,국민임대,경기,0
2024-08,합,국민임대,부산,0
2024-08,합,국민임대,대구,0
2024-08,합,국민임대,광주,0
2024-08,합,국민임대,대전,0
2024-08,합,국민임대,울산,0
2024-08,합,국민임대,세종,0
2024-08,합,국민임대,강원,0
2024-08,합,국민임대,충북,0
2024-08,합,국민임대,충남,0
2024-08,합,국민임대,전북,0
2024-08,합,국민임대,전남,0
2024-08,합,국민임대,경북,0
2024-08,합,국민임대,경남,0
2024-08,합,국민임대,제주,0
2024-08,합,공공임대,전국,2,379
2024-08,합,공공임대,서울,442
2024-08,합,공공임대,인천,418
2024-08,합,공공임대,경기,81
2024-08,합,공공임대,부산,188
2024-08,합,공공임대,대구,0
2024-08,합,공공임대,광주,0
2024-08,합,공공임대,대전,0
2024-08,합,공공임대,울산,0
2024-08,합,공공임대,세종,0
2024-08,합,공공임대,강원,80
2024-08,합,공공임대,충북,80
2024-08,합,공공임대,충남,969
2024-08,합,공공임대,전북,44
2024-08,합,공공임대,전남,0
2024-08,합,공공임대,경북,0
2024-08,합,공공임대,경남,77
2024-08,합,공공임대,제주,0
2024-08,합,공공분양,전국,2,459
2024-08,합,공공분양,서울,0
2024-08,합,공공분양,인천,0
2024-08,합,공공분양,경기,703
2024-08,합,공공분양,부산,1,025
2024-08,합,공공분양,대구,0
2024-08,합,공공분양,광주,0
2024-08,합,공공분양,대전,0
2024-08,합,공공분양,울산,731
2024-08,합,공공분양,세종,0
2024-08,합,공공분양,강원,0
2024-08,합,공공분양,충북,0
2024-08,합,공공분양,충남,0
2024-08,합,공공분양,전북,0
2024-08,합,공공분양,전남,0
2024-08,합,공공분양,경북,0
2024-08,합,공공분양,경남,0
2024-08,합,공공분양,제주,0
2024-08,지자체,소계,전국,2,473
2024-08,지자체,소계,서울,322
2024-08,지자체,소계,인천,0
2024-08,지자체,소계,경기,0
2024-08,지자체,소계,부산,1,025
2024-08,지자체,소계,대구,0
2024-08,지자체,소계,광주,0
2024-08,지자체,소계,대전,0
2024-08,지자체,소계,울산,0
2024-08,지자체,소계,세종,0
2024-08,지자체,소계,강원,80
2024-08,지자체,소계,충북,0
2024-08,지자체,소계,충남,969
2024-08,지자체,소계,전북,0
2024-08,지자체,소계,전남,0
2024-08,지자체,소계,경북,0
2024-08,지자체,소계,경남,77
2024-08,지자체,소계,제주,0
2024-08,지자체,국민임대,전국,0
2024-08,지자체,국민임대,서울,0
2024-08,지자체,국민임대,인천,0
2024-08,지자체,국민임대,경기,0
2024-08,지자체,국민임대,부산,0
2024-08,지자체,국민임대,대구,0
2024-08,지자체,국민임대,광주,0
2024-08,지자체,국민임대,대전,0
2024-08,지자체,국민임대,울산,0
2024-08,지자체,국민임대,세종,0
2024-08,지자체,국민임대,강원,0
2024-08,지자체,국민임대,충북,0
2024-08,지자체,국민임대,충남,0
2024-08,지자체,국민임대,전북,0
2024-08,지자체,국민임대,전남,0
2024-08,지자체,국민임대,경북,0
2024-08,지자체,국민임대,경남,0
2024-08,지자체,국민임대,제주,0
2024-08,지자체,공공임대,전국,1,448
2024-08,지자체,공공임대,서울,322
2024-08,지자체,공공임대,인천,0
2024-08,지자체,공공임대,경기,0
2024-08,지자체,공공임대,부산,0
2024-08,지자체,공공임대,대구,0
2024-08,지자체,공공임대,광주,0
2024-08,지자체,공공임대,대전,0
2024-08,지자체,공공임대,울산,0
2024-08,지자체,공공임대,세종,0
2024-08,지자체,공공임대,강원,80
2024-08,지자체,공공임대,충북,0
2024-08,지자체,공공임대,충남,969
2024-08,지자체,공공임대,전북,0
2024-08,지자체,공공임대,전남,0
2024-08,지자체,공공임대,경북,0
2024-08,지자체,공공임대,경남,77
2024-08,지자체,공공임대,제주,0
2024-08,지자체,공공분양,전국,1,025
2024-08,지자체,공공분양,서울,0
2024-08,지자체,공공분양,인천,0
2024-08,지자체,공공분양,경기,0
2024-08,지자체,공공분양,부산,1,025
2024-08,지자체,공공분양,대구,0
2024-08,지자체,공공분양,광주,0
2024-08,지자체,공공분양,대전,0
2024-08,지자체,공공분양,울산,0
2024-08,지자체,공공분양,세종,0
2024-08,지자체,공공분양,강원,0
2024-08,지자체,공공분양,충북,0
2024-08,지자체,공공분양,충남,0
2024-08,지자체,공공분양,전북,0
2024-08,지자체,공공분양,전남,0
2024-08,지자체,공공분양,경북,0
2024-08,지자체,공공분양,경남,0
2024-08,지자체,공공분양,제주,0
2024-08,LH,소계,전국,999
2024-08,LH,소계,서울,0
2024-08,LH,소계,인천,0
2024-08,LH,소계,경기,0
2024-08,LH,소계,부산,188
2024-08,LH,소계,대구,0
2024-08,LH,소계,광주,0
2024-08,LH,소계,대전,0
2024-08,LH,소계,울산,731
2024-08,LH,소계,세종,0
2024-08,LH,소계,강원,0
2024-08,LH,소계,충북,80
2024-08,LH,소계,충남,0
2024-08,LH,소계,전북,0
2024-08,LH,소계,전남,0
2024-08,LH,소계,경북,0
2024-08,LH,소계,경남,0
2024-08,LH,소계,제주,0
2024-08,LH,국민임대,전국,0
2024-08,LH,국민임대,서울,0
2024-08,LH,국민임대,인천,0
2024-08,LH,국민임대,경기,0
2024-08,LH,국민임대,부산,0
2024-08,LH,국민임대,대구,0
2024-08,LH,국민임대,광주,0
2024-08,LH,국민임대,대전,0
2024-08,LH,국민임대,울산,0
2024-08,LH,국민임대,세종,0
2024-08,LH,국민임대,강원,0
2024-08,LH,국민임대,충북,0
2024-08,LH,국민임대,충남,0
2024-08,LH,국민임대,전북,0
2024-08,LH,국민임대,전남,0
2024-08,LH,국민임대,경북,0
2024-08,LH,국민임대,경남,0
2024-08,LH,국민임대,제주,0
2024-08,LH,공공임대,전국,268
2024-08,LH,공공임대,서울,0
2024-08,LH,공공임대,인천,0
2024-08,LH,공공임대,경기,0
2024-08,LH,공공임대,부산,188
2024-08,LH,공공임대,대구,0
2024-08,LH,공공임대,광주,0
2024-08,LH,공공임대,대전,0
2024-08,LH,공공임대,울산,0
2024-08,LH,공공임대,세종,0
2024-08,LH,공공임대,강원,0
2024-08,LH,공공임대,충북,80
2024-08,LH,공공임대,충남,0
2024-08,LH,공공임대,전북,0
2024-08,LH,공공임대,전남,0
2024-08,LH,공공임대,경북,0
2024-08,LH,공공임대,경남,0
2024-08,LH,공공임대,제주,0
2024-08,LH,공공분양,전국,731
2024-08,LH,공공분양,서울,0
2024-08,LH,공공분양,인천,0
2024-08,LH,공공분양,경기,0
2024-08,LH,공공분양,부산,0
2024-08,LH,공공분양,대구,0
2024-08,LH,공공분양,광주,0
2024-08,LH,공공분양,대전,0
2024-08,LH,공공분양,울산,731
2024-08,LH,공공분양,세종,0
2024-08,LH,공공분양,강원,0
2024-08,LH,공공분양,충북,0
2024-08,LH,공공분양,충남,0
2024-08,LH,공공분양,전북,0
2024-08,LH,공공분양,전남,0
2024-08,LH,공공분양,경북,0
2024-08,LH,공공분양,경남,0
2024-08,LH,공공분양,제주,0
2024-08,주택업체,소계,전국,1,449
2024-08,주택업체,소계,서울,203
2024-08,주택업체,소계,인천,418
2024-08,주택업체,소계,경기,784
2024-08,주택업체,소계,부산,0
2024-08,주택업체,소계,대구,0
2024-08,주택업체,소계,광주,0
2024-08,주택업체,소계,대전,0
2024-08,주택업체,소계,울산,0
2024-08,주택업체,소계,세종,0
2024-08,주택업체,소계,강원,0
2024-08,주택업체,소계,충북,0
2024-08,주택업체,소계,충남,0
2024-08,주택업체,소계,전북,44
2024-08,주택업체,소계,전남,0
2024-08,주택업체,소계,경북,0
2024-08,주택업체,소계,경남,0
2024-08,주택업체,소계,제주,0
2024-08,주택업체,국민임대,전국,83
2024-08,주택업체,국민임대,서울,83
2024-08,주택업체,국민임대,인천,0
2024-08,주택업체,국민임대,경기,0
2024-08,주택업체,국민임대,부산,0
2024-08,주택업체,국민임대,대구,0
2024-08,주택업체,국민임대,광주,0
2024-08,주택업체,국민임대,대전,0
2024-08,주택업체,국민임대,울산,0
2024-08,주택업체,국민임대,세종,0
2024-08,주택업체,국민임대,강원,0
2024-08,주택업체,국민임대,충북,0
2024-08,주택업체,국민임대,충남,0
2024-08,주택업체,국민임대,전북,0
2024-08,주택업체,국민임대,전남,0
2024-08,주택업체,국민임대,경북,0
2024-08,주택업체,국민임대,경남,0
2024-08,주택업체,국민임대,제주,0
2024-08,주택업체,공공임대,전국,663
2024-08,주택업체,공공임대,서울,120
2024-08,주택업체,공공임대,인천,418
2024-08,주택업체,공공임대,경기,81
2024-08,주택업체,공공임대,부산,0
2024-08,주택업체,공공임대,대구,0
2024-08,주택업체,공공임대,광주,0
2024-08,주택업체,공공임대,대전,0
2024-08,주택업체,공공임대,울산,0
2024-08,주택업체,공공임대,세종,0
2024-08,주택업체,공공임대,강원,0
2024-08,주택업체,공공임대,충북,0
2024-08,주택업체,공공임대,충남,0
2024-08,주택업체,공공임대,전북,44
2024-08,주택업체,공공임대,전남,0
2024-08,주택업체,공공임대,경북,0
2024-08,주택업체,공공임대,경남,0
2024-08,주택업체,공공임대,제주,0
2024-08,주택업체,공공분양,전국,703
2024-08,주택업체,공공분양,서울,0
2024-08,주택업체,공공분양,인천,0
2024-08,주택업체,공공분양,경기,703
2024-08,주택업체,공공분양,부산,0
2024-08,주택업체,공공분양,대구,0
2024-08,주택업체,공공분양,광주,0
2024-08,주택업체,공공분양,대전,0
2024-08,주택업체,공공분양,울산,0
2024-08,주택업체,공공분양,세종,0
2024-08,주택업체,공공분양,강원,0
2024-08,주택업체,공공분양,충북,0
2024-08,주택업체,공공분양,충남,0
2024-08,주택업체,공공분양,전북,0
2024-08,주택업체,공공분양,전남,0
2024-08,주택업체,공공분양,경북,0
2024-08,주택업체,공공분양,경남,0
2024-08,주택업체,공공분양,제주,0
2024-08,민간부문,민간부문,전국,194,087
2024-08,민간부문,민간부문,서울,21,145
2024-08,민간부문,민간부문,인천,8,129
2024-08,민간부문,민간부문,경기,52,809
2024-08,민간부문,민간부문,부산,17,743
2024-08,민간부문,민간부문,대구,2,293
2024-08,민간부문,민간부문,광주,3,600
2024-08,민간부문,민간부문,대전,14,602
2024-08,민간부문,민간부문,울산,3,085
2024-08,민간부문,민간부문,세종,3,401
2024-08,민간부문,민간부문,강원,8,303
2024-08,민간부문,민간부문,충북,8,979
2024-08,민간부문,민간부문,충남,18,821
2024-08,민간부문,민간부문,전북,4,650
2024-08,민간부문,민간부문,전남,4,176
2024-08,민간부문,민간부문,경북,10,429
2024-08,민간부문,민간부문,경남,9,910
2024-08,민간부문,민간부문,제주,2,012
2024-08,민간,민간임대,전국,12,192
2024-08,민간,민간임대,서울,1,931
2024-08,민간,민간임대,인천,1,875
2024-08,민간,민간임대,경기,2,019
2024-08,민간,민간임대,부산,886
2024-08,민간,민간임대,대구,0
2024-08,민간,민간임대,광주,460
2024-08,민간,민간임대,대전,0
2024-08,민간,민간임대,울산,301
2024-08,민간,민간임대,세종,1,110
2024-08,민간,민간임대,강원,0
2024-08,민간,민간임대,충북,1,019
2024-08,민간,민간임대,충남,0
2024-08,민간,민간임대,전북,1,243
2024-08,민간,민간임대,전남,128
2024-08,민간,민간임대,경북,736
2024-08,민간,민간임대,경남,440
2024-08,민간,민간임대,제주,44
2024-08,민간,민간분양,전국,181,895
2024-08,민간,민간분양,서울,19,214
2024-08,민간,민간분양,인천,6,254
2024-08,민간,민간분양,경기,50,790
2024-08,민간,민간분양,부산,16,857
2024-08,민간,민간분양,대구,2,293
2024-08,민간,민간분양,광주,3,140
2024-08,민간,민간분양,대전,14,602
2024-08,민간,민간분양,울산,2,784
2024-08,민간,민간분양,세종,2,291
2024-08,민간,민간분양,강원,8,303
2024-08,민간,민간분양,충북,7,960
2024-08,민간,민간분양,충남,18,821
2024-08,민간,민간분양,전북,3,407
2024-08,민간,민간분양,전남,4,048
2024-08,민간,민간분양,경북,9,693
2024-08,민간,민간분양,경남,9,470
2024-08,민간,민간분양,제주,1,968
2024-09,총  계,총  계,전국,219,134
2024-09,총  계,총  계,서울,23,500
2024-09,총  계,총  계,인천,10,043
2024-09,총  계,총  계,경기,56,868
2024-09,총  계,총  계,부산,18,964
2024-09,총  계,총  계,대구,2,310
2024-09,총  계,총  계,광주,3,668
2024-09,총  계,총  계,대전,18,057
2024-09,총  계,총  계,울산,3,931
2024-09,총  계,총  계,세종,3,432
2024-09,총  계,총  계,강원,8,974
2024-09,총  계,총  계,충북,10,404
2024-09,총  계,총  계,충남,22,031
2024-09,총  계,총  계,전북,4,855
2024-09,총  계,총  계,전남,4,394
2024-09,총  계,총  계,경북,11,255
2024-09,총  계,총  계,경남,14,212
2024-09,총  계,총  계,제주,2,236
2024-09,공공부문,공공부문,전국,6,924
2024-09,공공부문,공공부문,서울,525
2024-09,공공부문,공공부문,인천,1,616
2024-09,공공부문,공공부문,경기,1,394
2024-09,공공부문,공공부문,부산,1,213
2024-09,공공부문,공공부문,대구,0
2024-09,공공부문,공공부문,광주,0
2024-09,공공부문,공공부문,대전,0
2024-09,공공부문,공공부문,울산,832
2024-09,공공부문,공공부문,세종,0
2024-09,공공부문,공공부문,강원,80
2024-09,공공부문,공공부문,충북,80
2024-09,공공부문,공공부문,충남,969
2024-09,공공부문,공공부문,전북,44
2024-09,공공부문,공공부문,전남,0
2024-09,공공부문,공공부문,경북,0
2024-09,공공부문,공공부문,경남,99
2024-09,공공부문,공공부문,제주,72
2024-09,합,국민임대,전국,1,299
2024-09,합,국민임대,서울,83
2024-09,합,국민임대,인천,1,198
2024-09,합,국민임대,경기,0
2024-09,합,국민임대,부산,0
2024-09,합,국민임대,대구,0
2024-09,합,국민임대,광주,0
2024-09,합,국민임대,대전,0
2024-09,합,국민임대,울산,18
2024-09,합,국민임대,세종,0
2024-09,합,국민임대,강원,0
2024-09,합,국민임대,충북,0
2024-09,합,국민임대,충남,0
2024-09,합,국민임대,전북,0
2024-09,합,국민임대,전남,0
2024-09,합,국민임대,경북,0
2024-09,합,국민임대,경남,0
2024-09,합,국민임대,제주,0
2024-09,합,공공임대,전국,3,094
2024-09,합,공공임대,서울,442
2024-09,합,공공임대,인천,418
2024-09,합,공공임대,경기,691
2024-09,합,공공임대,부산,188
2024-09,합,공공임대,대구,0
2024-09,합,공공임대,광주,0
2024-09,합,공공임대,대전,0
2024-09,합,공공임대,울산,83
2024-09,합,공공임대,세종,0
2024-09,합,공공임대,강원,80
2024-09,합,공공임대,충북,80
2024-09,합,공공임대,충남,969
2024-09,합,공공임대,전북,44
2024-09,합,공공임대,전남,0
2024-09,합,공공임대,경북,0
2024-09,합,공공임대,경남,99
2024-09,합,공공임대,제주,0
2024-09,합,공공분양,전국,2,531
2024-09,합,공공분양,서울,0
2024-09,합,공공분양,인천,0
2024-09,합,공공분양,경기,703
2024-09,합,공공분양,부산,1,025
2024-09,합,공공분양,대구,0
2024-09,합,공공분양,광주,0
2024-09,합,공공분양,대전,0
2024-09,합,공공분양,울산,731
2024-09,합,공공분양,세종,0
2024-09,합,공공분양,강원,0
2024-09,합,공공분양,충북,0
2024-09,합,공공분양,충남,0
2024-09,합,공공분양,전북,0
2024-09,합,공공분양,전남,0
2024-09,합,공공분양,경북,0
2024-09,합,공공분양,경남,0
2024-09,합,공공분양,제주,72
2024-09,지자체,소계,전국,2,668
2024-09,지자체,소계,서울,322
2024-09,지자체,소계,인천,0
2024-09,지자체,소계,경기,0
2024-09,지자체,소계,부산,1,025
2024-09,지자체,소계,대구,0
2024-09,지자체,소계,광주,0
2024-09,지자체,소계,대전,0
2024-09,지자체,소계,울산,101
2024-09,지자체,소계,세종,0
2024-09,지자체,소계,강원,80
2024-09,지자체,소계,충북,0
2024-09,지자체,소계,충남,969
2024-09,지자체,소계,전북,0
2024-09,지자체,소계,전남,0
2024-09,지자체,소계,경북,0
2024-09,지자체,소계,경남,99
2024-09,지자체,소계,제주,72
2024-09,지자체,국민임대,전국,18
2024-09,지자체,국민임대,서울,0
2024-09,지자체,국민임대,인천,0
2024-09,지자체,국민임대,경기,0
2024-09,지자체,국민임대,부산,0
2024-09,지자체,국민임대,대구,0
2024-09,지자체,국민임대,광주,0
2024-09,지자체,국민임대,대전,0
2024-09,지자체,국민임대,울산,18
2024-09,지자체,국민임대,세종,0
2024-09,지자체,국민임대,강원,0
2024-09,지자체,국민임대,충북,0
2024-09,지자체,국민임대,충남,0
2024-09,지자체,국민임대,전북,0
2024-09,지자체,국민임대,전남,0
2024-09,지자체,국민임대,경북,0
2024-09,지자체,국민임대,경남,0
2024-09,지자체,국민임대,제주,0
2024-09,지자체,공공임대,전국,1,553
2024-09,지자체,공공임대,서울,322
2024-09,지자체,공공임대,인천,0
2024-09,지자체,공공임대,경기,0
2024-09,지자체,공공임대,부산,0
2024-09,지자체,공공임대,대구,0
2024-09,지자체,공공임대,광주,0
2024-09,지자체,공공임대,대전,0
2024-09,지자체,공공임대,울산,83
2024-09,지자체,공공임대,세종,0
2024-09,지자체,공공임대,강원,80
2024-09,지자체,공공임대,충북,0
2024-09,지자체,공공임대,충남,969
2024-09,지자체,공공임대,전북,0
2024-09,지자체,공공임대,전남,0
2024-09,지자체,공공임대,경북,0
2024-09,지자체,공공임대,경남,99
2024-09,지자체,공공임대,제주,0
2024-09,지자체,공공분양,전국,1,097
2024-09,지자체,공공분양,서울,0
2024-09,지자체,공공분양,인천,0
2024-09,지자체,공공분양,경기,0
2024-09,지자체,공공분양,부산,1,025
2024-09,지자체,공공분양,대구,0
2024-09,지자체,공공분양,광주,0
2024-09,지자체,공공분양,대전,0
2024-09,지자체,공공분양,울산,0
2024-09,지자체,공공분양,세종,0
2024-09,지자체,공공분양,강원,0
2024-09,지자체,공공분양,충북,0
2024-09,지자체,공공분양,충남,0
2024-09,지자체,공공분양,전북,0
2024-09,지자체,공공분양,전남,0
2024-09,지자체,공공분양,경북,0
2024-09,지자체,공공분양,경남,0
2024-09,지자체,공공분양,제주,72
2024-09,LH,소계,전국,2,807
2024-09,LH,소계,서울,0
2024-09,LH,소계,인천,1,198
2024-09,LH,소계,경기,610
2024-09,LH,소계,부산,188
2024-09,LH,소계,대구,0
2024-09,LH,소계,광주,0
2024-09,LH,소계,대전,0
2024-09,LH,소계,울산,731
2024-09,LH,소계,세종,0
2024-09,LH,소계,강원,0
2024-09,LH,소계,충북,80
2024-09,LH,소계,충남,0
2024-09,LH,소계,전북,0
2024-09,LH,소계,전남,0
2024-09,LH,소계,경북,0
2024-09,LH,소계,경남,0
2024-09,LH,소계,제주,0
2024-09,LH,국민임대,전국,1,198
2024-09,LH,국민임대,서울,0
2024-09,LH,국민임대,인천,1,198
2024-09,LH,국민임대,경기,0
2024-09,LH,국민임대,부산,0
2024-09,LH,국민임대,대구,0
2024-09,LH,국민임대,광주,0
2024-09,LH,국민임대,대전,0
2024-09,LH,국민임대,울산,0
2024-09,LH,국민임대,세종,0
2024-09,LH,국민임대,강원,0
2024-09,LH,국민임대,충북,0
2024-09,LH,국민임대,충남,0
2024-09,LH,국민임대,전북,0
2024-09,LH,국민임대,전남,0
2024-09,LH,국민임대,경북,0
2024-09,LH,국민임대,경남,0
2024-09,LH,국민임대,제주,0
2024-09,LH,공공임대,전국,878
2024-09,LH,공공임대,서울,0
2024-09,LH,공공임대,인천,0
2024-09,LH,공공임대,경기,610
2024-09,LH,공공임대,부산,188
2024-09,LH,공공임대,대구,0
2024-09,LH,공공임대,광주,0
2024-09,LH,공공임대,대전,0
2024-09,LH,공공임대,울산,0
2024-09,LH,공공임대,세종,0
2024-09,LH,공공임대,강원,0
2024-09,LH,공공임대,충북,80
2024-09,LH,공공임대,충남,0
2024-09,LH,공공임대,전북,0
2024-09,LH,공공임대,전남,0
2024-09,LH,공공임대,경북,0
2024-09,LH,공공임대,경남,0
2024-09,LH,공공임대,제주,0
2024-09,LH,공공분양,전국,731
2024-09,LH,공공분양,서울,0
2024-09,LH,공공분양,인천,0
2024-09,LH,공공분양,경기,0
2024-09,LH,공공분양,부산,0
2024-09,LH,공공분양,대구,0
2024-09,LH,공공분양,광주,0
2024-09,LH,공공분양,대전,0
2024-09,LH,공공분양,울산,731
2024-09,LH,공공분양,세종,0
2024-09,LH,공공분양,강원,0
2024-09,LH,공공분양,충북,0
2024-09,LH,공공분양,충남,0
2024-09,LH,공공분양,전북,0
2024-09,LH,공공분양,전남,0
2024-09,LH,공공분양,경북,0
2024-09,LH,공공분양,경남,0
2024-09,LH,공공분양,제주,0
2024-09,주택업체,소계,전국,1,449
2024-09,주택업체,소계,서울,203
2024-09,주택업체,소계,인천,418
2024-09,주택업체,소계,경기,784
2024-09,주택업체,소계,부산,0
2024-09,주택업체,소계,대구,0
2024-09,주택업체,소계,광주,0
2024-09,주택업체,소계,대전,0
2024-09,주택업체,소계,울산,0
2024-09,주택업체,소계,세종,0
2024-09,주택업체,소계,강원,0
2024-09,주택업체,소계,충북,0
2024-09,주택업체,소계,충남,0
2024-09,주택업체,소계,전북,44
2024-09,주택업체,소계,전남,0
2024-09,주택업체,소계,경북,0
2024-09,주택업체,소계,경남,0
2024-09,주택업체,소계,제주,0
2024-09,주택업체,국민임대,전국,83
2024-09,주택업체,국민임대,서울,83
2024-09,주택업체,국민임대,인천,0
2024-09,주택업체,국민임대,경기,0
2024-09,주택업체,국민임대,부산,0
2024-09,주택업체,국민임대,대구,0
2024-09,주택업체,국민임대,광주,0
2024-09,주택업체,국민임대,대전,0
2024-09,주택업체,국민임대,울산,0
2024-09,주택업체,국민임대,세종,0
2024-09,주택업체,국민임대,강원,0
2024-09,주택업체,국민임대,충북,0
2024-09,주택업체,국민임대,충남,0
2024-09,주택업체,국민임대,전북,0
2024-09,주택업체,국민임대,전남,0
2024-09,주택업체,국민임대,경북,0
2024-09,주택업체,국민임대,경남,0
2024-09,주택업체,국민임대,제주,0
2024-09,주택업체,공공임대,전국,663
2024-09,주택업체,공공임대,서울,120
2024-09,주택업체,공공임대,인천,418
2024-09,주택업체,공공임대,경기,81
2024-09,주택업체,공공임대,부산,0
2024-09,주택업체,공공임대,대구,0
2024-09,주택업체,공공임대,광주,0
2024-09,주택업체,공공임대,대전,0
2024-09,주택업체,공공임대,울산,0
2024-09,주택업체,공공임대,세종,0
2024-09,주택업체,공공임대,강원,0
2024-09,주택업체,공공임대,충북,0
2024-09,주택업체,공공임대,충남,0
2024-09,주택업체,공공임대,전북,44
2024-09,주택업체,공공임대,전남,0
2024-09,주택업체,공공임대,경북,0
2024-09,주택업체,공공임대,경남,0
2024-09,주택업체,공공임대,제주,0
2024-09,주택업체,공공분양,전국,703
2024-09,주택업체,공공분양,서울,0
2024-09,주택업체,공공분양,인천,0
2024-09,주택업체,공공분양,경기,703
2024-09,주택업체,공공분양,부산,0
2024-09,주택업체,공공분양,대구,0
2024-09,주택업체,공공분양,광주,0
2024-09,주택업체,공공분양,대전,0
2024-09,주택업체,공공분양,울산,0
2024-09,주택업체,공공분양,세종,0
2024-09,주택업체,공공분양,강원,0
2024-09,주택업체,공공분양,충북,0
2024-09,주택업체,공공분양,충남,0
2024-09,주택업체,공공분양,전북,0
2024-09,주택업체,공공분양,전남,0
2024-09,주택업체,공공분양,경북,0
2024-09,주택업체,공공분양,경남,0
2024-09,주택업체,공공분양,제주,0
2024-09,민간부문,민간부문,전국,212,210
2024-09,민간부문,민간부문,서울,22,975
2024-09,민간부문,민간부문,인천,8,427
2024-09,민간부문,민간부문,경기,55,474
2024-09,민간부문,민간부문,부산,17,751
2024-09,민간부문,민간부문,대구,2,310
2024-09,민간부문,민간부문,광주,3,668
2024-09,민간부문,민간부문,대전,18,057
2024-09,민간부문,민간부문,울산,3,099
2024-09,민간부문,민간부문,세종,3,432
2024-09,민간부문,민간부문,강원,8,894
2024-09,민간부문,민간부문,충북,10,324
2024-09,민간부문,민간부문,충남,21,062
2024-09,민간부문,민간부문,전북,4,811
2024-09,민간부문,민간부문,전남,4,394
2024-09,민간부문,민간부문,경북,11,255
2024-09,민간부문,민간부문,경남,14,113
2024-09,민간부문,민간부문,제주,2,164
2024-09,민간,민간임대,전국,13,393
2024-09,민간,민간임대,서울,1,931
2024-09,민간,민간임대,인천,1,875
2024-09,민간,민간임대,경기,2,019
2024-09,민간,민간임대,부산,886
2024-09,민간,민간임대,대구,0
2024-09,민간,민간임대,광주,460
2024-09,민간,민간임대,대전,0
2024-09,민간,민간임대,울산,301
2024-09,민간,민간임대,세종,1,110
2024-09,민간,민간임대,강원,0
2024-09,민간,민간임대,충북,2,220
2024-09,민간,민간임대,충남,0
2024-09,민간,민간임대,전북,1,243
2024-09,민간,민간임대,전남,128
2024-09,민간,민간임대,경북,736
2024-09,민간,민간임대,경남,440
2024-09,민간,민간임대,제주,44
2024-09,민간,민간분양,전국,198,817
2024-09,민간,민간분양,서울,21,044
2024-09,민간,민간분양,인천,6,552
2024-09,민간,민간분양,경기,53,455
2024-09,민간,민간분양,부산,16,865
2024-09,민간,민간분양,대구,2,310
2024-09,민간,민간분양,광주,3,208
2024-09,민간,민간분양,대전,18,057
2024-09,민간,민간분양,울산,2,798
2024-09,민간,민간분양,세종,2,322
2024-09,민간,민간분양,강원,8,894
2024-09,민간,민간분양,충북,8,104
2024-09,민간,민간분양,충남,21,062
2024-09,민간,민간분양,전북,3,568
2024-09,민간,민간분양,전남,4,266
2024-09,민간,민간분양,경북,10,519
2024-09,민간,민간분양,경남,13,673
2024-09,민간,민간분양,제주,2,120
2024-10,총  계,총  계,전국,244,512
2024-10,총  계,총  계,서울,26,452
2024-10,총  계,총  계,인천,13,400
2024-10,총  계,총  계,경기,61,525
2024-10,총  계,총  계,부산,23,407
2024-10,총  계,총  계,대구,2,325
2024-10,총  계,총  계,광주,3,673
2024-10,총  계,총  계,대전,21,534
2024-10,총  계,총  계,울산,4,197
2024-10,총  계,총  계,세종,3,442
2024-10,총  계,총  계,강원,10,754
2024-10,총  계,총  계,충북,11,413
2024-10,총  계,총  계,충남,23,227
2024-10,총  계,총  계,전북,5,085
2024-10,총  계,총  계,전남,4,638
2024-10,총  계,총  계,경북,11,599
2024-10,총  계,총  계,경남,15,409
2024-10,총  계,총  계,제주,2,432
2024-10,공공부문,공공부문,전국,6,973
2024-10,공공부문,공공부문,서울,525
2024-10,공공부문,공공부문,인천,1,616
2024-10,공공부문,공공부문,경기,1,394
2024-10,공공부문,공공부문,부산,1,213
2024-10,공공부문,공공부문,대구,0
2024-10,공공부문,공공부문,광주,0
2024-10,공공부문,공공부문,대전,0
2024-10,공공부문,공공부문,울산,881
2024-10,공공부문,공공부문,세종,0
2024-10,공공부문,공공부문,강원,80
2024-10,공공부문,공공부문,충북,80
2024-10,공공부문,공공부문,충남,969
2024-10,공공부문,공공부문,전북,44
2024-10,공공부문,공공부문,전남,0
2024-10,공공부문,공공부문,경북,0
2024-10,공공부문,공공부문,경남,99
2024-10,공공부문,공공부문,제주,72
2024-10,합,국민임대,전국,1,299
2024-10,합,국민임대,서울,83
2024-10,합,국민임대,인천,1,198
2024-10,합,국민임대,경기,0
2024-10,합,국민임대,부산,0
2024-10,합,국민임대,대구,0
2024-10,합,국민임대,광주,0
2024-10,합,국민임대,대전,0
2024-10,합,국민임대,울산,18
2024-10,합,국민임대,세종,0
2024-10,합,국민임대,강원,0
2024-10,합,국민임대,충북,0
2024-10,합,국민임대,충남,0
2024-10,합,국민임대,전북,0
2024-10,합,국민임대,전남,0
2024-10,합,국민임대,경북,0
2024-10,합,국민임대,경남,0
2024-10,합,국민임대,제주,0
2024-10,합,공공임대,전국,3,143
2024-10,합,공공임대,서울,442
2024-10,합,공공임대,인천,418
2024-10,합,공공임대,경기,691
2024-10,합,공공임대,부산,188
2024-10,합,공공임대,대구,0
2024-10,합,공공임대,광주,0
2024-10,합,공공임대,대전,0
2024-10,합,공공임대,울산,132
2024-10,합,공공임대,세종,0
2024-10,합,공공임대,강원,80
2024-10,합,공공임대,충북,80
2024-10,합,공공임대,충남,969
2024-10,합,공공임대,전북,44
2024-10,합,공공임대,전남,0
2024-10,합,공공임대,경북,0
2024-10,합,공공임대,경남,99
2024-10,합,공공임대,제주,0
2024-10,합,공공분양,전국,2,531
2024-10,합,공공분양,서울,0
2024-10,합,공공분양,인천,0
2024-10,합,공공분양,경기,703
2024-10,합,공공분양,부산,1,025
2024-10,합,공공분양,대구,0
2024-10,합,공공분양,광주,0
2024-10,합,공공분양,대전,0
2024-10,합,공공분양,울산,731
2024-10,합,공공분양,세종,0
2024-10,합,공공분양,강원,0
2024-10,합,공공분양,충북,0
2024-10,합,공공분양,충남,0
2024-10,합,공공분양,전북,0
2024-10,합,공공분양,전남,0
2024-10,합,공공분양,경북,0
2024-10,합,공공분양,경남,0
2024-10,합,공공분양,제주,72
2024-10,지자체,소계,전국,2,694
2024-10,지자체,소계,서울,322
2024-10,지자체,소계,인천,0
2024-10,지자체,소계,경기,0
2024-10,지자체,소계,부산,1,025
2024-10,지자체,소계,대구,0
2024-10,지자체,소계,광주,0
2024-10,지자체,소계,대전,0
2024-10,지자체,소계,울산,127
2024-10,지자체,소계,세종,0
2024-10,지자체,소계,강원,80
2024-10,지자체,소계,충북,0
2024-10,지자체,소계,충남,969
2024-10,지자체,소계,전북,0
2024-10,지자체,소계,전남,0
2024-10,지자체,소계,경북,0
2024-10,지자체,소계,경남,99
2024-10,지자체,소계,제주,72
2024-10,지자체,국민임대,전국,18
2024-10,지자체,국민임대,서울,0
2024-10,지자체,국민임대,인천,0
2024-10,지자체,국민임대,경기,0
2024-10,지자체,국민임대,부산,0
2024-10,지자체,국민임대,대구,0
2024-10,지자체,국민임대,광주,0
2024-10,지자체,국민임대,대전,0
2024-10,지자체,국민임대,울산,18
2024-10,지자체,국민임대,세종,0
2024-10,지자체,국민임대,강원,0
2024-10,지자체,국민임대,충북,0
2024-10,지자체,국민임대,충남,0
2024-10,지자체,국민임대,전북,0
2024-10,지자체,국민임대,전남,0
2024-10,지자체,국민임대,경북,0
2024-10,지자체,국민임대,경남,0
2024-10,지자체,국민임대,제주,0
2024-10,지자체,공공임대,전국,1,579
2024-10,지자체,공공임대,서울,322
2024-10,지자체,공공임대,인천,0
2024-10,지자체,공공임대,경기,0
2024-10,지자체,공공임대,부산,0
2024-10,지자체,공공임대,대구,0
2024-10,지자체,공공임대,광주,0
2024-10,지자체,공공임대,대전,0
2024-10,지자체,공공임대,울산,109
2024-10,지자체,공공임대,세종,0
2024-10,지자체,공공임대,강원,80
2024-10,지자체,공공임대,충북,0
2024-10,지자체,공공임대,충남,969
2024-10,지자체,공공임대,전북,0
2024-10,지자체,공공임대,전남,0
2024-10,지자체,공공임대,경북,0
2024-10,지자체,공공임대,경남,99
2024-10,지자체,공공임대,제주,0
2024-10,지자체,공공분양,전국,1,097
2024-10,지자체,공공분양,서울,0
2024-10,지자체,공공분양,인천,0
2024-10,지자체,공공분양,경기,0
2024-10,지자체,공공분양,부산,1,025
2024-10,지자체,공공분양,대구,0
2024-10,지자체,공공분양,광주,0
2024-10,지자체,공공분양,대전,0
2024-10,지자체,공공분양,울산,0
2024-10,지자체,공공분양,세종,0
2024-10,지자체,공공분양,강원,0
2024-10,지자체,공공분양,충북,0
2024-10,지자체,공공분양,충남,0
2024-10,지자체,공공분양,전북,0
2024-10,지자체,공공분양,전남,0
2024-10,지자체,공공분양,경북,0
2024-10,지자체,공공분양,경남,0
2024-10,지자체,공공분양,제주,72
2024-10,LH,소계,전국,2,807
2024-10,LH,소계,서울,0
2024-10,LH,소계,인천,1,198
2024-10,LH,소계,경기,610
2024-10,LH,소계,부산,188
2024-10,LH,소계,대구,0
2024-10,LH,소계,광주,0
2024-10,LH,소계,대전,0
2024-10,LH,소계,울산,731
2024-10,LH,소계,세종,0
2024-10,LH,소계,강원,0
2024-10,LH,소계,충북,80
2024-10,LH,소계,충남,0
2024-10,LH,소계,전북,0
2024-10,LH,소계,전남,0
2024-10,LH,소계,경북,0
2024-10,LH,소계,경남,0
2024-10,LH,소계,제주,0
2024-10,LH,국민임대,전국,1,198
2024-10,LH,국민임대,서울,0
2024-10,LH,국민임대,인천,1,198
2024-10,LH,국민임대,경기,0
2024-10,LH,국민임대,부산,0
2024-10,LH,국민임대,대구,0
2024-10,LH,국민임대,광주,0
2024-10,LH,국민임대,대전,0
2024-10,LH,국민임대,울산,0
2024-10,LH,국민임대,세종,0
2024-10,LH,국민임대,강원,0
2024-10,LH,국민임대,충북,0
2024-10,LH,국민임대,충남,0
2024-10,LH,국민임대,전북,0
2024-10,LH,국민임대,전남,0
2024-10,LH,국민임대,경북,0
2024-10,LH,국민임대,경남,0
2024-10,LH,국민임대,제주,0
2024-10,LH,공공임대,전국,878
2024-10,LH,공공임대,서울,0
2024-10,LH,공공임대,인천,0
2024-10,LH,공공임대,경기,610
2024-10,LH,공공임대,부산,188
2024-10,LH,공공임대,대구,0
2024-10,LH,공공임대,광주,0
2024-10,LH,공공임대,대전,0
2024-10,LH,공공임대,울산,0
2024-10,LH,공공임대,세종,0
2024-10,LH,공공임대,강원,0
2024-10,LH,공공임대,충북,80
2024-10,LH,공공임대,충남,0
2024-10,LH,공공임대,전북,0
2024-10,LH,공공임대,전남,0
2024-10,LH,공공임대,경북,0
2024-10,LH,공공임대,경남,0
2024-10,LH,공공임대,제주,0
2024-10,LH,공공분양,전국,731
2024-10,LH,공공분양,서울,0
2024-10,LH,공공분양,인천,0
2024-10,LH,공공분양,경기,0
2024-10,LH,공공분양,부산,0
2024-10,LH,공공분양,대구,0
2024-10,LH,공공분양,광주,0
2024-10,LH,공공분양,대전,0
2024-10,LH,공공분양,울산,731
2024-10,LH,공공분양,세종,0
2024-10,LH,공공분양,강원,0
2024-10,LH,공공분양,충북,0
2024-10,LH,공공분양,충남,0
2024-10,LH,공공분양,전북,0
2024-10,LH,공공분양,전남,0
2024-10,LH,공공분양,경북,0
2024-10,LH,공공분양,경남,0
2024-10,LH,공공분양,제주,0
2024-10,주택업체,소계,전국,1,472
2024-10,주택업체,소계,서울,203
2024-10,주택업체,소계,인천,418
2024-10,주택업체,소계,경기,784
2024-10,주택업체,소계,부산,0
2024-10,주택업체,소계,대구,0
2024-10,주택업체,소계,광주,0
2024-10,주택업체,소계,대전,0
2024-10,주택업체,소계,울산,23
2024-10,주택업체,소계,세종,0
2024-10,주택업체,소계,강원,0
2024-10,주택업체,소계,충북,0
2024-10,주택업체,소계,충남,0
2024-10,주택업체,소계,전북,44
2024-10,주택업체,소계,전남,0
2024-10,주택업체,소계,경북,0
2024-10,주택업체,소계,경남,0
2024-10,주택업체,소계,제주,0
2024-10,주택업체,국민임대,전국,83
2024-10,주택업체,국민임대,서울,83
2024-10,주택업체,국민임대,인천,0
2024-10,주택업체,국민임대,경기,0
2024-10,주택업체,국민임대,부산,0
2024-10,주택업체,국민임대,대구,0
2024-10,주택업체,국민임대,광주,0
2024-10,주택업체,국민임대,대전,0
2024-10,주택업체,국민임대,울산,0
2024-10,주택업체,국민임대,세종,0
2024-10,주택업체,국민임대,강원,0
2024-10,주택업체,국민임대,충북,0
2024-10,주택업체,국민임대,충남,0
2024-10,주택업체,국민임대,전북,0
2024-10,주택업체,국민임대,전남,0
2024-10,주택업체,국민임대,경북,0
2024-10,주택업체,국민임대,경남,0
2024-10,주택업체,국민임대,제주,0
2024-10,주택업체,공공임대,전국,686
2024-10,주택업체,공공임대,서울,120
2024-10,주택업체,공공임대,인천,418
2024-10,주택업체,공공임대,경기,81
2024-10,주택업체,공공임대,부산,0
2024-10,주택업체,공공임대,대구,0
2024-10,주택업체,공공임대,광주,0
2024-10,주택업체,공공임대,대전,0
2024-10,주택업체,공공임대,울산,23
2024-10,주택업체,공공임대,세종,0
2024-10,주택업체,공공임대,강원,0
2024-10,주택업체,공공임대,충북,0
2024-10,주택업체,공공임대,충남,0
2024-10,주택업체,공공임대,전북,44
2024-10,주택업체,공공임대,전남,0
2024-10,주택업체,공공임대,경북,0
2024-10,주택업체,공공임대,경남,0
2024-10,주택업체,공공임대,제주,0
2024-10,주택업체,공공분양,전국,703
2024-10,주택업체,공공분양,서울,0
2024-10,주택업체,공공분양,인천,0
2024-10,주택업체,공공분양,경기,703
2024-10,주택업체,공공분양,부산,0
2024-10,주택업체,공공분양,대구,0
2024-10,주택업체,공공분양,광주,0
2024-10,주택업체,공공분양,대전,0
2024-10,주택업체,공공분양,울산,0
2024-10,주택업체,공공분양,세종,0
2024-10,주택업체,공공분양,강원,0
2024-10,주택업체,공공분양,충북,0
2024-10,주택업체,공공분양,충남,0
2024-10,주택업체,공공분양,전북,0
2024-10,주택업체,공공분양,전남,0
2024-10,주택업체,공공분양,경북,0
2024-10,주택업체,공공분양,경남,0
2024-10,주택업체,공공분양,제주,0
2024-10,민간부문,민간부문,전국,237,539
2024-10,민간부문,민간부문,서울,25,927
2024-10,민간부문,민간부문,인천,11,784
2024-10,민간부문,민간부문,경기,60,131
2024-10,민간부문,민간부문,부산,22,194
2024-10,민간부문,민간부문,대구,2,325
2024-10,민간부문,민간부문,광주,3,673
2024-10,민간부문,민간부문,대전,21,534
2024-10,민간부문,민간부문,울산,3,316
2024-10,민간부문,민간부문,세종,3,442
2024-10,민간부문,민간부문,강원,10,674
2024-10,민간부문,민간부문,충북,11,333
2024-10,민간부문,민간부문,충남,22,258
2024-10,민간부문,민간부문,전북,5,041
2024-10,민간부문,민간부문,전남,4,638
2024-10,민간부문,민간부문,경북,11,599
2024-10,민간부문,민간부문,경남,15,310
2024-10,민간부문,민간부문,제주,2,360
2024-10,민간,민간임대,전국,13,995
2024-10,민간,민간임대,서울,2,533
2024-10,민간,민간임대,인천,1,875
2024-10,민간,민간임대,경기,2,019
2024-10,민간,민간임대,부산,886
2024-10,민간,민간임대,대구,0
2024-10,민간,민간임대,광주,460
2024-10,민간,민간임대,대전,0
2024-10,민간,민간임대,울산,301
2024-10,민간,민간임대,세종,1,110
2024-10,민간,민간임대,강원,0
2024-10,민간,민간임대,충북,2,220
2024-10,민간,민간임대,충남,0
2024-10,민간,민간임대,전북,1,243
2024-10,민간,민간임대,전남,128
2024-10,민간,민간임대,경북,736
2024-10,민간,민간임대,경남,440
2024-10,민간,민간임대,제주,44
2024-10,민간,민간분양,전국,223,544
2024-10,민간,민간분양,서울,23,394
2024-10,민간,민간분양,인천,9,909
2024-10,민간,민간분양,경기,58,112
2024-10,민간,민간분양,부산,21,308
2024-10,민간,민간분양,대구,2,325
2024-10,민간,민간분양,광주,3,213
2024-10,민간,민간분양,대전,21,534
2024-10,민간,민간분양,울산,3,015
2024-10,민간,민간분양,세종,2,332
2024-10,민간,민간분양,강원,10,674
2024-10,민간,민간분양,충북,9,113
2024-10,민간,민간분양,충남,22,258
2024-10,민간,민간분양,전북,3,798
2024-10,민간,민간분양,전남,4,510
2024-10,민간,민간분양,경북,10,863
2024-10,민간,민간분양,경남,14,870
2024-10,민간,민간분양,제주,2,316
2024-11,총  계,총  계,전국,275,789
2024-11,총  계,총  계,서울,33,011
2024-11,총  계,총  계,인천,13,628
2024-11,총  계,총  계,경기,67,903
2024-11,총  계,총  계,부산,25,159
2024-11,총  계,총  계,대구,3,213
2024-11,총  계,총  계,광주,3,898
2024-11,총  계,총  계,대전,23,037
2024-11,총  계,총  계,울산,4,220
2024-11,총  계,총  계,세종,3,499
2024-11,총  계,총  계,강원,12,439
2024-11,총  계,총  계,충북,16,027
2024-11,총  계,총  계,충남,24,553
2024-11,총  계,총  계,전북,5,304
2024-11,총  계,총  계,전남,5,132
2024-11,총  계,총  계,경북,16,660
2024-11,총  계,총  계,경남,15,571
2024-11,총  계,총  계,제주,2,535
2024-11,공공부문,공공부문,전국,10,048
2024-11,공공부문,공공부문,서울,525
2024-11,공공부문,공공부문,인천,1,696
2024-11,공공부문,공공부문,경기,1,394
2024-11,공공부문,공공부문,부산,2,583
2024-11,공공부문,공공부문,대구,0
2024-11,공공부문,공공부문,광주,0
2024-11,공공부문,공공부문,대전,673
2024-11,공공부문,공공부문,울산,881
2024-11,공공부문,공공부문,세종,0
2024-11,공공부문,공공부문,강원,327
2024-11,공공부문,공공부문,충북,587
2024-11,공공부문,공공부문,충남,969
2024-11,공공부문,공공부문,전북,132
2024-11,공공부문,공공부문,전남,0
2024-11,공공부문,공공부문,경북,110
2024-11,공공부문,공공부문,경남,99
2024-11,공공부문,공공부문,제주,72
2024-11,합,국민임대,전국,1,379
2024-11,합,국민임대,서울,83
2024-11,합,국민임대,인천,1,278
2024-11,합,국민임대,경기,0
2024-11,합,국민임대,부산,0
2024-11,합,국민임대,대구,0
2024-11,합,국민임대,광주,0
2024-11,합,국민임대,대전,0
2024-11,합,국민임대,울산,18
2024-11,합,국민임대,세종,0
2024-11,합,국민임대,강원,0
2024-11,합,국민임대,충북,0
2024-11,합,국민임대,충남,0
2024-11,합,국민임대,전북,0
2024-11,합,국민임대,전남,0
2024-11,합,국민임대,경북,0
2024-11,합,국민임대,경남,0
2024-11,합,국민임대,제주,0
2024-11,합,공공임대,전국,4,193
2024-11,합,공공임대,서울,442
2024-11,합,공공임대,인천,418
2024-11,합,공공임대,경기,691
2024-11,합,공공임대,부산,188
2024-11,합,공공임대,대구,0
2024-11,합,공공임대,광주,0
2024-11,합,공공임대,대전,98
2024-11,합,공공임대,울산,132
2024-11,합,공공임대,세종,0
2024-11,합,공공임대,강원,327
2024-11,합,공공임대,충북,587
2024-11,합,공공임대,충남,969
2024-11,합,공공임대,전북,132
2024-11,합,공공임대,전남,0
2024-11,합,공공임대,경북,110
2024-11,합,공공임대,경남,99
2024-11,합,공공임대,제주,0
2024-11,합,공공분양,전국,4,476
2024-11,합,공공분양,서울,0
2024-11,합,공공분양,인천,0
2024-11,합,공공분양,경기,703
2024-11,합,공공분양,부산,2,395
2024-11,합,공공분양,대구,0
2024-11,합,공공분양,광주,0
2024-11,합,공공분양,대전,575
2024-11,합,공공분양,울산,731
2024-11,합,공공분양,세종,0
2024-11,합,공공분양,강원,0
2024-11,합,공공분양,충북,0
2024-11,합,공공분양,충남,0
2024-11,합,공공분양,전북,0
2024-11,합,공공분양,전남,0
2024-11,합,공공분양,경북,0
2024-11,합,공공분양,경남,0
2024-11,합,공공분양,제주,72
2024-11,지자체,소계,전국,4,144
2024-11,지자체,소계,서울,322
2024-11,지자체,소계,인천,80
2024-11,지자체,소계,경기,0
2024-11,지자체,소계,부산,2,395
2024-11,지자체,소계,대구,0
2024-11,지자체,소계,광주,0
2024-11,지자체,소계,대전,0
2024-11,지자체,소계,울산,127
2024-11,지자체,소계,세종,0
2024-11,지자체,소계,강원,80
2024-11,지자체,소계,충북,0
2024-11,지자체,소계,충남,969
2024-11,지자체,소계,전북,0
2024-11,지자체,소계,전남,0
2024-11,지자체,소계,경북,0
2024-11,지자체,소계,경남,99
2024-11,지자체,소계,제주,72
2024-11,지자체,국민임대,전국,98
2024-11,지자체,국민임대,서울,0
2024-11,지자체,국민임대,인천,80
2024-11,지자체,국민임대,경기,0
2024-11,지자체,국민임대,부산,0
2024-11,지자체,국민임대,대구,0
2024-11,지자체,국민임대,광주,0
2024-11,지자체,국민임대,대전,0
2024-11,지자체,국민임대,울산,18
2024-11,지자체,국민임대,세종,0
2024-11,지자체,국민임대,강원,0
2024-11,지자체,국민임대,충북,0
2024-11,지자체,국민임대,충남,0
2024-11,지자체,국민임대,전북,0
2024-11,지자체,국민임대,전남,0
2024-11,지자체,국민임대,경북,0
2024-11,지자체,국민임대,경남,0
2024-11,지자체,국민임대,제주,0
2024-11,지자체,공공임대,전국,1,579
2024-11,지자체,공공임대,서울,322
2024-11,지자체,공공임대,인천,0
2024-11,지자체,공공임대,경기,0
2024-11,지자체,공공임대,부산,0
2024-11,지자체,공공임대,대구,0
2024-11,지자체,공공임대,광주,0
2024-11,지자체,공공임대,대전,0
2024-11,지자체,공공임대,울산,109
2024-11,지자체,공공임대,세종,0
2024-11,지자체,공공임대,강원,80
2024-11,지자체,공공임대,충북,0
2024-11,지자체,공공임대,충남,969
2024-11,지자체,공공임대,전북,0
2024-11,지자체,공공임대,전남,0
2024-11,지자체,공공임대,경북,0
2024-11,지자체,공공임대,경남,99
2024-11,지자체,공공임대,제주,0
2024-11,지자체,공공분양,전국,2,467
2024-11,지자체,공공분양,서울,0
2024-11,지자체,공공분양,인천,0
2024-11,지자체,공공분양,경기,0
2024-11,지자체,공공분양,부산,2,395
2024-11,지자체,공공분양,대구,0
2024-11,지자체,공공분양,광주,0
2024-11,지자체,공공분양,대전,0
2024-11,지자체,공공분양,울산,0
2024-11,지자체,공공분양,세종,0
2024-11,지자체,공공분양,강원,0
2024-11,지자체,공공분양,충북,0
2024-11,지자체,공공분양,충남,0
2024-11,지자체,공공분양,전북,0
2024-11,지자체,공공분양,전남,0
2024-11,지자체,공공분양,경북,0
2024-11,지자체,공공분양,경남,0
2024-11,지자체,공공분양,제주,72
2024-11,LH,소계,전국,4,432
2024-11,LH,소계,서울,0
2024-11,LH,소계,인천,1,198
2024-11,LH,소계,경기,610
2024-11,LH,소계,부산,188
2024-11,LH,소계,대구,0
2024-11,LH,소계,광주,0
2024-11,LH,소계,대전,673
2024-11,LH,소계,울산,731
2024-11,LH,소계,세종,0
2024-11,LH,소계,강원,247
2024-11,LH,소계,충북,587
2024-11,LH,소계,충남,0
2024-11,LH,소계,전북,88
2024-11,LH,소계,전남,0
2024-11,LH,소계,경북,110
2024-11,LH,소계,경남,0
2024-11,LH,소계,제주,0
2024-11,LH,국민임대,전국,1,198
2024-11,LH,국민임대,서울,0
2024-11,LH,국민임대,인천,1,198
2024-11,LH,국민임대,경기,0
2024-11,LH,국민임대,부산,0
2024-11,LH,국민임대,대구,0
2024-11,LH,국민임대,광주,0
2024-11,LH,국민임대,대전,0
2024-11,LH,국민임대,울산,0
2024-11,LH,국민임대,세종,0
2024-11,LH,국민임대,강원,0
2024-11,LH,국민임대,충북,0
2024-11,LH,국민임대,충남,0
2024-11,LH,국민임대,전북,0
2024-11,LH,국민임대,전남,0
2024-11,LH,국민임대,경북,0
2024-11,LH,국민임대,경남,0
2024-11,LH,국민임대,제주,0
2024-11,LH,공공임대,전국,1,928
2024-11,LH,공공임대,서울,0
2024-11,LH,공공임대,인천,0
2024-11,LH,공공임대,경기,610
2024-11,LH,공공임대,부산,188
2024-11,LH,공공임대,대구,0
2024-11,LH,공공임대,광주,0
2024-11,LH,공공임대,대전,98
2024-11,LH,공공임대,울산,0
2024-11,LH,공공임대,세종,0
2024-11,LH,공공임대,강원,247
2024-11,LH,공공임대,충북,587
2024-11,LH,공공임대,충남,0
2024-11,LH,공공임대,전북,88
2024-11,LH,공공임대,전남,0
2024-11,LH,공공임대,경북,110
2024-11,LH,공공임대,경남,0
2024-11,LH,공공임대,제주,0
2024-11,LH,공공분양,전국,1,306
2024-11,LH,공공분양,서울,0
2024-11,LH,공공분양,인천,0
2024-11,LH,공공분양,경기,0
2024-11,LH,공공분양,부산,0
2024-11,LH,공공분양,대구,0
2024-11,LH,공공분양,광주,0
2024-11,LH,공공분양,대전,575
2024-11,LH,공공분양,울산,731
2024-11,LH,공공분양,세종,0
2024-11,LH,공공분양,강원,0
2024-11,LH,공공분양,충북,0
2024-11,LH,공공분양,충남,0
2024-11,LH,공공분양,전북,0
2024-11,LH,공공분양,전남,0
2024-11,LH,공공분양,경북,0
2024-11,LH,공공분양,경남,0
2024-11,LH,공공분양,제주,0
2024-11,주택업체,소계,전국,1,472
2024-11,주택업체,소계,서울,203
2024-11,주택업체,소계,인천,418
2024-11,주택업체,소계,경기,784
2024-11,주택업체,소계,부산,0
2024-11,주택업체,소계,대구,0
2024-11,주택업체,소계,광주,0
2024-11,주택업체,소계,대전,0
2024-11,주택업체,소계,울산,23
2024-11,주택업체,소계,세종,0
2024-11,주택업체,소계,강원,0
2024-11,주택업체,소계,충북,0
2024-11,주택업체,소계,충남,0
2024-11,주택업체,소계,전북,44
2024-11,주택업체,소계,전남,0
2024-11,주택업체,소계,경북,0
2024-11,주택업체,소계,경남,0
2024-11,주택업체,소계,제주,0
2024-11,주택업체,국민임대,전국,83
2024-11,주택업체,국민임대,서울,83
2024-11,주택업체,국민임대,인천,0
2024-11,주택업체,국민임대,경기,0
2024-11,주택업체,국민임대,부산,0
2024-11,주택업체,국민임대,대구,0
2024-11,주택업체,국민임대,광주,0
2024-11,주택업체,국민임대,대전,0
2024-11,주택업체,국민임대,울산,0
2024-11,주택업체,국민임대,세종,0
2024-11,주택업체,국민임대,강원,0
2024-11,주택업체,국민임대,충북,0
2024-11,주택업체,국민임대,충남,0
2024-11,주택업체,국민임대,전북,0
2024-11,주택업체,국민임대,전남,0
2024-11,주택업체,국민임대,경북,0
2024-11,주택업체,국민임대,경남,0
2024-11,주택업체,국민임대,제주,0
2024-11,주택업체,공공임대,전국,686
2024-11,주택업체,공공임대,서울,120
2024-11,주택업체,공공임대,인천,418
2024-11,주택업체,공공임대,경기,81
2024-11,주택업체,공공임대,부산,0
2024-11,주택업체,공공임대,대구,0
2024-11,주택업체,공공임대,광주,0
2024-11,주택업체,공공임대,대전,0
2024-11,주택업체,공공임대,울산,23
2024-11,주택업체,공공임대,세종,0
2024-11,주택업체,공공임대,강원,0
2024-11,주택업체,공공임대,충북,0
2024-11,주택업체,공공임대,충남,0
2024-11,주택업체,공공임대,전북,44
2024-11,주택업체,공공임대,전남,0
2024-11,주택업체,공공임대,경북,0
2024-11,주택업체,공공임대,경남,0
2024-11,주택업체,공공임대,제주,0
2024-11,주택업체,공공분양,전국,703
2024-11,주택업체,공공분양,서울,0
2024-11,주택업체,공공분양,인천,0
2024-11,주택업체,공공분양,경기,703
2024-11,주택업체,공공분양,부산,0
2024-11,주택업체,공공분양,대구,0
2024-11,주택업체,공공분양,광주,0
2024-11,주택업체,공공분양,대전,0
2024-11,주택업체,공공분양,울산,0
2024-11,주택업체,공공분양,세종,0
2024-11,주택업체,공공분양,강원,0
2024-11,주택업체,공공분양,충북,0
2024-11,주택업체,공공분양,충남,0
2024-11,주택업체,공공분양,전북,0
2024-11,주택업체,공공분양,전남,0
2024-11,주택업체,공공분양,경북,0
2024-11,주택업체,공공분양,경남,0
2024-11,주택업체,공공분양,제주,0
2024-11,민간부문,민간부문,전국,265,741
2024-11,민간부문,민간부문,서울,32,486
2024-11,민간부문,민간부문,인천,11,932
2024-11,민간부문,민간부문,경기,66,509
2024-11,민간부문,민간부문,부산,22,576
2024-11,민간부문,민간부문,대구,3,213
2024-11,민간부문,민간부문,광주,3,898
2024-11,민간부문,민간부문,대전,22,364
2024-11,민간부문,민간부문,울산,3,339
2024-11,민간부문,민간부문,세종,3,499
2024-11,민간부문,민간부문,강원,12,112
2024-11,민간부문,민간부문,충북,15,440
2024-11,민간부문,민간부문,충남,23,584
2024-11,민간부문,민간부문,전북,5,172
2024-11,민간부문,민간부문,전남,5,132
2024-11,민간부문,민간부문,경북,16,550
2024-11,민간부문,민간부문,경남,15,472
2024-11,민간부문,민간부문,제주,2,463
2024-11,민간,민간임대,전국,14,997
2024-11,민간,민간임대,서울,2,533
2024-11,민간,민간임대,인천,1,875
2024-11,민간,민간임대,경기,2,619
2024-11,민간,민간임대,부산,886
2024-11,민간,민간임대,대구,0
2024-11,민간,민간임대,광주,622
2024-11,민간,민간임대,대전,0
2024-11,민간,민간임대,울산,301
2024-11,민간,민간임대,세종,1,110
2024-11,민간,민간임대,강원,0
2024-11,민간,민간임대,충북,2,220
2024-11,민간,민간임대,충남,0
2024-11,민간,민간임대,전북,1,243
2024-11,민간,민간임대,전남,368
2024-11,민간,민간임대,경북,736
2024-11,민간,민간임대,경남,440
2024-11,민간,민간임대,제주,44
2024-11,민간,민간분양,전국,250,744
2024-11,민간,민간분양,서울,29,953
2024-11,민간,민간분양,인천,10,057
2024-11,민간,민간분양,경기,63,890
2024-11,민간,민간분양,부산,21,690
2024-11,민간,민간분양,대구,3,213
2024-11,민간,민간분양,광주,3,276
2024-11,민간,민간분양,대전,22,364
2024-11,민간,민간분양,울산,3,038
2024-11,민간,민간분양,세종,2,389
2024-11,민간,민간분양,강원,12,112
2024-11,민간,민간분양,충북,13,220
2024-11,민간,민간분양,충남,23,584
2024-11,민간,민간분양,전북,3,929
2024-11,민간,민간분양,전남,4,764
2024-11,민간,민간분양,경북,15,814
2024-11,민간,민간분양,경남,15,032
2024-11,민간,민간분양,제주,2,419
2024-12,총  계,총  계,전국,435,234
2024-12,총  계,총  계,서울,51,452
2024-12,총  계,총  계,인천,21,428
2024-12,총  계,총  계,경기,161,203
2024-12,총  계,총  계,부산,29,395
2024-12,총  계,총  계,대구,3,223
2024-12,총  계,총  계,광주,5,754
2024-12,총  계,총  계,대전,28,340
2024-12,총  계,총  계,울산,4,852
2024-12,총  계,총  계,세종,9,039
2024-12,총  계,총  계,강원,13,572
2024-12,총  계,총  계,충북,19,838
2024-12,총  계,총  계,충남,29,574
2024-12,총  계,총  계,전북,7,375
2024-12,총  계,총  계,전남,5,727
2024-12,총  계,총  계,경북,19,247
2024-12,총  계,총  계,경남,21,939
2024-12,총  계,총  계,제주,3,276
2024-12,공공부문,공공부문,전국,131,017
2024-12,공공부문,공공부문,서울,17,562
2024-12,공공부문,공공부문,인천,6,681
2024-12,공공부문,공공부문,경기,81,647
2024-12,공공부문,공공부문,부산,2,583
2024-12,공공부문,공공부문,대구,0
2024-12,공공부문,공공부문,광주,1,494
2024-12,공공부문,공공부문,대전,3,757
2024-12,공공부문,공공부문,울산,1,359
2024-12,공공부문,공공부문,세종,5,535
2024-12,공공부문,공공부문,강원,475
2024-12,공공부문,공공부문,충북,1,011
2024-12,공공부문,공공부문,충남,2,430
2024-12,공공부문,공공부문,전북,352
2024-12,공공부문,공공부문,전남,30
2024-12,공공부문,공공부문,경북,1,788
2024-12,공공부문,공공부문,경남,3,891
2024-12,공공부문,공공부문,제주,422
2024-12,합,국민임대,전국,1,434
2024-12,합,국민임대,서울,138
2024-12,합,국민임대,인천,1,278
2024-12,합,국민임대,경기,0
2024-12,합,국민임대,부산,0
2024-12,합,국민임대,대구,0
2024-12,합,국민임대,광주,0
2024-12,합,국민임대,대전,0
2024-12,합,국민임대,울산,18
2024-12,합,국민임대,세종,0
2024-12,합,국민임대,강원,0
2024-12,합,국민임대,충북,0
2024-12,합,국민임대,충남,0
2024-12,합,국민임대,전북,0
2024-12,합,국민임대,전남,0
2024-12,합,국민임대,경북,0
2024-12,합,국민임대,경남,0
2024-12,합,국민임대,제주,0
2024-12,합,공공임대,전국,57,806
2024-12,합,공공임대,서울,3,618
2024-12,합,공공임대,인천,1,906
2024-12,합,공공임대,경기,38,276
2024-12,합,공공임대,부산,188
2024-12,합,공공임대,대구,0
2024-12,합,공공임대,광주,768
2024-12,합,공공임대,대전,1,166
2024-12,합,공공임대,울산,610
2024-12,합,공공임대,세종,4,073
2024-12,합,공공임대,강원,475
2024-12,합,공공임대,충북,587
2024-12,합,공공임대,충남,1,306
2024-12,합,공공임대,전북,352
2024-12,합,공공임대,전남,30
2024-12,합,공공임대,경북,1,359
2024-12,합,공공임대,경남,2,742
2024-12,합,공공임대,제주,350
2024-12,합,공공분양,전국,71,777
2024-12,합,공공분양,서울,13,806
2024-12,합,공공분양,인천,3,497
2024-12,합,공공분양,경기,43,371
2024-12,합,공공분양,부산,2,395
2024-12,합,공공분양,대구,0
2024-12,합,공공분양,광주,726
2024-12,합,공공분양,대전,2,591
2024-12,합,공공분양,울산,731
2024-12,합,공공분양,세종,1,462
2024-12,합,공공분양,강원,0
2024-12,합,공공분양,충북,424
2024-12,합,공공분양,충남,1,124
2024-12,합,공공분양,전북,0
2024-12,합,공공분양,전남,0
2024-12,합,공공분양,경북,429
2024-12,합,공공분양,경남,1,149
2024-12,합,공공분양,제주,72
2024-12,지자체,소계,전국,16,740
2024-12,지자체,소계,서울,2,802
2024-12,지자체,소계,인천,3,577
2024-12,지자체,소계,경기,6,570
2024-12,지자체,소계,부산,2,395
2024-12,지자체,소계,대구,0
2024-12,지자체,소계,광주,0
2024-12,지자체,소계,대전,0
2024-12,지자체,소계,울산,127
2024-12,지자체,소계,세종,0
2024-12,지자체,소계,강원,80
2024-12,지자체,소계,충북,0
2024-12,지자체,소계,충남,988
2024-12,지자체,소계,전북,0
2024-12,지자체,소계,전남,30
2024-12,지자체,소계,경북,0
2024-12,지자체,소계,경남,99
2024-12,지자체,소계,제주,72
2024-12,지자체,국민임대,전국,98
2024-12,지자체,국민임대,서울,0
2024-12,지자체,국민임대,인천,80
2024-12,지자체,국민임대,경기,0
2024-12,지자체,국민임대,부산,0
2024-12,지자체,국민임대,대구,0
2024-12,지자체,국민임대,광주,0
2024-12,지자체,국민임대,대전,0
2024-12,지자체,국민임대,울산,18
2024-12,지자체,국민임대,세종,0
2024-12,지자체,국민임대,강원,0
2024-12,지자체,국민임대,충북,0
2024-12,지자체,국민임대,충남,0
2024-12,지자체,국민임대,전북,0
2024-12,지자체,국민임대,전남,0
2024-12,지자체,국민임대,경북,0
2024-12,지자체,국민임대,경남,0
2024-12,지자체,국민임대,제주,0
2024-12,지자체,공공임대,전국,4,062
2024-12,지자체,공공임대,서울,1,562
2024-12,지자체,공공임대,인천,0
2024-12,지자체,공공임대,경기,1,194
2024-12,지자체,공공임대,부산,0
2024-12,지자체,공공임대,대구,0
2024-12,지자체,공공임대,광주,0
2024-12,지자체,공공임대,대전,0
2024-12,지자체,공공임대,울산,109
2024-12,지자체,공공임대,세종,0
2024-12,지자체,공공임대,강원,80
2024-12,지자체,공공임대,충북,0
2024-12,지자체,공공임대,충남,988
2024-12,지자체,공공임대,전북,0
2024-12,지자체,공공임대,전남,30
2024-12,지자체,공공임대,경북,0
2024-12,지자체,공공임대,경남,99
2024-12,지자체,공공임대,제주,0
2024-12,지자체,공공분양,전국,12,580
2024-12,지자체,공공분양,서울,1,240
2024-12,지자체,공공분양,인천,3,497
2024-12,지자체,공공분양,경기,5,376
2024-12,지자체,공공분양,부산,2,395
2024-12,지자체,공공분양,대구,0
2024-12,지자체,공공분양,광주,0
2024-12,지자체,공공분양,대전,0
2024-12,지자체,공공분양,울산,0
2024-12,지자체,공공분양,세종,0
2024-12,지자체,공공분양,강원,0
2024-12,지자체,공공분양,충북,0
2024-12,지자체,공공분양,충남,0
2024-12,지자체,공공분양,전북,0
2024-12,지자체,공공분양,전남,0
2024-12,지자체,공공분양,경북,0
2024-12,지자체,공공분양,경남,0
2024-12,지자체,공공분양,제주,72
2024-12,LH,소계,전국,110,945
2024-12,LH,소계,서울,14,251
2024-12,LH,소계,인천,1,198
2024-12,LH,소계,경기,74,293
2024-12,LH,소계,부산,188
2024-12,LH,소계,대구,0
2024-12,LH,소계,광주,1,494
2024-12,LH,소계,대전,3,757
2024-12,LH,소계,울산,1,143
2024-12,LH,소계,세종,5,535
2024-12,LH,소계,강원,395
2024-12,LH,소계,충북,1,011
2024-12,LH,소계,충남,1,442
2024-12,LH,소계,전북,308
2024-12,LH,소계,전남,0
2024-12,LH,소계,경북,1,788
2024-12,LH,소계,경남,3,792
2024-12,LH,소계,제주,350
2024-12,LH,국민임대,전국,1,198
2024-12,LH,국민임대,서울,0
2024-12,LH,국민임대,인천,1,198
2024-12,LH,국민임대,경기,0
2024-12,LH,국민임대,부산,0
2024-12,LH,국민임대,대구,0
2024-12,LH,국민임대,광주,0
2024-12,LH,국민임대,대전,0
2024-12,LH,국민임대,울산,0
2024-12,LH,국민임대,세종,0
2024-12,LH,국민임대,강원,0
2024-12,LH,국민임대,충북,0
2024-12,LH,국민임대,충남,0
2024-12,LH,국민임대,전북,0
2024-12,LH,국민임대,전남,0
2024-12,LH,국민임대,경북,0
2024-12,LH,국민임대,경남,0
2024-12,LH,국민임대,제주,0
2024-12,LH,공공임대,전국,51,253
2024-12,LH,공공임대,서울,1,685
2024-12,LH,공공임대,인천,0
2024-12,LH,공공임대,경기,37,001
2024-12,LH,공공임대,부산,188
2024-12,LH,공공임대,대구,0
2024-12,LH,공공임대,광주,768
2024-12,LH,공공임대,대전,1,166
2024-12,LH,공공임대,울산,412
2024-12,LH,공공임대,세종,4,073
2024-12,LH,공공임대,강원,395
2024-12,LH,공공임대,충북,587
2024-12,LH,공공임대,충남,318
2024-12,LH,공공임대,전북,308
2024-12,LH,공공임대,전남,0
2024-12,LH,공공임대,경북,1,359
2024-12,LH,공공임대,경남,2,643
2024-12,LH,공공임대,제주,350
2024-12,LH,공공분양,전국,58,494
2024-12,LH,공공분양,서울,12,566
2024-12,LH,공공분양,인천,0
2024-12,LH,공공분양,경기,37,292
2024-12,LH,공공분양,부산,0
2024-12,LH,공공분양,대구,0
2024-12,LH,공공분양,광주,726
2024-12,LH,공공분양,대전,2,591
2024-12,LH,공공분양,울산,731
2024-12,LH,공공분양,세종,1,462
2024-12,LH,공공분양,강원,0
2024-12,LH,공공분양,충북,424
2024-12,LH,공공분양,충남,1,124
2024-12,LH,공공분양,전북,0
2024-12,LH,공공분양,전남,0
2024-12,LH,공공분양,경북,429
2024-12,LH,공공분양,경남,1,149
2024-12,LH,공공분양,제주,0
2024-12,주택업체,소계,전국,3,332
2024-12,주택업체,소계,서울,509
2024-12,주택업체,소계,인천,1,906
2024-12,주택업체,소계,경기,784
2024-12,주택업체,소계,부산,0
2024-12,주택업체,소계,대구,0
2024-12,주택업체,소계,광주,0
2024-12,주택업체,소계,대전,0
2024-12,주택업체,소계,울산,89
2024-12,주택업체,소계,세종,0
2024-12,주택업체,소계,강원,0
2024-12,주택업체,소계,충북,0
2024-12,주택업체,소계,충남,0
2024-12,주택업체,소계,전북,44
2024-12,주택업체,소계,전남,0
2024-12,주택업체,소계,경북,0
2024-12,주택업체,소계,경남,0
2024-12,주택업체,소계,제주,0
2024-12,주택업체,국민임대,전국,138
2024-12,주택업체,국민임대,서울,138
2024-12,주택업체,국민임대,인천,0
2024-12,주택업체,국민임대,경기,0
2024-12,주택업체,국민임대,부산,0
2024-12,주택업체,국민임대,대구,0
2024-12,주택업체,국민임대,광주,0
2024-12,주택업체,국민임대,대전,0
2024-12,주택업체,국민임대,울산,0
2024-12,주택업체,국민임대,세종,0
2024-12,주택업체,국민임대,강원,0
2024-12,주택업체,국민임대,충북,0
2024-12,주택업체,국민임대,충남,0
2024-12,주택업체,국민임대,전북,0
2024-12,주택업체,국민임대,전남,0
2024-12,주택업체,국민임대,경북,0
2024-12,주택업체,국민임대,경남,0
2024-12,주택업체,국민임대,제주,0
2024-12,주택업체,공공임대,전국,2,491
2024-12,주택업체,공공임대,서울,371
2024-12,주택업체,공공임대,인천,1,906
2024-12,주택업체,공공임대,경기,81
2024-12,주택업체,공공임대,부산,0
2024-12,주택업체,공공임대,대구,0
2024-12,주택업체,공공임대,광주,0
2024-12,주택업체,공공임대,대전,0
2024-12,주택업체,공공임대,울산,89
2024-12,주택업체,공공임대,세종,0
2024-12,주택업체,공공임대,강원,0
2024-12,주택업체,공공임대,충북,0
2024-12,주택업체,공공임대,충남,0
2024-12,주택업체,공공임대,전북,44
2024-12,주택업체,공공임대,전남,0
2024-12,주택업체,공공임대,경북,0
2024-12,주택업체,공공임대,경남,0
2024-12,주택업체,공공임대,제주,0
2024-12,주택업체,공공분양,전국,703
2024-12,주택업체,공공분양,서울,0
2024-12,주택업체,공공분양,인천,0
2024-12,주택업체,공공분양,경기,703
2024-12,주택업체,공공분양,부산,0
2024-12,주택업체,공공분양,대구,0
2024-12,주택업체,공공분양,광주,0
2024-12,주택업체,공공분양,대전,0
2024-12,주택업체,공공분양,울산,0
2024-12,주택업체,공공분양,세종,0
2024-12,주택업체,공공분양,강원,0
2024-12,주택업체,공공분양,충북,0
2024-12,주택업체,공공분양,충남,0
2024-12,주택업체,공공분양,전북,0
2024-12,주택업체,공공분양,전남,0
2024-12,주택업체,공공분양,경북,0
2024-12,주택업체,공공분양,경남,0
2024-12,주택업체,공공분양,제주,0
2024-12,민간부문,민간부문,전국,304,217
2024-12,민간부문,민간부문,서울,33,890
2024-12,민간부문,민간부문,인천,14,747
2024-12,민간부문,민간부문,경기,79,556
2024-12,민간부문,민간부문,부산,26,812
2024-12,민간부문,민간부문,대구,3,223
2024-12,민간부문,민간부문,광주,4,260
2024-12,민간부문,민간부문,대전,24,583
2024-12,민간부문,민간부문,울산,3,493
2024-12,민간부문,민간부문,세종,3,504
2024-12,민간부문,민간부문,강원,13,097
2024-12,민간부문,민간부문,충북,18,827
2024-12,민간부문,민간부문,충남,27,144
2024-12,민간부문,민간부문,전북,7,023
2024-12,민간부문,민간부문,전남,5,697
2024-12,민간부문,민간부문,경북,17,459
2024-12,민간부문,민간부문,경남,18,048
2024-12,민간부문,민간부문,제주,2,854
2024-12,민간,민간임대,전국,17,593
2024-12,민간,민간임대,서울,2,533
2024-12,민간,민간임대,인천,1,875
2024-12,민간,민간임대,경기,2,619
2024-12,민간,민간임대,부산,886
2024-12,민간,민간임대,대구,0
2024-12,민간,민간임대,광주,622
2024-12,민간,민간임대,대전,0
2024-12,민간,민간임대,울산,301
2024-12,민간,민간임대,세종,1,110
2024-12,민간,민간임대,강원,0
2024-12,민간,민간임대,충북,3,442
2024-12,민간,민간임대,충남,663
2024-12,민간,민간임대,전북,1,243
2024-12,민간,민간임대,전남,649
2024-12,민간,민간임대,경북,982
2024-12,민간,민간임대,경남,440
2024-12,민간,민간임대,제주,228
2024-12,민간,민간분양,전국,286,624
2024-12,민간,민간분양,서울,31,357
2024-12,민간,민간분양,인천,12,872
2024-12,민간,민간분양,경기,76,937
2024-12,민간,민간분양,부산,25,926
2024-12,민간,민간분양,대구,3,223
2024-12,민간,민간분양,광주,3,638
2024-12,민간,민간분양,대전,24,583
2024-12,민간,민간분양,울산,3,192
2024-12,민간,민간분양,세종,2,394
2024-12,민간,민간분양,강원,13,097
2024-12,민간,민간분양,충북,15,385
2024-12,민간,민간분양,충남,26,481
2024-12,민간,민간분양,전북,5,780
2024-12,민간,민간분양,전남,5,048
2024-12,민간,민간분양,경북,16,477
2024-12,민간,민간분양,경남,17,608
2024-12,민간,민간분양,제주,2,626
2025-01,총  계,총  계,전국,22,393
2025-01,총  계,총  계,서울,2,878
2025-01,총  계,총  계,인천,1,326
2025-01,총  계,총  계,경기,10,998
2025-01,총  계,총  계,부산,196
2025-01,총  계,총  계,대구,7
2025-01,총  계,총  계,광주,253
2025-01,총  계,총  계,대전,9
2025-01,총  계,총  계,울산,553
2025-01,총  계,총  계,세종,7
2025-01,총  계,총  계,강원,554
2025-01,총  계,총  계,충북,893
2025-01,총  계,총  계,충남,2,023
2025-01,총  계,총  계,전북,53
2025-01,총  계,총  계,전남,1,697
2025-01,총  계,총  계,경북,155
2025-01,총  계,총  계,경남,683
2025-01,총  계,총  계,제주,108
2025-01,공공부문,공공부문,전국,462
2025-01,공공부문,공공부문,서울,82
2025-01,공공부문,공공부문,인천,0
2025-01,공공부문,공공부문,경기,360
2025-01,공공부문,공공부문,부산,0
2025-01,공공부문,공공부문,대구,0
2025-01,공공부문,공공부문,광주,0
2025-01,공공부문,공공부문,대전,0
2025-01,공공부문,공공부문,울산,0
2025-01,공공부문,공공부문,세종,0
2025-01,공공부문,공공부문,강원,20
2025-01,공공부문,공공부문,충북,0
2025-01,공공부문,공공부문,충남,0
2025-01,공공부문,공공부문,전북,0
2025-01,공공부문,공공부문,전남,0
2025-01,공공부문,공공부문,경북,0
2025-01,공공부문,공공부문,경남,0
2025-01,공공부문,공공부문,제주,0
2025-01,합,국민임대,전국,0
2025-01,합,국민임대,서울,0
2025-01,합,국민임대,인천,0
2025-01,합,국민임대,경기,0
2025-01,합,국민임대,부산,0
2025-01,합,국민임대,대구,0
2025-01,합,국민임대,광주,0
2025-01,합,국민임대,대전,0
2025-01,합,국민임대,울산,0
2025-01,합,국민임대,세종,0
2025-01,합,국민임대,강원,0
2025-01,합,국민임대,충북,0
2025-01,합,국민임대,충남,0
2025-01,합,국민임대,전북,0
2025-01,합,국민임대,전남,0
2025-01,합,국민임대,경북,0
2025-01,합,국민임대,경남,0
2025-01,합,국민임대,제주,0
2025-01,합,공공임대,전국,442
2025-01,합,공공임대,서울,82
2025-01,합,공공임대,인천,0
2025-01,합,공공임대,경기,360
2025-01,합,공공임대,부산,0
2025-01,합,공공임대,대구,0
2025-01,합,공공임대,광주,0
2025-01,합,공공임대,대전,0
2025-01,합,공공임대,울산,0
2025-01,합,공공임대,세종,0
2025-01,합,공공임대,강원,0
2025-01,합,공공임대,충북,0
2025-01,합,공공임대,충남,0
2025-01,합,공공임대,전북,0
2025-01,합,공공임대,전남,0
2025-01,합,공공임대,경북,0
2025-01,합,공공임대,경남,0
2025-01,합,공공임대,제주,0
2025-01,합,공공분양,전국,20
2025-01,합,공공분양,서울,0
2025-01,합,공공분양,인천,0
2025-01,합,공공분양,경기,0
2025-01,합,공공분양,부산,0
2025-01,합,공공분양,대구,0
2025-01,합,공공분양,광주,0
2025-01,합,공공분양,대전,0
2025-01,합,공공분양,울산,0
2025-01,합,공공분양,세종,0
2025-01,합,공공분양,강원,20
2025-01,합,공공분양,충북,0
2025-01,합,공공분양,충남,0
2025-01,합,공공분양,전북,0
2025-01,합,공공분양,전남,0
2025-01,합,공공분양,경북,0
2025-01,합,공공분양,경남,0
2025-01,합,공공분양,제주,0
2025-01,지자체,소계,전국,20
2025-01,지자체,소계,서울,0
2025-01,지자체,소계,인천,0
2025-01,지자체,소계,경기,0
2025-01,지자체,소계,부산,0
2025-01,지자체,소계,대구,0
2025-01,지자체,소계,광주,0
2025-01,지자체,소계,대전,0
2025-01,지자체,소계,울산,0
2025-01,지자체,소계,세종,0
2025-01,지자체,소계,강원,20
2025-01,지자체,소계,충북,0
2025-01,지자체,소계,충남,0
2025-01,지자체,소계,전북,0
2025-01,지자체,소계,전남,0
2025-01,지자체,소계,경북,0
2025-01,지자체,소계,경남,0
2025-01,지자체,소계,제주,0
2025-01,지자체,국민임대,전국,0
2025-01,지자체,국민임대,서울,0
2025-01,지자체,국민임대,인천,0
2025-01,지자체,국민임대,경기,0
2025-01,지자체,국민임대,부산,0
2025-01,지자체,국민임대,대구,0
2025-01,지자체,국민임대,광주,0
2025-01,지자체,국민임대,대전,0
2025-01,지자체,국민임대,울산,0
2025-01,지자체,국민임대,세종,0
2025-01,지자체,국민임대,강원,0
2025-01,지자체,국민임대,충북,0
2025-01,지자체,국민임대,충남,0
2025-01,지자체,국민임대,전북,0
2025-01,지자체,국민임대,전남,0
2025-01,지자체,국민임대,경북,0
2025-01,지자체,국민임대,경남,0
2025-01,지자체,국민임대,제주,0
2025-01,지자체,공공임대,전국,0
2025-01,지자체,공공임대,서울,0
2025-01,지자체,공공임대,인천,0
2025-01,지자체,공공임대,경기,0
2025-01,지자체,공공임대,부산,0
2025-01,지자체,공공임대,대구,0
2025-01,지자체,공공임대,광주,0
2025-01,지자체,공공임대,대전,0
2025-01,지자체,공공임대,울산,0
2025-01,지자체,공공임대,세종,0
2025-01,지자체,공공임대,강원,0
2025-01,지자체,공공임대,충북,0
2025-01,지자체,공공임대,충남,0
2025-01,지자체,공공임대,전북,0
2025-01,지자체,공공임대,전남,0
2025-01,지자체,공공임대,경북,0
2025-01,지자체,공공임대,경남,0
2025-01,지자체,공공임대,제주,0
2025-01,지자체,공공분양,전국,20
2025-01,지자체,공공분양,서울,0
2025-01,지자체,공공분양,인천,0
2025-01,지자체,공공분양,경기,0
2025-01,지자체,공공분양,부산,0
2025-01,지자체,공공분양,대구,0
2025-01,지자체,공공분양,광주,0
2025-01,지자체,공공분양,대전,0
2025-01,지자체,공공분양,울산,0
2025-01,지자체,공공분양,세종,0
2025-01,지자체,공공분양,강원,20
2025-01,지자체,공공분양,충북,0
2025-01,지자체,공공분양,충남,0
2025-01,지자체,공공분양,전북,0
2025-01,지자체,공공분양,전남,0
2025-01,지자체,공공분양,경북,0
2025-01,지자체,공공분양,경남,0
2025-01,지자체,공공분양,제주,0
2025-01,LH,소계,전국,360
2025-01,LH,소계,서울,0
2025-01,LH,소계,인천,0
2025-01,LH,소계,경기,360
2025-01,LH,소계,부산,0
2025-01,LH,소계,대구,0
2025-01,LH,소계,광주,0
2025-01,LH,소계,대전,0
2025-01,LH,소계,울산,0
2025-01,LH,소계,세종,0
2025-01,LH,소계,강원,0
2025-01,LH,소계,충북,0
2025-01,LH,소계,충남,0
2025-01,LH,소계,전북,0
2025-01,LH,소계,전남,0
2025-01,LH,소계,경북,0
2025-01,LH,소계,경남,0
2025-01,LH,소계,제주,0
2025-01,LH,국민임대,전국,0
2025-01,LH,국민임대,서울,0
2025-01,LH,국민임대,인천,0
2025-01,LH,국민임대,경기,0
2025-01,LH,국민임대,부산,0
2025-01,LH,국민임대,대구,0
2025-01,LH,국민임대,광주,0
2025-01,LH,국민임대,대전,0
2025-01,LH,국민임대,울산,0
2025-01,LH,국민임대,세종,0
2025-01,LH,국민임대,강원,0
2025-01,LH,국민임대,충북,0
2025-01,LH,국민임대,충남,0
2025-01,LH,국민임대,전북,0
2025-01,LH,국민임대,전남,0
2025-01,LH,국민임대,경북,0
2025-01,LH,국민임대,경남,0
2025-01,LH,국민임대,제주,0
2025-01,LH,공공임대,전국,360
2025-01,LH,공공임대,서울,0
2025-01,LH,공공임대,인천,0
2025-01,LH,공공임대,경기,360
2025-01,LH,공공임대,부산,0
2025-01,LH,공공임대,대구,0
2025-01,LH,공공임대,광주,0
2025-01,LH,공공임대,대전,0
2025-01,LH,공공임대,울산,0
2025-01,LH,공공임대,세종,0
2025-01,LH,공공임대,강원,0
2025-01,LH,공공임대,충북,0
2025-01,LH,공공임대,충남,0
2025-01,LH,공공임대,전북,0
2025-01,LH,공공임대,전남,0
2025-01,LH,공공임대,경북,0
2025-01,LH,공공임대,경남,0
2025-01,LH,공공임대,제주,0
2025-01,LH,공공분양,전국,0
2025-01,LH,공공분양,서울,0
2025-01,LH,공공분양,인천,0
2025-01,LH,공공분양,경기,0
2025-01,LH,공공분양,부산,0
2025-01,LH,공공분양,대구,0
2025-01,LH,공공분양,광주,0
2025-01,LH,공공분양,대전,0
2025-01,LH,공공분양,울산,0
2025-01,LH,공공분양,세종,0
2025-01,LH,공공분양,강원,0
2025-01,LH,공공분양,충북,0
2025-01,LH,공공분양,충남,0
2025-01,LH,공공분양,전북,0
2025-01,LH,공공분양,전남,0
2025-01,LH,공공분양,경북,0
2025-01,LH,공공분양,경남,0
2025-01,LH,공공분양,제주,0
2025-01,주택업체,소계,전국,82
2025-01,주택업체,소계,서울,82
2025-01,주택업체,소계,인천,0
2025-01,주택업체,소계,경기,0
2025-01,주택업체,소계,부산,0
2025-01,주택업체,소계,대구,0
2025-01,주택업체,소계,광주,0
2025-01,주택업체,소계,대전,0
2025-01,주택업체,소계,울산,0
2025-01,주택업체,소계,세종,0
2025-01,주택업체,소계,강원,0
2025-01,주택업체,소계,충북,0
2025-01,주택업체,소계,충남,0
2025-01,주택업체,소계,전북,0
2025-01,주택업체,소계,전남,0
2025-01,주택업체,소계,경북,0
2025-01,주택업체,소계,경남,0
2025-01,주택업체,소계,제주,0
2025-01,주택업체,국민임대,전국,0
2025-01,주택업체,국민임대,서울,0
2025-01,주택업체,국민임대,인천,0
2025-01,주택업체,국민임대,경기,0
2025-01,주택업체,국민임대,부산,0
2025-01,주택업체,국민임대,대구,0
2025-01,주택업체,국민임대,광주,0
2025-01,주택업체,국민임대,대전,0
2025-01,주택업체,국민임대,울산,0
2025-01,주택업체,국민임대,세종,0
2025-01,주택업체,국민임대,강원,0
2025-01,주택업체,국민임대,충북,0
2025-01,주택업체,국민임대,충남,0
2025-01,주택업체,국민임대,전북,0
2025-01,주택업체,국민임대,전남,0
2025-01,주택업체,국민임대,경북,0
2025-01,주택업체,국민임대,경남,0
2025-01,주택업체,국민임대,제주,0
2025-01,주택업체,공공임대,전국,82
2025-01,주택업체,공공임대,서울,82
2025-01,주택업체,공공임대,인천,0
2025-01,주택업체,공공임대,경기,0
2025-01,주택업체,공공임대,부산,0
2025-01,주택업체,공공임대,대구,0
2025-01,주택업체,공공임대,광주,0
2025-01,주택업체,공공임대,대전,0
2025-01,주택업체,공공임대,울산,0
2025-01,주택업체,공공임대,세종,0
2025-01,주택업체,공공임대,강원,0
2025-01,주택업체,공공임대,충북,0
2025-01,주택업체,공공임대,충남,0
2025-01,주택업체,공공임대,전북,0
2025-01,주택업체,공공임대,전남,0
2025-01,주택업체,공공임대,경북,0
2025-01,주택업체,공공임대,경남,0
2025-01,주택업체,공공임대,제주,0
2025-01,주택업체,공공분양,전국,0
2025-01,주택업체,공공분양,서울,0
2025-01,주택업체,공공분양,인천,0
2025-01,주택업체,공공분양,경기,0
2025-01,주택업체,공공분양,부산,0
2025-01,주택업체,공공분양,대구,0
2025-01,주택업체,공공분양,광주,0
2025-01,주택업체,공공분양,대전,0
2025-01,주택업체,공공분양,울산,0
2025-01,주택업체,공공분양,세종,0
2025-01,주택업체,공공분양,강원,0
2025-01,주택업체,공공분양,충북,0
2025-01,주택업체,공공분양,충남,0
2025-01,주택업체,공공분양,전북,0
2025-01,주택업체,공공분양,전남,0
2025-01,주택업체,공공분양,경북,0
2025-01,주택업체,공공분양,경남,0
2025-01,주택업체,공공분양,제주,0
2025-01,민간부문,민간부문,전국,21,931
2025-01,민간부문,민간부문,서울,2,796
2025-01,민간부문,민간부문,인천,1,326
2025-01,민간부문,민간부문,경기,10,638
2025-01,민간부문,민간부문,부산,196
2025-01,민간부문,민간부문,대구,7
2025-01,민간부문,민간부문,광주,253
2025-01,민간부문,민간부문,대전,9
2025-01,민간부문,민간부문,울산,553
2025-01,민간부문,민간부문,세종,7
2025-01,민간부문,민간부문,강원,534
2025-01,민간부문,민간부문,충북,893
2025-01,민간부문,민간부문,충남,2,023
2025-01,민간부문,민간부문,전북,53
2025-01,민간부문,민간부문,전남,1,697
2025-01,민간부문,민간부문,경북,155
2025-01,민간부문,민간부문,경남,683
2025-01,민간부문,민간부문,제주,108
2025-01,민간,민간임대,전국,1,688
2025-01,민간,민간임대,서울,190
2025-01,민간,민간임대,인천,0
2025-01,민간,민간임대,경기,0
2025-01,민간,민간임대,부산,0
2025-01,민간,민간임대,대구,0
2025-01,민간,민간임대,광주,0
2025-01,민간,민간임대,대전,0
2025-01,민간,민간임대,울산,48
2025-01,민간,민간임대,세종,0
2025-01,민간,민간임대,강원,448
2025-01,민간,민간임대,충북,689
2025-01,민간,민간임대,충남,0
2025-01,민간,민간임대,전북,0
2025-01,민간,민간임대,전남,313
2025-01,민간,민간임대,경북,0
2025-01,민간,민간임대,경남,0
2025-01,민간,민간임대,제주,0
2025-01,민간,민간분양,전국,20,243
2025-01,민간,민간분양,서울,2,606
2025-01,민간,민간분양,인천,1,326
2025-01,민간,민간분양,경기,10,638
2025-01,민간,민간분양,부산,196
2025-01,민간,민간분양,대구,7
2025-01,민간,민간분양,광주,253
2025-01,민간,민간분양,대전,9
2025-01,민간,민간분양,울산,505
2025-01,민간,민간분양,세종,7
2025-01,민간,민간분양,강원,86
2025-01,민간,민간분양,충북,204
2025-01,민간,민간분양,충남,2,023
2025-01,민간,민간분양,전북,53
2025-01,민간,민간분양,전남,1,384
2025-01,민간,민간분양,경북,155
2025-01,민간,민간분양,경남,683
2025-01,민간,민간분양,제주,108
2025-02,총  계,총  계,전국,34,788
2025-02,총  계,총  계,서울,7,699
2025-02,총  계,총  계,인천,1,799
2025-02,총  계,총  계,경기,12,639
2025-02,총  계,총  계,부산,3,067
2025-02,총  계,총  계,대구,25
2025-02,총  계,총  계,광주,611
2025-02,총  계,총  계,대전,16
2025-02,총  계,총  계,울산,571
2025-02,총  계,총  계,세종,12
2025-02,총  계,총  계,강원,701
2025-02,총  계,총  계,충북,1,249
2025-02,총  계,총  계,충남,2,457
2025-02,총  계,총  계,전북,132
2025-02,총  계,총  계,전남,1,846
2025-02,총  계,총  계,경북,940
2025-02,총  계,총  계,경남,781
2025-02,총  계,총  계,제주,243
2025-02,공공부문,공공부문,전국,2,187
2025-02,공공부문,공공부문,서울,1,807
2025-02,공공부문,공공부문,인천,0
2025-02,공공부문,공공부문,경기,360
2025-02,공공부문,공공부문,부산,0
2025-02,공공부문,공공부문,대구,0
2025-02,공공부문,공공부문,광주,0
2025-02,공공부문,공공부문,대전,0
2025-02,공공부문,공공부문,울산,0
2025-02,공공부문,공공부문,세종,0
2025-02,공공부문,공공부문,강원,20
2025-02,공공부문,공공부문,충북,0
2025-02,공공부문,공공부문,충남,0
2025-02,공공부문,공공부문,전북,0
2025-02,공공부문,공공부문,전남,0
2025-02,공공부문,공공부문,경북,0
2025-02,공공부문,공공부문,경남,0
2025-02,공공부문,공공부문,제주,0
2025-02,합,국민임대,전국,0
2025-02,합,국민임대,서울,0
2025-02,합,국민임대,인천,0
2025-02,합,국민임대,경기,0
2025-02,합,국민임대,부산,0
2025-02,합,국민임대,대구,0
2025-02,합,국민임대,광주,0
2025-02,합,국민임대,대전,0
2025-02,합,국민임대,울산,0
2025-02,합,국민임대,세종,0
2025-02,합,국민임대,강원,0
2025-02,합,국민임대,충북,0
2025-02,합,국민임대,충남,0
2025-02,합,국민임대,전북,0
2025-02,합,국민임대,전남,0
2025-02,합,국민임대,경북,0
2025-02,합,국민임대,경남,0
2025-02,합,국민임대,제주,0
2025-02,합,공공임대,전국,2,167
2025-02,합,공공임대,서울,1,807
2025-02,합,공공임대,인천,0
2025-02,합,공공임대,경기,360
2025-02,합,공공임대,부산,0
2025-02,합,공공임대,대구,0
2025-02,합,공공임대,광주,0
2025-02,합,공공임대,대전,0
2025-02,합,공공임대,울산,0
2025-02,합,공공임대,세종,0
2025-02,합,공공임대,강원,0
2025-02,합,공공임대,충북,0
2025-02,합,공공임대,충남,0
2025-02,합,공공임대,전북,0
2025-02,합,공공임대,전남,0
2025-02,합,공공임대,경북,0
2025-02,합,공공임대,경남,0
2025-02,합,공공임대,제주,0
2025-02,합,공공분양,전국,20
2025-02,합,공공분양,서울,0
2025-02,합,공공분양,인천,0
2025-02,합,공공분양,경기,0
2025-02,합,공공분양,부산,0
2025-02,합,공공분양,대구,0
2025-02,합,공공분양,광주,0
2025-02,합,공공분양,대전,0
2025-02,합,공공분양,울산,0
2025-02,합,공공분양,세종,0
2025-02,합,공공분양,강원,20
2025-02,합,공공분양,충북,0
2025-02,합,공공분양,충남,0
2025-02,합,공공분양,전북,0
2025-02,합,공공분양,전남,0
2025-02,합,공공분양,경북,0
2025-02,합,공공분양,경남,0
2025-02,합,공공분양,제주,0
2025-02,지자체,소계,전국,1,357
2025-02,지자체,소계,서울,1,337
2025-02,지자체,소계,인천,0
2025-02,지자체,소계,경기,0
2025-02,지자체,소계,부산,0
2025-02,지자체,소계,대구,0
2025-02,지자체,소계,광주,0
2025-02,지자체,소계,대전,0
2025-02,지자체,소계,울산,0
2025-02,지자체,소계,세종,0
2025-02,지자체,소계,강원,20
2025-02,지자체,소계,충북,0
2025-02,지자체,소계,충남,0
2025-02,지자체,소계,전북,0
2025-02,지자체,소계,전남,0
2025-02,지자체,소계,경북,0
2025-02,지자체,소계,경남,0
2025-02,지자체,소계,제주,0
2025-02,지자체,국민임대,전국,0
2025-02,지자체,국민임대,서울,0
2025-02,지자체,국민임대,인천,0
2025-02,지자체,국민임대,경기,0
2025-02,지자체,국민임대,부산,0
2025-02,지자체,국민임대,대구,0
2025-02,지자체,국민임대,광주,0
2025-02,지자체,국민임대,대전,0
2025-02,지자체,국민임대,울산,0
2025-02,지자체,국민임대,세종,0
2025-02,지자체,국민임대,강원,0
2025-02,지자체,국민임대,충북,0
2025-02,지자체,국민임대,충남,0
2025-02,지자체,국민임대,전북,0
2025-02,지자체,국민임대,전남,0
2025-02,지자체,국민임대,경북,0
2025-02,지자체,국민임대,경남,0
2025-02,지자체,국민임대,제주,0
2025-02,지자체,공공임대,전국,1,337
2025-02,지자체,공공임대,서울,1,337
2025-02,지자체,공공임대,인천,0
2025-02,지자체,공공임대,경기,0
2025-02,지자체,공공임대,부산,0
2025-02,지자체,공공임대,대구,0
2025-02,지자체,공공임대,광주,0
2025-02,지자체,공공임대,대전,0
2025-02,지자체,공공임대,울산,0
2025-02,지자체,공공임대,세종,0
2025-02,지자체,공공임대,강원,0
2025-02,지자체,공공임대,충북,0
2025-02,지자체,공공임대,충남,0
2025-02,지자체,공공임대,전북,0
2025-02,지자체,공공임대,전남,0
2025-02,지자체,공공임대,경북,0
2025-02,지자체,공공임대,경남,0
2025-02,지자체,공공임대,제주,0
2025-02,지자체,공공분양,전국,20
2025-02,지자체,공공분양,서울,0
2025-02,지자체,공공분양,인천,0
2025-02,지자체,공공분양,경기,0
2025-02,지자체,공공분양,부산,0
2025-02,지자체,공공분양,대구,0
2025-02,지자체,공공분양,광주,0
2025-02,지자체,공공분양,대전,0
2025-02,지자체,공공분양,울산,0
2025-02,지자체,공공분양,세종,0
2025-02,지자체,공공분양,강원,20
2025-02,지자체,공공분양,충북,0
2025-02,지자체,공공분양,충남,0
2025-02,지자체,공공분양,전북,0
2025-02,지자체,공공분양,전남,0
2025-02,지자체,공공분양,경북,0
2025-02,지자체,공공분양,경남,0
2025-02,지자체,공공분양,제주,0
2025-02,LH,소계,전국,360
2025-02,LH,소계,서울,0
2025-02,LH,소계,인천,0
2025-02,LH,소계,경기,360
2025-02,LH,소계,부산,0
2025-02,LH,소계,대구,0
2025-02,LH,소계,광주,0
2025-02,LH,소계,대전,0
2025-02,LH,소계,울산,0
2025-02,LH,소계,세종,0
2025-02,LH,소계,강원,0
2025-02,LH,소계,충북,0
2025-02,LH,소계,충남,0
2025-02,LH,소계,전북,0
2025-02,LH,소계,전남,0
2025-02,LH,소계,경북,0
2025-02,LH,소계,경남,0
2025-02,LH,소계,제주,0
2025-02,LH,국민임대,전국,0
2025-02,LH,국민임대,서울,0
2025-02,LH,국민임대,인천,0
2025-02,LH,국민임대,경기,0
2025-02,LH,국민임대,부산,0
2025-02,LH,국민임대,대구,0
2025-02,LH,국민임대,광주,0
2025-02,LH,국민임대,대전,0
2025-02,LH,국민임대,울산,0
2025-02,LH,국민임대,세종,0
2025-02,LH,국민임대,강원,0
2025-02,LH,국민임대,충북,0
2025-02,LH,국민임대,충남,0
2025-02,LH,국민임대,전북,0
2025-02,LH,국민임대,전남,0
2025-02,LH,국민임대,경북,0
2025-02,LH,국민임대,경남,0
2025-02,LH,국민임대,제주,0
2025-02,LH,공공임대,전국,360
2025-02,LH,공공임대,서울,0
2025-02,LH,공공임대,인천,0
2025-02,LH,공공임대,경기,360
2025-02,LH,공공임대,부산,0
2025-02,LH,공공임대,대구,0
2025-02,LH,공공임대,광주,0
2025-02,LH,공공임대,대전,0
2025-02,LH,공공임대,울산,0
2025-02,LH,공공임대,세종,0
2025-02,LH,공공임대,강원,0
2025-02,LH,공공임대,충북,0
2025-02,LH,공공임대,충남,0
2025-02,LH,공공임대,전북,0
2025-02,LH,공공임대,전남,0
2025-02,LH,공공임대,경북,0
2025-02,LH,공공임대,경남,0
2025-02,LH,공공임대,제주,0
2025-02,LH,공공분양,전국,0
2025-02,LH,공공분양,서울,0
2025-02,LH,공공분양,인천,0
2025-02,LH,공공분양,경기,0
2025-02,LH,공공분양,부산,0
2025-02,LH,공공분양,대구,0
2025-02,LH,공공분양,광주,0
2025-02,LH,공공분양,대전,0
2025-02,LH,공공분양,울산,0
2025-02,LH,공공분양,세종,0
2025-02,LH,공공분양,강원,0
2025-02,LH,공공분양,충북,0
2025-02,LH,공공분양,충남,0
2025-02,LH,공공분양,전북,0
2025-02,LH,공공분양,전남,0
2025-02,LH,공공분양,경북,0
2025-02,LH,공공분양,경남,0
2025-02,LH,공공분양,제주,0
2025-02,주택업체,소계,전국,470
2025-02,주택업체,소계,서울,470
2025-02,주택업체,소계,인천,0
2025-02,주택업체,소계,경기,0
2025-02,주택업체,소계,부산,0
2025-02,주택업체,소계,대구,0
2025-02,주택업체,소계,광주,0
2025-02,주택업체,소계,대전,0
2025-02,주택업체,소계,울산,0
2025-02,주택업체,소계,세종,0
2025-02,주택업체,소계,강원,0
2025-02,주택업체,소계,충북,0
2025-02,주택업체,소계,충남,0
2025-02,주택업체,소계,전북,0
2025-02,주택업체,소계,전남,0
2025-02,주택업체,소계,경북,0
2025-02,주택업체,소계,경남,0
2025-02,주택업체,소계,제주,0
2025-02,주택업체,국민임대,전국,0
2025-02,주택업체,국민임대,서울,0
2025-02,주택업체,국민임대,인천,0
2025-02,주택업체,국민임대,경기,0
2025-02,주택업체,국민임대,부산,0
2025-02,주택업체,국민임대,대구,0
2025-02,주택업체,국민임대,광주,0
2025-02,주택업체,국민임대,대전,0
2025-02,주택업체,국민임대,울산,0
2025-02,주택업체,국민임대,세종,0
2025-02,주택업체,국민임대,강원,0
2025-02,주택업체,국민임대,충북,0
2025-02,주택업체,국민임대,충남,0
2025-02,주택업체,국민임대,전북,0
2025-02,주택업체,국민임대,전남,0
2025-02,주택업체,국민임대,경북,0
2025-02,주택업체,국민임대,경남,0
2025-02,주택업체,국민임대,제주,0
2025-02,주택업체,공공임대,전국,470
2025-02,주택업체,공공임대,서울,470
2025-02,주택업체,공공임대,인천,0
2025-02,주택업체,공공임대,경기,0
2025-02,주택업체,공공임대,부산,0
2025-02,주택업체,공공임대,대구,0
2025-02,주택업체,공공임대,광주,0
2025-02,주택업체,공공임대,대전,0
2025-02,주택업체,공공임대,울산,0
2025-02,주택업체,공공임대,세종,0
2025-02,주택업체,공공임대,강원,0
2025-02,주택업체,공공임대,충북,0
2025-02,주택업체,공공임대,충남,0
2025-02,주택업체,공공임대,전북,0
2025-02,주택업체,공공임대,전남,0
2025-02,주택업체,공공임대,경북,0
2025-02,주택업체,공공임대,경남,0
2025-02,주택업체,공공임대,제주,0
2025-02,주택업체,공공분양,전국,0
2025-02,주택업체,공공분양,서울,0
2025-02,주택업체,공공분양,인천,0
2025-02,주택업체,공공분양,경기,0
2025-02,주택업체,공공분양,부산,0
2025-02,주택업체,공공분양,대구,0
2025-02,주택업체,공공분양,광주,0
2025-02,주택업체,공공분양,대전,0
2025-02,주택업체,공공분양,울산,0
2025-02,주택업체,공공분양,세종,0
2025-02,주택업체,공공분양,강원,0
2025-02,주택업체,공공분양,충북,0
2025-02,주택업체,공공분양,충남,0
2025-02,주택업체,공공분양,전북,0
2025-02,주택업체,공공분양,전남,0
2025-02,주택업체,공공분양,경북,0
2025-02,주택업체,공공분양,경남,0
2025-02,주택업체,공공분양,제주,0
2025-02,민간부문,민간부문,전국,32,601
2025-02,민간부문,민간부문,서울,5,892
2025-02,민간부문,민간부문,인천,1,799
2025-02,민간부문,민간부문,경기,12,279
2025-02,민간부문,민간부문,부산,3,067
2025-02,민간부문,민간부문,대구,25
2025-02,민간부문,민간부문,광주,611
2025-02,민간부문,민간부문,대전,16
2025-02,민간부문,민간부문,울산,571
2025-02,민간부문,민간부문,세종,12
2025-02,민간부문,민간부문,강원,681
2025-02,민간부문,민간부문,충북,1,249
2025-02,민간부문,민간부문,충남,2,457
2025-02,민간부문,민간부문,전북,132
2025-02,민간부문,민간부문,전남,1,846
2025-02,민간부문,민간부문,경북,940
2025-02,민간부문,민간부문,경남,781
2025-02,민간부문,민간부문,제주,243
2025-02,민간,민간임대,전국,2,819
2025-02,민간,민간임대,서울,236
2025-02,민간,민간임대,인천,0
2025-02,민간,민간임대,경기,0
2025-02,민간,민간임대,부산,121
2025-02,민간,민간임대,대구,0
2025-02,민간,민간임대,광주,352
2025-02,민간,민간임대,대전,0
2025-02,민간,민간임대,울산,48
2025-02,민간,민간임대,세종,0
2025-02,민간,민간임대,강원,448
2025-02,민간,민간임대,충북,689
2025-02,민간,민간임대,충남,0
2025-02,민간,민간임대,전북,0
2025-02,민간,민간임대,전남,313
2025-02,민간,민간임대,경북,612
2025-02,민간,민간임대,경남,0
2025-02,민간,민간임대,제주,0
2025-02,민간,민간분양,전국,29,782
2025-02,민간,민간분양,서울,5,656
2025-02,민간,민간분양,인천,1,799
2025-02,민간,민간분양,경기,12,279
2025-02,민간,민간분양,부산,2,946
2025-02,민간,민간분양,대구,25
2025-02,민간,민간분양,광주,259
2025-02,민간,민간분양,대전,16
2025-02,민간,민간분양,울산,523
2025-02,민간,민간분양,세종,12
2025-02,민간,민간분양,강원,233
2025-02,민간,민간분양,충북,560
2025-02,민간,민간분양,충남,2,457
2025-02,민간,민간분양,전북,132
2025-02,민간,민간분양,전남,1,533
2025-02,민간,민간분양,경북,328
2025-02,민간,민간분양,경남,781
2025-02,민간,민간분양,제주,243
2025-03,총  계,총  계,전국,67,153
2025-03,총  계,총  계,서울,14,930
2025-03,총  계,총  계,인천,2,135
2025-03,총  계,총  계,경기,21,596
2025-03,총  계,총  계,부산,8,396
2025-03,총  계,총  계,대구,43
2025-03,총  계,총  계,광주,623
2025-03,총  계,총  계,대전,3,118
2025-03,총  계,총  계,울산,1,045
2025-03,총  계,총  계,세종,23
2025-03,총  계,총  계,강원,1,188
2025-03,총  계,총  계,충북,2,072
2025-03,총  계,총  계,충남,2,602
2025-03,총  계,총  계,전북,2,802
2025-03,총  계,총  계,전남,2,077
2025-03,총  계,총  계,경북,2,605
2025-03,총  계,총  계,경남,1,538
2025-03,총  계,총  계,제주,360
2025-03,공공부문,공공부문,전국,4,995
2025-03,공공부문,공공부문,서울,2,320
2025-03,공공부문,공공부문,인천,0
2025-03,공공부문,공공부문,경기,1,788
2025-03,공공부문,공공부문,부산,0
2025-03,공공부문,공공부문,대구,0
2025-03,공공부문,공공부문,광주,0
2025-03,공공부문,공공부문,대전,46
2025-03,공공부문,공공부문,울산,0
2025-03,공공부문,공공부문,세종,0
2025-03,공공부문,공공부문,강원,20
2025-03,공공부문,공공부문,충북,0
2025-03,공공부문,공공부문,충남,0
2025-03,공공부문,공공부문,전북,736
2025-03,공공부문,공공부문,전남,60
2025-03,공공부문,공공부문,경북,0
2025-03,공공부문,공공부문,경남,25
2025-03,공공부문,공공부문,제주,0
2025-03,합,국민임대,전국,0
2025-03,합,국민임대,서울,0
2025-03,합,국민임대,인천,0
2025-03,합,국민임대,경기,0
2025-03,합,국민임대,부산,0
2025-03,합,국민임대,대구,0
2025-03,합,국민임대,광주,0
2025-03,합,국민임대,대전,0
2025-03,합,국민임대,울산,0
2025-03,합,국민임대,세종,0
2025-03,합,국민임대,강원,0
2025-03,합,국민임대,충북,0
2025-03,합,국민임대,충남,0
2025-03,합,국민임대,전북,0
2025-03,합,국민임대,전남,0
2025-03,합,국민임대,경북,0
2025-03,합,국민임대,경남,0
2025-03,합,국민임대,제주,0
2025-03,합,공공임대,전국,4,009
2025-03,합,공공임대,서울,2,059
2025-03,합,공공임대,인천,0
2025-03,합,공공임대,경기,1,083
2025-03,합,공공임대,부산,0
2025-03,합,공공임대,대구,0
2025-03,합,공공임대,광주,0
2025-03,합,공공임대,대전,46
2025-03,합,공공임대,울산,0
2025-03,합,공공임대,세종,0
2025-03,합,공공임대,강원,0
2025-03,합,공공임대,충북,0
2025-03,합,공공임대,충남,0
2025-03,합,공공임대,전북,736
2025-03,합,공공임대,전남,60
2025-03,합,공공임대,경북,0
2025-03,합,공공임대,경남,25
2025-03,합,공공임대,제주,0
2025-03,합,공공분양,전국,986
2025-03,합,공공분양,서울,261
2025-03,합,공공분양,인천,0
2025-03,합,공공분양,경기,705
2025-03,합,공공분양,부산,0
2025-03,합,공공분양,대구,0
2025-03,합,공공분양,광주,0
2025-03,합,공공분양,대전,0
2025-03,합,공공분양,울산,0
2025-03,합,공공분양,세종,0
2025-03,합,공공분양,강원,20
2025-03,합,공공분양,충북,0
2025-03,합,공공분양,충남,0
2025-03,합,공공분양,전북,0
2025-03,합,공공분양,전남,0
2025-03,합,공공분양,경북,0
2025-03,합,공공분양,경남,0
2025-03,합,공공분양,제주,0
2025-03,지자체,소계,전국,3,596
2025-03,지자체,소계,서울,1,337
2025-03,지자체,소계,인천,0
2025-03,지자체,소계,경기,1,428
2025-03,지자체,소계,부산,0
2025-03,지자체,소계,대구,0
2025-03,지자체,소계,광주,0
2025-03,지자체,소계,대전,0
2025-03,지자체,소계,울산,0
2025-03,지자체,소계,세종,0
2025-03,지자체,소계,강원,20
2025-03,지자체,소계,충북,0
2025-03,지자체,소계,충남,0
2025-03,지자체,소계,전북,736
2025-03,지자체,소계,전남,60
2025-03,지자체,소계,경북,0
2025-03,지자체,소계,경남,15
2025-03,지자체,소계,제주,0
2025-03,지자체,국민임대,전국,0
2025-03,지자체,국민임대,서울,0
2025-03,지자체,국민임대,인천,0
2025-03,지자체,국민임대,경기,0
2025-03,지자체,국민임대,부산,0
2025-03,지자체,국민임대,대구,0
2025-03,지자체,국민임대,광주,0
2025-03,지자체,국민임대,대전,0
2025-03,지자체,국민임대,울산,0
2025-03,지자체,국민임대,세종,0
2025-03,지자체,국민임대,강원,0
2025-03,지자체,국민임대,충북,0
2025-03,지자체,국민임대,충남,0
2025-03,지자체,국민임대,전북,0
2025-03,지자체,국민임대,전남,0
2025-03,지자체,국민임대,경북,0
2025-03,지자체,국민임대,경남,0
2025-03,지자체,국민임대,제주,0
2025-03,지자체,공공임대,전국,2,871
2025-03,지자체,공공임대,서울,1,337
2025-03,지자체,공공임대,인천,0
2025-03,지자체,공공임대,경기,723
2025-03,지자체,공공임대,부산,0
2025-03,지자체,공공임대,대구,0
2025-03,지자체,공공임대,광주,0
2025-03,지자체,공공임대,대전,0
2025-03,지자체,공공임대,울산,0
2025-03,지자체,공공임대,세종,0
2025-03,지자체,공공임대,강원,0
2025-03,지자체,공공임대,충북,0
2025-03,지자체,공공임대,충남,0
2025-03,지자체,공공임대,전북,736
2025-03,지자체,공공임대,전남,60
2025-03,지자체,공공임대,경북,0
2025-03,지자체,공공임대,경남,15
2025-03,지자체,공공임대,제주,0
2025-03,지자체,공공분양,전국,725
2025-03,지자체,공공분양,서울,0
2025-03,지자체,공공분양,인천,0
2025-03,지자체,공공분양,경기,705
2025-03,지자체,공공분양,부산,0
2025-03,지자체,공공분양,대구,0
2025-03,지자체,공공분양,광주,0
2025-03,지자체,공공분양,대전,0
2025-03,지자체,공공분양,울산,0
2025-03,지자체,공공분양,세종,0
2025-03,지자체,공공분양,강원,20
2025-03,지자체,공공분양,충북,0
2025-03,지자체,공공분양,충남,0
2025-03,지자체,공공분양,전북,0
2025-03,지자체,공공분양,전남,0
2025-03,지자체,공공분양,경북,0
2025-03,지자체,공공분양,경남,0
2025-03,지자체,공공분양,제주,0
2025-03,LH,소계,전국,741
2025-03,LH,소계,서울,381
2025-03,LH,소계,인천,0
2025-03,LH,소계,경기,360
2025-03,LH,소계,부산,0
2025-03,LH,소계,대구,0
2025-03,LH,소계,광주,0
2025-03,LH,소계,대전,0
2025-03,LH,소계,울산,0
2025-03,LH,소계,세종,0
2025-03,LH,소계,강원,0
2025-03,LH,소계,충북,0
2025-03,LH,소계,충남,0
2025-03,LH,소계,전북,0
2025-03,LH,소계,전남,0
2025-03,LH,소계,경북,0
2025-03,LH,소계,경남,0
2025-03,LH,소계,제주,0
2025-03,LH,국민임대,전국,0
2025-03,LH,국민임대,서울,0
2025-03,LH,국민임대,인천,0
2025-03,LH,국민임대,경기,0
2025-03,LH,국민임대,부산,0
2025-03,LH,국민임대,대구,0
2025-03,LH,국민임대,광주,0
2025-03,LH,국민임대,대전,0
2025-03,LH,국민임대,울산,0
2025-03,LH,국민임대,세종,0
2025-03,LH,국민임대,강원,0
2025-03,LH,국민임대,충북,0
2025-03,LH,국민임대,충남,0
2025-03,LH,국민임대,전북,0
2025-03,LH,국민임대,전남,0
2025-03,LH,국민임대,경북,0
2025-03,LH,국민임대,경남,0
2025-03,LH,국민임대,제주,0
2025-03,LH,공공임대,전국,480
2025-03,LH,공공임대,서울,120
2025-03,LH,공공임대,인천,0
2025-03,LH,공공임대,경기,360
2025-03,LH,공공임대,부산,0
2025-03,LH,공공임대,대구,0
2025-03,LH,공공임대,광주,0
2025-03,LH,공공임대,대전,0
2025-03,LH,공공임대,울산,0
2025-03,LH,공공임대,세종,0
2025-03,LH,공공임대,강원,0
2025-03,LH,공공임대,충북,0
2025-03,LH,공공임대,충남,0
2025-03,LH,공공임대,전북,0
2025-03,LH,공공임대,전남,0
2025-03,LH,공공임대,경북,0
2025-03,LH,공공임대,경남,0
2025-03,LH,공공임대,제주,0
2025-03,LH,공공분양,전국,261
2025-03,LH,공공분양,서울,261
2025-03,LH,공공분양,인천,0
2025-03,LH,공공분양,경기,0
2025-03,LH,공공분양,부산,0
2025-03,LH,공공분양,대구,0
2025-03,LH,공공분양,광주,0
2025-03,LH,공공분양,대전,0
2025-03,LH,공공분양,울산,0
2025-03,LH,공공분양,세종,0
2025-03,LH,공공분양,강원,0
2025-03,LH,공공분양,충북,0
2025-03,LH,공공분양,충남,0
2025-03,LH,공공분양,전북,0
2025-03,LH,공공분양,전남,0
2025-03,LH,공공분양,경북,0
2025-03,LH,공공분양,경남,0
2025-03,LH,공공분양,제주,0
2025-03,주택업체,소계,전국,658
2025-03,주택업체,소계,서울,602
2025-03,주택업체,소계,인천,0
2025-03,주택업체,소계,경기,0
2025-03,주택업체,소계,부산,0
2025-03,주택업체,소계,대구,0
2025-03,주택업체,소계,광주,0
2025-03,주택업체,소계,대전,46
2025-03,주택업체,소계,울산,0
2025-03,주택업체,소계,세종,0
2025-03,주택업체,소계,강원,0
2025-03,주택업체,소계,충북,0
2025-03,주택업체,소계,충남,0
2025-03,주택업체,소계,전북,0
2025-03,주택업체,소계,전남,0
2025-03,주택업체,소계,경북,0
2025-03,주택업체,소계,경남,10
2025-03,주택업체,소계,제주,0
2025-03,주택업체,국민임대,전국,0
2025-03,주택업체,국민임대,서울,0
2025-03,주택업체,국민임대,인천,0
2025-03,주택업체,국민임대,경기,0
2025-03,주택업체,국민임대,부산,0
2025-03,주택업체,국민임대,대구,0
2025-03,주택업체,국민임대,광주,0
2025-03,주택업체,국민임대,대전,0
2025-03,주택업체,국민임대,울산,0
2025-03,주택업체,국민임대,세종,0
2025-03,주택업체,국민임대,강원,0
2025-03,주택업체,국민임대,충북,0
2025-03,주택업체,국민임대,충남,0
2025-03,주택업체,국민임대,전북,0
2025-03,주택업체,국민임대,전남,0
2025-03,주택업체,국민임대,경북,0
2025-03,주택업체,국민임대,경남,0
2025-03,주택업체,국민임대,제주,0
2025-03,주택업체,공공임대,전국,658
2025-03,주택업체,공공임대,서울,602
2025-03,주택업체,공공임대,인천,0
2025-03,주택업체,공공임대,경기,0
2025-03,주택업체,공공임대,부산,0
2025-03,주택업체,공공임대,대구,0
2025-03,주택업체,공공임대,광주,0
2025-03,주택업체,공공임대,대전,46
2025-03,주택업체,공공임대,울산,0
2025-03,주택업체,공공임대,세종,0
2025-03,주택업체,공공임대,강원,0
2025-03,주택업체,공공임대,충북,0
2025-03,주택업체,공공임대,충남,0
2025-03,주택업체,공공임대,전북,0
2025-03,주택업체,공공임대,전남,0
2025-03,주택업체,공공임대,경북,0
2025-03,주택업체,공공임대,경남,10
2025-03,주택업체,공공임대,제주,0
2025-03,주택업체,공공분양,전국,0
2025-03,주택업체,공공분양,서울,0
2025-03,주택업체,공공분양,인천,0
2025-03,주택업체,공공분양,경기,0
2025-03,주택업체,공공분양,부산,0
2025-03,주택업체,공공분양,대구,0
2025-03,주택업체,공공분양,광주,0
2025-03,주택업체,공공분양,대전,0
2025-03,주택업체,공공분양,울산,0
2025-03,주택업체,공공분양,세종,0
2025-03,주택업체,공공분양,강원,0
2025-03,주택업체,공공분양,충북,0
2025-03,주택업체,공공분양,충남,0
2025-03,주택업체,공공분양,전북,0
2025-03,주택업체,공공분양,전남,0
2025-03,주택업체,공공분양,경북,0
2025-03,주택업체,공공분양,경남,0
2025-03,주택업체,공공분양,제주,0
2025-03,민간부문,민간부문,전국,62,158
2025-03,민간부문,민간부문,서울,12,610
2025-03,민간부문,민간부문,인천,2,135
2025-03,민간부문,민간부문,경기,19,808
2025-03,민간부문,민간부문,부산,8,396
2025-03,민간부문,민간부문,대구,43
2025-03,민간부문,민간부문,광주,623
2025-03,민간부문,민간부문,대전,3,072
2025-03,민간부문,민간부문,울산,1,045
2025-03,민간부문,민간부문,세종,23
2025-03,민간부문,민간부문,강원,1,168
2025-03,민간부문,민간부문,충북,2,072
2025-03,민간부문,민간부문,충남,2,602
2025-03,민간부문,민간부문,전북,2,066
2025-03,민간부문,민간부문,전남,2,017
2025-03,민간부문,민간부문,경북,2,605
2025-03,민간부문,민간부문,경남,1,513
2025-03,민간부문,민간부문,제주,360
2025-03,민간,민간임대,전국,6,265
2025-03,민간,민간임대,서울,236
2025-03,민간,민간임대,인천,0
2025-03,민간,민간임대,경기,0
2025-03,민간,민간임대,부산,487
2025-03,민간,민간임대,대구,0
2025-03,민간,민간임대,광주,352
2025-03,민간,민간임대,대전,212
2025-03,민간,민간임대,울산,496
2025-03,민간,민간임대,세종,0
2025-03,민간,민간임대,강원,699
2025-03,민간,민간임대,충북,1,349
2025-03,민간,민간임대,충남,0
2025-03,민간,민간임대,전북,1,397
2025-03,민간,민간임대,전남,313
2025-03,민간,민간임대,경북,612
2025-03,민간,민간임대,경남,112
2025-03,민간,민간임대,제주,0
2025-03,민간,민간분양,전국,55,893
2025-03,민간,민간분양,서울,12,374
2025-03,민간,민간분양,인천,2,135
2025-03,민간,민간분양,경기,19,808
2025-03,민간,민간분양,부산,7,909
2025-03,민간,민간분양,대구,43
2025-03,민간,민간분양,광주,271
2025-03,민간,민간분양,대전,2,860
2025-03,민간,민간분양,울산,549
2025-03,민간,민간분양,세종,23
2025-03,민간,민간분양,강원,469
2025-03,민간,민간분양,충북,723
2025-03,민간,민간분양,충남,2,602
2025-03,민간,민간분양,전북,669
2025-03,민간,민간분양,전남,1,704
2025-03,민간,민간분양,경북,1,993
2025-03,민간,민간분양,경남,1,401
2025-03,민간,민간분양,제주,360
2025-04,총  계,총  계,전국,90,084
2025-04,총  계,총  계,서울,16,736
2025-04,총  계,총  계,인천,7,611
2025-04,총  계,총  계,경기,27,220
2025-04,총  계,총  계,부산,9,257
2025-04,총  계,총  계,대구,74
2025-04,총  계,총  계,광주,2,459
2025-04,총  계,총  계,대전,3,791
2025-04,총  계,총  계,울산,1,066
2025-04,총  계,총  계,세종,55
2025-04,총  계,총  계,강원,1,408
2025-04,총  계,총  계,충북,3,583
2025-04,총  계,총  계,충남,3,400
2025-04,총  계,총  계,전북,3,280
2025-04,총  계,총  계,전남,4,174
2025-04,총  계,총  계,경북,3,793
2025-04,총  계,총  계,경남,1,709
2025-04,총  계,총  계,제주,468
2025-04,공공부문,공공부문,전국,6,052
2025-04,공공부문,공공부문,서울,2,419
2025-04,공공부문,공공부문,인천,0
2025-04,공공부문,공공부문,경기,1,911
2025-04,공공부문,공공부문,부산,0
2025-04,공공부문,공공부문,대구,0
2025-04,공공부문,공공부문,광주,762
2025-04,공공부문,공공부문,대전,87
2025-04,공공부문,공공부문,울산,0
2025-04,공공부문,공공부문,세종,0
2025-04,공공부문,공공부문,강원,20
2025-04,공공부문,공공부문,충북,0
2025-04,공공부문,공공부문,충남,0
2025-04,공공부문,공공부문,전북,736
2025-04,공공부문,공공부문,전남,92
2025-04,공공부문,공공부문,경북,0
2025-04,공공부문,공공부문,경남,25
2025-04,공공부문,공공부문,제주,0
2025-04,합,국민임대,전국,41
2025-04,합,국민임대,서울,0
2025-04,합,국민임대,인천,0
2025-04,합,국민임대,경기,0
2025-04,합,국민임대,부산,0
2025-04,합,국민임대,대구,0
2025-04,합,국민임대,광주,0
2025-04,합,국민임대,대전,41
2025-04,합,국민임대,울산,0
2025-04,합,국민임대,세종,0
2025-04,합,국민임대,강원,0
2025-04,합,국민임대,충북,0
2025-04,합,국민임대,충남,0
2025-04,합,국민임대,전북,0
2025-04,합,국민임대,전남,0
2025-04,합,국민임대,경북,0
2025-04,합,국민임대,경남,0
2025-04,합,국민임대,제주,0
2025-04,합,공공임대,전국,5,025
2025-04,합,공공임대,서울,2,158
2025-04,합,공공임대,인천,0
2025-04,합,공공임대,경기,1,206
2025-04,합,공공임대,부산,0
2025-04,합,공공임대,대구,0
2025-04,합,공공임대,광주,762
2025-04,합,공공임대,대전,46
2025-04,합,공공임대,울산,0
2025-04,합,공공임대,세종,0
2025-04,합,공공임대,강원,0
2025-04,합,공공임대,충북,0
2025-04,합,공공임대,충남,0
2025-04,합,공공임대,전북,736
2025-04,합,공공임대,전남,92
2025-04,합,공공임대,경북,0
2025-04,합,공공임대,경남,25
2025-04,합,공공임대,제주,0
2025-04,합,공공분양,전국,986
2025-04,합,공공분양,서울,261
2025-04,합,공공분양,인천,0
2025-04,합,공공분양,경기,705
2025-04,합,공공분양,부산,0
2025-04,합,공공분양,대구,0
2025-04,합,공공분양,광주,0
2025-04,합,공공분양,대전,0
2025-04,합,공공분양,울산,0
2025-04,합,공공분양,세종,0
2025-04,합,공공분양,강원,20
2025-04,합,공공분양,충북,0
2025-04,합,공공분양,충남,0
2025-04,합,공공분양,전북,0
2025-04,합,공공분양,전남,0
2025-04,합,공공분양,경북,0
2025-04,합,공공분양,경남,0
2025-04,합,공공분양,제주,0
2025-04,지자체,소계,전국,3,628
2025-04,지자체,소계,서울,1,337
2025-04,지자체,소계,인천,0
2025-04,지자체,소계,경기,1,428
2025-04,지자체,소계,부산,0
2025-04,지자체,소계,대구,0
2025-04,지자체,소계,광주,0
2025-04,지자체,소계,대전,0
2025-04,지자체,소계,울산,0
2025-04,지자체,소계,세종,0
2025-04,지자체,소계,강원,20
2025-04,지자체,소계,충북,0
2025-04,지자체,소계,충남,0
2025-04,지자체,소계,전북,736
2025-04,지자체,소계,전남,92
2025-04,지자체,소계,경북,0
2025-04,지자체,소계,경남,15
2025-04,지자체,소계,제주,0
2025-04,지자체,국민임대,전국,0
2025-04,지자체,국민임대,서울,0
2025-04,지자체,국민임대,인천,0
2025-04,지자체,국민임대,경기,0
2025-04,지자체,국민임대,부산,0
2025-04,지자체,국민임대,대구,0
2025-04,지자체,국민임대,광주,0
2025-04,지자체,국민임대,대전,0
2025-04,지자체,국민임대,울산,0
2025-04,지자체,국민임대,세종,0
2025-04,지자체,국민임대,강원,0
2025-04,지자체,국민임대,충북,0
2025-04,지자체,국민임대,충남,0
2025-04,지자체,국민임대,전북,0
2025-04,지자체,국민임대,전남,0
2025-04,지자체,국민임대,경북,0
2025-04,지자체,국민임대,경남,0
2025-04,지자체,국민임대,제주,0
2025-04,지자체,공공임대,전국,2,903
2025-04,지자체,공공임대,서울,1,337
2025-04,지자체,공공임대,인천,0
2025-04,지자체,공공임대,경기,723
2025-04,지자체,공공임대,부산,0
2025-04,지자체,공공임대,대구,0
2025-04,지자체,공공임대,광주,0
2025-04,지자체,공공임대,대전,0
2025-04,지자체,공공임대,울산,0
2025-04,지자체,공공임대,세종,0
2025-04,지자체,공공임대,강원,0
2025-04,지자체,공공임대,충북,0
2025-04,지자체,공공임대,충남,0
2025-04,지자체,공공임대,전북,736
2025-04,지자체,공공임대,전남,92
2025-04,지자체,공공임대,경북,0
2025-04,지자체,공공임대,경남,15
2025-04,지자체,공공임대,제주,0
2025-04,지자체,공공분양,전국,725
2025-04,지자체,공공분양,서울,0
2025-04,지자체,공공분양,인천,0
2025-04,지자체,공공분양,경기,705
2025-04,지자체,공공분양,부산,0
2025-04,지자체,공공분양,대구,0
2025-04,지자체,공공분양,광주,0
2025-04,지자체,공공분양,대전,0
2025-04,지자체,공공분양,울산,0
2025-04,지자체,공공분양,세종,0
2025-04,지자체,공공분양,강원,20
2025-04,지자체,공공분양,충북,0
2025-04,지자체,공공분양,충남,0
2025-04,지자체,공공분양,전북,0
2025-04,지자체,공공분양,전남,0
2025-04,지자체,공공분양,경북,0
2025-04,지자체,공공분양,경남,0
2025-04,지자체,공공분양,제주,0
2025-04,LH,소계,전국,741
2025-04,LH,소계,서울,381
2025-04,LH,소계,인천,0
2025-04,LH,소계,경기,360
2025-04,LH,소계,부산,0
2025-04,LH,소계,대구,0
2025-04,LH,소계,광주,0
2025-04,LH,소계,대전,0
2025-04,LH,소계,울산,0
2025-04,LH,소계,세종,0
2025-04,LH,소계,강원,0
2025-04,LH,소계,충북,0
2025-04,LH,소계,충남,0
2025-04,LH,소계,전북,0
2025-04,LH,소계,전남,0
2025-04,LH,소계,경북,0
2025-04,LH,소계,경남,0
2025-04,LH,소계,제주,0
2025-04,LH,국민임대,전국,0
2025-04,LH,국민임대,서울,0
2025-04,LH,국민임대,인천,0
2025-04,LH,국민임대,경기,0
2025-04,LH,국민임대,부산,0
2025-04,LH,국민임대,대구,0
2025-04,LH,국민임대,광주,0
2025-04,LH,국민임대,대전,0
2025-04,LH,국민임대,울산,0
2025-04,LH,국민임대,세종,0
2025-04,LH,국민임대,강원,0
2025-04,LH,국민임대,충북,0
2025-04,LH,국민임대,충남,0
2025-04,LH,국민임대,전북,0
2025-04,LH,국민임대,전남,0
2025-04,LH,국민임대,경북,0
2025-04,LH,국민임대,경남,0
2025-04,LH,국민임대,제주,0
2025-04,LH,공공임대,전국,480
2025-04,LH,공공임대,서울,120
2025-04,LH,공공임대,인천,0
2025-04,LH,공공임대,경기,360
2025-04,LH,공공임대,부산,0
2025-04,LH,공공임대,대구,0
2025-04,LH,공공임대,광주,0
2025-04,LH,공공임대,대전,0
2025-04,LH,공공임대,울산,0
2025-04,LH,공공임대,세종,0
2025-04,LH,공공임대,강원,0
2025-04,LH,공공임대,충북,0
2025-04,LH,공공임대,충남,0
2025-04,LH,공공임대,전북,0
2025-04,LH,공공임대,전남,0
2025-04,LH,공공임대,경북,0
2025-04,LH,공공임대,경남,0
2025-04,LH,공공임대,제주,0
2025-04,LH,공공분양,전국,261
2025-04,LH,공공분양,서울,261
2025-04,LH,공공분양,인천,0
2025-04,LH,공공분양,경기,0
2025-04,LH,공공분양,부산,0
2025-04,LH,공공분양,대구,0
2025-04,LH,공공분양,광주,0
2025-04,LH,공공분양,대전,0
2025-04,LH,공공분양,울산,0
2025-04,LH,공공분양,세종,0
2025-04,LH,공공분양,강원,0
2025-04,LH,공공분양,충북,0
2025-04,LH,공공분양,충남,0
2025-04,LH,공공분양,전북,0
2025-04,LH,공공분양,전남,0
2025-04,LH,공공분양,경북,0
2025-04,LH,공공분양,경남,0
2025-04,LH,공공분양,제주,0
2025-04,주택업체,소계,전국,1,683
2025-04,주택업체,소계,서울,701
2025-04,주택업체,소계,인천,0
2025-04,주택업체,소계,경기,123
2025-04,주택업체,소계,부산,0
2025-04,주택업체,소계,대구,0
2025-04,주택업체,소계,광주,762
2025-04,주택업체,소계,대전,87
2025-04,주택업체,소계,울산,0
2025-04,주택업체,소계,세종,0
2025-04,주택업체,소계,강원,0
2025-04,주택업체,소계,충북,0
2025-04,주택업체,소계,충남,0
2025-04,주택업체,소계,전북,0
2025-04,주택업체,소계,전남,0
2025-04,주택업체,소계,경북,0
2025-04,주택업체,소계,경남,10
2025-04,주택업체,소계,제주,0
2025-04,주택업체,국민임대,전국,41
2025-04,주택업체,국민임대,서울,0
2025-04,주택업체,국민임대,인천,0
2025-04,주택업체,국민임대,경기,0
2025-04,주택업체,국민임대,부산,0
2025-04,주택업체,국민임대,대구,0
2025-04,주택업체,국민임대,광주,0
2025-04,주택업체,국민임대,대전,41
2025-04,주택업체,국민임대,울산,0
2025-04,주택업체,국민임대,세종,0
2025-04,주택업체,국민임대,강원,0
2025-04,주택업체,국민임대,충북,0
2025-04,주택업체,국민임대,충남,0
2025-04,주택업체,국민임대,전북,0
2025-04,주택업체,국민임대,전남,0
2025-04,주택업체,국민임대,경북,0
2025-04,주택업체,국민임대,경남,0
2025-04,주택업체,국민임대,제주,0
2025-04,주택업체,공공임대,전국,1,642
2025-04,주택업체,공공임대,서울,701
2025-04,주택업체,공공임대,인천,0
2025-04,주택업체,공공임대,경기,123
2025-04,주택업체,공공임대,부산,0
2025-04,주택업체,공공임대,대구,0
2025-04,주택업체,공공임대,광주,762
2025-04,주택업체,공공임대,대전,46
2025-04,주택업체,공공임대,울산,0
2025-04,주택업체,공공임대,세종,0
2025-04,주택업체,공공임대,강원,0
2025-04,주택업체,공공임대,충북,0
2025-04,주택업체,공공임대,충남,0
2025-04,주택업체,공공임대,전북,0
2025-04,주택업체,공공임대,전남,0
2025-04,주택업체,공공임대,경북,0
2025-04,주택업체,공공임대,경남,10
2025-04,주택업체,공공임대,제주,0
2025-04,주택업체,공공분양,전국,0
2025-04,주택업체,공공분양,서울,0
2025-04,주택업체,공공분양,인천,0
2025-04,주택업체,공공분양,경기,0
2025-04,주택업체,공공분양,부산,0
2025-04,주택업체,공공분양,대구,0
2025-04,주택업체,공공분양,광주,0
2025-04,주택업체,공공분양,대전,0
2025-04,주택업체,공공분양,울산,0
2025-04,주택업체,공공분양,세종,0
2025-04,주택업체,공공분양,강원,0
2025-04,주택업체,공공분양,충북,0
2025-04,주택업체,공공분양,충남,0
2025-04,주택업체,공공분양,전북,0
2025-04,주택업체,공공분양,전남,0
2025-04,주택업체,공공분양,경북,0
2025-04,주택업체,공공분양,경남,0
2025-04,주택업체,공공분양,제주,0
2025-04,민간부문,민간부문,전국,84,032
2025-04,민간부문,민간부문,서울,14,317
2025-04,민간부문,민간부문,인천,7,611
2025-04,민간부문,민간부문,경기,25,309
2025-04,민간부문,민간부문,부산,9,257
2025-04,민간부문,민간부문,대구,74
2025-04,민간부문,민간부문,광주,1,697
2025-04,민간부문,민간부문,대전,3,704
2025-04,민간부문,민간부문,울산,1,066
2025-04,민간부문,민간부문,세종,55
2025-04,민간부문,민간부문,강원,1,388
2025-04,민간부문,민간부문,충북,3,583
2025-04,민간부문,민간부문,충남,3,400
2025-04,민간부문,민간부문,전북,2,544
2025-04,민간부문,민간부문,전남,4,082
2025-04,민간부문,민간부문,경북,3,793
2025-04,민간부문,민간부문,경남,1,684
2025-04,민간부문,민간부문,제주,468
2025-04,민간,민간임대,전국,7,446
2025-04,민간,민간임대,서울,376
2025-04,민간,민간임대,인천,322
2025-04,민간,민간임대,경기,0
2025-04,민간,민간임대,부산,487
2025-04,민간,민간임대,대구,0
2025-04,민간,민간임대,광주,352
2025-04,민간,민간임대,대전,229
2025-04,민간,민간임대,울산,496
2025-04,민간,민간임대,세종,0
2025-04,민간,민간임대,강원,699
2025-04,민간,민간임대,충북,1,349
2025-04,민간,민간임대,충남,0
2025-04,민간,민간임대,전북,1,397
2025-04,민간,민간임대,전남,313
2025-04,민간,민간임대,경북,1,314
2025-04,민간,민간임대,경남,112
2025-04,민간,민간임대,제주,0
2025-04,민간,민간분양,전국,76,586
2025-04,민간,민간분양,서울,13,941
2025-04,민간,민간분양,인천,7,289
2025-04,민간,민간분양,경기,25,309
2025-04,민간,민간분양,부산,8,770
2025-04,민간,민간분양,대구,74
2025-04,민간,민간분양,광주,1,345
2025-04,민간,민간분양,대전,3,475
2025-04,민간,민간분양,울산,570
2025-04,민간,민간분양,세종,55
2025-04,민간,민간분양,강원,689
2025-04,민간,민간분양,충북,2,234
2025-04,민간,민간분양,충남,3,400
2025-04,민간,민간분양,전북,1,147
2025-04,민간,민간분양,전남,3,769
2025-04,민간,민간분양,경북,2,479
2025-04,민간,민간분양,경남,1,572
2025-04,민간,민간분양,제주,468
2025-05,총  계,총  계,전국,110,553
2025-05,총  계,총  계,서울,19,317
2025-05,총  계,총  계,인천,9,111
2025-05,총  계,총  계,경기,31,805
2025-05,총  계,총  계,부산,10,016
2025-05,총  계,총  계,대구,678
2025-05,총  계,총  계,광주,2,558
2025-05,총  계,총  계,대전,6,418
2025-05,총  계,총  계,울산,1,086
2025-05,총  계,총  계,세종,61
2025-05,총  계,총  계,강원,1,610
2025-05,총  계,총  계,충북,3,793
2025-05,총  계,총  계,충남,8,056
2025-05,총  계,총  계,전북,4,026
2025-05,총  계,총  계,전남,4,751
2025-05,총  계,총  계,경북,4,102
2025-05,총  계,총  계,경남,2,436
2025-05,총  계,총  계,제주,729
2025-05,공공부문,공공부문,전국,7,163
2025-05,공공부문,공공부문,서울,3,072
2025-05,공공부문,공공부문,인천,99
2025-05,공공부문,공공부문,경기,1,954
2025-05,공공부문,공공부문,부산,21
2025-05,공공부문,공공부문,대구,0
2025-05,공공부문,공공부문,광주,762
2025-05,공공부문,공공부문,대전,252
2025-05,공공부문,공공부문,울산,0
2025-05,공공부문,공공부문,세종,0
2025-05,공공부문,공공부문,강원,20
2025-05,공공부문,공공부문,충북,0
2025-05,공공부문,공공부문,충남,0
2025-05,공공부문,공공부문,전북,736
2025-05,공공부문,공공부문,전남,92
2025-05,공공부문,공공부문,경북,14
2025-05,공공부문,공공부문,경남,141
2025-05,공공부문,공공부문,제주,0
2025-05,합,국민임대,전국,391
2025-05,합,국민임대,서울,185
2025-05,합,국민임대,인천,0
2025-05,합,국민임대,경기,0
2025-05,합,국민임대,부산,0
2025-05,합,국민임대,대구,0
2025-05,합,국민임대,광주,0
2025-05,합,국민임대,대전,206
2025-05,합,국민임대,울산,0
2025-05,합,국민임대,세종,0
2025-05,합,국민임대,강원,0
2025-05,합,국민임대,충북,0
2025-05,합,국민임대,충남,0
2025-05,합,국민임대,전북,0
2025-05,합,국민임대,전남,0
2025-05,합,국민임대,경북,0
2025-05,합,국민임대,경남,0
2025-05,합,국민임대,제주,0
2025-05,합,공공임대,전국,5,786
2025-05,합,공공임대,서울,2,626
2025-05,합,공공임대,인천,99
2025-05,합,공공임대,경기,1,249
2025-05,합,공공임대,부산,21
2025-05,합,공공임대,대구,0
2025-05,합,공공임대,광주,762
2025-05,합,공공임대,대전,46
2025-05,합,공공임대,울산,0
2025-05,합,공공임대,세종,0
2025-05,합,공공임대,강원,0
2025-05,합,공공임대,충북,0
2025-05,합,공공임대,충남,0
2025-05,합,공공임대,전북,736
2025-05,합,공공임대,전남,92
2025-05,합,공공임대,경북,14
2025-05,합,공공임대,경남,141
2025-05,합,공공임대,제주,0
2025-05,합,공공분양,전국,986
2025-05,합,공공분양,서울,261
2025-05,합,공공분양,인천,0
2025-05,합,공공분양,경기,705
2025-05,합,공공분양,부산,0
2025-05,합,공공분양,대구,0
2025-05,합,공공분양,광주,0
2025-05,합,공공분양,대전,0
2025-05,합,공공분양,울산,0
2025-05,합,공공분양,세종,0
2025-05,합,공공분양,강원,20
2025-05,합,공공분양,충북,0
2025-05,합,공공분양,충남,0
2025-05,합,공공분양,전북,0
2025-05,합,공공분양,전남,0
2025-05,합,공공분양,경북,0
2025-05,합,공공분양,경남,0
2025-05,합,공공분양,제주,0
2025-05,지자체,소계,전국,3,758
2025-05,지자체,소계,서울,1,337
2025-05,지자체,소계,인천,0
2025-05,지자체,소계,경기,1,428
2025-05,지자체,소계,부산,0
2025-05,지자체,소계,대구,0
2025-05,지자체,소계,광주,0
2025-05,지자체,소계,대전,0
2025-05,지자체,소계,울산,0
2025-05,지자체,소계,세종,0
2025-05,지자체,소계,강원,20
2025-05,지자체,소계,충북,0
2025-05,지자체,소계,충남,0
2025-05,지자체,소계,전북,736
2025-05,지자체,소계,전남,92
2025-05,지자체,소계,경북,14
2025-05,지자체,소계,경남,131
2025-05,지자체,소계,제주,0
2025-05,지자체,국민임대,전국,0
2025-05,지자체,국민임대,서울,0
2025-05,지자체,국민임대,인천,0
2025-05,지자체,국민임대,경기,0
2025-05,지자체,국민임대,부산,0
2025-05,지자체,국민임대,대구,0
2025-05,지자체,국민임대,광주,0
2025-05,지자체,국민임대,대전,0
2025-05,지자체,국민임대,울산,0
2025-05,지자체,국민임대,세종,0
2025-05,지자체,국민임대,강원,0
2025-05,지자체,국민임대,충북,0
2025-05,지자체,국민임대,충남,0
2025-05,지자체,국민임대,전북,0
2025-05,지자체,국민임대,전남,0
2025-05,지자체,국민임대,경북,0
2025-05,지자체,국민임대,경남,0
2025-05,지자체,국민임대,제주,0
2025-05,지자체,공공임대,전국,3,033
2025-05,지자체,공공임대,서울,1,337
2025-05,지자체,공공임대,인천,0
2025-05,지자체,공공임대,경기,723
2025-05,지자체,공공임대,부산,0
2025-05,지자체,공공임대,대구,0
2025-05,지자체,공공임대,광주,0
2025-05,지자체,공공임대,대전,0
2025-05,지자체,공공임대,울산,0
2025-05,지자체,공공임대,세종,0
2025-05,지자체,공공임대,강원,0
2025-05,지자체,공공임대,충북,0
2025-05,지자체,공공임대,충남,0
2025-05,지자체,공공임대,전북,736
2025-05,지자체,공공임대,전남,92
2025-05,지자체,공공임대,경북,14
2025-05,지자체,공공임대,경남,131
2025-05,지자체,공공임대,제주,0
2025-05,지자체,공공분양,전국,725
2025-05,지자체,공공분양,서울,0
2025-05,지자체,공공분양,인천,0
2025-05,지자체,공공분양,경기,705
2025-05,지자체,공공분양,부산,0
2025-05,지자체,공공분양,대구,0
2025-05,지자체,공공분양,광주,0
2025-05,지자체,공공분양,대전,0
2025-05,지자체,공공분양,울산,0
2025-05,지자체,공공분양,세종,0
2025-05,지자체,공공분양,강원,20
2025-05,지자체,공공분양,충북,0
2025-05,지자체,공공분양,충남,0
2025-05,지자체,공공분양,전북,0
2025-05,지자체,공공분양,전남,0
2025-05,지자체,공공분양,경북,0
2025-05,지자체,공공분양,경남,0
2025-05,지자체,공공분양,제주,0
2025-05,LH,소계,전국,741
2025-05,LH,소계,서울,381
2025-05,LH,소계,인천,0
2025-05,LH,소계,경기,360
2025-05,LH,소계,부산,0
2025-05,LH,소계,대구,0
2025-05,LH,소계,광주,0
2025-05,LH,소계,대전,0
2025-05,LH,소계,울산,0
2025-05,LH,소계,세종,0
2025-05,LH,소계,강원,0
2025-05,LH,소계,충북,0
2025-05,LH,소계,충남,0
2025-05,LH,소계,전북,0
2025-05,LH,소계,전남,0
2025-05,LH,소계,경북,0
2025-05,LH,소계,경남,0
2025-05,LH,소계,제주,0
2025-05,LH,국민임대,전국,0
2025-05,LH,국민임대,서울,0
2025-05,LH,국민임대,인천,0
2025-05,LH,국민임대,경기,0
2025-05,LH,국민임대,부산,0
2025-05,LH,국민임대,대구,0
2025-05,LH,국민임대,광주,0
2025-05,LH,국민임대,대전,0
2025-05,LH,국민임대,울산,0
2025-05,LH,국민임대,세종,0
2025-05,LH,국민임대,강원,0
2025-05,LH,국민임대,충북,0
2025-05,LH,국민임대,충남,0
2025-05,LH,국민임대,전북,0
2025-05,LH,국민임대,전남,0
2025-05,LH,국민임대,경북,0
2025-05,LH,국민임대,경남,0
2025-05,LH,국민임대,제주,0
2025-05,LH,공공임대,전국,480
2025-05,LH,공공임대,서울,120
2025-05,LH,공공임대,인천,0
2025-05,LH,공공임대,경기,360
2025-05,LH,공공임대,부산,0
2025-05,LH,공공임대,대구,0
2025-05,LH,공공임대,광주,0
2025-05,LH,공공임대,대전,0
2025-05,LH,공공임대,울산,0
2025-05,LH,공공임대,세종,0
2025-05,LH,공공임대,강원,0
2025-05,LH,공공임대,충북,0
2025-05,LH,공공임대,충남,0
2025-05,LH,공공임대,전북,0
2025-05,LH,공공임대,전남,0
2025-05,LH,공공임대,경북,0
2025-05,LH,공공임대,경남,0
2025-05,LH,공공임대,제주,0
2025-05,LH,공공분양,전국,261
2025-05,LH,공공분양,서울,261
2025-05,LH,공공분양,인천,0
2025-05,LH,공공분양,경기,0
2025-05,LH,공공분양,부산,0
2025-05,LH,공공분양,대구,0
2025-05,LH,공공분양,광주,0
2025-05,LH,공공분양,대전,0
2025-05,LH,공공분양,울산,0
2025-05,LH,공공분양,세종,0
2025-05,LH,공공분양,강원,0
2025-05,LH,공공분양,충북,0
2025-05,LH,공공분양,충남,0
2025-05,LH,공공분양,전북,0
2025-05,LH,공공분양,전남,0
2025-05,LH,공공분양,경북,0
2025-05,LH,공공분양,경남,0
2025-05,LH,공공분양,제주,0
2025-05,주택업체,소계,전국,2,664
2025-05,주택업체,소계,서울,1,354
2025-05,주택업체,소계,인천,99
2025-05,주택업체,소계,경기,166
2025-05,주택업체,소계,부산,21
2025-05,주택업체,소계,대구,0
2025-05,주택업체,소계,광주,762
2025-05,주택업체,소계,대전,252
2025-05,주택업체,소계,울산,0
2025-05,주택업체,소계,세종,0
2025-05,주택업체,소계,강원,0
2025-05,주택업체,소계,충북,0
2025-05,주택업체,소계,충남,0
2025-05,주택업체,소계,전북,0
2025-05,주택업체,소계,전남,0
2025-05,주택업체,소계,경북,0
2025-05,주택업체,소계,경남,10
2025-05,주택업체,소계,제주,0
2025-05,주택업체,국민임대,전국,391
2025-05,주택업체,국민임대,서울,185
2025-05,주택업체,국민임대,인천,0
2025-05,주택업체,국민임대,경기,0
2025-05,주택업체,국민임대,부산,0
2025-05,주택업체,국민임대,대구,0
2025-05,주택업체,국민임대,광주,0
2025-05,주택업체,국민임대,대전,206
2025-05,주택업체,국민임대,울산,0
2025-05,주택업체,국민임대,세종,0
2025-05,주택업체,국민임대,강원,0
2025-05,주택업체,국민임대,충북,0
2025-05,주택업체,국민임대,충남,0
2025-05,주택업체,국민임대,전북,0
2025-05,주택업체,국민임대,전남,0
2025-05,주택업체,국민임대,경북,0
2025-05,주택업체,국민임대,경남,0
2025-05,주택업체,국민임대,제주,0
2025-05,주택업체,공공임대,전국,2,273
2025-05,주택업체,공공임대,서울,1,169
2025-05,주택업체,공공임대,인천,99
2025-05,주택업체,공공임대,경기,166
2025-05,주택업체,공공임대,부산,21
2025-05,주택업체,공공임대,대구,0
2025-05,주택업체,공공임대,광주,762
2025-05,주택업체,공공임대,대전,46
2025-05,주택업체,공공임대,울산,0
2025-05,주택업체,공공임대,세종,0
2025-05,주택업체,공공임대,강원,0
2025-05,주택업체,공공임대,충북,0
2025-05,주택업체,공공임대,충남,0
2025-05,주택업체,공공임대,전북,0
2025-05,주택업체,공공임대,전남,0
2025-05,주택업체,공공임대,경북,0
2025-05,주택업체,공공임대,경남,10
2025-05,주택업체,공공임대,제주,0
2025-05,주택업체,공공분양,전국,0
2025-05,주택업체,공공분양,서울,0
2025-05,주택업체,공공분양,인천,0
2025-05,주택업체,공공분양,경기,0
2025-05,주택업체,공공분양,부산,0
2025-05,주택업체,공공분양,대구,0
2025-05,주택업체,공공분양,광주,0
2025-05,주택업체,공공분양,대전,0
2025-05,주택업체,공공분양,울산,0
2025-05,주택업체,공공분양,세종,0
2025-05,주택업체,공공분양,강원,0
2025-05,주택업체,공공분양,충북,0
2025-05,주택업체,공공분양,충남,0
2025-05,주택업체,공공분양,전북,0
2025-05,주택업체,공공분양,전남,0
2025-05,주택업체,공공분양,경북,0
2025-05,주택업체,공공분양,경남,0
2025-05,주택업체,공공분양,제주,0
2025-05,민간부문,민간부문,전국,103,390
2025-05,민간부문,민간부문,서울,16,245
2025-05,민간부문,민간부문,인천,9,012
2025-05,민간부문,민간부문,경기,29,851
2025-05,민간부문,민간부문,부산,9,995
2025-05,민간부문,민간부문,대구,678
2025-05,민간부문,민간부문,광주,1,796
2025-05,민간부문,민간부문,대전,6,166
2025-05,민간부문,민간부문,울산,1,086
2025-05,민간부문,민간부문,세종,61
2025-05,민간부문,민간부문,강원,1,590
2025-05,민간부문,민간부문,충북,3,793
2025-05,민간부문,민간부문,충남,8,056
2025-05,민간부문,민간부문,전북,3,290
2025-05,민간부문,민간부문,전남,4,659
2025-05,민간부문,민간부문,경북,4,088
2025-05,민간부문,민간부문,경남,2,295
2025-05,민간부문,민간부문,제주,729
2025-05,민간,민간임대,전국,8,677
2025-05,민간,민간임대,서울,388
2025-05,민간,민간임대,인천,322
2025-05,민간,민간임대,경기,68
2025-05,민간,민간임대,부산,487
2025-05,민간,민간임대,대구,0
2025-05,민간,민간임대,광주,352
2025-05,민간,민간임대,대전,229
2025-05,민간,민간임대,울산,496
2025-05,민간,민간임대,세종,0
2025-05,민간,민간임대,강원,699
2025-05,민간,민간임대,충북,1,349
2025-05,민간,민간임대,충남,1,053
2025-05,민간,민간임대,전북,1,397
2025-05,민간,민간임대,전남,313
2025-05,민간,민간임대,경북,1,314
2025-05,민간,민간임대,경남,210
2025-05,민간,민간임대,제주,0
2025-05,민간,민간분양,전국,94,713
2025-05,민간,민간분양,서울,15,857
2025-05,민간,민간분양,인천,8,690
2025-05,민간,민간분양,경기,29,783
2025-05,민간,민간분양,부산,9,508
2025-05,민간,민간분양,대구,678
2025-05,민간,민간분양,광주,1,444
2025-05,민간,민간분양,대전,5,937
2025-05,민간,민간분양,울산,590
2025-05,민간,민간분양,세종,61
2025-05,민간,민간분양,강원,891
2025-05,민간,민간분양,충북,2,444
2025-05,민간,민간분양,충남,7,003
2025-05,민간,민간분양,전북,1,893
2025-05,민간,민간분양,전남,4,346
2025-05,민간,민간분양,경북,2,774
2025-05,민간,민간분양,경남,2,085
2025-05,민간,민간분양,제주,729
2025-06,총  계,총  계,전국,138,401
2025-06,총  계,총  계,서울,22,761
2025-06,총  계,총  계,인천,9,716
2025-06,총  계,총  계,경기,41,313
2025-06,총  계,총  계,부산,13,908
2025-06,총  계,총  계,대구,1,262
2025-06,총  계,총  계,광주,6,885
2025-06,총  계,총  계,대전,6,580
2025-06,총  계,총  계,울산,2,763
2025-06,총  계,총  계,세종,74
2025-06,총  계,총  계,강원,1,783
2025-06,총  계,총  계,충북,3,927
2025-06,총  계,총  계,충남,8,223
2025-06,총  계,총  계,전북,4,355
2025-06,총  계,총  계,전남,4,938
2025-06,총  계,총  계,경북,5,467
2025-06,총  계,총  계,경남,3,449
2025-06,총  계,총  계,제주,997
2025-06,공공부문,공공부문,전국,15,219
2025-06,공공부문,공공부문,서울,3,833
2025-06,공공부문,공공부문,인천,407
2025-06,공공부문,공공부문,경기,8,425
2025-06,공공부문,공공부문,부산,21
2025-06,공공부문,공공부문,대구,0
2025-06,공공부문,공공부문,광주,762
2025-06,공공부문,공공부문,대전,252
2025-06,공공부문,공공부문,울산,231
2025-06,공공부문,공공부문,세종,0
2025-06,공공부문,공공부문,강원,20
2025-06,공공부문,공공부문,충북,0
2025-06,공공부문,공공부문,충남,0
2025-06,공공부문,공공부문,전북,936
2025-06,공공부문,공공부문,전남,112
2025-06,공공부문,공공부문,경북,14
2025-06,공공부문,공공부문,경남,206
2025-06,공공부문,공공부문,제주,0
2025-06,합,국민임대,전국,627
2025-06,합,국민임대,서울,421
2025-06,합,국민임대,인천,0
2025-06,합,국민임대,경기,0
2025-06,합,국민임대,부산,0
2025-06,합,국민임대,대구,0
2025-06,합,국민임대,광주,0
2025-06,합,국민임대,대전,206
2025-06,합,국민임대,울산,0
2025-06,합,국민임대,세종,0
2025-06,합,국민임대,강원,0
2025-06,합,국민임대,충북,0
2025-06,합,국민임대,충남,0
2025-06,합,국민임대,전북,0
2025-06,합,국민임대,전남,0
2025-06,합,국민임대,경북,0
2025-06,합,국민임대,경남,0
2025-06,합,국민임대,제주,0
2025-06,합,공공임대,전국,8,743
2025-06,합,공공임대,서울,2,921
2025-06,합,공공임대,인천,99
2025-06,합,공공임대,경기,3,626
2025-06,합,공공임대,부산,21
2025-06,합,공공임대,대구,0
2025-06,합,공공임대,광주,762
2025-06,합,공공임대,대전,46
2025-06,합,공공임대,울산,0
2025-06,합,공공임대,세종,0
2025-06,합,공공임대,강원,0
2025-06,합,공공임대,충북,0
2025-06,합,공공임대,충남,0
2025-06,합,공공임대,전북,936
2025-06,합,공공임대,전남,112
2025-06,합,공공임대,경북,14
2025-06,합,공공임대,경남,206
2025-06,합,공공임대,제주,0
2025-06,합,공공분양,전국,5,849
2025-06,합,공공분양,서울,491
2025-06,합,공공분양,인천,308
2025-06,합,공공분양,경기,4,799
2025-06,합,공공분양,부산,0
2025-06,합,공공분양,대구,0
2025-06,합,공공분양,광주,0
2025-06,합,공공분양,대전,0
2025-06,합,공공분양,울산,231
2025-06,합,공공분양,세종,0
2025-06,합,공공분양,강원,20
2025-06,합,공공분양,충북,0
2025-06,합,공공분양,충남,0
2025-06,합,공공분양,전북,0
2025-06,합,공공분양,전남,0
2025-06,합,공공분양,경북,0
2025-06,합,공공분양,경남,0
2025-06,합,공공분양,제주,0
2025-06,지자체,소계,전국,4,043
2025-06,지자체,소계,서울,1,337
2025-06,지자체,소계,인천,0
2025-06,지자체,소계,경기,1,428
2025-06,지자체,소계,부산,0
2025-06,지자체,소계,대구,0
2025-06,지자체,소계,광주,0
2025-06,지자체,소계,대전,0
2025-06,지자체,소계,울산,0
2025-06,지자체,소계,세종,0
2025-06,지자체,소계,강원,20
2025-06,지자체,소계,충북,0
2025-06,지자체,소계,충남,0
2025-06,지자체,소계,전북,936
2025-06,지자체,소계,전남,112
2025-06,지자체,소계,경북,14
2025-06,지자체,소계,경남,196
2025-06,지자체,소계,제주,0
2025-06,지자체,국민임대,전국,0
2025-06,지자체,국민임대,서울,0
2025-06,지자체,국민임대,인천,0
2025-06,지자체,국민임대,경기,0
2025-06,지자체,국민임대,부산,0
2025-06,지자체,국민임대,대구,0
2025-06,지자체,국민임대,광주,0
2025-06,지자체,국민임대,대전,0
2025-06,지자체,국민임대,울산,0
2025-06,지자체,국민임대,세종,0
2025-06,지자체,국민임대,강원,0
2025-06,지자체,국민임대,충북,0
2025-06,지자체,국민임대,충남,0
2025-06,지자체,국민임대,전북,0
2025-06,지자체,국민임대,전남,0
2025-06,지자체,국민임대,경북,0
2025-06,지자체,국민임대,경남,0
2025-06,지자체,국민임대,제주,0
2025-06,지자체,공공임대,전국,3,318
2025-06,지자체,공공임대,서울,1,337
2025-06,지자체,공공임대,인천,0
2025-06,지자체,공공임대,경기,723
2025-06,지자체,공공임대,부산,0
2025-06,지자체,공공임대,대구,0
2025-06,지자체,공공임대,광주,0
2025-06,지자체,공공임대,대전,0
2025-06,지자체,공공임대,울산,0
2025-06,지자체,공공임대,세종,0
2025-06,지자체,공공임대,강원,0
2025-06,지자체,공공임대,충북,0
2025-06,지자체,공공임대,충남,0
2025-06,지자체,공공임대,전북,936
2025-06,지자체,공공임대,전남,112
2025-06,지자체,공공임대,경북,14
2025-06,지자체,공공임대,경남,196
2025-06,지자체,공공임대,제주,0
2025-06,지자체,공공분양,전국,725
2025-06,지자체,공공분양,서울,0
2025-06,지자체,공공분양,인천,0
2025-06,지자체,공공분양,경기,705
2025-06,지자체,공공분양,부산,0
2025-06,지자체,공공분양,대구,0
2025-06,지자체,공공분양,광주,0
2025-06,지자체,공공분양,대전,0
2025-06,지자체,공공분양,울산,0
2025-06,지자체,공공분양,세종,0
2025-06,지자체,공공분양,강원,20
2025-06,지자체,공공분양,충북,0
2025-06,지자체,공공분양,충남,0
2025-06,지자체,공공분양,전북,0
2025-06,지자체,공공분양,전남,0
2025-06,지자체,공공분양,경북,0
2025-06,지자체,공공분양,경남,0
2025-06,지자체,공공분양,제주,0
2025-06,LH,소계,전국,7,808
2025-06,LH,소계,서울,669
2025-06,LH,소계,인천,308
2025-06,LH,소계,경기,6,831
2025-06,LH,소계,부산,0
2025-06,LH,소계,대구,0
2025-06,LH,소계,광주,0
2025-06,LH,소계,대전,0
2025-06,LH,소계,울산,0
2025-06,LH,소계,세종,0
2025-06,LH,소계,강원,0
2025-06,LH,소계,충북,0
2025-06,LH,소계,충남,0
2025-06,LH,소계,전북,0
2025-06,LH,소계,전남,0
2025-06,LH,소계,경북,0
2025-06,LH,소계,경남,0
2025-06,LH,소계,제주,0
2025-06,LH,국민임대,전국,0
2025-06,LH,국민임대,서울,0
2025-06,LH,국민임대,인천,0
2025-06,LH,국민임대,경기,0
2025-06,LH,국민임대,부산,0
2025-06,LH,국민임대,대구,0
2025-06,LH,국민임대,광주,0
2025-06,LH,국민임대,대전,0
2025-06,LH,국민임대,울산,0
2025-06,LH,국민임대,세종,0
2025-06,LH,국민임대,강원,0
2025-06,LH,국민임대,충북,0
2025-06,LH,국민임대,충남,0
2025-06,LH,국민임대,전북,0
2025-06,LH,국민임대,전남,0
2025-06,LH,국민임대,경북,0
2025-06,LH,국민임대,경남,0
2025-06,LH,국민임대,제주,0
2025-06,LH,공공임대,전국,2,915
2025-06,LH,공공임대,서울,178
2025-06,LH,공공임대,인천,0
2025-06,LH,공공임대,경기,2,737
2025-06,LH,공공임대,부산,0
2025-06,LH,공공임대,대구,0
2025-06,LH,공공임대,광주,0
2025-06,LH,공공임대,대전,0
2025-06,LH,공공임대,울산,0
2025-06,LH,공공임대,세종,0
2025-06,LH,공공임대,강원,0
2025-06,LH,공공임대,충북,0
2025-06,LH,공공임대,충남,0
2025-06,LH,공공임대,전북,0
2025-06,LH,공공임대,전남,0
2025-06,LH,공공임대,경북,0
2025-06,LH,공공임대,경남,0
2025-06,LH,공공임대,제주,0
2025-06,LH,공공분양,전국,4,893
2025-06,LH,공공분양,서울,491
2025-06,LH,공공분양,인천,308
2025-06,LH,공공분양,경기,4,094
2025-06,LH,공공분양,부산,0
2025-06,LH,공공분양,대구,0
2025-06,LH,공공분양,광주,0
2025-06,LH,공공분양,대전,0
2025-06,LH,공공분양,울산,0
2025-06,LH,공공분양,세종,0
2025-06,LH,공공분양,강원,0
2025-06,LH,공공분양,충북,0
2025-06,LH,공공분양,충남,0
2025-06,LH,공공분양,전북,0
2025-06,LH,공공분양,전남,0
2025-06,LH,공공분양,경북,0
2025-06,LH,공공분양,경남,0
2025-06,LH,공공분양,제주,0
2025-06,주택업체,소계,전국,3,368
2025-06,주택업체,소계,서울,1,827
2025-06,주택업체,소계,인천,99
2025-06,주택업체,소계,경기,166
2025-06,주택업체,소계,부산,21
2025-06,주택업체,소계,대구,0
2025-06,주택업체,소계,광주,762
2025-06,주택업체,소계,대전,252
2025-06,주택업체,소계,울산,231
2025-06,주택업체,소계,세종,0
2025-06,주택업체,소계,강원,0
2025-06,주택업체,소계,충북,0
2025-06,주택업체,소계,충남,0
2025-06,주택업체,소계,전북,0
2025-06,주택업체,소계,전남,0
2025-06,주택업체,소계,경북,0
2025-06,주택업체,소계,경남,10
2025-06,주택업체,소계,제주,0
2025-06,주택업체,국민임대,전국,627
2025-06,주택업체,국민임대,서울,421
2025-06,주택업체,국민임대,인천,0
2025-06,주택업체,국민임대,경기,0
2025-06,주택업체,국민임대,부산,0
2025-06,주택업체,국민임대,대구,0
2025-06,주택업체,국민임대,광주,0
2025-06,주택업체,국민임대,대전,206
2025-06,주택업체,국민임대,울산,0
2025-06,주택업체,국민임대,세종,0
2025-06,주택업체,국민임대,강원,0
2025-06,주택업체,국민임대,충북,0
2025-06,주택업체,국민임대,충남,0
2025-06,주택업체,국민임대,전북,0
2025-06,주택업체,국민임대,전남,0
2025-06,주택업체,국민임대,경북,0
2025-06,주택업체,국민임대,경남,0
2025-06,주택업체,국민임대,제주,0
2025-06,주택업체,공공임대,전국,2,510
2025-06,주택업체,공공임대,서울,1,406
2025-06,주택업체,공공임대,인천,99
2025-06,주택업체,공공임대,경기,166
2025-06,주택업체,공공임대,부산,21
2025-06,주택업체,공공임대,대구,0
2025-06,주택업체,공공임대,광주,762
2025-06,주택업체,공공임대,대전,46
2025-06,주택업체,공공임대,울산,0
2025-06,주택업체,공공임대,세종,0
2025-06,주택업체,공공임대,강원,0
2025-06,주택업체,공공임대,충북,0
2025-06,주택업체,공공임대,충남,0
2025-06,주택업체,공공임대,전북,0
2025-06,주택업체,공공임대,전남,0
2025-06,주택업체,공공임대,경북,0
2025-06,주택업체,공공임대,경남,10
2025-06,주택업체,공공임대,제주,0
2025-06,주택업체,공공분양,전국,231
2025-06,주택업체,공공분양,서울,0
2025-06,주택업체,공공분양,인천,0
2025-06,주택업체,공공분양,경기,0
2025-06,주택업체,공공분양,부산,0
2025-06,주택업체,공공분양,대구,0
2025-06,주택업체,공공분양,광주,0
2025-06,주택업체,공공분양,대전,0
2025-06,주택업체,공공분양,울산,231
2025-06,주택업체,공공분양,세종,0
2025-06,주택업체,공공분양,강원,0
2025-06,주택업체,공공분양,충북,0
2025-06,주택업체,공공분양,충남,0
2025-06,주택업체,공공분양,전북,0
2025-06,주택업체,공공분양,전남,0
2025-06,주택업체,공공분양,경북,0
2025-06,주택업체,공공분양,경남,0
2025-06,주택업체,공공분양,제주,0
2025-06,민간부문,민간부문,전국,123,182
2025-06,민간부문,민간부문,서울,18,928
2025-06,민간부문,민간부문,인천,9,309
2025-06,민간부문,민간부문,경기,32,888
2025-06,민간부문,민간부문,부산,13,887
2025-06,민간부문,민간부문,대구,1,262
2025-06,민간부문,민간부문,광주,6,123
2025-06,민간부문,민간부문,대전,6,328
2025-06,민간부문,민간부문,울산,2,532
2025-06,민간부문,민간부문,세종,74
2025-06,민간부문,민간부문,강원,1,763
2025-06,민간부문,민간부문,충북,3,927
2025-06,민간부문,민간부문,충남,8,223
2025-06,민간부문,민간부문,전북,3,419
2025-06,민간부문,민간부문,전남,4,826
2025-06,민간부문,민간부문,경북,5,453
2025-06,민간부문,민간부문,경남,3,243
2025-06,민간부문,민간부문,제주,997
2025-06,민간,민간임대,전국,8,922
2025-06,민간,민간임대,서울,388
2025-06,민간,민간임대,인천,322
2025-06,민간,민간임대,경기,68
2025-06,민간,민간임대,부산,732
2025-06,민간,민간임대,대구,0
2025-06,민간,민간임대,광주,352
2025-06,민간,민간임대,대전,229
2025-06,민간,민간임대,울산,496
2025-06,민간,민간임대,세종,0
2025-06,민간,민간임대,강원,699
2025-06,민간,민간임대,충북,1,349
2025-06,민간,민간임대,충남,1,053
2025-06,민간,민간임대,전북,1,397
2025-06,민간,민간임대,전남,313
2025-06,민간,민간임대,경북,1,314
2025-06,민간,민간임대,경남,210
2025-06,민간,민간임대,제주,0
2025-06,민간,민간분양,전국,114,260
2025-06,민간,민간분양,서울,18,540
2025-06,민간,민간분양,인천,8,987
2025-06,민간,민간분양,경기,32,820
2025-06,민간,민간분양,부산,13,155
2025-06,민간,민간분양,대구,1,262
2025-06,민간,민간분양,광주,5,771
2025-06,민간,민간분양,대전,6,099
2025-06,민간,민간분양,울산,2,036
2025-06,민간,민간분양,세종,74
2025-06,민간,민간분양,강원,1,064
2025-06,민간,민간분양,충북,2,578
2025-06,민간,민간분양,충남,7,170
2025-06,민간,민간분양,전북,2,022
2025-06,민간,민간분양,전남,4,513
2025-06,민간,민간분양,경북,4,139
2025-06,민간,민간분양,경남,3,033
2025-06,민간,민간분양,제주,997
2025-07,총  계,총  계,전국,154,608
2025-07,총  계,총  계,서울,26,836
2025-07,총  계,총  계,인천,10,698
2025-07,총  계,총  계,경기,46,108
2025-07,총  계,총  계,부산,14,735
2025-07,총  계,총  계,대구,1,712
2025-07,총  계,총  계,광주,6,947
2025-07,총  계,총  계,대전,6,589
2025-07,총  계,총  계,울산,2,778
2025-07,총  계,총  계,세종,137
2025-07,총  계,총  계,강원,2,074
2025-07,총  계,총  계,충북,4,719
2025-07,총  계,총  계,충남,9,957
2025-07,총  계,총  계,전북,4,613
2025-07,총  계,총  계,전남,5,822
2025-07,총  계,총  계,경북,5,902
2025-07,총  계,총  계,경남,3,866
2025-07,총  계,총  계,제주,1,115
2025-07,공공부문,공공부문,전국,15,608
2025-07,공공부문,공공부문,서울,4,136
2025-07,공공부문,공공부문,인천,407
2025-07,공공부문,공공부문,경기,8,425
2025-07,공공부문,공공부문,부산,21
2025-07,공공부문,공공부문,대구,0
2025-07,공공부문,공공부문,광주,762
2025-07,공공부문,공공부문,대전,252
2025-07,공공부문,공공부문,울산,231
2025-07,공공부문,공공부문,세종,0
2025-07,공공부문,공공부문,강원,20
2025-07,공공부문,공공부문,충북,0
2025-07,공공부문,공공부문,충남,0
2025-07,공공부문,공공부문,전북,936
2025-07,공공부문,공공부문,전남,152
2025-07,공공부문,공공부문,경북,60
2025-07,공공부문,공공부문,경남,206
2025-07,공공부문,공공부문,제주,0
2025-07,합,국민임대,전국,627
2025-07,합,국민임대,서울,421
2025-07,합,국민임대,인천,0
2025-07,합,국민임대,경기,0
2025-07,합,국민임대,부산,0
2025-07,합,국민임대,대구,0
2025-07,합,국민임대,광주,0
2025-07,합,국민임대,대전,206
2025-07,합,국민임대,울산,0
2025-07,합,국민임대,세종,0
2025-07,합,국민임대,강원,0
2025-07,합,국민임대,충북,0
2025-07,합,국민임대,충남,0
2025-07,합,국민임대,전북,0
2025-07,합,국민임대,전남,0
2025-07,합,국민임대,경북,0
2025-07,합,국민임대,경남,0
2025-07,합,국민임대,제주,0
2025-07,합,공공임대,전국,9,132
2025-07,합,공공임대,서울,3,224
2025-07,합,공공임대,인천,99
2025-07,합,공공임대,경기,3,626
2025-07,합,공공임대,부산,21
2025-07,합,공공임대,대구,0
2025-07,합,공공임대,광주,762
2025-07,합,공공임대,대전,46
2025-07,합,공공임대,울산,0
2025-07,합,공공임대,세종,0
2025-07,합,공공임대,강원,0
2025-07,합,공공임대,충북,0
2025-07,합,공공임대,충남,0
2025-07,합,공공임대,전북,936
2025-07,합,공공임대,전남,152
2025-07,합,공공임대,경북,60
2025-07,합,공공임대,경남,206
2025-07,합,공공임대,제주,0
2025-07,합,공공분양,전국,5,849
2025-07,합,공공분양,서울,491
2025-07,합,공공분양,인천,308
2025-07,합,공공분양,경기,4,799
2025-07,합,공공분양,부산,0
2025-07,합,공공분양,대구,0
2025-07,합,공공분양,광주,0
2025-07,합,공공분양,대전,0
2025-07,합,공공분양,울산,231
2025-07,합,공공분양,세종,0
2025-07,합,공공분양,강원,20
2025-07,합,공공분양,충북,0
2025-07,합,공공분양,충남,0
2025-07,합,공공분양,전북,0
2025-07,합,공공분양,전남,0
2025-07,합,공공분양,경북,0
2025-07,합,공공분양,경남,0
2025-07,합,공공분양,제주,0
2025-07,지자체,소계,전국,4,083
2025-07,지자체,소계,서울,1,337
2025-07,지자체,소계,인천,0
2025-07,지자체,소계,경기,1,428
2025-07,지자체,소계,부산,0
2025-07,지자체,소계,대구,0
2025-07,지자체,소계,광주,0
2025-07,지자체,소계,대전,0
2025-07,지자체,소계,울산,0
2025-07,지자체,소계,세종,0
2025-07,지자체,소계,강원,20
2025-07,지자체,소계,충북,0
2025-07,지자체,소계,충남,0
2025-07,지자체,소계,전북,936
2025-07,지자체,소계,전남,152
2025-07,지자체,소계,경북,14
2025-07,지자체,소계,경남,196
2025-07,지자체,소계,제주,0
2025-07,지자체,국민임대,전국,0
2025-07,지자체,국민임대,서울,0
2025-07,지자체,국민임대,인천,0
2025-07,지자체,국민임대,경기,0
2025-07,지자체,국민임대,부산,0
2025-07,지자체,국민임대,대구,0
2025-07,지자체,국민임대,광주,0
2025-07,지자체,국민임대,대전,0
2025-07,지자체,국민임대,울산,0
2025-07,지자체,국민임대,세종,0
2025-07,지자체,국민임대,강원,0
2025-07,지자체,국민임대,충북,0
2025-07,지자체,국민임대,충남,0
2025-07,지자체,국민임대,전북,0
2025-07,지자체,국민임대,전남,0
2025-07,지자체,국민임대,경북,0
2025-07,지자체,국민임대,경남,0
2025-07,지자체,국민임대,제주,0
2025-07,지자체,공공임대,전국,3,358
2025-07,지자체,공공임대,서울,1,337
2025-07,지자체,공공임대,인천,0
2025-07,지자체,공공임대,경기,723
2025-07,지자체,공공임대,부산,0
2025-07,지자체,공공임대,대구,0
2025-07,지자체,공공임대,광주,0
2025-07,지자체,공공임대,대전,0
2025-07,지자체,공공임대,울산,0
2025-07,지자체,공공임대,세종,0
2025-07,지자체,공공임대,강원,0
2025-07,지자체,공공임대,충북,0
2025-07,지자체,공공임대,충남,0
2025-07,지자체,공공임대,전북,936
2025-07,지자체,공공임대,전남,152
2025-07,지자체,공공임대,경북,14
2025-07,지자체,공공임대,경남,196
2025-07,지자체,공공임대,제주,0
2025-07,지자체,공공분양,전국,725
2025-07,지자체,공공분양,서울,0
2025-07,지자체,공공분양,인천,0
2025-07,지자체,공공분양,경기,705
2025-07,지자체,공공분양,부산,0
2025-07,지자체,공공분양,대구,0
2025-07,지자체,공공분양,광주,0
2025-07,지자체,공공분양,대전,0
2025-07,지자체,공공분양,울산,0
2025-07,지자체,공공분양,세종,0
2025-07,지자체,공공분양,강원,20
2025-07,지자체,공공분양,충북,0
2025-07,지자체,공공분양,충남,0
2025-07,지자체,공공분양,전북,0
2025-07,지자체,공공분양,전남,0
2025-07,지자체,공공분양,경북,0
2025-07,지자체,공공분양,경남,0
2025-07,지자체,공공분양,제주,0
2025-07,LH,소계,전국,7,808
2025-07,LH,소계,서울,669
2025-07,LH,소계,인천,308
2025-07,LH,소계,경기,6,831
2025-07,LH,소계,부산,0
2025-07,LH,소계,대구,0
2025-07,LH,소계,광주,0
2025-07,LH,소계,대전,0
2025-07,LH,소계,울산,0
2025-07,LH,소계,세종,0
2025-07,LH,소계,강원,0
2025-07,LH,소계,충북,0
2025-07,LH,소계,충남,0
2025-07,LH,소계,전북,0
2025-07,LH,소계,전남,0
2025-07,LH,소계,경북,0
2025-07,LH,소계,경남,0
2025-07,LH,소계,제주,0
2025-07,LH,국민임대,전국,0
2025-07,LH,국민임대,서울,0
2025-07,LH,국민임대,인천,0
2025-07,LH,국민임대,경기,0
2025-07,LH,국민임대,부산,0
2025-07,LH,국민임대,대구,0
2025-07,LH,국민임대,광주,0
2025-07,LH,국민임대,대전,0
2025-07,LH,국민임대,울산,0
2025-07,LH,국민임대,세종,0
2025-07,LH,국민임대,강원,0
2025-07,LH,국민임대,충북,0
2025-07,LH,국민임대,충남,0
2025-07,LH,국민임대,전북,0
2025-07,LH,국민임대,전남,0
2025-07,LH,국민임대,경북,0
2025-07,LH,국민임대,경남,0
2025-07,LH,국민임대,제주,0
2025-07,LH,공공임대,전국,2,915
2025-07,LH,공공임대,서울,178
2025-07,LH,공공임대,인천,0
2025-07,LH,공공임대,경기,2,737
2025-07,LH,공공임대,부산,0
2025-07,LH,공공임대,대구,0
2025-07,LH,공공임대,광주,0
2025-07,LH,공공임대,대전,0
2025-07,LH,공공임대,울산,0
2025-07,LH,공공임대,세종,0
2025-07,LH,공공임대,강원,0
2025-07,LH,공공임대,충북,0
2025-07,LH,공공임대,충남,0
2025-07,LH,공공임대,전북,0
2025-07,LH,공공임대,전남,0
2025-07,LH,공공임대,경북,0
2025-07,LH,공공임대,경남,0
2025-07,LH,공공임대,제주,0
2025-07,LH,공공분양,전국,4,893
2025-07,LH,공공분양,서울,491
2025-07,LH,공공분양,인천,308
2025-07,LH,공공분양,경기,4,094
2025-07,LH,공공분양,부산,0
2025-07,LH,공공분양,대구,0
2025-07,LH,공공분양,광주,0
2025-07,LH,공공분양,대전,0
2025-07,LH,공공분양,울산,0
2025-07,LH,공공분양,세종,0
2025-07,LH,공공분양,강원,0
2025-07,LH,공공분양,충북,0
2025-07,LH,공공분양,충남,0
2025-07,LH,공공분양,전북,0
2025-07,LH,공공분양,전남,0
2025-07,LH,공공분양,경북,0
2025-07,LH,공공분양,경남,0
2025-07,LH,공공분양,제주,0
2025-07,주택업체,소계,전국,3,717
2025-07,주택업체,소계,서울,2,130
2025-07,주택업체,소계,인천,99
2025-07,주택업체,소계,경기,166
2025-07,주택업체,소계,부산,21
2025-07,주택업체,소계,대구,0
2025-07,주택업체,소계,광주,762
2025-07,주택업체,소계,대전,252
2025-07,주택업체,소계,울산,231
2025-07,주택업체,소계,세종,0
2025-07,주택업체,소계,강원,0
2025-07,주택업체,소계,충북,0
2025-07,주택업체,소계,충남,0
2025-07,주택업체,소계,전북,0
2025-07,주택업체,소계,전남,0
2025-07,주택업체,소계,경북,46
2025-07,주택업체,소계,경남,10
2025-07,주택업체,소계,제주,0
2025-07,주택업체,국민임대,전국,627
2025-07,주택업체,국민임대,서울,421
2025-07,주택업체,국민임대,인천,0
2025-07,주택업체,국민임대,경기,0
2025-07,주택업체,국민임대,부산,0
2025-07,주택업체,국민임대,대구,0
2025-07,주택업체,국민임대,광주,0
2025-07,주택업체,국민임대,대전,206
2025-07,주택업체,국민임대,울산,0
2025-07,주택업체,국민임대,세종,0
2025-07,주택업체,국민임대,강원,0
2025-07,주택업체,국민임대,충북,0
2025-07,주택업체,국민임대,충남,0
2025-07,주택업체,국민임대,전북,0
2025-07,주택업체,국민임대,전남,0
2025-07,주택업체,국민임대,경북,0
2025-07,주택업체,국민임대,경남,0
2025-07,주택업체,국민임대,제주,0
2025-07,주택업체,공공임대,전국,2,859
2025-07,주택업체,공공임대,서울,1,709
2025-07,주택업체,공공임대,인천,99
2025-07,주택업체,공공임대,경기,166
2025-07,주택업체,공공임대,부산,21
2025-07,주택업체,공공임대,대구,0
2025-07,주택업체,공공임대,광주,762
2025-07,주택업체,공공임대,대전,46
2025-07,주택업체,공공임대,울산,0
2025-07,주택업체,공공임대,세종,0
2025-07,주택업체,공공임대,강원,0
2025-07,주택업체,공공임대,충북,0
2025-07,주택업체,공공임대,충남,0
2025-07,주택업체,공공임대,전북,0
2025-07,주택업체,공공임대,전남,0
2025-07,주택업체,공공임대,경북,46
2025-07,주택업체,공공임대,경남,10
2025-07,주택업체,공공임대,제주,0
2025-07,주택업체,공공분양,전국,231
2025-07,주택업체,공공분양,서울,0
2025-07,주택업체,공공분양,인천,0
2025-07,주택업체,공공분양,경기,0
2025-07,주택업체,공공분양,부산,0
2025-07,주택업체,공공분양,대구,0
2025-07,주택업체,공공분양,광주,0
2025-07,주택업체,공공분양,대전,0
2025-07,주택업체,공공분양,울산,231
2025-07,주택업체,공공분양,세종,0
2025-07,주택업체,공공분양,강원,0
2025-07,주택업체,공공분양,충북,0
2025-07,주택업체,공공분양,충남,0
2025-07,주택업체,공공분양,전북,0
2025-07,주택업체,공공분양,전남,0
2025-07,주택업체,공공분양,경북,0
2025-07,주택업체,공공분양,경남,0
2025-07,주택업체,공공분양,제주,0
2025-07,민간부문,민간부문,전국,139,000
2025-07,민간부문,민간부문,서울,22,700
2025-07,민간부문,민간부문,인천,10,291
2025-07,민간부문,민간부문,경기,37,683
2025-07,민간부문,민간부문,부산,14,714
2025-07,민간부문,민간부문,대구,1,712
2025-07,민간부문,민간부문,광주,6,185
2025-07,민간부문,민간부문,대전,6,337
2025-07,민간부문,민간부문,울산,2,547
2025-07,민간부문,민간부문,세종,137
2025-07,민간부문,민간부문,강원,2,054
2025-07,민간부문,민간부문,충북,4,719
2025-07,민간부문,민간부문,충남,9,957
2025-07,민간부문,민간부문,전북,3,677
2025-07,민간부문,민간부문,전남,5,670
2025-07,민간부문,민간부문,경북,5,842
2025-07,민간부문,민간부문,경남,3,660
2025-07,민간부문,민간부문,제주,1,115
2025-07,민간,민간임대,전국,8,922
2025-07,민간,민간임대,서울,388
2025-07,민간,민간임대,인천,322
2025-07,민간,민간임대,경기,68
2025-07,민간,민간임대,부산,732
2025-07,민간,민간임대,대구,0
2025-07,민간,민간임대,광주,352
2025-07,민간,민간임대,대전,229
2025-07,민간,민간임대,울산,496
2025-07,민간,민간임대,세종,0
2025-07,민간,민간임대,강원,699
2025-07,민간,민간임대,충북,1,349
2025-07,민간,민간임대,충남,1,053
2025-07,민간,민간임대,전북,1,397
2025-07,민간,민간임대,전남,313
2025-07,민간,민간임대,경북,1,314
2025-07,민간,민간임대,경남,210
2025-07,민간,민간임대,제주,0
2025-07,민간,민간분양,전국,130,078
2025-07,민간,민간분양,서울,22,312
2025-07,민간,민간분양,인천,9,969
2025-07,민간,민간분양,경기,37,615
2025-07,민간,민간분양,부산,13,982
2025-07,민간,민간분양,대구,1,712
2025-07,민간,민간분양,광주,5,833
2025-07,민간,민간분양,대전,6,108
2025-07,민간,민간분양,울산,2,051
2025-07,민간,민간분양,세종,137
2025-07,민간,민간분양,강원,1,355
2025-07,민간,민간분양,충북,3,370
2025-07,민간,민간분양,충남,8,904
2025-07,민간,민간분양,전북,2,280
2025-07,민간,민간분양,전남,5,357
2025-07,민간,민간분양,경북,4,528
2025-07,민간,민간분양,경남,3,450
2025-07,민간,민간분양,제주,1,115
2025-08,총  계,총  계,전국,171,811
2025-08,총  계,총  계,서울,28,441
2025-08,총  계,총  계,인천,13,606
2025-08,총  계,총  계,경기,49,118
2025-08,총  계,총  계,부산,16,052
2025-08,총  계,총  계,대구,2,423
2025-08,총  계,총  계,광주,6,956
2025-08,총  계,총  계,대전,6,599
2025-08,총  계,총  계,울산,2,787
2025-08,총  계,총  계,세종,142
2025-08,총  계,총  계,강원,2,767
2025-08,총  계,총  계,충북,4,837
2025-08,총  계,총  계,충남,13,684
2025-08,총  계,총  계,전북,4,949
2025-08,총  계,총  계,전남,6,073
2025-08,총  계,총  계,경북,7,501
2025-08,총  계,총  계,경남,4,557
2025-08,총  계,총  계,제주,1,319
2025-08,공공부문,공공부문,전국,15,849
2025-08,공공부문,공공부문,서울,4,327
2025-08,공공부문,공공부문,인천,407
2025-08,공공부문,공공부문,경기,8,425
2025-08,공공부문,공공부문,부산,21
2025-08,공공부문,공공부문,대구,0
2025-08,공공부문,공공부문,광주,762
2025-08,공공부문,공공부문,대전,252
2025-08,공공부문,공공부문,울산,231
2025-08,공공부문,공공부문,세종,0
2025-08,공공부문,공공부문,강원,20
2025-08,공공부문,공공부문,충북,0
2025-08,공공부문,공공부문,충남,0
2025-08,공공부문,공공부문,전북,936
2025-08,공공부문,공공부문,전남,152
2025-08,공공부문,공공부문,경북,60
2025-08,공공부문,공공부문,경남,206
2025-08,공공부문,공공부문,제주,50
2025-08,합,국민임대,전국,627
2025-08,합,국민임대,서울,421
2025-08,합,국민임대,인천,0
2025-08,합,국민임대,경기,0
2025-08,합,국민임대,부산,0
2025-08,합,국민임대,대구,0
2025-08,합,국민임대,광주,0
2025-08,합,국민임대,대전,206
2025-08,합,국민임대,울산,0
2025-08,합,국민임대,세종,0
2025-08,합,국민임대,강원,0
2025-08,합,국민임대,충북,0
2025-08,합,국민임대,충남,0
2025-08,합,국민임대,전북,0
2025-08,합,국민임대,전남,0
2025-08,합,국민임대,경북,0
2025-08,합,국민임대,경남,0
2025-08,합,국민임대,제주,0
2025-08,합,공공임대,전국,9,287
2025-08,합,공공임대,서울,3,379
2025-08,합,공공임대,인천,99
2025-08,합,공공임대,경기,3,626
2025-08,합,공공임대,부산,21
2025-08,합,공공임대,대구,0
2025-08,합,공공임대,광주,762
2025-08,합,공공임대,대전,46
2025-08,합,공공임대,울산,0
2025-08,합,공공임대,세종,0
2025-08,합,공공임대,강원,0
2025-08,합,공공임대,충북,0
2025-08,합,공공임대,충남,0
2025-08,합,공공임대,전북,936
2025-08,합,공공임대,전남,152
2025-08,합,공공임대,경북,60
2025-08,합,공공임대,경남,206
2025-08,합,공공임대,제주,0
2025-08,합,공공분양,전국,5,935
2025-08,합,공공분양,서울,527
2025-08,합,공공분양,인천,308
2025-08,합,공공분양,경기,4,799
2025-08,합,공공분양,부산,0
2025-08,합,공공분양,대구,0
2025-08,합,공공분양,광주,0
2025-08,합,공공분양,대전,0
2025-08,합,공공분양,울산,231
2025-08,합,공공분양,세종,0
2025-08,합,공공분양,강원,20
2025-08,합,공공분양,충북,0
2025-08,합,공공분양,충남,0
2025-08,합,공공분양,전북,0
2025-08,합,공공분양,전남,0
2025-08,합,공공분양,경북,0
2025-08,합,공공분양,경남,0
2025-08,합,공공분양,제주,50
2025-08,지자체,소계,전국,4,133
2025-08,지자체,소계,서울,1,337
2025-08,지자체,소계,인천,0
2025-08,지자체,소계,경기,1,428
2025-08,지자체,소계,부산,0
2025-08,지자체,소계,대구,0
2025-08,지자체,소계,광주,0
2025-08,지자체,소계,대전,0
2025-08,지자체,소계,울산,0
2025-08,지자체,소계,세종,0
2025-08,지자체,소계,강원,20
2025-08,지자체,소계,충북,0
2025-08,지자체,소계,충남,0
2025-08,지자체,소계,전북,936
2025-08,지자체,소계,전남,152
2025-08,지자체,소계,경북,14
2025-08,지자체,소계,경남,196
2025-08,지자체,소계,제주,50
2025-08,지자체,국민임대,전국,0
2025-08,지자체,국민임대,서울,0
2025-08,지자체,국민임대,인천,0
2025-08,지자체,국민임대,경기,0
2025-08,지자체,국민임대,부산,0
2025-08,지자체,국민임대,대구,0
2025-08,지자체,국민임대,광주,0
2025-08,지자체,국민임대,대전,0
2025-08,지자체,국민임대,울산,0
2025-08,지자체,국민임대,세종,0
2025-08,지자체,국민임대,강원,0
2025-08,지자체,국민임대,충북,0
2025-08,지자체,국민임대,충남,0
2025-08,지자체,국민임대,전북,0
2025-08,지자체,국민임대,전남,0
2025-08,지자체,국민임대,경북,0
2025-08,지자체,국민임대,경남,0
2025-08,지자체,국민임대,제주,0
2025-08,지자체,공공임대,전국,3,358
2025-08,지자체,공공임대,서울,1,337
2025-08,지자체,공공임대,인천,0
2025-08,지자체,공공임대,경기,723
2025-08,지자체,공공임대,부산,0
2025-08,지자체,공공임대,대구,0
2025-08,지자체,공공임대,광주,0
2025-08,지자체,공공임대,대전,0
2025-08,지자체,공공임대,울산,0
2025-08,지자체,공공임대,세종,0
2025-08,지자체,공공임대,강원,0
2025-08,지자체,공공임대,충북,0
2025-08,지자체,공공임대,충남,0
2025-08,지자체,공공임대,전북,936
2025-08,지자체,공공임대,전남,152
2025-08,지자체,공공임대,경북,14
2025-08,지자체,공공임대,경남,196
2025-08,지자체,공공임대,제주,0
2025-08,지자체,공공분양,전국,775
2025-08,지자체,공공분양,서울,0
2025-08,지자체,공공분양,인천,0
2025-08,지자체,공공분양,경기,705
2025-08,지자체,공공분양,부산,0
2025-08,지자체,공공분양,대구,0
2025-08,지자체,공공분양,광주,0
2025-08,지자체,공공분양,대전,0
2025-08,지자체,공공분양,울산,0
2025-08,지자체,공공분양,세종,0
2025-08,지자체,공공분양,강원,20
2025-08,지자체,공공분양,충북,0
2025-08,지자체,공공분양,충남,0
2025-08,지자체,공공분양,전북,0
2025-08,지자체,공공분양,전남,0
2025-08,지자체,공공분양,경북,0
2025-08,지자체,공공분양,경남,0
2025-08,지자체,공공분양,제주,50
2025-08,LH,소계,전국,7,853
2025-08,LH,소계,서울,714
2025-08,LH,소계,인천,308
2025-08,LH,소계,경기,6,831
2025-08,LH,소계,부산,0
2025-08,LH,소계,대구,0
2025-08,LH,소계,광주,0
2025-08,LH,소계,대전,0
2025-08,LH,소계,울산,0
2025-08,LH,소계,세종,0
2025-08,LH,소계,강원,0
2025-08,LH,소계,충북,0
2025-08,LH,소계,충남,0
2025-08,LH,소계,전북,0
2025-08,LH,소계,전남,0
2025-08,LH,소계,경북,0
2025-08,LH,소계,경남,0
2025-08,LH,소계,제주,0
2025-08,LH,국민임대,전국,0
2025-08,LH,국민임대,서울,0
2025-08,LH,국민임대,인천,0
2025-08,LH,국민임대,경기,0
2025-08,LH,국민임대,부산,0
2025-08,LH,국민임대,대구,0
2025-08,LH,국민임대,광주,0
2025-08,LH,국민임대,대전,0
2025-08,LH,국민임대,울산,0
2025-08,LH,국민임대,세종,0
2025-08,LH,국민임대,강원,0
2025-08,LH,국민임대,충북,0
2025-08,LH,국민임대,충남,0
2025-08,LH,국민임대,전북,0
2025-08,LH,국민임대,전남,0
2025-08,LH,국민임대,경북,0
2025-08,LH,국민임대,경남,0
2025-08,LH,국민임대,제주,0
2025-08,LH,공공임대,전국,2,924
2025-08,LH,공공임대,서울,187
2025-08,LH,공공임대,인천,0
2025-08,LH,공공임대,경기,2,737
2025-08,LH,공공임대,부산,0
2025-08,LH,공공임대,대구,0
2025-08,LH,공공임대,광주,0
2025-08,LH,공공임대,대전,0
2025-08,LH,공공임대,울산,0
2025-08,LH,공공임대,세종,0
2025-08,LH,공공임대,강원,0
2025-08,LH,공공임대,충북,0
2025-08,LH,공공임대,충남,0
2025-08,LH,공공임대,전북,0
2025-08,LH,공공임대,전남,0
2025-08,LH,공공임대,경북,0
2025-08,LH,공공임대,경남,0
2025-08,LH,공공임대,제주,0
2025-08,LH,공공분양,전국,4,929
2025-08,LH,공공분양,서울,527
2025-08,LH,공공분양,인천,308
2025-08,LH,공공분양,경기,4,094
2025-08,LH,공공분양,부산,0
2025-08,LH,공공분양,대구,0
2025-08,LH,공공분양,광주,0
2025-08,LH,공공분양,대전,0
2025-08,LH,공공분양,울산,0
2025-08,LH,공공분양,세종,0
2025-08,LH,공공분양,강원,0
2025-08,LH,공공분양,충북,0
2025-08,LH,공공분양,충남,0
2025-08,LH,공공분양,전북,0
2025-08,LH,공공분양,전남,0
2025-08,LH,공공분양,경북,0
2025-08,LH,공공분양,경남,0
2025-08,LH,공공분양,제주,0
2025-08,주택업체,소계,전국,3,863
2025-08,주택업체,소계,서울,2,276
2025-08,주택업체,소계,인천,99
2025-08,주택업체,소계,경기,166
2025-08,주택업체,소계,부산,21
2025-08,주택업체,소계,대구,0
2025-08,주택업체,소계,광주,762
2025-08,주택업체,소계,대전,252
2025-08,주택업체,소계,울산,231
2025-08,주택업체,소계,세종,0
2025-08,주택업체,소계,강원,0
2025-08,주택업체,소계,충북,0
2025-08,주택업체,소계,충남,0
2025-08,주택업체,소계,전북,0
2025-08,주택업체,소계,전남,0
2025-08,주택업체,소계,경북,46
2025-08,주택업체,소계,경남,10
2025-08,주택업체,소계,제주,0
2025-08,주택업체,국민임대,전국,627
2025-08,주택업체,국민임대,서울,421
2025-08,주택업체,국민임대,인천,0
2025-08,주택업체,국민임대,경기,0
2025-08,주택업체,국민임대,부산,0
2025-08,주택업체,국민임대,대구,0
2025-08,주택업체,국민임대,광주,0
2025-08,주택업체,국민임대,대전,206
2025-08,주택업체,국민임대,울산,0
2025-08,주택업체,국민임대,세종,0
2025-08,주택업체,국민임대,강원,0
2025-08,주택업체,국민임대,충북,0
2025-08,주택업체,국민임대,충남,0
2025-08,주택업체,국민임대,전북,0
2025-08,주택업체,국민임대,전남,0
2025-08,주택업체,국민임대,경북,0
2025-08,주택업체,국민임대,경남,0
2025-08,주택업체,국민임대,제주,0
2025-08,주택업체,공공임대,전국,3,005
2025-08,주택업체,공공임대,서울,1,855
2025-08,주택업체,공공임대,인천,99
2025-08,주택업체,공공임대,경기,166
2025-08,주택업체,공공임대,부산,21
2025-08,주택업체,공공임대,대구,0
2025-08,주택업체,공공임대,광주,762
2025-08,주택업체,공공임대,대전,46
2025-08,주택업체,공공임대,울산,0
2025-08,주택업체,공공임대,세종,0
2025-08,주택업체,공공임대,강원,0
2025-08,주택업체,공공임대,충북,0
2025-08,주택업체,공공임대,충남,0
2025-08,주택업체,공공임대,전북,0
2025-08,주택업체,공공임대,전남,0
2025-08,주택업체,공공임대,경북,46
2025-08,주택업체,공공임대,경남,10
2025-08,주택업체,공공임대,제주,0
2025-08,주택업체,공공분양,전국,231
2025-08,주택업체,공공분양,서울,0
2025-08,주택업체,공공분양,인천,0
2025-08,주택업체,공공분양,경기,0
2025-08,주택업체,공공분양,부산,0
2025-08,주택업체,공공분양,대구,0
2025-08,주택업체,공공분양,광주,0
2025-08,주택업체,공공분양,대전,0
2025-08,주택업체,공공분양,울산,231
2025-08,주택업체,공공분양,세종,0
2025-08,주택업체,공공분양,강원,0
2025-08,주택업체,공공분양,충북,0
2025-08,주택업체,공공분양,충남,0
2025-08,주택업체,공공분양,전북,0
2025-08,주택업체,공공분양,전남,0
2025-08,주택업체,공공분양,경북,0
2025-08,주택업체,공공분양,경남,0
2025-08,주택업체,공공분양,제주,0
2025-08,민간부문,민간부문,전국,155,962
2025-08,민간부문,민간부문,서울,24,114
2025-08,민간부문,민간부문,인천,13,199
2025-08,민간부문,민간부문,경기,40,693
2025-08,민간부문,민간부문,부산,16,031
2025-08,민간부문,민간부문,대구,2,423
2025-08,민간부문,민간부문,광주,6,194
2025-08,민간부문,민간부문,대전,6,347
2025-08,민간부문,민간부문,울산,2,556
2025-08,민간부문,민간부문,세종,142
2025-08,민간부문,민간부문,강원,2,747
2025-08,민간부문,민간부문,충북,4,837
2025-08,민간부문,민간부문,충남,13,684
2025-08,민간부문,민간부문,전북,4,013
2025-08,민간부문,민간부문,전남,5,921
2025-08,민간부문,민간부문,경북,7,441
2025-08,민간부문,민간부문,경남,4,351
2025-08,민간부문,민간부문,제주,1,269
2025-08,민간,민간임대,전국,9,498
2025-08,민간,민간임대,서울,388
2025-08,민간,민간임대,인천,322
2025-08,민간,민간임대,경기,240
2025-08,민간,민간임대,부산,847
2025-08,민간,민간임대,대구,0
2025-08,민간,민간임대,광주,352
2025-08,민간,민간임대,대전,229
2025-08,민간,민간임대,울산,496
2025-08,민간,민간임대,세종,0
2025-08,민간,민간임대,강원,699
2025-08,민간,민간임대,충북,1,349
2025-08,민간,민간임대,충남,1,274
2025-08,민간,민간임대,전북,1,397
2025-08,민간,민간임대,전남,313
2025-08,민간,민간임대,경북,1,314
2025-08,민간,민간임대,경남,210
2025-08,민간,민간임대,제주,68
2025-08,민간,민간분양,전국,146,464
2025-08,민간,민간분양,서울,23,726
2025-08,민간,민간분양,인천,12,877
2025-08,민간,민간분양,경기,40,453
2025-08,민간,민간분양,부산,15,184
2025-08,민간,민간분양,대구,2,423
2025-08,민간,민간분양,광주,5,842
2025-08,민간,민간분양,대전,6,118
2025-08,민간,민간분양,울산,2,060
2025-08,민간,민간분양,세종,142
2025-08,민간,민간분양,강원,2,048
2025-08,민간,민간분양,충북,3,488
2025-08,민간,민간분양,충남,12,410
2025-08,민간,민간분양,전북,2,616
2025-08,민간,민간분양,전남,5,608
2025-08,민간,민간분양,경북,6,127
2025-08,민간,민간분양,경남,4,141
2025-08,민간,민간분양,제주,1,201
2025-09,총  계,총  계,전국,219,322
2025-09,총  계,총  계,서울,33,283
2025-09,총  계,총  계,인천,16,700
2025-09,총  계,총  계,경기,61,963
2025-09,총  계,총  계,부산,23,830
2025-09,총  계,총  계,대구,3,937
2025-09,총  계,총  계,광주,7,741
2025-09,총  계,총  계,대전,7,633
2025-09,총  계,총  계,울산,3,019
2025-09,총  계,총  계,세종,189
2025-09,총  계,총  계,강원,4,446
2025-09,총  계,총  계,충북,4,992
2025-09,총  계,총  계,충남,19,426
2025-09,총  계,총  계,전북,8,632
2025-09,총  계,총  계,전남,7,092
2025-09,총  계,총  계,경북,8,105
2025-09,총  계,총  계,경남,6,744
2025-09,총  계,총  계,제주,1,590
2025-09,공공부문,공공부문,전국,23,462
2025-09,공공부문,공공부문,서울,5,586
2025-09,공공부문,공공부문,인천,467
2025-09,공공부문,공공부문,경기,12,783
2025-09,공공부문,공공부문,부산,113
2025-09,공공부문,공공부문,대구,0
2025-09,공공부문,공공부문,광주,762
2025-09,공공부문,공공부문,대전,252
2025-09,공공부문,공공부문,울산,231
2025-09,공공부문,공공부문,세종,0
2025-09,공공부문,공공부문,강원,618
2025-09,공공부문,공공부문,충북,0
2025-09,공공부문,공공부문,충남,727
2025-09,공공부문,공공부문,전북,936
2025-09,공공부문,공공부문,전남,202
2025-09,공공부문,공공부문,경북,60
2025-09,공공부문,공공부문,경남,628
2025-09,공공부문,공공부문,제주,97
2025-09,합,국민임대,전국,921
2025-09,합,국민임대,서울,715
2025-09,합,국민임대,인천,0
2025-09,합,국민임대,경기,0
2025-09,합,국민임대,부산,0
2025-09,합,국민임대,대구,0
2025-09,합,국민임대,광주,0
2025-09,합,국민임대,대전,206
2025-09,합,국민임대,울산,0
2025-09,합,국민임대,세종,0
2025-09,합,국민임대,강원,0
2025-09,합,국민임대,충북,0
2025-09,합,국민임대,충남,0
2025-09,합,국민임대,전북,0
2025-09,합,국민임대,전남,0
2025-09,합,국민임대,경북,0
2025-09,합,국민임대,경남,0
2025-09,합,국민임대,제주,0
2025-09,합,공공임대,전국,11,468
2025-09,합,공공임대,서울,4,344
2025-09,합,공공임대,인천,159
2025-09,합,공공임대,경기,3,734
2025-09,합,공공임대,부산,113
2025-09,합,공공임대,대구,0
2025-09,합,공공임대,광주,762
2025-09,합,공공임대,대전,46
2025-09,합,공공임대,울산,0
2025-09,합,공공임대,세종,0
2025-09,합,공공임대,강원,598
2025-09,합,공공임대,충북,0
2025-09,합,공공임대,충남,0
2025-09,합,공공임대,전북,936
2025-09,합,공공임대,전남,202
2025-09,합,공공임대,경북,60
2025-09,합,공공임대,경남,514
2025-09,합,공공임대,제주,0
2025-09,합,공공분양,전국,11,073
2025-09,합,공공분양,서울,527
2025-09,합,공공분양,인천,308
2025-09,합,공공분양,경기,9,049
2025-09,합,공공분양,부산,0
2025-09,합,공공분양,대구,0
2025-09,합,공공분양,광주,0
2025-09,합,공공분양,대전,0
2025-09,합,공공분양,울산,231
2025-09,합,공공분양,세종,0
2025-09,합,공공분양,강원,20
2025-09,합,공공분양,충북,0
2025-09,합,공공분양,충남,727
2025-09,합,공공분양,전북,0
2025-09,합,공공분양,전남,0
2025-09,합,공공분양,경북,0
2025-09,합,공공분양,경남,114
2025-09,합,공공분양,제주,97
2025-09,지자체,소계,전국,4,515
2025-09,지자체,소계,서울,1,522
2025-09,지자체,소계,인천,0
2025-09,지자체,소계,경기,1,428
2025-09,지자체,소계,부산,0
2025-09,지자체,소계,대구,0
2025-09,지자체,소계,광주,0
2025-09,지자체,소계,대전,0
2025-09,지자체,소계,울산,0
2025-09,지자체,소계,세종,0
2025-09,지자체,소계,강원,20
2025-09,지자체,소계,충북,0
2025-09,지자체,소계,충남,0
2025-09,지자체,소계,전북,936
2025-09,지자체,소계,전남,202
2025-09,지자체,소계,경북,14
2025-09,지자체,소계,경남,296
2025-09,지자체,소계,제주,97
2025-09,지자체,국민임대,전국,0
2025-09,지자체,국민임대,서울,0
2025-09,지자체,국민임대,인천,0
2025-09,지자체,국민임대,경기,0
2025-09,지자체,국민임대,부산,0
2025-09,지자체,국민임대,대구,0
2025-09,지자체,국민임대,광주,0
2025-09,지자체,국민임대,대전,0
2025-09,지자체,국민임대,울산,0
2025-09,지자체,국민임대,세종,0
2025-09,지자체,국민임대,강원,0
2025-09,지자체,국민임대,충북,0
2025-09,지자체,국민임대,충남,0
2025-09,지자체,국민임대,전북,0
2025-09,지자체,국민임대,전남,0
2025-09,지자체,국민임대,경북,0
2025-09,지자체,국민임대,경남,0
2025-09,지자체,국민임대,제주,0
2025-09,지자체,공공임대,전국,3,693
2025-09,지자체,공공임대,서울,1,522
2025-09,지자체,공공임대,인천,0
2025-09,지자체,공공임대,경기,723
2025-09,지자체,공공임대,부산,0
2025-09,지자체,공공임대,대구,0
2025-09,지자체,공공임대,광주,0
2025-09,지자체,공공임대,대전,0
2025-09,지자체,공공임대,울산,0
2025-09,지자체,공공임대,세종,0
2025-09,지자체,공공임대,강원,0
2025-09,지자체,공공임대,충북,0
2025-09,지자체,공공임대,충남,0
2025-09,지자체,공공임대,전북,936
2025-09,지자체,공공임대,전남,202
2025-09,지자체,공공임대,경북,14
2025-09,지자체,공공임대,경남,296
2025-09,지자체,공공임대,제주,0
2025-09,지자체,공공분양,전국,822
2025-09,지자체,공공분양,서울,0
2025-09,지자체,공공분양,인천,0
2025-09,지자체,공공분양,경기,705
2025-09,지자체,공공분양,부산,0
2025-09,지자체,공공분양,대구,0
2025-09,지자체,공공분양,광주,0
2025-09,지자체,공공분양,대전,0
2025-09,지자체,공공분양,울산,0
2025-09,지자체,공공분양,세종,0
2025-09,지자체,공공분양,강원,20
2025-09,지자체,공공분양,충북,0
2025-09,지자체,공공분양,충남,0
2025-09,지자체,공공분양,전북,0
2025-09,지자체,공공분양,전남,0
2025-09,지자체,공공분양,경북,0
2025-09,지자체,공공분양,경남,0
2025-09,지자체,공공분양,제주,97
2025-09,LH,소계,전국,13,023
2025-09,LH,소계,서울,714
2025-09,LH,소계,인천,308
2025-09,LH,소계,경기,11,081
2025-09,LH,소계,부산,0
2025-09,LH,소계,대구,0
2025-09,LH,소계,광주,0
2025-09,LH,소계,대전,0
2025-09,LH,소계,울산,0
2025-09,LH,소계,세종,0
2025-09,LH,소계,강원,598
2025-09,LH,소계,충북,0
2025-09,LH,소계,충남,0
2025-09,LH,소계,전북,0
2025-09,LH,소계,전남,0
2025-09,LH,소계,경북,0
2025-09,LH,소계,경남,322
2025-09,LH,소계,제주,0
2025-09,LH,국민임대,전국,0
2025-09,LH,국민임대,서울,0
2025-09,LH,국민임대,인천,0
2025-09,LH,국민임대,경기,0
2025-09,LH,국민임대,부산,0
2025-09,LH,국민임대,대구,0
2025-09,LH,국민임대,광주,0
2025-09,LH,국민임대,대전,0
2025-09,LH,국민임대,울산,0
2025-09,LH,국민임대,세종,0
2025-09,LH,국민임대,강원,0
2025-09,LH,국민임대,충북,0
2025-09,LH,국민임대,충남,0
2025-09,LH,국민임대,전북,0
2025-09,LH,국민임대,전남,0
2025-09,LH,국민임대,경북,0
2025-09,LH,국민임대,경남,0
2025-09,LH,국민임대,제주,0
2025-09,LH,공공임대,전국,3,730
2025-09,LH,공공임대,서울,187
2025-09,LH,공공임대,인천,0
2025-09,LH,공공임대,경기,2,737
2025-09,LH,공공임대,부산,0
2025-09,LH,공공임대,대구,0
2025-09,LH,공공임대,광주,0
2025-09,LH,공공임대,대전,0
2025-09,LH,공공임대,울산,0
2025-09,LH,공공임대,세종,0
2025-09,LH,공공임대,강원,598
2025-09,LH,공공임대,충북,0
2025-09,LH,공공임대,충남,0
2025-09,LH,공공임대,전북,0
2025-09,LH,공공임대,전남,0
2025-09,LH,공공임대,경북,0
2025-09,LH,공공임대,경남,208
2025-09,LH,공공임대,제주,0
2025-09,LH,공공분양,전국,9,293
2025-09,LH,공공분양,서울,527
2025-09,LH,공공분양,인천,308
2025-09,LH,공공분양,경기,8,344
2025-09,LH,공공분양,부산,0
2025-09,LH,공공분양,대구,0
2025-09,LH,공공분양,광주,0
2025-09,LH,공공분양,대전,0
2025-09,LH,공공분양,울산,0
2025-09,LH,공공분양,세종,0
2025-09,LH,공공분양,강원,0
2025-09,LH,공공분양,충북,0
2025-09,LH,공공분양,충남,0
2025-09,LH,공공분양,전북,0
2025-09,LH,공공분양,전남,0
2025-09,LH,공공분양,경북,0
2025-09,LH,공공분양,경남,114
2025-09,LH,공공분양,제주,0
2025-09,주택업체,소계,전국,5,924
2025-09,주택업체,소계,서울,3,350
2025-09,주택업체,소계,인천,159
2025-09,주택업체,소계,경기,274
2025-09,주택업체,소계,부산,113
2025-09,주택업체,소계,대구,0
2025-09,주택업체,소계,광주,762
2025-09,주택업체,소계,대전,252
2025-09,주택업체,소계,울산,231
2025-09,주택업체,소계,세종,0
2025-09,주택업체,소계,강원,0
2025-09,주택업체,소계,충북,0
2025-09,주택업체,소계,충남,727
2025-09,주택업체,소계,전북,0
2025-09,주택업체,소계,전남,0
2025-09,주택업체,소계,경북,46
2025-09,주택업체,소계,경남,10
2025-09,주택업체,소계,제주,0
2025-09,주택업체,국민임대,전국,921
2025-09,주택업체,국민임대,서울,715
2025-09,주택업체,국민임대,인천,0
2025-09,주택업체,국민임대,경기,0
2025-09,주택업체,국민임대,부산,0
2025-09,주택업체,국민임대,대구,0
2025-09,주택업체,국민임대,광주,0
2025-09,주택업체,국민임대,대전,206
2025-09,주택업체,국민임대,울산,0
2025-09,주택업체,국민임대,세종,0
2025-09,주택업체,국민임대,강원,0
2025-09,주택업체,국민임대,충북,0
2025-09,주택업체,국민임대,충남,0
2025-09,주택업체,국민임대,전북,0
2025-09,주택업체,국민임대,전남,0
2025-09,주택업체,국민임대,경북,0
2025-09,주택업체,국민임대,경남,0
2025-09,주택업체,국민임대,제주,0
2025-09,주택업체,공공임대,전국,4,045
2025-09,주택업체,공공임대,서울,2,635
2025-09,주택업체,공공임대,인천,159
2025-09,주택업체,공공임대,경기,274
2025-09,주택업체,공공임대,부산,113
2025-09,주택업체,공공임대,대구,0
2025-09,주택업체,공공임대,광주,762
2025-09,주택업체,공공임대,대전,46
2025-09,주택업체,공공임대,울산,0
2025-09,주택업체,공공임대,세종,0
2025-09,주택업체,공공임대,강원,0
2025-09,주택업체,공공임대,충북,0
2025-09,주택업체,공공임대,충남,0
2025-09,주택업체,공공임대,전북,0
2025-09,주택업체,공공임대,전남,0
2025-09,주택업체,공공임대,경북,46
2025-09,주택업체,공공임대,경남,10
2025-09,주택업체,공공임대,제주,0
2025-09,주택업체,공공분양,전국,958
2025-09,주택업체,공공분양,서울,0
2025-09,주택업체,공공분양,인천,0
2025-09,주택업체,공공분양,경기,0
2025-09,주택업체,공공분양,부산,0
2025-09,주택업체,공공분양,대구,0
2025-09,주택업체,공공분양,광주,0
2025-09,주택업체,공공분양,대전,0
2025-09,주택업체,공공분양,울산,231
2025-09,주택업체,공공분양,세종,0
2025-09,주택업체,공공분양,강원,0
2025-09,주택업체,공공분양,충북,0
2025-09,주택업체,공공분양,충남,727
2025-09,주택업체,공공분양,전북,0
2025-09,주택업체,공공분양,전남,0
2025-09,주택업체,공공분양,경북,0
2025-09,주택업체,공공분양,경남,0
2025-09,주택업체,공공분양,제주,0
2025-09,민간부문,민간부문,전국,195,860
2025-09,민간부문,민간부문,서울,27,697
2025-09,민간부문,민간부문,인천,16,233
2025-09,민간부문,민간부문,경기,49,180
2025-09,민간부문,민간부문,부산,23,717
2025-09,민간부문,민간부문,대구,3,937
2025-09,민간부문,민간부문,광주,6,979
2025-09,민간부문,민간부문,대전,7,381
2025-09,민간부문,민간부문,울산,2,788
2025-09,민간부문,민간부문,세종,189
2025-09,민간부문,민간부문,강원,3,828
2025-09,민간부문,민간부문,충북,4,992
2025-09,민간부문,민간부문,충남,18,699
2025-09,민간부문,민간부문,전북,7,696
2025-09,민간부문,민간부문,전남,6,890
2025-09,민간부문,민간부문,경북,8,045
2025-09,민간부문,민간부문,경남,6,116
2025-09,민간부문,민간부문,제주,1,493
2025-09,민간,민간임대,전국,11,007
2025-09,민간,민간임대,서울,532
2025-09,민간,민간임대,인천,322
2025-09,민간,민간임대,경기,807
2025-09,민간,민간임대,부산,1,049
2025-09,민간,민간임대,대구,0
2025-09,민간,민간임대,광주,432
2025-09,민간,민간임대,대전,229
2025-09,민간,민간임대,울산,496
2025-09,민간,민간임대,세종,0
2025-09,민간,민간임대,강원,699
2025-09,민간,민간임대,충북,1,349
2025-09,민간,민간임대,충남,1,518
2025-09,민간,민간임대,전북,1,397
2025-09,민간,민간임대,전남,585
2025-09,민간,민간임대,경북,1,314
2025-09,민간,민간임대,경남,210
2025-09,민간,민간임대,제주,68
2025-09,민간,민간분양,전국,184,853
2025-09,민간,민간분양,서울,27,165
2025-09,민간,민간분양,인천,15,911
2025-09,민간,민간분양,경기,48,373
2025-09,민간,민간분양,부산,22,668
2025-09,민간,민간분양,대구,3,937
2025-09,민간,민간분양,광주,6,547
2025-09,민간,민간분양,대전,7,152
2025-09,민간,민간분양,울산,2,292
2025-09,민간,민간분양,세종,189
2025-09,민간,민간분양,강원,3,129
2025-09,민간,민간분양,충북,3,643
2025-09,민간,민간분양,충남,17,181
2025-09,민간,민간분양,전북,6,299
2025-09,민간,민간분양,전남,6,305
2025-09,민간,민간분양,경북,6,731
2025-09,민간,민간분양,경남,5,906
2025-09,민간,민간분양,제주,1,425
2025-10,총  계,총  계,전국,246,659
2025-10,총  계,총  계,서울,35,258
2025-10,총  계,총  계,인천,18,335
2025-10,총  계,총  계,경기,71,643
2025-10,총  계,총  계,부산,25,016
2025-10,총  계,총  계,대구,4,772
2025-10,총  계,총  계,광주,7,751
2025-10,총  계,총  계,대전,12,352
2025-10,총  계,총  계,울산,3,065
2025-10,총  계,총  계,세종,214
2025-10,총  계,총  계,강원,4,597
2025-10,총  계,총  계,충북,5,094
2025-10,총  계,총  계,충남,24,282
2025-10,총  계,총  계,전북,9,112
2025-10,총  계,총  계,전남,7,609
2025-10,총  계,총  계,경북,8,601
2025-10,총  계,총  계,경남,6,882
2025-10,총  계,총  계,제주,2,076
2025-10,공공부문,공공부문,전국,30,095
2025-10,공공부문,공공부문,서울,5,843
2025-10,공공부문,공공부문,인천,467
2025-10,공공부문,공공부문,경기,18,897
2025-10,공공부문,공공부문,부산,113
2025-10,공공부문,공공부문,대구,0
2025-10,공공부문,공공부문,광주,762
2025-10,공공부문,공공부문,대전,252
2025-10,공공부문,공공부문,울산,231
2025-10,공공부문,공공부문,세종,0
2025-10,공공부문,공공부문,강원,618
2025-10,공공부문,공공부문,충북,0
2025-10,공공부문,공공부문,충남,727
2025-10,공공부문,공공부문,전북,951
2025-10,공공부문,공공부문,전남,262
2025-10,공공부문,공공부문,경북,60
2025-10,공공부문,공공부문,경남,628
2025-10,공공부문,공공부문,제주,284
2025-10,합,국민임대,전국,921
2025-10,합,국민임대,서울,715
2025-10,합,국민임대,인천,0
2025-10,합,국민임대,경기,0
2025-10,합,국민임대,부산,0
2025-10,합,국민임대,대구,0
2025-10,합,국민임대,광주,0
2025-10,합,국민임대,대전,206
2025-10,합,국민임대,울산,0
2025-10,합,국민임대,세종,0
2025-10,합,국민임대,강원,0
2025-10,합,국민임대,충북,0
2025-10,합,국민임대,충남,0
2025-10,합,국민임대,전북,0
2025-10,합,국민임대,전남,0
2025-10,합,국민임대,경북,0
2025-10,합,국민임대,경남,0
2025-10,합,국민임대,제주,0
2025-10,합,공공임대,전국,18,050
2025-10,합,공공임대,서울,4,590
2025-10,합,공공임대,인천,159
2025-10,합,공공임대,경기,9,808
2025-10,합,공공임대,부산,113
2025-10,합,공공임대,대구,0
2025-10,합,공공임대,광주,762
2025-10,합,공공임대,대전,46
2025-10,합,공공임대,울산,0
2025-10,합,공공임대,세종,0
2025-10,합,공공임대,강원,598
2025-10,합,공공임대,충북,0
2025-10,합,공공임대,충남,0
2025-10,합,공공임대,전북,951
2025-10,합,공공임대,전남,262
2025-10,합,공공임대,경북,60
2025-10,합,공공임대,경남,514
2025-10,합,공공임대,제주,187
2025-10,합,공공분양,전국,11,124
2025-10,합,공공분양,서울,538
2025-10,합,공공분양,인천,308
2025-10,합,공공분양,경기,9,089
2025-10,합,공공분양,부산,0
2025-10,합,공공분양,대구,0
2025-10,합,공공분양,광주,0
2025-10,합,공공분양,대전,0
2025-10,합,공공분양,울산,231
2025-10,합,공공분양,세종,0
2025-10,합,공공분양,강원,20
2025-10,합,공공분양,충북,0
2025-10,합,공공분양,충남,727
2025-10,합,공공분양,전북,0
2025-10,합,공공분양,전남,0
2025-10,합,공공분양,경북,0
2025-10,합,공공분양,경남,114
2025-10,합,공공분양,제주,97
2025-10,지자체,소계,전국,4,858
2025-10,지자체,소계,서울,1,533
2025-10,지자체,소계,인천,0
2025-10,지자체,소계,경기,1,498
2025-10,지자체,소계,부산,0
2025-10,지자체,소계,대구,0
2025-10,지자체,소계,광주,0
2025-10,지자체,소계,대전,0
2025-10,지자체,소계,울산,0
2025-10,지자체,소계,세종,0
2025-10,지자체,소계,강원,20
2025-10,지자체,소계,충북,0
2025-10,지자체,소계,충남,0
2025-10,지자체,소계,전북,951
2025-10,지자체,소계,전남,262
2025-10,지자체,소계,경북,14
2025-10,지자체,소계,경남,296
2025-10,지자체,소계,제주,284
2025-10,지자체,국민임대,전국,0
2025-10,지자체,국민임대,서울,0
2025-10,지자체,국민임대,인천,0
2025-10,지자체,국민임대,경기,0
2025-10,지자체,국민임대,부산,0
2025-10,지자체,국민임대,대구,0
2025-10,지자체,국민임대,광주,0
2025-10,지자체,국민임대,대전,0
2025-10,지자체,국민임대,울산,0
2025-10,지자체,국민임대,세종,0
2025-10,지자체,국민임대,강원,0
2025-10,지자체,국민임대,충북,0
2025-10,지자체,국민임대,충남,0
2025-10,지자체,국민임대,전북,0
2025-10,지자체,국민임대,전남,0
2025-10,지자체,국민임대,경북,0
2025-10,지자체,국민임대,경남,0
2025-10,지자체,국민임대,제주,0
2025-10,지자체,공공임대,전국,3,985
2025-10,지자체,공공임대,서울,1,522
2025-10,지자체,공공임대,인천,0
2025-10,지자체,공공임대,경기,753
2025-10,지자체,공공임대,부산,0
2025-10,지자체,공공임대,대구,0
2025-10,지자체,공공임대,광주,0
2025-10,지자체,공공임대,대전,0
2025-10,지자체,공공임대,울산,0
2025-10,지자체,공공임대,세종,0
2025-10,지자체,공공임대,강원,0
2025-10,지자체,공공임대,충북,0
2025-10,지자체,공공임대,충남,0
2025-10,지자체,공공임대,전북,951
2025-10,지자체,공공임대,전남,262
2025-10,지자체,공공임대,경북,14
2025-10,지자체,공공임대,경남,296
2025-10,지자체,공공임대,제주,187
2025-10,지자체,공공분양,전국,873
2025-10,지자체,공공분양,서울,11
2025-10,지자체,공공분양,인천,0
2025-10,지자체,공공분양,경기,745
2025-10,지자체,공공분양,부산,0
2025-10,지자체,공공분양,대구,0
2025-10,지자체,공공분양,광주,0
2025-10,지자체,공공분양,대전,0
2025-10,지자체,공공분양,울산,0
2025-10,지자체,공공분양,세종,0
2025-10,지자체,공공분양,강원,20
2025-10,지자체,공공분양,충북,0
2025-10,지자체,공공분양,충남,0
2025-10,지자체,공공분양,전북,0
2025-10,지자체,공공분양,전남,0
2025-10,지자체,공공분양,경북,0
2025-10,지자체,공공분양,경남,0
2025-10,지자체,공공분양,제주,97
2025-10,LH,소계,전국,19,067
2025-10,LH,소계,서울,714
2025-10,LH,소계,인천,308
2025-10,LH,소계,경기,17,125
2025-10,LH,소계,부산,0
2025-10,LH,소계,대구,0
2025-10,LH,소계,광주,0
2025-10,LH,소계,대전,0
2025-10,LH,소계,울산,0
2025-10,LH,소계,세종,0
2025-10,LH,소계,강원,598
2025-10,LH,소계,충북,0
2025-10,LH,소계,충남,0
2025-10,LH,소계,전북,0
2025-10,LH,소계,전남,0
2025-10,LH,소계,경북,0
2025-10,LH,소계,경남,322
2025-10,LH,소계,제주,0
2025-10,LH,국민임대,전국,0
2025-10,LH,국민임대,서울,0
2025-10,LH,국민임대,인천,0
2025-10,LH,국민임대,경기,0
2025-10,LH,국민임대,부산,0
2025-10,LH,국민임대,대구,0
2025-10,LH,국민임대,광주,0
2025-10,LH,국민임대,대전,0
2025-10,LH,국민임대,울산,0
2025-10,LH,국민임대,세종,0
2025-10,LH,국민임대,강원,0
2025-10,LH,국민임대,충북,0
2025-10,LH,국민임대,충남,0
2025-10,LH,국민임대,전북,0
2025-10,LH,국민임대,전남,0
2025-10,LH,국민임대,경북,0
2025-10,LH,국민임대,경남,0
2025-10,LH,국민임대,제주,0
2025-10,LH,공공임대,전국,9,774
2025-10,LH,공공임대,서울,187
2025-10,LH,공공임대,인천,0
2025-10,LH,공공임대,경기,8,781
2025-10,LH,공공임대,부산,0
2025-10,LH,공공임대,대구,0
2025-10,LH,공공임대,광주,0
2025-10,LH,공공임대,대전,0
2025-10,LH,공공임대,울산,0
2025-10,LH,공공임대,세종,0
2025-10,LH,공공임대,강원,598
2025-10,LH,공공임대,충북,0
2025-10,LH,공공임대,충남,0
2025-10,LH,공공임대,전북,0
2025-10,LH,공공임대,전남,0
2025-10,LH,공공임대,경북,0
2025-10,LH,공공임대,경남,208
2025-10,LH,공공임대,제주,0
2025-10,LH,공공분양,전국,9,293
2025-10,LH,공공분양,서울,527
2025-10,LH,공공분양,인천,308
2025-10,LH,공공분양,경기,8,344
2025-10,LH,공공분양,부산,0
2025-10,LH,공공분양,대구,0
2025-10,LH,공공분양,광주,0
2025-10,LH,공공분양,대전,0
2025-10,LH,공공분양,울산,0
2025-10,LH,공공분양,세종,0
2025-10,LH,공공분양,강원,0
2025-10,LH,공공분양,충북,0
2025-10,LH,공공분양,충남,0
2025-10,LH,공공분양,전북,0
2025-10,LH,공공분양,전남,0
2025-10,LH,공공분양,경북,0
2025-10,LH,공공분양,경남,114
2025-10,LH,공공분양,제주,0
2025-10,주택업체,소계,전국,6,170
2025-10,주택업체,소계,서울,3,596
2025-10,주택업체,소계,인천,159
2025-10,주택업체,소계,경기,274
2025-10,주택업체,소계,부산,113
2025-10,주택업체,소계,대구,0
2025-10,주택업체,소계,광주,762
2025-10,주택업체,소계,대전,252
2025-10,주택업체,소계,울산,231
2025-10,주택업체,소계,세종,0
2025-10,주택업체,소계,강원,0
2025-10,주택업체,소계,충북,0
2025-10,주택업체,소계,충남,727
2025-10,주택업체,소계,전북,0
2025-10,주택업체,소계,전남,0
2025-10,주택업체,소계,경북,46
2025-10,주택업체,소계,경남,10
2025-10,주택업체,소계,제주,0
2025-10,주택업체,국민임대,전국,921
2025-10,주택업체,국민임대,서울,715
2025-10,주택업체,국민임대,인천,0
2025-10,주택업체,국민임대,경기,0
2025-10,주택업체,국민임대,부산,0
2025-10,주택업체,국민임대,대구,0
2025-10,주택업체,국민임대,광주,0
2025-10,주택업체,국민임대,대전,206
2025-10,주택업체,국민임대,울산,0
2025-10,주택업체,국민임대,세종,0
2025-10,주택업체,국민임대,강원,0
2025-10,주택업체,국민임대,충북,0
2025-10,주택업체,국민임대,충남,0
2025-10,주택업체,국민임대,전북,0
2025-10,주택업체,국민임대,전남,0
2025-10,주택업체,국민임대,경북,0
2025-10,주택업체,국민임대,경남,0
2025-10,주택업체,국민임대,제주,0
2025-10,주택업체,공공임대,전국,4,291
2025-10,주택업체,공공임대,서울,2,881
2025-10,주택업체,공공임대,인천,159
2025-10,주택업체,공공임대,경기,274
2025-10,주택업체,공공임대,부산,113
2025-10,주택업체,공공임대,대구,0
2025-10,주택업체,공공임대,광주,762
2025-10,주택업체,공공임대,대전,46
2025-10,주택업체,공공임대,울산,0
2025-10,주택업체,공공임대,세종,0
2025-10,주택업체,공공임대,강원,0
2025-10,주택업체,공공임대,충북,0
2025-10,주택업체,공공임대,충남,0
2025-10,주택업체,공공임대,전북,0
2025-10,주택업체,공공임대,전남,0
2025-10,주택업체,공공임대,경북,46
2025-10,주택업체,공공임대,경남,10
2025-10,주택업체,공공임대,제주,0
2025-10,주택업체,공공분양,전국,958
2025-10,주택업체,공공분양,서울,0
2025-10,주택업체,공공분양,인천,0
2025-10,주택업체,공공분양,경기,0
2025-10,주택업체,공공분양,부산,0
2025-10,주택업체,공공분양,대구,0
2025-10,주택업체,공공분양,광주,0
2025-10,주택업체,공공분양,대전,0
2025-10,주택업체,공공분양,울산,231
2025-10,주택업체,공공분양,세종,0
2025-10,주택업체,공공분양,강원,0
2025-10,주택업체,공공분양,충북,0
2025-10,주택업체,공공분양,충남,727
2025-10,주택업체,공공분양,전북,0
2025-10,주택업체,공공분양,전남,0
2025-10,주택업체,공공분양,경북,0
2025-10,주택업체,공공분양,경남,0
2025-10,주택업체,공공분양,제주,0
2025-10,민간부문,민간부문,전국,216,564
2025-10,민간부문,민간부문,서울,29,415
2025-10,민간부문,민간부문,인천,17,868
2025-10,민간부문,민간부문,경기,52,746
2025-10,민간부문,민간부문,부산,24,903
2025-10,민간부문,민간부문,대구,4,772
2025-10,민간부문,민간부문,광주,6,989
2025-10,민간부문,민간부문,대전,12,100
2025-10,민간부문,민간부문,울산,2,834
2025-10,민간부문,민간부문,세종,214
2025-10,민간부문,민간부문,강원,3,979
2025-10,민간부문,민간부문,충북,5,094
2025-10,민간부문,민간부문,충남,23,555
2025-10,민간부문,민간부문,전북,8,161
2025-10,민간부문,민간부문,전남,7,347
2025-10,민간부문,민간부문,경북,8,541
2025-10,민간부문,민간부문,경남,6,254
2025-10,민간부문,민간부문,제주,1,792
2025-10,민간,민간임대,전국,12,040
2025-10,민간,민간임대,서울,532
2025-10,민간,민간임대,인천,322
2025-10,민간,민간임대,경기,807
2025-10,민간,민간임대,부산,1,049
2025-10,민간,민간임대,대구,0
2025-10,민간,민간임대,광주,432
2025-10,민간,민간임대,대전,859
2025-10,민간,민간임대,울산,496
2025-10,민간,민간임대,세종,0
2025-10,민간,민간임대,강원,699
2025-10,민간,민간임대,충북,1,349
2025-10,민간,민간임대,충남,1,672
2025-10,민간,민간임대,전북,1,397
2025-10,민간,민간임대,전남,834
2025-10,민간,민간임대,경북,1,314
2025-10,민간,민간임대,경남,210
2025-10,민간,민간임대,제주,68
2025-10,민간,민간분양,전국,204,524
2025-10,민간,민간분양,서울,28,883
2025-10,민간,민간분양,인천,17,546
2025-10,민간,민간분양,경기,51,939
2025-10,민간,민간분양,부산,23,854
2025-10,민간,민간분양,대구,4,772
2025-10,민간,민간분양,광주,6,557
2025-10,민간,민간분양,대전,11,241
2025-10,민간,민간분양,울산,2,338
2025-10,민간,민간분양,세종,214
2025-10,민간,민간분양,강원,3,280
2025-10,민간,민간분양,충북,3,745
2025-10,민간,민간분양,충남,21,883
2025-10,민간,민간분양,전북,6,764
2025-10,민간,민간분양,전남,6,513
2025-10,민간,민간분양,경북,7,227
2025-10,민간,민간분양,경남,6,044
2025-10,민간,민간분양,제주,1,724
2025-11,총  계,총  계,전국,279,884
2025-11,총  계,총  계,서울,38,776
2025-11,총  계,총  계,인천,19,049
2025-11,총  계,총  계,경기,85,357
2025-11,총  계,총  계,부산,30,437
2025-11,총  계,총  계,대구,5,017
2025-11,총  계,총  계,광주,7,757
2025-11,총  계,총  계,대전,14,261
2025-11,총  계,총  계,울산,3,080
2025-11,총  계,총  계,세종,222
2025-11,총  계,총  계,강원,5,110
2025-11,총  계,총  계,충북,5,276
2025-11,총  계,총  계,충남,28,017
2025-11,총  계,총  계,전북,9,573
2025-11,총  계,총  계,전남,9,332
2025-11,총  계,총  계,경북,9,395
2025-11,총  계,총  계,경남,7,035
2025-11,총  계,총  계,제주,2,190
2025-11,공공부문,공공부문,전국,34,506
2025-11,공공부문,공공부문,서울,5,843
2025-11,공공부문,공공부문,인천,467
2025-11,공공부문,공공부문,경기,21,905
2025-11,공공부문,공공부문,부산,1,199
2025-11,공공부문,공공부문,대구,0
2025-11,공공부문,공공부문,광주,762
2025-11,공공부문,공공부문,대전,252
2025-11,공공부문,공공부문,울산,231
2025-11,공공부문,공공부문,세종,0
2025-11,공공부문,공공부문,강원,698
2025-11,공공부문,공공부문,충북,86
2025-11,공공부문,공공부문,충남,727
2025-11,공공부문,공공부문,전북,951
2025-11,공공부문,공공부문,전남,360
2025-11,공공부문,공공부문,경북,60
2025-11,공공부문,공공부문,경남,628
2025-11,공공부문,공공부문,제주,337
2025-11,합,국민임대,전국,921
2025-11,합,국민임대,서울,715
2025-11,합,국민임대,인천,0
2025-11,합,국민임대,경기,0
2025-11,합,국민임대,부산,0
2025-11,합,국민임대,대구,0
2025-11,합,국민임대,광주,0
2025-11,합,국민임대,대전,206
2025-11,합,국민임대,울산,0
2025-11,합,국민임대,세종,0
2025-11,합,국민임대,강원,0
2025-11,합,국민임대,충북,0
2025-11,합,국민임대,충남,0
2025-11,합,국민임대,전북,0
2025-11,합,국민임대,전남,0
2025-11,합,국민임대,경북,0
2025-11,합,국민임대,경남,0
2025-11,합,국민임대,제주,0
2025-11,합,공공임대,전국,18,798
2025-11,합,공공임대,서울,4,590
2025-11,합,공공임대,인천,159
2025-11,합,공공임대,경기,10,292
2025-11,합,공공임대,부산,113
2025-11,합,공공임대,대구,0
2025-11,합,공공임대,광주,762
2025-11,합,공공임대,대전,46
2025-11,합,공공임대,울산,0
2025-11,합,공공임대,세종,0
2025-11,합,공공임대,강원,678
2025-11,합,공공임대,충북,86
2025-11,합,공공임대,충남,0
2025-11,합,공공임대,전북,951
2025-11,합,공공임대,전남,360
2025-11,합,공공임대,경북,60
2025-11,합,공공임대,경남,514
2025-11,합,공공임대,제주,187
2025-11,합,공공분양,전국,14,787
2025-11,합,공공분양,서울,538
2025-11,합,공공분양,인천,308
2025-11,합,공공분양,경기,11,613
2025-11,합,공공분양,부산,1,086
2025-11,합,공공분양,대구,0
2025-11,합,공공분양,광주,0
2025-11,합,공공분양,대전,0
2025-11,합,공공분양,울산,231
2025-11,합,공공분양,세종,0
2025-11,합,공공분양,강원,20
2025-11,합,공공분양,충북,0
2025-11,합,공공분양,충남,727
2025-11,합,공공분양,전북,0
2025-11,합,공공분양,전남,0
2025-11,합,공공분양,경북,0
2025-11,합,공공분양,경남,114
2025-11,합,공공분양,제주,150
2025-11,지자체,소계,전국,9,269
2025-11,지자체,소계,서울,1,533
2025-11,지자체,소계,인천,0
2025-11,지자체,소계,경기,4,506
2025-11,지자체,소계,부산,1,086
2025-11,지자체,소계,대구,0
2025-11,지자체,소계,광주,0
2025-11,지자체,소계,대전,0
2025-11,지자체,소계,울산,0
2025-11,지자체,소계,세종,0
2025-11,지자체,소계,강원,100
2025-11,지자체,소계,충북,86
2025-11,지자체,소계,충남,0
2025-11,지자체,소계,전북,951
2025-11,지자체,소계,전남,360
2025-11,지자체,소계,경북,14
2025-11,지자체,소계,경남,296
2025-11,지자체,소계,제주,337
2025-11,지자체,국민임대,전국,0
2025-11,지자체,국민임대,서울,0
2025-11,지자체,국민임대,인천,0
2025-11,지자체,국민임대,경기,0
2025-11,지자체,국민임대,부산,0
2025-11,지자체,국민임대,대구,0
2025-11,지자체,국민임대,광주,0
2025-11,지자체,국민임대,대전,0
2025-11,지자체,국민임대,울산,0
2025-11,지자체,국민임대,세종,0
2025-11,지자체,국민임대,강원,0
2025-11,지자체,국민임대,충북,0
2025-11,지자체,국민임대,충남,0
2025-11,지자체,국민임대,전북,0
2025-11,지자체,국민임대,전남,0
2025-11,지자체,국민임대,경북,0
2025-11,지자체,국민임대,경남,0
2025-11,지자체,국민임대,제주,0
2025-11,지자체,공공임대,전국,4,733
2025-11,지자체,공공임대,서울,1,522
2025-11,지자체,공공임대,인천,0
2025-11,지자체,공공임대,경기,1,237
2025-11,지자체,공공임대,부산,0
2025-11,지자체,공공임대,대구,0
2025-11,지자체,공공임대,광주,0
2025-11,지자체,공공임대,대전,0
2025-11,지자체,공공임대,울산,0
2025-11,지자체,공공임대,세종,0
2025-11,지자체,공공임대,강원,80
2025-11,지자체,공공임대,충북,86
2025-11,지자체,공공임대,충남,0
2025-11,지자체,공공임대,전북,951
2025-11,지자체,공공임대,전남,360
2025-11,지자체,공공임대,경북,14
2025-11,지자체,공공임대,경남,296
2025-11,지자체,공공임대,제주,187
2025-11,지자체,공공분양,전국,4,536
2025-11,지자체,공공분양,서울,11
2025-11,지자체,공공분양,인천,0
2025-11,지자체,공공분양,경기,3,269
2025-11,지자체,공공분양,부산,1,086
2025-11,지자체,공공분양,대구,0
2025-11,지자체,공공분양,광주,0
2025-11,지자체,공공분양,대전,0
2025-11,지자체,공공분양,울산,0
2025-11,지자체,공공분양,세종,0
2025-11,지자체,공공분양,강원,20
2025-11,지자체,공공분양,충북,0
2025-11,지자체,공공분양,충남,0
2025-11,지자체,공공분양,전북,0
2025-11,지자체,공공분양,전남,0
2025-11,지자체,공공분양,경북,0
2025-11,지자체,공공분양,경남,0
2025-11,지자체,공공분양,제주,150
2025-11,LH,소계,전국,19,067
2025-11,LH,소계,서울,714
2025-11,LH,소계,인천,308
2025-11,LH,소계,경기,17,125
2025-11,LH,소계,부산,0
2025-11,LH,소계,대구,0
2025-11,LH,소계,광주,0
2025-11,LH,소계,대전,0
2025-11,LH,소계,울산,0
2025-11,LH,소계,세종,0
2025-11,LH,소계,강원,598
2025-11,LH,소계,충북,0
2025-11,LH,소계,충남,0
2025-11,LH,소계,전북,0
2025-11,LH,소계,전남,0
2025-11,LH,소계,경북,0
2025-11,LH,소계,경남,322
2025-11,LH,소계,제주,0
2025-11,LH,국민임대,전국,0
2025-11,LH,국민임대,서울,0
2025-11,LH,국민임대,인천,0
2025-11,LH,국민임대,경기,0
2025-11,LH,국민임대,부산,0
2025-11,LH,국민임대,대구,0
2025-11,LH,국민임대,광주,0
2025-11,LH,국민임대,대전,0
2025-11,LH,국민임대,울산,0
2025-11,LH,국민임대,세종,0
2025-11,LH,국민임대,강원,0
2025-11,LH,국민임대,충북,0
2025-11,LH,국민임대,충남,0
2025-11,LH,국민임대,전북,0
2025-11,LH,국민임대,전남,0
2025-11,LH,국민임대,경북,0
2025-11,LH,국민임대,경남,0
2025-11,LH,국민임대,제주,0
2025-11,LH,공공임대,전국,9,774
2025-11,LH,공공임대,서울,187
2025-11,LH,공공임대,인천,0
2025-11,LH,공공임대,경기,8,781
2025-11,LH,공공임대,부산,0
2025-11,LH,공공임대,대구,0
2025-11,LH,공공임대,광주,0
2025-11,LH,공공임대,대전,0
2025-11,LH,공공임대,울산,0
2025-11,LH,공공임대,세종,0
2025-11,LH,공공임대,강원,598
2025-11,LH,공공임대,충북,0
2025-11,LH,공공임대,충남,0
2025-11,LH,공공임대,전북,0
2025-11,LH,공공임대,전남,0
2025-11,LH,공공임대,경북,0
2025-11,LH,공공임대,경남,208
2025-11,LH,공공임대,제주,0
2025-11,LH,공공분양,전국,9,293
2025-11,LH,공공분양,서울,527
2025-11,LH,공공분양,인천,308
2025-11,LH,공공분양,경기,8,344
2025-11,LH,공공분양,부산,0
2025-11,LH,공공분양,대구,0
2025-11,LH,공공분양,광주,0
2025-11,LH,공공분양,대전,0
2025-11,LH,공공분양,울산,0
2025-11,LH,공공분양,세종,0
2025-11,LH,공공분양,강원,0
2025-11,LH,공공분양,충북,0
2025-11,LH,공공분양,충남,0
2025-11,LH,공공분양,전북,0
2025-11,LH,공공분양,전남,0
2025-11,LH,공공분양,경북,0
2025-11,LH,공공분양,경남,114
2025-11,LH,공공분양,제주,0
2025-11,주택업체,소계,전국,6,170
2025-11,주택업체,소계,서울,3,596
2025-11,주택업체,소계,인천,159
2025-11,주택업체,소계,경기,274
2025-11,주택업체,소계,부산,113
2025-11,주택업체,소계,대구,0
2025-11,주택업체,소계,광주,762
2025-11,주택업체,소계,대전,252
2025-11,주택업체,소계,울산,231
2025-11,주택업체,소계,세종,0
2025-11,주택업체,소계,강원,0
2025-11,주택업체,소계,충북,0
2025-11,주택업체,소계,충남,727
2025-11,주택업체,소계,전북,0
2025-11,주택업체,소계,전남,0
2025-11,주택업체,소계,경북,46
2025-11,주택업체,소계,경남,10
2025-11,주택업체,소계,제주,0
2025-11,주택업체,국민임대,전국,921
2025-11,주택업체,국민임대,서울,715
2025-11,주택업체,국민임대,인천,0
2025-11,주택업체,국민임대,경기,0
2025-11,주택업체,국민임대,부산,0
2025-11,주택업체,국민임대,대구,0
2025-11,주택업체,국민임대,광주,0
2025-11,주택업체,국민임대,대전,206
2025-11,주택업체,국민임대,울산,0
2025-11,주택업체,국민임대,세종,0
2025-11,주택업체,국민임대,강원,0
2025-11,주택업체,국민임대,충북,0
2025-11,주택업체,국민임대,충남,0
2025-11,주택업체,국민임대,전북,0
2025-11,주택업체,국민임대,전남,0
2025-11,주택업체,국민임대,경북,0
2025-11,주택업체,국민임대,경남,0
2025-11,주택업체,국민임대,제주,0
2025-11,주택업체,공공임대,전국,4,291
2025-11,주택업체,공공임대,서울,2,881
2025-11,주택업체,공공임대,인천,159
2025-11,주택업체,공공임대,경기,274
2025-11,주택업체,공공임대,부산,113
2025-11,주택업체,공공임대,대구,0
2025-11,주택업체,공공임대,광주,762
2025-11,주택업체,공공임대,대전,46
2025-11,주택업체,공공임대,울산,0
2025-11,주택업체,공공임대,세종,0
2025-11,주택업체,공공임대,강원,0
2025-11,주택업체,공공임대,충북,0
2025-11,주택업체,공공임대,충남,0
2025-11,주택업체,공공임대,전북,0
2025-11,주택업체,공공임대,전남,0
2025-11,주택업체,공공임대,경북,46
2025-11,주택업체,공공임대,경남,10
2025-11,주택업체,공공임대,제주,0
2025-11,주택업체,공공분양,전국,958
2025-11,주택업체,공공분양,서울,0
2025-11,주택업체,공공분양,인천,0
2025-11,주택업체,공공분양,경기,0
2025-11,주택업체,공공분양,부산,0
2025-11,주택업체,공공분양,대구,0
2025-11,주택업체,공공분양,광주,0
2025-11,주택업체,공공분양,대전,0
2025-11,주택업체,공공분양,울산,231
2025-11,주택업체,공공분양,세종,0
2025-11,주택업체,공공분양,강원,0
2025-11,주택업체,공공분양,충북,0
2025-11,주택업체,공공분양,충남,727
2025-11,주택업체,공공분양,전북,0
2025-11,주택업체,공공분양,전남,0
2025-11,주택업체,공공분양,경북,0
2025-11,주택업체,공공분양,경남,0
2025-11,주택업체,공공분양,제주,0
2025-11,민간부문,민간부문,전국,245,378
2025-11,민간부문,민간부문,서울,32,933
2025-11,민간부문,민간부문,인천,18,582
2025-11,민간부문,민간부문,경기,63,452
2025-11,민간부문,민간부문,부산,29,238
2025-11,민간부문,민간부문,대구,5,017
2025-11,민간부문,민간부문,광주,6,995
2025-11,민간부문,민간부문,대전,14,009
2025-11,민간부문,민간부문,울산,2,849
2025-11,민간부문,민간부문,세종,222
2025-11,민간부문,민간부문,강원,4,412
2025-11,민간부문,민간부문,충북,5,190
2025-11,민간부문,민간부문,충남,27,290
2025-11,민간부문,민간부문,전북,8,622
2025-11,민간부문,민간부문,전남,8,972
2025-11,민간부문,민간부문,경북,9,335
2025-11,민간부문,민간부문,경남,6,407
2025-11,민간부문,민간부문,제주,1,853
2025-11,민간,민간임대,전국,15,268
2025-11,민간,민간임대,서울,532
2025-11,민간,민간임대,인천,322
2025-11,민간,민간임대,경기,807
2025-11,민간,민간임대,부산,1,049
2025-11,민간,민간임대,대구,0
2025-11,민간,민간임대,광주,432
2025-11,민간,민간임대,대전,1,810
2025-11,민간,민간임대,울산,496
2025-11,민간,민간임대,세종,0
2025-11,민간,민간임대,강원,699
2025-11,민간,민간임대,충북,1,349
2025-11,민간,민간임대,충남,3,833
2025-11,민간,민간임대,전북,1,397
2025-11,민간,민간임대,전남,950
2025-11,민간,민간임대,경북,1,314
2025-11,민간,민간임대,경남,210
2025-11,민간,민간임대,제주,68
2025-11,민간,민간분양,전국,230,110
2025-11,민간,민간분양,서울,32,401
2025-11,민간,민간분양,인천,18,260
2025-11,민간,민간분양,경기,62,645
2025-11,민간,민간분양,부산,28,189
2025-11,민간,민간분양,대구,5,017
2025-11,민간,민간분양,광주,6,563
2025-11,민간,민간분양,대전,12,199
2025-11,민간,민간분양,울산,2,353
2025-11,민간,민간분양,세종,222
2025-11,민간,민간분양,강원,3,713
2025-11,민간,민간분양,충북,3,841
2025-11,민간,민간분양,충남,23,457
2025-11,민간,민간분양,전북,7,225
2025-11,민간,민간분양,전남,8,022
2025-11,민간,민간분양,경북,8,021
2025-11,민간,민간분양,경남,6,197
2025-11,민간,민간분양,제주,1,785
2025-12,총  계,총  계,전국,388,362
2025-12,총  계,총  계,서울,41,938
2025-12,총  계,총  계,인천,26,937
2025-12,총  계,총  계,경기,159,966
2025-12,총  계,총  계,부산,30,738
2025-12,총  계,총  계,대구,5,034
2025-12,총  계,총  계,광주,7,761
2025-12,총  계,총  계,대전,17,526
2025-12,총  계,총  계,울산,9,771
2025-12,총  계,총  계,세종,277
2025-12,총  계,총  계,강원,6,882
2025-12,총  계,총  계,충북,5,535
2025-12,총  계,총  계,충남,33,003
2025-12,총  계,총  계,전북,9,914
2025-12,총  계,총  계,전남,11,462
2025-12,총  계,총  계,경북,11,253
2025-12,총  계,총  계,경남,7,994
2025-12,총  계,총  계,제주,2,371
2025-12,공공부문,공공부문,전국,112,972
2025-12,공공부문,공공부문,서울,7,875
2025-12,공공부문,공공부문,인천,2,458
2025-12,공공부문,공공부문,경기,82,846
2025-12,공공부문,공공부문,부산,1,199
2025-12,공공부문,공공부문,대구,0
2025-12,공공부문,공공부문,광주,762
2025-12,공공부문,공공부문,대전,3,483
2025-12,공공부문,공공부문,울산,6,451
2025-12,공공부문,공공부문,세종,0
2025-12,공공부문,공공부문,강원,758
2025-12,공공부문,공공부문,충북,86
2025-12,공공부문,공공부문,충남,3,800
2025-12,공공부문,공공부문,전북,951
2025-12,공공부문,공공부문,전남,600
2025-12,공공부문,공공부문,경북,488
2025-12,공공부문,공공부문,경남,878
2025-12,공공부문,공공부문,제주,337
2025-12,합,국민임대,전국,1,024
2025-12,합,국민임대,서울,715
2025-12,합,국민임대,인천,0
2025-12,합,국민임대,경기,103
2025-12,합,국민임대,부산,0
2025-12,합,국민임대,대구,0
2025-12,합,국민임대,광주,0
2025-12,합,국민임대,대전,206
2025-12,합,국민임대,울산,0
2025-12,합,국민임대,세종,0
2025-12,합,국민임대,강원,0
2025-12,합,국민임대,충북,0
2025-12,합,국민임대,충남,0
2025-12,합,국민임대,전북,0
2025-12,합,국민임대,전남,0
2025-12,합,국민임대,경북,0
2025-12,합,국민임대,경남,0
2025-12,합,국민임대,제주,0
2025-12,합,공공임대,전국,62,282
2025-12,합,공공임대,서울,5,654
2025-12,합,공공임대,인천,960
2025-12,합,공공임대,경기,42,249
2025-12,합,공공임대,부산,113
2025-12,합,공공임대,대구,0
2025-12,합,공공임대,광주,762
2025-12,합,공공임대,대전,2,258
2025-12,합,공공임대,울산,3,827
2025-12,합,공공임대,세종,0
2025-12,합,공공임대,강원,738
2025-12,합,공공임대,충북,86
2025-12,합,공공임대,충남,3,073
2025-12,합,공공임대,전북,951
2025-12,합,공공임대,전남,600
2025-12,합,공공임대,경북,60
2025-12,합,공공임대,경남,764
2025-12,합,공공임대,제주,187
2025-12,합,공공분양,전국,49,666
2025-12,합,공공분양,서울,1,506
2025-12,합,공공분양,인천,1,498
2025-12,합,공공분양,경기,40,494
2025-12,합,공공분양,부산,1,086
2025-12,합,공공분양,대구,0
2025-12,합,공공분양,광주,0
2025-12,합,공공분양,대전,1,019
2025-12,합,공공분양,울산,2,624
2025-12,합,공공분양,세종,0
2025-12,합,공공분양,강원,20
2025-12,합,공공분양,충북,0
2025-12,합,공공분양,충남,727
2025-12,합,공공분양,전북,0
2025-12,합,공공분양,전남,0
2025-12,합,공공분양,경북,428
2025-12,합,공공분양,경남,114
2025-12,합,공공분양,제주,150
2025-12,지자체,소계,전국,20,090
2025-12,지자체,소계,서울,2,128
2025-12,지자체,소계,인천,145
2025-12,지자체,소계,경기,14,587
2025-12,지자체,소계,부산,1,086
2025-12,지자체,소계,대구,0
2025-12,지자체,소계,광주,0
2025-12,지자체,소계,대전,0
2025-12,지자체,소계,울산,0
2025-12,지자체,소계,세종,0
2025-12,지자체,소계,강원,100
2025-12,지자체,소계,충북,86
2025-12,지자체,소계,충남,0
2025-12,지자체,소계,전북,951
2025-12,지자체,소계,전남,360
2025-12,지자체,소계,경북,14
2025-12,지자체,소계,경남,296
2025-12,지자체,소계,제주,337
2025-12,지자체,국민임대,전국,0
2025-12,지자체,국민임대,서울,0
2025-12,지자체,국민임대,인천,0
2025-12,지자체,국민임대,경기,0
2025-12,지자체,국민임대,부산,0
2025-12,지자체,국민임대,대구,0
2025-12,지자체,국민임대,광주,0
2025-12,지자체,국민임대,대전,0
2025-12,지자체,국민임대,울산,0
2025-12,지자체,국민임대,세종,0
2025-12,지자체,국민임대,강원,0
2025-12,지자체,국민임대,충북,0
2025-12,지자체,국민임대,충남,0
2025-12,지자체,국민임대,전북,0
2025-12,지자체,국민임대,전남,0
2025-12,지자체,국민임대,경북,0
2025-12,지자체,국민임대,경남,0
2025-12,지자체,국민임대,제주,0
2025-12,지자체,공공임대,전국,10,202
2025-12,지자체,공공임대,서울,2,117
2025-12,지자체,공공임대,인천,145
2025-12,지자체,공공임대,경기,5,966
2025-12,지자체,공공임대,부산,0
2025-12,지자체,공공임대,대구,0
2025-12,지자체,공공임대,광주,0
2025-12,지자체,공공임대,대전,0
2025-12,지자체,공공임대,울산,0
2025-12,지자체,공공임대,세종,0
2025-12,지자체,공공임대,강원,80
2025-12,지자체,공공임대,충북,86
2025-12,지자체,공공임대,충남,0
2025-12,지자체,공공임대,전북,951
2025-12,지자체,공공임대,전남,360
2025-12,지자체,공공임대,경북,14
2025-12,지자체,공공임대,경남,296
2025-12,지자체,공공임대,제주,187
2025-12,지자체,공공분양,전국,9,888
2025-12,지자체,공공분양,서울,11
2025-12,지자체,공공분양,인천,0
2025-12,지자체,공공분양,경기,8,621
2025-12,지자체,공공분양,부산,1,086
2025-12,지자체,공공분양,대구,0
2025-12,지자체,공공분양,광주,0
2025-12,지자체,공공분양,대전,0
2025-12,지자체,공공분양,울산,0
2025-12,지자체,공공분양,세종,0
2025-12,지자체,공공분양,강원,20
2025-12,지자체,공공분양,충북,0
2025-12,지자체,공공분양,충남,0
2025-12,지자체,공공분양,전북,0
2025-12,지자체,공공분양,전남,0
2025-12,지자체,공공분양,경북,0
2025-12,지자체,공공분양,경남,0
2025-12,지자체,공공분양,제주,150
2025-12,LH,소계,전국,84,086
2025-12,LH,소계,서울,2,016
2025-12,LH,소계,인천,964
2025-12,LH,소계,경기,66,705
2025-12,LH,소계,부산,0
2025-12,LH,소계,대구,0
2025-12,LH,소계,광주,0
2025-12,LH,소계,대전,3,231
2025-12,LH,소계,울산,6,220
2025-12,LH,소계,세종,0
2025-12,LH,소계,강원,658
2025-12,LH,소계,충북,0
2025-12,LH,소계,충남,3,052
2025-12,LH,소계,전북,0
2025-12,LH,소계,전남,240
2025-12,LH,소계,경북,428
2025-12,LH,소계,경남,572
2025-12,LH,소계,제주,0
2025-12,LH,국민임대,전국,0
2025-12,LH,국민임대,서울,0
2025-12,LH,국민임대,인천,0
2025-12,LH,국민임대,경기,0
2025-12,LH,국민임대,부산,0
2025-12,LH,국민임대,대구,0
2025-12,LH,국민임대,광주,0
2025-12,LH,국민임대,대전,0
2025-12,LH,국민임대,울산,0
2025-12,LH,국민임대,세종,0
2025-12,LH,국민임대,강원,0
2025-12,LH,국민임대,충북,0
2025-12,LH,국민임대,충남,0
2025-12,LH,국민임대,전북,0
2025-12,LH,국민임대,전남,0
2025-12,LH,국민임대,경북,0
2025-12,LH,국민임대,경남,0
2025-12,LH,국민임대,제주,0
2025-12,LH,공공임대,전국,47,259
2025-12,LH,공공임대,서울,521
2025-12,LH,공공임대,인천,656
2025-12,LH,공공임대,경기,35,635
2025-12,LH,공공임대,부산,0
2025-12,LH,공공임대,대구,0
2025-12,LH,공공임대,광주,0
2025-12,LH,공공임대,대전,2,212
2025-12,LH,공공임대,울산,3,827
2025-12,LH,공공임대,세종,0
2025-12,LH,공공임대,강원,658
2025-12,LH,공공임대,충북,0
2025-12,LH,공공임대,충남,3,052
2025-12,LH,공공임대,전북,0
2025-12,LH,공공임대,전남,240
2025-12,LH,공공임대,경북,0
2025-12,LH,공공임대,경남,458
2025-12,LH,공공임대,제주,0
2025-12,LH,공공분양,전국,36,827
2025-12,LH,공공분양,서울,1,495
2025-12,LH,공공분양,인천,308
2025-12,LH,공공분양,경기,31,070
2025-12,LH,공공분양,부산,0
2025-12,LH,공공분양,대구,0
2025-12,LH,공공분양,광주,0
2025-12,LH,공공분양,대전,1,019
2025-12,LH,공공분양,울산,2,393
2025-12,LH,공공분양,세종,0
2025-12,LH,공공분양,강원,0
2025-12,LH,공공분양,충북,0
2025-12,LH,공공분양,충남,0
2025-12,LH,공공분양,전북,0
2025-12,LH,공공분양,전남,0
2025-12,LH,공공분양,경북,428
2025-12,LH,공공분양,경남,114
2025-12,LH,공공분양,제주,0
2025-12,주택업체,소계,전국,8,796
2025-12,주택업체,소계,서울,3,731
2025-12,주택업체,소계,인천,1,349
2025-12,주택업체,소계,경기,1,554
2025-12,주택업체,소계,부산,113
2025-12,주택업체,소계,대구,0
2025-12,주택업체,소계,광주,762
2025-12,주택업체,소계,대전,252
2025-12,주택업체,소계,울산,231
2025-12,주택업체,소계,세종,0
2025-12,주택업체,소계,강원,0
2025-12,주택업체,소계,충북,0
2025-12,주택업체,소계,충남,748
2025-12,주택업체,소계,전북,0
2025-12,주택업체,소계,전남,0
2025-12,주택업체,소계,경북,46
2025-12,주택업체,소계,경남,10
2025-12,주택업체,소계,제주,0
2025-12,주택업체,국민임대,전국,1,024
2025-12,주택업체,국민임대,서울,715
2025-12,주택업체,국민임대,인천,0
2025-12,주택업체,국민임대,경기,103
2025-12,주택업체,국민임대,부산,0
2025-12,주택업체,국민임대,대구,0
2025-12,주택업체,국민임대,광주,0
2025-12,주택업체,국민임대,대전,206
2025-12,주택업체,국민임대,울산,0
2025-12,주택업체,국민임대,세종,0
2025-12,주택업체,국민임대,강원,0
2025-12,주택업체,국민임대,충북,0
2025-12,주택업체,국민임대,충남,0
2025-12,주택업체,국민임대,전북,0
2025-12,주택업체,국민임대,전남,0
2025-12,주택업체,국민임대,경북,0
2025-12,주택업체,국민임대,경남,0
2025-12,주택업체,국민임대,제주,0
2025-12,주택업체,공공임대,전국,4,821
2025-12,주택업체,공공임대,서울,3,016
2025-12,주택업체,공공임대,인천,159
2025-12,주택업체,공공임대,경기,648
2025-12,주택업체,공공임대,부산,113
2025-12,주택업체,공공임대,대구,0
2025-12,주택업체,공공임대,광주,762
2025-12,주택업체,공공임대,대전,46
2025-12,주택업체,공공임대,울산,0
2025-12,주택업체,공공임대,세종,0
2025-12,주택업체,공공임대,강원,0
2025-12,주택업체,공공임대,충북,0
2025-12,주택업체,공공임대,충남,21
2025-12,주택업체,공공임대,전북,0
2025-12,주택업체,공공임대,전남,0
2025-12,주택업체,공공임대,경북,46
2025-12,주택업체,공공임대,경남,10
2025-12,주택업체,공공임대,제주,0
2025-12,주택업체,공공분양,전국,2,951
2025-12,주택업체,공공분양,서울,0
2025-12,주택업체,공공분양,인천,1,190
2025-12,주택업체,공공분양,경기,803
2025-12,주택업체,공공분양,부산,0
2025-12,주택업체,공공분양,대구,0
2025-12,주택업체,공공분양,광주,0
2025-12,주택업체,공공분양,대전,0
2025-12,주택업체,공공분양,울산,231
2025-12,주택업체,공공분양,세종,0
2025-12,주택업체,공공분양,강원,0
2025-12,주택업체,공공분양,충북,0
2025-12,주택업체,공공분양,충남,727
2025-12,주택업체,공공분양,전북,0
2025-12,주택업체,공공분양,전남,0
2025-12,주택업체,공공분양,경북,0
2025-12,주택업체,공공분양,경남,0
2025-12,주택업체,공공분양,제주,0
2025-12,민간부문,민간부문,전국,275,390
2025-12,민간부문,민간부문,서울,34,063
2025-12,민간부문,민간부문,인천,24,479
2025-12,민간부문,민간부문,경기,77,120
2025-12,민간부문,민간부문,부산,29,539
2025-12,민간부문,민간부문,대구,5,034
2025-12,민간부문,민간부문,광주,6,999
2025-12,민간부문,민간부문,대전,14,043
2025-12,민간부문,민간부문,울산,3,320
2025-12,민간부문,민간부문,세종,277
2025-12,민간부문,민간부문,강원,6,124
2025-12,민간부문,민간부문,충북,5,449
2025-12,민간부문,민간부문,충남,29,203
2025-12,민간부문,민간부문,전북,8,963
2025-12,민간부문,민간부문,전남,10,862
2025-12,민간부문,민간부문,경북,10,765
2025-12,민간부문,민간부문,경남,7,116
2025-12,민간부문,민간부문,제주,2,034
2025-12,민간,민간임대,전국,17,899
2025-12,민간,민간임대,서울,670
2025-12,민간,민간임대,인천,322
2025-12,민간,민간임대,경기,3,187
2025-12,민간,민간임대,부산,1,049
2025-12,민간,민간임대,대구,0
2025-12,민간,민간임대,광주,432
2025-12,민간,민간임대,대전,1,810
2025-12,민간,민간임대,울산,496
2025-12,민간,민간임대,세종,0
2025-12,민간,민간임대,강원,812
2025-12,민간,민간임대,충북,1,349
2025-12,민간,민간임대,충남,3,833
2025-12,민간,민간임대,전북,1,397
2025-12,민간,민간임대,전남,950
2025-12,민간,민간임대,경북,1,314
2025-12,민간,민간임대,경남,210
2025-12,민간,민간임대,제주,68
2025-12,민간,민간분양,전국,257,491
2025-12,민간,민간분양,서울,33,393
2025-12,민간,민간분양,인천,24,157
2025-12,민간,민간분양,경기,73,933
2025-12,민간,민간분양,부산,28,490
2025-12,민간,민간분양,대구,5,034
2025-12,민간,민간분양,광주,6,567
2025-12,민간,민간분양,대전,12,233
2025-12,민간,민간분양,울산,2,824
2025-12,민간,민간분양,세종,277
2025-12,민간,민간분양,강원,5,312
2025-12,민간,민간분양,충북,4,100
2025-12,민간,민간분양,충남,25,370
2025-12,민간,민간분양,전북,7,566
2025-12,민간,민간분양,전남,9,912
2025-12,민간,민간분양,경북,9,451
2025-12,민간,민간분양,경남,6,906
2025-12,민간,민간분양,제주,1,966
2026-01 p),총  계,총  계,전국,16,531
2026-01 p),총  계,총  계,서울,1,226
2026-01 p),총  계,총  계,인천,95
2026-01 p),총  계,총  계,경기,7,315
2026-01 p),총  계,총  계,부산,1,852
2026-01 p),총  계,총  계,대구,211
2026-01 p),총  계,총  계,광주,8
2026-01 p),총  계,총  계,대전,1,670
2026-01 p),총  계,총  계,울산,718
2026-01 p),총  계,총  계,세종,9
2026-01 p),총  계,총  계,강원,89
2026-01 p),총  계,총  계,충북,93
2026-01 p),총  계,총  계,충남,1,068
2026-01 p),총  계,총  계,전북,69
2026-01 p),총  계,총  계,전남,1,062
2026-01 p),총  계,총  계,경북,345
2026-01 p),총  계,총  계,경남,581
2026-01 p),총  계,총  계,제주,120
2026-01 p),공공부문,공공부문,전국,2,593
2026-01 p),공공부문,공공부문,서울,268
2026-01 p),공공부문,공공부문,인천,0
2026-01 p),공공부문,공공부문,경기,1,308
2026-01 p),공공부문,공공부문,부산,993
2026-01 p),공공부문,공공부문,대구,0
2026-01 p),공공부문,공공부문,광주,0
2026-01 p),공공부문,공공부문,대전,0
2026-01 p),공공부문,공공부문,울산,0
2026-01 p),공공부문,공공부문,세종,0
2026-01 p),공공부문,공공부문,강원,0
2026-01 p),공공부문,공공부문,충북,0
2026-01 p),공공부문,공공부문,충남,0
2026-01 p),공공부문,공공부문,전북,0
2026-01 p),공공부문,공공부문,전남,0
2026-01 p),공공부문,공공부문,경북,0
2026-01 p),공공부문,공공부문,경남,24
2026-01 p),공공부문,공공부문,제주,0
2026-01 p),합,국민임대,전국,0
2026-01 p),합,국민임대,서울,0
2026-01 p),합,국민임대,인천,0
2026-01 p),합,국민임대,경기,0
2026-01 p),합,국민임대,부산,0
2026-01 p),합,국민임대,대구,0
2026-01 p),합,국민임대,광주,0
2026-01 p),합,국민임대,대전,0
2026-01 p),합,국민임대,울산,0
2026-01 p),합,국민임대,세종,0
2026-01 p),합,국민임대,강원,0
2026-01 p),합,국민임대,충북,0
2026-01 p),합,국민임대,충남,0
2026-01 p),합,국민임대,전북,0
2026-01 p),합,국민임대,전남,0
2026-01 p),합,국민임대,경북,0
2026-01 p),합,국민임대,경남,0
2026-01 p),합,국민임대,제주,0
2026-01 p),합,공공임대,전국,2,301
2026-01 p),합,공공임대,서울,268
2026-01 p),합,공공임대,인천,0
2026-01 p),합,공공임대,경기,1,016
2026-01 p),합,공공임대,부산,993
2026-01 p),합,공공임대,대구,0
2026-01 p),합,공공임대,광주,0
2026-01 p),합,공공임대,대전,0
2026-01 p),합,공공임대,울산,0
2026-01 p),합,공공임대,세종,0
2026-01 p),합,공공임대,강원,0
2026-01 p),합,공공임대,충북,0
2026-01 p),합,공공임대,충남,0
2026-01 p),합,공공임대,전북,0
2026-01 p),합,공공임대,전남,0
2026-01 p),합,공공임대,경북,0
2026-01 p),합,공공임대,경남,24
2026-01 p),합,공공임대,제주,0
2026-01 p),합,공공분양,전국,292
2026-01 p),합,공공분양,서울,0
2026-01 p),합,공공분양,인천,0
2026-01 p),합,공공분양,경기,292
2026-01 p),합,공공분양,부산,0
2026-01 p),합,공공분양,대구,0
2026-01 p),합,공공분양,광주,0
2026-01 p),합,공공분양,대전,0
2026-01 p),합,공공분양,울산,0
2026-01 p),합,공공분양,세종,0
2026-01 p),합,공공분양,강원,0
2026-01 p),합,공공분양,충북,0
2026-01 p),합,공공분양,충남,0
2026-01 p),합,공공분양,전북,0
2026-01 p),합,공공분양,전남,0
2026-01 p),합,공공분양,경북,0
2026-01 p),합,공공분양,경남,0
2026-01 p),합,공공분양,제주,0
2026-01 p),지자체,소계,전국,2,048
2026-01 p),지자체,소계,서울,10
2026-01 p),지자체,소계,인천,0
2026-01 p),지자체,소계,경기,1,021
2026-01 p),지자체,소계,부산,993
2026-01 p),지자체,소계,대구,0
2026-01 p),지자체,소계,광주,0
2026-01 p),지자체,소계,대전,0
2026-01 p),지자체,소계,울산,0
2026-01 p),지자체,소계,세종,0
2026-01 p),지자체,소계,강원,0
2026-01 p),지자체,소계,충북,0
2026-01 p),지자체,소계,충남,0
2026-01 p),지자체,소계,전북,0
2026-01 p),지자체,소계,전남,0
2026-01 p),지자체,소계,경북,0
2026-01 p),지자체,소계,경남,24
2026-01 p),지자체,소계,제주,0
2026-01 p),지자체,국민임대,전국,0
2026-01 p),지자체,국민임대,서울,0
2026-01 p),지자체,국민임대,인천,0
2026-01 p),지자체,국민임대,경기,0
2026-01 p),지자체,국민임대,부산,0
2026-01 p),지자체,국민임대,대구,0
2026-01 p),지자체,국민임대,광주,0
2026-01 p),지자체,국민임대,대전,0
2026-01 p),지자체,국민임대,울산,0
2026-01 p),지자체,국민임대,세종,0
2026-01 p),지자체,국민임대,강원,0
2026-01 p),지자체,국민임대,충북,0
2026-01 p),지자체,국민임대,충남,0
2026-01 p),지자체,국민임대,전북,0
2026-01 p),지자체,국민임대,전남,0
2026-01 p),지자체,국민임대,경북,0
2026-01 p),지자체,국민임대,경남,0
2026-01 p),지자체,국민임대,제주,0
2026-01 p),지자체,공공임대,전국,1,756
2026-01 p),지자체,공공임대,서울,10
2026-01 p),지자체,공공임대,인천,0
2026-01 p),지자체,공공임대,경기,729
2026-01 p),지자체,공공임대,부산,993
2026-01 p),지자체,공공임대,대구,0
2026-01 p),지자체,공공임대,광주,0
2026-01 p),지자체,공공임대,대전,0
2026-01 p),지자체,공공임대,울산,0
2026-01 p),지자체,공공임대,세종,0
2026-01 p),지자체,공공임대,강원,0
2026-01 p),지자체,공공임대,충북,0
2026-01 p),지자체,공공임대,충남,0
2026-01 p),지자체,공공임대,전북,0
2026-01 p),지자체,공공임대,전남,0
2026-01 p),지자체,공공임대,경북,0
2026-01 p),지자체,공공임대,경남,24
2026-01 p),지자체,공공임대,제주,0
2026-01 p),지자체,공공분양,전국,292
2026-01 p),지자체,공공분양,서울,0
2026-01 p),지자체,공공분양,인천,0
2026-01 p),지자체,공공분양,경기,292
2026-01 p),지자체,공공분양,부산,0
2026-01 p),지자체,공공분양,대구,0
2026-01 p),지자체,공공분양,광주,0
2026-01 p),지자체,공공분양,대전,0
2026-01 p),지자체,공공분양,울산,0
2026-01 p),지자체,공공분양,세종,0
2026-01 p),지자체,공공분양,강원,0
2026-01 p),지자체,공공분양,충북,0
2026-01 p),지자체,공공분양,충남,0
2026-01 p),지자체,공공분양,전북,0
2026-01 p),지자체,공공분양,전남,0
2026-01 p),지자체,공공분양,경북,0
2026-01 p),지자체,공공분양,경남,0
2026-01 p),지자체,공공분양,제주,0
2026-01 p),LH,소계,전국,0
2026-01 p),LH,소계,서울,0
2026-01 p),LH,소계,인천,0
2026-01 p),LH,소계,경기,0
2026-01 p),LH,소계,부산,0
2026-01 p),LH,소계,대구,0
2026-01 p),LH,소계,광주,0
2026-01 p),LH,소계,대전,0
2026-01 p),LH,소계,울산,0
2026-01 p),LH,소계,세종,0
2026-01 p),LH,소계,강원,0
2026-01 p),LH,소계,충북,0
2026-01 p),LH,소계,충남,0
2026-01 p),LH,소계,전북,0
2026-01 p),LH,소계,전남,0
2026-01 p),LH,소계,경북,0
2026-01 p),LH,소계,경남,0
2026-01 p),LH,소계,제주,0
2026-01 p),LH,국민임대,전국,0
2026-01 p),LH,국민임대,서울,0
2026-01 p),LH,국민임대,인천,0
2026-01 p),LH,국민임대,경기,0
2026-01 p),LH,국민임대,부산,0
2026-01 p),LH,국민임대,대구,0
2026-01 p),LH,국민임대,광주,0
2026-01 p),LH,국민임대,대전,0
2026-01 p),LH,국민임대,울산,0
2026-01 p),LH,국민임대,세종,0
2026-01 p),LH,국민임대,강원,0
2026-01 p),LH,국민임대,충북,0
2026-01 p),LH,국민임대,충남,0
2026-01 p),LH,국민임대,전북,0
2026-01 p),LH,국민임대,전남,0
2026-01 p),LH,국민임대,경북,0
2026-01 p),LH,국민임대,경남,0
2026-01 p),LH,국민임대,제주,0
2026-01 p),LH,공공임대,전국,0
2026-01 p),LH,공공임대,서울,0
2026-01 p),LH,공공임대,인천,0
2026-01 p),LH,공공임대,경기,0
2026-01 p),LH,공공임대,부산,0
2026-01 p),LH,공공임대,대구,0
2026-01 p),LH,공공임대,광주,0
2026-01 p),LH,공공임대,대전,0
2026-01 p),LH,공공임대,울산,0
2026-01 p),LH,공공임대,세종,0
2026-01 p),LH,공공임대,강원,0
2026-01 p),LH,공공임대,충북,0
2026-01 p),LH,공공임대,충남,0
2026-01 p),LH,공공임대,전북,0
2026-01 p),LH,공공임대,전남,0
2026-01 p),LH,공공임대,경북,0
2026-01 p),LH,공공임대,경남,0
2026-01 p),LH,공공임대,제주,0
2026-01 p),LH,공공분양,전국,0
2026-01 p),LH,공공분양,서울,0
2026-01 p),LH,공공분양,인천,0
2026-01 p),LH,공공분양,경기,0
2026-01 p),LH,공공분양,부산,0
2026-01 p),LH,공공분양,대구,0
2026-01 p),LH,공공분양,광주,0
2026-01 p),LH,공공분양,대전,0
2026-01 p),LH,공공분양,울산,0
2026-01 p),LH,공공분양,세종,0
2026-01 p),LH,공공분양,강원,0
2026-01 p),LH,공공분양,충북,0
2026-01 p),LH,공공분양,충남,0
2026-01 p),LH,공공분양,전북,0
2026-01 p),LH,공공분양,전남,0
2026-01 p),LH,공공분양,경북,0
2026-01 p),LH,공공분양,경남,0
2026-01 p),LH,공공분양,제주,0
2026-01 p),주택업체,소계,전국,545
2026-01 p),주택업체,소계,서울,258
2026-01 p),주택업체,소계,인천,0
2026-01 p),주택업체,소계,경기,287
2026-01 p),주택업체,소계,부산,0
2026-01 p),주택업체,소계,대구,0
2026-01 p),주택업체,소계,광주,0
2026-01 p),주택업체,소계,대전,0
2026-01 p),주택업체,소계,울산,0
2026-01 p),주택업체,소계,세종,0
2026-01 p),주택업체,소계,강원,0
2026-01 p),주택업체,소계,충북,0
2026-01 p),주택업체,소계,충남,0
2026-01 p),주택업체,소계,전북,0
2026-01 p),주택업체,소계,전남,0
2026-01 p),주택업체,소계,경북,0
2026-01 p),주택업체,소계,경남,0
2026-01 p),주택업체,소계,제주,0
2026-01 p),주택업체,국민임대,전국,0
2026-01 p),주택업체,국민임대,서울,0
2026-01 p),주택업체,국민임대,인천,0
2026-01 p),주택업체,국민임대,경기,0
2026-01 p),주택업체,국민임대,부산,0
2026-01 p),주택업체,국민임대,대구,0
2026-01 p),주택업체,국민임대,광주,0
2026-01 p),주택업체,국민임대,대전,0
2026-01 p),주택업체,국민임대,울산,0
2026-01 p),주택업체,국민임대,세종,0
2026-01 p),주택업체,국민임대,강원,0
2026-01 p),주택업체,국민임대,충북,0
2026-01 p),주택업체,국민임대,충남,0
2026-01 p),주택업체,국민임대,전북,0
2026-01 p),주택업체,국민임대,전남,0
2026-01 p),주택업체,국민임대,경북,0
2026-01 p),주택업체,국민임대,경남,0
2026-01 p),주택업체,국민임대,제주,0
2026-01 p),주택업체,공공임대,전국,545
2026-01 p),주택업체,공공임대,서울,258
2026-01 p),주택업체,공공임대,인천,0
2026-01 p),주택업체,공공임대,경기,287
2026-01 p),주택업체,공공임대,부산,0
2026-01 p),주택업체,공공임대,대구,0
2026-01 p),주택업체,공공임대,광주,0
2026-01 p),주택업체,공공임대,대전,0
2026-01 p),주택업체,공공임대,울산,0
2026-01 p),주택업체,공공임대,세종,0
2026-01 p),주택업체,공공임대,강원,0
2026-01 p),주택업체,공공임대,충북,0
2026-01 p),주택업체,공공임대,충남,0
2026-01 p),주택업체,공공임대,전북,0
2026-01 p),주택업체,공공임대,전남,0
2026-01 p),주택업체,공공임대,경북,0
2026-01 p),주택업체,공공임대,경남,0
2026-01 p),주택업체,공공임대,제주,0
2026-01 p),주택업체,공공분양,전국,0
2026-01 p),주택업체,공공분양,서울,0
2026-01 p),주택업체,공공분양,인천,0
2026-01 p),주택업체,공공분양,경기,0
2026-01 p),주택업체,공공분양,부산,0
2026-01 p),주택업체,공공분양,대구,0
2026-01 p),주택업체,공공분양,광주,0
2026-01 p),주택업체,공공분양,대전,0
2026-01 p),주택업체,공공분양,울산,0
2026-01 p),주택업체,공공분양,세종,0
2026-01 p),주택업체,공공분양,강원,0
2026-01 p),주택업체,공공분양,충북,0
2026-01 p),주택업체,공공분양,충남,0
2026-01 p),주택업체,공공분양,전북,0
2026-01 p),주택업체,공공분양,전남,0
2026-01 p),주택업체,공공분양,경북,0
2026-01 p),주택업체,공공분양,경남,0
2026-01 p),주택업체,공공분양,제주,0
2026-01 p),민간부문,민간부문,전국,13,938
2026-01 p),민간부문,민간부문,서울,958
2026-01 p),민간부문,민간부문,인천,95
2026-01 p),민간부문,민간부문,경기,6,007
2026-01 p),민간부문,민간부문,부산,859
2026-01 p),민간부문,민간부문,대구,211
2026-01 p),민간부문,민간부문,광주,8
2026-01 p),민간부문,민간부문,대전,1,670
2026-01 p),민간부문,민간부문,울산,718
2026-01 p),민간부문,민간부문,세종,9
2026-01 p),민간부문,민간부문,강원,89
2026-01 p),민간부문,민간부문,충북,93
2026-01 p),민간부문,민간부문,충남,1,068
2026-01 p),민간부문,민간부문,전북,69
2026-01 p),민간부문,민간부문,전남,1,062
2026-01 p),민간부문,민간부문,경북,345
2026-01 p),민간부문,민간부문,경남,557
2026-01 p),민간부문,민간부문,제주,120
2026-01 p),민간,민간임대,전국,0
2026-01 p),민간,민간임대,서울,0
2026-01 p),민간,민간임대,인천,0
2026-01 p),민간,민간임대,경기,0
2026-01 p),민간,민간임대,부산,0
2026-01 p),민간,민간임대,대구,0
2026-01 p),민간,민간임대,광주,0
2026-01 p),민간,민간임대,대전,0
2026-01 p),민간,민간임대,울산,0
2026-01 p),민간,민간임대,세종,0
2026-01 p),민간,민간임대,강원,0
2026-01 p),민간,민간임대,충북,0
2026-01 p),민간,민간임대,충남,0
2026-01 p),민간,민간임대,전북,0
2026-01 p),민간,민간임대,전남,0
2026-01 p),민간,민간임대,경북,0
2026-01 p),민간,민간임대,경남,0
2026-01 p),민간,민간임대,제주,0
2026-01 p),민간,민간분양,전국,13,938
2026-01 p),민간,민간분양,서울,958
2026-01 p),민간,민간분양,인천,95
2026-01 p),민간,민간분양,경기,6,007
2026-01 p),민간,민간분양,부산,859
2026-01 p),민간,민간분양,대구,211
2026-01 p),민간,민간분양,광주,8
2026-01 p),민간,민간분양,대전,1,670
2026-01 p),민간,민간분양,울산,718
2026-01 p),민간,민간분양,세종,9
2026-01 p),민간,민간분양,강원,89
2026-01 p),민간,민간분양,충북,93
2026-01 p),민간,민간분양,충남,1,068
2026-01 p),민간,민간분양,전북,69
2026-01 p),민간,민간분양,전남,1,062
2026-01 p),민간,민간분양,경북,345
2026-01 p),민간,민간분양,경남,557
2026-01 p),민간,민간분양,제주,120
2026-02 p),총  계,총  계,전국,30,799
2026-02 p),총  계,총  계,서울,3,817
2026-02 p),총  계,총  계,인천,1,247
2026-02 p),총  계,총  계,경기,12,782
2026-02 p),총  계,총  계,부산,3,107
2026-02 p),총  계,총  계,대구,372
2026-02 p),총  계,총  계,광주,10
2026-02 p),총  계,총  계,대전,2,655
2026-02 p),총  계,총  계,울산,1,205
2026-02 p),총  계,총  계,세종,18
2026-02 p),총  계,총  계,강원,181
2026-02 p),총  계,총  계,충북,173
2026-02 p),총  계,총  계,충남,1,197
2026-02 p),총  계,총  계,전북,409
2026-02 p),총  계,총  계,전남,1,842
2026-02 p),총  계,총  계,경북,734
2026-02 p),총  계,총  계,경남,711
2026-02 p),총  계,총  계,제주,339
2026-02 p),공공부문,공공부문,전국,4,415
2026-02 p),공공부문,공공부문,서울,2,090
2026-02 p),공공부문,공공부문,인천,0
2026-02 p),공공부문,공공부문,경기,1,308
2026-02 p),공공부문,공공부문,부산,993
2026-02 p),공공부문,공공부문,대구,0
2026-02 p),공공부문,공공부문,광주,0
2026-02 p),공공부문,공공부문,대전,0
2026-02 p),공공부문,공공부문,울산,0
2026-02 p),공공부문,공공부문,세종,0
2026-02 p),공공부문,공공부문,강원,0
2026-02 p),공공부문,공공부문,충북,0
2026-02 p),공공부문,공공부문,충남,0
2026-02 p),공공부문,공공부문,전북,0
2026-02 p),공공부문,공공부문,전남,0
2026-02 p),공공부문,공공부문,경북,0
2026-02 p),공공부문,공공부문,경남,24
2026-02 p),공공부문,공공부문,제주,0
2026-02 p),합,국민임대,전국,0
2026-02 p),합,국민임대,서울,0
2026-02 p),합,국민임대,인천,0
2026-02 p),합,국민임대,경기,0
2026-02 p),합,국민임대,부산,0
2026-02 p),합,국민임대,대구,0
2026-02 p),합,국민임대,광주,0
2026-02 p),합,국민임대,대전,0
2026-02 p),합,국민임대,울산,0
2026-02 p),합,국민임대,세종,0
2026-02 p),합,국민임대,강원,0
2026-02 p),합,국민임대,충북,0
2026-02 p),합,국민임대,충남,0
2026-02 p),합,국민임대,전북,0
2026-02 p),합,국민임대,전남,0
2026-02 p),합,국민임대,경북,0
2026-02 p),합,국민임대,경남,0
2026-02 p),합,국민임대,제주,0
2026-02 p),합,공공임대,전국,2,916
2026-02 p),합,공공임대,서울,883
2026-02 p),합,공공임대,인천,0
2026-02 p),합,공공임대,경기,1,016
2026-02 p),합,공공임대,부산,993
2026-02 p),합,공공임대,대구,0
2026-02 p),합,공공임대,광주,0
2026-02 p),합,공공임대,대전,0
2026-02 p),합,공공임대,울산,0
2026-02 p),합,공공임대,세종,0
2026-02 p),합,공공임대,강원,0
2026-02 p),합,공공임대,충북,0
2026-02 p),합,공공임대,충남,0
2026-02 p),합,공공임대,전북,0
2026-02 p),합,공공임대,전남,0
2026-02 p),합,공공임대,경북,0
2026-02 p),합,공공임대,경남,24
2026-02 p),합,공공임대,제주,0
2026-02 p),합,공공분양,전국,1,499
2026-02 p),합,공공분양,서울,1,207
2026-02 p),합,공공분양,인천,0
2026-02 p),합,공공분양,경기,292
2026-02 p),합,공공분양,부산,0
2026-02 p),합,공공분양,대구,0
2026-02 p),합,공공분양,광주,0
2026-02 p),합,공공분양,대전,0
2026-02 p),합,공공분양,울산,0
2026-02 p),합,공공분양,세종,0
2026-02 p),합,공공분양,강원,0
2026-02 p),합,공공분양,충북,0
2026-02 p),합,공공분양,충남,0
2026-02 p),합,공공분양,전북,0
2026-02 p),합,공공분양,전남,0
2026-02 p),합,공공분양,경북,0
2026-02 p),합,공공분양,경남,0
2026-02 p),합,공공분양,제주,0
2026-02 p),지자체,소계,전국,2,048
2026-02 p),지자체,소계,서울,10
2026-02 p),지자체,소계,인천,0
2026-02 p),지자체,소계,경기,1,021
2026-02 p),지자체,소계,부산,993
2026-02 p),지자체,소계,대구,0
2026-02 p),지자체,소계,광주,0
2026-02 p),지자체,소계,대전,0
2026-02 p),지자체,소계,울산,0
2026-02 p),지자체,소계,세종,0
2026-02 p),지자체,소계,강원,0
2026-02 p),지자체,소계,충북,0
2026-02 p),지자체,소계,충남,0
2026-02 p),지자체,소계,전북,0
2026-02 p),지자체,소계,전남,0
2026-02 p),지자체,소계,경북,0
2026-02 p),지자체,소계,경남,24
2026-02 p),지자체,소계,제주,0
2026-02 p),지자체,국민임대,전국,0
2026-02 p),지자체,국민임대,서울,0
2026-02 p),지자체,국민임대,인천,0
2026-02 p),지자체,국민임대,경기,0
2026-02 p),지자체,국민임대,부산,0
2026-02 p),지자체,국민임대,대구,0
2026-02 p),지자체,국민임대,광주,0
2026-02 p),지자체,국민임대,대전,0
2026-02 p),지자체,국민임대,울산,0
2026-02 p),지자체,국민임대,세종,0
2026-02 p),지자체,국민임대,강원,0
2026-02 p),지자체,국민임대,충북,0
2026-02 p),지자체,국민임대,충남,0
2026-02 p),지자체,국민임대,전북,0
2026-02 p),지자체,국민임대,전남,0
2026-02 p),지자체,국민임대,경북,0
2026-02 p),지자체,국민임대,경남,0
2026-02 p),지자체,국민임대,제주,0
2026-02 p),지자체,공공임대,전국,1,756
2026-02 p),지자체,공공임대,서울,10
2026-02 p),지자체,공공임대,인천,0
2026-02 p),지자체,공공임대,경기,729
2026-02 p),지자체,공공임대,부산,993
2026-02 p),지자체,공공임대,대구,0
2026-02 p),지자체,공공임대,광주,0
2026-02 p),지자체,공공임대,대전,0
2026-02 p),지자체,공공임대,울산,0
2026-02 p),지자체,공공임대,세종,0
2026-02 p),지자체,공공임대,강원,0
2026-02 p),지자체,공공임대,충북,0
2026-02 p),지자체,공공임대,충남,0
2026-02 p),지자체,공공임대,전북,0
2026-02 p),지자체,공공임대,전남,0
2026-02 p),지자체,공공임대,경북,0
2026-02 p),지자체,공공임대,경남,24
2026-02 p),지자체,공공임대,제주,0
2026-02 p),지자체,공공분양,전국,292
2026-02 p),지자체,공공분양,서울,0
2026-02 p),지자체,공공분양,인천,0
2026-02 p),지자체,공공분양,경기,292
2026-02 p),지자체,공공분양,부산,0
2026-02 p),지자체,공공분양,대구,0
2026-02 p),지자체,공공분양,광주,0
2026-02 p),지자체,공공분양,대전,0
2026-02 p),지자체,공공분양,울산,0
2026-02 p),지자체,공공분양,세종,0
2026-02 p),지자체,공공분양,강원,0
2026-02 p),지자체,공공분양,충북,0
2026-02 p),지자체,공공분양,충남,0
2026-02 p),지자체,공공분양,전북,0
2026-02 p),지자체,공공분양,전남,0
2026-02 p),지자체,공공분양,경북,0
2026-02 p),지자체,공공분양,경남,0
2026-02 p),지자체,공공분양,제주,0
2026-02 p),LH,소계,전국,1,678
2026-02 p),LH,소계,서울,1,678
2026-02 p),LH,소계,인천,0
2026-02 p),LH,소계,경기,0
2026-02 p),LH,소계,부산,0
2026-02 p),LH,소계,대구,0
2026-02 p),LH,소계,광주,0
2026-02 p),LH,소계,대전,0
2026-02 p),LH,소계,울산,0
2026-02 p),LH,소계,세종,0
2026-02 p),LH,소계,강원,0
2026-02 p),LH,소계,충북,0
2026-02 p),LH,소계,충남,0
2026-02 p),LH,소계,전북,0
2026-02 p),LH,소계,전남,0
2026-02 p),LH,소계,경북,0
2026-02 p),LH,소계,경남,0
2026-02 p),LH,소계,제주,0
2026-02 p),LH,국민임대,전국,0
2026-02 p),LH,국민임대,서울,0
2026-02 p),LH,국민임대,인천,0
2026-02 p),LH,국민임대,경기,0
2026-02 p),LH,국민임대,부산,0
2026-02 p),LH,국민임대,대구,0
2026-02 p),LH,국민임대,광주,0
2026-02 p),LH,국민임대,대전,0
2026-02 p),LH,국민임대,울산,0
2026-02 p),LH,국민임대,세종,0
2026-02 p),LH,국민임대,강원,0
2026-02 p),LH,국민임대,충북,0
2026-02 p),LH,국민임대,충남,0
2026-02 p),LH,국민임대,전북,0
2026-02 p),LH,국민임대,전남,0
2026-02 p),LH,국민임대,경북,0
2026-02 p),LH,국민임대,경남,0
2026-02 p),LH,국민임대,제주,0
2026-02 p),LH,공공임대,전국,471
2026-02 p),LH,공공임대,서울,471
2026-02 p),LH,공공임대,인천,0
2026-02 p),LH,공공임대,경기,0
2026-02 p),LH,공공임대,부산,0
2026-02 p),LH,공공임대,대구,0
2026-02 p),LH,공공임대,광주,0
2026-02 p),LH,공공임대,대전,0
2026-02 p),LH,공공임대,울산,0
2026-02 p),LH,공공임대,세종,0
2026-02 p),LH,공공임대,강원,0
2026-02 p),LH,공공임대,충북,0
2026-02 p),LH,공공임대,충남,0
2026-02 p),LH,공공임대,전북,0
2026-02 p),LH,공공임대,전남,0
2026-02 p),LH,공공임대,경북,0
2026-02 p),LH,공공임대,경남,0
2026-02 p),LH,공공임대,제주,0
2026-02 p),LH,공공분양,전국,1,207
2026-02 p),LH,공공분양,서울,1,207
2026-02 p),LH,공공분양,인천,0
2026-02 p),LH,공공분양,경기,0
2026-02 p),LH,공공분양,부산,0
2026-02 p),LH,공공분양,대구,0
2026-02 p),LH,공공분양,광주,0
2026-02 p),LH,공공분양,대전,0
2026-02 p),LH,공공분양,울산,0
2026-02 p),LH,공공분양,세종,0
2026-02 p),LH,공공분양,강원,0
2026-02 p),LH,공공분양,충북,0
2026-02 p),LH,공공분양,충남,0
2026-02 p),LH,공공분양,전북,0
2026-02 p),LH,공공분양,전남,0
2026-02 p),LH,공공분양,경북,0
2026-02 p),LH,공공분양,경남,0
2026-02 p),LH,공공분양,제주,0
2026-02 p),주택업체,소계,전국,689
2026-02 p),주택업체,소계,서울,402
2026-02 p),주택업체,소계,인천,0
2026-02 p),주택업체,소계,경기,287
2026-02 p),주택업체,소계,부산,0
2026-02 p),주택업체,소계,대구,0
2026-02 p),주택업체,소계,광주,0
2026-02 p),주택업체,소계,대전,0
2026-02 p),주택업체,소계,울산,0
2026-02 p),주택업체,소계,세종,0
2026-02 p),주택업체,소계,강원,0
2026-02 p),주택업체,소계,충북,0
2026-02 p),주택업체,소계,충남,0
2026-02 p),주택업체,소계,전북,0
2026-02 p),주택업체,소계,전남,0
2026-02 p),주택업체,소계,경북,0
2026-02 p),주택업체,소계,경남,0
2026-02 p),주택업체,소계,제주,0
2026-02 p),주택업체,국민임대,전국,0
2026-02 p),주택업체,국민임대,서울,0
2026-02 p),주택업체,국민임대,인천,0
2026-02 p),주택업체,국민임대,경기,0
2026-02 p),주택업체,국민임대,부산,0
2026-02 p),주택업체,국민임대,대구,0
2026-02 p),주택업체,국민임대,광주,0
2026-02 p),주택업체,국민임대,대전,0
2026-02 p),주택업체,국민임대,울산,0
2026-02 p),주택업체,국민임대,세종,0
2026-02 p),주택업체,국민임대,강원,0
2026-02 p),주택업체,국민임대,충북,0
2026-02 p),주택업체,국민임대,충남,0
2026-02 p),주택업체,국민임대,전북,0
2026-02 p),주택업체,국민임대,전남,0
2026-02 p),주택업체,국민임대,경북,0
2026-02 p),주택업체,국민임대,경남,0
2026-02 p),주택업체,국민임대,제주,0
2026-02 p),주택업체,공공임대,전국,689
2026-02 p),주택업체,공공임대,서울,402
2026-02 p),주택업체,공공임대,인천,0
2026-02 p),주택업체,공공임대,경기,287
2026-02 p),주택업체,공공임대,부산,0
2026-02 p),주택업체,공공임대,대구,0
2026-02 p),주택업체,공공임대,광주,0
2026-02 p),주택업체,공공임대,대전,0
2026-02 p),주택업체,공공임대,울산,0
2026-02 p),주택업체,공공임대,세종,0
2026-02 p),주택업체,공공임대,강원,0
2026-02 p),주택업체,공공임대,충북,0
2026-02 p),주택업체,공공임대,충남,0
2026-02 p),주택업체,공공임대,전북,0
2026-02 p),주택업체,공공임대,전남,0
2026-02 p),주택업체,공공임대,경북,0
2026-02 p),주택업체,공공임대,경남,0
2026-02 p),주택업체,공공임대,제주,0
2026-02 p),주택업체,공공분양,전국,0
2026-02 p),주택업체,공공분양,서울,0
2026-02 p),주택업체,공공분양,인천,0
2026-02 p),주택업체,공공분양,경기,0
2026-02 p),주택업체,공공분양,부산,0
2026-02 p),주택업체,공공분양,대구,0
2026-02 p),주택업체,공공분양,광주,0
2026-02 p),주택업체,공공분양,대전,0
2026-02 p),주택업체,공공분양,울산,0
2026-02 p),주택업체,공공분양,세종,0
2026-02 p),주택업체,공공분양,강원,0
2026-02 p),주택업체,공공분양,충북,0
2026-02 p),주택업체,공공분양,충남,0
2026-02 p),주택업체,공공분양,전북,0
2026-02 p),주택업체,공공분양,전남,0
2026-02 p),주택업체,공공분양,경북,0
2026-02 p),주택업체,공공분양,경남,0
2026-02 p),주택업체,공공분양,제주,0
2026-02 p),민간부문,민간부문,전국,26,384
2026-02 p),민간부문,민간부문,서울,1,727
2026-02 p),민간부문,민간부문,인천,1,247
2026-02 p),민간부문,민간부문,경기,11,474
2026-02 p),민간부문,민간부문,부산,2,114
2026-02 p),민간부문,민간부문,대구,372
2026-02 p),민간부문,민간부문,광주,10
2026-02 p),민간부문,민간부문,대전,2,655
2026-02 p),민간부문,민간부문,울산,1,205
2026-02 p),민간부문,민간부문,세종,18
2026-02 p),민간부문,민간부문,강원,181
2026-02 p),민간부문,민간부문,충북,173
2026-02 p),민간부문,민간부문,충남,1,197
2026-02 p),민간부문,민간부문,전북,409
2026-02 p),민간부문,민간부문,전남,1,842
2026-02 p),민간부문,민간부문,경북,734
2026-02 p),민간부문,민간부문,경남,687
2026-02 p),민간부문,민간부문,제주,339
2026-02 p),민간,민간임대,전국,1,763
2026-02 p),민간,민간임대,서울,146
2026-02 p),민간,민간임대,인천,0
2026-02 p),민간,민간임대,경기,1,107
2026-02 p),민간,민간임대,부산,0
2026-02 p),민간,민간임대,대구,0
2026-02 p),민간,민간임대,광주,0
2026-02 p),민간,민간임대,대전,0
2026-02 p),민간,민간임대,울산,0
2026-02 p),민간,민간임대,세종,0
2026-02 p),민간,민간임대,강원,0
2026-02 p),민간,민간임대,충북,0
2026-02 p),민간,민간임대,충남,0
2026-02 p),민간,민간임대,전북,282
2026-02 p),민간,민간임대,전남,228
2026-02 p),민간,민간임대,경북,0
2026-02 p),민간,민간임대,경남,0
2026-02 p),민간,민간임대,제주,0
2026-02 p),민간,민간분양,전국,24,621
2026-02 p),민간,민간분양,서울,1,581
2026-02 p),민간,민간분양,인천,1,247
2026-02 p),민간,민간분양,경기,10,367
2026-02 p),민간,민간분양,부산,2,114
2026-02 p),민간,민간분양,대구,372
2026-02 p),민간,민간분양,광주,10
2026-02 p),민간,민간분양,대전,2,655
2026-02 p),민간,민간분양,울산,1,205
2026-02 p),민간,민간분양,세종,18
2026-02 p),민간,민간분양,강원,181
2026-02 p),민간,민간분양,충북,173
2026-02 p),민간,민간분양,충남,1,197
2026-02 p),민간,민간분양,전북,127
2026-02 p),민간,민간분양,전남,1,614
2026-02 p),민간,민간분양,경북,734
2026-02 p),민간,민간분양,경남,687
2026-02 p),민간,민간분양,제주,339
2026-03 p),총  계,총  계,전국,50,129
2026-03 p),총  계,총  계,서울,5,632
2026-03 p),총  계,총  계,인천,3,478
2026-03 p),총  계,총  계,경기,18,361
2026-03 p),총  계,총  계,부산,3,130
2026-03 p),총  계,총  계,대구,553
2026-03 p),총  계,총  계,광주,1,208
2026-03 p),총  계,총  계,대전,2,668
2026-03 p),총  계,총  계,울산,1,229
2026-03 p),총  계,총  계,세종,707
2026-03 p),총  계,총  계,강원,1,082
2026-03 p),총  계,총  계,충북,2,387
2026-03 p),총  계,총  계,충남,1,970
2026-03 p),총  계,총  계,전북,2,674
2026-03 p),총  계,총  계,전남,2,241
2026-03 p),총  계,총  계,경북,1,096
2026-03 p),총  계,총  계,경남,1,203
2026-03 p),총  계,총  계,제주,510
2026-03 p),공공부문,공공부문,전국,4,716
2026-03 p),공공부문,공공부문,서울,2,090
2026-03 p),공공부문,공공부문,인천,0
2026-03 p),공공부문,공공부문,경기,1,566
2026-03 p),공공부문,공공부문,부산,993
2026-03 p),공공부문,공공부문,대구,0
2026-03 p),공공부문,공공부문,광주,0
2026-03 p),공공부문,공공부문,대전,0
2026-03 p),공공부문,공공부문,울산,0
2026-03 p),공공부문,공공부문,세종,0
2026-03 p),공공부문,공공부문,강원,0
2026-03 p),공공부문,공공부문,충북,0
2026-03 p),공공부문,공공부문,충남,0
2026-03 p),공공부문,공공부문,전북,0
2026-03 p),공공부문,공공부문,전남,43
2026-03 p),공공부문,공공부문,경북,0
2026-03 p),공공부문,공공부문,경남,24
2026-03 p),공공부문,공공부문,제주,0
2026-03 p),합,국민임대,전국,0
2026-03 p),합,국민임대,서울,0
2026-03 p),합,국민임대,인천,0
2026-03 p),합,국민임대,경기,0
2026-03 p),합,국민임대,부산,0
2026-03 p),합,국민임대,대구,0
2026-03 p),합,국민임대,광주,0
2026-03 p),합,국민임대,대전,0
2026-03 p),합,국민임대,울산,0
2026-03 p),합,국민임대,세종,0
2026-03 p),합,국민임대,강원,0
2026-03 p),합,국민임대,충북,0
2026-03 p),합,국민임대,충남,0
2026-03 p),합,국민임대,전북,0
2026-03 p),합,국민임대,전남,0
2026-03 p),합,국민임대,경북,0
2026-03 p),합,국민임대,경남,0
2026-03 p),합,국민임대,제주,0
2026-03 p),합,공공임대,전국,3,217
2026-03 p),합,공공임대,서울,883
2026-03 p),합,공공임대,인천,0
2026-03 p),합,공공임대,경기,1,274
2026-03 p),합,공공임대,부산,993
2026-03 p),합,공공임대,대구,0
2026-03 p),합,공공임대,광주,0
2026-03 p),합,공공임대,대전,0
2026-03 p),합,공공임대,울산,0
2026-03 p),합,공공임대,세종,0
2026-03 p),합,공공임대,강원,0
2026-03 p),합,공공임대,충북,0
2026-03 p),합,공공임대,충남,0
2026-03 p),합,공공임대,전북,0
2026-03 p),합,공공임대,전남,43
2026-03 p),합,공공임대,경북,0
2026-03 p),합,공공임대,경남,24
2026-03 p),합,공공임대,제주,0
2026-03 p),합,공공분양,전국,1,499
2026-03 p),합,공공분양,서울,1,207
2026-03 p),합,공공분양,인천,0
2026-03 p),합,공공분양,경기,292
2026-03 p),합,공공분양,부산,0
2026-03 p),합,공공분양,대구,0
2026-03 p),합,공공분양,광주,0
2026-03 p),합,공공분양,대전,0
2026-03 p),합,공공분양,울산,0
2026-03 p),합,공공분양,세종,0
2026-03 p),합,공공분양,강원,0
2026-03 p),합,공공분양,충북,0
2026-03 p),합,공공분양,충남,0
2026-03 p),합,공공분양,전북,0
2026-03 p),합,공공분양,전남,0
2026-03 p),합,공공분양,경북,0
2026-03 p),합,공공분양,경남,0
2026-03 p),합,공공분양,제주,0
2026-03 p),지자체,소계,전국,2,091
2026-03 p),지자체,소계,서울,10
2026-03 p),지자체,소계,인천,0
2026-03 p),지자체,소계,경기,1,021
2026-03 p),지자체,소계,부산,993
2026-03 p),지자체,소계,대구,0
2026-03 p),지자체,소계,광주,0
2026-03 p),지자체,소계,대전,0
2026-03 p),지자체,소계,울산,0
2026-03 p),지자체,소계,세종,0
2026-03 p),지자체,소계,강원,0
2026-03 p),지자체,소계,충북,0
2026-03 p),지자체,소계,충남,0
2026-03 p),지자체,소계,전북,0
2026-03 p),지자체,소계,전남,43
2026-03 p),지자체,소계,경북,0
2026-03 p),지자체,소계,경남,24
2026-03 p),지자체,소계,제주,0
2026-03 p),지자체,국민임대,전국,0
2026-03 p),지자체,국민임대,서울,0
2026-03 p),지자체,국민임대,인천,0
2026-03 p),지자체,국민임대,경기,0
2026-03 p),지자체,국민임대,부산,0
2026-03 p),지자체,국민임대,대구,0
2026-03 p),지자체,국민임대,광주,0
2026-03 p),지자체,국민임대,대전,0
2026-03 p),지자체,국민임대,울산,0
2026-03 p),지자체,국민임대,세종,0
2026-03 p),지자체,국민임대,강원,0
2026-03 p),지자체,국민임대,충북,0
2026-03 p),지자체,국민임대,충남,0
2026-03 p),지자체,국민임대,전북,0
2026-03 p),지자체,국민임대,전남,0
2026-03 p),지자체,국민임대,경북,0
2026-03 p),지자체,국민임대,경남,0
2026-03 p),지자체,국민임대,제주,0
2026-03 p),지자체,공공임대,전국,1,799
2026-03 p),지자체,공공임대,서울,10
2026-03 p),지자체,공공임대,인천,0
2026-03 p),지자체,공공임대,경기,729
2026-03 p),지자체,공공임대,부산,993
2026-03 p),지자체,공공임대,대구,0
2026-03 p),지자체,공공임대,광주,0
2026-03 p),지자체,공공임대,대전,0
2026-03 p),지자체,공공임대,울산,0
2026-03 p),지자체,공공임대,세종,0
2026-03 p),지자체,공공임대,강원,0
2026-03 p),지자체,공공임대,충북,0
2026-03 p),지자체,공공임대,충남,0
2026-03 p),지자체,공공임대,전북,0
2026-03 p),지자체,공공임대,전남,43
2026-03 p),지자체,공공임대,경북,0
2026-03 p),지자체,공공임대,경남,24
2026-03 p),지자체,공공임대,제주,0
2026-03 p),지자체,공공분양,전국,292
2026-03 p),지자체,공공분양,서울,0
2026-03 p),지자체,공공분양,인천,0
2026-03 p),지자체,공공분양,경기,292
2026-03 p),지자체,공공분양,부산,0
2026-03 p),지자체,공공분양,대구,0
2026-03 p),지자체,공공분양,광주,0
2026-03 p),지자체,공공분양,대전,0
2026-03 p),지자체,공공분양,울산,0
2026-03 p),지자체,공공분양,세종,0
2026-03 p),지자체,공공분양,강원,0
2026-03 p),지자체,공공분양,충북,0
2026-03 p),지자체,공공분양,충남,0
2026-03 p),지자체,공공분양,전북,0
2026-03 p),지자체,공공분양,전남,0
2026-03 p),지자체,공공분양,경북,0
2026-03 p),지자체,공공분양,경남,0
2026-03 p),지자체,공공분양,제주,0
2026-03 p),LH,소계,전국,1,678
2026-03 p),LH,소계,서울,1,678
2026-03 p),LH,소계,인천,0
2026-03 p),LH,소계,경기,0
2026-03 p),LH,소계,부산,0
2026-03 p),LH,소계,대구,0
2026-03 p),LH,소계,광주,0
2026-03 p),LH,소계,대전,0
2026-03 p),LH,소계,울산,0
2026-03 p),LH,소계,세종,0
2026-03 p),LH,소계,강원,0
2026-03 p),LH,소계,충북,0
2026-03 p),LH,소계,충남,0
2026-03 p),LH,소계,전북,0
2026-03 p),LH,소계,전남,0
2026-03 p),LH,소계,경북,0
2026-03 p),LH,소계,경남,0
2026-03 p),LH,소계,제주,0
2026-03 p),LH,국민임대,전국,0
2026-03 p),LH,국민임대,서울,0
2026-03 p),LH,국민임대,인천,0
2026-03 p),LH,국민임대,경기,0
2026-03 p),LH,국민임대,부산,0
2026-03 p),LH,국민임대,대구,0
2026-03 p),LH,국민임대,광주,0
2026-03 p),LH,국민임대,대전,0
2026-03 p),LH,국민임대,울산,0
2026-03 p),LH,국민임대,세종,0
2026-03 p),LH,국민임대,강원,0
2026-03 p),LH,국민임대,충북,0
2026-03 p),LH,국민임대,충남,0
2026-03 p),LH,국민임대,전북,0
2026-03 p),LH,국민임대,전남,0
2026-03 p),LH,국민임대,경북,0
2026-03 p),LH,국민임대,경남,0
2026-03 p),LH,국민임대,제주,0
2026-03 p),LH,공공임대,전국,471
2026-03 p),LH,공공임대,서울,471
2026-03 p),LH,공공임대,인천,0
2026-03 p),LH,공공임대,경기,0
2026-03 p),LH,공공임대,부산,0
2026-03 p),LH,공공임대,대구,0
2026-03 p),LH,공공임대,광주,0
2026-03 p),LH,공공임대,대전,0
2026-03 p),LH,공공임대,울산,0
2026-03 p),LH,공공임대,세종,0
2026-03 p),LH,공공임대,강원,0
2026-03 p),LH,공공임대,충북,0
2026-03 p),LH,공공임대,충남,0
2026-03 p),LH,공공임대,전북,0
2026-03 p),LH,공공임대,전남,0
2026-03 p),LH,공공임대,경북,0
2026-03 p),LH,공공임대,경남,0
2026-03 p),LH,공공임대,제주,0
2026-03 p),LH,공공분양,전국,1,207
2026-03 p),LH,공공분양,서울,1,207
2026-03 p),LH,공공분양,인천,0
2026-03 p),LH,공공분양,경기,0
2026-03 p),LH,공공분양,부산,0
2026-03 p),LH,공공분양,대구,0
2026-03 p),LH,공공분양,광주,0
2026-03 p),LH,공공분양,대전,0
2026-03 p),LH,공공분양,울산,0
2026-03 p),LH,공공분양,세종,0
2026-03 p),LH,공공분양,강원,0
2026-03 p),LH,공공분양,충북,0
2026-03 p),LH,공공분양,충남,0
2026-03 p),LH,공공분양,전북,0
2026-03 p),LH,공공분양,전남,0
2026-03 p),LH,공공분양,경북,0
2026-03 p),LH,공공분양,경남,0
2026-03 p),LH,공공분양,제주,0
2026-03 p),주택업체,소계,전국,947
2026-03 p),주택업체,소계,서울,402
2026-03 p),주택업체,소계,인천,0
2026-03 p),주택업체,소계,경기,545
2026-03 p),주택업체,소계,부산,0
2026-03 p),주택업체,소계,대구,0
2026-03 p),주택업체,소계,광주,0
2026-03 p),주택업체,소계,대전,0
2026-03 p),주택업체,소계,울산,0
2026-03 p),주택업체,소계,세종,0
2026-03 p),주택업체,소계,강원,0
2026-03 p),주택업체,소계,충북,0
2026-03 p),주택업체,소계,충남,0
2026-03 p),주택업체,소계,전북,0
2026-03 p),주택업체,소계,전남,0
2026-03 p),주택업체,소계,경북,0
2026-03 p),주택업체,소계,경남,0
2026-03 p),주택업체,소계,제주,0
2026-03 p),주택업체,국민임대,전국,0
2026-03 p),주택업체,국민임대,서울,0
2026-03 p),주택업체,국민임대,인천,0
2026-03 p),주택업체,국민임대,경기,0
2026-03 p),주택업체,국민임대,부산,0
2026-03 p),주택업체,국민임대,대구,0
2026-03 p),주택업체,국민임대,광주,0
2026-03 p),주택업체,국민임대,대전,0
2026-03 p),주택업체,국민임대,울산,0
2026-03 p),주택업체,국민임대,세종,0
2026-03 p),주택업체,국민임대,강원,0
2026-03 p),주택업체,국민임대,충북,0
2026-03 p),주택업체,국민임대,충남,0
2026-03 p),주택업체,국민임대,전북,0
2026-03 p),주택업체,국민임대,전남,0
2026-03 p),주택업체,국민임대,경북,0
2026-03 p),주택업체,국민임대,경남,0
2026-03 p),주택업체,국민임대,제주,0
2026-03 p),주택업체,공공임대,전국,947
2026-03 p),주택업체,공공임대,서울,402
2026-03 p),주택업체,공공임대,인천,0
2026-03 p),주택업체,공공임대,경기,545
2026-03 p),주택업체,공공임대,부산,0
2026-03 p),주택업체,공공임대,대구,0
2026-03 p),주택업체,공공임대,광주,0
2026-03 p),주택업체,공공임대,대전,0
2026-03 p),주택업체,공공임대,울산,0
2026-03 p),주택업체,공공임대,세종,0
2026-03 p),주택업체,공공임대,강원,0
2026-03 p),주택업체,공공임대,충북,0
2026-03 p),주택업체,공공임대,충남,0
2026-03 p),주택업체,공공임대,전북,0
2026-03 p),주택업체,공공임대,전남,0
2026-03 p),주택업체,공공임대,경북,0
2026-03 p),주택업체,공공임대,경남,0
2026-03 p),주택업체,공공임대,제주,0
2026-03 p),주택업체,공공분양,전국,0
2026-03 p),주택업체,공공분양,서울,0
2026-03 p),주택업체,공공분양,인천,0
2026-03 p),주택업체,공공분양,경기,0
2026-03 p),주택업체,공공분양,부산,0
2026-03 p),주택업체,공공분양,대구,0
2026-03 p),주택업체,공공분양,광주,0
2026-03 p),주택업체,공공분양,대전,0
2026-03 p),주택업체,공공분양,울산,0
2026-03 p),주택업체,공공분양,세종,0
2026-03 p),주택업체,공공분양,강원,0
2026-03 p),주택업체,공공분양,충북,0
2026-03 p),주택업체,공공분양,충남,0
2026-03 p),주택업체,공공분양,전북,0
2026-03 p),주택업체,공공분양,전남,0
2026-03 p),주택업체,공공분양,경북,0
2026-03 p),주택업체,공공분양,경남,0
2026-03 p),주택업체,공공분양,제주,0
2026-03 p),민간부문,민간부문,전국,45,413
2026-03 p),민간부문,민간부문,서울,3,542
2026-03 p),민간부문,민간부문,인천,3,478
2026-03 p),민간부문,민간부문,경기,16,795
2026-03 p),민간부문,민간부문,부산,2,137
2026-03 p),민간부문,민간부문,대구,553
2026-03 p),민간부문,민간부문,광주,1,208
2026-03 p),민간부문,민간부문,대전,2,668
2026-03 p),민간부문,민간부문,울산,1,229
2026-03 p),민간부문,민간부문,세종,707
2026-03 p),민간부문,민간부문,강원,1,082
2026-03 p),민간부문,민간부문,충북,2,387
2026-03 p),민간부문,민간부문,충남,1,970
2026-03 p),민간부문,민간부문,전북,2,674
2026-03 p),민간부문,민간부문,전남,2,198
2026-03 p),민간부문,민간부문,경북,1,096
2026-03 p),민간부문,민간부문,경남,1,179
2026-03 p),민간부문,민간부문,제주,510
2026-03 p),민간,민간임대,전국,4,068
2026-03 p),민간,민간임대,서울,146
2026-03 p),민간,민간임대,인천,0
2026-03 p),민간,민간임대,경기,1,401
2026-03 p),민간,민간임대,부산,0
2026-03 p),민간,민간임대,대구,0
2026-03 p),민간,민간임대,광주,0
2026-03 p),민간,민간임대,대전,0
2026-03 p),민간,민간임대,울산,0
2026-03 p),민간,민간임대,세종,0
2026-03 p),민간,민간임대,강원,292
2026-03 p),민간,민간임대,충북,481
2026-03 p),민간,민간임대,충남,0
2026-03 p),민간,민간임대,전북,1,372
2026-03 p),민간,민간임대,전남,376
2026-03 p),민간,민간임대,경북,0
2026-03 p),민간,민간임대,경남,0
2026-03 p),민간,민간임대,제주,0
2026-03 p),민간,민간분양,전국,41,345
2026-03 p),민간,민간분양,서울,3,396
2026-03 p),민간,민간분양,인천,3,478
2026-03 p),민간,민간분양,경기,15,394
2026-03 p),민간,민간분양,부산,2,137
2026-03 p),민간,민간분양,대구,553
2026-03 p),민간,민간분양,광주,1,208
2026-03 p),민간,민간분양,대전,2,668
2026-03 p),민간,민간분양,울산,1,229
2026-03 p),민간,민간분양,세종,707
2026-03 p),민간,민간분양,강원,790
2026-03 p),민간,민간분양,충북,1,906
2026-03 p),민간,민간분양,충남,1,970
2026-03 p),민간,민간분양,전북,1,302
2026-03 p),민간,민간분양,전남,1,822
2026-03 p),민간,민간분양,경북,1,096
2026-03 p),민간,민간분양,경남,1,179
2026-03 p),민간,민간분양,제주,510
2026-04 p),총  계,총  계,전국,79,371
2026-04 p),총  계,총  계,서울,12,760
2026-04 p),총  계,총  계,인천,5,921
2026-04 p),총  계,총  계,경기,24,932
2026-04 p),총  계,총  계,부산,3,619
2026-04 p),총  계,총  계,대구,571
2026-04 p),총  계,총  계,광주,1,236
2026-04 p),총  계,총  계,대전,5,847
2026-04 p),총  계,총  계,울산,1,244
2026-04 p),총  계,총  계,세종,3,906
2026-04 p),총  계,총  계,강원,1,615
2026-04 p),총  계,총  계,충북,4,344
2026-04 p),총  계,총  계,충남,3,431
2026-04 p),총  계,총  계,전북,2,780
2026-04 p),총  계,총  계,전남,2,651
2026-04 p),총  계,총  계,경북,2,507
2026-04 p),총  계,총  계,경남,1,364
2026-04 p),총  계,총  계,제주,643
2026-04 p),공공부문,공공부문,전국,9,472
2026-04 p),공공부문,공공부문,서울,3,387
2026-04 p),공공부문,공공부문,인천,0
2026-04 p),공공부문,공공부문,경기,3,916
2026-04 p),공공부문,공공부문,부산,993
2026-04 p),공공부문,공공부문,대구,0
2026-04 p),공공부문,공공부문,광주,0
2026-04 p),공공부문,공공부문,대전,0
2026-04 p),공공부문,공공부문,울산,0
2026-04 p),공공부문,공공부문,세종,999
2026-04 p),공공부문,공공부문,강원,0
2026-04 p),공공부문,공공부문,충북,0
2026-04 p),공공부문,공공부문,충남,0
2026-04 p),공공부문,공공부문,전북,0
2026-04 p),공공부문,공공부문,전남,43
2026-04 p),공공부문,공공부문,경북,110
2026-04 p),공공부문,공공부문,경남,24
2026-04 p),공공부문,공공부문,제주,0
2026-04 p),합,국민임대,전국,10
2026-04 p),합,국민임대,서울,10
2026-04 p),합,국민임대,인천,0
2026-04 p),합,국민임대,경기,0
2026-04 p),합,국민임대,부산,0
2026-04 p),합,국민임대,대구,0
2026-04 p),합,국민임대,광주,0
2026-04 p),합,국민임대,대전,0
2026-04 p),합,국민임대,울산,0
2026-04 p),합,국민임대,세종,0
2026-04 p),합,국민임대,강원,0
2026-04 p),합,국민임대,충북,0
2026-04 p),합,국민임대,충남,0
2026-04 p),합,국민임대,전북,0
2026-04 p),합,국민임대,전남,0
2026-04 p),합,국민임대,경북,0
2026-04 p),합,국민임대,경남,0
2026-04 p),합,국민임대,제주,0
2026-04 p),합,공공임대,전국,7,465
2026-04 p),합,공공임대,서울,2,170
2026-04 p),합,공공임대,인천,0
2026-04 p),합,공공임대,경기,3,624
2026-04 p),합,공공임대,부산,993
2026-04 p),합,공공임대,대구,0
2026-04 p),합,공공임대,광주,0
2026-04 p),합,공공임대,대전,0
2026-04 p),합,공공임대,울산,0
2026-04 p),합,공공임대,세종,501
2026-04 p),합,공공임대,강원,0
2026-04 p),합,공공임대,충북,0
2026-04 p),합,공공임대,충남,0
2026-04 p),합,공공임대,전북,0
2026-04 p),합,공공임대,전남,43
2026-04 p),합,공공임대,경북,110
2026-04 p),합,공공임대,경남,24
2026-04 p),합,공공임대,제주,0
2026-04 p),합,공공분양,전국,1,997
2026-04 p),합,공공분양,서울,1,207
2026-04 p),합,공공분양,인천,0
2026-04 p),합,공공분양,경기,292
2026-04 p),합,공공분양,부산,0
2026-04 p),합,공공분양,대구,0
2026-04 p),합,공공분양,광주,0
2026-04 p),합,공공분양,대전,0
2026-04 p),합,공공분양,울산,0
2026-04 p),합,공공분양,세종,498
2026-04 p),합,공공분양,강원,0
2026-04 p),합,공공분양,충북,0
2026-04 p),합,공공분양,충남,0
2026-04 p),합,공공분양,전북,0
2026-04 p),합,공공분양,전남,0
2026-04 p),합,공공분양,경북,0
2026-04 p),합,공공분양,경남,0
2026-04 p),합,공공분양,제주,0
2026-04 p),지자체,소계,전국,4,401
2026-04 p),지자체,소계,서울,10
2026-04 p),지자체,소계,인천,0
2026-04 p),지자체,소계,경기,3,221
2026-04 p),지자체,소계,부산,993
2026-04 p),지자체,소계,대구,0
2026-04 p),지자체,소계,광주,0
2026-04 p),지자체,소계,대전,0
2026-04 p),지자체,소계,울산,0
2026-04 p),지자체,소계,세종,0
2026-04 p),지자체,소계,강원,0
2026-04 p),지자체,소계,충북,0
2026-04 p),지자체,소계,충남,0
2026-04 p),지자체,소계,전북,0
2026-04 p),지자체,소계,전남,43
2026-04 p),지자체,소계,경북,110
2026-04 p),지자체,소계,경남,24
2026-04 p),지자체,소계,제주,0
2026-04 p),지자체,국민임대,전국,0
2026-04 p),지자체,국민임대,서울,0
2026-04 p),지자체,국민임대,인천,0
2026-04 p),지자체,국민임대,경기,0
2026-04 p),지자체,국민임대,부산,0
2026-04 p),지자체,국민임대,대구,0
2026-04 p),지자체,국민임대,광주,0
2026-04 p),지자체,국민임대,대전,0
2026-04 p),지자체,국민임대,울산,0
2026-04 p),지자체,국민임대,세종,0
2026-04 p),지자체,국민임대,강원,0
2026-04 p),지자체,국민임대,충북,0
2026-04 p),지자체,국민임대,충남,0
2026-04 p),지자체,국민임대,전북,0
2026-04 p),지자체,국민임대,전남,0
2026-04 p),지자체,국민임대,경북,0
2026-04 p),지자체,국민임대,경남,0
2026-04 p),지자체,국민임대,제주,0
2026-04 p),지자체,공공임대,전국,4,109
2026-04 p),지자체,공공임대,서울,10
2026-04 p),지자체,공공임대,인천,0
2026-04 p),지자체,공공임대,경기,2,929
2026-04 p),지자체,공공임대,부산,993
2026-04 p),지자체,공공임대,대구,0
2026-04 p),지자체,공공임대,광주,0
2026-04 p),지자체,공공임대,대전,0
2026-04 p),지자체,공공임대,울산,0
2026-04 p),지자체,공공임대,세종,0
2026-04 p),지자체,공공임대,강원,0
2026-04 p),지자체,공공임대,충북,0
2026-04 p),지자체,공공임대,충남,0
2026-04 p),지자체,공공임대,전북,0
2026-04 p),지자체,공공임대,전남,43
2026-04 p),지자체,공공임대,경북,110
2026-04 p),지자체,공공임대,경남,24
2026-04 p),지자체,공공임대,제주,0
2026-04 p),지자체,공공분양,전국,292
2026-04 p),지자체,공공분양,서울,0
2026-04 p),지자체,공공분양,인천,0
2026-04 p),지자체,공공분양,경기,292
2026-04 p),지자체,공공분양,부산,0
2026-04 p),지자체,공공분양,대구,0
2026-04 p),지자체,공공분양,광주,0
2026-04 p),지자체,공공분양,대전,0
2026-04 p),지자체,공공분양,울산,0
2026-04 p),지자체,공공분양,세종,0
2026-04 p),지자체,공공분양,강원,0
2026-04 p),지자체,공공분양,충북,0
2026-04 p),지자체,공공분양,충남,0
2026-04 p),지자체,공공분양,전북,0
2026-04 p),지자체,공공분양,전남,0
2026-04 p),지자체,공공분양,경북,0
2026-04 p),지자체,공공분양,경남,0
2026-04 p),지자체,공공분양,제주,0
2026-04 p),LH,소계,전국,3,494
2026-04 p),LH,소계,서울,2,495
2026-04 p),LH,소계,인천,0
2026-04 p),LH,소계,경기,0
2026-04 p),LH,소계,부산,0
2026-04 p),LH,소계,대구,0
2026-04 p),LH,소계,광주,0
2026-04 p),LH,소계,대전,0
2026-04 p),LH,소계,울산,0
2026-04 p),LH,소계,세종,999
2026-04 p),LH,소계,강원,0
2026-04 p),LH,소계,충북,0
2026-04 p),LH,소계,충남,0
2026-04 p),LH,소계,전북,0
2026-04 p),LH,소계,전남,0
2026-04 p),LH,소계,경북,0
2026-04 p),LH,소계,경남,0
2026-04 p),LH,소계,제주,0
2026-04 p),LH,국민임대,전국,0
2026-04 p),LH,국민임대,서울,0
2026-04 p),LH,국민임대,인천,0
2026-04 p),LH,국민임대,경기,0
2026-04 p),LH,국민임대,부산,0
2026-04 p),LH,국민임대,대구,0
2026-04 p),LH,국민임대,광주,0
2026-04 p),LH,국민임대,대전,0
2026-04 p),LH,국민임대,울산,0
2026-04 p),LH,국민임대,세종,0
2026-04 p),LH,국민임대,강원,0
2026-04 p),LH,국민임대,충북,0
2026-04 p),LH,국민임대,충남,0
2026-04 p),LH,국민임대,전북,0
2026-04 p),LH,국민임대,전남,0
2026-04 p),LH,국민임대,경북,0
2026-04 p),LH,국민임대,경남,0
2026-04 p),LH,국민임대,제주,0
2026-04 p),LH,공공임대,전국,1,789
2026-04 p),LH,공공임대,서울,1,288
2026-04 p),LH,공공임대,인천,0
2026-04 p),LH,공공임대,경기,0
2026-04 p),LH,공공임대,부산,0
2026-04 p),LH,공공임대,대구,0
2026-04 p),LH,공공임대,광주,0
2026-04 p),LH,공공임대,대전,0
2026-04 p),LH,공공임대,울산,0
2026-04 p),LH,공공임대,세종,501
2026-04 p),LH,공공임대,강원,0
2026-04 p),LH,공공임대,충북,0
2026-04 p),LH,공공임대,충남,0
2026-04 p),LH,공공임대,전북,0
2026-04 p),LH,공공임대,전남,0
2026-04 p),LH,공공임대,경북,0
2026-04 p),LH,공공임대,경남,0
2026-04 p),LH,공공임대,제주,0
2026-04 p),LH,공공분양,전국,1,705
2026-04 p),LH,공공분양,서울,1,207
2026-04 p),LH,공공분양,인천,0
2026-04 p),LH,공공분양,경기,0
2026-04 p),LH,공공분양,부산,0
2026-04 p),LH,공공분양,대구,0
2026-04 p),LH,공공분양,광주,0
2026-04 p),LH,공공분양,대전,0
2026-04 p),LH,공공분양,울산,0
2026-04 p),LH,공공분양,세종,498
2026-04 p),LH,공공분양,강원,0
2026-04 p),LH,공공분양,충북,0
2026-04 p),LH,공공분양,충남,0
2026-04 p),LH,공공분양,전북,0
2026-04 p),LH,공공분양,전남,0
2026-04 p),LH,공공분양,경북,0
2026-04 p),LH,공공분양,경남,0
2026-04 p),LH,공공분양,제주,0
2026-04 p),주택업체,소계,전국,1,577
2026-04 p),주택업체,소계,서울,882
2026-04 p),주택업체,소계,인천,0
2026-04 p),주택업체,소계,경기,695
2026-04 p),주택업체,소계,부산,0
2026-04 p),주택업체,소계,대구,0
2026-04 p),주택업체,소계,광주,0
2026-04 p),주택업체,소계,대전,0
2026-04 p),주택업체,소계,울산,0
2026-04 p),주택업체,소계,세종,0
2026-04 p),주택업체,소계,강원,0
2026-04 p),주택업체,소계,충북,0
2026-04 p),주택업체,소계,충남,0
2026-04 p),주택업체,소계,전북,0
2026-04 p),주택업체,소계,전남,0
2026-04 p),주택업체,소계,경북,0
2026-04 p),주택업체,소계,경남,0
2026-04 p),주택업체,소계,제주,0
2026-04 p),주택업체,국민임대,전국,10
2026-04 p),주택업체,국민임대,서울,10
2026-04 p),주택업체,국민임대,인천,0
2026-04 p),주택업체,국민임대,경기,0
2026-04 p),주택업체,국민임대,부산,0
2026-04 p),주택업체,국민임대,대구,0
2026-04 p),주택업체,국민임대,광주,0
2026-04 p),주택업체,국민임대,대전,0
2026-04 p),주택업체,국민임대,울산,0
2026-04 p),주택업체,국민임대,세종,0
2026-04 p),주택업체,국민임대,강원,0
2026-04 p),주택업체,국민임대,충북,0
2026-04 p),주택업체,국민임대,충남,0
2026-04 p),주택업체,국민임대,전북,0
2026-04 p),주택업체,국민임대,전남,0
2026-04 p),주택업체,국민임대,경북,0
2026-04 p),주택업체,국민임대,경남,0
2026-04 p),주택업체,국민임대,제주,0
2026-04 p),주택업체,공공임대,전국,1,567
2026-04 p),주택업체,공공임대,서울,872
2026-04 p),주택업체,공공임대,인천,0
2026-04 p),주택업체,공공임대,경기,695
2026-04 p),주택업체,공공임대,부산,0
2026-04 p),주택업체,공공임대,대구,0
2026-04 p),주택업체,공공임대,광주,0
2026-04 p),주택업체,공공임대,대전,0
2026-04 p),주택업체,공공임대,울산,0
2026-04 p),주택업체,공공임대,세종,0
2026-04 p),주택업체,공공임대,강원,0
2026-04 p),주택업체,공공임대,충북,0
2026-04 p),주택업체,공공임대,충남,0
2026-04 p),주택업체,공공임대,전북,0
2026-04 p),주택업체,공공임대,전남,0
2026-04 p),주택업체,공공임대,경북,0
2026-04 p),주택업체,공공임대,경남,0
2026-04 p),주택업체,공공임대,제주,0
2026-04 p),주택업체,공공분양,전국,0
2026-04 p),주택업체,공공분양,서울,0
2026-04 p),주택업체,공공분양,인천,0
2026-04 p),주택업체,공공분양,경기,0
2026-04 p),주택업체,공공분양,부산,0
2026-04 p),주택업체,공공분양,대구,0
2026-04 p),주택업체,공공분양,광주,0
2026-04 p),주택업체,공공분양,대전,0
2026-04 p),주택업체,공공분양,울산,0
2026-04 p),주택업체,공공분양,세종,0
2026-04 p),주택업체,공공분양,강원,0
2026-04 p),주택업체,공공분양,충북,0
2026-04 p),주택업체,공공분양,충남,0
2026-04 p),주택업체,공공분양,전북,0
2026-04 p),주택업체,공공분양,전남,0
2026-04 p),주택업체,공공분양,경북,0
2026-04 p),주택업체,공공분양,경남,0
2026-04 p),주택업체,공공분양,제주,0
2026-04 p),민간부문,민간부문,전국,69,899
2026-04 p),민간부문,민간부문,서울,9,373
2026-04 p),민간부문,민간부문,인천,5,921
2026-04 p),민간부문,민간부문,경기,21,016
2026-04 p),민간부문,민간부문,부산,2,626
2026-04 p),민간부문,민간부문,대구,571
2026-04 p),민간부문,민간부문,광주,1,236
2026-04 p),민간부문,민간부문,대전,5,847
2026-04 p),민간부문,민간부문,울산,1,244
2026-04 p),민간부문,민간부문,세종,2,907
2026-04 p),민간부문,민간부문,강원,1,615
2026-04 p),민간부문,민간부문,충북,4,344
2026-04 p),민간부문,민간부문,충남,3,431
2026-04 p),민간부문,민간부문,전북,2,780
2026-04 p),민간부문,민간부문,전남,2,608
2026-04 p),민간부문,민간부문,경북,2,397
2026-04 p),민간부문,민간부문,경남,1,340
2026-04 p),민간부문,민간부문,제주,643
2026-04 p),민간,민간임대,전국,6,440
2026-04 p),민간,민간임대,서울,146
2026-04 p),민간,민간임대,인천,0
2026-04 p),민간,민간임대,경기,1,401
2026-04 p),민간,민간임대,부산,0
2026-04 p),민간,민간임대,대구,0
2026-04 p),민간,민간임대,광주,0
2026-04 p),민간,민간임대,대전,0
2026-04 p),민간,민간임대,울산,0
2026-04 p),민간,민간임대,세종,0
2026-04 p),민간,민간임대,강원,586
2026-04 p),민간,민간임대,충북,2,298
2026-04 p),민간,민간임대,충남,0
2026-04 p),민간,민간임대,전북,1,372
2026-04 p),민간,민간임대,전남,579
2026-04 p),민간,민간임대,경북,0
2026-04 p),민간,민간임대,경남,0
2026-04 p),민간,민간임대,제주,58
2026-04 p),민간,민간분양,전국,63,459
2026-04 p),민간,민간분양,서울,9,227
2026-04 p),민간,민간분양,인천,5,921
2026-04 p),민간,민간분양,경기,19,615
2026-04 p),민간,민간분양,부산,2,626
2026-04 p),민간,민간분양,대구,571
2026-04 p),민간,민간분양,광주,1,236
2026-04 p),민간,민간분양,대전,5,847
2026-04 p),민간,민간분양,울산,1,244
2026-04 p),민간,민간분양,세종,2,907
2026-04 p),민간,민간분양,강원,1,029
2026-04 p),민간,민간분양,충북,2,046
2026-04 p),민간,민간분양,충남,3,431
2026-04 p),민간,민간분양,전북,1,408
2026-04 p),민간,민간분양,전남,2,029
2026-04 p),민간,민간분양,경북,2,397
2026-04 p),민간,민간분양,경남,1,340
2026-04 p),민간,민간분양,제주,585
2026-05 p),총  계,총  계,전국,98,694
2026-05 p),총  계,총  계,서울,19,052
2026-05 p),총  계,총  계,인천,7,733
2026-05 p),총  계,총  계,경기,30,980
2026-05 p),총  계,총  계,부산,3,968
2026-05 p),총  계,총  계,대구,936
2026-05 p),총  계,총  계,광주,1,241
2026-05 p),총  계,총  계,대전,5,854
2026-05 p),총  계,총  계,울산,1,261
2026-05 p),총  계,총  계,세종,3,917
2026-05 p),총  계,총  계,강원,2,208
2026-05 p),총  계,총  계,충북,5,010
2026-05 p),총  계,총  계,충남,3,669
2026-05 p),총  계,총  계,전북,4,276
2026-05 p),총  계,총  계,전남,2,850
2026-05 p),총  계,총  계,경북,3,516
2026-05 p),총  계,총  계,경남,1,508
2026-05 p),총  계,총  계,제주,715
2026-05 p),공공부문,공공부문,전국,10,287
2026-05 p),공공부문,공공부문,서울,3,855
2026-05 p),공공부문,공공부문,인천,0
2026-05 p),공공부문,공공부문,경기,4,263
2026-05 p),공공부문,공공부문,부산,993
2026-05 p),공공부문,공공부문,대구,0
2026-05 p),공공부문,공공부문,광주,0
2026-05 p),공공부문,공공부문,대전,0
2026-05 p),공공부문,공공부문,울산,0
2026-05 p),공공부문,공공부문,세종,999
2026-05 p),공공부문,공공부문,강원,0
2026-05 p),공공부문,공공부문,충북,0
2026-05 p),공공부문,공공부문,충남,0
2026-05 p),공공부문,공공부문,전북,0
2026-05 p),공공부문,공공부문,전남,43
2026-05 p),공공부문,공공부문,경북,110
2026-05 p),공공부문,공공부문,경남,24
2026-05 p),공공부문,공공부문,제주,0
2026-05 p),합,국민임대,전국,10
2026-05 p),합,국민임대,서울,10
2026-05 p),합,국민임대,인천,0
2026-05 p),합,국민임대,경기,0
2026-05 p),합,국민임대,부산,0
2026-05 p),합,국민임대,대구,0
2026-05 p),합,국민임대,광주,0
2026-05 p),합,국민임대,대전,0
2026-05 p),합,국민임대,울산,0
2026-05 p),합,국민임대,세종,0
2026-05 p),합,국민임대,강원,0
2026-05 p),합,국민임대,충북,0
2026-05 p),합,국민임대,충남,0
2026-05 p),합,국민임대,전북,0
2026-05 p),합,국민임대,전남,0
2026-05 p),합,국민임대,경북,0
2026-05 p),합,국민임대,경남,0
2026-05 p),합,국민임대,제주,0
2026-05 p),합,공공임대,전국,8,224
2026-05 p),합,공공임대,서울,2,582
2026-05 p),합,공공임대,인천,0
2026-05 p),합,공공임대,경기,3,971
2026-05 p),합,공공임대,부산,993
2026-05 p),합,공공임대,대구,0
2026-05 p),합,공공임대,광주,0
2026-05 p),합,공공임대,대전,0
2026-05 p),합,공공임대,울산,0
2026-05 p),합,공공임대,세종,501
2026-05 p),합,공공임대,강원,0
2026-05 p),합,공공임대,충북,0
2026-05 p),합,공공임대,충남,0
2026-05 p),합,공공임대,전북,0
2026-05 p),합,공공임대,전남,43
2026-05 p),합,공공임대,경북,110
2026-05 p),합,공공임대,경남,24
2026-05 p),합,공공임대,제주,0
2026-05 p),합,공공분양,전국,2,053
2026-05 p),합,공공분양,서울,1,263
2026-05 p),합,공공분양,인천,0
2026-05 p),합,공공분양,경기,292
2026-05 p),합,공공분양,부산,0
2026-05 p),합,공공분양,대구,0
2026-05 p),합,공공분양,광주,0
2026-05 p),합,공공분양,대전,0
2026-05 p),합,공공분양,울산,0
2026-05 p),합,공공분양,세종,498
2026-05 p),합,공공분양,강원,0
2026-05 p),합,공공분양,충북,0
2026-05 p),합,공공분양,충남,0
2026-05 p),합,공공분양,전북,0
2026-05 p),합,공공분양,전남,0
2026-05 p),합,공공분양,경북,0
2026-05 p),합,공공분양,경남,0
2026-05 p),합,공공분양,제주,0
2026-05 p),지자체,소계,전국,4,401
2026-05 p),지자체,소계,서울,10
2026-05 p),지자체,소계,인천,0
2026-05 p),지자체,소계,경기,3,221
2026-05 p),지자체,소계,부산,993
2026-05 p),지자체,소계,대구,0
2026-05 p),지자체,소계,광주,0
2026-05 p),지자체,소계,대전,0
2026-05 p),지자체,소계,울산,0
2026-05 p),지자체,소계,세종,0
2026-05 p),지자체,소계,강원,0
2026-05 p),지자체,소계,충북,0
2026-05 p),지자체,소계,충남,0
2026-05 p),지자체,소계,전북,0
2026-05 p),지자체,소계,전남,43
2026-05 p),지자체,소계,경북,110
2026-05 p),지자체,소계,경남,24
2026-05 p),지자체,소계,제주,0
2026-05 p),지자체,국민임대,전국,0
2026-05 p),지자체,국민임대,서울,0
2026-05 p),지자체,국민임대,인천,0
2026-05 p),지자체,국민임대,경기,0
2026-05 p),지자체,국민임대,부산,0
2026-05 p),지자체,국민임대,대구,0
2026-05 p),지자체,국민임대,광주,0
2026-05 p),지자체,국민임대,대전,0
2026-05 p),지자체,국민임대,울산,0
2026-05 p),지자체,국민임대,세종,0
2026-05 p),지자체,국민임대,강원,0
2026-05 p),지자체,국민임대,충북,0
2026-05 p),지자체,국민임대,충남,0
2026-05 p),지자체,국민임대,전북,0
2026-05 p),지자체,국민임대,전남,0
2026-05 p),지자체,국민임대,경북,0
2026-05 p),지자체,국민임대,경남,0
2026-05 p),지자체,국민임대,제주,0
2026-05 p),지자체,공공임대,전국,4,109
2026-05 p),지자체,공공임대,서울,10
2026-05 p),지자체,공공임대,인천,0
2026-05 p),지자체,공공임대,경기,2,929
2026-05 p),지자체,공공임대,부산,993
2026-05 p),지자체,공공임대,대구,0
2026-05 p),지자체,공공임대,광주,0
2026-05 p),지자체,공공임대,대전,0
2026-05 p),지자체,공공임대,울산,0
2026-05 p),지자체,공공임대,세종,0
2026-05 p),지자체,공공임대,강원,0
2026-05 p),지자체,공공임대,충북,0
2026-05 p),지자체,공공임대,충남,0
2026-05 p),지자체,공공임대,전북,0
2026-05 p),지자체,공공임대,전남,43
2026-05 p),지자체,공공임대,경북,110
2026-05 p),지자체,공공임대,경남,24
2026-05 p),지자체,공공임대,제주,0
2026-05 p),지자체,공공분양,전국,292
2026-05 p),지자체,공공분양,서울,0
2026-05 p),지자체,공공분양,인천,0
2026-05 p),지자체,공공분양,경기,292
2026-05 p),지자체,공공분양,부산,0
2026-05 p),지자체,공공분양,대구,0
2026-05 p),지자체,공공분양,광주,0
2026-05 p),지자체,공공분양,대전,0
2026-05 p),지자체,공공분양,울산,0
2026-05 p),지자체,공공분양,세종,0
2026-05 p),지자체,공공분양,강원,0
2026-05 p),지자체,공공분양,충북,0
2026-05 p),지자체,공공분양,충남,0
2026-05 p),지자체,공공분양,전북,0
2026-05 p),지자체,공공분양,전남,0
2026-05 p),지자체,공공분양,경북,0
2026-05 p),지자체,공공분양,경남,0
2026-05 p),지자체,공공분양,제주,0
2026-05 p),LH,소계,전국,3,564
2026-05 p),LH,소계,서울,2,565
2026-05 p),LH,소계,인천,0
2026-05 p),LH,소계,경기,0
2026-05 p),LH,소계,부산,0
2026-05 p),LH,소계,대구,0
2026-05 p),LH,소계,광주,0
2026-05 p),LH,소계,대전,0
2026-05 p),LH,소계,울산,0
2026-05 p),LH,소계,세종,999
2026-05 p),LH,소계,강원,0
2026-05 p),LH,소계,충북,0
2026-05 p),LH,소계,충남,0
2026-05 p),LH,소계,전북,0
2026-05 p),LH,소계,전남,0
2026-05 p),LH,소계,경북,0
2026-05 p),LH,소계,경남,0
2026-05 p),LH,소계,제주,0
2026-05 p),LH,국민임대,전국,0
2026-05 p),LH,국민임대,서울,0
2026-05 p),LH,국민임대,인천,0
2026-05 p),LH,국민임대,경기,0
2026-05 p),LH,국민임대,부산,0
2026-05 p),LH,국민임대,대구,0
2026-05 p),LH,국민임대,광주,0
2026-05 p),LH,국민임대,대전,0
2026-05 p),LH,국민임대,울산,0
2026-05 p),LH,국민임대,세종,0
2026-05 p),LH,국민임대,강원,0
2026-05 p),LH,국민임대,충북,0
2026-05 p),LH,국민임대,충남,0
2026-05 p),LH,국민임대,전북,0
2026-05 p),LH,국민임대,전남,0
2026-05 p),LH,국민임대,경북,0
2026-05 p),LH,국민임대,경남,0
2026-05 p),LH,국민임대,제주,0
2026-05 p),LH,공공임대,전국,1,803
2026-05 p),LH,공공임대,서울,1,302
2026-05 p),LH,공공임대,인천,0
2026-05 p),LH,공공임대,경기,0
2026-05 p),LH,공공임대,부산,0
2026-05 p),LH,공공임대,대구,0
2026-05 p),LH,공공임대,광주,0
2026-05 p),LH,공공임대,대전,0
2026-05 p),LH,공공임대,울산,0
2026-05 p),LH,공공임대,세종,501
2026-05 p),LH,공공임대,강원,0
2026-05 p),LH,공공임대,충북,0
2026-05 p),LH,공공임대,충남,0
2026-05 p),LH,공공임대,전북,0
2026-05 p),LH,공공임대,전남,0
2026-05 p),LH,공공임대,경북,0
2026-05 p),LH,공공임대,경남,0
2026-05 p),LH,공공임대,제주,0
2026-05 p),LH,공공분양,전국,1,761
2026-05 p),LH,공공분양,서울,1,263
2026-05 p),LH,공공분양,인천,0
2026-05 p),LH,공공분양,경기,0
2026-05 p),LH,공공분양,부산,0
2026-05 p),LH,공공분양,대구,0
2026-05 p),LH,공공분양,광주,0
2026-05 p),LH,공공분양,대전,0
2026-05 p),LH,공공분양,울산,0
2026-05 p),LH,공공분양,세종,498
2026-05 p),LH,공공분양,강원,0
2026-05 p),LH,공공분양,충북,0
2026-05 p),LH,공공분양,충남,0
2026-05 p),LH,공공분양,전북,0
2026-05 p),LH,공공분양,전남,0
2026-05 p),LH,공공분양,경북,0
2026-05 p),LH,공공분양,경남,0
2026-05 p),LH,공공분양,제주,0
2026-05 p),주택업체,소계,전국,2,322
2026-05 p),주택업체,소계,서울,1,280
2026-05 p),주택업체,소계,인천,0
2026-05 p),주택업체,소계,경기,1,042
2026-05 p),주택업체,소계,부산,0
2026-05 p),주택업체,소계,대구,0
2026-05 p),주택업체,소계,광주,0
2026-05 p),주택업체,소계,대전,0
2026-05 p),주택업체,소계,울산,0
2026-05 p),주택업체,소계,세종,0
2026-05 p),주택업체,소계,강원,0
2026-05 p),주택업체,소계,충북,0
2026-05 p),주택업체,소계,충남,0
2026-05 p),주택업체,소계,전북,0
2026-05 p),주택업체,소계,전남,0
2026-05 p),주택업체,소계,경북,0
2026-05 p),주택업체,소계,경남,0
2026-05 p),주택업체,소계,제주,0
2026-05 p),주택업체,국민임대,전국,10
2026-05 p),주택업체,국민임대,서울,10
2026-05 p),주택업체,국민임대,인천,0
2026-05 p),주택업체,국민임대,경기,0
2026-05 p),주택업체,국민임대,부산,0
2026-05 p),주택업체,국민임대,대구,0
2026-05 p),주택업체,국민임대,광주,0
2026-05 p),주택업체,국민임대,대전,0
2026-05 p),주택업체,국민임대,울산,0
2026-05 p),주택업체,국민임대,세종,0
2026-05 p),주택업체,국민임대,강원,0
2026-05 p),주택업체,국민임대,충북,0
2026-05 p),주택업체,국민임대,충남,0
2026-05 p),주택업체,국민임대,전북,0
2026-05 p),주택업체,국민임대,전남,0
2026-05 p),주택업체,국민임대,경북,0
2026-05 p),주택업체,국민임대,경남,0
2026-05 p),주택업체,국민임대,제주,0
2026-05 p),주택업체,공공임대,전국,2,312
2026-05 p),주택업체,공공임대,서울,1,270
2026-05 p),주택업체,공공임대,인천,0
2026-05 p),주택업체,공공임대,경기,1,042
2026-05 p),주택업체,공공임대,부산,0
2026-05 p),주택업체,공공임대,대구,0
2026-05 p),주택업체,공공임대,광주,0
2026-05 p),주택업체,공공임대,대전,0
2026-05 p),주택업체,공공임대,울산,0
2026-05 p),주택업체,공공임대,세종,0
2026-05 p),주택업체,공공임대,강원,0
2026-05 p),주택업체,공공임대,충북,0
2026-05 p),주택업체,공공임대,충남,0
2026-05 p),주택업체,공공임대,전북,0
2026-05 p),주택업체,공공임대,전남,0
2026-05 p),주택업체,공공임대,경북,0
2026-05 p),주택업체,공공임대,경남,0
2026-05 p),주택업체,공공임대,제주,0
2026-05 p),주택업체,공공분양,전국,0
2026-05 p),주택업체,공공분양,서울,0
2026-05 p),주택업체,공공분양,인천,0
2026-05 p),주택업체,공공분양,경기,0
2026-05 p),주택업체,공공분양,부산,0
2026-05 p),주택업체,공공분양,대구,0
2026-05 p),주택업체,공공분양,광주,0
2026-05 p),주택업체,공공분양,대전,0
2026-05 p),주택업체,공공분양,울산,0
2026-05 p),주택업체,공공분양,세종,0
2026-05 p),주택업체,공공분양,강원,0
2026-05 p),주택업체,공공분양,충북,0
2026-05 p),주택업체,공공분양,충남,0
2026-05 p),주택업체,공공분양,전북,0
2026-05 p),주택업체,공공분양,전남,0
2026-05 p),주택업체,공공분양,경북,0
2026-05 p),주택업체,공공분양,경남,0
2026-05 p),주택업체,공공분양,제주,0
2026-05 p),민간부문,민간부문,전국,88,407
2026-05 p),민간부문,민간부문,서울,15,197
2026-05 p),민간부문,민간부문,인천,7,733
2026-05 p),민간부문,민간부문,경기,26,717
2026-05 p),민간부문,민간부문,부산,2,975
2026-05 p),민간부문,민간부문,대구,936
2026-05 p),민간부문,민간부문,광주,1,241
2026-05 p),민간부문,민간부문,대전,5,854
2026-05 p),민간부문,민간부문,울산,1,261
2026-05 p),민간부문,민간부문,세종,2,918
2026-05 p),민간부문,민간부문,강원,2,208
2026-05 p),민간부문,민간부문,충북,5,010
2026-05 p),민간부문,민간부문,충남,3,669
2026-05 p),민간부문,민간부문,전북,4,276
2026-05 p),민간부문,민간부문,전남,2,807
2026-05 p),민간부문,민간부문,경북,3,406
2026-05 p),민간부문,민간부문,경남,1,484
2026-05 p),민간부문,민간부문,제주,715
2026-05 p),민간,민간임대,전국,7,506
2026-05 p),민간,민간임대,서울,146
2026-05 p),민간,민간임대,인천,0
2026-05 p),민간,민간임대,경기,1,401
2026-05 p),민간,민간임대,부산,0
2026-05 p),민간,민간임대,대구,0
2026-05 p),민간,민간임대,광주,0
2026-05 p),민간,민간임대,대전,0
2026-05 p),민간,민간임대,울산,0
2026-05 p),민간,민간임대,세종,0
2026-05 p),민간,민간임대,강원,586
2026-05 p),민간,민간임대,충북,2,298
2026-05 p),민간,민간임대,충남,0
2026-05 p),민간,민간임대,전북,2,438
2026-05 p),민간,민간임대,전남,579
2026-05 p),민간,민간임대,경북,0
2026-05 p),민간,민간임대,경남,0
2026-05 p),민간,민간임대,제주,58
2026-05 p),민간,민간분양,전국,80,901
2026-05 p),민간,민간분양,서울,15,051
2026-05 p),민간,민간분양,인천,7,733
2026-05 p),민간,민간분양,경기,25,316
2026-05 p),민간,민간분양,부산,2,975
2026-05 p),민간,민간분양,대구,936
2026-05 p),민간,민간분양,광주,1,241
2026-05 p),민간,민간분양,대전,5,854
2026-05 p),민간,민간분양,울산,1,261
2026-05 p),민간,민간분양,세종,2,918
2026-05 p),민간,민간분양,강원,1,622
2026-05 p),민간,민간분양,충북,2,712
2026-05 p),민간,민간분양,충남,3,669
2026-05 p),민간,민간분양,전북,1,838
2026-05 p),민간,민간분양,전남,2,228
2026-05 p),민간,민간분양,경북,3,406
2026-05 p),민간,민간분양,경남,1,484
2026-05 p),민간,민간분양,제주,657
2026-06 p),총  계,총  계,전국,116,611
2026-06 p),총  계,총  계,서울,20,655
2026-06 p),총  계,총  계,인천,7,798
2026-06 p),총  계,총  계,경기,39,493
2026-06 p),총  계,총  계,부산,5,590
2026-06 p),총  계,총  계,대구,948
2026-06 p),총  계,총  계,광주,1,251
2026-06 p),총  계,총  계,대전,5,860
2026-06 p),총  계,총  계,울산,3,144
2026-06 p),총  계,총  계,세종,3,927
2026-06 p),총  계,총  계,강원,2,422
2026-06 p),총  계,총  계,충북,5,117
2026-06 p),총  계,총  계,충남,3,787
2026-06 p),총  계,총  계,전북,4,391
2026-06 p),총  계,총  계,전남,4,092
2026-06 p),총  계,총  계,경북,4,327
2026-06 p),총  계,총  계,경남,3,002
2026-06 p),총  계,총  계,제주,807
2026-06 p),공공부문,공공부문,전국,10,943
2026-06 p),공공부문,공공부문,서울,4,339
2026-06 p),공공부문,공공부문,인천,0
2026-06 p),공공부문,공공부문,경기,4,365
2026-06 p),공공부문,공공부문,부산,993
2026-06 p),공공부문,공공부문,대구,0
2026-06 p),공공부문,공공부문,광주,0
2026-06 p),공공부문,공공부문,대전,0
2026-06 p),공공부문,공공부문,울산,0
2026-06 p),공공부문,공공부문,세종,999
2026-06 p),공공부문,공공부문,강원,70
2026-06 p),공공부문,공공부문,충북,0
2026-06 p),공공부문,공공부문,충남,0
2026-06 p),공공부문,공공부문,전북,0
2026-06 p),공공부문,공공부문,전남,43
2026-06 p),공공부문,공공부문,경북,110
2026-06 p),공공부문,공공부문,경남,24
2026-06 p),공공부문,공공부문,제주,0
2026-06 p),합,국민임대,전국,10
2026-06 p),합,국민임대,서울,10
2026-06 p),합,국민임대,인천,0
2026-06 p),합,국민임대,경기,0
2026-06 p),합,국민임대,부산,0
2026-06 p),합,국민임대,대구,0
2026-06 p),합,국민임대,광주,0
2026-06 p),합,국민임대,대전,0
2026-06 p),합,국민임대,울산,0
2026-06 p),합,국민임대,세종,0
2026-06 p),합,국민임대,강원,0
2026-06 p),합,국민임대,충북,0
2026-06 p),합,국민임대,충남,0
2026-06 p),합,국민임대,전북,0
2026-06 p),합,국민임대,전남,0
2026-06 p),합,국민임대,경북,0
2026-06 p),합,국민임대,경남,0
2026-06 p),합,국민임대,제주,0
2026-06 p),합,공공임대,전국,8,671
2026-06 p),합,공공임대,서울,2,857
2026-06 p),합,공공임대,인천,0
2026-06 p),합,공공임대,경기,4,073
2026-06 p),합,공공임대,부산,993
2026-06 p),합,공공임대,대구,0
2026-06 p),합,공공임대,광주,0
2026-06 p),합,공공임대,대전,0
2026-06 p),합,공공임대,울산,0
2026-06 p),합,공공임대,세종,501
2026-06 p),합,공공임대,강원,70
2026-06 p),합,공공임대,충북,0
2026-06 p),합,공공임대,충남,0
2026-06 p),합,공공임대,전북,0
2026-06 p),합,공공임대,전남,43
2026-06 p),합,공공임대,경북,110
2026-06 p),합,공공임대,경남,24
2026-06 p),합,공공임대,제주,0
2026-06 p),합,공공분양,전국,2,262
2026-06 p),합,공공분양,서울,1,472
2026-06 p),합,공공분양,인천,0
2026-06 p),합,공공분양,경기,292
2026-06 p),합,공공분양,부산,0
2026-06 p),합,공공분양,대구,0
2026-06 p),합,공공분양,광주,0
2026-06 p),합,공공분양,대전,0
2026-06 p),합,공공분양,울산,0
2026-06 p),합,공공분양,세종,498
2026-06 p),합,공공분양,강원,0
2026-06 p),합,공공분양,충북,0
2026-06 p),합,공공분양,충남,0
2026-06 p),합,공공분양,전북,0
2026-06 p),합,공공분양,전남,0
2026-06 p),합,공공분양,경북,0
2026-06 p),합,공공분양,경남,0
2026-06 p),합,공공분양,제주,0
2026-06 p),지자체,소계,전국,4,471
2026-06 p),지자체,소계,서울,10
2026-06 p),지자체,소계,인천,0
2026-06 p),지자체,소계,경기,3,221
2026-06 p),지자체,소계,부산,993
2026-06 p),지자체,소계,대구,0
2026-06 p),지자체,소계,광주,0
2026-06 p),지자체,소계,대전,0
2026-06 p),지자체,소계,울산,0
2026-06 p),지자체,소계,세종,0
2026-06 p),지자체,소계,강원,70
2026-06 p),지자체,소계,충북,0
2026-06 p),지자체,소계,충남,0
2026-06 p),지자체,소계,전북,0
2026-06 p),지자체,소계,전남,43
2026-06 p),지자체,소계,경북,110
2026-06 p),지자체,소계,경남,24
2026-06 p),지자체,소계,제주,0
2026-06 p),지자체,국민임대,전국,0
2026-06 p),지자체,국민임대,서울,0
2026-06 p),지자체,국민임대,인천,0
2026-06 p),지자체,국민임대,경기,0
2026-06 p),지자체,국민임대,부산,0
2026-06 p),지자체,국민임대,대구,0
2026-06 p),지자체,국민임대,광주,0
2026-06 p),지자체,국민임대,대전,0
2026-06 p),지자체,국민임대,울산,0
2026-06 p),지자체,국민임대,세종,0
2026-06 p),지자체,국민임대,강원,0
2026-06 p),지자체,국민임대,충북,0
2026-06 p),지자체,국민임대,충남,0
2026-06 p),지자체,국민임대,전북,0
2026-06 p),지자체,국민임대,전남,0
2026-06 p),지자체,국민임대,경북,0
2026-06 p),지자체,국민임대,경남,0
2026-06 p),지자체,국민임대,제주,0
2026-06 p),지자체,공공임대,전국,4,179
2026-06 p),지자체,공공임대,서울,10
2026-06 p),지자체,공공임대,인천,0
2026-06 p),지자체,공공임대,경기,2,929
2026-06 p),지자체,공공임대,부산,993
2026-06 p),지자체,공공임대,대구,0
2026-06 p),지자체,공공임대,광주,0
2026-06 p),지자체,공공임대,대전,0
2026-06 p),지자체,공공임대,울산,0
2026-06 p),지자체,공공임대,세종,0
2026-06 p),지자체,공공임대,강원,70
2026-06 p),지자체,공공임대,충북,0
2026-06 p),지자체,공공임대,충남,0
2026-06 p),지자체,공공임대,전북,0
2026-06 p),지자체,공공임대,전남,43
2026-06 p),지자체,공공임대,경북,110
2026-06 p),지자체,공공임대,경남,24
2026-06 p),지자체,공공임대,제주,0
2026-06 p),지자체,공공분양,전국,292
2026-06 p),지자체,공공분양,서울,0
2026-06 p),지자체,공공분양,인천,0
2026-06 p),지자체,공공분양,경기,292
2026-06 p),지자체,공공분양,부산,0
2026-06 p),지자체,공공분양,대구,0
2026-06 p),지자체,공공분양,광주,0
2026-06 p),지자체,공공분양,대전,0
2026-06 p),지자체,공공분양,울산,0
2026-06 p),지자체,공공분양,세종,0
2026-06 p),지자체,공공분양,강원,0
2026-06 p),지자체,공공분양,충북,0
2026-06 p),지자체,공공분양,충남,0
2026-06 p),지자체,공공분양,전북,0
2026-06 p),지자체,공공분양,전남,0
2026-06 p),지자체,공공분양,경북,0
2026-06 p),지자체,공공분양,경남,0
2026-06 p),지자체,공공분양,제주,0
2026-06 p),LH,소계,전국,3,847
2026-06 p),LH,소계,서울,2,848
2026-06 p),LH,소계,인천,0
2026-06 p),LH,소계,경기,0
2026-06 p),LH,소계,부산,0
2026-06 p),LH,소계,대구,0
2026-06 p),LH,소계,광주,0
2026-06 p),LH,소계,대전,0
2026-06 p),LH,소계,울산,0
2026-06 p),LH,소계,세종,999
2026-06 p),LH,소계,강원,0
2026-06 p),LH,소계,충북,0
2026-06 p),LH,소계,충남,0
2026-06 p),LH,소계,전북,0
2026-06 p),LH,소계,전남,0
2026-06 p),LH,소계,경북,0
2026-06 p),LH,소계,경남,0
2026-06 p),LH,소계,제주,0
2026-06 p),LH,국민임대,전국,0
2026-06 p),LH,국민임대,서울,0
2026-06 p),LH,국민임대,인천,0
2026-06 p),LH,국민임대,경기,0
2026-06 p),LH,국민임대,부산,0
2026-06 p),LH,국민임대,대구,0
2026-06 p),LH,국민임대,광주,0
2026-06 p),LH,국민임대,대전,0
2026-06 p),LH,국민임대,울산,0
2026-06 p),LH,국민임대,세종,0
2026-06 p),LH,국민임대,강원,0
2026-06 p),LH,국민임대,충북,0
2026-06 p),LH,국민임대,충남,0
2026-06 p),LH,국민임대,전북,0
2026-06 p),LH,국민임대,전남,0
2026-06 p),LH,국민임대,경북,0
2026-06 p),LH,국민임대,경남,0
2026-06 p),LH,국민임대,제주,0
2026-06 p),LH,공공임대,전국,1,877
2026-06 p),LH,공공임대,서울,1,376
2026-06 p),LH,공공임대,인천,0
2026-06 p),LH,공공임대,경기,0
2026-06 p),LH,공공임대,부산,0
2026-06 p),LH,공공임대,대구,0
2026-06 p),LH,공공임대,광주,0
2026-06 p),LH,공공임대,대전,0
2026-06 p),LH,공공임대,울산,0
2026-06 p),LH,공공임대,세종,501
2026-06 p),LH,공공임대,강원,0
2026-06 p),LH,공공임대,충북,0
2026-06 p),LH,공공임대,충남,0
2026-06 p),LH,공공임대,전북,0
2026-06 p),LH,공공임대,전남,0
2026-06 p),LH,공공임대,경북,0
2026-06 p),LH,공공임대,경남,0
2026-06 p),LH,공공임대,제주,0
2026-06 p),LH,공공분양,전국,1,970
2026-06 p),LH,공공분양,서울,1,472
2026-06 p),LH,공공분양,인천,0
2026-06 p),LH,공공분양,경기,0
2026-06 p),LH,공공분양,부산,0
2026-06 p),LH,공공분양,대구,0
2026-06 p),LH,공공분양,광주,0
2026-06 p),LH,공공분양,대전,0
2026-06 p),LH,공공분양,울산,0
2026-06 p),LH,공공분양,세종,498
2026-06 p),LH,공공분양,강원,0
2026-06 p),LH,공공분양,충북,0
2026-06 p),LH,공공분양,충남,0
2026-06 p),LH,공공분양,전북,0
2026-06 p),LH,공공분양,전남,0
2026-06 p),LH,공공분양,경북,0
2026-06 p),LH,공공분양,경남,0
2026-06 p),LH,공공분양,제주,0
2026-06 p),주택업체,소계,전국,2,625
2026-06 p),주택업체,소계,서울,1,481
2026-06 p),주택업체,소계,인천,0
2026-06 p),주택업체,소계,경기,1,144
2026-06 p),주택업체,소계,부산,0
2026-06 p),주택업체,소계,대구,0
2026-06 p),주택업체,소계,광주,0
2026-06 p),주택업체,소계,대전,0
2026-06 p),주택업체,소계,울산,0
2026-06 p),주택업체,소계,세종,0
2026-06 p),주택업체,소계,강원,0
2026-06 p),주택업체,소계,충북,0
2026-06 p),주택업체,소계,충남,0
2026-06 p),주택업체,소계,전북,0
2026-06 p),주택업체,소계,전남,0
2026-06 p),주택업체,소계,경북,0
2026-06 p),주택업체,소계,경남,0
2026-06 p),주택업체,소계,제주,0
2026-06 p),주택업체,국민임대,전국,10
2026-06 p),주택업체,국민임대,서울,10
2026-06 p),주택업체,국민임대,인천,0
2026-06 p),주택업체,국민임대,경기,0
2026-06 p),주택업체,국민임대,부산,0
2026-06 p),주택업체,국민임대,대구,0
2026-06 p),주택업체,국민임대,광주,0
2026-06 p),주택업체,국민임대,대전,0
2026-06 p),주택업체,국민임대,울산,0
2026-06 p),주택업체,국민임대,세종,0
2026-06 p),주택업체,국민임대,강원,0
2026-06 p),주택업체,국민임대,충북,0
2026-06 p),주택업체,국민임대,충남,0
2026-06 p),주택업체,국민임대,전북,0
2026-06 p),주택업체,국민임대,전남,0
2026-06 p),주택업체,국민임대,경북,0
2026-06 p),주택업체,국민임대,경남,0
2026-06 p),주택업체,국민임대,제주,0
2026-06 p),주택업체,공공임대,전국,2,615
2026-06 p),주택업체,공공임대,서울,1,471
2026-06 p),주택업체,공공임대,인천,0
2026-06 p),주택업체,공공임대,경기,1,144
2026-06 p),주택업체,공공임대,부산,0
2026-06 p),주택업체,공공임대,대구,0
2026-06 p),주택업체,공공임대,광주,0
2026-06 p),주택업체,공공임대,대전,0
2026-06 p),주택업체,공공임대,울산,0
2026-06 p),주택업체,공공임대,세종,0
2026-06 p),주택업체,공공임대,강원,0
2026-06 p),주택업체,공공임대,충북,0
2026-06 p),주택업체,공공임대,충남,0
2026-06 p),주택업체,공공임대,전북,0
2026-06 p),주택업체,공공임대,전남,0
2026-06 p),주택업체,공공임대,경북,0
2026-06 p),주택업체,공공임대,경남,0
2026-06 p),주택업체,공공임대,제주,0
2026-06 p),주택업체,공공분양,전국,0
2026-06 p),주택업체,공공분양,서울,0
2026-06 p),주택업체,공공분양,인천,0
2026-06 p),주택업체,공공분양,경기,0
2026-06 p),주택업체,공공분양,부산,0
2026-06 p),주택업체,공공분양,대구,0
2026-06 p),주택업체,공공분양,광주,0
2026-06 p),주택업체,공공분양,대전,0
2026-06 p),주택업체,공공분양,울산,0
2026-06 p),주택업체,공공분양,세종,0
2026-06 p),주택업체,공공분양,강원,0
2026-06 p),주택업체,공공분양,충북,0
2026-06 p),주택업체,공공분양,충남,0
2026-06 p),주택업체,공공분양,전북,0
2026-06 p),주택업체,공공분양,전남,0
2026-06 p),주택업체,공공분양,경북,0
2026-06 p),주택업체,공공분양,경남,0
2026-06 p),주택업체,공공분양,제주,0
2026-06 p),민간부문,민간부문,전국,105,668
2026-06 p),민간부문,민간부문,서울,16,316
2026-06 p),민간부문,민간부문,인천,7,798
2026-06 p),민간부문,민간부문,경기,35,128
2026-06 p),민간부문,민간부문,부산,4,597
2026-06 p),민간부문,민간부문,대구,948
2026-06 p),민간부문,민간부문,광주,1,251
2026-06 p),민간부문,민간부문,대전,5,860
2026-06 p),민간부문,민간부문,울산,3,144
2026-06 p),민간부문,민간부문,세종,2,928
2026-06 p),민간부문,민간부문,강원,2,352
2026-06 p),민간부문,민간부문,충북,5,117
2026-06 p),민간부문,민간부문,충남,3,787
2026-06 p),민간부문,민간부문,전북,4,391
2026-06 p),민간부문,민간부문,전남,4,049
2026-06 p),민간부문,민간부문,경북,4,217
2026-06 p),민간부문,민간부문,경남,2,978
2026-06 p),민간부문,민간부문,제주,807
2026-06 p),민간,민간임대,전국,7,615
2026-06 p),민간,민간임대,서울,146
2026-06 p),민간,민간임대,인천,0
2026-06 p),민간,민간임대,경기,1,440
2026-06 p),민간,민간임대,부산,0
2026-06 p),민간,민간임대,대구,0
2026-06 p),민간,민간임대,광주,0
2026-06 p),민간,민간임대,대전,0
2026-06 p),민간,민간임대,울산,70
2026-06 p),민간,민간임대,세종,0
2026-06 p),민간,민간임대,강원,586
2026-06 p),민간,민간임대,충북,2,298
2026-06 p),민간,민간임대,충남,0
2026-06 p),민간,민간임대,전북,2,438
2026-06 p),민간,민간임대,전남,579
2026-06 p),민간,민간임대,경북,0
2026-06 p),민간,민간임대,경남,0
2026-06 p),민간,민간임대,제주,58
2026-06 p),민간,민간분양,전국,98,053
2026-06 p),민간,민간분양,서울,16,170
2026-06 p),민간,민간분양,인천,7,798
2026-06 p),민간,민간분양,경기,33,688
2026-06 p),민간,민간분양,부산,4,597
2026-06 p),민간,민간분양,대구,948
2026-06 p),민간,민간분양,광주,1,251
2026-06 p),민간,민간분양,대전,5,860
2026-06 p),민간,민간분양,울산,3,074
2026-06 p),민간,민간분양,세종,2,928
2026-06 p),민간,민간분양,강원,1,766
2026-06 p),민간,민간분양,충북,2,819
2026-06 p),민간,민간분양,충남,3,787
2026-06 p),민간,민간분양,전북,1,953
2026-06 p),민간,민간분양,전남,3,470
2026-06 p),민간,민간분양,경북,4,217
2026-06 p),민간,민간분양,경남,2,978
2026-06 p),민간,민간분양,제주,749
2026-07 p),총  계,총  계,전국,142,328
2026-07 p),총  계,총  계,서울,28,634
2026-07 p),총  계,총  계,인천,9,192
2026-07 p),총  계,총  계,경기,42,760
2026-07 p),총  계,총  계,전남광주,7,100
2026-07 p),총  계,총  계,부산,6,262
2026-07 p),총  계,총  계,대구,3,691
2026-07 p),총  계,총  계,대전,5,870
2026-07 p),총  계,총  계,울산,3,219
2026-07 p),총  계,총  계,세종,3,939
2026-07 p),총  계,총  계,강원,2,962
2026-07 p),총  계,총  계,충북,6,982
2026-07 p),총  계,총  계,충남,5,958
2026-07 p),총  계,총  계,전북,4,639
2026-07 p),총  계,총  계,경북,6,980
2026-07 p),총  계,총  계,경남,3,109
2026-07 p),총  계,총  계,제주,1,031
2026-07 p),공공부문,공공부문,전국,13,705
2026-07 p),공공부문,공공부문,서울,4,643
2026-07 p),공공부문,공공부문,인천,0
2026-07 p),공공부문,공공부문,경기,5,233
2026-07 p),공공부문,공공부문,전남광주,99
2026-07 p),공공부문,공공부문,부산,993
2026-07 p),공공부문,공공부문,대구,0
2026-07 p),공공부문,공공부문,대전,0
2026-07 p),공공부문,공공부문,울산,0
2026-07 p),공공부문,공공부문,세종,999
2026-07 p),공공부문,공공부문,강원,70
2026-07 p),공공부문,공공부문,충북,0
2026-07 p),공공부문,공공부문,충남,0
2026-07 p),공공부문,공공부문,전북,62
2026-07 p),공공부문,공공부문,경북,1,562
2026-07 p),공공부문,공공부문,경남,24
2026-07 p),공공부문,공공부문,제주,20
2026-07 p),합,국민임대,전국,10
2026-07 p),합,국민임대,서울,10
2026-07 p),합,국민임대,인천,0
2026-07 p),합,국민임대,경기,0
2026-07 p),합,국민임대,전남광주,0
2026-07 p),합,국민임대,부산,0
2026-07 p),합,국민임대,대구,0
2026-07 p),합,국민임대,대전,0
2026-07 p),합,국민임대,울산,0
2026-07 p),합,국민임대,세종,0
2026-07 p),합,국민임대,강원,0
2026-07 p),합,국민임대,충북,0
2026-07 p),합,국민임대,충남,0
2026-07 p),합,국민임대,전북,0
2026-07 p),합,국민임대,경북,0
2026-07 p),합,국민임대,경남,0
2026-07 p),합,국민임대,제주,0
2026-07 p),합,공공임대,전국,10,565
2026-07 p),합,공공임대,서울,3,161
2026-07 p),합,공공임대,인천,0
2026-07 p),합,공공임대,경기,4,073
2026-07 p),합,공공임대,전남광주,99
2026-07 p),합,공공임대,부산,993
2026-07 p),합,공공임대,대구,0
2026-07 p),합,공공임대,대전,0
2026-07 p),합,공공임대,울산,0
2026-07 p),합,공공임대,세종,501
2026-07 p),합,공공임대,강원,70
2026-07 p),합,공공임대,충북,0
2026-07 p),합,공공임대,충남,0
2026-07 p),합,공공임대,전북,62
2026-07 p),합,공공임대,경북,1,562
2026-07 p),합,공공임대,경남,24
2026-07 p),합,공공임대,제주,20
2026-07 p),합,공공분양,전국,3,130
2026-07 p),합,공공분양,서울,1,472
2026-07 p),합,공공분양,인천,0
2026-07 p),합,공공분양,경기,1,160
2026-07 p),합,공공분양,전남광주,0
2026-07 p),합,공공분양,부산,0
2026-07 p),합,공공분양,대구,0
2026-07 p),합,공공분양,대전,0
2026-07 p),합,공공분양,울산,0
2026-07 p),합,공공분양,세종,498
2026-07 p),합,공공분양,강원,0
2026-07 p),합,공공분양,충북,0
2026-07 p),합,공공분양,충남,0
2026-07 p),합,공공분양,전북,0
2026-07 p),합,공공분양,경북,0
2026-07 p),합,공공분양,경남,0
2026-07 p),합,공공분양,제주,0
2026-07 p),지자체,소계,전국,6,867
2026-07 p),지자체,소계,서울,10
2026-07 p),지자체,소계,인천,0
2026-07 p),지자체,소계,경기,4,089
2026-07 p),지자체,소계,전남광주,99
2026-07 p),지자체,소계,부산,993
2026-07 p),지자체,소계,대구,0
2026-07 p),지자체,소계,대전,0
2026-07 p),지자체,소계,울산,0
2026-07 p),지자체,소계,세종,0
2026-07 p),지자체,소계,강원,70
2026-07 p),지자체,소계,충북,0
2026-07 p),지자체,소계,충남,0
2026-07 p),지자체,소계,전북,0
2026-07 p),지자체,소계,경북,1,562
2026-07 p),지자체,소계,경남,24
2026-07 p),지자체,소계,제주,20
2026-07 p),지자체,국민임대,전국,0
2026-07 p),지자체,국민임대,서울,0
2026-07 p),지자체,국민임대,인천,0
2026-07 p),지자체,국민임대,경기,0
2026-07 p),지자체,국민임대,전남광주,0
2026-07 p),지자체,국민임대,부산,0
2026-07 p),지자체,국민임대,대구,0
2026-07 p),지자체,국민임대,대전,0
2026-07 p),지자체,국민임대,울산,0
2026-07 p),지자체,국민임대,세종,0
2026-07 p),지자체,국민임대,강원,0
2026-07 p),지자체,국민임대,충북,0
2026-07 p),지자체,국민임대,충남,0
2026-07 p),지자체,국민임대,전북,0
2026-07 p),지자체,국민임대,경북,0
2026-07 p),지자체,국민임대,경남,0
2026-07 p),지자체,국민임대,제주,0
2026-07 p),지자체,공공임대,전국,5,707
2026-07 p),지자체,공공임대,서울,10
2026-07 p),지자체,공공임대,인천,0
2026-07 p),지자체,공공임대,경기,2,929
2026-07 p),지자체,공공임대,전남광주,99
2026-07 p),지자체,공공임대,부산,993
2026-07 p),지자체,공공임대,대구,0
2026-07 p),지자체,공공임대,대전,0
2026-07 p),지자체,공공임대,울산,0
2026-07 p),지자체,공공임대,세종,0
2026-07 p),지자체,공공임대,강원,70
2026-07 p),지자체,공공임대,충북,0
2026-07 p),지자체,공공임대,충남,0
2026-07 p),지자체,공공임대,전북,0
2026-07 p),지자체,공공임대,경북,1,562
2026-07 p),지자체,공공임대,경남,24
2026-07 p),지자체,공공임대,제주,20
2026-07 p),지자체,공공분양,전국,1,160
2026-07 p),지자체,공공분양,서울,0
2026-07 p),지자체,공공분양,인천,0
2026-07 p),지자체,공공분양,경기,1,160
2026-07 p),지자체,공공분양,전남광주,0
2026-07 p),지자체,공공분양,부산,0
2026-07 p),지자체,공공분양,대구,0
2026-07 p),지자체,공공분양,대전,0
2026-07 p),지자체,공공분양,울산,0
2026-07 p),지자체,공공분양,세종,0
2026-07 p),지자체,공공분양,강원,0
2026-07 p),지자체,공공분양,충북,0
2026-07 p),지자체,공공분양,충남,0
2026-07 p),지자체,공공분양,전북,0
2026-07 p),지자체,공공분양,경북,0
2026-07 p),지자체,공공분양,경남,0
2026-07 p),지자체,공공분양,제주,0
2026-07 p),LH,소계,전국,3,909
2026-07 p),LH,소계,서울,2,848
2026-07 p),LH,소계,인천,0
2026-07 p),LH,소계,경기,0
2026-07 p),LH,소계,전남광주,0
2026-07 p),LH,소계,부산,0
2026-07 p),LH,소계,대구,0
2026-07 p),LH,소계,대전,0
2026-07 p),LH,소계,울산,0
2026-07 p),LH,소계,세종,999
2026-07 p),LH,소계,강원,0
2026-07 p),LH,소계,충북,0
2026-07 p),LH,소계,충남,0
2026-07 p),LH,소계,전북,62
2026-07 p),LH,소계,경북,0
2026-07 p),LH,소계,경남,0
2026-07 p),LH,소계,제주,0
2026-07 p),LH,국민임대,전국,0
2026-07 p),LH,국민임대,서울,0
2026-07 p),LH,국민임대,인천,0
2026-07 p),LH,국민임대,경기,0
2026-07 p),LH,국민임대,전남광주,0
2026-07 p),LH,국민임대,부산,0
2026-07 p),LH,국민임대,대구,0
2026-07 p),LH,국민임대,대전,0
2026-07 p),LH,국민임대,울산,0
2026-07 p),LH,국민임대,세종,0
2026-07 p),LH,국민임대,강원,0
2026-07 p),LH,국민임대,충북,0
2026-07 p),LH,국민임대,충남,0
2026-07 p),LH,국민임대,전북,0
2026-07 p),LH,국민임대,경북,0
2026-07 p),LH,국민임대,경남,0
2026-07 p),LH,국민임대,제주,0
2026-07 p),LH,공공임대,전국,1,939
2026-07 p),LH,공공임대,서울,1,376
2026-07 p),LH,공공임대,인천,0
2026-07 p),LH,공공임대,경기,0
2026-07 p),LH,공공임대,전남광주,0
2026-07 p),LH,공공임대,부산,0
2026-07 p),LH,공공임대,대구,0
2026-07 p),LH,공공임대,대전,0
2026-07 p),LH,공공임대,울산,0
2026-07 p),LH,공공임대,세종,501
2026-07 p),LH,공공임대,강원,0
2026-07 p),LH,공공임대,충북,0
2026-07 p),LH,공공임대,충남,0
2026-07 p),LH,공공임대,전북,62
2026-07 p),LH,공공임대,경북,0
2026-07 p),LH,공공임대,경남,0
2026-07 p),LH,공공임대,제주,0
2026-07 p),LH,공공분양,전국,1,970
2026-07 p),LH,공공분양,서울,1,472
2026-07 p),LH,공공분양,인천,0
2026-07 p),LH,공공분양,경기,0
2026-07 p),LH,공공분양,전남광주,0
2026-07 p),LH,공공분양,부산,0
2026-07 p),LH,공공분양,대구,0
2026-07 p),LH,공공분양,대전,0
2026-07 p),LH,공공분양,울산,0
2026-07 p),LH,공공분양,세종,498
2026-07 p),LH,공공분양,강원,0
2026-07 p),LH,공공분양,충북,0
2026-07 p),LH,공공분양,충남,0
2026-07 p),LH,공공분양,전북,0
2026-07 p),LH,공공분양,경북,0
2026-07 p),LH,공공분양,경남,0
2026-07 p),LH,공공분양,제주,0
2026-07 p),주택업체,소계,전국,2,929
2026-07 p),주택업체,소계,서울,1,785
2026-07 p),주택업체,소계,인천,0
2026-07 p),주택업체,소계,경기,1,144
2026-07 p),주택업체,소계,전남광주,0
2026-07 p),주택업체,소계,부산,0
2026-07 p),주택업체,소계,대구,0
2026-07 p),주택업체,소계,대전,0
2026-07 p),주택업체,소계,울산,0
2026-07 p),주택업체,소계,세종,0
2026-07 p),주택업체,소계,강원,0
2026-07 p),주택업체,소계,충북,0
2026-07 p),주택업체,소계,충남,0
2026-07 p),주택업체,소계,전북,0
2026-07 p),주택업체,소계,경북,0
2026-07 p),주택업체,소계,경남,0
2026-07 p),주택업체,소계,제주,0
2026-07 p),주택업체,국민임대,전국,10
2026-07 p),주택업체,국민임대,서울,10
2026-07 p),주택업체,국민임대,인천,0
2026-07 p),주택업체,국민임대,경기,0
2026-07 p),주택업체,국민임대,전남광주,0
2026-07 p),주택업체,국민임대,부산,0
2026-07 p),주택업체,국민임대,대구,0
2026-07 p),주택업체,국민임대,대전,0
2026-07 p),주택업체,국민임대,울산,0
2026-07 p),주택업체,국민임대,세종,0
2026-07 p),주택업체,국민임대,강원,0
2026-07 p),주택업체,국민임대,충북,0
2026-07 p),주택업체,국민임대,충남,0
2026-07 p),주택업체,국민임대,전북,0
2026-07 p),주택업체,국민임대,경북,0
2026-07 p),주택업체,국민임대,경남,0
2026-07 p),주택업체,국민임대,제주,0
2026-07 p),주택업체,공공임대,전국,2,919
2026-07 p),주택업체,공공임대,서울,1,775
2026-07 p),주택업체,공공임대,인천,0
2026-07 p),주택업체,공공임대,경기,1,144
2026-07 p),주택업체,공공임대,전남광주,0
2026-07 p),주택업체,공공임대,부산,0
2026-07 p),주택업체,공공임대,대구,0
2026-07 p),주택업체,공공임대,대전,0
2026-07 p),주택업체,공공임대,울산,0
2026-07 p),주택업체,공공임대,세종,0
2026-07 p),주택업체,공공임대,강원,0
2026-07 p),주택업체,공공임대,충북,0
2026-07 p),주택업체,공공임대,충남,0
2026-07 p),주택업체,공공임대,전북,0
2026-07 p),주택업체,공공임대,경북,0
2026-07 p),주택업체,공공임대,경남,0
2026-07 p),주택업체,공공임대,제주,0
2026-07 p),주택업체,공공분양,전국,0
2026-07 p),주택업체,공공분양,서울,0
2026-07 p),주택업체,공공분양,인천,0
2026-07 p),주택업체,공공분양,경기,0
2026-07 p),주택업체,공공분양,전남광주,0
2026-07 p),주택업체,공공분양,부산,0
2026-07 p),주택업체,공공분양,대구,0
2026-07 p),주택업체,공공분양,대전,0
2026-07 p),주택업체,공공분양,울산,0
2026-07 p),주택업체,공공분양,세종,0
2026-07 p),주택업체,공공분양,강원,0
2026-07 p),주택업체,공공분양,충북,0
2026-07 p),주택업체,공공분양,충남,0
2026-07 p),주택업체,공공분양,전북,0
2026-07 p),주택업체,공공분양,경북,0
2026-07 p),주택업체,공공분양,경남,0
2026-07 p),주택업체,공공분양,제주,0
2026-07 p),민간부문,민간부문,전국,128,623
2026-07 p),민간부문,민간부문,서울,23,991
2026-07 p),민간부문,민간부문,인천,9,192
2026-07 p),민간부문,민간부문,경기,37,527
2026-07 p),민간부문,민간부문,전남광주,7,001
2026-07 p),민간부문,민간부문,부산,5,269
2026-07 p),민간부문,민간부문,대구,3,691
2026-07 p),민간부문,민간부문,대전,5,870
2026-07 p),민간부문,민간부문,울산,3,219
2026-07 p),민간부문,민간부문,세종,2,940
2026-07 p),민간부문,민간부문,강원,2,892
2026-07 p),민간부문,민간부문,충북,6,982
2026-07 p),민간부문,민간부문,충남,5,958
2026-07 p),민간부문,민간부문,전북,4,577
2026-07 p),민간부문,민간부문,경북,5,418
2026-07 p),민간부문,민간부문,경남,3,085
2026-07 p),민간부문,민간부문,제주,1,011
2026-07 p),민간,민간임대,전국,10,086
2026-07 p),민간,민간임대,서울,146
2026-07 p),민간,민간임대,인천,50
2026-07 p),민간,민간임대,경기,1,440
2026-07 p),민간,민간임대,전남광주,579
2026-07 p),민간,민간임대,부산,0
2026-07 p),민간,민간임대,대구,1,862
2026-07 p),민간,민간임대,대전,0
2026-07 p),민간,민간임대,울산,70
2026-07 p),민간,민간임대,세종,0
2026-07 p),민간,민간임대,강원,586
2026-07 p),민간,민간임대,충북,2,298
2026-07 p),민간,민간임대,충남,559
2026-07 p),민간,민간임대,전북,2,438
2026-07 p),민간,민간임대,경북,0
2026-07 p),민간,민간임대,경남,0
2026-07 p),민간,민간임대,제주,58
2026-07 p),민간,민간분양,전국,118,537
2026-07 p),민간,민간분양,서울,23,845
2026-07 p),민간,민간분양,인천,9,142
2026-07 p),민간,민간분양,경기,36,087
2026-07 p),민간,민간분양,전남광주,6,422
2026-07 p),민간,민간분양,부산,5,269
2026-07 p),민간,민간분양,대구,1,829
2026-07 p),민간,민간분양,대전,5,870
2026-07 p),민간,민간분양,울산,3,149
2026-07 p),민간,민간분양,세종,2,940
2026-07 p),민간,민간분양,강원,2,306
2026-07 p),민간,민간분양,충북,4,684
2026-07 p),민간,민간분양,충남,5,399
2026-07 p),민간,민간분양,전북,2,139
2026-07 p),민간,민간분양,경북,5,418
2026-07 p),민간,민간분양,경남,3,085
2026-07 p),민간,민간분양,제주,953
2026-08 p),총  계,총  계,전국,163,935
2026-08 p),총  계,총  계,서울,39,940
2026-08 p),총  계,총  계,인천,10,056
2026-08 p),총  계,총  계,경기,46,060
2026-08 p),총  계,총  계,전남광주,7,274
2026-08 p),총  계,총  계,부산,6,618
2026-08 p),총  계,총  계,대구,3,715
2026-08 p),총  계,총  계,대전,6,004
2026-08 p),총  계,총  계,울산,4,867
2026-08 p),총  계,총  계,세종,3,945
2026-08 p),총  계,총  계,강원,3,403
2026-08 p),총  계,총  계,충북,8,209
2026-08 p),총  계,총  계,충남,7,059
2026-08 p),총  계,총  계,전북,4,896
2026-08 p),총  계,총  계,경북,7,562
2026-08 p),총  계,총  계,경남,3,215
2026-08 p),총  계,총  계,제주,1,112
2026-08 p),공공부문,공공부문,전국,15,115
2026-08 p),공공부문,공공부문,서울,6,053
2026-08 p),공공부문,공공부문,인천,0
2026-08 p),공공부문,공공부문,경기,5,233
2026-08 p),공공부문,공공부문,전남광주,99
2026-08 p),공공부문,공공부문,부산,993
2026-08 p),공공부문,공공부문,대구,0
2026-08 p),공공부문,공공부문,대전,0
2026-08 p),공공부문,공공부문,울산,0
2026-08 p),공공부문,공공부문,세종,999
2026-08 p),공공부문,공공부문,강원,70
2026-08 p),공공부문,공공부문,충북,0
2026-08 p),공공부문,공공부문,충남,0
2026-08 p),공공부문,공공부문,전북,62
2026-08 p),공공부문,공공부문,경북,1,562
2026-08 p),공공부문,공공부문,경남,24
2026-08 p),공공부문,공공부문,제주,20
2026-08 p),합,국민임대,전국,10
2026-08 p),합,국민임대,서울,10
2026-08 p),합,국민임대,인천,0
2026-08 p),합,국민임대,경기,0
2026-08 p),합,국민임대,전남광주,0
2026-08 p),합,국민임대,부산,0
2026-08 p),합,국민임대,대구,0
2026-08 p),합,국민임대,대전,0
2026-08 p),합,국민임대,울산,0
2026-08 p),합,국민임대,세종,0
2026-08 p),합,국민임대,강원,0
2026-08 p),합,국민임대,충북,0
2026-08 p),합,국민임대,충남,0
2026-08 p),합,국민임대,전북,0
2026-08 p),합,국민임대,경북,0
2026-08 p),합,국민임대,경남,0
2026-08 p),합,국민임대,제주,0
2026-08 p),합,공공임대,전국,10,976
2026-08 p),합,공공임대,서울,3,572
2026-08 p),합,공공임대,인천,0
2026-08 p),합,공공임대,경기,4,073
2026-08 p),합,공공임대,전남광주,99
2026-08 p),합,공공임대,부산,993
2026-08 p),합,공공임대,대구,0
2026-08 p),합,공공임대,대전,0
2026-08 p),합,공공임대,울산,0
2026-08 p),합,공공임대,세종,501
2026-08 p),합,공공임대,강원,70
2026-08 p),합,공공임대,충북,0
2026-08 p),합,공공임대,충남,0
2026-08 p),합,공공임대,전북,62
2026-08 p),합,공공임대,경북,1,562
2026-08 p),합,공공임대,경남,24
2026-08 p),합,공공임대,제주,20
2026-08 p),합,공공분양,전국,4,129
2026-08 p),합,공공분양,서울,2,471
2026-08 p),합,공공분양,인천,0
2026-08 p),합,공공분양,경기,1,160
2026-08 p),합,공공분양,전남광주,0
2026-08 p),합,공공분양,부산,0
2026-08 p),합,공공분양,대구,0
2026-08 p),합,공공분양,대전,0
2026-08 p),합,공공분양,울산,0
2026-08 p),합,공공분양,세종,498
2026-08 p),합,공공분양,강원,0
2026-08 p),합,공공분양,충북,0
2026-08 p),합,공공분양,충남,0
2026-08 p),합,공공분양,전북,0
2026-08 p),합,공공분양,경북,0
2026-08 p),합,공공분양,경남,0
2026-08 p),합,공공분양,제주,0
2026-08 p),지자체,소계,전국,6,879
2026-08 p),지자체,소계,서울,22
2026-08 p),지자체,소계,인천,0
2026-08 p),지자체,소계,경기,4,089
2026-08 p),지자체,소계,전남광주,99
2026-08 p),지자체,소계,부산,993
2026-08 p),지자체,소계,대구,0
2026-08 p),지자체,소계,대전,0
2026-08 p),지자체,소계,울산,0
2026-08 p),지자체,소계,세종,0
2026-08 p),지자체,소계,강원,70
2026-08 p),지자체,소계,충북,0
2026-08 p),지자체,소계,충남,0
2026-08 p),지자체,소계,전북,0
2026-08 p),지자체,소계,경북,1,562
2026-08 p),지자체,소계,경남,24
2026-08 p),지자체,소계,제주,20
2026-08 p),지자체,국민임대,전국,0
2026-08 p),지자체,국민임대,서울,0
2026-08 p),지자체,국민임대,인천,0
2026-08 p),지자체,국민임대,경기,0
2026-08 p),지자체,국민임대,전남광주,0
2026-08 p),지자체,국민임대,부산,0
2026-08 p),지자체,국민임대,대구,0
2026-08 p),지자체,국민임대,대전,0
2026-08 p),지자체,국민임대,울산,0
2026-08 p),지자체,국민임대,세종,0
2026-08 p),지자체,국민임대,강원,0
2026-08 p),지자체,국민임대,충북,0
2026-08 p),지자체,국민임대,충남,0
2026-08 p),지자체,국민임대,전북,0
2026-08 p),지자체,국민임대,경북,0
2026-08 p),지자체,국민임대,경남,0
2026-08 p),지자체,국민임대,제주,0
2026-08 p),지자체,공공임대,전국,5,719
2026-08 p),지자체,공공임대,서울,22
2026-08 p),지자체,공공임대,인천,0
2026-08 p),지자체,공공임대,경기,2,929
2026-08 p),지자체,공공임대,전남광주,99
2026-08 p),지자체,공공임대,부산,993
2026-08 p),지자체,공공임대,대구,0
2026-08 p),지자체,공공임대,대전,0
2026-08 p),지자체,공공임대,울산,0
2026-08 p),지자체,공공임대,세종,0
2026-08 p),지자체,공공임대,강원,70
2026-08 p),지자체,공공임대,충북,0
2026-08 p),지자체,공공임대,충남,0
2026-08 p),지자체,공공임대,전북,0
2026-08 p),지자체,공공임대,경북,1,562
2026-08 p),지자체,공공임대,경남,24
2026-08 p),지자체,공공임대,제주,20
2026-08 p),지자체,공공분양,전국,1,160
2026-08 p),지자체,공공분양,서울,0
2026-08 p),지자체,공공분양,인천,0
2026-08 p),지자체,공공분양,경기,1,160
2026-08 p),지자체,공공분양,전남광주,0
2026-08 p),지자체,공공분양,부산,0
2026-08 p),지자체,공공분양,대구,0
2026-08 p),지자체,공공분양,대전,0
2026-08 p),지자체,공공분양,울산,0
2026-08 p),지자체,공공분양,세종,0
2026-08 p),지자체,공공분양,강원,0
2026-08 p),지자체,공공분양,충북,0
2026-08 p),지자체,공공분양,충남,0
2026-08 p),지자체,공공분양,전북,0
2026-08 p),지자체,공공분양,경북,0
2026-08 p),지자체,공공분양,경남,0
2026-08 p),지자체,공공분양,제주,0
2026-08 p),LH,소계,전국,5,209
2026-08 p),LH,소계,서울,4,148
2026-08 p),LH,소계,인천,0
2026-08 p),LH,소계,경기,0
2026-08 p),LH,소계,전남광주,0
2026-08 p),LH,소계,부산,0
2026-08 p),LH,소계,대구,0
2026-08 p),LH,소계,대전,0
2026-08 p),LH,소계,울산,0
2026-08 p),LH,소계,세종,999
2026-08 p),LH,소계,강원,0
2026-08 p),LH,소계,충북,0
2026-08 p),LH,소계,충남,0
2026-08 p),LH,소계,전북,62
2026-08 p),LH,소계,경북,0
2026-08 p),LH,소계,경남,0
2026-08 p),LH,소계,제주,0
2026-08 p),LH,국민임대,전국,0
2026-08 p),LH,국민임대,서울,0
2026-08 p),LH,국민임대,인천,0
2026-08 p),LH,국민임대,경기,0
2026-08 p),LH,국민임대,전남광주,0
2026-08 p),LH,국민임대,부산,0
2026-08 p),LH,국민임대,대구,0
2026-08 p),LH,국민임대,대전,0
2026-08 p),LH,국민임대,울산,0
2026-08 p),LH,국민임대,세종,0
2026-08 p),LH,국민임대,강원,0
2026-08 p),LH,국민임대,충북,0
2026-08 p),LH,국민임대,충남,0
2026-08 p),LH,국민임대,전북,0
2026-08 p),LH,국민임대,경북,0
2026-08 p),LH,국민임대,경남,0
2026-08 p),LH,국민임대,제주,0
2026-08 p),LH,공공임대,전국,2,240
2026-08 p),LH,공공임대,서울,1,677
2026-08 p),LH,공공임대,인천,0
2026-08 p),LH,공공임대,경기,0
2026-08 p),LH,공공임대,전남광주,0
2026-08 p),LH,공공임대,부산,0
2026-08 p),LH,공공임대,대구,0
2026-08 p),LH,공공임대,대전,0
2026-08 p),LH,공공임대,울산,0
2026-08 p),LH,공공임대,세종,501
2026-08 p),LH,공공임대,강원,0
2026-08 p),LH,공공임대,충북,0
2026-08 p),LH,공공임대,충남,0
2026-08 p),LH,공공임대,전북,62
2026-08 p),LH,공공임대,경북,0
2026-08 p),LH,공공임대,경남,0
2026-08 p),LH,공공임대,제주,0
2026-08 p),LH,공공분양,전국,2,969
2026-08 p),LH,공공분양,서울,2,471
2026-08 p),LH,공공분양,인천,0
2026-08 p),LH,공공분양,경기,0
2026-08 p),LH,공공분양,전남광주,0
2026-08 p),LH,공공분양,부산,0
2026-08 p),LH,공공분양,대구,0
2026-08 p),LH,공공분양,대전,0
2026-08 p),LH,공공분양,울산,0
2026-08 p),LH,공공분양,세종,498
2026-08 p),LH,공공분양,강원,0
2026-08 p),LH,공공분양,충북,0
2026-08 p),LH,공공분양,충남,0
2026-08 p),LH,공공분양,전북,0
2026-08 p),LH,공공분양,경북,0
2026-08 p),LH,공공분양,경남,0
2026-08 p),LH,공공분양,제주,0
2026-08 p),주택업체,소계,전국,3,027
2026-08 p),주택업체,소계,서울,1,883
2026-08 p),주택업체,소계,인천,0
2026-08 p),주택업체,소계,경기,1,144
2026-08 p),주택업체,소계,전남광주,0
2026-08 p),주택업체,소계,부산,0
2026-08 p),주택업체,소계,대구,0
2026-08 p),주택업체,소계,대전,0
2026-08 p),주택업체,소계,울산,0
2026-08 p),주택업체,소계,세종,0
2026-08 p),주택업체,소계,강원,0
2026-08 p),주택업체,소계,충북,0
2026-08 p),주택업체,소계,충남,0
2026-08 p),주택업체,소계,전북,0
2026-08 p),주택업체,소계,경북,0
2026-08 p),주택업체,소계,경남,0
2026-08 p),주택업체,소계,제주,0
2026-08 p),주택업체,국민임대,전국,10
2026-08 p),주택업체,국민임대,서울,10
2026-08 p),주택업체,국민임대,인천,0
2026-08 p),주택업체,국민임대,경기,0
2026-08 p),주택업체,국민임대,전남광주,0
2026-08 p),주택업체,국민임대,부산,0
2026-08 p),주택업체,국민임대,대구,0
2026-08 p),주택업체,국민임대,대전,0
2026-08 p),주택업체,국민임대,울산,0
2026-08 p),주택업체,국민임대,세종,0
2026-08 p),주택업체,국민임대,강원,0
2026-08 p),주택업체,국민임대,충북,0
2026-08 p),주택업체,국민임대,충남,0
2026-08 p),주택업체,국민임대,전북,0
2026-08 p),주택업체,국민임대,경북,0
2026-08 p),주택업체,국민임대,경남,0
2026-08 p),주택업체,국민임대,제주,0
2026-08 p),주택업체,공공임대,전국,3,017
2026-08 p),주택업체,공공임대,서울,1,873
2026-08 p),주택업체,공공임대,인천,0
2026-08 p),주택업체,공공임대,경기,1,144
2026-08 p),주택업체,공공임대,전남광주,0
2026-08 p),주택업체,공공임대,부산,0
2026-08 p),주택업체,공공임대,대구,0
2026-08 p),주택업체,공공임대,대전,0
2026-08 p),주택업체,공공임대,울산,0
2026-08 p),주택업체,공공임대,세종,0
2026-08 p),주택업체,공공임대,강원,0
2026-08 p),주택업체,공공임대,충북,0
2026-08 p),주택업체,공공임대,충남,0
2026-08 p),주택업체,공공임대,전북,0
2026-08 p),주택업체,공공임대,경북,0
2026-08 p),주택업체,공공임대,경남,0
2026-08 p),주택업체,공공임대,제주,0
2026-08 p),주택업체,공공분양,전국,0
2026-08 p),주택업체,공공분양,서울,0
2026-08 p),주택업체,공공분양,인천,0
2026-08 p),주택업체,공공분양,경기,0
2026-08 p),주택업체,공공분양,전남광주,0
2026-08 p),주택업체,공공분양,부산,0
2026-08 p),주택업체,공공분양,대구,0
2026-08 p),주택업체,공공분양,대전,0
2026-08 p),주택업체,공공분양,울산,0
2026-08 p),주택업체,공공분양,세종,0
2026-08 p),주택업체,공공분양,강원,0
2026-08 p),주택업체,공공분양,충북,0
2026-08 p),주택업체,공공분양,충남,0
2026-08 p),주택업체,공공분양,전북,0
2026-08 p),주택업체,공공분양,경북,0
2026-08 p),주택업체,공공분양,경남,0
2026-08 p),주택업체,공공분양,제주,0
2026-08 p),민간부문,민간부문,전국,148,820
2026-08 p),민간부문,민간부문,서울,33,887
2026-08 p),민간부문,민간부문,인천,10,056
2026-08 p),민간부문,민간부문,경기,40,827
2026-08 p),민간부문,민간부문,전남광주,7,175
2026-08 p),민간부문,민간부문,부산,5,625
2026-08 p),민간부문,민간부문,대구,3,715
2026-08 p),민간부문,민간부문,대전,6,004
2026-08 p),민간부문,민간부문,울산,4,867
2026-08 p),민간부문,민간부문,세종,2,946
2026-08 p),민간부문,민간부문,강원,3,333
2026-08 p),민간부문,민간부문,충북,8,209
2026-08 p),민간부문,민간부문,충남,7,059
2026-08 p),민간부문,민간부문,전북,4,834
2026-08 p),민간부문,민간부문,경북,6,000
2026-08 p),민간부문,민간부문,경남,3,191
2026-08 p),민간부문,민간부문,제주,1,092
2026-08 p),민간,민간임대,전국,10,230
2026-08 p),민간,민간임대,서울,290
2026-08 p),민간,민간임대,인천,50
2026-08 p),민간,민간임대,경기,1,440
2026-08 p),민간,민간임대,전남광주,579
2026-08 p),민간,민간임대,부산,0
2026-08 p),민간,민간임대,대구,1,862
2026-08 p),민간,민간임대,대전,0
2026-08 p),민간,민간임대,울산,70
2026-08 p),민간,민간임대,세종,0
2026-08 p),민간,민간임대,강원,586
2026-08 p),민간,민간임대,충북,2,298
2026-08 p),민간,민간임대,충남,559
2026-08 p),민간,민간임대,전북,2,438
2026-08 p),민간,민간임대,경북,0
2026-08 p),민간,민간임대,경남,0
2026-08 p),민간,민간임대,제주,58
2026-08 p),민간,민간분양,전국,138,590
2026-08 p),민간,민간분양,서울,33,597
2026-08 p),민간,민간분양,인천,10,006
2026-08 p),민간,민간분양,경기,39,387
2026-08 p),민간,민간분양,전남광주,6,596
2026-08 p),민간,민간분양,부산,5,625
2026-08 p),민간,민간분양,대구,1,853
2026-08 p),민간,민간분양,대전,6,004
2026-08 p),민간,민간분양,울산,4,797
2026-08 p),민간,민간분양,세종,2,946
2026-08 p),민간,민간분양,강원,2,747
2026-08 p),민간,민간분양,충북,5,911
2026-08 p),민간,민간분양,충남,6,500
2026-08 p),민간,민간분양,전북,2,396
2026-08 p),민간,민간분양,경북,6,000
2026-08 p),민간,민간분양,경남,3,191
2026-08 p),민간,민간분양,제주,1,034