청약연도,차수,신청지역,접수시작일,접수종료일,접수종료시,당첨자발표일,모집공고일,건설사,종합주택,청약저축,청약예금,청약부금,블럭,평형,모집인원,사용여부
"2021","105","경기 화성시","20210420","20210503","14","20210507","20210429","(일정미정 추후재진","1","0","1","1","A-3B","84F","2","N"
"2021","105","경기 화성시","20210420","20210503","14","20210507","20210429","(일정미정 추후재진","1","0","1","1","A-3B","84D","1","N"
"2021","104","경기 화성시","20210420","20210503","14","20210507","20210429","(일정미정 추후재진","1","0","1","1","청약자격확인","청약자격확인","22","Y"
"2021","103","경기 화성시","20210413","20210419","14","20210423","20210415","청약자격확인 화성 ","1","0","1","1","B2","청약자격확인","19","Y"
"2021","102","경기 화성시","20210413","20210419","14","20210423","20210415","청약자격확인 화성 ","1","0","1","1","청약자격확인","청약자격확인","19","Y"
"2021","101","경기 남양주시","20210413","20210419","14","20210423","20210416","청약자격확인 덕소 ","1","0","1","1","청약자격확인","청약자격확인","7","Y"
"2021","100","경기 남양주시","20210413","20210419","14","20210423","20210416","청약자격확인 덕소 ","1","0","1","1","청약자격확인","청약자격확인","8","Y"
"2021","99","경기 포천시","20210413","20210426","14","20210430","20210423","청약자격확인 포천 ","1","0","1","1","청약자격확인","청약자격확인","17","N"
"2021","99","경기 포천시","20210413","20210426","14","20210430","20210423","청약자격확인 포천 ","1","0","1","1","청약자격확인","취소","0","Y"
"2021","99","경기 포천시","20210413","20210426","14","20210430","20210423","청약자격확인 포천 ","1","0","1","1","청약자격확인","청약자격확인2","16","Y"
"2021","98","경기 양주시","20210413","20210419","14","20210423","20210415","청약자격확인 양주 ","1","1","0","0","청약자격확인","청약자격확인","61","Y"
"2021","97","충남 아산시","20210413","20210503","14","20210507","20210428","(일정변경)군인특별","1","0","1","1","A-1BL","75","7","Y"
"2021","97","충남 아산시","20210413","20210503","14","20210507","20210428","(일정변경)군인특별","1","0","1","1","A-1BL","84","6","Y"
"2021","97","충남 아산시","20210413","20210503","14","20210507","20210428","(일정변경)군인특별","1","0","1","1","A-1BL","79","1","Y"
"2021","96","서울 도봉구","20210413","20210419","14","20210423","20210415","군인특별공급 쌍문역","1","0","1","1","주택형","68A","1","Y"
"2021","95","경기 남양주시","20210413","20210419","14","20210423","20210416","군인특별공급 덕소 ","1","0","1","1","주택형","59A","1","Y"
"2021","95","경기 남양주시","20210413","20210419","14","20210423","20210416","군인특별공급 덕소 ","1","0","1","1","주택형","84","1","Y"
"2021","95","경기 남양주시","20210413","20210419","14","20210423","20210416","군인특별공급 덕소 ","1","0","1","1","주택형","59B","1","Y"
"2021","94","인천 연수구","20210413","20210419","14","20210423","20210416","(일정연기)","1","0","1","1","B3BL","84B","2","Y"
"2021","94","인천 연수구","20210413","20210419","14","20210423","20210416","(일정연기)","1","0","1","1","B3BL","84A","2","Y"
"2021","93","경북 포항시","20210413","20210419","14","20210423","20210416","군인특별공급 한화 ","1","0","1","1","주택형","59","5","Y"
"2021","93","경북 포항시","20210413","20210419","14","20210423","20210416","군인특별공급 한화 ","1","0","1","1","주택형","84B","10","Y"
"2021","93","경북 포항시","20210413","20210419","14","20210423","20210416","군인특별공급 한화 ","1","0","1","1","주택형","84A","10","Y"
"2021","93","경북 포항시","20210413","20210419","14","20210423","20210416","군인특별공급 한화 ","1","0","1","1","주택형","75","5","Y"
"2021","92","경기 남양주시","20210413","20210419","14","20210423","20210416","군인특별공급 덕소 ","1","0","1","1","주택형","59A","1","Y"
"2021","92","경기 남양주시","20210413","20210419","14","20210423","20210416","군인특별공급 덕소 ","1","0","1","1","주택형","77","1","Y"
"2021","92","경기 남양주시","20210413","20210419","14","20210423","20210416","군인특별공급 덕소 ","1","0","1","1","주택형","59B","1","Y"
"2021","91","경기 화성시","20210413","20210419","14","20210423","20210415","군인특별공급 화성 ","1","0","1","1","B-2","84A","9","Y"
"2021","91","경기 화성시","20210413","20210419","14","20210423","20210415","군인특별공급 화성 ","1","0","1","1","B-2","84C","1","Y"
"2021","91","경기 화성시","20210413","20210419","14","20210423","20210415","군인특별공급 화성 ","1","0","1","1","B-2","84B","1","Y"
"2021","90","경기 화성시","20210413","20210419","14","20210423","20210415","군인특별공급 화성 ","1","0","1","1","B-1","84A예비","12","Y"
"2021","90","경기 화성시","20210413","20210419","14","20210423","20210415","군인특별공급 화성 ","1","0","1","1","B-1","84B추가","2","Y"
"2021","90","경기 화성시","20210413","20210419","14","20210423","20210415","군인특별공급 화성 ","1","0","1","1","B-1","84C","3","N"
"2021","90","경기 화성시","20210413","20210419","14","20210423","20210415","군인특별공급 화성 ","1","0","1","1","B-1","84A","4","N"
"2021","90","경기 화성시","20210413","20210419","14","20210423","20210415","군인특별공급 화성 ","1","0","1","1","B-1","84B","3","N"
"2021","90","경기 화성시","20210413","20210419","14","20210423","20210415","군인특별공급 화성 ","1","0","1","1","B-1","84C예비","9","Y"
"2021","89","경기 포천시","20210413","20210426","14","20210430","20210423","군인특별공급 포천 ","1","0","1","1","주택형","84A","10","N"
"2021","89","경기 포천시","20210413","20210426","14","20210430","20210423","군인특별공급 포천 ","1","0","1","1","취소","취소","0","Y"
"2021","89","경기 포천시","20210413","20210426","14","20210430","20210423","군인특별공급 포천 ","1","0","1","1","주택형","84A추가","8","Y"
"2021","89","경기 포천시","20210413","20210426","14","20210430","20210423","군인특별공급 포천 ","1","0","1","1","주택형","84B","1","Y"
"2021","88","대구 수성구","20210413","20210419","14","20210423","20210416","군인특별공급 수성 ","1","0","1","1","주택형","59","9","Y"
"2021","88","대구 수성구","20210413","20210419","14","20210423","20210416","군인특별공급 수성 ","1","0","1","1","주택형","75","2","Y"
"2021","88","대구 수성구","20210413","20210419","14","20210423","20210416","군인특별공급 수성 ","1","0","1","1","주택형","84B","1","Y"
"2021","88","대구 수성구","20210413","20210419","14","20210423","20210416","군인특별공급 수성 ","1","0","1","1","주택형","84A","1","Y"
"2021","88","대구 수성구","20210413","20210419","14","20210423","20210416","군인특별공급 수성 ","1","0","1","1","주택형","84","1","Y"
"2021","87","충남 아산시","20210413","20210419","14","20210423","20210416","군인특별공급 힐스테","1","0","1","1","D1-1BL","74A","2","Y"
"2021","87","충남 아산시","20210413","20210419","14","20210423","20210416","군인특별공급 힐스테","1","0","1","1","D1-1BL","84B","4","Y"
"2021","87","충남 아산시","20210413","20210419","14","20210423","20210416","군인특별공급 힐스테","1","0","1","1","D1-1BL","84A","4","Y"
"2021","86","충북 증평군","20210413","20210419","14","20210423","20210416","군인특별공급 증평 ","1","0","1","1","B-1","84","9","Y"
"2021","85","경기 양주시","20210413","20210419","14","20210423","20210415","군인특별공급 양주 ","1","1","0","0","A-1","74A","1","Y"
"2021","85","경기 양주시","20210413","20210419","14","20210423","20210415","군인특별공급 양주 ","1","1","0","0","A-1","84B","1","Y"
"2021","85","경기 양주시","20210413","20210419","14","20210423","20210415","군인특별공급 양주 ","1","1","0","0","A-1","84A","2","Y"
"2021","85","경기 양주시","20210413","20210419","14","20210423","20210415","군인특별공급 양주 ","1","1","0","0","A-1","74B","1","Y"
"2021","84","인천 서구","20210406","20210412","14","20210416","20210409","군인특별공급 검단 ","1","0","1","1","주택형","76","2","Y"
"2021","84","인천 서구","20210406","20210412","14","20210416","20210409","군인특별공급 검단 ","1","0","1","1","주택형","84B","1","Y"
"2021","84","인천 서구","20210406","20210412","14","20210416","20210409","군인특별공급 검단 ","1","0","1","1","주택형","84A","5","Y"
"2021","83","인천 부평구","20210406","20210503","14","20210507","20210430","(일정미정 추후재진","1","0","1","1","주택형","59A","2","N"
"2021","83","인천 부평구","20210406","20210503","14","20210507","20210430","(일정미정 추후재진","1","0","1","1","주택형","59B","1","N"
"2021","83","인천 부평구","20210406","20210503","14","20210507","20210430","(일정미정 추후재진","1","0","1","1","주택형","59C","1","N"
"2021","83","인천 부평구","20210406","20210503","14","20210507","20210430","(일정미정 추후재진","1","0","1","1","취소","취소","0","Y"
"2021","83","인천 부평구","20210406","20210503","14","20210507","20210430","(일정미정 추후재진","1","0","1","1","주택형","72B","2","N"
"2021","83","인천 부평구","20210406","20210503","14","20210507","20210430","(일정미정 추후재진","1","0","1","1","주택형","72C","3","N"
"2021","83","인천 부평구","20210406","20210503","14","20210507","20210430","(일정미정 추후재진","1","0","1","1","주택형","72A","3","N"
"2021","82","대구 수성구","20210406","20210412","14","20210416","20210409","군인특별공급 수성 ","1","0","1","1","주택형","59","9","Y"
"2021","82","대구 수성구","20210406","20210412","14","20210416","20210409","군인특별공급 수성 ","1","0","1","1","주택형","75","2","Y"
"2021","82","대구 수성구","20210406","20210412","14","20210416","20210409","군인특별공급 수성 ","1","0","1","1","주택형","84B","1","Y"
"2021","82","대구 수성구","20210406","20210412","14","20210416","20210409","군인특별공급 수성 ","1","0","1","1","주택형","84A","1","Y"
"2021","82","대구 수성구","20210406","20210412","14","20210416","20210409","군인특별공급 수성 ","1","0","1","1","주택형","84","1","Y"
"2021","81","인천 서구","20210406","20210420","14","20210423","20210414","군인특별공급 인천 ","1","0","1","1","주택형","59A","2","N"
"2021","81","인천 서구","20210406","20210420","14","20210423","20210414","군인특별공급 인천 ","1","0","1","1","취소","취소","0","Y"
"2021","81","인천 서구","20210406","20210420","14","20210423","20210414","군인특별공급 인천 ","1","0","1","1","주택형","84","1","N"
"2021","125","충남 천안","20210426","20210503","14","20210507","20210430","군인특별공급 직산역","1","0","1","1","주택형","59B","2","Y"
"2021","124","울산 북구","20210426","20210503","14","20210507","20210430","군인특별공급 율동지","1","0","1","1","C2BL","84A","2","Y"
"2021","124","울산 북구","20210426","20210503","14","20210507","20210430","군인특별공급 율동지","1","0","1","1","C2BL","84F","1","Y"
"2021","124","울산 북구","20210426","20210503","14","20210507","20210430","군인특별공급 율동지","1","0","1","1","C2BL","84E","1","Y"
"2021","124","울산 북구","20210426","20210503","14","20210507","20210430","군인특별공급 율동지","1","0","1","1","C2BL","84C","2","Y"
"2021","123","울산 북구","20210426","20210503","14","20210507","20210430","군인특별공급 율동지","1","0","1","1","B2BL","84A","3","Y"
"2021","123","울산 북구","20210426","20210503","14","20210507","20210430","군인특별공급 율동지","1","0","1","1","B2BL","84I","1","Y"
"2021","123","울산 북구","20210426","20210503","14","20210507","20210430","군인특별공급 율동지","1","0","1","1","B2BL","84H","1","Y"
"2021","123","울산 북구","20210426","20210503","14","20210507","20210430","군인특별공급 율동지","1","0","1","1","B2BL","84F","2","Y"
"2021","122","울산 북구","20210426","20210503","14","20210507","20210430","군인특별공급 율동지","1","0","1","1","B1BL","84A","1","Y"
"2021","122","울산 북구","20210426","20210503","14","20210507","20210430","군인특별공급 율동지","1","0","1","1","B1BL","84C","2","Y"
"2021","122","울산 북구","20210426","20210503","14","20210507","20210430","군인특별공급 율동지","1","0","1","1","B1BL","84B","1","Y"
"2021","121","경기 광주시","20210426","20210524","14","20210528","20210520","(일정변경)군인특별","1","0","1","1","C4","62A","1","Y"
"2021","121","경기 광주시","20210426","20210524","14","20210528","20210520","(일정변경)군인특별","1","0","1","1","C4","62B","1","Y"
"2021","121","경기 광주시","20210426","20210524","14","20210528","20210520","(일정변경)군인특별","1","0","1","1","C4","74A","1","Y"
"2021","121","경기 광주시","20210426","20210524","14","20210528","20210520","(일정변경)군인특별","1","0","1","1","C4","74B","1","Y"
"2021","121","경기 광주시","20210426","20210524","14","20210528","20210520","(일정변경)군인특별","1","0","1","1","C4","74C","1","Y"
"2021","121","경기 광주시","20210426","20210524","14","20210528","20210520","(일정변경)군인특별","1","0","1","1","C4","84D2,D2T","2","Y"
"2021","121","경기 광주시","20210426","20210524","14","20210528","20210520","(일정변경)군인특별","1","0","1","1","C4","74D2,742T","1","Y"
"2021","121","경기 광주시","20210426","20210524","14","20210528","20210520","(일정변경)군인특별","1","0","1","1","C4","84A","3","Y"
"2021","121","경기 광주시","20210426","20210524","14","20210528","20210520","(일정변경)군인특별","1","0","1","1","C4","84B","1","Y"
"2021","121","경기 광주시","20210426","20210524","14","20210528","20210520","(일정변경)군인특별","1","0","1","1","C4","84C","1","Y"
"2021","121","경기 광주시","20210426","20210524","14","20210528","20210520","(일정변경)군인특별","1","0","1","1","C4","84D1,D1T","2","Y"
"2021","121","경기 광주시","20210426","20210524","14","20210528","20210520","(일정변경)군인특별","1","0","1","1","C4","74D1,D1T","1","Y"
"2021","120","경기 광주시","20210426","20210524","14","20210528","20210520","(일정변경)군인특별","1","0","1","1","C3","62A","1","Y"
"2021","120","경기 광주시","20210426","20210524","14","20210528","20210520","(일정변경)군인특별","1","0","1","1","C3","74A","2","Y"
"2021","120","경기 광주시","20210426","20210524","14","20210528","20210520","(일정변경)군인특별","1","0","1","1","C3","74C","2","Y"
"2021","120","경기 광주시","20210426","20210524","14","20210528","20210520","(일정변경)군인특별","1","0","1","1","C3","84D2,D2T","2","Y"
"2021","120","경기 광주시","20210426","20210524","14","20210528","20210520","(일정변경)군인특별","1","0","1","1","C3","84B","2","Y"
"2021","120","경기 광주시","20210426","20210524","14","20210528","20210520","(일정변경)군인특별","1","0","1","1","C3","84C","2","Y"
"2021","120","경기 광주시","20210426","20210524","14","20210528","20210520","(일정변경)군인특별","1","0","1","1","C3","84D1,D1T","2","Y"
"2021","120","경기 광주시","20210426","20210524","14","20210528","20210520","(일정변경)군인특별","1","0","1","1","C3","84A","2","Y"
"2021","119","일정미정","20210426","20210517","14","20210521","20210513","추후재진행","1","0","1","1","주택형","59B","1","Y"
"2021","119","일정미정","20210426","20210517","14","20210521","20210513","추후재진행","1","0","1","1","주택형","71A","2","Y"
"2021","119","일정미정","20210426","20210517","14","20210521","20210513","추후재진행","1","0","1","1","주택형","84B","1","Y"
"2021","119","일정미정","20210426","20210517","14","20210521","20210513","추후재진행","1","0","1","1","주택형","84A","3","Y"
"2021","119","일정미정","20210426","20210517","14","20210521","20210513","추후재진행","1","0","1","1","주택형","71B","1","Y"
"2021","118","대전 대덕구","20210426","20210430","17","20210507","20210429","군인특별공급 대덕 ","1","0","1","1","주택형","63B","1","Y"
"2021","118","대전 대덕구","20210426","20210430","17","20210507","20210429","군인특별공급 대덕 ","1","0","1","1","주택형","75B","2","Y"
"2021","118","대전 대덕구","20210426","20210430","17","20210507","20210429","군인특별공급 대덕 ","1","0","1","1","주택형","75A","1","Y"
"2021","117","경기 화성시","20210426","20210430","17","20210507","20210429","군인특별공급 동탄2","1","0","1","1","2BL","84B","3","Y"
"2021","117","경기 화성시","20210426","20210430","17","20210507","20210429","군인특별공급 동탄2","1","0","1","1","2BL","84A","3","Y"
"2021","116","경남 거창군","20210426","20210430","17","20210507","20210429","군인특별공급 더샵 ","1","0","1","1","주택형","66","1","Y"
"2021","116","경남 거창군","20210426","20210430","17","20210507","20210429","군인특별공급 더샵 ","1","0","1","1","주택형","84C","1","Y"
"2021","116","경남 거창군","20210426","20210430","17","20210507","20210429","군인특별공급 더샵 ","1","0","1","1","주택형","84B","3","Y"
"2021","116","경남 거창군","20210426","20210430","17","20210507","20210429","군인특별공급 더샵 ","1","0","1","1","주택형","84A","3","Y"
"2021","115","인천 미추홀구","20210426","20210430","17","20210507","20210429","군인특별공급 용현자","1","1","0","0","주택형","59A","4","Y"
"2021","115","인천 미추홀구","20210426","20210430","17","20210507","20210429","군인특별공급 용현자","1","1","0","0","주택형","59D","1","Y"
"2021","115","인천 미추홀구","20210426","20210430","17","20210507","20210429","군인특별공급 용현자","1","1","0","0","주택형","84A","1","Y"
"2021","115","인천 미추홀구","20210426","20210430","17","20210507","20210429","군인특별공급 용현자","1","1","0","0","주택형","74C","2","Y"
"2021","115","인천 미추홀구","20210426","20210430","17","20210507","20210429","군인특별공급 용현자","1","1","0","0","주택형","74D","1","Y"
"2021","115","인천 미추홀구","20210426","20210430","17","20210507","20210429","군인특별공급 용현자","1","1","0","0","주택형","74A","1","Y"
"2021","114","인천 미추홀구","20210426","20210430","17","20210507","20210429","청약자격확인 용현자","1","1","0","0","청약자격확인","청약자격확인","44","Y"
"2021","113","경기 평택시","20210420","20210503","14","20210507","20210430","(일정변경)청약자격","1","0","1","1","청약자격확인","청약자격확인","14","Y"
"2021","112","인천 계양구","20210420","20210426","14","20210430","20210423","청약자격확인 계양 ","1","0","1","1","청약자격확인","청약자격확인","1","Y"
"2021","111","대구 수성구","20210420","20210427","14","20210430","20210423","(마감됨, 취소만가","1","0","1","1","주택형","취소","0","Y"
"2021","111","대구 수성구","20210420","20210427","14","20210430","20210423","(마감됨, 취소만가","1","0","1","1","주택형","84B","4","N"
"2021","110","인천 서구","20210420","20210426","14","20210430","20210423","군인특별공급 검단역","1","0","1","1","RC3BL","84A","1","Y"
"2021","110","인천 서구","20210420","20210426","14","20210430","20210423","군인특별공급 검단역","1","0","1","1","RC3BL","84C","3","Y"
"2021","110","인천 서구","20210420","20210426","14","20210430","20210423","군인특별공급 검단역","1","0","1","1","RC3BL","84B","2","Y"
"2021","109","인천 계양구","20210420","20210426","14","20210430","20210423","군인특별공급 계양 ","1","0","1","1","주택형","84B","1","Y"
"2021","108","경남 양산시","20210420","20210503","14","20210507","20210430","(취소)군인특별공급","1","0","1","1","주택형","84A","1","N"
"2021","108","경남 양산시","20210420","20210503","14","20210507","20210430","(취소)군인특별공급","1","0","1","1","주택형","취소","0","Y"
"2021","108","경남 양산시","20210420","20210503","14","20210507","20210430","(취소)군인특별공급","1","0","1","1","주택형","84C","1","N"
"2021","107","충북 진전군","20210420","20210426","14","20210430","20210422","(일정변경 추가접수","1","0","1","1","주택형","84","4","Y"
"2021","106","전남 여수시","20210420","20210503","14","20210507","20210430","(일정변경 추가접수","1","0","1","1","주택형","84A","5","Y"
"2021","105","경기 화성시","20210420","20210503","14","20210507","20210429","(일정미정 추후재진","1","0","1","1","A-3B","84D1 예비","2","Y"
"2021","105","경기 화성시","20210420","20210503","14","20210507","20210429","(일정미정 추후재진","1","0","1","1","A-3B","84A","10","N"
"2021","105","경기 화성시","20210420","20210503","14","20210507","20210429","(일정미정 추후재진","1","0","1","1","A-3B","84C","1","N"
"2021","105","경기 화성시","20210420","20210503","14","20210507","20210429","(일정미정 추후재진","1","0","1","1","취소","취소","0","Y"
"2021","105","경기 화성시","20210420","20210503","14","20210507","20210429","(일정미정 추후재진","1","0","1","1","A-3B","84E","2","N"
"2021","150","경기 화성시","20210511","20210517","14","20210521","20210514","군인특별공급 동탄역","1","0","1","1","C-2","52B","1","Y"
"2021","149","충남 천안시","20210511","20210517","14","20210521","20210514","(일정미정 추후재진","1","0","1","1","주택형","76","2","Y"
"2021","149","충남 천안시","20210511","20210517","14","20210521","20210514","(일정미정 추후재진","1","0","1","1","주택형","84B","1","Y"
"2021","149","충남 천안시","20210511","20210517","14","20210521","20210514","(일정미정 추후재진","1","0","1","1","주택형","84A","3","Y"
"2021","148","일정미정","20210511","20210517","14","20210521","20210513","추후재진행","1","0","1","1","주택형","84A","3","Y"
"2021","148","일정미정","20210511","20210517","14","20210521","20210513","추후재진행","1","0","1","1","주택형","84C","2","Y"
"2021","148","일정미정","20210511","20210517","14","20210521","20210513","추후재진행","1","0","1","1","주택형","84B","2","Y"
"2021","147","전북 완주군","20210511","20210517","14","20210521","20210513","군인특별공급 완주복","1","0","1","1","1BL","84A","3","Y"
"2021","147","전북 완주군","20210511","20210517","14","20210521","20210513","군인특별공급 완주복","1","0","1","1","1BL","74","1","Y"
"2021","146","경기 이천시","20210510","20210513","17","20210514","20210513","청약자격확인 이천 ","1","0","1","1","청약자격확인","청약자격확인","9","Y"
"2021","145","경기 이천시","20210510","20210513","17","20210514","20210513","군인특별공급 이천 ","1","0","1","1","주택형","73","1","Y"
"2021","145","경기 이천시","20210510","20210513","17","20210514","20210513","군인특별공급 이천 ","1","0","1","1","주택형","59D","1","Y"
"2021","144","경남 창원시","20210503","20210505","17","20210507","20210430","군인특별공급 성산 ","1","0","1","1","주택형","75","4","Y"
"2021","144","경남 창원시","20210503","20210505","17","20210507","20210430","군인특별공급 성산 ","1","0","1","1","주택형","84B","1","Y"
"2021","144","경남 창원시","20210503","20210505","17","20210507","20210430","군인특별공급 성산 ","1","0","1","1","주택형","84A","3","Y"
"2021","143","대구 달서구","20210504","20210510","14","20210514","20210507","군인특별공급 죽전역","1","0","1","1","주택형","59A","1","Y"
"2021","143","대구 달서구","20210504","20210510","14","20210514","20210507","군인특별공급 죽전역","1","0","1","1","주택형","84B","3","Y"
"2021","143","대구 달서구","20210504","20210510","14","20210514","20210507","군인특별공급 죽전역","1","0","1","1","주택형","74","1","Y"
"2021","142","경기 화성시","20210504","20210524","14","20210526","20210518","(일정변경)군인특별","1","0","1","1","주택형","61A","1","Y"
"2021","142","경기 화성시","20210504","20210524","14","20210526","20210518","(일정변경)군인특별","1","0","1","1","주택형","61B","1","Y"
"2021","142","경기 화성시","20210504","20210524","14","20210526","20210518","(일정변경)군인특별","1","0","1","1","주택형","66","2","Y"
"2021","142","경기 화성시","20210504","20210524","14","20210526","20210518","(일정변경)군인특별","1","0","1","1","주택형","84C","1","Y"
"2021","142","경기 화성시","20210504","20210524","14","20210526","20210518","(일정변경)군인특별","1","0","1","1","주택형","76","1","Y"
"2021","142","경기 화성시","20210504","20210524","14","20210526","20210518","(일정변경)군인특별","1","0","1","1","주택형","84A","2","Y"
"2021","142","경기 화성시","20210504","20210524","14","20210526","20210518","(일정변경)군인특별","1","0","1","1","주택형","84B","1","Y"
"2021","142","경기 화성시","20210504","20210524","14","20210526","20210518","(일정변경)군인특별","1","0","1","1","주택형","67","2","Y"
"2021","141","경기 화성시","20210504","20210524","14","20210526","20210518","(일정변경)청약자격","1","0","1","1","청약자격확인","청약자격확인","28","Y"
"2021","140","강원 동해시","20210504","20210510","14","20210514","20210507","군인특별공급 동해 ","1","0","1","1","주택형","59","1","Y"
"2021","140","강원 동해시","20210504","20210510","14","20210514","20210507","군인특별공급 동해 ","1","0","1","1","주택형","84A","4","Y"
"2021","140","강원 동해시","20210504","20210510","14","20210514","20210507","군인특별공급 동해 ","1","0","1","1","주택형","50","1","Y"
"2021","140","강원 동해시","20210504","20210510","14","20210514","20210507","군인특별공급 동해 ","1","0","1","1","주택형","84C","1","Y"
"2021","140","강원 동해시","20210504","20210510","14","20210514","20210507","군인특별공급 동해 ","1","0","1","1","주택형","84B","1","Y"
"2021","139","경기 광주시","20210504","20210524","14","20210528","20210520","(일정변경)청약자격","1","0","1","1","청약자격확인","청약자격확인","13","Y"
"2021","138","경기 광주시","20210504","20210524","14","20210528","20210520","(일정변경)청약자격","1","0","1","1","청약자격확인","청약자격확인","13","Y"
"2021","137","경기 안산시","20210427","20210430","17","20210507","20210429","군인특별공급 한화 ","1","0","1","1","주택형","59B","1","Y"
"2021","137","경기 안산시","20210427","20210430","17","20210507","20210429","군인특별공급 한화 ","1","0","1","1","주택형","59A","1","Y"
"2021","136","일정미정","20210430","20210430","14","20210514","20210506","추후재진행","1","0","1","1","D2","59A","6","Y"
"2021","136","일정미정","20210430","20210430","14","20210514","20210506","추후재진행","1","0","1","1","D2","84","15","Y"
"2021","136","일정미정","20210430","20210430","14","20210514","20210506","추후재진행","1","0","1","1","D2","70","4","Y"
"2021","136","일정미정","20210430","20210430","14","20210514","20210506","추후재진행","1","0","1","1","D2","59B","7","Y"
"2021","135","일정미정","20210430","20210430","14","20210514","20210506","추후재진행","1","0","1","1","D2","청약자격확인","40","Y"
"2021","134","일정미정","20210430","20210430","14","20210514","20210506","추후재진행","1","0","1","1","D1","59A","3","Y"
"2021","134","일정미정","20210430","20210430","14","20210514","20210506","추후재진행","1","0","1","1","D1","84","16","Y"
"2021","134","일정미정","20210430","20210430","14","20210514","20210506","추후재진행","1","0","1","1","D1","70","6","Y"
"2021","134","일정미정","20210430","20210430","14","20210514","20210506","추후재진행","1","0","1","1","D1","59B","7","Y"
"2021","133","일정미정","20210430","20210430","14","20210514","20210506","추후재진행","1","0","1","1","청약자격확인","청약자격확인","40","Y"
"2021","132","경남 양산","20210430","20210510","14","20210514","20210506","군인특별공급 두산위","1","0","1","1","주택형","59A","6","Y"
"2021","132","경남 양산","20210430","20210510","14","20210514","20210506","군인특별공급 두산위","1","0","1","1","주택형","59B","3","Y"
"2021","132","경남 양산","20210430","20210510","14","20210514","20210506","군인특별공급 두산위","1","0","1","1","주택형","84C","1","Y"
"2021","132","경남 양산","20210430","20210510","14","20210514","20210506","군인특별공급 두산위","1","0","1","1","주택형","84A","10","Y"
"2021","132","경남 양산","20210430","20210510","14","20210514","20210506","군인특별공급 두산위","1","0","1","1","주택형","84B","1","Y"
"2021","132","경남 양산","20210430","20210510","14","20210514","20210506","군인특별공급 두산위","1","0","1","1","주택형","59C","3","Y"
"2021","131","인천 연수구","20210426","20210531","14","20210604","20210527","(일정변경)군인특별","1","0","1","1","1-1","74B","1","Y"
"2021","131","인천 연수구","20210426","20210531","14","20210604","20210527","(일정변경)군인특별","1","0","1","1","취소","취소","0","Y"
"2021","131","인천 연수구","20210426","20210531","14","20210604","20210527","(일정변경)군인특별","1","0","1","1","1-1","84","4","Y"
"2021","131","인천 연수구","20210426","20210531","14","20210604","20210527","(일정변경)군인특별","1","0","1","1","1-1","74C","1","Y"
"2021","130","전북 군산시","20210426","20210524","14","20210528","20210520","(일정변경)군인특별","1","0","1","1","주택형","취소","0","Y"
"2021","130","전북 군산시","20210426","20210524","14","20210528","20210520","(일정변경)군인특별","1","0","1","1","주택형","84B","1","Y"
"2021","130","전북 군산시","20210426","20210524","14","20210528","20210520","(일정변경)군인특별","1","0","1","1","주택형","84A","1","Y"
"2021","129","일정미정","20210426","20210607","14","20210611","20210603","추후재진행","1","0","1","1","AB5","84B","8","Y"
"2021","129","일정미정","20210426","20210607","14","20210611","20210603","추후재진행","1","0","1","1","AB5","84A","8","Y"
"2021","129","일정미정","20210426","20210607","14","20210611","20210603","추후재진행","1","0","1","1","AB5","68","3","Y"
"2021","128","광주 동구","20210426","20210510","14","20210514","20210506","(일정변경)군인특별","1","0","1","1","주택형","84A","1","Y"
"2021","128","광주 동구","20210426","20210510","14","20210514","20210506","(일정변경)군인특별","1","0","1","1","주택형","59","1","Y"
"2021","128","광주 동구","20210426","20210510","14","20210514","20210506","(일정변경)군인특별","1","0","1","1","주택형","84B","1","Y"
"2021","127","경기 양평군","20210426","20210430","17","20210507","20210429","군인특별공급 더샵 ","1","0","1","1","주택형","76","3","Y"
"2021","127","경기 양평군","20210426","20210430","17","20210507","20210429","군인특별공급 더샵 ","1","0","1","1","주택형","84B","2","Y"
"2021","127","경기 양평군","20210426","20210430","17","20210507","20210429","군인특별공급 더샵 ","1","0","1","1","주택형","84A","4","Y"
"2021","126","경기 양평군","20210426","20210430","17","20210507","20210429","청약자격확인 더샵 ","1","0","1","1","청약자격확인","청약자격확인","9","Y"
"2021","125","충남 천안","20210426","20210503","14","20210507","20210430","군인특별공급 직산역","1","0","1","1","주택형","59A","1","Y"
"2021","125","충남 천안","20210426","20210503","14","20210507","20210430","군인특별공급 직산역","1","0","1","1","주택형","84A","1","Y"
"2021","176","경기 양주시","20210525","20210607","14","20210611","20210531","군인특별공급 양주회","1","1","0","0","A21","84A","1","Y"
"2021","176","경기 양주시","20210525","20210607","14","20210611","20210531","군인특별공급 양주회","1","1","0","0","A21","74A","1","Y"
"2021","175","경기 양주시","20210525","20210607","14","20210611","20210531","군인특별공급 양주회","1","1","0","0","A18","84B","1","Y"
"2021","175","경기 양주시","20210525","20210607","14","20210611","20210531","군인특별공급 양주회","1","1","0","0","A18","84A","1","Y"
"2021","174","일정미정","20210525","20210531","14","20210604","20210528","추후재진행","1","0","1","1","주택형","84","4","Y"
"2021","173","경북 경산시","20210525","20210607","14","20210611","20210604","(일정변경)군인특별","1","0","1","1","주택형","84B","2","Y"
"2021","173","경북 경산시","20210525","20210607","14","20210611","20210604","(일정변경)군인특별","1","0","1","1","주택형","84A","7","Y"
"2021","172","대전 중구","20210525","20210531","14","20210604","20210528","군인특별공급 대전 ","1","0","1","1","주택형","59A","1","Y"
"2021","172","대전 중구","20210525","20210531","14","20210604","20210528","군인특별공급 대전 ","1","0","1","1","주택형","84","2","Y"
"2021","172","대전 중구","20210525","20210531","14","20210604","20210528","군인특별공급 대전 ","1","0","1","1","주택형","73","2","Y"
"2021","172","대전 중구","20210525","20210531","14","20210604","20210528","군인특별공급 대전 ","1","0","1","1","주택형","59B","1","Y"
"2021","171","강원 평창군","20210525","20210614","14","20210615","20210608","(일정변경)군인특별","1","0","1","1","주택형","84B","1","Y"
"2021","171","강원 평창군","20210525","20210614","14","20210615","20210608","(일정변경)군인특별","1","0","1","1","주택형","84A","4","Y"
"2021","170","일정미정","20210601","20210607","14","20210611","20210603","추후재진행","1","0","1","1","주택형","59A","1","Y"
"2021","170","일정미정","20210601","20210607","14","20210611","20210603","추후재진행","1","0","1","1","주택형","84A","7","Y"
"2021","170","일정미정","20210601","20210607","14","20210611","20210603","추후재진행","1","0","1","1","주택형","59B","2","Y"
"2021","169","인천 중구","20210525","20210531","14","20210604","20210527","군인특별공급 영종국","1","1","0","0","A-42","64A","2","Y"
"2021","169","인천 중구","20210525","20210531","14","20210604","20210527","군인특별공급 영종국","1","1","0","0","A-42","74A","1","Y"
"2021","169","인천 중구","20210525","20210531","14","20210604","20210527","군인특별공급 영종국","1","1","0","0","A-42","84A","1","Y"
"2021","169","인천 중구","20210525","20210531","14","20210604","20210527","군인특별공급 영종국","1","1","0","0","A-42","84E","1","Y"
"2021","169","인천 중구","20210525","20210531","14","20210604","20210527","군인특별공급 영종국","1","1","0","0","A-42","84C","1","Y"
"2021","169","인천 중구","20210525","20210531","14","20210604","20210527","군인특별공급 영종국","1","1","0","0","A-42","84D","1","Y"
"2021","169","인천 중구","20210525","20210531","14","20210604","20210527","군인특별공급 영종국","1","1","0","0","A-42","84B","2","Y"
"2021","168","경기 연천군","20210525","20210531","14","20210604","20210528","청약자격확인e편한세","1","0","1","1","청약자격확인","청약자격확인","14","Y"
"2021","167","경기 연천군","20210525","20210531","14","20210604","20210528","군인특별공급e편한세","1","0","1","1","주택형","59A","1","Y"
"2021","167","경기 연천군","20210525","20210531","14","20210604","20210528","군인특별공급e편한세","1","0","1","1","주택형","59B","1","Y"
"2021","167","경기 연천군","20210525","20210531","14","20210604","20210528","군인특별공급e편한세","1","0","1","1","주택형","84B","3","Y"
"2021","167","경기 연천군","20210525","20210531","14","20210604","20210528","군인특별공급e편한세","1","0","1","1","주택형","74B","1","Y"
"2021","167","경기 연천군","20210525","20210531","14","20210604","20210528","군인특별공급e편한세","1","0","1","1","주택형","84A","7","Y"
"2021","167","경기 연천군","20210525","20210531","14","20210604","20210528","군인특별공급e편한세","1","0","1","1","주택형","74A","2","Y"
"2021","166","경기 용인시","20210608","20210705","14","20210709","20210701","(일정변경)청약자격","1","0","1","1","청약자격확인","청약자격확인","40","Y"
"2021","165","경기 용인시","20210608","20210705","14","20210709","20210701","청약자격확인 힐스테","1","0","1","1","청약자격확인","청약자격확인","40","Y"
"2021","164","경기 용인시","20210608","20210705","14","20210709","20210701","(일정변경)군인특별","1","0","1","1","D2","59A","6","Y"
"2021","164","경기 용인시","20210608","20210705","14","20210709","20210701","(일정변경)군인특별","1","0","1","1","D2","59B","7","Y"
"2021","164","경기 용인시","20210608","20210705","14","20210709","20210701","(일정변경)군인특별","1","0","1","1","D2","70","4","Y"
"2021","164","경기 용인시","20210608","20210705","14","20210709","20210701","(일정변경)군인특별","1","0","1","1","D2","84","15","Y"
"2021","163","경기 용인시","20210608","20210705","14","20210709","20210701","(일정변경)군인특별","1","0","1","1","D1","59A","3","Y"
"2021","163","경기 용인시","20210608","20210705","14","20210709","20210701","(일정변경)군인특별","1","0","1","1","D1","84","16","Y"
"2021","163","경기 용인시","20210608","20210705","14","20210709","20210701","(일정변경)군인특별","1","0","1","1","D1","70","6","Y"
"2021","163","경기 용인시","20210608","20210705","14","20210709","20210701","(일정변경)군인특별","1","0","1","1","D1","59B","7","Y"
"2021","162","충북 청주시","20210525","20210531","14","20210604","20210527","군인특별공급 오송역","1","0","1","1","주택형","59A","9","Y"
"2021","162","충북 청주시","20210525","20210531","14","20210604","20210527","군인특별공급 오송역","1","0","1","1","주택형","59D","9","Y"
"2021","162","충북 청주시","20210525","20210531","14","20210604","20210527","군인특별공급 오송역","1","0","1","1","주택형","59C","16","Y"
"2021","162","충북 청주시","20210525","20210531","14","20210604","20210527","군인특별공급 오송역","1","0","1","1","주택형","59B","12","Y"
"2021","161","인천 미추홀구","20210601","20210607","14","20210611","20210603","청약자격확인 용현학","1","0","1","1","청약자격확인","청약자격확인","33","Y"
"2021","160","인천 미추홀구","20210601","20210607","14","20210611","20210603","군인특별공급 용현학","1","0","1","1","1-1","59","2","Y"
"2021","160","인천 미추홀구","20210601","20210607","14","20210611","20210603","군인특별공급 용현학","1","0","1","1","1-1","84B","2","Y"
"2021","160","인천 미추홀구","20210601","20210607","14","20210611","20210603","군인특별공급 용현학","1","0","1","1","1-1","84A","6","Y"
"2021","160","인천 미추홀구","20210601","20210607","14","20210611","20210603","군인특별공급 용현학","1","0","1","1","1-1","77","5","Y"
"2021","159","충남 서산시","20210518","20210531","14","20210604","20210528","(일정변경)군인특별","1","0","1","1","주택형","71A","1","Y"
"2021","158","인천 연수구","20210518","20210524","14","20210528","20210521","군인특별공급 송도 ","1","0","1","1","주택형","41A","1","Y"
"2021","157","경기 용인시","20210518","20210712","14","20210716","20210709","(일정변경)청약자격","1","0","1","1","청약자격확인","청약자격확인","1","Y"
"2021","156","경기 용인시","20210518","20210712","14","20210716","20210709","(일정변경)군인특별","1","0","1","1","주택형","59C","1","Y"
"2021","155","경기 화성시","20210511","20210517","14","20210521","20210514","청약자격확인 봉담 ","1","0","1","1","청약자격확인","청약자격확인","22","Y"
"2021","154","경기 화성시","20210511","20210517","14","20210521","20210514","군인특별공급 봉담 ","1","0","1","1","A-3","84A","10","Y"
"2021","154","경기 화성시","20210511","20210517","14","20210521","20210514","군인특별공급 봉담 ","1","0","1","1","A-3","84C","1","Y"
"2021","154","경기 화성시","20210511","20210517","14","20210521","20210514","군인특별공급 봉담 ","1","0","1","1","A-3","84F","2","Y"
"2021","154","경기 화성시","20210511","20210517","14","20210521","20210514","군인특별공급 봉담 ","1","0","1","1","A-3","84E","2","Y"
"2021","154","경기 화성시","20210511","20210517","14","20210521","20210514","군인특별공급 봉담 ","1","0","1","1","A-3","84D1","1","Y"
"2021","153","강원 춘천시","20210511","20210614","14","20210618","20210611","(일정변경)군인특별","1","0","1","1","주택형","59C","1","Y"
"2021","153","강원 춘천시","20210511","20210614","14","20210618","20210611","(일정변경)군인특별","1","0","1","1","주택형","84B","1","Y"
"2021","153","강원 춘천시","20210511","20210614","14","20210618","20210611","(일정변경)군인특별","1","0","1","1","주택형","84A","1","Y"
"2021","152","충남 서산시","20210511","20210531","14","20210604","20210526","군인특별공급 e편한","1","0","1","1","주택형","84A","2","Y"
"2021","152","충남 서산시","20210511","20210531","14","20210604","20210526","군인특별공급 e편한","1","0","1","1","주택형","84D","1","Y"
"2021","152","충남 서산시","20210511","20210531","14","20210604","20210526","군인특별공급 e편한","1","0","1","1","주택형","84C","1","Y"
"2021","152","충남 서산시","20210511","20210531","14","20210604","20210526","군인특별공급 e편한","1","0","1","1","주택형","84B","3","Y"
"2021","151","경기 평택시","20210511","20210517","14","20210521","20210514","청약자격확인 더샵 ","1","0","1","1","청약자격확인","청약자격확인","2","Y"
"2021","150","경기 화성시","20210511","20210517","14","20210521","20210514","군인특별공급 동탄역","1","0","1","1","C-2","52A","1","Y"
"2021","150","경기 화성시","20210511","20210517","14","20210521","20210514","군인특별공급 동탄역","1","0","1","1","C-2","58B","1","Y"
"2021","150","경기 화성시","20210511","20210517","14","20210521","20210514","군인특별공급 동탄역","1","0","1","1","C-2","58A","1","Y"
"2021","196","울산 남구","20210608","20210705","14","20210709","20210630","(일정변경)군인특별","1","0","1","1","주택형","70A","1","Y"
"2021","195","대전 중구","20210608","20210621","14","20210625","20210617","군인특별공급 목동 ","1","0","1","1","주택형","62B","1","Y"
"2021","195","대전 중구","20210608","20210621","14","20210625","20210617","군인특별공급 목동 ","1","0","1","1","주택형","84B","1","Y"
"2021","195","대전 중구","20210608","20210621","14","20210625","20210617","군인특별공급 목동 ","1","0","1","1","주택형","77","1","Y"
"2021","194","대구 동구","20210608","20210621","14","20210625","20210617","군인특별공급 용계역","1","0","1","1","A2","59B","1","Y"
"2021","194","대구 동구","20210608","20210621","14","20210625","20210617","군인특별공급 용계역","1","0","1","1","A2","84C","2","Y"
"2021","194","대구 동구","20210608","20210621","14","20210625","20210617","군인특별공급 용계역","1","0","1","1","A2","84B","3","Y"
"2021","194","대구 동구","20210608","20210621","14","20210625","20210617","군인특별공급 용계역","1","0","1","1","A2","84A","6","Y"
"2021","193","대구 동구","20210608","20210621","14","20210625","20210617","군인특별공급 용계역","1","0","1","1","A1","59A","1","Y"
"2021","193","대구 동구","20210608","20210621","14","20210625","20210617","군인특별공급 용계역","1","0","1","1","A1","59B","1","Y"
"2021","193","대구 동구","20210608","20210621","14","20210625","20210617","군인특별공급 용계역","1","0","1","1","A1","84D","2","Y"
"2021","193","대구 동구","20210608","20210621","14","20210625","20210617","군인특별공급 용계역","1","0","1","1","A1","84A","6","Y"
"2021","193","대구 동구","20210608","20210621","14","20210625","20210617","군인특별공급 용계역","1","0","1","1","A1","84B","4","Y"
"2021","193","대구 동구","20210608","20210621","14","20210625","20210617","군인특별공급 용계역","1","0","1","1","A1","74A","2","Y"
"2021","192","대전 동구","20210608","20210621","14","20210625","20210617","군인특별공급 대전역","1","0","1","1","1차","84A","1","Y"
"2021","192","대전 동구","20210608","20210621","14","20210625","20210617","군인특별공급 대전역","1","0","1","1","2차","84B","1","Y"
"2021","192","대전 동구","20210608","20210621","14","20210625","20210617","군인특별공급 대전역","1","0","1","1","2차","84A","1","Y"
"2021","192","대전 동구","20210608","20210621","14","20210625","20210617","군인특별공급 대전역","1","0","1","1","1차","84B","1","Y"
"2021","191","경기 오산시","20210608","20210614","14","20210618","20210611","청약자격확인 더샵 ","1","0","1","1","청약자격확인","청약자격확인","27","Y"
"2021","190","경기 오산시","20210608","20210614","14","20210618","20210611","군인특별공급 더샵 ","1","0","1","1","주택형","59A","4","Y"
"2021","190","경기 오산시","20210608","20210614","14","20210618","20210611","군인특별공급 더샵 ","1","0","1","1","주택형","84","4","Y"
"2021","190","경기 오산시","20210608","20210614","14","20210618","20210611","군인특별공급 더샵 ","1","0","1","1","주택형","75B","2","Y"
"2021","190","경기 오산시","20210608","20210614","14","20210618","20210611","군인특별공급 더샵 ","1","0","1","1","주택형","75A","2","Y"
"2021","189","경기 의정부시","20210608","20210614","14","20210618","20210611","청약자격확인 의정부","1","0","1","1","청약자격확인","청약자격확인","2","Y"
"2021","188","전북 익산시","20210601","20210614","14","20210618","20210611","(일정변경)군인특별","1","0","1","1","주택형","84","1","Y"
"2021","187","대구 북구","20210601","20210607","14","20210611","20210604","군인특별공급 북구청","1","0","1","1","주택형","78A","1","Y"
"2021","187","대구 북구","20210601","20210607","14","20210611","20210604","군인특별공급 북구청","1","0","1","1","주택형","84B","2","Y"
"2021","187","대구 북구","20210601","20210607","14","20210611","20210604","군인특별공급 북구청","1","0","1","1","주택형","84A","8","Y"
"2021","187","대구 북구","20210601","20210607","14","20210611","20210604","군인특별공급 북구청","1","0","1","1","주택형","78B","1","Y"
"2021","186","강원 속초시","20210601","20210607","14","20210611","20210604","군인특별공급 속초 ","1","0","1","1","주택형","73C","1","Y"
"2021","186","강원 속초시","20210601","20210607","14","20210611","20210604","군인특별공급 속초 ","1","0","1","1","주택형","76B","1","Y"
"2021","186","강원 속초시","20210601","20210607","14","20210611","20210604","군인특별공급 속초 ","1","0","1","1","주택형","84B","1","Y"
"2021","186","강원 속초시","20210601","20210607","14","20210611","20210604","군인특별공급 속초 ","1","0","1","1","주택형","83C","1","Y"
"2021","186","강원 속초시","20210601","20210607","14","20210611","20210604","군인특별공급 속초 ","1","0","1","1","주택형","83A","1","Y"
"2021","185","전북 익산시","20210601","20210607","14","20210611","20210604","군인특별공급 익산 ","1","0","1","1","A1","59A","3","Y"
"2021","185","전북 익산시","20210601","20210607","14","20210611","20210604","군인특별공급 익산 ","1","0","1","1","A1","59B","1","Y"
"2021","185","전북 익산시","20210601","20210607","14","20210611","20210604","군인특별공급 익산 ","1","0","1","1","A1","84B","2","Y"
"2021","185","전북 익산시","20210601","20210607","14","20210611","20210604","군인특별공급 익산 ","1","0","1","1","A1","84A","5","Y"
"2021","185","전북 익산시","20210601","20210607","14","20210611","20210604","군인특별공급 익산 ","1","0","1","1","A1","78","1","Y"
"2021","184","경기 화성시","20210601","20210609","14","20210611","20210607","청약자격확인 봉담 ","1","0","1","1","청약자격확인","청약자격확인","51","Y"
"2021","183","경기 화성시","20210601","20210609","14","20210611","20210607","군인특별공급 봉담 ","1","0","1","1","A-1","59D","1","Y"
"2021","183","경기 화성시","20210601","20210609","14","20210611","20210607","군인특별공급 봉담 ","1","0","1","1","A-1","59C1","1","Y"
"2021","183","경기 화성시","20210601","20210609","14","20210611","20210607","군인특별공급 봉담 ","1","0","1","1","A-1","72B","2","Y"
"2021","183","경기 화성시","20210601","20210609","14","20210611","20210607","군인특별공급 봉담 ","1","0","1","1","A-1","72C","3","Y"
"2021","183","경기 화성시","20210601","20210609","14","20210611","20210607","군인특별공급 봉담 ","1","0","1","1","A-1","72C1","3","Y"
"2021","183","경기 화성시","20210601","20210609","14","20210611","20210607","군인특별공급 봉담 ","1","0","1","1","A-1","72C2","1","Y"
"2021","183","경기 화성시","20210601","20210609","14","20210611","20210607","군인특별공급 봉담 ","1","0","1","1","A-1","72D","2","Y"
"2021","183","경기 화성시","20210601","20210609","14","20210611","20210607","군인특별공급 봉담 ","1","0","1","1","A-1","84A","5","Y"
"2021","183","경기 화성시","20210601","20210609","14","20210611","20210607","군인특별공급 봉담 ","1","0","1","1","A-1","84B","3","Y"
"2021","183","경기 화성시","20210601","20210609","14","20210611","20210607","군인특별공급 봉담 ","1","0","1","1","A-1","84C","1","Y"
"2021","183","경기 화성시","20210601","20210609","14","20210611","20210607","군인특별공급 봉담 ","1","0","1","1","A-1","59A","4","Y"
"2021","183","경기 화성시","20210601","20210609","14","20210611","20210607","군인특별공급 봉담 ","1","0","1","1","A-1","59A1","2","Y"
"2021","183","경기 화성시","20210601","20210609","14","20210611","20210607","군인특별공급 봉담 ","1","0","1","1","A-1","59B","1","Y"
"2021","183","경기 화성시","20210601","20210609","14","20210611","20210607","군인특별공급 봉담 ","1","0","1","1","A-1","59C","2","Y"
"2021","183","경기 화성시","20210601","20210609","14","20210611","20210607","군인특별공급 봉담 ","1","0","1","1","A-1","72A","2","Y"
"2021","182","충남 아산시","20210601","20210609","14","20210611","20210608","군인특별공급 해링턴","1","0","1","1","주택형","59B","1","Y"
"2021","182","충남 아산시","20210601","20210609","14","20210611","20210608","군인특별공급 해링턴","1","0","1","1","주택형","71A","2","Y"
"2021","182","충남 아산시","20210601","20210609","14","20210611","20210608","군인특별공급 해링턴","1","0","1","1","주택형","84B","1","Y"
"2021","182","충남 아산시","20210601","20210609","14","20210611","20210608","군인특별공급 해링턴","1","0","1","1","주택형","84A","3","Y"
"2021","182","충남 아산시","20210601","20210609","14","20210611","20210608","군인특별공급 해링턴","1","0","1","1","주택형","71B","1","Y"
"2021","181","울산 울주군","20210601","20210705","14","20210709","20210702","(일정변경)군인특별","1","0","1","1","주택형","68","2","Y"
"2021","180","경남 거제시","20210526","20210531","14","20210604","20210527","(긴급공지)군인특별","1","0","1","1","주택형","84D","4","Y"
"2021","180","경남 거제시","20210526","20210531","14","20210604","20210527","(긴급공지)군인특별","1","0","1","1","주택형","74A","5","Y"
"2021","180","경남 거제시","20210526","20210531","14","20210604","20210527","(긴급공지)군인특별","1","0","1","1","주택형","84C","3","Y"
"2021","180","경남 거제시","20210526","20210531","14","20210604","20210527","(긴급공지)군인특별","1","0","1","1","주택형","84A","7","Y"
"2021","180","경남 거제시","20210526","20210531","14","20210604","20210527","(긴급공지)군인특별","1","0","1","1","주택형","84B","8","Y"
"2021","180","경남 거제시","20210526","20210531","14","20210604","20210527","(긴급공지)군인특별","1","0","1","1","주택형","74B","1","Y"
"2021","179","인천 중구","20210525","20210531","14","20210604","20210527","청약자격확인 영종국","1","1","0","0","청약자격확인","청약자격확인","27","Y"
"2021","178","경기 양주시","20210525","20210607","14","20210611","20210531","청약자격확인 양주회","1","1","0","0","청약자격확인","청약자격확인","29","Y"
"2021","177","경기 양주시","20210525","20210607","14","20210611","20210531","청약자격확인 양주회","1","1","0","0","청약자격확인","청약자격확인","39","Y"
"2021","226","경기 안성시","20210629","20210705","14","20210709","20210702","청약자격확인 안성아","1","1","0","0","청약자격확인","청약자격확인","19","Y"
"2021","225","경기 안성시","20210629","20210705","14","20210709","20210702","군인특별공급 안성아","1","1","0","0","B-1","84A","1","Y"
"2021","224","경기 양주시","20210622","20210705","14","20210709","20210701","청약자격확인 양주 ","1","0","1","1","청약자격확인","청약자격확인","3","Y"
"2021","223","경기 양주시","20210622","20210705","14","20210709","20210701","군인특별공급 양주 ","1","0","1","1","2","84A","1","Y"
"2021","222","대구 중구","20210622","20210712","14","20210716","20210709","(일정변경)군인특별","1","0","1","1","주택형","84B","1","Y"
"2021","222","대구 중구","20210622","20210712","14","20210716","20210709","(일정변경)군인특별","1","0","1","1","주택형","84A","1","Y"
"2021","222","대구 중구","20210622","20210712","14","20210716","20210709","(일정변경)군인특별","1","0","1","1","주택형","84C","1","Y"
"2021","221","경남 거창군","20210622","20210628","14","20210702","20210625","군인특별공급 거창 ","1","0","1","1","주택형","84C","1","Y"
"2021","220","경기 파주시","20210622","20210628","14","20210702","20210625","청약자격확인 파주 ","1","0","1","1","청약자격확인","청약자격확인","20","Y"
"2021","219","경기 파주시","20210622","20210628","14","20210702","20210625","군인특별공급 파주 ","1","0","1","1","A10","59A","1","Y"
"2021","219","경기 파주시","20210622","20210628","14","20210702","20210625","군인특별공급 파주 ","1","0","1","1","A10","84B","1","Y"
"2021","219","경기 파주시","20210622","20210628","14","20210702","20210625","군인특별공급 파주 ","1","0","1","1","A10","84A","1","Y"
"2021","218","경기 동두천시","20210622","20210628","14","20210702","20210625","청약자격확인 지행역","1","0","1","1","청약자격확인","청약자격확인","9","Y"
"2021","217","경기 동두천시","20210622","20210628","14","20210702","20210625","군인특별공급 지행역","1","0","1","1","주택형","84B","1","Y"
"2021","217","경기 동두천시","20210622","20210628","14","20210702","20210625","군인특별공급 지행역","1","0","1","1","주택형","84A","5","Y"
"2021","216","대구 수성구","20210622","20210705","14","20210709","20210702","(일정변경)군인특별","1","0","1","1","주택형","50","1","Y"
"2021","216","대구 수성구","20210622","20210705","14","20210709","20210702","(일정변경)군인특별","1","0","1","1","주택형","84B","2","Y"
"2021","216","대구 수성구","20210622","20210705","14","20210709","20210702","(일정변경)군인특별","1","0","1","1","주택형","84A","2","Y"
"2021","215","대구 북구","20210622","20210705","14","20210709","20210630","군인특별공급 태왕 ","1","0","1","1","주택형","84B","3","Y"
"2021","215","대구 북구","20210622","20210705","14","20210709","20210630","군인특별공급 태왕 ","1","0","1","1","주택형","84A","5","Y"
"2021","214","강원 강릉시","20210622","20210628","14","20210702","20210625","군인특별공급 강릉 ","1","0","1","1","주택형","71","3","Y"
"2021","214","강원 강릉시","20210622","20210628","14","20210702","20210625","군인특별공급 강릉 ","1","0","1","1","주택형","84","1","Y"
"2021","214","강원 강릉시","20210622","20210628","14","20210702","20210625","군인특별공급 강릉 ","1","0","1","1","주택형","72","1","Y"
"2021","213","경북 포항시","20210622","20210628","14","20210702","20210625","군인특별공급 힐스테","1","0","1","1","주택형","59A","3","Y"
"2021","213","경북 포항시","20210622","20210628","14","20210702","20210625","군인특별공급 힐스테","1","0","1","1","주택형","59B","2","Y"
"2021","213","경북 포항시","20210622","20210628","14","20210702","20210625","군인특별공급 힐스테","1","0","1","1","주택형","74A","6","Y"
"2021","213","경북 포항시","20210622","20210628","14","20210702","20210625","군인특별공급 힐스테","1","0","1","1","주택형","84B","8","Y"
"2021","213","경북 포항시","20210622","20210628","14","20210702","20210625","군인특별공급 힐스테","1","0","1","1","주택형","74C","2","Y"
"2021","213","경북 포항시","20210622","20210628","14","20210702","20210625","군인특별공급 힐스테","1","0","1","1","주택형","76","2","Y"
"2021","213","경북 포항시","20210622","20210628","14","20210702","20210625","군인특별공급 힐스테","1","0","1","1","주택형","84A","12","Y"
"2021","213","경북 포항시","20210622","20210628","14","20210702","20210625","군인특별공급 힐스테","1","0","1","1","주택형","74B","2","Y"
"2021","212","경기 파주시","20210622","20210628","14","20210702","20210625","청약자격확인 파주 ","1","0","1","1","청약자격확인","청약자격확인","22","Y"
"2021","211","경기 파주시","20210622","20210628","14","20210702","20210625","청약자격확인 파주 ","1","0","1","1","청약자격확인","청약자격확인","13","Y"
"2021","210","경기 파주시","20210622","20210628","14","20210702","20210625","군인특별공급 파주 ","1","0","1","1","A11","59A","2","Y"
"2021","210","경기 파주시","20210622","20210628","14","20210702","20210625","군인특별공급 파주 ","1","0","1","1","A11","84B","1","Y"
"2021","210","경기 파주시","20210622","20210628","14","20210702","20210625","군인특별공급 파주 ","1","0","1","1","A11","84A","4","Y"
"2021","209","경기 파주시","20210622","20210628","14","20210702","20210625","군인특별공급 파주 ","1","0","1","1","A9","84B","1","Y"
"2021","209","경기 파주시","20210622","20210628","14","20210702","20210625","군인특별공급 파주 ","1","0","1","1","A9","84A","4","Y"
"2021","209","경기 파주시","20210622","20210628","14","20210702","20210625","군인특별공급 파주 ","1","0","1","1","A9","59A","3","Y"
"2021","208","부산 북구","20210622","20210628","14","20210702","20210625","군인특별공급 한화 ","1","0","1","1","주택형","74B","1","Y"
"2021","207","부산 부산진구","20210622","20210702","14","20210709","20210630","군인특별공급 초읍 ","1","0","1","1","주택형","59A","5","Y"
"2021","207","부산 부산진구","20210622","20210702","14","20210709","20210630","군인특별공급 초읍 ","1","0","1","1","주택형","59B","3","Y"
"2021","207","부산 부산진구","20210622","20210702","14","20210709","20210630","군인특별공급 초읍 ","1","0","1","1","주택형","84A","1","Y"
"2021","206","경기 안양시","20210622","20210628","14","20210702","20210624","군인특별공급 평촌트","1","0","1","1","주택형","74","1","Y"
"2021","206","경기 안양시","20210622","20210628","14","20210702","20210624","군인특별공급 평촌트","1","0","1","1","주택형","59B","1","Y"
"2021","206","경기 안양시","20210622","20210628","14","20210702","20210624","군인특별공급 평촌트","1","0","1","1","주택형","59A","2","Y"
"2021","205","인천 서구","20210617","20210621","14","20210625","20210616","(긴급공지)군인특별","1","0","1","1","17","84A","1","Y"
"2021","204","충북 충주시","20210615","20210628","14","20210630","20210622","군인특별공급 한화 ","1","0","1","1","주택형","84B","1","Y"
"2021","204","충북 충주시","20210615","20210628","14","20210630","20210622","군인특별공급 한화 ","1","0","1","1","주택형","84C","1","Y"
"2021","204","충북 충주시","20210615","20210628","14","20210630","20210622","군인특별공급 한화 ","1","0","1","1","주택형","84A","5","Y"
"2021","204","충북 충주시","20210615","20210628","14","20210630","20210622","군인특별공급 한화 ","1","0","1","1","주택형","77","3","Y"
"2021","203","경기 평택시","20210615","20210623","17","20210625","20210623","청약자격확인 평택고","1","1","0","0","청약자격확인","청약자격확인","47","Y"
"2021","202","경기 평택시","20210615","20210623","17","20210625","20210623","군인특별공급 평택고","1","1","0","0","A-54","59A","3","Y"
"2021","201","경기 평택시","20210615","20210726","14","20210730","20210723","(일정변경)청약자격","1","0","1","1","청약자격확인","청약자격확인","31","Y"
"2021","200","경기 평택시","20210615","20210726","14","20210730","20210723","(일정변경)군인특별","1","0","1","1","A3","74B","1","Y"
"2021","200","경기 평택시","20210615","20210726","14","20210730","20210723","(일정변경)군인특별","1","0","1","1","A3","84A","2","Y"
"2021","200","경기 평택시","20210615","20210726","14","20210730","20210723","(일정변경)군인특별","1","0","1","1","A3","84B","2","Y"
"2021","200","경기 평택시","20210615","20210726","14","20210730","20210723","(일정변경)군인특별","1","0","1","1","A3","59B","1","Y"
"2021","200","경기 평택시","20210615","20210726","14","20210730","20210723","(일정변경)군인특별","1","0","1","1","A3","59A","1","Y"
"2021","200","경기 평택시","20210615","20210726","14","20210730","20210723","(일정변경)군인특별","1","0","1","1","A3","74A","1","Y"
"2021","199","충북 충주시","20210615","20210628","14","20210702","20210624","군인특별공급 서충주","1","0","1","1","주택형","84B","1","Y"
"2021","199","충북 충주시","20210615","20210628","14","20210702","20210624","군인특별공급 서충주","1","0","1","1","주택형","84A","4","Y"
"2021","198","경남 창원시","20210615","20210705","14","20210709","20210702","(일정변경)군인특별","1","0","1","1","주택형","59","1","Y"
"2021","198","경남 창원시","20210615","20210705","14","20210709","20210702","(일정변경)군인특별","1","0","1","1","주택형","84B","4","Y"
"2021","198","경남 창원시","20210615","20210705","14","20210709","20210702","(일정변경)군인특별","1","0","1","1","주택형","84A","7","Y"
"2021","198","경남 창원시","20210615","20210705","14","20210709","20210702","(일정변경)군인특별","1","0","1","1","주택형","74","2","Y"
"2021","197","충북 충주시","20210615","20210628","14","20210625","20210618","군인특별공급 충주 ","1","0","1","1","주택형","84A","4","Y"
"2021","197","충북 충주시","20210615","20210628","14","20210625","20210618","군인특별공급 충주 ","1","0","1","1","주택형","59A","4","Y"
"2021","196","울산 남구","20210608","20210705","14","20210709","20210630","(일정변경)군인특별","1","0","1","1","주택형","59","1","Y"
"2021","196","울산 남구","20210608","20210705","14","20210709","20210630","(일정변경)군인특별","1","0","1","1","주택형","84A","1","Y"
"2021","251","충남 천안시","20210713","20210726","14","20210731","20210722","군인특별공급 한화 ","1","0","1","1","주택형","84A","3","Y"
"2021","250","세종 산울동","20210713","20210719","14","20210723","20210716","군인특별공급 세종자","1","0","1","1","L1","84A","1","Y"
"2021","249","강원 강릉시","20210713","20210726","14","20210730","20210723","(일정변경)군인특별","1","0","1","1","주택형","84A","10","Y"
"2021","249","강원 강릉시","20210713","20210726","14","20210730","20210723","(일정변경)군인특별","1","0","1","1","주택형","84C","5","Y"
"2021","249","강원 강릉시","20210713","20210726","14","20210730","20210723","(일정변경)군인특별","1","0","1","1","주택형","84B","5","Y"
"2021","248","인천 계양구","20210716","20210726","14","20210730","20210721","청약자격확인 힐스테","1","0","1","1","청약자격확인","청약자격확인","24","Y"
"2021","247","인천 계양구","20210716","20210726","14","20210730","20210721","군인특별공급 힐스테","1","0","1","1","주택형","53A","3","Y"
"2021","247","인천 계양구","20210716","20210726","14","20210730","20210721","군인특별공급 힐스테","1","0","1","1","주택형","53B","2","Y"
"2021","247","인천 계양구","20210716","20210726","14","20210730","20210721","군인특별공급 힐스테","1","0","1","1","주택형","53C","1","Y"
"2021","247","인천 계양구","20210716","20210726","14","20210730","20210721","군인특별공급 힐스테","1","0","1","1","주택형","84C","4","Y"
"2021","247","인천 계양구","20210716","20210726","14","20210730","20210721","군인특별공급 힐스테","1","0","1","1","주택형","84A","4","Y"
"2021","247","인천 계양구","20210716","20210726","14","20210730","20210721","군인특별공급 힐스테","1","0","1","1","주택형","84B","1","Y"
"2021","247","인천 계양구","20210716","20210726","14","20210730","20210721","군인특별공급 힐스테","1","0","1","1","주택형","59A","1","Y"
"2021","246","전북 익산시","20210713","20210719","17","20210723","20210716","군인특별공급 힐스테","1","0","1","1","주택형","84B","1","Y"
"2021","246","전북 익산시","20210713","20210719","17","20210723","20210716","군인특별공급 힐스테","1","0","1","1","주택형","84A","3","Y"
"2021","246","전북 익산시","20210713","20210719","17","20210723","20210716","군인특별공급 힐스테","1","0","1","1","주택형","84D","2","Y"
"2021","245","경남 양산시","20210713","20210719","14","20210723","20210716","군인특별공급 사송 ","1","0","1","1","B-9","84C","1","Y"
"2021","245","경남 양산시","20210713","20210719","14","20210723","20210716","군인특별공급 사송 ","1","0","1","1","B-9","84A","1","Y"
"2021","244","충남 홍성군","20210713","20210719","14","20210723","20210716","군인특별공급 내포신","1","0","1","1","RH5-2","84B","3","Y"
"2021","244","충남 홍성군","20210713","20210719","14","20210723","20210716","군인특별공급 내포신","1","0","1","1","RH5-2","84A","9","Y"
"2021","243","경기 성남시","20210706","20210719","14","20210723","20210715","군인특별공급 성남 ","1","1","0","0","A-1","59","1","Y"
"2021","242","인천 계양구","20210706","20210719","14","20210723","20210715","청약자격확인 인천계","1","1","0","0","A2","청약자격확인","21","Y"
"2021","241","인천 계양구","20210706","20210719","14","20210723","20210715","군인특별공급 인천계","1","1","0","0","A2","74","1","Y"
"2021","241","인천 계양구","20210706","20210719","14","20210723","20210715","군인특별공급 인천계","1","1","0","0","A2","59","1","Y"
"2021","240","경기 남양주시","20210706","20210719","14","20210723","20210715","청약자격확인 남양주","1","1","0","0","A-1","청약자격확인","25","Y"
"2021","240","경기 남양주시","20210706","20210719","14","20210723","20210715","청약자격확인 남양주","1","1","0","0","B-1","청약자격확인","6","Y"
"2021","240","경기 남양주시","20210706","20210719","14","20210723","20210715","청약자격확인 남양주","1","1","0","0","A-4","청약자격확인","7","Y"
"2021","240","경기 남양주시","20210706","20210719","14","20210723","20210715","청약자격확인 남양주","1","1","0","0","A-3","청약자격확인","5","Y"
"2021","239","경기 남양주시","20210706","20210719","14","20210723","20210715","군인특별공급 남양주","1","1","0","0","A-1","51","1","Y"
"2021","239","경기 남양주시","20210706","20210719","14","20210723","20210715","군인특별공급 남양주","1","1","0","0","A-1","59","1","Y"
"2021","238","경기 의정부시","20210706","20210726","14","20210728","20210720","청약자격확인 이안 ","1","0","1","1","청약자격확인","청약자격확인","5","Y"
"2021","237","경기 의정부시","20210706","20210726","14","20210728","20210720","군인특별공급 이안 ","1","0","1","1","주택형","69","2","Y"
"2021","237","경기 의정부시","20210706","20210726","14","20210728","20210720","군인특별공급 이안 ","1","0","1","1","주택형","67","2","Y"
"2021","236","충남 아산시","20210706","20210809","14","20210813","20210806","(일정변경)군인특별","1","0","1","1","C2","54","2","Y"
"2021","236","충남 아산시","20210706","20210809","14","20210813","20210806","(일정변경)군인특별","1","0","1","1","C2","65A","2","Y"
"2021","236","충남 아산시","20210706","20210809","14","20210813","20210806","(일정변경)군인특별","1","0","1","1","C2","84B","1","Y"
"2021","236","충남 아산시","20210706","20210809","14","20210813","20210806","(일정변경)군인특별","1","0","1","1","C2","75","1","Y"
"2021","236","충남 아산시","20210706","20210809","14","20210813","20210806","(일정변경)군인특별","1","0","1","1","C2","84A","2","Y"
"2021","236","충남 아산시","20210706","20210809","14","20210813","20210806","(일정변경)군인특별","1","0","1","1","C2","65B","1","Y"
"2021","235","광주 북구","20210706","20210719","14","20210723","20210716","군인특별공급 모아미","1","0","1","1","주택형","66","1","Y"
"2021","234","경북 구미","20210629","20210719","14","20210721","20210713","군인특별공급 구미송","1","0","1","1","주택형","59A","1","Y"
"2021","234","경북 구미","20210629","20210719","14","20210721","20210713","군인특별공급 구미송","1","0","1","1","주택형","84","7","Y"
"2021","234","경북 구미","20210629","20210719","14","20210721","20210713","군인특별공급 구미송","1","0","1","1","주택형","59B","2","Y"
"2021","233","대구 남구","20210629","20210712","14","20210716","20210708","(일정변경)군인특별","1","0","1","1","주택형","59A","1","Y"
"2021","233","대구 남구","20210629","20210712","14","20210716","20210708","(일정변경)군인특별","1","0","1","1","주택형","84B","5","Y"
"2021","233","대구 남구","20210629","20210712","14","20210716","20210708","(일정변경)군인특별","1","0","1","1","주택형","84A","3","Y"
"2021","233","대구 남구","20210629","20210712","14","20210716","20210708","(일정변경)군인특별","1","0","1","1","주택형","59B","1","Y"
"2021","232","일정미정","20210629","20210712","14","20210716","20210708","추후재진행","1","0","1","1","C6","60A","1","Y"
"2021","231","충북 청주시","20210629","20210712","14","20210716","20210708","군인특별공급 오창 ","1","0","1","1","주택형","59","2","Y"
"2021","231","충북 청주시","20210629","20210712","14","20210716","20210708","군인특별공급 오창 ","1","0","1","1","주택형","84C","1","Y"
"2021","231","충북 청주시","20210629","20210712","14","20210716","20210708","군인특별공급 오창 ","1","0","1","1","주택형","84A","1","Y"
"2021","230","일정미정","20210629","20210719","14","20210723","20210716","추후재진행","1","0","1","1","주택형","84A","7","Y"
"2021","230","일정미정","20210629","20210719","14","20210723","20210716","추후재진행","1","0","1","1","주택형","84D","1","Y"
"2021","230","일정미정","20210629","20210719","14","20210723","20210716","추후재진행","1","0","1","1","주택형","84C","1","Y"
"2021","229","충남 당진시","20210629","20210712","14","20210716","20210708","군인특별공급 당진 ","1","0","1","1","44B-1L","59","1","Y"
"2021","229","충남 당진시","20210629","20210712","14","20210716","20210708","군인특별공급 당진 ","1","0","1","1","44B-1L","84B","4","Y"
"2021","229","충남 당진시","20210629","20210712","14","20210716","20210708","군인특별공급 당진 ","1","0","1","1","44B-1L","84A","12","Y"
"2021","229","충남 당진시","20210629","20210712","14","20210716","20210708","군인특별공급 당진 ","1","0","1","1","44B-1L","74A","3","Y"
"2021","228","대구 중구","20210629","20210712","14","20210716","20210708","취소됨, 추후재진행","1","0","1","1","주택형","84A","5","Y"
"2021","228","대구 중구","20210629","20210712","14","20210716","20210708","취소됨, 추후재진행","1","0","1","1","주택형","84D","3","Y"
"2021","228","대구 중구","20210629","20210712","14","20210716","20210708","취소됨, 추후재진행","1","0","1","1","주택형","84E","1","Y"
"2021","228","대구 중구","20210629","20210712","14","20210716","20210708","취소됨, 추후재진행","1","0","1","1","주택형","84F","2","Y"
"2021","228","대구 중구","20210629","20210712","14","20210716","20210708","취소됨, 추후재진행","1","0","1","1","주택형","84I","2","Y"
"2021","228","대구 중구","20210629","20210712","14","20210716","20210708","취소됨, 추후재진행","1","0","1","1","주택형","84B","1","Y"
"2021","228","대구 중구","20210629","20210712","14","20210716","20210708","취소됨, 추후재진행","1","0","1","1","주택형","84H","1","Y"
"2021","228","대구 중구","20210629","20210712","14","20210716","20210708","취소됨, 추후재진행","1","0","1","1","주택형","84C","1","Y"
"2021","228","대구 중구","20210629","20210712","14","20210716","20210708","취소됨, 추후재진행","1","0","1","1","주택형","84G","1","Y"
"2021","227","서울 강동구","20210629","20210726","14","20210730","20210722","취소됨, 추후재진행","1","0","1","1","10","84A","1","Y"
"2021","227","서울 강동구","20210629","20210726","14","20210730","20210722","취소됨, 추후재진행","1","0","1","1","10","84E","1","Y"
"2021","227","서울 강동구","20210629","20210726","14","20210730","20210722","취소됨, 추후재진행","1","0","1","1","10","84D","1","Y"
"2021","279","경기 화성시","20210810","20210817","10","20210820","20210813","군인특별공급 힐스테","1","0","1","1","A-2","72E","1","Y"
"2021","279","경기 화성시","20210810","20210817","10","20210820","20210813","군인특별공급 힐스테","1","0","1","1","A-2","84","2","N"
"2021","279","경기 화성시","20210810","20210817","10","20210820","20210813","군인특별공급 힐스테","1","0","1","1","A-2","84A","2","Y"
"2021","279","경기 화성시","20210810","20210817","10","20210820","20210813","군인특별공급 힐스테","1","0","1","1","A-2","84B","2","Y"
"2021","279","경기 화성시","20210810","20210817","10","20210820","20210813","군인특별공급 힐스테","1","0","1","1","A-2","84C","1","Y"
"2021","279","경기 화성시","20210810","20210817","10","20210820","20210813","군인특별공급 힐스테","1","0","1","1","A-2","84D","3","Y"
"2021","279","경기 화성시","20210810","20210817","10","20210820","20210813","군인특별공급 힐스테","1","0","1","1","A-2","84C-1","2","Y"
"2021","278","경기 과천시","20210810","20210817","10","20210820","20210813","군인특별공급 과천 ","1","1","0","0","S8","84B","1","Y"
"2021","277","충남 천안시","20210810","20210831","14","20210903","20210827","(긴급공지)군인특별","1","0","1","1","주택형","65A","2","Y"
"2021","277","충남 천안시","20210810","20210831","14","20210903","20210827","(긴급공지)군인특별","1","0","1","1","주택형","75B","1","Y"
"2021","277","충남 천안시","20210810","20210831","14","20210903","20210827","(긴급공지)군인특별","1","0","1","1","주택형","65D","1","Y"
"2021","277","충남 천안시","20210810","20210831","14","20210903","20210827","(긴급공지)군인특별","1","0","1","1","주택형","65C","1","Y"
"2021","276","일정미정","20210810","20210817","10","20210820","20210812","추후재진행","1","0","1","1","주택형","59","1","Y"
"2021","276","일정미정","20210810","20210817","10","20210820","20210812","추후재진행","1","0","1","1","주택형","84C","2","Y"
"2021","276","일정미정","20210810","20210817","10","20210820","20210812","추후재진행","1","0","1","1","주택형","84B","1","Y"
"2021","276","일정미정","20210810","20210817","10","20210820","20210812","추후재진행","1","0","1","1","주택형","84A","1","Y"
"2021","275","경남 양산시","20210810","20210817","10","20210820","20210812","군인특별공급 양산 ","1","0","1","1","주택형","59B","1","Y"
"2021","275","경남 양산시","20210810","20210817","10","20210820","20210812","군인특별공급 양산 ","1","0","1","1","주택형","59A","4","Y"
"2021","274","인천 계양구","20210809","20210817","10","20210820","20210811","청약자격확인 계양 ","1","0","1","1","청약자격확인","청약자격확인","3","Y"
"2021","273","인천 계양구","20210809","20210817","10","20210820","20210811","군인특별공급 계양 ","1","0","1","1","주택형","84B-4","1","Y"
"2021","273","인천 계양구","20210809","20210817","10","20210820","20210811","군인특별공급 계양 ","1","0","1","1","주택형","84B-2","1","Y"
"2021","272","전북 익산시","20210803","20210923","10","20210924","20210917","일정미정 추후재진행","1","0","1","1","주택형","84","4","Y"
"2021","271","충남 아산시","20210803","20210809","14","20210813","20210806","군인특별공급 모종 ","1","0","1","1","주택형","59A","1","Y"
"2021","271","충남 아산시","20210803","20210809","14","20210813","20210806","군인특별공급 모종 ","1","0","1","1","주택형","67","1","Y"
"2021","271","충남 아산시","20210803","20210809","14","20210813","20210806","군인특별공급 모종 ","1","0","1","1","주택형","59B","1","Y"
"2021","270","충남 아산시","20210803","20210816","17","20210820","20210810","(일정변경)군인특별","1","0","1","1","AB5","68","3","Y"
"2021","270","충남 아산시","20210803","20210816","17","20210820","20210810","(일정변경)군인특별","1","0","1","1","AB5","84B","8","Y"
"2021","270","충남 아산시","20210803","20210816","17","20210820","20210810","(일정변경)군인특별","1","0","1","1","AB5","84A","8","Y"
"2021","269","광주 동구","20210803","20210823","14","20210827","20210818","군인특별공급 무등산","1","0","1","1","주택형","84B","1","Y"
"2021","269","광주 동구","20210803","20210823","14","20210827","20210818","군인특별공급 무등산","1","0","1","1","주택형","84A","5","Y"
"2021","268","광주 서구","20210803","20210809","14","20210813","20210805","군인특별공급 효성해","1","0","1","1","주택형","84A","1","Y"
"2021","268","광주 서구","20210803","20210809","14","20210813","20210805","군인특별공급 효성해","1","0","1","1","주택형","84D","1","Y"
"2021","268","광주 서구","20210803","20210809","14","20210813","20210805","군인특별공급 효성해","1","0","1","1","주택형","84B","1","Y"
"2021","267","경기 수원시","20210803","20210823","14","20210827","20210820","(일정변경)군인특별","1","0","1","1","주택형","68","2","Y"
"2021","266","충남 예산군","20210727","20210802","14","20210806","20210730","군인특별공급 충남 ","1","0","1","1","RH4-1","73","3","Y"
"2021","266","충남 예산군","20210727","20210802","14","20210806","20210730","군인특별공급 충남 ","1","0","1","1","RH4-1","84C","2","Y"
"2021","266","충남 예산군","20210727","20210802","14","20210806","20210730","군인특별공급 충남 ","1","0","1","1","RH4-1","84B","1","Y"
"2021","266","충남 예산군","20210727","20210802","14","20210806","20210730","군인특별공급 충남 ","1","0","1","1","RH4-1","84A","4","Y"
"2021","265","전남 나주시","20210727","20210910","10","20210910","20210910","(일정변경)군인특별","1","0","1","1","주택형","84A","3","Y"
"2021","265","전남 나주시","20210727","20210910","10","20210910","20210910","(일정변경)군인특별","1","0","1","1","주택형","59B","1","Y"
"2021","264","전남 무안군","20210727","20210802","14","20210806","20210730","군인특별공급 남악 ","1","0","1","1","41","84B","1","Y"
"2021","264","전남 무안군","20210727","20210802","14","20210806","20210730","군인특별공급 남악 ","1","0","1","1","41","84A","10","Y"
"2021","263","전남 여수시","20210727","20210809","14","20210813","20210805","군인특별공급 여수 ","1","0","1","1","주택형","84","1","Y"
"2021","262","경남 양산시","20210727","20210809","14","20210813","20210806","(일정변경)군인특별","1","0","1","1","주택형","84","9","Y"
"2021","262","경남 양산시","20210727","20210809","14","20210813","20210806","(일정변경)군인특별","1","0","1","1","주택형","59","2","Y"
"2021","261","경남 양산시","20210727","20210809","14","20210813","20210806","(일정변경)군인특별","1","0","1","1","주택형","65","9","Y"
"2021","261","경남 양산시","20210727","20210809","14","20210813","20210806","(일정변경)군인특별","1","0","1","1","주택형","84","18","Y"
"2021","260","인천 계양구","20210720","20210726","14","20210730","20210723","취소됨, 추후재진행","1","0","1","1","청약자격확인","청약자격확인","5","Y"
"2021","259","인천 계양구","20210720","20210726","14","20210730","20210723","취소됨, 추후재진행","1","0","1","1","주택형","84A","1","Y"
"2021","259","인천 계양구","20210720","20210726","14","20210730","20210723","취소됨, 추후재진행","1","0","1","1","주택형","59A","1","Y"
"2021","258","부산 사하구","20210720","20210726","14","20210730","20210723","군인특별공급 다대리","1","0","1","1","주택형","59A","1","Y"
"2021","258","부산 사하구","20210720","20210726","14","20210730","20210723","군인특별공급 다대리","1","0","1","1","주택형","59B","1","Y"
"2021","258","부산 사하구","20210720","20210726","14","20210730","20210723","군인특별공급 다대리","1","0","1","1","주택형","59C","1","Y"
"2021","257","전북 김제시","20210720","20210809","14","20210813","20210806","(일정변경)군인특별","1","0","1","1","주택형","84B","1","Y"
"2021","257","전북 김제시","20210720","20210809","14","20210813","20210806","(일정변경)군인특별","1","0","1","1","주택형","84A","2","Y"
"2021","256","대구 서구","20210720","20210726","14","20210730","20210723","군인특별공급 서대구","1","0","1","1","주택형","74","2","Y"
"2021","256","대구 서구","20210720","20210726","14","20210730","20210723","군인특별공급 서대구","1","0","1","1","주택형","59B","1","Y"
"2021","256","대구 서구","20210720","20210726","14","20210730","20210723","군인특별공급 서대구","1","0","1","1","주택형","84A","3","Y"
"2021","256","대구 서구","20210720","20210726","14","20210730","20210723","군인특별공급 서대구","1","0","1","1","주택형","84C","4","Y"
"2021","256","대구 서구","20210720","20210726","14","20210730","20210723","군인특별공급 서대구","1","0","1","1","주택형","84B","3","Y"
"2021","255","대구 동구","20210720","20210726","14","20210730","20210723","군인특별공급 신기역","1","0","1","1","주택형","84A","1","Y"
"2021","255","대구 동구","20210720","20210726","14","20210730","20210723","군인특별공급 신기역","1","0","1","1","주택형","84B","1","Y"
"2021","254","경기 포천시","20210720","20210802","14","20210806","20210730","(일정변경)군인특별","1","0","1","1","주택형","61","4","Y"
"2021","254","경기 포천시","20210720","20210802","14","20210806","20210730","(일정변경)군인특별","1","0","1","1","주택형","76A","1","Y"
"2021","254","경기 포천시","20210720","20210802","14","20210806","20210730","(일정변경)군인특별","1","0","1","1","주택형","76B","1","Y"
"2021","254","경기 포천시","20210720","20210802","14","20210806","20210730","(일정변경)군인특별","1","0","1","1","주택형","84","1","Y"
"2021","253","일정미정","20210713","20210726","14","20210730","20210722","추후재진행","1","0","1","1","14","75","1","Y"
"2021","253","일정미정","20210713","20210726","14","20210730","20210722","추후재진행","1","0","1","1","14","63B","1","Y"
"2021","252","경북 구미시","20210713","20210802","14","20210806","20210730","(일정변경)군인특별","1","0","1","1","주택형","84","15","Y"
"2021","251","충남 천안시","20210713","20210726","14","20210731","20210722","군인특별공급 한화 ","1","0","1","1","주택형","76","2","Y"
"2021","251","충남 천안시","20210713","20210726","14","20210731","20210722","군인특별공급 한화 ","1","0","1","1","주택형","84B","1","Y"
"2021","305","대구 중구","20210831","20210906","14","20210910","20210902","군인특별공급 힐스테","1","0","1","1","주택형","84C","1","Y"
"2021","305","대구 중구","20210831","20210906","14","20210910","20210902","군인특별공급 힐스테","1","0","1","1","주택형","84I","2","Y"
"2021","305","대구 중구","20210831","20210906","14","20210910","20210902","군인특별공급 힐스테","1","0","1","1","주택형","84A","5","Y"
"2021","305","대구 중구","20210831","20210906","14","20210910","20210902","군인특별공급 힐스테","1","0","1","1","주택형","84D","3","Y"
"2021","305","대구 중구","20210831","20210906","14","20210910","20210902","군인특별공급 힐스테","1","0","1","1","주택형","84E","1","Y"
"2021","304","부산 부산진구","20210831","20210906","14","20210910","20210903","군인특별공급 백양산","1","0","1","1","주택형","65A","1","Y"
"2021","304","부산 부산진구","20210831","20210906","14","20210910","20210903","군인특별공급 백양산","1","0","1","1","주택형","84C","1","Y"
"2021","304","부산 부산진구","20210831","20210906","14","20210910","20210903","군인특별공급 백양산","1","0","1","1","주택형","84B","1","Y"
"2021","304","부산 부산진구","20210831","20210906","14","20210910","20210903","군인특별공급 백양산","1","0","1","1","주택형","84A","3","Y"
"2021","304","부산 부산진구","20210831","20210906","14","20210910","20210903","군인특별공급 백양산","1","0","1","1","주택형","59B","1","Y"
"2021","304","부산 부산진구","20210831","20210906","14","20210910","20210903","군인특별공급 백양산","1","0","1","1","주택형","59A","5","Y"
"2021","303","경기 수원시","20210831","20210906","14","20210910","20210902","군인특별공급 힐스테","1","0","1","1","C6","60A","1","Y"
"2021","302","인천 중구","20210831","20210906","14","20210910","20210903","청약자격확인 영종하","1","1","0","0","A-40","청약자격확인","27","Y"
"2021","301","인천 중구","20210831","20210906","14","20210910","20210903","군인특별공급 영종하","1","1","0","0","A-40","84D","1","Y"
"2021","301","인천 중구","20210831","20210906","14","20210910","20210903","군인특별공급 영종하","1","1","0","0","A-40","84C","1","Y"
"2021","301","인천 중구","20210831","20210906","14","20210910","20210903","군인특별공급 영종하","1","1","0","0","A-40","84A","4","Y"
"2021","301","인천 중구","20210831","20210906","14","20210910","20210903","군인특별공급 영종하","1","1","0","0","A-40","74A","2","Y"
"2021","300","경기 시흥시","20210824","20210906","14","20210910","20210831","청약자격확인 시흥장","1","1","0","0","A-3","청약자격확인","16","Y"
"2021","299","경기 시흥시","20210824","20210906","14","20210910","20210831","군인특별공급 시흥장","1","1","0","0","A-3","59B","1","Y"
"2021","298","인천 강화군","20210824","20210914","14","20210924","20210914","(일정변경)군인특별","1","0","1","1","주택형","59B","1","Y"
"2021","298","인천 강화군","20210824","20210914","14","20210924","20210914","(일정변경)군인특별","1","0","1","1","주택형","59A","2","Y"
"2021","297","인천 강화군","20210824","20210914","14","20210924","20210914","(일정변경)군인특별","1","0","1","1","주택형","59A","1","Y"
"2021","297","인천 강화군","20210824","20210914","14","20210924","20210914","(일정변경)군인특별","1","0","1","1","주택형","85A","1","Y"
"2021","297","인천 강화군","20210824","20210914","14","20210924","20210914","(일정변경)군인특별","1","0","1","1","주택형","72A","1","Y"
"2021","296","대구 달서구","20210824","20210830","14","20210903","20210826","군인특별공급 달서 ","1","0","1","1","주택형","59A","7","Y"
"2021","296","대구 달서구","20210824","20210830","14","20210903","20210826","군인특별공급 달서 ","1","0","1","1","주택형","74A","1","Y"
"2021","296","대구 달서구","20210824","20210830","14","20210903","20210826","군인특별공급 달서 ","1","0","1","1","주택형","59B","2","Y"
"2021","295","전북 전주시","20210824","20211005","10","20211008","20211001","(긴급공지)군인특별","1","0","1","1","주택형","84C","1","Y"
"2021","295","전북 전주시","20210824","20211005","10","20211008","20211001","(긴급공지)군인특별","1","0","1","1","주택형","84A","1","Y"
"2021","294","대구 중구","20210824","20210830","14","20210903","20210827","군인특별공급 힐스테","1","0","1","1","주택형","84A","1","Y"
"2021","294","대구 중구","20210824","20210830","14","20210903","20210827","군인특별공급 힐스테","1","0","1","1","주택형","84C","1","Y"
"2021","294","대구 중구","20210824","20210830","14","20210903","20210827","군인특별공급 힐스테","1","0","1","1","주택형","84B","1","Y"
"2021","293","인천 미추홀구","20210824","20210913","14","20210917","20210909","(일정변경)청약자격","1","0","1","1","2","청약자격확인","12","Y"
"2021","292","인천 미추홀구","20210824","20210913","14","20210917","20210909","(일정변경)군인특별","1","0","1","1","2","84","2","Y"
"2021","292","인천 미추홀구","20210824","20210913","14","20210917","20210909","(일정변경)군인특별","1","0","1","1","2","74","1","Y"
"2021","291","경기 포천시","20210824","20210906","14","20210910","20210902","(일정변경)청약자격","1","0","1","1","청약자격확인","청약자격확인","18","Y"
"2021","290","경기 포천시","20210824","20210906","14","20210910","20210902","(일정변경)군인특별","1","0","1","1","주택형","84C","4","Y"
"2021","290","경기 포천시","20210824","20210906","14","20210910","20210902","(일정변경)군인특별","1","0","1","1","주택형","84B","3","Y"
"2021","290","경기 포천시","20210824","20210906","14","20210910","20210902","(일정변경)군인특별","1","0","1","1","주택형","84A","4","Y"
"2021","289","충남 홍성군","20210824","20210830","14","20210903","20210826","군인특별공급 홍성자","1","0","1","1","주택형","84A","2","Y"
"2021","289","충남 홍성군","20210824","20210830","14","20210903","20210826","군인특별공급 홍성자","1","0","1","1","주택형","84C","3","Y"
"2021","289","충남 홍성군","20210824","20210830","14","20210903","20210826","군인특별공급 홍성자","1","0","1","1","주택형","84B","4","Y"
"2021","288","경기 파주시","20210817","20210902","14","20210907","20210831","(일정변경)청약자격","1","1","0","0","A17","청약자격확인","6","Y"
"2021","287","경기 파주시","20210817","20210902","14","20210907","20210831","(일정변경)군인특별","1","1","0","0","A17","59B","1","Y"
"2021","286","인천 연수구","20210817","20210830","14","20210903","20210824","군인특별공급 KTX","1","0","1","1","주택형","59","1","Y"
"2021","285","전남 광양시","20210817","20210823","14","20210827","20210820","군인특별공급 광양 ","1","0","1","1","A3","84B","3","Y"
"2021","285","전남 광양시","20210817","20210823","14","20210827","20210820","군인특별공급 광양 ","1","0","1","1","A3","84A","4","Y"
"2021","284","부산 연제구","20210817","20210830","14","20210903","20210825","(일정변경)군인특별","1","0","1","1","주택형","59C","1","Y"
"2021","284","부산 연제구","20210817","20210830","14","20210903","20210825","(일정변경)군인특별","1","0","1","1","주택형","69B","1","Y"
"2021","283","전남 광양시","20210817","20210823","14","20210827","20210819","군인특별공급 더샵 ","1","0","1","1","주택형","84A","7","Y"
"2021","283","전남 광양시","20210817","20210823","14","20210827","20210819","군인특별공급 더샵 ","1","0","1","1","주택형","84D","1","Y"
"2021","283","전남 광양시","20210817","20210823","14","20210827","20210819","군인특별공급 더샵 ","1","0","1","1","주택형","84C","1","Y"
"2021","282","충북 청주시","20210817","20210916","14","20210924","20210916","(일정변경)군인특별","1","0","1","1","주택형","39","1","Y"
"2021","282","충북 청주시","20210817","20210916","14","20210924","20210916","(일정변경)군인특별","1","0","1","1","주택형","84B","1","Y"
"2021","282","충북 청주시","20210817","20210916","14","20210924","20210916","(일정변경)군인특별","1","0","1","1","주택형","84A","6","Y"
"2021","282","충북 청주시","20210817","20210916","14","20210924","20210916","(일정변경)군인특별","1","0","1","1","주택형","74","2","Y"
"2021","281","전남 구례군","20210817","20210906","14","20210910","20210902","(일정변경)군인특별","1","0","1","1","주택형","84A","1","Y"
"2021","280","경기 화성시","20210810","20210817","10","20210820","20210813","청약자격확인 힐스테","1","0","1","1","A-2","청약자격확인","69","Y"
"2021","279","경기 화성시","20210810","20210817","10","20210820","20210813","군인특별공급 힐스테","1","0","1","1","A-2","59B-1","1","Y"
"2021","279","경기 화성시","20210810","20210817","10","20210820","20210813","군인특별공급 힐스테","1","0","1","1","A-2","84E","2","Y"
"2021","279","경기 화성시","20210810","20210817","10","20210820","20210813","군인특별공급 힐스테","1","0","1","1","A-2","84C1","2","N"
"2021","279","경기 화성시","20210810","20210817","10","20210820","20210813","군인특별공급 힐스테","1","0","1","1","A-2","59","1","N"
"2021","279","경기 화성시","20210810","20210817","10","20210820","20210813","군인특별공급 힐스테","1","0","1","1","A-2","59A","10","Y"
"2021","279","경기 화성시","20210810","20210817","10","20210820","20210813","군인특별공급 힐스테","1","0","1","1","A-2","59B","1","Y"
"2021","279","경기 화성시","20210810","20210817","10","20210820","20210813","군인특별공급 힐스테","1","0","1","1","A-2","59C","5","Y"
"2021","279","경기 화성시","20210810","20210817","10","20210820","20210813","군인특별공급 힐스테","1","0","1","1","A-2","59D","2","Y"
"2021","279","경기 화성시","20210810","20210817","10","20210820","20210813","군인특별공급 힐스테","1","0","1","1","A-2","72A","5","Y"
"2021","279","경기 화성시","20210810","20210817","10","20210820","20210813","군인특별공급 힐스테","1","0","1","1","A-2","72B","2","Y"
"2021","279","경기 화성시","20210810","20210817","10","20210820","20210813","군인특별공급 힐스테","1","0","1","1","A-2","72C","2","Y"
"2021","279","경기 화성시","20210810","20210817","10","20210820","20210813","군인특별공급 힐스테","1","0","1","1","A-2","72D","2","Y"
"2021","330","경북 포항시","20210913","20210915","14","20210917","20210913","군인특별공급 빌드원","1","0","1","1","주택형","66","2","Y"
"2021","329","경북 경주시","20210913","20210917","14","20210924","20210917","군인특별공급 경주 ","1","0","1","1","주택형","84B","1","Y"
"2021","329","경북 경주시","20210913","20210917","14","20210924","20210917","군인특별공급 경주 ","1","0","1","1","주택형","75","1","Y"
"2021","328","충남 공주시","20210913","20210916","14","20210924","20210916","일정미정 추후재진행","1","0","1","1","주택형","84B","3","Y"
"2021","328","충남 공주시","20210913","20210916","14","20210924","20210916","일정미정 추후재진행","1","0","1","1","주택형","84A","3","Y"
"2021","327","인천 서구","20210913","20210916","14","20210924","20210916","군인특별공급 인천검","1","1","0","0","AA13-1","84A","1","Y"
"2021","327","인천 서구","20210913","20210916","14","20210924","20210916","군인특별공급 인천검","1","1","0","0","AA13-2","84A","1","Y"
"2021","327","인천 서구","20210913","20210916","14","20210924","20210916","군인특별공급 인천검","1","1","0","0","AA13-2","74A","1","Y"
"2021","326","부산 연제구","20210913","20211012","10","20211015","20211008","(일정변경)군인특별","1","0","1","1","주택형","59","1","Y"
"2021","326","부산 연제구","20210913","20211012","10","20211015","20211008","(일정변경)군인특별","1","0","1","1","주택형","84B","1","Y"
"2021","326","부산 연제구","20210913","20211012","10","20211015","20211008","(일정변경)군인특별","1","0","1","1","주택형","84A","1","Y"
"2021","325","인천 미추홀구","20210907","20210913","14","20210917","20210910","청약자격확인 주안역","1","0","1","1","청약자격확인","청약자격확인","1","Y"
"2021","324","대구 수성구","20210907","20210927","14","20211001","20210924","일정미정 추후재진행","1","0","1","1","주택형","59","2","Y"
"2021","324","대구 수성구","20210907","20210927","14","20211001","20210924","일정미정 추후재진행","1","0","1","1","주택형","84C","1","Y"
"2021","324","대구 수성구","20210907","20210927","14","20211001","20210924","일정미정 추후재진행","1","0","1","1","주택형","84B","3","Y"
"2021","324","대구 수성구","20210907","20210927","14","20211001","20210924","일정미정 추후재진행","1","0","1","1","주택형","84A","1","Y"
"2021","323","경남 창원시","20210907","20210916","14","20210924","20210915","군인특별공급 창원 ","1","1","0","0","A-2","59","2","Y"
"2021","322","서울 강동구","20210907","20210913","14","20210917","20210910","군인특별공급 e편한","1","0","1","1","10","84A","1","Y"
"2021","322","서울 강동구","20210907","20210913","14","20210917","20210910","군인특별공급 e편한","1","0","1","1","10","84E","1","Y"
"2021","322","서울 강동구","20210907","20210913","14","20210917","20210910","군인특별공급 e편한","1","0","1","1","10","84D","1","Y"
"2021","321","경기 가평군","20210907","20210927","14","20211001","20210923","청약자격확인 힐스테","1","0","1","1","청약자격확인","청약자격확인","13","Y"
"2021","320","경기 가평군","20210907","20210927","14","20211001","20210923","군인특별공급 힐스테","1","0","1","1","주택형","59A","3","Y"
"2021","320","경기 가평군","20210907","20210927","14","20211001","20210923","군인특별공급 힐스테","1","0","1","1","주택형","84C","2","Y"
"2021","320","경기 가평군","20210907","20210927","14","20211001","20210923","군인특별공급 힐스테","1","0","1","1","주택형","84B","2","Y"
"2021","320","경기 가평군","20210907","20210927","14","20211001","20210923","군인특별공급 힐스테","1","0","1","1","주택형","84A","4","Y"
"2021","319","강원 원주시","20210907","20210915","14","20210924","20210914","(일정변경)군인특별","1","0","1","1","A1-1","59A","10","Y"
"2021","319","강원 원주시","20210907","20210915","14","20210924","20210914","(일정변경)군인특별","1","0","1","1","A1-1","84B","7","Y"
"2021","319","강원 원주시","20210907","20210915","14","20210924","20210914","(일정변경)군인특별","1","0","1","1","A1-1","84A","8","Y"
"2021","319","강원 원주시","20210907","20210915","14","20210924","20210914","(일정변경)군인특별","1","0","1","1","A1-1","59B","1","Y"
"2021","318","경기 이천시","20210907","20210913","14","20210917","20210910","청약자격확인 이천 ","1","0","1","1","2","청약자격확인","8","Y"
"2021","317","경기 이천시","20210907","20210913","14","20210917","20210910","청약자격확인 이천 ","1","0","1","1","1","청약자격확인","8","Y"
"2021","316","경기 이천시","20210907","20210913","14","20210917","20210910","군인특별공급 이천 ","1","0","1","1","2","84A","1","Y"
"2021","316","경기 이천시","20210907","20210913","14","20210917","20210910","군인특별공급 이천 ","1","0","1","1","2","84D","1","Y"
"2021","316","경기 이천시","20210907","20210913","14","20210917","20210910","군인특별공급 이천 ","1","0","1","1","2","84C","1","Y"
"2021","316","경기 이천시","20210907","20210913","14","20210917","20210910","군인특별공급 이천 ","1","0","1","1","2","84B","1","Y"
"2021","315","경기 이천시","20210907","20210913","14","20210917","20210910","군인특별공급 이천 ","1","0","1","1","1","84A","1","Y"
"2021","315","경기 이천시","20210907","20210913","14","20210917","20210910","군인특별공급 이천 ","1","0","1","1","1","84D","1","Y"
"2021","315","경기 이천시","20210907","20210913","14","20210917","20210910","군인특별공급 이천 ","1","0","1","1","1","84C","1","Y"
"2021","315","경기 이천시","20210907","20210913","14","20210917","20210910","군인특별공급 이천 ","1","0","1","1","1","84B","1","Y"
"2021","314","대전 동구","20210907","20210913","14","20210917","20210909","군인특별공급 은어송","1","0","1","1","A1","59A","2","Y"
"2021","314","대전 동구","20210907","20210913","14","20210917","20210909","군인특별공급 은어송","1","0","1","1","A1","84C","2","Y"
"2021","314","대전 동구","20210907","20210913","14","20210917","20210909","군인특별공급 은어송","1","0","1","1","A1","84B","2","Y"
"2021","314","대전 동구","20210907","20210913","14","20210917","20210909","군인특별공급 은어송","1","0","1","1","A1","84A","4","Y"
"2021","313","강원 강릉시","20210907","20211005","14","20211008","20210930","군인특별공급 교동 ","1","0","1","1","주택형","84A","8","Y"
"2021","313","강원 강릉시","20210907","20211005","14","20211008","20210930","군인특별공급 교동 ","1","0","1","1","주택형","84C","2","Y"
"2021","313","강원 강릉시","20210907","20211005","14","20211008","20210930","군인특별공급 교동 ","1","0","1","1","주택형","84B","3","Y"
"2021","312","경북 안동시","20210907","20210913","14","20210917","20210910","군인특별공급 안동 ","1","1","1","1","주택형","75A","4","Y"
"2021","312","경북 안동시","20210907","20210913","14","20210917","20210910","군인특별공급 안동 ","1","1","1","1","주택형","84B","5","Y"
"2021","312","경북 안동시","20210907","20210913","14","20210917","20210910","군인특별공급 안동 ","1","1","1","1","주택형","84A","5","Y"
"2021","312","경북 안동시","20210907","20210913","14","20210917","20210910","군인특별공급 안동 ","1","1","1","1","주택형","75B","4","Y"
"2021","311","경기 파주시","20210907","20210913","14","20210917","20210910","청약자격확인 파주 ","1","0","1","1","청약자격확인","청약자격확인","46","Y"
"2021","310","경기 파주시","20210907","20210913","14","20210917","20210910","군인특별공급 파주 ","1","0","1","1","주택형","59A","1","Y"
"2021","310","경기 파주시","20210907","20210913","14","20210917","20210910","군인특별공급 파주 ","1","0","1","1","주택형","84C","1","Y"
"2021","310","경기 파주시","20210907","20210913","14","20210917","20210910","군인특별공급 파주 ","1","0","1","1","주택형","84B","1","Y"
"2021","310","경기 파주시","20210907","20210913","14","20210917","20210910","군인특별공급 파주 ","1","0","1","1","주택형","84A","1","Y"
"2021","309","경기 안양시","20210903","20210906","14","20210910","20210903","군인특별공급 평촌 ","1","0","1","1","주택형","59A","1","Y"
"2021","309","경기 안양시","20210903","20210906","14","20210910","20210903","군인특별공급 평촌 ","1","0","1","1","주택형","59D","1","Y"
"2021","309","경기 안양시","20210903","20210906","14","20210910","20210903","군인특별공급 평촌 ","1","0","1","1","주택형","59C","1","Y"
"2021","309","경기 안양시","20210903","20210906","14","20210910","20210903","군인특별공급 평촌 ","1","0","1","1","주택형","59B","1","Y"
"2021","308","전북 완주군","20210831","20211005","10","20211008","20211001","군인특별공급 완주 ","1","0","1","1","주택형","59A","3","Y"
"2021","307","부산 동래구","20210831","20210927","14","20211001","20210916","군인특별공급 낙민역","1","0","1","1","주택형","61B","1","Y"
"2021","307","부산 동래구","20210831","20210927","14","20211001","20210916","군인특별공급 낙민역","1","0","1","1","주택형","61F","1","Y"
"2021","307","부산 동래구","20210831","20210927","14","20211001","20210916","군인특별공급 낙민역","1","0","1","1","주택형","61D","1","Y"
"2021","306","전남 광양시","20210831","20210906","14","20210910","20210903","군인특별공급 광양 ","1","0","1","1","26-1","74","1","Y"
"2021","306","전남 광양시","20210831","20210906","14","20210910","20210903","군인특별공급 광양 ","1","0","1","1","26-1","84B","1","Y"
"2021","306","전남 광양시","20210831","20210906","14","20210910","20210903","군인특별공급 광양 ","1","0","1","1","26-1","84A","2","Y"
"2021","305","대구 중구","20210831","20210906","14","20210910","20210902","군인특별공급 힐스테","1","0","1","1","주택형","84F","2","Y"
"2021","305","대구 중구","20210831","20210906","14","20210910","20210902","군인특별공급 힐스테","1","0","1","1","주택형","84G","1","Y"
"2021","305","대구 중구","20210831","20210906","14","20210910","20210902","군인특별공급 힐스테","1","0","1","1","주택형","84B","1","Y"
"2021","305","대구 중구","20210831","20210906","14","20210910","20210902","군인특별공급 힐스테","1","0","1","1","주택형","84H","1","Y"
"2021","361","경기 광명시","20211005","20211115","14","20211119","20211112","일정미정 추후재진행","1","0","1","1","주택형","84C","1","Y"
"2021","361","경기 광명시","20211005","20211115","14","20211119","20211112","일정미정 추후재진행","1","0","1","1","주택형","84B","3","Y"
"2021","360","충남 예산군","20211005","20211012","10","20211015","20211008","군인특별공급 내포신","1","0","1","1","RH-3","59A","3","Y"
"2021","360","충남 예산군","20211005","20211012","10","20211015","20211008","군인특별공급 내포신","1","0","1","1","RH-3","84A","7","Y"
"2021","360","충남 예산군","20211005","20211012","10","20211015","20211008","군인특별공급 내포신","1","0","1","1","RH-3","73A","3","Y"
"2021","359","경북 포항시","20211005","20211018","14","20211022","20211015","일정취소 추후재진행","1","0","1","1","주택형","75A","2","Y"
"2021","359","경북 포항시","20211005","20211018","14","20211022","20211015","일정취소 추후재진행","1","0","1","1","주택형","84C","1","Y"
"2021","359","경북 포항시","20211005","20211018","14","20211022","20211015","일정취소 추후재진행","1","0","1","1","주택형","84B","2","Y"
"2021","359","경북 포항시","20211005","20211018","14","20211022","20211015","일정취소 추후재진행","1","0","1","1","주택형","84A","5","Y"
"2021","358","전남 고흥군","20211005","20211012","10","20211012","20211008","군인특별공급 녹동 ","1","0","1","1","주택형","84","2","Y"
"2021","357","경기 평택시","20210929","20211001","10","20211001","20210927","(긴급공지)청약자격","1","0","1","1","청약자격확인","청약자격확인","3","Y"
"2021","356","강원 동해시","20210928","20211012","14","20211015","20211008","(일정변경)군인특별","1","0","1","1","주택형","84B","5","Y"
"2021","356","강원 동해시","20210928","20211012","14","20211015","20211008","(일정변경)군인특별","1","0","1","1","주택형","84A","8","Y"
"2021","355","대전 동구","20210928","20211005","14","20211008","20210930","군인특별공급 리더스","1","1","0","0","4","59A","2","Y"
"2021","355","대전 동구","20210928","20211005","14","20211008","20210930","군인특별공급 리더스","1","1","0","0","4","84A","1","Y"
"2021","355","대전 동구","20210928","20211005","14","20211008","20210930","군인특별공급 리더스","1","1","0","0","4","74B","1","Y"
"2021","355","대전 동구","20210928","20211005","14","20211008","20210930","군인특별공급 리더스","1","1","0","0","4","59C","1","Y"
"2021","354","광주 남구","20210928","20211012","10","20211015","20211008","(일정변경)군인특별","1","0","1","1","주택형","84A","1","Y"
"2021","354","광주 남구","20210928","20211012","10","20211015","20211008","(일정변경)군인특별","1","0","1","1","주택형","84D","1","Y"
"2021","354","광주 남구","20210928","20211012","10","20211015","20211008","(일정변경)군인특별","1","0","1","1","주택형","84B","1","Y"
"2021","353","경기 이천시","20210928","20211108","14","20211112","20211104","일정미정 추후재진행","1","0","1","1","주택형","84A","1","Y"
"2021","353","경기 이천시","20210928","20211108","14","20211112","20211104","일정미정 추후재진행","1","0","1","1","주택형","84C","1","Y"
"2021","353","경기 이천시","20210928","20211108","14","20211112","20211104","일정미정 추후재진행","1","0","1","1","주택형","84B","1","Y"
"2021","352","인천 연수구","20210915","20210927","14","20211001","20210923","군인특별공급 송도 ","1","0","1","1","주택형","52B","1","Y"
"2021","351","경기 양평군","20210914","20210917","14","20210927","20210917","군인특별공급 양평 ","1","0","1","1","C","77B","1","Y"
"2021","351","경기 양평군","20210914","20210917","14","20210927","20210917","군인특별공급 양평 ","1","0","1","1","C","77A","2","Y"
"2021","350","경남 진주시","20210914","20211005","14","20211008","20210929","군인특별공급 더샵 ","1","0","1","1","주택형","74","2","Y"
"2021","350","경남 진주시","20210914","20211005","14","20211008","20210929","군인특별공급 더샵 ","1","0","1","1","주택형","84B","4","Y"
"2021","350","경남 진주시","20210914","20211005","14","20211008","20210929","군인특별공급 더샵 ","1","0","1","1","주택형","84A","7","Y"
"2021","349","경기 이천시","20210914","20211001","10","20211008","20211001","(일정변경)청약자격","1","0","1","1","청약자격확인","청약자격확인","21","Y"
"2021","348","경기 이천시","20210914","20211001","10","20211008","20211001","(일정변경)군인특별","1","0","1","1","주택형","59A","1","Y"
"2021","348","경기 이천시","20210914","20211001","10","20211008","20211001","(일정변경)군인특별","1","0","1","1","주택형","84B","1","Y"
"2021","348","경기 이천시","20210914","20211001","10","20211008","20211001","(일정변경)군인특별","1","0","1","1","주택형","84A","1","Y"
"2021","347","경북 경주시","20210914","20210927","14","20211001","20210924","군인특별공급 신경주","1","0","1","1","2","59A","1","Y"
"2021","347","경북 경주시","20210914","20210927","14","20211001","20210924","군인특별공급 신경주","1","0","1","1","2","84A-1","1","Y"
"2021","347","경북 경주시","20210914","20210927","14","20211001","20210924","군인특별공급 신경주","1","0","1","1","2","84A","2","Y"
"2021","346","경기 고양시","20210914","20210930","14","20211008","20210929","(일정변경)청약자격","1","1","0","0","B1","청약자격확인","18","Y"
"2021","345","경기 고양시","20210914","20210930","14","20211008","20210929","(일정변경)군인특별","1","1","0","0","B1","59A","1","Y"
"2021","344","경기 안산시","20210914","20211018","10","20211022","20211015","(일정변경)군인특별","1","0","1","1","주택형","84A","1","Y"
"2021","344","경기 안산시","20210914","20211018","10","20211022","20211015","(일정변경)군인특별","1","0","1","1","주택형","59A","2","Y"
"2021","343","경기 여주시","20210914","20210927","14","20211001","20210924","일정미정 추후재진행","1","0","1","1","청약자격확인","청약자격확인","5","Y"
"2021","342","경기 여주시","20210914","20210927","14","20211001","20210924","일정미정 추후재진행","1","0","1","1","주택형","76","2","Y"
"2021","342","경기 여주시","20210914","20210927","14","20211001","20210924","일정미정 추후재진행","1","0","1","1","주택형","66A","1","Y"
"2021","341","경기 평택시","20210914","20210927","14","20211001","20210923","청약자격확인 평택 ","1","0","1","1","A5","청약자격확인","22","Y"
"2021","340","경기 평택시","20210914","20210927","14","20211001","20210923","군인특별공급 평택 ","1","0","1","1","A5","84A","9","Y"
"2021","340","경기 평택시","20210914","20210927","14","20211001","20210923","군인특별공급 평택 ","1","0","1","1","A5","84B","2","Y"
"2021","339","경기 하남시","20210914","20210927","14","20211001","20210923","군인특별공급 더샵하","1","0","1","1","주택형","59A","2","Y"
"2021","339","경기 하남시","20210914","20210927","14","20211001","20210923","군인특별공급 더샵하","1","0","1","1","주택형","84","1","Y"
"2021","339","경기 하남시","20210914","20210927","14","20211001","20210923","군인특별공급 더샵하","1","0","1","1","주택형","74","2","Y"
"2021","339","경기 하남시","20210914","20210927","14","20211001","20210923","군인특별공급 더샵하","1","0","1","1","주택형","59B","2","Y"
"2021","338","경남 창원시","20210914","20211101","14","20211105","20211028","(일정변경)군인특별","1","0","1","1","14","75","1","Y"
"2021","338","경남 창원시","20210914","20211101","14","20211105","20211028","(일정변경)군인특별","1","0","1","1","14","63B","1","Y"
"2021","337","경기 오산시","20210914","20211005","14","20211008","20211001","(일정변경)청약자격","1","0","1","1","A-9","청약자격확인","19","Y"
"2021","336","경기 오산시","20210914","20211005","14","20211008","20211001","(일정변경)청약자격","1","0","1","1","A-4","청약자격확인","37","Y"
"2021","335","경기 오산시","20210914","20211005","14","20211008","20211001","(일정변경)군인특별","1","0","1","1","A-9","77A","2","Y"
"2021","335","경기 오산시","20210914","20211005","14","20211008","20211001","(일정변경)군인특별","1","0","1","1","A-9","84B","1","Y"
"2021","335","경기 오산시","20210914","20211005","14","20211008","20211001","(일정변경)군인특별","1","0","1","1","A-9","84A","6","Y"
"2021","335","경기 오산시","20210914","20211005","14","20211008","20211001","(일정변경)군인특별","1","0","1","1","A-9","77B","1","Y"
"2021","334","경기 오산시","20210914","20211005","14","20211008","20211001","(일정변경)군인특별","1","0","1","1","A-4","59A","4","Y"
"2021","334","경기 오산시","20210914","20211005","14","20211008","20211001","(일정변경)군인특별","1","0","1","1","A-4","59B","1","Y"
"2021","334","경기 오산시","20210914","20211005","14","20211008","20211001","(일정변경)군인특별","1","0","1","1","A-4","59C","1","Y"
"2021","334","경기 오산시","20210914","20211005","14","20211008","20211001","(일정변경)군인특별","1","0","1","1","A-4","84B","1","Y"
"2021","334","경기 오산시","20210914","20211005","14","20211008","20211001","(일정변경)군인특별","1","0","1","1","A-4","72B","2","Y"
"2021","334","경기 오산시","20210914","20211005","14","20211008","20211001","(일정변경)군인특별","1","0","1","1","A-4","84A","4","Y"
"2021","334","경기 오산시","20210914","20211005","14","20211008","20211001","(일정변경)군인특별","1","0","1","1","A-4","72A","3","Y"
"2021","333","경기 안성시","20210914","20211005","14","20211008","20210930","(일정변경)청약자격","1","0","1","1","B5","청약자격확인","6","Y"
"2021","332","경기 안성시","20210914","20211005","14","20211008","20210930","(일정변경)군인특별","1","0","1","1","B5","84A-3","1","Y"
"2021","332","경기 안성시","20210914","20211005","14","20211008","20210930","(일정변경)군인특별","1","0","1","1","B5","84A-1","1","Y"
"2021","331","경남 거제시","20210914","20210927","14","20211001","20210924","군인특별공급 거제 ","1","0","1","1","주택형","84B","1","Y"
"2021","331","경남 거제시","20210914","20210927","14","20211001","20210924","군인특별공급 거제 ","1","0","1","1","주택형","84A","3","Y"
"2021","374","경기 용인시","20211012","20220124","14","20220128","20220120","군인특별공급 경기 ","1","0","1","1","2","59B","2","Y"
"2021","374","경기 용인시","20211012","20220124","14","20220128","20220120","군인특별공급 경기 ","1","0","1","1","2","59D","1","Y"
"2021","374","경기 용인시","20211012","20220124","14","20220128","20220120","군인특별공급 경기 ","1","0","1","1","2","76A","1","Y"
"2021","374","경기 용인시","20211012","20220124","14","20220128","20220120","군인특별공급 경기 ","1","0","1","1","2","84F","1","Y"
"2021","374","경기 용인시","20211012","20220124","14","20220128","20220120","군인특별공급 경기 ","1","0","1","1","2","84B","12","Y"
"2021","374","경기 용인시","20211012","20220124","14","20220128","20220120","군인특별공급 경기 ","1","0","1","1","2","84C","2","Y"
"2021","374","경기 용인시","20211012","20220124","14","20220128","20220120","군인특별공급 경기 ","1","0","1","1","2","84D","2","Y"
"2021","374","경기 용인시","20211012","20220124","14","20220128","20220120","군인특별공급 경기 ","1","0","1","1","2","84E","2","Y"
"2021","374","경기 용인시","20211012","20220124","14","20220128","20220120","군인특별공급 경기 ","1","0","1","1","2","84A","12","Y"
"2021","373","경기 용인시","20211012","20220124","14","20220128","20220120","군인특별공급 경기 ","1","0","1","1","1","59A","3","Y"
"2021","373","경기 용인시","20211012","20220124","14","20220128","20220120","군인특별공급 경기 ","1","0","1","1","1","76A","3","Y"
"2021","373","경기 용인시","20211012","20220124","14","20220128","20220120","군인특별공급 경기 ","1","0","1","1","1","84A","6","Y"
"2021","373","경기 용인시","20211012","20220124","14","20220128","20220120","군인특별공급 경기 ","1","0","1","1","1","84F","1","Y"
"2021","373","경기 용인시","20211012","20220124","14","20220128","20220120","군인특별공급 경기 ","1","0","1","1","1","84C","1","Y"
"2021","373","경기 용인시","20211012","20220124","14","20220128","20220120","군인특별공급 경기 ","1","0","1","1","1","84D","4","Y"
"2021","373","경기 용인시","20211012","20220124","14","20220128","20220120","군인특별공급 경기 ","1","0","1","1","1","84E","1","Y"
"2021","373","경기 용인시","20211012","20220124","14","20220128","20220120","군인특별공급 경기 ","1","0","1","1","1","84B","9","Y"
"2021","372","경북 경주시","20211012","20211018","14","20211022","20211015","군인특별공급 경주 ","1","0","1","1","주택형","59","5","Y"
"2021","372","경북 경주시","20211012","20211018","14","20211022","20211015","군인특별공급 경주 ","1","0","1","1","주택형","84","2","Y"
"2021","372","경북 경주시","20211012","20211018","14","20211022","20211015","군인특별공급 경주 ","1","0","1","1","주택형","63","2","Y"
"2021","371","인천 연수구","20211012","20211018","14","20211022","20211015","군인특별공급 송도 ","1","0","1","1","주택형","84F","1","Y"
"2021","371","인천 연수구","20211012","20211018","14","20211022","20211015","군인특별공급 송도 ","1","0","1","1","주택형","84A","1","Y"
"2021","370","경기","20211012","20211018","14","20211022","20211015","청약자격확인 사전청","1","1","0","0","남양주왕숙2","A1","22","Y"
"2021","370","경기","20211012","20211018","14","20211022","20211015","청약자격확인 사전청","1","1","0","0","남양주왕숙2","A3","19","Y"
"2021","370","경기","20211012","20211018","14","20211022","20211015","청약자격확인 사전청","1","1","0","0","의정부우정","A1","15","Y"
"2021","370","경기","20211012","20211018","14","20211022","20211015","청약자격확인 사전청","1","1","0","0","파주운정3","A23","28","Y"
"2021","370","경기","20211012","20211018","14","20211022","20211015","청약자격확인 사전청","1","1","0","0","부천원종B2","신혼희망타운","11","Y"
"2021","370","경기","20211012","20211018","14","20211022","20211015","청약자격확인 사전청","1","1","0","0","파주운정3","A20","17","Y"
"2021","370","경기","20211012","20211018","14","20211022","20211015","청약자격확인 사전청","1","1","0","0","파주운정3","A22","18","Y"
"2021","370","경기","20211012","20211018","14","20211022","20211015","청약자격확인 사전청","1","1","0","0","의정부우정","A2","13","Y"
"2021","369","인천시, 경기","20211012","20211018","14","20211022","20211015","군인특별공급 사전청","1","1","0","0","인천검단AA21","84","1","Y"
"2021","369","인천시, 경기","20211012","20211018","14","20211022","20211015","군인특별공급 사전청","1","1","0","0","파주운정3A20","84","1","Y"
"2021","369","인천시, 경기","20211012","20211018","14","20211022","20211015","군인특별공급 사전청","1","1","0","0","파주운정3A22","84","1","Y"
"2021","369","인천시, 경기","20211012","20211018","14","20211022","20211015","군인특별공급 사전청","1","1","0","0","파주운정3A23","59","1","Y"
"2021","369","인천시, 경기","20211012","20211018","14","20211022","20211015","군인특별공급 사전청","1","1","0","0","파주운정3A23","74","1","Y"
"2021","369","인천시, 경기","20211012","20211018","14","20211022","20211015","군인특별공급 사전청","1","1","0","0","인천검단AA21","74","1","Y"
"2021","369","인천시, 경기","20211012","20211018","14","20211022","20211015","군인특별공급 사전청","1","1","0","0","남양주왕숙2A1","59","1","Y"
"2021","369","인천시, 경기","20211012","20211018","14","20211022","20211015","군인특별공급 사전청","1","1","0","0","남양주왕숙2A1","74","1","Y"
"2021","369","인천시, 경기","20211012","20211018","14","20211022","20211015","군인특별공급 사전청","1","1","0","0","남양주왕숙2A3","84","1","Y"
"2021","369","인천시, 경기","20211012","20211018","14","20211022","20211015","군인특별공급 사전청","1","1","0","0","의정부우정A1","59","1","Y"
"2021","369","인천시, 경기","20211012","20211018","14","20211022","20211015","군인특별공급 사전청","1","1","0","0","의정부우정A2","59","1","Y"
"2021","369","인천시, 경기","20211012","20211018","14","20211022","20211015","군인특별공급 사전청","1","1","0","0","성남신촌A-1","59","1","Y"
"2021","368","전북 남원시","20211012","20211115","14","20211119","20211112","(일정변경)군인특별","1","0","1","1","주택형","84B","1","Y"
"2021","368","전북 남원시","20211012","20211115","14","20211119","20211112","(일정변경)군인특별","1","0","1","1","주택형","84A","1","Y"
"2021","367","강원 속초시","20211006","20211012","10","20211015","20211006","군인특별공급 속초 ","1","0","1","1","주택형","59C","1","Y"
"2021","367","강원 속초시","20211006","20211012","10","20211015","20211006","군인특별공급 속초 ","1","0","1","1","주택형","59B","1","Y"
"2021","366","강원 춘천시","20211005","20211012","10","20211015","20211007","군인특별공급 춘천 ","1","0","1","1","주택형","84A","6","N"
"2021","366","강원 춘천시","20211005","20211012","10","20211015","20211007","군인특별공급 춘천 ","1","0","1","1","주택형","84B","6","N"
"2021","366","강원 춘천시","20211005","20211012","10","20211015","20211007","군인특별공급 춘천 ","1","0","1","1","주택형","84C","1","Y"
"2021","366","강원 춘천시","20211005","20211012","10","20211015","20211007","군인특별공급 춘천 ","1","0","1","1","주택형","84A","7","Y"
"2021","366","강원 춘천시","20211005","20211012","10","20211015","20211007","군인특별공급 춘천 ","1","0","1","1","주택형","84B","7","Y"
"2021","366","강원 춘천시","20211005","20211012","10","20211015","20211007","군인특별공급 춘천 ","1","0","1","1","주택형","84C","5","N"
"2021","365","대구 수성구","20211005","20211012","10","20211015","20211008","군인특별공급 수성레","1","0","1","1","주택형","59","2","Y"
"2021","365","대구 수성구","20211005","20211012","10","20211015","20211008","군인특별공급 수성레","1","0","1","1","주택형","84C","1","Y"
"2021","365","대구 수성구","20211005","20211012","10","20211015","20211008","군인특별공급 수성레","1","0","1","1","주택형","84B","3","Y"
"2021","365","대구 수성구","20211005","20211012","10","20211015","20211008","군인특별공급 수성레","1","0","1","1","주택형","84A","1","Y"
"2021","364","경남 김해시","20211005","20211101","14","20211105","20211029","(일정변경)군인특별","1","0","1","1","주택형","59A","1","Y"
"2021","364","경남 김해시","20211005","20211101","14","20211105","20211029","(일정변경)군인특별","1","0","1","1","주택형","84B","1","Y"
"2021","364","경남 김해시","20211005","20211101","14","20211105","20211029","(일정변경)군인특별","1","0","1","1","주택형","84A","2","Y"
"2021","363","경기 광주시","20211005","20211018","14","20211022","20211015","(일정변경)청약자격","1","0","1","1","C-1","청약자격확인","27","Y"
"2021","362","경기 광주시","20211005","20211018","14","20211022","20211015","(일정변경)군인특별","1","0","1","1","마감","62B","0","Y"
"2021","362","경기 광주시","20211005","20211018","14","20211022","20211015","(일정변경)군인특별","1","0","1","1","C-1","62B","5","N"
"2021","362","경기 광주시","20211005","20211018","14","20211022","20211015","(일정변경)군인특별","1","0","1","1","C-1","74A","6","N"
"2021","362","경기 광주시","20211005","20211018","14","20211022","20211015","(일정변경)군인특별","1","0","1","1","C-1","74B","1","N"
"2021","362","경기 광주시","20211005","20211018","14","20211022","20211015","(일정변경)군인특별","1","0","1","1","C-1","84E","3","N"
"2021","362","경기 광주시","20211005","20211018","14","20211022","20211015","(일정변경)군인특별","1","0","1","1","C-1","74E","3","N"
"2021","362","경기 광주시","20211005","20211018","14","20211022","20211015","(일정변경)군인특별","1","0","1","1","C-1","84A","4","N"
"2021","362","경기 광주시","20211005","20211018","14","20211022","20211015","(일정변경)군인특별","1","0","1","1","C-1","84B","2","N"
"2021","362","경기 광주시","20211005","20211018","14","20211022","20211015","(일정변경)군인특별","1","0","1","1","C-1","84D","3","N"
"2021","362","경기 광주시","20211005","20211018","14","20211022","20211015","(일정변경)군인특별","1","0","1","1","C-1","74D","3","N"
"2021","405","경남 양산시","20211026","20211101","14","20211105","20211029","군인특별공급 양산 ","1","0","1","1","B-2","84A","10","Y"
"2021","404","경기 이천시","20211026","20211129","14","20211203","20211125","(일정변경)청약자격","1","0","1","1","청약자격확익","청약자격확인","12","Y"
"2021","403","경기 이천시","20211026","20211129","14","20211203","20211125","(일정변경)군인특별","1","0","1","1","주택형","84B","1","Y"
"2021","403","경기 이천시","20211026","20211129","14","20211203","20211125","(일정변경)군인특별","1","0","1","1","주택형","75A","1","Y"
"2021","402","경기 안산시","20211026","20211108","14","20211112","20211105","(일정변경)청약자격","1","0","1","1","청약자격확인","청약자격확인","6","Y"
"2021","401","경기 안산시","20211026","20211108","14","20211112","20211105","(일정변경)군인특별","1","0","1","1","주택형","75","2","Y"
"2021","401","경기 안산시","20211026","20211108","14","20211112","20211105","(일정변경)군인특별","1","0","1","1","주택형","59A","1","Y"
"2021","400","광주 북구","20211026","20211101","14","20211105","20211029","군인특별공급 센트럴","1","0","1","1","주택형","84","1","Y"
"2021","400","광주 북구","20211026","20211101","14","20211105","20211029","군인특별공급 센트럴","1","0","1","1","주택형","72","1","Y"
"2021","399","대전 중구","20211026","20211101","14","20211105","20211028","군인특별공급 대전 ","1","0","1","1","주택형","59A","1","Y"
"2021","399","대전 중구","20211026","20211101","14","20211105","20211028","군인특별공급 대전 ","1","0","1","1","주택형","74A","3","Y"
"2021","399","대전 중구","20211026","20211101","14","20211105","20211028","군인특별공급 대전 ","1","0","1","1","주택형","74B","1","Y"
"2021","398","경북 포항시","20211026","20211101","14","20211105","20211029","군인특별공급 포항 ","1","0","1","1","주택형","84A","5","Y"
"2021","398","경북 포항시","20211026","20211101","14","20211105","20211029","군인특별공급 포항 ","1","0","1","1","주택형","84C","1","Y"
"2021","398","경북 포항시","20211026","20211101","14","20211105","20211029","군인특별공급 포항 ","1","0","1","1","주택형","84B","2","Y"
"2021","398","경북 포항시","20211026","20211101","14","20211105","20211029","군인특별공급 포항 ","1","0","1","1","주택형","75A","2","Y"
"2021","397","인천 미추홀구","20211026","20211103","10","20211108","20211102","(일정변경)청약자격","1","0","1","1","청약자격확인","청약자격확인","20","Y"
"2021","396","인천 미추홀구","20211026","20211103","10","20211108","20211102","(일정변경)군인특별","1","0","1","1","주택형","72B","1","Y"
"2021","396","인천 미추홀구","20211026","20211103","10","20211108","20211102","(일정변경)군인특별","1","0","1","1","주택형","84C","1","Y"
"2021","396","인천 미추홀구","20211026","20211103","10","20211108","20211102","(일정변경)군인특별","1","0","1","1","주택형","72C","1","Y"
"2021","396","인천 미추홀구","20211026","20211103","10","20211108","20211102","(일정변경)군인특별","1","0","1","1","주택형","72A","1","Y"
"2021","396","인천 미추홀구","20211026","20211103","10","20211108","20211102","(일정변경)군인특별","1","0","1","1","주택형","59A","2","Y"
"2021","396","인천 미추홀구","20211026","20211103","10","20211108","20211102","(일정변경)군인특별","1","0","1","1","주택형","59B","1","Y"
"2021","396","인천 미추홀구","20211026","20211103","10","20211108","20211102","(일정변경)군인특별","1","0","1","1","주택형","62","1","Y"
"2021","395","경기 양평군","20211026","20211108","14","20211112","20211105","(일정변경)군인특별","1","0","1","1","주택형","84A","1","Y"
"2021","394","대구 중구","20211019","20211115","14","20211119","20211112","(일정변경)군인특별","1","0","1","1","주택형","84B","3","Y"
"2021","394","대구 중구","20211019","20211115","14","20211119","20211112","(일정변경)군인특별","1","0","1","1","주택형","84A","4","Y"
"2021","394","대구 중구","20211019","20211115","14","20211119","20211112","(일정변경)군인특별","1","0","1","1","주택형","67","1","Y"
"2021","393","대구 남구","20211019","20211101","14","20211105","20211028","(일정변경)(군인특","1","0","1","1","주택형","59A","1","Y"
"2021","393","대구 남구","20211019","20211101","14","20211105","20211028","(일정변경)(군인특","1","0","1","1","주택형","84","1","Y"
"2021","392","경기 여주시","20211019","20211027","14","20211029","20211026","(일정변경)청약자격","1","0","1","1","청약자격확인","청약자격확인","5","Y"
"2021","391","경기 여주시","20211019","20211027","14","20211029","20211026","(일정변경)군인특별","1","0","1","1","주택형","76","2","Y"
"2021","391","경기 여주시","20211019","20211027","14","20211029","20211026","(일정변경)군인특별","1","0","1","1","주택형","66A","1","Y"
"2021","390","강원 평창군","20211019","20211025","14","20211029","20211022","군인특별공급 평창스","1","0","1","1","주택형","82","1","Y"
"2021","390","강원 평창군","20211019","20211025","14","20211029","20211022","군인특별공급 평창스","1","0","1","1","주택형","84","2","Y"
"2021","389","인천 중구","20211019","20211025","14","20211029","20211022","청약자격확인 인천영","1","1","0","0","A-10","청약자격확인","18","Y"
"2021","388","인천 중구","20211019","20211025","14","20211029","20211022","군인특별공급 인천영","1","1","0","0","A-10","84B","1","Y"
"2021","388","인천 중구","20211019","20211025","14","20211029","20211022","군인특별공급 인천영","1","1","0","0","A-10","84A","1","Y"
"2021","387","경기 광주시","20211019","20211108","22","20211112","20211108","청약자격확인 광주 ","1","0","1","1","청약자격확인","청약자격확인","24","Y"
"2021","386","경기 광주시","20211019","20211108","22","20211112","20211108","(일정변경)군인특별","1","0","1","1","주택형","84C","2","Y"
"2021","386","경기 광주시","20211019","20211108","22","20211112","20211108","(일정변경)군인특별","1","0","1","1","주택형","84A","14","Y"
"2021","386","경기 광주시","20211019","20211108","22","20211112","20211108","(일정변경)군인특별","1","0","1","1","주택형","84B","2","Y"
"2021","385","경기 파주시","20211019","20211025","14","20211029","20211022","청약자격확인 운정신","1","0","1","1","A13","청약자격확인","52","Y"
"2021","384","경기 파주시","20211019","20211025","14","20211029","20211022","군인특별공급 운정신","1","0","1","1","A13","59D","1","Y"
"2021","384","경기 파주시","20211019","20211025","14","20211029","20211022","군인특별공급 운정신","1","0","1","1","A13","59C","3","Y"
"2021","384","경기 파주시","20211019","20211025","14","20211029","20211022","군인특별공급 운정신","1","0","1","1","A13","59B","2","Y"
"2021","384","경기 파주시","20211019","20211025","14","20211029","20211022","군인특별공급 운정신","1","0","1","1","A13","84B","3","Y"
"2021","384","경기 파주시","20211019","20211025","14","20211029","20211022","군인특별공급 운정신","1","0","1","1","A13","84D","3","Y"
"2021","384","경기 파주시","20211019","20211025","14","20211029","20211022","군인특별공급 운정신","1","0","1","1","A13","84C","2","Y"
"2021","384","경기 파주시","20211019","20211025","14","20211029","20211022","군인특별공급 운정신","1","0","1","1","A13","84A","3","Y"
"2021","384","경기 파주시","20211019","20211025","14","20211029","20211022","군인특별공급 운정신","1","0","1","1","A13","59A","8","Y"
"2021","383","경북 경주시","20211014","20211018","14","20211022","20211013","군인특별공급 경주 ","1","0","1","1","D-5","84A","3","Y"
"2021","383","경북 경주시","20211014","20211018","14","20211022","20211013","군인특별공급 경주 ","1","0","1","1","D-5","84B","2","Y"
"2021","383","경북 경주시","20211014","20211018","14","20211022","20211013","군인특별공급 경주 ","1","0","1","1","D-5","84C","1","Y"
"2021","382","경남 진주시","20211014","20211018","14","20211022","20211015","군인특별공급 신진주","1","0","1","1","B-2","84A","10","Y"
"2021","381","대구 수성구","20211012","20211018","14","20211022","20211015","군인특별공급 시지 ","1","0","1","1","주택형","84","1","Y"
"2021","380","경기 동두천시","20211012","20211025","14","20211029","20211022","(일정변경)청약자격","1","0","1","1","청약자격확인","청약자격확인","5","Y"
"2021","378","경기 용인시","20211012","20220124","14","20220128","20220120","청약자격확인 경기 ","1","0","1","1","3","청약자격확인","41","Y"
"2021","377","경기 용인시","20211012","20220124","14","20220128","20220120","청약자격확인 경기 ","1","0","1","1","2","청약자격확인","39","Y"
"2021","376","경기 용인시","20211012","20220124","14","20220128","20220120","청약자격확인 경기 ","1","0","1","1","1","청약자격확인","31","Y"
"2021","375","경기 용인시","20211012","20220124","14","20220128","20220120","군인특별공급 경기 ","1","0","1","1","3","59A","4","Y"
"2021","375","경기 용인시","20211012","20220124","14","20220128","20220120","군인특별공급 경기 ","1","0","1","1","3","59C","1","Y"
"2021","375","경기 용인시","20211012","20220124","14","20220128","20220120","군인특별공급 경기 ","1","0","1","1","3","59D","1","Y"
"2021","375","경기 용인시","20211012","20220124","14","20220128","20220120","군인특별공급 경기 ","1","0","1","1","3","76A","5","Y"
"2021","375","경기 용인시","20211012","20220124","14","20220128","20220120","군인특별공급 경기 ","1","0","1","1","3","84E","1","Y"
"2021","375","경기 용인시","20211012","20220124","14","20220128","20220120","군인특별공급 경기 ","1","0","1","1","3","84A","9","Y"
"2021","375","경기 용인시","20211012","20220124","14","20220128","20220120","군인특별공급 경기 ","1","0","1","1","3","84B","4","Y"
"2021","375","경기 용인시","20211012","20220124","14","20220128","20220120","군인특별공급 경기 ","1","0","1","1","3","84C","7","Y"
"2021","375","경기 용인시","20211012","20220124","14","20220128","20220120","군인특별공급 경기 ","1","0","1","1","3","76B","5","Y"
"2021","374","경기 용인시","20211012","20220124","14","20220128","20220120","군인특별공급 경기 ","1","0","1","1","2","59A","1","Y"
"2021","440","경남 창원시","20211116","20211129","14","20211203","20211126","(일정변경)군인특별","1","0","1","1","1-1","72B","2","Y"
"2021","439","경기 시흥시","20211116","20211122","14","20211126","20211118","청약자격확인 시흥하","1","1","0","0","A4","청약자격확인","11","Y"
"2021","439","경기 시흥시","20211116","20211122","14","20211126","20211118","청약자격확인 시흥하","1","1","0","0","A1","청약자격확인","11","Y"
"2021","438","경기 양주시","20211116","20211122","14","20211126","20211118","청약자격확인 양주회","1","1","0","0","A24","청약자격확인","24","Y"
"2021","437","경기 양주시","20211116","20211122","14","20211126","20211118","군인특별공급 양주회","1","1","0","0","A24","59","2","Y"
"2021","436","경기 하남시","20211116","20211122","14","20211126","20211118","군인특별공급 하남교","1","1","0","0","A2","59","2","Y"
"2021","435","충남 공주시","20211116","20220117","14","20220121","20220114","(일정변경)군인특별","1","0","1","1","B-3","84A","5","Y"
"2021","434","대전 서구","20211111","20211122","14","20211126","20211115","군인특별공급 대전 ","1","0","1","1","주택형","83A","1","Y"
"2021","433","전북 군산시","20211111","20211129","14","20211203","20211124","(일정변경)군인특별","1","0","1","1","주택형","84A","1","Y"
"2021","433","전북 군산시","20211111","20211129","14","20211203","20211124","(일정변경)군인특별","1","0","1","1","주택형","84B","1","Y"
"2021","432","경북 포항시","20211109","20211115","14","20211119","20211112","군인특별공급 포항펜","1","0","1","1","A3","84A","1","Y"
"2021","432","경북 포항시","20211109","20211115","14","20211119","20211112","군인특별공급 포항펜","1","0","1","1","A3","84C","1","Y"
"2021","432","경북 포항시","20211109","20211115","14","20211119","20211112","군인특별공급 포항펜","1","0","1","1","A3","84B","3","Y"
"2021","431","경북 포항시","20211109","20211115","14","20211119","20211112","군인특별공급 포항펜","1","0","1","1","A1","84C","3","Y"
"2021","431","경북 포항시","20211109","20211115","14","20211119","20211112","군인특별공급 포항펜","1","0","1","1","A1","84B","6","Y"
"2021","430","광주 북구","20211109","20211115","14","20211119","20211111","군인특별공급 센트럴","1","0","1","1","주택형","84F","1","Y"
"2021","430","광주 북구","20211109","20211115","14","20211119","20211111","군인특별공급 센트럴","1","0","1","1","주택형","84D","1","Y"
"2021","429","부산 남구","20211109","20211115","14","20211119","20211112","군인특별공급 힐스테","1","0","1","1","주택형","74B","1","Y"
"2021","429","부산 남구","20211109","20211115","14","20211119","20211112","군인특별공급 힐스테","1","0","1","1","주택형","59","1","Y"
"2021","428","전남 무안군","20211109","20211115","14","20211119","20211112","군인특별공급 힐스테","1","0","1","1","42","84A","3","Y"
"2021","428","전남 무안군","20211109","20211115","14","20211119","20211112","군인특별공급 힐스테","1","0","1","1","42","84B","6","Y"
"2021","428","전남 무안군","20211109","20211115","14","20211119","20211112","군인특별공급 힐스테","1","0","1","1","45","84B","1","Y"
"2021","428","전남 무안군","20211109","20211115","14","20211119","20211112","군인특별공급 힐스테","1","0","1","1","45","84A","6","Y"
"2021","428","전남 무안군","20211109","20211115","14","20211119","20211112","군인특별공급 힐스테","1","0","1","1","42","84C","3","Y"
"2021","427","경기 파주시","20211109","20211115","14","20211119","20211112","청약자격확인 GTX","1","0","1","1","A32","청약자격확인","23","Y"
"2021","426","경기 파주시","20211109","20211115","14","20211119","20211112","군인특별공급 GTX","1","0","1","1","A32","84A","7","Y"
"2021","426","경기 파주시","20211109","20211115","14","20211119","20211112","군인특별공급 GTX","1","0","1","1","A32","84C","3","Y"
"2021","426","경기 파주시","20211109","20211115","14","20211119","20211112","군인특별공급 GTX","1","0","1","1","A32","84B","3","Y"
"2021","425","대구 달서구","20211109","20211206","14","20211210","20211203","(일정변경)군인특별","1","0","1","1","주택형","84C","2","Y"
"2021","425","대구 달서구","20211109","20211206","14","20211210","20211203","(일정변경)군인특별","1","0","1","1","주택형","84E","1","Y"
"2021","425","대구 달서구","20211109","20211206","14","20211210","20211203","(일정변경)군인특별","1","0","1","1","주택형","84D","1","Y"
"2021","424","전북 익산시","20211109","20211129","14","20211203","20211126","(일정변경)군인특별","1","0","1","1","주택형","84A","10","Y"
"2021","424","전북 익산시","20211109","20211129","14","20211203","20211126","(일정변경)군인특별","1","0","1","1","주택형","84B","3","Y"
"2021","423","경기 의정부시","20211109","20211129","14","20211203","20211126","(일정변경)청약자격","1","0","1","1","청약자격확인","청약자격확인","4","Y"
"2021","422","경기 의정부시","20211109","20211129","14","20211203","20211126","(일정변경)군인특별","1","0","1","1","주택형","84B","1","Y"
"2021","422","경기 의정부시","20211109","20211129","14","20211203","20211126","(일정변경)군인특별","1","0","1","1","주택형","84A","2","Y"
"2021","421","경기 파주시","20211109","20211115","14","20211119","20211112","청약자격확인 파주 ","1","0","1","1","A7","청약자격확인","13","Y"
"2021","420","경기 파주시","20211109","20211115","14","20211119","20211112","군인특별공급 파주 ","1","0","1","1","A7","84A","1","Y"
"2021","420","경기 파주시","20211109","20211115","14","20211119","20211112","군인특별공급 파주 ","1","0","1","1","A7","84C","1","Y"
"2021","420","경기 파주시","20211109","20211115","14","20211119","20211112","군인특별공급 파주 ","1","0","1","1","A7","84B","2","Y"
"2021","419","대구 동구","20211109","20211129","14","20211203","20211125","(일정변경)군인특별","1","0","1","1","주택형","61B","1","Y"
"2021","419","대구 동구","20211109","20211129","14","20211203","20211125","(일정변경)군인특별","1","0","1","1","주택형","61A","2","Y"
"2021","418","경기 수원시","20211102","20211115","14","20211119","20211112","(일정변경)군인특별","1","0","1","1","주택형","84B","1","Y"
"2021","417","인천 미추홀구","20211102","20211108","14","20211112","20211104","청약자격확인 학익 ","1","0","1","1","청약자격확인","청약자격확인","36","Y"
"2021","416","인천 미추홀구","20211102","20211108","14","20211112","20211104","군인특별공급 학익 ","1","0","1","1","주택형","59A","10","Y"
"2021","416","인천 미추홀구","20211102","20211108","14","20211112","20211104","군인특별공급 학익 ","1","0","1","1","주택형","59B","2","Y"
"2021","416","인천 미추홀구","20211102","20211108","14","20211112","20211104","군인특별공급 학익 ","1","0","1","1","주택형","84B","1","Y"
"2021","416","인천 미추홀구","20211102","20211108","14","20211112","20211104","군인특별공급 학익 ","1","0","1","1","주택형","74B","1","Y"
"2021","416","인천 미추홀구","20211102","20211108","14","20211112","20211104","군인특별공급 학익 ","1","0","1","1","주택형","84A","1","Y"
"2021","416","인천 미추홀구","20211102","20211108","14","20211112","20211104","군인특별공급 학익 ","1","0","1","1","주택형","74A","2","Y"
"2021","415","경기 파주시","20211102","20211108","14","20211112","20211104","청약자격확인 금촌역","1","0","1","1","청약자격확인","청약자격확인","4","Y"
"2021","414","경기 파주시","20211102","20211108","14","20211112","20211104","군인특별공급 금촌역","1","0","1","1","주택형","57","2","Y"
"2021","414","경기 파주시","20211102","20211108","14","20211112","20211104","군인특별공급 금촌역","1","0","1","1","주택형","42","2","Y"
"2021","413","부산 강서구","20211102","20211108","14","20211112","20211104","군인특별공급 부산 ","1","0","1","1","7","84A","4","Y"
"2021","413","부산 강서구","20211102","20211108","14","20211112","20211104","군인특별공급 부산 ","1","0","1","1","7","84C","1","Y"
"2021","413","부산 강서구","20211102","20211108","14","20211112","20211104","군인특별공급 부산 ","1","0","1","1","7","84B","1","Y"
"2021","412","대구 중구","20211102","20211108","14","20211112","20211105","군인특별공급 더샵 ","1","0","1","1","주택형","84B","2","Y"
"2021","412","대구 중구","20211102","20211108","14","20211112","20211105","군인특별공급 더샵 ","1","0","1","1","주택형","84A","5","Y"
"2021","411","강원 원주시","20211102","20211108","14","20211112","20211105","군인특별공급 남원주","1","0","1","1","A1","62","1","Y"
"2021","411","강원 원주시","20211102","20211108","14","20211112","20211105","군인특별공급 남원주","1","0","1","1","A1","84B","3","Y"
"2021","411","강원 원주시","20211102","20211108","14","20211112","20211105","군인특별공급 남원주","1","0","1","1","A1","84A","6","Y"
"2021","410","경남 진주시","20211101","20211103","10","20211109","20211101","군인특별공급 신진주","1","0","1","1","B-1","84B","4","Y"
"2021","410","경남 진주시","20211101","20211103","10","20211109","20211101","군인특별공급 신진주","1","0","1","1","B-1","84A","6","Y"
"2021","409","경기 이천시","20211026","20211108","14","20211112","20211104","일정미정 추후재진행","1","0","1","1","청약자격확인","청약자격확인","5","Y"
"2021","408","경기 광주시","20211026","20211124","10","20211126","20211123","(일정변경)청약자격","1","0","1","1","청약자격확인","청약자격확인","1","Y"
"2021","407","경기 광주시","20211026","20211124","10","20211126","20211123","(일정변경)군인특별","1","0","1","1","주택형","84A","1","Y"
"2021","406","경북 경주시","20211026","20211115","14","20211119","20211111","(일정변경)군인특별","1","0","1","1","B3","84A","4","Y"
"2021","406","경북 경주시","20211026","20211115","14","20211119","20211111","(일정변경)군인특별","1","0","1","1","B3","84C","1","Y"
"2021","406","경북 경주시","20211026","20211115","14","20211119","20211111","(일정변경)군인특별","1","0","1","1","B3","84B","2","Y"
"2021","405","경남 양산시","20211026","20211101","14","20211105","20211029","군인특별공급 양산 ","1","0","1","1","B-2","84B","1","Y"
"2021","462","경기 의정부시","20211122","20211220","14","20211224","20211217","(일정변경)군인특별","1","0","1","1","주택형","84C","3","Y"
"2021","462","경기 의정부시","20211122","20211220","14","20211224","20211217","(일정변경)군인특별","1","0","1","1","주택형","84B","6","Y"
"2021","461","전남 구례군","20211122","20211129","14","20211203","20211125","군인특별공급 구례 ","1","0","1","1","주택형","84A","2","Y"
"2021","460","경기 광주시","20211122","20211220","14","20211224","20211216","(일정변경) 청약자","1","0","1","1","2","청약자격확인","15","Y"
"2021","460","경기 광주시","20211122","20211220","14","20211224","20211216","(일정변경) 청약자","1","0","1","1","1","청약자격확인","18","Y"
"2021","459","경기 광주시","20211122","20211220","14","20211224","20211216","(일정변경)군인특별","1","0","1","1","1","59A","1","Y"
"2021","459","경기 광주시","20211122","20211220","14","20211224","20211216","(일정변경)군인특별","1","0","1","1","1","59B","1","Y"
"2021","459","경기 광주시","20211122","20211220","14","20211224","20211216","(일정변경)군인특별","1","0","1","1","1","74A","1","Y"
"2021","459","경기 광주시","20211122","20211220","14","20211224","20211216","(일정변경)군인특별","1","0","1","1","1","74E","1","Y"
"2021","459","경기 광주시","20211122","20211220","14","20211224","20211216","(일정변경)군인특별","1","0","1","1","2","84A","5","Y"
"2021","459","경기 광주시","20211122","20211220","14","20211224","20211216","(일정변경)군인특별","1","0","1","1","1","84A","4","Y"
"2021","459","경기 광주시","20211122","20211220","14","20211224","20211216","(일정변경)군인특별","1","0","1","1","1","84D","1","Y"
"2021","459","경기 광주시","20211122","20211220","14","20211224","20211216","(일정변경)군인특별","1","0","1","1","2","64A","1","Y"
"2021","459","경기 광주시","20211122","20211220","14","20211224","20211216","(일정변경)군인특별","1","0","1","1","2","74E","1","Y"
"2021","459","경기 광주시","20211122","20211220","14","20211224","20211216","(일정변경)군인특별","1","0","1","1","1","74F","1","Y"
"2021","458","경기 이천시","20211122","20211213","14","20211217","20211210","(일정변경)청약자격","1","0","1","1","청약자격확인","청약자격확인","18","Y"
"2021","457","경기 이천시","20211122","20211213","14","20211217","20211210","(일정변경)군인특별","1","0","1","1","주택형","84B","1","Y"
"2021","457","경기 이천시","20211122","20211213","14","20211217","20211210","(일정변경)군인특별","1","0","1","1","주택형","84A","2","Y"
"2021","456","인천 중구","20211122","20211129","14","20211203","20211126","청약자격확인 영종하","1","0","1","1","A25","청약자격확인","37","Y"
"2021","455","인천 중구","20211122","20211129","14","20211203","20211126","군인특별공급 영종하","1","0","1","1","A25","84A","5","Y"
"2021","455","인천 중구","20211122","20211129","14","20211203","20211126","군인특별공급 영종하","1","0","1","1","A25","84AP","1","Y"
"2021","455","인천 중구","20211122","20211129","14","20211203","20211126","군인특별공급 영종하","1","0","1","1","A25","84D","5","Y"
"2021","455","인천 중구","20211122","20211129","14","20211203","20211126","군인특별공급 영종하","1","0","1","1","A25","84C","4","Y"
"2021","455","인천 중구","20211122","20211129","14","20211203","20211126","군인특별공급 영종하","1","0","1","1","A25","84B","4","Y"
"2021","454","충남 천안시","20211122","20211129","14","20211203","20211126","일정미정 추후재진행","1","0","1","1","주택형","59A","2","Y"
"2021","454","충남 천안시","20211122","20211129","14","20211203","20211126","일정미정 추후재진행","1","0","1","1","주택형","74B","3","Y"
"2021","454","충남 천안시","20211122","20211129","14","20211203","20211126","일정미정 추후재진행","1","0","1","1","주택형","59B","2","Y"
"2021","453","경남 창원시","20211122","20211213","14","20211217","20211213","(일정변경)군인특별","1","0","1","1","2","84B","2","Y"
"2021","453","경남 창원시","20211122","20211213","14","20211217","20211213","(일정변경)군인특별","1","0","1","1","2","84A","1","Y"
"2021","452","경남 창원시","20211122","20211213","14","20211217","20211213","(일정변경)군인특별","1","0","1","1","1","84B","2","Y"
"2021","452","경남 창원시","20211122","20211213","14","20211217","20211213","(일정변경)군인특별","1","0","1","1","1","84A","1","Y"
"2021","451","광주 남구","20211122","20211208","10","20211210","20211206","(일정변경)군인특별","1","0","1","1","주택형","65B","1","Y"
"2021","451","광주 남구","20211122","20211208","10","20211210","20211206","(일정변경)군인특별","1","0","1","1","주택형","65A","1","Y"
"2021","450","전북 익산시","20211122","20211129","14","20211203","20211129","군인특별공급 익산 ","1","0","1","1","주택형","29","6","Y"
"2021","450","전북 익산시","20211122","20211129","14","20211203","20211129","군인특별공급 익산 ","1","0","1","1","주택형","59","3","Y"
"2021","450","전북 익산시","20211122","20211129","14","20211203","20211129","군인특별공급 익산 ","1","0","1","1","주택형","49","2","Y"
"2021","449","충남 홍성군","20211122","20211129","14","20211203","20211126","군인특별공급 내포신","1","0","1","1","RC-2","84A","3","Y"
"2021","449","충남 홍성군","20211122","20211129","14","20211203","20211126","군인특별공급 내포신","1","0","1","1","RC-2","84C","3","Y"
"2021","449","충남 홍성군","20211122","20211129","14","20211203","20211126","군인특별공급 내포신","1","0","1","1","RC-2","84B","5","Y"
"2021","448","대구 동구","20211122","20211206","14","20211210","20211202","(일정변경)군인특별","1","0","1","1","주택형","78","2","Y"
"2021","448","대구 동구","20211122","20211206","14","20211210","20211202","(일정변경)군인특별","1","0","1","1","주택형","84B","4","Y"
"2021","448","대구 동구","20211122","20211206","14","20211210","20211202","(일정변경)군인특별","1","0","1","1","주택형","84A","4","Y"
"2021","447","충남 아산시","20211122","20211129","14","20211203","20211126","군인특별공급 아산탕","1","0","1","1","2-A3","74B","1","Y"
"2021","447","충남 아산시","20211122","20211129","14","20211203","20211126","군인특별공급 아산탕","1","0","1","1","2-A3","84B","1","Y"
"2021","447","충남 아산시","20211122","20211129","14","20211203","20211126","군인특별공급 아산탕","1","0","1","1","2-A3","84A","4","Y"
"2021","446","충남 당진시","20211122","20211129","14","20211203","20211126","군인특별공급 당진 ","1","0","1","1","A3","74C","1","Y"
"2021","446","충남 당진시","20211122","20211129","14","20211203","20211126","군인특별공급 당진 ","1","0","1","1","A3","84C","1","Y"
"2021","446","충남 당진시","20211122","20211129","14","20211203","20211126","군인특별공급 당진 ","1","0","1","1","A3","84B","1","Y"
"2021","446","충남 당진시","20211122","20211129","14","20211203","20211126","군인특별공급 당진 ","1","0","1","1","A3","84A","2","Y"
"2021","445","전북 익산시","20211118","20211124","10","20211126","20211123","군인특별공급 익산 ","1","0","1","1","주택형","59","2","Y"
"2021","445","전북 익산시","20211118","20211124","10","20211126","20211123","군인특별공급 익산 ","1","0","1","1","주택형","74","2","Y"
"2021","445","전북 익산시","20211118","20211124","10","20211126","20211123","군인특별공급 익산 ","1","0","1","1","주택형","84C","3","Y"
"2021","445","전북 익산시","20211118","20211124","10","20211126","20211123","군인특별공급 익산 ","1","0","1","1","주택형","84B","4","Y"
"2021","445","전북 익산시","20211118","20211124","10","20211126","20211123","군인특별공급 익산 ","1","0","1","1","주택형","84A","7","Y"
"2021","444","강원 평창군","20211116","20211129","14","20211203","20211126","(일정변경)군인특별","1","0","1","1","주택형","82","2","Y"
"2021","444","강원 평창군","20211116","20211129","14","20211203","20211126","(일정변경)군인특별","1","0","1","1","주택형","80","2","Y"
"2021","443","경북 포항시","20211116","20211129","14","20211203","20211123","(일정변경)군인특별","1","0","1","1","A2","84A","6","Y"
"2021","443","경북 포항시","20211116","20211129","14","20211203","20211123","(일정변경)군인특별","1","0","1","1","A2","84B","4","Y"
"2021","443","경북 포항시","20211116","20211129","14","20211203","20211123","(일정변경)군인특별","1","0","1","1","A2","84C","4","Y"
"2021","443","경북 포항시","20211116","20211129","14","20211203","20211123","(일정변경)군인특별","1","0","1","1","A4","84C","1","Y"
"2021","443","경북 포항시","20211116","20211129","14","20211203","20211123","(일정변경)군인특별","1","0","1","1","A4","84A","4","Y"
"2021","443","경북 포항시","20211116","20211129","14","20211203","20211123","(일정변경)군인특별","1","0","1","1","A4","84B","3","Y"
"2021","443","경북 포항시","20211116","20211129","14","20211203","20211123","(일정변경)군인특별","1","0","1","1","A2","84D","1","Y"
"2021","442","경남 양산시","20211116","20211213","14","20211217","20211210","(일정변경)군인특별","1","0","1","1","주택형","84","6","Y"
"2021","442","경남 양산시","20211116","20211213","14","20211217","20211210","(일정변경)군인특별","1","0","1","1","주택형","74B","1","Y"
"2021","441","강원 철원군","20211116","20211129","14","20211203","20211125","군인특별공급 철원 ","1","0","1","1","주택형","59E","1","Y"
"2021","441","강원 철원군","20211116","20211129","14","20211203","20211125","군인특별공급 철원 ","1","0","1","1","주택형","84A","3","Y"
"2021","440","경남 창원시","20211116","20211129","14","20211203","20211126","(일정변경)군인특별","1","0","1","1","1-1","59","4","Y"
"2021","440","경남 창원시","20211116","20211129","14","20211203","20211126","(일정변경)군인특별","1","0","1","1","1-1","72A","7","Y"
"2021","440","경남 창원시","20211116","20211129","14","20211203","20211126","(일정변경)군인특별","1","0","1","1","1-1","84B","1","Y"
"2021","440","경남 창원시","20211116","20211129","14","20211203","20211126","(일정변경)군인특별","1","0","1","1","1-1","84A","4","Y"
"2022","98","광주 광산구","20220321","20220401","14","20220404","20220329","군인특별공급 선운2","1","0","1","1","주택형","84A","3","Y"
"2022","97","경남 양산시","20220321","20220328","14","20220329","20220324","군인특별공급 양산 ","1","0","1","1","주택형","84B","1","Y"
"2022","97","경남 양산시","20220321","20220328","14","20220329","20220324","군인특별공급 양산 ","1","0","1","1","주택형","84A","6","Y"
"2022","96","경남 창원시","20220321","20220412","14","20220414","20220408","군인특별공급 힐스테","1","0","1","1","주택형","84","15","Y"
"2022","95","경남 양산시","20220317","20220328","14","20220330","20220325","군인특별공급 양산 ","1","0","1","1","주택형","70","1","Y"
"2022","95","경남 양산시","20220317","20220328","14","20220330","20220325","군인특별공급 양산 ","1","0","1","1","주택형","84B","3","Y"
"2022","95","경남 양산시","20220317","20220328","14","20220330","20220325","군인특별공급 양산 ","1","0","1","1","주택형","84A","5","Y"
"2022","94","강원 강릉시","20220317","20220328","14","20220330","20220325","군인특별공급 주문진","1","0","1","1","주택형","84","2","Y"
"2021","484","부산 기장군","20211123","20211206","14","20211210","20211130","군인특별공급 부산 ","1","0","1","1","B-2","84A","2","Y"
"2021","484","부산 기장군","20211123","20211206","14","20211210","20211130","군인특별공급 부산 ","1","0","1","1","B-2","59B","1","Y"
"2021","483","경남 사천시","20211122","20211206","14","20211210","20211203","군인특별공급 사천 ","1","0","1","1","주택형","59A","2","Y"
"2021","483","경남 사천시","20211122","20211206","14","20211210","20211203","군인특별공급 사천 ","1","0","1","1","주택형","84B","2","Y"
"2021","483","경남 사천시","20211122","20211206","14","20211210","20211203","군인특별공급 사천 ","1","0","1","1","주택형","84A","1","Y"
"2021","482","부산 사하구","20211122","20211206","14","20211210","20211129","군인특별공급 사하 ","1","0","1","1","주택형","64A","1","Y"
"2021","482","부산 사하구","20211122","20211206","14","20211210","20211129","군인특별공급 사하 ","1","0","1","1","주택형","84A","1","Y"
"2021","482","부산 사하구","20211122","20211206","14","20211210","20211129","군인특별공급 사하 ","1","0","1","1","주택형","76C","1","Y"
"2021","481","전북 전주시","20211122","20211206","14","20211210","20211130","군인특별공급 전주 ","1","1","0","0","A2","59B","1","Y"
"2021","481","전북 전주시","20211122","20211206","14","20211210","20211130","군인특별공급 전주 ","1","1","0","0","A2","59A","1","Y"
"2021","480","인천 부평구","20211122","20211201","10","20211207","20211129","군인특별공급 부평역","1","0","1","1","주택형","59A","2","Y"
"2021","480","인천 부평구","20211122","20211201","10","20211207","20211129","군인특별공급 부평역","1","0","1","1","주택형","59B","1","Y"
"2021","480","인천 부평구","20211122","20211201","10","20211207","20211129","군인특별공급 부평역","1","0","1","1","주택형","72C","3","Y"
"2021","480","인천 부평구","20211122","20211201","10","20211207","20211129","군인특별공급 부평역","1","0","1","1","주택형","72A","3","Y"
"2021","480","인천 부평구","20211122","20211201","10","20211207","20211129","군인특별공급 부평역","1","0","1","1","주택형","72B","2","Y"
"2021","480","인천 부평구","20211122","20211201","10","20211207","20211129","군인특별공급 부평역","1","0","1","1","주택형","59C","1","Y"
"2021","479","충남 공주시","20211122","20211201","10","20211207","20211129","군인특별공급 공주 ","1","0","1","1","주택형","84B","3","Y"
"2021","479","충남 공주시","20211122","20211201","10","20211207","20211129","군인특별공급 공주 ","1","0","1","1","주택형","84A","3","Y"
"2021","478","경남 김해시","20211122","20211129","14","20211203","20211125","군인특별공급 이안 ","1","0","1","1","1","59B","1","Y"
"2021","478","경남 김해시","20211122","20211129","14","20211203","20211125","군인특별공급 이안 ","1","0","1","1","2","84","1","Y"
"2021","477","경남 사천시","20211122","20211129","14","20211203","20211125","군인특별공급 사천 ","1","0","1","1","주택형","59A","5","Y"
"2021","477","경남 사천시","20211122","20211129","14","20211203","20211125","군인특별공급 사천 ","1","0","1","1","주택형","59B","3","Y"
"2021","477","경남 사천시","20211122","20211129","14","20211203","20211125","군인특별공급 사천 ","1","0","1","1","주택형","59C","1","Y"
"2021","477","경남 사천시","20211122","20211129","14","20211203","20211125","군인특별공급 사천 ","1","0","1","1","주택형","76A","3","Y"
"2021","477","경남 사천시","20211122","20211129","14","20211203","20211125","군인특별공급 사천 ","1","0","1","1","주택형","84C","1","Y"
"2021","477","경남 사천시","20211122","20211129","14","20211203","20211125","군인특별공급 사천 ","1","0","1","1","주택형","76C","1","Y"
"2021","477","경남 사천시","20211122","20211129","14","20211203","20211125","군인특별공급 사천 ","1","0","1","1","주택형","84A","2","Y"
"2021","477","경남 사천시","20211122","20211129","14","20211203","20211125","군인특별공급 사천 ","1","0","1","1","주택형","84B","1","Y"
"2021","477","경남 사천시","20211122","20211129","14","20211203","20211125","군인특별공급 사천 ","1","0","1","1","주택형","76B","3","Y"
"2021","476","경북 구미시","20211122","20211129","14","20211203","20211126","군인특별공급 구미 ","1","0","1","1","공2","84A","16","Y"
"2021","476","경북 구미시","20211122","20211129","14","20211203","20211126","군인특별공급 구미 ","1","0","1","1","공2","84C","2","Y"
"2021","476","경북 구미시","20211122","20211129","14","20211203","20211126","군인특별공급 구미 ","1","0","1","1","공2","84B","2","Y"
"2021","475","경북 구미시","20211122","20211129","14","20211203","20211126","군인특별공급 구미 ","1","0","1","1","공1","84A","11","Y"
"2021","475","경북 구미시","20211122","20211129","14","20211203","20211126","군인특별공급 구미 ","1","0","1","1","공1","84D","3","Y"
"2021","475","경북 구미시","20211122","20211129","14","20211203","20211126","군인특별공급 구미 ","1","0","1","1","공1","84C","1","Y"
"2021","475","경북 구미시","20211122","20211129","14","20211203","20211126","군인특별공급 구미 ","1","0","1","1","공1","84B","2","Y"
"2021","474","경북 포항시","20211122","20211206","14","20211210","20211203","(일정변경)군인특별","1","0","1","1","주택형","59","1","Y"
"2021","474","경북 포항시","20211122","20211206","14","20211210","20211203","(일정변경)군인특별","1","0","1","1","주택형","84","2","Y"
"2021","474","경북 포항시","20211122","20211206","14","20211210","20211203","(일정변경)군인특별","1","0","1","1","주택형","69C","2","Y"
"2021","473","경남 김해시","20211122","20220112","14","20220114","20220110","(일정변경)군인특별","1","0","1","1","46","76A","3","Y"
"2021","473","경남 김해시","20211122","20220112","14","20220114","20220110","(일정변경)군인특별","1","0","1","1","46","84A","4","Y"
"2021","473","경남 김해시","20211122","20220112","14","20220114","20220110","(일정변경)군인특별","1","0","1","1","46","76B","1","Y"
"2021","472","전북 익산시","20211122","20211129","14","20211203","20211125","군인특별공급 유블레","1","0","1","1","주택형","84","4","Y"
"2021","472","전북 익산시","20211122","20211129","14","20211203","20211125","군인특별공급 유블레","1","0","1","1","46","84A","4","N"
"2021","472","전북 익산시","20211122","20211129","14","20211203","20211125","군인특별공급 유블레","1","0","1","1","46","76B","1","N"
"2021","472","전북 익산시","20211122","20211129","14","20211203","20211125","군인특별공급 유블레","1","0","1","1","46","76A","3","N"
"2021","471","세종시","20211122","20211129","14","20211203","20211125","군인특별공급 행정중","1","1","0","0","6-3M2","59A","1","Y"
"2021","471","세종시","20211122","20211129","14","20211203","20211125","군인특별공급 행정중","1","1","0","0","6-3M2","84B","1","Y"
"2021","471","세종시","20211122","20211129","14","20211203","20211125","군인특별공급 행정중","1","1","0","0","6-3M2","84A","1","Y"
"2021","471","세종시","20211122","20211129","14","20211203","20211125","군인특별공급 행정중","1","1","0","0","6-3M2","59B","1","Y"
"2021","470","인천 서구","20211122","20211220","14","20211224","20211217","(일정변경)군인특별","1","0","1","1","주택형","59A","2","Y"
"2021","470","인천 서구","20211122","20211220","14","20211224","20211217","(일정변경)군인특별","1","0","1","1","주택형","74B","1","Y"
"2021","470","인천 서구","20211122","20211220","14","20211224","20211217","(일정변경)군인특별","1","0","1","1","주택형","59B","1","Y"
"2021","469","전남 장성군","20211122","20211129","14","20211203","20211126","군인특별공급 그랜드","1","0","1","1","주택형","84A","1","Y"
"2021","468","인천 연수구","20211122","20211227","14","20211231","20211224","(일정변경)군인특별","1","0","1","1","B3","84A","1","Y"
"2021","468","인천 연수구","20211122","20211227","14","20211231","20211224","(일정변경)군인특별","1","0","1","1","B3","84B","1","Y"
"2021","467","경기 안성시","20211122","20211129","14","20211203","20211126","청약자격확인 안성 ","1","0","1","1","청약자격확인","청약자격확인","5","Y"
"2021","466","경기 안성시","20211122","20211129","14","20211203","20211126","군인특별공급 안성 ","1","0","1","1","주택형","59A","1","Y"
"2021","465","경기 과천시","20211122","20211129","14","20211203","20211125","군인특별공급 과천 ","1","0","1","1","주택형","84A","1","Y"
"2021","464","서울 성북구","20211122","20211129","14","20211203","20211125","군인특별공급 해링턴","1","0","1","1","주택형","84A","1","Y"
"2021","464","서울 성북구","20211122","20211129","14","20211203","20211125","군인특별공급 해링턴","1","0","1","1","주택형","75C","1","Y"
"2021","463","경기 의정부시","20211122","20211220","14","20211224","20211217","(일정변경)청약자격","1","0","1","1","청약자격확인","청약자격확인","19","Y"
"2021","462","경기 의정부시","20211122","20211220","14","20211224","20211217","(일정변경)군인특별","1","0","1","1","주택형","84A","4","Y"
"2022","77","인천 계양구","20220314","20220329","14","20220331","20220325","군인특별공급 작전역","1","0","1","1","주택형","59A","1","Y"
"2022","76","경기 부천시","20220310","20220313","14","20220314","20220307","군인특별공급 원종 ","1","0","1","1","주택형","70B","1","Y"
"2022","76","경기 부천시","20220310","20220313","14","20220314","20220307","군인특별공급 원종 ","1","0","1","1","주택형","74E","1","Y"
"2022","75","대전 중구","20220308","20220310","14","20220311","20220304","군인특별공급 서대전","1","0","1","1","주택형","84A","1","Y"
"2022","75","대전 중구","20220308","20220310","14","20220311","20220304","군인특별공급 서대전","1","0","1","1","주택형","84D","1","Y"
"2022","75","대전 중구","20220308","20220310","14","20220311","20220304","군인특별공급 서대전","1","0","1","1","주택형","84C","1","Y"
"2022","75","대전 중구","20220308","20220310","14","20220311","20220304","군인특별공급 서대전","1","0","1","1","주택형","84B","1","Y"
"2022","74","경기 화성시","20220303","20220525","14","20220526","20220520","군인특별공급 봉담 ","1","0","1","1","주택형","59B","1","Y"
"2022","74","경기 화성시","20220303","20220525","14","20220526","20220520","군인특별공급 봉담 ","1","0","1","1","주택형","59A","1","Y"
"2022","73","시스템오류","20220303","20220313","14","20220314","20220311","시스템오류","1","0","1","1","주택형","59A","1","Y"
"2022","73","시스템오류","20220303","20220313","14","20220314","20220311","시스템오류","1","0","1","1","주택형","59B","1","Y"
"2022","73","시스템오류","20220303","20220313","14","20220314","20220311","시스템오류","1","0","1","1","주택형","59C","1","Y"
"2022","72","울산 남구","20220303","20220321","14","20220323","20220318","군인특별공급 삼호비","1","0","1","1","주택형","59","1","Y"
"2022","71","세종시","20220303","20220314","14","20220316","20220311","군인특별공급 가락마","1","0","1","1","주택형","84A","1","Y"
"2022","70","세종시","20220303","20220314","14","20220316","20220311","군인특별공급 가락마","1","0","1","1","주택형","59A","1","Y"
"2022","70","세종시","20220303","20220314","14","20220316","20220311","군인특별공급 가락마","1","0","1","1","주택형","59C","1","Y"
"2022","69","서울 중구","20220303","20220410","14","20220412","20220408","군인특별공급 힐스테","1","0","1","1","주택형","45B","2","Y"
"2022","69","서울 중구","20220303","20220410","14","20220412","20220408","군인특별공급 힐스테","1","0","1","1","주택형","49B","1","Y"
"2022","69","서울 중구","20220303","20220410","14","20220412","20220408","군인특별공급 힐스테","1","0","1","1","특별공급","45B","2","N"
"2022","69","서울 중구","20220303","20220410","14","20220412","20220408","군인특별공급 힐스테","1","0","1","1","주택형","49C","1","Y"
"2022","93","경기 용인시","20220317","20220328","14","20220330","20220325","청약자격확인 용인 ","1","0","1","1","주택형","청약자격확인","34","Y"
"2022","94","강원 강릉시","20220317","20220328","14","20220330","20220325","군인특별공급 주문진","1","0","1","1","주택형","73","2","Y"
"2022","94","강원 강릉시","20220317","20220328","14","20220330","20220325","군인특별공급 주문진","1","0","1","1","주택형","77A","1","Y"
"2022","94","강원 강릉시","20220317","20220328","14","20220330","20220325","군인특별공급 주문진","1","0","1","1","주택형","77B","1","Y"
"2022","114","경기 파주시","20220325","20220404","14","20220406","20220330","군인특별공급 파주운","1","0","1","1","주택형","59A","4","Y"
"2022","114","경기 파주시","20220325","20220404","14","20220406","20220330","군인특별공급 파주운","1","0","1","1","주택형","84A","2","Y"
"2022","114","경기 파주시","20220325","20220404","14","20220406","20220330","군인특별공급 파주운","1","0","1","1","주택형","84B","1","Y"
"2022","113","경기 평택시","20220324","20220401","14","20220404","20220329","청약자격확인 LH ","1","1","0","0","주택형21","청약자격확인","21","Y"
"2022","112","경기 평택시","20220324","20220401","14","20220404","20220329","군인특별공급 LH ","1","1","0","0","주택형","59","1","Y"
"2022","112","경기 평택시","20220324","20220401","14","20220404","20220329","군인특별공급 LH ","1","1","0","0","주택형","51","1","Y"
"2022","111","인천 영종","20220324","20220401","14","20220404","20220329","군인특별공급 LH ","1","1","0","0","주택형","74","1","Y"
"2022","111","인천 영종","20220324","20220401","14","20220404","20220329","군인특별공급 LH ","1","1","0","0","주택형","84","1","Y"
"2022","110","경기 양주시","20220324","20220404","14","20220405","20220329","청약자격확인 양주 ","1","0","1","1","주택형","청약자격확인","17","Y"
"2022","109","경기 양주시","20220324","20220404","14","20220405","20220329","군인특별공급 양주 ","1","0","1","1","주택형","B4C","1","Y"
"2022","109","경기 양주시","20220324","20220404","14","20220405","20220329","군인특별공급 양주 ","1","0","1","1","주택형","84A","2","Y"
"2022","109","경기 양주시","20220324","20220404","14","20220405","20220329","군인특별공급 양주 ","1","0","1","1","주택형","84B","2","Y"
"2022","108","인천 중구","20220324","20220330","14","20220401","20220329","군인특별공급 인천 ","1","0","1","1","주택형","59A","1","Y"
"2022","107","경기 평택시","20220324","20220403","14","20220405","20220329","청약자격확인 평택 ","1","0","1","1","주택형","청약자격확인","19","Y"
"2022","106","경기 평택시","20220324","20220403","14","20220405","20220329","군인특별공급 평택 ","1","0","1","1","주택형","84A","3","Y"
"2022","106","경기 평택시","20220324","20220403","14","20220405","20220329","군인특별공급 평택 ","1","0","1","1","주택형","84B","1","Y"
"2022","105","경남 김해시","20220324","20220404","14","20220405","20220329","군인특별공급 김해 ","1","0","1","1","주택형","84B","3","Y"
"2022","105","경남 김해시","20220324","20220404","14","20220405","20220329","군인특별공급 김해 ","1","0","1","1","주택형","84A","3","Y"
"2022","104","부산 부산진구","20220324","20220401","14","20220404","20220328","군인특별공급 부암2","1","0","1","1","주택형","59A","3","Y"
"2022","104","부산 부산진구","20220324","20220401","14","20220404","20220328","군인특별공급 부암2","1","0","1","1","주택형","84","2","Y"
"2022","104","부산 부산진구","20220324","20220401","14","20220404","20220328","군인특별공급 부암2","1","0","1","1","주택형","74","2","Y"
"2022","104","부산 부산진구","20220324","20220401","14","20220404","20220328","군인특별공급 부암2","1","0","1","1","주택형","59B","4","Y"
"2022","103","인천 서구","20220324","20220404","14","20220406","20220329","군인특별공급 인천 ","1","0","1","1","주택형","84B","1","Y"
"2022","103","인천 서구","20220324","20220404","14","20220406","20220329","군인특별공급 인천 ","1","0","1","1","주택형","84C","1","Y"
"2022","103","인천 서구","20220324","20220404","14","20220406","20220329","군인특별공급 인천 ","1","0","1","1","주택형","84A","1","Y"
"2022","102","경기 이천시","20220323","20220327","14","20220328","20220325","군인특별공급 이천 ","1","0","1","1","주택형","84","4","Y"
"2022","102","경기 이천시","20220323","20220327","14","20220328","20220325","군인특별공급 이천 ","1","0","1","1","주택형","78B","3","Y"
"2022","102","경기 이천시","20220323","20220327","14","20220328","20220325","군인특별공급 이천 ","1","0","1","1","주택형","70","3","Y"
"2022","102","경기 이천시","20220323","20220327","14","20220328","20220325","군인특별공급 이천 ","1","0","1","1","주택형","78A","6","Y"
"2022","101","인천 서구","20220323","20220331","14","20220404","20220329","군인특별공굽 제일풍","1","0","1","1","주택형","84B","3","Y"
"2022","101","인천 서구","20220323","20220331","14","20220404","20220329","군인특별공굽 제일풍","1","0","1","1","주택형","84A","2","Y"
"2022","101","인천 서구","20220323","20220331","14","20220404","20220329","군인특별공굽 제일풍","1","0","1","1","주택형","74B","1","Y"
"2022","101","인천 서구","20220323","20220331","14","20220404","20220329","군인특별공굽 제일풍","1","0","1","1","주택형","74A","4","Y"
"2022","101","인천 서구","20220323","20220331","14","20220404","20220329","군인특별공굽 제일풍","1","0","1","1","주택형","84C","2","Y"
"2022","100","경기 파주시","20220323","20220404","14","20220405","20220329","군인특별공급 파주운","1","0","1","1","주택형","84C","1","Y"
"2022","100","경기 파주시","20220323","20220404","14","20220405","20220329","군인특별공급 파주운","1","0","1","1","주택형","84A","2","Y"
"2022","99","인천 서구","20220322","20220328","14","20220330","20220325","군인특별공급 힐스테","1","1","0","0","AA16BL","74A","1","Y"
"2022","99","인천 서구","20220322","20220328","14","20220330","20220325","군인특별공급 힐스테","1","1","0","0","주택형","74A","1","N"
"2022","99","인천 서구","20220322","20220328","14","20220330","20220325","군인특별공급 힐스테","1","1","0","0","주택형","84A","3","N"
"2022","99","인천 서구","20220322","20220328","14","20220330","20220325","군인특별공급 힐스테","1","1","0","0","AA16BL","84C","2","Y"
"2022","99","인천 서구","20220322","20220328","14","20220330","20220325","군인특별공급 힐스테","1","1","0","0","주택형","74B","1","N"
"2022","99","인천 서구","20220322","20220328","14","20220330","20220325","군인특별공급 힐스테","1","1","0","0","AA16BL","84A","3","Y"
"2022","99","인천 서구","20220322","20220328","14","20220330","20220325","군인특별공급 힐스테","1","1","0","0","주택형","84C","2","N"
"2022","99","인천 서구","20220322","20220328","14","20220330","20220325","군인특별공급 힐스테","1","1","0","0","주택형","84B","1","N"
"2022","99","인천 서구","20220322","20220328","14","20220330","20220325","군인특별공급 힐스테","1","1","0","0","AA16BL","74B","1","Y"
"2022","99","인천 서구","20220322","20220328","14","20220330","20220325","군인특별공급 힐스테","1","1","0","0","AA16BL","84B","1","Y"
"2022","98","광주 광산구","20220321","20220401","14","20220404","20220329","군인특별공급 선운2","1","0","1","1","주택형","84B","1","Y"
"2022","61","충남 아산시","20220222","20220304","14","20220307","20220228","군인특별공급 아산 ","1","0","1","1","A12","84B","1","Y"
"2022","61","충남 아산시","20220222","20220304","14","20220307","20220228","군인특별공급 아산 ","1","0","1","1","A12","84A","2","Y"
"2022","60","충북 청주시","20220222","20220303","14","20220304","20220228","군인특별공급 남청주","1","0","1","1","B1","84A","3","Y"
"2022","60","충북 청주시","20220222","20220303","14","20220304","20220228","군인특별공급 남청주","1","0","1","1","B1","84D","1","Y"
"2022","60","충북 청주시","20220222","20220303","14","20220304","20220228","군인특별공급 남청주","1","0","1","1","B1","84C","6","Y"
"2022","60","충북 청주시","20220222","20220303","14","20220304","20220228","군인특별공급 남청주","1","0","1","1","B1","84B","6","Y"
"2022","59","인천 서구","20220222","20220303","14","20220304","20220228","군인특별공급 인천검","1","0","1","1","AB-13","84A","1","Y"
"2022","59","인천 서구","20220222","20220303","14","20220304","20220228","군인특별공급 인천검","1","0","1","1","AB-13","84D","2","Y"
"2022","59","인천 서구","20220222","20220303","14","20220304","20220228","군인특별공급 인천검","1","0","1","1","AB-13","84C","1","Y"
"2022","59","인천 서구","20220222","20220303","14","20220304","20220228","군인특별공급 인천검","1","0","1","1","AB-13","84B","3","Y"
"2022","58","경기 의왕시","20220222","20220303","14","20220307","20220228","군인특별공급 제일풍","1","0","1","1","B2","84A","10","Y"
"2022","58","경기 의왕시","20220222","20220303","14","20220307","20220228","군인특별공급 제일풍","1","0","1","1","B2","84C","2","Y"
"2022","58","경기 의왕시","20220222","20220303","14","20220307","20220228","군인특별공급 제일풍","1","0","1","1","B2","84B","3","Y"
"2022","57","울산 울주군","20220221","20220303","14","20220307","20220228","군인특별공급 울산다","1","0","1","1","B2 블록","84B","3","Y"
"2022","57","울산 울주군","20220221","20220303","14","20220307","20220228","군인특별공급 울산다","1","0","1","1","B2 블록","84A","19","Y"
"2022","56","경기 파주시","20220218","20220303","14","20220308","20220224","청약자격확인 신영지","1","0","1","1","A42블록","84A","18","Y"
"2022","55","경기 의정부시","20220218","20220620","14","20220622","20220617","군인특별공급 힐스테","1","0","1","1","주택형","59A","2","Y"
"2022","55","경기 의정부시","20220218","20220620","14","20220622","20220617","군인특별공급 힐스테","1","0","1","1","주택형","59B","1","Y"
"2022","55","경기 의정부시","20220218","20220620","14","20220622","20220617","군인특별공급 힐스테","1","0","1","1","주택형","59C","1","Y"
"2022","55","경기 의정부시","20220218","20220620","14","20220622","20220617","군인특별공급 힐스테","1","0","1","1","주택형","84B","1","Y"
"2022","55","경기 의정부시","20220218","20220620","14","20220622","20220617","군인특별공급 힐스테","1","0","1","1","주택형","74B","1","Y"
"2022","55","경기 의정부시","20220218","20220620","14","20220622","20220617","군인특별공급 힐스테","1","0","1","1","주택형","84A","1","Y"
"2022","55","경기 의정부시","20220218","20220620","14","20220622","20220617","군인특별공급 힐스테","1","0","1","1","주택형","74A","2","Y"
"2022","54","광주 서구","20220218","20220228","14","20220302","20220225","군인특별공급 광주 ","1","0","1","1","주택형","84B","1","Y"
"2022","54","광주 서구","20220218","20220228","14","20220302","20220225","군인특별공급 광주 ","1","0","1","1","주택형","84A","2","Y"
"2022","53","광주 북구","20220218","20220228","14","20220302","20220225","군인특별공급 첨단 ","1","0","1","1","주택형","72","1","Y"
"2022","52","경기 이천시","20220217","20220228","14","20220302","20220224","청약자격확인 마장 ","1","0","1","1","B1블럭","청약자격확인","10","Y"
"2022","51","경기 이천시","20220217","20220228","14","20220302","20220224","군인특별공급 마장 ","1","0","1","1","B1","62","1","Y"
"2022","51","경기 이천시","20220217","20220228","14","20220302","20220224","군인특별공급 마장 ","1","0","1","1","B1","84","6","Y"
"2022","51","경기 이천시","20220217","20220228","14","20220302","20220224","군인특별공급 마장 ","1","0","1","1","B1","65","1","Y"
"2022","50","인천 연수구","20220217","20220302","14","20220303","20220223","군인특별공급 KTX","1","0","1","1","주택형","84A","1","Y"
"2022","50","인천 연수구","20220217","20220302","14","20220303","20220223","군인특별공급 KTX","1","0","1","1","주택형","77","2","Y"
"2022","49","경기 파주시","20220218","20220303","14","20220308","20220224","군인특별공급 신영지","1","0","1","1","A42BL","84","5","Y"
"2022","48","경기 남양주","20220217","20220304","14","20220307","20220228","청약자격확인 남양주","1","1","0","0","A-3","신혼희망타운","14","Y"
"2022","47","경기 남양주","20220217","20220304","14","20220307","20220228","청약자격확인 남양주","1","1","0","0","A20","신혼희망타운","17","Y"
"2022","92","시스템오류","20220317","20220328","14","20220330","20220325","청약자격확인 용인 ","1","0","1","1","주택형","청약자격확인","34","N"
"2022","91","경기 용인시","20220317","20220328","14","20220330","20220325","청약자격확인 용인 ","1","0","1","1","주택형","청약자격확인","34","Y"
"2022","90","경기 용인시","20220317","20220328","14","20220330","20220325","청약자격확인 용인 ","1","0","1","1","주택형","청약자격확인","34","Y"
"2022","89","경기 용인시","20220317","20220328","14","20220330","20220325","군인특별공급 용인 ","1","0","1","1","주택형","84A","7","Y"
"2022","89","경기 용인시","20220317","20220328","14","20220330","20220325","군인특별공급 용인 ","1","0","1","1","주택형","84B","1","Y"
"2022","88","경기 용인시","20220317","20220328","14","20220330","20220325","군인특별공급 용인 ","1","0","1","1","주택형","84B","5","Y"
"2022","88","경기 용인시","20220317","20220328","14","20220330","20220325","군인특별공급 용인 ","1","0","1","1","주택형","84A","5","Y"
"2022","87","경기 용인시","20220317","20220328","14","20220330","20220325","군인특별공급 용인 ","1","0","1","1","주택형","84A","5","Y"
"2022","87","경기 용인시","20220317","20220328","14","20220330","20220325","군인특별공급 용인 ","1","0","1","1","주택형","84B","3","Y"
"2022","86","서울 강북구","20220317","20220328","14","20220330","20220324","군인특별공급 한화 ","1","0","1","1","주택형","59A","2","Y"
"2022","86","서울 강북구","20220317","20220328","14","20220330","20220324","군인특별공급 한화 ","1","0","1","1","주택형","53A","1","Y"
"2022","85","대구 북구","20220316","20220329","14","20220330","20220324","군인특별공급 대구역","1","0","1","1","주택형","84C","1","Y"
"2022","85","대구 북구","20220316","20220329","14","20220330","20220324","군인특별공급 대구역","1","0","1","1","주택형","77A","1","Y"
"2022","85","대구 북구","20220316","20220329","14","20220330","20220324","군인특별공급 대구역","1","0","1","1","주택형","84A","1","Y"
"2022","85","대구 북구","20220316","20220329","14","20220330","20220324","군인특별공급 대구역","1","0","1","1","주택형","84B","2","Y"
"2022","84","경기 오산시","20220315","20220322","14","20220323","20220318","청약자격확인 오산세","1","0","1","1","주택형","청약자격확인","30","Y"
"2022","83","경기 오산시","20220315","20220322","14","20220323","20220318","군인특별공급 오산세","1","0","1","1","주택형","59P","5","Y"
"2022","83","경기 오산시","20220315","20220322","14","20220323","20220318","군인특별공급 오산세","1","0","1","1","주택형","84P","1","Y"
"2022","83","경기 오산시","20220315","20220322","14","20220323","20220318","군인특별공급 오산세","1","0","1","1","주택형","84","3","Y"
"2022","83","경기 오산시","20220315","20220322","14","20220323","20220318","군인특별공급 오산세","1","0","1","1","주택형","59B","3","Y"
"2022","82","경남 창원시","20220314","20220321","14","20220324","20220316","군인특별공급 창원현","1","1","0","0","주택형","51","1","Y"
"2022","82","경남 창원시","20220314","20220321","14","20220324","20220316","군인특별공급 창원현","1","1","0","0","주택형","59B","1","Y"
"2022","82","경남 창원시","20220314","20220321","14","20220324","20220316","군인특별공급 창원현","1","1","0","0","주택형","59A","1","Y"
"2022","82","경남 창원시","20220314","20220321","14","20220324","20220316","군인특별공급 창원현","1","1","0","0","주택형","52","1","Y"
"2022","81","경기 안양시","20220314","20220318","14","20220321","20220317","군인특별공급 안양역","1","0","1","1","주택형","59A","5","Y"
"2022","81","경기 안양시","20220314","20220318","14","20220321","20220317","군인특별공급 안양역","1","0","1","1","주택형","59B","1","Y"
"2022","81","경기 안양시","20220314","20220318","14","20220321","20220317","군인특별공급 안양역","1","0","1","1","주택형","59C","1","Y"
"2022","81","경기 안양시","20220314","20220318","14","20220321","20220317","군인특별공급 안양역","1","0","1","1","주택형","41","2","Y"
"2022","81","경기 안양시","20220314","20220318","14","20220321","20220317","군인특별공급 안양역","1","0","1","1","주택형","59E","1","Y"
"2022","80","울산 동구","20220314","20220316","14","20220317","20220311","군인특별공급 울산 ","1","0","1","1","주택형","81B","1","Y"
"2022","79","경기 오산시","20220314","20220323","14","20220324","20220318","군인특별공급 오산 ","1","0","1","1","주택형","69A","2","Y"
"2022","79","경기 오산시","20220314","20220323","14","20220324","20220318","군인특별공급 오산 ","1","0","1","1","주택형","84D","1","Y"
"2022","79","경기 오산시","20220314","20220323","14","20220324","20220318","군인특별공급 오산 ","1","0","1","1","주택형","84C","1","Y"
"2022","79","경기 오산시","20220314","20220323","14","20220324","20220318","군인특별공급 오산 ","1","0","1","1","주택형","84B","2","Y"
"2022","78","인천 계양구","20220314","20220329","14","20220331","20220325","청약자격확인 작전역","1","0","1","1","주택형","청약자격확인","5","Y"
"2022","77","인천 계양구","20220314","20220329","14","20220331","20220325","군인특별공급 작전역","1","0","1","1","주택형","8AA","1","Y"
"2022","44","경기 양주시","20220216","20220221","14","20220223","20220218","군인특별공급 신양주","1","0","1","1","주택형","84A","2","Y"
"2022","44","경기 양주시","20220216","20220221","14","20220223","20220218","군인특별공급 신양주","1","0","1","1","주택형","59B","1","Y"
"2022","43","대구 수성구","20220216","20220223","14","20220225","20220218","군인특별공급 수성센","1","0","1","1","주택형","69","1","Y"
"2022","43","대구 수성구","20220216","20220223","14","20220225","20220218","군인특별공급 수성센","1","0","1","1","주택형","84B","2","Y"
"2022","43","대구 수성구","20220216","20220223","14","20220225","20220218","군인특별공급 수성센","1","0","1","1","주택형","84A","3","Y"
"2022","42","충북 충주시","20220216","20220222","14","20220224","20220218","군인특별공급 충주 ","1","1","0","0","주택형","51F","7","Y"
"2022","42","충북 충주시","20220216","20220222","14","20220224","20220218","군인특별공급 충주 ","1","1","0","0","주택형","33C","6","Y"
"2022","41","대구 수성구","20220216","20220321","14","20220324","20220318","군인특별공급 대구 ","1","0","1","1","주택형","84","3","Y"
"2022","40","부산 사하구","20220216","20220330","14","20220401","20220323","군인특별공급 다대 ","1","0","1","1","주택형","59A","1","Y"
"2022","40","부산 사하구","20220216","20220330","14","20220401","20220323","군인특별공급 다대 ","1","0","1","1","주택형","59C","1","Y"
"2022","40","부산 사하구","20220216","20220330","14","20220401","20220323","군인특별공급 다대 ","1","0","1","1","주택형","59B","1","Y"
"2022","39","경기 구리시","20220216","20220221","14","20220224","20220217","군인특별공급 힐스테","1","0","1","1","주택형","59A","1","Y"
"2022","39","경기 구리시","20220216","20220221","14","20220224","20220217","군인특별공급 힐스테","1","0","1","1","주택형","84A","1","Y"
"2022","39","경기 구리시","20220216","20220221","14","20220224","20220217","군인특별공급 힐스테","1","0","1","1","주택형","74A","2","Y"
"2022","38","서울 구로구","20220216","20220221","14","20220222","20220217","군인특별공급 신영지","1","0","1","1","주택형","59C","1","Y"
"2022","38","서울 구로구","20220216","20220221","14","20220222","20220217","군인특별공급 신영지","1","0","1","1","주택형","59B","1","Y"
"2022","37","경기 안성시","20220216","20220221","14","20220224","20220217","청약자격확인 e편한","1","0","1","1","5BL","청약자격확인","41","Y"
"2022","36","경기 안성시","20220216","20220221","14","20220224","20220217","군인특별공급 e편한","1","0","1","1","5BL","67A","2","Y"
"2022","36","경기 안성시","20220216","20220221","14","20220224","20220217","군인특별공급 e편한","1","0","1","1","5BL","84B","6","Y"
"2022","36","경기 안성시","20220216","20220221","14","20220224","20220217","군인특별공급 e편한","1","0","1","1","5BL","84A","11","Y"
"2022","36","경기 안성시","20220216","20220221","14","20220224","20220217","군인특별공급 e편한","1","0","1","1","5BL","67B","2","Y"
"2022","35","경기 오산시","20220211","20220214","14","20220217","20220211","청약자격확인 오산세","1","0","1","1","청약자격확인","청약자격확인","3","Y"
"2022","34","대전 서구","20220211","20220214","14","20220216","20220211","군인특별공급 대전 ","1","0","1","1","주택형","49","1","Y"
"2022","34","대전 서구","20220211","20220214","14","20220216","20220211","군인특별공급 대전 ","1","0","1","1","주택형","59","3","Y"
"2022","34","대전 서구","20220211","20220214","14","20220216","20220211","군인특별공급 대전 ","1","0","1","1","주택형","84","2","Y"
"2022","34","대전 서구","20220211","20220214","14","20220216","20220211","군인특별공급 대전 ","1","0","1","1","주택형","74B","3","Y"
"2022","34","대전 서구","20220211","20220214","14","20220216","20220211","군인특별공급 대전 ","1","0","1","1","주택형","74A","1","Y"
"2022","33","경기 오산시","20220211","20220214","14","20220217","20220211","군인특별공급 오산 ","1","0","1","1","주택형","59a1","1","Y"
"2022","33","경기 오산시","20220211","20220214","14","20220217","20220211","군인특별공급 오산 ","1","0","1","1","주택형","45a1","1","Y"
"2022","32","대전 중구","20220209","20220214","14","20220215","20220211","군인특별공급 해링턴","1","0","1","1","주택형","59A","2","Y"
"2022","32","대전 중구","20220209","20220214","14","20220215","20220211","군인특별공급 해링턴","1","0","1","1","주택형","59B","1","Y"
"2022","32","대전 중구","20220209","20220214","14","20220215","20220211","군인특별공급 해링턴","1","0","1","1","주택형","84A","1","Y"
"2022","32","대전 중구","20220209","20220214","14","20220215","20220211","군인특별공급 해링턴","1","0","1","1","주택형","74A","1","Y"
"2022","32","대전 중구","20220209","20220214","14","20220215","20220211","군인특별공급 해링턴","1","0","1","1","주택형","74B","1","Y"
"2022","32","대전 중구","20220209","20220214","14","20220215","20220211","군인특별공급 해링턴","1","0","1","1","주택형","59C","2","Y"
"2022","31","인천 연수구","20220209","20220214","14","20220216","20220211","군인특별공급 힐스테","1","0","1","1","A16BL","84A","1","Y"
"2022","31","인천 연수구","20220209","20220214","14","20220216","20220211","군인특별공급 힐스테","1","0","1","1","A16BL","84C","3","Y"
"2022","31","인천 연수구","20220209","20220214","14","20220216","20220211","군인특별공급 힐스테","1","0","1","1","A16BL","84B","3","Y"
"2022","30","세종시","20220209","20220225","13","20220228","20220222","군인특별공급 엘리프","1","1","0","0","M4블록","74","3","Y"
"2022","30","세종시","20220209","20220225","13","20220228","20220222","군인특별공급 엘리프","1","1","0","0","M4블록","84B","2","Y"
"2022","30","세종시","20220209","20220225","13","20220228","20220222","군인특별공급 엘리프","1","1","0","0","M4블록","84A","2","Y"
"2022","29","경기 양주시","20220209","20220214","14","20220214","20220208","청약자격확인 양주 ","1","0","1","1","A20","청약자격확인","15","Y"
"2022","28","경기 양주시","20220208","20220214","14","20220214","20220208","군인특별공급 양주 ","1","0","1","1","A20","74","1","Y"
"2022","28","경기 양주시","20220208","20220214","14","20220214","20220208","군인특별공급 양주 ","1","0","1","1","A20","84B","1","Y"
"2022","28","경기 양주시","20220208","20220214","14","20220214","20220208","군인특별공급 양주 ","1","0","1","1","A20","84A","3","Y"
"2022","27","경기 파주시","20220208","20220211","14","20220214","20220208","청약자격확인 파주운","1","0","1","1","청약자격확인","청약자격확인","15","Y"
"2022","26","경기 평택시","20220207","20220214","14","20220216","20220211","군인특별공급 평택 ","1","0","1","1","7-1블럭","59A","4","Y"
"2022","26","경기 평택시","20220207","20220214","14","20220216","20220211","군인특별공급 평택 ","1","0","1","1","7-1블럭","84","3","Y"
"2022","26","경기 평택시","20220207","20220214","14","20220216","20220211","군인특별공급 평택 ","1","0","1","1","7-1블럭","74","3","Y"
"2022","26","경기 평택시","20220207","20220214","14","20220216","20220211","군인특별공급 평택 ","1","0","1","1","7-1블럭","59B","3","Y"
"2022","25","경북 포항시","20220207","20220214","14","20220215","20220210","군인특별공급 포항 ","1","0","1","1","주택형","84C","1","Y"
"2022","68","서울 중구","20220303","20220410","14","20220412","20220408","군인특별공급 힐스테","1","0","1","1","주택형","46C","1","Y"
"2022","67","경남 통영시","20220303","20220607","14","20220609","20220531","군인특별공급 주영 ","1","0","1","1","주택형","59B","1","Y"
"2022","67","경남 통영시","20220303","20220607","14","20220609","20220531","군인특별공급 주영 ","1","0","1","1","주택형","59C","1","Y"
"2022","67","경남 통영시","20220303","20220607","14","20220609","20220531","군인특별공급 주영 ","1","0","1","1","주택형","73A","4","Y"
"2022","67","경남 통영시","20220303","20220607","14","20220609","20220531","군인특별공급 주영 ","1","0","1","1","WNXORGUD","59ㅊ","1","N"
"2022","67","경남 통영시","20220303","20220607","14","20220609","20220531","군인특별공급 주영 ","1","0","1","1","주택형","84","1","Y"
"2022","66","충남 당진시","20220224","20220307","14","20220308","20220304","군인특별공급 당진 ","1","0","1","1","주택형","84AP","2","Y"
"2022","66","충남 당진시","20220224","20220307","14","20220308","20220304","군인특별공급 당진 ","1","0","1","1","주택형","84A","1","Y"
"2022","66","충남 당진시","20220224","20220307","14","20220308","20220304","군인특별공급 당진 ","1","0","1","1","주택형","84B","3","Y"
"2022","65","부산 부산진구","20220224","20220315","14","20220317","20220311","군인특별공급 가야 ","1","0","1","1","특별분양","74","1","N"
"2022","65","부산 부산진구","20220224","20220315","14","20220317","20220311","군인특별공급 가야 ","1","0","1","1","주택형","82","1","Y"
"2022","65","부산 부산진구","20220224","20220315","14","20220317","20220311","군인특별공급 가야 ","1","0","1","1","주택형","74","1","Y"
"2022","64","포항 남구","20220224","20220320","14","20220322","20220315","군인특별공급 더 트","1","0","1","1","주택형","59","1","Y"
"2022","64","포항 남구","20220224","20220320","14","20220322","20220315","군인특별공급 더 트","1","0","1","1","주택형","84C","2","Y"
"2022","64","포항 남구","20220224","20220320","14","20220322","20220315","군인특별공급 더 트","1","0","1","1","주택형","84B","1","Y"
"2022","64","포항 남구","20220224","20220320","14","20220322","20220315","군인특별공급 더 트","1","0","1","1","주택형","84A","1","Y"
"2022","63","부산 기장군","20220222","20220307","14","20220308","20220228","군인특별공급 부산 ","1","0","1","1","B-3","84A","1","Y"
"2022","63","부산 기장군","20220222","20220307","14","20220308","20220228","군인특별공급 부산 ","1","0","1","1","B-3","84C","1","Y"
"2022","63","부산 기장군","20220222","20220307","14","20220308","20220228","군인특별공급 부산 ","1","0","1","1","B-3","84B","1","Y"
"2022","62","충남 아산시","20220222","20220304","14","20220307","20220228","청약자격확인 아산 ","1","0","1","1","A12","청약자격확인","13","Y"
"2021","560","경기 시흥시","20211228","20220103","14","20220107","20211230","군인특별공급 신천역","1","0","1","1","주택형","84D","2","Y"
"2021","560","경기 시흥시","20211228","20220103","14","20220107","20211230","군인특별공급 신천역","1","0","1","1","주택형","84C","6","Y"
"2021","559","경기 평택시","20211222","20220103","14","20220107","20211229","청약자격확인 평택 ","1","0","1","1","A-46","청약자격확인","19","Y"
"2021","558","경기 평택시","20211222","20220103","14","20220107","20211229","군인특별공급 평택 ","1","0","1","1","A-46","84A","1","Y"
"2021","558","경기 평택시","20211222","20220103","14","20220107","20211229","군인특별공급 평택 ","1","0","1","1","A-46","84C","3","Y"
"2021","558","경기 평택시","20211222","20220103","14","20220107","20211229","군인특별공급 평택 ","1","0","1","1","A-46","84B","2","Y"
"2021","557","광주 남구","20211220","20220110","14","20220111","20220105","군인특별공급 광주 ","1","0","1","1","주택형","84A","6","Y"
"2021","557","광주 남구","20211220","20220110","14","20220111","20220105","군인특별공급 광주 ","1","0","1","1","주택형","84B","2","Y"
"2021","556","인천 중구","20211220","20220103","14","20220107","20211229","일정미정 차후 재진","1","0","1","1","주택형","59A","1","Y"
"2022","25","경북 포항시","20220207","20220214","14","20220215","20220210","군인특별공급 포항 ","1","0","1","1","주택형","84A","1","Y"
"2022","24","충남 홍성군","20220207","20220214","14","20220214","20220210","군인특별공급 내포신","1","0","1","1","RH5-3블럭","84B","4","Y"
"2022","24","충남 홍성군","20220207","20220214","14","20220214","20220210","군인특별공급 내포신","1","0","1","1","RH5-3블럭","84A","5","Y"
"2022","23","경기 평택시","20220207","20220214","14","20220216","20220210","군인특별공급 지제역","1","0","1","1","주택형","84A","6","Y"
"2022","23","경기 평택시","20220207","20220214","14","20220216","20220210","군인특별공급 지제역","1","0","1","1","주택형","84C","1","Y"
"2022","23","경기 평택시","20220207","20220214","14","20220216","20220210","군인특별공급 지제역","1","0","1","1","주택형","84B","2","Y"
"2022","22","전남 장흥군","20220206","20220218","14","20220218","20220218","군인특별공급 장흥 ","1","0","1","1","주택형","84A","1","Y"
"2022","22","전남 장흥군","20220206","20220218","14","20220218","20220218","군인특별공급 장흥 ","1","0","1","1","주택형","84C","1","Y"
"2022","22","전남 장흥군","20220206","20220218","14","20220218","20220218","군인특별공급 장흥 ","1","0","1","1","주택형","84B","1","Y"
"2022","21","경기 부천시","20220206","20220211","14","20220211","20220207","군인특별공급 부천 ","1","0","1","1","주택형","74E","1","Y"
"2022","21","경기 부천시","20220206","20220211","14","20220211","20220207","군인특별공급 부천 ","1","0","1","1","주택형","70B","1","Y"
"2022","20","충북 충주시","20220206","20220207","14","20220207","20220204","군인특별공급 예성 ","1","1","0","0","주택형","56.88","4","Y"
"2022","19","경기 파주시","20220207","20220211","14","20220214","20220208","군인특별공급 파주운","1","0","1","1","A33","84A","5","Y"
"2022","18","경남 통영시","20220128","20220222","14","20220224","20220218","군인특별공급 힐스테","1","0","1","1","주택형","59A","1","Y"
"2022","18","경남 통영시","20220128","20220222","14","20220224","20220218","군인특별공급 힐스테","1","0","1","1","주택형","59B","1","Y"
"2022","18","경남 통영시","20220128","20220222","14","20220224","20220218","군인특별공급 힐스테","1","0","1","1","주택형","84B","2","Y"
"2022","18","경남 통영시","20220128","20220222","14","20220224","20220218","군인특별공급 힐스테","1","0","1","1","주택형","84A","6","Y"
"2022","18","경남 통영시","20220128","20220222","14","20220224","20220218","군인특별공급 힐스테","1","0","1","1","주택형","76","3","Y"
"2022","17","경기 수원시","20220214","20220316","14","20220317","20220211","군인특별공급 서광교","1","0","1","1","주택형","44C","1","Y"
"2022","16","세종시","20220127","20220207","14","20220209","20220204","군인특별공급 중흥S","1","1","0","0","주택형","59","1","Y"
"2022","15","충북 청주시","20220127","20220207","14","20220207","20220204","군인특별공급 한화포","1","0","1","1","주택형","74A","5","Y"
"2022","15","충북 청주시","20220127","20220207","14","20220207","20220204","군인특별공급 한화포","1","0","1","1","주택형","84B","7","Y"
"2022","15","충북 청주시","20220127","20220207","14","20220207","20220204","군인특별공급 한화포","1","0","1","1","주택형","84A","18","Y"
"2022","15","충북 청주시","20220127","20220207","14","20220207","20220204","군인특별공급 한화포","1","0","1","1","주택형","74B","1","Y"
"2022","14","경기 화성시","20220126","20220203","14","20220204","20220128","군인특별공급 화성 ","1","0","1","1","B2","72A","5","Y"
"2022","14","경기 화성시","20220126","20220203","14","20220204","20220128","군인특별공급 화성 ","1","0","1","1","B2","84B","1","Y"
"2022","14","경기 화성시","20220126","20220203","14","20220204","20220128","군인특별공급 화성 ","1","0","1","1","B2","84A","9","Y"
"2022","14","경기 화성시","20220126","20220203","14","20220204","20220128","군인특별공급 화성 ","1","0","1","1","B2","72B","1","Y"
"2022","13","경기 파주시","20220126","20220207","14","20220209","20220128","군인특별공급 파주운","1","1","0","0","A16","59A","2","Y"
"2022","13","경기 파주시","20220126","20220207","14","20220209","20220128","군인특별공급 파주운","1","1","0","0","A16","84A","1","Y"
"2022","13","경기 파주시","20220126","20220207","14","20220209","20220128","군인특별공급 파주운","1","1","0","0","A16","74A","1","Y"
"2022","13","경기 파주시","20220126","20220207","14","20220209","20220128","군인특별공급 파주운","1","1","0","0","A16","59B","1","Y"
"2022","12","경기 파주시","20220126","20220207","14","20220209","20220128","청약자격확인 파주운","1","1","0","0","A16","59A","15","Y"
"2022","12","경기 파주시","20220126","20220207","14","20220209","20220128","청약자격확인 파주운","1","1","0","0","A16","59B","8","Y"
"2022","12","경기 파주시","20220126","20220207","14","20220209","20220128","청약자격확인 파주운","1","1","0","0","A16","84A","8","Y"
"2022","12","경기 파주시","20220126","20220207","14","20220209","20220128","청약자격확인 파주운","1","1","0","0","A16","74A","4","Y"
"2022","12","경기 파주시","20220126","20220207","14","20220209","20220128","청약자격확인 파주운","1","1","0","0","A16","59C","8","Y"
"2022","11","대구 달서구","20220124","20220208","14","20220210","20220203","군인특별공급 달서 ","1","0","1","1","주택형","84A","10","Y"
"2022","11","대구 달서구","20220124","20220208","14","20220210","20220203","군인특별공급 달서 ","1","0","1","1","주택형","84C","6","Y"
"2022","11","대구 달서구","20220124","20220208","14","20220210","20220203","군인특별공급 달서 ","1","0","1","1","주택형","84B","3","Y"
"2022","10","대구 서구","20220120","20220124","14","20220126","20220121","(일정미정 차후 재","1","0","1","1","주택형","84B","2","Y"
"2022","10","대구 서구","20220120","20220124","14","20220126","20220121","(일정미정 차후 재","1","0","1","1","주택형","84A","9","Y"
"2022","9","경북 포항시","20220120","20220124","14","20220126","20220121","군인특별공급 한화 ","1","0","1","1","주택형","84","2","Y"
"2022","8","충북 청주시","20220112","20220128","14","20220203","20220126","군인특별공급 더샵 ","1","0","1","1","주택형","63","4","Y"
"2022","8","충북 청주시","20220112","20220128","14","20220203","20220126","군인특별공급 더샵 ","1","0","1","1","주택형","84B","4","Y"
"2022","8","충북 청주시","20220112","20220128","14","20220203","20220126","군인특별공급 더샵 ","1","0","1","1","주택형","84A","13","Y"
"2022","7","전남 순천시","20220112","20220117","14","20220119","20220114","전남 순천시 조례동","1","0","1","1","주택형","84B","2","Y"
"2022","7","전남 순천시","20220112","20220117","14","20220119","20220114","전남 순천시 조례동","1","0","1","1","주택형","84A","3","Y"
"2022","6","서울 강북구","20220112","20220117","14","20220119","20220113","군인특별공급 서울 ","1","0","1","1","주택형","59B","1","Y"
"2022","6","서울 강북구","20220112","20220117","14","20220119","20220113","군인특별공급 서울 ","1","0","1","1","주택형","84B","4","N"
"2022","6","서울 강북구","20220112","20220117","14","20220119","20220113","군인특별공급 서울 ","1","0","1","1","주택형","25","1","Y"
"2022","6","서울 강북구","20220112","20220117","14","20220119","20220113","군인특별공급 서울 ","1","0","1","1","주택형","84A","13","N"
"2022","6","서울 강북구","20220112","20220117","14","20220119","20220113","군인특별공급 서울 ","1","0","1","1","주택형","63","4","N"
"2022","6","서울 강북구","20220112","20220117","14","20220119","20220113","군인특별공급 서울 ","1","0","1","1","주택형","84ㅁ","13","N"
"2022","6","서울 강북구","20220112","20220117","14","20220119","20220113","군인특별공급 서울 ","1","0","1","1","주택형","26","1","Y"
"2022","5","충북 진천군","20220105","20220106","14","20220107","20211230","군인특별공급 진천 ","1","0","1","1","주택형","76A","1","Y"
"2022","5","충북 진천군","20220105","20220106","14","20220107","20211230","군인특별공급 진천 ","1","0","1","1","주택형","84B","2","Y"
"2022","46","인천 계양구","20220217","20220304","14","20220307","20220228","청약자격확인 인천계","1","1","0","0","A17","신혼희망타운","8","Y"
"2022","45","경기 평택시","20220217","20220303","14","20220304","20220225","청약자격확인 평택고","1","1","0","0","A-57-2블록","청약자격확인","8","N"
"2022","45","경기 평택시","20220217","20220303","14","20220304","20220225","청약자격확인 평택고","1","1","0","0","A-57-2블록","신혼희망타운","8","Y"
"2022","44","경기 양주시","20220216","20220221","14","20220223","20220218","군인특별공급 신양주","1","0","1","1","주택형","59A","3","Y"
"2022","44","경기 양주시","20220216","20220221","14","20220223","20220218","군인특별공급 신양주","1","0","1","1","주택형","84B","4","Y"
"2021","547","인천 계양구 등","20211220","20211229","17","20220103","20211229","청약자격확인 인천계","1","1","0","0","부천대장A7","청약자격확인","13","Y"
"2021","547","인천 계양구 등","20211220","20211229","17","20220103","20211229","청약자격확인 인천계","1","1","0","0","부천대장A8","청약자격확인","11","Y"
"2021","547","인천 계양구 등","20211220","20211229","17","20220103","20211229","청약자격확인 인천계","1","1","0","0","부천대장A5(신혼희","청약자격확인","18","Y"
"2021","547","인천 계양구 등","20211220","20211229","17","20220103","20211229","청약자격확인 인천계","1","1","0","0","부천대장A6(신혼희","청약자격확인","13","Y"
"2021","547","인천 계양구 등","20211220","20211229","17","20220103","20211229","청약자격확인 인천계","1","1","0","0","고양창릉S5","청약자격확인","21","Y"
"2021","547","인천 계양구 등","20211220","20211229","17","20220103","20211229","청약자격확인 인천계","1","1","0","0","고양장항S1","청약자격확인","24","Y"
"2021","547","인천 계양구 등","20211220","20211229","17","20220103","20211229","청약자격확인 인천계","1","1","0","0","고양창릉A4(신혼희","청약자격확인","17","Y"
"2021","547","인천 계양구 등","20211220","20211229","17","20220103","20211229","청약자격확인 인천계","1","1","0","0","부천역곡A2(신혼희","청약자격확인","27","Y"
"2021","547","인천 계양구 등","20211220","20211229","17","20220103","20211229","청약자격확인 인천계","1","1","0","0","시흥거모A10","청약자격확인","8","Y"
"2021","547","인천 계양구 등","20211220","20211229","17","20220103","20211229","청약자격확인 인천계","1","1","0","0","시흥거모S1","청약자격확인","8","Y"
"2021","547","인천 계양구 등","20211220","20211229","17","20220103","20211229","청약자격확인 인천계","1","1","0","0","시흥거모A5(신혼희","청약자격확인","8","Y"
"2021","547","인천 계양구 등","20211220","20211229","17","20220103","20211229","청약자격확인 인천계","1","1","0","0","시흥거모A6(신혼희","청약자격확인","13","Y"
"2021","547","인천 계양구 등","20211220","20211229","17","20220103","20211229","청약자격확인 인천계","1","1","0","0","고양창릉S6","청약자격확인","12","Y"
"2021","546","경기 부천 등","20211220","20211229","17","20220103","20211229","군인특별공급 부천대","1","1","0","0","고양창릉S6","59","1","Y"
"2021","546","경기 부천 등","20211220","20211229","17","20220103","20211229","군인특별공급 부천대","1","1","0","0","고양장항S1","59","1","Y"
"2021","546","경기 부천 등","20211220","20211229","17","20220103","20211229","군인특별공급 부천대","1","1","0","0","고양장항S1","84","1","Y"
"2021","546","경기 부천 등","20211220","20211229","17","20220103","20211229","군인특별공급 부천대","1","1","0","0","시흥거모A10","51","1","Y"
"2021","546","경기 부천 등","20211220","20211229","17","20220103","20211229","군인특별공급 부천대","1","1","0","0","고양창릉S5","74","1","Y"
"2021","546","경기 부천 등","20211220","20211229","17","20220103","20211229","군인특별공급 부천대","1","1","0","0","부천대장A7","59","1","Y"
"2021","546","경기 부천 등","20211220","20211229","17","20220103","20211229","군인특별공급 부천대","1","1","0","0","부천대장A8","59","1","Y"
"2021","546","경기 부천 등","20211220","20211229","17","20220103","20211229","군인특별공급 부천대","1","1","0","0","고양창릉S5","51","1","Y"
"2022","5","충북 진천군","20220105","20220106","14","20220107","20211230","군인특별공급 진천 ","1","0","1","1","주택형","84A","3","Y"
"2022","5","충북 진천군","20220105","20220106","14","20220107","20211230","군인특별공급 진천 ","1","0","1","1","주택형","76B","1","Y"
"2022","4","경남 김해시","20220103","20220124","14","20220125","20220120","군인특별공급 김해 ","1","0","1","1","46블록 1로트","76A","3","Y"
"2022","4","경남 김해시","20220103","20220124","14","20220125","20220120","군인특별공급 김해 ","1","0","1","1","46블록 1로트","84A","4","Y"
"2022","4","경남 김해시","20220103","20220124","14","20220125","20220120","군인특별공급 김해 ","1","0","1","1","46블록 1로트","76B","1","Y"
"2022","3","경남 김해시","20220103","20220124","14","20220126","20220119","군인특별공급 김해 ","1","0","1","1","1블록 2-1로트","59","1","Y"
"2022","3","경남 김해시","20220103","20220124","14","20220126","20220119","군인특별공급 김해 ","1","0","1","1","1블록 2-1로트","76A","1","Y"
"2022","3","경남 김해시","20220103","20220124","14","20220126","20220119","군인특별공급 김해 ","1","0","1","1","1블록 2-1로트","84B","1","Y"
"2022","3","경남 김해시","20220103","20220124","14","20220126","20220119","군인특별공급 김해 ","1","0","1","1","1블록 2-1로트","84A","3","Y"
"2022","3","경남 김해시","20220103","20220124","14","20220126","20220119","군인특별공급 김해 ","1","0","1","1","1블록 2-1로트","76B","1","Y"
"2022","2","충남 천안시","20220112","20220114","14","20220118","20220113","군인특별공급 호반써","1","0","1","1","주택형","76C","1","Y"
"2022","2","충남 천안시","20220112","20220114","14","20220118","20220113","군인특별공급 호반써","1","0","1","1","주택형","84C","2","Y"
"2022","2","충남 천안시","20220112","20220114","14","20220118","20220113","군인특별공급 호반써","1","0","1","1","주택형","84B","1","Y"
"2022","2","충남 천안시","20220112","20220114","14","20220118","20220113","군인특별공급 호반써","1","0","1","1","주택형","84A","2","Y"
"2022","1","경북 경주시","20220103","20220207","14","20220209","20220204","군인특별공급 신경주","1","1","0","0","1BL","59","1","Y"
"2022","1","경북 경주시","20220103","20220207","14","20220209","20220204","군인특별공급 신경주","1","1","0","0","1BL","59(1) 84A(","6","N"
"2022","1","경북 경주시","20220103","20220207","14","20220209","20220204","군인특별공급 신경주","1","1","0","0","1BL","84B","1","Y"
"2022","1","경북 경주시","20220103","20220207","14","20220209","20220204","군인특별공급 신경주","1","1","0","0","1BL","84A","4","Y"
"2021","568","경기 부천시","20211230","20220103","14","20220107","20211228","청약자격확인 경기 ","1","1","0","0","청약자격확인","청약자격확인","6","Y"
"2021","567","경기 이천시","20211228","20220114","14","20220117","20220110","청약자격확인 이천 ","1","0","1","1","청약자격확인","청약자격확인","5","Y"
"2021","566","경기 이천시","20211228","20220114","14","20220118","20220110","군인특별공급 이천 ","1","0","1","1","주택형","84A","1","Y"
"2021","566","경기 이천시","20211228","20220114","14","20220118","20220110","군인특별공급 이천 ","1","0","1","1","주택형","84C","1","Y"
"2021","566","경기 이천시","20211228","20220114","14","20220118","20220110","군인특별공급 이천 ","1","0","1","1","주택형","84B","1","Y"
"2021","565","광주 북구","20211228","20220103","14","20220107","20211231","일정미정 차후 재진","1","0","1","1","주택형","72","1","Y"
"2021","564","부산 동래구","20211228","20220103","14","20220107","20211231","군인특별공급 래미안","1","0","1","1","주택형","59A","1","Y"
"2021","564","부산 동래구","20211228","20220103","14","20220107","20211231","군인특별공급 래미안","1","0","1","1","주택형","59B","1","Y"
"2021","564","부산 동래구","20211228","20220103","14","20220107","20211231","군인특별공급 래미안","1","0","1","1","주택형","84A","2","Y"
"2021","564","부산 동래구","20211228","20220103","14","20220107","20211231","군인특별공급 래미안","1","0","1","1","주택형","84E","2","Y"
"2021","564","부산 동래구","20211228","20220103","14","20220107","20211231","군인특별공급 래미안","1","0","1","1","주택형","84C","3","Y"
"2021","564","부산 동래구","20211228","20220103","14","20220107","20211231","군인특별공급 래미안","1","0","1","1","주택형","84D","1","Y"
"2021","564","부산 동래구","20211228","20220103","14","20220107","20211231","군인특별공급 래미안","1","0","1","1","주택형","84B","2","Y"
"2021","563","부산 기장군","20211228","20220103","14","20220107","20211231","군인특별공급 쌍용 ","1","0","1","1","주택형","84B","1","Y"
"2021","563","부산 기장군","20211228","20220103","14","20220107","20211231","군인특별공급 쌍용 ","1","0","1","1","주택형","84E","1","Y"
"2021","563","부산 기장군","20211228","20220103","14","20220107","20211231","군인특별공급 쌍용 ","1","0","1","1","주택형","84D","1","Y"
"2021","563","부산 기장군","20211228","20220103","14","20220107","20211231","군인특별공급 쌍용 ","1","0","1","1","주택형","84C","1","Y"
"2021","562","충남 천안시","20211228","20220114","14","20220118","20220113","군인특별공급 한화포","1","0","1","1","1","84A","9","Y"
"2021","562","충남 천안시","20211228","20220114","14","20220118","20220113","군인특별공급 한화포","1","0","1","1","1","84B","4","Y"
"2021","562","충남 천안시","20211228","20220114","14","20220118","20220113","군인특별공급 한화포","1","0","1","1","1","84C","2","Y"
"2021","562","충남 천안시","20211228","20220114","14","20220118","20220113","군인특별공급 한화포","1","0","1","1","2","84D","5","Y"
"2021","562","충남 천안시","20211228","20220114","14","20220118","20220113","군인특별공급 한화포","1","0","1","1","2","84A","5","Y"
"2021","562","충남 천안시","20211228","20220114","14","20220118","20220113","군인특별공급 한화포","1","0","1","1","2","84B","5","Y"
"2021","562","충남 천안시","20211228","20220114","14","20220118","20220113","군인특별공급 한화포","1","0","1","1","2","84C","1","Y"
"2021","562","충남 천안시","20211228","20220114","14","20220118","20220113","군인특별공급 한화포","1","0","1","1","1","84D","4","Y"
"2021","561","경기 시흥시","20211228","20220103","14","20220107","20211230","청약자격확인 신천역","1","0","1","1","청약자격확인","청약자격확인","38","Y"
"2021","560","경기 시흥시","20211228","20220103","14","20220107","20211230","군인특별공급 신천역","1","0","1","1","주택형","84A","7","Y"
"2021","560","경기 시흥시","20211228","20220103","14","20220107","20211230","군인특별공급 신천역","1","0","1","1","주택형","84B","1","Y"
"2021","560","경기 시흥시","20211228","20220103","14","20220107","20211230","군인특별공급 신천역","1","0","1","1","주택형","84E","2","Y"
"2021","541","경기 안성시","20211220","20211227","14","20211231","20211224","군인특별공급 안성 ","1","0","1","1","주택형","84B","10","Y"
"2021","541","경기 안성시","20211220","20211227","14","20211231","20211224","군인특별공급 안성 ","1","0","1","1","주택형","84A","4","Y"
"2021","540","대구 남구","20211220","20220103","14","20220107","20211231","(일정변경)군인특별","1","0","1","1","주택형","84A","3","Y"
"2021","540","대구 남구","20211220","20220103","14","20220107","20211231","(일정변경)군인특별","1","0","1","1","주택형","84B","3","Y"
"2021","540","대구 남구","20211220","20220103","14","20220107","20211231","(일정변경)군인특별","1","0","1","1","주택형","84E","3","Y"
"2021","540","대구 남구","20211220","20220103","14","20220107","20211231","(일정변경)군인특별","1","0","1","1","주택형","84D","3","Y"
"2021","540","대구 남구","20211220","20220103","14","20220107","20211231","(일정변경)군인특별","1","0","1","1","주택형","84C","3","Y"
"2021","539","충북 음성군","20211220","20211227","14","20211231","20211223","군인특별공급 음성 ","1","0","1","1","5B","84B","4","Y"
"2021","539","충북 음성군","20211220","20211227","14","20211231","20211223","군인특별공급 음성 ","1","0","1","1","5B","84A","6","Y"
"2021","538","인천 계양구","20211220","20211227","14","20211231","20211223","청약자격확인 계양 ","1","0","1","1","청약자격확인","청약자격확인","3","Y"
"2021","537","인천 계양구","20211220","20211227","14","20211231","20211223","군인특별공급 계양 ","1","0","1","1","주택형","72","1","Y"
"2021","537","인천 계양구","20211220","20211227","14","20211231","20211223","군인특별공급 계양 ","1","0","1","1","주택형","59","1","Y"
"2021","536","전남 나주시","20211220","20211227","14","20211231","20211224","군인특별공급 나주역","1","0","1","1","주택형","59A","1","Y"
"2021","536","전남 나주시","20211220","20211227","14","20211231","20211224","군인특별공급 나주역","1","0","1","1","주택형","59B","1","Y"
"2021","536","전남 나주시","20211220","20211227","14","20211231","20211224","군인특별공급 나주역","1","0","1","1","주택형","84D","1","Y"
"2021","536","전남 나주시","20211220","20211227","14","20211231","20211224","군인특별공급 나주역","1","0","1","1","주택형","84B","5","Y"
"2021","536","전남 나주시","20211220","20211227","14","20211231","20211224","군인특별공급 나주역","1","0","1","1","주택형","84C","3","Y"
"2021","536","전남 나주시","20211220","20211227","14","20211231","20211224","군인특별공급 나주역","1","0","1","1","주택형","84A","10","Y"
"2021","535","세종시","20211220","20211227","14","20211231","20211224","군인특별공급 엘리프","1","0","1","1","주택형","59A","3","Y"
"2021","535","세종시","20211220","20211227","14","20211231","20211224","군인특별공급 엘리프","1","0","1","1","주택형","84A","1","Y"
"2021","535","세종시","20211220","20211227","14","20211231","20211224","군인특별공급 엘리프","1","0","1","1","주택형","84D","1","Y"
"2021","535","세종시","20211220","20211227","14","20211231","20211224","군인특별공급 엘리프","1","0","1","1","주택형","84C","1","Y"
"2021","535","세종시","20211220","20211227","14","20211231","20211224","군인특별공급 엘리프","1","0","1","1","주택형","84B","1","Y"
"2021","534","서울 강북구","20211220","20220112","10","20220114","20220111","(일정변경)군인특별","1","0","1","1","주택형","59C","1","Y"
"2021","534","서울 강북구","20211220","20220112","10","20220114","20220111","(일정변경)군인특별","1","0","1","1","주택형","59A","1","Y"
"2021","533","충북 음성군","20211220","20211227","14","20211231","20211223","군인특별공급 음성 ","1","0","1","1","B3","74A","3","Y"
"2021","533","충북 음성군","20211220","20211227","14","20211231","20211223","군인특별공급 음성 ","1","0","1","1","B3","74B","1","Y"
"2021","533","충북 음성군","20211220","20211227","14","20211231","20211223","군인특별공급 음성 ","1","0","1","1","B3","84C","1","Y"
"2021","533","충북 음성군","20211220","20211227","14","20211231","20211223","군인특별공급 음성 ","1","0","1","1","B3","84B","4","Y"
"2021","533","충북 음성군","20211220","20211227","14","20211231","20211223","군인특별공급 음성 ","1","0","1","1","B3","84A","8","Y"
"2021","532","경북 포항시","20211220","20220103","14","20220107","20211229","(일정변경)군인특별","1","0","1","1","주택형","84A","8","Y"
"2021","532","경북 포항시","20211220","20220103","14","20220107","20211229","(일정변경)군인특별","1","0","1","1","주택형","84C","3","Y"
"2021","532","경북 포항시","20211220","20220103","14","20220107","20211229","(일정변경)군인특별","1","0","1","1","주택형","84B","5","Y"
"2021","531","경기 오산시","20211220","20211227","14","20211231","20211224","청약자격확인 오산 ","1","0","1","1","청약자격확인","청약자격확인","13","Y"
"2021","530","경기 오산시","20211220","20211227","14","20211231","20211224","군인특별공급 오산 ","1","0","1","1","주택형","84A","3","Y"
"2021","530","경기 오산시","20211220","20211227","14","20211231","20211224","군인특별공급 오산 ","1","0","1","1","주택형","84D","1","Y"
"2021","530","경기 오산시","20211220","20211227","14","20211231","20211224","군인특별공급 오산 ","1","0","1","1","주택형","84C","1","Y"
"2021","530","경기 오산시","20211220","20211227","14","20211231","20211224","군인특별공급 오산 ","1","0","1","1","주택형","84B","1","Y"
"2021","529","경기 오산시","20211220","20220110","14","20220111","20220107","(일정변경)청약자격","1","0","1","1","A1","청약자격확인","26","Y"
"2021","528","경기 오산시","20211220","20220110","14","20220111","20220107","(일정변경)군인특별","1","0","1","1","A1","84A","8","Y"
"2021","528","경기 오산시","20211220","20220110","14","20220111","20220107","(일정변경)군인특별","1","0","1","1","A1","84C","2","Y"
"2021","528","경기 오산시","20211220","20220110","14","20220111","20220107","(일정변경)군인특별","1","0","1","1","A1","84B","2","Y"
"2021","555","경북 포항시","20211220","20220103","14","20220107","20211229","군인특별공급 포항 ","1","0","1","1","A5","84A","2","Y"
"2021","555","경북 포항시","20211220","20220103","14","20220107","20211229","군인특별공급 포항 ","1","0","1","1","A5","84C","1","Y"
"2021","555","경북 포항시","20211220","20220103","14","20220107","20211229","군인특별공급 포항 ","1","0","1","1","A5","84B","1","Y"
"2021","554","인천 서구","20211220","20220103","14","20220107","20211229","군인특별공급 인천 ","1","0","1","1","AB19","84A","4","Y"
"2021","554","인천 서구","20211220","20220103","14","20220107","20211229","군인특별공급 인천 ","1","0","1","1","AB19","84C","2","Y"
"2021","554","인천 서구","20211220","20220103","14","20220107","20211229","군인특별공급 인천 ","1","0","1","1","AB19","84B","2","Y"
"2021","553","인천 서구","20211220","20220103","14","20220107","20211229","군인특별공급 인천 ","1","0","1","1","AB20-2","72A","1","Y"
"2021","553","인천 서구","20211220","20220103","14","20220107","20211229","군인특별공급 인천 ","1","0","1","1","AB20-2","84B","4","Y"
"2021","553","인천 서구","20211220","20220103","14","20220107","20211229","군인특별공급 인천 ","1","0","1","1","AB20-2","84A","8","Y"
"2021","553","인천 서구","20211220","20220103","14","20220107","20211229","군인특별공급 인천 ","1","0","1","1","AB20-2","72B","1","Y"
"2021","552","인천 서구","20211220","20220103","14","20220107","20211229","(일정변경)군인특별","1","0","1","1","AB20-1","84A","3","Y"
"2021","552","인천 서구","20211220","20220103","14","20220107","20211229","(일정변경)군인특별","1","0","1","1","AB20-1","84C","1","Y"
"2021","552","인천 서구","20211220","20220103","14","20220107","20211229","(일정변경)군인특별","1","0","1","1","AB20-1","84B","1","Y"
"2021","551","경기 안산시","20211220","20211229","17","20220103","20211229","청약자격확인 안산장","1","1","0","0","안산장상A1(신혼희","청약자격확인","8","Y"
"2021","551","경기 안산시","20211220","20211229","17","20220103","20211229","청약자격확인 안산장","1","1","0","0","안산장상A9","청약자격확인","19","Y"
"2021","550","경기 안산시","20211220","20211229","17","20220103","20211229","군인특별공급 안산장","1","1","0","0","안산장상A9","59","2","Y"
"2021","550","경기 안산시","20211220","20211229","17","20220103","20211229","군인특별공급 안산장","1","1","0","0","안산신길2 B1","84","1","Y"
"2021","550","경기 안산시","20211220","20211229","17","20220103","20211229","군인특별공급 안산장","1","1","0","0","안산신길2 B1","74","1","Y"
"2021","550","경기 안산시","20211220","20211229","17","20220103","20211229","군인특별공급 안산장","1","1","0","0","안산신길2 A2,4","59","2","Y"
"2021","549","경기 남양주시","20211220","20211229","17","20220103","20211229","청약자격확인 남양주","1","1","0","0","B1","청약자격확인","15","Y"
"2021","549","경기 남양주시","20211220","20211229","17","20220103","20211229","청약자격확인 남양주","1","1","0","0","B17","청약자격확인","14","Y"
"2021","549","경기 남양주시","20211220","20211229","17","20220103","20211229","청약자격확인 남양주","1","1","0","0","A24(신혼희망타운","청약자격확인","11","Y"
"2021","549","경기 남양주시","20211220","20211229","17","20220103","20211229","청약자격확인 남양주","1","1","0","0","A2(신혼희망타운)","청약자격확인","11","Y"
"2021","549","경기 남양주시","20211220","20211229","17","20220103","20211229","청약자격확인 남양주","1","1","0","0","A1","청약자격확인","17","Y"
"2021","548","경기 남양주시","20211220","20211229","17","20220103","20211229","군인특별공급 남양주","1","1","0","0","B1","74","1","Y"
"2021","548","경기 남양주시","20211220","20211229","17","20220103","20211229","군인특별공급 남양주","1","1","0","0","A1","59","1","Y"
"2021","548","경기 남양주시","20211220","20211229","17","20220103","20211229","군인특별공급 남양주","1","1","0","0","B17","84","1","Y"
"2021","547","인천 계양구 등","20211220","20211229","17","20220103","20211229","청약자격확인 인천계","1","1","0","0","인천계양A9(신혼희","청약자격확인","9","Y"
"2021","486","경기 평택시","20211124","20211206","14","20211210","20211130","청약자격확인 평택 ","1","0","1","1","A49","청약자격확인","18","Y"
"2021","485","경기 평택시","20211124","20211206","14","20211210","20211130","군인특별공급 평택 ","1","0","1","1","A49","84A","2","Y"
"2021","527","경기 안양시","20211220","20220117","14","20220121","20220114","(일정변경)군인특별","1","1","0","0","주택형","46","2","N"
"2021","527","경기 안양시","20211220","20220117","14","20220121","20220114","(일정변경)군인특별","1","1","0","0","주택형","59A","2","Y"
"2021","527","경기 안양시","20211220","20220117","14","20220121","20220114","(일정변경)군인특별","1","1","0","0","주택형","46B4","1","Y"
"2021","527","경기 안양시","20211220","20220117","14","20220121","20220114","(일정변경)군인특별","1","1","0","0","주택형","46A1","1","Y"
"2021","527","경기 안양시","20211220","20220117","14","20220121","20220114","(일정변경)군인특별","1","1","0","0","주택형","74B","2","Y"
"2021","526","전남 나주시","20211220","20211227","10","20211227","20211224","일정미정 추후재진행","1","0","1","1","주택형","84A","1","Y"
"2021","525","충남 천안시","20211216","20211227","14","20211231","20211222","군인특별공급 천안 ","1","0","1","1","주택형","84B","10","Y"
"2021","525","충남 천안시","20211216","20211227","14","20211231","20211222","군인특별공급 천안 ","1","0","1","1","주택형","84A","9","Y"
"2021","524","전북 익산시","20211214","20211215","17","20211217","20211209","군인특별공급 익산 ","1","0","1","1","주택형","84B","1","Y"
"2021","524","전북 익산시","20211214","20211215","17","20211217","20211209","군인특별공급 익산 ","1","0","1","1","주택형","84A","1","Y"
"2021","523","경북 경주시","20211214","20211229","10","20211231","20211227","(일정변경)군인특별","1","0","1","1","주택형","59A","1","Y"
"2021","523","경북 경주시","20211214","20211229","10","20211231","20211227","(일정변경)군인특별","1","0","1","1","주택형","84A","2","Y"
"2021","523","경북 경주시","20211214","20211229","10","20211231","20211227","(일정변경)군인특별","1","0","1","1","주택형","59C","1","Y"
"2021","523","경북 경주시","20211214","20211229","10","20211231","20211227","(일정변경)군인특별","1","0","1","1","주택형","59B","1","Y"
"2021","522","경북 경주시","20211214","20211220","14","20211224","20211217","군인특별공급 신경주","1","0","1","1","B4","74","4","Y"
"2021","522","경북 경주시","20211214","20211220","14","20211224","20211217","군인특별공급 신경주","1","0","1","1","B4","84A","3","Y"
"2021","522","경북 경주시","20211214","20211220","14","20211224","20211217","군인특별공급 신경주","1","0","1","1","B4","84B","4","Y"
"2021","522","경북 경주시","20211214","20211220","14","20211224","20211217","군인특별공급 신경주","1","0","1","1","B5","84C","1","Y"
"2021","522","경북 경주시","20211214","20211220","14","20211224","20211217","군인특별공급 신경주","1","0","1","1","B5","74","2","Y"
"2021","522","경북 경주시","20211214","20211220","14","20211224","20211217","군인특별공급 신경주","1","0","1","1","B5","84A","3","Y"
"2021","522","경북 경주시","20211214","20211220","14","20211224","20211217","군인특별공급 신경주","1","0","1","1","B5","84B","1","Y"
"2021","522","경북 경주시","20211214","20211220","14","20211224","20211217","군인특별공급 신경주","1","0","1","1","B4","84C","6","Y"
"2021","521","경북 구미시","20211214","20211220","14","20211224","20211217","군인특별공급 구미 ","1","0","1","1","주택형","84A","3","Y"
"2021","521","경북 구미시","20211214","20211220","14","20211224","20211217","군인특별공급 구미 ","1","0","1","1","주택형","76","1","Y"
"2021","521","경북 구미시","20211214","20211220","14","20211224","20211217","군인특별공급 구미 ","1","0","1","1","주택형","84B","1","Y"
"2021","520","대구 달서구","20211214","20211227","14","20211231","20211223","(일정변경)군인특별","1","0","1","1","주택형","84A","4","Y"
"2021","520","대구 달서구","20211214","20211227","14","20211231","20211223","(일정변경)군인특별","1","0","1","1","주택형","84D","1","Y"
"2021","520","대구 달서구","20211214","20211227","14","20211231","20211223","(일정변경)군인특별","1","0","1","1","주택형","84C","1","Y"
"2021","520","대구 달서구","20211214","20211227","14","20211231","20211223","(일정변경)군인특별","1","0","1","1","주택형","84B","3","Y"
"2021","519","인천 서구","20211214","20211220","14","20211224","20211217","군인특별공급 인천청","1","0","1","1","주택형","84A","1","Y"
"2021","519","인천 서구","20211214","20211220","14","20211224","20211217","군인특별공급 인천청","1","0","1","1","주택형","84C","1","Y"
"2021","519","인천 서구","20211214","20211220","14","20211224","20211217","군인특별공급 인천청","1","0","1","1","주택형","84B","1","Y"
"2021","518","경기 안성시","20211214","20211220","14","20211224","20211217","청약자격확인 효성해","1","0","1","1","청약자격확인","청약자격확인","21","Y"
"2021","517","경기 안성시","20211214","20211220","14","20211224","20211217","군인특별공급 효성해","1","0","1","1","주택형","59A","1","Y"
"2021","517","경기 안성시","20211214","20211220","14","20211224","20211217","군인특별공급 효성해","1","0","1","1","주택형","84","1","Y"
"2021","517","경기 안성시","20211214","20211220","14","20211224","20211217","군인특별공급 효성해","1","0","1","1","주택형","75","1","Y"
"2021","516","인천 서구","20211214","20211220","14","20211224","20211217","군인특별공급 e편한","1","1","0","0","주택형","59A","2","Y"
"2021","516","인천 서구","20211214","20211220","14","20211224","20211217","군인특별공급 e편한","1","1","0","0","주택형","59C","1","Y"
"2021","516","인천 서구","20211214","20211220","14","20211224","20211217","군인특별공급 e편한","1","1","0","0","주택형","59B","1","Y"
"2021","515","대전 서구","20211214","20211220","14","20211224","20211217","군인특별공급 용문역","1","0","1","1","주택형","54A","1","Y"
"2021","514","전북 남원시","20211214","20211227","14","20211231","20211224","(일정변경)군인특별","1","0","1","1","주택형","84B","2","Y"
"2021","514","전북 남원시","20211214","20211227","14","20211231","20211224","(일정변경)군인특별","1","0","1","1","주택형","84A","3","Y"
"2021","513","대전 중구","20211214","20211220","14","20211224","20211216","군인특별공급 대전 ","1","0","1","1","주택형","84A","3","Y"
"2021","513","대전 중구","20211214","20211220","14","20211224","20211216","군인특별공급 대전 ","1","0","1","1","주택형","84C","2","Y"
"2021","513","대전 중구","20211214","20211220","14","20211224","20211216","군인특별공급 대전 ","1","0","1","1","주택형","84B","2","Y"
"2021","512","인천 서구","20211214","20211220","14","20211224","20211217","군인특별공급 인천 ","1","0","1","1","A-3","84B","1","Y"
"2021","512","인천 서구","20211214","20211220","14","20211224","20211217","군인특별공급 인천 ","1","0","1","1","A-3","84A","2","Y"
"2021","511","경기 평택시","20211214","20211220","14","20211224","20211217","청약자격확인 힐스테","1","0","1","1","청약자격확인","청약자격확인","20","Y"
"2021","510","경기 평택시","20211214","20211220","14","20211224","20211217","군인특별공급 힐스테","1","0","1","1","주택형","59","1","Y"
"2021","510","경기 평택시","20211214","20211220","14","20211224","20211217","군인특별공급 힐스테","1","0","1","1","주택형","74B","3","Y"
"2021","510","경기 평택시","20211214","20211220","14","20211224","20211217","군인특별공급 힐스테","1","0","1","1","주택형","84D","1","Y"
"2021","510","경기 평택시","20211214","20211220","14","20211224","20211217","군인특별공급 힐스테","1","0","1","1","주택형","84A","2","Y"
"2021","510","경기 평택시","20211214","20211220","14","20211224","20211217","군인특별공급 힐스테","1","0","1","1","주택형","76","1","Y"
"2021","509","경기 안양시","20211214","20220103","14","20220107","20211230","(일정변경)군인특별","1","0","1","1","주택형","39","1","Y"
"2021","546","경기 부천 등","20211220","20211229","17","20220103","20211229","군인특별공급 부천대","1","1","0","0","시흥거모S1","59","1","Y"
"2021","545","전남 무안군","20211220","20211228","17","20211231","20211228","군인특별공급 오룡 ","1","0","1","1","39","84A","4","Y"
"2021","545","전남 무안군","20211220","20211228","17","20211231","20211228","군인특별공급 오룡 ","1","0","1","1","39","84B","2","Y"
"2021","545","전남 무안군","20211220","20211228","17","20211231","20211228","군인특별공급 오룡 ","1","0","1","1","40","84E","1","Y"
"2021","545","전남 무안군","20211220","20211228","17","20211231","20211228","군인특별공급 오룡 ","1","0","1","1","40","84A","4","Y"
"2021","545","전남 무안군","20211220","20211228","17","20211231","20211228","군인특별공급 오룡 ","1","0","1","1","40","84B","1","Y"
"2021","545","전남 무안군","20211220","20211228","17","20211231","20211228","군인특별공급 오룡 ","1","0","1","1","39","84C","1","Y"
"2021","544","경기 광주시","20211220","20220103","14","20220107","20211231","(일정변경)청약자격","1","0","1","1","A2","청약자격확인","3","Y"
"2021","544","경기 광주시","20211220","20220103","14","20220107","20211231","(일정변경)청약자격","1","0","1","1","A1","청약자격확인","3","Y"
"2021","543","경기 광주시","20211220","20220103","14","20220107","20211231","(일정변경)군인특별","1","0","1","1","A1","59C","1","Y"
"2021","543","경기 광주시","20211220","20220103","14","20220107","20211231","(일정변경)군인특별","1","0","1","1","A2","59E","1","Y"
"2021","543","경기 광주시","20211220","20220103","14","20220107","20211231","(일정변경)군인특별","1","0","1","1","A2","59C","1","Y"
"2021","543","경기 광주시","20211220","20220103","14","20220107","20211231","(일정변경)군인특별","1","0","1","1","A1","72A","1","Y"
"2021","542","경기 안성시","20211220","20211227","14","20211231","20211224","청약자격확인 안성 ","1","0","1","1","청약자격확인","청약자격확인","28","Y"
"2022","227","세종시","20220706","20220711","14","20220711","20220708","군인특별공급 세종 ","1","0","1","1","주택형","84C","1","Y"
"2022","227","세종시","20220706","20220711","14","20220711","20220708","군인특별공급 세종 ","1","0","1","1","주택형","61A","1","Y"
"2022","226","대전 중구","20220706","20220711","14","20220713","20220707","군인특별공급 중촌 ","1","0","1","1","주택형","59A","1","Y"
"2022","226","대전 중구","20220706","20220711","14","20220713","20220707","군인특별공급 중촌 ","1","0","1","1","주택형","84B","1","Y"
"2022","226","대전 중구","20220706","20220711","14","20220713","20220707","군인특별공급 중촌 ","1","0","1","1","주택형","74","1","Y"
"2022","226","대전 중구","20220706","20220711","14","20220713","20220707","군인특별공급 중촌 ","1","0","1","1","주택형","59B","1","Y"
"2022","225","부산 연제구","20220630","20220711","14","20220712","20220630","군인특별공급 연산 ","1","0","1","1","주택형","75A","1","Y"
"2022","225","부산 연제구","20220630","20220711","14","20220712","20220630","군인특별공급 연산 ","1","0","1","1","주택형","84A","1","Y"
"2022","225","부산 연제구","20220630","20220711","14","20220712","20220630","군인특별공급 연산 ","1","0","1","1","주택형","75B","1","Y"
"2022","224","경기 고양시","20220627","20220704","14","20220707","20220630","청약자격확인 원당역","1","0","1","1","주택형","청약자격확인","18","Y"
"2022","223","경기 고양시","20220627","20220704","14","20220707","20220630","군인특별공급 원당역","1","0","1","1","주택형","59B","3","Y"
"2022","223","경기 고양시","20220627","20220704","14","20220707","20220630","군인특별공급 원당역","1","0","1","1","주택형","59A","6","Y"
"2022","222","전북 전주시","20220627","20220630","14","20220701","20220627","군인특별공급 전주 ","1","0","1","1","주택형","84D","1","Y"
"2022","221","경북 구미시","20220624","20220704","14","20220706","20220630","군인특별공급 구미 ","1","0","1","1","주택형","76","2","Y"
"2021","484","부산 기장군","20211123","20211206","14","20211210","20211130","군인특별공급 부산 ","1","0","1","1","B-2","59A","2","Y"
"2021","485","경기 평택시","20211124","20211206","14","20211210","20211130","군인특별공급 평택 ","1","0","1","1","A49","84B","1","Y"
"2021","485","경기 평택시","20211124","20211206","14","20211210","20211130","군인특별공급 평택 ","1","0","1","1","A49","84C","1","Y"
"2021","508","강원 강릉시","20211214","20211220","14","20211224","20211216","군인특별공급 강릉역","1","0","1","1","주택형","59B","1","Y"
"2021","508","강원 강릉시","20211214","20211220","14","20211224","20211216","군인특별공급 강릉역","1","0","1","1","주택형","59A","1","Y"
"2021","507","인천 서구","20211207","20211220","14","20211224","20211216","(일정변경)군인특별","1","0","1","1","AA15","84A","5","Y"
"2021","507","인천 서구","20211207","20211220","14","20211224","20211216","(일정변경)군인특별","1","0","1","1","AA15","84C","2","Y"
"2021","507","인천 서구","20211207","20211220","14","20211224","20211216","(일정변경)군인특별","1","0","1","1","AA15","84B","3","Y"
"2021","506","대구 동구","20211207","20211213","14","20211217","20211210","군인특별공급 동대구","1","0","1","1","주택형","59","2","Y"
"2021","506","대구 동구","20211207","20211213","14","20211217","20211210","군인특별공급 동대구","1","0","1","1","주택형","84B","3","Y"
"2021","506","대구 동구","20211207","20211213","14","20211217","20211210","군인특별공급 동대구","1","0","1","1","주택형","84A","1","Y"
"2021","506","대구 동구","20211207","20211213","14","20211217","20211210","군인특별공급 동대구","1","0","1","1","주택형","75","3","Y"
"2021","505","전북 익산시","20211207","20211220","14","20211224","20211217","(일정변경)군인특별","1","0","1","1","주택형","84A","15","Y"
"2021","505","전북 익산시","20211207","20211220","14","20211224","20211217","(일정변경)군인특별","1","0","1","1","주택형","84C","4","Y"
"2021","505","전북 익산시","20211207","20211220","14","20211224","20211217","(일정변경)군인특별","1","0","1","1","주택형","84B","5","Y"
"2021","504","울산 울주군","20211207","20211213","14","20211217","20211209","군인특별공급 울산 ","1","0","1","1","B-2","84A","3","Y"
"2021","504","울산 울주군","20211207","20211213","14","20211217","20211209","군인특별공급 울산 ","1","0","1","1","B-2","84B","2","Y"
"2021","504","울산 울주군","20211207","20211213","14","20211217","20211209","군인특별공급 울산 ","1","0","1","1","B-2","84F","3","Y"
"2021","504","울산 울주군","20211207","20211213","14","20211217","20211209","군인특별공급 울산 ","1","0","1","1","B-2","84E","3","Y"
"2021","504","울산 울주군","20211207","20211213","14","20211217","20211209","군인특별공급 울산 ","1","0","1","1","B-2","84C","2","Y"
"2021","503","경북 김천시","20211207","20211213","14","20211217","20211210","군인특별공급 김천 ","1","0","1","1","주택형","74","2","Y"
"2021","503","경북 김천시","20211207","20211213","14","20211217","20211210","군인특별공급 김천 ","1","0","1","1","주택형","84B","2","Y"
"2021","503","경북 김천시","20211207","20211213","14","20211217","20211210","군인특별공급 김천 ","1","0","1","1","주택형","84A","4","Y"
"2021","502","강원 홍천군","20211207","20211220","14","20211224","20211217","(일정변경)군인특별","1","0","1","1","주택형","76A","1","Y"
"2021","502","강원 홍천군","20211207","20211220","14","20211224","20211217","(일정변경)군인특별","1","0","1","1","주택형","84","1","Y"
"2021","502","강원 홍천군","20211207","20211220","14","20211224","20211217","(일정변경)군인특별","1","0","1","1","주택형","76B","3","Y"
"2021","501","전북 군산시","20211201","20211208","10","20211210","20211207","군인특별공급 군산신","1","0","1","1","D2","84A","1","Y"
"2021","500","충남 천안시","20211201","20211206","14","20211210","20211203","군인특별공급 천안 ","1","0","1","1","주택형","59A","2","Y"
"2021","500","충남 천안시","20211201","20211206","14","20211210","20211203","군인특별공급 천안 ","1","0","1","1","주택형","74B","3","Y"
"2021","500","충남 천안시","20211201","20211206","14","20211210","20211203","군인특별공급 천안 ","1","0","1","1","주택형","59B","2","Y"
"2021","499","경기 화성시","20211130","20211206","14","20211210","20211203","군인특별공급 동탄2","1","0","1","1","A62","74","1","Y"
"2021","499","경기 화성시","20211130","20211206","14","20211210","20211203","군인특별공급 동탄2","1","0","1","1","A62","84B","1","Y"
"2021","499","경기 화성시","20211130","20211206","14","20211210","20211203","군인특별공급 동탄2","1","0","1","1","A62","84A","15","Y"
"2021","498","대구 달서구","20211130","20211206","14","20211210","20211203","군인특별공급 해링턴","1","0","1","1","주택형","84D","1","Y"
"2021","498","대구 달서구","20211130","20211206","14","20211210","20211203","군인특별공급 해링턴","1","0","1","1","주택형","84C","3","Y"
"2021","497","경기 화성시","20211130","20211206","14","20211210","20211203","청약자격확인 화성 ","1","0","1","1","청약자격확인","청약자격확인","7","Y"
"2021","496","경기 화성시","20211130","20211206","14","20211210","20211203","군인특별공급 화성 ","1","0","1","1","주택형","84B","1","Y"
"2021","496","경기 화성시","20211130","20211206","14","20211210","20211203","군인특별공급 화성 ","1","0","1","1","주택형","84A","1","Y"
"2021","495","대구 달서구","20211130","20211206","14","20211210","20211203","군인특별공급 대구 ","1","0","1","1","주택형","84B","3","Y"
"2021","495","대구 달서구","20211130","20211206","14","20211210","20211203","군인특별공급 대구 ","1","0","1","1","주택형","84A","2","Y"
"2021","494","경기 부천시","20211130","20211206","14","20211210","20211202","청약자격확인 힐스테","1","0","1","1","청약자격확인","청약자격확인","9","Y"
"2021","493","경기 부천시","20211130","20211206","14","20211210","20211202","군인특별공급 힐스테","1","0","1","1","주택형","84F","1","Y"
"2021","493","경기 부천시","20211130","20211206","14","20211210","20211202","군인특별공급 힐스테","1","0","1","1","주택형","84A","2","Y"
"2021","492","충남 천안시","20211130","20211206","14","20211210","20211203","일정미정 추후재진행","1","0","1","1","주택형","84B","10","Y"
"2021","492","충남 천안시","20211130","20211206","14","20211210","20211203","일정미정 추후재진행","1","0","1","1","주택형","84A","9","Y"
"2021","491","경기 광주시","20211130","20220207","14","20220209","20220203","청약자격확인 두산위","1","0","1","1","청약자격확인","청약자격확인","19","Y"
"2021","490","경기 광주시","20211130","20220208","11","20220209","20220203","군인특별공급 두산위","1","0","1","1","주택형","59","4","Y"
"2021","490","경기 광주시","20211130","20220208","11","20220209","20220203","군인특별공급 두산위","1","0","1","1","주택형","84B","2","Y"
"2021","490","경기 광주시","20211130","20220208","11","20220209","20220203","군인특별공급 두산위","1","0","1","1","주택형","84A","3","Y"
"2021","489","인천 부평구","20211125","20211201","10","20211207","20211129","청약자격확인 부평역","1","0","1","1","청약자격확인","청약자격확인","29","Y"
"2021","488","경기 오산시","20211124","20211206","14","20211210","20211130","청약자격확인 오산세","1","0","1","1","A14","청약자격확인","41","Y"
"2021","487","경기 오산시","20211124","20211206","14","20211210","20211130","군인특별공급 오산세","1","0","1","1","A14","59A","3","Y"
"2021","487","경기 오산시","20211124","20211206","14","20211210","20211130","군인특별공급 오산세","1","0","1","1","A14","59B","3","Y"
"2021","487","경기 오산시","20211124","20211206","14","20211210","20211130","군인특별공급 오산세","1","0","1","1","A14","84A","5","Y"
"2021","487","경기 오산시","20211124","20211206","14","20211210","20211130","군인특별공급 오산세","1","0","1","1","A14","72A","4","Y"
"2021","487","경기 오산시","20211124","20211206","14","20211210","20211130","군인특별공급 오산세","1","0","1","1","A14","59C","3","Y"
"2022","266","경북 구미시","20220715","20220728","14","20220729","20220720","군인특별공급 구미 ","1","0","1","1","주택형","59A","3","Y"
"2022","265","경기 파주시","20220715","20220728","14","20220728","20220715","청약자격확인 파주운","1","1","0","0","A23블록","청약자격확인","4","Y"
"2022","265","경기 파주시","20220715","20220728","14","20220728","20220715","청약자격확인 파주운","1","1","0","0","주택형","청약자격확인","6","N"
"2022","264","경북 칠곡군","20220714","20220725","14","20220727","20220722","군인특별공급 칠곡 ","1","0","1","1","주택형","84.9486","1","Y"
"2022","264","경북 칠곡군","20220714","20220725","14","20220727","20220722","군인특별공급 칠곡 ","1","0","1","1","주택형","84.9749","5","Y"
"2022","263","충북 청주시","20220712","20220718","14","20220720","20220715","군인특별공급 청주 ","1","0","1","1","주택형","59A","1","Y"
"2022","263","충북 청주시","20220712","20220718","14","20220720","20220715","군인특별공급 청주 ","1","0","1","1","주택형","84","1","Y"
"2022","263","충북 청주시","20220712","20220718","14","20220720","20220715","군인특별공급 청주 ","1","0","1","1","주택형","74","1","Y"
"2022","262","인천 미추홀구","20220712","20220718","14","20220720","20220715","청약자격확인 서희스","1","0","1","1","주택형","청약자격확인","4","Y"
"2022","261","인천 미추홀구","20220712","20220718","14","20220720","20220715","군인특별공급 서희스","1","0","1","1","주택형","59A","1","Y"
"2022","261","인천 미추홀구","20220712","20220718","14","20220720","20220715","군인특별공급 서희스","1","0","1","1","주택형","59B","1","Y"
"2022","260","경기 화성시","20220712","20220718","14","20220720","20220715","청약자격확인 화성태","1","1","0","0","주택형","청약자격확인","19","Y"
"2022","259","경기 화성시","20220712","20220718","14","20220720","20220715","군인특별공급 화성태","1","1","0","0","주택형","84","3","Y"
"2022","258","경기 평택시","20220712","20220718","14","20220720","20220715","청약자격확인 평택고","1","1","0","0","주택형","청약자격확인","14","Y"
"2022","257","경기 평택시","20220712","20220718","14","20220720","20220715","군인특별공급 평택고","1","1","0","0","주택형","59","1","Y"
"2022","256","경기 평택시","20220712","20220718","14","20220720","20220715","청약자격확인 평택고","1","1","0","0","주택형","청약자격확인","13","Y"
"2022","255","경기 평택시","20220712","20220718","14","20220720","20220715","군인특별공급 평택고","1","1","0","0","주택형","84","1","Y"
"2022","254","경기 고양시","20220711","20220718","14","20220720","20220715","청약자격확인 고양창","1","1","0","0","주택형","청약자격확인","28","Y"
"2022","253","경기 고양시","20220711","20220718","14","20220720","20220715","군인특별공급 고양창","1","1","0","0","주택형","59","2","Y"
"2022","253","경기 고양시","20220711","20220718","14","20220720","20220715","군인특별공급 고양창","1","1","0","0","주택형","74","1","Y"
"2022","252","경기 고양시","20220711","20220718","14","20220720","20220715","청약자격확인 고양창","1","1","0","0","주택형","청약자격확인","13","Y"
"2022","251","경기 고양시","20220711","20220718","14","20220720","20220715","군인특별공급 고양창","1","1","0","0","주택형","74","1","Y"
"2022","251","경기 고양시","20220711","20220718","14","20220720","20220715","군인특별공급 고양창","1","1","0","0","주택형","59","1","Y"
"2022","250","경기 남양주시","20220711","20220718","14","20220720","20220715","청약자격확인 남양주","1","1","0","0","주택형","청약자격확인","18","Y"
"2022","249","경기 남양주시","20220711","20220718","14","20220720","20220715","군인특별공급 남양주","1","1","0","0","주택형","59","1","Y"
"2022","249","경기 남양주시","20220711","20220718","14","20220720","20220715","군인특별공급 남양주","1","1","0","0","주택형","84","1","Y"
"2022","248","경기 남양주시","20220711","20220718","14","20220720","20220715","청약자격확인 남양주","1","1","0","0","주택형","청약자격확인","10","Y"
"2022","247","경기 남양주시","20220711","20220718","14","20220720","20220715","군인특별공급 남양주","1","1","0","0","주택형","84","1","Y"
"2022","246","경기 남양주시","20220711","20220718","14","20220720","20220715","청약자격확인 남양주","1","1","0","0","주택형","청약자격확인","15","Y"
"2022","245","경기 남양주시","20220711","20220718","14","20220720","20220715","군인특별공급 남양주","1","1","0","0","주택형","84","1","Y"
"2022","245","경기 남양주시","20220711","20220718","14","20220720","20220715","군인특별공급 남양주","1","1","0","0","주택형","59","1","Y"
"2022","244","경기 남양주시","20220711","20220718","14","20220720","20220715","청약자격확인 남양주","1","1","0","0","주택형","청약자격확인","16","Y"
"2022","243","경기 남양주시","20220711","20220718","14","20220720","20220715","군인특별공급 남양주","1","1","0","0","주택형","74","1","Y"
"2022","242","전남 해남군","20220708","20220711","14","20220713","20220708","군인특별공급 해남미","1","0","1","1","주택형","84A","1","Y"
"2022","241","전남 여수시","20220708","20220711","14","20220713","20220708","군인특별공급 여수 ","1","0","1","1","주택형","80B","1","Y"
"2022","241","전남 여수시","20220708","20220711","14","20220713","20220708","군인특별공급 여수 ","1","0","1","1","주택형","68A","1","Y"
"2022","241","전남 여수시","20220708","20220711","14","20220713","20220708","군인특별공급 여수 ","1","0","1","1","주택형","68C","1","Y"
"2022","240","전북 익산시","20220708","20220715","14","20220718","20220714","군인특별공급 익산평","1","1","0","0","주택형","84C","1","Y"
"2022","239","충남 천안시","20220708","20220711","14","20220713","20220708","군인특별공급 천안 ","1","0","1","1","주택형","84C","4","Y"
"2022","239","충남 천안시","20220708","20220711","14","20220713","20220708","군인특별공급 천안 ","1","0","1","1","주택형","84B","5","Y"
"2022","239","충남 천안시","20220708","20220711","14","20220713","20220708","군인특별공급 천안 ","1","0","1","1","주택형","84A","8","Y"
"2022","238","부산 북구","20220708","20220711","14","20220714","20220708","군인특별공급 신화하","1","0","1","1","주택형","71A","1","Y"
"2022","238","부산 북구","20220708","20220711","14","20220714","20220708","군인특별공급 신화하","1","0","1","1","주택형","48F","1","Y"
"2022","238","부산 북구","20220708","20220711","14","20220714","20220708","군인특별공급 신화하","1","0","1","1","주택형","66D","1","Y"
"2022","238","부산 북구","20220708","20220711","14","20220714","20220708","군인특별공급 신화하","1","0","1","1","주택형","65C","1","Y"
"2022","237","경기 파주시","20220708","20220715","14","20220715","20220715","군인특별공급 파주운","1","1","0","0","주택형","59","1","Y"
"2022","236","인천 부평구","20220707","20220725","14","20220727","20220722","군인특별공급 부평 ","1","0","1","1","주택형","59A","1","Y"
"2022","235","인천 동구","20220707","20220718","14","20220720","20220714","청약자격확인 인천 ","1","0","1","1","주택형","청약자격확인","23","Y"
"2022","234","인천 동구","20220707","20220718","14","20220720","20220714","군인특별공급 인천 ","1","0","1","1","주택형","46","3","Y"
"2022","234","인천 동구","20220707","20220718","14","20220720","20220714","군인특별공급 인천 ","1","0","1","1","주택형","51","2","Y"
"2022","234","인천 동구","20220707","20220718","14","20220720","20220714","군인특별공급 인천 ","1","0","1","1","주택형","59A","7","Y"
"2022","234","인천 동구","20220707","20220718","14","20220720","20220714","군인특별공급 인천 ","1","0","1","1","주택형","59B","2","Y"
"2022","234","인천 동구","20220707","20220718","14","20220720","20220714","군인특별공급 인천 ","1","0","1","1","주택형","84A","1","Y"
"2022","233","대구 달서구","20220707","20220718","14","20220719","20220714","군인특별공급 더샵 ","1","0","1","1","주택형","84C","1","Y"
"2022","233","대구 달서구","20220707","20220718","14","20220719","20220714","군인특별공급 더샵 ","1","0","1","1","주택형","84B","2","Y"
"2022","233","대구 달서구","20220707","20220718","14","20220719","20220714","군인특별공급 더샵 ","1","0","1","1","주택형","84A","1","Y"
"2022","232","경남 김해시","20220706","20220712","14","20220713","20220708","군인특별공급 쌍용 ","1","0","1","1","주택형","84C","1","Y"
"2022","232","경남 김해시","20220706","20220712","14","20220713","20220708","군인특별공급 쌍용 ","1","0","1","1","주택형","84B","1","Y"
"2022","231","인천 남동구","20220706","20220712","14","20220713","20220708","군인특별공급 한화 ","1","0","1","1","주택형","59A","1","Y"
"2022","231","인천 남동구","20220706","20220712","14","20220713","20220708","군인특별공급 한화 ","1","0","1","1","주택형","84A","1","Y"
"2022","231","인천 남동구","20220706","20220712","14","20220713","20220708","군인특별공급 한화 ","1","0","1","1","주택형","59B","4","Y"
"2022","230","울산 울주군","20220706","20220710","14","20220711","20220708","군인특별공급 울산덕","1","0","1","1","주택형","71","3","Y"
"2022","230","울산 울주군","20220706","20220710","14","20220711","20220708","군인특별공급 울산덕","1","0","1","1","주택형","84B","2","Y"
"2022","230","울산 울주군","20220706","20220710","14","20220711","20220708","군인특별공급 울산덕","1","0","1","1","주택형","84A","9","Y"
"2022","229","대구 북구","20220706","20220712","14","20220713","20220708","군인특별공급 태왕아","1","0","1","1","주택형","63","1","Y"
"2022","229","대구 북구","20220706","20220712","14","20220713","20220708","군인특별공급 태왕아","1","0","1","1","주택형","84A","1","Y"
"2022","229","대구 북구","20220706","20220712","14","20220713","20220708","군인특별공급 태왕아","1","0","1","1","주택형","77","1","Y"
"2022","228","인천 중구","20220706","20220710","14","20220711","20220708","군인특별공급 인천 ","1","0","1","1","주택형","84B","3","Y"
"2022","228","인천 중구","20220706","20220710","14","20220711","20220708","군인특별공급 인천 ","1","0","1","1","주택형","84A","5","Y"
"2022","291","경기 의정부시","20220727","20220801","14","20220803","20220729","군인특별공급 가능역","1","0","1","1","주택형","54B","1","Y"
"2022","290","경남 창원시","20220727","20220801","14","20220802","20220729","군인특별공급 힐스테","1","0","1","1","주택형","59B","1","Y"
"2022","290","경남 창원시","20220727","20220801","14","20220802","20220729","군인특별공급 힐스테","1","0","1","1","주택형","59A","2","Y"
"2022","289","대구 북구","20220727","20220801","14","20220802","20220729","군인특별공급 대구 ","1","0","1","1","주택형","84","1","Y"
"2022","288","부산 부산진구","20220727","20220801","14","20220804","20220729","군인특별공급 서면4","1","0","1","1","주택형","49A","3","Y"
"2022","288","부산 부산진구","20220727","20220801","14","20220804","20220729","군인특별공급 서면4","1","0","1","1","주택형","83B","1","Y"
"2022","288","부산 부산진구","20220727","20220801","14","20220804","20220729","군인특별공급 서면4","1","0","1","1","주택형","49B","2","Y"
"2022","287","경남 사천시","20220727","20220801","14","20220803","20220728","군인특별공급 e편한","1","0","1","1","주택형","84A","1","Y"
"2022","287","경남 사천시","20220727","20220801","14","20220803","20220728","군인특별공급 e편한","1","0","1","1","주택형","84D","1","Y"
"2022","287","경남 사천시","20220727","20220801","14","20220803","20220728","군인특별공급 e편한","1","0","1","1","주택형","84C","1","Y"
"2022","287","경남 사천시","20220727","20220801","14","20220803","20220728","군인특별공급 e편한","1","0","1","1","주택형","84B","1","Y"
"2022","286","대전 유성구","20220726","20220801","14","20220803","20220728","군인특별공급 한화 ","1","0","1","1","2단지","84A","2","Y"
"2022","286","대전 유성구","20220726","20220801","14","20220803","20220728","군인특별공급 한화 ","1","0","1","1","2단지","84I","2","Y"
"2022","286","대전 유성구","20220726","20220801","14","20220803","20220728","군인특별공급 한화 ","1","0","1","1","2단지","84H","1","Y"
"2022","286","대전 유성구","20220726","20220801","14","20220803","20220728","군인특별공급 한화 ","1","0","1","1","2단지","84E","2","Y"
"2022","285","대전 유성구","20220726","20220801","14","20220803","20220728","군인특별공급 한화 ","1","0","1","1","1단지","84A","3","Y"
"2022","285","대전 유성구","20220726","20220801","14","20220803","20220728","군인특별공급 한화 ","1","0","1","1","1단지","84I","1","Y"
"2022","285","대전 유성구","20220726","20220801","14","20220803","20220728","군인특별공급 한화 ","1","0","1","1","1단지","84H","1","Y"
"2022","285","대전 유성구","20220726","20220801","14","20220803","20220728","군인특별공급 한화 ","1","0","1","1","1단지","84E","2","Y"
"2022","284","대구 수성구","20220726","20220801","14","20220803","20220728","군인특별공급 대구 ","1","0","1","1","주택형","59A","2","Y"
"2022","284","대구 수성구","20220726","20220801","14","20220803","20220728","군인특별공급 대구 ","1","0","1","1","주택형","84A","1","Y"
"2022","284","대구 수성구","20220726","20220801","14","20220803","20220728","군인특별공급 대구 ","1","0","1","1","주택형","59B","1","Y"
"2022","283","인천 부평구","20220726","20220801","14","20220803","20220728","군인특별공급 e편한","1","0","1","1","주택형","49","2","Y"
"2022","283","인천 부평구","20220726","20220801","14","20220803","20220728","군인특별공급 e편한","1","0","1","1","주택형","59B","2","Y"
"2022","283","인천 부평구","20220726","20220801","14","20220803","20220728","군인특별공급 e편한","1","0","1","1","주택형","59A","4","Y"
"2022","282","전북 익산시","20220726","20220801","14","20220802","20220728","군인특별공급 남중동","1","0","1","1","주택형","84C","1","Y"
"2022","282","전북 익산시","20220726","20220801","14","20220802","20220728","군인특별공급 남중동","1","0","1","1","주택형","84A","2","Y"
"2022","281","경기 평택시","20220726","20220801","14","20220802","20220728","청약자격확인 e편한","1","0","1","1","라씨엘로(2-1BL","청약자격확인","31","Y"
"2022","280","경기 평택시","20220726","20220801","14","20220802","20220728","군인특별공급 e편한","1","0","1","1","라씨엘로(2-1BL","59","2","Y"
"2022","280","경기 평택시","20220726","20220801","14","20220802","20220728","군인특별공급 e편한","1","0","1","1","라씨엘로(2-1BL","84B","3","Y"
"2022","280","경기 평택시","20220726","20220801","14","20220802","20220728","군인특별공급 e편한","1","0","1","1","라씨엘로(2-1BL","84A","8","Y"
"2022","279","경기 평택시","20220726","20220801","14","20220802","20220728","청약자격확인 e편한","1","0","1","1","하이센트(4BL)","청약자격확인","27","Y"
"2022","278","경기 평택시","20220726","20220801","14","20220802","20220728","군인특별공급 e편한","1","0","1","1","하이센트(4BL)","59","1","Y"
"2022","278","경기 평택시","20220726","20220801","14","20220802","20220728","군인특별공급 e편한","1","0","1","1","하이센트(4BL)","84B","2","Y"
"2022","278","경기 평택시","20220726","20220801","14","20220802","20220728","군인특별공급 e편한","1","0","1","1","하이센트(4BL)","84A","5","Y"
"2022","278","경기 평택시","20220726","20220801","14","20220802","20220728","군인특별공급 e편한","1","0","1","1","하이센트(4BL)","74","2","Y"
"2022","277","강원 속초시","20220725","20220727","14","20220728","20220722","군인특별공급 속초 ","1","0","1","1","주택형","84B","1","Y"
"2022","277","강원 속초시","20220725","20220727","14","20220728","20220722","군인특별공급 속초 ","1","0","1","1","주택형","84A","1","Y"
"2022","277","강원 속초시","20220725","20220727","14","20220728","20220722","군인특별공급 속초 ","1","0","1","1","주택형","84E","1","Y"
"2022","277","강원 속초시","20220725","20220727","14","20220728","20220722","군인특별공급 속초 ","1","0","1","1","주택형","84D","2","Y"
"2022","276","경기 양주시","20220720","20220801","14","20220802","20220727","청약자격확인 양주옥","1","1","0","0","주택형","청약자격확인","42","Y"
"2022","275","경기 양주시","20220720","20220801","14","20220803","20220727","군인특별공급 양주옥","1","1","0","0","주택형","59A","1","Y"
"2022","275","경기 양주시","20220720","20220801","14","20220803","20220727","군인특별공급 양주옥","1","1","0","0","주택형","51A","1","Y"
"2022","275","경기 양주시","20220720","20220801","14","20220803","20220727","군인특별공급 양주옥","1","1","0","0","주택형","59B","1","Y"
"2022","274","대구 북구","20220720","20220729","14","20220801","20220726","군인특별공급 화성파","1","0","1","1","주택형","84B","1","Y"
"2022","274","대구 북구","20220720","20220729","14","20220801","20220726","군인특별공급 화성파","1","0","1","1","주택형","84D","1","Y"
"2022","274","대구 북구","20220720","20220729","14","20220801","20220726","군인특별공급 화성파","1","0","1","1","주택형","84A","4","Y"
"2022","274","대구 북구","20220720","20220729","14","20220801","20220726","군인특별공급 화성파","1","0","1","1","주택형","84C","2","Y"
"2022","273","경기 성남시","20220719","20220801","14","20220802","20220725","군인특별공급 성남 ","1","0","1","1","주택형","84B","1","Y"
"2022","273","경기 성남시","20220719","20220801","14","20220802","20220725","군인특별공급 성남 ","1","0","1","1","주택형","84A","2","Y"
"2022","272","(일정미정 추후재공","20220719","20220801","14","20220803","20220725","(일정미정 추후재공","1","0","1","1","주택형","84A","1","Y"
"2022","271","전남 무안군","20220719","20220725","14","20220727","20220722","군인특별공급 무안 ","1","0","1","1","주택형","84A","10","Y"
"2022","271","전남 무안군","20220719","20220725","14","20220727","20220722","군인특별공급 무안 ","1","0","1","1","주택형","84C","2","Y"
"2022","271","전남 무안군","20220719","20220725","14","20220727","20220722","군인특별공급 무안 ","1","0","1","1","주택형","84B","1","Y"
"2022","270","전남 무안군","20220719","20220725","14","20220727","20220722","군인특별공급 무안 ","1","0","1","1","주택형","84A","4","Y"
"2022","270","전남 무안군","20220719","20220725","14","20220727","20220722","군인특별공급 무안 ","1","0","1","1","주택형","84C","1","Y"
"2022","270","전남 무안군","20220719","20220725","14","20220727","20220722","군인특별공급 무안 ","1","0","1","1","주택형","84B","1","Y"
"2022","269","부산 부산진구","20220718","20220725","14","20220728","20220722","군인특별공급 서면 ","1","0","1","1","주택형","48","1","Y"
"2022","269","부산 부산진구","20220718","20220725","14","20220728","20220722","군인특별공급 서면 ","1","0","1","1","주택형","73","1","Y"
"2022","269","부산 부산진구","20220718","20220725","14","20220728","20220722","군인특별공급 서면 ","1","0","1","1","주택형","66","1","Y"
"2022","268","대구 서구","20220718","20220725","14","20220727","20220721","군인특별공급 힐스테","1","0","1","1","주택형","84B","2","Y"
"2022","268","대구 서구","20220718","20220725","14","20220727","20220721","군인특별공급 힐스테","1","0","1","1","주택형","84A","9","Y"
"2022","267","경남 양산시","20220718","20220725","14","20220727","20220721","군인특별공급 양산5","1","0","1","1","주택형","59A","3","Y"
"2022","267","경남 양산시","20220718","20220725","14","20220727","20220721","군인특별공급 양산5","1","0","1","1","주택형","73B","2","Y"
"2022","267","경남 양산시","20220718","20220725","14","20220727","20220721","군인특별공급 양산5","1","0","1","1","주택형","73A","1","Y"
"2022","267","경남 양산시","20220718","20220725","14","20220727","20220721","군인특별공급 양산5","1","0","1","1","주택형","84","1","Y"
"2022","266","경북 구미시","20220715","20220728","14","20220729","20220720","군인특별공급 구미 ","1","0","1","1","주택형","41B","1","Y"
"2022","266","경북 구미시","20220715","20220728","14","20220729","20220720","군인특별공급 구미 ","1","0","1","1","주택형","84","2","Y"
"2022","266","경북 구미시","20220715","20220728","14","20220729","20220720","군인특별공급 구미 ","1","0","1","1","주택형","75","2","Y"
"2022","318","(일정미정 추후재공","20220813","20220926","14","20220928","20220920","(일정미정 추후재공","1","0","1","1","주택형","74A","1","Y"
"2022","318","(일정미정 추후재공","20220813","20220926","14","20220928","20220920","(일정미정 추후재공","1","0","1","1","주택형","84A","1","N"
"2022","317","대구 북구","20220813","20220822","14","20220824","20220819","군인특별공급 대구 ","1","0","1","1","주택형","84A","2","Y"
"2022","317","대구 북구","20220813","20220822","14","20220824","20220819","군인특별공급 대구 ","1","0","1","1","주택형","84B","1","Y"
"2022","317","대구 북구","20220813","20220822","14","20220824","20220819","군인특별공급 대구 ","1","0","1","1","주택형","84G","1","Y"
"2022","317","대구 북구","20220813","20220822","14","20220824","20220819","군인특별공급 대구 ","1","0","1","1","주택형","84D","1","Y"
"2022","317","대구 북구","20220813","20220822","14","20220824","20220819","군인특별공급 대구 ","1","0","1","1","주택형","84F","1","Y"
"2022","317","대구 북구","20220813","20220822","14","20220824","20220819","군인특별공급 대구 ","1","0","1","1","주택형","84C","1","Y"
"2022","316","서울 구로구","20220813","20220822","14","20220824","20220818","군인특별공급 남구로","1","0","1","1","주택형","42B2-A","1","Y"
"2022","316","서울 구로구","20220813","20220822","14","20220824","20220818","군인특별공급 남구로","1","0","1","1","주택형","37A2","1","Y"
"2022","315","경기 안양시","20220813","20220905","14","20220907","20220829","군인특별공급 평촌 ","1","0","1","1","주택형","59","2","Y"
"2022","315","경기 안양시","20220813","20220905","14","20220907","20220829","군인특별공급 평촌 ","1","0","1","1","주택형","49","1","Y"
"2022","314","강원 원주시","20220813","20220829","14","20220831","20220825","군인특별공급 힐스테","1","0","1","1","주택형","84B","7","Y"
"2022","314","강원 원주시","20220813","20220829","14","20220831","20220825","군인특별공급 힐스테","1","0","1","1","주택형","84A","5","Y"
"2022","313","인천 중구","20220805","20220815","14","20220817","20220812","청약자격확인 영종 ","1","0","1","1","A41블록","청약자격확인","11","Y"
"2022","312","인천 중구","20220805","20220815","14","20220818","20220812","군인특별공급 영종 ","1","0","1","1","A41블록","84B","1","Y"
"2022","312","인천 중구","20220805","20220815","14","20220818","20220812","군인특별공급 영종 ","1","0","1","1","A41블록","84A","5","Y"
"2022","311","경기 평택시","20220805","20220815","14","20220818","20220812","청약자격확인 평택 ","1","1","0","0","주택형","청약자격확인","23","Y"
"2022","310","경기 안성시","20220805","20220815","14","20220818","20220812","군인특별공급 라포르","1","0","1","1","주택형","74","1","Y"
"2022","310","경기 안성시","20220805","20220815","14","20220818","20220812","군인특별공급 라포르","1","0","1","1","주택형","59","3","Y"
"2022","309","강원 원주시","20220804","20220815","14","20220817","20220811","군인특별공급 두산위","1","0","1","1","주택형","59A","1","Y"
"2022","309","강원 원주시","20220804","20220815","14","20220817","20220811","군인특별공급 두산위","1","0","1","1","주택형","74A","2","Y"
"2022","309","강원 원주시","20220804","20220815","14","20220817","20220811","군인특별공급 두산위","1","0","1","1","주택형","84B","4","Y"
"2022","309","강원 원주시","20220804","20220815","14","20220817","20220811","군인특별공급 두산위","1","0","1","1","주택형","84A","9","Y"
"2022","309","강원 원주시","20220804","20220815","14","20220817","20220811","군인특별공급 두산위","1","0","1","1","주택형","74B","1","Y"
"2022","308","전남 화순군","20220804","20220815","14","20220817","20220811","군인특별공급 화순센","1","0","1","1","주택형","84A","2","Y"
"2022","308","전남 화순군","20220804","20220815","14","20220817","20220811","군인특별공급 화순센","1","0","1","1","주택형","84C","2","Y"
"2022","308","전남 화순군","20220804","20220815","14","20220817","20220811","군인특별공급 화순센","1","0","1","1","주택형","84B","1","Y"
"2022","307","전북 군산시","20220804","20220815","14","20220817","20220811","군인특별공급 군산 ","1","0","1","1","주택형","84A","4","Y"
"2022","306","울산 남구","20220804","20220822","14","20220824","20220818","군인특별공급 울산대","1","0","1","1","주택형","62A","1","Y"
"2022","306","울산 남구","20220804","20220822","14","20220824","20220818","군인특별공급 울산대","1","0","1","1","주택형","84B","1","Y"
"2022","306","울산 남구","20220804","20220822","14","20220824","20220818","군인특별공급 울산대","1","0","1","1","주택형","84A","2","Y"
"2022","306","울산 남구","20220804","20220822","14","20220824","20220818","군인특별공급 울산대","1","0","1","1","주택형","62B","1","Y"
"2022","305","경남 거제시","20220802","20220822","14","20220824","20220819","군인특별공급 거제 ","1","0","1","1","주택형","84A","4","Y"
"2022","305","경남 거제시","20220802","20220822","14","20220824","20220819","군인특별공급 거제 ","1","0","1","1","주택형","84C","1","Y"
"2022","305","경남 거제시","20220802","20220822","14","20220824","20220819","군인특별공급 거제 ","1","0","1","1","주택형","84B","1","Y"
"2022","304","인천 미추홀구","20220802","20220808","14","20220810","20220805","군인특별공급 주안 ","1","0","1","1","주택형","74A","1","Y"
"2022","303","경기 의정부시","20220802","20220808","14","20220810","20220805","군인특별공급 의정부","1","0","1","1","주택형","59A","1","Y"
"2022","303","경기 의정부시","20220802","20220808","14","20220810","20220805","군인특별공급 의정부","1","0","1","1","주택형","59B","2","Y"
"2022","303","경기 의정부시","20220802","20220808","14","20220810","20220805","군인특별공급 의정부","1","0","1","1","주택형","76B","1","Y"
"2022","303","경기 의정부시","20220802","20220808","14","20220810","20220805","군인특별공급 의정부","1","0","1","1","주택형","59D","5","Y"
"2022","303","경기 의정부시","20220802","20220808","14","20220810","20220805","군인특별공급 의정부","1","0","1","1","주택형","76A","1","Y"
"2022","303","경기 의정부시","20220802","20220808","14","20220810","20220805","군인특별공급 의정부","1","0","1","1","주택형","59C","1","Y"
"2022","302","인천 중구","20220802","20220808","14","20220810","20220804","청약자격확인 인천 ","1","1","0","0","A-33블록","청약자격확인","13","Y"
"2022","301","인천 중구","20220802","20220808","14","20220810","20220804","군인특별공급 인천 ","1","1","0","0","A-33블록","84AH","1","Y"
"2022","300","전남 여수시","20220729","20220801","14","20220803","20220729","군인특별공급 여수 ","1","0","1","1","주택형","84A","1","Y"
"2022","300","전남 여수시","20220729","20220801","14","20220803","20220729","군인특별공급 여수 ","1","0","1","1","주택형","84C","1","Y"
"2022","300","전남 여수시","20220729","20220801","14","20220803","20220729","군인특별공급 여수 ","1","0","1","1","주택형","84B","1","Y"
"2022","299","충남 천안시","20220729","20220801","14","20220803","20220729","군인특별공급 유보라","1","0","1","1","주택형","84A","3","Y"
"2022","299","충남 천안시","20220729","20220801","14","20220803","20220729","군인특별공급 유보라","1","0","1","1","주택형","84C","3","Y"
"2022","299","충남 천안시","20220729","20220801","14","20220803","20220729","군인특별공급 유보라","1","0","1","1","주택형","84B","2","Y"
"2022","298","전북 익산시","20220727","20220801","14","20220804","20220729","군인특별공급 익산 ","1","0","1","1","주택형","84B","2","Y"
"2022","298","전북 익산시","20220727","20220801","14","20220804","20220729","군인특별공급 익산 ","1","0","1","1","주택형","84A","10","Y"
"2022","297","인천 중구","20220727","20220801","14","20220803","20220729","군인특별공급 인천 ","1","0","1","1","A16BL","84B","1","Y"
"2022","297","인천 중구","20220727","20220801","14","20220803","20220729","군인특별공급 인천 ","1","0","1","1","A16BL","84A","14","Y"
"2022","296","경기 화성시","20220727","20220808","14","20220810","20220805","청약자격확인 봉담자","1","0","1","1","A-1BL","청약자격확인","25","Y"
"2022","295","경기 화성시","20220727","20220808","14","20220810","20220805","군인특별공급 봉담자","1","0","1","1","A-1BL","59A","1","Y"
"2022","295","경기 화성시","20220727","20220808","14","20220810","20220805","군인특별공급 봉담자","1","0","1","1","A-1BL","84A","7","Y"
"2022","295","경기 화성시","20220727","20220808","14","20220810","20220805","군인특별공급 봉담자","1","0","1","1","A-1BL","84D","1","Y"
"2022","295","경기 화성시","20220727","20220808","14","20220810","20220805","군인특별공급 봉담자","1","0","1","1","A-1BL","84C","1","Y"
"2022","295","경기 화성시","20220727","20220808","14","20220810","20220805","군인특별공급 봉담자","1","0","1","1","A-1BL","84B","1","Y"
"2022","294","경남 창원시","20220727","20220801","14","20220804","20220729","군인특별공급 창원자","1","0","1","1","주택형","59","4","Y"
"2022","294","경남 창원시","20220727","20220801","14","20220804","20220729","군인특별공급 창원자","1","0","1","1","주택형","84","1","Y"
"2022","294","경남 창원시","20220727","20220801","14","20220804","20220729","군인특별공급 창원자","1","0","1","1","주택형","75","4","Y"
"2022","293","(일정미정 추후재접","20220727","20220905","14","20220907","20220902","(일정미정 추후재접","1","0","1","1","주택형","84C","2","Y"
"2022","293","(일정미정 추후재접","20220727","20220905","14","20220907","20220902","(일정미정 추후재접","1","0","1","1","주택형","74A","2","Y"
"2022","292","충북 괴산군","20220727","20220801","14","20220803","20220729","군인특별공급 충북 ","1","0","1","1","A2BL","59A","1","Y"
"2022","292","충북 괴산군","20220727","20220801","14","20220803","20220729","군인특별공급 충북 ","1","0","1","1","A2BL","84","5","Y"
"2022","292","충북 괴산군","20220727","20220801","14","20220803","20220729","군인특별공급 충북 ","1","0","1","1","A2BL","59B","1","Y"
"2022","352","경기 안성시","20220913","20230424","13","20230426","20230420","군인특별공급 해링턴","1","0","1","1","주택형","84B","2","N"
"2022","351","전북 군산시","20220913","20221003","14","20221004","20220929","군인특별공급 더샵 ","1","0","1","1","주택형","84B","1","Y"
"2022","351","전북 군산시","20220913","20221003","14","20221004","20220929","군인특별공급 더샵 ","1","0","1","1","주택형","84A","1","Y"
"2022","351","전북 군산시","20220913","20221003","14","20221004","20220929","군인특별공급 더샵 ","1","0","1","1","주택형","84C","1","Y"
"2022","350","경기 화성시","20220913","20221003","14","20221004","20220929","청약자격확인 화성 ","1","0","1","1","주택형","청약자격확인","6","Y"
"2022","349","경기 화성시","20220913","20221003","14","20221004","20220929","군인특별공급 화성 ","1","0","1","1","주택형","59A","2","Y"
"2022","348","경남 밀양시","20220913","20220926","14","20220927","20220921","군인특별공급 밀양부","1","0","1","1","주택형","84A","2","Y"
"2022","347","대구 북구","20220913","20220926","14","20220929","20220922","군인특별공급 대구역","1","0","1","1","주택형","84C","1","Y"
"2022","347","대구 북구","20220913","20220926","14","20220929","20220922","군인특별공급 대구역","1","0","1","1","주택형","84B","1","Y"
"2022","347","대구 북구","20220913","20220926","14","20220929","20220922","군인특별공급 대구역","1","0","1","1","주택형","84A","1","Y"
"2022","347","대구 북구","20220913","20220926","14","20220929","20220922","군인특별공급 대구역","1","0","1","1","주택형","84D","1","Y"
"2022","346","충남 천안시","20220913","20220919","14","20220920","20220916","군인특별공급 부성역","1","0","1","1","주택형","84C","1","Y"
"2022","346","충남 천안시","20220913","20220919","14","20220920","20220916","군인특별공급 부성역","1","0","1","1","주택형","84B","1","Y"
"2022","346","충남 천안시","20220913","20220919","14","20220920","20220916","군인특별공급 부성역","1","0","1","1","주택형","84A","3","Y"
"2022","345","경기 부천시","20220908","20230410","13","20230412","20230406","군인특별공급 이안 ","1","0","1","1","주택형","63","1","Y"
"2022","344","충북 진천군","20220905","20220907","14","20220908","20220902","군인특별공급 광혜원","1","0","1","1","주택형","59B","1","Y"
"2022","343","경기 의왕시","20220901","20220913","14","20220915","20220908","군인특별공급 인덕원","1","0","1","1","주택형","49A","1","Y"
"2022","343","경기 의왕시","20220901","20220913","14","20220915","20220908","군인특별공급 인덕원","1","0","1","1","주택형","74B","1","Y"
"2022","343","경기 의왕시","20220901","20220913","14","20220915","20220908","군인특별공급 인덕원","1","0","1","1","주택형","74A","1","Y"
"2022","343","경기 의왕시","20220901","20220913","14","20220915","20220908","군인특별공급 인덕원","1","0","1","1","주택형","59B","1","Y"
"2022","343","경기 의왕시","20220901","20220913","14","20220915","20220908","군인특별공급 인덕원","1","0","1","1","주택형","59A","2","Y"
"2022","342","광주 광산구","20220901","20221014","14","20221017","20221012","군인특별공급 신창 ","1","0","1","1","주택형","84C","1","Y"
"2022","341","경남 김해시","20220901","20220905","14","20220908","20220902","군인특별공급 e편한","1","0","1","1","주택형","84B","3","Y"
"2022","341","경남 김해시","20220901","20220905","14","20220908","20220902","군인특별공급 e편한","1","0","1","1","주택형","84A","10","Y"
"2022","340","인천시 서구","20220901","20220912","14","20220913","20220906","군인특별공급 인천검","1","1","0","0","주택형","74A","1","Y"
"2022","339","강원 양양군","20220829","20220905","14","20220908","20220902","군인특별공급 양양 ","1","0","1","1","주택형","84A","2","Y"
"2022","339","강원 양양군","20220829","20220905","14","20220908","20220902","군인특별공급 양양 ","1","0","1","1","주택형","59A","1","Y"
"2022","338","충북 옥천군","20220826","20220901","14","20220902","20220901","군인특별공급 옥천 ","1","0","1","1","주택형","84C","2","Y"
"2022","338","충북 옥천군","20220826","20220901","14","20220902","20220901","군인특별공급 옥천 ","1","0","1","1","주택형","84B","2","Y"
"2022","338","충북 옥천군","20220826","20220901","14","20220902","20220901","군인특별공급 옥천 ","1","0","1","1","주택형","84A","6","Y"
"2022","337","경북 칠곡군","20220824","20220829","14","20220831","20220826","군인특별공급 우방아","1","0","1","1","주택형","84","1","Y"
"2022","337","경북 칠곡군","20220824","20220829","14","20220831","20220826","군인특별공급 우방아","1","0","1","1","주택형","63","2","Y"
"2022","336","인천 서구","20220823","20220829","14","20220830","20220825","군인특별공급 인천 ","1","0","1","1","주택형","84A","5","Y"
"2022","336","인천 서구","20220823","20220829","14","20220830","20220825","군인특별공급 인천 ","1","0","1","1","주택형","84C","2","Y"
"2022","336","인천 서구","20220823","20220829","14","20220830","20220825","군인특별공급 인천 ","1","0","1","1","주택형","84B","2","Y"
"2022","335","충남 천안시","20220822","20220829","14","20220830","20220826","군인특별공급 천안 ","1","0","1","1","주택형","59A","1","Y"
"2022","335","충남 천안시","20220822","20220829","14","20220830","20220826","군인특별공급 천안 ","1","0","1","1","주택형","84B","3","Y"
"2022","335","충남 천안시","20220822","20220829","14","20220830","20220826","군인특별공급 천안 ","1","0","1","1","주택형","84A","7","Y"
"2022","334","경남 고성군","20220822","20220826","14","20220829","20220826","군인특별공급 고성 ","1","0","1","1","주택형","84A","3","Y"
"2022","334","경남 고성군","20220822","20220826","14","20220829","20220826","군인특별공급 고성 ","1","0","1","1","주택형","84B","2","Y"
"2022","333","충남 아산시","20220822","20220829","14","20220831","20220826","군인특별공급 아산 ","1","0","1","1","주택형","84C","1","Y"
"2022","333","충남 아산시","20220822","20220829","14","20220831","20220826","군인특별공급 아산 ","1","0","1","1","주택형","84A","4","Y"
"2022","333","충남 아산시","20220822","20220829","14","20220831","20220826","군인특별공급 아산 ","1","0","1","1","주택형","84B","2","Y"
"2022","333","충남 아산시","20220822","20220829","14","20220831","20220826","군인특별공급 아산 ","1","0","1","1","주택형","84D","1","Y"
"2022","332","전북 전주시","20220822","20220829","14","20220831","20220826","군인특별공급 반월동","1","0","1","1","주택형","76","1","Y"
"2022","332","전북 전주시","20220822","20220829","14","20220831","20220826","군인특별공급 반월동","1","0","1","1","주택형","84","1","Y"
"2022","331","전북 김제시","20220822","20220829","14","20220831","20220826","군인특별공급 남전주","1","0","1","1","주택형","84A","1","Y"
"2022","331","전북 김제시","20220822","20220829","14","20220831","20220826","군인특별공급 남전주","1","0","1","1","주택형","59","4","Y"
"2022","330","경남 양산시","20220819","20220829","14","20220830","20220825","군인특별공급 양산 ","1","0","1","1","주택형","84A","1","Y"
"2022","330","경남 양산시","20220819","20220829","14","20220830","20220825","군인특별공급 양산 ","1","0","1","1","주택형","84B","1","Y"
"2022","329","(22-314차로 ","20220819","20220829","14","20220831","20220825","(22-314차로 ","1","0","1","1","주택형","84B","7","Y"
"2022","329","(22-314차로 ","20220819","20220829","14","20220831","20220825","(22-314차로 ","1","0","1","1","주택형","84A","5","Y"
"2022","328","충북 음성군","20220819","20220826","14","20220829","20220825","군인특별공급 음성 ","1","0","1","1","주택형","84B","3","Y"
"2022","328","충북 음성군","20220819","20220826","14","20220829","20220825","군인특별공급 음성 ","1","0","1","1","주택형","84A","7","Y"
"2022","327","경기 남양주시","20220819","20220829","14","20220830","20220825","군인특별공급 마석역","1","0","1","1","주택형","59B","1","Y"
"2022","327","경기 남양주시","20220819","20220829","14","20220830","20220825","군인특별공급 마석역","1","0","1","1","주택형","59A","1","Y"
"2022","326","부산 서구","20220818","20220829","14","20220830","20220826","군인특별공급 송도자","1","0","1","1","주택형","84A","1","Y"
"2022","325","경남 거제시","20220816","20220826","14","20220829","20220822","군인특별공급 거제 ","1","0","1","1","주택형","84A","3","Y"
"2022","325","경남 거제시","20220816","20220826","14","20220829","20220822","군인특별공급 거제 ","1","0","1","1","주택형","84C","2","Y"
"2022","325","경남 거제시","20220816","20220826","14","20220829","20220822","군인특별공급 거제 ","1","0","1","1","주택형","84B","2","Y"
"2022","324","경기 안성시","20220816","20220817","14","20220818","20220812","청약자격확인 라포르","1","0","1","1","주택형","청약자격확인","15","Y"
"2022","323","대구 서구","20220914","20220926","14","20220929","20220923","군인특별공급 두류 ","1","0","1","1","주택형","84B","1","Y"
"2022","323","대구 서구","20220914","20220926","14","20220929","20220923","군인특별공급 두류 ","1","0","1","1","주택형","84A","1","Y"
"2022","322","경기 오산시","20220813","20220822","14","20220824","20220819","청약자격확인 오산 ","1","0","1","1","주택형","청약자격확인","15","Y"
"2022","321","경기 오산시","20220813","20220822","14","20220824","20220819","군인특별공급 오산 ","1","0","1","1","주택형","84A","9","Y"
"2022","320","경기 수원시","20220813","20220822","14","20220824","20220819","군인특별공급 수원 ","1","0","1","1","주택형","84A","1","Y"
"2022","319","광주 남구","20220813","20220822","14","20220824","20220819","군인특별공급 힐스테","1","0","1","1","주택형","75","1","Y"
"2022","319","광주 남구","20220813","20220822","14","20220824","20220819","군인특별공급 힐스테","1","0","1","1","주택형","84B","1","Y"
"2022","319","광주 남구","20220813","20220822","14","20220824","20220819","군인특별공급 힐스테","1","0","1","1","주택형","84A","1","Y"
"2022","318","(일정미정 추후재공","20220813","20220926","14","20220928","20220920","(일정미정 추후재공","1","0","1","1","주택형","60A","1","Y"
"2022","377","(잘못된 공지 15","20220922","20221003","14","20221004","20220929","(잘못된 공지 15","1","0","1","1","주택형","59A","1","Y"
"2022","377","(잘못된 공지 15","20220922","20221003","14","20221004","20220929","(잘못된 공지 15","1","0","1","1","주택형","84B","4","Y"
"2022","377","(잘못된 공지 15","20220922","20221003","14","20221004","20220929","(잘못된 공지 15","1","0","1","1","주택형","84A","7","Y"
"2022","376","경기 구리시","20220922","20230213","14","20230215","20230209","군인특별공급 구리역","1","0","1","1","주택형","82A","1","Y"
"2022","376","경기 구리시","20220922","20230213","14","20230215","20230209","군인특별공급 구리역","1","0","1","1","주택형","59B","1","Y"
"2022","376","경기 구리시","20220922","20230213","14","20230215","20230209","군인특별공급 구리역","1","0","1","1","주택형","59C","1","Y"
"2022","376","경기 구리시","20220922","20230213","14","20230215","20230209","군인특별공급 구리역","1","0","1","1","주택형","59A","1","Y"
"2022","376","경기 구리시","20220922","20230213","14","20230215","20230209","군인특별공급 구리역","1","0","1","1","주택형","34","1","Y"
"2022","376","경기 구리시","20220922","20230213","14","20230215","20230209","군인특별공급 구리역","1","0","1","1","주택형","46","1","Y"
"2022","376","경기 구리시","20220922","20230213","14","20230215","20230209","군인특별공급 구리역","1","0","1","1","주택형","82B","1","Y"
"2022","375","인천 중구","20220922","20221003","14","20221005","20220929","청약자격확인 인천영","1","1","0","0","주택형","청약자격확인","15","Y"
"2022","374","인천 중구","20220922","20221003","14","20221005","20220929","군인특별공급 인천영","1","1","0","0","주택형","84A2","1","Y"
"2022","373","강원 강릉시","20220922","20221003","14","20221007","20220928","군인특별공급 강릉 ","1","0","1","1","주택형","84B","2","Y"
"2022","373","강원 강릉시","20220922","20221003","14","20221007","20220928","군인특별공급 강릉 ","1","0","1","1","주택형","84A","1","Y"
"2022","372","부산 부산진구","20220922","20221003","14","20221005","20220927","군인특별공급 양정자","1","0","1","1","주택형","59","5","Y"
"2022","372","부산 부산진구","20220922","20221003","14","20221005","20220927","군인특별공급 양정자","1","0","1","1","주택형","72A","7","Y"
"2022","372","부산 부산진구","20220922","20221003","14","20221005","20220927","군인특별공급 양정자","1","0","1","1","주택형","72B","6","Y"
"2022","372","부산 부산진구","20220922","20221003","14","20221005","20220927","군인특별공급 양정자","1","0","1","1","주택형","84C","1","Y"
"2022","372","부산 부산진구","20220922","20221003","14","20221005","20220927","군인특별공급 양정자","1","0","1","1","주택형","84A","4","Y"
"2022","372","부산 부산진구","20220922","20221003","14","20221005","20220927","군인특별공급 양정자","1","0","1","1","주택형","84B","2","Y"
"2022","372","부산 부산진구","20220922","20221003","14","20221005","20220927","군인특별공급 양정자","1","0","1","1","주택형","72C","2","Y"
"2022","371","경기 화성시","20220922","20220926","14","20220928","20220923","청약자격확인 화성비","1","1","0","0","주택형","청약자격확인","20","Y"
"2022","370","경기 화성시","20220922","20220926","14","20220928","20220923","군인특별공급 화성비","1","1","0","0","주택형","59B","1","Y"
"2022","370","경기 화성시","20220922","20220926","14","20220928","20220923","군인특별공급 화성비","1","1","0","0","주택형","59A","1","Y"
"2022","369","전남 광양시","20220920","20220926","14","20220927","20220922","군인특별공급 더샵 ","1","0","1","1","주택형","84A","10","Y"
"2022","369","전남 광양시","20220920","20220926","14","20220927","20220922","군인특별공급 더샵 ","1","0","1","1","주택형","84C","2","Y"
"2022","369","전남 광양시","20220920","20220926","14","20220927","20220922","군인특별공급 더샵 ","1","0","1","1","주택형","84B","1","Y"
"2022","368","경남 거창군","20220920","20220926","14","20221003","20220923","군인특별공급 ES아","1","0","1","1","주택형","83C","1","Y"
"2022","367","경기 용인시","20220920","20221010","14","20221011","20221004","군인특별공급 동천역","1","0","1","1","주택형","70","1","Y"
"2022","366","전남 장성군","20220919","20220920","14","20220921","20220916","군인특별공급 장성 ","1","0","1","1","주택형","84B","1","Y"
"2022","366","전남 장성군","20220919","20220920","14","20220921","20220916","군인특별공급 장성 ","1","0","1","1","주택형","84A","1","Y"
"2022","365","대구 서구","20220914","20220926","14","20220928","20220923","군인특별공급 두류역","1","0","1","1","주택형","59","1","Y"
"2022","364","충북 음성군","20220914","20220926","14","20220928","20220923","군인특별공급 음성자","1","0","1","1","주택형","59","2","Y"
"2022","364","충북 음성군","20220914","20220926","14","20220928","20220923","군인특별공급 음성자","1","0","1","1","주택형","74A","1","Y"
"2022","364","충북 음성군","20220914","20220926","14","20220928","20220923","군인특별공급 음성자","1","0","1","1","주택형","84C","1","Y"
"2022","364","충북 음성군","20220914","20220926","14","20220928","20220923","군인특별공급 음성자","1","0","1","1","주택형","84A","2","Y"
"2022","364","충북 음성군","20220914","20220926","14","20220928","20220923","군인특별공급 음성자","1","0","1","1","주택형","84B","5","Y"
"2022","364","충북 음성군","20220914","20220926","14","20220928","20220923","군인특별공급 음성자","1","0","1","1","주택형","74B","2","Y"
"2022","363","경남 사천시","20220914","20220926","14","20220930","20220923","군인특별공급 e편한","1","0","1","1","주택형","84B","3","Y"
"2022","363","경남 사천시","20220914","20220926","14","20220930","20220923","군인특별공급 e편한","1","0","1","1","주택형","84A","5","Y"
"2022","362","경기 화성시","20220914","20220926","14","20220929","20220923","청약자격확인 반월자","1","1","0","0","주택형","청약자격확인","14","Y"
"2022","361","경기 화성시","20220914","20220926","14","20220929","20220923","군인특별공급 반월자","1","1","0","0","주택형","75C","1","Y"
"2022","360","전남 광양시","20220914","20221003","14","20221005","20220930","군인특별공급 광양 ","1","0","1","1","주택형","59","1","Y"
"2022","360","전남 광양시","20220914","20221003","14","20221005","20220930","군인특별공급 광양 ","1","0","1","1","주택형","84B","5","Y"
"2022","360","전남 광양시","20220914","20221003","14","20221005","20220930","군인특별공급 광양 ","1","0","1","1","주택형","84A","2","Y"
"2022","359","경기 파주시","20220913","20221017","14","20221018","20221013","청약자격확인 e편한","1","0","1","1","주택형","청약자격확인","31","Y"
"2022","358","경기 파주시","20220913","20221017","14","20221018","20221013","군인특별공급 e편한","1","0","1","1","주택형","84B","7","Y"
"2022","358","경기 파주시","20220913","20221017","14","20221018","20221013","군인특별공급 e편한","1","0","1","1","주택형","84A","7","Y"
"2022","357","전남 여수시","20220913","20220926","14","20220927","20220922","군인특별공급 여수 ","1","0","1","1","주택형","84A","2","Y"
"2022","356","충남 천안시","20220913","20221031","14","20221102","20221026","군인특별공급 천안 ","1","0","1","1","주택형","59","1","Y"
"2022","356","충남 천안시","20220913","20221031","14","20221102","20221026","군인특별공급 천안 ","1","0","1","1","주택형","84A","6","Y"
"2022","356","충남 천안시","20220913","20221031","14","20221102","20221026","군인특별공급 천안 ","1","0","1","1","주택형","84D","1","Y"
"2022","356","충남 천안시","20220913","20221031","14","20221102","20221026","군인특별공급 천안 ","1","0","1","1","주택형","84C","2","Y"
"2022","356","충남 천안시","20220913","20221031","14","20221102","20221026","군인특별공급 천안 ","1","0","1","1","주택형","84B","2","Y"
"2022","355","경기 안성시","20220913","20230424","13","20230426","20230420","청약자격확인 해링턴","1","0","1","1","주택형","청약자격확인","19","N"
"2022","355","경기 안성시","20220913","20230424","13","20230426","20230420","청약자격확인 해링턴","1","0","1","1","2BL","청약자격확인","19","Y"
"2022","354","경기 안성시","20220913","20230424","13","20230426","20230420","군인특별공급 해링턴","1","0","1","1","주택형","74","3","N"
"2022","354","경기 안성시","20220913","20230424","13","20230426","20230420","군인특별공급 해링턴","1","0","1","1","주택형","84A","4","N"
"2022","354","경기 안성시","20220913","20230424","13","20230426","20230420","군인특별공급 해링턴","1","0","1","1","2BL","84B","3","Y"
"2022","354","경기 안성시","20220913","20230424","13","20230426","20230420","군인특별공급 해링턴","1","0","1","1","2BL","74","3","Y"
"2022","354","경기 안성시","20220913","20230424","13","20230426","20230420","군인특별공급 해링턴","1","0","1","1","2BL","84A","4","Y"
"2022","354","경기 안성시","20220913","20230424","13","20230426","20230420","군인특별공급 해링턴","1","0","1","1","주택형","84B","3","N"
"2022","353","경기 안성시","20220913","20230424","13","20230426","20230420","청약자격확인 해링턴","1","0","1","1","1BL","청약자격확인","10","Y"
"2022","353","경기 안성시","20220913","20230424","13","20230426","20230420","청약자격확인 해링턴","1","0","1","1","주택형","청약자격확인","10","N"
"2022","352","경기 안성시","20220913","20230424","13","20230426","20230420","군인특별공급 해링턴","1","0","1","1","주택형","74","1","N"
"2022","352","경기 안성시","20220913","20230424","13","20230426","20230420","군인특별공급 해링턴","1","0","1","1","주택형","84A","2","N"
"2022","352","경기 안성시","20220913","20230424","13","20230426","20230420","군인특별공급 해링턴","1","0","1","1","1BL","84B","2","Y"
"2022","352","경기 안성시","20220913","20230424","13","20230426","20230420","군인특별공급 해링턴","1","0","1","1","1BL","74","1","Y"
"2022","352","경기 안성시","20220913","20230424","13","20230426","20230420","군인특별공급 해링턴","1","0","1","1","1BL","84A","2","Y"
"2022","404","충남 아산시","20221007","20221017","14","20221018","20221014","군인특별공급 아산e","1","1","0","0","주택형","84B","1","Y"
"2022","404","충남 아산시","20221007","20221017","14","20221018","20221014","군인특별공급 아산e","1","1","0","0","주택형","84E","1","Y"
"2022","404","충남 아산시","20221007","20221017","14","20221018","20221014","군인특별공급 아산e","1","1","0","0","주택형","84A","1","Y"
"2022","403","인천 연수구","20221006","20221012","14","20221013","20221007","청약자격확인 연수 ","1","0","1","1","주택형","청약자격확인","4","Y"
"2022","402","인천 연수구","20221006","20221012","14","20221013","20221007","군인특별공급 연수 ","1","0","1","1","주택형","74A","1","Y"
"2022","402","인천 연수구","20221006","20221012","14","20221013","20221007","군인특별공급 연수 ","1","0","1","1","주택형","60A","1","Y"
"2022","401","대전 유성구","20221006","20221017","14","20221020","20221013","군인특별공급 대전 ","1","0","1","1","주택형","84A","3","Y"
"2022","401","대전 유성구","20221006","20221017","14","20221020","20221013","군인특별공급 대전 ","1","0","1","1","주택형","84C","1","Y"
"2022","401","대전 유성구","20221006","20221017","14","20221020","20221013","군인특별공급 대전 ","1","0","1","1","주택형","84D","2","Y"
"2022","401","대전 유성구","20221006","20221017","14","20221020","20221013","군인특별공급 대전 ","1","0","1","1","주택형","84B","1","Y"
"2022","400","울산 남구","20221006","20221017","14","20221019","20221013","군인특별공급 문수로","1","0","1","1","주택형","84A","2","Y"
"2022","400","울산 남구","20221006","20221017","14","20221019","20221013","군인특별공급 문수로","1","0","1","1","주택형","84C","2","Y"
"2022","400","울산 남구","20221006","20221017","14","20221019","20221013","군인특별공급 문수로","1","0","1","1","주택형","84B","2","Y"
"2022","399","인천 중구","20221006","20221017","14","20221018","20221013","청약자격확인 인천영","1","1","0","0","주택형","청약자격확인","20","Y"
"2022","398","인천 중구","20221006","20221017","14","20221018","20221013","군인특별공급 인천영","1","1","0","0","주택형","74A","1","Y"
"2022","398","인천 중구","20221006","20221017","14","20221018","20221013","군인특별공급 인천영","1","1","0","0","주택형","84A","1","Y"
"2022","397","경기 성남시","20221004","20221006","14","20221007","20221004","청약자격확인 성남금","1","1","0","0","주택형","청약자격확인","14","Y"
"2022","396","경기 성남시","20221004","20221006","14","20221007","20221004","군인특별공급 성남금","1","1","0","0","주택형","39A","1","Y"
"2022","395","경기 성남시","20221004","20221006","14","20221007","20221004","청약자격확인 성남중","1","1","0","0","주택형","청약자격확인","7","Y"
"2022","394","경기 성남시","20221004","20221006","14","20221007","20221004","군인특별공급 성남중","1","1","0","0","주택형","39A","1","Y"
"2022","394","경기 성남시","20221004","20221006","14","20221007","20221004","군인특별공급 성남중","1","1","0","0","주택형","39A1","1","N"
"2022","393","인천 중구","20220930","20221010","14","20221012","20221007","청약자격확인 인천하","1","0","1","1","주택형","청약자격확인","17","Y"
"2022","392","인천 중구","20220930","20221010","14","20221012","20221007","군인특별공급 인천하","1","0","1","1","주택형","84P","2","Y"
"2022","392","인천 중구","20220930","20221010","14","20221012","20221007","군인특별공급 인천하","1","0","1","1","주택형","84A","2","Y"
"2022","392","인천 중구","20220930","20221010","14","20221012","20221007","군인특별공급 인천하","1","0","1","1","주택형","84B","2","Y"
"2022","392","인천 중구","20220930","20221010","14","20221012","20221007","군인특별공급 인천하","1","0","1","1","주택형","74","2","Y"
"2022","391","인천 영종","20220930","20221010","14","20221012","20221007","군인특별공급 인천 ","1","0","1","1","주택형","84B","3","Y"
"2022","391","인천 영종","20220930","20221010","14","20221012","20221007","군인특별공급 인천 ","1","0","1","1","주택형","84C","2","Y"
"2022","391","인천 영종","20220930","20221010","14","20221012","20221007","군인특별공급 인천 ","1","0","1","1","주택형","84A","2","Y"
"2022","390","울산 울진군","20220930","20221017","14","20221019","20221012","군인특별공급 울산K","1","0","1","1","주택형","84A2","1","Y"
"2022","390","울산 울진군","20220930","20221017","14","20221019","20221012","군인특별공급 울산K","1","0","1","1","주택형","84A1","1","Y"
"2022","390","울산 울진군","20220930","20221017","14","20221019","20221012","군인특별공급 울산K","1","0","1","1","주택형","84C2","1","Y"
"2022","389","경기 평택시","20220928","20221010","14","20221014","20221007","청약자격확인 평택석","1","0","1","1","주택형","청약자격확인","38","Y"
"2022","388","경기 평택시","20220928","20221010","14","20221014","20221007","군인특별공급 평택석","1","0","1","1","주택형","84D","5","Y"
"2022","388","경기 평택시","20220928","20221010","14","20221014","20221007","군인특별공급 평택석","1","0","1","1","주택형","84C","2","Y"
"2022","388","경기 평택시","20220928","20221010","14","20221014","20221007","군인특별공급 평택석","1","0","1","1","주택형","84B","4","Y"
"2022","388","경기 평택시","20220928","20221010","14","20221014","20221007","군인특별공급 평택석","1","0","1","1","주택형","84A","2","Y"
"2022","388","경기 평택시","20220928","20221010","14","20221014","20221007","군인특별공급 평택석","1","0","1","1","주택형","80A","1","Y"
"2022","388","경기 평택시","20220928","20221010","14","20221014","20221007","군인특별공급 평택석","1","0","1","1","주택형","80B","2","Y"
"2022","387","충북 옥천군","20220928","20221003","14","20221006","20220930","군인특별공급 e편한","1","0","1","1","주택형","84B","1","Y"
"2022","387","충북 옥천군","20220928","20221003","14","20221006","20220930","군인특별공급 e편한","1","0","1","1","주택형","84A","6","Y"
"2022","386","인천 계양구","20220926","20221003","14","20221005","20220930","청약자격확인 인천 ","1","0","1","1","주택형","청약자격확인","10","Y"
"2022","385","경기 수원시","20220923","20221003","14","20221005","20220930","군인특별공급 수원 ","1","0","1","1","주택형","84E","2","Y"
"2022","385","경기 수원시","20220923","20221003","14","20221005","20220930","군인특별공급 수원 ","1","0","1","1","주택형","84D","1","Y"
"2022","385","경기 수원시","20220923","20221003","14","20221005","20220930","군인특별공급 수원 ","1","0","1","1","주택형","84C","1","Y"
"2022","385","경기 수원시","20220923","20221003","14","20221005","20220930","군인특별공급 수원 ","1","0","1","1","주택형","84B","1","Y"
"2022","385","경기 수원시","20220923","20221003","14","20221005","20220930","군인특별공급 수원 ","1","0","1","1","주택형","74A","1","Y"
"2022","384","경기 수원시","20220923","20221003","14","20221005","20220930","군인특별공급 수원 ","1","0","1","1","주택형","74A","1","Y"
"2022","384","경기 수원시","20220923","20221003","14","20221005","20220930","군인특별공급 수원 ","1","0","1","1","주택형","84A","2","Y"
"2022","384","경기 수원시","20220923","20221003","14","20221005","20220930","군인특별공급 수원 ","1","0","1","1","주택형","84D","1","Y"
"2022","384","경기 수원시","20220923","20221003","14","20221005","20220930","군인특별공급 수원 ","1","0","1","1","주택형","84E","1","Y"
"2022","383","충남 논산시","20220923","20221031","14","20221102","20221028","군인특별공급 논산 ","1","0","1","1","주택형","84A","4","Y"
"2022","383","충남 논산시","20220923","20221031","14","20221102","20221028","군인특별공급 논산 ","1","0","1","1","주택형","84C","2","Y"
"2022","383","충남 논산시","20220923","20221031","14","20221102","20221028","군인특별공급 논산 ","1","0","1","1","주택형","84B","3","Y"
"2022","382","인천 계양구","20220923","20221003","14","20221005","20220930","군인특별공급 인천 ","1","0","1","1","주택형","84A","3","Y"
"2022","382","인천 계양구","20220923","20221003","14","20221005","20220930","군인특별공급 인천 ","1","0","1","1","주택형","84E","1","Y"
"2022","382","인천 계양구","20220923","20221003","14","20221005","20220930","군인특별공급 인천 ","1","0","1","1","주택형","84D","1","Y"
"2022","381","(일정미정 추후재공","20220923","20221128","14","20221201","20221124","(일정미정 추후재공","1","0","1","1","주택형","84A","1","Y"
"2022","381","(일정미정 추후재공","20220923","20221128","14","20221201","20221124","(일정미정 추후재공","1","0","1","1","주택형","84D","1","Y"
"2022","381","(일정미정 추후재공","20220923","20221128","14","20221201","20221124","(일정미정 추후재공","1","0","1","1","주택형","84C","1","Y"
"2022","381","(일정미정 추후재공","20220923","20221128","14","20221201","20221124","(일정미정 추후재공","1","0","1","1","주택형","84B","1","Y"
"2022","380","경북 포항시","20220923","20221003","14","20221006","20220929","군인특별공급 포항 ","1","0","1","1","주택형","84B","2","Y"
"2022","380","경북 포항시","20220923","20221003","14","20221006","20220929","군인특별공급 포항 ","1","0","1","1","주택형","84A","3","Y"
"2022","379","경북 구미시","20220923","20221003","14","20221005","20220929","군인특별공급 e편한","1","0","1","1","주택형","84C","1","Y"
"2022","379","경북 구미시","20220923","20221003","14","20221005","20220929","군인특별공급 e편한","1","0","1","1","주택형","84B","6","Y"
"2022","378","전북 익산시","20220922","20221010","14","20221012","20221007","군인특별공급 익산 ","1","0","1","1","주택형","84A","5","Y"
"2022","378","전북 익산시","20220922","20221010","14","20221012","20221007","군인특별공급 익산 ","1","0","1","1","주택형","84D","3","N"
"2022","378","전북 익산시","20220922","20221010","14","20221012","20221007","군인특별공급 익산 ","1","0","1","1","주택형","84C","3","Y"
"2022","378","전북 익산시","20220922","20221010","14","20221012","20221007","군인특별공급 익산 ","1","0","1","1","주택형","84B","2","Y"
"2022","429","충남 천안시","20221019","20221031","14","20221101","20221026","군인특별공급 천안 ","1","0","1","1","주택형","84D","2","Y"
"2022","429","충남 천안시","20221019","20221031","14","20221101","20221026","군인특별공급 천안 ","1","0","1","1","주택형","84E","2","Y"
"2022","429","충남 천안시","20221019","20221031","14","20221101","20221026","군인특별공급 천안 ","1","0","1","1","주택형","84B","7","Y"
"2022","428","충남 천안시","20221019","20221031","14","20221101","20221026","군인특별공급 천안 ","1","0","1","1","주택형","84B","2","Y"
"2022","428","충남 천안시","20221019","20221031","14","20221101","20221026","군인특별공급 천안 ","1","0","1","1","주택형","84A","3","Y"
"2022","427","강원 원주시","20221018","20221024","14","20221024","20221018","군인특별공급 ES아","1","0","1","1","주택형","84B","1","Y"
"2022","427","강원 원주시","20221018","20221024","14","20221024","20221018","군인특별공급 ES아","1","0","1","1","주택형","84A","2","Y"
"2022","426","경기 광주시","20221018","20221024","14","20221025","20221021","청약자격확인 더파크","1","0","1","1","주택형","청약자격확인","50","Y"
"2022","425","대구 남구","20221018","20221031","14","20221102","20221028","군인특별공급 대명자","1","0","1","1","주택형","46A","4","Y"
"2022","425","대구 남구","20221018","20221031","14","20221102","20221028","군인특별공급 대명자","1","0","1","1","주택형","46B","1","Y"
"2022","425","대구 남구","20221018","20221031","14","20221102","20221028","군인특별공급 대명자","1","0","1","1","주택형","59A","14","Y"
"2022","425","대구 남구","20221018","20221031","14","20221102","20221028","군인특별공급 대명자","1","0","1","1","주택형","84B","6","Y"
"2022","425","대구 남구","20221018","20221031","14","20221102","20221028","군인특별공급 대명자","1","0","1","1","주택형","70","3","Y"
"2022","425","대구 남구","20221018","20221031","14","20221102","20221028","군인특별공급 대명자","1","0","1","1","주택형","84A","5","Y"
"2022","425","대구 남구","20221018","20221031","14","20221102","20221028","군인특별공급 대명자","1","0","1","1","주택형","59B","2","Y"
"2022","424","부산 강서구","20221018","20221024","14","20221025","20221021","군인특별공급 에코델","1","1","0","0","주택형","74A","1","Y"
"2022","424","부산 강서구","20221018","20221024","14","20221025","20221021","군인특별공급 에코델","1","1","0","0","주택형","74B","1","Y"
"2022","424","부산 강서구","20221018","20221024","14","20221025","20221021","군인특별공급 에코델","1","1","0","0","주택형","84A","6","Y"
"2022","424","부산 강서구","20221018","20221024","14","20221025","20221021","군인특별공급 에코델","1","1","0","0","주택형","84E","1","Y"
"2022","424","부산 강서구","20221018","20221024","14","20221025","20221021","군인특별공급 에코델","1","1","0","0","주택형","84C","1","Y"
"2022","424","부산 강서구","20221018","20221024","14","20221025","20221021","군인특별공급 에코델","1","1","0","0","주택형","84D","1","Y"
"2022","424","부산 강서구","20221018","20221024","14","20221025","20221021","군인특별공급 에코델","1","1","0","0","주택형","84B","1","Y"
"2022","423","경기 오산시","20221017","20221024","14","20221025","20221021","청약자격확인 오산 ","1","0","1","1","주택형","청약자격확인","11","Y"
"2022","422","경기 오산시","20221017","20221024","14","20221026","20221021","청약자격확인 오산 ","1","0","1","1","주택형","청약자격확인","7","Y"
"2022","421","경기 오산시","20221017","20221024","14","20221026","20221021","군인특별공급 오산 ","1","0","1","1","주택형","71A","1","Y"
"2022","421","경기 오산시","20221017","20221024","14","20221026","20221021","군인특별공급 오산 ","1","0","1","1","주택형","84A","1","Y"
"2022","421","경기 오산시","20221017","20221024","14","20221026","20221021","군인특별공급 오산 ","1","0","1","1","주택형","71B","1","Y"
"2022","420","경기 오산시","20221017","20221024","14","20221026","20221021","군인특별공급 오산 ","1","0","1","1","주택형","84A","1","Y"
"2022","420","경기 오산시","20221017","20221024","14","20221026","20221021","군인특별공급 오산 ","1","0","1","1","주택형","71A","1","Y"
"2022","419","충남 천안시","20221017","20221114","14","20221114","20221104","군인특별공급 트루엘","1","0","1","1","주택형","84B","1","Y"
"2022","419","충남 천안시","20221017","20221114","14","20221114","20221104","군인특별공급 트루엘","1","0","1","1","주택형","84A","1","Y"
"2022","418","대전 유성구","20221017","20221031","14","20221102","20221027","군인특별공급 포레나","1","0","1","1","주택형","84B","2","Y"
"2022","418","대전 유성구","20221017","20221031","14","20221102","20221027","군인특별공급 포레나","1","0","1","1","주택형","84A","7","Y"
"2022","417","전북 군산시","20221017","20221024","14","20221028","20221020","군인특별공급 e편한","1","0","1","1","주택형","84B","1","Y"
"2022","417","전북 군산시","20221017","20221024","14","20221028","20221020","군인특별공급 e편한","1","0","1","1","주택형","84A","2","Y"
"2022","417","전북 군산시","20221017","20221024","14","20221028","20221020","군인특별공급 e편한","1","0","1","1","주택형","84D","1","Y"
"2022","417","전북 군산시","20221017","20221024","14","20221028","20221020","군인특별공급 e편한","1","0","1","1","주택형","84C","1","Y"
"2022","416","부산 부산진구","20221017","20221024","14","20221027","20221021","군인특별공급 서면아","1","0","1","1","주택형","84a","1","Y"
"2022","415","충남 홍성군","20221018","20221024","10","20221024","20221021","군인특별공급 e편한","1","0","1","1","주택형","84C","2","Y"
"2022","415","충남 홍성군","20221018","20221024","10","20221024","20221021","군인특별공급 e편한","1","0","1","1","주택형","84A","2","Y"
"2022","415","충남 홍성군","20221018","20221024","10","20221024","20221021","군인특별공급 e편한","1","0","1","1","주택형","84B","2","Y"
"2022","414","경기 평택시","20221011","20221107","14","20221108","20221103","군인특별공급 평택 ","1","0","1","1","주택형","84A","11","Y"
"2022","414","경기 평택시","20221011","20221107","14","20221108","20221103","군인특별공급 평택 ","1","0","1","1","주택형","84B","2","Y"
"2022","413","충남 천안시","20221011","20221017","14","20221019","20221014","군인특별공급 더샵 ","1","0","1","1","주택형","84C","2","Y"
"2022","413","충남 천안시","20221011","20221017","14","20221019","20221014","군인특별공급 더샵 ","1","0","1","1","주택형","84B","3","Y"
"2022","413","충남 천안시","20221011","20221017","14","20221019","20221014","군인특별공급 더샵 ","1","0","1","1","주택형","84A","1","Y"
"2022","412","경북 경산시","20221007","20221024","14","20221027","20221019","군인특별공급 경산 ","1","0","1","1","주택형","84A","3","Y"
"2022","412","경북 경산시","20221007","20221024","14","20221027","20221019","군인특별공급 경산 ","1","0","1","1","주택형","84B","1","Y"
"2022","411","충남 아산시","20221007","20221017","14","20221019","20221014","군인특별공급 엘리프","1","1","0","0","주택형","74B","1","Y"
"2022","411","충남 아산시","20221007","20221017","14","20221019","20221014","군인특별공급 엘리프","1","1","0","0","주택형","74A","1","Y"
"2022","411","충남 아산시","20221007","20221017","14","20221019","20221014","군인특별공급 엘리프","1","1","0","0","주택형","84A","1","Y"
"2022","411","충남 아산시","20221007","20221017","14","20221019","20221014","군인특별공급 엘리프","1","1","0","0","주택형","84C","1","Y"
"2022","410","경북 경산시","20221007","20221024","14","20221025","20221019","군인특별공급 경산대","1","0","1","1","주택형","84B","1","Y"
"2022","410","경북 경산시","20221007","20221024","14","20221025","20221019","군인특별공급 경산대","1","0","1","1","주택형","84A","1","Y"
"2022","409","경기 파주시","20221007","20221017","14","20221019","20221014","청약자격확인 파주 ","1","0","1","1","주택형","청약자격확인","15","Y"
"2022","408","경기 파주시","20221007","20221017","14","20221019","20221014","군인특별공급 파주 ","1","0","1","1","주택형","84B","2","Y"
"2022","408","경기 파주시","20221007","20221017","14","20221019","20221014","군인특별공급 파주 ","1","0","1","1","주택형","84A","2","Y"
"2022","407","경기 파주시","20221007","20221017","14","20221019","20221014","청약자격확인 파주운","1","0","1","1","주택형","청약자격확인","14","Y"
"2022","406","경기 파주시","20221007","20221017","14","20221019","20221014","군인특별공급 파주운","1","0","1","1","주택형","84B","1","Y"
"2022","406","경기 파주시","20221007","20221017","14","20221019","20221014","군인특별공급 파주운","1","0","1","1","주택형","59A","2","Y"
"2022","406","경기 파주시","20221007","20221017","14","20221019","20221014","군인특별공급 파주운","1","0","1","1","주택형","59B","2","Y"
"2022","406","경기 파주시","20221007","20221017","14","20221019","20221014","군인특별공급 파주운","1","0","1","1","주택형","84A","1","Y"
"2022","405","경기 광주시","20221007","20221024","14","20221025","20221021","군인특별공급 더파크","1","0","1","1","주택형","84C","1","Y"
"2022","405","경기 광주시","20221007","20221024","14","20221025","20221021","군인특별공급 더파크","1","0","1","1","주택형","84A","2","Y"
"2022","405","경기 광주시","20221007","20221024","14","20221025","20221021","군인특별공급 더파크","1","0","1","1","주택형","59B","1","Y"
"2022","405","경기 광주시","20221007","20221024","14","20221025","20221021","군인특별공급 더파크","1","0","1","1","주택형","59A","1","Y"
"2022","405","경기 광주시","20221007","20221024","14","20221025","20221021","군인특별공급 더파크","1","0","1","1","주택형","84B","1","Y"
"2022","404","충남 아산시","20221007","20221017","14","20221018","20221014","군인특별공급 아산e","1","1","0","0","주택형","84D1","1","Y"
"2022","404","충남 아산시","20221007","20221017","14","20221018","20221014","군인특별공급 아산e","1","1","0","0","주택형","84C1","1","Y"
"2022","456","경기 양주시","20221103","20221114","14","20221115","20221110","군인특별공급 양주 ","1","0","1","1","주택형","78A","2","Y"
"2022","456","경기 양주시","20221103","20221114","14","20221115","20221110","군인특별공급 양주 ","1","0","1","1","주택형","84B","1","Y"
"2022","456","경기 양주시","20221103","20221114","14","20221115","20221110","군인특별공급 양주 ","1","0","1","1","주택형","84A","2","Y"
"2022","456","경기 양주시","20221103","20221114","14","20221115","20221110","군인특별공급 양주 ","1","0","1","1","주택형","78B","1","Y"
"2022","455","경기 광주시","20221101","20221107","14","20221109","20221102","청약자격확인 탄벌 ","1","0","1","1","주택형","청약자격확인","10","Y"
"2022","454","경기 광주시","20221101","20221107","02","20221109","20221102","군인특별공급 탄벌 ","1","0","1","1","주택형","59E","1","Y"
"2022","453","대전 중구","20221031","20221212","14","20221214","20221208","군인특별공급 힐스테","1","0","1","1","주택형","84B","1","Y"
"2022","453","대전 중구","20221031","20221212","14","20221214","20221208","군인특별공급 힐스테","1","0","1","1","주택형","84A","4","Y"
"2022","452","서울 중랑구","20221031","20221107","14","20221109","20221104","군인특별공급 리버센","1","0","1","1","주택형","59B","2","Y"
"2022","452","서울 중랑구","20221031","20221107","14","20221109","20221104","군인특별공급 리버센","1","0","1","1","주택형","59A","1","Y"
"2022","451","충남 아산시","20221031","20221103","10","20221103","20221103","군인특별공급 아산자","1","0","1","1","주택형","84A","7","Y"
"2022","451","충남 아산시","20221031","20221103","10","20221103","20221103","군인특별공급 아산자","1","0","1","1","주택형","84E","1","Y"
"2022","451","충남 아산시","20221031","20221103","10","20221103","20221103","군인특별공급 아산자","1","0","1","1","주택형","84C","3","Y"
"2022","451","충남 아산시","20221031","20221103","10","20221103","20221103","군인특별공급 아산자","1","0","1","1","주택형","84B","5","Y"
"2022","450","대전 유성구","20221031","20221107","14","20221110","20221107","군인특별공급 갑천2","1","1","0","0","주택형","84B","3","Y"
"2022","450","대전 유성구","20221031","20221107","14","20221110","20221107","군인특별공급 갑천2","1","1","0","0","주택형","84A","2","Y"
"2022","449","대전 서구","20221027","20221107","14","20221107","20221103","군인특별공급 대전 ","1","0","1","1","주택형","84A","1","Y"
"2022","449","대전 서구","20221027","20221107","14","20221107","20221103","군인특별공급 대전 ","1","0","1","1","주택형","84D","1","Y"
"2022","449","대전 서구","20221027","20221107","14","20221107","20221103","군인특별공급 대전 ","1","0","1","1","주택형","84C","1","Y"
"2022","449","대전 서구","20221027","20221107","14","20221107","20221103","군인특별공급 대전 ","1","0","1","1","주택형","84B","1","Y"
"2022","448","경기 평택시","20221027","20221107","14","20221107","20221103","청약자격확인 평택 ","1","0","1","1","주택형","청약자격확인","21","Y"
"2022","447","경기 평택시","20221028","20221107","14","20221107","20221103","군인특별공급 평택 ","1","0","1","1","주택형","84C","1","Y"
"2022","447","경기 평택시","20221028","20221107","14","20221107","20221103","군인특별공급 평택 ","1","0","1","1","주택형","84B","1","Y"
"2022","446","서울 강동구","20221027","20221107","14","20221109","20221104","군인특별공굽 더샵 ","1","0","1","1","주택형","53","1","Y"
"2022","445","대전 서구","20221027","20221107","14","20221109","20221103","군인특별공급 둔산 ","1","0","1","1","주택형","48","1","Y"
"2022","445","대전 서구","20221027","20221107","14","20221109","20221103","군인특별공급 둔산 ","1","0","1","1","주택형","59A","1","Y"
"2022","445","대전 서구","20221027","20221107","14","20221109","20221103","군인특별공급 둔산 ","1","0","1","1","주택형","72A","1","Y"
"2022","445","대전 서구","20221027","20221107","14","20221109","20221103","군인특별공급 둔산 ","1","0","1","1","주택형","84D","1","Y"
"2022","445","대전 서구","20221027","20221107","14","20221109","20221103","군인특별공급 둔산 ","1","0","1","1","주택형","84B","4","Y"
"2022","445","대전 서구","20221027","20221107","14","20221109","20221103","군인특별공급 둔산 ","1","0","1","1","주택형","84C","1","Y"
"2022","445","대전 서구","20221027","20221107","14","20221109","20221103","군인특별공급 둔산 ","1","0","1","1","주택형","84A","10","Y"
"2022","444","경기 오산시","20221027","20221031","14","20221102","20221028","청약자격확인 오산 ","1","0","1","1","주택형","청약자격확인","12","Y"
"2022","443","경기 오산시","20221027","20221031","14","20221102","20221028","군인특별공급 오산 ","1","0","1","1","주택형","84B","1","Y"
"2022","443","경기 오산시","20221027","20221031","14","20221102","20221028","군인특별공급 오산 ","1","0","1","1","주택형","84A","1","Y"
"2022","442","충남 홍성군","20221027","20221031","14","20221101","20221028","군인특별공급 충남내","1","0","1","1","주택형","84A","2","Y"
"2022","442","충남 홍성군","20221027","20221031","14","20221101","20221028","군인특별공급 충남내","1","0","1","1","주택형","84C","10","Y"
"2022","442","충남 홍성군","20221027","20221031","14","20221101","20221028","군인특별공급 충남내","1","0","1","1","주택형","84B","7","Y"
"2022","441","경기 파주시","20221027","20221031","14","20221102","20221028","군인특별공급 파주운","1","0","1","1","주택형","59A","2","Y"
"2022","441","경기 파주시","20221027","20221031","14","20221102","20221028","군인특별공급 파주운","1","0","1","1","주택형","84B","1","Y"
"2022","441","경기 파주시","20221027","20221031","14","20221102","20221028","군인특별공급 파주운","1","0","1","1","주택형","84A","2","Y"
"2022","440","경기 평택시","20221020","20221107","14","20221108","20221103","청약자격확인 평택고","1","0","1","1","주택형","청약자격확인","37","Y"
"2022","439","경기 평택시","20221020","20221031","14","20221101","20221028","청약자격확인 파주운","1","0","1","1","주택형","청약자격확인","15","Y"
"2022","438","경기 파주시","20221020","20221031","14","20221101","20221028","군인특별공급 파주운","1","0","1","1","주택형","59A","2","Y"
"2022","438","경기 파주시","20221020","20221031","14","20221101","20221028","군인특별공급 파주운","1","0","1","1","주택형","84A","1","Y"
"2022","437","경기 화성시","20221020","20221107","14","20221109","20221104","군인특별공급 동탄 ","1","0","1","1","주택형","84B","3","Y"
"2022","437","경기 화성시","20221020","20221107","14","20221109","20221104","군인특별공급 동탄 ","1","0","1","1","주택형","84A","2","Y"
"2022","436","경기 화성시","20221020","20221107","14","20221109","20221104","군인특별공급 동탄 ","1","0","1","1","주택형","84B","4","Y"
"2022","435","경기 화성시","20221020","20221107","14","20221109","20221104","군인특별공급 동탄 ","1","0","1","1","주택형","84B","2","Y"
"2022","434","경기 남양주시","20221020","20221024","14","20221024","20221021","청약자격확인 덕소 ","1","0","1","1","주택형","청약자격확인","5","Y"
"2022","433","경기 남양주시","20221020","20221024","14","20221024","20221021","군인특별공급 덕소 ","1","0","1","1","주택형","59B","1","Y"
"2022","433","경기 남양주시","20221020","20221024","14","20221024","20221021","군인특별공급 덕소 ","1","0","1","1","주택형","59A","1","Y"
"2022","432","경기 평택시","20221019","20221031","14","20221103","20221027","군인특별공급 포레나","1","0","1","1","주택형","74A","1","Y"
"2022","432","경기 평택시","20221019","20221031","14","20221103","20221027","군인특별공급 포레나","1","0","1","1","주택형","74B","1","Y"
"2022","432","경기 평택시","20221019","20221031","14","20221103","20221027","군인특별공급 포레나","1","0","1","1","주택형","84B","3","Y"
"2022","432","경기 평택시","20221019","20221031","14","20221103","20221027","군인특별공급 포레나","1","0","1","1","주택형","74D","1","Y"
"2022","432","경기 평택시","20221019","20221031","14","20221103","20221027","군인특별공급 포레나","1","0","1","1","주택형","84A","2","Y"
"2022","432","경기 평택시","20221019","20221031","14","20221103","20221027","군인특별공급 포레나","1","0","1","1","주택형","74C","1","Y"
"2022","431","전북 익산시","20221019","20221031","14","20221101","20221027","군인특별공급 북익산","1","0","1","1","주택형","84B","1","Y"
"2022","431","전북 익산시","20221019","20221031","14","20221101","20221027","군인특별공급 북익산","1","0","1","1","주택형","84A","2","Y"
"2022","430","강원 고성군","20221019","20221031","14","20221031","20221027","군인특별공급 아야진","1","0","1","1","주택형","59","6","Y"
"2022","430","강원 고성군","20221019","20221031","14","20221031","20221027","군인특별공급 아야진","1","0","1","1","주택형","76A","3","Y"
"2022","430","강원 고성군","20221019","20221031","14","20221031","20221027","군인특별공급 아야진","1","0","1","1","주택형","84B","2","Y"
"2022","430","강원 고성군","20221019","20221031","14","20221031","20221027","군인특별공급 아야진","1","0","1","1","주택형","84A","4","Y"
"2022","430","강원 고성군","20221019","20221031","14","20221031","20221027","군인특별공급 아야진","1","0","1","1","주택형","76B","1","Y"
"2022","429","충남 천안시","20221019","20221031","14","20221101","20221026","군인특별공급 천안 ","1","0","1","1","주택형","66A","1","Y"
"2022","429","충남 천안시","20221019","20221031","14","20221101","20221026","군인특별공급 천안 ","1","0","1","1","주택형","66B","2","Y"
"2022","429","충남 천안시","20221019","20221031","14","20221101","20221026","군인특별공급 천안 ","1","0","1","1","주택형","84A","10","Y"
"2022","429","충남 천안시","20221019","20221031","14","20221101","20221026","군인특별공급 천안 ","1","0","1","1","주택형","84F","1","Y"
"2022","429","충남 천안시","20221019","20221031","14","20221101","20221026","군인특별공급 천안 ","1","0","1","1","주택형","84C","1","Y"
"2022","481","경기 평택시","20221124","20230227","14","20230302","20230224","군인특별공급 힐스테","1","0","1","1","주택형","84C","1","Y"
"2022","481","경기 평택시","20221124","20230227","14","20230302","20230224","군인특별공급 힐스테","1","0","1","1","주택형","84B","3","Y"
"2022","481","경기 평택시","20221124","20230227","14","20230302","20230224","군인특별공급 힐스테","1","0","1","1","주택형","84A","9","Y"
"2022","480","경기 남양주시","20221124","20221205","14","20221207","20221201","청약자격확인 도심역","1","0","1","1","주택형","청약자격확인","27","Y"
"2022","479","경기 남양주시","20221124","20221205","14","20221207","20221201","군인특별공급 도심역","1","0","1","1","주택형","45A","2","Y"
"2022","479","경기 남양주시","20221124","20221205","14","20221207","20221201","군인특별공급 도심역","1","0","1","1","주택형","59A","3","Y"
"2022","479","경기 남양주시","20221124","20221205","14","20221207","20221201","군인특별공급 도심역","1","0","1","1","주택형","84","1","Y"
"2022","479","경기 남양주시","20221124","20221205","14","20221207","20221201","군인특별공급 도심역","1","0","1","1","주택형","75B","1","Y"
"2022","479","경기 남양주시","20221124","20221205","14","20221207","20221201","군인특별공급 도심역","1","0","1","1","주택형","75A","1","Y"
"2022","478","울산 중구","20221124","20221205","14","20221205","20221130","군인특별공급 번영로","1","0","1","1","주택형","82A","1","Y"
"2022","478","울산 중구","20221124","20221205","14","20221205","20221130","군인특별공급 번영로","1","0","1","1","주택형","84B","1","Y"
"2022","478","울산 중구","20221124","20221205","14","20221205","20221130","군인특별공급 번영로","1","0","1","1","주택형","84A","1","Y"
"2022","477","서울 성북구","20221124","20221128","14","20221130","20221125","군인특별공급 장위자","1","0","1","1","주택형","49B","1","Y"
"2022","477","서울 성북구","20221124","20221128","14","20221130","20221125","군인특별공급 장위자","1","0","1","1","주택형","49C","1","Y"
"2022","477","서울 성북구","20221124","20221128","14","20221130","20221125","군인특별공급 장위자","1","0","1","1","주택형","49D","1","Y"
"2022","477","서울 성북구","20221124","20221128","14","20221130","20221125","군인특별공급 장위자","1","0","1","1","주택형","72A","9","Y"
"2022","477","서울 성북구","20221124","20221128","14","20221130","20221125","군인특별공급 장위자","1","0","1","1","주택형","59B","3","Y"
"2022","477","서울 성북구","20221124","20221128","14","20221130","20221125","군인특별공급 장위자","1","0","1","1","주택형","59E","1","Y"
"2022","477","서울 성북구","20221124","20221128","14","20221130","20221125","군인특별공급 장위자","1","0","1","1","주택형","59A","2","Y"
"2022","476","전북 전주시","20221123","20230717","13","20230719","20230714","군인특별공급 전주 ","1","0","1","1","주택형","84A","1","Y"
"2022","476","전북 전주시","20221123","20230717","13","20230719","20230714","군인특별공급 전주 ","1","0","1","1","주택형","84C","1","Y"
"2022","476","전북 전주시","20221123","20230717","13","20230719","20230714","군인특별공급 전주 ","1","0","1","1","주택형","84B","3","Y"
"2022","475","전북 군산시","20221122","20221128","14","20221130","20221125","군인특별공급 군산 ","1","0","1","1","주택형","84A","1","Y"
"2022","474","서울 강동구","20221122","20221128","14","20221130","20221125","군인특별공급 올림픽","1","0","1","1","주택형","49A","9","Y"
"2022","474","서울 강동구","20221122","20221128","14","20221130","20221125","군인특별공급 올림픽","1","0","1","1","주택형","39A","12","Y"
"2022","473","서울 강서구","20221121","20221124","14","20221124","20221118","군인특별공급 화곡 ","1","0","1","1","주택형","50","1","Y"
"2022","473","서울 강서구","20221121","20221124","14","20221124","20221118","군인특별공급 화곡 ","1","0","1","1","주택형","33","1","Y"
"2022","472","경기 화성시","20221121","20221128","14","20221130","20221125","청약자격확인 동탄 ","1","0","1","1","주택형","청약자격확인","19","Y"
"2022","471","경기 화성시","20221121","20221128","14","20221130","20221125","군인특별공급 동탄 ","1","0","1","1","주택형","84A","1","Y"
"2022","470","경남 진주시","20221121","20221128","14","20221201","20221125","군인특별공급 백년문","1","0","1","1","주택형","84A","1","Y"
"2022","470","경남 진주시","20221121","20221128","14","20221201","20221125","군인특별공급 백년문","1","0","1","1","주택형","84C","1","Y"
"2022","470","경남 진주시","20221121","20221128","14","20221201","20221125","군인특별공급 백년문","1","0","1","1","주택형","84B","1","Y"
"2022","469","광주 북구","20221121","20221128","14","20221202","20221124","군인특별공급 산이고","1","0","1","1","주택형","84C","1","Y"
"2022","469","광주 북구","20221121","20221128","14","20221202","20221124","군인특별공급 산이고","1","0","1","1","주택형","84A","3","Y"
"2022","468","충남 천안시","20221117","20221128","14","20221128","20221201","군인특별공급 힐스테","1","0","1","1","주택형","59C","1","Y"
"2022","468","충남 천안시","20221117","20221128","14","20221128","20221201","군인특별공급 힐스테","1","0","1","1","주택형","84A","1","Y"
"2022","468","충남 천안시","20221117","20221128","14","20221128","20221201","군인특별공급 힐스테","1","0","1","1","주택형","84B","1","Y"
"2022","468","충남 천안시","20221117","20221128","14","20221128","20221201","군인특별공급 힐스테","1","0","1","1","주택형","84G","1","Y"
"2022","468","충남 천안시","20221117","20221128","14","20221128","20221201","군인특별공급 힐스테","1","0","1","1","주택형","84D","1","Y"
"2022","468","충남 천안시","20221117","20221128","14","20221128","20221201","군인특별공급 힐스테","1","0","1","1","주택형","84E","1","Y"
"2022","468","충남 천안시","20221117","20221128","14","20221128","20221201","군인특별공급 힐스테","1","0","1","1","주택형","84C","3","Y"
"2022","467","대전 동구","20221115","20221121","14","20221124","20221118","군인특별공급 e편한","1","0","1","1","주택형","84B","3","Y"
"2022","467","대전 동구","20221115","20221121","14","20221124","20221118","군인특별공급 e편한","1","0","1","1","주택형","84E","1","Y"
"2022","467","대전 동구","20221115","20221121","14","20221124","20221118","군인특별공급 e편한","1","0","1","1","주택형","84D","2","Y"
"2022","467","대전 동구","20221115","20221121","14","20221124","20221118","군인특별공급 e편한","1","0","1","1","주택형","84C","1","Y"
"2022","466","대구 달서구","20221115","20221121","14","20221123","20221118","군인특별공급 두류역","1","0","1","1","주택형","84A","1","Y"
"2022","466","대구 달서구","20221115","20221121","14","20221123","20221118","군인특별공급 두류역","1","0","1","1","주택형","59","1","Y"
"2022","465","경기 용인시","20221110","20221121","14","20221123","20221117","청약자격확인 e편한","1","0","1","1","주택형","청약자격확인","12","Y"
"2022","464","경남 창원시","20221110","20221121","14","20221125","20221118","군인특별공급 창원 ","1","0","1","1","주택형","59","2","Y"
"2022","464","경남 창원시","20221110","20221121","14","20221125","20221118","군인특별공급 창원 ","1","0","1","1","주택형","84","4","Y"
"2022","464","경남 창원시","20221110","20221121","14","20221125","20221118","군인특별공급 창원 ","1","0","1","1","주택형","75A","7","Y"
"2022","463","울산 남구","20221110","20221121","14","20221123","20221118","군인특별공급 힐스테","1","0","1","1","주택형","59A","2","Y"
"2022","463","울산 남구","20221110","20221121","14","20221123","20221118","군인특별공급 힐스테","1","0","1","1","주택형","84A","1","Y"
"2022","463","울산 남구","20221110","20221121","14","20221123","20221118","군인특별공급 힐스테","1","0","1","1","주택형","74A","1","Y"
"2022","462","울산 남구","20221110","20221121","14","20221123","20221118","군인특별공급 힐스테","1","0","1","1","주택형","59A","2","Y"
"2022","462","울산 남구","20221110","20221121","14","20221123","20221118","군인특별공급 힐스테","1","0","1","1","주택형","84B","1","Y"
"2022","462","울산 남구","20221110","20221121","14","20221123","20221118","군인특별공급 힐스테","1","0","1","1","주택형","84A","1","Y"
"2022","461","강원 홍천군","20221110","20221205","14","20221207","20221202","군인특별공급 스위트","1","0","1","1","주택형","84A","1","N"
"2022","461","강원 홍천군","20221110","20221205","14","20221207","20221202","군인특별공급 스위트","1","0","1","1","주택형","84C","1","Y"
"2022","461","강원 홍천군","20221110","20221205","14","20221207","20221202","군인특별공급 스위트","1","0","1","1","주택형","84B","3","Y"
"2022","460","경기 파주시","20221110","20221128","14","20221129","20221122","청약자격확인 파주 ","1","0","1","1","주택형","청약자격확인","33","Y"
"2022","459","경기 파주시","20221110","20221128","14","20221129","20221122","군인특별공급 파주 ","1","0","1","1","주택형","59A","8","Y"
"2022","459","경기 파주시","20221110","20221128","14","20221129","20221122","군인특별공급 파주 ","1","0","1","1","주택형","84B","3","Y"
"2022","459","경기 파주시","20221110","20221128","14","20221129","20221122","군인특별공급 파주 ","1","0","1","1","주택형","84A","12","Y"
"2022","458","경기 용인시","20221103","20221121","14","20221123","20221117","군인특별공급 e편한","1","0","1","1","주택형","84B","4","Y"
"2022","458","경기 용인시","20221103","20221121","14","20221123","20221117","군인특별공급 e편한","1","0","1","1","주택형","84A","6","Y"
"2022","457","경북 영주시","20221103","20221114","14","20221116","20221110","군인특별공급 영주 ","1","0","1","1","주택형","66","1","Y"
"2022","457","경북 영주시","20221103","20221114","14","20221116","20221110","군인특별공급 영주 ","1","0","1","1","주택형","84B","1","Y"
"2022","457","경북 영주시","20221103","20221114","14","20221116","20221110","군인특별공급 영주 ","1","0","1","1","주택형","84A","5","Y"
"2022","507","경남 창원시","20221215","20221226","14","20221228","20221223","군인특별공급 창원 ","1","0","1","1","1BL","84D","1","Y"
"2022","507","경남 창원시","20221215","20221226","14","20221228","20221223","군인특별공급 창원 ","1","0","1","1","1BL","84B","4","Y"
"2022","507","경남 창원시","20221215","20221226","14","20221228","20221223","군인특별공급 창원 ","1","0","1","1","1BL","84A","8","Y"
"2022","507","경남 창원시","20221215","20221226","14","20221228","20221223","군인특별공급 창원 ","1","0","1","1","1BL","84C","3","Y"
"2022","506","인천 미추홀구","20221215","20221226","14","20221228","20221223","청약자격확인 인천석","1","0","1","1","주택형","청약자격확인","4","Y"
"2022","505","인천 미추홀구","20221215","20221226","14","20221228","20221223","군인특별공급 인천석","1","0","1","1","주택형","66","1","Y"
"2022","505","인천 미추홀구","20221215","20221226","14","20221228","20221223","군인특별공급 인천석","1","0","1","1","주택형","59B","1","Y"
"2022","505","인천 미추홀구","20221215","20221226","14","20221228","20221223","군인특별공급 인천석","1","0","1","1","주택형","59A","1","Y"
"2022","505","인천 미추홀구","20221215","20221226","14","20221228","20221223","군인특별공급 인천석","1","0","1","1","주택형","51","1","Y"
"2022","504","경기 부천시","20221207","20221219","14","20221221","20221216","청약자격확인 부천 ","1","0","1","1","주택형","청약자격확인","1","Y"
"2022","503","경기 부천시","20221207","20221219","14","20221221","20221216","군인특별공급 부천 ","1","0","1","1","주택형","52D","1","Y"
"2022","502","강원 강릉시","20221207","20221219","14","20221221","20221216","군인특별공급 강릉교","1","0","1","1","주택형","84B","1","Y"
"2022","502","강원 강릉시","20221207","20221219","14","20221221","20221216","군인특별공급 강릉교","1","0","1","1","주택형","84A","2","Y"
"2022","501","서울 은평구","20221207","20230302","14","20230306","20230227","군인특별공급 센트레","1","0","1","1","주택형","59A","3","Y"
"2022","501","서울 은평구","20221207","20230302","14","20230306","20230227","군인특별공급 센트레","1","0","1","1","주택형","59C","1","Y"
"2022","500","부산 수영구","20221207","20221219","14","20221222","20221216","군인특별공급 남천자","1","0","1","1","주택형","84D","1","Y"
"2022","500","부산 수영구","20221207","20221219","14","20221222","20221216","군인특별공급 남천자","1","0","1","1","주택형","84C2","1","Y"
"2022","499","경기 광명시","20221207","20221219","14","20221221","20221216","군인특별공급 광명 ","1","0","1","1","74C","주택형","1","Y"
"2022","499","경기 광명시","20221207","20221219","14","20221221","20221216","군인특별공급 광명 ","1","0","1","1","84A","주택형","1","Y"
"2022","499","경기 광명시","20221207","20221219","14","20221221","20221216","군인특별공급 광명 ","1","0","1","1","59A","주택형","1","Y"
"2022","499","경기 광명시","20221207","20221219","14","20221221","20221216","군인특별공급 광명 ","1","0","1","1","49","주택형","1","Y"
"2022","499","경기 광명시","20221207","20221219","14","20221221","20221216","군인특별공급 광명 ","1","0","1","1","84B","주택형","1","Y"
"2022","498","(일정미정 추후재공","20221202","20221212","14","20221213","20221208","(일정미정 추후재공","1","0","1","1","주택형","84A","4","Y"
"2022","498","(일정미정 추후재공","20221202","20221212","14","20221213","20221208","(일정미정 추후재공","1","0","1","1","주택형","84A1","4","Y"
"2022","498","(일정미정 추후재공","20221202","20221212","14","20221213","20221208","(일정미정 추후재공","1","0","1","1","주택형","84C1","1","Y"
"2022","498","(일정미정 추후재공","20221202","20221212","14","20221213","20221208","(일정미정 추후재공","1","0","1","1","주택형","84C","4","Y"
"2022","498","(일정미정 추후재공","20221202","20221212","14","20221213","20221208","(일정미정 추후재공","1","0","1","1","주택형","84B","4","Y"
"2022","497","경북 포항시","20221202","20221212","14","20221216","20221209","군인특별공급 학산 ","1","0","1","1","주택형","80","5","Y"
"2022","497","경북 포항시","20221202","20221212","14","20221216","20221209","군인특별공급 학산 ","1","0","1","1","주택형","75","4","Y"
"2022","497","경북 포항시","20221202","20221212","14","20221216","20221209","군인특별공급 학산 ","1","0","1","1","주택형","84","17","Y"
"2022","496","대구 동구","20221202","20230102","14","20230104","20221230","군인특별공급 힐스테","1","0","1","1","주택형","84A","2","Y"
"2022","496","대구 동구","20221202","20230102","14","20230104","20221230","군인특별공급 힐스테","1","0","1","1","주택형","84C","1","Y"
"2022","496","대구 동구","20221202","20230102","14","20230104","20221230","군인특별공급 힐스테","1","0","1","1","주택형","84B","2","Y"
"2022","495","경기 광명시","20221202","20221219","14","20221221","20221215","군인특별공급 철산자","1","0","1","1","주택형","59C","5","Y"
"2022","495","경기 광명시","20221202","20221219","14","20221221","20221215","군인특별공급 철산자","1","0","1","1","주택형","59A","10","Y"
"2022","494","서울 강동구","20221202","20221212","14","20221214","20221209","군인특별공급 강동 ","1","0","1","1","주택형","59B","5","Y"
"2022","493","세종시","20221202","20221212","14","20221214","20221209","군인특별공급 조치원","1","0","1","1","주택형","65B","1","Y"
"2022","493","세종시","20221202","20221212","14","20221214","20221209","군인특별공급 조치원","1","0","1","1","주택형","65A","1","Y"
"2022","492","충북 청주시","20221202","20230206","14","20230208","20230203","군인특별공급 복대자","1","0","1","1","주택형","84A","3","Y"
"2022","492","충북 청주시","20221202","20230206","14","20230208","20230203","군인특별공급 복대자","1","0","1","1","주택형","84D","2","Y"
"2022","492","충북 청주시","20221202","20230206","14","20230208","20230203","군인특별공급 복대자","1","0","1","1","주택형","84C","3","Y"
"2022","492","충북 청주시","20221202","20230206","14","20230208","20230203","군인특별공급 복대자","1","0","1","1","주택형","84B","2","Y"
"2022","491","전남 함평군","20221130","20221202","10","20221202","20221125","군인특별공급 함평 ","1","0","1","1","주택형","84B","2","Y"
"2022","491","전남 함평군","20221130","20221202","10","20221202","20221125","군인특별공급 함평 ","1","0","1","1","주택형","84A","2","Y"
"2022","490","경기 광주시","20221128","20221205","14","20221207","20221202","군인특별공급 경기 ","1","0","1","1","주택형","59A","1","Y"
"2022","490","경기 광주시","20221128","20221205","14","20221207","20221202","군인특별공급 경기 ","1","0","1","1","주택형","59B","1","Y"
"2022","490","경기 광주시","20221128","20221205","14","20221207","20221202","군인특별공급 경기 ","1","0","1","1","주택형","59C","1","Y"
"2022","490","경기 광주시","20221128","20221205","14","20221207","20221202","군인특별공급 경기 ","1","0","1","1","주택형","84C","1","Y"
"2022","490","경기 광주시","20221128","20221205","14","20221207","20221202","군인특별공급 경기 ","1","0","1","1","주택형","84A","1","Y"
"2022","490","경기 광주시","20221128","20221205","14","20221207","20221202","군인특별공급 경기 ","1","0","1","1","주택형","84B","1","Y"
"2022","490","경기 광주시","20221128","20221205","14","20221207","20221202","군인특별공급 경기 ","1","0","1","1","주택형","74","1","Y"
"2022","489","경남 함양군","20221128","20221205","14","20221205","20221202","군인특별공급 함양 ","1","0","1","1","주택형","84A","6","Y"
"2022","488","경기 부천시","20221128","20221205","14","20221206","20221202","청약자격확인 브라운","1","0","1","1","주택형","청약자격확인","4","Y"
"2022","487","경기 부천시","20221128","20221205","14","20221206","20221202","군인특별공급 브라운","1","0","1","1","주택형","26","1","Y"
"2022","486","강원 원주시","20221128","20221201","10","20221201","20221124","군인특별공급 원주 ","1","0","1","1","주택형","84A","8","Y"
"2022","486","강원 원주시","20221128","20221201","10","20221201","20221124","군인특별공급 원주 ","1","0","1","1","주택형","84D","1","Y"
"2022","486","강원 원주시","20221128","20221201","10","20221201","20221124","군인특별공급 원주 ","1","0","1","1","주택형","84C","1","Y"
"2022","486","강원 원주시","20221128","20221201","10","20221201","20221124","군인특별공급 원주 ","1","0","1","1","주택형","84B","5","Y"
"2022","485","(일정미정)충남 아","20221124","20221205","14","20221206","20221202","(일정미정)군인특별","1","0","1","1","주택형","84B","5","Y"
"2022","485","(일정미정)충남 아","20221124","20221205","14","20221206","20221202","(일정미정)군인특별","1","0","1","1","주택형","84A","4","Y"
"2022","484","인천 중구","20221124","20221205","14","20221207","20221202","군인특별공급 영종 ","1","0","1","1","주택형","84B","2","Y"
"2022","484","인천 중구","20221124","20221205","14","20221207","20221202","군인특별공급 영종 ","1","0","1","1","주택형","84A","4","Y"
"2022","483","인천 남동구","20221124","20221212","14","20221214","20221209","군인특별공급 힐스테","1","0","1","1","주택형","59B","1","Y"
"2022","483","인천 남동구","20221124","20221212","14","20221214","20221209","군인특별공급 힐스테","1","0","1","1","주택형","59A","6","Y"
"2022","482","울산 남구","20221124","20221219","14","20221221","20221216","군인특별공급 빌리브","1","0","1","1","주택형","78","2","Y"
"2022","482","울산 남구","20221124","20221219","14","20221221","20221216","군인특별공급 빌리브","1","0","1","1","주택형","84B","1","Y"
"2022","482","울산 남구","20221124","20221219","14","20221221","20221216","군인특별공급 빌리브","1","0","1","1","주택형","84A","3","Y"
"2022","481","경기 평택시","20221124","20230227","14","20230302","20230224","군인특별공급 힐스테","1","0","1","1","주택형","72","2","Y"
"2022","481","경기 평택시","20221124","20230227","14","20230302","20230224","군인특별공급 힐스테","1","0","1","1","주택형","76","1","Y"
"2023","546","부산 남구","20230221","20230320","14","20230322","20230317","군인특별공급 두산위","1","0","1","1","주택형","75B","8","Y"
"2023","545","인천 서구","20230221","20230306","14","20230308","20230302","청약자격확인 검단신","1","0","1","1","주택형","청약자격확인","32","Y"
"2023","544","인천 서구","20230221","20230306","14","20230308","20230302","군인특별공급 검단신","1","0","1","1","AA23BL","74A","3","Y"
"2023","544","인천 서구","20230221","20230306","14","20230308","20230302","군인특별공급 검단신","1","0","1","1","AA23BL","84B","3","Y"
"2023","544","인천 서구","20230221","20230306","14","20230308","20230302","군인특별공급 검단신","1","0","1","1","AA23BL","84A","1","Y"
"2023","543","부산 해운대구","20230217","20230320","14","20230322","20230317","군인특별공급 해운대","1","0","1","1","주택형","59B","1","Y"
"2023","543","부산 해운대구","20230217","20230320","14","20230322","20230317","군인특별공급 해운대","1","0","1","1","주택형","84","2","Y"
"2023","543","부산 해운대구","20230217","20230320","14","20230322","20230317","군인특별공급 해운대","1","0","1","1","주택형","74","2","Y"
"2023","542","경기 하남시","20230216","20230221","10","20230221","20230213","청약자격확인 그린나","1","0","1","1","청약자격확인","주택형","1","Y"
"2023","541","인천 부평구","20230210","20230227","14","20230302","20230223","군인특별공급 더샵 ","1","1","0","0","주택형","35","1","Y"
"2023","541","인천 부평구","20230210","20230227","14","20230302","20230223","군인특별공급 더샵 ","1","1","0","0","주택형","18","3","Y"
"2023","540","인천 부평구","20230210","20230227","14","20230302","20230223","청약자격확인 더샵 ","1","1","0","0","주택형","청약자격확인","6","Y"
"2023","539","인천 동구","20230210","20230227","14","20230302","20230223","군인특별공급 동인천","1","1","0","0","주택형","39","1","Y"
"2023","538","인천 동구","20230210","20230227","14","20230302","20230223","청약자격확인 동인천","1","1","0","0","주택형","청약자격확인","2","Y"
"2023","537","경기 평택시","20230210","20230227","14","20230302","20230224","청약자격확인 힐스테","1","0","1","1","5BL","청약자격확인","47","Y"
"2023","536","서울 영등포구","20230210","20230227","14","20230302","20230223","군인특별공급 영등포","1","0","1","1","주택형","84B","1","Y"
"2023","536","서울 영등포구","20230210","20230227","14","20230302","20230223","군인특별공급 영등포","1","0","1","1","주택형","59B","1","Y"
"2023","535","서울 영등포구","20230210","20230227","14","20230302","20230223","청약자격확인 영등포","1","0","1","1","주택형","59A","1","Y"
"2023","535","서울 영등포구","20230210","20230227","14","20230302","20230223","청약자격확인 영등포","1","0","1","1","주택형","84C","1","Y"
"2023","535","서울 영등포구","20230210","20230227","14","20230302","20230223","청약자격확인 영등포","1","0","1","1","주택형","84B","1","Y"
"2023","535","서울 영등포구","20230210","20230227","14","20230302","20230223","청약자격확인 영등포","1","0","1","1","주택형","59B","1","Y"
"2023","534","서울 은평구","20230209","20230302","14","20230306","20230227","청약자격확인 센트레","1","0","1","1","청약자격확인","주택형","13","Y"
"2023","533","대전 서구","20230206","20230410","13","20230412","20230406","군인특별공급 청주 ","1","0","1","1","주택형","84A","6","Y"
"2023","533","대전 서구","20230206","20230410","13","20230412","20230406","군인특별공급 청주 ","1","0","1","1","주택형","84C","1","Y"
"2023","533","대전 서구","20230206","20230410","13","20230412","20230406","군인특별공급 청주 ","1","0","1","1","주택형","84B","2","Y"
"2023","532","충북 진천군","20230201","20230215","14","20230217","20230214","군인특별공급 진천 ","1","0","1","1","주택형","84","2","Y"
"2023","531","경기 구리시","20230130","20230213","14","20230215","20230209","청약자격확인 구리역","1","0","1","1","주택형","청약자격확인","10","Y"
"2023","531","경기 구리시","20230130","20230213","14","20230215","20230209","청약자격확인 구리역","1","0","1","1","주택형","85m2 이하","10","N"
"2023","530","경기 화성시","20230130","20230403","14","20230405","20230331","군인특별공급 동탄 ","1","0","1","1","A55BL","84B","2","Y"
"2023","530","경기 화성시","20230130","20230403","14","20230405","20230331","군인특별공급 동탄 ","1","0","1","1","A55BL","84A","3","Y"
"2023","529","부산 강서구","20230130","20230213","14","20230215","20230210","군인특별공급 에코델","1","0","1","1","27BL","84A","4","Y"
"2023","528","전남 담양군","20230117","20230227","14","20230228","20230224","군인특별공급 담양센","1","0","1","1","주택형","84","1","Y"
"2023","527","인천 미추홀구","20230117","20230206","14","20230208","20230203","군인특별공급 더샵 ","1","0","1","1","주택형","39","1","Y"
"2023","527","인천 미추홀구","20230117","20230206","14","20230208","20230203","군인특별공급 더샵 ","1","0","1","1","주택형","59A","4","Y"
"2023","527","인천 미추홀구","20230117","20230206","14","20230208","20230203","군인특별공급 더샵 ","1","0","1","1","주택형","84B","1","Y"
"2023","527","인천 미추홀구","20230117","20230206","14","20230208","20230203","군인특별공급 더샵 ","1","0","1","1","주택형","74","2","Y"
"2023","527","인천 미추홀구","20230117","20230206","14","20230208","20230203","군인특별공급 더샵 ","1","0","1","1","주택형","84A","1","Y"
"2023","527","인천 미추홀구","20230117","20230206","14","20230208","20230203","군인특별공급 더샵 ","1","0","1","1","주택형","59C","2","Y"
"2023","526","인천 미추홀구","20230117","20230206","14","20230208","20230203","청약자격확인 더샵 ","1","0","1","1","주택형","청약자격확인","20","Y"
"2023","525","경기 수원시","20230117","20230206","19","20230208","20230202","청약자격확인 수원성","1","0","1","1","주택형","청약자격확인","8","Y"
"2023","524","경기 수원시","20230117","20230206","14","20230208","20230202","군인특별공급 수원성","1","0","1","1","주택형","49","2","Y"
"2023","524","경기 수원시","20230117","20230206","14","20230208","20230202","군인특별공급 수원성","1","0","1","1","주택형","84C","3","Y"
"2023","524","경기 수원시","20230117","20230206","14","20230208","20230202","군인특별공급 수원성","1","0","1","1","주택형","84B","3","Y"
"2023","523","경기 남양주시","20230112","20230125","14","20230127","20221230","청약자격확인 양정역","1","1","0","0","S5","85m2 이하","16","Y"
"2023","522","경기 남양주시","20230112","20230125","14","20230127","20221230","군인특별공급 남양주","1","1","0","0","A7","55m2","1","Y"
"2023","521","경기 남양주시","20230112","20230125","14","20230127","20221230","창약자격확인 남양주","1","1","0","0","A7","55, 59","11","Y"
"2023","520","경기 고양시","20230112","20230127","09","20230130","20221230","청약자격확인 고양창","1","1","0","0","S3","85m2 이하","26","Y"
"2023","519","경기 부천시","20230105","20230106","14","20230106","20221228","청약자격확인 부천원","1","1","0","0","B2","주택형","4","N"
"2023","519","경기 부천시","20230105","20230106","14","20230106","20221228","청약자격확인 부천원","1","1","0","0","B2","청약자격확인","4","Y"
"2023","518","테스트","20230102","20230428","12","20230420","20230406","테스트","1","0","1","1","주택형","84A","2","Y"
"2022","517","경기 화성시","20221226","20230127","10","20230130","20230127","군인특별공급 반월 ","1","0","1","1","주택형","84B","1","Y"
"2022","516","경기 양주시","20221226","20230109","14","20230111","20230106","청약자격확인 양주 ","1","0","1","1","A20블록","청약자격확인","15","Y"
"2022","515","경기 양주시","20221226","20230109","14","20230111","20230106","군인특별공급 양주 ","1","0","1","1","A20블록","74","1","Y"
"2022","515","경기 양주시","20221226","20230109","14","20230111","20230106","군인특별공급 양주 ","1","0","1","1","A20블록","84B","1","Y"
"2022","515","경기 양주시","20221226","20230109","14","20230111","20230106","군인특별공급 양주 ","1","0","1","1","A20블록","84A","1","Y"
"2022","514","전북 익산시","20221226","20230109","14","20230111","20230106","군인특별공급 익산 ","1","0","1","1","주택형","84A","2","Y"
"2022","513","경기 안양시","20221220","20230102","14","20230104","20221229","청약자격확인 평촌 ","1","0","1","1","주택형","청약자격확인","32","Y"
"2022","512","경기 안양시","20221220","20230102","14","20230104","20221229","군인특별공급 평촌 ","1","0","1","1","주택형","72","2","Y"
"2022","512","경기 안양시","20221220","20230102","14","20230104","20221229","군인특별공급 평촌 ","1","0","1","1","주택형","59B","4","Y"
"2022","512","경기 안양시","20221220","20230102","14","20230104","20221229","군인특별공급 평촌 ","1","0","1","1","주택형","59A","6","Y"
"2022","512","경기 안양시","20221220","20230102","14","20230104","20221229","군인특별공급 평촌 ","1","0","1","1","주택형","46","1","Y"
"2022","512","경기 안양시","20221220","20230102","14","20230104","20221229","군인특별공급 평촌 ","1","0","1","1","주택형","59C","1","Y"
"2022","511","충북 청주시","20221219","20221226","14","20221228","20221220","군인특별공급 우평 ","1","0","1","1","주택형","59C","1","Y"
"2022","510","인천 연수구","20221215","20230110","14","20230112","20230106","(일정미정)청약자격","1","0","1","1","주택형","청약자격확인","3","Y"
"2022","509","인천 연수구","20221215","20230110","14","20230112","20230106","군인특별공급 송도역","1","0","1","1","주택형","59A","1","Y"
"2022","508","경남 창원시","20221215","20221226","14","20221228","20221223","군인특별공급 창원 ","1","0","1","1","2BL","84D","2","Y"
"2022","508","경남 창원시","20221215","20221226","14","20221228","20221223","군인특별공급 창원 ","1","0","1","1","2BL","84A","8","Y"
"2022","508","경남 창원시","20221215","20221226","14","20221228","20221223","군인특별공급 창원 ","1","0","1","1","2BL","84C","4","Y"
"2022","508","경남 창원시","20221215","20221226","14","20221228","20221223","군인특별공급 창원 ","1","0","1","1","2BL","84B","4","Y"
"2023","572","충북 청주시","20230322","20230424","13","20230426","20230421","군인특별공급 해링턴","1","0","1","1","S2BL","84C1","1","Y"
"2023","572","충북 청주시","20230322","20230424","13","20230426","20230421","군인특별공급 해링턴","1","0","1","1","S2BL","84A","2","Y"
"2023","572","충북 청주시","20230322","20230424","13","20230426","20230421","군인특별공급 해링턴","1","0","1","1","S2BL","84C","2","Y"
"2023","572","충북 청주시","20230322","20230424","13","20230426","20230421","군인특별공급 해링턴","1","0","1","1","S2BL","84B","2","Y"
"2023","572","충북 청주시","20230322","20230424","13","20230426","20230421","군인특별공급 해링턴","1","0","1","1","S2BL","84A1","3","Y"
"2023","571","경기 화성시","20230322","20230417","13","20230419","20230414","청약자격확인 화성봉","1","0","1","1","A2BL","주택형","24","Y"
"2023","570","경기 화성시","20230322","20230417","13","20230419","20230414","군인특별공급 화성봉","1","0","1","1","A2BL","72","2","Y"
"2023","570","경기 화성시","20230322","20230417","13","20230419","20230414","군인특별공급 화성봉","1","0","1","1","A2BL","84B","2","Y"
"2023","570","경기 화성시","20230322","20230417","13","20230419","20230414","군인특별공급 화성봉","1","0","1","1","A2BL","84A","10","Y"
"2023","569","경기 파주시","20230322","20230403","13","20230405","20230330","청약자격확인 운정신","1","0","1","1","A36BL","주택형","8","Y"
"2023","568","경기 파주시","20230322","20230403","13","20230405","20230330","군인특별공급 운정신","1","0","1","1","A36BL","84C","1","Y"
"2023","568","경기 파주시","20230322","20230403","13","20230405","20230330","군인특별공급 운정신","1","0","1","1","A36BL","84A","1","Y"
"2023","567","인천 서구","20230322","20230410","13","20230412","20230407","청약자격확인 검단 ","1","0","1","1","주택형","주택형","18","Y"
"2023","566","인천 서구","20230322","20230410","13","20230412","20230407","군인특별공급 검단 ","1","0","1","1","주택형","84A","3","Y"
"2023","566","인천 서구","20230322","20230410","13","20230412","20230407","군인특별공급 검단 ","1","0","1","1","주택형","84B","2","Y"
"2023","566","인천 서구","20230322","20230410","13","20230412","20230407","군인특별공급 검단 ","1","0","1","1","주택형","84C","1","Y"
"2023","566","인천 서구","20230322","20230410","13","20230412","20230407","군인특별공급 검단 ","1","0","1","1","주택형","84D","3","Y"
"2023","565","경기 남양주시","20230322","20230403","13","20230405","20230331","청약자격확인 다산역","1","1","0","0","A3BL","주택형","38","Y"
"2023","564","경기 남양주시","20230322","20230403","13","20230405","20230331","군인특별공급 다산역","1","1","0","0","A3BL","59","5","Y"
"2023","564","경기 남양주시","20230322","20230403","13","20230405","20230331","군인특별공급 다산역","1","1","0","0","A3BL","51","4","Y"
"2023","563","경기 파주시","20230320","20230327","14","20230329","20230324","청약자격확인 운정호","1","0","1","1","B2","주택형","1","Y"
"2023","562","경기 파주시","20230314","20230530","10","20230601","20230526","청약자격확인 운정자","1","0","1","1","A19","주택형","29","Y"
"2023","561","경기 파주시","20230314","20230530","10","20230601","20230526","군인특별공급 운정자","1","0","1","1","A19","74A","1","Y"
"2023","561","경기 파주시","20230314","20230530","10","20230601","20230526","군인특별공급 운정자","1","0","1","1","A19","74B","2","Y"
"2023","561","경기 파주시","20230314","20230530","10","20230601","20230526","군인특별공급 운정자","1","0","1","1","A19","84C","1","Y"
"2023","561","경기 파주시","20230314","20230530","10","20230601","20230526","군인특별공급 운정자","1","0","1","1","A19","84B","2","Y"
"2023","561","경기 파주시","20230314","20230530","10","20230601","20230526","군인특별공급 운정자","1","0","1","1","A19","84A","1","Y"
"2023","560","충남 천안시","20230307","20230522","13","20230524","20230519","군인특별공급 천안 ","1","0","1","1","주택형","84B","3","Y"
"2023","560","충남 천안시","20230307","20230522","13","20230524","20230519","군인특별공급 천안 ","1","0","1","1","주택형","84A","3","Y"
"2023","559","인천 서구","20230307","20230320","14","20230322","20230316","청약자격확인 왕길역","1","0","1","1","주택형","주택형","7","Y"
"2023","558","인천 서구","20230307","20230320","14","20230322","20230316","군인특별공급 왕길역","1","0","1","1","주택형","84A","1","Y"
"2023","558","인천 서구","20230307","20230320","14","20230322","20230316","군인특별공급 왕길역","1","0","1","1","주택형","59A","1","Y"
"2023","557","경기 평택시","20230228","20230320","14","20230322","20230316","청약자격확인 평택 ","1","1","0","0","주택형","주택형","17","N"
"2023","557","경기 평택시","20230228","20230320","14","20230322","20230316","청약자격확인 평택 ","1","1","0","0","A-5BL","주택형","17","Y"
"2023","556","전북 정읍시","20230228","20230313","10","20230315","20230310","군인특별공급 정읍 ","1","0","1","1","주택형","84E","4","Y"
"2023","556","전북 정읍시","20230228","20230313","10","20230315","20230310","군인특별공급 정읍 ","1","0","1","1","주택형","84A","4","Y"
"2023","555","서울 동대문구","20230228","20230327","14","20230329","20230324","군인특별공급 휘경자","1","0","1","1","주택형","59A","1","Y"
"2023","555","서울 동대문구","20230228","20230327","14","20230329","20230324","군인특별공급 휘경자","1","0","1","1","주택형","59B","5","Y"
"2023","555","서울 동대문구","20230228","20230327","14","20230329","20230324","군인특별공급 휘경자","1","0","1","1","주택형","84B","1","Y"
"2023","555","서울 동대문구","20230228","20230327","14","20230329","20230324","군인특별공급 휘경자","1","0","1","1","주택형","59D","5","Y"
"2023","555","서울 동대문구","20230228","20230327","14","20230329","20230324","군인특별공급 휘경자","1","0","1","1","주택형","84A","1","Y"
"2023","555","서울 동대문구","20230228","20230327","14","20230329","20230324","군인특별공급 휘경자","1","0","1","1","주택형","59C","1","Y"
"2023","554","서울 동대문구","20230228","20230327","14","20230329","20230324","청약자격확인 휘경자","1","0","1","1","주택형","주택형","21","Y"
"2023","553","경기 평택시","20230228","20230320","14","20230322","20230317","청약자격확인 평택화","1","0","1","1","8BL","주택형","21","Y"
"2023","552","경기 평택시","20230228","20230320","14","20230322","20230317","군인특별공급 평택화","1","0","1","1","8BL","84","2","Y"
"2023","552","경기 평택시","20230228","20230320","14","20230322","20230317","군인특별공급 평택화","1","0","1","1","주택형","59A","2","N"
"2023","552","경기 평택시","20230228","20230320","14","20230322","20230317","군인특별공급 평택화","1","0","1","1","8BL","59B","1","Y"
"2023","552","경기 평택시","20230228","20230320","14","20230322","20230317","군인특별공급 평택화","1","0","1","1","주택형","84","2","N"
"2023","552","경기 평택시","20230228","20230320","14","20230322","20230317","군인특별공급 평택화","1","0","1","1","8BL","59A","2","Y"
"2023","552","경기 평택시","20230228","20230320","14","20230322","20230317","군인특별공급 평택화","1","0","1","1","주택형","59B","1","N"
"2023","551","경기 평택시","20230228","20230320","14","20230322","20230316","군인특별공급 평택 ","1","1","0","0","A-5BL","84A","2","Y"
"2023","551","경기 평택시","20230228","20230320","14","20230322","20230316","군인특별공급 평택 ","1","1","0","0","주택형","84B","1","N"
"2023","551","경기 평택시","20230228","20230320","14","20230322","20230316","군인특별공급 평택 ","1","1","0","0","주택형","84A","2","N"
"2023","551","경기 평택시","20230228","20230320","14","20230322","20230316","군인특별공급 평택 ","1","1","0","0","A-5BL","84B","1","Y"
"2023","550","경기 화성시","20230228","20230403","14","20230405","20230331","청약자격확인 동탄 ","1","0","1","1","주택형","주택형","11","N"
"2023","550","경기 화성시","20230228","20230403","14","20230405","20230331","청약자격확인 동탄 ","1","0","1","1","A55BL","주택형","11","Y"
"2023","549","서울 강서구","20230224","20230227","14","20230302","20230222","청약자격확인 등촌 ","1","0","1","1","주택형","주택형","4","Y"
"2023","548","서울 강서구","20230224","20230227","14","20230302","20230222","군인특별공급 등촌 ","1","0","1","1","주택형","59","1","Y"
"2023","548","서울 강서구","20230224","20230227","14","20230302","20230222","군인특별공급 등촌 ","1","0","1","1","주택형","77","1","Y"
"2023","548","서울 강서구","20230224","20230227","14","20230302","20230222","군인특별공급 등촌 ","1","0","1","1","주택형","74","1","Y"
"2023","547","광주 서구","20230221","20230306","14","20230308","20230303","군인특별공급 위파크","1","0","1","1","주택형","84A","7","Y"
"2023","547","광주 서구","20230221","20230306","14","20230308","20230303","군인특별공급 위파크","1","0","1","1","주택형","84D","2","Y"
"2023","547","광주 서구","20230221","20230306","14","20230308","20230303","군인특별공급 위파크","1","0","1","1","주택형","84C","1","Y"
"2023","547","광주 서구","20230221","20230306","14","20230308","20230303","군인특별공급 위파크","1","0","1","1","주택형","84B","3","Y"
"2023","546","부산 남구","20230221","20230320","14","20230322","20230317","군인특별공급 두산위","1","0","1","1","주택형","59A","1","Y"
"2023","546","부산 남구","20230221","20230320","14","20230322","20230317","군인특별공급 두산위","1","0","1","1","주택형","59B","8","Y"
"2023","546","부산 남구","20230221","20230320","14","20230322","20230317","군인특별공급 두산위","1","0","1","1","주택형","75A","9","Y"
"2023","546","부산 남구","20230221","20230320","14","20230322","20230317","군인특별공급 두산위","1","0","1","1","주택형","84B","5","Y"
"2023","546","부산 남구","20230221","20230320","14","20230322","20230317","군인특별공급 두산위","1","0","1","1","주택형","75C","5","Y"
"2023","546","부산 남구","20230221","20230320","14","20230322","20230317","군인특별공급 두산위","1","0","1","1","주택형","84A","11","Y"
"2023","607","경기 의왕시","20230509","20230522","13","20230524","20230519","군인특별공급 인덕원","1","0","1","1","주택형","49B","1","Y"
"2023","606","서울 서대문구","20230509","20230530","10","20230601","20230526","청약자격확인 DMC","1","0","1","1","주택형","청약자격확인","2","Y"
"2023","605","서울 서대문구","20230509","20230530","10","20230601","20230526","군인특별공급 DMC","1","0","1","1","주택형","59B","1","Y"
"2023","604","경기 성남시","20230508","20230510","13","20230511","20230502","청약자격확인 중앙하","1","0","1","1","주택형","청약자격확인","1","Y"
"2023","603","경기 평택시","20230503","20230607","10","20230612","20230605","청약자격확인 지제역","1","0","1","1","2BL","주택형","34","Y"
"2023","602","경기 평택시","20230503","20230607","10","20230612","20230605","군인특별공급 지제역","1","0","1","1","2BL","84B","3","Y"
"2023","602","경기 평택시","20230503","20230607","10","20230612","20230605","군인특별공급 지제역","1","0","1","1","2BL","84A","16","Y"
"2023","601","부산 강서구","20230503","20230515","13","20230517","20230511","군인특별공급 부산 ","1","0","1","1","28BL","84B","5","Y"
"2023","601","부산 강서구","20230503","20230515","13","20230517","20230511","군인특별공급 부산 ","1","0","1","1","28BL","84C","4","Y"
"2023","601","부산 강서구","20230503","20230515","13","20230517","20230511","군인특별공급 부산 ","1","0","1","1","28BL","84A","1","Y"
"2023","600","울산 남구","20230426","20230515","13","20230517","20230512","군인특별공급 문수로","1","0","1","1","주택형","84A","1","Y"
"2023","600","울산 남구","20230426","20230515","13","20230517","20230512","군인특별공급 문수로","1","0","1","1","주택형","84C","1","Y"
"2023","600","울산 남구","20230426","20230515","13","20230517","20230512","군인특별공급 문수로","1","0","1","1","주택형","84E","1","Y"
"2023","600","울산 남구","20230426","20230515","13","20230517","20230512","군인특별공급 문수로","1","0","1","1","주택형","84D","1","Y"
"2023","600","울산 남구","20230426","20230515","13","20230517","20230512","군인특별공급 문수로","1","0","1","1","주택형","84B","1","Y"
"2023","599","인천 서구","20230426","20231010","09","20231012","20231006","청약자격확인 디에트","1","0","1","1","AA20BL","주택형","36","Y"
"2023","598","인천 서구","20230426","20231010","09","20231012","20231006","군인특별공급 디에트","1","0","1","1","AA20BL","59B","1","Y"
"2023","598","인천 서구","20230426","20231010","09","20231012","20231006","군인특별공급 디에트","1","0","1","1","AA20BL","84C","1","Y"
"2023","598","인천 서구","20230426","20231010","09","20231012","20231006","군인특별공급 디에트","1","0","1","1","AA20BL","84B","1","Y"
"2023","598","인천 서구","20230426","20231010","09","20231012","20231006","군인특별공급 디에트","1","0","1","1","AA20BL","59C","3","Y"
"2023","597","전북 군산시","20230418","20230501","13","20230503","20230428","군인특별공급 군산 ","1","0","1","1","주택형","84B","1","Y"
"2023","597","전북 군산시","20230418","20230501","13","20230503","20230428","군인특별공급 군산 ","1","0","1","1","주택형","84A","2","Y"
"2023","596","부산 남구","20230418","20230501","13","20230503","20230428","군인특별공급 롯데캐","1","0","1","1","주택형","59B","2","Y"
"2023","596","부산 남구","20230418","20230501","13","20230503","20230428","군인특별공급 롯데캐","1","0","1","1","주택형","59A","3","Y"
"2023","595","서울 은평구","20230418","20230508","13","20230510","20230503","청약자격확인 새절역","1","0","1","1","주택형","주택형","7","Y"
"2023","594","서울 은평구","20230418","20230508","13","20230510","20230503","군인특별공급 새절역","1","0","1","1","주택형","84C","1","Y"
"2023","594","서울 은평구","20230418","20230508","13","20230510","20230503","군인특별공급 새절역","1","0","1","1","주택형","84B","1","Y"
"2023","593","경기 광명시","20230412","20230426","13","20230428","20230424","청약자격확인 광명 ","1","0","1","1","주택형","주택형","24","Y"
"2023","592","경기 광명시","20230412","20230426","13","20230428","20230424","군인특별공급 광명 ","1","0","1","1","주택형","39","3","Y"
"2023","592","경기 광명시","20230412","20230426","13","20230428","20230424","군인특별공급 광명 ","1","0","1","1","주택형","84B","1","Y"
"2023","592","경기 광명시","20230412","20230426","13","20230428","20230424","군인특별공급 광명 ","1","0","1","1","주택형","49B","4","Y"
"2023","591","경기 용인시","20230411","20230424","13","20230426","20230420","청약자격확인 e편한","1","0","1","1","주택형","주택형","29","Y"
"2023","590","경기 용인시","20230411","20230424","13","20230426","20230420","군인특별공급 e편한","1","0","1","1","주택형","59A","2","Y"
"2023","590","경기 용인시","20230411","20230424","13","20230426","20230420","군인특별공급 e편한","1","0","1","1","주택형","59B","1","Y"
"2023","590","경기 용인시","20230411","20230424","13","20230426","20230420","군인특별공급 e편한","1","0","1","1","주택형","74","3","Y"
"2023","590","경기 용인시","20230411","20230424","13","20230426","20230420","군인특별공급 e편한","1","0","1","1","주택형","84D","1","Y"
"2023","590","경기 용인시","20230411","20230424","13","20230426","20230420","군인특별공급 e편한","1","0","1","1","주택형","84B","2","Y"
"2023","590","경기 용인시","20230411","20230424","13","20230426","20230420","군인특별공급 e편한","1","0","1","1","주택형","84C","2","Y"
"2023","590","경기 용인시","20230411","20230424","13","20230426","20230420","군인특별공급 e편한","1","0","1","1","주택형","84A","10","Y"
"2023","589","경기 남양주시","20230411","20230424","13","20230426","20230421","청약자격확인 해링턴","1","0","1","1","주택형","주택형","9","Y"
"2023","588","경기 남양주시","20230411","20230424","13","20230426","20230421","군인특별공급 해링턴","1","0","1","1","주택형","84B","2","Y"
"2023","588","경기 남양주시","20230411","20230424","13","20230426","20230421","군인특별공급 해링턴","1","0","1","1","주택형","84A","5","Y"
"2023","587","경기 시흥시","20230411","20230501","13","20230503","20230428","청약자격확인 시화M","1","0","1","1","주택형","주택형","12","Y"
"2023","586","경기 시흥시","20230411","20230501","13","20230503","20230428","군인특별공급 시화M","1","0","1","1","주택형","78","3","Y"
"2023","585","서울 강북구","20230405","20230417","13","20230419","20230413","청약자격확인 엘리프","1","0","1","1","주택형","주택형","4","Y"
"2023","584","서울 강북구","20230405","20230417","13","20230419","20230413","군인특별공급 엘리프","1","0","1","1","주택형","59F","1","Y"
"2023","584","서울 강북구","20230405","20230417","13","20230419","20230413","군인특별공급 엘리프","1","0","1","1","주택형","74D","1","Y"
"2023","584","서울 강북구","20230405","20230417","13","20230419","20230413","군인특별공급 엘리프","1","0","1","1","주택형","74C","1","Y"
"2023","583","서울 강북구","20230405","20230417","13","20230419","20230413","청약자격확인 엘리프","1","0","1","1","주택형","주택형","1","Y"
"2023","582","서울 강북구","20230405","20230417","13","20230419","20230413","군인특별공급 엘리프","1","0","1","1","주택형","74A","1","Y"
"2023","581","부산 강서구","20230329","20230410","13","20230412","20230407","군인특별공급 에코델","1","0","1","1","17BL","84A","2","Y"
"2023","581","부산 강서구","20230329","20230410","13","20230412","20230407","군인특별공급 에코델","1","0","1","1","17BL","84AP","3","Y"
"2023","581","부산 강서구","20230329","20230410","13","20230412","20230407","군인특별공급 에코델","1","0","1","1","17BL","84C","1","Y"
"2023","581","부산 강서구","20230329","20230410","13","20230412","20230407","군인특별공급 에코델","1","0","1","1","17BL","84B","1","Y"
"2023","580","충북 청주시","20230329","20230501","13","20230503","20230428","군인특별공급 신영지","1","0","1","1","S1BL","84A","5","Y"
"2023","580","충북 청주시","20230329","20230501","13","20230503","20230428","군인특별공급 신영지","1","0","1","1","S1BL","84C","2","Y"
"2023","580","충북 청주시","20230329","20230501","13","20230503","20230428","군인특별공급 신영지","1","0","1","1","S1BL","84B","2","Y"
"2023","579","충북 청주시","20230329","20230410","13","20230412","20230407","군인특별공급 청주 ","1","0","1","1","A9BL","84A","5","Y"
"2023","579","충북 청주시","20230329","20230410","13","20230412","20230407","군인특별공급 청주 ","1","0","1","1","A9BL","84C","1","Y"
"2023","579","충북 청주시","20230329","20230410","13","20230412","20230407","군인특별공급 청주 ","1","0","1","1","A9BL","84B","2","Y"
"2023","578","경기 부천시","20230324","20230410","13","20230412","20230406","청약자격확인 이안 ","1","0","1","1","주택형","주택형","3","Y"
"2023","577","경기 화성시","20230323","20230410","13","20230412","20230407","청약자격확인 동탄 ","1","0","1","1","A59BL","주택형","33","Y"
"2023","576","경기 화성시","20230323","20230410","13","20230412","20230407","군인특별공급 동탄 ","1","0","1","1","A59BL","84A","5","Y"
"2023","576","경기 화성시","20230323","20230410","13","20230412","20230407","군인특별공급 동탄 ","1","0","1","1","A59BL","84B","6","Y"
"2023","575","울산 울주군","20230322","20230403","13","20230405","20230331","군인특별공급 신일해","1","0","1","1","주택형","74A","1","Y"
"2023","574","충남 천안시","20230322","20230403","13","20230405","20230331","군인특별공급 북천안","1","1","0","0","주택형","43A","1","Y"
"2023","574","충남 천안시","20230322","20230403","13","20230405","20230331","군인특별공급 북천안","1","1","0","0","주택형","72","1","Y"
"2023","574","충남 천안시","20230322","20230403","13","20230405","20230331","군인특별공급 북천안","1","1","0","0","주택형","59A","1","Y"
"2023","574","충남 천안시","20230322","20230403","13","20230405","20230331","군인특별공급 북천안","1","1","0","0","주택형","43B","1","Y"
"2023","573","광주 남구","20230322","20230403","13","20230405","20230331","군인특별공급 e편한","1","0","1","1","주택형","63A","1","Y"
"2023","636","경기 남양주시","20230614","20230619","13","20230621","20230612","청약자격확인 남양주","1","1","0","0","주택형","주택형","27","Y"
"2023","635","충북 청주시","20230614","20230626","13","20230628","20230623","군인특별공급 월명공","1","0","1","1","주택형","76A","5","Y"
"2023","635","충북 청주시","20230614","20230626","13","20230628","20230623","군인특별공급 월명공","1","0","1","1","주택형","84B","2","Y"
"2023","635","충북 청주시","20230614","20230626","13","20230628","20230623","군인특별공급 월명공","1","0","1","1","주택형","84A","9","Y"
"2023","635","충북 청주시","20230614","20230626","13","20230628","20230623","군인특별공급 월명공","1","0","1","1","주택형","76B","1","Y"
"2023","634","전북 고창군","20230614","20230626","13","20230628","20230623","군인특별공급 고창 ","1","0","1","1","주택형","84A","1","Y"
"2023","634","전북 고창군","20230614","20230626","13","20230628","20230623","군인특별공급 고창 ","1","0","1","1","주택형","84B","1","Y"
"2023","633","인천 서구","20230614","20230710","13","20230712","20230706","청약자격확인 연희공","1","0","1","1","주택형","주택형","41","Y"
"2023","632","인천 서구","20230614","20230710","13","20230712","20230706","군인특별공급 연희공","1","0","1","1","주택형","84C","3","Y"
"2023","632","인천 서구","20230614","20230710","13","20230712","20230706","군인특별공급 연희공","1","0","1","1","주택형","84B","1","Y"
"2023","632","인천 서구","20230614","20230710","13","20230712","20230706","군인특별공급 연희공","1","0","1","1","주택형","84A","7","Y"
"2023","631","서울 관악구","20230614","20230626","13","20230628","20230622","청약자격확인 서울대","1","0","1","1","주택형","주택형","6","Y"
"2023","630","서울 관악구","20230614","20230626","13","20230628","20230622","군인특별공급 서울대","1","0","1","1","주택형","84A","1","Y"
"2023","630","서울 관악구","20230614","20230626","13","20230628","20230622","군인특별공급 서울대","1","0","1","1","주택형","59","2","Y"
"2023","629","경기 안양시","20230614","20230619","13","20230621","20230612","청약자격확인 안양매","1","1","0","0","S-1","주택형","6","Y"
"2023","628","경기 화성시","20230607","20230619","13","20230621","20230615","청약자격확인 e편한","1","0","1","1","A-56","주택형","11","Y"
"2023","627","부산 해운대구","20230607","20230626","13","20230628","20230622","군인특별공급 해운대","1","0","1","1","주택형","84E","1","Y"
"2023","627","부산 해운대구","20230607","20230626","13","20230628","20230622","군인특별공급 해운대","1","0","1","1","주택형","84C","2","Y"
"2023","627","부산 해운대구","20230607","20230626","13","20230628","20230622","군인특별공급 해운대","1","0","1","1","주택형","69A","1","Y"
"2023","627","부산 해운대구","20230607","20230626","13","20230628","20230622","군인특별공급 해운대","1","0","1","1","주택형","84A","2","Y"
"2023","626","경기 남양주시","20230605","20230607","10","20230607","20230530","청약자격확인 청광 ","1","0","1","1","-","-","1","Y"
"2023","625","(일정취소)울산시 ","20230526","20240122","13","20240124","20240119","(일정취소)군인특별","1","0","1","1","주택형","84C","2","Y"
"2023","625","(일정취소)울산시 ","20230526","20240122","13","20240124","20240119","(일정취소)군인특별","1","0","1","1","주택형","74A","2","Y"
"2023","624","부산 부산진구","20230526","20230612","13","20230614","20230609","군인특별공급 해피투","1","0","1","1","주택형","64A","1","Y"
"2023","623","강원 원주시","20230526","20230612","13","20230614","20230609","군인특별공급 원주 ","1","0","1","1","주택형","80","3","Y"
"2023","623","강원 원주시","20230526","20230612","13","20230614","20230609","군인특별공급 원주 ","1","0","1","1","주택형","84A","6","Y"
"2023","623","강원 원주시","20230526","20230612","13","20230614","20230609","군인특별공급 원주 ","1","0","1","1","주택형","84B","8","Y"
"2023","623","강원 원주시","20230526","20230612","13","20230614","20230609","군인특별공급 원주 ","1","0","1","1","주택형","84C","2","Y"
"2023","622","경기 평택시","20230526","20230703","13","20230705","20230630","청약자격확인 평택 ","1","0","1","1","2BL","청약자격확인","51","Y"
"2023","621","경기 평택시","20230526","20230703","13","20230705","20230630","군인특별공급 평택 ","1","0","1","1","2BL","59A","2","Y"
"2023","621","경기 평택시","20230526","20230703","13","20230705","20230630","군인특별공급 평택 ","1","0","1","1","2BL","84C","3","Y"
"2023","621","경기 평택시","20230526","20230703","13","20230705","20230630","군인특별공급 평택 ","1","0","1","1","2BL","84B","2","Y"
"2023","621","경기 평택시","20230526","20230703","13","20230705","20230630","군인특별공급 평택 ","1","0","1","1","2BL","84A","8","Y"
"2023","621","경기 평택시","20230526","20230703","13","20230705","20230630","군인특별공급 평택 ","1","0","1","1","2BL","59B","1","Y"
"2023","620","서울 광진구","20230526","20230724","13","20230726","20230721","청약자격확인 구의역","1","0","1","1","주택형","청약자격확인","19","Y"
"2023","619","서울 광진구","20230526","20230724","13","20230726","20230721","군인특별공급 구의역","1","0","1","1","주택형","84B","1","Y"
"2023","619","서울 광진구","20230526","20230724","13","20230726","20230721","군인특별공급 구의역","1","0","1","1","주택형","84A","4","Y"
"2023","619","서울 광진구","20230526","20230724","13","20230726","20230721","군인특별공급 구의역","1","0","1","1","주택형","84C","1","Y"
"2023","619","서울 광진구","20230526","20230724","13","20230726","20230721","군인특별공급 구의역","1","0","1","1","주택형","74","2","Y"
"2023","618","광주 동구","20230516","20230605","10","20230607","20230602","군인특별공급 교대역","1","0","1","1","주택형","84B","3","Y"
"2023","618","광주 동구","20230516","20230605","10","20230607","20230602","군인특별공급 교대역","1","0","1","1","주택형","84A","3","Y"
"2023","618","광주 동구","20230516","20230605","10","20230607","20230602","군인특별공급 교대역","1","0","1","1","주택형","74","1","Y"
"2023","618","광주 동구","20230516","20230605","10","20230607","20230602","군인특별공급 교대역","1","0","1","1","주택형","59B","1","Y"
"2023","618","광주 동구","20230516","20230605","10","20230607","20230602","군인특별공급 교대역","1","0","1","1","주택형","84C","0","N"
"2023","617","광주 남구","20230516","20230612","13","20230614","20230609","군인특별공급 광주 ","1","0","1","1","주택형","74B","1","Y"
"2023","616","인천 서구","20230516","20230619","13","20230621","20230615","청약자격확인 인천검","1","0","1","1","AB-19BL","청약자격확인","17","Y"
"2023","615","인천 서구","20230516","20230619","13","20230621","20230615","군인특별공급 인천검","1","0","1","1","AB-19BL","84B","1","Y"
"2023","615","인천 서구","20230516","20230619","13","20230621","20230615","군인특별공급 인천검","1","0","1","1","AB-19BL","84C","1","Y"
"2023","615","인천 서구","20230516","20230619","13","20230621","20230615","군인특별공급 인천검","1","0","1","1","AB-19BL","84A","3","Y"
"2023","614","서울 동작구","20230512","20230609","17","20230613","20230509","청약자격확인 동작구","1","1","0","0","주택형","59","7","Y"
"2023","613","서울 동작구","20230512","20230609","17","20230613","20230609","군인특별공급 동작구","1","1","0","0","주택형","59","1","Y"
"2023","612","광주 서구","20230509","20230530","10","20230601","20230526","군인특별공급 상무 ","1","0","1","1","주택형","84C","4","Y"
"2023","612","광주 서구","20230509","20230530","10","20230601","20230526","군인특별공급 상무 ","1","0","1","1","주택형","84B","1","Y"
"2023","612","광주 서구","20230509","20230530","10","20230601","20230526","군인특별공급 상무 ","1","0","1","1","주택형","84A","4","Y"
"2023","611","강원 양양군","20230509","20230609","13","20230612","20230608","군인특별공급 양양 ","1","0","1","1","주택형","84A","3","Y"
"2023","611","강원 양양군","20230509","20230609","13","20230612","20230608","군인특별공급 양양 ","1","0","1","1","주택형","84B","1","Y"
"2023","611","강원 양양군","20230509","20230609","13","20230612","20230608","군인특별공급 양양 ","1","0","1","1","주택형","84C","1","Y"
"2023","611","강원 양양군","20230509","20230609","13","20230612","20230608","군인특별공급 양양 ","1","0","1","1","주택형","84D","1","Y"
"2023","610","충남 아산시","20230509","20230619","13","20230621","20230616","군인특별공급 힐스테","1","0","1","1","B1","84A","8","Y"
"2023","610","충남 아산시","20230509","20230619","13","20230621","20230616","군인특별공급 힐스테","1","0","1","1","B1","84B","2","Y"
"2023","610","충남 아산시","20230509","20230619","13","20230621","20230616","군인특별공급 힐스테","1","0","1","1","B1","84C","2","Y"
"2023","609","충남 아산시","20230509","20230605","10","20230607","20230602","군인특별공급 힐스테","1","0","1","1","2-A11BL","84B","3","Y"
"2023","609","충남 아산시","20230509","20230605","10","20230607","20230602","군인특별공급 힐스테","1","0","1","1","2-A11BL","84A","3","Y"
"2023","609","충남 아산시","20230509","20230605","10","20230607","20230602","군인특별공급 힐스테","1","0","1","1","2-A11BL","74B","1","Y"
"2023","609","충남 아산시","20230509","20230605","10","20230607","20230602","군인특별공급 힐스테","1","0","1","1","2-A11BL","74A","1","Y"
"2023","608","경기 의왕시","20230509","20230522","13","20230524","20230519","청약자격확인 인덕원","1","0","1","1","주택형","청약자격확인","17","Y"
"2023","607","경기 의왕시","20230509","20230522","13","20230524","20230519","군인특별공급 인덕원","1","0","1","1","주택형","59B","2","Y"
"2023","607","경기 의왕시","20230509","20230522","13","20230524","20230519","군인특별공급 인덕원","1","0","1","1","주택형","59A","1","Y"
"2023","607","경기 의왕시","20230509","20230522","13","20230524","20230519","군인특별공급 인덕원","1","0","1","1","주택형","49A","2","Y"
"2023","670","인천 미추홀구","20230713","20230731","13","20230802","20230728","군인특별공급 포레나","1","0","1","1","-","59B","1","Y"
"2023","669","경기 이천시","20230713","20230724","13","20230726","20230720","청약자격확인 이천 ","1","0","1","1","B2BL","-","25","Y"
"2023","668","경기 이천시","20230713","20230724","13","20230726","20230720","군인특별공급 이천 ","1","0","1","1","B2BL","84A","5","Y"
"2023","668","경기 이천시","20230713","20230724","13","20230726","20230720","군인특별공급 이천 ","1","0","1","1","B2BL","84","1","Y"
"2023","668","경기 이천시","20230713","20230724","13","20230726","20230720","군인특별공급 이천 ","1","0","1","1","B2BL","84B","2","Y"
"2023","667","경기 평택시","20230713","20230724","13","20230726","20230721","청약자격확인 호반써","1","0","1","1","A49BL","-","8","Y"
"2023","666","경기 평택시","20230713","20230724","13","20230726","20230721","군인특별공급 호반써","1","0","1","1","주상3BL","84A","1","N"
"2023","666","경기 평택시","20230713","20230724","13","20230726","20230721","군인특별공급 호반써","1","0","1","1","주상3BL","84B","3","N"
"2023","666","경기 평택시","20230713","20230724","13","20230726","20230721","군인특별공급 호반써","1","0","1","1","A49BL","84C","1","Y"
"2023","666","경기 평택시","20230713","20230724","13","20230726","20230721","군인특별공급 호반써","1","0","1","1","A49BL","84A","1","Y"
"2023","666","경기 평택시","20230713","20230724","13","20230726","20230721","군인특별공급 호반써","1","0","1","1","A49BL","84B","1","Y"
"2023","666","경기 평택시","20230713","20230724","13","20230726","20230721","군인특별공급 호반써","1","0","1","1","주상3BL","84C","1","N"
"2023","665","강원 속초시","20230705","20230724","13","20230726","20230720","군인특별공급 힐스테","1","0","1","1","-","84A","10","Y"
"2023","665","강원 속초시","20230705","20230724","13","20230726","20230720","군인특별공급 힐스테","1","0","1","1","-","84D","1","Y"
"2023","665","강원 속초시","20230705","20230724","13","20230726","20230720","군인특별공급 힐스테","1","0","1","1","-","84C","3","Y"
"2023","665","강원 속초시","20230705","20230724","13","20230726","20230720","군인특별공급 힐스테","1","0","1","1","-","84B","4","Y"
"2023","664","인천 미추홀구","20230705","20230717","13","20230719","20230712","청약자격확인 인천 ","1","0","1","1","-","-","9","Y"
"2023","663","인천 미추홀구","20230705","20230717","13","20230719","20230712","군인특별공급 인천 ","1","0","1","1","-","59","1","Y"
"2023","662","서울 강동구","20230705","20230717","13","20230719","20230714","청약자격확인 강동 ","1","0","1","1","-","-","1","Y"
"2023","661","서울 강동구","20230705","20230717","13","20230719","20230714","군인특별공급 강동 ","1","0","1","1","-","46A","1","Y"
"2023","660","서울 용산구","20230705","20230717","13","20230719","20230714","군인특별공급 용산 ","1","0","1","1","-","84B","1","Y"
"2023","659","서울 성동구","20230705","20230814","10","20230817","20230809","청약자격확인 청계 ","1","0","1","1","주택형","-","3","Y"
"2023","658","경남 김해시","20230703","20230705","13","20230707","20230703","군인특별공급 이안 ","1","0","1","1","주택형","59C","1","Y"
"2023","657","경남 김해시","20230628","20230710","13","20230712","20230706","군인특별공급 더샵 ","1","0","1","1","A7-1","84A","6","Y"
"2023","657","경남 김해시","20230628","20230710","13","20230712","20230706","군인특별공급 더샵 ","1","0","1","1","A7-1","84C","2","Y"
"2023","657","경남 김해시","20230628","20230710","13","20230712","20230706","군인특별공급 더샵 ","1","0","1","1","A7-1","84B","2","Y"
"2023","656","강원 원주시","20230628","20230717","13","20230719","20230713","군인특별공급 e편한","1","0","1","1","주택형","59A","2","Y"
"2023","656","강원 원주시","20230628","20230717","13","20230719","20230713","군인특별공급 e편한","1","0","1","1","주택형","74A","4","Y"
"2023","656","강원 원주시","20230628","20230717","13","20230719","20230713","군인특별공급 e편한","1","0","1","1","주택형","59B","1","Y"
"2023","655","강원 춘천시","20230628","20230710","13","20230712","20230707","군인특별공급 춘천 ","1","0","1","1","주택형","63","3","Y"
"2023","655","강원 춘천시","20230628","20230710","13","20230712","20230707","군인특별공급 춘천 ","1","0","1","1","주택형","84B","2","Y"
"2023","655","강원 춘천시","20230628","20230710","13","20230712","20230707","군인특별공급 춘천 ","1","0","1","1","주택형","84A","5","Y"
"2023","655","강원 춘천시","20230628","20230710","13","20230712","20230707","군인특별공급 춘천 ","1","0","1","1","주택형","76","1","Y"
"2023","654","경기 화성시","20230628","20230710","13","20230712","20230707","청약자격확인 화성태","1","1","0","0","B-3블록","주택형","7","Y"
"2023","653","경기 화성시","20230628","20230710","13","20230712","20230707","군인특별공급 화성태","1","1","0","0","B-3블록","84","1","Y"
"2023","652","경기 광명시","20230628","20230724","13","20230726","20230721","청약자격확인 광명 ","1","0","1","1","주택형","주택형","12","Y"
"2023","651","경기 광명시","20230628","20230724","13","20230726","20230721","군인특별공급 광명 ","1","0","1","1","주택형","49","2","Y"
"2023","651","경기 광명시","20230628","20230724","13","20230726","20230721","군인특별공급 광명 ","1","0","1","1","주택형","39","1","Y"
"2023","650","인천 미추홀구","20230622","20230705","13","20230707","20230703","청약자격확인 서희스","1","0","1","1","-","청약자격확인","13","Y"
"2023","649","경기 평택시","20230622","20230807","13","20230809","20230804","청약자격확인 진위역","1","0","1","1","-","청약자격확인","19","Y"
"2023","648","경기 평택시","20230622","20230807","13","20230809","20230804","군인특별공급 진위역","1","0","1","1","-","59A","3","Y"
"2023","648","경기 평택시","20230622","20230807","13","20230809","20230804","군인특별공급 진위역","1","0","1","1","-","59B","3","Y"
"2023","648","경기 평택시","20230622","20230807","13","20230809","20230804","군인특별공급 진위역","1","0","1","1","-","84A","1","Y"
"2023","648","경기 평택시","20230622","20230807","13","20230809","20230804","군인특별공급 진위역","1","0","1","1","-","71D","1","Y"
"2023","648","경기 평택시","20230622","20230807","13","20230809","20230804","군인특별공급 진위역","1","0","1","1","-","71B","2","Y"
"2023","647","부산 남구","20230622","20230703","13","20230705","20230630","군인특별공급 대연 ","1","0","1","1","-","59A","9","Y"
"2023","647","부산 남구","20230622","20230703","13","20230705","20230630","군인특별공급 대연 ","1","0","1","1","-","84B","8","Y"
"2023","647","부산 남구","20230622","20230703","13","20230705","20230630","군인특별공급 대연 ","1","0","1","1","-","84A","19","Y"
"2023","647","부산 남구","20230622","20230703","13","20230705","20230630","군인특별공급 대연 ","1","0","1","1","-","59B","3","Y"
"2023","646","대전 서구","20230622","20230821","13","20230823","20230818","군인특별공급 둔산 ","1","0","1","1","-","59B","2","Y"
"2023","646","대전 서구","20230622","20230821","13","20230823","20230818","군인특별공급 둔산 ","1","0","1","1","-","76","3","Y"
"2023","646","대전 서구","20230622","20230821","13","20230823","20230818","군인특별공급 둔산 ","1","0","1","1","-","84A","8","Y"
"2023","646","대전 서구","20230622","20230821","13","20230823","20230818","군인특별공급 둔산 ","1","0","1","1","-","84F","1","Y"
"2023","646","대전 서구","20230622","20230821","13","20230823","20230818","군인특별공급 둔산 ","1","0","1","1","-","84C","5","Y"
"2023","646","대전 서구","20230622","20230821","13","20230823","20230818","군인특별공급 둔산 ","1","0","1","1","-","84D","2","Y"
"2023","646","대전 서구","20230622","20230821","13","20230823","20230818","군인특별공급 둔산 ","1","0","1","1","-","84E","2","Y"
"2023","646","대전 서구","20230622","20230821","13","20230823","20230818","군인특별공급 둔산 ","1","0","1","1","-","84B","3","Y"
"2023","645","경기 시흥시","20230622","20230703","13","20230705","20230630","청약자격확인 시흥 ","1","0","1","1","2BL","청약자격확인","27","Y"
"2023","644","경기 시흥시","20230622","20230703","13","20230705","20230630","군인특별공급 시흥 ","1","0","1","1","2BL","84A","5","Y"
"2023","644","경기 시흥시","20230622","20230703","13","20230705","20230630","군인특별공급 시흥 ","1","0","1","1","2BL","84C","1","Y"
"2023","644","경기 시흥시","20230622","20230703","13","20230705","20230630","군인특별공급 시흥 ","1","0","1","1","2BL","84B","3","Y"
"2023","643","경기 시흥시","20230622","20230703","13","20230705","20230630","청약자격확인 시흥 ","1","0","1","1","1BL","청약자격확인","36","Y"
"2023","642","경기 시흥시","20230622","20230703","13","20230705","20230630","군인특별공급 시흥 ","1","0","1","1","1BL","84A","6","Y"
"2023","642","경기 시흥시","20230622","20230703","13","20230705","20230630","군인특별공급 시흥 ","1","0","1","1","1BL","84C","2","Y"
"2023","642","경기 시흥시","20230622","20230703","13","20230705","20230630","군인특별공급 시흥 ","1","0","1","1","1BL","84B","3","Y"
"2023","641","서울 강동구","20230621","20230703","13","20230705","20230630","청약자격확인 둔촌 ","1","0","1","1","주택형","청약자격확인","1","Y"
"2023","640","서울 강동구","20230621","20230703","13","20230705","20230630","군인특별공급 둔촌 ","1","0","1","1","주택형","84","1","Y"
"2023","639","서울 동대문구","20230621","20230703","13","20230705","20230630","청약자격확인 청량리","1","0","1","1","주택형","주택형","5","Y"
"2023","638","서울 동대문구","20230621","20230703","13","20230705","20230630","군인특별공급 청량리","1","0","1","1","주택형","59B","1","Y"
"2023","638","서울 동대문구","20230621","20230703","13","20230705","20230630","군인특별공급 청량리","1","0","1","1","주택형","51A","1","Y"
"2023","637","광주 북구","20230619","20230622","10","20230623","20230615","군인특별공급 양산동","1","0","1","1","주택형","82A","3","Y"
"2023","701","서울 구로구","20230816","20230828","13","20230830","20230824","군인특별공급 개봉 ","1","0","1","1","-","59B","1","Y"
"2023","701","서울 구로구","20230816","20230828","13","20230830","20230824","군인특별공급 개봉 ","1","0","1","1","-","84B","1","Y"
"2023","701","서울 구로구","20230816","20230828","13","20230830","20230824","군인특별공급 개봉 ","1","0","1","1","-","84A","1","Y"
"2023","700","서울 동작구","20230816","20230828","13","20230830","20230816","청약자격확인 상도 ","1","0","1","1","-","-","23","Y"
"2023","699","서울 동작구","20230816","20230828","13","20230830","20230816","군인특별공급 상도 ","1","0","1","1","-","59A","4","Y"
"2023","699","서울 동작구","20230816","20230828","13","20230830","20230816","군인특별공급 상도 ","1","0","1","1","-","59B","1","Y"
"2023","699","서울 동작구","20230816","20230828","13","20230830","20230816","군인특별공급 상도 ","1","0","1","1","-","84B","3","Y"
"2023","699","서울 동작구","20230816","20230828","13","20230830","20230816","군인특별공급 상도 ","1","0","1","1","-","84A","4","Y"
"2023","699","서울 동작구","20230816","20230828","13","20230830","20230816","군인특별공급 상도 ","1","0","1","1","-","74A","3","Y"
"2023","698","전북 군산시","20230810","20230821","13","20230823","20230818","군인특별공급 군산 ","1","0","1","1","-","84A","1","Y"
"2023","697","광주 북구","20230810","20230904","13","20230906","20230901","군인특별공급 운암산","1","0","1","1","-","84A","3","Y"
"2023","697","광주 북구","20230810","20230904","13","20230906","20230901","군인특별공급 운암산","1","0","1","1","-","84D","1","Y"
"2023","697","광주 북구","20230810","20230904","13","20230906","20230901","군인특별공급 운암산","1","0","1","1","-","84C","1","Y"
"2023","697","광주 북구","20230810","20230904","13","20230906","20230901","군인특별공급 운암산","1","0","1","1","-","84B","1","Y"
"2023","696","인천 계양구","20230810","20230904","13","20230906","20230901","청약자격확인 제일풍","1","0","1","1","B","-","16","Y"
"2023","695","인천 계양구","20230810","20230904","13","20230906","20230901","군인특별공급 제일풍","1","0","1","1","B","75A","3","Y"
"2023","695","인천 계양구","20230810","20230904","13","20230906","20230901","군인특별공급 제일풍","1","0","1","1","B","84C","3","Y"
"2023","695","인천 계양구","20230810","20230904","13","20230906","20230901","군인특별공급 제일풍","1","0","1","1","B","84B","3","Y"
"2023","694","인천 계양구","20230810","20230904","13","20230906","20230901","청약자격확인 제일풍","1","0","1","1","A","-","23","Y"
"2023","693","인천 계양구","20230810","20230904","13","20230906","20230901","군인특별공급 제일풍","1","0","1","1","A","59A","2","Y"
"2023","693","인천 계양구","20230810","20230904","13","20230906","20230901","군인특별공급 제일풍","1","0","1","1","A","75A","5","Y"
"2023","693","인천 계양구","20230810","20230904","13","20230906","20230901","군인특별공급 제일풍","1","0","1","1","A","84B","1","Y"
"2023","693","인천 계양구","20230810","20230904","13","20230906","20230901","군인특별공급 제일풍","1","0","1","1","A","75C","2","Y"
"2023","693","인천 계양구","20230810","20230904","13","20230906","20230901","군인특별공급 제일풍","1","0","1","1","A","84A","1","Y"
"2023","693","인천 계양구","20230810","20230904","13","20230906","20230901","군인특별공급 제일풍","1","0","1","1","A","75B","2","Y"
"2023","692","경기 용인시","20230810","20230821","13","20230823","20230817","청약자격확인 용인 ","1","0","1","1","-","-","5","Y"
"2023","691","경기 용인시","20230810","20230821","13","20230823","20230817","군인특별공급 용인 ","1","0","1","1","-","84G","1","Y"
"2023","691","경기 용인시","20230810","20230821","13","20230823","20230817","군인특별공급 용인 ","1","0","1","1","-","84K","1","Y"
"2023","691","경기 용인시","20230810","20230821","13","20230823","20230817","군인특별공급 용인 ","1","0","1","1","-","84J","1","Y"
"2023","691","경기 용인시","20230810","20230821","13","20230823","20230817","군인특별공급 용인 ","1","0","1","1","-","84I","1","Y"
"2023","690","경기 광명시","20230810","20230821","13","20230823","20230818","청약자격확인 광명 ","1","0","1","1","2단지","-","2","Y"
"2023","689","경기 광명시","20230810","20230821","13","20230823","20230818","군인특별공급 광명 ","1","0","1","1","2단지","59B","1","Y"
"2023","688","경기 광명시","20230810","20230821","13","20230823","20230818","청약자격확인 광명 ","1","0","1","1","-","-","1","Y"
"2023","687","전남 장성군","20230802","20230814","10","20230817","20230811","군인특별공급 힐스테","1","0","1","1","A1BL","84B","4","Y"
"2023","687","전남 장성군","20230802","20230814","10","20230817","20230811","군인특별공급 힐스테","1","0","1","1","A1BL","84A","26","Y"
"2023","686","광주 광산구","20230802","20230828","13","20230830","20230824","군인특별공급 광산 ","1","0","1","1","-","84A","1","Y"
"2023","685","경기 고양시","20230802","20230814","10","20230817","20230810","청약자격확인 고양장","1","1","0","0","A-2BL","-","9","Y"
"2023","684","서울 영등포구","20230802","20230831","13","20230905","20230830","청약자격확인 서울대","1","1","0","0","-","-","1","Y"
"2023","683","경남 창원시","20230727","20230807","13","20230809","20230802","군인특별공급 부산신","1","0","1","1","-","59","1","Y"
"2023","683","경남 창원시","20230727","20230807","13","20230809","20230802","군인특별공급 부산신","1","0","1","1","-","84C","1","Y"
"2023","683","경남 창원시","20230727","20230807","13","20230809","20230802","군인특별공급 부산신","1","0","1","1","-","84B","1","Y"
"2023","683","경남 창원시","20230727","20230807","13","20230809","20230802","군인특별공급 부산신","1","0","1","1","-","84A","2","Y"
"2023","682","광주 서구","20230727","20230807","13","20230809","20230804","군인특별공급 위파크","1","0","1","1","-","84B","5","Y"
"2023","682","광주 서구","20230727","20230807","13","20230809","20230804","군인특별공급 위파크","1","0","1","1","-","84A","3","Y"
"2023","681","서울 동대문구","20230727","20230807","13","20230809","20230804","청약자격확인 래미안","1","0","1","1","-","-","27","Y"
"2023","680","서울 동대문구","20230727","20230807","13","20230809","20230804","군인특별공급 래미안","1","0","1","1","-","74A","1","Y"
"2023","680","서울 동대문구","20230727","20230807","13","20230809","20230804","군인특별공급 래미안","1","0","1","1","-","74C","2","Y"
"2023","680","서울 동대문구","20230727","20230807","13","20230809","20230804","군인특별공급 래미안","1","0","1","1","-","84A","3","Y"
"2023","680","서울 동대문구","20230727","20230807","13","20230809","20230804","군인특별공급 래미안","1","0","1","1","-","59B","2","Y"
"2023","680","서울 동대문구","20230727","20230807","13","20230809","20230804","군인특별공급 래미안","1","0","1","1","-","52","1","Y"
"2023","680","서울 동대문구","20230727","20230807","13","20230809","20230804","군인특별공급 래미안","1","0","1","1","-","55","2","Y"
"2023","680","서울 동대문구","20230727","20230807","13","20230809","20230804","군인특별공급 래미안","1","0","1","1","-","59A","5","Y"
"2023","680","서울 동대문구","20230727","20230807","13","20230809","20230804","군인특별공급 래미안","1","0","1","1","-","84B","1","Y"
"2023","679","강원 원주시","20230718","20230731","13","20230802","20230728","군인특별공급 원주 ","1","0","1","1","1BL","84B","7","Y"
"2023","679","강원 원주시","20230718","20230731","13","20230802","20230728","군인특별공급 원주 ","1","0","1","1","1BL","84A","9","Y"
"2023","678","인천 서구","20230718","20230925","13","20230927","20230922","청약자격확인 검단신","1","0","1","1","RC1","-","11","Y"
"2023","677","인천 서구","20230718","20230925","13","20230927","20230922","군인특별공급 검단신","1","0","1","1","RC1","84A","2","Y"
"2023","677","인천 서구","20230718","20230925","13","20230927","20230922","군인특별공급 검단신","1","0","1","1","RC1","84D","1","Y"
"2023","677","인천 서구","20230718","20230925","13","20230927","20230922","군인특별공급 검단신","1","0","1","1","RC1","84C","2","Y"
"2023","676","경기 시흥시","20230718","20230731","13","20230802","20230727","청약자격확인 효성해","1","0","1","1","-","-","2","Y"
"2023","675","경기 시흥시","20230718","20230731","13","20230802","20230727","군인특별공급 효성 ","1","0","1","1","-","56","2","Y"
"2023","674","경기 성남시","20230718","20230728","10","20230802","20230725","청약자격확인 성남 ","1","1","0","0","B","주택형","16","Y"
"2023","673","경기 성남시","20230718","20230728","10","20230802","20230725","군인특별공급 성남 ","1","1","0","0","B","36A","1","Y"
"2023","672","충남 천안시","20230713","20230724","13","20230726","20230721","군인특별공급 북천안","1","1","0","0","-","43A","1","Y"
"2023","672","충남 천안시","20230713","20230724","13","20230726","20230721","군인특별공급 북천안","1","1","0","0","-","72","1","Y"
"2023","672","충남 천안시","20230713","20230724","13","20230726","20230721","군인특별공급 북천안","1","1","0","0","-","59A","1","Y"
"2023","672","충남 천안시","20230713","20230724","13","20230726","20230721","군인특별공급 북천안","1","1","0","0","-","43B","1","Y"
"2023","671","인천 미추홀구","20230713","20230731","13","20230802","20230728","청약자격확인 포레나","1","0","1","1","-","-","7","Y"
"2023","670","인천 미추홀구","20230713","20230731","13","20230802","20230728","군인특별공급 포레나","1","0","1","1","-","49","1","Y"
"2023","670","인천 미추홀구","20230713","20230731","13","20230802","20230728","군인특별공급 포레나","1","0","1","1","-","59A","2","Y"
"2023","670","인천 미추홀구","20230713","20230731","13","20230802","20230728","군인특별공급 포레나","1","0","1","1","-","74A","1","Y"
"2023","670","인천 미추홀구","20230713","20230731","13","20230802","20230728","군인특별공급 포레나","1","0","1","1","-","59C","1","Y"
"2023","737","서울 강동구","20230920","20231016","13","20231018","20231012","군인특별공급 천호역","1","0","1","1","-","38B","1","Y"
"2023","736","강원 강릉시","20230913","20231010","09","20231012","20231006","군인특별공급 강릉 ","1","0","1","1","-","75","2","Y"
"2023","736","강원 강릉시","20230913","20231010","09","20231012","20231006","군인특별공급 강릉 ","1","0","1","1","-","84A","1","Y"
"2023","736","강원 강릉시","20230913","20231010","09","20231012","20231006","군인특별공급 강릉 ","1","0","1","1","-","84D","1","Y"
"2023","736","강원 강릉시","20230913","20231010","09","20231012","20231006","군인특별공급 강릉 ","1","0","1","1","-","84C","1","Y"
"2023","736","강원 강릉시","20230913","20231010","09","20231012","20231006","군인특별공급 강릉 ","1","0","1","1","-","84B","5","Y"
"2023","735","인천 서구","20230913","20230925","13","20230927","20230922","청약자격확인 e편한","1","0","1","1","AA10-1","-","8","Y"
"2023","734","인천 서구","20230913","20230925","13","20230927","20230922","청약자격확인 e편한","1","1","0","0","AA10-1","-","34","Y"
"2023","733","인천 서구","20230913","20230925","13","20230927","20230922","군인특별공급 e편한","1","1","0","0","AA10-1","59A","2","Y"
"2023","733","인천 서구","20230913","20230925","13","20230927","20230922","군인특별공급 e편한","1","1","0","0","AA10-1","84C","2","Y"
"2023","733","인천 서구","20230913","20230925","13","20230927","20230922","군인특별공급 e편한","1","1","0","0","AA10-1","84A","5","Y"
"2023","733","인천 서구","20230913","20230925","13","20230927","20230922","군인특별공급 e편한","1","1","0","0","AA10-1","59B","4","Y"
"2023","732","경기 오산시","20230913","20230925","13","20230927","20230922","청약자격확인 호반써","1","0","1","1","A13BL","-","25","Y"
"2023","731","경기 오산시","20230913","20230925","13","20230927","20230922","군인특별공급 호반써","1","0","1","1","A13BL","59B","4","Y"
"2023","731","경기 오산시","20230913","20230925","13","20230927","20230922","군인특별공급 호반써","1","0","1","1","A13BL","84P","1","Y"
"2023","731","경기 오산시","20230913","20230925","13","20230927","20230922","군인특별공급 호반써","1","0","1","1","A13BL","84","4","Y"
"2023","731","경기 오산시","20230913","20230925","13","20230927","20230922","군인특별공급 호반써","1","0","1","1","A13BL","59P","5","Y"
"2023","730","경기 부천시","20230913","20230925","13","20230927","20230922","청약자격확인 일루미","1","0","1","1","-","-","1","Y"
"2023","729","서울 동대문구","20230914","20230925","13","20230927","20230922","청약자격확인 e편한","1","1","0","0","-","-","3","Y"
"2023","728","전남 장성군","20230906","20230918","13","20230920","20230915","군인특별공급 첨단 ","1","0","1","1","A2BL","59A","17","Y"
"2023","728","전남 장성군","20230906","20230918","13","20230920","20230915","군인특별공급 첨단 ","1","0","1","1","A2BL","84B","2","Y"
"2023","728","전남 장성군","20230906","20230918","13","20230920","20230915","군인특별공급 첨단 ","1","0","1","1","A2BL","84A","13","Y"
"2023","728","전남 장성군","20230906","20230918","13","20230920","20230915","군인특별공급 첨단 ","1","0","1","1","A2BL","59B","5","Y"
"2023","727","강원 강릉시","20230906","20230925","13","20230927","20230920","군인특별공급 강릉자","1","0","1","1","-","84B","1","Y"
"2023","727","강원 강릉시","20230906","20230925","13","20230927","20230920","군인특별공급 강릉자","1","0","1","1","-","84A","1","Y"
"2023","726","광주 광산구","20230906","20230918","13","20230920","20230915","군인특별공급 선운2","1","0","1","1","B-2BL","84B","1","Y"
"2023","726","광주 광산구","20230906","20230918","13","20230920","20230915","군인특별공급 선운2","1","0","1","1","B-2BL","84A","4","Y"
"2023","725","경기 화성시","20230906","20231016","15","20231018","20231013","청약자격확인 동탄레","1","0","1","1","A-94BL","-","9","Y"
"2023","724","경기 화성시","20230906","20231016","15","20231018","20231013","청약자격확인 동탄레","1","1","0","0","A-94BL","-","27","Y"
"2023","723","경기 화성시","20230906","20231016","15","20231018","20231013","군인특별공급 동탄레","1","1","0","0","A-94BL","74A","1","Y"
"2023","723","경기 화성시","20230906","20231016","15","20231018","20231013","군인특별공급 동탄레","1","1","0","0","A-94BL","84C","3","Y"
"2023","723","경기 화성시","20230906","20231016","15","20231018","20231013","군인특별공급 동탄레","1","1","0","0","A-94BL","84B","2","Y"
"2023","723","경기 화성시","20230906","20231016","15","20231018","20231013","군인특별공급 동탄레","1","1","0","0","A-94BL","84A","3","Y"
"2023","722","서울 관악구","20230906","20230918","13","20230920","20230915","청약자격확인 힐스테","1","0","1","1","-","-","3","Y"
"2023","721","서울 관악구","20230906","20230918","13","20230920","20230915","군인특별공급 힐스테","1","0","1","1","-","59C","1","Y"
"2023","721","서울 관악구","20230906","20230918","13","20230920","20230915","군인특별공급 힐스테","1","0","1","1","-","59B","1","Y"
"2023","720","서울 강동구","20230906","20231016","13","20231018","20231013","청약자격확인 e편한","1","0","1","1","-","-","8","Y"
"2023","719","서울 강동구","20230906","20231016","13","20231018","20231013","군인특별공급 e편한","1","0","1","1","-","74C","1","Y"
"2023","719","서울 강동구","20230906","20231016","13","20231018","20231013","군인특별공급 e편한","1","0","1","1","-","74B","1","Y"
"2023","718","서울 성북구","20230906","20230918","13","20230920","20230915","청약자격확인 보문 ","1","0","1","1","-","-","2","Y"
"2023","717","서울 성북구","20230906","20230918","13","20230920","20230915","군인특별공급 보문 ","1","0","1","1","-","76","1","Y"
"2023","716","인천 연수구","20230830","20230926","09","20230927","20230925","청약자격확인 월드메","1","0","1","1","M-2-8-3~8B","-","4","Y"
"2023","715","인천 연수구","20230830","20230926","09","20230927","20230925","군인특별공급 월드메","1","0","1","1","M-2-8-3~8B","78","1","Y"
"2023","715","인천 연수구","20230830","20230926","09","20230927","20230925","군인특별공급 월드메","1","0","1","1","M-2-8-3~8B","84A","1","Y"
"2023","715","인천 연수구","20230830","20230926","09","20230927","20230925","군인특별공급 월드메","1","0","1","1","M-2-8-3~8B","83","1","Y"
"2023","714","울산 남구","20230830","20230911","13","20230913","20230908","군인특별공급 문수로","1","0","1","1","-","84A","3","Y"
"2023","714","울산 남구","20230830","20230911","13","20230913","20230908","군인특별공급 문수로","1","0","1","1","-","84C","3","Y"
"2023","714","울산 남구","20230830","20230911","13","20230913","20230908","군인특별공급 문수로","1","0","1","1","-","84B","3","Y"
"2023","713","부산 남구","20230830","20230911","13","20230913","20230908","군인특별공급 더 비","1","0","1","1","-","59A","1","Y"
"2023","713","부산 남구","20230830","20230911","13","20230913","20230908","군인특별공급 더 비","1","0","1","1","-","84B","1","Y"
"2023","713","부산 남구","20230830","20230911","13","20230913","20230908","군인특별공급 더 비","1","0","1","1","-","59C","1","Y"
"2023","713","부산 남구","20230830","20230911","13","20230913","20230908","군인특별공급 더 비","1","0","1","1","-","59B","1","Y"
"2023","712","경기 남양주시","20230830","20230911","13","20230913","20230907","청약자격확인 다산 ","1","0","1","1","-","-","4","Y"
"2023","711","경기 남양주시","20230830","20230911","13","20230913","20230907","군인특별공급 다산 ","1","0","1","1","-","59B","1","Y"
"2023","711","경기 남양주시","20230830","20230911","13","20230913","20230907","군인특별공급 다산 ","1","0","1","1","-","59A","1","Y"
"2023","710","경기 안양시","20230830","20231016","13","20231018","20231013","청약자격확인 안양 ","1","0","1","1","-","-","6","Y"
"2023","709","경기 안양시","20230830","20231016","13","20231018","20231013","군인특별공급 안양 ","1","0","1","1","-","59B","1","Y"
"2023","709","경기 안양시","20230830","20231016","13","20231018","20231013","군인특별공급 안양 ","1","0","1","1","-","59A","1","Y"
"2023","708","울산 중구","20230824","20231211","13","20231213","20231208","군인특별공급 다운 ","1","0","1","1","-","59B","1","Y"
"2023","708","울산 중구","20230824","20231211","13","20231213","20231208","군인특별공급 다운 ","1","0","1","1","-","84","1","Y"
"2023","708","울산 중구","20230824","20231211","13","20231213","20231208","군인특별공급 다운 ","1","0","1","1","-","67","1","Y"
"2023","707","경기 수원시","20230824","20230904","13","20230906","20230831","청약자격확인 오목천","1","0","1","1","-","-","6","Y"
"2023","706","경기 수원시","20230824","20230904","13","20230906","20230831","군인특별공급 오목천","1","0","1","1","-","84A","1","Y"
"2023","706","경기 수원시","20230824","20230904","13","20230906","20230831","군인특별공급 오목천","1","0","1","1","-","84C","1","Y"
"2023","706","경기 수원시","20230824","20230904","13","20230906","20230831","군인특별공급 오목천","1","0","1","1","-","84B","1","N"
"2023","705","경기 포천시","20230817","20230824","13","20230828","20230823","청약자격확인 포천 ","1","0","1","1","-","-","6","Y"
"2023","704","경기 포천시","20230817","20230824","13","20230828","20230823","군인특별공급 포천 ","1","0","1","1","-","59A","1","Y"
"2023","704","경기 포천시","20230817","20230824","13","20230828","20230823","군인특별공급 포천 ","1","0","1","1","-","84B","1","Y"
"2023","704","경기 포천시","20230817","20230824","13","20230828","20230823","군인특별공급 포천 ","1","0","1","1","-","59C","1","Y"
"2023","704","경기 포천시","20230817","20230824","13","20230828","20230823","군인특별공급 포천 ","1","0","1","1","-","59B","1","Y"
"2023","703","부산 부산진구","20230816","20230828","13","20230830","20230825","군인특별공급 부산범","1","1","0","0","1","51A","1","Y"
"2023","702","서울 구로구","20230816","20230828","13","20230830","20230824","청약자격확인 개봉 ","1","0","1","1","-","-","5","Y"
"2023","776","경기 이천시","20231012","20231023","13","20231025","20231020","군인특별공급 이천자","1","0","1","1","-","84A","1","Y"
"2023","776","경기 이천시","20231012","20231023","13","20231025","20231020","군인특별공급 이천자","1","0","1","1","-","84C","1","Y"
"2023","776","경기 이천시","20231012","20231023","13","20231025","20231020","군인특별공급 이천자","1","0","1","1","-","84B","1","Y"
"2023","775","경기 화성시","20231012","20231023","13","20231025","20231020","청약자격확인 동탄신","1","0","1","1","A57-2BL","-","20","Y"
"2023","774","경기 화성시","20231012","20231023","13","20231025","20231020","군인특별공급 동탄신","1","0","1","1","A57-2BL","74","1","Y"
"2023","774","경기 화성시","20231012","20231023","13","20231025","20231020","군인특별공급 동탄신","1","0","1","1","A57-2BL","84B","3","Y"
"2023","774","경기 화성시","20231012","20231023","13","20231025","20231020","군인특별공급 동탄신","1","0","1","1","A57-2BL","84A","3","Y"
"2023","773","경기 광명시","20231012","20231023","13","20231025","20231020","청약자격확인 철산자","1","0","1","1","-","-","11","Y"
"2023","772","경기 광명시","20231012","20231023","13","20231025","20231020","군인특별공급 철산자","1","0","1","1","-","59A","1","Y"
"2023","772","경기 광명시","20231012","20231023","13","20231025","20231020","군인특별공급 철산자","1","0","1","1","-","59E","1","Y"
"2023","772","경기 광명시","20231012","20231023","13","20231025","20231020","군인특별공급 철산자","1","0","1","1","-","59C","2","Y"
"2023","771","서울 동대문구","20231012","20231023","13","20231025","20231020","청약자격확인 이문 ","1","0","1","1","-","-","44","Y"
"2023","770","서울 동대문구","20231012","20231023","13","20231025","20231020","군인특별공급 이문 ","1","0","1","1","-","20A","1","Y"
"2023","770","서울 동대문구","20231012","20231023","13","20231025","20231020","군인특별공급 이문 ","1","0","1","1","-","59A","7","Y"
"2023","770","서울 동대문구","20231012","20231023","13","20231025","20231020","군인특별공급 이문 ","1","0","1","1","-","59B","7","Y"
"2023","770","서울 동대문구","20231012","20231023","13","20231025","20231020","군인특별공급 이문 ","1","0","1","1","-","59C","5","Y"
"2023","770","서울 동대문구","20231012","20231023","13","20231025","20231020","군인특별공급 이문 ","1","0","1","1","-","84D","1","Y"
"2023","770","서울 동대문구","20231012","20231023","13","20231025","20231020","군인특별공급 이문 ","1","0","1","1","-","84A","2","Y"
"2023","770","서울 동대문구","20231012","20231023","13","20231025","20231020","군인특별공급 이문 ","1","0","1","1","-","84B","1","Y"
"2023","770","서울 동대문구","20231012","20231023","13","20231025","20231020","군인특별공급 이문 ","1","0","1","1","-","84C","2","Y"
"2023","770","서울 동대문구","20231012","20231023","13","20231025","20231020","군인특별공급 이문 ","1","0","1","1","-","59E","1","Y"
"2023","769","경기 남양주시","20231011","20231012","13","20231013","20230926","청약자격확인 남양주","1","1","0","0","A6BL","-","8","Y"
"2023","768","경기 남양주시","20231011","20231012","13","20231013","20230922","청약자격확인 남양주","1","1","0","0","A6BL","-","11","Y"
"2023","767","경기 구리시","20231011","20231012","13","20231013","20230926","청약자격확인 구리 ","1","1","0","0","A4BL","-","8","Y"
"2023","766","경기 구리시","20231011","20231012","13","20231013","20230922","청약자격확인 구리 ","1","1","0","0","A4BL","-","6","Y"
"2023","765","전북 고창군","20231005","20231016","13","20231018","20231013","군인특별공급 고창 ","1","0","1","1","-","84B","1","Y"
"2023","764","부산 강서구","20231005","20231016","13","20231018","20231013","군인특별공급 중흥S","1","0","1","1","16BL","84A","3","Y"
"2023","764","부산 강서구","20231005","20231016","13","20231018","20231013","군인특별공급 중흥S","1","0","1","1","16BL","84B","1","Y"
"2023","764","부산 강서구","20231005","20231016","13","20231018","20231013","군인특별공급 중흥S","1","0","1","1","16BL","84C","1","Y"
"2023","763","경기 군포시","20231005","20231016","13","20231018","20231012","청약자격확인 금정역","1","0","1","1","-","-","3","Y"
"2023","762","경기 의왕시","20231005","20231031","13","20231102","20231030","청약자격확인 의왕 ","1","0","1","1","-","-","16","Y"
"2023","761","경기 의왕시","20231005","20231031","13","20231102","20231030","군인특별공급 의왕 ","1","0","1","1","-","84A","4","Y"
"2023","761","경기 의왕시","20231005","20231031","13","20231102","20231030","군인특별공급 의왕 ","1","0","1","1","-","59B","4","Y"
"2023","760","강원 춘천시","20230927","20231010","09","20231012","20231006","군인특별공급 더샵 ","1","0","1","1","-","39","1","Y"
"2023","760","강원 춘천시","20230927","20231010","09","20231012","20231006","군인특별공급 더샵 ","1","0","1","1","-","59","10","Y"
"2023","760","강원 춘천시","20230927","20231010","09","20231012","20231006","군인특별공급 더샵 ","1","0","1","1","-","84B","2","Y"
"2023","760","강원 춘천시","20230927","20231010","09","20231012","20231006","군인특별공급 더샵 ","1","0","1","1","-","75B","4","Y"
"2023","760","강원 춘천시","20230927","20231010","09","20231012","20231006","군인특별공급 더샵 ","1","0","1","1","-","84A","3","Y"
"2023","760","강원 춘천시","20230927","20231010","09","20231012","20231006","군인특별공급 더샵 ","1","0","1","1","-","75A","2","Y"
"2023","759","경북 구미시","20230927","20231010","09","20231012","20231006","군인특별공급 구미 ","1","0","1","1","-","84B","1","Y"
"2023","759","경북 구미시","20230927","20231010","09","20231012","20231006","군인특별공급 구미 ","1","0","1","1","-","84A","13","Y"
"2023","758","경기 광명시","20230927","20231010","09","20231012","20231006","청약자격확인 트리우","1","0","1","1","-","-","22","Y"
"2023","757","경기 광명시","20230927","20231010","09","20231012","20231006","군인특별공급 트리우","1","0","1","1","-","36","3","Y"
"2023","757","경기 광명시","20230927","20231010","09","20231012","20231006","군인특별공급 트리우","1","0","1","1","-","59A","1","Y"
"2023","757","경기 광명시","20230927","20231010","09","20231012","20231006","군인특별공급 트리우","1","0","1","1","-","84C","2","Y"
"2023","757","경기 광명시","20230927","20231010","09","20231012","20231006","군인특별공급 트리우","1","0","1","1","-","84B","5","Y"
"2023","757","경기 광명시","20230927","20231010","09","20231012","20231006","군인특별공급 트리우","1","0","1","1","-","84A","1","Y"
"2023","756","경기 안양시","20230927","20231010","09","20231012","20231006","청약자격확인 디오르","1","0","1","1","-","-","1","Y"
"2023","755","경기 안양시","20230927","20231010","09","20231012","20231006","군인특별공급 디오르","1","0","1","1","-","74A","1","Y"
"2023","754","경기 수원시","20230927","20231010","09","20231012","20231005","청약자격확인 힐스테","1","0","1","1","-","-","14","Y"
"2023","753","경기 수원시","20230927","20231010","09","20231012","20231005","군인특별공급 힐스테","1","0","1","1","-","84B","4","Y"
"2023","753","경기 수원시","20230927","20231010","09","20231012","20231005","군인특별공급 힐스테","1","0","1","1","-","84A","1","Y"
"2023","752","서울 강동구","20230927","20231010","09","20231012","20231005","청약자격확인 더샵 ","1","0","1","1","-","-","5","Y"
"2023","751","서울 강동구","20230927","20231010","09","20231012","20231005","군인특별공급 더샵 ","1","0","1","1","-","84C","1","Y"
"2023","751","서울 강동구","20230927","20231010","09","20231012","20231005","군인특별공급 더샵 ","1","0","1","1","-","59B","1","Y"
"2023","750","경기 파주시","20230927","20231010","09","20231012","20231005","청약자격확인 파주운","1","1","0","0","A22","-","3","Y"
"2023","749","경기 파주시","20230927","20231010","09","20231012","20231005","군인특별공급 파주운","1","1","0","0","A22","74","1","Y"
"2023","748","경남 거제시","20230920","20231106","13","20231108","20231103","군인특별공급 오션 ","1","0","1","1","-","59","1","Y"
"2023","748","경남 거제시","20230920","20231106","13","20231108","20231103","군인특별공급 오션 ","1","0","1","1","-","84","1","Y"
"2023","748","경남 거제시","20230920","20231106","13","20231108","20231103","군인특별공급 오션 ","1","0","1","1","-","73","2","Y"
"2023","747","인천 계양구","20230920","20231004","09","20231006","20230922","청약자격확인 인천계","1","1","0","0","A-6BL","-","18","Y"
"2023","746","인천 계양구","20230920","20231004","09","20231006","20230922","군인특별공급 인천계","1","1","0","0","A-6BL","74","1","Y"
"2023","746","인천 계양구","20230920","20231004","09","20231006","20230922","군인특별공급 인천계","1","1","0","0","A-6BL","59","1","Y"
"2023","745","경기 구리시","20230920","20231004","09","20231006","20230922","군인특별공급 구리 ","1","1","0","0","A4BL","59","1","Y"
"2023","744","경기 남양주시","20230920","20231004","09","20231006","20230926","군인특별공급 남양주","1","1","0","0","A6BL","59","1","Y"
"2023","743","경기 남양주시","20230920","20231004","09","20231006","20230922","군인특별공급 남양주","1","1","0","0","A6BL","59","1","Y"
"2023","742","경기 하남시","20230920","20231004","09","20231006","20230925","청약자격확인 하남교","1","1","0","0","A5BL","-","13","Y"
"2023","741","경기 안산시","20230920","20231004","09","20231006","20230925","청약자격확인 안산장","1","1","0","0","A12BL","-","13","Y"
"2023","740","경기 군포시","20230920","20231004","09","20231006","20230926","청약자격확인 군포대","1","1","0","0","A1BL","-","10","Y"
"2023","739","경기 군포시","20230920","20231004","09","20231006","20230926","군인특별공급 군포대","1","1","0","0","A1-BL","59","1","Y"
"2023","738","서울 강동구","20230920","20231016","13","20231018","20231012","청약자격확인 천호역","1","0","1","1","-","-","2","Y"
"2023","737","서울 강동구","20230920","20231016","13","20231018","20231012","군인특별공급 천호역","1","0","1","1","-","33C","1","Y"
"2023","805","경기 의정부시","20231026","20231106","13","20231108","20231031","군인특별공급 힐스테","1","0","1","1","-","84","1","Y"
"2023","805","경기 의정부시","20231026","20231106","13","20231108","20231031","군인특별공급 힐스테","1","0","1","1","-","59A","2","Y"
"2023","804","경기 용인시","20231026","20231108","13","20231110","20231106","청약자격확인 용인 ","1","0","1","1","-","-","10","Y"
"2023","803","경기 용인시","20231026","20231108","13","20231110","20231106","군인특별공급 용인 ","1","0","1","1","-","84A","3","Y"
"2023","803","경기 용인시","20231026","20231108","13","20231110","20231106","군인특별공급 용인 ","1","0","1","1","-","59A","2","Y"
"2023","803","경기 용인시","20231026","20231108","13","20231110","20231106","군인특별공급 용인 ","1","0","1","1","-","74","1","Y"
"2023","802","경기 파주시","20231026","20231106","13","20231108","20231102","청약자격확인 파주 ","1","0","1","1","-","-","12","Y"
"2023","801","경기 파주시","20231026","20231106","13","20231108","20231102","군인특별공급 파주 ","1","0","1","1","A21","84A","5","Y"
"2023","801","경기 파주시","20231026","20231106","13","20231108","20231102","군인특별공급 파주 ","1","0","1","1","A21","84B","2","Y"
"2023","800","서울 송파구","20231025","20231106","13","20231108","20231103","군인특별공급 힐스테","1","0","1","1","-","49B","2","Y"
"2023","800","서울 송파구","20231025","20231106","13","20231108","20231103","군인특별공급 힐스테","1","0","1","1","-","49A","1","Y"
"2023","800","서울 송파구","20231025","20231106","13","20231108","20231103","군인특별공급 힐스테","1","0","1","1","-","59B","1","Y"
"2023","799","울산 중구","20231020","20231218","13","20231220","20231215","군인특별공급 영우 ","1","0","1","1","-","84A","1","Y"
"2023","798","강원 춘천시","20231019","20231106","13","20231108","20231103","군인특별공급 춘천 ","1","0","1","1","-","59","1","Y"
"2023","798","강원 춘천시","20231019","20231106","13","20231108","20231103","군인특별공급 춘천 ","1","0","1","1","-","84B","2","Y"
"2023","798","강원 춘천시","20231019","20231106","13","20231108","20231103","군인특별공급 춘천 ","1","0","1","1","-","84A","7","Y"
"2023","797","경기 양주시","20231019","20231030","13","20231101","20231027","청약자격확인 회천중","1","0","1","1","A12","2","18","Y"
"2023","796","경기 양주시","20231019","20231030","13","20231101","20231027","군인특별공급 회천중","1","0","1","1","A12","84A","3","Y"
"2023","796","경기 양주시","20231019","20231030","13","20231101","20231027","군인특별공급 회천중","1","0","1","1","A12","84C","1","Y"
"2023","796","경기 양주시","20231019","20231030","13","20231101","20231027","군인특별공급 회천중","1","0","1","1","A12","84B","3","Y"
"2023","795","경기 김포시","20231019","20231030","13","20231101","20231026","청약자격확인 고촌센","1","0","1","1","-","-","38","Y"
"2023","794","경기 김포시","20231019","20231030","13","20231101","20231026","군인특별공급 고촌센","1","0","1","1","-","76B","2","Y"
"2023","794","경기 김포시","20231019","20231030","13","20231101","20231026","군인특별공급 고촌센","1","0","1","1","-","63","2","Y"
"2023","794","경기 김포시","20231019","20231030","13","20231101","20231026","군인특별공급 고촌센","1","0","1","1","-","84B","8","Y"
"2023","794","경기 김포시","20231019","20231030","13","20231101","20231026","군인특별공급 고촌센","1","0","1","1","-","84A","11","Y"
"2023","793","인천 계양구","20231019","20231228","10","20240103","20231222","청약자격확인 두산위","1","0","1","1","-","-","18","Y"
"2023","792","인천 계양구","20231019","20231228","10","20240103","20231222","군인특별공급 두산위","1","0","1","1","-","49","2","Y"
"2023","792","인천 계양구","20231019","20231228","10","20240103","20231222","군인특별공급 두산위","1","0","1","1","-","59B","2","Y"
"2023","792","인천 계양구","20231019","20231228","10","20240103","20231222","군인특별공급 두산위","1","0","1","1","-","59A","7","Y"
"2023","791","인천 서구","20231019","20231128","13","20231130","20231127","청약자격확인 제일풍","1","0","1","1","AA22","-","31","Y"
"2023","790","인천 서구","20231019","20231128","13","20231130","20231127","군인특별공급 제일풍","1","0","1","1","AA22","84A","5","Y"
"2023","790","인천 서구","20231019","20231128","13","20231130","20231127","군인특별공급 제일풍","1","0","1","1","AA22","84C","1","Y"
"2023","790","인천 서구","20231019","20231128","13","20231130","20231127","군인특별공급 제일풍","1","0","1","1","AA22","84B","2","Y"
"2023","789","서울 도봉구","20231019","20231030","13","20231101","20231027","청약자격확인 도봉 ","1","0","1","1","-","-","4","Y"
"2023","788","서울 도봉구","20231019","20231030","13","20231101","20231027","군인특별공급 도봉 ","1","0","1","1","-","75A","1","Y"
"2023","788","서울 도봉구","20231019","20231030","13","20231101","20231027","군인특별공급 도봉 ","1","0","1","1","-","84C","1","Y"
"2023","788","서울 도봉구","20231019","20231030","13","20231101","20231027","군인특별공급 도봉 ","1","0","1","1","-","84B","1","Y"
"2023","787","충남 논산시","20231012","20231023","13","20231025","20231020","군인특별공급 논산 ","1","0","1","1","-","84B","2","Y"
"2023","787","충남 논산시","20231012","20231023","13","20231025","20231020","군인특별공급 논산 ","1","0","1","1","-","84A","7","Y"
"2023","786","충남 아산시","20231012","20231023","13","20231025","20231020","군인특별공급 탕정 ","1","0","1","1","C2","59A","2","Y"
"2023","786","충남 아산시","20231012","20231023","13","20231025","20231020","군인특별공급 탕정 ","1","0","1","1","C2","59B","1","Y"
"2023","786","충남 아산시","20231012","20231023","13","20231025","20231020","군인특별공급 탕정 ","1","0","1","1","C2","59C","1","Y"
"2023","786","충남 아산시","20231012","20231023","13","20231025","20231020","군인특별공급 탕정 ","1","0","1","1","C2","74A","2","Y"
"2023","786","충남 아산시","20231012","20231023","13","20231025","20231020","군인특별공급 탕정 ","1","0","1","1","C2","84D","2","Y"
"2023","786","충남 아산시","20231012","20231023","13","20231025","20231020","군인특별공급 탕정 ","1","0","1","1","C2","74C","1","Y"
"2023","786","충남 아산시","20231012","20231023","13","20231025","20231020","군인특별공급 탕정 ","1","0","1","1","C2","84A","1","Y"
"2023","786","충남 아산시","20231012","20231023","13","20231025","20231020","군인특별공급 탕정 ","1","0","1","1","C2","84B","2","Y"
"2023","786","충남 아산시","20231012","20231023","13","20231025","20231020","군인특별공급 탕정 ","1","0","1","1","C2","84C","1","Y"
"2023","786","충남 아산시","20231012","20231023","13","20231025","20231020","군인특별공급 탕정 ","1","0","1","1","C2","74B","1","Y"
"2023","785","전북 군산시","20231012","20231023","13","20231025","20231019","군인특별공급 군산 ","1","0","1","1","-","84A","1","Y"
"2023","785","전북 군산시","20231012","20231023","13","20231025","20231019","군인특별공급 군산 ","1","0","1","1","-","84D","1","Y"
"2023","785","전북 군산시","20231012","20231023","13","20231025","20231019","군인특별공급 군산 ","1","0","1","1","-","84C","1","Y"
"2023","785","전북 군산시","20231012","20231023","13","20231025","20231019","군인특별공급 군산 ","1","0","1","1","-","84B","1","Y"
"2023","784","대전 서구","20231012","20231023","13","20231025","20231020","군인특별공급 관저 ","1","0","1","1","A2","84A","2","Y"
"2023","784","대전 서구","20231012","20231023","13","20231025","20231020","군인특별공급 관저 ","1","0","1","1","A2","84C","1","Y"
"2023","784","대전 서구","20231012","20231023","13","20231025","20231020","군인특별공급 관저 ","1","0","1","1","A2","84B","1","Y"
"2023","783","대전 서구","20231012","20231023","13","20231025","20231020","군인특별공급 관저 ","1","0","1","1","A1","84A","2","Y"
"2023","783","대전 서구","20231012","20231023","13","20231025","20231020","군인특별공급 관저 ","1","0","1","1","A1","84C","1","Y"
"2023","783","대전 서구","20231012","20231023","13","20231025","20231020","군인특별공급 관저 ","1","0","1","1","A1","84B","1","Y"
"2023","782","울산 울주군","20231012","20231023","13","20231025","20231020","군인특별공급 울산 ","1","0","1","1","B2","84B","1","Y"
"2023","782","울산 울주군","20231012","20231023","13","20231025","20231020","군인특별공급 울산 ","1","0","1","1","B2","84A","8","Y"
"2023","781","경기 의정부시","20231012","20231030","13","20231101","20231027","청약자격확인 의정부","1","0","1","1","-","-","19","Y"
"2023","780","경기 의정부시","20231012","20231030","13","20231101","20231027","군인특별공급 의정부","1","0","1","1","-","84A","4","Y"
"2023","780","경기 의정부시","20231012","20231030","13","20231101","20231027","군인특별공급 의정부","1","0","1","1","-","84D","1","Y"
"2023","780","경기 의정부시","20231012","20231030","13","20231101","20231027","군인특별공급 의정부","1","0","1","1","-","84C","2","Y"
"2023","780","경기 의정부시","20231012","20231030","13","20231101","20231027","군인특별공급 의정부","1","0","1","1","-","84B","1","Y"
"2023","779","경기 의정부시","20231012","20231030","13","20231101","20231027","청약자격확인 더샵 ","1","0","1","1","-","-","42","Y"
"2023","778","경기 의정부시","20231012","20231030","13","20231101","20231027","군인특별공급 더샵 ","1","0","1","1","-","84A","3","Y"
"2023","778","경기 의정부시","20231012","20231030","13","20231101","20231027","군인특별공급 더샵 ","1","0","1","1","-","84D","3","Y"
"2023","778","경기 의정부시","20231012","20231030","13","20231101","20231027","군인특별공급 더샵 ","1","0","1","1","-","84C","5","Y"
"2023","778","경기 의정부시","20231012","20231030","13","20231101","20231027","군인특별공급 더샵 ","1","0","1","1","-","84B","7","Y"
"2023","777","경기 이천시","20231012","20231023","13","20231025","20231020","청약자격확인 이천자","1","0","1","1","-","-","17","Y"
"2023","833","광주 북구","20231115","20231218","13","20231220","20231215","군인특별공급 연제첨","1","0","1","1","-","84","5","Y"
"2023","833","광주 북구","20231115","20231218","13","20231220","20231215","군인특별공급 연제첨","1","0","1","1","-","74","2","N"
"2023","832","부산 강서구","20231115","20231127","13","20231129","20231124","군인특별공급 부산 ","1","0","1","1","13BL","59A","2","Y"
"2023","832","부산 강서구","20231115","20231127","13","20231129","20231124","군인특별공급 부산 ","1","0","1","1","13BL","84B","5","Y"
"2023","832","부산 강서구","20231115","20231127","13","20231129","20231124","군인특별공급 부산 ","1","0","1","1","13BL","84A","6","Y"
"2023","832","부산 강서구","20231115","20231127","13","20231129","20231124","군인특별공급 부산 ","1","0","1","1","13BL","59B","2","Y"
"2023","831","인천 미추홀구","20231115","20231127","13","20231129","20231123","청약자격확인 e편한","1","0","1","1","-","-","13","Y"
"2023","830","인천 미추홀구","20231115","20231127","13","20231129","20231123","군인특별공급 e편한","1","0","1","1","-","59A","3","Y"
"2023","830","인천 미추홀구","20231115","20231127","13","20231129","20231123","군인특별공급 e편한","1","0","1","1","-","74B","1","Y"
"2023","830","인천 미추홀구","20231115","20231127","13","20231129","20231123","군인특별공급 e편한","1","0","1","1","-","74A","2","Y"
"2023","829","인천 서구","20231115","20231127","13","20231129","20231124","청약자격확인 왕길역","1","0","1","1","-","-","45","Y"
"2023","828","인천 서구","20231115","20231127","13","20231129","20231124","군인특별공급 왕길역","1","0","1","1","-","59A","2","Y"
"2023","828","인천 서구","20231115","20231127","13","20231129","20231124","군인특별공급 왕길역","1","0","1","1","-","59B","2","Y"
"2023","828","인천 서구","20231115","20231127","13","20231129","20231124","군인특별공급 왕길역","1","0","1","1","-","74A","2","Y"
"2023","828","인천 서구","20231115","20231127","13","20231129","20231124","군인특별공급 왕길역","1","0","1","1","-","84C","1","Y"
"2023","828","인천 서구","20231115","20231127","13","20231129","20231124","군인특별공급 왕길역","1","0","1","1","-","84A","2","Y"
"2023","828","인천 서구","20231115","20231127","13","20231129","20231124","군인특별공급 왕길역","1","0","1","1","-","84B","2","Y"
"2023","828","인천 서구","20231115","20231127","13","20231129","20231124","군인특별공급 왕길역","1","0","1","1","-","74B","2","Y"
"2023","827","경기 수원시","20231115","20231218","13","20231220","20231215","청약자격확인 매교역","1","0","1","1","-","-","37","Y"
"2023","826","경기 수원시","20231115","20231218","13","20231220","20231215","군인특별공급 매교역","1","0","1","1","-","59C","2","Y"
"2023","826","경기 수원시","20231115","20231218","13","20231220","20231215","군인특별공급 매교역","1","0","1","1","-","71A","4","Y"
"2023","826","경기 수원시","20231115","20231218","13","20231220","20231215","군인특별공급 매교역","1","0","1","1","-","71B","1","Y"
"2023","826","경기 수원시","20231115","20231218","13","20231220","20231215","군인특별공급 매교역","1","0","1","1","-","84A","13","Y"
"2023","826","경기 수원시","20231115","20231218","13","20231220","20231215","군인특별공급 매교역","1","0","1","1","-","84B","1","Y"
"2023","826","경기 수원시","20231115","20231218","13","20231220","20231215","군인특별공급 매교역","1","0","1","1","-","59B","1","Y"
"2023","825","서울 마포구","20231115","20231127","13","20231129","20231124","청약자격확인 마포 ","1","0","1","1","-","-","3","Y"
"2023","824","서울 마포구","20231115","20231127","13","20231129","20231124","군인특별공급 마포 ","1","0","1","1","-","74","1","Y"
"2023","824","서울 마포구","20231115","20231127","13","20231129","20231124","군인특별공급 마포 ","1","0","1","1","-","49","1","Y"
"2023","823","강원 강릉시","20231113","20231127","13","20231129","20231124","군인특별공급 강릉 ","1","0","1","1","-","84A","4","Y"
"2023","823","강원 강릉시","20231113","20231127","13","20231129","20231124","군인특별공급 강릉 ","1","0","1","1","-","84B","2","Y"
"2023","822","대전 서구","20231108","20231120","13","20231122","20231117","군인특별공급 도마 ","1","0","1","1","-","84","2","Y"
"2023","822","대전 서구","20231108","20231120","13","20231122","20231117","군인특별공급 도마 ","1","0","1","1","-","74A","1","Y"
"2023","822","대전 서구","20231108","20231120","13","20231122","20231117","군인특별공급 도마 ","1","0","1","1","-","59A","5","Y"
"2023","822","대전 서구","20231108","20231120","13","20231122","20231117","군인특별공급 도마 ","1","0","1","1","-","59B","2","Y"
"2023","822","대전 서구","20231108","20231120","13","20231122","20231117","군인특별공급 도마 ","1","0","1","1","-","74B","2","Y"
"2023","821","울산 남구","20231108","20240102","13","20240104","20231229","군인특별공급 문수로","1","0","1","1","-","84A","2","Y"
"2023","821","울산 남구","20231108","20240102","13","20240104","20231229","군인특별공급 문수로","1","0","1","1","-","84B","2","Y"
"2023","820","부산 남구","20231108","20231120","13","20231122","20231116","군인특별공급 해링턴","1","0","1","1","-","59B","1","Y"
"2023","820","부산 남구","20231108","20231120","13","20231122","20231116","군인특별공급 해링턴","1","0","1","1","-","84T","1","Y"
"2023","820","부산 남구","20231108","20231120","13","20231122","20231116","군인특별공급 해링턴","1","0","1","1","-","84C","4","Y"
"2023","820","부산 남구","20231108","20231120","13","20231122","20231116","군인특별공급 해링턴","1","0","1","1","-","73","2","Y"
"2023","820","부산 남구","20231108","20231120","13","20231122","20231116","군인특별공급 해링턴","1","0","1","1","-","59C","3","Y"
"2023","820","부산 남구","20231108","20231120","13","20231122","20231116","군인특별공급 해링턴","1","0","1","1","-","59A","4","Y"
"2023","820","부산 남구","20231108","20231120","13","20231122","20231116","군인특별공급 해링턴","1","0","1","1","-","84A","4","Y"
"2023","820","부산 남구","20231108","20231120","13","20231122","20231116","군인특별공급 해링턴","1","0","1","1","-","59T","1","Y"
"2023","819","경기 오산시","20231108","20231127","13","20231129","20231124","청약자격확인 오산세","1","0","1","1","A3BL","-","32","Y"
"2023","818","경기 오산시","20231108","20231127","13","20231129","20231124","군인특별공급 오산세","1","0","1","1","A3BL","84A","7","Y"
"2023","818","경기 오산시","20231108","20231127","13","20231129","20231124","군인특별공급 오산세","1","0","1","1","A3BL","84B","7","Y"
"2023","818","경기 오산시","20231108","20231127","13","20231129","20231124","군인특별공급 오산세","1","0","1","1","A3BL","68","2","Y"
"2023","817","인천 중구","20231108","20231120","13","20231122","20231117","청약자격확인 운서역","1","0","1","1","A14BL","-","9","Y"
"2023","816","인천 중구","20231108","20231120","13","20231122","20231117","군인특별공급 운서역","1","0","1","1","A14BL","84B","2","Y"
"2023","816","인천 중구","20231108","20231120","13","20231122","20231117","군인특별공급 운서역","1","0","1","1","A14BL","84A","1","Y"
"2023","815","경기 부천시","20231108","20231128","13","20231130","20231127","청약자격확인 소사역","1","0","1","1","-","-","29","Y"
"2023","814","경기 부천시","20231108","20231128","13","20231130","20231127","군인특별공급 소사역","1","0","1","1","-","84C","3","Y"
"2023","814","경기 부천시","20231108","20231128","13","20231130","20231127","군인특별공급 소사역","1","0","1","1","-","84A","5","Y"
"2023","814","경기 부천시","20231108","20231128","13","20231130","20231127","군인특별공급 소사역","1","0","1","1","-","59","3","Y"
"2023","814","경기 부천시","20231108","20231128","13","20231130","20231127","군인특별공급 소사역","1","0","1","1","-","84B","7","Y"
"2023","813","경기 부천시","20231101","20231101","16","20231101","20231023","청약자격확인 부천J","1","0","1","1","-","-","2","Y"
"2023","812","전북 임실군","20231031","20231120","13","20231122","20231117","군인특별공급 임실 ","1","0","1","1","-","84","2","Y"
"2023","811","경북 안동시","20231031","20231113","13","20231115","20231109","군인특별공급 위파크","1","0","1","1","-","84B","2","Y"
"2023","811","경북 안동시","20231031","20231113","13","20231115","20231109","군인특별공급 위파크","1","0","1","1","-","84A","7","Y"
"2023","810","부산 남구","20231031","20231113","13","20231115","20231110","군인특별공급 문현 ","1","1","0","0","1BL","74B","1","Y"
"2023","810","부산 남구","20231031","20231113","13","20231115","20231110","군인특별공급 문현 ","1","1","0","0","1BL","74A","2","Y"
"2023","810","부산 남구","20231031","20231113","13","20231115","20231110","군인특별공급 문현 ","1","1","0","0","1BL","59A","2","Y"
"2023","810","부산 남구","20231031","20231113","13","20231115","20231110","군인특별공급 문현 ","1","1","0","0","1BL","67","1","Y"
"2023","809","경기 파주시","20231031","20231113","13","20231115","20231110","청약자격확인 파주 ","1","0","1","1","A46BL","-","11","Y"
"2023","808","경기 파주시","20231031","20231113","13","20231115","20231110","군인특별공급 파주 ","1","0","1","1","A46BL","84A","1","Y"
"2023","807","충남 아산시","20231026","20231211","13","20231213","20231208","군인특별공급 아산 ","1","0","1","1","-","84B","2","Y"
"2023","807","충남 아산시","20231026","20231211","13","20231213","20231208","군인특별공급 아산 ","1","0","1","1","-","84A","3","Y"
"2023","806","경기 의정부시","20231026","20231106","13","20231108","20231031","청약자격확인 힐스테","1","0","1","1","-","-","24","Y"
"2023","805","경기 의정부시","20231026","20231106","13","20231108","20231031","군인특별공급 힐스테","1","0","1","1","-","36","1","Y"
"2023","805","경기 의정부시","20231026","20231106","13","20231108","20231031","군인특별공급 힐스테","1","0","1","1","-","59C","2","Y"
"2023","868","경기 광명시","20231213","20231226","13","20231228","20231222","청약자격확인 광명 ","1","0","1","1","-","-","19","Y"
"2023","867","경기 광명시","20231213","20231226","13","20231228","20231222","군인특별공급 광명 ","1","0","1","1","-","34A","1","Y"
"2023","867","경기 광명시","20231213","20231226","13","20231228","20231222","군인특별공급 광명 ","1","0","1","1","-","39A","1","Y"
"2023","867","경기 광명시","20231213","20231226","13","20231228","20231222","군인특별공급 광명 ","1","0","1","1","-","84A","1","Y"
"2023","867","경기 광명시","20231213","20231226","13","20231228","20231222","군인특별공급 광명 ","1","0","1","1","-","59A","1","Y"
"2023","867","경기 광명시","20231213","20231226","13","20231228","20231222","군인특별공급 광명 ","1","0","1","1","-","71B","1","Y"
"2023","867","경기 광명시","20231213","20231226","13","20231228","20231222","군인특별공급 광명 ","1","0","1","1","-","51","1","Y"
"2023","866","경기 부천시","20231213","20231226","13","20231228","20231222","청약자격확인 역곡역","1","0","1","1","-","-","1","Y"
"2023","865","경기 부천시","20231213","20231226","13","20231228","20231222","군인특별공급 역곡역","1","0","1","1","-","51A","1","Y"
"2023","864","경남 김해시","20231206","20231218","13","20231220","20231215","군인특별공급 김해 ","1","0","1","1","-","84A","2","Y"
"2023","864","경남 김해시","20231206","20231218","13","20231220","20231215","군인특별공급 김해 ","1","0","1","1","-","84C","5","Y"
"2023","864","경남 김해시","20231206","20231218","13","20231220","20231215","군인특별공급 김해 ","1","0","1","1","-","84B","1","Y"
"2023","863","부산 동래구","20231206","20231218","13","20231220","20231215","군인특별공급 동래 ","1","0","1","1","-","65","1","Y"
"2023","862","경기 양주시","20231206","20231226","13","20231228","20231220","청약자격확인 덕계산","1","0","1","1","-","-","1","Y"
"2023","861","경기 평택시","20231206","20231218","13","20231220","20231215","청약자격확인 지제역","1","0","1","1","1BL","-","40","Y"
"2023","860","경기 평택시","20231206","20231218","13","20231220","20231215","군인특별공급 지제역","1","0","1","1","1BL","84B","2","Y"
"2023","860","경기 평택시","20231206","20231218","13","20231220","20231215","군인특별공급 지제역","1","0","1","1","1BL","84A","18","Y"
"2023","859","서울 강동구","20231206","20231218","13","20231220","20231215","청약자격확인 에스아","1","0","1","1","-","-","2","Y"
"2023","858","서울 강동구","20231206","20231218","13","20231220","20231215","군인특별공급 에스아","1","0","1","1","-","39A","1","Y"
"2023","857","울산 남구","20231130","20240228","10","20240229","20240223","군인특별공급 e편한","1","0","1","1","-","84A","2","Y"
"2023","857","울산 남구","20231130","20240228","10","20240229","20240223","군인특별공급 e편한","1","0","1","1","-","84C","1","Y"
"2023","857","울산 남구","20231130","20240228","10","20240229","20240223","군인특별공급 e편한","1","0","1","1","-","84B","1","Y"
"2023","856","충남 아산시","20231130","20231226","13","20231228","20231222","군인특별공급 더샵 ","1","0","1","1","A-4BL","84A","14","Y"
"2023","856","충남 아산시","20231130","20231226","13","20231228","20231222","군인특별공급 더샵 ","1","0","1","1","A-4BL","84C","3","Y"
"2023","856","충남 아산시","20231130","20231226","13","20231228","20231222","군인특별공급 더샵 ","1","0","1","1","A-4BL","84B","6","Y"
"2023","855","충북 청주시","20231130","20231211","13","20231213","20231208","군인특별공급 동일하","1","0","1","1","-","84B","4","Y"
"2023","855","충북 청주시","20231130","20231211","13","20231213","20231208","군인특별공급 동일하","1","0","1","1","-","84D","1","Y"
"2023","855","충북 청주시","20231130","20231211","13","20231213","20231208","군인특별공급 동일하","1","0","1","1","-","84C","4","Y"
"2023","854","대전 동구","20231130","20231211","13","20231213","20231208","군인특별공급 힐스테","1","0","1","1","-","84","1","Y"
"2023","853","경기 평택시","20231130","20231218","13","20231220","20231215","청약자격확인 평택 ","1","0","1","1","1BL","-","59","Y"
"2023","852","경기 평택시","20231130","20231218","13","20231220","20231215","군인특별공급 평택 ","1","0","1","1","1BL","59A","10","Y"
"2023","852","경기 평택시","20231130","20231218","13","20231220","20231215","군인특별공급 평택 ","1","0","1","1","1BL","59B","2","Y"
"2023","852","경기 평택시","20231130","20231218","13","20231220","20231215","군인특별공급 평택 ","1","0","1","1","1BL","84C","2","Y"
"2023","852","경기 평택시","20231130","20231218","13","20231220","20231215","군인특별공급 평택 ","1","0","1","1","1BL","84B","3","Y"
"2023","852","경기 평택시","20231130","20231218","13","20231220","20231215","군인특별공급 평택 ","1","0","1","1","1BL","84A","20","Y"
"2023","851","경기 고양시","20231130","20231211","13","20231213","20231208","청약자격확인 고양 ","1","0","1","1","B-1BL","-","35","Y"
"2023","850","경기 고양시","20231130","20231211","13","20231213","20231208","군인특별공급 고양 ","1","0","1","1","B-1BL","84A","14","Y"
"2023","850","경기 고양시","20231130","20231211","13","20231213","20231208","군인특별공급 고양 ","1","0","1","1","B-1BL","84C","3","Y"
"2023","850","경기 고양시","20231130","20231211","13","20231213","20231208","군인특별공급 고양 ","1","0","1","1","B-1BL","84B","7","Y"
"2023","849","경기 파주시","20231130","20231211","13","20231213","20231207","청약자격확인 파주 ","1","0","1","1","A33BL","-","15","Y"
"2023","848","경기 파주시","20231130","20231211","13","20231213","20231207","군인특별공급 파주 ","1","0","1","1","A33BL","84B","1","Y"
"2023","848","경기 파주시","20231130","20231211","13","20231213","20231207","군인특별공급 파주 ","1","0","1","1","A33BL","84A","4","Y"
"2023","847","경기 파주시","20231130","20231211","13","20231213","20231208","청약자격확인 힐스테","1","0","1","1","1,2BL","-","22","Y"
"2023","846","경기 파주시","20231130","20231211","13","20231213","20231208","군인특별공급 힐스테","1","0","1","1","1,2BL","84A","2","Y"
"2023","846","경기 파주시","20231130","20231211","13","20231213","20231208","군인특별공급 힐스테","1","0","1","1","1,2BL","84C","3","Y"
"2023","846","경기 파주시","20231130","20231211","13","20231213","20231208","군인특별공급 힐스테","1","0","1","1","1,2BL","84B","2","Y"
"2023","845","경북 영주시","20231122","20231211","13","20231213","20231206","군인특별공급 영주자","1","0","1","1","-","84C","2","Y"
"2023","845","경북 영주시","20231122","20231211","13","20231213","20231206","군인특별공급 영주자","1","0","1","1","-","84A","4","Y"
"2023","844","충남 아산시","20231122","20231206","13","20231208","20231204","군인특별공급 아산탕","1","0","1","1","2-A12BL","84B","1","Y"
"2023","844","충남 아산시","20231122","20231206","13","20231208","20231204","군인특별공급 아산탕","1","0","1","1","2-A12BL","84A","1","Y"
"2023","843","(일정연기 추후재공","20231122","20241231","13","20241231","20241231","(일정연기 추후재공","1","0","1","1","-","59A","1","Y"
"2023","842","경기 이천시","20231122","20231204","13","20231206","20231130","청약자격확인 이천중","1","0","1","1","B1","-","23","Y"
"2023","841","경기 이천시","20231122","20231204","13","20231206","20231130","군인특별공급 이천중","1","0","1","1","B1","84B","1","Y"
"2023","841","경기 이천시","20231122","20231204","13","20231206","20231130","군인특별공급 이천중","1","0","1","1","B1","84A","7","Y"
"2023","840","경기 안산시","20231122","20231211","13","20231213","20231208","청약자격확인 롯데캐","1","0","1","1","-","-","15","Y"
"2023","839","경기 안산시","20231122","20231211","13","20231213","20231208","군인특별공급 롯데캐","1","0","1","1","-","59A","3","Y"
"2023","839","경기 안산시","20231122","20231211","13","20231213","20231208","군인특별공급 롯데캐","1","0","1","1","-","59C","3","Y"
"2023","839","경기 안산시","20231122","20231211","13","20231213","20231208","군인특별공급 롯데캐","1","0","1","1","-","59B","2","Y"
"2023","838","서울 성동구","20231122","20231204","13","20231206","20231201","청약자격확인 청계리","1","0","1","1","-","-","24","Y"
"2023","837","서울 성동구","20231122","20231204","13","20231206","20231201","군인특별공급 청계리","1","0","1","1","-","59A","5","Y"
"2023","837","서울 성동구","20231122","20231204","13","20231206","20231201","군인특별공급 청계리","1","0","1","1","-","59B","1","Y"
"2023","837","서울 성동구","20231122","20231204","13","20231206","20231201","군인특별공급 청계리","1","0","1","1","-","78","3","Y"
"2023","837","서울 성동구","20231122","20231204","13","20231206","20231201","군인특별공급 청계리","1","0","1","1","-","73","6","Y"
"2023","837","서울 성동구","20231122","20231204","13","20231206","20231201","군인특별공급 청계리","1","0","1","1","-","59C","1","Y"
"2023","836","충북 청주시","20231116","20231127","13","20231129","20231124","군인특별공급 가경 ","1","0","1","1","-","84","4","Y"
"2023","835","충남 서산시","20231115","20231204","13","20231206","20231130","군인특별공급 서산 ","1","0","1","1","-","84A","1","Y"
"2023","835","충남 서산시","20231115","20231204","13","20231206","20231130","군인특별공급 서산 ","1","0","1","1","-","84C","1","Y"
"2023","835","충남 서산시","20231115","20231204","13","20231206","20231130","군인특별공급 서산 ","1","0","1","1","-","84B","2","Y"
"2023","834","충북 청주시","20231115","20231127","13","20231129","20231123","군인특별공급 청주 ","1","0","1","1","-","84C","1","Y"
"2023","834","충북 청주시","20231115","20231127","13","20231129","20231123","군인특별공급 청주 ","1","0","1","1","-","84B","3","Y"
"2023","834","충북 청주시","20231115","20231127","13","20231129","20231123","군인특별공급 청주 ","1","0","1","1","-","84A","9","Y"
"2023","833","광주 북구","20231115","20231218","13","20231220","20231215","군인특별공급 연제첨","1","0","1","1","-","79","2","Y"
"2024","10","경기 부천시","20240110","20240129","13","20240131","20240126","군인특별공급 송내역","1","0","1","1","-","59A","1","Y"
"2024","9","경기 부천시","20240103","20240111","10","20240116","20240104","청약자격확인 부천대","1","1","0","0","A9","-","15","Y"
"2024","8","경기 부천시","20240103","20240111","10","20240116","20240104","군인특별공급 부천대","1","1","0","0","A9","84","1","Y"
"2024","8","경기 부천시","20240103","20240111","10","20240116","20240104","군인특별공급 부천대","1","1","0","0","A9","59","1","Y"
"2024","7","광주 북구","20240103","20240207","10","20240208","20240206","군인특별공급 위파크","1","0","1","1","-","84A","6","Y"
"2024","7","광주 북구","20240103","20240207","10","20240208","20240206","군인특별공급 위파크","1","0","1","1","-","84C","1","Y"
"2024","7","광주 북구","20240103","20240207","10","20240208","20240206","군인특별공급 위파크","1","0","1","1","-","84B","6","Y"
"2024","6","경기 수원시","20240103","20240122","13","20240124","20240118","청약자격확인 서광교","1","0","1","1","-","-","8","Y"
"2024","5","경기 수원시","20240103","20240122","13","20240124","20240118","군인특별공급 서광교","1","0","1","1","-","84D","1","Y"
"2024","5","경기 수원시","20240103","20240122","13","20240124","20240118","군인특별공급 서광교","1","0","1","1","-","84C","1","Y"
"2024","4","경기 의정부시","20240103","20240115","13","20240117","20240111","청약자격확인 e편한","1","0","1","1","-","-","12","Y"
"2024","3","경기 의정부시","20240103","20240115","13","20240117","20240111","군인특별공급 e편한","1","0","1","1","-","59A","1","Y"
"2024","3","경기 의정부시","20240103","20240115","13","20240117","20240111","군인특별공급 e편한","1","0","1","1","-","59B","1","Y"
"2024","3","경기 의정부시","20240103","20240115","13","20240117","20240111","군인특별공급 e편한","1","0","1","1","-","84B","1","Y"
"2024","3","경기 의정부시","20240103","20240115","13","20240117","20240111","군인특별공급 e편한","1","0","1","1","-","74","2","Y"
"2024","3","경기 의정부시","20240103","20240115","13","20240117","20240111","군인특별공급 e편한","1","0","1","1","-","59C","2","Y"
"2024","2","서울 광진구","20240103","20240115","13","20240117","20240112","청약자격확인 포제스","1","0","1","1","-","-","4","Y"
"2024","1","서울 광진구","20240103","20240115","13","20240117","20240112","군인특별공급 포제스","1","0","1","1","-","84","1","Y"
"2023","902","강원 강릉시","20231228","20240108","13","20240110","20240105","군인특별공급 강릉 ","1","0","1","1","-","84B","1","Y"
"2023","902","강원 강릉시","20231228","20240108","13","20240110","20240105","군인특별공급 강릉 ","1","0","1","1","-","84A","2","Y"
"2023","901","부산 금정구","20231228","20240226","13","20240228","20240223","군인특별공급 더샵 ","1","0","1","1","-","84B","1","Y"
"2023","900","경기 수원시","20231221","20240115","13","20240117","20240103","청약자격확인 수원당","1","1","0","0","B3","-","12","Y"
"2023","899","경기 화성시","20231221","20240115","13","20240117","20240104","청약자격확인 화성동","1","1","0","0","C14","-","15","Y"
"2023","898","경기 화성시","20231221","20240115","13","20240117","20240104","군인특별공급 화성동","1","1","0","0","C14","84","1","Y"
"2023","898","경기 화성시","20231221","20240115","13","20240117","20240104","군인특별공급 화성동","1","1","0","0","C14","52","1","Y"
"2023","897","경기 남양주시","20231221","20240111","10","20240116","20240103","청약자격확인 남양주","1","1","0","0","A7","-","15","Y"
"2023","896","경기 남양주시","20231221","20240111","10","20240116","20240103","청약자격확인 남양주","1","1","0","0","A2","-","12","Y"
"2023","895","경기 고양시","20231221","20240111","10","20240116","20240104","청약자격확인 고양창","1","1","0","0","A1","-","18","Y"
"2023","894","경기 고양시","20231221","20240111","10","20240116","20240103","청약자격확인 고양창","1","1","0","0","S3","-","9","Y"
"2023","893","경기 고양시","20231221","20240111","10","20240116","20240104","군인특별공급 고양창","1","1","0","0","A1","59","1","Y"
"2023","892","서울 동작구","20231221","20240111","10","20240116","20231229","청약자격확인 서울대","1","1","0","0","A1","-","24","Y"
"2023","891","서울 동작구","20231221","20240111","10","20240116","20231229","군인특별공급 서울대","1","1","0","0","A1","59","2","Y"
"2023","890","경기 안양시","20231221","20240108","13","20240110","20231229","(취소)청약자격확인","1","1","0","0","A2","-","8","Y"
"2023","889","경기 안양시","20231221","20240108","13","20240110","20231229","(취소)군인특별공급","1","1","0","0","A2","84","2","Y"
"2023","888","경기 안성시","20231220","20240102","13","20240104","20231229","청약자격확인 안성 ","1","0","1","1","-","-","14","Y"
"2023","887","경기 안성시","20231220","20240102","01","20240104","20231229","군인특별공급 안성 ","1","0","1","1","-","74A","2","Y"
"2023","887","경기 안성시","20231220","20240102","01","20240104","20231229","군인특별공급 안성 ","1","0","1","1","-","84B","1","Y"
"2023","887","경기 안성시","20231220","20240102","01","20240104","20231229","군인특별공급 안성 ","1","0","1","1","-","84A","3","Y"
"2023","886","충북 제천시","20231219","20240102","13","20240104","20231229","군인특별공급 제천 ","1","0","1","1","-","46B","3","Y"
"2023","886","충북 제천시","20231219","20240102","13","20240104","20231229","군인특별공급 제천 ","1","0","1","1","-","46A","1","Y"
"2023","885","울산 남구","20231219","20240205","13","20240207","20240131","군인특별공급 e편한","1","0","1","1","-","84C","1","Y"
"2023","885","울산 남구","20231219","20240205","13","20240207","20240131","군인특별공급 e편한","1","0","1","1","-","84A","2","Y"
"2023","884","인천 서구","20231219","20240115","13","20240117","20240110","청약자격확인 제일풍","1","0","1","1","AB20-1BL","-","11","Y"
"2023","883","인천 서구","20231219","20240115","13","20240117","20240110","군인특별공급 제일풍","1","0","1","1","AB20-1BL","84B","1","Y"
"2023","883","인천 서구","20231219","20240115","13","20240117","20240110","군인특별공급 제일풍","1","0","1","1","AB20-1BL","84A","2","Y"
"2023","882","인천 서구","20231219","20240102","13","20240104","20231229","청약자격확인 인천 ","1","0","1","1","AB20-2BL","-","21","Y"
"2023","881","인천 서구","20231219","20240102","13","20240104","20231229","군인특별공급 인천 ","1","0","1","1","AB20-2BL","72B","1","Y"
"2023","881","인천 서구","20231219","20240102","13","20240104","20231229","군인특별공급 인천 ","1","0","1","1","AB20-2BL","84B","1","Y"
"2023","881","인천 서구","20231219","20240102","13","20240104","20231229","군인특별공급 인천 ","1","0","1","1","AB20-2BL","84A","3","Y"
"2023","880","경기 용인시","20231219","20240102","13","20240104","20231229","청약자격확인 영통역","1","0","1","1","-","-","14","Y"
"2023","879","경기 용인시","20231219","20240102","13","20240104","20231229","군인특별공급 영통역","1","0","1","1","-","84A","3","Y"
"2023","879","경기 용인시","20231219","20240102","13","20240104","20231229","군인특별공급 영통역","1","0","1","1","-","84C","1","Y"
"2023","879","경기 용인시","20231219","20240102","13","20240104","20231229","군인특별공급 영통역","1","0","1","1","-","84B","1","Y"
"2023","878","인천 서구","20231219","20240108","13","20240110","20240103","청약자격확인 인천가","1","1","0","0","A-2","-","8","Y"
"2023","877","경기 성남시","20231219","20240102","13","20240104","20231227","청약자격확인 위례A","1","1","0","0","A2-7BL","-","2","Y"
"2023","876","서울 노원구","20231219","20240102","13","20240104","20231229","청약자격확인 서울공","1","1","0","0","-","-","4","Y"
"2023","875","충남 보령시","20231215","20231218","13","20231220","20231215","군인특별공급 보령 ","1","0","1","1","-","84A","6","Y"
"2023","875","충남 보령시","20231215","20231218","13","20231220","20231215","군인특별공급 보령 ","1","0","1","1","-","84C","3","Y"
"2023","875","충남 보령시","20231215","20231218","13","20231220","20231215","군인특별공급 보령 ","1","0","1","1","-","84B","1","Y"
"2023","874","경기 안성시","20231214","20231218","13","20231220","20231214","청약자격확인 안성당","1","0","1","1","B-1","-","29","Y"
"2023","873","경기 안성시","20231214","20231218","13","20231220","20231214","군인특별공급 안성당","1","0","1","1","B-1","84B","6","Y"
"2023","873","경기 안성시","20231214","20231218","13","20231220","20231214","군인특별공급 안성당","1","0","1","1","B-1","84A","12","Y"
"2023","872","강원 춘천시","20231213","20231226","13","20231228","20231222","군인특별공급 쌍용 ","1","0","1","1","-","84A","1","Y"
"2023","872","강원 춘천시","20231213","20231226","13","20231228","20231222","군인특별공급 쌍용 ","1","0","1","1","-","84F","1","Y"
"2023","872","강원 춘천시","20231213","20231226","13","20231228","20231222","군인특별공급 쌍용 ","1","0","1","1","-","84E","1","Y"
"2023","872","강원 춘천시","20231213","20231226","13","20231228","20231222","군인특별공급 쌍용 ","1","0","1","1","-","84D","1","Y"
"2023","871","강원 원주시","20231213","20240122","13","20240124","20240119","군인특별공급 e편한","1","0","1","1","-","84B","1","Y"
"2023","871","강원 원주시","20231213","20240122","13","20240124","20240119","군인특별공급 e편한","1","0","1","1","-","84A","2","Y"
"2023","870","광주 광산구","20231213","20240115","13","20240117","20240109","군인특별공급 어등산","1","0","1","1","-","79A","1","Y"
"2023","869","부산 사상구","20231213","20231226","13","20231228","20231222","군인특별공급 보해 ","1","0","1","1","-","70A","1","Y"
"2023","869","부산 사상구","20231213","20231226","13","20231228","20231222","군인특별공급 보해 ","1","0","1","1","-","75C","1","Y"
"2023","869","부산 사상구","20231213","20231226","13","20231228","20231222","군인특별공급 보해 ","1","0","1","1","-","75A","1","Y"
"2023","869","부산 사상구","20231213","20231226","13","20231228","20231222","군인특별공급 보해 ","1","0","1","1","-","70B","1","Y"
"2024","44","충북 청주시","20240207","20240228","10","20240229","20240228","군인특별공급 힐스테","1","0","1","1","-","84B","2","Y"
"2024","44","충북 청주시","20240207","20240228","10","20240229","20240228","군인특별공급 힐스테","1","0","1","1","-","79D","1","Y"
"2024","44","충북 청주시","20240207","20240228","10","20240229","20240228","군인특별공급 힐스테","1","0","1","1","-","79B","7","Y"
"2024","43","전북 전주시","20240207","20240219","13","20240221","20240216","군인특별공급 서신 ","1","0","1","1","-","59B","1","Y"
"2024","43","전북 전주시","20240207","20240219","13","20240221","20240216","군인특별공급 서신 ","1","0","1","1","-","84B","1","Y"
"2024","43","전북 전주시","20240207","20240219","13","20240221","20240216","군인특별공급 서신 ","1","0","1","1","-","84A","7","Y"
"2024","43","전북 전주시","20240207","20240219","13","20240221","20240216","군인특별공급 서신 ","1","0","1","1","-","73B","1","Y"
"2024","42","경기 이천시","20240207","20240304","13","20240306","20240228","청약자격확인 롯데캐","1","0","1","1","-","-","12","Y"
"2024","41","경기 이천시","20240207","20240304","13","20240306","20240228","군인특별공급 롯데캐","1","0","1","1","-","84A","3","Y"
"2024","41","경기 이천시","20240207","20240304","13","20240306","20240228","군인특별공급 롯데캐","1","0","1","1","-","84C","3","Y"
"2024","41","경기 이천시","20240207","20240304","13","20240306","20240228","군인특별공급 롯데캐","1","0","1","1","-","84B","3","Y"
"2024","40","경기 고양시","20240207","20240219","13","20240221","20240216","청약자격확인 휴먼빌","1","0","1","1","3BL","-","16","Y"
"2024","39","경기 고양시","20240207","20240219","13","20240221","20240216","군인특별공급 휴먼빌","1","0","1","1","3BL","84B","5","Y"
"2024","39","경기 고양시","20240207","20240219","13","20240221","20240216","군인특별공급 휴먼빌","1","0","1","1","3BL","84A","6","Y"
"2024","38","경기 평택시","20240207","20240227","10","20240229","20240223","청약자격확인 평택 ","1","0","1","1","9-2BL","-","25","Y"
"2024","37","경기 평택시","20240207","20240227","10","20240229","20240223","군인특별공급 평택 ","1","0","1","1","9-2BL","74A","2","Y"
"2024","37","경기 평택시","20240207","20240227","10","20240229","20240223","군인특별공급 평택 ","1","0","1","1","9-2BL","74B","2","Y"
"2024","37","경기 평택시","20240207","20240227","10","20240229","20240223","군인특별공급 평택 ","1","0","1","1","9-2BL","84C","2","Y"
"2024","37","경기 평택시","20240207","20240227","10","20240229","20240223","군인특별공급 평택 ","1","0","1","1","9-2BL","84B","2","Y"
"2024","37","경기 평택시","20240207","20240227","10","20240229","20240223","군인특별공급 평택 ","1","0","1","1","9-2BL","84A","8","Y"
"2024","36","경기 광주시","20240131","20240221","13","20240223","20240220","청약자격확인 광주 ","1","0","1","1","A2","-","1","Y"
"2024","35","경기 광주시","20240131","20240221","13","20240223","20240220","청약자격확인 광주 ","1","0","1","1","A1","-","1","Y"
"2024","34","경기 광주시","20240131","20240221","13","20240223","20240220","군인특별공급 광주 ","1","0","1","1","A2","59E","1","Y"
"2024","33","경기 성남시","20240131","20240213","10","20240215","20240208","청약자격확인 판교T","1","0","1","1","B2,B3","-","6","Y"
"2024","32","광주 서구","20240124","20240219","13","20240221","20240215","군인특별공급 상무 ","1","0","1","1","-","84A","1","Y"
"2024","31","광주 남구","20240124","20240219","13","20240221","20240216","군인특별공급 송암공","1","0","1","1","-","84A","12","Y"
"2024","31","광주 남구","20240124","20240219","13","20240221","20240216","군인특별공급 송암공","1","0","1","1","-","84C","4","Y"
"2024","31","광주 남구","20240124","20240219","13","20240221","20240216","군인특별공급 송암공","1","0","1","1","-","84B","9","Y"
"2024","30","대구 서구","20240124","20240205","13","20240207","20240202","군인특별공급 반고개","1","0","1","1","-","84B","1","Y"
"2024","30","대구 서구","20240124","20240205","13","20240207","20240202","군인특별공급 반고개","1","0","1","1","-","84A","4","Y"
"2024","29","(일정연기 추후재공","20240117","20241231","13","20241231","20241231","(일정연기 추후재공","1","0","1","1","-","-","2","Y"
"2024","28","(일정연기 추후재공","20240117","20241231","13","20241231","20241231","(일정연기 추후재공","1","0","1","1","-","59B","1","Y"
"2024","27","충남 공주시","20240117","20240129","13","20240131","20240125","군인특별공급 공주월","1","0","1","1","B-4BL","84","4","Y"
"2024","26","전남 장성군","20240117","20240129","13","20240131","20240126","군인특별공급 장성 ","1","0","1","1","-","80A","2","Y"
"2024","26","전남 장성군","20240117","20240129","13","20240131","20240126","군인특별공급 장성 ","1","0","1","1","-","84A","2","Y"
"2024","26","전남 장성군","20240117","20240129","13","20240131","20240126","군인특별공급 장성 ","1","0","1","1","-","84D","2","Y"
"2024","26","전남 장성군","20240117","20240129","13","20240131","20240126","군인특별공급 장성 ","1","0","1","1","-","84C","2","Y"
"2024","26","전남 장성군","20240117","20240129","13","20240131","20240126","군인특별공급 장성 ","1","0","1","1","-","84B","1","Y"
"2024","25","경북 포항시","20240117","20240129","13","20240131","20240126","군인특별공급 힐스테","1","0","1","1","-","84A","13","Y"
"2024","25","경북 포항시","20240117","20240129","13","20240131","20240126","군인특별공급 힐스테","1","0","1","1","-","84C","3","Y"
"2024","25","경북 포항시","20240117","20240129","13","20240131","20240126","군인특별공급 힐스테","1","0","1","1","-","84B","2","Y"
"2024","24","울산 울주군","20240117","20240429","13","20240501","20240426","군인특별공급 온양발","1","0","1","1","-","68","2","Y"
"2024","23","광주 북구","20240117","20240129","13","20240131","20240126","군인특별공급 힐스테","1","0","1","1","3BL","84B","4","Y"
"2024","23","광주 북구","20240117","20240129","13","20240131","20240126","군인특별공급 힐스테","1","0","1","1","3BL","84A","4","Y"
"2024","22","광주 북구","20240117","20240129","13","20240131","20240126","군인특별공급 힐스테","1","0","1","1","2BL","84A","2","Y"
"2024","22","광주 북구","20240117","20240129","13","20240131","20240126","군인특별공급 힐스테","1","0","1","1","2BL","84E","2","Y"
"2024","22","광주 북구","20240117","20240129","13","20240131","20240126","군인특별공급 힐스테","1","0","1","1","2BL","84B","5","Y"
"2024","21","부산 부산진구","20240117","20240129","13","20240131","20240126","군인특별공급 두산위","1","0","1","1","-","76","1","Y"
"2024","21","부산 부산진구","20240117","20240129","13","20240131","20240126","군인특별공급 두산위","1","0","1","1","-","75","1","Y"
"2024","20","부산 수영구","20240117","20240129","13","20240131","20240126","군인특별공급 테넌바","1","0","1","1","-","84B","1","Y"
"2024","20","부산 수영구","20240117","20240129","13","20240131","20240126","군인특별공급 테넌바","1","0","1","1","-","84A","1","Y"
"2024","19","부산 수영구","20240117","20240129","13","20240131","20240126","군인특별공급 테넌바","1","0","1","1","-","84A","2","Y"
"2024","18","경기 수원시","20240117","20240213","10","20240215","20240207","청약자격확인 영통자","1","0","1","1","-","-","17","Y"
"2024","17","경기 수원시","20240117","20240213","10","20240215","20240207","군인특별공급 영통자","1","0","1","1","-","84A","3","Y"
"2024","17","경기 수원시","20240117","20240213","10","20240215","20240207","군인특별공급 영통자","1","0","1","1","-","84D","1","Y"
"2024","17","경기 수원시","20240117","20240213","10","20240215","20240207","군인특별공급 영통자","1","0","1","1","-","84C","2","Y"
"2024","17","경기 수원시","20240117","20240213","10","20240215","20240207","군인특별공급 영통자","1","0","1","1","-","84B","1","Y"
"2024","16","서울 서초구","20240117","20240129","13","20240131","20240126","군인특별공급 메이플","1","0","1","1","-","43A","1","Y"
"2024","16","서울 서초구","20240117","20240129","13","20240131","20240126","군인특별공급 메이플","1","0","1","1","-","49B","1","Y"
"2024","16","서울 서초구","20240117","20240129","13","20240131","20240126","군인특별공급 메이플","1","0","1","1","-","49A","1","Y"
"2024","16","서울 서초구","20240117","20240129","13","20240131","20240126","군인특별공급 메이플","1","0","1","1","-","43B","1","Y"
"2024","15","전남 광양시","20240110","20240122","13","20240124","20240119","군인특별공급 더샵 ","1","0","1","1","-","84A","10","Y"
"2024","15","전남 광양시","20240110","20240122","13","20240124","20240119","군인특별공급 더샵 ","1","0","1","1","-","84C","2","Y"
"2024","15","전남 광양시","20240110","20240122","13","20240124","20240119","군인특별공급 더샵 ","1","0","1","1","-","84B","1","Y"
"2024","14","충남 홍성군","20240110","20240122","13","20240124","20240119","군인특별공급 홍성2","1","0","1","1","-","84","3","Y"
"2024","13","경기 평택시","20240110","20240129","13","20240131","20240126","청약자격확인 평택 ","1","0","1","1","5BL","-","14","Y"
"2024","12","경기 평택시","20240110","20240129","13","20240131","20240126","군인특별공급 평택 ","1","0","1","1","5BL","59A","2","Y"
"2024","12","경기 평택시","20240110","20240129","13","20240131","20240126","군인특별공급 평택 ","1","0","1","1","5BL","59B","1","Y"
"2024","12","경기 평택시","20240110","20240129","13","20240131","20240126","군인특별공급 평택 ","1","0","1","1","5BL","84C","1","Y"
"2024","12","경기 평택시","20240110","20240129","13","20240131","20240126","군인특별공급 평택 ","1","0","1","1","5BL","84B","1","Y"
"2024","12","경기 평택시","20240110","20240129","13","20240131","20240126","군인특별공급 평택 ","1","0","1","1","5BL","84A","6","Y"
"2024","11","경기 부천시","20240110","20240129","13","20240131","20240126","청약자격확인 송내역","1","0","1","1","-","-","7","Y"
"2024","10","경기 부천시","20240110","20240129","13","20240131","20240126","군인특별공급 송내역","1","0","1","1","-","59C","1","Y"
"2024","82","대전 동구","20240221","20240304","13","20240306","20240229","군인특별공급 대전 ","1","0","1","1","-","84B","1","Y"
"2024","82","대전 동구","20240221","20240304","13","20240306","20240229","군인특별공급 대전 ","1","0","1","1","-","77B","1","Y"
"2024","82","대전 동구","20240221","20240304","13","20240306","20240229","군인특별공급 대전 ","1","0","1","1","-","77A","2","Y"
"2024","82","대전 동구","20240221","20240304","13","20240306","20240229","군인특별공급 대전 ","1","0","1","1","-","59B","1","Y"
"2024","82","대전 동구","20240221","20240304","13","20240306","20240229","군인특별공급 대전 ","1","0","1","1","-","59A","5","Y"
"2024","82","대전 동구","20240221","20240304","13","20240306","20240229","군인특별공급 대전 ","1","0","1","1","-","84A","1","Y"
"2024","81","인천 연수구","20240221","20240304","13","20240306","20240229","청약자격확인 송도자","1","0","1","1","RM6BL","-","18","Y"
"2024","80","인천 연수구","20240221","20240304","13","20240306","20240229","청약자격확인 송도자","1","0","1","1","RM5BL","-","15","Y"
"2024","79","인천 연수구","20240221","20240304","13","20240306","20240229","청약자격확인 송도자","1","0","1","1","RM4BL","-","17","Y"
"2024","78","인천 연수구","20240221","20240304","13","20240306","20240229","청약자격확인 송도자","1","0","1","1","RC10BL","-","16","Y"
"2024","77","인천 연수구","20240221","20240304","13","20240306","20240229","청약자격확인 송도자","1","0","1","1","RC11BL","-","14","Y"
"2024","76","인천 연수구","20240221","20240304","13","20240306","20240229","군인특별공급 송도자","1","0","1","1","RM6BL","84A","1","Y"
"2024","76","인천 연수구","20240221","20240304","13","20240306","20240229","군인특별공급 송도자","1","0","1","1","RM6BL","84B","2","Y"
"2024","76","인천 연수구","20240221","20240304","13","20240306","20240229","군인특별공급 송도자","1","0","1","1","RM6BL","84C","2","Y"
"2024","75","인천 연수구","20240221","20240304","13","20240306","20240229","군인특별공급 송도자","1","0","1","1","RM5BL","84B","2","Y"
"2024","74","인천 연수구","20240221","20240304","13","20240306","20240229","군인특별공급 송도자","1","0","1","1","RM4BL","84C","2","Y"
"2024","74","인천 연수구","20240221","20240304","13","20240306","20240229","군인특별공급 송도자","1","0","1","1","RM4BL","84A","1","Y"
"2024","74","인천 연수구","20240221","20240304","13","20240306","20240229","군인특별공급 송도자","1","0","1","1","RM4BL","84B","1","Y"
"2024","73","인천 연수구","20240221","20240304","13","20240306","20240229","군인특별공급 송도자","1","0","1","1","RC10BL","84A","3","Y"
"2024","73","인천 연수구","20240221","20240304","13","20240306","20240229","군인특별공급 송도자","1","0","1","1","RC10BL","84E","1","Y"
"2024","73","인천 연수구","20240221","20240304","13","20240306","20240229","군인특별공급 송도자","1","0","1","1","RC10BL","84B","1","Y"
"2024","72","인천 연수구","20240221","20240304","13","20240306","20240229","군인특별공급 송도자","1","0","1","1","RC11BL","84E","1","Y"
"2024","72","인천 연수구","20240221","20240304","13","20240306","20240229","군인특별공급 송도자","1","0","1","1","RC11BL","84A","3","Y"
"2024","71","경기 이천시","20240221","20240304","13","20240306","20240228","청약자격확인 이천 ","1","0","1","1","-","-","10","Y"
"2024","70","경기 이천시","20240221","20240304","13","20240306","20240228","군인특별공급 이천 ","1","0","1","1","-","84A","1","Y"
"2024","70","경기 이천시","20240221","20240304","13","20240306","20240228","군인특별공급 이천 ","1","0","1","1","-","84C","2","Y"
"2024","70","경기 이천시","20240221","20240304","13","20240306","20240228","군인특별공급 이천 ","1","0","1","1","-","84B","4","Y"
"2024","69","경기 평택시","20240221","20240304","13","20240306","20240229","청약자격확인 지제역","1","0","1","1","3BL","-","36","Y"
"2024","68","경기 평택시","20240221","20240304","13","20240306","20240229","군인특별공급 지제역","1","0","1","1","3BL","84B","3","Y"
"2024","68","경기 평택시","20240221","20240304","13","20240306","20240229","군인특별공급 지제역","1","0","1","1","3BL","84A","12","Y"
"2024","67","경기 안산시","20240221","20240304","13","20240306","20240229","청약자격확인 한화포","1","0","1","1","-","-","5","Y"
"2024","66","경기 안산시","20240221","20240304","13","20240306","20240229","군인특별공급 한화포","1","0","1","1","-","59","1","Y"
"2024","66","경기 안산시","20240221","20240304","13","20240306","20240229","군인특별공급 한화포","1","0","1","1","-","53","1","Y"
"2024","65","경기 안양시","20240221","20240304","13","20240306","20240229","청약자격확인 e편한","1","0","1","1","-","-","13","Y"
"2024","64","경기 안양시","20240221","20240304","13","20240306","20240229","군인특별공급 e편한","1","0","1","1","84A","-","1","Y"
"2024","64","경기 안양시","20240221","20240304","13","20240306","20240229","군인특별공급 e편한","1","0","1","1","74B","-","1","Y"
"2024","64","경기 안양시","20240221","20240304","13","20240306","20240229","군인특별공급 e편한","1","0","1","1","59A","-","3","Y"
"2024","64","경기 안양시","20240221","20240304","13","20240306","20240229","군인특별공급 e편한","1","0","1","1","84C","-","1","Y"
"2024","63","경기 성남시","20240221","20240304","13","20240306","20240229","청약자격확인 분당 ","1","1","0","0","-","-","7","Y"
"2024","62","경기 성남시","20240221","20240304","13","20240306","20240229","군인특별공급 분당 ","1","1","0","0","-","74","1","Y"
"2024","62","경기 성남시","20240221","20240304","13","20240306","20240229","군인특별공급 분당 ","1","1","0","0","-","84C","1","Y"
"2024","62","경기 성남시","20240221","20240304","13","20240306","20240229","군인특별공급 분당 ","1","1","0","0","-","84B","1","Y"
"2024","62","경기 성남시","20240221","20240304","13","20240306","20240229","군인특별공급 분당 ","1","1","0","0","-","84A","1","Y"
"2024","61","경남 밀양시","20240214","20240226","13","20240228","20240223","군인특별공급 삼문 ","1","0","1","1","-","84A","3","Y"
"2024","60","광주 광산구","20240214","20240226","13","20240228","20240223","군인특별공급 첨단 ","1","0","1","1","-","84A","8","Y"
"2024","60","광주 광산구","20240214","20240226","13","20240228","20240223","군인특별공급 첨단 ","1","0","1","1","-","84C","2","Y"
"2024","60","광주 광산구","20240214","20240226","13","20240228","20240223","군인특별공급 첨단 ","1","0","1","1","-","84B","4","Y"
"2024","59","울산 남구","20240214","20240226","13","20240228","20240223","군인특별공급 힐스테","1","0","1","1","-","84A","5","Y"
"2024","59","울산 남구","20240214","20240226","13","20240228","20240223","군인특별공급 힐스테","1","0","1","1","-","84C","1","Y"
"2024","59","울산 남구","20240214","20240226","13","20240228","20240223","군인특별공급 힐스테","1","0","1","1","-","84B","5","Y"
"2024","58","경기 용인시","20240214","20240304","13","20240306","20240228","청약자격확인 역북 ","1","0","1","1","-","-","4","Y"
"2024","57","경기 용인시","20240214","20240304","13","20240306","20240228","군인특별공급 역북 ","1","0","1","1","-","84A","1","Y"
"2024","57","경기 용인시","20240214","20240304","13","20240306","20240228","군인특별공급 역북 ","1","0","1","1","-","59B","1","Y"
"2024","56","경기 용인시","20240214","20240304","13","20240306","20240229","청약자격확인 두산위","1","0","1","1","-","-","17","Y"
"2024","55","경기 용인시","20240214","20240304","13","20240306","20240229","군인특별공급 두산위","1","0","1","1","-","59B","1","Y"
"2024","55","경기 용인시","20240214","20240304","13","20240306","20240229","군인특별공급 두산위","1","0","1","1","-","59A","6","Y"
"2024","54","인천 서구","20240214","20240226","13","20240228","20240222","청약자격확인 e편한","1","0","1","1","AA29BL","-","21","Y"
"2024","53","인천 서구","20240214","20240226","13","20240228","20240222","군인특별공급 e편한","1","0","1","1","AA29BL","84B","1","Y"
"2024","53","인천 서구","20240214","20240226","13","20240228","20240222","군인특별공급 e편한","1","0","1","1","AA29BL","84A","3","Y"
"2024","52","서울 강동구","20240214","20240226","13","20240228","20240223","청약자격확인 에스아","1","0","1","1","-","-","1","Y"
"2024","51","서울 강동구","20240214","20240226","13","20240228","20240223","군인특별공급 에스아","1","0","1","1","-","52A","1","Y"
"2024","50","서울 강동구","20240214","20240304","13","20240306","20240229","청약자격확인 더샵 ","1","0","1","1","-","-","2","Y"
"2024","49","서울 강동구","20240214","20240304","13","20240306","20240229","군인특별공급 더샵 ","1","0","1","1","-","84B","1","Y"
"2024","48","서울 서대문구","20240214","20240226","13","20240228","20240222","청약자격확인 경희궁","1","0","1","1","-","-","3","Y"
"2024","47","서울 서대문구","20240214","20240226","13","20240228","20240222","군인특별공급 경희궁","1","0","1","1","-","84B","1","Y"
"2024","47","서울 서대문구","20240214","20240226","13","20240228","20240222","군인특별공급 경희궁","1","0","1","1","-","59","1","Y"
"2024","46","충남 천안시","20240214","20240223","10","20240226","20240222","군인특별공급 천안역","1","0","1","1","-","84B","3","Y"
"2024","46","충남 천안시","20240214","20240223","10","20240226","20240222","군인특별공급 천안역","1","0","1","1","-","84A","1","Y"
"2024","45","충남 천안시","20240207","20240219","13","20240221","20240216","군인특별공급 힐스테","1","0","1","1","-","84A","3","Y"
"2024","45","충남 천안시","20240207","20240219","13","20240221","20240216","군인특별공급 힐스테","1","0","1","1","-","84D","1","Y"
"2024","45","충남 천안시","20240207","20240219","13","20240221","20240216","군인특별공급 힐스테","1","0","1","1","-","84C","2","Y"
"2024","45","충남 천안시","20240207","20240219","13","20240221","20240216","군인특별공급 힐스테","1","0","1","1","-","84B","2","Y"
"2024","44","충북 청주시","20240207","20240228","10","20240229","20240228","군인특별공급 힐스테","1","0","1","1","-","59B","1","Y"
"2024","44","충북 청주시","20240207","20240228","10","20240229","20240228","군인특별공급 힐스테","1","0","1","1","-","59C","1","Y"
"2021","7","대구 수성구","20210119","20210125","14","20210129","20210121","군인특별공급 수성 ","1","0","1","1","주택형","84B","1","Y"
"2021","7","대구 수성구","20210119","20210125","14","20210129","20210121","군인특별공급 수성 ","1","0","1","1","주택형","75C","3","Y"
"2021","7","대구 수성구","20210119","20210125","14","20210129","20210121","군인특별공급 수성 ","1","0","1","1","주택형","84A","1","Y"
"2021","7","대구 수성구","20210119","20210125","14","20210129","20210121","군인특별공급 수성 ","1","0","1","1","주택형","75B","4","Y"
"2021","6","경기 가평군","20210112","20210120","14","20210122","20210119","군인특별공급 e편한","1","0","1","1","주택형","59","3","Y"
"2021","6","경기 가평군","20210112","20210120","14","20210122","20210119","군인특별공급 e편한","1","0","1","1","주택형","74A","1","Y"
"2021","6","경기 가평군","20210112","20210120","14","20210122","20210119","군인특별공급 e편한","1","0","1","1","주택형","84B","1","Y"
"2021","6","경기 가평군","20210112","20210120","14","20210122","20210119","군인특별공급 e편한","1","0","1","1","주택형","74C","1","Y"
"2021","6","경기 가평군","20210112","20210120","14","20210122","20210119","군인특별공급 e편한","1","0","1","1","주택형","84A","3","Y"
"2021","6","경기 가평군","20210112","20210120","14","20210122","20210119","군인특별공급 e편한","1","0","1","1","주택형","74B","1","Y"
"2021","5","인천 연수구","20210112","20210121","13","20210122","20210115","(신청마감됨 취소만","1","0","1","1","취소","취소","0","Y"
"2021","5","인천 연수구","20210112","20210121","13","20210122","20210115","(신청마감됨 취소만","1","0","1","1","주택형","84A","1","N"
"2021","5","인천 연수구","20210112","20210121","13","20210122","20210115","(신청마감됨 취소만","1","0","1","1","주택형","84B","1","N"
"2021","5","인천 연수구","20210112","20210121","13","20210122","20210115","(신청마감됨 취소만","1","0","1","1","주택형","84G","1","N"
"2021","5","인천 연수구","20210112","20210121","13","20210122","20210115","(신청마감됨 취소만","1","0","1","1","주택형","84D","1","N"
"2021","5","인천 연수구","20210112","20210121","13","20210122","20210115","(신청마감됨 취소만","1","0","1","1","주택형","84E","1","N"
"2021","5","인천 연수구","20210112","20210121","13","20210122","20210115","(신청마감됨 취소만","1","0","1","1","주택형","84F","1","N"
"2021","5","인천 연수구","20210112","20210121","13","20210122","20210115","(신청마감됨 취소만","1","0","1","1","주택형","84C","1","N"
"2021","4","경기 가평군","20210112","20210125","14","20210129","20210122","(일정변경 미달세대","1","0","1","1","주택형","59A","3","N"
"2021","4","경기 가평군","20210112","20210125","14","20210129","20210122","(일정변경 미달세대","1","0","1","1","주택형","59B","1","N"
"2021","4","경기 가평군","20210112","20210125","14","20210129","20210122","(일정변경 미달세대","1","0","1","1","주택형","59C","1","Y"
"2021","4","경기 가평군","20210112","20210125","14","20210129","20210122","(일정변경 미달세대","1","0","1","1","주택형","84추가","1","Y"
"2021","4","경기 가평군","20210112","20210125","14","20210129","20210122","(일정변경 미달세대","1","0","1","1","주택형","84","3","N"
"2021","4","경기 가평군","20210112","20210125","14","20210129","20210122","(일정변경 미달세대","1","0","1","1","주택형","59A추가","2","Y"
"2021","4","경기 가평군","20210112","20210125","14","20210129","20210122","(일정변경 미달세대","1","0","1","1","주택형","76추가","1","Y"
"2021","4","경기 가평군","20210112","20210125","14","20210129","20210122","(일정변경 미달세대","1","0","1","1","주택형","76","1","N"
"2021","3","경북 고령군","20210112","20210208","14","20210215","20210208","(일정변경 미달세대","1","0","1","1","취소","취소","0","Y"
"2021","3","경북 고령군","20210112","20210208","14","20210215","20210208","(일정변경 미달세대","1","0","1","1","주택형","84B","1","N"
"2021","3","경북 고령군","20210112","20210208","14","20210215","20210208","(일정변경 미달세대","1","0","1","1","주택형","72","2","Y"
"2021","3","경북 고령군","20210112","20210208","14","20210215","20210208","(일정변경 미달세대","1","0","1","1","주택형","59","4","Y"
"2021","2","인천 연수구","20210105","20210111","14","20210115","20210108","군인특별공급 한화포","1","0","1","1","주택형","84B","4","Y"
"2021","2","인천 연수구","20210105","20210111","14","20210115","20210108","군인특별공급 한화포","1","0","1","1","주택형","84A","3","Y"
"2021","2","인천 연수구","20210105","20210111","14","20210115","20210108","군인특별공급 한화포","1","0","1","1","주택형","84D","2","Y"
"2021","2","인천 연수구","20210105","20210111","14","20210115","20210108","군인특별공급 한화포","1","0","1","1","주택형","84C","1","Y"
"2021","1","부산 동래구","20210105","20210322","14","20210326","20210319","군인특별공급 안락 ","1","0","1","1","주택형","84A","1","N"
"2021","1","부산 동래구","20210105","20210322","14","20210326","20210319","군인특별공급 안락 ","1","0","1","1","취소","취소","0","Y"
"2021","1","부산 동래구","20210105","20210322","14","20210326","20210319","군인특별공급 안락 ","1","0","1","1","주택형","84C","1","N"
"2021","1","부산 동래구","20210105","20210322","14","20210326","20210319","군인특별공급 안락 ","1","0","1","1","주택형","84B","1","N"
"2024","99","대전 유성구","20240328","20240408","10","20240411","20240404","군인특별공급 유성 ","1","0","1","1","-","84B","2","Y"
"2024","99","대전 유성구","20240328","20240408","10","20240411","20240404","군인특별공급 유성 ","1","0","1","1","-","84A","3","Y"
"2024","98","경기 성남시","20240328","20240408","10","20240411","20240405","청약자격확인 엘리프","1","0","1","1","B3BL","-","10","Y"
"2024","97","경기 성남시","20240328","20240408","10","20240411","20240405","군인특별공급 엘리프","1","0","1","1","B3BL","84A","5","Y"
"2024","96","경기 평택시","20240320","20240422","13","20240424","20240416","청약자격확인 평택화","1","0","1","1","A3","-","11","Y"
"2024","95","경기 평택시","20240320","20240422","13","20240424","20240416","군인특별공급 평택화","1","0","1","1","A3","59B","1","Y"
"2024","95","경기 평택시","20240320","20240422","13","20240424","20240416","군인특별공급 평택화","1","0","1","1","A3","59A","3","Y"
"2024","95","경기 평택시","20240320","20240422","13","20240424","20240416","군인특별공급 평택화","1","0","1","1","A3","84","3","Y"
"2024","95","경기 평택시","20240320","20240422","13","20240424","20240416","군인특별공급 평택화","1","0","1","1","A3","59A","3","N"
"2024","94","경남 김해시","20240320","20241231","10","20241231","20241231","군인특별공급 김해 ","1","0","1","1","-","84D","3","Y"
"2024","94","경남 김해시","20240320","20241231","10","20241231","20241231","군인특별공급 김해 ","1","0","1","1","-","84B","1","Y"
"2024","94","경남 김해시","20240320","20241231","10","20241231","20241231","군인특별공급 김해 ","1","0","1","1","-","84A","6","Y"
"2024","94","경남 김해시","20240320","20241231","10","20241231","20241231","군인특별공급 김해 ","1","0","1","1","-","84C","2","Y"
"2024","93","대구 수성구","20240320","20240401","13","20240403","20240329","군인특별공급 대구 ","1","0","1","1","-","84B","1","Y"
"2024","93","대구 수성구","20240320","20240401","13","20240403","20240329","군인특별공급 대구 ","1","0","1","1","-","84A2","1","Y"
"2024","92","부산 기장군","20240320","20240415","13","20240417","20240412","군인특별공급 일광 ","1","0","1","1","-","84B","4","Y"
"2024","92","부산 기장군","20240320","20240415","13","20240417","20240412","군인특별공급 일광 ","1","0","1","1","-","84A","10","Y"
"2024","92","부산 기장군","20240320","20240415","13","20240417","20240412","군인특별공급 일광 ","1","0","1","1","-","84C","7","Y"
"2024","91","대전 중구","20240320","20240401","13","20240403","20240326","군인특별공급 e편한","1","0","1","1","-","59B","1","Y"
"2024","91","대전 중구","20240320","20240401","13","20240403","20240326","군인특별공급 e편한","1","0","1","1","-","59A","2","Y"
"2024","91","대전 중구","20240320","20240401","13","20240403","20240326","군인특별공급 e편한","1","0","1","1","-","73A","3","Y"
"2024","91","대전 중구","20240320","20240401","13","20240403","20240326","군인특별공급 e편한","1","0","1","1","-","73B","1","Y"
"2024","90","인천 서구","20240320","20240429","13","20240501","20240426","청약자격확인 검단 ","1","0","1","1","-","-","2","Y"
"2024","89","인천 서구","20240320","20240429","13","20240501","20240426","군인특별공급 검단 ","1","0","1","1","-","59A","1","Y"
"2024","89","인천 서구","20240320","20240429","13","20240501","20240426","군인특별공급 검단 ","1","0","1","1","-","84B","1","Y"
"2024","88","경기 이천시","20240320","20240429","13","20240501","20240426","청약자격확인 이천자","1","0","1","1","-","-","19","Y"
"2024","87","경기 이천시","20240320","20240429","13","20240501","20240426","군인특별공급 이천자","1","0","1","1","-","84C","1","Y"
"2024","87","경기 이천시","20240320","20240429","13","20240501","20240426","군인특별공급 이천자","1","0","1","1","-","84A","3","Y"
"2024","86","경기 수원시","20240320","20240513","10","20240516","20240509","청약자격확인 북수원","1","0","1","1","A4","-","23","Y"
"2024","85","경기 수원시","20240320","20240513","10","20240516","20240509","군인특별공급 북수원","1","0","1","1","A4","84B","3","Y"
"2024","85","경기 수원시","20240320","20240513","10","20240516","20240509","군인특별공급 북수원","1","0","1","1","A4","84C","3","Y"
"2024","84","경기 수원시","20240320","20240513","10","20240516","20240509","청약자격확인 북수원","1","0","1","1","A3","-","52","Y"
"2024","83","경기 수원시","20240320","20240513","10","20240516","20240509","군인특별공급 북수원","1","0","1","1","A3","84A","3","Y"
"2024","83","경기 수원시","20240320","20240513","10","20240516","20240509","군인특별공급 북수원","1","0","1","1","A3","84C","7","Y"
"2024","83","경기 수원시","20240320","20240513","10","20240516","20240509","군인특별공급 북수원","1","0","1","1","A3","84B","3","Y"
"2021","24","경기 김포시","20210217","20210222","14","20210226","20210219","군인특별공급김포마송","1","0","1","1","주택형","59B","2","Y"
"2021","24","경기 김포시","20210217","20210222","14","20210226","20210219","군인특별공급김포마송","1","0","1","1","주택형","59D","3","Y"
"2021","24","경기 김포시","20210217","20210222","14","20210226","20210219","군인특별공급김포마송","1","0","1","1","주택형","59C","2","Y"
"2021","23","서울 광진구","20210217","20210222","14","20210226","20210218","군인특별공급자양 하","1","0","1","1","주택형","46A","1","Y"
"2021","22","강원 삼척시","20210217","20210315","14","20210319","20210311","군인특별공급(일정변","1","0","1","1","주택형","74A","3","Y"
"2021","22","강원 삼척시","20210217","20210315","14","20210319","20210311","군인특별공급(일정변","1","0","1","1","주택형","84B","3","Y"
"2021","22","강원 삼척시","20210217","20210315","14","20210319","20210311","군인특별공급(일정변","1","0","1","1","주택형","84A","3","Y"
"2021","22","강원 삼척시","20210217","20210315","14","20210319","20210311","군인특별공급(일정변","1","0","1","1","주택형","74B","1","Y"
"2021","21","서울 강동구","20210209","20210223","19","20210226","20210217","군인특별공급고덕 강","1","0","1","1","취소","취소","0","Y"
"2021","21","서울 강동구","20210209","20210223","19","20210226","20210217","군인특별공급고덕 강","1","0","1","1","주택형","84A","2","N"
"2021","21","서울 강동구","20210209","20210223","19","20210226","20210217","군인특별공급고덕 강","1","0","1","1","주택형","84SB","1","N"
"2021","21","서울 강동구","20210209","20210223","19","20210226","20210217","군인특별공급고덕 강","1","0","1","1","주택형","84C","1","N"
"2021","21","서울 강동구","20210209","20210223","19","20210226","20210217","군인특별공급고덕 강","1","0","1","1","주택형","84B","1","N"
"2021","20","경북 김천시","20210209","20210222","14","20210226","20210218","군인특별공급김천 더","1","0","1","1","주택형","84","1","Y"
"2021","19","경기 양평군","20210202","20210222","14","20210226","20210219","군인특별공급(일정변","1","0","1","1","1블록","59A","1","N"
"2021","19","경기 양평군","20210202","20210222","14","20210226","20210219","군인특별공급(일정변","1","0","1","1","2블록","84B추가","3","Y"
"2021","19","경기 양평군","20210202","20210222","14","20210226","20210219","군인특별공급(일정변","1","0","1","1","1블록","74","2","N"
"2021","19","경기 양평군","20210202","20210222","14","20210226","20210219","군인특별공급(일정변","1","0","1","1","1블록","84A","6","N"
"2021","19","경기 양평군","20210202","20210222","14","20210226","20210219","군인특별공급(일정변","1","0","1","1","1블록","84B","3","N"
"2021","19","경기 양평군","20210202","20210222","14","20210226","20210219","군인특별공급(일정변","1","0","1","1","2블록","59B","3","N"
"2021","19","경기 양평군","20210202","20210222","14","20210226","20210219","군인특별공급(일정변","1","0","1","1","2블록","74","3","N"
"2021","19","경기 양평군","20210202","20210222","14","20210226","20210219","군인특별공급(일정변","1","0","1","1","2블록","84A","7","N"
"2021","19","경기 양평군","20210202","20210222","14","20210226","20210219","군인특별공급(일정변","1","0","1","1","2블록","84B","3","N"
"2021","19","경기 양평군","20210202","20210222","14","20210226","20210219","군인특별공급(일정변","1","0","1","1","취소신청","취소","0","Y"
"2021","19","경기 양평군","20210202","20210222","14","20210226","20210219","군인특별공급(일정변","1","0","1","1","1블록","59A추가","1","Y"
"2021","19","경기 양평군","20210202","20210222","14","20210226","20210219","군인특별공급(일정변","1","0","1","1","1블록","74추가","1","Y"
"2021","19","경기 양평군","20210202","20210222","14","20210226","20210219","군인특별공급(일정변","1","0","1","1","2블록","59B추가","2","Y"
"2021","19","경기 양평군","20210202","20210222","14","20210226","20210219","군인특별공급(일정변","1","0","1","1","2블록","74추가","1","Y"
"2021","19","경기 양평군","20210202","20210222","14","20210226","20210219","군인특별공급(일정변","1","0","1","1","1블록","59B","1","N"
"2021","18","대구 수성구","20210202","20210215","14","20210217","20210209","군인특별공급(일정미","1","0","1","1","주택형","84A","1","Y"
"2021","18","대구 수성구","20210202","20210215","14","20210217","20210209","군인특별공급(일정미","1","0","1","1","주택형","84C","1","Y"
"2021","18","대구 수성구","20210202","20210215","14","20210217","20210209","군인특별공급(일정미","1","0","1","1","주택형","84B","1","Y"
"2021","17","경기 화성시","20210202","20210419","14","20210423","20210415","군인특별공급화성 태","1","0","1","1","주택형","84C","3","N"
"2021","17","경기 화성시","20210202","20210419","14","20210423","20210415","군인특별공급화성 태","1","0","1","1","취소신청","취소","0","Y"
"2021","17","경기 화성시","20210202","20210419","14","20210423","20210415","군인특별공급화성 태","1","0","1","1","주택형","84B","3","N"
"2021","17","경기 화성시","20210202","20210419","14","20210423","20210415","군인특별공급화성 태","1","0","1","1","주택형","84A","4","N"
"2021","16","경기 광주시","20210202","20210215","14","20210217","20210208","군인특별공급광주 더","1","0","1","1","주택형","59A","7","Y"
"2021","16","경기 광주시","20210202","20210215","14","20210217","20210208","군인특별공급광주 더","1","0","1","1","주택형","59B","1","Y"
"2021","16","경기 광주시","20210202","20210215","14","20210217","20210208","군인특별공급광주 더","1","0","1","1","주택형","59C","7","Y"
"2021","16","경기 광주시","20210202","20210215","14","20210217","20210208","군인특별공급광주 더","1","0","1","1","주택형","76A","6","Y"
"2021","16","경기 광주시","20210202","20210215","14","20210217","20210208","군인특별공급광주 더","1","0","1","1","주택형","84D","9","Y"
"2021","16","경기 광주시","20210202","20210215","14","20210217","20210208","군인특별공급광주 더","1","0","1","1","주택형","84A","8","Y"
"2021","16","경기 광주시","20210202","20210215","14","20210217","20210208","군인특별공급광주 더","1","0","1","1","주택형","84B","7","Y"
"2021","16","경기 광주시","20210202","20210215","14","20210217","20210208","군인특별공급광주 더","1","0","1","1","주택형","84C","5","Y"
"2021","16","경기 광주시","20210202","20210215","14","20210217","20210208","군인특별공급광주 더","1","0","1","1","주택형","76B","7","Y"
"2021","15","충북 충주시","20210202","20210208","14","20210212","20210203","군인특별공급충주 대","1","0","1","1","주택형","69","2","Y"
"2021","14","경기 수원시","20210126","20210208","14","20210215","20210208","군인특별공급(신청마","1","0","1","1","정보수정","84B 이*화","0","Y"
"2021","14","경기 수원시","20210126","20210208","14","20210215","20210208","군인특별공급(신청마","1","0","1","1","주택형","64A","2","N"
"2021","14","경기 수원시","20210126","20210208","14","20210215","20210208","군인특별공급(신청마","1","0","1","1","취소","취소","0","Y"
"2021","14","경기 수원시","20210126","20210208","14","20210215","20210208","군인특별공급(신청마","1","0","1","1","주택형","84A","8","N"
"2021","14","경기 수원시","20210126","20210208","14","20210215","20210208","군인특별공급(신청마","1","0","1","1","주택형","84B","5","N"
"2021","14","경기 수원시","20210126","20210208","14","20210215","20210208","군인특별공급(신청마","1","0","1","1","주택형","64B","2","N"
"2021","13","인천 중구","20210126","20210201","14","20210205","20210128","군인특별공급 e편한","1","0","1","1","주택형","84A","9","Y"
"2021","13","인천 중구","20210126","20210201","14","20210205","20210128","군인특별공급 e편한","1","0","1","1","주택형","84C","7","Y"
"2021","13","인천 중구","20210126","20210201","14","20210205","20210128","군인특별공급 e편한","1","0","1","1","주택형","84B","2","Y"
"2021","12","대구 남구","20210126","20210201","14","20210205","20210128","(취소됨 추후재진행","1","0","1","1","주택형","74","1","Y"
"2021","12","대구 남구","20210126","20210201","14","20210205","20210128","(취소됨 추후재진행","1","0","1","1","주택형","73","1","Y"
"2021","12","대구 남구","20210126","20210201","14","20210205","20210128","(취소됨 추후재진행","1","0","1","1","주택형","59A","1","Y"
"2021","11","인천 연수구","20210126","20210209","14","20210215","20210209","(신청마감됨 취소만","1","0","1","1","주택형","84E","1","N"
"2021","11","인천 연수구","20210126","20210209","14","20210215","20210209","(신청마감됨 취소만","1","0","1","1","취소만가능","취소","0","Y"
"2021","10","경기 양주시","20210126","20210201","14","20210205","20210128","군인특별공급 양주 ","1","0","1","1","주택형","84B","3","Y"
"2021","10","경기 양주시","20210126","20210201","14","20210205","20210128","군인특별공급 양주 ","1","0","1","1","주택형","84A","12","Y"
"2021","9","세종시","20210119","20210125","14","20210129","20210122","군인특별공급 세종 ","1","0","1","1","H2","84D","1","Y"
"2021","9","세종시","20210119","20210125","14","20210129","20210122","군인특별공급 세종 ","1","0","1","1","H3","84C","1","Y"
"2021","9","세종시","20210119","20210125","14","20210129","20210122","군인특별공급 세종 ","1","0","1","1","H3","59I","1","Y"
"2021","9","세종시","20210119","20210125","14","20210129","20210122","군인특별공급 세종 ","1","0","1","1","H2","84K","1","Y"
"2021","8","충북 증평군","20210119","20210125","14","20210129","20210118","군인특별공급 증평 ","1","0","1","1","주택형","59E","2","Y"
"2021","8","충북 증평군","20210119","20210125","14","20210129","20210118","군인특별공급 증평 ","1","0","1","1","주택형","77C","1","Y"
"2021","8","충북 증평군","20210119","20210125","14","20210129","20210118","군인특별공급 증평 ","1","0","1","1","주택형","74D","1","Y"
"2021","7","대구 수성구","20210119","20210125","14","20210129","20210121","군인특별공급 수성 ","1","0","1","1","주택형","59A","6","Y"
"2021","7","대구 수성구","20210119","20210125","14","20210129","20210121","군인특별공급 수성 ","1","0","1","1","주택형","59B","8","Y"
"2021","40","충남 계룡시","20210302","20210308","14","20210312","20210305","군인특별공급계룡자이","1","0","1","1","주택형","84B","1","Y"
"2021","39","광주 서구","20210302","20210315","14","20210319","20210312","군인특별공급(마감됨","1","0","1","1","취소","취소","0","Y"
"2021","39","광주 서구","20210302","20210315","14","20210319","20210312","군인특별공급(마감됨","1","0","1","1","주택형","84A","1","N"
"2021","39","광주 서구","20210302","20210315","14","20210319","20210312","군인특별공급(마감됨","1","0","1","1","주택형","70B","1","N"
"2021","39","광주 서구","20210302","20210315","14","20210319","20210312","군인특별공급(마감됨","1","0","1","1","주택형","70A","1","N"
"2021","39","광주 서구","20210302","20210315","14","20210319","20210312","군인특별공급(마감됨","1","0","1","1","주택형","84B","1","N"
"2021","38","대구 북구","20210302","20210322","14","20210326","20210317","군인특별공급오페라 ","1","0","1","1","주택형","74A","1","Y"
"2021","38","대구 북구","20210302","20210322","14","20210326","20210317","군인특별공급오페라 ","1","0","1","1","주택형","74B","1","Y"
"2021","38","대구 북구","20210302","20210322","14","20210326","20210317","군인특별공급오페라 ","1","0","1","1","취소","취소","0","Y"
"2021","38","대구 북구","20210302","20210322","14","20210326","20210317","군인특별공급오페라 ","1","0","1","1","주택형","84B","1","Y"
"2021","38","대구 북구","20210302","20210322","14","20210326","20210317","군인특별공급오페라 ","1","0","1","1","주택형","84A추가","4","Y"
"2021","38","대구 북구","20210302","20210322","14","20210326","20210317","군인특별공급오페라 ","1","0","1","1","주택형","84A","5","N"
"2021","37","강원 횡성군","20210302","20210308","14","20210312","20210305","군인특별공급횡성 벨","1","0","1","1","주택형","49B","1","Y"
"2021","37","강원 횡성군","20210302","20210308","14","20210312","20210305","군인특별공급횡성 벨","1","0","1","1","주택형","84C1","1","Y"
"2021","37","강원 횡성군","20210302","20210308","14","20210312","20210305","군인특별공급횡성 벨","1","0","1","1","주택형","84A","1","Y"
"2021","37","강원 횡성군","20210302","20210308","14","20210312","20210305","군인특별공급횡성 벨","1","0","1","1","주택형","59A","1","Y"
"2021","36","대구 달성군","20210223","20210308","14","20210312","20210303","군인특별공급화원 동","1","0","1","1","주택형","84A","1","Y"
"2021","36","대구 달성군","20210223","20210308","14","20210312","20210303","군인특별공급화원 동","1","0","1","1","주택형","84C","3","Y"
"2021","36","대구 달성군","20210223","20210308","14","20210312","20210303","군인특별공급화원 동","1","0","1","1","주택형","84B","1","Y"
"2021","35","경기 수원시","20210223","20210322","14","20210326","20210319","군인특별공급(마감됨","1","0","1","1","주택형","48A","1","N"
"2021","35","경기 수원시","20210223","20210322","14","20210326","20210319","군인특별공급(마감됨","1","0","1","1","주택형","59A","6","N"
"2021","35","경기 수원시","20210223","20210322","14","20210326","20210319","군인특별공급(마감됨","1","0","1","1","주택형","59B","4","N"
"2021","35","경기 수원시","20210223","20210322","14","20210326","20210319","군인특별공급(마감됨","1","0","1","1","주택형","59E","1","N"
"2021","35","경기 수원시","20210223","20210322","14","20210326","20210319","군인특별공급(마감됨","1","0","1","1","취소","취소","0","Y"
"2021","35","경기 수원시","20210223","20210322","14","20210326","20210319","군인특별공급(마감됨","1","0","1","1","주택형","74B","1","N"
"2021","35","경기 수원시","20210223","20210322","14","20210326","20210319","군인특별공급(마감됨","1","0","1","1","주택형","84A","4","N"
"2021","35","경기 수원시","20210223","20210322","14","20210326","20210319","군인특별공급(마감됨","1","0","1","1","주택형","84B","2","N"
"2021","35","경기 수원시","20210223","20210322","14","20210326","20210319","군인특별공급(마감됨","1","0","1","1","주택형","74A","3","N"
"2021","34","대전 중구","20210223","20210301","14","20210305","20210225","군인특별공급대전 한","1","0","1","1","주택형","75","1","Y"
"2021","34","대전 중구","20210223","20210301","14","20210305","20210225","군인특별공급대전 한","1","0","1","1","주택형","84B","1","Y"
"2021","34","대전 중구","20210223","20210301","14","20210305","20210225","군인특별공급대전 한","1","0","1","1","주택형","84A","1","Y"
"2021","34","대전 중구","20210223","20210301","14","20210305","20210225","군인특별공급대전 한","1","0","1","1","주택형","76","1","Y"
"2021","33","강원 홍천군","20210223","20210305","17","20210305","20210225","군인특별공급홍천 금","1","0","1","1","주택형","84A추가","1","Y"
"2021","33","강원 홍천군","20210223","20210305","17","20210305","20210225","군인특별공급홍천 금","1","0","1","1","주택형","59","1","N"
"2021","33","강원 홍천군","20210223","20210305","17","20210305","20210225","군인특별공급홍천 금","1","0","1","1","주택형","76A","1","N"
"2021","33","강원 홍천군","20210223","20210305","17","20210305","20210225","군인특별공급홍천 금","1","0","1","1","주택형","84C","1","N"
"2021","33","강원 홍천군","20210223","20210305","17","20210305","20210225","군인특별공급홍천 금","1","0","1","1","주택형","84A","3","N"
"2021","33","강원 홍천군","20210223","20210305","17","20210305","20210225","군인특별공급홍천 금","1","0","1","1","주택형","84B","1","N"
"2021","33","강원 홍천군","20210223","20210305","17","20210305","20210225","군인특별공급홍천 금","1","0","1","1","주택형","76B","3","N"
"2021","32","충북 청주시","20210223","20210301","14","20210305","20210226","군인특별공급청주 동","1","0","1","1","주택형","84","15","Y"
"2021","32","충북 청주시","20210223","20210301","14","20210305","20210226","군인특별공급청주 동","1","0","1","1","주택형","74A","6","Y"
"2021","32","충북 청주시","20210223","20210301","14","20210305","20210226","군인특별공급청주 동","1","0","1","1","주택형","74B","1","Y"
"2021","31","경기 용인시","20210223","20210301","14","20210305","20210225","군인특별공급용인 양","1","0","1","1","주택형","59C","1","Y"
"2021","31","경기 용인시","20210223","20210301","14","20210305","20210225","군인특별공급용인 양","1","0","1","1","주택형","59A","2","Y"
"2021","30","충남 아산시","20210223","20210315","14","20210319","20210211","군인특별공급(마감됨","1","0","1","1","주택형","76B","1","N"
"2021","30","충남 아산시","20210223","20210315","14","20210319","20210211","군인특별공급(마감됨","1","0","1","1","주택형","84A","4","N"
"2021","30","충남 아산시","20210223","20210315","14","20210319","20210211","군인특별공급(마감됨","1","0","1","1","취소","취소","0","Y"
"2021","30","충남 아산시","20210223","20210315","14","20210319","20210211","군인특별공급(마감됨","1","0","1","1","주택형","84C","2","N"
"2021","30","충남 아산시","20210223","20210315","14","20210319","20210211","군인특별공급(마감됨","1","0","1","1","주택형","84B","2","N"
"2021","29","대구 남구","20210223","20210301","14","20210305","20210226","군인특별공급힐스테이","1","0","1","1","주택형","84A","2","Y"
"2021","29","대구 남구","20210223","20210301","14","20210305","20210226","군인특별공급힐스테이","1","0","1","1","주택형","84C","1","Y"
"2021","29","대구 남구","20210223","20210301","14","20210305","20210226","군인특별공급힐스테이","1","0","1","1","주택형","84B","4","Y"
"2021","28","부산 사상구","20210217","20210222","14","20210226","20210219","군인특별공급(일정미","1","0","1","1","주택형","49","1","Y"
"2021","28","부산 사상구","20210217","20210222","14","20210226","20210219","군인특별공급(일정미","1","0","1","1","주택형","80","1","Y"
"2021","28","부산 사상구","20210217","20210222","14","20210226","20210219","군인특별공급(일정미","1","0","1","1","주택형","74","1","Y"
"2021","28","부산 사상구","20210217","20210222","14","20210226","20210219","군인특별공급(일정미","1","0","1","1","주택형","69","1","Y"
"2021","27","대구 남구","20210217","20210222","14","20210226","20210219","군인특별공급대봉교역","1","0","1","1","주택형","59A","1","Y"
"2021","27","대구 남구","20210217","20210222","14","20210226","20210219","군인특별공급대봉교역","1","0","1","1","주택형","74","1","Y"
"2021","27","대구 남구","20210217","20210222","14","20210226","20210219","군인특별공급대봉교역","1","0","1","1","주택형","73","1","Y"
"2021","26","경남 거제시","20210217","20210421","14","20210423","20210419","군인특별공급e편한세","1","0","1","1","주택형","84A","19","N"
"2021","26","경남 거제시","20210217","20210421","14","20210423","20210419","군인특별공급e편한세","1","0","1","1","주택형","84B","6","Y"
"2021","26","경남 거제시","20210217","20210421","14","20210423","20210419","군인특별공급e편한세","1","0","1","1","주택형","84A추가3","6","Y"
"2021","26","경남 거제시","20210217","20210421","14","20210423","20210419","군인특별공급e편한세","1","0","1","1","취소","취소","0","Y"
"2021","26","경남 거제시","20210217","20210421","14","20210423","20210419","군인특별공급e편한세","1","0","1","1","주택형","84A추가2","10","N"
"2021","26","경남 거제시","20210217","20210421","14","20210423","20210419","군인특별공급e편한세","1","0","1","1","주택형","84A추가","11","N"
"2021","25","경기 안산시","20210217","20210222","14","20210226","20210218","군인특별공급안산 중","1","0","1","1","주택형","59A","4","Y"
"2021","25","경기 안산시","20210217","20210222","14","20210226","20210218","군인특별공급안산 중","1","0","1","1","주택형","59B","2","Y"
"2021","25","경기 안산시","20210217","20210222","14","20210226","20210218","군인특별공급안산 중","1","0","1","1","주택형","84C","2","Y"
"2021","25","경기 안산시","20210217","20210222","14","20210226","20210218","군인특별공급안산 중","1","0","1","1","주택형","84A","1","Y"
"2021","25","경기 안산시","20210217","20210222","14","20210226","20210218","군인특별공급안산 중","1","0","1","1","주택형","84B","1","Y"
"2021","25","경기 안산시","20210217","20210222","14","20210226","20210218","군인특별공급안산 중","1","0","1","1","주택형","59C","1","Y"
"2021","59","경남 창원시","20210323","20210329","14","20210402","20210326","군인특별공급 진해남","1","0","1","1","주택형","84","8","Y"
"2021","59","경남 창원시","20210323","20210329","14","20210402","20210326","군인특별공급 진해남","1","0","1","1","주택형","74B","1","Y"
"2021","58","경남 창원시","20210323","20210330","14","20210402","20210325","군인특별공급 창원 ","1","0","1","1","주택형","84A","4","N"
"2021","58","경남 창원시","20210323","20210330","14","20210402","20210325","군인특별공급 창원 ","1","0","1","1","취소","취소","1","Y"
"2021","58","경남 창원시","20210323","20210330","14","20210402","20210325","군인특별공급 창원 ","1","0","1","1","주택형","84C","5","N"
"2021","58","경남 창원시","20210323","20210330","14","20210402","20210325","군인특별공급 창원 ","1","0","1","1","주택형","84B","10","N"
"2021","57","경남 김해시","20210323","20210329","14","20210402","20210325","군인특별공급 김해율","1","0","1","1","주택형","64","1","Y"
"2021","57","경남 김해시","20210323","20210329","14","20210402","20210325","군인특별공급 김해율","1","0","1","1","주택형","84B","4","Y"
"2021","57","경남 김해시","20210323","20210329","14","20210402","20210325","군인특별공급 김해율","1","0","1","1","주택형","84A","3","Y"
"2021","57","경남 김해시","20210323","20210329","14","20210402","20210325","군인특별공급 김해율","1","0","1","1","주택형","74","2","Y"
"2021","56","경기 평택시","20210323","20210329","14","20210402","20210326","군인특별공급 평택지","1","0","1","1","주택형","59A","1","Y"
"2021","56","경기 평택시","20210323","20210329","14","20210402","20210326","군인특별공급 평택지","1","0","1","1","주택형","59B","1","Y"
"2021","56","경기 평택시","20210323","20210329","14","20210402","20210326","군인특별공급 평택지","1","0","1","1","주택형","84B","2","Y"
"2021","56","경기 평택시","20210323","20210329","14","20210402","20210326","군인특별공급 평택지","1","0","1","1","주택형","74B","1","Y"
"2021","56","경기 평택시","20210323","20210329","14","20210402","20210326","군인특별공급 평택지","1","0","1","1","주택형","84A","2","Y"
"2021","56","경기 평택시","20210323","20210329","14","20210402","20210326","군인특별공급 평택지","1","0","1","1","주택형","74A","1","Y"
"2021","55","대구 수성구","20210323","20210329","14","20210402","20210325","군인특별공급 양주 ","1","0","1","1","주택형","65","1","Y"
"2021","55","대구 수성구","20210323","20210329","14","20210402","20210325","군인특별공급 양주 ","1","0","1","1","주택형","84C","1","Y"
"2021","55","대구 수성구","20210323","20210329","14","20210402","20210325","군인특별공급 양주 ","1","0","1","1","주택형","84B","2","Y"
"2021","55","대구 수성구","20210323","20210329","14","20210402","20210325","군인특별공급 양주 ","1","0","1","1","주택형","84A","1","Y"
"2021","54","경기 파주시","20210323","20210329","14","20210402","20210326","군인특별공급 파주운","1","0","1","1","주택형","84C","2","Y"
"2021","54","경기 파주시","20210323","20210329","14","20210402","20210326","군인특별공급 파주운","1","0","1","1","주택형","84A","2","Y"
"2021","53","경기 파주시","20210323","20210329","14","20210402","20210326","군인특별공급 파주운","1","0","1","1","주택형","84C","1","Y"
"2021","53","경기 파주시","20210323","20210329","14","20210402","20210326","군인특별공급 파주운","1","0","1","1","주택형","84A","1","Y"
"2021","52","경남 창원시","20210316","20210322","14","20210326","20210319","군인특별공급 마창대","1","0","1","1","주택형","74A","5","Y"
"2021","52","경남 창원시","20210316","20210322","14","20210326","20210319","군인특별공급 마창대","1","0","1","1","주택형","74B","1","Y"
"2021","52","경남 창원시","20210316","20210322","14","20210326","20210319","군인특별공급 마창대","1","0","1","1","주택형","84C","13","Y"
"2021","52","경남 창원시","20210316","20210322","14","20210326","20210319","군인특별공급 마창대","1","0","1","1","주택형","84B","1","Y"
"2021","52","경남 창원시","20210316","20210322","14","20210326","20210319","군인특별공급 마창대","1","0","1","1","주택형","84A","3","Y"
"2021","51","인천 미추홀구","20210316","20210322","14","20210326","20210319","군인특별공급 e편한","1","0","1","1","주택형","63B","1","Y"
"2021","51","인천 미추홀구","20210316","20210322","14","20210326","20210319","군인특별공급 e편한","1","0","1","1","주택형","63A","1","Y"
"2021","50","경남 거제시","20210316","20210322","14","20210326","20210318","(일정미정 차후재진","1","0","1","1","주택형","74A","5","Y"
"2021","50","경남 거제시","20210316","20210322","14","20210326","20210318","(일정미정 차후재진","1","0","1","1","주택형","74B","1","Y"
"2021","50","경남 거제시","20210316","20210322","14","20210326","20210318","(일정미정 차후재진","1","0","1","1","주택형","84D","4","Y"
"2021","50","경남 거제시","20210316","20210322","14","20210326","20210318","(일정미정 차후재진","1","0","1","1","주택형","84B","8","Y"
"2021","50","경남 거제시","20210316","20210322","14","20210326","20210318","(일정미정 차후재진","1","0","1","1","주택형","84C","3","Y"
"2021","50","경남 거제시","20210316","20210322","14","20210326","20210318","(일정미정 차후재진","1","0","1","1","주택형","84A","7","Y"
"2021","49","경남 김해시","20210316","20210412","14","20210416","20210408","군인특별공급 김해 ","1","0","1","1","주택형","59A","4","Y"
"2021","49","경남 김해시","20210316","20210412","14","20210416","20210408","군인특별공급 김해 ","1","0","1","1","주택형","59B","4","Y"
"2021","49","경남 김해시","20210316","20210412","14","20210416","20210408","군인특별공급 김해 ","1","0","1","1","주택형","59C","7","Y"
"2021","49","경남 김해시","20210316","20210412","14","20210416","20210408","군인특별공급 김해 ","1","0","1","1","주택형","75","7","N"
"2021","49","경남 김해시","20210316","20210412","14","20210416","20210408","군인특별공급 김해 ","1","0","1","1","취소","취소","0","Y"
"2021","49","경남 김해시","20210316","20210412","14","20210416","20210408","군인특별공급 김해 ","1","0","1","1","주택형","84B","4","Y"
"2021","49","경남 김해시","20210316","20210412","14","20210416","20210408","군인특별공급 김해 ","1","0","1","1","주택형","75 추가","6","Y"
"2021","49","경남 김해시","20210316","20210412","14","20210416","20210408","군인특별공급 김해 ","1","0","1","1","주택형","84A 추가","1","N"
"2021","49","경남 김해시","20210316","20210412","14","20210416","20210408","군인특별공급 김해 ","1","0","1","1","주택형","84A","7","N"
"2021","48","대구 달서구","20210316","20210322","14","20210326","20210318","군인특별공급 이안 ","1","0","1","1","주택형","84C","1","Y"
"2021","48","대구 달서구","20210316","20210322","14","20210326","20210318","군인특별공급 이안 ","1","0","1","1","주택형","84A","1","Y"
"2021","47","인천 미추홀구","20210309","20210315","14","20210319","20210311","군인특별공급인천 용","1","0","1","1","주택형","75A","2","Y"
"2021","47","인천 미추홀구","20210309","20210315","14","20210319","20210311","군인특별공급인천 용","1","0","1","1","주택형","84B","3","Y"
"2021","47","인천 미추홀구","20210309","20210315","14","20210319","20210311","군인특별공급인천 용","1","0","1","1","주택형","84A","3","Y"
"2021","47","인천 미추홀구","20210309","20210315","14","20210319","20210311","군인특별공급인천 용","1","0","1","1","주택형","75B","1","Y"
"2021","46","대구 동구","20210309","20210315","14","20210319","20210311","군인특별공급(일정미","1","0","1","1","주택형","84B","2","Y"
"2021","46","대구 동구","20210309","20210315","14","20210319","20210311","군인특별공급(일정미","1","0","1","1","주택형","84A","7","Y"
"2021","45","경남 양산시","20210309","20210315","14","20210319","20210312","군인특별공급양산 덕","1","0","1","1","주택형","59B","1","Y"
"2021","45","경남 양산시","20210309","20210315","14","20210319","20210312","군인특별공급양산 덕","1","0","1","1","주택형","59A","1","Y"
"2021","44","광주 광산구","20210309","20210322","14","20210326","20210318","군인특별공급(신청마","1","0","1","1","주택형","81B","2","Y"
"2021","44","광주 광산구","20210309","20210322","14","20210326","20210318","군인특별공급(신청마","1","0","1","1","주택형","81A","1","Y"
"2021","43","대구 동구","20210309","20210405","14","20210409","20210401","군인특별공급동대구역","1","0","1","1","주택형","79A","1","Y"
"2021","43","대구 동구","20210309","20210405","14","20210409","20210401","군인특별공급동대구역","1","0","1","1","주택형","84A","1","Y"
"2021","43","대구 동구","20210309","20210405","14","20210409","20210401","군인특별공급동대구역","1","0","1","1","취소","취소","0","Y"
"2021","43","대구 동구","20210309","20210405","14","20210409","20210401","군인특별공급동대구역","1","0","1","1","주택형","84A예비","3","N"
"2021","43","대구 동구","20210309","20210405","14","20210409","20210401","군인특별공급동대구역","1","0","1","1","주택형","84C예비","3","Y"
"2021","43","대구 동구","20210309","20210405","14","20210409","20210401","군인특별공급동대구역","1","0","1","1","주택형","84C","1","N"
"2021","42","울산 울주군","20210309","20210315","14","20210319","20210312","군인특별공급이편한세","1","0","1","1","주택형","84A","1","Y"
"2021","41","대구 동구","20210302","20210308","14","20210312","20210304","군인특별공급안심 B","1","0","1","1","주택형","84A","2","Y"
"2021","41","대구 동구","20210302","20210308","14","20210312","20210304","군인특별공급안심 B","1","0","1","1","주택형","84C","1","Y"
"2021","41","대구 동구","20210302","20210308","14","20210312","20210304","군인특별공급안심 B","1","0","1","1","주택형","84B","2","Y"
"2021","40","충남 계룡시","20210302","20210308","14","20210312","20210305","군인특별공급계룡자이","1","0","1","1","주택형","84A","20","Y"
"2021","40","충남 계룡시","20210302","20210308","14","20210312","20210305","군인특별공급계룡자이","1","0","1","1","주택형","84D","4","Y"
"2021","40","충남 계룡시","20210302","20210308","14","20210312","20210305","군인특별공급계룡자이","1","0","1","1","주택형","84C","10","Y"
"2026","34","광주 동구","2026-03-04","2026-03-16","10","2026-03-18","2026-03-13","군인특별공급 무등산","1","0","1","1","5BL","84C","1","Y"
"2026","34","광주 동구","2026-03-04","2026-03-16","10","2026-03-18","2026-03-13","군인특별공급 무등산","1","0","1","1","5BL","84B","2","Y"
"2026","33","부산 강서구","2026-03-04","2026-03-23","10","2026-03-25","2026-03-16","군인특별공급 에코델","1","0","1","1","5BL","84A","4","Y"
"2026","32","경기 시흥시","2026-03-04","2026-03-16","10","2026-03-18","2026-03-13","청약자격확인 시흥 ","1","0","1","1","B1","-","2","Y"
"2026","32","경기 시흥시","2026-03-04","2026-03-16","10","2026-03-18","2026-03-13","청약자격확인 시흥 ","1","0","1","1","B1","84B","1","Y"
"2026","31","경기 시흥시","2026-03-04","2026-03-16","10","2026-03-18","2026-03-13","군인특별공급 시흥 ","1","0","1","1","B1","84A","2","Y"
"2026","30","전남 여수시","2026-02-25","2026-03-09","10","2026-03-11","2026-03-06","군인특별공급 e편한","1","0","1","1","-","84C","1","Y"
"2026","29","대구 수성구","2026-02-25","2026-03-30","10","2026-04-01","2026-03-27","군인특별공급 범어역","1","0","1","1","-","74","1","Y"
"2026","28","인천 연수구","2026-02-25","2026-03-09","10","2026-03-11","2026-03-03","청약자격확인 연수 ","1","0","1","1","-","-","4","Y"
"2026","27","인천 연수구","2026-02-25","2026-03-09","10","2026-03-11","2026-03-03","군인특별공급 연수 ","1","0","1","1","-","74A","1","Y"
"2026","27","인천 연수구","2026-02-25","2026-03-09","10","2026-03-11","2026-03-03","군인특별공급 연수 ","1","0","1","1","-","60A","1","Y"
"2026","26","경기 가평군","2026-02-25","2026-03-09","10","2026-03-11","2026-03-06","청약자격확인 썬밸리","1","0","1","1","-","-","16","Y"
"2026","25","경기 가평군","2026-02-25","2026-03-09","10","2026-03-11","2026-03-06","군인특별공급 썬밸리","1","0","1","1","-","84C","1","Y"
"2026","25","경기 가평군","2026-02-25","2026-03-09","10","2026-03-11","2026-03-06","군인특별공급 썬밸리","1","0","1","1","-","84B","3","Y"
"2026","25","경기 가평군","2026-02-25","2026-03-09","10","2026-03-11","2026-03-06","군인특별공급 썬밸리","1","0","1","1","-","84A","7","Y"
"2026","25","경기 가평군","2026-02-25","2026-03-09","10","2026-03-11","2026-03-06","군인특별공급 썬밸리","1","0","1","1","-","67","1","Y"
"2026","25","경기 가평군","2026-02-25","2026-03-09","10","2026-03-11","2026-03-06","군인특별공급 썬밸리","1","0","1","1","-","59","3","Y"
"2026","24","경기 부천시","2026-02-25","2026-03-09","10","2026-03-11","2026-03-06","청약자격확인 부천역","1","0","1","1","-","-","3","Y"
"2026","23","경기 부천시","2026-02-25","2026-03-09","10","2026-03-11","2026-03-06","군인특별공급 부천역","1","0","1","1","-","64A","1","Y"
"2026","23","경기 부천시","2026-02-25","2026-03-09","10","2026-03-11","2026-03-06","군인특별공급 부천역","1","0","1","1","-","55D","1","Y"
"2026","22","경기도 오산시","2026-02-19","2026-02-23","10","2026-02-25","2026-02-19","청약자격확인 힐스테","1","0","1","1","-","-","1","Y"
"2026","21","대전 중구","2026-02-11","2026-03-16","10","2026-03-18","2026-03-13","군인특별공급 해링턴","1","0","1","1","-","84C","1","Y"
"2026","21","대전 중구","2026-02-11","2026-03-16","10","2026-03-18","2026-03-13","군인특별공급 해링턴","1","0","1","1","-","84B","2","Y"
"2026","21","대전 중구","2026-02-11","2026-03-16","10","2026-03-18","2026-03-13","군인특별공급 해링턴","1","0","1","1","-","84A","2","Y"
"2026","20","서울 강서구","2026-02-11","2026-03-09","10","2026-03-11","2026-03-06","군인특별공급 래미안","1","0","1","1","-","84C","1","Y"
"2026","20","서울 강서구","2026-02-11","2026-03-09","10","2026-03-11","2026-03-06","군인특별공급 래미안","1","0","1","1","-","84B","1","Y"
"2026","20","서울 강서구","2026-02-11","2026-03-09","10","2026-03-11","2026-03-06","군인특별공급 래미안","1","0","1","1","-","84A","2","Y"
"2026","19","서울 영등포구","2026-02-11","2026-03-16","10","2026-03-18","2026-03-12","군인특별공급 더샵 ","1","0","1","1","-","84B","1","Y"
"2026","19","서울 영등포구","2026-02-11","2026-03-16","10","2026-03-18","2026-03-12","군인특별공급 더샵 ","1","0","1","1","-","84A","1","Y"
"2026","19","서울 영등포구","2026-02-11","2026-03-16","10","2026-03-18","2026-03-12","군인특별공급 더샵 ","1","0","1","1","-","59C","1","Y"
"2026","18","경북 상주시","2026-02-11","2026-02-23","10","2026-02-25","2026-02-26","군인특별공급 상주자","1","0","1","1","-","84C","1","Y"
"2026","18","경북 상주시","2026-02-11","2026-02-23","10","2026-02-25","2026-02-26","군인특별공급 상주자","1","0","1","1","-","84B","1","Y"
"2026","18","경북 상주시","2026-02-11","2026-02-23","10","2026-02-25","2026-02-26","군인특별공급 상주자","1","0","1","1","-","84A","9","Y"
"2026","17","경북 경산시","2026-02-11","2026-03-03","10","2026-03-05","2026-02-26","군인특별공급 경산 ","1","0","1","1","-","84B","3","Y"
"2026","17","경북 경산시","2026-02-11","2026-03-03","10","2026-03-05","2026-02-26","군인특별공급 경산 ","1","0","1","1","-","84A","8","Y"
"2026","17","경북 경산시","2026-02-11","2026-03-03","10","2026-03-05","2026-02-26","군인특별공급 경산 ","1","0","1","1","-","74A","2","Y"
"2026","16","충남 천안시","2026-02-11","2026-02-23","10","2026-02-25","2026-02-20","군인특별공급 천안 ","1","0","1","1","-","84C","2","Y"
"2026","16","충남 천안시","2026-02-11","2026-02-23","10","2026-02-25","2026-02-20","군인특별공급 천안 ","1","0","1","1","-","84B","1","Y"
"2026","16","충남 천안시","2026-02-11","2026-02-23","10","2026-02-25","2026-02-20","군인특별공급 천안 ","1","0","1","1","-","84A","2","Y"
"2026","15","충남 천안시","2026-02-11","2026-02-23","10","2026-02-25","2026-02-20","군인특별공급 천안 ","1","0","1","1","-","84C","1","Y"
"2026","15","충남 천안시","2026-02-11","2026-02-23","10","2026-02-25","2026-02-20","군인특별공급 천안 ","1","0","1","1","-","84B","1","Y"
"2026","15","충남 천안시","2026-02-11","2026-02-23","10","2026-02-25","2026-02-20","군인특별공급 천안 ","1","0","1","1","-","84A","3","Y"
"2026","14","서울 노원구","2026-02-11","2026-02-23","10","2026-02-25","2026-02-20","군인특별공급 해링턴","1","0","1","1","-","59B","1","Y"
"2026","13","부산 금정구","2026-02-04","2026-02-19","10","2026-02-20","2026-02-13","군인특별공급 금정산","1","0","1","1","-","84","1","Y"
"2026","13","부산 금정구","2026-02-04","2026-02-19","10","2026-02-20","2026-02-13","군인특별공급 금정산","1","0","1","1","-","74","1","Y"
"2026","12","경기 양주시","2026-02-04","2026-02-19","10","2026-02-20","2026-02-13","청약자격확인 더 플","1","0","1","1","-","-","1","Y"
"2026","11","경기 양주시","2026-02-04","2026-02-19","10","2026-02-20","2026-02-13","군인특별공급 더 플","1","0","1","1","-","59B","1","Y"
"2026","10","경기 부천시","2026-02-04","2026-02-19","10","2026-02-20","2026-02-13","청약자격확인 쌍용 ","1","0","1","1","-","-","7","Y"
"2026","9","경기 부천시","2026-02-04","2026-02-19","10","2026-02-20","2026-02-13","군인특별공급 쌍용 ","1","0","1","1","-","59B","2","Y"
"2026","9","경기 부천시","2026-02-04","2026-02-19","10","2026-02-20","2026-02-13","군인특별공급 쌍용 ","1","0","1","1","-","59A","1","Y"
"2026","8","경기 구리시","2026-02-04","2026-02-19","10","2026-02-20","2026-02-11","청약자격확인 구리역","1","0","1","1","-","-","45","Y"
"2026","7","경기 구리시","2026-02-04","2026-02-19","10","2026-02-20","2026-02-11","군인특별공급 구리역","1","0","1","1","-","84","1","Y"
"2026","7","경기 구리시","2026-02-04","2026-02-19","10","2026-02-20","2026-02-11","군인특별공급 구리역","1","0","1","1","-","59C","3","Y"
"2026","7","경기 구리시","2026-02-04","2026-02-19","10","2026-02-20","2026-02-11","군인특별공급 구리역","1","0","1","1","-","59B","1","Y"
"2026","7","경기 구리시","2026-02-04","2026-02-19","10","2026-02-20","2026-02-11","군인특별공급 구리역","1","0","1","1","-","59A","3","Y"
"2026","7","경기 구리시","2026-02-04","2026-02-19","10","2026-02-20","2026-02-11","군인특별공급 구리역","1","0","1","1","-","44","1","Y"
"2026","7","경기 구리시","2026-02-04","2026-02-19","10","2026-02-20","2026-02-11","군인특별공급 구리역","1","0","1","1","-","29","1","Y"
"2026","6","부산 해운대구","2026-01-21","2026-02-02","10","2026-02-04","2026-01-30","군인특별공급 e편한","1","0","1","1","-","59A","2","Y"
"2026","5","인천 부평구","2026-01-21","2026-02-02","10","2026-02-04","2026-01-30","청약자격확인 두산위","1","0","1","1","-","-","1","Y"
"2026","4","인천 부평구","2026-01-21","2026-02-02","10","2026-02-04","2026-01-30","군인특별공급 두산위","1","0","1","1","-","74","1","Y"
"2026","3","경기 안양시","2026-01-14","2026-01-26","10","2026-01-28","2026-01-23","청약자격확인 안양역","1","0","1","1","-","-","12","Y"
"2026","2","경기 안양시","2026-01-14","2026-01-26","10","2026-01-28","2026-01-23","군인특별공급 안양역","1","0","1","1","-","43B2","1","Y"
"2026","2","경기 안양시","2026-01-14","2026-01-26","10","2026-01-28","2026-01-23","군인특별공급 안양역","1","0","1","1","-","43A1,43A2","5","Y"
"2026","1","울산 울주군","2026-01-07","2026-01-19","10","2026-01-21","2026-01-16","군인특별공급 남울산","1","0","1","1","-","59A","1","Y"
"2021","61","울산 울주군","20210323","20210329","14","20210402","20210325","군인특별공급 울산 ","1","0","1","1","주택형","59B","1","Y"
"2021","61","울산 울주군","20210323","20210329","14","20210402","20210325","군인특별공급 울산 ","1","0","1","1","주택형","84B","2","Y"
"2021","61","울산 울주군","20210323","20210329","14","20210402","20210325","군인특별공급 울산 ","1","0","1","1","주택형","74B","2","Y"
"2021","61","울산 울주군","20210323","20210329","14","20210402","20210325","군인특별공급 울산 ","1","0","1","1","주택형","84A","4","Y"
"2021","61","울산 울주군","20210323","20210329","14","20210402","20210325","군인특별공급 울산 ","1","0","1","1","주택형","74A","2","Y"
"2021","60","경기 오산시","20210323","20210329","14","20210402","20210325","군인특별공급 오산세","1","0","1","1","주택형","74","3","Y"
"2021","60","경기 오산시","20210323","20210329","14","20210402","20210325","군인특별공급 오산세","1","0","1","1","주택형","84B","1","Y"
"2021","60","경기 오산시","20210323","20210329","14","20210402","20210325","군인특별공급 오산세","1","0","1","1","주택형","84A","5","Y"
"2021","59","경남 창원시","20210323","20210329","14","20210402","20210326","군인특별공급 진해남","1","0","1","1","주택형","74A","3","Y"
"2026","62","서울 강북구","2026-03-25","2026-04-13","10","2026-04-15","2026-04-10","군인특별공급 더 리","1","0","1","1","-","49A","1","Y"
"2026","61","서울 동작구","2026-03-25","2026-04-06","10","2026-04-08","2026-04-03","군인특별공급 라클라","1","0","1","1","-","84B","2","Y"
"2026","61","서울 동작구","2026-03-25","2026-04-06","10","2026-04-08","2026-04-03","군인특별공급 라클라","1","0","1","1","-","84A","1","Y"
"2026","61","서울 동작구","2026-03-25","2026-04-06","10","2026-04-08","2026-04-03","군인특별공급 라클라","1","0","1","1","-","59A","3","Y"
"2026","60","인천 부평구","2026-03-19","2026-03-30","10","2026-04-01","2026-03-27","청약자격확인 중앙하","1","0","1","1","-","-","2","Y"
"2026","59","인천 부평구","2026-03-19","2026-03-30","10","2026-04-01","2026-03-27","군인특별공급 중앙하","1","0","1","1","-","59","1","Y"
"2026","58","인천 중구","2026-03-19","2026-03-23","10","2026-03-25","2026-03-18","청약자격확인 오션포","1","0","1","1","8BL","-","7","Y"
"2026","57","인천 중구","2026-03-19","2026-03-23","10","2026-03-25","2026-03-18","군인특별공급 오션포","1","0","1","1","8BL","84C","1","Y"
"2026","57","인천 중구","2026-03-19","2026-03-23","10","2026-03-25","2026-03-18","군인특별공급 오션포","1","0","1","1","8BL","84B-1","1","Y"
"2026","57","인천 중구","2026-03-19","2026-03-23","10","2026-03-25","2026-03-18","군인특별공급 오션포","1","0","1","1","8BL","84A","2","Y"
"2026","56","강원 고성군","2026-03-18","2026-04-06","10","2026-04-08","2026-04-03","군인특별공급 르네오","1","0","1","1","-","84B","3","Y"
"2026","56","강원 고성군","2026-03-18","2026-04-06","10","2026-04-08","2026-04-03","군인특별공급 르네오","1","0","1","1","-","84A","1","Y"
"2026","56","강원 고성군","2026-03-18","2026-04-06","10","2026-04-08","2026-04-03","군인특별공급 르네오","1","0","1","1","-","74","1","Y"
"2026","55","충남 천안시","2026-03-18","2026-04-06","10","2026-04-08","2026-04-03","군인특별공급 업성 ","1","0","1","1","A1BL","84D","1","Y"
"2026","55","충남 천안시","2026-03-18","2026-04-06","10","2026-04-08","2026-04-03","군인특별공급 업성 ","1","0","1","1","A1BL","84C","2","Y"
"2026","55","충남 천안시","2026-03-18","2026-04-06","10","2026-04-08","2026-04-03","군인특별공급 업성 ","1","0","1","1","A1BL","84B","1","Y"
"2026","55","충남 천안시","2026-03-18","2026-04-06","10","2026-04-08","2026-04-03","군인특별공급 업성 ","1","0","1","1","A1BL","84A","3","Y"
"2026","55","충남 천안시","2026-03-18","2026-04-06","10","2026-04-08","2026-04-03","군인특별공급 업성 ","1","0","1","1","A1BL","72D","1","Y"
"2026","55","충남 천안시","2026-03-18","2026-04-06","10","2026-04-08","2026-04-03","군인특별공급 업성 ","1","0","1","1","A1BL","72C","1","Y"
"2026","55","충남 천안시","2026-03-18","2026-04-06","10","2026-04-08","2026-04-03","군인특별공급 업성 ","1","0","1","1","A1BL","72B","3","Y"
"2026","55","충남 천안시","2026-03-18","2026-04-06","10","2026-04-08","2026-04-03","군인특별공급 업성 ","1","0","1","1","A1BL","72A","8","Y"
"2026","54","충남 천안시","2026-03-18","2026-03-30","10","2026-04-01","2026-03-27","군인특별공급 천안 ","1","0","1","1","-","84G","1","Y"
"2026","54","충남 천안시","2026-03-18","2026-03-30","10","2026-04-01","2026-03-27","군인특별공급 천안 ","1","0","1","1","-","84D","1","Y"
"2026","54","충남 천안시","2026-03-18","2026-03-30","10","2026-04-01","2026-03-27","군인특별공급 천안 ","1","0","1","1","-","84C","2","Y"
"2026","54","충남 천안시","2026-03-18","2026-03-30","10","2026-04-01","2026-03-27","군인특별공급 천안 ","1","0","1","1","-","84B","1","Y"
"2026","54","충남 천안시","2026-03-18","2026-03-30","10","2026-04-01","2026-03-27","군인특별공급 천안 ","1","0","1","1","-","84A","1","Y"
"2026","53","경남 진주시","2026-03-18","2026-03-30","10","2026-04-01","2026-03-27","군인특별공급 힐스테","1","0","1","1","-","84B","1","Y"
"2026","53","경남 진주시","2026-03-18","2026-03-30","10","2026-04-01","2026-03-27","군인특별공급 힐스테","1","0","1","1","-","84A","1","Y"
"2026","52","부산 사상구","2026-03-18","2026-03-30","10","2026-04-01","2026-03-27","군인특별공급 엄궁역","1","0","1","1","-","84C","1","Y"
"2026","52","부산 사상구","2026-03-18","2026-03-30","10","2026-04-01","2026-03-27","군인특별공급 엄궁역","1","0","1","1","-","84B","3","Y"
"2026","52","부산 사상구","2026-03-18","2026-03-30","10","2026-04-01","2026-03-27","군인특별공급 엄궁역","1","0","1","1","-","84A","3","Y"
"2026","52","부산 사상구","2026-03-18","2026-03-30","10","2026-04-01","2026-03-27","군인특별공급 엄궁역","1","0","1","1","-","74A","1","Y"
"2026","52","부산 사상구","2026-03-18","2026-03-30","10","2026-04-01","2026-03-27","군인특별공급 엄궁역","1","0","1","1","-","59A","2","Y"
"2026","51","인천 서구","2026-03-18","2026-03-30","10","2026-04-01","2026-03-26","청약자격확인 검단호","1","0","1","1","AA36BL","-","17","Y"
"2026","50","인천 서구","2026-03-18","2026-03-30","10","2026-04-01","2026-03-26","군인특별공급 검단호","1","0","1","1","AA36BL","84B","2","Y"
"2026","50","인천 서구","2026-03-18","2026-03-30","10","2026-04-01","2026-03-26","군인특별공급 검단호","1","0","1","1","AA36BL","84A","2","Y"
"2026","49","경기 남양주시","2026-03-18","2026-03-30","10","2026-04-01","2026-03-27","청약자격확인 오남역","1","0","1","1","-","-","3","Y"
"2026","48","경기 남양주시","2026-03-18","2026-03-30","10","2026-04-01","2026-03-27","군인특별공급 오남역","1","0","1","1","-","84","1","Y"
"2026","48","경기 남양주시","2026-03-18","2026-03-30","10","2026-04-01","2026-03-27","군인특별공급 오남역","1","0","1","1","-","59A","1","Y"
"2026","47","경기 용인시","2026-03-18","2026-04-06","10","2026-04-08","2026-04-02","청약자격확인 용인양","1","0","1","1","-","-","16","Y"
"2026","46","경기 용인시","2026-03-18","2026-04-06","10","2026-04-08","2026-04-02","군인특별공급 용인양","1","0","1","1","-","84B","1","Y"
"2026","46","경기 용인시","2026-03-18","2026-04-06","10","2026-04-08","2026-04-02","군인특별공급 용인양","1","0","1","1","-","69","2","Y"
"2026","46","경기 용인시","2026-03-18","2026-04-06","10","2026-04-08","2026-04-02","군인특별공급 용인양","1","0","1","1","-","59C","1","Y"
"2026","46","경기 용인시","2026-03-18","2026-04-06","10","2026-04-08","2026-04-02","군인특별공급 용인양","1","0","1","1","-","59B","1","Y"
"2026","45","경남 창원시","2026-03-11","2026-03-23","10","2026-03-25","2026-03-20","군인특별공급 창원자","1","0","1","1","-","84D","1","Y"
"2026","45","경남 창원시","2026-03-11","2026-03-23","10","2026-03-25","2026-03-20","군인특별공급 창원자","1","0","1","1","-","84C","2","Y"
"2026","45","경남 창원시","2026-03-11","2026-03-23","10","2026-03-25","2026-03-20","군인특별공급 창원자","1","0","1","1","-","84B","2","Y"
"2026","45","경남 창원시","2026-03-11","2026-03-23","10","2026-03-25","2026-03-20","군인특별공급 창원자","1","0","1","1","-","84A","5","Y"
"2026","44","대전 동구","2026-03-11","2026-03-23","10","2026-03-25","2026-03-20","군인특별공급 대전 ","1","0","1","1","-","84A","1","Y"
"2026","43","부산 사하구","2026-03-11","2026-03-23","10","2026-03-25","2026-03-20","군인특별공급 한화포","1","0","1","1","-","84","1","Y"
"2026","43","부산 사하구","2026-03-11","2026-03-23","10","2026-03-25","2026-03-20","군인특별공급 한화포","1","0","1","1","-","59","2","Y"
"2026","42","부산 금정구","2026-03-11","2026-04-06","10","2026-04-08","2026-03-30","군인특별공급 구서 ","1","0","1","1","-","78","1","Y"
"2026","41","경기 의정부시","2026-03-11","2026-03-30","10","2026-04-01","2026-03-26","청약자격확인 의정부","1","0","1","1","-","-","12","Y"
"2026","40","경기 의정부시","2026-03-11","2026-03-30","10","2026-04-01","2026-03-26","군인특별공급 의정부","1","0","1","1","-","84B","2","Y"
"2026","40","경기 의정부시","2026-03-11","2026-03-30","10","2026-04-01","2026-03-26","군인특별공급 의정부","1","0","1","1","-","84A","2","Y"
"2026","40","경기 의정부시","2026-03-11","2026-03-30","10","2026-04-01","2026-03-26","군인특별공급 의정부","1","0","1","1","-","74A","1","Y"
"2026","39","서울 영등포구","2026-03-11","2026-03-23","10","2026-03-25","2026-03-20","군인특별공급 더샵 ","1","0","1","1","-","84A","2","Y"
"2026","39","서울 영등포구","2026-03-11","2026-03-23","10","2026-03-25","2026-03-20","군인특별공급 더샵 ","1","0","1","1","-","74A","1","Y"
"2026","39","서울 영등포구","2026-03-11","2026-03-23","10","2026-03-25","2026-03-20","군인특별공급 더샵 ","1","0","1","1","-","59B","1","Y"
"2026","39","서울 영등포구","2026-03-11","2026-03-23","10","2026-03-25","2026-03-20","군인특별공급 더샵 ","1","0","1","1","-","51C","1","Y"
"2026","39","서울 영등포구","2026-03-11","2026-03-23","10","2026-03-25","2026-03-20","군인특별공급 더샵 ","1","0","1","1","-","51B","1","Y"
"2026","38","서울 서초구","2026-03-11","2026-04-06","10","2026-04-08","2026-03-31","군인특별공급 오티에","1","0","1","1","-","59B","1","Y"
"2026","37","경기 용인시","2026-03-11","2026-03-16","10","2026-03-18","2026-03-13","청약자격확인 용인 ","1","0","1","1","-","-","7","Y"
"2026","36","경기 용인시","2026-03-11","2026-03-16","10","2026-03-18","2026-03-13","군인특별공급 용인 ","1","0","1","1","-","84B","1","Y"
"2026","36","경기 용인시","2026-03-11","2026-03-16","10","2026-03-18","2026-03-13","군인특별공급 용인 ","1","0","1","1","-","84A","1","Y"
"2026","35","충남 아산시","2026-03-04","2026-03-23","10","2026-03-25","2026-03-20","군인특별공급 아산탕","1","0","1","1","A3BL","84E","1","Y"
"2026","35","충남 아산시","2026-03-04","2026-03-23","10","2026-03-25","2026-03-20","군인특별공급 아산탕","1","0","1","1","A3BL","84D","1","Y"
"2026","35","충남 아산시","2026-03-04","2026-03-23","10","2026-03-25","2026-03-20","군인특별공급 아산탕","1","0","1","1","A3BL","84C","1","Y"
"2026","35","충남 아산시","2026-03-04","2026-03-23","10","2026-03-25","2026-03-20","군인특별공급 아산탕","1","0","1","1","A3BL","84B","5","Y"
"2026","35","충남 아산시","2026-03-04","2026-03-23","10","2026-03-25","2026-03-20","군인특별공급 아산탕","1","0","1","1","A3BL","84A","17","Y"
"2026","35","충남 아산시","2026-03-04","2026-03-23","10","2026-03-25","2026-03-20","군인특별공급 아산탕","1","0","1","1","A3BL","59B","1","Y"
"2026","35","충남 아산시","2026-03-04","2026-03-23","10","2026-03-25","2026-03-20","군인특별공급 아산탕","1","0","1","1","A3BL","59A","2","Y"
"2026","34","광주 동구","2026-03-04","2026-03-16","10","2026-03-18","2026-03-13","군인특별공급 무등산","1","0","1","1","-","84A","1","Y"
"2025","10","경기 고양시","2025-01-22","2025-02-10","10","2025-02-12","2025-01-31","군인특별공급 고양창","1","1","0","0","S5","51","1","Y"
"2025","9","(일정재개)충북 충","2025-01-22","2025-03-24","10","2025-03-26","2025-03-21","(일정재개)군인특별","1","0","1","1","-","84B","1","Y"
"2025","9","(일정재개)충북 충","2025-01-22","2025-03-24","10","2025-03-26","2025-03-21","(일정재개)군인특별","1","0","1","1","-","59","1","Y"
"2025","8","(일정재개)인천 미","2025-01-15","2025-03-17","10","2025-03-19","2025-03-14","(일정재개)청약자격","1","0","1","1","-","-","5","Y"
"2025","7","(일정재개)인천 미","2025-01-15","2025-03-17","10","2025-03-19","2025-03-14","(일정재개)군인특별","1","0","1","1","-","76","2","Y"
"2025","7","(일정재개)인천 미","2025-01-15","2025-03-17","10","2025-03-19","2025-03-14","(일정재개)군인특별","1","0","1","1","-","73","1","Y"
"2025","6","부산 북구","2025-01-10","2025-01-13","10","2025-01-15","2025-01-09","군인특별공급 한화포","1","0","1","1","-","59A","1","Y"
"2025","5","경기 양주시","2025-01-08","2025-01-20","10","2025-01-22","2025-01-17","청약자격확인 양주용","1","0","1","1","-","-","8","Y"
"2025","4","경기 양주시","2025-01-08","2025-01-20","10","2025-01-22","2025-01-17","군인특별공급 양주용","1","0","1","1","-","75A","1","Y"
"2025","4","경기 양주시","2025-01-08","2025-01-20","10","2025-01-22","2025-01-17","군인특별공급 양주용","1","0","1","1","-","59A","1","Y"
"2025","3","서울 서초구","2025-01-08","2025-01-20","10","2025-01-22","2025-01-17","군인특별공급 래미안","1","0","1","1","-","84E","1","Y"
"2025","3","서울 서초구","2025-01-08","2025-01-20","10","2025-01-22","2025-01-17","군인특별공급 래미안","1","0","1","1","-","84D","1","Y"
"2025","3","서울 서초구","2025-01-08","2025-01-20","10","2025-01-22","2025-01-17","군인특별공급 래미안","1","0","1","1","-","84B","3","Y"
"2025","3","서울 서초구","2025-01-08","2025-01-20","10","2025-01-22","2025-01-17","군인특별공급 래미안","1","0","1","1","-","59C","1","Y"
"2025","3","서울 서초구","2025-01-08","2025-01-20","10","2025-01-22","2025-01-17","군인특별공급 래미안","1","0","1","1","-","59A","1","Y"
"2025","2","울산 울주군","2025-01-02","2025-01-24","10","2025-01-24","2025-01-24","(일정연기)군인특별","1","0","1","1","-","84A","1","Y"
"2025","2","울산 울주군","2025-01-02","2025-01-24","10","2025-01-24","2025-01-24","(일정연기)군인특별","1","0","1","1","-","74B","1","Y"
"2025","2","울산 울주군","2025-01-02","2025-01-24","10","2025-01-24","2025-01-24","(일정연기)군인특별","1","0","1","1","-","74A","1","Y"
"2025","2","울산 울주군","2025-01-02","2025-01-24","10","2025-01-24","2025-01-24","(일정연기)군인특별","1","0","1","1","-","59B","2","Y"
"2025","2","울산 울주군","2025-01-02","2025-01-24","10","2025-01-24","2025-01-24","(일정연기)군인특별","1","0","1","1","-","59A","1","Y"
"2025","1","전북 전주시","2025-01-02","2025-01-13","10","2025-01-15","2025-01-09","군인특별공급 더샵 ","1","0","1","1","-","84D","12","Y"
"2025","1","전북 전주시","2025-01-02","2025-01-13","10","2025-01-15","2025-01-09","군인특별공급 더샵 ","1","0","1","1","-","84B","2","Y"
"2025","1","전북 전주시","2025-01-02","2025-01-13","10","2025-01-15","2025-01-09","군인특별공급 더샵 ","1","0","1","1","-","84A","3","Y"
"2025","1","전북 전주시","2025-01-02","2025-01-13","10","2025-01-15","2025-01-09","군인특별공급 더샵 ","1","0","1","1","-","59D","2","Y"
"2025","1","전북 전주시","2025-01-02","2025-01-13","10","2025-01-15","2025-01-09","군인특별공급 더샵 ","1","0","1","1","-","59C","1","Y"
"2026","82","충남 공주시","2026-04-01","2026-04-13","10","2026-04-15","2026-04-10","군인특별공급 공주월","1","0","1","1","A1BL","84B","2","Y"
"2026","82","충남 공주시","2026-04-01","2026-04-13","10","2026-04-15","2026-04-10","군인특별공급 공주월","1","0","1","1","A1BL","84A","4","Y"
"2026","81","울산 남구","2026-04-01","2026-04-13","10","2026-04-15","2026-04-10","군인특별공급 울산신","1","0","1","1","-","84E","1","Y"
"2026","81","울산 남구","2026-04-01","2026-04-13","10","2026-04-15","2026-04-10","군인특별공급 울산신","1","0","1","1","-","84D","2","Y"
"2026","81","울산 남구","2026-04-01","2026-04-13","10","2026-04-15","2026-04-10","군인특별공급 울산신","1","0","1","1","-","84C","2","Y"
"2026","81","울산 남구","2026-04-01","2026-04-13","10","2026-04-15","2026-04-10","군인특별공급 울산신","1","0","1","1","-","84B","1","Y"
"2026","81","울산 남구","2026-04-01","2026-04-13","10","2026-04-15","2026-04-10","군인특별공급 울산신","1","0","1","1","-","84A","1","Y"
"2026","80","강원 강릉시","2026-04-01","2026-04-13","10","2026-04-15","2026-04-10","군인특별공급 강릉 ","1","0","1","1","-","84E","2","Y"
"2026","80","강원 강릉시","2026-04-01","2026-04-13","10","2026-04-15","2026-04-10","군인특별공급 강릉 ","1","0","1","1","-","84C","5","Y"
"2026","80","강원 강릉시","2026-04-01","2026-04-13","10","2026-04-15","2026-04-10","군인특별공급 강릉 ","1","0","1","1","-","84B","1","Y"
"2026","80","강원 강릉시","2026-04-01","2026-04-13","10","2026-04-15","2026-04-10","군인특별공급 강릉 ","1","0","1","1","-","84A","3","Y"
"2026","79","전남 여수시","2026-04-01","2026-04-13","10","2026-04-15","2026-04-10","군인특별공급 여수 ","1","0","1","1","A4BL","84D","1","Y"
"2026","79","전남 여수시","2026-04-01","2026-04-13","10","2026-04-15","2026-04-10","군인특별공급 여수 ","1","0","1","1","A4BL","84C","1","Y"
"2026","79","전남 여수시","2026-04-01","2026-04-13","10","2026-04-15","2026-04-10","군인특별공급 여수 ","1","0","1","1","A4BL","84B","2","Y"
"2026","79","전남 여수시","2026-04-01","2026-04-13","10","2026-04-15","2026-04-10","군인특별공급 여수 ","1","0","1","1","A4BL","84A","5","Y"
"2026","78","전남 여수시","2026-04-01","2026-04-13","10","2026-04-15","2026-04-10","군인특별공급 여수 ","1","0","1","1","A3BL","84D","2","Y"
"2026","78","전남 여수시","2026-04-01","2026-04-13","10","2026-04-15","2026-04-10","군인특별공급 여수 ","1","0","1","1","A3BL","84C","3","Y"
"2026","78","전남 여수시","2026-04-01","2026-04-13","10","2026-04-15","2026-04-10","군인특별공급 여수 ","1","0","1","1","A3BL","84B","1","Y"
"2026","78","전남 여수시","2026-04-01","2026-04-13","10","2026-04-15","2026-04-10","군인특별공급 여수 ","1","0","1","1","A3BL","84A","7","Y"
"2026","77","충남 아산시","2026-04-01","2026-04-13","10","2026-04-15","2026-04-10","군인특별공급 아산 ","1","0","1","1","-","84A","5","Y"
"2026","76","충북 청주시","2026-04-01","2026-04-13","10","2026-04-15","2026-04-10","군인특별공급 청주 ","1","0","1","1","-","84C","3","Y"
"2026","76","충북 청주시","2026-04-01","2026-04-13","10","2026-04-15","2026-04-10","군인특별공급 청주 ","1","0","1","1","-","84B","3","Y"
"2026","76","충북 청주시","2026-04-01","2026-04-13","10","2026-04-15","2026-04-10","군인특별공급 청주 ","1","0","1","1","-","84A","3","Y"
"2026","75","전북 전주시","2026-04-01","2026-04-13","10","2026-04-15","2026-04-10","군인특별공급 골드클","1","0","1","1","-","84C","1","Y"
"2026","75","전북 전주시","2026-04-01","2026-04-13","10","2026-04-15","2026-04-10","군인특별공급 골드클","1","0","1","1","-","84B","2","Y"
"2026","75","전북 전주시","2026-04-01","2026-04-13","10","2026-04-15","2026-04-10","군인특별공급 골드클","1","0","1","1","-","84A","1","Y"
"2026","75","전북 전주시","2026-04-01","2026-04-13","10","2026-04-15","2026-04-10","군인특별공급 골드클","1","0","1","1","-","59A","3","Y"
"2026","74","대전 유성구","2026-04-01","2026-04-13","10","2026-04-15","2026-04-09","군인특별공급 도안자","1","0","1","1","30BL","84A","9","Y"
"2026","73","대전 유성구","2026-04-01","2026-04-13","10","2026-04-15","2026-04-09","군인특별공급 도안자","1","0","1","1","26BL","84C","3","Y"
"2026","73","대전 유성구","2026-04-01","2026-04-13","10","2026-04-15","2026-04-09","군인특별공급 도안자","1","0","1","1","26BL","84A","9","Y"
"2026","72","경기 화성시","2026-04-01","2026-04-13","10","2026-04-15","2026-04-06","청약자격확인 야목역","1","0","1","1","-","-","3","Y"
"2026","71","경기 화성시","2026-04-01","2026-04-13","10","2026-04-15","2026-04-06","군인특별공급 야목역","1","0","1","1","-","84B","2","Y"
"2026","71","경기 화성시","2026-04-01","2026-04-13","10","2026-04-15","2026-04-06","군인특별공급 야목역","1","0","1","1","-","84A","1","Y"
"2026","71","경기 화성시","2026-04-01","2026-04-13","10","2026-04-15","2026-04-06","군인특별공급 야목역","1","0","1","1","-","59A","1","Y"
"2026","70","경기 양주시","2026-04-01","2026-04-13","10","2026-04-15","2026-04-09","청약자격확인 옥정중","1","0","1","1","복합1BL","-","85","Y"
"2026","69","경기 양주시","2026-04-01","2026-04-13","10","2026-04-15","2026-04-09","군인특별공급 옥정중","1","0","1","1","복합1BL","84B","13","Y"
"2026","69","경기 양주시","2026-04-01","2026-04-13","10","2026-04-15","2026-04-09","군인특별공급 옥정중","1","0","1","1","복합1BL","84A","13","Y"
"2026","68","경기 용인시","2026-04-01","2026-04-13","10","2026-04-15","2026-04-10","청약자격확인 용인 ","1","0","1","1","-","-","10","Y"
"2026","67","경기 용인시","2026-04-01","2026-04-13","10","2026-04-15","2026-04-10","군인특별공급 용인 ","1","0","1","1","-","84B","1","Y"
"2026","67","경기 용인시","2026-04-01","2026-04-13","10","2026-04-15","2026-04-10","군인특별공급 용인 ","1","0","1","1","-","84A","2","Y"
"2026","67","경기 용인시","2026-04-01","2026-04-13","10","2026-04-15","2026-04-10","군인특별공급 용인 ","1","0","1","1","-","75B","1","Y"
"2026","67","경기 용인시","2026-04-01","2026-04-13","10","2026-04-15","2026-04-10","군인특별공급 용인 ","1","0","1","1","-","75A","3","Y"
"2026","67","경기 용인시","2026-04-01","2026-04-13","10","2026-04-15","2026-04-10","군인특별공급 용인 ","1","0","1","1","-","59A","2","Y"
"2026","66","경기 안양시","2026-03-31","2026-04-01","10","2026-04-01","2026-03-27","힐스테이트 안양펠루","1","0","1","1","-","-","2","Y"
"2026","65","전북 전주시","2026-03-25","2026-04-06","10","2026-04-08","2026-04-02","군인특별공급 북전주","1","0","1","1","-","84B","1","Y"
"2026","65","전북 전주시","2026-03-25","2026-04-06","10","2026-04-08","2026-04-02","군인특별공급 북전주","1","0","1","1","-","84A","5","Y"
"2026","64","경기 김포시","2026-03-25","2026-04-06","10","2026-04-08","2026-04-03","청약자격확인 풍무역","1","0","1","1","B1BL","-","19","Y"
"2026","63","경기 김포시","2026-03-25","2026-04-06","10","2026-04-08","2026-04-03","군인특별공급 풍무역","1","0","1","1","B1BL","84","3","Y"
"2025","40","경기 하남시","2025-03-26","2025-04-07","10","2025-04-09","2025-03-31","군인특별공급 교산 ","1","1","0","0","A2","59","1","Y"
"2025","39","서울 중구","2025-03-26","2025-04-21","10","2025-04-23","2025-04-17","(일정연기)청약자격","1","0","1","1","-","-","3","Y"
"2025","38","서울 중구","2025-03-26","2025-04-21","10","2025-04-23","2025-04-17","(일정연기)군인특별","1","0","1","1","-","39","2","Y"
"2025","37","강원 강릉시","2025-03-19","2025-04-01","10","2025-04-02","2025-03-31","군인특별공급 강릉홍","1","0","1","1","-","74","1","Y"
"2025","37","강원 강릉시","2025-03-19","2025-04-01","10","2025-04-02","2025-03-31","군인특별공급 강릉홍","1","0","1","1","-","59B","1","Y"
"2025","36","부산 동래구","2025-03-12","2025-03-24","10","2025-03-26","2025-03-21","군인특별공급 동래 ","1","0","1","1","-","84C","1","Y"
"2025","36","부산 동래구","2025-03-12","2025-03-24","10","2025-03-26","2025-03-21","군인특별공급 동래 ","1","0","1","1","-","84B","5","Y"
"2025","36","부산 동래구","2025-03-12","2025-03-24","10","2025-03-26","2025-03-21","군인특별공급 동래 ","1","0","1","1","-","84A","2","Y"
"2025","35","부산 강서구","2025-03-12","2025-03-24","10","2025-03-26","2025-03-21","군인특별공급 에코델","1","0","1","1","24BL","84A","4","Y"
"2025","35","부산 강서구","2025-03-12","2025-03-24","10","2025-03-26","2025-03-21","군인특별공급 에코델","1","0","1","1","24BL","59C","1","Y"
"2025","35","부산 강서구","2025-03-12","2025-03-24","10","2025-03-26","2025-03-21","군인특별공급 에코델","1","0","1","1","24BL","59B","1","Y"
"2025","35","부산 강서구","2025-03-12","2025-03-24","10","2025-03-26","2025-03-21","군인특별공급 에코델","1","0","1","1","24BL","59A","6","Y"
"2025","34","경기 김포시","2025-03-12","2025-03-24","10","2025-03-26","2025-03-20","청약자격확인 풍무역","1","0","1","1","-","-","3","Y"
"2025","33","경기 김포시","2025-03-12","2025-03-24","10","2025-03-26","2025-03-20","군인특별공급 풍무역","1","0","1","1","-","84B","1","Y"
"2025","33","경기 김포시","2025-03-12","2025-03-24","10","2025-03-26","2025-03-20","군인특별공급 풍무역","1","0","1","1","-","84A","1","Y"
"2025","33","경기 김포시","2025-03-12","2025-03-24","10","2025-03-26","2025-03-20","군인특별공급 풍무역","1","0","1","1","-","75A","1","Y"
"2025","33","경기 김포시","2025-03-12","2025-03-24","10","2025-03-26","2025-03-20","군인특별공급 풍무역","1","0","1","1","-","65B","2","Y"
"2025","33","경기 김포시","2025-03-12","2025-03-24","10","2025-03-26","2025-03-20","군인특별공급 풍무역","1","0","1","1","-","65A","4","Y"
"2025","32","강원 원주시","2025-03-05","2025-03-17","10","2025-03-19","2025-03-14","군인특별공급 원주역","1","0","1","1","A-2","84B","2","Y"
"2025","32","강원 원주시","2025-03-05","2025-03-17","10","2025-03-19","2025-03-14","군인특별공급 원주역","1","0","1","1","A-2","84A","8","Y"
"2025","31","경북 포항시","2025-03-05","2025-03-24","10","2025-03-26","2025-03-21","(일정연기)군인특별","1","0","1","1","-","84C","2","Y"
"2025","31","경북 포항시","2025-03-05","2025-03-24","10","2025-03-26","2025-03-21","(일정연기)군인특별","1","0","1","1","-","84B","1","Y"
"2025","31","경북 포항시","2025-03-05","2025-03-24","10","2025-03-26","2025-03-21","(일정연기)군인특별","1","0","1","1","-","84A","10","Y"
"2025","30","대구 중구","2025-03-05","2025-03-17","10","2025-03-19","2025-03-14","군인특별공급 반월당","1","0","1","1","-","84B","1","Y"
"2025","30","대구 중구","2025-03-05","2025-03-17","10","2025-03-19","2025-03-14","군인특별공급 반월당","1","0","1","1","-","84A","2","Y"
"2025","29","(일정재개)인천 미","2025-04-09","2025-04-21","10","2025-04-23","2025-04-18","(일정재개)청약자격","1","0","1","1","4BL","-","39","Y"
"2025","28","(일정재개)인천 미","2025-04-09","2025-04-21","10","2025-04-23","2025-04-18","(일정재개)군인특별","1","0","1","1","4BL","84C","3","Y"
"2025","28","(일정재개)인천 미","2025-04-09","2025-04-21","10","2025-04-23","2025-04-18","(일정재개)군인특별","1","0","1","1","4BL","84B","6","Y"
"2025","28","(일정재개)인천 미","2025-04-09","2025-04-21","10","2025-04-23","2025-04-18","(일정재개)군인특별","1","0","1","1","4BL","84A","12","Y"
"2025","28","(일정재개)인천 미","2025-04-09","2025-04-21","10","2025-04-23","2025-04-18","(일정재개)군인특별","1","0","1","1","4BL","75","1","Y"
"2025","28","(일정재개)인천 미","2025-04-09","2025-04-21","10","2025-04-23","2025-04-18","(일정재개)군인특별","1","0","1","1","4BL","59","3","Y"
"2025","27","경기 부천시","2025-03-04","2025-03-06","10","2025-03-06","2025-02-28","청약자격확인 부천 ","1","0","1","1","-","-","2","Y"
"2025","26","(일정연기)경남 창","2025-02-25","2025-03-24","10","2025-03-26","2025-03-21","(일정연기)군인특별","1","0","1","1","-","84D","1","Y"
"2025","26","(일정연기)경남 창","2025-02-25","2025-03-24","10","2025-03-26","2025-03-21","(일정연기)군인특별","1","0","1","1","-","84C","2","Y"
"2025","26","(일정연기)경남 창","2025-02-25","2025-03-24","10","2025-03-26","2025-03-21","(일정연기)군인특별","1","0","1","1","-","84B","6","Y"
"2025","26","(일정연기)경남 창","2025-02-25","2025-03-24","10","2025-03-26","2025-03-21","(일정연기)군인특별","1","0","1","1","-","84A","7","Y"
"2025","26","(일정연기)경남 창","2025-02-25","2025-03-24","10","2025-03-26","2025-03-21","(일정연기)군인특별","1","0","1","1","-","74B","2","Y"
"2025","26","(일정연기)경남 창","2025-02-25","2025-03-24","10","2025-03-26","2025-03-21","(일정연기)군인특별","1","0","1","1","-","74A","2","Y"
"2025","26","(일정연기)경남 창","2025-02-25","2025-03-24","10","2025-03-26","2025-03-21","(일정연기)군인특별","1","0","1","1","-","59C","3","Y"
"2025","26","(일정연기)경남 창","2025-02-25","2025-03-24","10","2025-03-26","2025-03-21","(일정연기)군인특별","1","0","1","1","-","59B","4","Y"
"2025","26","(일정연기)경남 창","2025-02-25","2025-03-24","10","2025-03-26","2025-03-21","(일정연기)군인특별","1","0","1","1","-","59A","6","Y"
"2025","26","(일정연기)경남 창","2025-02-25","2025-03-24","10","2025-03-26","2025-03-21","(일정연기)군인특별","1","0","1","1","-","54B","1","Y"
"2025","26","(일정연기)경남 창","2025-02-25","2025-03-24","10","2025-03-26","2025-03-21","(일정연기)군인특별","1","0","1","1","-","54A","3","Y"
"2025","25","(일정재개)부산 동","2025-02-25","2025-11-03","10","2025-11-05","2025-10-31","(일정재개,명칭변경","1","0","1","1","-","84E","1","Y"
"2025","25","(일정재개)부산 동","2025-02-25","2025-11-03","10","2025-11-05","2025-10-31","(일정재개,명칭변경","1","0","1","1","-","84C","1","Y"
"2025","25","(일정재개)부산 동","2025-02-25","2025-11-03","10","2025-11-05","2025-10-31","(일정재개,명칭변경","1","0","1","1","-","84A","1","Y"
"2025","25","(일정재개)부산 동","2025-02-25","2025-11-03","10","2025-11-05","2025-10-31","(일정재개,명칭변경","1","0","1","1","-","74A","1","Y"
"2025","24","경북 안동시","2025-02-19","2025-03-04","10","2025-03-05","2025-02-28","군인특별공급 안동 ","1","0","1","1","-","84C","1","Y"
"2025","24","경북 안동시","2025-02-19","2025-03-04","10","2025-03-05","2025-02-28","군인특별공급 안동 ","1","0","1","1","-","84B","1","Y"
"2025","24","경북 안동시","2025-02-19","2025-03-04","10","2025-03-05","2025-02-28","군인특별공급 안동 ","1","0","1","1","-","84A","4","Y"
"2025","23","인천 미추홀구","2025-02-14","2025-02-24","10","2025-02-26","2025-02-21","청약자격확인 e편한","1","0","1","1","-","-","1","Y"
"2025","22","충남 천안시","2025-02-12","2025-02-24","10","2025-02-26","2025-02-20","군인특별공급 e편한","1","0","1","1","-","84D","3","Y"
"2025","22","충남 천안시","2025-02-12","2025-02-24","10","2025-02-26","2025-02-20","군인특별공급 e편한","1","0","1","1","-","84C","3","Y"
"2025","22","충남 천안시","2025-02-12","2025-02-24","10","2025-02-26","2025-02-20","군인특별공급 e편한","1","0","1","1","-","84B","4","Y"
"2025","22","충남 천안시","2025-02-12","2025-02-24","10","2025-02-26","2025-02-20","군인특별공급 e편한","1","0","1","1","-","84A","5","Y"
"2025","21","광주 남구","2025-02-12","2025-02-24","10","2025-02-26","2025-02-21","군인특별공급 진월 ","1","0","1","1","-","84A","1","Y"
"2025","20","(일정연기)울산 남","2025-02-05","2025-02-24","10","2025-02-26","2025-02-21","군인특별공급 문수로","1","0","1","1","-","84D","1","Y"
"2025","20","(일정연기)울산 남","2025-02-05","2025-02-24","10","2025-02-26","2025-02-21","군인특별공급 문수로","1","0","1","1","-","84C","3","Y"
"2025","20","(일정연기)울산 남","2025-02-05","2025-02-24","10","2025-02-26","2025-02-21","군인특별공급 문수로","1","0","1","1","-","84B","2","Y"
"2025","20","(일정연기)울산 남","2025-02-05","2025-02-24","10","2025-02-26","2025-02-21","군인특별공급 문수로","1","0","1","1","-","84A","2","Y"
"2025","19","울산 중구","2025-02-05","2025-02-17","10","2025-02-19","2025-02-14","군인특별공급 울산 ","1","0","1","1","-","59","1","Y"
"2025","18","(일정연기)대구 동","2025-02-05","2025-02-24","10","2025-02-26","2025-02-21","군인특별공급 e편한","1","0","1","1","-","84A","2","Y"
"2025","17","대구 달서구","2025-02-05","2025-02-17","10","2025-02-19","2025-02-14","군인특별공급 두류센","1","0","1","1","-","78","1","Y"
"2025","16","대전 동구","2025-01-22","2025-02-10","10","2025-02-12","2025-02-07","군인특별공급 대전 ","1","0","1","1","-","74B","1","Y"
"2025","16","대전 동구","2025-01-22","2025-02-10","10","2025-02-12","2025-02-07","군인특별공급 대전 ","1","0","1","1","-","59B","3","Y"
"2025","16","대전 동구","2025-01-22","2025-02-10","10","2025-02-12","2025-02-07","군인특별공급 대전 ","1","0","1","1","-","59A","2","Y"
"2025","15","경기 평택시","2025-01-22","2025-02-11","10","2025-02-12","2025-02-10","청약자격확인 평택청","1","0","1","1","-","59","1","Y"
"2025","","경기 평택시","2025-01-22","2025-02-11","10","2025-02-12","2025-02-10","","1","0","1","1","-","-","1","Y"
"2025","14","경기 고양시","2025-01-22","2025-02-10","10","2025-02-12","2025-02-10","청약자격확인 고양창","1","1","0","0","-","-","1","Y"
"2025","13","경기 고양시","2025-01-22","2025-02-10","10","2025-02-12","2025-01-31","청약자격확인 고양창","1","1","0","0","S6","-","3","Y"
"2025","12","경기 고양시","2025-01-22","2025-02-10","10","2025-02-12","2025-01-31","군인특별공급 고양창","1","1","0","0","S6","59","1","Y"
"2025","11","경기 고양시","2025-01-22","2025-02-10","10","2025-02-12","2025-01-31","청약자격확인 고양창","1","1","0","0","S5","-","5","Y"
"2025","10","경기 고양시","2025-01-22","2025-02-10","10","2025-02-12","2025-01-31","군인특별공급 고양창","1","1","0","0","S5","59","1","Y"
"2025","73","(일정연기)대구 동","2025-04-18","2025-05-12","10","2025-05-14","2025-05-09","(일정연기)군인특별","1","0","1","1","-","84A","2","Y"
"2025","72","경기 수원시","2025-04-18","2025-04-28","10","2025-04-30","2025-04-25","청약자격확인 북수원","1","0","1","1","A3","-","24","Y"
"2025","71","경기 수원시","2025-04-18","2025-04-28","10","2025-04-30","2025-04-25","군인특별공급 북수원","1","0","1","1","A3","84C","5","Y"
"2025","71","경기 수원시","2025-04-18","2025-04-28","10","2025-04-30","2025-04-25","군인특별공급 북수원","1","0","1","1","A3","84B","3","Y"
"2025","71","경기 수원시","2025-04-18","2025-04-28","10","2025-04-30","2025-04-25","군인특별공급 북수원","1","0","1","1","A3","84A","2","Y"
"2025","70","울산 울주군","2025-04-09","2025-04-21","10","2025-04-23","2025-04-18","군인특별공급 태화강","1","0","1","1","S-1","84","4","Y"
"2025","69","충남 천안시","2025-04-09","2025-04-21","10","2025-04-23","2025-04-18","군인특별공급 성성자","1","0","1","1","-","84C","1","Y"
"2025","69","충남 천안시","2025-04-09","2025-04-21","10","2025-04-23","2025-04-18","군인특별공급 성성자","1","0","1","1","-","84B","1","Y"
"2025","69","충남 천안시","2025-04-09","2025-04-21","10","2025-04-23","2025-04-18","군인특별공급 성성자","1","0","1","1","-","84A","1","Y"
"2025","68","부산 기장군","2025-04-09","2025-04-21","10","2025-04-23","2025-04-18","군인특별공급 부산 ","1","0","1","1","B-1","84A","6","Y"
"2025","68","부산 기장군","2025-04-09","2025-04-21","10","2025-04-23","2025-04-18","군인특별공급 부산 ","1","0","1","1","B-1","59B","1","Y"
"2025","68","부산 기장군","2025-04-09","2025-04-21","10","2025-04-23","2025-04-18","군인특별공급 부산 ","1","0","1","1","B-1","59A","3","Y"
"2025","67","부산 사하구","2025-04-09","2025-04-21","10","2025-04-23","2025-04-18","군인특별공급 더샵 ","1","0","1","1","-","84C","1","Y"
"2025","67","부산 사하구","2025-04-09","2025-04-21","10","2025-04-23","2025-04-18","군인특별공급 더샵 ","1","0","1","1","-","73B","3","Y"
"2025","67","부산 사하구","2025-04-09","2025-04-21","10","2025-04-23","2025-04-18","군인특별공급 더샵 ","1","0","1","1","-","59A","3","Y"
"2025","66","경기 의왕시","2025-04-09","2025-04-21","10","2025-04-23","2025-04-18","청약자격확인 제일풍","1","0","1","1","B-2BL","-","13","Y"
"2025","65","경기 의왕시","2025-04-09","2025-04-21","10","2025-04-23","2025-04-18","군인특별공급 제일풍","1","0","1","1","B-2BL","84C","1","Y"
"2025","65","경기 의왕시","2025-04-09","2025-04-21","10","2025-04-23","2025-04-18","군인특별공급 제일풍","1","0","1","1","B-2BL","84B","1","Y"
"2025","65","경기 의왕시","2025-04-09","2025-04-21","10","2025-04-23","2025-04-18","군인특별공급 제일풍","1","0","1","1","B-2BL","84A","4","Y"
"2025","64","경기 고양시","2025-04-22","2025-05-02","10","2025-05-08","2025-04-29","청약자격확인 고양 ","1","0","1","1","-","-","19","Y"
"2025","63","경기 고양시","2025-04-22","2025-05-02","10","2025-05-08","2025-04-29","군인특별공급 고양 ","1","0","1","1","-","59A","3","Y"
"2025","63","경기 고양시","2025-04-22","2025-05-02","10","2025-05-08","2025-04-29","군인특별공급 고양 ","1","0","1","1","-","46","5","Y"
"2025","63","경기 고양시","2025-04-22","2025-05-02","10","2025-05-08","2025-04-29","군인특별공급 고양 ","1","0","1","1","-","39","5","Y"
"2025","62","경기 부천시","2025-04-09","2025-04-21","10","2025-04-23","2025-04-17","청약자격확인 고강역","1","0","1","1","-","-","1","Y"
"2025","61","경기 부천시","2025-04-09","2025-04-21","10","2025-04-23","2025-04-17","군인특별공급 고강역","1","0","1","1","-","46","1","Y"
"2025","60","(일정재개)경기 평","2025-04-03","2025-05-19","10","2025-05-21","2025-05-16","(일정재개)청약자격","1","0","1","1","10BL","-","42","Y"
"2025","59","(일정재개)경기 평","2025-04-03","2025-05-19","10","2025-05-21","2025-05-16","(일정재개)군인특별","1","0","1","1","10BL","84C","1","Y"
"2025","59","(일정재개)경기 평","2025-04-03","2025-05-19","10","2025-05-21","2025-05-16","(일정재개)군인특별","1","0","1","1","10BL","84B","4","Y"
"2025","59","(일정재개)경기 평","2025-04-03","2025-05-19","10","2025-05-21","2025-05-16","(일정재개)군인특별","1","0","1","1","10BL","84A","11","Y"
"2025","59","(일정재개)경기 평","2025-04-03","2025-05-19","10","2025-05-21","2025-05-16","(일정재개)군인특별","1","0","1","1","10BL","59","6","Y"
"2025","58","경기 양주시","2025-04-03","2025-04-14","10","2025-04-16","2025-04-11","청약자격확인 회천중","1","0","1","1","A11","-","6","Y"
"2025","57","경기 양주시","2025-04-03","2025-04-14","10","2025-04-16","2025-04-11","군인특별공급 회천중","1","0","1","1","A11","84C","2","Y"
"2025","57","경기 양주시","2025-04-03","2025-04-14","10","2025-04-16","2025-04-11","군인특별공급 회천중","1","0","1","1","A11","84B","3","Y"
"2025","57","경기 양주시","2025-04-03","2025-04-14","10","2025-04-16","2025-04-11","군인특별공급 회천중","1","0","1","1","A11","84A","2","Y"
"2025","56","인천 부평구","2025-03-26","2025-04-14","10","2025-04-16","2025-04-11","청약자격확인 헤링턴","1","0","1","1","-","-","37","Y"
"2025","55","인천 부평구","2025-03-26","2025-04-14","10","2025-04-16","2025-04-11","군인특별공급 헤링턴","1","0","1","1","-","84D","1","Y"
"2025","55","인천 부평구","2025-03-26","2025-04-14","10","2025-04-16","2025-04-11","군인특별공급 헤링턴","1","0","1","1","-","84C","2","Y"
"2025","55","인천 부평구","2025-03-26","2025-04-14","10","2025-04-16","2025-04-11","군인특별공급 헤링턴","1","0","1","1","-","84B","1","Y"
"2025","55","인천 부평구","2025-03-26","2025-04-14","10","2025-04-16","2025-04-11","군인특별공급 헤링턴","1","0","1","1","-","84A","1","Y"
"2025","55","인천 부평구","2025-03-26","2025-04-14","10","2025-04-16","2025-04-11","군인특별공급 헤링턴","1","0","1","1","-","74B","2","Y"
"2025","55","인천 부평구","2025-03-26","2025-04-14","10","2025-04-16","2025-04-11","군인특별공급 헤링턴","1","0","1","1","-","74A","2","Y"
"2025","55","인천 부평구","2025-03-26","2025-04-14","10","2025-04-16","2025-04-11","군인특별공급 헤링턴","1","0","1","1","-","59B","7","Y"
"2025","55","인천 부평구","2025-03-26","2025-04-14","10","2025-04-16","2025-04-11","군인특별공급 헤링턴","1","0","1","1","-","59A","6","Y"
"2025","55","인천 부평구","2025-03-26","2025-04-14","10","2025-04-16","2025-04-11","군인특별공급 헤링턴","1","0","1","1","-","39B","1","Y"
"2025","54","충북 청주시","2025-03-26","2025-04-07","10","2025-04-09","2025-04-04","군인특별공급 청주테","1","0","1","1","A7BL","84CH","2","Y"
"2025","54","충북 청주시","2025-03-26","2025-04-07","10","2025-04-09","2025-04-04","군인특별공급 청주테","1","0","1","1","A7BL","84BH","1","Y"
"2025","54","충북 청주시","2025-03-26","2025-04-07","10","2025-04-09","2025-04-04","군인특별공급 청주테","1","0","1","1","A7BL","84A","8","Y"
"2025","53","경기 남양주시","2025-03-26","2025-04-07","10","2025-04-09","2025-04-04","청약자격확인 두산위","1","0","1","1","-","-","16","Y"
"2025","52","경기 남양주시","2025-03-26","2025-04-07","10","2025-04-09","2025-04-04","군인특별공급 두산위","1","0","1","1","-","84C","1","Y"
"2025","52","경기 남양주시","2025-03-26","2025-04-07","10","2025-04-09","2025-04-04","군인특별공급 두산위","1","0","1","1","-","84B","2","Y"
"2025","52","경기 남양주시","2025-03-26","2025-04-07","10","2025-04-09","2025-04-04","군인특별공급 두산위","1","0","1","1","-","84A","4","Y"
"2025","52","경기 남양주시","2025-03-26","2025-04-07","10","2025-04-09","2025-04-04","군인특별공급 두산위","1","0","1","1","-","74A","1","Y"
"2025","51","경기 용인시","2025-03-26","2025-04-07","10","2025-04-09","2025-04-04","청약자격확인 힐스테","1","0","1","1","7BL","-","19","Y"
"2025","50","경기 용인시","2025-03-26","2025-04-07","10","2025-04-09","2025-04-04","군인특별공급 힐스테","1","0","1","1","7BL","84C","2","Y"
"2025","50","경기 용인시","2025-03-26","2025-04-07","10","2025-04-09","2025-04-04","군인특별공급 힐스테","1","0","1","1","7BL","84B","1","Y"
"2025","50","경기 용인시","2025-03-26","2025-04-07","10","2025-04-09","2025-04-04","군인특별공급 힐스테","1","0","1","1","7BL","84A","2","Y"
"2025","49","경기 용인시","2025-03-26","2025-04-17","10","2025-04-18","2025-04-16","(일정변경)청약자격","1","0","1","1","-","-","7","Y"
"2025","48","경기 용인시","2025-03-26","2025-04-17","10","2025-04-18","2025-04-16","(일정변경)군인특별","1","0","1","1","-","84C","1","Y"
"2025","48","경기 용인시","2025-03-26","2025-04-17","10","2025-04-18","2025-04-16","(일정변경)군인특별","1","0","1","1","-","84B","1","Y"
"2025","48","경기 용인시","2025-03-26","2025-04-17","10","2025-04-18","2025-04-16","(일정변경)군인특별","1","0","1","1","-","84A","2","Y"
"2025","47","경기 용인시","2025-03-26","2025-04-17","10","2025-04-18","2025-04-16","(일정변경)청약자격","1","0","1","1","-","54","1","Y"
"2025","46","경기 용인시","2025-03-26","2025-04-17","10","2025-04-18","2025-04-16","(일정변경)군인특별","1","0","1","1","-","84B","6","Y"
"2025","46","경기 용인시","2025-03-26","2025-04-17","10","2025-04-18","2025-04-16","(일정변경)군인특별","1","0","1","1","-","84A","6","Y"
"2025","46","경기 용인시","2025-03-26","2025-04-17","10","2025-04-18","2025-04-16","(일정변경)군인특별","1","0","1","1","-","59B","5","Y"
"2025","46","경기 용인시","2025-03-26","2025-04-17","10","2025-04-18","2025-04-16","(일정변경)군인특별","1","0","1","1","-","59A","9","Y"
"2025","45","경기 양주시","2025-03-26","2025-04-07","10","2025-04-09","2025-04-04","청약자격확인 양주역","1","0","1","1","-","-","20","Y"
"2025","44","경기 양주시","2025-03-26","2025-04-07","10","2025-04-09","2025-04-04","군인특별공급 양주역","1","0","1","1","-","84","5","Y"
"2025","44","경기 양주시","2025-03-26","2025-04-07","10","2025-04-09","2025-04-04","군인특별공급 양주역","1","0","1","1","-","70","4","Y"
"2025","43","경기 부천시","2025-04-03","2025-04-21","10","2025-04-23","2025-04-18","(일정연기)청약자격","1","0","1","1","B1","-","8","Y"
"2025","42","경기 부천시","2025-04-03","2025-04-21","10","2025-04-23","2025-04-18","(일정연기)군인특별","1","0","1","1","B1","59B","1","Y"
"2025","42","경기 부천시","2025-04-03","2025-04-21","10","2025-04-23","2025-04-18","(일정연기)군인특별","1","0","1","1","B1","59A","1","Y"
"2025","42","경기 부천시","2025-04-03","2025-04-21","10","2025-04-23","2025-04-18","(일정연기)군인특별","1","0","1","1","B1","46","1","Y"
"2025","41","경기 하남시","2025-03-26","2025-04-07","10","2025-04-09","2025-03-31","청약자격확인 교산 ","1","1","0","0","A2","-","7","Y"
"2025","114","경기 광주시","2025-06-11","2025-06-23","10","2025-06-25","2025-06-20","군인특별공급 해링턴","1","0","1","1","-","84A","1","Y"
"2025","114","경기 광주시","2025-06-11","2025-06-23","10","2025-06-25","2025-06-20","군인특별공급 해링턴","1","0","1","1","-","59B","3","Y"
"2025","114","경기 광주시","2025-06-11","2025-06-23","10","2025-06-25","2025-06-20","군인특별공급 해링턴","1","0","1","1","-","59A","1","Y"
"2025","113","충북 청주시","2025-06-04","2025-06-16","10","2025-06-18","2025-06-13","군인특별공급 동남 ","1","0","1","1","-","59B","2","Y"
"2025","113","충북 청주시","2025-06-04","2025-06-16","10","2025-06-18","2025-06-13","군인특별공급 동남 ","1","0","1","1","-","59A","4","Y"
"2025","112","경기 여주시","2025-05-28","2025-06-09","10","2025-06-11","2025-06-05","청약자격확인 여주역","1","0","1","1","-","-","11","Y"
"2025","111","경기 여주시","2025-05-28","2025-06-09","10","2025-06-11","2025-06-05","군인특별공급 여주역","1","0","1","1","-","84C","1","Y"
"2025","111","경기 여주시","2025-05-28","2025-06-09","10","2025-06-11","2025-06-05","군인특별공급 여주역","1","0","1","1","-","84B","4","Y"
"2025","111","경기 여주시","2025-05-28","2025-06-09","10","2025-06-11","2025-06-05","군인특별공급 여주역","1","0","1","1","-","84A","3","Y"
"2025","110","경기 평택시","2025-06-05","2025-06-09","10","2025-06-11","2025-06-05","(일정변경)청약자격","1","0","1","1","-","-","1","Y"
"2025","109","경기 평택시","2025-06-05","2025-06-09","10","2025-06-11","2025-06-05","(일정변경)군인특별","1","0","1","1","-","84A","1","Y"
"2025","108","경기 평택시","2025-05-21","2025-06-02","10","2025-06-04","2025-05-30","청약자격확인 평택고","1","0","1","1","A48BL","-","11","Y"
"2025","107","경기 평택시","2025-05-21","2025-06-02","10","2025-06-04","2025-05-30","군인특별공급 평택고","1","0","1","1","A48BL","84C","1","Y"
"2025","107","경기 평택시","2025-05-21","2025-06-02","10","2025-06-04","2025-05-30","군인특별공급 평택고","1","0","1","1","A48BL","84B","1","Y"
"2025","107","경기 평택시","2025-05-21","2025-06-02","10","2025-06-04","2025-05-30","군인특별공급 평택고","1","0","1","1","A48BL","84A","4","Y"
"2025","106","경기 오산시","2025-05-21","2025-06-02","10","2025-06-04","2025-05-30","청약자격확인 오산 ","1","0","1","1","A12BL","-","11","Y"
"2025","105","경기 오산시","2025-05-21","2025-06-02","10","2025-06-04","2025-05-30","군인특별공급 오산 ","1","0","1","1","A12BL","59B","1","Y"
"2025","104","경북 고령군","2025-05-15","2025-09-08","10","2025-09-10","2025-09-05","(일정변경)군인특별","1","0","1","1","-","84B","1","Y"
"2025","104","경북 고령군","2025-05-15","2025-09-08","10","2025-09-10","2025-09-05","(일정변경)군인특별","1","0","1","1","-","84A","3","Y"
"2025","104","경북 고령군","2025-05-15","2025-09-08","10","2025-09-10","2025-09-05","(일정변경)군인특별","1","0","1","1","-","74A","1","Y"
"2025","103","경기 안성시","2025-05-15","2025-06-09","10","2025-06-11","2025-06-02","(일정변경)청약자격","1","0","1","1","B-3-BL","-","8","Y"
"2025","102","경기 안성시","2025-05-15","2025-06-09","10","2025-06-11","2025-06-02","(일정변경)군인특별","1","0","1","1","B-3-BL","84","5","Y"
"2025","101","(일정변경)경기 용","2025-05-15","2025-06-27","10","2025-06-30","2025-06-26","(일정변경)청약자격","1","0","1","1","-","-","29","Y"
"2025","100","(일정변경)경기 용","2025-05-15","2025-06-27","10","2025-06-30","2025-06-26","(일정변경)군인특별","1","0","1","1","-","84B","6","Y"
"2025","100","(일정변경)경기 용","2025-05-15","2025-06-27","10","2025-06-30","2025-06-26","(일정변경)군인특별","1","0","1","1","-","84A","8","Y"
"2025","99","서울 강동구","2025-05-15","2025-05-26","10","2025-05-28","2025-05-23","청약자격확인 고덕강","1","0","1","1","12","-","18","Y"
"2025","98","서울 강동구","2025-05-15","2025-05-26","10","2025-05-28","2025-05-23","군인특별공급 고덕강","1","0","1","1","12","84C","2","Y"
"2025","98","서울 강동구","2025-05-15","2025-05-26","10","2025-05-28","2025-05-23","군인특별공급 고덕강","1","0","1","1","12","84B","3","Y"
"2025","98","서울 강동구","2025-05-15","2025-05-26","10","2025-05-28","2025-05-23","군인특별공급 고덕강","1","0","1","1","12","84A","3","Y"
"2025","97","서울 강동구","2025-05-15","2025-05-26","10","2025-05-28","2025-05-23","청약자격확인 디 아","1","0","1","1","-","-","1","Y"
"2025","96","서울 강동구","2025-05-15","2025-05-26","10","2025-05-28","2025-05-23","군인특별공급 디 아","1","0","1","1","-","59A","1","Y"
"2025","95","경기 화성시","2025-04-30","2025-05-12","10","2025-05-14","2025-05-09","청약자격확인 동탄 ","1","0","1","1","A76-2BL","97, 142","12","Y"
"2025","94","경기 화성시","2025-04-30","2025-05-12","10","2025-05-14","2025-05-09","청약자격확인 동탄 ","1","1","0","0","A76-2BL","84","33","Y"
"2025","93","경기 화성시","2025-04-30","2025-05-12","10","2025-05-14","2025-05-09","군인특별공급 동탄 ","1","1","0","0","A76-2BL","84D","2","Y"
"2025","93","경기 화성시","2025-04-30","2025-05-12","10","2025-05-14","2025-05-09","군인특별공급 동탄 ","1","1","0","0","A76-2BL","84B","3","Y"
"2025","93","경기 화성시","2025-04-30","2025-05-12","10","2025-05-14","2025-05-09","군인특별공급 동탄 ","1","1","0","0","A76-2BL","84A","7","Y"
"2025","92","경기 화성시","2025-04-30","2025-05-12","10","2025-05-14","2025-05-09","청약자격확인 동탄 ","1","1","0","0","A78BL","-","35","Y"
"2025","91","경기 화성시","2025-04-30","2025-05-12","10","2025-05-14","2025-05-09","군인특별공급 동탄 ","1","1","0","0","A79BL","84D","1","Y"
"2025","91","경기 화성시","2025-04-30","2025-05-12","10","2025-05-14","2025-05-09","군인특별공급 동탄 ","1","1","0","0","A80BL","84B","2","Y"
"2025","91","경기 화성시","2025-04-30","2025-05-12","10","2025-05-14","2025-05-09","군인특별공급 동탄 ","1","1","0","0","A81BL","84A","5","Y"
"2025","91","경기 화성시","2025-04-30","2025-05-12","10","2025-05-14","2025-05-09","군인특별공급 동탄 ","1","1","0","0","A82BL","74B","2","Y"
"2025","91","경기 화성시","2025-04-30","2025-05-12","10","2025-05-14","2025-05-09","군인특별공급 동탄 ","1","1","0","0","A83BL","74A","2","Y"
"2025","90","서울 구로구","2025-04-30","2025-05-12","10","2025-05-14","2025-05-08","청약자격확인 고척 ","1","0","1","1","-","-","4","Y"
"2025","89","서울 구로구","2025-04-30","2025-05-12","10","2025-05-14","2025-05-08","군인특별공급 고척 ","1","0","1","1","-","84A","1","Y"
"2025","89","서울 구로구","2025-04-30","2025-05-12","10","2025-05-14","2025-05-08","군인특별공급 고척 ","1","0","1","1","-","59B","3","Y"
"2025","88","서울 은평구","2025-04-30","2025-05-12","10","2025-05-14","2025-05-09","청약자격확인 힐스테","1","0","1","1","-","-","14","Y"
"2025","87","서울 은평구","2025-04-30","2025-05-12","10","2025-05-14","2025-05-09","군인특별공급 힐스테","1","0","1","1","-","74A","1","Y"
"2025","87","서울 은평구","2025-04-30","2025-05-12","10","2025-05-14","2025-05-09","군인특별공급 힐스테","1","0","1","1","-","59C","1","Y"
"2025","87","서울 은평구","2025-04-30","2025-05-12","10","2025-05-14","2025-05-09","군인특별공급 힐스테","1","0","1","1","-","59B","1","Y"
"2025","87","서울 은평구","2025-04-30","2025-05-12","10","2025-05-14","2025-05-09","군인특별공급 힐스테","1","0","1","1","-","59A","2","Y"
"2025","87","서울 은평구","2025-04-30","2025-05-12","10","2025-05-14","2025-05-09","군인특별공급 힐스테","1","0","1","1","-","51B","1","Y"
"2025","86","경북 안동시","2025-04-22","2025-05-02","10","2025-05-08","2025-04-30","군인특별공급 트리븐","1","0","1","1","-","84A","5","Y"
"2025","85","부산 강서구","2025-04-22","2025-05-07","10","2025-05-08","2025-05-02","군인특별공급 부산 ","1","0","1","1","4BL","84C","2","Y"
"2025","85","부산 강서구","2025-04-22","2025-05-07","10","2025-05-08","2025-05-02","군인특별공급 부산 ","1","0","1","1","4BL","84B","1","Y"
"2025","85","부산 강서구","2025-04-22","2025-05-07","10","2025-05-08","2025-05-02","군인특별공급 부산 ","1","0","1","1","4BL","84A","2","Y"
"2025","84","(일정재개)부산 부","2025-06-18","2025-06-30","10","2025-07-02","2025-06-27","(일정재개)군인특별","1","0","1","1","-","84C","1","Y"
"2025","84","(일정재개)부산 부","2025-06-18","2025-06-30","10","2025-07-02","2025-06-27","(일정재개)군인특별","1","0","1","1","-","84B","1","Y"
"2025","84","(일정재개)부산 부","2025-06-18","2025-06-30","10","2025-07-02","2025-06-27","(일정재개)군인특별","1","0","1","1","-","84A","3","Y"
"2025","83","대구 수성구","2025-04-22","2025-05-02","10","2025-05-08","2025-04-30","군인특별공급 더파크","1","0","1","1","-","84B","1","Y"
"2025","82","경기 부천시","2025-04-22","2025-05-02","10","2025-05-08","2025-04-30","청약자격확인 부천대","1","1","0","0","A-6","-","13","Y"
"2025","81","경기 부천시","2025-04-22","2025-05-02","10","2025-05-08","2025-04-30","청약자격확인 부천대","1","1","0","0","A-5","-","19","Y"
"2025","80","경기 부천시","2025-04-22","2025-05-02","10","2025-05-08","2025-04-30","청약자격확인 부천대","1","1","0","0","A-8","59","2","Y"
"2025","79","경기 부천시","2025-04-22","2025-05-02","10","2025-05-08","2025-04-30","군인특별공급 부천대","1","1","0","0","A-8","59","1","Y"
"2025","78","경기 부천시","2025-04-22","2025-05-02","10","2025-05-08","2025-04-30","청약자격확인 부천대","1","1","0","0","A-7","59","3","Y"
"2025","77","경기 부천시","2025-04-22","2025-05-02","10","2025-05-08","2025-04-30","군인특별공급 부천대","1","1","0","0","A-7","59","1","Y"
"2025","76","부산 해운대구","2025-04-18","2025-04-28","10","2025-04-30","2025-04-25","군인특별공급 해운대","1","0","1","1","-","78B","1","Y"
"2025","76","부산 해운대구","2025-04-18","2025-04-28","10","2025-04-30","2025-04-25","군인특별공급 해운대","1","0","1","1","-","78A","1","Y"
"2025","75","부산 부산진구","2025-04-18","2025-04-28","10","2025-04-30","2025-04-24","군인특별공급 디 에","1","0","1","1","-","84B","1","Y"
"2025","74","(일정변경)광주 남","2025-04-18","2025-06-02","10","2025-06-04","2025-05-28","군인특별공급 두산위","1","0","1","1","-","84C","1","Y"
"2025","74","(일정변경)광주 남","2025-04-18","2025-06-02","10","2025-06-04","2025-05-28","군인특별공급 두산위","1","0","1","1","-","84A","1","Y"
"2025","73","(일정연기)대구 동","2025-04-18","2025-05-12","10","2025-05-14","2025-05-09","(일정연기)군인특별","1","0","1","1","-","84C","2","Y"
"2025","73","(일정연기)대구 동","2025-04-18","2025-05-12","10","2025-05-14","2025-05-09","(일정연기)군인특별","1","0","1","1","-","84B","2","Y"
"2025","152","경기 김포시","2025-06-25","2025-07-07","10","2025-07-09","2025-07-04","군인특별공급 해링턴","1","0","1","1","1BL","74A","1","Y"
"2025","151","경기 고양시","2025-06-25","2025-07-07","10","2025-07-09","2025-06-30","청약자격확인 고양장","1","1","0","0","S-1","-","4","Y"
"2025","150","경기 고양시","2025-06-25","2025-07-07","10","2025-07-09","2025-06-30","군인특별공급 고양장","1","1","0","0","S-1","84","1","Y"
"2025","149","서울 동대문구","2025-06-25","2025-07-29","10","2025-07-31","2025-07-25","청약자격확인 제기동","1","0","1","1","-","-","2","Y"
"2025","148","서울 동대문구","2025-06-25","2025-07-29","10","2025-07-31","2025-07-25","군인특별공급 제기동","1","0","1","1","-","59B","1","Y"
"2025","147","울산 중구","2025-06-19","2025-06-23","10","2025-06-25","2025-06-27","군인특별공급 울산 ","1","0","1","1","-","84A","1","Y"
"2025","146","강원 삼척시","2025-06-18","2025-07-21","10","2025-07-23","2025-07-18","군인특별공급 트리븐","1","0","1","1","-","84","7","Y"
"2025","145","전남 해남군","2025-06-18","2025-06-30","10","2025-07-02","2025-06-27","군인특별공급 파크레","1","0","1","1","-","84B","1","Y"
"2025","145","전남 해남군","2025-06-18","2025-06-30","10","2025-07-02","2025-06-27","군인특별공급 파크레","1","0","1","1","-","84A","1","Y"
"2025","145","전남 해남군","2025-06-18","2025-06-30","10","2025-07-02","2025-06-27","군인특별공급 파크레","1","0","1","1","-","63","1","Y"
"2025","144","충남 부여시","2025-06-18","2025-07-14","10","2025-07-16","2025-07-10","군인특별공급 부여 ","1","0","1","1","-","84","3","Y"
"2025","144","충남 부여시","2025-06-18","2025-07-14","10","2025-07-16","2025-07-10","군인특별공급 부여 ","1","0","1","1","-","82","3","Y"
"2025","143","충남 아산시","2025-06-18","2025-07-07","10","2025-07-09","2025-07-04","군인특별공급 아산 ","1","0","1","1","-","84B","2","Y"
"2025","143","충남 아산시","2025-06-18","2025-07-07","10","2025-07-09","2025-07-04","군인특별공급 아산 ","1","0","1","1","-","84A","3","Y"
"2025","142","대전 중구","2025-06-18","2025-06-30","10","2025-07-02","2025-06-27","군인특별공급 대전 ","1","0","1","1","-","84","6","Y"
"2025","141","대전 중구","2025-06-18","2025-06-30","10","2025-07-02","2025-06-27","군인특별공급 대전 ","1","0","1","1","-","84C","3","Y"
"2025","141","대전 중구","2025-06-18","2025-06-30","10","2025-07-02","2025-06-27","군인특별공급 대전 ","1","0","1","1","-","84B","3","Y"
"2025","141","대전 중구","2025-06-18","2025-06-30","10","2025-07-02","2025-06-27","군인특별공급 대전 ","1","0","1","1","-","84A","3","Y"
"2025","140","대구 수성구","2025-06-18","2025-06-30","10","2025-07-02","2025-06-27","군인특별공급 범어 ","1","0","1","1","-","84C","1","Y"
"2025","140","대구 수성구","2025-06-18","2025-06-30","10","2025-07-02","2025-06-27","군인특별공급 범어 ","1","0","1","1","-","84B","1","Y"
"2025","139","경기 이천시","2025-06-18","2025-06-30","10","2025-07-02","2025-06-27","청약자격확인 부발역","1","0","1","1","-","-","21","Y"
"2025","138","경기 이천시","2025-06-18","2025-06-30","10","2025-07-02","2025-06-27","군인특별공급 부발역","1","0","1","1","-","84C","1","Y"
"2025","138","경기 이천시","2025-06-18","2025-06-30","10","2025-07-02","2025-06-27","군인특별공급 부발역","1","0","1","1","-","84B","3","Y"
"2025","138","경기 이천시","2025-06-18","2025-06-30","10","2025-07-02","2025-06-27","군인특별공급 부발역","1","0","1","1","-","84A","3","Y"
"2025","137","경기 평택시","2025-06-18","2025-06-30","10","2025-07-02","2025-06-26","청약자격확인 평택 ","1","0","1","1","6BL","-","36","Y"
"2025","136","경기 평택시","2025-06-18","2025-06-30","10","2025-07-02","2025-06-26","군인특별공급 평택 ","1","0","1","1","6BL","84B","1","Y"
"2025","136","경기 평택시","2025-06-18","2025-06-30","10","2025-07-02","2025-06-26","군인특별공급 평택 ","1","0","1","1","6BL","84A","6","Y"
"2025","136","경기 평택시","2025-06-18","2025-06-30","10","2025-07-02","2025-06-26","군인특별공급 평택 ","1","0","1","1","6BL","59B","1","Y"
"2025","136","경기 평택시","2025-06-18","2025-06-30","10","2025-07-02","2025-06-26","군인특별공급 평택 ","1","0","1","1","6BL","59A","1","Y"
"2025","135","경기 평택시","2025-06-18","2025-06-30","10","2025-07-02","2025-06-27","청약자격확인 고덕 ","1","0","1","1","A4BL","85m2초과","5","Y"
"2025","134","경기 평택시","2025-06-18","2025-06-30","10","2025-07-02","2025-06-27","청약자격확인 고덕 ","1","1","0","0","A4BL","85m2이하","9","Y"
"2025","133","경기 평택시","2025-06-18","2025-06-30","10","2025-07-02","2025-06-27","군인특별공급 고덕 ","1","1","0","0","A4BL","84C","1","Y"
"2025","133","경기 평택시","2025-06-18","2025-06-30","10","2025-07-02","2025-06-27","군인특별공급 고덕 ","1","1","0","0","A4BL","84B","4","Y"
"2025","133","경기 평택시","2025-06-18","2025-06-30","10","2025-07-02","2025-06-27","군인특별공급 고덕 ","1","1","0","0","A4BL","84A","1","Y"
"2025","132","경기 김포시","2025-06-18","2025-06-30","10","2025-07-02","2025-06-27","청약자격확인 오퍼스","1","0","1","1","-","-","30","Y"
"2025","131","경기 김포시","2025-06-18","2025-06-30","10","2025-07-02","2025-06-27","군인특별공급 오퍼스","1","0","1","1","-","84C","3","Y"
"2025","131","경기 김포시","2025-06-18","2025-06-30","10","2025-07-02","2025-06-27","군인특별공급 오퍼스","1","0","1","1","-","84B","2","Y"
"2025","131","경기 김포시","2025-06-18","2025-06-30","10","2025-07-02","2025-06-27","군인특별공급 오퍼스","1","0","1","1","-","84A","9","Y"
"2025","130","경기 의정부시","2025-06-18","2025-07-14","10","2025-07-16","2025-07-11","청약자격확인 힐스테","1","0","1","1","-","-","20","Y"
"2025","129","경기 의정부시","2025-06-18","2025-07-14","10","2025-07-16","2025-07-11","군인특별공급 힐스테","1","0","1","1","-","84C","1","Y"
"2025","129","경기 의정부시","2025-06-18","2025-07-14","10","2025-07-16","2025-07-11","군인특별공급 힐스테","1","0","1","1","-","84B","1","Y"
"2025","129","경기 의정부시","2025-06-18","2025-07-14","10","2025-07-16","2025-07-11","군인특별공급 힐스테","1","0","1","1","-","84A","6","Y"
"2025","129","경기 의정부시","2025-06-18","2025-07-14","10","2025-07-16","2025-07-11","군인특별공급 힐스테","1","0","1","1","-","59C","1","Y"
"2025","129","경기 의정부시","2025-06-18","2025-07-14","10","2025-07-16","2025-07-11","군인특별공급 힐스테","1","0","1","1","-","59B","1","Y"
"2025","128","인천 서구","2025-06-18","2025-07-07","10","2025-07-09","2025-07-04","청약자격확인 인천 ","1","0","1","1","AA24BL","-","30","Y"
"2025","127","인천 서구","2025-06-18","2025-07-07","10","2025-07-09","2025-07-04","군인특별공급 인천 ","1","0","1","1","AA24BL","84B","2","Y"
"2025","127","인천 서구","2025-06-18","2025-07-07","10","2025-07-09","2025-07-04","군인특별공급 인천 ","1","0","1","1","AA24BL","84A","5","Y"
"2025","126","인천 연수구","2025-06-18","2025-06-30","10","2025-07-02","2025-06-27","청약자격확인 송도역","1","0","1","1","-","59B","2","Y"
"2025","126","인천 연수구","2025-06-18","2025-06-30","10","2025-07-02","2025-06-27","청약자격확인 송도역","1","0","1","1","-","59A","3","Y"
"2025","126","인천 연수구","2025-06-18","2025-06-30","10","2025-07-02","2025-06-27","청약자격확인 송도역","1","0","1","1","-","40","1","Y"
"2025","125","인천 연수구","2025-06-18","2025-06-30","10","2025-07-02","2025-06-27","군인특별공급 송도역","1","0","1","1","-","59A","3","Y"
"2025","124","서울 성동구","2025-06-18","2025-06-30","10","2025-07-02","2025-06-26","청약자격확인 오티에","1","0","1","1","-","-","2","Y"
"2025","123","서울 성동구","2025-06-18","2025-06-30","10","2025-07-02","2025-06-26","군인특별공급 오티에","1","0","1","1","-","59A","1","Y"
"2025","122","서울 영등포","2025-06-18","2025-06-30","10","2025-07-02","2025-06-27","청약자격확인 리버센","1","0","1","1","-","-","19","Y"
"2025","121","서울 영등포","2025-06-18","2025-06-30","10","2025-07-02","2025-06-27","군인특별공급 리버센","1","0","1","1","-","84C","1","Y"
"2025","121","서울 영등포","2025-06-18","2025-06-30","10","2025-07-02","2025-06-27","군인특별공급 리버센","1","0","1","1","-","84A","1","Y"
"2025","120","경남 양산시","2025-06-11","2025-06-23","10","2025-06-25","2025-06-23","군인특별공급 양산자","1","0","1","1","-","84C","1","Y"
"2025","120","경남 양산시","2025-06-11","2025-06-23","10","2025-06-25","2025-06-23","군인특별공급 양산자","1","0","1","1","-","84B","1","Y"
"2025","120","경남 양산시","2025-06-11","2025-06-23","10","2025-06-25","2025-06-23","군인특별공급 양산자","1","0","1","1","-","84A","3","Y"
"2025","119","충남 아산시","2025-06-11","2025-06-23","10","2025-06-25","2025-06-25","군인특별공급 아산탕","1","0","1","1","A2BL","84C","2","Y"
"2025","119","충남 아산시","2025-06-11","2025-06-23","10","2025-06-25","2025-06-25","군인특별공급 아산탕","1","0","1","1","A2BL","84B","5","Y"
"2025","119","충남 아산시","2025-06-11","2025-06-23","10","2025-06-25","2025-06-25","군인특별공급 아산탕","1","0","1","1","A2BL","84A","12","Y"
"2025","119","충남 아산시","2025-06-11","2025-06-23","10","2025-06-25","2025-06-25","군인특별공급 아산탕","1","0","1","1","A2BL","59B","1","Y"
"2025","119","충남 아산시","2025-06-11","2025-06-23","10","2025-06-25","2025-06-25","군인특별공급 아산탕","1","0","1","1","A2BL","59A","1","Y"
"2025","118","부산 사하구","2025-06-11","2025-06-23","10","2025-06-25","2025-06-18","군인특별공급 EST","1","0","1","1","-","84B","1","Y"
"2025","118","부산 사하구","2025-06-11","2025-06-23","10","2025-06-25","2025-06-18","군인특별공급 EST","1","0","1","1","-","84A","1","Y"
"2025","117","경기 안양시","2025-06-11","2025-06-23","10","2025-06-25","2025-06-20","청약자격확인 호현 ","1","0","1","1","-","-","4","Y"
"2025","116","경기 안양시","2025-06-11","2025-06-23","10","2025-06-25","2025-06-20","군인특별공급 호현 ","1","0","1","1","-","59","2","Y"
"2025","115","경기 광주시","2025-06-11","2025-06-23","10","2025-06-25","2025-06-20","청약자격확인 해링턴","1","0","1","1","A1","-","24","Y"
"2025","114","경기 광주시","2025-06-11","2025-06-23","10","2025-06-25","2025-06-20","군인특별공급 해링턴","1","0","1","1","-","84D","3","Y"
"2025","114","경기 광주시","2025-06-11","2025-06-23","10","2025-06-25","2025-06-20","군인특별공급 해링턴","1","0","1","1","-","84C","3","Y"
"2025","114","경기 광주시","2025-06-11","2025-06-23","10","2025-06-25","2025-06-20","군인특별공급 해링턴","1","0","1","1","-","84B","2","Y"
"2025","181","경기 남양주시","2025-07-23","2025-08-04","10","2025-08-06","2025-07-29","군인특별공급 왕숙 ","1","1","0","0","B1","74","1","Y"
"2025","180","인천 강화군","2025-07-18","2025-07-29","10","2025-07-31","2025-08-14","청약자격확인 두산위","1","0","1","1","-","-","11","Y"
"2025","179","인천 강화군","2025-07-18","2025-07-29","10","2025-07-31","2025-08-14","군인특별공급 두산위","1","0","1","1","-","84A","1","Y"
"2025","179","인천 강화군","2025-07-18","2025-07-29","10","2025-07-31","2025-08-14","군인특별공급 두산위","1","0","1","1","-","72B","1","Y"
"2025","179","인천 강화군","2025-07-18","2025-07-29","10","2025-07-31","2025-08-14","군인특별공급 두산위","1","0","1","1","-","72A","2","Y"
"2025","179","인천 강화군","2025-07-18","2025-07-29","10","2025-07-31","2025-08-14","군인특별공급 두산위","1","0","1","1","-","59B","1","Y"
"2025","179","인천 강화군","2025-07-18","2025-07-29","10","2025-07-31","2025-08-14","군인특별공급 두산위","1","0","1","1","-","59A","3","Y"
"2025","178","전북 정읍시","2025-07-16","2025-07-29","10","2025-07-31","2025-07-25","군인특별공급 정읍 ","1","0","1","1","-","84","3","Y"
"2025","177","경기 화성시","2025-07-16","2025-07-29","10","2025-07-31","2025-07-31","청약자격확인 화성동","1","0","0","0","C14","-","7","Y"
"2025","176","경기 화성시","2025-07-16","2025-07-29","10","2025-07-31","2025-07-31","군인특별공급 화성동","1","1","0","0","C14","52","1","Y"
"2025","175","경기 남양주시","2025-07-16","2025-07-29","10","2025-07-31","2025-07-24","청약자격확인 남양주","1","1","0","0","A2","55","4","Y"
"2025","175","경기 남양주시","2025-07-16","2025-07-29","10","2025-07-31","2025-07-24","청약자격확인 남양주","1","1","0","0","A2","46","1","Y"
"2025","174","경기 남양주시","2025-07-16","2025-07-29","10","2025-07-31","2025-07-24","청약자격확인 남양주","1","1","0","0","A1","59","4","Y"
"2025","173","경기 남양주시","2025-07-16","2025-07-29","10","2025-07-31","2025-07-24","군인특별공급 남양주","1","1","0","0","A1","59","1","Y"
"2025","172","전북 전주시","2025-07-09","2025-07-29","10","2025-07-31","2025-07-25","군인특별공급 전주 ","1","0","1","1","-","84B","2","Y"
"2025","172","전북 전주시","2025-07-09","2025-07-29","10","2025-07-31","2025-07-25","군인특별공급 전주 ","1","0","1","1","-","84A","5","Y"
"2025","171","충북 청주시","2025-07-09","2025-07-29","10","2025-07-31","2025-07-23","군인특별공급 청주 ","1","0","1","1","-","84D","3","Y"
"2025","171","충북 청주시","2025-07-09","2025-07-29","10","2025-07-31","2025-07-23","군인특별공급 청주 ","1","0","1","1","-","84C","2","Y"
"2025","171","충북 청주시","2025-07-09","2025-07-29","10","2025-07-31","2025-07-23","군인특별공급 청주 ","1","0","1","1","-","84A","3","Y"
"2025","171","충북 청주시","2025-07-09","2025-07-29","10","2025-07-31","2025-07-23","군인특별공급 청주 ","1","0","1","1","-","59B","1","Y"
"2025","171","충북 청주시","2025-07-09","2025-07-29","10","2025-07-31","2025-07-23","군인특별공급 청주 ","1","0","1","1","-","59A","1","Y"
"2025","170","부산 부산진구","2025-07-09","2025-07-21","10","2025-07-23","2025-07-18","군인특별공급 가야역","1","0","1","1","-","84B","2","Y"
"2025","170","부산 부산진구","2025-07-09","2025-07-21","10","2025-07-23","2025-07-18","군인특별공급 가야역","1","0","1","1","-","84A","4","Y"
"2025","170","부산 부산진구","2025-07-09","2025-07-21","10","2025-07-23","2025-07-18","군인특별공급 가야역","1","0","1","1","-","77A","1","Y"
"2025","170","부산 부산진구","2025-07-09","2025-07-21","10","2025-07-23","2025-07-18","군인특별공급 가야역","1","0","1","1","-","59B","1","Y"
"2025","170","부산 부산진구","2025-07-09","2025-07-21","10","2025-07-23","2025-07-18","군인특별공급 가야역","1","0","1","1","-","59A","1","Y"
"2025","169","부산 수영구","2025-07-09","2025-08-04","10","2025-08-06","2025-07-31","군인특별공급 써밋 ","1","0","1","1","-","84B","1","Y"
"2025","169","부산 수영구","2025-07-09","2025-08-04","10","2025-08-06","2025-07-31","군인특별공급 써밋 ","1","0","1","1","-","84A","1","Y"
"2025","168","경기 군포시","2025-07-09","2025-07-21","10","2025-07-23","2025-07-18","청약자격확인 대야미","1","0","1","1","B1BL","-","13","Y"
"2025","167","경기 군포시","2025-07-09","2025-07-21","10","2025-07-23","2025-07-18","군인특별공급 대야미","1","0","1","1","B1BL","84B","2","Y"
"2025","167","경기 군포시","2025-07-09","2025-07-21","10","2025-07-23","2025-07-18","군인특별공급 대야미","1","0","1","1","B1BL","84A","3","Y"
"2025","167","경기 군포시","2025-07-09","2025-07-21","10","2025-07-23","2025-07-18","군인특별공급 대야미","1","0","1","1","B1BL","63","1","Y"
"2025","166","인천 서구","2025-07-09","2025-08-25","10","2025-08-27","2025-08-22","청약자격확인 엘리프","1","0","1","1","AA32BL","-","20","Y"
"2025","165","인천 서구","2025-07-09","2025-08-25","10","2025-08-27","2025-08-22","군인특별공급 엘리프","1","0","1","1","AA32BL","84B","1","Y"
"2025","165","인천 서구","2025-07-09","2025-08-25","10","2025-08-27","2025-08-22","군인특별공급 엘리프","1","0","1","1","AA32BL","64D","1","Y"
"2025","165","인천 서구","2025-07-09","2025-08-25","10","2025-08-27","2025-08-22","군인특별공급 엘리프","1","0","1","1","AA32BL","64A","1","Y"
"2025","164","충북 청주시","2025-07-02","2025-07-14","10","2025-07-16","2025-07-11","군인특별공급 신분평","1","0","1","1","-","84B","3","Y"
"2025","164","충북 청주시","2025-07-02","2025-07-14","10","2025-07-16","2025-07-11","군인특별공급 신분평","1","0","1","1","-","84A","4","Y"
"2025","164","충북 청주시","2025-07-02","2025-07-14","10","2025-07-16","2025-07-11","군인특별공급 신분평","1","0","1","1","-","75C","1","Y"
"2025","164","충북 청주시","2025-07-02","2025-07-14","10","2025-07-16","2025-07-11","군인특별공급 신분평","1","0","1","1","-","75B","1","Y"
"2025","164","충북 청주시","2025-07-02","2025-07-14","10","2025-07-16","2025-07-11","군인특별공급 신분평","1","0","1","1","-","75A","2","Y"
"2025","163","강원 춘천시","2025-07-02","2025-07-29","10","2025-07-31","2025-07-25","군인특별공급 춘천 ","1","0","1","1","-","84D","1","Y"
"2025","163","강원 춘천시","2025-07-02","2025-07-29","10","2025-07-31","2025-07-25","군인특별공급 춘천 ","1","0","1","1","-","84B","1","Y"
"2025","163","강원 춘천시","2025-07-02","2025-07-29","10","2025-07-31","2025-07-25","군인특별공급 춘천 ","1","0","1","1","-","84A","8","Y"
"2025","163","강원 춘천시","2025-07-02","2025-07-29","10","2025-07-31","2025-07-25","군인특별공급 춘천 ","1","0","1","1","-","59","1","Y"
"2025","162","광주 동구","2025-07-02","2025-07-14","10","2025-07-16","2025-07-11","군인특별공급 무등산","1","0","1","1","-","84C","2","Y"
"2025","162","광주 동구","2025-07-02","2025-07-14","10","2025-07-16","2025-07-11","군인특별공급 무등산","1","0","1","1","-","84B","1","Y"
"2025","162","광주 동구","2025-07-02","2025-07-14","10","2025-07-16","2025-07-11","군인특별공급 무등산","1","0","1","1","-","84A","3","Y"
"2025","161","경남 창원시","2025-06-25","2025-07-29","10","2025-07-31","2025-07-31","군인특별공급 트리븐","1","0","1","1","-","84B","3","Y"
"2025","161","경남 창원시","2025-06-25","2025-07-29","10","2025-07-31","2025-07-31","군인특별공급 트리븐","1","0","1","1","-","84A","4","Y"
"2025","160","경남 김해시","2025-06-25","2025-08-04","10","2025-08-06","2025-08-01","군인특별공급 김해 ","1","0","1","1","-","84C","1","Y"
"2025","160","경남 김해시","2025-06-25","2025-08-04","10","2025-08-06","2025-08-01","군인특별공급 김해 ","1","0","1","1","-","84B","1","Y"
"2025","160","경남 김해시","2025-06-25","2025-08-04","10","2025-08-06","2025-08-01","군인특별공급 김해 ","1","0","1","1","-","84A","1","Y"
"2025","160","경남 김해시","2025-06-25","2025-08-04","10","2025-08-06","2025-08-01","군인특별공급 김해 ","1","0","1","1","-","62","1","Y"
"2025","159","부산 동구","2025-06-25","2025-07-21","10","2025-07-23","2025-07-16","군인특별공급 북항 ","1","0","1","1","-","70A","1","Y"
"2025","158","부산 해운대구","2025-06-25","2025-07-14","10","2025-07-16","2025-07-11","군인특별공급 르엘 ","1","0","1","1","-","84","2","Y"
"2025","157","경기 김포시","2025-06-25","2025-07-07","10","2025-07-09","2025-07-04","청약자격확인 해링턴","1","0","1","1","3BL","-","7","Y"
"2025","156","경기 김포시","2025-06-25","2025-07-07","10","2025-07-09","2025-07-04","군인특별공급 해링턴","1","0","1","1","3BL","74A","1","Y"
"2025","156","경기 김포시","2025-06-25","2025-07-07","10","2025-07-09","2025-07-04","군인특별공급 해링턴","1","0","1","1","3BL","59C","1","Y"
"2025","156","경기 김포시","2025-06-25","2025-07-07","10","2025-07-09","2025-07-04","군인특별공급 해링턴","1","0","1","1","3BL","59B","1","Y"
"2025","155","경기 김포시","2025-06-25","2025-07-07","10","2025-07-09","2025-07-04","청약자격확인 해링턴","1","0","1","1","2BL","-","19","Y"
"2025","154","경기 김포시","2025-06-25","2025-07-07","10","2025-07-09","2025-07-04","군인특별공급 해링턴","1","0","1","1","2BL","84B","1","Y"
"2025","154","경기 김포시","2025-06-25","2025-07-07","10","2025-07-09","2025-07-04","군인특별공급 해링턴","1","0","1","1","2BL","84A","6","Y"
"2025","154","경기 김포시","2025-06-25","2025-07-07","10","2025-07-09","2025-07-04","군인특별공급 해링턴","1","0","1","1","2BL","74C","1","Y"
"2025","154","경기 김포시","2025-06-25","2025-07-07","10","2025-07-09","2025-07-04","군인특별공급 해링턴","1","0","1","1","2BL","74B","1","Y"
"2025","154","경기 김포시","2025-06-25","2025-07-07","10","2025-07-09","2025-07-04","군인특별공급 해링턴","1","0","1","1","2BL","74A","2","Y"
"2025","153","경기 김포시","2025-06-25","2025-07-07","10","2025-07-09","2025-07-04","청약자격확인 해링턴","1","0","1","1","1BL","-","20","Y"
"2025","152","경기 김포시","2025-06-25","2025-07-07","10","2025-07-09","2025-07-04","군인특별공급 해링턴","1","0","1","1","1BL","84C","1","Y"
"2025","152","경기 김포시","2025-06-25","2025-07-07","10","2025-07-09","2025-07-04","군인특별공급 해링턴","1","0","1","1","1BL","84B","2","Y"
"2025","152","경기 김포시","2025-06-25","2025-07-07","10","2025-07-09","2025-07-04","군인특별공급 해링턴","1","0","1","1","1BL","84A","6","Y"
"2025","152","경기 김포시","2025-06-25","2025-07-07","10","2025-07-09","2025-07-04","군인특별공급 해링턴","1","0","1","1","1BL","74C","1","Y"
"2025","152","경기 김포시","2025-06-25","2025-07-07","10","2025-07-09","2025-07-04","군인특별공급 해링턴","1","0","1","1","1BL","74B","1","Y"
"2025","207","부산 강서구","2025-08-18","2025-08-25","10","2025-08-27","2025-08-22","군인특별공급 에코델","1","0","1","1","-","84B","3","Y"
"2025","207","부산 강서구","2025-08-18","2025-08-25","10","2025-08-27","2025-08-22","군인특별공급 에코델","1","0","1","1","-","84A","1","Y"
"2025","207","부산 강서구","2025-08-18","2025-08-25","10","2025-08-27","2025-08-22","군인특별공급 에코델","1","0","1","1","-","59E","1","Y"
"2025","207","부산 강서구","2025-08-18","2025-08-25","10","2025-08-27","2025-08-22","군인특별공급 에코델","1","0","1","1","-","59D","3","Y"
"2025","207","부산 강서구","2025-08-18","2025-08-25","10","2025-08-27","2025-08-22","군인특별공급 에코델","1","0","1","1","-","59C","2","Y"
"2025","207","부산 강서구","2025-08-18","2025-08-25","10","2025-08-27","2025-08-22","군인특별공급 에코델","1","0","1","1","-","59B","1","Y"
"2025","207","부산 강서구","2025-08-18","2025-08-25","10","2025-08-27","2025-08-22","군인특별공급 에코델","1","0","1","1","-","59A","2","Y"
"2025","206","경남 김해시","2025-08-13","2025-09-02","10","2025-09-03","2025-08-28","군인특별공급 더샵 ","1","0","1","1","A17-1BL","84C","1","Y"
"2025","206","경남 김해시","2025-08-13","2025-09-02","10","2025-09-03","2025-08-28","군인특별공급 더샵 ","1","0","1","1","A17-1BL","84B","2","Y"
"2025","206","경남 김해시","2025-08-13","2025-09-02","10","2025-09-03","2025-08-28","군인특별공급 더샵 ","1","0","1","1","A17-1BL","84A","6","Y"
"2025","205","울산 남구","2025-08-13","2025-09-22","10","2025-09-24","2025-09-18","군인특별공급 한화포","1","0","1","1","-","84C","3","Y"
"2025","205","울산 남구","2025-08-13","2025-09-22","10","2025-09-24","2025-09-18","군인특별공급 한화포","1","0","1","1","-","84B","2","Y"
"2025","205","울산 남구","2025-08-13","2025-09-22","10","2025-09-24","2025-09-18","군인특별공급 한화포","1","0","1","1","-","84A","5","Y"
"2025","204","인천 중구","2025-08-13","2025-09-22","10","2025-09-24","2025-09-19","청약자격확인 숭의역","1","0","1","1","-","-","5","Y"
"2025","203","인천 중구","2025-08-13","2025-09-22","10","2025-09-24","2025-09-19","군인특별공급 숭의역","1","0","1","1","-","59B","1","Y"
"2025","203","인천 중구","2025-08-13","2025-09-22","10","2025-09-24","2025-09-19","군인특별공급 숭의역","1","0","1","1","-","59A","1","Y"
"2025","202","경기 양주시","2025-08-13","2025-08-25","10","2025-08-27","2025-08-22","청약자격확인 지엘 ","1","0","1","1","2BL","-","41","Y"
"2025","201","경기 양주시","2025-08-13","2025-08-25","10","2025-08-27","2025-08-22","군인특별공급 지엘 ","1","0","1","1","3BL","84C","1","Y"
"2025","201","경기 양주시","2025-08-13","2025-08-25","10","2025-08-27","2025-08-22","군인특별공급 지엘 ","1","0","1","1","4BL","84B","3","Y"
"2025","201","경기 양주시","2025-08-13","2025-08-25","10","2025-08-27","2025-08-22","군인특별공급 지엘 ","1","0","1","1","5BL","84A","6","Y"
"2025","201","경기 양주시","2025-08-13","2025-08-25","10","2025-08-27","2025-08-22","군인특별공급 지엘 ","1","0","1","1","6BL","49","1","Y"
"2025","200","경기 안양시","2025-08-13","2025-11-24","10","2025-11-26","2025-11-21","청약자격확인 안양자","1","0","1","1","-","-","19","Y"
"2025","199","경기 안양시","2025-08-13","2025-11-24","10","2025-11-26","2025-11-21","군인특별공급 안양자","1","0","1","1","-","76B","1","Y"
"2025","199","경기 안양시","2025-08-13","2025-11-24","10","2025-11-26","2025-11-21","군인특별공급 안양자","1","0","1","1","-","59D","2","Y"
"2025","199","경기 안양시","2025-08-13","2025-11-24","10","2025-11-26","2025-11-21","군인특별공급 안양자","1","0","1","1","-","59C","1","Y"
"2025","199","경기 안양시","2025-08-13","2025-11-24","10","2025-11-26","2025-11-21","군인특별공급 안양자","1","0","1","1","-","59B","1","Y"
"2025","199","경기 안양시","2025-08-13","2025-11-24","10","2025-11-26","2025-11-21","군인특별공급 안양자","1","0","1","1","-","59A","3","Y"
"2025","199","경기 안양시","2025-08-13","2025-11-24","10","2025-11-26","2025-11-21","군인특별공급 안양자","1","0","1","1","-","49A","2","Y"
"2025","198","경기 의정부시","2025-08-13","2025-08-25","10","2025-08-27","2025-08-25","청약자격확인 탑석 ","1","0","1","1","-","-","28","Y"
"2025","197","경기 의정부시","2025-08-13","2025-08-25","10","2025-08-27","2025-08-25","군인특별공급 탑석 ","1","0","1","1","-","84G","2","Y"
"2025","197","경기 의정부시","2025-08-13","2025-08-25","10","2025-08-27","2025-08-25","군인특별공급 탑석 ","1","0","1","1","-","84F","1","Y"
"2025","197","경기 의정부시","2025-08-13","2025-08-25","10","2025-08-27","2025-08-25","군인특별공급 탑석 ","1","0","1","1","-","84E","1","Y"
"2025","197","경기 의정부시","2025-08-13","2025-08-25","10","2025-08-27","2025-08-25","군인특별공급 탑석 ","1","0","1","1","-","84D","2","Y"
"2025","197","경기 의정부시","2025-08-13","2025-08-25","10","2025-08-27","2025-08-25","군인특별공급 탑석 ","1","0","1","1","-","84B","2","Y"
"2025","197","경기 의정부시","2025-08-13","2025-08-25","10","2025-08-27","2025-08-25","군인특별공급 탑석 ","1","0","1","1","-","84A","4","Y"
"2025","197","경기 의정부시","2025-08-13","2025-08-25","10","2025-08-27","2025-08-25","군인특별공급 탑석 ","1","0","1","1","-","59A","3","Y"
"2025","196","경기 용인시","2025-08-13","2025-08-25","10","2025-08-27","2025-08-22","청약자격확인 용인 ","1","0","1","1","H5BL","-","25","Y"
"2025","195","경기 용인시","2025-08-13","2025-08-25","10","2025-08-27","2025-08-22","군인특별공급 용인 ","1","0","1","1","H5BL","84B","3","Y"
"2025","195","경기 용인시","2025-08-13","2025-08-25","10","2025-08-27","2025-08-22","군인특별공급 용인 ","1","0","1","1","H5BL","84A-1","1","Y"
"2025","195","경기 용인시","2025-08-13","2025-08-25","10","2025-08-27","2025-08-22","군인특별공급 용인 ","1","0","1","1","H5BL","84A","5","Y"
"2025","195","경기 용인시","2025-08-13","2025-08-25","10","2025-08-27","2025-08-22","군인특별공급 용인 ","1","0","1","1","H5BL","75","1","Y"
"2025","194","강원 춘천시","2025-08-06","2025-08-25","10","2025-08-27","2025-08-22","군인특별공급 춘천 ","1","0","1","1","-","84A","4","Y"
"2025","193","경기 과천시","2025-08-06","2025-08-18","10","2025-08-20","2025-08-05","청약자격확인 디에이","1","0","1","1","-","-","10","Y"
"2025","192","경기 과천시","2025-08-06","2025-08-18","10","2025-08-20","2025-08-05","군인특별공급 디에이","1","0","1","1","-","84C","1","Y"
"2025","192","경기 과천시","2025-08-06","2025-08-18","10","2025-08-20","2025-08-05","군인특별공급 디에이","1","0","1","1","-","84B","2","Y"
"2025","192","경기 과천시","2025-08-06","2025-08-18","10","2025-08-20","2025-08-05","군인특별공급 디에이","1","0","1","1","-","75","2","Y"
"2025","192","경기 과천시","2025-08-06","2025-08-18","10","2025-08-20","2025-08-05","군인특별공급 디에이","1","0","1","1","-","59C","1","Y"
"2025","192","경기 과천시","2025-08-06","2025-08-18","10","2025-08-20","2025-08-05","군인특별공급 디에이","1","0","1","1","-","59B","1","Y"
"2025","192","경기 과천시","2025-08-06","2025-08-18","10","2025-08-20","2025-08-05","군인특별공급 디에이","1","0","1","1","-","59A","2","Y"
"2025","191","서울 송파구","2025-08-06","2025-08-25","10","2025-08-27","2025-08-19","군인특별공급 잠실 ","1","0","1","1","-","59B","1","Y"
"2025","191","서울 송파구","2025-08-06","2025-08-25","10","2025-08-27","2025-08-19","군인특별공급 잠실 ","1","0","1","1","-","45","1","Y"
"2025","190","강원 원주시","2025-07-30","2025-08-11","10","2025-08-13","2025-08-07","군인특별공급 원주역","1","0","1","1","-","84F","2","Y"
"2025","190","강원 원주시","2025-07-30","2025-08-11","10","2025-08-13","2025-08-07","군인특별공급 원주역","1","0","1","1","-","84E","4","Y"
"2025","190","강원 원주시","2025-07-30","2025-08-11","10","2025-08-13","2025-08-07","군인특별공급 원주역","1","0","1","1","-","84D","3","Y"
"2025","190","강원 원주시","2025-07-30","2025-08-11","10","2025-08-13","2025-08-07","군인특별공급 원주역","1","0","1","1","-","84C","2","Y"
"2025","190","강원 원주시","2025-07-30","2025-08-11","10","2025-08-13","2025-08-07","군인특별공급 원주역","1","0","1","1","-","84B","1","Y"
"2025","190","강원 원주시","2025-07-30","2025-08-11","10","2025-08-13","2025-08-07","군인특별공급 원주역","1","0","1","1","-","84A","6","Y"
"2025","189","부산 부산진구","2025-07-30","2025-08-11","10","2025-08-13","2025-08-07","군인특별공급 서면 ","1","0","1","1","-","84B","2","Y"
"2025","189","부산 부산진구","2025-07-30","2025-08-11","10","2025-08-13","2025-08-07","군인특별공급 서면 ","1","0","1","1","-","84A","2","Y"
"2025","188","경기 과천시","2025-07-30","2025-08-11","10","2025-08-13","2025-08-08","청약자격확인 과천주","1","1","0","0","C2","-","4","Y"
"2025","187","충북 충주시","2025-07-23","2025-08-04","10","2025-08-06","2025-08-07","군인특별공급 충주 ","1","0","1","1","-","84","5","Y"
"2025","186","경기 구리시","2025-07-23","2025-08-04","10","2025-08-06","2025-07-29","청약자격확인 구리갈","1","1","0","0","A1","55","9","Y"
"2025","186","경기 구리시","2025-07-23","2025-08-04","10","2025-08-06","2025-07-29","청약자격확인 구리갈","1","1","0","0","A1","46","4","Y"
"2025","185","경기 남양주시","2025-07-23","2025-08-04","10","2025-08-06","2025-07-30","청약자격확인 남양주","1","1","0","0","A-4","55","3","Y"
"2025","184","경기 남양주시","2025-07-23","2025-08-04","10","2025-08-06","2025-07-30","청약자격확인 남양주","1","1","0","0","A-1","59","4","Y"
"2025","184","경기 남양주시","2025-07-23","2025-08-04","10","2025-08-06","2025-07-30","청약자격확인 남양주","1","1","0","0","A-1","51","3","Y"
"2025","183","경기 남양주시","2025-07-23","2025-08-04","10","2025-08-06","2025-07-30","군인특별공급 남양주","1","1","0","0","A-1","59","1","Y"
"2025","182","경기 남양주시","2025-07-23","2025-08-04","10","2025-08-06","2025-07-29","청약자격확인 왕숙 ","1","1","0","0","B2","-","5","Y"
"2025","182","경기 남양주시","2025-07-23","2025-08-04","10","2025-08-06","2025-07-29","청약자격확인 왕숙 ","1","1","0","0","B1","-","4","Y"
"2025","181","경기 남양주시","2025-07-23","2025-08-04","10","2025-08-06","2025-07-29","군인특별공급 왕숙 ","1","1","0","0","B2","84","1","Y"
"2025","181","경기 남양주시","2025-07-23","2025-08-04","10","2025-08-06","2025-07-29","군인특별공급 왕숙 ","1","1","0","0","B2","74","1","Y"
"2025","181","경기 남양주시","2025-07-23","2025-08-04","10","2025-08-06","2025-07-29","군인특별공급 왕숙 ","1","1","0","0","B1","84","1","Y"
"2025","245","경기 안성시","2025-09-10","2025-09-22","10","2025-09-24","2025-09-19","청약자격확인 안성 ","1","0","1","1","B-2BL","-","19","Y"
"2025","244","경기 안성시","2025-09-10","2025-09-22","10","2025-09-24","2025-09-19","군인특별공급 안성 ","1","0","1","1","B-2BL","84","11","Y"
"2025","243","경기 시흥시","2025-09-10","2025-09-22","10","2025-09-24","2025-09-19","청약자격확인 시흥하","1","1","0","0","A-4","-","5","Y"
"2025","242","경기 오산시","2025-09-10","2025-09-22","10","2025-09-24","2025-09-19","청약자격확인 오산세","1","0","1","1","-","-","42","Y"
"2025","241","경기 오산시","2025-09-10","2025-09-22","10","2025-09-24","2025-09-19","군인특별공급 오산세","1","0","1","1","-","84E","1","Y"
"2025","241","경기 오산시","2025-09-10","2025-09-22","10","2025-09-24","2025-09-19","군인특별공급 오산세","1","0","1","1","-","84D","1","Y"
"2025","241","경기 오산시","2025-09-10","2025-09-22","10","2025-09-24","2025-09-19","군인특별공급 오산세","1","0","1","1","-","84C","1","Y"
"2025","241","경기 오산시","2025-09-10","2025-09-22","10","2025-09-24","2025-09-19","군인특별공급 오산세","1","0","1","1","-","84B","1","Y"
"2025","241","경기 오산시","2025-09-10","2025-09-22","10","2025-09-24","2025-09-19","군인특별공급 오산세","1","0","1","1","-","84A","3","Y"
"2025","240","경기 구리시","2025-09-10","2025-09-22","10","2025-09-24","2025-09-19","청약자격확인 중흥 ","1","0","1","1","-","-","19","Y"
"2025","239","경기 구리시","2025-09-10","2025-09-22","10","2025-09-24","2025-09-19","군인특별공급 중흥 ","1","0","1","1","-","84D","1","Y"
"2025","239","경기 구리시","2025-09-10","2025-09-22","10","2025-09-24","2025-09-19","군인특별공급 중흥 ","1","0","1","1","-","84C","2","Y"
"2025","239","경기 구리시","2025-09-10","2025-09-22","10","2025-09-24","2025-09-19","군인특별공급 중흥 ","1","0","1","1","-","84B","1","Y"
"2025","239","경기 구리시","2025-09-10","2025-09-22","10","2025-09-24","2025-09-19","군인특별공급 중흥 ","1","0","1","1","-","84A","2","Y"
"2025","239","경기 구리시","2025-09-10","2025-09-22","10","2025-09-24","2025-09-19","군인특별공급 중흥 ","1","0","1","1","-","59C","1","Y"
"2025","239","경기 구리시","2025-09-10","2025-09-22","10","2025-09-24","2025-09-19","군인특별공급 중흥 ","1","0","1","1","-","59B","1","Y"
"2025","239","경기 구리시","2025-09-10","2025-09-22","10","2025-09-24","2025-09-19","군인특별공급 중흥 ","1","0","1","1","-","59A","2","Y"
"2025","238","인천 서구","2025-09-10","2025-09-22","10","2025-09-24","2025-09-19","청약자격확인 석남역","1","0","1","1","-","-","3","Y"
"2025","237","인천 서구","2025-09-10","2025-09-22","10","2025-09-24","2025-09-19","군인특별공급 석남역","1","0","1","1","-","58","1","Y"
"2025","236","인천 미추홀구","2025-09-10","2025-10-27","10","2025-10-29","2025-10-24","청약자격확인 인하대","1","0","1","1","-","-","28","Y"
"2025","235","인천 미추홀구","2025-09-10","2025-10-27","10","2025-10-29","2025-10-24","군인특별공급 인하대","1","0","1","1","-","84B","9","Y"
"2025","235","인천 미추홀구","2025-09-10","2025-10-27","10","2025-10-29","2025-10-24","군인특별공급 인하대","1","0","1","1","-","84A","3","Y"
"2025","234","인천 부평구","2025-09-10","2025-09-22","10","2025-09-24","2025-09-19","청약자격확인 두산위","1","0","1","1","-","-","15","Y"
"2025","233","인천 부평구","2025-09-10","2025-09-22","10","2025-09-24","2025-09-19","군인특별공급 두산위","1","0","1","1","-","74B","1","Y"
"2025","233","인천 부평구","2025-09-10","2025-09-22","10","2025-09-24","2025-09-19","군인특별공급 두산위","1","0","1","1","-","59C","2","Y"
"2025","233","인천 부평구","2025-09-10","2025-09-22","10","2025-09-24","2025-09-19","군인특별공급 두산위","1","0","1","1","-","59B","2","Y"
"2025","233","인천 부평구","2025-09-10","2025-09-22","10","2025-09-24","2025-09-19","군인특별공급 두산위","1","0","1","1","-","59A","1","Y"
"2025","233","인천 부평구","2025-09-10","2025-09-22","10","2025-09-24","2025-09-19","군인특별공급 두산위","1","0","1","1","-","46A","1","Y"
"2025","232","경기 광명시","2025-09-10","2025-09-22","10","2025-09-24","2025-09-19","청약자격확인 철산역","1","0","1","1","-","-","19","Y"
"2025","231","경기 광명시","2025-09-10","2025-09-22","10","2025-09-24","2025-09-19","군인특별공급 철산역","1","0","1","1","-","59B","4","Y"
"2025","231","경기 광명시","2025-09-10","2025-09-22","10","2025-09-24","2025-09-19","군인특별공급 철산역","1","0","1","1","-","59A","6","Y"
"2025","231","경기 광명시","2025-09-10","2025-09-22","10","2025-09-24","2025-09-19","군인특별공급 철산역","1","0","1","1","-","49","2","Y"
"2025","230","서울 중랑구","2025-09-10","2025-09-22","10","2025-09-24","2025-09-19","청약자격확인 상봉 ","1","0","1","1","-","-","7","Y"
"2025","229","서울 중랑구","2025-09-10","2025-09-22","10","2025-09-24","2025-09-19","군인특별공급 상봉 ","1","0","1","1","-","84E","1","Y"
"2025","229","서울 중랑구","2025-09-10","2025-09-22","10","2025-09-24","2025-09-19","군인특별공급 상봉 ","1","0","1","1","-","84D","1","Y"
"2025","229","서울 중랑구","2025-09-10","2025-09-22","10","2025-09-24","2025-09-19","군인특별공급 상봉 ","1","0","1","1","-","84C","1","Y"
"2025","229","서울 중랑구","2025-09-10","2025-09-22","10","2025-09-24","2025-09-19","군인특별공급 상봉 ","1","0","1","1","-","84B","1","Y"
"2025","228","광주 남구","2025-09-03","2025-09-15","10","2025-09-17","2025-09-12","군인특별공급 힐스테","1","0","1","1","-","84A","1","Y"
"2025","227","광주 남구","2025-09-03","2025-09-15","10","2025-09-17","2025-09-12","군인특별공급 더 퍼","1","0","1","1","-","59B","1","Y"
"2025","226","경기 파주시","2025-09-03","2025-12-31","10","2025-12-31","2025-12-31","청약자격확인 파주금","1","0","1","1","-","-","26","Y"
"2025","225","인천 서구","2025-09-03","2025-09-22","10","2025-09-24","2025-09-19","청약자격확인 검단 ","1","0","1","1","AB8BL","-","46","Y"
"2025","224","인천 서구","2025-09-03","2025-09-22","10","2025-09-24","2025-09-19","군인특별공급 검단 ","1","0","1","1","AB8BL","84B","2","Y"
"2025","224","인천 서구","2025-09-03","2025-09-22","10","2025-09-24","2025-09-19","군인특별공급 검단 ","1","0","1","1","AB8BL","84A","6","Y"
"2025","224","인천 서구","2025-09-03","2025-09-22","10","2025-09-24","2025-09-19","군인특별공급 검단 ","1","0","1","1","AB8BL","74B","1","Y"
"2025","224","인천 서구","2025-09-03","2025-09-22","10","2025-09-24","2025-09-19","군인특별공급 검단 ","1","0","1","1","AB8BL","74A","2","Y"
"2025","223","서울 동작구","2025-09-03","2025-10-02","10","2025-10-10","2025-10-02","청약자격확인 힐스테","1","0","1","1","-","-","2","Y"
"2025","222","서울 동작구","2025-09-03","2025-10-02","10","2025-10-10","2025-10-02","군인특별공급 힐스테","1","0","1","1","-","84D","1","Y"
"2025","222","서울 동작구","2025-09-03","2025-10-02","10","2025-10-10","2025-10-02","군인특별공급 힐스테","1","0","1","1","-","49B","1","Y"
"2025","221","경기 부천시","2025-09-02","2025-09-04","10","2025-09-04","2025-08-29","청약자격확인 오정 ","1","0","1","1","-","-","1","Y"
"2025","220","부산 부산진구","2025-08-27","2025-09-15","10","2025-09-17","2025-09-12","군인특별공급 서면 ","1","0","1","1","-","84B","1","Y"
"2025","220","부산 부산진구","2025-08-27","2025-09-15","10","2025-09-17","2025-09-12","군인특별공급 서면 ","1","0","1","1","-","84A","1","Y"
"2025","220","부산 부산진구","2025-08-27","2025-09-15","10","2025-09-17","2025-09-12","군인특별공급 서면 ","1","0","1","1","-","59B","1","Y"
"2025","219","울산 울주군","2025-09-17","2025-09-29","10","2025-10-01","2025-09-26","군인특별공급 울산태","1","1","0","0","A-2BL","59","1","Y"
"2025","218","서울 영등포구","2025-08-22","2025-09-02","10","2025-09-03","2025-08-29","청약자격확인 대방역","1","0","1","1","-","-","1","Y"
"2025","217","서울 영등포구","2025-08-22","2025-09-02","10","2025-09-03","2025-08-29","군인특별공급 대방역","1","0","1","1","-","27D","1","Y"
"2025","216","충남 천안시","2025-08-20","2025-09-02","10","2025-09-03","2025-08-29","군인특별공급 천안 ","1","0","1","1","-","84B","2","Y"
"2025","216","충남 천안시","2025-08-20","2025-09-02","10","2025-09-03","2025-08-29","군인특별공급 천안 ","1","0","1","1","-","84A","2","Y"
"2025","215","충남 아산시","2025-08-20","2025-09-22","10","2025-09-24","2025-09-19","군인특별공급 아산탕","1","0","1","1","-","84B","1","Y"
"2025","215","충남 아산시","2025-08-20","2025-09-22","10","2025-09-24","2025-09-19","군인특별공급 아산탕","1","0","1","1","-","84A","11","Y"
"2025","214","인천 남구","2025-08-20","2025-09-02","10","2025-09-03","2025-08-29","청약자격확인 두산위","1","0","1","1","-","-","12","Y"
"2025","213","인천 남구","2025-08-20","2025-09-02","10","2025-09-03","2025-08-29","군인특별공급 두산위","1","0","1","1","-","84C","1","Y"
"2025","213","인천 남구","2025-08-20","2025-09-02","10","2025-09-03","2025-08-29","군인특별공급 두산위","1","0","1","1","-","84B","1","Y"
"2025","213","인천 남구","2025-08-20","2025-09-02","10","2025-09-03","2025-08-29","군인특별공급 두산위","1","0","1","1","-","84A","2","Y"
"2025","213","인천 남구","2025-08-20","2025-09-02","10","2025-09-03","2025-08-29","군인특별공급 두산위","1","0","1","1","-","74A","1","Y"
"2025","213","인천 남구","2025-08-20","2025-09-02","10","2025-09-03","2025-08-29","군인특별공급 두산위","1","0","1","1","-","59A","1","Y"
"2025","212","경기 수원시","2025-08-20","2025-09-02","10","2025-09-03","2025-08-29","청약자격확인 망포역","1","0","1","1","-","-","18","Y"
"2025","211","경기 수원시","2025-08-20","2025-09-02","10","2025-09-03","2025-08-29","군인특별공급 망포역","1","0","1","1","-","84B","1","Y"
"2025","211","경기 수원시","2025-08-20","2025-09-02","10","2025-09-03","2025-08-29","군인특별공급 망포역","1","0","1","1","-","84A","3","Y"
"2025","210","경기 의정부시","2025-08-20","2025-09-02","10","2025-09-03","2025-08-28","청약자격확인 의정부","1","1","0","0","A-1BL","-","7","Y"
"2025","209","경기 의정부시","2025-08-20","2025-09-02","10","2025-09-03","2025-08-28","군인특별공급 의정부","1","1","0","0","A-1BL","59","1","Y"
"2025","208","서울 마포구","2025-08-20","2025-09-02","10","2025-09-03","2025-08-29","청약자격확인 홍대입","1","0","1","1","-","-","1","Y"
"2025","207","부산 강서구","2025-08-18","2025-08-25","10","2025-08-27","2025-08-22","군인특별공급 에코델","1","0","1","1","-","84C","2","Y"
"2025","274","전남 무안군","2025-09-30","2025-10-20","10","2025-10-22","2025-10-17","군인특별공급 오룡2","1","0","1","1","38BL","84C","1","Y"
"2025","274","전남 무안군","2025-09-30","2025-10-20","10","2025-10-22","2025-10-17","군인특별공급 오룡2","1","0","1","1","38BL","84B","1","Y"
"2025","274","전남 무안군","2025-09-30","2025-10-20","10","2025-10-22","2025-10-17","군인특별공급 오룡2","1","0","1","1","38BL","84A","5","Y"
"2025","273","전남 무안군","2025-09-30","2025-10-20","10","2025-10-22","2025-10-17","군인특별공급 오룡2","1","0","1","1","37BL","84D","1","Y"
"2025","273","전남 무안군","2025-09-30","2025-10-20","10","2025-10-22","2025-10-17","군인특별공급 오룡2","1","0","1","1","37BL","84B","1","Y"
"2025","273","전남 무안군","2025-09-30","2025-10-20","10","2025-10-22","2025-10-17","군인특별공급 오룡2","1","0","1","1","37BL","84A","5","Y"
"2025","272","충남 서산시","2025-09-30","2025-10-27","10","2025-10-29","2025-10-23","군인특별공급 트리븐","1","0","1","1","-","84B","1","Y"
"2025","272","충남 서산시","2025-09-30","2025-10-27","10","2025-10-29","2025-10-23","군인특별공급 트리븐","1","0","1","1","-","84A","1","Y"
"2025","271","경북 영주시","2025-09-30","2025-10-27","10","2025-10-29","2025-10-24","군인특별공급 효성해","1","0","1","1","-","84B","3","Y"
"2025","271","경북 영주시","2025-09-30","2025-10-27","10","2025-10-29","2025-10-24","군인특별공급 효성해","1","0","1","1","-","84A","4","Y"
"2025","270","경북 김천시","2025-09-30","2025-10-27","10","2025-10-29","2025-10-24","군인특별공급 김천혁","1","0","1","1","-","84B","1","Y"
"2025","270","경북 김천시","2025-09-30","2025-10-27","10","2025-10-29","2025-10-24","군인특별공급 김천혁","1","0","1","1","-","84A","2","Y"
"2025","269","충남 천안시","2025-09-30","2025-10-20","10","2025-10-22","2025-10-17","군인특별공급 천안 ","1","0","1","1","-","84D","11","Y"
"2025","269","충남 천안시","2025-09-30","2025-10-20","10","2025-10-22","2025-10-17","군인특별공급 천안 ","1","0","1","1","-","84C","1","Y"
"2025","269","충남 천안시","2025-09-30","2025-10-20","10","2025-10-22","2025-10-17","군인특별공급 천안 ","1","0","1","1","-","84B","4","Y"
"2025","269","충남 천안시","2025-09-30","2025-10-20","10","2025-10-22","2025-10-17","군인특별공급 천안 ","1","0","1","1","-","84A","4","Y"
"2025","268","대전 동구","2025-09-30","2025-10-20","10","2025-10-22","2025-10-17","군인특별공급 대전대","1","1","0","0","1BL","84C","1","Y"
"2025","268","대전 동구","2025-09-30","2025-10-20","10","2025-10-22","2025-10-17","군인특별공급 대전대","1","1","0","0","1BL","84A","1","Y"
"2025","268","대전 동구","2025-09-30","2025-10-20","10","2025-10-22","2025-10-17","군인특별공급 대전대","1","1","0","0","1BL","59B","1","Y"
"2025","267","경기 파주시","2025-09-30","2025-10-27","10","2025-10-29","2025-10-24","청약자격확인 운정 ","1","0","1","1","A2BL","-","97","Y"
"2025","266","경기 파주시","2025-09-30","2025-10-27","10","2025-10-29","2025-10-24","군인특별공급 운정 ","1","0","1","1","A2BL","84C","4","Y"
"2025","266","경기 파주시","2025-09-30","2025-10-27","10","2025-10-29","2025-10-24","군인특별공급 운정 ","1","0","1","1","A2BL","84B","4","Y"
"2025","266","경기 파주시","2025-09-30","2025-10-27","10","2025-10-29","2025-10-24","군인특별공급 운정 ","1","0","1","1","A2BL","84A","17","Y"
"2025","266","경기 파주시","2025-09-30","2025-10-27","10","2025-10-29","2025-10-24","군인특별공급 운정 ","1","0","1","1","A2BL","74","4","Y"
"2025","266","경기 파주시","2025-09-30","2025-10-27","10","2025-10-29","2025-10-24","군인특별공급 운정 ","1","0","1","1","A2BL","63","3","Y"
"2025","265","경기 김포시","2025-09-30","2025-10-20","10","2025-10-22","2025-10-17","청약자격확인 김포 ","1","0","1","1","B5","-","28","Y"
"2025","264","경기 김포시","2025-09-30","2025-10-20","10","2025-10-22","2025-10-17","군인특별공급 김포 ","1","0","0","1","B5","84B","3","Y"
"2025","264","경기 김포시","2025-09-30","2025-10-20","10","2025-10-22","2025-10-17","군인특별공급 김포 ","1","0","0","1","B5","84A","5","Y"
"2025","263","인천 미추홀구","2025-09-30","2025-11-24","10","2025-11-26","2025-11-21","청약자격확인 시티오","1","0","1","1","2BL","-","40","Y"
"2025","262","인천 미추홀구","2025-09-30","2025-11-24","10","2025-11-26","2025-11-21","군인특별공급 시티오","1","0","1","1","2BL","84C","1","Y"
"2025","262","인천 미추홀구","2025-09-30","2025-11-24","10","2025-11-26","2025-11-21","군인특별공급 시티오","1","0","1","1","2BL","84B","5","Y"
"2025","262","인천 미추홀구","2025-09-30","2025-11-24","10","2025-11-26","2025-11-21","군인특별공급 시티오","1","0","1","1","2BL","84A","10","Y"
"2025","262","인천 미추홀구","2025-09-30","2025-11-24","10","2025-11-26","2025-11-21","군인특별공급 시티오","1","0","1","1","2BL","75","2","Y"
"2025","262","인천 미추홀구","2025-09-30","2025-11-24","10","2025-11-26","2025-11-21","군인특별공급 시티오","1","0","1","1","2BL","59","3","Y"
"2025","261","서울 서초구","2025-09-30","2026-03-23","10","2026-03-25","2026-03-20","군인특별공급 아크로","1","0","1","1","-","59A","1","Y"
"2025","260","경기 고양시","2025-09-26","2025-09-29","10","2025-10-01","2025-09-26","청약자격확인 식사 ","1","0","1","1","-","-","1","Y"
"2025","259","충북 청주시","2025-09-24","2025-10-20","10","2025-10-22","2025-10-17","군인특별공급 두산위","1","0","1","1","-","84B","1","Y"
"2025","259","충북 청주시","2025-09-24","2025-10-20","10","2025-10-22","2025-10-17","군인특별공급 두산위","1","0","1","1","-","84A","4","Y"
"2025","259","충북 청주시","2025-09-24","2025-10-20","10","2025-10-22","2025-10-17","군인특별공급 두산위","1","0","1","1","-","74","2","Y"
"2025","259","충북 청주시","2025-09-24","2025-10-20","10","2025-10-22","2025-10-17","군인특별공급 두산위","1","0","1","1","-","59A","1","Y"
"2025","258","경북 구미시","2025-09-24","2025-10-16","10","2025-10-17","2025-10-15","군인특별공급 두산위","1","0","1","1","-","84B","3","Y"
"2025","258","경북 구미시","2025-09-24","2025-10-16","10","2025-10-17","2025-10-15","군인특별공급 두산위","1","0","1","1","-","84A","4","Y"
"2025","258","경북 구미시","2025-09-24","2025-10-16","10","2025-10-17","2025-10-15","군인특별공급 두산위","1","0","1","1","-","74A","1","Y"
"2025","257","전남 여수시","2025-09-24","2025-11-03","10","2025-11-05","2025-10-28","군인특별공급 효성해","1","0","1","1","-","84D","1","Y"
"2025","257","전남 여수시","2025-09-24","2025-11-03","10","2025-11-05","2025-10-28","군인특별공급 효성해","1","0","1","1","-","84B","1","Y"
"2025","257","전남 여수시","2025-09-24","2025-11-03","10","2025-11-05","2025-10-28","군인특별공급 효성해","1","0","1","1","-","84A","1","Y"
"2025","256","경기 양주시","2025-09-24","2025-10-13","10","2025-10-15","2025-10-10","청약자격확인 회천 ","1","0","1","1","A10-1BL","-","26","Y"
"2025","255","강원 원주시","2025-09-24","2025-10-02","10","2025-10-10","2025-09-30","원주무실 A-2블록","1","1","0","0","A-2BL","84","1","Y"
"2025","254","경기 남양주시","2025-09-17","2025-09-29","10","2025-10-01","2025-09-26","청약자격확인 남양주","1","1","0","0","A-7","-","4","Y"
"2025","253","경기 남양주시","2025-09-17","2025-09-29","10","2025-10-01","2025-09-26","군인특별공급 남양주","1","1","0","0","A-7","59","1","Y"
"2025","252","충청 청주시","2025-09-10","2025-09-29","10","2025-10-01","2025-09-26","군인특별공급 청주 ","1","0","1","1","-","84","2","Y"
"2025","252","충청 청주시","2025-09-10","2025-09-29","10","2025-10-01","2025-09-26","군인특별공급 청주 ","1","0","1","1","-","76","1","Y"
"2025","252","충청 청주시","2025-09-10","2025-09-29","10","2025-10-01","2025-09-26","군인특별공급 청주 ","1","0","1","1","-","67B","3","Y"
"2025","252","충청 청주시","2025-09-10","2025-09-29","10","2025-10-01","2025-09-26","군인특별공급 청주 ","1","0","1","1","-","67A","2","Y"
"2025","251","충남 아산시","2025-09-10","2025-09-22","10","2025-09-24","2025-09-19","군인특별공급 아산모","1","0","1","1","A-1BL","84D","2","Y"
"2025","251","충남 아산시","2025-09-10","2025-09-22","10","2025-09-24","2025-09-19","군인특별공급 아산모","1","0","1","1","A-1BL","84C","4","Y"
"2025","251","충남 아산시","2025-09-10","2025-09-22","10","2025-09-24","2025-09-19","군인특별공급 아산모","1","0","1","1","A-1BL","84B","2","Y"
"2025","251","충남 아산시","2025-09-10","2025-09-22","10","2025-09-24","2025-09-19","군인특별공급 아산모","1","0","1","1","A-1BL","84A","2","Y"
"2025","250","울산 울주군","2025-09-10","2025-09-22","10","2025-09-24","2025-09-19","군인특별공급 울산역","1","0","1","1","-","84B","1","Y"
"2025","250","울산 울주군","2025-09-10","2025-09-22","10","2025-09-24","2025-09-19","군인특별공급 울산역","1","0","1","1","-","84A","2","Y"
"2025","249","부산 동래구","2025-09-10","2025-09-22","10","2025-09-24","2025-09-19","군인특별공급 힐스테","1","0","1","1","-","78","1","Y"
"2025","248","부산 사상구","2025-09-24","2025-10-13","10","2025-10-15","2025-10-10","군인특별공급 더파크","1","0","1","1","-","84C","1","Y"
"2025","248","부산 사상구","2025-09-24","2025-10-13","10","2025-10-15","2025-10-10","군인특별공급 더파크","1","0","1","1","-","84B","1","Y"
"2025","248","부산 사상구","2025-09-24","2025-10-13","10","2025-10-15","2025-10-10","군인특별공급 더파크","1","0","1","1","-","84A","5","Y"
"2025","247","부산 부산진구","2025-09-10","2025-09-22","10","2025-09-24","2025-09-19","군인특별공급 힐스테","1","0","1","1","-","84B","1","Y"
"2025","247","부산 부산진구","2025-09-10","2025-09-22","10","2025-09-24","2025-09-19","군인특별공급 힐스테","1","0","1","1","-","84A","1","Y"
"2025","246","부산 해운대구","2025-09-10","2025-09-22","10","2025-09-24","2025-09-19","군인특별공급 베뉴브","1","0","1","1","-","84E","2","Y"
"2025","246","부산 해운대구","2025-09-10","2025-09-22","10","2025-09-24","2025-09-19","군인특별공급 베뉴브","1","0","1","1","-","84D","1","Y"
"2025","246","부산 해운대구","2025-09-10","2025-09-22","10","2025-09-24","2025-09-19","군인특별공급 베뉴브","1","0","1","1","-","84C","2","Y"
"2025","246","부산 해운대구","2025-09-10","2025-09-22","10","2025-09-24","2025-09-19","군인특별공급 베뉴브","1","0","1","1","-","84B","1","Y"
"2025","246","부산 해운대구","2025-09-10","2025-09-22","10","2025-09-24","2025-09-19","군인특별공급 베뉴브","1","0","1","1","-","84A","1","Y"
"2025","307","경기 시흥시","2025-11-05","2025-11-17","10","2025-11-19","2025-11-14","군인특별공급 시흥거","1","0","1","1","S-2BL","84","3","Y"
"2025","306","경기 부천시","2025-11-05","2025-11-17","10","2025-11-19","2025-11-14","청약자격확인 엘리프","1","0","1","1","-","-","2","Y"
"2025","305","경기 부천시","2025-11-05","2025-11-17","10","2025-11-19","2025-11-14","군인특별공급 엘리프","1","0","1","1","-","59C3","1","Y"
"2025","304","경기 성남시","2025-11-05","2025-11-17","10","2025-11-19","2025-11-14","군인특별공급 복정역","1","0","1","1","B1BL","84C","1","Y"
"2025","304","경기 성남시","2025-11-05","2025-11-17","10","2025-11-19","2025-11-14","군인특별공급 복정역","1","0","1","1","B1BL","84B","1","Y"
"2025","304","경기 성남시","2025-11-05","2025-11-17","10","2025-11-19","2025-11-14","군인특별공급 복정역","1","0","1","1","B1BL","84A","3","Y"
"2025","303","경기 용인시","2025-11-05","2025-12-22","10","2025-12-24","2025-12-19","군인특별공급 수지자","1","0","1","1","-","84D","2","Y"
"2025","303","경기 용인시","2025-11-05","2025-12-22","10","2025-12-24","2025-12-19","군인특별공급 수지자","1","0","1","1","-","84C","6","Y"
"2025","303","경기 용인시","2025-11-05","2025-12-22","10","2025-12-24","2025-12-19","군인특별공급 수지자","1","0","1","1","-","84B","1","Y"
"2025","303","경기 용인시","2025-11-05","2025-12-22","10","2025-12-24","2025-12-19","군인특별공급 수지자","1","0","1","1","-","84A","2","Y"
"2025","302","부산 동래구","2025-10-29","2025-11-10","10","2025-11-12","2025-11-03","군인특별공급 동래 ","1","0","1","1","-","84C","1","Y"
"2025","302","부산 동래구","2025-10-29","2025-11-10","10","2025-11-12","2025-11-03","군인특별공급 동래 ","1","0","1","1","-","84B","1","Y"
"2025","302","부산 동래구","2025-10-29","2025-11-10","10","2025-11-12","2025-11-03","군인특별공급 동래 ","1","0","1","1","-","84A","2","Y"
"2025","301","경기 김포시","2025-10-29","2025-11-10","10","2025-11-12","2025-11-07","청약자격확인 풍무역","1","0","1","1","B2BL","-","32","Y"
"2025","300","경기 김포시","2025-10-29","2025-11-10","10","2025-11-12","2025-11-07","군인특별공급 풍무역","1","0","1","1","B2BL","84","6","Y"
"2025","300","경기 김포시","2025-10-29","2025-11-10","10","2025-11-12","2025-11-07","군인특별공급 풍무역","1","0","1","1","B2BL","59A","2","Y"
"2025","299","경기 용인시","2025-10-29","2025-12-15","10","2025-12-17","2025-12-12","청약자격확인 용인 ","1","0","1","1","-","-","21","Y"
"2025","298","경기 용인시","2025-10-29","2025-12-15","10","2025-12-17","2025-12-12","군인특별공급 용인 ","1","0","1","1","-","84E","1","Y"
"2025","298","경기 용인시","2025-10-29","2025-12-15","10","2025-12-17","2025-12-12","군인특별공급 용인 ","1","0","1","1","-","84D","1","Y"
"2025","298","경기 용인시","2025-10-29","2025-12-15","10","2025-12-17","2025-12-12","군인특별공급 용인 ","1","0","1","1","-","84C","1","Y"
"2025","298","경기 용인시","2025-10-29","2025-12-15","10","2025-12-17","2025-12-12","군인특별공급 용인 ","1","0","1","1","-","84B","1","Y"
"2025","298","경기 용인시","2025-10-29","2025-12-15","10","2025-12-17","2025-12-12","군인특별공급 용인 ","1","0","1","1","-","84A","5","Y"
"2025","297","경기 광명시","2025-10-29","2025-11-10","10","2025-11-12","2025-11-07","청약자격확인 힐스테","1","0","1","1","-","-","19","Y"
"2025","296","경기 광명시","2025-10-29","2025-11-10","10","2025-11-12","2025-11-07","군인특별공급 힐스테","1","0","1","1","-","59C","1","Y"
"2025","296","경기 광명시","2025-10-29","2025-11-10","10","2025-11-12","2025-11-07","군인특별공급 힐스테","1","0","1","1","-","59A","8","Y"
"2025","296","경기 광명시","2025-10-29","2025-11-10","10","2025-11-12","2025-11-07","군인특별공급 힐스테","1","0","1","1","-","51","2","Y"
"2025","295","경기 양평군","2025-10-22","2025-11-10","10","2025-11-12","2025-11-07","청약자격확인 효성해","1","0","1","1","-","-","13","Y"
"2025","294","경기 양평군","2025-10-22","2025-11-10","10","2025-11-12","2025-11-07","군인특별공급 효성해","1","0","1","1","-","84C","1","Y"
"2025","294","경기 양평군","2025-10-22","2025-11-10","10","2025-11-12","2025-11-07","군인특별공급 효성해","1","0","1","1","-","84B","2","Y"
"2025","294","경기 양평군","2025-10-22","2025-11-10","10","2025-11-12","2025-11-07","군인특별공급 효성해","1","0","1","1","-","84A","2","Y"
"2025","294","경기 양평군","2025-10-22","2025-11-10","10","2025-11-12","2025-11-07","군인특별공급 효성해","1","0","1","1","-","74","2","Y"
"2025","294","경기 양평군","2025-10-22","2025-11-10","10","2025-11-12","2025-11-07","군인특별공급 효성해","1","0","1","1","-","72","2","Y"
"2025","293","전북 순창군","2025-10-22","2025-11-17","10","2025-11-19","2025-11-14","군인특별공급 대상 ","1","0","1","1","-","84A","3","Y"
"2025","292","경남 창원시","2025-10-22","2026-04-13","10","2026-04-15","2026-04-10","군인특별공급 엘리프","1","0","1","1","B-1BL","84A","1","Y"
"2025","292","경남 창원시","2025-10-22","2026-04-13","10","2026-04-15","2026-04-10","군인특별공급 엘리프","1","0","1","1","B-1BL","76A","2","Y"
"2025","291","경기 수원시","2025-10-22","2025-11-03","10","2025-11-05","2025-10-31","청약자격확인 엘리프","1","0","1","1","D3BL","-","15","Y"
"2025","290","경기 수원시","2025-10-22","2025-11-03","10","2025-11-05","2025-10-31","군인특별공급 엘리프","1","0","1","1","D3BL","84D","1","Y"
"2025","290","경기 수원시","2025-10-22","2025-11-03","10","2025-11-05","2025-10-31","군인특별공급 엘리프","1","0","1","1","D3BL","84C","1","Y"
"2025","290","경기 수원시","2025-10-22","2025-11-03","10","2025-11-05","2025-10-31","군인특별공급 엘리프","1","0","1","1","D3BL","84B","2","Y"
"2025","289","경기 수원시","2025-10-22","2025-11-03","10","2025-11-05","2025-10-31","청약자격확인 엘리프","1","0","1","1","C3BL","-","12","Y"
"2025","288","경기 수원시","2025-10-22","2025-11-03","10","2025-11-05","2025-10-31","군인특별공급 엘리프","1","0","1","1","C3BL","84D","1","Y"
"2025","288","경기 수원시","2025-10-22","2025-11-03","10","2025-11-05","2025-10-31","군인특별공급 엘리프","1","0","1","1","C3BL","84B","3","Y"
"2025","288","경기 수원시","2025-10-22","2025-11-03","10","2025-11-05","2025-10-31","군인특별공급 엘리프","1","0","1","1","C3BL","84A","1","Y"
"2025","288","경기 수원시","2025-10-22","2025-11-03","10","2025-11-05","2025-10-31","군인특별공급 엘리프","1","0","1","1","C3BL","74A","1","Y"
"2025","287","서울 서초구","2025-10-22","2025-11-03","10","2025-11-05","2025-10-31","군인특별공급 반포 ","1","0","1","1","-","84A","1","Y"
"2025","287","서울 서초구","2025-10-22","2025-11-03","10","2025-11-05","2025-10-31","군인특별공급 반포 ","1","0","1","1","-","59D","2","Y"
"2025","287","서울 서초구","2025-10-22","2025-11-03","10","2025-11-05","2025-10-31","군인특별공급 반포 ","1","0","1","1","-","59B","2","Y"
"2025","287","서울 서초구","2025-10-22","2025-11-03","10","2025-11-05","2025-10-31","군인특별공급 반포 ","1","0","1","1","-","59A","3","Y"
"2025","286","전북 전주시","2025-10-15","2025-11-17","10","2025-11-19","2025-11-14","군인특별공급 송천 ","1","0","1","1","-","84D","2","Y"
"2025","286","전북 전주시","2025-10-15","2025-11-17","10","2025-11-19","2025-11-14","군인특별공급 송천 ","1","0","1","1","-","84C","1","Y"
"2025","286","전북 전주시","2025-10-15","2025-11-17","10","2025-11-19","2025-11-14","군인특별공급 송천 ","1","0","1","1","-","84A","2","Y"
"2025","285","경남 김해시","2025-10-15","2025-11-10","10","2025-11-12","2025-11-07","군인특별공급 김해 ","1","0","1","1","-","84","6","Y"
"2025","285","경남 김해시","2025-10-15","2025-11-10","10","2025-11-12","2025-11-07","군인특별공급 김해 ","1","0","1","1","-","77","1","Y"
"2025","285","경남 김해시","2025-10-15","2025-11-10","10","2025-11-12","2025-11-07","군인특별공급 김해 ","1","0","1","1","-","68","1","Y"
"2025","284","경남 김해시","2025-10-15","2025-10-27","10","2025-10-29","2025-10-23","군인특별공급 김해진","1","1","0","0","C-1BL","59","1","Y"
"2025","283","대전 유성구","2025-10-15","2025-11-03","10","2025-11-05","2025-10-30","군인특별공급 도룡자","1","0","1","1","-","84C","1","Y"
"2025","283","대전 유성구","2025-10-15","2025-11-03","10","2025-11-05","2025-10-30","군인특별공급 도룡자","1","0","1","1","-","84B","1","Y"
"2025","282","경기 평택시","2025-10-15","2025-11-03","10","2025-11-05","2025-10-30","청약자격확인 평택 ","1","0","1","1","4BL","-","48","Y"
"2025","281","경기 평택시","2025-10-15","2025-11-03","10","2025-11-05","2025-10-30","군인특별공급 평택 ","1","0","1","1","4BL","84C","2","Y"
"2025","281","경기 평택시","2025-10-15","2025-11-03","10","2025-11-05","2025-10-30","군인특별공급 평택 ","1","0","1","1","4BL","84B","5","Y"
"2025","281","경기 평택시","2025-10-15","2025-11-03","10","2025-11-05","2025-10-30","군인특별공급 평택 ","1","0","1","1","4BL","84A","3","Y"
"2025","281","경기 평택시","2025-10-15","2025-11-03","10","2025-11-05","2025-10-30","군인특별공급 평택 ","1","0","1","1","4BL","59","3","Y"
"2025","280","경기 김포시","2025-10-15","2025-10-27","10","2025-10-29","2025-10-24","청약자격확인 풍무역","1","0","1","1","B3BL","-","44","Y"
"2025","279","경기 김포시","2025-10-15","2025-10-27","10","2025-10-29","2025-10-24","군인특별공급 풍무역","1","0","1","1","B3BL","84A","7","Y"
"2025","279","경기 김포시","2025-10-15","2025-10-27","10","2025-10-29","2025-10-24","군인특별공급 풍무역","1","0","1","1","B3BL","74B","3","Y"
"2025","279","경기 김포시","2025-10-15","2025-10-27","10","2025-10-29","2025-10-24","군인특별공급 풍무역","1","0","1","1","B3BL","74A","9","Y"
"2025","278","경기 성남시","2025-10-15","2025-11-03","10","2025-11-05","2025-10-31","청약자격확인 더샵 ","1","0","1","1","-","-","3","Y"
"2025","277","경기 성남시","2025-10-15","2025-11-03","10","2025-11-05","2025-10-31","군인특별공급 더샵 ","1","0","1","1","-","84.95","1","Y"
"2025","277","경기 성남시","2025-10-15","2025-11-03","10","2025-11-05","2025-10-31","군인특별공급 더샵 ","1","0","1","1","-","66","1","Y"
"2025","276","경기도 수원시","2025-10-10","2026-03-03","10","2026-03-05","2026-02-27","청약자격확인 두산위","1","0","1","1","-","-","8","Y"
"2025","275","경기도 수원시","2025-10-10","2026-03-03","10","2026-03-05","2026-02-27","군인특별공급 두산위","1","0","1","1","-","59B","1","Y"
"2025","275","경기도 수원시","2025-10-10","2026-03-03","10","2026-03-05","2026-02-27","군인특별공급 두산위","1","0","1","1","-","59A","4","Y"
"2025","340","울산 남구","2025-11-19","2025-12-22","10","2025-12-24","2025-12-19","군인특별공급 힐스테","1","0","1","1","-","84C","2","Y"
"2025","340","울산 남구","2025-11-19","2025-12-22","10","2025-12-24","2025-12-19","군인특별공급 힐스테","1","0","1","1","-","84B","2","Y"
"2025","340","울산 남구","2025-11-19","2025-12-22","10","2025-12-24","2025-12-19","군인특별공급 힐스테","1","0","1","1","-","84A","2","Y"
"2025","339","충남 천안시","2025-11-19","2025-12-01","10","2025-12-03","2025-11-28","군인특별공급 천안 ","1","0","1","1","-","84D","1","Y"
"2025","339","충남 천안시","2025-11-19","2025-12-01","10","2025-12-03","2025-11-28","군인특별공급 천안 ","1","0","1","1","-","84C","5","Y"
"2025","339","충남 천안시","2025-11-19","2025-12-01","10","2025-12-03","2025-11-28","군인특별공급 천안 ","1","0","1","1","-","84B","2","Y"
"2025","339","충남 천안시","2025-11-19","2025-12-01","10","2025-12-03","2025-11-28","군인특별공급 천안 ","1","0","1","1","-","84A","2","Y"
"2025","338","경기 오산시","2025-11-19","2026-01-12","10","2026-01-14","2026-01-09","청약자격확인 북오산","1","0","1","1","A1BL","-","38","Y"
"2025","337","경기 오산시","2025-11-19","2026-01-12","10","2026-01-14","2026-01-09","군인특별공급 북오산","1","0","1","1","A1BL","84D","1","Y"
"2025","337","경기 오산시","2025-11-19","2026-01-12","10","2026-01-14","2026-01-09","군인특별공급 북오산","1","0","1","1","A1BL","84B","3","Y"
"2025","337","경기 오산시","2025-11-19","2026-01-12","10","2026-01-14","2026-01-09","군인특별공급 북오산","1","0","1","1","A1BL","84A","3","Y"
"2025","337","경기 오산시","2025-11-19","2026-01-12","10","2026-01-14","2026-01-09","군인특별공급 북오산","1","0","1","1","A1BL","74C","1","Y"
"2025","337","경기 오산시","2025-11-19","2026-01-12","10","2026-01-14","2026-01-09","군인특별공급 북오산","1","0","1","1","A1BL","74B","1","Y"
"2025","337","경기 오산시","2025-11-19","2026-01-12","10","2026-01-14","2026-01-09","군인특별공급 북오산","1","0","1","1","A1BL","74A","2","Y"
"2025","337","경기 오산시","2025-11-19","2026-01-12","10","2026-01-14","2026-01-09","군인특별공급 북오산","1","0","1","1","A1BL","59B","3","Y"
"2025","337","경기 오산시","2025-11-19","2026-01-12","10","2026-01-14","2026-01-09","군인특별공급 북오산","1","0","1","1","A1BL","59A","3","Y"
"2025","336","경기 이천시","2025-11-19","2025-12-01","10","2025-12-03","2025-11-28","청약자격확인 이천 ","1","0","1","1","-","-","10","Y"
"2025","335","경기 이천시","2025-11-19","2025-12-01","10","2025-12-03","2025-11-28","군인특별공급 이천 ","1","0","1","1","-","84B","1","Y"
"2025","335","경기 이천시","2025-11-19","2025-12-01","10","2025-12-03","2025-11-28","군인특별공급 이천 ","1","0","1","1","-","84A","2","Y"
"2025","334","경기 시흥시","2025-11-19","2025-12-01","10","2025-12-03","2025-11-28","청약자격확인 시흥거","1","0","1","1","B-6BL","-","14","Y"
"2025","333","경기 시흥시","2025-11-19","2025-12-01","10","2025-12-03","2025-11-28","군인특별공급 시흥거","1","0","1","1","B-6BL","84B","2","Y"
"2025","333","경기 시흥시","2025-11-19","2025-12-01","10","2025-12-03","2025-11-28","군인특별공급 시흥거","1","0","1","1","B-6BL","84A","5","Y"
"2025","333","경기 시흥시","2025-11-19","2025-12-01","10","2025-12-03","2025-11-28","군인특별공급 시흥거","1","0","1","1","B-6BL","61A","2","Y"
"2025","332","경기 수원시","2025-11-19","2025-12-01","10","2025-12-03","2025-11-28","청약자격확인 서수원","1","0","1","1","M2BL","-","8","Y"
"2025","331","경기 수원시","2025-11-19","2025-12-01","10","2025-12-03","2025-11-28","군인특별공급 서수원","1","0","1","1","M2BL","84B","1","Y"
"2025","331","경기 수원시","2025-11-19","2025-12-01","10","2025-12-03","2025-11-28","군인특별공급 서수원","1","0","1","1","M2BL","84A","1","Y"
"2025","331","경기 수원시","2025-11-19","2025-12-01","10","2025-12-03","2025-11-28","군인특별공급 서수원","1","0","1","1","M2BL","74","1","Y"
"2025","330","경기 수원시","2025-11-19","2025-12-01","10","2025-12-03","2025-11-28","청약자격확인 서수원","1","0","1","1","M1BL","-","5","Y"
"2025","329","경기 수원시","2025-11-19","2025-12-01","10","2025-12-03","2025-11-28","군인특별공급 서수원","1","0","1","1","M1BL","84A","1","Y"
"2025","329","경기 수원시","2025-11-19","2025-12-01","10","2025-12-03","2025-11-28","군인특별공급 서수원","1","0","1","1","M1BL","74","1","Y"
"2025","328","경기 군포시","2025-11-19","2025-12-01","10","2025-12-03","2025-11-28","청약자격확인 군포대","1","1","0","0","A-2BL","-","12","Y"
"2025","327","경기 남양주시","2025-11-19","2025-12-01","10","2025-12-03","2025-11-28","청약자격확인 남양주","1","1","0","0","A-24","55","4","Y"
"2025","326","경기 남양주시","2025-11-19","2025-12-01","10","2025-12-03","2025-11-28","청약자격확인 남양주","1","1","0","0","B-17","84","1","Y"
"2025","325","경기 남양주시","2025-11-19","2025-12-01","10","2025-12-03","2025-11-28","군인특별공급 남양주","1","1","0","0","B-17","84","1","Y"
"2025","324","경기 의왕시","2025-11-18","2025-11-24","10","2025-11-26","2025-11-21","군인특별공급 의왕 ","1","0","1","1","-","74B","1","Y"
"2025","324","경기 의왕시","2025-11-18","2025-11-24","10","2025-11-26","2025-11-21","군인특별공급 의왕 ","1","0","1","1","-","74A","1","Y"
"2025","324","경기 의왕시","2025-11-18","2025-11-24","10","2025-11-26","2025-11-21","군인특별공급 의왕 ","1","0","1","1","-","59B","2","Y"
"2025","324","경기 의왕시","2025-11-18","2025-11-24","10","2025-11-26","2025-11-21","군인특별공급 의왕 ","1","0","1","1","-","59A","5","Y"
"2025","324","경기 의왕시","2025-11-18","2025-11-24","10","2025-11-26","2025-11-21","군인특별공급 의왕 ","1","0","1","1","-","51","1","Y"
"2025","324","경기 의왕시","2025-11-18","2025-11-24","10","2025-11-26","2025-11-21","군인특별공급 의왕 ","1","0","1","1","-","46","2","Y"
"2025","323","경기 김포시","2025-11-18","2025-11-24","10","2025-11-26","2025-11-21","청약자격확인 칸타빌","1","0","1","1","-","-","18","Y"
"2025","322","경기 김포시","2025-11-18","2025-11-24","10","2025-11-26","2025-11-21","군인특별공급 칸타빌","1","0","1","1","-","84B","1","Y"
"2025","322","경기 김포시","2025-11-18","2025-11-24","10","2025-11-26","2025-11-21","군인특별공급 칸타빌","1","0","1","1","-","84A","4","Y"
"2025","322","경기 김포시","2025-11-18","2025-11-24","10","2025-11-26","2025-11-21","군인특별공급 칸타빌","1","0","1","1","-","66B","2","Y"
"2025","322","경기 김포시","2025-11-18","2025-11-24","10","2025-11-26","2025-11-21","군인특별공급 칸타빌","1","0","1","1","-","66A","3","Y"
"2025","321","경남 창원시","2025-11-17","2025-11-19","10","2025-11-20","2025-11-14","군인특별공급 성산더","1","0","1","1","-","84B","1","Y"
"2025","321","경남 창원시","2025-11-17","2025-11-19","10","2025-11-20","2025-11-14","군인특별공급 성산더","1","0","1","1","-","72B","1","Y"
"2025","320","충남 천안시","2025-11-12","2025-11-24","10","2025-11-26","2025-11-21","군인특별공급 두산위","1","0","1","1","1BL-1Lot","84C","3","Y"
"2025","320","충남 천안시","2025-11-12","2025-11-24","10","2025-11-26","2025-11-21","군인특별공급 두산위","1","0","1","1","1BL-1Lot","84B","4","Y"
"2025","320","충남 천안시","2025-11-12","2025-11-24","10","2025-11-26","2025-11-21","군인특별공급 두산위","1","0","1","1","1BL-1Lot","84A","11","Y"
"2025","319","울산 남구","2025-11-12","2025-11-24","10","2025-11-26","2025-11-21","군인특별공급 울산 ","1","0","1","1","-","84C","1","Y"
"2025","319","울산 남구","2025-11-12","2025-11-24","10","2025-11-26","2025-11-21","군인특별공급 울산 ","1","0","1","1","-","84B","1","Y"
"2025","319","울산 남구","2025-11-12","2025-11-24","10","2025-11-26","2025-11-21","군인특별공급 울산 ","1","0","1","1","-","84A","1","Y"
"2025","319","울산 남구","2025-11-12","2025-11-24","10","2025-11-26","2025-11-21","군인특별공급 울산 ","1","0","1","1","-","59","1","Y"
"2025","318","울산 남구","2025-11-12","2025-11-24","10","2025-11-26","2025-11-21","군인특별공급 울산 ","1","0","1","1","-","84B","1","Y"
"2025","318","울산 남구","2025-11-12","2025-11-24","10","2025-11-26","2025-11-21","군인특별공급 울산 ","1","0","1","1","-","84A","3","Y"
"2025","317","충북 청주시","2025-11-12","2025-11-24","10","2025-11-26","2025-11-21","군인특별공급 청주지","1","1","0","0","A1BL","59B","1","Y"
"2025","317","충북 청주시","2025-11-12","2025-11-24","10","2025-11-26","2025-11-21","군인특별공급 청주지","1","1","0","0","A1BL","55A/55A-1","1","Y"
"2025","316","인천 서구","2025-11-12","2025-11-24","10","2025-11-26","2025-11-21","청약자격확인 인천 ","1","0","1","1","AB13BL","-","8","Y"
"2025","315","인천 서구","2025-11-12","2025-11-24","10","2025-11-26","2025-11-21","군인특별공급 인천 ","1","0","1","1","AB13BL","84C","1","Y"
"2025","315","인천 서구","2025-11-12","2025-11-24","10","2025-11-26","2025-11-21","군인특별공급 인천 ","1","0","1","1","AB13BL","84B","2","Y"
"2025","315","인천 서구","2025-11-12","2025-11-24","10","2025-11-26","2025-11-21","군인특별공급 인천 ","1","0","1","1","AB13BL","84A","1","Y"
"2025","314","경기 화성시","2025-11-12","2025-11-24","10","2025-11-26","2025-11-21","청약자격확인 화성 ","1","0","1","1","B16BL","-","16","Y"
"2025","313","경기 화성시","2025-11-12","2025-11-24","10","2025-11-26","2025-11-21","군인특별공급 화성 ","1","0","1","1","B16BL","84B","2","Y"
"2025","313","경기 화성시","2025-11-12","2025-11-24","10","2025-11-26","2025-11-21","군인특별공급 화성 ","1","0","1","1","B16BL","84A","7","Y"
"2025","312","울산 울주군","2025-11-05","2025-11-17","10","2025-11-19","2025-11-14","군인특별공급 울산 ","1","0","1","1","B-1BL","83A","7","Y"
"2025","311","세종시","2025-11-05","2025-11-24","10","2025-11-26","2025-11-21","(명칭변경)군인특별","1","0","1","1","L9BL","84B","2","Y"
"2025","311","세종시","2025-11-05","2025-11-24","10","2025-11-26","2025-11-21","(명칭변경)군인특별","1","0","1","1","L9BL","80B","1","Y"
"2025","311","세종시","2025-11-05","2025-11-24","10","2025-11-26","2025-11-21","(명칭변경)군인특별","1","0","1","1","L9BL","59B","1","Y"
"2025","310","경기 시흥시","2025-11-05","2025-11-17","10","2025-11-19","2025-11-14","청약자격확인 시흥거","1","0","1","1","B-2BL","-","8","Y"
"2025","309","경기 시흥시","2025-11-05","2025-11-17","10","2025-11-19","2025-11-14","군인특별공급 시흥거","1","0","1","1","B-2BL","84","3","Y"
"2025","308","경기 시흥시","2025-11-05","2025-11-17","10","2025-11-19","2025-11-14","청약자격확인 시흥거","1","0","1","1","S-2BL","-","11","Y"
"2025","382","서울 서대문구","2025-12-31","2026-01-12","10","2026-01-14","2026-01-09","군인특별공급 드파인","1","0","1","1","-","84D","1","Y"
"2025","382","서울 서대문구","2025-12-31","2026-01-12","10","2026-01-14","2026-01-09","군인특별공급 드파인","1","0","1","1","-","59B","1","Y"
"2025","382","서울 서대문구","2025-12-31","2026-01-12","10","2026-01-14","2026-01-09","군인특별공급 드파인","1","0","1","1","-","59A","1","Y"
"2025","381","경남 양산시","2025-12-24","2026-01-05","10","2026-01-07","2025-12-31","군인특별공급 힐스테","1","0","1","1","-","84B","1","Y"
"2025","381","경남 양산시","2025-12-24","2026-01-05","10","2026-01-07","2025-12-31","군인특별공급 힐스테","1","0","1","1","-","84A","1","Y"
"2025","380","경기 이천시","2025-12-24","2026-02-23","10","2026-02-25","2026-02-20","청약자격확인 이천시","1","0","1","1","-","-","27","Y"
"2025","379","경기 이천시","2025-12-24","2026-02-23","10","2026-02-25","2026-02-20","군인특별공급 이천시","1","0","1","1","-","59C","5","Y"
"2025","379","경기 이천시","2025-12-24","2026-02-23","10","2026-02-25","2026-02-20","군인특별공급 이천시","1","0","1","1","-","44B","5","Y"
"2025","379","경기 이천시","2025-12-24","2026-02-23","10","2026-02-25","2026-02-20","군인특별공급 이천시","1","0","1","1","-","35A","30","Y"
"2025","378","경기 김포시","2025-12-24","2026-01-05","10","2026-01-07","2025-12-29","청약자격확인 김포고","1","1","0","0","A1","74A","3","Y"
"2025","378","경기 김포시","2025-12-24","2026-01-05","10","2026-01-07","2025-12-29","청약자격확인 김포고","1","1","0","0","A1","59A","","Y"
"2025","377","경기 김포시","2025-12-24","2026-01-05","10","2026-01-07","2025-12-29","군인특별공급 김포고","1","1","0","0","A1","74A","1","Y"
"2025","376","울산 중구","2025-12-24","2026-01-05","10","2026-01-07","2025-12-30","군인특별공급 울산다","1","1","0","0","A-10","55B/55B1","1","Y"
"2025","375","경기 구리시","2025-12-24","2026-01-05","10","2026-01-07","2025-12-29","청약자격확인 구리갈","1","1","0","0","A4","59","1","Y"
"2025","374","경기 구리시","2025-12-24","2026-01-05","10","2026-01-07","2025-12-29","청약자격확인 구리갈","1","1","0","0","A4","59","3","Y"
"2025","373","경기 구리시","2025-12-24","2026-01-05","10","2026-01-07","2025-12-29","군인특별공급 구리갈","1","1","0","0","A4","59","1","Y"
"2025","372","경기 남양주시","2025-12-24","2026-01-05","10","2026-01-07","2025-12-30","청약자격확인 남양주","1","1","0","0","A-3","55","3","Y"
"2025","371","경기 남양주시","2025-12-24","2026-01-05","10","2026-01-07","2025-12-30","청약자격확인 남양주","1","1","0","0","B-1","74","1","Y"
"2025","370","경기 남양주시","2025-12-24","2026-01-05","10","2026-01-07","2025-12-30","군인특별공급 남양주","1","1","0","0","B-1","74","1","Y"
"2025","369","인천 중구","2025-12-17","2025-12-29","10","2025-12-31","2025-12-22","청약자격확인 인천 ","1","0","1","1","-","-","8","Y"
"2025","368","인천 중구","2025-12-17","2025-12-29","10","2025-12-31","2025-12-22","군인특별공급 인천 ","1","0","1","1","A50BL","84B","1","Y"
"2025","368","인천 중구","2025-12-17","2025-12-29","10","2025-12-31","2025-12-22","군인특별공급 인천 ","1","0","1","1","A50BL","84A","2","Y"
"2025","367","인천 남동구","2025-12-17","2026-02-02","10","2026-02-04","2026-01-30","청약자격확인 포레나","1","0","1","1","-","-","22","Y"
"2025","366","인천 남동구","2025-12-17","2026-02-02","10","2026-02-04","2026-01-30","군인특별공급 포레나","1","0","1","1","-","59B","4","Y"
"2025","366","인천 남동구","2025-12-17","2026-02-02","10","2026-02-04","2026-01-30","군인특별공급 포레나","1","0","1","1","-","59A","6","Y"
"2025","365","인천 중구","2025-12-10","2025-12-22","10","2025-12-24","2025-12-18","청약자격확인 인천영","1","0","1","1","RC4-1,2BL","-","20","Y"
"2025","364","인천 중구","2025-12-10","2025-12-22","10","2025-12-24","2025-12-18","군인특별공급 인천영","1","0","1","1","RC4-1,2BL","84B","1","Y"
"2025","364","인천 중구","2025-12-10","2025-12-22","10","2025-12-24","2025-12-18","군인특별공급 인천영","1","0","1","1","RC4-1,2BL","84A","1","Y"
"2025","363","전남 해남군","2025-12-10","2025-12-29","10","2025-12-31","2025-12-26","군인특별공급 해남 ","1","0","1","1","-","84B","1","Y"
"2025","363","전남 해남군","2025-12-10","2025-12-29","10","2025-12-31","2025-12-26","군인특별공급 해남 ","1","0","1","1","-","84A","5","Y"
"2025","362","광주 광산구","2025-12-10","2025-12-22","10","2025-12-24","2025-12-18","군인특별공급 소촌 ","1","0","1","1","-","84B","3","Y"
"2025","362","광주 광산구","2025-12-10","2025-12-22","10","2025-12-24","2025-12-18","군인특별공급 소촌 ","1","0","1","1","-","84A","2","Y"
"2025","362","광주 광산구","2025-12-10","2025-12-22","10","2025-12-24","2025-12-18","군인특별공급 소촌 ","1","0","1","1","-","78","1","Y"
"2025","362","광주 광산구","2025-12-10","2025-12-22","10","2025-12-24","2025-12-18","군인특별공급 소촌 ","1","0","1","1","-","59B","2","Y"
"2025","362","광주 광산구","2025-12-10","2025-12-22","10","2025-12-24","2025-12-18","군인특별공급 소촌 ","1","0","1","1","-","59A","2","Y"
"2025","361","부산 동래구","2025-12-10","2025-12-22","10","2025-12-24","2025-12-19","군인특별공급 동래 ","1","0","1","1","-","84A","7","Y"
"2025","360","세종시","2025-12-10","2025-12-22","10","2025-12-24","2025-12-19","군인특별공급 행정중","1","1","0","0","A1BL","84A","1","Y"
"2025","360","세종시","2025-12-10","2025-12-22","10","2025-12-24","2025-12-19","군인특별공급 행정중","1","1","0","0","A1BL","74A","1","Y"
"2025","360","세종시","2025-12-10","2025-12-22","10","2025-12-24","2025-12-19","군인특별공급 행정중","1","1","0","0","A1BL","59A","1","Y"
"2025","359","인천 중구","2025-12-10","2025-12-22","10","2025-12-24","2025-12-19","청약자격확인 영종국","1","0","1","1","A20BL","-","15","Y"
"2025","358","인천 중구","2025-12-10","2025-12-22","10","2025-12-24","2025-12-19","군인특별공급 영종국","1","0","1","1","A20BL","84A","7","Y"
"2025","357","인천 중구","2025-12-10","2025-12-22","10","2025-12-24","2025-12-19","청약자격확인 영종국","1","0","1","1","A19BL","-","13","Y"
"2025","356","인천 중구","2025-12-10","2025-12-22","10","2025-12-24","2025-12-19","군인특별공급 영종국","1","0","1","1","A19BL","84A","7","Y"
"2025","355","경기 용인시","2025-12-10","2025-12-22","10","2025-12-24","2025-12-19","청약자격확인 용인 ","1","0","1","1","-","-","10","Y"
"2025","354","경기 용인시","2025-12-10","2025-12-22","10","2025-12-24","2025-12-19","군인특별공급 용인 ","1","0","1","1","-","84C","1","Y"
"2025","354","경기 용인시","2025-12-10","2025-12-22","10","2025-12-24","2025-12-19","군인특별공급 용인 ","1","0","1","1","-","84B","2","Y"
"2025","354","경기 용인시","2025-12-10","2025-12-22","10","2025-12-24","2025-12-19","군인특별공급 용인 ","1","0","1","1","-","84A","8","Y"
"2025","353","부산 남구","2025-12-03","2026-03-30","10","2026-04-01","2026-03-27","군인특별공급 경성대","1","0","1","1","-","84B","1","Y"
"2025","353","부산 남구","2025-12-03","2026-03-30","10","2026-04-01","2026-03-27","군인특별공급 경성대","1","0","1","1","-","59B","1","Y"
"2025","352","경기 이천시","2025-12-03","2025-12-15","10","2025-12-17","2025-12-12","청약자격확인 이천 ","1","0","1","1","B3BL","-","15","Y"
"2025","351","경기 이천시","2025-12-03","2025-12-15","10","2025-12-17","2025-12-12","군인특별공급 이천 ","1","0","1","1","B3BL","84B","1","Y"
"2025","351","경기 이천시","2025-12-03","2025-12-15","10","2025-12-17","2025-12-12","군인특별공급 이천 ","1","0","1","1","B3BL","84A/84A1","6","Y"
"2025","351","경기 이천시","2025-12-03","2025-12-15","10","2025-12-17","2025-12-12","군인특별공급 이천 ","1","0","1","1","B3BL","59B","1","Y"
"2025","351","경기 이천시","2025-12-03","2025-12-15","10","2025-12-17","2025-12-12","군인특별공급 이천 ","1","0","1","1","B3BL","59A","4","Y"
"2025","350","전남 나주시","2025-11-27","2025-12-01","10","2025-12-01","2025-11-21","군인특별공급 나주영","1","0","1","1","-","84B","1","Y"
"2025","350","전남 나주시","2025-11-27","2025-12-01","10","2025-12-01","2025-11-21","군인특별공급 나주영","1","0","1","1","-","84A","2","Y"
"2025","349","울산 중구","2025-11-26","2025-12-22","10","2025-12-24","2025-12-19","군인특별공급 태화강","1","0","1","1","-","84B","8","Y"
"2025","349","울산 중구","2025-11-26","2025-12-22","10","2025-12-24","2025-12-19","군인특별공급 태화강","1","0","1","1","-","84A","5","Y"
"2025","348","부산 남구","2025-11-26","2025-12-15","10","2025-12-17","2025-12-12","군인특별공급 한화포","1","0","1","1","-","59","1","Y"
"2025","347","인천 연수구","2025-11-26","2025-12-08","10","2025-12-10","2025-12-04","청약자격확인 송도 ","1","0","1","1","RC3BL","-","15","Y"
"2025","346","인천 연수구","2025-11-26","2025-12-08","10","2025-12-10","2025-12-04","군인특별공급 송도 ","1","0","1","1","RC3BL","84C","2","Y"
"2025","346","인천 연수구","2025-11-26","2025-12-08","10","2025-12-10","2025-12-04","군인특별공급 송도 ","1","0","1","1","RC3BL","84A","3","Y"
"2025","345","경기 성남시","2025-11-26","2026-01-05","10","2026-01-07","2025-12-31","청약자격확인 더샵 ","1","0","1","1","-","-","2","Y"
"2025","344","경기 성남시","2025-11-26","2026-01-05","10","2026-01-07","2025-12-31","군인특별공급 더샵 ","1","0","1","1","-","78AN","1","Y"
"2025","343","서울 강남구","2025-11-26","2025-12-08","10","2025-12-10","2025-12-05","군인특별공급 역삼센","1","0","1","1","-","84C","1","Y"
"2025","343","서울 강남구","2025-11-26","2025-12-08","10","2025-12-10","2025-12-05","군인특별공급 역삼센","1","0","1","1","-","84A","1","Y"
"2025","342","충남 홍성군","2025-11-19","2025-12-01","10","2025-12-03","2025-11-28","군인특별공급 e편한","1","0","1","1","RH-14BL","84C","1","Y"
"2025","342","충남 홍성군","2025-11-19","2025-12-01","10","2025-12-03","2025-11-28","군인특별공급 e편한","1","0","1","1","RH-14BL","84B","1","Y"
"2025","342","충남 홍성군","2025-11-19","2025-12-01","10","2025-12-03","2025-11-28","군인특별공급 e편한","1","0","1","1","RH-14BL","84A","2","Y"
"2025","341","울산 남구","2025-11-19","2025-12-22","10","2025-12-24","2025-12-19","군인특별공급 힐스테","1","0","1","1","-","84B","1","Y"
"2025","341","울산 남구","2025-11-19","2025-12-22","10","2025-12-24","2025-12-19","군인특별공급 힐스테","1","0","1","1","-","84A","2","Y"
"2025","340","울산 남구","2025-11-19","2025-12-22","10","2025-12-24","2025-12-19","군인특별공급 힐스테","1","0","1","1","-","84D","1","Y"
"2024","156","서울 강동구","2024-05-14","2024-07-29","10","2024-07-31","2024-07-25","청약자격확인 그란츠","1","0","1","1","-","-","9","Y"
"2024","155","서울 강동구","2024-05-14","2024-07-29","10","2024-07-31","2024-07-25","군인특별공급 그란츠","1","0","1","1","-","84B","1","Y"
"2024","155","서울 강동구","2024-05-14","2024-07-29","10","2024-07-31","2024-07-25","군인특별공급 그란츠","1","0","1","1","-","84A","1","Y"
"2024","155","서울 강동구","2024-05-14","2024-07-29","10","2024-07-31","2024-07-25","군인특별공급 그란츠","1","0","1","1","-","59B","1","Y"
"2024","155","서울 강동구","2024-05-14","2024-07-29","10","2024-07-31","2024-07-25","군인특별공급 그란츠","1","0","1","1","-","59A","1","Y"
"2024","155","서울 강동구","2024-05-14","2024-07-29","10","2024-07-31","2024-07-25","군인특별공급 그란츠","1","0","1","1","-","59B","1","Y"
"2024","154","울산 남구","2024-05-08","2024-10-14","10","2024-10-16","2024-10-11","군인특별공급 무거 ","1","0","1","1","-","84E","1","Y"
"2024","154","울산 남구","2024-05-08","2024-10-14","10","2024-10-16","2024-10-11","군인특별공급 무거 ","1","0","1","1","-","84D","2","Y"
"2024","154","울산 남구","2024-05-08","2024-10-14","10","2024-10-16","2024-10-11","군인특별공급 무거 ","1","0","1","1","-","84C","2","Y"
"2024","154","울산 남구","2024-05-08","2024-10-14","10","2024-10-16","2024-10-11","군인특별공급 무거 ","1","0","1","1","-","84B","1","Y"
"2024","154","울산 남구","2024-05-08","2024-10-14","10","2024-10-16","2024-10-11","군인특별공급 무거 ","1","0","1","1","-","84A","1","Y"
"2024","153","대구 북구","2024-05-08","2024-05-20","13","2024-05-22","2024-05-17","군인특별공급 두산위","1","0","1","1","-","84C","2","Y"
"2024","153","대구 북구","2024-05-08","2024-05-20","13","2024-05-22","2024-05-17","군인특별공급 두산위","1","0","1","1","-","84B","2","Y"
"2024","153","대구 북구","2024-05-08","2024-05-20","13","2024-05-22","2024-05-17","군인특별공급 두산위","1","0","1","1","-","84A","5","Y"
"2024","152","경기 수원시","2024-05-08","2024-05-20","13","2024-05-22","2024-05-16","청약자격확인 효성해","1","0","1","1","-","-","4","Y"
"2024","151","경기 수원시","2024-05-08","2024-05-20","13","2024-05-22","2024-05-16","군인특별공급 효성해","1","0","1","1","-","74B","1","Y"
"2024","151","경기 수원시","2024-05-08","2024-05-20","13","2024-05-22","2024-05-16","군인특별공급 효성해","1","0","1","1","-","74A","1","Y"
"2024","150","경기 군포시","2024-05-08","2024-06-10","13","2024-06-12","2024-06-07","청약자격확인 금정역","1","0","1","1","B-1","-","32","Y"
"2024","149","경기 군포시","2024-05-08","2024-06-10","13","2024-06-12","2024-06-07","군인특별공급 금정역","1","0","1","1","B-1","84A","5","Y"
"2024","149","경기 군포시","2024-05-08","2024-06-10","13","2024-06-12","2024-06-07","군인특별공급 금정역","1","0","1","1","B-1","76B","1","Y"
"2024","149","경기 군포시","2024-05-08","2024-06-10","13","2024-06-12","2024-06-07","군인특별공급 금정역","1","0","1","1","B-1","76A","3","Y"
"2024","149","경기 군포시","2024-05-08","2024-06-10","13","2024-06-12","2024-06-07","군인특별공급 금정역","1","0","1","1","B-1","59B","2","Y"
"2024","149","경기 군포시","2024-05-08","2024-06-10","13","2024-06-12","2024-06-07","군인특별공급 금정역","1","0","1","1","B-1","59A","1","Y"
"2024","148","서울 동작구","2024-05-08","2024-06-17","13","2024-06-19","2024-06-14","청약자격확인 동작 ","1","0","1","1","-","-","2","Y"
"2024","147","서울 동작구","2024-05-08","2024-06-17","13","2024-06-19","2024-06-14","군인특별공급 동작 ","1","0","1","1","-","43B","1","Y"
"2024","147","서울 동작구","2024-05-08","2024-06-17","13","2024-06-19","2024-06-14","군인특별공급 동작 ","1","0","1","1","-","43A","1","Y"
"2024","146","전북 완주군","2024-05-03","2024-05-07","10","2024-05-09","2024-05-03","군인특별공급 봉동 ","1","0","1","1","-","72","1","Y"
"2024","146","전북 완주군","2024-05-03","2024-05-07","10","2024-05-09","2024-05-03","군인특별공급 봉동 ","1","0","1","1","-","59B","1","Y"
"2024","146","전북 완주군","2024-05-03","2024-05-07","10","2024-05-09","2024-05-03","군인특별공급 봉동 ","1","0","1","1","-","59A","1","Y"
"2024","145","경기 양평군","2024-05-01","2024-05-13","10","2024-05-16","2024-05-10","청약자격확인 양평 ","1","0","1","1","-","-","6","Y"
"2024","144","경기 양평군","2024-05-01","2024-05-13","10","2024-05-16","2024-05-10","군인특별공급 양평 ","1","0","1","1","-","74B","2","Y"
"2024","144","경기 양평군","2024-05-01","2024-05-13","10","2024-05-16","2024-05-10","군인특별공급 양평 ","1","0","1","1","-","74A","1","Y"
"2024","144","경기 양평군","2024-05-01","2024-05-13","10","2024-05-16","2024-05-10","군인특별공급 양평 ","1","0","1","1","-","59A","1","Y"
"2024","143","경기 오산시","2024-05-01","2024-05-13","10","2024-05-16","2024-05-10","청약자격확인 오산 ","1","0","1","1","A-16","-","15","Y"
"2024","142","경기 오산시","2024-05-01","2024-05-13","10","2024-05-16","2024-05-10","군인특별공급 오산 ","1","0","1","1","A-16","84B","1","Y"
"2024","142","경기 오산시","2024-05-01","2024-05-13","10","2024-05-16","2024-05-10","군인특별공급 오산 ","1","0","1","1","A-16","84A","1","Y"
"2024","142","경기 오산시","2024-05-01","2024-05-13","10","2024-05-16","2024-05-10","군인특별공급 오산 ","1","0","1","1","A-16","74A","1","Y"
"2024","141","서울 서대문구","2024-05-01","2024-05-20","13","2024-05-22","2024-05-17","청약자격확인 서대문","1","0","1","1","-","-","12","Y"
"2024","140","서울 서대문구","2024-05-01","2024-05-20","13","2024-05-22","2024-05-17","군인특별공급 서대문","1","0","1","1","-","84B","1","Y"
"2024","140","서울 서대문구","2024-05-01","2024-05-20","13","2024-05-22","2024-05-17","군인특별공급 서대문","1","0","1","1","-","84A","2","Y"
"2024","140","서울 서대문구","2024-05-01","2024-05-20","13","2024-05-22","2024-05-17","군인특별공급 서대문","1","0","1","1","-","59B","1","Y"
"2024","140","서울 서대문구","2024-05-01","2024-05-20","13","2024-05-22","2024-05-17","군인특별공급 서대문","1","0","1","1","-","59A","4","Y"
"2024","139","대전 서구","2024-04-24","2024-05-07","10","2024-05-09","2024-05-03","군인특별공급 힐스테","1","0","1","1","-","84B","1","Y"
"2024","139","대전 서구","2024-04-24","2024-05-07","10","2024-05-09","2024-05-03","군인특별공급 힐스테","1","0","1","1","-","79B","1","Y"
"2024","139","대전 서구","2024-04-24","2024-05-07","10","2024-05-09","2024-05-03","군인특별공급 힐스테","1","0","1","1","-","79S","3","Y"
"2024","139","대전 서구","2024-04-24","2024-05-07","10","2024-05-09","2024-05-03","군인특별공급 힐스테","1","0","1","1","-","70","2","Y"
"2024","139","대전 서구","2024-04-24","2024-05-07","10","2024-05-09","2024-05-03","군인특별공급 힐스테","1","0","1","1","-","59","1","Y"
"2024","138","울산 남구","2024-04-24","2024-05-07","10","2024-05-09","2024-04-30","군인특별공급 라엘에","1","0","1","1","-","84C","1","Y"
"2024","138","울산 남구","2024-04-24","2024-05-07","10","2024-05-09","2024-04-30","군인특별공급 라엘에","1","0","1","1","-","84B","8","Y"
"2024","138","울산 남구","2024-04-24","2024-05-07","10","2024-05-09","2024-04-30","군인특별공급 라엘에","1","0","1","1","-","73B","2","Y"
"2024","138","울산 남구","2024-04-24","2024-05-07","10","2024-05-09","2024-04-30","군인특별공급 라엘에","1","0","1","1","-","73A","1","Y"
"2024","138","울산 남구","2024-04-24","2024-05-07","10","2024-05-09","2024-04-30","군인특별공급 라엘에","1","0","1","1","-","59A","4","Y"
"2024","137","경기 여주시","2024-04-24","2024-05-07","10","2024-05-09","2024-05-03","청약자격확인 여주역","1","0","1","1","-","-","23","Y"
"2024","136","경기 여주시","2024-04-24","2024-05-07","10","2024-05-09","2024-05-03","군인특별공급 여주역","1","0","1","1","-","84B","3","Y"
"2024","136","경기 여주시","2024-04-24","2024-05-07","10","2024-05-09","2024-05-03","군인특별공급 여주역","1","0","1","1","-","84A","3","Y"
"2024","136","경기 여주시","2024-04-24","2024-05-07","10","2024-05-09","2024-05-03","군인특별공급 여주역","1","0","1","1","-","59B","1","Y"
"2024","136","경기 여주시","2024-04-24","2024-05-07","10","2024-05-09","2024-05-03","군인특별공급 여주역","1","0","1","1","-","59A","1","Y"
"2024","135","경기 김포시","2024-04-24","2024-05-13","10","2024-05-16","2024-05-09","청약자격확인 김포 ","1","0","1","1","-","-","24","Y"
"2024","134","경기 김포시","2024-04-24","2024-05-13","10","2024-05-16","2024-05-09","군인특별공급 김포 ","1","0","1","1","-","84C","2","Y"
"2024","134","경기 김포시","2024-04-24","2024-05-13","10","2024-05-16","2024-05-09","군인특별공급 김포 ","1","0","1","1","-","84A","3","Y"
"2024","134","경기 김포시","2024-04-24","2024-05-13","10","2024-05-16","2024-05-09","군인특별공급 김포 ","1","0","1","1","-","74B","1","Y"
"2024","134","경기 김포시","2024-04-24","2024-05-13","10","2024-05-16","2024-05-09","군인특별공급 김포 ","1","0","1","1","-","74A","2","Y"
"2024","134","경기 김포시","2024-04-24","2024-05-13","10","2024-05-16","2024-05-09","군인특별공급 김포 ","1","0","1","1","-","59B","2","Y"
"2024","134","경기 김포시","2024-04-24","2024-05-13","10","2024-05-16","2024-05-09","군인특별공급 김포 ","1","0","1","1","-","59A","5","Y"
"2025","388","인천 중구","2025-12-31","2026-01-12","10","2026-01-14","2025-12-31","청약자격확인 인천영","1","1","0","0","A24","-","10","Y"
"2025","387","인천 중구","2025-12-31","2026-01-12","10","2026-01-14","2025-12-31","군인특별공급 인천영","1","1","0","0","-","74","1","Y"
"2025","386","경기 평택시","2025-12-31","2026-01-26","10","2026-01-28","2026-01-23","청약자격확인 평택 ","1","0","1","1","8BL","-","2","Y"
"2025","385","경기 평택시","2025-12-31","2026-01-26","10","2026-01-28","2026-01-23","군인특별공급 평택 ","1","0","1","1","8BL","59A","1","Y"
"2025","384","경기 김포시","2025-12-31","2026-01-12","10","2026-01-14","2026-01-09","청약자격확인 사우역","1","0","1","1","1BL","-","11","Y"
"2025","383","경기 김포시","2025-12-31","2026-01-12","10","2026-01-14","2026-01-09","군인특별공급 사우역","1","0","1","1","-","84B","1","Y"
"2025","383","경기 김포시","2025-12-31","2026-01-12","10","2026-01-14","2026-01-09","군인특별공급 사우역","1","0","1","1","-","84A","2","Y"
"2025","382","서울 서대문구","2025-12-31","2026-01-12","10","2026-01-14","2026-01-09","군인특별공급 드파인","1","0","1","1","-","84F","1","Y"
"2024","187","경기 고양시","2024-06-12","2024-06-24","13","2024-06-26","2024-06-20","군인특별공급 고양 ","1","0","1","1","M-1","84B","4","Y"
"2024","187","경기 고양시","2024-06-12","2024-06-24","13","2024-06-26","2024-06-20","군인특별공급 고양 ","1","0","1","1","M-1","84A","5","Y"
"2024","186","경기 성남시","2024-06-12","2024-06-24","13","2024-06-26","2024-06-21","청약자격확인 산성역","1","0","1","1","-","-","36","Y"
"2024","185","경기 성남시","2024-06-12","2024-06-24","13","2024-06-26","2024-06-21","군인특별공급 산성역","1","0","1","1","-","84B","1","Y"
"2024","185","경기 성남시","2024-06-12","2024-06-24","13","2024-06-26","2024-06-21","군인특별공급 산성역","1","0","1","1","-","84A","3","Y"
"2024","185","경기 성남시","2024-06-12","2024-06-24","13","2024-06-26","2024-06-21","군인특별공급 산성역","1","0","1","1","-","74B","1","Y"
"2024","185","경기 성남시","2024-06-12","2024-06-24","13","2024-06-26","2024-06-21","군인특별공급 산성역","1","0","1","1","-","74A","1","Y"
"2024","185","경기 성남시","2024-06-12","2024-06-24","13","2024-06-26","2024-06-21","군인특별공급 산성역","1","0","1","1","-","59B","5","Y"
"2024","185","경기 성남시","2024-06-12","2024-06-24","13","2024-06-26","2024-06-21","군인특별공급 산성역","1","0","1","1","-","59A","15","Y"
"2024","185","경기 성남시","2024-06-12","2024-06-24","13","2024-06-26","2024-06-21","군인특별공급 산성역","1","0","1","1","-","46B","2","Y"
"2024","185","경기 성남시","2024-06-12","2024-06-24","13","2024-06-26","2024-06-21","군인특별공급 산성역","1","0","1","1","-","46A","5","Y"
"2024","184","경기 과천시","2024-06-12","2024-06-24","13","2024-06-26","2024-06-20","청약자격확인 과천 ","1","0","1","1","S2BL","-","22","Y"
"2024","183","경기 과천시","2024-06-12","2024-06-24","13","2024-06-26","2024-06-20","군인특별공급 과천 ","1","0","1","1","S2BL","59","6","Y"
"2024","182","서울 성북구","2024-06-12","2024-07-08","10","2024-07-10","2024-07-05","청약자격확인 푸르지","1","0","1","1","-","-","21","Y"
"2024","181","서울 성북구","2024-06-12","2024-07-08","10","2024-07-10","2024-07-05","군인특별공급 푸르지","1","0","1","1","-","84D","5","Y"
"2024","181","서울 성북구","2024-06-12","2024-07-08","10","2024-07-10","2024-07-05","군인특별공급 푸르지","1","0","1","1","-","84A","3","Y"
"2024","181","서울 성북구","2024-06-12","2024-07-08","10","2024-07-10","2024-07-05","군인특별공급 푸르지","1","0","1","1","-","59C","4","Y"
"2024","181","서울 성북구","2024-06-12","2024-07-08","10","2024-07-10","2024-07-05","군인특별공급 푸르지","1","0","1","1","-","59A","5","Y"
"2024","180","서울 마포구","2024-06-12","2024-06-24","13","2024-06-26","2024-06-21","청약자격확인 마포자","1","0","1","1","-","-","13","Y"
"2024","179","서울 마포구","2024-06-12","2024-06-24","13","2024-06-26","2024-06-21","군인특별공급 마포자","1","0","1","1","-","84D","5","Y"
"2024","179","서울 마포구","2024-06-12","2024-06-24","13","2024-06-26","2024-06-21","군인특별공급 마포자","1","0","1","1","-","84C","1","Y"
"2024","179","서울 마포구","2024-06-12","2024-06-24","13","2024-06-26","2024-06-21","군인특별공급 마포자","1","0","1","1","-","59B","1","Y"
"2024","179","서울 마포구","2024-06-12","2024-06-24","13","2024-06-26","2024-06-21","군인특별공급 마포자","1","0","1","1","-","59A","2","Y"
"2024","178","전남 순천시","2024-06-05","2024-06-17","13","2024-06-19","2024-06-14","군인특별공급 순천 ","1","0","1","1","-","84B","2","Y"
"2024","178","전남 순천시","2024-06-05","2024-06-17","13","2024-06-19","2024-06-14","군인특별공급 순천 ","1","0","1","1","-","84A","9","Y"
"2024","177","충북 청주시","2024-05-29","2024-06-24","13","2024-06-26","2024-06-21","군인특별공급 청주테","1","0","1","1","A8","84C","3","Y"
"2024","177","충북 청주시","2024-05-29","2024-06-24","13","2024-06-26","2024-06-21","군인특별공급 청주테","1","0","1","1","A8","84B","3","Y"
"2024","177","충북 청주시","2024-05-29","2024-06-24","13","2024-06-26","2024-06-21","군인특별공급 청주테","1","0","1","1","A8","84A","3","Y"
"2024","176","인천 동구","2024-05-29","2024-06-10","13","2024-06-12","2024-06-07","청약자격확인 리아츠","1","0","1","1","-","-","10","Y"
"2024","175","인천 동구","2024-05-29","2024-06-10","13","2024-06-12","2024-06-07","군인특별공급 리아츠","1","0","1","1","-","84A","1","Y"
"2024","175","인천 동구","2024-05-29","2024-06-10","13","2024-06-12","2024-06-07","군인특별공급 리아츠","1","0","1","1","-","74","1","Y"
"2024","175","인천 동구","2024-05-29","2024-06-10","13","2024-06-12","2024-06-07","군인특별공급 리아츠","1","0","1","1","-","59C","1","Y"
"2024","175","인천 동구","2024-05-29","2024-06-10","13","2024-06-12","2024-06-07","군인특별공급 리아츠","1","0","1","1","-","59B","1","Y"
"2024","175","인천 동구","2024-05-29","2024-06-10","13","2024-06-12","2024-06-07","군인특별공급 리아츠","1","0","1","1","-","59A","2","Y"
"2024","174","경기 오산시","2024-05-29","2024-06-17","13","2024-06-19","2024-06-14","청약자격확인 롯데캐","1","0","1","1","-","-","25","Y"
"2024","173","경기 오산시","2024-05-29","2024-06-17","13","2024-06-19","2024-06-14","군인특별공급 롯데캐","1","0","1","1","-","84C","1","Y"
"2024","173","경기 오산시","2024-05-29","2024-06-17","13","2024-06-19","2024-06-14","군인특별공급 롯데캐","1","0","1","1","-","84A","5","Y"
"2024","172","부산 동구","2024-05-29","2024-06-03","13","2024-06-05","2024-05-31","군인특별공급 e편한","1","0","1","1","-","77B","3","Y"
"2024","172","부산 동구","2024-05-29","2024-06-03","13","2024-06-05","2024-05-31","군인특별공급 e편한","1","0","1","1","-","77A","3","Y"
"2024","172","부산 동구","2024-05-29","2024-06-03","13","2024-06-05","2024-05-31","군인특별공급 e편한","1","0","1","1","-","68A","3","Y"
"2024","171","서울 광진구","2024-05-29","2024-06-03","13","2024-06-05","2024-05-31","청약자격확인 강변역","1","0","1","1","-","-","2","Y"
"2024","170","서울 광진구","2024-05-29","2024-06-03","13","2024-06-05","2024-05-31","군인특별공급 강변역","1","0","1","1","-","84C","1","Y"
"2024","169","충북 청주시","2024-05-22","2024-06-17","13","2024-06-19","2024-06-14","군인특별공급 힐스테","1","0","1","1","-","84B","1","Y"
"2024","169","충북 청주시","2024-05-22","2024-06-17","13","2024-06-19","2024-06-14","군인특별공급 힐스테","1","0","1","1","-","84A","3","Y"
"2024","168","경남 진주시","2024-05-22","2024-06-03","13","2024-06-05","2024-05-30","군인특별공급 아너스","1","0","1","1","-","84B","4","Y"
"2024","168","경남 진주시","2024-05-22","2024-06-03","13","2024-06-05","2024-05-30","군인특별공급 아너스","1","0","1","1","-","84A","4","Y"
"2024","167","강원 홍천군","2024-05-22","2024-06-10","13","2024-06-12","2024-06-07","군인특별공급 홍천 ","1","0","1","1","-","84C","1","Y"
"2024","167","강원 홍천군","2024-05-22","2024-06-10","13","2024-06-12","2024-06-07","군인특별공급 홍천 ","1","0","1","1","-","84B","1","Y"
"2024","167","강원 홍천군","2024-05-22","2024-06-10","13","2024-06-12","2024-06-07","군인특별공급 홍천 ","1","0","1","1","-","84A","1","Y"
"2024","167","강원 홍천군","2024-05-22","2024-06-10","13","2024-06-12","2024-06-07","군인특별공급 홍천 ","1","0","1","1","-","81","1","Y"
"2024","166","부산 부산진구","2024-05-22","2024-06-03","13","2024-06-05","2024-05-31","군인특별공급 양정 ","1","0","1","1","-","84B","3","Y"
"2024","166","부산 부산진구","2024-05-22","2024-06-03","13","2024-06-05","2024-05-31","군인특별공급 양정 ","1","0","1","1","-","84A","1","Y"
"2024","166","부산 부산진구","2024-05-22","2024-06-03","13","2024-06-05","2024-05-31","군인특별공급 양정 ","1","0","1","1","-","59A","3","Y"
"2024","165","경기 고양시","2024-05-22","2024-06-10","13","2024-06-12","2024-06-07","청약자격확인 e편한","1","0","1","1","-","-","3","Y"
"2024","164","경기 평택시","2024-05-22","2024-06-03","13","2024-06-05","2024-05-31","청약자격확인 고덕국","1","0","1","1","A-15","-","3","Y"
"2024","163","경기 평택시","2024-05-22","2024-06-03","13","2024-06-05","2024-05-31","군인특별공급 고덕국","1","0","1","1","A-15","84C","5","Y"
"2024","163","경기 평택시","2024-05-22","2024-06-03","13","2024-06-05","2024-05-31","군인특별공급 고덕국","1","0","1","1","A-15","84B","11","Y"
"2024","163","경기 평택시","2024-05-22","2024-06-03","13","2024-06-05","2024-05-31","군인특별공급 고덕국","1","0","1","1","A-15","84A","2","Y"
"2024","162","강원 속초시","2024-05-14","2024-06-03","13","2024-06-05","2024-05-31","군인특별공급 더샵 ","1","0","1","1","-","84C","1","Y"
"2024","162","강원 속초시","2024-05-14","2024-06-03","13","2024-06-05","2024-05-31","군인특별공급 더샵 ","1","0","1","1","-","84B","5","Y"
"2024","162","강원 속초시","2024-05-14","2024-06-03","13","2024-06-05","2024-05-31","군인특별공급 더샵 ","1","0","1","1","-","84A","12","Y"
"2024","161","전북 전주시","2024-05-14","2024-05-27","13","2024-05-29","2024-05-24","군인특별공급 에코시","1","0","1","1","16B","84A","4","Y"
"2024","160","충남 계룡시","2024-05-14","2024-05-27","13","2024-05-29","2024-05-24","군인특별공급 계룡 ","1","0","1","1","-","84B","5","Y"
"2024","160","충남 계룡시","2024-05-14","2024-05-27","13","2024-05-29","2024-05-24","군인특별공급 계룡 ","1","0","1","1","-","84A","7","Y"
"2024","160","충남 계룡시","2024-05-14","2024-05-27","13","2024-05-29","2024-05-24","군인특별공급 계룡 ","1","0","1","1","-","76","7","Y"
"2024","159","부산 동래구","2024-05-14","2024-06-03","13","2024-06-05","2024-05-31","군인특별공급 부산동","1","0","1","1","-","84B","5","Y"
"2024","159","부산 동래구","2024-05-14","2024-06-03","13","2024-06-05","2024-05-31","군인특별공급 부산동","1","0","1","1","-","84A","3","Y"
"2024","158","경기 평택시","2024-05-14","2024-05-27","13","2024-05-29","2024-05-24","청약자격확인 신영지","1","0","1","1","-","-","29","Y"
"2024","157","경기 평택시","2024-05-14","2024-05-27","13","2024-05-29","2024-05-24","군인특별공급 신영지","1","0","1","1","-","84D","2","Y"
"2024","157","경기 평택시","2024-05-14","2024-05-27","13","2024-05-29","2024-05-24","군인특별공급 신영지","1","0","1","1","-","84C","1","Y"
"2024","157","경기 평택시","2024-05-14","2024-05-27","13","2024-05-29","2024-05-24","군인특별공급 신영지","1","0","1","1","-","84B","3","Y"
"2024","157","경기 평택시","2024-05-14","2024-05-27","13","2024-05-29","2024-05-24","군인특별공급 신영지","1","0","1","1","-","84A","3","Y"
"2024","223","경기 용인시","2024-07-17","2024-08-05","10","2024-08-07","2024-08-01","군인특별공급 용인 ","1","0","1","1","A1","84C","1","Y"
"2024","223","경기 용인시","2024-07-17","2024-08-05","10","2024-08-07","2024-08-01","군인특별공급 용인 ","1","0","1","1","A1","84B","2","Y"
"2024","223","경기 용인시","2024-07-17","2024-08-05","10","2024-08-07","2024-08-01","군인특별공급 용인 ","1","0","1","1","A1","84A","5","Y"
"2024","223","경기 용인시","2024-07-17","2024-08-05","10","2024-08-07","2024-08-01","군인특별공급 용인 ","1","0","1","1","A1","59B","2","Y"
"2024","223","경기 용인시","2024-07-17","2024-08-05","10","2024-08-07","2024-08-01","군인특별공급 용인 ","1","0","1","1","A1","59A","4","Y"
"2024","222","경기 고양시","2024-07-17","2024-07-29","10","2024-07-31","2024-07-25","청약자격확인 고양 ","1","0","1","1","B-3BL","-","22","Y"
"2024","221","경기 고양시","2024-07-17","2024-07-29","10","2024-07-31","2024-07-25","군인특별공급 고양 ","1","0","1","1","B-3BL","84C","1","Y"
"2024","221","경기 고양시","2024-07-17","2024-07-29","10","2024-07-31","2024-07-25","군인특별공급 고양 ","1","0","1","1","B-3BL","84B","3","Y"
"2024","221","경기 고양시","2024-07-17","2024-07-29","10","2024-07-31","2024-07-25","군인특별공급 고양 ","1","0","1","1","B-3BL","84A","9","Y"
"2024","220","서울 강남구","2024-07-17","2024-07-29","10","2024-07-31","2024-07-26","군인특별공급 래미안","1","0","1","1","-","58B","1","Y"
"2024","220","서울 강남구","2024-07-17","2024-07-29","10","2024-07-31","2024-07-26","군인특별공급 래미안","1","0","1","1","-","58A","1","Y"
"2024","219","강원 원주시","2024-07-11","2024-07-22","10","2024-07-24","2024-07-19","군인특별공급 원주 ","1","0","1","1","-","84A","1","Y"
"2024","219","강원 원주시","2024-07-11","2024-07-22","10","2024-07-24","2024-07-19","군인특별공급 원주 ","1","0","1","1","-","59B","1","Y"
"2024","219","강원 원주시","2024-07-11","2024-07-22","10","2024-07-24","2024-07-19","군인특별공급 원주 ","1","0","1","1","-","59A","1","Y"
"2024","218","강원 춘천시","2024-07-11","2024-07-22","10","2024-07-24","2024-07-19","군인특별공급 춘천 ","1","0","1","1","-","84B","2","Y"
"2024","218","강원 춘천시","2024-07-11","2024-07-22","10","2024-07-24","2024-07-19","군인특별공급 춘천 ","1","0","1","1","-","84A","2","Y"
"2024","218","강원 춘천시","2024-07-11","2024-07-22","10","2024-07-24","2024-07-19","군인특별공급 춘천 ","1","0","1","1","-","72","2","Y"
"2024","217","경기 오산시","2024-07-11","2024-10-14","10","2024-10-16","2024-10-11","청약자격확인 힐스테","1","0","1","1","-","-","29","Y"
"2024","216","경기 오산시","2024-07-11","2024-10-14","10","2024-10-16","2024-10-11","군인특별공급 힐스테","1","0","1","1","-","84C","1","Y"
"2024","216","경기 오산시","2024-07-11","2024-10-14","10","2024-10-16","2024-10-11","군인특별공급 힐스테","1","0","1","1","-","84B","2","Y"
"2024","216","경기 오산시","2024-07-11","2024-10-14","10","2024-10-16","2024-10-11","군인특별공급 힐스테","1","0","1","1","-","84A","11","Y"
"2024","215","인천 계양구","2024-07-10","2024-07-30","10","2024-07-31","2024-07-29","청약자격확인 계양 ","1","0","1","1","-","-","58","Y"
"2024","214","인천 계양구","2024-07-10","2024-07-30","10","2024-07-31","2024-07-29","군인특별공급 계양 ","1","0","1","1","-","84B","8","Y"
"2024","214","인천 계양구","2024-07-10","2024-07-30","10","2024-07-31","2024-07-29","군인특별공급 계양 ","1","0","1","1","-","84A","9","Y"
"2024","214","인천 계양구","2024-07-10","2024-07-30","10","2024-07-31","2024-07-29","군인특별공급 계양 ","1","0","1","1","-","59B","1","Y"
"2024","214","인천 계양구","2024-07-10","2024-07-30","10","2024-07-31","2024-07-29","군인특별공급 계양 ","1","0","1","1","-","59A","4","Y"
"2024","213","서울 서초구","2024-07-10","2024-07-22","10","2024-07-24","2024-07-19","군인특별공급 래미안","1","0","1","1","-","84B","2","Y"
"2024","213","서울 서초구","2024-07-10","2024-07-22","10","2024-07-24","2024-07-19","군인특별공급 래미안","1","0","1","1","-","84A","2","Y"
"2024","212","대전 유성구","2024-07-04","2024-07-15","10","2024-07-17","2024-07-12","군인특별공급 힐스테","1","0","1","1","SA4","84D","1","Y"
"2024","212","대전 유성구","2024-07-04","2024-07-15","10","2024-07-17","2024-07-12","군인특별공급 힐스테","1","0","1","1","SA4","84B","3","Y"
"2024","212","대전 유성구","2024-07-04","2024-07-15","10","2024-07-17","2024-07-12","군인특별공급 힐스테","1","0","1","1","SA4","84A","4","Y"
"2024","211","대전 유성구","2024-07-04","2024-07-15","10","2024-07-17","2024-07-12","군인특별공급 힐스테","1","0","1","1","SA5","84B","3","Y"
"2024","211","대전 유성구","2024-07-04","2024-07-15","10","2024-07-17","2024-07-12","군인특별공급 힐스테","1","0","1","1","SA5","84A","2","Y"
"2024","210","경기 파주시","2024-07-04","2024-07-15","10","2024-07-17","2024-07-12","청약자격확인 제일풍","1","0","1","1","A45","-","15","Y"
"2024","209","경기 파주시","2024-07-04","2024-07-15","10","2024-07-17","2024-07-12","군인특별공급 제일풍","1","0","1","1","A45","84E","1","Y"
"2024","209","경기 파주시","2024-07-04","2024-07-15","10","2024-07-17","2024-07-12","군인특별공급 제일풍","1","0","1","1","A45","84D","1","Y"
"2024","209","경기 파주시","2024-07-04","2024-07-15","10","2024-07-17","2024-07-12","군인특별공급 제일풍","1","0","1","1","A45","84C","2","Y"
"2024","209","경기 파주시","2024-07-04","2024-07-15","10","2024-07-17","2024-07-12","군인특별공급 제일풍","1","0","1","1","A45","84A","1","Y"
"2024","209","경기 파주시","2024-07-04","2024-07-15","10","2024-07-17","2024-07-12","군인특별공급 제일풍","1","0","1","1","A45","74B","2","Y"
"2024","209","경기 파주시","2024-07-04","2024-07-15","10","2024-07-17","2024-07-12","군인특별공급 제일풍","1","0","1","1","A45","74A","1","Y"
"2024","208","(일정변경)전남 순","2024-06-27","2024-12-20","10","2024-12-20","2024-12-19","(일정변경)군인특별","1","0","1","1","-","84C","1","Y"
"2024","208","(일정변경)전남 순","2024-06-27","2024-12-20","10","2024-12-20","2024-12-19","(일정변경)군인특별","1","0","1","1","-","84A","2","Y"
"2024","207","경기 화성시","2024-06-27","2024-07-08","10","2024-07-10","2024-07-05","청약자격확인 킹덤시","1","0","1","1","-","-","3","Y"
"2024","206","경기 화성시","2024-06-27","2024-07-08","10","2024-07-10","2024-07-05","군인특별공급 킹덤시","1","0","1","1","-","59E","4","Y"
"2024","205","경기 성남시","2024-06-27","2024-07-02","10","2024-07-03","2024-07-01","청약자격확인 위례자","1","1","0","0","A2-6","-","1","Y"
"2024","204","강원 원주시","2024-06-19","2024-07-01","13","2024-07-03","2024-06-27","군인특별공급 원주 ","1","0","1","1","-","59","4","Y"
"2024","203","경북 구미시","2024-06-19","2024-07-15","10","2024-07-17","2024-07-12","군인특별공급 힐스테","1","0","1","1","-","84B","2","Y"
"2024","203","경북 구미시","2024-06-19","2024-07-15","10","2024-07-17","2024-07-12","군인특별공급 힐스테","1","0","1","1","-","84A","8","Y"
"2024","202","광주 서구","2024-06-19","2024-07-01","13","2024-07-03","2024-06-28","군인특별공급 광주 ","1","0","1","1","-","84B","1","Y"
"2024","202","광주 서구","2024-06-19","2024-07-01","13","2024-07-03","2024-06-28","군인특별공급 광주 ","1","0","1","1","-","84A","2","Y"
"2024","201","대전 대덕구","2024-06-19","2024-07-01","13","2024-07-03","2024-06-27","군인특별공급 쌍용 ","1","0","1","1","-","59B","4","Y"
"2024","201","대전 대덕구","2024-06-19","2024-07-01","13","2024-07-03","2024-06-27","군인특별공급 쌍용 ","1","0","1","1","-","59A","1","Y"
"2024","200","부산 사상구","2024-06-19","2024-07-01","13","2024-07-03","2024-06-28","군인특별공급 더샵 ","1","0","1","1","-","84B","1","Y"
"2024","200","부산 사상구","2024-06-19","2024-07-01","13","2024-07-03","2024-06-28","군인특별공급 더샵 ","1","0","1","1","-","84A","6","Y"
"2024","200","부산 사상구","2024-06-19","2024-07-01","13","2024-07-03","2024-06-28","군인특별공급 더샵 ","1","0","1","1","-","72","5","Y"
"2024","200","부산 사상구","2024-06-19","2024-07-01","13","2024-07-03","2024-06-28","군인특별공급 더샵 ","1","0","1","1","-","59","6","Y"
"2024","199","인천 연수구","2024-06-19","2024-07-01","13","2024-07-03","2024-06-27","청약자격확인 더샵 ","1","0","1","1","A1BL","-","1","Y"
"2024","198","인천 연수구","2024-06-19","2024-07-01","13","2024-07-03","2024-06-27","군인특별공급 더샵 ","1","0","1","1","A1BL","84C","1","Y"
"2024","197","경기 파주시","2024-06-19","2024-07-01","13","2024-07-03","2024-06-28","청약자격확인 파주 ","1","0","1","1","A44BL","-","11","Y"
"2024","196","경기 파주시","2024-06-19","2024-07-01","13","2024-07-03","2024-06-28","군인특별공급 파주 ","1","0","1","1","A44BL","84B","1","Y"
"2024","196","경기 파주시","2024-06-19","2024-07-01","13","2024-07-03","2024-06-28","군인특별공급 파주 ","1","0","1","1","A44BL","84A","1","Y"
"2024","195","경기 화성시","2024-06-19","2024-07-01","13","2024-07-03","2024-06-28","청약자격확인 동탄2","1","0","1","1","C18BL","-","13","Y"
"2024","194","경기 화성시","2024-06-19","2024-07-01","13","2024-07-03","2024-06-28","군인특별공급 동탄2","1","0","1","1","C18BL","82B","2","Y"
"2024","194","경기 화성시","2024-06-19","2024-07-01","13","2024-07-03","2024-06-28","군인특별공급 동탄2","1","0","1","1","C18BL","82A","2","Y"
"2024","193","경기 성남시","2024-06-19","2024-07-01","13","2024-07-03","2024-06-28","청약자격확인 성남 ","1","0","1","1","A-3BL","-","3","Y"
"2024","192","경기 성남시","2024-06-19","2024-07-01","13","2024-07-03","2024-06-28","군인특별공급 성남 ","1","0","1","1","A-3BL","84A","1","Y"
"2024","191","강원 홍천군","2024-06-12","2024-06-24","13","2024-06-26","2024-06-21","군인특별공급 대상 ","1","0","1","1","-","84B","2","Y"
"2024","191","강원 홍천군","2024-06-12","2024-06-24","13","2024-06-26","2024-06-21","군인특별공급 대상 ","1","0","1","1","-","84A","1","Y"
"2024","190","경기 의정부시","2024-06-12","2024-07-01","13","2024-07-03","2024-06-28","청약자격확인 의정부","1","0","1","1","-","-","4","Y"
"2024","189","경기 의정부시","2024-06-12","2024-07-01","13","2024-07-03","2024-06-28","군인특별공급 의정부","1","0","1","1","-","84A","1","Y"
"2024","189","경기 의정부시","2024-06-12","2024-07-01","13","2024-07-03","2024-06-28","군인특별공급 의정부","1","0","1","1","-","59","1","Y"
"2024","188","경기 고양시","2024-06-12","2024-06-24","13","2024-06-26","2024-06-20","청약자격확인 고양 ","1","0","1","1","M-1","-","50","Y"
"2024","258","서울 강동구","2024-08-22","2024-09-03","10","2024-09-05","2024-08-30","청약자격확인 올림픽","1","0","1","1","-","-","3","Y"
"2024","257","서울 강동구","2024-08-22","2024-09-03","10","2024-09-05","2024-08-30","군인특별공급 올림픽","1","0","1","1","-","59A","1","Y"
"2024","257","서울 강동구","2024-08-22","2024-09-03","10","2024-09-05","2024-08-30","군인특별공급 올림픽","1","0","1","1","-","49B","1","Y"
"2024","256","서울 은평구","2024-08-22","2024-09-03","10","2024-09-05","2024-08-30","청약자격확인 연신내","1","0","1","1","-","-","7","Y"
"2024","255","서울 은평구","2024-08-22","2024-09-03","10","2024-09-05","2024-08-30","군인특별공급 연신내","1","0","1","1","-","74B","1","Y"
"2024","255","서울 은평구","2024-08-22","2024-09-03","10","2024-09-05","2024-08-30","군인특별공급 연신내","1","0","1","1","-","74A","1","Y"
"2024","255","서울 은평구","2024-08-22","2024-09-03","10","2024-09-05","2024-08-30","군인특별공급 연신내","1","0","1","1","-","59A","1","Y"
"2024","255","서울 은평구","2024-08-22","2024-09-03","10","2024-09-05","2024-08-30","군인특별공급 연신내","1","0","1","1","-","59","1","Y"
"2024","254","광주 북구","2024-08-19","2024-08-26","10","2024-08-28","2024-08-23","군인특별공급 광주 ","1","0","1","1","-","84B","1","Y"
"2024","254","광주 북구","2024-08-19","2024-08-26","10","2024-08-28","2024-08-23","군인특별공급 광주 ","1","0","1","1","-","84A","1","Y"
"2024","253","서울 성동구","2024-08-14","2024-08-26","10","2024-08-28","2024-08-23","청약자격확인 라체르","1","0","1","1","-","-","4","Y"
"2024","252","서울 성동구","2024-08-14","2024-08-26","10","2024-08-28","2024-08-23","군인특별공급 라체르","1","0","1","1","-","65","1","Y"
"2024","252","서울 성동구","2024-08-14","2024-08-26","10","2024-08-28","2024-08-23","군인특별공급 라체르","1","0","1","1","-","45","2","Y"
"2024","251","울산 남구","2024-08-07","2024-08-26","10","2024-08-28","2024-08-23","군인특별공급 번영로","1","0","1","1","-","84E","1","Y"
"2024","251","울산 남구","2024-08-07","2024-08-26","10","2024-08-28","2024-08-23","군인특별공급 번영로","1","0","1","1","-","84D","1","Y"
"2024","251","울산 남구","2024-08-07","2024-08-26","10","2024-08-28","2024-08-23","군인특별공급 번영로","1","0","1","1","-","84C","1","Y"
"2024","251","울산 남구","2024-08-07","2024-08-26","10","2024-08-28","2024-08-23","군인특별공급 번영로","1","0","1","1","-","84B","2","Y"
"2024","251","울산 남구","2024-08-07","2024-08-26","10","2024-08-28","2024-08-23","군인특별공급 번영로","1","0","1","1","-","84A","6","Y"
"2024","250","서울 서초구","2024-08-07","2024-08-19","10","2024-08-21","2024-08-16","군인특별공급 디에이","1","0","1","1","-","84C","2","Y"
"2024","250","서울 서초구","2024-08-07","2024-08-19","10","2024-08-21","2024-08-16","군인특별공급 디에이","1","0","1","1","-","84B","3","Y"
"2024","250","서울 서초구","2024-08-07","2024-08-19","10","2024-08-21","2024-08-16","군인특별공급 디에이","1","0","1","1","-","84A","10","Y"
"2024","250","서울 서초구","2024-08-07","2024-08-19","10","2024-08-21","2024-08-16","군인특별공급 디에이","1","0","1","1","-","59B","2","Y"
"2024","250","서울 서초구","2024-08-07","2024-08-19","10","2024-08-21","2024-08-16","군인특별공급 디에이","1","0","1","1","-","59A","1","Y"
"2024","249","충남 아산시","2024-07-31","2024-08-12","10","2024-08-14","2024-08-09","군인특별공급 아산배","1","0","1","1","2-A13BL","84C","1","Y"
"2024","249","충남 아산시","2024-07-31","2024-08-12","10","2024-08-14","2024-08-09","군인특별공급 아산배","1","0","1","1","2-A13BL","84B","1","Y"
"2024","249","충남 아산시","2024-07-31","2024-08-12","10","2024-08-14","2024-08-09","군인특별공급 아산배","1","0","1","1","2-A13BL","74","2","Y"
"2024","248","부산 수영구","2024-07-31","2024-09-23","10","2024-09-25","2024-09-20","군인특별공급 드파인","1","0","1","1","-","84B","3","Y"
"2024","248","부산 수영구","2024-07-31","2024-09-23","10","2024-09-25","2024-09-20","군인특별공급 드파인","1","0","1","1","-","84A","1","Y"
"2024","248","부산 수영구","2024-07-31","2024-09-23","10","2024-09-25","2024-09-20","군인특별공급 드파인","1","0","1","1","-","78B","1","Y"
"2024","248","부산 수영구","2024-07-31","2024-09-23","10","2024-09-25","2024-09-20","군인특별공급 드파인","1","0","1","1","-","78A","1","Y"
"2024","248","부산 수영구","2024-07-31","2024-09-23","10","2024-09-25","2024-09-20","군인특별공급 드파인","1","0","1","1","-","59","1","Y"
"2024","247","인천 연수구","2024-07-31","2024-08-12","10","2024-08-14","2024-08-08","청약자격확인 힐스테","1","0","1","1","A15BL","-","21","Y"
"2024","246","인천 연수구","2024-07-31","2024-08-12","10","2024-08-14","2024-08-08","군인특별공급 힐스테","1","0","1","1","A15BL","84A","1","Y"
"2024","245","경기 용인시","2024-07-31","2024-08-26","10","2024-08-28","2024-08-19","청약자격확인 용인 ","1","0","1","1","-","-","38","Y"
"2024","244","경기 용인시","2024-07-31","2024-08-26","10","2024-08-28","2024-08-19","군인특별공급 용인 ","1","0","1","1","-","84B","8","Y"
"2024","244","경기 용인시","2024-07-31","2024-08-26","10","2024-08-28","2024-08-19","군인특별공급 용인 ","1","0","1","1","-","84A","6","Y"
"2024","244","경기 용인시","2024-07-31","2024-08-26","10","2024-08-28","2024-08-19","군인특별공급 용인 ","1","0","1","1","-","68B","2","Y"
"2024","244","경기 용인시","2024-07-31","2024-08-26","10","2024-08-28","2024-08-19","군인특별공급 용인 ","1","0","1","1","-","68A","2","Y"
"2024","243","경기 이천시","2024-07-30","2024-08-08","10","2024-08-12","2024-08-07","청약자격확인 이천 ","1","0","1","1","-","-","20","Y"
"2024","242","경기 이천시","2024-07-30","2024-08-08","10","2024-08-12","2024-08-07","군인특별공급 이천 ","1","0","1","1","-","84D","2","Y"
"2024","242","경기 이천시","2024-07-30","2024-08-08","10","2024-08-12","2024-08-07","군인특별공급 이천 ","1","0","1","1","-","84C","1","Y"
"2024","242","경기 이천시","2024-07-30","2024-08-08","10","2024-08-12","2024-08-07","군인특별공급 이천 ","1","0","1","1","-","84B","1","Y"
"2024","242","경기 이천시","2024-07-30","2024-08-08","10","2024-08-12","2024-08-07","군인특별공급 이천 ","1","0","1","1","-","84A","3","Y"
"2024","241","경남 창원시","2024-07-24","2024-08-05","10","2024-08-07","2024-08-02","군인특별공급 남문동","1","0","1","1","-","74","1","Y"
"2024","241","경남 창원시","2024-07-24","2024-08-05","10","2024-08-07","2024-08-02","군인특별공급 남문동","1","0","1","1","-","59","1","Y"
"2024","240","경남 창원시","2024-07-24","2024-08-05","10","2024-08-07","2024-08-02","군인특별공급 남문동","1","0","1","1","-","74","1","Y"
"2024","240","경남 창원시","2024-07-24","2024-08-05","10","2024-08-07","2024-08-02","군인특별공급 남문동","1","0","1","1","-","64","1","Y"
"2024","240","경남 창원시","2024-07-24","2024-08-05","10","2024-08-07","2024-08-02","군인특별공급 남문동","1","0","1","1","-","59","2","Y"
"2024","239","경기 이천시","2024-07-24","2024-09-03","10","2024-09-05","2024-08-30","청약자격확인 힐스테","1","0","1","1","-","-","5","Y"
"2024","238","경기 이천시","2024-07-24","2024-09-03","10","2024-09-05","2024-08-30","군인특별공급 힐스테","1","0","1","1","-","74","1","Y"
"2024","237","경기 이천시","2024-07-24","2024-09-03","10","2024-09-05","2024-08-30","청약자격확인 힐스테","1","0","1","1","-","-","4","Y"
"2024","236","경기 이천시","2024-07-24","2024-09-03","10","2024-09-05","2024-08-30","군인특별공급 힐스테","1","0","1","1","-","84S","1","Y"
"2024","235","경기 의정부시","2024-07-24","2024-09-23","10","2024-09-25","2024-09-20","청약자격확인 의정부","1","0","1","1","-","-","20","Y"
"2024","234","경기 의정부시","2024-07-24","2024-09-23","10","2024-09-25","2024-09-20","군인특별공급 의정부","1","0","1","1","-","84C","2","Y"
"2024","234","경기 의정부시","2024-07-24","2024-09-23","10","2024-09-25","2024-09-20","군인특별공급 의정부","1","0","1","1","-","84B","2","Y"
"2024","234","경기 의정부시","2024-07-24","2024-09-23","10","2024-09-25","2024-09-20","군인특별공급 의정부","1","0","1","1","-","84A","3","Y"
"2024","233","서울 강서구","2024-07-24","2024-08-05","10","2024-08-07","2024-08-01","청약자격확인 더 트","1","0","1","1","-","-","4","Y"
"2024","232","서울 강서구","2024-07-24","2024-08-05","10","2024-08-07","2024-08-01","군인특별공급 더 트","1","0","1","1","-","48B","1","Y"
"2024","231","전북 군산시","2024-07-17","2024-07-29","10","2024-07-31","2024-07-25","군인특별공급 효성 ","1","0","1","1","-","84B","1","Y"
"2024","231","전북 군산시","2024-07-17","2024-07-29","10","2024-07-31","2024-07-25","군인특별공급 효성 ","1","0","1","1","-","84A","1","Y"
"2024","231","전북 군산시","2024-07-17","2024-07-29","10","2024-07-31","2024-07-25","군인특별공급 효성 ","1","0","1","1","-","77","1","Y"
"2024","230","대전 유성구","2024-07-17","2024-07-29","10","2024-07-31","2024-07-26","군인특별공급 도안 ","1","0","1","1","31","59","1","Y"
"2024","229","대전 유성구","2024-07-17","2024-07-29","10","2024-07-31","2024-07-26","군인특별공급 도안 ","1","0","1","1","29","84B","1","Y"
"2024","228","인천 서구","2024-07-17","2024-07-29","10","2024-07-31","2024-07-26","청약자격확인 검단 ","1","0","1","1","AB21-1","-","21","Y"
"2024","227","인천 서구","2024-07-17","2024-07-29","10","2024-07-31","2024-07-26","군인특별공급 검단 ","1","0","1","1","AB21-1","84A","2","Y"
"2024","227","인천 서구","2024-07-17","2024-07-29","10","2024-07-31","2024-07-26","군인특별공급 검단 ","1","0","1","1","AB21-1","74A","1","Y"
"2024","227","인천 서구","2024-07-17","2024-07-29","10","2024-07-31","2024-07-26","군인특별공급 검단 ","1","0","1","1","AB21-1","59C","3","Y"
"2024","227","인천 서구","2024-07-17","2024-07-29","10","2024-07-31","2024-07-26","군인특별공급 검단 ","1","0","1","1","AB21-1","59A","2","Y"
"2024","226","경기 광주시","2024-07-17","2024-08-05","10","2024-08-07","2024-08-02","청약자격확인 힐스테","1","0","1","1","-","-","19","Y"
"2024","225","경기 광주시","2024-07-17","2024-08-05","10","2024-08-07","2024-08-02","군인특별공급 힐스테","1","0","1","1","-","84B","2","Y"
"2024","225","경기 광주시","2024-07-17","2024-08-05","10","2024-08-07","2024-08-02","군인특별공급 힐스테","1","0","1","1","-","84A","7","Y"
"2024","224","경기 용인시","2024-07-17","2024-08-05","10","2024-08-07","2024-08-01","청약자격확인 용인 ","1","0","1","1","A1","-","50","Y"
"2024","288","부산 수영구","2024-09-11","2024-09-30","10","2024-10-02","2024-09-26","군인특별공급 광안센","1","0","1","1","-","84B","1","Y"
"2024","288","부산 수영구","2024-09-11","2024-09-30","10","2024-10-02","2024-09-26","군인특별공급 광안센","1","0","1","1","-","84A","1","Y"
"2024","288","부산 수영구","2024-09-11","2024-09-30","10","2024-10-02","2024-09-26","군인특별공급 광안센","1","0","1","1","-","59","1","Y"
"2024","287","대구 남구","2024-09-11","2024-09-30","10","2024-10-02","2024-09-26","군인특별공급 e편한","1","0","1","1","-","84C","1","Y"
"2024","287","대구 남구","2024-09-11","2024-09-30","10","2024-10-02","2024-09-26","군인특별공급 e편한","1","0","1","1","-","84B","6","Y"
"2024","287","대구 남구","2024-09-11","2024-09-30","10","2024-10-02","2024-09-26","군인특별공급 e편한","1","0","1","1","-","84A","4","Y"
"2024","287","대구 남구","2024-09-11","2024-09-30","10","2024-10-02","2024-09-26","군인특별공급 e편한","1","0","1","1","-","59","8","Y"
"2024","286","부산 사하구","2024-09-11","2024-09-30","10","2024-10-02","2024-09-27","군인특별공급 사하 ","1","0","1","1","-","84B","4","Y"
"2024","286","부산 사하구","2024-09-11","2024-09-30","10","2024-10-02","2024-09-27","군인특별공급 사하 ","1","0","1","1","-","84A","4","Y"
"2024","285","인천 미추홀구","2024-09-11","2024-09-30","10","2024-10-02","2024-09-27","청약자격확인 시티오","1","0","1","1","-","-","52","Y"
"2024","284","인천 미추홀구","2024-09-11","2024-09-30","10","2024-10-02","2024-09-27","군인특별공급 시티오","1","0","1","1","-","84C","4","Y"
"2024","284","인천 미추홀구","2024-09-11","2024-09-30","10","2024-10-02","2024-09-27","군인특별공급 시티오","1","0","1","1","-","84B","7","Y"
"2024","284","인천 미추홀구","2024-09-11","2024-09-30","10","2024-10-02","2024-09-27","군인특별공급 시티오","1","0","1","1","-","84A","9","Y"
"2024","284","인천 미추홀구","2024-09-11","2024-09-30","10","2024-10-02","2024-09-27","군인특별공급 시티오","1","0","1","1","-","75","4","Y"
"2024","284","인천 미추홀구","2024-09-11","2024-09-30","10","2024-10-02","2024-09-27","군인특별공급 시티오","1","0","1","1","-","59","1","Y"
"2024","283","경기 의왕시","2024-09-11","2024-10-28","10","2024-10-30","2024-10-24","청약자격확인 의왕고","1","0","1","1","B1BL","-","14","Y"
"2024","282","경기 의왕시","2024-09-11","2024-10-28","10","2024-10-30","2024-10-24","군인특별공급 의왕고","1","0","1","1","B1BL","84C","3","Y"
"2024","282","경기 의왕시","2024-09-11","2024-10-28","10","2024-10-30","2024-10-24","군인특별공급 의왕고","1","0","1","1","B1BL","84B","2","Y"
"2024","282","경기 의왕시","2024-09-11","2024-10-28","10","2024-10-30","2024-10-24","군인특별공급 의왕고","1","0","1","1","B1BL","84A","1","Y"
"2024","281","경기 과천시","2024-09-11","2024-09-30","10","2024-10-02","2024-09-27","청약자격확인 프레스","1","0","1","1","-","-","8","Y"
"2024","280","경기 과천시","2024-09-11","2024-09-30","10","2024-10-02","2024-09-27","군인특별공급 프레스","1","0","1","1","-","84C","1","Y"
"2024","280","경기 과천시","2024-09-11","2024-09-30","10","2024-10-02","2024-09-27","군인특별공급 프레스","1","0","1","1","-","784A","1","Y"
"2024","280","경기 과천시","2024-09-11","2024-09-30","10","2024-10-02","2024-09-27","군인특별공급 프레스","1","0","1","1","-","74A","2","Y"
"2024","280","경기 과천시","2024-09-11","2024-09-30","10","2024-10-02","2024-09-27","군인특별공급 프레스","1","0","1","1","-","59B","1","Y"
"2024","280","경기 과천시","2024-09-11","2024-09-30","10","2024-10-02","2024-09-27","군인특별공급 프레스","1","0","1","1","-","59A","1","Y"
"2024","280","경기 과천시","2024-09-11","2024-09-30","10","2024-10-02","2024-09-27","군인특별공급 프레스","1","0","1","1","-","49A","1","Y"
"2024","279","서울 금천구","2024-11-06","2024-11-25","10","2024-11-27","2024-11-22","청약자격확인 한신더","1","0","1","1","-","-","2","Y"
"2024","278","서울 금천구","2024-11-06","2024-11-25","10","2024-11-27","2024-11-22","군인특별공급 한신더","1","0","1","1","-","59A","1","Y"
"2024","277","서울 마포구","2024-09-11","2024-09-30","10","2024-10-02","2024-09-27","청약자격확인 마포 ","1","0","1","1","-","-","4","Y"
"2024","276","서울 마포구","2024-09-11","2024-09-30","10","2024-10-02","2024-09-27","군인특별공급 마포 ","1","0","1","1","-","46A","1","Y"
"2024","275","서울 강남구","2024-09-11","2024-09-30","10","2024-10-02","2024-09-26","군인특별공급 디에이","1","0","1","1","-","84B","1","Y"
"2024","274","강원 원주시","2024-09-11","2024-09-23","10","2024-09-25","2024-09-20","군인특별공급 원주역","1","0","1","1","-","84C","3","Y"
"2024","274","강원 원주시","2024-09-11","2024-09-23","10","2024-09-25","2024-09-20","군인특별공급 원주역","1","0","1","1","-","84B","4","Y"
"2024","274","강원 원주시","2024-09-11","2024-09-23","10","2024-09-25","2024-09-20","군인특별공급 원주역","1","0","1","1","-","84A","11","Y"
"2024","273","경기 이천시","2024-09-11","2024-10-02","10","2024-10-07","2024-09-30","청약자격확인 이천 ","1","0","1","1","-","-","1","Y"
"2024","272","경기 이천시","2024-09-11","2024-10-02","10","2024-10-07","2024-09-30","군인특별공급 이천 ","1","0","1","1","-","84B","1","Y"
"2024","271","인천 계양구","2024-09-11","2024-09-23","10","2024-09-25","2024-09-20","청약자격확인 인천계","1","1","0","0","A3BL","-","4","Y"
"2024","270","경기 양주시","2024-09-05","2024-09-13","10","2024-09-13","2024-09-13","청약자격확인 양주 ","1","0","1","1","-","-","27","Y"
"2024","269","경기 양주시","2024-09-05","2024-09-13","10","2024-09-13","2024-09-13","군인특별공급 양주 ","1","0","1","1","-","84C","4","Y"
"2024","269","경기 양주시","2024-09-05","2024-09-13","10","2024-09-13","2024-09-13","군인특별공급 양주 ","1","0","1","1","-","84B","2","Y"
"2024","269","경기 양주시","2024-09-05","2024-09-13","10","2024-09-13","2024-09-13","군인특별공급 양주 ","1","0","1","1","-","84A","10","Y"
"2024","268","경기 성남시","2024-09-05","2024-09-19","10","2024-09-20","2024-09-13","청약자격확인 해링턴","1","0","1","1","-","-","39","Y"
"2024","267","경기 성남시","2024-09-05","2024-09-19","10","2024-09-20","2024-09-13","군인특별공급 해링턴","1","0","1","1","-","84C","1","Y"
"2024","267","경기 성남시","2024-09-05","2024-09-19","10","2024-09-20","2024-09-13","군인특별공급 해링턴","1","0","1","1","-","84B","2","Y"
"2024","267","경기 성남시","2024-09-05","2024-09-19","10","2024-09-20","2024-09-13","군인특별공급 해링턴","1","0","1","1","-","84A","1","Y"
"2024","267","경기 성남시","2024-09-05","2024-09-19","10","2024-09-20","2024-09-13","군인특별공급 해링턴","1","0","1","1","-","59D","1","Y"
"2024","267","경기 성남시","2024-09-05","2024-09-19","10","2024-09-20","2024-09-13","군인특별공급 해링턴","1","0","1","1","-","59C","1","Y"
"2024","267","경기 성남시","2024-09-05","2024-09-19","10","2024-09-20","2024-09-13","군인특별공급 해링턴","1","0","1","1","-","59B","8","Y"
"2024","267","경기 성남시","2024-09-05","2024-09-19","10","2024-09-20","2024-09-13","군인특별공급 해링턴","1","0","1","1","-","59A","7","Y"
"2024","266","충북 충주시","2024-08-29","2024-09-12","10","2024-09-19","2024-09-12","군인특별공급 한화 ","1","0","1","1","-","59","2","Y"
"2024","266","충북 충주시","2024-08-29","2024-09-12","10","2024-09-19","2024-09-12","군인특별공급 한화 ","1","0","1","1","-","45","1","Y"
"2024","265","서울 강남구","2024-08-28","2024-09-09","10","2024-09-11","2024-09-06","군인특별공급 청담 ","1","0","1","1","-","84C","1","Y"
"2024","265","서울 강남구","2024-08-28","2024-09-09","10","2024-09-11","2024-09-06","군인특별공급 청담 ","1","0","1","1","-","84A","1","Y"
"2024","264","충북 충주시","2024-08-22","2024-09-09","10","2024-09-11","2024-09-06","군인특별공급 어썸웨","1","0","1","1","-","59B","1","Y"
"2024","264","충북 충주시","2024-08-22","2024-09-09","10","2024-09-11","2024-09-06","군인특별공급 어썸웨","1","0","1","1","-","59A","1","Y"
"2024","263","경남 김해시","2024-08-22","2024-09-03","10","2024-09-05","2024-08-30","군인특별공급 김해 ","1","0","1","1","-","84B","1","Y"
"2024","263","경남 김해시","2024-08-22","2024-09-03","10","2024-09-05","2024-08-30","군인특별공급 김해 ","1","0","1","1","-","75B","1","Y"
"2024","262","경기 광주시","2024-08-22","2024-09-03","10","2024-09-05","2024-08-29","청약자격확인 광주태","1","0","1","1","B-BL","-","12","Y"
"2024","261","경기 광주시","2024-08-22","2024-09-03","10","2024-09-05","2024-08-29","군인특별공급 광주태","1","0","1","1","B-BL","84B","2","Y"
"2024","261","경기 광주시","2024-08-22","2024-09-03","10","2024-09-05","2024-08-29","군인특별공급 광주태","1","0","1","1","B-BL","84A","2","Y"
"2024","260","경기 김포시","2024-08-22","2024-09-09","10","2024-09-11","2024-09-06","청약자격확인 한강 ","1","0","1","1","-","-","1","Y"
"2024","259","경기 김포시","2024-08-22","2024-09-09","10","2024-09-11","2024-09-06","군인특별공급 한강 ","1","0","1","1","-","84D","1","Y"
"2024","259","경기 김포시","2024-08-22","2024-09-09","10","2024-09-11","2024-09-06","군인특별공급 한강 ","1","0","1","1","-","84B","3","Y"
"2024","259","경기 김포시","2024-08-22","2024-09-09","10","2024-09-11","2024-09-06","군인특별공급 한강 ","1","0","1","1","-","84A","1","Y"
"2024","259","경기 김포시","2024-08-22","2024-09-09","10","2024-09-11","2024-09-06","군인특별공급 한강 ","1","0","1","1","-","76C","2","Y"
"2024","259","경기 김포시","2024-08-22","2024-09-09","10","2024-09-11","2024-09-06","군인특별공급 한강 ","1","0","1","1","-","76B","4","Y"
"2024","259","경기 김포시","2024-08-22","2024-09-09","10","2024-09-11","2024-09-06","군인특별공급 한강 ","1","0","1","1","-","76A","2","Y"
"2024","259","경기 김포시","2024-08-22","2024-09-09","10","2024-09-11","2024-09-06","군인특별공급 한강 ","1","0","1","1","-","59D","6","Y"
"2024","259","경기 김포시","2024-08-22","2024-09-09","10","2024-09-11","2024-09-06","군인특별공급 한강 ","1","0","1","1","-","59C","2","Y"
"2024","259","경기 김포시","2024-08-22","2024-09-09","10","2024-09-11","2024-09-06","군인특별공급 한강 ","1","0","1","1","-","59B","9","Y"
"2024","259","경기 김포시","2024-08-22","2024-09-09","10","2024-09-11","2024-09-06","군인특별공급 한강 ","1","0","1","1","-","59A","3","Y"
"2024","259","경기 김포시","2024-08-22","2024-09-09","10","2024-09-11","2024-09-06","군인특별공급 한강 ","1","0","1","1","-","50","1","Y"
"2024","321","울산 중구","2024-10-10","2024-11-04","10","2024-11-06","2024-11-01","군인특별공급 번영로","1","0","1","1","-","84D","2","Y"
"2024","321","울산 중구","2024-10-10","2024-11-04","10","2024-11-06","2024-11-01","군인특별공급 번영로","1","0","1","1","-","84C","2","Y"
"2024","321","울산 중구","2024-10-10","2024-11-04","10","2024-11-06","2024-11-01","군인특별공급 번영로","1","0","1","1","-","84A","1","Y"
"2024","320","경기 오산시","2024-10-10","2024-10-21","10","2024-10-23","2024-10-17","청약자격확인 오산세","1","0","1","1","A20","-","20","Y"
"2024","319","경기 오산시","2024-10-10","2024-10-21","10","2024-10-23","2024-10-17","군인특별공급 오산세","1","0","1","1","A20","84D","2","Y"
"2024","319","경기 오산시","2024-10-10","2024-10-21","10","2024-10-23","2024-10-17","군인특별공급 오산세","1","0","1","1","A20","84C","1","Y"
"2024","319","경기 오산시","2024-10-10","2024-10-21","10","2024-10-23","2024-10-17","군인특별공급 오산세","1","0","1","1","A20","84B","3","Y"
"2024","319","경기 오산시","2024-10-10","2024-10-21","10","2024-10-23","2024-10-17","군인특별공급 오산세","1","0","1","1","A20","84A","1","Y"
"2024","319","경기 오산시","2024-10-10","2024-10-21","10","2024-10-23","2024-10-17","군인특별공급 오산세","1","0","1","1","A20","69A","2","Y"
"2024","318","경기 양주시","2024-10-10","2024-10-21","10","2024-10-23","2024-10-18","청약자격확인 양주역","1","0","1","1","-","-","35","Y"
"2024","317","경기 양주시","2024-10-10","2024-10-21","10","2024-10-23","2024-10-18","군인특별공급 양주역","1","0","1","1","-","84B","2","Y"
"2024","317","경기 양주시","2024-10-10","2024-10-21","10","2024-10-23","2024-10-18","군인특별공급 양주역","1","0","1","1","-","84A","2","Y"
"2024","317","경기 양주시","2024-10-10","2024-10-21","10","2024-10-23","2024-10-18","군인특별공급 양주역","1","0","1","1","-","59D","2","Y"
"2024","317","경기 양주시","2024-10-10","2024-10-21","10","2024-10-23","2024-10-18","군인특별공급 양주역","1","0","1","1","-","59C","2","Y"
"2024","317","경기 양주시","2024-10-10","2024-10-21","10","2024-10-23","2024-10-18","군인특별공급 양주역","1","0","1","1","-","59B","2","Y"
"2024","317","경기 양주시","2024-10-10","2024-10-21","10","2024-10-23","2024-10-18","군인특별공급 양주역","1","0","1","1","-","59A","7","Y"
"2024","316","경기 평택시","2024-10-10","2024-10-28","10","2024-10-30","2024-10-24","청약자격확인 힐스테","1","0","1","1","-","-","17","Y"
"2024","315","경기 평택시","2024-10-10","2024-10-28","10","2024-10-30","2024-10-24","군인특별공급 힐스테","1","0","1","1","-","84C","1","Y"
"2024","315","경기 평택시","2024-10-10","2024-10-28","10","2024-10-30","2024-10-24","군인특별공급 힐스테","1","0","1","1","-","74B","1","Y"
"2024","315","경기 평택시","2024-10-10","2024-10-28","10","2024-10-30","2024-10-24","군인특별공급 힐스테","1","0","1","1","-","74A","1","Y"
"2024","315","경기 평택시","2024-10-10","2024-10-28","10","2024-10-30","2024-10-24","군인특별공급 힐스테","1","0","1","1","-","59B","1","Y"
"2024","315","경기 평택시","2024-10-10","2024-10-28","10","2024-10-30","2024-10-24","군인특별공급 힐스테","1","0","1","1","-","59A","4","Y"
"2024","315","경기 평택시","2024-10-10","2024-10-28","10","2024-10-30","2024-10-24","군인특별공급 힐스테","1","0","1","1","-","45","1","Y"
"2024","314","서울 강동구","2024-10-10","2024-10-28","10","2024-10-30","2024-10-24","청약자격확인 VIO","1","0","1","1","-","-","1","Y"
"2024","313","서울 강동구","2024-10-10","2024-10-28","10","2024-10-30","2024-10-24","군인특별공급 VIO","1","0","1","1","-","59A","1","Y"
"2024","312","강원 강릉시","2024-10-02","2024-10-28","10","2024-10-30","2024-10-25","군인특별공급 강릉 ","1","0","1","1","-","84C","1","Y"
"2024","312","강원 강릉시","2024-10-02","2024-10-28","10","2024-10-30","2024-10-25","군인특별공급 강릉 ","1","0","1","1","-","84B","2","Y"
"2024","312","강원 강릉시","2024-10-02","2024-10-28","10","2024-10-30","2024-10-25","군인특별공급 강릉 ","1","0","1","1","-","84A","1","Y"
"2024","311","부산 연제구","2024-10-02","2024-10-14","10","2024-10-16","2024-10-11","군인특별공급 센텀 ","1","0","1","1","-","84B","1","Y"
"2024","311","부산 연제구","2024-10-02","2024-10-14","10","2024-10-16","2024-10-11","군인특별공급 센텀 ","1","0","1","1","-","84A","1","Y"
"2024","311","부산 연제구","2024-10-02","2024-10-14","10","2024-10-16","2024-10-11","군인특별공급 센텀 ","1","0","1","1","-","74A","2","Y"
"2024","311","부산 연제구","2024-10-02","2024-10-14","10","2024-10-16","2024-10-11","군인특별공급 센텀 ","1","0","1","1","-","74","2","Y"
"2024","310","대전 중구","2024-10-02","2024-10-14","10","2024-10-16","2024-10-11","군인특별공급 대전 ","1","0","1","1","-","84B","2","Y"
"2024","310","대전 중구","2024-10-02","2024-10-14","10","2024-10-16","2024-10-11","군인특별공급 대전 ","1","0","1","1","-","84A","2","Y"
"2024","310","대전 중구","2024-10-02","2024-10-14","10","2024-10-16","2024-10-11","군인특별공급 대전 ","1","0","1","1","-","59A","1","Y"
"2024","309","대전 중구","2024-10-02","2024-10-14","10","2024-10-16","2024-10-11","군인특별공급 대전 ","1","0","1","1","-","59A","4","Y"
"2024","308","대전 서구","2024-10-02","2024-10-14","10","2024-10-16","2024-10-11","군인특별공급 둔산 ","1","0","1","1","-","84B","1","Y"
"2024","308","대전 서구","2024-10-02","2024-10-14","10","2024-10-16","2024-10-11","군인특별공급 둔산 ","1","0","1","1","-","84A","2","Y"
"2024","307","인천 연수구","2024-10-02","2024-10-14","10","2024-10-16","2024-10-11","청약자격확인 래미안","1","0","1","1","SBL","-","30","Y"
"2024","306","인천 연수구","2024-10-02","2024-10-14","10","2024-10-16","2024-10-11","군인특별공급 래미안","1","0","1","1","SBL","84C","3","Y"
"2024","306","인천 연수구","2024-10-02","2024-10-14","10","2024-10-16","2024-10-11","군인특별공급 래미안","1","0","1","1","SBL","84B","1","Y"
"2024","306","인천 연수구","2024-10-02","2024-10-14","10","2024-10-16","2024-10-11","군인특별공급 래미안","1","0","1","1","SBL","84A","2","Y"
"2024","306","인천 연수구","2024-10-02","2024-10-14","10","2024-10-16","2024-10-11","군인특별공급 래미안","1","0","1","1","SBL","71B","2","Y"
"2024","306","인천 연수구","2024-10-02","2024-10-14","10","2024-10-16","2024-10-11","군인특별공급 래미안","1","0","1","1","SBL","71A","1","Y"
"2024","306","인천 연수구","2024-10-02","2024-10-14","10","2024-10-16","2024-10-11","군인특별공급 래미안","1","0","1","1","SBL","59A","1","Y"
"2024","305","경기 수원시","2024-10-02","2024-10-14","10","2024-10-16","2024-10-11","청약자격확인 수원 ","1","0","1","1","-","-","1","Y"
"2024","304","경기 수원시","2024-10-02","2024-10-14","10","2024-10-16","2024-10-11","군인특별공급 수원 ","1","0","1","1","-","69","1","Y"
"2024","303","서울 송파구","2024-10-02","2024-10-14","10","2024-10-16","2024-10-11","군인특별공급 잠실 ","1","0","1","1","-","84D","4","Y"
"2024","303","서울 송파구","2024-10-02","2024-10-14","10","2024-10-16","2024-10-11","군인특별공급 잠실 ","1","0","1","1","-","84C","1","Y"
"2024","303","서울 송파구","2024-10-02","2024-10-14","10","2024-10-16","2024-10-11","군인특별공급 잠실 ","1","0","1","1","-","84A","1","Y"
"2024","303","서울 송파구","2024-10-02","2024-10-14","10","2024-10-16","2024-10-11","군인특별공급 잠실 ","1","0","1","1","-","59C","1","Y"
"2024","303","서울 송파구","2024-10-02","2024-10-14","10","2024-10-16","2024-10-11","군인특별공급 잠실 ","1","0","1","1","-","59B","1","Y"
"2024","303","서울 송파구","2024-10-02","2024-10-14","10","2024-10-16","2024-10-11","군인특별공급 잠실 ","1","0","1","1","-","43","2","Y"
"2024","302","인천 부평구","2024-09-27","2024-10-14","10","2024-10-16","2024-10-11","청약자격확인 두산위","1","0","1","1","-","-","4","Y"
"2024","301","인천 부평구","2024-09-27","2024-10-14","10","2024-10-16","2024-10-11","군인특별공급 두산위","1","0","1","1","-","63","2","Y"
"2024","300","경기 파주시","2024-09-26","2024-10-07","10","2024-10-10","2024-10-04","청약자격확인 파주운","1","1","0","0","A20","-","4","Y"
"2024","299","경기 파주시","2024-09-26","2024-10-07","10","2024-10-10","2024-10-04","군인특별공급 파주운","1","1","0","0","A20","84","1","Y"
"2024","298","경기 가평군","2024-09-25","2024-10-07","10","2024-10-10","2024-10-04","청약자격확인 자라섬","1","0","1","1","-","-","11","Y"
"2024","297","경기 가평군","2024-09-25","2024-10-07","10","2024-10-10","2024-10-04","군인특별공급 자라섬","1","0","1","1","-","84C","1","Y"
"2024","297","경기 가평군","2024-09-25","2024-10-07","10","2024-10-10","2024-10-04","군인특별공급 자라섬","1","0","1","1","-","84B","1","Y"
"2024","297","경기 가평군","2024-09-25","2024-10-07","10","2024-10-10","2024-10-04","군인특별공급 자라섬","1","0","1","1","-","84A","4","Y"
"2024","296","경기 가평군","2024-09-25","2024-10-14","10","2024-10-16","2024-10-10","청약자격확인 청평 ","1","0","1","1","-","-","16","Y"
"2024","295","경기 가평군","2024-09-25","2024-10-14","10","2024-10-16","2024-10-10","군인특별공급 청평 ","1","0","1","1","-","84B","2","Y"
"2024","295","경기 가평군","2024-09-25","2024-10-14","10","2024-10-16","2024-10-10","군인특별공급 청평 ","1","0","1","1","-","84A","6","Y"
"2024","295","경기 가평군","2024-09-25","2024-10-14","10","2024-10-16","2024-10-10","군인특별공급 청평 ","1","0","1","1","-","59","1","Y"
"2024","294","서울 노원구","2024-09-24","2024-09-30","10","2024-10-04","2024-09-27","청약자격확인 하우스","1","0","1","1","-","-","1","Y"
"2024","293","경기 부천시","2024-09-19","2024-09-30","10","2024-10-04","2024-09-27","청약자격확인 부천 ","1","0","1","1","B2BL","-","6","Y"
"2024","292","경기 부천시","2024-09-19","2024-09-30","10","2024-10-04","2024-09-27","군인특별공급 부천 ","1","0","1","1","B2BL","59A","1","Y"
"2024","292","경기 부천시","2024-09-19","2024-09-30","10","2024-10-04","2024-09-27","군인특별공급 부천 ","1","0","1","1","B2BL","50A","1","Y"
"2024","291","인천 계양구","2024-09-11","2024-10-07","10","2024-10-10","2024-09-27","청약자격확인 인천계","1","1","0","0","A2BL","-","5","Y"
"2024","290","인천 계양구","2024-09-11","2024-10-07","10","2024-10-10","2024-09-27","군인특별공급 인천계","1","1","0","0","A2BL","59","1","Y"
"2024","289","서울 동작구","2024-09-11","2024-10-02","10","2024-10-07","2024-09-30","청약자격확인 동작구","1","1","0","0","-","-","1","Y"
"2024","356","(일정연기)경기 남","2024-11-06","2024-12-09","10","2024-12-11","2024-12-06","(일정연기)군인특별","1","0","1","1","-","59C","1","Y"
"2024","355","경기 군포시","2024-11-01","2024-11-11","10","2024-11-13","2024-11-07","청약자격확인 군포대","1","0","1","1","B3BL","-","17","Y"
"2024","354","경기 군포시","2024-11-01","2024-11-11","10","2024-11-13","2024-11-07","군인특별공급 군포대","1","0","1","1","B3BL","84B","3","Y"
"2024","354","경기 군포시","2024-11-01","2024-11-11","10","2024-11-13","2024-11-07","군인특별공급 군포대","1","0","1","1","B3BL","84A","3","Y"
"2024","353","경기 고양시","2024-11-01","2024-11-11","10","2024-11-13","2024-11-08","청약자격확인 e편한","1","0","1","1","-","-","1","Y"
"2024","352","경기 고양시","2024-11-01","2024-11-11","10","2024-11-13","2024-11-08","청약자격확인 e편한","1","0","1","1","-","-","3","Y"
"2024","351","경기 고양시","2024-11-01","2024-11-11","10","2024-11-13","2024-11-08","군인특별공급 e편한","1","0","1","1","-","84A","1","Y"
"2024","350","경기 파주시","2024-11-01","2024-11-11","10","2024-11-13","2024-11-07","청약자격확인 문산역","1","0","1","1","-","-","22","Y"
"2024","349","경기 파주시","2024-11-01","2024-11-11","10","2024-11-13","2024-11-07","군인특별공급 문산역","1","0","1","1","-","84","1","Y"
"2024","349","경기 파주시","2024-11-01","2024-11-11","10","2024-11-13","2024-11-07","군인특별공급 문산역","1","0","1","1","-","74","3","Y"
"2024","349","경기 파주시","2024-11-01","2024-11-11","10","2024-11-13","2024-11-07","군인특별공급 문산역","1","0","1","1","-","59B","3","Y"
"2024","349","경기 파주시","2024-11-01","2024-11-11","10","2024-11-13","2024-11-07","군인특별공급 문산역","1","0","1","1","-","59A","4","Y"
"2024","348","서울 노원구","2024-11-06","2024-11-18","10","2024-11-20","2024-11-15","청약자격확인 서울원","1","0","1","1","-","-","55","Y"
"2024","347","서울 노원구","2024-11-06","2024-11-18","10","2024-11-20","2024-11-15","군인특별공급 서울원","1","0","1","1","-","840C","1","Y"
"2024","347","서울 노원구","2024-11-06","2024-11-18","10","2024-11-20","2024-11-15","군인특별공급 서울원","1","0","1","1","-","840A","1","Y"
"2024","347","서울 노원구","2024-11-06","2024-11-18","10","2024-11-20","2024-11-15","군인특별공급 서울원","1","0","1","1","-","84B","5","Y"
"2024","347","서울 노원구","2024-11-06","2024-11-18","10","2024-11-20","2024-11-15","군인특별공급 서울원","1","0","1","1","-","84A","5","Y"
"2024","347","서울 노원구","2024-11-06","2024-11-18","10","2024-11-20","2024-11-15","군인특별공급 서울원","1","0","1","1","-","74A","1","Y"
"2024","346","충남 홍성군","2024-10-23","2024-11-04","10","2024-11-06","2024-11-01","군인특별공급 e편한","1","1","0","0","RH16BL","84B","2","Y"
"2024","346","충남 홍성군","2024-10-23","2024-11-04","10","2024-11-06","2024-11-01","군인특별공급 e편한","1","1","0","0","RH16BL","84A","7","Y"
"2024","345","울산 중구","2024-10-23","2024-11-04","10","2024-11-06","2024-11-01","군인특별공급 울산 ","1","0","1","1","-","84C","1","Y"
"2024","345","울산 중구","2024-10-23","2024-11-04","10","2024-11-06","2024-11-01","군인특별공급 울산 ","1","0","1","1","-","84B","2","Y"
"2024","345","울산 중구","2024-10-23","2024-11-04","10","2024-11-06","2024-11-01","군인특별공급 울산 ","1","0","1","1","-","84A","9","Y"
"2024","344","인천 서구","2024-10-23","2024-11-04","10","2024-11-06","2024-10-31","청약자격확인 검단신","1","0","1","1","AA28BL","-","27","Y"
"2024","343","인천 서구","2024-10-23","2024-11-04","10","2024-11-06","2024-10-31","군인특별공급 검단신","1","0","1","1","AA28BL","84C","1","Y"
"2024","343","인천 서구","2024-10-23","2024-11-04","10","2024-11-06","2024-10-31","군인특별공급 검단신","1","0","1","1","AA28BL","84A","1","Y"
"2024","342","경기 평택시","2024-10-23","2024-11-04","10","2024-11-06","2024-11-01","청약자격확인 평택 ","1","0","1","1","7BL","-","29","Y"
"2024","341","경기 평택시","2024-10-23","2024-11-04","10","2024-11-06","2024-11-01","군인특별공급 평택 ","1","0","1","1","7BL","84C","3","Y"
"2024","341","경기 평택시","2024-10-23","2024-11-04","10","2024-11-06","2024-11-01","군인특별공급 평택 ","1","0","1","1","7BL","84B","2","Y"
"2024","341","경기 평택시","2024-10-23","2024-11-04","10","2024-11-06","2024-11-01","군인특별공급 평택 ","1","0","1","1","7BL","84A","2","Y"
"2024","341","경기 평택시","2024-10-23","2024-11-04","10","2024-11-06","2024-11-01","군인특별공급 평택 ","1","0","1","1","7BL","59A","2","Y"
"2024","340","경기 이천시","2024-10-23","2024-11-04","10","2024-11-06","2024-10-31","청약자격확인 신안인","1","0","1","1","A-2BL","-","15","Y"
"2024","339","경기 이천시","2024-10-23","2024-11-04","10","2024-11-06","2024-10-31","군인특별공급 신안인","1","0","1","1","A-2BL","59B","2","Y"
"2024","339","경기 이천시","2024-10-23","2024-11-04","10","2024-11-06","2024-10-31","군인특별공급 신안인","1","0","1","1","A-2BL","59A","3","Y"
"2024","338","경기 광명시","2024-10-23","2024-11-04","10","2024-11-06","2024-11-01","청약자격확인 광명 ","1","0","1","1","A4BL","-","13","Y"
"2024","337","경기 광명시","2024-10-23","2024-11-04","10","2024-11-06","2024-11-01","군인특별공급 광명 ","1","0","1","1","A4BL","83A","2","Y"
"2024","336","경기 안양시","2024-10-23","2024-11-11","10","2024-11-13","2024-11-07","청약자격확인 아크로","1","0","1","1","-","-","11","Y"
"2024","335","경기 안양시","2024-10-23","2024-11-11","10","2024-11-13","2024-11-07","군인특별공급 아크로","1","0","1","1","-","59B","1","Y"
"2024","335","경기 안양시","2024-10-23","2024-11-11","10","2024-11-13","2024-11-07","군인특별공급 아크로","1","0","1","1","-","59A","4","Y"
"2024","334","충남 천안시","2024-10-21","2024-10-28","10","2024-10-30","2024-10-25","군인특별공급 천안 ","1","0","1","1","-","84B","4","Y"
"2024","334","충남 천안시","2024-10-21","2024-10-28","10","2024-10-30","2024-10-25","군인특별공급 천안 ","1","0","1","1","-","84A","6","Y"
"2024","333","강원 원주시","2024-10-16","2024-10-29","10","2024-10-30","2024-10-28","군인특별공급 원주무","1","1","0","0","-","84","1","Y"
"2024","333","강원 원주시","2024-10-16","2024-10-29","10","2024-10-30","2024-10-28","군인특별공급 원주무","1","1","0","0","-","59","2","Y"
"2024","332","충남 아산시","2024-10-16","2024-10-28","10","2024-10-30","2024-10-25","군인특별공급 더샵 ","1","0","1","1","A2BL","84C","2","Y"
"2024","332","충남 아산시","2024-10-16","2024-10-28","10","2024-10-30","2024-10-25","군인특별공급 더샵 ","1","0","1","1","A2BL","84B","2","Y"
"2024","332","충남 아산시","2024-10-16","2024-10-28","10","2024-10-30","2024-10-25","군인특별공급 더샵 ","1","0","1","1","A2BL","84A","2","Y"
"2024","332","충남 아산시","2024-10-16","2024-10-28","10","2024-10-30","2024-10-25","군인특별공급 더샵 ","1","0","1","1","A2BL","70C","2","Y"
"2024","332","충남 아산시","2024-10-16","2024-10-28","10","2024-10-30","2024-10-25","군인특별공급 더샵 ","1","0","1","1","A2BL","70B","4","Y"
"2024","332","충남 아산시","2024-10-16","2024-10-28","10","2024-10-30","2024-10-25","군인특별공급 더샵 ","1","0","1","1","A2BL","70A","12","Y"
"2024","331","충남 천안시","2024-10-16","2024-11-04","17","2024-11-06","2024-11-01","군인특별공급 천안 ","1","0","1","1","-","84B","3","Y"
"2024","331","충남 천안시","2024-10-16","2024-11-04","17","2024-11-06","2024-11-01","군인특별공급 천안 ","1","0","1","1","-","84A","4","Y"
"2024","330","경기 광주시","2024-10-16","2024-11-04","10","2024-11-06","2024-10-31","청약자격확인 곤지암","1","0","1","1","A1-ABL","-","16","Y"
"2024","329","경기 광주시","2024-10-16","2024-11-04","10","2024-11-06","2024-10-31","군인특별공급 곤지암","1","0","1","1","A1-ABL","84C","1","Y"
"2024","329","경기 광주시","2024-10-16","2024-11-04","10","2024-11-06","2024-10-31","군인특별공급 곤지암","1","0","1","1","A1-ABL","84B","1","Y"
"2024","329","경기 광주시","2024-10-16","2024-11-04","10","2024-11-06","2024-10-31","군인특별공급 곤지암","1","0","1","1","A1-ABL","84A","4","Y"
"2024","329","경기 광주시","2024-10-16","2024-11-04","10","2024-11-06","2024-10-31","군인특별공급 곤지암","1","0","1","1","A1-ABL","59A","2","Y"
"2024","328","경기 양주시","2024-10-16","2024-10-28","10","2024-10-30","2024-10-25","청약자격확인 덕계역","1","0","1","1","-","-","21","Y"
"2024","327","경기 양주시","2024-10-16","2024-10-28","10","2024-10-30","2024-10-25","군인특별공급 덕계역","1","0","1","1","-","84B","1","Y"
"2024","327","경기 양주시","2024-10-16","2024-10-28","10","2024-10-30","2024-10-25","군인특별공급 덕계역","1","0","1","1","-","84A","5","Y"
"2024","326","울산 중구","2024-10-16","2024-11-04","10","2024-11-06","2024-11-01","군인특별공급 더샵 ","1","0","1","1","-","84A","1","Y"
"2024","325","경기 오산시","2024-10-15","2024-10-21","10","2024-10-23","2024-10-17","청약자격확인 오산세","1","0","1","1","A-14BL","-","1","Y"
"2024","324","경기 오산시","2024-10-15","2024-10-21","10","2024-10-23","2024-10-17","군인특별공급 오산세","1","0","1","1","A-14BL","84","1","Y"
"2024","324","경기 오산시","2024-10-15","2024-10-21","10","2024-10-23","2024-10-17","군인특별공급 오산세","1","0","1","1","A-14BL","72","1","Y"
"2024","324","경기 오산시","2024-10-15","2024-10-21","10","2024-10-23","2024-10-17","군인특별공급 오산세","1","0","1","1","A-14BL","59D","1","Y"
"2024","324","경기 오산시","2024-10-15","2024-10-21","10","2024-10-23","2024-10-17","군인특별공급 오산세","1","0","1","1","A-14BL","59C","1","Y"
"2024","324","경기 오산시","2024-10-15","2024-10-21","10","2024-10-23","2024-10-17","군인특별공급 오산세","1","0","1","1","A-14BL","59B","2","Y"
"2024","324","경기 오산시","2024-10-15","2024-10-21","10","2024-10-23","2024-10-17","군인특별공급 오산세","1","0","1","1","A-14BL","59A","1","Y"
"2024","323","전북 남원시","2024-10-10","2024-10-21","10","2024-10-23","2024-10-18","군인특별공급 남원 ","1","0","1","1","-","82B","1","Y"
"2024","323","전북 남원시","2024-10-10","2024-10-21","10","2024-10-23","2024-10-18","군인특별공급 남원 ","1","0","1","1","-","78A","1","Y"
"2024","322","충북 청주시","2024-10-10","2024-11-11","10","2024-11-13","2024-11-08","군인특별공급 청주 ","1","0","1","1","-","74B","6","Y"
"2024","322","충북 청주시","2024-10-10","2024-11-11","10","2024-11-13","2024-11-08","군인특별공급 청주 ","1","0","1","1","-","74A","3","Y"
"2024","321","울산 중구","2024-10-10","2024-11-04","10","2024-11-06","2024-11-01","군인특별공급 번영로","1","0","1","1","-","84E","1","Y"
"2024","387","서울 성북구","20241120","20241202","10","20241204","20241128","군인특별공급 창경궁","1","0","1","1","-","84","2","Y"
"2024","387","서울 성북구","20241120","20241202","10","20241204","20241128","군인특별공급 창경궁","1","0","1","1","-","59C","5","Y"
"2024","387","서울 성북구","20241120","20241202","10","20241204","20241128","군인특별공급 창경궁","1","0","1","1","-","59B","2","Y"
"2024","387","서울 성북구","20241120","20241202","10","20241204","20241128","군인특별공급 창경궁","1","0","1","1","-","59A","1","Y"
"2024","386","전남 순천시","2024-11-19","20241209","10","20241211","20241206","(일정연기)군인특별","1","0","1","1","-","84A","1","Y"
"2024","386","전남 순천시","2024-11-19","20241209","10","20241211","20241206","(일정연기)군인특별","1","0","1","1","-","59B","1","Y"
"2024","386","전남 순천시","2024-11-19","20241209","10","20241211","20241220","(일정연기)군인특별","1","0","1","1","-","59A","1","Y"
"2024","385","(일정재개)충남 청","2024-11-13","2024-12-23","10","20241224","20241206","(일정재개)군인특별","1","0","1","1","-","84","3","Y"
"2024","384","(일정재개)충남 논","2024-11-13","2024-12-16","10","20241218","20241213","(일정재개)군인특별","1","0","1","1","-","84D","1","Y"
"2024","384","(일정재개)충남 논","2024-11-13","2024-12-16","10","20241218","20241213","(일정재개)군인특별","1","0","1","1","-","84C","1","Y"
"2024","384","(일정재개)충남 논","2024-11-13","2024-12-16","10","20241218","20241213","(일정재개)군인특별","1","0","1","1","-","84B","1","Y"
"2024","384","(일정재개)충남 논","2024-11-13","2024-12-16","10","20241218","20241213","(일정재개)군인특별","1","0","1","1","-","84A","4","Y"
"2024","384","(일정재개)충남 논","2024-11-13","2024-12-16","10","20241218","20241213","(일정재개)군인특별","1","0","1","1","-","59","1","Y"
"2024","383","(일정연기)인천 중","2024-11-13","20241202","10","20241204","2024-11-28","청약자격확인 e편한","1","0","1","1","-","-","14","Y"
"2024","382","(일정연기)인천 중","2024-11-13","20241202","10","20241204","2024-11-28","군인특별공급 e편한","1","0","1","1","-","84A","1","Y"
"2024","382","(일정연기)인천 중","2024-11-13","20241202","10","20241204","2024-11-28","군인특별공급 e편한","1","0","1","1","-","74B","2","Y"
"2024","382","(일정연기)인천 중","2024-11-13","20241202","10","20241204","2024-11-28","군인특별공급 e편한","1","0","1","1","-","74A","2","Y"
"2024","382","(일정연기)인천 중","2024-11-13","20241202","10","20241204","2024-11-28","군인특별공급 e편한","1","0","1","1","-","59A","1","Y"
"2024","381","인천 미추홀구","2024-11-13","2024-11-25","10","2024-11-27","2024-11-22","청약자격확인 인하대","1","0","1","1","-","-","20","Y"
"2024","380","인천 미추홀구","2024-11-13","2024-11-25","10","2024-11-27","2024-11-22","군인특별공급 인하대","1","0","1","1","-","84D","1","Y"
"2024","380","인천 미추홀구","2024-11-13","2024-11-25","10","2024-11-27","2024-11-22","군인특별공급 인하대","1","0","1","1","-","59B","1","Y"
"2024","380","인천 미추홀구","2024-11-13","2024-11-25","10","2024-11-27","2024-11-22","군인특별공급 인하대","1","0","1","1","-","59A","2","Y"
"2024","380","인천 미추홀구","2024-11-13","2024-11-25","10","2024-11-27","2024-11-22","군인특별공급 인하대","1","0","1","1","-","49","1","Y"
"2024","380","인천 미추홀구","2024-11-13","2024-11-25","10","2024-11-27","2024-11-22","군인특별공급 인하대","1","0","1","1","-","37","1","Y"
"2024","379","(일정변경)서울 서","2024-11-13","2024-11-25","10","2024-11-27","2024-11-26","군인특별공급 아크로","1","0","1","1","-","75B","1","Y"
"2024","379","(일정변경)서울 서","2024-11-13","2024-11-25","10","2024-11-27","2024-11-26","군인특별공급 아크로","1","0","1","1","-","59","1","Y"
"2024","378","전북 전주시","2024-11-06","2024-11-18","10","2024-11-20","2024-11-15","군인특별공급 전주 ","1","0","1","1","-","84B","1","Y"
"2024","378","전북 전주시","2024-11-06","2024-11-18","10","2024-11-20","2024-11-15","군인특별공급 전주 ","1","0","1","1","-","84A","1","Y"
"2024","377","충남 천안시","2024-11-06","2024-11-18","10","2024-11-20","2024-11-15","군인특별공급 성성자","1","0","1","1","-","84C","2","Y"
"2024","377","충남 천안시","2024-11-06","2024-11-18","10","2024-11-20","2024-11-15","군인특별공급 성성자","1","0","1","1","-","84B","2","Y"
"2024","377","충남 천안시","2024-11-06","2024-11-18","10","2024-11-20","2024-11-15","군인특별공급 성성자","1","0","1","1","-","84A","2","Y"
"2024","376","대구 달서구","2024-11-06","2024-11-18","10","2024-11-20","2024-11-15","군인특별공급 상인 ","1","0","1","1","-","84B","5","Y"
"2024","376","대구 달서구","2024-11-06","2024-11-18","10","2024-11-20","2024-11-15","군인특별공급 상인 ","1","0","1","1","-","84A","5","Y"
"2024","375","경기 평택시","2024-11-06","2024-11-18","10","2024-11-20","2024-11-15","청약자격확인 더 플","1","0","1","1","-","-","23","Y"
"2024","374","경기 평택시","2024-11-06","2024-11-18","10","2024-11-20","2024-11-15","군인특별공급 더 플","1","0","1","1","-","84A","5","Y"
"2024","373","경기 평택시","2024-11-06","2024-12-09","10","2024-12-11","2024-12-06","(일정재개)청약자격","1","0","1","1","A50BL","-","19","Y"
"2024","372","경기 평택시","2024-11-06","2024-12-09","10","2024-12-11","2024-12-06","(일정재개)군인특별","1","0","1","1","A50BL","84B","1","Y"
"2024","372","경기 평택시","2024-11-06","2024-12-09","10","2024-12-11","2024-12-06","(일정재개)군인특별","1","0","1","1","A50BL","84A","3","Y"
"2024","371","경기 안양시","2024-11-06","2024-11-18","10","2024-11-20","2024-11-14","군인특별공급 평촌 ","1","0","1","1","-","84C","1","Y"
"2024","371","경기 안양시","2024-11-06","2024-11-18","10","2024-11-20","2024-11-14","군인특별공급 평촌 ","1","0","1","1","-","84A","1","Y"
"2024","371","경기 안양시","2024-11-06","2024-11-18","10","2024-11-20","2024-11-14","군인특별공급 평촌 ","1","0","1","1","-","77","2","Y"
"2024","371","경기 안양시","2024-11-06","2024-11-18","10","2024-11-20","2024-11-14","군인특별공급 평촌 ","1","0","1","1","-","59","3","Y"
"2024","371","경기 안양시","2024-11-06","2024-11-18","10","2024-11-20","2024-11-14","군인특별공급 평촌 ","1","0","1","1","-","53","1","Y"
"2024","370","경기 화성시","2024-11-06","2024-11-18","10","2024-11-20","2024-11-15","청약자격확인화성 비","1","0","1","1","-","-","15","Y"
"2024","369","경기 화성시","2024-11-06","2024-11-18","10","2024-11-20","2024-11-15","군인특별공급 화성 ","1","0","1","1","-","84C","1","Y"
"2024","369","경기 화성시","2024-11-06","2024-11-18","10","2024-11-20","2024-11-15","군인특별공급 화성 ","1","0","1","1","-","84B","1","Y"
"2024","369","경기 화성시","2024-11-06","2024-11-18","10","2024-11-20","2024-11-15","군인특별공급 화성 ","1","0","1","1","-","84A","3","Y"
"2024","369","경기 화성시","2024-11-06","2024-11-18","10","2024-11-20","2024-11-15","군인특별공급 화성 ","1","0","1","1","-","75","4","Y"
"2024","368","경기 수원시","2024-11-06","2024-11-18","10","2024-11-20","2024-11-15","청약자격확인 수원당","1","1","0","0","A50BL","-","7","Y"
"2024","367","서울 영등포구","2024-11-06","2024-11-18","10","2024-11-20","2024-11-14","청약자격확인 e편한","1","0","1","1","-","-","3","Y"
"2024","366","서울 영등포구","2024-11-06","2024-11-18","10","2024-11-20","2024-11-14","군인특별공급 e편한","1","0","1","1","-","51B","1","Y"
"2024","366","서울 영등포구","2024-11-06","2024-11-18","10","2024-11-20","2024-11-14","군인특별공급 e편한","1","0","1","1","-","51A","1","Y"
"2024","365","충남 서산시","2024-11-01","2024-11-11","10","2024-11-13","2024-11-08","군인특별공급 서산 ","1","0","1","1","-","84B","2","Y"
"2024","365","충남 서산시","2024-11-01","2024-11-11","10","2024-11-13","2024-11-08","군인특별공급 서산 ","1","0","1","1","-","84A","1","Y"
"2024","364","충북 청주시","2024-11-01","2024-11-11","10","2024-11-13","2024-11-07","군인특별공급 청주테","1","0","1","1","S3","84B","2","Y"
"2024","364","충북 청주시","2024-11-01","2024-11-11","10","2024-11-13","2024-11-07","군인특별공급 청주테","1","0","1","1","S3","84A","5","Y"
"2024","363","전남 순천시","2024-11-13","2024-12-16","10","2024-12-18","2024-12-10","(일정연기)군인특별","1","0","1","1","-","84B","3","Y"
"2024","363","전남 순천시","2024-11-13","2024-12-16","10","2024-12-18","2024-12-10","(일정연기)군인특별","1","0","1","1","-","84A","3","Y"
"2024","363","전남 순천시","2024-11-13","2024-12-16","10","2024-12-18","2024-12-10","(일정연기)군인특별","1","0","1","1","-","59","1","Y"
"2024","362","대전 서구","2024-11-01","2024-11-11","10","2024-11-13","2024-11-08","군인특별공급 둔산 ","1","0","1","1","-","84C","1","Y"
"2024","362","대전 서구","2024-11-01","2024-11-11","10","2024-11-13","2024-11-08","군인특별공급 둔산 ","1","0","1","1","-","84B","1","Y"
"2024","362","대전 서구","2024-11-01","2024-11-11","10","2024-11-13","2024-11-08","군인특별공급 둔산 ","1","0","1","1","-","84A","5","Y"
"2024","361","대전 유성구","2024-11-01","2024-11-11","10","2024-11-13","2024-11-08","군인특별공급 힐스테","1","0","1","1","SA1BL","84A","1","Y"
"2024","360","대전 유성구","2024-11-01","2024-11-11","10","2024-11-13","2024-11-08","군인특별공급 힐스테","1","0","1","1","SA2BL","84D","2","Y"
"2024","360","대전 유성구","2024-11-01","2024-11-11","10","2024-11-13","2024-11-08","군인특별공급 힐스테","1","0","1","1","SA2BL","84C","1","Y"
"2024","360","대전 유성구","2024-11-01","2024-11-11","10","2024-11-13","2024-11-08","군인특별공급 힐스테","1","0","1","1","SA2BL","84A","2","Y"
"2024","359","경기 의왕시","2024-11-01","2024-11-11","10","2024-11-13","2024-11-08","청약자격확인 의왕월","1","1","0","0","-","-","13","Y"
"2024","358","경기 의왕시","2024-11-01","2024-11-11","10","2024-11-13","2024-11-08","청약자격확인 의왕월","1","1","0","0","-","-","14","Y"
"2024","357","(일정연기)경기 남","2024-11-06","2024-12-09","10","2024-12-11","2024-12-06","(일정연기)청약자격","1","0","1","1","-","-","10","Y"
"2024","356","(일정연기)경기 남","2024-11-06","2024-12-09","10","2024-12-11","2024-12-06","(일정연기)군인특별","1","0","1","1","-","84C","4","Y"
"2024","356","(일정연기)경기 남","2024-11-06","2024-12-09","10","2024-12-11","2024-12-06","(일정연기)군인특별","1","0","1","1","-","84A","1","Y"
"2024","356","(일정연기)경기 남","2024-11-06","2024-12-09","10","2024-12-11","2024-12-06","(일정연기)군인특별","1","0","1","1","-","59D","1","Y"
"2024","417","경기 의왕시","20241226","20250106","10","20250108","20241230","청약자격확인 의왕청","1","1","0","0","A1","-","3","Y"
"2024","416","경기 성남시","20241226","20250106","10","20250108","20241231","청약자격확인 성남금","1","1","0","0","A4","-","4","Y"
"2024","415","충남 아산시","20241212","20241223","10","20241224","20241220","군인특별공급 탕정 ","1","0","1","1","-","84C","1","Y"
"2024","415","충남 아산시","20241212","20241223","10","20241224","20241220","군인특별공급 탕정 ","1","0","1","1","-","84B","3","Y"
"2024","415","충남 아산시","20241212","20241223","10","20241224","20241220","군인특별공급 탕정 ","1","0","1","1","-","84A","6","Y"
"2024","415","충남 아산시","20241212","20241223","10","20241224","20241220","군인특별공급 탕정 ","1","0","1","1","-","59B","1","Y"
"2024","415","충남 아산시","20241212","20241223","10","20241224","20241220","군인특별공급 탕정 ","1","0","1","1","-","59A","2","Y"
"2024","414","(일정연기)충남 천","20241212","20241229","10","20241231","20241224","(일정연기)군인특별","1","0","1","1","-","84B","1","Y"
"2024","414","(일정연기)충남 천","20241212","20241229","10","20241231","20241224","(일정연기)군인특별","1","0","1","1","-","84A","4","Y"
"2024","414","(일정연기)충남 천","20241212","20241229","10","20241231","20241224","(일정연기)군인특별","1","0","1","1","-","64","1","Y"
"2024","413","충북 청주시","20241212","20241223","10","20241224","20241220","군인특별공급 청주테","1","0","1","1","S4","84B","2","Y"
"2024","413","충북 청주시","20241212","20241223","10","20241224","20241220","군인특별공급 청주테","1","0","1","1","S4","84A","4","Y"
"2024","412","대구 수성구","20241212","20241223","10","20241224","20241220","군인특별공급 범어자","1","0","1","1","-","84B","1","Y"
"2024","411","(일정연기)세종시","20241212","20250113","10","20250115","20250110","(일정연기)군인특별","1","0","1","1","-","84C","1","Y"
"2024","411","(일정연기)세종시","20241212","20250113","10","20250115","20250110","(일정연기)군인특별","1","0","1","1","-","84B","2","Y"
"2024","411","(일정연기)세종시","20241212","20250113","10","20250115","20250110","(일정연기)군인특별","1","0","1","1","-","84A","4","Y"
"2024","410","인천 연수구","20241212","20241223","10","20241224","20241220","청약자격확인 래미안","1","0","1","1","A2","-","25","Y"
"2024","409","인천 연수구","20241212","20241223","10","20241224","20241220","군인특별공급 래미안","1","0","1","1","A2","84A","4","Y"
"2024","409","인천 연수구","20241212","20241223","10","20241224","20241220","군인특별공급 래미안","1","0","1","1","A2","71B","1","Y"
"2024","409","인천 연수구","20241212","20241223","10","20241224","20241220","군인특별공급 래미안","1","0","1","1","A2","71A","3","Y"
"2024","409","인천 연수구","20241212","20241223","10","20241224","20241220","군인특별공급 래미안","1","0","1","1","A2","59A","4","Y"
"2024","408","인천 연수구","20241212","20241223","10","20241224","20241220","청약자격확인 래미안","1","0","1","1","A1","-","20","Y"
"2024","407","인천 연수구","20241212","20241223","10","20241224","20241220","군인특별공급 래미안","1","0","1","1","A1","84E","1","Y"
"2024","407","인천 연수구","20241212","20241223","10","20241224","20241220","군인특별공급 래미안","1","0","1","1","A1","84C","1","Y"
"2024","407","인천 연수구","20241212","20241223","10","20241224","20241220","군인특별공급 래미안","1","0","1","1","A1","84A","4","Y"
"2024","407","인천 연수구","20241212","20241223","10","20241224","20241220","군인특별공급 래미안","1","0","1","1","A1","71B","1","Y"
"2024","407","인천 연수구","20241212","20241223","10","20241224","20241220","군인특별공급 래미안","1","0","1","1","A1","59B","1","Y"
"2024","407","인천 연수구","20241212","20241223","10","20241224","20241219","군인특별공급 래미안","1","0","1","1","A1","59A","2","Y"
"2024","406","경기 의왕시","20241212","20241223","10","20241224","20241219","청약자격확인 의왕월","1","0","1","1","B2","-","19","Y"
"2024","405","경기 의왕시","20241212","20241223","10","20241224","20241219","군인특별공급 의왕월","1","0","1","1","B2","84D","2","Y"
"2024","405","경기 의왕시","20241212","20241223","10","20241224","20241219","군인특별공급 의왕월","1","0","1","1","B2","84C","2","Y"
"2024","405","경기 의왕시","20241212","20241223","10","20241224","20241219","군인특별공급 의왕월","1","0","1","1","B2","84B","2","Y"
"2024","405","경기 의왕시","20241212","20241223","10","20241224","20241219","군인특별공급 의왕월","1","0","1","1","B2","84A","2","Y"
"2024","405","경기 의왕시","20241212","20241223","10","20241224","20241219","군인특별공급 의왕월","1","0","1","1","B2","75A","1","Y"
"2024","404","경기 의정부시","20241206","20241216","10","20241218","20241210","청약자격확인 의정부","1","0","1","1","-","-","2","Y"
"2024","403","경기 의정부시","20241206","20241216","10","20241218","20241210","군인특별공급 의정부","1","0","1","1","-","84B","1","Y"
"2024","402","(일정연기 추후재공","20241204","20241231","10","20241218","20241213","(일정연기 추후재공","1","0","1","1","-","74B","","Y"
"2024","402","(일정연기 추후재공","20241204","20241231","10","20241218","20241213","(일정연기 추후재공","1","0","1","1","-","59B","3","Y"
"2024","402","(일정연기 추후재공","20241204","20241231","10","20241218","20241213","(일정연기 추후재공","1","0","1","1","-","59A","2","Y"
"2024","401","서울 중랑구","20241204","20241216","10","20241218","20241213","(일정변경)청약자격","1","0","1","1","-","-","24","Y"
"2024","400","서울 중랑구","20241204","20241216","10","20241218","20241213","(일정변경)군인특별","1","0","1","1","-","84D","1","Y"
"2024","400","서울 중랑구","20241204","20241216","10","20241218","20241213","(일정변경)군인특별","1","0","1","1","-","84C","2","Y"
"2024","400","서울 중랑구","20241204","20241216","10","20241218","20241213","(일정변경)군인특별","1","0","1","1","-","84B","1","Y"
"2024","400","서울 중랑구","20241204","20241216","10","20241218","20241213","(일정변경)군인특별","1","0","1","1","-","84A","1","Y"
"2024","400","서울 중랑구","20241204","20241216","10","20241218","20241213","(일정변경)군인특별","1","0","1","1","-","59","1","Y"
"2024","400","서울 중랑구","20241204","20241216","10","20241218","20241213","(일정변경)군인특별","1","0","1","1","-","39B","1","Y"
"2024","399","(일정재개)충남 아","20241127","20241216","10","20241218","20241212","(일정재개)군인특별","1","0","1","1","A1BL","84D","1","Y"
"2024","399","(일정재개)충남 아","20241127","20241216","10","20241218","20241212","(일정재개)군인특별","1","0","1","1","A1BL","84C","1","Y"
"2024","399","(일정재개)충남 아","20241127","20241216","10","20241218","20241212","(일정재개)군인특별","1","0","1","1","A1BL","84B","1","Y"
"2024","399","(일정재개)충남 아","20241127","20241216","10","20241218","20241212","(일정재개)군인특별","1","0","1","1","A1BL","84A","9","Y"
"2024","399","(일정재개)충남 아","20241127","20241216","10","20241218","20241212","(일정재개)군인특별","1","0","1","1","A1BL","59A","2","Y"
"2024","398","경기 평택시","20241127","20241209","10","20241211","20241206","청약자격확인 평택 ","1","0","1","1","-","-","59","Y"
"2024","397","경기 평택시","20241127","20241209","10","20241211","20241206","군인특별공급 평택 ","1","0","1","1","-","84B","3","Y"
"2024","397","경기 평택시","20241127","20241209","10","20241211","20241206","군인특별공급 평택 ","1","0","1","1","-","84A","16","Y"
"2024","397","경기 평택시","20241127","20241209","10","20241211","20241206","군인특별공급 평택 ","1","0","1","1","-","59B","2","Y"
"2024","397","경기 평택시","20241127","20241209","10","20241211","20241206","군인특별공급 평택 ","1","0","1","1","-","59A","2","Y"
"2024","396","(일정재개)인천 서","20241127","20241223","10","20241224","20241220","(일정재개)청약자격","1","0","1","1","AA32BL","-","20","Y"
"2024","395","(일정재개)인천 서","20241127","20241223","10","20241224","20241220","(일정재개)군인특별","1","0","1","1","AA32BL","84B","1","Y"
"2024","395","(일정재개)인천 서","20241127","20241223","10","20241224","20241220","(일정재개)군인특별","1","0","1","1","AA32BL","64D","1","Y"
"2024","395","(일정재개)인천 서","20241127","20241223","10","20241224","20241220","(일정재개)군인특별","1","0","1","1","AA32BL","64A","1","Y"
"2024","394","(일정연기추후재공지","20241231","20250131","10","20250131","20250131","(일정연기추후재공지","1","0","1","1","-","84","2","Y"
"2024","393","부산 서구","20241120","20241209","10","20241211","20241206","(일정연기)군인특별","1","0","1","1","-","84C","","Y"
"2024","393","부산 서구","20241120","20241209","10","20241211","20241206","(일정연기)군인특별","1","0","1","1","-","84A","1","Y"
"2024","393","부산 서구","20241120","20241209","10","20241211","20241206","(일정연기)군인특별","1","0","1","1","-","59D","1","Y"
"2024","393","부산 서구","20241120","20241209","10","20241211","20241206","(일정연기)군인특별","1","0","1","1","-","59B","1","Y"
"2024","392","경기 광주시","20241120","20241209","10","20241211","20241206","(일정연기)청약자격","1","0","1","1","-","-","10","Y"
"2024","391","경기 광주시","20241120","20241209","10","20241211","20241206","(군인특별공급 곤지","1","0","1","1","-","84A","4","Y"
"2024","390","서울 강서구","20241120","20241202","10","20241204","20241125","청약자격확인 힐스테","1","0","1","1","-","-","6","Y"
"2024","389","서울 강서구","20241120","20241202","10","20241204","20241125","군인특별공급 힐스테","1","0","1","1","-","84C","1","Y"
"2024","389","서울 강서구","20241120","20241202","10","20241204","20241125","군인특별공급 힐스테","1","0","1","1","-","84A","3","Y"
"2024","389","서울 강서구","20241120","20241202","10","20241204","20241125","군인특별공급 힐스테","1","0","1","1","-","59A","2","Y"
"2024","388","서울 성북구","20241120","20241202","10","20241204","20241128","청약자격확인 창경궁","1","0","1","1","-","-","15","Y"
"2024","127","대구 수성구","20240417","20240429","13","20240501","20240426","군인특별공급 힐스테","1","0","1","1","-","83A","1","Y"
"2024","126","경기 오산시","20240417","20240429","13","20240501","20240426","청약자격확인 오산세","1","0","1","1","A8","-","21","Y"
"2024","125","경기 오산시","20240417","20240429","13","20240501","20240426","군인특별공급 오산세","1","0","1","1","A8","84A","7","Y"
"2024","124","경기 광명시","20240417","20240429","13","20240501","20240425","청약자격확인 광명 ","1","0","1","1","-","-","15","Y"
"2024","123","경기 광명시","20240417","20240429","13","20240501","20240425","군인특별공급 광명 ","1","0","1","1","-","59C","1","Y"
"2024","123","경기 광명시","20240417","20240429","13","20240501","20240425","군인특별공급 광명 ","1","0","1","1","-","59B","1","Y"
"2024","123","경기 광명시","20240417","20240429","13","20240501","20240425","군인특별공급 광명 ","1","0","1","1","-","39","1","Y"
"2024","123","경기 광명시","20240417","20240429","13","20240501","20240425","군인특별공급 광명 ","1","0","1","1","-","59A","2","Y"
"2024","123","경기 광명시","20240417","20240429","13","20240501","20240425","군인특별공급 광명 ","1","0","1","1","-","49","2","Y"
"2024","122","강원 원주시","20240411","20240422","13","20240424","20240419","군인특별공급 원주 ","1","0","1","1","-","59A","3","Y"
"2024","122","강원 원주시","20240411","20240422","13","20240424","20240419","군인특별공급 원주 ","1","0","1","1","-","74A","2","Y"
"2024","122","강원 원주시","20240411","20240422","13","20240424","20240419","군인특별공급 원주 ","1","0","1","1","-","74C","2","Y"
"2024","122","강원 원주시","20240411","20240422","13","20240424","20240419","군인특별공급 원주 ","1","0","1","1","-","84A","8","Y"
"2024","122","강원 원주시","20240411","20240422","13","20240424","20240419","군인특별공급 원주 ","1","0","1","1","-","84C","2","Y"
"2024","122","강원 원주시","20240411","20240422","13","20240424","20240419","군인특별공급 원주 ","1","0","1","1","-","84B","5","Y"
"2024","121","울산 중구","20240411","20240422","13","20240424","20240419","군인특별공급 우정동","1","0","1","1","-","84A","2","Y"
"2024","121","울산 중구","20240411","20240422","13","20240424","20240419","군인특별공급 우정동","1","0","1","1","-","59A","1","Y"
"2024","120","대전 중구","20240411","20240422","13","20240424","20240418","군인특별공급 문화자","1","0","1","1","-","84D","2","Y"
"2024","120","대전 중구","20240411","20240422","13","20240424","20240418","군인특별공급 문화자","1","0","1","1","-","84C","1","Y"
"2024","120","대전 중구","20240411","20240422","13","20240424","20240418","군인특별공급 문화자","1","0","1","1","-","84B","2","Y"
"2024","120","대전 중구","20240411","20240422","13","20240424","20240418","군인특별공급 문화자","1","0","1","1","-","84A1","1","Y"
"2024","120","대전 중구","20240411","20240422","13","20240424","20240418","군인특별공급 문화자","1","0","1","1","-","75A","3","Y"
"2024","120","대전 중구","20240411","20240422","13","20240424","20240418","군인특별공급 문화자","1","0","1","1","-","52","1","Y"
"2024","120","대전 중구","20240411","20240422","13","20240424","20240418","군인특별공급 문화자","1","0","1","1","-","59A","4","Y"
"2024","119","인천 부평구","20240411","20240422","13","20240424","20240419","청약자격확인 e편한","1","0","1","1","-","-","1","Y"
"2024","118","서울 구로구","20240411","20240422","13","20240424","20240419","청약자격확인 개봉 ","1","0","1","1","-","-","3","Y"
"2024","117","서울 구로구","20240411","20240422","13","20240424","20240419","군인특별공급 개봉 ","1","0","1","1","-","42B","1","Y"
"2024","117","서울 구로구","20240411","20240422","13","20240424","20240419","군인특별공급 개봉 ","1","0","1","1","-","42A","1","Y"
"2024","116","부산 동래구","20240403","20240415","13","20240417","20240412","군인특별공급 동래 ","1","0","1","1","-","84","2","Y"
"2024","116","부산 동래구","20240403","20240415","13","20240417","20240412","군인특별공급 동래 ","1","0","1","1","-","80B","1","Y"
"2024","115","전북 익산시","20240403","20240422","13","20240424","20240418","군인특별공급 익산 ","1","0","1","1","C","84A","3","Y"
"2024","115","전북 익산시","20240403","20240422","13","20240424","20240418","군인특별공급 익산 ","1","0","1","1","C","84B","2","Y"
"2024","114","인천 계양구","20240403","20240422","13","20240424","20240419","청약자격확인 계양 ","1","0","1","1","-","-","32","Y"
"2024","113","인천 계양구","20240403","20240422","13","20240424","20240419","군인특별공급 계양 ","1","0","1","1","-","84D","3","Y"
"2024","113","인천 계양구","20240403","20240422","13","20240424","20240419","군인특별공급 계양 ","1","0","1","1","-","84E","1","Y"
"2024","113","인천 계양구","20240403","20240422","13","20240424","20240419","군인특별공급 계양 ","1","0","1","1","-","84F","1","Y"
"2024","113","인천 계양구","20240403","20240422","13","20240424","20240419","군인특별공급 계양 ","1","0","1","1","-","84A","12","Y"
"2024","113","인천 계양구","20240403","20240422","13","20240424","20240419","군인특별공급 계양 ","1","0","1","1","-","84B","3","Y"
"2024","113","인천 계양구","20240403","20240422","13","20240424","20240419","군인특별공급 계양 ","1","0","1","1","-","84C","1","Y"
"2024","112","인천 계양구","20240403","20240422","13","20240424","20240419","청약자격확인 계양 ","1","0","1","1","-","-","58","Y"
"2024","111","인천 계양구","20240403","20240422","13","20240424","20240419","군인특별공급 계양 ","1","0","1","1","-","84B","8","Y"
"2024","111","인천 계양구","20240403","20240422","13","20240424","20240419","군인특별공급 계양 ","1","0","1","1","-","84A","9","Y"
"2024","111","인천 계양구","20240403","20240422","13","20240424","20240419","군인특별공급 계양 ","1","0","1","1","-","59B","1","Y"
"2024","111","인천 계양구","20240403","20240422","13","20240424","20240419","군인특별공급 계양 ","1","0","1","1","-","59A","4","Y"
"2024","110","인천 중구","20240403","20240415","13","20240417","20240412","청약자격확인 영종 ","1","0","1","1","A23","-","16","Y"
"2024","109","인천 중구","20240403","20240415","13","20240417","20240412","군인특별공급 영종 ","1","0","1","1","A23","84B","2","Y"
"2024","109","인천 중구","20240403","20240415","13","20240417","20240412","군인특별공급 영종 ","1","0","1","1","A23","84A","3","Y"
"2024","109","인천 중구","20240403","20240415","13","20240417","20240412","군인특별공급 영종 ","1","0","1","1","A23","84C","2","Y"
"2024","108","전남 여수시","20240401","20240415","10","20240417","20240412","군인특별공급 힐스테","1","1","0","0","A4BL","84A","2","Y"
"2024","108","전남 여수시","20240401","20240415","10","20240417","20240412","군인특별공급 힐스테","1","1","0","0","A4BL","84C","1","Y"
"2024","107","전남 여수시","20240401","20240415","13","20240417","20240412","군인특별공급 힐스테","1","1","0","0","A2BL","84C","1","Y"
"2024","107","전남 여수시","20240401","20240415","13","20240417","20240412","군인특별공급 힐스테","1","1","0","0","A2BL","84B","2","Y"
"2024","107","전남 여수시","20240401","20240415","13","20240417","20240412","군인특별공급 힐스테","1","1","0","0","A2BL","84A","5","Y"
"2024","107","전남 여수시","20240401","20240415","13","20240417","20240412","군인특별공급 힐스테","1","1","0","0","A2BL","74A","1","Y"
"2024","107","전남 여수시","20240401","20240415","13","20240417","20240412","군인특별공급 힐스테","1","1","0","0","A2BL","84F","2","Y"
"2024","106","광주 서구","20240329","20240408","10","20240411","20240405","군인특별공급 중앙공","1","0","1","1","2-2BL","84A","3","Y"
"2024","105","경기 성남시","20240328","20240411","13","20240415","20240329","청약자격확인 엘리프","1","1","0","0","A2","-","1","Y"
"2024","104","광주 북구","20240328","20240408","10","20240411","20240405","군인특별공급 운암자","1","0","1","1","-","75A","1","Y"
"2024","104","광주 북구","20240328","20240408","10","20240411","20240405","군인특별공급 운암자","1","0","1","1","-","84B","3","Y"
"2024","103","광주 북구","20240328","20240408","10","20240411","20240405","군인특별공급 운암자","1","0","1","1","-","84C","2","Y"
"2024","103","광주 북구","20240328","20240408","10","20240411","20240405","군인특별공급 운암자","1","0","1","1","-","84B","1","Y"
"2024","103","광주 북구","20240328","20240408","10","20240411","20240405","군인특별공급 운암자","1","0","1","1","-","84A","1","Y"
"2024","103","광주 북구","20240328","20240408","10","20240411","20240405","군인특별공급 운암자","1","0","1","1","-","75B","1","Y"
"2024","103","광주 북구","20240328","20240408","10","20240411","20240405","군인특별공급 운암자","1","0","1","1","-","75A","3","Y"
"2024","103","광주 북구","20240328","20240408","10","20240411","20240405","군인특별공급 운암자","1","0","1","1","-","59A","2","Y"
"2024","102","광주 북구","20240328","20240408","10","20240411","20240405","군인특별공급 운암자","1","0","1","1","-","59A","3","Y"
"2024","102","광주 북구","20240328","20240408","10","20240411","20240405","군인특별공급 운암자","1","0","1","1","-","84B","1","Y"
"2024","102","광주 북구","20240328","20240408","10","20240411","20240405","군인특별공급 운암자","1","0","1","1","-","84C","2","Y"
"2024","101","부산 기장군","20240328","20240408","10","20240411","20240405","군인특별공급 디에트","1","0","1","1","B3BL","84B","1","Y"
"2024","101","부산 기장군","20240328","20240408","10","20240411","20240405","군인특별공급 디에트","1","0","1","1","B3BL","84A","1","Y"
"2024","101","부산 기장군","20240328","20240408","10","20240411","20240405","군인특별공급 디에트","1","0","1","1","B3BL","84C","3","Y"
"2024","100","부산 금정구","20240328","20240408","10","20240411","20240405","군인특별공급 e편한","1","0","1","1","-","84C","2","Y"
"2024","100","부산 금정구","20240328","20240408","10","20240411","20240405","군인특별공급 e편한","1","0","1","1","-","59B","1","Y"
"2022","135","경기 의정부시","20220412","20220418","14","20220420","20220415","군인특별공급 더샵 ","1","0","1","1","주택형","60A","2","Y"
"2022","135","경기 의정부시","20220412","20220418","14","20220420","20220415","군인특별공급 더샵 ","1","0","1","1","주택형","84C","1","Y"
"2022","135","경기 의정부시","20220412","20220418","14","20220420","20220415","군인특별공급 더샵 ","1","0","1","1","주택형","84B","1","Y"
"2022","134","전북 완주군","20220412","20220425","14","20220426","20220422","군인특별공급 완주이","1","0","1","1","주택형","84","1","Y"
"2022","134","전북 완주군","20220412","20220425","14","20220426","20220422","군인특별공급 완주이","1","0","1","1","주택형","59A","4","Y"
"2022","133","경기 남양주시","20220408","20220414","14","20220418","20220411","청약자격확인 남양주","1","1","0","0","주택형","청약자격확인","32","Y"
"2022","132","경기 안성시","20220405","20220411","14","20220413","20220407","군인특별공급 안성 ","1","0","1","1","주택형","84A","5","Y"
"2022","132","경기 안성시","20220405","20220411","14","20220413","20220407","군인특별공급 안성 ","1","0","1","1","주택형","84D","1","Y"
"2022","132","경기 안성시","20220405","20220411","14","20220413","20220407","군인특별공급 안성 ","1","0","1","1","주택형","84C","1","Y"
"2022","132","경기 안성시","20220405","20220411","14","20220413","20220407","군인특별공급 안성 ","1","0","1","1","주택형","84B","1","Y"
"2022","131","인천 남동구","20220405","20220425","14","20220427","20220422","군인특별공급 인천 ","1","0","1","1","주택형","59B","1","Y"
"2022","131","인천 남동구","20220405","20220425","14","20220427","20220422","군인특별공급 인천 ","1","0","1","1","주택형","59A","1","Y"
"2022","130","대전 대덕구","20220405","20220412","14","20220413","20220408","군인특별공급 엘리프","1","0","1","1","주택형","84A","2","Y"
"2022","130","대전 대덕구","20220405","20220412","14","20220413","20220408","군인특별공급 엘리프","1","0","1","1","주택형","84D","1","Y"
"2022","130","대전 대덕구","20220405","20220412","14","20220413","20220408","군인특별공급 엘리프","1","0","1","1","주택형","84C","1","Y"
"2022","130","대전 대덕구","20220405","20220412","14","20220413","20220408","군인특별공급 엘리프","1","0","1","1","주택형","84B","1","Y"
"2022","129","대전 동구","20220405","20220411","14","20220413","20220407","군인특별공급 리더스","1","1","0","0","주택형","74A","3","Y"
"2022","129","대전 동구","20220405","20220411","14","20220413","20220407","군인특별공급 리더스","1","1","0","0","주택형","74B","2","Y"
"2022","129","대전 동구","20220405","20220411","14","20220413","20220407","군인특별공급 리더스","1","1","0","0","주택형","84A","1","Y"
"2022","129","대전 동구","20220405","20220411","14","20220413","20220407","군인특별공급 리더스","1","1","0","0","주택형","59A","2","Y"
"2022","129","대전 동구","20220405","20220411","14","20220413","20220407","군인특별공급 리더스","1","1","0","0","주택형","59B","2","Y"
"2022","129","대전 동구","20220405","20220411","14","20220413","20220407","군인특별공급 리더스","1","1","0","0","주택형","84B","1","Y"
"2022","128","경기 동두천시","20220404","20220411","14","20220414","20220407","청약자격확인 동두천","1","0","1","1","주택형","청약자격확인","9","Y"
"2022","127","경기 동두천시","20220404","20220411","14","20220414","20220407","군인특별공급 동두천","1","0","1","1","주택형","49C","1","Y"
"2022","127","경기 동두천시","20220404","20220411","14","20220414","20220407","군인특별공급 동두천","1","0","1","1","주택형","65C","1","Y"
"2022","127","경기 동두천시","20220404","20220411","14","20220414","20220407","군인특별공급 동두천","1","0","1","1","주택형","65B","3","Y"
"2022","127","경기 동두천시","20220404","20220411","14","20220414","20220407","군인특별공급 동두천","1","0","1","1","주택형","65A","2","Y"
"2022","126","충남 아산시","20220404","20220411","14","20220412","20220408","군인특별공급 아산 ","1","0","1","1","주택형","84C","1","Y"
"2022","126","충남 아산시","20220404","20220411","14","20220412","20220408","군인특별공급 아산 ","1","0","1","1","주택형","84B","1","Y"
"2022","126","충남 아산시","20220404","20220411","14","20220412","20220408","군인특별공급 아산 ","1","0","1","1","주택형","84A","1","Y"
"2022","125","경기 화성시","20220401","20220404","14","20220406","20220331","청약자격확인 화성비","1","0","1","1","B-3","76","9","N"
"2022","125","경기 화성시","20220401","20220404","14","20220406","20220331","청약자격확인 화성비","1","0","1","1","B-3","청약자격확인","27","Y"
"2022","125","경기 화성시","20220401","20220404","14","20220406","20220331","청약자격확인 화성비","1","0","1","1","B-3","84","9","N"
"2022","124","경기 화성시","20220331","20220404","14","20220406","20220331","군인특별공급 화성비","1","0","1","1","b-3블럭","84","9","Y"
"2022","124","경기 화성시","20220331","20220404","14","20220406","20220331","군인특별공급 화성비","1","0","1","1","b-3블럭","76","9","Y"
"2022","123","경기 가평군","20220331","20220403","14","20220404","20220325","청약자격확인 디엘본","1","0","1","1","주택형","청약자격확인","3","Y"
"2022","122","인천 서구","20220328","20220403","14","20220404","20220331","군인특별공급 인천 ","1","0","1","0","주택형","84A","1","Y"
"2022","122","인천 서구","20220328","20220403","14","20220404","20220331","군인특별공급 인천 ","1","0","1","0","주택형","84C","2","Y"
"2022","122","인천 서구","20220328","20220403","14","20220404","20220331","군인특별공급 인천 ","1","0","1","0","주택형","84B","2","Y"
"2022","121","전북 군산시","20220328","20220418","14","20220420","20220331","군인특별공급 군산 ","1","0","1","1","주택형","84A","1","Y"
"2022","121","전북 군산시","20220328","20220418","14","20220420","20220331","군인특별공급 군산 ","1","0","1","1","주택형","84B","1","Y"
"2022","120","경기 파주시","20220325","20220404","14","20220405","20220329","청약자격확인파주운정","1","0","1","1","A46BL","청약자격확인","11","Y"
"2022","119","인천 영종","20220325","20220401","14","20220404","20220329","청약자격확인 인천 ","1","1","0","0","주택형","청약자격확인","17","Y"
"2022","118","경기 화성시","20220325","20220404","14","20220406","20220330","청약자격확인 (화성","1","0","1","1","주택형","청약자격확인","24","Y"
"2022","117","경기 화성시","20220325","20220404","14","20220406","20220330","군인특별공급 (화성","1","0","1","1","주택형","84C","1","Y"
"2022","117","경기 화성시","20220325","20220404","14","20220406","20220330","군인특별공급 (화성","1","0","1","1","주택형","84A","11","Y"
"2022","117","경기 화성시","20220325","20220404","14","20220406","20220330","군인특별공급 (화성","1","0","1","1","주택형","84B","3","Y"
"2022","116","경기 파주시","20220325","20220404","14","20220405","20220331","군인특별공급 파주운","1","0","1","1","주택형","84C","2","Y"
"2022","116","경기 파주시","20220325","20220404","14","20220405","20220331","군인특별공급 파주운","1","0","1","1","주택형","84A","1","Y"
"2022","116","경기 파주시","20220325","20220404","14","20220405","20220331","군인특별공급 파주운","1","0","1","1","주택형","84B","1","Y"
"2022","115","울산 남구","20220325","20220404","14","20220406","20220330","군인특별공급 문수로","1","0","1","1","주택형","84A","2","Y"
"2022","115","울산 남구","20220325","20220404","14","20220406","20220330","군인특별공급 문수로","1","0","1","1","주택형","84B","2","Y"
"2022","115","울산 남구","20220325","20220404","14","20220406","20220330","군인특별공급 문수로","1","0","1","1","주택형","84C","2","Y"
"2024","133","경기 평택시","20240419","20240429","13","20240501","20240425","청약자격확인 평택화","1","0","1","1","6-2","-","22","Y"
"2024","132","경기 평택시","20240419","20240429","13","20240501","20240425","군인특별공급 평택화","1","0","1","1","6-2","84A","11","Y"
"2024","132","경기 평택시","20240419","20240429","13","20240501","20240425","군인특별공급 평택화","1","0","1","1","6-2","84B","3","Y"
"2024","131","전북 김제시","20240417","20240429","13","20240501","20240425","군인특별공급 김제 ","1","0","1","1","-","84B","2","Y"
"2024","131","전북 김제시","20240417","20240429","13","20240501","20240425","군인특별공급 김제 ","1","0","1","1","-","84A","6","Y"
"2024","130","충남 아산시","20240417","20240429","13","20240501","20240426","군인특별공급 배방 ","1","0","1","1","-","84C","6","Y"
"2024","130","충남 아산시","20240417","20240429","13","20240501","20240426","군인특별공급 배방 ","1","0","1","1","-","84B","8","Y"
"2024","130","충남 아산시","20240417","20240429","13","20240501","20240426","군인특별공급 배방 ","1","0","1","1","-","84A","5","Y"
"2024","129","충남 아산시","20240417","20240429","13","20240501","20240426","군인특별공급 더샵 ","1","0","1","1","A3","84A","4","Y"
"2024","129","충남 아산시","20240417","20240429","13","20240501","20240426","군인특별공급 더샵 ","1","0","1","1","A3","84B","3","Y"
"2024","129","충남 아산시","20240417","20240429","13","20240501","20240426","군인특별공급 더샵 ","1","0","1","1","A3","84C","3","Y"
"2024","129","충남 아산시","20240417","20240429","13","20240501","20240426","군인특별공급 더샵 ","1","0","1","1","A3","70C","1","Y"
"2024","129","충남 아산시","20240417","20240429","13","20240501","20240426","군인특별공급 더샵 ","1","0","1","1","A3","70B","3","Y"
"2024","129","충남 아산시","20240417","20240429","13","20240501","20240426","군인특별공급 더샵 ","1","0","1","1","A3","70A","12","Y"
"2024","128","대구 수성구","20240417","20240429","13","20240501","20240426","군인특별공급 힐스테","1","0","1","1","-","82B","2","Y"
"2024","128","대구 수성구","20240417","20240429","13","20240501","20240426","군인특별공급 힐스테","1","0","1","1","-","82A1","1","Y"
"2024","127","대구 수성구","20240417","20240429","13","20240501","20240426","군인특별공급 힐스테","1","0","1","1","-","82B","1","Y"
"2022","158","경기 수원시","20220502","20220509","14","20220511","20220504","군인특별공급 영통 ","1","0","1","1","주택형","84B","2","Y"
"2022","158","경기 수원시","20220502","20220509","14","20220511","20220504","군인특별공급 영통 ","1","0","1","1","주택형","84D","2","Y"
"2022","158","경기 수원시","20220502","20220509","14","20220511","20220504","군인특별공급 영통 ","1","0","1","1","주택형","84C","1","Y"
"2022","157","경기 수원시","20220502","20220509","14","20220511","20220504","군인특별공급 영통 ","1","0","1","1","주택형","84A","1","Y"
"2022","157","경기 수원시","20220502","20220509","14","20220511","20220504","군인특별공급 영통 ","1","0","1","1","주택형","D","2","N"
"2022","157","경기 수원시","20220502","20220509","14","20220511","20220504","군인특별공급 영통 ","1","0","1","1","주택형","84D","1","Y"
"2022","157","경기 수원시","20220502","20220509","14","20220511","20220504","군인특별공급 영통 ","1","0","1","1","주택형","84C","2","Y"
"2022","156","경기 성남시","20220502","20220516","14","20220518","20220513","청약자격확인 이안 ","1","0","1","1","주택형","청약자격확인","2","Y"
"2022","155","경기 성남시","20220502","20220516","14","20220518","20220513","군인특별공급 이안 ","1","0","1","1","주택형","48","1","Y"
"2022","154","충북 제천시","20220502","20220509","14","20220511","20220506","군인특별공급 제천자","1","0","1","1","주택형","84A","3","Y"
"2022","154","충북 제천시","20220502","20220509","14","20220511","20220506","군인특별공급 제천자","1","0","1","1","주택형","84D","1","Y"
"2022","154","충북 제천시","20220502","20220509","14","20220511","20220506","군인특별공급 제천자","1","0","1","1","주택형","84C","3","Y"
"2022","154","충북 제천시","20220502","20220509","14","20220511","20220506","군인특별공급 제천자","1","0","1","1","주택형","84B","1","Y"
"2022","153","경남 창원시","20220429","20221003","14","20221004","20220929","군인특별공급 창원 ","1","0","1","1","주택형","59A","1","Y"
"2022","153","경남 창원시","20220429","20221003","14","20221004","20220929","군인특별공급 창원 ","1","0","1","1","주택형","84B","4","Y"
"2022","153","경남 창원시","20220429","20221003","14","20221004","20220929","군인특별공급 창원 ","1","0","1","1","주택형","84A","7","Y"
"2022","152","경기 연천군","20220427","20220429","14","20220502","20220429","청약자격확인 1호선","1","0","1","1","주택형","청약자격확인","25","Y"
"2022","151","경기 연천군","20220427","20220429","14","20220502","20220429","군인특별공급 1호선","1","0","1","1","주택형","65","2","Y"
"2022","151","경기 연천군","20220427","20220429","14","20220502","20220429","군인특별공급 1호선","1","0","1","1","주택형","84B","4","Y"
"2022","151","경기 연천군","20220427","20220429","14","20220502","20220429","군인특별공급 1호선","1","0","1","1","주택형","84A","13","Y"
"2022","151","경기 연천군","20220427","20220429","14","20220502","20220429","군인특별공급 1호선","1","0","1","1","주택형","74B","1","Y"
"2022","150","경북 포항시","20220426","20220520","14","20220525","20220519","군인특별공급 힐스테","1","0","1","1","주택형","59A","2","Y"
"2022","150","경북 포항시","20220426","20220520","14","20220525","20220519","군인특별공급 힐스테","1","0","1","1","주택형","59B","2","Y"
"2022","150","경북 포항시","20220426","20220520","14","20220525","20220519","군인특별공급 힐스테","1","0","1","1","주택형","84C","1","Y"
"2022","150","경북 포항시","20220426","20220520","14","20220525","20220519","군인특별공급 힐스테","1","0","1","1","주택형","84B","1","Y"
"2022","150","경북 포항시","20220426","20220520","14","20220525","20220519","군인특별공급 힐스테","1","0","1","1","주택형","84E","1","Y"
"2022","150","경북 포항시","20220426","20220520","14","20220525","20220519","군인특별공급 힐스테","1","0","1","1","주택형","84A","4","Y"
"2022","149","경북 포항시","20220426","20220520","14","20220525","20220519","군인특별공급 힐스테","1","0","1","1","주택형","84C","1","Y"
"2022","149","경북 포항시","20220426","20220520","14","20220525","20220519","군인특별공급 힐스테","1","0","1","1","주택형","84E","1","Y"
"2022","149","경북 포항시","20220426","20220520","14","20220525","20220519","군인특별공급 힐스테","1","0","1","1","주택형","84B","2","Y"
"2022","149","경북 포항시","20220426","20220520","14","20220525","20220519","군인특별공급 힐스테","1","0","1","1","주택형","59B","1","Y"
"2022","149","경북 포항시","20220426","20220520","14","20220525","20220519","군인특별공급 힐스테","1","0","1","1","주택형","84A","5","Y"
"2022","149","경북 포항시","20220426","20220520","14","20220525","20220519","군인특별공급 힐스테","1","0","1","1","주택형","59A","3","Y"
"2022","148","강원 원주시","20220425","20220502","14","20220503","20220428","군인특별공급 초혁신","1","0","1","1","주택형","84A","4","Y"
"2022","148","강원 원주시","20220425","20220502","14","20220503","20220428","군인특별공급 초혁신","1","0","1","1","주택형","67","1","Y"
"2022","148","강원 원주시","20220425","20220502","14","20220503","20220428","군인특별공급 초혁신","1","0","1","1","주택형","84C","2","Y"
"2022","147","경남 김해시","20220425","20220502","14","20220504","20220428","군인특별공급 김해 ","1","0","1","1","주택형","84C","2","Y"
"2022","147","경남 김해시","20220425","20220502","14","20220504","20220428","군인특별공급 김해 ","1","0","1","1","주택형","84B","4","Y"
"2022","147","경남 김해시","20220425","20220502","14","20220504","20220428","군인특별공급 김해 ","1","0","1","1","주택형","84A","3","Y"
"2022","146","경기 남양주시","20220425","20220502","14","20220504","20220429","청약자격확인 금곡역","1","0","1","1","주택형","청약자격확인","12","Y"
"2022","145","경기 남양주시","20220425","20220502","14","20220504","20220429","군인특별공급 금곡역","1","0","1","1","주택형","65","1","Y"
"2022","145","경기 남양주시","20220425","20220502","14","20220504","20220429","군인특별공급 금곡역","1","0","1","1","주택형","59B","1","Y"
"2022","145","경기 남양주시","20220425","20220502","14","20220504","20220429","군인특별공급 금곡역","1","0","1","1","주택형","44","1","Y"
"2022","145","경기 남양주시","20220425","20220502","14","20220504","20220429","군인특별공급 금곡역","1","0","1","1","주택형","30A","1","Y"
"2022","144","인천 미추홀구","20220425","20220516","14","20220518","20220513","청약자격확인 주안 ","1","0","1","1","주택형","청약자격확인","39","Y"
"2022","143","인천 미추홀구","20220425","20220516","14","20220518","20220513","군인특별공급 주안 ","1","0","1","1","주택형","62A","1","Y"
"2022","143","인천 미추홀구","20220425","20220516","14","20220518","20220513","군인특별공급 주안 ","1","0","1","1","주택형","76","2","Y"
"2022","143","인천 미추홀구","20220425","20220516","14","20220518","20220513","군인특별공급 주안 ","1","0","1","1","주택형","62B","1","Y"
"2022","142","전남 무안군","20220418","20220425","14","20220427","20220422","군인특별공급 남악오","1","0","1","1","주택형","84B","3","Y"
"2022","142","전남 무안군","20220418","20220425","14","20220427","20220422","군인특별공급 남악오","1","0","1","1","주택형","84A","7","Y"
"2022","141","경기 시흥시","20220418","20220425","14","20220427","20220421","청약자격확인 e편한","1","1","0","0","주택형","청약자격확인","12","Y"
"2022","140","경기 시흥시","20220418","20220425","14","20220427","20220421","군인특별공급 e편한","1","1","0","0","주택형","84B","1","Y"
"2022","140","경기 시흥시","20220418","20220425","14","20220427","20220421","군인특별공급 e편한","1","1","0","0","주택형","84A","1","Y"
"2022","139","부산 해운대구","20220418","20220425","14","20220428","20220421","군인특별공급 센텀 ","1","0","1","1","주택형","74A","","N"
"2022","139","부산 해운대구","20220418","20220425","14","20220428","20220421","군인특별공급 센텀 ","1","0","1","1","주택형","74a","1","Y"
"2022","139","부산 해운대구","20220418","20220425","14","20220428","20220421","군인특별공급 센텀 ","1","0","1","1","주택형","59b","1","Y"
"2022","139","부산 해운대구","20220418","20220425","14","20220428","20220421","군인특별공급 센텀 ","1","0","1","1","주택형","59B","1","N"
"2022","139","부산 해운대구","20220418","20220425","14","20220428","20220421","군인특별공급 센텀 ","1","0","1","1","주택형","84a","1","Y"
"2022","139","부산 해운대구","20220418","20220425","14","20220428","20220421","군인특별공급 센텀 ","1","0","1","1","주택형","84b","1","Y"
"2022","139","부산 해운대구","20220418","20220425","14","20220428","20220421","군인특별공급 센텀 ","1","0","1","1","주택형","59A","1","Y"
"2022","139","부산 해운대구","20220418","20220425","14","20220428","20220421","군인특별공급 센텀 ","1","0","1","1","주택형","74b","1","Y"
"2022","138","충북 충주시","20220418","20220425","14","20220427","20220422","군인특별공급 서충주","1","0","1","1","주택형","74A","2","Y"
"2022","138","충북 충주시","20220418","20220425","14","20220427","20220422","군인특별공급 서충주","1","0","1","1","주택형","84A","3","Y"
"2022","138","충북 충주시","20220418","20220425","14","20220427","20220422","군인특별공급 서충주","1","0","1","1","주택형","74B","2","Y"
"2022","138","충북 충주시","20220418","20220425","14","20220427","20220422","군인특별공급 서충주","1","0","1","1","주택형","84C","2","Y"
"2022","138","충북 충주시","20220418","20220425","14","20220427","20220422","군인특별공급 서충주","1","0","1","1","주택형","84B","2","Y"
"2022","137","전남 고흥군","20220412","20220417","14","20220418","20220415","군인특별공급 고흥 ","1","0","1","1","주택형","84","1","Y"
"2022","136","경기 의정부시","20220412","20220418","14","20220420","20220415","청약자격확인 더샵 ","1","0","1","1","주택형","청약자격확인","16","Y"
"2022","135","경기 의정부시","20220412","20220418","14","20220420","20220415","군인특별공급 더샵 ","1","0","1","1","주택형","84A","5","Y"
"2022","187","경기 파주시","20220607","20220613","14","20220615","20220610","군인특별공급 파주운","1","0","1","1","주택형","84A","1","Y"
"2022","187","경기 파주시","20220607","20220613","14","20220615","20220610","군인특별공급 파주운","1","0","1","1","주택형","61A","1","Y"
"2022","186","경기 파주시","20220607","20220613","14","20220615","20220610","군인특별공급 파주운","1","0","1","1","주택형","84A","1","Y"
"2022","186","경기 파주시","20220607","20220613","14","20220615","20220610","군인특별공급 파주운","1","0","1","1","주택형","61B","1","Y"
"2022","186","경기 파주시","20220607","20220613","14","20220615","20220610","군인특별공급 파주운","1","0","1","1","주택형","84B","1","Y"
"2022","185","전북 김제시","20220607","20220620","14","20220622","20220617","군인특별공급 김제 ","1","0","1","1","주택형","84C","1","Y"
"2022","185","전북 김제시","20220607","20220620","14","20220622","20220617","군인특별공급 김제 ","1","0","1","1","주택형","84D","1","Y"
"2022","185","전북 김제시","20220607","20220620","14","20220622","20220617","군인특별공급 김제 ","1","0","1","1","주택형","84B","1","Y"
"2022","185","전북 김제시","20220607","20220620","14","20220622","20220617","군인특별공급 김제 ","1","0","1","1","주택형","84A","1","Y"
"2022","184","부산 동래구","20220607","20220613","14","20220615","20220610","군인특별공급 사직 ","1","0","1","1","주택형","84B","1","Y"
"2022","184","부산 동래구","20220607","20220613","14","20220615","20220610","군인특별공급 사직 ","1","0","1","1","주택형","84C","1","Y"
"2022","183","인천 서구","20220607","20220613","14","20220614","20220610","군인특별공급 힐스테","1","0","1","1","주택형","84A","4","Y"
"2022","183","인천 서구","20220607","20220613","14","20220614","20220610","군인특별공급 힐스테","1","0","1","1","주택형","84B","2","Y"
"2022","182","충북 청주시","20220607","20220613","14","20220614","20220610","군인특별공급 청주 ","1","0","1","1","주택형","59C","2","Y"
"2022","182","충북 청주시","20220607","20220613","14","20220614","20220610","군인특별공급 청주 ","1","0","1","1","주택형","59B","2","Y"
"2022","182","충북 청주시","20220607","20220613","14","20220614","20220610","군인특별공급 청주 ","1","0","1","1","주택형","74","6","Y"
"2022","182","충북 청주시","20220607","20220613","14","20220614","20220610","군인특별공급 청주 ","1","0","1","1","주택형","84","7","Y"
"2022","182","충북 청주시","20220607","20220613","14","20220614","20220610","군인특별공급 청주 ","1","0","1","1","주택형","59A","3","Y"
"2022","181","충북 음성군","20220607","20220609","14","20220610","20220609","군인특별공급 음성푸","1","0","1","1","주택형","84B","4","Y"
"2022","181","충북 음성군","20220607","20220609","14","20220610","20220609","군인특별공급 음성푸","1","0","1","1","주택형","84A","9","Y"
"2022","180","경기 부천시","20220602","20220603","14","20220607","20220602","군인특별공급 현대프","1","0","1","1","주택형","74EE","1","Y"
"2022","180","경기 부천시","20220602","20220603","14","20220607","20220602","군인특별공급 현대프","1","0","1","1","주택형","74C","1","Y"
"2022","180","경기 부천시","20220602","20220603","14","20220607","20220602","군인특별공급 현대프","1","0","1","1","주택형","74D","1","Y"
"2022","180","경기 부천시","20220602","20220603","14","20220607","20220602","군인특별공급 현대프","1","0","1","1","주택형","71B","1","Y"
"2022","179","경기 양주시","20220530","20220531","14","20220602","20220527","청약자격확인 장흥역","1","0","1","1","주택형","청약자격확인","8","Y"
"2022","178","인천 연수구","20220530","20220621","14","20220624","20220617","군인특별공급 더퍼스","1","0","1","1","주택형","45D","1","Y"
"2022","178","인천 연수구","20220530","20220621","14","20220624","20220617","군인특별공급 더퍼스","1","0","1","1","주택형","49E","1","Y"
"2022","178","인천 연수구","20220530","20220621","14","20220624","20220617","군인특별공급 더퍼스","1","0","1","1","주택형","39A","1","Y"
"2022","177","경북 경주시","20220530","20220531","14","20220601","20220527","군인특별공급 힐스테","1","0","1","1","주택형","84A","5","Y"
"2022","177","경북 경주시","20220530","20220531","14","20220601","20220527","군인특별공급 힐스테","1","0","1","1","주택형","84B","1","Y"
"2022","177","경북 경주시","20220530","20220531","14","20220601","20220527","군인특별공급 힐스테","1","0","1","1","주택형","84C","1","Y"
"2022","176","경북 울진군","20220530","20220607","14","20220607","20220602","군인특별공급 울진역","1","0","1","1","주택형","74A","2","Y"
"2022","176","경북 울진군","20220530","20220607","14","20220607","20220602","군인특별공급 울진역","1","0","1","1","주택형","84","2","Y"
"2022","176","경북 울진군","20220530","20220607","14","20220607","20220602","군인특별공급 울진역","1","0","1","1","주택형","59","1","Y"
"2022","175","경기 부천시","20220523","20220530","14","20220531","20220527","군인특별공급 소사역","1","0","1","1","주택형","60A","1","Y"
"2022","175","경기 부천시","20220523","20220530","14","20220531","20220527","군인특별공급 소사역","1","0","1","1","주택형","78","2","Y"
"2022","174","부산 강서구","20220523","20220531","14","20220603","20220527","군인특별공급 강서자","1","1","0","0","주택형","70A","1","Y"
"2022","174","부산 강서구","20220523","20220531","14","20220603","20220527","군인특별공급 강서자","1","1","0","0","주택형","84D","1","Y"
"2022","174","부산 강서구","20220523","20220531","14","20220603","20220527","군인특별공급 강서자","1","1","0","0","주택형","84B","1","Y"
"2022","174","부산 강서구","20220523","20220531","14","20220603","20220527","군인특별공급 강서자","1","1","0","0","주택형","84A","2","Y"
"2022","173","경기 양주시","20220523","20220531","14","20220602","20220527","군인특별공급 장흥역","1","0","1","1","주택형","84A","6","Y"
"2022","172","부산 사하구","20220523","20220530","14","20220531","20220526","군인특별공급 중앙하","1","0","1","1","주택형","61","2","Y"
"2022","172","부산 사하구","20220523","20220530","14","20220531","20220526","군인특별공급 중앙하","1","0","1","1","주택형","84","1","Y"
"2022","171","충북 제천시","20220520","20220523","14","20220525","20220520","군인특별공급 e편한","1","0","1","1","주택형","84A","5","Y"
"2022","171","충북 제천시","20220520","20220523","14","20220525","20220520","군인특별공급 e편한","1","0","1","1","주택형","84B","1","Y"
"2022","171","충북 제천시","20220520","20220523","14","20220525","20220520","군인특별공급 e편한","1","0","1","1","주택형","84C","4","Y"
"2022","170","경기 양주시","20220513","20220520","14","20220524","20220519","청약자격확인 e편한","1","0","1","1","주택형","청약자격확인","28","Y"
"2022","169","경기 양주시","20220513","20220520","14","20220524","20220519","군인특별공급 e편한","1","0","1","1","주택형","84B","5","Y"
"2022","169","경기 양주시","20220513","20220520","14","20220524","20220519","군인특별공급 e편한","1","0","1","1","주택형","84A","7","Y"
"2022","168","경기 평택시","20220512","20220516","14","20220518","20220513","군인특별공급 평택청","1","0","1","1","주택형","84A","2","Y"
"2022","168","경기 평택시","20220512","20220516","14","20220518","20220513","군인특별공급 평택청","1","0","1","1","주택형","84C","1","Y"
"2022","168","경기 평택시","20220512","20220516","14","20220518","20220513","군인특별공급 평택청","1","0","1","1","주택형","84B","2","Y"
"2022","167","전남 영광군","20220509","20220516","14","20220518","20220512","군인특별공급 힐스테","1","0","1","1","주택형","84B","3","Y"
"2022","167","전남 영광군","20220509","20220516","14","20220518","20220512","군인특별공급 힐스테","1","0","1","1","주택형","84A","4","Y"
"2022","166","울산 울주군","20220509","20220525","14","20220526","20220520","군인특별공급 온양 ","1","0","1","1","주택형","84A","1","Y"
"2022","166","울산 울주군","20220509","20220525","14","20220526","20220520","군인특별공급 온양 ","1","0","1","1","주택형","59B","1","Y"
"2022","165","전남 순천시","20220509","20220520","14","20220523","20220519","군인특별공급 트리마","1","0","1","1","주택형","84","8","Y"
"2022","164","전남 순천시","20220509","20220520","14","20220523","20220519","군인특별공급 트리마","1","0","1","1","주택형","84","13","Y"
"2022","163","서울 도봉구","20220509","20220512","14","20220512","20220512","군인특별공급 창동 ","1","0","1","1","주택형","58C","1","Y"
"2022","163","서울 도봉구","20220509","20220512","14","20220512","20220512","군인특별공급 창동 ","1","0","1","1","주택형","58A","1","Y"
"2022","162","대구 수성구","20220509","20220513","14","20220516","20220513","군인특별공급 수성 ","1","0","1","1","주택형","84A1","3","Y"
"2022","162","대구 수성구","20220509","20220513","14","20220516","20220513","군인특별공급 수성 ","1","0","1","1","주택형","77","1","Y"
"2022","162","대구 수성구","20220509","20220513","14","20220516","20220513","군인특별공급 수성 ","1","0","1","1","주택형","84C","2","Y"
"2022","162","대구 수성구","20220509","20220513","14","20220516","20220513","군인특별공급 수성 ","1","0","1","1","주택형","84B","4","Y"
"2022","161","광주 동구","20220509","20220516","14","20220518","20220513","군인특별공급 금남로","1","0","1","1","주택형","84A","1","Y"
"2022","160","부산 부산진구","20220509","20220516","14","20220518","20220511","군인특별공급 초읍 ","1","0","1","1","주택형","59A","2","Y"
"2022","159","충북 제천시","20220503","20220509","14","20220511","20220506","군인특별공급 장락동","1","0","1","1","주택형","84A","5","Y"
"2022","159","충북 제천시","20220503","20220509","14","20220511","20220506","군인특별공급 장락동","1","0","1","1","주택형","84C","5","Y"
"2022","159","충북 제천시","20220503","20220509","14","20220511","20220506","군인특별공급 장락동","1","0","1","1","주택형","84B","1","Y"
"2022","221","경북 구미시","20220624","20220704","14","20220706","20220630","군인특별공급 구미 ","1","0","1","1","주택형","84B","5","Y"
"2022","221","경북 구미시","20220624","20220704","14","20220706","20220630","군인특별공급 구미 ","1","0","1","1","주택형","84A","7","Y"
"2022","220","대구 남구","20220624","20220711","14","20220715","20220707","군인특별공급 힐스테","1","0","1","1","주택형","84B","3","Y"
"2022","220","대구 남구","20220624","20220711","14","20220715","20220707","군인특별공급 힐스테","1","0","1","1","주택형","84A","3","Y"
"2022","220","대구 남구","20220624","20220711","14","20220715","20220707","군인특별공급 힐스테","1","0","1","1","주택형","84D","2","Y"
"2022","220","대구 남구","20220624","20220711","14","20220715","20220707","군인특별공급 힐스테","1","0","1","1","주택형","84C","2","Y"
"2022","219","울산 울주군","20220624","20220706","14","20220708","20220630","군인특별공급 e편한","1","0","1","1","주택형","68A","1","Y"
"2022","219","울산 울주군","20220624","20220706","14","20220708","20220630","군인특별공급 e편한","1","0","1","1","주택형","84B","3","Y"
"2022","219","울산 울주군","20220624","20220706","14","20220708","20220630","군인특별공급 e편한","1","0","1","1","주택형","84A","2","Y"
"2022","218","경기 남양주시","20220624","20220711","14","20220713","20220708","청약자격확인 빌리브","1","0","1","1","주택형","청약자격확인","7","Y"
"2022","217","경기 남양주시","20220624","20220711","14","20220713","20220708","군인특별공급 빌리브","1","0","1","1","주택형","84B","2","Y"
"2022","216","경기 양평군","20220623","20220624","09","20220624","20220617","청약자격확인 양평 ","1","0","1","1","청약자격확인","청약자격확인","12","Y"
"2022","215","대구 수성구","20220620","20220629","14","20220701","20220624","군인특별공급 시지삼","1","0","1","1","주택형","84","5","Y"
"2022","215","대구 수성구","20220620","20220629","14","20220701","20220624","군인특별공급 시지삼","1","0","1","1","주택형","76","1","Y"
"2022","214","대전 동구","20220620","20220629","14","20220630","20220624","군인특별공급 대전천","1","1","0","0","주택형","51A","1","Y"
"2022","214","대전 동구","20220620","20220629","14","20220630","20220624","군인특별공급 대전천","1","1","0","0","주택형","59D","1","Y"
"2022","213","강원 춘천시","20220620","20220704","14","20220705","20220630","군인특별공급 춘천 ","1","0","1","1","주택형","84B","1","Y"
"2022","213","강원 춘천시","20220620","20220704","14","20220705","20220630","군인특별공급 춘천 ","1","0","1","1","주택형","84A","1","Y"
"2022","212","경기 의정부시","20220620","20220622","14","20220623","20220617","청약자격확인 힐스테","1","0","1","1","주택형","청약자격확인","19","Y"
"2022","211","부산 강서구","20220617","20220628","14","20220630","20220624","군인특별공급 e편한","1","1","0","0","주택형","79A","1","Y"
"2022","211","부산 강서구","20220617","20220628","14","20220630","20220624","군인특별공급 e편한","1","1","0","0","주택형","84C","1","Y"
"2022","211","부산 강서구","20220617","20220628","14","20220630","20220624","군인특별공급 e편한","1","1","0","0","주택형","84A","3","Y"
"2022","211","부산 강서구","20220617","20220628","14","20220630","20220624","군인특별공급 e편한","1","1","0","0","주택형","79B","1","Y"
"2022","210","(분양일정취소)경기","20220617","20220628","14","20220629","20220624","(분양일정취소)군인","1","0","1","1","주택형","84B","1","Y"
"2022","210","(분양일정취소)경기","20220617","20220628","14","20220629","20220624","(분양일정취소)군인","1","0","1","1","주택형","84A","4","Y"
"2022","209","(분양일정취소)경기","20220617","20220628","14","20220629","20220624","(분양일정취소)군인","1","0","1","1","주택형","84A","2","Y"
"2022","209","(분양일정취소)경기","20220617","20220628","14","20220629","20220624","(분양일정취소)군인","1","0","1","1","주택형","74A","1","Y"
"2022","208","경기 양주시","20220617","20220621","14","20220621","20220615","청약자격확인 양주회","1","1","0","0","주택형","청약자격확인","8","Y"
"2022","207","경남 거창군","20220617","20220624","14","20220627","20220623","군인특별공급 더샵 ","1","0","1","1","주택형","84A","3","Y"
"2022","207","경남 거창군","20220617","20220624","14","20220627","20220623","군인특별공급 더샵 ","1","0","1","1","주택형","84B","1","Y"
"2022","206","경기 시흥시","20220617","20220627","14","20220629","20220622","청약자격확인 시흥 ","1","0","1","1","주택형","청약자격확인","2","Y"
"2022","205","경기 시흥시","20220617","20220627","14","20220629","20220622","군인특별공급 시흥 ","1","0","1","1","주택형","84C","1","Y"
"2022","204","경북 구미시","20220616","20220620","14","20220622","20220617","군인특별공급 구미 ","1","0","1","1","주택형","84A","5","Y"
"2022","204","경북 구미시","20220616","20220620","14","20220622","20220617","군인특별공급 구미 ","1","0","1","1","주택형","84C","5","Y"
"2022","204","경북 구미시","20220616","20220620","14","20220622","20220617","군인특별공급 구미 ","1","0","1","1","주택형","84B","7","Y"
"2022","203","충남 아산시","20220616","20220620","14","20220623","20220616","군인특별공급 아산배","1","0","1","1","주택형","84F","1","Y"
"2022","203","충남 아산시","20220616","20220620","14","20220623","20220616","군인특별공급 아산배","1","0","1","1","주택형","84B","1","Y"
"2022","202","경기 양평군","20220613","20220620","14","20220621","20220617","군인특별공급 양평 ","1","0","1","1","주택형","74A","1","Y"
"2022","202","경기 양평군","20220613","20220620","14","20220621","20220617","군인특별공급 양평 ","1","0","1","1","주택형","84C","1","Y"
"2022","202","경기 양평군","20220613","20220620","14","20220621","20220617","군인특별공급 양평 ","1","0","1","1","주택형","84B","1","Y"
"2022","202","경기 양평군","20220613","20220620","14","20220621","20220617","군인특별공급 양평 ","1","0","1","1","주택형","84A","4","Y"
"2022","201","경기 파주시","20220613","20220614","10","20220615","20220610","군인특별공급 파주운","1","0","1","1","주택형","61B","1","Y"
"2022","200","경기 양주시","20220613","20220620","14","20220622","20220617","청약자격확인 장흥역","1","0","1","1","주택형","청약자격확인","13","Y"
"2022","199","경기 양주시","20220613","20220620","14","20220622","20220617","군인특별공급 장흥역","1","0","1","1","주택형","84B","1","Y"
"2022","199","경기 양주시","20220613","20220620","14","20220622","20220617","군인특별공급 장흥역","1","0","1","1","주택형","84A","6","Y"
"2022","198","광주 서구","20220613","20220627","14","20220629","20220623","군인특별공급 광주 ","1","0","1","1","주택형","66B","1","Y"
"2022","197","경북 포항시","20220613","20220617","14","20220620","20220616","군인특별공급 삼구트","1","0","1","1","주택형","84A","7","Y"
"2022","197","경북 포항시","20220613","20220617","14","20220620","20220616","군인특별공급 삼구트","1","0","1","1","주택형","84C","1","Y"
"2022","197","경북 포항시","20220613","20220617","14","20220620","20220616","군인특별공급 삼구트","1","0","1","1","주택형","84B","2","Y"
"2022","196","대전 동구","20220613","20220624","14","20220627","20220623","군인특별공급 대전 ","1","0","1","1","주택형","84A","1","Y"
"2022","196","대전 동구","20220613","20220624","14","20220627","20220623","군인특별공급 대전 ","1","0","1","1","주택형","84C","1","Y"
"2022","195","경기 의정부시","20220613","20220620","14","20220621","20220616","청약자격확인 의정부","1","0","1","1","주택형","청약자격확인","2","Y"
"2022","194","경기 의정부시","20220613","20220620","14","20220621","20220616","군인특별공급 의정부","1","0","1","1","주택형","84A","2","Y"
"2022","193","경기 고양시","20220613","20220616","14","20220617","20220613","청약자격확인 e편한","1","0","1","1","주택형","청자격확인","8","Y"
"2022","192","경기 고양시","20220613","20220616","14","20220617","20220613","군인특별공급 e편한","1","0","1","1","주택형","84A","2","Y"
"2022","192","경기 고양시","20220613","20220616","14","20220617","20220613","군인특별공급 e편한","1","0","1","1","주택형","84B","1","Y"
"2022","192","경기 고양시","20220613","20220616","14","20220617","20220613","군인특별공급 e편한","1","0","1","1","주택형","84C","2","Y"
"2022","191","경기 파주시","20220607","20220613","14","20220615","20220610","군인특별공급 파주운","1","0","1","1","주택형","59C","1","Y"
"2022","191","경기 파주시","20220607","20220613","14","20220615","20220610","군인특별공급 파주운","1","0","1","1","주택형","59B","1","Y"
"2022","191","경기 파주시","20220607","20220613","14","20220615","20220610","군인특별공급 파주운","1","0","1","1","주택형","84A","2","Y"
"2022","191","경기 파주시","20220607","20220613","14","20220615","20220610","군인특별공급 파주운","1","0","1","1","주택형","59A","1","Y"
"2022","191","경기 파주시","20220607","20220613","14","20220615","20220610","군인특별공급 파주운","1","0","1","1","주택형","84B","1","Y"
"2022","191","경기 파주시","20220607","20220613","14","20220615","20220610","군인특별공급 파주운","1","0","1","1","주택형","58B","1","N"
"2022","190","경기 파주시","20220607","20220613","14","20220615","20220610","군인특별공급 파주운","1","0","1","1","주택형","84A","2","Y"
"2022","190","경기 파주시","20220607","20220613","14","20220615","20220610","군인특별공급 파주운","1","0","1","1","주택형","59A","1","Y"
"2022","189","경기 파주시","20220607","20220613","14","20220615","20220610","군인특별공급 파주운","1","0","1","1","주택형","61B","1","Y"
"2022","189","경기 파주시","20220607","20220613","14","20220615","20220610","군인특별공급 파주운","1","0","1","1","주택형","84B","1","Y"
"2022","189","경기 파주시","20220607","20220613","14","20220615","20220610","군인특별공급 파주운","1","0","1","1","주택형","84A","1","Y"
"2022","188","경기 파주시","20220607","20220613","14","20220615","20220610","군인특별공급 파주운","1","0","1","1","주택형","84A","1","Y"
"2021","81","인천 서구","20210406","20210420","14","20210423","20210414","군인특별공급 인천 ","1","0","1","1","주택형","59B","1","N"
"2021","80","인천 서구","20210406","20210420","14","20210423","20210414","군인특별공급 검단신","1","0","1","1","주택형","59A","4","N"
"2021","80","인천 서구","20210406","20210420","14","20210423","20210414","군인특별공급 검단신","1","0","1","1","주택형","59B","2","N"
"2021","80","인천 서구","20210406","20210420","14","20210423","20210414","군인특별공급 검단신","1","0","1","1","주택형","59B예비","4","Y"
"2021","80","인천 서구","20210406","20210420","14","20210423","20210414","군인특별공급 검단신","1","0","1","1","취소","취소","0","Y"
"2021","80","인천 서구","20210406","20210420","14","20210423","20210414","군인특별공급 검단신","1","0","1","1","주택형","59A예비","4","Y"
"2021","80","인천 서구","20210406","20210420","14","20210423","20210414","군인특별공급 검단신","1","0","1","1","주택형","84A","3","N"
"2021","79","경남 거제시","20210406","20210426","14","20210531","20210408","(일정미정)군인특별","1","0","1","1","주택형","74A","5","Y"
"2021","79","경남 거제시","20210406","20210426","14","20210531","20210408","(일정미정)군인특별","1","0","1","1","주택형","74B","1","Y"
"2021","79","경남 거제시","20210406","20210426","14","20210531","20210408","(일정미정)군인특별","1","0","1","1","주택형","84D","4","Y"
"2021","79","경남 거제시","20210406","20210426","14","20210531","20210408","(일정미정)군인특별","1","0","1","1","주택형","84B","8","Y"
"2021","79","경남 거제시","20210406","20210426","14","20210531","20210408","(일정미정)군인특별","1","0","1","1","주택형","84C","3","Y"
"2021","79","경남 거제시","20210406","20210426","14","20210531","20210408","(일정미정)군인특별","1","0","1","1","주택형","84A","7","Y"
"2021","78","서울 중구","20210406","20210510","14","20210512","20210504","군인특별공급 세운 ","1","0","1","1","주택형","24A","2","N"
"2021","78","서울 중구","20210406","20210510","14","20210512","20210504","군인특별공급 세운 ","1","0","1","1","취소","취소","0","Y"
"2021","78","서울 중구","20210406","20210510","14","20210512","20210504","군인특별공급 세운 ","1","0","1","1","주택형","29A","1","N"
"2021","78","서울 중구","20210406","20210510","14","20210512","20210504","군인특별공급 세운 ","1","0","1","1","주택형","28A","1","N"
"2021","77","강원 정선군","20210406","20210426","14","20210430","20210409","군인특별공급 정선 ","1","0","1","1","주택형","84A","1","Y"
"2021","77","강원 정선군","20210406","20210426","14","20210430","20210409","군인특별공급 정선 ","1","0","1","1","주택형","59B","1","Y"
"2021","77","강원 정선군","20210406","20210426","14","20210430","20210409","군인특별공급 정선 ","1","0","1","1","주택형","59A","1","Y"
"2021","76","부산 사상구","20210406","20210412","14","20210416","20210409","군인특별공급 사상역","1","0","1","1","주택형","80","1","Y"
"2021","76","부산 사상구","20210406","20210412","14","20210416","20210409","군인특별공급 사상역","1","0","1","1","주택형","49","1","Y"
"2021","76","부산 사상구","20210406","20210412","14","20210416","20210409","군인특별공급 사상역","1","0","1","1","주택형","69","1","Y"
"2021","76","부산 사상구","20210406","20210412","14","20210416","20210409","군인특별공급 사상역","1","0","1","1","주택형","74","1","Y"
"2021","75","대구 중구","20210406","20210412","14","20210416","20210408","군인특별공급 대구역","1","0","1","1","주택형","84B","2","Y"
"2021","75","대구 중구","20210406","20210412","14","20210416","20210408","군인특별공급 대구역","1","0","1","1","주택형","84A","2","Y"
"2021","74","경기 파주시","20210405","20210412","14","20210416","20210407","청약자격확인 파주운","1","1","0","0","자격확인","자격확인","30","N"
"2021","74","경기 파주시","20210405","20210412","14","20210416","20210407","청약자격확인 파주운","1","1","0","0","자격확인","자격확인","20","Y"
"2021","73","전남 광양시","20210329","20210405","14","20210409","20210401","군인특별공급 광양 ","1","0","1","1","주택형","84A","4","Y"
"2021","72","대구 수성구","20210329","20210405","14","20210409","20210402","군인특별공급 호반써","1","0","1","1","주택형","84A","1","Y"
"2021","72","대구 수성구","20210329","20210405","14","20210409","20210402","군인특별공급 호반써","1","0","1","1","주택형","84C","1","Y"
"2021","72","대구 수성구","20210329","20210405","14","20210409","20210402","군인특별공급 호반써","1","0","1","1","주택형","84B","1","Y"
"2021","71","경기 용인시","20210329","20210405","14","20210409","20210329","군인특별공급 용인 ","1","0","1","1","주택형","51B","1","Y"
"2021","71","경기 용인시","20210329","20210405","14","20210409","20210329","군인특별공급 용인 ","1","0","1","1","주택형","59A","5","Y"
"2021","71","경기 용인시","20210329","20210405","14","20210409","20210329","군인특별공급 용인 ","1","0","1","1","주택형","84","1","Y"
"2021","71","경기 용인시","20210329","20210405","14","20210409","20210329","군인특별공급 용인 ","1","0","1","1","주택형","74","2","Y"
"2021","71","경기 용인시","20210329","20210405","14","20210409","20210329","군인특별공급 용인 ","1","0","1","1","주택형","59B","5","Y"
"2021","70","경남 창원시","20210323","20210401","14","20210409","20210331","군인특별공급 창원가","1","1","0","0","주택형","59C","1","Y"
"2021","70","경남 창원시","20210323","20210401","14","20210409","20210331","군인특별공급 창원가","1","1","0","0","주택형","59B","1","Y"
"2021","69","경기 파주시","20210323","20210412","14","20210416","20210407","(일정변경)군인특별","1","1","0","0","주택형","84A","1","Y"
"2021","68","강원 원주시","20210323","20210329","14","20210402","20210325","군인특별공급 원주흥","1","1","0","0","주택형","74C","1","Y"
"2021","67","대구 달서구","20210323","20210402","14","20210409","20210331","군인특별공급 한양수","1","0","1","1","주택형","68A","2","Y"
"2021","67","대구 달서구","20210323","20210402","14","20210409","20210331","군인특별공급 한양수","1","0","1","1","주택형","68B","2","Y"
"2021","67","대구 달서구","20210323","20210402","14","20210409","20210331","군인특별공급 한양수","1","0","1","1","주택형","84B","2","Y"
"2021","67","대구 달서구","20210323","20210402","14","20210409","20210331","군인특별공급 한양수","1","0","1","1","주택형","84A","3","Y"
"2021","67","대구 달서구","20210323","20210402","14","20210409","20210331","군인특별공급 한양수","1","0","1","1","주택형","68C","1","Y"
"2021","66","충남 천안시","20210323","20210331","14","20210406","20210329","군인특별공급 천안 ","1","0","1","1","주택형","59","10","Y"
"2021","66","충남 천안시","20210323","20210331","14","20210406","20210329","군인특별공급 천안 ","1","0","1","1","주택형","75","10","Y"
"2021","66","충남 천안시","20210323","20210331","14","20210406","20210329","군인특별공급 천안 ","1","0","1","1","주택형","84D","11","Y"
"2021","66","충남 천안시","20210323","20210331","14","20210406","20210329","군인특별공급 천안 ","1","0","1","1","주택형","84B","10","Y"
"2021","66","충남 천안시","20210323","20210331","14","20210406","20210329","군인특별공급 천안 ","1","0","1","1","주택형","84C","11","Y"
"2021","66","충남 천안시","20210323","20210331","14","20210406","20210329","군인특별공급 천안 ","1","0","1","1","주택형","84A","10","Y"
"2021","65","대구 동구","20210323","20210330","14","20210402","20210326","군인특별공급 동대구","1","0","1","1","주택형","84B","2","Y"
"2021","65","대구 동구","20210323","20210330","14","20210402","20210326","군인특별공급 동대구","1","0","1","1","주택형","84A","7","Y"
"2021","64","대구 동구","20210323","20210329","14","20210402","20210325","군인특별공급 대구 ","1","0","1","1","주택형","84B","3","Y"
"2021","64","대구 동구","20210323","20210329","14","20210402","20210325","군인특별공급 대구 ","1","0","1","1","주택형","84A","10","Y"
"2021","63","강원 속초시","20210323","20210503","14","20210507","20210331","(일정미정 추후재진","1","0","1","1","취소","취소","0","Y"
"2021","63","강원 속초시","20210323","20210503","14","20210507","20210331","(일정미정 추후재진","1","0","1","1","주택형","84B","1","N"
"2021","63","강원 속초시","20210323","20210503","14","20210507","20210331","(일정미정 추후재진","1","0","1","1","주택형","73C","1","Y"
"2021","63","강원 속초시","20210323","20210503","14","20210507","20210331","(일정미정 추후재진","1","0","1","1","주택형","76B","1","N"
"2021","62","대구 중구","20210323","20210329","14","20210402","20210325","군인특별공급 힐스테","1","0","1","1","주택형","84A","2","Y"
"2021","62","대구 중구","20210323","20210329","14","20210402","20210325","군인특별공급 힐스테","1","0","1","1","주택형","84B","1","Y"
"2021","62","대구 중구","20210323","20210329","14","20210402","20210325","군인특별공급 힐스테","1","0","1","1","주택형","84F","1","Y"
"2021","62","대구 중구","20210323","20210329","14","20210402","20210325","군인특별공급 힐스테","1","0","1","1","주택형","84D","1","Y"
"2021","62","대구 중구","20210323","20210329","14","20210402","20210325","군인특별공급 힐스테","1","0","1","1","주택형","84E","1","Y"
"2021","62","대구 중구","20210323","20210329","14","20210402","20210325","군인특별공급 힐스테","1","0","1","1","주택형","84C","1","Y"
"2021","61","울산 울주군","20210323","20210329","14","20210402","20210325","군인특별공급 울산 ","1","0","1","1","주택형","59A","2","Y"
