기간,잠정치,구분,부문,시도,착공실적_호
2021-09,,총계,총계,전국,47120
2021-09,,총계,총계,서울,5077
2021-09,,총계,총계,인천,1519
2021-09,,총계,총계,경기,17826
2021-09,,총계,총계,부산,2669
2021-09,,총계,총계,대구,2596
2021-09,,총계,총계,광주,114
2021-09,,총계,총계,대전,233
2021-09,,총계,총계,울산,54
2021-09,,총계,총계,세종,60
2021-09,,총계,총계,강원,3599
2021-09,,총계,총계,충북,3263
2021-09,,총계,총계,충남,2226
2021-09,,총계,총계,전북,274
2021-09,,총계,총계,전남,2928
2021-09,,총계,총계,경북,2459
2021-09,,총계,총계,경남,1976
2021-09,,총계,총계,제주,247
2021-09,,공공부문,소계,전국,189
2021-09,,공공부문,소계,서울,0
2021-09,,공공부문,소계,인천,0
2021-09,,공공부문,소계,경기,0
2021-09,,공공부문,소계,부산,0
2021-09,,공공부문,소계,대구,0
2021-09,,공공부문,소계,광주,0
2021-09,,공공부문,소계,대전,0
2021-09,,공공부문,소계,울산,0
2021-09,,공공부문,소계,세종,0
2021-09,,공공부문,소계,강원,189
2021-09,,공공부문,소계,충북,0
2021-09,,공공부문,소계,충남,0
2021-09,,공공부문,소계,전북,0
2021-09,,공공부문,소계,전남,0
2021-09,,공공부문,소계,경북,0
2021-09,,공공부문,소계,경남,0
2021-09,,공공부문,소계,제주,0
2021-09,,합,국민임대,전국,189
2021-09,,합,국민임대,서울,0
2021-09,,합,국민임대,인천,0
2021-09,,합,국민임대,경기,0
2021-09,,합,국민임대,부산,0
2021-09,,합,국민임대,대구,0
2021-09,,합,국민임대,광주,0
2021-09,,합,국민임대,대전,0
2021-09,,합,국민임대,울산,0
2021-09,,합,국민임대,세종,0
2021-09,,합,국민임대,강원,189
2021-09,,합,국민임대,충북,0
2021-09,,합,국민임대,충남,0
2021-09,,합,국민임대,전북,0
2021-09,,합,국민임대,전남,0
2021-09,,합,국민임대,경북,0
2021-09,,합,국민임대,경남,0
2021-09,,합,국민임대,제주,0
2021-09,,합,공공임대,전국,0
2021-09,,합,공공임대,서울,0
2021-09,,합,공공임대,인천,0
2021-09,,합,공공임대,경기,0
2021-09,,합,공공임대,부산,0
2021-09,,합,공공임대,대구,0
2021-09,,합,공공임대,광주,0
2021-09,,합,공공임대,대전,0
2021-09,,합,공공임대,울산,0
2021-09,,합,공공임대,세종,0
2021-09,,합,공공임대,강원,0
2021-09,,합,공공임대,충북,0
2021-09,,합,공공임대,충남,0
2021-09,,합,공공임대,전북,0
2021-09,,합,공공임대,전남,0
2021-09,,합,공공임대,경북,0
2021-09,,합,공공임대,경남,0
2021-09,,합,공공임대,제주,0
2021-09,,합,공공분양,전국,0
2021-09,,합,공공분양,서울,0
2021-09,,합,공공분양,인천,0
2021-09,,합,공공분양,경기,0
2021-09,,합,공공분양,부산,0
2021-09,,합,공공분양,대구,0
2021-09,,합,공공분양,광주,0
2021-09,,합,공공분양,대전,0
2021-09,,합,공공분양,울산,0
2021-09,,합,공공분양,세종,0
2021-09,,합,공공분양,강원,0
2021-09,,합,공공분양,충북,0
2021-09,,합,공공분양,충남,0
2021-09,,합,공공분양,전북,0
2021-09,,합,공공분양,전남,0
2021-09,,합,공공분양,경북,0
2021-09,,합,공공분양,경남,0
2021-09,,합,공공분양,제주,0
2021-09,,지자체,소계,전국,0
2021-09,,지자체,소계,서울,0
2021-09,,지자체,소계,인천,0
2021-09,,지자체,소계,경기,0
2021-09,,지자체,소계,부산,0
2021-09,,지자체,소계,대구,0
2021-09,,지자체,소계,광주,0
2021-09,,지자체,소계,대전,0
2021-09,,지자체,소계,울산,0
2021-09,,지자체,소계,세종,0
2021-09,,지자체,소계,강원,0
2021-09,,지자체,소계,충북,0
2021-09,,지자체,소계,충남,0
2021-09,,지자체,소계,전북,0
2021-09,,지자체,소계,전남,0
2021-09,,지자체,소계,경북,0
2021-09,,지자체,소계,경남,0
2021-09,,지자체,소계,제주,0
2021-09,,지자체,국민임대,전국,0
2021-09,,지자체,국민임대,서울,0
2021-09,,지자체,국민임대,인천,0
2021-09,,지자체,국민임대,경기,0
2021-09,,지자체,국민임대,부산,0
2021-09,,지자체,국민임대,대구,0
2021-09,,지자체,국민임대,광주,0
2021-09,,지자체,국민임대,대전,0
2021-09,,지자체,국민임대,울산,0
2021-09,,지자체,국민임대,세종,0
2021-09,,지자체,국민임대,강원,0
2021-09,,지자체,국민임대,충북,0
2021-09,,지자체,국민임대,충남,0
2021-09,,지자체,국민임대,전북,0
2021-09,,지자체,국민임대,전남,0
2021-09,,지자체,국민임대,경북,0
2021-09,,지자체,국민임대,경남,0
2021-09,,지자체,국민임대,제주,0
2021-09,,지자체,공공임대,전국,0
2021-09,,지자체,공공임대,서울,0
2021-09,,지자체,공공임대,인천,0
2021-09,,지자체,공공임대,경기,0
2021-09,,지자체,공공임대,부산,0
2021-09,,지자체,공공임대,대구,0
2021-09,,지자체,공공임대,광주,0
2021-09,,지자체,공공임대,대전,0
2021-09,,지자체,공공임대,울산,0
2021-09,,지자체,공공임대,세종,0
2021-09,,지자체,공공임대,강원,0
2021-09,,지자체,공공임대,충북,0
2021-09,,지자체,공공임대,충남,0
2021-09,,지자체,공공임대,전북,0
2021-09,,지자체,공공임대,전남,0
2021-09,,지자체,공공임대,경북,0
2021-09,,지자체,공공임대,경남,0
2021-09,,지자체,공공임대,제주,0
2021-09,,지자체,공공분양,전국,0
2021-09,,지자체,공공분양,서울,0
2021-09,,지자체,공공분양,인천,0
2021-09,,지자체,공공분양,경기,0
2021-09,,지자체,공공분양,부산,0
2021-09,,지자체,공공분양,대구,0
2021-09,,지자체,공공분양,광주,0
2021-09,,지자체,공공분양,대전,0
2021-09,,지자체,공공분양,울산,0
2021-09,,지자체,공공분양,세종,0
2021-09,,지자체,공공분양,강원,0
2021-09,,지자체,공공분양,충북,0
2021-09,,지자체,공공분양,충남,0
2021-09,,지자체,공공분양,전북,0
2021-09,,지자체,공공분양,전남,0
2021-09,,지자체,공공분양,경북,0
2021-09,,지자체,공공분양,경남,0
2021-09,,지자체,공공분양,제주,0
2021-09,,LH,소계,전국,189
2021-09,,LH,소계,서울,0
2021-09,,LH,소계,인천,0
2021-09,,LH,소계,경기,0
2021-09,,LH,소계,부산,0
2021-09,,LH,소계,대구,0
2021-09,,LH,소계,광주,0
2021-09,,LH,소계,대전,0
2021-09,,LH,소계,울산,0
2021-09,,LH,소계,세종,0
2021-09,,LH,소계,강원,189
2021-09,,LH,소계,충북,0
2021-09,,LH,소계,충남,0
2021-09,,LH,소계,전북,0
2021-09,,LH,소계,전남,0
2021-09,,LH,소계,경북,0
2021-09,,LH,소계,경남,0
2021-09,,LH,소계,제주,0
2021-09,,LH,국민임대,전국,189
2021-09,,LH,국민임대,서울,0
2021-09,,LH,국민임대,인천,0
2021-09,,LH,국민임대,경기,0
2021-09,,LH,국민임대,부산,0
2021-09,,LH,국민임대,대구,0
2021-09,,LH,국민임대,광주,0
2021-09,,LH,국민임대,대전,0
2021-09,,LH,국민임대,울산,0
2021-09,,LH,국민임대,세종,0
2021-09,,LH,국민임대,강원,189
2021-09,,LH,국민임대,충북,0
2021-09,,LH,국민임대,충남,0
2021-09,,LH,국민임대,전북,0
2021-09,,LH,국민임대,전남,0
2021-09,,LH,국민임대,경북,0
2021-09,,LH,국민임대,경남,0
2021-09,,LH,국민임대,제주,0
2021-09,,LH,공공임대,전국,0
2021-09,,LH,공공임대,서울,0
2021-09,,LH,공공임대,인천,0
2021-09,,LH,공공임대,경기,0
2021-09,,LH,공공임대,부산,0
2021-09,,LH,공공임대,대구,0
2021-09,,LH,공공임대,광주,0
2021-09,,LH,공공임대,대전,0
2021-09,,LH,공공임대,울산,0
2021-09,,LH,공공임대,세종,0
2021-09,,LH,공공임대,강원,0
2021-09,,LH,공공임대,충북,0
2021-09,,LH,공공임대,충남,0
2021-09,,LH,공공임대,전북,0
2021-09,,LH,공공임대,전남,0
2021-09,,LH,공공임대,경북,0
2021-09,,LH,공공임대,경남,0
2021-09,,LH,공공임대,제주,0
2021-09,,LH,공공분양,전국,0
2021-09,,LH,공공분양,서울,0
2021-09,,LH,공공분양,인천,0
2021-09,,LH,공공분양,경기,0
2021-09,,LH,공공분양,부산,0
2021-09,,LH,공공분양,대구,0
2021-09,,LH,공공분양,광주,0
2021-09,,LH,공공분양,대전,0
2021-09,,LH,공공분양,울산,0
2021-09,,LH,공공분양,세종,0
2021-09,,LH,공공분양,강원,0
2021-09,,LH,공공분양,충북,0
2021-09,,LH,공공분양,충남,0
2021-09,,LH,공공분양,전북,0
2021-09,,LH,공공분양,전남,0
2021-09,,LH,공공분양,경북,0
2021-09,,LH,공공분양,경남,0
2021-09,,LH,공공분양,제주,0
2021-09,,주택업체,소계,전국,0
2021-09,,주택업체,소계,서울,0
2021-09,,주택업체,소계,인천,0
2021-09,,주택업체,소계,경기,0
2021-09,,주택업체,소계,부산,0
2021-09,,주택업체,소계,대구,0
2021-09,,주택업체,소계,광주,0
2021-09,,주택업체,소계,대전,0
2021-09,,주택업체,소계,울산,0
2021-09,,주택업체,소계,세종,0
2021-09,,주택업체,소계,강원,0
2021-09,,주택업체,소계,충북,0
2021-09,,주택업체,소계,충남,0
2021-09,,주택업체,소계,전북,0
2021-09,,주택업체,소계,전남,0
2021-09,,주택업체,소계,경북,0
2021-09,,주택업체,소계,경남,0
2021-09,,주택업체,소계,제주,0
2021-09,,주택업체,국민임대,전국,0
2021-09,,주택업체,국민임대,서울,0
2021-09,,주택업체,국민임대,인천,0
2021-09,,주택업체,국민임대,경기,0
2021-09,,주택업체,국민임대,부산,0
2021-09,,주택업체,국민임대,대구,0
2021-09,,주택업체,국민임대,광주,0
2021-09,,주택업체,국민임대,대전,0
2021-09,,주택업체,국민임대,울산,0
2021-09,,주택업체,국민임대,세종,0
2021-09,,주택업체,국민임대,강원,0
2021-09,,주택업체,국민임대,충북,0
2021-09,,주택업체,국민임대,충남,0
2021-09,,주택업체,국민임대,전북,0
2021-09,,주택업체,국민임대,전남,0
2021-09,,주택업체,국민임대,경북,0
2021-09,,주택업체,국민임대,경남,0
2021-09,,주택업체,국민임대,제주,0
2021-09,,주택업체,공공임대,전국,0
2021-09,,주택업체,공공임대,서울,0
2021-09,,주택업체,공공임대,인천,0
2021-09,,주택업체,공공임대,경기,0
2021-09,,주택업체,공공임대,부산,0
2021-09,,주택업체,공공임대,대구,0
2021-09,,주택업체,공공임대,광주,0
2021-09,,주택업체,공공임대,대전,0
2021-09,,주택업체,공공임대,울산,0
2021-09,,주택업체,공공임대,세종,0
2021-09,,주택업체,공공임대,강원,0
2021-09,,주택업체,공공임대,충북,0
2021-09,,주택업체,공공임대,충남,0
2021-09,,주택업체,공공임대,전북,0
2021-09,,주택업체,공공임대,전남,0
2021-09,,주택업체,공공임대,경북,0
2021-09,,주택업체,공공임대,경남,0
2021-09,,주택업체,공공임대,제주,0
2021-09,,주택업체,공공분양,전국,0
2021-09,,주택업체,공공분양,서울,0
2021-09,,주택업체,공공분양,인천,0
2021-09,,주택업체,공공분양,경기,0
2021-09,,주택업체,공공분양,부산,0
2021-09,,주택업체,공공분양,대구,0
2021-09,,주택업체,공공분양,광주,0
2021-09,,주택업체,공공분양,대전,0
2021-09,,주택업체,공공분양,울산,0
2021-09,,주택업체,공공분양,세종,0
2021-09,,주택업체,공공분양,강원,0
2021-09,,주택업체,공공분양,충북,0
2021-09,,주택업체,공공분양,충남,0
2021-09,,주택업체,공공분양,전북,0
2021-09,,주택업체,공공분양,전남,0
2021-09,,주택업체,공공분양,경북,0
2021-09,,주택업체,공공분양,경남,0
2021-09,,주택업체,공공분양,제주,0
2021-09,,민간부문,소계,전국,46931
2021-09,,민간부문,소계,서울,5077
2021-09,,민간부문,소계,인천,1519
2021-09,,민간부문,소계,경기,17826
2021-09,,민간부문,소계,부산,2669
2021-09,,민간부문,소계,대구,2596
2021-09,,민간부문,소계,광주,114
2021-09,,민간부문,소계,대전,233
2021-09,,민간부문,소계,울산,54
2021-09,,민간부문,소계,세종,60
2021-09,,민간부문,소계,강원,3410
2021-09,,민간부문,소계,충북,3263
2021-09,,민간부문,소계,충남,2226
2021-09,,민간부문,소계,전북,274
2021-09,,민간부문,소계,전남,2928
2021-09,,민간부문,소계,경북,2459
2021-09,,민간부문,소계,경남,1976
2021-09,,민간부문,소계,제주,247
2021-09,,민간,민간임대,전국,3250
2021-09,,민간,민간임대,서울,576
2021-09,,민간,민간임대,인천,0
2021-09,,민간,민간임대,경기,0
2021-09,,민간,민간임대,부산,0
2021-09,,민간,민간임대,대구,0
2021-09,,민간,민간임대,광주,0
2021-09,,민간,민간임대,대전,0
2021-09,,민간,민간임대,울산,0
2021-09,,민간,민간임대,세종,0
2021-09,,민간,민간임대,강원,0
2021-09,,민간,민간임대,충북,2603
2021-09,,민간,민간임대,충남,0
2021-09,,민간,민간임대,전북,0
2021-09,,민간,민간임대,전남,71
2021-09,,민간,민간임대,경북,0
2021-09,,민간,민간임대,경남,0
2021-09,,민간,민간임대,제주,0
2021-09,,민간,민간분양,전국,43681
2021-09,,민간,민간분양,서울,4501
2021-09,,민간,민간분양,인천,1519
2021-09,,민간,민간분양,경기,17826
2021-09,,민간,민간분양,부산,2669
2021-09,,민간,민간분양,대구,2596
2021-09,,민간,민간분양,광주,114
2021-09,,민간,민간분양,대전,233
2021-09,,민간,민간분양,울산,54
2021-09,,민간,민간분양,세종,60
2021-09,,민간,민간분양,강원,3410
2021-09,,민간,민간분양,충북,660
2021-09,,민간,민간분양,충남,2226
2021-09,,민간,민간분양,전북,274
2021-09,,민간,민간분양,전남,2857
2021-09,,민간,민간분양,경북,2459
2021-09,,민간,민간분양,경남,1976
2021-09,,민간,민간분양,제주,247
2021-10,,총계,총계,전국,46087
2021-10,,총계,총계,서울,10180
2021-10,,총계,총계,인천,5860
2021-10,,총계,총계,경기,8511
2021-10,,총계,총계,부산,1762
2021-10,,총계,총계,대구,1932
2021-10,,총계,총계,광주,518
2021-10,,총계,총계,대전,593
2021-10,,총계,총계,울산,163
2021-10,,총계,총계,세종,29
2021-10,,총계,총계,강원,1771
2021-10,,총계,총계,충북,352
2021-10,,총계,총계,충남,2182
2021-10,,총계,총계,전북,1010
2021-10,,총계,총계,전남,1494
2021-10,,총계,총계,경북,5664
2021-10,,총계,총계,경남,3682
2021-10,,총계,총계,제주,384
2021-10,,공공부문,소계,전국,385
2021-10,,공공부문,소계,서울,190
2021-10,,공공부문,소계,인천,0
2021-10,,공공부문,소계,경기,0
2021-10,,공공부문,소계,부산,152
2021-10,,공공부문,소계,대구,0
2021-10,,공공부문,소계,광주,0
2021-10,,공공부문,소계,대전,0
2021-10,,공공부문,소계,울산,43
2021-10,,공공부문,소계,세종,0
2021-10,,공공부문,소계,강원,0
2021-10,,공공부문,소계,충북,0
2021-10,,공공부문,소계,충남,0
2021-10,,공공부문,소계,전북,0
2021-10,,공공부문,소계,전남,0
2021-10,,공공부문,소계,경북,0
2021-10,,공공부문,소계,경남,0
2021-10,,공공부문,소계,제주,0
2021-10,,합,국민임대,전국,94
2021-10,,합,국민임대,서울,94
2021-10,,합,국민임대,인천,0
2021-10,,합,국민임대,경기,0
2021-10,,합,국민임대,부산,0
2021-10,,합,국민임대,대구,0
2021-10,,합,국민임대,광주,0
2021-10,,합,국민임대,대전,0
2021-10,,합,국민임대,울산,0
2021-10,,합,국민임대,세종,0
2021-10,,합,국민임대,강원,0
2021-10,,합,국민임대,충북,0
2021-10,,합,국민임대,충남,0
2021-10,,합,국민임대,전북,0
2021-10,,합,국민임대,전남,0
2021-10,,합,국민임대,경북,0
2021-10,,합,국민임대,경남,0
2021-10,,합,국민임대,제주,0
2021-10,,합,공공임대,전국,291
2021-10,,합,공공임대,서울,96
2021-10,,합,공공임대,인천,0
2021-10,,합,공공임대,경기,0
2021-10,,합,공공임대,부산,152
2021-10,,합,공공임대,대구,0
2021-10,,합,공공임대,광주,0
2021-10,,합,공공임대,대전,0
2021-10,,합,공공임대,울산,43
2021-10,,합,공공임대,세종,0
2021-10,,합,공공임대,강원,0
2021-10,,합,공공임대,충북,0
2021-10,,합,공공임대,충남,0
2021-10,,합,공공임대,전북,0
2021-10,,합,공공임대,전남,0
2021-10,,합,공공임대,경북,0
2021-10,,합,공공임대,경남,0
2021-10,,합,공공임대,제주,0
2021-10,,합,공공분양,전국,0
2021-10,,합,공공분양,서울,0
2021-10,,합,공공분양,인천,0
2021-10,,합,공공분양,경기,0
2021-10,,합,공공분양,부산,0
2021-10,,합,공공분양,대구,0
2021-10,,합,공공분양,광주,0
2021-10,,합,공공분양,대전,0
2021-10,,합,공공분양,울산,0
2021-10,,합,공공분양,세종,0
2021-10,,합,공공분양,강원,0
2021-10,,합,공공분양,충북,0
2021-10,,합,공공분양,충남,0
2021-10,,합,공공분양,전북,0
2021-10,,합,공공분양,전남,0
2021-10,,합,공공분양,경북,0
2021-10,,합,공공분양,경남,0
2021-10,,합,공공분양,제주,0
2021-10,,지자체,소계,전국,0
2021-10,,지자체,소계,서울,0
2021-10,,지자체,소계,인천,0
2021-10,,지자체,소계,경기,0
2021-10,,지자체,소계,부산,0
2021-10,,지자체,소계,대구,0
2021-10,,지자체,소계,광주,0
2021-10,,지자체,소계,대전,0
2021-10,,지자체,소계,울산,0
2021-10,,지자체,소계,세종,0
2021-10,,지자체,소계,강원,0
2021-10,,지자체,소계,충북,0
2021-10,,지자체,소계,충남,0
2021-10,,지자체,소계,전북,0
2021-10,,지자체,소계,전남,0
2021-10,,지자체,소계,경북,0
2021-10,,지자체,소계,경남,0
2021-10,,지자체,소계,제주,0
2021-10,,지자체,국민임대,전국,0
2021-10,,지자체,국민임대,서울,0
2021-10,,지자체,국민임대,인천,0
2021-10,,지자체,국민임대,경기,0
2021-10,,지자체,국민임대,부산,0
2021-10,,지자체,국민임대,대구,0
2021-10,,지자체,국민임대,광주,0
2021-10,,지자체,국민임대,대전,0
2021-10,,지자체,국민임대,울산,0
2021-10,,지자체,국민임대,세종,0
2021-10,,지자체,국민임대,강원,0
2021-10,,지자체,국민임대,충북,0
2021-10,,지자체,국민임대,충남,0
2021-10,,지자체,국민임대,전북,0
2021-10,,지자체,국민임대,전남,0
2021-10,,지자체,국민임대,경북,0
2021-10,,지자체,국민임대,경남,0
2021-10,,지자체,국민임대,제주,0
2021-10,,지자체,공공임대,전국,0
2021-10,,지자체,공공임대,서울,0
2021-10,,지자체,공공임대,인천,0
2021-10,,지자체,공공임대,경기,0
2021-10,,지자체,공공임대,부산,0
2021-10,,지자체,공공임대,대구,0
2021-10,,지자체,공공임대,광주,0
2021-10,,지자체,공공임대,대전,0
2021-10,,지자체,공공임대,울산,0
2021-10,,지자체,공공임대,세종,0
2021-10,,지자체,공공임대,강원,0
2021-10,,지자체,공공임대,충북,0
2021-10,,지자체,공공임대,충남,0
2021-10,,지자체,공공임대,전북,0
2021-10,,지자체,공공임대,전남,0
2021-10,,지자체,공공임대,경북,0
2021-10,,지자체,공공임대,경남,0
2021-10,,지자체,공공임대,제주,0
2021-10,,지자체,공공분양,전국,0
2021-10,,지자체,공공분양,서울,0
2021-10,,지자체,공공분양,인천,0
2021-10,,지자체,공공분양,경기,0
2021-10,,지자체,공공분양,부산,0
2021-10,,지자체,공공분양,대구,0
2021-10,,지자체,공공분양,광주,0
2021-10,,지자체,공공분양,대전,0
2021-10,,지자체,공공분양,울산,0
2021-10,,지자체,공공분양,세종,0
2021-10,,지자체,공공분양,강원,0
2021-10,,지자체,공공분양,충북,0
2021-10,,지자체,공공분양,충남,0
2021-10,,지자체,공공분양,전북,0
2021-10,,지자체,공공분양,전남,0
2021-10,,지자체,공공분양,경북,0
2021-10,,지자체,공공분양,경남,0
2021-10,,지자체,공공분양,제주,0
2021-10,,LH,소계,전국,94
2021-10,,LH,소계,서울,94
2021-10,,LH,소계,인천,0
2021-10,,LH,소계,경기,0
2021-10,,LH,소계,부산,0
2021-10,,LH,소계,대구,0
2021-10,,LH,소계,광주,0
2021-10,,LH,소계,대전,0
2021-10,,LH,소계,울산,0
2021-10,,LH,소계,세종,0
2021-10,,LH,소계,강원,0
2021-10,,LH,소계,충북,0
2021-10,,LH,소계,충남,0
2021-10,,LH,소계,전북,0
2021-10,,LH,소계,전남,0
2021-10,,LH,소계,경북,0
2021-10,,LH,소계,경남,0
2021-10,,LH,소계,제주,0
2021-10,,LH,국민임대,전국,94
2021-10,,LH,국민임대,서울,94
2021-10,,LH,국민임대,인천,0
2021-10,,LH,국민임대,경기,0
2021-10,,LH,국민임대,부산,0
2021-10,,LH,국민임대,대구,0
2021-10,,LH,국민임대,광주,0
2021-10,,LH,국민임대,대전,0
2021-10,,LH,국민임대,울산,0
2021-10,,LH,국민임대,세종,0
2021-10,,LH,국민임대,강원,0
2021-10,,LH,국민임대,충북,0
2021-10,,LH,국민임대,충남,0
2021-10,,LH,국민임대,전북,0
2021-10,,LH,국민임대,전남,0
2021-10,,LH,국민임대,경북,0
2021-10,,LH,국민임대,경남,0
2021-10,,LH,국민임대,제주,0
2021-10,,LH,공공임대,전국,0
2021-10,,LH,공공임대,서울,0
2021-10,,LH,공공임대,인천,0
2021-10,,LH,공공임대,경기,0
2021-10,,LH,공공임대,부산,0
2021-10,,LH,공공임대,대구,0
2021-10,,LH,공공임대,광주,0
2021-10,,LH,공공임대,대전,0
2021-10,,LH,공공임대,울산,0
2021-10,,LH,공공임대,세종,0
2021-10,,LH,공공임대,강원,0
2021-10,,LH,공공임대,충북,0
2021-10,,LH,공공임대,충남,0
2021-10,,LH,공공임대,전북,0
2021-10,,LH,공공임대,전남,0
2021-10,,LH,공공임대,경북,0
2021-10,,LH,공공임대,경남,0
2021-10,,LH,공공임대,제주,0
2021-10,,LH,공공분양,전국,0
2021-10,,LH,공공분양,서울,0
2021-10,,LH,공공분양,인천,0
2021-10,,LH,공공분양,경기,0
2021-10,,LH,공공분양,부산,0
2021-10,,LH,공공분양,대구,0
2021-10,,LH,공공분양,광주,0
2021-10,,LH,공공분양,대전,0
2021-10,,LH,공공분양,울산,0
2021-10,,LH,공공분양,세종,0
2021-10,,LH,공공분양,강원,0
2021-10,,LH,공공분양,충북,0
2021-10,,LH,공공분양,충남,0
2021-10,,LH,공공분양,전북,0
2021-10,,LH,공공분양,전남,0
2021-10,,LH,공공분양,경북,0
2021-10,,LH,공공분양,경남,0
2021-10,,LH,공공분양,제주,0
2021-10,,주택업체,소계,전국,291
2021-10,,주택업체,소계,서울,96
2021-10,,주택업체,소계,인천,0
2021-10,,주택업체,소계,경기,0
2021-10,,주택업체,소계,부산,152
2021-10,,주택업체,소계,대구,0
2021-10,,주택업체,소계,광주,0
2021-10,,주택업체,소계,대전,0
2021-10,,주택업체,소계,울산,43
2021-10,,주택업체,소계,세종,0
2021-10,,주택업체,소계,강원,0
2021-10,,주택업체,소계,충북,0
2021-10,,주택업체,소계,충남,0
2021-10,,주택업체,소계,전북,0
2021-10,,주택업체,소계,전남,0
2021-10,,주택업체,소계,경북,0
2021-10,,주택업체,소계,경남,0
2021-10,,주택업체,소계,제주,0
2021-10,,주택업체,국민임대,전국,0
2021-10,,주택업체,국민임대,서울,0
2021-10,,주택업체,국민임대,인천,0
2021-10,,주택업체,국민임대,경기,0
2021-10,,주택업체,국민임대,부산,0
2021-10,,주택업체,국민임대,대구,0
2021-10,,주택업체,국민임대,광주,0
2021-10,,주택업체,국민임대,대전,0
2021-10,,주택업체,국민임대,울산,0
2021-10,,주택업체,국민임대,세종,0
2021-10,,주택업체,국민임대,강원,0
2021-10,,주택업체,국민임대,충북,0
2021-10,,주택업체,국민임대,충남,0
2021-10,,주택업체,국민임대,전북,0
2021-10,,주택업체,국민임대,전남,0
2021-10,,주택업체,국민임대,경북,0
2021-10,,주택업체,국민임대,경남,0
2021-10,,주택업체,국민임대,제주,0
2021-10,,주택업체,공공임대,전국,291
2021-10,,주택업체,공공임대,서울,96
2021-10,,주택업체,공공임대,인천,0
2021-10,,주택업체,공공임대,경기,0
2021-10,,주택업체,공공임대,부산,152
2021-10,,주택업체,공공임대,대구,0
2021-10,,주택업체,공공임대,광주,0
2021-10,,주택업체,공공임대,대전,0
2021-10,,주택업체,공공임대,울산,43
2021-10,,주택업체,공공임대,세종,0
2021-10,,주택업체,공공임대,강원,0
2021-10,,주택업체,공공임대,충북,0
2021-10,,주택업체,공공임대,충남,0
2021-10,,주택업체,공공임대,전북,0
2021-10,,주택업체,공공임대,전남,0
2021-10,,주택업체,공공임대,경북,0
2021-10,,주택업체,공공임대,경남,0
2021-10,,주택업체,공공임대,제주,0
2021-10,,주택업체,공공분양,전국,0
2021-10,,주택업체,공공분양,서울,0
2021-10,,주택업체,공공분양,인천,0
2021-10,,주택업체,공공분양,경기,0
2021-10,,주택업체,공공분양,부산,0
2021-10,,주택업체,공공분양,대구,0
2021-10,,주택업체,공공분양,광주,0
2021-10,,주택업체,공공분양,대전,0
2021-10,,주택업체,공공분양,울산,0
2021-10,,주택업체,공공분양,세종,0
2021-10,,주택업체,공공분양,강원,0
2021-10,,주택업체,공공분양,충북,0
2021-10,,주택업체,공공분양,충남,0
2021-10,,주택업체,공공분양,전북,0
2021-10,,주택업체,공공분양,전남,0
2021-10,,주택업체,공공분양,경북,0
2021-10,,주택업체,공공분양,경남,0
2021-10,,주택업체,공공분양,제주,0
2021-10,,민간부문,소계,전국,45702
2021-10,,민간부문,소계,서울,9990
2021-10,,민간부문,소계,인천,5860
2021-10,,민간부문,소계,경기,8511
2021-10,,민간부문,소계,부산,1610
2021-10,,민간부문,소계,대구,1932
2021-10,,민간부문,소계,광주,518
2021-10,,민간부문,소계,대전,593
2021-10,,민간부문,소계,울산,120
2021-10,,민간부문,소계,세종,29
2021-10,,민간부문,소계,강원,1771
2021-10,,민간부문,소계,충북,352
2021-10,,민간부문,소계,충남,2182
2021-10,,민간부문,소계,전북,1010
2021-10,,민간부문,소계,전남,1494
2021-10,,민간부문,소계,경북,5664
2021-10,,민간부문,소계,경남,3682
2021-10,,민간부문,소계,제주,384
2021-10,,민간,민간임대,전국,5062
2021-10,,민간,민간임대,서울,2024
2021-10,,민간,민간임대,인천,0
2021-10,,민간,민간임대,경기,466
2021-10,,민간,민간임대,부산,0
2021-10,,민간,민간임대,대구,0
2021-10,,민간,민간임대,광주,0
2021-10,,민간,민간임대,대전,0
2021-10,,민간,민간임대,울산,0
2021-10,,민간,민간임대,세종,0
2021-10,,민간,민간임대,강원,0
2021-10,,민간,민간임대,충북,0
2021-10,,민간,민간임대,충남,406
2021-10,,민간,민간임대,전북,748
2021-10,,민간,민간임대,전남,793
2021-10,,민간,민간임대,경북,0
2021-10,,민간,민간임대,경남,625
2021-10,,민간,민간임대,제주,0
2021-10,,민간,민간분양,전국,40640
2021-10,,민간,민간분양,서울,7966
2021-10,,민간,민간분양,인천,5860
2021-10,,민간,민간분양,경기,8045
2021-10,,민간,민간분양,부산,1610
2021-10,,민간,민간분양,대구,1932
2021-10,,민간,민간분양,광주,518
2021-10,,민간,민간분양,대전,593
2021-10,,민간,민간분양,울산,120
2021-10,,민간,민간분양,세종,29
2021-10,,민간,민간분양,강원,1771
2021-10,,민간,민간분양,충북,352
2021-10,,민간,민간분양,충남,1776
2021-10,,민간,민간분양,전북,262
2021-10,,민간,민간분양,전남,701
2021-10,,민간,민간분양,경북,5664
2021-10,,민간,민간분양,경남,3057
2021-10,,민간,민간분양,제주,384
2021-11,,총계,총계,전국,42060
2021-11,,총계,총계,서울,3323
2021-11,,총계,총계,인천,2400
2021-11,,총계,총계,경기,11518
2021-11,,총계,총계,부산,1289
2021-11,,총계,총계,대구,867
2021-11,,총계,총계,광주,547
2021-11,,총계,총계,대전,1682
2021-11,,총계,총계,울산,555
2021-11,,총계,총계,세종,52
2021-11,,총계,총계,강원,1671
2021-11,,총계,총계,충북,295
2021-11,,총계,총계,충남,3604
2021-11,,총계,총계,전북,3901
2021-11,,총계,총계,전남,1834
2021-11,,총계,총계,경북,3976
2021-11,,총계,총계,경남,3872
2021-11,,총계,총계,제주,674
2021-11,,공공부문,소계,전국,536
2021-11,,공공부문,소계,서울,44
2021-11,,공공부문,소계,인천,0
2021-11,,공공부문,소계,경기,452
2021-11,,공공부문,소계,부산,0
2021-11,,공공부문,소계,대구,0
2021-11,,공공부문,소계,광주,0
2021-11,,공공부문,소계,대전,0
2021-11,,공공부문,소계,울산,0
2021-11,,공공부문,소계,세종,0
2021-11,,공공부문,소계,강원,0
2021-11,,공공부문,소계,충북,0
2021-11,,공공부문,소계,충남,0
2021-11,,공공부문,소계,전북,0
2021-11,,공공부문,소계,전남,0
2021-11,,공공부문,소계,경북,40
2021-11,,공공부문,소계,경남,0
2021-11,,공공부문,소계,제주,0
2021-11,,합,국민임대,전국,0
2021-11,,합,국민임대,서울,0
2021-11,,합,국민임대,인천,0
2021-11,,합,국민임대,경기,0
2021-11,,합,국민임대,부산,0
2021-11,,합,국민임대,대구,0
2021-11,,합,국민임대,광주,0
2021-11,,합,국민임대,대전,0
2021-11,,합,국민임대,울산,0
2021-11,,합,국민임대,세종,0
2021-11,,합,국민임대,강원,0
2021-11,,합,국민임대,충북,0
2021-11,,합,국민임대,충남,0
2021-11,,합,국민임대,전북,0
2021-11,,합,국민임대,전남,0
2021-11,,합,국민임대,경북,0
2021-11,,합,국민임대,경남,0
2021-11,,합,국민임대,제주,0
2021-11,,합,공공임대,전국,536
2021-11,,합,공공임대,서울,44
2021-11,,합,공공임대,인천,0
2021-11,,합,공공임대,경기,452
2021-11,,합,공공임대,부산,0
2021-11,,합,공공임대,대구,0
2021-11,,합,공공임대,광주,0
2021-11,,합,공공임대,대전,0
2021-11,,합,공공임대,울산,0
2021-11,,합,공공임대,세종,0
2021-11,,합,공공임대,강원,0
2021-11,,합,공공임대,충북,0
2021-11,,합,공공임대,충남,0
2021-11,,합,공공임대,전북,0
2021-11,,합,공공임대,전남,0
2021-11,,합,공공임대,경북,40
2021-11,,합,공공임대,경남,0
2021-11,,합,공공임대,제주,0
2021-11,,합,공공분양,전국,0
2021-11,,합,공공분양,서울,0
2021-11,,합,공공분양,인천,0
2021-11,,합,공공분양,경기,0
2021-11,,합,공공분양,부산,0
2021-11,,합,공공분양,대구,0
2021-11,,합,공공분양,광주,0
2021-11,,합,공공분양,대전,0
2021-11,,합,공공분양,울산,0
2021-11,,합,공공분양,세종,0
2021-11,,합,공공분양,강원,0
2021-11,,합,공공분양,충북,0
2021-11,,합,공공분양,충남,0
2021-11,,합,공공분양,전북,0
2021-11,,합,공공분양,전남,0
2021-11,,합,공공분양,경북,0
2021-11,,합,공공분양,경남,0
2021-11,,합,공공분양,제주,0
2021-11,,지자체,소계,전국,0
2021-11,,지자체,소계,서울,0
2021-11,,지자체,소계,인천,0
2021-11,,지자체,소계,경기,0
2021-11,,지자체,소계,부산,0
2021-11,,지자체,소계,대구,0
2021-11,,지자체,소계,광주,0
2021-11,,지자체,소계,대전,0
2021-11,,지자체,소계,울산,0
2021-11,,지자체,소계,세종,0
2021-11,,지자체,소계,강원,0
2021-11,,지자체,소계,충북,0
2021-11,,지자체,소계,충남,0
2021-11,,지자체,소계,전북,0
2021-11,,지자체,소계,전남,0
2021-11,,지자체,소계,경북,0
2021-11,,지자체,소계,경남,0
2021-11,,지자체,소계,제주,0
2021-11,,지자체,국민임대,전국,0
2021-11,,지자체,국민임대,서울,0
2021-11,,지자체,국민임대,인천,0
2021-11,,지자체,국민임대,경기,0
2021-11,,지자체,국민임대,부산,0
2021-11,,지자체,국민임대,대구,0
2021-11,,지자체,국민임대,광주,0
2021-11,,지자체,국민임대,대전,0
2021-11,,지자체,국민임대,울산,0
2021-11,,지자체,국민임대,세종,0
2021-11,,지자체,국민임대,강원,0
2021-11,,지자체,국민임대,충북,0
2021-11,,지자체,국민임대,충남,0
2021-11,,지자체,국민임대,전북,0
2021-11,,지자체,국민임대,전남,0
2021-11,,지자체,국민임대,경북,0
2021-11,,지자체,국민임대,경남,0
2021-11,,지자체,국민임대,제주,0
2021-11,,지자체,공공임대,전국,0
2021-11,,지자체,공공임대,서울,0
2021-11,,지자체,공공임대,인천,0
2021-11,,지자체,공공임대,경기,0
2021-11,,지자체,공공임대,부산,0
2021-11,,지자체,공공임대,대구,0
2021-11,,지자체,공공임대,광주,0
2021-11,,지자체,공공임대,대전,0
2021-11,,지자체,공공임대,울산,0
2021-11,,지자체,공공임대,세종,0
2021-11,,지자체,공공임대,강원,0
2021-11,,지자체,공공임대,충북,0
2021-11,,지자체,공공임대,충남,0
2021-11,,지자체,공공임대,전북,0
2021-11,,지자체,공공임대,전남,0
2021-11,,지자체,공공임대,경북,0
2021-11,,지자체,공공임대,경남,0
2021-11,,지자체,공공임대,제주,0
2021-11,,지자체,공공분양,전국,0
2021-11,,지자체,공공분양,서울,0
2021-11,,지자체,공공분양,인천,0
2021-11,,지자체,공공분양,경기,0
2021-11,,지자체,공공분양,부산,0
2021-11,,지자체,공공분양,대구,0
2021-11,,지자체,공공분양,광주,0
2021-11,,지자체,공공분양,대전,0
2021-11,,지자체,공공분양,울산,0
2021-11,,지자체,공공분양,세종,0
2021-11,,지자체,공공분양,강원,0
2021-11,,지자체,공공분양,충북,0
2021-11,,지자체,공공분양,충남,0
2021-11,,지자체,공공분양,전북,0
2021-11,,지자체,공공분양,전남,0
2021-11,,지자체,공공분양,경북,0
2021-11,,지자체,공공분양,경남,0
2021-11,,지자체,공공분양,제주,0
2021-11,,LH,소계,전국,0
2021-11,,LH,소계,서울,0
2021-11,,LH,소계,인천,0
2021-11,,LH,소계,경기,0
2021-11,,LH,소계,부산,0
2021-11,,LH,소계,대구,0
2021-11,,LH,소계,광주,0
2021-11,,LH,소계,대전,0
2021-11,,LH,소계,울산,0
2021-11,,LH,소계,세종,0
2021-11,,LH,소계,강원,0
2021-11,,LH,소계,충북,0
2021-11,,LH,소계,충남,0
2021-11,,LH,소계,전북,0
2021-11,,LH,소계,전남,0
2021-11,,LH,소계,경북,0
2021-11,,LH,소계,경남,0
2021-11,,LH,소계,제주,0
2021-11,,LH,국민임대,전국,0
2021-11,,LH,국민임대,서울,0
2021-11,,LH,국민임대,인천,0
2021-11,,LH,국민임대,경기,0
2021-11,,LH,국민임대,부산,0
2021-11,,LH,국민임대,대구,0
2021-11,,LH,국민임대,광주,0
2021-11,,LH,국민임대,대전,0
2021-11,,LH,국민임대,울산,0
2021-11,,LH,국민임대,세종,0
2021-11,,LH,국민임대,강원,0
2021-11,,LH,국민임대,충북,0
2021-11,,LH,국민임대,충남,0
2021-11,,LH,국민임대,전북,0
2021-11,,LH,국민임대,전남,0
2021-11,,LH,국민임대,경북,0
2021-11,,LH,국민임대,경남,0
2021-11,,LH,국민임대,제주,0
2021-11,,LH,공공임대,전국,0
2021-11,,LH,공공임대,서울,0
2021-11,,LH,공공임대,인천,0
2021-11,,LH,공공임대,경기,0
2021-11,,LH,공공임대,부산,0
2021-11,,LH,공공임대,대구,0
2021-11,,LH,공공임대,광주,0
2021-11,,LH,공공임대,대전,0
2021-11,,LH,공공임대,울산,0
2021-11,,LH,공공임대,세종,0
2021-11,,LH,공공임대,강원,0
2021-11,,LH,공공임대,충북,0
2021-11,,LH,공공임대,충남,0
2021-11,,LH,공공임대,전북,0
2021-11,,LH,공공임대,전남,0
2021-11,,LH,공공임대,경북,0
2021-11,,LH,공공임대,경남,0
2021-11,,LH,공공임대,제주,0
2021-11,,LH,공공분양,전국,0
2021-11,,LH,공공분양,서울,0
2021-11,,LH,공공분양,인천,0
2021-11,,LH,공공분양,경기,0
2021-11,,LH,공공분양,부산,0
2021-11,,LH,공공분양,대구,0
2021-11,,LH,공공분양,광주,0
2021-11,,LH,공공분양,대전,0
2021-11,,LH,공공분양,울산,0
2021-11,,LH,공공분양,세종,0
2021-11,,LH,공공분양,강원,0
2021-11,,LH,공공분양,충북,0
2021-11,,LH,공공분양,충남,0
2021-11,,LH,공공분양,전북,0
2021-11,,LH,공공분양,전남,0
2021-11,,LH,공공분양,경북,0
2021-11,,LH,공공분양,경남,0
2021-11,,LH,공공분양,제주,0
2021-11,,주택업체,소계,전국,536
2021-11,,주택업체,소계,서울,44
2021-11,,주택업체,소계,인천,0
2021-11,,주택업체,소계,경기,452
2021-11,,주택업체,소계,부산,0
2021-11,,주택업체,소계,대구,0
2021-11,,주택업체,소계,광주,0
2021-11,,주택업체,소계,대전,0
2021-11,,주택업체,소계,울산,0
2021-11,,주택업체,소계,세종,0
2021-11,,주택업체,소계,강원,0
2021-11,,주택업체,소계,충북,0
2021-11,,주택업체,소계,충남,0
2021-11,,주택업체,소계,전북,0
2021-11,,주택업체,소계,전남,0
2021-11,,주택업체,소계,경북,40
2021-11,,주택업체,소계,경남,0
2021-11,,주택업체,소계,제주,0
2021-11,,주택업체,국민임대,전국,0
2021-11,,주택업체,국민임대,서울,0
2021-11,,주택업체,국민임대,인천,0
2021-11,,주택업체,국민임대,경기,0
2021-11,,주택업체,국민임대,부산,0
2021-11,,주택업체,국민임대,대구,0
2021-11,,주택업체,국민임대,광주,0
2021-11,,주택업체,국민임대,대전,0
2021-11,,주택업체,국민임대,울산,0
2021-11,,주택업체,국민임대,세종,0
2021-11,,주택업체,국민임대,강원,0
2021-11,,주택업체,국민임대,충북,0
2021-11,,주택업체,국민임대,충남,0
2021-11,,주택업체,국민임대,전북,0
2021-11,,주택업체,국민임대,전남,0
2021-11,,주택업체,국민임대,경북,0
2021-11,,주택업체,국민임대,경남,0
2021-11,,주택업체,국민임대,제주,0
2021-11,,주택업체,공공임대,전국,536
2021-11,,주택업체,공공임대,서울,44
2021-11,,주택업체,공공임대,인천,0
2021-11,,주택업체,공공임대,경기,452
2021-11,,주택업체,공공임대,부산,0
2021-11,,주택업체,공공임대,대구,0
2021-11,,주택업체,공공임대,광주,0
2021-11,,주택업체,공공임대,대전,0
2021-11,,주택업체,공공임대,울산,0
2021-11,,주택업체,공공임대,세종,0
2021-11,,주택업체,공공임대,강원,0
2021-11,,주택업체,공공임대,충북,0
2021-11,,주택업체,공공임대,충남,0
2021-11,,주택업체,공공임대,전북,0
2021-11,,주택업체,공공임대,전남,0
2021-11,,주택업체,공공임대,경북,40
2021-11,,주택업체,공공임대,경남,0
2021-11,,주택업체,공공임대,제주,0
2021-11,,주택업체,공공분양,전국,0
2021-11,,주택업체,공공분양,서울,0
2021-11,,주택업체,공공분양,인천,0
2021-11,,주택업체,공공분양,경기,0
2021-11,,주택업체,공공분양,부산,0
2021-11,,주택업체,공공분양,대구,0
2021-11,,주택업체,공공분양,광주,0
2021-11,,주택업체,공공분양,대전,0
2021-11,,주택업체,공공분양,울산,0
2021-11,,주택업체,공공분양,세종,0
2021-11,,주택업체,공공분양,강원,0
2021-11,,주택업체,공공분양,충북,0
2021-11,,주택업체,공공분양,충남,0
2021-11,,주택업체,공공분양,전북,0
2021-11,,주택업체,공공분양,전남,0
2021-11,,주택업체,공공분양,경북,0
2021-11,,주택업체,공공분양,경남,0
2021-11,,주택업체,공공분양,제주,0
2021-11,,민간부문,소계,전국,41524
2021-11,,민간부문,소계,서울,3279
2021-11,,민간부문,소계,인천,2400
2021-11,,민간부문,소계,경기,11066
2021-11,,민간부문,소계,부산,1289
2021-11,,민간부문,소계,대구,867
2021-11,,민간부문,소계,광주,547
2021-11,,민간부문,소계,대전,1682
2021-11,,민간부문,소계,울산,555
2021-11,,민간부문,소계,세종,52
2021-11,,민간부문,소계,강원,1671
2021-11,,민간부문,소계,충북,295
2021-11,,민간부문,소계,충남,3604
2021-11,,민간부문,소계,전북,3901
2021-11,,민간부문,소계,전남,1834
2021-11,,민간부문,소계,경북,3936
2021-11,,민간부문,소계,경남,3872
2021-11,,민간부문,소계,제주,674
2021-11,,민간,민간임대,전국,2232
2021-11,,민간,민간임대,서울,0
2021-11,,민간,민간임대,인천,0
2021-11,,민간,민간임대,경기,585
2021-11,,민간,민간임대,부산,750
2021-11,,민간,민간임대,대구,0
2021-11,,민간,민간임대,광주,0
2021-11,,민간,민간임대,대전,0
2021-11,,민간,민간임대,울산,0
2021-11,,민간,민간임대,세종,0
2021-11,,민간,민간임대,강원,784
2021-11,,민간,민간임대,충북,0
2021-11,,민간,민간임대,충남,0
2021-11,,민간,민간임대,전북,0
2021-11,,민간,민간임대,전남,113
2021-11,,민간,민간임대,경북,0
2021-11,,민간,민간임대,경남,0
2021-11,,민간,민간임대,제주,0
2021-11,,민간,민간분양,전국,39292
2021-11,,민간,민간분양,서울,3279
2021-11,,민간,민간분양,인천,2400
2021-11,,민간,민간분양,경기,10481
2021-11,,민간,민간분양,부산,539
2021-11,,민간,민간분양,대구,867
2021-11,,민간,민간분양,광주,547
2021-11,,민간,민간분양,대전,1682
2021-11,,민간,민간분양,울산,555
2021-11,,민간,민간분양,세종,52
2021-11,,민간,민간분양,강원,887
2021-11,,민간,민간분양,충북,295
2021-11,,민간,민간분양,충남,3604
2021-11,,민간,민간분양,전북,3901
2021-11,,민간,민간분양,전남,1721
2021-11,,민간,민간분양,경북,3936
2021-11,,민간,민간분양,경남,3872
2021-11,,민간,민간분양,제주,674
2021-12,,총계,총계,전국,91389
2021-12,,총계,총계,서울,8115
2021-12,,총계,총계,인천,8477
2021-12,,총계,총계,경기,32670
2021-12,,총계,총계,부산,613
2021-12,,총계,총계,대구,1816
2021-12,,총계,총계,광주,1999
2021-12,,총계,총계,대전,6365
2021-12,,총계,총계,울산,439
2021-12,,총계,총계,세종,678
2021-12,,총계,총계,강원,1587
2021-12,,총계,총계,충북,6517
2021-12,,총계,총계,충남,3699
2021-12,,총계,총계,전북,3463
2021-12,,총계,총계,전남,5490
2021-12,,총계,총계,경북,5575
2021-12,,총계,총계,경남,2414
2021-12,,총계,총계,제주,1472
2021-12,,공공부문,소계,전국,26380
2021-12,,공공부문,소계,서울,151
2021-12,,공공부문,소계,인천,5620
2021-12,,공공부문,소계,경기,13913
2021-12,,공공부문,소계,부산,0
2021-12,,공공부문,소계,대구,0
2021-12,,공공부문,소계,광주,1887
2021-12,,공공부문,소계,대전,237
2021-12,,공공부문,소계,울산,0
2021-12,,공공부문,소계,세종,0
2021-12,,공공부문,소계,강원,606
2021-12,,공공부문,소계,충북,1113
2021-12,,공공부문,소계,충남,1696
2021-12,,공공부문,소계,전북,0
2021-12,,공공부문,소계,전남,100
2021-12,,공공부문,소계,경북,90
2021-12,,공공부문,소계,경남,967
2021-12,,공공부문,소계,제주,0
2021-12,,합,국민임대,전국,2027
2021-12,,합,국민임대,서울,1
2021-12,,합,국민임대,인천,593
2021-12,,합,국민임대,경기,806
2021-12,,합,국민임대,부산,0
2021-12,,합,국민임대,대구,0
2021-12,,합,국민임대,광주,447
2021-12,,합,국민임대,대전,0
2021-12,,합,국민임대,울산,0
2021-12,,합,국민임대,세종,0
2021-12,,합,국민임대,강원,0
2021-12,,합,국민임대,충북,0
2021-12,,합,국민임대,충남,100
2021-12,,합,국민임대,전북,0
2021-12,,합,국민임대,전남,80
2021-12,,합,국민임대,경북,0
2021-12,,합,국민임대,경남,0
2021-12,,합,국민임대,제주,0
2021-12,,합,공공임대,전국,10014
2021-12,,합,공공임대,서울,150
2021-12,,합,공공임대,인천,1345
2021-12,,합,공공임대,경기,6063
2021-12,,합,공공임대,부산,0
2021-12,,합,공공임대,대구,0
2021-12,,합,공공임대,광주,690
2021-12,,합,공공임대,대전,237
2021-12,,합,공공임대,울산,0
2021-12,,합,공공임대,세종,0
2021-12,,합,공공임대,강원,202
2021-12,,합,공공임대,충북,200
2021-12,,합,공공임대,충남,50
2021-12,,합,공공임대,전북,0
2021-12,,합,공공임대,전남,20
2021-12,,합,공공임대,경북,90
2021-12,,합,공공임대,경남,967
2021-12,,합,공공임대,제주,0
2021-12,,합,공공분양,전국,14339
2021-12,,합,공공분양,서울,0
2021-12,,합,공공분양,인천,3682
2021-12,,합,공공분양,경기,7044
2021-12,,합,공공분양,부산,0
2021-12,,합,공공분양,대구,0
2021-12,,합,공공분양,광주,750
2021-12,,합,공공분양,대전,0
2021-12,,합,공공분양,울산,0
2021-12,,합,공공분양,세종,0
2021-12,,합,공공분양,강원,404
2021-12,,합,공공분양,충북,913
2021-12,,합,공공분양,충남,1546
2021-12,,합,공공분양,전북,0
2021-12,,합,공공분양,전남,0
2021-12,,합,공공분양,경북,0
2021-12,,합,공공분양,경남,0
2021-12,,합,공공분양,제주,0
2021-12,,지자체,소계,전국,2330
2021-12,,지자체,소계,서울,1
2021-12,,지자체,소계,인천,0
2021-12,,지자체,소계,경기,2329
2021-12,,지자체,소계,부산,0
2021-12,,지자체,소계,대구,0
2021-12,,지자체,소계,광주,0
2021-12,,지자체,소계,대전,0
2021-12,,지자체,소계,울산,0
2021-12,,지자체,소계,세종,0
2021-12,,지자체,소계,강원,0
2021-12,,지자체,소계,충북,0
2021-12,,지자체,소계,충남,0
2021-12,,지자체,소계,전북,0
2021-12,,지자체,소계,전남,0
2021-12,,지자체,소계,경북,0
2021-12,,지자체,소계,경남,0
2021-12,,지자체,소계,제주,0
2021-12,,지자체,국민임대,전국,0
2021-12,,지자체,국민임대,서울,0
2021-12,,지자체,국민임대,인천,0
2021-12,,지자체,국민임대,경기,0
2021-12,,지자체,국민임대,부산,0
2021-12,,지자체,국민임대,대구,0
2021-12,,지자체,국민임대,광주,0
2021-12,,지자체,국민임대,대전,0
2021-12,,지자체,국민임대,울산,0
2021-12,,지자체,국민임대,세종,0
2021-12,,지자체,국민임대,강원,0
2021-12,,지자체,국민임대,충북,0
2021-12,,지자체,국민임대,충남,0
2021-12,,지자체,국민임대,전북,0
2021-12,,지자체,국민임대,전남,0
2021-12,,지자체,국민임대,경북,0
2021-12,,지자체,국민임대,경남,0
2021-12,,지자체,국민임대,제주,0
2021-12,,지자체,공공임대,전국,92
2021-12,,지자체,공공임대,서울,1
2021-12,,지자체,공공임대,인천,0
2021-12,,지자체,공공임대,경기,91
2021-12,,지자체,공공임대,부산,0
2021-12,,지자체,공공임대,대구,0
2021-12,,지자체,공공임대,광주,0
2021-12,,지자체,공공임대,대전,0
2021-12,,지자체,공공임대,울산,0
2021-12,,지자체,공공임대,세종,0
2021-12,,지자체,공공임대,강원,0
2021-12,,지자체,공공임대,충북,0
2021-12,,지자체,공공임대,충남,0
2021-12,,지자체,공공임대,전북,0
2021-12,,지자체,공공임대,전남,0
2021-12,,지자체,공공임대,경북,0
2021-12,,지자체,공공임대,경남,0
2021-12,,지자체,공공임대,제주,0
2021-12,,지자체,공공분양,전국,2238
2021-12,,지자체,공공분양,서울,0
2021-12,,지자체,공공분양,인천,0
2021-12,,지자체,공공분양,경기,2238
2021-12,,지자체,공공분양,부산,0
2021-12,,지자체,공공분양,대구,0
2021-12,,지자체,공공분양,광주,0
2021-12,,지자체,공공분양,대전,0
2021-12,,지자체,공공분양,울산,0
2021-12,,지자체,공공분양,세종,0
2021-12,,지자체,공공분양,강원,0
2021-12,,지자체,공공분양,충북,0
2021-12,,지자체,공공분양,충남,0
2021-12,,지자체,공공분양,전북,0
2021-12,,지자체,공공분양,전남,0
2021-12,,지자체,공공분양,경북,0
2021-12,,지자체,공공분양,경남,0
2021-12,,지자체,공공분양,제주,0
2021-12,,LH,소계,전국,22713
2021-12,,LH,소계,서울,0
2021-12,,LH,소계,인천,5620
2021-12,,LH,소계,경기,11584
2021-12,,LH,소계,부산,0
2021-12,,LH,소계,대구,0
2021-12,,LH,소계,광주,1840
2021-12,,LH,소계,대전,0
2021-12,,LH,소계,울산,0
2021-12,,LH,소계,세종,0
2021-12,,LH,소계,강원,606
2021-12,,LH,소계,충북,1113
2021-12,,LH,소계,충남,1696
2021-12,,LH,소계,전북,0
2021-12,,LH,소계,전남,100
2021-12,,LH,소계,경북,90
2021-12,,LH,소계,경남,64
2021-12,,LH,소계,제주,0
2021-12,,LH,국민임대,전국,2026
2021-12,,LH,국민임대,서울,0
2021-12,,LH,국민임대,인천,593
2021-12,,LH,국민임대,경기,806
2021-12,,LH,국민임대,부산,0
2021-12,,LH,국민임대,대구,0
2021-12,,LH,국민임대,광주,447
2021-12,,LH,국민임대,대전,0
2021-12,,LH,국민임대,울산,0
2021-12,,LH,국민임대,세종,0
2021-12,,LH,국민임대,강원,0
2021-12,,LH,국민임대,충북,0
2021-12,,LH,국민임대,충남,100
2021-12,,LH,국민임대,전북,0
2021-12,,LH,국민임대,전남,80
2021-12,,LH,국민임대,경북,0
2021-12,,LH,국민임대,경남,0
2021-12,,LH,국민임대,제주,0
2021-12,,LH,공공임대,전국,8586
2021-12,,LH,공공임대,서울,0
2021-12,,LH,공공임대,인천,1345
2021-12,,LH,공공임대,경기,5972
2021-12,,LH,공공임대,부산,0
2021-12,,LH,공공임대,대구,0
2021-12,,LH,공공임대,광주,643
2021-12,,LH,공공임대,대전,0
2021-12,,LH,공공임대,울산,0
2021-12,,LH,공공임대,세종,0
2021-12,,LH,공공임대,강원,202
2021-12,,LH,공공임대,충북,200
2021-12,,LH,공공임대,충남,50
2021-12,,LH,공공임대,전북,0
2021-12,,LH,공공임대,전남,20
2021-12,,LH,공공임대,경북,90
2021-12,,LH,공공임대,경남,64
2021-12,,LH,공공임대,제주,0
2021-12,,LH,공공분양,전국,12101
2021-12,,LH,공공분양,서울,0
2021-12,,LH,공공분양,인천,3682
2021-12,,LH,공공분양,경기,4806
2021-12,,LH,공공분양,부산,0
2021-12,,LH,공공분양,대구,0
2021-12,,LH,공공분양,광주,750
2021-12,,LH,공공분양,대전,0
2021-12,,LH,공공분양,울산,0
2021-12,,LH,공공분양,세종,0
2021-12,,LH,공공분양,강원,404
2021-12,,LH,공공분양,충북,913
2021-12,,LH,공공분양,충남,1546
2021-12,,LH,공공분양,전북,0
2021-12,,LH,공공분양,전남,0
2021-12,,LH,공공분양,경북,0
2021-12,,LH,공공분양,경남,0
2021-12,,LH,공공분양,제주,0
2021-12,,주택업체,소계,전국,1337
2021-12,,주택업체,소계,서울,150
2021-12,,주택업체,소계,인천,0
2021-12,,주택업체,소계,경기,0
2021-12,,주택업체,소계,부산,0
2021-12,,주택업체,소계,대구,0
2021-12,,주택업체,소계,광주,47
2021-12,,주택업체,소계,대전,237
2021-12,,주택업체,소계,울산,0
2021-12,,주택업체,소계,세종,0
2021-12,,주택업체,소계,강원,0
2021-12,,주택업체,소계,충북,0
2021-12,,주택업체,소계,충남,0
2021-12,,주택업체,소계,전북,0
2021-12,,주택업체,소계,전남,0
2021-12,,주택업체,소계,경북,0
2021-12,,주택업체,소계,경남,903
2021-12,,주택업체,소계,제주,0
2021-12,,주택업체,국민임대,전국,1
2021-12,,주택업체,국민임대,서울,1
2021-12,,주택업체,국민임대,인천,0
2021-12,,주택업체,국민임대,경기,0
2021-12,,주택업체,국민임대,부산,0
2021-12,,주택업체,국민임대,대구,0
2021-12,,주택업체,국민임대,광주,0
2021-12,,주택업체,국민임대,대전,0
2021-12,,주택업체,국민임대,울산,0
2021-12,,주택업체,국민임대,세종,0
2021-12,,주택업체,국민임대,강원,0
2021-12,,주택업체,국민임대,충북,0
2021-12,,주택업체,국민임대,충남,0
2021-12,,주택업체,국민임대,전북,0
2021-12,,주택업체,국민임대,전남,0
2021-12,,주택업체,국민임대,경북,0
2021-12,,주택업체,국민임대,경남,0
2021-12,,주택업체,국민임대,제주,0
2021-12,,주택업체,공공임대,전국,1336
2021-12,,주택업체,공공임대,서울,149
2021-12,,주택업체,공공임대,인천,0
2021-12,,주택업체,공공임대,경기,0
2021-12,,주택업체,공공임대,부산,0
2021-12,,주택업체,공공임대,대구,0
2021-12,,주택업체,공공임대,광주,47
2021-12,,주택업체,공공임대,대전,237
2021-12,,주택업체,공공임대,울산,0
2021-12,,주택업체,공공임대,세종,0
2021-12,,주택업체,공공임대,강원,0
2021-12,,주택업체,공공임대,충북,0
2021-12,,주택업체,공공임대,충남,0
2021-12,,주택업체,공공임대,전북,0
2021-12,,주택업체,공공임대,전남,0
2021-12,,주택업체,공공임대,경북,0
2021-12,,주택업체,공공임대,경남,903
2021-12,,주택업체,공공임대,제주,0
2021-12,,주택업체,공공분양,전국,0
2021-12,,주택업체,공공분양,서울,0
2021-12,,주택업체,공공분양,인천,0
2021-12,,주택업체,공공분양,경기,0
2021-12,,주택업체,공공분양,부산,0
2021-12,,주택업체,공공분양,대구,0
2021-12,,주택업체,공공분양,광주,0
2021-12,,주택업체,공공분양,대전,0
2021-12,,주택업체,공공분양,울산,0
2021-12,,주택업체,공공분양,세종,0
2021-12,,주택업체,공공분양,강원,0
2021-12,,주택업체,공공분양,충북,0
2021-12,,주택업체,공공분양,충남,0
2021-12,,주택업체,공공분양,전북,0
2021-12,,주택업체,공공분양,전남,0
2021-12,,주택업체,공공분양,경북,0
2021-12,,주택업체,공공분양,경남,0
2021-12,,주택업체,공공분양,제주,0
2021-12,,민간부문,소계,전국,65009
2021-12,,민간부문,소계,서울,7964
2021-12,,민간부문,소계,인천,2857
2021-12,,민간부문,소계,경기,18757
2021-12,,민간부문,소계,부산,613
2021-12,,민간부문,소계,대구,1816
2021-12,,민간부문,소계,광주,112
2021-12,,민간부문,소계,대전,6128
2021-12,,민간부문,소계,울산,439
2021-12,,민간부문,소계,세종,678
2021-12,,민간부문,소계,강원,981
2021-12,,민간부문,소계,충북,5404
2021-12,,민간부문,소계,충남,2003
2021-12,,민간부문,소계,전북,3463
2021-12,,민간부문,소계,전남,5390
2021-12,,민간부문,소계,경북,5485
2021-12,,민간부문,소계,경남,1447
2021-12,,민간부문,소계,제주,1472
2021-12,,민간,민간임대,전국,4340
2021-12,,민간,민간임대,서울,0
2021-12,,민간,민간임대,인천,0
2021-12,,민간,민간임대,경기,560
2021-12,,민간,민간임대,부산,0
2021-12,,민간,민간임대,대구,0
2021-12,,민간,민간임대,광주,0
2021-12,,민간,민간임대,대전,65
2021-12,,민간,민간임대,울산,0
2021-12,,민간,민간임대,세종,0
2021-12,,민간,민간임대,강원,0
2021-12,,민간,민간임대,충북,0
2021-12,,민간,민간임대,충남,0
2021-12,,민간,민간임대,전북,1090
2021-12,,민간,민간임대,전남,2017
2021-12,,민간,민간임대,경북,0
2021-12,,민간,민간임대,경남,608
2021-12,,민간,민간임대,제주,0
2021-12,,민간,민간분양,전국,60669
2021-12,,민간,민간분양,서울,7964
2021-12,,민간,민간분양,인천,2857
2021-12,,민간,민간분양,경기,18197
2021-12,,민간,민간분양,부산,613
2021-12,,민간,민간분양,대구,1816
2021-12,,민간,민간분양,광주,112
2021-12,,민간,민간분양,대전,6063
2021-12,,민간,민간분양,울산,439
2021-12,,민간,민간분양,세종,678
2021-12,,민간,민간분양,강원,981
2021-12,,민간,민간분양,충북,5404
2021-12,,민간,민간분양,충남,2003
2021-12,,민간,민간분양,전북,2373
2021-12,,민간,민간분양,전남,3373
2021-12,,민간,민간분양,경북,5485
2021-12,,민간,민간분양,경남,839
2021-12,,민간,민간분양,제주,1472
2022-01,,총계,총계,전국,22563
2022-01,,총계,총계,서울,6727
2022-01,,총계,총계,인천,1625
2022-01,,총계,총계,경기,5426
2022-01,,총계,총계,부산,642
2022-01,,총계,총계,대구,1761
2022-01,,총계,총계,광주,1058
2022-01,,총계,총계,대전,331
2022-01,,총계,총계,울산,881
2022-01,,총계,총계,세종,12
2022-01,,총계,총계,강원,139
2022-01,,총계,총계,충북,182
2022-01,,총계,총계,충남,431
2022-01,,총계,총계,전북,111
2022-01,,총계,총계,전남,970
2022-01,,총계,총계,경북,526
2022-01,,총계,총계,경남,1289
2022-01,,총계,총계,제주,452
2022-01,,공공부문,소계,전국,248
2022-01,,공공부문,소계,서울,0
2022-01,,공공부문,소계,인천,0
2022-01,,공공부문,소계,경기,248
2022-01,,공공부문,소계,부산,0
2022-01,,공공부문,소계,대구,0
2022-01,,공공부문,소계,광주,0
2022-01,,공공부문,소계,대전,0
2022-01,,공공부문,소계,울산,0
2022-01,,공공부문,소계,세종,0
2022-01,,공공부문,소계,강원,0
2022-01,,공공부문,소계,충북,0
2022-01,,공공부문,소계,충남,0
2022-01,,공공부문,소계,전북,0
2022-01,,공공부문,소계,전남,0
2022-01,,공공부문,소계,경북,0
2022-01,,공공부문,소계,경남,0
2022-01,,공공부문,소계,제주,0
2022-01,,합,국민임대,전국,0
2022-01,,합,국민임대,서울,0
2022-01,,합,국민임대,인천,0
2022-01,,합,국민임대,경기,0
2022-01,,합,국민임대,부산,0
2022-01,,합,국민임대,대구,0
2022-01,,합,국민임대,광주,0
2022-01,,합,국민임대,대전,0
2022-01,,합,국민임대,울산,0
2022-01,,합,국민임대,세종,0
2022-01,,합,국민임대,강원,0
2022-01,,합,국민임대,충북,0
2022-01,,합,국민임대,충남,0
2022-01,,합,국민임대,전북,0
2022-01,,합,국민임대,전남,0
2022-01,,합,국민임대,경북,0
2022-01,,합,국민임대,경남,0
2022-01,,합,국민임대,제주,0
2022-01,,합,공공임대,전국,248
2022-01,,합,공공임대,서울,0
2022-01,,합,공공임대,인천,0
2022-01,,합,공공임대,경기,248
2022-01,,합,공공임대,부산,0
2022-01,,합,공공임대,대구,0
2022-01,,합,공공임대,광주,0
2022-01,,합,공공임대,대전,0
2022-01,,합,공공임대,울산,0
2022-01,,합,공공임대,세종,0
2022-01,,합,공공임대,강원,0
2022-01,,합,공공임대,충북,0
2022-01,,합,공공임대,충남,0
2022-01,,합,공공임대,전북,0
2022-01,,합,공공임대,전남,0
2022-01,,합,공공임대,경북,0
2022-01,,합,공공임대,경남,0
2022-01,,합,공공임대,제주,0
2022-01,,합,공공분양,전국,0
2022-01,,합,공공분양,서울,0
2022-01,,합,공공분양,인천,0
2022-01,,합,공공분양,경기,0
2022-01,,합,공공분양,부산,0
2022-01,,합,공공분양,대구,0
2022-01,,합,공공분양,광주,0
2022-01,,합,공공분양,대전,0
2022-01,,합,공공분양,울산,0
2022-01,,합,공공분양,세종,0
2022-01,,합,공공분양,강원,0
2022-01,,합,공공분양,충북,0
2022-01,,합,공공분양,충남,0
2022-01,,합,공공분양,전북,0
2022-01,,합,공공분양,전남,0
2022-01,,합,공공분양,경북,0
2022-01,,합,공공분양,경남,0
2022-01,,합,공공분양,제주,0
2022-01,,지자체,소계,전국,0
2022-01,,지자체,소계,서울,0
2022-01,,지자체,소계,인천,0
2022-01,,지자체,소계,경기,0
2022-01,,지자체,소계,부산,0
2022-01,,지자체,소계,대구,0
2022-01,,지자체,소계,광주,0
2022-01,,지자체,소계,대전,0
2022-01,,지자체,소계,울산,0
2022-01,,지자체,소계,세종,0
2022-01,,지자체,소계,강원,0
2022-01,,지자체,소계,충북,0
2022-01,,지자체,소계,충남,0
2022-01,,지자체,소계,전북,0
2022-01,,지자체,소계,전남,0
2022-01,,지자체,소계,경북,0
2022-01,,지자체,소계,경남,0
2022-01,,지자체,소계,제주,0
2022-01,,지자체,국민임대,전국,0
2022-01,,지자체,국민임대,서울,0
2022-01,,지자체,국민임대,인천,0
2022-01,,지자체,국민임대,경기,0
2022-01,,지자체,국민임대,부산,0
2022-01,,지자체,국민임대,대구,0
2022-01,,지자체,국민임대,광주,0
2022-01,,지자체,국민임대,대전,0
2022-01,,지자체,국민임대,울산,0
2022-01,,지자체,국민임대,세종,0
2022-01,,지자체,국민임대,강원,0
2022-01,,지자체,국민임대,충북,0
2022-01,,지자체,국민임대,충남,0
2022-01,,지자체,국민임대,전북,0
2022-01,,지자체,국민임대,전남,0
2022-01,,지자체,국민임대,경북,0
2022-01,,지자체,국민임대,경남,0
2022-01,,지자체,국민임대,제주,0
2022-01,,지자체,공공임대,전국,0
2022-01,,지자체,공공임대,서울,0
2022-01,,지자체,공공임대,인천,0
2022-01,,지자체,공공임대,경기,0
2022-01,,지자체,공공임대,부산,0
2022-01,,지자체,공공임대,대구,0
2022-01,,지자체,공공임대,광주,0
2022-01,,지자체,공공임대,대전,0
2022-01,,지자체,공공임대,울산,0
2022-01,,지자체,공공임대,세종,0
2022-01,,지자체,공공임대,강원,0
2022-01,,지자체,공공임대,충북,0
2022-01,,지자체,공공임대,충남,0
2022-01,,지자체,공공임대,전북,0
2022-01,,지자체,공공임대,전남,0
2022-01,,지자체,공공임대,경북,0
2022-01,,지자체,공공임대,경남,0
2022-01,,지자체,공공임대,제주,0
2022-01,,지자체,공공분양,전국,0
2022-01,,지자체,공공분양,서울,0
2022-01,,지자체,공공분양,인천,0
2022-01,,지자체,공공분양,경기,0
2022-01,,지자체,공공분양,부산,0
2022-01,,지자체,공공분양,대구,0
2022-01,,지자체,공공분양,광주,0
2022-01,,지자체,공공분양,대전,0
2022-01,,지자체,공공분양,울산,0
2022-01,,지자체,공공분양,세종,0
2022-01,,지자체,공공분양,강원,0
2022-01,,지자체,공공분양,충북,0
2022-01,,지자체,공공분양,충남,0
2022-01,,지자체,공공분양,전북,0
2022-01,,지자체,공공분양,전남,0
2022-01,,지자체,공공분양,경북,0
2022-01,,지자체,공공분양,경남,0
2022-01,,지자체,공공분양,제주,0
2022-01,,LH,소계,전국,0
2022-01,,LH,소계,서울,0
2022-01,,LH,소계,인천,0
2022-01,,LH,소계,경기,0
2022-01,,LH,소계,부산,0
2022-01,,LH,소계,대구,0
2022-01,,LH,소계,광주,0
2022-01,,LH,소계,대전,0
2022-01,,LH,소계,울산,0
2022-01,,LH,소계,세종,0
2022-01,,LH,소계,강원,0
2022-01,,LH,소계,충북,0
2022-01,,LH,소계,충남,0
2022-01,,LH,소계,전북,0
2022-01,,LH,소계,전남,0
2022-01,,LH,소계,경북,0
2022-01,,LH,소계,경남,0
2022-01,,LH,소계,제주,0
2022-01,,LH,국민임대,전국,0
2022-01,,LH,국민임대,서울,0
2022-01,,LH,국민임대,인천,0
2022-01,,LH,국민임대,경기,0
2022-01,,LH,국민임대,부산,0
2022-01,,LH,국민임대,대구,0
2022-01,,LH,국민임대,광주,0
2022-01,,LH,국민임대,대전,0
2022-01,,LH,국민임대,울산,0
2022-01,,LH,국민임대,세종,0
2022-01,,LH,국민임대,강원,0
2022-01,,LH,국민임대,충북,0
2022-01,,LH,국민임대,충남,0
2022-01,,LH,국민임대,전북,0
2022-01,,LH,국민임대,전남,0
2022-01,,LH,국민임대,경북,0
2022-01,,LH,국민임대,경남,0
2022-01,,LH,국민임대,제주,0
2022-01,,LH,공공임대,전국,0
2022-01,,LH,공공임대,서울,0
2022-01,,LH,공공임대,인천,0
2022-01,,LH,공공임대,경기,0
2022-01,,LH,공공임대,부산,0
2022-01,,LH,공공임대,대구,0
2022-01,,LH,공공임대,광주,0
2022-01,,LH,공공임대,대전,0
2022-01,,LH,공공임대,울산,0
2022-01,,LH,공공임대,세종,0
2022-01,,LH,공공임대,강원,0
2022-01,,LH,공공임대,충북,0
2022-01,,LH,공공임대,충남,0
2022-01,,LH,공공임대,전북,0
2022-01,,LH,공공임대,전남,0
2022-01,,LH,공공임대,경북,0
2022-01,,LH,공공임대,경남,0
2022-01,,LH,공공임대,제주,0
2022-01,,LH,공공분양,전국,0
2022-01,,LH,공공분양,서울,0
2022-01,,LH,공공분양,인천,0
2022-01,,LH,공공분양,경기,0
2022-01,,LH,공공분양,부산,0
2022-01,,LH,공공분양,대구,0
2022-01,,LH,공공분양,광주,0
2022-01,,LH,공공분양,대전,0
2022-01,,LH,공공분양,울산,0
2022-01,,LH,공공분양,세종,0
2022-01,,LH,공공분양,강원,0
2022-01,,LH,공공분양,충북,0
2022-01,,LH,공공분양,충남,0
2022-01,,LH,공공분양,전북,0
2022-01,,LH,공공분양,전남,0
2022-01,,LH,공공분양,경북,0
2022-01,,LH,공공분양,경남,0
2022-01,,LH,공공분양,제주,0
2022-01,,주택업체,소계,전국,248
2022-01,,주택업체,소계,서울,0
2022-01,,주택업체,소계,인천,0
2022-01,,주택업체,소계,경기,248
2022-01,,주택업체,소계,부산,0
2022-01,,주택업체,소계,대구,0
2022-01,,주택업체,소계,광주,0
2022-01,,주택업체,소계,대전,0
2022-01,,주택업체,소계,울산,0
2022-01,,주택업체,소계,세종,0
2022-01,,주택업체,소계,강원,0
2022-01,,주택업체,소계,충북,0
2022-01,,주택업체,소계,충남,0
2022-01,,주택업체,소계,전북,0
2022-01,,주택업체,소계,전남,0
2022-01,,주택업체,소계,경북,0
2022-01,,주택업체,소계,경남,0
2022-01,,주택업체,소계,제주,0
2022-01,,주택업체,국민임대,전국,0
2022-01,,주택업체,국민임대,서울,0
2022-01,,주택업체,국민임대,인천,0
2022-01,,주택업체,국민임대,경기,0
2022-01,,주택업체,국민임대,부산,0
2022-01,,주택업체,국민임대,대구,0
2022-01,,주택업체,국민임대,광주,0
2022-01,,주택업체,국민임대,대전,0
2022-01,,주택업체,국민임대,울산,0
2022-01,,주택업체,국민임대,세종,0
2022-01,,주택업체,국민임대,강원,0
2022-01,,주택업체,국민임대,충북,0
2022-01,,주택업체,국민임대,충남,0
2022-01,,주택업체,국민임대,전북,0
2022-01,,주택업체,국민임대,전남,0
2022-01,,주택업체,국민임대,경북,0
2022-01,,주택업체,국민임대,경남,0
2022-01,,주택업체,국민임대,제주,0
2022-01,,주택업체,공공임대,전국,248
2022-01,,주택업체,공공임대,서울,0
2022-01,,주택업체,공공임대,인천,0
2022-01,,주택업체,공공임대,경기,248
2022-01,,주택업체,공공임대,부산,0
2022-01,,주택업체,공공임대,대구,0
2022-01,,주택업체,공공임대,광주,0
2022-01,,주택업체,공공임대,대전,0
2022-01,,주택업체,공공임대,울산,0
2022-01,,주택업체,공공임대,세종,0
2022-01,,주택업체,공공임대,강원,0
2022-01,,주택업체,공공임대,충북,0
2022-01,,주택업체,공공임대,충남,0
2022-01,,주택업체,공공임대,전북,0
2022-01,,주택업체,공공임대,전남,0
2022-01,,주택업체,공공임대,경북,0
2022-01,,주택업체,공공임대,경남,0
2022-01,,주택업체,공공임대,제주,0
2022-01,,주택업체,공공분양,전국,0
2022-01,,주택업체,공공분양,서울,0
2022-01,,주택업체,공공분양,인천,0
2022-01,,주택업체,공공분양,경기,0
2022-01,,주택업체,공공분양,부산,0
2022-01,,주택업체,공공분양,대구,0
2022-01,,주택업체,공공분양,광주,0
2022-01,,주택업체,공공분양,대전,0
2022-01,,주택업체,공공분양,울산,0
2022-01,,주택업체,공공분양,세종,0
2022-01,,주택업체,공공분양,강원,0
2022-01,,주택업체,공공분양,충북,0
2022-01,,주택업체,공공분양,충남,0
2022-01,,주택업체,공공분양,전북,0
2022-01,,주택업체,공공분양,전남,0
2022-01,,주택업체,공공분양,경북,0
2022-01,,주택업체,공공분양,경남,0
2022-01,,주택업체,공공분양,제주,0
2022-01,,민간부문,소계,전국,22315
2022-01,,민간부문,소계,서울,6727
2022-01,,민간부문,소계,인천,1625
2022-01,,민간부문,소계,경기,5178
2022-01,,민간부문,소계,부산,642
2022-01,,민간부문,소계,대구,1761
2022-01,,민간부문,소계,광주,1058
2022-01,,민간부문,소계,대전,331
2022-01,,민간부문,소계,울산,881
2022-01,,민간부문,소계,세종,12
2022-01,,민간부문,소계,강원,139
2022-01,,민간부문,소계,충북,182
2022-01,,민간부문,소계,충남,431
2022-01,,민간부문,소계,전북,111
2022-01,,민간부문,소계,전남,970
2022-01,,민간부문,소계,경북,526
2022-01,,민간부문,소계,경남,1289
2022-01,,민간부문,소계,제주,452
2022-01,,민간,민간임대,전국,2341
2022-01,,민간,민간임대,서울,1855
2022-01,,민간,민간임대,인천,0
2022-01,,민간,민간임대,경기,0
2022-01,,민간,민간임대,부산,0
2022-01,,민간,민간임대,대구,0
2022-01,,민간,민간임대,광주,0
2022-01,,민간,민간임대,대전,0
2022-01,,민간,민간임대,울산,0
2022-01,,민간,민간임대,세종,0
2022-01,,민간,민간임대,강원,0
2022-01,,민간,민간임대,충북,0
2022-01,,민간,민간임대,충남,0
2022-01,,민간,민간임대,전북,0
2022-01,,민간,민간임대,전남,486
2022-01,,민간,민간임대,경북,0
2022-01,,민간,민간임대,경남,0
2022-01,,민간,민간임대,제주,0
2022-01,,민간,민간분양,전국,19974
2022-01,,민간,민간분양,서울,4872
2022-01,,민간,민간분양,인천,1625
2022-01,,민간,민간분양,경기,5178
2022-01,,민간,민간분양,부산,642
2022-01,,민간,민간분양,대구,1761
2022-01,,민간,민간분양,광주,1058
2022-01,,민간,민간분양,대전,331
2022-01,,민간,민간분양,울산,881
2022-01,,민간,민간분양,세종,12
2022-01,,민간,민간분양,강원,139
2022-01,,민간,민간분양,충북,182
2022-01,,민간,민간분양,충남,431
2022-01,,민간,민간분양,전북,111
2022-01,,민간,민간분양,전남,484
2022-01,,민간,민간분양,경북,526
2022-01,,민간,민간분양,경남,1289
2022-01,,민간,민간분양,제주,452
2022-02,,총계,총계,전국,22701
2022-02,,총계,총계,서울,3111
2022-02,,총계,총계,인천,2194
2022-02,,총계,총계,경기,9643
2022-02,,총계,총계,부산,295
2022-02,,총계,총계,대구,669
2022-02,,총계,총계,광주,320
2022-02,,총계,총계,대전,147
2022-02,,총계,총계,울산,49
2022-02,,총계,총계,세종,23
2022-02,,총계,총계,강원,314
2022-02,,총계,총계,충북,206
2022-02,,총계,총계,충남,2476
2022-02,,총계,총계,전북,138
2022-02,,총계,총계,전남,896
2022-02,,총계,총계,경북,348
2022-02,,총계,총계,경남,1175
2022-02,,총계,총계,제주,697
2022-02,,공공부문,소계,전국,740
2022-02,,공공부문,소계,서울,698
2022-02,,공공부문,소계,인천,0
2022-02,,공공부문,소계,경기,0
2022-02,,공공부문,소계,부산,42
2022-02,,공공부문,소계,대구,0
2022-02,,공공부문,소계,광주,0
2022-02,,공공부문,소계,대전,0
2022-02,,공공부문,소계,울산,0
2022-02,,공공부문,소계,세종,0
2022-02,,공공부문,소계,강원,0
2022-02,,공공부문,소계,충북,0
2022-02,,공공부문,소계,충남,0
2022-02,,공공부문,소계,전북,0
2022-02,,공공부문,소계,전남,0
2022-02,,공공부문,소계,경북,0
2022-02,,공공부문,소계,경남,0
2022-02,,공공부문,소계,제주,0
2022-02,,합,국민임대,전국,0
2022-02,,합,국민임대,서울,0
2022-02,,합,국민임대,인천,0
2022-02,,합,국민임대,경기,0
2022-02,,합,국민임대,부산,0
2022-02,,합,국민임대,대구,0
2022-02,,합,국민임대,광주,0
2022-02,,합,국민임대,대전,0
2022-02,,합,국민임대,울산,0
2022-02,,합,국민임대,세종,0
2022-02,,합,국민임대,강원,0
2022-02,,합,국민임대,충북,0
2022-02,,합,국민임대,충남,0
2022-02,,합,국민임대,전북,0
2022-02,,합,국민임대,전남,0
2022-02,,합,국민임대,경북,0
2022-02,,합,국민임대,경남,0
2022-02,,합,국민임대,제주,0
2022-02,,합,공공임대,전국,740
2022-02,,합,공공임대,서울,698
2022-02,,합,공공임대,인천,0
2022-02,,합,공공임대,경기,0
2022-02,,합,공공임대,부산,42
2022-02,,합,공공임대,대구,0
2022-02,,합,공공임대,광주,0
2022-02,,합,공공임대,대전,0
2022-02,,합,공공임대,울산,0
2022-02,,합,공공임대,세종,0
2022-02,,합,공공임대,강원,0
2022-02,,합,공공임대,충북,0
2022-02,,합,공공임대,충남,0
2022-02,,합,공공임대,전북,0
2022-02,,합,공공임대,전남,0
2022-02,,합,공공임대,경북,0
2022-02,,합,공공임대,경남,0
2022-02,,합,공공임대,제주,0
2022-02,,합,공공분양,전국,0
2022-02,,합,공공분양,서울,0
2022-02,,합,공공분양,인천,0
2022-02,,합,공공분양,경기,0
2022-02,,합,공공분양,부산,0
2022-02,,합,공공분양,대구,0
2022-02,,합,공공분양,광주,0
2022-02,,합,공공분양,대전,0
2022-02,,합,공공분양,울산,0
2022-02,,합,공공분양,세종,0
2022-02,,합,공공분양,강원,0
2022-02,,합,공공분양,충북,0
2022-02,,합,공공분양,충남,0
2022-02,,합,공공분양,전북,0
2022-02,,합,공공분양,전남,0
2022-02,,합,공공분양,경북,0
2022-02,,합,공공분양,경남,0
2022-02,,합,공공분양,제주,0
2022-02,,지자체,소계,전국,0
2022-02,,지자체,소계,서울,0
2022-02,,지자체,소계,인천,0
2022-02,,지자체,소계,경기,0
2022-02,,지자체,소계,부산,0
2022-02,,지자체,소계,대구,0
2022-02,,지자체,소계,광주,0
2022-02,,지자체,소계,대전,0
2022-02,,지자체,소계,울산,0
2022-02,,지자체,소계,세종,0
2022-02,,지자체,소계,강원,0
2022-02,,지자체,소계,충북,0
2022-02,,지자체,소계,충남,0
2022-02,,지자체,소계,전북,0
2022-02,,지자체,소계,전남,0
2022-02,,지자체,소계,경북,0
2022-02,,지자체,소계,경남,0
2022-02,,지자체,소계,제주,0
2022-02,,지자체,국민임대,전국,0
2022-02,,지자체,국민임대,서울,0
2022-02,,지자체,국민임대,인천,0
2022-02,,지자체,국민임대,경기,0
2022-02,,지자체,국민임대,부산,0
2022-02,,지자체,국민임대,대구,0
2022-02,,지자체,국민임대,광주,0
2022-02,,지자체,국민임대,대전,0
2022-02,,지자체,국민임대,울산,0
2022-02,,지자체,국민임대,세종,0
2022-02,,지자체,국민임대,강원,0
2022-02,,지자체,국민임대,충북,0
2022-02,,지자체,국민임대,충남,0
2022-02,,지자체,국민임대,전북,0
2022-02,,지자체,국민임대,전남,0
2022-02,,지자체,국민임대,경북,0
2022-02,,지자체,국민임대,경남,0
2022-02,,지자체,국민임대,제주,0
2022-02,,지자체,공공임대,전국,0
2022-02,,지자체,공공임대,서울,0
2022-02,,지자체,공공임대,인천,0
2022-02,,지자체,공공임대,경기,0
2022-02,,지자체,공공임대,부산,0
2022-02,,지자체,공공임대,대구,0
2022-02,,지자체,공공임대,광주,0
2022-02,,지자체,공공임대,대전,0
2022-02,,지자체,공공임대,울산,0
2022-02,,지자체,공공임대,세종,0
2022-02,,지자체,공공임대,강원,0
2022-02,,지자체,공공임대,충북,0
2022-02,,지자체,공공임대,충남,0
2022-02,,지자체,공공임대,전북,0
2022-02,,지자체,공공임대,전남,0
2022-02,,지자체,공공임대,경북,0
2022-02,,지자체,공공임대,경남,0
2022-02,,지자체,공공임대,제주,0
2022-02,,지자체,공공분양,전국,0
2022-02,,지자체,공공분양,서울,0
2022-02,,지자체,공공분양,인천,0
2022-02,,지자체,공공분양,경기,0
2022-02,,지자체,공공분양,부산,0
2022-02,,지자체,공공분양,대구,0
2022-02,,지자체,공공분양,광주,0
2022-02,,지자체,공공분양,대전,0
2022-02,,지자체,공공분양,울산,0
2022-02,,지자체,공공분양,세종,0
2022-02,,지자체,공공분양,강원,0
2022-02,,지자체,공공분양,충북,0
2022-02,,지자체,공공분양,충남,0
2022-02,,지자체,공공분양,전북,0
2022-02,,지자체,공공분양,전남,0
2022-02,,지자체,공공분양,경북,0
2022-02,,지자체,공공분양,경남,0
2022-02,,지자체,공공분양,제주,0
2022-02,,LH,소계,전국,0
2022-02,,LH,소계,서울,0
2022-02,,LH,소계,인천,0
2022-02,,LH,소계,경기,0
2022-02,,LH,소계,부산,0
2022-02,,LH,소계,대구,0
2022-02,,LH,소계,광주,0
2022-02,,LH,소계,대전,0
2022-02,,LH,소계,울산,0
2022-02,,LH,소계,세종,0
2022-02,,LH,소계,강원,0
2022-02,,LH,소계,충북,0
2022-02,,LH,소계,충남,0
2022-02,,LH,소계,전북,0
2022-02,,LH,소계,전남,0
2022-02,,LH,소계,경북,0
2022-02,,LH,소계,경남,0
2022-02,,LH,소계,제주,0
2022-02,,LH,국민임대,전국,0
2022-02,,LH,국민임대,서울,0
2022-02,,LH,국민임대,인천,0
2022-02,,LH,국민임대,경기,0
2022-02,,LH,국민임대,부산,0
2022-02,,LH,국민임대,대구,0
2022-02,,LH,국민임대,광주,0
2022-02,,LH,국민임대,대전,0
2022-02,,LH,국민임대,울산,0
2022-02,,LH,국민임대,세종,0
2022-02,,LH,국민임대,강원,0
2022-02,,LH,국민임대,충북,0
2022-02,,LH,국민임대,충남,0
2022-02,,LH,국민임대,전북,0
2022-02,,LH,국민임대,전남,0
2022-02,,LH,국민임대,경북,0
2022-02,,LH,국민임대,경남,0
2022-02,,LH,국민임대,제주,0
2022-02,,LH,공공임대,전국,0
2022-02,,LH,공공임대,서울,0
2022-02,,LH,공공임대,인천,0
2022-02,,LH,공공임대,경기,0
2022-02,,LH,공공임대,부산,0
2022-02,,LH,공공임대,대구,0
2022-02,,LH,공공임대,광주,0
2022-02,,LH,공공임대,대전,0
2022-02,,LH,공공임대,울산,0
2022-02,,LH,공공임대,세종,0
2022-02,,LH,공공임대,강원,0
2022-02,,LH,공공임대,충북,0
2022-02,,LH,공공임대,충남,0
2022-02,,LH,공공임대,전북,0
2022-02,,LH,공공임대,전남,0
2022-02,,LH,공공임대,경북,0
2022-02,,LH,공공임대,경남,0
2022-02,,LH,공공임대,제주,0
2022-02,,LH,공공분양,전국,0
2022-02,,LH,공공분양,서울,0
2022-02,,LH,공공분양,인천,0
2022-02,,LH,공공분양,경기,0
2022-02,,LH,공공분양,부산,0
2022-02,,LH,공공분양,대구,0
2022-02,,LH,공공분양,광주,0
2022-02,,LH,공공분양,대전,0
2022-02,,LH,공공분양,울산,0
2022-02,,LH,공공분양,세종,0
2022-02,,LH,공공분양,강원,0
2022-02,,LH,공공분양,충북,0
2022-02,,LH,공공분양,충남,0
2022-02,,LH,공공분양,전북,0
2022-02,,LH,공공분양,전남,0
2022-02,,LH,공공분양,경북,0
2022-02,,LH,공공분양,경남,0
2022-02,,LH,공공분양,제주,0
2022-02,,주택업체,소계,전국,740
2022-02,,주택업체,소계,서울,698
2022-02,,주택업체,소계,인천,0
2022-02,,주택업체,소계,경기,0
2022-02,,주택업체,소계,부산,42
2022-02,,주택업체,소계,대구,0
2022-02,,주택업체,소계,광주,0
2022-02,,주택업체,소계,대전,0
2022-02,,주택업체,소계,울산,0
2022-02,,주택업체,소계,세종,0
2022-02,,주택업체,소계,강원,0
2022-02,,주택업체,소계,충북,0
2022-02,,주택업체,소계,충남,0
2022-02,,주택업체,소계,전북,0
2022-02,,주택업체,소계,전남,0
2022-02,,주택업체,소계,경북,0
2022-02,,주택업체,소계,경남,0
2022-02,,주택업체,소계,제주,0
2022-02,,주택업체,국민임대,전국,0
2022-02,,주택업체,국민임대,서울,0
2022-02,,주택업체,국민임대,인천,0
2022-02,,주택업체,국민임대,경기,0
2022-02,,주택업체,국민임대,부산,0
2022-02,,주택업체,국민임대,대구,0
2022-02,,주택업체,국민임대,광주,0
2022-02,,주택업체,국민임대,대전,0
2022-02,,주택업체,국민임대,울산,0
2022-02,,주택업체,국민임대,세종,0
2022-02,,주택업체,국민임대,강원,0
2022-02,,주택업체,국민임대,충북,0
2022-02,,주택업체,국민임대,충남,0
2022-02,,주택업체,국민임대,전북,0
2022-02,,주택업체,국민임대,전남,0
2022-02,,주택업체,국민임대,경북,0
2022-02,,주택업체,국민임대,경남,0
2022-02,,주택업체,국민임대,제주,0
2022-02,,주택업체,공공임대,전국,740
2022-02,,주택업체,공공임대,서울,698
2022-02,,주택업체,공공임대,인천,0
2022-02,,주택업체,공공임대,경기,0
2022-02,,주택업체,공공임대,부산,42
2022-02,,주택업체,공공임대,대구,0
2022-02,,주택업체,공공임대,광주,0
2022-02,,주택업체,공공임대,대전,0
2022-02,,주택업체,공공임대,울산,0
2022-02,,주택업체,공공임대,세종,0
2022-02,,주택업체,공공임대,강원,0
2022-02,,주택업체,공공임대,충북,0
2022-02,,주택업체,공공임대,충남,0
2022-02,,주택업체,공공임대,전북,0
2022-02,,주택업체,공공임대,전남,0
2022-02,,주택업체,공공임대,경북,0
2022-02,,주택업체,공공임대,경남,0
2022-02,,주택업체,공공임대,제주,0
2022-02,,주택업체,공공분양,전국,0
2022-02,,주택업체,공공분양,서울,0
2022-02,,주택업체,공공분양,인천,0
2022-02,,주택업체,공공분양,경기,0
2022-02,,주택업체,공공분양,부산,0
2022-02,,주택업체,공공분양,대구,0
2022-02,,주택업체,공공분양,광주,0
2022-02,,주택업체,공공분양,대전,0
2022-02,,주택업체,공공분양,울산,0
2022-02,,주택업체,공공분양,세종,0
2022-02,,주택업체,공공분양,강원,0
2022-02,,주택업체,공공분양,충북,0
2022-02,,주택업체,공공분양,충남,0
2022-02,,주택업체,공공분양,전북,0
2022-02,,주택업체,공공분양,전남,0
2022-02,,주택업체,공공분양,경북,0
2022-02,,주택업체,공공분양,경남,0
2022-02,,주택업체,공공분양,제주,0
2022-02,,민간부문,소계,전국,21961
2022-02,,민간부문,소계,서울,2413
2022-02,,민간부문,소계,인천,2194
2022-02,,민간부문,소계,경기,9643
2022-02,,민간부문,소계,부산,253
2022-02,,민간부문,소계,대구,669
2022-02,,민간부문,소계,광주,320
2022-02,,민간부문,소계,대전,147
2022-02,,민간부문,소계,울산,49
2022-02,,민간부문,소계,세종,23
2022-02,,민간부문,소계,강원,314
2022-02,,민간부문,소계,충북,206
2022-02,,민간부문,소계,충남,2476
2022-02,,민간부문,소계,전북,138
2022-02,,민간부문,소계,전남,896
2022-02,,민간부문,소계,경북,348
2022-02,,민간부문,소계,경남,1175
2022-02,,민간부문,소계,제주,697
2022-02,,민간,민간임대,전국,814
2022-02,,민간,민간임대,서울,0
2022-02,,민간,민간임대,인천,0
2022-02,,민간,민간임대,경기,349
2022-02,,민간,민간임대,부산,0
2022-02,,민간,민간임대,대구,0
2022-02,,민간,민간임대,광주,0
2022-02,,민간,민간임대,대전,0
2022-02,,민간,민간임대,울산,0
2022-02,,민간,민간임대,세종,0
2022-02,,민간,민간임대,강원,0
2022-02,,민간,민간임대,충북,0
2022-02,,민간,민간임대,충남,0
2022-02,,민간,민간임대,전북,0
2022-02,,민간,민간임대,전남,376
2022-02,,민간,민간임대,경북,89
2022-02,,민간,민간임대,경남,0
2022-02,,민간,민간임대,제주,0
2022-02,,민간,민간분양,전국,21147
2022-02,,민간,민간분양,서울,2413
2022-02,,민간,민간분양,인천,2194
2022-02,,민간,민간분양,경기,9294
2022-02,,민간,민간분양,부산,253
2022-02,,민간,민간분양,대구,669
2022-02,,민간,민간분양,광주,320
2022-02,,민간,민간분양,대전,147
2022-02,,민간,민간분양,울산,49
2022-02,,민간,민간분양,세종,23
2022-02,,민간,민간분양,강원,314
2022-02,,민간,민간분양,충북,206
2022-02,,민간,민간분양,충남,2476
2022-02,,민간,민간분양,전북,138
2022-02,,민간,민간분양,전남,520
2022-02,,민간,민간분양,경북,259
2022-02,,민간,민간분양,경남,1175
2022-02,,민간,민간분양,제주,697
2022-03,,총계,총계,전국,40634
2022-03,,총계,총계,서울,7570
2022-03,,총계,총계,인천,3441
2022-03,,총계,총계,경기,9731
2022-03,,총계,총계,부산,1446
2022-03,,총계,총계,대구,693
2022-03,,총계,총계,광주,98
2022-03,,총계,총계,대전,4617
2022-03,,총계,총계,울산,548
2022-03,,총계,총계,세종,1090
2022-03,,총계,총계,강원,1952
2022-03,,총계,총계,충북,2356
2022-03,,총계,총계,충남,762
2022-03,,총계,총계,전북,1514
2022-03,,총계,총계,전남,1057
2022-03,,총계,총계,경북,1161
2022-03,,총계,총계,경남,1922
2022-03,,총계,총계,제주,676
2022-03,,공공부문,소계,전국,5402
2022-03,,공공부문,소계,서울,402
2022-03,,공공부문,소계,인천,676
2022-03,,공공부문,소계,경기,431
2022-03,,공공부문,소계,부산,0
2022-03,,공공부문,소계,대구,0
2022-03,,공공부문,소계,광주,0
2022-03,,공공부문,소계,대전,3463
2022-03,,공공부문,소계,울산,0
2022-03,,공공부문,소계,세종,0
2022-03,,공공부문,소계,강원,90
2022-03,,공공부문,소계,충북,200
2022-03,,공공부문,소계,충남,0
2022-03,,공공부문,소계,전북,0
2022-03,,공공부문,소계,전남,0
2022-03,,공공부문,소계,경북,140
2022-03,,공공부문,소계,경남,0
2022-03,,공공부문,소계,제주,0
2022-03,,합,국민임대,전국,42
2022-03,,합,국민임대,서울,0
2022-03,,합,국민임대,인천,0
2022-03,,합,국민임대,경기,0
2022-03,,합,국민임대,부산,0
2022-03,,합,국민임대,대구,0
2022-03,,합,국민임대,광주,0
2022-03,,합,국민임대,대전,0
2022-03,,합,국민임대,울산,0
2022-03,,합,국민임대,세종,0
2022-03,,합,국민임대,강원,0
2022-03,,합,국민임대,충북,0
2022-03,,합,국민임대,충남,0
2022-03,,합,국민임대,전북,0
2022-03,,합,국민임대,전남,0
2022-03,,합,국민임대,경북,42
2022-03,,합,국민임대,경남,0
2022-03,,합,국민임대,제주,0
2022-03,,합,공공임대,전국,1466
2022-03,,합,공공임대,서울,402
2022-03,,합,공공임대,인천,676
2022-03,,합,공공임대,경기,0
2022-03,,합,공공임대,부산,0
2022-03,,합,공공임대,대구,0
2022-03,,합,공공임대,광주,0
2022-03,,합,공공임대,대전,0
2022-03,,합,공공임대,울산,0
2022-03,,합,공공임대,세종,0
2022-03,,합,공공임대,강원,90
2022-03,,합,공공임대,충북,200
2022-03,,합,공공임대,충남,0
2022-03,,합,공공임대,전북,0
2022-03,,합,공공임대,전남,0
2022-03,,합,공공임대,경북,98
2022-03,,합,공공임대,경남,0
2022-03,,합,공공임대,제주,0
2022-03,,합,공공분양,전국,3894
2022-03,,합,공공분양,서울,0
2022-03,,합,공공분양,인천,0
2022-03,,합,공공분양,경기,431
2022-03,,합,공공분양,부산,0
2022-03,,합,공공분양,대구,0
2022-03,,합,공공분양,광주,0
2022-03,,합,공공분양,대전,3463
2022-03,,합,공공분양,울산,0
2022-03,,합,공공분양,세종,0
2022-03,,합,공공분양,강원,0
2022-03,,합,공공분양,충북,0
2022-03,,합,공공분양,충남,0
2022-03,,합,공공분양,전북,0
2022-03,,합,공공분양,전남,0
2022-03,,합,공공분양,경북,0
2022-03,,합,공공분양,경남,0
2022-03,,합,공공분양,제주,0
2022-03,,지자체,소계,전국,0
2022-03,,지자체,소계,서울,0
2022-03,,지자체,소계,인천,0
2022-03,,지자체,소계,경기,0
2022-03,,지자체,소계,부산,0
2022-03,,지자체,소계,대구,0
2022-03,,지자체,소계,광주,0
2022-03,,지자체,소계,대전,0
2022-03,,지자체,소계,울산,0
2022-03,,지자체,소계,세종,0
2022-03,,지자체,소계,강원,0
2022-03,,지자체,소계,충북,0
2022-03,,지자체,소계,충남,0
2022-03,,지자체,소계,전북,0
2022-03,,지자체,소계,전남,0
2022-03,,지자체,소계,경북,0
2022-03,,지자체,소계,경남,0
2022-03,,지자체,소계,제주,0
2022-03,,지자체,국민임대,전국,0
2022-03,,지자체,국민임대,서울,0
2022-03,,지자체,국민임대,인천,0
2022-03,,지자체,국민임대,경기,0
2022-03,,지자체,국민임대,부산,0
2022-03,,지자체,국민임대,대구,0
2022-03,,지자체,국민임대,광주,0
2022-03,,지자체,국민임대,대전,0
2022-03,,지자체,국민임대,울산,0
2022-03,,지자체,국민임대,세종,0
2022-03,,지자체,국민임대,강원,0
2022-03,,지자체,국민임대,충북,0
2022-03,,지자체,국민임대,충남,0
2022-03,,지자체,국민임대,전북,0
2022-03,,지자체,국민임대,전남,0
2022-03,,지자체,국민임대,경북,0
2022-03,,지자체,국민임대,경남,0
2022-03,,지자체,국민임대,제주,0
2022-03,,지자체,공공임대,전국,0
2022-03,,지자체,공공임대,서울,0
2022-03,,지자체,공공임대,인천,0
2022-03,,지자체,공공임대,경기,0
2022-03,,지자체,공공임대,부산,0
2022-03,,지자체,공공임대,대구,0
2022-03,,지자체,공공임대,광주,0
2022-03,,지자체,공공임대,대전,0
2022-03,,지자체,공공임대,울산,0
2022-03,,지자체,공공임대,세종,0
2022-03,,지자체,공공임대,강원,0
2022-03,,지자체,공공임대,충북,0
2022-03,,지자체,공공임대,충남,0
2022-03,,지자체,공공임대,전북,0
2022-03,,지자체,공공임대,전남,0
2022-03,,지자체,공공임대,경북,0
2022-03,,지자체,공공임대,경남,0
2022-03,,지자체,공공임대,제주,0
2022-03,,지자체,공공분양,전국,0
2022-03,,지자체,공공분양,서울,0
2022-03,,지자체,공공분양,인천,0
2022-03,,지자체,공공분양,경기,0
2022-03,,지자체,공공분양,부산,0
2022-03,,지자체,공공분양,대구,0
2022-03,,지자체,공공분양,광주,0
2022-03,,지자체,공공분양,대전,0
2022-03,,지자체,공공분양,울산,0
2022-03,,지자체,공공분양,세종,0
2022-03,,지자체,공공분양,강원,0
2022-03,,지자체,공공분양,충북,0
2022-03,,지자체,공공분양,충남,0
2022-03,,지자체,공공분양,전북,0
2022-03,,지자체,공공분양,전남,0
2022-03,,지자체,공공분양,경북,0
2022-03,,지자체,공공분양,경남,0
2022-03,,지자체,공공분양,제주,0
2022-03,,LH,소계,전국,1123
2022-03,,LH,소계,서울,17
2022-03,,LH,소계,인천,676
2022-03,,LH,소계,경기,0
2022-03,,LH,소계,부산,0
2022-03,,LH,소계,대구,0
2022-03,,LH,소계,광주,0
2022-03,,LH,소계,대전,0
2022-03,,LH,소계,울산,0
2022-03,,LH,소계,세종,0
2022-03,,LH,소계,강원,90
2022-03,,LH,소계,충북,200
2022-03,,LH,소계,충남,0
2022-03,,LH,소계,전북,0
2022-03,,LH,소계,전남,0
2022-03,,LH,소계,경북,140
2022-03,,LH,소계,경남,0
2022-03,,LH,소계,제주,0
2022-03,,LH,국민임대,전국,42
2022-03,,LH,국민임대,서울,0
2022-03,,LH,국민임대,인천,0
2022-03,,LH,국민임대,경기,0
2022-03,,LH,국민임대,부산,0
2022-03,,LH,국민임대,대구,0
2022-03,,LH,국민임대,광주,0
2022-03,,LH,국민임대,대전,0
2022-03,,LH,국민임대,울산,0
2022-03,,LH,국민임대,세종,0
2022-03,,LH,국민임대,강원,0
2022-03,,LH,국민임대,충북,0
2022-03,,LH,국민임대,충남,0
2022-03,,LH,국민임대,전북,0
2022-03,,LH,국민임대,전남,0
2022-03,,LH,국민임대,경북,42
2022-03,,LH,국민임대,경남,0
2022-03,,LH,국민임대,제주,0
2022-03,,LH,공공임대,전국,1081
2022-03,,LH,공공임대,서울,17
2022-03,,LH,공공임대,인천,676
2022-03,,LH,공공임대,경기,0
2022-03,,LH,공공임대,부산,0
2022-03,,LH,공공임대,대구,0
2022-03,,LH,공공임대,광주,0
2022-03,,LH,공공임대,대전,0
2022-03,,LH,공공임대,울산,0
2022-03,,LH,공공임대,세종,0
2022-03,,LH,공공임대,강원,90
2022-03,,LH,공공임대,충북,200
2022-03,,LH,공공임대,충남,0
2022-03,,LH,공공임대,전북,0
2022-03,,LH,공공임대,전남,0
2022-03,,LH,공공임대,경북,98
2022-03,,LH,공공임대,경남,0
2022-03,,LH,공공임대,제주,0
2022-03,,LH,공공분양,전국,0
2022-03,,LH,공공분양,서울,0
2022-03,,LH,공공분양,인천,0
2022-03,,LH,공공분양,경기,0
2022-03,,LH,공공분양,부산,0
2022-03,,LH,공공분양,대구,0
2022-03,,LH,공공분양,광주,0
2022-03,,LH,공공분양,대전,0
2022-03,,LH,공공분양,울산,0
2022-03,,LH,공공분양,세종,0
2022-03,,LH,공공분양,강원,0
2022-03,,LH,공공분양,충북,0
2022-03,,LH,공공분양,충남,0
2022-03,,LH,공공분양,전북,0
2022-03,,LH,공공분양,전남,0
2022-03,,LH,공공분양,경북,0
2022-03,,LH,공공분양,경남,0
2022-03,,LH,공공분양,제주,0
2022-03,,주택업체,소계,전국,4279
2022-03,,주택업체,소계,서울,385
2022-03,,주택업체,소계,인천,0
2022-03,,주택업체,소계,경기,431
2022-03,,주택업체,소계,부산,0
2022-03,,주택업체,소계,대구,0
2022-03,,주택업체,소계,광주,0
2022-03,,주택업체,소계,대전,3463
2022-03,,주택업체,소계,울산,0
2022-03,,주택업체,소계,세종,0
2022-03,,주택업체,소계,강원,0
2022-03,,주택업체,소계,충북,0
2022-03,,주택업체,소계,충남,0
2022-03,,주택업체,소계,전북,0
2022-03,,주택업체,소계,전남,0
2022-03,,주택업체,소계,경북,0
2022-03,,주택업체,소계,경남,0
2022-03,,주택업체,소계,제주,0
2022-03,,주택업체,국민임대,전국,0
2022-03,,주택업체,국민임대,서울,0
2022-03,,주택업체,국민임대,인천,0
2022-03,,주택업체,국민임대,경기,0
2022-03,,주택업체,국민임대,부산,0
2022-03,,주택업체,국민임대,대구,0
2022-03,,주택업체,국민임대,광주,0
2022-03,,주택업체,국민임대,대전,0
2022-03,,주택업체,국민임대,울산,0
2022-03,,주택업체,국민임대,세종,0
2022-03,,주택업체,국민임대,강원,0
2022-03,,주택업체,국민임대,충북,0
2022-03,,주택업체,국민임대,충남,0
2022-03,,주택업체,국민임대,전북,0
2022-03,,주택업체,국민임대,전남,0
2022-03,,주택업체,국민임대,경북,0
2022-03,,주택업체,국민임대,경남,0
2022-03,,주택업체,국민임대,제주,0
2022-03,,주택업체,공공임대,전국,385
2022-03,,주택업체,공공임대,서울,385
2022-03,,주택업체,공공임대,인천,0
2022-03,,주택업체,공공임대,경기,0
2022-03,,주택업체,공공임대,부산,0
2022-03,,주택업체,공공임대,대구,0
2022-03,,주택업체,공공임대,광주,0
2022-03,,주택업체,공공임대,대전,0
2022-03,,주택업체,공공임대,울산,0
2022-03,,주택업체,공공임대,세종,0
2022-03,,주택업체,공공임대,강원,0
2022-03,,주택업체,공공임대,충북,0
2022-03,,주택업체,공공임대,충남,0
2022-03,,주택업체,공공임대,전북,0
2022-03,,주택업체,공공임대,전남,0
2022-03,,주택업체,공공임대,경북,0
2022-03,,주택업체,공공임대,경남,0
2022-03,,주택업체,공공임대,제주,0
2022-03,,주택업체,공공분양,전국,3894
2022-03,,주택업체,공공분양,서울,0
2022-03,,주택업체,공공분양,인천,0
2022-03,,주택업체,공공분양,경기,431
2022-03,,주택업체,공공분양,부산,0
2022-03,,주택업체,공공분양,대구,0
2022-03,,주택업체,공공분양,광주,0
2022-03,,주택업체,공공분양,대전,3463
2022-03,,주택업체,공공분양,울산,0
2022-03,,주택업체,공공분양,세종,0
2022-03,,주택업체,공공분양,강원,0
2022-03,,주택업체,공공분양,충북,0
2022-03,,주택업체,공공분양,충남,0
2022-03,,주택업체,공공분양,전북,0
2022-03,,주택업체,공공분양,전남,0
2022-03,,주택업체,공공분양,경북,0
2022-03,,주택업체,공공분양,경남,0
2022-03,,주택업체,공공분양,제주,0
2022-03,,민간부문,소계,전국,35232
2022-03,,민간부문,소계,서울,7168
2022-03,,민간부문,소계,인천,2765
2022-03,,민간부문,소계,경기,9300
2022-03,,민간부문,소계,부산,1446
2022-03,,민간부문,소계,대구,693
2022-03,,민간부문,소계,광주,98
2022-03,,민간부문,소계,대전,1154
2022-03,,민간부문,소계,울산,548
2022-03,,민간부문,소계,세종,1090
2022-03,,민간부문,소계,강원,1862
2022-03,,민간부문,소계,충북,2156
2022-03,,민간부문,소계,충남,762
2022-03,,민간부문,소계,전북,1514
2022-03,,민간부문,소계,전남,1057
2022-03,,민간부문,소계,경북,1021
2022-03,,민간부문,소계,경남,1922
2022-03,,민간부문,소계,제주,676
2022-03,,민간,민간임대,전국,5244
2022-03,,민간,민간임대,서울,976
2022-03,,민간,민간임대,인천,0
2022-03,,민간,민간임대,경기,0
2022-03,,민간,민간임대,부산,0
2022-03,,민간,민간임대,대구,0
2022-03,,민간,민간임대,광주,0
2022-03,,민간,민간임대,대전,0
2022-03,,민간,민간임대,울산,0
2022-03,,민간,민간임대,세종,0
2022-03,,민간,민간임대,강원,604
2022-03,,민간,민간임대,충북,1754
2022-03,,민간,민간임대,충남,0
2022-03,,민간,민간임대,전북,67
2022-03,,민간,민간임대,전남,548
2022-03,,민간,민간임대,경북,522
2022-03,,민간,민간임대,경남,773
2022-03,,민간,민간임대,제주,0
2022-03,,민간,민간분양,전국,29988
2022-03,,민간,민간분양,서울,6192
2022-03,,민간,민간분양,인천,2765
2022-03,,민간,민간분양,경기,9300
2022-03,,민간,민간분양,부산,1446
2022-03,,민간,민간분양,대구,693
2022-03,,민간,민간분양,광주,98
2022-03,,민간,민간분양,대전,1154
2022-03,,민간,민간분양,울산,548
2022-03,,민간,민간분양,세종,1090
2022-03,,민간,민간분양,강원,1258
2022-03,,민간,민간분양,충북,402
2022-03,,민간,민간분양,충남,762
2022-03,,민간,민간분양,전북,1447
2022-03,,민간,민간분양,전남,509
2022-03,,민간,민간분양,경북,499
2022-03,,민간,민간분양,경남,1149
2022-03,,민간,민간분양,제주,676
2022-04,,총계,총계,전국,34593
2022-04,,총계,총계,서울,5302
2022-04,,총계,총계,인천,3467
2022-04,,총계,총계,경기,7540
2022-04,,총계,총계,부산,1289
2022-04,,총계,총계,대구,2330
2022-04,,총계,총계,광주,400
2022-04,,총계,총계,대전,515
2022-04,,총계,총계,울산,138
2022-04,,총계,총계,세종,68
2022-04,,총계,총계,강원,1682
2022-04,,총계,총계,충북,2138
2022-04,,총계,총계,충남,1353
2022-04,,총계,총계,전북,1576
2022-04,,총계,총계,전남,2112
2022-04,,총계,총계,경북,499
2022-04,,총계,총계,경남,3597
2022-04,,총계,총계,제주,587
2022-04,,공공부문,소계,전국,624
2022-04,,공공부문,소계,서울,1
2022-04,,공공부문,소계,인천,0
2022-04,,공공부문,소계,경기,0
2022-04,,공공부문,소계,부산,0
2022-04,,공공부문,소계,대구,366
2022-04,,공공부문,소계,광주,0
2022-04,,공공부문,소계,대전,162
2022-04,,공공부문,소계,울산,0
2022-04,,공공부문,소계,세종,0
2022-04,,공공부문,소계,강원,80
2022-04,,공공부문,소계,충북,0
2022-04,,공공부문,소계,충남,0
2022-04,,공공부문,소계,전북,0
2022-04,,공공부문,소계,전남,0
2022-04,,공공부문,소계,경북,0
2022-04,,공공부문,소계,경남,0
2022-04,,공공부문,소계,제주,15
2022-04,,합,국민임대,전국,75
2022-04,,합,국민임대,서울,0
2022-04,,합,국민임대,인천,0
2022-04,,합,국민임대,경기,0
2022-04,,합,국민임대,부산,0
2022-04,,합,국민임대,대구,0
2022-04,,합,국민임대,광주,0
2022-04,,합,국민임대,대전,0
2022-04,,합,국민임대,울산,0
2022-04,,합,국민임대,세종,0
2022-04,,합,국민임대,강원,60
2022-04,,합,국민임대,충북,0
2022-04,,합,국민임대,충남,0
2022-04,,합,국민임대,전북,0
2022-04,,합,국민임대,전남,0
2022-04,,합,국민임대,경북,0
2022-04,,합,국민임대,경남,0
2022-04,,합,국민임대,제주,15
2022-04,,합,공공임대,전국,183
2022-04,,합,공공임대,서울,1
2022-04,,합,공공임대,인천,0
2022-04,,합,공공임대,경기,0
2022-04,,합,공공임대,부산,0
2022-04,,합,공공임대,대구,0
2022-04,,합,공공임대,광주,0
2022-04,,합,공공임대,대전,162
2022-04,,합,공공임대,울산,0
2022-04,,합,공공임대,세종,0
2022-04,,합,공공임대,강원,20
2022-04,,합,공공임대,충북,0
2022-04,,합,공공임대,충남,0
2022-04,,합,공공임대,전북,0
2022-04,,합,공공임대,전남,0
2022-04,,합,공공임대,경북,0
2022-04,,합,공공임대,경남,0
2022-04,,합,공공임대,제주,0
2022-04,,합,공공분양,전국,366
2022-04,,합,공공분양,서울,0
2022-04,,합,공공분양,인천,0
2022-04,,합,공공분양,경기,0
2022-04,,합,공공분양,부산,0
2022-04,,합,공공분양,대구,366
2022-04,,합,공공분양,광주,0
2022-04,,합,공공분양,대전,0
2022-04,,합,공공분양,울산,0
2022-04,,합,공공분양,세종,0
2022-04,,합,공공분양,강원,0
2022-04,,합,공공분양,충북,0
2022-04,,합,공공분양,충남,0
2022-04,,합,공공분양,전북,0
2022-04,,합,공공분양,전남,0
2022-04,,합,공공분양,경북,0
2022-04,,합,공공분양,경남,0
2022-04,,합,공공분양,제주,0
2022-04,,지자체,소계,전국,0
2022-04,,지자체,소계,서울,0
2022-04,,지자체,소계,인천,0
2022-04,,지자체,소계,경기,0
2022-04,,지자체,소계,부산,0
2022-04,,지자체,소계,대구,0
2022-04,,지자체,소계,광주,0
2022-04,,지자체,소계,대전,0
2022-04,,지자체,소계,울산,0
2022-04,,지자체,소계,세종,0
2022-04,,지자체,소계,강원,0
2022-04,,지자체,소계,충북,0
2022-04,,지자체,소계,충남,0
2022-04,,지자체,소계,전북,0
2022-04,,지자체,소계,전남,0
2022-04,,지자체,소계,경북,0
2022-04,,지자체,소계,경남,0
2022-04,,지자체,소계,제주,0
2022-04,,지자체,국민임대,전국,0
2022-04,,지자체,국민임대,서울,0
2022-04,,지자체,국민임대,인천,0
2022-04,,지자체,국민임대,경기,0
2022-04,,지자체,국민임대,부산,0
2022-04,,지자체,국민임대,대구,0
2022-04,,지자체,국민임대,광주,0
2022-04,,지자체,국민임대,대전,0
2022-04,,지자체,국민임대,울산,0
2022-04,,지자체,국민임대,세종,0
2022-04,,지자체,국민임대,강원,0
2022-04,,지자체,국민임대,충북,0
2022-04,,지자체,국민임대,충남,0
2022-04,,지자체,국민임대,전북,0
2022-04,,지자체,국민임대,전남,0
2022-04,,지자체,국민임대,경북,0
2022-04,,지자체,국민임대,경남,0
2022-04,,지자체,국민임대,제주,0
2022-04,,지자체,공공임대,전국,0
2022-04,,지자체,공공임대,서울,0
2022-04,,지자체,공공임대,인천,0
2022-04,,지자체,공공임대,경기,0
2022-04,,지자체,공공임대,부산,0
2022-04,,지자체,공공임대,대구,0
2022-04,,지자체,공공임대,광주,0
2022-04,,지자체,공공임대,대전,0
2022-04,,지자체,공공임대,울산,0
2022-04,,지자체,공공임대,세종,0
2022-04,,지자체,공공임대,강원,0
2022-04,,지자체,공공임대,충북,0
2022-04,,지자체,공공임대,충남,0
2022-04,,지자체,공공임대,전북,0
2022-04,,지자체,공공임대,전남,0
2022-04,,지자체,공공임대,경북,0
2022-04,,지자체,공공임대,경남,0
2022-04,,지자체,공공임대,제주,0
2022-04,,지자체,공공분양,전국,0
2022-04,,지자체,공공분양,서울,0
2022-04,,지자체,공공분양,인천,0
2022-04,,지자체,공공분양,경기,0
2022-04,,지자체,공공분양,부산,0
2022-04,,지자체,공공분양,대구,0
2022-04,,지자체,공공분양,광주,0
2022-04,,지자체,공공분양,대전,0
2022-04,,지자체,공공분양,울산,0
2022-04,,지자체,공공분양,세종,0
2022-04,,지자체,공공분양,강원,0
2022-04,,지자체,공공분양,충북,0
2022-04,,지자체,공공분양,충남,0
2022-04,,지자체,공공분양,전북,0
2022-04,,지자체,공공분양,전남,0
2022-04,,지자체,공공분양,경북,0
2022-04,,지자체,공공분양,경남,0
2022-04,,지자체,공공분양,제주,0
2022-04,,LH,소계,전국,80
2022-04,,LH,소계,서울,0
2022-04,,LH,소계,인천,0
2022-04,,LH,소계,경기,0
2022-04,,LH,소계,부산,0
2022-04,,LH,소계,대구,0
2022-04,,LH,소계,광주,0
2022-04,,LH,소계,대전,0
2022-04,,LH,소계,울산,0
2022-04,,LH,소계,세종,0
2022-04,,LH,소계,강원,80
2022-04,,LH,소계,충북,0
2022-04,,LH,소계,충남,0
2022-04,,LH,소계,전북,0
2022-04,,LH,소계,전남,0
2022-04,,LH,소계,경북,0
2022-04,,LH,소계,경남,0
2022-04,,LH,소계,제주,0
2022-04,,LH,국민임대,전국,60
2022-04,,LH,국민임대,서울,0
2022-04,,LH,국민임대,인천,0
2022-04,,LH,국민임대,경기,0
2022-04,,LH,국민임대,부산,0
2022-04,,LH,국민임대,대구,0
2022-04,,LH,국민임대,광주,0
2022-04,,LH,국민임대,대전,0
2022-04,,LH,국민임대,울산,0
2022-04,,LH,국민임대,세종,0
2022-04,,LH,국민임대,강원,60
2022-04,,LH,국민임대,충북,0
2022-04,,LH,국민임대,충남,0
2022-04,,LH,국민임대,전북,0
2022-04,,LH,국민임대,전남,0
2022-04,,LH,국민임대,경북,0
2022-04,,LH,국민임대,경남,0
2022-04,,LH,국민임대,제주,0
2022-04,,LH,공공임대,전국,20
2022-04,,LH,공공임대,서울,0
2022-04,,LH,공공임대,인천,0
2022-04,,LH,공공임대,경기,0
2022-04,,LH,공공임대,부산,0
2022-04,,LH,공공임대,대구,0
2022-04,,LH,공공임대,광주,0
2022-04,,LH,공공임대,대전,0
2022-04,,LH,공공임대,울산,0
2022-04,,LH,공공임대,세종,0
2022-04,,LH,공공임대,강원,20
2022-04,,LH,공공임대,충북,0
2022-04,,LH,공공임대,충남,0
2022-04,,LH,공공임대,전북,0
2022-04,,LH,공공임대,전남,0
2022-04,,LH,공공임대,경북,0
2022-04,,LH,공공임대,경남,0
2022-04,,LH,공공임대,제주,0
2022-04,,LH,공공분양,전국,0
2022-04,,LH,공공분양,서울,0
2022-04,,LH,공공분양,인천,0
2022-04,,LH,공공분양,경기,0
2022-04,,LH,공공분양,부산,0
2022-04,,LH,공공분양,대구,0
2022-04,,LH,공공분양,광주,0
2022-04,,LH,공공분양,대전,0
2022-04,,LH,공공분양,울산,0
2022-04,,LH,공공분양,세종,0
2022-04,,LH,공공분양,강원,0
2022-04,,LH,공공분양,충북,0
2022-04,,LH,공공분양,충남,0
2022-04,,LH,공공분양,전북,0
2022-04,,LH,공공분양,전남,0
2022-04,,LH,공공분양,경북,0
2022-04,,LH,공공분양,경남,0
2022-04,,LH,공공분양,제주,0
2022-04,,주택업체,소계,전국,544
2022-04,,주택업체,소계,서울,1
2022-04,,주택업체,소계,인천,0
2022-04,,주택업체,소계,경기,0
2022-04,,주택업체,소계,부산,0
2022-04,,주택업체,소계,대구,366
2022-04,,주택업체,소계,광주,0
2022-04,,주택업체,소계,대전,162
2022-04,,주택업체,소계,울산,0
2022-04,,주택업체,소계,세종,0
2022-04,,주택업체,소계,강원,0
2022-04,,주택업체,소계,충북,0
2022-04,,주택업체,소계,충남,0
2022-04,,주택업체,소계,전북,0
2022-04,,주택업체,소계,전남,0
2022-04,,주택업체,소계,경북,0
2022-04,,주택업체,소계,경남,0
2022-04,,주택업체,소계,제주,15
2022-04,,주택업체,국민임대,전국,15
2022-04,,주택업체,국민임대,서울,0
2022-04,,주택업체,국민임대,인천,0
2022-04,,주택업체,국민임대,경기,0
2022-04,,주택업체,국민임대,부산,0
2022-04,,주택업체,국민임대,대구,0
2022-04,,주택업체,국민임대,광주,0
2022-04,,주택업체,국민임대,대전,0
2022-04,,주택업체,국민임대,울산,0
2022-04,,주택업체,국민임대,세종,0
2022-04,,주택업체,국민임대,강원,0
2022-04,,주택업체,국민임대,충북,0
2022-04,,주택업체,국민임대,충남,0
2022-04,,주택업체,국민임대,전북,0
2022-04,,주택업체,국민임대,전남,0
2022-04,,주택업체,국민임대,경북,0
2022-04,,주택업체,국민임대,경남,0
2022-04,,주택업체,국민임대,제주,15
2022-04,,주택업체,공공임대,전국,163
2022-04,,주택업체,공공임대,서울,1
2022-04,,주택업체,공공임대,인천,0
2022-04,,주택업체,공공임대,경기,0
2022-04,,주택업체,공공임대,부산,0
2022-04,,주택업체,공공임대,대구,0
2022-04,,주택업체,공공임대,광주,0
2022-04,,주택업체,공공임대,대전,162
2022-04,,주택업체,공공임대,울산,0
2022-04,,주택업체,공공임대,세종,0
2022-04,,주택업체,공공임대,강원,0
2022-04,,주택업체,공공임대,충북,0
2022-04,,주택업체,공공임대,충남,0
2022-04,,주택업체,공공임대,전북,0
2022-04,,주택업체,공공임대,전남,0
2022-04,,주택업체,공공임대,경북,0
2022-04,,주택업체,공공임대,경남,0
2022-04,,주택업체,공공임대,제주,0
2022-04,,주택업체,공공분양,전국,366
2022-04,,주택업체,공공분양,서울,0
2022-04,,주택업체,공공분양,인천,0
2022-04,,주택업체,공공분양,경기,0
2022-04,,주택업체,공공분양,부산,0
2022-04,,주택업체,공공분양,대구,366
2022-04,,주택업체,공공분양,광주,0
2022-04,,주택업체,공공분양,대전,0
2022-04,,주택업체,공공분양,울산,0
2022-04,,주택업체,공공분양,세종,0
2022-04,,주택업체,공공분양,강원,0
2022-04,,주택업체,공공분양,충북,0
2022-04,,주택업체,공공분양,충남,0
2022-04,,주택업체,공공분양,전북,0
2022-04,,주택업체,공공분양,전남,0
2022-04,,주택업체,공공분양,경북,0
2022-04,,주택업체,공공분양,경남,0
2022-04,,주택업체,공공분양,제주,0
2022-04,,민간부문,소계,전국,33969
2022-04,,민간부문,소계,서울,5301
2022-04,,민간부문,소계,인천,3467
2022-04,,민간부문,소계,경기,7540
2022-04,,민간부문,소계,부산,1289
2022-04,,민간부문,소계,대구,1964
2022-04,,민간부문,소계,광주,400
2022-04,,민간부문,소계,대전,353
2022-04,,민간부문,소계,울산,138
2022-04,,민간부문,소계,세종,68
2022-04,,민간부문,소계,강원,1602
2022-04,,민간부문,소계,충북,2138
2022-04,,민간부문,소계,충남,1353
2022-04,,민간부문,소계,전북,1576
2022-04,,민간부문,소계,전남,2112
2022-04,,민간부문,소계,경북,499
2022-04,,민간부문,소계,경남,3597
2022-04,,민간부문,소계,제주,572
2022-04,,민간,민간임대,전국,3162
2022-04,,민간,민간임대,서울,58
2022-04,,민간,민간임대,인천,0
2022-04,,민간,민간임대,경기,0
2022-04,,민간,민간임대,부산,0
2022-04,,민간,민간임대,대구,0
2022-04,,민간,민간임대,광주,0
2022-04,,민간,민간임대,대전,0
2022-04,,민간,민간임대,울산,0
2022-04,,민간,민간임대,세종,0
2022-04,,민간,민간임대,강원,1114
2022-04,,민간,민간임대,충북,0
2022-04,,민간,민간임대,충남,824
2022-04,,민간,민간임대,전북,342
2022-04,,민간,민간임대,전남,0
2022-04,,민간,민간임대,경북,0
2022-04,,민간,민간임대,경남,824
2022-04,,민간,민간임대,제주,0
2022-04,,민간,민간분양,전국,30807
2022-04,,민간,민간분양,서울,5243
2022-04,,민간,민간분양,인천,3467
2022-04,,민간,민간분양,경기,7540
2022-04,,민간,민간분양,부산,1289
2022-04,,민간,민간분양,대구,1964
2022-04,,민간,민간분양,광주,400
2022-04,,민간,민간분양,대전,353
2022-04,,민간,민간분양,울산,138
2022-04,,민간,민간분양,세종,68
2022-04,,민간,민간분양,강원,488
2022-04,,민간,민간분양,충북,2138
2022-04,,민간,민간분양,충남,529
2022-04,,민간,민간분양,전북,1234
2022-04,,민간,민간분양,전남,2112
2022-04,,민간,민간분양,경북,499
2022-04,,민간,민간분양,경남,2773
2022-04,,민간,민간분양,제주,572
2022-05,,총계,총계,전국,31882
2022-05,,총계,총계,서울,3867
2022-05,,총계,총계,인천,2603
2022-05,,총계,총계,경기,7619
2022-05,,총계,총계,부산,2099
2022-05,,총계,총계,대구,1798
2022-05,,총계,총계,광주,1504
2022-05,,총계,총계,대전,146
2022-05,,총계,총계,울산,577
2022-05,,총계,총계,세종,45
2022-05,,총계,총계,강원,1074
2022-05,,총계,총계,충북,1691
2022-05,,총계,총계,충남,1223
2022-05,,총계,총계,전북,452
2022-05,,총계,총계,전남,1040
2022-05,,총계,총계,경북,4490
2022-05,,총계,총계,경남,1170
2022-05,,총계,총계,제주,484
2022-05,,공공부문,소계,전국,5104
2022-05,,공공부문,소계,서울,1042
2022-05,,공공부문,소계,인천,1535
2022-05,,공공부문,소계,경기,421
2022-05,,공공부문,소계,부산,1906
2022-05,,공공부문,소계,대구,0
2022-05,,공공부문,소계,광주,0
2022-05,,공공부문,소계,대전,0
2022-05,,공공부문,소계,울산,0
2022-05,,공공부문,소계,세종,0
2022-05,,공공부문,소계,강원,200
2022-05,,공공부문,소계,충북,0
2022-05,,공공부문,소계,충남,0
2022-05,,공공부문,소계,전북,0
2022-05,,공공부문,소계,전남,0
2022-05,,공공부문,소계,경북,0
2022-05,,공공부문,소계,경남,0
2022-05,,공공부문,소계,제주,0
2022-05,,합,국민임대,전국,449
2022-05,,합,국민임대,서울,0
2022-05,,합,국민임대,인천,0
2022-05,,합,국민임대,경기,289
2022-05,,합,국민임대,부산,0
2022-05,,합,국민임대,대구,0
2022-05,,합,국민임대,광주,0
2022-05,,합,국민임대,대전,0
2022-05,,합,국민임대,울산,0
2022-05,,합,국민임대,세종,0
2022-05,,합,국민임대,강원,160
2022-05,,합,국민임대,충북,0
2022-05,,합,국민임대,충남,0
2022-05,,합,국민임대,전북,0
2022-05,,합,국민임대,전남,0
2022-05,,합,국민임대,경북,0
2022-05,,합,국민임대,경남,0
2022-05,,합,국민임대,제주,0
2022-05,,합,공공임대,전국,888
2022-05,,합,공공임대,서울,716
2022-05,,합,공공임대,인천,0
2022-05,,합,공공임대,경기,132
2022-05,,합,공공임대,부산,0
2022-05,,합,공공임대,대구,0
2022-05,,합,공공임대,광주,0
2022-05,,합,공공임대,대전,0
2022-05,,합,공공임대,울산,0
2022-05,,합,공공임대,세종,0
2022-05,,합,공공임대,강원,40
2022-05,,합,공공임대,충북,0
2022-05,,합,공공임대,충남,0
2022-05,,합,공공임대,전북,0
2022-05,,합,공공임대,전남,0
2022-05,,합,공공임대,경북,0
2022-05,,합,공공임대,경남,0
2022-05,,합,공공임대,제주,0
2022-05,,합,공공분양,전국,3767
2022-05,,합,공공분양,서울,326
2022-05,,합,공공분양,인천,1535
2022-05,,합,공공분양,경기,0
2022-05,,합,공공분양,부산,1906
2022-05,,합,공공분양,대구,0
2022-05,,합,공공분양,광주,0
2022-05,,합,공공분양,대전,0
2022-05,,합,공공분양,울산,0
2022-05,,합,공공분양,세종,0
2022-05,,합,공공분양,강원,0
2022-05,,합,공공분양,충북,0
2022-05,,합,공공분양,충남,0
2022-05,,합,공공분양,전북,0
2022-05,,합,공공분양,전남,0
2022-05,,합,공공분양,경북,0
2022-05,,합,공공분양,경남,0
2022-05,,합,공공분양,제주,0
2022-05,,지자체,소계,전국,953
2022-05,,지자체,소계,서울,0
2022-05,,지자체,소계,인천,0
2022-05,,지자체,소계,경기,0
2022-05,,지자체,소계,부산,953
2022-05,,지자체,소계,대구,0
2022-05,,지자체,소계,광주,0
2022-05,,지자체,소계,대전,0
2022-05,,지자체,소계,울산,0
2022-05,,지자체,소계,세종,0
2022-05,,지자체,소계,강원,0
2022-05,,지자체,소계,충북,0
2022-05,,지자체,소계,충남,0
2022-05,,지자체,소계,전북,0
2022-05,,지자체,소계,전남,0
2022-05,,지자체,소계,경북,0
2022-05,,지자체,소계,경남,0
2022-05,,지자체,소계,제주,0
2022-05,,지자체,국민임대,전국,0
2022-05,,지자체,국민임대,서울,0
2022-05,,지자체,국민임대,인천,0
2022-05,,지자체,국민임대,경기,0
2022-05,,지자체,국민임대,부산,0
2022-05,,지자체,국민임대,대구,0
2022-05,,지자체,국민임대,광주,0
2022-05,,지자체,국민임대,대전,0
2022-05,,지자체,국민임대,울산,0
2022-05,,지자체,국민임대,세종,0
2022-05,,지자체,국민임대,강원,0
2022-05,,지자체,국민임대,충북,0
2022-05,,지자체,국민임대,충남,0
2022-05,,지자체,국민임대,전북,0
2022-05,,지자체,국민임대,전남,0
2022-05,,지자체,국민임대,경북,0
2022-05,,지자체,국민임대,경남,0
2022-05,,지자체,국민임대,제주,0
2022-05,,지자체,공공임대,전국,0
2022-05,,지자체,공공임대,서울,0
2022-05,,지자체,공공임대,인천,0
2022-05,,지자체,공공임대,경기,0
2022-05,,지자체,공공임대,부산,0
2022-05,,지자체,공공임대,대구,0
2022-05,,지자체,공공임대,광주,0
2022-05,,지자체,공공임대,대전,0
2022-05,,지자체,공공임대,울산,0
2022-05,,지자체,공공임대,세종,0
2022-05,,지자체,공공임대,강원,0
2022-05,,지자체,공공임대,충북,0
2022-05,,지자체,공공임대,충남,0
2022-05,,지자체,공공임대,전북,0
2022-05,,지자체,공공임대,전남,0
2022-05,,지자체,공공임대,경북,0
2022-05,,지자체,공공임대,경남,0
2022-05,,지자체,공공임대,제주,0
2022-05,,지자체,공공분양,전국,953
2022-05,,지자체,공공분양,서울,0
2022-05,,지자체,공공분양,인천,0
2022-05,,지자체,공공분양,경기,0
2022-05,,지자체,공공분양,부산,953
2022-05,,지자체,공공분양,대구,0
2022-05,,지자체,공공분양,광주,0
2022-05,,지자체,공공분양,대전,0
2022-05,,지자체,공공분양,울산,0
2022-05,,지자체,공공분양,세종,0
2022-05,,지자체,공공분양,강원,0
2022-05,,지자체,공공분양,충북,0
2022-05,,지자체,공공분양,충남,0
2022-05,,지자체,공공분양,전북,0
2022-05,,지자체,공공분양,전남,0
2022-05,,지자체,공공분양,경북,0
2022-05,,지자체,공공분양,경남,0
2022-05,,지자체,공공분양,제주,0
2022-05,,LH,소계,전국,621
2022-05,,LH,소계,서울,0
2022-05,,LH,소계,인천,0
2022-05,,LH,소계,경기,421
2022-05,,LH,소계,부산,0
2022-05,,LH,소계,대구,0
2022-05,,LH,소계,광주,0
2022-05,,LH,소계,대전,0
2022-05,,LH,소계,울산,0
2022-05,,LH,소계,세종,0
2022-05,,LH,소계,강원,200
2022-05,,LH,소계,충북,0
2022-05,,LH,소계,충남,0
2022-05,,LH,소계,전북,0
2022-05,,LH,소계,전남,0
2022-05,,LH,소계,경북,0
2022-05,,LH,소계,경남,0
2022-05,,LH,소계,제주,0
2022-05,,LH,국민임대,전국,449
2022-05,,LH,국민임대,서울,0
2022-05,,LH,국민임대,인천,0
2022-05,,LH,국민임대,경기,289
2022-05,,LH,국민임대,부산,0
2022-05,,LH,국민임대,대구,0
2022-05,,LH,국민임대,광주,0
2022-05,,LH,국민임대,대전,0
2022-05,,LH,국민임대,울산,0
2022-05,,LH,국민임대,세종,0
2022-05,,LH,국민임대,강원,160
2022-05,,LH,국민임대,충북,0
2022-05,,LH,국민임대,충남,0
2022-05,,LH,국민임대,전북,0
2022-05,,LH,국민임대,전남,0
2022-05,,LH,국민임대,경북,0
2022-05,,LH,국민임대,경남,0
2022-05,,LH,국민임대,제주,0
2022-05,,LH,공공임대,전국,172
2022-05,,LH,공공임대,서울,0
2022-05,,LH,공공임대,인천,0
2022-05,,LH,공공임대,경기,132
2022-05,,LH,공공임대,부산,0
2022-05,,LH,공공임대,대구,0
2022-05,,LH,공공임대,광주,0
2022-05,,LH,공공임대,대전,0
2022-05,,LH,공공임대,울산,0
2022-05,,LH,공공임대,세종,0
2022-05,,LH,공공임대,강원,40
2022-05,,LH,공공임대,충북,0
2022-05,,LH,공공임대,충남,0
2022-05,,LH,공공임대,전북,0
2022-05,,LH,공공임대,전남,0
2022-05,,LH,공공임대,경북,0
2022-05,,LH,공공임대,경남,0
2022-05,,LH,공공임대,제주,0
2022-05,,LH,공공분양,전국,0
2022-05,,LH,공공분양,서울,0
2022-05,,LH,공공분양,인천,0
2022-05,,LH,공공분양,경기,0
2022-05,,LH,공공분양,부산,0
2022-05,,LH,공공분양,대구,0
2022-05,,LH,공공분양,광주,0
2022-05,,LH,공공분양,대전,0
2022-05,,LH,공공분양,울산,0
2022-05,,LH,공공분양,세종,0
2022-05,,LH,공공분양,강원,0
2022-05,,LH,공공분양,충북,0
2022-05,,LH,공공분양,충남,0
2022-05,,LH,공공분양,전북,0
2022-05,,LH,공공분양,전남,0
2022-05,,LH,공공분양,경북,0
2022-05,,LH,공공분양,경남,0
2022-05,,LH,공공분양,제주,0
2022-05,,주택업체,소계,전국,3530
2022-05,,주택업체,소계,서울,1042
2022-05,,주택업체,소계,인천,1535
2022-05,,주택업체,소계,경기,0
2022-05,,주택업체,소계,부산,953
2022-05,,주택업체,소계,대구,0
2022-05,,주택업체,소계,광주,0
2022-05,,주택업체,소계,대전,0
2022-05,,주택업체,소계,울산,0
2022-05,,주택업체,소계,세종,0
2022-05,,주택업체,소계,강원,0
2022-05,,주택업체,소계,충북,0
2022-05,,주택업체,소계,충남,0
2022-05,,주택업체,소계,전북,0
2022-05,,주택업체,소계,전남,0
2022-05,,주택업체,소계,경북,0
2022-05,,주택업체,소계,경남,0
2022-05,,주택업체,소계,제주,0
2022-05,,주택업체,국민임대,전국,0
2022-05,,주택업체,국민임대,서울,0
2022-05,,주택업체,국민임대,인천,0
2022-05,,주택업체,국민임대,경기,0
2022-05,,주택업체,국민임대,부산,0
2022-05,,주택업체,국민임대,대구,0
2022-05,,주택업체,국민임대,광주,0
2022-05,,주택업체,국민임대,대전,0
2022-05,,주택업체,국민임대,울산,0
2022-05,,주택업체,국민임대,세종,0
2022-05,,주택업체,국민임대,강원,0
2022-05,,주택업체,국민임대,충북,0
2022-05,,주택업체,국민임대,충남,0
2022-05,,주택업체,국민임대,전북,0
2022-05,,주택업체,국민임대,전남,0
2022-05,,주택업체,국민임대,경북,0
2022-05,,주택업체,국민임대,경남,0
2022-05,,주택업체,국민임대,제주,0
2022-05,,주택업체,공공임대,전국,716
2022-05,,주택업체,공공임대,서울,716
2022-05,,주택업체,공공임대,인천,0
2022-05,,주택업체,공공임대,경기,0
2022-05,,주택업체,공공임대,부산,0
2022-05,,주택업체,공공임대,대구,0
2022-05,,주택업체,공공임대,광주,0
2022-05,,주택업체,공공임대,대전,0
2022-05,,주택업체,공공임대,울산,0
2022-05,,주택업체,공공임대,세종,0
2022-05,,주택업체,공공임대,강원,0
2022-05,,주택업체,공공임대,충북,0
2022-05,,주택업체,공공임대,충남,0
2022-05,,주택업체,공공임대,전북,0
2022-05,,주택업체,공공임대,전남,0
2022-05,,주택업체,공공임대,경북,0
2022-05,,주택업체,공공임대,경남,0
2022-05,,주택업체,공공임대,제주,0
2022-05,,주택업체,공공분양,전국,2814
2022-05,,주택업체,공공분양,서울,326
2022-05,,주택업체,공공분양,인천,1535
2022-05,,주택업체,공공분양,경기,0
2022-05,,주택업체,공공분양,부산,953
2022-05,,주택업체,공공분양,대구,0
2022-05,,주택업체,공공분양,광주,0
2022-05,,주택업체,공공분양,대전,0
2022-05,,주택업체,공공분양,울산,0
2022-05,,주택업체,공공분양,세종,0
2022-05,,주택업체,공공분양,강원,0
2022-05,,주택업체,공공분양,충북,0
2022-05,,주택업체,공공분양,충남,0
2022-05,,주택업체,공공분양,전북,0
2022-05,,주택업체,공공분양,전남,0
2022-05,,주택업체,공공분양,경북,0
2022-05,,주택업체,공공분양,경남,0
2022-05,,주택업체,공공분양,제주,0
2022-05,,민간부문,소계,전국,26778
2022-05,,민간부문,소계,서울,2825
2022-05,,민간부문,소계,인천,1068
2022-05,,민간부문,소계,경기,7198
2022-05,,민간부문,소계,부산,193
2022-05,,민간부문,소계,대구,1798
2022-05,,민간부문,소계,광주,1504
2022-05,,민간부문,소계,대전,146
2022-05,,민간부문,소계,울산,577
2022-05,,민간부문,소계,세종,45
2022-05,,민간부문,소계,강원,874
2022-05,,민간부문,소계,충북,1691
2022-05,,민간부문,소계,충남,1223
2022-05,,민간부문,소계,전북,452
2022-05,,민간부문,소계,전남,1040
2022-05,,민간부문,소계,경북,4490
2022-05,,민간부문,소계,경남,1170
2022-05,,민간부문,소계,제주,484
2022-05,,민간,민간임대,전국,256
2022-05,,민간,민간임대,서울,0
2022-05,,민간,민간임대,인천,0
2022-05,,민간,민간임대,경기,0
2022-05,,민간,민간임대,부산,0
2022-05,,민간,민간임대,대구,0
2022-05,,민간,민간임대,광주,0
2022-05,,민간,민간임대,대전,0
2022-05,,민간,민간임대,울산,0
2022-05,,민간,민간임대,세종,0
2022-05,,민간,민간임대,강원,0
2022-05,,민간,민간임대,충북,0
2022-05,,민간,민간임대,충남,0
2022-05,,민간,민간임대,전북,168
2022-05,,민간,민간임대,전남,0
2022-05,,민간,민간임대,경북,0
2022-05,,민간,민간임대,경남,0
2022-05,,민간,민간임대,제주,88
2022-05,,민간,민간분양,전국,26522
2022-05,,민간,민간분양,서울,2825
2022-05,,민간,민간분양,인천,1068
2022-05,,민간,민간분양,경기,7198
2022-05,,민간,민간분양,부산,193
2022-05,,민간,민간분양,대구,1798
2022-05,,민간,민간분양,광주,1504
2022-05,,민간,민간분양,대전,146
2022-05,,민간,민간분양,울산,577
2022-05,,민간,민간분양,세종,45
2022-05,,민간,민간분양,강원,874
2022-05,,민간,민간분양,충북,1691
2022-05,,민간,민간분양,충남,1223
2022-05,,민간,민간분양,전북,284
2022-05,,민간,민간분양,전남,1040
2022-05,,민간,민간분양,경북,4490
2022-05,,민간,민간분양,경남,1170
2022-05,,민간,민간분양,제주,396
2022-06,,총계,총계,전국,38922
2022-06,,총계,총계,서울,8696
2022-06,,총계,총계,인천,2442
2022-06,,총계,총계,경기,6889
2022-06,,총계,총계,부산,2052
2022-06,,총계,총계,대구,996
2022-06,,총계,총계,광주,620
2022-06,,총계,총계,대전,948
2022-06,,총계,총계,울산,1901
2022-06,,총계,총계,세종,23
2022-06,,총계,총계,강원,1703
2022-06,,총계,총계,충북,1916
2022-06,,총계,총계,충남,2171
2022-06,,총계,총계,전북,602
2022-06,,총계,총계,전남,2488
2022-06,,총계,총계,경북,3000
2022-06,,총계,총계,경남,1633
2022-06,,총계,총계,제주,842
2022-06,,공공부문,소계,전국,6805
2022-06,,공공부문,소계,서울,4377
2022-06,,공공부문,소계,인천,0
2022-06,,공공부문,소계,경기,320
2022-06,,공공부문,소계,부산,856
2022-06,,공공부문,소계,대구,0
2022-06,,공공부문,소계,광주,0
2022-06,,공공부문,소계,대전,0
2022-06,,공공부문,소계,울산,1252
2022-06,,공공부문,소계,세종,0
2022-06,,공공부문,소계,강원,0
2022-06,,공공부문,소계,충북,0
2022-06,,공공부문,소계,충남,0
2022-06,,공공부문,소계,전북,0
2022-06,,공공부문,소계,전남,0
2022-06,,공공부문,소계,경북,0
2022-06,,공공부문,소계,경남,0
2022-06,,공공부문,소계,제주,0
2022-06,,합,국민임대,전국,46
2022-06,,합,국민임대,서울,46
2022-06,,합,국민임대,인천,0
2022-06,,합,국민임대,경기,0
2022-06,,합,국민임대,부산,0
2022-06,,합,국민임대,대구,0
2022-06,,합,국민임대,광주,0
2022-06,,합,국민임대,대전,0
2022-06,,합,국민임대,울산,0
2022-06,,합,국민임대,세종,0
2022-06,,합,국민임대,강원,0
2022-06,,합,국민임대,충북,0
2022-06,,합,국민임대,충남,0
2022-06,,합,국민임대,전북,0
2022-06,,합,국민임대,전남,0
2022-06,,합,국민임대,경북,0
2022-06,,합,국민임대,경남,0
2022-06,,합,국민임대,제주,0
2022-06,,합,공공임대,전국,4651
2022-06,,합,공공임대,서울,4331
2022-06,,합,공공임대,인천,0
2022-06,,합,공공임대,경기,320
2022-06,,합,공공임대,부산,0
2022-06,,합,공공임대,대구,0
2022-06,,합,공공임대,광주,0
2022-06,,합,공공임대,대전,0
2022-06,,합,공공임대,울산,0
2022-06,,합,공공임대,세종,0
2022-06,,합,공공임대,강원,0
2022-06,,합,공공임대,충북,0
2022-06,,합,공공임대,충남,0
2022-06,,합,공공임대,전북,0
2022-06,,합,공공임대,전남,0
2022-06,,합,공공임대,경북,0
2022-06,,합,공공임대,경남,0
2022-06,,합,공공임대,제주,0
2022-06,,합,공공분양,전국,2108
2022-06,,합,공공분양,서울,0
2022-06,,합,공공분양,인천,0
2022-06,,합,공공분양,경기,0
2022-06,,합,공공분양,부산,856
2022-06,,합,공공분양,대구,0
2022-06,,합,공공분양,광주,0
2022-06,,합,공공분양,대전,0
2022-06,,합,공공분양,울산,1252
2022-06,,합,공공분양,세종,0
2022-06,,합,공공분양,강원,0
2022-06,,합,공공분양,충북,0
2022-06,,합,공공분양,충남,0
2022-06,,합,공공분양,전북,0
2022-06,,합,공공분양,전남,0
2022-06,,합,공공분양,경북,0
2022-06,,합,공공분양,경남,0
2022-06,,합,공공분양,제주,0
2022-06,,지자체,소계,전국,46
2022-06,,지자체,소계,서울,46
2022-06,,지자체,소계,인천,0
2022-06,,지자체,소계,경기,0
2022-06,,지자체,소계,부산,0
2022-06,,지자체,소계,대구,0
2022-06,,지자체,소계,광주,0
2022-06,,지자체,소계,대전,0
2022-06,,지자체,소계,울산,0
2022-06,,지자체,소계,세종,0
2022-06,,지자체,소계,강원,0
2022-06,,지자체,소계,충북,0
2022-06,,지자체,소계,충남,0
2022-06,,지자체,소계,전북,0
2022-06,,지자체,소계,전남,0
2022-06,,지자체,소계,경북,0
2022-06,,지자체,소계,경남,0
2022-06,,지자체,소계,제주,0
2022-06,,지자체,국민임대,전국,46
2022-06,,지자체,국민임대,서울,46
2022-06,,지자체,국민임대,인천,0
2022-06,,지자체,국민임대,경기,0
2022-06,,지자체,국민임대,부산,0
2022-06,,지자체,국민임대,대구,0
2022-06,,지자체,국민임대,광주,0
2022-06,,지자체,국민임대,대전,0
2022-06,,지자체,국민임대,울산,0
2022-06,,지자체,국민임대,세종,0
2022-06,,지자체,국민임대,강원,0
2022-06,,지자체,국민임대,충북,0
2022-06,,지자체,국민임대,충남,0
2022-06,,지자체,국민임대,전북,0
2022-06,,지자체,국민임대,전남,0
2022-06,,지자체,국민임대,경북,0
2022-06,,지자체,국민임대,경남,0
2022-06,,지자체,국민임대,제주,0
2022-06,,지자체,공공임대,전국,0
2022-06,,지자체,공공임대,서울,0
2022-06,,지자체,공공임대,인천,0
2022-06,,지자체,공공임대,경기,0
2022-06,,지자체,공공임대,부산,0
2022-06,,지자체,공공임대,대구,0
2022-06,,지자체,공공임대,광주,0
2022-06,,지자체,공공임대,대전,0
2022-06,,지자체,공공임대,울산,0
2022-06,,지자체,공공임대,세종,0
2022-06,,지자체,공공임대,강원,0
2022-06,,지자체,공공임대,충북,0
2022-06,,지자체,공공임대,충남,0
2022-06,,지자체,공공임대,전북,0
2022-06,,지자체,공공임대,전남,0
2022-06,,지자체,공공임대,경북,0
2022-06,,지자체,공공임대,경남,0
2022-06,,지자체,공공임대,제주,0
2022-06,,지자체,공공분양,전국,0
2022-06,,지자체,공공분양,서울,0
2022-06,,지자체,공공분양,인천,0
2022-06,,지자체,공공분양,경기,0
2022-06,,지자체,공공분양,부산,0
2022-06,,지자체,공공분양,대구,0
2022-06,,지자체,공공분양,광주,0
2022-06,,지자체,공공분양,대전,0
2022-06,,지자체,공공분양,울산,0
2022-06,,지자체,공공분양,세종,0
2022-06,,지자체,공공분양,강원,0
2022-06,,지자체,공공분양,충북,0
2022-06,,지자체,공공분양,충남,0
2022-06,,지자체,공공분양,전북,0
2022-06,,지자체,공공분양,전남,0
2022-06,,지자체,공공분양,경북,0
2022-06,,지자체,공공분양,경남,0
2022-06,,지자체,공공분양,제주,0
2022-06,,LH,소계,전국,1252
2022-06,,LH,소계,서울,0
2022-06,,LH,소계,인천,0
2022-06,,LH,소계,경기,0
2022-06,,LH,소계,부산,0
2022-06,,LH,소계,대구,0
2022-06,,LH,소계,광주,0
2022-06,,LH,소계,대전,0
2022-06,,LH,소계,울산,1252
2022-06,,LH,소계,세종,0
2022-06,,LH,소계,강원,0
2022-06,,LH,소계,충북,0
2022-06,,LH,소계,충남,0
2022-06,,LH,소계,전북,0
2022-06,,LH,소계,전남,0
2022-06,,LH,소계,경북,0
2022-06,,LH,소계,경남,0
2022-06,,LH,소계,제주,0
2022-06,,LH,국민임대,전국,0
2022-06,,LH,국민임대,서울,0
2022-06,,LH,국민임대,인천,0
2022-06,,LH,국민임대,경기,0
2022-06,,LH,국민임대,부산,0
2022-06,,LH,국민임대,대구,0
2022-06,,LH,국민임대,광주,0
2022-06,,LH,국민임대,대전,0
2022-06,,LH,국민임대,울산,0
2022-06,,LH,국민임대,세종,0
2022-06,,LH,국민임대,강원,0
2022-06,,LH,국민임대,충북,0
2022-06,,LH,국민임대,충남,0
2022-06,,LH,국민임대,전북,0
2022-06,,LH,국민임대,전남,0
2022-06,,LH,국민임대,경북,0
2022-06,,LH,국민임대,경남,0
2022-06,,LH,국민임대,제주,0
2022-06,,LH,공공임대,전국,0
2022-06,,LH,공공임대,서울,0
2022-06,,LH,공공임대,인천,0
2022-06,,LH,공공임대,경기,0
2022-06,,LH,공공임대,부산,0
2022-06,,LH,공공임대,대구,0
2022-06,,LH,공공임대,광주,0
2022-06,,LH,공공임대,대전,0
2022-06,,LH,공공임대,울산,0
2022-06,,LH,공공임대,세종,0
2022-06,,LH,공공임대,강원,0
2022-06,,LH,공공임대,충북,0
2022-06,,LH,공공임대,충남,0
2022-06,,LH,공공임대,전북,0
2022-06,,LH,공공임대,전남,0
2022-06,,LH,공공임대,경북,0
2022-06,,LH,공공임대,경남,0
2022-06,,LH,공공임대,제주,0
2022-06,,LH,공공분양,전국,1252
2022-06,,LH,공공분양,서울,0
2022-06,,LH,공공분양,인천,0
2022-06,,LH,공공분양,경기,0
2022-06,,LH,공공분양,부산,0
2022-06,,LH,공공분양,대구,0
2022-06,,LH,공공분양,광주,0
2022-06,,LH,공공분양,대전,0
2022-06,,LH,공공분양,울산,1252
2022-06,,LH,공공분양,세종,0
2022-06,,LH,공공분양,강원,0
2022-06,,LH,공공분양,충북,0
2022-06,,LH,공공분양,충남,0
2022-06,,LH,공공분양,전북,0
2022-06,,LH,공공분양,전남,0
2022-06,,LH,공공분양,경북,0
2022-06,,LH,공공분양,경남,0
2022-06,,LH,공공분양,제주,0
2022-06,,주택업체,소계,전국,5507
2022-06,,주택업체,소계,서울,4331
2022-06,,주택업체,소계,인천,0
2022-06,,주택업체,소계,경기,320
2022-06,,주택업체,소계,부산,856
2022-06,,주택업체,소계,대구,0
2022-06,,주택업체,소계,광주,0
2022-06,,주택업체,소계,대전,0
2022-06,,주택업체,소계,울산,0
2022-06,,주택업체,소계,세종,0
2022-06,,주택업체,소계,강원,0
2022-06,,주택업체,소계,충북,0
2022-06,,주택업체,소계,충남,0
2022-06,,주택업체,소계,전북,0
2022-06,,주택업체,소계,전남,0
2022-06,,주택업체,소계,경북,0
2022-06,,주택업체,소계,경남,0
2022-06,,주택업체,소계,제주,0
2022-06,,주택업체,국민임대,전국,0
2022-06,,주택업체,국민임대,서울,0
2022-06,,주택업체,국민임대,인천,0
2022-06,,주택업체,국민임대,경기,0
2022-06,,주택업체,국민임대,부산,0
2022-06,,주택업체,국민임대,대구,0
2022-06,,주택업체,국민임대,광주,0
2022-06,,주택업체,국민임대,대전,0
2022-06,,주택업체,국민임대,울산,0
2022-06,,주택업체,국민임대,세종,0
2022-06,,주택업체,국민임대,강원,0
2022-06,,주택업체,국민임대,충북,0
2022-06,,주택업체,국민임대,충남,0
2022-06,,주택업체,국민임대,전북,0
2022-06,,주택업체,국민임대,전남,0
2022-06,,주택업체,국민임대,경북,0
2022-06,,주택업체,국민임대,경남,0
2022-06,,주택업체,국민임대,제주,0
2022-06,,주택업체,공공임대,전국,4651
2022-06,,주택업체,공공임대,서울,4331
2022-06,,주택업체,공공임대,인천,0
2022-06,,주택업체,공공임대,경기,320
2022-06,,주택업체,공공임대,부산,0
2022-06,,주택업체,공공임대,대구,0
2022-06,,주택업체,공공임대,광주,0
2022-06,,주택업체,공공임대,대전,0
2022-06,,주택업체,공공임대,울산,0
2022-06,,주택업체,공공임대,세종,0
2022-06,,주택업체,공공임대,강원,0
2022-06,,주택업체,공공임대,충북,0
2022-06,,주택업체,공공임대,충남,0
2022-06,,주택업체,공공임대,전북,0
2022-06,,주택업체,공공임대,전남,0
2022-06,,주택업체,공공임대,경북,0
2022-06,,주택업체,공공임대,경남,0
2022-06,,주택업체,공공임대,제주,0
2022-06,,주택업체,공공분양,전국,856
2022-06,,주택업체,공공분양,서울,0
2022-06,,주택업체,공공분양,인천,0
2022-06,,주택업체,공공분양,경기,0
2022-06,,주택업체,공공분양,부산,856
2022-06,,주택업체,공공분양,대구,0
2022-06,,주택업체,공공분양,광주,0
2022-06,,주택업체,공공분양,대전,0
2022-06,,주택업체,공공분양,울산,0
2022-06,,주택업체,공공분양,세종,0
2022-06,,주택업체,공공분양,강원,0
2022-06,,주택업체,공공분양,충북,0
2022-06,,주택업체,공공분양,충남,0
2022-06,,주택업체,공공분양,전북,0
2022-06,,주택업체,공공분양,전남,0
2022-06,,주택업체,공공분양,경북,0
2022-06,,주택업체,공공분양,경남,0
2022-06,,주택업체,공공분양,제주,0
2022-06,,민간부문,소계,전국,32117
2022-06,,민간부문,소계,서울,4319
2022-06,,민간부문,소계,인천,2442
2022-06,,민간부문,소계,경기,6569
2022-06,,민간부문,소계,부산,1196
2022-06,,민간부문,소계,대구,996
2022-06,,민간부문,소계,광주,620
2022-06,,민간부문,소계,대전,948
2022-06,,민간부문,소계,울산,649
2022-06,,민간부문,소계,세종,23
2022-06,,민간부문,소계,강원,1703
2022-06,,민간부문,소계,충북,1916
2022-06,,민간부문,소계,충남,2171
2022-06,,민간부문,소계,전북,602
2022-06,,민간부문,소계,전남,2488
2022-06,,민간부문,소계,경북,3000
2022-06,,민간부문,소계,경남,1633
2022-06,,민간부문,소계,제주,842
2022-06,,민간,민간임대,전국,2889
2022-06,,민간,민간임대,서울,330
2022-06,,민간,민간임대,인천,0
2022-06,,민간,민간임대,경기,1754
2022-06,,민간,민간임대,부산,0
2022-06,,민간,민간임대,대구,0
2022-06,,민간,민간임대,광주,0
2022-06,,민간,민간임대,대전,0
2022-06,,민간,민간임대,울산,0
2022-06,,민간,민간임대,세종,0
2022-06,,민간,민간임대,강원,0
2022-06,,민간,민간임대,충북,0
2022-06,,민간,민간임대,충남,0
2022-06,,민간,민간임대,전북,120
2022-06,,민간,민간임대,전남,685
2022-06,,민간,민간임대,경북,0
2022-06,,민간,민간임대,경남,0
2022-06,,민간,민간임대,제주,0
2022-06,,민간,민간분양,전국,29228
2022-06,,민간,민간분양,서울,3989
2022-06,,민간,민간분양,인천,2442
2022-06,,민간,민간분양,경기,4815
2022-06,,민간,민간분양,부산,1196
2022-06,,민간,민간분양,대구,996
2022-06,,민간,민간분양,광주,620
2022-06,,민간,민간분양,대전,948
2022-06,,민간,민간분양,울산,649
2022-06,,민간,민간분양,세종,23
2022-06,,민간,민간분양,강원,1703
2022-06,,민간,민간분양,충북,1916
2022-06,,민간,민간분양,충남,2171
2022-06,,민간,민간분양,전북,482
2022-06,,민간,민간분양,전남,1803
2022-06,,민간,민간분양,경북,3000
2022-06,,민간,민간분양,경남,1633
2022-06,,민간,민간분양,제주,842
2022-07,,총계,총계,전국,44508
2022-07,,총계,총계,서울,7579
2022-07,,총계,총계,인천,493
2022-07,,총계,총계,경기,8337
2022-07,,총계,총계,부산,5695
2022-07,,총계,총계,대구,2809
2022-07,,총계,총계,광주,423
2022-07,,총계,총계,대전,2430
2022-07,,총계,총계,울산,867
2022-07,,총계,총계,세종,214
2022-07,,총계,총계,강원,1385
2022-07,,총계,총계,충북,593
2022-07,,총계,총계,충남,2668
2022-07,,총계,총계,전북,1074
2022-07,,총계,총계,전남,681
2022-07,,총계,총계,경북,5221
2022-07,,총계,총계,경남,3553
2022-07,,총계,총계,제주,486
2022-07,,공공부문,소계,전국,2299
2022-07,,공공부문,소계,서울,37
2022-07,,공공부문,소계,인천,0
2022-07,,공공부문,소계,경기,1997
2022-07,,공공부문,소계,부산,0
2022-07,,공공부문,소계,대구,13
2022-07,,공공부문,소계,광주,0
2022-07,,공공부문,소계,대전,0
2022-07,,공공부문,소계,울산,0
2022-07,,공공부문,소계,세종,200
2022-07,,공공부문,소계,강원,0
2022-07,,공공부문,소계,충북,0
2022-07,,공공부문,소계,충남,0
2022-07,,공공부문,소계,전북,0
2022-07,,공공부문,소계,전남,0
2022-07,,공공부문,소계,경북,0
2022-07,,공공부문,소계,경남,0
2022-07,,공공부문,소계,제주,52
2022-07,,합,국민임대,전국,436
2022-07,,합,국민임대,서울,0
2022-07,,합,국민임대,인천,0
2022-07,,합,국민임대,경기,383
2022-07,,합,국민임대,부산,0
2022-07,,합,국민임대,대구,1
2022-07,,합,국민임대,광주,0
2022-07,,합,국민임대,대전,0
2022-07,,합,국민임대,울산,0
2022-07,,합,국민임대,세종,0
2022-07,,합,국민임대,강원,0
2022-07,,합,국민임대,충북,0
2022-07,,합,국민임대,충남,0
2022-07,,합,국민임대,전북,0
2022-07,,합,국민임대,전남,0
2022-07,,합,국민임대,경북,0
2022-07,,합,국민임대,경남,0
2022-07,,합,국민임대,제주,52
2022-07,,합,공공임대,전국,1395
2022-07,,합,공공임대,서울,37
2022-07,,합,공공임대,인천,0
2022-07,,합,공공임대,경기,1146
2022-07,,합,공공임대,부산,0
2022-07,,합,공공임대,대구,12
2022-07,,합,공공임대,광주,0
2022-07,,합,공공임대,대전,0
2022-07,,합,공공임대,울산,0
2022-07,,합,공공임대,세종,200
2022-07,,합,공공임대,강원,0
2022-07,,합,공공임대,충북,0
2022-07,,합,공공임대,충남,0
2022-07,,합,공공임대,전북,0
2022-07,,합,공공임대,전남,0
2022-07,,합,공공임대,경북,0
2022-07,,합,공공임대,경남,0
2022-07,,합,공공임대,제주,0
2022-07,,합,공공분양,전국,468
2022-07,,합,공공분양,서울,0
2022-07,,합,공공분양,인천,0
2022-07,,합,공공분양,경기,468
2022-07,,합,공공분양,부산,0
2022-07,,합,공공분양,대구,0
2022-07,,합,공공분양,광주,0
2022-07,,합,공공분양,대전,0
2022-07,,합,공공분양,울산,0
2022-07,,합,공공분양,세종,0
2022-07,,합,공공분양,강원,0
2022-07,,합,공공분양,충북,0
2022-07,,합,공공분양,충남,0
2022-07,,합,공공분양,전북,0
2022-07,,합,공공분양,전남,0
2022-07,,합,공공분양,경북,0
2022-07,,합,공공분양,경남,0
2022-07,,합,공공분양,제주,0
2022-07,,지자체,소계,전국,36
2022-07,,지자체,소계,서울,36
2022-07,,지자체,소계,인천,0
2022-07,,지자체,소계,경기,0
2022-07,,지자체,소계,부산,0
2022-07,,지자체,소계,대구,0
2022-07,,지자체,소계,광주,0
2022-07,,지자체,소계,대전,0
2022-07,,지자체,소계,울산,0
2022-07,,지자체,소계,세종,0
2022-07,,지자체,소계,강원,0
2022-07,,지자체,소계,충북,0
2022-07,,지자체,소계,충남,0
2022-07,,지자체,소계,전북,0
2022-07,,지자체,소계,전남,0
2022-07,,지자체,소계,경북,0
2022-07,,지자체,소계,경남,0
2022-07,,지자체,소계,제주,0
2022-07,,지자체,국민임대,전국,0
2022-07,,지자체,국민임대,서울,0
2022-07,,지자체,국민임대,인천,0
2022-07,,지자체,국민임대,경기,0
2022-07,,지자체,국민임대,부산,0
2022-07,,지자체,국민임대,대구,0
2022-07,,지자체,국민임대,광주,0
2022-07,,지자체,국민임대,대전,0
2022-07,,지자체,국민임대,울산,0
2022-07,,지자체,국민임대,세종,0
2022-07,,지자체,국민임대,강원,0
2022-07,,지자체,국민임대,충북,0
2022-07,,지자체,국민임대,충남,0
2022-07,,지자체,국민임대,전북,0
2022-07,,지자체,국민임대,전남,0
2022-07,,지자체,국민임대,경북,0
2022-07,,지자체,국민임대,경남,0
2022-07,,지자체,국민임대,제주,0
2022-07,,지자체,공공임대,전국,36
2022-07,,지자체,공공임대,서울,36
2022-07,,지자체,공공임대,인천,0
2022-07,,지자체,공공임대,경기,0
2022-07,,지자체,공공임대,부산,0
2022-07,,지자체,공공임대,대구,0
2022-07,,지자체,공공임대,광주,0
2022-07,,지자체,공공임대,대전,0
2022-07,,지자체,공공임대,울산,0
2022-07,,지자체,공공임대,세종,0
2022-07,,지자체,공공임대,강원,0
2022-07,,지자체,공공임대,충북,0
2022-07,,지자체,공공임대,충남,0
2022-07,,지자체,공공임대,전북,0
2022-07,,지자체,공공임대,전남,0
2022-07,,지자체,공공임대,경북,0
2022-07,,지자체,공공임대,경남,0
2022-07,,지자체,공공임대,제주,0
2022-07,,지자체,공공분양,전국,0
2022-07,,지자체,공공분양,서울,0
2022-07,,지자체,공공분양,인천,0
2022-07,,지자체,공공분양,경기,0
2022-07,,지자체,공공분양,부산,0
2022-07,,지자체,공공분양,대구,0
2022-07,,지자체,공공분양,광주,0
2022-07,,지자체,공공분양,대전,0
2022-07,,지자체,공공분양,울산,0
2022-07,,지자체,공공분양,세종,0
2022-07,,지자체,공공분양,강원,0
2022-07,,지자체,공공분양,충북,0
2022-07,,지자체,공공분양,충남,0
2022-07,,지자체,공공분양,전북,0
2022-07,,지자체,공공분양,전남,0
2022-07,,지자체,공공분양,경북,0
2022-07,,지자체,공공분양,경남,0
2022-07,,지자체,공공분양,제주,0
2022-07,,LH,소계,전국,2197
2022-07,,LH,소계,서울,0
2022-07,,LH,소계,인천,0
2022-07,,LH,소계,경기,1997
2022-07,,LH,소계,부산,0
2022-07,,LH,소계,대구,0
2022-07,,LH,소계,광주,0
2022-07,,LH,소계,대전,0
2022-07,,LH,소계,울산,0
2022-07,,LH,소계,세종,200
2022-07,,LH,소계,강원,0
2022-07,,LH,소계,충북,0
2022-07,,LH,소계,충남,0
2022-07,,LH,소계,전북,0
2022-07,,LH,소계,전남,0
2022-07,,LH,소계,경북,0
2022-07,,LH,소계,경남,0
2022-07,,LH,소계,제주,0
2022-07,,LH,국민임대,전국,383
2022-07,,LH,국민임대,서울,0
2022-07,,LH,국민임대,인천,0
2022-07,,LH,국민임대,경기,383
2022-07,,LH,국민임대,부산,0
2022-07,,LH,국민임대,대구,0
2022-07,,LH,국민임대,광주,0
2022-07,,LH,국민임대,대전,0
2022-07,,LH,국민임대,울산,0
2022-07,,LH,국민임대,세종,0
2022-07,,LH,국민임대,강원,0
2022-07,,LH,국민임대,충북,0
2022-07,,LH,국민임대,충남,0
2022-07,,LH,국민임대,전북,0
2022-07,,LH,국민임대,전남,0
2022-07,,LH,국민임대,경북,0
2022-07,,LH,국민임대,경남,0
2022-07,,LH,국민임대,제주,0
2022-07,,LH,공공임대,전국,1346
2022-07,,LH,공공임대,서울,0
2022-07,,LH,공공임대,인천,0
2022-07,,LH,공공임대,경기,1146
2022-07,,LH,공공임대,부산,0
2022-07,,LH,공공임대,대구,0
2022-07,,LH,공공임대,광주,0
2022-07,,LH,공공임대,대전,0
2022-07,,LH,공공임대,울산,0
2022-07,,LH,공공임대,세종,200
2022-07,,LH,공공임대,강원,0
2022-07,,LH,공공임대,충북,0
2022-07,,LH,공공임대,충남,0
2022-07,,LH,공공임대,전북,0
2022-07,,LH,공공임대,전남,0
2022-07,,LH,공공임대,경북,0
2022-07,,LH,공공임대,경남,0
2022-07,,LH,공공임대,제주,0
2022-07,,LH,공공분양,전국,468
2022-07,,LH,공공분양,서울,0
2022-07,,LH,공공분양,인천,0
2022-07,,LH,공공분양,경기,468
2022-07,,LH,공공분양,부산,0
2022-07,,LH,공공분양,대구,0
2022-07,,LH,공공분양,광주,0
2022-07,,LH,공공분양,대전,0
2022-07,,LH,공공분양,울산,0
2022-07,,LH,공공분양,세종,0
2022-07,,LH,공공분양,강원,0
2022-07,,LH,공공분양,충북,0
2022-07,,LH,공공분양,충남,0
2022-07,,LH,공공분양,전북,0
2022-07,,LH,공공분양,전남,0
2022-07,,LH,공공분양,경북,0
2022-07,,LH,공공분양,경남,0
2022-07,,LH,공공분양,제주,0
2022-07,,주택업체,소계,전국,66
2022-07,,주택업체,소계,서울,1
2022-07,,주택업체,소계,인천,0
2022-07,,주택업체,소계,경기,0
2022-07,,주택업체,소계,부산,0
2022-07,,주택업체,소계,대구,13
2022-07,,주택업체,소계,광주,0
2022-07,,주택업체,소계,대전,0
2022-07,,주택업체,소계,울산,0
2022-07,,주택업체,소계,세종,0
2022-07,,주택업체,소계,강원,0
2022-07,,주택업체,소계,충북,0
2022-07,,주택업체,소계,충남,0
2022-07,,주택업체,소계,전북,0
2022-07,,주택업체,소계,전남,0
2022-07,,주택업체,소계,경북,0
2022-07,,주택업체,소계,경남,0
2022-07,,주택업체,소계,제주,52
2022-07,,주택업체,국민임대,전국,53
2022-07,,주택업체,국민임대,서울,0
2022-07,,주택업체,국민임대,인천,0
2022-07,,주택업체,국민임대,경기,0
2022-07,,주택업체,국민임대,부산,0
2022-07,,주택업체,국민임대,대구,1
2022-07,,주택업체,국민임대,광주,0
2022-07,,주택업체,국민임대,대전,0
2022-07,,주택업체,국민임대,울산,0
2022-07,,주택업체,국민임대,세종,0
2022-07,,주택업체,국민임대,강원,0
2022-07,,주택업체,국민임대,충북,0
2022-07,,주택업체,국민임대,충남,0
2022-07,,주택업체,국민임대,전북,0
2022-07,,주택업체,국민임대,전남,0
2022-07,,주택업체,국민임대,경북,0
2022-07,,주택업체,국민임대,경남,0
2022-07,,주택업체,국민임대,제주,52
2022-07,,주택업체,공공임대,전국,13
2022-07,,주택업체,공공임대,서울,1
2022-07,,주택업체,공공임대,인천,0
2022-07,,주택업체,공공임대,경기,0
2022-07,,주택업체,공공임대,부산,0
2022-07,,주택업체,공공임대,대구,12
2022-07,,주택업체,공공임대,광주,0
2022-07,,주택업체,공공임대,대전,0
2022-07,,주택업체,공공임대,울산,0
2022-07,,주택업체,공공임대,세종,0
2022-07,,주택업체,공공임대,강원,0
2022-07,,주택업체,공공임대,충북,0
2022-07,,주택업체,공공임대,충남,0
2022-07,,주택업체,공공임대,전북,0
2022-07,,주택업체,공공임대,전남,0
2022-07,,주택업체,공공임대,경북,0
2022-07,,주택업체,공공임대,경남,0
2022-07,,주택업체,공공임대,제주,0
2022-07,,주택업체,공공분양,전국,0
2022-07,,주택업체,공공분양,서울,0
2022-07,,주택업체,공공분양,인천,0
2022-07,,주택업체,공공분양,경기,0
2022-07,,주택업체,공공분양,부산,0
2022-07,,주택업체,공공분양,대구,0
2022-07,,주택업체,공공분양,광주,0
2022-07,,주택업체,공공분양,대전,0
2022-07,,주택업체,공공분양,울산,0
2022-07,,주택업체,공공분양,세종,0
2022-07,,주택업체,공공분양,강원,0
2022-07,,주택업체,공공분양,충북,0
2022-07,,주택업체,공공분양,충남,0
2022-07,,주택업체,공공분양,전북,0
2022-07,,주택업체,공공분양,전남,0
2022-07,,주택업체,공공분양,경북,0
2022-07,,주택업체,공공분양,경남,0
2022-07,,주택업체,공공분양,제주,0
2022-07,,민간부문,소계,전국,42209
2022-07,,민간부문,소계,서울,7542
2022-07,,민간부문,소계,인천,493
2022-07,,민간부문,소계,경기,6340
2022-07,,민간부문,소계,부산,5695
2022-07,,민간부문,소계,대구,2796
2022-07,,민간부문,소계,광주,423
2022-07,,민간부문,소계,대전,2430
2022-07,,민간부문,소계,울산,867
2022-07,,민간부문,소계,세종,14
2022-07,,민간부문,소계,강원,1385
2022-07,,민간부문,소계,충북,593
2022-07,,민간부문,소계,충남,2668
2022-07,,민간부문,소계,전북,1074
2022-07,,민간부문,소계,전남,681
2022-07,,민간부문,소계,경북,5221
2022-07,,민간부문,소계,경남,3553
2022-07,,민간부문,소계,제주,434
2022-07,,민간,민간임대,전국,5655
2022-07,,민간,민간임대,서울,1304
2022-07,,민간,민간임대,인천,0
2022-07,,민간,민간임대,경기,0
2022-07,,민간,민간임대,부산,352
2022-07,,민간,민간임대,대구,0
2022-07,,민간,민간임대,광주,0
2022-07,,민간,민간임대,대전,0
2022-07,,민간,민간임대,울산,0
2022-07,,민간,민간임대,세종,0
2022-07,,민간,민간임대,강원,0
2022-07,,민간,민간임대,충북,0
2022-07,,민간,민간임대,충남,498
2022-07,,민간,민간임대,전북,0
2022-07,,민간,민간임대,전남,266
2022-07,,민간,민간임대,경북,3235
2022-07,,민간,민간임대,경남,0
2022-07,,민간,민간임대,제주,0
2022-07,,민간,민간분양,전국,36554
2022-07,,민간,민간분양,서울,6238
2022-07,,민간,민간분양,인천,493
2022-07,,민간,민간분양,경기,6340
2022-07,,민간,민간분양,부산,5343
2022-07,,민간,민간분양,대구,2796
2022-07,,민간,민간분양,광주,423
2022-07,,민간,민간분양,대전,2430
2022-07,,민간,민간분양,울산,867
2022-07,,민간,민간분양,세종,14
2022-07,,민간,민간분양,강원,1385
2022-07,,민간,민간분양,충북,593
2022-07,,민간,민간분양,충남,2170
2022-07,,민간,민간분양,전북,1074
2022-07,,민간,민간분양,전남,415
2022-07,,민간,민간분양,경북,1986
2022-07,,민간,민간분양,경남,3553
2022-07,,민간,민간분양,제주,434
2022-08,,총계,총계,전국,30959
2022-08,,총계,총계,서울,4321
2022-08,,총계,총계,인천,1659
2022-08,,총계,총계,경기,8748
2022-08,,총계,총계,부산,203
2022-08,,총계,총계,대구,47
2022-08,,총계,총계,광주,77
2022-08,,총계,총계,대전,273
2022-08,,총계,총계,울산,359
2022-08,,총계,총계,세종,16
2022-08,,총계,총계,강원,3031
2022-08,,총계,총계,충북,2504
2022-08,,총계,총계,충남,3016
2022-08,,총계,총계,전북,1051
2022-08,,총계,총계,전남,1987
2022-08,,총계,총계,경북,717
2022-08,,총계,총계,경남,1915
2022-08,,총계,총계,제주,1035
2022-08,,공공부문,소계,전국,3344
2022-08,,공공부문,소계,서울,397
2022-08,,공공부문,소계,인천,0
2022-08,,공공부문,소계,경기,1876
2022-08,,공공부문,소계,부산,0
2022-08,,공공부문,소계,대구,0
2022-08,,공공부문,소계,광주,0
2022-08,,공공부문,소계,대전,0
2022-08,,공공부문,소계,울산,0
2022-08,,공공부문,소계,세종,0
2022-08,,공공부문,소계,강원,100
2022-08,,공공부문,소계,충북,0
2022-08,,공공부문,소계,충남,893
2022-08,,공공부문,소계,전북,0
2022-08,,공공부문,소계,전남,0
2022-08,,공공부문,소계,경북,0
2022-08,,공공부문,소계,경남,0
2022-08,,공공부문,소계,제주,78
2022-08,,합,국민임대,전국,148
2022-08,,합,국민임대,서울,0
2022-08,,합,국민임대,인천,0
2022-08,,합,국민임대,경기,0
2022-08,,합,국민임대,부산,0
2022-08,,합,국민임대,대구,0
2022-08,,합,국민임대,광주,0
2022-08,,합,국민임대,대전,0
2022-08,,합,국민임대,울산,0
2022-08,,합,국민임대,세종,0
2022-08,,합,국민임대,강원,70
2022-08,,합,국민임대,충북,0
2022-08,,합,국민임대,충남,0
2022-08,,합,국민임대,전북,0
2022-08,,합,국민임대,전남,0
2022-08,,합,국민임대,경북,0
2022-08,,합,국민임대,경남,0
2022-08,,합,국민임대,제주,78
2022-08,,합,공공임대,전국,1587
2022-08,,합,공공임대,서울,121
2022-08,,합,공공임대,인천,0
2022-08,,합,공공임대,경기,1436
2022-08,,합,공공임대,부산,0
2022-08,,합,공공임대,대구,0
2022-08,,합,공공임대,광주,0
2022-08,,합,공공임대,대전,0
2022-08,,합,공공임대,울산,0
2022-08,,합,공공임대,세종,0
2022-08,,합,공공임대,강원,30
2022-08,,합,공공임대,충북,0
2022-08,,합,공공임대,충남,0
2022-08,,합,공공임대,전북,0
2022-08,,합,공공임대,전남,0
2022-08,,합,공공임대,경북,0
2022-08,,합,공공임대,경남,0
2022-08,,합,공공임대,제주,0
2022-08,,합,공공분양,전국,1609
2022-08,,합,공공분양,서울,276
2022-08,,합,공공분양,인천,0
2022-08,,합,공공분양,경기,440
2022-08,,합,공공분양,부산,0
2022-08,,합,공공분양,대구,0
2022-08,,합,공공분양,광주,0
2022-08,,합,공공분양,대전,0
2022-08,,합,공공분양,울산,0
2022-08,,합,공공분양,세종,0
2022-08,,합,공공분양,강원,0
2022-08,,합,공공분양,충북,0
2022-08,,합,공공분양,충남,893
2022-08,,합,공공분양,전북,0
2022-08,,합,공공분양,전남,0
2022-08,,합,공공분양,경북,0
2022-08,,합,공공분양,경남,0
2022-08,,합,공공분양,제주,0
2022-08,,지자체,소계,전국,0
2022-08,,지자체,소계,서울,0
2022-08,,지자체,소계,인천,0
2022-08,,지자체,소계,경기,0
2022-08,,지자체,소계,부산,0
2022-08,,지자체,소계,대구,0
2022-08,,지자체,소계,광주,0
2022-08,,지자체,소계,대전,0
2022-08,,지자체,소계,울산,0
2022-08,,지자체,소계,세종,0
2022-08,,지자체,소계,강원,0
2022-08,,지자체,소계,충북,0
2022-08,,지자체,소계,충남,0
2022-08,,지자체,소계,전북,0
2022-08,,지자체,소계,전남,0
2022-08,,지자체,소계,경북,0
2022-08,,지자체,소계,경남,0
2022-08,,지자체,소계,제주,0
2022-08,,지자체,국민임대,전국,0
2022-08,,지자체,국민임대,서울,0
2022-08,,지자체,국민임대,인천,0
2022-08,,지자체,국민임대,경기,0
2022-08,,지자체,국민임대,부산,0
2022-08,,지자체,국민임대,대구,0
2022-08,,지자체,국민임대,광주,0
2022-08,,지자체,국민임대,대전,0
2022-08,,지자체,국민임대,울산,0
2022-08,,지자체,국민임대,세종,0
2022-08,,지자체,국민임대,강원,0
2022-08,,지자체,국민임대,충북,0
2022-08,,지자체,국민임대,충남,0
2022-08,,지자체,국민임대,전북,0
2022-08,,지자체,국민임대,전남,0
2022-08,,지자체,국민임대,경북,0
2022-08,,지자체,국민임대,경남,0
2022-08,,지자체,국민임대,제주,0
2022-08,,지자체,공공임대,전국,0
2022-08,,지자체,공공임대,서울,0
2022-08,,지자체,공공임대,인천,0
2022-08,,지자체,공공임대,경기,0
2022-08,,지자체,공공임대,부산,0
2022-08,,지자체,공공임대,대구,0
2022-08,,지자체,공공임대,광주,0
2022-08,,지자체,공공임대,대전,0
2022-08,,지자체,공공임대,울산,0
2022-08,,지자체,공공임대,세종,0
2022-08,,지자체,공공임대,강원,0
2022-08,,지자체,공공임대,충북,0
2022-08,,지자체,공공임대,충남,0
2022-08,,지자체,공공임대,전북,0
2022-08,,지자체,공공임대,전남,0
2022-08,,지자체,공공임대,경북,0
2022-08,,지자체,공공임대,경남,0
2022-08,,지자체,공공임대,제주,0
2022-08,,지자체,공공분양,전국,0
2022-08,,지자체,공공분양,서울,0
2022-08,,지자체,공공분양,인천,0
2022-08,,지자체,공공분양,경기,0
2022-08,,지자체,공공분양,부산,0
2022-08,,지자체,공공분양,대구,0
2022-08,,지자체,공공분양,광주,0
2022-08,,지자체,공공분양,대전,0
2022-08,,지자체,공공분양,울산,0
2022-08,,지자체,공공분양,세종,0
2022-08,,지자체,공공분양,강원,0
2022-08,,지자체,공공분양,충북,0
2022-08,,지자체,공공분양,충남,0
2022-08,,지자체,공공분양,전북,0
2022-08,,지자체,공공분양,전남,0
2022-08,,지자체,공공분양,경북,0
2022-08,,지자체,공공분양,경남,0
2022-08,,지자체,공공분양,제주,0
2022-08,,LH,소계,전국,2373
2022-08,,LH,소계,서울,397
2022-08,,LH,소계,인천,0
2022-08,,LH,소계,경기,1876
2022-08,,LH,소계,부산,0
2022-08,,LH,소계,대구,0
2022-08,,LH,소계,광주,0
2022-08,,LH,소계,대전,0
2022-08,,LH,소계,울산,0
2022-08,,LH,소계,세종,0
2022-08,,LH,소계,강원,100
2022-08,,LH,소계,충북,0
2022-08,,LH,소계,충남,0
2022-08,,LH,소계,전북,0
2022-08,,LH,소계,전남,0
2022-08,,LH,소계,경북,0
2022-08,,LH,소계,경남,0
2022-08,,LH,소계,제주,0
2022-08,,LH,국민임대,전국,70
2022-08,,LH,국민임대,서울,0
2022-08,,LH,국민임대,인천,0
2022-08,,LH,국민임대,경기,0
2022-08,,LH,국민임대,부산,0
2022-08,,LH,국민임대,대구,0
2022-08,,LH,국민임대,광주,0
2022-08,,LH,국민임대,대전,0
2022-08,,LH,국민임대,울산,0
2022-08,,LH,국민임대,세종,0
2022-08,,LH,국민임대,강원,70
2022-08,,LH,국민임대,충북,0
2022-08,,LH,국민임대,충남,0
2022-08,,LH,국민임대,전북,0
2022-08,,LH,국민임대,전남,0
2022-08,,LH,국민임대,경북,0
2022-08,,LH,국민임대,경남,0
2022-08,,LH,국민임대,제주,0
2022-08,,LH,공공임대,전국,1587
2022-08,,LH,공공임대,서울,121
2022-08,,LH,공공임대,인천,0
2022-08,,LH,공공임대,경기,1436
2022-08,,LH,공공임대,부산,0
2022-08,,LH,공공임대,대구,0
2022-08,,LH,공공임대,광주,0
2022-08,,LH,공공임대,대전,0
2022-08,,LH,공공임대,울산,0
2022-08,,LH,공공임대,세종,0
2022-08,,LH,공공임대,강원,30
2022-08,,LH,공공임대,충북,0
2022-08,,LH,공공임대,충남,0
2022-08,,LH,공공임대,전북,0
2022-08,,LH,공공임대,전남,0
2022-08,,LH,공공임대,경북,0
2022-08,,LH,공공임대,경남,0
2022-08,,LH,공공임대,제주,0
2022-08,,LH,공공분양,전국,716
2022-08,,LH,공공분양,서울,276
2022-08,,LH,공공분양,인천,0
2022-08,,LH,공공분양,경기,440
2022-08,,LH,공공분양,부산,0
2022-08,,LH,공공분양,대구,0
2022-08,,LH,공공분양,광주,0
2022-08,,LH,공공분양,대전,0
2022-08,,LH,공공분양,울산,0
2022-08,,LH,공공분양,세종,0
2022-08,,LH,공공분양,강원,0
2022-08,,LH,공공분양,충북,0
2022-08,,LH,공공분양,충남,0
2022-08,,LH,공공분양,전북,0
2022-08,,LH,공공분양,전남,0
2022-08,,LH,공공분양,경북,0
2022-08,,LH,공공분양,경남,0
2022-08,,LH,공공분양,제주,0
2022-08,,주택업체,소계,전국,971
2022-08,,주택업체,소계,서울,0
2022-08,,주택업체,소계,인천,0
2022-08,,주택업체,소계,경기,0
2022-08,,주택업체,소계,부산,0
2022-08,,주택업체,소계,대구,0
2022-08,,주택업체,소계,광주,0
2022-08,,주택업체,소계,대전,0
2022-08,,주택업체,소계,울산,0
2022-08,,주택업체,소계,세종,0
2022-08,,주택업체,소계,강원,0
2022-08,,주택업체,소계,충북,0
2022-08,,주택업체,소계,충남,893
2022-08,,주택업체,소계,전북,0
2022-08,,주택업체,소계,전남,0
2022-08,,주택업체,소계,경북,0
2022-08,,주택업체,소계,경남,0
2022-08,,주택업체,소계,제주,78
2022-08,,주택업체,국민임대,전국,78
2022-08,,주택업체,국민임대,서울,0
2022-08,,주택업체,국민임대,인천,0
2022-08,,주택업체,국민임대,경기,0
2022-08,,주택업체,국민임대,부산,0
2022-08,,주택업체,국민임대,대구,0
2022-08,,주택업체,국민임대,광주,0
2022-08,,주택업체,국민임대,대전,0
2022-08,,주택업체,국민임대,울산,0
2022-08,,주택업체,국민임대,세종,0
2022-08,,주택업체,국민임대,강원,0
2022-08,,주택업체,국민임대,충북,0
2022-08,,주택업체,국민임대,충남,0
2022-08,,주택업체,국민임대,전북,0
2022-08,,주택업체,국민임대,전남,0
2022-08,,주택업체,국민임대,경북,0
2022-08,,주택업체,국민임대,경남,0
2022-08,,주택업체,국민임대,제주,78
2022-08,,주택업체,공공임대,전국,0
2022-08,,주택업체,공공임대,서울,0
2022-08,,주택업체,공공임대,인천,0
2022-08,,주택업체,공공임대,경기,0
2022-08,,주택업체,공공임대,부산,0
2022-08,,주택업체,공공임대,대구,0
2022-08,,주택업체,공공임대,광주,0
2022-08,,주택업체,공공임대,대전,0
2022-08,,주택업체,공공임대,울산,0
2022-08,,주택업체,공공임대,세종,0
2022-08,,주택업체,공공임대,강원,0
2022-08,,주택업체,공공임대,충북,0
2022-08,,주택업체,공공임대,충남,0
2022-08,,주택업체,공공임대,전북,0
2022-08,,주택업체,공공임대,전남,0
2022-08,,주택업체,공공임대,경북,0
2022-08,,주택업체,공공임대,경남,0
2022-08,,주택업체,공공임대,제주,0
2022-08,,주택업체,공공분양,전국,893
2022-08,,주택업체,공공분양,서울,0
2022-08,,주택업체,공공분양,인천,0
2022-08,,주택업체,공공분양,경기,0
2022-08,,주택업체,공공분양,부산,0
2022-08,,주택업체,공공분양,대구,0
2022-08,,주택업체,공공분양,광주,0
2022-08,,주택업체,공공분양,대전,0
2022-08,,주택업체,공공분양,울산,0
2022-08,,주택업체,공공분양,세종,0
2022-08,,주택업체,공공분양,강원,0
2022-08,,주택업체,공공분양,충북,0
2022-08,,주택업체,공공분양,충남,893
2022-08,,주택업체,공공분양,전북,0
2022-08,,주택업체,공공분양,전남,0
2022-08,,주택업체,공공분양,경북,0
2022-08,,주택업체,공공분양,경남,0
2022-08,,주택업체,공공분양,제주,0
2022-08,,민간부문,소계,전국,27615
2022-08,,민간부문,소계,서울,3924
2022-08,,민간부문,소계,인천,1659
2022-08,,민간부문,소계,경기,6872
2022-08,,민간부문,소계,부산,203
2022-08,,민간부문,소계,대구,47
2022-08,,민간부문,소계,광주,77
2022-08,,민간부문,소계,대전,273
2022-08,,민간부문,소계,울산,359
2022-08,,민간부문,소계,세종,16
2022-08,,민간부문,소계,강원,2931
2022-08,,민간부문,소계,충북,2504
2022-08,,민간부문,소계,충남,2123
2022-08,,민간부문,소계,전북,1051
2022-08,,민간부문,소계,전남,1987
2022-08,,민간부문,소계,경북,717
2022-08,,민간부문,소계,경남,1915
2022-08,,민간부문,소계,제주,957
2022-08,,민간,민간임대,전국,2372
2022-08,,민간,민간임대,서울,443
2022-08,,민간,민간임대,인천,0
2022-08,,민간,민간임대,경기,1634
2022-08,,민간,민간임대,부산,0
2022-08,,민간,민간임대,대구,0
2022-08,,민간,민간임대,광주,0
2022-08,,민간,민간임대,대전,0
2022-08,,민간,민간임대,울산,0
2022-08,,민간,민간임대,세종,0
2022-08,,민간,민간임대,강원,0
2022-08,,민간,민간임대,충북,0
2022-08,,민간,민간임대,충남,0
2022-08,,민간,민간임대,전북,0
2022-08,,민간,민간임대,전남,295
2022-08,,민간,민간임대,경북,0
2022-08,,민간,민간임대,경남,0
2022-08,,민간,민간임대,제주,0
2022-08,,민간,민간분양,전국,25243
2022-08,,민간,민간분양,서울,3481
2022-08,,민간,민간분양,인천,1659
2022-08,,민간,민간분양,경기,5238
2022-08,,민간,민간분양,부산,203
2022-08,,민간,민간분양,대구,47
2022-08,,민간,민간분양,광주,77
2022-08,,민간,민간분양,대전,273
2022-08,,민간,민간분양,울산,359
2022-08,,민간,민간분양,세종,16
2022-08,,민간,민간분양,강원,2931
2022-08,,민간,민간분양,충북,2504
2022-08,,민간,민간분양,충남,2123
2022-08,,민간,민간분양,전북,1051
2022-08,,민간,민간분양,전남,1692
2022-08,,민간,민간분양,경북,717
2022-08,,민간,민간분양,경남,1915
2022-08,,민간,민간분양,제주,957
2022-09,,총계,총계,전국,40587
2022-09,,총계,총계,서울,4843
2022-09,,총계,총계,인천,574
2022-09,,총계,총계,경기,15846
2022-09,,총계,총계,부산,2290
2022-09,,총계,총계,대구,1562
2022-09,,총계,총계,광주,101
2022-09,,총계,총계,대전,1851
2022-09,,총계,총계,울산,514
2022-09,,총계,총계,세종,18
2022-09,,총계,총계,강원,660
2022-09,,총계,총계,충북,852
2022-09,,총계,총계,충남,4100
2022-09,,총계,총계,전북,1982
2022-09,,총계,총계,전남,447
2022-09,,총계,총계,경북,2342
2022-09,,총계,총계,경남,2271
2022-09,,총계,총계,제주,334
2022-09,,공공부문,소계,전국,2240
2022-09,,공공부문,소계,서울,0
2022-09,,공공부문,소계,인천,0
2022-09,,공공부문,소계,경기,988
2022-09,,공공부문,소계,부산,972
2022-09,,공공부문,소계,대구,0
2022-09,,공공부문,소계,광주,0
2022-09,,공공부문,소계,대전,0
2022-09,,공공부문,소계,울산,0
2022-09,,공공부문,소계,세종,0
2022-09,,공공부문,소계,강원,202
2022-09,,공공부문,소계,충북,0
2022-09,,공공부문,소계,충남,0
2022-09,,공공부문,소계,전북,78
2022-09,,공공부문,소계,전남,0
2022-09,,공공부문,소계,경북,0
2022-09,,공공부문,소계,경남,0
2022-09,,공공부문,소계,제주,0
2022-09,,합,국민임대,전국,78
2022-09,,합,국민임대,서울,0
2022-09,,합,국민임대,인천,0
2022-09,,합,국민임대,경기,0
2022-09,,합,국민임대,부산,0
2022-09,,합,국민임대,대구,0
2022-09,,합,국민임대,광주,0
2022-09,,합,국민임대,대전,0
2022-09,,합,국민임대,울산,0
2022-09,,합,국민임대,세종,0
2022-09,,합,국민임대,강원,0
2022-09,,합,국민임대,충북,0
2022-09,,합,국민임대,충남,0
2022-09,,합,국민임대,전북,78
2022-09,,합,국민임대,전남,0
2022-09,,합,국민임대,경북,0
2022-09,,합,국민임대,경남,0
2022-09,,합,국민임대,제주,0
2022-09,,합,공공임대,전국,1190
2022-09,,합,공공임대,서울,0
2022-09,,합,공공임대,인천,0
2022-09,,합,공공임대,경기,988
2022-09,,합,공공임대,부산,0
2022-09,,합,공공임대,대구,0
2022-09,,합,공공임대,광주,0
2022-09,,합,공공임대,대전,0
2022-09,,합,공공임대,울산,0
2022-09,,합,공공임대,세종,0
2022-09,,합,공공임대,강원,202
2022-09,,합,공공임대,충북,0
2022-09,,합,공공임대,충남,0
2022-09,,합,공공임대,전북,0
2022-09,,합,공공임대,전남,0
2022-09,,합,공공임대,경북,0
2022-09,,합,공공임대,경남,0
2022-09,,합,공공임대,제주,0
2022-09,,합,공공분양,전국,972
2022-09,,합,공공분양,서울,0
2022-09,,합,공공분양,인천,0
2022-09,,합,공공분양,경기,0
2022-09,,합,공공분양,부산,972
2022-09,,합,공공분양,대구,0
2022-09,,합,공공분양,광주,0
2022-09,,합,공공분양,대전,0
2022-09,,합,공공분양,울산,0
2022-09,,합,공공분양,세종,0
2022-09,,합,공공분양,강원,0
2022-09,,합,공공분양,충북,0
2022-09,,합,공공분양,충남,0
2022-09,,합,공공분양,전북,0
2022-09,,합,공공분양,전남,0
2022-09,,합,공공분양,경북,0
2022-09,,합,공공분양,경남,0
2022-09,,합,공공분양,제주,0
2022-09,,지자체,소계,전국,518
2022-09,,지자체,소계,서울,0
2022-09,,지자체,소계,인천,0
2022-09,,지자체,소계,경기,518
2022-09,,지자체,소계,부산,0
2022-09,,지자체,소계,대구,0
2022-09,,지자체,소계,광주,0
2022-09,,지자체,소계,대전,0
2022-09,,지자체,소계,울산,0
2022-09,,지자체,소계,세종,0
2022-09,,지자체,소계,강원,0
2022-09,,지자체,소계,충북,0
2022-09,,지자체,소계,충남,0
2022-09,,지자체,소계,전북,0
2022-09,,지자체,소계,전남,0
2022-09,,지자체,소계,경북,0
2022-09,,지자체,소계,경남,0
2022-09,,지자체,소계,제주,0
2022-09,,지자체,국민임대,전국,0
2022-09,,지자체,국민임대,서울,0
2022-09,,지자체,국민임대,인천,0
2022-09,,지자체,국민임대,경기,0
2022-09,,지자체,국민임대,부산,0
2022-09,,지자체,국민임대,대구,0
2022-09,,지자체,국민임대,광주,0
2022-09,,지자체,국민임대,대전,0
2022-09,,지자체,국민임대,울산,0
2022-09,,지자체,국민임대,세종,0
2022-09,,지자체,국민임대,강원,0
2022-09,,지자체,국민임대,충북,0
2022-09,,지자체,국민임대,충남,0
2022-09,,지자체,국민임대,전북,0
2022-09,,지자체,국민임대,전남,0
2022-09,,지자체,국민임대,경북,0
2022-09,,지자체,국민임대,경남,0
2022-09,,지자체,국민임대,제주,0
2022-09,,지자체,공공임대,전국,518
2022-09,,지자체,공공임대,서울,0
2022-09,,지자체,공공임대,인천,0
2022-09,,지자체,공공임대,경기,518
2022-09,,지자체,공공임대,부산,0
2022-09,,지자체,공공임대,대구,0
2022-09,,지자체,공공임대,광주,0
2022-09,,지자체,공공임대,대전,0
2022-09,,지자체,공공임대,울산,0
2022-09,,지자체,공공임대,세종,0
2022-09,,지자체,공공임대,강원,0
2022-09,,지자체,공공임대,충북,0
2022-09,,지자체,공공임대,충남,0
2022-09,,지자체,공공임대,전북,0
2022-09,,지자체,공공임대,전남,0
2022-09,,지자체,공공임대,경북,0
2022-09,,지자체,공공임대,경남,0
2022-09,,지자체,공공임대,제주,0
2022-09,,지자체,공공분양,전국,0
2022-09,,지자체,공공분양,서울,0
2022-09,,지자체,공공분양,인천,0
2022-09,,지자체,공공분양,경기,0
2022-09,,지자체,공공분양,부산,0
2022-09,,지자체,공공분양,대구,0
2022-09,,지자체,공공분양,광주,0
2022-09,,지자체,공공분양,대전,0
2022-09,,지자체,공공분양,울산,0
2022-09,,지자체,공공분양,세종,0
2022-09,,지자체,공공분양,강원,0
2022-09,,지자체,공공분양,충북,0
2022-09,,지자체,공공분양,충남,0
2022-09,,지자체,공공분양,전북,0
2022-09,,지자체,공공분양,전남,0
2022-09,,지자체,공공분양,경북,0
2022-09,,지자체,공공분양,경남,0
2022-09,,지자체,공공분양,제주,0
2022-09,,LH,소계,전국,750
2022-09,,LH,소계,서울,0
2022-09,,LH,소계,인천,0
2022-09,,LH,소계,경기,470
2022-09,,LH,소계,부산,0
2022-09,,LH,소계,대구,0
2022-09,,LH,소계,광주,0
2022-09,,LH,소계,대전,0
2022-09,,LH,소계,울산,0
2022-09,,LH,소계,세종,0
2022-09,,LH,소계,강원,202
2022-09,,LH,소계,충북,0
2022-09,,LH,소계,충남,0
2022-09,,LH,소계,전북,78
2022-09,,LH,소계,전남,0
2022-09,,LH,소계,경북,0
2022-09,,LH,소계,경남,0
2022-09,,LH,소계,제주,0
2022-09,,LH,국민임대,전국,78
2022-09,,LH,국민임대,서울,0
2022-09,,LH,국민임대,인천,0
2022-09,,LH,국민임대,경기,0
2022-09,,LH,국민임대,부산,0
2022-09,,LH,국민임대,대구,0
2022-09,,LH,국민임대,광주,0
2022-09,,LH,국민임대,대전,0
2022-09,,LH,국민임대,울산,0
2022-09,,LH,국민임대,세종,0
2022-09,,LH,국민임대,강원,0
2022-09,,LH,국민임대,충북,0
2022-09,,LH,국민임대,충남,0
2022-09,,LH,국민임대,전북,78
2022-09,,LH,국민임대,전남,0
2022-09,,LH,국민임대,경북,0
2022-09,,LH,국민임대,경남,0
2022-09,,LH,국민임대,제주,0
2022-09,,LH,공공임대,전국,672
2022-09,,LH,공공임대,서울,0
2022-09,,LH,공공임대,인천,0
2022-09,,LH,공공임대,경기,470
2022-09,,LH,공공임대,부산,0
2022-09,,LH,공공임대,대구,0
2022-09,,LH,공공임대,광주,0
2022-09,,LH,공공임대,대전,0
2022-09,,LH,공공임대,울산,0
2022-09,,LH,공공임대,세종,0
2022-09,,LH,공공임대,강원,202
2022-09,,LH,공공임대,충북,0
2022-09,,LH,공공임대,충남,0
2022-09,,LH,공공임대,전북,0
2022-09,,LH,공공임대,전남,0
2022-09,,LH,공공임대,경북,0
2022-09,,LH,공공임대,경남,0
2022-09,,LH,공공임대,제주,0
2022-09,,LH,공공분양,전국,0
2022-09,,LH,공공분양,서울,0
2022-09,,LH,공공분양,인천,0
2022-09,,LH,공공분양,경기,0
2022-09,,LH,공공분양,부산,0
2022-09,,LH,공공분양,대구,0
2022-09,,LH,공공분양,광주,0
2022-09,,LH,공공분양,대전,0
2022-09,,LH,공공분양,울산,0
2022-09,,LH,공공분양,세종,0
2022-09,,LH,공공분양,강원,0
2022-09,,LH,공공분양,충북,0
2022-09,,LH,공공분양,충남,0
2022-09,,LH,공공분양,전북,0
2022-09,,LH,공공분양,전남,0
2022-09,,LH,공공분양,경북,0
2022-09,,LH,공공분양,경남,0
2022-09,,LH,공공분양,제주,0
2022-09,,주택업체,소계,전국,972
2022-09,,주택업체,소계,서울,0
2022-09,,주택업체,소계,인천,0
2022-09,,주택업체,소계,경기,0
2022-09,,주택업체,소계,부산,972
2022-09,,주택업체,소계,대구,0
2022-09,,주택업체,소계,광주,0
2022-09,,주택업체,소계,대전,0
2022-09,,주택업체,소계,울산,0
2022-09,,주택업체,소계,세종,0
2022-09,,주택업체,소계,강원,0
2022-09,,주택업체,소계,충북,0
2022-09,,주택업체,소계,충남,0
2022-09,,주택업체,소계,전북,0
2022-09,,주택업체,소계,전남,0
2022-09,,주택업체,소계,경북,0
2022-09,,주택업체,소계,경남,0
2022-09,,주택업체,소계,제주,0
2022-09,,주택업체,국민임대,전국,0
2022-09,,주택업체,국민임대,서울,0
2022-09,,주택업체,국민임대,인천,0
2022-09,,주택업체,국민임대,경기,0
2022-09,,주택업체,국민임대,부산,0
2022-09,,주택업체,국민임대,대구,0
2022-09,,주택업체,국민임대,광주,0
2022-09,,주택업체,국민임대,대전,0
2022-09,,주택업체,국민임대,울산,0
2022-09,,주택업체,국민임대,세종,0
2022-09,,주택업체,국민임대,강원,0
2022-09,,주택업체,국민임대,충북,0
2022-09,,주택업체,국민임대,충남,0
2022-09,,주택업체,국민임대,전북,0
2022-09,,주택업체,국민임대,전남,0
2022-09,,주택업체,국민임대,경북,0
2022-09,,주택업체,국민임대,경남,0
2022-09,,주택업체,국민임대,제주,0
2022-09,,주택업체,공공임대,전국,0
2022-09,,주택업체,공공임대,서울,0
2022-09,,주택업체,공공임대,인천,0
2022-09,,주택업체,공공임대,경기,0
2022-09,,주택업체,공공임대,부산,0
2022-09,,주택업체,공공임대,대구,0
2022-09,,주택업체,공공임대,광주,0
2022-09,,주택업체,공공임대,대전,0
2022-09,,주택업체,공공임대,울산,0
2022-09,,주택업체,공공임대,세종,0
2022-09,,주택업체,공공임대,강원,0
2022-09,,주택업체,공공임대,충북,0
2022-09,,주택업체,공공임대,충남,0
2022-09,,주택업체,공공임대,전북,0
2022-09,,주택업체,공공임대,전남,0
2022-09,,주택업체,공공임대,경북,0
2022-09,,주택업체,공공임대,경남,0
2022-09,,주택업체,공공임대,제주,0
2022-09,,주택업체,공공분양,전국,972
2022-09,,주택업체,공공분양,서울,0
2022-09,,주택업체,공공분양,인천,0
2022-09,,주택업체,공공분양,경기,0
2022-09,,주택업체,공공분양,부산,972
2022-09,,주택업체,공공분양,대구,0
2022-09,,주택업체,공공분양,광주,0
2022-09,,주택업체,공공분양,대전,0
2022-09,,주택업체,공공분양,울산,0
2022-09,,주택업체,공공분양,세종,0
2022-09,,주택업체,공공분양,강원,0
2022-09,,주택업체,공공분양,충북,0
2022-09,,주택업체,공공분양,충남,0
2022-09,,주택업체,공공분양,전북,0
2022-09,,주택업체,공공분양,전남,0
2022-09,,주택업체,공공분양,경북,0
2022-09,,주택업체,공공분양,경남,0
2022-09,,주택업체,공공분양,제주,0
2022-09,,민간부문,소계,전국,38347
2022-09,,민간부문,소계,서울,4843
2022-09,,민간부문,소계,인천,574
2022-09,,민간부문,소계,경기,14858
2022-09,,민간부문,소계,부산,1318
2022-09,,민간부문,소계,대구,1562
2022-09,,민간부문,소계,광주,101
2022-09,,민간부문,소계,대전,1851
2022-09,,민간부문,소계,울산,514
2022-09,,민간부문,소계,세종,18
2022-09,,민간부문,소계,강원,458
2022-09,,민간부문,소계,충북,852
2022-09,,민간부문,소계,충남,4100
2022-09,,민간부문,소계,전북,1904
2022-09,,민간부문,소계,전남,447
2022-09,,민간부문,소계,경북,2342
2022-09,,민간부문,소계,경남,2271
2022-09,,민간부문,소계,제주,334
2022-09,,민간,민간임대,전국,261
2022-09,,민간,민간임대,서울,42
2022-09,,민간,민간임대,인천,0
2022-09,,민간,민간임대,경기,0
2022-09,,민간,민간임대,부산,0
2022-09,,민간,민간임대,대구,0
2022-09,,민간,민간임대,광주,0
2022-09,,민간,민간임대,대전,0
2022-09,,민간,민간임대,울산,0
2022-09,,민간,민간임대,세종,0
2022-09,,민간,민간임대,강원,0
2022-09,,민간,민간임대,충북,0
2022-09,,민간,민간임대,충남,0
2022-09,,민간,민간임대,전북,219
2022-09,,민간,민간임대,전남,0
2022-09,,민간,민간임대,경북,0
2022-09,,민간,민간임대,경남,0
2022-09,,민간,민간임대,제주,0
2022-09,,민간,민간분양,전국,38086
2022-09,,민간,민간분양,서울,4801
2022-09,,민간,민간분양,인천,574
2022-09,,민간,민간분양,경기,14858
2022-09,,민간,민간분양,부산,1318
2022-09,,민간,민간분양,대구,1562
2022-09,,민간,민간분양,광주,101
2022-09,,민간,민간분양,대전,1851
2022-09,,민간,민간분양,울산,514
2022-09,,민간,민간분양,세종,18
2022-09,,민간,민간분양,강원,458
2022-09,,민간,민간분양,충북,852
2022-09,,민간,민간분양,충남,4100
2022-09,,민간,민간분양,전북,1685
2022-09,,민간,민간분양,전남,447
2022-09,,민간,민간분양,경북,2342
2022-09,,민간,민간분양,경남,2271
2022-09,,민간,민간분양,제주,334
2022-10,,총계,총계,전국,27222
2022-10,,총계,총계,서울,3973
2022-10,,총계,총계,인천,900
2022-10,,총계,총계,경기,5906
2022-10,,총계,총계,부산,787
2022-10,,총계,총계,대구,2097
2022-10,,총계,총계,광주,678
2022-10,,총계,총계,대전,1858
2022-10,,총계,총계,울산,706
2022-10,,총계,총계,세종,62
2022-10,,총계,총계,강원,1140
2022-10,,총계,총계,충북,1366
2022-10,,총계,총계,충남,3671
2022-10,,총계,총계,전북,1280
2022-10,,총계,총계,전남,505
2022-10,,총계,총계,경북,531
2022-10,,총계,총계,경남,1410
2022-10,,총계,총계,제주,352
2022-10,,공공부문,소계,전국,738
2022-10,,공공부문,소계,서울,608
2022-10,,공공부문,소계,인천,0
2022-10,,공공부문,소계,경기,0
2022-10,,공공부문,소계,부산,0
2022-10,,공공부문,소계,대구,50
2022-10,,공공부문,소계,광주,0
2022-10,,공공부문,소계,대전,0
2022-10,,공공부문,소계,울산,80
2022-10,,공공부문,소계,세종,0
2022-10,,공공부문,소계,강원,0
2022-10,,공공부문,소계,충북,0
2022-10,,공공부문,소계,충남,0
2022-10,,공공부문,소계,전북,0
2022-10,,공공부문,소계,전남,0
2022-10,,공공부문,소계,경북,0
2022-10,,공공부문,소계,경남,0
2022-10,,공공부문,소계,제주,0
2022-10,,합,국민임대,전국,608
2022-10,,합,국민임대,서울,608
2022-10,,합,국민임대,인천,0
2022-10,,합,국민임대,경기,0
2022-10,,합,국민임대,부산,0
2022-10,,합,국민임대,대구,0
2022-10,,합,국민임대,광주,0
2022-10,,합,국민임대,대전,0
2022-10,,합,국민임대,울산,0
2022-10,,합,국민임대,세종,0
2022-10,,합,국민임대,강원,0
2022-10,,합,국민임대,충북,0
2022-10,,합,국민임대,충남,0
2022-10,,합,국민임대,전북,0
2022-10,,합,국민임대,전남,0
2022-10,,합,국민임대,경북,0
2022-10,,합,국민임대,경남,0
2022-10,,합,국민임대,제주,0
2022-10,,합,공공임대,전국,130
2022-10,,합,공공임대,서울,0
2022-10,,합,공공임대,인천,0
2022-10,,합,공공임대,경기,0
2022-10,,합,공공임대,부산,0
2022-10,,합,공공임대,대구,50
2022-10,,합,공공임대,광주,0
2022-10,,합,공공임대,대전,0
2022-10,,합,공공임대,울산,80
2022-10,,합,공공임대,세종,0
2022-10,,합,공공임대,강원,0
2022-10,,합,공공임대,충북,0
2022-10,,합,공공임대,충남,0
2022-10,,합,공공임대,전북,0
2022-10,,합,공공임대,전남,0
2022-10,,합,공공임대,경북,0
2022-10,,합,공공임대,경남,0
2022-10,,합,공공임대,제주,0
2022-10,,합,공공분양,전국,0
2022-10,,합,공공분양,서울,0
2022-10,,합,공공분양,인천,0
2022-10,,합,공공분양,경기,0
2022-10,,합,공공분양,부산,0
2022-10,,합,공공분양,대구,0
2022-10,,합,공공분양,광주,0
2022-10,,합,공공분양,대전,0
2022-10,,합,공공분양,울산,0
2022-10,,합,공공분양,세종,0
2022-10,,합,공공분양,강원,0
2022-10,,합,공공분양,충북,0
2022-10,,합,공공분양,충남,0
2022-10,,합,공공분양,전북,0
2022-10,,합,공공분양,전남,0
2022-10,,합,공공분양,경북,0
2022-10,,합,공공분양,경남,0
2022-10,,합,공공분양,제주,0
2022-10,,지자체,소계,전국,80
2022-10,,지자체,소계,서울,0
2022-10,,지자체,소계,인천,0
2022-10,,지자체,소계,경기,0
2022-10,,지자체,소계,부산,0
2022-10,,지자체,소계,대구,0
2022-10,,지자체,소계,광주,0
2022-10,,지자체,소계,대전,0
2022-10,,지자체,소계,울산,80
2022-10,,지자체,소계,세종,0
2022-10,,지자체,소계,강원,0
2022-10,,지자체,소계,충북,0
2022-10,,지자체,소계,충남,0
2022-10,,지자체,소계,전북,0
2022-10,,지자체,소계,전남,0
2022-10,,지자체,소계,경북,0
2022-10,,지자체,소계,경남,0
2022-10,,지자체,소계,제주,0
2022-10,,지자체,국민임대,전국,0
2022-10,,지자체,국민임대,서울,0
2022-10,,지자체,국민임대,인천,0
2022-10,,지자체,국민임대,경기,0
2022-10,,지자체,국민임대,부산,0
2022-10,,지자체,국민임대,대구,0
2022-10,,지자체,국민임대,광주,0
2022-10,,지자체,국민임대,대전,0
2022-10,,지자체,국민임대,울산,0
2022-10,,지자체,국민임대,세종,0
2022-10,,지자체,국민임대,강원,0
2022-10,,지자체,국민임대,충북,0
2022-10,,지자체,국민임대,충남,0
2022-10,,지자체,국민임대,전북,0
2022-10,,지자체,국민임대,전남,0
2022-10,,지자체,국민임대,경북,0
2022-10,,지자체,국민임대,경남,0
2022-10,,지자체,국민임대,제주,0
2022-10,,지자체,공공임대,전국,80
2022-10,,지자체,공공임대,서울,0
2022-10,,지자체,공공임대,인천,0
2022-10,,지자체,공공임대,경기,0
2022-10,,지자체,공공임대,부산,0
2022-10,,지자체,공공임대,대구,0
2022-10,,지자체,공공임대,광주,0
2022-10,,지자체,공공임대,대전,0
2022-10,,지자체,공공임대,울산,80
2022-10,,지자체,공공임대,세종,0
2022-10,,지자체,공공임대,강원,0
2022-10,,지자체,공공임대,충북,0
2022-10,,지자체,공공임대,충남,0
2022-10,,지자체,공공임대,전북,0
2022-10,,지자체,공공임대,전남,0
2022-10,,지자체,공공임대,경북,0
2022-10,,지자체,공공임대,경남,0
2022-10,,지자체,공공임대,제주,0
2022-10,,지자체,공공분양,전국,0
2022-10,,지자체,공공분양,서울,0
2022-10,,지자체,공공분양,인천,0
2022-10,,지자체,공공분양,경기,0
2022-10,,지자체,공공분양,부산,0
2022-10,,지자체,공공분양,대구,0
2022-10,,지자체,공공분양,광주,0
2022-10,,지자체,공공분양,대전,0
2022-10,,지자체,공공분양,울산,0
2022-10,,지자체,공공분양,세종,0
2022-10,,지자체,공공분양,강원,0
2022-10,,지자체,공공분양,충북,0
2022-10,,지자체,공공분양,충남,0
2022-10,,지자체,공공분양,전북,0
2022-10,,지자체,공공분양,전남,0
2022-10,,지자체,공공분양,경북,0
2022-10,,지자체,공공분양,경남,0
2022-10,,지자체,공공분양,제주,0
2022-10,,LH,소계,전국,50
2022-10,,LH,소계,서울,0
2022-10,,LH,소계,인천,0
2022-10,,LH,소계,경기,0
2022-10,,LH,소계,부산,0
2022-10,,LH,소계,대구,50
2022-10,,LH,소계,광주,0
2022-10,,LH,소계,대전,0
2022-10,,LH,소계,울산,0
2022-10,,LH,소계,세종,0
2022-10,,LH,소계,강원,0
2022-10,,LH,소계,충북,0
2022-10,,LH,소계,충남,0
2022-10,,LH,소계,전북,0
2022-10,,LH,소계,전남,0
2022-10,,LH,소계,경북,0
2022-10,,LH,소계,경남,0
2022-10,,LH,소계,제주,0
2022-10,,LH,국민임대,전국,0
2022-10,,LH,국민임대,서울,0
2022-10,,LH,국민임대,인천,0
2022-10,,LH,국민임대,경기,0
2022-10,,LH,국민임대,부산,0
2022-10,,LH,국민임대,대구,0
2022-10,,LH,국민임대,광주,0
2022-10,,LH,국민임대,대전,0
2022-10,,LH,국민임대,울산,0
2022-10,,LH,국민임대,세종,0
2022-10,,LH,국민임대,강원,0
2022-10,,LH,국민임대,충북,0
2022-10,,LH,국민임대,충남,0
2022-10,,LH,국민임대,전북,0
2022-10,,LH,국민임대,전남,0
2022-10,,LH,국민임대,경북,0
2022-10,,LH,국민임대,경남,0
2022-10,,LH,국민임대,제주,0
2022-10,,LH,공공임대,전국,50
2022-10,,LH,공공임대,서울,0
2022-10,,LH,공공임대,인천,0
2022-10,,LH,공공임대,경기,0
2022-10,,LH,공공임대,부산,0
2022-10,,LH,공공임대,대구,50
2022-10,,LH,공공임대,광주,0
2022-10,,LH,공공임대,대전,0
2022-10,,LH,공공임대,울산,0
2022-10,,LH,공공임대,세종,0
2022-10,,LH,공공임대,강원,0
2022-10,,LH,공공임대,충북,0
2022-10,,LH,공공임대,충남,0
2022-10,,LH,공공임대,전북,0
2022-10,,LH,공공임대,전남,0
2022-10,,LH,공공임대,경북,0
2022-10,,LH,공공임대,경남,0
2022-10,,LH,공공임대,제주,0
2022-10,,LH,공공분양,전국,0
2022-10,,LH,공공분양,서울,0
2022-10,,LH,공공분양,인천,0
2022-10,,LH,공공분양,경기,0
2022-10,,LH,공공분양,부산,0
2022-10,,LH,공공분양,대구,0
2022-10,,LH,공공분양,광주,0
2022-10,,LH,공공분양,대전,0
2022-10,,LH,공공분양,울산,0
2022-10,,LH,공공분양,세종,0
2022-10,,LH,공공분양,강원,0
2022-10,,LH,공공분양,충북,0
2022-10,,LH,공공분양,충남,0
2022-10,,LH,공공분양,전북,0
2022-10,,LH,공공분양,전남,0
2022-10,,LH,공공분양,경북,0
2022-10,,LH,공공분양,경남,0
2022-10,,LH,공공분양,제주,0
2022-10,,주택업체,소계,전국,608
2022-10,,주택업체,소계,서울,608
2022-10,,주택업체,소계,인천,0
2022-10,,주택업체,소계,경기,0
2022-10,,주택업체,소계,부산,0
2022-10,,주택업체,소계,대구,0
2022-10,,주택업체,소계,광주,0
2022-10,,주택업체,소계,대전,0
2022-10,,주택업체,소계,울산,0
2022-10,,주택업체,소계,세종,0
2022-10,,주택업체,소계,강원,0
2022-10,,주택업체,소계,충북,0
2022-10,,주택업체,소계,충남,0
2022-10,,주택업체,소계,전북,0
2022-10,,주택업체,소계,전남,0
2022-10,,주택업체,소계,경북,0
2022-10,,주택업체,소계,경남,0
2022-10,,주택업체,소계,제주,0
2022-10,,주택업체,국민임대,전국,608
2022-10,,주택업체,국민임대,서울,608
2022-10,,주택업체,국민임대,인천,0
2022-10,,주택업체,국민임대,경기,0
2022-10,,주택업체,국민임대,부산,0
2022-10,,주택업체,국민임대,대구,0
2022-10,,주택업체,국민임대,광주,0
2022-10,,주택업체,국민임대,대전,0
2022-10,,주택업체,국민임대,울산,0
2022-10,,주택업체,국민임대,세종,0
2022-10,,주택업체,국민임대,강원,0
2022-10,,주택업체,국민임대,충북,0
2022-10,,주택업체,국민임대,충남,0
2022-10,,주택업체,국민임대,전북,0
2022-10,,주택업체,국민임대,전남,0
2022-10,,주택업체,국민임대,경북,0
2022-10,,주택업체,국민임대,경남,0
2022-10,,주택업체,국민임대,제주,0
2022-10,,주택업체,공공임대,전국,0
2022-10,,주택업체,공공임대,서울,0
2022-10,,주택업체,공공임대,인천,0
2022-10,,주택업체,공공임대,경기,0
2022-10,,주택업체,공공임대,부산,0
2022-10,,주택업체,공공임대,대구,0
2022-10,,주택업체,공공임대,광주,0
2022-10,,주택업체,공공임대,대전,0
2022-10,,주택업체,공공임대,울산,0
2022-10,,주택업체,공공임대,세종,0
2022-10,,주택업체,공공임대,강원,0
2022-10,,주택업체,공공임대,충북,0
2022-10,,주택업체,공공임대,충남,0
2022-10,,주택업체,공공임대,전북,0
2022-10,,주택업체,공공임대,전남,0
2022-10,,주택업체,공공임대,경북,0
2022-10,,주택업체,공공임대,경남,0
2022-10,,주택업체,공공임대,제주,0
2022-10,,주택업체,공공분양,전국,0
2022-10,,주택업체,공공분양,서울,0
2022-10,,주택업체,공공분양,인천,0
2022-10,,주택업체,공공분양,경기,0
2022-10,,주택업체,공공분양,부산,0
2022-10,,주택업체,공공분양,대구,0
2022-10,,주택업체,공공분양,광주,0
2022-10,,주택업체,공공분양,대전,0
2022-10,,주택업체,공공분양,울산,0
2022-10,,주택업체,공공분양,세종,0
2022-10,,주택업체,공공분양,강원,0
2022-10,,주택업체,공공분양,충북,0
2022-10,,주택업체,공공분양,충남,0
2022-10,,주택업체,공공분양,전북,0
2022-10,,주택업체,공공분양,전남,0
2022-10,,주택업체,공공분양,경북,0
2022-10,,주택업체,공공분양,경남,0
2022-10,,주택업체,공공분양,제주,0
2022-10,,민간부문,소계,전국,26484
2022-10,,민간부문,소계,서울,3365
2022-10,,민간부문,소계,인천,900
2022-10,,민간부문,소계,경기,5906
2022-10,,민간부문,소계,부산,787
2022-10,,민간부문,소계,대구,2047
2022-10,,민간부문,소계,광주,678
2022-10,,민간부문,소계,대전,1858
2022-10,,민간부문,소계,울산,626
2022-10,,민간부문,소계,세종,62
2022-10,,민간부문,소계,강원,1140
2022-10,,민간부문,소계,충북,1366
2022-10,,민간부문,소계,충남,3671
2022-10,,민간부문,소계,전북,1280
2022-10,,민간부문,소계,전남,505
2022-10,,민간부문,소계,경북,531
2022-10,,민간부문,소계,경남,1410
2022-10,,민간부문,소계,제주,352
2022-10,,민간,민간임대,전국,1338
2022-10,,민간,민간임대,서울,426
2022-10,,민간,민간임대,인천,0
2022-10,,민간,민간임대,경기,0
2022-10,,민간,민간임대,부산,0
2022-10,,민간,민간임대,대구,0
2022-10,,민간,민간임대,광주,40
2022-10,,민간,민간임대,대전,725
2022-10,,민간,민간임대,울산,0
2022-10,,민간,민간임대,세종,0
2022-10,,민간,민간임대,강원,0
2022-10,,민간,민간임대,충북,0
2022-10,,민간,민간임대,충남,0
2022-10,,민간,민간임대,전북,0
2022-10,,민간,민간임대,전남,0
2022-10,,민간,민간임대,경북,147
2022-10,,민간,민간임대,경남,0
2022-10,,민간,민간임대,제주,0
2022-10,,민간,민간분양,전국,25146
2022-10,,민간,민간분양,서울,2939
2022-10,,민간,민간분양,인천,900
2022-10,,민간,민간분양,경기,5906
2022-10,,민간,민간분양,부산,787
2022-10,,민간,민간분양,대구,2047
2022-10,,민간,민간분양,광주,638
2022-10,,민간,민간분양,대전,1133
2022-10,,민간,민간분양,울산,626
2022-10,,민간,민간분양,세종,62
2022-10,,민간,민간분양,강원,1140
2022-10,,민간,민간분양,충북,1366
2022-10,,민간,민간분양,충남,3671
2022-10,,민간,민간분양,전북,1280
2022-10,,민간,민간분양,전남,505
2022-10,,민간,민간분양,경북,384
2022-10,,민간,민간분양,경남,1410
2022-10,,민간,민간분양,제주,352
2022-11,,총계,총계,전국,26146
2022-11,,총계,총계,서울,3624
2022-11,,총계,총계,인천,649
2022-11,,총계,총계,경기,5006
2022-11,,총계,총계,부산,212
2022-11,,총계,총계,대구,573
2022-11,,총계,총계,광주,3272
2022-11,,총계,총계,대전,512
2022-11,,총계,총계,울산,2498
2022-11,,총계,총계,세종,56
2022-11,,총계,총계,강원,1567
2022-11,,총계,총계,충북,1575
2022-11,,총계,총계,충남,1905
2022-11,,총계,총계,전북,743
2022-11,,총계,총계,전남,597
2022-11,,총계,총계,경북,2226
2022-11,,총계,총계,경남,728
2022-11,,총계,총계,제주,403
2022-11,,공공부문,소계,전국,1411
2022-11,,공공부문,소계,서울,0
2022-11,,공공부문,소계,인천,0
2022-11,,공공부문,소계,경기,378
2022-11,,공공부문,소계,부산,0
2022-11,,공공부문,소계,대구,1
2022-11,,공공부문,소계,광주,0
2022-11,,공공부문,소계,대전,0
2022-11,,공공부문,소계,울산,932
2022-11,,공공부문,소계,세종,0
2022-11,,공공부문,소계,강원,100
2022-11,,공공부문,소계,충북,0
2022-11,,공공부문,소계,충남,0
2022-11,,공공부문,소계,전북,0
2022-11,,공공부문,소계,전남,0
2022-11,,공공부문,소계,경북,0
2022-11,,공공부문,소계,경남,0
2022-11,,공공부문,소계,제주,0
2022-11,,합,국민임대,전국,274
2022-11,,합,국민임대,서울,0
2022-11,,합,국민임대,인천,0
2022-11,,합,국민임대,경기,0
2022-11,,합,국민임대,부산,0
2022-11,,합,국민임대,대구,0
2022-11,,합,국민임대,광주,0
2022-11,,합,국민임대,대전,0
2022-11,,합,국민임대,울산,194
2022-11,,합,국민임대,세종,0
2022-11,,합,국민임대,강원,80
2022-11,,합,국민임대,충북,0
2022-11,,합,국민임대,충남,0
2022-11,,합,국민임대,전북,0
2022-11,,합,국민임대,전남,0
2022-11,,합,국민임대,경북,0
2022-11,,합,국민임대,경남,0
2022-11,,합,국민임대,제주,0
2022-11,,합,공공임대,전국,895
2022-11,,합,공공임대,서울,0
2022-11,,합,공공임대,인천,0
2022-11,,합,공공임대,경기,136
2022-11,,합,공공임대,부산,0
2022-11,,합,공공임대,대구,1
2022-11,,합,공공임대,광주,0
2022-11,,합,공공임대,대전,0
2022-11,,합,공공임대,울산,738
2022-11,,합,공공임대,세종,0
2022-11,,합,공공임대,강원,20
2022-11,,합,공공임대,충북,0
2022-11,,합,공공임대,충남,0
2022-11,,합,공공임대,전북,0
2022-11,,합,공공임대,전남,0
2022-11,,합,공공임대,경북,0
2022-11,,합,공공임대,경남,0
2022-11,,합,공공임대,제주,0
2022-11,,합,공공분양,전국,242
2022-11,,합,공공분양,서울,0
2022-11,,합,공공분양,인천,0
2022-11,,합,공공분양,경기,242
2022-11,,합,공공분양,부산,0
2022-11,,합,공공분양,대구,0
2022-11,,합,공공분양,광주,0
2022-11,,합,공공분양,대전,0
2022-11,,합,공공분양,울산,0
2022-11,,합,공공분양,세종,0
2022-11,,합,공공분양,강원,0
2022-11,,합,공공분양,충북,0
2022-11,,합,공공분양,충남,0
2022-11,,합,공공분양,전북,0
2022-11,,합,공공분양,전남,0
2022-11,,합,공공분양,경북,0
2022-11,,합,공공분양,경남,0
2022-11,,합,공공분양,제주,0
2022-11,,지자체,소계,전국,0
2022-11,,지자체,소계,서울,0
2022-11,,지자체,소계,인천,0
2022-11,,지자체,소계,경기,0
2022-11,,지자체,소계,부산,0
2022-11,,지자체,소계,대구,0
2022-11,,지자체,소계,광주,0
2022-11,,지자체,소계,대전,0
2022-11,,지자체,소계,울산,0
2022-11,,지자체,소계,세종,0
2022-11,,지자체,소계,강원,0
2022-11,,지자체,소계,충북,0
2022-11,,지자체,소계,충남,0
2022-11,,지자체,소계,전북,0
2022-11,,지자체,소계,전남,0
2022-11,,지자체,소계,경북,0
2022-11,,지자체,소계,경남,0
2022-11,,지자체,소계,제주,0
2022-11,,지자체,국민임대,전국,0
2022-11,,지자체,국민임대,서울,0
2022-11,,지자체,국민임대,인천,0
2022-11,,지자체,국민임대,경기,0
2022-11,,지자체,국민임대,부산,0
2022-11,,지자체,국민임대,대구,0
2022-11,,지자체,국민임대,광주,0
2022-11,,지자체,국민임대,대전,0
2022-11,,지자체,국민임대,울산,0
2022-11,,지자체,국민임대,세종,0
2022-11,,지자체,국민임대,강원,0
2022-11,,지자체,국민임대,충북,0
2022-11,,지자체,국민임대,충남,0
2022-11,,지자체,국민임대,전북,0
2022-11,,지자체,국민임대,전남,0
2022-11,,지자체,국민임대,경북,0
2022-11,,지자체,국민임대,경남,0
2022-11,,지자체,국민임대,제주,0
2022-11,,지자체,공공임대,전국,0
2022-11,,지자체,공공임대,서울,0
2022-11,,지자체,공공임대,인천,0
2022-11,,지자체,공공임대,경기,0
2022-11,,지자체,공공임대,부산,0
2022-11,,지자체,공공임대,대구,0
2022-11,,지자체,공공임대,광주,0
2022-11,,지자체,공공임대,대전,0
2022-11,,지자체,공공임대,울산,0
2022-11,,지자체,공공임대,세종,0
2022-11,,지자체,공공임대,강원,0
2022-11,,지자체,공공임대,충북,0
2022-11,,지자체,공공임대,충남,0
2022-11,,지자체,공공임대,전북,0
2022-11,,지자체,공공임대,전남,0
2022-11,,지자체,공공임대,경북,0
2022-11,,지자체,공공임대,경남,0
2022-11,,지자체,공공임대,제주,0
2022-11,,지자체,공공분양,전국,0
2022-11,,지자체,공공분양,서울,0
2022-11,,지자체,공공분양,인천,0
2022-11,,지자체,공공분양,경기,0
2022-11,,지자체,공공분양,부산,0
2022-11,,지자체,공공분양,대구,0
2022-11,,지자체,공공분양,광주,0
2022-11,,지자체,공공분양,대전,0
2022-11,,지자체,공공분양,울산,0
2022-11,,지자체,공공분양,세종,0
2022-11,,지자체,공공분양,강원,0
2022-11,,지자체,공공분양,충북,0
2022-11,,지자체,공공분양,충남,0
2022-11,,지자체,공공분양,전북,0
2022-11,,지자체,공공분양,전남,0
2022-11,,지자체,공공분양,경북,0
2022-11,,지자체,공공분양,경남,0
2022-11,,지자체,공공분양,제주,0
2022-11,,LH,소계,전국,1168
2022-11,,LH,소계,서울,0
2022-11,,LH,소계,인천,0
2022-11,,LH,소계,경기,136
2022-11,,LH,소계,부산,0
2022-11,,LH,소계,대구,0
2022-11,,LH,소계,광주,0
2022-11,,LH,소계,대전,0
2022-11,,LH,소계,울산,932
2022-11,,LH,소계,세종,0
2022-11,,LH,소계,강원,100
2022-11,,LH,소계,충북,0
2022-11,,LH,소계,충남,0
2022-11,,LH,소계,전북,0
2022-11,,LH,소계,전남,0
2022-11,,LH,소계,경북,0
2022-11,,LH,소계,경남,0
2022-11,,LH,소계,제주,0
2022-11,,LH,국민임대,전국,274
2022-11,,LH,국민임대,서울,0
2022-11,,LH,국민임대,인천,0
2022-11,,LH,국민임대,경기,0
2022-11,,LH,국민임대,부산,0
2022-11,,LH,국민임대,대구,0
2022-11,,LH,국민임대,광주,0
2022-11,,LH,국민임대,대전,0
2022-11,,LH,국민임대,울산,194
2022-11,,LH,국민임대,세종,0
2022-11,,LH,국민임대,강원,80
2022-11,,LH,국민임대,충북,0
2022-11,,LH,국민임대,충남,0
2022-11,,LH,국민임대,전북,0
2022-11,,LH,국민임대,전남,0
2022-11,,LH,국민임대,경북,0
2022-11,,LH,국민임대,경남,0
2022-11,,LH,국민임대,제주,0
2022-11,,LH,공공임대,전국,894
2022-11,,LH,공공임대,서울,0
2022-11,,LH,공공임대,인천,0
2022-11,,LH,공공임대,경기,136
2022-11,,LH,공공임대,부산,0
2022-11,,LH,공공임대,대구,0
2022-11,,LH,공공임대,광주,0
2022-11,,LH,공공임대,대전,0
2022-11,,LH,공공임대,울산,738
2022-11,,LH,공공임대,세종,0
2022-11,,LH,공공임대,강원,20
2022-11,,LH,공공임대,충북,0
2022-11,,LH,공공임대,충남,0
2022-11,,LH,공공임대,전북,0
2022-11,,LH,공공임대,전남,0
2022-11,,LH,공공임대,경북,0
2022-11,,LH,공공임대,경남,0
2022-11,,LH,공공임대,제주,0
2022-11,,LH,공공분양,전국,0
2022-11,,LH,공공분양,서울,0
2022-11,,LH,공공분양,인천,0
2022-11,,LH,공공분양,경기,0
2022-11,,LH,공공분양,부산,0
2022-11,,LH,공공분양,대구,0
2022-11,,LH,공공분양,광주,0
2022-11,,LH,공공분양,대전,0
2022-11,,LH,공공분양,울산,0
2022-11,,LH,공공분양,세종,0
2022-11,,LH,공공분양,강원,0
2022-11,,LH,공공분양,충북,0
2022-11,,LH,공공분양,충남,0
2022-11,,LH,공공분양,전북,0
2022-11,,LH,공공분양,전남,0
2022-11,,LH,공공분양,경북,0
2022-11,,LH,공공분양,경남,0
2022-11,,LH,공공분양,제주,0
2022-11,,주택업체,소계,전국,243
2022-11,,주택업체,소계,서울,0
2022-11,,주택업체,소계,인천,0
2022-11,,주택업체,소계,경기,242
2022-11,,주택업체,소계,부산,0
2022-11,,주택업체,소계,대구,1
2022-11,,주택업체,소계,광주,0
2022-11,,주택업체,소계,대전,0
2022-11,,주택업체,소계,울산,0
2022-11,,주택업체,소계,세종,0
2022-11,,주택업체,소계,강원,0
2022-11,,주택업체,소계,충북,0
2022-11,,주택업체,소계,충남,0
2022-11,,주택업체,소계,전북,0
2022-11,,주택업체,소계,전남,0
2022-11,,주택업체,소계,경북,0
2022-11,,주택업체,소계,경남,0
2022-11,,주택업체,소계,제주,0
2022-11,,주택업체,국민임대,전국,0
2022-11,,주택업체,국민임대,서울,0
2022-11,,주택업체,국민임대,인천,0
2022-11,,주택업체,국민임대,경기,0
2022-11,,주택업체,국민임대,부산,0
2022-11,,주택업체,국민임대,대구,0
2022-11,,주택업체,국민임대,광주,0
2022-11,,주택업체,국민임대,대전,0
2022-11,,주택업체,국민임대,울산,0
2022-11,,주택업체,국민임대,세종,0
2022-11,,주택업체,국민임대,강원,0
2022-11,,주택업체,국민임대,충북,0
2022-11,,주택업체,국민임대,충남,0
2022-11,,주택업체,국민임대,전북,0
2022-11,,주택업체,국민임대,전남,0
2022-11,,주택업체,국민임대,경북,0
2022-11,,주택업체,국민임대,경남,0
2022-11,,주택업체,국민임대,제주,0
2022-11,,주택업체,공공임대,전국,1
2022-11,,주택업체,공공임대,서울,0
2022-11,,주택업체,공공임대,인천,0
2022-11,,주택업체,공공임대,경기,0
2022-11,,주택업체,공공임대,부산,0
2022-11,,주택업체,공공임대,대구,1
2022-11,,주택업체,공공임대,광주,0
2022-11,,주택업체,공공임대,대전,0
2022-11,,주택업체,공공임대,울산,0
2022-11,,주택업체,공공임대,세종,0
2022-11,,주택업체,공공임대,강원,0
2022-11,,주택업체,공공임대,충북,0
2022-11,,주택업체,공공임대,충남,0
2022-11,,주택업체,공공임대,전북,0
2022-11,,주택업체,공공임대,전남,0
2022-11,,주택업체,공공임대,경북,0
2022-11,,주택업체,공공임대,경남,0
2022-11,,주택업체,공공임대,제주,0
2022-11,,주택업체,공공분양,전국,242
2022-11,,주택업체,공공분양,서울,0
2022-11,,주택업체,공공분양,인천,0
2022-11,,주택업체,공공분양,경기,242
2022-11,,주택업체,공공분양,부산,0
2022-11,,주택업체,공공분양,대구,0
2022-11,,주택업체,공공분양,광주,0
2022-11,,주택업체,공공분양,대전,0
2022-11,,주택업체,공공분양,울산,0
2022-11,,주택업체,공공분양,세종,0
2022-11,,주택업체,공공분양,강원,0
2022-11,,주택업체,공공분양,충북,0
2022-11,,주택업체,공공분양,충남,0
2022-11,,주택업체,공공분양,전북,0
2022-11,,주택업체,공공분양,전남,0
2022-11,,주택업체,공공분양,경북,0
2022-11,,주택업체,공공분양,경남,0
2022-11,,주택업체,공공분양,제주,0
2022-11,,민간부문,소계,전국,24735
2022-11,,민간부문,소계,서울,3624
2022-11,,민간부문,소계,인천,649
2022-11,,민간부문,소계,경기,4628
2022-11,,민간부문,소계,부산,212
2022-11,,민간부문,소계,대구,572
2022-11,,민간부문,소계,광주,3272
2022-11,,민간부문,소계,대전,512
2022-11,,민간부문,소계,울산,1566
2022-11,,민간부문,소계,세종,56
2022-11,,민간부문,소계,강원,1467
2022-11,,민간부문,소계,충북,1575
2022-11,,민간부문,소계,충남,1905
2022-11,,민간부문,소계,전북,743
2022-11,,민간부문,소계,전남,597
2022-11,,민간부문,소계,경북,2226
2022-11,,민간부문,소계,경남,728
2022-11,,민간부문,소계,제주,403
2022-11,,민간,민간임대,전국,717
2022-11,,민간,민간임대,서울,717
2022-11,,민간,민간임대,인천,0
2022-11,,민간,민간임대,경기,0
2022-11,,민간,민간임대,부산,0
2022-11,,민간,민간임대,대구,0
2022-11,,민간,민간임대,광주,0
2022-11,,민간,민간임대,대전,0
2022-11,,민간,민간임대,울산,0
2022-11,,민간,민간임대,세종,0
2022-11,,민간,민간임대,강원,0
2022-11,,민간,민간임대,충북,0
2022-11,,민간,민간임대,충남,0
2022-11,,민간,민간임대,전북,0
2022-11,,민간,민간임대,전남,0
2022-11,,민간,민간임대,경북,0
2022-11,,민간,민간임대,경남,0
2022-11,,민간,민간임대,제주,0
2022-11,,민간,민간분양,전국,24018
2022-11,,민간,민간분양,서울,2907
2022-11,,민간,민간분양,인천,649
2022-11,,민간,민간분양,경기,4628
2022-11,,민간,민간분양,부산,212
2022-11,,민간,민간분양,대구,572
2022-11,,민간,민간분양,광주,3272
2022-11,,민간,민간분양,대전,512
2022-11,,민간,민간분양,울산,1566
2022-11,,민간,민간분양,세종,56
2022-11,,민간,민간분양,강원,1467
2022-11,,민간,민간분양,충북,1575
2022-11,,민간,민간분양,충남,1905
2022-11,,민간,민간분양,전북,743
2022-11,,민간,민간분양,전남,597
2022-11,,민간,민간분양,경북,2226
2022-11,,민간,민간분양,경남,728
2022-11,,민간,민간분양,제주,403
2022-12,,총계,총계,전국,25322
2022-12,,총계,총계,서울,3075
2022-12,,총계,총계,인천,2912
2022-12,,총계,총계,경기,6346
2022-12,,총계,총계,부산,2665
2022-12,,총계,총계,대구,677
2022-12,,총계,총계,광주,80
2022-12,,총계,총계,대전,170
2022-12,,총계,총계,울산,868
2022-12,,총계,총계,세종,246
2022-12,,총계,총계,강원,607
2022-12,,총계,총계,충북,2295
2022-12,,총계,총계,충남,1188
2022-12,,총계,총계,전북,1300
2022-12,,총계,총계,전남,897
2022-12,,총계,총계,경북,505
2022-12,,총계,총계,경남,419
2022-12,,총계,총계,제주,1072
2022-12,,공공부문,소계,전국,9487
2022-12,,공공부문,소계,서울,0
2022-12,,공공부문,소계,인천,801
2022-12,,공공부문,소계,경기,3092
2022-12,,공공부문,소계,부산,1233
2022-12,,공공부문,소계,대구,51
2022-12,,공공부문,소계,광주,0
2022-12,,공공부문,소계,대전,100
2022-12,,공공부문,소계,울산,0
2022-12,,공공부문,소계,세종,238
2022-12,,공공부문,소계,강원,0
2022-12,,공공부문,소계,충북,1344
2022-12,,공공부문,소계,충남,245
2022-12,,공공부문,소계,전북,1185
2022-12,,공공부문,소계,전남,488
2022-12,,공공부문,소계,경북,227
2022-12,,공공부문,소계,경남,150
2022-12,,공공부문,소계,제주,333
2022-12,,합,국민임대,전국,1678
2022-12,,합,국민임대,서울,0
2022-12,,합,국민임대,인천,0
2022-12,,합,국민임대,경기,1002
2022-12,,합,국민임대,부산,0
2022-12,,합,국민임대,대구,0
2022-12,,합,국민임대,광주,0
2022-12,,합,국민임대,대전,0
2022-12,,합,국민임대,울산,0
2022-12,,합,국민임대,세종,0
2022-12,,합,국민임대,강원,0
2022-12,,합,국민임대,충북,116
2022-12,,합,국민임대,충남,0
2022-12,,합,국민임대,전북,120
2022-12,,합,국민임대,전남,440
2022-12,,합,국민임대,경북,0
2022-12,,합,국민임대,경남,0
2022-12,,합,국민임대,제주,0
2022-12,,합,공공임대,전국,5643
2022-12,,합,공공임대,서울,0
2022-12,,합,공공임대,인천,267
2022-12,,합,공공임대,경기,1448
2022-12,,합,공공임대,부산,1233
2022-12,,합,공공임대,대구,51
2022-12,,합,공공임대,광주,0
2022-12,,합,공공임대,대전,100
2022-12,,합,공공임대,울산,0
2022-12,,합,공공임대,세종,238
2022-12,,합,공공임대,강원,0
2022-12,,합,공공임대,충북,1228
2022-12,,합,공공임대,충남,0
2022-12,,합,공공임대,전북,320
2022-12,,합,공공임대,전남,48
2022-12,,합,공공임대,경북,227
2022-12,,합,공공임대,경남,150
2022-12,,합,공공임대,제주,333
2022-12,,합,공공분양,전국,2166
2022-12,,합,공공분양,서울,0
2022-12,,합,공공분양,인천,534
2022-12,,합,공공분양,경기,642
2022-12,,합,공공분양,부산,0
2022-12,,합,공공분양,대구,0
2022-12,,합,공공분양,광주,0
2022-12,,합,공공분양,대전,0
2022-12,,합,공공분양,울산,0
2022-12,,합,공공분양,세종,0
2022-12,,합,공공분양,강원,0
2022-12,,합,공공분양,충북,0
2022-12,,합,공공분양,충남,245
2022-12,,합,공공분양,전북,745
2022-12,,합,공공분양,전남,0
2022-12,,합,공공분양,경북,0
2022-12,,합,공공분양,경남,0
2022-12,,합,공공분양,제주,0
2022-12,,지자체,소계,전국,745
2022-12,,지자체,소계,서울,0
2022-12,,지자체,소계,인천,0
2022-12,,지자체,소계,경기,0
2022-12,,지자체,소계,부산,0
2022-12,,지자체,소계,대구,0
2022-12,,지자체,소계,광주,0
2022-12,,지자체,소계,대전,0
2022-12,,지자체,소계,울산,0
2022-12,,지자체,소계,세종,0
2022-12,,지자체,소계,강원,0
2022-12,,지자체,소계,충북,0
2022-12,,지자체,소계,충남,0
2022-12,,지자체,소계,전북,745
2022-12,,지자체,소계,전남,0
2022-12,,지자체,소계,경북,0
2022-12,,지자체,소계,경남,0
2022-12,,지자체,소계,제주,0
2022-12,,지자체,국민임대,전국,0
2022-12,,지자체,국민임대,서울,0
2022-12,,지자체,국민임대,인천,0
2022-12,,지자체,국민임대,경기,0
2022-12,,지자체,국민임대,부산,0
2022-12,,지자체,국민임대,대구,0
2022-12,,지자체,국민임대,광주,0
2022-12,,지자체,국민임대,대전,0
2022-12,,지자체,국민임대,울산,0
2022-12,,지자체,국민임대,세종,0
2022-12,,지자체,국민임대,강원,0
2022-12,,지자체,국민임대,충북,0
2022-12,,지자체,국민임대,충남,0
2022-12,,지자체,국민임대,전북,0
2022-12,,지자체,국민임대,전남,0
2022-12,,지자체,국민임대,경북,0
2022-12,,지자체,국민임대,경남,0
2022-12,,지자체,국민임대,제주,0
2022-12,,지자체,공공임대,전국,0
2022-12,,지자체,공공임대,서울,0
2022-12,,지자체,공공임대,인천,0
2022-12,,지자체,공공임대,경기,0
2022-12,,지자체,공공임대,부산,0
2022-12,,지자체,공공임대,대구,0
2022-12,,지자체,공공임대,광주,0
2022-12,,지자체,공공임대,대전,0
2022-12,,지자체,공공임대,울산,0
2022-12,,지자체,공공임대,세종,0
2022-12,,지자체,공공임대,강원,0
2022-12,,지자체,공공임대,충북,0
2022-12,,지자체,공공임대,충남,0
2022-12,,지자체,공공임대,전북,0
2022-12,,지자체,공공임대,전남,0
2022-12,,지자체,공공임대,경북,0
2022-12,,지자체,공공임대,경남,0
2022-12,,지자체,공공임대,제주,0
2022-12,,지자체,공공분양,전국,745
2022-12,,지자체,공공분양,서울,0
2022-12,,지자체,공공분양,인천,0
2022-12,,지자체,공공분양,경기,0
2022-12,,지자체,공공분양,부산,0
2022-12,,지자체,공공분양,대구,0
2022-12,,지자체,공공분양,광주,0
2022-12,,지자체,공공분양,대전,0
2022-12,,지자체,공공분양,울산,0
2022-12,,지자체,공공분양,세종,0
2022-12,,지자체,공공분양,강원,0
2022-12,,지자체,공공분양,충북,0
2022-12,,지자체,공공분양,충남,0
2022-12,,지자체,공공분양,전북,745
2022-12,,지자체,공공분양,전남,0
2022-12,,지자체,공공분양,경북,0
2022-12,,지자체,공공분양,경남,0
2022-12,,지자체,공공분양,제주,0
2022-12,,LH,소계,전국,7458
2022-12,,LH,소계,서울,0
2022-12,,LH,소계,인천,801
2022-12,,LH,소계,경기,3092
2022-12,,LH,소계,부산,0
2022-12,,LH,소계,대구,0
2022-12,,LH,소계,광주,0
2022-12,,LH,소계,대전,100
2022-12,,LH,소계,울산,0
2022-12,,LH,소계,세종,238
2022-12,,LH,소계,강원,0
2022-12,,LH,소계,충북,1344
2022-12,,LH,소계,충남,245
2022-12,,LH,소계,전북,440
2022-12,,LH,소계,전남,488
2022-12,,LH,소계,경북,227
2022-12,,LH,소계,경남,150
2022-12,,LH,소계,제주,333
2022-12,,LH,국민임대,전국,1678
2022-12,,LH,국민임대,서울,0
2022-12,,LH,국민임대,인천,0
2022-12,,LH,국민임대,경기,1002
2022-12,,LH,국민임대,부산,0
2022-12,,LH,국민임대,대구,0
2022-12,,LH,국민임대,광주,0
2022-12,,LH,국민임대,대전,0
2022-12,,LH,국민임대,울산,0
2022-12,,LH,국민임대,세종,0
2022-12,,LH,국민임대,강원,0
2022-12,,LH,국민임대,충북,116
2022-12,,LH,국민임대,충남,0
2022-12,,LH,국민임대,전북,120
2022-12,,LH,국민임대,전남,440
2022-12,,LH,국민임대,경북,0
2022-12,,LH,국민임대,경남,0
2022-12,,LH,국민임대,제주,0
2022-12,,LH,공공임대,전국,4359
2022-12,,LH,공공임대,서울,0
2022-12,,LH,공공임대,인천,267
2022-12,,LH,공공임대,경기,1448
2022-12,,LH,공공임대,부산,0
2022-12,,LH,공공임대,대구,0
2022-12,,LH,공공임대,광주,0
2022-12,,LH,공공임대,대전,100
2022-12,,LH,공공임대,울산,0
2022-12,,LH,공공임대,세종,238
2022-12,,LH,공공임대,강원,0
2022-12,,LH,공공임대,충북,1228
2022-12,,LH,공공임대,충남,0
2022-12,,LH,공공임대,전북,320
2022-12,,LH,공공임대,전남,48
2022-12,,LH,공공임대,경북,227
2022-12,,LH,공공임대,경남,150
2022-12,,LH,공공임대,제주,333
2022-12,,LH,공공분양,전국,1421
2022-12,,LH,공공분양,서울,0
2022-12,,LH,공공분양,인천,534
2022-12,,LH,공공분양,경기,642
2022-12,,LH,공공분양,부산,0
2022-12,,LH,공공분양,대구,0
2022-12,,LH,공공분양,광주,0
2022-12,,LH,공공분양,대전,0
2022-12,,LH,공공분양,울산,0
2022-12,,LH,공공분양,세종,0
2022-12,,LH,공공분양,강원,0
2022-12,,LH,공공분양,충북,0
2022-12,,LH,공공분양,충남,245
2022-12,,LH,공공분양,전북,0
2022-12,,LH,공공분양,전남,0
2022-12,,LH,공공분양,경북,0
2022-12,,LH,공공분양,경남,0
2022-12,,LH,공공분양,제주,0
2022-12,,주택업체,소계,전국,1284
2022-12,,주택업체,소계,서울,0
2022-12,,주택업체,소계,인천,0
2022-12,,주택업체,소계,경기,0
2022-12,,주택업체,소계,부산,1233
2022-12,,주택업체,소계,대구,51
2022-12,,주택업체,소계,광주,0
2022-12,,주택업체,소계,대전,0
2022-12,,주택업체,소계,울산,0
2022-12,,주택업체,소계,세종,0
2022-12,,주택업체,소계,강원,0
2022-12,,주택업체,소계,충북,0
2022-12,,주택업체,소계,충남,0
2022-12,,주택업체,소계,전북,0
2022-12,,주택업체,소계,전남,0
2022-12,,주택업체,소계,경북,0
2022-12,,주택업체,소계,경남,0
2022-12,,주택업체,소계,제주,0
2022-12,,주택업체,국민임대,전국,0
2022-12,,주택업체,국민임대,서울,0
2022-12,,주택업체,국민임대,인천,0
2022-12,,주택업체,국민임대,경기,0
2022-12,,주택업체,국민임대,부산,0
2022-12,,주택업체,국민임대,대구,0
2022-12,,주택업체,국민임대,광주,0
2022-12,,주택업체,국민임대,대전,0
2022-12,,주택업체,국민임대,울산,0
2022-12,,주택업체,국민임대,세종,0
2022-12,,주택업체,국민임대,강원,0
2022-12,,주택업체,국민임대,충북,0
2022-12,,주택업체,국민임대,충남,0
2022-12,,주택업체,국민임대,전북,0
2022-12,,주택업체,국민임대,전남,0
2022-12,,주택업체,국민임대,경북,0
2022-12,,주택업체,국민임대,경남,0
2022-12,,주택업체,국민임대,제주,0
2022-12,,주택업체,공공임대,전국,1284
2022-12,,주택업체,공공임대,서울,0
2022-12,,주택업체,공공임대,인천,0
2022-12,,주택업체,공공임대,경기,0
2022-12,,주택업체,공공임대,부산,1233
2022-12,,주택업체,공공임대,대구,51
2022-12,,주택업체,공공임대,광주,0
2022-12,,주택업체,공공임대,대전,0
2022-12,,주택업체,공공임대,울산,0
2022-12,,주택업체,공공임대,세종,0
2022-12,,주택업체,공공임대,강원,0
2022-12,,주택업체,공공임대,충북,0
2022-12,,주택업체,공공임대,충남,0
2022-12,,주택업체,공공임대,전북,0
2022-12,,주택업체,공공임대,전남,0
2022-12,,주택업체,공공임대,경북,0
2022-12,,주택업체,공공임대,경남,0
2022-12,,주택업체,공공임대,제주,0
2022-12,,주택업체,공공분양,전국,0
2022-12,,주택업체,공공분양,서울,0
2022-12,,주택업체,공공분양,인천,0
2022-12,,주택업체,공공분양,경기,0
2022-12,,주택업체,공공분양,부산,0
2022-12,,주택업체,공공분양,대구,0
2022-12,,주택업체,공공분양,광주,0
2022-12,,주택업체,공공분양,대전,0
2022-12,,주택업체,공공분양,울산,0
2022-12,,주택업체,공공분양,세종,0
2022-12,,주택업체,공공분양,강원,0
2022-12,,주택업체,공공분양,충북,0
2022-12,,주택업체,공공분양,충남,0
2022-12,,주택업체,공공분양,전북,0
2022-12,,주택업체,공공분양,전남,0
2022-12,,주택업체,공공분양,경북,0
2022-12,,주택업체,공공분양,경남,0
2022-12,,주택업체,공공분양,제주,0
2022-12,,민간부문,소계,전국,15835
2022-12,,민간부문,소계,서울,3075
2022-12,,민간부문,소계,인천,2111
2022-12,,민간부문,소계,경기,3254
2022-12,,민간부문,소계,부산,1432
2022-12,,민간부문,소계,대구,626
2022-12,,민간부문,소계,광주,80
2022-12,,민간부문,소계,대전,70
2022-12,,민간부문,소계,울산,868
2022-12,,민간부문,소계,세종,8
2022-12,,민간부문,소계,강원,607
2022-12,,민간부문,소계,충북,951
2022-12,,민간부문,소계,충남,943
2022-12,,민간부문,소계,전북,115
2022-12,,민간부문,소계,전남,409
2022-12,,민간부문,소계,경북,278
2022-12,,민간부문,소계,경남,269
2022-12,,민간부문,소계,제주,739
2022-12,,민간,민간임대,전국,3671
2022-12,,민간,민간임대,서울,597
2022-12,,민간,민간임대,인천,243
2022-12,,민간,민간임대,경기,1816
2022-12,,민간,민간임대,부산,0
2022-12,,민간,민간임대,대구,604
2022-12,,민간,민간임대,광주,0
2022-12,,민간,민간임대,대전,0
2022-12,,민간,민간임대,울산,0
2022-12,,민간,민간임대,세종,0
2022-12,,민간,민간임대,강원,0
2022-12,,민간,민간임대,충북,0
2022-12,,민간,민간임대,충남,411
2022-12,,민간,민간임대,전북,0
2022-12,,민간,민간임대,전남,0
2022-12,,민간,민간임대,경북,0
2022-12,,민간,민간임대,경남,0
2022-12,,민간,민간임대,제주,0
2022-12,,민간,민간분양,전국,12164
2022-12,,민간,민간분양,서울,2478
2022-12,,민간,민간분양,인천,1868
2022-12,,민간,민간분양,경기,1438
2022-12,,민간,민간분양,부산,1432
2022-12,,민간,민간분양,대구,22
2022-12,,민간,민간분양,광주,80
2022-12,,민간,민간분양,대전,70
2022-12,,민간,민간분양,울산,868
2022-12,,민간,민간분양,세종,8
2022-12,,민간,민간분양,강원,607
2022-12,,민간,민간분양,충북,951
2022-12,,민간,민간분양,충남,532
2022-12,,민간,민간분양,전북,115
2022-12,,민간,민간분양,전남,409
2022-12,,민간,민간분양,경북,278
2022-12,,민간,민간분양,경남,269
2022-12,,민간,민간분양,제주,739
2023-01,,총계,총계,전국,21798
2023-01,,총계,총계,서울,2979
2023-01,,총계,총계,인천,525
2023-01,,총계,총계,경기,9567
2023-01,,총계,총계,부산,4994
2023-01,,총계,총계,대구,41
2023-01,,총계,총계,광주,42
2023-01,,총계,총계,대전,89
2023-01,,총계,총계,울산,223
2023-01,,총계,총계,세종,2
2023-01,,총계,총계,강원,724
2023-01,,총계,총계,충북,149
2023-01,,총계,총계,충남,1427
2023-01,,총계,총계,전북,59
2023-01,,총계,총계,전남,108
2023-01,,총계,총계,경북,175
2023-01,,총계,총계,경남,122
2023-01,,총계,총계,제주,572
2023-01,,공공부문,소계,전국,4877
2023-01,,공공부문,소계,서울,875
2023-01,,공공부문,소계,인천,0
2023-01,,공공부문,소계,경기,2868
2023-01,,공공부문,소계,부산,1134
2023-01,,공공부문,소계,대구,0
2023-01,,공공부문,소계,광주,0
2023-01,,공공부문,소계,대전,0
2023-01,,공공부문,소계,울산,0
2023-01,,공공부문,소계,세종,0
2023-01,,공공부문,소계,강원,0
2023-01,,공공부문,소계,충북,0
2023-01,,공공부문,소계,충남,0
2023-01,,공공부문,소계,전북,0
2023-01,,공공부문,소계,전남,0
2023-01,,공공부문,소계,경북,0
2023-01,,공공부문,소계,경남,0
2023-01,,공공부문,소계,제주,0
2023-01,,합,국민임대,전국,0
2023-01,,합,국민임대,서울,0
2023-01,,합,국민임대,인천,0
2023-01,,합,국민임대,경기,0
2023-01,,합,국민임대,부산,0
2023-01,,합,국민임대,대구,0
2023-01,,합,국민임대,광주,0
2023-01,,합,국민임대,대전,0
2023-01,,합,국민임대,울산,0
2023-01,,합,국민임대,세종,0
2023-01,,합,국민임대,강원,0
2023-01,,합,국민임대,충북,0
2023-01,,합,국민임대,충남,0
2023-01,,합,국민임대,전북,0
2023-01,,합,국민임대,전남,0
2023-01,,합,국민임대,경북,0
2023-01,,합,국민임대,경남,0
2023-01,,합,국민임대,제주,0
2023-01,,합,공공임대,전국,2009
2023-01,,합,공공임대,서울,875
2023-01,,합,공공임대,인천,0
2023-01,,합,공공임대,경기,0
2023-01,,합,공공임대,부산,1134
2023-01,,합,공공임대,대구,0
2023-01,,합,공공임대,광주,0
2023-01,,합,공공임대,대전,0
2023-01,,합,공공임대,울산,0
2023-01,,합,공공임대,세종,0
2023-01,,합,공공임대,강원,0
2023-01,,합,공공임대,충북,0
2023-01,,합,공공임대,충남,0
2023-01,,합,공공임대,전북,0
2023-01,,합,공공임대,전남,0
2023-01,,합,공공임대,경북,0
2023-01,,합,공공임대,경남,0
2023-01,,합,공공임대,제주,0
2023-01,,합,공공분양,전국,2868
2023-01,,합,공공분양,서울,0
2023-01,,합,공공분양,인천,0
2023-01,,합,공공분양,경기,2868
2023-01,,합,공공분양,부산,0
2023-01,,합,공공분양,대구,0
2023-01,,합,공공분양,광주,0
2023-01,,합,공공분양,대전,0
2023-01,,합,공공분양,울산,0
2023-01,,합,공공분양,세종,0
2023-01,,합,공공분양,강원,0
2023-01,,합,공공분양,충북,0
2023-01,,합,공공분양,충남,0
2023-01,,합,공공분양,전북,0
2023-01,,합,공공분양,전남,0
2023-01,,합,공공분양,경북,0
2023-01,,합,공공분양,경남,0
2023-01,,합,공공분양,제주,0
2023-01,,지자체,소계,전국,1134
2023-01,,지자체,소계,서울,0
2023-01,,지자체,소계,인천,0
2023-01,,지자체,소계,경기,0
2023-01,,지자체,소계,부산,1134
2023-01,,지자체,소계,대구,0
2023-01,,지자체,소계,광주,0
2023-01,,지자체,소계,대전,0
2023-01,,지자체,소계,울산,0
2023-01,,지자체,소계,세종,0
2023-01,,지자체,소계,강원,0
2023-01,,지자체,소계,충북,0
2023-01,,지자체,소계,충남,0
2023-01,,지자체,소계,전북,0
2023-01,,지자체,소계,전남,0
2023-01,,지자체,소계,경북,0
2023-01,,지자체,소계,경남,0
2023-01,,지자체,소계,제주,0
2023-01,,지자체,국민임대,전국,0
2023-01,,지자체,국민임대,서울,0
2023-01,,지자체,국민임대,인천,0
2023-01,,지자체,국민임대,경기,0
2023-01,,지자체,국민임대,부산,0
2023-01,,지자체,국민임대,대구,0
2023-01,,지자체,국민임대,광주,0
2023-01,,지자체,국민임대,대전,0
2023-01,,지자체,국민임대,울산,0
2023-01,,지자체,국민임대,세종,0
2023-01,,지자체,국민임대,강원,0
2023-01,,지자체,국민임대,충북,0
2023-01,,지자체,국민임대,충남,0
2023-01,,지자체,국민임대,전북,0
2023-01,,지자체,국민임대,전남,0
2023-01,,지자체,국민임대,경북,0
2023-01,,지자체,국민임대,경남,0
2023-01,,지자체,국민임대,제주,0
2023-01,,지자체,공공임대,전국,1134
2023-01,,지자체,공공임대,서울,0
2023-01,,지자체,공공임대,인천,0
2023-01,,지자체,공공임대,경기,0
2023-01,,지자체,공공임대,부산,1134
2023-01,,지자체,공공임대,대구,0
2023-01,,지자체,공공임대,광주,0
2023-01,,지자체,공공임대,대전,0
2023-01,,지자체,공공임대,울산,0
2023-01,,지자체,공공임대,세종,0
2023-01,,지자체,공공임대,강원,0
2023-01,,지자체,공공임대,충북,0
2023-01,,지자체,공공임대,충남,0
2023-01,,지자체,공공임대,전북,0
2023-01,,지자체,공공임대,전남,0
2023-01,,지자체,공공임대,경북,0
2023-01,,지자체,공공임대,경남,0
2023-01,,지자체,공공임대,제주,0
2023-01,,지자체,공공분양,전국,0
2023-01,,지자체,공공분양,서울,0
2023-01,,지자체,공공분양,인천,0
2023-01,,지자체,공공분양,경기,0
2023-01,,지자체,공공분양,부산,0
2023-01,,지자체,공공분양,대구,0
2023-01,,지자체,공공분양,광주,0
2023-01,,지자체,공공분양,대전,0
2023-01,,지자체,공공분양,울산,0
2023-01,,지자체,공공분양,세종,0
2023-01,,지자체,공공분양,강원,0
2023-01,,지자체,공공분양,충북,0
2023-01,,지자체,공공분양,충남,0
2023-01,,지자체,공공분양,전북,0
2023-01,,지자체,공공분양,전남,0
2023-01,,지자체,공공분양,경북,0
2023-01,,지자체,공공분양,경남,0
2023-01,,지자체,공공분양,제주,0
2023-01,,LH,소계,전국,688
2023-01,,LH,소계,서울,0
2023-01,,LH,소계,인천,0
2023-01,,LH,소계,경기,688
2023-01,,LH,소계,부산,0
2023-01,,LH,소계,대구,0
2023-01,,LH,소계,광주,0
2023-01,,LH,소계,대전,0
2023-01,,LH,소계,울산,0
2023-01,,LH,소계,세종,0
2023-01,,LH,소계,강원,0
2023-01,,LH,소계,충북,0
2023-01,,LH,소계,충남,0
2023-01,,LH,소계,전북,0
2023-01,,LH,소계,전남,0
2023-01,,LH,소계,경북,0
2023-01,,LH,소계,경남,0
2023-01,,LH,소계,제주,0
2023-01,,LH,국민임대,전국,0
2023-01,,LH,국민임대,서울,0
2023-01,,LH,국민임대,인천,0
2023-01,,LH,국민임대,경기,0
2023-01,,LH,국민임대,부산,0
2023-01,,LH,국민임대,대구,0
2023-01,,LH,국민임대,광주,0
2023-01,,LH,국민임대,대전,0
2023-01,,LH,국민임대,울산,0
2023-01,,LH,국민임대,세종,0
2023-01,,LH,국민임대,강원,0
2023-01,,LH,국민임대,충북,0
2023-01,,LH,국민임대,충남,0
2023-01,,LH,국민임대,전북,0
2023-01,,LH,국민임대,전남,0
2023-01,,LH,국민임대,경북,0
2023-01,,LH,국민임대,경남,0
2023-01,,LH,국민임대,제주,0
2023-01,,LH,공공임대,전국,0
2023-01,,LH,공공임대,서울,0
2023-01,,LH,공공임대,인천,0
2023-01,,LH,공공임대,경기,0
2023-01,,LH,공공임대,부산,0
2023-01,,LH,공공임대,대구,0
2023-01,,LH,공공임대,광주,0
2023-01,,LH,공공임대,대전,0
2023-01,,LH,공공임대,울산,0
2023-01,,LH,공공임대,세종,0
2023-01,,LH,공공임대,강원,0
2023-01,,LH,공공임대,충북,0
2023-01,,LH,공공임대,충남,0
2023-01,,LH,공공임대,전북,0
2023-01,,LH,공공임대,전남,0
2023-01,,LH,공공임대,경북,0
2023-01,,LH,공공임대,경남,0
2023-01,,LH,공공임대,제주,0
2023-01,,LH,공공분양,전국,688
2023-01,,LH,공공분양,서울,0
2023-01,,LH,공공분양,인천,0
2023-01,,LH,공공분양,경기,688
2023-01,,LH,공공분양,부산,0
2023-01,,LH,공공분양,대구,0
2023-01,,LH,공공분양,광주,0
2023-01,,LH,공공분양,대전,0
2023-01,,LH,공공분양,울산,0
2023-01,,LH,공공분양,세종,0
2023-01,,LH,공공분양,강원,0
2023-01,,LH,공공분양,충북,0
2023-01,,LH,공공분양,충남,0
2023-01,,LH,공공분양,전북,0
2023-01,,LH,공공분양,전남,0
2023-01,,LH,공공분양,경북,0
2023-01,,LH,공공분양,경남,0
2023-01,,LH,공공분양,제주,0
2023-01,,주택업체,소계,전국,3055
2023-01,,주택업체,소계,서울,875
2023-01,,주택업체,소계,인천,0
2023-01,,주택업체,소계,경기,2180
2023-01,,주택업체,소계,부산,0
2023-01,,주택업체,소계,대구,0
2023-01,,주택업체,소계,광주,0
2023-01,,주택업체,소계,대전,0
2023-01,,주택업체,소계,울산,0
2023-01,,주택업체,소계,세종,0
2023-01,,주택업체,소계,강원,0
2023-01,,주택업체,소계,충북,0
2023-01,,주택업체,소계,충남,0
2023-01,,주택업체,소계,전북,0
2023-01,,주택업체,소계,전남,0
2023-01,,주택업체,소계,경북,0
2023-01,,주택업체,소계,경남,0
2023-01,,주택업체,소계,제주,0
2023-01,,주택업체,국민임대,전국,0
2023-01,,주택업체,국민임대,서울,0
2023-01,,주택업체,국민임대,인천,0
2023-01,,주택업체,국민임대,경기,0
2023-01,,주택업체,국민임대,부산,0
2023-01,,주택업체,국민임대,대구,0
2023-01,,주택업체,국민임대,광주,0
2023-01,,주택업체,국민임대,대전,0
2023-01,,주택업체,국민임대,울산,0
2023-01,,주택업체,국민임대,세종,0
2023-01,,주택업체,국민임대,강원,0
2023-01,,주택업체,국민임대,충북,0
2023-01,,주택업체,국민임대,충남,0
2023-01,,주택업체,국민임대,전북,0
2023-01,,주택업체,국민임대,전남,0
2023-01,,주택업체,국민임대,경북,0
2023-01,,주택업체,국민임대,경남,0
2023-01,,주택업체,국민임대,제주,0
2023-01,,주택업체,공공임대,전국,875
2023-01,,주택업체,공공임대,서울,875
2023-01,,주택업체,공공임대,인천,0
2023-01,,주택업체,공공임대,경기,0
2023-01,,주택업체,공공임대,부산,0
2023-01,,주택업체,공공임대,대구,0
2023-01,,주택업체,공공임대,광주,0
2023-01,,주택업체,공공임대,대전,0
2023-01,,주택업체,공공임대,울산,0
2023-01,,주택업체,공공임대,세종,0
2023-01,,주택업체,공공임대,강원,0
2023-01,,주택업체,공공임대,충북,0
2023-01,,주택업체,공공임대,충남,0
2023-01,,주택업체,공공임대,전북,0
2023-01,,주택업체,공공임대,전남,0
2023-01,,주택업체,공공임대,경북,0
2023-01,,주택업체,공공임대,경남,0
2023-01,,주택업체,공공임대,제주,0
2023-01,,주택업체,공공분양,전국,2180
2023-01,,주택업체,공공분양,서울,0
2023-01,,주택업체,공공분양,인천,0
2023-01,,주택업체,공공분양,경기,2180
2023-01,,주택업체,공공분양,부산,0
2023-01,,주택업체,공공분양,대구,0
2023-01,,주택업체,공공분양,광주,0
2023-01,,주택업체,공공분양,대전,0
2023-01,,주택업체,공공분양,울산,0
2023-01,,주택업체,공공분양,세종,0
2023-01,,주택업체,공공분양,강원,0
2023-01,,주택업체,공공분양,충북,0
2023-01,,주택업체,공공분양,충남,0
2023-01,,주택업체,공공분양,전북,0
2023-01,,주택업체,공공분양,전남,0
2023-01,,주택업체,공공분양,경북,0
2023-01,,주택업체,공공분양,경남,0
2023-01,,주택업체,공공분양,제주,0
2023-01,,민간부문,소계,전국,16921
2023-01,,민간부문,소계,서울,2104
2023-01,,민간부문,소계,인천,525
2023-01,,민간부문,소계,경기,6699
2023-01,,민간부문,소계,부산,3860
2023-01,,민간부문,소계,대구,41
2023-01,,민간부문,소계,광주,42
2023-01,,민간부문,소계,대전,89
2023-01,,민간부문,소계,울산,223
2023-01,,민간부문,소계,세종,2
2023-01,,민간부문,소계,강원,724
2023-01,,민간부문,소계,충북,149
2023-01,,민간부문,소계,충남,1427
2023-01,,민간부문,소계,전북,59
2023-01,,민간부문,소계,전남,108
2023-01,,민간부문,소계,경북,175
2023-01,,민간부문,소계,경남,122
2023-01,,민간부문,소계,제주,572
2023-01,,민간,민간임대,전국,0
2023-01,,민간,민간임대,서울,0
2023-01,,민간,민간임대,인천,0
2023-01,,민간,민간임대,경기,0
2023-01,,민간,민간임대,부산,0
2023-01,,민간,민간임대,대구,0
2023-01,,민간,민간임대,광주,0
2023-01,,민간,민간임대,대전,0
2023-01,,민간,민간임대,울산,0
2023-01,,민간,민간임대,세종,0
2023-01,,민간,민간임대,강원,0
2023-01,,민간,민간임대,충북,0
2023-01,,민간,민간임대,충남,0
2023-01,,민간,민간임대,전북,0
2023-01,,민간,민간임대,전남,0
2023-01,,민간,민간임대,경북,0
2023-01,,민간,민간임대,경남,0
2023-01,,민간,민간임대,제주,0
2023-01,,민간,민간분양,전국,16921
2023-01,,민간,민간분양,서울,2104
2023-01,,민간,민간분양,인천,525
2023-01,,민간,민간분양,경기,6699
2023-01,,민간,민간분양,부산,3860
2023-01,,민간,민간분양,대구,41
2023-01,,민간,민간분양,광주,42
2023-01,,민간,민간분양,대전,89
2023-01,,민간,민간분양,울산,223
2023-01,,민간,민간분양,세종,2
2023-01,,민간,민간분양,강원,724
2023-01,,민간,민간분양,충북,149
2023-01,,민간,민간분양,충남,1427
2023-01,,민간,민간분양,전북,59
2023-01,,민간,민간분양,전남,108
2023-01,,민간,민간분양,경북,175
2023-01,,민간,민간분양,경남,122
2023-01,,민간,민간분양,제주,572
2023-02,,총계,총계,전국,14466
2023-02,,총계,총계,서울,1529
2023-02,,총계,총계,인천,180
2023-02,,총계,총계,경기,6280
2023-02,,총계,총계,부산,85
2023-02,,총계,총계,대구,228
2023-02,,총계,총계,광주,927
2023-02,,총계,총계,대전,47
2023-02,,총계,총계,울산,38
2023-02,,총계,총계,세종,7
2023-02,,총계,총계,강원,173
2023-02,,총계,총계,충북,1190
2023-02,,총계,총계,충남,619
2023-02,,총계,총계,전북,416
2023-02,,총계,총계,전남,409
2023-02,,총계,총계,경북,720
2023-02,,총계,총계,경남,1306
2023-02,,총계,총계,제주,312
2023-02,,공공부문,소계,전국,743
2023-02,,공공부문,소계,서울,0
2023-02,,공공부문,소계,인천,0
2023-02,,공공부문,소계,경기,569
2023-02,,공공부문,소계,부산,0
2023-02,,공공부문,소계,대구,0
2023-02,,공공부문,소계,광주,0
2023-02,,공공부문,소계,대전,0
2023-02,,공공부문,소계,울산,0
2023-02,,공공부문,소계,세종,0
2023-02,,공공부문,소계,강원,0
2023-02,,공공부문,소계,충북,0
2023-02,,공공부문,소계,충남,0
2023-02,,공공부문,소계,전북,0
2023-02,,공공부문,소계,전남,104
2023-02,,공공부문,소계,경북,0
2023-02,,공공부문,소계,경남,0
2023-02,,공공부문,소계,제주,70
2023-02,,합,국민임대,전국,44
2023-02,,합,국민임대,서울,0
2023-02,,합,국민임대,인천,0
2023-02,,합,국민임대,경기,0
2023-02,,합,국민임대,부산,0
2023-02,,합,국민임대,대구,0
2023-02,,합,국민임대,광주,0
2023-02,,합,국민임대,대전,0
2023-02,,합,국민임대,울산,0
2023-02,,합,국민임대,세종,0
2023-02,,합,국민임대,강원,0
2023-02,,합,국민임대,충북,0
2023-02,,합,국민임대,충남,0
2023-02,,합,국민임대,전북,0
2023-02,,합,국민임대,전남,44
2023-02,,합,국민임대,경북,0
2023-02,,합,국민임대,경남,0
2023-02,,합,국민임대,제주,0
2023-02,,합,공공임대,전국,130
2023-02,,합,공공임대,서울,0
2023-02,,합,공공임대,인천,0
2023-02,,합,공공임대,경기,0
2023-02,,합,공공임대,부산,0
2023-02,,합,공공임대,대구,0
2023-02,,합,공공임대,광주,0
2023-02,,합,공공임대,대전,0
2023-02,,합,공공임대,울산,0
2023-02,,합,공공임대,세종,0
2023-02,,합,공공임대,강원,0
2023-02,,합,공공임대,충북,0
2023-02,,합,공공임대,충남,0
2023-02,,합,공공임대,전북,0
2023-02,,합,공공임대,전남,60
2023-02,,합,공공임대,경북,0
2023-02,,합,공공임대,경남,0
2023-02,,합,공공임대,제주,70
2023-02,,합,공공분양,전국,569
2023-02,,합,공공분양,서울,0
2023-02,,합,공공분양,인천,0
2023-02,,합,공공분양,경기,569
2023-02,,합,공공분양,부산,0
2023-02,,합,공공분양,대구,0
2023-02,,합,공공분양,광주,0
2023-02,,합,공공분양,대전,0
2023-02,,합,공공분양,울산,0
2023-02,,합,공공분양,세종,0
2023-02,,합,공공분양,강원,0
2023-02,,합,공공분양,충북,0
2023-02,,합,공공분양,충남,0
2023-02,,합,공공분양,전북,0
2023-02,,합,공공분양,전남,0
2023-02,,합,공공분양,경북,0
2023-02,,합,공공분양,경남,0
2023-02,,합,공공분양,제주,0
2023-02,,지자체,소계,전국,569
2023-02,,지자체,소계,서울,0
2023-02,,지자체,소계,인천,0
2023-02,,지자체,소계,경기,569
2023-02,,지자체,소계,부산,0
2023-02,,지자체,소계,대구,0
2023-02,,지자체,소계,광주,0
2023-02,,지자체,소계,대전,0
2023-02,,지자체,소계,울산,0
2023-02,,지자체,소계,세종,0
2023-02,,지자체,소계,강원,0
2023-02,,지자체,소계,충북,0
2023-02,,지자체,소계,충남,0
2023-02,,지자체,소계,전북,0
2023-02,,지자체,소계,전남,0
2023-02,,지자체,소계,경북,0
2023-02,,지자체,소계,경남,0
2023-02,,지자체,소계,제주,0
2023-02,,지자체,국민임대,전국,0
2023-02,,지자체,국민임대,서울,0
2023-02,,지자체,국민임대,인천,0
2023-02,,지자체,국민임대,경기,0
2023-02,,지자체,국민임대,부산,0
2023-02,,지자체,국민임대,대구,0
2023-02,,지자체,국민임대,광주,0
2023-02,,지자체,국민임대,대전,0
2023-02,,지자체,국민임대,울산,0
2023-02,,지자체,국민임대,세종,0
2023-02,,지자체,국민임대,강원,0
2023-02,,지자체,국민임대,충북,0
2023-02,,지자체,국민임대,충남,0
2023-02,,지자체,국민임대,전북,0
2023-02,,지자체,국민임대,전남,0
2023-02,,지자체,국민임대,경북,0
2023-02,,지자체,국민임대,경남,0
2023-02,,지자체,국민임대,제주,0
2023-02,,지자체,공공임대,전국,0
2023-02,,지자체,공공임대,서울,0
2023-02,,지자체,공공임대,인천,0
2023-02,,지자체,공공임대,경기,0
2023-02,,지자체,공공임대,부산,0
2023-02,,지자체,공공임대,대구,0
2023-02,,지자체,공공임대,광주,0
2023-02,,지자체,공공임대,대전,0
2023-02,,지자체,공공임대,울산,0
2023-02,,지자체,공공임대,세종,0
2023-02,,지자체,공공임대,강원,0
2023-02,,지자체,공공임대,충북,0
2023-02,,지자체,공공임대,충남,0
2023-02,,지자체,공공임대,전북,0
2023-02,,지자체,공공임대,전남,0
2023-02,,지자체,공공임대,경북,0
2023-02,,지자체,공공임대,경남,0
2023-02,,지자체,공공임대,제주,0
2023-02,,지자체,공공분양,전국,569
2023-02,,지자체,공공분양,서울,0
2023-02,,지자체,공공분양,인천,0
2023-02,,지자체,공공분양,경기,569
2023-02,,지자체,공공분양,부산,0
2023-02,,지자체,공공분양,대구,0
2023-02,,지자체,공공분양,광주,0
2023-02,,지자체,공공분양,대전,0
2023-02,,지자체,공공분양,울산,0
2023-02,,지자체,공공분양,세종,0
2023-02,,지자체,공공분양,강원,0
2023-02,,지자체,공공분양,충북,0
2023-02,,지자체,공공분양,충남,0
2023-02,,지자체,공공분양,전북,0
2023-02,,지자체,공공분양,전남,0
2023-02,,지자체,공공분양,경북,0
2023-02,,지자체,공공분양,경남,0
2023-02,,지자체,공공분양,제주,0
2023-02,,LH,소계,전국,104
2023-02,,LH,소계,서울,0
2023-02,,LH,소계,인천,0
2023-02,,LH,소계,경기,0
2023-02,,LH,소계,부산,0
2023-02,,LH,소계,대구,0
2023-02,,LH,소계,광주,0
2023-02,,LH,소계,대전,0
2023-02,,LH,소계,울산,0
2023-02,,LH,소계,세종,0
2023-02,,LH,소계,강원,0
2023-02,,LH,소계,충북,0
2023-02,,LH,소계,충남,0
2023-02,,LH,소계,전북,0
2023-02,,LH,소계,전남,104
2023-02,,LH,소계,경북,0
2023-02,,LH,소계,경남,0
2023-02,,LH,소계,제주,0
2023-02,,LH,국민임대,전국,44
2023-02,,LH,국민임대,서울,0
2023-02,,LH,국민임대,인천,0
2023-02,,LH,국민임대,경기,0
2023-02,,LH,국민임대,부산,0
2023-02,,LH,국민임대,대구,0
2023-02,,LH,국민임대,광주,0
2023-02,,LH,국민임대,대전,0
2023-02,,LH,국민임대,울산,0
2023-02,,LH,국민임대,세종,0
2023-02,,LH,국민임대,강원,0
2023-02,,LH,국민임대,충북,0
2023-02,,LH,국민임대,충남,0
2023-02,,LH,국민임대,전북,0
2023-02,,LH,국민임대,전남,44
2023-02,,LH,국민임대,경북,0
2023-02,,LH,국민임대,경남,0
2023-02,,LH,국민임대,제주,0
2023-02,,LH,공공임대,전국,60
2023-02,,LH,공공임대,서울,0
2023-02,,LH,공공임대,인천,0
2023-02,,LH,공공임대,경기,0
2023-02,,LH,공공임대,부산,0
2023-02,,LH,공공임대,대구,0
2023-02,,LH,공공임대,광주,0
2023-02,,LH,공공임대,대전,0
2023-02,,LH,공공임대,울산,0
2023-02,,LH,공공임대,세종,0
2023-02,,LH,공공임대,강원,0
2023-02,,LH,공공임대,충북,0
2023-02,,LH,공공임대,충남,0
2023-02,,LH,공공임대,전북,0
2023-02,,LH,공공임대,전남,60
2023-02,,LH,공공임대,경북,0
2023-02,,LH,공공임대,경남,0
2023-02,,LH,공공임대,제주,0
2023-02,,LH,공공분양,전국,0
2023-02,,LH,공공분양,서울,0
2023-02,,LH,공공분양,인천,0
2023-02,,LH,공공분양,경기,0
2023-02,,LH,공공분양,부산,0
2023-02,,LH,공공분양,대구,0
2023-02,,LH,공공분양,광주,0
2023-02,,LH,공공분양,대전,0
2023-02,,LH,공공분양,울산,0
2023-02,,LH,공공분양,세종,0
2023-02,,LH,공공분양,강원,0
2023-02,,LH,공공분양,충북,0
2023-02,,LH,공공분양,충남,0
2023-02,,LH,공공분양,전북,0
2023-02,,LH,공공분양,전남,0
2023-02,,LH,공공분양,경북,0
2023-02,,LH,공공분양,경남,0
2023-02,,LH,공공분양,제주,0
2023-02,,주택업체,소계,전국,70
2023-02,,주택업체,소계,서울,0
2023-02,,주택업체,소계,인천,0
2023-02,,주택업체,소계,경기,0
2023-02,,주택업체,소계,부산,0
2023-02,,주택업체,소계,대구,0
2023-02,,주택업체,소계,광주,0
2023-02,,주택업체,소계,대전,0
2023-02,,주택업체,소계,울산,0
2023-02,,주택업체,소계,세종,0
2023-02,,주택업체,소계,강원,0
2023-02,,주택업체,소계,충북,0
2023-02,,주택업체,소계,충남,0
2023-02,,주택업체,소계,전북,0
2023-02,,주택업체,소계,전남,0
2023-02,,주택업체,소계,경북,0
2023-02,,주택업체,소계,경남,0
2023-02,,주택업체,소계,제주,70
2023-02,,주택업체,국민임대,전국,0
2023-02,,주택업체,국민임대,서울,0
2023-02,,주택업체,국민임대,인천,0
2023-02,,주택업체,국민임대,경기,0
2023-02,,주택업체,국민임대,부산,0
2023-02,,주택업체,국민임대,대구,0
2023-02,,주택업체,국민임대,광주,0
2023-02,,주택업체,국민임대,대전,0
2023-02,,주택업체,국민임대,울산,0
2023-02,,주택업체,국민임대,세종,0
2023-02,,주택업체,국민임대,강원,0
2023-02,,주택업체,국민임대,충북,0
2023-02,,주택업체,국민임대,충남,0
2023-02,,주택업체,국민임대,전북,0
2023-02,,주택업체,국민임대,전남,0
2023-02,,주택업체,국민임대,경북,0
2023-02,,주택업체,국민임대,경남,0
2023-02,,주택업체,국민임대,제주,0
2023-02,,주택업체,공공임대,전국,70
2023-02,,주택업체,공공임대,서울,0
2023-02,,주택업체,공공임대,인천,0
2023-02,,주택업체,공공임대,경기,0
2023-02,,주택업체,공공임대,부산,0
2023-02,,주택업체,공공임대,대구,0
2023-02,,주택업체,공공임대,광주,0
2023-02,,주택업체,공공임대,대전,0
2023-02,,주택업체,공공임대,울산,0
2023-02,,주택업체,공공임대,세종,0
2023-02,,주택업체,공공임대,강원,0
2023-02,,주택업체,공공임대,충북,0
2023-02,,주택업체,공공임대,충남,0
2023-02,,주택업체,공공임대,전북,0
2023-02,,주택업체,공공임대,전남,0
2023-02,,주택업체,공공임대,경북,0
2023-02,,주택업체,공공임대,경남,0
2023-02,,주택업체,공공임대,제주,70
2023-02,,주택업체,공공분양,전국,0
2023-02,,주택업체,공공분양,서울,0
2023-02,,주택업체,공공분양,인천,0
2023-02,,주택업체,공공분양,경기,0
2023-02,,주택업체,공공분양,부산,0
2023-02,,주택업체,공공분양,대구,0
2023-02,,주택업체,공공분양,광주,0
2023-02,,주택업체,공공분양,대전,0
2023-02,,주택업체,공공분양,울산,0
2023-02,,주택업체,공공분양,세종,0
2023-02,,주택업체,공공분양,강원,0
2023-02,,주택업체,공공분양,충북,0
2023-02,,주택업체,공공분양,충남,0
2023-02,,주택업체,공공분양,전북,0
2023-02,,주택업체,공공분양,전남,0
2023-02,,주택업체,공공분양,경북,0
2023-02,,주택업체,공공분양,경남,0
2023-02,,주택업체,공공분양,제주,0
2023-02,,민간부문,소계,전국,13723
2023-02,,민간부문,소계,서울,1529
2023-02,,민간부문,소계,인천,180
2023-02,,민간부문,소계,경기,5711
2023-02,,민간부문,소계,부산,85
2023-02,,민간부문,소계,대구,228
2023-02,,민간부문,소계,광주,927
2023-02,,민간부문,소계,대전,47
2023-02,,민간부문,소계,울산,38
2023-02,,민간부문,소계,세종,7
2023-02,,민간부문,소계,강원,173
2023-02,,민간부문,소계,충북,1190
2023-02,,민간부문,소계,충남,619
2023-02,,민간부문,소계,전북,416
2023-02,,민간부문,소계,전남,305
2023-02,,민간부문,소계,경북,720
2023-02,,민간부문,소계,경남,1306
2023-02,,민간부문,소계,제주,242
2023-02,,민간,민간임대,전국,2468
2023-02,,민간,민간임대,서울,419
2023-02,,민간,민간임대,인천,0
2023-02,,민간,민간임대,경기,1978
2023-02,,민간,민간임대,부산,0
2023-02,,민간,민간임대,대구,0
2023-02,,민간,민간임대,광주,0
2023-02,,민간,민간임대,대전,0
2023-02,,민간,민간임대,울산,0
2023-02,,민간,민간임대,세종,0
2023-02,,민간,민간임대,강원,0
2023-02,,민간,민간임대,충북,0
2023-02,,민간,민간임대,충남,0
2023-02,,민간,민간임대,전북,39
2023-02,,민간,민간임대,전남,32
2023-02,,민간,민간임대,경북,0
2023-02,,민간,민간임대,경남,0
2023-02,,민간,민간임대,제주,0
2023-02,,민간,민간분양,전국,11255
2023-02,,민간,민간분양,서울,1110
2023-02,,민간,민간분양,인천,180
2023-02,,민간,민간분양,경기,3733
2023-02,,민간,민간분양,부산,85
2023-02,,민간,민간분양,대구,228
2023-02,,민간,민간분양,광주,927
2023-02,,민간,민간분양,대전,47
2023-02,,민간,민간분양,울산,38
2023-02,,민간,민간분양,세종,7
2023-02,,민간,민간분양,강원,173
2023-02,,민간,민간분양,충북,1190
2023-02,,민간,민간분양,충남,619
2023-02,,민간,민간분양,전북,377
2023-02,,민간,민간분양,전남,273
2023-02,,민간,민간분양,경북,720
2023-02,,민간,민간분양,경남,1306
2023-02,,민간,민간분양,제주,242
2023-03,,총계,총계,전국,20301
2023-03,,총계,총계,서울,3731
2023-03,,총계,총계,인천,1592
2023-03,,총계,총계,경기,7699
2023-03,,총계,총계,부산,1752
2023-03,,총계,총계,대구,20
2023-03,,총계,총계,광주,360
2023-03,,총계,총계,대전,41
2023-03,,총계,총계,울산,43
2023-03,,총계,총계,세종,15
2023-03,,총계,총계,강원,499
2023-03,,총계,총계,충북,980
2023-03,,총계,총계,충남,276
2023-03,,총계,총계,전북,1181
2023-03,,총계,총계,전남,1015
2023-03,,총계,총계,경북,386
2023-03,,총계,총계,경남,523
2023-03,,총계,총계,제주,188
2023-03,,공공부문,소계,전국,1012
2023-03,,공공부문,소계,서울,7
2023-03,,공공부문,소계,인천,0
2023-03,,공공부문,소계,경기,965
2023-03,,공공부문,소계,부산,0
2023-03,,공공부문,소계,대구,0
2023-03,,공공부문,소계,광주,0
2023-03,,공공부문,소계,대전,0
2023-03,,공공부문,소계,울산,0
2023-03,,공공부문,소계,세종,0
2023-03,,공공부문,소계,강원,0
2023-03,,공공부문,소계,충북,0
2023-03,,공공부문,소계,충남,0
2023-03,,공공부문,소계,전북,0
2023-03,,공공부문,소계,전남,0
2023-03,,공공부문,소계,경북,40
2023-03,,공공부문,소계,경남,0
2023-03,,공공부문,소계,제주,0
2023-03,,합,국민임대,전국,0
2023-03,,합,국민임대,서울,0
2023-03,,합,국민임대,인천,0
2023-03,,합,국민임대,경기,0
2023-03,,합,국민임대,부산,0
2023-03,,합,국민임대,대구,0
2023-03,,합,국민임대,광주,0
2023-03,,합,국민임대,대전,0
2023-03,,합,국민임대,울산,0
2023-03,,합,국민임대,세종,0
2023-03,,합,국민임대,강원,0
2023-03,,합,국민임대,충북,0
2023-03,,합,국민임대,충남,0
2023-03,,합,국민임대,전북,0
2023-03,,합,국민임대,전남,0
2023-03,,합,국민임대,경북,0
2023-03,,합,국민임대,경남,0
2023-03,,합,국민임대,제주,0
2023-03,,합,공공임대,전국,1012
2023-03,,합,공공임대,서울,7
2023-03,,합,공공임대,인천,0
2023-03,,합,공공임대,경기,965
2023-03,,합,공공임대,부산,0
2023-03,,합,공공임대,대구,0
2023-03,,합,공공임대,광주,0
2023-03,,합,공공임대,대전,0
2023-03,,합,공공임대,울산,0
2023-03,,합,공공임대,세종,0
2023-03,,합,공공임대,강원,0
2023-03,,합,공공임대,충북,0
2023-03,,합,공공임대,충남,0
2023-03,,합,공공임대,전북,0
2023-03,,합,공공임대,전남,0
2023-03,,합,공공임대,경북,40
2023-03,,합,공공임대,경남,0
2023-03,,합,공공임대,제주,0
2023-03,,합,공공분양,전국,0
2023-03,,합,공공분양,서울,0
2023-03,,합,공공분양,인천,0
2023-03,,합,공공분양,경기,0
2023-03,,합,공공분양,부산,0
2023-03,,합,공공분양,대구,0
2023-03,,합,공공분양,광주,0
2023-03,,합,공공분양,대전,0
2023-03,,합,공공분양,울산,0
2023-03,,합,공공분양,세종,0
2023-03,,합,공공분양,강원,0
2023-03,,합,공공분양,충북,0
2023-03,,합,공공분양,충남,0
2023-03,,합,공공분양,전북,0
2023-03,,합,공공분양,전남,0
2023-03,,합,공공분양,경북,0
2023-03,,합,공공분양,경남,0
2023-03,,합,공공분양,제주,0
2023-03,,지자체,소계,전국,965
2023-03,,지자체,소계,서울,0
2023-03,,지자체,소계,인천,0
2023-03,,지자체,소계,경기,965
2023-03,,지자체,소계,부산,0
2023-03,,지자체,소계,대구,0
2023-03,,지자체,소계,광주,0
2023-03,,지자체,소계,대전,0
2023-03,,지자체,소계,울산,0
2023-03,,지자체,소계,세종,0
2023-03,,지자체,소계,강원,0
2023-03,,지자체,소계,충북,0
2023-03,,지자체,소계,충남,0
2023-03,,지자체,소계,전북,0
2023-03,,지자체,소계,전남,0
2023-03,,지자체,소계,경북,0
2023-03,,지자체,소계,경남,0
2023-03,,지자체,소계,제주,0
2023-03,,지자체,국민임대,전국,0
2023-03,,지자체,국민임대,서울,0
2023-03,,지자체,국민임대,인천,0
2023-03,,지자체,국민임대,경기,0
2023-03,,지자체,국민임대,부산,0
2023-03,,지자체,국민임대,대구,0
2023-03,,지자체,국민임대,광주,0
2023-03,,지자체,국민임대,대전,0
2023-03,,지자체,국민임대,울산,0
2023-03,,지자체,국민임대,세종,0
2023-03,,지자체,국민임대,강원,0
2023-03,,지자체,국민임대,충북,0
2023-03,,지자체,국민임대,충남,0
2023-03,,지자체,국민임대,전북,0
2023-03,,지자체,국민임대,전남,0
2023-03,,지자체,국민임대,경북,0
2023-03,,지자체,국민임대,경남,0
2023-03,,지자체,국민임대,제주,0
2023-03,,지자체,공공임대,전국,965
2023-03,,지자체,공공임대,서울,0
2023-03,,지자체,공공임대,인천,0
2023-03,,지자체,공공임대,경기,965
2023-03,,지자체,공공임대,부산,0
2023-03,,지자체,공공임대,대구,0
2023-03,,지자체,공공임대,광주,0
2023-03,,지자체,공공임대,대전,0
2023-03,,지자체,공공임대,울산,0
2023-03,,지자체,공공임대,세종,0
2023-03,,지자체,공공임대,강원,0
2023-03,,지자체,공공임대,충북,0
2023-03,,지자체,공공임대,충남,0
2023-03,,지자체,공공임대,전북,0
2023-03,,지자체,공공임대,전남,0
2023-03,,지자체,공공임대,경북,0
2023-03,,지자체,공공임대,경남,0
2023-03,,지자체,공공임대,제주,0
2023-03,,지자체,공공분양,전국,0
2023-03,,지자체,공공분양,서울,0
2023-03,,지자체,공공분양,인천,0
2023-03,,지자체,공공분양,경기,0
2023-03,,지자체,공공분양,부산,0
2023-03,,지자체,공공분양,대구,0
2023-03,,지자체,공공분양,광주,0
2023-03,,지자체,공공분양,대전,0
2023-03,,지자체,공공분양,울산,0
2023-03,,지자체,공공분양,세종,0
2023-03,,지자체,공공분양,강원,0
2023-03,,지자체,공공분양,충북,0
2023-03,,지자체,공공분양,충남,0
2023-03,,지자체,공공분양,전북,0
2023-03,,지자체,공공분양,전남,0
2023-03,,지자체,공공분양,경북,0
2023-03,,지자체,공공분양,경남,0
2023-03,,지자체,공공분양,제주,0
2023-03,,LH,소계,전국,0
2023-03,,LH,소계,서울,0
2023-03,,LH,소계,인천,0
2023-03,,LH,소계,경기,0
2023-03,,LH,소계,부산,0
2023-03,,LH,소계,대구,0
2023-03,,LH,소계,광주,0
2023-03,,LH,소계,대전,0
2023-03,,LH,소계,울산,0
2023-03,,LH,소계,세종,0
2023-03,,LH,소계,강원,0
2023-03,,LH,소계,충북,0
2023-03,,LH,소계,충남,0
2023-03,,LH,소계,전북,0
2023-03,,LH,소계,전남,0
2023-03,,LH,소계,경북,0
2023-03,,LH,소계,경남,0
2023-03,,LH,소계,제주,0
2023-03,,LH,국민임대,전국,0
2023-03,,LH,국민임대,서울,0
2023-03,,LH,국민임대,인천,0
2023-03,,LH,국민임대,경기,0
2023-03,,LH,국민임대,부산,0
2023-03,,LH,국민임대,대구,0
2023-03,,LH,국민임대,광주,0
2023-03,,LH,국민임대,대전,0
2023-03,,LH,국민임대,울산,0
2023-03,,LH,국민임대,세종,0
2023-03,,LH,국민임대,강원,0
2023-03,,LH,국민임대,충북,0
2023-03,,LH,국민임대,충남,0
2023-03,,LH,국민임대,전북,0
2023-03,,LH,국민임대,전남,0
2023-03,,LH,국민임대,경북,0
2023-03,,LH,국민임대,경남,0
2023-03,,LH,국민임대,제주,0
2023-03,,LH,공공임대,전국,0
2023-03,,LH,공공임대,서울,0
2023-03,,LH,공공임대,인천,0
2023-03,,LH,공공임대,경기,0
2023-03,,LH,공공임대,부산,0
2023-03,,LH,공공임대,대구,0
2023-03,,LH,공공임대,광주,0
2023-03,,LH,공공임대,대전,0
2023-03,,LH,공공임대,울산,0
2023-03,,LH,공공임대,세종,0
2023-03,,LH,공공임대,강원,0
2023-03,,LH,공공임대,충북,0
2023-03,,LH,공공임대,충남,0
2023-03,,LH,공공임대,전북,0
2023-03,,LH,공공임대,전남,0
2023-03,,LH,공공임대,경북,0
2023-03,,LH,공공임대,경남,0
2023-03,,LH,공공임대,제주,0
2023-03,,LH,공공분양,전국,0
2023-03,,LH,공공분양,서울,0
2023-03,,LH,공공분양,인천,0
2023-03,,LH,공공분양,경기,0
2023-03,,LH,공공분양,부산,0
2023-03,,LH,공공분양,대구,0
2023-03,,LH,공공분양,광주,0
2023-03,,LH,공공분양,대전,0
2023-03,,LH,공공분양,울산,0
2023-03,,LH,공공분양,세종,0
2023-03,,LH,공공분양,강원,0
2023-03,,LH,공공분양,충북,0
2023-03,,LH,공공분양,충남,0
2023-03,,LH,공공분양,전북,0
2023-03,,LH,공공분양,전남,0
2023-03,,LH,공공분양,경북,0
2023-03,,LH,공공분양,경남,0
2023-03,,LH,공공분양,제주,0
2023-03,,주택업체,소계,전국,47
2023-03,,주택업체,소계,서울,7
2023-03,,주택업체,소계,인천,0
2023-03,,주택업체,소계,경기,0
2023-03,,주택업체,소계,부산,0
2023-03,,주택업체,소계,대구,0
2023-03,,주택업체,소계,광주,0
2023-03,,주택업체,소계,대전,0
2023-03,,주택업체,소계,울산,0
2023-03,,주택업체,소계,세종,0
2023-03,,주택업체,소계,강원,0
2023-03,,주택업체,소계,충북,0
2023-03,,주택업체,소계,충남,0
2023-03,,주택업체,소계,전북,0
2023-03,,주택업체,소계,전남,0
2023-03,,주택업체,소계,경북,40
2023-03,,주택업체,소계,경남,0
2023-03,,주택업체,소계,제주,0
2023-03,,주택업체,국민임대,전국,0
2023-03,,주택업체,국민임대,서울,0
2023-03,,주택업체,국민임대,인천,0
2023-03,,주택업체,국민임대,경기,0
2023-03,,주택업체,국민임대,부산,0
2023-03,,주택업체,국민임대,대구,0
2023-03,,주택업체,국민임대,광주,0
2023-03,,주택업체,국민임대,대전,0
2023-03,,주택업체,국민임대,울산,0
2023-03,,주택업체,국민임대,세종,0
2023-03,,주택업체,국민임대,강원,0
2023-03,,주택업체,국민임대,충북,0
2023-03,,주택업체,국민임대,충남,0
2023-03,,주택업체,국민임대,전북,0
2023-03,,주택업체,국민임대,전남,0
2023-03,,주택업체,국민임대,경북,0
2023-03,,주택업체,국민임대,경남,0
2023-03,,주택업체,국민임대,제주,0
2023-03,,주택업체,공공임대,전국,47
2023-03,,주택업체,공공임대,서울,7
2023-03,,주택업체,공공임대,인천,0
2023-03,,주택업체,공공임대,경기,0
2023-03,,주택업체,공공임대,부산,0
2023-03,,주택업체,공공임대,대구,0
2023-03,,주택업체,공공임대,광주,0
2023-03,,주택업체,공공임대,대전,0
2023-03,,주택업체,공공임대,울산,0
2023-03,,주택업체,공공임대,세종,0
2023-03,,주택업체,공공임대,강원,0
2023-03,,주택업체,공공임대,충북,0
2023-03,,주택업체,공공임대,충남,0
2023-03,,주택업체,공공임대,전북,0
2023-03,,주택업체,공공임대,전남,0
2023-03,,주택업체,공공임대,경북,40
2023-03,,주택업체,공공임대,경남,0
2023-03,,주택업체,공공임대,제주,0
2023-03,,주택업체,공공분양,전국,0
2023-03,,주택업체,공공분양,서울,0
2023-03,,주택업체,공공분양,인천,0
2023-03,,주택업체,공공분양,경기,0
2023-03,,주택업체,공공분양,부산,0
2023-03,,주택업체,공공분양,대구,0
2023-03,,주택업체,공공분양,광주,0
2023-03,,주택업체,공공분양,대전,0
2023-03,,주택업체,공공분양,울산,0
2023-03,,주택업체,공공분양,세종,0
2023-03,,주택업체,공공분양,강원,0
2023-03,,주택업체,공공분양,충북,0
2023-03,,주택업체,공공분양,충남,0
2023-03,,주택업체,공공분양,전북,0
2023-03,,주택업체,공공분양,전남,0
2023-03,,주택업체,공공분양,경북,0
2023-03,,주택업체,공공분양,경남,0
2023-03,,주택업체,공공분양,제주,0
2023-03,,민간부문,소계,전국,19289
2023-03,,민간부문,소계,서울,3724
2023-03,,민간부문,소계,인천,1592
2023-03,,민간부문,소계,경기,6734
2023-03,,민간부문,소계,부산,1752
2023-03,,민간부문,소계,대구,20
2023-03,,민간부문,소계,광주,360
2023-03,,민간부문,소계,대전,41
2023-03,,민간부문,소계,울산,43
2023-03,,민간부문,소계,세종,15
2023-03,,민간부문,소계,강원,499
2023-03,,민간부문,소계,충북,980
2023-03,,민간부문,소계,충남,276
2023-03,,민간부문,소계,전북,1181
2023-03,,민간부문,소계,전남,1015
2023-03,,민간부문,소계,경북,346
2023-03,,민간부문,소계,경남,523
2023-03,,민간부문,소계,제주,188
2023-03,,민간,민간임대,전국,315
2023-03,,민간,민간임대,서울,0
2023-03,,민간,민간임대,인천,0
2023-03,,민간,민간임대,경기,0
2023-03,,민간,민간임대,부산,0
2023-03,,민간,민간임대,대구,0
2023-03,,민간,민간임대,광주,0
2023-03,,민간,민간임대,대전,0
2023-03,,민간,민간임대,울산,0
2023-03,,민간,민간임대,세종,0
2023-03,,민간,민간임대,강원,0
2023-03,,민간,민간임대,충북,0
2023-03,,민간,민간임대,충남,0
2023-03,,민간,민간임대,전북,315
2023-03,,민간,민간임대,전남,0
2023-03,,민간,민간임대,경북,0
2023-03,,민간,민간임대,경남,0
2023-03,,민간,민간임대,제주,0
2023-03,,민간,민간분양,전국,18974
2023-03,,민간,민간분양,서울,3724
2023-03,,민간,민간분양,인천,1592
2023-03,,민간,민간분양,경기,6734
2023-03,,민간,민간분양,부산,1752
2023-03,,민간,민간분양,대구,20
2023-03,,민간,민간분양,광주,360
2023-03,,민간,민간분양,대전,41
2023-03,,민간,민간분양,울산,43
2023-03,,민간,민간분양,세종,15
2023-03,,민간,민간분양,강원,499
2023-03,,민간,민간분양,충북,980
2023-03,,민간,민간분양,충남,276
2023-03,,민간,민간분양,전북,866
2023-03,,민간,민간분양,전남,1015
2023-03,,민간,민간분양,경북,346
2023-03,,민간,민간분양,경남,523
2023-03,,민간,민간분양,제주,188
2023-04,,총계,총계,전국,11704
2023-04,,총계,총계,서울,1467
2023-04,,총계,총계,인천,477
2023-04,,총계,총계,경기,3197
2023-04,,총계,총계,부산,1138
2023-04,,총계,총계,대구,56
2023-04,,총계,총계,광주,414
2023-04,,총계,총계,대전,81
2023-04,,총계,총계,울산,97
2023-04,,총계,총계,세종,23
2023-04,,총계,총계,강원,267
2023-04,,총계,총계,충북,1762
2023-04,,총계,총계,충남,268
2023-04,,총계,총계,전북,897
2023-04,,총계,총계,전남,291
2023-04,,총계,총계,경북,287
2023-04,,총계,총계,경남,269
2023-04,,총계,총계,제주,713
2023-04,,공공부문,소계,전국,296
2023-04,,공공부문,소계,서울,0
2023-04,,공공부문,소계,인천,0
2023-04,,공공부문,소계,경기,0
2023-04,,공공부문,소계,부산,0
2023-04,,공공부문,소계,대구,0
2023-04,,공공부문,소계,광주,0
2023-04,,공공부문,소계,대전,0
2023-04,,공공부문,소계,울산,0
2023-04,,공공부문,소계,세종,0
2023-04,,공공부문,소계,강원,0
2023-04,,공공부문,소계,충북,0
2023-04,,공공부문,소계,충남,0
2023-04,,공공부문,소계,전북,0
2023-04,,공공부문,소계,전남,0
2023-04,,공공부문,소계,경북,0
2023-04,,공공부문,소계,경남,0
2023-04,,공공부문,소계,제주,296
2023-04,,합,국민임대,전국,0
2023-04,,합,국민임대,서울,0
2023-04,,합,국민임대,인천,0
2023-04,,합,국민임대,경기,0
2023-04,,합,국민임대,부산,0
2023-04,,합,국민임대,대구,0
2023-04,,합,국민임대,광주,0
2023-04,,합,국민임대,대전,0
2023-04,,합,국민임대,울산,0
2023-04,,합,국민임대,세종,0
2023-04,,합,국민임대,강원,0
2023-04,,합,국민임대,충북,0
2023-04,,합,국민임대,충남,0
2023-04,,합,국민임대,전북,0
2023-04,,합,국민임대,전남,0
2023-04,,합,국민임대,경북,0
2023-04,,합,국민임대,경남,0
2023-04,,합,국민임대,제주,0
2023-04,,합,공공임대,전국,296
2023-04,,합,공공임대,서울,0
2023-04,,합,공공임대,인천,0
2023-04,,합,공공임대,경기,0
2023-04,,합,공공임대,부산,0
2023-04,,합,공공임대,대구,0
2023-04,,합,공공임대,광주,0
2023-04,,합,공공임대,대전,0
2023-04,,합,공공임대,울산,0
2023-04,,합,공공임대,세종,0
2023-04,,합,공공임대,강원,0
2023-04,,합,공공임대,충북,0
2023-04,,합,공공임대,충남,0
2023-04,,합,공공임대,전북,0
2023-04,,합,공공임대,전남,0
2023-04,,합,공공임대,경북,0
2023-04,,합,공공임대,경남,0
2023-04,,합,공공임대,제주,296
2023-04,,합,공공분양,전국,0
2023-04,,합,공공분양,서울,0
2023-04,,합,공공분양,인천,0
2023-04,,합,공공분양,경기,0
2023-04,,합,공공분양,부산,0
2023-04,,합,공공분양,대구,0
2023-04,,합,공공분양,광주,0
2023-04,,합,공공분양,대전,0
2023-04,,합,공공분양,울산,0
2023-04,,합,공공분양,세종,0
2023-04,,합,공공분양,강원,0
2023-04,,합,공공분양,충북,0
2023-04,,합,공공분양,충남,0
2023-04,,합,공공분양,전북,0
2023-04,,합,공공분양,전남,0
2023-04,,합,공공분양,경북,0
2023-04,,합,공공분양,경남,0
2023-04,,합,공공분양,제주,0
2023-04,,지자체,소계,전국,0
2023-04,,지자체,소계,서울,0
2023-04,,지자체,소계,인천,0
2023-04,,지자체,소계,경기,0
2023-04,,지자체,소계,부산,0
2023-04,,지자체,소계,대구,0
2023-04,,지자체,소계,광주,0
2023-04,,지자체,소계,대전,0
2023-04,,지자체,소계,울산,0
2023-04,,지자체,소계,세종,0
2023-04,,지자체,소계,강원,0
2023-04,,지자체,소계,충북,0
2023-04,,지자체,소계,충남,0
2023-04,,지자체,소계,전북,0
2023-04,,지자체,소계,전남,0
2023-04,,지자체,소계,경북,0
2023-04,,지자체,소계,경남,0
2023-04,,지자체,소계,제주,0
2023-04,,지자체,국민임대,전국,0
2023-04,,지자체,국민임대,서울,0
2023-04,,지자체,국민임대,인천,0
2023-04,,지자체,국민임대,경기,0
2023-04,,지자체,국민임대,부산,0
2023-04,,지자체,국민임대,대구,0
2023-04,,지자체,국민임대,광주,0
2023-04,,지자체,국민임대,대전,0
2023-04,,지자체,국민임대,울산,0
2023-04,,지자체,국민임대,세종,0
2023-04,,지자체,국민임대,강원,0
2023-04,,지자체,국민임대,충북,0
2023-04,,지자체,국민임대,충남,0
2023-04,,지자체,국민임대,전북,0
2023-04,,지자체,국민임대,전남,0
2023-04,,지자체,국민임대,경북,0
2023-04,,지자체,국민임대,경남,0
2023-04,,지자체,국민임대,제주,0
2023-04,,지자체,공공임대,전국,0
2023-04,,지자체,공공임대,서울,0
2023-04,,지자체,공공임대,인천,0
2023-04,,지자체,공공임대,경기,0
2023-04,,지자체,공공임대,부산,0
2023-04,,지자체,공공임대,대구,0
2023-04,,지자체,공공임대,광주,0
2023-04,,지자체,공공임대,대전,0
2023-04,,지자체,공공임대,울산,0
2023-04,,지자체,공공임대,세종,0
2023-04,,지자체,공공임대,강원,0
2023-04,,지자체,공공임대,충북,0
2023-04,,지자체,공공임대,충남,0
2023-04,,지자체,공공임대,전북,0
2023-04,,지자체,공공임대,전남,0
2023-04,,지자체,공공임대,경북,0
2023-04,,지자체,공공임대,경남,0
2023-04,,지자체,공공임대,제주,0
2023-04,,지자체,공공분양,전국,0
2023-04,,지자체,공공분양,서울,0
2023-04,,지자체,공공분양,인천,0
2023-04,,지자체,공공분양,경기,0
2023-04,,지자체,공공분양,부산,0
2023-04,,지자체,공공분양,대구,0
2023-04,,지자체,공공분양,광주,0
2023-04,,지자체,공공분양,대전,0
2023-04,,지자체,공공분양,울산,0
2023-04,,지자체,공공분양,세종,0
2023-04,,지자체,공공분양,강원,0
2023-04,,지자체,공공분양,충북,0
2023-04,,지자체,공공분양,충남,0
2023-04,,지자체,공공분양,전북,0
2023-04,,지자체,공공분양,전남,0
2023-04,,지자체,공공분양,경북,0
2023-04,,지자체,공공분양,경남,0
2023-04,,지자체,공공분양,제주,0
2023-04,,LH,소계,전국,296
2023-04,,LH,소계,서울,0
2023-04,,LH,소계,인천,0
2023-04,,LH,소계,경기,0
2023-04,,LH,소계,부산,0
2023-04,,LH,소계,대구,0
2023-04,,LH,소계,광주,0
2023-04,,LH,소계,대전,0
2023-04,,LH,소계,울산,0
2023-04,,LH,소계,세종,0
2023-04,,LH,소계,강원,0
2023-04,,LH,소계,충북,0
2023-04,,LH,소계,충남,0
2023-04,,LH,소계,전북,0
2023-04,,LH,소계,전남,0
2023-04,,LH,소계,경북,0
2023-04,,LH,소계,경남,0
2023-04,,LH,소계,제주,296
2023-04,,LH,국민임대,전국,0
2023-04,,LH,국민임대,서울,0
2023-04,,LH,국민임대,인천,0
2023-04,,LH,국민임대,경기,0
2023-04,,LH,국민임대,부산,0
2023-04,,LH,국민임대,대구,0
2023-04,,LH,국민임대,광주,0
2023-04,,LH,국민임대,대전,0
2023-04,,LH,국민임대,울산,0
2023-04,,LH,국민임대,세종,0
2023-04,,LH,국민임대,강원,0
2023-04,,LH,국민임대,충북,0
2023-04,,LH,국민임대,충남,0
2023-04,,LH,국민임대,전북,0
2023-04,,LH,국민임대,전남,0
2023-04,,LH,국민임대,경북,0
2023-04,,LH,국민임대,경남,0
2023-04,,LH,국민임대,제주,0
2023-04,,LH,공공임대,전국,296
2023-04,,LH,공공임대,서울,0
2023-04,,LH,공공임대,인천,0
2023-04,,LH,공공임대,경기,0
2023-04,,LH,공공임대,부산,0
2023-04,,LH,공공임대,대구,0
2023-04,,LH,공공임대,광주,0
2023-04,,LH,공공임대,대전,0
2023-04,,LH,공공임대,울산,0
2023-04,,LH,공공임대,세종,0
2023-04,,LH,공공임대,강원,0
2023-04,,LH,공공임대,충북,0
2023-04,,LH,공공임대,충남,0
2023-04,,LH,공공임대,전북,0
2023-04,,LH,공공임대,전남,0
2023-04,,LH,공공임대,경북,0
2023-04,,LH,공공임대,경남,0
2023-04,,LH,공공임대,제주,296
2023-04,,LH,공공분양,전국,0
2023-04,,LH,공공분양,서울,0
2023-04,,LH,공공분양,인천,0
2023-04,,LH,공공분양,경기,0
2023-04,,LH,공공분양,부산,0
2023-04,,LH,공공분양,대구,0
2023-04,,LH,공공분양,광주,0
2023-04,,LH,공공분양,대전,0
2023-04,,LH,공공분양,울산,0
2023-04,,LH,공공분양,세종,0
2023-04,,LH,공공분양,강원,0
2023-04,,LH,공공분양,충북,0
2023-04,,LH,공공분양,충남,0
2023-04,,LH,공공분양,전북,0
2023-04,,LH,공공분양,전남,0
2023-04,,LH,공공분양,경북,0
2023-04,,LH,공공분양,경남,0
2023-04,,LH,공공분양,제주,0
2023-04,,주택업체,소계,전국,0
2023-04,,주택업체,소계,서울,0
2023-04,,주택업체,소계,인천,0
2023-04,,주택업체,소계,경기,0
2023-04,,주택업체,소계,부산,0
2023-04,,주택업체,소계,대구,0
2023-04,,주택업체,소계,광주,0
2023-04,,주택업체,소계,대전,0
2023-04,,주택업체,소계,울산,0
2023-04,,주택업체,소계,세종,0
2023-04,,주택업체,소계,강원,0
2023-04,,주택업체,소계,충북,0
2023-04,,주택업체,소계,충남,0
2023-04,,주택업체,소계,전북,0
2023-04,,주택업체,소계,전남,0
2023-04,,주택업체,소계,경북,0
2023-04,,주택업체,소계,경남,0
2023-04,,주택업체,소계,제주,0
2023-04,,주택업체,국민임대,전국,0
2023-04,,주택업체,국민임대,서울,0
2023-04,,주택업체,국민임대,인천,0
2023-04,,주택업체,국민임대,경기,0
2023-04,,주택업체,국민임대,부산,0
2023-04,,주택업체,국민임대,대구,0
2023-04,,주택업체,국민임대,광주,0
2023-04,,주택업체,국민임대,대전,0
2023-04,,주택업체,국민임대,울산,0
2023-04,,주택업체,국민임대,세종,0
2023-04,,주택업체,국민임대,강원,0
2023-04,,주택업체,국민임대,충북,0
2023-04,,주택업체,국민임대,충남,0
2023-04,,주택업체,국민임대,전북,0
2023-04,,주택업체,국민임대,전남,0
2023-04,,주택업체,국민임대,경북,0
2023-04,,주택업체,국민임대,경남,0
2023-04,,주택업체,국민임대,제주,0
2023-04,,주택업체,공공임대,전국,0
2023-04,,주택업체,공공임대,서울,0
2023-04,,주택업체,공공임대,인천,0
2023-04,,주택업체,공공임대,경기,0
2023-04,,주택업체,공공임대,부산,0
2023-04,,주택업체,공공임대,대구,0
2023-04,,주택업체,공공임대,광주,0
2023-04,,주택업체,공공임대,대전,0
2023-04,,주택업체,공공임대,울산,0
2023-04,,주택업체,공공임대,세종,0
2023-04,,주택업체,공공임대,강원,0
2023-04,,주택업체,공공임대,충북,0
2023-04,,주택업체,공공임대,충남,0
2023-04,,주택업체,공공임대,전북,0
2023-04,,주택업체,공공임대,전남,0
2023-04,,주택업체,공공임대,경북,0
2023-04,,주택업체,공공임대,경남,0
2023-04,,주택업체,공공임대,제주,0
2023-04,,주택업체,공공분양,전국,0
2023-04,,주택업체,공공분양,서울,0
2023-04,,주택업체,공공분양,인천,0
2023-04,,주택업체,공공분양,경기,0
2023-04,,주택업체,공공분양,부산,0
2023-04,,주택업체,공공분양,대구,0
2023-04,,주택업체,공공분양,광주,0
2023-04,,주택업체,공공분양,대전,0
2023-04,,주택업체,공공분양,울산,0
2023-04,,주택업체,공공분양,세종,0
2023-04,,주택업체,공공분양,강원,0
2023-04,,주택업체,공공분양,충북,0
2023-04,,주택업체,공공분양,충남,0
2023-04,,주택업체,공공분양,전북,0
2023-04,,주택업체,공공분양,전남,0
2023-04,,주택업체,공공분양,경북,0
2023-04,,주택업체,공공분양,경남,0
2023-04,,주택업체,공공분양,제주,0
2023-04,,민간부문,소계,전국,11408
2023-04,,민간부문,소계,서울,1467
2023-04,,민간부문,소계,인천,477
2023-04,,민간부문,소계,경기,3197
2023-04,,민간부문,소계,부산,1138
2023-04,,민간부문,소계,대구,56
2023-04,,민간부문,소계,광주,414
2023-04,,민간부문,소계,대전,81
2023-04,,민간부문,소계,울산,97
2023-04,,민간부문,소계,세종,23
2023-04,,민간부문,소계,강원,267
2023-04,,민간부문,소계,충북,1762
2023-04,,민간부문,소계,충남,268
2023-04,,민간부문,소계,전북,897
2023-04,,민간부문,소계,전남,291
2023-04,,민간부문,소계,경북,287
2023-04,,민간부문,소계,경남,269
2023-04,,민간부문,소계,제주,417
2023-04,,민간,민간임대,전국,252
2023-04,,민간,민간임대,서울,252
2023-04,,민간,민간임대,인천,0
2023-04,,민간,민간임대,경기,0
2023-04,,민간,민간임대,부산,0
2023-04,,민간,민간임대,대구,0
2023-04,,민간,민간임대,광주,0
2023-04,,민간,민간임대,대전,0
2023-04,,민간,민간임대,울산,0
2023-04,,민간,민간임대,세종,0
2023-04,,민간,민간임대,강원,0
2023-04,,민간,민간임대,충북,0
2023-04,,민간,민간임대,충남,0
2023-04,,민간,민간임대,전북,0
2023-04,,민간,민간임대,전남,0
2023-04,,민간,민간임대,경북,0
2023-04,,민간,민간임대,경남,0
2023-04,,민간,민간임대,제주,0
2023-04,,민간,민간분양,전국,11156
2023-04,,민간,민간분양,서울,1215
2023-04,,민간,민간분양,인천,477
2023-04,,민간,민간분양,경기,3197
2023-04,,민간,민간분양,부산,1138
2023-04,,민간,민간분양,대구,56
2023-04,,민간,민간분양,광주,414
2023-04,,민간,민간분양,대전,81
2023-04,,민간,민간분양,울산,97
2023-04,,민간,민간분양,세종,23
2023-04,,민간,민간분양,강원,267
2023-04,,민간,민간분양,충북,1762
2023-04,,민간,민간분양,충남,268
2023-04,,민간,민간분양,전북,897
2023-04,,민간,민간분양,전남,291
2023-04,,민간,민간분양,경북,287
2023-04,,민간,민간분양,경남,269
2023-04,,민간,민간분양,제주,417
2023-05,,총계,총계,전국,12108
2023-05,,총계,총계,서울,2753
2023-05,,총계,총계,인천,1089
2023-05,,총계,총계,경기,1940
2023-05,,총계,총계,부산,160
2023-05,,총계,총계,대구,40
2023-05,,총계,총계,광주,871
2023-05,,총계,총계,대전,797
2023-05,,총계,총계,울산,28
2023-05,,총계,총계,세종,16
2023-05,,총계,총계,강원,1174
2023-05,,총계,총계,충북,1057
2023-05,,총계,총계,충남,293
2023-05,,총계,총계,전북,689
2023-05,,총계,총계,전남,452
2023-05,,총계,총계,경북,266
2023-05,,총계,총계,경남,281
2023-05,,총계,총계,제주,202
2023-05,,공공부문,소계,전국,0
2023-05,,공공부문,소계,서울,0
2023-05,,공공부문,소계,인천,0
2023-05,,공공부문,소계,경기,0
2023-05,,공공부문,소계,부산,0
2023-05,,공공부문,소계,대구,0
2023-05,,공공부문,소계,광주,0
2023-05,,공공부문,소계,대전,0
2023-05,,공공부문,소계,울산,0
2023-05,,공공부문,소계,세종,0
2023-05,,공공부문,소계,강원,0
2023-05,,공공부문,소계,충북,0
2023-05,,공공부문,소계,충남,0
2023-05,,공공부문,소계,전북,0
2023-05,,공공부문,소계,전남,0
2023-05,,공공부문,소계,경북,0
2023-05,,공공부문,소계,경남,0
2023-05,,공공부문,소계,제주,0
2023-05,,합,국민임대,전국,0
2023-05,,합,국민임대,서울,0
2023-05,,합,국민임대,인천,0
2023-05,,합,국민임대,경기,0
2023-05,,합,국민임대,부산,0
2023-05,,합,국민임대,대구,0
2023-05,,합,국민임대,광주,0
2023-05,,합,국민임대,대전,0
2023-05,,합,국민임대,울산,0
2023-05,,합,국민임대,세종,0
2023-05,,합,국민임대,강원,0
2023-05,,합,국민임대,충북,0
2023-05,,합,국민임대,충남,0
2023-05,,합,국민임대,전북,0
2023-05,,합,국민임대,전남,0
2023-05,,합,국민임대,경북,0
2023-05,,합,국민임대,경남,0
2023-05,,합,국민임대,제주,0
2023-05,,합,공공임대,전국,0
2023-05,,합,공공임대,서울,0
2023-05,,합,공공임대,인천,0
2023-05,,합,공공임대,경기,0
2023-05,,합,공공임대,부산,0
2023-05,,합,공공임대,대구,0
2023-05,,합,공공임대,광주,0
2023-05,,합,공공임대,대전,0
2023-05,,합,공공임대,울산,0
2023-05,,합,공공임대,세종,0
2023-05,,합,공공임대,강원,0
2023-05,,합,공공임대,충북,0
2023-05,,합,공공임대,충남,0
2023-05,,합,공공임대,전북,0
2023-05,,합,공공임대,전남,0
2023-05,,합,공공임대,경북,0
2023-05,,합,공공임대,경남,0
2023-05,,합,공공임대,제주,0
2023-05,,합,공공분양,전국,0
2023-05,,합,공공분양,서울,0
2023-05,,합,공공분양,인천,0
2023-05,,합,공공분양,경기,0
2023-05,,합,공공분양,부산,0
2023-05,,합,공공분양,대구,0
2023-05,,합,공공분양,광주,0
2023-05,,합,공공분양,대전,0
2023-05,,합,공공분양,울산,0
2023-05,,합,공공분양,세종,0
2023-05,,합,공공분양,강원,0
2023-05,,합,공공분양,충북,0
2023-05,,합,공공분양,충남,0
2023-05,,합,공공분양,전북,0
2023-05,,합,공공분양,전남,0
2023-05,,합,공공분양,경북,0
2023-05,,합,공공분양,경남,0
2023-05,,합,공공분양,제주,0
2023-05,,지자체,소계,전국,0
2023-05,,지자체,소계,서울,0
2023-05,,지자체,소계,인천,0
2023-05,,지자체,소계,경기,0
2023-05,,지자체,소계,부산,0
2023-05,,지자체,소계,대구,0
2023-05,,지자체,소계,광주,0
2023-05,,지자체,소계,대전,0
2023-05,,지자체,소계,울산,0
2023-05,,지자체,소계,세종,0
2023-05,,지자체,소계,강원,0
2023-05,,지자체,소계,충북,0
2023-05,,지자체,소계,충남,0
2023-05,,지자체,소계,전북,0
2023-05,,지자체,소계,전남,0
2023-05,,지자체,소계,경북,0
2023-05,,지자체,소계,경남,0
2023-05,,지자체,소계,제주,0
2023-05,,지자체,국민임대,전국,0
2023-05,,지자체,국민임대,서울,0
2023-05,,지자체,국민임대,인천,0
2023-05,,지자체,국민임대,경기,0
2023-05,,지자체,국민임대,부산,0
2023-05,,지자체,국민임대,대구,0
2023-05,,지자체,국민임대,광주,0
2023-05,,지자체,국민임대,대전,0
2023-05,,지자체,국민임대,울산,0
2023-05,,지자체,국민임대,세종,0
2023-05,,지자체,국민임대,강원,0
2023-05,,지자체,국민임대,충북,0
2023-05,,지자체,국민임대,충남,0
2023-05,,지자체,국민임대,전북,0
2023-05,,지자체,국민임대,전남,0
2023-05,,지자체,국민임대,경북,0
2023-05,,지자체,국민임대,경남,0
2023-05,,지자체,국민임대,제주,0
2023-05,,지자체,공공임대,전국,0
2023-05,,지자체,공공임대,서울,0
2023-05,,지자체,공공임대,인천,0
2023-05,,지자체,공공임대,경기,0
2023-05,,지자체,공공임대,부산,0
2023-05,,지자체,공공임대,대구,0
2023-05,,지자체,공공임대,광주,0
2023-05,,지자체,공공임대,대전,0
2023-05,,지자체,공공임대,울산,0
2023-05,,지자체,공공임대,세종,0
2023-05,,지자체,공공임대,강원,0
2023-05,,지자체,공공임대,충북,0
2023-05,,지자체,공공임대,충남,0
2023-05,,지자체,공공임대,전북,0
2023-05,,지자체,공공임대,전남,0
2023-05,,지자체,공공임대,경북,0
2023-05,,지자체,공공임대,경남,0
2023-05,,지자체,공공임대,제주,0
2023-05,,지자체,공공분양,전국,0
2023-05,,지자체,공공분양,서울,0
2023-05,,지자체,공공분양,인천,0
2023-05,,지자체,공공분양,경기,0
2023-05,,지자체,공공분양,부산,0
2023-05,,지자체,공공분양,대구,0
2023-05,,지자체,공공분양,광주,0
2023-05,,지자체,공공분양,대전,0
2023-05,,지자체,공공분양,울산,0
2023-05,,지자체,공공분양,세종,0
2023-05,,지자체,공공분양,강원,0
2023-05,,지자체,공공분양,충북,0
2023-05,,지자체,공공분양,충남,0
2023-05,,지자체,공공분양,전북,0
2023-05,,지자체,공공분양,전남,0
2023-05,,지자체,공공분양,경북,0
2023-05,,지자체,공공분양,경남,0
2023-05,,지자체,공공분양,제주,0
2023-05,,LH,소계,전국,0
2023-05,,LH,소계,서울,0
2023-05,,LH,소계,인천,0
2023-05,,LH,소계,경기,0
2023-05,,LH,소계,부산,0
2023-05,,LH,소계,대구,0
2023-05,,LH,소계,광주,0
2023-05,,LH,소계,대전,0
2023-05,,LH,소계,울산,0
2023-05,,LH,소계,세종,0
2023-05,,LH,소계,강원,0
2023-05,,LH,소계,충북,0
2023-05,,LH,소계,충남,0
2023-05,,LH,소계,전북,0
2023-05,,LH,소계,전남,0
2023-05,,LH,소계,경북,0
2023-05,,LH,소계,경남,0
2023-05,,LH,소계,제주,0
2023-05,,LH,국민임대,전국,0
2023-05,,LH,국민임대,서울,0
2023-05,,LH,국민임대,인천,0
2023-05,,LH,국민임대,경기,0
2023-05,,LH,국민임대,부산,0
2023-05,,LH,국민임대,대구,0
2023-05,,LH,국민임대,광주,0
2023-05,,LH,국민임대,대전,0
2023-05,,LH,국민임대,울산,0
2023-05,,LH,국민임대,세종,0
2023-05,,LH,국민임대,강원,0
2023-05,,LH,국민임대,충북,0
2023-05,,LH,국민임대,충남,0
2023-05,,LH,국민임대,전북,0
2023-05,,LH,국민임대,전남,0
2023-05,,LH,국민임대,경북,0
2023-05,,LH,국민임대,경남,0
2023-05,,LH,국민임대,제주,0
2023-05,,LH,공공임대,전국,0
2023-05,,LH,공공임대,서울,0
2023-05,,LH,공공임대,인천,0
2023-05,,LH,공공임대,경기,0
2023-05,,LH,공공임대,부산,0
2023-05,,LH,공공임대,대구,0
2023-05,,LH,공공임대,광주,0
2023-05,,LH,공공임대,대전,0
2023-05,,LH,공공임대,울산,0
2023-05,,LH,공공임대,세종,0
2023-05,,LH,공공임대,강원,0
2023-05,,LH,공공임대,충북,0
2023-05,,LH,공공임대,충남,0
2023-05,,LH,공공임대,전북,0
2023-05,,LH,공공임대,전남,0
2023-05,,LH,공공임대,경북,0
2023-05,,LH,공공임대,경남,0
2023-05,,LH,공공임대,제주,0
2023-05,,LH,공공분양,전국,0
2023-05,,LH,공공분양,서울,0
2023-05,,LH,공공분양,인천,0
2023-05,,LH,공공분양,경기,0
2023-05,,LH,공공분양,부산,0
2023-05,,LH,공공분양,대구,0
2023-05,,LH,공공분양,광주,0
2023-05,,LH,공공분양,대전,0
2023-05,,LH,공공분양,울산,0
2023-05,,LH,공공분양,세종,0
2023-05,,LH,공공분양,강원,0
2023-05,,LH,공공분양,충북,0
2023-05,,LH,공공분양,충남,0
2023-05,,LH,공공분양,전북,0
2023-05,,LH,공공분양,전남,0
2023-05,,LH,공공분양,경북,0
2023-05,,LH,공공분양,경남,0
2023-05,,LH,공공분양,제주,0
2023-05,,주택업체,소계,전국,0
2023-05,,주택업체,소계,서울,0
2023-05,,주택업체,소계,인천,0
2023-05,,주택업체,소계,경기,0
2023-05,,주택업체,소계,부산,0
2023-05,,주택업체,소계,대구,0
2023-05,,주택업체,소계,광주,0
2023-05,,주택업체,소계,대전,0
2023-05,,주택업체,소계,울산,0
2023-05,,주택업체,소계,세종,0
2023-05,,주택업체,소계,강원,0
2023-05,,주택업체,소계,충북,0
2023-05,,주택업체,소계,충남,0
2023-05,,주택업체,소계,전북,0
2023-05,,주택업체,소계,전남,0
2023-05,,주택업체,소계,경북,0
2023-05,,주택업체,소계,경남,0
2023-05,,주택업체,소계,제주,0
2023-05,,주택업체,국민임대,전국,0
2023-05,,주택업체,국민임대,서울,0
2023-05,,주택업체,국민임대,인천,0
2023-05,,주택업체,국민임대,경기,0
2023-05,,주택업체,국민임대,부산,0
2023-05,,주택업체,국민임대,대구,0
2023-05,,주택업체,국민임대,광주,0
2023-05,,주택업체,국민임대,대전,0
2023-05,,주택업체,국민임대,울산,0
2023-05,,주택업체,국민임대,세종,0
2023-05,,주택업체,국민임대,강원,0
2023-05,,주택업체,국민임대,충북,0
2023-05,,주택업체,국민임대,충남,0
2023-05,,주택업체,국민임대,전북,0
2023-05,,주택업체,국민임대,전남,0
2023-05,,주택업체,국민임대,경북,0
2023-05,,주택업체,국민임대,경남,0
2023-05,,주택업체,국민임대,제주,0
2023-05,,주택업체,공공임대,전국,0
2023-05,,주택업체,공공임대,서울,0
2023-05,,주택업체,공공임대,인천,0
2023-05,,주택업체,공공임대,경기,0
2023-05,,주택업체,공공임대,부산,0
2023-05,,주택업체,공공임대,대구,0
2023-05,,주택업체,공공임대,광주,0
2023-05,,주택업체,공공임대,대전,0
2023-05,,주택업체,공공임대,울산,0
2023-05,,주택업체,공공임대,세종,0
2023-05,,주택업체,공공임대,강원,0
2023-05,,주택업체,공공임대,충북,0
2023-05,,주택업체,공공임대,충남,0
2023-05,,주택업체,공공임대,전북,0
2023-05,,주택업체,공공임대,전남,0
2023-05,,주택업체,공공임대,경북,0
2023-05,,주택업체,공공임대,경남,0
2023-05,,주택업체,공공임대,제주,0
2023-05,,주택업체,공공분양,전국,0
2023-05,,주택업체,공공분양,서울,0
2023-05,,주택업체,공공분양,인천,0
2023-05,,주택업체,공공분양,경기,0
2023-05,,주택업체,공공분양,부산,0
2023-05,,주택업체,공공분양,대구,0
2023-05,,주택업체,공공분양,광주,0
2023-05,,주택업체,공공분양,대전,0
2023-05,,주택업체,공공분양,울산,0
2023-05,,주택업체,공공분양,세종,0
2023-05,,주택업체,공공분양,강원,0
2023-05,,주택업체,공공분양,충북,0
2023-05,,주택업체,공공분양,충남,0
2023-05,,주택업체,공공분양,전북,0
2023-05,,주택업체,공공분양,전남,0
2023-05,,주택업체,공공분양,경북,0
2023-05,,주택업체,공공분양,경남,0
2023-05,,주택업체,공공분양,제주,0
2023-05,,민간부문,소계,전국,12108
2023-05,,민간부문,소계,서울,2753
2023-05,,민간부문,소계,인천,1089
2023-05,,민간부문,소계,경기,1940
2023-05,,민간부문,소계,부산,160
2023-05,,민간부문,소계,대구,40
2023-05,,민간부문,소계,광주,871
2023-05,,민간부문,소계,대전,797
2023-05,,민간부문,소계,울산,28
2023-05,,민간부문,소계,세종,16
2023-05,,민간부문,소계,강원,1174
2023-05,,민간부문,소계,충북,1057
2023-05,,민간부문,소계,충남,293
2023-05,,민간부문,소계,전북,689
2023-05,,민간부문,소계,전남,452
2023-05,,민간부문,소계,경북,266
2023-05,,민간부문,소계,경남,281
2023-05,,민간부문,소계,제주,202
2023-05,,민간,민간임대,전국,1703
2023-05,,민간,민간임대,서울,1595
2023-05,,민간,민간임대,인천,0
2023-05,,민간,민간임대,경기,0
2023-05,,민간,민간임대,부산,0
2023-05,,민간,민간임대,대구,0
2023-05,,민간,민간임대,광주,0
2023-05,,민간,민간임대,대전,0
2023-05,,민간,민간임대,울산,0
2023-05,,민간,민간임대,세종,0
2023-05,,민간,민간임대,강원,0
2023-05,,민간,민간임대,충북,0
2023-05,,민간,민간임대,충남,0
2023-05,,민간,민간임대,전북,0
2023-05,,민간,민간임대,전남,108
2023-05,,민간,민간임대,경북,0
2023-05,,민간,민간임대,경남,0
2023-05,,민간,민간임대,제주,0
2023-05,,민간,민간분양,전국,10405
2023-05,,민간,민간분양,서울,1158
2023-05,,민간,민간분양,인천,1089
2023-05,,민간,민간분양,경기,1940
2023-05,,민간,민간분양,부산,160
2023-05,,민간,민간분양,대구,40
2023-05,,민간,민간분양,광주,871
2023-05,,민간,민간분양,대전,797
2023-05,,민간,민간분양,울산,28
2023-05,,민간,민간분양,세종,16
2023-05,,민간,민간분양,강원,1174
2023-05,,민간,민간분양,충북,1057
2023-05,,민간,민간분양,충남,293
2023-05,,민간,민간분양,전북,689
2023-05,,민간,민간분양,전남,344
2023-05,,민간,민간분양,경북,266
2023-05,,민간,민간분양,경남,281
2023-05,,민간,민간분양,제주,202
2023-06,,총계,총계,전국,16249
2023-06,,총계,총계,서울,993
2023-06,,총계,총계,인천,1482
2023-06,,총계,총계,경기,5442
2023-06,,총계,총계,부산,409
2023-06,,총계,총계,대구,614
2023-06,,총계,총계,광주,162
2023-06,,총계,총계,대전,20
2023-06,,총계,총계,울산,34
2023-06,,총계,총계,세종,32
2023-06,,총계,총계,강원,2392
2023-06,,총계,총계,충북,1546
2023-06,,총계,총계,충남,1249
2023-06,,총계,총계,전북,201
2023-06,,총계,총계,전남,501
2023-06,,총계,총계,경북,292
2023-06,,총계,총계,경남,236
2023-06,,총계,총계,제주,644
2023-06,,공공부문,소계,전국,41
2023-06,,공공부문,소계,서울,40
2023-06,,공공부문,소계,인천,0
2023-06,,공공부문,소계,경기,0
2023-06,,공공부문,소계,부산,0
2023-06,,공공부문,소계,대구,1
2023-06,,공공부문,소계,광주,0
2023-06,,공공부문,소계,대전,0
2023-06,,공공부문,소계,울산,0
2023-06,,공공부문,소계,세종,0
2023-06,,공공부문,소계,강원,0
2023-06,,공공부문,소계,충북,0
2023-06,,공공부문,소계,충남,0
2023-06,,공공부문,소계,전북,0
2023-06,,공공부문,소계,전남,0
2023-06,,공공부문,소계,경북,0
2023-06,,공공부문,소계,경남,0
2023-06,,공공부문,소계,제주,0
2023-06,,합,국민임대,전국,1
2023-06,,합,국민임대,서울,0
2023-06,,합,국민임대,인천,0
2023-06,,합,국민임대,경기,0
2023-06,,합,국민임대,부산,0
2023-06,,합,국민임대,대구,1
2023-06,,합,국민임대,광주,0
2023-06,,합,국민임대,대전,0
2023-06,,합,국민임대,울산,0
2023-06,,합,국민임대,세종,0
2023-06,,합,국민임대,강원,0
2023-06,,합,국민임대,충북,0
2023-06,,합,국민임대,충남,0
2023-06,,합,국민임대,전북,0
2023-06,,합,국민임대,전남,0
2023-06,,합,국민임대,경북,0
2023-06,,합,국민임대,경남,0
2023-06,,합,국민임대,제주,0
2023-06,,합,공공임대,전국,40
2023-06,,합,공공임대,서울,40
2023-06,,합,공공임대,인천,0
2023-06,,합,공공임대,경기,0
2023-06,,합,공공임대,부산,0
2023-06,,합,공공임대,대구,0
2023-06,,합,공공임대,광주,0
2023-06,,합,공공임대,대전,0
2023-06,,합,공공임대,울산,0
2023-06,,합,공공임대,세종,0
2023-06,,합,공공임대,강원,0
2023-06,,합,공공임대,충북,0
2023-06,,합,공공임대,충남,0
2023-06,,합,공공임대,전북,0
2023-06,,합,공공임대,전남,0
2023-06,,합,공공임대,경북,0
2023-06,,합,공공임대,경남,0
2023-06,,합,공공임대,제주,0
2023-06,,합,공공분양,전국,0
2023-06,,합,공공분양,서울,0
2023-06,,합,공공분양,인천,0
2023-06,,합,공공분양,경기,0
2023-06,,합,공공분양,부산,0
2023-06,,합,공공분양,대구,0
2023-06,,합,공공분양,광주,0
2023-06,,합,공공분양,대전,0
2023-06,,합,공공분양,울산,0
2023-06,,합,공공분양,세종,0
2023-06,,합,공공분양,강원,0
2023-06,,합,공공분양,충북,0
2023-06,,합,공공분양,충남,0
2023-06,,합,공공분양,전북,0
2023-06,,합,공공분양,전남,0
2023-06,,합,공공분양,경북,0
2023-06,,합,공공분양,경남,0
2023-06,,합,공공분양,제주,0
2023-06,,지자체,소계,전국,0
2023-06,,지자체,소계,서울,0
2023-06,,지자체,소계,인천,0
2023-06,,지자체,소계,경기,0
2023-06,,지자체,소계,부산,0
2023-06,,지자체,소계,대구,0
2023-06,,지자체,소계,광주,0
2023-06,,지자체,소계,대전,0
2023-06,,지자체,소계,울산,0
2023-06,,지자체,소계,세종,0
2023-06,,지자체,소계,강원,0
2023-06,,지자체,소계,충북,0
2023-06,,지자체,소계,충남,0
2023-06,,지자체,소계,전북,0
2023-06,,지자체,소계,전남,0
2023-06,,지자체,소계,경북,0
2023-06,,지자체,소계,경남,0
2023-06,,지자체,소계,제주,0
2023-06,,지자체,국민임대,전국,0
2023-06,,지자체,국민임대,서울,0
2023-06,,지자체,국민임대,인천,0
2023-06,,지자체,국민임대,경기,0
2023-06,,지자체,국민임대,부산,0
2023-06,,지자체,국민임대,대구,0
2023-06,,지자체,국민임대,광주,0
2023-06,,지자체,국민임대,대전,0
2023-06,,지자체,국민임대,울산,0
2023-06,,지자체,국민임대,세종,0
2023-06,,지자체,국민임대,강원,0
2023-06,,지자체,국민임대,충북,0
2023-06,,지자체,국민임대,충남,0
2023-06,,지자체,국민임대,전북,0
2023-06,,지자체,국민임대,전남,0
2023-06,,지자체,국민임대,경북,0
2023-06,,지자체,국민임대,경남,0
2023-06,,지자체,국민임대,제주,0
2023-06,,지자체,공공임대,전국,0
2023-06,,지자체,공공임대,서울,0
2023-06,,지자체,공공임대,인천,0
2023-06,,지자체,공공임대,경기,0
2023-06,,지자체,공공임대,부산,0
2023-06,,지자체,공공임대,대구,0
2023-06,,지자체,공공임대,광주,0
2023-06,,지자체,공공임대,대전,0
2023-06,,지자체,공공임대,울산,0
2023-06,,지자체,공공임대,세종,0
2023-06,,지자체,공공임대,강원,0
2023-06,,지자체,공공임대,충북,0
2023-06,,지자체,공공임대,충남,0
2023-06,,지자체,공공임대,전북,0
2023-06,,지자체,공공임대,전남,0
2023-06,,지자체,공공임대,경북,0
2023-06,,지자체,공공임대,경남,0
2023-06,,지자체,공공임대,제주,0
2023-06,,지자체,공공분양,전국,0
2023-06,,지자체,공공분양,서울,0
2023-06,,지자체,공공분양,인천,0
2023-06,,지자체,공공분양,경기,0
2023-06,,지자체,공공분양,부산,0
2023-06,,지자체,공공분양,대구,0
2023-06,,지자체,공공분양,광주,0
2023-06,,지자체,공공분양,대전,0
2023-06,,지자체,공공분양,울산,0
2023-06,,지자체,공공분양,세종,0
2023-06,,지자체,공공분양,강원,0
2023-06,,지자체,공공분양,충북,0
2023-06,,지자체,공공분양,충남,0
2023-06,,지자체,공공분양,전북,0
2023-06,,지자체,공공분양,전남,0
2023-06,,지자체,공공분양,경북,0
2023-06,,지자체,공공분양,경남,0
2023-06,,지자체,공공분양,제주,0
2023-06,,LH,소계,전국,0
2023-06,,LH,소계,서울,0
2023-06,,LH,소계,인천,0
2023-06,,LH,소계,경기,0
2023-06,,LH,소계,부산,0
2023-06,,LH,소계,대구,0
2023-06,,LH,소계,광주,0
2023-06,,LH,소계,대전,0
2023-06,,LH,소계,울산,0
2023-06,,LH,소계,세종,0
2023-06,,LH,소계,강원,0
2023-06,,LH,소계,충북,0
2023-06,,LH,소계,충남,0
2023-06,,LH,소계,전북,0
2023-06,,LH,소계,전남,0
2023-06,,LH,소계,경북,0
2023-06,,LH,소계,경남,0
2023-06,,LH,소계,제주,0
2023-06,,LH,국민임대,전국,0
2023-06,,LH,국민임대,서울,0
2023-06,,LH,국민임대,인천,0
2023-06,,LH,국민임대,경기,0
2023-06,,LH,국민임대,부산,0
2023-06,,LH,국민임대,대구,0
2023-06,,LH,국민임대,광주,0
2023-06,,LH,국민임대,대전,0
2023-06,,LH,국민임대,울산,0
2023-06,,LH,국민임대,세종,0
2023-06,,LH,국민임대,강원,0
2023-06,,LH,국민임대,충북,0
2023-06,,LH,국민임대,충남,0
2023-06,,LH,국민임대,전북,0
2023-06,,LH,국민임대,전남,0
2023-06,,LH,국민임대,경북,0
2023-06,,LH,국민임대,경남,0
2023-06,,LH,국민임대,제주,0
2023-06,,LH,공공임대,전국,0
2023-06,,LH,공공임대,서울,0
2023-06,,LH,공공임대,인천,0
2023-06,,LH,공공임대,경기,0
2023-06,,LH,공공임대,부산,0
2023-06,,LH,공공임대,대구,0
2023-06,,LH,공공임대,광주,0
2023-06,,LH,공공임대,대전,0
2023-06,,LH,공공임대,울산,0
2023-06,,LH,공공임대,세종,0
2023-06,,LH,공공임대,강원,0
2023-06,,LH,공공임대,충북,0
2023-06,,LH,공공임대,충남,0
2023-06,,LH,공공임대,전북,0
2023-06,,LH,공공임대,전남,0
2023-06,,LH,공공임대,경북,0
2023-06,,LH,공공임대,경남,0
2023-06,,LH,공공임대,제주,0
2023-06,,LH,공공분양,전국,0
2023-06,,LH,공공분양,서울,0
2023-06,,LH,공공분양,인천,0
2023-06,,LH,공공분양,경기,0
2023-06,,LH,공공분양,부산,0
2023-06,,LH,공공분양,대구,0
2023-06,,LH,공공분양,광주,0
2023-06,,LH,공공분양,대전,0
2023-06,,LH,공공분양,울산,0
2023-06,,LH,공공분양,세종,0
2023-06,,LH,공공분양,강원,0
2023-06,,LH,공공분양,충북,0
2023-06,,LH,공공분양,충남,0
2023-06,,LH,공공분양,전북,0
2023-06,,LH,공공분양,전남,0
2023-06,,LH,공공분양,경북,0
2023-06,,LH,공공분양,경남,0
2023-06,,LH,공공분양,제주,0
2023-06,,주택업체,소계,전국,41
2023-06,,주택업체,소계,서울,40
2023-06,,주택업체,소계,인천,0
2023-06,,주택업체,소계,경기,0
2023-06,,주택업체,소계,부산,0
2023-06,,주택업체,소계,대구,1
2023-06,,주택업체,소계,광주,0
2023-06,,주택업체,소계,대전,0
2023-06,,주택업체,소계,울산,0
2023-06,,주택업체,소계,세종,0
2023-06,,주택업체,소계,강원,0
2023-06,,주택업체,소계,충북,0
2023-06,,주택업체,소계,충남,0
2023-06,,주택업체,소계,전북,0
2023-06,,주택업체,소계,전남,0
2023-06,,주택업체,소계,경북,0
2023-06,,주택업체,소계,경남,0
2023-06,,주택업체,소계,제주,0
2023-06,,주택업체,국민임대,전국,1
2023-06,,주택업체,국민임대,서울,0
2023-06,,주택업체,국민임대,인천,0
2023-06,,주택업체,국민임대,경기,0
2023-06,,주택업체,국민임대,부산,0
2023-06,,주택업체,국민임대,대구,1
2023-06,,주택업체,국민임대,광주,0
2023-06,,주택업체,국민임대,대전,0
2023-06,,주택업체,국민임대,울산,0
2023-06,,주택업체,국민임대,세종,0
2023-06,,주택업체,국민임대,강원,0
2023-06,,주택업체,국민임대,충북,0
2023-06,,주택업체,국민임대,충남,0
2023-06,,주택업체,국민임대,전북,0
2023-06,,주택업체,국민임대,전남,0
2023-06,,주택업체,국민임대,경북,0
2023-06,,주택업체,국민임대,경남,0
2023-06,,주택업체,국민임대,제주,0
2023-06,,주택업체,공공임대,전국,40
2023-06,,주택업체,공공임대,서울,40
2023-06,,주택업체,공공임대,인천,0
2023-06,,주택업체,공공임대,경기,0
2023-06,,주택업체,공공임대,부산,0
2023-06,,주택업체,공공임대,대구,0
2023-06,,주택업체,공공임대,광주,0
2023-06,,주택업체,공공임대,대전,0
2023-06,,주택업체,공공임대,울산,0
2023-06,,주택업체,공공임대,세종,0
2023-06,,주택업체,공공임대,강원,0
2023-06,,주택업체,공공임대,충북,0
2023-06,,주택업체,공공임대,충남,0
2023-06,,주택업체,공공임대,전북,0
2023-06,,주택업체,공공임대,전남,0
2023-06,,주택업체,공공임대,경북,0
2023-06,,주택업체,공공임대,경남,0
2023-06,,주택업체,공공임대,제주,0
2023-06,,주택업체,공공분양,전국,0
2023-06,,주택업체,공공분양,서울,0
2023-06,,주택업체,공공분양,인천,0
2023-06,,주택업체,공공분양,경기,0
2023-06,,주택업체,공공분양,부산,0
2023-06,,주택업체,공공분양,대구,0
2023-06,,주택업체,공공분양,광주,0
2023-06,,주택업체,공공분양,대전,0
2023-06,,주택업체,공공분양,울산,0
2023-06,,주택업체,공공분양,세종,0
2023-06,,주택업체,공공분양,강원,0
2023-06,,주택업체,공공분양,충북,0
2023-06,,주택업체,공공분양,충남,0
2023-06,,주택업체,공공분양,전북,0
2023-06,,주택업체,공공분양,전남,0
2023-06,,주택업체,공공분양,경북,0
2023-06,,주택업체,공공분양,경남,0
2023-06,,주택업체,공공분양,제주,0
2023-06,,민간부문,소계,전국,16208
2023-06,,민간부문,소계,서울,953
2023-06,,민간부문,소계,인천,1482
2023-06,,민간부문,소계,경기,5442
2023-06,,민간부문,소계,부산,409
2023-06,,민간부문,소계,대구,613
2023-06,,민간부문,소계,광주,162
2023-06,,민간부문,소계,대전,20
2023-06,,민간부문,소계,울산,34
2023-06,,민간부문,소계,세종,32
2023-06,,민간부문,소계,강원,2392
2023-06,,민간부문,소계,충북,1546
2023-06,,민간부문,소계,충남,1249
2023-06,,민간부문,소계,전북,201
2023-06,,민간부문,소계,전남,501
2023-06,,민간부문,소계,경북,292
2023-06,,민간부문,소계,경남,236
2023-06,,민간부문,소계,제주,644
2023-06,,민간,민간임대,전국,1171
2023-06,,민간,민간임대,서울,125
2023-06,,민간,민간임대,인천,0
2023-06,,민간,민간임대,경기,406
2023-06,,민간,민간임대,부산,0
2023-06,,민간,민간임대,대구,0
2023-06,,민간,민간임대,광주,0
2023-06,,민간,민간임대,대전,0
2023-06,,민간,민간임대,울산,0
2023-06,,민간,민간임대,세종,0
2023-06,,민간,민간임대,강원,0
2023-06,,민간,민간임대,충북,414
2023-06,,민간,민간임대,충남,0
2023-06,,민간,민간임대,전북,0
2023-06,,민간,민간임대,전남,226
2023-06,,민간,민간임대,경북,0
2023-06,,민간,민간임대,경남,0
2023-06,,민간,민간임대,제주,0
2023-06,,민간,민간분양,전국,15037
2023-06,,민간,민간분양,서울,828
2023-06,,민간,민간분양,인천,1482
2023-06,,민간,민간분양,경기,5036
2023-06,,민간,민간분양,부산,409
2023-06,,민간,민간분양,대구,613
2023-06,,민간,민간분양,광주,162
2023-06,,민간,민간분양,대전,20
2023-06,,민간,민간분양,울산,34
2023-06,,민간,민간분양,세종,32
2023-06,,민간,민간분양,강원,2392
2023-06,,민간,민간분양,충북,1132
2023-06,,민간,민간분양,충남,1249
2023-06,,민간,민간분양,전북,201
2023-06,,민간,민간분양,전남,275
2023-06,,민간,민간분양,경북,292
2023-06,,민간,민간분양,경남,236
2023-06,,민간,민간분양,제주,644
2023-07,,총계,총계,전국,14128
2023-07,,총계,총계,서울,1645
2023-07,,총계,총계,인천,119
2023-07,,총계,총계,경기,7927
2023-07,,총계,총계,부산,895
2023-07,,총계,총계,대구,12
2023-07,,총계,총계,광주,9
2023-07,,총계,총계,대전,50
2023-07,,총계,총계,울산,22
2023-07,,총계,총계,세종,3
2023-07,,총계,총계,강원,1196
2023-07,,총계,총계,충북,163
2023-07,,총계,총계,충남,191
2023-07,,총계,총계,전북,669
2023-07,,총계,총계,전남,204
2023-07,,총계,총계,경북,320
2023-07,,총계,총계,경남,603
2023-07,,총계,총계,제주,100
2023-07,,공공부문,소계,전국,2178
2023-07,,공공부문,소계,서울,1305
2023-07,,공공부문,소계,인천,0
2023-07,,공공부문,소계,경기,873
2023-07,,공공부문,소계,부산,0
2023-07,,공공부문,소계,대구,0
2023-07,,공공부문,소계,광주,0
2023-07,,공공부문,소계,대전,0
2023-07,,공공부문,소계,울산,0
2023-07,,공공부문,소계,세종,0
2023-07,,공공부문,소계,강원,0
2023-07,,공공부문,소계,충북,0
2023-07,,공공부문,소계,충남,0
2023-07,,공공부문,소계,전북,0
2023-07,,공공부문,소계,전남,0
2023-07,,공공부문,소계,경북,0
2023-07,,공공부문,소계,경남,0
2023-07,,공공부문,소계,제주,0
2023-07,,합,국민임대,전국,438
2023-07,,합,국민임대,서울,0
2023-07,,합,국민임대,인천,0
2023-07,,합,국민임대,경기,438
2023-07,,합,국민임대,부산,0
2023-07,,합,국민임대,대구,0
2023-07,,합,국민임대,광주,0
2023-07,,합,국민임대,대전,0
2023-07,,합,국민임대,울산,0
2023-07,,합,국민임대,세종,0
2023-07,,합,국민임대,강원,0
2023-07,,합,국민임대,충북,0
2023-07,,합,국민임대,충남,0
2023-07,,합,국민임대,전북,0
2023-07,,합,국민임대,전남,0
2023-07,,합,국민임대,경북,0
2023-07,,합,국민임대,경남,0
2023-07,,합,국민임대,제주,0
2023-07,,합,공공임대,전국,435
2023-07,,합,공공임대,서울,0
2023-07,,합,공공임대,인천,0
2023-07,,합,공공임대,경기,435
2023-07,,합,공공임대,부산,0
2023-07,,합,공공임대,대구,0
2023-07,,합,공공임대,광주,0
2023-07,,합,공공임대,대전,0
2023-07,,합,공공임대,울산,0
2023-07,,합,공공임대,세종,0
2023-07,,합,공공임대,강원,0
2023-07,,합,공공임대,충북,0
2023-07,,합,공공임대,충남,0
2023-07,,합,공공임대,전북,0
2023-07,,합,공공임대,전남,0
2023-07,,합,공공임대,경북,0
2023-07,,합,공공임대,경남,0
2023-07,,합,공공임대,제주,0
2023-07,,합,공공분양,전국,1305
2023-07,,합,공공분양,서울,1305
2023-07,,합,공공분양,인천,0
2023-07,,합,공공분양,경기,0
2023-07,,합,공공분양,부산,0
2023-07,,합,공공분양,대구,0
2023-07,,합,공공분양,광주,0
2023-07,,합,공공분양,대전,0
2023-07,,합,공공분양,울산,0
2023-07,,합,공공분양,세종,0
2023-07,,합,공공분양,강원,0
2023-07,,합,공공분양,충북,0
2023-07,,합,공공분양,충남,0
2023-07,,합,공공분양,전북,0
2023-07,,합,공공분양,전남,0
2023-07,,합,공공분양,경북,0
2023-07,,합,공공분양,경남,0
2023-07,,합,공공분양,제주,0
2023-07,,지자체,소계,전국,1305
2023-07,,지자체,소계,서울,1305
2023-07,,지자체,소계,인천,0
2023-07,,지자체,소계,경기,0
2023-07,,지자체,소계,부산,0
2023-07,,지자체,소계,대구,0
2023-07,,지자체,소계,광주,0
2023-07,,지자체,소계,대전,0
2023-07,,지자체,소계,울산,0
2023-07,,지자체,소계,세종,0
2023-07,,지자체,소계,강원,0
2023-07,,지자체,소계,충북,0
2023-07,,지자체,소계,충남,0
2023-07,,지자체,소계,전북,0
2023-07,,지자체,소계,전남,0
2023-07,,지자체,소계,경북,0
2023-07,,지자체,소계,경남,0
2023-07,,지자체,소계,제주,0
2023-07,,지자체,국민임대,전국,0
2023-07,,지자체,국민임대,서울,0
2023-07,,지자체,국민임대,인천,0
2023-07,,지자체,국민임대,경기,0
2023-07,,지자체,국민임대,부산,0
2023-07,,지자체,국민임대,대구,0
2023-07,,지자체,국민임대,광주,0
2023-07,,지자체,국민임대,대전,0
2023-07,,지자체,국민임대,울산,0
2023-07,,지자체,국민임대,세종,0
2023-07,,지자체,국민임대,강원,0
2023-07,,지자체,국민임대,충북,0
2023-07,,지자체,국민임대,충남,0
2023-07,,지자체,국민임대,전북,0
2023-07,,지자체,국민임대,전남,0
2023-07,,지자체,국민임대,경북,0
2023-07,,지자체,국민임대,경남,0
2023-07,,지자체,국민임대,제주,0
2023-07,,지자체,공공임대,전국,0
2023-07,,지자체,공공임대,서울,0
2023-07,,지자체,공공임대,인천,0
2023-07,,지자체,공공임대,경기,0
2023-07,,지자체,공공임대,부산,0
2023-07,,지자체,공공임대,대구,0
2023-07,,지자체,공공임대,광주,0
2023-07,,지자체,공공임대,대전,0
2023-07,,지자체,공공임대,울산,0
2023-07,,지자체,공공임대,세종,0
2023-07,,지자체,공공임대,강원,0
2023-07,,지자체,공공임대,충북,0
2023-07,,지자체,공공임대,충남,0
2023-07,,지자체,공공임대,전북,0
2023-07,,지자체,공공임대,전남,0
2023-07,,지자체,공공임대,경북,0
2023-07,,지자체,공공임대,경남,0
2023-07,,지자체,공공임대,제주,0
2023-07,,지자체,공공분양,전국,1305
2023-07,,지자체,공공분양,서울,1305
2023-07,,지자체,공공분양,인천,0
2023-07,,지자체,공공분양,경기,0
2023-07,,지자체,공공분양,부산,0
2023-07,,지자체,공공분양,대구,0
2023-07,,지자체,공공분양,광주,0
2023-07,,지자체,공공분양,대전,0
2023-07,,지자체,공공분양,울산,0
2023-07,,지자체,공공분양,세종,0
2023-07,,지자체,공공분양,강원,0
2023-07,,지자체,공공분양,충북,0
2023-07,,지자체,공공분양,충남,0
2023-07,,지자체,공공분양,전북,0
2023-07,,지자체,공공분양,전남,0
2023-07,,지자체,공공분양,경북,0
2023-07,,지자체,공공분양,경남,0
2023-07,,지자체,공공분양,제주,0
2023-07,,LH,소계,전국,873
2023-07,,LH,소계,서울,0
2023-07,,LH,소계,인천,0
2023-07,,LH,소계,경기,873
2023-07,,LH,소계,부산,0
2023-07,,LH,소계,대구,0
2023-07,,LH,소계,광주,0
2023-07,,LH,소계,대전,0
2023-07,,LH,소계,울산,0
2023-07,,LH,소계,세종,0
2023-07,,LH,소계,강원,0
2023-07,,LH,소계,충북,0
2023-07,,LH,소계,충남,0
2023-07,,LH,소계,전북,0
2023-07,,LH,소계,전남,0
2023-07,,LH,소계,경북,0
2023-07,,LH,소계,경남,0
2023-07,,LH,소계,제주,0
2023-07,,LH,국민임대,전국,438
2023-07,,LH,국민임대,서울,0
2023-07,,LH,국민임대,인천,0
2023-07,,LH,국민임대,경기,438
2023-07,,LH,국민임대,부산,0
2023-07,,LH,국민임대,대구,0
2023-07,,LH,국민임대,광주,0
2023-07,,LH,국민임대,대전,0
2023-07,,LH,국민임대,울산,0
2023-07,,LH,국민임대,세종,0
2023-07,,LH,국민임대,강원,0
2023-07,,LH,국민임대,충북,0
2023-07,,LH,국민임대,충남,0
2023-07,,LH,국민임대,전북,0
2023-07,,LH,국민임대,전남,0
2023-07,,LH,국민임대,경북,0
2023-07,,LH,국민임대,경남,0
2023-07,,LH,국민임대,제주,0
2023-07,,LH,공공임대,전국,435
2023-07,,LH,공공임대,서울,0
2023-07,,LH,공공임대,인천,0
2023-07,,LH,공공임대,경기,435
2023-07,,LH,공공임대,부산,0
2023-07,,LH,공공임대,대구,0
2023-07,,LH,공공임대,광주,0
2023-07,,LH,공공임대,대전,0
2023-07,,LH,공공임대,울산,0
2023-07,,LH,공공임대,세종,0
2023-07,,LH,공공임대,강원,0
2023-07,,LH,공공임대,충북,0
2023-07,,LH,공공임대,충남,0
2023-07,,LH,공공임대,전북,0
2023-07,,LH,공공임대,전남,0
2023-07,,LH,공공임대,경북,0
2023-07,,LH,공공임대,경남,0
2023-07,,LH,공공임대,제주,0
2023-07,,LH,공공분양,전국,0
2023-07,,LH,공공분양,서울,0
2023-07,,LH,공공분양,인천,0
2023-07,,LH,공공분양,경기,0
2023-07,,LH,공공분양,부산,0
2023-07,,LH,공공분양,대구,0
2023-07,,LH,공공분양,광주,0
2023-07,,LH,공공분양,대전,0
2023-07,,LH,공공분양,울산,0
2023-07,,LH,공공분양,세종,0
2023-07,,LH,공공분양,강원,0
2023-07,,LH,공공분양,충북,0
2023-07,,LH,공공분양,충남,0
2023-07,,LH,공공분양,전북,0
2023-07,,LH,공공분양,전남,0
2023-07,,LH,공공분양,경북,0
2023-07,,LH,공공분양,경남,0
2023-07,,LH,공공분양,제주,0
2023-07,,주택업체,소계,전국,0
2023-07,,주택업체,소계,서울,0
2023-07,,주택업체,소계,인천,0
2023-07,,주택업체,소계,경기,0
2023-07,,주택업체,소계,부산,0
2023-07,,주택업체,소계,대구,0
2023-07,,주택업체,소계,광주,0
2023-07,,주택업체,소계,대전,0
2023-07,,주택업체,소계,울산,0
2023-07,,주택업체,소계,세종,0
2023-07,,주택업체,소계,강원,0
2023-07,,주택업체,소계,충북,0
2023-07,,주택업체,소계,충남,0
2023-07,,주택업체,소계,전북,0
2023-07,,주택업체,소계,전남,0
2023-07,,주택업체,소계,경북,0
2023-07,,주택업체,소계,경남,0
2023-07,,주택업체,소계,제주,0
2023-07,,주택업체,국민임대,전국,0
2023-07,,주택업체,국민임대,서울,0
2023-07,,주택업체,국민임대,인천,0
2023-07,,주택업체,국민임대,경기,0
2023-07,,주택업체,국민임대,부산,0
2023-07,,주택업체,국민임대,대구,0
2023-07,,주택업체,국민임대,광주,0
2023-07,,주택업체,국민임대,대전,0
2023-07,,주택업체,국민임대,울산,0
2023-07,,주택업체,국민임대,세종,0
2023-07,,주택업체,국민임대,강원,0
2023-07,,주택업체,국민임대,충북,0
2023-07,,주택업체,국민임대,충남,0
2023-07,,주택업체,국민임대,전북,0
2023-07,,주택업체,국민임대,전남,0
2023-07,,주택업체,국민임대,경북,0
2023-07,,주택업체,국민임대,경남,0
2023-07,,주택업체,국민임대,제주,0
2023-07,,주택업체,공공임대,전국,0
2023-07,,주택업체,공공임대,서울,0
2023-07,,주택업체,공공임대,인천,0
2023-07,,주택업체,공공임대,경기,0
2023-07,,주택업체,공공임대,부산,0
2023-07,,주택업체,공공임대,대구,0
2023-07,,주택업체,공공임대,광주,0
2023-07,,주택업체,공공임대,대전,0
2023-07,,주택업체,공공임대,울산,0
2023-07,,주택업체,공공임대,세종,0
2023-07,,주택업체,공공임대,강원,0
2023-07,,주택업체,공공임대,충북,0
2023-07,,주택업체,공공임대,충남,0
2023-07,,주택업체,공공임대,전북,0
2023-07,,주택업체,공공임대,전남,0
2023-07,,주택업체,공공임대,경북,0
2023-07,,주택업체,공공임대,경남,0
2023-07,,주택업체,공공임대,제주,0
2023-07,,주택업체,공공분양,전국,0
2023-07,,주택업체,공공분양,서울,0
2023-07,,주택업체,공공분양,인천,0
2023-07,,주택업체,공공분양,경기,0
2023-07,,주택업체,공공분양,부산,0
2023-07,,주택업체,공공분양,대구,0
2023-07,,주택업체,공공분양,광주,0
2023-07,,주택업체,공공분양,대전,0
2023-07,,주택업체,공공분양,울산,0
2023-07,,주택업체,공공분양,세종,0
2023-07,,주택업체,공공분양,강원,0
2023-07,,주택업체,공공분양,충북,0
2023-07,,주택업체,공공분양,충남,0
2023-07,,주택업체,공공분양,전북,0
2023-07,,주택업체,공공분양,전남,0
2023-07,,주택업체,공공분양,경북,0
2023-07,,주택업체,공공분양,경남,0
2023-07,,주택업체,공공분양,제주,0
2023-07,,민간부문,소계,전국,11950
2023-07,,민간부문,소계,서울,340
2023-07,,민간부문,소계,인천,119
2023-07,,민간부문,소계,경기,7054
2023-07,,민간부문,소계,부산,895
2023-07,,민간부문,소계,대구,12
2023-07,,민간부문,소계,광주,9
2023-07,,민간부문,소계,대전,50
2023-07,,민간부문,소계,울산,22
2023-07,,민간부문,소계,세종,3
2023-07,,민간부문,소계,강원,1196
2023-07,,민간부문,소계,충북,163
2023-07,,민간부문,소계,충남,191
2023-07,,민간부문,소계,전북,669
2023-07,,민간부문,소계,전남,204
2023-07,,민간부문,소계,경북,320
2023-07,,민간부문,소계,경남,603
2023-07,,민간부문,소계,제주,100
2023-07,,민간,민간임대,전국,0
2023-07,,민간,민간임대,서울,0
2023-07,,민간,민간임대,인천,0
2023-07,,민간,민간임대,경기,0
2023-07,,민간,민간임대,부산,0
2023-07,,민간,민간임대,대구,0
2023-07,,민간,민간임대,광주,0
2023-07,,민간,민간임대,대전,0
2023-07,,민간,민간임대,울산,0
2023-07,,민간,민간임대,세종,0
2023-07,,민간,민간임대,강원,0
2023-07,,민간,민간임대,충북,0
2023-07,,민간,민간임대,충남,0
2023-07,,민간,민간임대,전북,0
2023-07,,민간,민간임대,전남,0
2023-07,,민간,민간임대,경북,0
2023-07,,민간,민간임대,경남,0
2023-07,,민간,민간임대,제주,0
2023-07,,민간,민간분양,전국,11950
2023-07,,민간,민간분양,서울,340
2023-07,,민간,민간분양,인천,119
2023-07,,민간,민간분양,경기,7054
2023-07,,민간,민간분양,부산,895
2023-07,,민간,민간분양,대구,12
2023-07,,민간,민간분양,광주,9
2023-07,,민간,민간분양,대전,50
2023-07,,민간,민간분양,울산,22
2023-07,,민간,민간분양,세종,3
2023-07,,민간,민간분양,강원,1196
2023-07,,민간,민간분양,충북,163
2023-07,,민간,민간분양,충남,191
2023-07,,민간,민간분양,전북,669
2023-07,,민간,민간분양,전남,204
2023-07,,민간,민간분양,경북,320
2023-07,,민간,민간분양,경남,603
2023-07,,민간,민간분양,제주,100
2023-08,,총계,총계,전국,14564
2023-08,,총계,총계,서울,1631
2023-08,,총계,총계,인천,86
2023-08,,총계,총계,경기,3199
2023-08,,총계,총계,부산,84
2023-08,,총계,총계,대구,17
2023-08,,총계,총계,광주,746
2023-08,,총계,총계,대전,61
2023-08,,총계,총계,울산,18
2023-08,,총계,총계,세종,10
2023-08,,총계,총계,강원,295
2023-08,,총계,총계,충북,199
2023-08,,총계,총계,충남,250
2023-08,,총계,총계,전북,587
2023-08,,총계,총계,전남,4008
2023-08,,총계,총계,경북,2952
2023-08,,총계,총계,경남,202
2023-08,,총계,총계,제주,219
2023-08,,공공부문,소계,전국,46
2023-08,,공공부문,소계,서울,0
2023-08,,공공부문,소계,인천,0
2023-08,,공공부문,소계,경기,0
2023-08,,공공부문,소계,부산,0
2023-08,,공공부문,소계,대구,0
2023-08,,공공부문,소계,광주,0
2023-08,,공공부문,소계,대전,46
2023-08,,공공부문,소계,울산,0
2023-08,,공공부문,소계,세종,0
2023-08,,공공부문,소계,강원,0
2023-08,,공공부문,소계,충북,0
2023-08,,공공부문,소계,충남,0
2023-08,,공공부문,소계,전북,0
2023-08,,공공부문,소계,전남,0
2023-08,,공공부문,소계,경북,0
2023-08,,공공부문,소계,경남,0
2023-08,,공공부문,소계,제주,0
2023-08,,합,국민임대,전국,0
2023-08,,합,국민임대,서울,0
2023-08,,합,국민임대,인천,0
2023-08,,합,국민임대,경기,0
2023-08,,합,국민임대,부산,0
2023-08,,합,국민임대,대구,0
2023-08,,합,국민임대,광주,0
2023-08,,합,국민임대,대전,0
2023-08,,합,국민임대,울산,0
2023-08,,합,국민임대,세종,0
2023-08,,합,국민임대,강원,0
2023-08,,합,국민임대,충북,0
2023-08,,합,국민임대,충남,0
2023-08,,합,국민임대,전북,0
2023-08,,합,국민임대,전남,0
2023-08,,합,국민임대,경북,0
2023-08,,합,국민임대,경남,0
2023-08,,합,국민임대,제주,0
2023-08,,합,공공임대,전국,46
2023-08,,합,공공임대,서울,0
2023-08,,합,공공임대,인천,0
2023-08,,합,공공임대,경기,0
2023-08,,합,공공임대,부산,0
2023-08,,합,공공임대,대구,0
2023-08,,합,공공임대,광주,0
2023-08,,합,공공임대,대전,46
2023-08,,합,공공임대,울산,0
2023-08,,합,공공임대,세종,0
2023-08,,합,공공임대,강원,0
2023-08,,합,공공임대,충북,0
2023-08,,합,공공임대,충남,0
2023-08,,합,공공임대,전북,0
2023-08,,합,공공임대,전남,0
2023-08,,합,공공임대,경북,0
2023-08,,합,공공임대,경남,0
2023-08,,합,공공임대,제주,0
2023-08,,합,공공분양,전국,0
2023-08,,합,공공분양,서울,0
2023-08,,합,공공분양,인천,0
2023-08,,합,공공분양,경기,0
2023-08,,합,공공분양,부산,0
2023-08,,합,공공분양,대구,0
2023-08,,합,공공분양,광주,0
2023-08,,합,공공분양,대전,0
2023-08,,합,공공분양,울산,0
2023-08,,합,공공분양,세종,0
2023-08,,합,공공분양,강원,0
2023-08,,합,공공분양,충북,0
2023-08,,합,공공분양,충남,0
2023-08,,합,공공분양,전북,0
2023-08,,합,공공분양,전남,0
2023-08,,합,공공분양,경북,0
2023-08,,합,공공분양,경남,0
2023-08,,합,공공분양,제주,0
2023-08,,지자체,소계,전국,0
2023-08,,지자체,소계,서울,0
2023-08,,지자체,소계,인천,0
2023-08,,지자체,소계,경기,0
2023-08,,지자체,소계,부산,0
2023-08,,지자체,소계,대구,0
2023-08,,지자체,소계,광주,0
2023-08,,지자체,소계,대전,0
2023-08,,지자체,소계,울산,0
2023-08,,지자체,소계,세종,0
2023-08,,지자체,소계,강원,0
2023-08,,지자체,소계,충북,0
2023-08,,지자체,소계,충남,0
2023-08,,지자체,소계,전북,0
2023-08,,지자체,소계,전남,0
2023-08,,지자체,소계,경북,0
2023-08,,지자체,소계,경남,0
2023-08,,지자체,소계,제주,0
2023-08,,지자체,국민임대,전국,0
2023-08,,지자체,국민임대,서울,0
2023-08,,지자체,국민임대,인천,0
2023-08,,지자체,국민임대,경기,0
2023-08,,지자체,국민임대,부산,0
2023-08,,지자체,국민임대,대구,0
2023-08,,지자체,국민임대,광주,0
2023-08,,지자체,국민임대,대전,0
2023-08,,지자체,국민임대,울산,0
2023-08,,지자체,국민임대,세종,0
2023-08,,지자체,국민임대,강원,0
2023-08,,지자체,국민임대,충북,0
2023-08,,지자체,국민임대,충남,0
2023-08,,지자체,국민임대,전북,0
2023-08,,지자체,국민임대,전남,0
2023-08,,지자체,국민임대,경북,0
2023-08,,지자체,국민임대,경남,0
2023-08,,지자체,국민임대,제주,0
2023-08,,지자체,공공임대,전국,0
2023-08,,지자체,공공임대,서울,0
2023-08,,지자체,공공임대,인천,0
2023-08,,지자체,공공임대,경기,0
2023-08,,지자체,공공임대,부산,0
2023-08,,지자체,공공임대,대구,0
2023-08,,지자체,공공임대,광주,0
2023-08,,지자체,공공임대,대전,0
2023-08,,지자체,공공임대,울산,0
2023-08,,지자체,공공임대,세종,0
2023-08,,지자체,공공임대,강원,0
2023-08,,지자체,공공임대,충북,0
2023-08,,지자체,공공임대,충남,0
2023-08,,지자체,공공임대,전북,0
2023-08,,지자체,공공임대,전남,0
2023-08,,지자체,공공임대,경북,0
2023-08,,지자체,공공임대,경남,0
2023-08,,지자체,공공임대,제주,0
2023-08,,지자체,공공분양,전국,0
2023-08,,지자체,공공분양,서울,0
2023-08,,지자체,공공분양,인천,0
2023-08,,지자체,공공분양,경기,0
2023-08,,지자체,공공분양,부산,0
2023-08,,지자체,공공분양,대구,0
2023-08,,지자체,공공분양,광주,0
2023-08,,지자체,공공분양,대전,0
2023-08,,지자체,공공분양,울산,0
2023-08,,지자체,공공분양,세종,0
2023-08,,지자체,공공분양,강원,0
2023-08,,지자체,공공분양,충북,0
2023-08,,지자체,공공분양,충남,0
2023-08,,지자체,공공분양,전북,0
2023-08,,지자체,공공분양,전남,0
2023-08,,지자체,공공분양,경북,0
2023-08,,지자체,공공분양,경남,0
2023-08,,지자체,공공분양,제주,0
2023-08,,LH,소계,전국,0
2023-08,,LH,소계,서울,0
2023-08,,LH,소계,인천,0
2023-08,,LH,소계,경기,0
2023-08,,LH,소계,부산,0
2023-08,,LH,소계,대구,0
2023-08,,LH,소계,광주,0
2023-08,,LH,소계,대전,0
2023-08,,LH,소계,울산,0
2023-08,,LH,소계,세종,0
2023-08,,LH,소계,강원,0
2023-08,,LH,소계,충북,0
2023-08,,LH,소계,충남,0
2023-08,,LH,소계,전북,0
2023-08,,LH,소계,전남,0
2023-08,,LH,소계,경북,0
2023-08,,LH,소계,경남,0
2023-08,,LH,소계,제주,0
2023-08,,LH,국민임대,전국,0
2023-08,,LH,국민임대,서울,0
2023-08,,LH,국민임대,인천,0
2023-08,,LH,국민임대,경기,0
2023-08,,LH,국민임대,부산,0
2023-08,,LH,국민임대,대구,0
2023-08,,LH,국민임대,광주,0
2023-08,,LH,국민임대,대전,0
2023-08,,LH,국민임대,울산,0
2023-08,,LH,국민임대,세종,0
2023-08,,LH,국민임대,강원,0
2023-08,,LH,국민임대,충북,0
2023-08,,LH,국민임대,충남,0
2023-08,,LH,국민임대,전북,0
2023-08,,LH,국민임대,전남,0
2023-08,,LH,국민임대,경북,0
2023-08,,LH,국민임대,경남,0
2023-08,,LH,국민임대,제주,0
2023-08,,LH,공공임대,전국,0
2023-08,,LH,공공임대,서울,0
2023-08,,LH,공공임대,인천,0
2023-08,,LH,공공임대,경기,0
2023-08,,LH,공공임대,부산,0
2023-08,,LH,공공임대,대구,0
2023-08,,LH,공공임대,광주,0
2023-08,,LH,공공임대,대전,0
2023-08,,LH,공공임대,울산,0
2023-08,,LH,공공임대,세종,0
2023-08,,LH,공공임대,강원,0
2023-08,,LH,공공임대,충북,0
2023-08,,LH,공공임대,충남,0
2023-08,,LH,공공임대,전북,0
2023-08,,LH,공공임대,전남,0
2023-08,,LH,공공임대,경북,0
2023-08,,LH,공공임대,경남,0
2023-08,,LH,공공임대,제주,0
2023-08,,LH,공공분양,전국,0
2023-08,,LH,공공분양,서울,0
2023-08,,LH,공공분양,인천,0
2023-08,,LH,공공분양,경기,0
2023-08,,LH,공공분양,부산,0
2023-08,,LH,공공분양,대구,0
2023-08,,LH,공공분양,광주,0
2023-08,,LH,공공분양,대전,0
2023-08,,LH,공공분양,울산,0
2023-08,,LH,공공분양,세종,0
2023-08,,LH,공공분양,강원,0
2023-08,,LH,공공분양,충북,0
2023-08,,LH,공공분양,충남,0
2023-08,,LH,공공분양,전북,0
2023-08,,LH,공공분양,전남,0
2023-08,,LH,공공분양,경북,0
2023-08,,LH,공공분양,경남,0
2023-08,,LH,공공분양,제주,0
2023-08,,주택업체,소계,전국,46
2023-08,,주택업체,소계,서울,0
2023-08,,주택업체,소계,인천,0
2023-08,,주택업체,소계,경기,0
2023-08,,주택업체,소계,부산,0
2023-08,,주택업체,소계,대구,0
2023-08,,주택업체,소계,광주,0
2023-08,,주택업체,소계,대전,46
2023-08,,주택업체,소계,울산,0
2023-08,,주택업체,소계,세종,0
2023-08,,주택업체,소계,강원,0
2023-08,,주택업체,소계,충북,0
2023-08,,주택업체,소계,충남,0
2023-08,,주택업체,소계,전북,0
2023-08,,주택업체,소계,전남,0
2023-08,,주택업체,소계,경북,0
2023-08,,주택업체,소계,경남,0
2023-08,,주택업체,소계,제주,0
2023-08,,주택업체,국민임대,전국,0
2023-08,,주택업체,국민임대,서울,0
2023-08,,주택업체,국민임대,인천,0
2023-08,,주택업체,국민임대,경기,0
2023-08,,주택업체,국민임대,부산,0
2023-08,,주택업체,국민임대,대구,0
2023-08,,주택업체,국민임대,광주,0
2023-08,,주택업체,국민임대,대전,0
2023-08,,주택업체,국민임대,울산,0
2023-08,,주택업체,국민임대,세종,0
2023-08,,주택업체,국민임대,강원,0
2023-08,,주택업체,국민임대,충북,0
2023-08,,주택업체,국민임대,충남,0
2023-08,,주택업체,국민임대,전북,0
2023-08,,주택업체,국민임대,전남,0
2023-08,,주택업체,국민임대,경북,0
2023-08,,주택업체,국민임대,경남,0
2023-08,,주택업체,국민임대,제주,0
2023-08,,주택업체,공공임대,전국,46
2023-08,,주택업체,공공임대,서울,0
2023-08,,주택업체,공공임대,인천,0
2023-08,,주택업체,공공임대,경기,0
2023-08,,주택업체,공공임대,부산,0
2023-08,,주택업체,공공임대,대구,0
2023-08,,주택업체,공공임대,광주,0
2023-08,,주택업체,공공임대,대전,46
2023-08,,주택업체,공공임대,울산,0
2023-08,,주택업체,공공임대,세종,0
2023-08,,주택업체,공공임대,강원,0
2023-08,,주택업체,공공임대,충북,0
2023-08,,주택업체,공공임대,충남,0
2023-08,,주택업체,공공임대,전북,0
2023-08,,주택업체,공공임대,전남,0
2023-08,,주택업체,공공임대,경북,0
2023-08,,주택업체,공공임대,경남,0
2023-08,,주택업체,공공임대,제주,0
2023-08,,주택업체,공공분양,전국,0
2023-08,,주택업체,공공분양,서울,0
2023-08,,주택업체,공공분양,인천,0
2023-08,,주택업체,공공분양,경기,0
2023-08,,주택업체,공공분양,부산,0
2023-08,,주택업체,공공분양,대구,0
2023-08,,주택업체,공공분양,광주,0
2023-08,,주택업체,공공분양,대전,0
2023-08,,주택업체,공공분양,울산,0
2023-08,,주택업체,공공분양,세종,0
2023-08,,주택업체,공공분양,강원,0
2023-08,,주택업체,공공분양,충북,0
2023-08,,주택업체,공공분양,충남,0
2023-08,,주택업체,공공분양,전북,0
2023-08,,주택업체,공공분양,전남,0
2023-08,,주택업체,공공분양,경북,0
2023-08,,주택업체,공공분양,경남,0
2023-08,,주택업체,공공분양,제주,0
2023-08,,민간부문,소계,전국,14518
2023-08,,민간부문,소계,서울,1631
2023-08,,민간부문,소계,인천,86
2023-08,,민간부문,소계,경기,3199
2023-08,,민간부문,소계,부산,84
2023-08,,민간부문,소계,대구,17
2023-08,,민간부문,소계,광주,746
2023-08,,민간부문,소계,대전,15
2023-08,,민간부문,소계,울산,18
2023-08,,민간부문,소계,세종,10
2023-08,,민간부문,소계,강원,295
2023-08,,민간부문,소계,충북,199
2023-08,,민간부문,소계,충남,250
2023-08,,민간부문,소계,전북,587
2023-08,,민간부문,소계,전남,4008
2023-08,,민간부문,소계,경북,2952
2023-08,,민간부문,소계,경남,202
2023-08,,민간부문,소계,제주,219
2023-08,,민간,민간임대,전국,419
2023-08,,민간,민간임대,서울,0
2023-08,,민간,민간임대,인천,0
2023-08,,민간,민간임대,경기,0
2023-08,,민간,민간임대,부산,0
2023-08,,민간,민간임대,대구,0
2023-08,,민간,민간임대,광주,0
2023-08,,민간,민간임대,대전,0
2023-08,,민간,민간임대,울산,0
2023-08,,민간,민간임대,세종,0
2023-08,,민간,민간임대,강원,0
2023-08,,민간,민간임대,충북,0
2023-08,,민간,민간임대,충남,0
2023-08,,민간,민간임대,전북,0
2023-08,,민간,민간임대,전남,419
2023-08,,민간,민간임대,경북,0
2023-08,,민간,민간임대,경남,0
2023-08,,민간,민간임대,제주,0
2023-08,,민간,민간분양,전국,14099
2023-08,,민간,민간분양,서울,1631
2023-08,,민간,민간분양,인천,86
2023-08,,민간,민간분양,경기,3199
2023-08,,민간,민간분양,부산,84
2023-08,,민간,민간분양,대구,17
2023-08,,민간,민간분양,광주,746
2023-08,,민간,민간분양,대전,15
2023-08,,민간,민간분양,울산,18
2023-08,,민간,민간분양,세종,10
2023-08,,민간,민간분양,강원,295
2023-08,,민간,민간분양,충북,199
2023-08,,민간,민간분양,충남,250
2023-08,,민간,민간분양,전북,587
2023-08,,민간,민간분양,전남,3589
2023-08,,민간,민간분양,경북,2952
2023-08,,민간,민간분양,경남,202
2023-08,,민간,민간분양,제주,219
2023-09,,총계,총계,전국,18637
2023-09,,총계,총계,서울,5065
2023-09,,총계,총계,인천,1478
2023-09,,총계,총계,경기,3504
2023-09,,총계,총계,부산,1090
2023-09,,총계,총계,대구,15
2023-09,,총계,총계,광주,2164
2023-09,,총계,총계,대전,34
2023-09,,총계,총계,울산,30
2023-09,,총계,총계,세종,9
2023-09,,총계,총계,강원,1583
2023-09,,총계,총계,충북,223
2023-09,,총계,총계,충남,674
2023-09,,총계,총계,전북,134
2023-09,,총계,총계,전남,246
2023-09,,총계,총계,경북,1812
2023-09,,총계,총계,경남,434
2023-09,,총계,총계,제주,142
2023-09,,공공부문,소계,전국,252
2023-09,,공공부문,소계,서울,37
2023-09,,공공부문,소계,인천,0
2023-09,,공공부문,소계,경기,0
2023-09,,공공부문,소계,부산,0
2023-09,,공공부문,소계,대구,0
2023-09,,공공부문,소계,광주,0
2023-09,,공공부문,소계,대전,0
2023-09,,공공부문,소계,울산,0
2023-09,,공공부문,소계,세종,0
2023-09,,공공부문,소계,강원,0
2023-09,,공공부문,소계,충북,0
2023-09,,공공부문,소계,충남,0
2023-09,,공공부문,소계,전북,0
2023-09,,공공부문,소계,전남,0
2023-09,,공공부문,소계,경북,200
2023-09,,공공부문,소계,경남,0
2023-09,,공공부문,소계,제주,15
2023-09,,합,국민임대,전국,215
2023-09,,합,국민임대,서울,0
2023-09,,합,국민임대,인천,0
2023-09,,합,국민임대,경기,0
2023-09,,합,국민임대,부산,0
2023-09,,합,국민임대,대구,0
2023-09,,합,국민임대,광주,0
2023-09,,합,국민임대,대전,0
2023-09,,합,국민임대,울산,0
2023-09,,합,국민임대,세종,0
2023-09,,합,국민임대,강원,0
2023-09,,합,국민임대,충북,0
2023-09,,합,국민임대,충남,0
2023-09,,합,국민임대,전북,0
2023-09,,합,국민임대,전남,0
2023-09,,합,국민임대,경북,200
2023-09,,합,국민임대,경남,0
2023-09,,합,국민임대,제주,15
2023-09,,합,공공임대,전국,37
2023-09,,합,공공임대,서울,37
2023-09,,합,공공임대,인천,0
2023-09,,합,공공임대,경기,0
2023-09,,합,공공임대,부산,0
2023-09,,합,공공임대,대구,0
2023-09,,합,공공임대,광주,0
2023-09,,합,공공임대,대전,0
2023-09,,합,공공임대,울산,0
2023-09,,합,공공임대,세종,0
2023-09,,합,공공임대,강원,0
2023-09,,합,공공임대,충북,0
2023-09,,합,공공임대,충남,0
2023-09,,합,공공임대,전북,0
2023-09,,합,공공임대,전남,0
2023-09,,합,공공임대,경북,0
2023-09,,합,공공임대,경남,0
2023-09,,합,공공임대,제주,0
2023-09,,합,공공분양,전국,0
2023-09,,합,공공분양,서울,0
2023-09,,합,공공분양,인천,0
2023-09,,합,공공분양,경기,0
2023-09,,합,공공분양,부산,0
2023-09,,합,공공분양,대구,0
2023-09,,합,공공분양,광주,0
2023-09,,합,공공분양,대전,0
2023-09,,합,공공분양,울산,0
2023-09,,합,공공분양,세종,0
2023-09,,합,공공분양,강원,0
2023-09,,합,공공분양,충북,0
2023-09,,합,공공분양,충남,0
2023-09,,합,공공분양,전북,0
2023-09,,합,공공분양,전남,0
2023-09,,합,공공분양,경북,0
2023-09,,합,공공분양,경남,0
2023-09,,합,공공분양,제주,0
2023-09,,지자체,소계,전국,0
2023-09,,지자체,소계,서울,0
2023-09,,지자체,소계,인천,0
2023-09,,지자체,소계,경기,0
2023-09,,지자체,소계,부산,0
2023-09,,지자체,소계,대구,0
2023-09,,지자체,소계,광주,0
2023-09,,지자체,소계,대전,0
2023-09,,지자체,소계,울산,0
2023-09,,지자체,소계,세종,0
2023-09,,지자체,소계,강원,0
2023-09,,지자체,소계,충북,0
2023-09,,지자체,소계,충남,0
2023-09,,지자체,소계,전북,0
2023-09,,지자체,소계,전남,0
2023-09,,지자체,소계,경북,0
2023-09,,지자체,소계,경남,0
2023-09,,지자체,소계,제주,0
2023-09,,지자체,국민임대,전국,0
2023-09,,지자체,국민임대,서울,0
2023-09,,지자체,국민임대,인천,0
2023-09,,지자체,국민임대,경기,0
2023-09,,지자체,국민임대,부산,0
2023-09,,지자체,국민임대,대구,0
2023-09,,지자체,국민임대,광주,0
2023-09,,지자체,국민임대,대전,0
2023-09,,지자체,국민임대,울산,0
2023-09,,지자체,국민임대,세종,0
2023-09,,지자체,국민임대,강원,0
2023-09,,지자체,국민임대,충북,0
2023-09,,지자체,국민임대,충남,0
2023-09,,지자체,국민임대,전북,0
2023-09,,지자체,국민임대,전남,0
2023-09,,지자체,국민임대,경북,0
2023-09,,지자체,국민임대,경남,0
2023-09,,지자체,국민임대,제주,0
2023-09,,지자체,공공임대,전국,0
2023-09,,지자체,공공임대,서울,0
2023-09,,지자체,공공임대,인천,0
2023-09,,지자체,공공임대,경기,0
2023-09,,지자체,공공임대,부산,0
2023-09,,지자체,공공임대,대구,0
2023-09,,지자체,공공임대,광주,0
2023-09,,지자체,공공임대,대전,0
2023-09,,지자체,공공임대,울산,0
2023-09,,지자체,공공임대,세종,0
2023-09,,지자체,공공임대,강원,0
2023-09,,지자체,공공임대,충북,0
2023-09,,지자체,공공임대,충남,0
2023-09,,지자체,공공임대,전북,0
2023-09,,지자체,공공임대,전남,0
2023-09,,지자체,공공임대,경북,0
2023-09,,지자체,공공임대,경남,0
2023-09,,지자체,공공임대,제주,0
2023-09,,지자체,공공분양,전국,0
2023-09,,지자체,공공분양,서울,0
2023-09,,지자체,공공분양,인천,0
2023-09,,지자체,공공분양,경기,0
2023-09,,지자체,공공분양,부산,0
2023-09,,지자체,공공분양,대구,0
2023-09,,지자체,공공분양,광주,0
2023-09,,지자체,공공분양,대전,0
2023-09,,지자체,공공분양,울산,0
2023-09,,지자체,공공분양,세종,0
2023-09,,지자체,공공분양,강원,0
2023-09,,지자체,공공분양,충북,0
2023-09,,지자체,공공분양,충남,0
2023-09,,지자체,공공분양,전북,0
2023-09,,지자체,공공분양,전남,0
2023-09,,지자체,공공분양,경북,0
2023-09,,지자체,공공분양,경남,0
2023-09,,지자체,공공분양,제주,0
2023-09,,LH,소계,전국,200
2023-09,,LH,소계,서울,0
2023-09,,LH,소계,인천,0
2023-09,,LH,소계,경기,0
2023-09,,LH,소계,부산,0
2023-09,,LH,소계,대구,0
2023-09,,LH,소계,광주,0
2023-09,,LH,소계,대전,0
2023-09,,LH,소계,울산,0
2023-09,,LH,소계,세종,0
2023-09,,LH,소계,강원,0
2023-09,,LH,소계,충북,0
2023-09,,LH,소계,충남,0
2023-09,,LH,소계,전북,0
2023-09,,LH,소계,전남,0
2023-09,,LH,소계,경북,200
2023-09,,LH,소계,경남,0
2023-09,,LH,소계,제주,0
2023-09,,LH,국민임대,전국,200
2023-09,,LH,국민임대,서울,0
2023-09,,LH,국민임대,인천,0
2023-09,,LH,국민임대,경기,0
2023-09,,LH,국민임대,부산,0
2023-09,,LH,국민임대,대구,0
2023-09,,LH,국민임대,광주,0
2023-09,,LH,국민임대,대전,0
2023-09,,LH,국민임대,울산,0
2023-09,,LH,국민임대,세종,0
2023-09,,LH,국민임대,강원,0
2023-09,,LH,국민임대,충북,0
2023-09,,LH,국민임대,충남,0
2023-09,,LH,국민임대,전북,0
2023-09,,LH,국민임대,전남,0
2023-09,,LH,국민임대,경북,200
2023-09,,LH,국민임대,경남,0
2023-09,,LH,국민임대,제주,0
2023-09,,LH,공공임대,전국,0
2023-09,,LH,공공임대,서울,0
2023-09,,LH,공공임대,인천,0
2023-09,,LH,공공임대,경기,0
2023-09,,LH,공공임대,부산,0
2023-09,,LH,공공임대,대구,0
2023-09,,LH,공공임대,광주,0
2023-09,,LH,공공임대,대전,0
2023-09,,LH,공공임대,울산,0
2023-09,,LH,공공임대,세종,0
2023-09,,LH,공공임대,강원,0
2023-09,,LH,공공임대,충북,0
2023-09,,LH,공공임대,충남,0
2023-09,,LH,공공임대,전북,0
2023-09,,LH,공공임대,전남,0
2023-09,,LH,공공임대,경북,0
2023-09,,LH,공공임대,경남,0
2023-09,,LH,공공임대,제주,0
2023-09,,LH,공공분양,전국,0
2023-09,,LH,공공분양,서울,0
2023-09,,LH,공공분양,인천,0
2023-09,,LH,공공분양,경기,0
2023-09,,LH,공공분양,부산,0
2023-09,,LH,공공분양,대구,0
2023-09,,LH,공공분양,광주,0
2023-09,,LH,공공분양,대전,0
2023-09,,LH,공공분양,울산,0
2023-09,,LH,공공분양,세종,0
2023-09,,LH,공공분양,강원,0
2023-09,,LH,공공분양,충북,0
2023-09,,LH,공공분양,충남,0
2023-09,,LH,공공분양,전북,0
2023-09,,LH,공공분양,전남,0
2023-09,,LH,공공분양,경북,0
2023-09,,LH,공공분양,경남,0
2023-09,,LH,공공분양,제주,0
2023-09,,주택업체,소계,전국,52
2023-09,,주택업체,소계,서울,37
2023-09,,주택업체,소계,인천,0
2023-09,,주택업체,소계,경기,0
2023-09,,주택업체,소계,부산,0
2023-09,,주택업체,소계,대구,0
2023-09,,주택업체,소계,광주,0
2023-09,,주택업체,소계,대전,0
2023-09,,주택업체,소계,울산,0
2023-09,,주택업체,소계,세종,0
2023-09,,주택업체,소계,강원,0
2023-09,,주택업체,소계,충북,0
2023-09,,주택업체,소계,충남,0
2023-09,,주택업체,소계,전북,0
2023-09,,주택업체,소계,전남,0
2023-09,,주택업체,소계,경북,0
2023-09,,주택업체,소계,경남,0
2023-09,,주택업체,소계,제주,15
2023-09,,주택업체,국민임대,전국,15
2023-09,,주택업체,국민임대,서울,0
2023-09,,주택업체,국민임대,인천,0
2023-09,,주택업체,국민임대,경기,0
2023-09,,주택업체,국민임대,부산,0
2023-09,,주택업체,국민임대,대구,0
2023-09,,주택업체,국민임대,광주,0
2023-09,,주택업체,국민임대,대전,0
2023-09,,주택업체,국민임대,울산,0
2023-09,,주택업체,국민임대,세종,0
2023-09,,주택업체,국민임대,강원,0
2023-09,,주택업체,국민임대,충북,0
2023-09,,주택업체,국민임대,충남,0
2023-09,,주택업체,국민임대,전북,0
2023-09,,주택업체,국민임대,전남,0
2023-09,,주택업체,국민임대,경북,0
2023-09,,주택업체,국민임대,경남,0
2023-09,,주택업체,국민임대,제주,15
2023-09,,주택업체,공공임대,전국,37
2023-09,,주택업체,공공임대,서울,37
2023-09,,주택업체,공공임대,인천,0
2023-09,,주택업체,공공임대,경기,0
2023-09,,주택업체,공공임대,부산,0
2023-09,,주택업체,공공임대,대구,0
2023-09,,주택업체,공공임대,광주,0
2023-09,,주택업체,공공임대,대전,0
2023-09,,주택업체,공공임대,울산,0
2023-09,,주택업체,공공임대,세종,0
2023-09,,주택업체,공공임대,강원,0
2023-09,,주택업체,공공임대,충북,0
2023-09,,주택업체,공공임대,충남,0
2023-09,,주택업체,공공임대,전북,0
2023-09,,주택업체,공공임대,전남,0
2023-09,,주택업체,공공임대,경북,0
2023-09,,주택업체,공공임대,경남,0
2023-09,,주택업체,공공임대,제주,0
2023-09,,주택업체,공공분양,전국,0
2023-09,,주택업체,공공분양,서울,0
2023-09,,주택업체,공공분양,인천,0
2023-09,,주택업체,공공분양,경기,0
2023-09,,주택업체,공공분양,부산,0
2023-09,,주택업체,공공분양,대구,0
2023-09,,주택업체,공공분양,광주,0
2023-09,,주택업체,공공분양,대전,0
2023-09,,주택업체,공공분양,울산,0
2023-09,,주택업체,공공분양,세종,0
2023-09,,주택업체,공공분양,강원,0
2023-09,,주택업체,공공분양,충북,0
2023-09,,주택업체,공공분양,충남,0
2023-09,,주택업체,공공분양,전북,0
2023-09,,주택업체,공공분양,전남,0
2023-09,,주택업체,공공분양,경북,0
2023-09,,주택업체,공공분양,경남,0
2023-09,,주택업체,공공분양,제주,0
2023-09,,민간부문,소계,전국,18385
2023-09,,민간부문,소계,서울,5028
2023-09,,민간부문,소계,인천,1478
2023-09,,민간부문,소계,경기,3504
2023-09,,민간부문,소계,부산,1090
2023-09,,민간부문,소계,대구,15
2023-09,,민간부문,소계,광주,2164
2023-09,,민간부문,소계,대전,34
2023-09,,민간부문,소계,울산,30
2023-09,,민간부문,소계,세종,9
2023-09,,민간부문,소계,강원,1583
2023-09,,민간부문,소계,충북,223
2023-09,,민간부문,소계,충남,674
2023-09,,민간부문,소계,전북,134
2023-09,,민간부문,소계,전남,246
2023-09,,민간부문,소계,경북,1612
2023-09,,민간부문,소계,경남,434
2023-09,,민간부문,소계,제주,127
2023-09,,민간,민간임대,전국,60
2023-09,,민간,민간임대,서울,0
2023-09,,민간,민간임대,인천,0
2023-09,,민간,민간임대,경기,0
2023-09,,민간,민간임대,부산,0
2023-09,,민간,민간임대,대구,0
2023-09,,민간,민간임대,광주,0
2023-09,,민간,민간임대,대전,0
2023-09,,민간,민간임대,울산,0
2023-09,,민간,민간임대,세종,0
2023-09,,민간,민간임대,강원,0
2023-09,,민간,민간임대,충북,0
2023-09,,민간,민간임대,충남,60
2023-09,,민간,민간임대,전북,0
2023-09,,민간,민간임대,전남,0
2023-09,,민간,민간임대,경북,0
2023-09,,민간,민간임대,경남,0
2023-09,,민간,민간임대,제주,0
2023-09,,민간,민간분양,전국,18325
2023-09,,민간,민간분양,서울,5028
2023-09,,민간,민간분양,인천,1478
2023-09,,민간,민간분양,경기,3504
2023-09,,민간,민간분양,부산,1090
2023-09,,민간,민간분양,대구,15
2023-09,,민간,민간분양,광주,2164
2023-09,,민간,민간분양,대전,34
2023-09,,민간,민간분양,울산,30
2023-09,,민간,민간분양,세종,9
2023-09,,민간,민간분양,강원,1583
2023-09,,민간,민간분양,충북,223
2023-09,,민간,민간분양,충남,614
2023-09,,민간,민간분양,전북,134
2023-09,,민간,민간분양,전남,246
2023-09,,민간,민간분양,경북,1612
2023-09,,민간,민간분양,경남,434
2023-09,,민간,민간분양,제주,127
2023-10,,총계,총계,전국,22739
2023-10,,총계,총계,서울,4350
2023-10,,총계,총계,인천,998
2023-10,,총계,총계,경기,5948
2023-10,,총계,총계,부산,3649
2023-10,,총계,총계,대구,14
2023-10,,총계,총계,광주,491
2023-10,,총계,총계,대전,949
2023-10,,총계,총계,울산,1456
2023-10,,총계,총계,세종,10
2023-10,,총계,총계,강원,875
2023-10,,총계,총계,충북,255
2023-10,,총계,총계,충남,1920
2023-10,,총계,총계,전북,865
2023-10,,총계,총계,전남,317
2023-10,,총계,총계,경북,268
2023-10,,총계,총계,경남,207
2023-10,,총계,총계,제주,167
2023-10,,공공부문,소계,전국,460
2023-10,,공공부문,소계,서울,0
2023-10,,공공부문,소계,인천,0
2023-10,,공공부문,소계,경기,0
2023-10,,공공부문,소계,부산,0
2023-10,,공공부문,소계,대구,0
2023-10,,공공부문,소계,광주,460
2023-10,,공공부문,소계,대전,0
2023-10,,공공부문,소계,울산,0
2023-10,,공공부문,소계,세종,0
2023-10,,공공부문,소계,강원,0
2023-10,,공공부문,소계,충북,0
2023-10,,공공부문,소계,충남,0
2023-10,,공공부문,소계,전북,0
2023-10,,공공부문,소계,전남,0
2023-10,,공공부문,소계,경북,0
2023-10,,공공부문,소계,경남,0
2023-10,,공공부문,소계,제주,0
2023-10,,합,국민임대,전국,0
2023-10,,합,국민임대,서울,0
2023-10,,합,국민임대,인천,0
2023-10,,합,국민임대,경기,0
2023-10,,합,국민임대,부산,0
2023-10,,합,국민임대,대구,0
2023-10,,합,국민임대,광주,0
2023-10,,합,국민임대,대전,0
2023-10,,합,국민임대,울산,0
2023-10,,합,국민임대,세종,0
2023-10,,합,국민임대,강원,0
2023-10,,합,국민임대,충북,0
2023-10,,합,국민임대,충남,0
2023-10,,합,국민임대,전북,0
2023-10,,합,국민임대,전남,0
2023-10,,합,국민임대,경북,0
2023-10,,합,국민임대,경남,0
2023-10,,합,국민임대,제주,0
2023-10,,합,공공임대,전국,460
2023-10,,합,공공임대,서울,0
2023-10,,합,공공임대,인천,0
2023-10,,합,공공임대,경기,0
2023-10,,합,공공임대,부산,0
2023-10,,합,공공임대,대구,0
2023-10,,합,공공임대,광주,460
2023-10,,합,공공임대,대전,0
2023-10,,합,공공임대,울산,0
2023-10,,합,공공임대,세종,0
2023-10,,합,공공임대,강원,0
2023-10,,합,공공임대,충북,0
2023-10,,합,공공임대,충남,0
2023-10,,합,공공임대,전북,0
2023-10,,합,공공임대,전남,0
2023-10,,합,공공임대,경북,0
2023-10,,합,공공임대,경남,0
2023-10,,합,공공임대,제주,0
2023-10,,합,공공분양,전국,0
2023-10,,합,공공분양,서울,0
2023-10,,합,공공분양,인천,0
2023-10,,합,공공분양,경기,0
2023-10,,합,공공분양,부산,0
2023-10,,합,공공분양,대구,0
2023-10,,합,공공분양,광주,0
2023-10,,합,공공분양,대전,0
2023-10,,합,공공분양,울산,0
2023-10,,합,공공분양,세종,0
2023-10,,합,공공분양,강원,0
2023-10,,합,공공분양,충북,0
2023-10,,합,공공분양,충남,0
2023-10,,합,공공분양,전북,0
2023-10,,합,공공분양,전남,0
2023-10,,합,공공분양,경북,0
2023-10,,합,공공분양,경남,0
2023-10,,합,공공분양,제주,0
2023-10,,지자체,소계,전국,460
2023-10,,지자체,소계,서울,0
2023-10,,지자체,소계,인천,0
2023-10,,지자체,소계,경기,0
2023-10,,지자체,소계,부산,0
2023-10,,지자체,소계,대구,0
2023-10,,지자체,소계,광주,460
2023-10,,지자체,소계,대전,0
2023-10,,지자체,소계,울산,0
2023-10,,지자체,소계,세종,0
2023-10,,지자체,소계,강원,0
2023-10,,지자체,소계,충북,0
2023-10,,지자체,소계,충남,0
2023-10,,지자체,소계,전북,0
2023-10,,지자체,소계,전남,0
2023-10,,지자체,소계,경북,0
2023-10,,지자체,소계,경남,0
2023-10,,지자체,소계,제주,0
2023-10,,지자체,국민임대,전국,0
2023-10,,지자체,국민임대,서울,0
2023-10,,지자체,국민임대,인천,0
2023-10,,지자체,국민임대,경기,0
2023-10,,지자체,국민임대,부산,0
2023-10,,지자체,국민임대,대구,0
2023-10,,지자체,국민임대,광주,0
2023-10,,지자체,국민임대,대전,0
2023-10,,지자체,국민임대,울산,0
2023-10,,지자체,국민임대,세종,0
2023-10,,지자체,국민임대,강원,0
2023-10,,지자체,국민임대,충북,0
2023-10,,지자체,국민임대,충남,0
2023-10,,지자체,국민임대,전북,0
2023-10,,지자체,국민임대,전남,0
2023-10,,지자체,국민임대,경북,0
2023-10,,지자체,국민임대,경남,0
2023-10,,지자체,국민임대,제주,0
2023-10,,지자체,공공임대,전국,460
2023-10,,지자체,공공임대,서울,0
2023-10,,지자체,공공임대,인천,0
2023-10,,지자체,공공임대,경기,0
2023-10,,지자체,공공임대,부산,0
2023-10,,지자체,공공임대,대구,0
2023-10,,지자체,공공임대,광주,460
2023-10,,지자체,공공임대,대전,0
2023-10,,지자체,공공임대,울산,0
2023-10,,지자체,공공임대,세종,0
2023-10,,지자체,공공임대,강원,0
2023-10,,지자체,공공임대,충북,0
2023-10,,지자체,공공임대,충남,0
2023-10,,지자체,공공임대,전북,0
2023-10,,지자체,공공임대,전남,0
2023-10,,지자체,공공임대,경북,0
2023-10,,지자체,공공임대,경남,0
2023-10,,지자체,공공임대,제주,0
2023-10,,지자체,공공분양,전국,0
2023-10,,지자체,공공분양,서울,0
2023-10,,지자체,공공분양,인천,0
2023-10,,지자체,공공분양,경기,0
2023-10,,지자체,공공분양,부산,0
2023-10,,지자체,공공분양,대구,0
2023-10,,지자체,공공분양,광주,0
2023-10,,지자체,공공분양,대전,0
2023-10,,지자체,공공분양,울산,0
2023-10,,지자체,공공분양,세종,0
2023-10,,지자체,공공분양,강원,0
2023-10,,지자체,공공분양,충북,0
2023-10,,지자체,공공분양,충남,0
2023-10,,지자체,공공분양,전북,0
2023-10,,지자체,공공분양,전남,0
2023-10,,지자체,공공분양,경북,0
2023-10,,지자체,공공분양,경남,0
2023-10,,지자체,공공분양,제주,0
2023-10,,LH,소계,전국,0
2023-10,,LH,소계,서울,0
2023-10,,LH,소계,인천,0
2023-10,,LH,소계,경기,0
2023-10,,LH,소계,부산,0
2023-10,,LH,소계,대구,0
2023-10,,LH,소계,광주,0
2023-10,,LH,소계,대전,0
2023-10,,LH,소계,울산,0
2023-10,,LH,소계,세종,0
2023-10,,LH,소계,강원,0
2023-10,,LH,소계,충북,0
2023-10,,LH,소계,충남,0
2023-10,,LH,소계,전북,0
2023-10,,LH,소계,전남,0
2023-10,,LH,소계,경북,0
2023-10,,LH,소계,경남,0
2023-10,,LH,소계,제주,0
2023-10,,LH,국민임대,전국,0
2023-10,,LH,국민임대,서울,0
2023-10,,LH,국민임대,인천,0
2023-10,,LH,국민임대,경기,0
2023-10,,LH,국민임대,부산,0
2023-10,,LH,국민임대,대구,0
2023-10,,LH,국민임대,광주,0
2023-10,,LH,국민임대,대전,0
2023-10,,LH,국민임대,울산,0
2023-10,,LH,국민임대,세종,0
2023-10,,LH,국민임대,강원,0
2023-10,,LH,국민임대,충북,0
2023-10,,LH,국민임대,충남,0
2023-10,,LH,국민임대,전북,0
2023-10,,LH,국민임대,전남,0
2023-10,,LH,국민임대,경북,0
2023-10,,LH,국민임대,경남,0
2023-10,,LH,국민임대,제주,0
2023-10,,LH,공공임대,전국,0
2023-10,,LH,공공임대,서울,0
2023-10,,LH,공공임대,인천,0
2023-10,,LH,공공임대,경기,0
2023-10,,LH,공공임대,부산,0
2023-10,,LH,공공임대,대구,0
2023-10,,LH,공공임대,광주,0
2023-10,,LH,공공임대,대전,0
2023-10,,LH,공공임대,울산,0
2023-10,,LH,공공임대,세종,0
2023-10,,LH,공공임대,강원,0
2023-10,,LH,공공임대,충북,0
2023-10,,LH,공공임대,충남,0
2023-10,,LH,공공임대,전북,0
2023-10,,LH,공공임대,전남,0
2023-10,,LH,공공임대,경북,0
2023-10,,LH,공공임대,경남,0
2023-10,,LH,공공임대,제주,0
2023-10,,LH,공공분양,전국,0
2023-10,,LH,공공분양,서울,0
2023-10,,LH,공공분양,인천,0
2023-10,,LH,공공분양,경기,0
2023-10,,LH,공공분양,부산,0
2023-10,,LH,공공분양,대구,0
2023-10,,LH,공공분양,광주,0
2023-10,,LH,공공분양,대전,0
2023-10,,LH,공공분양,울산,0
2023-10,,LH,공공분양,세종,0
2023-10,,LH,공공분양,강원,0
2023-10,,LH,공공분양,충북,0
2023-10,,LH,공공분양,충남,0
2023-10,,LH,공공분양,전북,0
2023-10,,LH,공공분양,전남,0
2023-10,,LH,공공분양,경북,0
2023-10,,LH,공공분양,경남,0
2023-10,,LH,공공분양,제주,0
2023-10,,주택업체,소계,전국,0
2023-10,,주택업체,소계,서울,0
2023-10,,주택업체,소계,인천,0
2023-10,,주택업체,소계,경기,0
2023-10,,주택업체,소계,부산,0
2023-10,,주택업체,소계,대구,0
2023-10,,주택업체,소계,광주,0
2023-10,,주택업체,소계,대전,0
2023-10,,주택업체,소계,울산,0
2023-10,,주택업체,소계,세종,0
2023-10,,주택업체,소계,강원,0
2023-10,,주택업체,소계,충북,0
2023-10,,주택업체,소계,충남,0
2023-10,,주택업체,소계,전북,0
2023-10,,주택업체,소계,전남,0
2023-10,,주택업체,소계,경북,0
2023-10,,주택업체,소계,경남,0
2023-10,,주택업체,소계,제주,0
2023-10,,주택업체,국민임대,전국,0
2023-10,,주택업체,국민임대,서울,0
2023-10,,주택업체,국민임대,인천,0
2023-10,,주택업체,국민임대,경기,0
2023-10,,주택업체,국민임대,부산,0
2023-10,,주택업체,국민임대,대구,0
2023-10,,주택업체,국민임대,광주,0
2023-10,,주택업체,국민임대,대전,0
2023-10,,주택업체,국민임대,울산,0
2023-10,,주택업체,국민임대,세종,0
2023-10,,주택업체,국민임대,강원,0
2023-10,,주택업체,국민임대,충북,0
2023-10,,주택업체,국민임대,충남,0
2023-10,,주택업체,국민임대,전북,0
2023-10,,주택업체,국민임대,전남,0
2023-10,,주택업체,국민임대,경북,0
2023-10,,주택업체,국민임대,경남,0
2023-10,,주택업체,국민임대,제주,0
2023-10,,주택업체,공공임대,전국,0
2023-10,,주택업체,공공임대,서울,0
2023-10,,주택업체,공공임대,인천,0
2023-10,,주택업체,공공임대,경기,0
2023-10,,주택업체,공공임대,부산,0
2023-10,,주택업체,공공임대,대구,0
2023-10,,주택업체,공공임대,광주,0
2023-10,,주택업체,공공임대,대전,0
2023-10,,주택업체,공공임대,울산,0
2023-10,,주택업체,공공임대,세종,0
2023-10,,주택업체,공공임대,강원,0
2023-10,,주택업체,공공임대,충북,0
2023-10,,주택업체,공공임대,충남,0
2023-10,,주택업체,공공임대,전북,0
2023-10,,주택업체,공공임대,전남,0
2023-10,,주택업체,공공임대,경북,0
2023-10,,주택업체,공공임대,경남,0
2023-10,,주택업체,공공임대,제주,0
2023-10,,주택업체,공공분양,전국,0
2023-10,,주택업체,공공분양,서울,0
2023-10,,주택업체,공공분양,인천,0
2023-10,,주택업체,공공분양,경기,0
2023-10,,주택업체,공공분양,부산,0
2023-10,,주택업체,공공분양,대구,0
2023-10,,주택업체,공공분양,광주,0
2023-10,,주택업체,공공분양,대전,0
2023-10,,주택업체,공공분양,울산,0
2023-10,,주택업체,공공분양,세종,0
2023-10,,주택업체,공공분양,강원,0
2023-10,,주택업체,공공분양,충북,0
2023-10,,주택업체,공공분양,충남,0
2023-10,,주택업체,공공분양,전북,0
2023-10,,주택업체,공공분양,전남,0
2023-10,,주택업체,공공분양,경북,0
2023-10,,주택업체,공공분양,경남,0
2023-10,,주택업체,공공분양,제주,0
2023-10,,민간부문,소계,전국,22279
2023-10,,민간부문,소계,서울,4350
2023-10,,민간부문,소계,인천,998
2023-10,,민간부문,소계,경기,5948
2023-10,,민간부문,소계,부산,3649
2023-10,,민간부문,소계,대구,14
2023-10,,민간부문,소계,광주,31
2023-10,,민간부문,소계,대전,949
2023-10,,민간부문,소계,울산,1456
2023-10,,민간부문,소계,세종,10
2023-10,,민간부문,소계,강원,875
2023-10,,민간부문,소계,충북,255
2023-10,,민간부문,소계,충남,1920
2023-10,,민간부문,소계,전북,865
2023-10,,민간부문,소계,전남,317
2023-10,,민간부문,소계,경북,268
2023-10,,민간부문,소계,경남,207
2023-10,,민간부문,소계,제주,167
2023-10,,민간,민간임대,전국,525
2023-10,,민간,민간임대,서울,381
2023-10,,민간,민간임대,인천,80
2023-10,,민간,민간임대,경기,0
2023-10,,민간,민간임대,부산,0
2023-10,,민간,민간임대,대구,0
2023-10,,민간,민간임대,광주,0
2023-10,,민간,민간임대,대전,0
2023-10,,민간,민간임대,울산,0
2023-10,,민간,민간임대,세종,0
2023-10,,민간,민간임대,강원,0
2023-10,,민간,민간임대,충북,0
2023-10,,민간,민간임대,충남,0
2023-10,,민간,민간임대,전북,0
2023-10,,민간,민간임대,전남,0
2023-10,,민간,민간임대,경북,0
2023-10,,민간,민간임대,경남,0
2023-10,,민간,민간임대,제주,64
2023-10,,민간,민간분양,전국,21754
2023-10,,민간,민간분양,서울,3969
2023-10,,민간,민간분양,인천,918
2023-10,,민간,민간분양,경기,5948
2023-10,,민간,민간분양,부산,3649
2023-10,,민간,민간분양,대구,14
2023-10,,민간,민간분양,광주,31
2023-10,,민간,민간분양,대전,949
2023-10,,민간,민간분양,울산,1456
2023-10,,민간,민간분양,세종,10
2023-10,,민간,민간분양,강원,875
2023-10,,민간,민간분양,충북,255
2023-10,,민간,민간분양,충남,1920
2023-10,,민간,민간분양,전북,865
2023-10,,민간,민간분양,전남,317
2023-10,,민간,민간분양,경북,268
2023-10,,민간,민간분양,경남,207
2023-10,,민간,민간분양,제주,103
2023-11,,총계,총계,전국,35627
2023-11,,총계,총계,서울,6288
2023-11,,총계,총계,인천,4368
2023-11,,총계,총계,경기,7970
2023-11,,총계,총계,부산,1113
2023-11,,총계,총계,대구,20
2023-11,,총계,총계,광주,17
2023-11,,총계,총계,대전,855
2023-11,,총계,총계,울산,566
2023-11,,총계,총계,세종,7
2023-11,,총계,총계,강원,831
2023-11,,총계,총계,충북,2422
2023-11,,총계,총계,충남,3989
2023-11,,총계,총계,전북,2312
2023-11,,총계,총계,전남,419
2023-11,,총계,총계,경북,1961
2023-11,,총계,총계,경남,2084
2023-11,,총계,총계,제주,405
2023-11,,공공부문,소계,전국,2109
2023-11,,공공부문,소계,서울,651
2023-11,,공공부문,소계,인천,1458
2023-11,,공공부문,소계,경기,0
2023-11,,공공부문,소계,부산,0
2023-11,,공공부문,소계,대구,0
2023-11,,공공부문,소계,광주,0
2023-11,,공공부문,소계,대전,0
2023-11,,공공부문,소계,울산,0
2023-11,,공공부문,소계,세종,0
2023-11,,공공부문,소계,강원,0
2023-11,,공공부문,소계,충북,0
2023-11,,공공부문,소계,충남,0
2023-11,,공공부문,소계,전북,0
2023-11,,공공부문,소계,전남,0
2023-11,,공공부문,소계,경북,0
2023-11,,공공부문,소계,경남,0
2023-11,,공공부문,소계,제주,0
2023-11,,합,국민임대,전국,0
2023-11,,합,국민임대,서울,0
2023-11,,합,국민임대,인천,0
2023-11,,합,국민임대,경기,0
2023-11,,합,국민임대,부산,0
2023-11,,합,국민임대,대구,0
2023-11,,합,국민임대,광주,0
2023-11,,합,국민임대,대전,0
2023-11,,합,국민임대,울산,0
2023-11,,합,국민임대,세종,0
2023-11,,합,국민임대,강원,0
2023-11,,합,국민임대,충북,0
2023-11,,합,국민임대,충남,0
2023-11,,합,국민임대,전북,0
2023-11,,합,국민임대,전남,0
2023-11,,합,국민임대,경북,0
2023-11,,합,국민임대,경남,0
2023-11,,합,국민임대,제주,0
2023-11,,합,공공임대,전국,74
2023-11,,합,공공임대,서울,74
2023-11,,합,공공임대,인천,0
2023-11,,합,공공임대,경기,0
2023-11,,합,공공임대,부산,0
2023-11,,합,공공임대,대구,0
2023-11,,합,공공임대,광주,0
2023-11,,합,공공임대,대전,0
2023-11,,합,공공임대,울산,0
2023-11,,합,공공임대,세종,0
2023-11,,합,공공임대,강원,0
2023-11,,합,공공임대,충북,0
2023-11,,합,공공임대,충남,0
2023-11,,합,공공임대,전북,0
2023-11,,합,공공임대,전남,0
2023-11,,합,공공임대,경북,0
2023-11,,합,공공임대,경남,0
2023-11,,합,공공임대,제주,0
2023-11,,합,공공분양,전국,2035
2023-11,,합,공공분양,서울,577
2023-11,,합,공공분양,인천,1458
2023-11,,합,공공분양,경기,0
2023-11,,합,공공분양,부산,0
2023-11,,합,공공분양,대구,0
2023-11,,합,공공분양,광주,0
2023-11,,합,공공분양,대전,0
2023-11,,합,공공분양,울산,0
2023-11,,합,공공분양,세종,0
2023-11,,합,공공분양,강원,0
2023-11,,합,공공분양,충북,0
2023-11,,합,공공분양,충남,0
2023-11,,합,공공분양,전북,0
2023-11,,합,공공분양,전남,0
2023-11,,합,공공분양,경북,0
2023-11,,합,공공분양,경남,0
2023-11,,합,공공분양,제주,0
2023-11,,지자체,소계,전국,2035
2023-11,,지자체,소계,서울,577
2023-11,,지자체,소계,인천,1458
2023-11,,지자체,소계,경기,0
2023-11,,지자체,소계,부산,0
2023-11,,지자체,소계,대구,0
2023-11,,지자체,소계,광주,0
2023-11,,지자체,소계,대전,0
2023-11,,지자체,소계,울산,0
2023-11,,지자체,소계,세종,0
2023-11,,지자체,소계,강원,0
2023-11,,지자체,소계,충북,0
2023-11,,지자체,소계,충남,0
2023-11,,지자체,소계,전북,0
2023-11,,지자체,소계,전남,0
2023-11,,지자체,소계,경북,0
2023-11,,지자체,소계,경남,0
2023-11,,지자체,소계,제주,0
2023-11,,지자체,국민임대,전국,0
2023-11,,지자체,국민임대,서울,0
2023-11,,지자체,국민임대,인천,0
2023-11,,지자체,국민임대,경기,0
2023-11,,지자체,국민임대,부산,0
2023-11,,지자체,국민임대,대구,0
2023-11,,지자체,국민임대,광주,0
2023-11,,지자체,국민임대,대전,0
2023-11,,지자체,국민임대,울산,0
2023-11,,지자체,국민임대,세종,0
2023-11,,지자체,국민임대,강원,0
2023-11,,지자체,국민임대,충북,0
2023-11,,지자체,국민임대,충남,0
2023-11,,지자체,국민임대,전북,0
2023-11,,지자체,국민임대,전남,0
2023-11,,지자체,국민임대,경북,0
2023-11,,지자체,국민임대,경남,0
2023-11,,지자체,국민임대,제주,0
2023-11,,지자체,공공임대,전국,0
2023-11,,지자체,공공임대,서울,0
2023-11,,지자체,공공임대,인천,0
2023-11,,지자체,공공임대,경기,0
2023-11,,지자체,공공임대,부산,0
2023-11,,지자체,공공임대,대구,0
2023-11,,지자체,공공임대,광주,0
2023-11,,지자체,공공임대,대전,0
2023-11,,지자체,공공임대,울산,0
2023-11,,지자체,공공임대,세종,0
2023-11,,지자체,공공임대,강원,0
2023-11,,지자체,공공임대,충북,0
2023-11,,지자체,공공임대,충남,0
2023-11,,지자체,공공임대,전북,0
2023-11,,지자체,공공임대,전남,0
2023-11,,지자체,공공임대,경북,0
2023-11,,지자체,공공임대,경남,0
2023-11,,지자체,공공임대,제주,0
2023-11,,지자체,공공분양,전국,2035
2023-11,,지자체,공공분양,서울,577
2023-11,,지자체,공공분양,인천,1458
2023-11,,지자체,공공분양,경기,0
2023-11,,지자체,공공분양,부산,0
2023-11,,지자체,공공분양,대구,0
2023-11,,지자체,공공분양,광주,0
2023-11,,지자체,공공분양,대전,0
2023-11,,지자체,공공분양,울산,0
2023-11,,지자체,공공분양,세종,0
2023-11,,지자체,공공분양,강원,0
2023-11,,지자체,공공분양,충북,0
2023-11,,지자체,공공분양,충남,0
2023-11,,지자체,공공분양,전북,0
2023-11,,지자체,공공분양,전남,0
2023-11,,지자체,공공분양,경북,0
2023-11,,지자체,공공분양,경남,0
2023-11,,지자체,공공분양,제주,0
2023-11,,LH,소계,전국,0
2023-11,,LH,소계,서울,0
2023-11,,LH,소계,인천,0
2023-11,,LH,소계,경기,0
2023-11,,LH,소계,부산,0
2023-11,,LH,소계,대구,0
2023-11,,LH,소계,광주,0
2023-11,,LH,소계,대전,0
2023-11,,LH,소계,울산,0
2023-11,,LH,소계,세종,0
2023-11,,LH,소계,강원,0
2023-11,,LH,소계,충북,0
2023-11,,LH,소계,충남,0
2023-11,,LH,소계,전북,0
2023-11,,LH,소계,전남,0
2023-11,,LH,소계,경북,0
2023-11,,LH,소계,경남,0
2023-11,,LH,소계,제주,0
2023-11,,LH,국민임대,전국,0
2023-11,,LH,국민임대,서울,0
2023-11,,LH,국민임대,인천,0
2023-11,,LH,국민임대,경기,0
2023-11,,LH,국민임대,부산,0
2023-11,,LH,국민임대,대구,0
2023-11,,LH,국민임대,광주,0
2023-11,,LH,국민임대,대전,0
2023-11,,LH,국민임대,울산,0
2023-11,,LH,국민임대,세종,0
2023-11,,LH,국민임대,강원,0
2023-11,,LH,국민임대,충북,0
2023-11,,LH,국민임대,충남,0
2023-11,,LH,국민임대,전북,0
2023-11,,LH,국민임대,전남,0
2023-11,,LH,국민임대,경북,0
2023-11,,LH,국민임대,경남,0
2023-11,,LH,국민임대,제주,0
2023-11,,LH,공공임대,전국,0
2023-11,,LH,공공임대,서울,0
2023-11,,LH,공공임대,인천,0
2023-11,,LH,공공임대,경기,0
2023-11,,LH,공공임대,부산,0
2023-11,,LH,공공임대,대구,0
2023-11,,LH,공공임대,광주,0
2023-11,,LH,공공임대,대전,0
2023-11,,LH,공공임대,울산,0
2023-11,,LH,공공임대,세종,0
2023-11,,LH,공공임대,강원,0
2023-11,,LH,공공임대,충북,0
2023-11,,LH,공공임대,충남,0
2023-11,,LH,공공임대,전북,0
2023-11,,LH,공공임대,전남,0
2023-11,,LH,공공임대,경북,0
2023-11,,LH,공공임대,경남,0
2023-11,,LH,공공임대,제주,0
2023-11,,LH,공공분양,전국,0
2023-11,,LH,공공분양,서울,0
2023-11,,LH,공공분양,인천,0
2023-11,,LH,공공분양,경기,0
2023-11,,LH,공공분양,부산,0
2023-11,,LH,공공분양,대구,0
2023-11,,LH,공공분양,광주,0
2023-11,,LH,공공분양,대전,0
2023-11,,LH,공공분양,울산,0
2023-11,,LH,공공분양,세종,0
2023-11,,LH,공공분양,강원,0
2023-11,,LH,공공분양,충북,0
2023-11,,LH,공공분양,충남,0
2023-11,,LH,공공분양,전북,0
2023-11,,LH,공공분양,전남,0
2023-11,,LH,공공분양,경북,0
2023-11,,LH,공공분양,경남,0
2023-11,,LH,공공분양,제주,0
2023-11,,주택업체,소계,전국,74
2023-11,,주택업체,소계,서울,74
2023-11,,주택업체,소계,인천,0
2023-11,,주택업체,소계,경기,0
2023-11,,주택업체,소계,부산,0
2023-11,,주택업체,소계,대구,0
2023-11,,주택업체,소계,광주,0
2023-11,,주택업체,소계,대전,0
2023-11,,주택업체,소계,울산,0
2023-11,,주택업체,소계,세종,0
2023-11,,주택업체,소계,강원,0
2023-11,,주택업체,소계,충북,0
2023-11,,주택업체,소계,충남,0
2023-11,,주택업체,소계,전북,0
2023-11,,주택업체,소계,전남,0
2023-11,,주택업체,소계,경북,0
2023-11,,주택업체,소계,경남,0
2023-11,,주택업체,소계,제주,0
2023-11,,주택업체,국민임대,전국,0
2023-11,,주택업체,국민임대,서울,0
2023-11,,주택업체,국민임대,인천,0
2023-11,,주택업체,국민임대,경기,0
2023-11,,주택업체,국민임대,부산,0
2023-11,,주택업체,국민임대,대구,0
2023-11,,주택업체,국민임대,광주,0
2023-11,,주택업체,국민임대,대전,0
2023-11,,주택업체,국민임대,울산,0
2023-11,,주택업체,국민임대,세종,0
2023-11,,주택업체,국민임대,강원,0
2023-11,,주택업체,국민임대,충북,0
2023-11,,주택업체,국민임대,충남,0
2023-11,,주택업체,국민임대,전북,0
2023-11,,주택업체,국민임대,전남,0
2023-11,,주택업체,국민임대,경북,0
2023-11,,주택업체,국민임대,경남,0
2023-11,,주택업체,국민임대,제주,0
2023-11,,주택업체,공공임대,전국,74
2023-11,,주택업체,공공임대,서울,74
2023-11,,주택업체,공공임대,인천,0
2023-11,,주택업체,공공임대,경기,0
2023-11,,주택업체,공공임대,부산,0
2023-11,,주택업체,공공임대,대구,0
2023-11,,주택업체,공공임대,광주,0
2023-11,,주택업체,공공임대,대전,0
2023-11,,주택업체,공공임대,울산,0
2023-11,,주택업체,공공임대,세종,0
2023-11,,주택업체,공공임대,강원,0
2023-11,,주택업체,공공임대,충북,0
2023-11,,주택업체,공공임대,충남,0
2023-11,,주택업체,공공임대,전북,0
2023-11,,주택업체,공공임대,전남,0
2023-11,,주택업체,공공임대,경북,0
2023-11,,주택업체,공공임대,경남,0
2023-11,,주택업체,공공임대,제주,0
2023-11,,주택업체,공공분양,전국,0
2023-11,,주택업체,공공분양,서울,0
2023-11,,주택업체,공공분양,인천,0
2023-11,,주택업체,공공분양,경기,0
2023-11,,주택업체,공공분양,부산,0
2023-11,,주택업체,공공분양,대구,0
2023-11,,주택업체,공공분양,광주,0
2023-11,,주택업체,공공분양,대전,0
2023-11,,주택업체,공공분양,울산,0
2023-11,,주택업체,공공분양,세종,0
2023-11,,주택업체,공공분양,강원,0
2023-11,,주택업체,공공분양,충북,0
2023-11,,주택업체,공공분양,충남,0
2023-11,,주택업체,공공분양,전북,0
2023-11,,주택업체,공공분양,전남,0
2023-11,,주택업체,공공분양,경북,0
2023-11,,주택업체,공공분양,경남,0
2023-11,,주택업체,공공분양,제주,0
2023-11,,민간부문,소계,전국,33518
2023-11,,민간부문,소계,서울,5637
2023-11,,민간부문,소계,인천,2910
2023-11,,민간부문,소계,경기,7970
2023-11,,민간부문,소계,부산,1113
2023-11,,민간부문,소계,대구,20
2023-11,,민간부문,소계,광주,17
2023-11,,민간부문,소계,대전,855
2023-11,,민간부문,소계,울산,566
2023-11,,민간부문,소계,세종,7
2023-11,,민간부문,소계,강원,831
2023-11,,민간부문,소계,충북,2422
2023-11,,민간부문,소계,충남,3989
2023-11,,민간부문,소계,전북,2312
2023-11,,민간부문,소계,전남,419
2023-11,,민간부문,소계,경북,1961
2023-11,,민간부문,소계,경남,2084
2023-11,,민간부문,소계,제주,405
2023-11,,민간,민간임대,전국,2819
2023-11,,민간,민간임대,서울,596
2023-11,,민간,민간임대,인천,0
2023-11,,민간,민간임대,경기,0
2023-11,,민간,민간임대,부산,0
2023-11,,민간,민간임대,대구,0
2023-11,,민간,민간임대,광주,0
2023-11,,민간,민간임대,대전,0
2023-11,,민간,민간임대,울산,0
2023-11,,민간,민간임대,세종,0
2023-11,,민간,민간임대,강원,0
2023-11,,민간,민간임대,충북,70
2023-11,,민간,민간임대,충남,36
2023-11,,민간,민간임대,전북,0
2023-11,,민간,민간임대,전남,0
2023-11,,민간,민간임대,경북,0
2023-11,,민간,민간임대,경남,1862
2023-11,,민간,민간임대,제주,255
2023-11,,민간,민간분양,전국,30699
2023-11,,민간,민간분양,서울,5041
2023-11,,민간,민간분양,인천,2910
2023-11,,민간,민간분양,경기,7970
2023-11,,민간,민간분양,부산,1113
2023-11,,민간,민간분양,대구,20
2023-11,,민간,민간분양,광주,17
2023-11,,민간,민간분양,대전,855
2023-11,,민간,민간분양,울산,566
2023-11,,민간,민간분양,세종,7
2023-11,,민간,민간분양,강원,831
2023-11,,민간,민간분양,충북,2352
2023-11,,민간,민간분양,충남,3953
2023-11,,민간,민간분양,전북,2312
2023-11,,민간,민간분양,전남,419
2023-11,,민간,민간분양,경북,1961
2023-11,,민간,민간분양,경남,222
2023-11,,민간,민간분양,제주,150
2023-12,,총계,총계,전국,43944
2023-12,,총계,총계,서울,874
2023-12,,총계,총계,인천,3976
2023-12,,총계,총계,경기,14250
2023-12,,총계,총계,부산,4293
2023-12,,총계,총계,대구,7
2023-12,,총계,총계,광주,6887
2023-12,,총계,총계,대전,2544
2023-12,,총계,총계,울산,2684
2023-12,,총계,총계,세종,7
2023-12,,총계,총계,강원,813
2023-12,,총계,총계,충북,237
2023-12,,총계,총계,충남,348
2023-12,,총계,총계,전북,1561
2023-12,,총계,총계,전남,1582
2023-12,,총계,총계,경북,311
2023-12,,총계,총계,경남,3432
2023-12,,총계,총계,제주,138
2023-12,,공공부문,소계,전국,7767
2023-12,,공공부문,소계,서울,0
2023-12,,공공부문,소계,인천,2425
2023-12,,공공부문,소계,경기,4152
2023-12,,공공부문,소계,부산,960
2023-12,,공공부문,소계,대구,0
2023-12,,공공부문,소계,광주,0
2023-12,,공공부문,소계,대전,0
2023-12,,공공부문,소계,울산,0
2023-12,,공공부문,소계,세종,0
2023-12,,공공부문,소계,강원,150
2023-12,,공공부문,소계,충북,80
2023-12,,공공부문,소계,충남,0
2023-12,,공공부문,소계,전북,0
2023-12,,공공부문,소계,전남,0
2023-12,,공공부문,소계,경북,0
2023-12,,공공부문,소계,경남,0
2023-12,,공공부문,소계,제주,0
2023-12,,합,국민임대,전국,180
2023-12,,합,국민임대,서울,0
2023-12,,합,국민임대,인천,150
2023-12,,합,국민임대,경기,0
2023-12,,합,국민임대,부산,0
2023-12,,합,국민임대,대구,0
2023-12,,합,국민임대,광주,0
2023-12,,합,국민임대,대전,0
2023-12,,합,국민임대,울산,0
2023-12,,합,국민임대,세종,0
2023-12,,합,국민임대,강원,30
2023-12,,합,국민임대,충북,0
2023-12,,합,국민임대,충남,0
2023-12,,합,국민임대,전북,0
2023-12,,합,국민임대,전남,0
2023-12,,합,국민임대,경북,0
2023-12,,합,국민임대,경남,0
2023-12,,합,국민임대,제주,0
2023-12,,합,공공임대,전국,2656
2023-12,,합,공공임대,서울,0
2023-12,,합,공공임대,인천,1169
2023-12,,합,공공임대,경기,1287
2023-12,,합,공공임대,부산,0
2023-12,,합,공공임대,대구,0
2023-12,,합,공공임대,광주,0
2023-12,,합,공공임대,대전,0
2023-12,,합,공공임대,울산,0
2023-12,,합,공공임대,세종,0
2023-12,,합,공공임대,강원,120
2023-12,,합,공공임대,충북,80
2023-12,,합,공공임대,충남,0
2023-12,,합,공공임대,전북,0
2023-12,,합,공공임대,전남,0
2023-12,,합,공공임대,경북,0
2023-12,,합,공공임대,경남,0
2023-12,,합,공공임대,제주,0
2023-12,,합,공공분양,전국,4931
2023-12,,합,공공분양,서울,0
2023-12,,합,공공분양,인천,1106
2023-12,,합,공공분양,경기,2865
2023-12,,합,공공분양,부산,960
2023-12,,합,공공분양,대구,0
2023-12,,합,공공분양,광주,0
2023-12,,합,공공분양,대전,0
2023-12,,합,공공분양,울산,0
2023-12,,합,공공분양,세종,0
2023-12,,합,공공분양,강원,0
2023-12,,합,공공분양,충북,0
2023-12,,합,공공분양,충남,0
2023-12,,합,공공분양,전북,0
2023-12,,합,공공분양,전남,0
2023-12,,합,공공분양,경북,0
2023-12,,합,공공분양,경남,0
2023-12,,합,공공분양,제주,0
2023-12,,지자체,소계,전국,0
2023-12,,지자체,소계,서울,0
2023-12,,지자체,소계,인천,0
2023-12,,지자체,소계,경기,0
2023-12,,지자체,소계,부산,0
2023-12,,지자체,소계,대구,0
2023-12,,지자체,소계,광주,0
2023-12,,지자체,소계,대전,0
2023-12,,지자체,소계,울산,0
2023-12,,지자체,소계,세종,0
2023-12,,지자체,소계,강원,0
2023-12,,지자체,소계,충북,0
2023-12,,지자체,소계,충남,0
2023-12,,지자체,소계,전북,0
2023-12,,지자체,소계,전남,0
2023-12,,지자체,소계,경북,0
2023-12,,지자체,소계,경남,0
2023-12,,지자체,소계,제주,0
2023-12,,지자체,국민임대,전국,0
2023-12,,지자체,국민임대,서울,0
2023-12,,지자체,국민임대,인천,0
2023-12,,지자체,국민임대,경기,0
2023-12,,지자체,국민임대,부산,0
2023-12,,지자체,국민임대,대구,0
2023-12,,지자체,국민임대,광주,0
2023-12,,지자체,국민임대,대전,0
2023-12,,지자체,국민임대,울산,0
2023-12,,지자체,국민임대,세종,0
2023-12,,지자체,국민임대,강원,0
2023-12,,지자체,국민임대,충북,0
2023-12,,지자체,국민임대,충남,0
2023-12,,지자체,국민임대,전북,0
2023-12,,지자체,국민임대,전남,0
2023-12,,지자체,국민임대,경북,0
2023-12,,지자체,국민임대,경남,0
2023-12,,지자체,국민임대,제주,0
2023-12,,지자체,공공임대,전국,0
2023-12,,지자체,공공임대,서울,0
2023-12,,지자체,공공임대,인천,0
2023-12,,지자체,공공임대,경기,0
2023-12,,지자체,공공임대,부산,0
2023-12,,지자체,공공임대,대구,0
2023-12,,지자체,공공임대,광주,0
2023-12,,지자체,공공임대,대전,0
2023-12,,지자체,공공임대,울산,0
2023-12,,지자체,공공임대,세종,0
2023-12,,지자체,공공임대,강원,0
2023-12,,지자체,공공임대,충북,0
2023-12,,지자체,공공임대,충남,0
2023-12,,지자체,공공임대,전북,0
2023-12,,지자체,공공임대,전남,0
2023-12,,지자체,공공임대,경북,0
2023-12,,지자체,공공임대,경남,0
2023-12,,지자체,공공임대,제주,0
2023-12,,지자체,공공분양,전국,0
2023-12,,지자체,공공분양,서울,0
2023-12,,지자체,공공분양,인천,0
2023-12,,지자체,공공분양,경기,0
2023-12,,지자체,공공분양,부산,0
2023-12,,지자체,공공분양,대구,0
2023-12,,지자체,공공분양,광주,0
2023-12,,지자체,공공분양,대전,0
2023-12,,지자체,공공분양,울산,0
2023-12,,지자체,공공분양,세종,0
2023-12,,지자체,공공분양,강원,0
2023-12,,지자체,공공분양,충북,0
2023-12,,지자체,공공분양,충남,0
2023-12,,지자체,공공분양,전북,0
2023-12,,지자체,공공분양,전남,0
2023-12,,지자체,공공분양,경북,0
2023-12,,지자체,공공분양,경남,0
2023-12,,지자체,공공분양,제주,0
2023-12,,LH,소계,전국,7618
2023-12,,LH,소계,서울,0
2023-12,,LH,소계,인천,2425
2023-12,,LH,소계,경기,4003
2023-12,,LH,소계,부산,960
2023-12,,LH,소계,대구,0
2023-12,,LH,소계,광주,0
2023-12,,LH,소계,대전,0
2023-12,,LH,소계,울산,0
2023-12,,LH,소계,세종,0
2023-12,,LH,소계,강원,150
2023-12,,LH,소계,충북,80
2023-12,,LH,소계,충남,0
2023-12,,LH,소계,전북,0
2023-12,,LH,소계,전남,0
2023-12,,LH,소계,경북,0
2023-12,,LH,소계,경남,0
2023-12,,LH,소계,제주,0
2023-12,,LH,국민임대,전국,180
2023-12,,LH,국민임대,서울,0
2023-12,,LH,국민임대,인천,150
2023-12,,LH,국민임대,경기,0
2023-12,,LH,국민임대,부산,0
2023-12,,LH,국민임대,대구,0
2023-12,,LH,국민임대,광주,0
2023-12,,LH,국민임대,대전,0
2023-12,,LH,국민임대,울산,0
2023-12,,LH,국민임대,세종,0
2023-12,,LH,국민임대,강원,30
2023-12,,LH,국민임대,충북,0
2023-12,,LH,국민임대,충남,0
2023-12,,LH,국민임대,전북,0
2023-12,,LH,국민임대,전남,0
2023-12,,LH,국민임대,경북,0
2023-12,,LH,국민임대,경남,0
2023-12,,LH,국민임대,제주,0
2023-12,,LH,공공임대,전국,2507
2023-12,,LH,공공임대,서울,0
2023-12,,LH,공공임대,인천,1169
2023-12,,LH,공공임대,경기,1138
2023-12,,LH,공공임대,부산,0
2023-12,,LH,공공임대,대구,0
2023-12,,LH,공공임대,광주,0
2023-12,,LH,공공임대,대전,0
2023-12,,LH,공공임대,울산,0
2023-12,,LH,공공임대,세종,0
2023-12,,LH,공공임대,강원,120
2023-12,,LH,공공임대,충북,80
2023-12,,LH,공공임대,충남,0
2023-12,,LH,공공임대,전북,0
2023-12,,LH,공공임대,전남,0
2023-12,,LH,공공임대,경북,0
2023-12,,LH,공공임대,경남,0
2023-12,,LH,공공임대,제주,0
2023-12,,LH,공공분양,전국,4931
2023-12,,LH,공공분양,서울,0
2023-12,,LH,공공분양,인천,1106
2023-12,,LH,공공분양,경기,2865
2023-12,,LH,공공분양,부산,960
2023-12,,LH,공공분양,대구,0
2023-12,,LH,공공분양,광주,0
2023-12,,LH,공공분양,대전,0
2023-12,,LH,공공분양,울산,0
2023-12,,LH,공공분양,세종,0
2023-12,,LH,공공분양,강원,0
2023-12,,LH,공공분양,충북,0
2023-12,,LH,공공분양,충남,0
2023-12,,LH,공공분양,전북,0
2023-12,,LH,공공분양,전남,0
2023-12,,LH,공공분양,경북,0
2023-12,,LH,공공분양,경남,0
2023-12,,LH,공공분양,제주,0
2023-12,,주택업체,소계,전국,149
2023-12,,주택업체,소계,서울,0
2023-12,,주택업체,소계,인천,0
2023-12,,주택업체,소계,경기,149
2023-12,,주택업체,소계,부산,0
2023-12,,주택업체,소계,대구,0
2023-12,,주택업체,소계,광주,0
2023-12,,주택업체,소계,대전,0
2023-12,,주택업체,소계,울산,0
2023-12,,주택업체,소계,세종,0
2023-12,,주택업체,소계,강원,0
2023-12,,주택업체,소계,충북,0
2023-12,,주택업체,소계,충남,0
2023-12,,주택업체,소계,전북,0
2023-12,,주택업체,소계,전남,0
2023-12,,주택업체,소계,경북,0
2023-12,,주택업체,소계,경남,0
2023-12,,주택업체,소계,제주,0
2023-12,,주택업체,국민임대,전국,0
2023-12,,주택업체,국민임대,서울,0
2023-12,,주택업체,국민임대,인천,0
2023-12,,주택업체,국민임대,경기,0
2023-12,,주택업체,국민임대,부산,0
2023-12,,주택업체,국민임대,대구,0
2023-12,,주택업체,국민임대,광주,0
2023-12,,주택업체,국민임대,대전,0
2023-12,,주택업체,국민임대,울산,0
2023-12,,주택업체,국민임대,세종,0
2023-12,,주택업체,국민임대,강원,0
2023-12,,주택업체,국민임대,충북,0
2023-12,,주택업체,국민임대,충남,0
2023-12,,주택업체,국민임대,전북,0
2023-12,,주택업체,국민임대,전남,0
2023-12,,주택업체,국민임대,경북,0
2023-12,,주택업체,국민임대,경남,0
2023-12,,주택업체,국민임대,제주,0
2023-12,,주택업체,공공임대,전국,149
2023-12,,주택업체,공공임대,서울,0
2023-12,,주택업체,공공임대,인천,0
2023-12,,주택업체,공공임대,경기,149
2023-12,,주택업체,공공임대,부산,0
2023-12,,주택업체,공공임대,대구,0
2023-12,,주택업체,공공임대,광주,0
2023-12,,주택업체,공공임대,대전,0
2023-12,,주택업체,공공임대,울산,0
2023-12,,주택업체,공공임대,세종,0
2023-12,,주택업체,공공임대,강원,0
2023-12,,주택업체,공공임대,충북,0
2023-12,,주택업체,공공임대,충남,0
2023-12,,주택업체,공공임대,전북,0
2023-12,,주택업체,공공임대,전남,0
2023-12,,주택업체,공공임대,경북,0
2023-12,,주택업체,공공임대,경남,0
2023-12,,주택업체,공공임대,제주,0
2023-12,,주택업체,공공분양,전국,0
2023-12,,주택업체,공공분양,서울,0
2023-12,,주택업체,공공분양,인천,0
2023-12,,주택업체,공공분양,경기,0
2023-12,,주택업체,공공분양,부산,0
2023-12,,주택업체,공공분양,대구,0
2023-12,,주택업체,공공분양,광주,0
2023-12,,주택업체,공공분양,대전,0
2023-12,,주택업체,공공분양,울산,0
2023-12,,주택업체,공공분양,세종,0
2023-12,,주택업체,공공분양,강원,0
2023-12,,주택업체,공공분양,충북,0
2023-12,,주택업체,공공분양,충남,0
2023-12,,주택업체,공공분양,전북,0
2023-12,,주택업체,공공분양,전남,0
2023-12,,주택업체,공공분양,경북,0
2023-12,,주택업체,공공분양,경남,0
2023-12,,주택업체,공공분양,제주,0
2023-12,,민간부문,소계,전국,36177
2023-12,,민간부문,소계,서울,874
2023-12,,민간부문,소계,인천,1551
2023-12,,민간부문,소계,경기,10098
2023-12,,민간부문,소계,부산,3333
2023-12,,민간부문,소계,대구,7
2023-12,,민간부문,소계,광주,6887
2023-12,,민간부문,소계,대전,2544
2023-12,,민간부문,소계,울산,2684
2023-12,,민간부문,소계,세종,7
2023-12,,민간부문,소계,강원,663
2023-12,,민간부문,소계,충북,157
2023-12,,민간부문,소계,충남,348
2023-12,,민간부문,소계,전북,1561
2023-12,,민간부문,소계,전남,1582
2023-12,,민간부문,소계,경북,311
2023-12,,민간부문,소계,경남,3432
2023-12,,민간부문,소계,제주,138
2023-12,,민간,민간임대,전국,553
2023-12,,민간,민간임대,서울,382
2023-12,,민간,민간임대,인천,0
2023-12,,민간,민간임대,경기,0
2023-12,,민간,민간임대,부산,0
2023-12,,민간,민간임대,대구,0
2023-12,,민간,민간임대,광주,0
2023-12,,민간,민간임대,대전,0
2023-12,,민간,민간임대,울산,0
2023-12,,민간,민간임대,세종,0
2023-12,,민간,민간임대,강원,0
2023-12,,민간,민간임대,충북,0
2023-12,,민간,민간임대,충남,0
2023-12,,민간,민간임대,전북,99
2023-12,,민간,민간임대,전남,72
2023-12,,민간,민간임대,경북,0
2023-12,,민간,민간임대,경남,0
2023-12,,민간,민간임대,제주,0
2023-12,,민간,민간분양,전국,35624
2023-12,,민간,민간분양,서울,492
2023-12,,민간,민간분양,인천,1551
2023-12,,민간,민간분양,경기,10098
2023-12,,민간,민간분양,부산,3333
2023-12,,민간,민간분양,대구,7
2023-12,,민간,민간분양,광주,6887
2023-12,,민간,민간분양,대전,2544
2023-12,,민간,민간분양,울산,2684
2023-12,,민간,민간분양,세종,7
2023-12,,민간,민간분양,강원,663
2023-12,,민간,민간분양,충북,157
2023-12,,민간,민간분양,충남,348
2023-12,,민간,민간분양,전북,1462
2023-12,,민간,민간분양,전남,1510
2023-12,,민간,민간분양,경북,311
2023-12,,민간,민간분양,경남,3432
2023-12,,민간,민간분양,제주,138
2024-01,,총계,총계,전국,22726
2024-01,,총계,총계,서울,1151
2024-01,,총계,총계,인천,4113
2024-01,,총계,총계,경기,7135
2024-01,,총계,총계,부산,36
2024-01,,총계,총계,대구,282
2024-01,,총계,총계,광주,2644
2024-01,,총계,총계,대전,22
2024-01,,총계,총계,울산,24
2024-01,,총계,총계,세종,7
2024-01,,총계,총계,강원,506
2024-01,,총계,총계,충북,2160
2024-01,,총계,총계,충남,1769
2024-01,,총계,총계,전북,447
2024-01,,총계,총계,전남,922
2024-01,,총계,총계,경북,516
2024-01,,총계,총계,경남,137
2024-01,,총계,총계,제주,855
2024-01,,공공부문,소계,전국,311
2024-01,,공공부문,소계,서울,201
2024-01,,공공부문,소계,인천,0
2024-01,,공공부문,소계,경기,0
2024-01,,공공부문,소계,부산,0
2024-01,,공공부문,소계,대구,0
2024-01,,공공부문,소계,광주,0
2024-01,,공공부문,소계,대전,0
2024-01,,공공부문,소계,울산,0
2024-01,,공공부문,소계,세종,0
2024-01,,공공부문,소계,강원,0
2024-01,,공공부문,소계,충북,0
2024-01,,공공부문,소계,충남,0
2024-01,,공공부문,소계,전북,0
2024-01,,공공부문,소계,전남,0
2024-01,,공공부문,소계,경북,110
2024-01,,공공부문,소계,경남,0
2024-01,,공공부문,소계,제주,0
2024-01,,합,국민임대,전국,0
2024-01,,합,국민임대,서울,0
2024-01,,합,국민임대,인천,0
2024-01,,합,국민임대,경기,0
2024-01,,합,국민임대,부산,0
2024-01,,합,국민임대,대구,0
2024-01,,합,국민임대,광주,0
2024-01,,합,국민임대,대전,0
2024-01,,합,국민임대,울산,0
2024-01,,합,국민임대,세종,0
2024-01,,합,국민임대,강원,0
2024-01,,합,국민임대,충북,0
2024-01,,합,국민임대,충남,0
2024-01,,합,국민임대,전북,0
2024-01,,합,국민임대,전남,0
2024-01,,합,국민임대,경북,0
2024-01,,합,국민임대,경남,0
2024-01,,합,국민임대,제주,0
2024-01,,합,공공임대,전국,231
2024-01,,합,공공임대,서울,201
2024-01,,합,공공임대,인천,0
2024-01,,합,공공임대,경기,0
2024-01,,합,공공임대,부산,0
2024-01,,합,공공임대,대구,0
2024-01,,합,공공임대,광주,0
2024-01,,합,공공임대,대전,0
2024-01,,합,공공임대,울산,0
2024-01,,합,공공임대,세종,0
2024-01,,합,공공임대,강원,0
2024-01,,합,공공임대,충북,0
2024-01,,합,공공임대,충남,0
2024-01,,합,공공임대,전북,0
2024-01,,합,공공임대,전남,0
2024-01,,합,공공임대,경북,30
2024-01,,합,공공임대,경남,0
2024-01,,합,공공임대,제주,0
2024-01,,합,공공분양,전국,80
2024-01,,합,공공분양,서울,0
2024-01,,합,공공분양,인천,0
2024-01,,합,공공분양,경기,0
2024-01,,합,공공분양,부산,0
2024-01,,합,공공분양,대구,0
2024-01,,합,공공분양,광주,0
2024-01,,합,공공분양,대전,0
2024-01,,합,공공분양,울산,0
2024-01,,합,공공분양,세종,0
2024-01,,합,공공분양,강원,0
2024-01,,합,공공분양,충북,0
2024-01,,합,공공분양,충남,0
2024-01,,합,공공분양,전북,0
2024-01,,합,공공분양,전남,0
2024-01,,합,공공분양,경북,80
2024-01,,합,공공분양,경남,0
2024-01,,합,공공분양,제주,0
2024-01,,지자체,소계,전국,311
2024-01,,지자체,소계,서울,201
2024-01,,지자체,소계,인천,0
2024-01,,지자체,소계,경기,0
2024-01,,지자체,소계,부산,0
2024-01,,지자체,소계,대구,0
2024-01,,지자체,소계,광주,0
2024-01,,지자체,소계,대전,0
2024-01,,지자체,소계,울산,0
2024-01,,지자체,소계,세종,0
2024-01,,지자체,소계,강원,0
2024-01,,지자체,소계,충북,0
2024-01,,지자체,소계,충남,0
2024-01,,지자체,소계,전북,0
2024-01,,지자체,소계,전남,0
2024-01,,지자체,소계,경북,110
2024-01,,지자체,소계,경남,0
2024-01,,지자체,소계,제주,0
2024-01,,지자체,국민임대,전국,0
2024-01,,지자체,국민임대,서울,0
2024-01,,지자체,국민임대,인천,0
2024-01,,지자체,국민임대,경기,0
2024-01,,지자체,국민임대,부산,0
2024-01,,지자체,국민임대,대구,0
2024-01,,지자체,국민임대,광주,0
2024-01,,지자체,국민임대,대전,0
2024-01,,지자체,국민임대,울산,0
2024-01,,지자체,국민임대,세종,0
2024-01,,지자체,국민임대,강원,0
2024-01,,지자체,국민임대,충북,0
2024-01,,지자체,국민임대,충남,0
2024-01,,지자체,국민임대,전북,0
2024-01,,지자체,국민임대,전남,0
2024-01,,지자체,국민임대,경북,0
2024-01,,지자체,국민임대,경남,0
2024-01,,지자체,국민임대,제주,0
2024-01,,지자체,공공임대,전국,231
2024-01,,지자체,공공임대,서울,201
2024-01,,지자체,공공임대,인천,0
2024-01,,지자체,공공임대,경기,0
2024-01,,지자체,공공임대,부산,0
2024-01,,지자체,공공임대,대구,0
2024-01,,지자체,공공임대,광주,0
2024-01,,지자체,공공임대,대전,0
2024-01,,지자체,공공임대,울산,0
2024-01,,지자체,공공임대,세종,0
2024-01,,지자체,공공임대,강원,0
2024-01,,지자체,공공임대,충북,0
2024-01,,지자체,공공임대,충남,0
2024-01,,지자체,공공임대,전북,0
2024-01,,지자체,공공임대,전남,0
2024-01,,지자체,공공임대,경북,30
2024-01,,지자체,공공임대,경남,0
2024-01,,지자체,공공임대,제주,0
2024-01,,지자체,공공분양,전국,80
2024-01,,지자체,공공분양,서울,0
2024-01,,지자체,공공분양,인천,0
2024-01,,지자체,공공분양,경기,0
2024-01,,지자체,공공분양,부산,0
2024-01,,지자체,공공분양,대구,0
2024-01,,지자체,공공분양,광주,0
2024-01,,지자체,공공분양,대전,0
2024-01,,지자체,공공분양,울산,0
2024-01,,지자체,공공분양,세종,0
2024-01,,지자체,공공분양,강원,0
2024-01,,지자체,공공분양,충북,0
2024-01,,지자체,공공분양,충남,0
2024-01,,지자체,공공분양,전북,0
2024-01,,지자체,공공분양,전남,0
2024-01,,지자체,공공분양,경북,80
2024-01,,지자체,공공분양,경남,0
2024-01,,지자체,공공분양,제주,0
2024-01,,LH,소계,전국,0
2024-01,,LH,소계,서울,0
2024-01,,LH,소계,인천,0
2024-01,,LH,소계,경기,0
2024-01,,LH,소계,부산,0
2024-01,,LH,소계,대구,0
2024-01,,LH,소계,광주,0
2024-01,,LH,소계,대전,0
2024-01,,LH,소계,울산,0
2024-01,,LH,소계,세종,0
2024-01,,LH,소계,강원,0
2024-01,,LH,소계,충북,0
2024-01,,LH,소계,충남,0
2024-01,,LH,소계,전북,0
2024-01,,LH,소계,전남,0
2024-01,,LH,소계,경북,0
2024-01,,LH,소계,경남,0
2024-01,,LH,소계,제주,0
2024-01,,LH,국민임대,전국,0
2024-01,,LH,국민임대,서울,0
2024-01,,LH,국민임대,인천,0
2024-01,,LH,국민임대,경기,0
2024-01,,LH,국민임대,부산,0
2024-01,,LH,국민임대,대구,0
2024-01,,LH,국민임대,광주,0
2024-01,,LH,국민임대,대전,0
2024-01,,LH,국민임대,울산,0
2024-01,,LH,국민임대,세종,0
2024-01,,LH,국민임대,강원,0
2024-01,,LH,국민임대,충북,0
2024-01,,LH,국민임대,충남,0
2024-01,,LH,국민임대,전북,0
2024-01,,LH,국민임대,전남,0
2024-01,,LH,국민임대,경북,0
2024-01,,LH,국민임대,경남,0
2024-01,,LH,국민임대,제주,0
2024-01,,LH,공공임대,전국,0
2024-01,,LH,공공임대,서울,0
2024-01,,LH,공공임대,인천,0
2024-01,,LH,공공임대,경기,0
2024-01,,LH,공공임대,부산,0
2024-01,,LH,공공임대,대구,0
2024-01,,LH,공공임대,광주,0
2024-01,,LH,공공임대,대전,0
2024-01,,LH,공공임대,울산,0
2024-01,,LH,공공임대,세종,0
2024-01,,LH,공공임대,강원,0
2024-01,,LH,공공임대,충북,0
2024-01,,LH,공공임대,충남,0
2024-01,,LH,공공임대,전북,0
2024-01,,LH,공공임대,전남,0
2024-01,,LH,공공임대,경북,0
2024-01,,LH,공공임대,경남,0
2024-01,,LH,공공임대,제주,0
2024-01,,LH,공공분양,전국,0
2024-01,,LH,공공분양,서울,0
2024-01,,LH,공공분양,인천,0
2024-01,,LH,공공분양,경기,0
2024-01,,LH,공공분양,부산,0
2024-01,,LH,공공분양,대구,0
2024-01,,LH,공공분양,광주,0
2024-01,,LH,공공분양,대전,0
2024-01,,LH,공공분양,울산,0
2024-01,,LH,공공분양,세종,0
2024-01,,LH,공공분양,강원,0
2024-01,,LH,공공분양,충북,0
2024-01,,LH,공공분양,충남,0
2024-01,,LH,공공분양,전북,0
2024-01,,LH,공공분양,전남,0
2024-01,,LH,공공분양,경북,0
2024-01,,LH,공공분양,경남,0
2024-01,,LH,공공분양,제주,0
2024-01,,주택업체,소계,전국,0
2024-01,,주택업체,소계,서울,0
2024-01,,주택업체,소계,인천,0
2024-01,,주택업체,소계,경기,0
2024-01,,주택업체,소계,부산,0
2024-01,,주택업체,소계,대구,0
2024-01,,주택업체,소계,광주,0
2024-01,,주택업체,소계,대전,0
2024-01,,주택업체,소계,울산,0
2024-01,,주택업체,소계,세종,0
2024-01,,주택업체,소계,강원,0
2024-01,,주택업체,소계,충북,0
2024-01,,주택업체,소계,충남,0
2024-01,,주택업체,소계,전북,0
2024-01,,주택업체,소계,전남,0
2024-01,,주택업체,소계,경북,0
2024-01,,주택업체,소계,경남,0
2024-01,,주택업체,소계,제주,0
2024-01,,주택업체,국민임대,전국,0
2024-01,,주택업체,국민임대,서울,0
2024-01,,주택업체,국민임대,인천,0
2024-01,,주택업체,국민임대,경기,0
2024-01,,주택업체,국민임대,부산,0
2024-01,,주택업체,국민임대,대구,0
2024-01,,주택업체,국민임대,광주,0
2024-01,,주택업체,국민임대,대전,0
2024-01,,주택업체,국민임대,울산,0
2024-01,,주택업체,국민임대,세종,0
2024-01,,주택업체,국민임대,강원,0
2024-01,,주택업체,국민임대,충북,0
2024-01,,주택업체,국민임대,충남,0
2024-01,,주택업체,국민임대,전북,0
2024-01,,주택업체,국민임대,전남,0
2024-01,,주택업체,국민임대,경북,0
2024-01,,주택업체,국민임대,경남,0
2024-01,,주택업체,국민임대,제주,0
2024-01,,주택업체,공공임대,전국,0
2024-01,,주택업체,공공임대,서울,0
2024-01,,주택업체,공공임대,인천,0
2024-01,,주택업체,공공임대,경기,0
2024-01,,주택업체,공공임대,부산,0
2024-01,,주택업체,공공임대,대구,0
2024-01,,주택업체,공공임대,광주,0
2024-01,,주택업체,공공임대,대전,0
2024-01,,주택업체,공공임대,울산,0
2024-01,,주택업체,공공임대,세종,0
2024-01,,주택업체,공공임대,강원,0
2024-01,,주택업체,공공임대,충북,0
2024-01,,주택업체,공공임대,충남,0
2024-01,,주택업체,공공임대,전북,0
2024-01,,주택업체,공공임대,전남,0
2024-01,,주택업체,공공임대,경북,0
2024-01,,주택업체,공공임대,경남,0
2024-01,,주택업체,공공임대,제주,0
2024-01,,주택업체,공공분양,전국,0
2024-01,,주택업체,공공분양,서울,0
2024-01,,주택업체,공공분양,인천,0
2024-01,,주택업체,공공분양,경기,0
2024-01,,주택업체,공공분양,부산,0
2024-01,,주택업체,공공분양,대구,0
2024-01,,주택업체,공공분양,광주,0
2024-01,,주택업체,공공분양,대전,0
2024-01,,주택업체,공공분양,울산,0
2024-01,,주택업체,공공분양,세종,0
2024-01,,주택업체,공공분양,강원,0
2024-01,,주택업체,공공분양,충북,0
2024-01,,주택업체,공공분양,충남,0
2024-01,,주택업체,공공분양,전북,0
2024-01,,주택업체,공공분양,전남,0
2024-01,,주택업체,공공분양,경북,0
2024-01,,주택업체,공공분양,경남,0
2024-01,,주택업체,공공분양,제주,0
2024-01,,민간부문,소계,전국,22415
2024-01,,민간부문,소계,서울,950
2024-01,,민간부문,소계,인천,4113
2024-01,,민간부문,소계,경기,7135
2024-01,,민간부문,소계,부산,36
2024-01,,민간부문,소계,대구,282
2024-01,,민간부문,소계,광주,2644
2024-01,,민간부문,소계,대전,22
2024-01,,민간부문,소계,울산,24
2024-01,,민간부문,소계,세종,7
2024-01,,민간부문,소계,강원,506
2024-01,,민간부문,소계,충북,2160
2024-01,,민간부문,소계,충남,1769
2024-01,,민간부문,소계,전북,447
2024-01,,민간부문,소계,전남,922
2024-01,,민간부문,소계,경북,406
2024-01,,민간부문,소계,경남,137
2024-01,,민간부문,소계,제주,855
2024-01,,민간,민간임대,전국,1059
2024-01,,민간,민간임대,서울,0
2024-01,,민간,민간임대,인천,0
2024-01,,민간,민간임대,경기,0
2024-01,,민간,민간임대,부산,0
2024-01,,민간,민간임대,대구,0
2024-01,,민간,민간임대,광주,0
2024-01,,민간,민간임대,대전,0
2024-01,,민간,민간임대,울산,0
2024-01,,민간,민간임대,세종,0
2024-01,,민간,민간임대,강원,350
2024-01,,민간,민간임대,충북,0
2024-01,,민간,민간임대,충남,232
2024-01,,민간,민간임대,전북,378
2024-01,,민간,민간임대,전남,99
2024-01,,민간,민간임대,경북,0
2024-01,,민간,민간임대,경남,0
2024-01,,민간,민간임대,제주,0
2024-01,,민간,민간분양,전국,21356
2024-01,,민간,민간분양,서울,950
2024-01,,민간,민간분양,인천,4113
2024-01,,민간,민간분양,경기,7135
2024-01,,민간,민간분양,부산,36
2024-01,,민간,민간분양,대구,282
2024-01,,민간,민간분양,광주,2644
2024-01,,민간,민간분양,대전,22
2024-01,,민간,민간분양,울산,24
2024-01,,민간,민간분양,세종,7
2024-01,,민간,민간분양,강원,156
2024-01,,민간,민간분양,충북,2160
2024-01,,민간,민간분양,충남,1537
2024-01,,민간,민간분양,전북,69
2024-01,,민간,민간분양,전남,823
2024-01,,민간,민간분양,경북,406
2024-01,,민간,민간분양,경남,137
2024-01,,민간,민간분양,제주,855
2024-02,,총계,총계,전국,23352
2024-02,,총계,총계,서울,1678
2024-02,,총계,총계,인천,2864
2024-02,,총계,총계,경기,8437
2024-02,,총계,총계,부산,1567
2024-02,,총계,총계,대구,8
2024-02,,총계,총계,광주,3
2024-02,,총계,총계,대전,1222
2024-02,,총계,총계,울산,21
2024-02,,총계,총계,세종,7
2024-02,,총계,총계,강원,1651
2024-02,,총계,총계,충북,2472
2024-02,,총계,총계,충남,678
2024-02,,총계,총계,전북,347
2024-02,,총계,총계,전남,1498
2024-02,,총계,총계,경북,208
2024-02,,총계,총계,경남,402
2024-02,,총계,총계,제주,289
2024-02,,공공부문,소계,전국,0
2024-02,,공공부문,소계,서울,0
2024-02,,공공부문,소계,인천,0
2024-02,,공공부문,소계,경기,0
2024-02,,공공부문,소계,부산,0
2024-02,,공공부문,소계,대구,0
2024-02,,공공부문,소계,광주,0
2024-02,,공공부문,소계,대전,0
2024-02,,공공부문,소계,울산,0
2024-02,,공공부문,소계,세종,0
2024-02,,공공부문,소계,강원,0
2024-02,,공공부문,소계,충북,0
2024-02,,공공부문,소계,충남,0
2024-02,,공공부문,소계,전북,0
2024-02,,공공부문,소계,전남,0
2024-02,,공공부문,소계,경북,0
2024-02,,공공부문,소계,경남,0
2024-02,,공공부문,소계,제주,0
2024-02,,합,국민임대,전국,0
2024-02,,합,국민임대,서울,0
2024-02,,합,국민임대,인천,0
2024-02,,합,국민임대,경기,0
2024-02,,합,국민임대,부산,0
2024-02,,합,국민임대,대구,0
2024-02,,합,국민임대,광주,0
2024-02,,합,국민임대,대전,0
2024-02,,합,국민임대,울산,0
2024-02,,합,국민임대,세종,0
2024-02,,합,국민임대,강원,0
2024-02,,합,국민임대,충북,0
2024-02,,합,국민임대,충남,0
2024-02,,합,국민임대,전북,0
2024-02,,합,국민임대,전남,0
2024-02,,합,국민임대,경북,0
2024-02,,합,국민임대,경남,0
2024-02,,합,국민임대,제주,0
2024-02,,합,공공임대,전국,0
2024-02,,합,공공임대,서울,0
2024-02,,합,공공임대,인천,0
2024-02,,합,공공임대,경기,0
2024-02,,합,공공임대,부산,0
2024-02,,합,공공임대,대구,0
2024-02,,합,공공임대,광주,0
2024-02,,합,공공임대,대전,0
2024-02,,합,공공임대,울산,0
2024-02,,합,공공임대,세종,0
2024-02,,합,공공임대,강원,0
2024-02,,합,공공임대,충북,0
2024-02,,합,공공임대,충남,0
2024-02,,합,공공임대,전북,0
2024-02,,합,공공임대,전남,0
2024-02,,합,공공임대,경북,0
2024-02,,합,공공임대,경남,0
2024-02,,합,공공임대,제주,0
2024-02,,합,공공분양,전국,0
2024-02,,합,공공분양,서울,0
2024-02,,합,공공분양,인천,0
2024-02,,합,공공분양,경기,0
2024-02,,합,공공분양,부산,0
2024-02,,합,공공분양,대구,0
2024-02,,합,공공분양,광주,0
2024-02,,합,공공분양,대전,0
2024-02,,합,공공분양,울산,0
2024-02,,합,공공분양,세종,0
2024-02,,합,공공분양,강원,0
2024-02,,합,공공분양,충북,0
2024-02,,합,공공분양,충남,0
2024-02,,합,공공분양,전북,0
2024-02,,합,공공분양,전남,0
2024-02,,합,공공분양,경북,0
2024-02,,합,공공분양,경남,0
2024-02,,합,공공분양,제주,0
2024-02,,지자체,소계,전국,0
2024-02,,지자체,소계,서울,0
2024-02,,지자체,소계,인천,0
2024-02,,지자체,소계,경기,0
2024-02,,지자체,소계,부산,0
2024-02,,지자체,소계,대구,0
2024-02,,지자체,소계,광주,0
2024-02,,지자체,소계,대전,0
2024-02,,지자체,소계,울산,0
2024-02,,지자체,소계,세종,0
2024-02,,지자체,소계,강원,0
2024-02,,지자체,소계,충북,0
2024-02,,지자체,소계,충남,0
2024-02,,지자체,소계,전북,0
2024-02,,지자체,소계,전남,0
2024-02,,지자체,소계,경북,0
2024-02,,지자체,소계,경남,0
2024-02,,지자체,소계,제주,0
2024-02,,지자체,국민임대,전국,0
2024-02,,지자체,국민임대,서울,0
2024-02,,지자체,국민임대,인천,0
2024-02,,지자체,국민임대,경기,0
2024-02,,지자체,국민임대,부산,0
2024-02,,지자체,국민임대,대구,0
2024-02,,지자체,국민임대,광주,0
2024-02,,지자체,국민임대,대전,0
2024-02,,지자체,국민임대,울산,0
2024-02,,지자체,국민임대,세종,0
2024-02,,지자체,국민임대,강원,0
2024-02,,지자체,국민임대,충북,0
2024-02,,지자체,국민임대,충남,0
2024-02,,지자체,국민임대,전북,0
2024-02,,지자체,국민임대,전남,0
2024-02,,지자체,국민임대,경북,0
2024-02,,지자체,국민임대,경남,0
2024-02,,지자체,국민임대,제주,0
2024-02,,지자체,공공임대,전국,0
2024-02,,지자체,공공임대,서울,0
2024-02,,지자체,공공임대,인천,0
2024-02,,지자체,공공임대,경기,0
2024-02,,지자체,공공임대,부산,0
2024-02,,지자체,공공임대,대구,0
2024-02,,지자체,공공임대,광주,0
2024-02,,지자체,공공임대,대전,0
2024-02,,지자체,공공임대,울산,0
2024-02,,지자체,공공임대,세종,0
2024-02,,지자체,공공임대,강원,0
2024-02,,지자체,공공임대,충북,0
2024-02,,지자체,공공임대,충남,0
2024-02,,지자체,공공임대,전북,0
2024-02,,지자체,공공임대,전남,0
2024-02,,지자체,공공임대,경북,0
2024-02,,지자체,공공임대,경남,0
2024-02,,지자체,공공임대,제주,0
2024-02,,지자체,공공분양,전국,0
2024-02,,지자체,공공분양,서울,0
2024-02,,지자체,공공분양,인천,0
2024-02,,지자체,공공분양,경기,0
2024-02,,지자체,공공분양,부산,0
2024-02,,지자체,공공분양,대구,0
2024-02,,지자체,공공분양,광주,0
2024-02,,지자체,공공분양,대전,0
2024-02,,지자체,공공분양,울산,0
2024-02,,지자체,공공분양,세종,0
2024-02,,지자체,공공분양,강원,0
2024-02,,지자체,공공분양,충북,0
2024-02,,지자체,공공분양,충남,0
2024-02,,지자체,공공분양,전북,0
2024-02,,지자체,공공분양,전남,0
2024-02,,지자체,공공분양,경북,0
2024-02,,지자체,공공분양,경남,0
2024-02,,지자체,공공분양,제주,0
2024-02,,LH,소계,전국,0
2024-02,,LH,소계,서울,0
2024-02,,LH,소계,인천,0
2024-02,,LH,소계,경기,0
2024-02,,LH,소계,부산,0
2024-02,,LH,소계,대구,0
2024-02,,LH,소계,광주,0
2024-02,,LH,소계,대전,0
2024-02,,LH,소계,울산,0
2024-02,,LH,소계,세종,0
2024-02,,LH,소계,강원,0
2024-02,,LH,소계,충북,0
2024-02,,LH,소계,충남,0
2024-02,,LH,소계,전북,0
2024-02,,LH,소계,전남,0
2024-02,,LH,소계,경북,0
2024-02,,LH,소계,경남,0
2024-02,,LH,소계,제주,0
2024-02,,LH,국민임대,전국,0
2024-02,,LH,국민임대,서울,0
2024-02,,LH,국민임대,인천,0
2024-02,,LH,국민임대,경기,0
2024-02,,LH,국민임대,부산,0
2024-02,,LH,국민임대,대구,0
2024-02,,LH,국민임대,광주,0
2024-02,,LH,국민임대,대전,0
2024-02,,LH,국민임대,울산,0
2024-02,,LH,국민임대,세종,0
2024-02,,LH,국민임대,강원,0
2024-02,,LH,국민임대,충북,0
2024-02,,LH,국민임대,충남,0
2024-02,,LH,국민임대,전북,0
2024-02,,LH,국민임대,전남,0
2024-02,,LH,국민임대,경북,0
2024-02,,LH,국민임대,경남,0
2024-02,,LH,국민임대,제주,0
2024-02,,LH,공공임대,전국,0
2024-02,,LH,공공임대,서울,0
2024-02,,LH,공공임대,인천,0
2024-02,,LH,공공임대,경기,0
2024-02,,LH,공공임대,부산,0
2024-02,,LH,공공임대,대구,0
2024-02,,LH,공공임대,광주,0
2024-02,,LH,공공임대,대전,0
2024-02,,LH,공공임대,울산,0
2024-02,,LH,공공임대,세종,0
2024-02,,LH,공공임대,강원,0
2024-02,,LH,공공임대,충북,0
2024-02,,LH,공공임대,충남,0
2024-02,,LH,공공임대,전북,0
2024-02,,LH,공공임대,전남,0
2024-02,,LH,공공임대,경북,0
2024-02,,LH,공공임대,경남,0
2024-02,,LH,공공임대,제주,0
2024-02,,LH,공공분양,전국,0
2024-02,,LH,공공분양,서울,0
2024-02,,LH,공공분양,인천,0
2024-02,,LH,공공분양,경기,0
2024-02,,LH,공공분양,부산,0
2024-02,,LH,공공분양,대구,0
2024-02,,LH,공공분양,광주,0
2024-02,,LH,공공분양,대전,0
2024-02,,LH,공공분양,울산,0
2024-02,,LH,공공분양,세종,0
2024-02,,LH,공공분양,강원,0
2024-02,,LH,공공분양,충북,0
2024-02,,LH,공공분양,충남,0
2024-02,,LH,공공분양,전북,0
2024-02,,LH,공공분양,전남,0
2024-02,,LH,공공분양,경북,0
2024-02,,LH,공공분양,경남,0
2024-02,,LH,공공분양,제주,0
2024-02,,주택업체,소계,전국,0
2024-02,,주택업체,소계,서울,0
2024-02,,주택업체,소계,인천,0
2024-02,,주택업체,소계,경기,0
2024-02,,주택업체,소계,부산,0
2024-02,,주택업체,소계,대구,0
2024-02,,주택업체,소계,광주,0
2024-02,,주택업체,소계,대전,0
2024-02,,주택업체,소계,울산,0
2024-02,,주택업체,소계,세종,0
2024-02,,주택업체,소계,강원,0
2024-02,,주택업체,소계,충북,0
2024-02,,주택업체,소계,충남,0
2024-02,,주택업체,소계,전북,0
2024-02,,주택업체,소계,전남,0
2024-02,,주택업체,소계,경북,0
2024-02,,주택업체,소계,경남,0
2024-02,,주택업체,소계,제주,0
2024-02,,주택업체,국민임대,전국,0
2024-02,,주택업체,국민임대,서울,0
2024-02,,주택업체,국민임대,인천,0
2024-02,,주택업체,국민임대,경기,0
2024-02,,주택업체,국민임대,부산,0
2024-02,,주택업체,국민임대,대구,0
2024-02,,주택업체,국민임대,광주,0
2024-02,,주택업체,국민임대,대전,0
2024-02,,주택업체,국민임대,울산,0
2024-02,,주택업체,국민임대,세종,0
2024-02,,주택업체,국민임대,강원,0
2024-02,,주택업체,국민임대,충북,0
2024-02,,주택업체,국민임대,충남,0
2024-02,,주택업체,국민임대,전북,0
2024-02,,주택업체,국민임대,전남,0
2024-02,,주택업체,국민임대,경북,0
2024-02,,주택업체,국민임대,경남,0
2024-02,,주택업체,국민임대,제주,0
2024-02,,주택업체,공공임대,전국,0
2024-02,,주택업체,공공임대,서울,0
2024-02,,주택업체,공공임대,인천,0
2024-02,,주택업체,공공임대,경기,0
2024-02,,주택업체,공공임대,부산,0
2024-02,,주택업체,공공임대,대구,0
2024-02,,주택업체,공공임대,광주,0
2024-02,,주택업체,공공임대,대전,0
2024-02,,주택업체,공공임대,울산,0
2024-02,,주택업체,공공임대,세종,0
2024-02,,주택업체,공공임대,강원,0
2024-02,,주택업체,공공임대,충북,0
2024-02,,주택업체,공공임대,충남,0
2024-02,,주택업체,공공임대,전북,0
2024-02,,주택업체,공공임대,전남,0
2024-02,,주택업체,공공임대,경북,0
2024-02,,주택업체,공공임대,경남,0
2024-02,,주택업체,공공임대,제주,0
2024-02,,주택업체,공공분양,전국,0
2024-02,,주택업체,공공분양,서울,0
2024-02,,주택업체,공공분양,인천,0
2024-02,,주택업체,공공분양,경기,0
2024-02,,주택업체,공공분양,부산,0
2024-02,,주택업체,공공분양,대구,0
2024-02,,주택업체,공공분양,광주,0
2024-02,,주택업체,공공분양,대전,0
2024-02,,주택업체,공공분양,울산,0
2024-02,,주택업체,공공분양,세종,0
2024-02,,주택업체,공공분양,강원,0
2024-02,,주택업체,공공분양,충북,0
2024-02,,주택업체,공공분양,충남,0
2024-02,,주택업체,공공분양,전북,0
2024-02,,주택업체,공공분양,전남,0
2024-02,,주택업체,공공분양,경북,0
2024-02,,주택업체,공공분양,경남,0
2024-02,,주택업체,공공분양,제주,0
2024-02,,민간부문,소계,전국,23352
2024-02,,민간부문,소계,서울,1678
2024-02,,민간부문,소계,인천,2864
2024-02,,민간부문,소계,경기,8437
2024-02,,민간부문,소계,부산,1567
2024-02,,민간부문,소계,대구,8
2024-02,,민간부문,소계,광주,3
2024-02,,민간부문,소계,대전,1222
2024-02,,민간부문,소계,울산,21
2024-02,,민간부문,소계,세종,7
2024-02,,민간부문,소계,강원,1651
2024-02,,민간부문,소계,충북,2472
2024-02,,민간부문,소계,충남,678
2024-02,,민간부문,소계,전북,347
2024-02,,민간부문,소계,전남,1498
2024-02,,민간부문,소계,경북,208
2024-02,,민간부문,소계,경남,402
2024-02,,민간부문,소계,제주,289
2024-02,,민간,민간임대,전국,1676
2024-02,,민간,민간임대,서울,342
2024-02,,민간,민간임대,인천,0
2024-02,,민간,민간임대,경기,552
2024-02,,민간,민간임대,부산,0
2024-02,,민간,민간임대,대구,0
2024-02,,민간,민간임대,광주,0
2024-02,,민간,민간임대,대전,0
2024-02,,민간,민간임대,울산,0
2024-02,,민간,민간임대,세종,0
2024-02,,민간,민간임대,강원,0
2024-02,,민간,민간임대,충북,0
2024-02,,민간,민간임대,충남,504
2024-02,,민간,민간임대,전북,278
2024-02,,민간,민간임대,전남,0
2024-02,,민간,민간임대,경북,0
2024-02,,민간,민간임대,경남,0
2024-02,,민간,민간임대,제주,0
2024-02,,민간,민간분양,전국,21676
2024-02,,민간,민간분양,서울,1336
2024-02,,민간,민간분양,인천,2864
2024-02,,민간,민간분양,경기,7885
2024-02,,민간,민간분양,부산,1567
2024-02,,민간,민간분양,대구,8
2024-02,,민간,민간분양,광주,3
2024-02,,민간,민간분양,대전,1222
2024-02,,민간,민간분양,울산,21
2024-02,,민간,민간분양,세종,7
2024-02,,민간,민간분양,강원,1651
2024-02,,민간,민간분양,충북,2472
2024-02,,민간,민간분양,충남,174
2024-02,,민간,민간분양,전북,69
2024-02,,민간,민간분양,전남,1498
2024-02,,민간,민간분양,경북,208
2024-02,,민간,민간분양,경남,402
2024-02,,민간,민간분양,제주,289
2024-03,,총계,총계,전국,16919
2024-03,,총계,총계,서울,6990
2024-03,,총계,총계,인천,650
2024-03,,총계,총계,경기,2347
2024-03,,총계,총계,부산,1812
2024-03,,총계,총계,대구,292
2024-03,,총계,총계,광주,439
2024-03,,총계,총계,대전,1358
2024-03,,총계,총계,울산,257
2024-03,,총계,총계,세종,7
2024-03,,총계,총계,강원,273
2024-03,,총계,총계,충북,317
2024-03,,총계,총계,충남,230
2024-03,,총계,총계,전북,122
2024-03,,총계,총계,전남,295
2024-03,,총계,총계,경북,262
2024-03,,총계,총계,경남,928
2024-03,,총계,총계,제주,340
2024-03,,공공부문,소계,전국,397
2024-03,,공공부문,소계,서울,1
2024-03,,공공부문,소계,인천,0
2024-03,,공공부문,소계,경기,0
2024-03,,공공부문,소계,부산,0
2024-03,,공공부문,소계,대구,278
2024-03,,공공부문,소계,광주,0
2024-03,,공공부문,소계,대전,0
2024-03,,공공부문,소계,울산,38
2024-03,,공공부문,소계,세종,0
2024-03,,공공부문,소계,강원,0
2024-03,,공공부문,소계,충북,80
2024-03,,공공부문,소계,충남,0
2024-03,,공공부문,소계,전북,0
2024-03,,공공부문,소계,전남,0
2024-03,,공공부문,소계,경북,0
2024-03,,공공부문,소계,경남,0
2024-03,,공공부문,소계,제주,0
2024-03,,합,국민임대,전국,0
2024-03,,합,국민임대,서울,0
2024-03,,합,국민임대,인천,0
2024-03,,합,국민임대,경기,0
2024-03,,합,국민임대,부산,0
2024-03,,합,국민임대,대구,0
2024-03,,합,국민임대,광주,0
2024-03,,합,국민임대,대전,0
2024-03,,합,국민임대,울산,0
2024-03,,합,국민임대,세종,0
2024-03,,합,국민임대,강원,0
2024-03,,합,국민임대,충북,0
2024-03,,합,국민임대,충남,0
2024-03,,합,국민임대,전북,0
2024-03,,합,국민임대,전남,0
2024-03,,합,국민임대,경북,0
2024-03,,합,국민임대,경남,0
2024-03,,합,국민임대,제주,0
2024-03,,합,공공임대,전국,397
2024-03,,합,공공임대,서울,1
2024-03,,합,공공임대,인천,0
2024-03,,합,공공임대,경기,0
2024-03,,합,공공임대,부산,0
2024-03,,합,공공임대,대구,278
2024-03,,합,공공임대,광주,0
2024-03,,합,공공임대,대전,0
2024-03,,합,공공임대,울산,38
2024-03,,합,공공임대,세종,0
2024-03,,합,공공임대,강원,0
2024-03,,합,공공임대,충북,80
2024-03,,합,공공임대,충남,0
2024-03,,합,공공임대,전북,0
2024-03,,합,공공임대,전남,0
2024-03,,합,공공임대,경북,0
2024-03,,합,공공임대,경남,0
2024-03,,합,공공임대,제주,0
2024-03,,합,공공분양,전국,0
2024-03,,합,공공분양,서울,0
2024-03,,합,공공분양,인천,0
2024-03,,합,공공분양,경기,0
2024-03,,합,공공분양,부산,0
2024-03,,합,공공분양,대구,0
2024-03,,합,공공분양,광주,0
2024-03,,합,공공분양,대전,0
2024-03,,합,공공분양,울산,0
2024-03,,합,공공분양,세종,0
2024-03,,합,공공분양,강원,0
2024-03,,합,공공분양,충북,0
2024-03,,합,공공분양,충남,0
2024-03,,합,공공분양,전북,0
2024-03,,합,공공분양,전남,0
2024-03,,합,공공분양,경북,0
2024-03,,합,공공분양,경남,0
2024-03,,합,공공분양,제주,0
2024-03,,지자체,소계,전국,316
2024-03,,지자체,소계,서울,0
2024-03,,지자체,소계,인천,0
2024-03,,지자체,소계,경기,0
2024-03,,지자체,소계,부산,0
2024-03,,지자체,소계,대구,278
2024-03,,지자체,소계,광주,0
2024-03,,지자체,소계,대전,0
2024-03,,지자체,소계,울산,38
2024-03,,지자체,소계,세종,0
2024-03,,지자체,소계,강원,0
2024-03,,지자체,소계,충북,0
2024-03,,지자체,소계,충남,0
2024-03,,지자체,소계,전북,0
2024-03,,지자체,소계,전남,0
2024-03,,지자체,소계,경북,0
2024-03,,지자체,소계,경남,0
2024-03,,지자체,소계,제주,0
2024-03,,지자체,국민임대,전국,0
2024-03,,지자체,국민임대,서울,0
2024-03,,지자체,국민임대,인천,0
2024-03,,지자체,국민임대,경기,0
2024-03,,지자체,국민임대,부산,0
2024-03,,지자체,국민임대,대구,0
2024-03,,지자체,국민임대,광주,0
2024-03,,지자체,국민임대,대전,0
2024-03,,지자체,국민임대,울산,0
2024-03,,지자체,국민임대,세종,0
2024-03,,지자체,국민임대,강원,0
2024-03,,지자체,국민임대,충북,0
2024-03,,지자체,국민임대,충남,0
2024-03,,지자체,국민임대,전북,0
2024-03,,지자체,국민임대,전남,0
2024-03,,지자체,국민임대,경북,0
2024-03,,지자체,국민임대,경남,0
2024-03,,지자체,국민임대,제주,0
2024-03,,지자체,공공임대,전국,316
2024-03,,지자체,공공임대,서울,0
2024-03,,지자체,공공임대,인천,0
2024-03,,지자체,공공임대,경기,0
2024-03,,지자체,공공임대,부산,0
2024-03,,지자체,공공임대,대구,278
2024-03,,지자체,공공임대,광주,0
2024-03,,지자체,공공임대,대전,0
2024-03,,지자체,공공임대,울산,38
2024-03,,지자체,공공임대,세종,0
2024-03,,지자체,공공임대,강원,0
2024-03,,지자체,공공임대,충북,0
2024-03,,지자체,공공임대,충남,0
2024-03,,지자체,공공임대,전북,0
2024-03,,지자체,공공임대,전남,0
2024-03,,지자체,공공임대,경북,0
2024-03,,지자체,공공임대,경남,0
2024-03,,지자체,공공임대,제주,0
2024-03,,지자체,공공분양,전국,0
2024-03,,지자체,공공분양,서울,0
2024-03,,지자체,공공분양,인천,0
2024-03,,지자체,공공분양,경기,0
2024-03,,지자체,공공분양,부산,0
2024-03,,지자체,공공분양,대구,0
2024-03,,지자체,공공분양,광주,0
2024-03,,지자체,공공분양,대전,0
2024-03,,지자체,공공분양,울산,0
2024-03,,지자체,공공분양,세종,0
2024-03,,지자체,공공분양,강원,0
2024-03,,지자체,공공분양,충북,0
2024-03,,지자체,공공분양,충남,0
2024-03,,지자체,공공분양,전북,0
2024-03,,지자체,공공분양,전남,0
2024-03,,지자체,공공분양,경북,0
2024-03,,지자체,공공분양,경남,0
2024-03,,지자체,공공분양,제주,0
2024-03,,LH,소계,전국,80
2024-03,,LH,소계,서울,0
2024-03,,LH,소계,인천,0
2024-03,,LH,소계,경기,0
2024-03,,LH,소계,부산,0
2024-03,,LH,소계,대구,0
2024-03,,LH,소계,광주,0
2024-03,,LH,소계,대전,0
2024-03,,LH,소계,울산,0
2024-03,,LH,소계,세종,0
2024-03,,LH,소계,강원,0
2024-03,,LH,소계,충북,80
2024-03,,LH,소계,충남,0
2024-03,,LH,소계,전북,0
2024-03,,LH,소계,전남,0
2024-03,,LH,소계,경북,0
2024-03,,LH,소계,경남,0
2024-03,,LH,소계,제주,0
2024-03,,LH,국민임대,전국,0
2024-03,,LH,국민임대,서울,0
2024-03,,LH,국민임대,인천,0
2024-03,,LH,국민임대,경기,0
2024-03,,LH,국민임대,부산,0
2024-03,,LH,국민임대,대구,0
2024-03,,LH,국민임대,광주,0
2024-03,,LH,국민임대,대전,0
2024-03,,LH,국민임대,울산,0
2024-03,,LH,국민임대,세종,0
2024-03,,LH,국민임대,강원,0
2024-03,,LH,국민임대,충북,0
2024-03,,LH,국민임대,충남,0
2024-03,,LH,국민임대,전북,0
2024-03,,LH,국민임대,전남,0
2024-03,,LH,국민임대,경북,0
2024-03,,LH,국민임대,경남,0
2024-03,,LH,국민임대,제주,0
2024-03,,LH,공공임대,전국,80
2024-03,,LH,공공임대,서울,0
2024-03,,LH,공공임대,인천,0
2024-03,,LH,공공임대,경기,0
2024-03,,LH,공공임대,부산,0
2024-03,,LH,공공임대,대구,0
2024-03,,LH,공공임대,광주,0
2024-03,,LH,공공임대,대전,0
2024-03,,LH,공공임대,울산,0
2024-03,,LH,공공임대,세종,0
2024-03,,LH,공공임대,강원,0
2024-03,,LH,공공임대,충북,80
2024-03,,LH,공공임대,충남,0
2024-03,,LH,공공임대,전북,0
2024-03,,LH,공공임대,전남,0
2024-03,,LH,공공임대,경북,0
2024-03,,LH,공공임대,경남,0
2024-03,,LH,공공임대,제주,0
2024-03,,LH,공공분양,전국,0
2024-03,,LH,공공분양,서울,0
2024-03,,LH,공공분양,인천,0
2024-03,,LH,공공분양,경기,0
2024-03,,LH,공공분양,부산,0
2024-03,,LH,공공분양,대구,0
2024-03,,LH,공공분양,광주,0
2024-03,,LH,공공분양,대전,0
2024-03,,LH,공공분양,울산,0
2024-03,,LH,공공분양,세종,0
2024-03,,LH,공공분양,강원,0
2024-03,,LH,공공분양,충북,0
2024-03,,LH,공공분양,충남,0
2024-03,,LH,공공분양,전북,0
2024-03,,LH,공공분양,전남,0
2024-03,,LH,공공분양,경북,0
2024-03,,LH,공공분양,경남,0
2024-03,,LH,공공분양,제주,0
2024-03,,주택업체,소계,전국,1
2024-03,,주택업체,소계,서울,1
2024-03,,주택업체,소계,인천,0
2024-03,,주택업체,소계,경기,0
2024-03,,주택업체,소계,부산,0
2024-03,,주택업체,소계,대구,0
2024-03,,주택업체,소계,광주,0
2024-03,,주택업체,소계,대전,0
2024-03,,주택업체,소계,울산,0
2024-03,,주택업체,소계,세종,0
2024-03,,주택업체,소계,강원,0
2024-03,,주택업체,소계,충북,0
2024-03,,주택업체,소계,충남,0
2024-03,,주택업체,소계,전북,0
2024-03,,주택업체,소계,전남,0
2024-03,,주택업체,소계,경북,0
2024-03,,주택업체,소계,경남,0
2024-03,,주택업체,소계,제주,0
2024-03,,주택업체,국민임대,전국,0
2024-03,,주택업체,국민임대,서울,0
2024-03,,주택업체,국민임대,인천,0
2024-03,,주택업체,국민임대,경기,0
2024-03,,주택업체,국민임대,부산,0
2024-03,,주택업체,국민임대,대구,0
2024-03,,주택업체,국민임대,광주,0
2024-03,,주택업체,국민임대,대전,0
2024-03,,주택업체,국민임대,울산,0
2024-03,,주택업체,국민임대,세종,0
2024-03,,주택업체,국민임대,강원,0
2024-03,,주택업체,국민임대,충북,0
2024-03,,주택업체,국민임대,충남,0
2024-03,,주택업체,국민임대,전북,0
2024-03,,주택업체,국민임대,전남,0
2024-03,,주택업체,국민임대,경북,0
2024-03,,주택업체,국민임대,경남,0
2024-03,,주택업체,국민임대,제주,0
2024-03,,주택업체,공공임대,전국,1
2024-03,,주택업체,공공임대,서울,1
2024-03,,주택업체,공공임대,인천,0
2024-03,,주택업체,공공임대,경기,0
2024-03,,주택업체,공공임대,부산,0
2024-03,,주택업체,공공임대,대구,0
2024-03,,주택업체,공공임대,광주,0
2024-03,,주택업체,공공임대,대전,0
2024-03,,주택업체,공공임대,울산,0
2024-03,,주택업체,공공임대,세종,0
2024-03,,주택업체,공공임대,강원,0
2024-03,,주택업체,공공임대,충북,0
2024-03,,주택업체,공공임대,충남,0
2024-03,,주택업체,공공임대,전북,0
2024-03,,주택업체,공공임대,전남,0
2024-03,,주택업체,공공임대,경북,0
2024-03,,주택업체,공공임대,경남,0
2024-03,,주택업체,공공임대,제주,0
2024-03,,주택업체,공공분양,전국,0
2024-03,,주택업체,공공분양,서울,0
2024-03,,주택업체,공공분양,인천,0
2024-03,,주택업체,공공분양,경기,0
2024-03,,주택업체,공공분양,부산,0
2024-03,,주택업체,공공분양,대구,0
2024-03,,주택업체,공공분양,광주,0
2024-03,,주택업체,공공분양,대전,0
2024-03,,주택업체,공공분양,울산,0
2024-03,,주택업체,공공분양,세종,0
2024-03,,주택업체,공공분양,강원,0
2024-03,,주택업체,공공분양,충북,0
2024-03,,주택업체,공공분양,충남,0
2024-03,,주택업체,공공분양,전북,0
2024-03,,주택업체,공공분양,전남,0
2024-03,,주택업체,공공분양,경북,0
2024-03,,주택업체,공공분양,경남,0
2024-03,,주택업체,공공분양,제주,0
2024-03,,민간부문,소계,전국,16522
2024-03,,민간부문,소계,서울,6989
2024-03,,민간부문,소계,인천,650
2024-03,,민간부문,소계,경기,2347
2024-03,,민간부문,소계,부산,1812
2024-03,,민간부문,소계,대구,14
2024-03,,민간부문,소계,광주,439
2024-03,,민간부문,소계,대전,1358
2024-03,,민간부문,소계,울산,219
2024-03,,민간부문,소계,세종,7
2024-03,,민간부문,소계,강원,273
2024-03,,민간부문,소계,충북,237
2024-03,,민간부문,소계,충남,230
2024-03,,민간부문,소계,전북,122
2024-03,,민간부문,소계,전남,295
2024-03,,민간부문,소계,경북,262
2024-03,,민간부문,소계,경남,928
2024-03,,민간부문,소계,제주,340
2024-03,,민간,민간임대,전국,659
2024-03,,민간,민간임대,서울,0
2024-03,,민간,민간임대,인천,0
2024-03,,민간,민간임대,경기,622
2024-03,,민간,민간임대,부산,0
2024-03,,민간,민간임대,대구,0
2024-03,,민간,민간임대,광주,0
2024-03,,민간,민간임대,대전,0
2024-03,,민간,민간임대,울산,0
2024-03,,민간,민간임대,세종,0
2024-03,,민간,민간임대,강원,0
2024-03,,민간,민간임대,충북,0
2024-03,,민간,민간임대,충남,0
2024-03,,민간,민간임대,전북,0
2024-03,,민간,민간임대,전남,37
2024-03,,민간,민간임대,경북,0
2024-03,,민간,민간임대,경남,0
2024-03,,민간,민간임대,제주,0
2024-03,,민간,민간분양,전국,15863
2024-03,,민간,민간분양,서울,6989
2024-03,,민간,민간분양,인천,650
2024-03,,민간,민간분양,경기,1725
2024-03,,민간,민간분양,부산,1812
2024-03,,민간,민간분양,대구,14
2024-03,,민간,민간분양,광주,439
2024-03,,민간,민간분양,대전,1358
2024-03,,민간,민간분양,울산,219
2024-03,,민간,민간분양,세종,7
2024-03,,민간,민간분양,강원,273
2024-03,,민간,민간분양,충북,237
2024-03,,민간,민간분양,충남,230
2024-03,,민간,민간분양,전북,122
2024-03,,민간,민간분양,전남,258
2024-03,,민간,민간분양,경북,262
2024-03,,민간,민간분양,경남,928
2024-03,,민간,민간분양,제주,340
2024-04,,총계,총계,전국,26103
2024-04,,총계,총계,서울,746
2024-04,,총계,총계,인천,3197
2024-04,,총계,총계,경기,13762
2024-04,,총계,총계,부산,678
2024-04,,총계,총계,대구,198
2024-04,,총계,총계,광주,13
2024-04,,총계,총계,대전,1811
2024-04,,총계,총계,울산,22
2024-04,,총계,총계,세종,15
2024-04,,총계,총계,강원,1309
2024-04,,총계,총계,충북,213
2024-04,,총계,총계,충남,1113
2024-04,,총계,총계,전북,1330
2024-04,,총계,총계,전남,462
2024-04,,총계,총계,경북,833
2024-04,,총계,총계,경남,257
2024-04,,총계,총계,제주,144
2024-04,,공공부문,소계,전국,0
2024-04,,공공부문,소계,서울,0
2024-04,,공공부문,소계,인천,0
2024-04,,공공부문,소계,경기,0
2024-04,,공공부문,소계,부산,0
2024-04,,공공부문,소계,대구,0
2024-04,,공공부문,소계,광주,0
2024-04,,공공부문,소계,대전,0
2024-04,,공공부문,소계,울산,0
2024-04,,공공부문,소계,세종,0
2024-04,,공공부문,소계,강원,0
2024-04,,공공부문,소계,충북,0
2024-04,,공공부문,소계,충남,0
2024-04,,공공부문,소계,전북,0
2024-04,,공공부문,소계,전남,0
2024-04,,공공부문,소계,경북,0
2024-04,,공공부문,소계,경남,0
2024-04,,공공부문,소계,제주,0
2024-04,,합,국민임대,전국,0
2024-04,,합,국민임대,서울,0
2024-04,,합,국민임대,인천,0
2024-04,,합,국민임대,경기,0
2024-04,,합,국민임대,부산,0
2024-04,,합,국민임대,대구,0
2024-04,,합,국민임대,광주,0
2024-04,,합,국민임대,대전,0
2024-04,,합,국민임대,울산,0
2024-04,,합,국민임대,세종,0
2024-04,,합,국민임대,강원,0
2024-04,,합,국민임대,충북,0
2024-04,,합,국민임대,충남,0
2024-04,,합,국민임대,전북,0
2024-04,,합,국민임대,전남,0
2024-04,,합,국민임대,경북,0
2024-04,,합,국민임대,경남,0
2024-04,,합,국민임대,제주,0
2024-04,,합,공공임대,전국,0
2024-04,,합,공공임대,서울,0
2024-04,,합,공공임대,인천,0
2024-04,,합,공공임대,경기,0
2024-04,,합,공공임대,부산,0
2024-04,,합,공공임대,대구,0
2024-04,,합,공공임대,광주,0
2024-04,,합,공공임대,대전,0
2024-04,,합,공공임대,울산,0
2024-04,,합,공공임대,세종,0
2024-04,,합,공공임대,강원,0
2024-04,,합,공공임대,충북,0
2024-04,,합,공공임대,충남,0
2024-04,,합,공공임대,전북,0
2024-04,,합,공공임대,전남,0
2024-04,,합,공공임대,경북,0
2024-04,,합,공공임대,경남,0
2024-04,,합,공공임대,제주,0
2024-04,,합,공공분양,전국,0
2024-04,,합,공공분양,서울,0
2024-04,,합,공공분양,인천,0
2024-04,,합,공공분양,경기,0
2024-04,,합,공공분양,부산,0
2024-04,,합,공공분양,대구,0
2024-04,,합,공공분양,광주,0
2024-04,,합,공공분양,대전,0
2024-04,,합,공공분양,울산,0
2024-04,,합,공공분양,세종,0
2024-04,,합,공공분양,강원,0
2024-04,,합,공공분양,충북,0
2024-04,,합,공공분양,충남,0
2024-04,,합,공공분양,전북,0
2024-04,,합,공공분양,전남,0
2024-04,,합,공공분양,경북,0
2024-04,,합,공공분양,경남,0
2024-04,,합,공공분양,제주,0
2024-04,,지자체,소계,전국,0
2024-04,,지자체,소계,서울,0
2024-04,,지자체,소계,인천,0
2024-04,,지자체,소계,경기,0
2024-04,,지자체,소계,부산,0
2024-04,,지자체,소계,대구,0
2024-04,,지자체,소계,광주,0
2024-04,,지자체,소계,대전,0
2024-04,,지자체,소계,울산,0
2024-04,,지자체,소계,세종,0
2024-04,,지자체,소계,강원,0
2024-04,,지자체,소계,충북,0
2024-04,,지자체,소계,충남,0
2024-04,,지자체,소계,전북,0
2024-04,,지자체,소계,전남,0
2024-04,,지자체,소계,경북,0
2024-04,,지자체,소계,경남,0
2024-04,,지자체,소계,제주,0
2024-04,,지자체,국민임대,전국,0
2024-04,,지자체,국민임대,서울,0
2024-04,,지자체,국민임대,인천,0
2024-04,,지자체,국민임대,경기,0
2024-04,,지자체,국민임대,부산,0
2024-04,,지자체,국민임대,대구,0
2024-04,,지자체,국민임대,광주,0
2024-04,,지자체,국민임대,대전,0
2024-04,,지자체,국민임대,울산,0
2024-04,,지자체,국민임대,세종,0
2024-04,,지자체,국민임대,강원,0
2024-04,,지자체,국민임대,충북,0
2024-04,,지자체,국민임대,충남,0
2024-04,,지자체,국민임대,전북,0
2024-04,,지자체,국민임대,전남,0
2024-04,,지자체,국민임대,경북,0
2024-04,,지자체,국민임대,경남,0
2024-04,,지자체,국민임대,제주,0
2024-04,,지자체,공공임대,전국,0
2024-04,,지자체,공공임대,서울,0
2024-04,,지자체,공공임대,인천,0
2024-04,,지자체,공공임대,경기,0
2024-04,,지자체,공공임대,부산,0
2024-04,,지자체,공공임대,대구,0
2024-04,,지자체,공공임대,광주,0
2024-04,,지자체,공공임대,대전,0
2024-04,,지자체,공공임대,울산,0
2024-04,,지자체,공공임대,세종,0
2024-04,,지자체,공공임대,강원,0
2024-04,,지자체,공공임대,충북,0
2024-04,,지자체,공공임대,충남,0
2024-04,,지자체,공공임대,전북,0
2024-04,,지자체,공공임대,전남,0
2024-04,,지자체,공공임대,경북,0
2024-04,,지자체,공공임대,경남,0
2024-04,,지자체,공공임대,제주,0
2024-04,,지자체,공공분양,전국,0
2024-04,,지자체,공공분양,서울,0
2024-04,,지자체,공공분양,인천,0
2024-04,,지자체,공공분양,경기,0
2024-04,,지자체,공공분양,부산,0
2024-04,,지자체,공공분양,대구,0
2024-04,,지자체,공공분양,광주,0
2024-04,,지자체,공공분양,대전,0
2024-04,,지자체,공공분양,울산,0
2024-04,,지자체,공공분양,세종,0
2024-04,,지자체,공공분양,강원,0
2024-04,,지자체,공공분양,충북,0
2024-04,,지자체,공공분양,충남,0
2024-04,,지자체,공공분양,전북,0
2024-04,,지자체,공공분양,전남,0
2024-04,,지자체,공공분양,경북,0
2024-04,,지자체,공공분양,경남,0
2024-04,,지자체,공공분양,제주,0
2024-04,,LH,소계,전국,0
2024-04,,LH,소계,서울,0
2024-04,,LH,소계,인천,0
2024-04,,LH,소계,경기,0
2024-04,,LH,소계,부산,0
2024-04,,LH,소계,대구,0
2024-04,,LH,소계,광주,0
2024-04,,LH,소계,대전,0
2024-04,,LH,소계,울산,0
2024-04,,LH,소계,세종,0
2024-04,,LH,소계,강원,0
2024-04,,LH,소계,충북,0
2024-04,,LH,소계,충남,0
2024-04,,LH,소계,전북,0
2024-04,,LH,소계,전남,0
2024-04,,LH,소계,경북,0
2024-04,,LH,소계,경남,0
2024-04,,LH,소계,제주,0
2024-04,,LH,국민임대,전국,0
2024-04,,LH,국민임대,서울,0
2024-04,,LH,국민임대,인천,0
2024-04,,LH,국민임대,경기,0
2024-04,,LH,국민임대,부산,0
2024-04,,LH,국민임대,대구,0
2024-04,,LH,국민임대,광주,0
2024-04,,LH,국민임대,대전,0
2024-04,,LH,국민임대,울산,0
2024-04,,LH,국민임대,세종,0
2024-04,,LH,국민임대,강원,0
2024-04,,LH,국민임대,충북,0
2024-04,,LH,국민임대,충남,0
2024-04,,LH,국민임대,전북,0
2024-04,,LH,국민임대,전남,0
2024-04,,LH,국민임대,경북,0
2024-04,,LH,국민임대,경남,0
2024-04,,LH,국민임대,제주,0
2024-04,,LH,공공임대,전국,0
2024-04,,LH,공공임대,서울,0
2024-04,,LH,공공임대,인천,0
2024-04,,LH,공공임대,경기,0
2024-04,,LH,공공임대,부산,0
2024-04,,LH,공공임대,대구,0
2024-04,,LH,공공임대,광주,0
2024-04,,LH,공공임대,대전,0
2024-04,,LH,공공임대,울산,0
2024-04,,LH,공공임대,세종,0
2024-04,,LH,공공임대,강원,0
2024-04,,LH,공공임대,충북,0
2024-04,,LH,공공임대,충남,0
2024-04,,LH,공공임대,전북,0
2024-04,,LH,공공임대,전남,0
2024-04,,LH,공공임대,경북,0
2024-04,,LH,공공임대,경남,0
2024-04,,LH,공공임대,제주,0
2024-04,,LH,공공분양,전국,0
2024-04,,LH,공공분양,서울,0
2024-04,,LH,공공분양,인천,0
2024-04,,LH,공공분양,경기,0
2024-04,,LH,공공분양,부산,0
2024-04,,LH,공공분양,대구,0
2024-04,,LH,공공분양,광주,0
2024-04,,LH,공공분양,대전,0
2024-04,,LH,공공분양,울산,0
2024-04,,LH,공공분양,세종,0
2024-04,,LH,공공분양,강원,0
2024-04,,LH,공공분양,충북,0
2024-04,,LH,공공분양,충남,0
2024-04,,LH,공공분양,전북,0
2024-04,,LH,공공분양,전남,0
2024-04,,LH,공공분양,경북,0
2024-04,,LH,공공분양,경남,0
2024-04,,LH,공공분양,제주,0
2024-04,,주택업체,소계,전국,0
2024-04,,주택업체,소계,서울,0
2024-04,,주택업체,소계,인천,0
2024-04,,주택업체,소계,경기,0
2024-04,,주택업체,소계,부산,0
2024-04,,주택업체,소계,대구,0
2024-04,,주택업체,소계,광주,0
2024-04,,주택업체,소계,대전,0
2024-04,,주택업체,소계,울산,0
2024-04,,주택업체,소계,세종,0
2024-04,,주택업체,소계,강원,0
2024-04,,주택업체,소계,충북,0
2024-04,,주택업체,소계,충남,0
2024-04,,주택업체,소계,전북,0
2024-04,,주택업체,소계,전남,0
2024-04,,주택업체,소계,경북,0
2024-04,,주택업체,소계,경남,0
2024-04,,주택업체,소계,제주,0
2024-04,,주택업체,국민임대,전국,0
2024-04,,주택업체,국민임대,서울,0
2024-04,,주택업체,국민임대,인천,0
2024-04,,주택업체,국민임대,경기,0
2024-04,,주택업체,국민임대,부산,0
2024-04,,주택업체,국민임대,대구,0
2024-04,,주택업체,국민임대,광주,0
2024-04,,주택업체,국민임대,대전,0
2024-04,,주택업체,국민임대,울산,0
2024-04,,주택업체,국민임대,세종,0
2024-04,,주택업체,국민임대,강원,0
2024-04,,주택업체,국민임대,충북,0
2024-04,,주택업체,국민임대,충남,0
2024-04,,주택업체,국민임대,전북,0
2024-04,,주택업체,국민임대,전남,0
2024-04,,주택업체,국민임대,경북,0
2024-04,,주택업체,국민임대,경남,0
2024-04,,주택업체,국민임대,제주,0
2024-04,,주택업체,공공임대,전국,0
2024-04,,주택업체,공공임대,서울,0
2024-04,,주택업체,공공임대,인천,0
2024-04,,주택업체,공공임대,경기,0
2024-04,,주택업체,공공임대,부산,0
2024-04,,주택업체,공공임대,대구,0
2024-04,,주택업체,공공임대,광주,0
2024-04,,주택업체,공공임대,대전,0
2024-04,,주택업체,공공임대,울산,0
2024-04,,주택업체,공공임대,세종,0
2024-04,,주택업체,공공임대,강원,0
2024-04,,주택업체,공공임대,충북,0
2024-04,,주택업체,공공임대,충남,0
2024-04,,주택업체,공공임대,전북,0
2024-04,,주택업체,공공임대,전남,0
2024-04,,주택업체,공공임대,경북,0
2024-04,,주택업체,공공임대,경남,0
2024-04,,주택업체,공공임대,제주,0
2024-04,,주택업체,공공분양,전국,0
2024-04,,주택업체,공공분양,서울,0
2024-04,,주택업체,공공분양,인천,0
2024-04,,주택업체,공공분양,경기,0
2024-04,,주택업체,공공분양,부산,0
2024-04,,주택업체,공공분양,대구,0
2024-04,,주택업체,공공분양,광주,0
2024-04,,주택업체,공공분양,대전,0
2024-04,,주택업체,공공분양,울산,0
2024-04,,주택업체,공공분양,세종,0
2024-04,,주택업체,공공분양,강원,0
2024-04,,주택업체,공공분양,충북,0
2024-04,,주택업체,공공분양,충남,0
2024-04,,주택업체,공공분양,전북,0
2024-04,,주택업체,공공분양,전남,0
2024-04,,주택업체,공공분양,경북,0
2024-04,,주택업체,공공분양,경남,0
2024-04,,주택업체,공공분양,제주,0
2024-04,,민간부문,소계,전국,26103
2024-04,,민간부문,소계,서울,746
2024-04,,민간부문,소계,인천,3197
2024-04,,민간부문,소계,경기,13762
2024-04,,민간부문,소계,부산,678
2024-04,,민간부문,소계,대구,198
2024-04,,민간부문,소계,광주,13
2024-04,,민간부문,소계,대전,1811
2024-04,,민간부문,소계,울산,22
2024-04,,민간부문,소계,세종,15
2024-04,,민간부문,소계,강원,1309
2024-04,,민간부문,소계,충북,213
2024-04,,민간부문,소계,충남,1113
2024-04,,민간부문,소계,전북,1330
2024-04,,민간부문,소계,전남,462
2024-04,,민간부문,소계,경북,833
2024-04,,민간부문,소계,경남,257
2024-04,,민간부문,소계,제주,144
2024-04,,민간,민간임대,전국,1673
2024-04,,민간,민간임대,서울,0
2024-04,,민간,민간임대,인천,0
2024-04,,민간,민간임대,경기,1471
2024-04,,민간,민간임대,부산,0
2024-04,,민간,민간임대,대구,0
2024-04,,민간,민간임대,광주,0
2024-04,,민간,민간임대,대전,0
2024-04,,민간,민간임대,울산,0
2024-04,,민간,민간임대,세종,0
2024-04,,민간,민간임대,강원,0
2024-04,,민간,민간임대,충북,0
2024-04,,민간,민간임대,충남,0
2024-04,,민간,민간임대,전북,0
2024-04,,민간,민간임대,전남,202
2024-04,,민간,민간임대,경북,0
2024-04,,민간,민간임대,경남,0
2024-04,,민간,민간임대,제주,0
2024-04,,민간,민간분양,전국,24430
2024-04,,민간,민간분양,서울,746
2024-04,,민간,민간분양,인천,3197
2024-04,,민간,민간분양,경기,12291
2024-04,,민간,민간분양,부산,678
2024-04,,민간,민간분양,대구,198
2024-04,,민간,민간분양,광주,13
2024-04,,민간,민간분양,대전,1811
2024-04,,민간,민간분양,울산,22
2024-04,,민간,민간분양,세종,15
2024-04,,민간,민간분양,강원,1309
2024-04,,민간,민간분양,충북,213
2024-04,,민간,민간분양,충남,1113
2024-04,,민간,민간분양,전북,1330
2024-04,,민간,민간분양,전남,260
2024-04,,민간,민간분양,경북,833
2024-04,,민간,민간분양,경남,257
2024-04,,민간,민간분양,제주,144
2024-05,,총계,총계,전국,17181
2024-05,,총계,총계,서울,1417
2024-05,,총계,총계,인천,2849
2024-05,,총계,총계,경기,5686
2024-05,,총계,총계,부산,1556
2024-05,,총계,총계,대구,1115
2024-05,,총계,총계,광주,21
2024-05,,총계,총계,대전,35
2024-05,,총계,총계,울산,25
2024-05,,총계,총계,세종,58
2024-05,,총계,총계,강원,556
2024-05,,총계,총계,충북,231
2024-05,,총계,총계,충남,852
2024-05,,총계,총계,전북,169
2024-05,,총계,총계,전남,318
2024-05,,총계,총계,경북,261
2024-05,,총계,총계,경남,1665
2024-05,,총계,총계,제주,367
2024-05,,공공부문,소계,전국,197
2024-05,,공공부문,소계,서울,0
2024-05,,공공부문,소계,인천,0
2024-05,,공공부문,소계,경기,152
2024-05,,공공부문,소계,부산,0
2024-05,,공공부문,소계,대구,0
2024-05,,공공부문,소계,광주,0
2024-05,,공공부문,소계,대전,0
2024-05,,공공부문,소계,울산,0
2024-05,,공공부문,소계,세종,0
2024-05,,공공부문,소계,강원,0
2024-05,,공공부문,소계,충북,0
2024-05,,공공부문,소계,충남,0
2024-05,,공공부문,소계,전북,0
2024-05,,공공부문,소계,전남,0
2024-05,,공공부문,소계,경북,0
2024-05,,공공부문,소계,경남,45
2024-05,,공공부문,소계,제주,0
2024-05,,합,국민임대,전국,0
2024-05,,합,국민임대,서울,0
2024-05,,합,국민임대,인천,0
2024-05,,합,국민임대,경기,0
2024-05,,합,국민임대,부산,0
2024-05,,합,국민임대,대구,0
2024-05,,합,국민임대,광주,0
2024-05,,합,국민임대,대전,0
2024-05,,합,국민임대,울산,0
2024-05,,합,국민임대,세종,0
2024-05,,합,국민임대,강원,0
2024-05,,합,국민임대,충북,0
2024-05,,합,국민임대,충남,0
2024-05,,합,국민임대,전북,0
2024-05,,합,국민임대,전남,0
2024-05,,합,국민임대,경북,0
2024-05,,합,국민임대,경남,0
2024-05,,합,국민임대,제주,0
2024-05,,합,공공임대,전국,197
2024-05,,합,공공임대,서울,0
2024-05,,합,공공임대,인천,0
2024-05,,합,공공임대,경기,152
2024-05,,합,공공임대,부산,0
2024-05,,합,공공임대,대구,0
2024-05,,합,공공임대,광주,0
2024-05,,합,공공임대,대전,0
2024-05,,합,공공임대,울산,0
2024-05,,합,공공임대,세종,0
2024-05,,합,공공임대,강원,0
2024-05,,합,공공임대,충북,0
2024-05,,합,공공임대,충남,0
2024-05,,합,공공임대,전북,0
2024-05,,합,공공임대,전남,0
2024-05,,합,공공임대,경북,0
2024-05,,합,공공임대,경남,45
2024-05,,합,공공임대,제주,0
2024-05,,합,공공분양,전국,0
2024-05,,합,공공분양,서울,0
2024-05,,합,공공분양,인천,0
2024-05,,합,공공분양,경기,0
2024-05,,합,공공분양,부산,0
2024-05,,합,공공분양,대구,0
2024-05,,합,공공분양,광주,0
2024-05,,합,공공분양,대전,0
2024-05,,합,공공분양,울산,0
2024-05,,합,공공분양,세종,0
2024-05,,합,공공분양,강원,0
2024-05,,합,공공분양,충북,0
2024-05,,합,공공분양,충남,0
2024-05,,합,공공분양,전북,0
2024-05,,합,공공분양,전남,0
2024-05,,합,공공분양,경북,0
2024-05,,합,공공분양,경남,0
2024-05,,합,공공분양,제주,0
2024-05,,지자체,소계,전국,197
2024-05,,지자체,소계,서울,0
2024-05,,지자체,소계,인천,0
2024-05,,지자체,소계,경기,152
2024-05,,지자체,소계,부산,0
2024-05,,지자체,소계,대구,0
2024-05,,지자체,소계,광주,0
2024-05,,지자체,소계,대전,0
2024-05,,지자체,소계,울산,0
2024-05,,지자체,소계,세종,0
2024-05,,지자체,소계,강원,0
2024-05,,지자체,소계,충북,0
2024-05,,지자체,소계,충남,0
2024-05,,지자체,소계,전북,0
2024-05,,지자체,소계,전남,0
2024-05,,지자체,소계,경북,0
2024-05,,지자체,소계,경남,45
2024-05,,지자체,소계,제주,0
2024-05,,지자체,국민임대,전국,0
2024-05,,지자체,국민임대,서울,0
2024-05,,지자체,국민임대,인천,0
2024-05,,지자체,국민임대,경기,0
2024-05,,지자체,국민임대,부산,0
2024-05,,지자체,국민임대,대구,0
2024-05,,지자체,국민임대,광주,0
2024-05,,지자체,국민임대,대전,0
2024-05,,지자체,국민임대,울산,0
2024-05,,지자체,국민임대,세종,0
2024-05,,지자체,국민임대,강원,0
2024-05,,지자체,국민임대,충북,0
2024-05,,지자체,국민임대,충남,0
2024-05,,지자체,국민임대,전북,0
2024-05,,지자체,국민임대,전남,0
2024-05,,지자체,국민임대,경북,0
2024-05,,지자체,국민임대,경남,0
2024-05,,지자체,국민임대,제주,0
2024-05,,지자체,공공임대,전국,197
2024-05,,지자체,공공임대,서울,0
2024-05,,지자체,공공임대,인천,0
2024-05,,지자체,공공임대,경기,152
2024-05,,지자체,공공임대,부산,0
2024-05,,지자체,공공임대,대구,0
2024-05,,지자체,공공임대,광주,0
2024-05,,지자체,공공임대,대전,0
2024-05,,지자체,공공임대,울산,0
2024-05,,지자체,공공임대,세종,0
2024-05,,지자체,공공임대,강원,0
2024-05,,지자체,공공임대,충북,0
2024-05,,지자체,공공임대,충남,0
2024-05,,지자체,공공임대,전북,0
2024-05,,지자체,공공임대,전남,0
2024-05,,지자체,공공임대,경북,0
2024-05,,지자체,공공임대,경남,45
2024-05,,지자체,공공임대,제주,0
2024-05,,지자체,공공분양,전국,0
2024-05,,지자체,공공분양,서울,0
2024-05,,지자체,공공분양,인천,0
2024-05,,지자체,공공분양,경기,0
2024-05,,지자체,공공분양,부산,0
2024-05,,지자체,공공분양,대구,0
2024-05,,지자체,공공분양,광주,0
2024-05,,지자체,공공분양,대전,0
2024-05,,지자체,공공분양,울산,0
2024-05,,지자체,공공분양,세종,0
2024-05,,지자체,공공분양,강원,0
2024-05,,지자체,공공분양,충북,0
2024-05,,지자체,공공분양,충남,0
2024-05,,지자체,공공분양,전북,0
2024-05,,지자체,공공분양,전남,0
2024-05,,지자체,공공분양,경북,0
2024-05,,지자체,공공분양,경남,0
2024-05,,지자체,공공분양,제주,0
2024-05,,LH,소계,전국,0
2024-05,,LH,소계,서울,0
2024-05,,LH,소계,인천,0
2024-05,,LH,소계,경기,0
2024-05,,LH,소계,부산,0
2024-05,,LH,소계,대구,0
2024-05,,LH,소계,광주,0
2024-05,,LH,소계,대전,0
2024-05,,LH,소계,울산,0
2024-05,,LH,소계,세종,0
2024-05,,LH,소계,강원,0
2024-05,,LH,소계,충북,0
2024-05,,LH,소계,충남,0
2024-05,,LH,소계,전북,0
2024-05,,LH,소계,전남,0
2024-05,,LH,소계,경북,0
2024-05,,LH,소계,경남,0
2024-05,,LH,소계,제주,0
2024-05,,LH,국민임대,전국,0
2024-05,,LH,국민임대,서울,0
2024-05,,LH,국민임대,인천,0
2024-05,,LH,국민임대,경기,0
2024-05,,LH,국민임대,부산,0
2024-05,,LH,국민임대,대구,0
2024-05,,LH,국민임대,광주,0
2024-05,,LH,국민임대,대전,0
2024-05,,LH,국민임대,울산,0
2024-05,,LH,국민임대,세종,0
2024-05,,LH,국민임대,강원,0
2024-05,,LH,국민임대,충북,0
2024-05,,LH,국민임대,충남,0
2024-05,,LH,국민임대,전북,0
2024-05,,LH,국민임대,전남,0
2024-05,,LH,국민임대,경북,0
2024-05,,LH,국민임대,경남,0
2024-05,,LH,국민임대,제주,0
2024-05,,LH,공공임대,전국,0
2024-05,,LH,공공임대,서울,0
2024-05,,LH,공공임대,인천,0
2024-05,,LH,공공임대,경기,0
2024-05,,LH,공공임대,부산,0
2024-05,,LH,공공임대,대구,0
2024-05,,LH,공공임대,광주,0
2024-05,,LH,공공임대,대전,0
2024-05,,LH,공공임대,울산,0
2024-05,,LH,공공임대,세종,0
2024-05,,LH,공공임대,강원,0
2024-05,,LH,공공임대,충북,0
2024-05,,LH,공공임대,충남,0
2024-05,,LH,공공임대,전북,0
2024-05,,LH,공공임대,전남,0
2024-05,,LH,공공임대,경북,0
2024-05,,LH,공공임대,경남,0
2024-05,,LH,공공임대,제주,0
2024-05,,LH,공공분양,전국,0
2024-05,,LH,공공분양,서울,0
2024-05,,LH,공공분양,인천,0
2024-05,,LH,공공분양,경기,0
2024-05,,LH,공공분양,부산,0
2024-05,,LH,공공분양,대구,0
2024-05,,LH,공공분양,광주,0
2024-05,,LH,공공분양,대전,0
2024-05,,LH,공공분양,울산,0
2024-05,,LH,공공분양,세종,0
2024-05,,LH,공공분양,강원,0
2024-05,,LH,공공분양,충북,0
2024-05,,LH,공공분양,충남,0
2024-05,,LH,공공분양,전북,0
2024-05,,LH,공공분양,전남,0
2024-05,,LH,공공분양,경북,0
2024-05,,LH,공공분양,경남,0
2024-05,,LH,공공분양,제주,0
2024-05,,주택업체,소계,전국,0
2024-05,,주택업체,소계,서울,0
2024-05,,주택업체,소계,인천,0
2024-05,,주택업체,소계,경기,0
2024-05,,주택업체,소계,부산,0
2024-05,,주택업체,소계,대구,0
2024-05,,주택업체,소계,광주,0
2024-05,,주택업체,소계,대전,0
2024-05,,주택업체,소계,울산,0
2024-05,,주택업체,소계,세종,0
2024-05,,주택업체,소계,강원,0
2024-05,,주택업체,소계,충북,0
2024-05,,주택업체,소계,충남,0
2024-05,,주택업체,소계,전북,0
2024-05,,주택업체,소계,전남,0
2024-05,,주택업체,소계,경북,0
2024-05,,주택업체,소계,경남,0
2024-05,,주택업체,소계,제주,0
2024-05,,주택업체,국민임대,전국,0
2024-05,,주택업체,국민임대,서울,0
2024-05,,주택업체,국민임대,인천,0
2024-05,,주택업체,국민임대,경기,0
2024-05,,주택업체,국민임대,부산,0
2024-05,,주택업체,국민임대,대구,0
2024-05,,주택업체,국민임대,광주,0
2024-05,,주택업체,국민임대,대전,0
2024-05,,주택업체,국민임대,울산,0
2024-05,,주택업체,국민임대,세종,0
2024-05,,주택업체,국민임대,강원,0
2024-05,,주택업체,국민임대,충북,0
2024-05,,주택업체,국민임대,충남,0
2024-05,,주택업체,국민임대,전북,0
2024-05,,주택업체,국민임대,전남,0
2024-05,,주택업체,국민임대,경북,0
2024-05,,주택업체,국민임대,경남,0
2024-05,,주택업체,국민임대,제주,0
2024-05,,주택업체,공공임대,전국,0
2024-05,,주택업체,공공임대,서울,0
2024-05,,주택업체,공공임대,인천,0
2024-05,,주택업체,공공임대,경기,0
2024-05,,주택업체,공공임대,부산,0
2024-05,,주택업체,공공임대,대구,0
2024-05,,주택업체,공공임대,광주,0
2024-05,,주택업체,공공임대,대전,0
2024-05,,주택업체,공공임대,울산,0
2024-05,,주택업체,공공임대,세종,0
2024-05,,주택업체,공공임대,강원,0
2024-05,,주택업체,공공임대,충북,0
2024-05,,주택업체,공공임대,충남,0
2024-05,,주택업체,공공임대,전북,0
2024-05,,주택업체,공공임대,전남,0
2024-05,,주택업체,공공임대,경북,0
2024-05,,주택업체,공공임대,경남,0
2024-05,,주택업체,공공임대,제주,0
2024-05,,주택업체,공공분양,전국,0
2024-05,,주택업체,공공분양,서울,0
2024-05,,주택업체,공공분양,인천,0
2024-05,,주택업체,공공분양,경기,0
2024-05,,주택업체,공공분양,부산,0
2024-05,,주택업체,공공분양,대구,0
2024-05,,주택업체,공공분양,광주,0
2024-05,,주택업체,공공분양,대전,0
2024-05,,주택업체,공공분양,울산,0
2024-05,,주택업체,공공분양,세종,0
2024-05,,주택업체,공공분양,강원,0
2024-05,,주택업체,공공분양,충북,0
2024-05,,주택업체,공공분양,충남,0
2024-05,,주택업체,공공분양,전북,0
2024-05,,주택업체,공공분양,전남,0
2024-05,,주택업체,공공분양,경북,0
2024-05,,주택업체,공공분양,경남,0
2024-05,,주택업체,공공분양,제주,0
2024-05,,민간부문,소계,전국,16984
2024-05,,민간부문,소계,서울,1417
2024-05,,민간부문,소계,인천,2849
2024-05,,민간부문,소계,경기,5534
2024-05,,민간부문,소계,부산,1556
2024-05,,민간부문,소계,대구,1115
2024-05,,민간부문,소계,광주,21
2024-05,,민간부문,소계,대전,35
2024-05,,민간부문,소계,울산,25
2024-05,,민간부문,소계,세종,58
2024-05,,민간부문,소계,강원,556
2024-05,,민간부문,소계,충북,231
2024-05,,민간부문,소계,충남,852
2024-05,,민간부문,소계,전북,169
2024-05,,민간부문,소계,전남,318
2024-05,,민간부문,소계,경북,261
2024-05,,민간부문,소계,경남,1620
2024-05,,민간부문,소계,제주,367
2024-05,,민간,민간임대,전국,1832
2024-05,,민간,민간임대,서울,0
2024-05,,민간,민간임대,인천,0
2024-05,,민간,민간임대,경기,1247
2024-05,,민간,민간임대,부산,0
2024-05,,민간,민간임대,대구,0
2024-05,,민간,민간임대,광주,0
2024-05,,민간,민간임대,대전,0
2024-05,,민간,민간임대,울산,0
2024-05,,민간,민간임대,세종,0
2024-05,,민간,민간임대,강원,0
2024-05,,민간,민간임대,충북,0
2024-05,,민간,민간임대,충남,585
2024-05,,민간,민간임대,전북,0
2024-05,,민간,민간임대,전남,0
2024-05,,민간,민간임대,경북,0
2024-05,,민간,민간임대,경남,0
2024-05,,민간,민간임대,제주,0
2024-05,,민간,민간분양,전국,15152
2024-05,,민간,민간분양,서울,1417
2024-05,,민간,민간분양,인천,2849
2024-05,,민간,민간분양,경기,4287
2024-05,,민간,민간분양,부산,1556
2024-05,,민간,민간분양,대구,1115
2024-05,,민간,민간분양,광주,21
2024-05,,민간,민간분양,대전,35
2024-05,,민간,민간분양,울산,25
2024-05,,민간,민간분양,세종,58
2024-05,,민간,민간분양,강원,556
2024-05,,민간,민간분양,충북,231
2024-05,,민간,민간분양,충남,267
2024-05,,민간,민간분양,전북,169
2024-05,,민간,민간분양,전남,318
2024-05,,민간,민간분양,경북,261
2024-05,,민간,민간분양,경남,1620
2024-05,,민간,민간분양,제주,367
2024-06,,총계,총계,전국,22135
2024-06,,총계,총계,서울,1019
2024-06,,총계,총계,인천,838
2024-06,,총계,총계,경기,6221
2024-06,,총계,총계,부산,1473
2024-06,,총계,총계,대구,25
2024-06,,총계,총계,광주,780
2024-06,,총계,총계,대전,3659
2024-06,,총계,총계,울산,22
2024-06,,총계,총계,세종,8
2024-06,,총계,총계,강원,1270
2024-06,,총계,총계,충북,1666
2024-06,,총계,총계,충남,3076
2024-06,,총계,총계,전북,314
2024-06,,총계,총계,전남,1217
2024-06,,총계,총계,경북,182
2024-06,,총계,총계,경남,184
2024-06,,총계,총계,제주,181
2024-06,,공공부문,소계,전국,2519
2024-06,,공공부문,소계,서울,0
2024-06,,공공부문,소계,인천,0
2024-06,,공공부문,소계,경기,0
2024-06,,공공부문,소계,부산,0
2024-06,,공공부문,소계,대구,0
2024-06,,공공부문,소계,광주,0
2024-06,,공공부문,소계,대전,1420
2024-06,,공공부문,소계,울산,0
2024-06,,공공부문,소계,세종,0
2024-06,,공공부문,소계,강원,130
2024-06,,공공부문,소계,충북,0
2024-06,,공공부문,소계,충남,969
2024-06,,공공부문,소계,전북,0
2024-06,,공공부문,소계,전남,0
2024-06,,공공부문,소계,경북,0
2024-06,,공공부문,소계,경남,0
2024-06,,공공부문,소계,제주,0
2024-06,,합,국민임대,전국,30
2024-06,,합,국민임대,서울,0
2024-06,,합,국민임대,인천,0
2024-06,,합,국민임대,경기,0
2024-06,,합,국민임대,부산,0
2024-06,,합,국민임대,대구,0
2024-06,,합,국민임대,광주,0
2024-06,,합,국민임대,대전,0
2024-06,,합,국민임대,울산,0
2024-06,,합,국민임대,세종,0
2024-06,,합,국민임대,강원,30
2024-06,,합,국민임대,충북,0
2024-06,,합,국민임대,충남,0
2024-06,,합,국민임대,전북,0
2024-06,,합,국민임대,전남,0
2024-06,,합,국민임대,경북,0
2024-06,,합,국민임대,경남,0
2024-06,,합,국민임대,제주,0
2024-06,,합,공공임대,전국,1359
2024-06,,합,공공임대,서울,0
2024-06,,합,공공임대,인천,0
2024-06,,합,공공임대,경기,0
2024-06,,합,공공임대,부산,0
2024-06,,합,공공임대,대구,0
2024-06,,합,공공임대,광주,0
2024-06,,합,공공임대,대전,290
2024-06,,합,공공임대,울산,0
2024-06,,합,공공임대,세종,0
2024-06,,합,공공임대,강원,100
2024-06,,합,공공임대,충북,0
2024-06,,합,공공임대,충남,969
2024-06,,합,공공임대,전북,0
2024-06,,합,공공임대,전남,0
2024-06,,합,공공임대,경북,0
2024-06,,합,공공임대,경남,0
2024-06,,합,공공임대,제주,0
2024-06,,합,공공분양,전국,1130
2024-06,,합,공공분양,서울,0
2024-06,,합,공공분양,인천,0
2024-06,,합,공공분양,경기,0
2024-06,,합,공공분양,부산,0
2024-06,,합,공공분양,대구,0
2024-06,,합,공공분양,광주,0
2024-06,,합,공공분양,대전,1130
2024-06,,합,공공분양,울산,0
2024-06,,합,공공분양,세종,0
2024-06,,합,공공분양,강원,0
2024-06,,합,공공분양,충북,0
2024-06,,합,공공분양,충남,0
2024-06,,합,공공분양,전북,0
2024-06,,합,공공분양,전남,0
2024-06,,합,공공분양,경북,0
2024-06,,합,공공분양,경남,0
2024-06,,합,공공분양,제주,0
2024-06,,지자체,소계,전국,969
2024-06,,지자체,소계,서울,0
2024-06,,지자체,소계,인천,0
2024-06,,지자체,소계,경기,0
2024-06,,지자체,소계,부산,0
2024-06,,지자체,소계,대구,0
2024-06,,지자체,소계,광주,0
2024-06,,지자체,소계,대전,0
2024-06,,지자체,소계,울산,0
2024-06,,지자체,소계,세종,0
2024-06,,지자체,소계,강원,0
2024-06,,지자체,소계,충북,0
2024-06,,지자체,소계,충남,969
2024-06,,지자체,소계,전북,0
2024-06,,지자체,소계,전남,0
2024-06,,지자체,소계,경북,0
2024-06,,지자체,소계,경남,0
2024-06,,지자체,소계,제주,0
2024-06,,지자체,국민임대,전국,0
2024-06,,지자체,국민임대,서울,0
2024-06,,지자체,국민임대,인천,0
2024-06,,지자체,국민임대,경기,0
2024-06,,지자체,국민임대,부산,0
2024-06,,지자체,국민임대,대구,0
2024-06,,지자체,국민임대,광주,0
2024-06,,지자체,국민임대,대전,0
2024-06,,지자체,국민임대,울산,0
2024-06,,지자체,국민임대,세종,0
2024-06,,지자체,국민임대,강원,0
2024-06,,지자체,국민임대,충북,0
2024-06,,지자체,국민임대,충남,0
2024-06,,지자체,국민임대,전북,0
2024-06,,지자체,국민임대,전남,0
2024-06,,지자체,국민임대,경북,0
2024-06,,지자체,국민임대,경남,0
2024-06,,지자체,국민임대,제주,0
2024-06,,지자체,공공임대,전국,969
2024-06,,지자체,공공임대,서울,0
2024-06,,지자체,공공임대,인천,0
2024-06,,지자체,공공임대,경기,0
2024-06,,지자체,공공임대,부산,0
2024-06,,지자체,공공임대,대구,0
2024-06,,지자체,공공임대,광주,0
2024-06,,지자체,공공임대,대전,0
2024-06,,지자체,공공임대,울산,0
2024-06,,지자체,공공임대,세종,0
2024-06,,지자체,공공임대,강원,0
2024-06,,지자체,공공임대,충북,0
2024-06,,지자체,공공임대,충남,969
2024-06,,지자체,공공임대,전북,0
2024-06,,지자체,공공임대,전남,0
2024-06,,지자체,공공임대,경북,0
2024-06,,지자체,공공임대,경남,0
2024-06,,지자체,공공임대,제주,0
2024-06,,지자체,공공분양,전국,0
2024-06,,지자체,공공분양,서울,0
2024-06,,지자체,공공분양,인천,0
2024-06,,지자체,공공분양,경기,0
2024-06,,지자체,공공분양,부산,0
2024-06,,지자체,공공분양,대구,0
2024-06,,지자체,공공분양,광주,0
2024-06,,지자체,공공분양,대전,0
2024-06,,지자체,공공분양,울산,0
2024-06,,지자체,공공분양,세종,0
2024-06,,지자체,공공분양,강원,0
2024-06,,지자체,공공분양,충북,0
2024-06,,지자체,공공분양,충남,0
2024-06,,지자체,공공분양,전북,0
2024-06,,지자체,공공분양,전남,0
2024-06,,지자체,공공분양,경북,0
2024-06,,지자체,공공분양,경남,0
2024-06,,지자체,공공분양,제주,0
2024-06,,LH,소계,전국,1550
2024-06,,LH,소계,서울,0
2024-06,,LH,소계,인천,0
2024-06,,LH,소계,경기,0
2024-06,,LH,소계,부산,0
2024-06,,LH,소계,대구,0
2024-06,,LH,소계,광주,0
2024-06,,LH,소계,대전,1420
2024-06,,LH,소계,울산,0
2024-06,,LH,소계,세종,0
2024-06,,LH,소계,강원,130
2024-06,,LH,소계,충북,0
2024-06,,LH,소계,충남,0
2024-06,,LH,소계,전북,0
2024-06,,LH,소계,전남,0
2024-06,,LH,소계,경북,0
2024-06,,LH,소계,경남,0
2024-06,,LH,소계,제주,0
2024-06,,LH,국민임대,전국,30
2024-06,,LH,국민임대,서울,0
2024-06,,LH,국민임대,인천,0
2024-06,,LH,국민임대,경기,0
2024-06,,LH,국민임대,부산,0
2024-06,,LH,국민임대,대구,0
2024-06,,LH,국민임대,광주,0
2024-06,,LH,국민임대,대전,0
2024-06,,LH,국민임대,울산,0
2024-06,,LH,국민임대,세종,0
2024-06,,LH,국민임대,강원,30
2024-06,,LH,국민임대,충북,0
2024-06,,LH,국민임대,충남,0
2024-06,,LH,국민임대,전북,0
2024-06,,LH,국민임대,전남,0
2024-06,,LH,국민임대,경북,0
2024-06,,LH,국민임대,경남,0
2024-06,,LH,국민임대,제주,0
2024-06,,LH,공공임대,전국,390
2024-06,,LH,공공임대,서울,0
2024-06,,LH,공공임대,인천,0
2024-06,,LH,공공임대,경기,0
2024-06,,LH,공공임대,부산,0
2024-06,,LH,공공임대,대구,0
2024-06,,LH,공공임대,광주,0
2024-06,,LH,공공임대,대전,290
2024-06,,LH,공공임대,울산,0
2024-06,,LH,공공임대,세종,0
2024-06,,LH,공공임대,강원,100
2024-06,,LH,공공임대,충북,0
2024-06,,LH,공공임대,충남,0
2024-06,,LH,공공임대,전북,0
2024-06,,LH,공공임대,전남,0
2024-06,,LH,공공임대,경북,0
2024-06,,LH,공공임대,경남,0
2024-06,,LH,공공임대,제주,0
2024-06,,LH,공공분양,전국,1130
2024-06,,LH,공공분양,서울,0
2024-06,,LH,공공분양,인천,0
2024-06,,LH,공공분양,경기,0
2024-06,,LH,공공분양,부산,0
2024-06,,LH,공공분양,대구,0
2024-06,,LH,공공분양,광주,0
2024-06,,LH,공공분양,대전,1130
2024-06,,LH,공공분양,울산,0
2024-06,,LH,공공분양,세종,0
2024-06,,LH,공공분양,강원,0
2024-06,,LH,공공분양,충북,0
2024-06,,LH,공공분양,충남,0
2024-06,,LH,공공분양,전북,0
2024-06,,LH,공공분양,전남,0
2024-06,,LH,공공분양,경북,0
2024-06,,LH,공공분양,경남,0
2024-06,,LH,공공분양,제주,0
2024-06,,주택업체,소계,전국,0
2024-06,,주택업체,소계,서울,0
2024-06,,주택업체,소계,인천,0
2024-06,,주택업체,소계,경기,0
2024-06,,주택업체,소계,부산,0
2024-06,,주택업체,소계,대구,0
2024-06,,주택업체,소계,광주,0
2024-06,,주택업체,소계,대전,0
2024-06,,주택업체,소계,울산,0
2024-06,,주택업체,소계,세종,0
2024-06,,주택업체,소계,강원,0
2024-06,,주택업체,소계,충북,0
2024-06,,주택업체,소계,충남,0
2024-06,,주택업체,소계,전북,0
2024-06,,주택업체,소계,전남,0
2024-06,,주택업체,소계,경북,0
2024-06,,주택업체,소계,경남,0
2024-06,,주택업체,소계,제주,0
2024-06,,주택업체,국민임대,전국,0
2024-06,,주택업체,국민임대,서울,0
2024-06,,주택업체,국민임대,인천,0
2024-06,,주택업체,국민임대,경기,0
2024-06,,주택업체,국민임대,부산,0
2024-06,,주택업체,국민임대,대구,0
2024-06,,주택업체,국민임대,광주,0
2024-06,,주택업체,국민임대,대전,0
2024-06,,주택업체,국민임대,울산,0
2024-06,,주택업체,국민임대,세종,0
2024-06,,주택업체,국민임대,강원,0
2024-06,,주택업체,국민임대,충북,0
2024-06,,주택업체,국민임대,충남,0
2024-06,,주택업체,국민임대,전북,0
2024-06,,주택업체,국민임대,전남,0
2024-06,,주택업체,국민임대,경북,0
2024-06,,주택업체,국민임대,경남,0
2024-06,,주택업체,국민임대,제주,0
2024-06,,주택업체,공공임대,전국,0
2024-06,,주택업체,공공임대,서울,0
2024-06,,주택업체,공공임대,인천,0
2024-06,,주택업체,공공임대,경기,0
2024-06,,주택업체,공공임대,부산,0
2024-06,,주택업체,공공임대,대구,0
2024-06,,주택업체,공공임대,광주,0
2024-06,,주택업체,공공임대,대전,0
2024-06,,주택업체,공공임대,울산,0
2024-06,,주택업체,공공임대,세종,0
2024-06,,주택업체,공공임대,강원,0
2024-06,,주택업체,공공임대,충북,0
2024-06,,주택업체,공공임대,충남,0
2024-06,,주택업체,공공임대,전북,0
2024-06,,주택업체,공공임대,전남,0
2024-06,,주택업체,공공임대,경북,0
2024-06,,주택업체,공공임대,경남,0
2024-06,,주택업체,공공임대,제주,0
2024-06,,주택업체,공공분양,전국,0
2024-06,,주택업체,공공분양,서울,0
2024-06,,주택업체,공공분양,인천,0
2024-06,,주택업체,공공분양,경기,0
2024-06,,주택업체,공공분양,부산,0
2024-06,,주택업체,공공분양,대구,0
2024-06,,주택업체,공공분양,광주,0
2024-06,,주택업체,공공분양,대전,0
2024-06,,주택업체,공공분양,울산,0
2024-06,,주택업체,공공분양,세종,0
2024-06,,주택업체,공공분양,강원,0
2024-06,,주택업체,공공분양,충북,0
2024-06,,주택업체,공공분양,충남,0
2024-06,,주택업체,공공분양,전북,0
2024-06,,주택업체,공공분양,전남,0
2024-06,,주택업체,공공분양,경북,0
2024-06,,주택업체,공공분양,경남,0
2024-06,,주택업체,공공분양,제주,0
2024-06,,민간부문,소계,전국,19616
2024-06,,민간부문,소계,서울,1019
2024-06,,민간부문,소계,인천,838
2024-06,,민간부문,소계,경기,6221
2024-06,,민간부문,소계,부산,1473
2024-06,,민간부문,소계,대구,25
2024-06,,민간부문,소계,광주,780
2024-06,,민간부문,소계,대전,2239
2024-06,,민간부문,소계,울산,22
2024-06,,민간부문,소계,세종,8
2024-06,,민간부문,소계,강원,1140
2024-06,,민간부문,소계,충북,1666
2024-06,,민간부문,소계,충남,2107
2024-06,,민간부문,소계,전북,314
2024-06,,민간부문,소계,전남,1217
2024-06,,민간부문,소계,경북,182
2024-06,,민간부문,소계,경남,184
2024-06,,민간부문,소계,제주,181
2024-06,,민간,민간임대,전국,743
2024-06,,민간,민간임대,서울,0
2024-06,,민간,민간임대,인천,0
2024-06,,민간,민간임대,경기,0
2024-06,,민간,민간임대,부산,90
2024-06,,민간,민간임대,대구,0
2024-06,,민간,민간임대,광주,0
2024-06,,민간,민간임대,대전,0
2024-06,,민간,민간임대,울산,0
2024-06,,민간,민간임대,세종,0
2024-06,,민간,민간임대,강원,0
2024-06,,민간,민간임대,충북,0
2024-06,,민간,민간임대,충남,478
2024-06,,민간,민간임대,전북,175
2024-06,,민간,민간임대,전남,0
2024-06,,민간,민간임대,경북,0
2024-06,,민간,민간임대,경남,0
2024-06,,민간,민간임대,제주,0
2024-06,,민간,민간분양,전국,18873
2024-06,,민간,민간분양,서울,1019
2024-06,,민간,민간분양,인천,838
2024-06,,민간,민간분양,경기,6221
2024-06,,민간,민간분양,부산,1383
2024-06,,민간,민간분양,대구,25
2024-06,,민간,민간분양,광주,780
2024-06,,민간,민간분양,대전,2239
2024-06,,민간,민간분양,울산,22
2024-06,,민간,민간분양,세종,8
2024-06,,민간,민간분양,강원,1140
2024-06,,민간,민간분양,충북,1666
2024-06,,민간,민간분양,충남,1629
2024-06,,민간,민간분양,전북,139
2024-06,,민간,민간분양,전남,1217
2024-06,,민간,민간분양,경북,182
2024-06,,민간,민간분양,경남,184
2024-06,,민간,민간분양,제주,181
2024-07,,총계,총계,전국,16532
2024-07,,총계,총계,서울,1886
2024-07,,총계,총계,인천,1060
2024-07,,총계,총계,경기,5469
2024-07,,총계,총계,부산,27
2024-07,,총계,총계,대구,22
2024-07,,총계,총계,광주,5
2024-07,,총계,총계,대전,4087
2024-07,,총계,총계,울산,31
2024-07,,총계,총계,세종,56
2024-07,,총계,총계,강원,1020
2024-07,,총계,총계,충북,216
2024-07,,총계,총계,충남,468
2024-07,,총계,총계,전북,307
2024-07,,총계,총계,전남,690
2024-07,,총계,총계,경북,241
2024-07,,총계,총계,경남,827
2024-07,,총계,총계,제주,120
2024-07,,공공부문,소계,전국,81
2024-07,,공공부문,소계,서울,0
2024-07,,공공부문,소계,인천,0
2024-07,,공공부문,소계,경기,81
2024-07,,공공부문,소계,부산,0
2024-07,,공공부문,소계,대구,0
2024-07,,공공부문,소계,광주,0
2024-07,,공공부문,소계,대전,0
2024-07,,공공부문,소계,울산,0
2024-07,,공공부문,소계,세종,0
2024-07,,공공부문,소계,강원,0
2024-07,,공공부문,소계,충북,0
2024-07,,공공부문,소계,충남,0
2024-07,,공공부문,소계,전북,0
2024-07,,공공부문,소계,전남,0
2024-07,,공공부문,소계,경북,0
2024-07,,공공부문,소계,경남,0
2024-07,,공공부문,소계,제주,0
2024-07,,합,국민임대,전국,0
2024-07,,합,국민임대,서울,0
2024-07,,합,국민임대,인천,0
2024-07,,합,국민임대,경기,0
2024-07,,합,국민임대,부산,0
2024-07,,합,국민임대,대구,0
2024-07,,합,국민임대,광주,0
2024-07,,합,국민임대,대전,0
2024-07,,합,국민임대,울산,0
2024-07,,합,국민임대,세종,0
2024-07,,합,국민임대,강원,0
2024-07,,합,국민임대,충북,0
2024-07,,합,국민임대,충남,0
2024-07,,합,국민임대,전북,0
2024-07,,합,국민임대,전남,0
2024-07,,합,국민임대,경북,0
2024-07,,합,국민임대,경남,0
2024-07,,합,국민임대,제주,0
2024-07,,합,공공임대,전국,81
2024-07,,합,공공임대,서울,0
2024-07,,합,공공임대,인천,0
2024-07,,합,공공임대,경기,81
2024-07,,합,공공임대,부산,0
2024-07,,합,공공임대,대구,0
2024-07,,합,공공임대,광주,0
2024-07,,합,공공임대,대전,0
2024-07,,합,공공임대,울산,0
2024-07,,합,공공임대,세종,0
2024-07,,합,공공임대,강원,0
2024-07,,합,공공임대,충북,0
2024-07,,합,공공임대,충남,0
2024-07,,합,공공임대,전북,0
2024-07,,합,공공임대,전남,0
2024-07,,합,공공임대,경북,0
2024-07,,합,공공임대,경남,0
2024-07,,합,공공임대,제주,0
2024-07,,합,공공분양,전국,0
2024-07,,합,공공분양,서울,0
2024-07,,합,공공분양,인천,0
2024-07,,합,공공분양,경기,0
2024-07,,합,공공분양,부산,0
2024-07,,합,공공분양,대구,0
2024-07,,합,공공분양,광주,0
2024-07,,합,공공분양,대전,0
2024-07,,합,공공분양,울산,0
2024-07,,합,공공분양,세종,0
2024-07,,합,공공분양,강원,0
2024-07,,합,공공분양,충북,0
2024-07,,합,공공분양,충남,0
2024-07,,합,공공분양,전북,0
2024-07,,합,공공분양,전남,0
2024-07,,합,공공분양,경북,0
2024-07,,합,공공분양,경남,0
2024-07,,합,공공분양,제주,0
2024-07,,지자체,소계,전국,0
2024-07,,지자체,소계,서울,0
2024-07,,지자체,소계,인천,0
2024-07,,지자체,소계,경기,0
2024-07,,지자체,소계,부산,0
2024-07,,지자체,소계,대구,0
2024-07,,지자체,소계,광주,0
2024-07,,지자체,소계,대전,0
2024-07,,지자체,소계,울산,0
2024-07,,지자체,소계,세종,0
2024-07,,지자체,소계,강원,0
2024-07,,지자체,소계,충북,0
2024-07,,지자체,소계,충남,0
2024-07,,지자체,소계,전북,0
2024-07,,지자체,소계,전남,0
2024-07,,지자체,소계,경북,0
2024-07,,지자체,소계,경남,0
2024-07,,지자체,소계,제주,0
2024-07,,지자체,국민임대,전국,0
2024-07,,지자체,국민임대,서울,0
2024-07,,지자체,국민임대,인천,0
2024-07,,지자체,국민임대,경기,0
2024-07,,지자체,국민임대,부산,0
2024-07,,지자체,국민임대,대구,0
2024-07,,지자체,국민임대,광주,0
2024-07,,지자체,국민임대,대전,0
2024-07,,지자체,국민임대,울산,0
2024-07,,지자체,국민임대,세종,0
2024-07,,지자체,국민임대,강원,0
2024-07,,지자체,국민임대,충북,0
2024-07,,지자체,국민임대,충남,0
2024-07,,지자체,국민임대,전북,0
2024-07,,지자체,국민임대,전남,0
2024-07,,지자체,국민임대,경북,0
2024-07,,지자체,국민임대,경남,0
2024-07,,지자체,국민임대,제주,0
2024-07,,지자체,공공임대,전국,0
2024-07,,지자체,공공임대,서울,0
2024-07,,지자체,공공임대,인천,0
2024-07,,지자체,공공임대,경기,0
2024-07,,지자체,공공임대,부산,0
2024-07,,지자체,공공임대,대구,0
2024-07,,지자체,공공임대,광주,0
2024-07,,지자체,공공임대,대전,0
2024-07,,지자체,공공임대,울산,0
2024-07,,지자체,공공임대,세종,0
2024-07,,지자체,공공임대,강원,0
2024-07,,지자체,공공임대,충북,0
2024-07,,지자체,공공임대,충남,0
2024-07,,지자체,공공임대,전북,0
2024-07,,지자체,공공임대,전남,0
2024-07,,지자체,공공임대,경북,0
2024-07,,지자체,공공임대,경남,0
2024-07,,지자체,공공임대,제주,0
2024-07,,지자체,공공분양,전국,0
2024-07,,지자체,공공분양,서울,0
2024-07,,지자체,공공분양,인천,0
2024-07,,지자체,공공분양,경기,0
2024-07,,지자체,공공분양,부산,0
2024-07,,지자체,공공분양,대구,0
2024-07,,지자체,공공분양,광주,0
2024-07,,지자체,공공분양,대전,0
2024-07,,지자체,공공분양,울산,0
2024-07,,지자체,공공분양,세종,0
2024-07,,지자체,공공분양,강원,0
2024-07,,지자체,공공분양,충북,0
2024-07,,지자체,공공분양,충남,0
2024-07,,지자체,공공분양,전북,0
2024-07,,지자체,공공분양,전남,0
2024-07,,지자체,공공분양,경북,0
2024-07,,지자체,공공분양,경남,0
2024-07,,지자체,공공분양,제주,0
2024-07,,LH,소계,전국,0
2024-07,,LH,소계,서울,0
2024-07,,LH,소계,인천,0
2024-07,,LH,소계,경기,0
2024-07,,LH,소계,부산,0
2024-07,,LH,소계,대구,0
2024-07,,LH,소계,광주,0
2024-07,,LH,소계,대전,0
2024-07,,LH,소계,울산,0
2024-07,,LH,소계,세종,0
2024-07,,LH,소계,강원,0
2024-07,,LH,소계,충북,0
2024-07,,LH,소계,충남,0
2024-07,,LH,소계,전북,0
2024-07,,LH,소계,전남,0
2024-07,,LH,소계,경북,0
2024-07,,LH,소계,경남,0
2024-07,,LH,소계,제주,0
2024-07,,LH,국민임대,전국,0
2024-07,,LH,국민임대,서울,0
2024-07,,LH,국민임대,인천,0
2024-07,,LH,국민임대,경기,0
2024-07,,LH,국민임대,부산,0
2024-07,,LH,국민임대,대구,0
2024-07,,LH,국민임대,광주,0
2024-07,,LH,국민임대,대전,0
2024-07,,LH,국민임대,울산,0
2024-07,,LH,국민임대,세종,0
2024-07,,LH,국민임대,강원,0
2024-07,,LH,국민임대,충북,0
2024-07,,LH,국민임대,충남,0
2024-07,,LH,국민임대,전북,0
2024-07,,LH,국민임대,전남,0
2024-07,,LH,국민임대,경북,0
2024-07,,LH,국민임대,경남,0
2024-07,,LH,국민임대,제주,0
2024-07,,LH,공공임대,전국,0
2024-07,,LH,공공임대,서울,0
2024-07,,LH,공공임대,인천,0
2024-07,,LH,공공임대,경기,0
2024-07,,LH,공공임대,부산,0
2024-07,,LH,공공임대,대구,0
2024-07,,LH,공공임대,광주,0
2024-07,,LH,공공임대,대전,0
2024-07,,LH,공공임대,울산,0
2024-07,,LH,공공임대,세종,0
2024-07,,LH,공공임대,강원,0
2024-07,,LH,공공임대,충북,0
2024-07,,LH,공공임대,충남,0
2024-07,,LH,공공임대,전북,0
2024-07,,LH,공공임대,전남,0
2024-07,,LH,공공임대,경북,0
2024-07,,LH,공공임대,경남,0
2024-07,,LH,공공임대,제주,0
2024-07,,LH,공공분양,전국,0
2024-07,,LH,공공분양,서울,0
2024-07,,LH,공공분양,인천,0
2024-07,,LH,공공분양,경기,0
2024-07,,LH,공공분양,부산,0
2024-07,,LH,공공분양,대구,0
2024-07,,LH,공공분양,광주,0
2024-07,,LH,공공분양,대전,0
2024-07,,LH,공공분양,울산,0
2024-07,,LH,공공분양,세종,0
2024-07,,LH,공공분양,강원,0
2024-07,,LH,공공분양,충북,0
2024-07,,LH,공공분양,충남,0
2024-07,,LH,공공분양,전북,0
2024-07,,LH,공공분양,전남,0
2024-07,,LH,공공분양,경북,0
2024-07,,LH,공공분양,경남,0
2024-07,,LH,공공분양,제주,0
2024-07,,주택업체,소계,전국,81
2024-07,,주택업체,소계,서울,0
2024-07,,주택업체,소계,인천,0
2024-07,,주택업체,소계,경기,81
2024-07,,주택업체,소계,부산,0
2024-07,,주택업체,소계,대구,0
2024-07,,주택업체,소계,광주,0
2024-07,,주택업체,소계,대전,0
2024-07,,주택업체,소계,울산,0
2024-07,,주택업체,소계,세종,0
2024-07,,주택업체,소계,강원,0
2024-07,,주택업체,소계,충북,0
2024-07,,주택업체,소계,충남,0
2024-07,,주택업체,소계,전북,0
2024-07,,주택업체,소계,전남,0
2024-07,,주택업체,소계,경북,0
2024-07,,주택업체,소계,경남,0
2024-07,,주택업체,소계,제주,0
2024-07,,주택업체,국민임대,전국,0
2024-07,,주택업체,국민임대,서울,0
2024-07,,주택업체,국민임대,인천,0
2024-07,,주택업체,국민임대,경기,0
2024-07,,주택업체,국민임대,부산,0
2024-07,,주택업체,국민임대,대구,0
2024-07,,주택업체,국민임대,광주,0
2024-07,,주택업체,국민임대,대전,0
2024-07,,주택업체,국민임대,울산,0
2024-07,,주택업체,국민임대,세종,0
2024-07,,주택업체,국민임대,강원,0
2024-07,,주택업체,국민임대,충북,0
2024-07,,주택업체,국민임대,충남,0
2024-07,,주택업체,국민임대,전북,0
2024-07,,주택업체,국민임대,전남,0
2024-07,,주택업체,국민임대,경북,0
2024-07,,주택업체,국민임대,경남,0
2024-07,,주택업체,국민임대,제주,0
2024-07,,주택업체,공공임대,전국,81
2024-07,,주택업체,공공임대,서울,0
2024-07,,주택업체,공공임대,인천,0
2024-07,,주택업체,공공임대,경기,81
2024-07,,주택업체,공공임대,부산,0
2024-07,,주택업체,공공임대,대구,0
2024-07,,주택업체,공공임대,광주,0
2024-07,,주택업체,공공임대,대전,0
2024-07,,주택업체,공공임대,울산,0
2024-07,,주택업체,공공임대,세종,0
2024-07,,주택업체,공공임대,강원,0
2024-07,,주택업체,공공임대,충북,0
2024-07,,주택업체,공공임대,충남,0
2024-07,,주택업체,공공임대,전북,0
2024-07,,주택업체,공공임대,전남,0
2024-07,,주택업체,공공임대,경북,0
2024-07,,주택업체,공공임대,경남,0
2024-07,,주택업체,공공임대,제주,0
2024-07,,주택업체,공공분양,전국,0
2024-07,,주택업체,공공분양,서울,0
2024-07,,주택업체,공공분양,인천,0
2024-07,,주택업체,공공분양,경기,0
2024-07,,주택업체,공공분양,부산,0
2024-07,,주택업체,공공분양,대구,0
2024-07,,주택업체,공공분양,광주,0
2024-07,,주택업체,공공분양,대전,0
2024-07,,주택업체,공공분양,울산,0
2024-07,,주택업체,공공분양,세종,0
2024-07,,주택업체,공공분양,강원,0
2024-07,,주택업체,공공분양,충북,0
2024-07,,주택업체,공공분양,충남,0
2024-07,,주택업체,공공분양,전북,0
2024-07,,주택업체,공공분양,전남,0
2024-07,,주택업체,공공분양,경북,0
2024-07,,주택업체,공공분양,경남,0
2024-07,,주택업체,공공분양,제주,0
2024-07,,민간부문,소계,전국,16451
2024-07,,민간부문,소계,서울,1886
2024-07,,민간부문,소계,인천,1060
2024-07,,민간부문,소계,경기,5388
2024-07,,민간부문,소계,부산,27
2024-07,,민간부문,소계,대구,22
2024-07,,민간부문,소계,광주,5
2024-07,,민간부문,소계,대전,4087
2024-07,,민간부문,소계,울산,31
2024-07,,민간부문,소계,세종,56
2024-07,,민간부문,소계,강원,1020
2024-07,,민간부문,소계,충북,216
2024-07,,민간부문,소계,충남,468
2024-07,,민간부문,소계,전북,307
2024-07,,민간부문,소계,전남,690
2024-07,,민간부문,소계,경북,241
2024-07,,민간부문,소계,경남,827
2024-07,,민간부문,소계,제주,120
2024-07,,민간,민간임대,전국,198
2024-07,,민간,민간임대,서울,0
2024-07,,민간,민간임대,인천,0
2024-07,,민간,민간임대,경기,0
2024-07,,민간,민간임대,부산,0
2024-07,,민간,민간임대,대구,0
2024-07,,민간,민간임대,광주,0
2024-07,,민간,민간임대,대전,0
2024-07,,민간,민간임대,울산,0
2024-07,,민간,민간임대,세종,0
2024-07,,민간,민간임대,강원,0
2024-07,,민간,민간임대,충북,0
2024-07,,민간,민간임대,충남,0
2024-07,,민간,민간임대,전북,198
2024-07,,민간,민간임대,전남,0
2024-07,,민간,민간임대,경북,0
2024-07,,민간,민간임대,경남,0
2024-07,,민간,민간임대,제주,0
2024-07,,민간,민간분양,전국,16253
2024-07,,민간,민간분양,서울,1886
2024-07,,민간,민간분양,인천,1060
2024-07,,민간,민간분양,경기,5388
2024-07,,민간,민간분양,부산,27
2024-07,,민간,민간분양,대구,22
2024-07,,민간,민간분양,광주,5
2024-07,,민간,민간분양,대전,4087
2024-07,,민간,민간분양,울산,31
2024-07,,민간,민간분양,세종,56
2024-07,,민간,민간분양,강원,1020
2024-07,,민간,민간분양,충북,216
2024-07,,민간,민간분양,충남,468
2024-07,,민간,민간분양,전북,109
2024-07,,민간,민간분양,전남,690
2024-07,,민간,민간분양,경북,241
2024-07,,민간,민간분양,경남,827
2024-07,,민간,민간분양,제주,120
2024-08,,총계,총계,전국,29227
2024-08,,총계,총계,서울,1769
2024-08,,총계,총계,인천,3564
2024-08,,총계,총계,경기,16042
2024-08,,총계,총계,부산,2453
2024-08,,총계,총계,대구,118
2024-08,,총계,총계,광주,13
2024-08,,총계,총계,대전,12
2024-08,,총계,총계,울산,819
2024-08,,총계,총계,세종,10
2024-08,,총계,총계,강원,308
2024-08,,총계,총계,충북,982
2024-08,,총계,총계,충남,198
2024-08,,총계,총계,전북,187
2024-08,,총계,총계,전남,214
2024-08,,총계,총계,경북,195
2024-08,,총계,총계,경남,748
2024-08,,총계,총계,제주,1595
2024-08,,공공부문,소계,전국,601
2024-08,,공공부문,소계,서울,505
2024-08,,공공부문,소계,인천,0
2024-08,,공공부문,소계,경기,0
2024-08,,공공부문,소계,부산,0
2024-08,,공공부문,소계,대구,0
2024-08,,공공부문,소계,광주,0
2024-08,,공공부문,소계,대전,0
2024-08,,공공부문,소계,울산,0
2024-08,,공공부문,소계,세종,0
2024-08,,공공부문,소계,강원,96
2024-08,,공공부문,소계,충북,0
2024-08,,공공부문,소계,충남,0
2024-08,,공공부문,소계,전북,0
2024-08,,공공부문,소계,전남,0
2024-08,,공공부문,소계,경북,0
2024-08,,공공부문,소계,경남,0
2024-08,,공공부문,소계,제주,0
2024-08,,합,국민임대,전국,0
2024-08,,합,국민임대,서울,0
2024-08,,합,국민임대,인천,0
2024-08,,합,국민임대,경기,0
2024-08,,합,국민임대,부산,0
2024-08,,합,국민임대,대구,0
2024-08,,합,국민임대,광주,0
2024-08,,합,국민임대,대전,0
2024-08,,합,국민임대,울산,0
2024-08,,합,국민임대,세종,0
2024-08,,합,국민임대,강원,0
2024-08,,합,국민임대,충북,0
2024-08,,합,국민임대,충남,0
2024-08,,합,국민임대,전북,0
2024-08,,합,국민임대,전남,0
2024-08,,합,국민임대,경북,0
2024-08,,합,국민임대,경남,0
2024-08,,합,국민임대,제주,0
2024-08,,합,공공임대,전국,601
2024-08,,합,공공임대,서울,505
2024-08,,합,공공임대,인천,0
2024-08,,합,공공임대,경기,0
2024-08,,합,공공임대,부산,0
2024-08,,합,공공임대,대구,0
2024-08,,합,공공임대,광주,0
2024-08,,합,공공임대,대전,0
2024-08,,합,공공임대,울산,0
2024-08,,합,공공임대,세종,0
2024-08,,합,공공임대,강원,96
2024-08,,합,공공임대,충북,0
2024-08,,합,공공임대,충남,0
2024-08,,합,공공임대,전북,0
2024-08,,합,공공임대,전남,0
2024-08,,합,공공임대,경북,0
2024-08,,합,공공임대,경남,0
2024-08,,합,공공임대,제주,0
2024-08,,합,공공분양,전국,0
2024-08,,합,공공분양,서울,0
2024-08,,합,공공분양,인천,0
2024-08,,합,공공분양,경기,0
2024-08,,합,공공분양,부산,0
2024-08,,합,공공분양,대구,0
2024-08,,합,공공분양,광주,0
2024-08,,합,공공분양,대전,0
2024-08,,합,공공분양,울산,0
2024-08,,합,공공분양,세종,0
2024-08,,합,공공분양,강원,0
2024-08,,합,공공분양,충북,0
2024-08,,합,공공분양,충남,0
2024-08,,합,공공분양,전북,0
2024-08,,합,공공분양,전남,0
2024-08,,합,공공분양,경북,0
2024-08,,합,공공분양,경남,0
2024-08,,합,공공분양,제주,0
2024-08,,지자체,소계,전국,0
2024-08,,지자체,소계,서울,0
2024-08,,지자체,소계,인천,0
2024-08,,지자체,소계,경기,0
2024-08,,지자체,소계,부산,0
2024-08,,지자체,소계,대구,0
2024-08,,지자체,소계,광주,0
2024-08,,지자체,소계,대전,0
2024-08,,지자체,소계,울산,0
2024-08,,지자체,소계,세종,0
2024-08,,지자체,소계,강원,0
2024-08,,지자체,소계,충북,0
2024-08,,지자체,소계,충남,0
2024-08,,지자체,소계,전북,0
2024-08,,지자체,소계,전남,0
2024-08,,지자체,소계,경북,0
2024-08,,지자체,소계,경남,0
2024-08,,지자체,소계,제주,0
2024-08,,지자체,국민임대,전국,0
2024-08,,지자체,국민임대,서울,0
2024-08,,지자체,국민임대,인천,0
2024-08,,지자체,국민임대,경기,0
2024-08,,지자체,국민임대,부산,0
2024-08,,지자체,국민임대,대구,0
2024-08,,지자체,국민임대,광주,0
2024-08,,지자체,국민임대,대전,0
2024-08,,지자체,국민임대,울산,0
2024-08,,지자체,국민임대,세종,0
2024-08,,지자체,국민임대,강원,0
2024-08,,지자체,국민임대,충북,0
2024-08,,지자체,국민임대,충남,0
2024-08,,지자체,국민임대,전북,0
2024-08,,지자체,국민임대,전남,0
2024-08,,지자체,국민임대,경북,0
2024-08,,지자체,국민임대,경남,0
2024-08,,지자체,국민임대,제주,0
2024-08,,지자체,공공임대,전국,0
2024-08,,지자체,공공임대,서울,0
2024-08,,지자체,공공임대,인천,0
2024-08,,지자체,공공임대,경기,0
2024-08,,지자체,공공임대,부산,0
2024-08,,지자체,공공임대,대구,0
2024-08,,지자체,공공임대,광주,0
2024-08,,지자체,공공임대,대전,0
2024-08,,지자체,공공임대,울산,0
2024-08,,지자체,공공임대,세종,0
2024-08,,지자체,공공임대,강원,0
2024-08,,지자체,공공임대,충북,0
2024-08,,지자체,공공임대,충남,0
2024-08,,지자체,공공임대,전북,0
2024-08,,지자체,공공임대,전남,0
2024-08,,지자체,공공임대,경북,0
2024-08,,지자체,공공임대,경남,0
2024-08,,지자체,공공임대,제주,0
2024-08,,지자체,공공분양,전국,0
2024-08,,지자체,공공분양,서울,0
2024-08,,지자체,공공분양,인천,0
2024-08,,지자체,공공분양,경기,0
2024-08,,지자체,공공분양,부산,0
2024-08,,지자체,공공분양,대구,0
2024-08,,지자체,공공분양,광주,0
2024-08,,지자체,공공분양,대전,0
2024-08,,지자체,공공분양,울산,0
2024-08,,지자체,공공분양,세종,0
2024-08,,지자체,공공분양,강원,0
2024-08,,지자체,공공분양,충북,0
2024-08,,지자체,공공분양,충남,0
2024-08,,지자체,공공분양,전북,0
2024-08,,지자체,공공분양,전남,0
2024-08,,지자체,공공분양,경북,0
2024-08,,지자체,공공분양,경남,0
2024-08,,지자체,공공분양,제주,0
2024-08,,LH,소계,전국,96
2024-08,,LH,소계,서울,0
2024-08,,LH,소계,인천,0
2024-08,,LH,소계,경기,0
2024-08,,LH,소계,부산,0
2024-08,,LH,소계,대구,0
2024-08,,LH,소계,광주,0
2024-08,,LH,소계,대전,0
2024-08,,LH,소계,울산,0
2024-08,,LH,소계,세종,0
2024-08,,LH,소계,강원,96
2024-08,,LH,소계,충북,0
2024-08,,LH,소계,충남,0
2024-08,,LH,소계,전북,0
2024-08,,LH,소계,전남,0
2024-08,,LH,소계,경북,0
2024-08,,LH,소계,경남,0
2024-08,,LH,소계,제주,0
2024-08,,LH,국민임대,전국,0
2024-08,,LH,국민임대,서울,0
2024-08,,LH,국민임대,인천,0
2024-08,,LH,국민임대,경기,0
2024-08,,LH,국민임대,부산,0
2024-08,,LH,국민임대,대구,0
2024-08,,LH,국민임대,광주,0
2024-08,,LH,국민임대,대전,0
2024-08,,LH,국민임대,울산,0
2024-08,,LH,국민임대,세종,0
2024-08,,LH,국민임대,강원,0
2024-08,,LH,국민임대,충북,0
2024-08,,LH,국민임대,충남,0
2024-08,,LH,국민임대,전북,0
2024-08,,LH,국민임대,전남,0
2024-08,,LH,국민임대,경북,0
2024-08,,LH,국민임대,경남,0
2024-08,,LH,국민임대,제주,0
2024-08,,LH,공공임대,전국,96
2024-08,,LH,공공임대,서울,0
2024-08,,LH,공공임대,인천,0
2024-08,,LH,공공임대,경기,0
2024-08,,LH,공공임대,부산,0
2024-08,,LH,공공임대,대구,0
2024-08,,LH,공공임대,광주,0
2024-08,,LH,공공임대,대전,0
2024-08,,LH,공공임대,울산,0
2024-08,,LH,공공임대,세종,0
2024-08,,LH,공공임대,강원,96
2024-08,,LH,공공임대,충북,0
2024-08,,LH,공공임대,충남,0
2024-08,,LH,공공임대,전북,0
2024-08,,LH,공공임대,전남,0
2024-08,,LH,공공임대,경북,0
2024-08,,LH,공공임대,경남,0
2024-08,,LH,공공임대,제주,0
2024-08,,LH,공공분양,전국,0
2024-08,,LH,공공분양,서울,0
2024-08,,LH,공공분양,인천,0
2024-08,,LH,공공분양,경기,0
2024-08,,LH,공공분양,부산,0
2024-08,,LH,공공분양,대구,0
2024-08,,LH,공공분양,광주,0
2024-08,,LH,공공분양,대전,0
2024-08,,LH,공공분양,울산,0
2024-08,,LH,공공분양,세종,0
2024-08,,LH,공공분양,강원,0
2024-08,,LH,공공분양,충북,0
2024-08,,LH,공공분양,충남,0
2024-08,,LH,공공분양,전북,0
2024-08,,LH,공공분양,전남,0
2024-08,,LH,공공분양,경북,0
2024-08,,LH,공공분양,경남,0
2024-08,,LH,공공분양,제주,0
2024-08,,주택업체,소계,전국,505
2024-08,,주택업체,소계,서울,505
2024-08,,주택업체,소계,인천,0
2024-08,,주택업체,소계,경기,0
2024-08,,주택업체,소계,부산,0
2024-08,,주택업체,소계,대구,0
2024-08,,주택업체,소계,광주,0
2024-08,,주택업체,소계,대전,0
2024-08,,주택업체,소계,울산,0
2024-08,,주택업체,소계,세종,0
2024-08,,주택업체,소계,강원,0
2024-08,,주택업체,소계,충북,0
2024-08,,주택업체,소계,충남,0
2024-08,,주택업체,소계,전북,0
2024-08,,주택업체,소계,전남,0
2024-08,,주택업체,소계,경북,0
2024-08,,주택업체,소계,경남,0
2024-08,,주택업체,소계,제주,0
2024-08,,주택업체,국민임대,전국,0
2024-08,,주택업체,국민임대,서울,0
2024-08,,주택업체,국민임대,인천,0
2024-08,,주택업체,국민임대,경기,0
2024-08,,주택업체,국민임대,부산,0
2024-08,,주택업체,국민임대,대구,0
2024-08,,주택업체,국민임대,광주,0
2024-08,,주택업체,국민임대,대전,0
2024-08,,주택업체,국민임대,울산,0
2024-08,,주택업체,국민임대,세종,0
2024-08,,주택업체,국민임대,강원,0
2024-08,,주택업체,국민임대,충북,0
2024-08,,주택업체,국민임대,충남,0
2024-08,,주택업체,국민임대,전북,0
2024-08,,주택업체,국민임대,전남,0
2024-08,,주택업체,국민임대,경북,0
2024-08,,주택업체,국민임대,경남,0
2024-08,,주택업체,국민임대,제주,0
2024-08,,주택업체,공공임대,전국,505
2024-08,,주택업체,공공임대,서울,505
2024-08,,주택업체,공공임대,인천,0
2024-08,,주택업체,공공임대,경기,0
2024-08,,주택업체,공공임대,부산,0
2024-08,,주택업체,공공임대,대구,0
2024-08,,주택업체,공공임대,광주,0
2024-08,,주택업체,공공임대,대전,0
2024-08,,주택업체,공공임대,울산,0
2024-08,,주택업체,공공임대,세종,0
2024-08,,주택업체,공공임대,강원,0
2024-08,,주택업체,공공임대,충북,0
2024-08,,주택업체,공공임대,충남,0
2024-08,,주택업체,공공임대,전북,0
2024-08,,주택업체,공공임대,전남,0
2024-08,,주택업체,공공임대,경북,0
2024-08,,주택업체,공공임대,경남,0
2024-08,,주택업체,공공임대,제주,0
2024-08,,주택업체,공공분양,전국,0
2024-08,,주택업체,공공분양,서울,0
2024-08,,주택업체,공공분양,인천,0
2024-08,,주택업체,공공분양,경기,0
2024-08,,주택업체,공공분양,부산,0
2024-08,,주택업체,공공분양,대구,0
2024-08,,주택업체,공공분양,광주,0
2024-08,,주택업체,공공분양,대전,0
2024-08,,주택업체,공공분양,울산,0
2024-08,,주택업체,공공분양,세종,0
2024-08,,주택업체,공공분양,강원,0
2024-08,,주택업체,공공분양,충북,0
2024-08,,주택업체,공공분양,충남,0
2024-08,,주택업체,공공분양,전북,0
2024-08,,주택업체,공공분양,전남,0
2024-08,,주택업체,공공분양,경북,0
2024-08,,주택업체,공공분양,경남,0
2024-08,,주택업체,공공분양,제주,0
2024-08,,민간부문,소계,전국,28626
2024-08,,민간부문,소계,서울,1264
2024-08,,민간부문,소계,인천,3564
2024-08,,민간부문,소계,경기,16042
2024-08,,민간부문,소계,부산,2453
2024-08,,민간부문,소계,대구,118
2024-08,,민간부문,소계,광주,13
2024-08,,민간부문,소계,대전,12
2024-08,,민간부문,소계,울산,819
2024-08,,민간부문,소계,세종,10
2024-08,,민간부문,소계,강원,212
2024-08,,민간부문,소계,충북,982
2024-08,,민간부문,소계,충남,198
2024-08,,민간부문,소계,전북,187
2024-08,,민간부문,소계,전남,214
2024-08,,민간부문,소계,경북,195
2024-08,,민간부문,소계,경남,748
2024-08,,민간부문,소계,제주,1595
2024-08,,민간,민간임대,전국,958
2024-08,,민간,민간임대,서울,0
2024-08,,민간,민간임대,인천,918
2024-08,,민간,민간임대,경기,0
2024-08,,민간,민간임대,부산,0
2024-08,,민간,민간임대,대구,0
2024-08,,민간,민간임대,광주,0
2024-08,,민간,민간임대,대전,0
2024-08,,민간,민간임대,울산,0
2024-08,,민간,민간임대,세종,0
2024-08,,민간,민간임대,강원,0
2024-08,,민간,민간임대,충북,0
2024-08,,민간,민간임대,충남,0
2024-08,,민간,민간임대,전북,40
2024-08,,민간,민간임대,전남,0
2024-08,,민간,민간임대,경북,0
2024-08,,민간,민간임대,경남,0
2024-08,,민간,민간임대,제주,0
2024-08,,민간,민간분양,전국,27668
2024-08,,민간,민간분양,서울,1264
2024-08,,민간,민간분양,인천,2646
2024-08,,민간,민간분양,경기,16042
2024-08,,민간,민간분양,부산,2453
2024-08,,민간,민간분양,대구,118
2024-08,,민간,민간분양,광주,13
2024-08,,민간,민간분양,대전,12
2024-08,,민간,민간분양,울산,819
2024-08,,민간,민간분양,세종,10
2024-08,,민간,민간분양,강원,212
2024-08,,민간,민간분양,충북,982
2024-08,,민간,민간분양,충남,198
2024-08,,민간,민간분양,전북,147
2024-08,,민간,민간분양,전남,214
2024-08,,민간,민간분양,경북,195
2024-08,,민간,민간분양,경남,748
2024-08,,민간,민간분양,제주,1595
2024-09,,총계,총계,전국,18348
2024-09,,총계,총계,서울,880
2024-09,,총계,총계,인천,2350
2024-09,,총계,총계,경기,5346
2024-09,,총계,총계,부산,2468
2024-09,,총계,총계,대구,188
2024-09,,총계,총계,광주,8
2024-09,,총계,총계,대전,362
2024-09,,총계,총계,울산,18
2024-09,,총계,총계,세종,510
2024-09,,총계,총계,강원,1212
2024-09,,총계,총계,충북,471
2024-09,,총계,총계,충남,1386
2024-09,,총계,총계,전북,133
2024-09,,총계,총계,전남,199
2024-09,,총계,총계,경북,2573
2024-09,,총계,총계,경남,155
2024-09,,총계,총계,제주,89
2024-09,,공공부문,소계,전국,1506
2024-09,,공공부문,소계,서울,54
2024-09,,공공부문,소계,인천,0
2024-09,,공공부문,소계,경기,610
2024-09,,공공부문,소계,부산,0
2024-09,,공공부문,소계,대구,0
2024-09,,공공부문,소계,광주,0
2024-09,,공공부문,소계,대전,0
2024-09,,공공부문,소계,울산,0
2024-09,,공공부문,소계,세종,500
2024-09,,공공부문,소계,강원,0
2024-09,,공공부문,소계,충북,342
2024-09,,공공부문,소계,충남,0
2024-09,,공공부문,소계,전북,0
2024-09,,공공부문,소계,전남,0
2024-09,,공공부문,소계,경북,0
2024-09,,공공부문,소계,경남,0
2024-09,,공공부문,소계,제주,0
2024-09,,합,국민임대,전국,0
2024-09,,합,국민임대,서울,0
2024-09,,합,국민임대,인천,0
2024-09,,합,국민임대,경기,0
2024-09,,합,국민임대,부산,0
2024-09,,합,국민임대,대구,0
2024-09,,합,국민임대,광주,0
2024-09,,합,국민임대,대전,0
2024-09,,합,국민임대,울산,0
2024-09,,합,국민임대,세종,0
2024-09,,합,국민임대,강원,0
2024-09,,합,국민임대,충북,0
2024-09,,합,국민임대,충남,0
2024-09,,합,국민임대,전북,0
2024-09,,합,국민임대,전남,0
2024-09,,합,국민임대,경북,0
2024-09,,합,국민임대,경남,0
2024-09,,합,국민임대,제주,0
2024-09,,합,공공임대,전국,1506
2024-09,,합,공공임대,서울,54
2024-09,,합,공공임대,인천,0
2024-09,,합,공공임대,경기,610
2024-09,,합,공공임대,부산,0
2024-09,,합,공공임대,대구,0
2024-09,,합,공공임대,광주,0
2024-09,,합,공공임대,대전,0
2024-09,,합,공공임대,울산,0
2024-09,,합,공공임대,세종,500
2024-09,,합,공공임대,강원,0
2024-09,,합,공공임대,충북,342
2024-09,,합,공공임대,충남,0
2024-09,,합,공공임대,전북,0
2024-09,,합,공공임대,전남,0
2024-09,,합,공공임대,경북,0
2024-09,,합,공공임대,경남,0
2024-09,,합,공공임대,제주,0
2024-09,,합,공공분양,전국,0
2024-09,,합,공공분양,서울,0
2024-09,,합,공공분양,인천,0
2024-09,,합,공공분양,경기,0
2024-09,,합,공공분양,부산,0
2024-09,,합,공공분양,대구,0
2024-09,,합,공공분양,광주,0
2024-09,,합,공공분양,대전,0
2024-09,,합,공공분양,울산,0
2024-09,,합,공공분양,세종,0
2024-09,,합,공공분양,강원,0
2024-09,,합,공공분양,충북,0
2024-09,,합,공공분양,충남,0
2024-09,,합,공공분양,전북,0
2024-09,,합,공공분양,전남,0
2024-09,,합,공공분양,경북,0
2024-09,,합,공공분양,경남,0
2024-09,,합,공공분양,제주,0
2024-09,,지자체,소계,전국,0
2024-09,,지자체,소계,서울,0
2024-09,,지자체,소계,인천,0
2024-09,,지자체,소계,경기,0
2024-09,,지자체,소계,부산,0
2024-09,,지자체,소계,대구,0
2024-09,,지자체,소계,광주,0
2024-09,,지자체,소계,대전,0
2024-09,,지자체,소계,울산,0
2024-09,,지자체,소계,세종,0
2024-09,,지자체,소계,강원,0
2024-09,,지자체,소계,충북,0
2024-09,,지자체,소계,충남,0
2024-09,,지자체,소계,전북,0
2024-09,,지자체,소계,전남,0
2024-09,,지자체,소계,경북,0
2024-09,,지자체,소계,경남,0
2024-09,,지자체,소계,제주,0
2024-09,,지자체,국민임대,전국,0
2024-09,,지자체,국민임대,서울,0
2024-09,,지자체,국민임대,인천,0
2024-09,,지자체,국민임대,경기,0
2024-09,,지자체,국민임대,부산,0
2024-09,,지자체,국민임대,대구,0
2024-09,,지자체,국민임대,광주,0
2024-09,,지자체,국민임대,대전,0
2024-09,,지자체,국민임대,울산,0
2024-09,,지자체,국민임대,세종,0
2024-09,,지자체,국민임대,강원,0
2024-09,,지자체,국민임대,충북,0
2024-09,,지자체,국민임대,충남,0
2024-09,,지자체,국민임대,전북,0
2024-09,,지자체,국민임대,전남,0
2024-09,,지자체,국민임대,경북,0
2024-09,,지자체,국민임대,경남,0
2024-09,,지자체,국민임대,제주,0
2024-09,,지자체,공공임대,전국,0
2024-09,,지자체,공공임대,서울,0
2024-09,,지자체,공공임대,인천,0
2024-09,,지자체,공공임대,경기,0
2024-09,,지자체,공공임대,부산,0
2024-09,,지자체,공공임대,대구,0
2024-09,,지자체,공공임대,광주,0
2024-09,,지자체,공공임대,대전,0
2024-09,,지자체,공공임대,울산,0
2024-09,,지자체,공공임대,세종,0
2024-09,,지자체,공공임대,강원,0
2024-09,,지자체,공공임대,충북,0
2024-09,,지자체,공공임대,충남,0
2024-09,,지자체,공공임대,전북,0
2024-09,,지자체,공공임대,전남,0
2024-09,,지자체,공공임대,경북,0
2024-09,,지자체,공공임대,경남,0
2024-09,,지자체,공공임대,제주,0
2024-09,,지자체,공공분양,전국,0
2024-09,,지자체,공공분양,서울,0
2024-09,,지자체,공공분양,인천,0
2024-09,,지자체,공공분양,경기,0
2024-09,,지자체,공공분양,부산,0
2024-09,,지자체,공공분양,대구,0
2024-09,,지자체,공공분양,광주,0
2024-09,,지자체,공공분양,대전,0
2024-09,,지자체,공공분양,울산,0
2024-09,,지자체,공공분양,세종,0
2024-09,,지자체,공공분양,강원,0
2024-09,,지자체,공공분양,충북,0
2024-09,,지자체,공공분양,충남,0
2024-09,,지자체,공공분양,전북,0
2024-09,,지자체,공공분양,전남,0
2024-09,,지자체,공공분양,경북,0
2024-09,,지자체,공공분양,경남,0
2024-09,,지자체,공공분양,제주,0
2024-09,,LH,소계,전국,1452
2024-09,,LH,소계,서울,0
2024-09,,LH,소계,인천,0
2024-09,,LH,소계,경기,610
2024-09,,LH,소계,부산,0
2024-09,,LH,소계,대구,0
2024-09,,LH,소계,광주,0
2024-09,,LH,소계,대전,0
2024-09,,LH,소계,울산,0
2024-09,,LH,소계,세종,500
2024-09,,LH,소계,강원,0
2024-09,,LH,소계,충북,342
2024-09,,LH,소계,충남,0
2024-09,,LH,소계,전북,0
2024-09,,LH,소계,전남,0
2024-09,,LH,소계,경북,0
2024-09,,LH,소계,경남,0
2024-09,,LH,소계,제주,0
2024-09,,LH,국민임대,전국,0
2024-09,,LH,국민임대,서울,0
2024-09,,LH,국민임대,인천,0
2024-09,,LH,국민임대,경기,0
2024-09,,LH,국민임대,부산,0
2024-09,,LH,국민임대,대구,0
2024-09,,LH,국민임대,광주,0
2024-09,,LH,국민임대,대전,0
2024-09,,LH,국민임대,울산,0
2024-09,,LH,국민임대,세종,0
2024-09,,LH,국민임대,강원,0
2024-09,,LH,국민임대,충북,0
2024-09,,LH,국민임대,충남,0
2024-09,,LH,국민임대,전북,0
2024-09,,LH,국민임대,전남,0
2024-09,,LH,국민임대,경북,0
2024-09,,LH,국민임대,경남,0
2024-09,,LH,국민임대,제주,0
2024-09,,LH,공공임대,전국,1452
2024-09,,LH,공공임대,서울,0
2024-09,,LH,공공임대,인천,0
2024-09,,LH,공공임대,경기,610
2024-09,,LH,공공임대,부산,0
2024-09,,LH,공공임대,대구,0
2024-09,,LH,공공임대,광주,0
2024-09,,LH,공공임대,대전,0
2024-09,,LH,공공임대,울산,0
2024-09,,LH,공공임대,세종,500
2024-09,,LH,공공임대,강원,0
2024-09,,LH,공공임대,충북,342
2024-09,,LH,공공임대,충남,0
2024-09,,LH,공공임대,전북,0
2024-09,,LH,공공임대,전남,0
2024-09,,LH,공공임대,경북,0
2024-09,,LH,공공임대,경남,0
2024-09,,LH,공공임대,제주,0
2024-09,,LH,공공분양,전국,0
2024-09,,LH,공공분양,서울,0
2024-09,,LH,공공분양,인천,0
2024-09,,LH,공공분양,경기,0
2024-09,,LH,공공분양,부산,0
2024-09,,LH,공공분양,대구,0
2024-09,,LH,공공분양,광주,0
2024-09,,LH,공공분양,대전,0
2024-09,,LH,공공분양,울산,0
2024-09,,LH,공공분양,세종,0
2024-09,,LH,공공분양,강원,0
2024-09,,LH,공공분양,충북,0
2024-09,,LH,공공분양,충남,0
2024-09,,LH,공공분양,전북,0
2024-09,,LH,공공분양,전남,0
2024-09,,LH,공공분양,경북,0
2024-09,,LH,공공분양,경남,0
2024-09,,LH,공공분양,제주,0
2024-09,,주택업체,소계,전국,54
2024-09,,주택업체,소계,서울,54
2024-09,,주택업체,소계,인천,0
2024-09,,주택업체,소계,경기,0
2024-09,,주택업체,소계,부산,0
2024-09,,주택업체,소계,대구,0
2024-09,,주택업체,소계,광주,0
2024-09,,주택업체,소계,대전,0
2024-09,,주택업체,소계,울산,0
2024-09,,주택업체,소계,세종,0
2024-09,,주택업체,소계,강원,0
2024-09,,주택업체,소계,충북,0
2024-09,,주택업체,소계,충남,0
2024-09,,주택업체,소계,전북,0
2024-09,,주택업체,소계,전남,0
2024-09,,주택업체,소계,경북,0
2024-09,,주택업체,소계,경남,0
2024-09,,주택업체,소계,제주,0
2024-09,,주택업체,국민임대,전국,0
2024-09,,주택업체,국민임대,서울,0
2024-09,,주택업체,국민임대,인천,0
2024-09,,주택업체,국민임대,경기,0
2024-09,,주택업체,국민임대,부산,0
2024-09,,주택업체,국민임대,대구,0
2024-09,,주택업체,국민임대,광주,0
2024-09,,주택업체,국민임대,대전,0
2024-09,,주택업체,국민임대,울산,0
2024-09,,주택업체,국민임대,세종,0
2024-09,,주택업체,국민임대,강원,0
2024-09,,주택업체,국민임대,충북,0
2024-09,,주택업체,국민임대,충남,0
2024-09,,주택업체,국민임대,전북,0
2024-09,,주택업체,국민임대,전남,0
2024-09,,주택업체,국민임대,경북,0
2024-09,,주택업체,국민임대,경남,0
2024-09,,주택업체,국민임대,제주,0
2024-09,,주택업체,공공임대,전국,54
2024-09,,주택업체,공공임대,서울,54
2024-09,,주택업체,공공임대,인천,0
2024-09,,주택업체,공공임대,경기,0
2024-09,,주택업체,공공임대,부산,0
2024-09,,주택업체,공공임대,대구,0
2024-09,,주택업체,공공임대,광주,0
2024-09,,주택업체,공공임대,대전,0
2024-09,,주택업체,공공임대,울산,0
2024-09,,주택업체,공공임대,세종,0
2024-09,,주택업체,공공임대,강원,0
2024-09,,주택업체,공공임대,충북,0
2024-09,,주택업체,공공임대,충남,0
2024-09,,주택업체,공공임대,전북,0
2024-09,,주택업체,공공임대,전남,0
2024-09,,주택업체,공공임대,경북,0
2024-09,,주택업체,공공임대,경남,0
2024-09,,주택업체,공공임대,제주,0
2024-09,,주택업체,공공분양,전국,0
2024-09,,주택업체,공공분양,서울,0
2024-09,,주택업체,공공분양,인천,0
2024-09,,주택업체,공공분양,경기,0
2024-09,,주택업체,공공분양,부산,0
2024-09,,주택업체,공공분양,대구,0
2024-09,,주택업체,공공분양,광주,0
2024-09,,주택업체,공공분양,대전,0
2024-09,,주택업체,공공분양,울산,0
2024-09,,주택업체,공공분양,세종,0
2024-09,,주택업체,공공분양,강원,0
2024-09,,주택업체,공공분양,충북,0
2024-09,,주택업체,공공분양,충남,0
2024-09,,주택업체,공공분양,전북,0
2024-09,,주택업체,공공분양,전남,0
2024-09,,주택업체,공공분양,경북,0
2024-09,,주택업체,공공분양,경남,0
2024-09,,주택업체,공공분양,제주,0
2024-09,,민간부문,소계,전국,16842
2024-09,,민간부문,소계,서울,826
2024-09,,민간부문,소계,인천,2350
2024-09,,민간부문,소계,경기,4736
2024-09,,민간부문,소계,부산,2468
2024-09,,민간부문,소계,대구,188
2024-09,,민간부문,소계,광주,8
2024-09,,민간부문,소계,대전,362
2024-09,,민간부문,소계,울산,18
2024-09,,민간부문,소계,세종,10
2024-09,,민간부문,소계,강원,1212
2024-09,,민간부문,소계,충북,129
2024-09,,민간부문,소계,충남,1386
2024-09,,민간부문,소계,전북,133
2024-09,,민간부문,소계,전남,199
2024-09,,민간부문,소계,경북,2573
2024-09,,민간부문,소계,경남,155
2024-09,,민간부문,소계,제주,89
2024-09,,민간,민간임대,전국,0
2024-09,,민간,민간임대,서울,0
2024-09,,민간,민간임대,인천,0
2024-09,,민간,민간임대,경기,0
2024-09,,민간,민간임대,부산,0
2024-09,,민간,민간임대,대구,0
2024-09,,민간,민간임대,광주,0
2024-09,,민간,민간임대,대전,0
2024-09,,민간,민간임대,울산,0
2024-09,,민간,민간임대,세종,0
2024-09,,민간,민간임대,강원,0
2024-09,,민간,민간임대,충북,0
2024-09,,민간,민간임대,충남,0
2024-09,,민간,민간임대,전북,0
2024-09,,민간,민간임대,전남,0
2024-09,,민간,민간임대,경북,0
2024-09,,민간,민간임대,경남,0
2024-09,,민간,민간임대,제주,0
2024-09,,민간,민간분양,전국,16842
2024-09,,민간,민간분양,서울,826
2024-09,,민간,민간분양,인천,2350
2024-09,,민간,민간분양,경기,4736
2024-09,,민간,민간분양,부산,2468
2024-09,,민간,민간분양,대구,188
2024-09,,민간,민간분양,광주,8
2024-09,,민간,민간분양,대전,362
2024-09,,민간,민간분양,울산,18
2024-09,,민간,민간분양,세종,10
2024-09,,민간,민간분양,강원,1212
2024-09,,민간,민간분양,충북,129
2024-09,,민간,민간분양,충남,1386
2024-09,,민간,민간분양,전북,133
2024-09,,민간,민간분양,전남,199
2024-09,,민간,민간분양,경북,2573
2024-09,,민간,민간분양,경남,155
2024-09,,민간,민간분양,제주,89
2024-10,,총계,총계,전국,23206
2024-10,,총계,총계,서울,1028
2024-10,,총계,총계,인천,3848
2024-10,,총계,총계,경기,8018
2024-10,,총계,총계,부산,981
2024-10,,총계,총계,대구,470
2024-10,,총계,총계,광주,102
2024-10,,총계,총계,대전,2957
2024-10,,총계,총계,울산,761
2024-10,,총계,총계,세종,56
2024-10,,총계,총계,강원,374
2024-10,,총계,총계,충북,628
2024-10,,총계,총계,충남,2419
2024-10,,총계,총계,전북,422
2024-10,,총계,총계,전남,303
2024-10,,총계,총계,경북,269
2024-10,,총계,총계,경남,276
2024-10,,총계,총계,제주,294
2024-10,,공공부문,소계,전국,3114
2024-10,,공공부문,소계,서울,65
2024-10,,공공부문,소계,인천,1198
2024-10,,공공부문,소계,경기,1189
2024-10,,공공부문,소계,부산,0
2024-10,,공공부문,소계,대구,448
2024-10,,공공부문,소계,광주,0
2024-10,,공공부문,소계,대전,0
2024-10,,공공부문,소계,울산,0
2024-10,,공공부문,소계,세종,0
2024-10,,공공부문,소계,강원,80
2024-10,,공공부문,소계,충북,0
2024-10,,공공부문,소계,충남,0
2024-10,,공공부문,소계,전북,0
2024-10,,공공부문,소계,전남,94
2024-10,,공공부문,소계,경북,0
2024-10,,공공부문,소계,경남,40
2024-10,,공공부문,소계,제주,0
2024-10,,합,국민임대,전국,1238
2024-10,,합,국민임대,서울,0
2024-10,,합,국민임대,인천,1198
2024-10,,합,국민임대,경기,0
2024-10,,합,국민임대,부산,0
2024-10,,합,국민임대,대구,0
2024-10,,합,국민임대,광주,0
2024-10,,합,국민임대,대전,0
2024-10,,합,국민임대,울산,0
2024-10,,합,국민임대,세종,0
2024-10,,합,국민임대,강원,40
2024-10,,합,국민임대,충북,0
2024-10,,합,국민임대,충남,0
2024-10,,합,국민임대,전북,0
2024-10,,합,국민임대,전남,0
2024-10,,합,국민임대,경북,0
2024-10,,합,국민임대,경남,0
2024-10,,합,국민임대,제주,0
2024-10,,합,공공임대,전국,687
2024-10,,합,공공임대,서울,65
2024-10,,합,공공임대,인천,0
2024-10,,합,공공임대,경기,0
2024-10,,합,공공임대,부산,0
2024-10,,합,공공임대,대구,448
2024-10,,합,공공임대,광주,0
2024-10,,합,공공임대,대전,0
2024-10,,합,공공임대,울산,0
2024-10,,합,공공임대,세종,0
2024-10,,합,공공임대,강원,40
2024-10,,합,공공임대,충북,0
2024-10,,합,공공임대,충남,0
2024-10,,합,공공임대,전북,0
2024-10,,합,공공임대,전남,94
2024-10,,합,공공임대,경북,0
2024-10,,합,공공임대,경남,40
2024-10,,합,공공임대,제주,0
2024-10,,합,공공분양,전국,1189
2024-10,,합,공공분양,서울,0
2024-10,,합,공공분양,인천,0
2024-10,,합,공공분양,경기,1189
2024-10,,합,공공분양,부산,0
2024-10,,합,공공분양,대구,0
2024-10,,합,공공분양,광주,0
2024-10,,합,공공분양,대전,0
2024-10,,합,공공분양,울산,0
2024-10,,합,공공분양,세종,0
2024-10,,합,공공분양,강원,0
2024-10,,합,공공분양,충북,0
2024-10,,합,공공분양,충남,0
2024-10,,합,공공분양,전북,0
2024-10,,합,공공분양,전남,0
2024-10,,합,공공분양,경북,0
2024-10,,합,공공분양,경남,0
2024-10,,합,공공분양,제주,0
2024-10,,지자체,소계,전국,0
2024-10,,지자체,소계,서울,0
2024-10,,지자체,소계,인천,0
2024-10,,지자체,소계,경기,0
2024-10,,지자체,소계,부산,0
2024-10,,지자체,소계,대구,0
2024-10,,지자체,소계,광주,0
2024-10,,지자체,소계,대전,0
2024-10,,지자체,소계,울산,0
2024-10,,지자체,소계,세종,0
2024-10,,지자체,소계,강원,0
2024-10,,지자체,소계,충북,0
2024-10,,지자체,소계,충남,0
2024-10,,지자체,소계,전북,0
2024-10,,지자체,소계,전남,0
2024-10,,지자체,소계,경북,0
2024-10,,지자체,소계,경남,0
2024-10,,지자체,소계,제주,0
2024-10,,지자체,국민임대,전국,0
2024-10,,지자체,국민임대,서울,0
2024-10,,지자체,국민임대,인천,0
2024-10,,지자체,국민임대,경기,0
2024-10,,지자체,국민임대,부산,0
2024-10,,지자체,국민임대,대구,0
2024-10,,지자체,국민임대,광주,0
2024-10,,지자체,국민임대,대전,0
2024-10,,지자체,국민임대,울산,0
2024-10,,지자체,국민임대,세종,0
2024-10,,지자체,국민임대,강원,0
2024-10,,지자체,국민임대,충북,0
2024-10,,지자체,국민임대,충남,0
2024-10,,지자체,국민임대,전북,0
2024-10,,지자체,국민임대,전남,0
2024-10,,지자체,국민임대,경북,0
2024-10,,지자체,국민임대,경남,0
2024-10,,지자체,국민임대,제주,0
2024-10,,지자체,공공임대,전국,0
2024-10,,지자체,공공임대,서울,0
2024-10,,지자체,공공임대,인천,0
2024-10,,지자체,공공임대,경기,0
2024-10,,지자체,공공임대,부산,0
2024-10,,지자체,공공임대,대구,0
2024-10,,지자체,공공임대,광주,0
2024-10,,지자체,공공임대,대전,0
2024-10,,지자체,공공임대,울산,0
2024-10,,지자체,공공임대,세종,0
2024-10,,지자체,공공임대,강원,0
2024-10,,지자체,공공임대,충북,0
2024-10,,지자체,공공임대,충남,0
2024-10,,지자체,공공임대,전북,0
2024-10,,지자체,공공임대,전남,0
2024-10,,지자체,공공임대,경북,0
2024-10,,지자체,공공임대,경남,0
2024-10,,지자체,공공임대,제주,0
2024-10,,지자체,공공분양,전국,0
2024-10,,지자체,공공분양,서울,0
2024-10,,지자체,공공분양,인천,0
2024-10,,지자체,공공분양,경기,0
2024-10,,지자체,공공분양,부산,0
2024-10,,지자체,공공분양,대구,0
2024-10,,지자체,공공분양,광주,0
2024-10,,지자체,공공분양,대전,0
2024-10,,지자체,공공분양,울산,0
2024-10,,지자체,공공분양,세종,0
2024-10,,지자체,공공분양,강원,0
2024-10,,지자체,공공분양,충북,0
2024-10,,지자체,공공분양,충남,0
2024-10,,지자체,공공분양,전북,0
2024-10,,지자체,공공분양,전남,0
2024-10,,지자체,공공분양,경북,0
2024-10,,지자체,공공분양,경남,0
2024-10,,지자체,공공분양,제주,0
2024-10,,LH,소계,전국,3067
2024-10,,LH,소계,서울,18
2024-10,,LH,소계,인천,1198
2024-10,,LH,소계,경기,1189
2024-10,,LH,소계,부산,0
2024-10,,LH,소계,대구,448
2024-10,,LH,소계,광주,0
2024-10,,LH,소계,대전,0
2024-10,,LH,소계,울산,0
2024-10,,LH,소계,세종,0
2024-10,,LH,소계,강원,80
2024-10,,LH,소계,충북,0
2024-10,,LH,소계,충남,0
2024-10,,LH,소계,전북,0
2024-10,,LH,소계,전남,94
2024-10,,LH,소계,경북,0
2024-10,,LH,소계,경남,40
2024-10,,LH,소계,제주,0
2024-10,,LH,국민임대,전국,1238
2024-10,,LH,국민임대,서울,0
2024-10,,LH,국민임대,인천,1198
2024-10,,LH,국민임대,경기,0
2024-10,,LH,국민임대,부산,0
2024-10,,LH,국민임대,대구,0
2024-10,,LH,국민임대,광주,0
2024-10,,LH,국민임대,대전,0
2024-10,,LH,국민임대,울산,0
2024-10,,LH,국민임대,세종,0
2024-10,,LH,국민임대,강원,40
2024-10,,LH,국민임대,충북,0
2024-10,,LH,국민임대,충남,0
2024-10,,LH,국민임대,전북,0
2024-10,,LH,국민임대,전남,0
2024-10,,LH,국민임대,경북,0
2024-10,,LH,국민임대,경남,0
2024-10,,LH,국민임대,제주,0
2024-10,,LH,공공임대,전국,640
2024-10,,LH,공공임대,서울,18
2024-10,,LH,공공임대,인천,0
2024-10,,LH,공공임대,경기,0
2024-10,,LH,공공임대,부산,0
2024-10,,LH,공공임대,대구,448
2024-10,,LH,공공임대,광주,0
2024-10,,LH,공공임대,대전,0
2024-10,,LH,공공임대,울산,0
2024-10,,LH,공공임대,세종,0
2024-10,,LH,공공임대,강원,40
2024-10,,LH,공공임대,충북,0
2024-10,,LH,공공임대,충남,0
2024-10,,LH,공공임대,전북,0
2024-10,,LH,공공임대,전남,94
2024-10,,LH,공공임대,경북,0
2024-10,,LH,공공임대,경남,40
2024-10,,LH,공공임대,제주,0
2024-10,,LH,공공분양,전국,1189
2024-10,,LH,공공분양,서울,0
2024-10,,LH,공공분양,인천,0
2024-10,,LH,공공분양,경기,1189
2024-10,,LH,공공분양,부산,0
2024-10,,LH,공공분양,대구,0
2024-10,,LH,공공분양,광주,0
2024-10,,LH,공공분양,대전,0
2024-10,,LH,공공분양,울산,0
2024-10,,LH,공공분양,세종,0
2024-10,,LH,공공분양,강원,0
2024-10,,LH,공공분양,충북,0
2024-10,,LH,공공분양,충남,0
2024-10,,LH,공공분양,전북,0
2024-10,,LH,공공분양,전남,0
2024-10,,LH,공공분양,경북,0
2024-10,,LH,공공분양,경남,0
2024-10,,LH,공공분양,제주,0
2024-10,,주택업체,소계,전국,47
2024-10,,주택업체,소계,서울,47
2024-10,,주택업체,소계,인천,0
2024-10,,주택업체,소계,경기,0
2024-10,,주택업체,소계,부산,0
2024-10,,주택업체,소계,대구,0
2024-10,,주택업체,소계,광주,0
2024-10,,주택업체,소계,대전,0
2024-10,,주택업체,소계,울산,0
2024-10,,주택업체,소계,세종,0
2024-10,,주택업체,소계,강원,0
2024-10,,주택업체,소계,충북,0
2024-10,,주택업체,소계,충남,0
2024-10,,주택업체,소계,전북,0
2024-10,,주택업체,소계,전남,0
2024-10,,주택업체,소계,경북,0
2024-10,,주택업체,소계,경남,0
2024-10,,주택업체,소계,제주,0
2024-10,,주택업체,국민임대,전국,0
2024-10,,주택업체,국민임대,서울,0
2024-10,,주택업체,국민임대,인천,0
2024-10,,주택업체,국민임대,경기,0
2024-10,,주택업체,국민임대,부산,0
2024-10,,주택업체,국민임대,대구,0
2024-10,,주택업체,국민임대,광주,0
2024-10,,주택업체,국민임대,대전,0
2024-10,,주택업체,국민임대,울산,0
2024-10,,주택업체,국민임대,세종,0
2024-10,,주택업체,국민임대,강원,0
2024-10,,주택업체,국민임대,충북,0
2024-10,,주택업체,국민임대,충남,0
2024-10,,주택업체,국민임대,전북,0
2024-10,,주택업체,국민임대,전남,0
2024-10,,주택업체,국민임대,경북,0
2024-10,,주택업체,국민임대,경남,0
2024-10,,주택업체,국민임대,제주,0
2024-10,,주택업체,공공임대,전국,47
2024-10,,주택업체,공공임대,서울,47
2024-10,,주택업체,공공임대,인천,0
2024-10,,주택업체,공공임대,경기,0
2024-10,,주택업체,공공임대,부산,0
2024-10,,주택업체,공공임대,대구,0
2024-10,,주택업체,공공임대,광주,0
2024-10,,주택업체,공공임대,대전,0
2024-10,,주택업체,공공임대,울산,0
2024-10,,주택업체,공공임대,세종,0
2024-10,,주택업체,공공임대,강원,0
2024-10,,주택업체,공공임대,충북,0
2024-10,,주택업체,공공임대,충남,0
2024-10,,주택업체,공공임대,전북,0
2024-10,,주택업체,공공임대,전남,0
2024-10,,주택업체,공공임대,경북,0
2024-10,,주택업체,공공임대,경남,0
2024-10,,주택업체,공공임대,제주,0
2024-10,,주택업체,공공분양,전국,0
2024-10,,주택업체,공공분양,서울,0
2024-10,,주택업체,공공분양,인천,0
2024-10,,주택업체,공공분양,경기,0
2024-10,,주택업체,공공분양,부산,0
2024-10,,주택업체,공공분양,대구,0
2024-10,,주택업체,공공분양,광주,0
2024-10,,주택업체,공공분양,대전,0
2024-10,,주택업체,공공분양,울산,0
2024-10,,주택업체,공공분양,세종,0
2024-10,,주택업체,공공분양,강원,0
2024-10,,주택업체,공공분양,충북,0
2024-10,,주택업체,공공분양,충남,0
2024-10,,주택업체,공공분양,전북,0
2024-10,,주택업체,공공분양,전남,0
2024-10,,주택업체,공공분양,경북,0
2024-10,,주택업체,공공분양,경남,0
2024-10,,주택업체,공공분양,제주,0
2024-10,,민간부문,소계,전국,20092
2024-10,,민간부문,소계,서울,963
2024-10,,민간부문,소계,인천,2650
2024-10,,민간부문,소계,경기,6829
2024-10,,민간부문,소계,부산,981
2024-10,,민간부문,소계,대구,22
2024-10,,민간부문,소계,광주,102
2024-10,,민간부문,소계,대전,2957
2024-10,,민간부문,소계,울산,761
2024-10,,민간부문,소계,세종,56
2024-10,,민간부문,소계,강원,294
2024-10,,민간부문,소계,충북,628
2024-10,,민간부문,소계,충남,2419
2024-10,,민간부문,소계,전북,422
2024-10,,민간부문,소계,전남,209
2024-10,,민간부문,소계,경북,269
2024-10,,민간부문,소계,경남,236
2024-10,,민간부문,소계,제주,294
2024-10,,민간,민간임대,전국,300
2024-10,,민간,민간임대,서울,0
2024-10,,민간,민간임대,인천,0
2024-10,,민간,민간임대,경기,0
2024-10,,민간,민간임대,부산,0
2024-10,,민간,민간임대,대구,0
2024-10,,민간,민간임대,광주,0
2024-10,,민간,민간임대,대전,0
2024-10,,민간,민간임대,울산,0
2024-10,,민간,민간임대,세종,0
2024-10,,민간,민간임대,강원,0
2024-10,,민간,민간임대,충북,0
2024-10,,민간,민간임대,충남,0
2024-10,,민간,민간임대,전북,300
2024-10,,민간,민간임대,전남,0
2024-10,,민간,민간임대,경북,0
2024-10,,민간,민간임대,경남,0
2024-10,,민간,민간임대,제주,0
2024-10,,민간,민간분양,전국,19792
2024-10,,민간,민간분양,서울,963
2024-10,,민간,민간분양,인천,2650
2024-10,,민간,민간분양,경기,6829
2024-10,,민간,민간분양,부산,981
2024-10,,민간,민간분양,대구,22
2024-10,,민간,민간분양,광주,102
2024-10,,민간,민간분양,대전,2957
2024-10,,민간,민간분양,울산,761
2024-10,,민간,민간분양,세종,56
2024-10,,민간,민간분양,강원,294
2024-10,,민간,민간분양,충북,628
2024-10,,민간,민간분양,충남,2419
2024-10,,민간,민간분양,전북,122
2024-10,,민간,민간분양,전남,209
2024-10,,민간,민간분양,경북,269
2024-10,,민간,민간분양,경남,236
2024-10,,민간,민간분양,제주,294
2024-11,,총계,총계,전국,22030
2024-11,,총계,총계,서울,3882
2024-11,,총계,총계,인천,2850
2024-11,,총계,총계,경기,4198
2024-11,,총계,총계,부산,565
2024-11,,총계,총계,대구,173
2024-11,,총계,총계,광주,12
2024-11,,총계,총계,대전,5
2024-11,,총계,총계,울산,22
2024-11,,총계,총계,세종,52
2024-11,,총계,총계,강원,672
2024-11,,총계,총계,충북,969
2024-11,,총계,총계,충남,4389
2024-11,,총계,총계,전북,2630
2024-11,,총계,총계,전남,1005
2024-11,,총계,총계,경북,207
2024-11,,총계,총계,경남,181
2024-11,,총계,총계,제주,218
2024-11,,공공부문,소계,전국,1543
2024-11,,공공부문,소계,서울,0
2024-11,,공공부문,소계,인천,0
2024-11,,공공부문,소계,경기,1447
2024-11,,공공부문,소계,부산,0
2024-11,,공공부문,소계,대구,0
2024-11,,공공부문,소계,광주,0
2024-11,,공공부문,소계,대전,0
2024-11,,공공부문,소계,울산,0
2024-11,,공공부문,소계,세종,0
2024-11,,공공부문,소계,강원,0
2024-11,,공공부문,소계,충북,0
2024-11,,공공부문,소계,충남,50
2024-11,,공공부문,소계,전북,44
2024-11,,공공부문,소계,전남,0
2024-11,,공공부문,소계,경북,0
2024-11,,공공부문,소계,경남,2
2024-11,,공공부문,소계,제주,0
2024-11,,합,국민임대,전국,0
2024-11,,합,국민임대,서울,0
2024-11,,합,국민임대,인천,0
2024-11,,합,국민임대,경기,0
2024-11,,합,국민임대,부산,0
2024-11,,합,국민임대,대구,0
2024-11,,합,국민임대,광주,0
2024-11,,합,국민임대,대전,0
2024-11,,합,국민임대,울산,0
2024-11,,합,국민임대,세종,0
2024-11,,합,국민임대,강원,0
2024-11,,합,국민임대,충북,0
2024-11,,합,국민임대,충남,0
2024-11,,합,국민임대,전북,0
2024-11,,합,국민임대,전남,0
2024-11,,합,국민임대,경북,0
2024-11,,합,국민임대,경남,0
2024-11,,합,국민임대,제주,0
2024-11,,합,공공임대,전국,1543
2024-11,,합,공공임대,서울,0
2024-11,,합,공공임대,인천,0
2024-11,,합,공공임대,경기,1447
2024-11,,합,공공임대,부산,0
2024-11,,합,공공임대,대구,0
2024-11,,합,공공임대,광주,0
2024-11,,합,공공임대,대전,0
2024-11,,합,공공임대,울산,0
2024-11,,합,공공임대,세종,0
2024-11,,합,공공임대,강원,0
2024-11,,합,공공임대,충북,0
2024-11,,합,공공임대,충남,50
2024-11,,합,공공임대,전북,44
2024-11,,합,공공임대,전남,0
2024-11,,합,공공임대,경북,0
2024-11,,합,공공임대,경남,2
2024-11,,합,공공임대,제주,0
2024-11,,합,공공분양,전국,0
2024-11,,합,공공분양,서울,0
2024-11,,합,공공분양,인천,0
2024-11,,합,공공분양,경기,0
2024-11,,합,공공분양,부산,0
2024-11,,합,공공분양,대구,0
2024-11,,합,공공분양,광주,0
2024-11,,합,공공분양,대전,0
2024-11,,합,공공분양,울산,0
2024-11,,합,공공분양,세종,0
2024-11,,합,공공분양,강원,0
2024-11,,합,공공분양,충북,0
2024-11,,합,공공분양,충남,0
2024-11,,합,공공분양,전북,0
2024-11,,합,공공분양,전남,0
2024-11,,합,공공분양,경북,0
2024-11,,합,공공분양,경남,0
2024-11,,합,공공분양,제주,0
2024-11,,지자체,소계,전국,2
2024-11,,지자체,소계,서울,0
2024-11,,지자체,소계,인천,0
2024-11,,지자체,소계,경기,0
2024-11,,지자체,소계,부산,0
2024-11,,지자체,소계,대구,0
2024-11,,지자체,소계,광주,0
2024-11,,지자체,소계,대전,0
2024-11,,지자체,소계,울산,0
2024-11,,지자체,소계,세종,0
2024-11,,지자체,소계,강원,0
2024-11,,지자체,소계,충북,0
2024-11,,지자체,소계,충남,0
2024-11,,지자체,소계,전북,0
2024-11,,지자체,소계,전남,0
2024-11,,지자체,소계,경북,0
2024-11,,지자체,소계,경남,2
2024-11,,지자체,소계,제주,0
2024-11,,지자체,국민임대,전국,0
2024-11,,지자체,국민임대,서울,0
2024-11,,지자체,국민임대,인천,0
2024-11,,지자체,국민임대,경기,0
2024-11,,지자체,국민임대,부산,0
2024-11,,지자체,국민임대,대구,0
2024-11,,지자체,국민임대,광주,0
2024-11,,지자체,국민임대,대전,0
2024-11,,지자체,국민임대,울산,0
2024-11,,지자체,국민임대,세종,0
2024-11,,지자체,국민임대,강원,0
2024-11,,지자체,국민임대,충북,0
2024-11,,지자체,국민임대,충남,0
2024-11,,지자체,국민임대,전북,0
2024-11,,지자체,국민임대,전남,0
2024-11,,지자체,국민임대,경북,0
2024-11,,지자체,국민임대,경남,0
2024-11,,지자체,국민임대,제주,0
2024-11,,지자체,공공임대,전국,2
2024-11,,지자체,공공임대,서울,0
2024-11,,지자체,공공임대,인천,0
2024-11,,지자체,공공임대,경기,0
2024-11,,지자체,공공임대,부산,0
2024-11,,지자체,공공임대,대구,0
2024-11,,지자체,공공임대,광주,0
2024-11,,지자체,공공임대,대전,0
2024-11,,지자체,공공임대,울산,0
2024-11,,지자체,공공임대,세종,0
2024-11,,지자체,공공임대,강원,0
2024-11,,지자체,공공임대,충북,0
2024-11,,지자체,공공임대,충남,0
2024-11,,지자체,공공임대,전북,0
2024-11,,지자체,공공임대,전남,0
2024-11,,지자체,공공임대,경북,0
2024-11,,지자체,공공임대,경남,2
2024-11,,지자체,공공임대,제주,0
2024-11,,지자체,공공분양,전국,0
2024-11,,지자체,공공분양,서울,0
2024-11,,지자체,공공분양,인천,0
2024-11,,지자체,공공분양,경기,0
2024-11,,지자체,공공분양,부산,0
2024-11,,지자체,공공분양,대구,0
2024-11,,지자체,공공분양,광주,0
2024-11,,지자체,공공분양,대전,0
2024-11,,지자체,공공분양,울산,0
2024-11,,지자체,공공분양,세종,0
2024-11,,지자체,공공분양,강원,0
2024-11,,지자체,공공분양,충북,0
2024-11,,지자체,공공분양,충남,0
2024-11,,지자체,공공분양,전북,0
2024-11,,지자체,공공분양,전남,0
2024-11,,지자체,공공분양,경북,0
2024-11,,지자체,공공분양,경남,0
2024-11,,지자체,공공분양,제주,0
2024-11,,LH,소계,전국,1497
2024-11,,LH,소계,서울,0
2024-11,,LH,소계,인천,0
2024-11,,LH,소계,경기,1447
2024-11,,LH,소계,부산,0
2024-11,,LH,소계,대구,0
2024-11,,LH,소계,광주,0
2024-11,,LH,소계,대전,0
2024-11,,LH,소계,울산,0
2024-11,,LH,소계,세종,0
2024-11,,LH,소계,강원,0
2024-11,,LH,소계,충북,0
2024-11,,LH,소계,충남,50
2024-11,,LH,소계,전북,0
2024-11,,LH,소계,전남,0
2024-11,,LH,소계,경북,0
2024-11,,LH,소계,경남,0
2024-11,,LH,소계,제주,0
2024-11,,LH,국민임대,전국,0
2024-11,,LH,국민임대,서울,0
2024-11,,LH,국민임대,인천,0
2024-11,,LH,국민임대,경기,0
2024-11,,LH,국민임대,부산,0
2024-11,,LH,국민임대,대구,0
2024-11,,LH,국민임대,광주,0
2024-11,,LH,국민임대,대전,0
2024-11,,LH,국민임대,울산,0
2024-11,,LH,국민임대,세종,0
2024-11,,LH,국민임대,강원,0
2024-11,,LH,국민임대,충북,0
2024-11,,LH,국민임대,충남,0
2024-11,,LH,국민임대,전북,0
2024-11,,LH,국민임대,전남,0
2024-11,,LH,국민임대,경북,0
2024-11,,LH,국민임대,경남,0
2024-11,,LH,국민임대,제주,0
2024-11,,LH,공공임대,전국,1497
2024-11,,LH,공공임대,서울,0
2024-11,,LH,공공임대,인천,0
2024-11,,LH,공공임대,경기,1447
2024-11,,LH,공공임대,부산,0
2024-11,,LH,공공임대,대구,0
2024-11,,LH,공공임대,광주,0
2024-11,,LH,공공임대,대전,0
2024-11,,LH,공공임대,울산,0
2024-11,,LH,공공임대,세종,0
2024-11,,LH,공공임대,강원,0
2024-11,,LH,공공임대,충북,0
2024-11,,LH,공공임대,충남,50
2024-11,,LH,공공임대,전북,0
2024-11,,LH,공공임대,전남,0
2024-11,,LH,공공임대,경북,0
2024-11,,LH,공공임대,경남,0
2024-11,,LH,공공임대,제주,0
2024-11,,LH,공공분양,전국,0
2024-11,,LH,공공분양,서울,0
2024-11,,LH,공공분양,인천,0
2024-11,,LH,공공분양,경기,0
2024-11,,LH,공공분양,부산,0
2024-11,,LH,공공분양,대구,0
2024-11,,LH,공공분양,광주,0
2024-11,,LH,공공분양,대전,0
2024-11,,LH,공공분양,울산,0
2024-11,,LH,공공분양,세종,0
2024-11,,LH,공공분양,강원,0
2024-11,,LH,공공분양,충북,0
2024-11,,LH,공공분양,충남,0
2024-11,,LH,공공분양,전북,0
2024-11,,LH,공공분양,전남,0
2024-11,,LH,공공분양,경북,0
2024-11,,LH,공공분양,경남,0
2024-11,,LH,공공분양,제주,0
2024-11,,주택업체,소계,전국,44
2024-11,,주택업체,소계,서울,0
2024-11,,주택업체,소계,인천,0
2024-11,,주택업체,소계,경기,0
2024-11,,주택업체,소계,부산,0
2024-11,,주택업체,소계,대구,0
2024-11,,주택업체,소계,광주,0
2024-11,,주택업체,소계,대전,0
2024-11,,주택업체,소계,울산,0
2024-11,,주택업체,소계,세종,0
2024-11,,주택업체,소계,강원,0
2024-11,,주택업체,소계,충북,0
2024-11,,주택업체,소계,충남,0
2024-11,,주택업체,소계,전북,44
2024-11,,주택업체,소계,전남,0
2024-11,,주택업체,소계,경북,0
2024-11,,주택업체,소계,경남,0
2024-11,,주택업체,소계,제주,0
2024-11,,주택업체,국민임대,전국,0
2024-11,,주택업체,국민임대,서울,0
2024-11,,주택업체,국민임대,인천,0
2024-11,,주택업체,국민임대,경기,0
2024-11,,주택업체,국민임대,부산,0
2024-11,,주택업체,국민임대,대구,0
2024-11,,주택업체,국민임대,광주,0
2024-11,,주택업체,국민임대,대전,0
2024-11,,주택업체,국민임대,울산,0
2024-11,,주택업체,국민임대,세종,0
2024-11,,주택업체,국민임대,강원,0
2024-11,,주택업체,국민임대,충북,0
2024-11,,주택업체,국민임대,충남,0
2024-11,,주택업체,국민임대,전북,0
2024-11,,주택업체,국민임대,전남,0
2024-11,,주택업체,국민임대,경북,0
2024-11,,주택업체,국민임대,경남,0
2024-11,,주택업체,국민임대,제주,0
2024-11,,주택업체,공공임대,전국,44
2024-11,,주택업체,공공임대,서울,0
2024-11,,주택업체,공공임대,인천,0
2024-11,,주택업체,공공임대,경기,0
2024-11,,주택업체,공공임대,부산,0
2024-11,,주택업체,공공임대,대구,0
2024-11,,주택업체,공공임대,광주,0
2024-11,,주택업체,공공임대,대전,0
2024-11,,주택업체,공공임대,울산,0
2024-11,,주택업체,공공임대,세종,0
2024-11,,주택업체,공공임대,강원,0
2024-11,,주택업체,공공임대,충북,0
2024-11,,주택업체,공공임대,충남,0
2024-11,,주택업체,공공임대,전북,44
2024-11,,주택업체,공공임대,전남,0
2024-11,,주택업체,공공임대,경북,0
2024-11,,주택업체,공공임대,경남,0
2024-11,,주택업체,공공임대,제주,0
2024-11,,주택업체,공공분양,전국,0
2024-11,,주택업체,공공분양,서울,0
2024-11,,주택업체,공공분양,인천,0
2024-11,,주택업체,공공분양,경기,0
2024-11,,주택업체,공공분양,부산,0
2024-11,,주택업체,공공분양,대구,0
2024-11,,주택업체,공공분양,광주,0
2024-11,,주택업체,공공분양,대전,0
2024-11,,주택업체,공공분양,울산,0
2024-11,,주택업체,공공분양,세종,0
2024-11,,주택업체,공공분양,강원,0
2024-11,,주택업체,공공분양,충북,0
2024-11,,주택업체,공공분양,충남,0
2024-11,,주택업체,공공분양,전북,0
2024-11,,주택업체,공공분양,전남,0
2024-11,,주택업체,공공분양,경북,0
2024-11,,주택업체,공공분양,경남,0
2024-11,,주택업체,공공분양,제주,0
2024-11,,민간부문,소계,전국,20487
2024-11,,민간부문,소계,서울,3882
2024-11,,민간부문,소계,인천,2850
2024-11,,민간부문,소계,경기,2751
2024-11,,민간부문,소계,부산,565
2024-11,,민간부문,소계,대구,173
2024-11,,민간부문,소계,광주,12
2024-11,,민간부문,소계,대전,5
2024-11,,민간부문,소계,울산,22
2024-11,,민간부문,소계,세종,52
2024-11,,민간부문,소계,강원,672
2024-11,,민간부문,소계,충북,969
2024-11,,민간부문,소계,충남,4339
2024-11,,민간부문,소계,전북,2586
2024-11,,민간부문,소계,전남,1005
2024-11,,민간부문,소계,경북,207
2024-11,,민간부문,소계,경남,179
2024-11,,민간부문,소계,제주,218
2024-11,,민간,민간임대,전국,2521
2024-11,,민간,민간임대,서울,566
2024-11,,민간,민간임대,인천,0
2024-11,,민간,민간임대,경기,0
2024-11,,민간,민간임대,부산,0
2024-11,,민간,민간임대,대구,0
2024-11,,민간,민간임대,광주,0
2024-11,,민간,민간임대,대전,0
2024-11,,민간,민간임대,울산,0
2024-11,,민간,민간임대,세종,0
2024-11,,민간,민간임대,강원,0
2024-11,,민간,민간임대,충북,245
2024-11,,민간,민간임대,충남,1710
2024-11,,민간,민간임대,전북,0
2024-11,,민간,민간임대,전남,0
2024-11,,민간,민간임대,경북,0
2024-11,,민간,민간임대,경남,0
2024-11,,민간,민간임대,제주,0
2024-11,,민간,민간분양,전국,17966
2024-11,,민간,민간분양,서울,3316
2024-11,,민간,민간분양,인천,2850
2024-11,,민간,민간분양,경기,2751
2024-11,,민간,민간분양,부산,565
2024-11,,민간,민간분양,대구,173
2024-11,,민간,민간분양,광주,12
2024-11,,민간,민간분양,대전,5
2024-11,,민간,민간분양,울산,22
2024-11,,민간,민간분양,세종,52
2024-11,,민간,민간분양,강원,672
2024-11,,민간,민간분양,충북,724
2024-11,,민간,민간분양,충남,2629
2024-11,,민간,민간분양,전북,2586
2024-11,,민간,민간분양,전남,1005
2024-11,,민간,민간분양,경북,207
2024-11,,민간,민간분양,경남,179
2024-11,,민간,민간분양,제주,218
2024-12,,총계,총계,전국,65674
2024-12,,총계,총계,서울,3620
2024-12,,총계,총계,인천,1769
2024-12,,총계,총계,경기,24576
2024-12,,총계,총계,부산,3099
2024-12,,총계,총계,대구,2762
2024-12,,총계,총계,광주,4
2024-12,,총계,총계,대전,3377
2024-12,,총계,총계,울산,2155
2024-12,,총계,총계,세종,3024
2024-12,,총계,총계,강원,1742
2024-12,,총계,총계,충북,3558
2024-12,,총계,총계,충남,4760
2024-12,,총계,총계,전북,978
2024-12,,총계,총계,전남,3077
2024-12,,총계,총계,경북,1676
2024-12,,총계,총계,경남,5227
2024-12,,총계,총계,제주,270
2024-12,,공공부문,소계,전국,43480
2024-12,,공공부문,소계,서울,95
2024-12,,공공부문,소계,인천,1323
2024-12,,공공부문,소계,경기,19874
2024-12,,공공부문,소계,부산,2424
2024-12,,공공부문,소계,대구,1148
2024-12,,공공부문,소계,광주,0
2024-12,,공공부문,소계,대전,3265
2024-12,,공공부문,소계,울산,2134
2024-12,,공공부문,소계,세종,2323
2024-12,,공공부문,소계,강원,1332
2024-12,,공공부문,소계,충북,2828
2024-12,,공공부문,소계,충남,1725
2024-12,,공공부문,소계,전북,878
2024-12,,공공부문,소계,전남,727
2024-12,,공공부문,소계,경북,962
2024-12,,공공부문,소계,경남,2442
2024-12,,공공부문,소계,제주,0
2024-12,,합,국민임대,전국,991
2024-12,,합,국민임대,서울,0
2024-12,,합,국민임대,인천,991
2024-12,,합,국민임대,경기,0
2024-12,,합,국민임대,부산,0
2024-12,,합,국민임대,대구,0
2024-12,,합,국민임대,광주,0
2024-12,,합,국민임대,대전,0
2024-12,,합,국민임대,울산,0
2024-12,,합,국민임대,세종,0
2024-12,,합,국민임대,강원,0
2024-12,,합,국민임대,충북,0
2024-12,,합,국민임대,충남,0
2024-12,,합,국민임대,전북,0
2024-12,,합,국민임대,전남,0
2024-12,,합,국민임대,경북,0
2024-12,,합,국민임대,경남,0
2024-12,,합,국민임대,제주,0
2024-12,,합,공공임대,전국,21399
2024-12,,합,공공임대,서울,95
2024-12,,합,공공임대,인천,332
2024-12,,합,공공임대,경기,7875
2024-12,,합,공공임대,부산,523
2024-12,,합,공공임대,대구,1148
2024-12,,합,공공임대,광주,0
2024-12,,합,공공임대,대전,674
2024-12,,합,공공임대,울산,1278
2024-12,,합,공공임대,세종,1667
2024-12,,합,공공임대,강원,1037
2024-12,,합,공공임대,충북,423
2024-12,,합,공공임대,충남,1725
2024-12,,합,공공임대,전북,878
2024-12,,합,공공임대,전남,727
2024-12,,합,공공임대,경북,962
2024-12,,합,공공임대,경남,2055
2024-12,,합,공공임대,제주,0
2024-12,,합,공공분양,전국,21090
2024-12,,합,공공분양,서울,0
2024-12,,합,공공분양,인천,0
2024-12,,합,공공분양,경기,11999
2024-12,,합,공공분양,부산,1901
2024-12,,합,공공분양,대구,0
2024-12,,합,공공분양,광주,0
2024-12,,합,공공분양,대전,2591
2024-12,,합,공공분양,울산,856
2024-12,,합,공공분양,세종,656
2024-12,,합,공공분양,강원,295
2024-12,,합,공공분양,충북,2405
2024-12,,합,공공분양,충남,0
2024-12,,합,공공분양,전북,0
2024-12,,합,공공분양,전남,0
2024-12,,합,공공분양,경북,0
2024-12,,합,공공분양,경남,387
2024-12,,합,공공분양,제주,0
2024-12,,지자체,소계,전국,1044
2024-12,,지자체,소계,서울,0
2024-12,,지자체,소계,인천,0
2024-12,,지자체,소계,경기,0
2024-12,,지자체,소계,부산,1025
2024-12,,지자체,소계,대구,0
2024-12,,지자체,소계,광주,0
2024-12,,지자체,소계,대전,0
2024-12,,지자체,소계,울산,0
2024-12,,지자체,소계,세종,0
2024-12,,지자체,소계,강원,0
2024-12,,지자체,소계,충북,0
2024-12,,지자체,소계,충남,19
2024-12,,지자체,소계,전북,0
2024-12,,지자체,소계,전남,0
2024-12,,지자체,소계,경북,0
2024-12,,지자체,소계,경남,0
2024-12,,지자체,소계,제주,0
2024-12,,지자체,국민임대,전국,0
2024-12,,지자체,국민임대,서울,0
2024-12,,지자체,국민임대,인천,0
2024-12,,지자체,국민임대,경기,0
2024-12,,지자체,국민임대,부산,0
2024-12,,지자체,국민임대,대구,0
2024-12,,지자체,국민임대,광주,0
2024-12,,지자체,국민임대,대전,0
2024-12,,지자체,국민임대,울산,0
2024-12,,지자체,국민임대,세종,0
2024-12,,지자체,국민임대,강원,0
2024-12,,지자체,국민임대,충북,0
2024-12,,지자체,국민임대,충남,0
2024-12,,지자체,국민임대,전북,0
2024-12,,지자체,국민임대,전남,0
2024-12,,지자체,국민임대,경북,0
2024-12,,지자체,국민임대,경남,0
2024-12,,지자체,국민임대,제주,0
2024-12,,지자체,공공임대,전국,19
2024-12,,지자체,공공임대,서울,0
2024-12,,지자체,공공임대,인천,0
2024-12,,지자체,공공임대,경기,0
2024-12,,지자체,공공임대,부산,0
2024-12,,지자체,공공임대,대구,0
2024-12,,지자체,공공임대,광주,0
2024-12,,지자체,공공임대,대전,0
2024-12,,지자체,공공임대,울산,0
2024-12,,지자체,공공임대,세종,0
2024-12,,지자체,공공임대,강원,0
2024-12,,지자체,공공임대,충북,0
2024-12,,지자체,공공임대,충남,19
2024-12,,지자체,공공임대,전북,0
2024-12,,지자체,공공임대,전남,0
2024-12,,지자체,공공임대,경북,0
2024-12,,지자체,공공임대,경남,0
2024-12,,지자체,공공임대,제주,0
2024-12,,지자체,공공분양,전국,1025
2024-12,,지자체,공공분양,서울,0
2024-12,,지자체,공공분양,인천,0
2024-12,,지자체,공공분양,경기,0
2024-12,,지자체,공공분양,부산,1025
2024-12,,지자체,공공분양,대구,0
2024-12,,지자체,공공분양,광주,0
2024-12,,지자체,공공분양,대전,0
2024-12,,지자체,공공분양,울산,0
2024-12,,지자체,공공분양,세종,0
2024-12,,지자체,공공분양,강원,0
2024-12,,지자체,공공분양,충북,0
2024-12,,지자체,공공분양,충남,0
2024-12,,지자체,공공분양,전북,0
2024-12,,지자체,공공분양,전남,0
2024-12,,지자체,공공분양,경북,0
2024-12,,지자체,공공분양,경남,0
2024-12,,지자체,공공분양,제주,0
2024-12,,LH,소계,전국,40931
2024-12,,LH,소계,서울,0
2024-12,,LH,소계,인천,1323
2024-12,,LH,소계,경기,18971
2024-12,,LH,소계,부산,1399
2024-12,,LH,소계,대구,1148
2024-12,,LH,소계,광주,0
2024-12,,LH,소계,대전,3265
2024-12,,LH,소계,울산,2134
2024-12,,LH,소계,세종,2323
2024-12,,LH,소계,강원,1332
2024-12,,LH,소계,충북,2828
2024-12,,LH,소계,충남,1706
2024-12,,LH,소계,전북,878
2024-12,,LH,소계,전남,220
2024-12,,LH,소계,경북,962
2024-12,,LH,소계,경남,2442
2024-12,,LH,소계,제주,0
2024-12,,LH,국민임대,전국,991
2024-12,,LH,국민임대,서울,0
2024-12,,LH,국민임대,인천,991
2024-12,,LH,국민임대,경기,0
2024-12,,LH,국민임대,부산,0
2024-12,,LH,국민임대,대구,0
2024-12,,LH,국민임대,광주,0
2024-12,,LH,국민임대,대전,0
2024-12,,LH,국민임대,울산,0
2024-12,,LH,국민임대,세종,0
2024-12,,LH,국민임대,강원,0
2024-12,,LH,국민임대,충북,0
2024-12,,LH,국민임대,충남,0
2024-12,,LH,국민임대,전북,0
2024-12,,LH,국민임대,전남,0
2024-12,,LH,국민임대,경북,0
2024-12,,LH,국민임대,경남,0
2024-12,,LH,국민임대,제주,0
2024-12,,LH,공공임대,전국,20578
2024-12,,LH,공공임대,서울,0
2024-12,,LH,공공임대,인천,332
2024-12,,LH,공공임대,경기,7675
2024-12,,LH,공공임대,부산,523
2024-12,,LH,공공임대,대구,1148
2024-12,,LH,공공임대,광주,0
2024-12,,LH,공공임대,대전,674
2024-12,,LH,공공임대,울산,1278
2024-12,,LH,공공임대,세종,1667
2024-12,,LH,공공임대,강원,1037
2024-12,,LH,공공임대,충북,423
2024-12,,LH,공공임대,충남,1706
2024-12,,LH,공공임대,전북,878
2024-12,,LH,공공임대,전남,220
2024-12,,LH,공공임대,경북,962
2024-12,,LH,공공임대,경남,2055
2024-12,,LH,공공임대,제주,0
2024-12,,LH,공공분양,전국,19362
2024-12,,LH,공공분양,서울,0
2024-12,,LH,공공분양,인천,0
2024-12,,LH,공공분양,경기,11296
2024-12,,LH,공공분양,부산,876
2024-12,,LH,공공분양,대구,0
2024-12,,LH,공공분양,광주,0
2024-12,,LH,공공분양,대전,2591
2024-12,,LH,공공분양,울산,856
2024-12,,LH,공공분양,세종,656
2024-12,,LH,공공분양,강원,295
2024-12,,LH,공공분양,충북,2405
2024-12,,LH,공공분양,충남,0
2024-12,,LH,공공분양,전북,0
2024-12,,LH,공공분양,전남,0
2024-12,,LH,공공분양,경북,0
2024-12,,LH,공공분양,경남,387
2024-12,,LH,공공분양,제주,0
2024-12,,주택업체,소계,전국,1505
2024-12,,주택업체,소계,서울,95
2024-12,,주택업체,소계,인천,0
2024-12,,주택업체,소계,경기,903
2024-12,,주택업체,소계,부산,0
2024-12,,주택업체,소계,대구,0
2024-12,,주택업체,소계,광주,0
2024-12,,주택업체,소계,대전,0
2024-12,,주택업체,소계,울산,0
2024-12,,주택업체,소계,세종,0
2024-12,,주택업체,소계,강원,0
2024-12,,주택업체,소계,충북,0
2024-12,,주택업체,소계,충남,0
2024-12,,주택업체,소계,전북,0
2024-12,,주택업체,소계,전남,507
2024-12,,주택업체,소계,경북,0
2024-12,,주택업체,소계,경남,0
2024-12,,주택업체,소계,제주,0
2024-12,,주택업체,국민임대,전국,0
2024-12,,주택업체,국민임대,서울,0
2024-12,,주택업체,국민임대,인천,0
2024-12,,주택업체,국민임대,경기,0
2024-12,,주택업체,국민임대,부산,0
2024-12,,주택업체,국민임대,대구,0
2024-12,,주택업체,국민임대,광주,0
2024-12,,주택업체,국민임대,대전,0
2024-12,,주택업체,국민임대,울산,0
2024-12,,주택업체,국민임대,세종,0
2024-12,,주택업체,국민임대,강원,0
2024-12,,주택업체,국민임대,충북,0
2024-12,,주택업체,국민임대,충남,0
2024-12,,주택업체,국민임대,전북,0
2024-12,,주택업체,국민임대,전남,0
2024-12,,주택업체,국민임대,경북,0
2024-12,,주택업체,국민임대,경남,0
2024-12,,주택업체,국민임대,제주,0
2024-12,,주택업체,공공임대,전국,802
2024-12,,주택업체,공공임대,서울,95
2024-12,,주택업체,공공임대,인천,0
2024-12,,주택업체,공공임대,경기,200
2024-12,,주택업체,공공임대,부산,0
2024-12,,주택업체,공공임대,대구,0
2024-12,,주택업체,공공임대,광주,0
2024-12,,주택업체,공공임대,대전,0
2024-12,,주택업체,공공임대,울산,0
2024-12,,주택업체,공공임대,세종,0
2024-12,,주택업체,공공임대,강원,0
2024-12,,주택업체,공공임대,충북,0
2024-12,,주택업체,공공임대,충남,0
2024-12,,주택업체,공공임대,전북,0
2024-12,,주택업체,공공임대,전남,507
2024-12,,주택업체,공공임대,경북,0
2024-12,,주택업체,공공임대,경남,0
2024-12,,주택업체,공공임대,제주,0
2024-12,,주택업체,공공분양,전국,703
2024-12,,주택업체,공공분양,서울,0
2024-12,,주택업체,공공분양,인천,0
2024-12,,주택업체,공공분양,경기,703
2024-12,,주택업체,공공분양,부산,0
2024-12,,주택업체,공공분양,대구,0
2024-12,,주택업체,공공분양,광주,0
2024-12,,주택업체,공공분양,대전,0
2024-12,,주택업체,공공분양,울산,0
2024-12,,주택업체,공공분양,세종,0
2024-12,,주택업체,공공분양,강원,0
2024-12,,주택업체,공공분양,충북,0
2024-12,,주택업체,공공분양,충남,0
2024-12,,주택업체,공공분양,전북,0
2024-12,,주택업체,공공분양,전남,0
2024-12,,주택업체,공공분양,경북,0
2024-12,,주택업체,공공분양,경남,0
2024-12,,주택업체,공공분양,제주,0
2024-12,,민간부문,소계,전국,22194
2024-12,,민간부문,소계,서울,3525
2024-12,,민간부문,소계,인천,446
2024-12,,민간부문,소계,경기,4702
2024-12,,민간부문,소계,부산,675
2024-12,,민간부문,소계,대구,1614
2024-12,,민간부문,소계,광주,4
2024-12,,민간부문,소계,대전,112
2024-12,,민간부문,소계,울산,21
2024-12,,민간부문,소계,세종,701
2024-12,,민간부문,소계,강원,410
2024-12,,민간부문,소계,충북,730
2024-12,,민간부문,소계,충남,3035
2024-12,,민간부문,소계,전북,100
2024-12,,민간부문,소계,전남,2350
2024-12,,민간부문,소계,경북,714
2024-12,,민간부문,소계,경남,2785
2024-12,,민간부문,소계,제주,270
2024-12,,민간,민간임대,전국,1129
2024-12,,민간,민간임대,서울,397
2024-12,,민간,민간임대,인천,310
2024-12,,민간,민간임대,경기,0
2024-12,,민간,민간임대,부산,0
2024-12,,민간,민간임대,대구,0
2024-12,,민간,민간임대,광주,0
2024-12,,민간,민간임대,대전,0
2024-12,,민간,민간임대,울산,0
2024-12,,민간,민간임대,세종,0
2024-12,,민간,민간임대,강원,218
2024-12,,민간,민간임대,충북,0
2024-12,,민간,민간임대,충남,0
2024-12,,민간,민간임대,전북,0
2024-12,,민간,민간임대,전남,160
2024-12,,민간,민간임대,경북,0
2024-12,,민간,민간임대,경남,0
2024-12,,민간,민간임대,제주,44
2024-12,,민간,민간분양,전국,21065
2024-12,,민간,민간분양,서울,3128
2024-12,,민간,민간분양,인천,136
2024-12,,민간,민간분양,경기,4702
2024-12,,민간,민간분양,부산,675
2024-12,,민간,민간분양,대구,1614
2024-12,,민간,민간분양,광주,4
2024-12,,민간,민간분양,대전,112
2024-12,,민간,민간분양,울산,21
2024-12,,민간,민간분양,세종,701
2024-12,,민간,민간분양,강원,192
2024-12,,민간,민간분양,충북,730
2024-12,,민간,민간분양,충남,3035
2024-12,,민간,민간분양,전북,100
2024-12,,민간,민간분양,전남,2190
2024-12,,민간,민간분양,경북,714
2024-12,,민간,민간분양,경남,2785
2024-12,,민간,민간분양,제주,226
2025-01,,총계,총계,전국,10671
2025-01,,총계,총계,서울,2050
2025-01,,총계,총계,인천,161
2025-01,,총계,총계,경기,1758
2025-01,,총계,총계,부산,4
2025-01,,총계,총계,대구,8
2025-01,,총계,총계,광주,2
2025-01,,총계,총계,대전,513
2025-01,,총계,총계,울산,379
2025-01,,총계,총계,세종,9
2025-01,,총계,총계,강원,64
2025-01,,총계,총계,충북,51
2025-01,,총계,총계,충남,1858
2025-01,,총계,총계,전북,45
2025-01,,총계,총계,전남,148
2025-01,,총계,총계,경북,72
2025-01,,총계,총계,경남,3433
2025-01,,총계,총계,제주,116
2025-01,,공공부문,소계,전국,216
2025-01,,공공부문,소계,서울,216
2025-01,,공공부문,소계,인천,0
2025-01,,공공부문,소계,경기,0
2025-01,,공공부문,소계,부산,0
2025-01,,공공부문,소계,대구,0
2025-01,,공공부문,소계,광주,0
2025-01,,공공부문,소계,대전,0
2025-01,,공공부문,소계,울산,0
2025-01,,공공부문,소계,세종,0
2025-01,,공공부문,소계,강원,0
2025-01,,공공부문,소계,충북,0
2025-01,,공공부문,소계,충남,0
2025-01,,공공부문,소계,전북,0
2025-01,,공공부문,소계,전남,0
2025-01,,공공부문,소계,경북,0
2025-01,,공공부문,소계,경남,0
2025-01,,공공부문,소계,제주,0
2025-01,,합,국민임대,전국,51
2025-01,,합,국민임대,서울,51
2025-01,,합,국민임대,인천,0
2025-01,,합,국민임대,경기,0
2025-01,,합,국민임대,부산,0
2025-01,,합,국민임대,대구,0
2025-01,,합,국민임대,광주,0
2025-01,,합,국민임대,대전,0
2025-01,,합,국민임대,울산,0
2025-01,,합,국민임대,세종,0
2025-01,,합,국민임대,강원,0
2025-01,,합,국민임대,충북,0
2025-01,,합,국민임대,충남,0
2025-01,,합,국민임대,전북,0
2025-01,,합,국민임대,전남,0
2025-01,,합,국민임대,경북,0
2025-01,,합,국민임대,경남,0
2025-01,,합,국민임대,제주,0
2025-01,,합,공공임대,전국,165
2025-01,,합,공공임대,서울,165
2025-01,,합,공공임대,인천,0
2025-01,,합,공공임대,경기,0
2025-01,,합,공공임대,부산,0
2025-01,,합,공공임대,대구,0
2025-01,,합,공공임대,광주,0
2025-01,,합,공공임대,대전,0
2025-01,,합,공공임대,울산,0
2025-01,,합,공공임대,세종,0
2025-01,,합,공공임대,강원,0
2025-01,,합,공공임대,충북,0
2025-01,,합,공공임대,충남,0
2025-01,,합,공공임대,전북,0
2025-01,,합,공공임대,전남,0
2025-01,,합,공공임대,경북,0
2025-01,,합,공공임대,경남,0
2025-01,,합,공공임대,제주,0
2025-01,,합,공공분양,전국,0
2025-01,,합,공공분양,서울,0
2025-01,,합,공공분양,인천,0
2025-01,,합,공공분양,경기,0
2025-01,,합,공공분양,부산,0
2025-01,,합,공공분양,대구,0
2025-01,,합,공공분양,광주,0
2025-01,,합,공공분양,대전,0
2025-01,,합,공공분양,울산,0
2025-01,,합,공공분양,세종,0
2025-01,,합,공공분양,강원,0
2025-01,,합,공공분양,충북,0
2025-01,,합,공공분양,충남,0
2025-01,,합,공공분양,전북,0
2025-01,,합,공공분양,전남,0
2025-01,,합,공공분양,경북,0
2025-01,,합,공공분양,경남,0
2025-01,,합,공공분양,제주,0
2025-01,,지자체,소계,전국,0
2025-01,,지자체,소계,서울,0
2025-01,,지자체,소계,인천,0
2025-01,,지자체,소계,경기,0
2025-01,,지자체,소계,부산,0
2025-01,,지자체,소계,대구,0
2025-01,,지자체,소계,광주,0
2025-01,,지자체,소계,대전,0
2025-01,,지자체,소계,울산,0
2025-01,,지자체,소계,세종,0
2025-01,,지자체,소계,강원,0
2025-01,,지자체,소계,충북,0
2025-01,,지자체,소계,충남,0
2025-01,,지자체,소계,전북,0
2025-01,,지자체,소계,전남,0
2025-01,,지자체,소계,경북,0
2025-01,,지자체,소계,경남,0
2025-01,,지자체,소계,제주,0
2025-01,,지자체,국민임대,전국,0
2025-01,,지자체,국민임대,서울,0
2025-01,,지자체,국민임대,인천,0
2025-01,,지자체,국민임대,경기,0
2025-01,,지자체,국민임대,부산,0
2025-01,,지자체,국민임대,대구,0
2025-01,,지자체,국민임대,광주,0
2025-01,,지자체,국민임대,대전,0
2025-01,,지자체,국민임대,울산,0
2025-01,,지자체,국민임대,세종,0
2025-01,,지자체,국민임대,강원,0
2025-01,,지자체,국민임대,충북,0
2025-01,,지자체,국민임대,충남,0
2025-01,,지자체,국민임대,전북,0
2025-01,,지자체,국민임대,전남,0
2025-01,,지자체,국민임대,경북,0
2025-01,,지자체,국민임대,경남,0
2025-01,,지자체,국민임대,제주,0
2025-01,,지자체,공공임대,전국,0
2025-01,,지자체,공공임대,서울,0
2025-01,,지자체,공공임대,인천,0
2025-01,,지자체,공공임대,경기,0
2025-01,,지자체,공공임대,부산,0
2025-01,,지자체,공공임대,대구,0
2025-01,,지자체,공공임대,광주,0
2025-01,,지자체,공공임대,대전,0
2025-01,,지자체,공공임대,울산,0
2025-01,,지자체,공공임대,세종,0
2025-01,,지자체,공공임대,강원,0
2025-01,,지자체,공공임대,충북,0
2025-01,,지자체,공공임대,충남,0
2025-01,,지자체,공공임대,전북,0
2025-01,,지자체,공공임대,전남,0
2025-01,,지자체,공공임대,경북,0
2025-01,,지자체,공공임대,경남,0
2025-01,,지자체,공공임대,제주,0
2025-01,,지자체,공공분양,전국,0
2025-01,,지자체,공공분양,서울,0
2025-01,,지자체,공공분양,인천,0
2025-01,,지자체,공공분양,경기,0
2025-01,,지자체,공공분양,부산,0
2025-01,,지자체,공공분양,대구,0
2025-01,,지자체,공공분양,광주,0
2025-01,,지자체,공공분양,대전,0
2025-01,,지자체,공공분양,울산,0
2025-01,,지자체,공공분양,세종,0
2025-01,,지자체,공공분양,강원,0
2025-01,,지자체,공공분양,충북,0
2025-01,,지자체,공공분양,충남,0
2025-01,,지자체,공공분양,전북,0
2025-01,,지자체,공공분양,전남,0
2025-01,,지자체,공공분양,경북,0
2025-01,,지자체,공공분양,경남,0
2025-01,,지자체,공공분양,제주,0
2025-01,,LH,소계,전국,0
2025-01,,LH,소계,서울,0
2025-01,,LH,소계,인천,0
2025-01,,LH,소계,경기,0
2025-01,,LH,소계,부산,0
2025-01,,LH,소계,대구,0
2025-01,,LH,소계,광주,0
2025-01,,LH,소계,대전,0
2025-01,,LH,소계,울산,0
2025-01,,LH,소계,세종,0
2025-01,,LH,소계,강원,0
2025-01,,LH,소계,충북,0
2025-01,,LH,소계,충남,0
2025-01,,LH,소계,전북,0
2025-01,,LH,소계,전남,0
2025-01,,LH,소계,경북,0
2025-01,,LH,소계,경남,0
2025-01,,LH,소계,제주,0
2025-01,,LH,국민임대,전국,0
2025-01,,LH,국민임대,서울,0
2025-01,,LH,국민임대,인천,0
2025-01,,LH,국민임대,경기,0
2025-01,,LH,국민임대,부산,0
2025-01,,LH,국민임대,대구,0
2025-01,,LH,국민임대,광주,0
2025-01,,LH,국민임대,대전,0
2025-01,,LH,국민임대,울산,0
2025-01,,LH,국민임대,세종,0
2025-01,,LH,국민임대,강원,0
2025-01,,LH,국민임대,충북,0
2025-01,,LH,국민임대,충남,0
2025-01,,LH,국민임대,전북,0
2025-01,,LH,국민임대,전남,0
2025-01,,LH,국민임대,경북,0
2025-01,,LH,국민임대,경남,0
2025-01,,LH,국민임대,제주,0
2025-01,,LH,공공임대,전국,0
2025-01,,LH,공공임대,서울,0
2025-01,,LH,공공임대,인천,0
2025-01,,LH,공공임대,경기,0
2025-01,,LH,공공임대,부산,0
2025-01,,LH,공공임대,대구,0
2025-01,,LH,공공임대,광주,0
2025-01,,LH,공공임대,대전,0
2025-01,,LH,공공임대,울산,0
2025-01,,LH,공공임대,세종,0
2025-01,,LH,공공임대,강원,0
2025-01,,LH,공공임대,충북,0
2025-01,,LH,공공임대,충남,0
2025-01,,LH,공공임대,전북,0
2025-01,,LH,공공임대,전남,0
2025-01,,LH,공공임대,경북,0
2025-01,,LH,공공임대,경남,0
2025-01,,LH,공공임대,제주,0
2025-01,,LH,공공분양,전국,0
2025-01,,LH,공공분양,서울,0
2025-01,,LH,공공분양,인천,0
2025-01,,LH,공공분양,경기,0
2025-01,,LH,공공분양,부산,0
2025-01,,LH,공공분양,대구,0
2025-01,,LH,공공분양,광주,0
2025-01,,LH,공공분양,대전,0
2025-01,,LH,공공분양,울산,0
2025-01,,LH,공공분양,세종,0
2025-01,,LH,공공분양,강원,0
2025-01,,LH,공공분양,충북,0
2025-01,,LH,공공분양,충남,0
2025-01,,LH,공공분양,전북,0
2025-01,,LH,공공분양,전남,0
2025-01,,LH,공공분양,경북,0
2025-01,,LH,공공분양,경남,0
2025-01,,LH,공공분양,제주,0
2025-01,,주택업체,소계,전국,216
2025-01,,주택업체,소계,서울,216
2025-01,,주택업체,소계,인천,0
2025-01,,주택업체,소계,경기,0
2025-01,,주택업체,소계,부산,0
2025-01,,주택업체,소계,대구,0
2025-01,,주택업체,소계,광주,0
2025-01,,주택업체,소계,대전,0
2025-01,,주택업체,소계,울산,0
2025-01,,주택업체,소계,세종,0
2025-01,,주택업체,소계,강원,0
2025-01,,주택업체,소계,충북,0
2025-01,,주택업체,소계,충남,0
2025-01,,주택업체,소계,전북,0
2025-01,,주택업체,소계,전남,0
2025-01,,주택업체,소계,경북,0
2025-01,,주택업체,소계,경남,0
2025-01,,주택업체,소계,제주,0
2025-01,,주택업체,국민임대,전국,51
2025-01,,주택업체,국민임대,서울,51
2025-01,,주택업체,국민임대,인천,0
2025-01,,주택업체,국민임대,경기,0
2025-01,,주택업체,국민임대,부산,0
2025-01,,주택업체,국민임대,대구,0
2025-01,,주택업체,국민임대,광주,0
2025-01,,주택업체,국민임대,대전,0
2025-01,,주택업체,국민임대,울산,0
2025-01,,주택업체,국민임대,세종,0
2025-01,,주택업체,국민임대,강원,0
2025-01,,주택업체,국민임대,충북,0
2025-01,,주택업체,국민임대,충남,0
2025-01,,주택업체,국민임대,전북,0
2025-01,,주택업체,국민임대,전남,0
2025-01,,주택업체,국민임대,경북,0
2025-01,,주택업체,국민임대,경남,0
2025-01,,주택업체,국민임대,제주,0
2025-01,,주택업체,공공임대,전국,165
2025-01,,주택업체,공공임대,서울,165
2025-01,,주택업체,공공임대,인천,0
2025-01,,주택업체,공공임대,경기,0
2025-01,,주택업체,공공임대,부산,0
2025-01,,주택업체,공공임대,대구,0
2025-01,,주택업체,공공임대,광주,0
2025-01,,주택업체,공공임대,대전,0
2025-01,,주택업체,공공임대,울산,0
2025-01,,주택업체,공공임대,세종,0
2025-01,,주택업체,공공임대,강원,0
2025-01,,주택업체,공공임대,충북,0
2025-01,,주택업체,공공임대,충남,0
2025-01,,주택업체,공공임대,전북,0
2025-01,,주택업체,공공임대,전남,0
2025-01,,주택업체,공공임대,경북,0
2025-01,,주택업체,공공임대,경남,0
2025-01,,주택업체,공공임대,제주,0
2025-01,,주택업체,공공분양,전국,0
2025-01,,주택업체,공공분양,서울,0
2025-01,,주택업체,공공분양,인천,0
2025-01,,주택업체,공공분양,경기,0
2025-01,,주택업체,공공분양,부산,0
2025-01,,주택업체,공공분양,대구,0
2025-01,,주택업체,공공분양,광주,0
2025-01,,주택업체,공공분양,대전,0
2025-01,,주택업체,공공분양,울산,0
2025-01,,주택업체,공공분양,세종,0
2025-01,,주택업체,공공분양,강원,0
2025-01,,주택업체,공공분양,충북,0
2025-01,,주택업체,공공분양,충남,0
2025-01,,주택업체,공공분양,전북,0
2025-01,,주택업체,공공분양,전남,0
2025-01,,주택업체,공공분양,경북,0
2025-01,,주택업체,공공분양,경남,0
2025-01,,주택업체,공공분양,제주,0
2025-01,,민간부문,소계,전국,10455
2025-01,,민간부문,소계,서울,1834
2025-01,,민간부문,소계,인천,161
2025-01,,민간부문,소계,경기,1758
2025-01,,민간부문,소계,부산,4
2025-01,,민간부문,소계,대구,8
2025-01,,민간부문,소계,광주,2
2025-01,,민간부문,소계,대전,513
2025-01,,민간부문,소계,울산,379
2025-01,,민간부문,소계,세종,9
2025-01,,민간부문,소계,강원,64
2025-01,,민간부문,소계,충북,51
2025-01,,민간부문,소계,충남,1858
2025-01,,민간부문,소계,전북,45
2025-01,,민간부문,소계,전남,148
2025-01,,민간부문,소계,경북,72
2025-01,,민간부문,소계,경남,3433
2025-01,,민간부문,소계,제주,116
2025-01,,민간,민간임대,전국,4616
2025-01,,민간,민간임대,서울,39
2025-01,,민간,민간임대,인천,0
2025-01,,민간,민간임대,경기,1222
2025-01,,민간,민간임대,부산,0
2025-01,,민간,민간임대,대구,0
2025-01,,민간,민간임대,광주,0
2025-01,,민간,민간임대,대전,0
2025-01,,민간,민간임대,울산,0
2025-01,,민간,민간임대,세종,0
2025-01,,민간,민간임대,강원,0
2025-01,,민간,민간임대,충북,0
2025-01,,민간,민간임대,충남,265
2025-01,,민간,민간임대,전북,0
2025-01,,민간,민간임대,전남,0
2025-01,,민간,민간임대,경북,0
2025-01,,민간,민간임대,경남,3090
2025-01,,민간,민간임대,제주,0
2025-01,,민간,민간분양,전국,5839
2025-01,,민간,민간분양,서울,1795
2025-01,,민간,민간분양,인천,161
2025-01,,민간,민간분양,경기,536
2025-01,,민간,민간분양,부산,4
2025-01,,민간,민간분양,대구,8
2025-01,,민간,민간분양,광주,2
2025-01,,민간,민간분양,대전,513
2025-01,,민간,민간분양,울산,379
2025-01,,민간,민간분양,세종,9
2025-01,,민간,민간분양,강원,64
2025-01,,민간,민간분양,충북,51
2025-01,,민간,민간분양,충남,1593
2025-01,,민간,민간분양,전북,45
2025-01,,민간,민간분양,전남,148
2025-01,,민간,민간분양,경북,72
2025-01,,민간,민간분양,경남,343
2025-01,,민간,민간분양,제주,116
2025-02,,총계,총계,전국,9581
2025-02,,총계,총계,서울,941
2025-02,,총계,총계,인천,114
2025-02,,총계,총계,경기,3446
2025-02,,총계,총계,부산,419
2025-02,,총계,총계,대구,252
2025-02,,총계,총계,광주,37
2025-02,,총계,총계,대전,1045
2025-02,,총계,총계,울산,16
2025-02,,총계,총계,세종,8
2025-02,,총계,총계,강원,616
2025-02,,총계,총계,충북,1692
2025-02,,총계,총계,충남,349
2025-02,,총계,총계,전북,71
2025-02,,총계,총계,전남,116
2025-02,,총계,총계,경북,155
2025-02,,총계,총계,경남,127
2025-02,,총계,총계,제주,177
2025-02,,공공부문,소계,전국,348
2025-02,,공공부문,소계,서울,308
2025-02,,공공부문,소계,인천,0
2025-02,,공공부문,소계,경기,0
2025-02,,공공부문,소계,부산,0
2025-02,,공공부문,소계,대구,0
2025-02,,공공부문,소계,광주,0
2025-02,,공공부문,소계,대전,40
2025-02,,공공부문,소계,울산,0
2025-02,,공공부문,소계,세종,0
2025-02,,공공부문,소계,강원,0
2025-02,,공공부문,소계,충북,0
2025-02,,공공부문,소계,충남,0
2025-02,,공공부문,소계,전북,0
2025-02,,공공부문,소계,전남,0
2025-02,,공공부문,소계,경북,0
2025-02,,공공부문,소계,경남,0
2025-02,,공공부문,소계,제주,0
2025-02,,합,국민임대,전국,20
2025-02,,합,국민임대,서울,20
2025-02,,합,국민임대,인천,0
2025-02,,합,국민임대,경기,0
2025-02,,합,국민임대,부산,0
2025-02,,합,국민임대,대구,0
2025-02,,합,국민임대,광주,0
2025-02,,합,국민임대,대전,0
2025-02,,합,국민임대,울산,0
2025-02,,합,국민임대,세종,0
2025-02,,합,국민임대,강원,0
2025-02,,합,국민임대,충북,0
2025-02,,합,국민임대,충남,0
2025-02,,합,국민임대,전북,0
2025-02,,합,국민임대,전남,0
2025-02,,합,국민임대,경북,0
2025-02,,합,국민임대,경남,0
2025-02,,합,국민임대,제주,0
2025-02,,합,공공임대,전국,328
2025-02,,합,공공임대,서울,288
2025-02,,합,공공임대,인천,0
2025-02,,합,공공임대,경기,0
2025-02,,합,공공임대,부산,0
2025-02,,합,공공임대,대구,0
2025-02,,합,공공임대,광주,0
2025-02,,합,공공임대,대전,40
2025-02,,합,공공임대,울산,0
2025-02,,합,공공임대,세종,0
2025-02,,합,공공임대,강원,0
2025-02,,합,공공임대,충북,0
2025-02,,합,공공임대,충남,0
2025-02,,합,공공임대,전북,0
2025-02,,합,공공임대,전남,0
2025-02,,합,공공임대,경북,0
2025-02,,합,공공임대,경남,0
2025-02,,합,공공임대,제주,0
2025-02,,합,공공분양,전국,0
2025-02,,합,공공분양,서울,0
2025-02,,합,공공분양,인천,0
2025-02,,합,공공분양,경기,0
2025-02,,합,공공분양,부산,0
2025-02,,합,공공분양,대구,0
2025-02,,합,공공분양,광주,0
2025-02,,합,공공분양,대전,0
2025-02,,합,공공분양,울산,0
2025-02,,합,공공분양,세종,0
2025-02,,합,공공분양,강원,0
2025-02,,합,공공분양,충북,0
2025-02,,합,공공분양,충남,0
2025-02,,합,공공분양,전북,0
2025-02,,합,공공분양,전남,0
2025-02,,합,공공분양,경북,0
2025-02,,합,공공분양,경남,0
2025-02,,합,공공분양,제주,0
2025-02,,지자체,소계,전국,152
2025-02,,지자체,소계,서울,152
2025-02,,지자체,소계,인천,0
2025-02,,지자체,소계,경기,0
2025-02,,지자체,소계,부산,0
2025-02,,지자체,소계,대구,0
2025-02,,지자체,소계,광주,0
2025-02,,지자체,소계,대전,0
2025-02,,지자체,소계,울산,0
2025-02,,지자체,소계,세종,0
2025-02,,지자체,소계,강원,0
2025-02,,지자체,소계,충북,0
2025-02,,지자체,소계,충남,0
2025-02,,지자체,소계,전북,0
2025-02,,지자체,소계,전남,0
2025-02,,지자체,소계,경북,0
2025-02,,지자체,소계,경남,0
2025-02,,지자체,소계,제주,0
2025-02,,지자체,국민임대,전국,20
2025-02,,지자체,국민임대,서울,20
2025-02,,지자체,국민임대,인천,0
2025-02,,지자체,국민임대,경기,0
2025-02,,지자체,국민임대,부산,0
2025-02,,지자체,국민임대,대구,0
2025-02,,지자체,국민임대,광주,0
2025-02,,지자체,국민임대,대전,0
2025-02,,지자체,국민임대,울산,0
2025-02,,지자체,국민임대,세종,0
2025-02,,지자체,국민임대,강원,0
2025-02,,지자체,국민임대,충북,0
2025-02,,지자체,국민임대,충남,0
2025-02,,지자체,국민임대,전북,0
2025-02,,지자체,국민임대,전남,0
2025-02,,지자체,국민임대,경북,0
2025-02,,지자체,국민임대,경남,0
2025-02,,지자체,국민임대,제주,0
2025-02,,지자체,공공임대,전국,132
2025-02,,지자체,공공임대,서울,132
2025-02,,지자체,공공임대,인천,0
2025-02,,지자체,공공임대,경기,0
2025-02,,지자체,공공임대,부산,0
2025-02,,지자체,공공임대,대구,0
2025-02,,지자체,공공임대,광주,0
2025-02,,지자체,공공임대,대전,0
2025-02,,지자체,공공임대,울산,0
2025-02,,지자체,공공임대,세종,0
2025-02,,지자체,공공임대,강원,0
2025-02,,지자체,공공임대,충북,0
2025-02,,지자체,공공임대,충남,0
2025-02,,지자체,공공임대,전북,0
2025-02,,지자체,공공임대,전남,0
2025-02,,지자체,공공임대,경북,0
2025-02,,지자체,공공임대,경남,0
2025-02,,지자체,공공임대,제주,0
2025-02,,지자체,공공분양,전국,0
2025-02,,지자체,공공분양,서울,0
2025-02,,지자체,공공분양,인천,0
2025-02,,지자체,공공분양,경기,0
2025-02,,지자체,공공분양,부산,0
2025-02,,지자체,공공분양,대구,0
2025-02,,지자체,공공분양,광주,0
2025-02,,지자체,공공분양,대전,0
2025-02,,지자체,공공분양,울산,0
2025-02,,지자체,공공분양,세종,0
2025-02,,지자체,공공분양,강원,0
2025-02,,지자체,공공분양,충북,0
2025-02,,지자체,공공분양,충남,0
2025-02,,지자체,공공분양,전북,0
2025-02,,지자체,공공분양,전남,0
2025-02,,지자체,공공분양,경북,0
2025-02,,지자체,공공분양,경남,0
2025-02,,지자체,공공분양,제주,0
2025-02,,LH,소계,전국,0
2025-02,,LH,소계,서울,0
2025-02,,LH,소계,인천,0
2025-02,,LH,소계,경기,0
2025-02,,LH,소계,부산,0
2025-02,,LH,소계,대구,0
2025-02,,LH,소계,광주,0
2025-02,,LH,소계,대전,0
2025-02,,LH,소계,울산,0
2025-02,,LH,소계,세종,0
2025-02,,LH,소계,강원,0
2025-02,,LH,소계,충북,0
2025-02,,LH,소계,충남,0
2025-02,,LH,소계,전북,0
2025-02,,LH,소계,전남,0
2025-02,,LH,소계,경북,0
2025-02,,LH,소계,경남,0
2025-02,,LH,소계,제주,0
2025-02,,LH,국민임대,전국,0
2025-02,,LH,국민임대,서울,0
2025-02,,LH,국민임대,인천,0
2025-02,,LH,국민임대,경기,0
2025-02,,LH,국민임대,부산,0
2025-02,,LH,국민임대,대구,0
2025-02,,LH,국민임대,광주,0
2025-02,,LH,국민임대,대전,0
2025-02,,LH,국민임대,울산,0
2025-02,,LH,국민임대,세종,0
2025-02,,LH,국민임대,강원,0
2025-02,,LH,국민임대,충북,0
2025-02,,LH,국민임대,충남,0
2025-02,,LH,국민임대,전북,0
2025-02,,LH,국민임대,전남,0
2025-02,,LH,국민임대,경북,0
2025-02,,LH,국민임대,경남,0
2025-02,,LH,국민임대,제주,0
2025-02,,LH,공공임대,전국,0
2025-02,,LH,공공임대,서울,0
2025-02,,LH,공공임대,인천,0
2025-02,,LH,공공임대,경기,0
2025-02,,LH,공공임대,부산,0
2025-02,,LH,공공임대,대구,0
2025-02,,LH,공공임대,광주,0
2025-02,,LH,공공임대,대전,0
2025-02,,LH,공공임대,울산,0
2025-02,,LH,공공임대,세종,0
2025-02,,LH,공공임대,강원,0
2025-02,,LH,공공임대,충북,0
2025-02,,LH,공공임대,충남,0
2025-02,,LH,공공임대,전북,0
2025-02,,LH,공공임대,전남,0
2025-02,,LH,공공임대,경북,0
2025-02,,LH,공공임대,경남,0
2025-02,,LH,공공임대,제주,0
2025-02,,LH,공공분양,전국,0
2025-02,,LH,공공분양,서울,0
2025-02,,LH,공공분양,인천,0
2025-02,,LH,공공분양,경기,0
2025-02,,LH,공공분양,부산,0
2025-02,,LH,공공분양,대구,0
2025-02,,LH,공공분양,광주,0
2025-02,,LH,공공분양,대전,0
2025-02,,LH,공공분양,울산,0
2025-02,,LH,공공분양,세종,0
2025-02,,LH,공공분양,강원,0
2025-02,,LH,공공분양,충북,0
2025-02,,LH,공공분양,충남,0
2025-02,,LH,공공분양,전북,0
2025-02,,LH,공공분양,전남,0
2025-02,,LH,공공분양,경북,0
2025-02,,LH,공공분양,경남,0
2025-02,,LH,공공분양,제주,0
2025-02,,주택업체,소계,전국,196
2025-02,,주택업체,소계,서울,156
2025-02,,주택업체,소계,인천,0
2025-02,,주택업체,소계,경기,0
2025-02,,주택업체,소계,부산,0
2025-02,,주택업체,소계,대구,0
2025-02,,주택업체,소계,광주,0
2025-02,,주택업체,소계,대전,40
2025-02,,주택업체,소계,울산,0
2025-02,,주택업체,소계,세종,0
2025-02,,주택업체,소계,강원,0
2025-02,,주택업체,소계,충북,0
2025-02,,주택업체,소계,충남,0
2025-02,,주택업체,소계,전북,0
2025-02,,주택업체,소계,전남,0
2025-02,,주택업체,소계,경북,0
2025-02,,주택업체,소계,경남,0
2025-02,,주택업체,소계,제주,0
2025-02,,주택업체,국민임대,전국,0
2025-02,,주택업체,국민임대,서울,0
2025-02,,주택업체,국민임대,인천,0
2025-02,,주택업체,국민임대,경기,0
2025-02,,주택업체,국민임대,부산,0
2025-02,,주택업체,국민임대,대구,0
2025-02,,주택업체,국민임대,광주,0
2025-02,,주택업체,국민임대,대전,0
2025-02,,주택업체,국민임대,울산,0
2025-02,,주택업체,국민임대,세종,0
2025-02,,주택업체,국민임대,강원,0
2025-02,,주택업체,국민임대,충북,0
2025-02,,주택업체,국민임대,충남,0
2025-02,,주택업체,국민임대,전북,0
2025-02,,주택업체,국민임대,전남,0
2025-02,,주택업체,국민임대,경북,0
2025-02,,주택업체,국민임대,경남,0
2025-02,,주택업체,국민임대,제주,0
2025-02,,주택업체,공공임대,전국,196
2025-02,,주택업체,공공임대,서울,156
2025-02,,주택업체,공공임대,인천,0
2025-02,,주택업체,공공임대,경기,0
2025-02,,주택업체,공공임대,부산,0
2025-02,,주택업체,공공임대,대구,0
2025-02,,주택업체,공공임대,광주,0
2025-02,,주택업체,공공임대,대전,40
2025-02,,주택업체,공공임대,울산,0
2025-02,,주택업체,공공임대,세종,0
2025-02,,주택업체,공공임대,강원,0
2025-02,,주택업체,공공임대,충북,0
2025-02,,주택업체,공공임대,충남,0
2025-02,,주택업체,공공임대,전북,0
2025-02,,주택업체,공공임대,전남,0
2025-02,,주택업체,공공임대,경북,0
2025-02,,주택업체,공공임대,경남,0
2025-02,,주택업체,공공임대,제주,0
2025-02,,주택업체,공공분양,전국,0
2025-02,,주택업체,공공분양,서울,0
2025-02,,주택업체,공공분양,인천,0
2025-02,,주택업체,공공분양,경기,0
2025-02,,주택업체,공공분양,부산,0
2025-02,,주택업체,공공분양,대구,0
2025-02,,주택업체,공공분양,광주,0
2025-02,,주택업체,공공분양,대전,0
2025-02,,주택업체,공공분양,울산,0
2025-02,,주택업체,공공분양,세종,0
2025-02,,주택업체,공공분양,강원,0
2025-02,,주택업체,공공분양,충북,0
2025-02,,주택업체,공공분양,충남,0
2025-02,,주택업체,공공분양,전북,0
2025-02,,주택업체,공공분양,전남,0
2025-02,,주택업체,공공분양,경북,0
2025-02,,주택업체,공공분양,경남,0
2025-02,,주택업체,공공분양,제주,0
2025-02,,민간부문,소계,전국,9233
2025-02,,민간부문,소계,서울,633
2025-02,,민간부문,소계,인천,114
2025-02,,민간부문,소계,경기,3446
2025-02,,민간부문,소계,부산,419
2025-02,,민간부문,소계,대구,252
2025-02,,민간부문,소계,광주,37
2025-02,,민간부문,소계,대전,1005
2025-02,,민간부문,소계,울산,16
2025-02,,민간부문,소계,세종,8
2025-02,,민간부문,소계,강원,616
2025-02,,민간부문,소계,충북,1692
2025-02,,민간부문,소계,충남,349
2025-02,,민간부문,소계,전북,71
2025-02,,민간부문,소계,전남,116
2025-02,,민간부문,소계,경북,155
2025-02,,민간부문,소계,경남,127
2025-02,,민간부문,소계,제주,177
2025-02,,민간,민간임대,전국,1590
2025-02,,민간,민간임대,서울,308
2025-02,,민간,민간임대,인천,0
2025-02,,민간,민간임대,경기,0
2025-02,,민간,민간임대,부산,0
2025-02,,민간,민간임대,대구,0
2025-02,,민간,민간임대,광주,0
2025-02,,민간,민간임대,대전,0
2025-02,,민간,민간임대,울산,0
2025-02,,민간,민간임대,세종,0
2025-02,,민간,민간임대,강원,0
2025-02,,민간,민간임대,충북,975
2025-02,,민간,민간임대,충남,244
2025-02,,민간,민간임대,전북,0
2025-02,,민간,민간임대,전남,0
2025-02,,민간,민간임대,경북,0
2025-02,,민간,민간임대,경남,0
2025-02,,민간,민간임대,제주,63
2025-02,,민간,민간분양,전국,7643
2025-02,,민간,민간분양,서울,325
2025-02,,민간,민간분양,인천,114
2025-02,,민간,민간분양,경기,3446
2025-02,,민간,민간분양,부산,419
2025-02,,민간,민간분양,대구,252
2025-02,,민간,민간분양,광주,37
2025-02,,민간,민간분양,대전,1005
2025-02,,민간,민간분양,울산,16
2025-02,,민간,민간분양,세종,8
2025-02,,민간,민간분양,강원,616
2025-02,,민간,민간분양,충북,717
2025-02,,민간,민간분양,충남,105
2025-02,,민간,민간분양,전북,71
2025-02,,민간,민간분양,전남,116
2025-02,,민간,민간분양,경북,155
2025-02,,민간,민간분양,경남,127
2025-02,,민간,민간분양,제주,114
2025-03,,총계,총계,전국,14211
2025-03,,총계,총계,서울,2319
2025-03,,총계,총계,인천,791
2025-03,,총계,총계,경기,6765
2025-03,,총계,총계,부산,1350
2025-03,,총계,총계,대구,20
2025-03,,총계,총계,광주,44
2025-03,,총계,총계,대전,35
2025-03,,총계,총계,울산,532
2025-03,,총계,총계,세종,8
2025-03,,총계,총계,강원,292
2025-03,,총계,총계,충북,430
2025-03,,총계,총계,충남,202
2025-03,,총계,총계,전북,582
2025-03,,총계,총계,전남,195
2025-03,,총계,총계,경북,311
2025-03,,총계,총계,경남,169
2025-03,,총계,총계,제주,166
2025-03,,공공부문,소계,전국,1433
2025-03,,공공부문,소계,서울,269
2025-03,,공공부문,소계,인천,38
2025-03,,공공부문,소계,경기,966
2025-03,,공공부문,소계,부산,0
2025-03,,공공부문,소계,대구,0
2025-03,,공공부문,소계,광주,0
2025-03,,공공부문,소계,대전,0
2025-03,,공공부문,소계,울산,80
2025-03,,공공부문,소계,세종,0
2025-03,,공공부문,소계,강원,80
2025-03,,공공부문,소계,충북,0
2025-03,,공공부문,소계,충남,0
2025-03,,공공부문,소계,전북,0
2025-03,,공공부문,소계,전남,0
2025-03,,공공부문,소계,경북,0
2025-03,,공공부문,소계,경남,0
2025-03,,공공부문,소계,제주,0
2025-03,,합,국민임대,전국,56
2025-03,,합,국민임대,서울,0
2025-03,,합,국민임대,인천,38
2025-03,,합,국민임대,경기,0
2025-03,,합,국민임대,부산,0
2025-03,,합,국민임대,대구,0
2025-03,,합,국민임대,광주,0
2025-03,,합,국민임대,대전,0
2025-03,,합,국민임대,울산,18
2025-03,,합,국민임대,세종,0
2025-03,,합,국민임대,강원,0
2025-03,,합,국민임대,충북,0
2025-03,,합,국민임대,충남,0
2025-03,,합,국민임대,전북,0
2025-03,,합,국민임대,전남,0
2025-03,,합,국민임대,경북,0
2025-03,,합,국민임대,경남,0
2025-03,,합,국민임대,제주,0
2025-03,,합,공공임대,전국,769
2025-03,,합,공공임대,서울,269
2025-03,,합,공공임대,인천,0
2025-03,,합,공공임대,경기,358
2025-03,,합,공공임대,부산,0
2025-03,,합,공공임대,대구,0
2025-03,,합,공공임대,광주,0
2025-03,,합,공공임대,대전,0
2025-03,,합,공공임대,울산,62
2025-03,,합,공공임대,세종,0
2025-03,,합,공공임대,강원,80
2025-03,,합,공공임대,충북,0
2025-03,,합,공공임대,충남,0
2025-03,,합,공공임대,전북,0
2025-03,,합,공공임대,전남,0
2025-03,,합,공공임대,경북,0
2025-03,,합,공공임대,경남,0
2025-03,,합,공공임대,제주,0
2025-03,,합,공공분양,전국,608
2025-03,,합,공공분양,서울,0
2025-03,,합,공공분양,인천,0
2025-03,,합,공공분양,경기,608
2025-03,,합,공공분양,부산,0
2025-03,,합,공공분양,대구,0
2025-03,,합,공공분양,광주,0
2025-03,,합,공공분양,대전,0
2025-03,,합,공공분양,울산,0
2025-03,,합,공공분양,세종,0
2025-03,,합,공공분양,강원,0
2025-03,,합,공공분양,충북,0
2025-03,,합,공공분양,충남,0
2025-03,,합,공공분양,전북,0
2025-03,,합,공공분양,전남,0
2025-03,,합,공공분양,경북,0
2025-03,,합,공공분양,경남,0
2025-03,,합,공공분양,제주,0
2025-03,,지자체,소계,전국,170
2025-03,,지자체,소계,서울,10
2025-03,,지자체,소계,인천,0
2025-03,,지자체,소계,경기,0
2025-03,,지자체,소계,부산,0
2025-03,,지자체,소계,대구,0
2025-03,,지자체,소계,광주,0
2025-03,,지자체,소계,대전,0
2025-03,,지자체,소계,울산,80
2025-03,,지자체,소계,세종,0
2025-03,,지자체,소계,강원,80
2025-03,,지자체,소계,충북,0
2025-03,,지자체,소계,충남,0
2025-03,,지자체,소계,전북,0
2025-03,,지자체,소계,전남,0
2025-03,,지자체,소계,경북,0
2025-03,,지자체,소계,경남,0
2025-03,,지자체,소계,제주,0
2025-03,,지자체,국민임대,전국,18
2025-03,,지자체,국민임대,서울,0
2025-03,,지자체,국민임대,인천,0
2025-03,,지자체,국민임대,경기,0
2025-03,,지자체,국민임대,부산,0
2025-03,,지자체,국민임대,대구,0
2025-03,,지자체,국민임대,광주,0
2025-03,,지자체,국민임대,대전,0
2025-03,,지자체,국민임대,울산,18
2025-03,,지자체,국민임대,세종,0
2025-03,,지자체,국민임대,강원,0
2025-03,,지자체,국민임대,충북,0
2025-03,,지자체,국민임대,충남,0
2025-03,,지자체,국민임대,전북,0
2025-03,,지자체,국민임대,전남,0
2025-03,,지자체,국민임대,경북,0
2025-03,,지자체,국민임대,경남,0
2025-03,,지자체,국민임대,제주,0
2025-03,,지자체,공공임대,전국,152
2025-03,,지자체,공공임대,서울,10
2025-03,,지자체,공공임대,인천,0
2025-03,,지자체,공공임대,경기,0
2025-03,,지자체,공공임대,부산,0
2025-03,,지자체,공공임대,대구,0
2025-03,,지자체,공공임대,광주,0
2025-03,,지자체,공공임대,대전,0
2025-03,,지자체,공공임대,울산,62
2025-03,,지자체,공공임대,세종,0
2025-03,,지자체,공공임대,강원,80
2025-03,,지자체,공공임대,충북,0
2025-03,,지자체,공공임대,충남,0
2025-03,,지자체,공공임대,전북,0
2025-03,,지자체,공공임대,전남,0
2025-03,,지자체,공공임대,경북,0
2025-03,,지자체,공공임대,경남,0
2025-03,,지자체,공공임대,제주,0
2025-03,,지자체,공공분양,전국,0
2025-03,,지자체,공공분양,서울,0
2025-03,,지자체,공공분양,인천,0
2025-03,,지자체,공공분양,경기,0
2025-03,,지자체,공공분양,부산,0
2025-03,,지자체,공공분양,대구,0
2025-03,,지자체,공공분양,광주,0
2025-03,,지자체,공공분양,대전,0
2025-03,,지자체,공공분양,울산,0
2025-03,,지자체,공공분양,세종,0
2025-03,,지자체,공공분양,강원,0
2025-03,,지자체,공공분양,충북,0
2025-03,,지자체,공공분양,충남,0
2025-03,,지자체,공공분양,전북,0
2025-03,,지자체,공공분양,전남,0
2025-03,,지자체,공공분양,경북,0
2025-03,,지자체,공공분양,경남,0
2025-03,,지자체,공공분양,제주,0
2025-03,,LH,소계,전국,966
2025-03,,LH,소계,서울,0
2025-03,,LH,소계,인천,0
2025-03,,LH,소계,경기,966
2025-03,,LH,소계,부산,0
2025-03,,LH,소계,대구,0
2025-03,,LH,소계,광주,0
2025-03,,LH,소계,대전,0
2025-03,,LH,소계,울산,0
2025-03,,LH,소계,세종,0
2025-03,,LH,소계,강원,0
2025-03,,LH,소계,충북,0
2025-03,,LH,소계,충남,0
2025-03,,LH,소계,전북,0
2025-03,,LH,소계,전남,0
2025-03,,LH,소계,경북,0
2025-03,,LH,소계,경남,0
2025-03,,LH,소계,제주,0
2025-03,,LH,국민임대,전국,0
2025-03,,LH,국민임대,서울,0
2025-03,,LH,국민임대,인천,0
2025-03,,LH,국민임대,경기,0
2025-03,,LH,국민임대,부산,0
2025-03,,LH,국민임대,대구,0
2025-03,,LH,국민임대,광주,0
2025-03,,LH,국민임대,대전,0
2025-03,,LH,국민임대,울산,0
2025-03,,LH,국민임대,세종,0
2025-03,,LH,국민임대,강원,0
2025-03,,LH,국민임대,충북,0
2025-03,,LH,국민임대,충남,0
2025-03,,LH,국민임대,전북,0
2025-03,,LH,국민임대,전남,0
2025-03,,LH,국민임대,경북,0
2025-03,,LH,국민임대,경남,0
2025-03,,LH,국민임대,제주,0
2025-03,,LH,공공임대,전국,358
2025-03,,LH,공공임대,서울,0
2025-03,,LH,공공임대,인천,0
2025-03,,LH,공공임대,경기,358
2025-03,,LH,공공임대,부산,0
2025-03,,LH,공공임대,대구,0
2025-03,,LH,공공임대,광주,0
2025-03,,LH,공공임대,대전,0
2025-03,,LH,공공임대,울산,0
2025-03,,LH,공공임대,세종,0
2025-03,,LH,공공임대,강원,0
2025-03,,LH,공공임대,충북,0
2025-03,,LH,공공임대,충남,0
2025-03,,LH,공공임대,전북,0
2025-03,,LH,공공임대,전남,0
2025-03,,LH,공공임대,경북,0
2025-03,,LH,공공임대,경남,0
2025-03,,LH,공공임대,제주,0
2025-03,,LH,공공분양,전국,608
2025-03,,LH,공공분양,서울,0
2025-03,,LH,공공분양,인천,0
2025-03,,LH,공공분양,경기,608
2025-03,,LH,공공분양,부산,0
2025-03,,LH,공공분양,대구,0
2025-03,,LH,공공분양,광주,0
2025-03,,LH,공공분양,대전,0
2025-03,,LH,공공분양,울산,0
2025-03,,LH,공공분양,세종,0
2025-03,,LH,공공분양,강원,0
2025-03,,LH,공공분양,충북,0
2025-03,,LH,공공분양,충남,0
2025-03,,LH,공공분양,전북,0
2025-03,,LH,공공분양,전남,0
2025-03,,LH,공공분양,경북,0
2025-03,,LH,공공분양,경남,0
2025-03,,LH,공공분양,제주,0
2025-03,,주택업체,소계,전국,297
2025-03,,주택업체,소계,서울,259
2025-03,,주택업체,소계,인천,38
2025-03,,주택업체,소계,경기,0
2025-03,,주택업체,소계,부산,0
2025-03,,주택업체,소계,대구,0
2025-03,,주택업체,소계,광주,0
2025-03,,주택업체,소계,대전,0
2025-03,,주택업체,소계,울산,0
2025-03,,주택업체,소계,세종,0
2025-03,,주택업체,소계,강원,0
2025-03,,주택업체,소계,충북,0
2025-03,,주택업체,소계,충남,0
2025-03,,주택업체,소계,전북,0
2025-03,,주택업체,소계,전남,0
2025-03,,주택업체,소계,경북,0
2025-03,,주택업체,소계,경남,0
2025-03,,주택업체,소계,제주,0
2025-03,,주택업체,국민임대,전국,38
2025-03,,주택업체,국민임대,서울,0
2025-03,,주택업체,국민임대,인천,38
2025-03,,주택업체,국민임대,경기,0
2025-03,,주택업체,국민임대,부산,0
2025-03,,주택업체,국민임대,대구,0
2025-03,,주택업체,국민임대,광주,0
2025-03,,주택업체,국민임대,대전,0
2025-03,,주택업체,국민임대,울산,0
2025-03,,주택업체,국민임대,세종,0
2025-03,,주택업체,국민임대,강원,0
2025-03,,주택업체,국민임대,충북,0
2025-03,,주택업체,국민임대,충남,0
2025-03,,주택업체,국민임대,전북,0
2025-03,,주택업체,국민임대,전남,0
2025-03,,주택업체,국민임대,경북,0
2025-03,,주택업체,국민임대,경남,0
2025-03,,주택업체,국민임대,제주,0
2025-03,,주택업체,공공임대,전국,259
2025-03,,주택업체,공공임대,서울,259
2025-03,,주택업체,공공임대,인천,0
2025-03,,주택업체,공공임대,경기,0
2025-03,,주택업체,공공임대,부산,0
2025-03,,주택업체,공공임대,대구,0
2025-03,,주택업체,공공임대,광주,0
2025-03,,주택업체,공공임대,대전,0
2025-03,,주택업체,공공임대,울산,0
2025-03,,주택업체,공공임대,세종,0
2025-03,,주택업체,공공임대,강원,0
2025-03,,주택업체,공공임대,충북,0
2025-03,,주택업체,공공임대,충남,0
2025-03,,주택업체,공공임대,전북,0
2025-03,,주택업체,공공임대,전남,0
2025-03,,주택업체,공공임대,경북,0
2025-03,,주택업체,공공임대,경남,0
2025-03,,주택업체,공공임대,제주,0
2025-03,,주택업체,공공분양,전국,0
2025-03,,주택업체,공공분양,서울,0
2025-03,,주택업체,공공분양,인천,0
2025-03,,주택업체,공공분양,경기,0
2025-03,,주택업체,공공분양,부산,0
2025-03,,주택업체,공공분양,대구,0
2025-03,,주택업체,공공분양,광주,0
2025-03,,주택업체,공공분양,대전,0
2025-03,,주택업체,공공분양,울산,0
2025-03,,주택업체,공공분양,세종,0
2025-03,,주택업체,공공분양,강원,0
2025-03,,주택업체,공공분양,충북,0
2025-03,,주택업체,공공분양,충남,0
2025-03,,주택업체,공공분양,전북,0
2025-03,,주택업체,공공분양,전남,0
2025-03,,주택업체,공공분양,경북,0
2025-03,,주택업체,공공분양,경남,0
2025-03,,주택업체,공공분양,제주,0
2025-03,,민간부문,소계,전국,12778
2025-03,,민간부문,소계,서울,2050
2025-03,,민간부문,소계,인천,753
2025-03,,민간부문,소계,경기,5799
2025-03,,민간부문,소계,부산,1350
2025-03,,민간부문,소계,대구,20
2025-03,,민간부문,소계,광주,44
2025-03,,민간부문,소계,대전,35
2025-03,,민간부문,소계,울산,452
2025-03,,민간부문,소계,세종,8
2025-03,,민간부문,소계,강원,212
2025-03,,민간부문,소계,충북,430
2025-03,,민간부문,소계,충남,202
2025-03,,민간부문,소계,전북,582
2025-03,,민간부문,소계,전남,195
2025-03,,민간부문,소계,경북,311
2025-03,,민간부문,소계,경남,169
2025-03,,민간부문,소계,제주,166
2025-03,,민간,민간임대,전국,1273
2025-03,,민간,민간임대,서울,550
2025-03,,민간,민간임대,인천,0
2025-03,,민간,민간임대,경기,0
2025-03,,민간,민간임대,부산,0
2025-03,,민간,민간임대,대구,0
2025-03,,민간,민간임대,광주,0
2025-03,,민간,민간임대,대전,0
2025-03,,민간,민간임대,울산,0
2025-03,,민간,민간임대,세종,0
2025-03,,민간,민간임대,강원,0
2025-03,,민간,민간임대,충북,252
2025-03,,민간,민간임대,충남,0
2025-03,,민간,민간임대,전북,471
2025-03,,민간,민간임대,전남,0
2025-03,,민간,민간임대,경북,0
2025-03,,민간,민간임대,경남,0
2025-03,,민간,민간임대,제주,0
2025-03,,민간,민간분양,전국,11505
2025-03,,민간,민간분양,서울,1500
2025-03,,민간,민간분양,인천,753
2025-03,,민간,민간분양,경기,5799
2025-03,,민간,민간분양,부산,1350
2025-03,,민간,민간분양,대구,20
2025-03,,민간,민간분양,광주,44
2025-03,,민간,민간분양,대전,35
2025-03,,민간,민간분양,울산,452
2025-03,,민간,민간분양,세종,8
2025-03,,민간,민간분양,강원,212
2025-03,,민간,민간분양,충북,178
2025-03,,민간,민간분양,충남,202
2025-03,,민간,민간분양,전북,111
2025-03,,민간,민간분양,전남,195
2025-03,,민간,민간분양,경북,311
2025-03,,민간,민간분양,경남,169
2025-03,,민간,민간분양,제주,166
2025-04,,총계,총계,전국,23814
2025-04,,총계,총계,서울,3106
2025-04,,총계,총계,인천,3429
2025-04,,총계,총계,경기,11218
2025-04,,총계,총계,부산,3491
2025-04,,총계,총계,대구,67
2025-04,,총계,총계,광주,71
2025-04,,총계,총계,대전,18
2025-04,,총계,총계,울산,166
2025-04,,총계,총계,세종,10
2025-04,,총계,총계,강원,263
2025-04,,총계,총계,충북,189
2025-04,,총계,총계,충남,239
2025-04,,총계,총계,전북,158
2025-04,,총계,총계,전남,462
2025-04,,총계,총계,경북,368
2025-04,,총계,총계,경남,365
2025-04,,총계,총계,제주,194
2025-04,,공공부문,소계,전국,2910
2025-04,,공공부문,소계,서울,608
2025-04,,공공부문,소계,인천,0
2025-04,,공공부문,소계,경기,1687
2025-04,,공공부문,소계,부산,442
2025-04,,공공부문,소계,대구,0
2025-04,,공공부문,소계,광주,0
2025-04,,공공부문,소계,대전,0
2025-04,,공공부문,소계,울산,136
2025-04,,공공부문,소계,세종,0
2025-04,,공공부문,소계,강원,0
2025-04,,공공부문,소계,충북,0
2025-04,,공공부문,소계,충남,0
2025-04,,공공부문,소계,전북,0
2025-04,,공공부문,소계,전남,0
2025-04,,공공부문,소계,경북,0
2025-04,,공공부문,소계,경남,37
2025-04,,공공부문,소계,제주,0
2025-04,,합,국민임대,전국,0
2025-04,,합,국민임대,서울,0
2025-04,,합,국민임대,인천,0
2025-04,,합,국민임대,경기,0
2025-04,,합,국민임대,부산,0
2025-04,,합,국민임대,대구,0
2025-04,,합,국민임대,광주,0
2025-04,,합,국민임대,대전,0
2025-04,,합,국민임대,울산,0
2025-04,,합,국민임대,세종,0
2025-04,,합,국민임대,강원,0
2025-04,,합,국민임대,충북,0
2025-04,,합,국민임대,충남,0
2025-04,,합,국민임대,전북,0
2025-04,,합,국민임대,전남,0
2025-04,,합,국민임대,경북,0
2025-04,,합,국민임대,경남,0
2025-04,,합,국민임대,제주,0
2025-04,,합,공공임대,전국,919
2025-04,,합,공공임대,서울,304
2025-04,,합,공공임대,인천,0
2025-04,,합,공공임대,경기,0
2025-04,,합,공공임대,부산,442
2025-04,,합,공공임대,대구,0
2025-04,,합,공공임대,광주,0
2025-04,,합,공공임대,대전,0
2025-04,,합,공공임대,울산,136
2025-04,,합,공공임대,세종,0
2025-04,,합,공공임대,강원,0
2025-04,,합,공공임대,충북,0
2025-04,,합,공공임대,충남,0
2025-04,,합,공공임대,전북,0
2025-04,,합,공공임대,전남,0
2025-04,,합,공공임대,경북,0
2025-04,,합,공공임대,경남,37
2025-04,,합,공공임대,제주,0
2025-04,,합,공공분양,전국,1991
2025-04,,합,공공분양,서울,304
2025-04,,합,공공분양,인천,0
2025-04,,합,공공분양,경기,1687
2025-04,,합,공공분양,부산,0
2025-04,,합,공공분양,대구,0
2025-04,,합,공공분양,광주,0
2025-04,,합,공공분양,대전,0
2025-04,,합,공공분양,울산,0
2025-04,,합,공공분양,세종,0
2025-04,,합,공공분양,강원,0
2025-04,,합,공공분양,충북,0
2025-04,,합,공공분양,충남,0
2025-04,,합,공공분양,전북,0
2025-04,,합,공공분양,전남,0
2025-04,,합,공공분양,경북,0
2025-04,,합,공공분양,경남,0
2025-04,,합,공공분양,제주,0
2025-04,,지자체,소계,전국,2379
2025-04,,지자체,소계,서울,608
2025-04,,지자체,소계,인천,0
2025-04,,지자체,소계,경기,1687
2025-04,,지자체,소계,부산,0
2025-04,,지자체,소계,대구,0
2025-04,,지자체,소계,광주,0
2025-04,,지자체,소계,대전,0
2025-04,,지자체,소계,울산,47
2025-04,,지자체,소계,세종,0
2025-04,,지자체,소계,강원,0
2025-04,,지자체,소계,충북,0
2025-04,,지자체,소계,충남,0
2025-04,,지자체,소계,전북,0
2025-04,,지자체,소계,전남,0
2025-04,,지자체,소계,경북,0
2025-04,,지자체,소계,경남,37
2025-04,,지자체,소계,제주,0
2025-04,,지자체,국민임대,전국,0
2025-04,,지자체,국민임대,서울,0
2025-04,,지자체,국민임대,인천,0
2025-04,,지자체,국민임대,경기,0
2025-04,,지자체,국민임대,부산,0
2025-04,,지자체,국민임대,대구,0
2025-04,,지자체,국민임대,광주,0
2025-04,,지자체,국민임대,대전,0
2025-04,,지자체,국민임대,울산,0
2025-04,,지자체,국민임대,세종,0
2025-04,,지자체,국민임대,강원,0
2025-04,,지자체,국민임대,충북,0
2025-04,,지자체,국민임대,충남,0
2025-04,,지자체,국민임대,전북,0
2025-04,,지자체,국민임대,전남,0
2025-04,,지자체,국민임대,경북,0
2025-04,,지자체,국민임대,경남,0
2025-04,,지자체,국민임대,제주,0
2025-04,,지자체,공공임대,전국,388
2025-04,,지자체,공공임대,서울,304
2025-04,,지자체,공공임대,인천,0
2025-04,,지자체,공공임대,경기,0
2025-04,,지자체,공공임대,부산,0
2025-04,,지자체,공공임대,대구,0
2025-04,,지자체,공공임대,광주,0
2025-04,,지자체,공공임대,대전,0
2025-04,,지자체,공공임대,울산,47
2025-04,,지자체,공공임대,세종,0
2025-04,,지자체,공공임대,강원,0
2025-04,,지자체,공공임대,충북,0
2025-04,,지자체,공공임대,충남,0
2025-04,,지자체,공공임대,전북,0
2025-04,,지자체,공공임대,전남,0
2025-04,,지자체,공공임대,경북,0
2025-04,,지자체,공공임대,경남,37
2025-04,,지자체,공공임대,제주,0
2025-04,,지자체,공공분양,전국,1991
2025-04,,지자체,공공분양,서울,304
2025-04,,지자체,공공분양,인천,0
2025-04,,지자체,공공분양,경기,1687
2025-04,,지자체,공공분양,부산,0
2025-04,,지자체,공공분양,대구,0
2025-04,,지자체,공공분양,광주,0
2025-04,,지자체,공공분양,대전,0
2025-04,,지자체,공공분양,울산,0
2025-04,,지자체,공공분양,세종,0
2025-04,,지자체,공공분양,강원,0
2025-04,,지자체,공공분양,충북,0
2025-04,,지자체,공공분양,충남,0
2025-04,,지자체,공공분양,전북,0
2025-04,,지자체,공공분양,전남,0
2025-04,,지자체,공공분양,경북,0
2025-04,,지자체,공공분양,경남,0
2025-04,,지자체,공공분양,제주,0
2025-04,,LH,소계,전국,0
2025-04,,LH,소계,서울,0
2025-04,,LH,소계,인천,0
2025-04,,LH,소계,경기,0
2025-04,,LH,소계,부산,0
2025-04,,LH,소계,대구,0
2025-04,,LH,소계,광주,0
2025-04,,LH,소계,대전,0
2025-04,,LH,소계,울산,0
2025-04,,LH,소계,세종,0
2025-04,,LH,소계,강원,0
2025-04,,LH,소계,충북,0
2025-04,,LH,소계,충남,0
2025-04,,LH,소계,전북,0
2025-04,,LH,소계,전남,0
2025-04,,LH,소계,경북,0
2025-04,,LH,소계,경남,0
2025-04,,LH,소계,제주,0
2025-04,,LH,국민임대,전국,0
2025-04,,LH,국민임대,서울,0
2025-04,,LH,국민임대,인천,0
2025-04,,LH,국민임대,경기,0
2025-04,,LH,국민임대,부산,0
2025-04,,LH,국민임대,대구,0
2025-04,,LH,국민임대,광주,0
2025-04,,LH,국민임대,대전,0
2025-04,,LH,국민임대,울산,0
2025-04,,LH,국민임대,세종,0
2025-04,,LH,국민임대,강원,0
2025-04,,LH,국민임대,충북,0
2025-04,,LH,국민임대,충남,0
2025-04,,LH,국민임대,전북,0
2025-04,,LH,국민임대,전남,0
2025-04,,LH,국민임대,경북,0
2025-04,,LH,국민임대,경남,0
2025-04,,LH,국민임대,제주,0
2025-04,,LH,공공임대,전국,0
2025-04,,LH,공공임대,서울,0
2025-04,,LH,공공임대,인천,0
2025-04,,LH,공공임대,경기,0
2025-04,,LH,공공임대,부산,0
2025-04,,LH,공공임대,대구,0
2025-04,,LH,공공임대,광주,0
2025-04,,LH,공공임대,대전,0
2025-04,,LH,공공임대,울산,0
2025-04,,LH,공공임대,세종,0
2025-04,,LH,공공임대,강원,0
2025-04,,LH,공공임대,충북,0
2025-04,,LH,공공임대,충남,0
2025-04,,LH,공공임대,전북,0
2025-04,,LH,공공임대,전남,0
2025-04,,LH,공공임대,경북,0
2025-04,,LH,공공임대,경남,0
2025-04,,LH,공공임대,제주,0
2025-04,,LH,공공분양,전국,0
2025-04,,LH,공공분양,서울,0
2025-04,,LH,공공분양,인천,0
2025-04,,LH,공공분양,경기,0
2025-04,,LH,공공분양,부산,0
2025-04,,LH,공공분양,대구,0
2025-04,,LH,공공분양,광주,0
2025-04,,LH,공공분양,대전,0
2025-04,,LH,공공분양,울산,0
2025-04,,LH,공공분양,세종,0
2025-04,,LH,공공분양,강원,0
2025-04,,LH,공공분양,충북,0
2025-04,,LH,공공분양,충남,0
2025-04,,LH,공공분양,전북,0
2025-04,,LH,공공분양,전남,0
2025-04,,LH,공공분양,경북,0
2025-04,,LH,공공분양,경남,0
2025-04,,LH,공공분양,제주,0
2025-04,,주택업체,소계,전국,531
2025-04,,주택업체,소계,서울,0
2025-04,,주택업체,소계,인천,0
2025-04,,주택업체,소계,경기,0
2025-04,,주택업체,소계,부산,442
2025-04,,주택업체,소계,대구,0
2025-04,,주택업체,소계,광주,0
2025-04,,주택업체,소계,대전,0
2025-04,,주택업체,소계,울산,89
2025-04,,주택업체,소계,세종,0
2025-04,,주택업체,소계,강원,0
2025-04,,주택업체,소계,충북,0
2025-04,,주택업체,소계,충남,0
2025-04,,주택업체,소계,전북,0
2025-04,,주택업체,소계,전남,0
2025-04,,주택업체,소계,경북,0
2025-04,,주택업체,소계,경남,0
2025-04,,주택업체,소계,제주,0
2025-04,,주택업체,국민임대,전국,0
2025-04,,주택업체,국민임대,서울,0
2025-04,,주택업체,국민임대,인천,0
2025-04,,주택업체,국민임대,경기,0
2025-04,,주택업체,국민임대,부산,0
2025-04,,주택업체,국민임대,대구,0
2025-04,,주택업체,국민임대,광주,0
2025-04,,주택업체,국민임대,대전,0
2025-04,,주택업체,국민임대,울산,0
2025-04,,주택업체,국민임대,세종,0
2025-04,,주택업체,국민임대,강원,0
2025-04,,주택업체,국민임대,충북,0
2025-04,,주택업체,국민임대,충남,0
2025-04,,주택업체,국민임대,전북,0
2025-04,,주택업체,국민임대,전남,0
2025-04,,주택업체,국민임대,경북,0
2025-04,,주택업체,국민임대,경남,0
2025-04,,주택업체,국민임대,제주,0
2025-04,,주택업체,공공임대,전국,531
2025-04,,주택업체,공공임대,서울,0
2025-04,,주택업체,공공임대,인천,0
2025-04,,주택업체,공공임대,경기,0
2025-04,,주택업체,공공임대,부산,442
2025-04,,주택업체,공공임대,대구,0
2025-04,,주택업체,공공임대,광주,0
2025-04,,주택업체,공공임대,대전,0
2025-04,,주택업체,공공임대,울산,89
2025-04,,주택업체,공공임대,세종,0
2025-04,,주택업체,공공임대,강원,0
2025-04,,주택업체,공공임대,충북,0
2025-04,,주택업체,공공임대,충남,0
2025-04,,주택업체,공공임대,전북,0
2025-04,,주택업체,공공임대,전남,0
2025-04,,주택업체,공공임대,경북,0
2025-04,,주택업체,공공임대,경남,0
2025-04,,주택업체,공공임대,제주,0
2025-04,,주택업체,공공분양,전국,0
2025-04,,주택업체,공공분양,서울,0
2025-04,,주택업체,공공분양,인천,0
2025-04,,주택업체,공공분양,경기,0
2025-04,,주택업체,공공분양,부산,0
2025-04,,주택업체,공공분양,대구,0
2025-04,,주택업체,공공분양,광주,0
2025-04,,주택업체,공공분양,대전,0
2025-04,,주택업체,공공분양,울산,0
2025-04,,주택업체,공공분양,세종,0
2025-04,,주택업체,공공분양,강원,0
2025-04,,주택업체,공공분양,충북,0
2025-04,,주택업체,공공분양,충남,0
2025-04,,주택업체,공공분양,전북,0
2025-04,,주택업체,공공분양,전남,0
2025-04,,주택업체,공공분양,경북,0
2025-04,,주택업체,공공분양,경남,0
2025-04,,주택업체,공공분양,제주,0
2025-04,,민간부문,소계,전국,20904
2025-04,,민간부문,소계,서울,2498
2025-04,,민간부문,소계,인천,3429
2025-04,,민간부문,소계,경기,9531
2025-04,,민간부문,소계,부산,3049
2025-04,,민간부문,소계,대구,67
2025-04,,민간부문,소계,광주,71
2025-04,,민간부문,소계,대전,18
2025-04,,민간부문,소계,울산,30
2025-04,,민간부문,소계,세종,10
2025-04,,민간부문,소계,강원,263
2025-04,,민간부문,소계,충북,189
2025-04,,민간부문,소계,충남,239
2025-04,,민간부문,소계,전북,158
2025-04,,민간부문,소계,전남,462
2025-04,,민간부문,소계,경북,368
2025-04,,민간부문,소계,경남,328
2025-04,,민간부문,소계,제주,194
2025-04,,민간,민간임대,전국,3137
2025-04,,민간,민간임대,서울,220
2025-04,,민간,민간임대,인천,1165
2025-04,,민간,민간임대,경기,853
2025-04,,민간,민간임대,부산,498
2025-04,,민간,민간임대,대구,0
2025-04,,민간,민간임대,광주,0
2025-04,,민간,민간임대,대전,0
2025-04,,민간,민간임대,울산,0
2025-04,,민간,민간임대,세종,0
2025-04,,민간,민간임대,강원,0
2025-04,,민간,민간임대,충북,0
2025-04,,민간,민간임대,충남,0
2025-04,,민간,민간임대,전북,0
2025-04,,민간,민간임대,전남,240
2025-04,,민간,민간임대,경북,0
2025-04,,민간,민간임대,경남,161
2025-04,,민간,민간임대,제주,0
2025-04,,민간,민간분양,전국,17767
2025-04,,민간,민간분양,서울,2278
2025-04,,민간,민간분양,인천,2264
2025-04,,민간,민간분양,경기,8678
2025-04,,민간,민간분양,부산,2551
2025-04,,민간,민간분양,대구,67
2025-04,,민간,민간분양,광주,71
2025-04,,민간,민간분양,대전,18
2025-04,,민간,민간분양,울산,30
2025-04,,민간,민간분양,세종,10
2025-04,,민간,민간분양,강원,263
2025-04,,민간,민간분양,충북,189
2025-04,,민간,민간분양,충남,239
2025-04,,민간,민간분양,전북,158
2025-04,,민간,민간분양,전남,222
2025-04,,민간,민간분양,경북,368
2025-04,,민간,민간분양,경남,167
2025-04,,민간,민간분양,제주,194
2025-05,,총계,총계,전국,15279
2025-05,,총계,총계,서울,2483
2025-05,,총계,총계,인천,1138
2025-05,,총계,총계,경기,5579
2025-05,,총계,총계,부산,1094
2025-05,,총계,총계,대구,19
2025-05,,총계,총계,광주,6
2025-05,,총계,총계,대전,141
2025-05,,총계,총계,울산,28
2025-05,,총계,총계,세종,10
2025-05,,총계,총계,강원,222
2025-05,,총계,총계,충북,161
2025-05,,총계,총계,충남,197
2025-05,,총계,총계,전북,1334
2025-05,,총계,총계,전남,233
2025-05,,총계,총계,경북,223
2025-05,,총계,총계,경남,2144
2025-05,,총계,총계,제주,267
2025-05,,공공부문,소계,전국,2331
2025-05,,공공부문,소계,서울,444
2025-05,,공공부문,소계,인천,0
2025-05,,공공부문,소계,경기,1121
2025-05,,공공부문,소계,부산,0
2025-05,,공공부문,소계,대구,0
2025-05,,공공부문,소계,광주,0
2025-05,,공공부문,소계,대전,0
2025-05,,공공부문,소계,울산,0
2025-05,,공공부문,소계,세종,0
2025-05,,공공부문,소계,강원,0
2025-05,,공공부문,소계,충북,0
2025-05,,공공부문,소계,충남,0
2025-05,,공공부문,소계,전북,736
2025-05,,공공부문,소계,전남,0
2025-05,,공공부문,소계,경북,0
2025-05,,공공부문,소계,경남,30
2025-05,,공공부문,소계,제주,0
2025-05,,합,국민임대,전국,273
2025-05,,합,국민임대,서울,273
2025-05,,합,국민임대,인천,0
2025-05,,합,국민임대,경기,0
2025-05,,합,국민임대,부산,0
2025-05,,합,국민임대,대구,0
2025-05,,합,국민임대,광주,0
2025-05,,합,국민임대,대전,0
2025-05,,합,국민임대,울산,0
2025-05,,합,국민임대,세종,0
2025-05,,합,국민임대,강원,0
2025-05,,합,국민임대,충북,0
2025-05,,합,국민임대,충남,0
2025-05,,합,국민임대,전북,0
2025-05,,합,국민임대,전남,0
2025-05,,합,국민임대,경북,0
2025-05,,합,국민임대,경남,0
2025-05,,합,국민임대,제주,0
2025-05,,합,공공임대,전국,937
2025-05,,합,공공임대,서울,171
2025-05,,합,공공임대,인천,0
2025-05,,합,공공임대,경기,0
2025-05,,합,공공임대,부산,0
2025-05,,합,공공임대,대구,0
2025-05,,합,공공임대,광주,0
2025-05,,합,공공임대,대전,0
2025-05,,합,공공임대,울산,0
2025-05,,합,공공임대,세종,0
2025-05,,합,공공임대,강원,0
2025-05,,합,공공임대,충북,0
2025-05,,합,공공임대,충남,0
2025-05,,합,공공임대,전북,736
2025-05,,합,공공임대,전남,0
2025-05,,합,공공임대,경북,0
2025-05,,합,공공임대,경남,30
2025-05,,합,공공임대,제주,0
2025-05,,합,공공분양,전국,1121
2025-05,,합,공공분양,서울,0
2025-05,,합,공공분양,인천,0
2025-05,,합,공공분양,경기,1121
2025-05,,합,공공분양,부산,0
2025-05,,합,공공분양,대구,0
2025-05,,합,공공분양,광주,0
2025-05,,합,공공분양,대전,0
2025-05,,합,공공분양,울산,0
2025-05,,합,공공분양,세종,0
2025-05,,합,공공분양,강원,0
2025-05,,합,공공분양,충북,0
2025-05,,합,공공분양,충남,0
2025-05,,합,공공분양,전북,0
2025-05,,합,공공분양,전남,0
2025-05,,합,공공분양,경북,0
2025-05,,합,공공분양,경남,0
2025-05,,합,공공분양,제주,0
2025-05,,지자체,소계,전국,1899
2025-05,,지자체,소계,서울,12
2025-05,,지자체,소계,인천,0
2025-05,,지자체,소계,경기,1121
2025-05,,지자체,소계,부산,0
2025-05,,지자체,소계,대구,0
2025-05,,지자체,소계,광주,0
2025-05,,지자체,소계,대전,0
2025-05,,지자체,소계,울산,0
2025-05,,지자체,소계,세종,0
2025-05,,지자체,소계,강원,0
2025-05,,지자체,소계,충북,0
2025-05,,지자체,소계,충남,0
2025-05,,지자체,소계,전북,736
2025-05,,지자체,소계,전남,0
2025-05,,지자체,소계,경북,0
2025-05,,지자체,소계,경남,30
2025-05,,지자체,소계,제주,0
2025-05,,지자체,국민임대,전국,12
2025-05,,지자체,국민임대,서울,12
2025-05,,지자체,국민임대,인천,0
2025-05,,지자체,국민임대,경기,0
2025-05,,지자체,국민임대,부산,0
2025-05,,지자체,국민임대,대구,0
2025-05,,지자체,국민임대,광주,0
2025-05,,지자체,국민임대,대전,0
2025-05,,지자체,국민임대,울산,0
2025-05,,지자체,국민임대,세종,0
2025-05,,지자체,국민임대,강원,0
2025-05,,지자체,국민임대,충북,0
2025-05,,지자체,국민임대,충남,0
2025-05,,지자체,국민임대,전북,0
2025-05,,지자체,국민임대,전남,0
2025-05,,지자체,국민임대,경북,0
2025-05,,지자체,국민임대,경남,0
2025-05,,지자체,국민임대,제주,0
2025-05,,지자체,공공임대,전국,766
2025-05,,지자체,공공임대,서울,0
2025-05,,지자체,공공임대,인천,0
2025-05,,지자체,공공임대,경기,0
2025-05,,지자체,공공임대,부산,0
2025-05,,지자체,공공임대,대구,0
2025-05,,지자체,공공임대,광주,0
2025-05,,지자체,공공임대,대전,0
2025-05,,지자체,공공임대,울산,0
2025-05,,지자체,공공임대,세종,0
2025-05,,지자체,공공임대,강원,0
2025-05,,지자체,공공임대,충북,0
2025-05,,지자체,공공임대,충남,0
2025-05,,지자체,공공임대,전북,736
2025-05,,지자체,공공임대,전남,0
2025-05,,지자체,공공임대,경북,0
2025-05,,지자체,공공임대,경남,30
2025-05,,지자체,공공임대,제주,0
2025-05,,지자체,공공분양,전국,1121
2025-05,,지자체,공공분양,서울,0
2025-05,,지자체,공공분양,인천,0
2025-05,,지자체,공공분양,경기,1121
2025-05,,지자체,공공분양,부산,0
2025-05,,지자체,공공분양,대구,0
2025-05,,지자체,공공분양,광주,0
2025-05,,지자체,공공분양,대전,0
2025-05,,지자체,공공분양,울산,0
2025-05,,지자체,공공분양,세종,0
2025-05,,지자체,공공분양,강원,0
2025-05,,지자체,공공분양,충북,0
2025-05,,지자체,공공분양,충남,0
2025-05,,지자체,공공분양,전북,0
2025-05,,지자체,공공분양,전남,0
2025-05,,지자체,공공분양,경북,0
2025-05,,지자체,공공분양,경남,0
2025-05,,지자체,공공분양,제주,0
2025-05,,LH,소계,전국,0
2025-05,,LH,소계,서울,0
2025-05,,LH,소계,인천,0
2025-05,,LH,소계,경기,0
2025-05,,LH,소계,부산,0
2025-05,,LH,소계,대구,0
2025-05,,LH,소계,광주,0
2025-05,,LH,소계,대전,0
2025-05,,LH,소계,울산,0
2025-05,,LH,소계,세종,0
2025-05,,LH,소계,강원,0
2025-05,,LH,소계,충북,0
2025-05,,LH,소계,충남,0
2025-05,,LH,소계,전북,0
2025-05,,LH,소계,전남,0
2025-05,,LH,소계,경북,0
2025-05,,LH,소계,경남,0
2025-05,,LH,소계,제주,0
2025-05,,LH,국민임대,전국,0
2025-05,,LH,국민임대,서울,0
2025-05,,LH,국민임대,인천,0
2025-05,,LH,국민임대,경기,0
2025-05,,LH,국민임대,부산,0
2025-05,,LH,국민임대,대구,0
2025-05,,LH,국민임대,광주,0
2025-05,,LH,국민임대,대전,0
2025-05,,LH,국민임대,울산,0
2025-05,,LH,국민임대,세종,0
2025-05,,LH,국민임대,강원,0
2025-05,,LH,국민임대,충북,0
2025-05,,LH,국민임대,충남,0
2025-05,,LH,국민임대,전북,0
2025-05,,LH,국민임대,전남,0
2025-05,,LH,국민임대,경북,0
2025-05,,LH,국민임대,경남,0
2025-05,,LH,국민임대,제주,0
2025-05,,LH,공공임대,전국,0
2025-05,,LH,공공임대,서울,0
2025-05,,LH,공공임대,인천,0
2025-05,,LH,공공임대,경기,0
2025-05,,LH,공공임대,부산,0
2025-05,,LH,공공임대,대구,0
2025-05,,LH,공공임대,광주,0
2025-05,,LH,공공임대,대전,0
2025-05,,LH,공공임대,울산,0
2025-05,,LH,공공임대,세종,0
2025-05,,LH,공공임대,강원,0
2025-05,,LH,공공임대,충북,0
2025-05,,LH,공공임대,충남,0
2025-05,,LH,공공임대,전북,0
2025-05,,LH,공공임대,전남,0
2025-05,,LH,공공임대,경북,0
2025-05,,LH,공공임대,경남,0
2025-05,,LH,공공임대,제주,0
2025-05,,LH,공공분양,전국,0
2025-05,,LH,공공분양,서울,0
2025-05,,LH,공공분양,인천,0
2025-05,,LH,공공분양,경기,0
2025-05,,LH,공공분양,부산,0
2025-05,,LH,공공분양,대구,0
2025-05,,LH,공공분양,광주,0
2025-05,,LH,공공분양,대전,0
2025-05,,LH,공공분양,울산,0
2025-05,,LH,공공분양,세종,0
2025-05,,LH,공공분양,강원,0
2025-05,,LH,공공분양,충북,0
2025-05,,LH,공공분양,충남,0
2025-05,,LH,공공분양,전북,0
2025-05,,LH,공공분양,전남,0
2025-05,,LH,공공분양,경북,0
2025-05,,LH,공공분양,경남,0
2025-05,,LH,공공분양,제주,0
2025-05,,주택업체,소계,전국,432
2025-05,,주택업체,소계,서울,432
2025-05,,주택업체,소계,인천,0
2025-05,,주택업체,소계,경기,0
2025-05,,주택업체,소계,부산,0
2025-05,,주택업체,소계,대구,0
2025-05,,주택업체,소계,광주,0
2025-05,,주택업체,소계,대전,0
2025-05,,주택업체,소계,울산,0
2025-05,,주택업체,소계,세종,0
2025-05,,주택업체,소계,강원,0
2025-05,,주택업체,소계,충북,0
2025-05,,주택업체,소계,충남,0
2025-05,,주택업체,소계,전북,0
2025-05,,주택업체,소계,전남,0
2025-05,,주택업체,소계,경북,0
2025-05,,주택업체,소계,경남,0
2025-05,,주택업체,소계,제주,0
2025-05,,주택업체,국민임대,전국,261
2025-05,,주택업체,국민임대,서울,261
2025-05,,주택업체,국민임대,인천,0
2025-05,,주택업체,국민임대,경기,0
2025-05,,주택업체,국민임대,부산,0
2025-05,,주택업체,국민임대,대구,0
2025-05,,주택업체,국민임대,광주,0
2025-05,,주택업체,국민임대,대전,0
2025-05,,주택업체,국민임대,울산,0
2025-05,,주택업체,국민임대,세종,0
2025-05,,주택업체,국민임대,강원,0
2025-05,,주택업체,국민임대,충북,0
2025-05,,주택업체,국민임대,충남,0
2025-05,,주택업체,국민임대,전북,0
2025-05,,주택업체,국민임대,전남,0
2025-05,,주택업체,국민임대,경북,0
2025-05,,주택업체,국민임대,경남,0
2025-05,,주택업체,국민임대,제주,0
2025-05,,주택업체,공공임대,전국,171
2025-05,,주택업체,공공임대,서울,171
2025-05,,주택업체,공공임대,인천,0
2025-05,,주택업체,공공임대,경기,0
2025-05,,주택업체,공공임대,부산,0
2025-05,,주택업체,공공임대,대구,0
2025-05,,주택업체,공공임대,광주,0
2025-05,,주택업체,공공임대,대전,0
2025-05,,주택업체,공공임대,울산,0
2025-05,,주택업체,공공임대,세종,0
2025-05,,주택업체,공공임대,강원,0
2025-05,,주택업체,공공임대,충북,0
2025-05,,주택업체,공공임대,충남,0
2025-05,,주택업체,공공임대,전북,0
2025-05,,주택업체,공공임대,전남,0
2025-05,,주택업체,공공임대,경북,0
2025-05,,주택업체,공공임대,경남,0
2025-05,,주택업체,공공임대,제주,0
2025-05,,주택업체,공공분양,전국,0
2025-05,,주택업체,공공분양,서울,0
2025-05,,주택업체,공공분양,인천,0
2025-05,,주택업체,공공분양,경기,0
2025-05,,주택업체,공공분양,부산,0
2025-05,,주택업체,공공분양,대구,0
2025-05,,주택업체,공공분양,광주,0
2025-05,,주택업체,공공분양,대전,0
2025-05,,주택업체,공공분양,울산,0
2025-05,,주택업체,공공분양,세종,0
2025-05,,주택업체,공공분양,강원,0
2025-05,,주택업체,공공분양,충북,0
2025-05,,주택업체,공공분양,충남,0
2025-05,,주택업체,공공분양,전북,0
2025-05,,주택업체,공공분양,전남,0
2025-05,,주택업체,공공분양,경북,0
2025-05,,주택업체,공공분양,경남,0
2025-05,,주택업체,공공분양,제주,0
2025-05,,민간부문,소계,전국,12948
2025-05,,민간부문,소계,서울,2039
2025-05,,민간부문,소계,인천,1138
2025-05,,민간부문,소계,경기,4458
2025-05,,민간부문,소계,부산,1094
2025-05,,민간부문,소계,대구,19
2025-05,,민간부문,소계,광주,6
2025-05,,민간부문,소계,대전,141
2025-05,,민간부문,소계,울산,28
2025-05,,민간부문,소계,세종,10
2025-05,,민간부문,소계,강원,222
2025-05,,민간부문,소계,충북,161
2025-05,,민간부문,소계,충남,197
2025-05,,민간부문,소계,전북,598
2025-05,,민간부문,소계,전남,233
2025-05,,민간부문,소계,경북,223
2025-05,,민간부문,소계,경남,2114
2025-05,,민간부문,소계,제주,267
2025-05,,민간,민간임대,전국,1010
2025-05,,민간,민간임대,서울,510
2025-05,,민간,민간임대,인천,0
2025-05,,민간,민간임대,경기,0
2025-05,,민간,민간임대,부산,0
2025-05,,민간,민간임대,대구,0
2025-05,,민간,민간임대,광주,0
2025-05,,민간,민간임대,대전,0
2025-05,,민간,민간임대,울산,0
2025-05,,민간,민간임대,세종,0
2025-05,,민간,민간임대,강원,0
2025-05,,민간,민간임대,충북,0
2025-05,,민간,민간임대,충남,0
2025-05,,민간,민간임대,전북,500
2025-05,,민간,민간임대,전남,0
2025-05,,민간,민간임대,경북,0
2025-05,,민간,민간임대,경남,0
2025-05,,민간,민간임대,제주,0
2025-05,,민간,민간분양,전국,11938
2025-05,,민간,민간분양,서울,1529
2025-05,,민간,민간분양,인천,1138
2025-05,,민간,민간분양,경기,4458
2025-05,,민간,민간분양,부산,1094
2025-05,,민간,민간분양,대구,19
2025-05,,민간,민간분양,광주,6
2025-05,,민간,민간분양,대전,141
2025-05,,민간,민간분양,울산,28
2025-05,,민간,민간분양,세종,10
2025-05,,민간,민간분양,강원,222
2025-05,,민간,민간분양,충북,161
2025-05,,민간,민간분양,충남,197
2025-05,,민간,민간분양,전북,98
2025-05,,민간,민간분양,전남,233
2025-05,,민간,민간분양,경북,223
2025-05,,민간,민간분양,경남,2114
2025-05,,민간,민간분양,제주,267
2025-06,,총계,총계,전국,29102
2025-06,,총계,총계,서울,2085
2025-06,,총계,총계,인천,1117
2025-06,,총계,총계,경기,17218
2025-06,,총계,총계,부산,737
2025-06,,총계,총계,대구,10
2025-06,,총계,총계,광주,7
2025-06,,총계,총계,대전,10
2025-06,,총계,총계,울산,614
2025-06,,총계,총계,세종,1139
2025-06,,총계,총계,강원,452
2025-06,,총계,총계,충북,2572
2025-06,,총계,총계,충남,220
2025-06,,총계,총계,전북,136
2025-06,,총계,총계,전남,1180
2025-06,,총계,총계,경북,374
2025-06,,총계,총계,경남,997
2025-06,,총계,총계,제주,234
2025-06,,공공부문,소계,전국,8056
2025-06,,공공부문,소계,서울,75
2025-06,,공공부문,소계,인천,949
2025-06,,공공부문,소계,경기,6285
2025-06,,공공부문,소계,부산,516
2025-06,,공공부문,소계,대구,0
2025-06,,공공부문,소계,광주,0
2025-06,,공공부문,소계,대전,0
2025-06,,공공부문,소계,울산,231
2025-06,,공공부문,소계,세종,0
2025-06,,공공부문,소계,강원,0
2025-06,,공공부문,소계,충북,0
2025-06,,공공부문,소계,충남,0
2025-06,,공공부문,소계,전북,0
2025-06,,공공부문,소계,전남,0
2025-06,,공공부문,소계,경북,0
2025-06,,공공부문,소계,경남,0
2025-06,,공공부문,소계,제주,0
2025-06,,합,국민임대,전국,362
2025-06,,합,국민임대,서울,75
2025-06,,합,국민임대,인천,0
2025-06,,합,국민임대,경기,287
2025-06,,합,국민임대,부산,0
2025-06,,합,국민임대,대구,0
2025-06,,합,국민임대,광주,0
2025-06,,합,국민임대,대전,0
2025-06,,합,국민임대,울산,0
2025-06,,합,국민임대,세종,0
2025-06,,합,국민임대,강원,0
2025-06,,합,국민임대,충북,0
2025-06,,합,국민임대,충남,0
2025-06,,합,국민임대,전북,0
2025-06,,합,국민임대,전남,0
2025-06,,합,국민임대,경북,0
2025-06,,합,국민임대,경남,0
2025-06,,합,국민임대,제주,0
2025-06,,합,공공임대,전국,3109
2025-06,,합,공공임대,서울,0
2025-06,,합,공공임대,인천,0
2025-06,,합,공공임대,경기,2593
2025-06,,합,공공임대,부산,516
2025-06,,합,공공임대,대구,0
2025-06,,합,공공임대,광주,0
2025-06,,합,공공임대,대전,0
2025-06,,합,공공임대,울산,0
2025-06,,합,공공임대,세종,0
2025-06,,합,공공임대,강원,0
2025-06,,합,공공임대,충북,0
2025-06,,합,공공임대,충남,0
2025-06,,합,공공임대,전북,0
2025-06,,합,공공임대,전남,0
2025-06,,합,공공임대,경북,0
2025-06,,합,공공임대,경남,0
2025-06,,합,공공임대,제주,0
2025-06,,합,공공분양,전국,4585
2025-06,,합,공공분양,서울,0
2025-06,,합,공공분양,인천,949
2025-06,,합,공공분양,경기,3405
2025-06,,합,공공분양,부산,0
2025-06,,합,공공분양,대구,0
2025-06,,합,공공분양,광주,0
2025-06,,합,공공분양,대전,0
2025-06,,합,공공분양,울산,231
2025-06,,합,공공분양,세종,0
2025-06,,합,공공분양,강원,0
2025-06,,합,공공분양,충북,0
2025-06,,합,공공분양,충남,0
2025-06,,합,공공분양,전북,0
2025-06,,합,공공분양,전남,0
2025-06,,합,공공분양,경북,0
2025-06,,합,공공분양,경남,0
2025-06,,합,공공분양,제주,0
2025-06,,지자체,소계,전국,300
2025-06,,지자체,소계,서울,0
2025-06,,지자체,소계,인천,0
2025-06,,지자체,소계,경기,300
2025-06,,지자체,소계,부산,0
2025-06,,지자체,소계,대구,0
2025-06,,지자체,소계,광주,0
2025-06,,지자체,소계,대전,0
2025-06,,지자체,소계,울산,0
2025-06,,지자체,소계,세종,0
2025-06,,지자체,소계,강원,0
2025-06,,지자체,소계,충북,0
2025-06,,지자체,소계,충남,0
2025-06,,지자체,소계,전북,0
2025-06,,지자체,소계,전남,0
2025-06,,지자체,소계,경북,0
2025-06,,지자체,소계,경남,0
2025-06,,지자체,소계,제주,0
2025-06,,지자체,국민임대,전국,0
2025-06,,지자체,국민임대,서울,0
2025-06,,지자체,국민임대,인천,0
2025-06,,지자체,국민임대,경기,0
2025-06,,지자체,국민임대,부산,0
2025-06,,지자체,국민임대,대구,0
2025-06,,지자체,국민임대,광주,0
2025-06,,지자체,국민임대,대전,0
2025-06,,지자체,국민임대,울산,0
2025-06,,지자체,국민임대,세종,0
2025-06,,지자체,국민임대,강원,0
2025-06,,지자체,국민임대,충북,0
2025-06,,지자체,국민임대,충남,0
2025-06,,지자체,국민임대,전북,0
2025-06,,지자체,국민임대,전남,0
2025-06,,지자체,국민임대,경북,0
2025-06,,지자체,국민임대,경남,0
2025-06,,지자체,국민임대,제주,0
2025-06,,지자체,공공임대,전국,300
2025-06,,지자체,공공임대,서울,0
2025-06,,지자체,공공임대,인천,0
2025-06,,지자체,공공임대,경기,300
2025-06,,지자체,공공임대,부산,0
2025-06,,지자체,공공임대,대구,0
2025-06,,지자체,공공임대,광주,0
2025-06,,지자체,공공임대,대전,0
2025-06,,지자체,공공임대,울산,0
2025-06,,지자체,공공임대,세종,0
2025-06,,지자체,공공임대,강원,0
2025-06,,지자체,공공임대,충북,0
2025-06,,지자체,공공임대,충남,0
2025-06,,지자체,공공임대,전북,0
2025-06,,지자체,공공임대,전남,0
2025-06,,지자체,공공임대,경북,0
2025-06,,지자체,공공임대,경남,0
2025-06,,지자체,공공임대,제주,0
2025-06,,지자체,공공분양,전국,0
2025-06,,지자체,공공분양,서울,0
2025-06,,지자체,공공분양,인천,0
2025-06,,지자체,공공분양,경기,0
2025-06,,지자체,공공분양,부산,0
2025-06,,지자체,공공분양,대구,0
2025-06,,지자체,공공분양,광주,0
2025-06,,지자체,공공분양,대전,0
2025-06,,지자체,공공분양,울산,0
2025-06,,지자체,공공분양,세종,0
2025-06,,지자체,공공분양,강원,0
2025-06,,지자체,공공분양,충북,0
2025-06,,지자체,공공분양,충남,0
2025-06,,지자체,공공분양,전북,0
2025-06,,지자체,공공분양,전남,0
2025-06,,지자체,공공분양,경북,0
2025-06,,지자체,공공분양,경남,0
2025-06,,지자체,공공분양,제주,0
2025-06,,LH,소계,전국,7416
2025-06,,LH,소계,서울,0
2025-06,,LH,소계,인천,949
2025-06,,LH,소계,경기,5951
2025-06,,LH,소계,부산,516
2025-06,,LH,소계,대구,0
2025-06,,LH,소계,광주,0
2025-06,,LH,소계,대전,0
2025-06,,LH,소계,울산,0
2025-06,,LH,소계,세종,0
2025-06,,LH,소계,강원,0
2025-06,,LH,소계,충북,0
2025-06,,LH,소계,충남,0
2025-06,,LH,소계,전북,0
2025-06,,LH,소계,전남,0
2025-06,,LH,소계,경북,0
2025-06,,LH,소계,경남,0
2025-06,,LH,소계,제주,0
2025-06,,LH,국민임대,전국,253
2025-06,,LH,국민임대,서울,0
2025-06,,LH,국민임대,인천,0
2025-06,,LH,국민임대,경기,253
2025-06,,LH,국민임대,부산,0
2025-06,,LH,국민임대,대구,0
2025-06,,LH,국민임대,광주,0
2025-06,,LH,국민임대,대전,0
2025-06,,LH,국민임대,울산,0
2025-06,,LH,국민임대,세종,0
2025-06,,LH,국민임대,강원,0
2025-06,,LH,국민임대,충북,0
2025-06,,LH,국민임대,충남,0
2025-06,,LH,국민임대,전북,0
2025-06,,LH,국민임대,전남,0
2025-06,,LH,국민임대,경북,0
2025-06,,LH,국민임대,경남,0
2025-06,,LH,국민임대,제주,0
2025-06,,LH,공공임대,전국,2809
2025-06,,LH,공공임대,서울,0
2025-06,,LH,공공임대,인천,0
2025-06,,LH,공공임대,경기,2293
2025-06,,LH,공공임대,부산,516
2025-06,,LH,공공임대,대구,0
2025-06,,LH,공공임대,광주,0
2025-06,,LH,공공임대,대전,0
2025-06,,LH,공공임대,울산,0
2025-06,,LH,공공임대,세종,0
2025-06,,LH,공공임대,강원,0
2025-06,,LH,공공임대,충북,0
2025-06,,LH,공공임대,충남,0
2025-06,,LH,공공임대,전북,0
2025-06,,LH,공공임대,전남,0
2025-06,,LH,공공임대,경북,0
2025-06,,LH,공공임대,경남,0
2025-06,,LH,공공임대,제주,0
2025-06,,LH,공공분양,전국,4354
2025-06,,LH,공공분양,서울,0
2025-06,,LH,공공분양,인천,949
2025-06,,LH,공공분양,경기,3405
2025-06,,LH,공공분양,부산,0
2025-06,,LH,공공분양,대구,0
2025-06,,LH,공공분양,광주,0
2025-06,,LH,공공분양,대전,0
2025-06,,LH,공공분양,울산,0
2025-06,,LH,공공분양,세종,0
2025-06,,LH,공공분양,강원,0
2025-06,,LH,공공분양,충북,0
2025-06,,LH,공공분양,충남,0
2025-06,,LH,공공분양,전북,0
2025-06,,LH,공공분양,전남,0
2025-06,,LH,공공분양,경북,0
2025-06,,LH,공공분양,경남,0
2025-06,,LH,공공분양,제주,0
2025-06,,주택업체,소계,전국,340
2025-06,,주택업체,소계,서울,75
2025-06,,주택업체,소계,인천,0
2025-06,,주택업체,소계,경기,34
2025-06,,주택업체,소계,부산,0
2025-06,,주택업체,소계,대구,0
2025-06,,주택업체,소계,광주,0
2025-06,,주택업체,소계,대전,0
2025-06,,주택업체,소계,울산,231
2025-06,,주택업체,소계,세종,0
2025-06,,주택업체,소계,강원,0
2025-06,,주택업체,소계,충북,0
2025-06,,주택업체,소계,충남,0
2025-06,,주택업체,소계,전북,0
2025-06,,주택업체,소계,전남,0
2025-06,,주택업체,소계,경북,0
2025-06,,주택업체,소계,경남,0
2025-06,,주택업체,소계,제주,0
2025-06,,주택업체,국민임대,전국,109
2025-06,,주택업체,국민임대,서울,75
2025-06,,주택업체,국민임대,인천,0
2025-06,,주택업체,국민임대,경기,34
2025-06,,주택업체,국민임대,부산,0
2025-06,,주택업체,국민임대,대구,0
2025-06,,주택업체,국민임대,광주,0
2025-06,,주택업체,국민임대,대전,0
2025-06,,주택업체,국민임대,울산,0
2025-06,,주택업체,국민임대,세종,0
2025-06,,주택업체,국민임대,강원,0
2025-06,,주택업체,국민임대,충북,0
2025-06,,주택업체,국민임대,충남,0
2025-06,,주택업체,국민임대,전북,0
2025-06,,주택업체,국민임대,전남,0
2025-06,,주택업체,국민임대,경북,0
2025-06,,주택업체,국민임대,경남,0
2025-06,,주택업체,국민임대,제주,0
2025-06,,주택업체,공공임대,전국,0
2025-06,,주택업체,공공임대,서울,0
2025-06,,주택업체,공공임대,인천,0
2025-06,,주택업체,공공임대,경기,0
2025-06,,주택업체,공공임대,부산,0
2025-06,,주택업체,공공임대,대구,0
2025-06,,주택업체,공공임대,광주,0
2025-06,,주택업체,공공임대,대전,0
2025-06,,주택업체,공공임대,울산,0
2025-06,,주택업체,공공임대,세종,0
2025-06,,주택업체,공공임대,강원,0
2025-06,,주택업체,공공임대,충북,0
2025-06,,주택업체,공공임대,충남,0
2025-06,,주택업체,공공임대,전북,0
2025-06,,주택업체,공공임대,전남,0
2025-06,,주택업체,공공임대,경북,0
2025-06,,주택업체,공공임대,경남,0
2025-06,,주택업체,공공임대,제주,0
2025-06,,주택업체,공공분양,전국,231
2025-06,,주택업체,공공분양,서울,0
2025-06,,주택업체,공공분양,인천,0
2025-06,,주택업체,공공분양,경기,0
2025-06,,주택업체,공공분양,부산,0
2025-06,,주택업체,공공분양,대구,0
2025-06,,주택업체,공공분양,광주,0
2025-06,,주택업체,공공분양,대전,0
2025-06,,주택업체,공공분양,울산,231
2025-06,,주택업체,공공분양,세종,0
2025-06,,주택업체,공공분양,강원,0
2025-06,,주택업체,공공분양,충북,0
2025-06,,주택업체,공공분양,충남,0
2025-06,,주택업체,공공분양,전북,0
2025-06,,주택업체,공공분양,전남,0
2025-06,,주택업체,공공분양,경북,0
2025-06,,주택업체,공공분양,경남,0
2025-06,,주택업체,공공분양,제주,0
2025-06,,민간부문,소계,전국,21046
2025-06,,민간부문,소계,서울,2010
2025-06,,민간부문,소계,인천,168
2025-06,,민간부문,소계,경기,10933
2025-06,,민간부문,소계,부산,221
2025-06,,민간부문,소계,대구,10
2025-06,,민간부문,소계,광주,7
2025-06,,민간부문,소계,대전,10
2025-06,,민간부문,소계,울산,383
2025-06,,민간부문,소계,세종,1139
2025-06,,민간부문,소계,강원,452
2025-06,,민간부문,소계,충북,2572
2025-06,,민간부문,소계,충남,220
2025-06,,민간부문,소계,전북,136
2025-06,,민간부문,소계,전남,1180
2025-06,,민간부문,소계,경북,374
2025-06,,민간부문,소계,경남,997
2025-06,,민간부문,소계,제주,234
2025-06,,민간,민간임대,전국,3022
2025-06,,민간,민간임대,서울,262
2025-06,,민간,민간임대,인천,0
2025-06,,민간,민간임대,경기,196
2025-06,,민간,민간임대,부산,0
2025-06,,민간,민간임대,대구,0
2025-06,,민간,민간임대,광주,0
2025-06,,민간,민간임대,대전,0
2025-06,,민간,민간임대,울산,48
2025-06,,민간,민간임대,세종,1110
2025-06,,민간,민간임대,강원,251
2025-06,,민간,민간임대,충북,793
2025-06,,민간,민간임대,충남,0
2025-06,,민간,민간임대,전북,0
2025-06,,민간,민간임대,전남,362
2025-06,,민간,민간임대,경북,0
2025-06,,민간,민간임대,경남,0
2025-06,,민간,민간임대,제주,0
2025-06,,민간,민간분양,전국,18024
2025-06,,민간,민간분양,서울,1748
2025-06,,민간,민간분양,인천,168
2025-06,,민간,민간분양,경기,10737
2025-06,,민간,민간분양,부산,221
2025-06,,민간,민간분양,대구,10
2025-06,,민간,민간분양,광주,7
2025-06,,민간,민간분양,대전,10
2025-06,,민간,민간분양,울산,335
2025-06,,민간,민간분양,세종,29
2025-06,,민간,민간분양,강원,201
2025-06,,민간,민간분양,충북,1779
2025-06,,민간,민간분양,충남,220
2025-06,,민간,민간분양,전북,136
2025-06,,민간,민간분양,전남,818
2025-06,,민간,민간분양,경북,374
2025-06,,민간,민간분양,경남,997
2025-06,,민간,민간분양,제주,234
2025-07,,총계,총계,전국,22009
2025-07,,총계,총계,서울,647
2025-07,,총계,총계,인천,96
2025-07,,총계,총계,경기,9967
2025-07,,총계,총계,부산,3131
2025-07,,총계,총계,대구,322
2025-07,,총계,총계,광주,11
2025-07,,총계,총계,대전,7
2025-07,,총계,총계,울산,14
2025-07,,총계,총계,세종,15
2025-07,,총계,총계,강원,805
2025-07,,총계,총계,충북,2657
2025-07,,총계,총계,충남,183
2025-07,,총계,총계,전북,1557
2025-07,,총계,총계,전남,257
2025-07,,총계,총계,경북,676
2025-07,,총계,총계,경남,1556
2025-07,,총계,총계,제주,108
2025-07,,공공부문,소계,전국,2046
2025-07,,공공부문,소계,서울,0
2025-07,,공공부문,소계,인천,0
2025-07,,공공부문,소계,경기,190
2025-07,,공공부문,소계,부산,1370
2025-07,,공공부문,소계,대구,304
2025-07,,공공부문,소계,광주,0
2025-07,,공공부문,소계,대전,0
2025-07,,공공부문,소계,울산,0
2025-07,,공공부문,소계,세종,0
2025-07,,공공부문,소계,강원,0
2025-07,,공공부문,소계,충북,0
2025-07,,공공부문,소계,충남,0
2025-07,,공공부문,소계,전북,120
2025-07,,공공부문,소계,전남,62
2025-07,,공공부문,소계,경북,0
2025-07,,공공부문,소계,경남,0
2025-07,,공공부문,소계,제주,0
2025-07,,합,국민임대,전국,0
2025-07,,합,국민임대,서울,0
2025-07,,합,국민임대,인천,0
2025-07,,합,국민임대,경기,0
2025-07,,합,국민임대,부산,0
2025-07,,합,국민임대,대구,0
2025-07,,합,국민임대,광주,0
2025-07,,합,국민임대,대전,0
2025-07,,합,국민임대,울산,0
2025-07,,합,국민임대,세종,0
2025-07,,합,국민임대,강원,0
2025-07,,합,국민임대,충북,0
2025-07,,합,국민임대,충남,0
2025-07,,합,국민임대,전북,0
2025-07,,합,국민임대,전남,0
2025-07,,합,국민임대,경북,0
2025-07,,합,국민임대,경남,0
2025-07,,합,국민임대,제주,0
2025-07,,합,공공임대,전국,446
2025-07,,합,공공임대,서울,0
2025-07,,합,공공임대,인천,0
2025-07,,합,공공임대,경기,190
2025-07,,합,공공임대,부산,0
2025-07,,합,공공임대,대구,74
2025-07,,합,공공임대,광주,0
2025-07,,합,공공임대,대전,0
2025-07,,합,공공임대,울산,0
2025-07,,합,공공임대,세종,0
2025-07,,합,공공임대,강원,0
2025-07,,합,공공임대,충북,0
2025-07,,합,공공임대,충남,0
2025-07,,합,공공임대,전북,120
2025-07,,합,공공임대,전남,62
2025-07,,합,공공임대,경북,0
2025-07,,합,공공임대,경남,0
2025-07,,합,공공임대,제주,0
2025-07,,합,공공분양,전국,1600
2025-07,,합,공공분양,서울,0
2025-07,,합,공공분양,인천,0
2025-07,,합,공공분양,경기,0
2025-07,,합,공공분양,부산,1370
2025-07,,합,공공분양,대구,230
2025-07,,합,공공분양,광주,0
2025-07,,합,공공분양,대전,0
2025-07,,합,공공분양,울산,0
2025-07,,합,공공분양,세종,0
2025-07,,합,공공분양,강원,0
2025-07,,합,공공분양,충북,0
2025-07,,합,공공분양,충남,0
2025-07,,합,공공분양,전북,0
2025-07,,합,공공분양,전남,0
2025-07,,합,공공분양,경북,0
2025-07,,합,공공분양,경남,0
2025-07,,합,공공분양,제주,0
2025-07,,지자체,소계,전국,1552
2025-07,,지자체,소계,서울,0
2025-07,,지자체,소계,인천,0
2025-07,,지자체,소계,경기,0
2025-07,,지자체,소계,부산,1370
2025-07,,지자체,소계,대구,0
2025-07,,지자체,소계,광주,0
2025-07,,지자체,소계,대전,0
2025-07,,지자체,소계,울산,0
2025-07,,지자체,소계,세종,0
2025-07,,지자체,소계,강원,0
2025-07,,지자체,소계,충북,0
2025-07,,지자체,소계,충남,0
2025-07,,지자체,소계,전북,120
2025-07,,지자체,소계,전남,62
2025-07,,지자체,소계,경북,0
2025-07,,지자체,소계,경남,0
2025-07,,지자체,소계,제주,0
2025-07,,지자체,국민임대,전국,0
2025-07,,지자체,국민임대,서울,0
2025-07,,지자체,국민임대,인천,0
2025-07,,지자체,국민임대,경기,0
2025-07,,지자체,국민임대,부산,0
2025-07,,지자체,국민임대,대구,0
2025-07,,지자체,국민임대,광주,0
2025-07,,지자체,국민임대,대전,0
2025-07,,지자체,국민임대,울산,0
2025-07,,지자체,국민임대,세종,0
2025-07,,지자체,국민임대,강원,0
2025-07,,지자체,국민임대,충북,0
2025-07,,지자체,국민임대,충남,0
2025-07,,지자체,국민임대,전북,0
2025-07,,지자체,국민임대,전남,0
2025-07,,지자체,국민임대,경북,0
2025-07,,지자체,국민임대,경남,0
2025-07,,지자체,국민임대,제주,0
2025-07,,지자체,공공임대,전국,182
2025-07,,지자체,공공임대,서울,0
2025-07,,지자체,공공임대,인천,0
2025-07,,지자체,공공임대,경기,0
2025-07,,지자체,공공임대,부산,0
2025-07,,지자체,공공임대,대구,0
2025-07,,지자체,공공임대,광주,0
2025-07,,지자체,공공임대,대전,0
2025-07,,지자체,공공임대,울산,0
2025-07,,지자체,공공임대,세종,0
2025-07,,지자체,공공임대,강원,0
2025-07,,지자체,공공임대,충북,0
2025-07,,지자체,공공임대,충남,0
2025-07,,지자체,공공임대,전북,120
2025-07,,지자체,공공임대,전남,62
2025-07,,지자체,공공임대,경북,0
2025-07,,지자체,공공임대,경남,0
2025-07,,지자체,공공임대,제주,0
2025-07,,지자체,공공분양,전국,1370
2025-07,,지자체,공공분양,서울,0
2025-07,,지자체,공공분양,인천,0
2025-07,,지자체,공공분양,경기,0
2025-07,,지자체,공공분양,부산,1370
2025-07,,지자체,공공분양,대구,0
2025-07,,지자체,공공분양,광주,0
2025-07,,지자체,공공분양,대전,0
2025-07,,지자체,공공분양,울산,0
2025-07,,지자체,공공분양,세종,0
2025-07,,지자체,공공분양,강원,0
2025-07,,지자체,공공분양,충북,0
2025-07,,지자체,공공분양,충남,0
2025-07,,지자체,공공분양,전북,0
2025-07,,지자체,공공분양,전남,0
2025-07,,지자체,공공분양,경북,0
2025-07,,지자체,공공분양,경남,0
2025-07,,지자체,공공분양,제주,0
2025-07,,LH,소계,전국,304
2025-07,,LH,소계,서울,0
2025-07,,LH,소계,인천,0
2025-07,,LH,소계,경기,0
2025-07,,LH,소계,부산,0
2025-07,,LH,소계,대구,304
2025-07,,LH,소계,광주,0
2025-07,,LH,소계,대전,0
2025-07,,LH,소계,울산,0
2025-07,,LH,소계,세종,0
2025-07,,LH,소계,강원,0
2025-07,,LH,소계,충북,0
2025-07,,LH,소계,충남,0
2025-07,,LH,소계,전북,0
2025-07,,LH,소계,전남,0
2025-07,,LH,소계,경북,0
2025-07,,LH,소계,경남,0
2025-07,,LH,소계,제주,0
2025-07,,LH,국민임대,전국,0
2025-07,,LH,국민임대,서울,0
2025-07,,LH,국민임대,인천,0
2025-07,,LH,국민임대,경기,0
2025-07,,LH,국민임대,부산,0
2025-07,,LH,국민임대,대구,0
2025-07,,LH,국민임대,광주,0
2025-07,,LH,국민임대,대전,0
2025-07,,LH,국민임대,울산,0
2025-07,,LH,국민임대,세종,0
2025-07,,LH,국민임대,강원,0
2025-07,,LH,국민임대,충북,0
2025-07,,LH,국민임대,충남,0
2025-07,,LH,국민임대,전북,0
2025-07,,LH,국민임대,전남,0
2025-07,,LH,국민임대,경북,0
2025-07,,LH,국민임대,경남,0
2025-07,,LH,국민임대,제주,0
2025-07,,LH,공공임대,전국,74
2025-07,,LH,공공임대,서울,0
2025-07,,LH,공공임대,인천,0
2025-07,,LH,공공임대,경기,0
2025-07,,LH,공공임대,부산,0
2025-07,,LH,공공임대,대구,74
2025-07,,LH,공공임대,광주,0
2025-07,,LH,공공임대,대전,0
2025-07,,LH,공공임대,울산,0
2025-07,,LH,공공임대,세종,0
2025-07,,LH,공공임대,강원,0
2025-07,,LH,공공임대,충북,0
2025-07,,LH,공공임대,충남,0
2025-07,,LH,공공임대,전북,0
2025-07,,LH,공공임대,전남,0
2025-07,,LH,공공임대,경북,0
2025-07,,LH,공공임대,경남,0
2025-07,,LH,공공임대,제주,0
2025-07,,LH,공공분양,전국,230
2025-07,,LH,공공분양,서울,0
2025-07,,LH,공공분양,인천,0
2025-07,,LH,공공분양,경기,0
2025-07,,LH,공공분양,부산,0
2025-07,,LH,공공분양,대구,230
2025-07,,LH,공공분양,광주,0
2025-07,,LH,공공분양,대전,0
2025-07,,LH,공공분양,울산,0
2025-07,,LH,공공분양,세종,0
2025-07,,LH,공공분양,강원,0
2025-07,,LH,공공분양,충북,0
2025-07,,LH,공공분양,충남,0
2025-07,,LH,공공분양,전북,0
2025-07,,LH,공공분양,전남,0
2025-07,,LH,공공분양,경북,0
2025-07,,LH,공공분양,경남,0
2025-07,,LH,공공분양,제주,0
2025-07,,주택업체,소계,전국,190
2025-07,,주택업체,소계,서울,0
2025-07,,주택업체,소계,인천,0
2025-07,,주택업체,소계,경기,190
2025-07,,주택업체,소계,부산,0
2025-07,,주택업체,소계,대구,0
2025-07,,주택업체,소계,광주,0
2025-07,,주택업체,소계,대전,0
2025-07,,주택업체,소계,울산,0
2025-07,,주택업체,소계,세종,0
2025-07,,주택업체,소계,강원,0
2025-07,,주택업체,소계,충북,0
2025-07,,주택업체,소계,충남,0
2025-07,,주택업체,소계,전북,0
2025-07,,주택업체,소계,전남,0
2025-07,,주택업체,소계,경북,0
2025-07,,주택업체,소계,경남,0
2025-07,,주택업체,소계,제주,0
2025-07,,주택업체,국민임대,전국,0
2025-07,,주택업체,국민임대,서울,0
2025-07,,주택업체,국민임대,인천,0
2025-07,,주택업체,국민임대,경기,0
2025-07,,주택업체,국민임대,부산,0
2025-07,,주택업체,국민임대,대구,0
2025-07,,주택업체,국민임대,광주,0
2025-07,,주택업체,국민임대,대전,0
2025-07,,주택업체,국민임대,울산,0
2025-07,,주택업체,국민임대,세종,0
2025-07,,주택업체,국민임대,강원,0
2025-07,,주택업체,국민임대,충북,0
2025-07,,주택업체,국민임대,충남,0
2025-07,,주택업체,국민임대,전북,0
2025-07,,주택업체,국민임대,전남,0
2025-07,,주택업체,국민임대,경북,0
2025-07,,주택업체,국민임대,경남,0
2025-07,,주택업체,국민임대,제주,0
2025-07,,주택업체,공공임대,전국,190
2025-07,,주택업체,공공임대,서울,0
2025-07,,주택업체,공공임대,인천,0
2025-07,,주택업체,공공임대,경기,190
2025-07,,주택업체,공공임대,부산,0
2025-07,,주택업체,공공임대,대구,0
2025-07,,주택업체,공공임대,광주,0
2025-07,,주택업체,공공임대,대전,0
2025-07,,주택업체,공공임대,울산,0
2025-07,,주택업체,공공임대,세종,0
2025-07,,주택업체,공공임대,강원,0
2025-07,,주택업체,공공임대,충북,0
2025-07,,주택업체,공공임대,충남,0
2025-07,,주택업체,공공임대,전북,0
2025-07,,주택업체,공공임대,전남,0
2025-07,,주택업체,공공임대,경북,0
2025-07,,주택업체,공공임대,경남,0
2025-07,,주택업체,공공임대,제주,0
2025-07,,주택업체,공공분양,전국,0
2025-07,,주택업체,공공분양,서울,0
2025-07,,주택업체,공공분양,인천,0
2025-07,,주택업체,공공분양,경기,0
2025-07,,주택업체,공공분양,부산,0
2025-07,,주택업체,공공분양,대구,0
2025-07,,주택업체,공공분양,광주,0
2025-07,,주택업체,공공분양,대전,0
2025-07,,주택업체,공공분양,울산,0
2025-07,,주택업체,공공분양,세종,0
2025-07,,주택업체,공공분양,강원,0
2025-07,,주택업체,공공분양,충북,0
2025-07,,주택업체,공공분양,충남,0
2025-07,,주택업체,공공분양,전북,0
2025-07,,주택업체,공공분양,전남,0
2025-07,,주택업체,공공분양,경북,0
2025-07,,주택업체,공공분양,경남,0
2025-07,,주택업체,공공분양,제주,0
2025-07,,민간부문,소계,전국,19963
2025-07,,민간부문,소계,서울,647
2025-07,,민간부문,소계,인천,96
2025-07,,민간부문,소계,경기,9777
2025-07,,민간부문,소계,부산,1761
2025-07,,민간부문,소계,대구,18
2025-07,,민간부문,소계,광주,11
2025-07,,민간부문,소계,대전,7
2025-07,,민간부문,소계,울산,14
2025-07,,민간부문,소계,세종,15
2025-07,,민간부문,소계,강원,805
2025-07,,민간부문,소계,충북,2657
2025-07,,민간부문,소계,충남,183
2025-07,,민간부문,소계,전북,1437
2025-07,,민간부문,소계,전남,195
2025-07,,민간부문,소계,경북,676
2025-07,,민간부문,소계,경남,1556
2025-07,,민간부문,소계,제주,108
2025-07,,민간,민간임대,전국,3052
2025-07,,민간,민간임대,서울,0
2025-07,,민간,민간임대,인천,0
2025-07,,민간,민간임대,경기,2210
2025-07,,민간,민간임대,부산,0
2025-07,,민간,민간임대,대구,0
2025-07,,민간,민간임대,광주,0
2025-07,,민간,민간임대,대전,0
2025-07,,민간,민간임대,울산,0
2025-07,,민간,민간임대,세종,0
2025-07,,민간,민간임대,강원,0
2025-07,,민간,민간임대,충북,0
2025-07,,민간,민간임대,충남,0
2025-07,,민간,민간임대,전북,402
2025-07,,민간,민간임대,전남,0
2025-07,,민간,민간임대,경북,0
2025-07,,민간,민간임대,경남,440
2025-07,,민간,민간임대,제주,0
2025-07,,민간,민간분양,전국,16911
2025-07,,민간,민간분양,서울,647
2025-07,,민간,민간분양,인천,96
2025-07,,민간,민간분양,경기,7567
2025-07,,민간,민간분양,부산,1761
2025-07,,민간,민간분양,대구,18
2025-07,,민간,민간분양,광주,11
2025-07,,민간,민간분양,대전,7
2025-07,,민간,민간분양,울산,14
2025-07,,민간,민간분양,세종,15
2025-07,,민간,민간분양,강원,805
2025-07,,민간,민간분양,충북,2657
2025-07,,민간,민간분양,충남,183
2025-07,,민간,민간분양,전북,1035
2025-07,,민간,민간분양,전남,195
2025-07,,민간,민간분양,경북,676
2025-07,,민간,민간분양,경남,1116
2025-07,,민간,민간분양,제주,108
2025-08,,총계,총계,전국,16483
2025-08,,총계,총계,서울,1023
2025-08,,총계,총계,인천,104
2025-08,,총계,총계,경기,7869
2025-08,,총계,총계,부산,8
2025-08,,총계,총계,대구,17
2025-08,,총계,총계,광주,250
2025-08,,총계,총계,대전,1134
2025-08,,총계,총계,울산,213
2025-08,,총계,총계,세종,58
2025-08,,총계,총계,강원,1524
2025-08,,총계,총계,충북,1064
2025-08,,총계,총계,충남,1664
2025-08,,총계,총계,전북,86
2025-08,,총계,총계,전남,990
2025-08,,총계,총계,경북,278
2025-08,,총계,총계,경남,118
2025-08,,총계,총계,제주,83
2025-08,,공공부문,소계,전국,1142
2025-08,,공공부문,소계,서울,355
2025-08,,공공부문,소계,인천,0
2025-08,,공공부문,소계,경기,747
2025-08,,공공부문,소계,부산,0
2025-08,,공공부문,소계,대구,0
2025-08,,공공부문,소계,광주,0
2025-08,,공공부문,소계,대전,0
2025-08,,공공부문,소계,울산,0
2025-08,,공공부문,소계,세종,0
2025-08,,공공부문,소계,강원,0
2025-08,,공공부문,소계,충북,0
2025-08,,공공부문,소계,충남,0
2025-08,,공공부문,소계,전북,0
2025-08,,공공부문,소계,전남,40
2025-08,,공공부문,소계,경북,0
2025-08,,공공부문,소계,경남,0
2025-08,,공공부문,소계,제주,0
2025-08,,합,국민임대,전국,0
2025-08,,합,국민임대,서울,0
2025-08,,합,국민임대,인천,0
2025-08,,합,국민임대,경기,0
2025-08,,합,국민임대,부산,0
2025-08,,합,국민임대,대구,0
2025-08,,합,국민임대,광주,0
2025-08,,합,국민임대,대전,0
2025-08,,합,국민임대,울산,0
2025-08,,합,국민임대,세종,0
2025-08,,합,국민임대,강원,0
2025-08,,합,국민임대,충북,0
2025-08,,합,국민임대,충남,0
2025-08,,합,국민임대,전북,0
2025-08,,합,국민임대,전남,0
2025-08,,합,국민임대,경북,0
2025-08,,합,국민임대,경남,0
2025-08,,합,국민임대,제주,0
2025-08,,합,공공임대,전국,1142
2025-08,,합,공공임대,서울,355
2025-08,,합,공공임대,인천,0
2025-08,,합,공공임대,경기,747
2025-08,,합,공공임대,부산,0
2025-08,,합,공공임대,대구,0
2025-08,,합,공공임대,광주,0
2025-08,,합,공공임대,대전,0
2025-08,,합,공공임대,울산,0
2025-08,,합,공공임대,세종,0
2025-08,,합,공공임대,강원,0
2025-08,,합,공공임대,충북,0
2025-08,,합,공공임대,충남,0
2025-08,,합,공공임대,전북,0
2025-08,,합,공공임대,전남,40
2025-08,,합,공공임대,경북,0
2025-08,,합,공공임대,경남,0
2025-08,,합,공공임대,제주,0
2025-08,,합,공공분양,전국,0
2025-08,,합,공공분양,서울,0
2025-08,,합,공공분양,인천,0
2025-08,,합,공공분양,경기,0
2025-08,,합,공공분양,부산,0
2025-08,,합,공공분양,대구,0
2025-08,,합,공공분양,광주,0
2025-08,,합,공공분양,대전,0
2025-08,,합,공공분양,울산,0
2025-08,,합,공공분양,세종,0
2025-08,,합,공공분양,강원,0
2025-08,,합,공공분양,충북,0
2025-08,,합,공공분양,충남,0
2025-08,,합,공공분양,전북,0
2025-08,,합,공공분양,전남,0
2025-08,,합,공공분양,경북,0
2025-08,,합,공공분양,경남,0
2025-08,,합,공공분양,제주,0
2025-08,,지자체,소계,전국,136
2025-08,,지자체,소계,서울,96
2025-08,,지자체,소계,인천,0
2025-08,,지자체,소계,경기,0
2025-08,,지자체,소계,부산,0
2025-08,,지자체,소계,대구,0
2025-08,,지자체,소계,광주,0
2025-08,,지자체,소계,대전,0
2025-08,,지자체,소계,울산,0
2025-08,,지자체,소계,세종,0
2025-08,,지자체,소계,강원,0
2025-08,,지자체,소계,충북,0
2025-08,,지자체,소계,충남,0
2025-08,,지자체,소계,전북,0
2025-08,,지자체,소계,전남,40
2025-08,,지자체,소계,경북,0
2025-08,,지자체,소계,경남,0
2025-08,,지자체,소계,제주,0
2025-08,,지자체,국민임대,전국,0
2025-08,,지자체,국민임대,서울,0
2025-08,,지자체,국민임대,인천,0
2025-08,,지자체,국민임대,경기,0
2025-08,,지자체,국민임대,부산,0
2025-08,,지자체,국민임대,대구,0
2025-08,,지자체,국민임대,광주,0
2025-08,,지자체,국민임대,대전,0
2025-08,,지자체,국민임대,울산,0
2025-08,,지자체,국민임대,세종,0
2025-08,,지자체,국민임대,강원,0
2025-08,,지자체,국민임대,충북,0
2025-08,,지자체,국민임대,충남,0
2025-08,,지자체,국민임대,전북,0
2025-08,,지자체,국민임대,전남,0
2025-08,,지자체,국민임대,경북,0
2025-08,,지자체,국민임대,경남,0
2025-08,,지자체,국민임대,제주,0
2025-08,,지자체,공공임대,전국,136
2025-08,,지자체,공공임대,서울,96
2025-08,,지자체,공공임대,인천,0
2025-08,,지자체,공공임대,경기,0
2025-08,,지자체,공공임대,부산,0
2025-08,,지자체,공공임대,대구,0
2025-08,,지자체,공공임대,광주,0
2025-08,,지자체,공공임대,대전,0
2025-08,,지자체,공공임대,울산,0
2025-08,,지자체,공공임대,세종,0
2025-08,,지자체,공공임대,강원,0
2025-08,,지자체,공공임대,충북,0
2025-08,,지자체,공공임대,충남,0
2025-08,,지자체,공공임대,전북,0
2025-08,,지자체,공공임대,전남,40
2025-08,,지자체,공공임대,경북,0
2025-08,,지자체,공공임대,경남,0
2025-08,,지자체,공공임대,제주,0
2025-08,,지자체,공공분양,전국,0
2025-08,,지자체,공공분양,서울,0
2025-08,,지자체,공공분양,인천,0
2025-08,,지자체,공공분양,경기,0
2025-08,,지자체,공공분양,부산,0
2025-08,,지자체,공공분양,대구,0
2025-08,,지자체,공공분양,광주,0
2025-08,,지자체,공공분양,대전,0
2025-08,,지자체,공공분양,울산,0
2025-08,,지자체,공공분양,세종,0
2025-08,,지자체,공공분양,강원,0
2025-08,,지자체,공공분양,충북,0
2025-08,,지자체,공공분양,충남,0
2025-08,,지자체,공공분양,전북,0
2025-08,,지자체,공공분양,전남,0
2025-08,,지자체,공공분양,경북,0
2025-08,,지자체,공공분양,경남,0
2025-08,,지자체,공공분양,제주,0
2025-08,,LH,소계,전국,747
2025-08,,LH,소계,서울,0
2025-08,,LH,소계,인천,0
2025-08,,LH,소계,경기,747
2025-08,,LH,소계,부산,0
2025-08,,LH,소계,대구,0
2025-08,,LH,소계,광주,0
2025-08,,LH,소계,대전,0
2025-08,,LH,소계,울산,0
2025-08,,LH,소계,세종,0
2025-08,,LH,소계,강원,0
2025-08,,LH,소계,충북,0
2025-08,,LH,소계,충남,0
2025-08,,LH,소계,전북,0
2025-08,,LH,소계,전남,0
2025-08,,LH,소계,경북,0
2025-08,,LH,소계,경남,0
2025-08,,LH,소계,제주,0
2025-08,,LH,국민임대,전국,0
2025-08,,LH,국민임대,서울,0
2025-08,,LH,국민임대,인천,0
2025-08,,LH,국민임대,경기,0
2025-08,,LH,국민임대,부산,0
2025-08,,LH,국민임대,대구,0
2025-08,,LH,국민임대,광주,0
2025-08,,LH,국민임대,대전,0
2025-08,,LH,국민임대,울산,0
2025-08,,LH,국민임대,세종,0
2025-08,,LH,국민임대,강원,0
2025-08,,LH,국민임대,충북,0
2025-08,,LH,국민임대,충남,0
2025-08,,LH,국민임대,전북,0
2025-08,,LH,국민임대,전남,0
2025-08,,LH,국민임대,경북,0
2025-08,,LH,국민임대,경남,0
2025-08,,LH,국민임대,제주,0
2025-08,,LH,공공임대,전국,747
2025-08,,LH,공공임대,서울,0
2025-08,,LH,공공임대,인천,0
2025-08,,LH,공공임대,경기,747
2025-08,,LH,공공임대,부산,0
2025-08,,LH,공공임대,대구,0
2025-08,,LH,공공임대,광주,0
2025-08,,LH,공공임대,대전,0
2025-08,,LH,공공임대,울산,0
2025-08,,LH,공공임대,세종,0
2025-08,,LH,공공임대,강원,0
2025-08,,LH,공공임대,충북,0
2025-08,,LH,공공임대,충남,0
2025-08,,LH,공공임대,전북,0
2025-08,,LH,공공임대,전남,0
2025-08,,LH,공공임대,경북,0
2025-08,,LH,공공임대,경남,0
2025-08,,LH,공공임대,제주,0
2025-08,,LH,공공분양,전국,0
2025-08,,LH,공공분양,서울,0
2025-08,,LH,공공분양,인천,0
2025-08,,LH,공공분양,경기,0
2025-08,,LH,공공분양,부산,0
2025-08,,LH,공공분양,대구,0
2025-08,,LH,공공분양,광주,0
2025-08,,LH,공공분양,대전,0
2025-08,,LH,공공분양,울산,0
2025-08,,LH,공공분양,세종,0
2025-08,,LH,공공분양,강원,0
2025-08,,LH,공공분양,충북,0
2025-08,,LH,공공분양,충남,0
2025-08,,LH,공공분양,전북,0
2025-08,,LH,공공분양,전남,0
2025-08,,LH,공공분양,경북,0
2025-08,,LH,공공분양,경남,0
2025-08,,LH,공공분양,제주,0
2025-08,,주택업체,소계,전국,259
2025-08,,주택업체,소계,서울,259
2025-08,,주택업체,소계,인천,0
2025-08,,주택업체,소계,경기,0
2025-08,,주택업체,소계,부산,0
2025-08,,주택업체,소계,대구,0
2025-08,,주택업체,소계,광주,0
2025-08,,주택업체,소계,대전,0
2025-08,,주택업체,소계,울산,0
2025-08,,주택업체,소계,세종,0
2025-08,,주택업체,소계,강원,0
2025-08,,주택업체,소계,충북,0
2025-08,,주택업체,소계,충남,0
2025-08,,주택업체,소계,전북,0
2025-08,,주택업체,소계,전남,0
2025-08,,주택업체,소계,경북,0
2025-08,,주택업체,소계,경남,0
2025-08,,주택업체,소계,제주,0
2025-08,,주택업체,국민임대,전국,0
2025-08,,주택업체,국민임대,서울,0
2025-08,,주택업체,국민임대,인천,0
2025-08,,주택업체,국민임대,경기,0
2025-08,,주택업체,국민임대,부산,0
2025-08,,주택업체,국민임대,대구,0
2025-08,,주택업체,국민임대,광주,0
2025-08,,주택업체,국민임대,대전,0
2025-08,,주택업체,국민임대,울산,0
2025-08,,주택업체,국민임대,세종,0
2025-08,,주택업체,국민임대,강원,0
2025-08,,주택업체,국민임대,충북,0
2025-08,,주택업체,국민임대,충남,0
2025-08,,주택업체,국민임대,전북,0
2025-08,,주택업체,국민임대,전남,0
2025-08,,주택업체,국민임대,경북,0
2025-08,,주택업체,국민임대,경남,0
2025-08,,주택업체,국민임대,제주,0
2025-08,,주택업체,공공임대,전국,259
2025-08,,주택업체,공공임대,서울,259
2025-08,,주택업체,공공임대,인천,0
2025-08,,주택업체,공공임대,경기,0
2025-08,,주택업체,공공임대,부산,0
2025-08,,주택업체,공공임대,대구,0
2025-08,,주택업체,공공임대,광주,0
2025-08,,주택업체,공공임대,대전,0
2025-08,,주택업체,공공임대,울산,0
2025-08,,주택업체,공공임대,세종,0
2025-08,,주택업체,공공임대,강원,0
2025-08,,주택업체,공공임대,충북,0
2025-08,,주택업체,공공임대,충남,0
2025-08,,주택업체,공공임대,전북,0
2025-08,,주택업체,공공임대,전남,0
2025-08,,주택업체,공공임대,경북,0
2025-08,,주택업체,공공임대,경남,0
2025-08,,주택업체,공공임대,제주,0
2025-08,,주택업체,공공분양,전국,0
2025-08,,주택업체,공공분양,서울,0
2025-08,,주택업체,공공분양,인천,0
2025-08,,주택업체,공공분양,경기,0
2025-08,,주택업체,공공분양,부산,0
2025-08,,주택업체,공공분양,대구,0
2025-08,,주택업체,공공분양,광주,0
2025-08,,주택업체,공공분양,대전,0
2025-08,,주택업체,공공분양,울산,0
2025-08,,주택업체,공공분양,세종,0
2025-08,,주택업체,공공분양,강원,0
2025-08,,주택업체,공공분양,충북,0
2025-08,,주택업체,공공분양,충남,0
2025-08,,주택업체,공공분양,전북,0
2025-08,,주택업체,공공분양,전남,0
2025-08,,주택업체,공공분양,경북,0
2025-08,,주택업체,공공분양,경남,0
2025-08,,주택업체,공공분양,제주,0
2025-08,,민간부문,소계,전국,15341
2025-08,,민간부문,소계,서울,668
2025-08,,민간부문,소계,인천,104
2025-08,,민간부문,소계,경기,7122
2025-08,,민간부문,소계,부산,8
2025-08,,민간부문,소계,대구,17
2025-08,,민간부문,소계,광주,250
2025-08,,민간부문,소계,대전,1134
2025-08,,민간부문,소계,울산,213
2025-08,,민간부문,소계,세종,58
2025-08,,민간부문,소계,강원,1524
2025-08,,민간부문,소계,충북,1064
2025-08,,민간부문,소계,충남,1664
2025-08,,민간부문,소계,전북,86
2025-08,,민간부문,소계,전남,950
2025-08,,민간부문,소계,경북,278
2025-08,,민간부문,소계,경남,118
2025-08,,민간부문,소계,제주,83
2025-08,,민간,민간임대,전국,399
2025-08,,민간,민간임대,서울,0
2025-08,,민간,민간임대,인천,0
2025-08,,민간,민간임대,경기,0
2025-08,,민간,민간임대,부산,0
2025-08,,민간,민간임대,대구,0
2025-08,,민간,민간임대,광주,0
2025-08,,민간,민간임대,대전,154
2025-08,,민간,민간임대,울산,0
2025-08,,민간,민간임대,세종,0
2025-08,,민간,민간임대,강원,0
2025-08,,민간,민간임대,충북,0
2025-08,,민간,민간임대,충남,245
2025-08,,민간,민간임대,전북,0
2025-08,,민간,민간임대,전남,0
2025-08,,민간,민간임대,경북,0
2025-08,,민간,민간임대,경남,0
2025-08,,민간,민간임대,제주,0
2025-08,,민간,민간분양,전국,14942
2025-08,,민간,민간분양,서울,668
2025-08,,민간,민간분양,인천,104
2025-08,,민간,민간분양,경기,7122
2025-08,,민간,민간분양,부산,8
2025-08,,민간,민간분양,대구,17
2025-08,,민간,민간분양,광주,250
2025-08,,민간,민간분양,대전,980
2025-08,,민간,민간분양,울산,213
2025-08,,민간,민간분양,세종,58
2025-08,,민간,민간분양,강원,1524
2025-08,,민간,민간분양,충북,1064
2025-08,,민간,민간분양,충남,1419
2025-08,,민간,민간분양,전북,86
2025-08,,민간,민간분양,전남,950
2025-08,,민간,민간분양,경북,278
2025-08,,민간,민간분양,경남,118
2025-08,,민간,민간분양,제주,83
2025-09,,총계,총계,전국,29924
2025-09,,총계,총계,서울,1359
2025-09,,총계,총계,인천,3373
2025-09,,총계,총계,경기,11672
2025-09,,총계,총계,부산,577
2025-09,,총계,총계,대구,18
2025-09,,총계,총계,광주,16
2025-09,,총계,총계,대전,53
2025-09,,총계,총계,울산,1335
2025-09,,총계,총계,세종,434
2025-09,,총계,총계,강원,212
2025-09,,총계,총계,충북,1766
2025-09,,총계,총계,충남,3745
2025-09,,총계,총계,전북,1232
2025-09,,총계,총계,전남,588
2025-09,,총계,총계,경북,299
2025-09,,총계,총계,경남,2998
2025-09,,총계,총계,제주,247
2025-09,,공공부문,소계,전국,8491
2025-09,,공공부문,소계,서울,0
2025-09,,공공부문,소계,인천,540
2025-09,,공공부문,소계,경기,6468
2025-09,,공공부문,소계,부산,0
2025-09,,공공부문,소계,대구,0
2025-09,,공공부문,소계,광주,0
2025-09,,공공부문,소계,대전,41
2025-09,,공공부문,소계,울산,0
2025-09,,공공부문,소계,세종,0
2025-09,,공공부문,소계,강원,0
2025-09,,공공부문,소계,충북,0
2025-09,,공공부문,소계,충남,0
2025-09,,공공부문,소계,전북,0
2025-09,,공공부문,소계,전남,20
2025-09,,공공부문,소계,경북,0
2025-09,,공공부문,소계,경남,1350
2025-09,,공공부문,소계,제주,72
2025-09,,합,국민임대,전국,106
2025-09,,합,국민임대,서울,0
2025-09,,합,국민임대,인천,65
2025-09,,합,국민임대,경기,0
2025-09,,합,국민임대,부산,0
2025-09,,합,국민임대,대구,0
2025-09,,합,국민임대,광주,0
2025-09,,합,국민임대,대전,41
2025-09,,합,국민임대,울산,0
2025-09,,합,국민임대,세종,0
2025-09,,합,국민임대,강원,0
2025-09,,합,국민임대,충북,0
2025-09,,합,국민임대,충남,0
2025-09,,합,국민임대,전북,0
2025-09,,합,국민임대,전남,0
2025-09,,합,국민임대,경북,0
2025-09,,합,국민임대,경남,0
2025-09,,합,국민임대,제주,0
2025-09,,합,공공임대,전국,5761
2025-09,,합,공공임대,서울,0
2025-09,,합,공공임대,인천,158
2025-09,,합,공공임대,경기,4233
2025-09,,합,공공임대,부산,0
2025-09,,합,공공임대,대구,0
2025-09,,합,공공임대,광주,0
2025-09,,합,공공임대,대전,0
2025-09,,합,공공임대,울산,0
2025-09,,합,공공임대,세종,0
2025-09,,합,공공임대,강원,0
2025-09,,합,공공임대,충북,0
2025-09,,합,공공임대,충남,0
2025-09,,합,공공임대,전북,0
2025-09,,합,공공임대,전남,20
2025-09,,합,공공임대,경북,0
2025-09,,합,공공임대,경남,1350
2025-09,,합,공공임대,제주,0
2025-09,,합,공공분양,전국,2624
2025-09,,합,공공분양,서울,0
2025-09,,합,공공분양,인천,317
2025-09,,합,공공분양,경기,2235
2025-09,,합,공공분양,부산,0
2025-09,,합,공공분양,대구,0
2025-09,,합,공공분양,광주,0
2025-09,,합,공공분양,대전,0
2025-09,,합,공공분양,울산,0
2025-09,,합,공공분양,세종,0
2025-09,,합,공공분양,강원,0
2025-09,,합,공공분양,충북,0
2025-09,,합,공공분양,충남,0
2025-09,,합,공공분양,전북,0
2025-09,,합,공공분양,전남,0
2025-09,,합,공공분양,경북,0
2025-09,,합,공공분양,경남,0
2025-09,,합,공공분양,제주,72
2025-09,,지자체,소계,전국,92
2025-09,,지자체,소계,서울,0
2025-09,,지자체,소계,인천,0
2025-09,,지자체,소계,경기,0
2025-09,,지자체,소계,부산,0
2025-09,,지자체,소계,대구,0
2025-09,,지자체,소계,광주,0
2025-09,,지자체,소계,대전,0
2025-09,,지자체,소계,울산,0
2025-09,,지자체,소계,세종,0
2025-09,,지자체,소계,강원,0
2025-09,,지자체,소계,충북,0
2025-09,,지자체,소계,충남,0
2025-09,,지자체,소계,전북,0
2025-09,,지자체,소계,전남,20
2025-09,,지자체,소계,경북,0
2025-09,,지자체,소계,경남,0
2025-09,,지자체,소계,제주,72
2025-09,,지자체,국민임대,전국,0
2025-09,,지자체,국민임대,서울,0
2025-09,,지자체,국민임대,인천,0
2025-09,,지자체,국민임대,경기,0
2025-09,,지자체,국민임대,부산,0
2025-09,,지자체,국민임대,대구,0
2025-09,,지자체,국민임대,광주,0
2025-09,,지자체,국민임대,대전,0
2025-09,,지자체,국민임대,울산,0
2025-09,,지자체,국민임대,세종,0
2025-09,,지자체,국민임대,강원,0
2025-09,,지자체,국민임대,충북,0
2025-09,,지자체,국민임대,충남,0
2025-09,,지자체,국민임대,전북,0
2025-09,,지자체,국민임대,전남,0
2025-09,,지자체,국민임대,경북,0
2025-09,,지자체,국민임대,경남,0
2025-09,,지자체,국민임대,제주,0
2025-09,,지자체,공공임대,전국,20
2025-09,,지자체,공공임대,서울,0
2025-09,,지자체,공공임대,인천,0
2025-09,,지자체,공공임대,경기,0
2025-09,,지자체,공공임대,부산,0
2025-09,,지자체,공공임대,대구,0
2025-09,,지자체,공공임대,광주,0
2025-09,,지자체,공공임대,대전,0
2025-09,,지자체,공공임대,울산,0
2025-09,,지자체,공공임대,세종,0
2025-09,,지자체,공공임대,강원,0
2025-09,,지자체,공공임대,충북,0
2025-09,,지자체,공공임대,충남,0
2025-09,,지자체,공공임대,전북,0
2025-09,,지자체,공공임대,전남,20
2025-09,,지자체,공공임대,경북,0
2025-09,,지자체,공공임대,경남,0
2025-09,,지자체,공공임대,제주,0
2025-09,,지자체,공공분양,전국,72
2025-09,,지자체,공공분양,서울,0
2025-09,,지자체,공공분양,인천,0
2025-09,,지자체,공공분양,경기,0
2025-09,,지자체,공공분양,부산,0
2025-09,,지자체,공공분양,대구,0
2025-09,,지자체,공공분양,광주,0
2025-09,,지자체,공공분양,대전,0
2025-09,,지자체,공공분양,울산,0
2025-09,,지자체,공공분양,세종,0
2025-09,,지자체,공공분양,강원,0
2025-09,,지자체,공공분양,충북,0
2025-09,,지자체,공공분양,충남,0
2025-09,,지자체,공공분양,전북,0
2025-09,,지자체,공공분양,전남,0
2025-09,,지자체,공공분양,경북,0
2025-09,,지자체,공공분양,경남,0
2025-09,,지자체,공공분양,제주,72
2025-09,,LH,소계,전국,8163
2025-09,,LH,소계,서울,0
2025-09,,LH,소계,인천,475
2025-09,,LH,소계,경기,6426
2025-09,,LH,소계,부산,0
2025-09,,LH,소계,대구,0
2025-09,,LH,소계,광주,0
2025-09,,LH,소계,대전,0
2025-09,,LH,소계,울산,0
2025-09,,LH,소계,세종,0
2025-09,,LH,소계,강원,0
2025-09,,LH,소계,충북,0
2025-09,,LH,소계,충남,0
2025-09,,LH,소계,전북,0
2025-09,,LH,소계,전남,0
2025-09,,LH,소계,경북,0
2025-09,,LH,소계,경남,1262
2025-09,,LH,소계,제주,0
2025-09,,LH,국민임대,전국,0
2025-09,,LH,국민임대,서울,0
2025-09,,LH,국민임대,인천,0
2025-09,,LH,국민임대,경기,0
2025-09,,LH,국민임대,부산,0
2025-09,,LH,국민임대,대구,0
2025-09,,LH,국민임대,광주,0
2025-09,,LH,국민임대,대전,0
2025-09,,LH,국민임대,울산,0
2025-09,,LH,국민임대,세종,0
2025-09,,LH,국민임대,강원,0
2025-09,,LH,국민임대,충북,0
2025-09,,LH,국민임대,충남,0
2025-09,,LH,국민임대,전북,0
2025-09,,LH,국민임대,전남,0
2025-09,,LH,국민임대,경북,0
2025-09,,LH,국민임대,경남,0
2025-09,,LH,국민임대,제주,0
2025-09,,LH,공공임대,전국,5611
2025-09,,LH,공공임대,서울,0
2025-09,,LH,공공임대,인천,158
2025-09,,LH,공공임대,경기,4191
2025-09,,LH,공공임대,부산,0
2025-09,,LH,공공임대,대구,0
2025-09,,LH,공공임대,광주,0
2025-09,,LH,공공임대,대전,0
2025-09,,LH,공공임대,울산,0
2025-09,,LH,공공임대,세종,0
2025-09,,LH,공공임대,강원,0
2025-09,,LH,공공임대,충북,0
2025-09,,LH,공공임대,충남,0
2025-09,,LH,공공임대,전북,0
2025-09,,LH,공공임대,전남,0
2025-09,,LH,공공임대,경북,0
2025-09,,LH,공공임대,경남,1262
2025-09,,LH,공공임대,제주,0
2025-09,,LH,공공분양,전국,2552
2025-09,,LH,공공분양,서울,0
2025-09,,LH,공공분양,인천,317
2025-09,,LH,공공분양,경기,2235
2025-09,,LH,공공분양,부산,0
2025-09,,LH,공공분양,대구,0
2025-09,,LH,공공분양,광주,0
2025-09,,LH,공공분양,대전,0
2025-09,,LH,공공분양,울산,0
2025-09,,LH,공공분양,세종,0
2025-09,,LH,공공분양,강원,0
2025-09,,LH,공공분양,충북,0
2025-09,,LH,공공분양,충남,0
2025-09,,LH,공공분양,전북,0
2025-09,,LH,공공분양,전남,0
2025-09,,LH,공공분양,경북,0
2025-09,,LH,공공분양,경남,0
2025-09,,LH,공공분양,제주,0
2025-09,,주택업체,소계,전국,236
2025-09,,주택업체,소계,서울,0
2025-09,,주택업체,소계,인천,65
2025-09,,주택업체,소계,경기,42
2025-09,,주택업체,소계,부산,0
2025-09,,주택업체,소계,대구,0
2025-09,,주택업체,소계,광주,0
2025-09,,주택업체,소계,대전,41
2025-09,,주택업체,소계,울산,0
2025-09,,주택업체,소계,세종,0
2025-09,,주택업체,소계,강원,0
2025-09,,주택업체,소계,충북,0
2025-09,,주택업체,소계,충남,0
2025-09,,주택업체,소계,전북,0
2025-09,,주택업체,소계,전남,0
2025-09,,주택업체,소계,경북,0
2025-09,,주택업체,소계,경남,88
2025-09,,주택업체,소계,제주,0
2025-09,,주택업체,국민임대,전국,106
2025-09,,주택업체,국민임대,서울,0
2025-09,,주택업체,국민임대,인천,65
2025-09,,주택업체,국민임대,경기,0
2025-09,,주택업체,국민임대,부산,0
2025-09,,주택업체,국민임대,대구,0
2025-09,,주택업체,국민임대,광주,0
2025-09,,주택업체,국민임대,대전,41
2025-09,,주택업체,국민임대,울산,0
2025-09,,주택업체,국민임대,세종,0
2025-09,,주택업체,국민임대,강원,0
2025-09,,주택업체,국민임대,충북,0
2025-09,,주택업체,국민임대,충남,0
2025-09,,주택업체,국민임대,전북,0
2025-09,,주택업체,국민임대,전남,0
2025-09,,주택업체,국민임대,경북,0
2025-09,,주택업체,국민임대,경남,0
2025-09,,주택업체,국민임대,제주,0
2025-09,,주택업체,공공임대,전국,130
2025-09,,주택업체,공공임대,서울,0
2025-09,,주택업체,공공임대,인천,0
2025-09,,주택업체,공공임대,경기,42
2025-09,,주택업체,공공임대,부산,0
2025-09,,주택업체,공공임대,대구,0
2025-09,,주택업체,공공임대,광주,0
2025-09,,주택업체,공공임대,대전,0
2025-09,,주택업체,공공임대,울산,0
2025-09,,주택업체,공공임대,세종,0
2025-09,,주택업체,공공임대,강원,0
2025-09,,주택업체,공공임대,충북,0
2025-09,,주택업체,공공임대,충남,0
2025-09,,주택업체,공공임대,전북,0
2025-09,,주택업체,공공임대,전남,0
2025-09,,주택업체,공공임대,경북,0
2025-09,,주택업체,공공임대,경남,88
2025-09,,주택업체,공공임대,제주,0
2025-09,,주택업체,공공분양,전국,0
2025-09,,주택업체,공공분양,서울,0
2025-09,,주택업체,공공분양,인천,0
2025-09,,주택업체,공공분양,경기,0
2025-09,,주택업체,공공분양,부산,0
2025-09,,주택업체,공공분양,대구,0
2025-09,,주택업체,공공분양,광주,0
2025-09,,주택업체,공공분양,대전,0
2025-09,,주택업체,공공분양,울산,0
2025-09,,주택업체,공공분양,세종,0
2025-09,,주택업체,공공분양,강원,0
2025-09,,주택업체,공공분양,충북,0
2025-09,,주택업체,공공분양,충남,0
2025-09,,주택업체,공공분양,전북,0
2025-09,,주택업체,공공분양,전남,0
2025-09,,주택업체,공공분양,경북,0
2025-09,,주택업체,공공분양,경남,0
2025-09,,주택업체,공공분양,제주,0
2025-09,,민간부문,소계,전국,21433
2025-09,,민간부문,소계,서울,1359
2025-09,,민간부문,소계,인천,2833
2025-09,,민간부문,소계,경기,5204
2025-09,,민간부문,소계,부산,577
2025-09,,민간부문,소계,대구,18
2025-09,,민간부문,소계,광주,16
2025-09,,민간부문,소계,대전,12
2025-09,,민간부문,소계,울산,1335
2025-09,,민간부문,소계,세종,434
2025-09,,민간부문,소계,강원,212
2025-09,,민간부문,소계,충북,1766
2025-09,,민간부문,소계,충남,3745
2025-09,,민간부문,소계,전북,1232
2025-09,,민간부문,소계,전남,568
2025-09,,민간부문,소계,경북,299
2025-09,,민간부문,소계,경남,1648
2025-09,,민간부문,소계,제주,175
2025-09,,민간,민간임대,전국,1018
2025-09,,민간,민간임대,서울,20
2025-09,,민간,민간임대,인천,0
2025-09,,민간,민간임대,경기,310
2025-09,,민간,민간임대,부산,0
2025-09,,민간,민간임대,대구,0
2025-09,,민간,민간임대,광주,0
2025-09,,민간,민간임대,대전,0
2025-09,,민간,민간임대,울산,0
2025-09,,민간,민간임대,세종,0
2025-09,,민간,민간임대,강원,0
2025-09,,민간,민간임대,충북,0
2025-09,,민간,민간임대,충남,193
2025-09,,민간,민간임대,전북,495
2025-09,,민간,민간임대,전남,0
2025-09,,민간,민간임대,경북,0
2025-09,,민간,민간임대,경남,0
2025-09,,민간,민간임대,제주,0
2025-09,,민간,민간분양,전국,20415
2025-09,,민간,민간분양,서울,1339
2025-09,,민간,민간분양,인천,2833
2025-09,,민간,민간분양,경기,4894
2025-09,,민간,민간분양,부산,577
2025-09,,민간,민간분양,대구,18
2025-09,,민간,민간분양,광주,16
2025-09,,민간,민간분양,대전,12
2025-09,,민간,민간분양,울산,1335
2025-09,,민간,민간분양,세종,434
2025-09,,민간,민간분양,강원,212
2025-09,,민간,민간분양,충북,1766
2025-09,,민간,민간분양,충남,3552
2025-09,,민간,민간분양,전북,737
2025-09,,민간,민간분양,전남,568
2025-09,,민간,민간분양,경북,299
2025-09,,민간,민간분양,경남,1648
2025-09,,민간,민간분양,제주,175
2025-10,,총계,총계,전국,17009
2025-10,,총계,총계,서울,2872
2025-10,,총계,총계,인천,1349
2025-10,,총계,총계,경기,5909
2025-10,,총계,총계,부산,1199
2025-10,,총계,총계,대구,1560
2025-10,,총계,총계,광주,10
2025-10,,총계,총계,대전,450
2025-10,,총계,총계,울산,56
2025-10,,총계,총계,세종,48
2025-10,,총계,총계,강원,180
2025-10,,총계,총계,충북,129
2025-10,,총계,총계,충남,1686
2025-10,,총계,총계,전북,68
2025-10,,총계,총계,전남,452
2025-10,,총계,총계,경북,766
2025-10,,총계,총계,경남,175
2025-10,,총계,총계,제주,100
2025-10,,공공부문,소계,전국,394
2025-10,,공공부문,소계,서울,348
2025-10,,공공부문,소계,인천,0
2025-10,,공공부문,소계,경기,0
2025-10,,공공부문,소계,부산,0
2025-10,,공공부문,소계,대구,0
2025-10,,공공부문,소계,광주,0
2025-10,,공공부문,소계,대전,0
2025-10,,공공부문,소계,울산,0
2025-10,,공공부문,소계,세종,0
2025-10,,공공부문,소계,강원,0
2025-10,,공공부문,소계,충북,0
2025-10,,공공부문,소계,충남,0
2025-10,,공공부문,소계,전북,0
2025-10,,공공부문,소계,전남,0
2025-10,,공공부문,소계,경북,46
2025-10,,공공부문,소계,경남,0
2025-10,,공공부문,소계,제주,0
2025-10,,합,국민임대,전국,14
2025-10,,합,국민임대,서울,14
2025-10,,합,국민임대,인천,0
2025-10,,합,국민임대,경기,0
2025-10,,합,국민임대,부산,0
2025-10,,합,국민임대,대구,0
2025-10,,합,국민임대,광주,0
2025-10,,합,국민임대,대전,0
2025-10,,합,국민임대,울산,0
2025-10,,합,국민임대,세종,0
2025-10,,합,국민임대,강원,0
2025-10,,합,국민임대,충북,0
2025-10,,합,국민임대,충남,0
2025-10,,합,국민임대,전북,0
2025-10,,합,국민임대,전남,0
2025-10,,합,국민임대,경북,0
2025-10,,합,국민임대,경남,0
2025-10,,합,국민임대,제주,0
2025-10,,합,공공임대,전국,380
2025-10,,합,공공임대,서울,334
2025-10,,합,공공임대,인천,0
2025-10,,합,공공임대,경기,0
2025-10,,합,공공임대,부산,0
2025-10,,합,공공임대,대구,0
2025-10,,합,공공임대,광주,0
2025-10,,합,공공임대,대전,0
2025-10,,합,공공임대,울산,0
2025-10,,합,공공임대,세종,0
2025-10,,합,공공임대,강원,0
2025-10,,합,공공임대,충북,0
2025-10,,합,공공임대,충남,0
2025-10,,합,공공임대,전북,0
2025-10,,합,공공임대,전남,0
2025-10,,합,공공임대,경북,46
2025-10,,합,공공임대,경남,0
2025-10,,합,공공임대,제주,0
2025-10,,합,공공분양,전국,0
2025-10,,합,공공분양,서울,0
2025-10,,합,공공분양,인천,0
2025-10,,합,공공분양,경기,0
2025-10,,합,공공분양,부산,0
2025-10,,합,공공분양,대구,0
2025-10,,합,공공분양,광주,0
2025-10,,합,공공분양,대전,0
2025-10,,합,공공분양,울산,0
2025-10,,합,공공분양,세종,0
2025-10,,합,공공분양,강원,0
2025-10,,합,공공분양,충북,0
2025-10,,합,공공분양,충남,0
2025-10,,합,공공분양,전북,0
2025-10,,합,공공분양,전남,0
2025-10,,합,공공분양,경북,0
2025-10,,합,공공분양,경남,0
2025-10,,합,공공분양,제주,0
2025-10,,지자체,소계,전국,0
2025-10,,지자체,소계,서울,0
2025-10,,지자체,소계,인천,0
2025-10,,지자체,소계,경기,0
2025-10,,지자체,소계,부산,0
2025-10,,지자체,소계,대구,0
2025-10,,지자체,소계,광주,0
2025-10,,지자체,소계,대전,0
2025-10,,지자체,소계,울산,0
2025-10,,지자체,소계,세종,0
2025-10,,지자체,소계,강원,0
2025-10,,지자체,소계,충북,0
2025-10,,지자체,소계,충남,0
2025-10,,지자체,소계,전북,0
2025-10,,지자체,소계,전남,0
2025-10,,지자체,소계,경북,0
2025-10,,지자체,소계,경남,0
2025-10,,지자체,소계,제주,0
2025-10,,지자체,국민임대,전국,0
2025-10,,지자체,국민임대,서울,0
2025-10,,지자체,국민임대,인천,0
2025-10,,지자체,국민임대,경기,0
2025-10,,지자체,국민임대,부산,0
2025-10,,지자체,국민임대,대구,0
2025-10,,지자체,국민임대,광주,0
2025-10,,지자체,국민임대,대전,0
2025-10,,지자체,국민임대,울산,0
2025-10,,지자체,국민임대,세종,0
2025-10,,지자체,국민임대,강원,0
2025-10,,지자체,국민임대,충북,0
2025-10,,지자체,국민임대,충남,0
2025-10,,지자체,국민임대,전북,0
2025-10,,지자체,국민임대,전남,0
2025-10,,지자체,국민임대,경북,0
2025-10,,지자체,국민임대,경남,0
2025-10,,지자체,국민임대,제주,0
2025-10,,지자체,공공임대,전국,0
2025-10,,지자체,공공임대,서울,0
2025-10,,지자체,공공임대,인천,0
2025-10,,지자체,공공임대,경기,0
2025-10,,지자체,공공임대,부산,0
2025-10,,지자체,공공임대,대구,0
2025-10,,지자체,공공임대,광주,0
2025-10,,지자체,공공임대,대전,0
2025-10,,지자체,공공임대,울산,0
2025-10,,지자체,공공임대,세종,0
2025-10,,지자체,공공임대,강원,0
2025-10,,지자체,공공임대,충북,0
2025-10,,지자체,공공임대,충남,0
2025-10,,지자체,공공임대,전북,0
2025-10,,지자체,공공임대,전남,0
2025-10,,지자체,공공임대,경북,0
2025-10,,지자체,공공임대,경남,0
2025-10,,지자체,공공임대,제주,0
2025-10,,지자체,공공분양,전국,0
2025-10,,지자체,공공분양,서울,0
2025-10,,지자체,공공분양,인천,0
2025-10,,지자체,공공분양,경기,0
2025-10,,지자체,공공분양,부산,0
2025-10,,지자체,공공분양,대구,0
2025-10,,지자체,공공분양,광주,0
2025-10,,지자체,공공분양,대전,0
2025-10,,지자체,공공분양,울산,0
2025-10,,지자체,공공분양,세종,0
2025-10,,지자체,공공분양,강원,0
2025-10,,지자체,공공분양,충북,0
2025-10,,지자체,공공분양,충남,0
2025-10,,지자체,공공분양,전북,0
2025-10,,지자체,공공분양,전남,0
2025-10,,지자체,공공분양,경북,0
2025-10,,지자체,공공분양,경남,0
2025-10,,지자체,공공분양,제주,0
2025-10,,LH,소계,전국,0
2025-10,,LH,소계,서울,0
2025-10,,LH,소계,인천,0
2025-10,,LH,소계,경기,0
2025-10,,LH,소계,부산,0
2025-10,,LH,소계,대구,0
2025-10,,LH,소계,광주,0
2025-10,,LH,소계,대전,0
2025-10,,LH,소계,울산,0
2025-10,,LH,소계,세종,0
2025-10,,LH,소계,강원,0
2025-10,,LH,소계,충북,0
2025-10,,LH,소계,충남,0
2025-10,,LH,소계,전북,0
2025-10,,LH,소계,전남,0
2025-10,,LH,소계,경북,0
2025-10,,LH,소계,경남,0
2025-10,,LH,소계,제주,0
2025-10,,LH,국민임대,전국,0
2025-10,,LH,국민임대,서울,0
2025-10,,LH,국민임대,인천,0
2025-10,,LH,국민임대,경기,0
2025-10,,LH,국민임대,부산,0
2025-10,,LH,국민임대,대구,0
2025-10,,LH,국민임대,광주,0
2025-10,,LH,국민임대,대전,0
2025-10,,LH,국민임대,울산,0
2025-10,,LH,국민임대,세종,0
2025-10,,LH,국민임대,강원,0
2025-10,,LH,국민임대,충북,0
2025-10,,LH,국민임대,충남,0
2025-10,,LH,국민임대,전북,0
2025-10,,LH,국민임대,전남,0
2025-10,,LH,국민임대,경북,0
2025-10,,LH,국민임대,경남,0
2025-10,,LH,국민임대,제주,0
2025-10,,LH,공공임대,전국,0
2025-10,,LH,공공임대,서울,0
2025-10,,LH,공공임대,인천,0
2025-10,,LH,공공임대,경기,0
2025-10,,LH,공공임대,부산,0
2025-10,,LH,공공임대,대구,0
2025-10,,LH,공공임대,광주,0
2025-10,,LH,공공임대,대전,0
2025-10,,LH,공공임대,울산,0
2025-10,,LH,공공임대,세종,0
2025-10,,LH,공공임대,강원,0
2025-10,,LH,공공임대,충북,0
2025-10,,LH,공공임대,충남,0
2025-10,,LH,공공임대,전북,0
2025-10,,LH,공공임대,전남,0
2025-10,,LH,공공임대,경북,0
2025-10,,LH,공공임대,경남,0
2025-10,,LH,공공임대,제주,0
2025-10,,LH,공공분양,전국,0
2025-10,,LH,공공분양,서울,0
2025-10,,LH,공공분양,인천,0
2025-10,,LH,공공분양,경기,0
2025-10,,LH,공공분양,부산,0
2025-10,,LH,공공분양,대구,0
2025-10,,LH,공공분양,광주,0
2025-10,,LH,공공분양,대전,0
2025-10,,LH,공공분양,울산,0
2025-10,,LH,공공분양,세종,0
2025-10,,LH,공공분양,강원,0
2025-10,,LH,공공분양,충북,0
2025-10,,LH,공공분양,충남,0
2025-10,,LH,공공분양,전북,0
2025-10,,LH,공공분양,전남,0
2025-10,,LH,공공분양,경북,0
2025-10,,LH,공공분양,경남,0
2025-10,,LH,공공분양,제주,0
2025-10,,주택업체,소계,전국,394
2025-10,,주택업체,소계,서울,348
2025-10,,주택업체,소계,인천,0
2025-10,,주택업체,소계,경기,0
2025-10,,주택업체,소계,부산,0
2025-10,,주택업체,소계,대구,0
2025-10,,주택업체,소계,광주,0
2025-10,,주택업체,소계,대전,0
2025-10,,주택업체,소계,울산,0
2025-10,,주택업체,소계,세종,0
2025-10,,주택업체,소계,강원,0
2025-10,,주택업체,소계,충북,0
2025-10,,주택업체,소계,충남,0
2025-10,,주택업체,소계,전북,0
2025-10,,주택업체,소계,전남,0
2025-10,,주택업체,소계,경북,46
2025-10,,주택업체,소계,경남,0
2025-10,,주택업체,소계,제주,0
2025-10,,주택업체,국민임대,전국,14
2025-10,,주택업체,국민임대,서울,14
2025-10,,주택업체,국민임대,인천,0
2025-10,,주택업체,국민임대,경기,0
2025-10,,주택업체,국민임대,부산,0
2025-10,,주택업체,국민임대,대구,0
2025-10,,주택업체,국민임대,광주,0
2025-10,,주택업체,국민임대,대전,0
2025-10,,주택업체,국민임대,울산,0
2025-10,,주택업체,국민임대,세종,0
2025-10,,주택업체,국민임대,강원,0
2025-10,,주택업체,국민임대,충북,0
2025-10,,주택업체,국민임대,충남,0
2025-10,,주택업체,국민임대,전북,0
2025-10,,주택업체,국민임대,전남,0
2025-10,,주택업체,국민임대,경북,0
2025-10,,주택업체,국민임대,경남,0
2025-10,,주택업체,국민임대,제주,0
2025-10,,주택업체,공공임대,전국,380
2025-10,,주택업체,공공임대,서울,334
2025-10,,주택업체,공공임대,인천,0
2025-10,,주택업체,공공임대,경기,0
2025-10,,주택업체,공공임대,부산,0
2025-10,,주택업체,공공임대,대구,0
2025-10,,주택업체,공공임대,광주,0
2025-10,,주택업체,공공임대,대전,0
2025-10,,주택업체,공공임대,울산,0
2025-10,,주택업체,공공임대,세종,0
2025-10,,주택업체,공공임대,강원,0
2025-10,,주택업체,공공임대,충북,0
2025-10,,주택업체,공공임대,충남,0
2025-10,,주택업체,공공임대,전북,0
2025-10,,주택업체,공공임대,전남,0
2025-10,,주택업체,공공임대,경북,46
2025-10,,주택업체,공공임대,경남,0
2025-10,,주택업체,공공임대,제주,0
2025-10,,주택업체,공공분양,전국,0
2025-10,,주택업체,공공분양,서울,0
2025-10,,주택업체,공공분양,인천,0
2025-10,,주택업체,공공분양,경기,0
2025-10,,주택업체,공공분양,부산,0
2025-10,,주택업체,공공분양,대구,0
2025-10,,주택업체,공공분양,광주,0
2025-10,,주택업체,공공분양,대전,0
2025-10,,주택업체,공공분양,울산,0
2025-10,,주택업체,공공분양,세종,0
2025-10,,주택업체,공공분양,강원,0
2025-10,,주택업체,공공분양,충북,0
2025-10,,주택업체,공공분양,충남,0
2025-10,,주택업체,공공분양,전북,0
2025-10,,주택업체,공공분양,전남,0
2025-10,,주택업체,공공분양,경북,0
2025-10,,주택업체,공공분양,경남,0
2025-10,,주택업체,공공분양,제주,0
2025-10,,민간부문,소계,전국,16615
2025-10,,민간부문,소계,서울,2524
2025-10,,민간부문,소계,인천,1349
2025-10,,민간부문,소계,경기,5909
2025-10,,민간부문,소계,부산,1199
2025-10,,민간부문,소계,대구,1560
2025-10,,민간부문,소계,광주,10
2025-10,,민간부문,소계,대전,450
2025-10,,민간부문,소계,울산,56
2025-10,,민간부문,소계,세종,48
2025-10,,민간부문,소계,강원,180
2025-10,,민간부문,소계,충북,129
2025-10,,민간부문,소계,충남,1686
2025-10,,민간부문,소계,전북,68
2025-10,,민간부문,소계,전남,452
2025-10,,민간부문,소계,경북,720
2025-10,,민간부문,소계,경남,175
2025-10,,민간부문,소계,제주,100
2025-10,,민간,민간임대,전국,739
2025-10,,민간,민간임대,서울,314
2025-10,,민간,민간임대,인천,240
2025-10,,민간,민간임대,경기,104
2025-10,,민간,민간임대,부산,0
2025-10,,민간,민간임대,대구,81
2025-10,,민간,민간임대,광주,0
2025-10,,민간,민간임대,대전,0
2025-10,,민간,민간임대,울산,0
2025-10,,민간,민간임대,세종,0
2025-10,,민간,민간임대,강원,0
2025-10,,민간,민간임대,충북,0
2025-10,,민간,민간임대,충남,0
2025-10,,민간,민간임대,전북,0
2025-10,,민간,민간임대,전남,0
2025-10,,민간,민간임대,경북,0
2025-10,,민간,민간임대,경남,0
2025-10,,민간,민간임대,제주,0
2025-10,,민간,민간분양,전국,15876
2025-10,,민간,민간분양,서울,2210
2025-10,,민간,민간분양,인천,1109
2025-10,,민간,민간분양,경기,5805
2025-10,,민간,민간분양,부산,1199
2025-10,,민간,민간분양,대구,1479
2025-10,,민간,민간분양,광주,10
2025-10,,민간,민간분양,대전,450
2025-10,,민간,민간분양,울산,56
2025-10,,민간,민간분양,세종,48
2025-10,,민간,민간분양,강원,180
2025-10,,민간,민간분양,충북,129
2025-10,,민간,민간분양,충남,1686
2025-10,,민간,민간분양,전북,68
2025-10,,민간,민간분양,전남,452
2025-10,,민간,민간분양,경북,720
2025-10,,민간,민간분양,경남,175
2025-10,,민간,민간분양,제주,100
2025-11,,총계,총계,전국,19975
2025-11,,총계,총계,서울,3330
2025-11,,총계,총계,인천,2055
2025-11,,총계,총계,경기,9224
2025-11,,총계,총계,부산,540
2025-11,,총계,총계,대구,14
2025-11,,총계,총계,광주,8
2025-11,,총계,총계,대전,1332
2025-11,,총계,총계,울산,48
2025-11,,총계,총계,세종,4
2025-11,,총계,총계,강원,149
2025-11,,총계,총계,충북,190
2025-11,,총계,총계,충남,852
2025-11,,총계,총계,전북,396
2025-11,,총계,총계,전남,882
2025-11,,총계,총계,경북,270
2025-11,,총계,총계,경남,603
2025-11,,총계,총계,제주,78
2025-11,,공공부문,소계,전국,1647
2025-11,,공공부문,소계,서울,267
2025-11,,공공부문,소계,인천,80
2025-11,,공공부문,소계,경기,523
2025-11,,공공부문,소계,부산,0
2025-11,,공공부문,소계,대구,0
2025-11,,공공부문,소계,광주,0
2025-11,,공공부문,소계,대전,0
2025-11,,공공부문,소계,울산,0
2025-11,,공공부문,소계,세종,0
2025-11,,공공부문,소계,강원,0
2025-11,,공공부문,소계,충북,50
2025-11,,공공부문,소계,충남,727
2025-11,,공공부문,소계,전북,0
2025-11,,공공부문,소계,전남,0
2025-11,,공공부문,소계,경북,0
2025-11,,공공부문,소계,경남,0
2025-11,,공공부문,소계,제주,0
2025-11,,합,국민임대,전국,80
2025-11,,합,국민임대,서울,0
2025-11,,합,국민임대,인천,80
2025-11,,합,국민임대,경기,0
2025-11,,합,국민임대,부산,0
2025-11,,합,국민임대,대구,0
2025-11,,합,국민임대,광주,0
2025-11,,합,국민임대,대전,0
2025-11,,합,국민임대,울산,0
2025-11,,합,국민임대,세종,0
2025-11,,합,국민임대,강원,0
2025-11,,합,국민임대,충북,0
2025-11,,합,국민임대,충남,0
2025-11,,합,국민임대,전북,0
2025-11,,합,국민임대,전남,0
2025-11,,합,국민임대,경북,0
2025-11,,합,국민임대,경남,0
2025-11,,합,국민임대,제주,0
2025-11,,합,공공임대,전국,452
2025-11,,합,공공임대,서울,223
2025-11,,합,공공임대,인천,0
2025-11,,합,공공임대,경기,179
2025-11,,합,공공임대,부산,0
2025-11,,합,공공임대,대구,0
2025-11,,합,공공임대,광주,0
2025-11,,합,공공임대,대전,0
2025-11,,합,공공임대,울산,0
2025-11,,합,공공임대,세종,0
2025-11,,합,공공임대,강원,0
2025-11,,합,공공임대,충북,50
2025-11,,합,공공임대,충남,0
2025-11,,합,공공임대,전북,0
2025-11,,합,공공임대,전남,0
2025-11,,합,공공임대,경북,0
2025-11,,합,공공임대,경남,0
2025-11,,합,공공임대,제주,0
2025-11,,합,공공분양,전국,1115
2025-11,,합,공공분양,서울,44
2025-11,,합,공공분양,인천,0
2025-11,,합,공공분양,경기,344
2025-11,,합,공공분양,부산,0
2025-11,,합,공공분양,대구,0
2025-11,,합,공공분양,광주,0
2025-11,,합,공공분양,대전,0
2025-11,,합,공공분양,울산,0
2025-11,,합,공공분양,세종,0
2025-11,,합,공공분양,강원,0
2025-11,,합,공공분양,충북,0
2025-11,,합,공공분양,충남,727
2025-11,,합,공공분양,전북,0
2025-11,,합,공공분양,전남,0
2025-11,,합,공공분양,경북,0
2025-11,,합,공공분양,경남,0
2025-11,,합,공공분양,제주,0
2025-11,,지자체,소계,전국,474
2025-11,,지자체,소계,서울,0
2025-11,,지자체,소계,인천,80
2025-11,,지자체,소계,경기,344
2025-11,,지자체,소계,부산,0
2025-11,,지자체,소계,대구,0
2025-11,,지자체,소계,광주,0
2025-11,,지자체,소계,대전,0
2025-11,,지자체,소계,울산,0
2025-11,,지자체,소계,세종,0
2025-11,,지자체,소계,강원,0
2025-11,,지자체,소계,충북,50
2025-11,,지자체,소계,충남,0
2025-11,,지자체,소계,전북,0
2025-11,,지자체,소계,전남,0
2025-11,,지자체,소계,경북,0
2025-11,,지자체,소계,경남,0
2025-11,,지자체,소계,제주,0
2025-11,,지자체,국민임대,전국,80
2025-11,,지자체,국민임대,서울,0
2025-11,,지자체,국민임대,인천,80
2025-11,,지자체,국민임대,경기,0
2025-11,,지자체,국민임대,부산,0
2025-11,,지자체,국민임대,대구,0
2025-11,,지자체,국민임대,광주,0
2025-11,,지자체,국민임대,대전,0
2025-11,,지자체,국민임대,울산,0
2025-11,,지자체,국민임대,세종,0
2025-11,,지자체,국민임대,강원,0
2025-11,,지자체,국민임대,충북,0
2025-11,,지자체,국민임대,충남,0
2025-11,,지자체,국민임대,전북,0
2025-11,,지자체,국민임대,전남,0
2025-11,,지자체,국민임대,경북,0
2025-11,,지자체,국민임대,경남,0
2025-11,,지자체,국민임대,제주,0
2025-11,,지자체,공공임대,전국,50
2025-11,,지자체,공공임대,서울,0
2025-11,,지자체,공공임대,인천,0
2025-11,,지자체,공공임대,경기,0
2025-11,,지자체,공공임대,부산,0
2025-11,,지자체,공공임대,대구,0
2025-11,,지자체,공공임대,광주,0
2025-11,,지자체,공공임대,대전,0
2025-11,,지자체,공공임대,울산,0
2025-11,,지자체,공공임대,세종,0
2025-11,,지자체,공공임대,강원,0
2025-11,,지자체,공공임대,충북,50
2025-11,,지자체,공공임대,충남,0
2025-11,,지자체,공공임대,전북,0
2025-11,,지자체,공공임대,전남,0
2025-11,,지자체,공공임대,경북,0
2025-11,,지자체,공공임대,경남,0
2025-11,,지자체,공공임대,제주,0
2025-11,,지자체,공공분양,전국,344
2025-11,,지자체,공공분양,서울,0
2025-11,,지자체,공공분양,인천,0
2025-11,,지자체,공공분양,경기,344
2025-11,,지자체,공공분양,부산,0
2025-11,,지자체,공공분양,대구,0
2025-11,,지자체,공공분양,광주,0
2025-11,,지자체,공공분양,대전,0
2025-11,,지자체,공공분양,울산,0
2025-11,,지자체,공공분양,세종,0
2025-11,,지자체,공공분양,강원,0
2025-11,,지자체,공공분양,충북,0
2025-11,,지자체,공공분양,충남,0
2025-11,,지자체,공공분양,전북,0
2025-11,,지자체,공공분양,전남,0
2025-11,,지자체,공공분양,경북,0
2025-11,,지자체,공공분양,경남,0
2025-11,,지자체,공공분양,제주,0
2025-11,,LH,소계,전국,44
2025-11,,LH,소계,서울,44
2025-11,,LH,소계,인천,0
2025-11,,LH,소계,경기,0
2025-11,,LH,소계,부산,0
2025-11,,LH,소계,대구,0
2025-11,,LH,소계,광주,0
2025-11,,LH,소계,대전,0
2025-11,,LH,소계,울산,0
2025-11,,LH,소계,세종,0
2025-11,,LH,소계,강원,0
2025-11,,LH,소계,충북,0
2025-11,,LH,소계,충남,0
2025-11,,LH,소계,전북,0
2025-11,,LH,소계,전남,0
2025-11,,LH,소계,경북,0
2025-11,,LH,소계,경남,0
2025-11,,LH,소계,제주,0
2025-11,,LH,국민임대,전국,0
2025-11,,LH,국민임대,서울,0
2025-11,,LH,국민임대,인천,0
2025-11,,LH,국민임대,경기,0
2025-11,,LH,국민임대,부산,0
2025-11,,LH,국민임대,대구,0
2025-11,,LH,국민임대,광주,0
2025-11,,LH,국민임대,대전,0
2025-11,,LH,국민임대,울산,0
2025-11,,LH,국민임대,세종,0
2025-11,,LH,국민임대,강원,0
2025-11,,LH,국민임대,충북,0
2025-11,,LH,국민임대,충남,0
2025-11,,LH,국민임대,전북,0
2025-11,,LH,국민임대,전남,0
2025-11,,LH,국민임대,경북,0
2025-11,,LH,국민임대,경남,0
2025-11,,LH,국민임대,제주,0
2025-11,,LH,공공임대,전국,0
2025-11,,LH,공공임대,서울,0
2025-11,,LH,공공임대,인천,0
2025-11,,LH,공공임대,경기,0
2025-11,,LH,공공임대,부산,0
2025-11,,LH,공공임대,대구,0
2025-11,,LH,공공임대,광주,0
2025-11,,LH,공공임대,대전,0
2025-11,,LH,공공임대,울산,0
2025-11,,LH,공공임대,세종,0
2025-11,,LH,공공임대,강원,0
2025-11,,LH,공공임대,충북,0
2025-11,,LH,공공임대,충남,0
2025-11,,LH,공공임대,전북,0
2025-11,,LH,공공임대,전남,0
2025-11,,LH,공공임대,경북,0
2025-11,,LH,공공임대,경남,0
2025-11,,LH,공공임대,제주,0
2025-11,,LH,공공분양,전국,44
2025-11,,LH,공공분양,서울,44
2025-11,,LH,공공분양,인천,0
2025-11,,LH,공공분양,경기,0
2025-11,,LH,공공분양,부산,0
2025-11,,LH,공공분양,대구,0
2025-11,,LH,공공분양,광주,0
2025-11,,LH,공공분양,대전,0
2025-11,,LH,공공분양,울산,0
2025-11,,LH,공공분양,세종,0
2025-11,,LH,공공분양,강원,0
2025-11,,LH,공공분양,충북,0
2025-11,,LH,공공분양,충남,0
2025-11,,LH,공공분양,전북,0
2025-11,,LH,공공분양,전남,0
2025-11,,LH,공공분양,경북,0
2025-11,,LH,공공분양,경남,0
2025-11,,LH,공공분양,제주,0
2025-11,,주택업체,소계,전국,1129
2025-11,,주택업체,소계,서울,223
2025-11,,주택업체,소계,인천,0
2025-11,,주택업체,소계,경기,179
2025-11,,주택업체,소계,부산,0
2025-11,,주택업체,소계,대구,0
2025-11,,주택업체,소계,광주,0
2025-11,,주택업체,소계,대전,0
2025-11,,주택업체,소계,울산,0
2025-11,,주택업체,소계,세종,0
2025-11,,주택업체,소계,강원,0
2025-11,,주택업체,소계,충북,0
2025-11,,주택업체,소계,충남,727
2025-11,,주택업체,소계,전북,0
2025-11,,주택업체,소계,전남,0
2025-11,,주택업체,소계,경북,0
2025-11,,주택업체,소계,경남,0
2025-11,,주택업체,소계,제주,0
2025-11,,주택업체,국민임대,전국,0
2025-11,,주택업체,국민임대,서울,0
2025-11,,주택업체,국민임대,인천,0
2025-11,,주택업체,국민임대,경기,0
2025-11,,주택업체,국민임대,부산,0
2025-11,,주택업체,국민임대,대구,0
2025-11,,주택업체,국민임대,광주,0
2025-11,,주택업체,국민임대,대전,0
2025-11,,주택업체,국민임대,울산,0
2025-11,,주택업체,국민임대,세종,0
2025-11,,주택업체,국민임대,강원,0
2025-11,,주택업체,국민임대,충북,0
2025-11,,주택업체,국민임대,충남,0
2025-11,,주택업체,국민임대,전북,0
2025-11,,주택업체,국민임대,전남,0
2025-11,,주택업체,국민임대,경북,0
2025-11,,주택업체,국민임대,경남,0
2025-11,,주택업체,국민임대,제주,0
2025-11,,주택업체,공공임대,전국,402
2025-11,,주택업체,공공임대,서울,223
2025-11,,주택업체,공공임대,인천,0
2025-11,,주택업체,공공임대,경기,179
2025-11,,주택업체,공공임대,부산,0
2025-11,,주택업체,공공임대,대구,0
2025-11,,주택업체,공공임대,광주,0
2025-11,,주택업체,공공임대,대전,0
2025-11,,주택업체,공공임대,울산,0
2025-11,,주택업체,공공임대,세종,0
2025-11,,주택업체,공공임대,강원,0
2025-11,,주택업체,공공임대,충북,0
2025-11,,주택업체,공공임대,충남,0
2025-11,,주택업체,공공임대,전북,0
2025-11,,주택업체,공공임대,전남,0
2025-11,,주택업체,공공임대,경북,0
2025-11,,주택업체,공공임대,경남,0
2025-11,,주택업체,공공임대,제주,0
2025-11,,주택업체,공공분양,전국,727
2025-11,,주택업체,공공분양,서울,0
2025-11,,주택업체,공공분양,인천,0
2025-11,,주택업체,공공분양,경기,0
2025-11,,주택업체,공공분양,부산,0
2025-11,,주택업체,공공분양,대구,0
2025-11,,주택업체,공공분양,광주,0
2025-11,,주택업체,공공분양,대전,0
2025-11,,주택업체,공공분양,울산,0
2025-11,,주택업체,공공분양,세종,0
2025-11,,주택업체,공공분양,강원,0
2025-11,,주택업체,공공분양,충북,0
2025-11,,주택업체,공공분양,충남,727
2025-11,,주택업체,공공분양,전북,0
2025-11,,주택업체,공공분양,전남,0
2025-11,,주택업체,공공분양,경북,0
2025-11,,주택업체,공공분양,경남,0
2025-11,,주택업체,공공분양,제주,0
2025-11,,민간부문,소계,전국,18328
2025-11,,민간부문,소계,서울,3063
2025-11,,민간부문,소계,인천,1975
2025-11,,민간부문,소계,경기,8701
2025-11,,민간부문,소계,부산,540
2025-11,,민간부문,소계,대구,14
2025-11,,민간부문,소계,광주,8
2025-11,,민간부문,소계,대전,1332
2025-11,,민간부문,소계,울산,48
2025-11,,민간부문,소계,세종,4
2025-11,,민간부문,소계,강원,149
2025-11,,민간부문,소계,충북,140
2025-11,,민간부문,소계,충남,125
2025-11,,민간부문,소계,전북,396
2025-11,,민간부문,소계,전남,882
2025-11,,민간부문,소계,경북,270
2025-11,,민간부문,소계,경남,603
2025-11,,민간부문,소계,제주,78
2025-11,,민간,민간임대,전국,1460
2025-11,,민간,민간임대,서울,0
2025-11,,민간,민간임대,인천,0
2025-11,,민간,민간임대,경기,795
2025-11,,민간,민간임대,부산,0
2025-11,,민간,민간임대,대구,0
2025-11,,민간,민간임대,광주,0
2025-11,,민간,민간임대,대전,0
2025-11,,민간,민간임대,울산,0
2025-11,,민간,민간임대,세종,0
2025-11,,민간,민간임대,강원,0
2025-11,,민간,민간임대,충북,0
2025-11,,민간,민간임대,충남,0
2025-11,,민간,민간임대,전북,0
2025-11,,민간,민간임대,전남,665
2025-11,,민간,민간임대,경북,0
2025-11,,민간,민간임대,경남,0
2025-11,,민간,민간임대,제주,0
2025-11,,민간,민간분양,전국,16868
2025-11,,민간,민간분양,서울,3063
2025-11,,민간,민간분양,인천,1975
2025-11,,민간,민간분양,경기,7906
2025-11,,민간,민간분양,부산,540
2025-11,,민간,민간분양,대구,14
2025-11,,민간,민간분양,광주,8
2025-11,,민간,민간분양,대전,1332
2025-11,,민간,민간분양,울산,48
2025-11,,민간,민간분양,세종,4
2025-11,,민간,민간분양,강원,149
2025-11,,민간,민간분양,충북,140
2025-11,,민간,민간분양,충남,125
2025-11,,민간,민간분양,전북,396
2025-11,,민간,민간분양,전남,217
2025-11,,민간,민간분양,경북,270
2025-11,,민간,민간분양,경남,603
2025-11,,민간,민간분양,제주,78
2025-12,,총계,총계,전국,64104
2025-12,,총계,총계,서울,10009
2025-12,,총계,총계,인천,5169
2025-12,,총계,총계,경기,25120
2025-12,,총계,총계,부산,3417
2025-12,,총계,총계,대구,1521
2025-12,,총계,총계,광주,2865
2025-12,,총계,총계,대전,496
2025-12,,총계,총계,울산,44
2025-12,,총계,총계,세종,1859
2025-12,,총계,총계,강원,360
2025-12,,총계,총계,충북,1505
2025-12,,총계,총계,충남,4200
2025-12,,총계,총계,전북,822
2025-12,,총계,총계,전남,1618
2025-12,,총계,총계,경북,1683
2025-12,,총계,총계,경남,3326
2025-12,,총계,총계,제주,90
2025-12,,공공부문,소계,전국,34171
2025-12,,공공부문,소계,서울,2985
2025-12,,공공부문,소계,인천,2243
2025-12,,공공부문,소계,경기,18250
2025-12,,공공부문,소계,부산,1381
2025-12,,공공부문,소계,대구,0
2025-12,,공공부문,소계,광주,0
2025-12,,공공부문,소계,대전,492
2025-12,,공공부문,소계,울산,0
2025-12,,공공부문,소계,세종,1857
2025-12,,공공부문,소계,강원,213
2025-12,,공공부문,소계,충북,1368
2025-12,,공공부문,소계,충남,2443
2025-12,,공공부문,소계,전북,660
2025-12,,공공부문,소계,전남,0
2025-12,,공공부문,소계,경북,1149
2025-12,,공공부문,소계,경남,1130
2025-12,,공공부문,소계,제주,0
2025-12,,합,국민임대,전국,0
2025-12,,합,국민임대,서울,0
2025-12,,합,국민임대,인천,0
2025-12,,합,국민임대,경기,0
2025-12,,합,국민임대,부산,0
2025-12,,합,국민임대,대구,0
2025-12,,합,국민임대,광주,0
2025-12,,합,국민임대,대전,0
2025-12,,합,국민임대,울산,0
2025-12,,합,국민임대,세종,0
2025-12,,합,국민임대,강원,0
2025-12,,합,국민임대,충북,0
2025-12,,합,국민임대,충남,0
2025-12,,합,국민임대,전북,0
2025-12,,합,국민임대,전남,0
2025-12,,합,국민임대,경북,0
2025-12,,합,국민임대,경남,0
2025-12,,합,국민임대,제주,0
2025-12,,합,공공임대,전국,16071
2025-12,,합,공공임대,서울,851
2025-12,,합,공공임대,인천,778
2025-12,,합,공공임대,경기,8195
2025-12,,합,공공임대,부산,344
2025-12,,합,공공임대,대구,0
2025-12,,합,공공임대,광주,0
2025-12,,합,공공임대,대전,492
2025-12,,합,공공임대,울산,0
2025-12,,합,공공임대,세종,1235
2025-12,,합,공공임대,강원,213
2025-12,,합,공공임대,충북,1354
2025-12,,합,공공임대,충남,1145
2025-12,,합,공공임대,전북,0
2025-12,,합,공공임대,전남,0
2025-12,,합,공공임대,경북,874
2025-12,,합,공공임대,경남,590
2025-12,,합,공공임대,제주,0
2025-12,,합,공공분양,전국,18100
2025-12,,합,공공분양,서울,2134
2025-12,,합,공공분양,인천,1465
2025-12,,합,공공분양,경기,10055
2025-12,,합,공공분양,부산,1037
2025-12,,합,공공분양,대구,0
2025-12,,합,공공분양,광주,0
2025-12,,합,공공분양,대전,0
2025-12,,합,공공분양,울산,0
2025-12,,합,공공분양,세종,622
2025-12,,합,공공분양,강원,0
2025-12,,합,공공분양,충북,14
2025-12,,합,공공분양,충남,1298
2025-12,,합,공공분양,전북,660
2025-12,,합,공공분양,전남,0
2025-12,,합,공공분양,경북,275
2025-12,,합,공공분양,경남,540
2025-12,,합,공공분양,제주,0
2025-12,,지자체,소계,전국,1333
2025-12,,지자체,소계,서울,1248
2025-12,,지자체,소계,인천,0
2025-12,,지자체,소계,경기,0
2025-12,,지자체,소계,부산,0
2025-12,,지자체,소계,대구,0
2025-12,,지자체,소계,광주,0
2025-12,,지자체,소계,대전,0
2025-12,,지자체,소계,울산,0
2025-12,,지자체,소계,세종,0
2025-12,,지자체,소계,강원,0
2025-12,,지자체,소계,충북,0
2025-12,,지자체,소계,충남,21
2025-12,,지자체,소계,전북,0
2025-12,,지자체,소계,전남,0
2025-12,,지자체,소계,경북,0
2025-12,,지자체,소계,경남,64
2025-12,,지자체,소계,제주,0
2025-12,,지자체,국민임대,전국,0
2025-12,,지자체,국민임대,서울,0
2025-12,,지자체,국민임대,인천,0
2025-12,,지자체,국민임대,경기,0
2025-12,,지자체,국민임대,부산,0
2025-12,,지자체,국민임대,대구,0
2025-12,,지자체,국민임대,광주,0
2025-12,,지자체,국민임대,대전,0
2025-12,,지자체,국민임대,울산,0
2025-12,,지자체,국민임대,세종,0
2025-12,,지자체,국민임대,강원,0
2025-12,,지자체,국민임대,충북,0
2025-12,,지자체,국민임대,충남,0
2025-12,,지자체,국민임대,전북,0
2025-12,,지자체,국민임대,전남,0
2025-12,,지자체,국민임대,경북,0
2025-12,,지자체,국민임대,경남,0
2025-12,,지자체,국민임대,제주,0
2025-12,,지자체,공공임대,전국,473
2025-12,,지자체,공공임대,서울,388
2025-12,,지자체,공공임대,인천,0
2025-12,,지자체,공공임대,경기,0
2025-12,,지자체,공공임대,부산,0
2025-12,,지자체,공공임대,대구,0
2025-12,,지자체,공공임대,광주,0
2025-12,,지자체,공공임대,대전,0
2025-12,,지자체,공공임대,울산,0
2025-12,,지자체,공공임대,세종,0
2025-12,,지자체,공공임대,강원,0
2025-12,,지자체,공공임대,충북,0
2025-12,,지자체,공공임대,충남,21
2025-12,,지자체,공공임대,전북,0
2025-12,,지자체,공공임대,전남,0
2025-12,,지자체,공공임대,경북,0
2025-12,,지자체,공공임대,경남,64
2025-12,,지자체,공공임대,제주,0
2025-12,,지자체,공공분양,전국,860
2025-12,,지자체,공공분양,서울,860
2025-12,,지자체,공공분양,인천,0
2025-12,,지자체,공공분양,경기,0
2025-12,,지자체,공공분양,부산,0
2025-12,,지자체,공공분양,대구,0
2025-12,,지자체,공공분양,광주,0
2025-12,,지자체,공공분양,대전,0
2025-12,,지자체,공공분양,울산,0
2025-12,,지자체,공공분양,세종,0
2025-12,,지자체,공공분양,강원,0
2025-12,,지자체,공공분양,충북,0
2025-12,,지자체,공공분양,충남,0
2025-12,,지자체,공공분양,전북,0
2025-12,,지자체,공공분양,전남,0
2025-12,,지자체,공공분양,경북,0
2025-12,,지자체,공공분양,경남,0
2025-12,,지자체,공공분양,제주,0
2025-12,,LH,소계,전국,32634
2025-12,,LH,소계,서울,1533
2025-12,,LH,소계,인천,2243
2025-12,,LH,소계,경기,18250
2025-12,,LH,소계,부산,1381
2025-12,,LH,소계,대구,0
2025-12,,LH,소계,광주,0
2025-12,,LH,소계,대전,492
2025-12,,LH,소계,울산,0
2025-12,,LH,소계,세종,1857
2025-12,,LH,소계,강원,213
2025-12,,LH,소계,충북,1368
2025-12,,LH,소계,충남,2422
2025-12,,LH,소계,전북,660
2025-12,,LH,소계,전남,0
2025-12,,LH,소계,경북,1149
2025-12,,LH,소계,경남,1066
2025-12,,LH,소계,제주,0
2025-12,,LH,국민임대,전국,0
2025-12,,LH,국민임대,서울,0
2025-12,,LH,국민임대,인천,0
2025-12,,LH,국민임대,경기,0
2025-12,,LH,국민임대,부산,0
2025-12,,LH,국민임대,대구,0
2025-12,,LH,국민임대,광주,0
2025-12,,LH,국민임대,대전,0
2025-12,,LH,국민임대,울산,0
2025-12,,LH,국민임대,세종,0
2025-12,,LH,국민임대,강원,0
2025-12,,LH,국민임대,충북,0
2025-12,,LH,국민임대,충남,0
2025-12,,LH,국민임대,전북,0
2025-12,,LH,국민임대,전남,0
2025-12,,LH,국민임대,경북,0
2025-12,,LH,국민임대,경남,0
2025-12,,LH,국민임대,제주,0
2025-12,,LH,공공임대,전국,15394
2025-12,,LH,공공임대,서울,259
2025-12,,LH,공공임대,인천,778
2025-12,,LH,공공임대,경기,8195
2025-12,,LH,공공임대,부산,344
2025-12,,LH,공공임대,대구,0
2025-12,,LH,공공임대,광주,0
2025-12,,LH,공공임대,대전,492
2025-12,,LH,공공임대,울산,0
2025-12,,LH,공공임대,세종,1235
2025-12,,LH,공공임대,강원,213
2025-12,,LH,공공임대,충북,1354
2025-12,,LH,공공임대,충남,1124
2025-12,,LH,공공임대,전북,0
2025-12,,LH,공공임대,전남,0
2025-12,,LH,공공임대,경북,874
2025-12,,LH,공공임대,경남,526
2025-12,,LH,공공임대,제주,0
2025-12,,LH,공공분양,전국,17240
2025-12,,LH,공공분양,서울,1274
2025-12,,LH,공공분양,인천,1465
2025-12,,LH,공공분양,경기,10055
2025-12,,LH,공공분양,부산,1037
2025-12,,LH,공공분양,대구,0
2025-12,,LH,공공분양,광주,0
2025-12,,LH,공공분양,대전,0
2025-12,,LH,공공분양,울산,0
2025-12,,LH,공공분양,세종,622
2025-12,,LH,공공분양,강원,0
2025-12,,LH,공공분양,충북,14
2025-12,,LH,공공분양,충남,1298
2025-12,,LH,공공분양,전북,660
2025-12,,LH,공공분양,전남,0
2025-12,,LH,공공분양,경북,275
2025-12,,LH,공공분양,경남,540
2025-12,,LH,공공분양,제주,0
2025-12,,주택업체,소계,전국,204
2025-12,,주택업체,소계,서울,204
2025-12,,주택업체,소계,인천,0
2025-12,,주택업체,소계,경기,0
2025-12,,주택업체,소계,부산,0
2025-12,,주택업체,소계,대구,0
2025-12,,주택업체,소계,광주,0
2025-12,,주택업체,소계,대전,0
2025-12,,주택업체,소계,울산,0
2025-12,,주택업체,소계,세종,0
2025-12,,주택업체,소계,강원,0
2025-12,,주택업체,소계,충북,0
2025-12,,주택업체,소계,충남,0
2025-12,,주택업체,소계,전북,0
2025-12,,주택업체,소계,전남,0
2025-12,,주택업체,소계,경북,0
2025-12,,주택업체,소계,경남,0
2025-12,,주택업체,소계,제주,0
2025-12,,주택업체,국민임대,전국,0
2025-12,,주택업체,국민임대,서울,0
2025-12,,주택업체,국민임대,인천,0
2025-12,,주택업체,국민임대,경기,0
2025-12,,주택업체,국민임대,부산,0
2025-12,,주택업체,국민임대,대구,0
2025-12,,주택업체,국민임대,광주,0
2025-12,,주택업체,국민임대,대전,0
2025-12,,주택업체,국민임대,울산,0
2025-12,,주택업체,국민임대,세종,0
2025-12,,주택업체,국민임대,강원,0
2025-12,,주택업체,국민임대,충북,0
2025-12,,주택업체,국민임대,충남,0
2025-12,,주택업체,국민임대,전북,0
2025-12,,주택업체,국민임대,전남,0
2025-12,,주택업체,국민임대,경북,0
2025-12,,주택업체,국민임대,경남,0
2025-12,,주택업체,국민임대,제주,0
2025-12,,주택업체,공공임대,전국,204
2025-12,,주택업체,공공임대,서울,204
2025-12,,주택업체,공공임대,인천,0
2025-12,,주택업체,공공임대,경기,0
2025-12,,주택업체,공공임대,부산,0
2025-12,,주택업체,공공임대,대구,0
2025-12,,주택업체,공공임대,광주,0
2025-12,,주택업체,공공임대,대전,0
2025-12,,주택업체,공공임대,울산,0
2025-12,,주택업체,공공임대,세종,0
2025-12,,주택업체,공공임대,강원,0
2025-12,,주택업체,공공임대,충북,0
2025-12,,주택업체,공공임대,충남,0
2025-12,,주택업체,공공임대,전북,0
2025-12,,주택업체,공공임대,전남,0
2025-12,,주택업체,공공임대,경북,0
2025-12,,주택업체,공공임대,경남,0
2025-12,,주택업체,공공임대,제주,0
2025-12,,주택업체,공공분양,전국,0
2025-12,,주택업체,공공분양,서울,0
2025-12,,주택업체,공공분양,인천,0
2025-12,,주택업체,공공분양,경기,0
2025-12,,주택업체,공공분양,부산,0
2025-12,,주택업체,공공분양,대구,0
2025-12,,주택업체,공공분양,광주,0
2025-12,,주택업체,공공분양,대전,0
2025-12,,주택업체,공공분양,울산,0
2025-12,,주택업체,공공분양,세종,0
2025-12,,주택업체,공공분양,강원,0
2025-12,,주택업체,공공분양,충북,0
2025-12,,주택업체,공공분양,충남,0
2025-12,,주택업체,공공분양,전북,0
2025-12,,주택업체,공공분양,전남,0
2025-12,,주택업체,공공분양,경북,0
2025-12,,주택업체,공공분양,경남,0
2025-12,,주택업체,공공분양,제주,0
2025-12,,민간부문,소계,전국,29933
2025-12,,민간부문,소계,서울,7024
2025-12,,민간부문,소계,인천,2926
2025-12,,민간부문,소계,경기,6870
2025-12,,민간부문,소계,부산,2036
2025-12,,민간부문,소계,대구,1521
2025-12,,민간부문,소계,광주,2865
2025-12,,민간부문,소계,대전,4
2025-12,,민간부문,소계,울산,44
2025-12,,민간부문,소계,세종,2
2025-12,,민간부문,소계,강원,147
2025-12,,민간부문,소계,충북,137
2025-12,,민간부문,소계,충남,1757
2025-12,,민간부문,소계,전북,162
2025-12,,민간부문,소계,전남,1618
2025-12,,민간부문,소계,경북,534
2025-12,,민간부문,소계,경남,2196
2025-12,,민간부문,소계,제주,90
2025-12,,민간,민간임대,전국,1623
2025-12,,민간,민간임대,서울,341
2025-12,,민간,민간임대,인천,0
2025-12,,민간,민간임대,경기,154
2025-12,,민간,민간임대,부산,30
2025-12,,민간,민간임대,대구,0
2025-12,,민간,민간임대,광주,200
2025-12,,민간,민간임대,대전,0
2025-12,,민간,민간임대,울산,0
2025-12,,민간,민간임대,세종,0
2025-12,,민간,민간임대,강원,0
2025-12,,민간,민간임대,충북,0
2025-12,,민간,민간임대,충남,0
2025-12,,민간,민간임대,전북,0
2025-12,,민간,민간임대,전남,116
2025-12,,민간,민간임대,경북,0
2025-12,,민간,민간임대,경남,782
2025-12,,민간,민간임대,제주,0
2025-12,,민간,민간분양,전국,28310
2025-12,,민간,민간분양,서울,6683
2025-12,,민간,민간분양,인천,2926
2025-12,,민간,민간분양,경기,6716
2025-12,,민간,민간분양,부산,2006
2025-12,,민간,민간분양,대구,1521
2025-12,,민간,민간분양,광주,2665
2025-12,,민간,민간분양,대전,4
2025-12,,민간,민간분양,울산,44
2025-12,,민간,민간분양,세종,2
2025-12,,민간,민간분양,강원,147
2025-12,,민간,민간분양,충북,137
2025-12,,민간,민간분양,충남,1757
2025-12,,민간,민간분양,전북,162
2025-12,,민간,민간분양,전남,1502
2025-12,,민간,민간분양,경북,534
2025-12,,민간,민간분양,경남,1414
2025-12,,민간,민간분양,제주,90
2026-01,Y,총계,총계,전국,11314
2026-01,Y,총계,총계,서울,741
2026-01,Y,총계,총계,인천,207
2026-01,Y,총계,총계,경기,6581
2026-01,Y,총계,총계,부산,554
2026-01,Y,총계,총계,대구,9
2026-01,Y,총계,총계,광주,165
2026-01,Y,총계,총계,대전,143
2026-01,Y,총계,총계,울산,18
2026-01,Y,총계,총계,세종,50
2026-01,Y,총계,총계,강원,97
2026-01,Y,총계,총계,충북,35
2026-01,Y,총계,총계,충남,995
2026-01,Y,총계,총계,전북,613
2026-01,Y,총계,총계,전남,354
2026-01,Y,총계,총계,경북,526
2026-01,Y,총계,총계,경남,152
2026-01,Y,총계,총계,제주,74
2026-01,Y,공공부문,소계,전국,265
2026-01,Y,공공부문,소계,서울,186
2026-01,Y,공공부문,소계,인천,0
2026-01,Y,공공부문,소계,경기,79
2026-01,Y,공공부문,소계,부산,0
2026-01,Y,공공부문,소계,대구,0
2026-01,Y,공공부문,소계,광주,0
2026-01,Y,공공부문,소계,대전,0
2026-01,Y,공공부문,소계,울산,0
2026-01,Y,공공부문,소계,세종,0
2026-01,Y,공공부문,소계,강원,0
2026-01,Y,공공부문,소계,충북,0
2026-01,Y,공공부문,소계,충남,0
2026-01,Y,공공부문,소계,전북,0
2026-01,Y,공공부문,소계,전남,0
2026-01,Y,공공부문,소계,경북,0
2026-01,Y,공공부문,소계,경남,0
2026-01,Y,공공부문,소계,제주,0
2026-01,Y,합,국민임대,전국,0
2026-01,Y,합,국민임대,서울,0
2026-01,Y,합,국민임대,인천,0
2026-01,Y,합,국민임대,경기,0
2026-01,Y,합,국민임대,부산,0
2026-01,Y,합,국민임대,대구,0
2026-01,Y,합,국민임대,광주,0
2026-01,Y,합,국민임대,대전,0
2026-01,Y,합,국민임대,울산,0
2026-01,Y,합,국민임대,세종,0
2026-01,Y,합,국민임대,강원,0
2026-01,Y,합,국민임대,충북,0
2026-01,Y,합,국민임대,충남,0
2026-01,Y,합,국민임대,전북,0
2026-01,Y,합,국민임대,전남,0
2026-01,Y,합,국민임대,경북,0
2026-01,Y,합,국민임대,경남,0
2026-01,Y,합,국민임대,제주,0
2026-01,Y,합,공공임대,전국,225
2026-01,Y,합,공공임대,서울,186
2026-01,Y,합,공공임대,인천,0
2026-01,Y,합,공공임대,경기,39
2026-01,Y,합,공공임대,부산,0
2026-01,Y,합,공공임대,대구,0
2026-01,Y,합,공공임대,광주,0
2026-01,Y,합,공공임대,대전,0
2026-01,Y,합,공공임대,울산,0
2026-01,Y,합,공공임대,세종,0
2026-01,Y,합,공공임대,강원,0
2026-01,Y,합,공공임대,충북,0
2026-01,Y,합,공공임대,충남,0
2026-01,Y,합,공공임대,전북,0
2026-01,Y,합,공공임대,전남,0
2026-01,Y,합,공공임대,경북,0
2026-01,Y,합,공공임대,경남,0
2026-01,Y,합,공공임대,제주,0
2026-01,Y,합,공공분양,전국,40
2026-01,Y,합,공공분양,서울,0
2026-01,Y,합,공공분양,인천,0
2026-01,Y,합,공공분양,경기,40
2026-01,Y,합,공공분양,부산,0
2026-01,Y,합,공공분양,대구,0
2026-01,Y,합,공공분양,광주,0
2026-01,Y,합,공공분양,대전,0
2026-01,Y,합,공공분양,울산,0
2026-01,Y,합,공공분양,세종,0
2026-01,Y,합,공공분양,강원,0
2026-01,Y,합,공공분양,충북,0
2026-01,Y,합,공공분양,충남,0
2026-01,Y,합,공공분양,전북,0
2026-01,Y,합,공공분양,전남,0
2026-01,Y,합,공공분양,경북,0
2026-01,Y,합,공공분양,경남,0
2026-01,Y,합,공공분양,제주,0
2026-01,Y,지자체,소계,전국,162
2026-01,Y,지자체,소계,서울,122
2026-01,Y,지자체,소계,인천,0
2026-01,Y,지자체,소계,경기,40
2026-01,Y,지자체,소계,부산,0
2026-01,Y,지자체,소계,대구,0
2026-01,Y,지자체,소계,광주,0
2026-01,Y,지자체,소계,대전,0
2026-01,Y,지자체,소계,울산,0
2026-01,Y,지자체,소계,세종,0
2026-01,Y,지자체,소계,강원,0
2026-01,Y,지자체,소계,충북,0
2026-01,Y,지자체,소계,충남,0
2026-01,Y,지자체,소계,전북,0
2026-01,Y,지자체,소계,전남,0
2026-01,Y,지자체,소계,경북,0
2026-01,Y,지자체,소계,경남,0
2026-01,Y,지자체,소계,제주,0
2026-01,Y,지자체,국민임대,전국,0
2026-01,Y,지자체,국민임대,서울,0
2026-01,Y,지자체,국민임대,인천,0
2026-01,Y,지자체,국민임대,경기,0
2026-01,Y,지자체,국민임대,부산,0
2026-01,Y,지자체,국민임대,대구,0
2026-01,Y,지자체,국민임대,광주,0
2026-01,Y,지자체,국민임대,대전,0
2026-01,Y,지자체,국민임대,울산,0
2026-01,Y,지자체,국민임대,세종,0
2026-01,Y,지자체,국민임대,강원,0
2026-01,Y,지자체,국민임대,충북,0
2026-01,Y,지자체,국민임대,충남,0
2026-01,Y,지자체,국민임대,전북,0
2026-01,Y,지자체,국민임대,전남,0
2026-01,Y,지자체,국민임대,경북,0
2026-01,Y,지자체,국민임대,경남,0
2026-01,Y,지자체,국민임대,제주,0
2026-01,Y,지자체,공공임대,전국,122
2026-01,Y,지자체,공공임대,서울,122
2026-01,Y,지자체,공공임대,인천,0
2026-01,Y,지자체,공공임대,경기,0
2026-01,Y,지자체,공공임대,부산,0
2026-01,Y,지자체,공공임대,대구,0
2026-01,Y,지자체,공공임대,광주,0
2026-01,Y,지자체,공공임대,대전,0
2026-01,Y,지자체,공공임대,울산,0
2026-01,Y,지자체,공공임대,세종,0
2026-01,Y,지자체,공공임대,강원,0
2026-01,Y,지자체,공공임대,충북,0
2026-01,Y,지자체,공공임대,충남,0
2026-01,Y,지자체,공공임대,전북,0
2026-01,Y,지자체,공공임대,전남,0
2026-01,Y,지자체,공공임대,경북,0
2026-01,Y,지자체,공공임대,경남,0
2026-01,Y,지자체,공공임대,제주,0
2026-01,Y,지자체,공공분양,전국,40
2026-01,Y,지자체,공공분양,서울,0
2026-01,Y,지자체,공공분양,인천,0
2026-01,Y,지자체,공공분양,경기,40
2026-01,Y,지자체,공공분양,부산,0
2026-01,Y,지자체,공공분양,대구,0
2026-01,Y,지자체,공공분양,광주,0
2026-01,Y,지자체,공공분양,대전,0
2026-01,Y,지자체,공공분양,울산,0
2026-01,Y,지자체,공공분양,세종,0
2026-01,Y,지자체,공공분양,강원,0
2026-01,Y,지자체,공공분양,충북,0
2026-01,Y,지자체,공공분양,충남,0
2026-01,Y,지자체,공공분양,전북,0
2026-01,Y,지자체,공공분양,전남,0
2026-01,Y,지자체,공공분양,경북,0
2026-01,Y,지자체,공공분양,경남,0
2026-01,Y,지자체,공공분양,제주,0
2026-01,Y,LH,소계,전국,0
2026-01,Y,LH,소계,서울,0
2026-01,Y,LH,소계,인천,0
2026-01,Y,LH,소계,경기,0
2026-01,Y,LH,소계,부산,0
2026-01,Y,LH,소계,대구,0
2026-01,Y,LH,소계,광주,0
2026-01,Y,LH,소계,대전,0
2026-01,Y,LH,소계,울산,0
2026-01,Y,LH,소계,세종,0
2026-01,Y,LH,소계,강원,0
2026-01,Y,LH,소계,충북,0
2026-01,Y,LH,소계,충남,0
2026-01,Y,LH,소계,전북,0
2026-01,Y,LH,소계,전남,0
2026-01,Y,LH,소계,경북,0
2026-01,Y,LH,소계,경남,0
2026-01,Y,LH,소계,제주,0
2026-01,Y,LH,국민임대,전국,0
2026-01,Y,LH,국민임대,서울,0
2026-01,Y,LH,국민임대,인천,0
2026-01,Y,LH,국민임대,경기,0
2026-01,Y,LH,국민임대,부산,0
2026-01,Y,LH,국민임대,대구,0
2026-01,Y,LH,국민임대,광주,0
2026-01,Y,LH,국민임대,대전,0
2026-01,Y,LH,국민임대,울산,0
2026-01,Y,LH,국민임대,세종,0
2026-01,Y,LH,국민임대,강원,0
2026-01,Y,LH,국민임대,충북,0
2026-01,Y,LH,국민임대,충남,0
2026-01,Y,LH,국민임대,전북,0
2026-01,Y,LH,국민임대,전남,0
2026-01,Y,LH,국민임대,경북,0
2026-01,Y,LH,국민임대,경남,0
2026-01,Y,LH,국민임대,제주,0
2026-01,Y,LH,공공임대,전국,0
2026-01,Y,LH,공공임대,서울,0
2026-01,Y,LH,공공임대,인천,0
2026-01,Y,LH,공공임대,경기,0
2026-01,Y,LH,공공임대,부산,0
2026-01,Y,LH,공공임대,대구,0
2026-01,Y,LH,공공임대,광주,0
2026-01,Y,LH,공공임대,대전,0
2026-01,Y,LH,공공임대,울산,0
2026-01,Y,LH,공공임대,세종,0
2026-01,Y,LH,공공임대,강원,0
2026-01,Y,LH,공공임대,충북,0
2026-01,Y,LH,공공임대,충남,0
2026-01,Y,LH,공공임대,전북,0
2026-01,Y,LH,공공임대,전남,0
2026-01,Y,LH,공공임대,경북,0
2026-01,Y,LH,공공임대,경남,0
2026-01,Y,LH,공공임대,제주,0
2026-01,Y,LH,공공분양,전국,0
2026-01,Y,LH,공공분양,서울,0
2026-01,Y,LH,공공분양,인천,0
2026-01,Y,LH,공공분양,경기,0
2026-01,Y,LH,공공분양,부산,0
2026-01,Y,LH,공공분양,대구,0
2026-01,Y,LH,공공분양,광주,0
2026-01,Y,LH,공공분양,대전,0
2026-01,Y,LH,공공분양,울산,0
2026-01,Y,LH,공공분양,세종,0
2026-01,Y,LH,공공분양,강원,0
2026-01,Y,LH,공공분양,충북,0
2026-01,Y,LH,공공분양,충남,0
2026-01,Y,LH,공공분양,전북,0
2026-01,Y,LH,공공분양,전남,0
2026-01,Y,LH,공공분양,경북,0
2026-01,Y,LH,공공분양,경남,0
2026-01,Y,LH,공공분양,제주,0
2026-01,Y,주택업체,소계,전국,103
2026-01,Y,주택업체,소계,서울,64
2026-01,Y,주택업체,소계,인천,0
2026-01,Y,주택업체,소계,경기,39
2026-01,Y,주택업체,소계,부산,0
2026-01,Y,주택업체,소계,대구,0
2026-01,Y,주택업체,소계,광주,0
2026-01,Y,주택업체,소계,대전,0
2026-01,Y,주택업체,소계,울산,0
2026-01,Y,주택업체,소계,세종,0
2026-01,Y,주택업체,소계,강원,0
2026-01,Y,주택업체,소계,충북,0
2026-01,Y,주택업체,소계,충남,0
2026-01,Y,주택업체,소계,전북,0
2026-01,Y,주택업체,소계,전남,0
2026-01,Y,주택업체,소계,경북,0
2026-01,Y,주택업체,소계,경남,0
2026-01,Y,주택업체,소계,제주,0
2026-01,Y,주택업체,국민임대,전국,0
2026-01,Y,주택업체,국민임대,서울,0
2026-01,Y,주택업체,국민임대,인천,0
2026-01,Y,주택업체,국민임대,경기,0
2026-01,Y,주택업체,국민임대,부산,0
2026-01,Y,주택업체,국민임대,대구,0
2026-01,Y,주택업체,국민임대,광주,0
2026-01,Y,주택업체,국민임대,대전,0
2026-01,Y,주택업체,국민임대,울산,0
2026-01,Y,주택업체,국민임대,세종,0
2026-01,Y,주택업체,국민임대,강원,0
2026-01,Y,주택업체,국민임대,충북,0
2026-01,Y,주택업체,국민임대,충남,0
2026-01,Y,주택업체,국민임대,전북,0
2026-01,Y,주택업체,국민임대,전남,0
2026-01,Y,주택업체,국민임대,경북,0
2026-01,Y,주택업체,국민임대,경남,0
2026-01,Y,주택업체,국민임대,제주,0
2026-01,Y,주택업체,공공임대,전국,103
2026-01,Y,주택업체,공공임대,서울,64
2026-01,Y,주택업체,공공임대,인천,0
2026-01,Y,주택업체,공공임대,경기,39
2026-01,Y,주택업체,공공임대,부산,0
2026-01,Y,주택업체,공공임대,대구,0
2026-01,Y,주택업체,공공임대,광주,0
2026-01,Y,주택업체,공공임대,대전,0
2026-01,Y,주택업체,공공임대,울산,0
2026-01,Y,주택업체,공공임대,세종,0
2026-01,Y,주택업체,공공임대,강원,0
2026-01,Y,주택업체,공공임대,충북,0
2026-01,Y,주택업체,공공임대,충남,0
2026-01,Y,주택업체,공공임대,전북,0
2026-01,Y,주택업체,공공임대,전남,0
2026-01,Y,주택업체,공공임대,경북,0
2026-01,Y,주택업체,공공임대,경남,0
2026-01,Y,주택업체,공공임대,제주,0
2026-01,Y,주택업체,공공분양,전국,0
2026-01,Y,주택업체,공공분양,서울,0
2026-01,Y,주택업체,공공분양,인천,0
2026-01,Y,주택업체,공공분양,경기,0
2026-01,Y,주택업체,공공분양,부산,0
2026-01,Y,주택업체,공공분양,대구,0
2026-01,Y,주택업체,공공분양,광주,0
2026-01,Y,주택업체,공공분양,대전,0
2026-01,Y,주택업체,공공분양,울산,0
2026-01,Y,주택업체,공공분양,세종,0
2026-01,Y,주택업체,공공분양,강원,0
2026-01,Y,주택업체,공공분양,충북,0
2026-01,Y,주택업체,공공분양,충남,0
2026-01,Y,주택업체,공공분양,전북,0
2026-01,Y,주택업체,공공분양,전남,0
2026-01,Y,주택업체,공공분양,경북,0
2026-01,Y,주택업체,공공분양,경남,0
2026-01,Y,주택업체,공공분양,제주,0
2026-01,Y,민간부문,소계,전국,11049
2026-01,Y,민간부문,소계,서울,555
2026-01,Y,민간부문,소계,인천,207
2026-01,Y,민간부문,소계,경기,6502
2026-01,Y,민간부문,소계,부산,554
2026-01,Y,민간부문,소계,대구,9
2026-01,Y,민간부문,소계,광주,165
2026-01,Y,민간부문,소계,대전,143
2026-01,Y,민간부문,소계,울산,18
2026-01,Y,민간부문,소계,세종,50
2026-01,Y,민간부문,소계,강원,97
2026-01,Y,민간부문,소계,충북,35
2026-01,Y,민간부문,소계,충남,995
2026-01,Y,민간부문,소계,전북,613
2026-01,Y,민간부문,소계,전남,354
2026-01,Y,민간부문,소계,경북,526
2026-01,Y,민간부문,소계,경남,152
2026-01,Y,민간부문,소계,제주,74
2026-01,Y,민간,민간임대,전국,1335
2026-01,Y,민간,민간임대,서울,34
2026-01,Y,민간,민간임대,인천,0
2026-01,Y,민간,민간임대,경기,890
2026-01,Y,민간,민간임대,부산,0
2026-01,Y,민간,민간임대,대구,0
2026-01,Y,민간,민간임대,광주,162
2026-01,Y,민간,민간임대,대전,0
2026-01,Y,민간,민간임대,울산,0
2026-01,Y,민간,민간임대,세종,0
2026-01,Y,민간,민간임대,강원,0
2026-01,Y,민간,민간임대,충북,0
2026-01,Y,민간,민간임대,충남,0
2026-01,Y,민간,민간임대,전북,0
2026-01,Y,민간,민간임대,전남,249
2026-01,Y,민간,민간임대,경북,0
2026-01,Y,민간,민간임대,경남,0
2026-01,Y,민간,민간임대,제주,0
2026-01,Y,민간,민간분양,전국,9714
2026-01,Y,민간,민간분양,서울,521
2026-01,Y,민간,민간분양,인천,207
2026-01,Y,민간,민간분양,경기,5612
2026-01,Y,민간,민간분양,부산,554
2026-01,Y,민간,민간분양,대구,9
2026-01,Y,민간,민간분양,광주,3
2026-01,Y,민간,민간분양,대전,143
2026-01,Y,민간,민간분양,울산,18
2026-01,Y,민간,민간분양,세종,50
2026-01,Y,민간,민간분양,강원,97
2026-01,Y,민간,민간분양,충북,35
2026-01,Y,민간,민간분양,충남,995
2026-01,Y,민간,민간분양,전북,613
2026-01,Y,민간,민간분양,전남,105
2026-01,Y,민간,민간분양,경북,526
2026-01,Y,민간,민간분양,경남,152
2026-01,Y,민간,민간분양,제주,74
2026-02,Y,총계,총계,전국,14795
2026-02,Y,총계,총계,서울,3031
2026-02,Y,총계,총계,인천,368
2026-02,Y,총계,총계,경기,2995
2026-02,Y,총계,총계,부산,2671
2026-02,Y,총계,총계,대구,627
2026-02,Y,총계,총계,광주,5
2026-02,Y,총계,총계,대전,5
2026-02,Y,총계,총계,울산,661
2026-02,Y,총계,총계,세종,11
2026-02,Y,총계,총계,강원,334
2026-02,Y,총계,총계,충북,166
2026-02,Y,총계,총계,충남,2334
2026-02,Y,총계,총계,전북,53
2026-02,Y,총계,총계,전남,101
2026-02,Y,총계,총계,경북,929
2026-02,Y,총계,총계,경남,170
2026-02,Y,총계,총계,제주,334
2026-02,Y,공공부문,소계,전국,532
2026-02,Y,공공부문,소계,서울,171
2026-02,Y,공공부문,소계,인천,0
2026-02,Y,공공부문,소계,경기,43
2026-02,Y,공공부문,소계,부산,0
2026-02,Y,공공부문,소계,대구,0
2026-02,Y,공공부문,소계,광주,0
2026-02,Y,공공부문,소계,대전,0
2026-02,Y,공공부문,소계,울산,0
2026-02,Y,공공부문,소계,세종,0
2026-02,Y,공공부문,소계,강원,0
2026-02,Y,공공부문,소계,충북,0
2026-02,Y,공공부문,소계,충남,318
2026-02,Y,공공부문,소계,전북,0
2026-02,Y,공공부문,소계,전남,0
2026-02,Y,공공부문,소계,경북,0
2026-02,Y,공공부문,소계,경남,0
2026-02,Y,공공부문,소계,제주,0
2026-02,Y,합,국민임대,전국,0
2026-02,Y,합,국민임대,서울,0
2026-02,Y,합,국민임대,인천,0
2026-02,Y,합,국민임대,경기,0
2026-02,Y,합,국민임대,부산,0
2026-02,Y,합,국민임대,대구,0
2026-02,Y,합,국민임대,광주,0
2026-02,Y,합,국민임대,대전,0
2026-02,Y,합,국민임대,울산,0
2026-02,Y,합,국민임대,세종,0
2026-02,Y,합,국민임대,강원,0
2026-02,Y,합,국민임대,충북,0
2026-02,Y,합,국민임대,충남,0
2026-02,Y,합,국민임대,전북,0
2026-02,Y,합,국민임대,전남,0
2026-02,Y,합,국민임대,경북,0
2026-02,Y,합,국민임대,경남,0
2026-02,Y,합,국민임대,제주,0
2026-02,Y,합,공공임대,전국,532
2026-02,Y,합,공공임대,서울,171
2026-02,Y,합,공공임대,인천,0
2026-02,Y,합,공공임대,경기,43
2026-02,Y,합,공공임대,부산,0
2026-02,Y,합,공공임대,대구,0
2026-02,Y,합,공공임대,광주,0
2026-02,Y,합,공공임대,대전,0
2026-02,Y,합,공공임대,울산,0
2026-02,Y,합,공공임대,세종,0
2026-02,Y,합,공공임대,강원,0
2026-02,Y,합,공공임대,충북,0
2026-02,Y,합,공공임대,충남,318
2026-02,Y,합,공공임대,전북,0
2026-02,Y,합,공공임대,전남,0
2026-02,Y,합,공공임대,경북,0
2026-02,Y,합,공공임대,경남,0
2026-02,Y,합,공공임대,제주,0
2026-02,Y,합,공공분양,전국,0
2026-02,Y,합,공공분양,서울,0
2026-02,Y,합,공공분양,인천,0
2026-02,Y,합,공공분양,경기,0
2026-02,Y,합,공공분양,부산,0
2026-02,Y,합,공공분양,대구,0
2026-02,Y,합,공공분양,광주,0
2026-02,Y,합,공공분양,대전,0
2026-02,Y,합,공공분양,울산,0
2026-02,Y,합,공공분양,세종,0
2026-02,Y,합,공공분양,강원,0
2026-02,Y,합,공공분양,충북,0
2026-02,Y,합,공공분양,충남,0
2026-02,Y,합,공공분양,전북,0
2026-02,Y,합,공공분양,전남,0
2026-02,Y,합,공공분양,경북,0
2026-02,Y,합,공공분양,경남,0
2026-02,Y,합,공공분양,제주,0
2026-02,Y,지자체,소계,전국,0
2026-02,Y,지자체,소계,서울,0
2026-02,Y,지자체,소계,인천,0
2026-02,Y,지자체,소계,경기,0
2026-02,Y,지자체,소계,부산,0
2026-02,Y,지자체,소계,대구,0
2026-02,Y,지자체,소계,광주,0
2026-02,Y,지자체,소계,대전,0
2026-02,Y,지자체,소계,울산,0
2026-02,Y,지자체,소계,세종,0
2026-02,Y,지자체,소계,강원,0
2026-02,Y,지자체,소계,충북,0
2026-02,Y,지자체,소계,충남,0
2026-02,Y,지자체,소계,전북,0
2026-02,Y,지자체,소계,전남,0
2026-02,Y,지자체,소계,경북,0
2026-02,Y,지자체,소계,경남,0
2026-02,Y,지자체,소계,제주,0
2026-02,Y,지자체,국민임대,전국,0
2026-02,Y,지자체,국민임대,서울,0
2026-02,Y,지자체,국민임대,인천,0
2026-02,Y,지자체,국민임대,경기,0
2026-02,Y,지자체,국민임대,부산,0
2026-02,Y,지자체,국민임대,대구,0
2026-02,Y,지자체,국민임대,광주,0
2026-02,Y,지자체,국민임대,대전,0
2026-02,Y,지자체,국민임대,울산,0
2026-02,Y,지자체,국민임대,세종,0
2026-02,Y,지자체,국민임대,강원,0
2026-02,Y,지자체,국민임대,충북,0
2026-02,Y,지자체,국민임대,충남,0
2026-02,Y,지자체,국민임대,전북,0
2026-02,Y,지자체,국민임대,전남,0
2026-02,Y,지자체,국민임대,경북,0
2026-02,Y,지자체,국민임대,경남,0
2026-02,Y,지자체,국민임대,제주,0
2026-02,Y,지자체,공공임대,전국,0
2026-02,Y,지자체,공공임대,서울,0
2026-02,Y,지자체,공공임대,인천,0
2026-02,Y,지자체,공공임대,경기,0
2026-02,Y,지자체,공공임대,부산,0
2026-02,Y,지자체,공공임대,대구,0
2026-02,Y,지자체,공공임대,광주,0
2026-02,Y,지자체,공공임대,대전,0
2026-02,Y,지자체,공공임대,울산,0
2026-02,Y,지자체,공공임대,세종,0
2026-02,Y,지자체,공공임대,강원,0
2026-02,Y,지자체,공공임대,충북,0
2026-02,Y,지자체,공공임대,충남,0
2026-02,Y,지자체,공공임대,전북,0
2026-02,Y,지자체,공공임대,전남,0
2026-02,Y,지자체,공공임대,경북,0
2026-02,Y,지자체,공공임대,경남,0
2026-02,Y,지자체,공공임대,제주,0
2026-02,Y,지자체,공공분양,전국,0
2026-02,Y,지자체,공공분양,서울,0
2026-02,Y,지자체,공공분양,인천,0
2026-02,Y,지자체,공공분양,경기,0
2026-02,Y,지자체,공공분양,부산,0
2026-02,Y,지자체,공공분양,대구,0
2026-02,Y,지자체,공공분양,광주,0
2026-02,Y,지자체,공공분양,대전,0
2026-02,Y,지자체,공공분양,울산,0
2026-02,Y,지자체,공공분양,세종,0
2026-02,Y,지자체,공공분양,강원,0
2026-02,Y,지자체,공공분양,충북,0
2026-02,Y,지자체,공공분양,충남,0
2026-02,Y,지자체,공공분양,전북,0
2026-02,Y,지자체,공공분양,전남,0
2026-02,Y,지자체,공공분양,경북,0
2026-02,Y,지자체,공공분양,경남,0
2026-02,Y,지자체,공공분양,제주,0
2026-02,Y,LH,소계,전국,318
2026-02,Y,LH,소계,서울,0
2026-02,Y,LH,소계,인천,0
2026-02,Y,LH,소계,경기,0
2026-02,Y,LH,소계,부산,0
2026-02,Y,LH,소계,대구,0
2026-02,Y,LH,소계,광주,0
2026-02,Y,LH,소계,대전,0
2026-02,Y,LH,소계,울산,0
2026-02,Y,LH,소계,세종,0
2026-02,Y,LH,소계,강원,0
2026-02,Y,LH,소계,충북,0
2026-02,Y,LH,소계,충남,318
2026-02,Y,LH,소계,전북,0
2026-02,Y,LH,소계,전남,0
2026-02,Y,LH,소계,경북,0
2026-02,Y,LH,소계,경남,0
2026-02,Y,LH,소계,제주,0
2026-02,Y,LH,국민임대,전국,0
2026-02,Y,LH,국민임대,서울,0
2026-02,Y,LH,국민임대,인천,0
2026-02,Y,LH,국민임대,경기,0
2026-02,Y,LH,국민임대,부산,0
2026-02,Y,LH,국민임대,대구,0
2026-02,Y,LH,국민임대,광주,0
2026-02,Y,LH,국민임대,대전,0
2026-02,Y,LH,국민임대,울산,0
2026-02,Y,LH,국민임대,세종,0
2026-02,Y,LH,국민임대,강원,0
2026-02,Y,LH,국민임대,충북,0
2026-02,Y,LH,국민임대,충남,0
2026-02,Y,LH,국민임대,전북,0
2026-02,Y,LH,국민임대,전남,0
2026-02,Y,LH,국민임대,경북,0
2026-02,Y,LH,국민임대,경남,0
2026-02,Y,LH,국민임대,제주,0
2026-02,Y,LH,공공임대,전국,318
2026-02,Y,LH,공공임대,서울,0
2026-02,Y,LH,공공임대,인천,0
2026-02,Y,LH,공공임대,경기,0
2026-02,Y,LH,공공임대,부산,0
2026-02,Y,LH,공공임대,대구,0
2026-02,Y,LH,공공임대,광주,0
2026-02,Y,LH,공공임대,대전,0
2026-02,Y,LH,공공임대,울산,0
2026-02,Y,LH,공공임대,세종,0
2026-02,Y,LH,공공임대,강원,0
2026-02,Y,LH,공공임대,충북,0
2026-02,Y,LH,공공임대,충남,318
2026-02,Y,LH,공공임대,전북,0
2026-02,Y,LH,공공임대,전남,0
2026-02,Y,LH,공공임대,경북,0
2026-02,Y,LH,공공임대,경남,0
2026-02,Y,LH,공공임대,제주,0
2026-02,Y,LH,공공분양,전국,0
2026-02,Y,LH,공공분양,서울,0
2026-02,Y,LH,공공분양,인천,0
2026-02,Y,LH,공공분양,경기,0
2026-02,Y,LH,공공분양,부산,0
2026-02,Y,LH,공공분양,대구,0
2026-02,Y,LH,공공분양,광주,0
2026-02,Y,LH,공공분양,대전,0
2026-02,Y,LH,공공분양,울산,0
2026-02,Y,LH,공공분양,세종,0
2026-02,Y,LH,공공분양,강원,0
2026-02,Y,LH,공공분양,충북,0
2026-02,Y,LH,공공분양,충남,0
2026-02,Y,LH,공공분양,전북,0
2026-02,Y,LH,공공분양,전남,0
2026-02,Y,LH,공공분양,경북,0
2026-02,Y,LH,공공분양,경남,0
2026-02,Y,LH,공공분양,제주,0
2026-02,Y,주택업체,소계,전국,214
2026-02,Y,주택업체,소계,서울,171
2026-02,Y,주택업체,소계,인천,0
2026-02,Y,주택업체,소계,경기,43
2026-02,Y,주택업체,소계,부산,0
2026-02,Y,주택업체,소계,대구,0
2026-02,Y,주택업체,소계,광주,0
2026-02,Y,주택업체,소계,대전,0
2026-02,Y,주택업체,소계,울산,0
2026-02,Y,주택업체,소계,세종,0
2026-02,Y,주택업체,소계,강원,0
2026-02,Y,주택업체,소계,충북,0
2026-02,Y,주택업체,소계,충남,0
2026-02,Y,주택업체,소계,전북,0
2026-02,Y,주택업체,소계,전남,0
2026-02,Y,주택업체,소계,경북,0
2026-02,Y,주택업체,소계,경남,0
2026-02,Y,주택업체,소계,제주,0
2026-02,Y,주택업체,국민임대,전국,0
2026-02,Y,주택업체,국민임대,서울,0
2026-02,Y,주택업체,국민임대,인천,0
2026-02,Y,주택업체,국민임대,경기,0
2026-02,Y,주택업체,국민임대,부산,0
2026-02,Y,주택업체,국민임대,대구,0
2026-02,Y,주택업체,국민임대,광주,0
2026-02,Y,주택업체,국민임대,대전,0
2026-02,Y,주택업체,국민임대,울산,0
2026-02,Y,주택업체,국민임대,세종,0
2026-02,Y,주택업체,국민임대,강원,0
2026-02,Y,주택업체,국민임대,충북,0
2026-02,Y,주택업체,국민임대,충남,0
2026-02,Y,주택업체,국민임대,전북,0
2026-02,Y,주택업체,국민임대,전남,0
2026-02,Y,주택업체,국민임대,경북,0
2026-02,Y,주택업체,국민임대,경남,0
2026-02,Y,주택업체,국민임대,제주,0
2026-02,Y,주택업체,공공임대,전국,214
2026-02,Y,주택업체,공공임대,서울,171
2026-02,Y,주택업체,공공임대,인천,0
2026-02,Y,주택업체,공공임대,경기,43
2026-02,Y,주택업체,공공임대,부산,0
2026-02,Y,주택업체,공공임대,대구,0
2026-02,Y,주택업체,공공임대,광주,0
2026-02,Y,주택업체,공공임대,대전,0
2026-02,Y,주택업체,공공임대,울산,0
2026-02,Y,주택업체,공공임대,세종,0
2026-02,Y,주택업체,공공임대,강원,0
2026-02,Y,주택업체,공공임대,충북,0
2026-02,Y,주택업체,공공임대,충남,0
2026-02,Y,주택업체,공공임대,전북,0
2026-02,Y,주택업체,공공임대,전남,0
2026-02,Y,주택업체,공공임대,경북,0
2026-02,Y,주택업체,공공임대,경남,0
2026-02,Y,주택업체,공공임대,제주,0
2026-02,Y,주택업체,공공분양,전국,0
2026-02,Y,주택업체,공공분양,서울,0
2026-02,Y,주택업체,공공분양,인천,0
2026-02,Y,주택업체,공공분양,경기,0
2026-02,Y,주택업체,공공분양,부산,0
2026-02,Y,주택업체,공공분양,대구,0
2026-02,Y,주택업체,공공분양,광주,0
2026-02,Y,주택업체,공공분양,대전,0
2026-02,Y,주택업체,공공분양,울산,0
2026-02,Y,주택업체,공공분양,세종,0
2026-02,Y,주택업체,공공분양,강원,0
2026-02,Y,주택업체,공공분양,충북,0
2026-02,Y,주택업체,공공분양,충남,0
2026-02,Y,주택업체,공공분양,전북,0
2026-02,Y,주택업체,공공분양,전남,0
2026-02,Y,주택업체,공공분양,경북,0
2026-02,Y,주택업체,공공분양,경남,0
2026-02,Y,주택업체,공공분양,제주,0
2026-02,Y,민간부문,소계,전국,14263
2026-02,Y,민간부문,소계,서울,2860
2026-02,Y,민간부문,소계,인천,368
2026-02,Y,민간부문,소계,경기,2952
2026-02,Y,민간부문,소계,부산,2671
2026-02,Y,민간부문,소계,대구,627
2026-02,Y,민간부문,소계,광주,5
2026-02,Y,민간부문,소계,대전,5
2026-02,Y,민간부문,소계,울산,661
2026-02,Y,민간부문,소계,세종,11
2026-02,Y,민간부문,소계,강원,334
2026-02,Y,민간부문,소계,충북,166
2026-02,Y,민간부문,소계,충남,2016
2026-02,Y,민간부문,소계,전북,53
2026-02,Y,민간부문,소계,전남,101
2026-02,Y,민간부문,소계,경북,929
2026-02,Y,민간부문,소계,경남,170
2026-02,Y,민간부문,소계,제주,334
2026-02,Y,민간,민간임대,전국,1517
2026-02,Y,민간,민간임대,서울,0
2026-02,Y,민간,민간임대,인천,0
2026-02,Y,민간,민간임대,경기,0
2026-02,Y,민간,민간임대,부산,0
2026-02,Y,민간,민간임대,대구,614
2026-02,Y,민간,민간임대,광주,0
2026-02,Y,민간,민간임대,대전,0
2026-02,Y,민간,민간임대,울산,652
2026-02,Y,민간,민간임대,세종,0
2026-02,Y,민간,민간임대,강원,0
2026-02,Y,민간,민간임대,충북,0
2026-02,Y,민간,민간임대,충남,99
2026-02,Y,민간,민간임대,전북,0
2026-02,Y,민간,민간임대,전남,0
2026-02,Y,민간,민간임대,경북,0
2026-02,Y,민간,민간임대,경남,0
2026-02,Y,민간,민간임대,제주,152
2026-02,Y,민간,민간분양,전국,12746
2026-02,Y,민간,민간분양,서울,2860
2026-02,Y,민간,민간분양,인천,368
2026-02,Y,민간,민간분양,경기,2952
2026-02,Y,민간,민간분양,부산,2671
2026-02,Y,민간,민간분양,대구,13
2026-02,Y,민간,민간분양,광주,5
2026-02,Y,민간,민간분양,대전,5
2026-02,Y,민간,민간분양,울산,9
2026-02,Y,민간,민간분양,세종,11
2026-02,Y,민간,민간분양,강원,334
2026-02,Y,민간,민간분양,충북,166
2026-02,Y,민간,민간분양,충남,1917
2026-02,Y,민간,민간분양,전북,53
2026-02,Y,민간,민간분양,전남,101
2026-02,Y,민간,민간분양,경북,929
2026-02,Y,민간,민간분양,경남,170
2026-02,Y,민간,민간분양,제주,182
2026-03,Y,총계,총계,전국,18995
2026-03,Y,총계,총계,서울,1239
2026-03,Y,총계,총계,인천,1629
2026-03,Y,총계,총계,경기,3413
2026-03,Y,총계,총계,부산,32
2026-03,Y,총계,총계,대구,21
2026-03,Y,총계,총계,광주,8
2026-03,Y,총계,총계,대전,2301
2026-03,Y,총계,총계,울산,20
2026-03,Y,총계,총계,세종,22
2026-03,Y,총계,총계,강원,960
2026-03,Y,총계,총계,충북,1539
2026-03,Y,총계,총계,충남,1702
2026-03,Y,총계,총계,전북,151
2026-03,Y,총계,총계,전남,1832
2026-03,Y,총계,총계,경북,1553
2026-03,Y,총계,총계,경남,2390
2026-03,Y,총계,총계,제주,183
2026-03,Y,공공부문,소계,전국,2339
2026-03,Y,공공부문,소계,서울,180
2026-03,Y,공공부문,소계,인천,0
2026-03,Y,공공부문,소계,경기,1024
2026-03,Y,공공부문,소계,부산,0
2026-03,Y,공공부문,소계,대구,0
2026-03,Y,공공부문,소계,광주,0
2026-03,Y,공공부문,소계,대전,0
2026-03,Y,공공부문,소계,울산,0
2026-03,Y,공공부문,소계,세종,0
2026-03,Y,공공부문,소계,강원,0
2026-03,Y,공공부문,소계,충북,0
2026-03,Y,공공부문,소계,충남,0
2026-03,Y,공공부문,소계,전북,0
2026-03,Y,공공부문,소계,전남,0
2026-03,Y,공공부문,소계,경북,0
2026-03,Y,공공부문,소계,경남,1135
2026-03,Y,공공부문,소계,제주,0
2026-03,Y,합,국민임대,전국,8
2026-03,Y,합,국민임대,서울,8
2026-03,Y,합,국민임대,인천,0
2026-03,Y,합,국민임대,경기,0
2026-03,Y,합,국민임대,부산,0
2026-03,Y,합,국민임대,대구,0
2026-03,Y,합,국민임대,광주,0
2026-03,Y,합,국민임대,대전,0
2026-03,Y,합,국민임대,울산,0
2026-03,Y,합,국민임대,세종,0
2026-03,Y,합,국민임대,강원,0
2026-03,Y,합,국민임대,충북,0
2026-03,Y,합,국민임대,충남,0
2026-03,Y,합,국민임대,전북,0
2026-03,Y,합,국민임대,전남,0
2026-03,Y,합,국민임대,경북,0
2026-03,Y,합,국민임대,경남,0
2026-03,Y,합,국민임대,제주,0
2026-03,Y,합,공공임대,전국,985
2026-03,Y,합,공공임대,서울,172
2026-03,Y,합,공공임대,인천,0
2026-03,Y,합,공공임대,경기,0
2026-03,Y,합,공공임대,부산,0
2026-03,Y,합,공공임대,대구,0
2026-03,Y,합,공공임대,광주,0
2026-03,Y,합,공공임대,대전,0
2026-03,Y,합,공공임대,울산,0
2026-03,Y,합,공공임대,세종,0
2026-03,Y,합,공공임대,강원,0
2026-03,Y,합,공공임대,충북,0
2026-03,Y,합,공공임대,충남,0
2026-03,Y,합,공공임대,전북,0
2026-03,Y,합,공공임대,전남,0
2026-03,Y,합,공공임대,경북,0
2026-03,Y,합,공공임대,경남,813
2026-03,Y,합,공공임대,제주,0
2026-03,Y,합,공공분양,전국,1346
2026-03,Y,합,공공분양,서울,0
2026-03,Y,합,공공분양,인천,0
2026-03,Y,합,공공분양,경기,1024
2026-03,Y,합,공공분양,부산,0
2026-03,Y,합,공공분양,대구,0
2026-03,Y,합,공공분양,광주,0
2026-03,Y,합,공공분양,대전,0
2026-03,Y,합,공공분양,울산,0
2026-03,Y,합,공공분양,세종,0
2026-03,Y,합,공공분양,강원,0
2026-03,Y,합,공공분양,충북,0
2026-03,Y,합,공공분양,충남,0
2026-03,Y,합,공공분양,전북,0
2026-03,Y,합,공공분양,전남,0
2026-03,Y,합,공공분양,경북,0
2026-03,Y,합,공공분양,경남,322
2026-03,Y,합,공공분양,제주,0
2026-03,Y,지자체,소계,전국,122
2026-03,Y,지자체,소계,서울,53
2026-03,Y,지자체,소계,인천,0
2026-03,Y,지자체,소계,경기,0
2026-03,Y,지자체,소계,부산,0
2026-03,Y,지자체,소계,대구,0
2026-03,Y,지자체,소계,광주,0
2026-03,Y,지자체,소계,대전,0
2026-03,Y,지자체,소계,울산,0
2026-03,Y,지자체,소계,세종,0
2026-03,Y,지자체,소계,강원,0
2026-03,Y,지자체,소계,충북,0
2026-03,Y,지자체,소계,충남,0
2026-03,Y,지자체,소계,전북,0
2026-03,Y,지자체,소계,전남,0
2026-03,Y,지자체,소계,경북,0
2026-03,Y,지자체,소계,경남,69
2026-03,Y,지자체,소계,제주,0
2026-03,Y,지자체,국민임대,전국,8
2026-03,Y,지자체,국민임대,서울,8
2026-03,Y,지자체,국민임대,인천,0
2026-03,Y,지자체,국민임대,경기,0
2026-03,Y,지자체,국민임대,부산,0
2026-03,Y,지자체,국민임대,대구,0
2026-03,Y,지자체,국민임대,광주,0
2026-03,Y,지자체,국민임대,대전,0
2026-03,Y,지자체,국민임대,울산,0
2026-03,Y,지자체,국민임대,세종,0
2026-03,Y,지자체,국민임대,강원,0
2026-03,Y,지자체,국민임대,충북,0
2026-03,Y,지자체,국민임대,충남,0
2026-03,Y,지자체,국민임대,전북,0
2026-03,Y,지자체,국민임대,전남,0
2026-03,Y,지자체,국민임대,경북,0
2026-03,Y,지자체,국민임대,경남,0
2026-03,Y,지자체,국민임대,제주,0
2026-03,Y,지자체,공공임대,전국,114
2026-03,Y,지자체,공공임대,서울,45
2026-03,Y,지자체,공공임대,인천,0
2026-03,Y,지자체,공공임대,경기,0
2026-03,Y,지자체,공공임대,부산,0
2026-03,Y,지자체,공공임대,대구,0
2026-03,Y,지자체,공공임대,광주,0
2026-03,Y,지자체,공공임대,대전,0
2026-03,Y,지자체,공공임대,울산,0
2026-03,Y,지자체,공공임대,세종,0
2026-03,Y,지자체,공공임대,강원,0
2026-03,Y,지자체,공공임대,충북,0
2026-03,Y,지자체,공공임대,충남,0
2026-03,Y,지자체,공공임대,전북,0
2026-03,Y,지자체,공공임대,전남,0
2026-03,Y,지자체,공공임대,경북,0
2026-03,Y,지자체,공공임대,경남,69
2026-03,Y,지자체,공공임대,제주,0
2026-03,Y,지자체,공공분양,전국,0
2026-03,Y,지자체,공공분양,서울,0
2026-03,Y,지자체,공공분양,인천,0
2026-03,Y,지자체,공공분양,경기,0
2026-03,Y,지자체,공공분양,부산,0
2026-03,Y,지자체,공공분양,대구,0
2026-03,Y,지자체,공공분양,광주,0
2026-03,Y,지자체,공공분양,대전,0
2026-03,Y,지자체,공공분양,울산,0
2026-03,Y,지자체,공공분양,세종,0
2026-03,Y,지자체,공공분양,강원,0
2026-03,Y,지자체,공공분양,충북,0
2026-03,Y,지자체,공공분양,충남,0
2026-03,Y,지자체,공공분양,전북,0
2026-03,Y,지자체,공공분양,전남,0
2026-03,Y,지자체,공공분양,경북,0
2026-03,Y,지자체,공공분양,경남,0
2026-03,Y,지자체,공공분양,제주,0
2026-03,Y,LH,소계,전국,2090
2026-03,Y,LH,소계,서울,0
2026-03,Y,LH,소계,인천,0
2026-03,Y,LH,소계,경기,1024
2026-03,Y,LH,소계,부산,0
2026-03,Y,LH,소계,대구,0
2026-03,Y,LH,소계,광주,0
2026-03,Y,LH,소계,대전,0
2026-03,Y,LH,소계,울산,0
2026-03,Y,LH,소계,세종,0
2026-03,Y,LH,소계,강원,0
2026-03,Y,LH,소계,충북,0
2026-03,Y,LH,소계,충남,0
2026-03,Y,LH,소계,전북,0
2026-03,Y,LH,소계,전남,0
2026-03,Y,LH,소계,경북,0
2026-03,Y,LH,소계,경남,1066
2026-03,Y,LH,소계,제주,0
2026-03,Y,LH,국민임대,전국,0
2026-03,Y,LH,국민임대,서울,0
2026-03,Y,LH,국민임대,인천,0
2026-03,Y,LH,국민임대,경기,0
2026-03,Y,LH,국민임대,부산,0
2026-03,Y,LH,국민임대,대구,0
2026-03,Y,LH,국민임대,광주,0
2026-03,Y,LH,국민임대,대전,0
2026-03,Y,LH,국민임대,울산,0
2026-03,Y,LH,국민임대,세종,0
2026-03,Y,LH,국민임대,강원,0
2026-03,Y,LH,국민임대,충북,0
2026-03,Y,LH,국민임대,충남,0
2026-03,Y,LH,국민임대,전북,0
2026-03,Y,LH,국민임대,전남,0
2026-03,Y,LH,국민임대,경북,0
2026-03,Y,LH,국민임대,경남,0
2026-03,Y,LH,국민임대,제주,0
2026-03,Y,LH,공공임대,전국,744
2026-03,Y,LH,공공임대,서울,0
2026-03,Y,LH,공공임대,인천,0
2026-03,Y,LH,공공임대,경기,0
2026-03,Y,LH,공공임대,부산,0
2026-03,Y,LH,공공임대,대구,0
2026-03,Y,LH,공공임대,광주,0
2026-03,Y,LH,공공임대,대전,0
2026-03,Y,LH,공공임대,울산,0
2026-03,Y,LH,공공임대,세종,0
2026-03,Y,LH,공공임대,강원,0
2026-03,Y,LH,공공임대,충북,0
2026-03,Y,LH,공공임대,충남,0
2026-03,Y,LH,공공임대,전북,0
2026-03,Y,LH,공공임대,전남,0
2026-03,Y,LH,공공임대,경북,0
2026-03,Y,LH,공공임대,경남,744
2026-03,Y,LH,공공임대,제주,0
2026-03,Y,LH,공공분양,전국,1346
2026-03,Y,LH,공공분양,서울,0
2026-03,Y,LH,공공분양,인천,0
2026-03,Y,LH,공공분양,경기,1024
2026-03,Y,LH,공공분양,부산,0
2026-03,Y,LH,공공분양,대구,0
2026-03,Y,LH,공공분양,광주,0
2026-03,Y,LH,공공분양,대전,0
2026-03,Y,LH,공공분양,울산,0
2026-03,Y,LH,공공분양,세종,0
2026-03,Y,LH,공공분양,강원,0
2026-03,Y,LH,공공분양,충북,0
2026-03,Y,LH,공공분양,충남,0
2026-03,Y,LH,공공분양,전북,0
2026-03,Y,LH,공공분양,전남,0
2026-03,Y,LH,공공분양,경북,0
2026-03,Y,LH,공공분양,경남,322
2026-03,Y,LH,공공분양,제주,0
2026-03,Y,주택업체,소계,전국,127
2026-03,Y,주택업체,소계,서울,127
2026-03,Y,주택업체,소계,인천,0
2026-03,Y,주택업체,소계,경기,0
2026-03,Y,주택업체,소계,부산,0
2026-03,Y,주택업체,소계,대구,0
2026-03,Y,주택업체,소계,광주,0
2026-03,Y,주택업체,소계,대전,0
2026-03,Y,주택업체,소계,울산,0
2026-03,Y,주택업체,소계,세종,0
2026-03,Y,주택업체,소계,강원,0
2026-03,Y,주택업체,소계,충북,0
2026-03,Y,주택업체,소계,충남,0
2026-03,Y,주택업체,소계,전북,0
2026-03,Y,주택업체,소계,전남,0
2026-03,Y,주택업체,소계,경북,0
2026-03,Y,주택업체,소계,경남,0
2026-03,Y,주택업체,소계,제주,0
2026-03,Y,주택업체,국민임대,전국,0
2026-03,Y,주택업체,국민임대,서울,0
2026-03,Y,주택업체,국민임대,인천,0
2026-03,Y,주택업체,국민임대,경기,0
2026-03,Y,주택업체,국민임대,부산,0
2026-03,Y,주택업체,국민임대,대구,0
2026-03,Y,주택업체,국민임대,광주,0
2026-03,Y,주택업체,국민임대,대전,0
2026-03,Y,주택업체,국민임대,울산,0
2026-03,Y,주택업체,국민임대,세종,0
2026-03,Y,주택업체,국민임대,강원,0
2026-03,Y,주택업체,국민임대,충북,0
2026-03,Y,주택업체,국민임대,충남,0
2026-03,Y,주택업체,국민임대,전북,0
2026-03,Y,주택업체,국민임대,전남,0
2026-03,Y,주택업체,국민임대,경북,0
2026-03,Y,주택업체,국민임대,경남,0
2026-03,Y,주택업체,국민임대,제주,0
2026-03,Y,주택업체,공공임대,전국,127
2026-03,Y,주택업체,공공임대,서울,127
2026-03,Y,주택업체,공공임대,인천,0
2026-03,Y,주택업체,공공임대,경기,0
2026-03,Y,주택업체,공공임대,부산,0
2026-03,Y,주택업체,공공임대,대구,0
2026-03,Y,주택업체,공공임대,광주,0
2026-03,Y,주택업체,공공임대,대전,0
2026-03,Y,주택업체,공공임대,울산,0
2026-03,Y,주택업체,공공임대,세종,0
2026-03,Y,주택업체,공공임대,강원,0
2026-03,Y,주택업체,공공임대,충북,0
2026-03,Y,주택업체,공공임대,충남,0
2026-03,Y,주택업체,공공임대,전북,0
2026-03,Y,주택업체,공공임대,전남,0
2026-03,Y,주택업체,공공임대,경북,0
2026-03,Y,주택업체,공공임대,경남,0
2026-03,Y,주택업체,공공임대,제주,0
2026-03,Y,주택업체,공공분양,전국,0
2026-03,Y,주택업체,공공분양,서울,0
2026-03,Y,주택업체,공공분양,인천,0
2026-03,Y,주택업체,공공분양,경기,0
2026-03,Y,주택업체,공공분양,부산,0
2026-03,Y,주택업체,공공분양,대구,0
2026-03,Y,주택업체,공공분양,광주,0
2026-03,Y,주택업체,공공분양,대전,0
2026-03,Y,주택업체,공공분양,울산,0
2026-03,Y,주택업체,공공분양,세종,0
2026-03,Y,주택업체,공공분양,강원,0
2026-03,Y,주택업체,공공분양,충북,0
2026-03,Y,주택업체,공공분양,충남,0
2026-03,Y,주택업체,공공분양,전북,0
2026-03,Y,주택업체,공공분양,전남,0
2026-03,Y,주택업체,공공분양,경북,0
2026-03,Y,주택업체,공공분양,경남,0
2026-03,Y,주택업체,공공분양,제주,0
2026-03,Y,민간부문,소계,전국,16656
2026-03,Y,민간부문,소계,서울,1059
2026-03,Y,민간부문,소계,인천,1629
2026-03,Y,민간부문,소계,경기,2389
2026-03,Y,민간부문,소계,부산,32
2026-03,Y,민간부문,소계,대구,21
2026-03,Y,민간부문,소계,광주,8
2026-03,Y,민간부문,소계,대전,2301
2026-03,Y,민간부문,소계,울산,20
2026-03,Y,민간부문,소계,세종,22
2026-03,Y,민간부문,소계,강원,960
2026-03,Y,민간부문,소계,충북,1539
2026-03,Y,민간부문,소계,충남,1702
2026-03,Y,민간부문,소계,전북,151
2026-03,Y,민간부문,소계,전남,1832
2026-03,Y,민간부문,소계,경북,1553
2026-03,Y,민간부문,소계,경남,1255
2026-03,Y,민간부문,소계,제주,183
2026-03,Y,민간,민간임대,전국,1826
2026-03,Y,민간,민간임대,서울,0
2026-03,Y,민간,민간임대,인천,0
2026-03,Y,민간,민간임대,경기,742
2026-03,Y,민간,민간임대,부산,0
2026-03,Y,민간,민간임대,대구,0
2026-03,Y,민간,민간임대,광주,0
2026-03,Y,민간,민간임대,대전,1084
2026-03,Y,민간,민간임대,울산,0
2026-03,Y,민간,민간임대,세종,0
2026-03,Y,민간,민간임대,강원,0
2026-03,Y,민간,민간임대,충북,0
2026-03,Y,민간,민간임대,충남,0
2026-03,Y,민간,민간임대,전북,0
2026-03,Y,민간,민간임대,전남,0
2026-03,Y,민간,민간임대,경북,0
2026-03,Y,민간,민간임대,경남,0
2026-03,Y,민간,민간임대,제주,0
2026-03,Y,민간,민간분양,전국,14830
2026-03,Y,민간,민간분양,서울,1059
2026-03,Y,민간,민간분양,인천,1629
2026-03,Y,민간,민간분양,경기,1647
2026-03,Y,민간,민간분양,부산,32
2026-03,Y,민간,민간분양,대구,21
2026-03,Y,민간,민간분양,광주,8
2026-03,Y,민간,민간분양,대전,1217
2026-03,Y,민간,민간분양,울산,20
2026-03,Y,민간,민간분양,세종,22
2026-03,Y,민간,민간분양,강원,960
2026-03,Y,민간,민간분양,충북,1539
2026-03,Y,민간,민간분양,충남,1702
2026-03,Y,민간,민간분양,전북,151
2026-03,Y,민간,민간분양,전남,1832
2026-03,Y,민간,민간분양,경북,1553
2026-03,Y,민간,민간분양,경남,1255
2026-03,Y,민간,민간분양,제주,183
2026-04,Y,총계,총계,전국,26546
2026-04,Y,총계,총계,서울,2012
2026-04,Y,총계,총계,인천,4548
2026-04,Y,총계,총계,경기,10406
2026-04,Y,총계,총계,부산,638
2026-04,Y,총계,총계,대구,33
2026-04,Y,총계,총계,광주,14
2026-04,Y,총계,총계,대전,964
2026-04,Y,총계,총계,울산,65
2026-04,Y,총계,총계,세종,13
2026-04,Y,총계,총계,강원,187
2026-04,Y,총계,총계,충북,156
2026-04,Y,총계,총계,충남,2627
2026-04,Y,총계,총계,전북,764
2026-04,Y,총계,총계,전남,826
2026-04,Y,총계,총계,경북,849
2026-04,Y,총계,총계,경남,2183
2026-04,Y,총계,총계,제주,261
2026-04,Y,공공부문,소계,전국,1635
2026-04,Y,공공부문,소계,서울,134
2026-04,Y,공공부문,소계,인천,99
2026-04,Y,공공부문,소계,경기,1282
2026-04,Y,공공부문,소계,부산,0
2026-04,Y,공공부문,소계,대구,0
2026-04,Y,공공부문,소계,광주,0
2026-04,Y,공공부문,소계,대전,0
2026-04,Y,공공부문,소계,울산,0
2026-04,Y,공공부문,소계,세종,0
2026-04,Y,공공부문,소계,강원,0
2026-04,Y,공공부문,소계,충북,0
2026-04,Y,공공부문,소계,충남,0
2026-04,Y,공공부문,소계,전북,0
2026-04,Y,공공부문,소계,전남,0
2026-04,Y,공공부문,소계,경북,70
2026-04,Y,공공부문,소계,경남,0
2026-04,Y,공공부문,소계,제주,50
2026-04,Y,합,국민임대,전국,0
2026-04,Y,합,국민임대,서울,0
2026-04,Y,합,국민임대,인천,0
2026-04,Y,합,국민임대,경기,0
2026-04,Y,합,국민임대,부산,0
2026-04,Y,합,국민임대,대구,0
2026-04,Y,합,국민임대,광주,0
2026-04,Y,합,국민임대,대전,0
2026-04,Y,합,국민임대,울산,0
2026-04,Y,합,국민임대,세종,0
2026-04,Y,합,국민임대,강원,0
2026-04,Y,합,국민임대,충북,0
2026-04,Y,합,국민임대,충남,0
2026-04,Y,합,국민임대,전북,0
2026-04,Y,합,국민임대,전남,0
2026-04,Y,합,국민임대,경북,0
2026-04,Y,합,국민임대,경남,0
2026-04,Y,합,국민임대,제주,0
2026-04,Y,합,공공임대,전국,303
2026-04,Y,합,공공임대,서울,134
2026-04,Y,합,공공임대,인천,99
2026-04,Y,합,공공임대,경기,0
2026-04,Y,합,공공임대,부산,0
2026-04,Y,합,공공임대,대구,0
2026-04,Y,합,공공임대,광주,0
2026-04,Y,합,공공임대,대전,0
2026-04,Y,합,공공임대,울산,0
2026-04,Y,합,공공임대,세종,0
2026-04,Y,합,공공임대,강원,0
2026-04,Y,합,공공임대,충북,0
2026-04,Y,합,공공임대,충남,0
2026-04,Y,합,공공임대,전북,0
2026-04,Y,합,공공임대,전남,0
2026-04,Y,합,공공임대,경북,70
2026-04,Y,합,공공임대,경남,0
2026-04,Y,합,공공임대,제주,0
2026-04,Y,합,공공분양,전국,1332
2026-04,Y,합,공공분양,서울,0
2026-04,Y,합,공공분양,인천,0
2026-04,Y,합,공공분양,경기,1282
2026-04,Y,합,공공분양,부산,0
2026-04,Y,합,공공분양,대구,0
2026-04,Y,합,공공분양,광주,0
2026-04,Y,합,공공분양,대전,0
2026-04,Y,합,공공분양,울산,0
2026-04,Y,합,공공분양,세종,0
2026-04,Y,합,공공분양,강원,0
2026-04,Y,합,공공분양,충북,0
2026-04,Y,합,공공분양,충남,0
2026-04,Y,합,공공분양,전북,0
2026-04,Y,합,공공분양,전남,0
2026-04,Y,합,공공분양,경북,0
2026-04,Y,합,공공분양,경남,0
2026-04,Y,합,공공분양,제주,50
2026-04,Y,지자체,소계,전국,51
2026-04,Y,지자체,소계,서울,1
2026-04,Y,지자체,소계,인천,0
2026-04,Y,지자체,소계,경기,0
2026-04,Y,지자체,소계,부산,0
2026-04,Y,지자체,소계,대구,0
2026-04,Y,지자체,소계,광주,0
2026-04,Y,지자체,소계,대전,0
2026-04,Y,지자체,소계,울산,0
2026-04,Y,지자체,소계,세종,0
2026-04,Y,지자체,소계,강원,0
2026-04,Y,지자체,소계,충북,0
2026-04,Y,지자체,소계,충남,0
2026-04,Y,지자체,소계,전북,0
2026-04,Y,지자체,소계,전남,0
2026-04,Y,지자체,소계,경북,0
2026-04,Y,지자체,소계,경남,0
2026-04,Y,지자체,소계,제주,50
2026-04,Y,지자체,국민임대,전국,0
2026-04,Y,지자체,국민임대,서울,0
2026-04,Y,지자체,국민임대,인천,0
2026-04,Y,지자체,국민임대,경기,0
2026-04,Y,지자체,국민임대,부산,0
2026-04,Y,지자체,국민임대,대구,0
2026-04,Y,지자체,국민임대,광주,0
2026-04,Y,지자체,국민임대,대전,0
2026-04,Y,지자체,국민임대,울산,0
2026-04,Y,지자체,국민임대,세종,0
2026-04,Y,지자체,국민임대,강원,0
2026-04,Y,지자체,국민임대,충북,0
2026-04,Y,지자체,국민임대,충남,0
2026-04,Y,지자체,국민임대,전북,0
2026-04,Y,지자체,국민임대,전남,0
2026-04,Y,지자체,국민임대,경북,0
2026-04,Y,지자체,국민임대,경남,0
2026-04,Y,지자체,국민임대,제주,0
2026-04,Y,지자체,공공임대,전국,1
2026-04,Y,지자체,공공임대,서울,1
2026-04,Y,지자체,공공임대,인천,0
2026-04,Y,지자체,공공임대,경기,0
2026-04,Y,지자체,공공임대,부산,0
2026-04,Y,지자체,공공임대,대구,0
2026-04,Y,지자체,공공임대,광주,0
2026-04,Y,지자체,공공임대,대전,0
2026-04,Y,지자체,공공임대,울산,0
2026-04,Y,지자체,공공임대,세종,0
2026-04,Y,지자체,공공임대,강원,0
2026-04,Y,지자체,공공임대,충북,0
2026-04,Y,지자체,공공임대,충남,0
2026-04,Y,지자체,공공임대,전북,0
2026-04,Y,지자체,공공임대,전남,0
2026-04,Y,지자체,공공임대,경북,0
2026-04,Y,지자체,공공임대,경남,0
2026-04,Y,지자체,공공임대,제주,0
2026-04,Y,지자체,공공분양,전국,50
2026-04,Y,지자체,공공분양,서울,0
2026-04,Y,지자체,공공분양,인천,0
2026-04,Y,지자체,공공분양,경기,0
2026-04,Y,지자체,공공분양,부산,0
2026-04,Y,지자체,공공분양,대구,0
2026-04,Y,지자체,공공분양,광주,0
2026-04,Y,지자체,공공분양,대전,0
2026-04,Y,지자체,공공분양,울산,0
2026-04,Y,지자체,공공분양,세종,0
2026-04,Y,지자체,공공분양,강원,0
2026-04,Y,지자체,공공분양,충북,0
2026-04,Y,지자체,공공분양,충남,0
2026-04,Y,지자체,공공분양,전북,0
2026-04,Y,지자체,공공분양,전남,0
2026-04,Y,지자체,공공분양,경북,0
2026-04,Y,지자체,공공분양,경남,0
2026-04,Y,지자체,공공분양,제주,50
2026-04,Y,LH,소계,전국,1352
2026-04,Y,LH,소계,서울,0
2026-04,Y,LH,소계,인천,0
2026-04,Y,LH,소계,경기,1282
2026-04,Y,LH,소계,부산,0
2026-04,Y,LH,소계,대구,0
2026-04,Y,LH,소계,광주,0
2026-04,Y,LH,소계,대전,0
2026-04,Y,LH,소계,울산,0
2026-04,Y,LH,소계,세종,0
2026-04,Y,LH,소계,강원,0
2026-04,Y,LH,소계,충북,0
2026-04,Y,LH,소계,충남,0
2026-04,Y,LH,소계,전북,0
2026-04,Y,LH,소계,전남,0
2026-04,Y,LH,소계,경북,70
2026-04,Y,LH,소계,경남,0
2026-04,Y,LH,소계,제주,0
2026-04,Y,LH,국민임대,전국,0
2026-04,Y,LH,국민임대,서울,0
2026-04,Y,LH,국민임대,인천,0
2026-04,Y,LH,국민임대,경기,0
2026-04,Y,LH,국민임대,부산,0
2026-04,Y,LH,국민임대,대구,0
2026-04,Y,LH,국민임대,광주,0
2026-04,Y,LH,국민임대,대전,0
2026-04,Y,LH,국민임대,울산,0
2026-04,Y,LH,국민임대,세종,0
2026-04,Y,LH,국민임대,강원,0
2026-04,Y,LH,국민임대,충북,0
2026-04,Y,LH,국민임대,충남,0
2026-04,Y,LH,국민임대,전북,0
2026-04,Y,LH,국민임대,전남,0
2026-04,Y,LH,국민임대,경북,0
2026-04,Y,LH,국민임대,경남,0
2026-04,Y,LH,국민임대,제주,0
2026-04,Y,LH,공공임대,전국,70
2026-04,Y,LH,공공임대,서울,0
2026-04,Y,LH,공공임대,인천,0
2026-04,Y,LH,공공임대,경기,0
2026-04,Y,LH,공공임대,부산,0
2026-04,Y,LH,공공임대,대구,0
2026-04,Y,LH,공공임대,광주,0
2026-04,Y,LH,공공임대,대전,0
2026-04,Y,LH,공공임대,울산,0
2026-04,Y,LH,공공임대,세종,0
2026-04,Y,LH,공공임대,강원,0
2026-04,Y,LH,공공임대,충북,0
2026-04,Y,LH,공공임대,충남,0
2026-04,Y,LH,공공임대,전북,0
2026-04,Y,LH,공공임대,전남,0
2026-04,Y,LH,공공임대,경북,70
2026-04,Y,LH,공공임대,경남,0
2026-04,Y,LH,공공임대,제주,0
2026-04,Y,LH,공공분양,전국,1282
2026-04,Y,LH,공공분양,서울,0
2026-04,Y,LH,공공분양,인천,0
2026-04,Y,LH,공공분양,경기,1282
2026-04,Y,LH,공공분양,부산,0
2026-04,Y,LH,공공분양,대구,0
2026-04,Y,LH,공공분양,광주,0
2026-04,Y,LH,공공분양,대전,0
2026-04,Y,LH,공공분양,울산,0
2026-04,Y,LH,공공분양,세종,0
2026-04,Y,LH,공공분양,강원,0
2026-04,Y,LH,공공분양,충북,0
2026-04,Y,LH,공공분양,충남,0
2026-04,Y,LH,공공분양,전북,0
2026-04,Y,LH,공공분양,전남,0
2026-04,Y,LH,공공분양,경북,0
2026-04,Y,LH,공공분양,경남,0
2026-04,Y,LH,공공분양,제주,0
2026-04,Y,주택업체,소계,전국,232
2026-04,Y,주택업체,소계,서울,133
2026-04,Y,주택업체,소계,인천,99
2026-04,Y,주택업체,소계,경기,0
2026-04,Y,주택업체,소계,부산,0
2026-04,Y,주택업체,소계,대구,0
2026-04,Y,주택업체,소계,광주,0
2026-04,Y,주택업체,소계,대전,0
2026-04,Y,주택업체,소계,울산,0
2026-04,Y,주택업체,소계,세종,0
2026-04,Y,주택업체,소계,강원,0
2026-04,Y,주택업체,소계,충북,0
2026-04,Y,주택업체,소계,충남,0
2026-04,Y,주택업체,소계,전북,0
2026-04,Y,주택업체,소계,전남,0
2026-04,Y,주택업체,소계,경북,0
2026-04,Y,주택업체,소계,경남,0
2026-04,Y,주택업체,소계,제주,0
2026-04,Y,주택업체,국민임대,전국,0
2026-04,Y,주택업체,국민임대,서울,0
2026-04,Y,주택업체,국민임대,인천,0
2026-04,Y,주택업체,국민임대,경기,0
2026-04,Y,주택업체,국민임대,부산,0
2026-04,Y,주택업체,국민임대,대구,0
2026-04,Y,주택업체,국민임대,광주,0
2026-04,Y,주택업체,국민임대,대전,0
2026-04,Y,주택업체,국민임대,울산,0
2026-04,Y,주택업체,국민임대,세종,0
2026-04,Y,주택업체,국민임대,강원,0
2026-04,Y,주택업체,국민임대,충북,0
2026-04,Y,주택업체,국민임대,충남,0
2026-04,Y,주택업체,국민임대,전북,0
2026-04,Y,주택업체,국민임대,전남,0
2026-04,Y,주택업체,국민임대,경북,0
2026-04,Y,주택업체,국민임대,경남,0
2026-04,Y,주택업체,국민임대,제주,0
2026-04,Y,주택업체,공공임대,전국,232
2026-04,Y,주택업체,공공임대,서울,133
2026-04,Y,주택업체,공공임대,인천,99
2026-04,Y,주택업체,공공임대,경기,0
2026-04,Y,주택업체,공공임대,부산,0
2026-04,Y,주택업체,공공임대,대구,0
2026-04,Y,주택업체,공공임대,광주,0
2026-04,Y,주택업체,공공임대,대전,0
2026-04,Y,주택업체,공공임대,울산,0
2026-04,Y,주택업체,공공임대,세종,0
2026-04,Y,주택업체,공공임대,강원,0
2026-04,Y,주택업체,공공임대,충북,0
2026-04,Y,주택업체,공공임대,충남,0
2026-04,Y,주택업체,공공임대,전북,0
2026-04,Y,주택업체,공공임대,전남,0
2026-04,Y,주택업체,공공임대,경북,0
2026-04,Y,주택업체,공공임대,경남,0
2026-04,Y,주택업체,공공임대,제주,0
2026-04,Y,주택업체,공공분양,전국,0
2026-04,Y,주택업체,공공분양,서울,0
2026-04,Y,주택업체,공공분양,인천,0
2026-04,Y,주택업체,공공분양,경기,0
2026-04,Y,주택업체,공공분양,부산,0
2026-04,Y,주택업체,공공분양,대구,0
2026-04,Y,주택업체,공공분양,광주,0
2026-04,Y,주택업체,공공분양,대전,0
2026-04,Y,주택업체,공공분양,울산,0
2026-04,Y,주택업체,공공분양,세종,0
2026-04,Y,주택업체,공공분양,강원,0
2026-04,Y,주택업체,공공분양,충북,0
2026-04,Y,주택업체,공공분양,충남,0
2026-04,Y,주택업체,공공분양,전북,0
2026-04,Y,주택업체,공공분양,전남,0
2026-04,Y,주택업체,공공분양,경북,0
2026-04,Y,주택업체,공공분양,경남,0
2026-04,Y,주택업체,공공분양,제주,0
2026-04,Y,민간부문,소계,전국,24911
2026-04,Y,민간부문,소계,서울,1878
2026-04,Y,민간부문,소계,인천,4449
2026-04,Y,민간부문,소계,경기,9124
2026-04,Y,민간부문,소계,부산,638
2026-04,Y,민간부문,소계,대구,33
2026-04,Y,민간부문,소계,광주,14
2026-04,Y,민간부문,소계,대전,964
2026-04,Y,민간부문,소계,울산,65
2026-04,Y,민간부문,소계,세종,13
2026-04,Y,민간부문,소계,강원,187
2026-04,Y,민간부문,소계,충북,156
2026-04,Y,민간부문,소계,충남,2627
2026-04,Y,민간부문,소계,전북,764
2026-04,Y,민간부문,소계,전남,826
2026-04,Y,민간부문,소계,경북,779
2026-04,Y,민간부문,소계,경남,2183
2026-04,Y,민간부문,소계,제주,211
2026-04,Y,민간,민간임대,전국,1526
2026-04,Y,민간,민간임대,서울,0
2026-04,Y,민간,민간임대,인천,0
2026-04,Y,민간,민간임대,경기,900
2026-04,Y,민간,민간임대,부산,0
2026-04,Y,민간,민간임대,대구,0
2026-04,Y,민간,민간임대,광주,0
2026-04,Y,민간,민간임대,대전,0
2026-04,Y,민간,민간임대,울산,0
2026-04,Y,민간,민간임대,세종,0
2026-04,Y,민간,민간임대,강원,0
2026-04,Y,민간,민간임대,충북,0
2026-04,Y,민간,민간임대,충남,0
2026-04,Y,민간,민간임대,전북,0
2026-04,Y,민간,민간임대,전남,626
2026-04,Y,민간,민간임대,경북,0
2026-04,Y,민간,민간임대,경남,0
2026-04,Y,민간,민간임대,제주,0
2026-04,Y,민간,민간분양,전국,23385
2026-04,Y,민간,민간분양,서울,1878
2026-04,Y,민간,민간분양,인천,4449
2026-04,Y,민간,민간분양,경기,8224
2026-04,Y,민간,민간분양,부산,638
2026-04,Y,민간,민간분양,대구,33
2026-04,Y,민간,민간분양,광주,14
2026-04,Y,민간,민간분양,대전,964
2026-04,Y,민간,민간분양,울산,65
2026-04,Y,민간,민간분양,세종,13
2026-04,Y,민간,민간분양,강원,187
2026-04,Y,민간,민간분양,충북,156
2026-04,Y,민간,민간분양,충남,2627
2026-04,Y,민간,민간분양,전북,764
2026-04,Y,민간,민간분양,전남,200
2026-04,Y,민간,민간분양,경북,779
2026-04,Y,민간,민간분양,경남,2183
2026-04,Y,민간,민간분양,제주,211
2026-05,Y,총계,총계,전국,22717
2026-05,Y,총계,총계,서울,2607
2026-05,Y,총계,총계,인천,2065
2026-05,Y,총계,총계,경기,7013
2026-05,Y,총계,총계,부산,1529
2026-05,Y,총계,총계,대구,22
2026-05,Y,총계,총계,광주,9
2026-05,Y,총계,총계,대전,284
2026-05,Y,총계,총계,울산,14
2026-05,Y,총계,총계,세종,43
2026-05,Y,총계,총계,강원,188
2026-05,Y,총계,총계,충북,174
2026-05,Y,총계,총계,충남,2404
2026-05,Y,총계,총계,전북,109
2026-05,Y,총계,총계,전남,1236
2026-05,Y,총계,총계,경북,4181
2026-05,Y,총계,총계,경남,774
2026-05,Y,총계,총계,제주,65
2026-05,Y,공공부문,소계,전국,1632
2026-05,Y,공공부문,소계,서울,114
2026-05,Y,공공부문,소계,인천,0
2026-05,Y,공공부문,소계,경기,185
2026-05,Y,공공부문,소계,부산,993
2026-05,Y,공공부문,소계,대구,0
2026-05,Y,공공부문,소계,광주,0
2026-05,Y,공공부문,소계,대전,0
2026-05,Y,공공부문,소계,울산,0
2026-05,Y,공공부문,소계,세종,0
2026-05,Y,공공부문,소계,강원,0
2026-05,Y,공공부문,소계,충북,0
2026-05,Y,공공부문,소계,충남,0
2026-05,Y,공공부문,소계,전북,0
2026-05,Y,공공부문,소계,전남,240
2026-05,Y,공공부문,소계,경북,0
2026-05,Y,공공부문,소계,경남,100
2026-05,Y,공공부문,소계,제주,0
2026-05,Y,합,국민임대,전국,0
2026-05,Y,합,국민임대,서울,0
2026-05,Y,합,국민임대,인천,0
2026-05,Y,합,국민임대,경기,0
2026-05,Y,합,국민임대,부산,0
2026-05,Y,합,국민임대,대구,0
2026-05,Y,합,국민임대,광주,0
2026-05,Y,합,국민임대,대전,0
2026-05,Y,합,국민임대,울산,0
2026-05,Y,합,국민임대,세종,0
2026-05,Y,합,국민임대,강원,0
2026-05,Y,합,국민임대,충북,0
2026-05,Y,합,국민임대,충남,0
2026-05,Y,합,국민임대,전북,0
2026-05,Y,합,국민임대,전남,0
2026-05,Y,합,국민임대,경북,0
2026-05,Y,합,국민임대,경남,0
2026-05,Y,합,국민임대,제주,0
2026-05,Y,합,공공임대,전국,1632
2026-05,Y,합,공공임대,서울,114
2026-05,Y,합,공공임대,인천,0
2026-05,Y,합,공공임대,경기,185
2026-05,Y,합,공공임대,부산,993
2026-05,Y,합,공공임대,대구,0
2026-05,Y,합,공공임대,광주,0
2026-05,Y,합,공공임대,대전,0
2026-05,Y,합,공공임대,울산,0
2026-05,Y,합,공공임대,세종,0
2026-05,Y,합,공공임대,강원,0
2026-05,Y,합,공공임대,충북,0
2026-05,Y,합,공공임대,충남,0
2026-05,Y,합,공공임대,전북,0
2026-05,Y,합,공공임대,전남,240
2026-05,Y,합,공공임대,경북,0
2026-05,Y,합,공공임대,경남,100
2026-05,Y,합,공공임대,제주,0
2026-05,Y,합,공공분양,전국,0
2026-05,Y,합,공공분양,서울,0
2026-05,Y,합,공공분양,인천,0
2026-05,Y,합,공공분양,경기,0
2026-05,Y,합,공공분양,부산,0
2026-05,Y,합,공공분양,대구,0
2026-05,Y,합,공공분양,광주,0
2026-05,Y,합,공공분양,대전,0
2026-05,Y,합,공공분양,울산,0
2026-05,Y,합,공공분양,세종,0
2026-05,Y,합,공공분양,강원,0
2026-05,Y,합,공공분양,충북,0
2026-05,Y,합,공공분양,충남,0
2026-05,Y,합,공공분양,전북,0
2026-05,Y,합,공공분양,전남,0
2026-05,Y,합,공공분양,경북,0
2026-05,Y,합,공공분양,경남,0
2026-05,Y,합,공공분양,제주,0
2026-05,Y,지자체,소계,전국,1093
2026-05,Y,지자체,소계,서울,0
2026-05,Y,지자체,소계,인천,0
2026-05,Y,지자체,소계,경기,0
2026-05,Y,지자체,소계,부산,993
2026-05,Y,지자체,소계,대구,0
2026-05,Y,지자체,소계,광주,0
2026-05,Y,지자체,소계,대전,0
2026-05,Y,지자체,소계,울산,0
2026-05,Y,지자체,소계,세종,0
2026-05,Y,지자체,소계,강원,0
2026-05,Y,지자체,소계,충북,0
2026-05,Y,지자체,소계,충남,0
2026-05,Y,지자체,소계,전북,0
2026-05,Y,지자체,소계,전남,0
2026-05,Y,지자체,소계,경북,0
2026-05,Y,지자체,소계,경남,100
2026-05,Y,지자체,소계,제주,0
2026-05,Y,지자체,국민임대,전국,0
2026-05,Y,지자체,국민임대,서울,0
2026-05,Y,지자체,국민임대,인천,0
2026-05,Y,지자체,국민임대,경기,0
2026-05,Y,지자체,국민임대,부산,0
2026-05,Y,지자체,국민임대,대구,0
2026-05,Y,지자체,국민임대,광주,0
2026-05,Y,지자체,국민임대,대전,0
2026-05,Y,지자체,국민임대,울산,0
2026-05,Y,지자체,국민임대,세종,0
2026-05,Y,지자체,국민임대,강원,0
2026-05,Y,지자체,국민임대,충북,0
2026-05,Y,지자체,국민임대,충남,0
2026-05,Y,지자체,국민임대,전북,0
2026-05,Y,지자체,국민임대,전남,0
2026-05,Y,지자체,국민임대,경북,0
2026-05,Y,지자체,국민임대,경남,0
2026-05,Y,지자체,국민임대,제주,0
2026-05,Y,지자체,공공임대,전국,1093
2026-05,Y,지자체,공공임대,서울,0
2026-05,Y,지자체,공공임대,인천,0
2026-05,Y,지자체,공공임대,경기,0
2026-05,Y,지자체,공공임대,부산,993
2026-05,Y,지자체,공공임대,대구,0
2026-05,Y,지자체,공공임대,광주,0
2026-05,Y,지자체,공공임대,대전,0
2026-05,Y,지자체,공공임대,울산,0
2026-05,Y,지자체,공공임대,세종,0
2026-05,Y,지자체,공공임대,강원,0
2026-05,Y,지자체,공공임대,충북,0
2026-05,Y,지자체,공공임대,충남,0
2026-05,Y,지자체,공공임대,전북,0
2026-05,Y,지자체,공공임대,전남,0
2026-05,Y,지자체,공공임대,경북,0
2026-05,Y,지자체,공공임대,경남,100
2026-05,Y,지자체,공공임대,제주,0
2026-05,Y,지자체,공공분양,전국,0
2026-05,Y,지자체,공공분양,서울,0
2026-05,Y,지자체,공공분양,인천,0
2026-05,Y,지자체,공공분양,경기,0
2026-05,Y,지자체,공공분양,부산,0
2026-05,Y,지자체,공공분양,대구,0
2026-05,Y,지자체,공공분양,광주,0
2026-05,Y,지자체,공공분양,대전,0
2026-05,Y,지자체,공공분양,울산,0
2026-05,Y,지자체,공공분양,세종,0
2026-05,Y,지자체,공공분양,강원,0
2026-05,Y,지자체,공공분양,충북,0
2026-05,Y,지자체,공공분양,충남,0
2026-05,Y,지자체,공공분양,전북,0
2026-05,Y,지자체,공공분양,전남,0
2026-05,Y,지자체,공공분양,경북,0
2026-05,Y,지자체,공공분양,경남,0
2026-05,Y,지자체,공공분양,제주,0
2026-05,Y,LH,소계,전국,240
2026-05,Y,LH,소계,서울,0
2026-05,Y,LH,소계,인천,0
2026-05,Y,LH,소계,경기,0
2026-05,Y,LH,소계,부산,0
2026-05,Y,LH,소계,대구,0
2026-05,Y,LH,소계,광주,0
2026-05,Y,LH,소계,대전,0
2026-05,Y,LH,소계,울산,0
2026-05,Y,LH,소계,세종,0
2026-05,Y,LH,소계,강원,0
2026-05,Y,LH,소계,충북,0
2026-05,Y,LH,소계,충남,0
2026-05,Y,LH,소계,전북,0
2026-05,Y,LH,소계,전남,240
2026-05,Y,LH,소계,경북,0
2026-05,Y,LH,소계,경남,0
2026-05,Y,LH,소계,제주,0
2026-05,Y,LH,국민임대,전국,0
2026-05,Y,LH,국민임대,서울,0
2026-05,Y,LH,국민임대,인천,0
2026-05,Y,LH,국민임대,경기,0
2026-05,Y,LH,국민임대,부산,0
2026-05,Y,LH,국민임대,대구,0
2026-05,Y,LH,국민임대,광주,0
2026-05,Y,LH,국민임대,대전,0
2026-05,Y,LH,국민임대,울산,0
2026-05,Y,LH,국민임대,세종,0
2026-05,Y,LH,국민임대,강원,0
2026-05,Y,LH,국민임대,충북,0
2026-05,Y,LH,국민임대,충남,0
2026-05,Y,LH,국민임대,전북,0
2026-05,Y,LH,국민임대,전남,0
2026-05,Y,LH,국민임대,경북,0
2026-05,Y,LH,국민임대,경남,0
2026-05,Y,LH,국민임대,제주,0
2026-05,Y,LH,공공임대,전국,240
2026-05,Y,LH,공공임대,서울,0
2026-05,Y,LH,공공임대,인천,0
2026-05,Y,LH,공공임대,경기,0
2026-05,Y,LH,공공임대,부산,0
2026-05,Y,LH,공공임대,대구,0
2026-05,Y,LH,공공임대,광주,0
2026-05,Y,LH,공공임대,대전,0
2026-05,Y,LH,공공임대,울산,0
2026-05,Y,LH,공공임대,세종,0
2026-05,Y,LH,공공임대,강원,0
2026-05,Y,LH,공공임대,충북,0
2026-05,Y,LH,공공임대,충남,0
2026-05,Y,LH,공공임대,전북,0
2026-05,Y,LH,공공임대,전남,240
2026-05,Y,LH,공공임대,경북,0
2026-05,Y,LH,공공임대,경남,0
2026-05,Y,LH,공공임대,제주,0
2026-05,Y,LH,공공분양,전국,0
2026-05,Y,LH,공공분양,서울,0
2026-05,Y,LH,공공분양,인천,0
2026-05,Y,LH,공공분양,경기,0
2026-05,Y,LH,공공분양,부산,0
2026-05,Y,LH,공공분양,대구,0
2026-05,Y,LH,공공분양,광주,0
2026-05,Y,LH,공공분양,대전,0
2026-05,Y,LH,공공분양,울산,0
2026-05,Y,LH,공공분양,세종,0
2026-05,Y,LH,공공분양,강원,0
2026-05,Y,LH,공공분양,충북,0
2026-05,Y,LH,공공분양,충남,0
2026-05,Y,LH,공공분양,전북,0
2026-05,Y,LH,공공분양,전남,0
2026-05,Y,LH,공공분양,경북,0
2026-05,Y,LH,공공분양,경남,0
2026-05,Y,LH,공공분양,제주,0
2026-05,Y,주택업체,소계,전국,299
2026-05,Y,주택업체,소계,서울,114
2026-05,Y,주택업체,소계,인천,0
2026-05,Y,주택업체,소계,경기,185
2026-05,Y,주택업체,소계,부산,0
2026-05,Y,주택업체,소계,대구,0
2026-05,Y,주택업체,소계,광주,0
2026-05,Y,주택업체,소계,대전,0
2026-05,Y,주택업체,소계,울산,0
2026-05,Y,주택업체,소계,세종,0
2026-05,Y,주택업체,소계,강원,0
2026-05,Y,주택업체,소계,충북,0
2026-05,Y,주택업체,소계,충남,0
2026-05,Y,주택업체,소계,전북,0
2026-05,Y,주택업체,소계,전남,0
2026-05,Y,주택업체,소계,경북,0
2026-05,Y,주택업체,소계,경남,0
2026-05,Y,주택업체,소계,제주,0
2026-05,Y,주택업체,국민임대,전국,0
2026-05,Y,주택업체,국민임대,서울,0
2026-05,Y,주택업체,국민임대,인천,0
2026-05,Y,주택업체,국민임대,경기,0
2026-05,Y,주택업체,국민임대,부산,0
2026-05,Y,주택업체,국민임대,대구,0
2026-05,Y,주택업체,국민임대,광주,0
2026-05,Y,주택업체,국민임대,대전,0
2026-05,Y,주택업체,국민임대,울산,0
2026-05,Y,주택업체,국민임대,세종,0
2026-05,Y,주택업체,국민임대,강원,0
2026-05,Y,주택업체,국민임대,충북,0
2026-05,Y,주택업체,국민임대,충남,0
2026-05,Y,주택업체,국민임대,전북,0
2026-05,Y,주택업체,국민임대,전남,0
2026-05,Y,주택업체,국민임대,경북,0
2026-05,Y,주택업체,국민임대,경남,0
2026-05,Y,주택업체,국민임대,제주,0
2026-05,Y,주택업체,공공임대,전국,299
2026-05,Y,주택업체,공공임대,서울,114
2026-05,Y,주택업체,공공임대,인천,0
2026-05,Y,주택업체,공공임대,경기,185
2026-05,Y,주택업체,공공임대,부산,0
2026-05,Y,주택업체,공공임대,대구,0
2026-05,Y,주택업체,공공임대,광주,0
2026-05,Y,주택업체,공공임대,대전,0
2026-05,Y,주택업체,공공임대,울산,0
2026-05,Y,주택업체,공공임대,세종,0
2026-05,Y,주택업체,공공임대,강원,0
2026-05,Y,주택업체,공공임대,충북,0
2026-05,Y,주택업체,공공임대,충남,0
2026-05,Y,주택업체,공공임대,전북,0
2026-05,Y,주택업체,공공임대,전남,0
2026-05,Y,주택업체,공공임대,경북,0
2026-05,Y,주택업체,공공임대,경남,0
2026-05,Y,주택업체,공공임대,제주,0
2026-05,Y,주택업체,공공분양,전국,0
2026-05,Y,주택업체,공공분양,서울,0
2026-05,Y,주택업체,공공분양,인천,0
2026-05,Y,주택업체,공공분양,경기,0
2026-05,Y,주택업체,공공분양,부산,0
2026-05,Y,주택업체,공공분양,대구,0
2026-05,Y,주택업체,공공분양,광주,0
2026-05,Y,주택업체,공공분양,대전,0
2026-05,Y,주택업체,공공분양,울산,0
2026-05,Y,주택업체,공공분양,세종,0
2026-05,Y,주택업체,공공분양,강원,0
2026-05,Y,주택업체,공공분양,충북,0
2026-05,Y,주택업체,공공분양,충남,0
2026-05,Y,주택업체,공공분양,전북,0
2026-05,Y,주택업체,공공분양,전남,0
2026-05,Y,주택업체,공공분양,경북,0
2026-05,Y,주택업체,공공분양,경남,0
2026-05,Y,주택업체,공공분양,제주,0
2026-05,Y,민간부문,소계,전국,21085
2026-05,Y,민간부문,소계,서울,2493
2026-05,Y,민간부문,소계,인천,2065
2026-05,Y,민간부문,소계,경기,6828
2026-05,Y,민간부문,소계,부산,536
2026-05,Y,민간부문,소계,대구,22
2026-05,Y,민간부문,소계,광주,9
2026-05,Y,민간부문,소계,대전,284
2026-05,Y,민간부문,소계,울산,14
2026-05,Y,민간부문,소계,세종,43
2026-05,Y,민간부문,소계,강원,188
2026-05,Y,민간부문,소계,충북,174
2026-05,Y,민간부문,소계,충남,2404
2026-05,Y,민간부문,소계,전북,109
2026-05,Y,민간부문,소계,전남,996
2026-05,Y,민간부문,소계,경북,4181
2026-05,Y,민간부문,소계,경남,674
2026-05,Y,민간부문,소계,제주,65
2026-05,Y,민간,민간임대,전국,2322
2026-05,Y,민간,민간임대,서울,0
2026-05,Y,민간,민간임대,인천,1419
2026-05,Y,민간,민간임대,경기,0
2026-05,Y,민간,민간임대,부산,0
2026-05,Y,민간,민간임대,대구,0
2026-05,Y,민간,민간임대,광주,0
2026-05,Y,민간,민간임대,대전,0
2026-05,Y,민간,민간임대,울산,0
2026-05,Y,민간,민간임대,세종,0
2026-05,Y,민간,민간임대,강원,0
2026-05,Y,민간,민간임대,충북,0
2026-05,Y,민간,민간임대,충남,0
2026-05,Y,민간,민간임대,전북,0
2026-05,Y,민간,민간임대,전남,791
2026-05,Y,민간,민간임대,경북,0
2026-05,Y,민간,민간임대,경남,112
2026-05,Y,민간,민간임대,제주,0
2026-05,Y,민간,민간분양,전국,18763
2026-05,Y,민간,민간분양,서울,2493
2026-05,Y,민간,민간분양,인천,646
2026-05,Y,민간,민간분양,경기,6828
2026-05,Y,민간,민간분양,부산,536
2026-05,Y,민간,민간분양,대구,22
2026-05,Y,민간,민간분양,광주,9
2026-05,Y,민간,민간분양,대전,284
2026-05,Y,민간,민간분양,울산,14
2026-05,Y,민간,민간분양,세종,43
2026-05,Y,민간,민간분양,강원,188
2026-05,Y,민간,민간분양,충북,174
2026-05,Y,민간,민간분양,충남,2404
2026-05,Y,민간,민간분양,전북,109
2026-05,Y,민간,민간분양,전남,205
2026-05,Y,민간,민간분양,경북,4181
2026-05,Y,민간,민간분양,경남,562
2026-05,Y,민간,민간분양,제주,65
2026-06,Y,총계,총계,전국,23638
2026-06,Y,총계,총계,서울,3491
2026-06,Y,총계,총계,인천,4848
2026-06,Y,총계,총계,경기,8010
2026-06,Y,총계,총계,부산,778
2026-06,Y,총계,총계,대구,21
2026-06,Y,총계,총계,광주,574
2026-06,Y,총계,총계,대전,7
2026-06,Y,총계,총계,울산,323
2026-06,Y,총계,총계,세종,7
2026-06,Y,총계,총계,강원,123
2026-06,Y,총계,총계,충북,149
2026-06,Y,총계,총계,충남,1684
2026-06,Y,총계,총계,전북,102
2026-06,Y,총계,총계,전남,835
2026-06,Y,총계,총계,경북,204
2026-06,Y,총계,총계,경남,2305
2026-06,Y,총계,총계,제주,177
2026-06,Y,공공부문,소계,전국,9211
2026-06,Y,공공부문,소계,서울,1354
2026-06,Y,공공부문,소계,인천,1679
2026-06,Y,공공부문,소계,경기,6178
2026-06,Y,공공부문,소계,부산,0
2026-06,Y,공공부문,소계,대구,0
2026-06,Y,공공부문,소계,광주,0
2026-06,Y,공공부문,소계,대전,0
2026-06,Y,공공부문,소계,울산,0
2026-06,Y,공공부문,소계,세종,0
2026-06,Y,공공부문,소계,강원,0
2026-06,Y,공공부문,소계,충북,0
2026-06,Y,공공부문,소계,충남,0
2026-06,Y,공공부문,소계,전북,0
2026-06,Y,공공부문,소계,전남,0
2026-06,Y,공공부문,소계,경북,0
2026-06,Y,공공부문,소계,경남,0
2026-06,Y,공공부문,소계,제주,0
2026-06,Y,합,국민임대,전국,0
2026-06,Y,합,국민임대,서울,0
2026-06,Y,합,국민임대,인천,0
2026-06,Y,합,국민임대,경기,0
2026-06,Y,합,국민임대,부산,0
2026-06,Y,합,국민임대,대구,0
2026-06,Y,합,국민임대,광주,0
2026-06,Y,합,국민임대,대전,0
2026-06,Y,합,국민임대,울산,0
2026-06,Y,합,국민임대,세종,0
2026-06,Y,합,국민임대,강원,0
2026-06,Y,합,국민임대,충북,0
2026-06,Y,합,국민임대,충남,0
2026-06,Y,합,국민임대,전북,0
2026-06,Y,합,국민임대,전남,0
2026-06,Y,합,국민임대,경북,0
2026-06,Y,합,국민임대,경남,0
2026-06,Y,합,국민임대,제주,0
2026-06,Y,합,공공임대,전국,5789
2026-06,Y,합,공공임대,서울,366
2026-06,Y,합,공공임대,인천,1370
2026-06,Y,합,공공임대,경기,4053
2026-06,Y,합,공공임대,부산,0
2026-06,Y,합,공공임대,대구,0
2026-06,Y,합,공공임대,광주,0
2026-06,Y,합,공공임대,대전,0
2026-06,Y,합,공공임대,울산,0
2026-06,Y,합,공공임대,세종,0
2026-06,Y,합,공공임대,강원,0
2026-06,Y,합,공공임대,충북,0
2026-06,Y,합,공공임대,충남,0
2026-06,Y,합,공공임대,전북,0
2026-06,Y,합,공공임대,전남,0
2026-06,Y,합,공공임대,경북,0
2026-06,Y,합,공공임대,경남,0
2026-06,Y,합,공공임대,제주,0
2026-06,Y,합,공공분양,전국,3422
2026-06,Y,합,공공분양,서울,988
2026-06,Y,합,공공분양,인천,309
2026-06,Y,합,공공분양,경기,2125
2026-06,Y,합,공공분양,부산,0
2026-06,Y,합,공공분양,대구,0
2026-06,Y,합,공공분양,광주,0
2026-06,Y,합,공공분양,대전,0
2026-06,Y,합,공공분양,울산,0
2026-06,Y,합,공공분양,세종,0
2026-06,Y,합,공공분양,강원,0
2026-06,Y,합,공공분양,충북,0
2026-06,Y,합,공공분양,충남,0
2026-06,Y,합,공공분양,전북,0
2026-06,Y,합,공공분양,전남,0
2026-06,Y,합,공공분양,경북,0
2026-06,Y,합,공공분양,경남,0
2026-06,Y,합,공공분양,제주,0
2026-06,Y,지자체,소계,전국,0
2026-06,Y,지자체,소계,서울,0
2026-06,Y,지자체,소계,인천,0
2026-06,Y,지자체,소계,경기,0
2026-06,Y,지자체,소계,부산,0
2026-06,Y,지자체,소계,대구,0
2026-06,Y,지자체,소계,광주,0
2026-06,Y,지자체,소계,대전,0
2026-06,Y,지자체,소계,울산,0
2026-06,Y,지자체,소계,세종,0
2026-06,Y,지자체,소계,강원,0
2026-06,Y,지자체,소계,충북,0
2026-06,Y,지자체,소계,충남,0
2026-06,Y,지자체,소계,전북,0
2026-06,Y,지자체,소계,전남,0
2026-06,Y,지자체,소계,경북,0
2026-06,Y,지자체,소계,경남,0
2026-06,Y,지자체,소계,제주,0
2026-06,Y,지자체,국민임대,전국,0
2026-06,Y,지자체,국민임대,서울,0
2026-06,Y,지자체,국민임대,인천,0
2026-06,Y,지자체,국민임대,경기,0
2026-06,Y,지자체,국민임대,부산,0
2026-06,Y,지자체,국민임대,대구,0
2026-06,Y,지자체,국민임대,광주,0
2026-06,Y,지자체,국민임대,대전,0
2026-06,Y,지자체,국민임대,울산,0
2026-06,Y,지자체,국민임대,세종,0
2026-06,Y,지자체,국민임대,강원,0
2026-06,Y,지자체,국민임대,충북,0
2026-06,Y,지자체,국민임대,충남,0
2026-06,Y,지자체,국민임대,전북,0
2026-06,Y,지자체,국민임대,전남,0
2026-06,Y,지자체,국민임대,경북,0
2026-06,Y,지자체,국민임대,경남,0
2026-06,Y,지자체,국민임대,제주,0
2026-06,Y,지자체,공공임대,전국,0
2026-06,Y,지자체,공공임대,서울,0
2026-06,Y,지자체,공공임대,인천,0
2026-06,Y,지자체,공공임대,경기,0
2026-06,Y,지자체,공공임대,부산,0
2026-06,Y,지자체,공공임대,대구,0
2026-06,Y,지자체,공공임대,광주,0
2026-06,Y,지자체,공공임대,대전,0
2026-06,Y,지자체,공공임대,울산,0
2026-06,Y,지자체,공공임대,세종,0
2026-06,Y,지자체,공공임대,강원,0
2026-06,Y,지자체,공공임대,충북,0
2026-06,Y,지자체,공공임대,충남,0
2026-06,Y,지자체,공공임대,전북,0
2026-06,Y,지자체,공공임대,전남,0
2026-06,Y,지자체,공공임대,경북,0
2026-06,Y,지자체,공공임대,경남,0
2026-06,Y,지자체,공공임대,제주,0
2026-06,Y,지자체,공공분양,전국,0
2026-06,Y,지자체,공공분양,서울,0
2026-06,Y,지자체,공공분양,인천,0
2026-06,Y,지자체,공공분양,경기,0
2026-06,Y,지자체,공공분양,부산,0
2026-06,Y,지자체,공공분양,대구,0
2026-06,Y,지자체,공공분양,광주,0
2026-06,Y,지자체,공공분양,대전,0
2026-06,Y,지자체,공공분양,울산,0
2026-06,Y,지자체,공공분양,세종,0
2026-06,Y,지자체,공공분양,강원,0
2026-06,Y,지자체,공공분양,충북,0
2026-06,Y,지자체,공공분양,충남,0
2026-06,Y,지자체,공공분양,전북,0
2026-06,Y,지자체,공공분양,전남,0
2026-06,Y,지자체,공공분양,경북,0
2026-06,Y,지자체,공공분양,경남,0
2026-06,Y,지자체,공공분양,제주,0
2026-06,Y,LH,소계,전국,7857
2026-06,Y,LH,소계,서울,0
2026-06,Y,LH,소계,인천,1679
2026-06,Y,LH,소계,경기,6178
2026-06,Y,LH,소계,부산,0
2026-06,Y,LH,소계,대구,0
2026-06,Y,LH,소계,광주,0
2026-06,Y,LH,소계,대전,0
2026-06,Y,LH,소계,울산,0
2026-06,Y,LH,소계,세종,0
2026-06,Y,LH,소계,강원,0
2026-06,Y,LH,소계,충북,0
2026-06,Y,LH,소계,충남,0
2026-06,Y,LH,소계,전북,0
2026-06,Y,LH,소계,전남,0
2026-06,Y,LH,소계,경북,0
2026-06,Y,LH,소계,경남,0
2026-06,Y,LH,소계,제주,0
2026-06,Y,LH,국민임대,전국,0
2026-06,Y,LH,국민임대,서울,0
2026-06,Y,LH,국민임대,인천,0
2026-06,Y,LH,국민임대,경기,0
2026-06,Y,LH,국민임대,부산,0
2026-06,Y,LH,국민임대,대구,0
2026-06,Y,LH,국민임대,광주,0
2026-06,Y,LH,국민임대,대전,0
2026-06,Y,LH,국민임대,울산,0
2026-06,Y,LH,국민임대,세종,0
2026-06,Y,LH,국민임대,강원,0
2026-06,Y,LH,국민임대,충북,0
2026-06,Y,LH,국민임대,충남,0
2026-06,Y,LH,국민임대,전북,0
2026-06,Y,LH,국민임대,전남,0
2026-06,Y,LH,국민임대,경북,0
2026-06,Y,LH,국민임대,경남,0
2026-06,Y,LH,국민임대,제주,0
2026-06,Y,LH,공공임대,전국,5423
2026-06,Y,LH,공공임대,서울,0
2026-06,Y,LH,공공임대,인천,1370
2026-06,Y,LH,공공임대,경기,4053
2026-06,Y,LH,공공임대,부산,0
2026-06,Y,LH,공공임대,대구,0
2026-06,Y,LH,공공임대,광주,0
2026-06,Y,LH,공공임대,대전,0
2026-06,Y,LH,공공임대,울산,0
2026-06,Y,LH,공공임대,세종,0
2026-06,Y,LH,공공임대,강원,0
2026-06,Y,LH,공공임대,충북,0
2026-06,Y,LH,공공임대,충남,0
2026-06,Y,LH,공공임대,전북,0
2026-06,Y,LH,공공임대,전남,0
2026-06,Y,LH,공공임대,경북,0
2026-06,Y,LH,공공임대,경남,0
2026-06,Y,LH,공공임대,제주,0
2026-06,Y,LH,공공분양,전국,2434
2026-06,Y,LH,공공분양,서울,0
2026-06,Y,LH,공공분양,인천,309
2026-06,Y,LH,공공분양,경기,2125
2026-06,Y,LH,공공분양,부산,0
2026-06,Y,LH,공공분양,대구,0
2026-06,Y,LH,공공분양,광주,0
2026-06,Y,LH,공공분양,대전,0
2026-06,Y,LH,공공분양,울산,0
2026-06,Y,LH,공공분양,세종,0
2026-06,Y,LH,공공분양,강원,0
2026-06,Y,LH,공공분양,충북,0
2026-06,Y,LH,공공분양,충남,0
2026-06,Y,LH,공공분양,전북,0
2026-06,Y,LH,공공분양,전남,0
2026-06,Y,LH,공공분양,경북,0
2026-06,Y,LH,공공분양,경남,0
2026-06,Y,LH,공공분양,제주,0
2026-06,Y,주택업체,소계,전국,1354
2026-06,Y,주택업체,소계,서울,1354
2026-06,Y,주택업체,소계,인천,0
2026-06,Y,주택업체,소계,경기,0
2026-06,Y,주택업체,소계,부산,0
2026-06,Y,주택업체,소계,대구,0
2026-06,Y,주택업체,소계,광주,0
2026-06,Y,주택업체,소계,대전,0
2026-06,Y,주택업체,소계,울산,0
2026-06,Y,주택업체,소계,세종,0
2026-06,Y,주택업체,소계,강원,0
2026-06,Y,주택업체,소계,충북,0
2026-06,Y,주택업체,소계,충남,0
2026-06,Y,주택업체,소계,전북,0
2026-06,Y,주택업체,소계,전남,0
2026-06,Y,주택업체,소계,경북,0
2026-06,Y,주택업체,소계,경남,0
2026-06,Y,주택업체,소계,제주,0
2026-06,Y,주택업체,국민임대,전국,0
2026-06,Y,주택업체,국민임대,서울,0
2026-06,Y,주택업체,국민임대,인천,0
2026-06,Y,주택업체,국민임대,경기,0
2026-06,Y,주택업체,국민임대,부산,0
2026-06,Y,주택업체,국민임대,대구,0
2026-06,Y,주택업체,국민임대,광주,0
2026-06,Y,주택업체,국민임대,대전,0
2026-06,Y,주택업체,국민임대,울산,0
2026-06,Y,주택업체,국민임대,세종,0
2026-06,Y,주택업체,국민임대,강원,0
2026-06,Y,주택업체,국민임대,충북,0
2026-06,Y,주택업체,국민임대,충남,0
2026-06,Y,주택업체,국민임대,전북,0
2026-06,Y,주택업체,국민임대,전남,0
2026-06,Y,주택업체,국민임대,경북,0
2026-06,Y,주택업체,국민임대,경남,0
2026-06,Y,주택업체,국민임대,제주,0
2026-06,Y,주택업체,공공임대,전국,366
2026-06,Y,주택업체,공공임대,서울,366
2026-06,Y,주택업체,공공임대,인천,0
2026-06,Y,주택업체,공공임대,경기,0
2026-06,Y,주택업체,공공임대,부산,0
2026-06,Y,주택업체,공공임대,대구,0
2026-06,Y,주택업체,공공임대,광주,0
2026-06,Y,주택업체,공공임대,대전,0
2026-06,Y,주택업체,공공임대,울산,0
2026-06,Y,주택업체,공공임대,세종,0
2026-06,Y,주택업체,공공임대,강원,0
2026-06,Y,주택업체,공공임대,충북,0
2026-06,Y,주택업체,공공임대,충남,0
2026-06,Y,주택업체,공공임대,전북,0
2026-06,Y,주택업체,공공임대,전남,0
2026-06,Y,주택업체,공공임대,경북,0
2026-06,Y,주택업체,공공임대,경남,0
2026-06,Y,주택업체,공공임대,제주,0
2026-06,Y,주택업체,공공분양,전국,988
2026-06,Y,주택업체,공공분양,서울,988
2026-06,Y,주택업체,공공분양,인천,0
2026-06,Y,주택업체,공공분양,경기,0
2026-06,Y,주택업체,공공분양,부산,0
2026-06,Y,주택업체,공공분양,대구,0
2026-06,Y,주택업체,공공분양,광주,0
2026-06,Y,주택업체,공공분양,대전,0
2026-06,Y,주택업체,공공분양,울산,0
2026-06,Y,주택업체,공공분양,세종,0
2026-06,Y,주택업체,공공분양,강원,0
2026-06,Y,주택업체,공공분양,충북,0
2026-06,Y,주택업체,공공분양,충남,0
2026-06,Y,주택업체,공공분양,전북,0
2026-06,Y,주택업체,공공분양,전남,0
2026-06,Y,주택업체,공공분양,경북,0
2026-06,Y,주택업체,공공분양,경남,0
2026-06,Y,주택업체,공공분양,제주,0
2026-06,Y,민간부문,소계,전국,14427
2026-06,Y,민간부문,소계,서울,2137
2026-06,Y,민간부문,소계,인천,3169
2026-06,Y,민간부문,소계,경기,1832
2026-06,Y,민간부문,소계,부산,778
2026-06,Y,민간부문,소계,대구,21
2026-06,Y,민간부문,소계,광주,574
2026-06,Y,민간부문,소계,대전,7
2026-06,Y,민간부문,소계,울산,323
2026-06,Y,민간부문,소계,세종,7
2026-06,Y,민간부문,소계,강원,123
2026-06,Y,민간부문,소계,충북,149
2026-06,Y,민간부문,소계,충남,1684
2026-06,Y,민간부문,소계,전북,102
2026-06,Y,민간부문,소계,전남,835
2026-06,Y,민간부문,소계,경북,204
2026-06,Y,민간부문,소계,경남,2305
2026-06,Y,민간부문,소계,제주,177
2026-06,Y,민간,민간임대,전국,1001
2026-06,Y,민간,민간임대,서울,0
2026-06,Y,민간,민간임대,인천,0
2026-06,Y,민간,민간임대,경기,414
2026-06,Y,민간,민간임대,부산,0
2026-06,Y,민간,민간임대,대구,0
2026-06,Y,민간,민간임대,광주,0
2026-06,Y,민간,민간임대,대전,0
2026-06,Y,민간,민간임대,울산,301
2026-06,Y,민간,민간임대,세종,0
2026-06,Y,민간,민간임대,강원,0
2026-06,Y,민간,민간임대,충북,0
2026-06,Y,민간,민간임대,충남,0
2026-06,Y,민간,민간임대,전북,0
2026-06,Y,민간,민간임대,전남,228
2026-06,Y,민간,민간임대,경북,0
2026-06,Y,민간,민간임대,경남,0
2026-06,Y,민간,민간임대,제주,58
2026-06,Y,민간,민간분양,전국,13426
2026-06,Y,민간,민간분양,서울,2137
2026-06,Y,민간,민간분양,인천,3169
2026-06,Y,민간,민간분양,경기,1418
2026-06,Y,민간,민간분양,부산,778
2026-06,Y,민간,민간분양,대구,21
2026-06,Y,민간,민간분양,광주,574
2026-06,Y,민간,민간분양,대전,7
2026-06,Y,민간,민간분양,울산,22
2026-06,Y,민간,민간분양,세종,7
2026-06,Y,민간,민간분양,강원,123
2026-06,Y,민간,민간분양,충북,149
2026-06,Y,민간,민간분양,충남,1684
2026-06,Y,민간,민간분양,전북,102
2026-06,Y,민간,민간분양,전남,607
2026-06,Y,민간,민간분양,경북,204
2026-06,Y,민간,민간분양,경남,2305
2026-06,Y,민간,민간분양,제주,119
2026-07,Y,총계,총계,전국,20378
2026-07,Y,총계,총계,서울,6386
2026-07,Y,총계,총계,인천,245
2026-07,Y,총계,총계,경기,6059
2026-07,Y,총계,총계,전남광주,814
2026-07,Y,총계,총계,부산,1350
2026-07,Y,총계,총계,대구,17
2026-07,Y,총계,총계,대전,10
2026-07,Y,총계,총계,울산,2277
2026-07,Y,총계,총계,세종,685
2026-07,Y,총계,총계,강원,715
2026-07,Y,총계,총계,충북,114
2026-07,Y,총계,총계,충남,139
2026-07,Y,총계,총계,전북,101
2026-07,Y,총계,총계,경북,174
2026-07,Y,총계,총계,경남,1115
2026-07,Y,총계,총계,제주,177
2026-07,Y,공공부문,소계,전국,1482
2026-07,Y,공공부문,소계,서울,211
2026-07,Y,공공부문,소계,인천,85
2026-07,Y,공공부문,소계,경기,0
2026-07,Y,공공부문,소계,전남광주,0
2026-07,Y,공공부문,소계,부산,1086
2026-07,Y,공공부문,소계,대구,0
2026-07,Y,공공부문,소계,대전,0
2026-07,Y,공공부문,소계,울산,0
2026-07,Y,공공부문,소계,세종,0
2026-07,Y,공공부문,소계,강원,0
2026-07,Y,공공부문,소계,충북,0
2026-07,Y,공공부문,소계,충남,0
2026-07,Y,공공부문,소계,전북,0
2026-07,Y,공공부문,소계,경북,0
2026-07,Y,공공부문,소계,경남,0
2026-07,Y,공공부문,소계,제주,100
2026-07,Y,합,국민임대,전국,10
2026-07,Y,합,국민임대,서울,10
2026-07,Y,합,국민임대,인천,0
2026-07,Y,합,국민임대,경기,0
2026-07,Y,합,국민임대,전남광주,0
2026-07,Y,합,국민임대,부산,0
2026-07,Y,합,국민임대,대구,0
2026-07,Y,합,국민임대,대전,0
2026-07,Y,합,국민임대,울산,0
2026-07,Y,합,국민임대,세종,0
2026-07,Y,합,국민임대,강원,0
2026-07,Y,합,국민임대,충북,0
2026-07,Y,합,국민임대,충남,0
2026-07,Y,합,국민임대,전북,0
2026-07,Y,합,국민임대,경북,0
2026-07,Y,합,국민임대,경남,0
2026-07,Y,합,국민임대,제주,0
2026-07,Y,합,공공임대,전국,286
2026-07,Y,합,공공임대,서울,201
2026-07,Y,합,공공임대,인천,85
2026-07,Y,합,공공임대,경기,0
2026-07,Y,합,공공임대,전남광주,0
2026-07,Y,합,공공임대,부산,0
2026-07,Y,합,공공임대,대구,0
2026-07,Y,합,공공임대,대전,0
2026-07,Y,합,공공임대,울산,0
2026-07,Y,합,공공임대,세종,0
2026-07,Y,합,공공임대,강원,0
2026-07,Y,합,공공임대,충북,0
2026-07,Y,합,공공임대,충남,0
2026-07,Y,합,공공임대,전북,0
2026-07,Y,합,공공임대,경북,0
2026-07,Y,합,공공임대,경남,0
2026-07,Y,합,공공임대,제주,0
2026-07,Y,합,공공분양,전국,1186
2026-07,Y,합,공공분양,서울,0
2026-07,Y,합,공공분양,인천,0
2026-07,Y,합,공공분양,경기,0
2026-07,Y,합,공공분양,전남광주,0
2026-07,Y,합,공공분양,부산,1086
2026-07,Y,합,공공분양,대구,0
2026-07,Y,합,공공분양,대전,0
2026-07,Y,합,공공분양,울산,0
2026-07,Y,합,공공분양,세종,0
2026-07,Y,합,공공분양,강원,0
2026-07,Y,합,공공분양,충북,0
2026-07,Y,합,공공분양,충남,0
2026-07,Y,합,공공분양,전북,0
2026-07,Y,합,공공분양,경북,0
2026-07,Y,합,공공분양,경남,0
2026-07,Y,합,공공분양,제주,100
2026-07,Y,지자체,소계,전국,1186
2026-07,Y,지자체,소계,서울,0
2026-07,Y,지자체,소계,인천,0
2026-07,Y,지자체,소계,경기,0
2026-07,Y,지자체,소계,전남광주,0
2026-07,Y,지자체,소계,부산,1086
2026-07,Y,지자체,소계,대구,0
2026-07,Y,지자체,소계,대전,0
2026-07,Y,지자체,소계,울산,0
2026-07,Y,지자체,소계,세종,0
2026-07,Y,지자체,소계,강원,0
2026-07,Y,지자체,소계,충북,0
2026-07,Y,지자체,소계,충남,0
2026-07,Y,지자체,소계,전북,0
2026-07,Y,지자체,소계,경북,0
2026-07,Y,지자체,소계,경남,0
2026-07,Y,지자체,소계,제주,100
2026-07,Y,지자체,국민임대,전국,0
2026-07,Y,지자체,국민임대,서울,0
2026-07,Y,지자체,국민임대,인천,0
2026-07,Y,지자체,국민임대,경기,0
2026-07,Y,지자체,국민임대,전남광주,0
2026-07,Y,지자체,국민임대,부산,0
2026-07,Y,지자체,국민임대,대구,0
2026-07,Y,지자체,국민임대,대전,0
2026-07,Y,지자체,국민임대,울산,0
2026-07,Y,지자체,국민임대,세종,0
2026-07,Y,지자체,국민임대,강원,0
2026-07,Y,지자체,국민임대,충북,0
2026-07,Y,지자체,국민임대,충남,0
2026-07,Y,지자체,국민임대,전북,0
2026-07,Y,지자체,국민임대,경북,0
2026-07,Y,지자체,국민임대,경남,0
2026-07,Y,지자체,국민임대,제주,0
2026-07,Y,지자체,공공임대,전국,0
2026-07,Y,지자체,공공임대,서울,0
2026-07,Y,지자체,공공임대,인천,0
2026-07,Y,지자체,공공임대,경기,0
2026-07,Y,지자체,공공임대,전남광주,0
2026-07,Y,지자체,공공임대,부산,0
2026-07,Y,지자체,공공임대,대구,0
2026-07,Y,지자체,공공임대,대전,0
2026-07,Y,지자체,공공임대,울산,0
2026-07,Y,지자체,공공임대,세종,0
2026-07,Y,지자체,공공임대,강원,0
2026-07,Y,지자체,공공임대,충북,0
2026-07,Y,지자체,공공임대,충남,0
2026-07,Y,지자체,공공임대,전북,0
2026-07,Y,지자체,공공임대,경북,0
2026-07,Y,지자체,공공임대,경남,0
2026-07,Y,지자체,공공임대,제주,0
2026-07,Y,지자체,공공분양,전국,1186
2026-07,Y,지자체,공공분양,서울,0
2026-07,Y,지자체,공공분양,인천,0
2026-07,Y,지자체,공공분양,경기,0
2026-07,Y,지자체,공공분양,전남광주,0
2026-07,Y,지자체,공공분양,부산,1086
2026-07,Y,지자체,공공분양,대구,0
2026-07,Y,지자체,공공분양,대전,0
2026-07,Y,지자체,공공분양,울산,0
2026-07,Y,지자체,공공분양,세종,0
2026-07,Y,지자체,공공분양,강원,0
2026-07,Y,지자체,공공분양,충북,0
2026-07,Y,지자체,공공분양,충남,0
2026-07,Y,지자체,공공분양,전북,0
2026-07,Y,지자체,공공분양,경북,0
2026-07,Y,지자체,공공분양,경남,0
2026-07,Y,지자체,공공분양,제주,100
2026-07,Y,LH,소계,전국,0
2026-07,Y,LH,소계,서울,0
2026-07,Y,LH,소계,인천,0
2026-07,Y,LH,소계,경기,0
2026-07,Y,LH,소계,전남광주,0
2026-07,Y,LH,소계,부산,0
2026-07,Y,LH,소계,대구,0
2026-07,Y,LH,소계,대전,0
2026-07,Y,LH,소계,울산,0
2026-07,Y,LH,소계,세종,0
2026-07,Y,LH,소계,강원,0
2026-07,Y,LH,소계,충북,0
2026-07,Y,LH,소계,충남,0
2026-07,Y,LH,소계,전북,0
2026-07,Y,LH,소계,경북,0
2026-07,Y,LH,소계,경남,0
2026-07,Y,LH,소계,제주,0
2026-07,Y,LH,국민임대,전국,0
2026-07,Y,LH,국민임대,서울,0
2026-07,Y,LH,국민임대,인천,0
2026-07,Y,LH,국민임대,경기,0
2026-07,Y,LH,국민임대,전남광주,0
2026-07,Y,LH,국민임대,부산,0
2026-07,Y,LH,국민임대,대구,0
2026-07,Y,LH,국민임대,대전,0
2026-07,Y,LH,국민임대,울산,0
2026-07,Y,LH,국민임대,세종,0
2026-07,Y,LH,국민임대,강원,0
2026-07,Y,LH,국민임대,충북,0
2026-07,Y,LH,국민임대,충남,0
2026-07,Y,LH,국민임대,전북,0
2026-07,Y,LH,국민임대,경북,0
2026-07,Y,LH,국민임대,경남,0
2026-07,Y,LH,국민임대,제주,0
2026-07,Y,LH,공공임대,전국,0
2026-07,Y,LH,공공임대,서울,0
2026-07,Y,LH,공공임대,인천,0
2026-07,Y,LH,공공임대,경기,0
2026-07,Y,LH,공공임대,전남광주,0
2026-07,Y,LH,공공임대,부산,0
2026-07,Y,LH,공공임대,대구,0
2026-07,Y,LH,공공임대,대전,0
2026-07,Y,LH,공공임대,울산,0
2026-07,Y,LH,공공임대,세종,0
2026-07,Y,LH,공공임대,강원,0
2026-07,Y,LH,공공임대,충북,0
2026-07,Y,LH,공공임대,충남,0
2026-07,Y,LH,공공임대,전북,0
2026-07,Y,LH,공공임대,경북,0
2026-07,Y,LH,공공임대,경남,0
2026-07,Y,LH,공공임대,제주,0
2026-07,Y,LH,공공분양,전국,0
2026-07,Y,LH,공공분양,서울,0
2026-07,Y,LH,공공분양,인천,0
2026-07,Y,LH,공공분양,경기,0
2026-07,Y,LH,공공분양,전남광주,0
2026-07,Y,LH,공공분양,부산,0
2026-07,Y,LH,공공분양,대구,0
2026-07,Y,LH,공공분양,대전,0
2026-07,Y,LH,공공분양,울산,0
2026-07,Y,LH,공공분양,세종,0
2026-07,Y,LH,공공분양,강원,0
2026-07,Y,LH,공공분양,충북,0
2026-07,Y,LH,공공분양,충남,0
2026-07,Y,LH,공공분양,전북,0
2026-07,Y,LH,공공분양,경북,0
2026-07,Y,LH,공공분양,경남,0
2026-07,Y,LH,공공분양,제주,0
2026-07,Y,주택업체,소계,전국,296
2026-07,Y,주택업체,소계,서울,211
2026-07,Y,주택업체,소계,인천,85
2026-07,Y,주택업체,소계,경기,0
2026-07,Y,주택업체,소계,전남광주,0
2026-07,Y,주택업체,소계,부산,0
2026-07,Y,주택업체,소계,대구,0
2026-07,Y,주택업체,소계,대전,0
2026-07,Y,주택업체,소계,울산,0
2026-07,Y,주택업체,소계,세종,0
2026-07,Y,주택업체,소계,강원,0
2026-07,Y,주택업체,소계,충북,0
2026-07,Y,주택업체,소계,충남,0
2026-07,Y,주택업체,소계,전북,0
2026-07,Y,주택업체,소계,경북,0
2026-07,Y,주택업체,소계,경남,0
2026-07,Y,주택업체,소계,제주,0
2026-07,Y,주택업체,국민임대,전국,10
2026-07,Y,주택업체,국민임대,서울,10
2026-07,Y,주택업체,국민임대,인천,0
2026-07,Y,주택업체,국민임대,경기,0
2026-07,Y,주택업체,국민임대,전남광주,0
2026-07,Y,주택업체,국민임대,부산,0
2026-07,Y,주택업체,국민임대,대구,0
2026-07,Y,주택업체,국민임대,대전,0
2026-07,Y,주택업체,국민임대,울산,0
2026-07,Y,주택업체,국민임대,세종,0
2026-07,Y,주택업체,국민임대,강원,0
2026-07,Y,주택업체,국민임대,충북,0
2026-07,Y,주택업체,국민임대,충남,0
2026-07,Y,주택업체,국민임대,전북,0
2026-07,Y,주택업체,국민임대,경북,0
2026-07,Y,주택업체,국민임대,경남,0
2026-07,Y,주택업체,국민임대,제주,0
2026-07,Y,주택업체,공공임대,전국,286
2026-07,Y,주택업체,공공임대,서울,201
2026-07,Y,주택업체,공공임대,인천,85
2026-07,Y,주택업체,공공임대,경기,0
2026-07,Y,주택업체,공공임대,전남광주,0
2026-07,Y,주택업체,공공임대,부산,0
2026-07,Y,주택업체,공공임대,대구,0
2026-07,Y,주택업체,공공임대,대전,0
2026-07,Y,주택업체,공공임대,울산,0
2026-07,Y,주택업체,공공임대,세종,0
2026-07,Y,주택업체,공공임대,강원,0
2026-07,Y,주택업체,공공임대,충북,0
2026-07,Y,주택업체,공공임대,충남,0
2026-07,Y,주택업체,공공임대,전북,0
2026-07,Y,주택업체,공공임대,경북,0
2026-07,Y,주택업체,공공임대,경남,0
2026-07,Y,주택업체,공공임대,제주,0
2026-07,Y,주택업체,공공분양,전국,0
2026-07,Y,주택업체,공공분양,서울,0
2026-07,Y,주택업체,공공분양,인천,0
2026-07,Y,주택업체,공공분양,경기,0
2026-07,Y,주택업체,공공분양,전남광주,0
2026-07,Y,주택업체,공공분양,부산,0
2026-07,Y,주택업체,공공분양,대구,0
2026-07,Y,주택업체,공공분양,대전,0
2026-07,Y,주택업체,공공분양,울산,0
2026-07,Y,주택업체,공공분양,세종,0
2026-07,Y,주택업체,공공분양,강원,0
2026-07,Y,주택업체,공공분양,충북,0
2026-07,Y,주택업체,공공분양,충남,0
2026-07,Y,주택업체,공공분양,전북,0
2026-07,Y,주택업체,공공분양,경북,0
2026-07,Y,주택업체,공공분양,경남,0
2026-07,Y,주택업체,공공분양,제주,0
2026-07,Y,민간부문,소계,전국,18896
2026-07,Y,민간부문,소계,서울,6175
2026-07,Y,민간부문,소계,인천,160
2026-07,Y,민간부문,소계,경기,6059
2026-07,Y,민간부문,소계,전남광주,814
2026-07,Y,민간부문,소계,부산,264
2026-07,Y,민간부문,소계,대구,17
2026-07,Y,민간부문,소계,대전,10
2026-07,Y,민간부문,소계,울산,2277
2026-07,Y,민간부문,소계,세종,685
2026-07,Y,민간부문,소계,강원,715
2026-07,Y,민간부문,소계,충북,114
2026-07,Y,민간부문,소계,충남,139
2026-07,Y,민간부문,소계,전북,101
2026-07,Y,민간부문,소계,경북,174
2026-07,Y,민간부문,소계,경남,1115
2026-07,Y,민간부문,소계,제주,77
2026-07,Y,민간,민간임대,전국,1125
2026-07,Y,민간,민간임대,서울,108
2026-07,Y,민간,민간임대,인천,0
2026-07,Y,민간,민간임대,경기,1017
2026-07,Y,민간,민간임대,전남광주,0
2026-07,Y,민간,민간임대,부산,0
2026-07,Y,민간,민간임대,대구,0
2026-07,Y,민간,민간임대,대전,0
2026-07,Y,민간,민간임대,울산,0
2026-07,Y,민간,민간임대,세종,0
2026-07,Y,민간,민간임대,강원,0
2026-07,Y,민간,민간임대,충북,0
2026-07,Y,민간,민간임대,충남,0
2026-07,Y,민간,민간임대,전북,0
2026-07,Y,민간,민간임대,경북,0
2026-07,Y,민간,민간임대,경남,0
2026-07,Y,민간,민간임대,제주,0
2026-07,Y,민간,민간분양,전국,17771
2026-07,Y,민간,민간분양,서울,6067
2026-07,Y,민간,민간분양,인천,160
2026-07,Y,민간,민간분양,경기,5042
2026-07,Y,민간,민간분양,전남광주,814
2026-07,Y,민간,민간분양,부산,264
2026-07,Y,민간,민간분양,대구,17
2026-07,Y,민간,민간분양,대전,10
2026-07,Y,민간,민간분양,울산,2277
2026-07,Y,민간,민간분양,세종,685
2026-07,Y,민간,민간분양,강원,715
2026-07,Y,민간,민간분양,충북,114
2026-07,Y,민간,민간분양,충남,139
2026-07,Y,민간,민간분양,전북,101
2026-07,Y,민간,민간분양,경북,174
2026-07,Y,민간,민간분양,경남,1115
2026-07,Y,민간,민간분양,제주,77
2026-08,Y,총계,총계,전국,18013
2026-08,Y,총계,총계,서울,1172
2026-08,Y,총계,총계,인천,3605
2026-08,Y,총계,총계,경기,4068
2026-08,Y,총계,총계,전남광주,3600
2026-08,Y,총계,총계,부산,325
2026-08,Y,총계,총계,대구,8
2026-08,Y,총계,총계,대전,19
2026-08,Y,총계,총계,울산,110
2026-08,Y,총계,총계,세종,6
2026-08,Y,총계,총계,강원,135
2026-08,Y,총계,총계,충북,837
2026-08,Y,총계,총계,충남,3281
2026-08,Y,총계,총계,전북,442
2026-08,Y,총계,총계,경북,165
2026-08,Y,총계,총계,경남,104
2026-08,Y,총계,총계,제주,136
2026-08,Y,공공부문,소계,전국,762
2026-08,Y,공공부문,소계,서울,235
2026-08,Y,공공부문,소계,인천,441
2026-08,Y,공공부문,소계,경기,30
2026-08,Y,공공부문,소계,전남광주,56
2026-08,Y,공공부문,소계,부산,0
2026-08,Y,공공부문,소계,대구,0
2026-08,Y,공공부문,소계,대전,0
2026-08,Y,공공부문,소계,울산,0
2026-08,Y,공공부문,소계,세종,0
2026-08,Y,공공부문,소계,강원,0
2026-08,Y,공공부문,소계,충북,0
2026-08,Y,공공부문,소계,충남,0
2026-08,Y,공공부문,소계,전북,0
2026-08,Y,공공부문,소계,경북,0
2026-08,Y,공공부문,소계,경남,0
2026-08,Y,공공부문,소계,제주,0
2026-08,Y,합,국민임대,전국,0
2026-08,Y,합,국민임대,서울,0
2026-08,Y,합,국민임대,인천,0
2026-08,Y,합,국민임대,경기,0
2026-08,Y,합,국민임대,전남광주,0
2026-08,Y,합,국민임대,부산,0
2026-08,Y,합,국민임대,대구,0
2026-08,Y,합,국민임대,대전,0
2026-08,Y,합,국민임대,울산,0
2026-08,Y,합,국민임대,세종,0
2026-08,Y,합,국민임대,강원,0
2026-08,Y,합,국민임대,충북,0
2026-08,Y,합,국민임대,충남,0
2026-08,Y,합,국민임대,전북,0
2026-08,Y,합,국민임대,경북,0
2026-08,Y,합,국민임대,경남,0
2026-08,Y,합,국민임대,제주,0
2026-08,Y,합,공공임대,전국,321
2026-08,Y,합,공공임대,서울,235
2026-08,Y,합,공공임대,인천,0
2026-08,Y,합,공공임대,경기,30
2026-08,Y,합,공공임대,전남광주,56
2026-08,Y,합,공공임대,부산,0
2026-08,Y,합,공공임대,대구,0
2026-08,Y,합,공공임대,대전,0
2026-08,Y,합,공공임대,울산,0
2026-08,Y,합,공공임대,세종,0
2026-08,Y,합,공공임대,강원,0
2026-08,Y,합,공공임대,충북,0
2026-08,Y,합,공공임대,충남,0
2026-08,Y,합,공공임대,전북,0
2026-08,Y,합,공공임대,경북,0
2026-08,Y,합,공공임대,경남,0
2026-08,Y,합,공공임대,제주,0
2026-08,Y,합,공공분양,전국,441
2026-08,Y,합,공공분양,서울,0
2026-08,Y,합,공공분양,인천,441
2026-08,Y,합,공공분양,경기,0
2026-08,Y,합,공공분양,전남광주,0
2026-08,Y,합,공공분양,부산,0
2026-08,Y,합,공공분양,대구,0
2026-08,Y,합,공공분양,대전,0
2026-08,Y,합,공공분양,울산,0
2026-08,Y,합,공공분양,세종,0
2026-08,Y,합,공공분양,강원,0
2026-08,Y,합,공공분양,충북,0
2026-08,Y,합,공공분양,충남,0
2026-08,Y,합,공공분양,전북,0
2026-08,Y,합,공공분양,경북,0
2026-08,Y,합,공공분양,경남,0
2026-08,Y,합,공공분양,제주,0
2026-08,Y,지자체,소계,전국,497
2026-08,Y,지자체,소계,서울,0
2026-08,Y,지자체,소계,인천,441
2026-08,Y,지자체,소계,경기,0
2026-08,Y,지자체,소계,전남광주,56
2026-08,Y,지자체,소계,부산,0
2026-08,Y,지자체,소계,대구,0
2026-08,Y,지자체,소계,대전,0
2026-08,Y,지자체,소계,울산,0
2026-08,Y,지자체,소계,세종,0
2026-08,Y,지자체,소계,강원,0
2026-08,Y,지자체,소계,충북,0
2026-08,Y,지자체,소계,충남,0
2026-08,Y,지자체,소계,전북,0
2026-08,Y,지자체,소계,경북,0
2026-08,Y,지자체,소계,경남,0
2026-08,Y,지자체,소계,제주,0
2026-08,Y,지자체,국민임대,전국,0
2026-08,Y,지자체,국민임대,서울,0
2026-08,Y,지자체,국민임대,인천,0
2026-08,Y,지자체,국민임대,경기,0
2026-08,Y,지자체,국민임대,전남광주,0
2026-08,Y,지자체,국민임대,부산,0
2026-08,Y,지자체,국민임대,대구,0
2026-08,Y,지자체,국민임대,대전,0
2026-08,Y,지자체,국민임대,울산,0
2026-08,Y,지자체,국민임대,세종,0
2026-08,Y,지자체,국민임대,강원,0
2026-08,Y,지자체,국민임대,충북,0
2026-08,Y,지자체,국민임대,충남,0
2026-08,Y,지자체,국민임대,전북,0
2026-08,Y,지자체,국민임대,경북,0
2026-08,Y,지자체,국민임대,경남,0
2026-08,Y,지자체,국민임대,제주,0
2026-08,Y,지자체,공공임대,전국,56
2026-08,Y,지자체,공공임대,서울,0
2026-08,Y,지자체,공공임대,인천,0
2026-08,Y,지자체,공공임대,경기,0
2026-08,Y,지자체,공공임대,전남광주,56
2026-08,Y,지자체,공공임대,부산,0
2026-08,Y,지자체,공공임대,대구,0
2026-08,Y,지자체,공공임대,대전,0
2026-08,Y,지자체,공공임대,울산,0
2026-08,Y,지자체,공공임대,세종,0
2026-08,Y,지자체,공공임대,강원,0
2026-08,Y,지자체,공공임대,충북,0
2026-08,Y,지자체,공공임대,충남,0
2026-08,Y,지자체,공공임대,전북,0
2026-08,Y,지자체,공공임대,경북,0
2026-08,Y,지자체,공공임대,경남,0
2026-08,Y,지자체,공공임대,제주,0
2026-08,Y,지자체,공공분양,전국,441
2026-08,Y,지자체,공공분양,서울,0
2026-08,Y,지자체,공공분양,인천,441
2026-08,Y,지자체,공공분양,경기,0
2026-08,Y,지자체,공공분양,전남광주,0
2026-08,Y,지자체,공공분양,부산,0
2026-08,Y,지자체,공공분양,대구,0
2026-08,Y,지자체,공공분양,대전,0
2026-08,Y,지자체,공공분양,울산,0
2026-08,Y,지자체,공공분양,세종,0
2026-08,Y,지자체,공공분양,강원,0
2026-08,Y,지자체,공공분양,충북,0
2026-08,Y,지자체,공공분양,충남,0
2026-08,Y,지자체,공공분양,전북,0
2026-08,Y,지자체,공공분양,경북,0
2026-08,Y,지자체,공공분양,경남,0
2026-08,Y,지자체,공공분양,제주,0
2026-08,Y,LH,소계,전국,0
2026-08,Y,LH,소계,서울,0
2026-08,Y,LH,소계,인천,0
2026-08,Y,LH,소계,경기,0
2026-08,Y,LH,소계,전남광주,0
2026-08,Y,LH,소계,부산,0
2026-08,Y,LH,소계,대구,0
2026-08,Y,LH,소계,대전,0
2026-08,Y,LH,소계,울산,0
2026-08,Y,LH,소계,세종,0
2026-08,Y,LH,소계,강원,0
2026-08,Y,LH,소계,충북,0
2026-08,Y,LH,소계,충남,0
2026-08,Y,LH,소계,전북,0
2026-08,Y,LH,소계,경북,0
2026-08,Y,LH,소계,경남,0
2026-08,Y,LH,소계,제주,0
2026-08,Y,LH,국민임대,전국,0
2026-08,Y,LH,국민임대,서울,0
2026-08,Y,LH,국민임대,인천,0
2026-08,Y,LH,국민임대,경기,0
2026-08,Y,LH,국민임대,전남광주,0
2026-08,Y,LH,국민임대,부산,0
2026-08,Y,LH,국민임대,대구,0
2026-08,Y,LH,국민임대,대전,0
2026-08,Y,LH,국민임대,울산,0
2026-08,Y,LH,국민임대,세종,0
2026-08,Y,LH,국민임대,강원,0
2026-08,Y,LH,국민임대,충북,0
2026-08,Y,LH,국민임대,충남,0
2026-08,Y,LH,국민임대,전북,0
2026-08,Y,LH,국민임대,경북,0
2026-08,Y,LH,국민임대,경남,0
2026-08,Y,LH,국민임대,제주,0
2026-08,Y,LH,공공임대,전국,0
2026-08,Y,LH,공공임대,서울,0
2026-08,Y,LH,공공임대,인천,0
2026-08,Y,LH,공공임대,경기,0
2026-08,Y,LH,공공임대,전남광주,0
2026-08,Y,LH,공공임대,부산,0
2026-08,Y,LH,공공임대,대구,0
2026-08,Y,LH,공공임대,대전,0
2026-08,Y,LH,공공임대,울산,0
2026-08,Y,LH,공공임대,세종,0
2026-08,Y,LH,공공임대,강원,0
2026-08,Y,LH,공공임대,충북,0
2026-08,Y,LH,공공임대,충남,0
2026-08,Y,LH,공공임대,전북,0
2026-08,Y,LH,공공임대,경북,0
2026-08,Y,LH,공공임대,경남,0
2026-08,Y,LH,공공임대,제주,0
2026-08,Y,LH,공공분양,전국,0
2026-08,Y,LH,공공분양,서울,0
2026-08,Y,LH,공공분양,인천,0
2026-08,Y,LH,공공분양,경기,0
2026-08,Y,LH,공공분양,전남광주,0
2026-08,Y,LH,공공분양,부산,0
2026-08,Y,LH,공공분양,대구,0
2026-08,Y,LH,공공분양,대전,0
2026-08,Y,LH,공공분양,울산,0
2026-08,Y,LH,공공분양,세종,0
2026-08,Y,LH,공공분양,강원,0
2026-08,Y,LH,공공분양,충북,0
2026-08,Y,LH,공공분양,충남,0
2026-08,Y,LH,공공분양,전북,0
2026-08,Y,LH,공공분양,경북,0
2026-08,Y,LH,공공분양,경남,0
2026-08,Y,LH,공공분양,제주,0
2026-08,Y,주택업체,소계,전국,265
2026-08,Y,주택업체,소계,서울,235
2026-08,Y,주택업체,소계,인천,0
2026-08,Y,주택업체,소계,경기,30
2026-08,Y,주택업체,소계,전남광주,0
2026-08,Y,주택업체,소계,부산,0
2026-08,Y,주택업체,소계,대구,0
2026-08,Y,주택업체,소계,대전,0
2026-08,Y,주택업체,소계,울산,0
2026-08,Y,주택업체,소계,세종,0
2026-08,Y,주택업체,소계,강원,0
2026-08,Y,주택업체,소계,충북,0
2026-08,Y,주택업체,소계,충남,0
2026-08,Y,주택업체,소계,전북,0
2026-08,Y,주택업체,소계,경북,0
2026-08,Y,주택업체,소계,경남,0
2026-08,Y,주택업체,소계,제주,0
2026-08,Y,주택업체,국민임대,전국,0
2026-08,Y,주택업체,국민임대,서울,0
2026-08,Y,주택업체,국민임대,인천,0
2026-08,Y,주택업체,국민임대,경기,0
2026-08,Y,주택업체,국민임대,전남광주,0
2026-08,Y,주택업체,국민임대,부산,0
2026-08,Y,주택업체,국민임대,대구,0
2026-08,Y,주택업체,국민임대,대전,0
2026-08,Y,주택업체,국민임대,울산,0
2026-08,Y,주택업체,국민임대,세종,0
2026-08,Y,주택업체,국민임대,강원,0
2026-08,Y,주택업체,국민임대,충북,0
2026-08,Y,주택업체,국민임대,충남,0
2026-08,Y,주택업체,국민임대,전북,0
2026-08,Y,주택업체,국민임대,경북,0
2026-08,Y,주택업체,국민임대,경남,0
2026-08,Y,주택업체,국민임대,제주,0
2026-08,Y,주택업체,공공임대,전국,265
2026-08,Y,주택업체,공공임대,서울,235
2026-08,Y,주택업체,공공임대,인천,0
2026-08,Y,주택업체,공공임대,경기,30
2026-08,Y,주택업체,공공임대,전남광주,0
2026-08,Y,주택업체,공공임대,부산,0
2026-08,Y,주택업체,공공임대,대구,0
2026-08,Y,주택업체,공공임대,대전,0
2026-08,Y,주택업체,공공임대,울산,0
2026-08,Y,주택업체,공공임대,세종,0
2026-08,Y,주택업체,공공임대,강원,0
2026-08,Y,주택업체,공공임대,충북,0
2026-08,Y,주택업체,공공임대,충남,0
2026-08,Y,주택업체,공공임대,전북,0
2026-08,Y,주택업체,공공임대,경북,0
2026-08,Y,주택업체,공공임대,경남,0
2026-08,Y,주택업체,공공임대,제주,0
2026-08,Y,주택업체,공공분양,전국,0
2026-08,Y,주택업체,공공분양,서울,0
2026-08,Y,주택업체,공공분양,인천,0
2026-08,Y,주택업체,공공분양,경기,0
2026-08,Y,주택업체,공공분양,전남광주,0
2026-08,Y,주택업체,공공분양,부산,0
2026-08,Y,주택업체,공공분양,대구,0
2026-08,Y,주택업체,공공분양,대전,0
2026-08,Y,주택업체,공공분양,울산,0
2026-08,Y,주택업체,공공분양,세종,0
2026-08,Y,주택업체,공공분양,강원,0
2026-08,Y,주택업체,공공분양,충북,0
2026-08,Y,주택업체,공공분양,충남,0
2026-08,Y,주택업체,공공분양,전북,0
2026-08,Y,주택업체,공공분양,경북,0
2026-08,Y,주택업체,공공분양,경남,0
2026-08,Y,주택업체,공공분양,제주,0
2026-08,Y,민간부문,소계,전국,17251
2026-08,Y,민간부문,소계,서울,937
2026-08,Y,민간부문,소계,인천,3164
2026-08,Y,민간부문,소계,경기,4038
2026-08,Y,민간부문,소계,전남광주,3544
2026-08,Y,민간부문,소계,부산,325
2026-08,Y,민간부문,소계,대구,8
2026-08,Y,민간부문,소계,대전,19
2026-08,Y,민간부문,소계,울산,110
2026-08,Y,민간부문,소계,세종,6
2026-08,Y,민간부문,소계,강원,135
2026-08,Y,민간부문,소계,충북,837
2026-08,Y,민간부문,소계,충남,3281
2026-08,Y,민간부문,소계,전북,442
2026-08,Y,민간부문,소계,경북,165
2026-08,Y,민간부문,소계,경남,104
2026-08,Y,민간부문,소계,제주,136
2026-08,Y,민간,민간임대,전국,0
2026-08,Y,민간,민간임대,서울,0
2026-08,Y,민간,민간임대,인천,0
2026-08,Y,민간,민간임대,경기,0
2026-08,Y,민간,민간임대,전남광주,0
2026-08,Y,민간,민간임대,부산,0
2026-08,Y,민간,민간임대,대구,0
2026-08,Y,민간,민간임대,대전,0
2026-08,Y,민간,민간임대,울산,0
2026-08,Y,민간,민간임대,세종,0
2026-08,Y,민간,민간임대,강원,0
2026-08,Y,민간,민간임대,충북,0
2026-08,Y,민간,민간임대,충남,0
2026-08,Y,민간,민간임대,전북,0
2026-08,Y,민간,민간임대,경북,0
2026-08,Y,민간,민간임대,경남,0
2026-08,Y,민간,민간임대,제주,0
2026-08,Y,민간,민간분양,전국,17251
2026-08,Y,민간,민간분양,서울,937
2026-08,Y,민간,민간분양,인천,3164
2026-08,Y,민간,민간분양,경기,4038
2026-08,Y,민간,민간분양,전남광주,3544
2026-08,Y,민간,민간분양,부산,325
2026-08,Y,민간,민간분양,대구,8
2026-08,Y,민간,민간분양,대전,19
2026-08,Y,민간,민간분양,울산,110
2026-08,Y,민간,민간분양,세종,6
2026-08,Y,민간,민간분양,강원,135
2026-08,Y,민간,민간분양,충북,837
2026-08,Y,민간,민간분양,충남,3281
2026-08,Y,민간,민간분양,전북,442
2026-08,Y,민간,민간분양,경북,165
2026-08,Y,민간,민간분양,경남,104
2026-08,Y,민간,민간분양,제주,136
