월(Monthly),구  분,부문명,시도별,사용검사실적
2021-09,총계,총계,전국,22,222
2021-09,총계,총계,서울,4,024
2021-09,총계,총계,인천,1,107
2021-09,총계,총계,경기,4,939
2021-09,총계,총계,부산,740
2021-09,총계,총계,대구,2,168
2021-09,총계,총계,광주,1,024
2021-09,총계,총계,대전,89
2021-09,총계,총계,울산,65
2021-09,총계,총계,세종,1,373
2021-09,총계,총계,강원,1,144
2021-09,총계,총계,충북,1,981
2021-09,총계,총계,충남,441
2021-09,총계,총계,전북,482
2021-09,총계,총계,전남,752
2021-09,총계,총계,경북,1,315
2021-09,총계,총계,경남,427
2021-09,총계,총계,제주,151
2021-09,공공부문,소계,전국,4,363
2021-09,공공부문,소계,서울,518
2021-09,공공부문,소계,인천,0
2021-09,공공부문,소계,경기,1,677
2021-09,공공부문,소계,부산,0
2021-09,공공부문,소계,대구,100
2021-09,공공부문,소계,광주,0
2021-09,공공부문,소계,대전,0
2021-09,공공부문,소계,울산,0
2021-09,공공부문,소계,세종,0
2021-09,공공부문,소계,강원,259
2021-09,공공부문,소계,충북,1,692
2021-09,공공부문,소계,충남,0
2021-09,공공부문,소계,전북,117
2021-09,공공부문,소계,전남,0
2021-09,공공부문,소계,경북,0
2021-09,공공부문,소계,경남,0
2021-09,공공부문,소계,제주,0
2021-09,합,국민임대,전국,0
2021-09,합,국민임대,서울,0
2021-09,합,국민임대,인천,0
2021-09,합,국민임대,경기,0
2021-09,합,국민임대,부산,0
2021-09,합,국민임대,대구,0
2021-09,합,국민임대,광주,0
2021-09,합,국민임대,대전,0
2021-09,합,국민임대,울산,0
2021-09,합,국민임대,세종,0
2021-09,합,국민임대,강원,0
2021-09,합,국민임대,충북,0
2021-09,합,국민임대,충남,0
2021-09,합,국민임대,전북,0
2021-09,합,국민임대,전남,0
2021-09,합,국민임대,경북,0
2021-09,합,국민임대,경남,0
2021-09,합,국민임대,제주,0
2021-09,합,공공임대,전국,2,209
2021-09,합,공공임대,서울,518
2021-09,합,공공임대,인천,0
2021-09,합,공공임대,경기,811
2021-09,합,공공임대,부산,0
2021-09,합,공공임대,대구,100
2021-09,합,공공임대,광주,0
2021-09,합,공공임대,대전,0
2021-09,합,공공임대,울산,0
2021-09,합,공공임대,세종,0
2021-09,합,공공임대,강원,259
2021-09,합,공공임대,충북,404
2021-09,합,공공임대,충남,0
2021-09,합,공공임대,전북,117
2021-09,합,공공임대,전남,0
2021-09,합,공공임대,경북,0
2021-09,합,공공임대,경남,0
2021-09,합,공공임대,제주,0
2021-09,합,공공분양,전국,2,154
2021-09,합,공공분양,서울,0
2021-09,합,공공분양,인천,0
2021-09,합,공공분양,경기,866
2021-09,합,공공분양,부산,0
2021-09,합,공공분양,대구,0
2021-09,합,공공분양,광주,0
2021-09,합,공공분양,대전,0
2021-09,합,공공분양,울산,0
2021-09,합,공공분양,세종,0
2021-09,합,공공분양,강원,0
2021-09,합,공공분양,충북,1,288
2021-09,합,공공분양,충남,0
2021-09,합,공공분양,전북,0
2021-09,합,공공분양,전남,0
2021-09,합,공공분양,경북,0
2021-09,합,공공분양,경남,0
2021-09,합,공공분양,제주,0
2021-09,지자체,소계,전국,1,692
2021-09,지자체,소계,서울,0
2021-09,지자체,소계,인천,0
2021-09,지자체,소계,경기,0
2021-09,지자체,소계,부산,0
2021-09,지자체,소계,대구,0
2021-09,지자체,소계,광주,0
2021-09,지자체,소계,대전,0
2021-09,지자체,소계,울산,0
2021-09,지자체,소계,세종,0
2021-09,지자체,소계,강원,0
2021-09,지자체,소계,충북,1,692
2021-09,지자체,소계,충남,0
2021-09,지자체,소계,전북,0
2021-09,지자체,소계,전남,0
2021-09,지자체,소계,경북,0
2021-09,지자체,소계,경남,0
2021-09,지자체,소계,제주,0
2021-09,지자체,국민임대,전국,0
2021-09,지자체,국민임대,서울,0
2021-09,지자체,국민임대,인천,0
2021-09,지자체,국민임대,경기,0
2021-09,지자체,국민임대,부산,0
2021-09,지자체,국민임대,대구,0
2021-09,지자체,국민임대,광주,0
2021-09,지자체,국민임대,대전,0
2021-09,지자체,국민임대,울산,0
2021-09,지자체,국민임대,세종,0
2021-09,지자체,국민임대,강원,0
2021-09,지자체,국민임대,충북,0
2021-09,지자체,국민임대,충남,0
2021-09,지자체,국민임대,전북,0
2021-09,지자체,국민임대,전남,0
2021-09,지자체,국민임대,경북,0
2021-09,지자체,국민임대,경남,0
2021-09,지자체,국민임대,제주,0
2021-09,지자체,공공임대,전국,404
2021-09,지자체,공공임대,서울,0
2021-09,지자체,공공임대,인천,0
2021-09,지자체,공공임대,경기,0
2021-09,지자체,공공임대,부산,0
2021-09,지자체,공공임대,대구,0
2021-09,지자체,공공임대,광주,0
2021-09,지자체,공공임대,대전,0
2021-09,지자체,공공임대,울산,0
2021-09,지자체,공공임대,세종,0
2021-09,지자체,공공임대,강원,0
2021-09,지자체,공공임대,충북,404
2021-09,지자체,공공임대,충남,0
2021-09,지자체,공공임대,전북,0
2021-09,지자체,공공임대,전남,0
2021-09,지자체,공공임대,경북,0
2021-09,지자체,공공임대,경남,0
2021-09,지자체,공공임대,제주,0
2021-09,지자체,공공분양,전국,1,288
2021-09,지자체,공공분양,서울,0
2021-09,지자체,공공분양,인천,0
2021-09,지자체,공공분양,경기,0
2021-09,지자체,공공분양,부산,0
2021-09,지자체,공공분양,대구,0
2021-09,지자체,공공분양,광주,0
2021-09,지자체,공공분양,대전,0
2021-09,지자체,공공분양,울산,0
2021-09,지자체,공공분양,세종,0
2021-09,지자체,공공분양,강원,0
2021-09,지자체,공공분양,충북,1,288
2021-09,지자체,공공분양,충남,0
2021-09,지자체,공공분양,전북,0
2021-09,지자체,공공분양,전남,0
2021-09,지자체,공공분양,경북,0
2021-09,지자체,공공분양,경남,0
2021-09,지자체,공공분양,제주,0
2021-09,LH,소계,전국,408
2021-09,LH,소계,서울,0
2021-09,LH,소계,인천,0
2021-09,LH,소계,경기,49
2021-09,LH,소계,부산,0
2021-09,LH,소계,대구,100
2021-09,LH,소계,광주,0
2021-09,LH,소계,대전,0
2021-09,LH,소계,울산,0
2021-09,LH,소계,세종,0
2021-09,LH,소계,강원,259
2021-09,LH,소계,충북,0
2021-09,LH,소계,충남,0
2021-09,LH,소계,전북,0
2021-09,LH,소계,전남,0
2021-09,LH,소계,경북,0
2021-09,LH,소계,경남,0
2021-09,LH,소계,제주,0
2021-09,LH,국민임대,전국,0
2021-09,LH,국민임대,서울,0
2021-09,LH,국민임대,인천,0
2021-09,LH,국민임대,경기,0
2021-09,LH,국민임대,부산,0
2021-09,LH,국민임대,대구,0
2021-09,LH,국민임대,광주,0
2021-09,LH,국민임대,대전,0
2021-09,LH,국민임대,울산,0
2021-09,LH,국민임대,세종,0
2021-09,LH,국민임대,강원,0
2021-09,LH,국민임대,충북,0
2021-09,LH,국민임대,충남,0
2021-09,LH,국민임대,전북,0
2021-09,LH,국민임대,전남,0
2021-09,LH,국민임대,경북,0
2021-09,LH,국민임대,경남,0
2021-09,LH,국민임대,제주,0
2021-09,LH,공공임대,전국,408
2021-09,LH,공공임대,서울,0
2021-09,LH,공공임대,인천,0
2021-09,LH,공공임대,경기,49
2021-09,LH,공공임대,부산,0
2021-09,LH,공공임대,대구,100
2021-09,LH,공공임대,광주,0
2021-09,LH,공공임대,대전,0
2021-09,LH,공공임대,울산,0
2021-09,LH,공공임대,세종,0
2021-09,LH,공공임대,강원,259
2021-09,LH,공공임대,충북,0
2021-09,LH,공공임대,충남,0
2021-09,LH,공공임대,전북,0
2021-09,LH,공공임대,전남,0
2021-09,LH,공공임대,경북,0
2021-09,LH,공공임대,경남,0
2021-09,LH,공공임대,제주,0
2021-09,LH,공공분양,전국,0
2021-09,LH,공공분양,서울,0
2021-09,LH,공공분양,인천,0
2021-09,LH,공공분양,경기,0
2021-09,LH,공공분양,부산,0
2021-09,LH,공공분양,대구,0
2021-09,LH,공공분양,광주,0
2021-09,LH,공공분양,대전,0
2021-09,LH,공공분양,울산,0
2021-09,LH,공공분양,세종,0
2021-09,LH,공공분양,강원,0
2021-09,LH,공공분양,충북,0
2021-09,LH,공공분양,충남,0
2021-09,LH,공공분양,전북,0
2021-09,LH,공공분양,전남,0
2021-09,LH,공공분양,경북,0
2021-09,LH,공공분양,경남,0
2021-09,LH,공공분양,제주,0
2021-09,주택업체,소계,전국,2,263
2021-09,주택업체,소계,서울,518
2021-09,주택업체,소계,인천,0
2021-09,주택업체,소계,경기,1,628
2021-09,주택업체,소계,부산,0
2021-09,주택업체,소계,대구,0
2021-09,주택업체,소계,광주,0
2021-09,주택업체,소계,대전,0
2021-09,주택업체,소계,울산,0
2021-09,주택업체,소계,세종,0
2021-09,주택업체,소계,강원,0
2021-09,주택업체,소계,충북,0
2021-09,주택업체,소계,충남,0
2021-09,주택업체,소계,전북,117
2021-09,주택업체,소계,전남,0
2021-09,주택업체,소계,경북,0
2021-09,주택업체,소계,경남,0
2021-09,주택업체,소계,제주,0
2021-09,주택업체,국민임대,전국,0
2021-09,주택업체,국민임대,서울,0
2021-09,주택업체,국민임대,인천,0
2021-09,주택업체,국민임대,경기,0
2021-09,주택업체,국민임대,부산,0
2021-09,주택업체,국민임대,대구,0
2021-09,주택업체,국민임대,광주,0
2021-09,주택업체,국민임대,대전,0
2021-09,주택업체,국민임대,울산,0
2021-09,주택업체,국민임대,세종,0
2021-09,주택업체,국민임대,강원,0
2021-09,주택업체,국민임대,충북,0
2021-09,주택업체,국민임대,충남,0
2021-09,주택업체,국민임대,전북,0
2021-09,주택업체,국민임대,전남,0
2021-09,주택업체,국민임대,경북,0
2021-09,주택업체,국민임대,경남,0
2021-09,주택업체,국민임대,제주,0
2021-09,주택업체,공공임대,전국,1,397
2021-09,주택업체,공공임대,서울,518
2021-09,주택업체,공공임대,인천,0
2021-09,주택업체,공공임대,경기,762
2021-09,주택업체,공공임대,부산,0
2021-09,주택업체,공공임대,대구,0
2021-09,주택업체,공공임대,광주,0
2021-09,주택업체,공공임대,대전,0
2021-09,주택업체,공공임대,울산,0
2021-09,주택업체,공공임대,세종,0
2021-09,주택업체,공공임대,강원,0
2021-09,주택업체,공공임대,충북,0
2021-09,주택업체,공공임대,충남,0
2021-09,주택업체,공공임대,전북,117
2021-09,주택업체,공공임대,전남,0
2021-09,주택업체,공공임대,경북,0
2021-09,주택업체,공공임대,경남,0
2021-09,주택업체,공공임대,제주,0
2021-09,주택업체,공공분양,전국,866
2021-09,주택업체,공공분양,서울,0
2021-09,주택업체,공공분양,인천,0
2021-09,주택업체,공공분양,경기,866
2021-09,주택업체,공공분양,부산,0
2021-09,주택업체,공공분양,대구,0
2021-09,주택업체,공공분양,광주,0
2021-09,주택업체,공공분양,대전,0
2021-09,주택업체,공공분양,울산,0
2021-09,주택업체,공공분양,세종,0
2021-09,주택업체,공공분양,강원,0
2021-09,주택업체,공공분양,충북,0
2021-09,주택업체,공공분양,충남,0
2021-09,주택업체,공공분양,전북,0
2021-09,주택업체,공공분양,전남,0
2021-09,주택업체,공공분양,경북,0
2021-09,주택업체,공공분양,경남,0
2021-09,주택업체,공공분양,제주,0
2021-09,민간부문,소계,전국,17,859
2021-09,민간부문,소계,서울,3,506
2021-09,민간부문,소계,인천,1,107
2021-09,민간부문,소계,경기,3,262
2021-09,민간부문,소계,부산,740
2021-09,민간부문,소계,대구,2,068
2021-09,민간부문,소계,광주,1,024
2021-09,민간부문,소계,대전,89
2021-09,민간부문,소계,울산,65
2021-09,민간부문,소계,세종,1,373
2021-09,민간부문,소계,강원,885
2021-09,민간부문,소계,충북,289
2021-09,민간부문,소계,충남,441
2021-09,민간부문,소계,전북,365
2021-09,민간부문,소계,전남,752
2021-09,민간부문,소계,경북,1,315
2021-09,민간부문,소계,경남,427
2021-09,민간부문,소계,제주,151
2021-09,민간,민간임대,전국,0
2021-09,민간,민간임대,서울,0
2021-09,민간,민간임대,인천,0
2021-09,민간,민간임대,경기,0
2021-09,민간,민간임대,부산,0
2021-09,민간,민간임대,대구,0
2021-09,민간,민간임대,광주,0
2021-09,민간,민간임대,대전,0
2021-09,민간,민간임대,울산,0
2021-09,민간,민간임대,세종,0
2021-09,민간,민간임대,강원,0
2021-09,민간,민간임대,충북,0
2021-09,민간,민간임대,충남,0
2021-09,민간,민간임대,전북,0
2021-09,민간,민간임대,전남,0
2021-09,민간,민간임대,경북,0
2021-09,민간,민간임대,경남,0
2021-09,민간,민간임대,제주,0
2021-09,민간,민간분양,전국,17,859
2021-09,민간,민간분양,서울,3,506
2021-09,민간,민간분양,인천,1,107
2021-09,민간,민간분양,경기,3,262
2021-09,민간,민간분양,부산,740
2021-09,민간,민간분양,대구,2,068
2021-09,민간,민간분양,광주,1,024
2021-09,민간,민간분양,대전,89
2021-09,민간,민간분양,울산,65
2021-09,민간,민간분양,세종,1,373
2021-09,민간,민간분양,강원,885
2021-09,민간,민간분양,충북,289
2021-09,민간,민간분양,충남,441
2021-09,민간,민간분양,전북,365
2021-09,민간,민간분양,전남,752
2021-09,민간,민간분양,경북,1,315
2021-09,민간,민간분양,경남,427
2021-09,민간,민간분양,제주,151
2021-10,총계,총계,전국,37,303
2021-10,총계,총계,서울,4,522
2021-10,총계,총계,인천,1,908
2021-10,총계,총계,경기,10,934
2021-10,총계,총계,부산,702
2021-10,총계,총계,대구,1,046
2021-10,총계,총계,광주,105
2021-10,총계,총계,대전,6,206
2021-10,총계,총계,울산,925
2021-10,총계,총계,세종,34
2021-10,총계,총계,강원,869
2021-10,총계,총계,충북,325
2021-10,총계,총계,충남,790
2021-10,총계,총계,전북,2,046
2021-10,총계,총계,전남,2,287
2021-10,총계,총계,경북,1,145
2021-10,총계,총계,경남,3,157
2021-10,총계,총계,제주,302
2021-10,공공부문,소계,전국,5,500
2021-10,공공부문,소계,서울,959
2021-10,공공부문,소계,인천,0
2021-10,공공부문,소계,경기,3,658
2021-10,공공부문,소계,부산,284
2021-10,공공부문,소계,대구,0
2021-10,공공부문,소계,광주,0
2021-10,공공부문,소계,대전,0
2021-10,공공부문,소계,울산,0
2021-10,공공부문,소계,세종,0
2021-10,공공부문,소계,강원,0
2021-10,공공부문,소계,충북,0
2021-10,공공부문,소계,충남,381
2021-10,공공부문,소계,전북,0
2021-10,공공부문,소계,전남,18
2021-10,공공부문,소계,경북,200
2021-10,공공부문,소계,경남,0
2021-10,공공부문,소계,제주,0
2021-10,합,국민임대,전국,0
2021-10,합,국민임대,서울,0
2021-10,합,국민임대,인천,0
2021-10,합,국민임대,경기,0
2021-10,합,국민임대,부산,0
2021-10,합,국민임대,대구,0
2021-10,합,국민임대,광주,0
2021-10,합,국민임대,대전,0
2021-10,합,국민임대,울산,0
2021-10,합,국민임대,세종,0
2021-10,합,국민임대,강원,0
2021-10,합,국민임대,충북,0
2021-10,합,국민임대,충남,0
2021-10,합,국민임대,전북,0
2021-10,합,국민임대,전남,0
2021-10,합,국민임대,경북,0
2021-10,합,국민임대,경남,0
2021-10,합,국민임대,제주,0
2021-10,합,공공임대,전국,4,835
2021-10,합,공공임대,서울,959
2021-10,합,공공임대,인천,0
2021-10,합,공공임대,경기,3,011
2021-10,합,공공임대,부산,284
2021-10,합,공공임대,대구,0
2021-10,합,공공임대,광주,0
2021-10,합,공공임대,대전,0
2021-10,합,공공임대,울산,0
2021-10,합,공공임대,세종,0
2021-10,합,공공임대,강원,0
2021-10,합,공공임대,충북,0
2021-10,합,공공임대,충남,381
2021-10,합,공공임대,전북,0
2021-10,합,공공임대,전남,0
2021-10,합,공공임대,경북,200
2021-10,합,공공임대,경남,0
2021-10,합,공공임대,제주,0
2021-10,합,공공분양,전국,665
2021-10,합,공공분양,서울,0
2021-10,합,공공분양,인천,0
2021-10,합,공공분양,경기,647
2021-10,합,공공분양,부산,0
2021-10,합,공공분양,대구,0
2021-10,합,공공분양,광주,0
2021-10,합,공공분양,대전,0
2021-10,합,공공분양,울산,0
2021-10,합,공공분양,세종,0
2021-10,합,공공분양,강원,0
2021-10,합,공공분양,충북,0
2021-10,합,공공분양,충남,0
2021-10,합,공공분양,전북,0
2021-10,합,공공분양,전남,18
2021-10,합,공공분양,경북,0
2021-10,합,공공분양,경남,0
2021-10,합,공공분양,제주,0
2021-10,지자체,소계,전국,0
2021-10,지자체,소계,서울,0
2021-10,지자체,소계,인천,0
2021-10,지자체,소계,경기,0
2021-10,지자체,소계,부산,0
2021-10,지자체,소계,대구,0
2021-10,지자체,소계,광주,0
2021-10,지자체,소계,대전,0
2021-10,지자체,소계,울산,0
2021-10,지자체,소계,세종,0
2021-10,지자체,소계,강원,0
2021-10,지자체,소계,충북,0
2021-10,지자체,소계,충남,0
2021-10,지자체,소계,전북,0
2021-10,지자체,소계,전남,0
2021-10,지자체,소계,경북,0
2021-10,지자체,소계,경남,0
2021-10,지자체,소계,제주,0
2021-10,지자체,국민임대,전국,0
2021-10,지자체,국민임대,서울,0
2021-10,지자체,국민임대,인천,0
2021-10,지자체,국민임대,경기,0
2021-10,지자체,국민임대,부산,0
2021-10,지자체,국민임대,대구,0
2021-10,지자체,국민임대,광주,0
2021-10,지자체,국민임대,대전,0
2021-10,지자체,국민임대,울산,0
2021-10,지자체,국민임대,세종,0
2021-10,지자체,국민임대,강원,0
2021-10,지자체,국민임대,충북,0
2021-10,지자체,국민임대,충남,0
2021-10,지자체,국민임대,전북,0
2021-10,지자체,국민임대,전남,0
2021-10,지자체,국민임대,경북,0
2021-10,지자체,국민임대,경남,0
2021-10,지자체,국민임대,제주,0
2021-10,지자체,공공임대,전국,0
2021-10,지자체,공공임대,서울,0
2021-10,지자체,공공임대,인천,0
2021-10,지자체,공공임대,경기,0
2021-10,지자체,공공임대,부산,0
2021-10,지자체,공공임대,대구,0
2021-10,지자체,공공임대,광주,0
2021-10,지자체,공공임대,대전,0
2021-10,지자체,공공임대,울산,0
2021-10,지자체,공공임대,세종,0
2021-10,지자체,공공임대,강원,0
2021-10,지자체,공공임대,충북,0
2021-10,지자체,공공임대,충남,0
2021-10,지자체,공공임대,전북,0
2021-10,지자체,공공임대,전남,0
2021-10,지자체,공공임대,경북,0
2021-10,지자체,공공임대,경남,0
2021-10,지자체,공공임대,제주,0
2021-10,지자체,공공분양,전국,0
2021-10,지자체,공공분양,서울,0
2021-10,지자체,공공분양,인천,0
2021-10,지자체,공공분양,경기,0
2021-10,지자체,공공분양,부산,0
2021-10,지자체,공공분양,대구,0
2021-10,지자체,공공분양,광주,0
2021-10,지자체,공공분양,대전,0
2021-10,지자체,공공분양,울산,0
2021-10,지자체,공공분양,세종,0
2021-10,지자체,공공분양,강원,0
2021-10,지자체,공공분양,충북,0
2021-10,지자체,공공분양,충남,0
2021-10,지자체,공공분양,전북,0
2021-10,지자체,공공분양,전남,0
2021-10,지자체,공공분양,경북,0
2021-10,지자체,공공분양,경남,0
2021-10,지자체,공공분양,제주,0
2021-10,LH,소계,전국,1,150
2021-10,LH,소계,서울,0
2021-10,LH,소계,인천,0
2021-10,LH,소계,경기,648
2021-10,LH,소계,부산,284
2021-10,LH,소계,대구,0
2021-10,LH,소계,광주,0
2021-10,LH,소계,대전,0
2021-10,LH,소계,울산,0
2021-10,LH,소계,세종,0
2021-10,LH,소계,강원,0
2021-10,LH,소계,충북,0
2021-10,LH,소계,충남,0
2021-10,LH,소계,전북,0
2021-10,LH,소계,전남,18
2021-10,LH,소계,경북,200
2021-10,LH,소계,경남,0
2021-10,LH,소계,제주,0
2021-10,LH,국민임대,전국,0
2021-10,LH,국민임대,서울,0
2021-10,LH,국민임대,인천,0
2021-10,LH,국민임대,경기,0
2021-10,LH,국민임대,부산,0
2021-10,LH,국민임대,대구,0
2021-10,LH,국민임대,광주,0
2021-10,LH,국민임대,대전,0
2021-10,LH,국민임대,울산,0
2021-10,LH,국민임대,세종,0
2021-10,LH,국민임대,강원,0
2021-10,LH,국민임대,충북,0
2021-10,LH,국민임대,충남,0
2021-10,LH,국민임대,전북,0
2021-10,LH,국민임대,전남,0
2021-10,LH,국민임대,경북,0
2021-10,LH,국민임대,경남,0
2021-10,LH,국민임대,제주,0
2021-10,LH,공공임대,전국,485
2021-10,LH,공공임대,서울,0
2021-10,LH,공공임대,인천,0
2021-10,LH,공공임대,경기,1
2021-10,LH,공공임대,부산,284
2021-10,LH,공공임대,대구,0
2021-10,LH,공공임대,광주,0
2021-10,LH,공공임대,대전,0
2021-10,LH,공공임대,울산,0
2021-10,LH,공공임대,세종,0
2021-10,LH,공공임대,강원,0
2021-10,LH,공공임대,충북,0
2021-10,LH,공공임대,충남,0
2021-10,LH,공공임대,전북,0
2021-10,LH,공공임대,전남,0
2021-10,LH,공공임대,경북,200
2021-10,LH,공공임대,경남,0
2021-10,LH,공공임대,제주,0
2021-10,LH,공공분양,전국,665
2021-10,LH,공공분양,서울,0
2021-10,LH,공공분양,인천,0
2021-10,LH,공공분양,경기,647
2021-10,LH,공공분양,부산,0
2021-10,LH,공공분양,대구,0
2021-10,LH,공공분양,광주,0
2021-10,LH,공공분양,대전,0
2021-10,LH,공공분양,울산,0
2021-10,LH,공공분양,세종,0
2021-10,LH,공공분양,강원,0
2021-10,LH,공공분양,충북,0
2021-10,LH,공공분양,충남,0
2021-10,LH,공공분양,전북,0
2021-10,LH,공공분양,전남,18
2021-10,LH,공공분양,경북,0
2021-10,LH,공공분양,경남,0
2021-10,LH,공공분양,제주,0
2021-10,주택업체,소계,전국,4,350
2021-10,주택업체,소계,서울,959
2021-10,주택업체,소계,인천,0
2021-10,주택업체,소계,경기,3,010
2021-10,주택업체,소계,부산,0
2021-10,주택업체,소계,대구,0
2021-10,주택업체,소계,광주,0
2021-10,주택업체,소계,대전,0
2021-10,주택업체,소계,울산,0
2021-10,주택업체,소계,세종,0
2021-10,주택업체,소계,강원,0
2021-10,주택업체,소계,충북,0
2021-10,주택업체,소계,충남,381
2021-10,주택업체,소계,전북,0
2021-10,주택업체,소계,전남,0
2021-10,주택업체,소계,경북,0
2021-10,주택업체,소계,경남,0
2021-10,주택업체,소계,제주,0
2021-10,주택업체,국민임대,전국,0
2021-10,주택업체,국민임대,서울,0
2021-10,주택업체,국민임대,인천,0
2021-10,주택업체,국민임대,경기,0
2021-10,주택업체,국민임대,부산,0
2021-10,주택업체,국민임대,대구,0
2021-10,주택업체,국민임대,광주,0
2021-10,주택업체,국민임대,대전,0
2021-10,주택업체,국민임대,울산,0
2021-10,주택업체,국민임대,세종,0
2021-10,주택업체,국민임대,강원,0
2021-10,주택업체,국민임대,충북,0
2021-10,주택업체,국민임대,충남,0
2021-10,주택업체,국민임대,전북,0
2021-10,주택업체,국민임대,전남,0
2021-10,주택업체,국민임대,경북,0
2021-10,주택업체,국민임대,경남,0
2021-10,주택업체,국민임대,제주,0
2021-10,주택업체,공공임대,전국,4,350
2021-10,주택업체,공공임대,서울,959
2021-10,주택업체,공공임대,인천,0
2021-10,주택업체,공공임대,경기,3,010
2021-10,주택업체,공공임대,부산,0
2021-10,주택업체,공공임대,대구,0
2021-10,주택업체,공공임대,광주,0
2021-10,주택업체,공공임대,대전,0
2021-10,주택업체,공공임대,울산,0
2021-10,주택업체,공공임대,세종,0
2021-10,주택업체,공공임대,강원,0
2021-10,주택업체,공공임대,충북,0
2021-10,주택업체,공공임대,충남,381
2021-10,주택업체,공공임대,전북,0
2021-10,주택업체,공공임대,전남,0
2021-10,주택업체,공공임대,경북,0
2021-10,주택업체,공공임대,경남,0
2021-10,주택업체,공공임대,제주,0
2021-10,주택업체,공공분양,전국,0
2021-10,주택업체,공공분양,서울,0
2021-10,주택업체,공공분양,인천,0
2021-10,주택업체,공공분양,경기,0
2021-10,주택업체,공공분양,부산,0
2021-10,주택업체,공공분양,대구,0
2021-10,주택업체,공공분양,광주,0
2021-10,주택업체,공공분양,대전,0
2021-10,주택업체,공공분양,울산,0
2021-10,주택업체,공공분양,세종,0
2021-10,주택업체,공공분양,강원,0
2021-10,주택업체,공공분양,충북,0
2021-10,주택업체,공공분양,충남,0
2021-10,주택업체,공공분양,전북,0
2021-10,주택업체,공공분양,전남,0
2021-10,주택업체,공공분양,경북,0
2021-10,주택업체,공공분양,경남,0
2021-10,주택업체,공공분양,제주,0
2021-10,민간부문,소계,전국,31,803
2021-10,민간부문,소계,서울,3,563
2021-10,민간부문,소계,인천,1,908
2021-10,민간부문,소계,경기,7,276
2021-10,민간부문,소계,부산,418
2021-10,민간부문,소계,대구,1,046
2021-10,민간부문,소계,광주,105
2021-10,민간부문,소계,대전,6,206
2021-10,민간부문,소계,울산,925
2021-10,민간부문,소계,세종,34
2021-10,민간부문,소계,강원,869
2021-10,민간부문,소계,충북,325
2021-10,민간부문,소계,충남,409
2021-10,민간부문,소계,전북,2,046
2021-10,민간부문,소계,전남,2,269
2021-10,민간부문,소계,경북,945
2021-10,민간부문,소계,경남,3,157
2021-10,민간부문,소계,제주,302
2021-10,민간,민간임대,전국,1,654
2021-10,민간,민간임대,서울,185
2021-10,민간,민간임대,인천,0
2021-10,민간,민간임대,경기,95
2021-10,민간,민간임대,부산,0
2021-10,민간,민간임대,대구,0
2021-10,민간,민간임대,광주,0
2021-10,민간,민간임대,대전,0
2021-10,민간,민간임대,울산,0
2021-10,민간,민간임대,세종,0
2021-10,민간,민간임대,강원,0
2021-10,민간,민간임대,충북,0
2021-10,민간,민간임대,충남,0
2021-10,민간,민간임대,전북,878
2021-10,민간,민간임대,전남,496
2021-10,민간,민간임대,경북,0
2021-10,민간,민간임대,경남,0
2021-10,민간,민간임대,제주,0
2021-10,민간,민간분양,전국,30,149
2021-10,민간,민간분양,서울,3,378
2021-10,민간,민간분양,인천,1,908
2021-10,민간,민간분양,경기,7,181
2021-10,민간,민간분양,부산,418
2021-10,민간,민간분양,대구,1,046
2021-10,민간,민간분양,광주,105
2021-10,민간,민간분양,대전,6,206
2021-10,민간,민간분양,울산,925
2021-10,민간,민간분양,세종,34
2021-10,민간,민간분양,강원,869
2021-10,민간,민간분양,충북,325
2021-10,민간,민간분양,충남,409
2021-10,민간,민간분양,전북,1,168
2021-10,민간,민간분양,전남,1,773
2021-10,민간,민간분양,경북,945
2021-10,민간,민간분양,경남,3,157
2021-10,민간,민간분양,제주,302
2021-11,총계,총계,전국,37,029
2021-11,총계,총계,서울,5,548
2021-11,총계,총계,인천,741
2021-11,총계,총계,경기,12,212
2021-11,총계,총계,부산,2,342
2021-11,총계,총계,대구,5,854
2021-11,총계,총계,광주,1,021
2021-11,총계,총계,대전,260
2021-11,총계,총계,울산,67
2021-11,총계,총계,세종,34
2021-11,총계,총계,강원,2,461
2021-11,총계,총계,충북,1,170
2021-11,총계,총계,충남,426
2021-11,총계,총계,전북,265
2021-11,총계,총계,전남,2,998
2021-11,총계,총계,경북,622
2021-11,총계,총계,경남,586
2021-11,총계,총계,제주,422
2021-11,공공부문,소계,전국,2,830
2021-11,공공부문,소계,서울,22
2021-11,공공부문,소계,인천,0
2021-11,공공부문,소계,경기,1,531
2021-11,공공부문,소계,부산,0
2021-11,공공부문,소계,대구,1,277
2021-11,공공부문,소계,광주,0
2021-11,공공부문,소계,대전,0
2021-11,공공부문,소계,울산,0
2021-11,공공부문,소계,세종,0
2021-11,공공부문,소계,강원,0
2021-11,공공부문,소계,충북,0
2021-11,공공부문,소계,충남,0
2021-11,공공부문,소계,전북,0
2021-11,공공부문,소계,전남,0
2021-11,공공부문,소계,경북,0
2021-11,공공부문,소계,경남,0
2021-11,공공부문,소계,제주,0
2021-11,합,국민임대,전국,22
2021-11,합,국민임대,서울,22
2021-11,합,국민임대,인천,0
2021-11,합,국민임대,경기,0
2021-11,합,국민임대,부산,0
2021-11,합,국민임대,대구,0
2021-11,합,국민임대,광주,0
2021-11,합,국민임대,대전,0
2021-11,합,국민임대,울산,0
2021-11,합,국민임대,세종,0
2021-11,합,국민임대,강원,0
2021-11,합,국민임대,충북,0
2021-11,합,국민임대,충남,0
2021-11,합,국민임대,전북,0
2021-11,합,국민임대,전남,0
2021-11,합,국민임대,경북,0
2021-11,합,국민임대,경남,0
2021-11,합,국민임대,제주,0
2021-11,합,공공임대,전국,1,777
2021-11,합,공공임대,서울,0
2021-11,합,공공임대,인천,0
2021-11,합,공공임대,경기,500
2021-11,합,공공임대,부산,0
2021-11,합,공공임대,대구,1,277
2021-11,합,공공임대,광주,0
2021-11,합,공공임대,대전,0
2021-11,합,공공임대,울산,0
2021-11,합,공공임대,세종,0
2021-11,합,공공임대,강원,0
2021-11,합,공공임대,충북,0
2021-11,합,공공임대,충남,0
2021-11,합,공공임대,전북,0
2021-11,합,공공임대,전남,0
2021-11,합,공공임대,경북,0
2021-11,합,공공임대,경남,0
2021-11,합,공공임대,제주,0
2021-11,합,공공분양,전국,1,031
2021-11,합,공공분양,서울,0
2021-11,합,공공분양,인천,0
2021-11,합,공공분양,경기,1,031
2021-11,합,공공분양,부산,0
2021-11,합,공공분양,대구,0
2021-11,합,공공분양,광주,0
2021-11,합,공공분양,대전,0
2021-11,합,공공분양,울산,0
2021-11,합,공공분양,세종,0
2021-11,합,공공분양,강원,0
2021-11,합,공공분양,충북,0
2021-11,합,공공분양,충남,0
2021-11,합,공공분양,전북,0
2021-11,합,공공분양,전남,0
2021-11,합,공공분양,경북,0
2021-11,합,공공분양,경남,0
2021-11,합,공공분양,제주,0
2021-11,지자체,소계,전국,22
2021-11,지자체,소계,서울,22
2021-11,지자체,소계,인천,0
2021-11,지자체,소계,경기,0
2021-11,지자체,소계,부산,0
2021-11,지자체,소계,대구,0
2021-11,지자체,소계,광주,0
2021-11,지자체,소계,대전,0
2021-11,지자체,소계,울산,0
2021-11,지자체,소계,세종,0
2021-11,지자체,소계,강원,0
2021-11,지자체,소계,충북,0
2021-11,지자체,소계,충남,0
2021-11,지자체,소계,전북,0
2021-11,지자체,소계,전남,0
2021-11,지자체,소계,경북,0
2021-11,지자체,소계,경남,0
2021-11,지자체,소계,제주,0
2021-11,지자체,국민임대,전국,22
2021-11,지자체,국민임대,서울,22
2021-11,지자체,국민임대,인천,0
2021-11,지자체,국민임대,경기,0
2021-11,지자체,국민임대,부산,0
2021-11,지자체,국민임대,대구,0
2021-11,지자체,국민임대,광주,0
2021-11,지자체,국민임대,대전,0
2021-11,지자체,국민임대,울산,0
2021-11,지자체,국민임대,세종,0
2021-11,지자체,국민임대,강원,0
2021-11,지자체,국민임대,충북,0
2021-11,지자체,국민임대,충남,0
2021-11,지자체,국민임대,전북,0
2021-11,지자체,국민임대,전남,0
2021-11,지자체,국민임대,경북,0
2021-11,지자체,국민임대,경남,0
2021-11,지자체,국민임대,제주,0
2021-11,지자체,공공임대,전국,0
2021-11,지자체,공공임대,서울,0
2021-11,지자체,공공임대,인천,0
2021-11,지자체,공공임대,경기,0
2021-11,지자체,공공임대,부산,0
2021-11,지자체,공공임대,대구,0
2021-11,지자체,공공임대,광주,0
2021-11,지자체,공공임대,대전,0
2021-11,지자체,공공임대,울산,0
2021-11,지자체,공공임대,세종,0
2021-11,지자체,공공임대,강원,0
2021-11,지자체,공공임대,충북,0
2021-11,지자체,공공임대,충남,0
2021-11,지자체,공공임대,전북,0
2021-11,지자체,공공임대,전남,0
2021-11,지자체,공공임대,경북,0
2021-11,지자체,공공임대,경남,0
2021-11,지자체,공공임대,제주,0
2021-11,지자체,공공분양,전국,0
2021-11,지자체,공공분양,서울,0
2021-11,지자체,공공분양,인천,0
2021-11,지자체,공공분양,경기,0
2021-11,지자체,공공분양,부산,0
2021-11,지자체,공공분양,대구,0
2021-11,지자체,공공분양,광주,0
2021-11,지자체,공공분양,대전,0
2021-11,지자체,공공분양,울산,0
2021-11,지자체,공공분양,세종,0
2021-11,지자체,공공분양,강원,0
2021-11,지자체,공공분양,충북,0
2021-11,지자체,공공분양,충남,0
2021-11,지자체,공공분양,전북,0
2021-11,지자체,공공분양,전남,0
2021-11,지자체,공공분양,경북,0
2021-11,지자체,공공분양,경남,0
2021-11,지자체,공공분양,제주,0
2021-11,LH,소계,전국,0
2021-11,LH,소계,서울,0
2021-11,LH,소계,인천,0
2021-11,LH,소계,경기,0
2021-11,LH,소계,부산,0
2021-11,LH,소계,대구,0
2021-11,LH,소계,광주,0
2021-11,LH,소계,대전,0
2021-11,LH,소계,울산,0
2021-11,LH,소계,세종,0
2021-11,LH,소계,강원,0
2021-11,LH,소계,충북,0
2021-11,LH,소계,충남,0
2021-11,LH,소계,전북,0
2021-11,LH,소계,전남,0
2021-11,LH,소계,경북,0
2021-11,LH,소계,경남,0
2021-11,LH,소계,제주,0
2021-11,LH,국민임대,전국,0
2021-11,LH,국민임대,서울,0
2021-11,LH,국민임대,인천,0
2021-11,LH,국민임대,경기,0
2021-11,LH,국민임대,부산,0
2021-11,LH,국민임대,대구,0
2021-11,LH,국민임대,광주,0
2021-11,LH,국민임대,대전,0
2021-11,LH,국민임대,울산,0
2021-11,LH,국민임대,세종,0
2021-11,LH,국민임대,강원,0
2021-11,LH,국민임대,충북,0
2021-11,LH,국민임대,충남,0
2021-11,LH,국민임대,전북,0
2021-11,LH,국민임대,전남,0
2021-11,LH,국민임대,경북,0
2021-11,LH,국민임대,경남,0
2021-11,LH,국민임대,제주,0
2021-11,LH,공공임대,전국,0
2021-11,LH,공공임대,서울,0
2021-11,LH,공공임대,인천,0
2021-11,LH,공공임대,경기,0
2021-11,LH,공공임대,부산,0
2021-11,LH,공공임대,대구,0
2021-11,LH,공공임대,광주,0
2021-11,LH,공공임대,대전,0
2021-11,LH,공공임대,울산,0
2021-11,LH,공공임대,세종,0
2021-11,LH,공공임대,강원,0
2021-11,LH,공공임대,충북,0
2021-11,LH,공공임대,충남,0
2021-11,LH,공공임대,전북,0
2021-11,LH,공공임대,전남,0
2021-11,LH,공공임대,경북,0
2021-11,LH,공공임대,경남,0
2021-11,LH,공공임대,제주,0
2021-11,LH,공공분양,전국,0
2021-11,LH,공공분양,서울,0
2021-11,LH,공공분양,인천,0
2021-11,LH,공공분양,경기,0
2021-11,LH,공공분양,부산,0
2021-11,LH,공공분양,대구,0
2021-11,LH,공공분양,광주,0
2021-11,LH,공공분양,대전,0
2021-11,LH,공공분양,울산,0
2021-11,LH,공공분양,세종,0
2021-11,LH,공공분양,강원,0
2021-11,LH,공공분양,충북,0
2021-11,LH,공공분양,충남,0
2021-11,LH,공공분양,전북,0
2021-11,LH,공공분양,전남,0
2021-11,LH,공공분양,경북,0
2021-11,LH,공공분양,경남,0
2021-11,LH,공공분양,제주,0
2021-11,주택업체,소계,전국,2,808
2021-11,주택업체,소계,서울,0
2021-11,주택업체,소계,인천,0
2021-11,주택업체,소계,경기,1,531
2021-11,주택업체,소계,부산,0
2021-11,주택업체,소계,대구,1,277
2021-11,주택업체,소계,광주,0
2021-11,주택업체,소계,대전,0
2021-11,주택업체,소계,울산,0
2021-11,주택업체,소계,세종,0
2021-11,주택업체,소계,강원,0
2021-11,주택업체,소계,충북,0
2021-11,주택업체,소계,충남,0
2021-11,주택업체,소계,전북,0
2021-11,주택업체,소계,전남,0
2021-11,주택업체,소계,경북,0
2021-11,주택업체,소계,경남,0
2021-11,주택업체,소계,제주,0
2021-11,주택업체,국민임대,전국,0
2021-11,주택업체,국민임대,서울,0
2021-11,주택업체,국민임대,인천,0
2021-11,주택업체,국민임대,경기,0
2021-11,주택업체,국민임대,부산,0
2021-11,주택업체,국민임대,대구,0
2021-11,주택업체,국민임대,광주,0
2021-11,주택업체,국민임대,대전,0
2021-11,주택업체,국민임대,울산,0
2021-11,주택업체,국민임대,세종,0
2021-11,주택업체,국민임대,강원,0
2021-11,주택업체,국민임대,충북,0
2021-11,주택업체,국민임대,충남,0
2021-11,주택업체,국민임대,전북,0
2021-11,주택업체,국민임대,전남,0
2021-11,주택업체,국민임대,경북,0
2021-11,주택업체,국민임대,경남,0
2021-11,주택업체,국민임대,제주,0
2021-11,주택업체,공공임대,전국,1,777
2021-11,주택업체,공공임대,서울,0
2021-11,주택업체,공공임대,인천,0
2021-11,주택업체,공공임대,경기,500
2021-11,주택업체,공공임대,부산,0
2021-11,주택업체,공공임대,대구,1,277
2021-11,주택업체,공공임대,광주,0
2021-11,주택업체,공공임대,대전,0
2021-11,주택업체,공공임대,울산,0
2021-11,주택업체,공공임대,세종,0
2021-11,주택업체,공공임대,강원,0
2021-11,주택업체,공공임대,충북,0
2021-11,주택업체,공공임대,충남,0
2021-11,주택업체,공공임대,전북,0
2021-11,주택업체,공공임대,전남,0
2021-11,주택업체,공공임대,경북,0
2021-11,주택업체,공공임대,경남,0
2021-11,주택업체,공공임대,제주,0
2021-11,주택업체,공공분양,전국,1,031
2021-11,주택업체,공공분양,서울,0
2021-11,주택업체,공공분양,인천,0
2021-11,주택업체,공공분양,경기,1,031
2021-11,주택업체,공공분양,부산,0
2021-11,주택업체,공공분양,대구,0
2021-11,주택업체,공공분양,광주,0
2021-11,주택업체,공공분양,대전,0
2021-11,주택업체,공공분양,울산,0
2021-11,주택업체,공공분양,세종,0
2021-11,주택업체,공공분양,강원,0
2021-11,주택업체,공공분양,충북,0
2021-11,주택업체,공공분양,충남,0
2021-11,주택업체,공공분양,전북,0
2021-11,주택업체,공공분양,전남,0
2021-11,주택업체,공공분양,경북,0
2021-11,주택업체,공공분양,경남,0
2021-11,주택업체,공공분양,제주,0
2021-11,민간부문,소계,전국,34,199
2021-11,민간부문,소계,서울,5,526
2021-11,민간부문,소계,인천,741
2021-11,민간부문,소계,경기,10,681
2021-11,민간부문,소계,부산,2,342
2021-11,민간부문,소계,대구,4,577
2021-11,민간부문,소계,광주,1,021
2021-11,민간부문,소계,대전,260
2021-11,민간부문,소계,울산,67
2021-11,민간부문,소계,세종,34
2021-11,민간부문,소계,강원,2,461
2021-11,민간부문,소계,충북,1,170
2021-11,민간부문,소계,충남,426
2021-11,민간부문,소계,전북,265
2021-11,민간부문,소계,전남,2,998
2021-11,민간부문,소계,경북,622
2021-11,민간부문,소계,경남,586
2021-11,민간부문,소계,제주,422
2021-11,민간,민간임대,전국,3,472
2021-11,민간,민간임대,서울,421
2021-11,민간,민간임대,인천,0
2021-11,민간,민간임대,경기,0
2021-11,민간,민간임대,부산,1,651
2021-11,민간,민간임대,대구,0
2021-11,민간,민간임대,광주,0
2021-11,민간,민간임대,대전,0
2021-11,민간,민간임대,울산,0
2021-11,민간,민간임대,세종,0
2021-11,민간,민간임대,강원,0
2021-11,민간,민간임대,충북,0
2021-11,민간,민간임대,충남,0
2021-11,민간,민간임대,전북,0
2021-11,민간,민간임대,전남,1,400
2021-11,민간,민간임대,경북,0
2021-11,민간,민간임대,경남,0
2021-11,민간,민간임대,제주,0
2021-11,민간,민간분양,전국,30,727
2021-11,민간,민간분양,서울,5,105
2021-11,민간,민간분양,인천,741
2021-11,민간,민간분양,경기,10,681
2021-11,민간,민간분양,부산,691
2021-11,민간,민간분양,대구,4,577
2021-11,민간,민간분양,광주,1,021
2021-11,민간,민간분양,대전,260
2021-11,민간,민간분양,울산,67
2021-11,민간,민간분양,세종,34
2021-11,민간,민간분양,강원,2,461
2021-11,민간,민간분양,충북,1,170
2021-11,민간,민간분양,충남,426
2021-11,민간,민간분양,전북,265
2021-11,민간,민간분양,전남,1,598
2021-11,민간,민간분양,경북,622
2021-11,민간,민간분양,경남,586
2021-11,민간,민간분양,제주,422
2021-12,총계,총계,전국,52,809
2021-12,총계,총계,서울,8,333
2021-12,총계,총계,인천,2,290
2021-12,총계,총계,경기,19,536
2021-12,총계,총계,부산,7,843
2021-12,총계,총계,대구,694
2021-12,총계,총계,광주,169
2021-12,총계,총계,대전,330
2021-12,총계,총계,울산,331
2021-12,총계,총계,세종,1,139
2021-12,총계,총계,강원,2,575
2021-12,총계,총계,충북,871
2021-12,총계,총계,충남,1,028
2021-12,총계,총계,전북,791
2021-12,총계,총계,전남,1,726
2021-12,총계,총계,경북,1,797
2021-12,총계,총계,경남,3,150
2021-12,총계,총계,제주,206
2021-12,공공부문,소계,전국,9,028
2021-12,공공부문,소계,서울,88
2021-12,공공부문,소계,인천,457
2021-12,공공부문,소계,경기,6,046
2021-12,공공부문,소계,부산,0
2021-12,공공부문,소계,대구,0
2021-12,공공부문,소계,광주,40
2021-12,공공부문,소계,대전,0
2021-12,공공부문,소계,울산,0
2021-12,공공부문,소계,세종,1,100
2021-12,공공부문,소계,강원,0
2021-12,공공부문,소계,충북,0
2021-12,공공부문,소계,충남,0
2021-12,공공부문,소계,전북,450
2021-12,공공부문,소계,전남,0
2021-12,공공부문,소계,경북,847
2021-12,공공부문,소계,경남,0
2021-12,공공부문,소계,제주,0
2021-12,합,국민임대,전국,4,008
2021-12,합,국민임대,서울,0
2021-12,합,국민임대,인천,457
2021-12,합,국민임대,경기,1,848
2021-12,합,국민임대,부산,0
2021-12,합,국민임대,대구,0
2021-12,합,국민임대,광주,0
2021-12,합,국민임대,대전,0
2021-12,합,국민임대,울산,0
2021-12,합,국민임대,세종,1,100
2021-12,합,국민임대,강원,0
2021-12,합,국민임대,충북,0
2021-12,합,국민임대,충남,0
2021-12,합,국민임대,전북,0
2021-12,합,국민임대,전남,0
2021-12,합,국민임대,경북,603
2021-12,합,국민임대,경남,0
2021-12,합,국민임대,제주,0
2021-12,합,공공임대,전국,5,020
2021-12,합,공공임대,서울,88
2021-12,합,공공임대,인천,0
2021-12,합,공공임대,경기,4,198
2021-12,합,공공임대,부산,0
2021-12,합,공공임대,대구,0
2021-12,합,공공임대,광주,40
2021-12,합,공공임대,대전,0
2021-12,합,공공임대,울산,0
2021-12,합,공공임대,세종,0
2021-12,합,공공임대,강원,0
2021-12,합,공공임대,충북,0
2021-12,합,공공임대,충남,0
2021-12,합,공공임대,전북,450
2021-12,합,공공임대,전남,0
2021-12,합,공공임대,경북,244
2021-12,합,공공임대,경남,0
2021-12,합,공공임대,제주,0
2021-12,합,공공분양,전국,0
2021-12,합,공공분양,서울,0
2021-12,합,공공분양,인천,0
2021-12,합,공공분양,경기,0
2021-12,합,공공분양,부산,0
2021-12,합,공공분양,대구,0
2021-12,합,공공분양,광주,0
2021-12,합,공공분양,대전,0
2021-12,합,공공분양,울산,0
2021-12,합,공공분양,세종,0
2021-12,합,공공분양,강원,0
2021-12,합,공공분양,충북,0
2021-12,합,공공분양,충남,0
2021-12,합,공공분양,전북,0
2021-12,합,공공분양,전남,0
2021-12,합,공공분양,경북,0
2021-12,합,공공분양,경남,0
2021-12,합,공공분양,제주,0
2021-12,지자체,소계,전국,0
2021-12,지자체,소계,서울,0
2021-12,지자체,소계,인천,0
2021-12,지자체,소계,경기,0
2021-12,지자체,소계,부산,0
2021-12,지자체,소계,대구,0
2021-12,지자체,소계,광주,0
2021-12,지자체,소계,대전,0
2021-12,지자체,소계,울산,0
2021-12,지자체,소계,세종,0
2021-12,지자체,소계,강원,0
2021-12,지자체,소계,충북,0
2021-12,지자체,소계,충남,0
2021-12,지자체,소계,전북,0
2021-12,지자체,소계,전남,0
2021-12,지자체,소계,경북,0
2021-12,지자체,소계,경남,0
2021-12,지자체,소계,제주,0
2021-12,지자체,국민임대,전국,0
2021-12,지자체,국민임대,서울,0
2021-12,지자체,국민임대,인천,0
2021-12,지자체,국민임대,경기,0
2021-12,지자체,국민임대,부산,0
2021-12,지자체,국민임대,대구,0
2021-12,지자체,국민임대,광주,0
2021-12,지자체,국민임대,대전,0
2021-12,지자체,국민임대,울산,0
2021-12,지자체,국민임대,세종,0
2021-12,지자체,국민임대,강원,0
2021-12,지자체,국민임대,충북,0
2021-12,지자체,국민임대,충남,0
2021-12,지자체,국민임대,전북,0
2021-12,지자체,국민임대,전남,0
2021-12,지자체,국민임대,경북,0
2021-12,지자체,국민임대,경남,0
2021-12,지자체,국민임대,제주,0
2021-12,지자체,공공임대,전국,0
2021-12,지자체,공공임대,서울,0
2021-12,지자체,공공임대,인천,0
2021-12,지자체,공공임대,경기,0
2021-12,지자체,공공임대,부산,0
2021-12,지자체,공공임대,대구,0
2021-12,지자체,공공임대,광주,0
2021-12,지자체,공공임대,대전,0
2021-12,지자체,공공임대,울산,0
2021-12,지자체,공공임대,세종,0
2021-12,지자체,공공임대,강원,0
2021-12,지자체,공공임대,충북,0
2021-12,지자체,공공임대,충남,0
2021-12,지자체,공공임대,전북,0
2021-12,지자체,공공임대,전남,0
2021-12,지자체,공공임대,경북,0
2021-12,지자체,공공임대,경남,0
2021-12,지자체,공공임대,제주,0
2021-12,지자체,공공분양,전국,0
2021-12,지자체,공공분양,서울,0
2021-12,지자체,공공분양,인천,0
2021-12,지자체,공공분양,경기,0
2021-12,지자체,공공분양,부산,0
2021-12,지자체,공공분양,대구,0
2021-12,지자체,공공분양,광주,0
2021-12,지자체,공공분양,대전,0
2021-12,지자체,공공분양,울산,0
2021-12,지자체,공공분양,세종,0
2021-12,지자체,공공분양,강원,0
2021-12,지자체,공공분양,충북,0
2021-12,지자체,공공분양,충남,0
2021-12,지자체,공공분양,전북,0
2021-12,지자체,공공분양,전남,0
2021-12,지자체,공공분양,경북,0
2021-12,지자체,공공분양,경남,0
2021-12,지자체,공공분양,제주,0
2021-12,LH,소계,전국,8,138
2021-12,LH,소계,서울,0
2021-12,LH,소계,인천,457
2021-12,LH,소계,경기,5,284
2021-12,LH,소계,부산,0
2021-12,LH,소계,대구,0
2021-12,LH,소계,광주,0
2021-12,LH,소계,대전,0
2021-12,LH,소계,울산,0
2021-12,LH,소계,세종,1,100
2021-12,LH,소계,강원,0
2021-12,LH,소계,충북,0
2021-12,LH,소계,충남,0
2021-12,LH,소계,전북,450
2021-12,LH,소계,전남,0
2021-12,LH,소계,경북,847
2021-12,LH,소계,경남,0
2021-12,LH,소계,제주,0
2021-12,LH,국민임대,전국,4,008
2021-12,LH,국민임대,서울,0
2021-12,LH,국민임대,인천,457
2021-12,LH,국민임대,경기,1,848
2021-12,LH,국민임대,부산,0
2021-12,LH,국민임대,대구,0
2021-12,LH,국민임대,광주,0
2021-12,LH,국민임대,대전,0
2021-12,LH,국민임대,울산,0
2021-12,LH,국민임대,세종,1,100
2021-12,LH,국민임대,강원,0
2021-12,LH,국민임대,충북,0
2021-12,LH,국민임대,충남,0
2021-12,LH,국민임대,전북,0
2021-12,LH,국민임대,전남,0
2021-12,LH,국민임대,경북,603
2021-12,LH,국민임대,경남,0
2021-12,LH,국민임대,제주,0
2021-12,LH,공공임대,전국,4,130
2021-12,LH,공공임대,서울,0
2021-12,LH,공공임대,인천,0
2021-12,LH,공공임대,경기,3,436
2021-12,LH,공공임대,부산,0
2021-12,LH,공공임대,대구,0
2021-12,LH,공공임대,광주,0
2021-12,LH,공공임대,대전,0
2021-12,LH,공공임대,울산,0
2021-12,LH,공공임대,세종,0
2021-12,LH,공공임대,강원,0
2021-12,LH,공공임대,충북,0
2021-12,LH,공공임대,충남,0
2021-12,LH,공공임대,전북,450
2021-12,LH,공공임대,전남,0
2021-12,LH,공공임대,경북,244
2021-12,LH,공공임대,경남,0
2021-12,LH,공공임대,제주,0
2021-12,LH,공공분양,전국,0
2021-12,LH,공공분양,서울,0
2021-12,LH,공공분양,인천,0
2021-12,LH,공공분양,경기,0
2021-12,LH,공공분양,부산,0
2021-12,LH,공공분양,대구,0
2021-12,LH,공공분양,광주,0
2021-12,LH,공공분양,대전,0
2021-12,LH,공공분양,울산,0
2021-12,LH,공공분양,세종,0
2021-12,LH,공공분양,강원,0
2021-12,LH,공공분양,충북,0
2021-12,LH,공공분양,충남,0
2021-12,LH,공공분양,전북,0
2021-12,LH,공공분양,전남,0
2021-12,LH,공공분양,경북,0
2021-12,LH,공공분양,경남,0
2021-12,LH,공공분양,제주,0
2021-12,주택업체,소계,전국,890
2021-12,주택업체,소계,서울,88
2021-12,주택업체,소계,인천,0
2021-12,주택업체,소계,경기,762
2021-12,주택업체,소계,부산,0
2021-12,주택업체,소계,대구,0
2021-12,주택업체,소계,광주,40
2021-12,주택업체,소계,대전,0
2021-12,주택업체,소계,울산,0
2021-12,주택업체,소계,세종,0
2021-12,주택업체,소계,강원,0
2021-12,주택업체,소계,충북,0
2021-12,주택업체,소계,충남,0
2021-12,주택업체,소계,전북,0
2021-12,주택업체,소계,전남,0
2021-12,주택업체,소계,경북,0
2021-12,주택업체,소계,경남,0
2021-12,주택업체,소계,제주,0
2021-12,주택업체,국민임대,전국,0
2021-12,주택업체,국민임대,서울,0
2021-12,주택업체,국민임대,인천,0
2021-12,주택업체,국민임대,경기,0
2021-12,주택업체,국민임대,부산,0
2021-12,주택업체,국민임대,대구,0
2021-12,주택업체,국민임대,광주,0
2021-12,주택업체,국민임대,대전,0
2021-12,주택업체,국민임대,울산,0
2021-12,주택업체,국민임대,세종,0
2021-12,주택업체,국민임대,강원,0
2021-12,주택업체,국민임대,충북,0
2021-12,주택업체,국민임대,충남,0
2021-12,주택업체,국민임대,전북,0
2021-12,주택업체,국민임대,전남,0
2021-12,주택업체,국민임대,경북,0
2021-12,주택업체,국민임대,경남,0
2021-12,주택업체,국민임대,제주,0
2021-12,주택업체,공공임대,전국,890
2021-12,주택업체,공공임대,서울,88
2021-12,주택업체,공공임대,인천,0
2021-12,주택업체,공공임대,경기,762
2021-12,주택업체,공공임대,부산,0
2021-12,주택업체,공공임대,대구,0
2021-12,주택업체,공공임대,광주,40
2021-12,주택업체,공공임대,대전,0
2021-12,주택업체,공공임대,울산,0
2021-12,주택업체,공공임대,세종,0
2021-12,주택업체,공공임대,강원,0
2021-12,주택업체,공공임대,충북,0
2021-12,주택업체,공공임대,충남,0
2021-12,주택업체,공공임대,전북,0
2021-12,주택업체,공공임대,전남,0
2021-12,주택업체,공공임대,경북,0
2021-12,주택업체,공공임대,경남,0
2021-12,주택업체,공공임대,제주,0
2021-12,주택업체,공공분양,전국,0
2021-12,주택업체,공공분양,서울,0
2021-12,주택업체,공공분양,인천,0
2021-12,주택업체,공공분양,경기,0
2021-12,주택업체,공공분양,부산,0
2021-12,주택업체,공공분양,대구,0
2021-12,주택업체,공공분양,광주,0
2021-12,주택업체,공공분양,대전,0
2021-12,주택업체,공공분양,울산,0
2021-12,주택업체,공공분양,세종,0
2021-12,주택업체,공공분양,강원,0
2021-12,주택업체,공공분양,충북,0
2021-12,주택업체,공공분양,충남,0
2021-12,주택업체,공공분양,전북,0
2021-12,주택업체,공공분양,전남,0
2021-12,주택업체,공공분양,경북,0
2021-12,주택업체,공공분양,경남,0
2021-12,주택업체,공공분양,제주,0
2021-12,민간부문,소계,전국,43,781
2021-12,민간부문,소계,서울,8,245
2021-12,민간부문,소계,인천,1,833
2021-12,민간부문,소계,경기,13,490
2021-12,민간부문,소계,부산,7,843
2021-12,민간부문,소계,대구,694
2021-12,민간부문,소계,광주,129
2021-12,민간부문,소계,대전,330
2021-12,민간부문,소계,울산,331
2021-12,민간부문,소계,세종,39
2021-12,민간부문,소계,강원,2,575
2021-12,민간부문,소계,충북,871
2021-12,민간부문,소계,충남,1,028
2021-12,민간부문,소계,전북,341
2021-12,민간부문,소계,전남,1,726
2021-12,민간부문,소계,경북,950
2021-12,민간부문,소계,경남,3,150
2021-12,민간부문,소계,제주,206
2021-12,민간,민간임대,전국,2,097
2021-12,민간,민간임대,서울,717
2021-12,민간,민간임대,인천,0
2021-12,민간,민간임대,경기,0
2021-12,민간,민간임대,부산,0
2021-12,민간,민간임대,대구,0
2021-12,민간,민간임대,광주,0
2021-12,민간,민간임대,대전,0
2021-12,민간,민간임대,울산,0
2021-12,민간,민간임대,세종,0
2021-12,민간,민간임대,강원,0
2021-12,민간,민간임대,충북,0
2021-12,민간,민간임대,충남,346
2021-12,민간,민간임대,전북,0
2021-12,민간,민간임대,전남,0
2021-12,민간,민간임대,경북,332
2021-12,민간,민간임대,경남,702
2021-12,민간,민간임대,제주,0
2021-12,민간,민간분양,전국,41,684
2021-12,민간,민간분양,서울,7,528
2021-12,민간,민간분양,인천,1,833
2021-12,민간,민간분양,경기,13,490
2021-12,민간,민간분양,부산,7,843
2021-12,민간,민간분양,대구,694
2021-12,민간,민간분양,광주,129
2021-12,민간,민간분양,대전,330
2021-12,민간,민간분양,울산,331
2021-12,민간,민간분양,세종,39
2021-12,민간,민간분양,강원,2,575
2021-12,민간,민간분양,충북,871
2021-12,민간,민간분양,충남,682
2021-12,민간,민간분양,전북,341
2021-12,민간,민간분양,전남,1,726
2021-12,민간,민간분양,경북,618
2021-12,민간,민간분양,경남,2,448
2021-12,민간,민간분양,제주,206
2022-01,총계,총계,전국,26,341
2022-01,총계,총계,서울,6,226
2022-01,총계,총계,인천,5,155
2022-01,총계,총계,경기,4,841
2022-01,총계,총계,부산,921
2022-01,총계,총계,대구,405
2022-01,총계,총계,광주,1,637
2022-01,총계,총계,대전,100
2022-01,총계,총계,울산,153
2022-01,총계,총계,세종,39
2022-01,총계,총계,강원,345
2022-01,총계,총계,충북,317
2022-01,총계,총계,충남,2,411
2022-01,총계,총계,전북,501
2022-01,총계,총계,전남,1,370
2022-01,총계,총계,경북,1,089
2022-01,총계,총계,경남,337
2022-01,총계,총계,제주,494
2022-01,공공부문,소계,전국,4,161
2022-01,공공부문,소계,서울,0
2022-01,공공부문,소계,인천,1,268
2022-01,공공부문,소계,경기,36
2022-01,공공부문,소계,부산,0
2022-01,공공부문,소계,대구,0
2022-01,공공부문,소계,광주,1,556
2022-01,공공부문,소계,대전,0
2022-01,공공부문,소계,울산,0
2022-01,공공부문,소계,세종,0
2022-01,공공부문,소계,강원,0
2022-01,공공부문,소계,충북,0
2022-01,공공부문,소계,충남,519
2022-01,공공부문,소계,전북,17
2022-01,공공부문,소계,전남,0
2022-01,공공부문,소계,경북,765
2022-01,공공부문,소계,경남,0
2022-01,공공부문,소계,제주,0
2022-01,합,국민임대,전국,1,787
2022-01,합,국민임대,서울,0
2022-01,합,국민임대,인천,1,268
2022-01,합,국민임대,경기,0
2022-01,합,국민임대,부산,0
2022-01,합,국민임대,대구,0
2022-01,합,국민임대,광주,0
2022-01,합,국민임대,대전,0
2022-01,합,국민임대,울산,0
2022-01,합,국민임대,세종,0
2022-01,합,국민임대,강원,0
2022-01,합,국민임대,충북,0
2022-01,합,국민임대,충남,519
2022-01,합,국민임대,전북,0
2022-01,합,국민임대,전남,0
2022-01,합,국민임대,경북,0
2022-01,합,국민임대,경남,0
2022-01,합,국민임대,제주,0
2022-01,합,공공임대,전국,2,374
2022-01,합,공공임대,서울,0
2022-01,합,공공임대,인천,0
2022-01,합,공공임대,경기,36
2022-01,합,공공임대,부산,0
2022-01,합,공공임대,대구,0
2022-01,합,공공임대,광주,1,556
2022-01,합,공공임대,대전,0
2022-01,합,공공임대,울산,0
2022-01,합,공공임대,세종,0
2022-01,합,공공임대,강원,0
2022-01,합,공공임대,충북,0
2022-01,합,공공임대,충남,0
2022-01,합,공공임대,전북,17
2022-01,합,공공임대,전남,0
2022-01,합,공공임대,경북,765
2022-01,합,공공임대,경남,0
2022-01,합,공공임대,제주,0
2022-01,합,공공분양,전국,0
2022-01,합,공공분양,서울,0
2022-01,합,공공분양,인천,0
2022-01,합,공공분양,경기,0
2022-01,합,공공분양,부산,0
2022-01,합,공공분양,대구,0
2022-01,합,공공분양,광주,0
2022-01,합,공공분양,대전,0
2022-01,합,공공분양,울산,0
2022-01,합,공공분양,세종,0
2022-01,합,공공분양,강원,0
2022-01,합,공공분양,충북,0
2022-01,합,공공분양,충남,0
2022-01,합,공공분양,전북,0
2022-01,합,공공분양,전남,0
2022-01,합,공공분양,경북,0
2022-01,합,공공분양,경남,0
2022-01,합,공공분양,제주,0
2022-01,지자체,소계,전국,0
2022-01,지자체,소계,서울,0
2022-01,지자체,소계,인천,0
2022-01,지자체,소계,경기,0
2022-01,지자체,소계,부산,0
2022-01,지자체,소계,대구,0
2022-01,지자체,소계,광주,0
2022-01,지자체,소계,대전,0
2022-01,지자체,소계,울산,0
2022-01,지자체,소계,세종,0
2022-01,지자체,소계,강원,0
2022-01,지자체,소계,충북,0
2022-01,지자체,소계,충남,0
2022-01,지자체,소계,전북,0
2022-01,지자체,소계,전남,0
2022-01,지자체,소계,경북,0
2022-01,지자체,소계,경남,0
2022-01,지자체,소계,제주,0
2022-01,지자체,국민임대,전국,0
2022-01,지자체,국민임대,서울,0
2022-01,지자체,국민임대,인천,0
2022-01,지자체,국민임대,경기,0
2022-01,지자체,국민임대,부산,0
2022-01,지자체,국민임대,대구,0
2022-01,지자체,국민임대,광주,0
2022-01,지자체,국민임대,대전,0
2022-01,지자체,국민임대,울산,0
2022-01,지자체,국민임대,세종,0
2022-01,지자체,국민임대,강원,0
2022-01,지자체,국민임대,충북,0
2022-01,지자체,국민임대,충남,0
2022-01,지자체,국민임대,전북,0
2022-01,지자체,국민임대,전남,0
2022-01,지자체,국민임대,경북,0
2022-01,지자체,국민임대,경남,0
2022-01,지자체,국민임대,제주,0
2022-01,지자체,공공임대,전국,0
2022-01,지자체,공공임대,서울,0
2022-01,지자체,공공임대,인천,0
2022-01,지자체,공공임대,경기,0
2022-01,지자체,공공임대,부산,0
2022-01,지자체,공공임대,대구,0
2022-01,지자체,공공임대,광주,0
2022-01,지자체,공공임대,대전,0
2022-01,지자체,공공임대,울산,0
2022-01,지자체,공공임대,세종,0
2022-01,지자체,공공임대,강원,0
2022-01,지자체,공공임대,충북,0
2022-01,지자체,공공임대,충남,0
2022-01,지자체,공공임대,전북,0
2022-01,지자체,공공임대,전남,0
2022-01,지자체,공공임대,경북,0
2022-01,지자체,공공임대,경남,0
2022-01,지자체,공공임대,제주,0
2022-01,지자체,공공분양,전국,0
2022-01,지자체,공공분양,서울,0
2022-01,지자체,공공분양,인천,0
2022-01,지자체,공공분양,경기,0
2022-01,지자체,공공분양,부산,0
2022-01,지자체,공공분양,대구,0
2022-01,지자체,공공분양,광주,0
2022-01,지자체,공공분양,대전,0
2022-01,지자체,공공분양,울산,0
2022-01,지자체,공공분양,세종,0
2022-01,지자체,공공분양,강원,0
2022-01,지자체,공공분양,충북,0
2022-01,지자체,공공분양,충남,0
2022-01,지자체,공공분양,전북,0
2022-01,지자체,공공분양,전남,0
2022-01,지자체,공공분양,경북,0
2022-01,지자체,공공분양,경남,0
2022-01,지자체,공공분양,제주,0
2022-01,LH,소계,전국,818
2022-01,LH,소계,서울,0
2022-01,LH,소계,인천,0
2022-01,LH,소계,경기,36
2022-01,LH,소계,부산,0
2022-01,LH,소계,대구,0
2022-01,LH,소계,광주,0
2022-01,LH,소계,대전,0
2022-01,LH,소계,울산,0
2022-01,LH,소계,세종,0
2022-01,LH,소계,강원,0
2022-01,LH,소계,충북,0
2022-01,LH,소계,충남,0
2022-01,LH,소계,전북,17
2022-01,LH,소계,전남,0
2022-01,LH,소계,경북,765
2022-01,LH,소계,경남,0
2022-01,LH,소계,제주,0
2022-01,LH,국민임대,전국,0
2022-01,LH,국민임대,서울,0
2022-01,LH,국민임대,인천,0
2022-01,LH,국민임대,경기,0
2022-01,LH,국민임대,부산,0
2022-01,LH,국민임대,대구,0
2022-01,LH,국민임대,광주,0
2022-01,LH,국민임대,대전,0
2022-01,LH,국민임대,울산,0
2022-01,LH,국민임대,세종,0
2022-01,LH,국민임대,강원,0
2022-01,LH,국민임대,충북,0
2022-01,LH,국민임대,충남,0
2022-01,LH,국민임대,전북,0
2022-01,LH,국민임대,전남,0
2022-01,LH,국민임대,경북,0
2022-01,LH,국민임대,경남,0
2022-01,LH,국민임대,제주,0
2022-01,LH,공공임대,전국,818
2022-01,LH,공공임대,서울,0
2022-01,LH,공공임대,인천,0
2022-01,LH,공공임대,경기,36
2022-01,LH,공공임대,부산,0
2022-01,LH,공공임대,대구,0
2022-01,LH,공공임대,광주,0
2022-01,LH,공공임대,대전,0
2022-01,LH,공공임대,울산,0
2022-01,LH,공공임대,세종,0
2022-01,LH,공공임대,강원,0
2022-01,LH,공공임대,충북,0
2022-01,LH,공공임대,충남,0
2022-01,LH,공공임대,전북,17
2022-01,LH,공공임대,전남,0
2022-01,LH,공공임대,경북,765
2022-01,LH,공공임대,경남,0
2022-01,LH,공공임대,제주,0
2022-01,LH,공공분양,전국,0
2022-01,LH,공공분양,서울,0
2022-01,LH,공공분양,인천,0
2022-01,LH,공공분양,경기,0
2022-01,LH,공공분양,부산,0
2022-01,LH,공공분양,대구,0
2022-01,LH,공공분양,광주,0
2022-01,LH,공공분양,대전,0
2022-01,LH,공공분양,울산,0
2022-01,LH,공공분양,세종,0
2022-01,LH,공공분양,강원,0
2022-01,LH,공공분양,충북,0
2022-01,LH,공공분양,충남,0
2022-01,LH,공공분양,전북,0
2022-01,LH,공공분양,전남,0
2022-01,LH,공공분양,경북,0
2022-01,LH,공공분양,경남,0
2022-01,LH,공공분양,제주,0
2022-01,주택업체,소계,전국,3,343
2022-01,주택업체,소계,서울,0
2022-01,주택업체,소계,인천,1,268
2022-01,주택업체,소계,경기,0
2022-01,주택업체,소계,부산,0
2022-01,주택업체,소계,대구,0
2022-01,주택업체,소계,광주,1,556
2022-01,주택업체,소계,대전,0
2022-01,주택업체,소계,울산,0
2022-01,주택업체,소계,세종,0
2022-01,주택업체,소계,강원,0
2022-01,주택업체,소계,충북,0
2022-01,주택업체,소계,충남,519
2022-01,주택업체,소계,전북,0
2022-01,주택업체,소계,전남,0
2022-01,주택업체,소계,경북,0
2022-01,주택업체,소계,경남,0
2022-01,주택업체,소계,제주,0
2022-01,주택업체,국민임대,전국,1,787
2022-01,주택업체,국민임대,서울,0
2022-01,주택업체,국민임대,인천,1,268
2022-01,주택업체,국민임대,경기,0
2022-01,주택업체,국민임대,부산,0
2022-01,주택업체,국민임대,대구,0
2022-01,주택업체,국민임대,광주,0
2022-01,주택업체,국민임대,대전,0
2022-01,주택업체,국민임대,울산,0
2022-01,주택업체,국민임대,세종,0
2022-01,주택업체,국민임대,강원,0
2022-01,주택업체,국민임대,충북,0
2022-01,주택업체,국민임대,충남,519
2022-01,주택업체,국민임대,전북,0
2022-01,주택업체,국민임대,전남,0
2022-01,주택업체,국민임대,경북,0
2022-01,주택업체,국민임대,경남,0
2022-01,주택업체,국민임대,제주,0
2022-01,주택업체,공공임대,전국,1,556
2022-01,주택업체,공공임대,서울,0
2022-01,주택업체,공공임대,인천,0
2022-01,주택업체,공공임대,경기,0
2022-01,주택업체,공공임대,부산,0
2022-01,주택업체,공공임대,대구,0
2022-01,주택업체,공공임대,광주,1,556
2022-01,주택업체,공공임대,대전,0
2022-01,주택업체,공공임대,울산,0
2022-01,주택업체,공공임대,세종,0
2022-01,주택업체,공공임대,강원,0
2022-01,주택업체,공공임대,충북,0
2022-01,주택업체,공공임대,충남,0
2022-01,주택업체,공공임대,전북,0
2022-01,주택업체,공공임대,전남,0
2022-01,주택업체,공공임대,경북,0
2022-01,주택업체,공공임대,경남,0
2022-01,주택업체,공공임대,제주,0
2022-01,주택업체,공공분양,전국,0
2022-01,주택업체,공공분양,서울,0
2022-01,주택업체,공공분양,인천,0
2022-01,주택업체,공공분양,경기,0
2022-01,주택업체,공공분양,부산,0
2022-01,주택업체,공공분양,대구,0
2022-01,주택업체,공공분양,광주,0
2022-01,주택업체,공공분양,대전,0
2022-01,주택업체,공공분양,울산,0
2022-01,주택업체,공공분양,세종,0
2022-01,주택업체,공공분양,강원,0
2022-01,주택업체,공공분양,충북,0
2022-01,주택업체,공공분양,충남,0
2022-01,주택업체,공공분양,전북,0
2022-01,주택업체,공공분양,전남,0
2022-01,주택업체,공공분양,경북,0
2022-01,주택업체,공공분양,경남,0
2022-01,주택업체,공공분양,제주,0
2022-01,민간부문,소계,전국,22,180
2022-01,민간부문,소계,서울,6,226
2022-01,민간부문,소계,인천,3,887
2022-01,민간부문,소계,경기,4,805
2022-01,민간부문,소계,부산,921
2022-01,민간부문,소계,대구,405
2022-01,민간부문,소계,광주,81
2022-01,민간부문,소계,대전,100
2022-01,민간부문,소계,울산,153
2022-01,민간부문,소계,세종,39
2022-01,민간부문,소계,강원,345
2022-01,민간부문,소계,충북,317
2022-01,민간부문,소계,충남,1,892
2022-01,민간부문,소계,전북,484
2022-01,민간부문,소계,전남,1,370
2022-01,민간부문,소계,경북,324
2022-01,민간부문,소계,경남,337
2022-01,민간부문,소계,제주,494
2022-01,민간,민간임대,전국,338
2022-01,민간,민간임대,서울,53
2022-01,민간,민간임대,인천,0
2022-01,민간,민간임대,경기,0
2022-01,민간,민간임대,부산,0
2022-01,민간,민간임대,대구,0
2022-01,민간,민간임대,광주,0
2022-01,민간,민간임대,대전,0
2022-01,민간,민간임대,울산,0
2022-01,민간,민간임대,세종,0
2022-01,민간,민간임대,강원,0
2022-01,민간,민간임대,충북,0
2022-01,민간,민간임대,충남,0
2022-01,민간,민간임대,전북,0
2022-01,민간,민간임대,전남,212
2022-01,민간,민간임대,경북,0
2022-01,민간,민간임대,경남,0
2022-01,민간,민간임대,제주,73
2022-01,민간,민간분양,전국,21,842
2022-01,민간,민간분양,서울,6,173
2022-01,민간,민간분양,인천,3,887
2022-01,민간,민간분양,경기,4,805
2022-01,민간,민간분양,부산,921
2022-01,민간,민간분양,대구,405
2022-01,민간,민간분양,광주,81
2022-01,민간,민간분양,대전,100
2022-01,민간,민간분양,울산,153
2022-01,민간,민간분양,세종,39
2022-01,민간,민간분양,강원,345
2022-01,민간,민간분양,충북,317
2022-01,민간,민간분양,충남,1,892
2022-01,민간,민간분양,전북,484
2022-01,민간,민간분양,전남,1,158
2022-01,민간,민간분양,경북,324
2022-01,민간,민간분양,경남,337
2022-01,민간,민간분양,제주,421
2022-02,총계,총계,전국,20,972
2022-02,총계,총계,서울,2,281
2022-02,총계,총계,인천,1,820
2022-02,총계,총계,경기,8,861
2022-02,총계,총계,부산,1,036
2022-02,총계,총계,대구,59
2022-02,총계,총계,광주,1,397
2022-02,총계,총계,대전,1,088
2022-02,총계,총계,울산,359
2022-02,총계,총계,세종,23
2022-02,총계,총계,강원,297
2022-02,총계,총계,충북,192
2022-02,총계,총계,충남,314
2022-02,총계,총계,전북,150
2022-02,총계,총계,전남,1,289
2022-02,총계,총계,경북,478
2022-02,총계,총계,경남,1,085
2022-02,총계,총계,제주,243
2022-02,공공부문,소계,전국,2,065
2022-02,공공부문,소계,서울,0
2022-02,공공부문,소계,인천,0
2022-02,공공부문,소계,경기,1,916
2022-02,공공부문,소계,부산,0
2022-02,공공부문,소계,대구,0
2022-02,공공부문,소계,광주,0
2022-02,공공부문,소계,대전,0
2022-02,공공부문,소계,울산,0
2022-02,공공부문,소계,세종,0
2022-02,공공부문,소계,강원,0
2022-02,공공부문,소계,충북,0
2022-02,공공부문,소계,충남,50
2022-02,공공부문,소계,전북,0
2022-02,공공부문,소계,전남,0
2022-02,공공부문,소계,경북,99
2022-02,공공부문,소계,경남,0
2022-02,공공부문,소계,제주,0
2022-02,합,국민임대,전국,0
2022-02,합,국민임대,서울,0
2022-02,합,국민임대,인천,0
2022-02,합,국민임대,경기,0
2022-02,합,국민임대,부산,0
2022-02,합,국민임대,대구,0
2022-02,합,국민임대,광주,0
2022-02,합,국민임대,대전,0
2022-02,합,국민임대,울산,0
2022-02,합,국민임대,세종,0
2022-02,합,국민임대,강원,0
2022-02,합,국민임대,충북,0
2022-02,합,국민임대,충남,0
2022-02,합,국민임대,전북,0
2022-02,합,국민임대,전남,0
2022-02,합,국민임대,경북,0
2022-02,합,국민임대,경남,0
2022-02,합,국민임대,제주,0
2022-02,합,공공임대,전국,1,464
2022-02,합,공공임대,서울,0
2022-02,합,공공임대,인천,0
2022-02,합,공공임대,경기,1,315
2022-02,합,공공임대,부산,0
2022-02,합,공공임대,대구,0
2022-02,합,공공임대,광주,0
2022-02,합,공공임대,대전,0
2022-02,합,공공임대,울산,0
2022-02,합,공공임대,세종,0
2022-02,합,공공임대,강원,0
2022-02,합,공공임대,충북,0
2022-02,합,공공임대,충남,50
2022-02,합,공공임대,전북,0
2022-02,합,공공임대,전남,0
2022-02,합,공공임대,경북,99
2022-02,합,공공임대,경남,0
2022-02,합,공공임대,제주,0
2022-02,합,공공분양,전국,601
2022-02,합,공공분양,서울,0
2022-02,합,공공분양,인천,0
2022-02,합,공공분양,경기,601
2022-02,합,공공분양,부산,0
2022-02,합,공공분양,대구,0
2022-02,합,공공분양,광주,0
2022-02,합,공공분양,대전,0
2022-02,합,공공분양,울산,0
2022-02,합,공공분양,세종,0
2022-02,합,공공분양,강원,0
2022-02,합,공공분양,충북,0
2022-02,합,공공분양,충남,0
2022-02,합,공공분양,전북,0
2022-02,합,공공분양,전남,0
2022-02,합,공공분양,경북,0
2022-02,합,공공분양,경남,0
2022-02,합,공공분양,제주,0
2022-02,지자체,소계,전국,0
2022-02,지자체,소계,서울,0
2022-02,지자체,소계,인천,0
2022-02,지자체,소계,경기,0
2022-02,지자체,소계,부산,0
2022-02,지자체,소계,대구,0
2022-02,지자체,소계,광주,0
2022-02,지자체,소계,대전,0
2022-02,지자체,소계,울산,0
2022-02,지자체,소계,세종,0
2022-02,지자체,소계,강원,0
2022-02,지자체,소계,충북,0
2022-02,지자체,소계,충남,0
2022-02,지자체,소계,전북,0
2022-02,지자체,소계,전남,0
2022-02,지자체,소계,경북,0
2022-02,지자체,소계,경남,0
2022-02,지자체,소계,제주,0
2022-02,지자체,국민임대,전국,0
2022-02,지자체,국민임대,서울,0
2022-02,지자체,국민임대,인천,0
2022-02,지자체,국민임대,경기,0
2022-02,지자체,국민임대,부산,0
2022-02,지자체,국민임대,대구,0
2022-02,지자체,국민임대,광주,0
2022-02,지자체,국민임대,대전,0
2022-02,지자체,국민임대,울산,0
2022-02,지자체,국민임대,세종,0
2022-02,지자체,국민임대,강원,0
2022-02,지자체,국민임대,충북,0
2022-02,지자체,국민임대,충남,0
2022-02,지자체,국민임대,전북,0
2022-02,지자체,국민임대,전남,0
2022-02,지자체,국민임대,경북,0
2022-02,지자체,국민임대,경남,0
2022-02,지자체,국민임대,제주,0
2022-02,지자체,공공임대,전국,0
2022-02,지자체,공공임대,서울,0
2022-02,지자체,공공임대,인천,0
2022-02,지자체,공공임대,경기,0
2022-02,지자체,공공임대,부산,0
2022-02,지자체,공공임대,대구,0
2022-02,지자체,공공임대,광주,0
2022-02,지자체,공공임대,대전,0
2022-02,지자체,공공임대,울산,0
2022-02,지자체,공공임대,세종,0
2022-02,지자체,공공임대,강원,0
2022-02,지자체,공공임대,충북,0
2022-02,지자체,공공임대,충남,0
2022-02,지자체,공공임대,전북,0
2022-02,지자체,공공임대,전남,0
2022-02,지자체,공공임대,경북,0
2022-02,지자체,공공임대,경남,0
2022-02,지자체,공공임대,제주,0
2022-02,지자체,공공분양,전국,0
2022-02,지자체,공공분양,서울,0
2022-02,지자체,공공분양,인천,0
2022-02,지자체,공공분양,경기,0
2022-02,지자체,공공분양,부산,0
2022-02,지자체,공공분양,대구,0
2022-02,지자체,공공분양,광주,0
2022-02,지자체,공공분양,대전,0
2022-02,지자체,공공분양,울산,0
2022-02,지자체,공공분양,세종,0
2022-02,지자체,공공분양,강원,0
2022-02,지자체,공공분양,충북,0
2022-02,지자체,공공분양,충남,0
2022-02,지자체,공공분양,전북,0
2022-02,지자체,공공분양,전남,0
2022-02,지자체,공공분양,경북,0
2022-02,지자체,공공분양,경남,0
2022-02,지자체,공공분양,제주,0
2022-02,LH,소계,전국,2,015
2022-02,LH,소계,서울,0
2022-02,LH,소계,인천,0
2022-02,LH,소계,경기,1,916
2022-02,LH,소계,부산,0
2022-02,LH,소계,대구,0
2022-02,LH,소계,광주,0
2022-02,LH,소계,대전,0
2022-02,LH,소계,울산,0
2022-02,LH,소계,세종,0
2022-02,LH,소계,강원,0
2022-02,LH,소계,충북,0
2022-02,LH,소계,충남,0
2022-02,LH,소계,전북,0
2022-02,LH,소계,전남,0
2022-02,LH,소계,경북,99
2022-02,LH,소계,경남,0
2022-02,LH,소계,제주,0
2022-02,LH,국민임대,전국,0
2022-02,LH,국민임대,서울,0
2022-02,LH,국민임대,인천,0
2022-02,LH,국민임대,경기,0
2022-02,LH,국민임대,부산,0
2022-02,LH,국민임대,대구,0
2022-02,LH,국민임대,광주,0
2022-02,LH,국민임대,대전,0
2022-02,LH,국민임대,울산,0
2022-02,LH,국민임대,세종,0
2022-02,LH,국민임대,강원,0
2022-02,LH,국민임대,충북,0
2022-02,LH,국민임대,충남,0
2022-02,LH,국민임대,전북,0
2022-02,LH,국민임대,전남,0
2022-02,LH,국민임대,경북,0
2022-02,LH,국민임대,경남,0
2022-02,LH,국민임대,제주,0
2022-02,LH,공공임대,전국,1,414
2022-02,LH,공공임대,서울,0
2022-02,LH,공공임대,인천,0
2022-02,LH,공공임대,경기,1,315
2022-02,LH,공공임대,부산,0
2022-02,LH,공공임대,대구,0
2022-02,LH,공공임대,광주,0
2022-02,LH,공공임대,대전,0
2022-02,LH,공공임대,울산,0
2022-02,LH,공공임대,세종,0
2022-02,LH,공공임대,강원,0
2022-02,LH,공공임대,충북,0
2022-02,LH,공공임대,충남,0
2022-02,LH,공공임대,전북,0
2022-02,LH,공공임대,전남,0
2022-02,LH,공공임대,경북,99
2022-02,LH,공공임대,경남,0
2022-02,LH,공공임대,제주,0
2022-02,LH,공공분양,전국,601
2022-02,LH,공공분양,서울,0
2022-02,LH,공공분양,인천,0
2022-02,LH,공공분양,경기,601
2022-02,LH,공공분양,부산,0
2022-02,LH,공공분양,대구,0
2022-02,LH,공공분양,광주,0
2022-02,LH,공공분양,대전,0
2022-02,LH,공공분양,울산,0
2022-02,LH,공공분양,세종,0
2022-02,LH,공공분양,강원,0
2022-02,LH,공공분양,충북,0
2022-02,LH,공공분양,충남,0
2022-02,LH,공공분양,전북,0
2022-02,LH,공공분양,전남,0
2022-02,LH,공공분양,경북,0
2022-02,LH,공공분양,경남,0
2022-02,LH,공공분양,제주,0
2022-02,주택업체,소계,전국,50
2022-02,주택업체,소계,서울,0
2022-02,주택업체,소계,인천,0
2022-02,주택업체,소계,경기,0
2022-02,주택업체,소계,부산,0
2022-02,주택업체,소계,대구,0
2022-02,주택업체,소계,광주,0
2022-02,주택업체,소계,대전,0
2022-02,주택업체,소계,울산,0
2022-02,주택업체,소계,세종,0
2022-02,주택업체,소계,강원,0
2022-02,주택업체,소계,충북,0
2022-02,주택업체,소계,충남,50
2022-02,주택업체,소계,전북,0
2022-02,주택업체,소계,전남,0
2022-02,주택업체,소계,경북,0
2022-02,주택업체,소계,경남,0
2022-02,주택업체,소계,제주,0
2022-02,주택업체,국민임대,전국,0
2022-02,주택업체,국민임대,서울,0
2022-02,주택업체,국민임대,인천,0
2022-02,주택업체,국민임대,경기,0
2022-02,주택업체,국민임대,부산,0
2022-02,주택업체,국민임대,대구,0
2022-02,주택업체,국민임대,광주,0
2022-02,주택업체,국민임대,대전,0
2022-02,주택업체,국민임대,울산,0
2022-02,주택업체,국민임대,세종,0
2022-02,주택업체,국민임대,강원,0
2022-02,주택업체,국민임대,충북,0
2022-02,주택업체,국민임대,충남,0
2022-02,주택업체,국민임대,전북,0
2022-02,주택업체,국민임대,전남,0
2022-02,주택업체,국민임대,경북,0
2022-02,주택업체,국민임대,경남,0
2022-02,주택업체,국민임대,제주,0
2022-02,주택업체,공공임대,전국,50
2022-02,주택업체,공공임대,서울,0
2022-02,주택업체,공공임대,인천,0
2022-02,주택업체,공공임대,경기,0
2022-02,주택업체,공공임대,부산,0
2022-02,주택업체,공공임대,대구,0
2022-02,주택업체,공공임대,광주,0
2022-02,주택업체,공공임대,대전,0
2022-02,주택업체,공공임대,울산,0
2022-02,주택업체,공공임대,세종,0
2022-02,주택업체,공공임대,강원,0
2022-02,주택업체,공공임대,충북,0
2022-02,주택업체,공공임대,충남,50
2022-02,주택업체,공공임대,전북,0
2022-02,주택업체,공공임대,전남,0
2022-02,주택업체,공공임대,경북,0
2022-02,주택업체,공공임대,경남,0
2022-02,주택업체,공공임대,제주,0
2022-02,주택업체,공공분양,전국,0
2022-02,주택업체,공공분양,서울,0
2022-02,주택업체,공공분양,인천,0
2022-02,주택업체,공공분양,경기,0
2022-02,주택업체,공공분양,부산,0
2022-02,주택업체,공공분양,대구,0
2022-02,주택업체,공공분양,광주,0
2022-02,주택업체,공공분양,대전,0
2022-02,주택업체,공공분양,울산,0
2022-02,주택업체,공공분양,세종,0
2022-02,주택업체,공공분양,강원,0
2022-02,주택업체,공공분양,충북,0
2022-02,주택업체,공공분양,충남,0
2022-02,주택업체,공공분양,전북,0
2022-02,주택업체,공공분양,전남,0
2022-02,주택업체,공공분양,경북,0
2022-02,주택업체,공공분양,경남,0
2022-02,주택업체,공공분양,제주,0
2022-02,민간부문,소계,전국,18,907
2022-02,민간부문,소계,서울,2,281
2022-02,민간부문,소계,인천,1,820
2022-02,민간부문,소계,경기,6,945
2022-02,민간부문,소계,부산,1,036
2022-02,민간부문,소계,대구,59
2022-02,민간부문,소계,광주,1,397
2022-02,민간부문,소계,대전,1,088
2022-02,민간부문,소계,울산,359
2022-02,민간부문,소계,세종,23
2022-02,민간부문,소계,강원,297
2022-02,민간부문,소계,충북,192
2022-02,민간부문,소계,충남,264
2022-02,민간부문,소계,전북,150
2022-02,민간부문,소계,전남,1,289
2022-02,민간부문,소계,경북,379
2022-02,민간부문,소계,경남,1,085
2022-02,민간부문,소계,제주,243
2022-02,민간,민간임대,전국,614
2022-02,민간,민간임대,서울,75
2022-02,민간,민간임대,인천,0
2022-02,민간,민간임대,경기,539
2022-02,민간,민간임대,부산,0
2022-02,민간,민간임대,대구,0
2022-02,민간,민간임대,광주,0
2022-02,민간,민간임대,대전,0
2022-02,민간,민간임대,울산,0
2022-02,민간,민간임대,세종,0
2022-02,민간,민간임대,강원,0
2022-02,민간,민간임대,충북,0
2022-02,민간,민간임대,충남,0
2022-02,민간,민간임대,전북,0
2022-02,민간,민간임대,전남,0
2022-02,민간,민간임대,경북,0
2022-02,민간,민간임대,경남,0
2022-02,민간,민간임대,제주,0
2022-02,민간,민간분양,전국,18,293
2022-02,민간,민간분양,서울,2,206
2022-02,민간,민간분양,인천,1,820
2022-02,민간,민간분양,경기,6,406
2022-02,민간,민간분양,부산,1,036
2022-02,민간,민간분양,대구,59
2022-02,민간,민간분양,광주,1,397
2022-02,민간,민간분양,대전,1,088
2022-02,민간,민간분양,울산,359
2022-02,민간,민간분양,세종,23
2022-02,민간,민간분양,강원,297
2022-02,민간,민간분양,충북,192
2022-02,민간,민간분양,충남,264
2022-02,민간,민간분양,전북,150
2022-02,민간,민간분양,전남,1,289
2022-02,민간,민간분양,경북,379
2022-02,민간,민간분양,경남,1,085
2022-02,민간,민간분양,제주,243
2022-03,총계,총계,전국,27,841
2022-03,총계,총계,서울,5,978
2022-03,총계,총계,인천,224
2022-03,총계,총계,경기,6,871
2022-03,총계,총계,부산,351
2022-03,총계,총계,대구,3,824
2022-03,총계,총계,광주,463
2022-03,총계,총계,대전,1,345
2022-03,총계,총계,울산,286
2022-03,총계,총계,세종,541
2022-03,총계,총계,강원,1,408
2022-03,총계,총계,충북,1,186
2022-03,총계,총계,충남,1,470
2022-03,총계,총계,전북,154
2022-03,총계,총계,전남,1,213
2022-03,총계,총계,경북,726
2022-03,총계,총계,경남,1,367
2022-03,총계,총계,제주,434
2022-03,공공부문,소계,전국,4,053
2022-03,공공부문,소계,서울,1,519
2022-03,공공부문,소계,인천,0
2022-03,공공부문,소계,경기,1,354
2022-03,공공부문,소계,부산,0
2022-03,공공부문,소계,대구,0
2022-03,공공부문,소계,광주,0
2022-03,공공부문,소계,대전,360
2022-03,공공부문,소계,울산,0
2022-03,공공부문,소계,세종,399
2022-03,공공부문,소계,강원,0
2022-03,공공부문,소계,충북,1
2022-03,공공부문,소계,충남,0
2022-03,공공부문,소계,전북,0
2022-03,공공부문,소계,전남,0
2022-03,공공부문,소계,경북,420
2022-03,공공부문,소계,경남,0
2022-03,공공부문,소계,제주,0
2022-03,합,국민임대,전국,192
2022-03,합,국민임대,서울,192
2022-03,합,국민임대,인천,0
2022-03,합,국민임대,경기,0
2022-03,합,국민임대,부산,0
2022-03,합,국민임대,대구,0
2022-03,합,국민임대,광주,0
2022-03,합,국민임대,대전,0
2022-03,합,국민임대,울산,0
2022-03,합,국민임대,세종,0
2022-03,합,국민임대,강원,0
2022-03,합,국민임대,충북,0
2022-03,합,국민임대,충남,0
2022-03,합,국민임대,전북,0
2022-03,합,국민임대,전남,0
2022-03,합,국민임대,경북,0
2022-03,합,국민임대,경남,0
2022-03,합,국민임대,제주,0
2022-03,합,공공임대,전국,3,328
2022-03,합,공공임대,서울,1,193
2022-03,합,공공임대,인천,0
2022-03,합,공공임대,경기,1,354
2022-03,합,공공임대,부산,0
2022-03,합,공공임대,대구,0
2022-03,합,공공임대,광주,0
2022-03,합,공공임대,대전,360
2022-03,합,공공임대,울산,0
2022-03,합,공공임대,세종,0
2022-03,합,공공임대,강원,0
2022-03,합,공공임대,충북,1
2022-03,합,공공임대,충남,0
2022-03,합,공공임대,전북,0
2022-03,합,공공임대,전남,0
2022-03,합,공공임대,경북,420
2022-03,합,공공임대,경남,0
2022-03,합,공공임대,제주,0
2022-03,합,공공분양,전국,533
2022-03,합,공공분양,서울,134
2022-03,합,공공분양,인천,0
2022-03,합,공공분양,경기,0
2022-03,합,공공분양,부산,0
2022-03,합,공공분양,대구,0
2022-03,합,공공분양,광주,0
2022-03,합,공공분양,대전,0
2022-03,합,공공분양,울산,0
2022-03,합,공공분양,세종,399
2022-03,합,공공분양,강원,0
2022-03,합,공공분양,충북,0
2022-03,합,공공분양,충남,0
2022-03,합,공공분양,전북,0
2022-03,합,공공분양,전남,0
2022-03,합,공공분양,경북,0
2022-03,합,공공분양,경남,0
2022-03,합,공공분양,제주,0
2022-03,지자체,소계,전국,0
2022-03,지자체,소계,서울,0
2022-03,지자체,소계,인천,0
2022-03,지자체,소계,경기,0
2022-03,지자체,소계,부산,0
2022-03,지자체,소계,대구,0
2022-03,지자체,소계,광주,0
2022-03,지자체,소계,대전,0
2022-03,지자체,소계,울산,0
2022-03,지자체,소계,세종,0
2022-03,지자체,소계,강원,0
2022-03,지자체,소계,충북,0
2022-03,지자체,소계,충남,0
2022-03,지자체,소계,전북,0
2022-03,지자체,소계,전남,0
2022-03,지자체,소계,경북,0
2022-03,지자체,소계,경남,0
2022-03,지자체,소계,제주,0
2022-03,지자체,국민임대,전국,0
2022-03,지자체,국민임대,서울,0
2022-03,지자체,국민임대,인천,0
2022-03,지자체,국민임대,경기,0
2022-03,지자체,국민임대,부산,0
2022-03,지자체,국민임대,대구,0
2022-03,지자체,국민임대,광주,0
2022-03,지자체,국민임대,대전,0
2022-03,지자체,국민임대,울산,0
2022-03,지자체,국민임대,세종,0
2022-03,지자체,국민임대,강원,0
2022-03,지자체,국민임대,충북,0
2022-03,지자체,국민임대,충남,0
2022-03,지자체,국민임대,전북,0
2022-03,지자체,국민임대,전남,0
2022-03,지자체,국민임대,경북,0
2022-03,지자체,국민임대,경남,0
2022-03,지자체,국민임대,제주,0
2022-03,지자체,공공임대,전국,0
2022-03,지자체,공공임대,서울,0
2022-03,지자체,공공임대,인천,0
2022-03,지자체,공공임대,경기,0
2022-03,지자체,공공임대,부산,0
2022-03,지자체,공공임대,대구,0
2022-03,지자체,공공임대,광주,0
2022-03,지자체,공공임대,대전,0
2022-03,지자체,공공임대,울산,0
2022-03,지자체,공공임대,세종,0
2022-03,지자체,공공임대,강원,0
2022-03,지자체,공공임대,충북,0
2022-03,지자체,공공임대,충남,0
2022-03,지자체,공공임대,전북,0
2022-03,지자체,공공임대,전남,0
2022-03,지자체,공공임대,경북,0
2022-03,지자체,공공임대,경남,0
2022-03,지자체,공공임대,제주,0
2022-03,지자체,공공분양,전국,0
2022-03,지자체,공공분양,서울,0
2022-03,지자체,공공분양,인천,0
2022-03,지자체,공공분양,경기,0
2022-03,지자체,공공분양,부산,0
2022-03,지자체,공공분양,대구,0
2022-03,지자체,공공분양,광주,0
2022-03,지자체,공공분양,대전,0
2022-03,지자체,공공분양,울산,0
2022-03,지자체,공공분양,세종,0
2022-03,지자체,공공분양,강원,0
2022-03,지자체,공공분양,충북,0
2022-03,지자체,공공분양,충남,0
2022-03,지자체,공공분양,전북,0
2022-03,지자체,공공분양,전남,0
2022-03,지자체,공공분양,경북,0
2022-03,지자체,공공분양,경남,0
2022-03,지자체,공공분양,제주,0
2022-03,LH,소계,전국,4,053
2022-03,LH,소계,서울,1,519
2022-03,LH,소계,인천,0
2022-03,LH,소계,경기,1,354
2022-03,LH,소계,부산,0
2022-03,LH,소계,대구,0
2022-03,LH,소계,광주,0
2022-03,LH,소계,대전,360
2022-03,LH,소계,울산,0
2022-03,LH,소계,세종,399
2022-03,LH,소계,강원,0
2022-03,LH,소계,충북,1
2022-03,LH,소계,충남,0
2022-03,LH,소계,전북,0
2022-03,LH,소계,전남,0
2022-03,LH,소계,경북,420
2022-03,LH,소계,경남,0
2022-03,LH,소계,제주,0
2022-03,LH,국민임대,전국,192
2022-03,LH,국민임대,서울,192
2022-03,LH,국민임대,인천,0
2022-03,LH,국민임대,경기,0
2022-03,LH,국민임대,부산,0
2022-03,LH,국민임대,대구,0
2022-03,LH,국민임대,광주,0
2022-03,LH,국민임대,대전,0
2022-03,LH,국민임대,울산,0
2022-03,LH,국민임대,세종,0
2022-03,LH,국민임대,강원,0
2022-03,LH,국민임대,충북,0
2022-03,LH,국민임대,충남,0
2022-03,LH,국민임대,전북,0
2022-03,LH,국민임대,전남,0
2022-03,LH,국민임대,경북,0
2022-03,LH,국민임대,경남,0
2022-03,LH,국민임대,제주,0
2022-03,LH,공공임대,전국,3,328
2022-03,LH,공공임대,서울,1,193
2022-03,LH,공공임대,인천,0
2022-03,LH,공공임대,경기,1,354
2022-03,LH,공공임대,부산,0
2022-03,LH,공공임대,대구,0
2022-03,LH,공공임대,광주,0
2022-03,LH,공공임대,대전,360
2022-03,LH,공공임대,울산,0
2022-03,LH,공공임대,세종,0
2022-03,LH,공공임대,강원,0
2022-03,LH,공공임대,충북,1
2022-03,LH,공공임대,충남,0
2022-03,LH,공공임대,전북,0
2022-03,LH,공공임대,전남,0
2022-03,LH,공공임대,경북,420
2022-03,LH,공공임대,경남,0
2022-03,LH,공공임대,제주,0
2022-03,LH,공공분양,전국,533
2022-03,LH,공공분양,서울,134
2022-03,LH,공공분양,인천,0
2022-03,LH,공공분양,경기,0
2022-03,LH,공공분양,부산,0
2022-03,LH,공공분양,대구,0
2022-03,LH,공공분양,광주,0
2022-03,LH,공공분양,대전,0
2022-03,LH,공공분양,울산,0
2022-03,LH,공공분양,세종,399
2022-03,LH,공공분양,강원,0
2022-03,LH,공공분양,충북,0
2022-03,LH,공공분양,충남,0
2022-03,LH,공공분양,전북,0
2022-03,LH,공공분양,전남,0
2022-03,LH,공공분양,경북,0
2022-03,LH,공공분양,경남,0
2022-03,LH,공공분양,제주,0
2022-03,주택업체,소계,전국,0
2022-03,주택업체,소계,서울,0
2022-03,주택업체,소계,인천,0
2022-03,주택업체,소계,경기,0
2022-03,주택업체,소계,부산,0
2022-03,주택업체,소계,대구,0
2022-03,주택업체,소계,광주,0
2022-03,주택업체,소계,대전,0
2022-03,주택업체,소계,울산,0
2022-03,주택업체,소계,세종,0
2022-03,주택업체,소계,강원,0
2022-03,주택업체,소계,충북,0
2022-03,주택업체,소계,충남,0
2022-03,주택업체,소계,전북,0
2022-03,주택업체,소계,전남,0
2022-03,주택업체,소계,경북,0
2022-03,주택업체,소계,경남,0
2022-03,주택업체,소계,제주,0
2022-03,주택업체,국민임대,전국,0
2022-03,주택업체,국민임대,서울,0
2022-03,주택업체,국민임대,인천,0
2022-03,주택업체,국민임대,경기,0
2022-03,주택업체,국민임대,부산,0
2022-03,주택업체,국민임대,대구,0
2022-03,주택업체,국민임대,광주,0
2022-03,주택업체,국민임대,대전,0
2022-03,주택업체,국민임대,울산,0
2022-03,주택업체,국민임대,세종,0
2022-03,주택업체,국민임대,강원,0
2022-03,주택업체,국민임대,충북,0
2022-03,주택업체,국민임대,충남,0
2022-03,주택업체,국민임대,전북,0
2022-03,주택업체,국민임대,전남,0
2022-03,주택업체,국민임대,경북,0
2022-03,주택업체,국민임대,경남,0
2022-03,주택업체,국민임대,제주,0
2022-03,주택업체,공공임대,전국,0
2022-03,주택업체,공공임대,서울,0
2022-03,주택업체,공공임대,인천,0
2022-03,주택업체,공공임대,경기,0
2022-03,주택업체,공공임대,부산,0
2022-03,주택업체,공공임대,대구,0
2022-03,주택업체,공공임대,광주,0
2022-03,주택업체,공공임대,대전,0
2022-03,주택업체,공공임대,울산,0
2022-03,주택업체,공공임대,세종,0
2022-03,주택업체,공공임대,강원,0
2022-03,주택업체,공공임대,충북,0
2022-03,주택업체,공공임대,충남,0
2022-03,주택업체,공공임대,전북,0
2022-03,주택업체,공공임대,전남,0
2022-03,주택업체,공공임대,경북,0
2022-03,주택업체,공공임대,경남,0
2022-03,주택업체,공공임대,제주,0
2022-03,주택업체,공공분양,전국,0
2022-03,주택업체,공공분양,서울,0
2022-03,주택업체,공공분양,인천,0
2022-03,주택업체,공공분양,경기,0
2022-03,주택업체,공공분양,부산,0
2022-03,주택업체,공공분양,대구,0
2022-03,주택업체,공공분양,광주,0
2022-03,주택업체,공공분양,대전,0
2022-03,주택업체,공공분양,울산,0
2022-03,주택업체,공공분양,세종,0
2022-03,주택업체,공공분양,강원,0
2022-03,주택업체,공공분양,충북,0
2022-03,주택업체,공공분양,충남,0
2022-03,주택업체,공공분양,전북,0
2022-03,주택업체,공공분양,전남,0
2022-03,주택업체,공공분양,경북,0
2022-03,주택업체,공공분양,경남,0
2022-03,주택업체,공공분양,제주,0
2022-03,민간부문,소계,전국,23,788
2022-03,민간부문,소계,서울,4,459
2022-03,민간부문,소계,인천,224
2022-03,민간부문,소계,경기,5,517
2022-03,민간부문,소계,부산,351
2022-03,민간부문,소계,대구,3,824
2022-03,민간부문,소계,광주,463
2022-03,민간부문,소계,대전,985
2022-03,민간부문,소계,울산,286
2022-03,민간부문,소계,세종,142
2022-03,민간부문,소계,강원,1,408
2022-03,민간부문,소계,충북,1,185
2022-03,민간부문,소계,충남,1,470
2022-03,민간부문,소계,전북,154
2022-03,민간부문,소계,전남,1,213
2022-03,민간부문,소계,경북,306
2022-03,민간부문,소계,경남,1,367
2022-03,민간부문,소계,제주,434
2022-03,민간,민간임대,전국,683
2022-03,민간,민간임대,서울,0
2022-03,민간,민간임대,인천,0
2022-03,민간,민간임대,경기,0
2022-03,민간,민간임대,부산,0
2022-03,민간,민간임대,대구,0
2022-03,민간,민간임대,광주,0
2022-03,민간,민간임대,대전,0
2022-03,민간,민간임대,울산,0
2022-03,민간,민간임대,세종,0
2022-03,민간,민간임대,강원,0
2022-03,민간,민간임대,충북,0
2022-03,민간,민간임대,충남,0
2022-03,민간,민간임대,전북,0
2022-03,민간,민간임대,전남,683
2022-03,민간,민간임대,경북,0
2022-03,민간,민간임대,경남,0
2022-03,민간,민간임대,제주,0
2022-03,민간,민간분양,전국,23,105
2022-03,민간,민간분양,서울,4,459
2022-03,민간,민간분양,인천,224
2022-03,민간,민간분양,경기,5,517
2022-03,민간,민간분양,부산,351
2022-03,민간,민간분양,대구,3,824
2022-03,민간,민간분양,광주,463
2022-03,민간,민간분양,대전,985
2022-03,민간,민간분양,울산,286
2022-03,민간,민간분양,세종,142
2022-03,민간,민간분양,강원,1,408
2022-03,민간,민간분양,충북,1,185
2022-03,민간,민간분양,충남,1,470
2022-03,민간,민간분양,전북,154
2022-03,민간,민간분양,전남,530
2022-03,민간,민간분양,경북,306
2022-03,민간,민간분양,경남,1,367
2022-03,민간,민간분양,제주,434
2022-04,총계,총계,전국,34,803
2022-04,총계,총계,서울,5,507
2022-04,총계,총계,인천,3,066
2022-04,총계,총계,경기,11,662
2022-04,총계,총계,부산,2,156
2022-04,총계,총계,대구,1,695
2022-04,총계,총계,광주,2,160
2022-04,총계,총계,대전,35
2022-04,총계,총계,울산,1,157
2022-04,총계,총계,세종,615
2022-04,총계,총계,강원,798
2022-04,총계,총계,충북,200
2022-04,총계,총계,충남,1,818
2022-04,총계,총계,전북,533
2022-04,총계,총계,전남,1,896
2022-04,총계,총계,경북,770
2022-04,총계,총계,경남,323
2022-04,총계,총계,제주,412
2022-04,공공부문,소계,전국,5,258
2022-04,공공부문,소계,서울,113
2022-04,공공부문,소계,인천,0
2022-04,공공부문,소계,경기,3,593
2022-04,공공부문,소계,부산,130
2022-04,공공부문,소계,대구,0
2022-04,공공부문,소계,광주,0
2022-04,공공부문,소계,대전,0
2022-04,공공부문,소계,울산,0
2022-04,공공부문,소계,세종,0
2022-04,공공부문,소계,강원,0
2022-04,공공부문,소계,충북,0
2022-04,공공부문,소계,충남,820
2022-04,공공부문,소계,전북,102
2022-04,공공부문,소계,전남,0
2022-04,공공부문,소계,경북,500
2022-04,공공부문,소계,경남,0
2022-04,공공부문,소계,제주,0
2022-04,합,국민임대,전국,374
2022-04,합,국민임대,서울,0
2022-04,합,국민임대,인천,0
2022-04,합,국민임대,경기,0
2022-04,합,국민임대,부산,0
2022-04,합,국민임대,대구,0
2022-04,합,국민임대,광주,0
2022-04,합,국민임대,대전,0
2022-04,합,국민임대,울산,0
2022-04,합,국민임대,세종,0
2022-04,합,국민임대,강원,0
2022-04,합,국민임대,충북,0
2022-04,합,국민임대,충남,374
2022-04,합,국민임대,전북,0
2022-04,합,국민임대,전남,0
2022-04,합,국민임대,경북,0
2022-04,합,국민임대,경남,0
2022-04,합,국민임대,제주,0
2022-04,합,공공임대,전국,4,884
2022-04,합,공공임대,서울,113
2022-04,합,공공임대,인천,0
2022-04,합,공공임대,경기,3,593
2022-04,합,공공임대,부산,130
2022-04,합,공공임대,대구,0
2022-04,합,공공임대,광주,0
2022-04,합,공공임대,대전,0
2022-04,합,공공임대,울산,0
2022-04,합,공공임대,세종,0
2022-04,합,공공임대,강원,0
2022-04,합,공공임대,충북,0
2022-04,합,공공임대,충남,446
2022-04,합,공공임대,전북,102
2022-04,합,공공임대,전남,0
2022-04,합,공공임대,경북,500
2022-04,합,공공임대,경남,0
2022-04,합,공공임대,제주,0
2022-04,합,공공분양,전국,0
2022-04,합,공공분양,서울,0
2022-04,합,공공분양,인천,0
2022-04,합,공공분양,경기,0
2022-04,합,공공분양,부산,0
2022-04,합,공공분양,대구,0
2022-04,합,공공분양,광주,0
2022-04,합,공공분양,대전,0
2022-04,합,공공분양,울산,0
2022-04,합,공공분양,세종,0
2022-04,합,공공분양,강원,0
2022-04,합,공공분양,충북,0
2022-04,합,공공분양,충남,0
2022-04,합,공공분양,전북,0
2022-04,합,공공분양,전남,0
2022-04,합,공공분양,경북,0
2022-04,합,공공분양,경남,0
2022-04,합,공공분양,제주,0
2022-04,지자체,소계,전국,0
2022-04,지자체,소계,서울,0
2022-04,지자체,소계,인천,0
2022-04,지자체,소계,경기,0
2022-04,지자체,소계,부산,0
2022-04,지자체,소계,대구,0
2022-04,지자체,소계,광주,0
2022-04,지자체,소계,대전,0
2022-04,지자체,소계,울산,0
2022-04,지자체,소계,세종,0
2022-04,지자체,소계,강원,0
2022-04,지자체,소계,충북,0
2022-04,지자체,소계,충남,0
2022-04,지자체,소계,전북,0
2022-04,지자체,소계,전남,0
2022-04,지자체,소계,경북,0
2022-04,지자체,소계,경남,0
2022-04,지자체,소계,제주,0
2022-04,지자체,국민임대,전국,0
2022-04,지자체,국민임대,서울,0
2022-04,지자체,국민임대,인천,0
2022-04,지자체,국민임대,경기,0
2022-04,지자체,국민임대,부산,0
2022-04,지자체,국민임대,대구,0
2022-04,지자체,국민임대,광주,0
2022-04,지자체,국민임대,대전,0
2022-04,지자체,국민임대,울산,0
2022-04,지자체,국민임대,세종,0
2022-04,지자체,국민임대,강원,0
2022-04,지자체,국민임대,충북,0
2022-04,지자체,국민임대,충남,0
2022-04,지자체,국민임대,전북,0
2022-04,지자체,국민임대,전남,0
2022-04,지자체,국민임대,경북,0
2022-04,지자체,국민임대,경남,0
2022-04,지자체,국민임대,제주,0
2022-04,지자체,공공임대,전국,0
2022-04,지자체,공공임대,서울,0
2022-04,지자체,공공임대,인천,0
2022-04,지자체,공공임대,경기,0
2022-04,지자체,공공임대,부산,0
2022-04,지자체,공공임대,대구,0
2022-04,지자체,공공임대,광주,0
2022-04,지자체,공공임대,대전,0
2022-04,지자체,공공임대,울산,0
2022-04,지자체,공공임대,세종,0
2022-04,지자체,공공임대,강원,0
2022-04,지자체,공공임대,충북,0
2022-04,지자체,공공임대,충남,0
2022-04,지자체,공공임대,전북,0
2022-04,지자체,공공임대,전남,0
2022-04,지자체,공공임대,경북,0
2022-04,지자체,공공임대,경남,0
2022-04,지자체,공공임대,제주,0
2022-04,지자체,공공분양,전국,0
2022-04,지자체,공공분양,서울,0
2022-04,지자체,공공분양,인천,0
2022-04,지자체,공공분양,경기,0
2022-04,지자체,공공분양,부산,0
2022-04,지자체,공공분양,대구,0
2022-04,지자체,공공분양,광주,0
2022-04,지자체,공공분양,대전,0
2022-04,지자체,공공분양,울산,0
2022-04,지자체,공공분양,세종,0
2022-04,지자체,공공분양,강원,0
2022-04,지자체,공공분양,충북,0
2022-04,지자체,공공분양,충남,0
2022-04,지자체,공공분양,전북,0
2022-04,지자체,공공분양,전남,0
2022-04,지자체,공공분양,경북,0
2022-04,지자체,공공분양,경남,0
2022-04,지자체,공공분양,제주,0
2022-04,LH,소계,전국,1,454
2022-04,LH,소계,서울,0
2022-04,LH,소계,인천,0
2022-04,LH,소계,경기,0
2022-04,LH,소계,부산,130
2022-04,LH,소계,대구,0
2022-04,LH,소계,광주,0
2022-04,LH,소계,대전,0
2022-04,LH,소계,울산,0
2022-04,LH,소계,세종,0
2022-04,LH,소계,강원,0
2022-04,LH,소계,충북,0
2022-04,LH,소계,충남,820
2022-04,LH,소계,전북,4
2022-04,LH,소계,전남,0
2022-04,LH,소계,경북,500
2022-04,LH,소계,경남,0
2022-04,LH,소계,제주,0
2022-04,LH,국민임대,전국,374
2022-04,LH,국민임대,서울,0
2022-04,LH,국민임대,인천,0
2022-04,LH,국민임대,경기,0
2022-04,LH,국민임대,부산,0
2022-04,LH,국민임대,대구,0
2022-04,LH,국민임대,광주,0
2022-04,LH,국민임대,대전,0
2022-04,LH,국민임대,울산,0
2022-04,LH,국민임대,세종,0
2022-04,LH,국민임대,강원,0
2022-04,LH,국민임대,충북,0
2022-04,LH,국민임대,충남,374
2022-04,LH,국민임대,전북,0
2022-04,LH,국민임대,전남,0
2022-04,LH,국민임대,경북,0
2022-04,LH,국민임대,경남,0
2022-04,LH,국민임대,제주,0
2022-04,LH,공공임대,전국,1,080
2022-04,LH,공공임대,서울,0
2022-04,LH,공공임대,인천,0
2022-04,LH,공공임대,경기,0
2022-04,LH,공공임대,부산,130
2022-04,LH,공공임대,대구,0
2022-04,LH,공공임대,광주,0
2022-04,LH,공공임대,대전,0
2022-04,LH,공공임대,울산,0
2022-04,LH,공공임대,세종,0
2022-04,LH,공공임대,강원,0
2022-04,LH,공공임대,충북,0
2022-04,LH,공공임대,충남,446
2022-04,LH,공공임대,전북,4
2022-04,LH,공공임대,전남,0
2022-04,LH,공공임대,경북,500
2022-04,LH,공공임대,경남,0
2022-04,LH,공공임대,제주,0
2022-04,LH,공공분양,전국,0
2022-04,LH,공공분양,서울,0
2022-04,LH,공공분양,인천,0
2022-04,LH,공공분양,경기,0
2022-04,LH,공공분양,부산,0
2022-04,LH,공공분양,대구,0
2022-04,LH,공공분양,광주,0
2022-04,LH,공공분양,대전,0
2022-04,LH,공공분양,울산,0
2022-04,LH,공공분양,세종,0
2022-04,LH,공공분양,강원,0
2022-04,LH,공공분양,충북,0
2022-04,LH,공공분양,충남,0
2022-04,LH,공공분양,전북,0
2022-04,LH,공공분양,전남,0
2022-04,LH,공공분양,경북,0
2022-04,LH,공공분양,경남,0
2022-04,LH,공공분양,제주,0
2022-04,주택업체,소계,전국,3,804
2022-04,주택업체,소계,서울,113
2022-04,주택업체,소계,인천,0
2022-04,주택업체,소계,경기,3,593
2022-04,주택업체,소계,부산,0
2022-04,주택업체,소계,대구,0
2022-04,주택업체,소계,광주,0
2022-04,주택업체,소계,대전,0
2022-04,주택업체,소계,울산,0
2022-04,주택업체,소계,세종,0
2022-04,주택업체,소계,강원,0
2022-04,주택업체,소계,충북,0
2022-04,주택업체,소계,충남,0
2022-04,주택업체,소계,전북,98
2022-04,주택업체,소계,전남,0
2022-04,주택업체,소계,경북,0
2022-04,주택업체,소계,경남,0
2022-04,주택업체,소계,제주,0
2022-04,주택업체,국민임대,전국,0
2022-04,주택업체,국민임대,서울,0
2022-04,주택업체,국민임대,인천,0
2022-04,주택업체,국민임대,경기,0
2022-04,주택업체,국민임대,부산,0
2022-04,주택업체,국민임대,대구,0
2022-04,주택업체,국민임대,광주,0
2022-04,주택업체,국민임대,대전,0
2022-04,주택업체,국민임대,울산,0
2022-04,주택업체,국민임대,세종,0
2022-04,주택업체,국민임대,강원,0
2022-04,주택업체,국민임대,충북,0
2022-04,주택업체,국민임대,충남,0
2022-04,주택업체,국민임대,전북,0
2022-04,주택업체,국민임대,전남,0
2022-04,주택업체,국민임대,경북,0
2022-04,주택업체,국민임대,경남,0
2022-04,주택업체,국민임대,제주,0
2022-04,주택업체,공공임대,전국,3,804
2022-04,주택업체,공공임대,서울,113
2022-04,주택업체,공공임대,인천,0
2022-04,주택업체,공공임대,경기,3,593
2022-04,주택업체,공공임대,부산,0
2022-04,주택업체,공공임대,대구,0
2022-04,주택업체,공공임대,광주,0
2022-04,주택업체,공공임대,대전,0
2022-04,주택업체,공공임대,울산,0
2022-04,주택업체,공공임대,세종,0
2022-04,주택업체,공공임대,강원,0
2022-04,주택업체,공공임대,충북,0
2022-04,주택업체,공공임대,충남,0
2022-04,주택업체,공공임대,전북,98
2022-04,주택업체,공공임대,전남,0
2022-04,주택업체,공공임대,경북,0
2022-04,주택업체,공공임대,경남,0
2022-04,주택업체,공공임대,제주,0
2022-04,주택업체,공공분양,전국,0
2022-04,주택업체,공공분양,서울,0
2022-04,주택업체,공공분양,인천,0
2022-04,주택업체,공공분양,경기,0
2022-04,주택업체,공공분양,부산,0
2022-04,주택업체,공공분양,대구,0
2022-04,주택업체,공공분양,광주,0
2022-04,주택업체,공공분양,대전,0
2022-04,주택업체,공공분양,울산,0
2022-04,주택업체,공공분양,세종,0
2022-04,주택업체,공공분양,강원,0
2022-04,주택업체,공공분양,충북,0
2022-04,주택업체,공공분양,충남,0
2022-04,주택업체,공공분양,전북,0
2022-04,주택업체,공공분양,전남,0
2022-04,주택업체,공공분양,경북,0
2022-04,주택업체,공공분양,경남,0
2022-04,주택업체,공공분양,제주,0
2022-04,민간부문,소계,전국,29,545
2022-04,민간부문,소계,서울,5,394
2022-04,민간부문,소계,인천,3,066
2022-04,민간부문,소계,경기,8,069
2022-04,민간부문,소계,부산,2,026
2022-04,민간부문,소계,대구,1,695
2022-04,민간부문,소계,광주,2,160
2022-04,민간부문,소계,대전,35
2022-04,민간부문,소계,울산,1,157
2022-04,민간부문,소계,세종,615
2022-04,민간부문,소계,강원,798
2022-04,민간부문,소계,충북,200
2022-04,민간부문,소계,충남,998
2022-04,민간부문,소계,전북,431
2022-04,민간부문,소계,전남,1,896
2022-04,민간부문,소계,경북,270
2022-04,민간부문,소계,경남,323
2022-04,민간부문,소계,제주,412
2022-04,민간,민간임대,전국,4,050
2022-04,민간,민간임대,서울,752
2022-04,민간,민간임대,인천,0
2022-04,민간,민간임대,경기,887
2022-04,민간,민간임대,부산,0
2022-04,민간,민간임대,대구,0
2022-04,민간,민간임대,광주,461
2022-04,민간,민간임대,대전,0
2022-04,민간,민간임대,울산,0
2022-04,민간,민간임대,세종,0
2022-04,민간,민간임대,강원,402
2022-04,민간,민간임대,충북,0
2022-04,민간,민간임대,충남,223
2022-04,민간,민간임대,전북,271
2022-04,민간,민간임대,전남,1,054
2022-04,민간,민간임대,경북,0
2022-04,민간,민간임대,경남,0
2022-04,민간,민간임대,제주,0
2022-04,민간,민간분양,전국,25,495
2022-04,민간,민간분양,서울,4,642
2022-04,민간,민간분양,인천,3,066
2022-04,민간,민간분양,경기,7,182
2022-04,민간,민간분양,부산,2,026
2022-04,민간,민간분양,대구,1,695
2022-04,민간,민간분양,광주,1,699
2022-04,민간,민간분양,대전,35
2022-04,민간,민간분양,울산,1,157
2022-04,민간,민간분양,세종,615
2022-04,민간,민간분양,강원,396
2022-04,민간,민간분양,충북,200
2022-04,민간,민간분양,충남,775
2022-04,민간,민간분양,전북,160
2022-04,민간,민간분양,전남,842
2022-04,민간,민간분양,경북,270
2022-04,민간,민간분양,경남,323
2022-04,민간,민간분양,제주,412
2022-05,총계,총계,전국,42,519
2022-05,총계,총계,서울,3,034
2022-05,총계,총계,인천,8,802
2022-05,총계,총계,경기,6,439
2022-05,총계,총계,부산,4,389
2022-05,총계,총계,대구,1,780
2022-05,총계,총계,광주,122
2022-05,총계,총계,대전,2,787
2022-05,총계,총계,울산,183
2022-05,총계,총계,세종,618
2022-05,총계,총계,강원,1,255
2022-05,총계,총계,충북,2,407
2022-05,총계,총계,충남,5,942
2022-05,총계,총계,전북,3,436
2022-05,총계,총계,전남,362
2022-05,총계,총계,경북,333
2022-05,총계,총계,경남,368
2022-05,총계,총계,제주,262
2022-05,공공부문,소계,전국,13,120
2022-05,공공부문,소계,서울,0
2022-05,공공부문,소계,인천,5,678
2022-05,공공부문,소계,경기,1,585
2022-05,공공부문,소계,부산,1,198
2022-05,공공부문,소계,대구,0
2022-05,공공부문,소계,광주,0
2022-05,공공부문,소계,대전,0
2022-05,공공부문,소계,울산,100
2022-05,공공부문,소계,세종,597
2022-05,공공부문,소계,강원,0
2022-05,공공부문,소계,충북,605
2022-05,공공부문,소계,충남,1,428
2022-05,공공부문,소계,전북,1,928
2022-05,공공부문,소계,전남,0
2022-05,공공부문,소계,경북,0
2022-05,공공부문,소계,경남,1
2022-05,공공부문,소계,제주,0
2022-05,합,국민임대,전국,2,664
2022-05,합,국민임대,서울,0
2022-05,합,국민임대,인천,0
2022-05,합,국민임대,경기,0
2022-05,합,국민임대,부산,0
2022-05,합,국민임대,대구,0
2022-05,합,국민임대,광주,0
2022-05,합,국민임대,대전,0
2022-05,합,국민임대,울산,0
2022-05,합,국민임대,세종,0
2022-05,합,국민임대,강원,0
2022-05,합,국민임대,충북,605
2022-05,합,국민임대,충남,1,228
2022-05,합,국민임대,전북,831
2022-05,합,국민임대,전남,0
2022-05,합,국민임대,경북,0
2022-05,합,국민임대,경남,0
2022-05,합,국민임대,제주,0
2022-05,합,공공임대,전국,3,834
2022-05,합,공공임대,서울,0
2022-05,합,공공임대,인천,0
2022-05,합,공공임대,경기,1,585
2022-05,합,공공임대,부산,1,198
2022-05,합,공공임대,대구,0
2022-05,합,공공임대,광주,0
2022-05,합,공공임대,대전,0
2022-05,합,공공임대,울산,100
2022-05,합,공공임대,세종,199
2022-05,합,공공임대,강원,0
2022-05,합,공공임대,충북,0
2022-05,합,공공임대,충남,200
2022-05,합,공공임대,전북,551
2022-05,합,공공임대,전남,0
2022-05,합,공공임대,경북,0
2022-05,합,공공임대,경남,1
2022-05,합,공공임대,제주,0
2022-05,합,공공분양,전국,6,622
2022-05,합,공공분양,서울,0
2022-05,합,공공분양,인천,5,678
2022-05,합,공공분양,경기,0
2022-05,합,공공분양,부산,0
2022-05,합,공공분양,대구,0
2022-05,합,공공분양,광주,0
2022-05,합,공공분양,대전,0
2022-05,합,공공분양,울산,0
2022-05,합,공공분양,세종,398
2022-05,합,공공분양,강원,0
2022-05,합,공공분양,충북,0
2022-05,합,공공분양,충남,0
2022-05,합,공공분양,전북,546
2022-05,합,공공분양,전남,0
2022-05,합,공공분양,경북,0
2022-05,합,공공분양,경남,0
2022-05,합,공공분양,제주,0
2022-05,지자체,소계,전국,0
2022-05,지자체,소계,서울,0
2022-05,지자체,소계,인천,0
2022-05,지자체,소계,경기,0
2022-05,지자체,소계,부산,0
2022-05,지자체,소계,대구,0
2022-05,지자체,소계,광주,0
2022-05,지자체,소계,대전,0
2022-05,지자체,소계,울산,0
2022-05,지자체,소계,세종,0
2022-05,지자체,소계,강원,0
2022-05,지자체,소계,충북,0
2022-05,지자체,소계,충남,0
2022-05,지자체,소계,전북,0
2022-05,지자체,소계,전남,0
2022-05,지자체,소계,경북,0
2022-05,지자체,소계,경남,0
2022-05,지자체,소계,제주,0
2022-05,지자체,국민임대,전국,0
2022-05,지자체,국민임대,서울,0
2022-05,지자체,국민임대,인천,0
2022-05,지자체,국민임대,경기,0
2022-05,지자체,국민임대,부산,0
2022-05,지자체,국민임대,대구,0
2022-05,지자체,국민임대,광주,0
2022-05,지자체,국민임대,대전,0
2022-05,지자체,국민임대,울산,0
2022-05,지자체,국민임대,세종,0
2022-05,지자체,국민임대,강원,0
2022-05,지자체,국민임대,충북,0
2022-05,지자체,국민임대,충남,0
2022-05,지자체,국민임대,전북,0
2022-05,지자체,국민임대,전남,0
2022-05,지자체,국민임대,경북,0
2022-05,지자체,국민임대,경남,0
2022-05,지자체,국민임대,제주,0
2022-05,지자체,공공임대,전국,0
2022-05,지자체,공공임대,서울,0
2022-05,지자체,공공임대,인천,0
2022-05,지자체,공공임대,경기,0
2022-05,지자체,공공임대,부산,0
2022-05,지자체,공공임대,대구,0
2022-05,지자체,공공임대,광주,0
2022-05,지자체,공공임대,대전,0
2022-05,지자체,공공임대,울산,0
2022-05,지자체,공공임대,세종,0
2022-05,지자체,공공임대,강원,0
2022-05,지자체,공공임대,충북,0
2022-05,지자체,공공임대,충남,0
2022-05,지자체,공공임대,전북,0
2022-05,지자체,공공임대,전남,0
2022-05,지자체,공공임대,경북,0
2022-05,지자체,공공임대,경남,0
2022-05,지자체,공공임대,제주,0
2022-05,지자체,공공분양,전국,0
2022-05,지자체,공공분양,서울,0
2022-05,지자체,공공분양,인천,0
2022-05,지자체,공공분양,경기,0
2022-05,지자체,공공분양,부산,0
2022-05,지자체,공공분양,대구,0
2022-05,지자체,공공분양,광주,0
2022-05,지자체,공공분양,대전,0
2022-05,지자체,공공분양,울산,0
2022-05,지자체,공공분양,세종,0
2022-05,지자체,공공분양,강원,0
2022-05,지자체,공공분양,충북,0
2022-05,지자체,공공분양,충남,0
2022-05,지자체,공공분양,전북,0
2022-05,지자체,공공분양,전남,0
2022-05,지자체,공공분양,경북,0
2022-05,지자체,공공분양,경남,0
2022-05,지자체,공공분양,제주,0
2022-05,LH,소계,전국,4,660
2022-05,LH,소계,서울,0
2022-05,LH,소계,인천,0
2022-05,LH,소계,경기,1
2022-05,LH,소계,부산,0
2022-05,LH,소계,대구,0
2022-05,LH,소계,광주,0
2022-05,LH,소계,대전,0
2022-05,LH,소계,울산,100
2022-05,LH,소계,세종,597
2022-05,LH,소계,강원,0
2022-05,LH,소계,충북,605
2022-05,LH,소계,충남,1,428
2022-05,LH,소계,전북,1,928
2022-05,LH,소계,전남,0
2022-05,LH,소계,경북,0
2022-05,LH,소계,경남,1
2022-05,LH,소계,제주,0
2022-05,LH,국민임대,전국,2,664
2022-05,LH,국민임대,서울,0
2022-05,LH,국민임대,인천,0
2022-05,LH,국민임대,경기,0
2022-05,LH,국민임대,부산,0
2022-05,LH,국민임대,대구,0
2022-05,LH,국민임대,광주,0
2022-05,LH,국민임대,대전,0
2022-05,LH,국민임대,울산,0
2022-05,LH,국민임대,세종,0
2022-05,LH,국민임대,강원,0
2022-05,LH,국민임대,충북,605
2022-05,LH,국민임대,충남,1,228
2022-05,LH,국민임대,전북,831
2022-05,LH,국민임대,전남,0
2022-05,LH,국민임대,경북,0
2022-05,LH,국민임대,경남,0
2022-05,LH,국민임대,제주,0
2022-05,LH,공공임대,전국,1,052
2022-05,LH,공공임대,서울,0
2022-05,LH,공공임대,인천,0
2022-05,LH,공공임대,경기,1
2022-05,LH,공공임대,부산,0
2022-05,LH,공공임대,대구,0
2022-05,LH,공공임대,광주,0
2022-05,LH,공공임대,대전,0
2022-05,LH,공공임대,울산,100
2022-05,LH,공공임대,세종,199
2022-05,LH,공공임대,강원,0
2022-05,LH,공공임대,충북,0
2022-05,LH,공공임대,충남,200
2022-05,LH,공공임대,전북,551
2022-05,LH,공공임대,전남,0
2022-05,LH,공공임대,경북,0
2022-05,LH,공공임대,경남,1
2022-05,LH,공공임대,제주,0
2022-05,LH,공공분양,전국,944
2022-05,LH,공공분양,서울,0
2022-05,LH,공공분양,인천,0
2022-05,LH,공공분양,경기,0
2022-05,LH,공공분양,부산,0
2022-05,LH,공공분양,대구,0
2022-05,LH,공공분양,광주,0
2022-05,LH,공공분양,대전,0
2022-05,LH,공공분양,울산,0
2022-05,LH,공공분양,세종,398
2022-05,LH,공공분양,강원,0
2022-05,LH,공공분양,충북,0
2022-05,LH,공공분양,충남,0
2022-05,LH,공공분양,전북,546
2022-05,LH,공공분양,전남,0
2022-05,LH,공공분양,경북,0
2022-05,LH,공공분양,경남,0
2022-05,LH,공공분양,제주,0
2022-05,주택업체,소계,전국,8,460
2022-05,주택업체,소계,서울,0
2022-05,주택업체,소계,인천,5,678
2022-05,주택업체,소계,경기,1,584
2022-05,주택업체,소계,부산,1,198
2022-05,주택업체,소계,대구,0
2022-05,주택업체,소계,광주,0
2022-05,주택업체,소계,대전,0
2022-05,주택업체,소계,울산,0
2022-05,주택업체,소계,세종,0
2022-05,주택업체,소계,강원,0
2022-05,주택업체,소계,충북,0
2022-05,주택업체,소계,충남,0
2022-05,주택업체,소계,전북,0
2022-05,주택업체,소계,전남,0
2022-05,주택업체,소계,경북,0
2022-05,주택업체,소계,경남,0
2022-05,주택업체,소계,제주,0
2022-05,주택업체,국민임대,전국,0
2022-05,주택업체,국민임대,서울,0
2022-05,주택업체,국민임대,인천,0
2022-05,주택업체,국민임대,경기,0
2022-05,주택업체,국민임대,부산,0
2022-05,주택업체,국민임대,대구,0
2022-05,주택업체,국민임대,광주,0
2022-05,주택업체,국민임대,대전,0
2022-05,주택업체,국민임대,울산,0
2022-05,주택업체,국민임대,세종,0
2022-05,주택업체,국민임대,강원,0
2022-05,주택업체,국민임대,충북,0
2022-05,주택업체,국민임대,충남,0
2022-05,주택업체,국민임대,전북,0
2022-05,주택업체,국민임대,전남,0
2022-05,주택업체,국민임대,경북,0
2022-05,주택업체,국민임대,경남,0
2022-05,주택업체,국민임대,제주,0
2022-05,주택업체,공공임대,전국,2,782
2022-05,주택업체,공공임대,서울,0
2022-05,주택업체,공공임대,인천,0
2022-05,주택업체,공공임대,경기,1,584
2022-05,주택업체,공공임대,부산,1,198
2022-05,주택업체,공공임대,대구,0
2022-05,주택업체,공공임대,광주,0
2022-05,주택업체,공공임대,대전,0
2022-05,주택업체,공공임대,울산,0
2022-05,주택업체,공공임대,세종,0
2022-05,주택업체,공공임대,강원,0
2022-05,주택업체,공공임대,충북,0
2022-05,주택업체,공공임대,충남,0
2022-05,주택업체,공공임대,전북,0
2022-05,주택업체,공공임대,전남,0
2022-05,주택업체,공공임대,경북,0
2022-05,주택업체,공공임대,경남,0
2022-05,주택업체,공공임대,제주,0
2022-05,주택업체,공공분양,전국,5,678
2022-05,주택업체,공공분양,서울,0
2022-05,주택업체,공공분양,인천,5,678
2022-05,주택업체,공공분양,경기,0
2022-05,주택업체,공공분양,부산,0
2022-05,주택업체,공공분양,대구,0
2022-05,주택업체,공공분양,광주,0
2022-05,주택업체,공공분양,대전,0
2022-05,주택업체,공공분양,울산,0
2022-05,주택업체,공공분양,세종,0
2022-05,주택업체,공공분양,강원,0
2022-05,주택업체,공공분양,충북,0
2022-05,주택업체,공공분양,충남,0
2022-05,주택업체,공공분양,전북,0
2022-05,주택업체,공공분양,전남,0
2022-05,주택업체,공공분양,경북,0
2022-05,주택업체,공공분양,경남,0
2022-05,주택업체,공공분양,제주,0
2022-05,민간부문,소계,전국,29,399
2022-05,민간부문,소계,서울,3,034
2022-05,민간부문,소계,인천,3,124
2022-05,민간부문,소계,경기,4,854
2022-05,민간부문,소계,부산,3,191
2022-05,민간부문,소계,대구,1,780
2022-05,민간부문,소계,광주,122
2022-05,민간부문,소계,대전,2,787
2022-05,민간부문,소계,울산,83
2022-05,민간부문,소계,세종,21
2022-05,민간부문,소계,강원,1,255
2022-05,민간부문,소계,충북,1,802
2022-05,민간부문,소계,충남,4,514
2022-05,민간부문,소계,전북,1,508
2022-05,민간부문,소계,전남,362
2022-05,민간부문,소계,경북,333
2022-05,민간부문,소계,경남,367
2022-05,민간부문,소계,제주,262
2022-05,민간,민간임대,전국,1,114
2022-05,민간,민간임대,서울,0
2022-05,민간,민간임대,인천,0
2022-05,민간,민간임대,경기,285
2022-05,민간,민간임대,부산,0
2022-05,민간,민간임대,대구,0
2022-05,민간,민간임대,광주,0
2022-05,민간,민간임대,대전,0
2022-05,민간,민간임대,울산,0
2022-05,민간,민간임대,세종,0
2022-05,민간,민간임대,강원,0
2022-05,민간,민간임대,충북,0
2022-05,민간,민간임대,충남,829
2022-05,민간,민간임대,전북,0
2022-05,민간,민간임대,전남,0
2022-05,민간,민간임대,경북,0
2022-05,민간,민간임대,경남,0
2022-05,민간,민간임대,제주,0
2022-05,민간,민간분양,전국,28,285
2022-05,민간,민간분양,서울,3,034
2022-05,민간,민간분양,인천,3,124
2022-05,민간,민간분양,경기,4,569
2022-05,민간,민간분양,부산,3,191
2022-05,민간,민간분양,대구,1,780
2022-05,민간,민간분양,광주,122
2022-05,민간,민간분양,대전,2,787
2022-05,민간,민간분양,울산,83
2022-05,민간,민간분양,세종,21
2022-05,민간,민간분양,강원,1,255
2022-05,민간,민간분양,충북,1,802
2022-05,민간,민간분양,충남,3,685
2022-05,민간,민간분양,전북,1,508
2022-05,민간,민간분양,전남,362
2022-05,민간,민간분양,경북,333
2022-05,민간,민간분양,경남,367
2022-05,민간,민간분양,제주,262
2022-06,총계,총계,전국,31,329
2022-06,총계,총계,서울,2,988
2022-06,총계,총계,인천,3,279
2022-06,총계,총계,경기,9,803
2022-06,총계,총계,부산,1,884
2022-06,총계,총계,대구,3,542
2022-06,총계,총계,광주,123
2022-06,총계,총계,대전,109
2022-06,총계,총계,울산,112
2022-06,총계,총계,세종,20
2022-06,총계,총계,강원,1,343
2022-06,총계,총계,충북,1,918
2022-06,총계,총계,충남,1,922
2022-06,총계,총계,전북,1,676
2022-06,총계,총계,전남,408
2022-06,총계,총계,경북,361
2022-06,총계,총계,경남,1,584
2022-06,총계,총계,제주,257
2022-06,공공부문,소계,전국,9,404
2022-06,공공부문,소계,서울,1
2022-06,공공부문,소계,인천,1,487
2022-06,공공부문,소계,경기,4,708
2022-06,공공부문,소계,부산,728
2022-06,공공부문,소계,대구,0
2022-06,공공부문,소계,광주,50
2022-06,공공부문,소계,대전,0
2022-06,공공부문,소계,울산,43
2022-06,공공부문,소계,세종,0
2022-06,공공부문,소계,강원,0
2022-06,공공부문,소계,충북,1,299
2022-06,공공부문,소계,충남,888
2022-06,공공부문,소계,전북,0
2022-06,공공부문,소계,전남,0
2022-06,공공부문,소계,경북,0
2022-06,공공부문,소계,경남,200
2022-06,공공부문,소계,제주,0
2022-06,합,국민임대,전국,1,299
2022-06,합,국민임대,서울,0
2022-06,합,국민임대,인천,0
2022-06,합,국민임대,경기,0
2022-06,합,국민임대,부산,0
2022-06,합,국민임대,대구,0
2022-06,합,국민임대,광주,0
2022-06,합,국민임대,대전,0
2022-06,합,국민임대,울산,0
2022-06,합,국민임대,세종,0
2022-06,합,국민임대,강원,0
2022-06,합,국민임대,충북,1,299
2022-06,합,국민임대,충남,0
2022-06,합,국민임대,전북,0
2022-06,합,국민임대,전남,0
2022-06,합,국민임대,경북,0
2022-06,합,국민임대,경남,0
2022-06,합,국민임대,제주,0
2022-06,합,공공임대,전국,6,352
2022-06,합,공공임대,서울,1
2022-06,합,공공임대,인천,1,487
2022-06,합,공공임대,경기,3,441
2022-06,합,공공임대,부산,242
2022-06,합,공공임대,대구,0
2022-06,합,공공임대,광주,50
2022-06,합,공공임대,대전,0
2022-06,합,공공임대,울산,43
2022-06,합,공공임대,세종,0
2022-06,합,공공임대,강원,0
2022-06,합,공공임대,충북,0
2022-06,합,공공임대,충남,888
2022-06,합,공공임대,전북,0
2022-06,합,공공임대,전남,0
2022-06,합,공공임대,경북,0
2022-06,합,공공임대,경남,200
2022-06,합,공공임대,제주,0
2022-06,합,공공분양,전국,1,753
2022-06,합,공공분양,서울,0
2022-06,합,공공분양,인천,0
2022-06,합,공공분양,경기,1,267
2022-06,합,공공분양,부산,486
2022-06,합,공공분양,대구,0
2022-06,합,공공분양,광주,0
2022-06,합,공공분양,대전,0
2022-06,합,공공분양,울산,0
2022-06,합,공공분양,세종,0
2022-06,합,공공분양,강원,0
2022-06,합,공공분양,충북,0
2022-06,합,공공분양,충남,0
2022-06,합,공공분양,전북,0
2022-06,합,공공분양,전남,0
2022-06,합,공공분양,경북,0
2022-06,합,공공분양,경남,0
2022-06,합,공공분양,제주,0
2022-06,지자체,소계,전국,0
2022-06,지자체,소계,서울,0
2022-06,지자체,소계,인천,0
2022-06,지자체,소계,경기,0
2022-06,지자체,소계,부산,0
2022-06,지자체,소계,대구,0
2022-06,지자체,소계,광주,0
2022-06,지자체,소계,대전,0
2022-06,지자체,소계,울산,0
2022-06,지자체,소계,세종,0
2022-06,지자체,소계,강원,0
2022-06,지자체,소계,충북,0
2022-06,지자체,소계,충남,0
2022-06,지자체,소계,전북,0
2022-06,지자체,소계,전남,0
2022-06,지자체,소계,경북,0
2022-06,지자체,소계,경남,0
2022-06,지자체,소계,제주,0
2022-06,지자체,국민임대,전국,0
2022-06,지자체,국민임대,서울,0
2022-06,지자체,국민임대,인천,0
2022-06,지자체,국민임대,경기,0
2022-06,지자체,국민임대,부산,0
2022-06,지자체,국민임대,대구,0
2022-06,지자체,국민임대,광주,0
2022-06,지자체,국민임대,대전,0
2022-06,지자체,국민임대,울산,0
2022-06,지자체,국민임대,세종,0
2022-06,지자체,국민임대,강원,0
2022-06,지자체,국민임대,충북,0
2022-06,지자체,국민임대,충남,0
2022-06,지자체,국민임대,전북,0
2022-06,지자체,국민임대,전남,0
2022-06,지자체,국민임대,경북,0
2022-06,지자체,국민임대,경남,0
2022-06,지자체,국민임대,제주,0
2022-06,지자체,공공임대,전국,0
2022-06,지자체,공공임대,서울,0
2022-06,지자체,공공임대,인천,0
2022-06,지자체,공공임대,경기,0
2022-06,지자체,공공임대,부산,0
2022-06,지자체,공공임대,대구,0
2022-06,지자체,공공임대,광주,0
2022-06,지자체,공공임대,대전,0
2022-06,지자체,공공임대,울산,0
2022-06,지자체,공공임대,세종,0
2022-06,지자체,공공임대,강원,0
2022-06,지자체,공공임대,충북,0
2022-06,지자체,공공임대,충남,0
2022-06,지자체,공공임대,전북,0
2022-06,지자체,공공임대,전남,0
2022-06,지자체,공공임대,경북,0
2022-06,지자체,공공임대,경남,0
2022-06,지자체,공공임대,제주,0
2022-06,지자체,공공분양,전국,0
2022-06,지자체,공공분양,서울,0
2022-06,지자체,공공분양,인천,0
2022-06,지자체,공공분양,경기,0
2022-06,지자체,공공분양,부산,0
2022-06,지자체,공공분양,대구,0
2022-06,지자체,공공분양,광주,0
2022-06,지자체,공공분양,대전,0
2022-06,지자체,공공분양,울산,0
2022-06,지자체,공공분양,세종,0
2022-06,지자체,공공분양,강원,0
2022-06,지자체,공공분양,충북,0
2022-06,지자체,공공분양,충남,0
2022-06,지자체,공공분양,전북,0
2022-06,지자체,공공분양,전남,0
2022-06,지자체,공공분양,경북,0
2022-06,지자체,공공분양,경남,0
2022-06,지자체,공공분양,제주,0
2022-06,LH,소계,전국,7,511
2022-06,LH,소계,서울,0
2022-06,LH,소계,인천,238
2022-06,LH,소계,경기,4,708
2022-06,LH,소계,부산,728
2022-06,LH,소계,대구,0
2022-06,LH,소계,광주,50
2022-06,LH,소계,대전,0
2022-06,LH,소계,울산,0
2022-06,LH,소계,세종,0
2022-06,LH,소계,강원,0
2022-06,LH,소계,충북,1,299
2022-06,LH,소계,충남,288
2022-06,LH,소계,전북,0
2022-06,LH,소계,전남,0
2022-06,LH,소계,경북,0
2022-06,LH,소계,경남,200
2022-06,LH,소계,제주,0
2022-06,LH,국민임대,전국,1,299
2022-06,LH,국민임대,서울,0
2022-06,LH,국민임대,인천,0
2022-06,LH,국민임대,경기,0
2022-06,LH,국민임대,부산,0
2022-06,LH,국민임대,대구,0
2022-06,LH,국민임대,광주,0
2022-06,LH,국민임대,대전,0
2022-06,LH,국민임대,울산,0
2022-06,LH,국민임대,세종,0
2022-06,LH,국민임대,강원,0
2022-06,LH,국민임대,충북,1,299
2022-06,LH,국민임대,충남,0
2022-06,LH,국민임대,전북,0
2022-06,LH,국민임대,전남,0
2022-06,LH,국민임대,경북,0
2022-06,LH,국민임대,경남,0
2022-06,LH,국민임대,제주,0
2022-06,LH,공공임대,전국,4,459
2022-06,LH,공공임대,서울,0
2022-06,LH,공공임대,인천,238
2022-06,LH,공공임대,경기,3,441
2022-06,LH,공공임대,부산,242
2022-06,LH,공공임대,대구,0
2022-06,LH,공공임대,광주,50
2022-06,LH,공공임대,대전,0
2022-06,LH,공공임대,울산,0
2022-06,LH,공공임대,세종,0
2022-06,LH,공공임대,강원,0
2022-06,LH,공공임대,충북,0
2022-06,LH,공공임대,충남,288
2022-06,LH,공공임대,전북,0
2022-06,LH,공공임대,전남,0
2022-06,LH,공공임대,경북,0
2022-06,LH,공공임대,경남,200
2022-06,LH,공공임대,제주,0
2022-06,LH,공공분양,전국,1,753
2022-06,LH,공공분양,서울,0
2022-06,LH,공공분양,인천,0
2022-06,LH,공공분양,경기,1,267
2022-06,LH,공공분양,부산,486
2022-06,LH,공공분양,대구,0
2022-06,LH,공공분양,광주,0
2022-06,LH,공공분양,대전,0
2022-06,LH,공공분양,울산,0
2022-06,LH,공공분양,세종,0
2022-06,LH,공공분양,강원,0
2022-06,LH,공공분양,충북,0
2022-06,LH,공공분양,충남,0
2022-06,LH,공공분양,전북,0
2022-06,LH,공공분양,전남,0
2022-06,LH,공공분양,경북,0
2022-06,LH,공공분양,경남,0
2022-06,LH,공공분양,제주,0
2022-06,주택업체,소계,전국,1,893
2022-06,주택업체,소계,서울,1
2022-06,주택업체,소계,인천,1,249
2022-06,주택업체,소계,경기,0
2022-06,주택업체,소계,부산,0
2022-06,주택업체,소계,대구,0
2022-06,주택업체,소계,광주,0
2022-06,주택업체,소계,대전,0
2022-06,주택업체,소계,울산,43
2022-06,주택업체,소계,세종,0
2022-06,주택업체,소계,강원,0
2022-06,주택업체,소계,충북,0
2022-06,주택업체,소계,충남,600
2022-06,주택업체,소계,전북,0
2022-06,주택업체,소계,전남,0
2022-06,주택업체,소계,경북,0
2022-06,주택업체,소계,경남,0
2022-06,주택업체,소계,제주,0
2022-06,주택업체,국민임대,전국,0
2022-06,주택업체,국민임대,서울,0
2022-06,주택업체,국민임대,인천,0
2022-06,주택업체,국민임대,경기,0
2022-06,주택업체,국민임대,부산,0
2022-06,주택업체,국민임대,대구,0
2022-06,주택업체,국민임대,광주,0
2022-06,주택업체,국민임대,대전,0
2022-06,주택업체,국민임대,울산,0
2022-06,주택업체,국민임대,세종,0
2022-06,주택업체,국민임대,강원,0
2022-06,주택업체,국민임대,충북,0
2022-06,주택업체,국민임대,충남,0
2022-06,주택업체,국민임대,전북,0
2022-06,주택업체,국민임대,전남,0
2022-06,주택업체,국민임대,경북,0
2022-06,주택업체,국민임대,경남,0
2022-06,주택업체,국민임대,제주,0
2022-06,주택업체,공공임대,전국,1,893
2022-06,주택업체,공공임대,서울,1
2022-06,주택업체,공공임대,인천,1,249
2022-06,주택업체,공공임대,경기,0
2022-06,주택업체,공공임대,부산,0
2022-06,주택업체,공공임대,대구,0
2022-06,주택업체,공공임대,광주,0
2022-06,주택업체,공공임대,대전,0
2022-06,주택업체,공공임대,울산,43
2022-06,주택업체,공공임대,세종,0
2022-06,주택업체,공공임대,강원,0
2022-06,주택업체,공공임대,충북,0
2022-06,주택업체,공공임대,충남,600
2022-06,주택업체,공공임대,전북,0
2022-06,주택업체,공공임대,전남,0
2022-06,주택업체,공공임대,경북,0
2022-06,주택업체,공공임대,경남,0
2022-06,주택업체,공공임대,제주,0
2022-06,주택업체,공공분양,전국,0
2022-06,주택업체,공공분양,서울,0
2022-06,주택업체,공공분양,인천,0
2022-06,주택업체,공공분양,경기,0
2022-06,주택업체,공공분양,부산,0
2022-06,주택업체,공공분양,대구,0
2022-06,주택업체,공공분양,광주,0
2022-06,주택업체,공공분양,대전,0
2022-06,주택업체,공공분양,울산,0
2022-06,주택업체,공공분양,세종,0
2022-06,주택업체,공공분양,강원,0
2022-06,주택업체,공공분양,충북,0
2022-06,주택업체,공공분양,충남,0
2022-06,주택업체,공공분양,전북,0
2022-06,주택업체,공공분양,전남,0
2022-06,주택업체,공공분양,경북,0
2022-06,주택업체,공공분양,경남,0
2022-06,주택업체,공공분양,제주,0
2022-06,민간부문,소계,전국,21,925
2022-06,민간부문,소계,서울,2,987
2022-06,민간부문,소계,인천,1,792
2022-06,민간부문,소계,경기,5,095
2022-06,민간부문,소계,부산,1,156
2022-06,민간부문,소계,대구,3,542
2022-06,민간부문,소계,광주,73
2022-06,민간부문,소계,대전,109
2022-06,민간부문,소계,울산,69
2022-06,민간부문,소계,세종,20
2022-06,민간부문,소계,강원,1,343
2022-06,민간부문,소계,충북,619
2022-06,민간부문,소계,충남,1,034
2022-06,민간부문,소계,전북,1,676
2022-06,민간부문,소계,전남,408
2022-06,민간부문,소계,경북,361
2022-06,민간부문,소계,경남,1,384
2022-06,민간부문,소계,제주,257
2022-06,민간,민간임대,전국,573
2022-06,민간,민간임대,서울,148
2022-06,민간,민간임대,인천,0
2022-06,민간,민간임대,경기,0
2022-06,민간,민간임대,부산,0
2022-06,민간,민간임대,대구,0
2022-06,민간,민간임대,광주,0
2022-06,민간,민간임대,대전,0
2022-06,민간,민간임대,울산,0
2022-06,민간,민간임대,세종,0
2022-06,민간,민간임대,강원,425
2022-06,민간,민간임대,충북,0
2022-06,민간,민간임대,충남,0
2022-06,민간,민간임대,전북,0
2022-06,민간,민간임대,전남,0
2022-06,민간,민간임대,경북,0
2022-06,민간,민간임대,경남,0
2022-06,민간,민간임대,제주,0
2022-06,민간,민간분양,전국,21,352
2022-06,민간,민간분양,서울,2,839
2022-06,민간,민간분양,인천,1,792
2022-06,민간,민간분양,경기,5,095
2022-06,민간,민간분양,부산,1,156
2022-06,민간,민간분양,대구,3,542
2022-06,민간,민간분양,광주,73
2022-06,민간,민간분양,대전,109
2022-06,민간,민간분양,울산,69
2022-06,민간,민간분양,세종,20
2022-06,민간,민간분양,강원,918
2022-06,민간,민간분양,충북,619
2022-06,민간,민간분양,충남,1,034
2022-06,민간,민간분양,전북,1,676
2022-06,민간,민간분양,전남,408
2022-06,민간,민간분양,경북,361
2022-06,민간,민간분양,경남,1,384
2022-06,민간,민간분양,제주,257
2022-07,총계,총계,전국,37,911
2022-07,총계,총계,서울,2,678
2022-07,총계,총계,인천,2,874
2022-07,총계,총계,경기,15,709
2022-07,총계,총계,부산,1,643
2022-07,총계,총계,대구,2,254
2022-07,총계,총계,광주,822
2022-07,총계,총계,대전,2,106
2022-07,총계,총계,울산,1,005
2022-07,총계,총계,세종,42
2022-07,총계,총계,강원,1,413
2022-07,총계,총계,충북,346
2022-07,총계,총계,충남,4,524
2022-07,총계,총계,전북,816
2022-07,총계,총계,전남,550
2022-07,총계,총계,경북,570
2022-07,총계,총계,경남,330
2022-07,총계,총계,제주,229
2022-07,공공부문,소계,전국,8,229
2022-07,공공부문,소계,서울,28
2022-07,공공부문,소계,인천,1,073
2022-07,공공부문,소계,경기,1,732
2022-07,공공부문,소계,부산,0
2022-07,공공부문,소계,대구,820
2022-07,공공부문,소계,광주,0
2022-07,공공부문,소계,대전,0
2022-07,공공부문,소계,울산,0
2022-07,공공부문,소계,세종,0
2022-07,공공부문,소계,강원,0
2022-07,공공부문,소계,충북,0
2022-07,공공부문,소계,충남,3,825
2022-07,공공부문,소계,전북,601
2022-07,공공부문,소계,전남,150
2022-07,공공부문,소계,경북,0
2022-07,공공부문,소계,경남,0
2022-07,공공부문,소계,제주,0
2022-07,합,국민임대,전국,1,254
2022-07,합,국민임대,서울,0
2022-07,합,국민임대,인천,0
2022-07,합,국민임대,경기,0
2022-07,합,국민임대,부산,0
2022-07,합,국민임대,대구,258
2022-07,합,국민임대,광주,0
2022-07,합,국민임대,대전,0
2022-07,합,국민임대,울산,0
2022-07,합,국민임대,세종,0
2022-07,합,국민임대,강원,0
2022-07,합,국민임대,충북,0
2022-07,합,국민임대,충남,996
2022-07,합,국민임대,전북,0
2022-07,합,국민임대,전남,0
2022-07,합,국민임대,경북,0
2022-07,합,국민임대,경남,0
2022-07,합,국민임대,제주,0
2022-07,합,공공임대,전국,5,831
2022-07,합,공공임대,서울,28
2022-07,합,공공임대,인천,1,073
2022-07,합,공공임대,경기,588
2022-07,합,공공임대,부산,0
2022-07,합,공공임대,대구,562
2022-07,합,공공임대,광주,0
2022-07,합,공공임대,대전,0
2022-07,합,공공임대,울산,0
2022-07,합,공공임대,세종,0
2022-07,합,공공임대,강원,0
2022-07,합,공공임대,충북,0
2022-07,합,공공임대,충남,2,829
2022-07,합,공공임대,전북,601
2022-07,합,공공임대,전남,150
2022-07,합,공공임대,경북,0
2022-07,합,공공임대,경남,0
2022-07,합,공공임대,제주,0
2022-07,합,공공분양,전국,1,144
2022-07,합,공공분양,서울,0
2022-07,합,공공분양,인천,0
2022-07,합,공공분양,경기,1,144
2022-07,합,공공분양,부산,0
2022-07,합,공공분양,대구,0
2022-07,합,공공분양,광주,0
2022-07,합,공공분양,대전,0
2022-07,합,공공분양,울산,0
2022-07,합,공공분양,세종,0
2022-07,합,공공분양,강원,0
2022-07,합,공공분양,충북,0
2022-07,합,공공분양,충남,0
2022-07,합,공공분양,전북,0
2022-07,합,공공분양,전남,0
2022-07,합,공공분양,경북,0
2022-07,합,공공분양,경남,0
2022-07,합,공공분양,제주,0
2022-07,지자체,소계,전국,0
2022-07,지자체,소계,서울,0
2022-07,지자체,소계,인천,0
2022-07,지자체,소계,경기,0
2022-07,지자체,소계,부산,0
2022-07,지자체,소계,대구,0
2022-07,지자체,소계,광주,0
2022-07,지자체,소계,대전,0
2022-07,지자체,소계,울산,0
2022-07,지자체,소계,세종,0
2022-07,지자체,소계,강원,0
2022-07,지자체,소계,충북,0
2022-07,지자체,소계,충남,0
2022-07,지자체,소계,전북,0
2022-07,지자체,소계,전남,0
2022-07,지자체,소계,경북,0
2022-07,지자체,소계,경남,0
2022-07,지자체,소계,제주,0
2022-07,지자체,국민임대,전국,0
2022-07,지자체,국민임대,서울,0
2022-07,지자체,국민임대,인천,0
2022-07,지자체,국민임대,경기,0
2022-07,지자체,국민임대,부산,0
2022-07,지자체,국민임대,대구,0
2022-07,지자체,국민임대,광주,0
2022-07,지자체,국민임대,대전,0
2022-07,지자체,국민임대,울산,0
2022-07,지자체,국민임대,세종,0
2022-07,지자체,국민임대,강원,0
2022-07,지자체,국민임대,충북,0
2022-07,지자체,국민임대,충남,0
2022-07,지자체,국민임대,전북,0
2022-07,지자체,국민임대,전남,0
2022-07,지자체,국민임대,경북,0
2022-07,지자체,국민임대,경남,0
2022-07,지자체,국민임대,제주,0
2022-07,지자체,공공임대,전국,0
2022-07,지자체,공공임대,서울,0
2022-07,지자체,공공임대,인천,0
2022-07,지자체,공공임대,경기,0
2022-07,지자체,공공임대,부산,0
2022-07,지자체,공공임대,대구,0
2022-07,지자체,공공임대,광주,0
2022-07,지자체,공공임대,대전,0
2022-07,지자체,공공임대,울산,0
2022-07,지자체,공공임대,세종,0
2022-07,지자체,공공임대,강원,0
2022-07,지자체,공공임대,충북,0
2022-07,지자체,공공임대,충남,0
2022-07,지자체,공공임대,전북,0
2022-07,지자체,공공임대,전남,0
2022-07,지자체,공공임대,경북,0
2022-07,지자체,공공임대,경남,0
2022-07,지자체,공공임대,제주,0
2022-07,지자체,공공분양,전국,0
2022-07,지자체,공공분양,서울,0
2022-07,지자체,공공분양,인천,0
2022-07,지자체,공공분양,경기,0
2022-07,지자체,공공분양,부산,0
2022-07,지자체,공공분양,대구,0
2022-07,지자체,공공분양,광주,0
2022-07,지자체,공공분양,대전,0
2022-07,지자체,공공분양,울산,0
2022-07,지자체,공공분양,세종,0
2022-07,지자체,공공분양,강원,0
2022-07,지자체,공공분양,충북,0
2022-07,지자체,공공분양,충남,0
2022-07,지자체,공공분양,전북,0
2022-07,지자체,공공분양,전남,0
2022-07,지자체,공공분양,경북,0
2022-07,지자체,공공분양,경남,0
2022-07,지자체,공공분양,제주,0
2022-07,LH,소계,전국,7,128
2022-07,LH,소계,서울,0
2022-07,LH,소계,인천,0
2022-07,LH,소계,경기,1,732
2022-07,LH,소계,부산,0
2022-07,LH,소계,대구,820
2022-07,LH,소계,광주,0
2022-07,LH,소계,대전,0
2022-07,LH,소계,울산,0
2022-07,LH,소계,세종,0
2022-07,LH,소계,강원,0
2022-07,LH,소계,충북,0
2022-07,LH,소계,충남,3,825
2022-07,LH,소계,전북,601
2022-07,LH,소계,전남,150
2022-07,LH,소계,경북,0
2022-07,LH,소계,경남,0
2022-07,LH,소계,제주,0
2022-07,LH,국민임대,전국,1,254
2022-07,LH,국민임대,서울,0
2022-07,LH,국민임대,인천,0
2022-07,LH,국민임대,경기,0
2022-07,LH,국민임대,부산,0
2022-07,LH,국민임대,대구,258
2022-07,LH,국민임대,광주,0
2022-07,LH,국민임대,대전,0
2022-07,LH,국민임대,울산,0
2022-07,LH,국민임대,세종,0
2022-07,LH,국민임대,강원,0
2022-07,LH,국민임대,충북,0
2022-07,LH,국민임대,충남,996
2022-07,LH,국민임대,전북,0
2022-07,LH,국민임대,전남,0
2022-07,LH,국민임대,경북,0
2022-07,LH,국민임대,경남,0
2022-07,LH,국민임대,제주,0
2022-07,LH,공공임대,전국,4,730
2022-07,LH,공공임대,서울,0
2022-07,LH,공공임대,인천,0
2022-07,LH,공공임대,경기,588
2022-07,LH,공공임대,부산,0
2022-07,LH,공공임대,대구,562
2022-07,LH,공공임대,광주,0
2022-07,LH,공공임대,대전,0
2022-07,LH,공공임대,울산,0
2022-07,LH,공공임대,세종,0
2022-07,LH,공공임대,강원,0
2022-07,LH,공공임대,충북,0
2022-07,LH,공공임대,충남,2,829
2022-07,LH,공공임대,전북,601
2022-07,LH,공공임대,전남,150
2022-07,LH,공공임대,경북,0
2022-07,LH,공공임대,경남,0
2022-07,LH,공공임대,제주,0
2022-07,LH,공공분양,전국,1,144
2022-07,LH,공공분양,서울,0
2022-07,LH,공공분양,인천,0
2022-07,LH,공공분양,경기,1,144
2022-07,LH,공공분양,부산,0
2022-07,LH,공공분양,대구,0
2022-07,LH,공공분양,광주,0
2022-07,LH,공공분양,대전,0
2022-07,LH,공공분양,울산,0
2022-07,LH,공공분양,세종,0
2022-07,LH,공공분양,강원,0
2022-07,LH,공공분양,충북,0
2022-07,LH,공공분양,충남,0
2022-07,LH,공공분양,전북,0
2022-07,LH,공공분양,전남,0
2022-07,LH,공공분양,경북,0
2022-07,LH,공공분양,경남,0
2022-07,LH,공공분양,제주,0
2022-07,주택업체,소계,전국,1,101
2022-07,주택업체,소계,서울,28
2022-07,주택업체,소계,인천,1,073
2022-07,주택업체,소계,경기,0
2022-07,주택업체,소계,부산,0
2022-07,주택업체,소계,대구,0
2022-07,주택업체,소계,광주,0
2022-07,주택업체,소계,대전,0
2022-07,주택업체,소계,울산,0
2022-07,주택업체,소계,세종,0
2022-07,주택업체,소계,강원,0
2022-07,주택업체,소계,충북,0
2022-07,주택업체,소계,충남,0
2022-07,주택업체,소계,전북,0
2022-07,주택업체,소계,전남,0
2022-07,주택업체,소계,경북,0
2022-07,주택업체,소계,경남,0
2022-07,주택업체,소계,제주,0
2022-07,주택업체,국민임대,전국,0
2022-07,주택업체,국민임대,서울,0
2022-07,주택업체,국민임대,인천,0
2022-07,주택업체,국민임대,경기,0
2022-07,주택업체,국민임대,부산,0
2022-07,주택업체,국민임대,대구,0
2022-07,주택업체,국민임대,광주,0
2022-07,주택업체,국민임대,대전,0
2022-07,주택업체,국민임대,울산,0
2022-07,주택업체,국민임대,세종,0
2022-07,주택업체,국민임대,강원,0
2022-07,주택업체,국민임대,충북,0
2022-07,주택업체,국민임대,충남,0
2022-07,주택업체,국민임대,전북,0
2022-07,주택업체,국민임대,전남,0
2022-07,주택업체,국민임대,경북,0
2022-07,주택업체,국민임대,경남,0
2022-07,주택업체,국민임대,제주,0
2022-07,주택업체,공공임대,전국,1,101
2022-07,주택업체,공공임대,서울,28
2022-07,주택업체,공공임대,인천,1,073
2022-07,주택업체,공공임대,경기,0
2022-07,주택업체,공공임대,부산,0
2022-07,주택업체,공공임대,대구,0
2022-07,주택업체,공공임대,광주,0
2022-07,주택업체,공공임대,대전,0
2022-07,주택업체,공공임대,울산,0
2022-07,주택업체,공공임대,세종,0
2022-07,주택업체,공공임대,강원,0
2022-07,주택업체,공공임대,충북,0
2022-07,주택업체,공공임대,충남,0
2022-07,주택업체,공공임대,전북,0
2022-07,주택업체,공공임대,전남,0
2022-07,주택업체,공공임대,경북,0
2022-07,주택업체,공공임대,경남,0
2022-07,주택업체,공공임대,제주,0
2022-07,주택업체,공공분양,전국,0
2022-07,주택업체,공공분양,서울,0
2022-07,주택업체,공공분양,인천,0
2022-07,주택업체,공공분양,경기,0
2022-07,주택업체,공공분양,부산,0
2022-07,주택업체,공공분양,대구,0
2022-07,주택업체,공공분양,광주,0
2022-07,주택업체,공공분양,대전,0
2022-07,주택업체,공공분양,울산,0
2022-07,주택업체,공공분양,세종,0
2022-07,주택업체,공공분양,강원,0
2022-07,주택업체,공공분양,충북,0
2022-07,주택업체,공공분양,충남,0
2022-07,주택업체,공공분양,전북,0
2022-07,주택업체,공공분양,전남,0
2022-07,주택업체,공공분양,경북,0
2022-07,주택업체,공공분양,경남,0
2022-07,주택업체,공공분양,제주,0
2022-07,민간부문,소계,전국,29,682
2022-07,민간부문,소계,서울,2,650
2022-07,민간부문,소계,인천,1,801
2022-07,민간부문,소계,경기,13,977
2022-07,민간부문,소계,부산,1,643
2022-07,민간부문,소계,대구,1,434
2022-07,민간부문,소계,광주,822
2022-07,민간부문,소계,대전,2,106
2022-07,민간부문,소계,울산,1,005
2022-07,민간부문,소계,세종,42
2022-07,민간부문,소계,강원,1,413
2022-07,민간부문,소계,충북,346
2022-07,민간부문,소계,충남,699
2022-07,민간부문,소계,전북,215
2022-07,민간부문,소계,전남,400
2022-07,민간부문,소계,경북,570
2022-07,민간부문,소계,경남,330
2022-07,민간부문,소계,제주,229
2022-07,민간,민간임대,전국,81
2022-07,민간,민간임대,서울,0
2022-07,민간,민간임대,인천,0
2022-07,민간,민간임대,경기,0
2022-07,민간,민간임대,부산,0
2022-07,민간,민간임대,대구,0
2022-07,민간,민간임대,광주,0
2022-07,민간,민간임대,대전,0
2022-07,민간,민간임대,울산,0
2022-07,민간,민간임대,세종,0
2022-07,민간,민간임대,강원,0
2022-07,민간,민간임대,충북,0
2022-07,민간,민간임대,충남,0
2022-07,민간,민간임대,전북,0
2022-07,민간,민간임대,전남,0
2022-07,민간,민간임대,경북,81
2022-07,민간,민간임대,경남,0
2022-07,민간,민간임대,제주,0
2022-07,민간,민간분양,전국,29,601
2022-07,민간,민간분양,서울,2,650
2022-07,민간,민간분양,인천,1,801
2022-07,민간,민간분양,경기,13,977
2022-07,민간,민간분양,부산,1,643
2022-07,민간,민간분양,대구,1,434
2022-07,민간,민간분양,광주,822
2022-07,민간,민간분양,대전,2,106
2022-07,민간,민간분양,울산,1,005
2022-07,민간,민간분양,세종,42
2022-07,민간,민간분양,강원,1,413
2022-07,민간,민간분양,충북,346
2022-07,민간,민간분양,충남,699
2022-07,민간,민간분양,전북,215
2022-07,민간,민간분양,전남,400
2022-07,민간,민간분양,경북,489
2022-07,민간,민간분양,경남,330
2022-07,민간,민간분양,제주,229
2022-08,총계,총계,전국,38,560
2022-08,총계,총계,서울,7,659
2022-08,총계,총계,인천,7,135
2022-08,총계,총계,경기,12,213
2022-08,총계,총계,부산,1,851
2022-08,총계,총계,대구,1,633
2022-08,총계,총계,광주,755
2022-08,총계,총계,대전,878
2022-08,총계,총계,울산,236
2022-08,총계,총계,세종,21
2022-08,총계,총계,강원,390
2022-08,총계,총계,충북,832
2022-08,총계,총계,충남,1,958
2022-08,총계,총계,전북,197
2022-08,총계,총계,전남,1,645
2022-08,총계,총계,경북,421
2022-08,총계,총계,경남,401
2022-08,총계,총계,제주,335
2022-08,공공부문,소계,전국,7,730
2022-08,공공부문,소계,서울,16
2022-08,공공부문,소계,인천,909
2022-08,공공부문,소계,경기,5,890
2022-08,공공부문,소계,부산,638
2022-08,공공부문,소계,대구,0
2022-08,공공부문,소계,광주,47
2022-08,공공부문,소계,대전,0
2022-08,공공부문,소계,울산,0
2022-08,공공부문,소계,세종,0
2022-08,공공부문,소계,강원,0
2022-08,공공부문,소계,충북,0
2022-08,공공부문,소계,충남,0
2022-08,공공부문,소계,전북,0
2022-08,공공부문,소계,전남,230
2022-08,공공부문,소계,경북,0
2022-08,공공부문,소계,경남,0
2022-08,공공부문,소계,제주,0
2022-08,합,국민임대,전국,1,664
2022-08,합,국민임대,서울,0
2022-08,합,국민임대,인천,0
2022-08,합,국민임대,경기,1,504
2022-08,합,국민임대,부산,0
2022-08,합,국민임대,대구,0
2022-08,합,국민임대,광주,0
2022-08,합,국민임대,대전,0
2022-08,합,국민임대,울산,0
2022-08,합,국민임대,세종,0
2022-08,합,국민임대,강원,0
2022-08,합,국민임대,충북,0
2022-08,합,국민임대,충남,0
2022-08,합,국민임대,전북,0
2022-08,합,국민임대,전남,160
2022-08,합,국민임대,경북,0
2022-08,합,국민임대,경남,0
2022-08,합,국민임대,제주,0
2022-08,합,공공임대,전국,4,570
2022-08,합,공공임대,서울,16
2022-08,합,공공임대,인천,0
2022-08,합,공공임대,경기,3,799
2022-08,합,공공임대,부산,638
2022-08,합,공공임대,대구,0
2022-08,합,공공임대,광주,47
2022-08,합,공공임대,대전,0
2022-08,합,공공임대,울산,0
2022-08,합,공공임대,세종,0
2022-08,합,공공임대,강원,0
2022-08,합,공공임대,충북,0
2022-08,합,공공임대,충남,0
2022-08,합,공공임대,전북,0
2022-08,합,공공임대,전남,70
2022-08,합,공공임대,경북,0
2022-08,합,공공임대,경남,0
2022-08,합,공공임대,제주,0
2022-08,합,공공분양,전국,1,496
2022-08,합,공공분양,서울,0
2022-08,합,공공분양,인천,909
2022-08,합,공공분양,경기,587
2022-08,합,공공분양,부산,0
2022-08,합,공공분양,대구,0
2022-08,합,공공분양,광주,0
2022-08,합,공공분양,대전,0
2022-08,합,공공분양,울산,0
2022-08,합,공공분양,세종,0
2022-08,합,공공분양,강원,0
2022-08,합,공공분양,충북,0
2022-08,합,공공분양,충남,0
2022-08,합,공공분양,전북,0
2022-08,합,공공분양,전남,0
2022-08,합,공공분양,경북,0
2022-08,합,공공분양,경남,0
2022-08,합,공공분양,제주,0
2022-08,지자체,소계,전국,909
2022-08,지자체,소계,서울,0
2022-08,지자체,소계,인천,909
2022-08,지자체,소계,경기,0
2022-08,지자체,소계,부산,0
2022-08,지자체,소계,대구,0
2022-08,지자체,소계,광주,0
2022-08,지자체,소계,대전,0
2022-08,지자체,소계,울산,0
2022-08,지자체,소계,세종,0
2022-08,지자체,소계,강원,0
2022-08,지자체,소계,충북,0
2022-08,지자체,소계,충남,0
2022-08,지자체,소계,전북,0
2022-08,지자체,소계,전남,0
2022-08,지자체,소계,경북,0
2022-08,지자체,소계,경남,0
2022-08,지자체,소계,제주,0
2022-08,지자체,국민임대,전국,0
2022-08,지자체,국민임대,서울,0
2022-08,지자체,국민임대,인천,0
2022-08,지자체,국민임대,경기,0
2022-08,지자체,국민임대,부산,0
2022-08,지자체,국민임대,대구,0
2022-08,지자체,국민임대,광주,0
2022-08,지자체,국민임대,대전,0
2022-08,지자체,국민임대,울산,0
2022-08,지자체,국민임대,세종,0
2022-08,지자체,국민임대,강원,0
2022-08,지자체,국민임대,충북,0
2022-08,지자체,국민임대,충남,0
2022-08,지자체,국민임대,전북,0
2022-08,지자체,국민임대,전남,0
2022-08,지자체,국민임대,경북,0
2022-08,지자체,국민임대,경남,0
2022-08,지자체,국민임대,제주,0
2022-08,지자체,공공임대,전국,0
2022-08,지자체,공공임대,서울,0
2022-08,지자체,공공임대,인천,0
2022-08,지자체,공공임대,경기,0
2022-08,지자체,공공임대,부산,0
2022-08,지자체,공공임대,대구,0
2022-08,지자체,공공임대,광주,0
2022-08,지자체,공공임대,대전,0
2022-08,지자체,공공임대,울산,0
2022-08,지자체,공공임대,세종,0
2022-08,지자체,공공임대,강원,0
2022-08,지자체,공공임대,충북,0
2022-08,지자체,공공임대,충남,0
2022-08,지자체,공공임대,전북,0
2022-08,지자체,공공임대,전남,0
2022-08,지자체,공공임대,경북,0
2022-08,지자체,공공임대,경남,0
2022-08,지자체,공공임대,제주,0
2022-08,지자체,공공분양,전국,909
2022-08,지자체,공공분양,서울,0
2022-08,지자체,공공분양,인천,909
2022-08,지자체,공공분양,경기,0
2022-08,지자체,공공분양,부산,0
2022-08,지자체,공공분양,대구,0
2022-08,지자체,공공분양,광주,0
2022-08,지자체,공공분양,대전,0
2022-08,지자체,공공분양,울산,0
2022-08,지자체,공공분양,세종,0
2022-08,지자체,공공분양,강원,0
2022-08,지자체,공공분양,충북,0
2022-08,지자체,공공분양,충남,0
2022-08,지자체,공공분양,전북,0
2022-08,지자체,공공분양,전남,0
2022-08,지자체,공공분양,경북,0
2022-08,지자체,공공분양,경남,0
2022-08,지자체,공공분양,제주,0
2022-08,LH,소계,전국,4,423
2022-08,LH,소계,서울,0
2022-08,LH,소계,인천,0
2022-08,LH,소계,경기,4,193
2022-08,LH,소계,부산,0
2022-08,LH,소계,대구,0
2022-08,LH,소계,광주,0
2022-08,LH,소계,대전,0
2022-08,LH,소계,울산,0
2022-08,LH,소계,세종,0
2022-08,LH,소계,강원,0
2022-08,LH,소계,충북,0
2022-08,LH,소계,충남,0
2022-08,LH,소계,전북,0
2022-08,LH,소계,전남,230
2022-08,LH,소계,경북,0
2022-08,LH,소계,경남,0
2022-08,LH,소계,제주,0
2022-08,LH,국민임대,전국,1,664
2022-08,LH,국민임대,서울,0
2022-08,LH,국민임대,인천,0
2022-08,LH,국민임대,경기,1,504
2022-08,LH,국민임대,부산,0
2022-08,LH,국민임대,대구,0
2022-08,LH,국민임대,광주,0
2022-08,LH,국민임대,대전,0
2022-08,LH,국민임대,울산,0
2022-08,LH,국민임대,세종,0
2022-08,LH,국민임대,강원,0
2022-08,LH,국민임대,충북,0
2022-08,LH,국민임대,충남,0
2022-08,LH,국민임대,전북,0
2022-08,LH,국민임대,전남,160
2022-08,LH,국민임대,경북,0
2022-08,LH,국민임대,경남,0
2022-08,LH,국민임대,제주,0
2022-08,LH,공공임대,전국,2,172
2022-08,LH,공공임대,서울,0
2022-08,LH,공공임대,인천,0
2022-08,LH,공공임대,경기,2,102
2022-08,LH,공공임대,부산,0
2022-08,LH,공공임대,대구,0
2022-08,LH,공공임대,광주,0
2022-08,LH,공공임대,대전,0
2022-08,LH,공공임대,울산,0
2022-08,LH,공공임대,세종,0
2022-08,LH,공공임대,강원,0
2022-08,LH,공공임대,충북,0
2022-08,LH,공공임대,충남,0
2022-08,LH,공공임대,전북,0
2022-08,LH,공공임대,전남,70
2022-08,LH,공공임대,경북,0
2022-08,LH,공공임대,경남,0
2022-08,LH,공공임대,제주,0
2022-08,LH,공공분양,전국,587
2022-08,LH,공공분양,서울,0
2022-08,LH,공공분양,인천,0
2022-08,LH,공공분양,경기,587
2022-08,LH,공공분양,부산,0
2022-08,LH,공공분양,대구,0
2022-08,LH,공공분양,광주,0
2022-08,LH,공공분양,대전,0
2022-08,LH,공공분양,울산,0
2022-08,LH,공공분양,세종,0
2022-08,LH,공공분양,강원,0
2022-08,LH,공공분양,충북,0
2022-08,LH,공공분양,충남,0
2022-08,LH,공공분양,전북,0
2022-08,LH,공공분양,전남,0
2022-08,LH,공공분양,경북,0
2022-08,LH,공공분양,경남,0
2022-08,LH,공공분양,제주,0
2022-08,주택업체,소계,전국,2,398
2022-08,주택업체,소계,서울,16
2022-08,주택업체,소계,인천,0
2022-08,주택업체,소계,경기,1,697
2022-08,주택업체,소계,부산,638
2022-08,주택업체,소계,대구,0
2022-08,주택업체,소계,광주,47
2022-08,주택업체,소계,대전,0
2022-08,주택업체,소계,울산,0
2022-08,주택업체,소계,세종,0
2022-08,주택업체,소계,강원,0
2022-08,주택업체,소계,충북,0
2022-08,주택업체,소계,충남,0
2022-08,주택업체,소계,전북,0
2022-08,주택업체,소계,전남,0
2022-08,주택업체,소계,경북,0
2022-08,주택업체,소계,경남,0
2022-08,주택업체,소계,제주,0
2022-08,주택업체,국민임대,전국,0
2022-08,주택업체,국민임대,서울,0
2022-08,주택업체,국민임대,인천,0
2022-08,주택업체,국민임대,경기,0
2022-08,주택업체,국민임대,부산,0
2022-08,주택업체,국민임대,대구,0
2022-08,주택업체,국민임대,광주,0
2022-08,주택업체,국민임대,대전,0
2022-08,주택업체,국민임대,울산,0
2022-08,주택업체,국민임대,세종,0
2022-08,주택업체,국민임대,강원,0
2022-08,주택업체,국민임대,충북,0
2022-08,주택업체,국민임대,충남,0
2022-08,주택업체,국민임대,전북,0
2022-08,주택업체,국민임대,전남,0
2022-08,주택업체,국민임대,경북,0
2022-08,주택업체,국민임대,경남,0
2022-08,주택업체,국민임대,제주,0
2022-08,주택업체,공공임대,전국,2,398
2022-08,주택업체,공공임대,서울,16
2022-08,주택업체,공공임대,인천,0
2022-08,주택업체,공공임대,경기,1,697
2022-08,주택업체,공공임대,부산,638
2022-08,주택업체,공공임대,대구,0
2022-08,주택업체,공공임대,광주,47
2022-08,주택업체,공공임대,대전,0
2022-08,주택업체,공공임대,울산,0
2022-08,주택업체,공공임대,세종,0
2022-08,주택업체,공공임대,강원,0
2022-08,주택업체,공공임대,충북,0
2022-08,주택업체,공공임대,충남,0
2022-08,주택업체,공공임대,전북,0
2022-08,주택업체,공공임대,전남,0
2022-08,주택업체,공공임대,경북,0
2022-08,주택업체,공공임대,경남,0
2022-08,주택업체,공공임대,제주,0
2022-08,주택업체,공공분양,전국,0
2022-08,주택업체,공공분양,서울,0
2022-08,주택업체,공공분양,인천,0
2022-08,주택업체,공공분양,경기,0
2022-08,주택업체,공공분양,부산,0
2022-08,주택업체,공공분양,대구,0
2022-08,주택업체,공공분양,광주,0
2022-08,주택업체,공공분양,대전,0
2022-08,주택업체,공공분양,울산,0
2022-08,주택업체,공공분양,세종,0
2022-08,주택업체,공공분양,강원,0
2022-08,주택업체,공공분양,충북,0
2022-08,주택업체,공공분양,충남,0
2022-08,주택업체,공공분양,전북,0
2022-08,주택업체,공공분양,전남,0
2022-08,주택업체,공공분양,경북,0
2022-08,주택업체,공공분양,경남,0
2022-08,주택업체,공공분양,제주,0
2022-08,민간부문,소계,전국,30,830
2022-08,민간부문,소계,서울,7,643
2022-08,민간부문,소계,인천,6,226
2022-08,민간부문,소계,경기,6,323
2022-08,민간부문,소계,부산,1,213
2022-08,민간부문,소계,대구,1,633
2022-08,민간부문,소계,광주,708
2022-08,민간부문,소계,대전,878
2022-08,민간부문,소계,울산,236
2022-08,민간부문,소계,세종,21
2022-08,민간부문,소계,강원,390
2022-08,민간부문,소계,충북,832
2022-08,민간부문,소계,충남,1,958
2022-08,민간부문,소계,전북,197
2022-08,민간부문,소계,전남,1,415
2022-08,민간부문,소계,경북,421
2022-08,민간부문,소계,경남,401
2022-08,민간부문,소계,제주,335
2022-08,민간,민간임대,전국,6,198
2022-08,민간,민간임대,서울,3,348
2022-08,민간,민간임대,인천,1,856
2022-08,민간,민간임대,경기,0
2022-08,민간,민간임대,부산,0
2022-08,민간,민간임대,대구,0
2022-08,민간,민간임대,광주,193
2022-08,민간,민간임대,대전,0
2022-08,민간,민간임대,울산,0
2022-08,민간,민간임대,세종,0
2022-08,민간,민간임대,강원,0
2022-08,민간,민간임대,충북,0
2022-08,민간,민간임대,충남,681
2022-08,민간,민간임대,전북,0
2022-08,민간,민간임대,전남,0
2022-08,민간,민간임대,경북,0
2022-08,민간,민간임대,경남,120
2022-08,민간,민간임대,제주,0
2022-08,민간,민간분양,전국,24,632
2022-08,민간,민간분양,서울,4,295
2022-08,민간,민간분양,인천,4,370
2022-08,민간,민간분양,경기,6,323
2022-08,민간,민간분양,부산,1,213
2022-08,민간,민간분양,대구,1,633
2022-08,민간,민간분양,광주,515
2022-08,민간,민간분양,대전,878
2022-08,민간,민간분양,울산,236
2022-08,민간,민간분양,세종,21
2022-08,민간,민간분양,강원,390
2022-08,민간,민간분양,충북,832
2022-08,민간,민간분양,충남,1,277
2022-08,민간,민간분양,전북,197
2022-08,민간,민간분양,전남,1,415
2022-08,민간,민간분양,경북,421
2022-08,민간,민간분양,경남,281
2022-08,민간,민간분양,제주,335
2022-09,총계,총계,전국,39,287
2022-09,총계,총계,서울,2,110
2022-09,총계,총계,인천,2,311
2022-09,총계,총계,경기,15,076
2022-09,총계,총계,부산,6,787
2022-09,총계,총계,대구,2,509
2022-09,총계,총계,광주,572
2022-09,총계,총계,대전,326
2022-09,총계,총계,울산,59
2022-09,총계,총계,세종,220
2022-09,총계,총계,강원,305
2022-09,총계,총계,충북,302
2022-09,총계,총계,충남,3,636
2022-09,총계,총계,전북,1,513
2022-09,총계,총계,전남,1,560
2022-09,총계,총계,경북,320
2022-09,총계,총계,경남,1,380
2022-09,총계,총계,제주,301
2022-09,공공부문,소계,전국,8,223
2022-09,공공부문,소계,서울,0
2022-09,공공부문,소계,인천,499
2022-09,공공부문,소계,경기,3,787
2022-09,공공부문,소계,부산,283
2022-09,공공부문,소계,대구,0
2022-09,공공부문,소계,광주,0
2022-09,공공부문,소계,대전,80
2022-09,공공부문,소계,울산,0
2022-09,공공부문,소계,세종,0
2022-09,공공부문,소계,강원,0
2022-09,공공부문,소계,충북,30
2022-09,공공부문,소계,충남,2,504
2022-09,공공부문,소계,전북,830
2022-09,공공부문,소계,전남,0
2022-09,공공부문,소계,경북,0
2022-09,공공부문,소계,경남,130
2022-09,공공부문,소계,제주,80
2022-09,합,국민임대,전국,1,437
2022-09,합,국민임대,서울,0
2022-09,합,국민임대,인천,0
2022-09,합,국민임대,경기,140
2022-09,합,국민임대,부산,115
2022-09,합,국민임대,대구,0
2022-09,합,국민임대,광주,0
2022-09,합,국민임대,대전,0
2022-09,합,국민임대,울산,0
2022-09,합,국민임대,세종,0
2022-09,합,국민임대,강원,0
2022-09,합,국민임대,충북,0
2022-09,합,국민임대,충남,1,082
2022-09,합,국민임대,전북,0
2022-09,합,국민임대,전남,0
2022-09,합,국민임대,경북,0
2022-09,합,국민임대,경남,100
2022-09,합,국민임대,제주,0
2022-09,합,공공임대,전국,2,413
2022-09,합,공공임대,서울,0
2022-09,합,공공임대,인천,0
2022-09,합,공공임대,경기,561
2022-09,합,공공임대,부산,168
2022-09,합,공공임대,대구,0
2022-09,합,공공임대,광주,0
2022-09,합,공공임대,대전,80
2022-09,합,공공임대,울산,0
2022-09,합,공공임대,세종,0
2022-09,합,공공임대,강원,0
2022-09,합,공공임대,충북,30
2022-09,합,공공임대,충남,714
2022-09,합,공공임대,전북,830
2022-09,합,공공임대,전남,0
2022-09,합,공공임대,경북,0
2022-09,합,공공임대,경남,30
2022-09,합,공공임대,제주,0
2022-09,합,공공분양,전국,4,373
2022-09,합,공공분양,서울,0
2022-09,합,공공분양,인천,499
2022-09,합,공공분양,경기,3,086
2022-09,합,공공분양,부산,0
2022-09,합,공공분양,대구,0
2022-09,합,공공분양,광주,0
2022-09,합,공공분양,대전,0
2022-09,합,공공분양,울산,0
2022-09,합,공공분양,세종,0
2022-09,합,공공분양,강원,0
2022-09,합,공공분양,충북,0
2022-09,합,공공분양,충남,708
2022-09,합,공공분양,전북,0
2022-09,합,공공분양,전남,0
2022-09,합,공공분양,경북,0
2022-09,합,공공분양,경남,0
2022-09,합,공공분양,제주,80
2022-09,지자체,소계,전국,499
2022-09,지자체,소계,서울,0
2022-09,지자체,소계,인천,499
2022-09,지자체,소계,경기,0
2022-09,지자체,소계,부산,0
2022-09,지자체,소계,대구,0
2022-09,지자체,소계,광주,0
2022-09,지자체,소계,대전,0
2022-09,지자체,소계,울산,0
2022-09,지자체,소계,세종,0
2022-09,지자체,소계,강원,0
2022-09,지자체,소계,충북,0
2022-09,지자체,소계,충남,0
2022-09,지자체,소계,전북,0
2022-09,지자체,소계,전남,0
2022-09,지자체,소계,경북,0
2022-09,지자체,소계,경남,0
2022-09,지자체,소계,제주,0
2022-09,지자체,국민임대,전국,0
2022-09,지자체,국민임대,서울,0
2022-09,지자체,국민임대,인천,0
2022-09,지자체,국민임대,경기,0
2022-09,지자체,국민임대,부산,0
2022-09,지자체,국민임대,대구,0
2022-09,지자체,국민임대,광주,0
2022-09,지자체,국민임대,대전,0
2022-09,지자체,국민임대,울산,0
2022-09,지자체,국민임대,세종,0
2022-09,지자체,국민임대,강원,0
2022-09,지자체,국민임대,충북,0
2022-09,지자체,국민임대,충남,0
2022-09,지자체,국민임대,전북,0
2022-09,지자체,국민임대,전남,0
2022-09,지자체,국민임대,경북,0
2022-09,지자체,국민임대,경남,0
2022-09,지자체,국민임대,제주,0
2022-09,지자체,공공임대,전국,0
2022-09,지자체,공공임대,서울,0
2022-09,지자체,공공임대,인천,0
2022-09,지자체,공공임대,경기,0
2022-09,지자체,공공임대,부산,0
2022-09,지자체,공공임대,대구,0
2022-09,지자체,공공임대,광주,0
2022-09,지자체,공공임대,대전,0
2022-09,지자체,공공임대,울산,0
2022-09,지자체,공공임대,세종,0
2022-09,지자체,공공임대,강원,0
2022-09,지자체,공공임대,충북,0
2022-09,지자체,공공임대,충남,0
2022-09,지자체,공공임대,전북,0
2022-09,지자체,공공임대,전남,0
2022-09,지자체,공공임대,경북,0
2022-09,지자체,공공임대,경남,0
2022-09,지자체,공공임대,제주,0
2022-09,지자체,공공분양,전국,499
2022-09,지자체,공공분양,서울,0
2022-09,지자체,공공분양,인천,499
2022-09,지자체,공공분양,경기,0
2022-09,지자체,공공분양,부산,0
2022-09,지자체,공공분양,대구,0
2022-09,지자체,공공분양,광주,0
2022-09,지자체,공공분양,대전,0
2022-09,지자체,공공분양,울산,0
2022-09,지자체,공공분양,세종,0
2022-09,지자체,공공분양,강원,0
2022-09,지자체,공공분양,충북,0
2022-09,지자체,공공분양,충남,0
2022-09,지자체,공공분양,전북,0
2022-09,지자체,공공분양,전남,0
2022-09,지자체,공공분양,경북,0
2022-09,지자체,공공분양,경남,0
2022-09,지자체,공공분양,제주,0
2022-09,LH,소계,전국,6,531
2022-09,LH,소계,서울,0
2022-09,LH,소계,인천,0
2022-09,LH,소계,경기,3,787
2022-09,LH,소계,부산,0
2022-09,LH,소계,대구,0
2022-09,LH,소계,광주,0
2022-09,LH,소계,대전,80
2022-09,LH,소계,울산,0
2022-09,LH,소계,세종,0
2022-09,LH,소계,강원,0
2022-09,LH,소계,충북,30
2022-09,LH,소계,충남,2,504
2022-09,LH,소계,전북,0
2022-09,LH,소계,전남,0
2022-09,LH,소계,경북,0
2022-09,LH,소계,경남,130
2022-09,LH,소계,제주,0
2022-09,LH,국민임대,전국,1,322
2022-09,LH,국민임대,서울,0
2022-09,LH,국민임대,인천,0
2022-09,LH,국민임대,경기,140
2022-09,LH,국민임대,부산,0
2022-09,LH,국민임대,대구,0
2022-09,LH,국민임대,광주,0
2022-09,LH,국민임대,대전,0
2022-09,LH,국민임대,울산,0
2022-09,LH,국민임대,세종,0
2022-09,LH,국민임대,강원,0
2022-09,LH,국민임대,충북,0
2022-09,LH,국민임대,충남,1,082
2022-09,LH,국민임대,전북,0
2022-09,LH,국민임대,전남,0
2022-09,LH,국민임대,경북,0
2022-09,LH,국민임대,경남,100
2022-09,LH,국민임대,제주,0
2022-09,LH,공공임대,전국,1,415
2022-09,LH,공공임대,서울,0
2022-09,LH,공공임대,인천,0
2022-09,LH,공공임대,경기,561
2022-09,LH,공공임대,부산,0
2022-09,LH,공공임대,대구,0
2022-09,LH,공공임대,광주,0
2022-09,LH,공공임대,대전,80
2022-09,LH,공공임대,울산,0
2022-09,LH,공공임대,세종,0
2022-09,LH,공공임대,강원,0
2022-09,LH,공공임대,충북,30
2022-09,LH,공공임대,충남,714
2022-09,LH,공공임대,전북,0
2022-09,LH,공공임대,전남,0
2022-09,LH,공공임대,경북,0
2022-09,LH,공공임대,경남,30
2022-09,LH,공공임대,제주,0
2022-09,LH,공공분양,전국,3,794
2022-09,LH,공공분양,서울,0
2022-09,LH,공공분양,인천,0
2022-09,LH,공공분양,경기,3,086
2022-09,LH,공공분양,부산,0
2022-09,LH,공공분양,대구,0
2022-09,LH,공공분양,광주,0
2022-09,LH,공공분양,대전,0
2022-09,LH,공공분양,울산,0
2022-09,LH,공공분양,세종,0
2022-09,LH,공공분양,강원,0
2022-09,LH,공공분양,충북,0
2022-09,LH,공공분양,충남,708
2022-09,LH,공공분양,전북,0
2022-09,LH,공공분양,전남,0
2022-09,LH,공공분양,경북,0
2022-09,LH,공공분양,경남,0
2022-09,LH,공공분양,제주,0
2022-09,주택업체,소계,전국,1,193
2022-09,주택업체,소계,서울,0
2022-09,주택업체,소계,인천,0
2022-09,주택업체,소계,경기,0
2022-09,주택업체,소계,부산,283
2022-09,주택업체,소계,대구,0
2022-09,주택업체,소계,광주,0
2022-09,주택업체,소계,대전,0
2022-09,주택업체,소계,울산,0
2022-09,주택업체,소계,세종,0
2022-09,주택업체,소계,강원,0
2022-09,주택업체,소계,충북,0
2022-09,주택업체,소계,충남,0
2022-09,주택업체,소계,전북,830
2022-09,주택업체,소계,전남,0
2022-09,주택업체,소계,경북,0
2022-09,주택업체,소계,경남,0
2022-09,주택업체,소계,제주,80
2022-09,주택업체,국민임대,전국,115
2022-09,주택업체,국민임대,서울,0
2022-09,주택업체,국민임대,인천,0
2022-09,주택업체,국민임대,경기,0
2022-09,주택업체,국민임대,부산,115
2022-09,주택업체,국민임대,대구,0
2022-09,주택업체,국민임대,광주,0
2022-09,주택업체,국민임대,대전,0
2022-09,주택업체,국민임대,울산,0
2022-09,주택업체,국민임대,세종,0
2022-09,주택업체,국민임대,강원,0
2022-09,주택업체,국민임대,충북,0
2022-09,주택업체,국민임대,충남,0
2022-09,주택업체,국민임대,전북,0
2022-09,주택업체,국민임대,전남,0
2022-09,주택업체,국민임대,경북,0
2022-09,주택업체,국민임대,경남,0
2022-09,주택업체,국민임대,제주,0
2022-09,주택업체,공공임대,전국,998
2022-09,주택업체,공공임대,서울,0
2022-09,주택업체,공공임대,인천,0
2022-09,주택업체,공공임대,경기,0
2022-09,주택업체,공공임대,부산,168
2022-09,주택업체,공공임대,대구,0
2022-09,주택업체,공공임대,광주,0
2022-09,주택업체,공공임대,대전,0
2022-09,주택업체,공공임대,울산,0
2022-09,주택업체,공공임대,세종,0
2022-09,주택업체,공공임대,강원,0
2022-09,주택업체,공공임대,충북,0
2022-09,주택업체,공공임대,충남,0
2022-09,주택업체,공공임대,전북,830
2022-09,주택업체,공공임대,전남,0
2022-09,주택업체,공공임대,경북,0
2022-09,주택업체,공공임대,경남,0
2022-09,주택업체,공공임대,제주,0
2022-09,주택업체,공공분양,전국,80
2022-09,주택업체,공공분양,서울,0
2022-09,주택업체,공공분양,인천,0
2022-09,주택업체,공공분양,경기,0
2022-09,주택업체,공공분양,부산,0
2022-09,주택업체,공공분양,대구,0
2022-09,주택업체,공공분양,광주,0
2022-09,주택업체,공공분양,대전,0
2022-09,주택업체,공공분양,울산,0
2022-09,주택업체,공공분양,세종,0
2022-09,주택업체,공공분양,강원,0
2022-09,주택업체,공공분양,충북,0
2022-09,주택업체,공공분양,충남,0
2022-09,주택업체,공공분양,전북,0
2022-09,주택업체,공공분양,전남,0
2022-09,주택업체,공공분양,경북,0
2022-09,주택업체,공공분양,경남,0
2022-09,주택업체,공공분양,제주,80
2022-09,민간부문,소계,전국,31,064
2022-09,민간부문,소계,서울,2,110
2022-09,민간부문,소계,인천,1,812
2022-09,민간부문,소계,경기,11,289
2022-09,민간부문,소계,부산,6,504
2022-09,민간부문,소계,대구,2,509
2022-09,민간부문,소계,광주,572
2022-09,민간부문,소계,대전,246
2022-09,민간부문,소계,울산,59
2022-09,민간부문,소계,세종,220
2022-09,민간부문,소계,강원,305
2022-09,민간부문,소계,충북,272
2022-09,민간부문,소계,충남,1,132
2022-09,민간부문,소계,전북,683
2022-09,민간부문,소계,전남,1,560
2022-09,민간부문,소계,경북,320
2022-09,민간부문,소계,경남,1,250
2022-09,민간부문,소계,제주,221
2022-09,민간,민간임대,전국,1,222
2022-09,민간,민간임대,서울,82
2022-09,민간,민간임대,인천,0
2022-09,민간,민간임대,경기,150
2022-09,민간,민간임대,부산,420
2022-09,민간,민간임대,대구,0
2022-09,민간,민간임대,광주,0
2022-09,민간,민간임대,대전,0
2022-09,민간,민간임대,울산,0
2022-09,민간,민간임대,세종,78
2022-09,민간,민간임대,강원,0
2022-09,민간,민간임대,충북,0
2022-09,민간,민간임대,충남,0
2022-09,민간,민간임대,전북,294
2022-09,민간,민간임대,전남,198
2022-09,민간,민간임대,경북,0
2022-09,민간,민간임대,경남,0
2022-09,민간,민간임대,제주,0
2022-09,민간,민간분양,전국,29,842
2022-09,민간,민간분양,서울,2,028
2022-09,민간,민간분양,인천,1,812
2022-09,민간,민간분양,경기,11,139
2022-09,민간,민간분양,부산,6,084
2022-09,민간,민간분양,대구,2,509
2022-09,민간,민간분양,광주,572
2022-09,민간,민간분양,대전,246
2022-09,민간,민간분양,울산,59
2022-09,민간,민간분양,세종,142
2022-09,민간,민간분양,강원,305
2022-09,민간,민간분양,충북,272
2022-09,민간,민간분양,충남,1,132
2022-09,민간,민간분양,전북,389
2022-09,민간,민간분양,전남,1,362
2022-09,민간,민간분양,경북,320
2022-09,민간,민간분양,경남,1,250
2022-09,민간,민간분양,제주,221
2022-10,총계,총계,전국,34,980
2022-10,총계,총계,서울,4,563
2022-10,총계,총계,인천,1,947
2022-10,총계,총계,경기,12,026
2022-10,총계,총계,부산,1,818
2022-10,총계,총계,대구,543
2022-10,총계,총계,광주,4,124
2022-10,총계,총계,대전,868
2022-10,총계,총계,울산,713
2022-10,총계,총계,세종,21
2022-10,총계,총계,강원,426
2022-10,총계,총계,충북,1,006
2022-10,총계,총계,충남,1,742
2022-10,총계,총계,전북,180
2022-10,총계,총계,전남,2,787
2022-10,총계,총계,경북,816
2022-10,총계,총계,경남,1,247
2022-10,총계,총계,제주,153
2022-10,공공부문,소계,전국,11,293
2022-10,공공부문,소계,서울,1,853
2022-10,공공부문,소계,인천,50
2022-10,공공부문,소계,경기,5,474
2022-10,공공부문,소계,부산,150
2022-10,공공부문,소계,대구,0
2022-10,공공부문,소계,광주,0
2022-10,공공부문,소계,대전,0
2022-10,공공부문,소계,울산,437
2022-10,공공부문,소계,세종,0
2022-10,공공부문,소계,강원,80
2022-10,공공부문,소계,충북,709
2022-10,공공부문,소계,충남,805
2022-10,공공부문,소계,전북,0
2022-10,공공부문,소계,전남,290
2022-10,공공부문,소계,경북,460
2022-10,공공부문,소계,경남,985
2022-10,공공부문,소계,제주,0
2022-10,합,국민임대,전국,1,778
2022-10,합,국민임대,서울,0
2022-10,합,국민임대,인천,40
2022-10,합,국민임대,경기,70
2022-10,합,국민임대,부산,0
2022-10,합,국민임대,대구,0
2022-10,합,국민임대,광주,0
2022-10,합,국민임대,대전,0
2022-10,합,국민임대,울산,437
2022-10,합,국민임대,세종,0
2022-10,합,국민임대,강원,60
2022-10,합,국민임대,충북,540
2022-10,합,국민임대,충남,0
2022-10,합,국민임대,전북,0
2022-10,합,국민임대,전남,110
2022-10,합,국민임대,경북,0
2022-10,합,국민임대,경남,521
2022-10,합,국민임대,제주,0
2022-10,합,공공임대,전국,4,963
2022-10,합,공공임대,서울,1,853
2022-10,합,공공임대,인천,10
2022-10,합,공공임대,경기,992
2022-10,합,공공임대,부산,150
2022-10,합,공공임대,대구,0
2022-10,합,공공임대,광주,0
2022-10,합,공공임대,대전,0
2022-10,합,공공임대,울산,0
2022-10,합,공공임대,세종,0
2022-10,합,공공임대,강원,20
2022-10,합,공공임대,충북,169
2022-10,합,공공임대,충남,805
2022-10,합,공공임대,전북,0
2022-10,합,공공임대,전남,40
2022-10,합,공공임대,경북,460
2022-10,합,공공임대,경남,464
2022-10,합,공공임대,제주,0
2022-10,합,공공분양,전국,4,552
2022-10,합,공공분양,서울,0
2022-10,합,공공분양,인천,0
2022-10,합,공공분양,경기,4,412
2022-10,합,공공분양,부산,0
2022-10,합,공공분양,대구,0
2022-10,합,공공분양,광주,0
2022-10,합,공공분양,대전,0
2022-10,합,공공분양,울산,0
2022-10,합,공공분양,세종,0
2022-10,합,공공분양,강원,0
2022-10,합,공공분양,충북,0
2022-10,합,공공분양,충남,0
2022-10,합,공공분양,전북,0
2022-10,합,공공분양,전남,140
2022-10,합,공공분양,경북,0
2022-10,합,공공분양,경남,0
2022-10,합,공공분양,제주,0
2022-10,지자체,소계,전국,437
2022-10,지자체,소계,서울,0
2022-10,지자체,소계,인천,0
2022-10,지자체,소계,경기,0
2022-10,지자체,소계,부산,0
2022-10,지자체,소계,대구,0
2022-10,지자체,소계,광주,0
2022-10,지자체,소계,대전,0
2022-10,지자체,소계,울산,437
2022-10,지자체,소계,세종,0
2022-10,지자체,소계,강원,0
2022-10,지자체,소계,충북,0
2022-10,지자체,소계,충남,0
2022-10,지자체,소계,전북,0
2022-10,지자체,소계,전남,0
2022-10,지자체,소계,경북,0
2022-10,지자체,소계,경남,0
2022-10,지자체,소계,제주,0
2022-10,지자체,국민임대,전국,437
2022-10,지자체,국민임대,서울,0
2022-10,지자체,국민임대,인천,0
2022-10,지자체,국민임대,경기,0
2022-10,지자체,국민임대,부산,0
2022-10,지자체,국민임대,대구,0
2022-10,지자체,국민임대,광주,0
2022-10,지자체,국민임대,대전,0
2022-10,지자체,국민임대,울산,437
2022-10,지자체,국민임대,세종,0
2022-10,지자체,국민임대,강원,0
2022-10,지자체,국민임대,충북,0
2022-10,지자체,국민임대,충남,0
2022-10,지자체,국민임대,전북,0
2022-10,지자체,국민임대,전남,0
2022-10,지자체,국민임대,경북,0
2022-10,지자체,국민임대,경남,0
2022-10,지자체,국민임대,제주,0
2022-10,지자체,공공임대,전국,0
2022-10,지자체,공공임대,서울,0
2022-10,지자체,공공임대,인천,0
2022-10,지자체,공공임대,경기,0
2022-10,지자체,공공임대,부산,0
2022-10,지자체,공공임대,대구,0
2022-10,지자체,공공임대,광주,0
2022-10,지자체,공공임대,대전,0
2022-10,지자체,공공임대,울산,0
2022-10,지자체,공공임대,세종,0
2022-10,지자체,공공임대,강원,0
2022-10,지자체,공공임대,충북,0
2022-10,지자체,공공임대,충남,0
2022-10,지자체,공공임대,전북,0
2022-10,지자체,공공임대,전남,0
2022-10,지자체,공공임대,경북,0
2022-10,지자체,공공임대,경남,0
2022-10,지자체,공공임대,제주,0
2022-10,지자체,공공분양,전국,0
2022-10,지자체,공공분양,서울,0
2022-10,지자체,공공분양,인천,0
2022-10,지자체,공공분양,경기,0
2022-10,지자체,공공분양,부산,0
2022-10,지자체,공공분양,대구,0
2022-10,지자체,공공분양,광주,0
2022-10,지자체,공공분양,대전,0
2022-10,지자체,공공분양,울산,0
2022-10,지자체,공공분양,세종,0
2022-10,지자체,공공분양,강원,0
2022-10,지자체,공공분양,충북,0
2022-10,지자체,공공분양,충남,0
2022-10,지자체,공공분양,전북,0
2022-10,지자체,공공분양,전남,0
2022-10,지자체,공공분양,경북,0
2022-10,지자체,공공분양,경남,0
2022-10,지자체,공공분양,제주,0
2022-10,LH,소계,전국,8,788
2022-10,LH,소계,서울,0
2022-10,LH,소계,인천,50
2022-10,LH,소계,경기,5,474
2022-10,LH,소계,부산,150
2022-10,LH,소계,대구,0
2022-10,LH,소계,광주,0
2022-10,LH,소계,대전,0
2022-10,LH,소계,울산,0
2022-10,LH,소계,세종,0
2022-10,LH,소계,강원,80
2022-10,LH,소계,충북,709
2022-10,LH,소계,충남,730
2022-10,LH,소계,전북,0
2022-10,LH,소계,전남,150
2022-10,LH,소계,경북,460
2022-10,LH,소계,경남,985
2022-10,LH,소계,제주,0
2022-10,LH,국민임대,전국,1,341
2022-10,LH,국민임대,서울,0
2022-10,LH,국민임대,인천,40
2022-10,LH,국민임대,경기,70
2022-10,LH,국민임대,부산,0
2022-10,LH,국민임대,대구,0
2022-10,LH,국민임대,광주,0
2022-10,LH,국민임대,대전,0
2022-10,LH,국민임대,울산,0
2022-10,LH,국민임대,세종,0
2022-10,LH,국민임대,강원,60
2022-10,LH,국민임대,충북,540
2022-10,LH,국민임대,충남,0
2022-10,LH,국민임대,전북,0
2022-10,LH,국민임대,전남,110
2022-10,LH,국민임대,경북,0
2022-10,LH,국민임대,경남,521
2022-10,LH,국민임대,제주,0
2022-10,LH,공공임대,전국,3,035
2022-10,LH,공공임대,서울,0
2022-10,LH,공공임대,인천,10
2022-10,LH,공공임대,경기,992
2022-10,LH,공공임대,부산,150
2022-10,LH,공공임대,대구,0
2022-10,LH,공공임대,광주,0
2022-10,LH,공공임대,대전,0
2022-10,LH,공공임대,울산,0
2022-10,LH,공공임대,세종,0
2022-10,LH,공공임대,강원,20
2022-10,LH,공공임대,충북,169
2022-10,LH,공공임대,충남,730
2022-10,LH,공공임대,전북,0
2022-10,LH,공공임대,전남,40
2022-10,LH,공공임대,경북,460
2022-10,LH,공공임대,경남,464
2022-10,LH,공공임대,제주,0
2022-10,LH,공공분양,전국,4,412
2022-10,LH,공공분양,서울,0
2022-10,LH,공공분양,인천,0
2022-10,LH,공공분양,경기,4,412
2022-10,LH,공공분양,부산,0
2022-10,LH,공공분양,대구,0
2022-10,LH,공공분양,광주,0
2022-10,LH,공공분양,대전,0
2022-10,LH,공공분양,울산,0
2022-10,LH,공공분양,세종,0
2022-10,LH,공공분양,강원,0
2022-10,LH,공공분양,충북,0
2022-10,LH,공공분양,충남,0
2022-10,LH,공공분양,전북,0
2022-10,LH,공공분양,전남,0
2022-10,LH,공공분양,경북,0
2022-10,LH,공공분양,경남,0
2022-10,LH,공공분양,제주,0
2022-10,주택업체,소계,전국,2,068
2022-10,주택업체,소계,서울,1,853
2022-10,주택업체,소계,인천,0
2022-10,주택업체,소계,경기,0
2022-10,주택업체,소계,부산,0
2022-10,주택업체,소계,대구,0
2022-10,주택업체,소계,광주,0
2022-10,주택업체,소계,대전,0
2022-10,주택업체,소계,울산,0
2022-10,주택업체,소계,세종,0
2022-10,주택업체,소계,강원,0
2022-10,주택업체,소계,충북,0
2022-10,주택업체,소계,충남,75
2022-10,주택업체,소계,전북,0
2022-10,주택업체,소계,전남,140
2022-10,주택업체,소계,경북,0
2022-10,주택업체,소계,경남,0
2022-10,주택업체,소계,제주,0
2022-10,주택업체,국민임대,전국,0
2022-10,주택업체,국민임대,서울,0
2022-10,주택업체,국민임대,인천,0
2022-10,주택업체,국민임대,경기,0
2022-10,주택업체,국민임대,부산,0
2022-10,주택업체,국민임대,대구,0
2022-10,주택업체,국민임대,광주,0
2022-10,주택업체,국민임대,대전,0
2022-10,주택업체,국민임대,울산,0
2022-10,주택업체,국민임대,세종,0
2022-10,주택업체,국민임대,강원,0
2022-10,주택업체,국민임대,충북,0
2022-10,주택업체,국민임대,충남,0
2022-10,주택업체,국민임대,전북,0
2022-10,주택업체,국민임대,전남,0
2022-10,주택업체,국민임대,경북,0
2022-10,주택업체,국민임대,경남,0
2022-10,주택업체,국민임대,제주,0
2022-10,주택업체,공공임대,전국,1,928
2022-10,주택업체,공공임대,서울,1,853
2022-10,주택업체,공공임대,인천,0
2022-10,주택업체,공공임대,경기,0
2022-10,주택업체,공공임대,부산,0
2022-10,주택업체,공공임대,대구,0
2022-10,주택업체,공공임대,광주,0
2022-10,주택업체,공공임대,대전,0
2022-10,주택업체,공공임대,울산,0
2022-10,주택업체,공공임대,세종,0
2022-10,주택업체,공공임대,강원,0
2022-10,주택업체,공공임대,충북,0
2022-10,주택업체,공공임대,충남,75
2022-10,주택업체,공공임대,전북,0
2022-10,주택업체,공공임대,전남,0
2022-10,주택업체,공공임대,경북,0
2022-10,주택업체,공공임대,경남,0
2022-10,주택업체,공공임대,제주,0
2022-10,주택업체,공공분양,전국,140
2022-10,주택업체,공공분양,서울,0
2022-10,주택업체,공공분양,인천,0
2022-10,주택업체,공공분양,경기,0
2022-10,주택업체,공공분양,부산,0
2022-10,주택업체,공공분양,대구,0
2022-10,주택업체,공공분양,광주,0
2022-10,주택업체,공공분양,대전,0
2022-10,주택업체,공공분양,울산,0
2022-10,주택업체,공공분양,세종,0
2022-10,주택업체,공공분양,강원,0
2022-10,주택업체,공공분양,충북,0
2022-10,주택업체,공공분양,충남,0
2022-10,주택업체,공공분양,전북,0
2022-10,주택업체,공공분양,전남,140
2022-10,주택업체,공공분양,경북,0
2022-10,주택업체,공공분양,경남,0
2022-10,주택업체,공공분양,제주,0
2022-10,민간부문,소계,전국,23,687
2022-10,민간부문,소계,서울,2,710
2022-10,민간부문,소계,인천,1,897
2022-10,민간부문,소계,경기,6,552
2022-10,민간부문,소계,부산,1,668
2022-10,민간부문,소계,대구,543
2022-10,민간부문,소계,광주,4,124
2022-10,민간부문,소계,대전,868
2022-10,민간부문,소계,울산,276
2022-10,민간부문,소계,세종,21
2022-10,민간부문,소계,강원,346
2022-10,민간부문,소계,충북,297
2022-10,민간부문,소계,충남,937
2022-10,민간부문,소계,전북,180
2022-10,민간부문,소계,전남,2,497
2022-10,민간부문,소계,경북,356
2022-10,민간부문,소계,경남,262
2022-10,민간부문,소계,제주,153
2022-10,민간,민간임대,전국,551
2022-10,민간,민간임대,서울,0
2022-10,민간,민간임대,인천,0
2022-10,민간,민간임대,경기,0
2022-10,민간,민간임대,부산,0
2022-10,민간,민간임대,대구,0
2022-10,민간,민간임대,광주,0
2022-10,민간,민간임대,대전,0
2022-10,민간,민간임대,울산,0
2022-10,민간,민간임대,세종,0
2022-10,민간,민간임대,강원,0
2022-10,민간,민간임대,충북,0
2022-10,민간,민간임대,충남,551
2022-10,민간,민간임대,전북,0
2022-10,민간,민간임대,전남,0
2022-10,민간,민간임대,경북,0
2022-10,민간,민간임대,경남,0
2022-10,민간,민간임대,제주,0
2022-10,민간,민간분양,전국,23,136
2022-10,민간,민간분양,서울,2,710
2022-10,민간,민간분양,인천,1,897
2022-10,민간,민간분양,경기,6,552
2022-10,민간,민간분양,부산,1,668
2022-10,민간,민간분양,대구,543
2022-10,민간,민간분양,광주,4,124
2022-10,민간,민간분양,대전,868
2022-10,민간,민간분양,울산,276
2022-10,민간,민간분양,세종,21
2022-10,민간,민간분양,강원,346
2022-10,민간,민간분양,충북,297
2022-10,민간,민간분양,충남,386
2022-10,민간,민간분양,전북,180
2022-10,민간,민간분양,전남,2,497
2022-10,민간,민간분양,경북,356
2022-10,민간,민간분양,경남,262
2022-10,민간,민간분양,제주,153
2022-11,총계,총계,전국,28,305
2022-11,총계,총계,서울,3,985
2022-11,총계,총계,인천,2,977
2022-11,총계,총계,경기,9,065
2022-11,총계,총계,부산,1,898
2022-11,총계,총계,대구,1,233
2022-11,총계,총계,광주,113
2022-11,총계,총계,대전,1,850
2022-11,총계,총계,울산,46
2022-11,총계,총계,세종,513
2022-11,총계,총계,강원,504
2022-11,총계,총계,충북,471
2022-11,총계,총계,충남,1,457
2022-11,총계,총계,전북,916
2022-11,총계,총계,전남,626
2022-11,총계,총계,경북,1,183
2022-11,총계,총계,경남,1,107
2022-11,총계,총계,제주,361
2022-11,공공부문,소계,전국,2,815
2022-11,공공부문,소계,서울,316
2022-11,공공부문,소계,인천,0
2022-11,공공부문,소계,경기,1,588
2022-11,공공부문,소계,부산,0
2022-11,공공부문,소계,대구,0
2022-11,공공부문,소계,광주,0
2022-11,공공부문,소계,대전,0
2022-11,공공부문,소계,울산,0
2022-11,공공부문,소계,세종,465
2022-11,공공부문,소계,강원,128
2022-11,공공부문,소계,충북,0
2022-11,공공부문,소계,충남,228
2022-11,공공부문,소계,전북,0
2022-11,공공부문,소계,전남,0
2022-11,공공부문,소계,경북,0
2022-11,공공부문,소계,경남,90
2022-11,공공부문,소계,제주,0
2022-11,합,국민임대,전국,70
2022-11,합,국민임대,서울,0
2022-11,합,국민임대,인천,0
2022-11,합,국민임대,경기,0
2022-11,합,국민임대,부산,0
2022-11,합,국민임대,대구,0
2022-11,합,국민임대,광주,0
2022-11,합,국민임대,대전,0
2022-11,합,국민임대,울산,0
2022-11,합,국민임대,세종,0
2022-11,합,국민임대,강원,0
2022-11,합,국민임대,충북,0
2022-11,합,국민임대,충남,0
2022-11,합,국민임대,전북,0
2022-11,합,국민임대,전남,0
2022-11,합,국민임대,경북,0
2022-11,합,국민임대,경남,70
2022-11,합,국민임대,제주,0
2022-11,합,공공임대,전국,2,139
2022-11,합,공공임대,서울,316
2022-11,합,공공임대,인천,0
2022-11,합,공공임대,경기,982
2022-11,합,공공임대,부산,0
2022-11,합,공공임대,대구,0
2022-11,합,공공임대,광주,0
2022-11,합,공공임대,대전,0
2022-11,합,공공임대,울산,0
2022-11,합,공공임대,세종,465
2022-11,합,공공임대,강원,128
2022-11,합,공공임대,충북,0
2022-11,합,공공임대,충남,228
2022-11,합,공공임대,전북,0
2022-11,합,공공임대,전남,0
2022-11,합,공공임대,경북,0
2022-11,합,공공임대,경남,20
2022-11,합,공공임대,제주,0
2022-11,합,공공분양,전국,606
2022-11,합,공공분양,서울,0
2022-11,합,공공분양,인천,0
2022-11,합,공공분양,경기,606
2022-11,합,공공분양,부산,0
2022-11,합,공공분양,대구,0
2022-11,합,공공분양,광주,0
2022-11,합,공공분양,대전,0
2022-11,합,공공분양,울산,0
2022-11,합,공공분양,세종,0
2022-11,합,공공분양,강원,0
2022-11,합,공공분양,충북,0
2022-11,합,공공분양,충남,0
2022-11,합,공공분양,전북,0
2022-11,합,공공분양,전남,0
2022-11,합,공공분양,경북,0
2022-11,합,공공분양,경남,0
2022-11,합,공공분양,제주,0
2022-11,지자체,소계,전국,0
2022-11,지자체,소계,서울,0
2022-11,지자체,소계,인천,0
2022-11,지자체,소계,경기,0
2022-11,지자체,소계,부산,0
2022-11,지자체,소계,대구,0
2022-11,지자체,소계,광주,0
2022-11,지자체,소계,대전,0
2022-11,지자체,소계,울산,0
2022-11,지자체,소계,세종,0
2022-11,지자체,소계,강원,0
2022-11,지자체,소계,충북,0
2022-11,지자체,소계,충남,0
2022-11,지자체,소계,전북,0
2022-11,지자체,소계,전남,0
2022-11,지자체,소계,경북,0
2022-11,지자체,소계,경남,0
2022-11,지자체,소계,제주,0
2022-11,지자체,국민임대,전국,0
2022-11,지자체,국민임대,서울,0
2022-11,지자체,국민임대,인천,0
2022-11,지자체,국민임대,경기,0
2022-11,지자체,국민임대,부산,0
2022-11,지자체,국민임대,대구,0
2022-11,지자체,국민임대,광주,0
2022-11,지자체,국민임대,대전,0
2022-11,지자체,국민임대,울산,0
2022-11,지자체,국민임대,세종,0
2022-11,지자체,국민임대,강원,0
2022-11,지자체,국민임대,충북,0
2022-11,지자체,국민임대,충남,0
2022-11,지자체,국민임대,전북,0
2022-11,지자체,국민임대,전남,0
2022-11,지자체,국민임대,경북,0
2022-11,지자체,국민임대,경남,0
2022-11,지자체,국민임대,제주,0
2022-11,지자체,공공임대,전국,0
2022-11,지자체,공공임대,서울,0
2022-11,지자체,공공임대,인천,0
2022-11,지자체,공공임대,경기,0
2022-11,지자체,공공임대,부산,0
2022-11,지자체,공공임대,대구,0
2022-11,지자체,공공임대,광주,0
2022-11,지자체,공공임대,대전,0
2022-11,지자체,공공임대,울산,0
2022-11,지자체,공공임대,세종,0
2022-11,지자체,공공임대,강원,0
2022-11,지자체,공공임대,충북,0
2022-11,지자체,공공임대,충남,0
2022-11,지자체,공공임대,전북,0
2022-11,지자체,공공임대,전남,0
2022-11,지자체,공공임대,경북,0
2022-11,지자체,공공임대,경남,0
2022-11,지자체,공공임대,제주,0
2022-11,지자체,공공분양,전국,0
2022-11,지자체,공공분양,서울,0
2022-11,지자체,공공분양,인천,0
2022-11,지자체,공공분양,경기,0
2022-11,지자체,공공분양,부산,0
2022-11,지자체,공공분양,대구,0
2022-11,지자체,공공분양,광주,0
2022-11,지자체,공공분양,대전,0
2022-11,지자체,공공분양,울산,0
2022-11,지자체,공공분양,세종,0
2022-11,지자체,공공분양,강원,0
2022-11,지자체,공공분양,충북,0
2022-11,지자체,공공분양,충남,0
2022-11,지자체,공공분양,전북,0
2022-11,지자체,공공분양,전남,0
2022-11,지자체,공공분양,경북,0
2022-11,지자체,공공분양,경남,0
2022-11,지자체,공공분양,제주,0
2022-11,LH,소계,전국,2,006
2022-11,LH,소계,서울,0
2022-11,LH,소계,인천,0
2022-11,LH,소계,경기,1,588
2022-11,LH,소계,부산,0
2022-11,LH,소계,대구,0
2022-11,LH,소계,광주,0
2022-11,LH,소계,대전,0
2022-11,LH,소계,울산,0
2022-11,LH,소계,세종,0
2022-11,LH,소계,강원,128
2022-11,LH,소계,충북,0
2022-11,LH,소계,충남,200
2022-11,LH,소계,전북,0
2022-11,LH,소계,전남,0
2022-11,LH,소계,경북,0
2022-11,LH,소계,경남,90
2022-11,LH,소계,제주,0
2022-11,LH,국민임대,전국,70
2022-11,LH,국민임대,서울,0
2022-11,LH,국민임대,인천,0
2022-11,LH,국민임대,경기,0
2022-11,LH,국민임대,부산,0
2022-11,LH,국민임대,대구,0
2022-11,LH,국민임대,광주,0
2022-11,LH,국민임대,대전,0
2022-11,LH,국민임대,울산,0
2022-11,LH,국민임대,세종,0
2022-11,LH,국민임대,강원,0
2022-11,LH,국민임대,충북,0
2022-11,LH,국민임대,충남,0
2022-11,LH,국민임대,전북,0
2022-11,LH,국민임대,전남,0
2022-11,LH,국민임대,경북,0
2022-11,LH,국민임대,경남,70
2022-11,LH,국민임대,제주,0
2022-11,LH,공공임대,전국,1,330
2022-11,LH,공공임대,서울,0
2022-11,LH,공공임대,인천,0
2022-11,LH,공공임대,경기,982
2022-11,LH,공공임대,부산,0
2022-11,LH,공공임대,대구,0
2022-11,LH,공공임대,광주,0
2022-11,LH,공공임대,대전,0
2022-11,LH,공공임대,울산,0
2022-11,LH,공공임대,세종,0
2022-11,LH,공공임대,강원,128
2022-11,LH,공공임대,충북,0
2022-11,LH,공공임대,충남,200
2022-11,LH,공공임대,전북,0
2022-11,LH,공공임대,전남,0
2022-11,LH,공공임대,경북,0
2022-11,LH,공공임대,경남,20
2022-11,LH,공공임대,제주,0
2022-11,LH,공공분양,전국,606
2022-11,LH,공공분양,서울,0
2022-11,LH,공공분양,인천,0
2022-11,LH,공공분양,경기,606
2022-11,LH,공공분양,부산,0
2022-11,LH,공공분양,대구,0
2022-11,LH,공공분양,광주,0
2022-11,LH,공공분양,대전,0
2022-11,LH,공공분양,울산,0
2022-11,LH,공공분양,세종,0
2022-11,LH,공공분양,강원,0
2022-11,LH,공공분양,충북,0
2022-11,LH,공공분양,충남,0
2022-11,LH,공공분양,전북,0
2022-11,LH,공공분양,전남,0
2022-11,LH,공공분양,경북,0
2022-11,LH,공공분양,경남,0
2022-11,LH,공공분양,제주,0
2022-11,주택업체,소계,전국,809
2022-11,주택업체,소계,서울,316
2022-11,주택업체,소계,인천,0
2022-11,주택업체,소계,경기,0
2022-11,주택업체,소계,부산,0
2022-11,주택업체,소계,대구,0
2022-11,주택업체,소계,광주,0
2022-11,주택업체,소계,대전,0
2022-11,주택업체,소계,울산,0
2022-11,주택업체,소계,세종,465
2022-11,주택업체,소계,강원,0
2022-11,주택업체,소계,충북,0
2022-11,주택업체,소계,충남,28
2022-11,주택업체,소계,전북,0
2022-11,주택업체,소계,전남,0
2022-11,주택업체,소계,경북,0
2022-11,주택업체,소계,경남,0
2022-11,주택업체,소계,제주,0
2022-11,주택업체,국민임대,전국,0
2022-11,주택업체,국민임대,서울,0
2022-11,주택업체,국민임대,인천,0
2022-11,주택업체,국민임대,경기,0
2022-11,주택업체,국민임대,부산,0
2022-11,주택업체,국민임대,대구,0
2022-11,주택업체,국민임대,광주,0
2022-11,주택업체,국민임대,대전,0
2022-11,주택업체,국민임대,울산,0
2022-11,주택업체,국민임대,세종,0
2022-11,주택업체,국민임대,강원,0
2022-11,주택업체,국민임대,충북,0
2022-11,주택업체,국민임대,충남,0
2022-11,주택업체,국민임대,전북,0
2022-11,주택업체,국민임대,전남,0
2022-11,주택업체,국민임대,경북,0
2022-11,주택업체,국민임대,경남,0
2022-11,주택업체,국민임대,제주,0
2022-11,주택업체,공공임대,전국,809
2022-11,주택업체,공공임대,서울,316
2022-11,주택업체,공공임대,인천,0
2022-11,주택업체,공공임대,경기,0
2022-11,주택업체,공공임대,부산,0
2022-11,주택업체,공공임대,대구,0
2022-11,주택업체,공공임대,광주,0
2022-11,주택업체,공공임대,대전,0
2022-11,주택업체,공공임대,울산,0
2022-11,주택업체,공공임대,세종,465
2022-11,주택업체,공공임대,강원,0
2022-11,주택업체,공공임대,충북,0
2022-11,주택업체,공공임대,충남,28
2022-11,주택업체,공공임대,전북,0
2022-11,주택업체,공공임대,전남,0
2022-11,주택업체,공공임대,경북,0
2022-11,주택업체,공공임대,경남,0
2022-11,주택업체,공공임대,제주,0
2022-11,주택업체,공공분양,전국,0
2022-11,주택업체,공공분양,서울,0
2022-11,주택업체,공공분양,인천,0
2022-11,주택업체,공공분양,경기,0
2022-11,주택업체,공공분양,부산,0
2022-11,주택업체,공공분양,대구,0
2022-11,주택업체,공공분양,광주,0
2022-11,주택업체,공공분양,대전,0
2022-11,주택업체,공공분양,울산,0
2022-11,주택업체,공공분양,세종,0
2022-11,주택업체,공공분양,강원,0
2022-11,주택업체,공공분양,충북,0
2022-11,주택업체,공공분양,충남,0
2022-11,주택업체,공공분양,전북,0
2022-11,주택업체,공공분양,전남,0
2022-11,주택업체,공공분양,경북,0
2022-11,주택업체,공공분양,경남,0
2022-11,주택업체,공공분양,제주,0
2022-11,민간부문,소계,전국,25,490
2022-11,민간부문,소계,서울,3,669
2022-11,민간부문,소계,인천,2,977
2022-11,민간부문,소계,경기,7,477
2022-11,민간부문,소계,부산,1,898
2022-11,민간부문,소계,대구,1,233
2022-11,민간부문,소계,광주,113
2022-11,민간부문,소계,대전,1,850
2022-11,민간부문,소계,울산,46
2022-11,민간부문,소계,세종,48
2022-11,민간부문,소계,강원,376
2022-11,민간부문,소계,충북,471
2022-11,민간부문,소계,충남,1,229
2022-11,민간부문,소계,전북,916
2022-11,민간부문,소계,전남,626
2022-11,민간부문,소계,경북,1,183
2022-11,민간부문,소계,경남,1,017
2022-11,민간부문,소계,제주,361
2022-11,민간,민간임대,전국,941
2022-11,민간,민간임대,서울,58
2022-11,민간,민간임대,인천,0
2022-11,민간,민간임대,경기,0
2022-11,민간,민간임대,부산,0
2022-11,민간,민간임대,대구,0
2022-11,민간,민간임대,광주,0
2022-11,민간,민간임대,대전,0
2022-11,민간,민간임대,울산,0
2022-11,민간,민간임대,세종,0
2022-11,민간,민간임대,강원,0
2022-11,민간,민간임대,충북,0
2022-11,민간,민간임대,충남,0
2022-11,민간,민간임대,전북,0
2022-11,민간,민간임대,전남,96
2022-11,민간,민간임대,경북,787
2022-11,민간,민간임대,경남,0
2022-11,민간,민간임대,제주,0
2022-11,민간,민간분양,전국,24,549
2022-11,민간,민간분양,서울,3,611
2022-11,민간,민간분양,인천,2,977
2022-11,민간,민간분양,경기,7,477
2022-11,민간,민간분양,부산,1,898
2022-11,민간,민간분양,대구,1,233
2022-11,민간,민간분양,광주,113
2022-11,민간,민간분양,대전,1,850
2022-11,민간,민간분양,울산,46
2022-11,민간,민간분양,세종,48
2022-11,민간,민간분양,강원,376
2022-11,민간,민간분양,충북,471
2022-11,민간,민간분양,충남,1,229
2022-11,민간,민간분양,전북,916
2022-11,민간,민간분양,전남,530
2022-11,민간,민간분양,경북,396
2022-11,민간,민간분양,경남,1,017
2022-11,민간,민간분양,제주,361
2022-12,총계,총계,전국,53,139
2022-12,총계,총계,서울,6,247
2022-12,총계,총계,인천,3,246
2022-12,총계,총계,경기,19,575
2022-12,총계,총계,부산,3,800
2022-12,총계,총계,대구,2,373
2022-12,총계,총계,광주,145
2022-12,총계,총계,대전,135
2022-12,총계,총계,울산,430
2022-12,총계,총계,세종,1,598
2022-12,총계,총계,강원,853
2022-12,총계,총계,충북,2,588
2022-12,총계,총계,충남,4,794
2022-12,총계,총계,전북,2,751
2022-12,총계,총계,전남,2,188
2022-12,총계,총계,경북,1,224
2022-12,총계,총계,경남,848
2022-12,총계,총계,제주,344
2022-12,공공부문,소계,전국,11,103
2022-12,공공부문,소계,서울,1,280
2022-12,공공부문,소계,인천,0
2022-12,공공부문,소계,경기,6,585
2022-12,공공부문,소계,부산,0
2022-12,공공부문,소계,대구,1,200
2022-12,공공부문,소계,광주,0
2022-12,공공부문,소계,대전,0
2022-12,공공부문,소계,울산,0
2022-12,공공부문,소계,세종,1,032
2022-12,공공부문,소계,강원,0
2022-12,공공부문,소계,충북,4
2022-12,공공부문,소계,충남,256
2022-12,공공부문,소계,전북,120
2022-12,공공부문,소계,전남,0
2022-12,공공부문,소계,경북,626
2022-12,공공부문,소계,경남,0
2022-12,공공부문,소계,제주,0
2022-12,합,국민임대,전국,3,604
2022-12,합,국민임대,서울,0
2022-12,합,국민임대,인천,0
2022-12,합,국민임대,경기,2,070
2022-12,합,국민임대,부산,0
2022-12,합,국민임대,대구,800
2022-12,합,국민임대,광주,0
2022-12,합,국민임대,대전,0
2022-12,합,국민임대,울산,0
2022-12,합,국민임대,세종,734
2022-12,합,국민임대,강원,0
2022-12,합,국민임대,충북,0
2022-12,합,국민임대,충남,0
2022-12,합,국민임대,전북,0
2022-12,합,국민임대,전남,0
2022-12,합,국민임대,경북,0
2022-12,합,국민임대,경남,0
2022-12,합,국민임대,제주,0
2022-12,합,공공임대,전국,5,464
2022-12,합,공공임대,서울,1,280
2022-12,합,공공임대,인천,0
2022-12,합,공공임대,경기,3,106
2022-12,합,공공임대,부산,0
2022-12,합,공공임대,대구,400
2022-12,합,공공임대,광주,0
2022-12,합,공공임대,대전,0
2022-12,합,공공임대,울산,0
2022-12,합,공공임대,세종,298
2022-12,합,공공임대,강원,0
2022-12,합,공공임대,충북,4
2022-12,합,공공임대,충남,256
2022-12,합,공공임대,전북,120
2022-12,합,공공임대,전남,0
2022-12,합,공공임대,경북,0
2022-12,합,공공임대,경남,0
2022-12,합,공공임대,제주,0
2022-12,합,공공분양,전국,2,035
2022-12,합,공공분양,서울,0
2022-12,합,공공분양,인천,0
2022-12,합,공공분양,경기,1,409
2022-12,합,공공분양,부산,0
2022-12,합,공공분양,대구,0
2022-12,합,공공분양,광주,0
2022-12,합,공공분양,대전,0
2022-12,합,공공분양,울산,0
2022-12,합,공공분양,세종,0
2022-12,합,공공분양,강원,0
2022-12,합,공공분양,충북,0
2022-12,합,공공분양,충남,0
2022-12,합,공공분양,전북,0
2022-12,합,공공분양,전남,0
2022-12,합,공공분양,경북,626
2022-12,합,공공분양,경남,0
2022-12,합,공공분양,제주,0
2022-12,지자체,소계,전국,0
2022-12,지자체,소계,서울,0
2022-12,지자체,소계,인천,0
2022-12,지자체,소계,경기,0
2022-12,지자체,소계,부산,0
2022-12,지자체,소계,대구,0
2022-12,지자체,소계,광주,0
2022-12,지자체,소계,대전,0
2022-12,지자체,소계,울산,0
2022-12,지자체,소계,세종,0
2022-12,지자체,소계,강원,0
2022-12,지자체,소계,충북,0
2022-12,지자체,소계,충남,0
2022-12,지자체,소계,전북,0
2022-12,지자체,소계,전남,0
2022-12,지자체,소계,경북,0
2022-12,지자체,소계,경남,0
2022-12,지자체,소계,제주,0
2022-12,지자체,국민임대,전국,0
2022-12,지자체,국민임대,서울,0
2022-12,지자체,국민임대,인천,0
2022-12,지자체,국민임대,경기,0
2022-12,지자체,국민임대,부산,0
2022-12,지자체,국민임대,대구,0
2022-12,지자체,국민임대,광주,0
2022-12,지자체,국민임대,대전,0
2022-12,지자체,국민임대,울산,0
2022-12,지자체,국민임대,세종,0
2022-12,지자체,국민임대,강원,0
2022-12,지자체,국민임대,충북,0
2022-12,지자체,국민임대,충남,0
2022-12,지자체,국민임대,전북,0
2022-12,지자체,국민임대,전남,0
2022-12,지자체,국민임대,경북,0
2022-12,지자체,국민임대,경남,0
2022-12,지자체,국민임대,제주,0
2022-12,지자체,공공임대,전국,0
2022-12,지자체,공공임대,서울,0
2022-12,지자체,공공임대,인천,0
2022-12,지자체,공공임대,경기,0
2022-12,지자체,공공임대,부산,0
2022-12,지자체,공공임대,대구,0
2022-12,지자체,공공임대,광주,0
2022-12,지자체,공공임대,대전,0
2022-12,지자체,공공임대,울산,0
2022-12,지자체,공공임대,세종,0
2022-12,지자체,공공임대,강원,0
2022-12,지자체,공공임대,충북,0
2022-12,지자체,공공임대,충남,0
2022-12,지자체,공공임대,전북,0
2022-12,지자체,공공임대,전남,0
2022-12,지자체,공공임대,경북,0
2022-12,지자체,공공임대,경남,0
2022-12,지자체,공공임대,제주,0
2022-12,지자체,공공분양,전국,0
2022-12,지자체,공공분양,서울,0
2022-12,지자체,공공분양,인천,0
2022-12,지자체,공공분양,경기,0
2022-12,지자체,공공분양,부산,0
2022-12,지자체,공공분양,대구,0
2022-12,지자체,공공분양,광주,0
2022-12,지자체,공공분양,대전,0
2022-12,지자체,공공분양,울산,0
2022-12,지자체,공공분양,세종,0
2022-12,지자체,공공분양,강원,0
2022-12,지자체,공공분양,충북,0
2022-12,지자체,공공분양,충남,0
2022-12,지자체,공공분양,전북,0
2022-12,지자체,공공분양,전남,0
2022-12,지자체,공공분양,경북,0
2022-12,지자체,공공분양,경남,0
2022-12,지자체,공공분양,제주,0
2022-12,LH,소계,전국,10,991
2022-12,LH,소계,서울,1,280
2022-12,LH,소계,인천,0
2022-12,LH,소계,경기,6,585
2022-12,LH,소계,부산,0
2022-12,LH,소계,대구,1,200
2022-12,LH,소계,광주,0
2022-12,LH,소계,대전,0
2022-12,LH,소계,울산,0
2022-12,LH,소계,세종,1,032
2022-12,LH,소계,강원,0
2022-12,LH,소계,충북,4
2022-12,LH,소계,충남,144
2022-12,LH,소계,전북,120
2022-12,LH,소계,전남,0
2022-12,LH,소계,경북,626
2022-12,LH,소계,경남,0
2022-12,LH,소계,제주,0
2022-12,LH,국민임대,전국,3,604
2022-12,LH,국민임대,서울,0
2022-12,LH,국민임대,인천,0
2022-12,LH,국민임대,경기,2,070
2022-12,LH,국민임대,부산,0
2022-12,LH,국민임대,대구,800
2022-12,LH,국민임대,광주,0
2022-12,LH,국민임대,대전,0
2022-12,LH,국민임대,울산,0
2022-12,LH,국민임대,세종,734
2022-12,LH,국민임대,강원,0
2022-12,LH,국민임대,충북,0
2022-12,LH,국민임대,충남,0
2022-12,LH,국민임대,전북,0
2022-12,LH,국민임대,전남,0
2022-12,LH,국민임대,경북,0
2022-12,LH,국민임대,경남,0
2022-12,LH,국민임대,제주,0
2022-12,LH,공공임대,전국,5,352
2022-12,LH,공공임대,서울,1,280
2022-12,LH,공공임대,인천,0
2022-12,LH,공공임대,경기,3,106
2022-12,LH,공공임대,부산,0
2022-12,LH,공공임대,대구,400
2022-12,LH,공공임대,광주,0
2022-12,LH,공공임대,대전,0
2022-12,LH,공공임대,울산,0
2022-12,LH,공공임대,세종,298
2022-12,LH,공공임대,강원,0
2022-12,LH,공공임대,충북,4
2022-12,LH,공공임대,충남,144
2022-12,LH,공공임대,전북,120
2022-12,LH,공공임대,전남,0
2022-12,LH,공공임대,경북,0
2022-12,LH,공공임대,경남,0
2022-12,LH,공공임대,제주,0
2022-12,LH,공공분양,전국,2,035
2022-12,LH,공공분양,서울,0
2022-12,LH,공공분양,인천,0
2022-12,LH,공공분양,경기,1,409
2022-12,LH,공공분양,부산,0
2022-12,LH,공공분양,대구,0
2022-12,LH,공공분양,광주,0
2022-12,LH,공공분양,대전,0
2022-12,LH,공공분양,울산,0
2022-12,LH,공공분양,세종,0
2022-12,LH,공공분양,강원,0
2022-12,LH,공공분양,충북,0
2022-12,LH,공공분양,충남,0
2022-12,LH,공공분양,전북,0
2022-12,LH,공공분양,전남,0
2022-12,LH,공공분양,경북,626
2022-12,LH,공공분양,경남,0
2022-12,LH,공공분양,제주,0
2022-12,주택업체,소계,전국,112
2022-12,주택업체,소계,서울,0
2022-12,주택업체,소계,인천,0
2022-12,주택업체,소계,경기,0
2022-12,주택업체,소계,부산,0
2022-12,주택업체,소계,대구,0
2022-12,주택업체,소계,광주,0
2022-12,주택업체,소계,대전,0
2022-12,주택업체,소계,울산,0
2022-12,주택업체,소계,세종,0
2022-12,주택업체,소계,강원,0
2022-12,주택업체,소계,충북,0
2022-12,주택업체,소계,충남,112
2022-12,주택업체,소계,전북,0
2022-12,주택업체,소계,전남,0
2022-12,주택업체,소계,경북,0
2022-12,주택업체,소계,경남,0
2022-12,주택업체,소계,제주,0
2022-12,주택업체,국민임대,전국,0
2022-12,주택업체,국민임대,서울,0
2022-12,주택업체,국민임대,인천,0
2022-12,주택업체,국민임대,경기,0
2022-12,주택업체,국민임대,부산,0
2022-12,주택업체,국민임대,대구,0
2022-12,주택업체,국민임대,광주,0
2022-12,주택업체,국민임대,대전,0
2022-12,주택업체,국민임대,울산,0
2022-12,주택업체,국민임대,세종,0
2022-12,주택업체,국민임대,강원,0
2022-12,주택업체,국민임대,충북,0
2022-12,주택업체,국민임대,충남,0
2022-12,주택업체,국민임대,전북,0
2022-12,주택업체,국민임대,전남,0
2022-12,주택업체,국민임대,경북,0
2022-12,주택업체,국민임대,경남,0
2022-12,주택업체,국민임대,제주,0
2022-12,주택업체,공공임대,전국,112
2022-12,주택업체,공공임대,서울,0
2022-12,주택업체,공공임대,인천,0
2022-12,주택업체,공공임대,경기,0
2022-12,주택업체,공공임대,부산,0
2022-12,주택업체,공공임대,대구,0
2022-12,주택업체,공공임대,광주,0
2022-12,주택업체,공공임대,대전,0
2022-12,주택업체,공공임대,울산,0
2022-12,주택업체,공공임대,세종,0
2022-12,주택업체,공공임대,강원,0
2022-12,주택업체,공공임대,충북,0
2022-12,주택업체,공공임대,충남,112
2022-12,주택업체,공공임대,전북,0
2022-12,주택업체,공공임대,전남,0
2022-12,주택업체,공공임대,경북,0
2022-12,주택업체,공공임대,경남,0
2022-12,주택업체,공공임대,제주,0
2022-12,주택업체,공공분양,전국,0
2022-12,주택업체,공공분양,서울,0
2022-12,주택업체,공공분양,인천,0
2022-12,주택업체,공공분양,경기,0
2022-12,주택업체,공공분양,부산,0
2022-12,주택업체,공공분양,대구,0
2022-12,주택업체,공공분양,광주,0
2022-12,주택업체,공공분양,대전,0
2022-12,주택업체,공공분양,울산,0
2022-12,주택업체,공공분양,세종,0
2022-12,주택업체,공공분양,강원,0
2022-12,주택업체,공공분양,충북,0
2022-12,주택업체,공공분양,충남,0
2022-12,주택업체,공공분양,전북,0
2022-12,주택업체,공공분양,전남,0
2022-12,주택업체,공공분양,경북,0
2022-12,주택업체,공공분양,경남,0
2022-12,주택업체,공공분양,제주,0
2022-12,민간부문,소계,전국,42,036
2022-12,민간부문,소계,서울,4,967
2022-12,민간부문,소계,인천,3,246
2022-12,민간부문,소계,경기,12,990
2022-12,민간부문,소계,부산,3,800
2022-12,민간부문,소계,대구,1,173
2022-12,민간부문,소계,광주,145
2022-12,민간부문,소계,대전,135
2022-12,민간부문,소계,울산,430
2022-12,민간부문,소계,세종,566
2022-12,민간부문,소계,강원,853
2022-12,민간부문,소계,충북,2,584
2022-12,민간부문,소계,충남,4,538
2022-12,민간부문,소계,전북,2,631
2022-12,민간부문,소계,전남,2,188
2022-12,민간부문,소계,경북,598
2022-12,민간부문,소계,경남,848
2022-12,민간부문,소계,제주,344
2022-12,민간,민간임대,전국,5,091
2022-12,민간,민간임대,서울,1,546
2022-12,민간,민간임대,인천,0
2022-12,민간,민간임대,경기,0
2022-12,민간,민간임대,부산,140
2022-12,민간,민간임대,대구,0
2022-12,민간,민간임대,광주,0
2022-12,민간,민간임대,대전,0
2022-12,민간,민간임대,울산,0
2022-12,민간,민간임대,세종,326
2022-12,민간,민간임대,강원,295
2022-12,민간,민간임대,충북,874
2022-12,민간,민간임대,충남,420
2022-12,민간,민간임대,전북,0
2022-12,민간,민간임대,전남,1,490
2022-12,민간,민간임대,경북,0
2022-12,민간,민간임대,경남,0
2022-12,민간,민간임대,제주,0
2022-12,민간,민간분양,전국,36,945
2022-12,민간,민간분양,서울,3,421
2022-12,민간,민간분양,인천,3,246
2022-12,민간,민간분양,경기,12,990
2022-12,민간,민간분양,부산,3,660
2022-12,민간,민간분양,대구,1,173
2022-12,민간,민간분양,광주,145
2022-12,민간,민간분양,대전,135
2022-12,민간,민간분양,울산,430
2022-12,민간,민간분양,세종,240
2022-12,민간,민간분양,강원,558
2022-12,민간,민간분양,충북,1,710
2022-12,민간,민간분양,충남,4,118
2022-12,민간,민간분양,전북,2,631
2022-12,민간,민간분양,전남,698
2022-12,민간,민간분양,경북,598
2022-12,민간,민간분양,경남,848
2022-12,민간,민간분양,제주,344
2023-01,총계,총계,전국,27,271
2023-01,총계,총계,서울,3,319
2023-01,총계,총계,인천,2,506
2023-01,총계,총계,경기,8,038
2023-01,총계,총계,부산,3,320
2023-01,총계,총계,대구,883
2023-01,총계,총계,광주,136
2023-01,총계,총계,대전,162
2023-01,총계,총계,울산,27
2023-01,총계,총계,세종,22
2023-01,총계,총계,강원,350
2023-01,총계,총계,충북,319
2023-01,총계,총계,충남,1,757
2023-01,총계,총계,전북,1,192
2023-01,총계,총계,전남,2,452
2023-01,총계,총계,경북,585
2023-01,총계,총계,경남,1,713
2023-01,총계,총계,제주,490
2023-01,공공부문,소계,전국,256
2023-01,공공부문,소계,서울,85
2023-01,공공부문,소계,인천,40
2023-01,공공부문,소계,경기,0
2023-01,공공부문,소계,부산,0
2023-01,공공부문,소계,대구,0
2023-01,공공부문,소계,광주,0
2023-01,공공부문,소계,대전,0
2023-01,공공부문,소계,울산,0
2023-01,공공부문,소계,세종,0
2023-01,공공부문,소계,강원,0
2023-01,공공부문,소계,충북,31
2023-01,공공부문,소계,충남,0
2023-01,공공부문,소계,전북,0
2023-01,공공부문,소계,전남,100
2023-01,공공부문,소계,경북,0
2023-01,공공부문,소계,경남,0
2023-01,공공부문,소계,제주,0
2023-01,합,국민임대,전국,31
2023-01,합,국민임대,서울,1
2023-01,합,국민임대,인천,0
2023-01,합,국민임대,경기,0
2023-01,합,국민임대,부산,0
2023-01,합,국민임대,대구,0
2023-01,합,국민임대,광주,0
2023-01,합,국민임대,대전,0
2023-01,합,국민임대,울산,0
2023-01,합,국민임대,세종,0
2023-01,합,국민임대,강원,0
2023-01,합,국민임대,충북,30
2023-01,합,국민임대,충남,0
2023-01,합,국민임대,전북,0
2023-01,합,국민임대,전남,0
2023-01,합,국민임대,경북,0
2023-01,합,국민임대,경남,0
2023-01,합,국민임대,제주,0
2023-01,합,공공임대,전국,225
2023-01,합,공공임대,서울,84
2023-01,합,공공임대,인천,40
2023-01,합,공공임대,경기,0
2023-01,합,공공임대,부산,0
2023-01,합,공공임대,대구,0
2023-01,합,공공임대,광주,0
2023-01,합,공공임대,대전,0
2023-01,합,공공임대,울산,0
2023-01,합,공공임대,세종,0
2023-01,합,공공임대,강원,0
2023-01,합,공공임대,충북,1
2023-01,합,공공임대,충남,0
2023-01,합,공공임대,전북,0
2023-01,합,공공임대,전남,100
2023-01,합,공공임대,경북,0
2023-01,합,공공임대,경남,0
2023-01,합,공공임대,제주,0
2023-01,합,공공분양,전국,0
2023-01,합,공공분양,서울,0
2023-01,합,공공분양,인천,0
2023-01,합,공공분양,경기,0
2023-01,합,공공분양,부산,0
2023-01,합,공공분양,대구,0
2023-01,합,공공분양,광주,0
2023-01,합,공공분양,대전,0
2023-01,합,공공분양,울산,0
2023-01,합,공공분양,세종,0
2023-01,합,공공분양,강원,0
2023-01,합,공공분양,충북,0
2023-01,합,공공분양,충남,0
2023-01,합,공공분양,전북,0
2023-01,합,공공분양,전남,0
2023-01,합,공공분양,경북,0
2023-01,합,공공분양,경남,0
2023-01,합,공공분양,제주,0
2023-01,지자체,소계,전국,0
2023-01,지자체,소계,서울,0
2023-01,지자체,소계,인천,0
2023-01,지자체,소계,경기,0
2023-01,지자체,소계,부산,0
2023-01,지자체,소계,대구,0
2023-01,지자체,소계,광주,0
2023-01,지자체,소계,대전,0
2023-01,지자체,소계,울산,0
2023-01,지자체,소계,세종,0
2023-01,지자체,소계,강원,0
2023-01,지자체,소계,충북,0
2023-01,지자체,소계,충남,0
2023-01,지자체,소계,전북,0
2023-01,지자체,소계,전남,0
2023-01,지자체,소계,경북,0
2023-01,지자체,소계,경남,0
2023-01,지자체,소계,제주,0
2023-01,지자체,국민임대,전국,0
2023-01,지자체,국민임대,서울,0
2023-01,지자체,국민임대,인천,0
2023-01,지자체,국민임대,경기,0
2023-01,지자체,국민임대,부산,0
2023-01,지자체,국민임대,대구,0
2023-01,지자체,국민임대,광주,0
2023-01,지자체,국민임대,대전,0
2023-01,지자체,국민임대,울산,0
2023-01,지자체,국민임대,세종,0
2023-01,지자체,국민임대,강원,0
2023-01,지자체,국민임대,충북,0
2023-01,지자체,국민임대,충남,0
2023-01,지자체,국민임대,전북,0
2023-01,지자체,국민임대,전남,0
2023-01,지자체,국민임대,경북,0
2023-01,지자체,국민임대,경남,0
2023-01,지자체,국민임대,제주,0
2023-01,지자체,공공임대,전국,0
2023-01,지자체,공공임대,서울,0
2023-01,지자체,공공임대,인천,0
2023-01,지자체,공공임대,경기,0
2023-01,지자체,공공임대,부산,0
2023-01,지자체,공공임대,대구,0
2023-01,지자체,공공임대,광주,0
2023-01,지자체,공공임대,대전,0
2023-01,지자체,공공임대,울산,0
2023-01,지자체,공공임대,세종,0
2023-01,지자체,공공임대,강원,0
2023-01,지자체,공공임대,충북,0
2023-01,지자체,공공임대,충남,0
2023-01,지자체,공공임대,전북,0
2023-01,지자체,공공임대,전남,0
2023-01,지자체,공공임대,경북,0
2023-01,지자체,공공임대,경남,0
2023-01,지자체,공공임대,제주,0
2023-01,지자체,공공분양,전국,0
2023-01,지자체,공공분양,서울,0
2023-01,지자체,공공분양,인천,0
2023-01,지자체,공공분양,경기,0
2023-01,지자체,공공분양,부산,0
2023-01,지자체,공공분양,대구,0
2023-01,지자체,공공분양,광주,0
2023-01,지자체,공공분양,대전,0
2023-01,지자체,공공분양,울산,0
2023-01,지자체,공공분양,세종,0
2023-01,지자체,공공분양,강원,0
2023-01,지자체,공공분양,충북,0
2023-01,지자체,공공분양,충남,0
2023-01,지자체,공공분양,전북,0
2023-01,지자체,공공분양,전남,0
2023-01,지자체,공공분양,경북,0
2023-01,지자체,공공분양,경남,0
2023-01,지자체,공공분양,제주,0
2023-01,LH,소계,전국,141
2023-01,LH,소계,서울,0
2023-01,LH,소계,인천,40
2023-01,LH,소계,경기,0
2023-01,LH,소계,부산,0
2023-01,LH,소계,대구,0
2023-01,LH,소계,광주,0
2023-01,LH,소계,대전,0
2023-01,LH,소계,울산,0
2023-01,LH,소계,세종,0
2023-01,LH,소계,강원,0
2023-01,LH,소계,충북,1
2023-01,LH,소계,충남,0
2023-01,LH,소계,전북,0
2023-01,LH,소계,전남,100
2023-01,LH,소계,경북,0
2023-01,LH,소계,경남,0
2023-01,LH,소계,제주,0
2023-01,LH,국민임대,전국,0
2023-01,LH,국민임대,서울,0
2023-01,LH,국민임대,인천,0
2023-01,LH,국민임대,경기,0
2023-01,LH,국민임대,부산,0
2023-01,LH,국민임대,대구,0
2023-01,LH,국민임대,광주,0
2023-01,LH,국민임대,대전,0
2023-01,LH,국민임대,울산,0
2023-01,LH,국민임대,세종,0
2023-01,LH,국민임대,강원,0
2023-01,LH,국민임대,충북,0
2023-01,LH,국민임대,충남,0
2023-01,LH,국민임대,전북,0
2023-01,LH,국민임대,전남,0
2023-01,LH,국민임대,경북,0
2023-01,LH,국민임대,경남,0
2023-01,LH,국민임대,제주,0
2023-01,LH,공공임대,전국,141
2023-01,LH,공공임대,서울,0
2023-01,LH,공공임대,인천,40
2023-01,LH,공공임대,경기,0
2023-01,LH,공공임대,부산,0
2023-01,LH,공공임대,대구,0
2023-01,LH,공공임대,광주,0
2023-01,LH,공공임대,대전,0
2023-01,LH,공공임대,울산,0
2023-01,LH,공공임대,세종,0
2023-01,LH,공공임대,강원,0
2023-01,LH,공공임대,충북,1
2023-01,LH,공공임대,충남,0
2023-01,LH,공공임대,전북,0
2023-01,LH,공공임대,전남,100
2023-01,LH,공공임대,경북,0
2023-01,LH,공공임대,경남,0
2023-01,LH,공공임대,제주,0
2023-01,LH,공공분양,전국,0
2023-01,LH,공공분양,서울,0
2023-01,LH,공공분양,인천,0
2023-01,LH,공공분양,경기,0
2023-01,LH,공공분양,부산,0
2023-01,LH,공공분양,대구,0
2023-01,LH,공공분양,광주,0
2023-01,LH,공공분양,대전,0
2023-01,LH,공공분양,울산,0
2023-01,LH,공공분양,세종,0
2023-01,LH,공공분양,강원,0
2023-01,LH,공공분양,충북,0
2023-01,LH,공공분양,충남,0
2023-01,LH,공공분양,전북,0
2023-01,LH,공공분양,전남,0
2023-01,LH,공공분양,경북,0
2023-01,LH,공공분양,경남,0
2023-01,LH,공공분양,제주,0
2023-01,주택업체,소계,전국,115
2023-01,주택업체,소계,서울,85
2023-01,주택업체,소계,인천,0
2023-01,주택업체,소계,경기,0
2023-01,주택업체,소계,부산,0
2023-01,주택업체,소계,대구,0
2023-01,주택업체,소계,광주,0
2023-01,주택업체,소계,대전,0
2023-01,주택업체,소계,울산,0
2023-01,주택업체,소계,세종,0
2023-01,주택업체,소계,강원,0
2023-01,주택업체,소계,충북,30
2023-01,주택업체,소계,충남,0
2023-01,주택업체,소계,전북,0
2023-01,주택업체,소계,전남,0
2023-01,주택업체,소계,경북,0
2023-01,주택업체,소계,경남,0
2023-01,주택업체,소계,제주,0
2023-01,주택업체,국민임대,전국,31
2023-01,주택업체,국민임대,서울,1
2023-01,주택업체,국민임대,인천,0
2023-01,주택업체,국민임대,경기,0
2023-01,주택업체,국민임대,부산,0
2023-01,주택업체,국민임대,대구,0
2023-01,주택업체,국민임대,광주,0
2023-01,주택업체,국민임대,대전,0
2023-01,주택업체,국민임대,울산,0
2023-01,주택업체,국민임대,세종,0
2023-01,주택업체,국민임대,강원,0
2023-01,주택업체,국민임대,충북,30
2023-01,주택업체,국민임대,충남,0
2023-01,주택업체,국민임대,전북,0
2023-01,주택업체,국민임대,전남,0
2023-01,주택업체,국민임대,경북,0
2023-01,주택업체,국민임대,경남,0
2023-01,주택업체,국민임대,제주,0
2023-01,주택업체,공공임대,전국,84
2023-01,주택업체,공공임대,서울,84
2023-01,주택업체,공공임대,인천,0
2023-01,주택업체,공공임대,경기,0
2023-01,주택업체,공공임대,부산,0
2023-01,주택업체,공공임대,대구,0
2023-01,주택업체,공공임대,광주,0
2023-01,주택업체,공공임대,대전,0
2023-01,주택업체,공공임대,울산,0
2023-01,주택업체,공공임대,세종,0
2023-01,주택업체,공공임대,강원,0
2023-01,주택업체,공공임대,충북,0
2023-01,주택업체,공공임대,충남,0
2023-01,주택업체,공공임대,전북,0
2023-01,주택업체,공공임대,전남,0
2023-01,주택업체,공공임대,경북,0
2023-01,주택업체,공공임대,경남,0
2023-01,주택업체,공공임대,제주,0
2023-01,주택업체,공공분양,전국,0
2023-01,주택업체,공공분양,서울,0
2023-01,주택업체,공공분양,인천,0
2023-01,주택업체,공공분양,경기,0
2023-01,주택업체,공공분양,부산,0
2023-01,주택업체,공공분양,대구,0
2023-01,주택업체,공공분양,광주,0
2023-01,주택업체,공공분양,대전,0
2023-01,주택업체,공공분양,울산,0
2023-01,주택업체,공공분양,세종,0
2023-01,주택업체,공공분양,강원,0
2023-01,주택업체,공공분양,충북,0
2023-01,주택업체,공공분양,충남,0
2023-01,주택업체,공공분양,전북,0
2023-01,주택업체,공공분양,전남,0
2023-01,주택업체,공공분양,경북,0
2023-01,주택업체,공공분양,경남,0
2023-01,주택업체,공공분양,제주,0
2023-01,민간부문,소계,전국,27,015
2023-01,민간부문,소계,서울,3,234
2023-01,민간부문,소계,인천,2,466
2023-01,민간부문,소계,경기,8,038
2023-01,민간부문,소계,부산,3,320
2023-01,민간부문,소계,대구,883
2023-01,민간부문,소계,광주,136
2023-01,민간부문,소계,대전,162
2023-01,민간부문,소계,울산,27
2023-01,민간부문,소계,세종,22
2023-01,민간부문,소계,강원,350
2023-01,민간부문,소계,충북,288
2023-01,민간부문,소계,충남,1,757
2023-01,민간부문,소계,전북,1,192
2023-01,민간부문,소계,전남,2,352
2023-01,민간부문,소계,경북,585
2023-01,민간부문,소계,경남,1,713
2023-01,민간부문,소계,제주,490
2023-01,민간,민간임대,전국,1,837
2023-01,민간,민간임대,서울,631
2023-01,민간,민간임대,인천,0
2023-01,민간,민간임대,경기,522
2023-01,민간,민간임대,부산,0
2023-01,민간,민간임대,대구,0
2023-01,민간,민간임대,광주,0
2023-01,민간,민간임대,대전,0
2023-01,민간,민간임대,울산,0
2023-01,민간,민간임대,세종,0
2023-01,민간,민간임대,강원,0
2023-01,민간,민간임대,충북,0
2023-01,민간,민간임대,충남,0
2023-01,민간,민간임대,전북,390
2023-01,민간,민간임대,전남,294
2023-01,민간,민간임대,경북,0
2023-01,민간,민간임대,경남,0
2023-01,민간,민간임대,제주,0
2023-01,민간,민간분양,전국,25,178
2023-01,민간,민간분양,서울,2,603
2023-01,민간,민간분양,인천,2,466
2023-01,민간,민간분양,경기,7,516
2023-01,민간,민간분양,부산,3,320
2023-01,민간,민간분양,대구,883
2023-01,민간,민간분양,광주,136
2023-01,민간,민간분양,대전,162
2023-01,민간,민간분양,울산,27
2023-01,민간,민간분양,세종,22
2023-01,민간,민간분양,강원,350
2023-01,민간,민간분양,충북,288
2023-01,민간,민간분양,충남,1,757
2023-01,민간,민간분양,전북,802
2023-01,민간,민간분양,전남,2,058
2023-01,민간,민간분양,경북,585
2023-01,민간,민간분양,경남,1,713
2023-01,민간,민간분양,제주,490
2023-02,총계,총계,전국,35,158
2023-02,총계,총계,서울,3,885
2023-02,총계,총계,인천,4,927
2023-02,총계,총계,경기,13,728
2023-02,총계,총계,부산,202
2023-02,총계,총계,대구,1,460
2023-02,총계,총계,광주,878
2023-02,총계,총계,대전,526
2023-02,총계,총계,울산,40
2023-02,총계,총계,세종,48
2023-02,총계,총계,강원,2,445
2023-02,총계,총계,충북,1,110
2023-02,총계,총계,충남,1,865
2023-02,총계,총계,전북,1,557
2023-02,총계,총계,전남,901
2023-02,총계,총계,경북,841
2023-02,총계,총계,경남,483
2023-02,총계,총계,제주,262
2023-02,공공부문,소계,전국,1,561
2023-02,공공부문,소계,서울,96
2023-02,공공부문,소계,인천,1,109
2023-02,공공부문,소계,경기,236
2023-02,공공부문,소계,부산,0
2023-02,공공부문,소계,대구,0
2023-02,공공부문,소계,광주,0
2023-02,공공부문,소계,대전,0
2023-02,공공부문,소계,울산,0
2023-02,공공부문,소계,세종,0
2023-02,공공부문,소계,강원,0
2023-02,공공부문,소계,충북,0
2023-02,공공부문,소계,충남,0
2023-02,공공부문,소계,전북,120
2023-02,공공부문,소계,전남,0
2023-02,공공부문,소계,경북,0
2023-02,공공부문,소계,경남,0
2023-02,공공부문,소계,제주,0
2023-02,합,국민임대,전국,0
2023-02,합,국민임대,서울,0
2023-02,합,국민임대,인천,0
2023-02,합,국민임대,경기,0
2023-02,합,국민임대,부산,0
2023-02,합,국민임대,대구,0
2023-02,합,국민임대,광주,0
2023-02,합,국민임대,대전,0
2023-02,합,국민임대,울산,0
2023-02,합,국민임대,세종,0
2023-02,합,국민임대,강원,0
2023-02,합,국민임대,충북,0
2023-02,합,국민임대,충남,0
2023-02,합,국민임대,전북,0
2023-02,합,국민임대,전남,0
2023-02,합,국민임대,경북,0
2023-02,합,국민임대,경남,0
2023-02,합,국민임대,제주,0
2023-02,합,공공임대,전국,1,561
2023-02,합,공공임대,서울,96
2023-02,합,공공임대,인천,1,109
2023-02,합,공공임대,경기,236
2023-02,합,공공임대,부산,0
2023-02,합,공공임대,대구,0
2023-02,합,공공임대,광주,0
2023-02,합,공공임대,대전,0
2023-02,합,공공임대,울산,0
2023-02,합,공공임대,세종,0
2023-02,합,공공임대,강원,0
2023-02,합,공공임대,충북,0
2023-02,합,공공임대,충남,0
2023-02,합,공공임대,전북,120
2023-02,합,공공임대,전남,0
2023-02,합,공공임대,경북,0
2023-02,합,공공임대,경남,0
2023-02,합,공공임대,제주,0
2023-02,합,공공분양,전국,0
2023-02,합,공공분양,서울,0
2023-02,합,공공분양,인천,0
2023-02,합,공공분양,경기,0
2023-02,합,공공분양,부산,0
2023-02,합,공공분양,대구,0
2023-02,합,공공분양,광주,0
2023-02,합,공공분양,대전,0
2023-02,합,공공분양,울산,0
2023-02,합,공공분양,세종,0
2023-02,합,공공분양,강원,0
2023-02,합,공공분양,충북,0
2023-02,합,공공분양,충남,0
2023-02,합,공공분양,전북,0
2023-02,합,공공분양,전남,0
2023-02,합,공공분양,경북,0
2023-02,합,공공분양,경남,0
2023-02,합,공공분양,제주,0
2023-02,지자체,소계,전국,0
2023-02,지자체,소계,서울,0
2023-02,지자체,소계,인천,0
2023-02,지자체,소계,경기,0
2023-02,지자체,소계,부산,0
2023-02,지자체,소계,대구,0
2023-02,지자체,소계,광주,0
2023-02,지자체,소계,대전,0
2023-02,지자체,소계,울산,0
2023-02,지자체,소계,세종,0
2023-02,지자체,소계,강원,0
2023-02,지자체,소계,충북,0
2023-02,지자체,소계,충남,0
2023-02,지자체,소계,전북,0
2023-02,지자체,소계,전남,0
2023-02,지자체,소계,경북,0
2023-02,지자체,소계,경남,0
2023-02,지자체,소계,제주,0
2023-02,지자체,국민임대,전국,0
2023-02,지자체,국민임대,서울,0
2023-02,지자체,국민임대,인천,0
2023-02,지자체,국민임대,경기,0
2023-02,지자체,국민임대,부산,0
2023-02,지자체,국민임대,대구,0
2023-02,지자체,국민임대,광주,0
2023-02,지자체,국민임대,대전,0
2023-02,지자체,국민임대,울산,0
2023-02,지자체,국민임대,세종,0
2023-02,지자체,국민임대,강원,0
2023-02,지자체,국민임대,충북,0
2023-02,지자체,국민임대,충남,0
2023-02,지자체,국민임대,전북,0
2023-02,지자체,국민임대,전남,0
2023-02,지자체,국민임대,경북,0
2023-02,지자체,국민임대,경남,0
2023-02,지자체,국민임대,제주,0
2023-02,지자체,공공임대,전국,0
2023-02,지자체,공공임대,서울,0
2023-02,지자체,공공임대,인천,0
2023-02,지자체,공공임대,경기,0
2023-02,지자체,공공임대,부산,0
2023-02,지자체,공공임대,대구,0
2023-02,지자체,공공임대,광주,0
2023-02,지자체,공공임대,대전,0
2023-02,지자체,공공임대,울산,0
2023-02,지자체,공공임대,세종,0
2023-02,지자체,공공임대,강원,0
2023-02,지자체,공공임대,충북,0
2023-02,지자체,공공임대,충남,0
2023-02,지자체,공공임대,전북,0
2023-02,지자체,공공임대,전남,0
2023-02,지자체,공공임대,경북,0
2023-02,지자체,공공임대,경남,0
2023-02,지자체,공공임대,제주,0
2023-02,지자체,공공분양,전국,0
2023-02,지자체,공공분양,서울,0
2023-02,지자체,공공분양,인천,0
2023-02,지자체,공공분양,경기,0
2023-02,지자체,공공분양,부산,0
2023-02,지자체,공공분양,대구,0
2023-02,지자체,공공분양,광주,0
2023-02,지자체,공공분양,대전,0
2023-02,지자체,공공분양,울산,0
2023-02,지자체,공공분양,세종,0
2023-02,지자체,공공분양,강원,0
2023-02,지자체,공공분양,충북,0
2023-02,지자체,공공분양,충남,0
2023-02,지자체,공공분양,전북,0
2023-02,지자체,공공분양,전남,0
2023-02,지자체,공공분양,경북,0
2023-02,지자체,공공분양,경남,0
2023-02,지자체,공공분양,제주,0
2023-02,LH,소계,전국,120
2023-02,LH,소계,서울,0
2023-02,LH,소계,인천,0
2023-02,LH,소계,경기,0
2023-02,LH,소계,부산,0
2023-02,LH,소계,대구,0
2023-02,LH,소계,광주,0
2023-02,LH,소계,대전,0
2023-02,LH,소계,울산,0
2023-02,LH,소계,세종,0
2023-02,LH,소계,강원,0
2023-02,LH,소계,충북,0
2023-02,LH,소계,충남,0
2023-02,LH,소계,전북,120
2023-02,LH,소계,전남,0
2023-02,LH,소계,경북,0
2023-02,LH,소계,경남,0
2023-02,LH,소계,제주,0
2023-02,LH,국민임대,전국,0
2023-02,LH,국민임대,서울,0
2023-02,LH,국민임대,인천,0
2023-02,LH,국민임대,경기,0
2023-02,LH,국민임대,부산,0
2023-02,LH,국민임대,대구,0
2023-02,LH,국민임대,광주,0
2023-02,LH,국민임대,대전,0
2023-02,LH,국민임대,울산,0
2023-02,LH,국민임대,세종,0
2023-02,LH,국민임대,강원,0
2023-02,LH,국민임대,충북,0
2023-02,LH,국민임대,충남,0
2023-02,LH,국민임대,전북,0
2023-02,LH,국민임대,전남,0
2023-02,LH,국민임대,경북,0
2023-02,LH,국민임대,경남,0
2023-02,LH,국민임대,제주,0
2023-02,LH,공공임대,전국,120
2023-02,LH,공공임대,서울,0
2023-02,LH,공공임대,인천,0
2023-02,LH,공공임대,경기,0
2023-02,LH,공공임대,부산,0
2023-02,LH,공공임대,대구,0
2023-02,LH,공공임대,광주,0
2023-02,LH,공공임대,대전,0
2023-02,LH,공공임대,울산,0
2023-02,LH,공공임대,세종,0
2023-02,LH,공공임대,강원,0
2023-02,LH,공공임대,충북,0
2023-02,LH,공공임대,충남,0
2023-02,LH,공공임대,전북,120
2023-02,LH,공공임대,전남,0
2023-02,LH,공공임대,경북,0
2023-02,LH,공공임대,경남,0
2023-02,LH,공공임대,제주,0
2023-02,LH,공공분양,전국,0
2023-02,LH,공공분양,서울,0
2023-02,LH,공공분양,인천,0
2023-02,LH,공공분양,경기,0
2023-02,LH,공공분양,부산,0
2023-02,LH,공공분양,대구,0
2023-02,LH,공공분양,광주,0
2023-02,LH,공공분양,대전,0
2023-02,LH,공공분양,울산,0
2023-02,LH,공공분양,세종,0
2023-02,LH,공공분양,강원,0
2023-02,LH,공공분양,충북,0
2023-02,LH,공공분양,충남,0
2023-02,LH,공공분양,전북,0
2023-02,LH,공공분양,전남,0
2023-02,LH,공공분양,경북,0
2023-02,LH,공공분양,경남,0
2023-02,LH,공공분양,제주,0
2023-02,주택업체,소계,전국,1,441
2023-02,주택업체,소계,서울,96
2023-02,주택업체,소계,인천,1,109
2023-02,주택업체,소계,경기,236
2023-02,주택업체,소계,부산,0
2023-02,주택업체,소계,대구,0
2023-02,주택업체,소계,광주,0
2023-02,주택업체,소계,대전,0
2023-02,주택업체,소계,울산,0
2023-02,주택업체,소계,세종,0
2023-02,주택업체,소계,강원,0
2023-02,주택업체,소계,충북,0
2023-02,주택업체,소계,충남,0
2023-02,주택업체,소계,전북,0
2023-02,주택업체,소계,전남,0
2023-02,주택업체,소계,경북,0
2023-02,주택업체,소계,경남,0
2023-02,주택업체,소계,제주,0
2023-02,주택업체,국민임대,전국,0
2023-02,주택업체,국민임대,서울,0
2023-02,주택업체,국민임대,인천,0
2023-02,주택업체,국민임대,경기,0
2023-02,주택업체,국민임대,부산,0
2023-02,주택업체,국민임대,대구,0
2023-02,주택업체,국민임대,광주,0
2023-02,주택업체,국민임대,대전,0
2023-02,주택업체,국민임대,울산,0
2023-02,주택업체,국민임대,세종,0
2023-02,주택업체,국민임대,강원,0
2023-02,주택업체,국민임대,충북,0
2023-02,주택업체,국민임대,충남,0
2023-02,주택업체,국민임대,전북,0
2023-02,주택업체,국민임대,전남,0
2023-02,주택업체,국민임대,경북,0
2023-02,주택업체,국민임대,경남,0
2023-02,주택업체,국민임대,제주,0
2023-02,주택업체,공공임대,전국,1,441
2023-02,주택업체,공공임대,서울,96
2023-02,주택업체,공공임대,인천,1,109
2023-02,주택업체,공공임대,경기,236
2023-02,주택업체,공공임대,부산,0
2023-02,주택업체,공공임대,대구,0
2023-02,주택업체,공공임대,광주,0
2023-02,주택업체,공공임대,대전,0
2023-02,주택업체,공공임대,울산,0
2023-02,주택업체,공공임대,세종,0
2023-02,주택업체,공공임대,강원,0
2023-02,주택업체,공공임대,충북,0
2023-02,주택업체,공공임대,충남,0
2023-02,주택업체,공공임대,전북,0
2023-02,주택업체,공공임대,전남,0
2023-02,주택업체,공공임대,경북,0
2023-02,주택업체,공공임대,경남,0
2023-02,주택업체,공공임대,제주,0
2023-02,주택업체,공공분양,전국,0
2023-02,주택업체,공공분양,서울,0
2023-02,주택업체,공공분양,인천,0
2023-02,주택업체,공공분양,경기,0
2023-02,주택업체,공공분양,부산,0
2023-02,주택업체,공공분양,대구,0
2023-02,주택업체,공공분양,광주,0
2023-02,주택업체,공공분양,대전,0
2023-02,주택업체,공공분양,울산,0
2023-02,주택업체,공공분양,세종,0
2023-02,주택업체,공공분양,강원,0
2023-02,주택업체,공공분양,충북,0
2023-02,주택업체,공공분양,충남,0
2023-02,주택업체,공공분양,전북,0
2023-02,주택업체,공공분양,전남,0
2023-02,주택업체,공공분양,경북,0
2023-02,주택업체,공공분양,경남,0
2023-02,주택업체,공공분양,제주,0
2023-02,민간부문,소계,전국,33,597
2023-02,민간부문,소계,서울,3,789
2023-02,민간부문,소계,인천,3,818
2023-02,민간부문,소계,경기,13,492
2023-02,민간부문,소계,부산,202
2023-02,민간부문,소계,대구,1,460
2023-02,민간부문,소계,광주,878
2023-02,민간부문,소계,대전,526
2023-02,민간부문,소계,울산,40
2023-02,민간부문,소계,세종,48
2023-02,민간부문,소계,강원,2,445
2023-02,민간부문,소계,충북,1,110
2023-02,민간부문,소계,충남,1,865
2023-02,민간부문,소계,전북,1,437
2023-02,민간부문,소계,전남,901
2023-02,민간부문,소계,경북,841
2023-02,민간부문,소계,경남,483
2023-02,민간부문,소계,제주,262
2023-02,민간,민간임대,전국,3,143
2023-02,민간,민간임대,서울,0
2023-02,민간,민간임대,인천,910
2023-02,민간,민간임대,경기,528
2023-02,민간,민간임대,부산,0
2023-02,민간,민간임대,대구,0
2023-02,민간,민간임대,광주,490
2023-02,민간,민간임대,대전,0
2023-02,민간,민간임대,울산,0
2023-02,민간,민간임대,세종,0
2023-02,민간,민간임대,강원,1,215
2023-02,민간,민간임대,충북,0
2023-02,민간,민간임대,충남,0
2023-02,민간,민간임대,전북,0
2023-02,민간,민간임대,전남,0
2023-02,민간,민간임대,경북,0
2023-02,민간,민간임대,경남,0
2023-02,민간,민간임대,제주,0
2023-02,민간,민간분양,전국,30,454
2023-02,민간,민간분양,서울,3,789
2023-02,민간,민간분양,인천,2,908
2023-02,민간,민간분양,경기,12,964
2023-02,민간,민간분양,부산,202
2023-02,민간,민간분양,대구,1,460
2023-02,민간,민간분양,광주,388
2023-02,민간,민간분양,대전,526
2023-02,민간,민간분양,울산,40
2023-02,민간,민간분양,세종,48
2023-02,민간,민간분양,강원,1,230
2023-02,민간,민간분양,충북,1,110
2023-02,민간,민간분양,충남,1,865
2023-02,민간,민간분양,전북,1,437
2023-02,민간,민간분양,전남,901
2023-02,민간,민간분양,경북,841
2023-02,민간,민간분양,경남,483
2023-02,민간,민간분양,제주,262
2023-03,총계,총계,전국,26,355
2023-03,총계,총계,서울,2,874
2023-03,총계,총계,인천,551
2023-03,총계,총계,경기,9,509
2023-03,총계,총계,부산,1,629
2023-03,총계,총계,대구,3,676
2023-03,총계,총계,광주,210
2023-03,총계,총계,대전,1,869
2023-03,총계,총계,울산,442
2023-03,총계,총계,세종,20
2023-03,총계,총계,강원,199
2023-03,총계,총계,충북,233
2023-03,총계,총계,충남,1,280
2023-03,총계,총계,전북,645
2023-03,총계,총계,전남,2,330
2023-03,총계,총계,경북,290
2023-03,총계,총계,경남,259
2023-03,총계,총계,제주,339
2023-03,공공부문,소계,전국,2,727
2023-03,공공부문,소계,서울,60
2023-03,공공부문,소계,인천,0
2023-03,공공부문,소계,경기,2,667
2023-03,공공부문,소계,부산,0
2023-03,공공부문,소계,대구,0
2023-03,공공부문,소계,광주,0
2023-03,공공부문,소계,대전,0
2023-03,공공부문,소계,울산,0
2023-03,공공부문,소계,세종,0
2023-03,공공부문,소계,강원,0
2023-03,공공부문,소계,충북,0
2023-03,공공부문,소계,충남,0
2023-03,공공부문,소계,전북,0
2023-03,공공부문,소계,전남,0
2023-03,공공부문,소계,경북,0
2023-03,공공부문,소계,경남,0
2023-03,공공부문,소계,제주,0
2023-03,합,국민임대,전국,0
2023-03,합,국민임대,서울,0
2023-03,합,국민임대,인천,0
2023-03,합,국민임대,경기,0
2023-03,합,국민임대,부산,0
2023-03,합,국민임대,대구,0
2023-03,합,국민임대,광주,0
2023-03,합,국민임대,대전,0
2023-03,합,국민임대,울산,0
2023-03,합,국민임대,세종,0
2023-03,합,국민임대,강원,0
2023-03,합,국민임대,충북,0
2023-03,합,국민임대,충남,0
2023-03,합,국민임대,전북,0
2023-03,합,국민임대,전남,0
2023-03,합,국민임대,경북,0
2023-03,합,국민임대,경남,0
2023-03,합,국민임대,제주,0
2023-03,합,공공임대,전국,2,727
2023-03,합,공공임대,서울,60
2023-03,합,공공임대,인천,0
2023-03,합,공공임대,경기,2,667
2023-03,합,공공임대,부산,0
2023-03,합,공공임대,대구,0
2023-03,합,공공임대,광주,0
2023-03,합,공공임대,대전,0
2023-03,합,공공임대,울산,0
2023-03,합,공공임대,세종,0
2023-03,합,공공임대,강원,0
2023-03,합,공공임대,충북,0
2023-03,합,공공임대,충남,0
2023-03,합,공공임대,전북,0
2023-03,합,공공임대,전남,0
2023-03,합,공공임대,경북,0
2023-03,합,공공임대,경남,0
2023-03,합,공공임대,제주,0
2023-03,합,공공분양,전국,0
2023-03,합,공공분양,서울,0
2023-03,합,공공분양,인천,0
2023-03,합,공공분양,경기,0
2023-03,합,공공분양,부산,0
2023-03,합,공공분양,대구,0
2023-03,합,공공분양,광주,0
2023-03,합,공공분양,대전,0
2023-03,합,공공분양,울산,0
2023-03,합,공공분양,세종,0
2023-03,합,공공분양,강원,0
2023-03,합,공공분양,충북,0
2023-03,합,공공분양,충남,0
2023-03,합,공공분양,전북,0
2023-03,합,공공분양,전남,0
2023-03,합,공공분양,경북,0
2023-03,합,공공분양,경남,0
2023-03,합,공공분양,제주,0
2023-03,지자체,소계,전국,0
2023-03,지자체,소계,서울,0
2023-03,지자체,소계,인천,0
2023-03,지자체,소계,경기,0
2023-03,지자체,소계,부산,0
2023-03,지자체,소계,대구,0
2023-03,지자체,소계,광주,0
2023-03,지자체,소계,대전,0
2023-03,지자체,소계,울산,0
2023-03,지자체,소계,세종,0
2023-03,지자체,소계,강원,0
2023-03,지자체,소계,충북,0
2023-03,지자체,소계,충남,0
2023-03,지자체,소계,전북,0
2023-03,지자체,소계,전남,0
2023-03,지자체,소계,경북,0
2023-03,지자체,소계,경남,0
2023-03,지자체,소계,제주,0
2023-03,지자체,국민임대,전국,0
2023-03,지자체,국민임대,서울,0
2023-03,지자체,국민임대,인천,0
2023-03,지자체,국민임대,경기,0
2023-03,지자체,국민임대,부산,0
2023-03,지자체,국민임대,대구,0
2023-03,지자체,국민임대,광주,0
2023-03,지자체,국민임대,대전,0
2023-03,지자체,국민임대,울산,0
2023-03,지자체,국민임대,세종,0
2023-03,지자체,국민임대,강원,0
2023-03,지자체,국민임대,충북,0
2023-03,지자체,국민임대,충남,0
2023-03,지자체,국민임대,전북,0
2023-03,지자체,국민임대,전남,0
2023-03,지자체,국민임대,경북,0
2023-03,지자체,국민임대,경남,0
2023-03,지자체,국민임대,제주,0
2023-03,지자체,공공임대,전국,0
2023-03,지자체,공공임대,서울,0
2023-03,지자체,공공임대,인천,0
2023-03,지자체,공공임대,경기,0
2023-03,지자체,공공임대,부산,0
2023-03,지자체,공공임대,대구,0
2023-03,지자체,공공임대,광주,0
2023-03,지자체,공공임대,대전,0
2023-03,지자체,공공임대,울산,0
2023-03,지자체,공공임대,세종,0
2023-03,지자체,공공임대,강원,0
2023-03,지자체,공공임대,충북,0
2023-03,지자체,공공임대,충남,0
2023-03,지자체,공공임대,전북,0
2023-03,지자체,공공임대,전남,0
2023-03,지자체,공공임대,경북,0
2023-03,지자체,공공임대,경남,0
2023-03,지자체,공공임대,제주,0
2023-03,지자체,공공분양,전국,0
2023-03,지자체,공공분양,서울,0
2023-03,지자체,공공분양,인천,0
2023-03,지자체,공공분양,경기,0
2023-03,지자체,공공분양,부산,0
2023-03,지자체,공공분양,대구,0
2023-03,지자체,공공분양,광주,0
2023-03,지자체,공공분양,대전,0
2023-03,지자체,공공분양,울산,0
2023-03,지자체,공공분양,세종,0
2023-03,지자체,공공분양,강원,0
2023-03,지자체,공공분양,충북,0
2023-03,지자체,공공분양,충남,0
2023-03,지자체,공공분양,전북,0
2023-03,지자체,공공분양,전남,0
2023-03,지자체,공공분양,경북,0
2023-03,지자체,공공분양,경남,0
2023-03,지자체,공공분양,제주,0
2023-03,LH,소계,전국,2,667
2023-03,LH,소계,서울,0
2023-03,LH,소계,인천,0
2023-03,LH,소계,경기,2,667
2023-03,LH,소계,부산,0
2023-03,LH,소계,대구,0
2023-03,LH,소계,광주,0
2023-03,LH,소계,대전,0
2023-03,LH,소계,울산,0
2023-03,LH,소계,세종,0
2023-03,LH,소계,강원,0
2023-03,LH,소계,충북,0
2023-03,LH,소계,충남,0
2023-03,LH,소계,전북,0
2023-03,LH,소계,전남,0
2023-03,LH,소계,경북,0
2023-03,LH,소계,경남,0
2023-03,LH,소계,제주,0
2023-03,LH,국민임대,전국,0
2023-03,LH,국민임대,서울,0
2023-03,LH,국민임대,인천,0
2023-03,LH,국민임대,경기,0
2023-03,LH,국민임대,부산,0
2023-03,LH,국민임대,대구,0
2023-03,LH,국민임대,광주,0
2023-03,LH,국민임대,대전,0
2023-03,LH,국민임대,울산,0
2023-03,LH,국민임대,세종,0
2023-03,LH,국민임대,강원,0
2023-03,LH,국민임대,충북,0
2023-03,LH,국민임대,충남,0
2023-03,LH,국민임대,전북,0
2023-03,LH,국민임대,전남,0
2023-03,LH,국민임대,경북,0
2023-03,LH,국민임대,경남,0
2023-03,LH,국민임대,제주,0
2023-03,LH,공공임대,전국,2,667
2023-03,LH,공공임대,서울,0
2023-03,LH,공공임대,인천,0
2023-03,LH,공공임대,경기,2,667
2023-03,LH,공공임대,부산,0
2023-03,LH,공공임대,대구,0
2023-03,LH,공공임대,광주,0
2023-03,LH,공공임대,대전,0
2023-03,LH,공공임대,울산,0
2023-03,LH,공공임대,세종,0
2023-03,LH,공공임대,강원,0
2023-03,LH,공공임대,충북,0
2023-03,LH,공공임대,충남,0
2023-03,LH,공공임대,전북,0
2023-03,LH,공공임대,전남,0
2023-03,LH,공공임대,경북,0
2023-03,LH,공공임대,경남,0
2023-03,LH,공공임대,제주,0
2023-03,LH,공공분양,전국,0
2023-03,LH,공공분양,서울,0
2023-03,LH,공공분양,인천,0
2023-03,LH,공공분양,경기,0
2023-03,LH,공공분양,부산,0
2023-03,LH,공공분양,대구,0
2023-03,LH,공공분양,광주,0
2023-03,LH,공공분양,대전,0
2023-03,LH,공공분양,울산,0
2023-03,LH,공공분양,세종,0
2023-03,LH,공공분양,강원,0
2023-03,LH,공공분양,충북,0
2023-03,LH,공공분양,충남,0
2023-03,LH,공공분양,전북,0
2023-03,LH,공공분양,전남,0
2023-03,LH,공공분양,경북,0
2023-03,LH,공공분양,경남,0
2023-03,LH,공공분양,제주,0
2023-03,주택업체,소계,전국,60
2023-03,주택업체,소계,서울,60
2023-03,주택업체,소계,인천,0
2023-03,주택업체,소계,경기,0
2023-03,주택업체,소계,부산,0
2023-03,주택업체,소계,대구,0
2023-03,주택업체,소계,광주,0
2023-03,주택업체,소계,대전,0
2023-03,주택업체,소계,울산,0
2023-03,주택업체,소계,세종,0
2023-03,주택업체,소계,강원,0
2023-03,주택업체,소계,충북,0
2023-03,주택업체,소계,충남,0
2023-03,주택업체,소계,전북,0
2023-03,주택업체,소계,전남,0
2023-03,주택업체,소계,경북,0
2023-03,주택업체,소계,경남,0
2023-03,주택업체,소계,제주,0
2023-03,주택업체,국민임대,전국,0
2023-03,주택업체,국민임대,서울,0
2023-03,주택업체,국민임대,인천,0
2023-03,주택업체,국민임대,경기,0
2023-03,주택업체,국민임대,부산,0
2023-03,주택업체,국민임대,대구,0
2023-03,주택업체,국민임대,광주,0
2023-03,주택업체,국민임대,대전,0
2023-03,주택업체,국민임대,울산,0
2023-03,주택업체,국민임대,세종,0
2023-03,주택업체,국민임대,강원,0
2023-03,주택업체,국민임대,충북,0
2023-03,주택업체,국민임대,충남,0
2023-03,주택업체,국민임대,전북,0
2023-03,주택업체,국민임대,전남,0
2023-03,주택업체,국민임대,경북,0
2023-03,주택업체,국민임대,경남,0
2023-03,주택업체,국민임대,제주,0
2023-03,주택업체,공공임대,전국,60
2023-03,주택업체,공공임대,서울,60
2023-03,주택업체,공공임대,인천,0
2023-03,주택업체,공공임대,경기,0
2023-03,주택업체,공공임대,부산,0
2023-03,주택업체,공공임대,대구,0
2023-03,주택업체,공공임대,광주,0
2023-03,주택업체,공공임대,대전,0
2023-03,주택업체,공공임대,울산,0
2023-03,주택업체,공공임대,세종,0
2023-03,주택업체,공공임대,강원,0
2023-03,주택업체,공공임대,충북,0
2023-03,주택업체,공공임대,충남,0
2023-03,주택업체,공공임대,전북,0
2023-03,주택업체,공공임대,전남,0
2023-03,주택업체,공공임대,경북,0
2023-03,주택업체,공공임대,경남,0
2023-03,주택업체,공공임대,제주,0
2023-03,주택업체,공공분양,전국,0
2023-03,주택업체,공공분양,서울,0
2023-03,주택업체,공공분양,인천,0
2023-03,주택업체,공공분양,경기,0
2023-03,주택업체,공공분양,부산,0
2023-03,주택업체,공공분양,대구,0
2023-03,주택업체,공공분양,광주,0
2023-03,주택업체,공공분양,대전,0
2023-03,주택업체,공공분양,울산,0
2023-03,주택업체,공공분양,세종,0
2023-03,주택업체,공공분양,강원,0
2023-03,주택업체,공공분양,충북,0
2023-03,주택업체,공공분양,충남,0
2023-03,주택업체,공공분양,전북,0
2023-03,주택업체,공공분양,전남,0
2023-03,주택업체,공공분양,경북,0
2023-03,주택업체,공공분양,경남,0
2023-03,주택업체,공공분양,제주,0
2023-03,민간부문,소계,전국,23,628
2023-03,민간부문,소계,서울,2,814
2023-03,민간부문,소계,인천,551
2023-03,민간부문,소계,경기,6,842
2023-03,민간부문,소계,부산,1,629
2023-03,민간부문,소계,대구,3,676
2023-03,민간부문,소계,광주,210
2023-03,민간부문,소계,대전,1,869
2023-03,민간부문,소계,울산,442
2023-03,민간부문,소계,세종,20
2023-03,민간부문,소계,강원,199
2023-03,민간부문,소계,충북,233
2023-03,민간부문,소계,충남,1,280
2023-03,민간부문,소계,전북,645
2023-03,민간부문,소계,전남,2,330
2023-03,민간부문,소계,경북,290
2023-03,민간부문,소계,경남,259
2023-03,민간부문,소계,제주,339
2023-03,민간,민간임대,전국,937
2023-03,민간,민간임대,서울,0
2023-03,민간,민간임대,인천,0
2023-03,민간,민간임대,경기,866
2023-03,민간,민간임대,부산,0
2023-03,민간,민간임대,대구,0
2023-03,민간,민간임대,광주,0
2023-03,민간,민간임대,대전,0
2023-03,민간,민간임대,울산,0
2023-03,민간,민간임대,세종,0
2023-03,민간,민간임대,강원,0
2023-03,민간,민간임대,충북,0
2023-03,민간,민간임대,충남,0
2023-03,민간,민간임대,전북,0
2023-03,민간,민간임대,전남,71
2023-03,민간,민간임대,경북,0
2023-03,민간,민간임대,경남,0
2023-03,민간,민간임대,제주,0
2023-03,민간,민간분양,전국,22,691
2023-03,민간,민간분양,서울,2,814
2023-03,민간,민간분양,인천,551
2023-03,민간,민간분양,경기,5,976
2023-03,민간,민간분양,부산,1,629
2023-03,민간,민간분양,대구,3,676
2023-03,민간,민간분양,광주,210
2023-03,민간,민간분양,대전,1,869
2023-03,민간,민간분양,울산,442
2023-03,민간,민간분양,세종,20
2023-03,민간,민간분양,강원,199
2023-03,민간,민간분양,충북,233
2023-03,민간,민간분양,충남,1,280
2023-03,민간,민간분양,전북,645
2023-03,민간,민간분양,전남,2,259
2023-03,민간,민간분양,경북,290
2023-03,민간,민간분양,경남,259
2023-03,민간,민간분양,제주,339
2023-04,총계,총계,전국,34,835
2023-04,총계,총계,서울,2,851
2023-04,총계,총계,인천,4,043
2023-04,총계,총계,경기,14,213
2023-04,총계,총계,부산,514
2023-04,총계,총계,대구,3,728
2023-04,총계,총계,광주,190
2023-04,총계,총계,대전,76
2023-04,총계,총계,울산,26
2023-04,총계,총계,세종,19
2023-04,총계,총계,강원,903
2023-04,총계,총계,충북,559
2023-04,총계,총계,충남,2,084
2023-04,총계,총계,전북,1,135
2023-04,총계,총계,전남,924
2023-04,총계,총계,경북,2,056
2023-04,총계,총계,경남,1,186
2023-04,총계,총계,제주,328
2023-04,공공부문,소계,전국,8,304
2023-04,공공부문,소계,서울,597
2023-04,공공부문,소계,인천,2,805
2023-04,공공부문,소계,경기,4,292
2023-04,공공부문,소계,부산,0
2023-04,공공부문,소계,대구,13
2023-04,공공부문,소계,광주,0
2023-04,공공부문,소계,대전,0
2023-04,공공부문,소계,울산,0
2023-04,공공부문,소계,세종,0
2023-04,공공부문,소계,강원,0
2023-04,공공부문,소계,충북,1
2023-04,공공부문,소계,충남,100
2023-04,공공부문,소계,전북,496
2023-04,공공부문,소계,전남,0
2023-04,공공부문,소계,경북,0
2023-04,공공부문,소계,경남,0
2023-04,공공부문,소계,제주,0
2023-04,합,국민임대,전국,2,226
2023-04,합,국민임대,서울,0
2023-04,합,국민임대,인천,1,746
2023-04,합,국민임대,경기,479
2023-04,합,국민임대,부산,0
2023-04,합,국민임대,대구,1
2023-04,합,국민임대,광주,0
2023-04,합,국민임대,대전,0
2023-04,합,국민임대,울산,0
2023-04,합,국민임대,세종,0
2023-04,합,국민임대,강원,0
2023-04,합,국민임대,충북,0
2023-04,합,국민임대,충남,0
2023-04,합,국민임대,전북,0
2023-04,합,국민임대,전남,0
2023-04,합,국민임대,경북,0
2023-04,합,국민임대,경남,0
2023-04,합,국민임대,제주,0
2023-04,합,공공임대,전국,3,832
2023-04,합,공공임대,서울,199
2023-04,합,공공임대,인천,1,059
2023-04,합,공공임대,경기,1,965
2023-04,합,공공임대,부산,0
2023-04,합,공공임대,대구,12
2023-04,합,공공임대,광주,0
2023-04,합,공공임대,대전,0
2023-04,합,공공임대,울산,0
2023-04,합,공공임대,세종,0
2023-04,합,공공임대,강원,0
2023-04,합,공공임대,충북,1
2023-04,합,공공임대,충남,100
2023-04,합,공공임대,전북,496
2023-04,합,공공임대,전남,0
2023-04,합,공공임대,경북,0
2023-04,합,공공임대,경남,0
2023-04,합,공공임대,제주,0
2023-04,합,공공분양,전국,2,246
2023-04,합,공공분양,서울,398
2023-04,합,공공분양,인천,0
2023-04,합,공공분양,경기,1,848
2023-04,합,공공분양,부산,0
2023-04,합,공공분양,대구,0
2023-04,합,공공분양,광주,0
2023-04,합,공공분양,대전,0
2023-04,합,공공분양,울산,0
2023-04,합,공공분양,세종,0
2023-04,합,공공분양,강원,0
2023-04,합,공공분양,충북,0
2023-04,합,공공분양,충남,0
2023-04,합,공공분양,전북,0
2023-04,합,공공분양,전남,0
2023-04,합,공공분양,경북,0
2023-04,합,공공분양,경남,0
2023-04,합,공공분양,제주,0
2023-04,지자체,소계,전국,0
2023-04,지자체,소계,서울,0
2023-04,지자체,소계,인천,0
2023-04,지자체,소계,경기,0
2023-04,지자체,소계,부산,0
2023-04,지자체,소계,대구,0
2023-04,지자체,소계,광주,0
2023-04,지자체,소계,대전,0
2023-04,지자체,소계,울산,0
2023-04,지자체,소계,세종,0
2023-04,지자체,소계,강원,0
2023-04,지자체,소계,충북,0
2023-04,지자체,소계,충남,0
2023-04,지자체,소계,전북,0
2023-04,지자체,소계,전남,0
2023-04,지자체,소계,경북,0
2023-04,지자체,소계,경남,0
2023-04,지자체,소계,제주,0
2023-04,지자체,국민임대,전국,0
2023-04,지자체,국민임대,서울,0
2023-04,지자체,국민임대,인천,0
2023-04,지자체,국민임대,경기,0
2023-04,지자체,국민임대,부산,0
2023-04,지자체,국민임대,대구,0
2023-04,지자체,국민임대,광주,0
2023-04,지자체,국민임대,대전,0
2023-04,지자체,국민임대,울산,0
2023-04,지자체,국민임대,세종,0
2023-04,지자체,국민임대,강원,0
2023-04,지자체,국민임대,충북,0
2023-04,지자체,국민임대,충남,0
2023-04,지자체,국민임대,전북,0
2023-04,지자체,국민임대,전남,0
2023-04,지자체,국민임대,경북,0
2023-04,지자체,국민임대,경남,0
2023-04,지자체,국민임대,제주,0
2023-04,지자체,공공임대,전국,0
2023-04,지자체,공공임대,서울,0
2023-04,지자체,공공임대,인천,0
2023-04,지자체,공공임대,경기,0
2023-04,지자체,공공임대,부산,0
2023-04,지자체,공공임대,대구,0
2023-04,지자체,공공임대,광주,0
2023-04,지자체,공공임대,대전,0
2023-04,지자체,공공임대,울산,0
2023-04,지자체,공공임대,세종,0
2023-04,지자체,공공임대,강원,0
2023-04,지자체,공공임대,충북,0
2023-04,지자체,공공임대,충남,0
2023-04,지자체,공공임대,전북,0
2023-04,지자체,공공임대,전남,0
2023-04,지자체,공공임대,경북,0
2023-04,지자체,공공임대,경남,0
2023-04,지자체,공공임대,제주,0
2023-04,지자체,공공분양,전국,0
2023-04,지자체,공공분양,서울,0
2023-04,지자체,공공분양,인천,0
2023-04,지자체,공공분양,경기,0
2023-04,지자체,공공분양,부산,0
2023-04,지자체,공공분양,대구,0
2023-04,지자체,공공분양,광주,0
2023-04,지자체,공공분양,대전,0
2023-04,지자체,공공분양,울산,0
2023-04,지자체,공공분양,세종,0
2023-04,지자체,공공분양,강원,0
2023-04,지자체,공공분양,충북,0
2023-04,지자체,공공분양,충남,0
2023-04,지자체,공공분양,전북,0
2023-04,지자체,공공분양,전남,0
2023-04,지자체,공공분양,경북,0
2023-04,지자체,공공분양,경남,0
2023-04,지자체,공공분양,제주,0
2023-04,LH,소계,전국,6,636
2023-04,LH,소계,서울,597
2023-04,LH,소계,인천,1,746
2023-04,LH,소계,경기,4,292
2023-04,LH,소계,부산,0
2023-04,LH,소계,대구,0
2023-04,LH,소계,광주,0
2023-04,LH,소계,대전,0
2023-04,LH,소계,울산,0
2023-04,LH,소계,세종,0
2023-04,LH,소계,강원,0
2023-04,LH,소계,충북,1
2023-04,LH,소계,충남,0
2023-04,LH,소계,전북,0
2023-04,LH,소계,전남,0
2023-04,LH,소계,경북,0
2023-04,LH,소계,경남,0
2023-04,LH,소계,제주,0
2023-04,LH,국민임대,전국,2,225
2023-04,LH,국민임대,서울,0
2023-04,LH,국민임대,인천,1,746
2023-04,LH,국민임대,경기,479
2023-04,LH,국민임대,부산,0
2023-04,LH,국민임대,대구,0
2023-04,LH,국민임대,광주,0
2023-04,LH,국민임대,대전,0
2023-04,LH,국민임대,울산,0
2023-04,LH,국민임대,세종,0
2023-04,LH,국민임대,강원,0
2023-04,LH,국민임대,충북,0
2023-04,LH,국민임대,충남,0
2023-04,LH,국민임대,전북,0
2023-04,LH,국민임대,전남,0
2023-04,LH,국민임대,경북,0
2023-04,LH,국민임대,경남,0
2023-04,LH,국민임대,제주,0
2023-04,LH,공공임대,전국,2,165
2023-04,LH,공공임대,서울,199
2023-04,LH,공공임대,인천,0
2023-04,LH,공공임대,경기,1,965
2023-04,LH,공공임대,부산,0
2023-04,LH,공공임대,대구,0
2023-04,LH,공공임대,광주,0
2023-04,LH,공공임대,대전,0
2023-04,LH,공공임대,울산,0
2023-04,LH,공공임대,세종,0
2023-04,LH,공공임대,강원,0
2023-04,LH,공공임대,충북,1
2023-04,LH,공공임대,충남,0
2023-04,LH,공공임대,전북,0
2023-04,LH,공공임대,전남,0
2023-04,LH,공공임대,경북,0
2023-04,LH,공공임대,경남,0
2023-04,LH,공공임대,제주,0
2023-04,LH,공공분양,전국,2,246
2023-04,LH,공공분양,서울,398
2023-04,LH,공공분양,인천,0
2023-04,LH,공공분양,경기,1,848
2023-04,LH,공공분양,부산,0
2023-04,LH,공공분양,대구,0
2023-04,LH,공공분양,광주,0
2023-04,LH,공공분양,대전,0
2023-04,LH,공공분양,울산,0
2023-04,LH,공공분양,세종,0
2023-04,LH,공공분양,강원,0
2023-04,LH,공공분양,충북,0
2023-04,LH,공공분양,충남,0
2023-04,LH,공공분양,전북,0
2023-04,LH,공공분양,전남,0
2023-04,LH,공공분양,경북,0
2023-04,LH,공공분양,경남,0
2023-04,LH,공공분양,제주,0
2023-04,주택업체,소계,전국,1,668
2023-04,주택업체,소계,서울,0
2023-04,주택업체,소계,인천,1,059
2023-04,주택업체,소계,경기,0
2023-04,주택업체,소계,부산,0
2023-04,주택업체,소계,대구,13
2023-04,주택업체,소계,광주,0
2023-04,주택업체,소계,대전,0
2023-04,주택업체,소계,울산,0
2023-04,주택업체,소계,세종,0
2023-04,주택업체,소계,강원,0
2023-04,주택업체,소계,충북,0
2023-04,주택업체,소계,충남,100
2023-04,주택업체,소계,전북,496
2023-04,주택업체,소계,전남,0
2023-04,주택업체,소계,경북,0
2023-04,주택업체,소계,경남,0
2023-04,주택업체,소계,제주,0
2023-04,주택업체,국민임대,전국,1
2023-04,주택업체,국민임대,서울,0
2023-04,주택업체,국민임대,인천,0
2023-04,주택업체,국민임대,경기,0
2023-04,주택업체,국민임대,부산,0
2023-04,주택업체,국민임대,대구,1
2023-04,주택업체,국민임대,광주,0
2023-04,주택업체,국민임대,대전,0
2023-04,주택업체,국민임대,울산,0
2023-04,주택업체,국민임대,세종,0
2023-04,주택업체,국민임대,강원,0
2023-04,주택업체,국민임대,충북,0
2023-04,주택업체,국민임대,충남,0
2023-04,주택업체,국민임대,전북,0
2023-04,주택업체,국민임대,전남,0
2023-04,주택업체,국민임대,경북,0
2023-04,주택업체,국민임대,경남,0
2023-04,주택업체,국민임대,제주,0
2023-04,주택업체,공공임대,전국,1,667
2023-04,주택업체,공공임대,서울,0
2023-04,주택업체,공공임대,인천,1,059
2023-04,주택업체,공공임대,경기,0
2023-04,주택업체,공공임대,부산,0
2023-04,주택업체,공공임대,대구,12
2023-04,주택업체,공공임대,광주,0
2023-04,주택업체,공공임대,대전,0
2023-04,주택업체,공공임대,울산,0
2023-04,주택업체,공공임대,세종,0
2023-04,주택업체,공공임대,강원,0
2023-04,주택업체,공공임대,충북,0
2023-04,주택업체,공공임대,충남,100
2023-04,주택업체,공공임대,전북,496
2023-04,주택업체,공공임대,전남,0
2023-04,주택업체,공공임대,경북,0
2023-04,주택업체,공공임대,경남,0
2023-04,주택업체,공공임대,제주,0
2023-04,주택업체,공공분양,전국,0
2023-04,주택업체,공공분양,서울,0
2023-04,주택업체,공공분양,인천,0
2023-04,주택업체,공공분양,경기,0
2023-04,주택업체,공공분양,부산,0
2023-04,주택업체,공공분양,대구,0
2023-04,주택업체,공공분양,광주,0
2023-04,주택업체,공공분양,대전,0
2023-04,주택업체,공공분양,울산,0
2023-04,주택업체,공공분양,세종,0
2023-04,주택업체,공공분양,강원,0
2023-04,주택업체,공공분양,충북,0
2023-04,주택업체,공공분양,충남,0
2023-04,주택업체,공공분양,전북,0
2023-04,주택업체,공공분양,전남,0
2023-04,주택업체,공공분양,경북,0
2023-04,주택업체,공공분양,경남,0
2023-04,주택업체,공공분양,제주,0
2023-04,민간부문,소계,전국,26,531
2023-04,민간부문,소계,서울,2,254
2023-04,민간부문,소계,인천,1,238
2023-04,민간부문,소계,경기,9,921
2023-04,민간부문,소계,부산,514
2023-04,민간부문,소계,대구,3,715
2023-04,민간부문,소계,광주,190
2023-04,민간부문,소계,대전,76
2023-04,민간부문,소계,울산,26
2023-04,민간부문,소계,세종,19
2023-04,민간부문,소계,강원,903
2023-04,민간부문,소계,충북,558
2023-04,민간부문,소계,충남,1,984
2023-04,민간부문,소계,전북,639
2023-04,민간부문,소계,전남,924
2023-04,민간부문,소계,경북,2,056
2023-04,민간부문,소계,경남,1,186
2023-04,민간부문,소계,제주,328
2023-04,민간,민간임대,전국,4,082
2023-04,민간,민간임대,서울,0
2023-04,민간,민간임대,인천,0
2023-04,민간,민간임대,경기,1,228
2023-04,민간,민간임대,부산,0
2023-04,민간,민간임대,대구,0
2023-04,민간,민간임대,광주,146
2023-04,민간,민간임대,대전,0
2023-04,민간,민간임대,울산,0
2023-04,민간,민간임대,세종,0
2023-04,민간,민간임대,강원,402
2023-04,민간,민간임대,충북,0
2023-04,민간,민간임대,충남,1,579
2023-04,민간,민간임대,전북,0
2023-04,민간,민간임대,전남,727
2023-04,민간,민간임대,경북,0
2023-04,민간,민간임대,경남,0
2023-04,민간,민간임대,제주,0
2023-04,민간,민간분양,전국,22,449
2023-04,민간,민간분양,서울,2,254
2023-04,민간,민간분양,인천,1,238
2023-04,민간,민간분양,경기,8,693
2023-04,민간,민간분양,부산,514
2023-04,민간,민간분양,대구,3,715
2023-04,민간,민간분양,광주,44
2023-04,민간,민간분양,대전,76
2023-04,민간,민간분양,울산,26
2023-04,민간,민간분양,세종,19
2023-04,민간,민간분양,강원,501
2023-04,민간,민간분양,충북,558
2023-04,민간,민간분양,충남,405
2023-04,민간,민간분양,전북,639
2023-04,민간,민간분양,전남,197
2023-04,민간,민간분양,경북,2,056
2023-04,민간,민간분양,경남,1,186
2023-04,민간,민간분양,제주,328
2023-05,총계,총계,전국,34,253
2023-05,총계,총계,서울,1,498
2023-05,총계,총계,인천,548
2023-05,총계,총계,경기,16,277
2023-05,총계,총계,부산,2,223
2023-05,총계,총계,대구,3,116
2023-05,총계,총계,광주,590
2023-05,총계,총계,대전,608
2023-05,총계,총계,울산,2,753
2023-05,총계,총계,세종,72
2023-05,총계,총계,강원,370
2023-05,총계,총계,충북,204
2023-05,총계,총계,충남,2,941
2023-05,총계,총계,전북,873
2023-05,총계,총계,전남,978
2023-05,총계,총계,경북,299
2023-05,총계,총계,경남,619
2023-05,총계,총계,제주,284
2023-05,공공부문,소계,전국,5,500
2023-05,공공부문,소계,서울,0
2023-05,공공부문,소계,인천,0
2023-05,공공부문,소계,경기,4,038
2023-05,공공부문,소계,부산,88
2023-05,공공부문,소계,대구,0
2023-05,공공부문,소계,광주,0
2023-05,공공부문,소계,대전,0
2023-05,공공부문,소계,울산,0
2023-05,공공부문,소계,세종,0
2023-05,공공부문,소계,강원,140
2023-05,공공부문,소계,충북,0
2023-05,공공부문,소계,충남,822
2023-05,공공부문,소계,전북,0
2023-05,공공부문,소계,전남,0
2023-05,공공부문,소계,경북,0
2023-05,공공부문,소계,경남,397
2023-05,공공부문,소계,제주,15
2023-05,합,국민임대,전국,1,052
2023-05,합,국민임대,서울,0
2023-05,합,국민임대,인천,0
2023-05,합,국민임대,경기,0
2023-05,합,국민임대,부산,0
2023-05,합,국민임대,대구,0
2023-05,합,국민임대,광주,0
2023-05,합,국민임대,대전,0
2023-05,합,국민임대,울산,0
2023-05,합,국민임대,세종,0
2023-05,합,국민임대,강원,40
2023-05,합,국민임대,충북,0
2023-05,합,국민임대,충남,720
2023-05,합,국민임대,전북,0
2023-05,합,국민임대,전남,0
2023-05,합,국민임대,경북,0
2023-05,합,국민임대,경남,277
2023-05,합,국민임대,제주,15
2023-05,합,공공임대,전국,2,739
2023-05,합,공공임대,서울,0
2023-05,합,공공임대,인천,0
2023-05,합,공공임대,경기,2,329
2023-05,합,공공임대,부산,88
2023-05,합,공공임대,대구,0
2023-05,합,공공임대,광주,0
2023-05,합,공공임대,대전,0
2023-05,합,공공임대,울산,0
2023-05,합,공공임대,세종,0
2023-05,합,공공임대,강원,100
2023-05,합,공공임대,충북,0
2023-05,합,공공임대,충남,102
2023-05,합,공공임대,전북,0
2023-05,합,공공임대,전남,0
2023-05,합,공공임대,경북,0
2023-05,합,공공임대,경남,120
2023-05,합,공공임대,제주,0
2023-05,합,공공분양,전국,1,709
2023-05,합,공공분양,서울,0
2023-05,합,공공분양,인천,0
2023-05,합,공공분양,경기,1,709
2023-05,합,공공분양,부산,0
2023-05,합,공공분양,대구,0
2023-05,합,공공분양,광주,0
2023-05,합,공공분양,대전,0
2023-05,합,공공분양,울산,0
2023-05,합,공공분양,세종,0
2023-05,합,공공분양,강원,0
2023-05,합,공공분양,충북,0
2023-05,합,공공분양,충남,0
2023-05,합,공공분양,전북,0
2023-05,합,공공분양,전남,0
2023-05,합,공공분양,경북,0
2023-05,합,공공분양,경남,0
2023-05,합,공공분양,제주,0
2023-05,지자체,소계,전국,0
2023-05,지자체,소계,서울,0
2023-05,지자체,소계,인천,0
2023-05,지자체,소계,경기,0
2023-05,지자체,소계,부산,0
2023-05,지자체,소계,대구,0
2023-05,지자체,소계,광주,0
2023-05,지자체,소계,대전,0
2023-05,지자체,소계,울산,0
2023-05,지자체,소계,세종,0
2023-05,지자체,소계,강원,0
2023-05,지자체,소계,충북,0
2023-05,지자체,소계,충남,0
2023-05,지자체,소계,전북,0
2023-05,지자체,소계,전남,0
2023-05,지자체,소계,경북,0
2023-05,지자체,소계,경남,0
2023-05,지자체,소계,제주,0
2023-05,지자체,국민임대,전국,0
2023-05,지자체,국민임대,서울,0
2023-05,지자체,국민임대,인천,0
2023-05,지자체,국민임대,경기,0
2023-05,지자체,국민임대,부산,0
2023-05,지자체,국민임대,대구,0
2023-05,지자체,국민임대,광주,0
2023-05,지자체,국민임대,대전,0
2023-05,지자체,국민임대,울산,0
2023-05,지자체,국민임대,세종,0
2023-05,지자체,국민임대,강원,0
2023-05,지자체,국민임대,충북,0
2023-05,지자체,국민임대,충남,0
2023-05,지자체,국민임대,전북,0
2023-05,지자체,국민임대,전남,0
2023-05,지자체,국민임대,경북,0
2023-05,지자체,국민임대,경남,0
2023-05,지자체,국민임대,제주,0
2023-05,지자체,공공임대,전국,0
2023-05,지자체,공공임대,서울,0
2023-05,지자체,공공임대,인천,0
2023-05,지자체,공공임대,경기,0
2023-05,지자체,공공임대,부산,0
2023-05,지자체,공공임대,대구,0
2023-05,지자체,공공임대,광주,0
2023-05,지자체,공공임대,대전,0
2023-05,지자체,공공임대,울산,0
2023-05,지자체,공공임대,세종,0
2023-05,지자체,공공임대,강원,0
2023-05,지자체,공공임대,충북,0
2023-05,지자체,공공임대,충남,0
2023-05,지자체,공공임대,전북,0
2023-05,지자체,공공임대,전남,0
2023-05,지자체,공공임대,경북,0
2023-05,지자체,공공임대,경남,0
2023-05,지자체,공공임대,제주,0
2023-05,지자체,공공분양,전국,0
2023-05,지자체,공공분양,서울,0
2023-05,지자체,공공분양,인천,0
2023-05,지자체,공공분양,경기,0
2023-05,지자체,공공분양,부산,0
2023-05,지자체,공공분양,대구,0
2023-05,지자체,공공분양,광주,0
2023-05,지자체,공공분양,대전,0
2023-05,지자체,공공분양,울산,0
2023-05,지자체,공공분양,세종,0
2023-05,지자체,공공분양,강원,0
2023-05,지자체,공공분양,충북,0
2023-05,지자체,공공분양,충남,0
2023-05,지자체,공공분양,전북,0
2023-05,지자체,공공분양,전남,0
2023-05,지자체,공공분양,경북,0
2023-05,지자체,공공분양,경남,0
2023-05,지자체,공공분양,제주,0
2023-05,LH,소계,전국,4,024
2023-05,LH,소계,서울,0
2023-05,LH,소계,인천,0
2023-05,LH,소계,경기,2,665
2023-05,LH,소계,부산,0
2023-05,LH,소계,대구,0
2023-05,LH,소계,광주,0
2023-05,LH,소계,대전,0
2023-05,LH,소계,울산,0
2023-05,LH,소계,세종,0
2023-05,LH,소계,강원,140
2023-05,LH,소계,충북,0
2023-05,LH,소계,충남,822
2023-05,LH,소계,전북,0
2023-05,LH,소계,전남,0
2023-05,LH,소계,경북,0
2023-05,LH,소계,경남,397
2023-05,LH,소계,제주,0
2023-05,LH,국민임대,전국,1,037
2023-05,LH,국민임대,서울,0
2023-05,LH,국민임대,인천,0
2023-05,LH,국민임대,경기,0
2023-05,LH,국민임대,부산,0
2023-05,LH,국민임대,대구,0
2023-05,LH,국민임대,광주,0
2023-05,LH,국민임대,대전,0
2023-05,LH,국민임대,울산,0
2023-05,LH,국민임대,세종,0
2023-05,LH,국민임대,강원,40
2023-05,LH,국민임대,충북,0
2023-05,LH,국민임대,충남,720
2023-05,LH,국민임대,전북,0
2023-05,LH,국민임대,전남,0
2023-05,LH,국민임대,경북,0
2023-05,LH,국민임대,경남,277
2023-05,LH,국민임대,제주,0
2023-05,LH,공공임대,전국,1,278
2023-05,LH,공공임대,서울,0
2023-05,LH,공공임대,인천,0
2023-05,LH,공공임대,경기,956
2023-05,LH,공공임대,부산,0
2023-05,LH,공공임대,대구,0
2023-05,LH,공공임대,광주,0
2023-05,LH,공공임대,대전,0
2023-05,LH,공공임대,울산,0
2023-05,LH,공공임대,세종,0
2023-05,LH,공공임대,강원,100
2023-05,LH,공공임대,충북,0
2023-05,LH,공공임대,충남,102
2023-05,LH,공공임대,전북,0
2023-05,LH,공공임대,전남,0
2023-05,LH,공공임대,경북,0
2023-05,LH,공공임대,경남,120
2023-05,LH,공공임대,제주,0
2023-05,LH,공공분양,전국,1,709
2023-05,LH,공공분양,서울,0
2023-05,LH,공공분양,인천,0
2023-05,LH,공공분양,경기,1,709
2023-05,LH,공공분양,부산,0
2023-05,LH,공공분양,대구,0
2023-05,LH,공공분양,광주,0
2023-05,LH,공공분양,대전,0
2023-05,LH,공공분양,울산,0
2023-05,LH,공공분양,세종,0
2023-05,LH,공공분양,강원,0
2023-05,LH,공공분양,충북,0
2023-05,LH,공공분양,충남,0
2023-05,LH,공공분양,전북,0
2023-05,LH,공공분양,전남,0
2023-05,LH,공공분양,경북,0
2023-05,LH,공공분양,경남,0
2023-05,LH,공공분양,제주,0
2023-05,주택업체,소계,전국,1,476
2023-05,주택업체,소계,서울,0
2023-05,주택업체,소계,인천,0
2023-05,주택업체,소계,경기,1,373
2023-05,주택업체,소계,부산,88
2023-05,주택업체,소계,대구,0
2023-05,주택업체,소계,광주,0
2023-05,주택업체,소계,대전,0
2023-05,주택업체,소계,울산,0
2023-05,주택업체,소계,세종,0
2023-05,주택업체,소계,강원,0
2023-05,주택업체,소계,충북,0
2023-05,주택업체,소계,충남,0
2023-05,주택업체,소계,전북,0
2023-05,주택업체,소계,전남,0
2023-05,주택업체,소계,경북,0
2023-05,주택업체,소계,경남,0
2023-05,주택업체,소계,제주,15
2023-05,주택업체,국민임대,전국,15
2023-05,주택업체,국민임대,서울,0
2023-05,주택업체,국민임대,인천,0
2023-05,주택업체,국민임대,경기,0
2023-05,주택업체,국민임대,부산,0
2023-05,주택업체,국민임대,대구,0
2023-05,주택업체,국민임대,광주,0
2023-05,주택업체,국민임대,대전,0
2023-05,주택업체,국민임대,울산,0
2023-05,주택업체,국민임대,세종,0
2023-05,주택업체,국민임대,강원,0
2023-05,주택업체,국민임대,충북,0
2023-05,주택업체,국민임대,충남,0
2023-05,주택업체,국민임대,전북,0
2023-05,주택업체,국민임대,전남,0
2023-05,주택업체,국민임대,경북,0
2023-05,주택업체,국민임대,경남,0
2023-05,주택업체,국민임대,제주,15
2023-05,주택업체,공공임대,전국,1,461
2023-05,주택업체,공공임대,서울,0
2023-05,주택업체,공공임대,인천,0
2023-05,주택업체,공공임대,경기,1,373
2023-05,주택업체,공공임대,부산,88
2023-05,주택업체,공공임대,대구,0
2023-05,주택업체,공공임대,광주,0
2023-05,주택업체,공공임대,대전,0
2023-05,주택업체,공공임대,울산,0
2023-05,주택업체,공공임대,세종,0
2023-05,주택업체,공공임대,강원,0
2023-05,주택업체,공공임대,충북,0
2023-05,주택업체,공공임대,충남,0
2023-05,주택업체,공공임대,전북,0
2023-05,주택업체,공공임대,전남,0
2023-05,주택업체,공공임대,경북,0
2023-05,주택업체,공공임대,경남,0
2023-05,주택업체,공공임대,제주,0
2023-05,주택업체,공공분양,전국,0
2023-05,주택업체,공공분양,서울,0
2023-05,주택업체,공공분양,인천,0
2023-05,주택업체,공공분양,경기,0
2023-05,주택업체,공공분양,부산,0
2023-05,주택업체,공공분양,대구,0
2023-05,주택업체,공공분양,광주,0
2023-05,주택업체,공공분양,대전,0
2023-05,주택업체,공공분양,울산,0
2023-05,주택업체,공공분양,세종,0
2023-05,주택업체,공공분양,강원,0
2023-05,주택업체,공공분양,충북,0
2023-05,주택업체,공공분양,충남,0
2023-05,주택업체,공공분양,전북,0
2023-05,주택업체,공공분양,전남,0
2023-05,주택업체,공공분양,경북,0
2023-05,주택업체,공공분양,경남,0
2023-05,주택업체,공공분양,제주,0
2023-05,민간부문,소계,전국,28,753
2023-05,민간부문,소계,서울,1,498
2023-05,민간부문,소계,인천,548
2023-05,민간부문,소계,경기,12,239
2023-05,민간부문,소계,부산,2,135
2023-05,민간부문,소계,대구,3,116
2023-05,민간부문,소계,광주,590
2023-05,민간부문,소계,대전,608
2023-05,민간부문,소계,울산,2,753
2023-05,민간부문,소계,세종,72
2023-05,민간부문,소계,강원,230
2023-05,민간부문,소계,충북,204
2023-05,민간부문,소계,충남,2,119
2023-05,민간부문,소계,전북,873
2023-05,민간부문,소계,전남,978
2023-05,민간부문,소계,경북,299
2023-05,민간부문,소계,경남,222
2023-05,민간부문,소계,제주,269
2023-05,민간,민간임대,전국,2,353
2023-05,민간,민간임대,서울,0
2023-05,민간,민간임대,인천,0
2023-05,민간,민간임대,경기,1,246
2023-05,민간,민간임대,부산,0
2023-05,민간,민간임대,대구,0
2023-05,민간,민간임대,광주,200
2023-05,민간,민간임대,대전,0
2023-05,민간,민간임대,울산,0
2023-05,민간,민간임대,세종,0
2023-05,민간,민간임대,강원,0
2023-05,민간,민간임대,충북,0
2023-05,민간,민간임대,충남,830
2023-05,민간,민간임대,전북,77
2023-05,민간,민간임대,전남,0
2023-05,민간,민간임대,경북,0
2023-05,민간,민간임대,경남,0
2023-05,민간,민간임대,제주,0
2023-05,민간,민간분양,전국,26,400
2023-05,민간,민간분양,서울,1,498
2023-05,민간,민간분양,인천,548
2023-05,민간,민간분양,경기,10,993
2023-05,민간,민간분양,부산,2,135
2023-05,민간,민간분양,대구,3,116
2023-05,민간,민간분양,광주,390
2023-05,민간,민간분양,대전,608
2023-05,민간,민간분양,울산,2,753
2023-05,민간,민간분양,세종,72
2023-05,민간,민간분양,강원,230
2023-05,민간,민간분양,충북,204
2023-05,민간,민간분양,충남,1,289
2023-05,민간,민간분양,전북,796
2023-05,민간,민간분양,전남,978
2023-05,민간,민간분양,경북,299
2023-05,민간,민간분양,경남,222
2023-05,민간,민간분양,제주,269
2023-06,총계,총계,전국,47,320
2023-06,총계,총계,서울,7,619
2023-06,총계,총계,인천,8,012
2023-06,총계,총계,경기,10,016
2023-06,총계,총계,부산,1,257
2023-06,총계,총계,대구,1,858
2023-06,총계,총계,광주,105
2023-06,총계,총계,대전,208
2023-06,총계,총계,울산,799
2023-06,총계,총계,세종,16
2023-06,총계,총계,강원,2,313
2023-06,총계,총계,충북,6,084
2023-06,총계,총계,충남,1,261
2023-06,총계,총계,전북,1,659
2023-06,총계,총계,전남,726
2023-06,총계,총계,경북,2,350
2023-06,총계,총계,경남,2,204
2023-06,총계,총계,제주,833
2023-06,공공부문,소계,전국,6,847
2023-06,공공부문,소계,서울,63
2023-06,공공부문,소계,인천,1,412
2023-06,공공부문,소계,경기,2,269
2023-06,공공부문,소계,부산,0
2023-06,공공부문,소계,대구,0
2023-06,공공부문,소계,광주,0
2023-06,공공부문,소계,대전,0
2023-06,공공부문,소계,울산,0
2023-06,공공부문,소계,세종,0
2023-06,공공부문,소계,강원,965
2023-06,공공부문,소계,충북,916
2023-06,공공부문,소계,충남,969
2023-06,공공부문,소계,전북,150
2023-06,공공부문,소계,전남,0
2023-06,공공부문,소계,경북,103
2023-06,공공부문,소계,경남,0
2023-06,공공부문,소계,제주,0
2023-06,합,국민임대,전국,1,282
2023-06,합,국민임대,서울,63
2023-06,합,국민임대,인천,0
2023-06,합,국민임대,경기,545
2023-06,합,국민임대,부산,0
2023-06,합,국민임대,대구,0
2023-06,합,국민임대,광주,0
2023-06,합,국민임대,대전,0
2023-06,합,국민임대,울산,0
2023-06,합,국민임대,세종,0
2023-06,합,국민임대,강원,0
2023-06,합,국민임대,충북,0
2023-06,합,국민임대,충남,554
2023-06,합,국민임대,전북,120
2023-06,합,국민임대,전남,0
2023-06,합,국민임대,경북,0
2023-06,합,국민임대,경남,0
2023-06,합,국민임대,제주,0
2023-06,합,공공임대,전국,5,275
2023-06,합,공공임대,서울,0
2023-06,합,공공임대,인천,1,412
2023-06,합,공공임대,경기,1,434
2023-06,합,공공임대,부산,0
2023-06,합,공공임대,대구,0
2023-06,합,공공임대,광주,0
2023-06,합,공공임대,대전,0
2023-06,합,공공임대,울산,0
2023-06,합,공공임대,세종,0
2023-06,합,공공임대,강원,965
2023-06,합,공공임대,충북,916
2023-06,합,공공임대,충남,415
2023-06,합,공공임대,전북,30
2023-06,합,공공임대,전남,0
2023-06,합,공공임대,경북,103
2023-06,합,공공임대,경남,0
2023-06,합,공공임대,제주,0
2023-06,합,공공분양,전국,290
2023-06,합,공공분양,서울,0
2023-06,합,공공분양,인천,0
2023-06,합,공공분양,경기,290
2023-06,합,공공분양,부산,0
2023-06,합,공공분양,대구,0
2023-06,합,공공분양,광주,0
2023-06,합,공공분양,대전,0
2023-06,합,공공분양,울산,0
2023-06,합,공공분양,세종,0
2023-06,합,공공분양,강원,0
2023-06,합,공공분양,충북,0
2023-06,합,공공분양,충남,0
2023-06,합,공공분양,전북,0
2023-06,합,공공분양,전남,0
2023-06,합,공공분양,경북,0
2023-06,합,공공분양,경남,0
2023-06,합,공공분양,제주,0
2023-06,지자체,소계,전국,0
2023-06,지자체,소계,서울,0
2023-06,지자체,소계,인천,0
2023-06,지자체,소계,경기,0
2023-06,지자체,소계,부산,0
2023-06,지자체,소계,대구,0
2023-06,지자체,소계,광주,0
2023-06,지자체,소계,대전,0
2023-06,지자체,소계,울산,0
2023-06,지자체,소계,세종,0
2023-06,지자체,소계,강원,0
2023-06,지자체,소계,충북,0
2023-06,지자체,소계,충남,0
2023-06,지자체,소계,전북,0
2023-06,지자체,소계,전남,0
2023-06,지자체,소계,경북,0
2023-06,지자체,소계,경남,0
2023-06,지자체,소계,제주,0
2023-06,지자체,국민임대,전국,0
2023-06,지자체,국민임대,서울,0
2023-06,지자체,국민임대,인천,0
2023-06,지자체,국민임대,경기,0
2023-06,지자체,국민임대,부산,0
2023-06,지자체,국민임대,대구,0
2023-06,지자체,국민임대,광주,0
2023-06,지자체,국민임대,대전,0
2023-06,지자체,국민임대,울산,0
2023-06,지자체,국민임대,세종,0
2023-06,지자체,국민임대,강원,0
2023-06,지자체,국민임대,충북,0
2023-06,지자체,국민임대,충남,0
2023-06,지자체,국민임대,전북,0
2023-06,지자체,국민임대,전남,0
2023-06,지자체,국민임대,경북,0
2023-06,지자체,국민임대,경남,0
2023-06,지자체,국민임대,제주,0
2023-06,지자체,공공임대,전국,0
2023-06,지자체,공공임대,서울,0
2023-06,지자체,공공임대,인천,0
2023-06,지자체,공공임대,경기,0
2023-06,지자체,공공임대,부산,0
2023-06,지자체,공공임대,대구,0
2023-06,지자체,공공임대,광주,0
2023-06,지자체,공공임대,대전,0
2023-06,지자체,공공임대,울산,0
2023-06,지자체,공공임대,세종,0
2023-06,지자체,공공임대,강원,0
2023-06,지자체,공공임대,충북,0
2023-06,지자체,공공임대,충남,0
2023-06,지자체,공공임대,전북,0
2023-06,지자체,공공임대,전남,0
2023-06,지자체,공공임대,경북,0
2023-06,지자체,공공임대,경남,0
2023-06,지자체,공공임대,제주,0
2023-06,지자체,공공분양,전국,0
2023-06,지자체,공공분양,서울,0
2023-06,지자체,공공분양,인천,0
2023-06,지자체,공공분양,경기,0
2023-06,지자체,공공분양,부산,0
2023-06,지자체,공공분양,대구,0
2023-06,지자체,공공분양,광주,0
2023-06,지자체,공공분양,대전,0
2023-06,지자체,공공분양,울산,0
2023-06,지자체,공공분양,세종,0
2023-06,지자체,공공분양,강원,0
2023-06,지자체,공공분양,충북,0
2023-06,지자체,공공분양,충남,0
2023-06,지자체,공공분양,전북,0
2023-06,지자체,공공분양,전남,0
2023-06,지자체,공공분양,경북,0
2023-06,지자체,공공분양,경남,0
2023-06,지자체,공공분양,제주,0
2023-06,LH,소계,전국,4,353
2023-06,LH,소계,서울,0
2023-06,LH,소계,인천,0
2023-06,LH,소계,경기,2,269
2023-06,LH,소계,부산,0
2023-06,LH,소계,대구,0
2023-06,LH,소계,광주,0
2023-06,LH,소계,대전,0
2023-06,LH,소계,울산,0
2023-06,LH,소계,세종,0
2023-06,LH,소계,강원,965
2023-06,LH,소계,충북,0
2023-06,LH,소계,충남,969
2023-06,LH,소계,전북,150
2023-06,LH,소계,전남,0
2023-06,LH,소계,경북,0
2023-06,LH,소계,경남,0
2023-06,LH,소계,제주,0
2023-06,LH,국민임대,전국,1,219
2023-06,LH,국민임대,서울,0
2023-06,LH,국민임대,인천,0
2023-06,LH,국민임대,경기,545
2023-06,LH,국민임대,부산,0
2023-06,LH,국민임대,대구,0
2023-06,LH,국민임대,광주,0
2023-06,LH,국민임대,대전,0
2023-06,LH,국민임대,울산,0
2023-06,LH,국민임대,세종,0
2023-06,LH,국민임대,강원,0
2023-06,LH,국민임대,충북,0
2023-06,LH,국민임대,충남,554
2023-06,LH,국민임대,전북,120
2023-06,LH,국민임대,전남,0
2023-06,LH,국민임대,경북,0
2023-06,LH,국민임대,경남,0
2023-06,LH,국민임대,제주,0
2023-06,LH,공공임대,전국,2,844
2023-06,LH,공공임대,서울,0
2023-06,LH,공공임대,인천,0
2023-06,LH,공공임대,경기,1,434
2023-06,LH,공공임대,부산,0
2023-06,LH,공공임대,대구,0
2023-06,LH,공공임대,광주,0
2023-06,LH,공공임대,대전,0
2023-06,LH,공공임대,울산,0
2023-06,LH,공공임대,세종,0
2023-06,LH,공공임대,강원,965
2023-06,LH,공공임대,충북,0
2023-06,LH,공공임대,충남,415
2023-06,LH,공공임대,전북,30
2023-06,LH,공공임대,전남,0
2023-06,LH,공공임대,경북,0
2023-06,LH,공공임대,경남,0
2023-06,LH,공공임대,제주,0
2023-06,LH,공공분양,전국,290
2023-06,LH,공공분양,서울,0
2023-06,LH,공공분양,인천,0
2023-06,LH,공공분양,경기,290
2023-06,LH,공공분양,부산,0
2023-06,LH,공공분양,대구,0
2023-06,LH,공공분양,광주,0
2023-06,LH,공공분양,대전,0
2023-06,LH,공공분양,울산,0
2023-06,LH,공공분양,세종,0
2023-06,LH,공공분양,강원,0
2023-06,LH,공공분양,충북,0
2023-06,LH,공공분양,충남,0
2023-06,LH,공공분양,전북,0
2023-06,LH,공공분양,전남,0
2023-06,LH,공공분양,경북,0
2023-06,LH,공공분양,경남,0
2023-06,LH,공공분양,제주,0
2023-06,주택업체,소계,전국,2,494
2023-06,주택업체,소계,서울,63
2023-06,주택업체,소계,인천,1,412
2023-06,주택업체,소계,경기,0
2023-06,주택업체,소계,부산,0
2023-06,주택업체,소계,대구,0
2023-06,주택업체,소계,광주,0
2023-06,주택업체,소계,대전,0
2023-06,주택업체,소계,울산,0
2023-06,주택업체,소계,세종,0
2023-06,주택업체,소계,강원,0
2023-06,주택업체,소계,충북,916
2023-06,주택업체,소계,충남,0
2023-06,주택업체,소계,전북,0
2023-06,주택업체,소계,전남,0
2023-06,주택업체,소계,경북,103
2023-06,주택업체,소계,경남,0
2023-06,주택업체,소계,제주,0
2023-06,주택업체,국민임대,전국,63
2023-06,주택업체,국민임대,서울,63
2023-06,주택업체,국민임대,인천,0
2023-06,주택업체,국민임대,경기,0
2023-06,주택업체,국민임대,부산,0
2023-06,주택업체,국민임대,대구,0
2023-06,주택업체,국민임대,광주,0
2023-06,주택업체,국민임대,대전,0
2023-06,주택업체,국민임대,울산,0
2023-06,주택업체,국민임대,세종,0
2023-06,주택업체,국민임대,강원,0
2023-06,주택업체,국민임대,충북,0
2023-06,주택업체,국민임대,충남,0
2023-06,주택업체,국민임대,전북,0
2023-06,주택업체,국민임대,전남,0
2023-06,주택업체,국민임대,경북,0
2023-06,주택업체,국민임대,경남,0
2023-06,주택업체,국민임대,제주,0
2023-06,주택업체,공공임대,전국,2,431
2023-06,주택업체,공공임대,서울,0
2023-06,주택업체,공공임대,인천,1,412
2023-06,주택업체,공공임대,경기,0
2023-06,주택업체,공공임대,부산,0
2023-06,주택업체,공공임대,대구,0
2023-06,주택업체,공공임대,광주,0
2023-06,주택업체,공공임대,대전,0
2023-06,주택업체,공공임대,울산,0
2023-06,주택업체,공공임대,세종,0
2023-06,주택업체,공공임대,강원,0
2023-06,주택업체,공공임대,충북,916
2023-06,주택업체,공공임대,충남,0
2023-06,주택업체,공공임대,전북,0
2023-06,주택업체,공공임대,전남,0
2023-06,주택업체,공공임대,경북,103
2023-06,주택업체,공공임대,경남,0
2023-06,주택업체,공공임대,제주,0
2023-06,주택업체,공공분양,전국,0
2023-06,주택업체,공공분양,서울,0
2023-06,주택업체,공공분양,인천,0
2023-06,주택업체,공공분양,경기,0
2023-06,주택업체,공공분양,부산,0
2023-06,주택업체,공공분양,대구,0
2023-06,주택업체,공공분양,광주,0
2023-06,주택업체,공공분양,대전,0
2023-06,주택업체,공공분양,울산,0
2023-06,주택업체,공공분양,세종,0
2023-06,주택업체,공공분양,강원,0
2023-06,주택업체,공공분양,충북,0
2023-06,주택업체,공공분양,충남,0
2023-06,주택업체,공공분양,전북,0
2023-06,주택업체,공공분양,전남,0
2023-06,주택업체,공공분양,경북,0
2023-06,주택업체,공공분양,경남,0
2023-06,주택업체,공공분양,제주,0
2023-06,민간부문,소계,전국,40,473
2023-06,민간부문,소계,서울,7,556
2023-06,민간부문,소계,인천,6,600
2023-06,민간부문,소계,경기,7,747
2023-06,민간부문,소계,부산,1,257
2023-06,민간부문,소계,대구,1,858
2023-06,민간부문,소계,광주,105
2023-06,민간부문,소계,대전,208
2023-06,민간부문,소계,울산,799
2023-06,민간부문,소계,세종,16
2023-06,민간부문,소계,강원,1,348
2023-06,민간부문,소계,충북,5,168
2023-06,민간부문,소계,충남,292
2023-06,민간부문,소계,전북,1,509
2023-06,민간부문,소계,전남,726
2023-06,민간부문,소계,경북,2,247
2023-06,민간부문,소계,경남,2,204
2023-06,민간부문,소계,제주,833
2023-06,민간,민간임대,전국,6,038
2023-06,민간,민간임대,서울,606
2023-06,민간,민간임대,인천,0
2023-06,민간,민간임대,경기,0
2023-06,민간,민간임대,부산,0
2023-06,민간,민간임대,대구,1,501
2023-06,민간,민간임대,광주,0
2023-06,민간,민간임대,대전,0
2023-06,민간,민간임대,울산,0
2023-06,민간,민간임대,세종,0
2023-06,민간,민간임대,강원,0
2023-06,민간,민간임대,충북,3,931
2023-06,민간,민간임대,충남,0
2023-06,민간,민간임대,전북,0
2023-06,민간,민간임대,전남,0
2023-06,민간,민간임대,경북,0
2023-06,민간,민간임대,경남,0
2023-06,민간,민간임대,제주,0
2023-06,민간,민간분양,전국,34,435
2023-06,민간,민간분양,서울,6,950
2023-06,민간,민간분양,인천,6,600
2023-06,민간,민간분양,경기,7,747
2023-06,민간,민간분양,부산,1,257
2023-06,민간,민간분양,대구,357
2023-06,민간,민간분양,광주,105
2023-06,민간,민간분양,대전,208
2023-06,민간,민간분양,울산,799
2023-06,민간,민간분양,세종,16
2023-06,민간,민간분양,강원,1,348
2023-06,민간,민간분양,충북,1,237
2023-06,민간,민간분양,충남,292
2023-06,민간,민간분양,전북,1,509
2023-06,민간,민간분양,전남,726
2023-06,민간,민간분양,경북,2,247
2023-06,민간,민간분양,경남,2,204
2023-06,민간,민간분양,제주,833
2023-07,총계,총계,전국,38,351
2023-07,총계,총계,서울,10,609
2023-07,총계,총계,인천,2,642
2023-07,총계,총계,경기,7,675
2023-07,총계,총계,부산,1,307
2023-07,총계,총계,대구,1,991
2023-07,총계,총계,광주,621
2023-07,총계,총계,대전,90
2023-07,총계,총계,울산,415
2023-07,총계,총계,세종,24
2023-07,총계,총계,강원,277
2023-07,총계,총계,충북,2,363
2023-07,총계,총계,충남,5,614
2023-07,총계,총계,전북,1,017
2023-07,총계,총계,전남,852
2023-07,총계,총계,경북,1,173
2023-07,총계,총계,경남,1,438
2023-07,총계,총계,제주,243
2023-07,공공부문,소계,전국,5,333
2023-07,공공부문,소계,서울,1,775
2023-07,공공부문,소계,인천,0
2023-07,공공부문,소계,경기,2,844
2023-07,공공부문,소계,부산,152
2023-07,공공부문,소계,대구,0
2023-07,공공부문,소계,광주,0
2023-07,공공부문,소계,대전,0
2023-07,공공부문,소계,울산,0
2023-07,공공부문,소계,세종,0
2023-07,공공부문,소계,강원,0
2023-07,공공부문,소계,충북,0
2023-07,공공부문,소계,충남,0
2023-07,공공부문,소계,전북,120
2023-07,공공부문,소계,전남,0
2023-07,공공부문,소계,경북,40
2023-07,공공부문,소계,경남,402
2023-07,공공부문,소계,제주,0
2023-07,합,국민임대,전국,100
2023-07,합,국민임대,서울,0
2023-07,합,국민임대,인천,0
2023-07,합,국민임대,경기,0
2023-07,합,국민임대,부산,0
2023-07,합,국민임대,대구,0
2023-07,합,국민임대,광주,0
2023-07,합,국민임대,대전,0
2023-07,합,국민임대,울산,0
2023-07,합,국민임대,세종,0
2023-07,합,국민임대,강원,0
2023-07,합,국민임대,충북,0
2023-07,합,국민임대,충남,0
2023-07,합,국민임대,전북,100
2023-07,합,국민임대,전남,0
2023-07,합,국민임대,경북,0
2023-07,합,국민임대,경남,0
2023-07,합,국민임대,제주,0
2023-07,합,공공임대,전국,3,719
2023-07,합,공공임대,서울,1,775
2023-07,합,공공임대,인천,0
2023-07,합,공공임대,경기,1,732
2023-07,합,공공임대,부산,152
2023-07,합,공공임대,대구,0
2023-07,합,공공임대,광주,0
2023-07,합,공공임대,대전,0
2023-07,합,공공임대,울산,0
2023-07,합,공공임대,세종,0
2023-07,합,공공임대,강원,0
2023-07,합,공공임대,충북,0
2023-07,합,공공임대,충남,0
2023-07,합,공공임대,전북,20
2023-07,합,공공임대,전남,0
2023-07,합,공공임대,경북,40
2023-07,합,공공임대,경남,0
2023-07,합,공공임대,제주,0
2023-07,합,공공분양,전국,1,514
2023-07,합,공공분양,서울,0
2023-07,합,공공분양,인천,0
2023-07,합,공공분양,경기,1,112
2023-07,합,공공분양,부산,0
2023-07,합,공공분양,대구,0
2023-07,합,공공분양,광주,0
2023-07,합,공공분양,대전,0
2023-07,합,공공분양,울산,0
2023-07,합,공공분양,세종,0
2023-07,합,공공분양,강원,0
2023-07,합,공공분양,충북,0
2023-07,합,공공분양,충남,0
2023-07,합,공공분양,전북,0
2023-07,합,공공분양,전남,0
2023-07,합,공공분양,경북,0
2023-07,합,공공분양,경남,402
2023-07,합,공공분양,제주,0
2023-07,지자체,소계,전국,0
2023-07,지자체,소계,서울,0
2023-07,지자체,소계,인천,0
2023-07,지자체,소계,경기,0
2023-07,지자체,소계,부산,0
2023-07,지자체,소계,대구,0
2023-07,지자체,소계,광주,0
2023-07,지자체,소계,대전,0
2023-07,지자체,소계,울산,0
2023-07,지자체,소계,세종,0
2023-07,지자체,소계,강원,0
2023-07,지자체,소계,충북,0
2023-07,지자체,소계,충남,0
2023-07,지자체,소계,전북,0
2023-07,지자체,소계,전남,0
2023-07,지자체,소계,경북,0
2023-07,지자체,소계,경남,0
2023-07,지자체,소계,제주,0
2023-07,지자체,국민임대,전국,0
2023-07,지자체,국민임대,서울,0
2023-07,지자체,국민임대,인천,0
2023-07,지자체,국민임대,경기,0
2023-07,지자체,국민임대,부산,0
2023-07,지자체,국민임대,대구,0
2023-07,지자체,국민임대,광주,0
2023-07,지자체,국민임대,대전,0
2023-07,지자체,국민임대,울산,0
2023-07,지자체,국민임대,세종,0
2023-07,지자체,국민임대,강원,0
2023-07,지자체,국민임대,충북,0
2023-07,지자체,국민임대,충남,0
2023-07,지자체,국민임대,전북,0
2023-07,지자체,국민임대,전남,0
2023-07,지자체,국민임대,경북,0
2023-07,지자체,국민임대,경남,0
2023-07,지자체,국민임대,제주,0
2023-07,지자체,공공임대,전국,0
2023-07,지자체,공공임대,서울,0
2023-07,지자체,공공임대,인천,0
2023-07,지자체,공공임대,경기,0
2023-07,지자체,공공임대,부산,0
2023-07,지자체,공공임대,대구,0
2023-07,지자체,공공임대,광주,0
2023-07,지자체,공공임대,대전,0
2023-07,지자체,공공임대,울산,0
2023-07,지자체,공공임대,세종,0
2023-07,지자체,공공임대,강원,0
2023-07,지자체,공공임대,충북,0
2023-07,지자체,공공임대,충남,0
2023-07,지자체,공공임대,전북,0
2023-07,지자체,공공임대,전남,0
2023-07,지자체,공공임대,경북,0
2023-07,지자체,공공임대,경남,0
2023-07,지자체,공공임대,제주,0
2023-07,지자체,공공분양,전국,0
2023-07,지자체,공공분양,서울,0
2023-07,지자체,공공분양,인천,0
2023-07,지자체,공공분양,경기,0
2023-07,지자체,공공분양,부산,0
2023-07,지자체,공공분양,대구,0
2023-07,지자체,공공분양,광주,0
2023-07,지자체,공공분양,대전,0
2023-07,지자체,공공분양,울산,0
2023-07,지자체,공공분양,세종,0
2023-07,지자체,공공분양,강원,0
2023-07,지자체,공공분양,충북,0
2023-07,지자체,공공분양,충남,0
2023-07,지자체,공공분양,전북,0
2023-07,지자체,공공분양,전남,0
2023-07,지자체,공공분양,경북,0
2023-07,지자체,공공분양,경남,0
2023-07,지자체,공공분양,제주,0
2023-07,LH,소계,전국,2,894
2023-07,LH,소계,서울,0
2023-07,LH,소계,인천,0
2023-07,LH,소계,경기,2,372
2023-07,LH,소계,부산,0
2023-07,LH,소계,대구,0
2023-07,LH,소계,광주,0
2023-07,LH,소계,대전,0
2023-07,LH,소계,울산,0
2023-07,LH,소계,세종,0
2023-07,LH,소계,강원,0
2023-07,LH,소계,충북,0
2023-07,LH,소계,충남,0
2023-07,LH,소계,전북,120
2023-07,LH,소계,전남,0
2023-07,LH,소계,경북,0
2023-07,LH,소계,경남,402
2023-07,LH,소계,제주,0
2023-07,LH,국민임대,전국,100
2023-07,LH,국민임대,서울,0
2023-07,LH,국민임대,인천,0
2023-07,LH,국민임대,경기,0
2023-07,LH,국민임대,부산,0
2023-07,LH,국민임대,대구,0
2023-07,LH,국민임대,광주,0
2023-07,LH,국민임대,대전,0
2023-07,LH,국민임대,울산,0
2023-07,LH,국민임대,세종,0
2023-07,LH,국민임대,강원,0
2023-07,LH,국민임대,충북,0
2023-07,LH,국민임대,충남,0
2023-07,LH,국민임대,전북,100
2023-07,LH,국민임대,전남,0
2023-07,LH,국민임대,경북,0
2023-07,LH,국민임대,경남,0
2023-07,LH,국민임대,제주,0
2023-07,LH,공공임대,전국,1,280
2023-07,LH,공공임대,서울,0
2023-07,LH,공공임대,인천,0
2023-07,LH,공공임대,경기,1,260
2023-07,LH,공공임대,부산,0
2023-07,LH,공공임대,대구,0
2023-07,LH,공공임대,광주,0
2023-07,LH,공공임대,대전,0
2023-07,LH,공공임대,울산,0
2023-07,LH,공공임대,세종,0
2023-07,LH,공공임대,강원,0
2023-07,LH,공공임대,충북,0
2023-07,LH,공공임대,충남,0
2023-07,LH,공공임대,전북,20
2023-07,LH,공공임대,전남,0
2023-07,LH,공공임대,경북,0
2023-07,LH,공공임대,경남,0
2023-07,LH,공공임대,제주,0
2023-07,LH,공공분양,전국,1,514
2023-07,LH,공공분양,서울,0
2023-07,LH,공공분양,인천,0
2023-07,LH,공공분양,경기,1,112
2023-07,LH,공공분양,부산,0
2023-07,LH,공공분양,대구,0
2023-07,LH,공공분양,광주,0
2023-07,LH,공공분양,대전,0
2023-07,LH,공공분양,울산,0
2023-07,LH,공공분양,세종,0
2023-07,LH,공공분양,강원,0
2023-07,LH,공공분양,충북,0
2023-07,LH,공공분양,충남,0
2023-07,LH,공공분양,전북,0
2023-07,LH,공공분양,전남,0
2023-07,LH,공공분양,경북,0
2023-07,LH,공공분양,경남,402
2023-07,LH,공공분양,제주,0
2023-07,주택업체,소계,전국,2,439
2023-07,주택업체,소계,서울,1,775
2023-07,주택업체,소계,인천,0
2023-07,주택업체,소계,경기,472
2023-07,주택업체,소계,부산,152
2023-07,주택업체,소계,대구,0
2023-07,주택업체,소계,광주,0
2023-07,주택업체,소계,대전,0
2023-07,주택업체,소계,울산,0
2023-07,주택업체,소계,세종,0
2023-07,주택업체,소계,강원,0
2023-07,주택업체,소계,충북,0
2023-07,주택업체,소계,충남,0
2023-07,주택업체,소계,전북,0
2023-07,주택업체,소계,전남,0
2023-07,주택업체,소계,경북,40
2023-07,주택업체,소계,경남,0
2023-07,주택업체,소계,제주,0
2023-07,주택업체,국민임대,전국,0
2023-07,주택업체,국민임대,서울,0
2023-07,주택업체,국민임대,인천,0
2023-07,주택업체,국민임대,경기,0
2023-07,주택업체,국민임대,부산,0
2023-07,주택업체,국민임대,대구,0
2023-07,주택업체,국민임대,광주,0
2023-07,주택업체,국민임대,대전,0
2023-07,주택업체,국민임대,울산,0
2023-07,주택업체,국민임대,세종,0
2023-07,주택업체,국민임대,강원,0
2023-07,주택업체,국민임대,충북,0
2023-07,주택업체,국민임대,충남,0
2023-07,주택업체,국민임대,전북,0
2023-07,주택업체,국민임대,전남,0
2023-07,주택업체,국민임대,경북,0
2023-07,주택업체,국민임대,경남,0
2023-07,주택업체,국민임대,제주,0
2023-07,주택업체,공공임대,전국,2,439
2023-07,주택업체,공공임대,서울,1,775
2023-07,주택업체,공공임대,인천,0
2023-07,주택업체,공공임대,경기,472
2023-07,주택업체,공공임대,부산,152
2023-07,주택업체,공공임대,대구,0
2023-07,주택업체,공공임대,광주,0
2023-07,주택업체,공공임대,대전,0
2023-07,주택업체,공공임대,울산,0
2023-07,주택업체,공공임대,세종,0
2023-07,주택업체,공공임대,강원,0
2023-07,주택업체,공공임대,충북,0
2023-07,주택업체,공공임대,충남,0
2023-07,주택업체,공공임대,전북,0
2023-07,주택업체,공공임대,전남,0
2023-07,주택업체,공공임대,경북,40
2023-07,주택업체,공공임대,경남,0
2023-07,주택업체,공공임대,제주,0
2023-07,주택업체,공공분양,전국,0
2023-07,주택업체,공공분양,서울,0
2023-07,주택업체,공공분양,인천,0
2023-07,주택업체,공공분양,경기,0
2023-07,주택업체,공공분양,부산,0
2023-07,주택업체,공공분양,대구,0
2023-07,주택업체,공공분양,광주,0
2023-07,주택업체,공공분양,대전,0
2023-07,주택업체,공공분양,울산,0
2023-07,주택업체,공공분양,세종,0
2023-07,주택업체,공공분양,강원,0
2023-07,주택업체,공공분양,충북,0
2023-07,주택업체,공공분양,충남,0
2023-07,주택업체,공공분양,전북,0
2023-07,주택업체,공공분양,전남,0
2023-07,주택업체,공공분양,경북,0
2023-07,주택업체,공공분양,경남,0
2023-07,주택업체,공공분양,제주,0
2023-07,민간부문,소계,전국,33,018
2023-07,민간부문,소계,서울,8,834
2023-07,민간부문,소계,인천,2,642
2023-07,민간부문,소계,경기,4,831
2023-07,민간부문,소계,부산,1,155
2023-07,민간부문,소계,대구,1,991
2023-07,민간부문,소계,광주,621
2023-07,민간부문,소계,대전,90
2023-07,민간부문,소계,울산,415
2023-07,민간부문,소계,세종,24
2023-07,민간부문,소계,강원,277
2023-07,민간부문,소계,충북,2,363
2023-07,민간부문,소계,충남,5,614
2023-07,민간부문,소계,전북,897
2023-07,민간부문,소계,전남,852
2023-07,민간부문,소계,경북,1,133
2023-07,민간부문,소계,경남,1,036
2023-07,민간부문,소계,제주,243
2023-07,민간,민간임대,전국,2,424
2023-07,민간,민간임대,서울,957
2023-07,민간,민간임대,인천,0
2023-07,민간,민간임대,경기,0
2023-07,민간,민간임대,부산,0
2023-07,민간,민간임대,대구,0
2023-07,민간,민간임대,광주,0
2023-07,민간,민간임대,대전,0
2023-07,민간,민간임대,울산,0
2023-07,민간,민간임대,세종,0
2023-07,민간,민간임대,강원,0
2023-07,민간,민간임대,충북,545
2023-07,민간,민간임대,충남,922
2023-07,민간,민간임대,전북,0
2023-07,민간,민간임대,전남,0
2023-07,민간,민간임대,경북,0
2023-07,민간,민간임대,경남,0
2023-07,민간,민간임대,제주,0
2023-07,민간,민간분양,전국,30,594
2023-07,민간,민간분양,서울,7,877
2023-07,민간,민간분양,인천,2,642
2023-07,민간,민간분양,경기,4,831
2023-07,민간,민간분양,부산,1,155
2023-07,민간,민간분양,대구,1,991
2023-07,민간,민간분양,광주,621
2023-07,민간,민간분양,대전,90
2023-07,민간,민간분양,울산,415
2023-07,민간,민간분양,세종,24
2023-07,민간,민간분양,강원,277
2023-07,민간,민간분양,충북,1,818
2023-07,민간,민간분양,충남,4,692
2023-07,민간,민간분양,전북,897
2023-07,민간,민간분양,전남,852
2023-07,민간,민간분양,경북,1,133
2023-07,민간,민간분양,경남,1,036
2023-07,민간,민간분양,제주,243
2023-08,총계,총계,전국,35,593
2023-08,총계,총계,서울,5,001
2023-08,총계,총계,인천,2,119
2023-08,총계,총계,경기,15,554
2023-08,총계,총계,부산,265
2023-08,총계,총계,대구,4,744
2023-08,총계,총계,광주,39
2023-08,총계,총계,대전,64
2023-08,총계,총계,울산,44
2023-08,총계,총계,세종,10
2023-08,총계,총계,강원,1,788
2023-08,총계,총계,충북,225
2023-08,총계,총계,충남,2,181
2023-08,총계,총계,전북,555
2023-08,총계,총계,전남,507
2023-08,총계,총계,경북,307
2023-08,총계,총계,경남,1,755
2023-08,총계,총계,제주,435
2023-08,공공부문,소계,전국,8,349
2023-08,공공부문,소계,서울,0
2023-08,공공부문,소계,인천,510
2023-08,공공부문,소계,경기,5,939
2023-08,공공부문,소계,부산,0
2023-08,공공부문,소계,대구,0
2023-08,공공부문,소계,광주,0
2023-08,공공부문,소계,대전,0
2023-08,공공부문,소계,울산,0
2023-08,공공부문,소계,세종,0
2023-08,공공부문,소계,강원,650
2023-08,공공부문,소계,충북,0
2023-08,공공부문,소계,충남,884
2023-08,공공부문,소계,전북,128
2023-08,공공부문,소계,전남,0
2023-08,공공부문,소계,경북,0
2023-08,공공부문,소계,경남,150
2023-08,공공부문,소계,제주,88
2023-08,합,국민임대,전국,120
2023-08,합,국민임대,서울,0
2023-08,합,국민임대,인천,0
2023-08,합,국민임대,경기,0
2023-08,합,국민임대,부산,0
2023-08,합,국민임대,대구,0
2023-08,합,국민임대,광주,0
2023-08,합,국민임대,대전,0
2023-08,합,국민임대,울산,0
2023-08,합,국민임대,세종,0
2023-08,합,국민임대,강원,0
2023-08,합,국민임대,충북,0
2023-08,합,국민임대,충남,0
2023-08,합,국민임대,전북,0
2023-08,합,국민임대,전남,0
2023-08,합,국민임대,경북,0
2023-08,합,국민임대,경남,120
2023-08,합,국민임대,제주,0
2023-08,합,공공임대,전국,4,714
2023-08,합,공공임대,서울,0
2023-08,합,공공임대,인천,510
2023-08,합,공공임대,경기,2,424
2023-08,합,공공임대,부산,0
2023-08,합,공공임대,대구,0
2023-08,합,공공임대,광주,0
2023-08,합,공공임대,대전,0
2023-08,합,공공임대,울산,0
2023-08,합,공공임대,세종,0
2023-08,합,공공임대,강원,650
2023-08,합,공공임대,충북,0
2023-08,합,공공임대,충남,884
2023-08,합,공공임대,전북,128
2023-08,합,공공임대,전남,0
2023-08,합,공공임대,경북,0
2023-08,합,공공임대,경남,30
2023-08,합,공공임대,제주,88
2023-08,합,공공분양,전국,3,515
2023-08,합,공공분양,서울,0
2023-08,합,공공분양,인천,0
2023-08,합,공공분양,경기,3,515
2023-08,합,공공분양,부산,0
2023-08,합,공공분양,대구,0
2023-08,합,공공분양,광주,0
2023-08,합,공공분양,대전,0
2023-08,합,공공분양,울산,0
2023-08,합,공공분양,세종,0
2023-08,합,공공분양,강원,0
2023-08,합,공공분양,충북,0
2023-08,합,공공분양,충남,0
2023-08,합,공공분양,전북,0
2023-08,합,공공분양,전남,0
2023-08,합,공공분양,경북,0
2023-08,합,공공분양,경남,0
2023-08,합,공공분양,제주,0
2023-08,지자체,소계,전국,0
2023-08,지자체,소계,서울,0
2023-08,지자체,소계,인천,0
2023-08,지자체,소계,경기,0
2023-08,지자체,소계,부산,0
2023-08,지자체,소계,대구,0
2023-08,지자체,소계,광주,0
2023-08,지자체,소계,대전,0
2023-08,지자체,소계,울산,0
2023-08,지자체,소계,세종,0
2023-08,지자체,소계,강원,0
2023-08,지자체,소계,충북,0
2023-08,지자체,소계,충남,0
2023-08,지자체,소계,전북,0
2023-08,지자체,소계,전남,0
2023-08,지자체,소계,경북,0
2023-08,지자체,소계,경남,0
2023-08,지자체,소계,제주,0
2023-08,지자체,국민임대,전국,0
2023-08,지자체,국민임대,서울,0
2023-08,지자체,국민임대,인천,0
2023-08,지자체,국민임대,경기,0
2023-08,지자체,국민임대,부산,0
2023-08,지자체,국민임대,대구,0
2023-08,지자체,국민임대,광주,0
2023-08,지자체,국민임대,대전,0
2023-08,지자체,국민임대,울산,0
2023-08,지자체,국민임대,세종,0
2023-08,지자체,국민임대,강원,0
2023-08,지자체,국민임대,충북,0
2023-08,지자체,국민임대,충남,0
2023-08,지자체,국민임대,전북,0
2023-08,지자체,국민임대,전남,0
2023-08,지자체,국민임대,경북,0
2023-08,지자체,국민임대,경남,0
2023-08,지자체,국민임대,제주,0
2023-08,지자체,공공임대,전국,0
2023-08,지자체,공공임대,서울,0
2023-08,지자체,공공임대,인천,0
2023-08,지자체,공공임대,경기,0
2023-08,지자체,공공임대,부산,0
2023-08,지자체,공공임대,대구,0
2023-08,지자체,공공임대,광주,0
2023-08,지자체,공공임대,대전,0
2023-08,지자체,공공임대,울산,0
2023-08,지자체,공공임대,세종,0
2023-08,지자체,공공임대,강원,0
2023-08,지자체,공공임대,충북,0
2023-08,지자체,공공임대,충남,0
2023-08,지자체,공공임대,전북,0
2023-08,지자체,공공임대,전남,0
2023-08,지자체,공공임대,경북,0
2023-08,지자체,공공임대,경남,0
2023-08,지자체,공공임대,제주,0
2023-08,지자체,공공분양,전국,0
2023-08,지자체,공공분양,서울,0
2023-08,지자체,공공분양,인천,0
2023-08,지자체,공공분양,경기,0
2023-08,지자체,공공분양,부산,0
2023-08,지자체,공공분양,대구,0
2023-08,지자체,공공분양,광주,0
2023-08,지자체,공공분양,대전,0
2023-08,지자체,공공분양,울산,0
2023-08,지자체,공공분양,세종,0
2023-08,지자체,공공분양,강원,0
2023-08,지자체,공공분양,충북,0
2023-08,지자체,공공분양,충남,0
2023-08,지자체,공공분양,전북,0
2023-08,지자체,공공분양,전남,0
2023-08,지자체,공공분양,경북,0
2023-08,지자체,공공분양,경남,0
2023-08,지자체,공공분양,제주,0
2023-08,LH,소계,전국,3,606
2023-08,LH,소계,서울,0
2023-08,LH,소계,인천,510
2023-08,LH,소계,경기,1,846
2023-08,LH,소계,부산,0
2023-08,LH,소계,대구,0
2023-08,LH,소계,광주,0
2023-08,LH,소계,대전,0
2023-08,LH,소계,울산,0
2023-08,LH,소계,세종,0
2023-08,LH,소계,강원,0
2023-08,LH,소계,충북,0
2023-08,LH,소계,충남,884
2023-08,LH,소계,전북,128
2023-08,LH,소계,전남,0
2023-08,LH,소계,경북,0
2023-08,LH,소계,경남,150
2023-08,LH,소계,제주,88
2023-08,LH,국민임대,전국,120
2023-08,LH,국민임대,서울,0
2023-08,LH,국민임대,인천,0
2023-08,LH,국민임대,경기,0
2023-08,LH,국민임대,부산,0
2023-08,LH,국민임대,대구,0
2023-08,LH,국민임대,광주,0
2023-08,LH,국민임대,대전,0
2023-08,LH,국민임대,울산,0
2023-08,LH,국민임대,세종,0
2023-08,LH,국민임대,강원,0
2023-08,LH,국민임대,충북,0
2023-08,LH,국민임대,충남,0
2023-08,LH,국민임대,전북,0
2023-08,LH,국민임대,전남,0
2023-08,LH,국민임대,경북,0
2023-08,LH,국민임대,경남,120
2023-08,LH,국민임대,제주,0
2023-08,LH,공공임대,전국,3,156
2023-08,LH,공공임대,서울,0
2023-08,LH,공공임대,인천,510
2023-08,LH,공공임대,경기,1,516
2023-08,LH,공공임대,부산,0
2023-08,LH,공공임대,대구,0
2023-08,LH,공공임대,광주,0
2023-08,LH,공공임대,대전,0
2023-08,LH,공공임대,울산,0
2023-08,LH,공공임대,세종,0
2023-08,LH,공공임대,강원,0
2023-08,LH,공공임대,충북,0
2023-08,LH,공공임대,충남,884
2023-08,LH,공공임대,전북,128
2023-08,LH,공공임대,전남,0
2023-08,LH,공공임대,경북,0
2023-08,LH,공공임대,경남,30
2023-08,LH,공공임대,제주,88
2023-08,LH,공공분양,전국,330
2023-08,LH,공공분양,서울,0
2023-08,LH,공공분양,인천,0
2023-08,LH,공공분양,경기,330
2023-08,LH,공공분양,부산,0
2023-08,LH,공공분양,대구,0
2023-08,LH,공공분양,광주,0
2023-08,LH,공공분양,대전,0
2023-08,LH,공공분양,울산,0
2023-08,LH,공공분양,세종,0
2023-08,LH,공공분양,강원,0
2023-08,LH,공공분양,충북,0
2023-08,LH,공공분양,충남,0
2023-08,LH,공공분양,전북,0
2023-08,LH,공공분양,전남,0
2023-08,LH,공공분양,경북,0
2023-08,LH,공공분양,경남,0
2023-08,LH,공공분양,제주,0
2023-08,주택업체,소계,전국,4,743
2023-08,주택업체,소계,서울,0
2023-08,주택업체,소계,인천,0
2023-08,주택업체,소계,경기,4,093
2023-08,주택업체,소계,부산,0
2023-08,주택업체,소계,대구,0
2023-08,주택업체,소계,광주,0
2023-08,주택업체,소계,대전,0
2023-08,주택업체,소계,울산,0
2023-08,주택업체,소계,세종,0
2023-08,주택업체,소계,강원,650
2023-08,주택업체,소계,충북,0
2023-08,주택업체,소계,충남,0
2023-08,주택업체,소계,전북,0
2023-08,주택업체,소계,전남,0
2023-08,주택업체,소계,경북,0
2023-08,주택업체,소계,경남,0
2023-08,주택업체,소계,제주,0
2023-08,주택업체,국민임대,전국,0
2023-08,주택업체,국민임대,서울,0
2023-08,주택업체,국민임대,인천,0
2023-08,주택업체,국민임대,경기,0
2023-08,주택업체,국민임대,부산,0
2023-08,주택업체,국민임대,대구,0
2023-08,주택업체,국민임대,광주,0
2023-08,주택업체,국민임대,대전,0
2023-08,주택업체,국민임대,울산,0
2023-08,주택업체,국민임대,세종,0
2023-08,주택업체,국민임대,강원,0
2023-08,주택업체,국민임대,충북,0
2023-08,주택업체,국민임대,충남,0
2023-08,주택업체,국민임대,전북,0
2023-08,주택업체,국민임대,전남,0
2023-08,주택업체,국민임대,경북,0
2023-08,주택업체,국민임대,경남,0
2023-08,주택업체,국민임대,제주,0
2023-08,주택업체,공공임대,전국,1,558
2023-08,주택업체,공공임대,서울,0
2023-08,주택업체,공공임대,인천,0
2023-08,주택업체,공공임대,경기,908
2023-08,주택업체,공공임대,부산,0
2023-08,주택업체,공공임대,대구,0
2023-08,주택업체,공공임대,광주,0
2023-08,주택업체,공공임대,대전,0
2023-08,주택업체,공공임대,울산,0
2023-08,주택업체,공공임대,세종,0
2023-08,주택업체,공공임대,강원,650
2023-08,주택업체,공공임대,충북,0
2023-08,주택업체,공공임대,충남,0
2023-08,주택업체,공공임대,전북,0
2023-08,주택업체,공공임대,전남,0
2023-08,주택업체,공공임대,경북,0
2023-08,주택업체,공공임대,경남,0
2023-08,주택업체,공공임대,제주,0
2023-08,주택업체,공공분양,전국,3,185
2023-08,주택업체,공공분양,서울,0
2023-08,주택업체,공공분양,인천,0
2023-08,주택업체,공공분양,경기,3,185
2023-08,주택업체,공공분양,부산,0
2023-08,주택업체,공공분양,대구,0
2023-08,주택업체,공공분양,광주,0
2023-08,주택업체,공공분양,대전,0
2023-08,주택업체,공공분양,울산,0
2023-08,주택업체,공공분양,세종,0
2023-08,주택업체,공공분양,강원,0
2023-08,주택업체,공공분양,충북,0
2023-08,주택업체,공공분양,충남,0
2023-08,주택업체,공공분양,전북,0
2023-08,주택업체,공공분양,전남,0
2023-08,주택업체,공공분양,경북,0
2023-08,주택업체,공공분양,경남,0
2023-08,주택업체,공공분양,제주,0
2023-08,민간부문,소계,전국,27,244
2023-08,민간부문,소계,서울,5,001
2023-08,민간부문,소계,인천,1,609
2023-08,민간부문,소계,경기,9,615
2023-08,민간부문,소계,부산,265
2023-08,민간부문,소계,대구,4,744
2023-08,민간부문,소계,광주,39
2023-08,민간부문,소계,대전,64
2023-08,민간부문,소계,울산,44
2023-08,민간부문,소계,세종,10
2023-08,민간부문,소계,강원,1,138
2023-08,민간부문,소계,충북,225
2023-08,민간부문,소계,충남,1,297
2023-08,민간부문,소계,전북,427
2023-08,민간부문,소계,전남,507
2023-08,민간부문,소계,경북,307
2023-08,민간부문,소계,경남,1,605
2023-08,민간부문,소계,제주,347
2023-08,민간,민간임대,전국,2,606
2023-08,민간,민간임대,서울,0
2023-08,민간,민간임대,인천,765
2023-08,민간,민간임대,경기,0
2023-08,민간,민간임대,부산,0
2023-08,민간,민간임대,대구,1,265
2023-08,민간,민간임대,광주,0
2023-08,민간,민간임대,대전,0
2023-08,민간,민간임대,울산,0
2023-08,민간,민간임대,세종,0
2023-08,민간,민간임대,강원,576
2023-08,민간,민간임대,충북,0
2023-08,민간,민간임대,충남,0
2023-08,민간,민간임대,전북,0
2023-08,민간,민간임대,전남,0
2023-08,민간,민간임대,경북,0
2023-08,민간,민간임대,경남,0
2023-08,민간,민간임대,제주,0
2023-08,민간,민간분양,전국,24,638
2023-08,민간,민간분양,서울,5,001
2023-08,민간,민간분양,인천,844
2023-08,민간,민간분양,경기,9,615
2023-08,민간,민간분양,부산,265
2023-08,민간,민간분양,대구,3,479
2023-08,민간,민간분양,광주,39
2023-08,민간,민간분양,대전,64
2023-08,민간,민간분양,울산,44
2023-08,민간,민간분양,세종,10
2023-08,민간,민간분양,강원,562
2023-08,민간,민간분양,충북,225
2023-08,민간,민간분양,충남,1,297
2023-08,민간,민간분양,전북,427
2023-08,민간,민간분양,전남,507
2023-08,민간,민간분양,경북,307
2023-08,민간,민간분양,경남,1,605
2023-08,민간,민간분양,제주,347
2023-09,총계,총계,전국,25,323
2023-09,총계,총계,서울,1,939
2023-09,총계,총계,인천,1,314
2023-09,총계,총계,경기,7,228
2023-09,총계,총계,부산,3,182
2023-09,총계,총계,대구,2,349
2023-09,총계,총계,광주,96
2023-09,총계,총계,대전,42
2023-09,총계,총계,울산,21
2023-09,총계,총계,세종,486
2023-09,총계,총계,강원,282
2023-09,총계,총계,충북,807
2023-09,총계,총계,충남,2,505
2023-09,총계,총계,전북,1,646
2023-09,총계,총계,전남,1,211
2023-09,총계,총계,경북,268
2023-09,총계,총계,경남,1,527
2023-09,총계,총계,제주,420
2023-09,공공부문,소계,전국,4,672
2023-09,공공부문,소계,서울,523
2023-09,공공부문,소계,인천,246
2023-09,공공부문,소계,경기,1,557
2023-09,공공부문,소계,부산,1,766
2023-09,공공부문,소계,대구,0
2023-09,공공부문,소계,광주,0
2023-09,공공부문,소계,대전,0
2023-09,공공부문,소계,울산,0
2023-09,공공부문,소계,세종,0
2023-09,공공부문,소계,강원,0
2023-09,공공부문,소계,충북,80
2023-09,공공부문,소계,충남,0
2023-09,공공부문,소계,전북,398
2023-09,공공부문,소계,전남,102
2023-09,공공부문,소계,경북,0
2023-09,공공부문,소계,경남,0
2023-09,공공부문,소계,제주,0
2023-09,합,국민임대,전국,958
2023-09,합,국민임대,서울,0
2023-09,합,국민임대,인천,0
2023-09,합,국민임대,경기,576
2023-09,합,국민임대,부산,0
2023-09,합,국민임대,대구,0
2023-09,합,국민임대,광주,0
2023-09,합,국민임대,대전,0
2023-09,합,국민임대,울산,0
2023-09,합,국민임대,세종,0
2023-09,합,국민임대,강원,0
2023-09,합,국민임대,충북,0
2023-09,합,국민임대,충남,0
2023-09,합,국민임대,전북,300
2023-09,합,국민임대,전남,82
2023-09,합,국민임대,경북,0
2023-09,합,국민임대,경남,0
2023-09,합,국민임대,제주,0
2023-09,합,공공임대,전국,2,466
2023-09,합,공공임대,서울,175
2023-09,합,공공임대,인천,0
2023-09,합,공공임대,경기,327
2023-09,합,공공임대,부산,1,766
2023-09,합,공공임대,대구,0
2023-09,합,공공임대,광주,0
2023-09,합,공공임대,대전,0
2023-09,합,공공임대,울산,0
2023-09,합,공공임대,세종,0
2023-09,합,공공임대,강원,0
2023-09,합,공공임대,충북,80
2023-09,합,공공임대,충남,0
2023-09,합,공공임대,전북,98
2023-09,합,공공임대,전남,20
2023-09,합,공공임대,경북,0
2023-09,합,공공임대,경남,0
2023-09,합,공공임대,제주,0
2023-09,합,공공분양,전국,1,248
2023-09,합,공공분양,서울,348
2023-09,합,공공분양,인천,246
2023-09,합,공공분양,경기,654
2023-09,합,공공분양,부산,0
2023-09,합,공공분양,대구,0
2023-09,합,공공분양,광주,0
2023-09,합,공공분양,대전,0
2023-09,합,공공분양,울산,0
2023-09,합,공공분양,세종,0
2023-09,합,공공분양,강원,0
2023-09,합,공공분양,충북,0
2023-09,합,공공분양,충남,0
2023-09,합,공공분양,전북,0
2023-09,합,공공분양,전남,0
2023-09,합,공공분양,경북,0
2023-09,합,공공분양,경남,0
2023-09,합,공공분양,제주,0
2023-09,지자체,소계,전국,0
2023-09,지자체,소계,서울,0
2023-09,지자체,소계,인천,0
2023-09,지자체,소계,경기,0
2023-09,지자체,소계,부산,0
2023-09,지자체,소계,대구,0
2023-09,지자체,소계,광주,0
2023-09,지자체,소계,대전,0
2023-09,지자체,소계,울산,0
2023-09,지자체,소계,세종,0
2023-09,지자체,소계,강원,0
2023-09,지자체,소계,충북,0
2023-09,지자체,소계,충남,0
2023-09,지자체,소계,전북,0
2023-09,지자체,소계,전남,0
2023-09,지자체,소계,경북,0
2023-09,지자체,소계,경남,0
2023-09,지자체,소계,제주,0
2023-09,지자체,국민임대,전국,0
2023-09,지자체,국민임대,서울,0
2023-09,지자체,국민임대,인천,0
2023-09,지자체,국민임대,경기,0
2023-09,지자체,국민임대,부산,0
2023-09,지자체,국민임대,대구,0
2023-09,지자체,국민임대,광주,0
2023-09,지자체,국민임대,대전,0
2023-09,지자체,국민임대,울산,0
2023-09,지자체,국민임대,세종,0
2023-09,지자체,국민임대,강원,0
2023-09,지자체,국민임대,충북,0
2023-09,지자체,국민임대,충남,0
2023-09,지자체,국민임대,전북,0
2023-09,지자체,국민임대,전남,0
2023-09,지자체,국민임대,경북,0
2023-09,지자체,국민임대,경남,0
2023-09,지자체,국민임대,제주,0
2023-09,지자체,공공임대,전국,0
2023-09,지자체,공공임대,서울,0
2023-09,지자체,공공임대,인천,0
2023-09,지자체,공공임대,경기,0
2023-09,지자체,공공임대,부산,0
2023-09,지자체,공공임대,대구,0
2023-09,지자체,공공임대,광주,0
2023-09,지자체,공공임대,대전,0
2023-09,지자체,공공임대,울산,0
2023-09,지자체,공공임대,세종,0
2023-09,지자체,공공임대,강원,0
2023-09,지자체,공공임대,충북,0
2023-09,지자체,공공임대,충남,0
2023-09,지자체,공공임대,전북,0
2023-09,지자체,공공임대,전남,0
2023-09,지자체,공공임대,경북,0
2023-09,지자체,공공임대,경남,0
2023-09,지자체,공공임대,제주,0
2023-09,지자체,공공분양,전국,0
2023-09,지자체,공공분양,서울,0
2023-09,지자체,공공분양,인천,0
2023-09,지자체,공공분양,경기,0
2023-09,지자체,공공분양,부산,0
2023-09,지자체,공공분양,대구,0
2023-09,지자체,공공분양,광주,0
2023-09,지자체,공공분양,대전,0
2023-09,지자체,공공분양,울산,0
2023-09,지자체,공공분양,세종,0
2023-09,지자체,공공분양,강원,0
2023-09,지자체,공공분양,충북,0
2023-09,지자체,공공분양,충남,0
2023-09,지자체,공공분양,전북,0
2023-09,지자체,공공분양,전남,0
2023-09,지자체,공공분양,경북,0
2023-09,지자체,공공분양,경남,0
2023-09,지자체,공공분양,제주,0
2023-09,LH,소계,전국,2,906
2023-09,LH,소계,서울,523
2023-09,LH,소계,인천,246
2023-09,LH,소계,경기,1,557
2023-09,LH,소계,부산,0
2023-09,LH,소계,대구,0
2023-09,LH,소계,광주,0
2023-09,LH,소계,대전,0
2023-09,LH,소계,울산,0
2023-09,LH,소계,세종,0
2023-09,LH,소계,강원,0
2023-09,LH,소계,충북,80
2023-09,LH,소계,충남,0
2023-09,LH,소계,전북,398
2023-09,LH,소계,전남,102
2023-09,LH,소계,경북,0
2023-09,LH,소계,경남,0
2023-09,LH,소계,제주,0
2023-09,LH,국민임대,전국,958
2023-09,LH,국민임대,서울,0
2023-09,LH,국민임대,인천,0
2023-09,LH,국민임대,경기,576
2023-09,LH,국민임대,부산,0
2023-09,LH,국민임대,대구,0
2023-09,LH,국민임대,광주,0
2023-09,LH,국민임대,대전,0
2023-09,LH,국민임대,울산,0
2023-09,LH,국민임대,세종,0
2023-09,LH,국민임대,강원,0
2023-09,LH,국민임대,충북,0
2023-09,LH,국민임대,충남,0
2023-09,LH,국민임대,전북,300
2023-09,LH,국민임대,전남,82
2023-09,LH,국민임대,경북,0
2023-09,LH,국민임대,경남,0
2023-09,LH,국민임대,제주,0
2023-09,LH,공공임대,전국,700
2023-09,LH,공공임대,서울,175
2023-09,LH,공공임대,인천,0
2023-09,LH,공공임대,경기,327
2023-09,LH,공공임대,부산,0
2023-09,LH,공공임대,대구,0
2023-09,LH,공공임대,광주,0
2023-09,LH,공공임대,대전,0
2023-09,LH,공공임대,울산,0
2023-09,LH,공공임대,세종,0
2023-09,LH,공공임대,강원,0
2023-09,LH,공공임대,충북,80
2023-09,LH,공공임대,충남,0
2023-09,LH,공공임대,전북,98
2023-09,LH,공공임대,전남,20
2023-09,LH,공공임대,경북,0
2023-09,LH,공공임대,경남,0
2023-09,LH,공공임대,제주,0
2023-09,LH,공공분양,전국,1,248
2023-09,LH,공공분양,서울,348
2023-09,LH,공공분양,인천,246
2023-09,LH,공공분양,경기,654
2023-09,LH,공공분양,부산,0
2023-09,LH,공공분양,대구,0
2023-09,LH,공공분양,광주,0
2023-09,LH,공공분양,대전,0
2023-09,LH,공공분양,울산,0
2023-09,LH,공공분양,세종,0
2023-09,LH,공공분양,강원,0
2023-09,LH,공공분양,충북,0
2023-09,LH,공공분양,충남,0
2023-09,LH,공공분양,전북,0
2023-09,LH,공공분양,전남,0
2023-09,LH,공공분양,경북,0
2023-09,LH,공공분양,경남,0
2023-09,LH,공공분양,제주,0
2023-09,주택업체,소계,전국,1,766
2023-09,주택업체,소계,서울,0
2023-09,주택업체,소계,인천,0
2023-09,주택업체,소계,경기,0
2023-09,주택업체,소계,부산,1,766
2023-09,주택업체,소계,대구,0
2023-09,주택업체,소계,광주,0
2023-09,주택업체,소계,대전,0
2023-09,주택업체,소계,울산,0
2023-09,주택업체,소계,세종,0
2023-09,주택업체,소계,강원,0
2023-09,주택업체,소계,충북,0
2023-09,주택업체,소계,충남,0
2023-09,주택업체,소계,전북,0
2023-09,주택업체,소계,전남,0
2023-09,주택업체,소계,경북,0
2023-09,주택업체,소계,경남,0
2023-09,주택업체,소계,제주,0
2023-09,주택업체,국민임대,전국,0
2023-09,주택업체,국민임대,서울,0
2023-09,주택업체,국민임대,인천,0
2023-09,주택업체,국민임대,경기,0
2023-09,주택업체,국민임대,부산,0
2023-09,주택업체,국민임대,대구,0
2023-09,주택업체,국민임대,광주,0
2023-09,주택업체,국민임대,대전,0
2023-09,주택업체,국민임대,울산,0
2023-09,주택업체,국민임대,세종,0
2023-09,주택업체,국민임대,강원,0
2023-09,주택업체,국민임대,충북,0
2023-09,주택업체,국민임대,충남,0
2023-09,주택업체,국민임대,전북,0
2023-09,주택업체,국민임대,전남,0
2023-09,주택업체,국민임대,경북,0
2023-09,주택업체,국민임대,경남,0
2023-09,주택업체,국민임대,제주,0
2023-09,주택업체,공공임대,전국,1,766
2023-09,주택업체,공공임대,서울,0
2023-09,주택업체,공공임대,인천,0
2023-09,주택업체,공공임대,경기,0
2023-09,주택업체,공공임대,부산,1,766
2023-09,주택업체,공공임대,대구,0
2023-09,주택업체,공공임대,광주,0
2023-09,주택업체,공공임대,대전,0
2023-09,주택업체,공공임대,울산,0
2023-09,주택업체,공공임대,세종,0
2023-09,주택업체,공공임대,강원,0
2023-09,주택업체,공공임대,충북,0
2023-09,주택업체,공공임대,충남,0
2023-09,주택업체,공공임대,전북,0
2023-09,주택업체,공공임대,전남,0
2023-09,주택업체,공공임대,경북,0
2023-09,주택업체,공공임대,경남,0
2023-09,주택업체,공공임대,제주,0
2023-09,주택업체,공공분양,전국,0
2023-09,주택업체,공공분양,서울,0
2023-09,주택업체,공공분양,인천,0
2023-09,주택업체,공공분양,경기,0
2023-09,주택업체,공공분양,부산,0
2023-09,주택업체,공공분양,대구,0
2023-09,주택업체,공공분양,광주,0
2023-09,주택업체,공공분양,대전,0
2023-09,주택업체,공공분양,울산,0
2023-09,주택업체,공공분양,세종,0
2023-09,주택업체,공공분양,강원,0
2023-09,주택업체,공공분양,충북,0
2023-09,주택업체,공공분양,충남,0
2023-09,주택업체,공공분양,전북,0
2023-09,주택업체,공공분양,전남,0
2023-09,주택업체,공공분양,경북,0
2023-09,주택업체,공공분양,경남,0
2023-09,주택업체,공공분양,제주,0
2023-09,민간부문,소계,전국,20,651
2023-09,민간부문,소계,서울,1,416
2023-09,민간부문,소계,인천,1,068
2023-09,민간부문,소계,경기,5,671
2023-09,민간부문,소계,부산,1,416
2023-09,민간부문,소계,대구,2,349
2023-09,민간부문,소계,광주,96
2023-09,민간부문,소계,대전,42
2023-09,민간부문,소계,울산,21
2023-09,민간부문,소계,세종,486
2023-09,민간부문,소계,강원,282
2023-09,민간부문,소계,충북,727
2023-09,민간부문,소계,충남,2,505
2023-09,민간부문,소계,전북,1,248
2023-09,민간부문,소계,전남,1,109
2023-09,민간부문,소계,경북,268
2023-09,민간부문,소계,경남,1,527
2023-09,민간부문,소계,제주,420
2023-09,민간,민간임대,전국,1,720
2023-09,민간,민간임대,서울,0
2023-09,민간,민간임대,인천,0
2023-09,민간,민간임대,경기,1,720
2023-09,민간,민간임대,부산,0
2023-09,민간,민간임대,대구,0
2023-09,민간,민간임대,광주,0
2023-09,민간,민간임대,대전,0
2023-09,민간,민간임대,울산,0
2023-09,민간,민간임대,세종,0
2023-09,민간,민간임대,강원,0
2023-09,민간,민간임대,충북,0
2023-09,민간,민간임대,충남,0
2023-09,민간,민간임대,전북,0
2023-09,민간,민간임대,전남,0
2023-09,민간,민간임대,경북,0
2023-09,민간,민간임대,경남,0
2023-09,민간,민간임대,제주,0
2023-09,민간,민간분양,전국,18,931
2023-09,민간,민간분양,서울,1,416
2023-09,민간,민간분양,인천,1,068
2023-09,민간,민간분양,경기,3,951
2023-09,민간,민간분양,부산,1,416
2023-09,민간,민간분양,대구,2,349
2023-09,민간,민간분양,광주,96
2023-09,민간,민간분양,대전,42
2023-09,민간,민간분양,울산,21
2023-09,민간,민간분양,세종,486
2023-09,민간,민간분양,강원,282
2023-09,민간,민간분양,충북,727
2023-09,민간,민간분양,충남,2,505
2023-09,민간,민간분양,전북,1,248
2023-09,민간,민간분양,전남,1,109
2023-09,민간,민간분양,경북,268
2023-09,민간,민간분양,경남,1,527
2023-09,민간,민간분양,제주,420
2023-10,총계,총계,전국,42,507
2023-10,총계,총계,서울,1,946
2023-10,총계,총계,인천,6,659
2023-10,총계,총계,경기,14,669
2023-10,총계,총계,부산,112
2023-10,총계,총계,대구,3,605
2023-10,총계,총계,광주,440
2023-10,총계,총계,대전,1,200
2023-10,총계,총계,울산,3,095
2023-10,총계,총계,세종,1,037
2023-10,총계,총계,강원,1,490
2023-10,총계,총계,충북,1,113
2023-10,총계,총계,충남,2,757
2023-10,총계,총계,전북,827
2023-10,총계,총계,전남,588
2023-10,총계,총계,경북,1,445
2023-10,총계,총계,경남,1,068
2023-10,총계,총계,제주,456
2023-10,공공부문,소계,전국,14,544
2023-10,공공부문,소계,서울,41
2023-10,공공부문,소계,인천,2,277
2023-10,공공부문,소계,경기,8,638
2023-10,공공부문,소계,부산,0
2023-10,공공부문,소계,대구,0
2023-10,공공부문,소계,광주,0
2023-10,공공부문,소계,대전,1,116
2023-10,공공부문,소계,울산,0
2023-10,공공부문,소계,세종,995
2023-10,공공부문,소계,강원,385
2023-10,공공부문,소계,충북,56
2023-10,공공부문,소계,충남,0
2023-10,공공부문,소계,전북,0
2023-10,공공부문,소계,전남,0
2023-10,공공부문,소계,경북,956
2023-10,공공부문,소계,경남,0
2023-10,공공부문,소계,제주,80
2023-10,합,국민임대,전국,2,073
2023-10,합,국민임대,서울,0
2023-10,합,국민임대,인천,0
2023-10,합,국민임대,경기,928
2023-10,합,국민임대,부산,0
2023-10,합,국민임대,대구,0
2023-10,합,국민임대,광주,0
2023-10,합,국민임대,대전,0
2023-10,합,국민임대,울산,0
2023-10,합,국민임대,세종,0
2023-10,합,국민임대,강원,189
2023-10,합,국민임대,충북,0
2023-10,합,국민임대,충남,0
2023-10,합,국민임대,전북,0
2023-10,합,국민임대,전남,0
2023-10,합,국민임대,경북,956
2023-10,합,국민임대,경남,0
2023-10,합,국민임대,제주,0
2023-10,합,공공임대,전국,3,126
2023-10,합,공공임대,서울,41
2023-10,합,공공임대,인천,0
2023-10,합,공공임대,경기,2,753
2023-10,합,공공임대,부산,0
2023-10,합,공공임대,대구,0
2023-10,합,공공임대,광주,0
2023-10,합,공공임대,대전,0
2023-10,합,공공임대,울산,0
2023-10,합,공공임대,세종,0
2023-10,합,공공임대,강원,196
2023-10,합,공공임대,충북,56
2023-10,합,공공임대,충남,0
2023-10,합,공공임대,전북,0
2023-10,합,공공임대,전남,0
2023-10,합,공공임대,경북,0
2023-10,합,공공임대,경남,0
2023-10,합,공공임대,제주,80
2023-10,합,공공분양,전국,9,345
2023-10,합,공공분양,서울,0
2023-10,합,공공분양,인천,2,277
2023-10,합,공공분양,경기,4,957
2023-10,합,공공분양,부산,0
2023-10,합,공공분양,대구,0
2023-10,합,공공분양,광주,0
2023-10,합,공공분양,대전,1,116
2023-10,합,공공분양,울산,0
2023-10,합,공공분양,세종,995
2023-10,합,공공분양,강원,0
2023-10,합,공공분양,충북,0
2023-10,합,공공분양,충남,0
2023-10,합,공공분양,전북,0
2023-10,합,공공분양,전남,0
2023-10,합,공공분양,경북,0
2023-10,합,공공분양,경남,0
2023-10,합,공공분양,제주,0
2023-10,지자체,소계,전국,0
2023-10,지자체,소계,서울,0
2023-10,지자체,소계,인천,0
2023-10,지자체,소계,경기,0
2023-10,지자체,소계,부산,0
2023-10,지자체,소계,대구,0
2023-10,지자체,소계,광주,0
2023-10,지자체,소계,대전,0
2023-10,지자체,소계,울산,0
2023-10,지자체,소계,세종,0
2023-10,지자체,소계,강원,0
2023-10,지자체,소계,충북,0
2023-10,지자체,소계,충남,0
2023-10,지자체,소계,전북,0
2023-10,지자체,소계,전남,0
2023-10,지자체,소계,경북,0
2023-10,지자체,소계,경남,0
2023-10,지자체,소계,제주,0
2023-10,지자체,국민임대,전국,0
2023-10,지자체,국민임대,서울,0
2023-10,지자체,국민임대,인천,0
2023-10,지자체,국민임대,경기,0
2023-10,지자체,국민임대,부산,0
2023-10,지자체,국민임대,대구,0
2023-10,지자체,국민임대,광주,0
2023-10,지자체,국민임대,대전,0
2023-10,지자체,국민임대,울산,0
2023-10,지자체,국민임대,세종,0
2023-10,지자체,국민임대,강원,0
2023-10,지자체,국민임대,충북,0
2023-10,지자체,국민임대,충남,0
2023-10,지자체,국민임대,전북,0
2023-10,지자체,국민임대,전남,0
2023-10,지자체,국민임대,경북,0
2023-10,지자체,국민임대,경남,0
2023-10,지자체,국민임대,제주,0
2023-10,지자체,공공임대,전국,0
2023-10,지자체,공공임대,서울,0
2023-10,지자체,공공임대,인천,0
2023-10,지자체,공공임대,경기,0
2023-10,지자체,공공임대,부산,0
2023-10,지자체,공공임대,대구,0
2023-10,지자체,공공임대,광주,0
2023-10,지자체,공공임대,대전,0
2023-10,지자체,공공임대,울산,0
2023-10,지자체,공공임대,세종,0
2023-10,지자체,공공임대,강원,0
2023-10,지자체,공공임대,충북,0
2023-10,지자체,공공임대,충남,0
2023-10,지자체,공공임대,전북,0
2023-10,지자체,공공임대,전남,0
2023-10,지자체,공공임대,경북,0
2023-10,지자체,공공임대,경남,0
2023-10,지자체,공공임대,제주,0
2023-10,지자체,공공분양,전국,0
2023-10,지자체,공공분양,서울,0
2023-10,지자체,공공분양,인천,0
2023-10,지자체,공공분양,경기,0
2023-10,지자체,공공분양,부산,0
2023-10,지자체,공공분양,대구,0
2023-10,지자체,공공분양,광주,0
2023-10,지자체,공공분양,대전,0
2023-10,지자체,공공분양,울산,0
2023-10,지자체,공공분양,세종,0
2023-10,지자체,공공분양,강원,0
2023-10,지자체,공공분양,충북,0
2023-10,지자체,공공분양,충남,0
2023-10,지자체,공공분양,전북,0
2023-10,지자체,공공분양,전남,0
2023-10,지자체,공공분양,경북,0
2023-10,지자체,공공분양,경남,0
2023-10,지자체,공공분양,제주,0
2023-10,LH,소계,전국,10,777
2023-10,LH,소계,서울,0
2023-10,LH,소계,인천,2,277
2023-10,LH,소계,경기,6,984
2023-10,LH,소계,부산,0
2023-10,LH,소계,대구,0
2023-10,LH,소계,광주,0
2023-10,LH,소계,대전,0
2023-10,LH,소계,울산,0
2023-10,LH,소계,세종,995
2023-10,LH,소계,강원,385
2023-10,LH,소계,충북,56
2023-10,LH,소계,충남,0
2023-10,LH,소계,전북,0
2023-10,LH,소계,전남,0
2023-10,LH,소계,경북,0
2023-10,LH,소계,경남,0
2023-10,LH,소계,제주,80
2023-10,LH,국민임대,전국,189
2023-10,LH,국민임대,서울,0
2023-10,LH,국민임대,인천,0
2023-10,LH,국민임대,경기,0
2023-10,LH,국민임대,부산,0
2023-10,LH,국민임대,대구,0
2023-10,LH,국민임대,광주,0
2023-10,LH,국민임대,대전,0
2023-10,LH,국민임대,울산,0
2023-10,LH,국민임대,세종,0
2023-10,LH,국민임대,강원,189
2023-10,LH,국민임대,충북,0
2023-10,LH,국민임대,충남,0
2023-10,LH,국민임대,전북,0
2023-10,LH,국민임대,전남,0
2023-10,LH,국민임대,경북,0
2023-10,LH,국민임대,경남,0
2023-10,LH,국민임대,제주,0
2023-10,LH,공공임대,전국,2,359
2023-10,LH,공공임대,서울,0
2023-10,LH,공공임대,인천,0
2023-10,LH,공공임대,경기,2,027
2023-10,LH,공공임대,부산,0
2023-10,LH,공공임대,대구,0
2023-10,LH,공공임대,광주,0
2023-10,LH,공공임대,대전,0
2023-10,LH,공공임대,울산,0
2023-10,LH,공공임대,세종,0
2023-10,LH,공공임대,강원,196
2023-10,LH,공공임대,충북,56
2023-10,LH,공공임대,충남,0
2023-10,LH,공공임대,전북,0
2023-10,LH,공공임대,전남,0
2023-10,LH,공공임대,경북,0
2023-10,LH,공공임대,경남,0
2023-10,LH,공공임대,제주,80
2023-10,LH,공공분양,전국,8,229
2023-10,LH,공공분양,서울,0
2023-10,LH,공공분양,인천,2,277
2023-10,LH,공공분양,경기,4,957
2023-10,LH,공공분양,부산,0
2023-10,LH,공공분양,대구,0
2023-10,LH,공공분양,광주,0
2023-10,LH,공공분양,대전,0
2023-10,LH,공공분양,울산,0
2023-10,LH,공공분양,세종,995
2023-10,LH,공공분양,강원,0
2023-10,LH,공공분양,충북,0
2023-10,LH,공공분양,충남,0
2023-10,LH,공공분양,전북,0
2023-10,LH,공공분양,전남,0
2023-10,LH,공공분양,경북,0
2023-10,LH,공공분양,경남,0
2023-10,LH,공공분양,제주,0
2023-10,주택업체,소계,전국,3,767
2023-10,주택업체,소계,서울,41
2023-10,주택업체,소계,인천,0
2023-10,주택업체,소계,경기,1,654
2023-10,주택업체,소계,부산,0
2023-10,주택업체,소계,대구,0
2023-10,주택업체,소계,광주,0
2023-10,주택업체,소계,대전,1,116
2023-10,주택업체,소계,울산,0
2023-10,주택업체,소계,세종,0
2023-10,주택업체,소계,강원,0
2023-10,주택업체,소계,충북,0
2023-10,주택업체,소계,충남,0
2023-10,주택업체,소계,전북,0
2023-10,주택업체,소계,전남,0
2023-10,주택업체,소계,경북,956
2023-10,주택업체,소계,경남,0
2023-10,주택업체,소계,제주,0
2023-10,주택업체,국민임대,전국,1,884
2023-10,주택업체,국민임대,서울,0
2023-10,주택업체,국민임대,인천,0
2023-10,주택업체,국민임대,경기,928
2023-10,주택업체,국민임대,부산,0
2023-10,주택업체,국민임대,대구,0
2023-10,주택업체,국민임대,광주,0
2023-10,주택업체,국민임대,대전,0
2023-10,주택업체,국민임대,울산,0
2023-10,주택업체,국민임대,세종,0
2023-10,주택업체,국민임대,강원,0
2023-10,주택업체,국민임대,충북,0
2023-10,주택업체,국민임대,충남,0
2023-10,주택업체,국민임대,전북,0
2023-10,주택업체,국민임대,전남,0
2023-10,주택업체,국민임대,경북,956
2023-10,주택업체,국민임대,경남,0
2023-10,주택업체,국민임대,제주,0
2023-10,주택업체,공공임대,전국,767
2023-10,주택업체,공공임대,서울,41
2023-10,주택업체,공공임대,인천,0
2023-10,주택업체,공공임대,경기,726
2023-10,주택업체,공공임대,부산,0
2023-10,주택업체,공공임대,대구,0
2023-10,주택업체,공공임대,광주,0
2023-10,주택업체,공공임대,대전,0
2023-10,주택업체,공공임대,울산,0
2023-10,주택업체,공공임대,세종,0
2023-10,주택업체,공공임대,강원,0
2023-10,주택업체,공공임대,충북,0
2023-10,주택업체,공공임대,충남,0
2023-10,주택업체,공공임대,전북,0
2023-10,주택업체,공공임대,전남,0
2023-10,주택업체,공공임대,경북,0
2023-10,주택업체,공공임대,경남,0
2023-10,주택업체,공공임대,제주,0
2023-10,주택업체,공공분양,전국,1,116
2023-10,주택업체,공공분양,서울,0
2023-10,주택업체,공공분양,인천,0
2023-10,주택업체,공공분양,경기,0
2023-10,주택업체,공공분양,부산,0
2023-10,주택업체,공공분양,대구,0
2023-10,주택업체,공공분양,광주,0
2023-10,주택업체,공공분양,대전,1,116
2023-10,주택업체,공공분양,울산,0
2023-10,주택업체,공공분양,세종,0
2023-10,주택업체,공공분양,강원,0
2023-10,주택업체,공공분양,충북,0
2023-10,주택업체,공공분양,충남,0
2023-10,주택업체,공공분양,전북,0
2023-10,주택업체,공공분양,전남,0
2023-10,주택업체,공공분양,경북,0
2023-10,주택업체,공공분양,경남,0
2023-10,주택업체,공공분양,제주,0
2023-10,민간부문,소계,전국,27,963
2023-10,민간부문,소계,서울,1,905
2023-10,민간부문,소계,인천,4,382
2023-10,민간부문,소계,경기,6,031
2023-10,민간부문,소계,부산,112
2023-10,민간부문,소계,대구,3,605
2023-10,민간부문,소계,광주,440
2023-10,민간부문,소계,대전,84
2023-10,민간부문,소계,울산,3,095
2023-10,민간부문,소계,세종,42
2023-10,민간부문,소계,강원,1,105
2023-10,민간부문,소계,충북,1,057
2023-10,민간부문,소계,충남,2,757
2023-10,민간부문,소계,전북,827
2023-10,민간부문,소계,전남,588
2023-10,민간부문,소계,경북,489
2023-10,민간부문,소계,경남,1,068
2023-10,민간부문,소계,제주,376
2023-10,민간,민간임대,전국,2,364
2023-10,민간,민간임대,서울,0
2023-10,민간,민간임대,인천,0
2023-10,민간,민간임대,경기,1,766
2023-10,민간,민간임대,부산,0
2023-10,민간,민간임대,대구,0
2023-10,민간,민간임대,광주,184
2023-10,민간,민간임대,대전,0
2023-10,민간,민간임대,울산,0
2023-10,민간,민간임대,세종,0
2023-10,민간,민간임대,강원,414
2023-10,민간,민간임대,충북,0
2023-10,민간,민간임대,충남,0
2023-10,민간,민간임대,전북,0
2023-10,민간,민간임대,전남,0
2023-10,민간,민간임대,경북,0
2023-10,민간,민간임대,경남,0
2023-10,민간,민간임대,제주,0
2023-10,민간,민간분양,전국,25,599
2023-10,민간,민간분양,서울,1,905
2023-10,민간,민간분양,인천,4,382
2023-10,민간,민간분양,경기,4,265
2023-10,민간,민간분양,부산,112
2023-10,민간,민간분양,대구,3,605
2023-10,민간,민간분양,광주,256
2023-10,민간,민간분양,대전,84
2023-10,민간,민간분양,울산,3,095
2023-10,민간,민간분양,세종,42
2023-10,민간,민간분양,강원,691
2023-10,민간,민간분양,충북,1,057
2023-10,민간,민간분양,충남,2,757
2023-10,민간,민간분양,전북,827
2023-10,민간,민간분양,전남,588
2023-10,민간,민간분양,경북,489
2023-10,민간,민간분양,경남,1,068
2023-10,민간,민간분양,제주,376
2023-11,총계,총계,전국,43,814
2023-11,총계,총계,서울,8,376
2023-11,총계,총계,인천,7,212
2023-11,총계,총계,경기,11,735
2023-11,총계,총계,부산,6,915
2023-11,총계,총계,대구,710
2023-11,총계,총계,광주,1,140
2023-11,총계,총계,대전,193
2023-11,총계,총계,울산,1,123
2023-11,총계,총계,세종,7
2023-11,총계,총계,강원,844
2023-11,총계,총계,충북,268
2023-11,총계,총계,충남,250
2023-11,총계,총계,전북,143
2023-11,총계,총계,전남,1,304
2023-11,총계,총계,경북,1,005
2023-11,총계,총계,경남,1,971
2023-11,총계,총계,제주,618
2023-11,공공부문,소계,전국,5,315
2023-11,공공부문,소계,서울,7
2023-11,공공부문,소계,인천,870
2023-11,공공부문,소계,경기,3,407
2023-11,공공부문,소계,부산,0
2023-11,공공부문,소계,대구,29
2023-11,공공부문,소계,광주,0
2023-11,공공부문,소계,대전,0
2023-11,공공부문,소계,울산,0
2023-11,공공부문,소계,세종,0
2023-11,공공부문,소계,강원,243
2023-11,공공부문,소계,충북,0
2023-11,공공부문,소계,충남,0
2023-11,공공부문,소계,전북,0
2023-11,공공부문,소계,전남,0
2023-11,공공부문,소계,경북,0
2023-11,공공부문,소계,경남,561
2023-11,공공부문,소계,제주,198
2023-11,합,국민임대,전국,108
2023-11,합,국민임대,서울,0
2023-11,합,국민임대,인천,0
2023-11,합,국민임대,경기,0
2023-11,합,국민임대,부산,0
2023-11,합,국민임대,대구,0
2023-11,합,국민임대,광주,0
2023-11,합,국민임대,대전,0
2023-11,합,국민임대,울산,0
2023-11,합,국민임대,세종,0
2023-11,합,국민임대,강원,0
2023-11,합,국민임대,충북,0
2023-11,합,국민임대,충남,0
2023-11,합,국민임대,전북,0
2023-11,합,국민임대,전남,0
2023-11,합,국민임대,경북,0
2023-11,합,국민임대,경남,30
2023-11,합,국민임대,제주,78
2023-11,합,공공임대,전국,1,215
2023-11,합,공공임대,서울,7
2023-11,합,공공임대,인천,0
2023-11,합,공공임대,경기,605
2023-11,합,공공임대,부산,0
2023-11,합,공공임대,대구,29
2023-11,합,공공임대,광주,0
2023-11,합,공공임대,대전,0
2023-11,합,공공임대,울산,0
2023-11,합,공공임대,세종,0
2023-11,합,공공임대,강원,243
2023-11,합,공공임대,충북,0
2023-11,합,공공임대,충남,0
2023-11,합,공공임대,전북,0
2023-11,합,공공임대,전남,0
2023-11,합,공공임대,경북,0
2023-11,합,공공임대,경남,211
2023-11,합,공공임대,제주,120
2023-11,합,공공분양,전국,3,992
2023-11,합,공공분양,서울,0
2023-11,합,공공분양,인천,870
2023-11,합,공공분양,경기,2,802
2023-11,합,공공분양,부산,0
2023-11,합,공공분양,대구,0
2023-11,합,공공분양,광주,0
2023-11,합,공공분양,대전,0
2023-11,합,공공분양,울산,0
2023-11,합,공공분양,세종,0
2023-11,합,공공분양,강원,0
2023-11,합,공공분양,충북,0
2023-11,합,공공분양,충남,0
2023-11,합,공공분양,전북,0
2023-11,합,공공분양,전남,0
2023-11,합,공공분양,경북,0
2023-11,합,공공분양,경남,320
2023-11,합,공공분양,제주,0
2023-11,지자체,소계,전국,0
2023-11,지자체,소계,서울,0
2023-11,지자체,소계,인천,0
2023-11,지자체,소계,경기,0
2023-11,지자체,소계,부산,0
2023-11,지자체,소계,대구,0
2023-11,지자체,소계,광주,0
2023-11,지자체,소계,대전,0
2023-11,지자체,소계,울산,0
2023-11,지자체,소계,세종,0
2023-11,지자체,소계,강원,0
2023-11,지자체,소계,충북,0
2023-11,지자체,소계,충남,0
2023-11,지자체,소계,전북,0
2023-11,지자체,소계,전남,0
2023-11,지자체,소계,경북,0
2023-11,지자체,소계,경남,0
2023-11,지자체,소계,제주,0
2023-11,지자체,국민임대,전국,0
2023-11,지자체,국민임대,서울,0
2023-11,지자체,국민임대,인천,0
2023-11,지자체,국민임대,경기,0
2023-11,지자체,국민임대,부산,0
2023-11,지자체,국민임대,대구,0
2023-11,지자체,국민임대,광주,0
2023-11,지자체,국민임대,대전,0
2023-11,지자체,국민임대,울산,0
2023-11,지자체,국민임대,세종,0
2023-11,지자체,국민임대,강원,0
2023-11,지자체,국민임대,충북,0
2023-11,지자체,국민임대,충남,0
2023-11,지자체,국민임대,전북,0
2023-11,지자체,국민임대,전남,0
2023-11,지자체,국민임대,경북,0
2023-11,지자체,국민임대,경남,0
2023-11,지자체,국민임대,제주,0
2023-11,지자체,공공임대,전국,0
2023-11,지자체,공공임대,서울,0
2023-11,지자체,공공임대,인천,0
2023-11,지자체,공공임대,경기,0
2023-11,지자체,공공임대,부산,0
2023-11,지자체,공공임대,대구,0
2023-11,지자체,공공임대,광주,0
2023-11,지자체,공공임대,대전,0
2023-11,지자체,공공임대,울산,0
2023-11,지자체,공공임대,세종,0
2023-11,지자체,공공임대,강원,0
2023-11,지자체,공공임대,충북,0
2023-11,지자체,공공임대,충남,0
2023-11,지자체,공공임대,전북,0
2023-11,지자체,공공임대,전남,0
2023-11,지자체,공공임대,경북,0
2023-11,지자체,공공임대,경남,0
2023-11,지자체,공공임대,제주,0
2023-11,지자체,공공분양,전국,0
2023-11,지자체,공공분양,서울,0
2023-11,지자체,공공분양,인천,0
2023-11,지자체,공공분양,경기,0
2023-11,지자체,공공분양,부산,0
2023-11,지자체,공공분양,대구,0
2023-11,지자체,공공분양,광주,0
2023-11,지자체,공공분양,대전,0
2023-11,지자체,공공분양,울산,0
2023-11,지자체,공공분양,세종,0
2023-11,지자체,공공분양,강원,0
2023-11,지자체,공공분양,충북,0
2023-11,지자체,공공분양,충남,0
2023-11,지자체,공공분양,전북,0
2023-11,지자체,공공분양,전남,0
2023-11,지자체,공공분양,경북,0
2023-11,지자체,공공분양,경남,0
2023-11,지자체,공공분양,제주,0
2023-11,LH,소계,전국,5,229
2023-11,LH,소계,서울,0
2023-11,LH,소계,인천,870
2023-11,LH,소계,경기,3,407
2023-11,LH,소계,부산,0
2023-11,LH,소계,대구,28
2023-11,LH,소계,광주,0
2023-11,LH,소계,대전,0
2023-11,LH,소계,울산,0
2023-11,LH,소계,세종,0
2023-11,LH,소계,강원,243
2023-11,LH,소계,충북,0
2023-11,LH,소계,충남,0
2023-11,LH,소계,전북,0
2023-11,LH,소계,전남,0
2023-11,LH,소계,경북,0
2023-11,LH,소계,경남,561
2023-11,LH,소계,제주,120
2023-11,LH,국민임대,전국,30
2023-11,LH,국민임대,서울,0
2023-11,LH,국민임대,인천,0
2023-11,LH,국민임대,경기,0
2023-11,LH,국민임대,부산,0
2023-11,LH,국민임대,대구,0
2023-11,LH,국민임대,광주,0
2023-11,LH,국민임대,대전,0
2023-11,LH,국민임대,울산,0
2023-11,LH,국민임대,세종,0
2023-11,LH,국민임대,강원,0
2023-11,LH,국민임대,충북,0
2023-11,LH,국민임대,충남,0
2023-11,LH,국민임대,전북,0
2023-11,LH,국민임대,전남,0
2023-11,LH,국민임대,경북,0
2023-11,LH,국민임대,경남,30
2023-11,LH,국민임대,제주,0
2023-11,LH,공공임대,전국,1,207
2023-11,LH,공공임대,서울,0
2023-11,LH,공공임대,인천,0
2023-11,LH,공공임대,경기,605
2023-11,LH,공공임대,부산,0
2023-11,LH,공공임대,대구,28
2023-11,LH,공공임대,광주,0
2023-11,LH,공공임대,대전,0
2023-11,LH,공공임대,울산,0
2023-11,LH,공공임대,세종,0
2023-11,LH,공공임대,강원,243
2023-11,LH,공공임대,충북,0
2023-11,LH,공공임대,충남,0
2023-11,LH,공공임대,전북,0
2023-11,LH,공공임대,전남,0
2023-11,LH,공공임대,경북,0
2023-11,LH,공공임대,경남,211
2023-11,LH,공공임대,제주,120
2023-11,LH,공공분양,전국,3,992
2023-11,LH,공공분양,서울,0
2023-11,LH,공공분양,인천,870
2023-11,LH,공공분양,경기,2,802
2023-11,LH,공공분양,부산,0
2023-11,LH,공공분양,대구,0
2023-11,LH,공공분양,광주,0
2023-11,LH,공공분양,대전,0
2023-11,LH,공공분양,울산,0
2023-11,LH,공공분양,세종,0
2023-11,LH,공공분양,강원,0
2023-11,LH,공공분양,충북,0
2023-11,LH,공공분양,충남,0
2023-11,LH,공공분양,전북,0
2023-11,LH,공공분양,전남,0
2023-11,LH,공공분양,경북,0
2023-11,LH,공공분양,경남,320
2023-11,LH,공공분양,제주,0
2023-11,주택업체,소계,전국,86
2023-11,주택업체,소계,서울,7
2023-11,주택업체,소계,인천,0
2023-11,주택업체,소계,경기,0
2023-11,주택업체,소계,부산,0
2023-11,주택업체,소계,대구,1
2023-11,주택업체,소계,광주,0
2023-11,주택업체,소계,대전,0
2023-11,주택업체,소계,울산,0
2023-11,주택업체,소계,세종,0
2023-11,주택업체,소계,강원,0
2023-11,주택업체,소계,충북,0
2023-11,주택업체,소계,충남,0
2023-11,주택업체,소계,전북,0
2023-11,주택업체,소계,전남,0
2023-11,주택업체,소계,경북,0
2023-11,주택업체,소계,경남,0
2023-11,주택업체,소계,제주,78
2023-11,주택업체,국민임대,전국,78
2023-11,주택업체,국민임대,서울,0
2023-11,주택업체,국민임대,인천,0
2023-11,주택업체,국민임대,경기,0
2023-11,주택업체,국민임대,부산,0
2023-11,주택업체,국민임대,대구,0
2023-11,주택업체,국민임대,광주,0
2023-11,주택업체,국민임대,대전,0
2023-11,주택업체,국민임대,울산,0
2023-11,주택업체,국민임대,세종,0
2023-11,주택업체,국민임대,강원,0
2023-11,주택업체,국민임대,충북,0
2023-11,주택업체,국민임대,충남,0
2023-11,주택업체,국민임대,전북,0
2023-11,주택업체,국민임대,전남,0
2023-11,주택업체,국민임대,경북,0
2023-11,주택업체,국민임대,경남,0
2023-11,주택업체,국민임대,제주,78
2023-11,주택업체,공공임대,전국,8
2023-11,주택업체,공공임대,서울,7
2023-11,주택업체,공공임대,인천,0
2023-11,주택업체,공공임대,경기,0
2023-11,주택업체,공공임대,부산,0
2023-11,주택업체,공공임대,대구,1
2023-11,주택업체,공공임대,광주,0
2023-11,주택업체,공공임대,대전,0
2023-11,주택업체,공공임대,울산,0
2023-11,주택업체,공공임대,세종,0
2023-11,주택업체,공공임대,강원,0
2023-11,주택업체,공공임대,충북,0
2023-11,주택업체,공공임대,충남,0
2023-11,주택업체,공공임대,전북,0
2023-11,주택업체,공공임대,전남,0
2023-11,주택업체,공공임대,경북,0
2023-11,주택업체,공공임대,경남,0
2023-11,주택업체,공공임대,제주,0
2023-11,주택업체,공공분양,전국,0
2023-11,주택업체,공공분양,서울,0
2023-11,주택업체,공공분양,인천,0
2023-11,주택업체,공공분양,경기,0
2023-11,주택업체,공공분양,부산,0
2023-11,주택업체,공공분양,대구,0
2023-11,주택업체,공공분양,광주,0
2023-11,주택업체,공공분양,대전,0
2023-11,주택업체,공공분양,울산,0
2023-11,주택업체,공공분양,세종,0
2023-11,주택업체,공공분양,강원,0
2023-11,주택업체,공공분양,충북,0
2023-11,주택업체,공공분양,충남,0
2023-11,주택업체,공공분양,전북,0
2023-11,주택업체,공공분양,전남,0
2023-11,주택업체,공공분양,경북,0
2023-11,주택업체,공공분양,경남,0
2023-11,주택업체,공공분양,제주,0
2023-11,민간부문,소계,전국,38,499
2023-11,민간부문,소계,서울,8,369
2023-11,민간부문,소계,인천,6,342
2023-11,민간부문,소계,경기,8,328
2023-11,민간부문,소계,부산,6,915
2023-11,민간부문,소계,대구,681
2023-11,민간부문,소계,광주,1,140
2023-11,민간부문,소계,대전,193
2023-11,민간부문,소계,울산,1,123
2023-11,민간부문,소계,세종,7
2023-11,민간부문,소계,강원,601
2023-11,민간부문,소계,충북,268
2023-11,민간부문,소계,충남,250
2023-11,민간부문,소계,전북,143
2023-11,민간부문,소계,전남,1,304
2023-11,민간부문,소계,경북,1,005
2023-11,민간부문,소계,경남,1,410
2023-11,민간부문,소계,제주,420
2023-11,민간,민간임대,전국,298
2023-11,민간,민간임대,서울,0
2023-11,민간,민간임대,인천,0
2023-11,민간,민간임대,경기,125
2023-11,민간,민간임대,부산,60
2023-11,민간,민간임대,대구,0
2023-11,민간,민간임대,광주,0
2023-11,민간,민간임대,대전,0
2023-11,민간,민간임대,울산,0
2023-11,민간,민간임대,세종,0
2023-11,민간,민간임대,강원,0
2023-11,민간,민간임대,충북,0
2023-11,민간,민간임대,충남,0
2023-11,민간,민간임대,전북,0
2023-11,민간,민간임대,전남,113
2023-11,민간,민간임대,경북,0
2023-11,민간,민간임대,경남,0
2023-11,민간,민간임대,제주,0
2023-11,민간,민간분양,전국,38,201
2023-11,민간,민간분양,서울,8,369
2023-11,민간,민간분양,인천,6,342
2023-11,민간,민간분양,경기,8,203
2023-11,민간,민간분양,부산,6,855
2023-11,민간,민간분양,대구,681
2023-11,민간,민간분양,광주,1,140
2023-11,민간,민간분양,대전,193
2023-11,민간,민간분양,울산,1,123
2023-11,민간,민간분양,세종,7
2023-11,민간,민간분양,강원,601
2023-11,민간,민간분양,충북,268
2023-11,민간,민간분양,충남,250
2023-11,민간,민간분양,전북,143
2023-11,민간,민간분양,전남,1,191
2023-11,민간,민간분양,경북,1,005
2023-11,민간,민간분양,경남,1,410
2023-11,민간,민간분양,제주,420
2023-12,총계,총계,전국,48,310
2023-12,총계,총계,서울,2,143
2023-12,총계,총계,인천,2,744
2023-12,총계,총계,경기,18,514
2023-12,총계,총계,부산,3,488
2023-12,총계,총계,대구,3,510
2023-12,총계,총계,광주,323
2023-12,총계,총계,대전,63
2023-12,총계,총계,울산,472
2023-12,총계,총계,세종,16
2023-12,총계,총계,강원,1,303
2023-12,총계,총계,충북,578
2023-12,총계,총계,충남,7,737
2023-12,총계,총계,전북,143
2023-12,총계,총계,전남,951
2023-12,총계,총계,경북,3,722
2023-12,총계,총계,경남,2,116
2023-12,총계,총계,제주,487
2023-12,공공부문,소계,전국,9,104
2023-12,공공부문,소계,서울,1,080
2023-12,공공부문,소계,인천,2,574
2023-12,공공부문,소계,경기,5,044
2023-12,공공부문,소계,부산,0
2023-12,공공부문,소계,대구,0
2023-12,공공부문,소계,광주,0
2023-12,공공부문,소계,대전,0
2023-12,공공부문,소계,울산,0
2023-12,공공부문,소계,세종,0
2023-12,공공부문,소계,강원,0
2023-12,공공부문,소계,충북,0
2023-12,공공부문,소계,충남,0
2023-12,공공부문,소계,전북,0
2023-12,공공부문,소계,전남,0
2023-12,공공부문,소계,경북,250
2023-12,공공부문,소계,경남,104
2023-12,공공부문,소계,제주,52
2023-12,합,국민임대,전국,906
2023-12,합,국민임대,서울,0
2023-12,합,국민임대,인천,854
2023-12,합,국민임대,경기,0
2023-12,합,국민임대,부산,0
2023-12,합,국민임대,대구,0
2023-12,합,국민임대,광주,0
2023-12,합,국민임대,대전,0
2023-12,합,국민임대,울산,0
2023-12,합,국민임대,세종,0
2023-12,합,국민임대,강원,0
2023-12,합,국민임대,충북,0
2023-12,합,국민임대,충남,0
2023-12,합,국민임대,전북,0
2023-12,합,국민임대,전남,0
2023-12,합,국민임대,경북,0
2023-12,합,국민임대,경남,0
2023-12,합,국민임대,제주,52
2023-12,합,공공임대,전국,3,749
2023-12,합,공공임대,서울,1,080
2023-12,합,공공임대,인천,298
2023-12,합,공공임대,경기,2,017
2023-12,합,공공임대,부산,0
2023-12,합,공공임대,대구,0
2023-12,합,공공임대,광주,0
2023-12,합,공공임대,대전,0
2023-12,합,공공임대,울산,0
2023-12,합,공공임대,세종,0
2023-12,합,공공임대,강원,0
2023-12,합,공공임대,충북,0
2023-12,합,공공임대,충남,0
2023-12,합,공공임대,전북,0
2023-12,합,공공임대,전남,0
2023-12,합,공공임대,경북,250
2023-12,합,공공임대,경남,104
2023-12,합,공공임대,제주,0
2023-12,합,공공분양,전국,4,449
2023-12,합,공공분양,서울,0
2023-12,합,공공분양,인천,1,422
2023-12,합,공공분양,경기,3,027
2023-12,합,공공분양,부산,0
2023-12,합,공공분양,대구,0
2023-12,합,공공분양,광주,0
2023-12,합,공공분양,대전,0
2023-12,합,공공분양,울산,0
2023-12,합,공공분양,세종,0
2023-12,합,공공분양,강원,0
2023-12,합,공공분양,충북,0
2023-12,합,공공분양,충남,0
2023-12,합,공공분양,전북,0
2023-12,합,공공분양,전남,0
2023-12,합,공공분양,경북,0
2023-12,합,공공분양,경남,0
2023-12,합,공공분양,제주,0
2023-12,지자체,소계,전국,0
2023-12,지자체,소계,서울,0
2023-12,지자체,소계,인천,0
2023-12,지자체,소계,경기,0
2023-12,지자체,소계,부산,0
2023-12,지자체,소계,대구,0
2023-12,지자체,소계,광주,0
2023-12,지자체,소계,대전,0
2023-12,지자체,소계,울산,0
2023-12,지자체,소계,세종,0
2023-12,지자체,소계,강원,0
2023-12,지자체,소계,충북,0
2023-12,지자체,소계,충남,0
2023-12,지자체,소계,전북,0
2023-12,지자체,소계,전남,0
2023-12,지자체,소계,경북,0
2023-12,지자체,소계,경남,0
2023-12,지자체,소계,제주,0
2023-12,지자체,국민임대,전국,0
2023-12,지자체,국민임대,서울,0
2023-12,지자체,국민임대,인천,0
2023-12,지자체,국민임대,경기,0
2023-12,지자체,국민임대,부산,0
2023-12,지자체,국민임대,대구,0
2023-12,지자체,국민임대,광주,0
2023-12,지자체,국민임대,대전,0
2023-12,지자체,국민임대,울산,0
2023-12,지자체,국민임대,세종,0
2023-12,지자체,국민임대,강원,0
2023-12,지자체,국민임대,충북,0
2023-12,지자체,국민임대,충남,0
2023-12,지자체,국민임대,전북,0
2023-12,지자체,국민임대,전남,0
2023-12,지자체,국민임대,경북,0
2023-12,지자체,국민임대,경남,0
2023-12,지자체,국민임대,제주,0
2023-12,지자체,공공임대,전국,0
2023-12,지자체,공공임대,서울,0
2023-12,지자체,공공임대,인천,0
2023-12,지자체,공공임대,경기,0
2023-12,지자체,공공임대,부산,0
2023-12,지자체,공공임대,대구,0
2023-12,지자체,공공임대,광주,0
2023-12,지자체,공공임대,대전,0
2023-12,지자체,공공임대,울산,0
2023-12,지자체,공공임대,세종,0
2023-12,지자체,공공임대,강원,0
2023-12,지자체,공공임대,충북,0
2023-12,지자체,공공임대,충남,0
2023-12,지자체,공공임대,전북,0
2023-12,지자체,공공임대,전남,0
2023-12,지자체,공공임대,경북,0
2023-12,지자체,공공임대,경남,0
2023-12,지자체,공공임대,제주,0
2023-12,지자체,공공분양,전국,0
2023-12,지자체,공공분양,서울,0
2023-12,지자체,공공분양,인천,0
2023-12,지자체,공공분양,경기,0
2023-12,지자체,공공분양,부산,0
2023-12,지자체,공공분양,대구,0
2023-12,지자체,공공분양,광주,0
2023-12,지자체,공공분양,대전,0
2023-12,지자체,공공분양,울산,0
2023-12,지자체,공공분양,세종,0
2023-12,지자체,공공분양,강원,0
2023-12,지자체,공공분양,충북,0
2023-12,지자체,공공분양,충남,0
2023-12,지자체,공공분양,전북,0
2023-12,지자체,공공분양,전남,0
2023-12,지자체,공공분양,경북,0
2023-12,지자체,공공분양,경남,0
2023-12,지자체,공공분양,제주,0
2023-12,LH,소계,전국,8,910
2023-12,LH,소계,서울,1,080
2023-12,LH,소계,인천,2,574
2023-12,LH,소계,경기,4,902
2023-12,LH,소계,부산,0
2023-12,LH,소계,대구,0
2023-12,LH,소계,광주,0
2023-12,LH,소계,대전,0
2023-12,LH,소계,울산,0
2023-12,LH,소계,세종,0
2023-12,LH,소계,강원,0
2023-12,LH,소계,충북,0
2023-12,LH,소계,충남,0
2023-12,LH,소계,전북,0
2023-12,LH,소계,전남,0
2023-12,LH,소계,경북,250
2023-12,LH,소계,경남,104
2023-12,LH,소계,제주,0
2023-12,LH,국민임대,전국,854
2023-12,LH,국민임대,서울,0
2023-12,LH,국민임대,인천,854
2023-12,LH,국민임대,경기,0
2023-12,LH,국민임대,부산,0
2023-12,LH,국민임대,대구,0
2023-12,LH,국민임대,광주,0
2023-12,LH,국민임대,대전,0
2023-12,LH,국민임대,울산,0
2023-12,LH,국민임대,세종,0
2023-12,LH,국민임대,강원,0
2023-12,LH,국민임대,충북,0
2023-12,LH,국민임대,충남,0
2023-12,LH,국민임대,전북,0
2023-12,LH,국민임대,전남,0
2023-12,LH,국민임대,경북,0
2023-12,LH,국민임대,경남,0
2023-12,LH,국민임대,제주,0
2023-12,LH,공공임대,전국,3,607
2023-12,LH,공공임대,서울,1,080
2023-12,LH,공공임대,인천,298
2023-12,LH,공공임대,경기,1,875
2023-12,LH,공공임대,부산,0
2023-12,LH,공공임대,대구,0
2023-12,LH,공공임대,광주,0
2023-12,LH,공공임대,대전,0
2023-12,LH,공공임대,울산,0
2023-12,LH,공공임대,세종,0
2023-12,LH,공공임대,강원,0
2023-12,LH,공공임대,충북,0
2023-12,LH,공공임대,충남,0
2023-12,LH,공공임대,전북,0
2023-12,LH,공공임대,전남,0
2023-12,LH,공공임대,경북,250
2023-12,LH,공공임대,경남,104
2023-12,LH,공공임대,제주,0
2023-12,LH,공공분양,전국,4,449
2023-12,LH,공공분양,서울,0
2023-12,LH,공공분양,인천,1,422
2023-12,LH,공공분양,경기,3,027
2023-12,LH,공공분양,부산,0
2023-12,LH,공공분양,대구,0
2023-12,LH,공공분양,광주,0
2023-12,LH,공공분양,대전,0
2023-12,LH,공공분양,울산,0
2023-12,LH,공공분양,세종,0
2023-12,LH,공공분양,강원,0
2023-12,LH,공공분양,충북,0
2023-12,LH,공공분양,충남,0
2023-12,LH,공공분양,전북,0
2023-12,LH,공공분양,전남,0
2023-12,LH,공공분양,경북,0
2023-12,LH,공공분양,경남,0
2023-12,LH,공공분양,제주,0
2023-12,주택업체,소계,전국,194
2023-12,주택업체,소계,서울,0
2023-12,주택업체,소계,인천,0
2023-12,주택업체,소계,경기,142
2023-12,주택업체,소계,부산,0
2023-12,주택업체,소계,대구,0
2023-12,주택업체,소계,광주,0
2023-12,주택업체,소계,대전,0
2023-12,주택업체,소계,울산,0
2023-12,주택업체,소계,세종,0
2023-12,주택업체,소계,강원,0
2023-12,주택업체,소계,충북,0
2023-12,주택업체,소계,충남,0
2023-12,주택업체,소계,전북,0
2023-12,주택업체,소계,전남,0
2023-12,주택업체,소계,경북,0
2023-12,주택업체,소계,경남,0
2023-12,주택업체,소계,제주,52
2023-12,주택업체,국민임대,전국,52
2023-12,주택업체,국민임대,서울,0
2023-12,주택업체,국민임대,인천,0
2023-12,주택업체,국민임대,경기,0
2023-12,주택업체,국민임대,부산,0
2023-12,주택업체,국민임대,대구,0
2023-12,주택업체,국민임대,광주,0
2023-12,주택업체,국민임대,대전,0
2023-12,주택업체,국민임대,울산,0
2023-12,주택업체,국민임대,세종,0
2023-12,주택업체,국민임대,강원,0
2023-12,주택업체,국민임대,충북,0
2023-12,주택업체,국민임대,충남,0
2023-12,주택업체,국민임대,전북,0
2023-12,주택업체,국민임대,전남,0
2023-12,주택업체,국민임대,경북,0
2023-12,주택업체,국민임대,경남,0
2023-12,주택업체,국민임대,제주,52
2023-12,주택업체,공공임대,전국,142
2023-12,주택업체,공공임대,서울,0
2023-12,주택업체,공공임대,인천,0
2023-12,주택업체,공공임대,경기,142
2023-12,주택업체,공공임대,부산,0
2023-12,주택업체,공공임대,대구,0
2023-12,주택업체,공공임대,광주,0
2023-12,주택업체,공공임대,대전,0
2023-12,주택업체,공공임대,울산,0
2023-12,주택업체,공공임대,세종,0
2023-12,주택업체,공공임대,강원,0
2023-12,주택업체,공공임대,충북,0
2023-12,주택업체,공공임대,충남,0
2023-12,주택업체,공공임대,전북,0
2023-12,주택업체,공공임대,전남,0
2023-12,주택업체,공공임대,경북,0
2023-12,주택업체,공공임대,경남,0
2023-12,주택업체,공공임대,제주,0
2023-12,주택업체,공공분양,전국,0
2023-12,주택업체,공공분양,서울,0
2023-12,주택업체,공공분양,인천,0
2023-12,주택업체,공공분양,경기,0
2023-12,주택업체,공공분양,부산,0
2023-12,주택업체,공공분양,대구,0
2023-12,주택업체,공공분양,광주,0
2023-12,주택업체,공공분양,대전,0
2023-12,주택업체,공공분양,울산,0
2023-12,주택업체,공공분양,세종,0
2023-12,주택업체,공공분양,강원,0
2023-12,주택업체,공공분양,충북,0
2023-12,주택업체,공공분양,충남,0
2023-12,주택업체,공공분양,전북,0
2023-12,주택업체,공공분양,전남,0
2023-12,주택업체,공공분양,경북,0
2023-12,주택업체,공공분양,경남,0
2023-12,주택업체,공공분양,제주,0
2023-12,민간부문,소계,전국,39,206
2023-12,민간부문,소계,서울,1,063
2023-12,민간부문,소계,인천,170
2023-12,민간부문,소계,경기,13,470
2023-12,민간부문,소계,부산,3,488
2023-12,민간부문,소계,대구,3,510
2023-12,민간부문,소계,광주,323
2023-12,민간부문,소계,대전,63
2023-12,민간부문,소계,울산,472
2023-12,민간부문,소계,세종,16
2023-12,민간부문,소계,강원,1,303
2023-12,민간부문,소계,충북,578
2023-12,민간부문,소계,충남,7,737
2023-12,민간부문,소계,전북,143
2023-12,민간부문,소계,전남,951
2023-12,민간부문,소계,경북,3,472
2023-12,민간부문,소계,경남,2,012
2023-12,민간부문,소계,제주,435
2023-12,민간,민간임대,전국,4,441
2023-12,민간,민간임대,서울,0
2023-12,민간,민간임대,인천,0
2023-12,민간,민간임대,경기,1,964
2023-12,민간,민간임대,부산,0
2023-12,민간,민간임대,대구,0
2023-12,민간,민간임대,광주,0
2023-12,민간,민간임대,대전,0
2023-12,민간,민간임대,울산,0
2023-12,민간,민간임대,세종,0
2023-12,민간,민간임대,강원,0
2023-12,민간,민간임대,충북,0
2023-12,민간,민간임대,충남,1,855
2023-12,민간,민간임대,전북,0
2023-12,민간,민간임대,전남,505
2023-12,민간,민간임대,경북,29
2023-12,민간,민간임대,경남,0
2023-12,민간,민간임대,제주,88
2023-12,민간,민간분양,전국,34,765
2023-12,민간,민간분양,서울,1,063
2023-12,민간,민간분양,인천,170
2023-12,민간,민간분양,경기,11,506
2023-12,민간,민간분양,부산,3,488
2023-12,민간,민간분양,대구,3,510
2023-12,민간,민간분양,광주,323
2023-12,민간,민간분양,대전,63
2023-12,민간,민간분양,울산,472
2023-12,민간,민간분양,세종,16
2023-12,민간,민간분양,강원,1,303
2023-12,민간,민간분양,충북,578
2023-12,민간,민간분양,충남,5,882
2023-12,민간,민간분양,전북,143
2023-12,민간,민간분양,전남,446
2023-12,민간,민간분양,경북,3,443
2023-12,민간,민간분양,경남,2,012
2023-12,민간,민간분양,제주,347
2024-01,총계,총계,전국,36,783
2024-01,총계,총계,서울,3,407
2024-01,총계,총계,인천,2,169
2024-01,총계,총계,경기,14,706
2024-01,총계,총계,부산,676
2024-01,총계,총계,대구,3,460
2024-01,총계,총계,광주,435
2024-01,총계,총계,대전,286
2024-01,총계,총계,울산,943
2024-01,총계,총계,세종,20
2024-01,총계,총계,강원,271
2024-01,총계,총계,충북,239
2024-01,총계,총계,충남,2,516
2024-01,총계,총계,전북,1,397
2024-01,총계,총계,전남,877
2024-01,총계,총계,경북,302
2024-01,총계,총계,경남,4,517
2024-01,총계,총계,제주,562
2024-01,공공부문,소계,전국,3,057
2024-01,공공부문,소계,서울,0
2024-01,공공부문,소계,인천,0
2024-01,공공부문,소계,경기,1,697
2024-01,공공부문,소계,부산,0
2024-01,공공부문,소계,대구,0
2024-01,공공부문,소계,광주,0
2024-01,공공부문,소계,대전,0
2024-01,공공부문,소계,울산,0
2024-01,공공부문,소계,세종,0
2024-01,공공부문,소계,강원,0
2024-01,공공부문,소계,충북,0
2024-01,공공부문,소계,충남,0
2024-01,공공부문,소계,전북,0
2024-01,공공부문,소계,전남,0
2024-01,공공부문,소계,경북,0
2024-01,공공부문,소계,경남,1,360
2024-01,공공부문,소계,제주,0
2024-01,합,국민임대,전국,1,192
2024-01,합,국민임대,서울,0
2024-01,합,국민임대,인천,0
2024-01,합,국민임대,경기,0
2024-01,합,국민임대,부산,0
2024-01,합,국민임대,대구,0
2024-01,합,국민임대,광주,0
2024-01,합,국민임대,대전,0
2024-01,합,국민임대,울산,0
2024-01,합,국민임대,세종,0
2024-01,합,국민임대,강원,0
2024-01,합,국민임대,충북,0
2024-01,합,국민임대,충남,0
2024-01,합,국민임대,전북,0
2024-01,합,국민임대,전남,0
2024-01,합,국민임대,경북,0
2024-01,합,국민임대,경남,1,192
2024-01,합,국민임대,제주,0
2024-01,합,공공임대,전국,1,500
2024-01,합,공공임대,서울,0
2024-01,합,공공임대,인천,0
2024-01,합,공공임대,경기,1,332
2024-01,합,공공임대,부산,0
2024-01,합,공공임대,대구,0
2024-01,합,공공임대,광주,0
2024-01,합,공공임대,대전,0
2024-01,합,공공임대,울산,0
2024-01,합,공공임대,세종,0
2024-01,합,공공임대,강원,0
2024-01,합,공공임대,충북,0
2024-01,합,공공임대,충남,0
2024-01,합,공공임대,전북,0
2024-01,합,공공임대,전남,0
2024-01,합,공공임대,경북,0
2024-01,합,공공임대,경남,168
2024-01,합,공공임대,제주,0
2024-01,합,공공분양,전국,365
2024-01,합,공공분양,서울,0
2024-01,합,공공분양,인천,0
2024-01,합,공공분양,경기,365
2024-01,합,공공분양,부산,0
2024-01,합,공공분양,대구,0
2024-01,합,공공분양,광주,0
2024-01,합,공공분양,대전,0
2024-01,합,공공분양,울산,0
2024-01,합,공공분양,세종,0
2024-01,합,공공분양,강원,0
2024-01,합,공공분양,충북,0
2024-01,합,공공분양,충남,0
2024-01,합,공공분양,전북,0
2024-01,합,공공분양,전남,0
2024-01,합,공공분양,경북,0
2024-01,합,공공분양,경남,0
2024-01,합,공공분양,제주,0
2024-01,지자체,소계,전국,0
2024-01,지자체,소계,서울,0
2024-01,지자체,소계,인천,0
2024-01,지자체,소계,경기,0
2024-01,지자체,소계,부산,0
2024-01,지자체,소계,대구,0
2024-01,지자체,소계,광주,0
2024-01,지자체,소계,대전,0
2024-01,지자체,소계,울산,0
2024-01,지자체,소계,세종,0
2024-01,지자체,소계,강원,0
2024-01,지자체,소계,충북,0
2024-01,지자체,소계,충남,0
2024-01,지자체,소계,전북,0
2024-01,지자체,소계,전남,0
2024-01,지자체,소계,경북,0
2024-01,지자체,소계,경남,0
2024-01,지자체,소계,제주,0
2024-01,지자체,국민임대,전국,0
2024-01,지자체,국민임대,서울,0
2024-01,지자체,국민임대,인천,0
2024-01,지자체,국민임대,경기,0
2024-01,지자체,국민임대,부산,0
2024-01,지자체,국민임대,대구,0
2024-01,지자체,국민임대,광주,0
2024-01,지자체,국민임대,대전,0
2024-01,지자체,국민임대,울산,0
2024-01,지자체,국민임대,세종,0
2024-01,지자체,국민임대,강원,0
2024-01,지자체,국민임대,충북,0
2024-01,지자체,국민임대,충남,0
2024-01,지자체,국민임대,전북,0
2024-01,지자체,국민임대,전남,0
2024-01,지자체,국민임대,경북,0
2024-01,지자체,국민임대,경남,0
2024-01,지자체,국민임대,제주,0
2024-01,지자체,공공임대,전국,0
2024-01,지자체,공공임대,서울,0
2024-01,지자체,공공임대,인천,0
2024-01,지자체,공공임대,경기,0
2024-01,지자체,공공임대,부산,0
2024-01,지자체,공공임대,대구,0
2024-01,지자체,공공임대,광주,0
2024-01,지자체,공공임대,대전,0
2024-01,지자체,공공임대,울산,0
2024-01,지자체,공공임대,세종,0
2024-01,지자체,공공임대,강원,0
2024-01,지자체,공공임대,충북,0
2024-01,지자체,공공임대,충남,0
2024-01,지자체,공공임대,전북,0
2024-01,지자체,공공임대,전남,0
2024-01,지자체,공공임대,경북,0
2024-01,지자체,공공임대,경남,0
2024-01,지자체,공공임대,제주,0
2024-01,지자체,공공분양,전국,0
2024-01,지자체,공공분양,서울,0
2024-01,지자체,공공분양,인천,0
2024-01,지자체,공공분양,경기,0
2024-01,지자체,공공분양,부산,0
2024-01,지자체,공공분양,대구,0
2024-01,지자체,공공분양,광주,0
2024-01,지자체,공공분양,대전,0
2024-01,지자체,공공분양,울산,0
2024-01,지자체,공공분양,세종,0
2024-01,지자체,공공분양,강원,0
2024-01,지자체,공공분양,충북,0
2024-01,지자체,공공분양,충남,0
2024-01,지자체,공공분양,전북,0
2024-01,지자체,공공분양,전남,0
2024-01,지자체,공공분양,경북,0
2024-01,지자체,공공분양,경남,0
2024-01,지자체,공공분양,제주,0
2024-01,LH,소계,전국,3,057
2024-01,LH,소계,서울,0
2024-01,LH,소계,인천,0
2024-01,LH,소계,경기,1,697
2024-01,LH,소계,부산,0
2024-01,LH,소계,대구,0
2024-01,LH,소계,광주,0
2024-01,LH,소계,대전,0
2024-01,LH,소계,울산,0
2024-01,LH,소계,세종,0
2024-01,LH,소계,강원,0
2024-01,LH,소계,충북,0
2024-01,LH,소계,충남,0
2024-01,LH,소계,전북,0
2024-01,LH,소계,전남,0
2024-01,LH,소계,경북,0
2024-01,LH,소계,경남,1,360
2024-01,LH,소계,제주,0
2024-01,LH,국민임대,전국,1,192
2024-01,LH,국민임대,서울,0
2024-01,LH,국민임대,인천,0
2024-01,LH,국민임대,경기,0
2024-01,LH,국민임대,부산,0
2024-01,LH,국민임대,대구,0
2024-01,LH,국민임대,광주,0
2024-01,LH,국민임대,대전,0
2024-01,LH,국민임대,울산,0
2024-01,LH,국민임대,세종,0
2024-01,LH,국민임대,강원,0
2024-01,LH,국민임대,충북,0
2024-01,LH,국민임대,충남,0
2024-01,LH,국민임대,전북,0
2024-01,LH,국민임대,전남,0
2024-01,LH,국민임대,경북,0
2024-01,LH,국민임대,경남,1,192
2024-01,LH,국민임대,제주,0
2024-01,LH,공공임대,전국,1,500
2024-01,LH,공공임대,서울,0
2024-01,LH,공공임대,인천,0
2024-01,LH,공공임대,경기,1,332
2024-01,LH,공공임대,부산,0
2024-01,LH,공공임대,대구,0
2024-01,LH,공공임대,광주,0
2024-01,LH,공공임대,대전,0
2024-01,LH,공공임대,울산,0
2024-01,LH,공공임대,세종,0
2024-01,LH,공공임대,강원,0
2024-01,LH,공공임대,충북,0
2024-01,LH,공공임대,충남,0
2024-01,LH,공공임대,전북,0
2024-01,LH,공공임대,전남,0
2024-01,LH,공공임대,경북,0
2024-01,LH,공공임대,경남,168
2024-01,LH,공공임대,제주,0
2024-01,LH,공공분양,전국,365
2024-01,LH,공공분양,서울,0
2024-01,LH,공공분양,인천,0
2024-01,LH,공공분양,경기,365
2024-01,LH,공공분양,부산,0
2024-01,LH,공공분양,대구,0
2024-01,LH,공공분양,광주,0
2024-01,LH,공공분양,대전,0
2024-01,LH,공공분양,울산,0
2024-01,LH,공공분양,세종,0
2024-01,LH,공공분양,강원,0
2024-01,LH,공공분양,충북,0
2024-01,LH,공공분양,충남,0
2024-01,LH,공공분양,전북,0
2024-01,LH,공공분양,전남,0
2024-01,LH,공공분양,경북,0
2024-01,LH,공공분양,경남,0
2024-01,LH,공공분양,제주,0
2024-01,주택업체,소계,전국,0
2024-01,주택업체,소계,서울,0
2024-01,주택업체,소계,인천,0
2024-01,주택업체,소계,경기,0
2024-01,주택업체,소계,부산,0
2024-01,주택업체,소계,대구,0
2024-01,주택업체,소계,광주,0
2024-01,주택업체,소계,대전,0
2024-01,주택업체,소계,울산,0
2024-01,주택업체,소계,세종,0
2024-01,주택업체,소계,강원,0
2024-01,주택업체,소계,충북,0
2024-01,주택업체,소계,충남,0
2024-01,주택업체,소계,전북,0
2024-01,주택업체,소계,전남,0
2024-01,주택업체,소계,경북,0
2024-01,주택업체,소계,경남,0
2024-01,주택업체,소계,제주,0
2024-01,주택업체,국민임대,전국,0
2024-01,주택업체,국민임대,서울,0
2024-01,주택업체,국민임대,인천,0
2024-01,주택업체,국민임대,경기,0
2024-01,주택업체,국민임대,부산,0
2024-01,주택업체,국민임대,대구,0
2024-01,주택업체,국민임대,광주,0
2024-01,주택업체,국민임대,대전,0
2024-01,주택업체,국민임대,울산,0
2024-01,주택업체,국민임대,세종,0
2024-01,주택업체,국민임대,강원,0
2024-01,주택업체,국민임대,충북,0
2024-01,주택업체,국민임대,충남,0
2024-01,주택업체,국민임대,전북,0
2024-01,주택업체,국민임대,전남,0
2024-01,주택업체,국민임대,경북,0
2024-01,주택업체,국민임대,경남,0
2024-01,주택업체,국민임대,제주,0
2024-01,주택업체,공공임대,전국,0
2024-01,주택업체,공공임대,서울,0
2024-01,주택업체,공공임대,인천,0
2024-01,주택업체,공공임대,경기,0
2024-01,주택업체,공공임대,부산,0
2024-01,주택업체,공공임대,대구,0
2024-01,주택업체,공공임대,광주,0
2024-01,주택업체,공공임대,대전,0
2024-01,주택업체,공공임대,울산,0
2024-01,주택업체,공공임대,세종,0
2024-01,주택업체,공공임대,강원,0
2024-01,주택업체,공공임대,충북,0
2024-01,주택업체,공공임대,충남,0
2024-01,주택업체,공공임대,전북,0
2024-01,주택업체,공공임대,전남,0
2024-01,주택업체,공공임대,경북,0
2024-01,주택업체,공공임대,경남,0
2024-01,주택업체,공공임대,제주,0
2024-01,주택업체,공공분양,전국,0
2024-01,주택업체,공공분양,서울,0
2024-01,주택업체,공공분양,인천,0
2024-01,주택업체,공공분양,경기,0
2024-01,주택업체,공공분양,부산,0
2024-01,주택업체,공공분양,대구,0
2024-01,주택업체,공공분양,광주,0
2024-01,주택업체,공공분양,대전,0
2024-01,주택업체,공공분양,울산,0
2024-01,주택업체,공공분양,세종,0
2024-01,주택업체,공공분양,강원,0
2024-01,주택업체,공공분양,충북,0
2024-01,주택업체,공공분양,충남,0
2024-01,주택업체,공공분양,전북,0
2024-01,주택업체,공공분양,전남,0
2024-01,주택업체,공공분양,경북,0
2024-01,주택업체,공공분양,경남,0
2024-01,주택업체,공공분양,제주,0
2024-01,민간부문,소계,전국,33,726
2024-01,민간부문,소계,서울,3,407
2024-01,민간부문,소계,인천,2,169
2024-01,민간부문,소계,경기,13,009
2024-01,민간부문,소계,부산,676
2024-01,민간부문,소계,대구,3,460
2024-01,민간부문,소계,광주,435
2024-01,민간부문,소계,대전,286
2024-01,민간부문,소계,울산,943
2024-01,민간부문,소계,세종,20
2024-01,민간부문,소계,강원,271
2024-01,민간부문,소계,충북,239
2024-01,민간부문,소계,충남,2,516
2024-01,민간부문,소계,전북,1,397
2024-01,민간부문,소계,전남,877
2024-01,민간부문,소계,경북,302
2024-01,민간부문,소계,경남,3,157
2024-01,민간부문,소계,제주,562
2024-01,민간,민간임대,전국,2,588
2024-01,민간,민간임대,서울,472
2024-01,민간,민간임대,인천,0
2024-01,민간,민간임대,경기,900
2024-01,민간,민간임대,부산,0
2024-01,민간,민간임대,대구,0
2024-01,민간,민간임대,광주,0
2024-01,민간,민간임대,대전,0
2024-01,민간,민간임대,울산,0
2024-01,민간,민간임대,세종,0
2024-01,민간,민간임대,강원,0
2024-01,민간,민간임대,충북,0
2024-01,민간,민간임대,충남,444
2024-01,민간,민간임대,전북,147
2024-01,민간,민간임대,전남,0
2024-01,민간,민간임대,경북,0
2024-01,민간,민간임대,경남,625
2024-01,민간,민간임대,제주,0
2024-01,민간,민간분양,전국,31,138
2024-01,민간,민간분양,서울,2,935
2024-01,민간,민간분양,인천,2,169
2024-01,민간,민간분양,경기,12,109
2024-01,민간,민간분양,부산,676
2024-01,민간,민간분양,대구,3,460
2024-01,민간,민간분양,광주,435
2024-01,민간,민간분양,대전,286
2024-01,민간,민간분양,울산,943
2024-01,민간,민간분양,세종,20
2024-01,민간,민간분양,강원,271
2024-01,민간,민간분양,충북,239
2024-01,민간,민간분양,충남,2,072
2024-01,민간,민간분양,전북,1,250
2024-01,민간,민간분양,전남,877
2024-01,민간,민간분양,경북,302
2024-01,민간,민간분양,경남,2,532
2024-01,민간,민간분양,제주,562
2024-02,총계,총계,전국,28,496
2024-02,총계,총계,서울,1,930
2024-02,총계,총계,인천,254
2024-02,총계,총계,경기,8,369
2024-02,총계,총계,부산,2,528
2024-02,총계,총계,대구,2,236
2024-02,총계,총계,광주,226
2024-02,총계,총계,대전,1,565
2024-02,총계,총계,울산,115
2024-02,총계,총계,세종,10
2024-02,총계,총계,강원,1,237
2024-02,총계,총계,충북,1,616
2024-02,총계,총계,충남,2,074
2024-02,총계,총계,전북,546
2024-02,총계,총계,전남,555
2024-02,총계,총계,경북,2,826
2024-02,총계,총계,경남,1,568
2024-02,총계,총계,제주,841
2024-02,공공부문,소계,전국,2,838
2024-02,공공부문,소계,서울,0
2024-02,공공부문,소계,인천,0
2024-02,공공부문,소계,경기,2,838
2024-02,공공부문,소계,부산,0
2024-02,공공부문,소계,대구,0
2024-02,공공부문,소계,광주,0
2024-02,공공부문,소계,대전,0
2024-02,공공부문,소계,울산,0
2024-02,공공부문,소계,세종,0
2024-02,공공부문,소계,강원,0
2024-02,공공부문,소계,충북,0
2024-02,공공부문,소계,충남,0
2024-02,공공부문,소계,전북,0
2024-02,공공부문,소계,전남,0
2024-02,공공부문,소계,경북,0
2024-02,공공부문,소계,경남,0
2024-02,공공부문,소계,제주,0
2024-02,합,국민임대,전국,0
2024-02,합,국민임대,서울,0
2024-02,합,국민임대,인천,0
2024-02,합,국민임대,경기,0
2024-02,합,국민임대,부산,0
2024-02,합,국민임대,대구,0
2024-02,합,국민임대,광주,0
2024-02,합,국민임대,대전,0
2024-02,합,국민임대,울산,0
2024-02,합,국민임대,세종,0
2024-02,합,국민임대,강원,0
2024-02,합,국민임대,충북,0
2024-02,합,국민임대,충남,0
2024-02,합,국민임대,전북,0
2024-02,합,국민임대,전남,0
2024-02,합,국민임대,경북,0
2024-02,합,국민임대,경남,0
2024-02,합,국민임대,제주,0
2024-02,합,공공임대,전국,1,844
2024-02,합,공공임대,서울,0
2024-02,합,공공임대,인천,0
2024-02,합,공공임대,경기,1,844
2024-02,합,공공임대,부산,0
2024-02,합,공공임대,대구,0
2024-02,합,공공임대,광주,0
2024-02,합,공공임대,대전,0
2024-02,합,공공임대,울산,0
2024-02,합,공공임대,세종,0
2024-02,합,공공임대,강원,0
2024-02,합,공공임대,충북,0
2024-02,합,공공임대,충남,0
2024-02,합,공공임대,전북,0
2024-02,합,공공임대,전남,0
2024-02,합,공공임대,경북,0
2024-02,합,공공임대,경남,0
2024-02,합,공공임대,제주,0
2024-02,합,공공분양,전국,994
2024-02,합,공공분양,서울,0
2024-02,합,공공분양,인천,0
2024-02,합,공공분양,경기,994
2024-02,합,공공분양,부산,0
2024-02,합,공공분양,대구,0
2024-02,합,공공분양,광주,0
2024-02,합,공공분양,대전,0
2024-02,합,공공분양,울산,0
2024-02,합,공공분양,세종,0
2024-02,합,공공분양,강원,0
2024-02,합,공공분양,충북,0
2024-02,합,공공분양,충남,0
2024-02,합,공공분양,전북,0
2024-02,합,공공분양,전남,0
2024-02,합,공공분양,경북,0
2024-02,합,공공분양,경남,0
2024-02,합,공공분양,제주,0
2024-02,지자체,소계,전국,0
2024-02,지자체,소계,서울,0
2024-02,지자체,소계,인천,0
2024-02,지자체,소계,경기,0
2024-02,지자체,소계,부산,0
2024-02,지자체,소계,대구,0
2024-02,지자체,소계,광주,0
2024-02,지자체,소계,대전,0
2024-02,지자체,소계,울산,0
2024-02,지자체,소계,세종,0
2024-02,지자체,소계,강원,0
2024-02,지자체,소계,충북,0
2024-02,지자체,소계,충남,0
2024-02,지자체,소계,전북,0
2024-02,지자체,소계,전남,0
2024-02,지자체,소계,경북,0
2024-02,지자체,소계,경남,0
2024-02,지자체,소계,제주,0
2024-02,지자체,국민임대,전국,0
2024-02,지자체,국민임대,서울,0
2024-02,지자체,국민임대,인천,0
2024-02,지자체,국민임대,경기,0
2024-02,지자체,국민임대,부산,0
2024-02,지자체,국민임대,대구,0
2024-02,지자체,국민임대,광주,0
2024-02,지자체,국민임대,대전,0
2024-02,지자체,국민임대,울산,0
2024-02,지자체,국민임대,세종,0
2024-02,지자체,국민임대,강원,0
2024-02,지자체,국민임대,충북,0
2024-02,지자체,국민임대,충남,0
2024-02,지자체,국민임대,전북,0
2024-02,지자체,국민임대,전남,0
2024-02,지자체,국민임대,경북,0
2024-02,지자체,국민임대,경남,0
2024-02,지자체,국민임대,제주,0
2024-02,지자체,공공임대,전국,0
2024-02,지자체,공공임대,서울,0
2024-02,지자체,공공임대,인천,0
2024-02,지자체,공공임대,경기,0
2024-02,지자체,공공임대,부산,0
2024-02,지자체,공공임대,대구,0
2024-02,지자체,공공임대,광주,0
2024-02,지자체,공공임대,대전,0
2024-02,지자체,공공임대,울산,0
2024-02,지자체,공공임대,세종,0
2024-02,지자체,공공임대,강원,0
2024-02,지자체,공공임대,충북,0
2024-02,지자체,공공임대,충남,0
2024-02,지자체,공공임대,전북,0
2024-02,지자체,공공임대,전남,0
2024-02,지자체,공공임대,경북,0
2024-02,지자체,공공임대,경남,0
2024-02,지자체,공공임대,제주,0
2024-02,지자체,공공분양,전국,0
2024-02,지자체,공공분양,서울,0
2024-02,지자체,공공분양,인천,0
2024-02,지자체,공공분양,경기,0
2024-02,지자체,공공분양,부산,0
2024-02,지자체,공공분양,대구,0
2024-02,지자체,공공분양,광주,0
2024-02,지자체,공공분양,대전,0
2024-02,지자체,공공분양,울산,0
2024-02,지자체,공공분양,세종,0
2024-02,지자체,공공분양,강원,0
2024-02,지자체,공공분양,충북,0
2024-02,지자체,공공분양,충남,0
2024-02,지자체,공공분양,전북,0
2024-02,지자체,공공분양,전남,0
2024-02,지자체,공공분양,경북,0
2024-02,지자체,공공분양,경남,0
2024-02,지자체,공공분양,제주,0
2024-02,LH,소계,전국,1,566
2024-02,LH,소계,서울,0
2024-02,LH,소계,인천,0
2024-02,LH,소계,경기,1,566
2024-02,LH,소계,부산,0
2024-02,LH,소계,대구,0
2024-02,LH,소계,광주,0
2024-02,LH,소계,대전,0
2024-02,LH,소계,울산,0
2024-02,LH,소계,세종,0
2024-02,LH,소계,강원,0
2024-02,LH,소계,충북,0
2024-02,LH,소계,충남,0
2024-02,LH,소계,전북,0
2024-02,LH,소계,전남,0
2024-02,LH,소계,경북,0
2024-02,LH,소계,경남,0
2024-02,LH,소계,제주,0
2024-02,LH,국민임대,전국,0
2024-02,LH,국민임대,서울,0
2024-02,LH,국민임대,인천,0
2024-02,LH,국민임대,경기,0
2024-02,LH,국민임대,부산,0
2024-02,LH,국민임대,대구,0
2024-02,LH,국민임대,광주,0
2024-02,LH,국민임대,대전,0
2024-02,LH,국민임대,울산,0
2024-02,LH,국민임대,세종,0
2024-02,LH,국민임대,강원,0
2024-02,LH,국민임대,충북,0
2024-02,LH,국민임대,충남,0
2024-02,LH,국민임대,전북,0
2024-02,LH,국민임대,전남,0
2024-02,LH,국민임대,경북,0
2024-02,LH,국민임대,경남,0
2024-02,LH,국민임대,제주,0
2024-02,LH,공공임대,전국,572
2024-02,LH,공공임대,서울,0
2024-02,LH,공공임대,인천,0
2024-02,LH,공공임대,경기,572
2024-02,LH,공공임대,부산,0
2024-02,LH,공공임대,대구,0
2024-02,LH,공공임대,광주,0
2024-02,LH,공공임대,대전,0
2024-02,LH,공공임대,울산,0
2024-02,LH,공공임대,세종,0
2024-02,LH,공공임대,강원,0
2024-02,LH,공공임대,충북,0
2024-02,LH,공공임대,충남,0
2024-02,LH,공공임대,전북,0
2024-02,LH,공공임대,전남,0
2024-02,LH,공공임대,경북,0
2024-02,LH,공공임대,경남,0
2024-02,LH,공공임대,제주,0
2024-02,LH,공공분양,전국,994
2024-02,LH,공공분양,서울,0
2024-02,LH,공공분양,인천,0
2024-02,LH,공공분양,경기,994
2024-02,LH,공공분양,부산,0
2024-02,LH,공공분양,대구,0
2024-02,LH,공공분양,광주,0
2024-02,LH,공공분양,대전,0
2024-02,LH,공공분양,울산,0
2024-02,LH,공공분양,세종,0
2024-02,LH,공공분양,강원,0
2024-02,LH,공공분양,충북,0
2024-02,LH,공공분양,충남,0
2024-02,LH,공공분양,전북,0
2024-02,LH,공공분양,전남,0
2024-02,LH,공공분양,경북,0
2024-02,LH,공공분양,경남,0
2024-02,LH,공공분양,제주,0
2024-02,주택업체,소계,전국,1,272
2024-02,주택업체,소계,서울,0
2024-02,주택업체,소계,인천,0
2024-02,주택업체,소계,경기,1,272
2024-02,주택업체,소계,부산,0
2024-02,주택업체,소계,대구,0
2024-02,주택업체,소계,광주,0
2024-02,주택업체,소계,대전,0
2024-02,주택업체,소계,울산,0
2024-02,주택업체,소계,세종,0
2024-02,주택업체,소계,강원,0
2024-02,주택업체,소계,충북,0
2024-02,주택업체,소계,충남,0
2024-02,주택업체,소계,전북,0
2024-02,주택업체,소계,전남,0
2024-02,주택업체,소계,경북,0
2024-02,주택업체,소계,경남,0
2024-02,주택업체,소계,제주,0
2024-02,주택업체,국민임대,전국,0
2024-02,주택업체,국민임대,서울,0
2024-02,주택업체,국민임대,인천,0
2024-02,주택업체,국민임대,경기,0
2024-02,주택업체,국민임대,부산,0
2024-02,주택업체,국민임대,대구,0
2024-02,주택업체,국민임대,광주,0
2024-02,주택업체,국민임대,대전,0
2024-02,주택업체,국민임대,울산,0
2024-02,주택업체,국민임대,세종,0
2024-02,주택업체,국민임대,강원,0
2024-02,주택업체,국민임대,충북,0
2024-02,주택업체,국민임대,충남,0
2024-02,주택업체,국민임대,전북,0
2024-02,주택업체,국민임대,전남,0
2024-02,주택업체,국민임대,경북,0
2024-02,주택업체,국민임대,경남,0
2024-02,주택업체,국민임대,제주,0
2024-02,주택업체,공공임대,전국,1,272
2024-02,주택업체,공공임대,서울,0
2024-02,주택업체,공공임대,인천,0
2024-02,주택업체,공공임대,경기,1,272
2024-02,주택업체,공공임대,부산,0
2024-02,주택업체,공공임대,대구,0
2024-02,주택업체,공공임대,광주,0
2024-02,주택업체,공공임대,대전,0
2024-02,주택업체,공공임대,울산,0
2024-02,주택업체,공공임대,세종,0
2024-02,주택업체,공공임대,강원,0
2024-02,주택업체,공공임대,충북,0
2024-02,주택업체,공공임대,충남,0
2024-02,주택업체,공공임대,전북,0
2024-02,주택업체,공공임대,전남,0
2024-02,주택업체,공공임대,경북,0
2024-02,주택업체,공공임대,경남,0
2024-02,주택업체,공공임대,제주,0
2024-02,주택업체,공공분양,전국,0
2024-02,주택업체,공공분양,서울,0
2024-02,주택업체,공공분양,인천,0
2024-02,주택업체,공공분양,경기,0
2024-02,주택업체,공공분양,부산,0
2024-02,주택업체,공공분양,대구,0
2024-02,주택업체,공공분양,광주,0
2024-02,주택업체,공공분양,대전,0
2024-02,주택업체,공공분양,울산,0
2024-02,주택업체,공공분양,세종,0
2024-02,주택업체,공공분양,강원,0
2024-02,주택업체,공공분양,충북,0
2024-02,주택업체,공공분양,충남,0
2024-02,주택업체,공공분양,전북,0
2024-02,주택업체,공공분양,전남,0
2024-02,주택업체,공공분양,경북,0
2024-02,주택업체,공공분양,경남,0
2024-02,주택업체,공공분양,제주,0
2024-02,민간부문,소계,전국,25,658
2024-02,민간부문,소계,서울,1,930
2024-02,민간부문,소계,인천,254
2024-02,민간부문,소계,경기,5,531
2024-02,민간부문,소계,부산,2,528
2024-02,민간부문,소계,대구,2,236
2024-02,민간부문,소계,광주,226
2024-02,민간부문,소계,대전,1,565
2024-02,민간부문,소계,울산,115
2024-02,민간부문,소계,세종,10
2024-02,민간부문,소계,강원,1,237
2024-02,민간부문,소계,충북,1,616
2024-02,민간부문,소계,충남,2,074
2024-02,민간부문,소계,전북,546
2024-02,민간부문,소계,전남,555
2024-02,민간부문,소계,경북,2,826
2024-02,민간부문,소계,경남,1,568
2024-02,민간부문,소계,제주,841
2024-02,민간,민간임대,전국,1,199
2024-02,민간,민간임대,서울,42
2024-02,민간,민간임대,인천,0
2024-02,민간,민간임대,경기,435
2024-02,민간,민간임대,부산,0
2024-02,민간,민간임대,대구,0
2024-02,민간,민간임대,광주,0
2024-02,민간,민간임대,대전,655
2024-02,민간,민간임대,울산,0
2024-02,민간,민간임대,세종,0
2024-02,민간,민간임대,강원,0
2024-02,민간,민간임대,충북,0
2024-02,민간,민간임대,충남,0
2024-02,민간,민간임대,전북,67
2024-02,민간,민간임대,전남,0
2024-02,민간,민간임대,경북,0
2024-02,민간,민간임대,경남,0
2024-02,민간,민간임대,제주,0
2024-02,민간,민간분양,전국,24,459
2024-02,민간,민간분양,서울,1,888
2024-02,민간,민간분양,인천,254
2024-02,민간,민간분양,경기,5,096
2024-02,민간,민간분양,부산,2,528
2024-02,민간,민간분양,대구,2,236
2024-02,민간,민간분양,광주,226
2024-02,민간,민간분양,대전,910
2024-02,민간,민간분양,울산,115
2024-02,민간,민간분양,세종,10
2024-02,민간,민간분양,강원,1,237
2024-02,민간,민간분양,충북,1,616
2024-02,민간,민간분양,충남,2,074
2024-02,민간,민간분양,전북,479
2024-02,민간,민간분양,전남,555
2024-02,민간,민간분양,경북,2,826
2024-02,민간,민간분양,경남,1,568
2024-02,민간,민간분양,제주,841
2024-03,총계,총계,전국,35,354
2024-03,총계,총계,서울,1,282
2024-03,총계,총계,인천,3,255
2024-03,총계,총계,경기,10,794
2024-03,총계,총계,부산,1,012
2024-03,총계,총계,대구,3,517
2024-03,총계,총계,광주,1,218
2024-03,총계,총계,대전,862
2024-03,총계,총계,울산,23
2024-03,총계,총계,세종,1,687
2024-03,총계,총계,강원,148
2024-03,총계,총계,충북,1,342
2024-03,총계,총계,충남,2,479
2024-03,총계,총계,전북,265
2024-03,총계,총계,전남,201
2024-03,총계,총계,경북,5,847
2024-03,총계,총계,경남,1,252
2024-03,총계,총계,제주,170
2024-03,공공부문,소계,전국,3,585
2024-03,공공부문,소계,서울,36
2024-03,공공부문,소계,인천,1,027
2024-03,공공부문,소계,경기,1,271
2024-03,공공부문,소계,부산,0
2024-03,공공부문,소계,대구,0
2024-03,공공부문,소계,광주,606
2024-03,공공부문,소계,대전,425
2024-03,공공부문,소계,울산,0
2024-03,공공부문,소계,세종,0
2024-03,공공부문,소계,강원,0
2024-03,공공부문,소계,충북,200
2024-03,공공부문,소계,충남,0
2024-03,공공부문,소계,전북,0
2024-03,공공부문,소계,전남,0
2024-03,공공부문,소계,경북,20
2024-03,공공부문,소계,경남,0
2024-03,공공부문,소계,제주,0
2024-03,합,국민임대,전국,483
2024-03,합,국민임대,서울,36
2024-03,합,국민임대,인천,0
2024-03,합,국민임대,경기,0
2024-03,합,국민임대,부산,0
2024-03,합,국민임대,대구,0
2024-03,합,국민임대,광주,447
2024-03,합,국민임대,대전,0
2024-03,합,국민임대,울산,0
2024-03,합,국민임대,세종,0
2024-03,합,국민임대,강원,0
2024-03,합,국민임대,충북,0
2024-03,합,국민임대,충남,0
2024-03,합,국민임대,전북,0
2024-03,합,국민임대,전남,0
2024-03,합,국민임대,경북,0
2024-03,합,국민임대,경남,0
2024-03,합,국민임대,제주,0
2024-03,합,공공임대,전국,1,015
2024-03,합,공공임대,서울,0
2024-03,합,공공임대,인천,97
2024-03,합,공공임대,경기,114
2024-03,합,공공임대,부산,0
2024-03,합,공공임대,대구,0
2024-03,합,공공임대,광주,159
2024-03,합,공공임대,대전,425
2024-03,합,공공임대,울산,0
2024-03,합,공공임대,세종,0
2024-03,합,공공임대,강원,0
2024-03,합,공공임대,충북,200
2024-03,합,공공임대,충남,0
2024-03,합,공공임대,전북,0
2024-03,합,공공임대,전남,0
2024-03,합,공공임대,경북,20
2024-03,합,공공임대,경남,0
2024-03,합,공공임대,제주,0
2024-03,합,공공분양,전국,2,087
2024-03,합,공공분양,서울,0
2024-03,합,공공분양,인천,930
2024-03,합,공공분양,경기,1,157
2024-03,합,공공분양,부산,0
2024-03,합,공공분양,대구,0
2024-03,합,공공분양,광주,0
2024-03,합,공공분양,대전,0
2024-03,합,공공분양,울산,0
2024-03,합,공공분양,세종,0
2024-03,합,공공분양,강원,0
2024-03,합,공공분양,충북,0
2024-03,합,공공분양,충남,0
2024-03,합,공공분양,전북,0
2024-03,합,공공분양,전남,0
2024-03,합,공공분양,경북,0
2024-03,합,공공분양,경남,0
2024-03,합,공공분양,제주,0
2024-03,지자체,소계,전국,0
2024-03,지자체,소계,서울,0
2024-03,지자체,소계,인천,0
2024-03,지자체,소계,경기,0
2024-03,지자체,소계,부산,0
2024-03,지자체,소계,대구,0
2024-03,지자체,소계,광주,0
2024-03,지자체,소계,대전,0
2024-03,지자체,소계,울산,0
2024-03,지자체,소계,세종,0
2024-03,지자체,소계,강원,0
2024-03,지자체,소계,충북,0
2024-03,지자체,소계,충남,0
2024-03,지자체,소계,전북,0
2024-03,지자체,소계,전남,0
2024-03,지자체,소계,경북,0
2024-03,지자체,소계,경남,0
2024-03,지자체,소계,제주,0
2024-03,지자체,국민임대,전국,0
2024-03,지자체,국민임대,서울,0
2024-03,지자체,국민임대,인천,0
2024-03,지자체,국민임대,경기,0
2024-03,지자체,국민임대,부산,0
2024-03,지자체,국민임대,대구,0
2024-03,지자체,국민임대,광주,0
2024-03,지자체,국민임대,대전,0
2024-03,지자체,국민임대,울산,0
2024-03,지자체,국민임대,세종,0
2024-03,지자체,국민임대,강원,0
2024-03,지자체,국민임대,충북,0
2024-03,지자체,국민임대,충남,0
2024-03,지자체,국민임대,전북,0
2024-03,지자체,국민임대,전남,0
2024-03,지자체,국민임대,경북,0
2024-03,지자체,국민임대,경남,0
2024-03,지자체,국민임대,제주,0
2024-03,지자체,공공임대,전국,0
2024-03,지자체,공공임대,서울,0
2024-03,지자체,공공임대,인천,0
2024-03,지자체,공공임대,경기,0
2024-03,지자체,공공임대,부산,0
2024-03,지자체,공공임대,대구,0
2024-03,지자체,공공임대,광주,0
2024-03,지자체,공공임대,대전,0
2024-03,지자체,공공임대,울산,0
2024-03,지자체,공공임대,세종,0
2024-03,지자체,공공임대,강원,0
2024-03,지자체,공공임대,충북,0
2024-03,지자체,공공임대,충남,0
2024-03,지자체,공공임대,전북,0
2024-03,지자체,공공임대,전남,0
2024-03,지자체,공공임대,경북,0
2024-03,지자체,공공임대,경남,0
2024-03,지자체,공공임대,제주,0
2024-03,지자체,공공분양,전국,0
2024-03,지자체,공공분양,서울,0
2024-03,지자체,공공분양,인천,0
2024-03,지자체,공공분양,경기,0
2024-03,지자체,공공분양,부산,0
2024-03,지자체,공공분양,대구,0
2024-03,지자체,공공분양,광주,0
2024-03,지자체,공공분양,대전,0
2024-03,지자체,공공분양,울산,0
2024-03,지자체,공공분양,세종,0
2024-03,지자체,공공분양,강원,0
2024-03,지자체,공공분양,충북,0
2024-03,지자체,공공분양,충남,0
2024-03,지자체,공공분양,전북,0
2024-03,지자체,공공분양,전남,0
2024-03,지자체,공공분양,경북,0
2024-03,지자체,공공분양,경남,0
2024-03,지자체,공공분양,제주,0
2024-03,LH,소계,전국,3,007
2024-03,LH,소계,서울,0
2024-03,LH,소계,인천,930
2024-03,LH,소계,경기,1,271
2024-03,LH,소계,부산,0
2024-03,LH,소계,대구,0
2024-03,LH,소계,광주,606
2024-03,LH,소계,대전,0
2024-03,LH,소계,울산,0
2024-03,LH,소계,세종,0
2024-03,LH,소계,강원,0
2024-03,LH,소계,충북,200
2024-03,LH,소계,충남,0
2024-03,LH,소계,전북,0
2024-03,LH,소계,전남,0
2024-03,LH,소계,경북,0
2024-03,LH,소계,경남,0
2024-03,LH,소계,제주,0
2024-03,LH,국민임대,전국,447
2024-03,LH,국민임대,서울,0
2024-03,LH,국민임대,인천,0
2024-03,LH,국민임대,경기,0
2024-03,LH,국민임대,부산,0
2024-03,LH,국민임대,대구,0
2024-03,LH,국민임대,광주,447
2024-03,LH,국민임대,대전,0
2024-03,LH,국민임대,울산,0
2024-03,LH,국민임대,세종,0
2024-03,LH,국민임대,강원,0
2024-03,LH,국민임대,충북,0
2024-03,LH,국민임대,충남,0
2024-03,LH,국민임대,전북,0
2024-03,LH,국민임대,전남,0
2024-03,LH,국민임대,경북,0
2024-03,LH,국민임대,경남,0
2024-03,LH,국민임대,제주,0
2024-03,LH,공공임대,전국,473
2024-03,LH,공공임대,서울,0
2024-03,LH,공공임대,인천,0
2024-03,LH,공공임대,경기,114
2024-03,LH,공공임대,부산,0
2024-03,LH,공공임대,대구,0
2024-03,LH,공공임대,광주,159
2024-03,LH,공공임대,대전,0
2024-03,LH,공공임대,울산,0
2024-03,LH,공공임대,세종,0
2024-03,LH,공공임대,강원,0
2024-03,LH,공공임대,충북,200
2024-03,LH,공공임대,충남,0
2024-03,LH,공공임대,전북,0
2024-03,LH,공공임대,전남,0
2024-03,LH,공공임대,경북,0
2024-03,LH,공공임대,경남,0
2024-03,LH,공공임대,제주,0
2024-03,LH,공공분양,전국,2,087
2024-03,LH,공공분양,서울,0
2024-03,LH,공공분양,인천,930
2024-03,LH,공공분양,경기,1,157
2024-03,LH,공공분양,부산,0
2024-03,LH,공공분양,대구,0
2024-03,LH,공공분양,광주,0
2024-03,LH,공공분양,대전,0
2024-03,LH,공공분양,울산,0
2024-03,LH,공공분양,세종,0
2024-03,LH,공공분양,강원,0
2024-03,LH,공공분양,충북,0
2024-03,LH,공공분양,충남,0
2024-03,LH,공공분양,전북,0
2024-03,LH,공공분양,전남,0
2024-03,LH,공공분양,경북,0
2024-03,LH,공공분양,경남,0
2024-03,LH,공공분양,제주,0
2024-03,주택업체,소계,전국,578
2024-03,주택업체,소계,서울,36
2024-03,주택업체,소계,인천,97
2024-03,주택업체,소계,경기,0
2024-03,주택업체,소계,부산,0
2024-03,주택업체,소계,대구,0
2024-03,주택업체,소계,광주,0
2024-03,주택업체,소계,대전,425
2024-03,주택업체,소계,울산,0
2024-03,주택업체,소계,세종,0
2024-03,주택업체,소계,강원,0
2024-03,주택업체,소계,충북,0
2024-03,주택업체,소계,충남,0
2024-03,주택업체,소계,전북,0
2024-03,주택업체,소계,전남,0
2024-03,주택업체,소계,경북,20
2024-03,주택업체,소계,경남,0
2024-03,주택업체,소계,제주,0
2024-03,주택업체,국민임대,전국,36
2024-03,주택업체,국민임대,서울,36
2024-03,주택업체,국민임대,인천,0
2024-03,주택업체,국민임대,경기,0
2024-03,주택업체,국민임대,부산,0
2024-03,주택업체,국민임대,대구,0
2024-03,주택업체,국민임대,광주,0
2024-03,주택업체,국민임대,대전,0
2024-03,주택업체,국민임대,울산,0
2024-03,주택업체,국민임대,세종,0
2024-03,주택업체,국민임대,강원,0
2024-03,주택업체,국민임대,충북,0
2024-03,주택업체,국민임대,충남,0
2024-03,주택업체,국민임대,전북,0
2024-03,주택업체,국민임대,전남,0
2024-03,주택업체,국민임대,경북,0
2024-03,주택업체,국민임대,경남,0
2024-03,주택업체,국민임대,제주,0
2024-03,주택업체,공공임대,전국,542
2024-03,주택업체,공공임대,서울,0
2024-03,주택업체,공공임대,인천,97
2024-03,주택업체,공공임대,경기,0
2024-03,주택업체,공공임대,부산,0
2024-03,주택업체,공공임대,대구,0
2024-03,주택업체,공공임대,광주,0
2024-03,주택업체,공공임대,대전,425
2024-03,주택업체,공공임대,울산,0
2024-03,주택업체,공공임대,세종,0
2024-03,주택업체,공공임대,강원,0
2024-03,주택업체,공공임대,충북,0
2024-03,주택업체,공공임대,충남,0
2024-03,주택업체,공공임대,전북,0
2024-03,주택업체,공공임대,전남,0
2024-03,주택업체,공공임대,경북,20
2024-03,주택업체,공공임대,경남,0
2024-03,주택업체,공공임대,제주,0
2024-03,주택업체,공공분양,전국,0
2024-03,주택업체,공공분양,서울,0
2024-03,주택업체,공공분양,인천,0
2024-03,주택업체,공공분양,경기,0
2024-03,주택업체,공공분양,부산,0
2024-03,주택업체,공공분양,대구,0
2024-03,주택업체,공공분양,광주,0
2024-03,주택업체,공공분양,대전,0
2024-03,주택업체,공공분양,울산,0
2024-03,주택업체,공공분양,세종,0
2024-03,주택업체,공공분양,강원,0
2024-03,주택업체,공공분양,충북,0
2024-03,주택업체,공공분양,충남,0
2024-03,주택업체,공공분양,전북,0
2024-03,주택업체,공공분양,전남,0
2024-03,주택업체,공공분양,경북,0
2024-03,주택업체,공공분양,경남,0
2024-03,주택업체,공공분양,제주,0
2024-03,민간부문,소계,전국,31,769
2024-03,민간부문,소계,서울,1,246
2024-03,민간부문,소계,인천,2,228
2024-03,민간부문,소계,경기,9,523
2024-03,민간부문,소계,부산,1,012
2024-03,민간부문,소계,대구,3,517
2024-03,민간부문,소계,광주,612
2024-03,민간부문,소계,대전,437
2024-03,민간부문,소계,울산,23
2024-03,민간부문,소계,세종,1,687
2024-03,민간부문,소계,강원,148
2024-03,민간부문,소계,충북,1,142
2024-03,민간부문,소계,충남,2,479
2024-03,민간부문,소계,전북,265
2024-03,민간부문,소계,전남,201
2024-03,민간부문,소계,경북,5,827
2024-03,민간부문,소계,경남,1,252
2024-03,민간부문,소계,제주,170
2024-03,민간,민간임대,전국,406
2024-03,민간,민간임대,서울,0
2024-03,민간,민간임대,인천,0
2024-03,민간,민간임대,경기,0
2024-03,민간,민간임대,부산,0
2024-03,민간,민간임대,대구,0
2024-03,민간,민간임대,광주,0
2024-03,민간,민간임대,대전,0
2024-03,민간,민간임대,울산,0
2024-03,민간,민간임대,세종,0
2024-03,민간,민간임대,강원,0
2024-03,민간,민간임대,충북,0
2024-03,민간,민간임대,충남,406
2024-03,민간,민간임대,전북,0
2024-03,민간,민간임대,전남,0
2024-03,민간,민간임대,경북,0
2024-03,민간,민간임대,경남,0
2024-03,민간,민간임대,제주,0
2024-03,민간,민간분양,전국,31,363
2024-03,민간,민간분양,서울,1,246
2024-03,민간,민간분양,인천,2,228
2024-03,민간,민간분양,경기,9,523
2024-03,민간,민간분양,부산,1,012
2024-03,민간,민간분양,대구,3,517
2024-03,민간,민간분양,광주,612
2024-03,민간,민간분양,대전,437
2024-03,민간,민간분양,울산,23
2024-03,민간,민간분양,세종,1,687
2024-03,민간,민간분양,강원,148
2024-03,민간,민간분양,충북,1,142
2024-03,민간,민간분양,충남,2,073
2024-03,민간,민간분양,전북,265
2024-03,민간,민간분양,전남,201
2024-03,민간,민간분양,경북,5,827
2024-03,민간,민간분양,경남,1,252
2024-03,민간,민간분양,제주,170
2024-04,총계,총계,전국,31,296
2024-04,총계,총계,서울,1,533
2024-04,총계,총계,인천,292
2024-04,총계,총계,경기,8,166
2024-04,총계,총계,부산,228
2024-04,총계,총계,대구,3,293
2024-04,총계,총계,광주,4,714
2024-04,총계,총계,대전,2,869
2024-04,총계,총계,울산,46
2024-04,총계,총계,세종,8
2024-04,총계,총계,강원,1,048
2024-04,총계,총계,충북,3,432
2024-04,총계,총계,충남,179
2024-04,총계,총계,전북,977
2024-04,총계,총계,전남,531
2024-04,총계,총계,경북,2,610
2024-04,총계,총계,경남,1,065
2024-04,총계,총계,제주,305
2024-04,공공부문,소계,전국,2,699
2024-04,공공부문,소계,서울,1
2024-04,공공부문,소계,인천,0
2024-04,공공부문,소계,경기,2,548
2024-04,공공부문,소계,부산,0
2024-04,공공부문,소계,대구,0
2024-04,공공부문,소계,광주,0
2024-04,공공부문,소계,대전,0
2024-04,공공부문,소계,울산,0
2024-04,공공부문,소계,세종,0
2024-04,공공부문,소계,강원,0
2024-04,공공부문,소계,충북,0
2024-04,공공부문,소계,충남,0
2024-04,공공부문,소계,전북,150
2024-04,공공부문,소계,전남,0
2024-04,공공부문,소계,경북,0
2024-04,공공부문,소계,경남,0
2024-04,공공부문,소계,제주,0
2024-04,합,국민임대,전국,0
2024-04,합,국민임대,서울,0
2024-04,합,국민임대,인천,0
2024-04,합,국민임대,경기,0
2024-04,합,국민임대,부산,0
2024-04,합,국민임대,대구,0
2024-04,합,국민임대,광주,0
2024-04,합,국민임대,대전,0
2024-04,합,국민임대,울산,0
2024-04,합,국민임대,세종,0
2024-04,합,국민임대,강원,0
2024-04,합,국민임대,충북,0
2024-04,합,국민임대,충남,0
2024-04,합,국민임대,전북,0
2024-04,합,국민임대,전남,0
2024-04,합,국민임대,경북,0
2024-04,합,국민임대,경남,0
2024-04,합,국민임대,제주,0
2024-04,합,공공임대,전국,603
2024-04,합,공공임대,서울,1
2024-04,합,공공임대,인천,0
2024-04,합,공공임대,경기,452
2024-04,합,공공임대,부산,0
2024-04,합,공공임대,대구,0
2024-04,합,공공임대,광주,0
2024-04,합,공공임대,대전,0
2024-04,합,공공임대,울산,0
2024-04,합,공공임대,세종,0
2024-04,합,공공임대,강원,0
2024-04,합,공공임대,충북,0
2024-04,합,공공임대,충남,0
2024-04,합,공공임대,전북,150
2024-04,합,공공임대,전남,0
2024-04,합,공공임대,경북,0
2024-04,합,공공임대,경남,0
2024-04,합,공공임대,제주,0
2024-04,합,공공분양,전국,2,096
2024-04,합,공공분양,서울,0
2024-04,합,공공분양,인천,0
2024-04,합,공공분양,경기,2,096
2024-04,합,공공분양,부산,0
2024-04,합,공공분양,대구,0
2024-04,합,공공분양,광주,0
2024-04,합,공공분양,대전,0
2024-04,합,공공분양,울산,0
2024-04,합,공공분양,세종,0
2024-04,합,공공분양,강원,0
2024-04,합,공공분양,충북,0
2024-04,합,공공분양,충남,0
2024-04,합,공공분양,전북,0
2024-04,합,공공분양,전남,0
2024-04,합,공공분양,경북,0
2024-04,합,공공분양,경남,0
2024-04,합,공공분양,제주,0
2024-04,지자체,소계,전국,0
2024-04,지자체,소계,서울,0
2024-04,지자체,소계,인천,0
2024-04,지자체,소계,경기,0
2024-04,지자체,소계,부산,0
2024-04,지자체,소계,대구,0
2024-04,지자체,소계,광주,0
2024-04,지자체,소계,대전,0
2024-04,지자체,소계,울산,0
2024-04,지자체,소계,세종,0
2024-04,지자체,소계,강원,0
2024-04,지자체,소계,충북,0
2024-04,지자체,소계,충남,0
2024-04,지자체,소계,전북,0
2024-04,지자체,소계,전남,0
2024-04,지자체,소계,경북,0
2024-04,지자체,소계,경남,0
2024-04,지자체,소계,제주,0
2024-04,지자체,국민임대,전국,0
2024-04,지자체,국민임대,서울,0
2024-04,지자체,국민임대,인천,0
2024-04,지자체,국민임대,경기,0
2024-04,지자체,국민임대,부산,0
2024-04,지자체,국민임대,대구,0
2024-04,지자체,국민임대,광주,0
2024-04,지자체,국민임대,대전,0
2024-04,지자체,국민임대,울산,0
2024-04,지자체,국민임대,세종,0
2024-04,지자체,국민임대,강원,0
2024-04,지자체,국민임대,충북,0
2024-04,지자체,국민임대,충남,0
2024-04,지자체,국민임대,전북,0
2024-04,지자체,국민임대,전남,0
2024-04,지자체,국민임대,경북,0
2024-04,지자체,국민임대,경남,0
2024-04,지자체,국민임대,제주,0
2024-04,지자체,공공임대,전국,0
2024-04,지자체,공공임대,서울,0
2024-04,지자체,공공임대,인천,0
2024-04,지자체,공공임대,경기,0
2024-04,지자체,공공임대,부산,0
2024-04,지자체,공공임대,대구,0
2024-04,지자체,공공임대,광주,0
2024-04,지자체,공공임대,대전,0
2024-04,지자체,공공임대,울산,0
2024-04,지자체,공공임대,세종,0
2024-04,지자체,공공임대,강원,0
2024-04,지자체,공공임대,충북,0
2024-04,지자체,공공임대,충남,0
2024-04,지자체,공공임대,전북,0
2024-04,지자체,공공임대,전남,0
2024-04,지자체,공공임대,경북,0
2024-04,지자체,공공임대,경남,0
2024-04,지자체,공공임대,제주,0
2024-04,지자체,공공분양,전국,0
2024-04,지자체,공공분양,서울,0
2024-04,지자체,공공분양,인천,0
2024-04,지자체,공공분양,경기,0
2024-04,지자체,공공분양,부산,0
2024-04,지자체,공공분양,대구,0
2024-04,지자체,공공분양,광주,0
2024-04,지자체,공공분양,대전,0
2024-04,지자체,공공분양,울산,0
2024-04,지자체,공공분양,세종,0
2024-04,지자체,공공분양,강원,0
2024-04,지자체,공공분양,충북,0
2024-04,지자체,공공분양,충남,0
2024-04,지자체,공공분양,전북,0
2024-04,지자체,공공분양,전남,0
2024-04,지자체,공공분양,경북,0
2024-04,지자체,공공분양,경남,0
2024-04,지자체,공공분양,제주,0
2024-04,LH,소계,전국,1,019
2024-04,LH,소계,서울,0
2024-04,LH,소계,인천,0
2024-04,LH,소계,경기,869
2024-04,LH,소계,부산,0
2024-04,LH,소계,대구,0
2024-04,LH,소계,광주,0
2024-04,LH,소계,대전,0
2024-04,LH,소계,울산,0
2024-04,LH,소계,세종,0
2024-04,LH,소계,강원,0
2024-04,LH,소계,충북,0
2024-04,LH,소계,충남,0
2024-04,LH,소계,전북,150
2024-04,LH,소계,전남,0
2024-04,LH,소계,경북,0
2024-04,LH,소계,경남,0
2024-04,LH,소계,제주,0
2024-04,LH,국민임대,전국,0
2024-04,LH,국민임대,서울,0
2024-04,LH,국민임대,인천,0
2024-04,LH,국민임대,경기,0
2024-04,LH,국민임대,부산,0
2024-04,LH,국민임대,대구,0
2024-04,LH,국민임대,광주,0
2024-04,LH,국민임대,대전,0
2024-04,LH,국민임대,울산,0
2024-04,LH,국민임대,세종,0
2024-04,LH,국민임대,강원,0
2024-04,LH,국민임대,충북,0
2024-04,LH,국민임대,충남,0
2024-04,LH,국민임대,전북,0
2024-04,LH,국민임대,전남,0
2024-04,LH,국민임대,경북,0
2024-04,LH,국민임대,경남,0
2024-04,LH,국민임대,제주,0
2024-04,LH,공공임대,전국,150
2024-04,LH,공공임대,서울,0
2024-04,LH,공공임대,인천,0
2024-04,LH,공공임대,경기,0
2024-04,LH,공공임대,부산,0
2024-04,LH,공공임대,대구,0
2024-04,LH,공공임대,광주,0
2024-04,LH,공공임대,대전,0
2024-04,LH,공공임대,울산,0
2024-04,LH,공공임대,세종,0
2024-04,LH,공공임대,강원,0
2024-04,LH,공공임대,충북,0
2024-04,LH,공공임대,충남,0
2024-04,LH,공공임대,전북,150
2024-04,LH,공공임대,전남,0
2024-04,LH,공공임대,경북,0
2024-04,LH,공공임대,경남,0
2024-04,LH,공공임대,제주,0
2024-04,LH,공공분양,전국,869
2024-04,LH,공공분양,서울,0
2024-04,LH,공공분양,인천,0
2024-04,LH,공공분양,경기,869
2024-04,LH,공공분양,부산,0
2024-04,LH,공공분양,대구,0
2024-04,LH,공공분양,광주,0
2024-04,LH,공공분양,대전,0
2024-04,LH,공공분양,울산,0
2024-04,LH,공공분양,세종,0
2024-04,LH,공공분양,강원,0
2024-04,LH,공공분양,충북,0
2024-04,LH,공공분양,충남,0
2024-04,LH,공공분양,전북,0
2024-04,LH,공공분양,전남,0
2024-04,LH,공공분양,경북,0
2024-04,LH,공공분양,경남,0
2024-04,LH,공공분양,제주,0
2024-04,주택업체,소계,전국,1,680
2024-04,주택업체,소계,서울,1
2024-04,주택업체,소계,인천,0
2024-04,주택업체,소계,경기,1,679
2024-04,주택업체,소계,부산,0
2024-04,주택업체,소계,대구,0
2024-04,주택업체,소계,광주,0
2024-04,주택업체,소계,대전,0
2024-04,주택업체,소계,울산,0
2024-04,주택업체,소계,세종,0
2024-04,주택업체,소계,강원,0
2024-04,주택업체,소계,충북,0
2024-04,주택업체,소계,충남,0
2024-04,주택업체,소계,전북,0
2024-04,주택업체,소계,전남,0
2024-04,주택업체,소계,경북,0
2024-04,주택업체,소계,경남,0
2024-04,주택업체,소계,제주,0
2024-04,주택업체,국민임대,전국,0
2024-04,주택업체,국민임대,서울,0
2024-04,주택업체,국민임대,인천,0
2024-04,주택업체,국민임대,경기,0
2024-04,주택업체,국민임대,부산,0
2024-04,주택업체,국민임대,대구,0
2024-04,주택업체,국민임대,광주,0
2024-04,주택업체,국민임대,대전,0
2024-04,주택업체,국민임대,울산,0
2024-04,주택업체,국민임대,세종,0
2024-04,주택업체,국민임대,강원,0
2024-04,주택업체,국민임대,충북,0
2024-04,주택업체,국민임대,충남,0
2024-04,주택업체,국민임대,전북,0
2024-04,주택업체,국민임대,전남,0
2024-04,주택업체,국민임대,경북,0
2024-04,주택업체,국민임대,경남,0
2024-04,주택업체,국민임대,제주,0
2024-04,주택업체,공공임대,전국,453
2024-04,주택업체,공공임대,서울,1
2024-04,주택업체,공공임대,인천,0
2024-04,주택업체,공공임대,경기,452
2024-04,주택업체,공공임대,부산,0
2024-04,주택업체,공공임대,대구,0
2024-04,주택업체,공공임대,광주,0
2024-04,주택업체,공공임대,대전,0
2024-04,주택업체,공공임대,울산,0
2024-04,주택업체,공공임대,세종,0
2024-04,주택업체,공공임대,강원,0
2024-04,주택업체,공공임대,충북,0
2024-04,주택업체,공공임대,충남,0
2024-04,주택업체,공공임대,전북,0
2024-04,주택업체,공공임대,전남,0
2024-04,주택업체,공공임대,경북,0
2024-04,주택업체,공공임대,경남,0
2024-04,주택업체,공공임대,제주,0
2024-04,주택업체,공공분양,전국,1,227
2024-04,주택업체,공공분양,서울,0
2024-04,주택업체,공공분양,인천,0
2024-04,주택업체,공공분양,경기,1,227
2024-04,주택업체,공공분양,부산,0
2024-04,주택업체,공공분양,대구,0
2024-04,주택업체,공공분양,광주,0
2024-04,주택업체,공공분양,대전,0
2024-04,주택업체,공공분양,울산,0
2024-04,주택업체,공공분양,세종,0
2024-04,주택업체,공공분양,강원,0
2024-04,주택업체,공공분양,충북,0
2024-04,주택업체,공공분양,충남,0
2024-04,주택업체,공공분양,전북,0
2024-04,주택업체,공공분양,전남,0
2024-04,주택업체,공공분양,경북,0
2024-04,주택업체,공공분양,경남,0
2024-04,주택업체,공공분양,제주,0
2024-04,민간부문,소계,전국,28,597
2024-04,민간부문,소계,서울,1,532
2024-04,민간부문,소계,인천,292
2024-04,민간부문,소계,경기,5,618
2024-04,민간부문,소계,부산,228
2024-04,민간부문,소계,대구,3,293
2024-04,민간부문,소계,광주,4,714
2024-04,민간부문,소계,대전,2,869
2024-04,민간부문,소계,울산,46
2024-04,민간부문,소계,세종,8
2024-04,민간부문,소계,강원,1,048
2024-04,민간부문,소계,충북,3,432
2024-04,민간부문,소계,충남,179
2024-04,민간부문,소계,전북,827
2024-04,민간부문,소계,전남,531
2024-04,민간부문,소계,경북,2,610
2024-04,민간부문,소계,경남,1,065
2024-04,민간부문,소계,제주,305
2024-04,민간,민간임대,전국,6,412
2024-04,민간,민간임대,서울,0
2024-04,민간,민간임대,인천,0
2024-04,민간,민간임대,경기,585
2024-04,민간,민간임대,부산,0
2024-04,민간,민간임대,대구,0
2024-04,민간,민간임대,광주,0
2024-04,민간,민간임대,대전,1,791
2024-04,민간,민간임대,울산,0
2024-04,민간,민간임대,세종,0
2024-04,민간,민간임대,강원,0
2024-04,민간,민간임대,충북,3,288
2024-04,민간,민간임대,충남,0
2024-04,민간,민간임대,전북,748
2024-04,민간,민간임대,전남,0
2024-04,민간,민간임대,경북,0
2024-04,민간,민간임대,경남,0
2024-04,민간,민간임대,제주,0
2024-04,민간,민간분양,전국,22,185
2024-04,민간,민간분양,서울,1,532
2024-04,민간,민간분양,인천,292
2024-04,민간,민간분양,경기,5,033
2024-04,민간,민간분양,부산,228
2024-04,민간,민간분양,대구,3,293
2024-04,민간,민간분양,광주,4,714
2024-04,민간,민간분양,대전,1,078
2024-04,민간,민간분양,울산,46
2024-04,민간,민간분양,세종,8
2024-04,민간,민간분양,강원,1,048
2024-04,민간,민간분양,충북,144
2024-04,민간,민간분양,충남,179
2024-04,민간,민간분양,전북,79
2024-04,민간,민간분양,전남,531
2024-04,민간,민간분양,경북,2,610
2024-04,민간,민간분양,경남,1,065
2024-04,민간,민간분양,제주,305
2024-05,총계,총계,전국,21,590
2024-05,총계,총계,서울,1,025
2024-05,총계,총계,인천,75
2024-05,총계,총계,경기,6,381
2024-05,총계,총계,부산,1,415
2024-05,총계,총계,대구,1,277
2024-05,총계,총계,광주,17
2024-05,총계,총계,대전,29
2024-05,총계,총계,울산,686
2024-05,총계,총계,세종,8
2024-05,총계,총계,강원,2,041
2024-05,총계,총계,충북,754
2024-05,총계,총계,충남,133
2024-05,총계,총계,전북,975
2024-05,총계,총계,전남,2,654
2024-05,총계,총계,경북,837
2024-05,총계,총계,경남,3,144
2024-05,총계,총계,제주,139
2024-05,공공부문,소계,전국,3,495
2024-05,공공부문,소계,서울,0
2024-05,공공부문,소계,인천,0
2024-05,공공부문,소계,경기,1,500
2024-05,공공부문,소계,부산,449
2024-05,공공부문,소계,대구,1
2024-05,공공부문,소계,광주,0
2024-05,공공부문,소계,대전,0
2024-05,공공부문,소계,울산,0
2024-05,공공부문,소계,세종,0
2024-05,공공부문,소계,강원,0
2024-05,공공부문,소계,충북,0
2024-05,공공부문,소계,충남,0
2024-05,공공부문,소계,전북,150
2024-05,공공부문,소계,전남,300
2024-05,공공부문,소계,경북,42
2024-05,공공부문,소계,경남,1,053
2024-05,공공부문,소계,제주,0
2024-05,합,국민임대,전국,492
2024-05,합,국민임대,서울,0
2024-05,합,국민임대,인천,0
2024-05,합,국민임대,경기,0
2024-05,합,국민임대,부산,449
2024-05,합,국민임대,대구,1
2024-05,합,국민임대,광주,0
2024-05,합,국민임대,대전,0
2024-05,합,국민임대,울산,0
2024-05,합,국민임대,세종,0
2024-05,합,국민임대,강원,0
2024-05,합,국민임대,충북,0
2024-05,합,국민임대,충남,0
2024-05,합,국민임대,전북,0
2024-05,합,국민임대,전남,0
2024-05,합,국민임대,경북,42
2024-05,합,국민임대,경남,0
2024-05,합,국민임대,제주,0
2024-05,합,공공임대,전국,3,003
2024-05,합,공공임대,서울,0
2024-05,합,공공임대,인천,0
2024-05,합,공공임대,경기,1,500
2024-05,합,공공임대,부산,0
2024-05,합,공공임대,대구,0
2024-05,합,공공임대,광주,0
2024-05,합,공공임대,대전,0
2024-05,합,공공임대,울산,0
2024-05,합,공공임대,세종,0
2024-05,합,공공임대,강원,0
2024-05,합,공공임대,충북,0
2024-05,합,공공임대,충남,0
2024-05,합,공공임대,전북,150
2024-05,합,공공임대,전남,300
2024-05,합,공공임대,경북,0
2024-05,합,공공임대,경남,1,053
2024-05,합,공공임대,제주,0
2024-05,합,공공분양,전국,0
2024-05,합,공공분양,서울,0
2024-05,합,공공분양,인천,0
2024-05,합,공공분양,경기,0
2024-05,합,공공분양,부산,0
2024-05,합,공공분양,대구,0
2024-05,합,공공분양,광주,0
2024-05,합,공공분양,대전,0
2024-05,합,공공분양,울산,0
2024-05,합,공공분양,세종,0
2024-05,합,공공분양,강원,0
2024-05,합,공공분양,충북,0
2024-05,합,공공분양,충남,0
2024-05,합,공공분양,전북,0
2024-05,합,공공분양,전남,0
2024-05,합,공공분양,경북,0
2024-05,합,공공분양,경남,0
2024-05,합,공공분양,제주,0
2024-05,지자체,소계,전국,0
2024-05,지자체,소계,서울,0
2024-05,지자체,소계,인천,0
2024-05,지자체,소계,경기,0
2024-05,지자체,소계,부산,0
2024-05,지자체,소계,대구,0
2024-05,지자체,소계,광주,0
2024-05,지자체,소계,대전,0
2024-05,지자체,소계,울산,0
2024-05,지자체,소계,세종,0
2024-05,지자체,소계,강원,0
2024-05,지자체,소계,충북,0
2024-05,지자체,소계,충남,0
2024-05,지자체,소계,전북,0
2024-05,지자체,소계,전남,0
2024-05,지자체,소계,경북,0
2024-05,지자체,소계,경남,0
2024-05,지자체,소계,제주,0
2024-05,지자체,국민임대,전국,0
2024-05,지자체,국민임대,서울,0
2024-05,지자체,국민임대,인천,0
2024-05,지자체,국민임대,경기,0
2024-05,지자체,국민임대,부산,0
2024-05,지자체,국민임대,대구,0
2024-05,지자체,국민임대,광주,0
2024-05,지자체,국민임대,대전,0
2024-05,지자체,국민임대,울산,0
2024-05,지자체,국민임대,세종,0
2024-05,지자체,국민임대,강원,0
2024-05,지자체,국민임대,충북,0
2024-05,지자체,국민임대,충남,0
2024-05,지자체,국민임대,전북,0
2024-05,지자체,국민임대,전남,0
2024-05,지자체,국민임대,경북,0
2024-05,지자체,국민임대,경남,0
2024-05,지자체,국민임대,제주,0
2024-05,지자체,공공임대,전국,0
2024-05,지자체,공공임대,서울,0
2024-05,지자체,공공임대,인천,0
2024-05,지자체,공공임대,경기,0
2024-05,지자체,공공임대,부산,0
2024-05,지자체,공공임대,대구,0
2024-05,지자체,공공임대,광주,0
2024-05,지자체,공공임대,대전,0
2024-05,지자체,공공임대,울산,0
2024-05,지자체,공공임대,세종,0
2024-05,지자체,공공임대,강원,0
2024-05,지자체,공공임대,충북,0
2024-05,지자체,공공임대,충남,0
2024-05,지자체,공공임대,전북,0
2024-05,지자체,공공임대,전남,0
2024-05,지자체,공공임대,경북,0
2024-05,지자체,공공임대,경남,0
2024-05,지자체,공공임대,제주,0
2024-05,지자체,공공분양,전국,0
2024-05,지자체,공공분양,서울,0
2024-05,지자체,공공분양,인천,0
2024-05,지자체,공공분양,경기,0
2024-05,지자체,공공분양,부산,0
2024-05,지자체,공공분양,대구,0
2024-05,지자체,공공분양,광주,0
2024-05,지자체,공공분양,대전,0
2024-05,지자체,공공분양,울산,0
2024-05,지자체,공공분양,세종,0
2024-05,지자체,공공분양,강원,0
2024-05,지자체,공공분양,충북,0
2024-05,지자체,공공분양,충남,0
2024-05,지자체,공공분양,전북,0
2024-05,지자체,공공분양,전남,0
2024-05,지자체,공공분양,경북,0
2024-05,지자체,공공분양,경남,0
2024-05,지자체,공공분양,제주,0
2024-05,LH,소계,전국,642
2024-05,LH,소계,서울,0
2024-05,LH,소계,인천,0
2024-05,LH,소계,경기,0
2024-05,LH,소계,부산,0
2024-05,LH,소계,대구,0
2024-05,LH,소계,광주,0
2024-05,LH,소계,대전,0
2024-05,LH,소계,울산,0
2024-05,LH,소계,세종,0
2024-05,LH,소계,강원,0
2024-05,LH,소계,충북,0
2024-05,LH,소계,충남,0
2024-05,LH,소계,전북,150
2024-05,LH,소계,전남,300
2024-05,LH,소계,경북,42
2024-05,LH,소계,경남,150
2024-05,LH,소계,제주,0
2024-05,LH,국민임대,전국,42
2024-05,LH,국민임대,서울,0
2024-05,LH,국민임대,인천,0
2024-05,LH,국민임대,경기,0
2024-05,LH,국민임대,부산,0
2024-05,LH,국민임대,대구,0
2024-05,LH,국민임대,광주,0
2024-05,LH,국민임대,대전,0
2024-05,LH,국민임대,울산,0
2024-05,LH,국민임대,세종,0
2024-05,LH,국민임대,강원,0
2024-05,LH,국민임대,충북,0
2024-05,LH,국민임대,충남,0
2024-05,LH,국민임대,전북,0
2024-05,LH,국민임대,전남,0
2024-05,LH,국민임대,경북,42
2024-05,LH,국민임대,경남,0
2024-05,LH,국민임대,제주,0
2024-05,LH,공공임대,전국,600
2024-05,LH,공공임대,서울,0
2024-05,LH,공공임대,인천,0
2024-05,LH,공공임대,경기,0
2024-05,LH,공공임대,부산,0
2024-05,LH,공공임대,대구,0
2024-05,LH,공공임대,광주,0
2024-05,LH,공공임대,대전,0
2024-05,LH,공공임대,울산,0
2024-05,LH,공공임대,세종,0
2024-05,LH,공공임대,강원,0
2024-05,LH,공공임대,충북,0
2024-05,LH,공공임대,충남,0
2024-05,LH,공공임대,전북,150
2024-05,LH,공공임대,전남,300
2024-05,LH,공공임대,경북,0
2024-05,LH,공공임대,경남,150
2024-05,LH,공공임대,제주,0
2024-05,LH,공공분양,전국,0
2024-05,LH,공공분양,서울,0
2024-05,LH,공공분양,인천,0
2024-05,LH,공공분양,경기,0
2024-05,LH,공공분양,부산,0
2024-05,LH,공공분양,대구,0
2024-05,LH,공공분양,광주,0
2024-05,LH,공공분양,대전,0
2024-05,LH,공공분양,울산,0
2024-05,LH,공공분양,세종,0
2024-05,LH,공공분양,강원,0
2024-05,LH,공공분양,충북,0
2024-05,LH,공공분양,충남,0
2024-05,LH,공공분양,전북,0
2024-05,LH,공공분양,전남,0
2024-05,LH,공공분양,경북,0
2024-05,LH,공공분양,경남,0
2024-05,LH,공공분양,제주,0
2024-05,주택업체,소계,전국,2,853
2024-05,주택업체,소계,서울,0
2024-05,주택업체,소계,인천,0
2024-05,주택업체,소계,경기,1,500
2024-05,주택업체,소계,부산,449
2024-05,주택업체,소계,대구,1
2024-05,주택업체,소계,광주,0
2024-05,주택업체,소계,대전,0
2024-05,주택업체,소계,울산,0
2024-05,주택업체,소계,세종,0
2024-05,주택업체,소계,강원,0
2024-05,주택업체,소계,충북,0
2024-05,주택업체,소계,충남,0
2024-05,주택업체,소계,전북,0
2024-05,주택업체,소계,전남,0
2024-05,주택업체,소계,경북,0
2024-05,주택업체,소계,경남,903
2024-05,주택업체,소계,제주,0
2024-05,주택업체,국민임대,전국,450
2024-05,주택업체,국민임대,서울,0
2024-05,주택업체,국민임대,인천,0
2024-05,주택업체,국민임대,경기,0
2024-05,주택업체,국민임대,부산,449
2024-05,주택업체,국민임대,대구,1
2024-05,주택업체,국민임대,광주,0
2024-05,주택업체,국민임대,대전,0
2024-05,주택업체,국민임대,울산,0
2024-05,주택업체,국민임대,세종,0
2024-05,주택업체,국민임대,강원,0
2024-05,주택업체,국민임대,충북,0
2024-05,주택업체,국민임대,충남,0
2024-05,주택업체,국민임대,전북,0
2024-05,주택업체,국민임대,전남,0
2024-05,주택업체,국민임대,경북,0
2024-05,주택업체,국민임대,경남,0
2024-05,주택업체,국민임대,제주,0
2024-05,주택업체,공공임대,전국,2,403
2024-05,주택업체,공공임대,서울,0
2024-05,주택업체,공공임대,인천,0
2024-05,주택업체,공공임대,경기,1,500
2024-05,주택업체,공공임대,부산,0
2024-05,주택업체,공공임대,대구,0
2024-05,주택업체,공공임대,광주,0
2024-05,주택업체,공공임대,대전,0
2024-05,주택업체,공공임대,울산,0
2024-05,주택업체,공공임대,세종,0
2024-05,주택업체,공공임대,강원,0
2024-05,주택업체,공공임대,충북,0
2024-05,주택업체,공공임대,충남,0
2024-05,주택업체,공공임대,전북,0
2024-05,주택업체,공공임대,전남,0
2024-05,주택업체,공공임대,경북,0
2024-05,주택업체,공공임대,경남,903
2024-05,주택업체,공공임대,제주,0
2024-05,주택업체,공공분양,전국,0
2024-05,주택업체,공공분양,서울,0
2024-05,주택업체,공공분양,인천,0
2024-05,주택업체,공공분양,경기,0
2024-05,주택업체,공공분양,부산,0
2024-05,주택업체,공공분양,대구,0
2024-05,주택업체,공공분양,광주,0
2024-05,주택업체,공공분양,대전,0
2024-05,주택업체,공공분양,울산,0
2024-05,주택업체,공공분양,세종,0
2024-05,주택업체,공공분양,강원,0
2024-05,주택업체,공공분양,충북,0
2024-05,주택업체,공공분양,충남,0
2024-05,주택업체,공공분양,전북,0
2024-05,주택업체,공공분양,전남,0
2024-05,주택업체,공공분양,경북,0
2024-05,주택업체,공공분양,경남,0
2024-05,주택업체,공공분양,제주,0
2024-05,민간부문,소계,전국,18,095
2024-05,민간부문,소계,서울,1,025
2024-05,민간부문,소계,인천,75
2024-05,민간부문,소계,경기,4,881
2024-05,민간부문,소계,부산,966
2024-05,민간부문,소계,대구,1,276
2024-05,민간부문,소계,광주,17
2024-05,민간부문,소계,대전,29
2024-05,민간부문,소계,울산,686
2024-05,민간부문,소계,세종,8
2024-05,민간부문,소계,강원,2,041
2024-05,민간부문,소계,충북,754
2024-05,민간부문,소계,충남,133
2024-05,민간부문,소계,전북,825
2024-05,민간부문,소계,전남,2,354
2024-05,민간부문,소계,경북,795
2024-05,민간부문,소계,경남,2,091
2024-05,민간부문,소계,제주,139
2024-05,민간,민간임대,전국,575
2024-05,민간,민간임대,서울,0
2024-05,민간,민간임대,인천,0
2024-05,민간,민간임대,경기,0
2024-05,민간,민간임대,부산,0
2024-05,민간,민간임대,대구,0
2024-05,민간,민간임대,광주,0
2024-05,민간,민간임대,대전,0
2024-05,민간,민간임대,울산,0
2024-05,민간,민간임대,세종,0
2024-05,민간,민간임대,강원,0
2024-05,민간,민간임대,충북,0
2024-05,민간,민간임대,충남,0
2024-05,민간,민간임대,전북,0
2024-05,민간,민간임대,전남,486
2024-05,민간,민간임대,경북,89
2024-05,민간,민간임대,경남,0
2024-05,민간,민간임대,제주,0
2024-05,민간,민간분양,전국,17,520
2024-05,민간,민간분양,서울,1,025
2024-05,민간,민간분양,인천,75
2024-05,민간,민간분양,경기,4,881
2024-05,민간,민간분양,부산,966
2024-05,민간,민간분양,대구,1,276
2024-05,민간,민간분양,광주,17
2024-05,민간,민간분양,대전,29
2024-05,민간,민간분양,울산,686
2024-05,민간,민간분양,세종,8
2024-05,민간,민간분양,강원,2,041
2024-05,민간,민간분양,충북,754
2024-05,민간,민간분양,충남,133
2024-05,민간,민간분양,전북,825
2024-05,민간,민간분양,전남,1,868
2024-05,민간,민간분양,경북,706
2024-05,민간,민간분양,경남,2,091
2024-05,민간,민간분양,제주,139
2024-06,총계,총계,전국,32,743
2024-06,총계,총계,서울,1,810
2024-06,총계,총계,인천,1,150
2024-06,총계,총계,경기,12,008
2024-06,총계,총계,부산,2,421
2024-06,총계,총계,대구,3,678
2024-06,총계,총계,광주,53
2024-06,총계,총계,대전,1,650
2024-06,총계,총계,울산,994
2024-06,총계,총계,세종,1,358
2024-06,총계,총계,강원,644
2024-06,총계,총계,충북,152
2024-06,총계,총계,충남,1,173
2024-06,총계,총계,전북,147
2024-06,총계,총계,전남,1,796
2024-06,총계,총계,경북,2,229
2024-06,총계,총계,경남,1,024
2024-06,총계,총계,제주,456
2024-06,공공부문,소계,전국,1,328
2024-06,공공부문,소계,서울,0
2024-06,공공부문,소계,인천,0
2024-06,공공부문,소계,경기,0
2024-06,공공부문,소계,부산,0
2024-06,공공부문,소계,대구,0
2024-06,공공부문,소계,광주,0
2024-06,공공부문,소계,대전,1,328
2024-06,공공부문,소계,울산,0
2024-06,공공부문,소계,세종,0
2024-06,공공부문,소계,강원,0
2024-06,공공부문,소계,충북,0
2024-06,공공부문,소계,충남,0
2024-06,공공부문,소계,전북,0
2024-06,공공부문,소계,전남,0
2024-06,공공부문,소계,경북,0
2024-06,공공부문,소계,경남,0
2024-06,공공부문,소계,제주,0
2024-06,합,국민임대,전국,0
2024-06,합,국민임대,서울,0
2024-06,합,국민임대,인천,0
2024-06,합,국민임대,경기,0
2024-06,합,국민임대,부산,0
2024-06,합,국민임대,대구,0
2024-06,합,국민임대,광주,0
2024-06,합,국민임대,대전,0
2024-06,합,국민임대,울산,0
2024-06,합,국민임대,세종,0
2024-06,합,국민임대,강원,0
2024-06,합,국민임대,충북,0
2024-06,합,국민임대,충남,0
2024-06,합,국민임대,전북,0
2024-06,합,국민임대,전남,0
2024-06,합,국민임대,경북,0
2024-06,합,국민임대,경남,0
2024-06,합,국민임대,제주,0
2024-06,합,공공임대,전국,0
2024-06,합,공공임대,서울,0
2024-06,합,공공임대,인천,0
2024-06,합,공공임대,경기,0
2024-06,합,공공임대,부산,0
2024-06,합,공공임대,대구,0
2024-06,합,공공임대,광주,0
2024-06,합,공공임대,대전,0
2024-06,합,공공임대,울산,0
2024-06,합,공공임대,세종,0
2024-06,합,공공임대,강원,0
2024-06,합,공공임대,충북,0
2024-06,합,공공임대,충남,0
2024-06,합,공공임대,전북,0
2024-06,합,공공임대,전남,0
2024-06,합,공공임대,경북,0
2024-06,합,공공임대,경남,0
2024-06,합,공공임대,제주,0
2024-06,합,공공분양,전국,1,328
2024-06,합,공공분양,서울,0
2024-06,합,공공분양,인천,0
2024-06,합,공공분양,경기,0
2024-06,합,공공분양,부산,0
2024-06,합,공공분양,대구,0
2024-06,합,공공분양,광주,0
2024-06,합,공공분양,대전,1,328
2024-06,합,공공분양,울산,0
2024-06,합,공공분양,세종,0
2024-06,합,공공분양,강원,0
2024-06,합,공공분양,충북,0
2024-06,합,공공분양,충남,0
2024-06,합,공공분양,전북,0
2024-06,합,공공분양,전남,0
2024-06,합,공공분양,경북,0
2024-06,합,공공분양,경남,0
2024-06,합,공공분양,제주,0
2024-06,지자체,소계,전국,0
2024-06,지자체,소계,서울,0
2024-06,지자체,소계,인천,0
2024-06,지자체,소계,경기,0
2024-06,지자체,소계,부산,0
2024-06,지자체,소계,대구,0
2024-06,지자체,소계,광주,0
2024-06,지자체,소계,대전,0
2024-06,지자체,소계,울산,0
2024-06,지자체,소계,세종,0
2024-06,지자체,소계,강원,0
2024-06,지자체,소계,충북,0
2024-06,지자체,소계,충남,0
2024-06,지자체,소계,전북,0
2024-06,지자체,소계,전남,0
2024-06,지자체,소계,경북,0
2024-06,지자체,소계,경남,0
2024-06,지자체,소계,제주,0
2024-06,지자체,국민임대,전국,0
2024-06,지자체,국민임대,서울,0
2024-06,지자체,국민임대,인천,0
2024-06,지자체,국민임대,경기,0
2024-06,지자체,국민임대,부산,0
2024-06,지자체,국민임대,대구,0
2024-06,지자체,국민임대,광주,0
2024-06,지자체,국민임대,대전,0
2024-06,지자체,국민임대,울산,0
2024-06,지자체,국민임대,세종,0
2024-06,지자체,국민임대,강원,0
2024-06,지자체,국민임대,충북,0
2024-06,지자체,국민임대,충남,0
2024-06,지자체,국민임대,전북,0
2024-06,지자체,국민임대,전남,0
2024-06,지자체,국민임대,경북,0
2024-06,지자체,국민임대,경남,0
2024-06,지자체,국민임대,제주,0
2024-06,지자체,공공임대,전국,0
2024-06,지자체,공공임대,서울,0
2024-06,지자체,공공임대,인천,0
2024-06,지자체,공공임대,경기,0
2024-06,지자체,공공임대,부산,0
2024-06,지자체,공공임대,대구,0
2024-06,지자체,공공임대,광주,0
2024-06,지자체,공공임대,대전,0
2024-06,지자체,공공임대,울산,0
2024-06,지자체,공공임대,세종,0
2024-06,지자체,공공임대,강원,0
2024-06,지자체,공공임대,충북,0
2024-06,지자체,공공임대,충남,0
2024-06,지자체,공공임대,전북,0
2024-06,지자체,공공임대,전남,0
2024-06,지자체,공공임대,경북,0
2024-06,지자체,공공임대,경남,0
2024-06,지자체,공공임대,제주,0
2024-06,지자체,공공분양,전국,0
2024-06,지자체,공공분양,서울,0
2024-06,지자체,공공분양,인천,0
2024-06,지자체,공공분양,경기,0
2024-06,지자체,공공분양,부산,0
2024-06,지자체,공공분양,대구,0
2024-06,지자체,공공분양,광주,0
2024-06,지자체,공공분양,대전,0
2024-06,지자체,공공분양,울산,0
2024-06,지자체,공공분양,세종,0
2024-06,지자체,공공분양,강원,0
2024-06,지자체,공공분양,충북,0
2024-06,지자체,공공분양,충남,0
2024-06,지자체,공공분양,전북,0
2024-06,지자체,공공분양,전남,0
2024-06,지자체,공공분양,경북,0
2024-06,지자체,공공분양,경남,0
2024-06,지자체,공공분양,제주,0
2024-06,LH,소계,전국,1,328
2024-06,LH,소계,서울,0
2024-06,LH,소계,인천,0
2024-06,LH,소계,경기,0
2024-06,LH,소계,부산,0
2024-06,LH,소계,대구,0
2024-06,LH,소계,광주,0
2024-06,LH,소계,대전,1,328
2024-06,LH,소계,울산,0
2024-06,LH,소계,세종,0
2024-06,LH,소계,강원,0
2024-06,LH,소계,충북,0
2024-06,LH,소계,충남,0
2024-06,LH,소계,전북,0
2024-06,LH,소계,전남,0
2024-06,LH,소계,경북,0
2024-06,LH,소계,경남,0
2024-06,LH,소계,제주,0
2024-06,LH,국민임대,전국,0
2024-06,LH,국민임대,서울,0
2024-06,LH,국민임대,인천,0
2024-06,LH,국민임대,경기,0
2024-06,LH,국민임대,부산,0
2024-06,LH,국민임대,대구,0
2024-06,LH,국민임대,광주,0
2024-06,LH,국민임대,대전,0
2024-06,LH,국민임대,울산,0
2024-06,LH,국민임대,세종,0
2024-06,LH,국민임대,강원,0
2024-06,LH,국민임대,충북,0
2024-06,LH,국민임대,충남,0
2024-06,LH,국민임대,전북,0
2024-06,LH,국민임대,전남,0
2024-06,LH,국민임대,경북,0
2024-06,LH,국민임대,경남,0
2024-06,LH,국민임대,제주,0
2024-06,LH,공공임대,전국,0
2024-06,LH,공공임대,서울,0
2024-06,LH,공공임대,인천,0
2024-06,LH,공공임대,경기,0
2024-06,LH,공공임대,부산,0
2024-06,LH,공공임대,대구,0
2024-06,LH,공공임대,광주,0
2024-06,LH,공공임대,대전,0
2024-06,LH,공공임대,울산,0
2024-06,LH,공공임대,세종,0
2024-06,LH,공공임대,강원,0
2024-06,LH,공공임대,충북,0
2024-06,LH,공공임대,충남,0
2024-06,LH,공공임대,전북,0
2024-06,LH,공공임대,전남,0
2024-06,LH,공공임대,경북,0
2024-06,LH,공공임대,경남,0
2024-06,LH,공공임대,제주,0
2024-06,LH,공공분양,전국,1,328
2024-06,LH,공공분양,서울,0
2024-06,LH,공공분양,인천,0
2024-06,LH,공공분양,경기,0
2024-06,LH,공공분양,부산,0
2024-06,LH,공공분양,대구,0
2024-06,LH,공공분양,광주,0
2024-06,LH,공공분양,대전,1,328
2024-06,LH,공공분양,울산,0
2024-06,LH,공공분양,세종,0
2024-06,LH,공공분양,강원,0
2024-06,LH,공공분양,충북,0
2024-06,LH,공공분양,충남,0
2024-06,LH,공공분양,전북,0
2024-06,LH,공공분양,전남,0
2024-06,LH,공공분양,경북,0
2024-06,LH,공공분양,경남,0
2024-06,LH,공공분양,제주,0
2024-06,주택업체,소계,전국,0
2024-06,주택업체,소계,서울,0
2024-06,주택업체,소계,인천,0
2024-06,주택업체,소계,경기,0
2024-06,주택업체,소계,부산,0
2024-06,주택업체,소계,대구,0
2024-06,주택업체,소계,광주,0
2024-06,주택업체,소계,대전,0
2024-06,주택업체,소계,울산,0
2024-06,주택업체,소계,세종,0
2024-06,주택업체,소계,강원,0
2024-06,주택업체,소계,충북,0
2024-06,주택업체,소계,충남,0
2024-06,주택업체,소계,전북,0
2024-06,주택업체,소계,전남,0
2024-06,주택업체,소계,경북,0
2024-06,주택업체,소계,경남,0
2024-06,주택업체,소계,제주,0
2024-06,주택업체,국민임대,전국,0
2024-06,주택업체,국민임대,서울,0
2024-06,주택업체,국민임대,인천,0
2024-06,주택업체,국민임대,경기,0
2024-06,주택업체,국민임대,부산,0
2024-06,주택업체,국민임대,대구,0
2024-06,주택업체,국민임대,광주,0
2024-06,주택업체,국민임대,대전,0
2024-06,주택업체,국민임대,울산,0
2024-06,주택업체,국민임대,세종,0
2024-06,주택업체,국민임대,강원,0
2024-06,주택업체,국민임대,충북,0
2024-06,주택업체,국민임대,충남,0
2024-06,주택업체,국민임대,전북,0
2024-06,주택업체,국민임대,전남,0
2024-06,주택업체,국민임대,경북,0
2024-06,주택업체,국민임대,경남,0
2024-06,주택업체,국민임대,제주,0
2024-06,주택업체,공공임대,전국,0
2024-06,주택업체,공공임대,서울,0
2024-06,주택업체,공공임대,인천,0
2024-06,주택업체,공공임대,경기,0
2024-06,주택업체,공공임대,부산,0
2024-06,주택업체,공공임대,대구,0
2024-06,주택업체,공공임대,광주,0
2024-06,주택업체,공공임대,대전,0
2024-06,주택업체,공공임대,울산,0
2024-06,주택업체,공공임대,세종,0
2024-06,주택업체,공공임대,강원,0
2024-06,주택업체,공공임대,충북,0
2024-06,주택업체,공공임대,충남,0
2024-06,주택업체,공공임대,전북,0
2024-06,주택업체,공공임대,전남,0
2024-06,주택업체,공공임대,경북,0
2024-06,주택업체,공공임대,경남,0
2024-06,주택업체,공공임대,제주,0
2024-06,주택업체,공공분양,전국,0
2024-06,주택업체,공공분양,서울,0
2024-06,주택업체,공공분양,인천,0
2024-06,주택업체,공공분양,경기,0
2024-06,주택업체,공공분양,부산,0
2024-06,주택업체,공공분양,대구,0
2024-06,주택업체,공공분양,광주,0
2024-06,주택업체,공공분양,대전,0
2024-06,주택업체,공공분양,울산,0
2024-06,주택업체,공공분양,세종,0
2024-06,주택업체,공공분양,강원,0
2024-06,주택업체,공공분양,충북,0
2024-06,주택업체,공공분양,충남,0
2024-06,주택업체,공공분양,전북,0
2024-06,주택업체,공공분양,전남,0
2024-06,주택업체,공공분양,경북,0
2024-06,주택업체,공공분양,경남,0
2024-06,주택업체,공공분양,제주,0
2024-06,민간부문,소계,전국,31,415
2024-06,민간부문,소계,서울,1,810
2024-06,민간부문,소계,인천,1,150
2024-06,민간부문,소계,경기,12,008
2024-06,민간부문,소계,부산,2,421
2024-06,민간부문,소계,대구,3,678
2024-06,민간부문,소계,광주,53
2024-06,민간부문,소계,대전,322
2024-06,민간부문,소계,울산,994
2024-06,민간부문,소계,세종,1,358
2024-06,민간부문,소계,강원,644
2024-06,민간부문,소계,충북,152
2024-06,민간부문,소계,충남,1,173
2024-06,민간부문,소계,전북,147
2024-06,민간부문,소계,전남,1,796
2024-06,민간부문,소계,경북,2,229
2024-06,민간부문,소계,경남,1,024
2024-06,민간부문,소계,제주,456
2024-06,민간,민간임대,전국,790
2024-06,민간,민간임대,서울,0
2024-06,민간,민간임대,인천,0
2024-06,민간,민간임대,경기,0
2024-06,민간,민간임대,부산,750
2024-06,민간,민간임대,대구,0
2024-06,민간,민간임대,광주,40
2024-06,민간,민간임대,대전,0
2024-06,민간,민간임대,울산,0
2024-06,민간,민간임대,세종,0
2024-06,민간,민간임대,강원,0
2024-06,민간,민간임대,충북,0
2024-06,민간,민간임대,충남,0
2024-06,민간,민간임대,전북,0
2024-06,민간,민간임대,전남,0
2024-06,민간,민간임대,경북,0
2024-06,민간,민간임대,경남,0
2024-06,민간,민간임대,제주,0
2024-06,민간,민간분양,전국,30,625
2024-06,민간,민간분양,서울,1,810
2024-06,민간,민간분양,인천,1,150
2024-06,민간,민간분양,경기,12,008
2024-06,민간,민간분양,부산,1,671
2024-06,민간,민간분양,대구,3,678
2024-06,민간,민간분양,광주,13
2024-06,민간,민간분양,대전,322
2024-06,민간,민간분양,울산,994
2024-06,민간,민간분양,세종,1,358
2024-06,민간,민간분양,강원,644
2024-06,민간,민간분양,충북,152
2024-06,민간,민간분양,충남,1,173
2024-06,민간,민간분양,전북,147
2024-06,민간,민간분양,전남,1,796
2024-06,민간,민간분양,경북,2,229
2024-06,민간,민간분양,경남,1,024
2024-06,민간,민간분양,제주,456
2024-07,총계,총계,전국,24,294
2024-07,총계,총계,서울,2,557
2024-07,총계,총계,인천,191
2024-07,총계,총계,경기,4,838
2024-07,총계,총계,부산,213
2024-07,총계,총계,대구,1,051
2024-07,총계,총계,광주,423
2024-07,총계,총계,대전,1,445
2024-07,총계,총계,울산,31
2024-07,총계,총계,세종,10
2024-07,총계,총계,강원,419
2024-07,총계,총계,충북,879
2024-07,총계,총계,충남,3,393
2024-07,총계,총계,전북,132
2024-07,총계,총계,전남,3,276
2024-07,총계,총계,경북,930
2024-07,총계,총계,경남,4,247
2024-07,총계,총계,제주,259
2024-07,공공부문,소계,전국,2,039
2024-07,공공부문,소계,서울,0
2024-07,공공부문,소계,인천,0
2024-07,공공부문,소계,경기,1,509
2024-07,공공부문,소계,부산,0
2024-07,공공부문,소계,대구,366
2024-07,공공부문,소계,광주,0
2024-07,공공부문,소계,대전,0
2024-07,공공부문,소계,울산,0
2024-07,공공부문,소계,세종,0
2024-07,공공부문,소계,강원,120
2024-07,공공부문,소계,충북,0
2024-07,공공부문,소계,충남,0
2024-07,공공부문,소계,전북,0
2024-07,공공부문,소계,전남,44
2024-07,공공부문,소계,경북,0
2024-07,공공부문,소계,경남,0
2024-07,공공부문,소계,제주,0
2024-07,합,국민임대,전국,950
2024-07,합,국민임대,서울,0
2024-07,합,국민임대,인천,0
2024-07,합,국민임대,경기,806
2024-07,합,국민임대,부산,0
2024-07,합,국민임대,대구,0
2024-07,합,국민임대,광주,0
2024-07,합,국민임대,대전,0
2024-07,합,국민임대,울산,0
2024-07,합,국민임대,세종,0
2024-07,합,국민임대,강원,100
2024-07,합,국민임대,충북,0
2024-07,합,국민임대,충남,0
2024-07,합,국민임대,전북,0
2024-07,합,국민임대,전남,44
2024-07,합,국민임대,경북,0
2024-07,합,국민임대,경남,0
2024-07,합,국민임대,제주,0
2024-07,합,공공임대,전국,292
2024-07,합,공공임대,서울,0
2024-07,합,공공임대,인천,0
2024-07,합,공공임대,경기,272
2024-07,합,공공임대,부산,0
2024-07,합,공공임대,대구,0
2024-07,합,공공임대,광주,0
2024-07,합,공공임대,대전,0
2024-07,합,공공임대,울산,0
2024-07,합,공공임대,세종,0
2024-07,합,공공임대,강원,20
2024-07,합,공공임대,충북,0
2024-07,합,공공임대,충남,0
2024-07,합,공공임대,전북,0
2024-07,합,공공임대,전남,0
2024-07,합,공공임대,경북,0
2024-07,합,공공임대,경남,0
2024-07,합,공공임대,제주,0
2024-07,합,공공분양,전국,797
2024-07,합,공공분양,서울,0
2024-07,합,공공분양,인천,0
2024-07,합,공공분양,경기,431
2024-07,합,공공분양,부산,0
2024-07,합,공공분양,대구,366
2024-07,합,공공분양,광주,0
2024-07,합,공공분양,대전,0
2024-07,합,공공분양,울산,0
2024-07,합,공공분양,세종,0
2024-07,합,공공분양,강원,0
2024-07,합,공공분양,충북,0
2024-07,합,공공분양,충남,0
2024-07,합,공공분양,전북,0
2024-07,합,공공분양,전남,0
2024-07,합,공공분양,경북,0
2024-07,합,공공분양,경남,0
2024-07,합,공공분양,제주,0
2024-07,지자체,소계,전국,0
2024-07,지자체,소계,서울,0
2024-07,지자체,소계,인천,0
2024-07,지자체,소계,경기,0
2024-07,지자체,소계,부산,0
2024-07,지자체,소계,대구,0
2024-07,지자체,소계,광주,0
2024-07,지자체,소계,대전,0
2024-07,지자체,소계,울산,0
2024-07,지자체,소계,세종,0
2024-07,지자체,소계,강원,0
2024-07,지자체,소계,충북,0
2024-07,지자체,소계,충남,0
2024-07,지자체,소계,전북,0
2024-07,지자체,소계,전남,0
2024-07,지자체,소계,경북,0
2024-07,지자체,소계,경남,0
2024-07,지자체,소계,제주,0
2024-07,지자체,국민임대,전국,0
2024-07,지자체,국민임대,서울,0
2024-07,지자체,국민임대,인천,0
2024-07,지자체,국민임대,경기,0
2024-07,지자체,국민임대,부산,0
2024-07,지자체,국민임대,대구,0
2024-07,지자체,국민임대,광주,0
2024-07,지자체,국민임대,대전,0
2024-07,지자체,국민임대,울산,0
2024-07,지자체,국민임대,세종,0
2024-07,지자체,국민임대,강원,0
2024-07,지자체,국민임대,충북,0
2024-07,지자체,국민임대,충남,0
2024-07,지자체,국민임대,전북,0
2024-07,지자체,국민임대,전남,0
2024-07,지자체,국민임대,경북,0
2024-07,지자체,국민임대,경남,0
2024-07,지자체,국민임대,제주,0
2024-07,지자체,공공임대,전국,0
2024-07,지자체,공공임대,서울,0
2024-07,지자체,공공임대,인천,0
2024-07,지자체,공공임대,경기,0
2024-07,지자체,공공임대,부산,0
2024-07,지자체,공공임대,대구,0
2024-07,지자체,공공임대,광주,0
2024-07,지자체,공공임대,대전,0
2024-07,지자체,공공임대,울산,0
2024-07,지자체,공공임대,세종,0
2024-07,지자체,공공임대,강원,0
2024-07,지자체,공공임대,충북,0
2024-07,지자체,공공임대,충남,0
2024-07,지자체,공공임대,전북,0
2024-07,지자체,공공임대,전남,0
2024-07,지자체,공공임대,경북,0
2024-07,지자체,공공임대,경남,0
2024-07,지자체,공공임대,제주,0
2024-07,지자체,공공분양,전국,0
2024-07,지자체,공공분양,서울,0
2024-07,지자체,공공분양,인천,0
2024-07,지자체,공공분양,경기,0
2024-07,지자체,공공분양,부산,0
2024-07,지자체,공공분양,대구,0
2024-07,지자체,공공분양,광주,0
2024-07,지자체,공공분양,대전,0
2024-07,지자체,공공분양,울산,0
2024-07,지자체,공공분양,세종,0
2024-07,지자체,공공분양,강원,0
2024-07,지자체,공공분양,충북,0
2024-07,지자체,공공분양,충남,0
2024-07,지자체,공공분양,전북,0
2024-07,지자체,공공분양,전남,0
2024-07,지자체,공공분양,경북,0
2024-07,지자체,공공분양,경남,0
2024-07,지자체,공공분양,제주,0
2024-07,LH,소계,전국,1,242
2024-07,LH,소계,서울,0
2024-07,LH,소계,인천,0
2024-07,LH,소계,경기,1,078
2024-07,LH,소계,부산,0
2024-07,LH,소계,대구,0
2024-07,LH,소계,광주,0
2024-07,LH,소계,대전,0
2024-07,LH,소계,울산,0
2024-07,LH,소계,세종,0
2024-07,LH,소계,강원,120
2024-07,LH,소계,충북,0
2024-07,LH,소계,충남,0
2024-07,LH,소계,전북,0
2024-07,LH,소계,전남,44
2024-07,LH,소계,경북,0
2024-07,LH,소계,경남,0
2024-07,LH,소계,제주,0
2024-07,LH,국민임대,전국,950
2024-07,LH,국민임대,서울,0
2024-07,LH,국민임대,인천,0
2024-07,LH,국민임대,경기,806
2024-07,LH,국민임대,부산,0
2024-07,LH,국민임대,대구,0
2024-07,LH,국민임대,광주,0
2024-07,LH,국민임대,대전,0
2024-07,LH,국민임대,울산,0
2024-07,LH,국민임대,세종,0
2024-07,LH,국민임대,강원,100
2024-07,LH,국민임대,충북,0
2024-07,LH,국민임대,충남,0
2024-07,LH,국민임대,전북,0
2024-07,LH,국민임대,전남,44
2024-07,LH,국민임대,경북,0
2024-07,LH,국민임대,경남,0
2024-07,LH,국민임대,제주,0
2024-07,LH,공공임대,전국,292
2024-07,LH,공공임대,서울,0
2024-07,LH,공공임대,인천,0
2024-07,LH,공공임대,경기,272
2024-07,LH,공공임대,부산,0
2024-07,LH,공공임대,대구,0
2024-07,LH,공공임대,광주,0
2024-07,LH,공공임대,대전,0
2024-07,LH,공공임대,울산,0
2024-07,LH,공공임대,세종,0
2024-07,LH,공공임대,강원,20
2024-07,LH,공공임대,충북,0
2024-07,LH,공공임대,충남,0
2024-07,LH,공공임대,전북,0
2024-07,LH,공공임대,전남,0
2024-07,LH,공공임대,경북,0
2024-07,LH,공공임대,경남,0
2024-07,LH,공공임대,제주,0
2024-07,LH,공공분양,전국,0
2024-07,LH,공공분양,서울,0
2024-07,LH,공공분양,인천,0
2024-07,LH,공공분양,경기,0
2024-07,LH,공공분양,부산,0
2024-07,LH,공공분양,대구,0
2024-07,LH,공공분양,광주,0
2024-07,LH,공공분양,대전,0
2024-07,LH,공공분양,울산,0
2024-07,LH,공공분양,세종,0
2024-07,LH,공공분양,강원,0
2024-07,LH,공공분양,충북,0
2024-07,LH,공공분양,충남,0
2024-07,LH,공공분양,전북,0
2024-07,LH,공공분양,전남,0
2024-07,LH,공공분양,경북,0
2024-07,LH,공공분양,경남,0
2024-07,LH,공공분양,제주,0
2024-07,주택업체,소계,전국,797
2024-07,주택업체,소계,서울,0
2024-07,주택업체,소계,인천,0
2024-07,주택업체,소계,경기,431
2024-07,주택업체,소계,부산,0
2024-07,주택업체,소계,대구,366
2024-07,주택업체,소계,광주,0
2024-07,주택업체,소계,대전,0
2024-07,주택업체,소계,울산,0
2024-07,주택업체,소계,세종,0
2024-07,주택업체,소계,강원,0
2024-07,주택업체,소계,충북,0
2024-07,주택업체,소계,충남,0
2024-07,주택업체,소계,전북,0
2024-07,주택업체,소계,전남,0
2024-07,주택업체,소계,경북,0
2024-07,주택업체,소계,경남,0
2024-07,주택업체,소계,제주,0
2024-07,주택업체,국민임대,전국,0
2024-07,주택업체,국민임대,서울,0
2024-07,주택업체,국민임대,인천,0
2024-07,주택업체,국민임대,경기,0
2024-07,주택업체,국민임대,부산,0
2024-07,주택업체,국민임대,대구,0
2024-07,주택업체,국민임대,광주,0
2024-07,주택업체,국민임대,대전,0
2024-07,주택업체,국민임대,울산,0
2024-07,주택업체,국민임대,세종,0
2024-07,주택업체,국민임대,강원,0
2024-07,주택업체,국민임대,충북,0
2024-07,주택업체,국민임대,충남,0
2024-07,주택업체,국민임대,전북,0
2024-07,주택업체,국민임대,전남,0
2024-07,주택업체,국민임대,경북,0
2024-07,주택업체,국민임대,경남,0
2024-07,주택업체,국민임대,제주,0
2024-07,주택업체,공공임대,전국,0
2024-07,주택업체,공공임대,서울,0
2024-07,주택업체,공공임대,인천,0
2024-07,주택업체,공공임대,경기,0
2024-07,주택업체,공공임대,부산,0
2024-07,주택업체,공공임대,대구,0
2024-07,주택업체,공공임대,광주,0
2024-07,주택업체,공공임대,대전,0
2024-07,주택업체,공공임대,울산,0
2024-07,주택업체,공공임대,세종,0
2024-07,주택업체,공공임대,강원,0
2024-07,주택업체,공공임대,충북,0
2024-07,주택업체,공공임대,충남,0
2024-07,주택업체,공공임대,전북,0
2024-07,주택업체,공공임대,전남,0
2024-07,주택업체,공공임대,경북,0
2024-07,주택업체,공공임대,경남,0
2024-07,주택업체,공공임대,제주,0
2024-07,주택업체,공공분양,전국,797
2024-07,주택업체,공공분양,서울,0
2024-07,주택업체,공공분양,인천,0
2024-07,주택업체,공공분양,경기,431
2024-07,주택업체,공공분양,부산,0
2024-07,주택업체,공공분양,대구,366
2024-07,주택업체,공공분양,광주,0
2024-07,주택업체,공공분양,대전,0
2024-07,주택업체,공공분양,울산,0
2024-07,주택업체,공공분양,세종,0
2024-07,주택업체,공공분양,강원,0
2024-07,주택업체,공공분양,충북,0
2024-07,주택업체,공공분양,충남,0
2024-07,주택업체,공공분양,전북,0
2024-07,주택업체,공공분양,전남,0
2024-07,주택업체,공공분양,경북,0
2024-07,주택업체,공공분양,경남,0
2024-07,주택업체,공공분양,제주,0
2024-07,민간부문,소계,전국,22,255
2024-07,민간부문,소계,서울,2,557
2024-07,민간부문,소계,인천,191
2024-07,민간부문,소계,경기,3,329
2024-07,민간부문,소계,부산,213
2024-07,민간부문,소계,대구,685
2024-07,민간부문,소계,광주,423
2024-07,민간부문,소계,대전,1,445
2024-07,민간부문,소계,울산,31
2024-07,민간부문,소계,세종,10
2024-07,민간부문,소계,강원,299
2024-07,민간부문,소계,충북,879
2024-07,민간부문,소계,충남,3,393
2024-07,민간부문,소계,전북,132
2024-07,민간부문,소계,전남,3,232
2024-07,민간부문,소계,경북,930
2024-07,민간부문,소계,경남,4,247
2024-07,민간부문,소계,제주,259
2024-07,민간,민간임대,전국,1,766
2024-07,민간,민간임대,서울,0
2024-07,민간,민간임대,인천,0
2024-07,민간,민간임대,경기,1,240
2024-07,민간,민간임대,부산,0
2024-07,민간,민간임대,대구,0
2024-07,민간,민간임대,광주,0
2024-07,민간,민간임대,대전,0
2024-07,민간,민간임대,울산,0
2024-07,민간,민간임대,세종,0
2024-07,민간,민간임대,강원,0
2024-07,민간,민간임대,충북,0
2024-07,민간,민간임대,충남,0
2024-07,민간,민간임대,전북,0
2024-07,민간,민간임대,전남,526
2024-07,민간,민간임대,경북,0
2024-07,민간,민간임대,경남,0
2024-07,민간,민간임대,제주,0
2024-07,민간,민간분양,전국,20,489
2024-07,민간,민간분양,서울,2,557
2024-07,민간,민간분양,인천,191
2024-07,민간,민간분양,경기,2,089
2024-07,민간,민간분양,부산,213
2024-07,민간,민간분양,대구,685
2024-07,민간,민간분양,광주,423
2024-07,민간,민간분양,대전,1,445
2024-07,민간,민간분양,울산,31
2024-07,민간,민간분양,세종,10
2024-07,민간,민간분양,강원,299
2024-07,민간,민간분양,충북,879
2024-07,민간,민간분양,충남,3,393
2024-07,민간,민간분양,전북,132
2024-07,민간,민간분양,전남,2,706
2024-07,민간,민간분양,경북,930
2024-07,민간,민간분양,경남,4,247
2024-07,민간,민간분양,제주,259
2024-08,총계,총계,전국,42,391
2024-08,총계,총계,서울,2,432
2024-08,총계,총계,인천,2,472
2024-08,총계,총계,경기,22,835
2024-08,총계,총계,부산,1,664
2024-08,총계,총계,대구,2,223
2024-08,총계,총계,광주,196
2024-08,총계,총계,대전,1,047
2024-08,총계,총계,울산,290
2024-08,총계,총계,세종,29
2024-08,총계,총계,강원,370
2024-08,총계,총계,충북,1,791
2024-08,총계,총계,충남,1,382
2024-08,총계,총계,전북,1,729
2024-08,총계,총계,전남,320
2024-08,총계,총계,경북,1,662
2024-08,총계,총계,경남,1,229
2024-08,총계,총계,제주,720
2024-08,공공부문,소계,전국,4,676
2024-08,공공부문,소계,서울,40
2024-08,공공부문,소계,인천,0
2024-08,공공부문,소계,경기,3,942
2024-08,공공부문,소계,부산,0
2024-08,공공부문,소계,대구,51
2024-08,공공부문,소계,광주,0
2024-08,공공부문,소계,대전,0
2024-08,공공부문,소계,울산,0
2024-08,공공부문,소계,세종,0
2024-08,공공부문,소계,강원,160
2024-08,공공부문,소계,충북,0
2024-08,공공부문,소계,충남,0
2024-08,공공부문,소계,전북,0
2024-08,공공부문,소계,전남,88
2024-08,공공부문,소계,경북,0
2024-08,공공부문,소계,경남,395
2024-08,공공부문,소계,제주,0
2024-08,합,국민임대,전국,160
2024-08,합,국민임대,서울,0
2024-08,합,국민임대,인천,0
2024-08,합,국민임대,경기,0
2024-08,합,국민임대,부산,0
2024-08,합,국민임대,대구,0
2024-08,합,국민임대,광주,0
2024-08,합,국민임대,대전,0
2024-08,합,국민임대,울산,0
2024-08,합,국민임대,세종,0
2024-08,합,국민임대,강원,120
2024-08,합,국민임대,충북,0
2024-08,합,국민임대,충남,0
2024-08,합,국민임대,전북,0
2024-08,합,국민임대,전남,40
2024-08,합,국민임대,경북,0
2024-08,합,국민임대,경남,0
2024-08,합,국민임대,제주,0
2024-08,합,공공임대,전국,1,886
2024-08,합,공공임대,서울,40
2024-08,합,공공임대,인천,0
2024-08,합,공공임대,경기,1,575
2024-08,합,공공임대,부산,0
2024-08,합,공공임대,대구,51
2024-08,합,공공임대,광주,0
2024-08,합,공공임대,대전,0
2024-08,합,공공임대,울산,0
2024-08,합,공공임대,세종,0
2024-08,합,공공임대,강원,40
2024-08,합,공공임대,충북,0
2024-08,합,공공임대,충남,0
2024-08,합,공공임대,전북,0
2024-08,합,공공임대,전남,48
2024-08,합,공공임대,경북,0
2024-08,합,공공임대,경남,132
2024-08,합,공공임대,제주,0
2024-08,합,공공분양,전국,2,630
2024-08,합,공공분양,서울,0
2024-08,합,공공분양,인천,0
2024-08,합,공공분양,경기,2,367
2024-08,합,공공분양,부산,0
2024-08,합,공공분양,대구,0
2024-08,합,공공분양,광주,0
2024-08,합,공공분양,대전,0
2024-08,합,공공분양,울산,0
2024-08,합,공공분양,세종,0
2024-08,합,공공분양,강원,0
2024-08,합,공공분양,충북,0
2024-08,합,공공분양,충남,0
2024-08,합,공공분양,전북,0
2024-08,합,공공분양,전남,0
2024-08,합,공공분양,경북,0
2024-08,합,공공분양,경남,263
2024-08,합,공공분양,제주,0
2024-08,지자체,소계,전국,0
2024-08,지자체,소계,서울,0
2024-08,지자체,소계,인천,0
2024-08,지자체,소계,경기,0
2024-08,지자체,소계,부산,0
2024-08,지자체,소계,대구,0
2024-08,지자체,소계,광주,0
2024-08,지자체,소계,대전,0
2024-08,지자체,소계,울산,0
2024-08,지자체,소계,세종,0
2024-08,지자체,소계,강원,0
2024-08,지자체,소계,충북,0
2024-08,지자체,소계,충남,0
2024-08,지자체,소계,전북,0
2024-08,지자체,소계,전남,0
2024-08,지자체,소계,경북,0
2024-08,지자체,소계,경남,0
2024-08,지자체,소계,제주,0
2024-08,지자체,국민임대,전국,0
2024-08,지자체,국민임대,서울,0
2024-08,지자체,국민임대,인천,0
2024-08,지자체,국민임대,경기,0
2024-08,지자체,국민임대,부산,0
2024-08,지자체,국민임대,대구,0
2024-08,지자체,국민임대,광주,0
2024-08,지자체,국민임대,대전,0
2024-08,지자체,국민임대,울산,0
2024-08,지자체,국민임대,세종,0
2024-08,지자체,국민임대,강원,0
2024-08,지자체,국민임대,충북,0
2024-08,지자체,국민임대,충남,0
2024-08,지자체,국민임대,전북,0
2024-08,지자체,국민임대,전남,0
2024-08,지자체,국민임대,경북,0
2024-08,지자체,국민임대,경남,0
2024-08,지자체,국민임대,제주,0
2024-08,지자체,공공임대,전국,0
2024-08,지자체,공공임대,서울,0
2024-08,지자체,공공임대,인천,0
2024-08,지자체,공공임대,경기,0
2024-08,지자체,공공임대,부산,0
2024-08,지자체,공공임대,대구,0
2024-08,지자체,공공임대,광주,0
2024-08,지자체,공공임대,대전,0
2024-08,지자체,공공임대,울산,0
2024-08,지자체,공공임대,세종,0
2024-08,지자체,공공임대,강원,0
2024-08,지자체,공공임대,충북,0
2024-08,지자체,공공임대,충남,0
2024-08,지자체,공공임대,전북,0
2024-08,지자체,공공임대,전남,0
2024-08,지자체,공공임대,경북,0
2024-08,지자체,공공임대,경남,0
2024-08,지자체,공공임대,제주,0
2024-08,지자체,공공분양,전국,0
2024-08,지자체,공공분양,서울,0
2024-08,지자체,공공분양,인천,0
2024-08,지자체,공공분양,경기,0
2024-08,지자체,공공분양,부산,0
2024-08,지자체,공공분양,대구,0
2024-08,지자체,공공분양,광주,0
2024-08,지자체,공공분양,대전,0
2024-08,지자체,공공분양,울산,0
2024-08,지자체,공공분양,세종,0
2024-08,지자체,공공분양,강원,0
2024-08,지자체,공공분양,충북,0
2024-08,지자체,공공분양,충남,0
2024-08,지자체,공공분양,전북,0
2024-08,지자체,공공분양,전남,0
2024-08,지자체,공공분양,경북,0
2024-08,지자체,공공분양,경남,0
2024-08,지자체,공공분양,제주,0
2024-08,LH,소계,전국,2,933
2024-08,LH,소계,서울,0
2024-08,LH,소계,인천,0
2024-08,LH,소계,경기,2,290
2024-08,LH,소계,부산,0
2024-08,LH,소계,대구,0
2024-08,LH,소계,광주,0
2024-08,LH,소계,대전,0
2024-08,LH,소계,울산,0
2024-08,LH,소계,세종,0
2024-08,LH,소계,강원,160
2024-08,LH,소계,충북,0
2024-08,LH,소계,충남,0
2024-08,LH,소계,전북,0
2024-08,LH,소계,전남,88
2024-08,LH,소계,경북,0
2024-08,LH,소계,경남,395
2024-08,LH,소계,제주,0
2024-08,LH,국민임대,전국,160
2024-08,LH,국민임대,서울,0
2024-08,LH,국민임대,인천,0
2024-08,LH,국민임대,경기,0
2024-08,LH,국민임대,부산,0
2024-08,LH,국민임대,대구,0
2024-08,LH,국민임대,광주,0
2024-08,LH,국민임대,대전,0
2024-08,LH,국민임대,울산,0
2024-08,LH,국민임대,세종,0
2024-08,LH,국민임대,강원,120
2024-08,LH,국민임대,충북,0
2024-08,LH,국민임대,충남,0
2024-08,LH,국민임대,전북,0
2024-08,LH,국민임대,전남,40
2024-08,LH,국민임대,경북,0
2024-08,LH,국민임대,경남,0
2024-08,LH,국민임대,제주,0
2024-08,LH,공공임대,전국,983
2024-08,LH,공공임대,서울,0
2024-08,LH,공공임대,인천,0
2024-08,LH,공공임대,경기,763
2024-08,LH,공공임대,부산,0
2024-08,LH,공공임대,대구,0
2024-08,LH,공공임대,광주,0
2024-08,LH,공공임대,대전,0
2024-08,LH,공공임대,울산,0
2024-08,LH,공공임대,세종,0
2024-08,LH,공공임대,강원,40
2024-08,LH,공공임대,충북,0
2024-08,LH,공공임대,충남,0
2024-08,LH,공공임대,전북,0
2024-08,LH,공공임대,전남,48
2024-08,LH,공공임대,경북,0
2024-08,LH,공공임대,경남,132
2024-08,LH,공공임대,제주,0
2024-08,LH,공공분양,전국,1,790
2024-08,LH,공공분양,서울,0
2024-08,LH,공공분양,인천,0
2024-08,LH,공공분양,경기,1,527
2024-08,LH,공공분양,부산,0
2024-08,LH,공공분양,대구,0
2024-08,LH,공공분양,광주,0
2024-08,LH,공공분양,대전,0
2024-08,LH,공공분양,울산,0
2024-08,LH,공공분양,세종,0
2024-08,LH,공공분양,강원,0
2024-08,LH,공공분양,충북,0
2024-08,LH,공공분양,충남,0
2024-08,LH,공공분양,전북,0
2024-08,LH,공공분양,전남,0
2024-08,LH,공공분양,경북,0
2024-08,LH,공공분양,경남,263
2024-08,LH,공공분양,제주,0
2024-08,주택업체,소계,전국,1,743
2024-08,주택업체,소계,서울,40
2024-08,주택업체,소계,인천,0
2024-08,주택업체,소계,경기,1,652
2024-08,주택업체,소계,부산,0
2024-08,주택업체,소계,대구,51
2024-08,주택업체,소계,광주,0
2024-08,주택업체,소계,대전,0
2024-08,주택업체,소계,울산,0
2024-08,주택업체,소계,세종,0
2024-08,주택업체,소계,강원,0
2024-08,주택업체,소계,충북,0
2024-08,주택업체,소계,충남,0
2024-08,주택업체,소계,전북,0
2024-08,주택업체,소계,전남,0
2024-08,주택업체,소계,경북,0
2024-08,주택업체,소계,경남,0
2024-08,주택업체,소계,제주,0
2024-08,주택업체,국민임대,전국,0
2024-08,주택업체,국민임대,서울,0
2024-08,주택업체,국민임대,인천,0
2024-08,주택업체,국민임대,경기,0
2024-08,주택업체,국민임대,부산,0
2024-08,주택업체,국민임대,대구,0
2024-08,주택업체,국민임대,광주,0
2024-08,주택업체,국민임대,대전,0
2024-08,주택업체,국민임대,울산,0
2024-08,주택업체,국민임대,세종,0
2024-08,주택업체,국민임대,강원,0
2024-08,주택업체,국민임대,충북,0
2024-08,주택업체,국민임대,충남,0
2024-08,주택업체,국민임대,전북,0
2024-08,주택업체,국민임대,전남,0
2024-08,주택업체,국민임대,경북,0
2024-08,주택업체,국민임대,경남,0
2024-08,주택업체,국민임대,제주,0
2024-08,주택업체,공공임대,전국,903
2024-08,주택업체,공공임대,서울,40
2024-08,주택업체,공공임대,인천,0
2024-08,주택업체,공공임대,경기,812
2024-08,주택업체,공공임대,부산,0
2024-08,주택업체,공공임대,대구,51
2024-08,주택업체,공공임대,광주,0
2024-08,주택업체,공공임대,대전,0
2024-08,주택업체,공공임대,울산,0
2024-08,주택업체,공공임대,세종,0
2024-08,주택업체,공공임대,강원,0
2024-08,주택업체,공공임대,충북,0
2024-08,주택업체,공공임대,충남,0
2024-08,주택업체,공공임대,전북,0
2024-08,주택업체,공공임대,전남,0
2024-08,주택업체,공공임대,경북,0
2024-08,주택업체,공공임대,경남,0
2024-08,주택업체,공공임대,제주,0
2024-08,주택업체,공공분양,전국,840
2024-08,주택업체,공공분양,서울,0
2024-08,주택업체,공공분양,인천,0
2024-08,주택업체,공공분양,경기,840
2024-08,주택업체,공공분양,부산,0
2024-08,주택업체,공공분양,대구,0
2024-08,주택업체,공공분양,광주,0
2024-08,주택업체,공공분양,대전,0
2024-08,주택업체,공공분양,울산,0
2024-08,주택업체,공공분양,세종,0
2024-08,주택업체,공공분양,강원,0
2024-08,주택업체,공공분양,충북,0
2024-08,주택업체,공공분양,충남,0
2024-08,주택업체,공공분양,전북,0
2024-08,주택업체,공공분양,전남,0
2024-08,주택업체,공공분양,경북,0
2024-08,주택업체,공공분양,경남,0
2024-08,주택업체,공공분양,제주,0
2024-08,민간부문,소계,전국,37,715
2024-08,민간부문,소계,서울,2,392
2024-08,민간부문,소계,인천,2,472
2024-08,민간부문,소계,경기,18,893
2024-08,민간부문,소계,부산,1,664
2024-08,민간부문,소계,대구,2,172
2024-08,민간부문,소계,광주,196
2024-08,민간부문,소계,대전,1,047
2024-08,민간부문,소계,울산,290
2024-08,민간부문,소계,세종,29
2024-08,민간부문,소계,강원,210
2024-08,민간부문,소계,충북,1,791
2024-08,민간부문,소계,충남,1,382
2024-08,민간부문,소계,전북,1,729
2024-08,민간부문,소계,전남,232
2024-08,민간부문,소계,경북,1,662
2024-08,민간부문,소계,경남,834
2024-08,민간부문,소계,제주,720
2024-08,민간,민간임대,전국,1,440
2024-08,민간,민간임대,서울,413
2024-08,민간,민간임대,인천,0
2024-08,민간,민간임대,경기,0
2024-08,민간,민간임대,부산,0
2024-08,민간,민간임대,대구,108
2024-08,민간,민간임대,광주,0
2024-08,민간,민간임대,대전,0
2024-08,민간,민간임대,울산,0
2024-08,민간,민간임대,세종,0
2024-08,민간,민간임대,강원,0
2024-08,민간,민간임대,충북,919
2024-08,민간,민간임대,충남,0
2024-08,민간,민간임대,전북,0
2024-08,민간,민간임대,전남,0
2024-08,민간,민간임대,경북,0
2024-08,민간,민간임대,경남,0
2024-08,민간,민간임대,제주,0
2024-08,민간,민간분양,전국,36,275
2024-08,민간,민간분양,서울,1,979
2024-08,민간,민간분양,인천,2,472
2024-08,민간,민간분양,경기,18,893
2024-08,민간,민간분양,부산,1,664
2024-08,민간,민간분양,대구,2,064
2024-08,민간,민간분양,광주,196
2024-08,민간,민간분양,대전,1,047
2024-08,민간,민간분양,울산,290
2024-08,민간,민간분양,세종,29
2024-08,민간,민간분양,강원,210
2024-08,민간,민간분양,충북,872
2024-08,민간,민간분양,충남,1,382
2024-08,민간,민간분양,전북,1,729
2024-08,민간,민간분양,전남,232
2024-08,민간,민간분양,경북,1,662
2024-08,민간,민간분양,경남,834
2024-08,민간,민간분양,제주,720
2024-09,총계,총계,전국,35,952
2024-09,총계,총계,서울,2,116
2024-09,총계,총계,인천,8,321
2024-09,총계,총계,경기,7,780
2024-09,총계,총계,부산,6,323
2024-09,총계,총계,대구,2,024
2024-09,총계,총계,광주,589
2024-09,총계,총계,대전,645
2024-09,총계,총계,울산,623
2024-09,총계,총계,세종,669
2024-09,총계,총계,강원,360
2024-09,총계,총계,충북,170
2024-09,총계,총계,충남,2,154
2024-09,총계,총계,전북,2,587
2024-09,총계,총계,전남,352
2024-09,총계,총계,경북,828
2024-09,총계,총계,경남,161
2024-09,총계,총계,제주,250
2024-09,공공부문,소계,전국,2,046
2024-09,공공부문,소계,서울,131
2024-09,공공부문,소계,인천,1,535
2024-09,공공부문,소계,경기,136
2024-09,공공부문,소계,부산,0
2024-09,공공부문,소계,대구,0
2024-09,공공부문,소계,광주,0
2024-09,공공부문,소계,대전,46
2024-09,공공부문,소계,울산,0
2024-09,공공부문,소계,세종,0
2024-09,공공부문,소계,강원,100
2024-09,공공부문,소계,충북,0
2024-09,공공부문,소계,충남,0
2024-09,공공부문,소계,전북,0
2024-09,공공부문,소계,전남,0
2024-09,공공부문,소계,경북,98
2024-09,공공부문,소계,경남,0
2024-09,공공부문,소계,제주,0
2024-09,합,국민임대,전국,80
2024-09,합,국민임대,서울,0
2024-09,합,국민임대,인천,0
2024-09,합,국민임대,경기,0
2024-09,합,국민임대,부산,0
2024-09,합,국민임대,대구,0
2024-09,합,국민임대,광주,0
2024-09,합,국민임대,대전,0
2024-09,합,국민임대,울산,0
2024-09,합,국민임대,세종,0
2024-09,합,국민임대,강원,80
2024-09,합,국민임대,충북,0
2024-09,합,국민임대,충남,0
2024-09,합,국민임대,전북,0
2024-09,합,국민임대,전남,0
2024-09,합,국민임대,경북,0
2024-09,합,국민임대,경남,0
2024-09,합,국민임대,제주,0
2024-09,합,공공임대,전국,431
2024-09,합,공공임대,서울,131
2024-09,합,공공임대,인천,0
2024-09,합,공공임대,경기,136
2024-09,합,공공임대,부산,0
2024-09,합,공공임대,대구,0
2024-09,합,공공임대,광주,0
2024-09,합,공공임대,대전,46
2024-09,합,공공임대,울산,0
2024-09,합,공공임대,세종,0
2024-09,합,공공임대,강원,20
2024-09,합,공공임대,충북,0
2024-09,합,공공임대,충남,0
2024-09,합,공공임대,전북,0
2024-09,합,공공임대,전남,0
2024-09,합,공공임대,경북,98
2024-09,합,공공임대,경남,0
2024-09,합,공공임대,제주,0
2024-09,합,공공분양,전국,1,535
2024-09,합,공공분양,서울,0
2024-09,합,공공분양,인천,1,535
2024-09,합,공공분양,경기,0
2024-09,합,공공분양,부산,0
2024-09,합,공공분양,대구,0
2024-09,합,공공분양,광주,0
2024-09,합,공공분양,대전,0
2024-09,합,공공분양,울산,0
2024-09,합,공공분양,세종,0
2024-09,합,공공분양,강원,0
2024-09,합,공공분양,충북,0
2024-09,합,공공분양,충남,0
2024-09,합,공공분양,전북,0
2024-09,합,공공분양,전남,0
2024-09,합,공공분양,경북,0
2024-09,합,공공분양,경남,0
2024-09,합,공공분양,제주,0
2024-09,지자체,소계,전국,0
2024-09,지자체,소계,서울,0
2024-09,지자체,소계,인천,0
2024-09,지자체,소계,경기,0
2024-09,지자체,소계,부산,0
2024-09,지자체,소계,대구,0
2024-09,지자체,소계,광주,0
2024-09,지자체,소계,대전,0
2024-09,지자체,소계,울산,0
2024-09,지자체,소계,세종,0
2024-09,지자체,소계,강원,0
2024-09,지자체,소계,충북,0
2024-09,지자체,소계,충남,0
2024-09,지자체,소계,전북,0
2024-09,지자체,소계,전남,0
2024-09,지자체,소계,경북,0
2024-09,지자체,소계,경남,0
2024-09,지자체,소계,제주,0
2024-09,지자체,국민임대,전국,0
2024-09,지자체,국민임대,서울,0
2024-09,지자체,국민임대,인천,0
2024-09,지자체,국민임대,경기,0
2024-09,지자체,국민임대,부산,0
2024-09,지자체,국민임대,대구,0
2024-09,지자체,국민임대,광주,0
2024-09,지자체,국민임대,대전,0
2024-09,지자체,국민임대,울산,0
2024-09,지자체,국민임대,세종,0
2024-09,지자체,국민임대,강원,0
2024-09,지자체,국민임대,충북,0
2024-09,지자체,국민임대,충남,0
2024-09,지자체,국민임대,전북,0
2024-09,지자체,국민임대,전남,0
2024-09,지자체,국민임대,경북,0
2024-09,지자체,국민임대,경남,0
2024-09,지자체,국민임대,제주,0
2024-09,지자체,공공임대,전국,0
2024-09,지자체,공공임대,서울,0
2024-09,지자체,공공임대,인천,0
2024-09,지자체,공공임대,경기,0
2024-09,지자체,공공임대,부산,0
2024-09,지자체,공공임대,대구,0
2024-09,지자체,공공임대,광주,0
2024-09,지자체,공공임대,대전,0
2024-09,지자체,공공임대,울산,0
2024-09,지자체,공공임대,세종,0
2024-09,지자체,공공임대,강원,0
2024-09,지자체,공공임대,충북,0
2024-09,지자체,공공임대,충남,0
2024-09,지자체,공공임대,전북,0
2024-09,지자체,공공임대,전남,0
2024-09,지자체,공공임대,경북,0
2024-09,지자체,공공임대,경남,0
2024-09,지자체,공공임대,제주,0
2024-09,지자체,공공분양,전국,0
2024-09,지자체,공공분양,서울,0
2024-09,지자체,공공분양,인천,0
2024-09,지자체,공공분양,경기,0
2024-09,지자체,공공분양,부산,0
2024-09,지자체,공공분양,대구,0
2024-09,지자체,공공분양,광주,0
2024-09,지자체,공공분양,대전,0
2024-09,지자체,공공분양,울산,0
2024-09,지자체,공공분양,세종,0
2024-09,지자체,공공분양,강원,0
2024-09,지자체,공공분양,충북,0
2024-09,지자체,공공분양,충남,0
2024-09,지자체,공공분양,전북,0
2024-09,지자체,공공분양,전남,0
2024-09,지자체,공공분양,경북,0
2024-09,지자체,공공분양,경남,0
2024-09,지자체,공공분양,제주,0
2024-09,LH,소계,전국,428
2024-09,LH,소계,서울,94
2024-09,LH,소계,인천,0
2024-09,LH,소계,경기,136
2024-09,LH,소계,부산,0
2024-09,LH,소계,대구,0
2024-09,LH,소계,광주,0
2024-09,LH,소계,대전,0
2024-09,LH,소계,울산,0
2024-09,LH,소계,세종,0
2024-09,LH,소계,강원,100
2024-09,LH,소계,충북,0
2024-09,LH,소계,충남,0
2024-09,LH,소계,전북,0
2024-09,LH,소계,전남,0
2024-09,LH,소계,경북,98
2024-09,LH,소계,경남,0
2024-09,LH,소계,제주,0
2024-09,LH,국민임대,전국,80
2024-09,LH,국민임대,서울,0
2024-09,LH,국민임대,인천,0
2024-09,LH,국민임대,경기,0
2024-09,LH,국민임대,부산,0
2024-09,LH,국민임대,대구,0
2024-09,LH,국민임대,광주,0
2024-09,LH,국민임대,대전,0
2024-09,LH,국민임대,울산,0
2024-09,LH,국민임대,세종,0
2024-09,LH,국민임대,강원,80
2024-09,LH,국민임대,충북,0
2024-09,LH,국민임대,충남,0
2024-09,LH,국민임대,전북,0
2024-09,LH,국민임대,전남,0
2024-09,LH,국민임대,경북,0
2024-09,LH,국민임대,경남,0
2024-09,LH,국민임대,제주,0
2024-09,LH,공공임대,전국,348
2024-09,LH,공공임대,서울,94
2024-09,LH,공공임대,인천,0
2024-09,LH,공공임대,경기,136
2024-09,LH,공공임대,부산,0
2024-09,LH,공공임대,대구,0
2024-09,LH,공공임대,광주,0
2024-09,LH,공공임대,대전,0
2024-09,LH,공공임대,울산,0
2024-09,LH,공공임대,세종,0
2024-09,LH,공공임대,강원,20
2024-09,LH,공공임대,충북,0
2024-09,LH,공공임대,충남,0
2024-09,LH,공공임대,전북,0
2024-09,LH,공공임대,전남,0
2024-09,LH,공공임대,경북,98
2024-09,LH,공공임대,경남,0
2024-09,LH,공공임대,제주,0
2024-09,LH,공공분양,전국,0
2024-09,LH,공공분양,서울,0
2024-09,LH,공공분양,인천,0
2024-09,LH,공공분양,경기,0
2024-09,LH,공공분양,부산,0
2024-09,LH,공공분양,대구,0
2024-09,LH,공공분양,광주,0
2024-09,LH,공공분양,대전,0
2024-09,LH,공공분양,울산,0
2024-09,LH,공공분양,세종,0
2024-09,LH,공공분양,강원,0
2024-09,LH,공공분양,충북,0
2024-09,LH,공공분양,충남,0
2024-09,LH,공공분양,전북,0
2024-09,LH,공공분양,전남,0
2024-09,LH,공공분양,경북,0
2024-09,LH,공공분양,경남,0
2024-09,LH,공공분양,제주,0
2024-09,주택업체,소계,전국,1,618
2024-09,주택업체,소계,서울,37
2024-09,주택업체,소계,인천,1,535
2024-09,주택업체,소계,경기,0
2024-09,주택업체,소계,부산,0
2024-09,주택업체,소계,대구,0
2024-09,주택업체,소계,광주,0
2024-09,주택업체,소계,대전,46
2024-09,주택업체,소계,울산,0
2024-09,주택업체,소계,세종,0
2024-09,주택업체,소계,강원,0
2024-09,주택업체,소계,충북,0
2024-09,주택업체,소계,충남,0
2024-09,주택업체,소계,전북,0
2024-09,주택업체,소계,전남,0
2024-09,주택업체,소계,경북,0
2024-09,주택업체,소계,경남,0
2024-09,주택업체,소계,제주,0
2024-09,주택업체,국민임대,전국,0
2024-09,주택업체,국민임대,서울,0
2024-09,주택업체,국민임대,인천,0
2024-09,주택업체,국민임대,경기,0
2024-09,주택업체,국민임대,부산,0
2024-09,주택업체,국민임대,대구,0
2024-09,주택업체,국민임대,광주,0
2024-09,주택업체,국민임대,대전,0
2024-09,주택업체,국민임대,울산,0
2024-09,주택업체,국민임대,세종,0
2024-09,주택업체,국민임대,강원,0
2024-09,주택업체,국민임대,충북,0
2024-09,주택업체,국민임대,충남,0
2024-09,주택업체,국민임대,전북,0
2024-09,주택업체,국민임대,전남,0
2024-09,주택업체,국민임대,경북,0
2024-09,주택업체,국민임대,경남,0
2024-09,주택업체,국민임대,제주,0
2024-09,주택업체,공공임대,전국,83
2024-09,주택업체,공공임대,서울,37
2024-09,주택업체,공공임대,인천,0
2024-09,주택업체,공공임대,경기,0
2024-09,주택업체,공공임대,부산,0
2024-09,주택업체,공공임대,대구,0
2024-09,주택업체,공공임대,광주,0
2024-09,주택업체,공공임대,대전,46
2024-09,주택업체,공공임대,울산,0
2024-09,주택업체,공공임대,세종,0
2024-09,주택업체,공공임대,강원,0
2024-09,주택업체,공공임대,충북,0
2024-09,주택업체,공공임대,충남,0
2024-09,주택업체,공공임대,전북,0
2024-09,주택업체,공공임대,전남,0
2024-09,주택업체,공공임대,경북,0
2024-09,주택업체,공공임대,경남,0
2024-09,주택업체,공공임대,제주,0
2024-09,주택업체,공공분양,전국,1,535
2024-09,주택업체,공공분양,서울,0
2024-09,주택업체,공공분양,인천,1,535
2024-09,주택업체,공공분양,경기,0
2024-09,주택업체,공공분양,부산,0
2024-09,주택업체,공공분양,대구,0
2024-09,주택업체,공공분양,광주,0
2024-09,주택업체,공공분양,대전,0
2024-09,주택업체,공공분양,울산,0
2024-09,주택업체,공공분양,세종,0
2024-09,주택업체,공공분양,강원,0
2024-09,주택업체,공공분양,충북,0
2024-09,주택업체,공공분양,충남,0
2024-09,주택업체,공공분양,전북,0
2024-09,주택업체,공공분양,전남,0
2024-09,주택업체,공공분양,경북,0
2024-09,주택업체,공공분양,경남,0
2024-09,주택업체,공공분양,제주,0
2024-09,민간부문,소계,전국,33,906
2024-09,민간부문,소계,서울,1,985
2024-09,민간부문,소계,인천,6,786
2024-09,민간부문,소계,경기,7,644
2024-09,민간부문,소계,부산,6,323
2024-09,민간부문,소계,대구,2,024
2024-09,민간부문,소계,광주,589
2024-09,민간부문,소계,대전,599
2024-09,민간부문,소계,울산,623
2024-09,민간부문,소계,세종,669
2024-09,민간부문,소계,강원,260
2024-09,민간부문,소계,충북,170
2024-09,민간부문,소계,충남,2,154
2024-09,민간부문,소계,전북,2,587
2024-09,민간부문,소계,전남,352
2024-09,민간부문,소계,경북,730
2024-09,민간부문,소계,경남,161
2024-09,민간부문,소계,제주,250
2024-09,민간,민간임대,전국,2,173
2024-09,민간,민간임대,서울,0
2024-09,민간,민간임대,인천,1,116
2024-09,민간,민간임대,경기,0
2024-09,민간,민간임대,부산,0
2024-09,민간,민간임대,대구,0
2024-09,민간,민간임대,광주,0
2024-09,민간,민간임대,대전,0
2024-09,민간,민간임대,울산,0
2024-09,민간,민간임대,세종,0
2024-09,민간,민간임대,강원,0
2024-09,민간,민간임대,충북,0
2024-09,민간,민간임대,충남,0
2024-09,민간,민간임대,전북,905
2024-09,민간,민간임대,전남,152
2024-09,민간,민간임대,경북,0
2024-09,민간,민간임대,경남,0
2024-09,민간,민간임대,제주,0
2024-09,민간,민간분양,전국,31,733
2024-09,민간,민간분양,서울,1,985
2024-09,민간,민간분양,인천,5,670
2024-09,민간,민간분양,경기,7,644
2024-09,민간,민간분양,부산,6,323
2024-09,민간,민간분양,대구,2,024
2024-09,민간,민간분양,광주,589
2024-09,민간,민간분양,대전,599
2024-09,민간,민간분양,울산,623
2024-09,민간,민간분양,세종,669
2024-09,민간,민간분양,강원,260
2024-09,민간,민간분양,충북,170
2024-09,민간,민간분양,충남,2,154
2024-09,민간,민간분양,전북,1,682
2024-09,민간,민간분양,전남,200
2024-09,민간,민간분양,경북,730
2024-09,민간,민간분양,경남,161
2024-09,민간,민간분양,제주,250
2024-10,총계,총계,전국,32,909
2024-10,총계,총계,서울,3,387
2024-10,총계,총계,인천,2,780
2024-10,총계,총계,경기,7,823
2024-10,총계,총계,부산,337
2024-10,총계,총계,대구,1,526
2024-10,총계,총계,광주,6
2024-10,총계,총계,대전,695
2024-10,총계,총계,울산,221
2024-10,총계,총계,세종,265
2024-10,총계,총계,강원,1,769
2024-10,총계,총계,충북,3,973
2024-10,총계,총계,충남,410
2024-10,총계,총계,전북,2,145
2024-10,총계,총계,전남,2,684
2024-10,총계,총계,경북,2,005
2024-10,총계,총계,경남,2,555
2024-10,총계,총계,제주,328
2024-10,공공부문,소계,전국,2,094
2024-10,공공부문,소계,서울,0
2024-10,공공부문,소계,인천,961
2024-10,공공부문,소계,경기,289
2024-10,공공부문,소계,부산,0
2024-10,공공부문,소계,대구,0
2024-10,공공부문,소계,광주,0
2024-10,공공부문,소계,대전,237
2024-10,공공부문,소계,울산,0
2024-10,공공부문,소계,세종,0
2024-10,공공부문,소계,강원,0
2024-10,공공부문,소계,충북,552
2024-10,공공부문,소계,충남,0
2024-10,공공부문,소계,전북,0
2024-10,공공부문,소계,전남,0
2024-10,공공부문,소계,경북,40
2024-10,공공부문,소계,경남,0
2024-10,공공부문,소계,제주,15
2024-10,합,국민임대,전국,15
2024-10,합,국민임대,서울,0
2024-10,합,국민임대,인천,0
2024-10,합,국민임대,경기,0
2024-10,합,국민임대,부산,0
2024-10,합,국민임대,대구,0
2024-10,합,국민임대,광주,0
2024-10,합,국민임대,대전,0
2024-10,합,국민임대,울산,0
2024-10,합,국민임대,세종,0
2024-10,합,국민임대,강원,0
2024-10,합,국민임대,충북,0
2024-10,합,국민임대,충남,0
2024-10,합,국민임대,전북,0
2024-10,합,국민임대,전남,0
2024-10,합,국민임대,경북,0
2024-10,합,국민임대,경남,0
2024-10,합,국민임대,제주,15
2024-10,합,공공임대,전국,925
2024-10,합,공공임대,서울,0
2024-10,합,공공임대,인천,0
2024-10,합,공공임대,경기,96
2024-10,합,공공임대,부산,0
2024-10,합,공공임대,대구,0
2024-10,합,공공임대,광주,0
2024-10,합,공공임대,대전,237
2024-10,합,공공임대,울산,0
2024-10,합,공공임대,세종,0
2024-10,합,공공임대,강원,0
2024-10,합,공공임대,충북,552
2024-10,합,공공임대,충남,0
2024-10,합,공공임대,전북,0
2024-10,합,공공임대,전남,0
2024-10,합,공공임대,경북,40
2024-10,합,공공임대,경남,0
2024-10,합,공공임대,제주,0
2024-10,합,공공분양,전국,1,154
2024-10,합,공공분양,서울,0
2024-10,합,공공분양,인천,961
2024-10,합,공공분양,경기,193
2024-10,합,공공분양,부산,0
2024-10,합,공공분양,대구,0
2024-10,합,공공분양,광주,0
2024-10,합,공공분양,대전,0
2024-10,합,공공분양,울산,0
2024-10,합,공공분양,세종,0
2024-10,합,공공분양,강원,0
2024-10,합,공공분양,충북,0
2024-10,합,공공분양,충남,0
2024-10,합,공공분양,전북,0
2024-10,합,공공분양,전남,0
2024-10,합,공공분양,경북,0
2024-10,합,공공분양,경남,0
2024-10,합,공공분양,제주,0
2024-10,지자체,소계,전국,0
2024-10,지자체,소계,서울,0
2024-10,지자체,소계,인천,0
2024-10,지자체,소계,경기,0
2024-10,지자체,소계,부산,0
2024-10,지자체,소계,대구,0
2024-10,지자체,소계,광주,0
2024-10,지자체,소계,대전,0
2024-10,지자체,소계,울산,0
2024-10,지자체,소계,세종,0
2024-10,지자체,소계,강원,0
2024-10,지자체,소계,충북,0
2024-10,지자체,소계,충남,0
2024-10,지자체,소계,전북,0
2024-10,지자체,소계,전남,0
2024-10,지자체,소계,경북,0
2024-10,지자체,소계,경남,0
2024-10,지자체,소계,제주,0
2024-10,지자체,국민임대,전국,0
2024-10,지자체,국민임대,서울,0
2024-10,지자체,국민임대,인천,0
2024-10,지자체,국민임대,경기,0
2024-10,지자체,국민임대,부산,0
2024-10,지자체,국민임대,대구,0
2024-10,지자체,국민임대,광주,0
2024-10,지자체,국민임대,대전,0
2024-10,지자체,국민임대,울산,0
2024-10,지자체,국민임대,세종,0
2024-10,지자체,국민임대,강원,0
2024-10,지자체,국민임대,충북,0
2024-10,지자체,국민임대,충남,0
2024-10,지자체,국민임대,전북,0
2024-10,지자체,국민임대,전남,0
2024-10,지자체,국민임대,경북,0
2024-10,지자체,국민임대,경남,0
2024-10,지자체,국민임대,제주,0
2024-10,지자체,공공임대,전국,0
2024-10,지자체,공공임대,서울,0
2024-10,지자체,공공임대,인천,0
2024-10,지자체,공공임대,경기,0
2024-10,지자체,공공임대,부산,0
2024-10,지자체,공공임대,대구,0
2024-10,지자체,공공임대,광주,0
2024-10,지자체,공공임대,대전,0
2024-10,지자체,공공임대,울산,0
2024-10,지자체,공공임대,세종,0
2024-10,지자체,공공임대,강원,0
2024-10,지자체,공공임대,충북,0
2024-10,지자체,공공임대,충남,0
2024-10,지자체,공공임대,전북,0
2024-10,지자체,공공임대,전남,0
2024-10,지자체,공공임대,경북,0
2024-10,지자체,공공임대,경남,0
2024-10,지자체,공공임대,제주,0
2024-10,지자체,공공분양,전국,0
2024-10,지자체,공공분양,서울,0
2024-10,지자체,공공분양,인천,0
2024-10,지자체,공공분양,경기,0
2024-10,지자체,공공분양,부산,0
2024-10,지자체,공공분양,대구,0
2024-10,지자체,공공분양,광주,0
2024-10,지자체,공공분양,대전,0
2024-10,지자체,공공분양,울산,0
2024-10,지자체,공공분양,세종,0
2024-10,지자체,공공분양,강원,0
2024-10,지자체,공공분양,충북,0
2024-10,지자체,공공분양,충남,0
2024-10,지자체,공공분양,전북,0
2024-10,지자체,공공분양,전남,0
2024-10,지자체,공공분양,경북,0
2024-10,지자체,공공분양,경남,0
2024-10,지자체,공공분양,제주,0
2024-10,LH,소계,전국,1,802
2024-10,LH,소계,서울,0
2024-10,LH,소계,인천,961
2024-10,LH,소계,경기,289
2024-10,LH,소계,부산,0
2024-10,LH,소계,대구,0
2024-10,LH,소계,광주,0
2024-10,LH,소계,대전,0
2024-10,LH,소계,울산,0
2024-10,LH,소계,세종,0
2024-10,LH,소계,강원,0
2024-10,LH,소계,충북,552
2024-10,LH,소계,충남,0
2024-10,LH,소계,전북,0
2024-10,LH,소계,전남,0
2024-10,LH,소계,경북,0
2024-10,LH,소계,경남,0
2024-10,LH,소계,제주,0
2024-10,LH,국민임대,전국,0
2024-10,LH,국민임대,서울,0
2024-10,LH,국민임대,인천,0
2024-10,LH,국민임대,경기,0
2024-10,LH,국민임대,부산,0
2024-10,LH,국민임대,대구,0
2024-10,LH,국민임대,광주,0
2024-10,LH,국민임대,대전,0
2024-10,LH,국민임대,울산,0
2024-10,LH,국민임대,세종,0
2024-10,LH,국민임대,강원,0
2024-10,LH,국민임대,충북,0
2024-10,LH,국민임대,충남,0
2024-10,LH,국민임대,전북,0
2024-10,LH,국민임대,전남,0
2024-10,LH,국민임대,경북,0
2024-10,LH,국민임대,경남,0
2024-10,LH,국민임대,제주,0
2024-10,LH,공공임대,전국,648
2024-10,LH,공공임대,서울,0
2024-10,LH,공공임대,인천,0
2024-10,LH,공공임대,경기,96
2024-10,LH,공공임대,부산,0
2024-10,LH,공공임대,대구,0
2024-10,LH,공공임대,광주,0
2024-10,LH,공공임대,대전,0
2024-10,LH,공공임대,울산,0
2024-10,LH,공공임대,세종,0
2024-10,LH,공공임대,강원,0
2024-10,LH,공공임대,충북,552
2024-10,LH,공공임대,충남,0
2024-10,LH,공공임대,전북,0
2024-10,LH,공공임대,전남,0
2024-10,LH,공공임대,경북,0
2024-10,LH,공공임대,경남,0
2024-10,LH,공공임대,제주,0
2024-10,LH,공공분양,전국,1,154
2024-10,LH,공공분양,서울,0
2024-10,LH,공공분양,인천,961
2024-10,LH,공공분양,경기,193
2024-10,LH,공공분양,부산,0
2024-10,LH,공공분양,대구,0
2024-10,LH,공공분양,광주,0
2024-10,LH,공공분양,대전,0
2024-10,LH,공공분양,울산,0
2024-10,LH,공공분양,세종,0
2024-10,LH,공공분양,강원,0
2024-10,LH,공공분양,충북,0
2024-10,LH,공공분양,충남,0
2024-10,LH,공공분양,전북,0
2024-10,LH,공공분양,전남,0
2024-10,LH,공공분양,경북,0
2024-10,LH,공공분양,경남,0
2024-10,LH,공공분양,제주,0
2024-10,주택업체,소계,전국,292
2024-10,주택업체,소계,서울,0
2024-10,주택업체,소계,인천,0
2024-10,주택업체,소계,경기,0
2024-10,주택업체,소계,부산,0
2024-10,주택업체,소계,대구,0
2024-10,주택업체,소계,광주,0
2024-10,주택업체,소계,대전,237
2024-10,주택업체,소계,울산,0
2024-10,주택업체,소계,세종,0
2024-10,주택업체,소계,강원,0
2024-10,주택업체,소계,충북,0
2024-10,주택업체,소계,충남,0
2024-10,주택업체,소계,전북,0
2024-10,주택업체,소계,전남,0
2024-10,주택업체,소계,경북,40
2024-10,주택업체,소계,경남,0
2024-10,주택업체,소계,제주,15
2024-10,주택업체,국민임대,전국,15
2024-10,주택업체,국민임대,서울,0
2024-10,주택업체,국민임대,인천,0
2024-10,주택업체,국민임대,경기,0
2024-10,주택업체,국민임대,부산,0
2024-10,주택업체,국민임대,대구,0
2024-10,주택업체,국민임대,광주,0
2024-10,주택업체,국민임대,대전,0
2024-10,주택업체,국민임대,울산,0
2024-10,주택업체,국민임대,세종,0
2024-10,주택업체,국민임대,강원,0
2024-10,주택업체,국민임대,충북,0
2024-10,주택업체,국민임대,충남,0
2024-10,주택업체,국민임대,전북,0
2024-10,주택업체,국민임대,전남,0
2024-10,주택업체,국민임대,경북,0
2024-10,주택업체,국민임대,경남,0
2024-10,주택업체,국민임대,제주,15
2024-10,주택업체,공공임대,전국,277
2024-10,주택업체,공공임대,서울,0
2024-10,주택업체,공공임대,인천,0
2024-10,주택업체,공공임대,경기,0
2024-10,주택업체,공공임대,부산,0
2024-10,주택업체,공공임대,대구,0
2024-10,주택업체,공공임대,광주,0
2024-10,주택업체,공공임대,대전,237
2024-10,주택업체,공공임대,울산,0
2024-10,주택업체,공공임대,세종,0
2024-10,주택업체,공공임대,강원,0
2024-10,주택업체,공공임대,충북,0
2024-10,주택업체,공공임대,충남,0
2024-10,주택업체,공공임대,전북,0
2024-10,주택업체,공공임대,전남,0
2024-10,주택업체,공공임대,경북,40
2024-10,주택업체,공공임대,경남,0
2024-10,주택업체,공공임대,제주,0
2024-10,주택업체,공공분양,전국,0
2024-10,주택업체,공공분양,서울,0
2024-10,주택업체,공공분양,인천,0
2024-10,주택업체,공공분양,경기,0
2024-10,주택업체,공공분양,부산,0
2024-10,주택업체,공공분양,대구,0
2024-10,주택업체,공공분양,광주,0
2024-10,주택업체,공공분양,대전,0
2024-10,주택업체,공공분양,울산,0
2024-10,주택업체,공공분양,세종,0
2024-10,주택업체,공공분양,강원,0
2024-10,주택업체,공공분양,충북,0
2024-10,주택업체,공공분양,충남,0
2024-10,주택업체,공공분양,전북,0
2024-10,주택업체,공공분양,전남,0
2024-10,주택업체,공공분양,경북,0
2024-10,주택업체,공공분양,경남,0
2024-10,주택업체,공공분양,제주,0
2024-10,민간부문,소계,전국,30,815
2024-10,민간부문,소계,서울,3,387
2024-10,민간부문,소계,인천,1,819
2024-10,민간부문,소계,경기,7,534
2024-10,민간부문,소계,부산,337
2024-10,민간부문,소계,대구,1,526
2024-10,민간부문,소계,광주,6
2024-10,민간부문,소계,대전,458
2024-10,민간부문,소계,울산,221
2024-10,민간부문,소계,세종,265
2024-10,민간부문,소계,강원,1,769
2024-10,민간부문,소계,충북,3,421
2024-10,민간부문,소계,충남,410
2024-10,민간부문,소계,전북,2,145
2024-10,민간부문,소계,전남,2,684
2024-10,민간부문,소계,경북,1,965
2024-10,민간부문,소계,경남,2,555
2024-10,민간부문,소계,제주,313
2024-10,민간,민간임대,전국,2,806
2024-10,민간,민간임대,서울,576
2024-10,민간,민간임대,인천,0
2024-10,민간,민간임대,경기,0
2024-10,민간,민간임대,부산,0
2024-10,민간,민간임대,대구,0
2024-10,민간,민간임대,광주,0
2024-10,민간,민간임대,대전,0
2024-10,민간,민간임대,울산,0
2024-10,민간,민간임대,세종,0
2024-10,민간,민간임대,강원,0
2024-10,민간,민간임대,충북,2,230
2024-10,민간,민간임대,충남,0
2024-10,민간,민간임대,전북,0
2024-10,민간,민간임대,전남,0
2024-10,민간,민간임대,경북,0
2024-10,민간,민간임대,경남,0
2024-10,민간,민간임대,제주,0
2024-10,민간,민간분양,전국,28,009
2024-10,민간,민간분양,서울,2,811
2024-10,민간,민간분양,인천,1,819
2024-10,민간,민간분양,경기,7,534
2024-10,민간,민간분양,부산,337
2024-10,민간,민간분양,대구,1,526
2024-10,민간,민간분양,광주,6
2024-10,민간,민간분양,대전,458
2024-10,민간,민간분양,울산,221
2024-10,민간,민간분양,세종,265
2024-10,민간,민간분양,강원,1,769
2024-10,민간,민간분양,충북,1,191
2024-10,민간,민간분양,충남,410
2024-10,민간,민간분양,전북,2,145
2024-10,민간,민간분양,전남,2,684
2024-10,민간,민간분양,경북,1,965
2024-10,민간,민간분양,경남,2,555
2024-10,민간,민간분양,제주,313
2024-11,총계,총계,전국,45,343
2024-11,총계,총계,서울,13,719
2024-11,총계,총계,인천,2,911
2024-11,총계,총계,경기,7,687
2024-11,총계,총계,부산,1,229
2024-11,총계,총계,대구,3,248
2024-11,총계,총계,광주,745
2024-11,총계,총계,대전,2,276
2024-11,총계,총계,울산,22
2024-11,총계,총계,세종,59
2024-11,총계,총계,강원,2,500
2024-11,총계,총계,충북,3,707
2024-11,총계,총계,충남,1,048
2024-11,총계,총계,전북,668
2024-11,총계,총계,전남,489
2024-11,총계,총계,경북,4,752
2024-11,총계,총계,경남,189
2024-11,총계,총계,제주,94
2024-11,공공부문,소계,전국,4,009
2024-11,공공부문,소계,서울,0
2024-11,공공부문,소계,인천,675
2024-11,공공부문,소계,경기,407
2024-11,공공부문,소계,부산,498
2024-11,공공부문,소계,대구,0
2024-11,공공부문,소계,광주,0
2024-11,공공부문,소계,대전,2,135
2024-11,공공부문,소계,울산,0
2024-11,공공부문,소계,세종,0
2024-11,공공부문,소계,강원,90
2024-11,공공부문,소계,충북,204
2024-11,공공부문,소계,충남,0
2024-11,공공부문,소계,전북,0
2024-11,공공부문,소계,전남,0
2024-11,공공부문,소계,경북,0
2024-11,공공부문,소계,경남,0
2024-11,공공부문,소계,제주,0
2024-11,합,국민임대,전국,116
2024-11,합,국민임대,서울,0
2024-11,합,국민임대,인천,0
2024-11,합,국민임대,경기,0
2024-11,합,국민임대,부산,0
2024-11,합,국민임대,대구,0
2024-11,합,국민임대,광주,0
2024-11,합,국민임대,대전,0
2024-11,합,국민임대,울산,0
2024-11,합,국민임대,세종,0
2024-11,합,국민임대,강원,0
2024-11,합,국민임대,충북,116
2024-11,합,국민임대,충남,0
2024-11,합,국민임대,전북,0
2024-11,합,국민임대,전남,0
2024-11,합,국민임대,경북,0
2024-11,합,국민임대,경남,0
2024-11,합,국민임대,제주,0
2024-11,합,공공임대,전국,1,123
2024-11,합,공공임대,서울,0
2024-11,합,공공임대,인천,0
2024-11,합,공공임대,경기,129
2024-11,합,공공임대,부산,104
2024-11,합,공공임대,대구,0
2024-11,합,공공임대,광주,0
2024-11,합,공공임대,대전,712
2024-11,합,공공임대,울산,0
2024-11,합,공공임대,세종,0
2024-11,합,공공임대,강원,90
2024-11,합,공공임대,충북,88
2024-11,합,공공임대,충남,0
2024-11,합,공공임대,전북,0
2024-11,합,공공임대,전남,0
2024-11,합,공공임대,경북,0
2024-11,합,공공임대,경남,0
2024-11,합,공공임대,제주,0
2024-11,합,공공분양,전국,2,770
2024-11,합,공공분양,서울,0
2024-11,합,공공분양,인천,675
2024-11,합,공공분양,경기,278
2024-11,합,공공분양,부산,394
2024-11,합,공공분양,대구,0
2024-11,합,공공분양,광주,0
2024-11,합,공공분양,대전,1,423
2024-11,합,공공분양,울산,0
2024-11,합,공공분양,세종,0
2024-11,합,공공분양,강원,0
2024-11,합,공공분양,충북,0
2024-11,합,공공분양,충남,0
2024-11,합,공공분양,전북,0
2024-11,합,공공분양,전남,0
2024-11,합,공공분양,경북,0
2024-11,합,공공분양,경남,0
2024-11,합,공공분양,제주,0
2024-11,지자체,소계,전국,0
2024-11,지자체,소계,서울,0
2024-11,지자체,소계,인천,0
2024-11,지자체,소계,경기,0
2024-11,지자체,소계,부산,0
2024-11,지자체,소계,대구,0
2024-11,지자체,소계,광주,0
2024-11,지자체,소계,대전,0
2024-11,지자체,소계,울산,0
2024-11,지자체,소계,세종,0
2024-11,지자체,소계,강원,0
2024-11,지자체,소계,충북,0
2024-11,지자체,소계,충남,0
2024-11,지자체,소계,전북,0
2024-11,지자체,소계,전남,0
2024-11,지자체,소계,경북,0
2024-11,지자체,소계,경남,0
2024-11,지자체,소계,제주,0
2024-11,지자체,국민임대,전국,0
2024-11,지자체,국민임대,서울,0
2024-11,지자체,국민임대,인천,0
2024-11,지자체,국민임대,경기,0
2024-11,지자체,국민임대,부산,0
2024-11,지자체,국민임대,대구,0
2024-11,지자체,국민임대,광주,0
2024-11,지자체,국민임대,대전,0
2024-11,지자체,국민임대,울산,0
2024-11,지자체,국민임대,세종,0
2024-11,지자체,국민임대,강원,0
2024-11,지자체,국민임대,충북,0
2024-11,지자체,국민임대,충남,0
2024-11,지자체,국민임대,전북,0
2024-11,지자체,국민임대,전남,0
2024-11,지자체,국민임대,경북,0
2024-11,지자체,국민임대,경남,0
2024-11,지자체,국민임대,제주,0
2024-11,지자체,공공임대,전국,0
2024-11,지자체,공공임대,서울,0
2024-11,지자체,공공임대,인천,0
2024-11,지자체,공공임대,경기,0
2024-11,지자체,공공임대,부산,0
2024-11,지자체,공공임대,대구,0
2024-11,지자체,공공임대,광주,0
2024-11,지자체,공공임대,대전,0
2024-11,지자체,공공임대,울산,0
2024-11,지자체,공공임대,세종,0
2024-11,지자체,공공임대,강원,0
2024-11,지자체,공공임대,충북,0
2024-11,지자체,공공임대,충남,0
2024-11,지자체,공공임대,전북,0
2024-11,지자체,공공임대,전남,0
2024-11,지자체,공공임대,경북,0
2024-11,지자체,공공임대,경남,0
2024-11,지자체,공공임대,제주,0
2024-11,지자체,공공분양,전국,0
2024-11,지자체,공공분양,서울,0
2024-11,지자체,공공분양,인천,0
2024-11,지자체,공공분양,경기,0
2024-11,지자체,공공분양,부산,0
2024-11,지자체,공공분양,대구,0
2024-11,지자체,공공분양,광주,0
2024-11,지자체,공공분양,대전,0
2024-11,지자체,공공분양,울산,0
2024-11,지자체,공공분양,세종,0
2024-11,지자체,공공분양,강원,0
2024-11,지자체,공공분양,충북,0
2024-11,지자체,공공분양,충남,0
2024-11,지자체,공공분양,전북,0
2024-11,지자체,공공분양,전남,0
2024-11,지자체,공공분양,경북,0
2024-11,지자체,공공분양,경남,0
2024-11,지자체,공공분양,제주,0
2024-11,LH,소계,전국,4,009
2024-11,LH,소계,서울,0
2024-11,LH,소계,인천,675
2024-11,LH,소계,경기,407
2024-11,LH,소계,부산,498
2024-11,LH,소계,대구,0
2024-11,LH,소계,광주,0
2024-11,LH,소계,대전,2,135
2024-11,LH,소계,울산,0
2024-11,LH,소계,세종,0
2024-11,LH,소계,강원,90
2024-11,LH,소계,충북,204
2024-11,LH,소계,충남,0
2024-11,LH,소계,전북,0
2024-11,LH,소계,전남,0
2024-11,LH,소계,경북,0
2024-11,LH,소계,경남,0
2024-11,LH,소계,제주,0
2024-11,LH,국민임대,전국,116
2024-11,LH,국민임대,서울,0
2024-11,LH,국민임대,인천,0
2024-11,LH,국민임대,경기,0
2024-11,LH,국민임대,부산,0
2024-11,LH,국민임대,대구,0
2024-11,LH,국민임대,광주,0
2024-11,LH,국민임대,대전,0
2024-11,LH,국민임대,울산,0
2024-11,LH,국민임대,세종,0
2024-11,LH,국민임대,강원,0
2024-11,LH,국민임대,충북,116
2024-11,LH,국민임대,충남,0
2024-11,LH,국민임대,전북,0
2024-11,LH,국민임대,전남,0
2024-11,LH,국민임대,경북,0
2024-11,LH,국민임대,경남,0
2024-11,LH,국민임대,제주,0
2024-11,LH,공공임대,전국,1,123
2024-11,LH,공공임대,서울,0
2024-11,LH,공공임대,인천,0
2024-11,LH,공공임대,경기,129
2024-11,LH,공공임대,부산,104
2024-11,LH,공공임대,대구,0
2024-11,LH,공공임대,광주,0
2024-11,LH,공공임대,대전,712
2024-11,LH,공공임대,울산,0
2024-11,LH,공공임대,세종,0
2024-11,LH,공공임대,강원,90
2024-11,LH,공공임대,충북,88
2024-11,LH,공공임대,충남,0
2024-11,LH,공공임대,전북,0
2024-11,LH,공공임대,전남,0
2024-11,LH,공공임대,경북,0
2024-11,LH,공공임대,경남,0
2024-11,LH,공공임대,제주,0
2024-11,LH,공공분양,전국,2,770
2024-11,LH,공공분양,서울,0
2024-11,LH,공공분양,인천,675
2024-11,LH,공공분양,경기,278
2024-11,LH,공공분양,부산,394
2024-11,LH,공공분양,대구,0
2024-11,LH,공공분양,광주,0
2024-11,LH,공공분양,대전,1,423
2024-11,LH,공공분양,울산,0
2024-11,LH,공공분양,세종,0
2024-11,LH,공공분양,강원,0
2024-11,LH,공공분양,충북,0
2024-11,LH,공공분양,충남,0
2024-11,LH,공공분양,전북,0
2024-11,LH,공공분양,전남,0
2024-11,LH,공공분양,경북,0
2024-11,LH,공공분양,경남,0
2024-11,LH,공공분양,제주,0
2024-11,주택업체,소계,전국,0
2024-11,주택업체,소계,서울,0
2024-11,주택업체,소계,인천,0
2024-11,주택업체,소계,경기,0
2024-11,주택업체,소계,부산,0
2024-11,주택업체,소계,대구,0
2024-11,주택업체,소계,광주,0
2024-11,주택업체,소계,대전,0
2024-11,주택업체,소계,울산,0
2024-11,주택업체,소계,세종,0
2024-11,주택업체,소계,강원,0
2024-11,주택업체,소계,충북,0
2024-11,주택업체,소계,충남,0
2024-11,주택업체,소계,전북,0
2024-11,주택업체,소계,전남,0
2024-11,주택업체,소계,경북,0
2024-11,주택업체,소계,경남,0
2024-11,주택업체,소계,제주,0
2024-11,주택업체,국민임대,전국,0
2024-11,주택업체,국민임대,서울,0
2024-11,주택업체,국민임대,인천,0
2024-11,주택업체,국민임대,경기,0
2024-11,주택업체,국민임대,부산,0
2024-11,주택업체,국민임대,대구,0
2024-11,주택업체,국민임대,광주,0
2024-11,주택업체,국민임대,대전,0
2024-11,주택업체,국민임대,울산,0
2024-11,주택업체,국민임대,세종,0
2024-11,주택업체,국민임대,강원,0
2024-11,주택업체,국민임대,충북,0
2024-11,주택업체,국민임대,충남,0
2024-11,주택업체,국민임대,전북,0
2024-11,주택업체,국민임대,전남,0
2024-11,주택업체,국민임대,경북,0
2024-11,주택업체,국민임대,경남,0
2024-11,주택업체,국민임대,제주,0
2024-11,주택업체,공공임대,전국,0
2024-11,주택업체,공공임대,서울,0
2024-11,주택업체,공공임대,인천,0
2024-11,주택업체,공공임대,경기,0
2024-11,주택업체,공공임대,부산,0
2024-11,주택업체,공공임대,대구,0
2024-11,주택업체,공공임대,광주,0
2024-11,주택업체,공공임대,대전,0
2024-11,주택업체,공공임대,울산,0
2024-11,주택업체,공공임대,세종,0
2024-11,주택업체,공공임대,강원,0
2024-11,주택업체,공공임대,충북,0
2024-11,주택업체,공공임대,충남,0
2024-11,주택업체,공공임대,전북,0
2024-11,주택업체,공공임대,전남,0
2024-11,주택업체,공공임대,경북,0
2024-11,주택업체,공공임대,경남,0
2024-11,주택업체,공공임대,제주,0
2024-11,주택업체,공공분양,전국,0
2024-11,주택업체,공공분양,서울,0
2024-11,주택업체,공공분양,인천,0
2024-11,주택업체,공공분양,경기,0
2024-11,주택업체,공공분양,부산,0
2024-11,주택업체,공공분양,대구,0
2024-11,주택업체,공공분양,광주,0
2024-11,주택업체,공공분양,대전,0
2024-11,주택업체,공공분양,울산,0
2024-11,주택업체,공공분양,세종,0
2024-11,주택업체,공공분양,강원,0
2024-11,주택업체,공공분양,충북,0
2024-11,주택업체,공공분양,충남,0
2024-11,주택업체,공공분양,전북,0
2024-11,주택업체,공공분양,전남,0
2024-11,주택업체,공공분양,경북,0
2024-11,주택업체,공공분양,경남,0
2024-11,주택업체,공공분양,제주,0
2024-11,민간부문,소계,전국,41,334
2024-11,민간부문,소계,서울,13,719
2024-11,민간부문,소계,인천,2,236
2024-11,민간부문,소계,경기,7,280
2024-11,민간부문,소계,부산,731
2024-11,민간부문,소계,대구,3,248
2024-11,민간부문,소계,광주,745
2024-11,민간부문,소계,대전,141
2024-11,민간부문,소계,울산,22
2024-11,민간부문,소계,세종,59
2024-11,민간부문,소계,강원,2,410
2024-11,민간부문,소계,충북,3,503
2024-11,민간부문,소계,충남,1,048
2024-11,민간부문,소계,전북,668
2024-11,민간부문,소계,전남,489
2024-11,민간부문,소계,경북,4,752
2024-11,민간부문,소계,경남,189
2024-11,민간부문,소계,제주,94
2024-11,민간,민간임대,전국,1,352
2024-11,민간,민간임대,서울,0
2024-11,민간,민간임대,인천,80
2024-11,민간,민간임대,경기,0
2024-11,민간,민간임대,부산,0
2024-11,민간,민간임대,대구,0
2024-11,민간,민간임대,광주,0
2024-11,민간,민간임대,대전,0
2024-11,민간,민간임대,울산,0
2024-11,민간,민간임대,세종,0
2024-11,민간,민간임대,강원,0
2024-11,민간,민간임대,충북,930
2024-11,민간,민간임대,충남,0
2024-11,민간,민간임대,전북,342
2024-11,민간,민간임대,전남,0
2024-11,민간,민간임대,경북,0
2024-11,민간,민간임대,경남,0
2024-11,민간,민간임대,제주,0
2024-11,민간,민간분양,전국,39,982
2024-11,민간,민간분양,서울,13,719
2024-11,민간,민간분양,인천,2,156
2024-11,민간,민간분양,경기,7,280
2024-11,민간,민간분양,부산,731
2024-11,민간,민간분양,대구,3,248
2024-11,민간,민간분양,광주,745
2024-11,민간,민간분양,대전,141
2024-11,민간,민간분양,울산,22
2024-11,민간,민간분양,세종,59
2024-11,민간,민간분양,강원,2,410
2024-11,민간,민간분양,충북,2,573
2024-11,민간,민간분양,충남,1,048
2024-11,민간,민간분양,전북,326
2024-11,민간,민간분양,전남,489
2024-11,민간,민간분양,경북,4,752
2024-11,민간,민간분양,경남,189
2024-11,민간,민간분양,제주,94
2024-12,총계,총계,전국,49,231
2024-12,총계,총계,서울,3,921
2024-12,총계,총계,인천,5,203
2024-12,총계,총계,경기,12,027
2024-12,총계,총계,부산,918
2024-12,총계,총계,대구,1,908
2024-12,총계,총계,광주,2,188
2024-12,총계,총계,대전,33
2024-12,총계,총계,울산,825
2024-12,총계,총계,세종,1,507
2024-12,총계,총계,강원,3,098
2024-12,총계,총계,충북,558
2024-12,총계,총계,충남,4,027
2024-12,총계,총계,전북,840
2024-12,총계,총계,전남,2,235
2024-12,총계,총계,경북,3,346
2024-12,총계,총계,경남,5,736
2024-12,총계,총계,제주,861
2024-12,공공부문,소계,전국,6,227
2024-12,공공부문,소계,서울,854
2024-12,공공부문,소계,인천,0
2024-12,공공부문,소계,경기,58
2024-12,공공부문,소계,부산,42
2024-12,공공부문,소계,대구,0
2024-12,공공부문,소계,광주,1,224
2024-12,공공부문,소계,대전,0
2024-12,공공부문,소계,울산,800
2024-12,공공부문,소계,세종,1,451
2024-12,공공부문,소계,강원,280
2024-12,공공부문,소계,충북,32
2024-12,공공부문,소계,충남,0
2024-12,공공부문,소계,전북,520
2024-12,공공부문,소계,전남,0
2024-12,공공부문,소계,경북,0
2024-12,공공부문,소계,경남,966
2024-12,공공부문,소계,제주,0
2024-12,합,국민임대,전국,990
2024-12,합,국민임대,서울,317
2024-12,합,국민임대,인천,0
2024-12,합,국민임대,경기,0
2024-12,합,국민임대,부산,0
2024-12,합,국민임대,대구,0
2024-12,합,국민임대,광주,0
2024-12,합,국민임대,대전,0
2024-12,합,국민임대,울산,0
2024-12,합,국민임대,세종,0
2024-12,합,국민임대,강원,70
2024-12,합,국민임대,충북,0
2024-12,합,국민임대,충남,0
2024-12,합,국민임대,전북,200
2024-12,합,국민임대,전남,0
2024-12,합,국민임대,경북,0
2024-12,합,국민임대,경남,403
2024-12,합,국민임대,제주,0
2024-12,합,공공임대,전국,3,620
2024-12,합,공공임대,서울,537
2024-12,합,공공임대,인천,0
2024-12,합,공공임대,경기,58
2024-12,합,공공임대,부산,42
2024-12,합,공공임대,대구,0
2024-12,합,공공임대,광주,483
2024-12,합,공공임대,대전,0
2024-12,합,공공임대,울산,800
2024-12,합,공공임대,세종,575
2024-12,합,공공임대,강원,210
2024-12,합,공공임대,충북,32
2024-12,합,공공임대,충남,0
2024-12,합,공공임대,전북,320
2024-12,합,공공임대,전남,0
2024-12,합,공공임대,경북,0
2024-12,합,공공임대,경남,563
2024-12,합,공공임대,제주,0
2024-12,합,공공분양,전국,1,617
2024-12,합,공공분양,서울,0
2024-12,합,공공분양,인천,0
2024-12,합,공공분양,경기,0
2024-12,합,공공분양,부산,0
2024-12,합,공공분양,대구,0
2024-12,합,공공분양,광주,741
2024-12,합,공공분양,대전,0
2024-12,합,공공분양,울산,0
2024-12,합,공공분양,세종,876
2024-12,합,공공분양,강원,0
2024-12,합,공공분양,충북,0
2024-12,합,공공분양,충남,0
2024-12,합,공공분양,전북,0
2024-12,합,공공분양,전남,0
2024-12,합,공공분양,경북,0
2024-12,합,공공분양,경남,0
2024-12,합,공공분양,제주,0
2024-12,지자체,소계,전국,0
2024-12,지자체,소계,서울,0
2024-12,지자체,소계,인천,0
2024-12,지자체,소계,경기,0
2024-12,지자체,소계,부산,0
2024-12,지자체,소계,대구,0
2024-12,지자체,소계,광주,0
2024-12,지자체,소계,대전,0
2024-12,지자체,소계,울산,0
2024-12,지자체,소계,세종,0
2024-12,지자체,소계,강원,0
2024-12,지자체,소계,충북,0
2024-12,지자체,소계,충남,0
2024-12,지자체,소계,전북,0
2024-12,지자체,소계,전남,0
2024-12,지자체,소계,경북,0
2024-12,지자체,소계,경남,0
2024-12,지자체,소계,제주,0
2024-12,지자체,국민임대,전국,0
2024-12,지자체,국민임대,서울,0
2024-12,지자체,국민임대,인천,0
2024-12,지자체,국민임대,경기,0
2024-12,지자체,국민임대,부산,0
2024-12,지자체,국민임대,대구,0
2024-12,지자체,국민임대,광주,0
2024-12,지자체,국민임대,대전,0
2024-12,지자체,국민임대,울산,0
2024-12,지자체,국민임대,세종,0
2024-12,지자체,국민임대,강원,0
2024-12,지자체,국민임대,충북,0
2024-12,지자체,국민임대,충남,0
2024-12,지자체,국민임대,전북,0
2024-12,지자체,국민임대,전남,0
2024-12,지자체,국민임대,경북,0
2024-12,지자체,국민임대,경남,0
2024-12,지자체,국민임대,제주,0
2024-12,지자체,공공임대,전국,0
2024-12,지자체,공공임대,서울,0
2024-12,지자체,공공임대,인천,0
2024-12,지자체,공공임대,경기,0
2024-12,지자체,공공임대,부산,0
2024-12,지자체,공공임대,대구,0
2024-12,지자체,공공임대,광주,0
2024-12,지자체,공공임대,대전,0
2024-12,지자체,공공임대,울산,0
2024-12,지자체,공공임대,세종,0
2024-12,지자체,공공임대,강원,0
2024-12,지자체,공공임대,충북,0
2024-12,지자체,공공임대,충남,0
2024-12,지자체,공공임대,전북,0
2024-12,지자체,공공임대,전남,0
2024-12,지자체,공공임대,경북,0
2024-12,지자체,공공임대,경남,0
2024-12,지자체,공공임대,제주,0
2024-12,지자체,공공분양,전국,0
2024-12,지자체,공공분양,서울,0
2024-12,지자체,공공분양,인천,0
2024-12,지자체,공공분양,경기,0
2024-12,지자체,공공분양,부산,0
2024-12,지자체,공공분양,대구,0
2024-12,지자체,공공분양,광주,0
2024-12,지자체,공공분양,대전,0
2024-12,지자체,공공분양,울산,0
2024-12,지자체,공공분양,세종,0
2024-12,지자체,공공분양,강원,0
2024-12,지자체,공공분양,충북,0
2024-12,지자체,공공분양,충남,0
2024-12,지자체,공공분양,전북,0
2024-12,지자체,공공분양,전남,0
2024-12,지자체,공공분양,경북,0
2024-12,지자체,공공분양,경남,0
2024-12,지자체,공공분양,제주,0
2024-12,LH,소계,전국,5,567
2024-12,LH,소계,서울,236
2024-12,LH,소계,인천,0
2024-12,LH,소계,경기,58
2024-12,LH,소계,부산,0
2024-12,LH,소계,대구,0
2024-12,LH,소계,광주,1,224
2024-12,LH,소계,대전,0
2024-12,LH,소계,울산,800
2024-12,LH,소계,세종,1,451
2024-12,LH,소계,강원,280
2024-12,LH,소계,충북,32
2024-12,LH,소계,충남,0
2024-12,LH,소계,전북,520
2024-12,LH,소계,전남,0
2024-12,LH,소계,경북,0
2024-12,LH,소계,경남,966
2024-12,LH,소계,제주,0
2024-12,LH,국민임대,전국,673
2024-12,LH,국민임대,서울,0
2024-12,LH,국민임대,인천,0
2024-12,LH,국민임대,경기,0
2024-12,LH,국민임대,부산,0
2024-12,LH,국민임대,대구,0
2024-12,LH,국민임대,광주,0
2024-12,LH,국민임대,대전,0
2024-12,LH,국민임대,울산,0
2024-12,LH,국민임대,세종,0
2024-12,LH,국민임대,강원,70
2024-12,LH,국민임대,충북,0
2024-12,LH,국민임대,충남,0
2024-12,LH,국민임대,전북,200
2024-12,LH,국민임대,전남,0
2024-12,LH,국민임대,경북,0
2024-12,LH,국민임대,경남,403
2024-12,LH,국민임대,제주,0
2024-12,LH,공공임대,전국,3,277
2024-12,LH,공공임대,서울,236
2024-12,LH,공공임대,인천,0
2024-12,LH,공공임대,경기,58
2024-12,LH,공공임대,부산,0
2024-12,LH,공공임대,대구,0
2024-12,LH,공공임대,광주,483
2024-12,LH,공공임대,대전,0
2024-12,LH,공공임대,울산,800
2024-12,LH,공공임대,세종,575
2024-12,LH,공공임대,강원,210
2024-12,LH,공공임대,충북,32
2024-12,LH,공공임대,충남,0
2024-12,LH,공공임대,전북,320
2024-12,LH,공공임대,전남,0
2024-12,LH,공공임대,경북,0
2024-12,LH,공공임대,경남,563
2024-12,LH,공공임대,제주,0
2024-12,LH,공공분양,전국,1,617
2024-12,LH,공공분양,서울,0
2024-12,LH,공공분양,인천,0
2024-12,LH,공공분양,경기,0
2024-12,LH,공공분양,부산,0
2024-12,LH,공공분양,대구,0
2024-12,LH,공공분양,광주,741
2024-12,LH,공공분양,대전,0
2024-12,LH,공공분양,울산,0
2024-12,LH,공공분양,세종,876
2024-12,LH,공공분양,강원,0
2024-12,LH,공공분양,충북,0
2024-12,LH,공공분양,충남,0
2024-12,LH,공공분양,전북,0
2024-12,LH,공공분양,전남,0
2024-12,LH,공공분양,경북,0
2024-12,LH,공공분양,경남,0
2024-12,LH,공공분양,제주,0
2024-12,주택업체,소계,전국,660
2024-12,주택업체,소계,서울,618
2024-12,주택업체,소계,인천,0
2024-12,주택업체,소계,경기,0
2024-12,주택업체,소계,부산,42
2024-12,주택업체,소계,대구,0
2024-12,주택업체,소계,광주,0
2024-12,주택업체,소계,대전,0
2024-12,주택업체,소계,울산,0
2024-12,주택업체,소계,세종,0
2024-12,주택업체,소계,강원,0
2024-12,주택업체,소계,충북,0
2024-12,주택업체,소계,충남,0
2024-12,주택업체,소계,전북,0
2024-12,주택업체,소계,전남,0
2024-12,주택업체,소계,경북,0
2024-12,주택업체,소계,경남,0
2024-12,주택업체,소계,제주,0
2024-12,주택업체,국민임대,전국,317
2024-12,주택업체,국민임대,서울,317
2024-12,주택업체,국민임대,인천,0
2024-12,주택업체,국민임대,경기,0
2024-12,주택업체,국민임대,부산,0
2024-12,주택업체,국민임대,대구,0
2024-12,주택업체,국민임대,광주,0
2024-12,주택업체,국민임대,대전,0
2024-12,주택업체,국민임대,울산,0
2024-12,주택업체,국민임대,세종,0
2024-12,주택업체,국민임대,강원,0
2024-12,주택업체,국민임대,충북,0
2024-12,주택업체,국민임대,충남,0
2024-12,주택업체,국민임대,전북,0
2024-12,주택업체,국민임대,전남,0
2024-12,주택업체,국민임대,경북,0
2024-12,주택업체,국민임대,경남,0
2024-12,주택업체,국민임대,제주,0
2024-12,주택업체,공공임대,전국,343
2024-12,주택업체,공공임대,서울,301
2024-12,주택업체,공공임대,인천,0
2024-12,주택업체,공공임대,경기,0
2024-12,주택업체,공공임대,부산,42
2024-12,주택업체,공공임대,대구,0
2024-12,주택업체,공공임대,광주,0
2024-12,주택업체,공공임대,대전,0
2024-12,주택업체,공공임대,울산,0
2024-12,주택업체,공공임대,세종,0
2024-12,주택업체,공공임대,강원,0
2024-12,주택업체,공공임대,충북,0
2024-12,주택업체,공공임대,충남,0
2024-12,주택업체,공공임대,전북,0
2024-12,주택업체,공공임대,전남,0
2024-12,주택업체,공공임대,경북,0
2024-12,주택업체,공공임대,경남,0
2024-12,주택업체,공공임대,제주,0
2024-12,주택업체,공공분양,전국,0
2024-12,주택업체,공공분양,서울,0
2024-12,주택업체,공공분양,인천,0
2024-12,주택업체,공공분양,경기,0
2024-12,주택업체,공공분양,부산,0
2024-12,주택업체,공공분양,대구,0
2024-12,주택업체,공공분양,광주,0
2024-12,주택업체,공공분양,대전,0
2024-12,주택업체,공공분양,울산,0
2024-12,주택업체,공공분양,세종,0
2024-12,주택업체,공공분양,강원,0
2024-12,주택업체,공공분양,충북,0
2024-12,주택업체,공공분양,충남,0
2024-12,주택업체,공공분양,전북,0
2024-12,주택업체,공공분양,전남,0
2024-12,주택업체,공공분양,경북,0
2024-12,주택업체,공공분양,경남,0
2024-12,주택업체,공공분양,제주,0
2024-12,민간부문,소계,전국,43,004
2024-12,민간부문,소계,서울,3,067
2024-12,민간부문,소계,인천,5,203
2024-12,민간부문,소계,경기,11,969
2024-12,민간부문,소계,부산,876
2024-12,민간부문,소계,대구,1,908
2024-12,민간부문,소계,광주,964
2024-12,민간부문,소계,대전,33
2024-12,민간부문,소계,울산,25
2024-12,민간부문,소계,세종,56
2024-12,민간부문,소계,강원,2,818
2024-12,민간부문,소계,충북,526
2024-12,민간부문,소계,충남,4,027
2024-12,민간부문,소계,전북,320
2024-12,민간부문,소계,전남,2,235
2024-12,민간부문,소계,경북,3,346
2024-12,민간부문,소계,경남,4,770
2024-12,민간부문,소계,제주,861
2024-12,민간,민간임대,전국,7,284
2024-12,민간,민간임대,서울,999
2024-12,민간,민간임대,인천,0
2024-12,민간,민간임대,경기,1,415
2024-12,민간,민간임대,부산,0
2024-12,민간,민간임대,대구,0
2024-12,민간,민간임대,광주,0
2024-12,민간,민간임대,대전,0
2024-12,민간,민간임대,울산,0
2024-12,민간,민간임대,세종,0
2024-12,민간,민간임대,강원,784
2024-12,민간,민간임대,충북,0
2024-12,민간,민간임대,충남,860
2024-12,민간,민간임대,전북,168
2024-12,민간,민간임대,전남,1,955
2024-12,민간,민간임대,경북,495
2024-12,민간,민간임대,경남,608
2024-12,민간,민간임대,제주,0
2024-12,민간,민간분양,전국,35,720
2024-12,민간,민간분양,서울,2,068
2024-12,민간,민간분양,인천,5,203
2024-12,민간,민간분양,경기,10,554
2024-12,민간,민간분양,부산,876
2024-12,민간,민간분양,대구,1,908
2024-12,민간,민간분양,광주,964
2024-12,민간,민간분양,대전,33
2024-12,민간,민간분양,울산,25
2024-12,민간,민간분양,세종,56
2024-12,민간,민간분양,강원,2,034
2024-12,민간,민간분양,충북,526
2024-12,민간,민간분양,충남,3,167
2024-12,민간,민간분양,전북,152
2024-12,민간,민간분양,전남,280
2024-12,민간,민간분양,경북,2,851
2024-12,민간,민간분양,경남,4,162
2024-12,민간,민간분양,제주,861
2025-01,총계,총계,전국,30,717
2025-01,총계,총계,서울,4,761
2025-01,총계,총계,인천,1,532
2025-01,총계,총계,경기,4,819
2025-01,총계,총계,부산,2,528
2025-01,총계,총계,대구,1,507
2025-01,총계,총계,광주,2,747
2025-01,총계,총계,대전,11
2025-01,총계,총계,울산,20
2025-01,총계,총계,세종,14
2025-01,총계,총계,강원,848
2025-01,총계,총계,충북,677
2025-01,총계,총계,충남,4,086
2025-01,총계,총계,전북,1,502
2025-01,총계,총계,전남,1,857
2025-01,총계,총계,경북,194
2025-01,총계,총계,경남,3,425
2025-01,총계,총계,제주,189
2025-01,공공부문,소계,전국,5,162
2025-01,공공부문,소계,서울,615
2025-01,공공부문,소계,인천,0
2025-01,공공부문,소계,경기,2,272
2025-01,공공부문,소계,부산,0
2025-01,공공부문,소계,대구,0
2025-01,공공부문,소계,광주,0
2025-01,공공부문,소계,대전,0
2025-01,공공부문,소계,울산,0
2025-01,공공부문,소계,세종,0
2025-01,공공부문,소계,강원,0
2025-01,공공부문,소계,충북,0
2025-01,공공부문,소계,충남,893
2025-01,공공부문,소계,전북,1,382
2025-01,공공부문,소계,전남,0
2025-01,공공부문,소계,경북,0
2025-01,공공부문,소계,경남,0
2025-01,공공부문,소계,제주,0
2025-01,합,국민임대,전국,541
2025-01,합,국민임대,서울,541
2025-01,합,국민임대,인천,0
2025-01,합,국민임대,경기,0
2025-01,합,국민임대,부산,0
2025-01,합,국민임대,대구,0
2025-01,합,국민임대,광주,0
2025-01,합,국민임대,대전,0
2025-01,합,국민임대,울산,0
2025-01,합,국민임대,세종,0
2025-01,합,국민임대,강원,0
2025-01,합,국민임대,충북,0
2025-01,합,국민임대,충남,0
2025-01,합,국민임대,전북,0
2025-01,합,국민임대,전남,0
2025-01,합,국민임대,경북,0
2025-01,합,국민임대,경남,0
2025-01,합,국민임대,제주,0
2025-01,합,공공임대,전국,550
2025-01,합,공공임대,서울,74
2025-01,합,공공임대,인천,0
2025-01,합,공공임대,경기,188
2025-01,합,공공임대,부산,0
2025-01,합,공공임대,대구,0
2025-01,합,공공임대,광주,0
2025-01,합,공공임대,대전,0
2025-01,합,공공임대,울산,0
2025-01,합,공공임대,세종,0
2025-01,합,공공임대,강원,0
2025-01,합,공공임대,충북,0
2025-01,합,공공임대,충남,0
2025-01,합,공공임대,전북,288
2025-01,합,공공임대,전남,0
2025-01,합,공공임대,경북,0
2025-01,합,공공임대,경남,0
2025-01,합,공공임대,제주,0
2025-01,합,공공분양,전국,4,071
2025-01,합,공공분양,서울,0
2025-01,합,공공분양,인천,0
2025-01,합,공공분양,경기,2,084
2025-01,합,공공분양,부산,0
2025-01,합,공공분양,대구,0
2025-01,합,공공분양,광주,0
2025-01,합,공공분양,대전,0
2025-01,합,공공분양,울산,0
2025-01,합,공공분양,세종,0
2025-01,합,공공분양,강원,0
2025-01,합,공공분양,충북,0
2025-01,합,공공분양,충남,893
2025-01,합,공공분양,전북,1,094
2025-01,합,공공분양,전남,0
2025-01,합,공공분양,경북,0
2025-01,합,공공분양,경남,0
2025-01,합,공공분양,제주,0
2025-01,지자체,소계,전국,2,272
2025-01,지자체,소계,서울,0
2025-01,지자체,소계,인천,0
2025-01,지자체,소계,경기,2,272
2025-01,지자체,소계,부산,0
2025-01,지자체,소계,대구,0
2025-01,지자체,소계,광주,0
2025-01,지자체,소계,대전,0
2025-01,지자체,소계,울산,0
2025-01,지자체,소계,세종,0
2025-01,지자체,소계,강원,0
2025-01,지자체,소계,충북,0
2025-01,지자체,소계,충남,0
2025-01,지자체,소계,전북,0
2025-01,지자체,소계,전남,0
2025-01,지자체,소계,경북,0
2025-01,지자체,소계,경남,0
2025-01,지자체,소계,제주,0
2025-01,지자체,국민임대,전국,0
2025-01,지자체,국민임대,서울,0
2025-01,지자체,국민임대,인천,0
2025-01,지자체,국민임대,경기,0
2025-01,지자체,국민임대,부산,0
2025-01,지자체,국민임대,대구,0
2025-01,지자체,국민임대,광주,0
2025-01,지자체,국민임대,대전,0
2025-01,지자체,국민임대,울산,0
2025-01,지자체,국민임대,세종,0
2025-01,지자체,국민임대,강원,0
2025-01,지자체,국민임대,충북,0
2025-01,지자체,국민임대,충남,0
2025-01,지자체,국민임대,전북,0
2025-01,지자체,국민임대,전남,0
2025-01,지자체,국민임대,경북,0
2025-01,지자체,국민임대,경남,0
2025-01,지자체,국민임대,제주,0
2025-01,지자체,공공임대,전국,188
2025-01,지자체,공공임대,서울,0
2025-01,지자체,공공임대,인천,0
2025-01,지자체,공공임대,경기,188
2025-01,지자체,공공임대,부산,0
2025-01,지자체,공공임대,대구,0
2025-01,지자체,공공임대,광주,0
2025-01,지자체,공공임대,대전,0
2025-01,지자체,공공임대,울산,0
2025-01,지자체,공공임대,세종,0
2025-01,지자체,공공임대,강원,0
2025-01,지자체,공공임대,충북,0
2025-01,지자체,공공임대,충남,0
2025-01,지자체,공공임대,전북,0
2025-01,지자체,공공임대,전남,0
2025-01,지자체,공공임대,경북,0
2025-01,지자체,공공임대,경남,0
2025-01,지자체,공공임대,제주,0
2025-01,지자체,공공분양,전국,2,084
2025-01,지자체,공공분양,서울,0
2025-01,지자체,공공분양,인천,0
2025-01,지자체,공공분양,경기,2,084
2025-01,지자체,공공분양,부산,0
2025-01,지자체,공공분양,대구,0
2025-01,지자체,공공분양,광주,0
2025-01,지자체,공공분양,대전,0
2025-01,지자체,공공분양,울산,0
2025-01,지자체,공공분양,세종,0
2025-01,지자체,공공분양,강원,0
2025-01,지자체,공공분양,충북,0
2025-01,지자체,공공분양,충남,0
2025-01,지자체,공공분양,전북,0
2025-01,지자체,공공분양,전남,0
2025-01,지자체,공공분양,경북,0
2025-01,지자체,공공분양,경남,0
2025-01,지자체,공공분양,제주,0
2025-01,LH,소계,전국,1,382
2025-01,LH,소계,서울,0
2025-01,LH,소계,인천,0
2025-01,LH,소계,경기,0
2025-01,LH,소계,부산,0
2025-01,LH,소계,대구,0
2025-01,LH,소계,광주,0
2025-01,LH,소계,대전,0
2025-01,LH,소계,울산,0
2025-01,LH,소계,세종,0
2025-01,LH,소계,강원,0
2025-01,LH,소계,충북,0
2025-01,LH,소계,충남,0
2025-01,LH,소계,전북,1,382
2025-01,LH,소계,전남,0
2025-01,LH,소계,경북,0
2025-01,LH,소계,경남,0
2025-01,LH,소계,제주,0
2025-01,LH,국민임대,전국,0
2025-01,LH,국민임대,서울,0
2025-01,LH,국민임대,인천,0
2025-01,LH,국민임대,경기,0
2025-01,LH,국민임대,부산,0
2025-01,LH,국민임대,대구,0
2025-01,LH,국민임대,광주,0
2025-01,LH,국민임대,대전,0
2025-01,LH,국민임대,울산,0
2025-01,LH,국민임대,세종,0
2025-01,LH,국민임대,강원,0
2025-01,LH,국민임대,충북,0
2025-01,LH,국민임대,충남,0
2025-01,LH,국민임대,전북,0
2025-01,LH,국민임대,전남,0
2025-01,LH,국민임대,경북,0
2025-01,LH,국민임대,경남,0
2025-01,LH,국민임대,제주,0
2025-01,LH,공공임대,전국,288
2025-01,LH,공공임대,서울,0
2025-01,LH,공공임대,인천,0
2025-01,LH,공공임대,경기,0
2025-01,LH,공공임대,부산,0
2025-01,LH,공공임대,대구,0
2025-01,LH,공공임대,광주,0
2025-01,LH,공공임대,대전,0
2025-01,LH,공공임대,울산,0
2025-01,LH,공공임대,세종,0
2025-01,LH,공공임대,강원,0
2025-01,LH,공공임대,충북,0
2025-01,LH,공공임대,충남,0
2025-01,LH,공공임대,전북,288
2025-01,LH,공공임대,전남,0
2025-01,LH,공공임대,경북,0
2025-01,LH,공공임대,경남,0
2025-01,LH,공공임대,제주,0
2025-01,LH,공공분양,전국,1,094
2025-01,LH,공공분양,서울,0
2025-01,LH,공공분양,인천,0
2025-01,LH,공공분양,경기,0
2025-01,LH,공공분양,부산,0
2025-01,LH,공공분양,대구,0
2025-01,LH,공공분양,광주,0
2025-01,LH,공공분양,대전,0
2025-01,LH,공공분양,울산,0
2025-01,LH,공공분양,세종,0
2025-01,LH,공공분양,강원,0
2025-01,LH,공공분양,충북,0
2025-01,LH,공공분양,충남,0
2025-01,LH,공공분양,전북,1,094
2025-01,LH,공공분양,전남,0
2025-01,LH,공공분양,경북,0
2025-01,LH,공공분양,경남,0
2025-01,LH,공공분양,제주,0
2025-01,주택업체,소계,전국,1,508
2025-01,주택업체,소계,서울,615
2025-01,주택업체,소계,인천,0
2025-01,주택업체,소계,경기,0
2025-01,주택업체,소계,부산,0
2025-01,주택업체,소계,대구,0
2025-01,주택업체,소계,광주,0
2025-01,주택업체,소계,대전,0
2025-01,주택업체,소계,울산,0
2025-01,주택업체,소계,세종,0
2025-01,주택업체,소계,강원,0
2025-01,주택업체,소계,충북,0
2025-01,주택업체,소계,충남,893
2025-01,주택업체,소계,전북,0
2025-01,주택업체,소계,전남,0
2025-01,주택업체,소계,경북,0
2025-01,주택업체,소계,경남,0
2025-01,주택업체,소계,제주,0
2025-01,주택업체,국민임대,전국,541
2025-01,주택업체,국민임대,서울,541
2025-01,주택업체,국민임대,인천,0
2025-01,주택업체,국민임대,경기,0
2025-01,주택업체,국민임대,부산,0
2025-01,주택업체,국민임대,대구,0
2025-01,주택업체,국민임대,광주,0
2025-01,주택업체,국민임대,대전,0
2025-01,주택업체,국민임대,울산,0
2025-01,주택업체,국민임대,세종,0
2025-01,주택업체,국민임대,강원,0
2025-01,주택업체,국민임대,충북,0
2025-01,주택업체,국민임대,충남,0
2025-01,주택업체,국민임대,전북,0
2025-01,주택업체,국민임대,전남,0
2025-01,주택업체,국민임대,경북,0
2025-01,주택업체,국민임대,경남,0
2025-01,주택업체,국민임대,제주,0
2025-01,주택업체,공공임대,전국,74
2025-01,주택업체,공공임대,서울,74
2025-01,주택업체,공공임대,인천,0
2025-01,주택업체,공공임대,경기,0
2025-01,주택업체,공공임대,부산,0
2025-01,주택업체,공공임대,대구,0
2025-01,주택업체,공공임대,광주,0
2025-01,주택업체,공공임대,대전,0
2025-01,주택업체,공공임대,울산,0
2025-01,주택업체,공공임대,세종,0
2025-01,주택업체,공공임대,강원,0
2025-01,주택업체,공공임대,충북,0
2025-01,주택업체,공공임대,충남,0
2025-01,주택업체,공공임대,전북,0
2025-01,주택업체,공공임대,전남,0
2025-01,주택업체,공공임대,경북,0
2025-01,주택업체,공공임대,경남,0
2025-01,주택업체,공공임대,제주,0
2025-01,주택업체,공공분양,전국,893
2025-01,주택업체,공공분양,서울,0
2025-01,주택업체,공공분양,인천,0
2025-01,주택업체,공공분양,경기,0
2025-01,주택업체,공공분양,부산,0
2025-01,주택업체,공공분양,대구,0
2025-01,주택업체,공공분양,광주,0
2025-01,주택업체,공공분양,대전,0
2025-01,주택업체,공공분양,울산,0
2025-01,주택업체,공공분양,세종,0
2025-01,주택업체,공공분양,강원,0
2025-01,주택업체,공공분양,충북,0
2025-01,주택업체,공공분양,충남,893
2025-01,주택업체,공공분양,전북,0
2025-01,주택업체,공공분양,전남,0
2025-01,주택업체,공공분양,경북,0
2025-01,주택업체,공공분양,경남,0
2025-01,주택업체,공공분양,제주,0
2025-01,민간부문,소계,전국,25,555
2025-01,민간부문,소계,서울,4,146
2025-01,민간부문,소계,인천,1,532
2025-01,민간부문,소계,경기,2,547
2025-01,민간부문,소계,부산,2,528
2025-01,민간부문,소계,대구,1,507
2025-01,민간부문,소계,광주,2,747
2025-01,민간부문,소계,대전,11
2025-01,민간부문,소계,울산,20
2025-01,민간부문,소계,세종,14
2025-01,민간부문,소계,강원,848
2025-01,민간부문,소계,충북,677
2025-01,민간부문,소계,충남,3,193
2025-01,민간부문,소계,전북,120
2025-01,민간부문,소계,전남,1,857
2025-01,민간부문,소계,경북,194
2025-01,민간부문,소계,경남,3,425
2025-01,민간부문,소계,제주,189
2025-01,민간,민간임대,전국,2,203
2025-01,민간,민간임대,서울,463
2025-01,민간,민간임대,인천,0
2025-01,민간,민간임대,경기,0
2025-01,민간,민간임대,부산,115
2025-01,민간,민간임대,대구,0
2025-01,민간,민간임대,광주,218
2025-01,민간,민간임대,대전,0
2025-01,민간,민간임대,울산,0
2025-01,민간,민간임대,세종,0
2025-01,민간,민간임대,강원,604
2025-01,민간,민간임대,충북,0
2025-01,민간,민간임대,충남,0
2025-01,민간,민간임대,전북,0
2025-01,민간,민간임대,전남,0
2025-01,민간,민간임대,경북,0
2025-01,민간,민간임대,경남,803
2025-01,민간,민간임대,제주,0
2025-01,민간,민간분양,전국,23,352
2025-01,민간,민간분양,서울,3,683
2025-01,민간,민간분양,인천,1,532
2025-01,민간,민간분양,경기,2,547
2025-01,민간,민간분양,부산,2,413
2025-01,민간,민간분양,대구,1,507
2025-01,민간,민간분양,광주,2,529
2025-01,민간,민간분양,대전,11
2025-01,민간,민간분양,울산,20
2025-01,민간,민간분양,세종,14
2025-01,민간,민간분양,강원,244
2025-01,민간,민간분양,충북,677
2025-01,민간,민간분양,충남,3,193
2025-01,민간,민간분양,전북,120
2025-01,민간,민간분양,전남,1,857
2025-01,민간,민간분양,경북,194
2025-01,민간,민간분양,경남,2,622
2025-01,민간,민간분양,제주,189
2025-02,총계,총계,전국,29,915
2025-02,총계,총계,서울,1,970
2025-02,총계,총계,인천,231
2025-02,총계,총계,경기,6,995
2025-02,총계,총계,부산,256
2025-02,총계,총계,대구,17
2025-02,총계,총계,광주,758
2025-02,총계,총계,대전,5,145
2025-02,총계,총계,울산,147
2025-02,총계,총계,세종,6
2025-02,총계,총계,강원,1,089
2025-02,총계,총계,충북,699
2025-02,총계,총계,충남,2,091
2025-02,총계,총계,전북,1,785
2025-02,총계,총계,전남,2,015
2025-02,총계,총계,경북,1,657
2025-02,총계,총계,경남,4,714
2025-02,총계,총계,제주,340
2025-02,공공부문,소계,전국,2,056
2025-02,공공부문,소계,서울,331
2025-02,공공부문,소계,인천,130
2025-02,공공부문,소계,경기,1,595
2025-02,공공부문,소계,부산,0
2025-02,공공부문,소계,대구,0
2025-02,공공부문,소계,광주,0
2025-02,공공부문,소계,대전,0
2025-02,공공부문,소계,울산,0
2025-02,공공부문,소계,세종,0
2025-02,공공부문,소계,강원,0
2025-02,공공부문,소계,충북,0
2025-02,공공부문,소계,충남,0
2025-02,공공부문,소계,전북,0
2025-02,공공부문,소계,전남,0
2025-02,공공부문,소계,경북,0
2025-02,공공부문,소계,경남,0
2025-02,공공부문,소계,제주,0
2025-02,합,국민임대,전국,60
2025-02,합,국민임대,서울,0
2025-02,합,국민임대,인천,60
2025-02,합,국민임대,경기,0
2025-02,합,국민임대,부산,0
2025-02,합,국민임대,대구,0
2025-02,합,국민임대,광주,0
2025-02,합,국민임대,대전,0
2025-02,합,국민임대,울산,0
2025-02,합,국민임대,세종,0
2025-02,합,국민임대,강원,0
2025-02,합,국민임대,충북,0
2025-02,합,국민임대,충남,0
2025-02,합,국민임대,전북,0
2025-02,합,국민임대,전남,0
2025-02,합,국민임대,경북,0
2025-02,합,국민임대,경남,0
2025-02,합,국민임대,제주,0
2025-02,합,공공임대,전국,1,996
2025-02,합,공공임대,서울,331
2025-02,합,공공임대,인천,70
2025-02,합,공공임대,경기,1,595
2025-02,합,공공임대,부산,0
2025-02,합,공공임대,대구,0
2025-02,합,공공임대,광주,0
2025-02,합,공공임대,대전,0
2025-02,합,공공임대,울산,0
2025-02,합,공공임대,세종,0
2025-02,합,공공임대,강원,0
2025-02,합,공공임대,충북,0
2025-02,합,공공임대,충남,0
2025-02,합,공공임대,전북,0
2025-02,합,공공임대,전남,0
2025-02,합,공공임대,경북,0
2025-02,합,공공임대,경남,0
2025-02,합,공공임대,제주,0
2025-02,합,공공분양,전국,0
2025-02,합,공공분양,서울,0
2025-02,합,공공분양,인천,0
2025-02,합,공공분양,경기,0
2025-02,합,공공분양,부산,0
2025-02,합,공공분양,대구,0
2025-02,합,공공분양,광주,0
2025-02,합,공공분양,대전,0
2025-02,합,공공분양,울산,0
2025-02,합,공공분양,세종,0
2025-02,합,공공분양,강원,0
2025-02,합,공공분양,충북,0
2025-02,합,공공분양,충남,0
2025-02,합,공공분양,전북,0
2025-02,합,공공분양,전남,0
2025-02,합,공공분양,경북,0
2025-02,합,공공분양,경남,0
2025-02,합,공공분양,제주,0
2025-02,지자체,소계,전국,0
2025-02,지자체,소계,서울,0
2025-02,지자체,소계,인천,0
2025-02,지자체,소계,경기,0
2025-02,지자체,소계,부산,0
2025-02,지자체,소계,대구,0
2025-02,지자체,소계,광주,0
2025-02,지자체,소계,대전,0
2025-02,지자체,소계,울산,0
2025-02,지자체,소계,세종,0
2025-02,지자체,소계,강원,0
2025-02,지자체,소계,충북,0
2025-02,지자체,소계,충남,0
2025-02,지자체,소계,전북,0
2025-02,지자체,소계,전남,0
2025-02,지자체,소계,경북,0
2025-02,지자체,소계,경남,0
2025-02,지자체,소계,제주,0
2025-02,지자체,국민임대,전국,0
2025-02,지자체,국민임대,서울,0
2025-02,지자체,국민임대,인천,0
2025-02,지자체,국민임대,경기,0
2025-02,지자체,국민임대,부산,0
2025-02,지자체,국민임대,대구,0
2025-02,지자체,국민임대,광주,0
2025-02,지자체,국민임대,대전,0
2025-02,지자체,국민임대,울산,0
2025-02,지자체,국민임대,세종,0
2025-02,지자체,국민임대,강원,0
2025-02,지자체,국민임대,충북,0
2025-02,지자체,국민임대,충남,0
2025-02,지자체,국민임대,전북,0
2025-02,지자체,국민임대,전남,0
2025-02,지자체,국민임대,경북,0
2025-02,지자체,국민임대,경남,0
2025-02,지자체,국민임대,제주,0
2025-02,지자체,공공임대,전국,0
2025-02,지자체,공공임대,서울,0
2025-02,지자체,공공임대,인천,0
2025-02,지자체,공공임대,경기,0
2025-02,지자체,공공임대,부산,0
2025-02,지자체,공공임대,대구,0
2025-02,지자체,공공임대,광주,0
2025-02,지자체,공공임대,대전,0
2025-02,지자체,공공임대,울산,0
2025-02,지자체,공공임대,세종,0
2025-02,지자체,공공임대,강원,0
2025-02,지자체,공공임대,충북,0
2025-02,지자체,공공임대,충남,0
2025-02,지자체,공공임대,전북,0
2025-02,지자체,공공임대,전남,0
2025-02,지자체,공공임대,경북,0
2025-02,지자체,공공임대,경남,0
2025-02,지자체,공공임대,제주,0
2025-02,지자체,공공분양,전국,0
2025-02,지자체,공공분양,서울,0
2025-02,지자체,공공분양,인천,0
2025-02,지자체,공공분양,경기,0
2025-02,지자체,공공분양,부산,0
2025-02,지자체,공공분양,대구,0
2025-02,지자체,공공분양,광주,0
2025-02,지자체,공공분양,대전,0
2025-02,지자체,공공분양,울산,0
2025-02,지자체,공공분양,세종,0
2025-02,지자체,공공분양,강원,0
2025-02,지자체,공공분양,충북,0
2025-02,지자체,공공분양,충남,0
2025-02,지자체,공공분양,전북,0
2025-02,지자체,공공분양,전남,0
2025-02,지자체,공공분양,경북,0
2025-02,지자체,공공분양,경남,0
2025-02,지자체,공공분양,제주,0
2025-02,LH,소계,전국,1,372
2025-02,LH,소계,서울,0
2025-02,LH,소계,인천,130
2025-02,LH,소계,경기,1,242
2025-02,LH,소계,부산,0
2025-02,LH,소계,대구,0
2025-02,LH,소계,광주,0
2025-02,LH,소계,대전,0
2025-02,LH,소계,울산,0
2025-02,LH,소계,세종,0
2025-02,LH,소계,강원,0
2025-02,LH,소계,충북,0
2025-02,LH,소계,충남,0
2025-02,LH,소계,전북,0
2025-02,LH,소계,전남,0
2025-02,LH,소계,경북,0
2025-02,LH,소계,경남,0
2025-02,LH,소계,제주,0
2025-02,LH,국민임대,전국,60
2025-02,LH,국민임대,서울,0
2025-02,LH,국민임대,인천,60
2025-02,LH,국민임대,경기,0
2025-02,LH,국민임대,부산,0
2025-02,LH,국민임대,대구,0
2025-02,LH,국민임대,광주,0
2025-02,LH,국민임대,대전,0
2025-02,LH,국민임대,울산,0
2025-02,LH,국민임대,세종,0
2025-02,LH,국민임대,강원,0
2025-02,LH,국민임대,충북,0
2025-02,LH,국민임대,충남,0
2025-02,LH,국민임대,전북,0
2025-02,LH,국민임대,전남,0
2025-02,LH,국민임대,경북,0
2025-02,LH,국민임대,경남,0
2025-02,LH,국민임대,제주,0
2025-02,LH,공공임대,전국,1,312
2025-02,LH,공공임대,서울,0
2025-02,LH,공공임대,인천,70
2025-02,LH,공공임대,경기,1,242
2025-02,LH,공공임대,부산,0
2025-02,LH,공공임대,대구,0
2025-02,LH,공공임대,광주,0
2025-02,LH,공공임대,대전,0
2025-02,LH,공공임대,울산,0
2025-02,LH,공공임대,세종,0
2025-02,LH,공공임대,강원,0
2025-02,LH,공공임대,충북,0
2025-02,LH,공공임대,충남,0
2025-02,LH,공공임대,전북,0
2025-02,LH,공공임대,전남,0
2025-02,LH,공공임대,경북,0
2025-02,LH,공공임대,경남,0
2025-02,LH,공공임대,제주,0
2025-02,LH,공공분양,전국,0
2025-02,LH,공공분양,서울,0
2025-02,LH,공공분양,인천,0
2025-02,LH,공공분양,경기,0
2025-02,LH,공공분양,부산,0
2025-02,LH,공공분양,대구,0
2025-02,LH,공공분양,광주,0
2025-02,LH,공공분양,대전,0
2025-02,LH,공공분양,울산,0
2025-02,LH,공공분양,세종,0
2025-02,LH,공공분양,강원,0
2025-02,LH,공공분양,충북,0
2025-02,LH,공공분양,충남,0
2025-02,LH,공공분양,전북,0
2025-02,LH,공공분양,전남,0
2025-02,LH,공공분양,경북,0
2025-02,LH,공공분양,경남,0
2025-02,LH,공공분양,제주,0
2025-02,주택업체,소계,전국,684
2025-02,주택업체,소계,서울,331
2025-02,주택업체,소계,인천,0
2025-02,주택업체,소계,경기,353
2025-02,주택업체,소계,부산,0
2025-02,주택업체,소계,대구,0
2025-02,주택업체,소계,광주,0
2025-02,주택업체,소계,대전,0
2025-02,주택업체,소계,울산,0
2025-02,주택업체,소계,세종,0
2025-02,주택업체,소계,강원,0
2025-02,주택업체,소계,충북,0
2025-02,주택업체,소계,충남,0
2025-02,주택업체,소계,전북,0
2025-02,주택업체,소계,전남,0
2025-02,주택업체,소계,경북,0
2025-02,주택업체,소계,경남,0
2025-02,주택업체,소계,제주,0
2025-02,주택업체,국민임대,전국,0
2025-02,주택업체,국민임대,서울,0
2025-02,주택업체,국민임대,인천,0
2025-02,주택업체,국민임대,경기,0
2025-02,주택업체,국민임대,부산,0
2025-02,주택업체,국민임대,대구,0
2025-02,주택업체,국민임대,광주,0
2025-02,주택업체,국민임대,대전,0
2025-02,주택업체,국민임대,울산,0
2025-02,주택업체,국민임대,세종,0
2025-02,주택업체,국민임대,강원,0
2025-02,주택업체,국민임대,충북,0
2025-02,주택업체,국민임대,충남,0
2025-02,주택업체,국민임대,전북,0
2025-02,주택업체,국민임대,전남,0
2025-02,주택업체,국민임대,경북,0
2025-02,주택업체,국민임대,경남,0
2025-02,주택업체,국민임대,제주,0
2025-02,주택업체,공공임대,전국,684
2025-02,주택업체,공공임대,서울,331
2025-02,주택업체,공공임대,인천,0
2025-02,주택업체,공공임대,경기,353
2025-02,주택업체,공공임대,부산,0
2025-02,주택업체,공공임대,대구,0
2025-02,주택업체,공공임대,광주,0
2025-02,주택업체,공공임대,대전,0
2025-02,주택업체,공공임대,울산,0
2025-02,주택업체,공공임대,세종,0
2025-02,주택업체,공공임대,강원,0
2025-02,주택업체,공공임대,충북,0
2025-02,주택업체,공공임대,충남,0
2025-02,주택업체,공공임대,전북,0
2025-02,주택업체,공공임대,전남,0
2025-02,주택업체,공공임대,경북,0
2025-02,주택업체,공공임대,경남,0
2025-02,주택업체,공공임대,제주,0
2025-02,주택업체,공공분양,전국,0
2025-02,주택업체,공공분양,서울,0
2025-02,주택업체,공공분양,인천,0
2025-02,주택업체,공공분양,경기,0
2025-02,주택업체,공공분양,부산,0
2025-02,주택업체,공공분양,대구,0
2025-02,주택업체,공공분양,광주,0
2025-02,주택업체,공공분양,대전,0
2025-02,주택업체,공공분양,울산,0
2025-02,주택업체,공공분양,세종,0
2025-02,주택업체,공공분양,강원,0
2025-02,주택업체,공공분양,충북,0
2025-02,주택업체,공공분양,충남,0
2025-02,주택업체,공공분양,전북,0
2025-02,주택업체,공공분양,전남,0
2025-02,주택업체,공공분양,경북,0
2025-02,주택업체,공공분양,경남,0
2025-02,주택업체,공공분양,제주,0
2025-02,민간부문,소계,전국,27,859
2025-02,민간부문,소계,서울,1,639
2025-02,민간부문,소계,인천,101
2025-02,민간부문,소계,경기,5,400
2025-02,민간부문,소계,부산,256
2025-02,민간부문,소계,대구,17
2025-02,민간부문,소계,광주,758
2025-02,민간부문,소계,대전,5,145
2025-02,민간부문,소계,울산,147
2025-02,민간부문,소계,세종,6
2025-02,민간부문,소계,강원,1,089
2025-02,민간부문,소계,충북,699
2025-02,민간부문,소계,충남,2,091
2025-02,민간부문,소계,전북,1,785
2025-02,민간부문,소계,전남,2,015
2025-02,민간부문,소계,경북,1,657
2025-02,민간부문,소계,경남,4,714
2025-02,민간부문,소계,제주,340
2025-02,민간,민간임대,전국,2,616
2025-02,민간,민간임대,서울,479
2025-02,민간,민간임대,인천,0
2025-02,민간,민간임대,경기,921
2025-02,민간,민간임대,부산,0
2025-02,민간,민간임대,대구,0
2025-02,민간,민간임대,광주,0
2025-02,민간,민간임대,대전,95
2025-02,민간,민간임대,울산,0
2025-02,민간,민간임대,세종,0
2025-02,민간,민간임대,강원,0
2025-02,민간,민간임대,충북,0
2025-02,민간,민간임대,충남,0
2025-02,민간,민간임대,전북,0
2025-02,민간,민간임대,전남,1,057
2025-02,민간,민간임대,경북,0
2025-02,민간,민간임대,경남,0
2025-02,민간,민간임대,제주,64
2025-02,민간,민간분양,전국,25,243
2025-02,민간,민간분양,서울,1,160
2025-02,민간,민간분양,인천,101
2025-02,민간,민간분양,경기,4,479
2025-02,민간,민간분양,부산,256
2025-02,민간,민간분양,대구,17
2025-02,민간,민간분양,광주,758
2025-02,민간,민간분양,대전,5,050
2025-02,민간,민간분양,울산,147
2025-02,민간,민간분양,세종,6
2025-02,민간,민간분양,강원,1,089
2025-02,민간,민간분양,충북,699
2025-02,민간,민간분양,충남,2,091
2025-02,민간,민간분양,전북,1,785
2025-02,민간,민간분양,전남,958
2025-02,민간,민간분양,경북,1,657
2025-02,민간,민간분양,경남,4,714
2025-02,민간,민간분양,제주,276
2025-03,총계,총계,전국,20,837
2025-03,총계,총계,서울,2,871
2025-03,총계,총계,인천,2,347
2025-03,총계,총계,경기,9,097
2025-03,총계,총계,부산,1,782
2025-03,총계,총계,대구,460
2025-03,총계,총계,광주,981
2025-03,총계,총계,대전,52
2025-03,총계,총계,울산,33
2025-03,총계,총계,세종,155
2025-03,총계,총계,강원,120
2025-03,총계,총계,충북,101
2025-03,총계,총계,충남,158
2025-03,총계,총계,전북,331
2025-03,총계,총계,전남,166
2025-03,총계,총계,경북,1,294
2025-03,총계,총계,경남,790
2025-03,총계,총계,제주,99
2025-03,공공부문,소계,전국,1,954
2025-03,공공부문,소계,서울,664
2025-03,공공부문,소계,인천,0
2025-03,공공부문,소계,경기,1,067
2025-03,공공부문,소계,부산,0
2025-03,공공부문,소계,대구,50
2025-03,공공부문,소계,광주,0
2025-03,공공부문,소계,대전,0
2025-03,공공부문,소계,울산,0
2025-03,공공부문,소계,세종,151
2025-03,공공부문,소계,강원,0
2025-03,공공부문,소계,충북,0
2025-03,공공부문,소계,충남,0
2025-03,공공부문,소계,전북,22
2025-03,공공부문,소계,전남,0
2025-03,공공부문,소계,경북,0
2025-03,공공부문,소계,경남,0
2025-03,공공부문,소계,제주,0
2025-03,합,국민임대,전국,79
2025-03,합,국민임대,서울,0
2025-03,합,국민임대,인천,0
2025-03,합,국민임대,경기,79
2025-03,합,국민임대,부산,0
2025-03,합,국민임대,대구,0
2025-03,합,국민임대,광주,0
2025-03,합,국민임대,대전,0
2025-03,합,국민임대,울산,0
2025-03,합,국민임대,세종,0
2025-03,합,국민임대,강원,0
2025-03,합,국민임대,충북,0
2025-03,합,국민임대,충남,0
2025-03,합,국민임대,전북,0
2025-03,합,국민임대,전남,0
2025-03,합,국민임대,경북,0
2025-03,합,국민임대,경남,0
2025-03,합,국민임대,제주,0
2025-03,합,공공임대,전국,926
2025-03,합,공공임대,서울,396
2025-03,합,공공임대,인천,0
2025-03,합,공공임대,경기,329
2025-03,합,공공임대,부산,0
2025-03,합,공공임대,대구,50
2025-03,합,공공임대,광주,0
2025-03,합,공공임대,대전,0
2025-03,합,공공임대,울산,0
2025-03,합,공공임대,세종,151
2025-03,합,공공임대,강원,0
2025-03,합,공공임대,충북,0
2025-03,합,공공임대,충남,0
2025-03,합,공공임대,전북,0
2025-03,합,공공임대,전남,0
2025-03,합,공공임대,경북,0
2025-03,합,공공임대,경남,0
2025-03,합,공공임대,제주,0
2025-03,합,공공분양,전국,949
2025-03,합,공공분양,서울,268
2025-03,합,공공분양,인천,0
2025-03,합,공공분양,경기,659
2025-03,합,공공분양,부산,0
2025-03,합,공공분양,대구,0
2025-03,합,공공분양,광주,0
2025-03,합,공공분양,대전,0
2025-03,합,공공분양,울산,0
2025-03,합,공공분양,세종,0
2025-03,합,공공분양,강원,0
2025-03,합,공공분양,충북,0
2025-03,합,공공분양,충남,0
2025-03,합,공공분양,전북,22
2025-03,합,공공분양,전남,0
2025-03,합,공공분양,경북,0
2025-03,합,공공분양,경남,0
2025-03,합,공공분양,제주,0
2025-03,지자체,소계,전국,326
2025-03,지자체,소계,서울,326
2025-03,지자체,소계,인천,0
2025-03,지자체,소계,경기,0
2025-03,지자체,소계,부산,0
2025-03,지자체,소계,대구,0
2025-03,지자체,소계,광주,0
2025-03,지자체,소계,대전,0
2025-03,지자체,소계,울산,0
2025-03,지자체,소계,세종,0
2025-03,지자체,소계,강원,0
2025-03,지자체,소계,충북,0
2025-03,지자체,소계,충남,0
2025-03,지자체,소계,전북,0
2025-03,지자체,소계,전남,0
2025-03,지자체,소계,경북,0
2025-03,지자체,소계,경남,0
2025-03,지자체,소계,제주,0
2025-03,지자체,국민임대,전국,0
2025-03,지자체,국민임대,서울,0
2025-03,지자체,국민임대,인천,0
2025-03,지자체,국민임대,경기,0
2025-03,지자체,국민임대,부산,0
2025-03,지자체,국민임대,대구,0
2025-03,지자체,국민임대,광주,0
2025-03,지자체,국민임대,대전,0
2025-03,지자체,국민임대,울산,0
2025-03,지자체,국민임대,세종,0
2025-03,지자체,국민임대,강원,0
2025-03,지자체,국민임대,충북,0
2025-03,지자체,국민임대,충남,0
2025-03,지자체,국민임대,전북,0
2025-03,지자체,국민임대,전남,0
2025-03,지자체,국민임대,경북,0
2025-03,지자체,국민임대,경남,0
2025-03,지자체,국민임대,제주,0
2025-03,지자체,공공임대,전국,58
2025-03,지자체,공공임대,서울,58
2025-03,지자체,공공임대,인천,0
2025-03,지자체,공공임대,경기,0
2025-03,지자체,공공임대,부산,0
2025-03,지자체,공공임대,대구,0
2025-03,지자체,공공임대,광주,0
2025-03,지자체,공공임대,대전,0
2025-03,지자체,공공임대,울산,0
2025-03,지자체,공공임대,세종,0
2025-03,지자체,공공임대,강원,0
2025-03,지자체,공공임대,충북,0
2025-03,지자체,공공임대,충남,0
2025-03,지자체,공공임대,전북,0
2025-03,지자체,공공임대,전남,0
2025-03,지자체,공공임대,경북,0
2025-03,지자체,공공임대,경남,0
2025-03,지자체,공공임대,제주,0
2025-03,지자체,공공분양,전국,268
2025-03,지자체,공공분양,서울,268
2025-03,지자체,공공분양,인천,0
2025-03,지자체,공공분양,경기,0
2025-03,지자체,공공분양,부산,0
2025-03,지자체,공공분양,대구,0
2025-03,지자체,공공분양,광주,0
2025-03,지자체,공공분양,대전,0
2025-03,지자체,공공분양,울산,0
2025-03,지자체,공공분양,세종,0
2025-03,지자체,공공분양,강원,0
2025-03,지자체,공공분양,충북,0
2025-03,지자체,공공분양,충남,0
2025-03,지자체,공공분양,전북,0
2025-03,지자체,공공분양,전남,0
2025-03,지자체,공공분양,경북,0
2025-03,지자체,공공분양,경남,0
2025-03,지자체,공공분양,제주,0
2025-03,LH,소계,전국,1,189
2025-03,LH,소계,서울,0
2025-03,LH,소계,인천,0
2025-03,LH,소계,경기,988
2025-03,LH,소계,부산,0
2025-03,LH,소계,대구,50
2025-03,LH,소계,광주,0
2025-03,LH,소계,대전,0
2025-03,LH,소계,울산,0
2025-03,LH,소계,세종,151
2025-03,LH,소계,강원,0
2025-03,LH,소계,충북,0
2025-03,LH,소계,충남,0
2025-03,LH,소계,전북,0
2025-03,LH,소계,전남,0
2025-03,LH,소계,경북,0
2025-03,LH,소계,경남,0
2025-03,LH,소계,제주,0
2025-03,LH,국민임대,전국,0
2025-03,LH,국민임대,서울,0
2025-03,LH,국민임대,인천,0
2025-03,LH,국민임대,경기,0
2025-03,LH,국민임대,부산,0
2025-03,LH,국민임대,대구,0
2025-03,LH,국민임대,광주,0
2025-03,LH,국민임대,대전,0
2025-03,LH,국민임대,울산,0
2025-03,LH,국민임대,세종,0
2025-03,LH,국민임대,강원,0
2025-03,LH,국민임대,충북,0
2025-03,LH,국민임대,충남,0
2025-03,LH,국민임대,전북,0
2025-03,LH,국민임대,전남,0
2025-03,LH,국민임대,경북,0
2025-03,LH,국민임대,경남,0
2025-03,LH,국민임대,제주,0
2025-03,LH,공공임대,전국,530
2025-03,LH,공공임대,서울,0
2025-03,LH,공공임대,인천,0
2025-03,LH,공공임대,경기,329
2025-03,LH,공공임대,부산,0
2025-03,LH,공공임대,대구,50
2025-03,LH,공공임대,광주,0
2025-03,LH,공공임대,대전,0
2025-03,LH,공공임대,울산,0
2025-03,LH,공공임대,세종,151
2025-03,LH,공공임대,강원,0
2025-03,LH,공공임대,충북,0
2025-03,LH,공공임대,충남,0
2025-03,LH,공공임대,전북,0
2025-03,LH,공공임대,전남,0
2025-03,LH,공공임대,경북,0
2025-03,LH,공공임대,경남,0
2025-03,LH,공공임대,제주,0
2025-03,LH,공공분양,전국,659
2025-03,LH,공공분양,서울,0
2025-03,LH,공공분양,인천,0
2025-03,LH,공공분양,경기,659
2025-03,LH,공공분양,부산,0
2025-03,LH,공공분양,대구,0
2025-03,LH,공공분양,광주,0
2025-03,LH,공공분양,대전,0
2025-03,LH,공공분양,울산,0
2025-03,LH,공공분양,세종,0
2025-03,LH,공공분양,강원,0
2025-03,LH,공공분양,충북,0
2025-03,LH,공공분양,충남,0
2025-03,LH,공공분양,전북,0
2025-03,LH,공공분양,전남,0
2025-03,LH,공공분양,경북,0
2025-03,LH,공공분양,경남,0
2025-03,LH,공공분양,제주,0
2025-03,주택업체,소계,전국,439
2025-03,주택업체,소계,서울,338
2025-03,주택업체,소계,인천,0
2025-03,주택업체,소계,경기,79
2025-03,주택업체,소계,부산,0
2025-03,주택업체,소계,대구,0
2025-03,주택업체,소계,광주,0
2025-03,주택업체,소계,대전,0
2025-03,주택업체,소계,울산,0
2025-03,주택업체,소계,세종,0
2025-03,주택업체,소계,강원,0
2025-03,주택업체,소계,충북,0
2025-03,주택업체,소계,충남,0
2025-03,주택업체,소계,전북,22
2025-03,주택업체,소계,전남,0
2025-03,주택업체,소계,경북,0
2025-03,주택업체,소계,경남,0
2025-03,주택업체,소계,제주,0
2025-03,주택업체,국민임대,전국,79
2025-03,주택업체,국민임대,서울,0
2025-03,주택업체,국민임대,인천,0
2025-03,주택업체,국민임대,경기,79
2025-03,주택업체,국민임대,부산,0
2025-03,주택업체,국민임대,대구,0
2025-03,주택업체,국민임대,광주,0
2025-03,주택업체,국민임대,대전,0
2025-03,주택업체,국민임대,울산,0
2025-03,주택업체,국민임대,세종,0
2025-03,주택업체,국민임대,강원,0
2025-03,주택업체,국민임대,충북,0
2025-03,주택업체,국민임대,충남,0
2025-03,주택업체,국민임대,전북,0
2025-03,주택업체,국민임대,전남,0
2025-03,주택업체,국민임대,경북,0
2025-03,주택업체,국민임대,경남,0
2025-03,주택업체,국민임대,제주,0
2025-03,주택업체,공공임대,전국,338
2025-03,주택업체,공공임대,서울,338
2025-03,주택업체,공공임대,인천,0
2025-03,주택업체,공공임대,경기,0
2025-03,주택업체,공공임대,부산,0
2025-03,주택업체,공공임대,대구,0
2025-03,주택업체,공공임대,광주,0
2025-03,주택업체,공공임대,대전,0
2025-03,주택업체,공공임대,울산,0
2025-03,주택업체,공공임대,세종,0
2025-03,주택업체,공공임대,강원,0
2025-03,주택업체,공공임대,충북,0
2025-03,주택업체,공공임대,충남,0
2025-03,주택업체,공공임대,전북,0
2025-03,주택업체,공공임대,전남,0
2025-03,주택업체,공공임대,경북,0
2025-03,주택업체,공공임대,경남,0
2025-03,주택업체,공공임대,제주,0
2025-03,주택업체,공공분양,전국,22
2025-03,주택업체,공공분양,서울,0
2025-03,주택업체,공공분양,인천,0
2025-03,주택업체,공공분양,경기,0
2025-03,주택업체,공공분양,부산,0
2025-03,주택업체,공공분양,대구,0
2025-03,주택업체,공공분양,광주,0
2025-03,주택업체,공공분양,대전,0
2025-03,주택업체,공공분양,울산,0
2025-03,주택업체,공공분양,세종,0
2025-03,주택업체,공공분양,강원,0
2025-03,주택업체,공공분양,충북,0
2025-03,주택업체,공공분양,충남,0
2025-03,주택업체,공공분양,전북,22
2025-03,주택업체,공공분양,전남,0
2025-03,주택업체,공공분양,경북,0
2025-03,주택업체,공공분양,경남,0
2025-03,주택업체,공공분양,제주,0
2025-03,민간부문,소계,전국,18,883
2025-03,민간부문,소계,서울,2,207
2025-03,민간부문,소계,인천,2,347
2025-03,민간부문,소계,경기,8,030
2025-03,민간부문,소계,부산,1,782
2025-03,민간부문,소계,대구,410
2025-03,민간부문,소계,광주,981
2025-03,민간부문,소계,대전,52
2025-03,민간부문,소계,울산,33
2025-03,민간부문,소계,세종,4
2025-03,민간부문,소계,강원,120
2025-03,민간부문,소계,충북,101
2025-03,민간부문,소계,충남,158
2025-03,민간부문,소계,전북,309
2025-03,민간부문,소계,전남,166
2025-03,민간부문,소계,경북,1,294
2025-03,민간부문,소계,경남,790
2025-03,민간부문,소계,제주,99
2025-03,민간,민간임대,전국,1,261
2025-03,민간,민간임대,서울,541
2025-03,민간,민간임대,인천,0
2025-03,민간,민간임대,경기,72
2025-03,민간,민간임대,부산,0
2025-03,민간,민간임대,대구,0
2025-03,민간,민간임대,광주,27
2025-03,민간,민간임대,대전,0
2025-03,민간,민간임대,울산,0
2025-03,민간,민간임대,세종,0
2025-03,민간,민간임대,강원,0
2025-03,민간,민간임대,충북,0
2025-03,민간,민간임대,충남,0
2025-03,민간,민간임대,전북,99
2025-03,민간,민간임대,전남,0
2025-03,민간,민간임대,경북,522
2025-03,민간,민간임대,경남,0
2025-03,민간,민간임대,제주,0
2025-03,민간,민간분양,전국,17,622
2025-03,민간,민간분양,서울,1,666
2025-03,민간,민간분양,인천,2,347
2025-03,민간,민간분양,경기,7,958
2025-03,민간,민간분양,부산,1,782
2025-03,민간,민간분양,대구,410
2025-03,민간,민간분양,광주,954
2025-03,민간,민간분양,대전,52
2025-03,민간,민간분양,울산,33
2025-03,민간,민간분양,세종,4
2025-03,민간,민간분양,강원,120
2025-03,민간,민간분양,충북,101
2025-03,민간,민간분양,충남,158
2025-03,민간,민간분양,전북,210
2025-03,민간,민간분양,전남,166
2025-03,민간,민간분양,경북,772
2025-03,민간,민간분양,경남,790
2025-03,민간,민간분양,제주,99
2025-04,총계,총계,전국,30,763
2025-04,총계,총계,서울,5,818
2025-04,총계,총계,인천,2,077
2025-04,총계,총계,경기,7,011
2025-04,총계,총계,부산,2,427
2025-04,총계,총계,대구,1,407
2025-04,총계,총계,광주,952
2025-04,총계,총계,대전,2,549
2025-04,총계,총계,울산,1,279
2025-04,총계,총계,세종,31
2025-04,총계,총계,강원,133
2025-04,총계,총계,충북,1,034
2025-04,총계,총계,충남,1,131
2025-04,총계,총계,전북,102
2025-04,총계,총계,전남,450
2025-04,총계,총계,경북,1,247
2025-04,총계,총계,경남,2,986
2025-04,총계,총계,제주,129
2025-04,공공부문,소계,전국,8,937
2025-04,공공부문,소계,서울,275
2025-04,공공부문,소계,인천,1,938
2025-04,공공부문,소계,경기,2,944
2025-04,공공부문,소계,부산,1,809
2025-04,공공부문,소계,대구,0
2025-04,공공부문,소계,광주,0
2025-04,공공부문,소계,대전,0
2025-04,공공부문,소계,울산,1,252
2025-04,공공부문,소계,세종,0
2025-04,공공부문,소계,강원,0
2025-04,공공부문,소계,충북,0
2025-04,공공부문,소계,충남,682
2025-04,공공부문,소계,전북,0
2025-04,공공부문,소계,전남,0
2025-04,공공부문,소계,경북,0
2025-04,공공부문,소계,경남,0
2025-04,공공부문,소계,제주,37
2025-04,합,국민임대,전국,593
2025-04,합,국민임대,서울,0
2025-04,합,국민임대,인천,593
2025-04,합,국민임대,경기,0
2025-04,합,국민임대,부산,0
2025-04,합,국민임대,대구,0
2025-04,합,국민임대,광주,0
2025-04,합,국민임대,대전,0
2025-04,합,국민임대,울산,0
2025-04,합,국민임대,세종,0
2025-04,합,국민임대,강원,0
2025-04,합,국민임대,충북,0
2025-04,합,국민임대,충남,0
2025-04,합,국민임대,전북,0
2025-04,합,국민임대,전남,0
2025-04,합,국민임대,경북,0
2025-04,합,국민임대,경남,0
2025-04,합,국민임대,제주,0
2025-04,합,공공임대,전국,4,006
2025-04,합,공공임대,서울,275
2025-04,합,공공임대,인천,1,345
2025-04,합,공공임대,경기,1,932
2025-04,합,공공임대,부산,0
2025-04,합,공공임대,대구,0
2025-04,합,공공임대,광주,0
2025-04,합,공공임대,대전,0
2025-04,합,공공임대,울산,417
2025-04,합,공공임대,세종,0
2025-04,합,공공임대,강원,0
2025-04,합,공공임대,충북,0
2025-04,합,공공임대,충남,0
2025-04,합,공공임대,전북,0
2025-04,합,공공임대,전남,0
2025-04,합,공공임대,경북,0
2025-04,합,공공임대,경남,0
2025-04,합,공공임대,제주,37
2025-04,합,공공분양,전국,4,338
2025-04,합,공공분양,서울,0
2025-04,합,공공분양,인천,0
2025-04,합,공공분양,경기,1,012
2025-04,합,공공분양,부산,1,809
2025-04,합,공공분양,대구,0
2025-04,합,공공분양,광주,0
2025-04,합,공공분양,대전,0
2025-04,합,공공분양,울산,835
2025-04,합,공공분양,세종,0
2025-04,합,공공분양,강원,0
2025-04,합,공공분양,충북,0
2025-04,합,공공분양,충남,682
2025-04,합,공공분양,전북,0
2025-04,합,공공분양,전남,0
2025-04,합,공공분양,경북,0
2025-04,합,공공분양,경남,0
2025-04,합,공공분양,제주,0
2025-04,지자체,소계,전국,1,809
2025-04,지자체,소계,서울,0
2025-04,지자체,소계,인천,0
2025-04,지자체,소계,경기,0
2025-04,지자체,소계,부산,1,809
2025-04,지자체,소계,대구,0
2025-04,지자체,소계,광주,0
2025-04,지자체,소계,대전,0
2025-04,지자체,소계,울산,0
2025-04,지자체,소계,세종,0
2025-04,지자체,소계,강원,0
2025-04,지자체,소계,충북,0
2025-04,지자체,소계,충남,0
2025-04,지자체,소계,전북,0
2025-04,지자체,소계,전남,0
2025-04,지자체,소계,경북,0
2025-04,지자체,소계,경남,0
2025-04,지자체,소계,제주,0
2025-04,지자체,국민임대,전국,0
2025-04,지자체,국민임대,서울,0
2025-04,지자체,국민임대,인천,0
2025-04,지자체,국민임대,경기,0
2025-04,지자체,국민임대,부산,0
2025-04,지자체,국민임대,대구,0
2025-04,지자체,국민임대,광주,0
2025-04,지자체,국민임대,대전,0
2025-04,지자체,국민임대,울산,0
2025-04,지자체,국민임대,세종,0
2025-04,지자체,국민임대,강원,0
2025-04,지자체,국민임대,충북,0
2025-04,지자체,국민임대,충남,0
2025-04,지자체,국민임대,전북,0
2025-04,지자체,국민임대,전남,0
2025-04,지자체,국민임대,경북,0
2025-04,지자체,국민임대,경남,0
2025-04,지자체,국민임대,제주,0
2025-04,지자체,공공임대,전국,0
2025-04,지자체,공공임대,서울,0
2025-04,지자체,공공임대,인천,0
2025-04,지자체,공공임대,경기,0
2025-04,지자체,공공임대,부산,0
2025-04,지자체,공공임대,대구,0
2025-04,지자체,공공임대,광주,0
2025-04,지자체,공공임대,대전,0
2025-04,지자체,공공임대,울산,0
2025-04,지자체,공공임대,세종,0
2025-04,지자체,공공임대,강원,0
2025-04,지자체,공공임대,충북,0
2025-04,지자체,공공임대,충남,0
2025-04,지자체,공공임대,전북,0
2025-04,지자체,공공임대,전남,0
2025-04,지자체,공공임대,경북,0
2025-04,지자체,공공임대,경남,0
2025-04,지자체,공공임대,제주,0
2025-04,지자체,공공분양,전국,1,809
2025-04,지자체,공공분양,서울,0
2025-04,지자체,공공분양,인천,0
2025-04,지자체,공공분양,경기,0
2025-04,지자체,공공분양,부산,1,809
2025-04,지자체,공공분양,대구,0
2025-04,지자체,공공분양,광주,0
2025-04,지자체,공공분양,대전,0
2025-04,지자체,공공분양,울산,0
2025-04,지자체,공공분양,세종,0
2025-04,지자체,공공분양,강원,0
2025-04,지자체,공공분양,충북,0
2025-04,지자체,공공분양,충남,0
2025-04,지자체,공공분양,전북,0
2025-04,지자체,공공분양,전남,0
2025-04,지자체,공공분양,경북,0
2025-04,지자체,공공분양,경남,0
2025-04,지자체,공공분양,제주,0
2025-04,LH,소계,전국,6,853
2025-04,LH,소계,서울,0
2025-04,LH,소계,인천,1,938
2025-04,LH,소계,경기,2,944
2025-04,LH,소계,부산,0
2025-04,LH,소계,대구,0
2025-04,LH,소계,광주,0
2025-04,LH,소계,대전,0
2025-04,LH,소계,울산,1,252
2025-04,LH,소계,세종,0
2025-04,LH,소계,강원,0
2025-04,LH,소계,충북,0
2025-04,LH,소계,충남,682
2025-04,LH,소계,전북,0
2025-04,LH,소계,전남,0
2025-04,LH,소계,경북,0
2025-04,LH,소계,경남,0
2025-04,LH,소계,제주,37
2025-04,LH,국민임대,전국,593
2025-04,LH,국민임대,서울,0
2025-04,LH,국민임대,인천,593
2025-04,LH,국민임대,경기,0
2025-04,LH,국민임대,부산,0
2025-04,LH,국민임대,대구,0
2025-04,LH,국민임대,광주,0
2025-04,LH,국민임대,대전,0
2025-04,LH,국민임대,울산,0
2025-04,LH,국민임대,세종,0
2025-04,LH,국민임대,강원,0
2025-04,LH,국민임대,충북,0
2025-04,LH,국민임대,충남,0
2025-04,LH,국민임대,전북,0
2025-04,LH,국민임대,전남,0
2025-04,LH,국민임대,경북,0
2025-04,LH,국민임대,경남,0
2025-04,LH,국민임대,제주,0
2025-04,LH,공공임대,전국,3,731
2025-04,LH,공공임대,서울,0
2025-04,LH,공공임대,인천,1,345
2025-04,LH,공공임대,경기,1,932
2025-04,LH,공공임대,부산,0
2025-04,LH,공공임대,대구,0
2025-04,LH,공공임대,광주,0
2025-04,LH,공공임대,대전,0
2025-04,LH,공공임대,울산,417
2025-04,LH,공공임대,세종,0
2025-04,LH,공공임대,강원,0
2025-04,LH,공공임대,충북,0
2025-04,LH,공공임대,충남,0
2025-04,LH,공공임대,전북,0
2025-04,LH,공공임대,전남,0
2025-04,LH,공공임대,경북,0
2025-04,LH,공공임대,경남,0
2025-04,LH,공공임대,제주,37
2025-04,LH,공공분양,전국,2,529
2025-04,LH,공공분양,서울,0
2025-04,LH,공공분양,인천,0
2025-04,LH,공공분양,경기,1,012
2025-04,LH,공공분양,부산,0
2025-04,LH,공공분양,대구,0
2025-04,LH,공공분양,광주,0
2025-04,LH,공공분양,대전,0
2025-04,LH,공공분양,울산,835
2025-04,LH,공공분양,세종,0
2025-04,LH,공공분양,강원,0
2025-04,LH,공공분양,충북,0
2025-04,LH,공공분양,충남,682
2025-04,LH,공공분양,전북,0
2025-04,LH,공공분양,전남,0
2025-04,LH,공공분양,경북,0
2025-04,LH,공공분양,경남,0
2025-04,LH,공공분양,제주,0
2025-04,주택업체,소계,전국,275
2025-04,주택업체,소계,서울,275
2025-04,주택업체,소계,인천,0
2025-04,주택업체,소계,경기,0
2025-04,주택업체,소계,부산,0
2025-04,주택업체,소계,대구,0
2025-04,주택업체,소계,광주,0
2025-04,주택업체,소계,대전,0
2025-04,주택업체,소계,울산,0
2025-04,주택업체,소계,세종,0
2025-04,주택업체,소계,강원,0
2025-04,주택업체,소계,충북,0
2025-04,주택업체,소계,충남,0
2025-04,주택업체,소계,전북,0
2025-04,주택업체,소계,전남,0
2025-04,주택업체,소계,경북,0
2025-04,주택업체,소계,경남,0
2025-04,주택업체,소계,제주,0
2025-04,주택업체,국민임대,전국,0
2025-04,주택업체,국민임대,서울,0
2025-04,주택업체,국민임대,인천,0
2025-04,주택업체,국민임대,경기,0
2025-04,주택업체,국민임대,부산,0
2025-04,주택업체,국민임대,대구,0
2025-04,주택업체,국민임대,광주,0
2025-04,주택업체,국민임대,대전,0
2025-04,주택업체,국민임대,울산,0
2025-04,주택업체,국민임대,세종,0
2025-04,주택업체,국민임대,강원,0
2025-04,주택업체,국민임대,충북,0
2025-04,주택업체,국민임대,충남,0
2025-04,주택업체,국민임대,전북,0
2025-04,주택업체,국민임대,전남,0
2025-04,주택업체,국민임대,경북,0
2025-04,주택업체,국민임대,경남,0
2025-04,주택업체,국민임대,제주,0
2025-04,주택업체,공공임대,전국,275
2025-04,주택업체,공공임대,서울,275
2025-04,주택업체,공공임대,인천,0
2025-04,주택업체,공공임대,경기,0
2025-04,주택업체,공공임대,부산,0
2025-04,주택업체,공공임대,대구,0
2025-04,주택업체,공공임대,광주,0
2025-04,주택업체,공공임대,대전,0
2025-04,주택업체,공공임대,울산,0
2025-04,주택업체,공공임대,세종,0
2025-04,주택업체,공공임대,강원,0
2025-04,주택업체,공공임대,충북,0
2025-04,주택업체,공공임대,충남,0
2025-04,주택업체,공공임대,전북,0
2025-04,주택업체,공공임대,전남,0
2025-04,주택업체,공공임대,경북,0
2025-04,주택업체,공공임대,경남,0
2025-04,주택업체,공공임대,제주,0
2025-04,주택업체,공공분양,전국,0
2025-04,주택업체,공공분양,서울,0
2025-04,주택업체,공공분양,인천,0
2025-04,주택업체,공공분양,경기,0
2025-04,주택업체,공공분양,부산,0
2025-04,주택업체,공공분양,대구,0
2025-04,주택업체,공공분양,광주,0
2025-04,주택업체,공공분양,대전,0
2025-04,주택업체,공공분양,울산,0
2025-04,주택업체,공공분양,세종,0
2025-04,주택업체,공공분양,강원,0
2025-04,주택업체,공공분양,충북,0
2025-04,주택업체,공공분양,충남,0
2025-04,주택업체,공공분양,전북,0
2025-04,주택업체,공공분양,전남,0
2025-04,주택업체,공공분양,경북,0
2025-04,주택업체,공공분양,경남,0
2025-04,주택업체,공공분양,제주,0
2025-04,민간부문,소계,전국,21,826
2025-04,민간부문,소계,서울,5,543
2025-04,민간부문,소계,인천,139
2025-04,민간부문,소계,경기,4,067
2025-04,민간부문,소계,부산,618
2025-04,민간부문,소계,대구,1,407
2025-04,민간부문,소계,광주,952
2025-04,민간부문,소계,대전,2,549
2025-04,민간부문,소계,울산,27
2025-04,민간부문,소계,세종,31
2025-04,민간부문,소계,강원,133
2025-04,민간부문,소계,충북,1,034
2025-04,민간부문,소계,충남,449
2025-04,민간부문,소계,전북,102
2025-04,민간부문,소계,전남,450
2025-04,민간부문,소계,경북,1,247
2025-04,민간부문,소계,경남,2,986
2025-04,민간부문,소계,제주,92
2025-04,민간,민간임대,전국,1,356
2025-04,민간,민간임대,서울,1,306
2025-04,민간,민간임대,인천,0
2025-04,민간,민간임대,경기,0
2025-04,민간,민간임대,부산,0
2025-04,민간,민간임대,대구,0
2025-04,민간,민간임대,광주,0
2025-04,민간,민간임대,대전,50
2025-04,민간,민간임대,울산,0
2025-04,민간,민간임대,세종,0
2025-04,민간,민간임대,강원,0
2025-04,민간,민간임대,충북,0
2025-04,민간,민간임대,충남,0
2025-04,민간,민간임대,전북,0
2025-04,민간,민간임대,전남,0
2025-04,민간,민간임대,경북,0
2025-04,민간,민간임대,경남,0
2025-04,민간,민간임대,제주,0
2025-04,민간,민간분양,전국,20,470
2025-04,민간,민간분양,서울,4,237
2025-04,민간,민간분양,인천,139
2025-04,민간,민간분양,경기,4,067
2025-04,민간,민간분양,부산,618
2025-04,민간,민간분양,대구,1,407
2025-04,민간,민간분양,광주,952
2025-04,민간,민간분양,대전,2,499
2025-04,민간,민간분양,울산,27
2025-04,민간,민간분양,세종,31
2025-04,민간,민간분양,강원,133
2025-04,민간,민간분양,충북,1,034
2025-04,민간,민간분양,충남,449
2025-04,민간,민간분양,전북,102
2025-04,민간,민간분양,전남,450
2025-04,민간,민간분양,경북,1,247
2025-04,민간,민간분양,경남,2,986
2025-04,민간,민간분양,제주,92
2025-05,총계,총계,전국,21,245
2025-05,총계,총계,서울,2,265
2025-05,총계,총계,인천,94
2025-05,총계,총계,경기,10,523
2025-05,총계,총계,부산,533
2025-05,총계,총계,대구,1,401
2025-05,총계,총계,광주,7
2025-05,총계,총계,대전,11
2025-05,총계,총계,울산,21
2025-05,총계,총계,세종,7
2025-05,총계,총계,강원,1,149
2025-05,총계,총계,충북,1,254
2025-05,총계,총계,충남,136
2025-05,총계,총계,전북,938
2025-05,총계,총계,전남,593
2025-05,총계,총계,경북,1,968
2025-05,총계,총계,경남,118
2025-05,총계,총계,제주,227
2025-05,공공부문,소계,전국,964
2025-05,공공부문,소계,서울,845
2025-05,공공부문,소계,인천,0
2025-05,공공부문,소계,경기,49
2025-05,공공부문,소계,부산,0
2025-05,공공부문,소계,대구,0
2025-05,공공부문,소계,광주,0
2025-05,공공부문,소계,대전,0
2025-05,공공부문,소계,울산,0
2025-05,공공부문,소계,세종,0
2025-05,공공부문,소계,강원,0
2025-05,공공부문,소계,충북,0
2025-05,공공부문,소계,충남,0
2025-05,공공부문,소계,전북,0
2025-05,공공부문,소계,전남,0
2025-05,공공부문,소계,경북,0
2025-05,공공부문,소계,경남,0
2025-05,공공부문,소계,제주,70
2025-05,합,국민임대,전국,0
2025-05,합,국민임대,서울,0
2025-05,합,국민임대,인천,0
2025-05,합,국민임대,경기,0
2025-05,합,국민임대,부산,0
2025-05,합,국민임대,대구,0
2025-05,합,국민임대,광주,0
2025-05,합,국민임대,대전,0
2025-05,합,국민임대,울산,0
2025-05,합,국민임대,세종,0
2025-05,합,국민임대,강원,0
2025-05,합,국민임대,충북,0
2025-05,합,국민임대,충남,0
2025-05,합,국민임대,전북,0
2025-05,합,국민임대,전남,0
2025-05,합,국민임대,경북,0
2025-05,합,국민임대,경남,0
2025-05,합,국민임대,제주,0
2025-05,합,공공임대,전국,964
2025-05,합,공공임대,서울,845
2025-05,합,공공임대,인천,0
2025-05,합,공공임대,경기,49
2025-05,합,공공임대,부산,0
2025-05,합,공공임대,대구,0
2025-05,합,공공임대,광주,0
2025-05,합,공공임대,대전,0
2025-05,합,공공임대,울산,0
2025-05,합,공공임대,세종,0
2025-05,합,공공임대,강원,0
2025-05,합,공공임대,충북,0
2025-05,합,공공임대,충남,0
2025-05,합,공공임대,전북,0
2025-05,합,공공임대,전남,0
2025-05,합,공공임대,경북,0
2025-05,합,공공임대,경남,0
2025-05,합,공공임대,제주,70
2025-05,합,공공분양,전국,0
2025-05,합,공공분양,서울,0
2025-05,합,공공분양,인천,0
2025-05,합,공공분양,경기,0
2025-05,합,공공분양,부산,0
2025-05,합,공공분양,대구,0
2025-05,합,공공분양,광주,0
2025-05,합,공공분양,대전,0
2025-05,합,공공분양,울산,0
2025-05,합,공공분양,세종,0
2025-05,합,공공분양,강원,0
2025-05,합,공공분양,충북,0
2025-05,합,공공분양,충남,0
2025-05,합,공공분양,전북,0
2025-05,합,공공분양,전남,0
2025-05,합,공공분양,경북,0
2025-05,합,공공분양,경남,0
2025-05,합,공공분양,제주,0
2025-05,지자체,소계,전국,746
2025-05,지자체,소계,서울,697
2025-05,지자체,소계,인천,0
2025-05,지자체,소계,경기,49
2025-05,지자체,소계,부산,0
2025-05,지자체,소계,대구,0
2025-05,지자체,소계,광주,0
2025-05,지자체,소계,대전,0
2025-05,지자체,소계,울산,0
2025-05,지자체,소계,세종,0
2025-05,지자체,소계,강원,0
2025-05,지자체,소계,충북,0
2025-05,지자체,소계,충남,0
2025-05,지자체,소계,전북,0
2025-05,지자체,소계,전남,0
2025-05,지자체,소계,경북,0
2025-05,지자체,소계,경남,0
2025-05,지자체,소계,제주,0
2025-05,지자체,국민임대,전국,0
2025-05,지자체,국민임대,서울,0
2025-05,지자체,국민임대,인천,0
2025-05,지자체,국민임대,경기,0
2025-05,지자체,국민임대,부산,0
2025-05,지자체,국민임대,대구,0
2025-05,지자체,국민임대,광주,0
2025-05,지자체,국민임대,대전,0
2025-05,지자체,국민임대,울산,0
2025-05,지자체,국민임대,세종,0
2025-05,지자체,국민임대,강원,0
2025-05,지자체,국민임대,충북,0
2025-05,지자체,국민임대,충남,0
2025-05,지자체,국민임대,전북,0
2025-05,지자체,국민임대,전남,0
2025-05,지자체,국민임대,경북,0
2025-05,지자체,국민임대,경남,0
2025-05,지자체,국민임대,제주,0
2025-05,지자체,공공임대,전국,746
2025-05,지자체,공공임대,서울,697
2025-05,지자체,공공임대,인천,0
2025-05,지자체,공공임대,경기,49
2025-05,지자체,공공임대,부산,0
2025-05,지자체,공공임대,대구,0
2025-05,지자체,공공임대,광주,0
2025-05,지자체,공공임대,대전,0
2025-05,지자체,공공임대,울산,0
2025-05,지자체,공공임대,세종,0
2025-05,지자체,공공임대,강원,0
2025-05,지자체,공공임대,충북,0
2025-05,지자체,공공임대,충남,0
2025-05,지자체,공공임대,전북,0
2025-05,지자체,공공임대,전남,0
2025-05,지자체,공공임대,경북,0
2025-05,지자체,공공임대,경남,0
2025-05,지자체,공공임대,제주,0
2025-05,지자체,공공분양,전국,0
2025-05,지자체,공공분양,서울,0
2025-05,지자체,공공분양,인천,0
2025-05,지자체,공공분양,경기,0
2025-05,지자체,공공분양,부산,0
2025-05,지자체,공공분양,대구,0
2025-05,지자체,공공분양,광주,0
2025-05,지자체,공공분양,대전,0
2025-05,지자체,공공분양,울산,0
2025-05,지자체,공공분양,세종,0
2025-05,지자체,공공분양,강원,0
2025-05,지자체,공공분양,충북,0
2025-05,지자체,공공분양,충남,0
2025-05,지자체,공공분양,전북,0
2025-05,지자체,공공분양,전남,0
2025-05,지자체,공공분양,경북,0
2025-05,지자체,공공분양,경남,0
2025-05,지자체,공공분양,제주,0
2025-05,LH,소계,전국,0
2025-05,LH,소계,서울,0
2025-05,LH,소계,인천,0
2025-05,LH,소계,경기,0
2025-05,LH,소계,부산,0
2025-05,LH,소계,대구,0
2025-05,LH,소계,광주,0
2025-05,LH,소계,대전,0
2025-05,LH,소계,울산,0
2025-05,LH,소계,세종,0
2025-05,LH,소계,강원,0
2025-05,LH,소계,충북,0
2025-05,LH,소계,충남,0
2025-05,LH,소계,전북,0
2025-05,LH,소계,전남,0
2025-05,LH,소계,경북,0
2025-05,LH,소계,경남,0
2025-05,LH,소계,제주,0
2025-05,LH,국민임대,전국,0
2025-05,LH,국민임대,서울,0
2025-05,LH,국민임대,인천,0
2025-05,LH,국민임대,경기,0
2025-05,LH,국민임대,부산,0
2025-05,LH,국민임대,대구,0
2025-05,LH,국민임대,광주,0
2025-05,LH,국민임대,대전,0
2025-05,LH,국민임대,울산,0
2025-05,LH,국민임대,세종,0
2025-05,LH,국민임대,강원,0
2025-05,LH,국민임대,충북,0
2025-05,LH,국민임대,충남,0
2025-05,LH,국민임대,전북,0
2025-05,LH,국민임대,전남,0
2025-05,LH,국민임대,경북,0
2025-05,LH,국민임대,경남,0
2025-05,LH,국민임대,제주,0
2025-05,LH,공공임대,전국,0
2025-05,LH,공공임대,서울,0
2025-05,LH,공공임대,인천,0
2025-05,LH,공공임대,경기,0
2025-05,LH,공공임대,부산,0
2025-05,LH,공공임대,대구,0
2025-05,LH,공공임대,광주,0
2025-05,LH,공공임대,대전,0
2025-05,LH,공공임대,울산,0
2025-05,LH,공공임대,세종,0
2025-05,LH,공공임대,강원,0
2025-05,LH,공공임대,충북,0
2025-05,LH,공공임대,충남,0
2025-05,LH,공공임대,전북,0
2025-05,LH,공공임대,전남,0
2025-05,LH,공공임대,경북,0
2025-05,LH,공공임대,경남,0
2025-05,LH,공공임대,제주,0
2025-05,LH,공공분양,전국,0
2025-05,LH,공공분양,서울,0
2025-05,LH,공공분양,인천,0
2025-05,LH,공공분양,경기,0
2025-05,LH,공공분양,부산,0
2025-05,LH,공공분양,대구,0
2025-05,LH,공공분양,광주,0
2025-05,LH,공공분양,대전,0
2025-05,LH,공공분양,울산,0
2025-05,LH,공공분양,세종,0
2025-05,LH,공공분양,강원,0
2025-05,LH,공공분양,충북,0
2025-05,LH,공공분양,충남,0
2025-05,LH,공공분양,전북,0
2025-05,LH,공공분양,전남,0
2025-05,LH,공공분양,경북,0
2025-05,LH,공공분양,경남,0
2025-05,LH,공공분양,제주,0
2025-05,주택업체,소계,전국,218
2025-05,주택업체,소계,서울,148
2025-05,주택업체,소계,인천,0
2025-05,주택업체,소계,경기,0
2025-05,주택업체,소계,부산,0
2025-05,주택업체,소계,대구,0
2025-05,주택업체,소계,광주,0
2025-05,주택업체,소계,대전,0
2025-05,주택업체,소계,울산,0
2025-05,주택업체,소계,세종,0
2025-05,주택업체,소계,강원,0
2025-05,주택업체,소계,충북,0
2025-05,주택업체,소계,충남,0
2025-05,주택업체,소계,전북,0
2025-05,주택업체,소계,전남,0
2025-05,주택업체,소계,경북,0
2025-05,주택업체,소계,경남,0
2025-05,주택업체,소계,제주,70
2025-05,주택업체,국민임대,전국,0
2025-05,주택업체,국민임대,서울,0
2025-05,주택업체,국민임대,인천,0
2025-05,주택업체,국민임대,경기,0
2025-05,주택업체,국민임대,부산,0
2025-05,주택업체,국민임대,대구,0
2025-05,주택업체,국민임대,광주,0
2025-05,주택업체,국민임대,대전,0
2025-05,주택업체,국민임대,울산,0
2025-05,주택업체,국민임대,세종,0
2025-05,주택업체,국민임대,강원,0
2025-05,주택업체,국민임대,충북,0
2025-05,주택업체,국민임대,충남,0
2025-05,주택업체,국민임대,전북,0
2025-05,주택업체,국민임대,전남,0
2025-05,주택업체,국민임대,경북,0
2025-05,주택업체,국민임대,경남,0
2025-05,주택업체,국민임대,제주,0
2025-05,주택업체,공공임대,전국,218
2025-05,주택업체,공공임대,서울,148
2025-05,주택업체,공공임대,인천,0
2025-05,주택업체,공공임대,경기,0
2025-05,주택업체,공공임대,부산,0
2025-05,주택업체,공공임대,대구,0
2025-05,주택업체,공공임대,광주,0
2025-05,주택업체,공공임대,대전,0
2025-05,주택업체,공공임대,울산,0
2025-05,주택업체,공공임대,세종,0
2025-05,주택업체,공공임대,강원,0
2025-05,주택업체,공공임대,충북,0
2025-05,주택업체,공공임대,충남,0
2025-05,주택업체,공공임대,전북,0
2025-05,주택업체,공공임대,전남,0
2025-05,주택업체,공공임대,경북,0
2025-05,주택업체,공공임대,경남,0
2025-05,주택업체,공공임대,제주,70
2025-05,주택업체,공공분양,전국,0
2025-05,주택업체,공공분양,서울,0
2025-05,주택업체,공공분양,인천,0
2025-05,주택업체,공공분양,경기,0
2025-05,주택업체,공공분양,부산,0
2025-05,주택업체,공공분양,대구,0
2025-05,주택업체,공공분양,광주,0
2025-05,주택업체,공공분양,대전,0
2025-05,주택업체,공공분양,울산,0
2025-05,주택업체,공공분양,세종,0
2025-05,주택업체,공공분양,강원,0
2025-05,주택업체,공공분양,충북,0
2025-05,주택업체,공공분양,충남,0
2025-05,주택업체,공공분양,전북,0
2025-05,주택업체,공공분양,전남,0
2025-05,주택업체,공공분양,경북,0
2025-05,주택업체,공공분양,경남,0
2025-05,주택업체,공공분양,제주,0
2025-05,민간부문,소계,전국,20,281
2025-05,민간부문,소계,서울,1,420
2025-05,민간부문,소계,인천,94
2025-05,민간부문,소계,경기,10,474
2025-05,민간부문,소계,부산,533
2025-05,민간부문,소계,대구,1,401
2025-05,민간부문,소계,광주,7
2025-05,민간부문,소계,대전,11
2025-05,민간부문,소계,울산,21
2025-05,민간부문,소계,세종,7
2025-05,민간부문,소계,강원,1,149
2025-05,민간부문,소계,충북,1,254
2025-05,민간부문,소계,충남,136
2025-05,민간부문,소계,전북,938
2025-05,민간부문,소계,전남,593
2025-05,민간부문,소계,경북,1,968
2025-05,민간부문,소계,경남,118
2025-05,민간부문,소계,제주,157
2025-05,민간,민간임대,전국,1,271
2025-05,민간,민간임대,서울,556
2025-05,민간,민간임대,인천,0
2025-05,민간,민간임대,경기,715
2025-05,민간,민간임대,부산,0
2025-05,민간,민간임대,대구,0
2025-05,민간,민간임대,광주,0
2025-05,민간,민간임대,대전,0
2025-05,민간,민간임대,울산,0
2025-05,민간,민간임대,세종,0
2025-05,민간,민간임대,강원,0
2025-05,민간,민간임대,충북,0
2025-05,민간,민간임대,충남,0
2025-05,민간,민간임대,전북,0
2025-05,민간,민간임대,전남,0
2025-05,민간,민간임대,경북,0
2025-05,민간,민간임대,경남,0
2025-05,민간,민간임대,제주,0
2025-05,민간,민간분양,전국,19,010
2025-05,민간,민간분양,서울,864
2025-05,민간,민간분양,인천,94
2025-05,민간,민간분양,경기,9,759
2025-05,민간,민간분양,부산,533
2025-05,민간,민간분양,대구,1,401
2025-05,민간,민간분양,광주,7
2025-05,민간,민간분양,대전,11
2025-05,민간,민간분양,울산,21
2025-05,민간,민간분양,세종,7
2025-05,민간,민간분양,강원,1,149
2025-05,민간,민간분양,충북,1,254
2025-05,민간,민간분양,충남,136
2025-05,민간,민간분양,전북,938
2025-05,민간,민간분양,전남,593
2025-05,민간,민간분양,경북,1,968
2025-05,민간,민간분양,경남,118
2025-05,민간,민간분양,제주,157
2025-06,총계,총계,전국,36,995
2025-06,총계,총계,서울,8,198
2025-06,총계,총계,인천,1,929
2025-06,총계,총계,경기,11,012
2025-06,총계,총계,부산,1,077
2025-06,총계,총계,대구,968
2025-06,총계,총계,광주,179
2025-06,총계,총계,대전,2,291
2025-06,총계,총계,울산,1,078
2025-06,총계,총계,세종,39
2025-06,총계,총계,강원,661
2025-06,총계,총계,충북,1,988
2025-06,총계,총계,충남,2,334
2025-06,총계,총계,전북,308
2025-06,총계,총계,전남,1,833
2025-06,총계,총계,경북,143
2025-06,총계,총계,경남,2,798
2025-06,총계,총계,제주,159
2025-06,공공부문,소계,전국,5,326
2025-06,공공부문,소계,서울,80
2025-06,공공부문,소계,인천,0
2025-06,공공부문,소계,경기,2,228
2025-06,공공부문,소계,부산,972
2025-06,공공부문,소계,대구,0
2025-06,공공부문,소계,광주,0
2025-06,공공부문,소계,대전,162
2025-06,공공부문,소계,울산,701
2025-06,공공부문,소계,세종,0
2025-06,공공부문,소계,강원,0
2025-06,공공부문,소계,충북,0
2025-06,공공부문,소계,충남,0
2025-06,공공부문,소계,전북,0
2025-06,공공부문,소계,전남,0
2025-06,공공부문,소계,경북,0
2025-06,공공부문,소계,경남,1,159
2025-06,공공부문,소계,제주,24
2025-06,합,국민임대,전국,1,084
2025-06,합,국민임대,서울,0
2025-06,합,국민임대,인천,0
2025-06,합,국민임대,경기,383
2025-06,합,국민임대,부산,0
2025-06,합,국민임대,대구,0
2025-06,합,국민임대,광주,0
2025-06,합,국민임대,대전,0
2025-06,합,국민임대,울산,701
2025-06,합,국민임대,세종,0
2025-06,합,국민임대,강원,0
2025-06,합,국민임대,충북,0
2025-06,합,국민임대,충남,0
2025-06,합,국민임대,전북,0
2025-06,합,국민임대,전남,0
2025-06,합,국민임대,경북,0
2025-06,합,국민임대,경남,0
2025-06,합,국민임대,제주,0
2025-06,합,공공임대,전국,2,204
2025-06,합,공공임대,서울,0
2025-06,합,공공임대,인천,0
2025-06,합,공공임대,경기,1,209
2025-06,합,공공임대,부산,0
2025-06,합,공공임대,대구,0
2025-06,합,공공임대,광주,0
2025-06,합,공공임대,대전,162
2025-06,합,공공임대,울산,0
2025-06,합,공공임대,세종,0
2025-06,합,공공임대,강원,0
2025-06,합,공공임대,충북,0
2025-06,합,공공임대,충남,0
2025-06,합,공공임대,전북,0
2025-06,합,공공임대,전남,0
2025-06,합,공공임대,경북,0
2025-06,합,공공임대,경남,809
2025-06,합,공공임대,제주,24
2025-06,합,공공분양,전국,2,038
2025-06,합,공공분양,서울,80
2025-06,합,공공분양,인천,0
2025-06,합,공공분양,경기,636
2025-06,합,공공분양,부산,972
2025-06,합,공공분양,대구,0
2025-06,합,공공분양,광주,0
2025-06,합,공공분양,대전,0
2025-06,합,공공분양,울산,0
2025-06,합,공공분양,세종,0
2025-06,합,공공분양,강원,0
2025-06,합,공공분양,충북,0
2025-06,합,공공분양,충남,0
2025-06,합,공공분양,전북,0
2025-06,합,공공분양,전남,0
2025-06,합,공공분양,경북,0
2025-06,합,공공분양,경남,350
2025-06,합,공공분양,제주,0
2025-06,지자체,소계,전국,2,635
2025-06,지자체,소계,서울,0
2025-06,지자체,소계,인천,0
2025-06,지자체,소계,경기,342
2025-06,지자체,소계,부산,972
2025-06,지자체,소계,대구,0
2025-06,지자체,소계,광주,0
2025-06,지자체,소계,대전,162
2025-06,지자체,소계,울산,0
2025-06,지자체,소계,세종,0
2025-06,지자체,소계,강원,0
2025-06,지자체,소계,충북,0
2025-06,지자체,소계,충남,0
2025-06,지자체,소계,전북,0
2025-06,지자체,소계,전남,0
2025-06,지자체,소계,경북,0
2025-06,지자체,소계,경남,1,159
2025-06,지자체,소계,제주,0
2025-06,지자체,국민임대,전국,0
2025-06,지자체,국민임대,서울,0
2025-06,지자체,국민임대,인천,0
2025-06,지자체,국민임대,경기,0
2025-06,지자체,국민임대,부산,0
2025-06,지자체,국민임대,대구,0
2025-06,지자체,국민임대,광주,0
2025-06,지자체,국민임대,대전,0
2025-06,지자체,국민임대,울산,0
2025-06,지자체,국민임대,세종,0
2025-06,지자체,국민임대,강원,0
2025-06,지자체,국민임대,충북,0
2025-06,지자체,국민임대,충남,0
2025-06,지자체,국민임대,전북,0
2025-06,지자체,국민임대,전남,0
2025-06,지자체,국민임대,경북,0
2025-06,지자체,국민임대,경남,0
2025-06,지자체,국민임대,제주,0
2025-06,지자체,공공임대,전국,1,071
2025-06,지자체,공공임대,서울,0
2025-06,지자체,공공임대,인천,0
2025-06,지자체,공공임대,경기,100
2025-06,지자체,공공임대,부산,0
2025-06,지자체,공공임대,대구,0
2025-06,지자체,공공임대,광주,0
2025-06,지자체,공공임대,대전,162
2025-06,지자체,공공임대,울산,0
2025-06,지자체,공공임대,세종,0
2025-06,지자체,공공임대,강원,0
2025-06,지자체,공공임대,충북,0
2025-06,지자체,공공임대,충남,0
2025-06,지자체,공공임대,전북,0
2025-06,지자체,공공임대,전남,0
2025-06,지자체,공공임대,경북,0
2025-06,지자체,공공임대,경남,809
2025-06,지자체,공공임대,제주,0
2025-06,지자체,공공분양,전국,1,564
2025-06,지자체,공공분양,서울,0
2025-06,지자체,공공분양,인천,0
2025-06,지자체,공공분양,경기,242
2025-06,지자체,공공분양,부산,972
2025-06,지자체,공공분양,대구,0
2025-06,지자체,공공분양,광주,0
2025-06,지자체,공공분양,대전,0
2025-06,지자체,공공분양,울산,0
2025-06,지자체,공공분양,세종,0
2025-06,지자체,공공분양,강원,0
2025-06,지자체,공공분양,충북,0
2025-06,지자체,공공분양,충남,0
2025-06,지자체,공공분양,전북,0
2025-06,지자체,공공분양,전남,0
2025-06,지자체,공공분양,경북,0
2025-06,지자체,공공분양,경남,350
2025-06,지자체,공공분양,제주,0
2025-06,LH,소계,전국,2,611
2025-06,LH,소계,서울,0
2025-06,LH,소계,인천,0
2025-06,LH,소계,경기,1,886
2025-06,LH,소계,부산,0
2025-06,LH,소계,대구,0
2025-06,LH,소계,광주,0
2025-06,LH,소계,대전,0
2025-06,LH,소계,울산,701
2025-06,LH,소계,세종,0
2025-06,LH,소계,강원,0
2025-06,LH,소계,충북,0
2025-06,LH,소계,충남,0
2025-06,LH,소계,전북,0
2025-06,LH,소계,전남,0
2025-06,LH,소계,경북,0
2025-06,LH,소계,경남,0
2025-06,LH,소계,제주,24
2025-06,LH,국민임대,전국,1,084
2025-06,LH,국민임대,서울,0
2025-06,LH,국민임대,인천,0
2025-06,LH,국민임대,경기,383
2025-06,LH,국민임대,부산,0
2025-06,LH,국민임대,대구,0
2025-06,LH,국민임대,광주,0
2025-06,LH,국민임대,대전,0
2025-06,LH,국민임대,울산,701
2025-06,LH,국민임대,세종,0
2025-06,LH,국민임대,강원,0
2025-06,LH,국민임대,충북,0
2025-06,LH,국민임대,충남,0
2025-06,LH,국민임대,전북,0
2025-06,LH,국민임대,전남,0
2025-06,LH,국민임대,경북,0
2025-06,LH,국민임대,경남,0
2025-06,LH,국민임대,제주,0
2025-06,LH,공공임대,전국,1,133
2025-06,LH,공공임대,서울,0
2025-06,LH,공공임대,인천,0
2025-06,LH,공공임대,경기,1,109
2025-06,LH,공공임대,부산,0
2025-06,LH,공공임대,대구,0
2025-06,LH,공공임대,광주,0
2025-06,LH,공공임대,대전,0
2025-06,LH,공공임대,울산,0
2025-06,LH,공공임대,세종,0
2025-06,LH,공공임대,강원,0
2025-06,LH,공공임대,충북,0
2025-06,LH,공공임대,충남,0
2025-06,LH,공공임대,전북,0
2025-06,LH,공공임대,전남,0
2025-06,LH,공공임대,경북,0
2025-06,LH,공공임대,경남,0
2025-06,LH,공공임대,제주,24
2025-06,LH,공공분양,전국,394
2025-06,LH,공공분양,서울,0
2025-06,LH,공공분양,인천,0
2025-06,LH,공공분양,경기,394
2025-06,LH,공공분양,부산,0
2025-06,LH,공공분양,대구,0
2025-06,LH,공공분양,광주,0
2025-06,LH,공공분양,대전,0
2025-06,LH,공공분양,울산,0
2025-06,LH,공공분양,세종,0
2025-06,LH,공공분양,강원,0
2025-06,LH,공공분양,충북,0
2025-06,LH,공공분양,충남,0
2025-06,LH,공공분양,전북,0
2025-06,LH,공공분양,전남,0
2025-06,LH,공공분양,경북,0
2025-06,LH,공공분양,경남,0
2025-06,LH,공공분양,제주,0
2025-06,주택업체,소계,전국,80
2025-06,주택업체,소계,서울,80
2025-06,주택업체,소계,인천,0
2025-06,주택업체,소계,경기,0
2025-06,주택업체,소계,부산,0
2025-06,주택업체,소계,대구,0
2025-06,주택업체,소계,광주,0
2025-06,주택업체,소계,대전,0
2025-06,주택업체,소계,울산,0
2025-06,주택업체,소계,세종,0
2025-06,주택업체,소계,강원,0
2025-06,주택업체,소계,충북,0
2025-06,주택업체,소계,충남,0
2025-06,주택업체,소계,전북,0
2025-06,주택업체,소계,전남,0
2025-06,주택업체,소계,경북,0
2025-06,주택업체,소계,경남,0
2025-06,주택업체,소계,제주,0
2025-06,주택업체,국민임대,전국,0
2025-06,주택업체,국민임대,서울,0
2025-06,주택업체,국민임대,인천,0
2025-06,주택업체,국민임대,경기,0
2025-06,주택업체,국민임대,부산,0
2025-06,주택업체,국민임대,대구,0
2025-06,주택업체,국민임대,광주,0
2025-06,주택업체,국민임대,대전,0
2025-06,주택업체,국민임대,울산,0
2025-06,주택업체,국민임대,세종,0
2025-06,주택업체,국민임대,강원,0
2025-06,주택업체,국민임대,충북,0
2025-06,주택업체,국민임대,충남,0
2025-06,주택업체,국민임대,전북,0
2025-06,주택업체,국민임대,전남,0
2025-06,주택업체,국민임대,경북,0
2025-06,주택업체,국민임대,경남,0
2025-06,주택업체,국민임대,제주,0
2025-06,주택업체,공공임대,전국,0
2025-06,주택업체,공공임대,서울,0
2025-06,주택업체,공공임대,인천,0
2025-06,주택업체,공공임대,경기,0
2025-06,주택업체,공공임대,부산,0
2025-06,주택업체,공공임대,대구,0
2025-06,주택업체,공공임대,광주,0
2025-06,주택업체,공공임대,대전,0
2025-06,주택업체,공공임대,울산,0
2025-06,주택업체,공공임대,세종,0
2025-06,주택업체,공공임대,강원,0
2025-06,주택업체,공공임대,충북,0
2025-06,주택업체,공공임대,충남,0
2025-06,주택업체,공공임대,전북,0
2025-06,주택업체,공공임대,전남,0
2025-06,주택업체,공공임대,경북,0
2025-06,주택업체,공공임대,경남,0
2025-06,주택업체,공공임대,제주,0
2025-06,주택업체,공공분양,전국,80
2025-06,주택업체,공공분양,서울,80
2025-06,주택업체,공공분양,인천,0
2025-06,주택업체,공공분양,경기,0
2025-06,주택업체,공공분양,부산,0
2025-06,주택업체,공공분양,대구,0
2025-06,주택업체,공공분양,광주,0
2025-06,주택업체,공공분양,대전,0
2025-06,주택업체,공공분양,울산,0
2025-06,주택업체,공공분양,세종,0
2025-06,주택업체,공공분양,강원,0
2025-06,주택업체,공공분양,충북,0
2025-06,주택업체,공공분양,충남,0
2025-06,주택업체,공공분양,전북,0
2025-06,주택업체,공공분양,전남,0
2025-06,주택업체,공공분양,경북,0
2025-06,주택업체,공공분양,경남,0
2025-06,주택업체,공공분양,제주,0
2025-06,민간부문,소계,전국,31,669
2025-06,민간부문,소계,서울,8,118
2025-06,민간부문,소계,인천,1,929
2025-06,민간부문,소계,경기,8,784
2025-06,민간부문,소계,부산,105
2025-06,민간부문,소계,대구,968
2025-06,민간부문,소계,광주,179
2025-06,민간부문,소계,대전,2,129
2025-06,민간부문,소계,울산,377
2025-06,민간부문,소계,세종,39
2025-06,민간부문,소계,강원,661
2025-06,민간부문,소계,충북,1,988
2025-06,민간부문,소계,충남,2,334
2025-06,민간부문,소계,전북,308
2025-06,민간부문,소계,전남,1,833
2025-06,민간부문,소계,경북,143
2025-06,민간부문,소계,경남,1,639
2025-06,민간부문,소계,제주,135
2025-06,민간,민간임대,전국,2,544
2025-06,민간,민간임대,서울,452
2025-06,민간,민간임대,인천,56
2025-06,민간,민간임대,경기,1,024
2025-06,민간,민간임대,부산,0
2025-06,민간,민간임대,대구,0
2025-06,민간,민간임대,광주,0
2025-06,민간,민간임대,대전,0
2025-06,민간,민간임대,울산,0
2025-06,민간,민간임대,세종,0
2025-06,민간,민간임대,강원,0
2025-06,민간,민간임대,충북,0
2025-06,민간,민간임대,충남,0
2025-06,민간,민간임대,전북,219
2025-06,민간,민간임대,전남,793
2025-06,민간,민간임대,경북,0
2025-06,민간,민간임대,경남,0
2025-06,민간,민간임대,제주,0
2025-06,민간,민간분양,전국,29,125
2025-06,민간,민간분양,서울,7,666
2025-06,민간,민간분양,인천,1,873
2025-06,민간,민간분양,경기,7,760
2025-06,민간,민간분양,부산,105
2025-06,민간,민간분양,대구,968
2025-06,민간,민간분양,광주,179
2025-06,민간,민간분양,대전,2,129
2025-06,민간,민간분양,울산,377
2025-06,민간,민간분양,세종,39
2025-06,민간,민간분양,강원,661
2025-06,민간,민간분양,충북,1,988
2025-06,민간,민간분양,충남,2,334
2025-06,민간,민간분양,전북,89
2025-06,민간,민간분양,전남,1,040
2025-06,민간,민간분양,경북,143
2025-06,민간,민간분양,경남,1,639
2025-06,민간,민간분양,제주,135
2025-07,총계,총계,전국,19,384
2025-07,총계,총계,서울,4,117
2025-07,총계,총계,인천,345
2025-07,총계,총계,경기,6,281
2025-07,총계,총계,부산,981
2025-07,총계,총계,대구,1,389
2025-07,총계,총계,광주,93
2025-07,총계,총계,대전,186
2025-07,총계,총계,울산,351
2025-07,총계,총계,세종,8
2025-07,총계,총계,강원,189
2025-07,총계,총계,충북,2,602
2025-07,총계,총계,충남,192
2025-07,총계,총계,전북,1,165
2025-07,총계,총계,전남,782
2025-07,총계,총계,경북,287
2025-07,총계,총계,경남,186
2025-07,총계,총계,제주,230
2025-07,공공부문,소계,전국,1,896
2025-07,공공부문,소계,서울,738
2025-07,공공부문,소계,인천,0
2025-07,공공부문,소계,경기,569
2025-07,공공부문,소계,부산,589
2025-07,공공부문,소계,대구,0
2025-07,공공부문,소계,광주,0
2025-07,공공부문,소계,대전,0
2025-07,공공부문,소계,울산,0
2025-07,공공부문,소계,세종,0
2025-07,공공부문,소계,강원,0
2025-07,공공부문,소계,충북,0
2025-07,공공부문,소계,충남,0
2025-07,공공부문,소계,전북,0
2025-07,공공부문,소계,전남,0
2025-07,공공부문,소계,경북,0
2025-07,공공부문,소계,경남,0
2025-07,공공부문,소계,제주,0
2025-07,합,국민임대,전국,0
2025-07,합,국민임대,서울,0
2025-07,합,국민임대,인천,0
2025-07,합,국민임대,경기,0
2025-07,합,국민임대,부산,0
2025-07,합,국민임대,대구,0
2025-07,합,국민임대,광주,0
2025-07,합,국민임대,대전,0
2025-07,합,국민임대,울산,0
2025-07,합,국민임대,세종,0
2025-07,합,국민임대,강원,0
2025-07,합,국민임대,충북,0
2025-07,합,국민임대,충남,0
2025-07,합,국민임대,전북,0
2025-07,합,국민임대,전남,0
2025-07,합,국민임대,경북,0
2025-07,합,국민임대,경남,0
2025-07,합,국민임대,제주,0
2025-07,합,공공임대,전국,1,327
2025-07,합,공공임대,서울,738
2025-07,합,공공임대,인천,0
2025-07,합,공공임대,경기,0
2025-07,합,공공임대,부산,589
2025-07,합,공공임대,대구,0
2025-07,합,공공임대,광주,0
2025-07,합,공공임대,대전,0
2025-07,합,공공임대,울산,0
2025-07,합,공공임대,세종,0
2025-07,합,공공임대,강원,0
2025-07,합,공공임대,충북,0
2025-07,합,공공임대,충남,0
2025-07,합,공공임대,전북,0
2025-07,합,공공임대,전남,0
2025-07,합,공공임대,경북,0
2025-07,합,공공임대,경남,0
2025-07,합,공공임대,제주,0
2025-07,합,공공분양,전국,569
2025-07,합,공공분양,서울,0
2025-07,합,공공분양,인천,0
2025-07,합,공공분양,경기,569
2025-07,합,공공분양,부산,0
2025-07,합,공공분양,대구,0
2025-07,합,공공분양,광주,0
2025-07,합,공공분양,대전,0
2025-07,합,공공분양,울산,0
2025-07,합,공공분양,세종,0
2025-07,합,공공분양,강원,0
2025-07,합,공공분양,충북,0
2025-07,합,공공분양,충남,0
2025-07,합,공공분양,전북,0
2025-07,합,공공분양,전남,0
2025-07,합,공공분양,경북,0
2025-07,합,공공분양,경남,0
2025-07,합,공공분양,제주,0
2025-07,지자체,소계,전국,1,158
2025-07,지자체,소계,서울,0
2025-07,지자체,소계,인천,0
2025-07,지자체,소계,경기,569
2025-07,지자체,소계,부산,589
2025-07,지자체,소계,대구,0
2025-07,지자체,소계,광주,0
2025-07,지자체,소계,대전,0
2025-07,지자체,소계,울산,0
2025-07,지자체,소계,세종,0
2025-07,지자체,소계,강원,0
2025-07,지자체,소계,충북,0
2025-07,지자체,소계,충남,0
2025-07,지자체,소계,전북,0
2025-07,지자체,소계,전남,0
2025-07,지자체,소계,경북,0
2025-07,지자체,소계,경남,0
2025-07,지자체,소계,제주,0
2025-07,지자체,국민임대,전국,0
2025-07,지자체,국민임대,서울,0
2025-07,지자체,국민임대,인천,0
2025-07,지자체,국민임대,경기,0
2025-07,지자체,국민임대,부산,0
2025-07,지자체,국민임대,대구,0
2025-07,지자체,국민임대,광주,0
2025-07,지자체,국민임대,대전,0
2025-07,지자체,국민임대,울산,0
2025-07,지자체,국민임대,세종,0
2025-07,지자체,국민임대,강원,0
2025-07,지자체,국민임대,충북,0
2025-07,지자체,국민임대,충남,0
2025-07,지자체,국민임대,전북,0
2025-07,지자체,국민임대,전남,0
2025-07,지자체,국민임대,경북,0
2025-07,지자체,국민임대,경남,0
2025-07,지자체,국민임대,제주,0
2025-07,지자체,공공임대,전국,589
2025-07,지자체,공공임대,서울,0
2025-07,지자체,공공임대,인천,0
2025-07,지자체,공공임대,경기,0
2025-07,지자체,공공임대,부산,589
2025-07,지자체,공공임대,대구,0
2025-07,지자체,공공임대,광주,0
2025-07,지자체,공공임대,대전,0
2025-07,지자체,공공임대,울산,0
2025-07,지자체,공공임대,세종,0
2025-07,지자체,공공임대,강원,0
2025-07,지자체,공공임대,충북,0
2025-07,지자체,공공임대,충남,0
2025-07,지자체,공공임대,전북,0
2025-07,지자체,공공임대,전남,0
2025-07,지자체,공공임대,경북,0
2025-07,지자체,공공임대,경남,0
2025-07,지자체,공공임대,제주,0
2025-07,지자체,공공분양,전국,569
2025-07,지자체,공공분양,서울,0
2025-07,지자체,공공분양,인천,0
2025-07,지자체,공공분양,경기,569
2025-07,지자체,공공분양,부산,0
2025-07,지자체,공공분양,대구,0
2025-07,지자체,공공분양,광주,0
2025-07,지자체,공공분양,대전,0
2025-07,지자체,공공분양,울산,0
2025-07,지자체,공공분양,세종,0
2025-07,지자체,공공분양,강원,0
2025-07,지자체,공공분양,충북,0
2025-07,지자체,공공분양,충남,0
2025-07,지자체,공공분양,전북,0
2025-07,지자체,공공분양,전남,0
2025-07,지자체,공공분양,경북,0
2025-07,지자체,공공분양,경남,0
2025-07,지자체,공공분양,제주,0
2025-07,LH,소계,전국,0
2025-07,LH,소계,서울,0
2025-07,LH,소계,인천,0
2025-07,LH,소계,경기,0
2025-07,LH,소계,부산,0
2025-07,LH,소계,대구,0
2025-07,LH,소계,광주,0
2025-07,LH,소계,대전,0
2025-07,LH,소계,울산,0
2025-07,LH,소계,세종,0
2025-07,LH,소계,강원,0
2025-07,LH,소계,충북,0
2025-07,LH,소계,충남,0
2025-07,LH,소계,전북,0
2025-07,LH,소계,전남,0
2025-07,LH,소계,경북,0
2025-07,LH,소계,경남,0
2025-07,LH,소계,제주,0
2025-07,LH,국민임대,전국,0
2025-07,LH,국민임대,서울,0
2025-07,LH,국민임대,인천,0
2025-07,LH,국민임대,경기,0
2025-07,LH,국민임대,부산,0
2025-07,LH,국민임대,대구,0
2025-07,LH,국민임대,광주,0
2025-07,LH,국민임대,대전,0
2025-07,LH,국민임대,울산,0
2025-07,LH,국민임대,세종,0
2025-07,LH,국민임대,강원,0
2025-07,LH,국민임대,충북,0
2025-07,LH,국민임대,충남,0
2025-07,LH,국민임대,전북,0
2025-07,LH,국민임대,전남,0
2025-07,LH,국민임대,경북,0
2025-07,LH,국민임대,경남,0
2025-07,LH,국민임대,제주,0
2025-07,LH,공공임대,전국,0
2025-07,LH,공공임대,서울,0
2025-07,LH,공공임대,인천,0
2025-07,LH,공공임대,경기,0
2025-07,LH,공공임대,부산,0
2025-07,LH,공공임대,대구,0
2025-07,LH,공공임대,광주,0
2025-07,LH,공공임대,대전,0
2025-07,LH,공공임대,울산,0
2025-07,LH,공공임대,세종,0
2025-07,LH,공공임대,강원,0
2025-07,LH,공공임대,충북,0
2025-07,LH,공공임대,충남,0
2025-07,LH,공공임대,전북,0
2025-07,LH,공공임대,전남,0
2025-07,LH,공공임대,경북,0
2025-07,LH,공공임대,경남,0
2025-07,LH,공공임대,제주,0
2025-07,LH,공공분양,전국,0
2025-07,LH,공공분양,서울,0
2025-07,LH,공공분양,인천,0
2025-07,LH,공공분양,경기,0
2025-07,LH,공공분양,부산,0
2025-07,LH,공공분양,대구,0
2025-07,LH,공공분양,광주,0
2025-07,LH,공공분양,대전,0
2025-07,LH,공공분양,울산,0
2025-07,LH,공공분양,세종,0
2025-07,LH,공공분양,강원,0
2025-07,LH,공공분양,충북,0
2025-07,LH,공공분양,충남,0
2025-07,LH,공공분양,전북,0
2025-07,LH,공공분양,전남,0
2025-07,LH,공공분양,경북,0
2025-07,LH,공공분양,경남,0
2025-07,LH,공공분양,제주,0
2025-07,주택업체,소계,전국,738
2025-07,주택업체,소계,서울,738
2025-07,주택업체,소계,인천,0
2025-07,주택업체,소계,경기,0
2025-07,주택업체,소계,부산,0
2025-07,주택업체,소계,대구,0
2025-07,주택업체,소계,광주,0
2025-07,주택업체,소계,대전,0
2025-07,주택업체,소계,울산,0
2025-07,주택업체,소계,세종,0
2025-07,주택업체,소계,강원,0
2025-07,주택업체,소계,충북,0
2025-07,주택업체,소계,충남,0
2025-07,주택업체,소계,전북,0
2025-07,주택업체,소계,전남,0
2025-07,주택업체,소계,경북,0
2025-07,주택업체,소계,경남,0
2025-07,주택업체,소계,제주,0
2025-07,주택업체,국민임대,전국,0
2025-07,주택업체,국민임대,서울,0
2025-07,주택업체,국민임대,인천,0
2025-07,주택업체,국민임대,경기,0
2025-07,주택업체,국민임대,부산,0
2025-07,주택업체,국민임대,대구,0
2025-07,주택업체,국민임대,광주,0
2025-07,주택업체,국민임대,대전,0
2025-07,주택업체,국민임대,울산,0
2025-07,주택업체,국민임대,세종,0
2025-07,주택업체,국민임대,강원,0
2025-07,주택업체,국민임대,충북,0
2025-07,주택업체,국민임대,충남,0
2025-07,주택업체,국민임대,전북,0
2025-07,주택업체,국민임대,전남,0
2025-07,주택업체,국민임대,경북,0
2025-07,주택업체,국민임대,경남,0
2025-07,주택업체,국민임대,제주,0
2025-07,주택업체,공공임대,전국,738
2025-07,주택업체,공공임대,서울,738
2025-07,주택업체,공공임대,인천,0
2025-07,주택업체,공공임대,경기,0
2025-07,주택업체,공공임대,부산,0
2025-07,주택업체,공공임대,대구,0
2025-07,주택업체,공공임대,광주,0
2025-07,주택업체,공공임대,대전,0
2025-07,주택업체,공공임대,울산,0
2025-07,주택업체,공공임대,세종,0
2025-07,주택업체,공공임대,강원,0
2025-07,주택업체,공공임대,충북,0
2025-07,주택업체,공공임대,충남,0
2025-07,주택업체,공공임대,전북,0
2025-07,주택업체,공공임대,전남,0
2025-07,주택업체,공공임대,경북,0
2025-07,주택업체,공공임대,경남,0
2025-07,주택업체,공공임대,제주,0
2025-07,주택업체,공공분양,전국,0
2025-07,주택업체,공공분양,서울,0
2025-07,주택업체,공공분양,인천,0
2025-07,주택업체,공공분양,경기,0
2025-07,주택업체,공공분양,부산,0
2025-07,주택업체,공공분양,대구,0
2025-07,주택업체,공공분양,광주,0
2025-07,주택업체,공공분양,대전,0
2025-07,주택업체,공공분양,울산,0
2025-07,주택업체,공공분양,세종,0
2025-07,주택업체,공공분양,강원,0
2025-07,주택업체,공공분양,충북,0
2025-07,주택업체,공공분양,충남,0
2025-07,주택업체,공공분양,전북,0
2025-07,주택업체,공공분양,전남,0
2025-07,주택업체,공공분양,경북,0
2025-07,주택업체,공공분양,경남,0
2025-07,주택업체,공공분양,제주,0
2025-07,민간부문,소계,전국,17,488
2025-07,민간부문,소계,서울,3,379
2025-07,민간부문,소계,인천,345
2025-07,민간부문,소계,경기,5,712
2025-07,민간부문,소계,부산,392
2025-07,민간부문,소계,대구,1,389
2025-07,민간부문,소계,광주,93
2025-07,민간부문,소계,대전,186
2025-07,민간부문,소계,울산,351
2025-07,민간부문,소계,세종,8
2025-07,민간부문,소계,강원,189
2025-07,민간부문,소계,충북,2,602
2025-07,민간부문,소계,충남,192
2025-07,민간부문,소계,전북,1,165
2025-07,민간부문,소계,전남,782
2025-07,민간부문,소계,경북,287
2025-07,민간부문,소계,경남,186
2025-07,민간부문,소계,제주,230
2025-07,민간,민간임대,전국,819
2025-07,민간,민간임대,서울,576
2025-07,민간,민간임대,인천,243
2025-07,민간,민간임대,경기,0
2025-07,민간,민간임대,부산,0
2025-07,민간,민간임대,대구,0
2025-07,민간,민간임대,광주,0
2025-07,민간,민간임대,대전,0
2025-07,민간,민간임대,울산,0
2025-07,민간,민간임대,세종,0
2025-07,민간,민간임대,강원,0
2025-07,민간,민간임대,충북,0
2025-07,민간,민간임대,충남,0
2025-07,민간,민간임대,전북,0
2025-07,민간,민간임대,전남,0
2025-07,민간,민간임대,경북,0
2025-07,민간,민간임대,경남,0
2025-07,민간,민간임대,제주,0
2025-07,민간,민간분양,전국,16,669
2025-07,민간,민간분양,서울,2,803
2025-07,민간,민간분양,인천,102
2025-07,민간,민간분양,경기,5,712
2025-07,민간,민간분양,부산,392
2025-07,민간,민간분양,대구,1,389
2025-07,민간,민간분양,광주,93
2025-07,민간,민간분양,대전,186
2025-07,민간,민간분양,울산,351
2025-07,민간,민간분양,세종,8
2025-07,민간,민간분양,강원,189
2025-07,민간,민간분양,충북,2,602
2025-07,민간,민간분양,충남,192
2025-07,민간,민간분양,전북,1,165
2025-07,민간,민간분양,전남,782
2025-07,민간,민간분양,경북,287
2025-07,민간,민간분양,경남,186
2025-07,민간,민간분양,제주,230
2025-08,총계,총계,전국,16,975
2025-08,총계,총계,서울,1,695
2025-08,총계,총계,인천,2,326
2025-08,총계,총계,경기,3,864
2025-08,총계,총계,부산,861
2025-08,총계,총계,대구,1,315
2025-08,총계,총계,광주,55
2025-08,총계,총계,대전,820
2025-08,총계,총계,울산,16
2025-08,총계,총계,세종,20
2025-08,총계,총계,강원,428
2025-08,총계,총계,충북,852
2025-08,총계,총계,충남,2,081
2025-08,총계,총계,전북,956
2025-08,총계,총계,전남,191
2025-08,총계,총계,경북,851
2025-08,총계,총계,경남,467
2025-08,총계,총계,제주,177
2025-08,공공부문,소계,전국,2,380
2025-08,공공부문,소계,서울,574
2025-08,공공부문,소계,인천,0
2025-08,공공부문,소계,경기,615
2025-08,공공부문,소계,부산,0
2025-08,공공부문,소계,대구,0
2025-08,공공부문,소계,광주,0
2025-08,공공부문,소계,대전,800
2025-08,공공부문,소계,울산,0
2025-08,공공부문,소계,세종,0
2025-08,공공부문,소계,강원,0
2025-08,공공부문,소계,충북,254
2025-08,공공부문,소계,충남,0
2025-08,공공부문,소계,전북,0
2025-08,공공부문,소계,전남,0
2025-08,공공부문,소계,경북,137
2025-08,공공부문,소계,경남,0
2025-08,공공부문,소계,제주,0
2025-08,합,국민임대,전국,0
2025-08,합,국민임대,서울,0
2025-08,합,국민임대,인천,0
2025-08,합,국민임대,경기,0
2025-08,합,국민임대,부산,0
2025-08,합,국민임대,대구,0
2025-08,합,국민임대,광주,0
2025-08,합,국민임대,대전,0
2025-08,합,국민임대,울산,0
2025-08,합,국민임대,세종,0
2025-08,합,국민임대,강원,0
2025-08,합,국민임대,충북,0
2025-08,합,국민임대,충남,0
2025-08,합,국민임대,전북,0
2025-08,합,국민임대,전남,0
2025-08,합,국민임대,경북,0
2025-08,합,국민임대,경남,0
2025-08,합,국민임대,제주,0
2025-08,합,공공임대,전국,1,765
2025-08,합,공공임대,서울,574
2025-08,합,공공임대,인천,0
2025-08,합,공공임대,경기,0
2025-08,합,공공임대,부산,0
2025-08,합,공공임대,대구,0
2025-08,합,공공임대,광주,0
2025-08,합,공공임대,대전,800
2025-08,합,공공임대,울산,0
2025-08,합,공공임대,세종,0
2025-08,합,공공임대,강원,0
2025-08,합,공공임대,충북,254
2025-08,합,공공임대,충남,0
2025-08,합,공공임대,전북,0
2025-08,합,공공임대,전남,0
2025-08,합,공공임대,경북,137
2025-08,합,공공임대,경남,0
2025-08,합,공공임대,제주,0
2025-08,합,공공분양,전국,615
2025-08,합,공공분양,서울,0
2025-08,합,공공분양,인천,0
2025-08,합,공공분양,경기,615
2025-08,합,공공분양,부산,0
2025-08,합,공공분양,대구,0
2025-08,합,공공분양,광주,0
2025-08,합,공공분양,대전,0
2025-08,합,공공분양,울산,0
2025-08,합,공공분양,세종,0
2025-08,합,공공분양,강원,0
2025-08,합,공공분양,충북,0
2025-08,합,공공분양,충남,0
2025-08,합,공공분양,전북,0
2025-08,합,공공분양,전남,0
2025-08,합,공공분양,경북,0
2025-08,합,공공분양,경남,0
2025-08,합,공공분양,제주,0
2025-08,지자체,소계,전국,39
2025-08,지자체,소계,서울,39
2025-08,지자체,소계,인천,0
2025-08,지자체,소계,경기,0
2025-08,지자체,소계,부산,0
2025-08,지자체,소계,대구,0
2025-08,지자체,소계,광주,0
2025-08,지자체,소계,대전,0
2025-08,지자체,소계,울산,0
2025-08,지자체,소계,세종,0
2025-08,지자체,소계,강원,0
2025-08,지자체,소계,충북,0
2025-08,지자체,소계,충남,0
2025-08,지자체,소계,전북,0
2025-08,지자체,소계,전남,0
2025-08,지자체,소계,경북,0
2025-08,지자체,소계,경남,0
2025-08,지자체,소계,제주,0
2025-08,지자체,국민임대,전국,0
2025-08,지자체,국민임대,서울,0
2025-08,지자체,국민임대,인천,0
2025-08,지자체,국민임대,경기,0
2025-08,지자체,국민임대,부산,0
2025-08,지자체,국민임대,대구,0
2025-08,지자체,국민임대,광주,0
2025-08,지자체,국민임대,대전,0
2025-08,지자체,국민임대,울산,0
2025-08,지자체,국민임대,세종,0
2025-08,지자체,국민임대,강원,0
2025-08,지자체,국민임대,충북,0
2025-08,지자체,국민임대,충남,0
2025-08,지자체,국민임대,전북,0
2025-08,지자체,국민임대,전남,0
2025-08,지자체,국민임대,경북,0
2025-08,지자체,국민임대,경남,0
2025-08,지자체,국민임대,제주,0
2025-08,지자체,공공임대,전국,39
2025-08,지자체,공공임대,서울,39
2025-08,지자체,공공임대,인천,0
2025-08,지자체,공공임대,경기,0
2025-08,지자체,공공임대,부산,0
2025-08,지자체,공공임대,대구,0
2025-08,지자체,공공임대,광주,0
2025-08,지자체,공공임대,대전,0
2025-08,지자체,공공임대,울산,0
2025-08,지자체,공공임대,세종,0
2025-08,지자체,공공임대,강원,0
2025-08,지자체,공공임대,충북,0
2025-08,지자체,공공임대,충남,0
2025-08,지자체,공공임대,전북,0
2025-08,지자체,공공임대,전남,0
2025-08,지자체,공공임대,경북,0
2025-08,지자체,공공임대,경남,0
2025-08,지자체,공공임대,제주,0
2025-08,지자체,공공분양,전국,0
2025-08,지자체,공공분양,서울,0
2025-08,지자체,공공분양,인천,0
2025-08,지자체,공공분양,경기,0
2025-08,지자체,공공분양,부산,0
2025-08,지자체,공공분양,대구,0
2025-08,지자체,공공분양,광주,0
2025-08,지자체,공공분양,대전,0
2025-08,지자체,공공분양,울산,0
2025-08,지자체,공공분양,세종,0
2025-08,지자체,공공분양,강원,0
2025-08,지자체,공공분양,충북,0
2025-08,지자체,공공분양,충남,0
2025-08,지자체,공공분양,전북,0
2025-08,지자체,공공분양,전남,0
2025-08,지자체,공공분양,경북,0
2025-08,지자체,공공분양,경남,0
2025-08,지자체,공공분양,제주,0
2025-08,LH,소계,전국,1,806
2025-08,LH,소계,서울,0
2025-08,LH,소계,인천,0
2025-08,LH,소계,경기,615
2025-08,LH,소계,부산,0
2025-08,LH,소계,대구,0
2025-08,LH,소계,광주,0
2025-08,LH,소계,대전,800
2025-08,LH,소계,울산,0
2025-08,LH,소계,세종,0
2025-08,LH,소계,강원,0
2025-08,LH,소계,충북,254
2025-08,LH,소계,충남,0
2025-08,LH,소계,전북,0
2025-08,LH,소계,전남,0
2025-08,LH,소계,경북,137
2025-08,LH,소계,경남,0
2025-08,LH,소계,제주,0
2025-08,LH,국민임대,전국,0
2025-08,LH,국민임대,서울,0
2025-08,LH,국민임대,인천,0
2025-08,LH,국민임대,경기,0
2025-08,LH,국민임대,부산,0
2025-08,LH,국민임대,대구,0
2025-08,LH,국민임대,광주,0
2025-08,LH,국민임대,대전,0
2025-08,LH,국민임대,울산,0
2025-08,LH,국민임대,세종,0
2025-08,LH,국민임대,강원,0
2025-08,LH,국민임대,충북,0
2025-08,LH,국민임대,충남,0
2025-08,LH,국민임대,전북,0
2025-08,LH,국민임대,전남,0
2025-08,LH,국민임대,경북,0
2025-08,LH,국민임대,경남,0
2025-08,LH,국민임대,제주,0
2025-08,LH,공공임대,전국,1,191
2025-08,LH,공공임대,서울,0
2025-08,LH,공공임대,인천,0
2025-08,LH,공공임대,경기,0
2025-08,LH,공공임대,부산,0
2025-08,LH,공공임대,대구,0
2025-08,LH,공공임대,광주,0
2025-08,LH,공공임대,대전,800
2025-08,LH,공공임대,울산,0
2025-08,LH,공공임대,세종,0
2025-08,LH,공공임대,강원,0
2025-08,LH,공공임대,충북,254
2025-08,LH,공공임대,충남,0
2025-08,LH,공공임대,전북,0
2025-08,LH,공공임대,전남,0
2025-08,LH,공공임대,경북,137
2025-08,LH,공공임대,경남,0
2025-08,LH,공공임대,제주,0
2025-08,LH,공공분양,전국,615
2025-08,LH,공공분양,서울,0
2025-08,LH,공공분양,인천,0
2025-08,LH,공공분양,경기,615
2025-08,LH,공공분양,부산,0
2025-08,LH,공공분양,대구,0
2025-08,LH,공공분양,광주,0
2025-08,LH,공공분양,대전,0
2025-08,LH,공공분양,울산,0
2025-08,LH,공공분양,세종,0
2025-08,LH,공공분양,강원,0
2025-08,LH,공공분양,충북,0
2025-08,LH,공공분양,충남,0
2025-08,LH,공공분양,전북,0
2025-08,LH,공공분양,전남,0
2025-08,LH,공공분양,경북,0
2025-08,LH,공공분양,경남,0
2025-08,LH,공공분양,제주,0
2025-08,주택업체,소계,전국,535
2025-08,주택업체,소계,서울,535
2025-08,주택업체,소계,인천,0
2025-08,주택업체,소계,경기,0
2025-08,주택업체,소계,부산,0
2025-08,주택업체,소계,대구,0
2025-08,주택업체,소계,광주,0
2025-08,주택업체,소계,대전,0
2025-08,주택업체,소계,울산,0
2025-08,주택업체,소계,세종,0
2025-08,주택업체,소계,강원,0
2025-08,주택업체,소계,충북,0
2025-08,주택업체,소계,충남,0
2025-08,주택업체,소계,전북,0
2025-08,주택업체,소계,전남,0
2025-08,주택업체,소계,경북,0
2025-08,주택업체,소계,경남,0
2025-08,주택업체,소계,제주,0
2025-08,주택업체,국민임대,전국,0
2025-08,주택업체,국민임대,서울,0
2025-08,주택업체,국민임대,인천,0
2025-08,주택업체,국민임대,경기,0
2025-08,주택업체,국민임대,부산,0
2025-08,주택업체,국민임대,대구,0
2025-08,주택업체,국민임대,광주,0
2025-08,주택업체,국민임대,대전,0
2025-08,주택업체,국민임대,울산,0
2025-08,주택업체,국민임대,세종,0
2025-08,주택업체,국민임대,강원,0
2025-08,주택업체,국민임대,충북,0
2025-08,주택업체,국민임대,충남,0
2025-08,주택업체,국민임대,전북,0
2025-08,주택업체,국민임대,전남,0
2025-08,주택업체,국민임대,경북,0
2025-08,주택업체,국민임대,경남,0
2025-08,주택업체,국민임대,제주,0
2025-08,주택업체,공공임대,전국,535
2025-08,주택업체,공공임대,서울,535
2025-08,주택업체,공공임대,인천,0
2025-08,주택업체,공공임대,경기,0
2025-08,주택업체,공공임대,부산,0
2025-08,주택업체,공공임대,대구,0
2025-08,주택업체,공공임대,광주,0
2025-08,주택업체,공공임대,대전,0
2025-08,주택업체,공공임대,울산,0
2025-08,주택업체,공공임대,세종,0
2025-08,주택업체,공공임대,강원,0
2025-08,주택업체,공공임대,충북,0
2025-08,주택업체,공공임대,충남,0
2025-08,주택업체,공공임대,전북,0
2025-08,주택업체,공공임대,전남,0
2025-08,주택업체,공공임대,경북,0
2025-08,주택업체,공공임대,경남,0
2025-08,주택업체,공공임대,제주,0
2025-08,주택업체,공공분양,전국,0
2025-08,주택업체,공공분양,서울,0
2025-08,주택업체,공공분양,인천,0
2025-08,주택업체,공공분양,경기,0
2025-08,주택업체,공공분양,부산,0
2025-08,주택업체,공공분양,대구,0
2025-08,주택업체,공공분양,광주,0
2025-08,주택업체,공공분양,대전,0
2025-08,주택업체,공공분양,울산,0
2025-08,주택업체,공공분양,세종,0
2025-08,주택업체,공공분양,강원,0
2025-08,주택업체,공공분양,충북,0
2025-08,주택업체,공공분양,충남,0
2025-08,주택업체,공공분양,전북,0
2025-08,주택업체,공공분양,전남,0
2025-08,주택업체,공공분양,경북,0
2025-08,주택업체,공공분양,경남,0
2025-08,주택업체,공공분양,제주,0
2025-08,민간부문,소계,전국,14,595
2025-08,민간부문,소계,서울,1,121
2025-08,민간부문,소계,인천,2,326
2025-08,민간부문,소계,경기,3,249
2025-08,민간부문,소계,부산,861
2025-08,민간부문,소계,대구,1,315
2025-08,민간부문,소계,광주,55
2025-08,민간부문,소계,대전,20
2025-08,민간부문,소계,울산,16
2025-08,민간부문,소계,세종,20
2025-08,민간부문,소계,강원,428
2025-08,민간부문,소계,충북,598
2025-08,민간부문,소계,충남,2,081
2025-08,민간부문,소계,전북,956
2025-08,민간부문,소계,전남,191
2025-08,민간부문,소계,경북,714
2025-08,민간부문,소계,경남,467
2025-08,민간부문,소계,제주,177
2025-08,민간,민간임대,전국,536
2025-08,민간,민간임대,서울,0
2025-08,민간,민간임대,인천,0
2025-08,민간,민간임대,경기,349
2025-08,민간,민간임대,부산,0
2025-08,민간,민간임대,대구,0
2025-08,민간,민간임대,광주,0
2025-08,민간,민간임대,대전,0
2025-08,민간,민간임대,울산,0
2025-08,민간,민간임대,세종,0
2025-08,민간,민간임대,강원,0
2025-08,민간,민간임대,충북,0
2025-08,민간,민간임대,충남,60
2025-08,민간,민간임대,전북,39
2025-08,민간,민간임대,전남,0
2025-08,민간,민간임대,경북,0
2025-08,민간,민간임대,경남,0
2025-08,민간,민간임대,제주,88
2025-08,민간,민간분양,전국,14,059
2025-08,민간,민간분양,서울,1,121
2025-08,민간,민간분양,인천,2,326
2025-08,민간,민간분양,경기,2,900
2025-08,민간,민간분양,부산,861
2025-08,민간,민간분양,대구,1,315
2025-08,민간,민간분양,광주,55
2025-08,민간,민간분양,대전,20
2025-08,민간,민간분양,울산,16
2025-08,민간,민간분양,세종,20
2025-08,민간,민간분양,강원,428
2025-08,민간,민간분양,충북,598
2025-08,민간,민간분양,충남,2,021
2025-08,민간,민간분양,전북,917
2025-08,민간,민간분양,전남,191
2025-08,민간,민간분양,경북,714
2025-08,민간,민간분양,경남,467
2025-08,민간,민간분양,제주,89
2025-09,총계,총계,전국,22,311
2025-09,총계,총계,서울,918
2025-09,총계,총계,인천,204
2025-09,총계,총계,경기,7,774
2025-09,총계,총계,부산,907
2025-09,총계,총계,대구,374
2025-09,총계,총계,광주,572
2025-09,총계,총계,대전,18
2025-09,총계,총계,울산,327
2025-09,총계,총계,세종,5
2025-09,총계,총계,강원,2,880
2025-09,총계,총계,충북,3,145
2025-09,총계,총계,충남,187
2025-09,총계,총계,전북,114
2025-09,총계,총계,전남,1,027
2025-09,총계,총계,경북,944
2025-09,총계,총계,경남,2,769
2025-09,총계,총계,제주,146
2025-09,공공부문,소계,전국,1,351
2025-09,공공부문,소계,서울,161
2025-09,공공부문,소계,인천,0
2025-09,공공부문,소계,경기,702
2025-09,공공부문,소계,부산,0
2025-09,공공부문,소계,대구,0
2025-09,공공부문,소계,광주,0
2025-09,공공부문,소계,대전,0
2025-09,공공부문,소계,울산,0
2025-09,공공부문,소계,세종,0
2025-09,공공부문,소계,강원,0
2025-09,공공부문,소계,충북,488
2025-09,공공부문,소계,충남,0
2025-09,공공부문,소계,전북,0
2025-09,공공부문,소계,전남,0
2025-09,공공부문,소계,경북,0
2025-09,공공부문,소계,경남,0
2025-09,공공부문,소계,제주,0
2025-09,합,국민임대,전국,0
2025-09,합,국민임대,서울,0
2025-09,합,국민임대,인천,0
2025-09,합,국민임대,경기,0
2025-09,합,국민임대,부산,0
2025-09,합,국민임대,대구,0
2025-09,합,국민임대,광주,0
2025-09,합,국민임대,대전,0
2025-09,합,국민임대,울산,0
2025-09,합,국민임대,세종,0
2025-09,합,국민임대,강원,0
2025-09,합,국민임대,충북,0
2025-09,합,국민임대,충남,0
2025-09,합,국민임대,전북,0
2025-09,합,국민임대,전남,0
2025-09,합,국민임대,경북,0
2025-09,합,국민임대,경남,0
2025-09,합,국민임대,제주,0
2025-09,합,공공임대,전국,883
2025-09,합,공공임대,서울,161
2025-09,합,공공임대,인천,0
2025-09,합,공공임대,경기,234
2025-09,합,공공임대,부산,0
2025-09,합,공공임대,대구,0
2025-09,합,공공임대,광주,0
2025-09,합,공공임대,대전,0
2025-09,합,공공임대,울산,0
2025-09,합,공공임대,세종,0
2025-09,합,공공임대,강원,0
2025-09,합,공공임대,충북,488
2025-09,합,공공임대,충남,0
2025-09,합,공공임대,전북,0
2025-09,합,공공임대,전남,0
2025-09,합,공공임대,경북,0
2025-09,합,공공임대,경남,0
2025-09,합,공공임대,제주,0
2025-09,합,공공분양,전국,468
2025-09,합,공공분양,서울,0
2025-09,합,공공분양,인천,0
2025-09,합,공공분양,경기,468
2025-09,합,공공분양,부산,0
2025-09,합,공공분양,대구,0
2025-09,합,공공분양,광주,0
2025-09,합,공공분양,대전,0
2025-09,합,공공분양,울산,0
2025-09,합,공공분양,세종,0
2025-09,합,공공분양,강원,0
2025-09,합,공공분양,충북,0
2025-09,합,공공분양,충남,0
2025-09,합,공공분양,전북,0
2025-09,합,공공분양,전남,0
2025-09,합,공공분양,경북,0
2025-09,합,공공분양,경남,0
2025-09,합,공공분양,제주,0
2025-09,지자체,소계,전국,0
2025-09,지자체,소계,서울,0
2025-09,지자체,소계,인천,0
2025-09,지자체,소계,경기,0
2025-09,지자체,소계,부산,0
2025-09,지자체,소계,대구,0
2025-09,지자체,소계,광주,0
2025-09,지자체,소계,대전,0
2025-09,지자체,소계,울산,0
2025-09,지자체,소계,세종,0
2025-09,지자체,소계,강원,0
2025-09,지자체,소계,충북,0
2025-09,지자체,소계,충남,0
2025-09,지자체,소계,전북,0
2025-09,지자체,소계,전남,0
2025-09,지자체,소계,경북,0
2025-09,지자체,소계,경남,0
2025-09,지자체,소계,제주,0
2025-09,지자체,국민임대,전국,0
2025-09,지자체,국민임대,서울,0
2025-09,지자체,국민임대,인천,0
2025-09,지자체,국민임대,경기,0
2025-09,지자체,국민임대,부산,0
2025-09,지자체,국민임대,대구,0
2025-09,지자체,국민임대,광주,0
2025-09,지자체,국민임대,대전,0
2025-09,지자체,국민임대,울산,0
2025-09,지자체,국민임대,세종,0
2025-09,지자체,국민임대,강원,0
2025-09,지자체,국민임대,충북,0
2025-09,지자체,국민임대,충남,0
2025-09,지자체,국민임대,전북,0
2025-09,지자체,국민임대,전남,0
2025-09,지자체,국민임대,경북,0
2025-09,지자체,국민임대,경남,0
2025-09,지자체,국민임대,제주,0
2025-09,지자체,공공임대,전국,0
2025-09,지자체,공공임대,서울,0
2025-09,지자체,공공임대,인천,0
2025-09,지자체,공공임대,경기,0
2025-09,지자체,공공임대,부산,0
2025-09,지자체,공공임대,대구,0
2025-09,지자체,공공임대,광주,0
2025-09,지자체,공공임대,대전,0
2025-09,지자체,공공임대,울산,0
2025-09,지자체,공공임대,세종,0
2025-09,지자체,공공임대,강원,0
2025-09,지자체,공공임대,충북,0
2025-09,지자체,공공임대,충남,0
2025-09,지자체,공공임대,전북,0
2025-09,지자체,공공임대,전남,0
2025-09,지자체,공공임대,경북,0
2025-09,지자체,공공임대,경남,0
2025-09,지자체,공공임대,제주,0
2025-09,지자체,공공분양,전국,0
2025-09,지자체,공공분양,서울,0
2025-09,지자체,공공분양,인천,0
2025-09,지자체,공공분양,경기,0
2025-09,지자체,공공분양,부산,0
2025-09,지자체,공공분양,대구,0
2025-09,지자체,공공분양,광주,0
2025-09,지자체,공공분양,대전,0
2025-09,지자체,공공분양,울산,0
2025-09,지자체,공공분양,세종,0
2025-09,지자체,공공분양,강원,0
2025-09,지자체,공공분양,충북,0
2025-09,지자체,공공분양,충남,0
2025-09,지자체,공공분양,전북,0
2025-09,지자체,공공분양,전남,0
2025-09,지자체,공공분양,경북,0
2025-09,지자체,공공분양,경남,0
2025-09,지자체,공공분양,제주,0
2025-09,LH,소계,전국,1,190
2025-09,LH,소계,서울,0
2025-09,LH,소계,인천,0
2025-09,LH,소계,경기,702
2025-09,LH,소계,부산,0
2025-09,LH,소계,대구,0
2025-09,LH,소계,광주,0
2025-09,LH,소계,대전,0
2025-09,LH,소계,울산,0
2025-09,LH,소계,세종,0
2025-09,LH,소계,강원,0
2025-09,LH,소계,충북,488
2025-09,LH,소계,충남,0
2025-09,LH,소계,전북,0
2025-09,LH,소계,전남,0
2025-09,LH,소계,경북,0
2025-09,LH,소계,경남,0
2025-09,LH,소계,제주,0
2025-09,LH,국민임대,전국,0
2025-09,LH,국민임대,서울,0
2025-09,LH,국민임대,인천,0
2025-09,LH,국민임대,경기,0
2025-09,LH,국민임대,부산,0
2025-09,LH,국민임대,대구,0
2025-09,LH,국민임대,광주,0
2025-09,LH,국민임대,대전,0
2025-09,LH,국민임대,울산,0
2025-09,LH,국민임대,세종,0
2025-09,LH,국민임대,강원,0
2025-09,LH,국민임대,충북,0
2025-09,LH,국민임대,충남,0
2025-09,LH,국민임대,전북,0
2025-09,LH,국민임대,전남,0
2025-09,LH,국민임대,경북,0
2025-09,LH,국민임대,경남,0
2025-09,LH,국민임대,제주,0
2025-09,LH,공공임대,전국,722
2025-09,LH,공공임대,서울,0
2025-09,LH,공공임대,인천,0
2025-09,LH,공공임대,경기,234
2025-09,LH,공공임대,부산,0
2025-09,LH,공공임대,대구,0
2025-09,LH,공공임대,광주,0
2025-09,LH,공공임대,대전,0
2025-09,LH,공공임대,울산,0
2025-09,LH,공공임대,세종,0
2025-09,LH,공공임대,강원,0
2025-09,LH,공공임대,충북,488
2025-09,LH,공공임대,충남,0
2025-09,LH,공공임대,전북,0
2025-09,LH,공공임대,전남,0
2025-09,LH,공공임대,경북,0
2025-09,LH,공공임대,경남,0
2025-09,LH,공공임대,제주,0
2025-09,LH,공공분양,전국,468
2025-09,LH,공공분양,서울,0
2025-09,LH,공공분양,인천,0
2025-09,LH,공공분양,경기,468
2025-09,LH,공공분양,부산,0
2025-09,LH,공공분양,대구,0
2025-09,LH,공공분양,광주,0
2025-09,LH,공공분양,대전,0
2025-09,LH,공공분양,울산,0
2025-09,LH,공공분양,세종,0
2025-09,LH,공공분양,강원,0
2025-09,LH,공공분양,충북,0
2025-09,LH,공공분양,충남,0
2025-09,LH,공공분양,전북,0
2025-09,LH,공공분양,전남,0
2025-09,LH,공공분양,경북,0
2025-09,LH,공공분양,경남,0
2025-09,LH,공공분양,제주,0
2025-09,주택업체,소계,전국,161
2025-09,주택업체,소계,서울,161
2025-09,주택업체,소계,인천,0
2025-09,주택업체,소계,경기,0
2025-09,주택업체,소계,부산,0
2025-09,주택업체,소계,대구,0
2025-09,주택업체,소계,광주,0
2025-09,주택업체,소계,대전,0
2025-09,주택업체,소계,울산,0
2025-09,주택업체,소계,세종,0
2025-09,주택업체,소계,강원,0
2025-09,주택업체,소계,충북,0
2025-09,주택업체,소계,충남,0
2025-09,주택업체,소계,전북,0
2025-09,주택업체,소계,전남,0
2025-09,주택업체,소계,경북,0
2025-09,주택업체,소계,경남,0
2025-09,주택업체,소계,제주,0
2025-09,주택업체,국민임대,전국,0
2025-09,주택업체,국민임대,서울,0
2025-09,주택업체,국민임대,인천,0
2025-09,주택업체,국민임대,경기,0
2025-09,주택업체,국민임대,부산,0
2025-09,주택업체,국민임대,대구,0
2025-09,주택업체,국민임대,광주,0
2025-09,주택업체,국민임대,대전,0
2025-09,주택업체,국민임대,울산,0
2025-09,주택업체,국민임대,세종,0
2025-09,주택업체,국민임대,강원,0
2025-09,주택업체,국민임대,충북,0
2025-09,주택업체,국민임대,충남,0
2025-09,주택업체,국민임대,전북,0
2025-09,주택업체,국민임대,전남,0
2025-09,주택업체,국민임대,경북,0
2025-09,주택업체,국민임대,경남,0
2025-09,주택업체,국민임대,제주,0
2025-09,주택업체,공공임대,전국,161
2025-09,주택업체,공공임대,서울,161
2025-09,주택업체,공공임대,인천,0
2025-09,주택업체,공공임대,경기,0
2025-09,주택업체,공공임대,부산,0
2025-09,주택업체,공공임대,대구,0
2025-09,주택업체,공공임대,광주,0
2025-09,주택업체,공공임대,대전,0
2025-09,주택업체,공공임대,울산,0
2025-09,주택업체,공공임대,세종,0
2025-09,주택업체,공공임대,강원,0
2025-09,주택업체,공공임대,충북,0
2025-09,주택업체,공공임대,충남,0
2025-09,주택업체,공공임대,전북,0
2025-09,주택업체,공공임대,전남,0
2025-09,주택업체,공공임대,경북,0
2025-09,주택업체,공공임대,경남,0
2025-09,주택업체,공공임대,제주,0
2025-09,주택업체,공공분양,전국,0
2025-09,주택업체,공공분양,서울,0
2025-09,주택업체,공공분양,인천,0
2025-09,주택업체,공공분양,경기,0
2025-09,주택업체,공공분양,부산,0
2025-09,주택업체,공공분양,대구,0
2025-09,주택업체,공공분양,광주,0
2025-09,주택업체,공공분양,대전,0
2025-09,주택업체,공공분양,울산,0
2025-09,주택업체,공공분양,세종,0
2025-09,주택업체,공공분양,강원,0
2025-09,주택업체,공공분양,충북,0
2025-09,주택업체,공공분양,충남,0
2025-09,주택업체,공공분양,전북,0
2025-09,주택업체,공공분양,전남,0
2025-09,주택업체,공공분양,경북,0
2025-09,주택업체,공공분양,경남,0
2025-09,주택업체,공공분양,제주,0
2025-09,민간부문,소계,전국,20,960
2025-09,민간부문,소계,서울,757
2025-09,민간부문,소계,인천,204
2025-09,민간부문,소계,경기,7,072
2025-09,민간부문,소계,부산,907
2025-09,민간부문,소계,대구,374
2025-09,민간부문,소계,광주,572
2025-09,민간부문,소계,대전,18
2025-09,민간부문,소계,울산,327
2025-09,민간부문,소계,세종,5
2025-09,민간부문,소계,강원,2,880
2025-09,민간부문,소계,충북,2,657
2025-09,민간부문,소계,충남,187
2025-09,민간부문,소계,전북,114
2025-09,민간부문,소계,전남,1,027
2025-09,민간부문,소계,경북,944
2025-09,민간부문,소계,경남,2,769
2025-09,민간부문,소계,제주,146
2025-09,민간,민간임대,전국,3,256
2025-09,민간,민간임대,서울,150
2025-09,민간,민간임대,인천,0
2025-09,민간,민간임대,경기,872
2025-09,민간,민간임대,부산,0
2025-09,민간,민간임대,대구,0
2025-09,민간,민간임대,광주,0
2025-09,민간,민간임대,대전,0
2025-09,민간,민간임대,울산,0
2025-09,민간,민간임대,세종,0
2025-09,민간,민간임대,강원,1,114
2025-09,민간,민간임대,충북,70
2025-09,민간,민간임대,충남,0
2025-09,민간,민간임대,전북,0
2025-09,민간,민간임대,전남,226
2025-09,민간,민간임대,경북,0
2025-09,민간,민간임대,경남,824
2025-09,민간,민간임대,제주,0
2025-09,민간,민간분양,전국,17,704
2025-09,민간,민간분양,서울,607
2025-09,민간,민간분양,인천,204
2025-09,민간,민간분양,경기,6,200
2025-09,민간,민간분양,부산,907
2025-09,민간,민간분양,대구,374
2025-09,민간,민간분양,광주,572
2025-09,민간,민간분양,대전,18
2025-09,민간,민간분양,울산,327
2025-09,민간,민간분양,세종,5
2025-09,민간,민간분양,강원,1,766
2025-09,민간,민간분양,충북,2,587
2025-09,민간,민간분양,충남,187
2025-09,민간,민간분양,전북,114
2025-09,민간,민간분양,전남,801
2025-09,민간,민간분양,경북,944
2025-09,민간,민간분양,경남,1,945
2025-09,민간,민간분양,제주,146
2025-10,총계,총계,전국,22,947
2025-10,총계,총계,서울,2,043
2025-10,총계,총계,인천,1,504
2025-10,총계,총계,경기,4,619
2025-10,총계,총계,부산,17
2025-10,총계,총계,대구,753
2025-10,총계,총계,광주,9
2025-10,총계,총계,대전,945
2025-10,총계,총계,울산,14
2025-10,총계,총계,세종,245
2025-10,총계,총계,강원,2,229
2025-10,총계,총계,충북,2,823
2025-10,총계,총계,충남,2,592
2025-10,총계,총계,전북,664
2025-10,총계,총계,전남,602
2025-10,총계,총계,경북,3,163
2025-10,총계,총계,경남,115
2025-10,총계,총계,제주,610
2025-10,공공부문,소계,전국,977
2025-10,공공부문,소계,서울,174
2025-10,공공부문,소계,인천,0
2025-10,공공부문,소계,경기,105
2025-10,공공부문,소계,부산,0
2025-10,공공부문,소계,대구,0
2025-10,공공부문,소계,광주,0
2025-10,공공부문,소계,대전,0
2025-10,공공부문,소계,울산,0
2025-10,공공부문,소계,세종,238
2025-10,공공부문,소계,강원,0
2025-10,공공부문,소계,충북,0
2025-10,공공부문,소계,충남,0
2025-10,공공부문,소계,전북,0
2025-10,공공부문,소계,전남,460
2025-10,공공부문,소계,경북,0
2025-10,공공부문,소계,경남,0
2025-10,공공부문,소계,제주,0
2025-10,합,국민임대,전국,505
2025-10,합,국민임대,서울,0
2025-10,합,국민임대,인천,0
2025-10,합,국민임대,경기,105
2025-10,합,국민임대,부산,0
2025-10,합,국민임대,대구,0
2025-10,합,국민임대,광주,0
2025-10,합,국민임대,대전,0
2025-10,합,국민임대,울산,0
2025-10,합,국민임대,세종,0
2025-10,합,국민임대,강원,0
2025-10,합,국민임대,충북,0
2025-10,합,국민임대,충남,0
2025-10,합,국민임대,전북,0
2025-10,합,국민임대,전남,400
2025-10,합,국민임대,경북,0
2025-10,합,국민임대,경남,0
2025-10,합,국민임대,제주,0
2025-10,합,공공임대,전국,472
2025-10,합,공공임대,서울,174
2025-10,합,공공임대,인천,0
2025-10,합,공공임대,경기,0
2025-10,합,공공임대,부산,0
2025-10,합,공공임대,대구,0
2025-10,합,공공임대,광주,0
2025-10,합,공공임대,대전,0
2025-10,합,공공임대,울산,0
2025-10,합,공공임대,세종,238
2025-10,합,공공임대,강원,0
2025-10,합,공공임대,충북,0
2025-10,합,공공임대,충남,0
2025-10,합,공공임대,전북,0
2025-10,합,공공임대,전남,60
2025-10,합,공공임대,경북,0
2025-10,합,공공임대,경남,0
2025-10,합,공공임대,제주,0
2025-10,합,공공분양,전국,0
2025-10,합,공공분양,서울,0
2025-10,합,공공분양,인천,0
2025-10,합,공공분양,경기,0
2025-10,합,공공분양,부산,0
2025-10,합,공공분양,대구,0
2025-10,합,공공분양,광주,0
2025-10,합,공공분양,대전,0
2025-10,합,공공분양,울산,0
2025-10,합,공공분양,세종,0
2025-10,합,공공분양,강원,0
2025-10,합,공공분양,충북,0
2025-10,합,공공분양,충남,0
2025-10,합,공공분양,전북,0
2025-10,합,공공분양,전남,0
2025-10,합,공공분양,경북,0
2025-10,합,공공분양,경남,0
2025-10,합,공공분양,제주,0
2025-10,지자체,소계,전국,0
2025-10,지자체,소계,서울,0
2025-10,지자체,소계,인천,0
2025-10,지자체,소계,경기,0
2025-10,지자체,소계,부산,0
2025-10,지자체,소계,대구,0
2025-10,지자체,소계,광주,0
2025-10,지자체,소계,대전,0
2025-10,지자체,소계,울산,0
2025-10,지자체,소계,세종,0
2025-10,지자체,소계,강원,0
2025-10,지자체,소계,충북,0
2025-10,지자체,소계,충남,0
2025-10,지자체,소계,전북,0
2025-10,지자체,소계,전남,0
2025-10,지자체,소계,경북,0
2025-10,지자체,소계,경남,0
2025-10,지자체,소계,제주,0
2025-10,지자체,국민임대,전국,0
2025-10,지자체,국민임대,서울,0
2025-10,지자체,국민임대,인천,0
2025-10,지자체,국민임대,경기,0
2025-10,지자체,국민임대,부산,0
2025-10,지자체,국민임대,대구,0
2025-10,지자체,국민임대,광주,0
2025-10,지자체,국민임대,대전,0
2025-10,지자체,국민임대,울산,0
2025-10,지자체,국민임대,세종,0
2025-10,지자체,국민임대,강원,0
2025-10,지자체,국민임대,충북,0
2025-10,지자체,국민임대,충남,0
2025-10,지자체,국민임대,전북,0
2025-10,지자체,국민임대,전남,0
2025-10,지자체,국민임대,경북,0
2025-10,지자체,국민임대,경남,0
2025-10,지자체,국민임대,제주,0
2025-10,지자체,공공임대,전국,0
2025-10,지자체,공공임대,서울,0
2025-10,지자체,공공임대,인천,0
2025-10,지자체,공공임대,경기,0
2025-10,지자체,공공임대,부산,0
2025-10,지자체,공공임대,대구,0
2025-10,지자체,공공임대,광주,0
2025-10,지자체,공공임대,대전,0
2025-10,지자체,공공임대,울산,0
2025-10,지자체,공공임대,세종,0
2025-10,지자체,공공임대,강원,0
2025-10,지자체,공공임대,충북,0
2025-10,지자체,공공임대,충남,0
2025-10,지자체,공공임대,전북,0
2025-10,지자체,공공임대,전남,0
2025-10,지자체,공공임대,경북,0
2025-10,지자체,공공임대,경남,0
2025-10,지자체,공공임대,제주,0
2025-10,지자체,공공분양,전국,0
2025-10,지자체,공공분양,서울,0
2025-10,지자체,공공분양,인천,0
2025-10,지자체,공공분양,경기,0
2025-10,지자체,공공분양,부산,0
2025-10,지자체,공공분양,대구,0
2025-10,지자체,공공분양,광주,0
2025-10,지자체,공공분양,대전,0
2025-10,지자체,공공분양,울산,0
2025-10,지자체,공공분양,세종,0
2025-10,지자체,공공분양,강원,0
2025-10,지자체,공공분양,충북,0
2025-10,지자체,공공분양,충남,0
2025-10,지자체,공공분양,전북,0
2025-10,지자체,공공분양,전남,0
2025-10,지자체,공공분양,경북,0
2025-10,지자체,공공분양,경남,0
2025-10,지자체,공공분양,제주,0
2025-10,LH,소계,전국,708
2025-10,LH,소계,서울,10
2025-10,LH,소계,인천,0
2025-10,LH,소계,경기,0
2025-10,LH,소계,부산,0
2025-10,LH,소계,대구,0
2025-10,LH,소계,광주,0
2025-10,LH,소계,대전,0
2025-10,LH,소계,울산,0
2025-10,LH,소계,세종,238
2025-10,LH,소계,강원,0
2025-10,LH,소계,충북,0
2025-10,LH,소계,충남,0
2025-10,LH,소계,전북,0
2025-10,LH,소계,전남,460
2025-10,LH,소계,경북,0
2025-10,LH,소계,경남,0
2025-10,LH,소계,제주,0
2025-10,LH,국민임대,전국,400
2025-10,LH,국민임대,서울,0
2025-10,LH,국민임대,인천,0
2025-10,LH,국민임대,경기,0
2025-10,LH,국민임대,부산,0
2025-10,LH,국민임대,대구,0
2025-10,LH,국민임대,광주,0
2025-10,LH,국민임대,대전,0
2025-10,LH,국민임대,울산,0
2025-10,LH,국민임대,세종,0
2025-10,LH,국민임대,강원,0
2025-10,LH,국민임대,충북,0
2025-10,LH,국민임대,충남,0
2025-10,LH,국민임대,전북,0
2025-10,LH,국민임대,전남,400
2025-10,LH,국민임대,경북,0
2025-10,LH,국민임대,경남,0
2025-10,LH,국민임대,제주,0
2025-10,LH,공공임대,전국,308
2025-10,LH,공공임대,서울,10
2025-10,LH,공공임대,인천,0
2025-10,LH,공공임대,경기,0
2025-10,LH,공공임대,부산,0
2025-10,LH,공공임대,대구,0
2025-10,LH,공공임대,광주,0
2025-10,LH,공공임대,대전,0
2025-10,LH,공공임대,울산,0
2025-10,LH,공공임대,세종,238
2025-10,LH,공공임대,강원,0
2025-10,LH,공공임대,충북,0
2025-10,LH,공공임대,충남,0
2025-10,LH,공공임대,전북,0
2025-10,LH,공공임대,전남,60
2025-10,LH,공공임대,경북,0
2025-10,LH,공공임대,경남,0
2025-10,LH,공공임대,제주,0
2025-10,LH,공공분양,전국,0
2025-10,LH,공공분양,서울,0
2025-10,LH,공공분양,인천,0
2025-10,LH,공공분양,경기,0
2025-10,LH,공공분양,부산,0
2025-10,LH,공공분양,대구,0
2025-10,LH,공공분양,광주,0
2025-10,LH,공공분양,대전,0
2025-10,LH,공공분양,울산,0
2025-10,LH,공공분양,세종,0
2025-10,LH,공공분양,강원,0
2025-10,LH,공공분양,충북,0
2025-10,LH,공공분양,충남,0
2025-10,LH,공공분양,전북,0
2025-10,LH,공공분양,전남,0
2025-10,LH,공공분양,경북,0
2025-10,LH,공공분양,경남,0
2025-10,LH,공공분양,제주,0
2025-10,주택업체,소계,전국,269
2025-10,주택업체,소계,서울,164
2025-10,주택업체,소계,인천,0
2025-10,주택업체,소계,경기,105
2025-10,주택업체,소계,부산,0
2025-10,주택업체,소계,대구,0
2025-10,주택업체,소계,광주,0
2025-10,주택업체,소계,대전,0
2025-10,주택업체,소계,울산,0
2025-10,주택업체,소계,세종,0
2025-10,주택업체,소계,강원,0
2025-10,주택업체,소계,충북,0
2025-10,주택업체,소계,충남,0
2025-10,주택업체,소계,전북,0
2025-10,주택업체,소계,전남,0
2025-10,주택업체,소계,경북,0
2025-10,주택업체,소계,경남,0
2025-10,주택업체,소계,제주,0
2025-10,주택업체,국민임대,전국,105
2025-10,주택업체,국민임대,서울,0
2025-10,주택업체,국민임대,인천,0
2025-10,주택업체,국민임대,경기,105
2025-10,주택업체,국민임대,부산,0
2025-10,주택업체,국민임대,대구,0
2025-10,주택업체,국민임대,광주,0
2025-10,주택업체,국민임대,대전,0
2025-10,주택업체,국민임대,울산,0
2025-10,주택업체,국민임대,세종,0
2025-10,주택업체,국민임대,강원,0
2025-10,주택업체,국민임대,충북,0
2025-10,주택업체,국민임대,충남,0
2025-10,주택업체,국민임대,전북,0
2025-10,주택업체,국민임대,전남,0
2025-10,주택업체,국민임대,경북,0
2025-10,주택업체,국민임대,경남,0
2025-10,주택업체,국민임대,제주,0
2025-10,주택업체,공공임대,전국,164
2025-10,주택업체,공공임대,서울,164
2025-10,주택업체,공공임대,인천,0
2025-10,주택업체,공공임대,경기,0
2025-10,주택업체,공공임대,부산,0
2025-10,주택업체,공공임대,대구,0
2025-10,주택업체,공공임대,광주,0
2025-10,주택업체,공공임대,대전,0
2025-10,주택업체,공공임대,울산,0
2025-10,주택업체,공공임대,세종,0
2025-10,주택업체,공공임대,강원,0
2025-10,주택업체,공공임대,충북,0
2025-10,주택업체,공공임대,충남,0
2025-10,주택업체,공공임대,전북,0
2025-10,주택업체,공공임대,전남,0
2025-10,주택업체,공공임대,경북,0
2025-10,주택업체,공공임대,경남,0
2025-10,주택업체,공공임대,제주,0
2025-10,주택업체,공공분양,전국,0
2025-10,주택업체,공공분양,서울,0
2025-10,주택업체,공공분양,인천,0
2025-10,주택업체,공공분양,경기,0
2025-10,주택업체,공공분양,부산,0
2025-10,주택업체,공공분양,대구,0
2025-10,주택업체,공공분양,광주,0
2025-10,주택업체,공공분양,대전,0
2025-10,주택업체,공공분양,울산,0
2025-10,주택업체,공공분양,세종,0
2025-10,주택업체,공공분양,강원,0
2025-10,주택업체,공공분양,충북,0
2025-10,주택업체,공공분양,충남,0
2025-10,주택업체,공공분양,전북,0
2025-10,주택업체,공공분양,전남,0
2025-10,주택업체,공공분양,경북,0
2025-10,주택업체,공공분양,경남,0
2025-10,주택업체,공공분양,제주,0
2025-10,민간부문,소계,전국,21,970
2025-10,민간부문,소계,서울,1,869
2025-10,민간부문,소계,인천,1,504
2025-10,민간부문,소계,경기,4,514
2025-10,민간부문,소계,부산,17
2025-10,민간부문,소계,대구,753
2025-10,민간부문,소계,광주,9
2025-10,민간부문,소계,대전,945
2025-10,민간부문,소계,울산,14
2025-10,민간부문,소계,세종,7
2025-10,민간부문,소계,강원,2,229
2025-10,민간부문,소계,충북,2,823
2025-10,민간부문,소계,충남,2,592
2025-10,민간부문,소계,전북,664
2025-10,민간부문,소계,전남,142
2025-10,민간부문,소계,경북,3,163
2025-10,민간부문,소계,경남,115
2025-10,민간부문,소계,제주,610
2025-10,민간,민간임대,전국,677
2025-10,민간,민간임대,서울,453
2025-10,민간,민간임대,인천,0
2025-10,민간,민간임대,경기,0
2025-10,민간,민간임대,부산,0
2025-10,민간,민간임대,대구,0
2025-10,민간,민간임대,광주,0
2025-10,민간,민간임대,대전,0
2025-10,민간,민간임대,울산,0
2025-10,민간,민간임대,세종,0
2025-10,민간,민간임대,강원,0
2025-10,민간,민간임대,충북,224
2025-10,민간,민간임대,충남,0
2025-10,민간,민간임대,전북,0
2025-10,민간,민간임대,전남,0
2025-10,민간,민간임대,경북,0
2025-10,민간,민간임대,경남,0
2025-10,민간,민간임대,제주,0
2025-10,민간,민간분양,전국,21,293
2025-10,민간,민간분양,서울,1,416
2025-10,민간,민간분양,인천,1,504
2025-10,민간,민간분양,경기,4,514
2025-10,민간,민간분양,부산,17
2025-10,민간,민간분양,대구,753
2025-10,민간,민간분양,광주,9
2025-10,민간,민간분양,대전,945
2025-10,민간,민간분양,울산,14
2025-10,민간,민간분양,세종,7
2025-10,민간,민간분양,강원,2,229
2025-10,민간,민간분양,충북,2,599
2025-10,민간,민간분양,충남,2,592
2025-10,민간,민간분양,전북,664
2025-10,민간,민간분양,전남,142
2025-10,민간,민간분양,경북,3,163
2025-10,민간,민간분양,경남,115
2025-10,민간,민간분양,제주,610
2025-11,총계,총계,전국,23,907
2025-11,총계,총계,서울,8,846
2025-11,총계,총계,인천,986
2025-11,총계,총계,경기,5,407
2025-11,총계,총계,부산,29
2025-11,총계,총계,대구,1,043
2025-11,총계,총계,광주,10
2025-11,총계,총계,대전,11
2025-11,총계,총계,울산,372
2025-11,총계,총계,세종,33
2025-11,총계,총계,강원,1,028
2025-11,총계,총계,충북,1,637
2025-11,총계,총계,충남,199
2025-11,총계,총계,전북,2,312
2025-11,총계,총계,전남,189
2025-11,총계,총계,경북,1,256
2025-11,총계,총계,경남,315
2025-11,총계,총계,제주,234
2025-11,공공부문,소계,전국,2,227
2025-11,공공부문,소계,서울,324
2025-11,공공부문,소계,인천,0
2025-11,공공부문,소계,경기,1,158
2025-11,공공부문,소계,부산,0
2025-11,공공부문,소계,대구,0
2025-11,공공부문,소계,광주,0
2025-11,공공부문,소계,대전,0
2025-11,공공부문,소계,울산,0
2025-11,공공부문,소계,세종,0
2025-11,공공부문,소계,강원,0
2025-11,공공부문,소계,충북,0
2025-11,공공부문,소계,충남,0
2025-11,공공부문,소계,전북,745
2025-11,공공부문,소계,전남,0
2025-11,공공부문,소계,경북,0
2025-11,공공부문,소계,경남,0
2025-11,공공부문,소계,제주,0
2025-11,합,국민임대,전국,68
2025-11,합,국민임대,서울,68
2025-11,합,국민임대,인천,0
2025-11,합,국민임대,경기,0
2025-11,합,국민임대,부산,0
2025-11,합,국민임대,대구,0
2025-11,합,국민임대,광주,0
2025-11,합,국민임대,대전,0
2025-11,합,국민임대,울산,0
2025-11,합,국민임대,세종,0
2025-11,합,국민임대,강원,0
2025-11,합,국민임대,충북,0
2025-11,합,국민임대,충남,0
2025-11,합,국민임대,전북,0
2025-11,합,국민임대,전남,0
2025-11,합,국민임대,경북,0
2025-11,합,국민임대,경남,0
2025-11,합,국민임대,제주,0
2025-11,합,공공임대,전국,726
2025-11,합,공공임대,서울,256
2025-11,합,공공임대,인천,0
2025-11,합,공공임대,경기,470
2025-11,합,공공임대,부산,0
2025-11,합,공공임대,대구,0
2025-11,합,공공임대,광주,0
2025-11,합,공공임대,대전,0
2025-11,합,공공임대,울산,0
2025-11,합,공공임대,세종,0
2025-11,합,공공임대,강원,0
2025-11,합,공공임대,충북,0
2025-11,합,공공임대,충남,0
2025-11,합,공공임대,전북,0
2025-11,합,공공임대,전남,0
2025-11,합,공공임대,경북,0
2025-11,합,공공임대,경남,0
2025-11,합,공공임대,제주,0
2025-11,합,공공분양,전국,1,433
2025-11,합,공공분양,서울,0
2025-11,합,공공분양,인천,0
2025-11,합,공공분양,경기,688
2025-11,합,공공분양,부산,0
2025-11,합,공공분양,대구,0
2025-11,합,공공분양,광주,0
2025-11,합,공공분양,대전,0
2025-11,합,공공분양,울산,0
2025-11,합,공공분양,세종,0
2025-11,합,공공분양,강원,0
2025-11,합,공공분양,충북,0
2025-11,합,공공분양,충남,0
2025-11,합,공공분양,전북,745
2025-11,합,공공분양,전남,0
2025-11,합,공공분양,경북,0
2025-11,합,공공분양,경남,0
2025-11,합,공공분양,제주,0
2025-11,지자체,소계,전국,745
2025-11,지자체,소계,서울,0
2025-11,지자체,소계,인천,0
2025-11,지자체,소계,경기,0
2025-11,지자체,소계,부산,0
2025-11,지자체,소계,대구,0
2025-11,지자체,소계,광주,0
2025-11,지자체,소계,대전,0
2025-11,지자체,소계,울산,0
2025-11,지자체,소계,세종,0
2025-11,지자체,소계,강원,0
2025-11,지자체,소계,충북,0
2025-11,지자체,소계,충남,0
2025-11,지자체,소계,전북,745
2025-11,지자체,소계,전남,0
2025-11,지자체,소계,경북,0
2025-11,지자체,소계,경남,0
2025-11,지자체,소계,제주,0
2025-11,지자체,국민임대,전국,0
2025-11,지자체,국민임대,서울,0
2025-11,지자체,국민임대,인천,0
2025-11,지자체,국민임대,경기,0
2025-11,지자체,국민임대,부산,0
2025-11,지자체,국민임대,대구,0
2025-11,지자체,국민임대,광주,0
2025-11,지자체,국민임대,대전,0
2025-11,지자체,국민임대,울산,0
2025-11,지자체,국민임대,세종,0
2025-11,지자체,국민임대,강원,0
2025-11,지자체,국민임대,충북,0
2025-11,지자체,국민임대,충남,0
2025-11,지자체,국민임대,전북,0
2025-11,지자체,국민임대,전남,0
2025-11,지자체,국민임대,경북,0
2025-11,지자체,국민임대,경남,0
2025-11,지자체,국민임대,제주,0
2025-11,지자체,공공임대,전국,0
2025-11,지자체,공공임대,서울,0
2025-11,지자체,공공임대,인천,0
2025-11,지자체,공공임대,경기,0
2025-11,지자체,공공임대,부산,0
2025-11,지자체,공공임대,대구,0
2025-11,지자체,공공임대,광주,0
2025-11,지자체,공공임대,대전,0
2025-11,지자체,공공임대,울산,0
2025-11,지자체,공공임대,세종,0
2025-11,지자체,공공임대,강원,0
2025-11,지자체,공공임대,충북,0
2025-11,지자체,공공임대,충남,0
2025-11,지자체,공공임대,전북,0
2025-11,지자체,공공임대,전남,0
2025-11,지자체,공공임대,경북,0
2025-11,지자체,공공임대,경남,0
2025-11,지자체,공공임대,제주,0
2025-11,지자체,공공분양,전국,745
2025-11,지자체,공공분양,서울,0
2025-11,지자체,공공분양,인천,0
2025-11,지자체,공공분양,경기,0
2025-11,지자체,공공분양,부산,0
2025-11,지자체,공공분양,대구,0
2025-11,지자체,공공분양,광주,0
2025-11,지자체,공공분양,대전,0
2025-11,지자체,공공분양,울산,0
2025-11,지자체,공공분양,세종,0
2025-11,지자체,공공분양,강원,0
2025-11,지자체,공공분양,충북,0
2025-11,지자체,공공분양,충남,0
2025-11,지자체,공공분양,전북,745
2025-11,지자체,공공분양,전남,0
2025-11,지자체,공공분양,경북,0
2025-11,지자체,공공분양,경남,0
2025-11,지자체,공공분양,제주,0
2025-11,LH,소계,전국,1,158
2025-11,LH,소계,서울,0
2025-11,LH,소계,인천,0
2025-11,LH,소계,경기,1,158
2025-11,LH,소계,부산,0
2025-11,LH,소계,대구,0
2025-11,LH,소계,광주,0
2025-11,LH,소계,대전,0
2025-11,LH,소계,울산,0
2025-11,LH,소계,세종,0
2025-11,LH,소계,강원,0
2025-11,LH,소계,충북,0
2025-11,LH,소계,충남,0
2025-11,LH,소계,전북,0
2025-11,LH,소계,전남,0
2025-11,LH,소계,경북,0
2025-11,LH,소계,경남,0
2025-11,LH,소계,제주,0
2025-11,LH,국민임대,전국,0
2025-11,LH,국민임대,서울,0
2025-11,LH,국민임대,인천,0
2025-11,LH,국민임대,경기,0
2025-11,LH,국민임대,부산,0
2025-11,LH,국민임대,대구,0
2025-11,LH,국민임대,광주,0
2025-11,LH,국민임대,대전,0
2025-11,LH,국민임대,울산,0
2025-11,LH,국민임대,세종,0
2025-11,LH,국민임대,강원,0
2025-11,LH,국민임대,충북,0
2025-11,LH,국민임대,충남,0
2025-11,LH,국민임대,전북,0
2025-11,LH,국민임대,전남,0
2025-11,LH,국민임대,경북,0
2025-11,LH,국민임대,경남,0
2025-11,LH,국민임대,제주,0
2025-11,LH,공공임대,전국,470
2025-11,LH,공공임대,서울,0
2025-11,LH,공공임대,인천,0
2025-11,LH,공공임대,경기,470
2025-11,LH,공공임대,부산,0
2025-11,LH,공공임대,대구,0
2025-11,LH,공공임대,광주,0
2025-11,LH,공공임대,대전,0
2025-11,LH,공공임대,울산,0
2025-11,LH,공공임대,세종,0
2025-11,LH,공공임대,강원,0
2025-11,LH,공공임대,충북,0
2025-11,LH,공공임대,충남,0
2025-11,LH,공공임대,전북,0
2025-11,LH,공공임대,전남,0
2025-11,LH,공공임대,경북,0
2025-11,LH,공공임대,경남,0
2025-11,LH,공공임대,제주,0
2025-11,LH,공공분양,전국,688
2025-11,LH,공공분양,서울,0
2025-11,LH,공공분양,인천,0
2025-11,LH,공공분양,경기,688
2025-11,LH,공공분양,부산,0
2025-11,LH,공공분양,대구,0
2025-11,LH,공공분양,광주,0
2025-11,LH,공공분양,대전,0
2025-11,LH,공공분양,울산,0
2025-11,LH,공공분양,세종,0
2025-11,LH,공공분양,강원,0
2025-11,LH,공공분양,충북,0
2025-11,LH,공공분양,충남,0
2025-11,LH,공공분양,전북,0
2025-11,LH,공공분양,전남,0
2025-11,LH,공공분양,경북,0
2025-11,LH,공공분양,경남,0
2025-11,LH,공공분양,제주,0
2025-11,주택업체,소계,전국,324
2025-11,주택업체,소계,서울,324
2025-11,주택업체,소계,인천,0
2025-11,주택업체,소계,경기,0
2025-11,주택업체,소계,부산,0
2025-11,주택업체,소계,대구,0
2025-11,주택업체,소계,광주,0
2025-11,주택업체,소계,대전,0
2025-11,주택업체,소계,울산,0
2025-11,주택업체,소계,세종,0
2025-11,주택업체,소계,강원,0
2025-11,주택업체,소계,충북,0
2025-11,주택업체,소계,충남,0
2025-11,주택업체,소계,전북,0
2025-11,주택업체,소계,전남,0
2025-11,주택업체,소계,경북,0
2025-11,주택업체,소계,경남,0
2025-11,주택업체,소계,제주,0
2025-11,주택업체,국민임대,전국,68
2025-11,주택업체,국민임대,서울,68
2025-11,주택업체,국민임대,인천,0
2025-11,주택업체,국민임대,경기,0
2025-11,주택업체,국민임대,부산,0
2025-11,주택업체,국민임대,대구,0
2025-11,주택업체,국민임대,광주,0
2025-11,주택업체,국민임대,대전,0
2025-11,주택업체,국민임대,울산,0
2025-11,주택업체,국민임대,세종,0
2025-11,주택업체,국민임대,강원,0
2025-11,주택업체,국민임대,충북,0
2025-11,주택업체,국민임대,충남,0
2025-11,주택업체,국민임대,전북,0
2025-11,주택업체,국민임대,전남,0
2025-11,주택업체,국민임대,경북,0
2025-11,주택업체,국민임대,경남,0
2025-11,주택업체,국민임대,제주,0
2025-11,주택업체,공공임대,전국,256
2025-11,주택업체,공공임대,서울,256
2025-11,주택업체,공공임대,인천,0
2025-11,주택업체,공공임대,경기,0
2025-11,주택업체,공공임대,부산,0
2025-11,주택업체,공공임대,대구,0
2025-11,주택업체,공공임대,광주,0
2025-11,주택업체,공공임대,대전,0
2025-11,주택업체,공공임대,울산,0
2025-11,주택업체,공공임대,세종,0
2025-11,주택업체,공공임대,강원,0
2025-11,주택업체,공공임대,충북,0
2025-11,주택업체,공공임대,충남,0
2025-11,주택업체,공공임대,전북,0
2025-11,주택업체,공공임대,전남,0
2025-11,주택업체,공공임대,경북,0
2025-11,주택업체,공공임대,경남,0
2025-11,주택업체,공공임대,제주,0
2025-11,주택업체,공공분양,전국,0
2025-11,주택업체,공공분양,서울,0
2025-11,주택업체,공공분양,인천,0
2025-11,주택업체,공공분양,경기,0
2025-11,주택업체,공공분양,부산,0
2025-11,주택업체,공공분양,대구,0
2025-11,주택업체,공공분양,광주,0
2025-11,주택업체,공공분양,대전,0
2025-11,주택업체,공공분양,울산,0
2025-11,주택업체,공공분양,세종,0
2025-11,주택업체,공공분양,강원,0
2025-11,주택업체,공공분양,충북,0
2025-11,주택업체,공공분양,충남,0
2025-11,주택업체,공공분양,전북,0
2025-11,주택업체,공공분양,전남,0
2025-11,주택업체,공공분양,경북,0
2025-11,주택업체,공공분양,경남,0
2025-11,주택업체,공공분양,제주,0
2025-11,민간부문,소계,전국,21,680
2025-11,민간부문,소계,서울,8,522
2025-11,민간부문,소계,인천,986
2025-11,민간부문,소계,경기,4,249
2025-11,민간부문,소계,부산,29
2025-11,민간부문,소계,대구,1,043
2025-11,민간부문,소계,광주,10
2025-11,민간부문,소계,대전,11
2025-11,민간부문,소계,울산,372
2025-11,민간부문,소계,세종,33
2025-11,민간부문,소계,강원,1,028
2025-11,민간부문,소계,충북,1,637
2025-11,민간부문,소계,충남,199
2025-11,민간부문,소계,전북,1,567
2025-11,민간부문,소계,전남,189
2025-11,민간부문,소계,경북,1,256
2025-11,민간부문,소계,경남,315
2025-11,민간부문,소계,제주,234
2025-11,민간,민간임대,전국,1,090
2025-11,민간,민간임대,서울,674
2025-11,민간,민간임대,인천,24
2025-11,민간,민간임대,경기,42
2025-11,민간,민간임대,부산,0
2025-11,민간,민간임대,대구,0
2025-11,민간,민간임대,광주,0
2025-11,민간,민간임대,대전,0
2025-11,민간,민간임대,울산,0
2025-11,민간,민간임대,세종,0
2025-11,민간,민간임대,강원,350
2025-11,민간,민간임대,충북,0
2025-11,민간,민간임대,충남,0
2025-11,민간,민간임대,전북,0
2025-11,민간,민간임대,전남,0
2025-11,민간,민간임대,경북,0
2025-11,민간,민간임대,경남,0
2025-11,민간,민간임대,제주,0
2025-11,민간,민간분양,전국,20,590
2025-11,민간,민간분양,서울,7,848
2025-11,민간,민간분양,인천,962
2025-11,민간,민간분양,경기,4,207
2025-11,민간,민간분양,부산,29
2025-11,민간,민간분양,대구,1,043
2025-11,민간,민간분양,광주,10
2025-11,민간,민간분양,대전,11
2025-11,민간,민간분양,울산,372
2025-11,민간,민간분양,세종,33
2025-11,민간,민간분양,강원,678
2025-11,민간,민간분양,충북,1,637
2025-11,민간,민간분양,충남,199
2025-11,민간,민간분양,전북,1,567
2025-11,민간,민간분양,전남,189
2025-11,민간,민간분양,경북,1,256
2025-11,민간,민간분양,경남,315
2025-11,민간,민간분양,제주,234
2025-12,총계,총계,전국,24,407
2025-12,총계,총계,서울,3,206
2025-12,총계,총계,인천,869
2025-12,총계,총계,경기,4,988
2025-12,총계,총계,부산,4,258
2025-12,총계,총계,대구,2,253
2025-12,총계,총계,광주,1,362
2025-12,총계,총계,대전,152
2025-12,총계,총계,울산,439
2025-12,총계,총계,세종,13
2025-12,총계,총계,강원,1,128
2025-12,총계,총계,충북,353
2025-12,총계,총계,충남,967
2025-12,총계,총계,전북,542
2025-12,총계,총계,전남,1,549
2025-12,총계,총계,경북,736
2025-12,총계,총계,경남,1,484
2025-12,총계,총계,제주,108
2025-12,공공부문,소계,전국,5,807
2025-12,공공부문,소계,서울,336
2025-12,공공부문,소계,인천,801
2025-12,공공부문,소계,경기,2,832
2025-12,공공부문,소계,부산,1,348
2025-12,공공부문,소계,대구,90
2025-12,공공부문,소계,광주,0
2025-12,공공부문,소계,대전,0
2025-12,공공부문,소계,울산,0
2025-12,공공부문,소계,세종,0
2025-12,공공부문,소계,강원,0
2025-12,공공부문,소계,충북,0
2025-12,공공부문,소계,충남,0
2025-12,공공부문,소계,전북,0
2025-12,공공부문,소계,전남,0
2025-12,공공부문,소계,경북,400
2025-12,공공부문,소계,경남,0
2025-12,공공부문,소계,제주,0
2025-12,합,국민임대,전국,414
2025-12,합,국민임대,서울,0
2025-12,합,국민임대,인천,0
2025-12,합,국민임대,경기,0
2025-12,합,국민임대,부산,214
2025-12,합,국민임대,대구,0
2025-12,합,국민임대,광주,0
2025-12,합,국민임대,대전,0
2025-12,합,국민임대,울산,0
2025-12,합,국민임대,세종,0
2025-12,합,국민임대,강원,0
2025-12,합,국민임대,충북,0
2025-12,합,국민임대,충남,0
2025-12,합,국민임대,전북,0
2025-12,합,국민임대,전남,0
2025-12,합,국민임대,경북,200
2025-12,합,국민임대,경남,0
2025-12,합,국민임대,제주,0
2025-12,합,공공임대,전국,4,288
2025-12,합,공공임대,서울,336
2025-12,합,공공임대,인천,267
2025-12,합,공공임대,경기,2,461
2025-12,합,공공임대,부산,1,134
2025-12,합,공공임대,대구,90
2025-12,합,공공임대,광주,0
2025-12,합,공공임대,대전,0
2025-12,합,공공임대,울산,0
2025-12,합,공공임대,세종,0
2025-12,합,공공임대,강원,0
2025-12,합,공공임대,충북,0
2025-12,합,공공임대,충남,0
2025-12,합,공공임대,전북,0
2025-12,합,공공임대,전남,0
2025-12,합,공공임대,경북,0
2025-12,합,공공임대,경남,0
2025-12,합,공공임대,제주,0
2025-12,합,공공분양,전국,1,105
2025-12,합,공공분양,서울,0
2025-12,합,공공분양,인천,534
2025-12,합,공공분양,경기,371
2025-12,합,공공분양,부산,0
2025-12,합,공공분양,대구,0
2025-12,합,공공분양,광주,0
2025-12,합,공공분양,대전,0
2025-12,합,공공분양,울산,0
2025-12,합,공공분양,세종,0
2025-12,합,공공분양,강원,0
2025-12,합,공공분양,충북,0
2025-12,합,공공분양,충남,0
2025-12,합,공공분양,전북,0
2025-12,합,공공분양,전남,0
2025-12,합,공공분양,경북,200
2025-12,합,공공분양,경남,0
2025-12,합,공공분양,제주,0
2025-12,지자체,소계,전국,2,099
2025-12,지자체,소계,서울,0
2025-12,지자체,소계,인천,0
2025-12,지자체,소계,경기,965
2025-12,지자체,소계,부산,1,134
2025-12,지자체,소계,대구,0
2025-12,지자체,소계,광주,0
2025-12,지자체,소계,대전,0
2025-12,지자체,소계,울산,0
2025-12,지자체,소계,세종,0
2025-12,지자체,소계,강원,0
2025-12,지자체,소계,충북,0
2025-12,지자체,소계,충남,0
2025-12,지자체,소계,전북,0
2025-12,지자체,소계,전남,0
2025-12,지자체,소계,경북,0
2025-12,지자체,소계,경남,0
2025-12,지자체,소계,제주,0
2025-12,지자체,국민임대,전국,0
2025-12,지자체,국민임대,서울,0
2025-12,지자체,국민임대,인천,0
2025-12,지자체,국민임대,경기,0
2025-12,지자체,국민임대,부산,0
2025-12,지자체,국민임대,대구,0
2025-12,지자체,국민임대,광주,0
2025-12,지자체,국민임대,대전,0
2025-12,지자체,국민임대,울산,0
2025-12,지자체,국민임대,세종,0
2025-12,지자체,국민임대,강원,0
2025-12,지자체,국민임대,충북,0
2025-12,지자체,국민임대,충남,0
2025-12,지자체,국민임대,전북,0
2025-12,지자체,국민임대,전남,0
2025-12,지자체,국민임대,경북,0
2025-12,지자체,국민임대,경남,0
2025-12,지자체,국민임대,제주,0
2025-12,지자체,공공임대,전국,2,099
2025-12,지자체,공공임대,서울,0
2025-12,지자체,공공임대,인천,0
2025-12,지자체,공공임대,경기,965
2025-12,지자체,공공임대,부산,1,134
2025-12,지자체,공공임대,대구,0
2025-12,지자체,공공임대,광주,0
2025-12,지자체,공공임대,대전,0
2025-12,지자체,공공임대,울산,0
2025-12,지자체,공공임대,세종,0
2025-12,지자체,공공임대,강원,0
2025-12,지자체,공공임대,충북,0
2025-12,지자체,공공임대,충남,0
2025-12,지자체,공공임대,전북,0
2025-12,지자체,공공임대,전남,0
2025-12,지자체,공공임대,경북,0
2025-12,지자체,공공임대,경남,0
2025-12,지자체,공공임대,제주,0
2025-12,지자체,공공분양,전국,0
2025-12,지자체,공공분양,서울,0
2025-12,지자체,공공분양,인천,0
2025-12,지자체,공공분양,경기,0
2025-12,지자체,공공분양,부산,0
2025-12,지자체,공공분양,대구,0
2025-12,지자체,공공분양,광주,0
2025-12,지자체,공공분양,대전,0
2025-12,지자체,공공분양,울산,0
2025-12,지자체,공공분양,세종,0
2025-12,지자체,공공분양,강원,0
2025-12,지자체,공공분양,충북,0
2025-12,지자체,공공분양,충남,0
2025-12,지자체,공공분양,전북,0
2025-12,지자체,공공분양,전남,0
2025-12,지자체,공공분양,경북,0
2025-12,지자체,공공분양,경남,0
2025-12,지자체,공공분양,제주,0
2025-12,LH,소계,전국,2,868
2025-12,LH,소계,서울,0
2025-12,LH,소계,인천,801
2025-12,LH,소계,경기,1,867
2025-12,LH,소계,부산,0
2025-12,LH,소계,대구,0
2025-12,LH,소계,광주,0
2025-12,LH,소계,대전,0
2025-12,LH,소계,울산,0
2025-12,LH,소계,세종,0
2025-12,LH,소계,강원,0
2025-12,LH,소계,충북,0
2025-12,LH,소계,충남,0
2025-12,LH,소계,전북,0
2025-12,LH,소계,전남,0
2025-12,LH,소계,경북,200
2025-12,LH,소계,경남,0
2025-12,LH,소계,제주,0
2025-12,LH,국민임대,전국,200
2025-12,LH,국민임대,서울,0
2025-12,LH,국민임대,인천,0
2025-12,LH,국민임대,경기,0
2025-12,LH,국민임대,부산,0
2025-12,LH,국민임대,대구,0
2025-12,LH,국민임대,광주,0
2025-12,LH,국민임대,대전,0
2025-12,LH,국민임대,울산,0
2025-12,LH,국민임대,세종,0
2025-12,LH,국민임대,강원,0
2025-12,LH,국민임대,충북,0
2025-12,LH,국민임대,충남,0
2025-12,LH,국민임대,전북,0
2025-12,LH,국민임대,전남,0
2025-12,LH,국민임대,경북,200
2025-12,LH,국민임대,경남,0
2025-12,LH,국민임대,제주,0
2025-12,LH,공공임대,전국,1,763
2025-12,LH,공공임대,서울,0
2025-12,LH,공공임대,인천,267
2025-12,LH,공공임대,경기,1,496
2025-12,LH,공공임대,부산,0
2025-12,LH,공공임대,대구,0
2025-12,LH,공공임대,광주,0
2025-12,LH,공공임대,대전,0
2025-12,LH,공공임대,울산,0
2025-12,LH,공공임대,세종,0
2025-12,LH,공공임대,강원,0
2025-12,LH,공공임대,충북,0
2025-12,LH,공공임대,충남,0
2025-12,LH,공공임대,전북,0
2025-12,LH,공공임대,전남,0
2025-12,LH,공공임대,경북,0
2025-12,LH,공공임대,경남,0
2025-12,LH,공공임대,제주,0
2025-12,LH,공공분양,전국,905
2025-12,LH,공공분양,서울,0
2025-12,LH,공공분양,인천,534
2025-12,LH,공공분양,경기,371
2025-12,LH,공공분양,부산,0
2025-12,LH,공공분양,대구,0
2025-12,LH,공공분양,광주,0
2025-12,LH,공공분양,대전,0
2025-12,LH,공공분양,울산,0
2025-12,LH,공공분양,세종,0
2025-12,LH,공공분양,강원,0
2025-12,LH,공공분양,충북,0
2025-12,LH,공공분양,충남,0
2025-12,LH,공공분양,전북,0
2025-12,LH,공공분양,전남,0
2025-12,LH,공공분양,경북,0
2025-12,LH,공공분양,경남,0
2025-12,LH,공공분양,제주,0
2025-12,주택업체,소계,전국,840
2025-12,주택업체,소계,서울,336
2025-12,주택업체,소계,인천,0
2025-12,주택업체,소계,경기,0
2025-12,주택업체,소계,부산,214
2025-12,주택업체,소계,대구,90
2025-12,주택업체,소계,광주,0
2025-12,주택업체,소계,대전,0
2025-12,주택업체,소계,울산,0
2025-12,주택업체,소계,세종,0
2025-12,주택업체,소계,강원,0
2025-12,주택업체,소계,충북,0
2025-12,주택업체,소계,충남,0
2025-12,주택업체,소계,전북,0
2025-12,주택업체,소계,전남,0
2025-12,주택업체,소계,경북,200
2025-12,주택업체,소계,경남,0
2025-12,주택업체,소계,제주,0
2025-12,주택업체,국민임대,전국,214
2025-12,주택업체,국민임대,서울,0
2025-12,주택업체,국민임대,인천,0
2025-12,주택업체,국민임대,경기,0
2025-12,주택업체,국민임대,부산,214
2025-12,주택업체,국민임대,대구,0
2025-12,주택업체,국민임대,광주,0
2025-12,주택업체,국민임대,대전,0
2025-12,주택업체,국민임대,울산,0
2025-12,주택업체,국민임대,세종,0
2025-12,주택업체,국민임대,강원,0
2025-12,주택업체,국민임대,충북,0
2025-12,주택업체,국민임대,충남,0
2025-12,주택업체,국민임대,전북,0
2025-12,주택업체,국민임대,전남,0
2025-12,주택업체,국민임대,경북,0
2025-12,주택업체,국민임대,경남,0
2025-12,주택업체,국민임대,제주,0
2025-12,주택업체,공공임대,전국,426
2025-12,주택업체,공공임대,서울,336
2025-12,주택업체,공공임대,인천,0
2025-12,주택업체,공공임대,경기,0
2025-12,주택업체,공공임대,부산,0
2025-12,주택업체,공공임대,대구,90
2025-12,주택업체,공공임대,광주,0
2025-12,주택업체,공공임대,대전,0
2025-12,주택업체,공공임대,울산,0
2025-12,주택업체,공공임대,세종,0
2025-12,주택업체,공공임대,강원,0
2025-12,주택업체,공공임대,충북,0
2025-12,주택업체,공공임대,충남,0
2025-12,주택업체,공공임대,전북,0
2025-12,주택업체,공공임대,전남,0
2025-12,주택업체,공공임대,경북,0
2025-12,주택업체,공공임대,경남,0
2025-12,주택업체,공공임대,제주,0
2025-12,주택업체,공공분양,전국,200
2025-12,주택업체,공공분양,서울,0
2025-12,주택업체,공공분양,인천,0
2025-12,주택업체,공공분양,경기,0
2025-12,주택업체,공공분양,부산,0
2025-12,주택업체,공공분양,대구,0
2025-12,주택업체,공공분양,광주,0
2025-12,주택업체,공공분양,대전,0
2025-12,주택업체,공공분양,울산,0
2025-12,주택업체,공공분양,세종,0
2025-12,주택업체,공공분양,강원,0
2025-12,주택업체,공공분양,충북,0
2025-12,주택업체,공공분양,충남,0
2025-12,주택업체,공공분양,전북,0
2025-12,주택업체,공공분양,전남,0
2025-12,주택업체,공공분양,경북,200
2025-12,주택업체,공공분양,경남,0
2025-12,주택업체,공공분양,제주,0
2025-12,민간부문,소계,전국,18,600
2025-12,민간부문,소계,서울,2,870
2025-12,민간부문,소계,인천,68
2025-12,민간부문,소계,경기,2,156
2025-12,민간부문,소계,부산,2,910
2025-12,민간부문,소계,대구,2,163
2025-12,민간부문,소계,광주,1,362
2025-12,민간부문,소계,대전,152
2025-12,민간부문,소계,울산,439
2025-12,민간부문,소계,세종,13
2025-12,민간부문,소계,강원,1,128
2025-12,민간부문,소계,충북,353
2025-12,민간부문,소계,충남,967
2025-12,민간부문,소계,전북,542
2025-12,민간부문,소계,전남,1,549
2025-12,민간부문,소계,경북,336
2025-12,민간부문,소계,경남,1,484
2025-12,민간부문,소계,제주,108
2025-12,민간,민간임대,전국,420
2025-12,민간,민간임대,서울,361
2025-12,민간,민간임대,인천,0
2025-12,민간,민간임대,경기,59
2025-12,민간,민간임대,부산,0
2025-12,민간,민간임대,대구,0
2025-12,민간,민간임대,광주,0
2025-12,민간,민간임대,대전,0
2025-12,민간,민간임대,울산,0
2025-12,민간,민간임대,세종,0
2025-12,민간,민간임대,강원,0
2025-12,민간,민간임대,충북,0
2025-12,민간,민간임대,충남,0
2025-12,민간,민간임대,전북,0
2025-12,민간,민간임대,전남,0
2025-12,민간,민간임대,경북,0
2025-12,민간,민간임대,경남,0
2025-12,민간,민간임대,제주,0
2025-12,민간,민간분양,전국,18,180
2025-12,민간,민간분양,서울,2,509
2025-12,민간,민간분양,인천,68
2025-12,민간,민간분양,경기,2,097
2025-12,민간,민간분양,부산,2,910
2025-12,민간,민간분양,대구,2,163
2025-12,민간,민간분양,광주,1,362
2025-12,민간,민간분양,대전,152
2025-12,민간,민간분양,울산,439
2025-12,민간,민간분양,세종,13
2025-12,민간,민간분양,강원,1,128
2025-12,민간,민간분양,충북,353
2025-12,민간,민간분양,충남,967
2025-12,민간,민간분양,전북,542
2025-12,민간,민간분양,전남,1,549
2025-12,민간,민간분양,경북,336
2025-12,민간,민간분양,경남,1,484
2025-12,민간,민간분양,제주,108
2026-01 p),총계,총계,전국,22,340
2026-01 p),총계,총계,서울,3,817
2026-01 p),총계,총계,인천,1,391
2026-01 p),총계,총계,경기,6,452
2026-01 p),총계,총계,부산,1,949
2026-01 p),총계,총계,대구,1,363
2026-01 p),총계,총계,광주,71
2026-01 p),총계,총계,대전,82
2026-01 p),총계,총계,울산,17
2026-01 p),총계,총계,세종,10
2026-01 p),총계,총계,강원,987
2026-01 p),총계,총계,충북,2,499
2026-01 p),총계,총계,충남,996
2026-01 p),총계,총계,전북,1,027
2026-01 p),총계,총계,전남,280
2026-01 p),총계,총계,경북,229
2026-01 p),총계,총계,경남,997
2026-01 p),총계,총계,제주,173
2026-01 p),공공부문,소계,전국,2,671
2026-01 p),공공부문,소계,서울,407
2026-01 p),공공부문,소계,인천,88
2026-01 p),공공부문,소계,경기,642
2026-01 p),공공부문,소계,부산,1,120
2026-01 p),공공부문,소계,대구,0
2026-01 p),공공부문,소계,광주,0
2026-01 p),공공부문,소계,대전,0
2026-01 p),공공부문,소계,울산,0
2026-01 p),공공부문,소계,세종,0
2026-01 p),공공부문,소계,강원,0
2026-01 p),공공부문,소계,충북,350
2026-01 p),공공부문,소계,충남,19
2026-01 p),공공부문,소계,전북,0
2026-01 p),공공부문,소계,전남,0
2026-01 p),공공부문,소계,경북,0
2026-01 p),공공부문,소계,경남,45
2026-01 p),공공부문,소계,제주,0
2026-01 p),합,국민임대,전국,0
2026-01 p),합,국민임대,서울,0
2026-01 p),합,국민임대,인천,0
2026-01 p),합,국민임대,경기,0
2026-01 p),합,국민임대,부산,0
2026-01 p),합,국민임대,대구,0
2026-01 p),합,국민임대,광주,0
2026-01 p),합,국민임대,대전,0
2026-01 p),합,국민임대,울산,0
2026-01 p),합,국민임대,세종,0
2026-01 p),합,국민임대,강원,0
2026-01 p),합,국민임대,충북,0
2026-01 p),합,국민임대,충남,0
2026-01 p),합,국민임대,전북,0
2026-01 p),합,국민임대,전남,0
2026-01 p),합,국민임대,경북,0
2026-01 p),합,국민임대,경남,0
2026-01 p),합,국민임대,제주,0
2026-01 p),합,공공임대,전국,909
2026-01 p),합,공공임대,서울,407
2026-01 p),합,공공임대,인천,88
2026-01 p),합,공공임대,경기,0
2026-01 p),합,공공임대,부산,0
2026-01 p),합,공공임대,대구,0
2026-01 p),합,공공임대,광주,0
2026-01 p),합,공공임대,대전,0
2026-01 p),합,공공임대,울산,0
2026-01 p),합,공공임대,세종,0
2026-01 p),합,공공임대,강원,0
2026-01 p),합,공공임대,충북,350
2026-01 p),합,공공임대,충남,19
2026-01 p),합,공공임대,전북,0
2026-01 p),합,공공임대,전남,0
2026-01 p),합,공공임대,경북,0
2026-01 p),합,공공임대,경남,45
2026-01 p),합,공공임대,제주,0
2026-01 p),합,공공분양,전국,1,762
2026-01 p),합,공공분양,서울,0
2026-01 p),합,공공분양,인천,0
2026-01 p),합,공공분양,경기,642
2026-01 p),합,공공분양,부산,1,120
2026-01 p),합,공공분양,대구,0
2026-01 p),합,공공분양,광주,0
2026-01 p),합,공공분양,대전,0
2026-01 p),합,공공분양,울산,0
2026-01 p),합,공공분양,세종,0
2026-01 p),합,공공분양,강원,0
2026-01 p),합,공공분양,충북,0
2026-01 p),합,공공분양,충남,0
2026-01 p),합,공공분양,전북,0
2026-01 p),합,공공분양,전남,0
2026-01 p),합,공공분양,경북,0
2026-01 p),합,공공분양,경남,0
2026-01 p),합,공공분양,제주,0
2026-01 p),지자체,소계,전국,1,194
2026-01 p),지자체,소계,서울,10
2026-01 p),지자체,소계,인천,0
2026-01 p),지자체,소계,경기,0
2026-01 p),지자체,소계,부산,1,120
2026-01 p),지자체,소계,대구,0
2026-01 p),지자체,소계,광주,0
2026-01 p),지자체,소계,대전,0
2026-01 p),지자체,소계,울산,0
2026-01 p),지자체,소계,세종,0
2026-01 p),지자체,소계,강원,0
2026-01 p),지자체,소계,충북,0
2026-01 p),지자체,소계,충남,19
2026-01 p),지자체,소계,전북,0
2026-01 p),지자체,소계,전남,0
2026-01 p),지자체,소계,경북,0
2026-01 p),지자체,소계,경남,45
2026-01 p),지자체,소계,제주,0
2026-01 p),지자체,국민임대,전국,0
2026-01 p),지자체,국민임대,서울,0
2026-01 p),지자체,국민임대,인천,0
2026-01 p),지자체,국민임대,경기,0
2026-01 p),지자체,국민임대,부산,0
2026-01 p),지자체,국민임대,대구,0
2026-01 p),지자체,국민임대,광주,0
2026-01 p),지자체,국민임대,대전,0
2026-01 p),지자체,국민임대,울산,0
2026-01 p),지자체,국민임대,세종,0
2026-01 p),지자체,국민임대,강원,0
2026-01 p),지자체,국민임대,충북,0
2026-01 p),지자체,국민임대,충남,0
2026-01 p),지자체,국민임대,전북,0
2026-01 p),지자체,국민임대,전남,0
2026-01 p),지자체,국민임대,경북,0
2026-01 p),지자체,국민임대,경남,0
2026-01 p),지자체,국민임대,제주,0
2026-01 p),지자체,공공임대,전국,74
2026-01 p),지자체,공공임대,서울,10
2026-01 p),지자체,공공임대,인천,0
2026-01 p),지자체,공공임대,경기,0
2026-01 p),지자체,공공임대,부산,0
2026-01 p),지자체,공공임대,대구,0
2026-01 p),지자체,공공임대,광주,0
2026-01 p),지자체,공공임대,대전,0
2026-01 p),지자체,공공임대,울산,0
2026-01 p),지자체,공공임대,세종,0
2026-01 p),지자체,공공임대,강원,0
2026-01 p),지자체,공공임대,충북,0
2026-01 p),지자체,공공임대,충남,19
2026-01 p),지자체,공공임대,전북,0
2026-01 p),지자체,공공임대,전남,0
2026-01 p),지자체,공공임대,경북,0
2026-01 p),지자체,공공임대,경남,45
2026-01 p),지자체,공공임대,제주,0
2026-01 p),지자체,공공분양,전국,1,120
2026-01 p),지자체,공공분양,서울,0
2026-01 p),지자체,공공분양,인천,0
2026-01 p),지자체,공공분양,경기,0
2026-01 p),지자체,공공분양,부산,1,120
2026-01 p),지자체,공공분양,대구,0
2026-01 p),지자체,공공분양,광주,0
2026-01 p),지자체,공공분양,대전,0
2026-01 p),지자체,공공분양,울산,0
2026-01 p),지자체,공공분양,세종,0
2026-01 p),지자체,공공분양,강원,0
2026-01 p),지자체,공공분양,충북,0
2026-01 p),지자체,공공분양,충남,0
2026-01 p),지자체,공공분양,전북,0
2026-01 p),지자체,공공분양,전남,0
2026-01 p),지자체,공공분양,경북,0
2026-01 p),지자체,공공분양,경남,0
2026-01 p),지자체,공공분양,제주,0
2026-01 p),LH,소계,전국,992
2026-01 p),LH,소계,서울,0
2026-01 p),LH,소계,인천,0
2026-01 p),LH,소계,경기,642
2026-01 p),LH,소계,부산,0
2026-01 p),LH,소계,대구,0
2026-01 p),LH,소계,광주,0
2026-01 p),LH,소계,대전,0
2026-01 p),LH,소계,울산,0
2026-01 p),LH,소계,세종,0
2026-01 p),LH,소계,강원,0
2026-01 p),LH,소계,충북,350
2026-01 p),LH,소계,충남,0
2026-01 p),LH,소계,전북,0
2026-01 p),LH,소계,전남,0
2026-01 p),LH,소계,경북,0
2026-01 p),LH,소계,경남,0
2026-01 p),LH,소계,제주,0
2026-01 p),LH,국민임대,전국,0
2026-01 p),LH,국민임대,서울,0
2026-01 p),LH,국민임대,인천,0
2026-01 p),LH,국민임대,경기,0
2026-01 p),LH,국민임대,부산,0
2026-01 p),LH,국민임대,대구,0
2026-01 p),LH,국민임대,광주,0
2026-01 p),LH,국민임대,대전,0
2026-01 p),LH,국민임대,울산,0
2026-01 p),LH,국민임대,세종,0
2026-01 p),LH,국민임대,강원,0
2026-01 p),LH,국민임대,충북,0
2026-01 p),LH,국민임대,충남,0
2026-01 p),LH,국민임대,전북,0
2026-01 p),LH,국민임대,전남,0
2026-01 p),LH,국민임대,경북,0
2026-01 p),LH,국민임대,경남,0
2026-01 p),LH,국민임대,제주,0
2026-01 p),LH,공공임대,전국,350
2026-01 p),LH,공공임대,서울,0
2026-01 p),LH,공공임대,인천,0
2026-01 p),LH,공공임대,경기,0
2026-01 p),LH,공공임대,부산,0
2026-01 p),LH,공공임대,대구,0
2026-01 p),LH,공공임대,광주,0
2026-01 p),LH,공공임대,대전,0
2026-01 p),LH,공공임대,울산,0
2026-01 p),LH,공공임대,세종,0
2026-01 p),LH,공공임대,강원,0
2026-01 p),LH,공공임대,충북,350
2026-01 p),LH,공공임대,충남,0
2026-01 p),LH,공공임대,전북,0
2026-01 p),LH,공공임대,전남,0
2026-01 p),LH,공공임대,경북,0
2026-01 p),LH,공공임대,경남,0
2026-01 p),LH,공공임대,제주,0
2026-01 p),LH,공공분양,전국,642
2026-01 p),LH,공공분양,서울,0
2026-01 p),LH,공공분양,인천,0
2026-01 p),LH,공공분양,경기,642
2026-01 p),LH,공공분양,부산,0
2026-01 p),LH,공공분양,대구,0
2026-01 p),LH,공공분양,광주,0
2026-01 p),LH,공공분양,대전,0
2026-01 p),LH,공공분양,울산,0
2026-01 p),LH,공공분양,세종,0
2026-01 p),LH,공공분양,강원,0
2026-01 p),LH,공공분양,충북,0
2026-01 p),LH,공공분양,충남,0
2026-01 p),LH,공공분양,전북,0
2026-01 p),LH,공공분양,전남,0
2026-01 p),LH,공공분양,경북,0
2026-01 p),LH,공공분양,경남,0
2026-01 p),LH,공공분양,제주,0
2026-01 p),주택업체,소계,전국,485
2026-01 p),주택업체,소계,서울,397
2026-01 p),주택업체,소계,인천,88
2026-01 p),주택업체,소계,경기,0
2026-01 p),주택업체,소계,부산,0
2026-01 p),주택업체,소계,대구,0
2026-01 p),주택업체,소계,광주,0
2026-01 p),주택업체,소계,대전,0
2026-01 p),주택업체,소계,울산,0
2026-01 p),주택업체,소계,세종,0
2026-01 p),주택업체,소계,강원,0
2026-01 p),주택업체,소계,충북,0
2026-01 p),주택업체,소계,충남,0
2026-01 p),주택업체,소계,전북,0
2026-01 p),주택업체,소계,전남,0
2026-01 p),주택업체,소계,경북,0
2026-01 p),주택업체,소계,경남,0
2026-01 p),주택업체,소계,제주,0
2026-01 p),주택업체,국민임대,전국,0
2026-01 p),주택업체,국민임대,서울,0
2026-01 p),주택업체,국민임대,인천,0
2026-01 p),주택업체,국민임대,경기,0
2026-01 p),주택업체,국민임대,부산,0
2026-01 p),주택업체,국민임대,대구,0
2026-01 p),주택업체,국민임대,광주,0
2026-01 p),주택업체,국민임대,대전,0
2026-01 p),주택업체,국민임대,울산,0
2026-01 p),주택업체,국민임대,세종,0
2026-01 p),주택업체,국민임대,강원,0
2026-01 p),주택업체,국민임대,충북,0
2026-01 p),주택업체,국민임대,충남,0
2026-01 p),주택업체,국민임대,전북,0
2026-01 p),주택업체,국민임대,전남,0
2026-01 p),주택업체,국민임대,경북,0
2026-01 p),주택업체,국민임대,경남,0
2026-01 p),주택업체,국민임대,제주,0
2026-01 p),주택업체,공공임대,전국,485
2026-01 p),주택업체,공공임대,서울,397
2026-01 p),주택업체,공공임대,인천,88
2026-01 p),주택업체,공공임대,경기,0
2026-01 p),주택업체,공공임대,부산,0
2026-01 p),주택업체,공공임대,대구,0
2026-01 p),주택업체,공공임대,광주,0
2026-01 p),주택업체,공공임대,대전,0
2026-01 p),주택업체,공공임대,울산,0
2026-01 p),주택업체,공공임대,세종,0
2026-01 p),주택업체,공공임대,강원,0
2026-01 p),주택업체,공공임대,충북,0
2026-01 p),주택업체,공공임대,충남,0
2026-01 p),주택업체,공공임대,전북,0
2026-01 p),주택업체,공공임대,전남,0
2026-01 p),주택업체,공공임대,경북,0
2026-01 p),주택업체,공공임대,경남,0
2026-01 p),주택업체,공공임대,제주,0
2026-01 p),주택업체,공공분양,전국,0
2026-01 p),주택업체,공공분양,서울,0
2026-01 p),주택업체,공공분양,인천,0
2026-01 p),주택업체,공공분양,경기,0
2026-01 p),주택업체,공공분양,부산,0
2026-01 p),주택업체,공공분양,대구,0
2026-01 p),주택업체,공공분양,광주,0
2026-01 p),주택업체,공공분양,대전,0
2026-01 p),주택업체,공공분양,울산,0
2026-01 p),주택업체,공공분양,세종,0
2026-01 p),주택업체,공공분양,강원,0
2026-01 p),주택업체,공공분양,충북,0
2026-01 p),주택업체,공공분양,충남,0
2026-01 p),주택업체,공공분양,전북,0
2026-01 p),주택업체,공공분양,전남,0
2026-01 p),주택업체,공공분양,경북,0
2026-01 p),주택업체,공공분양,경남,0
2026-01 p),주택업체,공공분양,제주,0
2026-01 p),민간부문,소계,전국,19,669
2026-01 p),민간부문,소계,서울,3,410
2026-01 p),민간부문,소계,인천,1,303
2026-01 p),민간부문,소계,경기,5,810
2026-01 p),민간부문,소계,부산,829
2026-01 p),민간부문,소계,대구,1,363
2026-01 p),민간부문,소계,광주,71
2026-01 p),민간부문,소계,대전,82
2026-01 p),민간부문,소계,울산,17
2026-01 p),민간부문,소계,세종,10
2026-01 p),민간부문,소계,강원,987
2026-01 p),민간부문,소계,충북,2,149
2026-01 p),민간부문,소계,충남,977
2026-01 p),민간부문,소계,전북,1,027
2026-01 p),민간부문,소계,전남,280
2026-01 p),민간부문,소계,경북,229
2026-01 p),민간부문,소계,경남,952
2026-01 p),민간부문,소계,제주,173
2026-01 p),민간,민간임대,전국,648
2026-01 p),민간,민간임대,서울,0
2026-01 p),민간,민간임대,인천,0
2026-01 p),민간,민간임대,경기,0
2026-01 p),민간,민간임대,부산,0
2026-01 p),민간,민간임대,대구,604
2026-01 p),민간,민간임대,광주,0
2026-01 p),민간,민간임대,대전,0
2026-01 p),민간,민간임대,울산,0
2026-01 p),민간,민간임대,세종,0
2026-01 p),민간,민간임대,강원,0
2026-01 p),민간,민간임대,충북,0
2026-01 p),민간,민간임대,충남,0
2026-01 p),민간,민간임대,전북,0
2026-01 p),민간,민간임대,전남,0
2026-01 p),민간,민간임대,경북,0
2026-01 p),민간,민간임대,경남,0
2026-01 p),민간,민간임대,제주,44
2026-01 p),민간,민간분양,전국,19,021
2026-01 p),민간,민간분양,서울,3,410
2026-01 p),민간,민간분양,인천,1,303
2026-01 p),민간,민간분양,경기,5,810
2026-01 p),민간,민간분양,부산,829
2026-01 p),민간,민간분양,대구,759
2026-01 p),민간,민간분양,광주,71
2026-01 p),민간,민간분양,대전,82
2026-01 p),민간,민간분양,울산,17
2026-01 p),민간,민간분양,세종,10
2026-01 p),민간,민간분양,강원,987
2026-01 p),민간,민간분양,충북,2,149
2026-01 p),민간,민간분양,충남,977
2026-01 p),민간,민간분양,전북,1,027
2026-01 p),민간,민간분양,전남,280
2026-01 p),민간,민간분양,경북,229
2026-01 p),민간,민간분양,경남,952
2026-01 p),민간,민간분양,제주,129
2026-02 p),총계,총계,전국,15,064
2026-02 p),총계,총계,서울,1,703
2026-02 p),총계,총계,인천,948
2026-02 p),총계,총계,경기,3,060
2026-02 p),총계,총계,부산,43
2026-02 p),총계,총계,대구,2,228
2026-02 p),총계,총계,광주,11
2026-02 p),총계,총계,대전,1,033
2026-02 p),총계,총계,울산,15
2026-02 p),총계,총계,세종,47
2026-02 p),총계,총계,강원,118
2026-02 p),총계,총계,충북,123
2026-02 p),총계,총계,충남,1,738
2026-02 p),총계,총계,전북,68
2026-02 p),총계,총계,전남,158
2026-02 p),총계,총계,경북,283
2026-02 p),총계,총계,경남,3,048
2026-02 p),총계,총계,제주,440
2026-02 p),공공부문,소계,전국,1,158
2026-02 p),공공부문,소계,서울,0
2026-02 p),공공부문,소계,인천,0
2026-02 p),공공부문,소계,경기,846
2026-02 p),공공부문,소계,부산,0
2026-02 p),공공부문,소계,대구,0
2026-02 p),공공부문,소계,광주,0
2026-02 p),공공부문,소계,대전,0
2026-02 p),공공부문,소계,울산,0
2026-02 p),공공부문,소계,세종,0
2026-02 p),공공부문,소계,강원,0
2026-02 p),공공부문,소계,충북,0
2026-02 p),공공부문,소계,충남,20
2026-02 p),공공부문,소계,전북,0
2026-02 p),공공부문,소계,전남,0
2026-02 p),공공부문,소계,경북,20
2026-02 p),공공부문,소계,경남,0
2026-02 p),공공부문,소계,제주,272
2026-02 p),합,국민임대,전국,0
2026-02 p),합,국민임대,서울,0
2026-02 p),합,국민임대,인천,0
2026-02 p),합,국민임대,경기,0
2026-02 p),합,국민임대,부산,0
2026-02 p),합,국민임대,대구,0
2026-02 p),합,국민임대,광주,0
2026-02 p),합,국민임대,대전,0
2026-02 p),합,국민임대,울산,0
2026-02 p),합,국민임대,세종,0
2026-02 p),합,국민임대,강원,0
2026-02 p),합,국민임대,충북,0
2026-02 p),합,국민임대,충남,0
2026-02 p),합,국민임대,전북,0
2026-02 p),합,국민임대,전남,0
2026-02 p),합,국민임대,경북,0
2026-02 p),합,국민임대,경남,0
2026-02 p),합,국민임대,제주,0
2026-02 p),합,공공임대,전국,1,158
2026-02 p),합,공공임대,서울,0
2026-02 p),합,공공임대,인천,0
2026-02 p),합,공공임대,경기,846
2026-02 p),합,공공임대,부산,0
2026-02 p),합,공공임대,대구,0
2026-02 p),합,공공임대,광주,0
2026-02 p),합,공공임대,대전,0
2026-02 p),합,공공임대,울산,0
2026-02 p),합,공공임대,세종,0
2026-02 p),합,공공임대,강원,0
2026-02 p),합,공공임대,충북,0
2026-02 p),합,공공임대,충남,20
2026-02 p),합,공공임대,전북,0
2026-02 p),합,공공임대,전남,0
2026-02 p),합,공공임대,경북,20
2026-02 p),합,공공임대,경남,0
2026-02 p),합,공공임대,제주,272
2026-02 p),합,공공분양,전국,0
2026-02 p),합,공공분양,서울,0
2026-02 p),합,공공분양,인천,0
2026-02 p),합,공공분양,경기,0
2026-02 p),합,공공분양,부산,0
2026-02 p),합,공공분양,대구,0
2026-02 p),합,공공분양,광주,0
2026-02 p),합,공공분양,대전,0
2026-02 p),합,공공분양,울산,0
2026-02 p),합,공공분양,세종,0
2026-02 p),합,공공분양,강원,0
2026-02 p),합,공공분양,충북,0
2026-02 p),합,공공분양,충남,0
2026-02 p),합,공공분양,전북,0
2026-02 p),합,공공분양,전남,0
2026-02 p),합,공공분양,경북,0
2026-02 p),합,공공분양,경남,0
2026-02 p),합,공공분양,제주,0
2026-02 p),지자체,소계,전국,40
2026-02 p),지자체,소계,서울,0
2026-02 p),지자체,소계,인천,0
2026-02 p),지자체,소계,경기,0
2026-02 p),지자체,소계,부산,0
2026-02 p),지자체,소계,대구,0
2026-02 p),지자체,소계,광주,0
2026-02 p),지자체,소계,대전,0
2026-02 p),지자체,소계,울산,0
2026-02 p),지자체,소계,세종,0
2026-02 p),지자체,소계,강원,0
2026-02 p),지자체,소계,충북,0
2026-02 p),지자체,소계,충남,20
2026-02 p),지자체,소계,전북,0
2026-02 p),지자체,소계,전남,0
2026-02 p),지자체,소계,경북,20
2026-02 p),지자체,소계,경남,0
2026-02 p),지자체,소계,제주,0
2026-02 p),지자체,국민임대,전국,0
2026-02 p),지자체,국민임대,서울,0
2026-02 p),지자체,국민임대,인천,0
2026-02 p),지자체,국민임대,경기,0
2026-02 p),지자체,국민임대,부산,0
2026-02 p),지자체,국민임대,대구,0
2026-02 p),지자체,국민임대,광주,0
2026-02 p),지자체,국민임대,대전,0
2026-02 p),지자체,국민임대,울산,0
2026-02 p),지자체,국민임대,세종,0
2026-02 p),지자체,국민임대,강원,0
2026-02 p),지자체,국민임대,충북,0
2026-02 p),지자체,국민임대,충남,0
2026-02 p),지자체,국민임대,전북,0
2026-02 p),지자체,국민임대,전남,0
2026-02 p),지자체,국민임대,경북,0
2026-02 p),지자체,국민임대,경남,0
2026-02 p),지자체,국민임대,제주,0
2026-02 p),지자체,공공임대,전국,40
2026-02 p),지자체,공공임대,서울,0
2026-02 p),지자체,공공임대,인천,0
2026-02 p),지자체,공공임대,경기,0
2026-02 p),지자체,공공임대,부산,0
2026-02 p),지자체,공공임대,대구,0
2026-02 p),지자체,공공임대,광주,0
2026-02 p),지자체,공공임대,대전,0
2026-02 p),지자체,공공임대,울산,0
2026-02 p),지자체,공공임대,세종,0
2026-02 p),지자체,공공임대,강원,0
2026-02 p),지자체,공공임대,충북,0
2026-02 p),지자체,공공임대,충남,20
2026-02 p),지자체,공공임대,전북,0
2026-02 p),지자체,공공임대,전남,0
2026-02 p),지자체,공공임대,경북,20
2026-02 p),지자체,공공임대,경남,0
2026-02 p),지자체,공공임대,제주,0
2026-02 p),지자체,공공분양,전국,0
2026-02 p),지자체,공공분양,서울,0
2026-02 p),지자체,공공분양,인천,0
2026-02 p),지자체,공공분양,경기,0
2026-02 p),지자체,공공분양,부산,0
2026-02 p),지자체,공공분양,대구,0
2026-02 p),지자체,공공분양,광주,0
2026-02 p),지자체,공공분양,대전,0
2026-02 p),지자체,공공분양,울산,0
2026-02 p),지자체,공공분양,세종,0
2026-02 p),지자체,공공분양,강원,0
2026-02 p),지자체,공공분양,충북,0
2026-02 p),지자체,공공분양,충남,0
2026-02 p),지자체,공공분양,전북,0
2026-02 p),지자체,공공분양,전남,0
2026-02 p),지자체,공공분양,경북,0
2026-02 p),지자체,공공분양,경남,0
2026-02 p),지자체,공공분양,제주,0
2026-02 p),LH,소계,전국,1,118
2026-02 p),LH,소계,서울,0
2026-02 p),LH,소계,인천,0
2026-02 p),LH,소계,경기,846
2026-02 p),LH,소계,부산,0
2026-02 p),LH,소계,대구,0
2026-02 p),LH,소계,광주,0
2026-02 p),LH,소계,대전,0
2026-02 p),LH,소계,울산,0
2026-02 p),LH,소계,세종,0
2026-02 p),LH,소계,강원,0
2026-02 p),LH,소계,충북,0
2026-02 p),LH,소계,충남,0
2026-02 p),LH,소계,전북,0
2026-02 p),LH,소계,전남,0
2026-02 p),LH,소계,경북,0
2026-02 p),LH,소계,경남,0
2026-02 p),LH,소계,제주,272
2026-02 p),LH,국민임대,전국,0
2026-02 p),LH,국민임대,서울,0
2026-02 p),LH,국민임대,인천,0
2026-02 p),LH,국민임대,경기,0
2026-02 p),LH,국민임대,부산,0
2026-02 p),LH,국민임대,대구,0
2026-02 p),LH,국민임대,광주,0
2026-02 p),LH,국민임대,대전,0
2026-02 p),LH,국민임대,울산,0
2026-02 p),LH,국민임대,세종,0
2026-02 p),LH,국민임대,강원,0
2026-02 p),LH,국민임대,충북,0
2026-02 p),LH,국민임대,충남,0
2026-02 p),LH,국민임대,전북,0
2026-02 p),LH,국민임대,전남,0
2026-02 p),LH,국민임대,경북,0
2026-02 p),LH,국민임대,경남,0
2026-02 p),LH,국민임대,제주,0
2026-02 p),LH,공공임대,전국,1,118
2026-02 p),LH,공공임대,서울,0
2026-02 p),LH,공공임대,인천,0
2026-02 p),LH,공공임대,경기,846
2026-02 p),LH,공공임대,부산,0
2026-02 p),LH,공공임대,대구,0
2026-02 p),LH,공공임대,광주,0
2026-02 p),LH,공공임대,대전,0
2026-02 p),LH,공공임대,울산,0
2026-02 p),LH,공공임대,세종,0
2026-02 p),LH,공공임대,강원,0
2026-02 p),LH,공공임대,충북,0
2026-02 p),LH,공공임대,충남,0
2026-02 p),LH,공공임대,전북,0
2026-02 p),LH,공공임대,전남,0
2026-02 p),LH,공공임대,경북,0
2026-02 p),LH,공공임대,경남,0
2026-02 p),LH,공공임대,제주,272
2026-02 p),LH,공공분양,전국,0
2026-02 p),LH,공공분양,서울,0
2026-02 p),LH,공공분양,인천,0
2026-02 p),LH,공공분양,경기,0
2026-02 p),LH,공공분양,부산,0
2026-02 p),LH,공공분양,대구,0
2026-02 p),LH,공공분양,광주,0
2026-02 p),LH,공공분양,대전,0
2026-02 p),LH,공공분양,울산,0
2026-02 p),LH,공공분양,세종,0
2026-02 p),LH,공공분양,강원,0
2026-02 p),LH,공공분양,충북,0
2026-02 p),LH,공공분양,충남,0
2026-02 p),LH,공공분양,전북,0
2026-02 p),LH,공공분양,전남,0
2026-02 p),LH,공공분양,경북,0
2026-02 p),LH,공공분양,경남,0
2026-02 p),LH,공공분양,제주,0
2026-02 p),주택업체,소계,전국,0
2026-02 p),주택업체,소계,서울,0
2026-02 p),주택업체,소계,인천,0
2026-02 p),주택업체,소계,경기,0
2026-02 p),주택업체,소계,부산,0
2026-02 p),주택업체,소계,대구,0
2026-02 p),주택업체,소계,광주,0
2026-02 p),주택업체,소계,대전,0
2026-02 p),주택업체,소계,울산,0
2026-02 p),주택업체,소계,세종,0
2026-02 p),주택업체,소계,강원,0
2026-02 p),주택업체,소계,충북,0
2026-02 p),주택업체,소계,충남,0
2026-02 p),주택업체,소계,전북,0
2026-02 p),주택업체,소계,전남,0
2026-02 p),주택업체,소계,경북,0
2026-02 p),주택업체,소계,경남,0
2026-02 p),주택업체,소계,제주,0
2026-02 p),주택업체,국민임대,전국,0
2026-02 p),주택업체,국민임대,서울,0
2026-02 p),주택업체,국민임대,인천,0
2026-02 p),주택업체,국민임대,경기,0
2026-02 p),주택업체,국민임대,부산,0
2026-02 p),주택업체,국민임대,대구,0
2026-02 p),주택업체,국민임대,광주,0
2026-02 p),주택업체,국민임대,대전,0
2026-02 p),주택업체,국민임대,울산,0
2026-02 p),주택업체,국민임대,세종,0
2026-02 p),주택업체,국민임대,강원,0
2026-02 p),주택업체,국민임대,충북,0
2026-02 p),주택업체,국민임대,충남,0
2026-02 p),주택업체,국민임대,전북,0
2026-02 p),주택업체,국민임대,전남,0
2026-02 p),주택업체,국민임대,경북,0
2026-02 p),주택업체,국민임대,경남,0
2026-02 p),주택업체,국민임대,제주,0
2026-02 p),주택업체,공공임대,전국,0
2026-02 p),주택업체,공공임대,서울,0
2026-02 p),주택업체,공공임대,인천,0
2026-02 p),주택업체,공공임대,경기,0
2026-02 p),주택업체,공공임대,부산,0
2026-02 p),주택업체,공공임대,대구,0
2026-02 p),주택업체,공공임대,광주,0
2026-02 p),주택업체,공공임대,대전,0
2026-02 p),주택업체,공공임대,울산,0
2026-02 p),주택업체,공공임대,세종,0
2026-02 p),주택업체,공공임대,강원,0
2026-02 p),주택업체,공공임대,충북,0
2026-02 p),주택업체,공공임대,충남,0
2026-02 p),주택업체,공공임대,전북,0
2026-02 p),주택업체,공공임대,전남,0
2026-02 p),주택업체,공공임대,경북,0
2026-02 p),주택업체,공공임대,경남,0
2026-02 p),주택업체,공공임대,제주,0
2026-02 p),주택업체,공공분양,전국,0
2026-02 p),주택업체,공공분양,서울,0
2026-02 p),주택업체,공공분양,인천,0
2026-02 p),주택업체,공공분양,경기,0
2026-02 p),주택업체,공공분양,부산,0
2026-02 p),주택업체,공공분양,대구,0
2026-02 p),주택업체,공공분양,광주,0
2026-02 p),주택업체,공공분양,대전,0
2026-02 p),주택업체,공공분양,울산,0
2026-02 p),주택업체,공공분양,세종,0
2026-02 p),주택업체,공공분양,강원,0
2026-02 p),주택업체,공공분양,충북,0
2026-02 p),주택업체,공공분양,충남,0
2026-02 p),주택업체,공공분양,전북,0
2026-02 p),주택업체,공공분양,전남,0
2026-02 p),주택업체,공공분양,경북,0
2026-02 p),주택업체,공공분양,경남,0
2026-02 p),주택업체,공공분양,제주,0
2026-02 p),민간부문,소계,전국,13,906
2026-02 p),민간부문,소계,서울,1,703
2026-02 p),민간부문,소계,인천,948
2026-02 p),민간부문,소계,경기,2,214
2026-02 p),민간부문,소계,부산,43
2026-02 p),민간부문,소계,대구,2,228
2026-02 p),민간부문,소계,광주,11
2026-02 p),민간부문,소계,대전,1,033
2026-02 p),민간부문,소계,울산,15
2026-02 p),민간부문,소계,세종,47
2026-02 p),민간부문,소계,강원,118
2026-02 p),민간부문,소계,충북,123
2026-02 p),민간부문,소계,충남,1,718
2026-02 p),민간부문,소계,전북,68
2026-02 p),민간부문,소계,전남,158
2026-02 p),민간부문,소계,경북,263
2026-02 p),민간부문,소계,경남,3,048
2026-02 p),민간부문,소계,제주,168
2026-02 p),민간,민간임대,전국,282
2026-02 p),민간,민간임대,서울,125
2026-02 p),민간,민간임대,인천,0
2026-02 p),민간,민간임대,경기,0
2026-02 p),민간,민간임대,부산,0
2026-02 p),민간,민간임대,대구,0
2026-02 p),민간,민간임대,광주,0
2026-02 p),민간,민간임대,대전,157
2026-02 p),민간,민간임대,울산,0
2026-02 p),민간,민간임대,세종,0
2026-02 p),민간,민간임대,강원,0
2026-02 p),민간,민간임대,충북,0
2026-02 p),민간,민간임대,충남,0
2026-02 p),민간,민간임대,전북,0
2026-02 p),민간,민간임대,전남,0
2026-02 p),민간,민간임대,경북,0
2026-02 p),민간,민간임대,경남,0
2026-02 p),민간,민간임대,제주,0
2026-02 p),민간,민간분양,전국,13,624
2026-02 p),민간,민간분양,서울,1,578
2026-02 p),민간,민간분양,인천,948
2026-02 p),민간,민간분양,경기,2,214
2026-02 p),민간,민간분양,부산,43
2026-02 p),민간,민간분양,대구,2,228
2026-02 p),민간,민간분양,광주,11
2026-02 p),민간,민간분양,대전,876
2026-02 p),민간,민간분양,울산,15
2026-02 p),민간,민간분양,세종,47
2026-02 p),민간,민간분양,강원,118
2026-02 p),민간,민간분양,충북,123
2026-02 p),민간,민간분양,충남,1,718
2026-02 p),민간,민간분양,전북,68
2026-02 p),민간,민간분양,전남,158
2026-02 p),민간,민간분양,경북,263
2026-02 p),민간,민간분양,경남,3,048
2026-02 p),민간,민간분양,제주,168
2026-03 p),총계,총계,전국,19,787
2026-03 p),총계,총계,서울,1,861
2026-03 p),총계,총계,인천,999
2026-03 p),총계,총계,경기,8,129
2026-03 p),총계,총계,부산,7
2026-03 p),총계,총계,대구,948
2026-03 p),총계,총계,광주,3,276
2026-03 p),총계,총계,대전,271
2026-03 p),총계,총계,울산,286
2026-03 p),총계,총계,세종,23
2026-03 p),총계,총계,강원,1,299
2026-03 p),총계,총계,충북,510
2026-03 p),총계,총계,충남,1,172
2026-03 p),총계,총계,전북,369
2026-03 p),총계,총계,전남,149
2026-03 p),총계,총계,경북,230
2026-03 p),총계,총계,경남,116
2026-03 p),총계,총계,제주,142
2026-03 p),공공부문,소계,전국,425
2026-03 p),공공부문,소계,서울,105
2026-03 p),공공부문,소계,인천,0
2026-03 p),공공부문,소계,경기,320
2026-03 p),공공부문,소계,부산,0
2026-03 p),공공부문,소계,대구,0
2026-03 p),공공부문,소계,광주,0
2026-03 p),공공부문,소계,대전,0
2026-03 p),공공부문,소계,울산,0
2026-03 p),공공부문,소계,세종,0
2026-03 p),공공부문,소계,강원,0
2026-03 p),공공부문,소계,충북,0
2026-03 p),공공부문,소계,충남,0
2026-03 p),공공부문,소계,전북,0
2026-03 p),공공부문,소계,전남,0
2026-03 p),공공부문,소계,경북,0
2026-03 p),공공부문,소계,경남,0
2026-03 p),공공부문,소계,제주,0
2026-03 p),합,국민임대,전국,0
2026-03 p),합,국민임대,서울,0
2026-03 p),합,국민임대,인천,0
2026-03 p),합,국민임대,경기,0
2026-03 p),합,국민임대,부산,0
2026-03 p),합,국민임대,대구,0
2026-03 p),합,국민임대,광주,0
2026-03 p),합,국민임대,대전,0
2026-03 p),합,국민임대,울산,0
2026-03 p),합,국민임대,세종,0
2026-03 p),합,국민임대,강원,0
2026-03 p),합,국민임대,충북,0
2026-03 p),합,국민임대,충남,0
2026-03 p),합,국민임대,전북,0
2026-03 p),합,국민임대,전남,0
2026-03 p),합,국민임대,경북,0
2026-03 p),합,국민임대,경남,0
2026-03 p),합,국민임대,제주,0
2026-03 p),합,공공임대,전국,105
2026-03 p),합,공공임대,서울,105
2026-03 p),합,공공임대,인천,0
2026-03 p),합,공공임대,경기,0
2026-03 p),합,공공임대,부산,0
2026-03 p),합,공공임대,대구,0
2026-03 p),합,공공임대,광주,0
2026-03 p),합,공공임대,대전,0
2026-03 p),합,공공임대,울산,0
2026-03 p),합,공공임대,세종,0
2026-03 p),합,공공임대,강원,0
2026-03 p),합,공공임대,충북,0
2026-03 p),합,공공임대,충남,0
2026-03 p),합,공공임대,전북,0
2026-03 p),합,공공임대,전남,0
2026-03 p),합,공공임대,경북,0
2026-03 p),합,공공임대,경남,0
2026-03 p),합,공공임대,제주,0
2026-03 p),합,공공분양,전국,320
2026-03 p),합,공공분양,서울,0
2026-03 p),합,공공분양,인천,0
2026-03 p),합,공공분양,경기,320
2026-03 p),합,공공분양,부산,0
2026-03 p),합,공공분양,대구,0
2026-03 p),합,공공분양,광주,0
2026-03 p),합,공공분양,대전,0
2026-03 p),합,공공분양,울산,0
2026-03 p),합,공공분양,세종,0
2026-03 p),합,공공분양,강원,0
2026-03 p),합,공공분양,충북,0
2026-03 p),합,공공분양,충남,0
2026-03 p),합,공공분양,전북,0
2026-03 p),합,공공분양,전남,0
2026-03 p),합,공공분양,경북,0
2026-03 p),합,공공분양,경남,0
2026-03 p),합,공공분양,제주,0
2026-03 p),지자체,소계,전국,0
2026-03 p),지자체,소계,서울,0
2026-03 p),지자체,소계,인천,0
2026-03 p),지자체,소계,경기,0
2026-03 p),지자체,소계,부산,0
2026-03 p),지자체,소계,대구,0
2026-03 p),지자체,소계,광주,0
2026-03 p),지자체,소계,대전,0
2026-03 p),지자체,소계,울산,0
2026-03 p),지자체,소계,세종,0
2026-03 p),지자체,소계,강원,0
2026-03 p),지자체,소계,충북,0
2026-03 p),지자체,소계,충남,0
2026-03 p),지자체,소계,전북,0
2026-03 p),지자체,소계,전남,0
2026-03 p),지자체,소계,경북,0
2026-03 p),지자체,소계,경남,0
2026-03 p),지자체,소계,제주,0
2026-03 p),지자체,국민임대,전국,0
2026-03 p),지자체,국민임대,서울,0
2026-03 p),지자체,국민임대,인천,0
2026-03 p),지자체,국민임대,경기,0
2026-03 p),지자체,국민임대,부산,0
2026-03 p),지자체,국민임대,대구,0
2026-03 p),지자체,국민임대,광주,0
2026-03 p),지자체,국민임대,대전,0
2026-03 p),지자체,국민임대,울산,0
2026-03 p),지자체,국민임대,세종,0
2026-03 p),지자체,국민임대,강원,0
2026-03 p),지자체,국민임대,충북,0
2026-03 p),지자체,국민임대,충남,0
2026-03 p),지자체,국민임대,전북,0
2026-03 p),지자체,국민임대,전남,0
2026-03 p),지자체,국민임대,경북,0
2026-03 p),지자체,국민임대,경남,0
2026-03 p),지자체,국민임대,제주,0
2026-03 p),지자체,공공임대,전국,0
2026-03 p),지자체,공공임대,서울,0
2026-03 p),지자체,공공임대,인천,0
2026-03 p),지자체,공공임대,경기,0
2026-03 p),지자체,공공임대,부산,0
2026-03 p),지자체,공공임대,대구,0
2026-03 p),지자체,공공임대,광주,0
2026-03 p),지자체,공공임대,대전,0
2026-03 p),지자체,공공임대,울산,0
2026-03 p),지자체,공공임대,세종,0
2026-03 p),지자체,공공임대,강원,0
2026-03 p),지자체,공공임대,충북,0
2026-03 p),지자체,공공임대,충남,0
2026-03 p),지자체,공공임대,전북,0
2026-03 p),지자체,공공임대,전남,0
2026-03 p),지자체,공공임대,경북,0
2026-03 p),지자체,공공임대,경남,0
2026-03 p),지자체,공공임대,제주,0
2026-03 p),지자체,공공분양,전국,0
2026-03 p),지자체,공공분양,서울,0
2026-03 p),지자체,공공분양,인천,0
2026-03 p),지자체,공공분양,경기,0
2026-03 p),지자체,공공분양,부산,0
2026-03 p),지자체,공공분양,대구,0
2026-03 p),지자체,공공분양,광주,0
2026-03 p),지자체,공공분양,대전,0
2026-03 p),지자체,공공분양,울산,0
2026-03 p),지자체,공공분양,세종,0
2026-03 p),지자체,공공분양,강원,0
2026-03 p),지자체,공공분양,충북,0
2026-03 p),지자체,공공분양,충남,0
2026-03 p),지자체,공공분양,전북,0
2026-03 p),지자체,공공분양,전남,0
2026-03 p),지자체,공공분양,경북,0
2026-03 p),지자체,공공분양,경남,0
2026-03 p),지자체,공공분양,제주,0
2026-03 p),LH,소계,전국,320
2026-03 p),LH,소계,서울,0
2026-03 p),LH,소계,인천,0
2026-03 p),LH,소계,경기,320
2026-03 p),LH,소계,부산,0
2026-03 p),LH,소계,대구,0
2026-03 p),LH,소계,광주,0
2026-03 p),LH,소계,대전,0
2026-03 p),LH,소계,울산,0
2026-03 p),LH,소계,세종,0
2026-03 p),LH,소계,강원,0
2026-03 p),LH,소계,충북,0
2026-03 p),LH,소계,충남,0
2026-03 p),LH,소계,전북,0
2026-03 p),LH,소계,전남,0
2026-03 p),LH,소계,경북,0
2026-03 p),LH,소계,경남,0
2026-03 p),LH,소계,제주,0
2026-03 p),LH,국민임대,전국,0
2026-03 p),LH,국민임대,서울,0
2026-03 p),LH,국민임대,인천,0
2026-03 p),LH,국민임대,경기,0
2026-03 p),LH,국민임대,부산,0
2026-03 p),LH,국민임대,대구,0
2026-03 p),LH,국민임대,광주,0
2026-03 p),LH,국민임대,대전,0
2026-03 p),LH,국민임대,울산,0
2026-03 p),LH,국민임대,세종,0
2026-03 p),LH,국민임대,강원,0
2026-03 p),LH,국민임대,충북,0
2026-03 p),LH,국민임대,충남,0
2026-03 p),LH,국민임대,전북,0
2026-03 p),LH,국민임대,전남,0
2026-03 p),LH,국민임대,경북,0
2026-03 p),LH,국민임대,경남,0
2026-03 p),LH,국민임대,제주,0
2026-03 p),LH,공공임대,전국,0
2026-03 p),LH,공공임대,서울,0
2026-03 p),LH,공공임대,인천,0
2026-03 p),LH,공공임대,경기,0
2026-03 p),LH,공공임대,부산,0
2026-03 p),LH,공공임대,대구,0
2026-03 p),LH,공공임대,광주,0
2026-03 p),LH,공공임대,대전,0
2026-03 p),LH,공공임대,울산,0
2026-03 p),LH,공공임대,세종,0
2026-03 p),LH,공공임대,강원,0
2026-03 p),LH,공공임대,충북,0
2026-03 p),LH,공공임대,충남,0
2026-03 p),LH,공공임대,전북,0
2026-03 p),LH,공공임대,전남,0
2026-03 p),LH,공공임대,경북,0
2026-03 p),LH,공공임대,경남,0
2026-03 p),LH,공공임대,제주,0
2026-03 p),LH,공공분양,전국,320
2026-03 p),LH,공공분양,서울,0
2026-03 p),LH,공공분양,인천,0
2026-03 p),LH,공공분양,경기,320
2026-03 p),LH,공공분양,부산,0
2026-03 p),LH,공공분양,대구,0
2026-03 p),LH,공공분양,광주,0
2026-03 p),LH,공공분양,대전,0
2026-03 p),LH,공공분양,울산,0
2026-03 p),LH,공공분양,세종,0
2026-03 p),LH,공공분양,강원,0
2026-03 p),LH,공공분양,충북,0
2026-03 p),LH,공공분양,충남,0
2026-03 p),LH,공공분양,전북,0
2026-03 p),LH,공공분양,전남,0
2026-03 p),LH,공공분양,경북,0
2026-03 p),LH,공공분양,경남,0
2026-03 p),LH,공공분양,제주,0
2026-03 p),주택업체,소계,전국,105
2026-03 p),주택업체,소계,서울,105
2026-03 p),주택업체,소계,인천,0
2026-03 p),주택업체,소계,경기,0
2026-03 p),주택업체,소계,부산,0
2026-03 p),주택업체,소계,대구,0
2026-03 p),주택업체,소계,광주,0
2026-03 p),주택업체,소계,대전,0
2026-03 p),주택업체,소계,울산,0
2026-03 p),주택업체,소계,세종,0
2026-03 p),주택업체,소계,강원,0
2026-03 p),주택업체,소계,충북,0
2026-03 p),주택업체,소계,충남,0
2026-03 p),주택업체,소계,전북,0
2026-03 p),주택업체,소계,전남,0
2026-03 p),주택업체,소계,경북,0
2026-03 p),주택업체,소계,경남,0
2026-03 p),주택업체,소계,제주,0
2026-03 p),주택업체,국민임대,전국,0
2026-03 p),주택업체,국민임대,서울,0
2026-03 p),주택업체,국민임대,인천,0
2026-03 p),주택업체,국민임대,경기,0
2026-03 p),주택업체,국민임대,부산,0
2026-03 p),주택업체,국민임대,대구,0
2026-03 p),주택업체,국민임대,광주,0
2026-03 p),주택업체,국민임대,대전,0
2026-03 p),주택업체,국민임대,울산,0
2026-03 p),주택업체,국민임대,세종,0
2026-03 p),주택업체,국민임대,강원,0
2026-03 p),주택업체,국민임대,충북,0
2026-03 p),주택업체,국민임대,충남,0
2026-03 p),주택업체,국민임대,전북,0
2026-03 p),주택업체,국민임대,전남,0
2026-03 p),주택업체,국민임대,경북,0
2026-03 p),주택업체,국민임대,경남,0
2026-03 p),주택업체,국민임대,제주,0
2026-03 p),주택업체,공공임대,전국,105
2026-03 p),주택업체,공공임대,서울,105
2026-03 p),주택업체,공공임대,인천,0
2026-03 p),주택업체,공공임대,경기,0
2026-03 p),주택업체,공공임대,부산,0
2026-03 p),주택업체,공공임대,대구,0
2026-03 p),주택업체,공공임대,광주,0
2026-03 p),주택업체,공공임대,대전,0
2026-03 p),주택업체,공공임대,울산,0
2026-03 p),주택업체,공공임대,세종,0
2026-03 p),주택업체,공공임대,강원,0
2026-03 p),주택업체,공공임대,충북,0
2026-03 p),주택업체,공공임대,충남,0
2026-03 p),주택업체,공공임대,전북,0
2026-03 p),주택업체,공공임대,전남,0
2026-03 p),주택업체,공공임대,경북,0
2026-03 p),주택업체,공공임대,경남,0
2026-03 p),주택업체,공공임대,제주,0
2026-03 p),주택업체,공공분양,전국,0
2026-03 p),주택업체,공공분양,서울,0
2026-03 p),주택업체,공공분양,인천,0
2026-03 p),주택업체,공공분양,경기,0
2026-03 p),주택업체,공공분양,부산,0
2026-03 p),주택업체,공공분양,대구,0
2026-03 p),주택업체,공공분양,광주,0
2026-03 p),주택업체,공공분양,대전,0
2026-03 p),주택업체,공공분양,울산,0
2026-03 p),주택업체,공공분양,세종,0
2026-03 p),주택업체,공공분양,강원,0
2026-03 p),주택업체,공공분양,충북,0
2026-03 p),주택업체,공공분양,충남,0
2026-03 p),주택업체,공공분양,전북,0
2026-03 p),주택업체,공공분양,전남,0
2026-03 p),주택업체,공공분양,경북,0
2026-03 p),주택업체,공공분양,경남,0
2026-03 p),주택업체,공공분양,제주,0
2026-03 p),민간부문,소계,전국,19,362
2026-03 p),민간부문,소계,서울,1,756
2026-03 p),민간부문,소계,인천,999
2026-03 p),민간부문,소계,경기,7,809
2026-03 p),민간부문,소계,부산,7
2026-03 p),민간부문,소계,대구,948
2026-03 p),민간부문,소계,광주,3,276
2026-03 p),민간부문,소계,대전,271
2026-03 p),민간부문,소계,울산,286
2026-03 p),민간부문,소계,세종,23
2026-03 p),민간부문,소계,강원,1,299
2026-03 p),민간부문,소계,충북,510
2026-03 p),민간부문,소계,충남,1,172
2026-03 p),민간부문,소계,전북,369
2026-03 p),민간부문,소계,전남,149
2026-03 p),민간부문,소계,경북,230
2026-03 p),민간부문,소계,경남,116
2026-03 p),민간부문,소계,제주,142
2026-03 p),민간,민간임대,전국,860
2026-03 p),민간,민간임대,서울,0
2026-03 p),민간,민간임대,인천,0
2026-03 p),민간,민간임대,경기,0
2026-03 p),민간,민간임대,부산,0
2026-03 p),민간,민간임대,대구,446
2026-03 p),민간,민간임대,광주,0
2026-03 p),민간,민간임대,대전,0
2026-03 p),민간,민간임대,울산,0
2026-03 p),민간,민간임대,세종,0
2026-03 p),민간,민간임대,강원,0
2026-03 p),민간,민간임대,충북,414
2026-03 p),민간,민간임대,충남,0
2026-03 p),민간,민간임대,전북,0
2026-03 p),민간,민간임대,전남,0
2026-03 p),민간,민간임대,경북,0
2026-03 p),민간,민간임대,경남,0
2026-03 p),민간,민간임대,제주,0
2026-03 p),민간,민간분양,전국,18,502
2026-03 p),민간,민간분양,서울,1,756
2026-03 p),민간,민간분양,인천,999
2026-03 p),민간,민간분양,경기,7,809
2026-03 p),민간,민간분양,부산,7
2026-03 p),민간,민간분양,대구,502
2026-03 p),민간,민간분양,광주,3,276
2026-03 p),민간,민간분양,대전,271
2026-03 p),민간,민간분양,울산,286
2026-03 p),민간,민간분양,세종,23
2026-03 p),민간,민간분양,강원,1,299
2026-03 p),민간,민간분양,충북,96
2026-03 p),민간,민간분양,충남,1,172
2026-03 p),민간,민간분양,전북,369
2026-03 p),민간,민간분양,전남,149
2026-03 p),민간,민간분양,경북,230
2026-03 p),민간,민간분양,경남,116
2026-03 p),민간,민간분양,제주,142
2026-04 p),총계,총계,전국,18,039
2026-04 p),총계,총계,서울,3,816
2026-04 p),총계,총계,인천,1,340
2026-04 p),총계,총계,경기,3,568
2026-04 p),총계,총계,부산,386
2026-04 p),총계,총계,대구,2,516
2026-04 p),총계,총계,광주,1,136
2026-04 p),총계,총계,대전,1,352
2026-04 p),총계,총계,울산,13
2026-04 p),총계,총계,세종,5
2026-04 p),총계,총계,강원,140
2026-04 p),총계,총계,충북,899
2026-04 p),총계,총계,충남,557
2026-04 p),총계,총계,전북,938
2026-04 p),총계,총계,전남,558
2026-04 p),총계,총계,경북,192
2026-04 p),총계,총계,경남,404
2026-04 p),총계,총계,제주,219
2026-04 p),공공부문,소계,전국,589
2026-04 p),공공부문,소계,서울,589
2026-04 p),공공부문,소계,인천,0
2026-04 p),공공부문,소계,경기,0
2026-04 p),공공부문,소계,부산,0
2026-04 p),공공부문,소계,대구,0
2026-04 p),공공부문,소계,광주,0
2026-04 p),공공부문,소계,대전,0
2026-04 p),공공부문,소계,울산,0
2026-04 p),공공부문,소계,세종,0
2026-04 p),공공부문,소계,강원,0
2026-04 p),공공부문,소계,충북,0
2026-04 p),공공부문,소계,충남,0
2026-04 p),공공부문,소계,전북,0
2026-04 p),공공부문,소계,전남,0
2026-04 p),공공부문,소계,경북,0
2026-04 p),공공부문,소계,경남,0
2026-04 p),공공부문,소계,제주,0
2026-04 p),합,국민임대,전국,0
2026-04 p),합,국민임대,서울,0
2026-04 p),합,국민임대,인천,0
2026-04 p),합,국민임대,경기,0
2026-04 p),합,국민임대,부산,0
2026-04 p),합,국민임대,대구,0
2026-04 p),합,국민임대,광주,0
2026-04 p),합,국민임대,대전,0
2026-04 p),합,국민임대,울산,0
2026-04 p),합,국민임대,세종,0
2026-04 p),합,국민임대,강원,0
2026-04 p),합,국민임대,충북,0
2026-04 p),합,국민임대,충남,0
2026-04 p),합,국민임대,전북,0
2026-04 p),합,국민임대,전남,0
2026-04 p),합,국민임대,경북,0
2026-04 p),합,국민임대,경남,0
2026-04 p),합,국민임대,제주,0
2026-04 p),합,공공임대,전국,589
2026-04 p),합,공공임대,서울,589
2026-04 p),합,공공임대,인천,0
2026-04 p),합,공공임대,경기,0
2026-04 p),합,공공임대,부산,0
2026-04 p),합,공공임대,대구,0
2026-04 p),합,공공임대,광주,0
2026-04 p),합,공공임대,대전,0
2026-04 p),합,공공임대,울산,0
2026-04 p),합,공공임대,세종,0
2026-04 p),합,공공임대,강원,0
2026-04 p),합,공공임대,충북,0
2026-04 p),합,공공임대,충남,0
2026-04 p),합,공공임대,전북,0
2026-04 p),합,공공임대,전남,0
2026-04 p),합,공공임대,경북,0
2026-04 p),합,공공임대,경남,0
2026-04 p),합,공공임대,제주,0
2026-04 p),합,공공분양,전국,0
2026-04 p),합,공공분양,서울,0
2026-04 p),합,공공분양,인천,0
2026-04 p),합,공공분양,경기,0
2026-04 p),합,공공분양,부산,0
2026-04 p),합,공공분양,대구,0
2026-04 p),합,공공분양,광주,0
2026-04 p),합,공공분양,대전,0
2026-04 p),합,공공분양,울산,0
2026-04 p),합,공공분양,세종,0
2026-04 p),합,공공분양,강원,0
2026-04 p),합,공공분양,충북,0
2026-04 p),합,공공분양,충남,0
2026-04 p),합,공공분양,전북,0
2026-04 p),합,공공분양,전남,0
2026-04 p),합,공공분양,경북,0
2026-04 p),합,공공분양,경남,0
2026-04 p),합,공공분양,제주,0
2026-04 p),지자체,소계,전국,0
2026-04 p),지자체,소계,서울,0
2026-04 p),지자체,소계,인천,0
2026-04 p),지자체,소계,경기,0
2026-04 p),지자체,소계,부산,0
2026-04 p),지자체,소계,대구,0
2026-04 p),지자체,소계,광주,0
2026-04 p),지자체,소계,대전,0
2026-04 p),지자체,소계,울산,0
2026-04 p),지자체,소계,세종,0
2026-04 p),지자체,소계,강원,0
2026-04 p),지자체,소계,충북,0
2026-04 p),지자체,소계,충남,0
2026-04 p),지자체,소계,전북,0
2026-04 p),지자체,소계,전남,0
2026-04 p),지자체,소계,경북,0
2026-04 p),지자체,소계,경남,0
2026-04 p),지자체,소계,제주,0
2026-04 p),지자체,국민임대,전국,0
2026-04 p),지자체,국민임대,서울,0
2026-04 p),지자체,국민임대,인천,0
2026-04 p),지자체,국민임대,경기,0
2026-04 p),지자체,국민임대,부산,0
2026-04 p),지자체,국민임대,대구,0
2026-04 p),지자체,국민임대,광주,0
2026-04 p),지자체,국민임대,대전,0
2026-04 p),지자체,국민임대,울산,0
2026-04 p),지자체,국민임대,세종,0
2026-04 p),지자체,국민임대,강원,0
2026-04 p),지자체,국민임대,충북,0
2026-04 p),지자체,국민임대,충남,0
2026-04 p),지자체,국민임대,전북,0
2026-04 p),지자체,국민임대,전남,0
2026-04 p),지자체,국민임대,경북,0
2026-04 p),지자체,국민임대,경남,0
2026-04 p),지자체,국민임대,제주,0
2026-04 p),지자체,공공임대,전국,0
2026-04 p),지자체,공공임대,서울,0
2026-04 p),지자체,공공임대,인천,0
2026-04 p),지자체,공공임대,경기,0
2026-04 p),지자체,공공임대,부산,0
2026-04 p),지자체,공공임대,대구,0
2026-04 p),지자체,공공임대,광주,0
2026-04 p),지자체,공공임대,대전,0
2026-04 p),지자체,공공임대,울산,0
2026-04 p),지자체,공공임대,세종,0
2026-04 p),지자체,공공임대,강원,0
2026-04 p),지자체,공공임대,충북,0
2026-04 p),지자체,공공임대,충남,0
2026-04 p),지자체,공공임대,전북,0
2026-04 p),지자체,공공임대,전남,0
2026-04 p),지자체,공공임대,경북,0
2026-04 p),지자체,공공임대,경남,0
2026-04 p),지자체,공공임대,제주,0
2026-04 p),지자체,공공분양,전국,0
2026-04 p),지자체,공공분양,서울,0
2026-04 p),지자체,공공분양,인천,0
2026-04 p),지자체,공공분양,경기,0
2026-04 p),지자체,공공분양,부산,0
2026-04 p),지자체,공공분양,대구,0
2026-04 p),지자체,공공분양,광주,0
2026-04 p),지자체,공공분양,대전,0
2026-04 p),지자체,공공분양,울산,0
2026-04 p),지자체,공공분양,세종,0
2026-04 p),지자체,공공분양,강원,0
2026-04 p),지자체,공공분양,충북,0
2026-04 p),지자체,공공분양,충남,0
2026-04 p),지자체,공공분양,전북,0
2026-04 p),지자체,공공분양,전남,0
2026-04 p),지자체,공공분양,경북,0
2026-04 p),지자체,공공분양,경남,0
2026-04 p),지자체,공공분양,제주,0
2026-04 p),LH,소계,전국,0
2026-04 p),LH,소계,서울,0
2026-04 p),LH,소계,인천,0
2026-04 p),LH,소계,경기,0
2026-04 p),LH,소계,부산,0
2026-04 p),LH,소계,대구,0
2026-04 p),LH,소계,광주,0
2026-04 p),LH,소계,대전,0
2026-04 p),LH,소계,울산,0
2026-04 p),LH,소계,세종,0
2026-04 p),LH,소계,강원,0
2026-04 p),LH,소계,충북,0
2026-04 p),LH,소계,충남,0
2026-04 p),LH,소계,전북,0
2026-04 p),LH,소계,전남,0
2026-04 p),LH,소계,경북,0
2026-04 p),LH,소계,경남,0
2026-04 p),LH,소계,제주,0
2026-04 p),LH,국민임대,전국,0
2026-04 p),LH,국민임대,서울,0
2026-04 p),LH,국민임대,인천,0
2026-04 p),LH,국민임대,경기,0
2026-04 p),LH,국민임대,부산,0
2026-04 p),LH,국민임대,대구,0
2026-04 p),LH,국민임대,광주,0
2026-04 p),LH,국민임대,대전,0
2026-04 p),LH,국민임대,울산,0
2026-04 p),LH,국민임대,세종,0
2026-04 p),LH,국민임대,강원,0
2026-04 p),LH,국민임대,충북,0
2026-04 p),LH,국민임대,충남,0
2026-04 p),LH,국민임대,전북,0
2026-04 p),LH,국민임대,전남,0
2026-04 p),LH,국민임대,경북,0
2026-04 p),LH,국민임대,경남,0
2026-04 p),LH,국민임대,제주,0
2026-04 p),LH,공공임대,전국,0
2026-04 p),LH,공공임대,서울,0
2026-04 p),LH,공공임대,인천,0
2026-04 p),LH,공공임대,경기,0
2026-04 p),LH,공공임대,부산,0
2026-04 p),LH,공공임대,대구,0
2026-04 p),LH,공공임대,광주,0
2026-04 p),LH,공공임대,대전,0
2026-04 p),LH,공공임대,울산,0
2026-04 p),LH,공공임대,세종,0
2026-04 p),LH,공공임대,강원,0
2026-04 p),LH,공공임대,충북,0
2026-04 p),LH,공공임대,충남,0
2026-04 p),LH,공공임대,전북,0
2026-04 p),LH,공공임대,전남,0
2026-04 p),LH,공공임대,경북,0
2026-04 p),LH,공공임대,경남,0
2026-04 p),LH,공공임대,제주,0
2026-04 p),LH,공공분양,전국,0
2026-04 p),LH,공공분양,서울,0
2026-04 p),LH,공공분양,인천,0
2026-04 p),LH,공공분양,경기,0
2026-04 p),LH,공공분양,부산,0
2026-04 p),LH,공공분양,대구,0
2026-04 p),LH,공공분양,광주,0
2026-04 p),LH,공공분양,대전,0
2026-04 p),LH,공공분양,울산,0
2026-04 p),LH,공공분양,세종,0
2026-04 p),LH,공공분양,강원,0
2026-04 p),LH,공공분양,충북,0
2026-04 p),LH,공공분양,충남,0
2026-04 p),LH,공공분양,전북,0
2026-04 p),LH,공공분양,전남,0
2026-04 p),LH,공공분양,경북,0
2026-04 p),LH,공공분양,경남,0
2026-04 p),LH,공공분양,제주,0
2026-04 p),주택업체,소계,전국,589
2026-04 p),주택업체,소계,서울,589
2026-04 p),주택업체,소계,인천,0
2026-04 p),주택업체,소계,경기,0
2026-04 p),주택업체,소계,부산,0
2026-04 p),주택업체,소계,대구,0
2026-04 p),주택업체,소계,광주,0
2026-04 p),주택업체,소계,대전,0
2026-04 p),주택업체,소계,울산,0
2026-04 p),주택업체,소계,세종,0
2026-04 p),주택업체,소계,강원,0
2026-04 p),주택업체,소계,충북,0
2026-04 p),주택업체,소계,충남,0
2026-04 p),주택업체,소계,전북,0
2026-04 p),주택업체,소계,전남,0
2026-04 p),주택업체,소계,경북,0
2026-04 p),주택업체,소계,경남,0
2026-04 p),주택업체,소계,제주,0
2026-04 p),주택업체,국민임대,전국,0
2026-04 p),주택업체,국민임대,서울,0
2026-04 p),주택업체,국민임대,인천,0
2026-04 p),주택업체,국민임대,경기,0
2026-04 p),주택업체,국민임대,부산,0
2026-04 p),주택업체,국민임대,대구,0
2026-04 p),주택업체,국민임대,광주,0
2026-04 p),주택업체,국민임대,대전,0
2026-04 p),주택업체,국민임대,울산,0
2026-04 p),주택업체,국민임대,세종,0
2026-04 p),주택업체,국민임대,강원,0
2026-04 p),주택업체,국민임대,충북,0
2026-04 p),주택업체,국민임대,충남,0
2026-04 p),주택업체,국민임대,전북,0
2026-04 p),주택업체,국민임대,전남,0
2026-04 p),주택업체,국민임대,경북,0
2026-04 p),주택업체,국민임대,경남,0
2026-04 p),주택업체,국민임대,제주,0
2026-04 p),주택업체,공공임대,전국,589
2026-04 p),주택업체,공공임대,서울,589
2026-04 p),주택업체,공공임대,인천,0
2026-04 p),주택업체,공공임대,경기,0
2026-04 p),주택업체,공공임대,부산,0
2026-04 p),주택업체,공공임대,대구,0
2026-04 p),주택업체,공공임대,광주,0
2026-04 p),주택업체,공공임대,대전,0
2026-04 p),주택업체,공공임대,울산,0
2026-04 p),주택업체,공공임대,세종,0
2026-04 p),주택업체,공공임대,강원,0
2026-04 p),주택업체,공공임대,충북,0
2026-04 p),주택업체,공공임대,충남,0
2026-04 p),주택업체,공공임대,전북,0
2026-04 p),주택업체,공공임대,전남,0
2026-04 p),주택업체,공공임대,경북,0
2026-04 p),주택업체,공공임대,경남,0
2026-04 p),주택업체,공공임대,제주,0
2026-04 p),주택업체,공공분양,전국,0
2026-04 p),주택업체,공공분양,서울,0
2026-04 p),주택업체,공공분양,인천,0
2026-04 p),주택업체,공공분양,경기,0
2026-04 p),주택업체,공공분양,부산,0
2026-04 p),주택업체,공공분양,대구,0
2026-04 p),주택업체,공공분양,광주,0
2026-04 p),주택업체,공공분양,대전,0
2026-04 p),주택업체,공공분양,울산,0
2026-04 p),주택업체,공공분양,세종,0
2026-04 p),주택업체,공공분양,강원,0
2026-04 p),주택업체,공공분양,충북,0
2026-04 p),주택업체,공공분양,충남,0
2026-04 p),주택업체,공공분양,전북,0
2026-04 p),주택업체,공공분양,전남,0
2026-04 p),주택업체,공공분양,경북,0
2026-04 p),주택업체,공공분양,경남,0
2026-04 p),주택업체,공공분양,제주,0
2026-04 p),민간부문,소계,전국,17,450
2026-04 p),민간부문,소계,서울,3,227
2026-04 p),민간부문,소계,인천,1,340
2026-04 p),민간부문,소계,경기,3,568
2026-04 p),민간부문,소계,부산,386
2026-04 p),민간부문,소계,대구,2,516
2026-04 p),민간부문,소계,광주,1,136
2026-04 p),민간부문,소계,대전,1,352
2026-04 p),민간부문,소계,울산,13
2026-04 p),민간부문,소계,세종,5
2026-04 p),민간부문,소계,강원,140
2026-04 p),민간부문,소계,충북,899
2026-04 p),민간부문,소계,충남,557
2026-04 p),민간부문,소계,전북,938
2026-04 p),민간부문,소계,전남,558
2026-04 p),민간부문,소계,경북,192
2026-04 p),민간부문,소계,경남,404
2026-04 p),민간부문,소계,제주,219
2026-04 p),민간,민간임대,전국,4,521
2026-04 p),민간,민간임대,서울,1,875
2026-04 p),민간,민간임대,인천,0
2026-04 p),민간,민간임대,경기,1,816
2026-04 p),민간,민간임대,부산,0
2026-04 p),민간,민간임대,대구,0
2026-04 p),민간,민간임대,광주,0
2026-04 p),민간,민간임대,대전,0
2026-04 p),민간,민간임대,울산,0
2026-04 p),민간,민간임대,세종,0
2026-04 p),민간,민간임대,강원,0
2026-04 p),민간,민간임대,충북,0
2026-04 p),민간,민간임대,충남,411
2026-04 p),민간,민간임대,전북,0
2026-04 p),민간,민간임대,전남,419
2026-04 p),민간,민간임대,경북,0
2026-04 p),민간,민간임대,경남,0
2026-04 p),민간,민간임대,제주,0
2026-04 p),민간,민간분양,전국,12,929
2026-04 p),민간,민간분양,서울,1,352
2026-04 p),민간,민간분양,인천,1,340
2026-04 p),민간,민간분양,경기,1,752
2026-04 p),민간,민간분양,부산,386
2026-04 p),민간,민간분양,대구,2,516
2026-04 p),민간,민간분양,광주,1,136
2026-04 p),민간,민간분양,대전,1,352
2026-04 p),민간,민간분양,울산,13
2026-04 p),민간,민간분양,세종,5
2026-04 p),민간,민간분양,강원,140
2026-04 p),민간,민간분양,충북,899
2026-04 p),민간,민간분양,충남,146
2026-04 p),민간,민간분양,전북,938
2026-04 p),민간,민간분양,전남,139
2026-04 p),민간,민간분양,경북,192
2026-04 p),민간,민간분양,경남,404
2026-04 p),민간,민간분양,제주,219
2026-05 p),총계,총계,전국,12,913
2026-05 p),총계,총계,서울,1,914
2026-05 p),총계,총계,인천,446
2026-05 p),총계,총계,경기,2,949
2026-05 p),총계,총계,부산,492
2026-05 p),총계,총계,대구,19
2026-05 p),총계,총계,광주,40
2026-05 p),총계,총계,대전,504
2026-05 p),총계,총계,울산,11
2026-05 p),총계,총계,세종,6
2026-05 p),총계,총계,강원,139
2026-05 p),총계,총계,충북,1,049
2026-05 p),총계,총계,충남,162
2026-05 p),총계,총계,전북,65
2026-05 p),총계,총계,전남,304
2026-05 p),총계,총계,경북,3,182
2026-05 p),총계,총계,경남,1,477
2026-05 p),총계,총계,제주,154
2026-05 p),공공부문,소계,전국,2,192
2026-05 p),공공부문,소계,서울,138
2026-05 p),공공부문,소계,인천,400
2026-05 p),공공부문,소계,경기,1,474
2026-05 p),공공부문,소계,부산,0
2026-05 p),공공부문,소계,대구,0
2026-05 p),공공부문,소계,광주,0
2026-05 p),공공부문,소계,대전,100
2026-05 p),공공부문,소계,울산,0
2026-05 p),공공부문,소계,세종,0
2026-05 p),공공부문,소계,강원,0
2026-05 p),공공부문,소계,충북,80
2026-05 p),공공부문,소계,충남,0
2026-05 p),공공부문,소계,전북,0
2026-05 p),공공부문,소계,전남,0
2026-05 p),공공부문,소계,경북,0
2026-05 p),공공부문,소계,경남,0
2026-05 p),공공부문,소계,제주,0
2026-05 p),합,국민임대,전국,1,486
2026-05 p),합,국민임대,서울,12
2026-05 p),합,국민임대,인천,0
2026-05 p),합,국민임대,경기,1,474
2026-05 p),합,국민임대,부산,0
2026-05 p),합,국민임대,대구,0
2026-05 p),합,국민임대,광주,0
2026-05 p),합,국민임대,대전,0
2026-05 p),합,국민임대,울산,0
2026-05 p),합,국민임대,세종,0
2026-05 p),합,국민임대,강원,0
2026-05 p),합,국민임대,충북,0
2026-05 p),합,국민임대,충남,0
2026-05 p),합,국민임대,전북,0
2026-05 p),합,국민임대,전남,0
2026-05 p),합,국민임대,경북,0
2026-05 p),합,국민임대,경남,0
2026-05 p),합,국민임대,제주,0
2026-05 p),합,공공임대,전국,706
2026-05 p),합,공공임대,서울,126
2026-05 p),합,공공임대,인천,400
2026-05 p),합,공공임대,경기,0
2026-05 p),합,공공임대,부산,0
2026-05 p),합,공공임대,대구,0
2026-05 p),합,공공임대,광주,0
2026-05 p),합,공공임대,대전,100
2026-05 p),합,공공임대,울산,0
2026-05 p),합,공공임대,세종,0
2026-05 p),합,공공임대,강원,0
2026-05 p),합,공공임대,충북,80
2026-05 p),합,공공임대,충남,0
2026-05 p),합,공공임대,전북,0
2026-05 p),합,공공임대,전남,0
2026-05 p),합,공공임대,경북,0
2026-05 p),합,공공임대,경남,0
2026-05 p),합,공공임대,제주,0
2026-05 p),합,공공분양,전국,0
2026-05 p),합,공공분양,서울,0
2026-05 p),합,공공분양,인천,0
2026-05 p),합,공공분양,경기,0
2026-05 p),합,공공분양,부산,0
2026-05 p),합,공공분양,대구,0
2026-05 p),합,공공분양,광주,0
2026-05 p),합,공공분양,대전,0
2026-05 p),합,공공분양,울산,0
2026-05 p),합,공공분양,세종,0
2026-05 p),합,공공분양,강원,0
2026-05 p),합,공공분양,충북,0
2026-05 p),합,공공분양,충남,0
2026-05 p),합,공공분양,전북,0
2026-05 p),합,공공분양,전남,0
2026-05 p),합,공공분양,경북,0
2026-05 p),합,공공분양,경남,0
2026-05 p),합,공공분양,제주,0
2026-05 p),지자체,소계,전국,12
2026-05 p),지자체,소계,서울,12
2026-05 p),지자체,소계,인천,0
2026-05 p),지자체,소계,경기,0
2026-05 p),지자체,소계,부산,0
2026-05 p),지자체,소계,대구,0
2026-05 p),지자체,소계,광주,0
2026-05 p),지자체,소계,대전,0
2026-05 p),지자체,소계,울산,0
2026-05 p),지자체,소계,세종,0
2026-05 p),지자체,소계,강원,0
2026-05 p),지자체,소계,충북,0
2026-05 p),지자체,소계,충남,0
2026-05 p),지자체,소계,전북,0
2026-05 p),지자체,소계,전남,0
2026-05 p),지자체,소계,경북,0
2026-05 p),지자체,소계,경남,0
2026-05 p),지자체,소계,제주,0
2026-05 p),지자체,국민임대,전국,12
2026-05 p),지자체,국민임대,서울,12
2026-05 p),지자체,국민임대,인천,0
2026-05 p),지자체,국민임대,경기,0
2026-05 p),지자체,국민임대,부산,0
2026-05 p),지자체,국민임대,대구,0
2026-05 p),지자체,국민임대,광주,0
2026-05 p),지자체,국민임대,대전,0
2026-05 p),지자체,국민임대,울산,0
2026-05 p),지자체,국민임대,세종,0
2026-05 p),지자체,국민임대,강원,0
2026-05 p),지자체,국민임대,충북,0
2026-05 p),지자체,국민임대,충남,0
2026-05 p),지자체,국민임대,전북,0
2026-05 p),지자체,국민임대,전남,0
2026-05 p),지자체,국민임대,경북,0
2026-05 p),지자체,국민임대,경남,0
2026-05 p),지자체,국민임대,제주,0
2026-05 p),지자체,공공임대,전국,0
2026-05 p),지자체,공공임대,서울,0
2026-05 p),지자체,공공임대,인천,0
2026-05 p),지자체,공공임대,경기,0
2026-05 p),지자체,공공임대,부산,0
2026-05 p),지자체,공공임대,대구,0
2026-05 p),지자체,공공임대,광주,0
2026-05 p),지자체,공공임대,대전,0
2026-05 p),지자체,공공임대,울산,0
2026-05 p),지자체,공공임대,세종,0
2026-05 p),지자체,공공임대,강원,0
2026-05 p),지자체,공공임대,충북,0
2026-05 p),지자체,공공임대,충남,0
2026-05 p),지자체,공공임대,전북,0
2026-05 p),지자체,공공임대,전남,0
2026-05 p),지자체,공공임대,경북,0
2026-05 p),지자체,공공임대,경남,0
2026-05 p),지자체,공공임대,제주,0
2026-05 p),지자체,공공분양,전국,0
2026-05 p),지자체,공공분양,서울,0
2026-05 p),지자체,공공분양,인천,0
2026-05 p),지자체,공공분양,경기,0
2026-05 p),지자체,공공분양,부산,0
2026-05 p),지자체,공공분양,대구,0
2026-05 p),지자체,공공분양,광주,0
2026-05 p),지자체,공공분양,대전,0
2026-05 p),지자체,공공분양,울산,0
2026-05 p),지자체,공공분양,세종,0
2026-05 p),지자체,공공분양,강원,0
2026-05 p),지자체,공공분양,충북,0
2026-05 p),지자체,공공분양,충남,0
2026-05 p),지자체,공공분양,전북,0
2026-05 p),지자체,공공분양,전남,0
2026-05 p),지자체,공공분양,경북,0
2026-05 p),지자체,공공분양,경남,0
2026-05 p),지자체,공공분양,제주,0
2026-05 p),LH,소계,전국,2,054
2026-05 p),LH,소계,서울,0
2026-05 p),LH,소계,인천,400
2026-05 p),LH,소계,경기,1,474
2026-05 p),LH,소계,부산,0
2026-05 p),LH,소계,대구,0
2026-05 p),LH,소계,광주,0
2026-05 p),LH,소계,대전,100
2026-05 p),LH,소계,울산,0
2026-05 p),LH,소계,세종,0
2026-05 p),LH,소계,강원,0
2026-05 p),LH,소계,충북,80
2026-05 p),LH,소계,충남,0
2026-05 p),LH,소계,전북,0
2026-05 p),LH,소계,전남,0
2026-05 p),LH,소계,경북,0
2026-05 p),LH,소계,경남,0
2026-05 p),LH,소계,제주,0
2026-05 p),LH,국민임대,전국,1,474
2026-05 p),LH,국민임대,서울,0
2026-05 p),LH,국민임대,인천,0
2026-05 p),LH,국민임대,경기,1,474
2026-05 p),LH,국민임대,부산,0
2026-05 p),LH,국민임대,대구,0
2026-05 p),LH,국민임대,광주,0
2026-05 p),LH,국민임대,대전,0
2026-05 p),LH,국민임대,울산,0
2026-05 p),LH,국민임대,세종,0
2026-05 p),LH,국민임대,강원,0
2026-05 p),LH,국민임대,충북,0
2026-05 p),LH,국민임대,충남,0
2026-05 p),LH,국민임대,전북,0
2026-05 p),LH,국민임대,전남,0
2026-05 p),LH,국민임대,경북,0
2026-05 p),LH,국민임대,경남,0
2026-05 p),LH,국민임대,제주,0
2026-05 p),LH,공공임대,전국,580
2026-05 p),LH,공공임대,서울,0
2026-05 p),LH,공공임대,인천,400
2026-05 p),LH,공공임대,경기,0
2026-05 p),LH,공공임대,부산,0
2026-05 p),LH,공공임대,대구,0
2026-05 p),LH,공공임대,광주,0
2026-05 p),LH,공공임대,대전,100
2026-05 p),LH,공공임대,울산,0
2026-05 p),LH,공공임대,세종,0
2026-05 p),LH,공공임대,강원,0
2026-05 p),LH,공공임대,충북,80
2026-05 p),LH,공공임대,충남,0
2026-05 p),LH,공공임대,전북,0
2026-05 p),LH,공공임대,전남,0
2026-05 p),LH,공공임대,경북,0
2026-05 p),LH,공공임대,경남,0
2026-05 p),LH,공공임대,제주,0
2026-05 p),LH,공공분양,전국,0
2026-05 p),LH,공공분양,서울,0
2026-05 p),LH,공공분양,인천,0
2026-05 p),LH,공공분양,경기,0
2026-05 p),LH,공공분양,부산,0
2026-05 p),LH,공공분양,대구,0
2026-05 p),LH,공공분양,광주,0
2026-05 p),LH,공공분양,대전,0
2026-05 p),LH,공공분양,울산,0
2026-05 p),LH,공공분양,세종,0
2026-05 p),LH,공공분양,강원,0
2026-05 p),LH,공공분양,충북,0
2026-05 p),LH,공공분양,충남,0
2026-05 p),LH,공공분양,전북,0
2026-05 p),LH,공공분양,전남,0
2026-05 p),LH,공공분양,경북,0
2026-05 p),LH,공공분양,경남,0
2026-05 p),LH,공공분양,제주,0
2026-05 p),주택업체,소계,전국,126
2026-05 p),주택업체,소계,서울,126
2026-05 p),주택업체,소계,인천,0
2026-05 p),주택업체,소계,경기,0
2026-05 p),주택업체,소계,부산,0
2026-05 p),주택업체,소계,대구,0
2026-05 p),주택업체,소계,광주,0
2026-05 p),주택업체,소계,대전,0
2026-05 p),주택업체,소계,울산,0
2026-05 p),주택업체,소계,세종,0
2026-05 p),주택업체,소계,강원,0
2026-05 p),주택업체,소계,충북,0
2026-05 p),주택업체,소계,충남,0
2026-05 p),주택업체,소계,전북,0
2026-05 p),주택업체,소계,전남,0
2026-05 p),주택업체,소계,경북,0
2026-05 p),주택업체,소계,경남,0
2026-05 p),주택업체,소계,제주,0
2026-05 p),주택업체,국민임대,전국,0
2026-05 p),주택업체,국민임대,서울,0
2026-05 p),주택업체,국민임대,인천,0
2026-05 p),주택업체,국민임대,경기,0
2026-05 p),주택업체,국민임대,부산,0
2026-05 p),주택업체,국민임대,대구,0
2026-05 p),주택업체,국민임대,광주,0
2026-05 p),주택업체,국민임대,대전,0
2026-05 p),주택업체,국민임대,울산,0
2026-05 p),주택업체,국민임대,세종,0
2026-05 p),주택업체,국민임대,강원,0
2026-05 p),주택업체,국민임대,충북,0
2026-05 p),주택업체,국민임대,충남,0
2026-05 p),주택업체,국민임대,전북,0
2026-05 p),주택업체,국민임대,전남,0
2026-05 p),주택업체,국민임대,경북,0
2026-05 p),주택업체,국민임대,경남,0
2026-05 p),주택업체,국민임대,제주,0
2026-05 p),주택업체,공공임대,전국,126
2026-05 p),주택업체,공공임대,서울,126
2026-05 p),주택업체,공공임대,인천,0
2026-05 p),주택업체,공공임대,경기,0
2026-05 p),주택업체,공공임대,부산,0
2026-05 p),주택업체,공공임대,대구,0
2026-05 p),주택업체,공공임대,광주,0
2026-05 p),주택업체,공공임대,대전,0
2026-05 p),주택업체,공공임대,울산,0
2026-05 p),주택업체,공공임대,세종,0
2026-05 p),주택업체,공공임대,강원,0
2026-05 p),주택업체,공공임대,충북,0
2026-05 p),주택업체,공공임대,충남,0
2026-05 p),주택업체,공공임대,전북,0
2026-05 p),주택업체,공공임대,전남,0
2026-05 p),주택업체,공공임대,경북,0
2026-05 p),주택업체,공공임대,경남,0
2026-05 p),주택업체,공공임대,제주,0
2026-05 p),주택업체,공공분양,전국,0
2026-05 p),주택업체,공공분양,서울,0
2026-05 p),주택업체,공공분양,인천,0
2026-05 p),주택업체,공공분양,경기,0
2026-05 p),주택업체,공공분양,부산,0
2026-05 p),주택업체,공공분양,대구,0
2026-05 p),주택업체,공공분양,광주,0
2026-05 p),주택업체,공공분양,대전,0
2026-05 p),주택업체,공공분양,울산,0
2026-05 p),주택업체,공공분양,세종,0
2026-05 p),주택업체,공공분양,강원,0
2026-05 p),주택업체,공공분양,충북,0
2026-05 p),주택업체,공공분양,충남,0
2026-05 p),주택업체,공공분양,전북,0
2026-05 p),주택업체,공공분양,전남,0
2026-05 p),주택업체,공공분양,경북,0
2026-05 p),주택업체,공공분양,경남,0
2026-05 p),주택업체,공공분양,제주,0
2026-05 p),민간부문,소계,전국,10,721
2026-05 p),민간부문,소계,서울,1,776
2026-05 p),민간부문,소계,인천,46
2026-05 p),민간부문,소계,경기,1,475
2026-05 p),민간부문,소계,부산,492
2026-05 p),민간부문,소계,대구,19
2026-05 p),민간부문,소계,광주,40
2026-05 p),민간부문,소계,대전,404
2026-05 p),민간부문,소계,울산,11
2026-05 p),민간부문,소계,세종,6
2026-05 p),민간부문,소계,강원,139
2026-05 p),민간부문,소계,충북,969
2026-05 p),민간부문,소계,충남,162
2026-05 p),민간부문,소계,전북,65
2026-05 p),민간부문,소계,전남,304
2026-05 p),민간부문,소계,경북,3,182
2026-05 p),민간부문,소계,경남,1,477
2026-05 p),민간부문,소계,제주,154
2026-05 p),민간,민간임대,전국,622
2026-05 p),민간,민간임대,서울,0
2026-05 p),민간,민간임대,인천,0
2026-05 p),민간,민간임대,경기,552
2026-05 p),민간,민간임대,부산,0
2026-05 p),민간,민간임대,대구,0
2026-05 p),민간,민간임대,광주,0
2026-05 p),민간,민간임대,대전,0
2026-05 p),민간,민간임대,울산,0
2026-05 p),민간,민간임대,세종,0
2026-05 p),민간,민간임대,강원,0
2026-05 p),민간,민간임대,충북,0
2026-05 p),민간,민간임대,충남,70
2026-05 p),민간,민간임대,전북,0
2026-05 p),민간,민간임대,전남,0
2026-05 p),민간,민간임대,경북,0
2026-05 p),민간,민간임대,경남,0
2026-05 p),민간,민간임대,제주,0
2026-05 p),민간,민간분양,전국,10,099
2026-05 p),민간,민간분양,서울,1,776
2026-05 p),민간,민간분양,인천,46
2026-05 p),민간,민간분양,경기,923
2026-05 p),민간,민간분양,부산,492
2026-05 p),민간,민간분양,대구,19
2026-05 p),민간,민간분양,광주,40
2026-05 p),민간,민간분양,대전,404
2026-05 p),민간,민간분양,울산,11
2026-05 p),민간,민간분양,세종,6
2026-05 p),민간,민간분양,강원,139
2026-05 p),민간,민간분양,충북,969
2026-05 p),민간,민간분양,충남,92
2026-05 p),민간,민간분양,전북,65
2026-05 p),민간,민간분양,전남,304
2026-05 p),민간,민간분양,경북,3,182
2026-05 p),민간,민간분양,경남,1,477
2026-05 p),민간,민간분양,제주,154
2026-06 p),총계,총계,전국,15,592
2026-06 p),총계,총계,서울,2,049
2026-06 p),총계,총계,인천,2,154
2026-06 p),총계,총계,경기,6,329
2026-06 p),총계,총계,부산,2,681
2026-06 p),총계,총계,대구,792
2026-06 p),총계,총계,광주,4
2026-06 p),총계,총계,대전,5
2026-06 p),총계,총계,울산,352
2026-06 p),총계,총계,세종,45
2026-06 p),총계,총계,강원,140
2026-06 p),총계,총계,충북,94
2026-06 p),총계,총계,충남,177
2026-06 p),총계,총계,전북,81
2026-06 p),총계,총계,전남,137
2026-06 p),총계,총계,경북,194
2026-06 p),총계,총계,경남,293
2026-06 p),총계,총계,제주,65
2026-06 p),공공부문,소계,전국,2,302
2026-06 p),공공부문,소계,서울,613
2026-06 p),공공부문,소계,인천,1,458
2026-06 p),공공부문,소계,경기,81
2026-06 p),공공부문,소계,부산,0
2026-06 p),공공부문,소계,대구,0
2026-06 p),공공부문,소계,광주,0
2026-06 p),공공부문,소계,대전,0
2026-06 p),공공부문,소계,울산,0
2026-06 p),공공부문,소계,세종,0
2026-06 p),공공부문,소계,강원,0
2026-06 p),공공부문,소계,충북,0
2026-06 p),공공부문,소계,충남,0
2026-06 p),공공부문,소계,전북,0
2026-06 p),공공부문,소계,전남,0
2026-06 p),공공부문,소계,경북,0
2026-06 p),공공부문,소계,경남,150
2026-06 p),공공부문,소계,제주,0
2026-06 p),합,국민임대,전국,186
2026-06 p),합,국민임대,서울,36
2026-06 p),합,국민임대,인천,0
2026-06 p),합,국민임대,경기,0
2026-06 p),합,국민임대,부산,0
2026-06 p),합,국민임대,대구,0
2026-06 p),합,국민임대,광주,0
2026-06 p),합,국민임대,대전,0
2026-06 p),합,국민임대,울산,0
2026-06 p),합,국민임대,세종,0
2026-06 p),합,국민임대,강원,0
2026-06 p),합,국민임대,충북,0
2026-06 p),합,국민임대,충남,0
2026-06 p),합,국민임대,전북,0
2026-06 p),합,국민임대,전남,0
2026-06 p),합,국민임대,경북,0
2026-06 p),합,국민임대,경남,150
2026-06 p),합,국민임대,제주,0
2026-06 p),합,공공임대,전국,277
2026-06 p),합,공공임대,서울,196
2026-06 p),합,공공임대,인천,0
2026-06 p),합,공공임대,경기,81
2026-06 p),합,공공임대,부산,0
2026-06 p),합,공공임대,대구,0
2026-06 p),합,공공임대,광주,0
2026-06 p),합,공공임대,대전,0
2026-06 p),합,공공임대,울산,0
2026-06 p),합,공공임대,세종,0
2026-06 p),합,공공임대,강원,0
2026-06 p),합,공공임대,충북,0
2026-06 p),합,공공임대,충남,0
2026-06 p),합,공공임대,전북,0
2026-06 p),합,공공임대,전남,0
2026-06 p),합,공공임대,경북,0
2026-06 p),합,공공임대,경남,0
2026-06 p),합,공공임대,제주,0
2026-06 p),합,공공분양,전국,1,839
2026-06 p),합,공공분양,서울,381
2026-06 p),합,공공분양,인천,1,458
2026-06 p),합,공공분양,경기,0
2026-06 p),합,공공분양,부산,0
2026-06 p),합,공공분양,대구,0
2026-06 p),합,공공분양,광주,0
2026-06 p),합,공공분양,대전,0
2026-06 p),합,공공분양,울산,0
2026-06 p),합,공공분양,세종,0
2026-06 p),합,공공분양,강원,0
2026-06 p),합,공공분양,충북,0
2026-06 p),합,공공분양,충남,0
2026-06 p),합,공공분양,전북,0
2026-06 p),합,공공분양,전남,0
2026-06 p),합,공공분양,경북,0
2026-06 p),합,공공분양,경남,0
2026-06 p),합,공공분양,제주,0
2026-06 p),지자체,소계,전국,2,071
2026-06 p),지자체,소계,서울,613
2026-06 p),지자체,소계,인천,1,458
2026-06 p),지자체,소계,경기,0
2026-06 p),지자체,소계,부산,0
2026-06 p),지자체,소계,대구,0
2026-06 p),지자체,소계,광주,0
2026-06 p),지자체,소계,대전,0
2026-06 p),지자체,소계,울산,0
2026-06 p),지자체,소계,세종,0
2026-06 p),지자체,소계,강원,0
2026-06 p),지자체,소계,충북,0
2026-06 p),지자체,소계,충남,0
2026-06 p),지자체,소계,전북,0
2026-06 p),지자체,소계,전남,0
2026-06 p),지자체,소계,경북,0
2026-06 p),지자체,소계,경남,0
2026-06 p),지자체,소계,제주,0
2026-06 p),지자체,국민임대,전국,36
2026-06 p),지자체,국민임대,서울,36
2026-06 p),지자체,국민임대,인천,0
2026-06 p),지자체,국민임대,경기,0
2026-06 p),지자체,국민임대,부산,0
2026-06 p),지자체,국민임대,대구,0
2026-06 p),지자체,국민임대,광주,0
2026-06 p),지자체,국민임대,대전,0
2026-06 p),지자체,국민임대,울산,0
2026-06 p),지자체,국민임대,세종,0
2026-06 p),지자체,국민임대,강원,0
2026-06 p),지자체,국민임대,충북,0
2026-06 p),지자체,국민임대,충남,0
2026-06 p),지자체,국민임대,전북,0
2026-06 p),지자체,국민임대,전남,0
2026-06 p),지자체,국민임대,경북,0
2026-06 p),지자체,국민임대,경남,0
2026-06 p),지자체,국민임대,제주,0
2026-06 p),지자체,공공임대,전국,196
2026-06 p),지자체,공공임대,서울,196
2026-06 p),지자체,공공임대,인천,0
2026-06 p),지자체,공공임대,경기,0
2026-06 p),지자체,공공임대,부산,0
2026-06 p),지자체,공공임대,대구,0
2026-06 p),지자체,공공임대,광주,0
2026-06 p),지자체,공공임대,대전,0
2026-06 p),지자체,공공임대,울산,0
2026-06 p),지자체,공공임대,세종,0
2026-06 p),지자체,공공임대,강원,0
2026-06 p),지자체,공공임대,충북,0
2026-06 p),지자체,공공임대,충남,0
2026-06 p),지자체,공공임대,전북,0
2026-06 p),지자체,공공임대,전남,0
2026-06 p),지자체,공공임대,경북,0
2026-06 p),지자체,공공임대,경남,0
2026-06 p),지자체,공공임대,제주,0
2026-06 p),지자체,공공분양,전국,1,839
2026-06 p),지자체,공공분양,서울,381
2026-06 p),지자체,공공분양,인천,1,458
2026-06 p),지자체,공공분양,경기,0
2026-06 p),지자체,공공분양,부산,0
2026-06 p),지자체,공공분양,대구,0
2026-06 p),지자체,공공분양,광주,0
2026-06 p),지자체,공공분양,대전,0
2026-06 p),지자체,공공분양,울산,0
2026-06 p),지자체,공공분양,세종,0
2026-06 p),지자체,공공분양,강원,0
2026-06 p),지자체,공공분양,충북,0
2026-06 p),지자체,공공분양,충남,0
2026-06 p),지자체,공공분양,전북,0
2026-06 p),지자체,공공분양,전남,0
2026-06 p),지자체,공공분양,경북,0
2026-06 p),지자체,공공분양,경남,0
2026-06 p),지자체,공공분양,제주,0
2026-06 p),LH,소계,전국,150
2026-06 p),LH,소계,서울,0
2026-06 p),LH,소계,인천,0
2026-06 p),LH,소계,경기,0
2026-06 p),LH,소계,부산,0
2026-06 p),LH,소계,대구,0
2026-06 p),LH,소계,광주,0
2026-06 p),LH,소계,대전,0
2026-06 p),LH,소계,울산,0
2026-06 p),LH,소계,세종,0
2026-06 p),LH,소계,강원,0
2026-06 p),LH,소계,충북,0
2026-06 p),LH,소계,충남,0
2026-06 p),LH,소계,전북,0
2026-06 p),LH,소계,전남,0
2026-06 p),LH,소계,경북,0
2026-06 p),LH,소계,경남,150
2026-06 p),LH,소계,제주,0
2026-06 p),LH,국민임대,전국,150
2026-06 p),LH,국민임대,서울,0
2026-06 p),LH,국민임대,인천,0
2026-06 p),LH,국민임대,경기,0
2026-06 p),LH,국민임대,부산,0
2026-06 p),LH,국민임대,대구,0
2026-06 p),LH,국민임대,광주,0
2026-06 p),LH,국민임대,대전,0
2026-06 p),LH,국민임대,울산,0
2026-06 p),LH,국민임대,세종,0
2026-06 p),LH,국민임대,강원,0
2026-06 p),LH,국민임대,충북,0
2026-06 p),LH,국민임대,충남,0
2026-06 p),LH,국민임대,전북,0
2026-06 p),LH,국민임대,전남,0
2026-06 p),LH,국민임대,경북,0
2026-06 p),LH,국민임대,경남,150
2026-06 p),LH,국민임대,제주,0
2026-06 p),LH,공공임대,전국,0
2026-06 p),LH,공공임대,서울,0
2026-06 p),LH,공공임대,인천,0
2026-06 p),LH,공공임대,경기,0
2026-06 p),LH,공공임대,부산,0
2026-06 p),LH,공공임대,대구,0
2026-06 p),LH,공공임대,광주,0
2026-06 p),LH,공공임대,대전,0
2026-06 p),LH,공공임대,울산,0
2026-06 p),LH,공공임대,세종,0
2026-06 p),LH,공공임대,강원,0
2026-06 p),LH,공공임대,충북,0
2026-06 p),LH,공공임대,충남,0
2026-06 p),LH,공공임대,전북,0
2026-06 p),LH,공공임대,전남,0
2026-06 p),LH,공공임대,경북,0
2026-06 p),LH,공공임대,경남,0
2026-06 p),LH,공공임대,제주,0
2026-06 p),LH,공공분양,전국,0
2026-06 p),LH,공공분양,서울,0
2026-06 p),LH,공공분양,인천,0
2026-06 p),LH,공공분양,경기,0
2026-06 p),LH,공공분양,부산,0
2026-06 p),LH,공공분양,대구,0
2026-06 p),LH,공공분양,광주,0
2026-06 p),LH,공공분양,대전,0
2026-06 p),LH,공공분양,울산,0
2026-06 p),LH,공공분양,세종,0
2026-06 p),LH,공공분양,강원,0
2026-06 p),LH,공공분양,충북,0
2026-06 p),LH,공공분양,충남,0
2026-06 p),LH,공공분양,전북,0
2026-06 p),LH,공공분양,전남,0
2026-06 p),LH,공공분양,경북,0
2026-06 p),LH,공공분양,경남,0
2026-06 p),LH,공공분양,제주,0
2026-06 p),주택업체,소계,전국,81
2026-06 p),주택업체,소계,서울,0
2026-06 p),주택업체,소계,인천,0
2026-06 p),주택업체,소계,경기,81
2026-06 p),주택업체,소계,부산,0
2026-06 p),주택업체,소계,대구,0
2026-06 p),주택업체,소계,광주,0
2026-06 p),주택업체,소계,대전,0
2026-06 p),주택업체,소계,울산,0
2026-06 p),주택업체,소계,세종,0
2026-06 p),주택업체,소계,강원,0
2026-06 p),주택업체,소계,충북,0
2026-06 p),주택업체,소계,충남,0
2026-06 p),주택업체,소계,전북,0
2026-06 p),주택업체,소계,전남,0
2026-06 p),주택업체,소계,경북,0
2026-06 p),주택업체,소계,경남,0
2026-06 p),주택업체,소계,제주,0
2026-06 p),주택업체,국민임대,전국,0
2026-06 p),주택업체,국민임대,서울,0
2026-06 p),주택업체,국민임대,인천,0
2026-06 p),주택업체,국민임대,경기,0
2026-06 p),주택업체,국민임대,부산,0
2026-06 p),주택업체,국민임대,대구,0
2026-06 p),주택업체,국민임대,광주,0
2026-06 p),주택업체,국민임대,대전,0
2026-06 p),주택업체,국민임대,울산,0
2026-06 p),주택업체,국민임대,세종,0
2026-06 p),주택업체,국민임대,강원,0
2026-06 p),주택업체,국민임대,충북,0
2026-06 p),주택업체,국민임대,충남,0
2026-06 p),주택업체,국민임대,전북,0
2026-06 p),주택업체,국민임대,전남,0
2026-06 p),주택업체,국민임대,경북,0
2026-06 p),주택업체,국민임대,경남,0
2026-06 p),주택업체,국민임대,제주,0
2026-06 p),주택업체,공공임대,전국,81
2026-06 p),주택업체,공공임대,서울,0
2026-06 p),주택업체,공공임대,인천,0
2026-06 p),주택업체,공공임대,경기,81
2026-06 p),주택업체,공공임대,부산,0
2026-06 p),주택업체,공공임대,대구,0
2026-06 p),주택업체,공공임대,광주,0
2026-06 p),주택업체,공공임대,대전,0
2026-06 p),주택업체,공공임대,울산,0
2026-06 p),주택업체,공공임대,세종,0
2026-06 p),주택업체,공공임대,강원,0
2026-06 p),주택업체,공공임대,충북,0
2026-06 p),주택업체,공공임대,충남,0
2026-06 p),주택업체,공공임대,전북,0
2026-06 p),주택업체,공공임대,전남,0
2026-06 p),주택업체,공공임대,경북,0
2026-06 p),주택업체,공공임대,경남,0
2026-06 p),주택업체,공공임대,제주,0
2026-06 p),주택업체,공공분양,전국,0
2026-06 p),주택업체,공공분양,서울,0
2026-06 p),주택업체,공공분양,인천,0
2026-06 p),주택업체,공공분양,경기,0
2026-06 p),주택업체,공공분양,부산,0
2026-06 p),주택업체,공공분양,대구,0
2026-06 p),주택업체,공공분양,광주,0
2026-06 p),주택업체,공공분양,대전,0
2026-06 p),주택업체,공공분양,울산,0
2026-06 p),주택업체,공공분양,세종,0
2026-06 p),주택업체,공공분양,강원,0
2026-06 p),주택업체,공공분양,충북,0
2026-06 p),주택업체,공공분양,충남,0
2026-06 p),주택업체,공공분양,전북,0
2026-06 p),주택업체,공공분양,전남,0
2026-06 p),주택업체,공공분양,경북,0
2026-06 p),주택업체,공공분양,경남,0
2026-06 p),주택업체,공공분양,제주,0
2026-06 p),민간부문,소계,전국,13,290
2026-06 p),민간부문,소계,서울,1,436
2026-06 p),민간부문,소계,인천,696
2026-06 p),민간부문,소계,경기,6,248
2026-06 p),민간부문,소계,부산,2,681
2026-06 p),민간부문,소계,대구,792
2026-06 p),민간부문,소계,광주,4
2026-06 p),민간부문,소계,대전,5
2026-06 p),민간부문,소계,울산,352
2026-06 p),민간부문,소계,세종,45
2026-06 p),민간부문,소계,강원,140
2026-06 p),민간부문,소계,충북,94
2026-06 p),민간부문,소계,충남,177
2026-06 p),민간부문,소계,전북,81
2026-06 p),민간부문,소계,전남,137
2026-06 p),민간부문,소계,경북,194
2026-06 p),민간부문,소계,경남,143
2026-06 p),민간부문,소계,제주,65
2026-06 p),민간,민간임대,전국,0
2026-06 p),민간,민간임대,서울,0
2026-06 p),민간,민간임대,인천,0
2026-06 p),민간,민간임대,경기,0
2026-06 p),민간,민간임대,부산,0
2026-06 p),민간,민간임대,대구,0
2026-06 p),민간,민간임대,광주,0
2026-06 p),민간,민간임대,대전,0
2026-06 p),민간,민간임대,울산,0
2026-06 p),민간,민간임대,세종,0
2026-06 p),민간,민간임대,강원,0
2026-06 p),민간,민간임대,충북,0
2026-06 p),민간,민간임대,충남,0
2026-06 p),민간,민간임대,전북,0
2026-06 p),민간,민간임대,전남,0
2026-06 p),민간,민간임대,경북,0
2026-06 p),민간,민간임대,경남,0
2026-06 p),민간,민간임대,제주,0
2026-06 p),민간,민간분양,전국,13,290
2026-06 p),민간,민간분양,서울,1,436
2026-06 p),민간,민간분양,인천,696
2026-06 p),민간,민간분양,경기,6,248
2026-06 p),민간,민간분양,부산,2,681
2026-06 p),민간,민간분양,대구,792
2026-06 p),민간,민간분양,광주,4
2026-06 p),민간,민간분양,대전,5
2026-06 p),민간,민간분양,울산,352
2026-06 p),민간,민간분양,세종,45
2026-06 p),민간,민간분양,강원,140
2026-06 p),민간,민간분양,충북,94
2026-06 p),민간,민간분양,충남,177
2026-06 p),민간,민간분양,전북,81
2026-06 p),민간,민간분양,전남,137
2026-06 p),민간,민간분양,경북,194
2026-06 p),민간,민간분양,경남,143
2026-06 p),민간,민간분양,제주,65
2026-07 p),총계,총계,전국,31,778
2026-07 p),총계,총계,서울,5,756
2026-07 p),총계,총계,인천,2,810
2026-07 p),총계,총계,경기,9,713
2026-07 p),총계,총계,전남광주,876
2026-07 p),총계,총계,부산,2,477
2026-07 p),총계,총계,대구,19
2026-07 p),총계,총계,대전,1,757
2026-07 p),총계,총계,울산,863
2026-07 p),총계,총계,세종,9
2026-07 p),총계,총계,강원,2,236
2026-07 p),총계,총계,충북,1,430
2026-07 p),총계,총계,충남,2,475
2026-07 p),총계,총계,전북,390
2026-07 p),총계,총계,경북,759
2026-07 p),총계,총계,경남,133
2026-07 p),총계,총계,제주,75
2026-07 p),공공부문,소계,전국,5,349
2026-07 p),공공부문,소계,서울,0
2026-07 p),공공부문,소계,인천,1,224
2026-07 p),공공부문,소계,경기,2,800
2026-07 p),공공부문,소계,전남광주,32
2026-07 p),공공부문,소계,부산,1,233
2026-07 p),공공부문,소계,대구,0
2026-07 p),공공부문,소계,대전,0
2026-07 p),공공부문,소계,울산,0
2026-07 p),공공부문,소계,세종,0
2026-07 p),공공부문,소계,강원,0
2026-07 p),공공부문,소계,충북,0
2026-07 p),공공부문,소계,충남,0
2026-07 p),공공부문,소계,전북,0
2026-07 p),공공부문,소계,경북,30
2026-07 p),공공부문,소계,경남,30
2026-07 p),공공부문,소계,제주,0
2026-07 p),합,국민임대,전국,0
2026-07 p),합,국민임대,서울,0
2026-07 p),합,국민임대,인천,0
2026-07 p),합,국민임대,경기,0
2026-07 p),합,국민임대,전남광주,0
2026-07 p),합,국민임대,부산,0
2026-07 p),합,국민임대,대구,0
2026-07 p),합,국민임대,대전,0
2026-07 p),합,국민임대,울산,0
2026-07 p),합,국민임대,세종,0
2026-07 p),합,국민임대,강원,0
2026-07 p),합,국민임대,충북,0
2026-07 p),합,국민임대,충남,0
2026-07 p),합,국민임대,전북,0
2026-07 p),합,국민임대,경북,0
2026-07 p),합,국민임대,경남,0
2026-07 p),합,국민임대,제주,0
2026-07 p),합,공공임대,전국,1,945
2026-07 p),합,공공임대,서울,0
2026-07 p),합,공공임대,인천,0
2026-07 p),합,공공임대,경기,620
2026-07 p),합,공공임대,전남광주,32
2026-07 p),합,공공임대,부산,1,233
2026-07 p),합,공공임대,대구,0
2026-07 p),합,공공임대,대전,0
2026-07 p),합,공공임대,울산,0
2026-07 p),합,공공임대,세종,0
2026-07 p),합,공공임대,강원,0
2026-07 p),합,공공임대,충북,0
2026-07 p),합,공공임대,충남,0
2026-07 p),합,공공임대,전북,0
2026-07 p),합,공공임대,경북,30
2026-07 p),합,공공임대,경남,30
2026-07 p),합,공공임대,제주,0
2026-07 p),합,공공분양,전국,3,404
2026-07 p),합,공공분양,서울,0
2026-07 p),합,공공분양,인천,1,224
2026-07 p),합,공공분양,경기,2,180
2026-07 p),합,공공분양,전남광주,0
2026-07 p),합,공공분양,부산,0
2026-07 p),합,공공분양,대구,0
2026-07 p),합,공공분양,대전,0
2026-07 p),합,공공분양,울산,0
2026-07 p),합,공공분양,세종,0
2026-07 p),합,공공분양,강원,0
2026-07 p),합,공공분양,충북,0
2026-07 p),합,공공분양,충남,0
2026-07 p),합,공공분양,전북,0
2026-07 p),합,공공분양,경북,0
2026-07 p),합,공공분양,경남,0
2026-07 p),합,공공분양,제주,0
2026-07 p),지자체,소계,전국,92
2026-07 p),지자체,소계,서울,0
2026-07 p),지자체,소계,인천,0
2026-07 p),지자체,소계,경기,0
2026-07 p),지자체,소계,전남광주,32
2026-07 p),지자체,소계,부산,0
2026-07 p),지자체,소계,대구,0
2026-07 p),지자체,소계,대전,0
2026-07 p),지자체,소계,울산,0
2026-07 p),지자체,소계,세종,0
2026-07 p),지자체,소계,강원,0
2026-07 p),지자체,소계,충북,0
2026-07 p),지자체,소계,충남,0
2026-07 p),지자체,소계,전북,0
2026-07 p),지자체,소계,경북,30
2026-07 p),지자체,소계,경남,30
2026-07 p),지자체,소계,제주,0
2026-07 p),지자체,국민임대,전국,0
2026-07 p),지자체,국민임대,서울,0
2026-07 p),지자체,국민임대,인천,0
2026-07 p),지자체,국민임대,경기,0
2026-07 p),지자체,국민임대,전남광주,0
2026-07 p),지자체,국민임대,부산,0
2026-07 p),지자체,국민임대,대구,0
2026-07 p),지자체,국민임대,대전,0
2026-07 p),지자체,국민임대,울산,0
2026-07 p),지자체,국민임대,세종,0
2026-07 p),지자체,국민임대,강원,0
2026-07 p),지자체,국민임대,충북,0
2026-07 p),지자체,국민임대,충남,0
2026-07 p),지자체,국민임대,전북,0
2026-07 p),지자체,국민임대,경북,0
2026-07 p),지자체,국민임대,경남,0
2026-07 p),지자체,국민임대,제주,0
2026-07 p),지자체,공공임대,전국,92
2026-07 p),지자체,공공임대,서울,0
2026-07 p),지자체,공공임대,인천,0
2026-07 p),지자체,공공임대,경기,0
2026-07 p),지자체,공공임대,전남광주,32
2026-07 p),지자체,공공임대,부산,0
2026-07 p),지자체,공공임대,대구,0
2026-07 p),지자체,공공임대,대전,0
2026-07 p),지자체,공공임대,울산,0
2026-07 p),지자체,공공임대,세종,0
2026-07 p),지자체,공공임대,강원,0
2026-07 p),지자체,공공임대,충북,0
2026-07 p),지자체,공공임대,충남,0
2026-07 p),지자체,공공임대,전북,0
2026-07 p),지자체,공공임대,경북,30
2026-07 p),지자체,공공임대,경남,30
2026-07 p),지자체,공공임대,제주,0
2026-07 p),지자체,공공분양,전국,0
2026-07 p),지자체,공공분양,서울,0
2026-07 p),지자체,공공분양,인천,0
2026-07 p),지자체,공공분양,경기,0
2026-07 p),지자체,공공분양,전남광주,0
2026-07 p),지자체,공공분양,부산,0
2026-07 p),지자체,공공분양,대구,0
2026-07 p),지자체,공공분양,대전,0
2026-07 p),지자체,공공분양,울산,0
2026-07 p),지자체,공공분양,세종,0
2026-07 p),지자체,공공분양,강원,0
2026-07 p),지자체,공공분양,충북,0
2026-07 p),지자체,공공분양,충남,0
2026-07 p),지자체,공공분양,전북,0
2026-07 p),지자체,공공분양,경북,0
2026-07 p),지자체,공공분양,경남,0
2026-07 p),지자체,공공분양,제주,0
2026-07 p),LH,소계,전국,1,844
2026-07 p),LH,소계,서울,0
2026-07 p),LH,소계,인천,1,224
2026-07 p),LH,소계,경기,620
2026-07 p),LH,소계,전남광주,0
2026-07 p),LH,소계,부산,0
2026-07 p),LH,소계,대구,0
2026-07 p),LH,소계,대전,0
2026-07 p),LH,소계,울산,0
2026-07 p),LH,소계,세종,0
2026-07 p),LH,소계,강원,0
2026-07 p),LH,소계,충북,0
2026-07 p),LH,소계,충남,0
2026-07 p),LH,소계,전북,0
2026-07 p),LH,소계,경북,0
2026-07 p),LH,소계,경남,0
2026-07 p),LH,소계,제주,0
2026-07 p),LH,국민임대,전국,0
2026-07 p),LH,국민임대,서울,0
2026-07 p),LH,국민임대,인천,0
2026-07 p),LH,국민임대,경기,0
2026-07 p),LH,국민임대,전남광주,0
2026-07 p),LH,국민임대,부산,0
2026-07 p),LH,국민임대,대구,0
2026-07 p),LH,국민임대,대전,0
2026-07 p),LH,국민임대,울산,0
2026-07 p),LH,국민임대,세종,0
2026-07 p),LH,국민임대,강원,0
2026-07 p),LH,국민임대,충북,0
2026-07 p),LH,국민임대,충남,0
2026-07 p),LH,국민임대,전북,0
2026-07 p),LH,국민임대,경북,0
2026-07 p),LH,국민임대,경남,0
2026-07 p),LH,국민임대,제주,0
2026-07 p),LH,공공임대,전국,620
2026-07 p),LH,공공임대,서울,0
2026-07 p),LH,공공임대,인천,0
2026-07 p),LH,공공임대,경기,620
2026-07 p),LH,공공임대,전남광주,0
2026-07 p),LH,공공임대,부산,0
2026-07 p),LH,공공임대,대구,0
2026-07 p),LH,공공임대,대전,0
2026-07 p),LH,공공임대,울산,0
2026-07 p),LH,공공임대,세종,0
2026-07 p),LH,공공임대,강원,0
2026-07 p),LH,공공임대,충북,0
2026-07 p),LH,공공임대,충남,0
2026-07 p),LH,공공임대,전북,0
2026-07 p),LH,공공임대,경북,0
2026-07 p),LH,공공임대,경남,0
2026-07 p),LH,공공임대,제주,0
2026-07 p),LH,공공분양,전국,1,224
2026-07 p),LH,공공분양,서울,0
2026-07 p),LH,공공분양,인천,1,224
2026-07 p),LH,공공분양,경기,0
2026-07 p),LH,공공분양,전남광주,0
2026-07 p),LH,공공분양,부산,0
2026-07 p),LH,공공분양,대구,0
2026-07 p),LH,공공분양,대전,0
2026-07 p),LH,공공분양,울산,0
2026-07 p),LH,공공분양,세종,0
2026-07 p),LH,공공분양,강원,0
2026-07 p),LH,공공분양,충북,0
2026-07 p),LH,공공분양,충남,0
2026-07 p),LH,공공분양,전북,0
2026-07 p),LH,공공분양,경북,0
2026-07 p),LH,공공분양,경남,0
2026-07 p),LH,공공분양,제주,0
2026-07 p),주택업체,소계,전국,3,413
2026-07 p),주택업체,소계,서울,0
2026-07 p),주택업체,소계,인천,0
2026-07 p),주택업체,소계,경기,2,180
2026-07 p),주택업체,소계,전남광주,0
2026-07 p),주택업체,소계,부산,1,233
2026-07 p),주택업체,소계,대구,0
2026-07 p),주택업체,소계,대전,0
2026-07 p),주택업체,소계,울산,0
2026-07 p),주택업체,소계,세종,0
2026-07 p),주택업체,소계,강원,0
2026-07 p),주택업체,소계,충북,0
2026-07 p),주택업체,소계,충남,0
2026-07 p),주택업체,소계,전북,0
2026-07 p),주택업체,소계,경북,0
2026-07 p),주택업체,소계,경남,0
2026-07 p),주택업체,소계,제주,0
2026-07 p),주택업체,국민임대,전국,0
2026-07 p),주택업체,국민임대,서울,0
2026-07 p),주택업체,국민임대,인천,0
2026-07 p),주택업체,국민임대,경기,0
2026-07 p),주택업체,국민임대,전남광주,0
2026-07 p),주택업체,국민임대,부산,0
2026-07 p),주택업체,국민임대,대구,0
2026-07 p),주택업체,국민임대,대전,0
2026-07 p),주택업체,국민임대,울산,0
2026-07 p),주택업체,국민임대,세종,0
2026-07 p),주택업체,국민임대,강원,0
2026-07 p),주택업체,국민임대,충북,0
2026-07 p),주택업체,국민임대,충남,0
2026-07 p),주택업체,국민임대,전북,0
2026-07 p),주택업체,국민임대,경북,0
2026-07 p),주택업체,국민임대,경남,0
2026-07 p),주택업체,국민임대,제주,0
2026-07 p),주택업체,공공임대,전국,1,233
2026-07 p),주택업체,공공임대,서울,0
2026-07 p),주택업체,공공임대,인천,0
2026-07 p),주택업체,공공임대,경기,0
2026-07 p),주택업체,공공임대,전남광주,0
2026-07 p),주택업체,공공임대,부산,1,233
2026-07 p),주택업체,공공임대,대구,0
2026-07 p),주택업체,공공임대,대전,0
2026-07 p),주택업체,공공임대,울산,0
2026-07 p),주택업체,공공임대,세종,0
2026-07 p),주택업체,공공임대,강원,0
2026-07 p),주택업체,공공임대,충북,0
2026-07 p),주택업체,공공임대,충남,0
2026-07 p),주택업체,공공임대,전북,0
2026-07 p),주택업체,공공임대,경북,0
2026-07 p),주택업체,공공임대,경남,0
2026-07 p),주택업체,공공임대,제주,0
2026-07 p),주택업체,공공분양,전국,2,180
2026-07 p),주택업체,공공분양,서울,0
2026-07 p),주택업체,공공분양,인천,0
2026-07 p),주택업체,공공분양,경기,2,180
2026-07 p),주택업체,공공분양,전남광주,0
2026-07 p),주택업체,공공분양,부산,0
2026-07 p),주택업체,공공분양,대구,0
2026-07 p),주택업체,공공분양,대전,0
2026-07 p),주택업체,공공분양,울산,0
2026-07 p),주택업체,공공분양,세종,0
2026-07 p),주택업체,공공분양,강원,0
2026-07 p),주택업체,공공분양,충북,0
2026-07 p),주택업체,공공분양,충남,0
2026-07 p),주택업체,공공분양,전북,0
2026-07 p),주택업체,공공분양,경북,0
2026-07 p),주택업체,공공분양,경남,0
2026-07 p),주택업체,공공분양,제주,0
2026-07 p),민간부문,소계,전국,26,429
2026-07 p),민간부문,소계,서울,5,756
2026-07 p),민간부문,소계,인천,1,586
2026-07 p),민간부문,소계,경기,6,913
2026-07 p),민간부문,소계,전남광주,844
2026-07 p),민간부문,소계,부산,1,244
2026-07 p),민간부문,소계,대구,19
2026-07 p),민간부문,소계,대전,1,757
2026-07 p),민간부문,소계,울산,863
2026-07 p),민간부문,소계,세종,9
2026-07 p),민간부문,소계,강원,2,236
2026-07 p),민간부문,소계,충북,1,430
2026-07 p),민간부문,소계,충남,2,475
2026-07 p),민간부문,소계,전북,390
2026-07 p),민간부문,소계,경북,729
2026-07 p),민간부문,소계,경남,103
2026-07 p),민간부문,소계,제주,75
2026-07 p),민간,민간임대,전국,1,967
2026-07 p),민간,민간임대,서울,1,080
2026-07 p),민간,민간임대,인천,0
2026-07 p),민간,민간임대,경기,510
2026-07 p),민간,민간임대,전남광주,99
2026-07 p),민간,민간임대,부산,0
2026-07 p),민간,민간임대,대구,0
2026-07 p),민간,민간임대,대전,0
2026-07 p),민간,민간임대,울산,0
2026-07 p),민간,민간임대,세종,0
2026-07 p),민간,민간임대,강원,0
2026-07 p),민간,민간임대,충북,0
2026-07 p),민간,민간임대,충남,0
2026-07 p),민간,민간임대,전북,278
2026-07 p),민간,민간임대,경북,0
2026-07 p),민간,민간임대,경남,0
2026-07 p),민간,민간임대,제주,0
2026-07 p),민간,민간분양,전국,24,462
2026-07 p),민간,민간분양,서울,4,676
2026-07 p),민간,민간분양,인천,1,586
2026-07 p),민간,민간분양,경기,6,403
2026-07 p),민간,민간분양,전남광주,745
2026-07 p),민간,민간분양,부산,1,244
2026-07 p),민간,민간분양,대구,19
2026-07 p),민간,민간분양,대전,1,757
2026-07 p),민간,민간분양,울산,863
2026-07 p),민간,민간분양,세종,9
2026-07 p),민간,민간분양,강원,2,236
2026-07 p),민간,민간분양,충북,1,430
2026-07 p),민간,민간분양,충남,2,475
2026-07 p),민간,민간분양,전북,112
2026-07 p),민간,민간분양,경북,729
2026-07 p),민간,민간분양,경남,103
2026-07 p),민간,민간분양,제주,75
2026-08 p),총계,총계,전국,15,151
2026-08 p),총계,총계,서울,4,714
2026-08 p),총계,총계,인천,190
2026-08 p),총계,총계,경기,3,967
2026-08 p),총계,총계,전남광주,1,460
2026-08 p),총계,총계,부산,107
2026-08 p),총계,총계,대구,24
2026-08 p),총계,총계,대전,7
2026-08 p),총계,총계,울산,681
2026-08 p),총계,총계,세종,8
2026-08 p),총계,총계,강원,2,067
2026-08 p),총계,총계,충북,166
2026-08 p),총계,총계,충남,605
2026-08 p),총계,총계,전북,147
2026-08 p),총계,총계,경북,302
2026-08 p),총계,총계,경남,394
2026-08 p),총계,총계,제주,312
2026-08 p),공공부문,소계,전국,346
2026-08 p),공공부문,소계,서울,0
2026-08 p),공공부문,소계,인천,0
2026-08 p),공공부문,소계,경기,227
2026-08 p),공공부문,소계,전남광주,29
2026-08 p),공공부문,소계,부산,0
2026-08 p),공공부문,소계,대구,0
2026-08 p),공공부문,소계,대전,0
2026-08 p),공공부문,소계,울산,0
2026-08 p),공공부문,소계,세종,0
2026-08 p),공공부문,소계,강원,0
2026-08 p),공공부문,소계,충북,0
2026-08 p),공공부문,소계,충남,0
2026-08 p),공공부문,소계,전북,0
2026-08 p),공공부문,소계,경북,90
2026-08 p),공공부문,소계,경남,0
2026-08 p),공공부문,소계,제주,0
2026-08 p),합,국민임대,전국,0
2026-08 p),합,국민임대,서울,0
2026-08 p),합,국민임대,인천,0
2026-08 p),합,국민임대,경기,0
2026-08 p),합,국민임대,전남광주,0
2026-08 p),합,국민임대,부산,0
2026-08 p),합,국민임대,대구,0
2026-08 p),합,국민임대,대전,0
2026-08 p),합,국민임대,울산,0
2026-08 p),합,국민임대,세종,0
2026-08 p),합,국민임대,강원,0
2026-08 p),합,국민임대,충북,0
2026-08 p),합,국민임대,충남,0
2026-08 p),합,국민임대,전북,0
2026-08 p),합,국민임대,경북,0
2026-08 p),합,국민임대,경남,0
2026-08 p),합,국민임대,제주,0
2026-08 p),합,공공임대,전국,346
2026-08 p),합,공공임대,서울,0
2026-08 p),합,공공임대,인천,0
2026-08 p),합,공공임대,경기,227
2026-08 p),합,공공임대,전남광주,29
2026-08 p),합,공공임대,부산,0
2026-08 p),합,공공임대,대구,0
2026-08 p),합,공공임대,대전,0
2026-08 p),합,공공임대,울산,0
2026-08 p),합,공공임대,세종,0
2026-08 p),합,공공임대,강원,0
2026-08 p),합,공공임대,충북,0
2026-08 p),합,공공임대,충남,0
2026-08 p),합,공공임대,전북,0
2026-08 p),합,공공임대,경북,90
2026-08 p),합,공공임대,경남,0
2026-08 p),합,공공임대,제주,0
2026-08 p),합,공공분양,전국,0
2026-08 p),합,공공분양,서울,0
2026-08 p),합,공공분양,인천,0
2026-08 p),합,공공분양,경기,0
2026-08 p),합,공공분양,전남광주,0
2026-08 p),합,공공분양,부산,0
2026-08 p),합,공공분양,대구,0
2026-08 p),합,공공분양,대전,0
2026-08 p),합,공공분양,울산,0
2026-08 p),합,공공분양,세종,0
2026-08 p),합,공공분양,강원,0
2026-08 p),합,공공분양,충북,0
2026-08 p),합,공공분양,충남,0
2026-08 p),합,공공분양,전북,0
2026-08 p),합,공공분양,경북,0
2026-08 p),합,공공분양,경남,0
2026-08 p),합,공공분양,제주,0
2026-08 p),지자체,소계,전국,29
2026-08 p),지자체,소계,서울,0
2026-08 p),지자체,소계,인천,0
2026-08 p),지자체,소계,경기,0
2026-08 p),지자체,소계,전남광주,29
2026-08 p),지자체,소계,부산,0
2026-08 p),지자체,소계,대구,0
2026-08 p),지자체,소계,대전,0
2026-08 p),지자체,소계,울산,0
2026-08 p),지자체,소계,세종,0
2026-08 p),지자체,소계,강원,0
2026-08 p),지자체,소계,충북,0
2026-08 p),지자체,소계,충남,0
2026-08 p),지자체,소계,전북,0
2026-08 p),지자체,소계,경북,0
2026-08 p),지자체,소계,경남,0
2026-08 p),지자체,소계,제주,0
2026-08 p),지자체,국민임대,전국,0
2026-08 p),지자체,국민임대,서울,0
2026-08 p),지자체,국민임대,인천,0
2026-08 p),지자체,국민임대,경기,0
2026-08 p),지자체,국민임대,전남광주,0
2026-08 p),지자체,국민임대,부산,0
2026-08 p),지자체,국민임대,대구,0
2026-08 p),지자체,국민임대,대전,0
2026-08 p),지자체,국민임대,울산,0
2026-08 p),지자체,국민임대,세종,0
2026-08 p),지자체,국민임대,강원,0
2026-08 p),지자체,국민임대,충북,0
2026-08 p),지자체,국민임대,충남,0
2026-08 p),지자체,국민임대,전북,0
2026-08 p),지자체,국민임대,경북,0
2026-08 p),지자체,국민임대,경남,0
2026-08 p),지자체,국민임대,제주,0
2026-08 p),지자체,공공임대,전국,29
2026-08 p),지자체,공공임대,서울,0
2026-08 p),지자체,공공임대,인천,0
2026-08 p),지자체,공공임대,경기,0
2026-08 p),지자체,공공임대,전남광주,29
2026-08 p),지자체,공공임대,부산,0
2026-08 p),지자체,공공임대,대구,0
2026-08 p),지자체,공공임대,대전,0
2026-08 p),지자체,공공임대,울산,0
2026-08 p),지자체,공공임대,세종,0
2026-08 p),지자체,공공임대,강원,0
2026-08 p),지자체,공공임대,충북,0
2026-08 p),지자체,공공임대,충남,0
2026-08 p),지자체,공공임대,전북,0
2026-08 p),지자체,공공임대,경북,0
2026-08 p),지자체,공공임대,경남,0
2026-08 p),지자체,공공임대,제주,0
2026-08 p),지자체,공공분양,전국,0
2026-08 p),지자체,공공분양,서울,0
2026-08 p),지자체,공공분양,인천,0
2026-08 p),지자체,공공분양,경기,0
2026-08 p),지자체,공공분양,전남광주,0
2026-08 p),지자체,공공분양,부산,0
2026-08 p),지자체,공공분양,대구,0
2026-08 p),지자체,공공분양,대전,0
2026-08 p),지자체,공공분양,울산,0
2026-08 p),지자체,공공분양,세종,0
2026-08 p),지자체,공공분양,강원,0
2026-08 p),지자체,공공분양,충북,0
2026-08 p),지자체,공공분양,충남,0
2026-08 p),지자체,공공분양,전북,0
2026-08 p),지자체,공공분양,경북,0
2026-08 p),지자체,공공분양,경남,0
2026-08 p),지자체,공공분양,제주,0
2026-08 p),LH,소계,전국,317
2026-08 p),LH,소계,서울,0
2026-08 p),LH,소계,인천,0
2026-08 p),LH,소계,경기,227
2026-08 p),LH,소계,전남광주,0
2026-08 p),LH,소계,부산,0
2026-08 p),LH,소계,대구,0
2026-08 p),LH,소계,대전,0
2026-08 p),LH,소계,울산,0
2026-08 p),LH,소계,세종,0
2026-08 p),LH,소계,강원,0
2026-08 p),LH,소계,충북,0
2026-08 p),LH,소계,충남,0
2026-08 p),LH,소계,전북,0
2026-08 p),LH,소계,경북,90
2026-08 p),LH,소계,경남,0
2026-08 p),LH,소계,제주,0
2026-08 p),LH,국민임대,전국,0
2026-08 p),LH,국민임대,서울,0
2026-08 p),LH,국민임대,인천,0
2026-08 p),LH,국민임대,경기,0
2026-08 p),LH,국민임대,전남광주,0
2026-08 p),LH,국민임대,부산,0
2026-08 p),LH,국민임대,대구,0
2026-08 p),LH,국민임대,대전,0
2026-08 p),LH,국민임대,울산,0
2026-08 p),LH,국민임대,세종,0
2026-08 p),LH,국민임대,강원,0
2026-08 p),LH,국민임대,충북,0
2026-08 p),LH,국민임대,충남,0
2026-08 p),LH,국민임대,전북,0
2026-08 p),LH,국민임대,경북,0
2026-08 p),LH,국민임대,경남,0
2026-08 p),LH,국민임대,제주,0
2026-08 p),LH,공공임대,전국,317
2026-08 p),LH,공공임대,서울,0
2026-08 p),LH,공공임대,인천,0
2026-08 p),LH,공공임대,경기,227
2026-08 p),LH,공공임대,전남광주,0
2026-08 p),LH,공공임대,부산,0
2026-08 p),LH,공공임대,대구,0
2026-08 p),LH,공공임대,대전,0
2026-08 p),LH,공공임대,울산,0
2026-08 p),LH,공공임대,세종,0
2026-08 p),LH,공공임대,강원,0
2026-08 p),LH,공공임대,충북,0
2026-08 p),LH,공공임대,충남,0
2026-08 p),LH,공공임대,전북,0
2026-08 p),LH,공공임대,경북,90
2026-08 p),LH,공공임대,경남,0
2026-08 p),LH,공공임대,제주,0
2026-08 p),LH,공공분양,전국,0
2026-08 p),LH,공공분양,서울,0
2026-08 p),LH,공공분양,인천,0
2026-08 p),LH,공공분양,경기,0
2026-08 p),LH,공공분양,전남광주,0
2026-08 p),LH,공공분양,부산,0
2026-08 p),LH,공공분양,대구,0
2026-08 p),LH,공공분양,대전,0
2026-08 p),LH,공공분양,울산,0
2026-08 p),LH,공공분양,세종,0
2026-08 p),LH,공공분양,강원,0
2026-08 p),LH,공공분양,충북,0
2026-08 p),LH,공공분양,충남,0
2026-08 p),LH,공공분양,전북,0
2026-08 p),LH,공공분양,경북,0
2026-08 p),LH,공공분양,경남,0
2026-08 p),LH,공공분양,제주,0
2026-08 p),주택업체,소계,전국,0
2026-08 p),주택업체,소계,서울,0
2026-08 p),주택업체,소계,인천,0
2026-08 p),주택업체,소계,경기,0
2026-08 p),주택업체,소계,전남광주,0
2026-08 p),주택업체,소계,부산,0
2026-08 p),주택업체,소계,대구,0
2026-08 p),주택업체,소계,대전,0
2026-08 p),주택업체,소계,울산,0
2026-08 p),주택업체,소계,세종,0
2026-08 p),주택업체,소계,강원,0
2026-08 p),주택업체,소계,충북,0
2026-08 p),주택업체,소계,충남,0
2026-08 p),주택업체,소계,전북,0
2026-08 p),주택업체,소계,경북,0
2026-08 p),주택업체,소계,경남,0
2026-08 p),주택업체,소계,제주,0
2026-08 p),주택업체,국민임대,전국,0
2026-08 p),주택업체,국민임대,서울,0
2026-08 p),주택업체,국민임대,인천,0
2026-08 p),주택업체,국민임대,경기,0
2026-08 p),주택업체,국민임대,전남광주,0
2026-08 p),주택업체,국민임대,부산,0
2026-08 p),주택업체,국민임대,대구,0
2026-08 p),주택업체,국민임대,대전,0
2026-08 p),주택업체,국민임대,울산,0
2026-08 p),주택업체,국민임대,세종,0
2026-08 p),주택업체,국민임대,강원,0
2026-08 p),주택업체,국민임대,충북,0
2026-08 p),주택업체,국민임대,충남,0
2026-08 p),주택업체,국민임대,전북,0
2026-08 p),주택업체,국민임대,경북,0
2026-08 p),주택업체,국민임대,경남,0
2026-08 p),주택업체,국민임대,제주,0
2026-08 p),주택업체,공공임대,전국,0
2026-08 p),주택업체,공공임대,서울,0
2026-08 p),주택업체,공공임대,인천,0
2026-08 p),주택업체,공공임대,경기,0
2026-08 p),주택업체,공공임대,전남광주,0
2026-08 p),주택업체,공공임대,부산,0
2026-08 p),주택업체,공공임대,대구,0
2026-08 p),주택업체,공공임대,대전,0
2026-08 p),주택업체,공공임대,울산,0
2026-08 p),주택업체,공공임대,세종,0
2026-08 p),주택업체,공공임대,강원,0
2026-08 p),주택업체,공공임대,충북,0
2026-08 p),주택업체,공공임대,충남,0
2026-08 p),주택업체,공공임대,전북,0
2026-08 p),주택업체,공공임대,경북,0
2026-08 p),주택업체,공공임대,경남,0
2026-08 p),주택업체,공공임대,제주,0
2026-08 p),주택업체,공공분양,전국,0
2026-08 p),주택업체,공공분양,서울,0
2026-08 p),주택업체,공공분양,인천,0
2026-08 p),주택업체,공공분양,경기,0
2026-08 p),주택업체,공공분양,전남광주,0
2026-08 p),주택업체,공공분양,부산,0
2026-08 p),주택업체,공공분양,대구,0
2026-08 p),주택업체,공공분양,대전,0
2026-08 p),주택업체,공공분양,울산,0
2026-08 p),주택업체,공공분양,세종,0
2026-08 p),주택업체,공공분양,강원,0
2026-08 p),주택업체,공공분양,충북,0
2026-08 p),주택업체,공공분양,충남,0
2026-08 p),주택업체,공공분양,전북,0
2026-08 p),주택업체,공공분양,경북,0
2026-08 p),주택업체,공공분양,경남,0
2026-08 p),주택업체,공공분양,제주,0
2026-08 p),민간부문,소계,전국,14,805
2026-08 p),민간부문,소계,서울,4,714
2026-08 p),민간부문,소계,인천,190
2026-08 p),민간부문,소계,경기,3,740
2026-08 p),민간부문,소계,전남광주,1,431
2026-08 p),민간부문,소계,부산,107
2026-08 p),민간부문,소계,대구,24
2026-08 p),민간부문,소계,대전,7
2026-08 p),민간부문,소계,울산,681
2026-08 p),민간부문,소계,세종,8
2026-08 p),민간부문,소계,강원,2,067
2026-08 p),민간부문,소계,충북,166
2026-08 p),민간부문,소계,충남,605
2026-08 p),민간부문,소계,전북,147
2026-08 p),민간부문,소계,경북,212
2026-08 p),민간부문,소계,경남,394
2026-08 p),민간부문,소계,제주,312
2026-08 p),민간,민간임대,전국,4,472
2026-08 p),민간,민간임대,서울,382
2026-08 p),민간,민간임대,인천,0
2026-08 p),민간,민간임대,경기,2,178
2026-08 p),민간,민간임대,전남광주,578
2026-08 p),민간,민간임대,부산,0
2026-08 p),민간,민간임대,대구,0
2026-08 p),민간,민간임대,대전,0
2026-08 p),민간,민간임대,울산,0
2026-08 p),민간,민간임대,세종,0
2026-08 p),민간,민간임대,강원,1,167
2026-08 p),민간,민간임대,충북,0
2026-08 p),민간,민간임대,충남,0
2026-08 p),민간,민간임대,전북,0
2026-08 p),민간,민간임대,경북,0
2026-08 p),민간,민간임대,경남,0
2026-08 p),민간,민간임대,제주,167
2026-08 p),민간,민간분양,전국,10,333
2026-08 p),민간,민간분양,서울,4,332
2026-08 p),민간,민간분양,인천,190
2026-08 p),민간,민간분양,경기,1,562
2026-08 p),민간,민간분양,전남광주,853
2026-08 p),민간,민간분양,부산,107
2026-08 p),민간,민간분양,대구,24
2026-08 p),민간,민간분양,대전,7
2026-08 p),민간,민간분양,울산,681
2026-08 p),민간,민간분양,세종,8
2026-08 p),민간,민간분양,강원,900
2026-08 p),민간,민간분양,충북,166
2026-08 p),민간,민간분양,충남,605
2026-08 p),민간,민간분양,전북,147
2026-08 p),민간,민간분양,경북,212
2026-08 p),민간,민간분양,경남,394
2026-08 p),민간,민간분양,제주,145