월(Monthly),구  분,부문명,시도별,착공실적
2021-09,총계,총계,전국,47,120
2021-09,총계,총계,서울,5,077
2021-09,총계,총계,인천,1,519
2021-09,총계,총계,경기,17,826
2021-09,총계,총계,부산,2,669
2021-09,총계,총계,대구,2,596
2021-09,총계,총계,광주,114
2021-09,총계,총계,대전,233
2021-09,총계,총계,울산,54
2021-09,총계,총계,세종,60
2021-09,총계,총계,강원,3,599
2021-09,총계,총계,충북,3,263
2021-09,총계,총계,충남,2,226
2021-09,총계,총계,전북,274
2021-09,총계,총계,전남,2,928
2021-09,총계,총계,경북,2,459
2021-09,총계,총계,경남,1,976
2021-09,총계,총계,제주,247
2021-09,공공부문,소계,전국,189
2021-09,공공부문,소계,서울,0
2021-09,공공부문,소계,인천,0
2021-09,공공부문,소계,경기,0
2021-09,공공부문,소계,부산,0
2021-09,공공부문,소계,대구,0
2021-09,공공부문,소계,광주,0
2021-09,공공부문,소계,대전,0
2021-09,공공부문,소계,울산,0
2021-09,공공부문,소계,세종,0
2021-09,공공부문,소계,강원,189
2021-09,공공부문,소계,충북,0
2021-09,공공부문,소계,충남,0
2021-09,공공부문,소계,전북,0
2021-09,공공부문,소계,전남,0
2021-09,공공부문,소계,경북,0
2021-09,공공부문,소계,경남,0
2021-09,공공부문,소계,제주,0
2021-09,합,국민임대,전국,189
2021-09,합,국민임대,서울,0
2021-09,합,국민임대,인천,0
2021-09,합,국민임대,경기,0
2021-09,합,국민임대,부산,0
2021-09,합,국민임대,대구,0
2021-09,합,국민임대,광주,0
2021-09,합,국민임대,대전,0
2021-09,합,국민임대,울산,0
2021-09,합,국민임대,세종,0
2021-09,합,국민임대,강원,189
2021-09,합,국민임대,충북,0
2021-09,합,국민임대,충남,0
2021-09,합,국민임대,전북,0
2021-09,합,국민임대,전남,0
2021-09,합,국민임대,경북,0
2021-09,합,국민임대,경남,0
2021-09,합,국민임대,제주,0
2021-09,합,공공임대,전국,0
2021-09,합,공공임대,서울,0
2021-09,합,공공임대,인천,0
2021-09,합,공공임대,경기,0
2021-09,합,공공임대,부산,0
2021-09,합,공공임대,대구,0
2021-09,합,공공임대,광주,0
2021-09,합,공공임대,대전,0
2021-09,합,공공임대,울산,0
2021-09,합,공공임대,세종,0
2021-09,합,공공임대,강원,0
2021-09,합,공공임대,충북,0
2021-09,합,공공임대,충남,0
2021-09,합,공공임대,전북,0
2021-09,합,공공임대,전남,0
2021-09,합,공공임대,경북,0
2021-09,합,공공임대,경남,0
2021-09,합,공공임대,제주,0
2021-09,합,공공분양,전국,0
2021-09,합,공공분양,서울,0
2021-09,합,공공분양,인천,0
2021-09,합,공공분양,경기,0
2021-09,합,공공분양,부산,0
2021-09,합,공공분양,대구,0
2021-09,합,공공분양,광주,0
2021-09,합,공공분양,대전,0
2021-09,합,공공분양,울산,0
2021-09,합,공공분양,세종,0
2021-09,합,공공분양,강원,0
2021-09,합,공공분양,충북,0
2021-09,합,공공분양,충남,0
2021-09,합,공공분양,전북,0
2021-09,합,공공분양,전남,0
2021-09,합,공공분양,경북,0
2021-09,합,공공분양,경남,0
2021-09,합,공공분양,제주,0
2021-09,지자체,소계,전국,0
2021-09,지자체,소계,서울,0
2021-09,지자체,소계,인천,0
2021-09,지자체,소계,경기,0
2021-09,지자체,소계,부산,0
2021-09,지자체,소계,대구,0
2021-09,지자체,소계,광주,0
2021-09,지자체,소계,대전,0
2021-09,지자체,소계,울산,0
2021-09,지자체,소계,세종,0
2021-09,지자체,소계,강원,0
2021-09,지자체,소계,충북,0
2021-09,지자체,소계,충남,0
2021-09,지자체,소계,전북,0
2021-09,지자체,소계,전남,0
2021-09,지자체,소계,경북,0
2021-09,지자체,소계,경남,0
2021-09,지자체,소계,제주,0
2021-09,지자체,국민임대,전국,0
2021-09,지자체,국민임대,서울,0
2021-09,지자체,국민임대,인천,0
2021-09,지자체,국민임대,경기,0
2021-09,지자체,국민임대,부산,0
2021-09,지자체,국민임대,대구,0
2021-09,지자체,국민임대,광주,0
2021-09,지자체,국민임대,대전,0
2021-09,지자체,국민임대,울산,0
2021-09,지자체,국민임대,세종,0
2021-09,지자체,국민임대,강원,0
2021-09,지자체,국민임대,충북,0
2021-09,지자체,국민임대,충남,0
2021-09,지자체,국민임대,전북,0
2021-09,지자체,국민임대,전남,0
2021-09,지자체,국민임대,경북,0
2021-09,지자체,국민임대,경남,0
2021-09,지자체,국민임대,제주,0
2021-09,지자체,공공임대,전국,0
2021-09,지자체,공공임대,서울,0
2021-09,지자체,공공임대,인천,0
2021-09,지자체,공공임대,경기,0
2021-09,지자체,공공임대,부산,0
2021-09,지자체,공공임대,대구,0
2021-09,지자체,공공임대,광주,0
2021-09,지자체,공공임대,대전,0
2021-09,지자체,공공임대,울산,0
2021-09,지자체,공공임대,세종,0
2021-09,지자체,공공임대,강원,0
2021-09,지자체,공공임대,충북,0
2021-09,지자체,공공임대,충남,0
2021-09,지자체,공공임대,전북,0
2021-09,지자체,공공임대,전남,0
2021-09,지자체,공공임대,경북,0
2021-09,지자체,공공임대,경남,0
2021-09,지자체,공공임대,제주,0
2021-09,지자체,공공분양,전국,0
2021-09,지자체,공공분양,서울,0
2021-09,지자체,공공분양,인천,0
2021-09,지자체,공공분양,경기,0
2021-09,지자체,공공분양,부산,0
2021-09,지자체,공공분양,대구,0
2021-09,지자체,공공분양,광주,0
2021-09,지자체,공공분양,대전,0
2021-09,지자체,공공분양,울산,0
2021-09,지자체,공공분양,세종,0
2021-09,지자체,공공분양,강원,0
2021-09,지자체,공공분양,충북,0
2021-09,지자체,공공분양,충남,0
2021-09,지자체,공공분양,전북,0
2021-09,지자체,공공분양,전남,0
2021-09,지자체,공공분양,경북,0
2021-09,지자체,공공분양,경남,0
2021-09,지자체,공공분양,제주,0
2021-09,LH,소계,전국,189
2021-09,LH,소계,서울,0
2021-09,LH,소계,인천,0
2021-09,LH,소계,경기,0
2021-09,LH,소계,부산,0
2021-09,LH,소계,대구,0
2021-09,LH,소계,광주,0
2021-09,LH,소계,대전,0
2021-09,LH,소계,울산,0
2021-09,LH,소계,세종,0
2021-09,LH,소계,강원,189
2021-09,LH,소계,충북,0
2021-09,LH,소계,충남,0
2021-09,LH,소계,전북,0
2021-09,LH,소계,전남,0
2021-09,LH,소계,경북,0
2021-09,LH,소계,경남,0
2021-09,LH,소계,제주,0
2021-09,LH,국민임대,전국,189
2021-09,LH,국민임대,서울,0
2021-09,LH,국민임대,인천,0
2021-09,LH,국민임대,경기,0
2021-09,LH,국민임대,부산,0
2021-09,LH,국민임대,대구,0
2021-09,LH,국민임대,광주,0
2021-09,LH,국민임대,대전,0
2021-09,LH,국민임대,울산,0
2021-09,LH,국민임대,세종,0
2021-09,LH,국민임대,강원,189
2021-09,LH,국민임대,충북,0
2021-09,LH,국민임대,충남,0
2021-09,LH,국민임대,전북,0
2021-09,LH,국민임대,전남,0
2021-09,LH,국민임대,경북,0
2021-09,LH,국민임대,경남,0
2021-09,LH,국민임대,제주,0
2021-09,LH,공공임대,전국,0
2021-09,LH,공공임대,서울,0
2021-09,LH,공공임대,인천,0
2021-09,LH,공공임대,경기,0
2021-09,LH,공공임대,부산,0
2021-09,LH,공공임대,대구,0
2021-09,LH,공공임대,광주,0
2021-09,LH,공공임대,대전,0
2021-09,LH,공공임대,울산,0
2021-09,LH,공공임대,세종,0
2021-09,LH,공공임대,강원,0
2021-09,LH,공공임대,충북,0
2021-09,LH,공공임대,충남,0
2021-09,LH,공공임대,전북,0
2021-09,LH,공공임대,전남,0
2021-09,LH,공공임대,경북,0
2021-09,LH,공공임대,경남,0
2021-09,LH,공공임대,제주,0
2021-09,LH,공공분양,전국,0
2021-09,LH,공공분양,서울,0
2021-09,LH,공공분양,인천,0
2021-09,LH,공공분양,경기,0
2021-09,LH,공공분양,부산,0
2021-09,LH,공공분양,대구,0
2021-09,LH,공공분양,광주,0
2021-09,LH,공공분양,대전,0
2021-09,LH,공공분양,울산,0
2021-09,LH,공공분양,세종,0
2021-09,LH,공공분양,강원,0
2021-09,LH,공공분양,충북,0
2021-09,LH,공공분양,충남,0
2021-09,LH,공공분양,전북,0
2021-09,LH,공공분양,전남,0
2021-09,LH,공공분양,경북,0
2021-09,LH,공공분양,경남,0
2021-09,LH,공공분양,제주,0
2021-09,주택업체,소계,전국,0
2021-09,주택업체,소계,서울,0
2021-09,주택업체,소계,인천,0
2021-09,주택업체,소계,경기,0
2021-09,주택업체,소계,부산,0
2021-09,주택업체,소계,대구,0
2021-09,주택업체,소계,광주,0
2021-09,주택업체,소계,대전,0
2021-09,주택업체,소계,울산,0
2021-09,주택업체,소계,세종,0
2021-09,주택업체,소계,강원,0
2021-09,주택업체,소계,충북,0
2021-09,주택업체,소계,충남,0
2021-09,주택업체,소계,전북,0
2021-09,주택업체,소계,전남,0
2021-09,주택업체,소계,경북,0
2021-09,주택업체,소계,경남,0
2021-09,주택업체,소계,제주,0
2021-09,주택업체,국민임대,전국,0
2021-09,주택업체,국민임대,서울,0
2021-09,주택업체,국민임대,인천,0
2021-09,주택업체,국민임대,경기,0
2021-09,주택업체,국민임대,부산,0
2021-09,주택업체,국민임대,대구,0
2021-09,주택업체,국민임대,광주,0
2021-09,주택업체,국민임대,대전,0
2021-09,주택업체,국민임대,울산,0
2021-09,주택업체,국민임대,세종,0
2021-09,주택업체,국민임대,강원,0
2021-09,주택업체,국민임대,충북,0
2021-09,주택업체,국민임대,충남,0
2021-09,주택업체,국민임대,전북,0
2021-09,주택업체,국민임대,전남,0
2021-09,주택업체,국민임대,경북,0
2021-09,주택업체,국민임대,경남,0
2021-09,주택업체,국민임대,제주,0
2021-09,주택업체,공공임대,전국,0
2021-09,주택업체,공공임대,서울,0
2021-09,주택업체,공공임대,인천,0
2021-09,주택업체,공공임대,경기,0
2021-09,주택업체,공공임대,부산,0
2021-09,주택업체,공공임대,대구,0
2021-09,주택업체,공공임대,광주,0
2021-09,주택업체,공공임대,대전,0
2021-09,주택업체,공공임대,울산,0
2021-09,주택업체,공공임대,세종,0
2021-09,주택업체,공공임대,강원,0
2021-09,주택업체,공공임대,충북,0
2021-09,주택업체,공공임대,충남,0
2021-09,주택업체,공공임대,전북,0
2021-09,주택업체,공공임대,전남,0
2021-09,주택업체,공공임대,경북,0
2021-09,주택업체,공공임대,경남,0
2021-09,주택업체,공공임대,제주,0
2021-09,주택업체,공공분양,전국,0
2021-09,주택업체,공공분양,서울,0
2021-09,주택업체,공공분양,인천,0
2021-09,주택업체,공공분양,경기,0
2021-09,주택업체,공공분양,부산,0
2021-09,주택업체,공공분양,대구,0
2021-09,주택업체,공공분양,광주,0
2021-09,주택업체,공공분양,대전,0
2021-09,주택업체,공공분양,울산,0
2021-09,주택업체,공공분양,세종,0
2021-09,주택업체,공공분양,강원,0
2021-09,주택업체,공공분양,충북,0
2021-09,주택업체,공공분양,충남,0
2021-09,주택업체,공공분양,전북,0
2021-09,주택업체,공공분양,전남,0
2021-09,주택업체,공공분양,경북,0
2021-09,주택업체,공공분양,경남,0
2021-09,주택업체,공공분양,제주,0
2021-09,민간부문,소계,전국,46,931
2021-09,민간부문,소계,서울,5,077
2021-09,민간부문,소계,인천,1,519
2021-09,민간부문,소계,경기,17,826
2021-09,민간부문,소계,부산,2,669
2021-09,민간부문,소계,대구,2,596
2021-09,민간부문,소계,광주,114
2021-09,민간부문,소계,대전,233
2021-09,민간부문,소계,울산,54
2021-09,민간부문,소계,세종,60
2021-09,민간부문,소계,강원,3,410
2021-09,민간부문,소계,충북,3,263
2021-09,민간부문,소계,충남,2,226
2021-09,민간부문,소계,전북,274
2021-09,민간부문,소계,전남,2,928
2021-09,민간부문,소계,경북,2,459
2021-09,민간부문,소계,경남,1,976
2021-09,민간부문,소계,제주,247
2021-09,민간,민간임대,전국,3,250
2021-09,민간,민간임대,서울,576
2021-09,민간,민간임대,인천,0
2021-09,민간,민간임대,경기,0
2021-09,민간,민간임대,부산,0
2021-09,민간,민간임대,대구,0
2021-09,민간,민간임대,광주,0
2021-09,민간,민간임대,대전,0
2021-09,민간,민간임대,울산,0
2021-09,민간,민간임대,세종,0
2021-09,민간,민간임대,강원,0
2021-09,민간,민간임대,충북,2,603
2021-09,민간,민간임대,충남,0
2021-09,민간,민간임대,전북,0
2021-09,민간,민간임대,전남,71
2021-09,민간,민간임대,경북,0
2021-09,민간,민간임대,경남,0
2021-09,민간,민간임대,제주,0
2021-09,민간,민간분양,전국,43,681
2021-09,민간,민간분양,서울,4,501
2021-09,민간,민간분양,인천,1,519
2021-09,민간,민간분양,경기,17,826
2021-09,민간,민간분양,부산,2,669
2021-09,민간,민간분양,대구,2,596
2021-09,민간,민간분양,광주,114
2021-09,민간,민간분양,대전,233
2021-09,민간,민간분양,울산,54
2021-09,민간,민간분양,세종,60
2021-09,민간,민간분양,강원,3,410
2021-09,민간,민간분양,충북,660
2021-09,민간,민간분양,충남,2,226
2021-09,민간,민간분양,전북,274
2021-09,민간,민간분양,전남,2,857
2021-09,민간,민간분양,경북,2,459
2021-09,민간,민간분양,경남,1,976
2021-09,민간,민간분양,제주,247
2021-10,총계,총계,전국,46,087
2021-10,총계,총계,서울,10,180
2021-10,총계,총계,인천,5,860
2021-10,총계,총계,경기,8,511
2021-10,총계,총계,부산,1,762
2021-10,총계,총계,대구,1,932
2021-10,총계,총계,광주,518
2021-10,총계,총계,대전,593
2021-10,총계,총계,울산,163
2021-10,총계,총계,세종,29
2021-10,총계,총계,강원,1,771
2021-10,총계,총계,충북,352
2021-10,총계,총계,충남,2,182
2021-10,총계,총계,전북,1,010
2021-10,총계,총계,전남,1,494
2021-10,총계,총계,경북,5,664
2021-10,총계,총계,경남,3,682
2021-10,총계,총계,제주,384
2021-10,공공부문,소계,전국,385
2021-10,공공부문,소계,서울,190
2021-10,공공부문,소계,인천,0
2021-10,공공부문,소계,경기,0
2021-10,공공부문,소계,부산,152
2021-10,공공부문,소계,대구,0
2021-10,공공부문,소계,광주,0
2021-10,공공부문,소계,대전,0
2021-10,공공부문,소계,울산,43
2021-10,공공부문,소계,세종,0
2021-10,공공부문,소계,강원,0
2021-10,공공부문,소계,충북,0
2021-10,공공부문,소계,충남,0
2021-10,공공부문,소계,전북,0
2021-10,공공부문,소계,전남,0
2021-10,공공부문,소계,경북,0
2021-10,공공부문,소계,경남,0
2021-10,공공부문,소계,제주,0
2021-10,합,국민임대,전국,94
2021-10,합,국민임대,서울,94
2021-10,합,국민임대,인천,0
2021-10,합,국민임대,경기,0
2021-10,합,국민임대,부산,0
2021-10,합,국민임대,대구,0
2021-10,합,국민임대,광주,0
2021-10,합,국민임대,대전,0
2021-10,합,국민임대,울산,0
2021-10,합,국민임대,세종,0
2021-10,합,국민임대,강원,0
2021-10,합,국민임대,충북,0
2021-10,합,국민임대,충남,0
2021-10,합,국민임대,전북,0
2021-10,합,국민임대,전남,0
2021-10,합,국민임대,경북,0
2021-10,합,국민임대,경남,0
2021-10,합,국민임대,제주,0
2021-10,합,공공임대,전국,291
2021-10,합,공공임대,서울,96
2021-10,합,공공임대,인천,0
2021-10,합,공공임대,경기,0
2021-10,합,공공임대,부산,152
2021-10,합,공공임대,대구,0
2021-10,합,공공임대,광주,0
2021-10,합,공공임대,대전,0
2021-10,합,공공임대,울산,43
2021-10,합,공공임대,세종,0
2021-10,합,공공임대,강원,0
2021-10,합,공공임대,충북,0
2021-10,합,공공임대,충남,0
2021-10,합,공공임대,전북,0
2021-10,합,공공임대,전남,0
2021-10,합,공공임대,경북,0
2021-10,합,공공임대,경남,0
2021-10,합,공공임대,제주,0
2021-10,합,공공분양,전국,0
2021-10,합,공공분양,서울,0
2021-10,합,공공분양,인천,0
2021-10,합,공공분양,경기,0
2021-10,합,공공분양,부산,0
2021-10,합,공공분양,대구,0
2021-10,합,공공분양,광주,0
2021-10,합,공공분양,대전,0
2021-10,합,공공분양,울산,0
2021-10,합,공공분양,세종,0
2021-10,합,공공분양,강원,0
2021-10,합,공공분양,충북,0
2021-10,합,공공분양,충남,0
2021-10,합,공공분양,전북,0
2021-10,합,공공분양,전남,0
2021-10,합,공공분양,경북,0
2021-10,합,공공분양,경남,0
2021-10,합,공공분양,제주,0
2021-10,지자체,소계,전국,0
2021-10,지자체,소계,서울,0
2021-10,지자체,소계,인천,0
2021-10,지자체,소계,경기,0
2021-10,지자체,소계,부산,0
2021-10,지자체,소계,대구,0
2021-10,지자체,소계,광주,0
2021-10,지자체,소계,대전,0
2021-10,지자체,소계,울산,0
2021-10,지자체,소계,세종,0
2021-10,지자체,소계,강원,0
2021-10,지자체,소계,충북,0
2021-10,지자체,소계,충남,0
2021-10,지자체,소계,전북,0
2021-10,지자체,소계,전남,0
2021-10,지자체,소계,경북,0
2021-10,지자체,소계,경남,0
2021-10,지자체,소계,제주,0
2021-10,지자체,국민임대,전국,0
2021-10,지자체,국민임대,서울,0
2021-10,지자체,국민임대,인천,0
2021-10,지자체,국민임대,경기,0
2021-10,지자체,국민임대,부산,0
2021-10,지자체,국민임대,대구,0
2021-10,지자체,국민임대,광주,0
2021-10,지자체,국민임대,대전,0
2021-10,지자체,국민임대,울산,0
2021-10,지자체,국민임대,세종,0
2021-10,지자체,국민임대,강원,0
2021-10,지자체,국민임대,충북,0
2021-10,지자체,국민임대,충남,0
2021-10,지자체,국민임대,전북,0
2021-10,지자체,국민임대,전남,0
2021-10,지자체,국민임대,경북,0
2021-10,지자체,국민임대,경남,0
2021-10,지자체,국민임대,제주,0
2021-10,지자체,공공임대,전국,0
2021-10,지자체,공공임대,서울,0
2021-10,지자체,공공임대,인천,0
2021-10,지자체,공공임대,경기,0
2021-10,지자체,공공임대,부산,0
2021-10,지자체,공공임대,대구,0
2021-10,지자체,공공임대,광주,0
2021-10,지자체,공공임대,대전,0
2021-10,지자체,공공임대,울산,0
2021-10,지자체,공공임대,세종,0
2021-10,지자체,공공임대,강원,0
2021-10,지자체,공공임대,충북,0
2021-10,지자체,공공임대,충남,0
2021-10,지자체,공공임대,전북,0
2021-10,지자체,공공임대,전남,0
2021-10,지자체,공공임대,경북,0
2021-10,지자체,공공임대,경남,0
2021-10,지자체,공공임대,제주,0
2021-10,지자체,공공분양,전국,0
2021-10,지자체,공공분양,서울,0
2021-10,지자체,공공분양,인천,0
2021-10,지자체,공공분양,경기,0
2021-10,지자체,공공분양,부산,0
2021-10,지자체,공공분양,대구,0
2021-10,지자체,공공분양,광주,0
2021-10,지자체,공공분양,대전,0
2021-10,지자체,공공분양,울산,0
2021-10,지자체,공공분양,세종,0
2021-10,지자체,공공분양,강원,0
2021-10,지자체,공공분양,충북,0
2021-10,지자체,공공분양,충남,0
2021-10,지자체,공공분양,전북,0
2021-10,지자체,공공분양,전남,0
2021-10,지자체,공공분양,경북,0
2021-10,지자체,공공분양,경남,0
2021-10,지자체,공공분양,제주,0
2021-10,LH,소계,전국,94
2021-10,LH,소계,서울,94
2021-10,LH,소계,인천,0
2021-10,LH,소계,경기,0
2021-10,LH,소계,부산,0
2021-10,LH,소계,대구,0
2021-10,LH,소계,광주,0
2021-10,LH,소계,대전,0
2021-10,LH,소계,울산,0
2021-10,LH,소계,세종,0
2021-10,LH,소계,강원,0
2021-10,LH,소계,충북,0
2021-10,LH,소계,충남,0
2021-10,LH,소계,전북,0
2021-10,LH,소계,전남,0
2021-10,LH,소계,경북,0
2021-10,LH,소계,경남,0
2021-10,LH,소계,제주,0
2021-10,LH,국민임대,전국,94
2021-10,LH,국민임대,서울,94
2021-10,LH,국민임대,인천,0
2021-10,LH,국민임대,경기,0
2021-10,LH,국민임대,부산,0
2021-10,LH,국민임대,대구,0
2021-10,LH,국민임대,광주,0
2021-10,LH,국민임대,대전,0
2021-10,LH,국민임대,울산,0
2021-10,LH,국민임대,세종,0
2021-10,LH,국민임대,강원,0
2021-10,LH,국민임대,충북,0
2021-10,LH,국민임대,충남,0
2021-10,LH,국민임대,전북,0
2021-10,LH,국민임대,전남,0
2021-10,LH,국민임대,경북,0
2021-10,LH,국민임대,경남,0
2021-10,LH,국민임대,제주,0
2021-10,LH,공공임대,전국,0
2021-10,LH,공공임대,서울,0
2021-10,LH,공공임대,인천,0
2021-10,LH,공공임대,경기,0
2021-10,LH,공공임대,부산,0
2021-10,LH,공공임대,대구,0
2021-10,LH,공공임대,광주,0
2021-10,LH,공공임대,대전,0
2021-10,LH,공공임대,울산,0
2021-10,LH,공공임대,세종,0
2021-10,LH,공공임대,강원,0
2021-10,LH,공공임대,충북,0
2021-10,LH,공공임대,충남,0
2021-10,LH,공공임대,전북,0
2021-10,LH,공공임대,전남,0
2021-10,LH,공공임대,경북,0
2021-10,LH,공공임대,경남,0
2021-10,LH,공공임대,제주,0
2021-10,LH,공공분양,전국,0
2021-10,LH,공공분양,서울,0
2021-10,LH,공공분양,인천,0
2021-10,LH,공공분양,경기,0
2021-10,LH,공공분양,부산,0
2021-10,LH,공공분양,대구,0
2021-10,LH,공공분양,광주,0
2021-10,LH,공공분양,대전,0
2021-10,LH,공공분양,울산,0
2021-10,LH,공공분양,세종,0
2021-10,LH,공공분양,강원,0
2021-10,LH,공공분양,충북,0
2021-10,LH,공공분양,충남,0
2021-10,LH,공공분양,전북,0
2021-10,LH,공공분양,전남,0
2021-10,LH,공공분양,경북,0
2021-10,LH,공공분양,경남,0
2021-10,LH,공공분양,제주,0
2021-10,주택업체,소계,전국,291
2021-10,주택업체,소계,서울,96
2021-10,주택업체,소계,인천,0
2021-10,주택업체,소계,경기,0
2021-10,주택업체,소계,부산,152
2021-10,주택업체,소계,대구,0
2021-10,주택업체,소계,광주,0
2021-10,주택업체,소계,대전,0
2021-10,주택업체,소계,울산,43
2021-10,주택업체,소계,세종,0
2021-10,주택업체,소계,강원,0
2021-10,주택업체,소계,충북,0
2021-10,주택업체,소계,충남,0
2021-10,주택업체,소계,전북,0
2021-10,주택업체,소계,전남,0
2021-10,주택업체,소계,경북,0
2021-10,주택업체,소계,경남,0
2021-10,주택업체,소계,제주,0
2021-10,주택업체,국민임대,전국,0
2021-10,주택업체,국민임대,서울,0
2021-10,주택업체,국민임대,인천,0
2021-10,주택업체,국민임대,경기,0
2021-10,주택업체,국민임대,부산,0
2021-10,주택업체,국민임대,대구,0
2021-10,주택업체,국민임대,광주,0
2021-10,주택업체,국민임대,대전,0
2021-10,주택업체,국민임대,울산,0
2021-10,주택업체,국민임대,세종,0
2021-10,주택업체,국민임대,강원,0
2021-10,주택업체,국민임대,충북,0
2021-10,주택업체,국민임대,충남,0
2021-10,주택업체,국민임대,전북,0
2021-10,주택업체,국민임대,전남,0
2021-10,주택업체,국민임대,경북,0
2021-10,주택업체,국민임대,경남,0
2021-10,주택업체,국민임대,제주,0
2021-10,주택업체,공공임대,전국,291
2021-10,주택업체,공공임대,서울,96
2021-10,주택업체,공공임대,인천,0
2021-10,주택업체,공공임대,경기,0
2021-10,주택업체,공공임대,부산,152
2021-10,주택업체,공공임대,대구,0
2021-10,주택업체,공공임대,광주,0
2021-10,주택업체,공공임대,대전,0
2021-10,주택업체,공공임대,울산,43
2021-10,주택업체,공공임대,세종,0
2021-10,주택업체,공공임대,강원,0
2021-10,주택업체,공공임대,충북,0
2021-10,주택업체,공공임대,충남,0
2021-10,주택업체,공공임대,전북,0
2021-10,주택업체,공공임대,전남,0
2021-10,주택업체,공공임대,경북,0
2021-10,주택업체,공공임대,경남,0
2021-10,주택업체,공공임대,제주,0
2021-10,주택업체,공공분양,전국,0
2021-10,주택업체,공공분양,서울,0
2021-10,주택업체,공공분양,인천,0
2021-10,주택업체,공공분양,경기,0
2021-10,주택업체,공공분양,부산,0
2021-10,주택업체,공공분양,대구,0
2021-10,주택업체,공공분양,광주,0
2021-10,주택업체,공공분양,대전,0
2021-10,주택업체,공공분양,울산,0
2021-10,주택업체,공공분양,세종,0
2021-10,주택업체,공공분양,강원,0
2021-10,주택업체,공공분양,충북,0
2021-10,주택업체,공공분양,충남,0
2021-10,주택업체,공공분양,전북,0
2021-10,주택업체,공공분양,전남,0
2021-10,주택업체,공공분양,경북,0
2021-10,주택업체,공공분양,경남,0
2021-10,주택업체,공공분양,제주,0
2021-10,민간부문,소계,전국,45,702
2021-10,민간부문,소계,서울,9,990
2021-10,민간부문,소계,인천,5,860
2021-10,민간부문,소계,경기,8,511
2021-10,민간부문,소계,부산,1,610
2021-10,민간부문,소계,대구,1,932
2021-10,민간부문,소계,광주,518
2021-10,민간부문,소계,대전,593
2021-10,민간부문,소계,울산,120
2021-10,민간부문,소계,세종,29
2021-10,민간부문,소계,강원,1,771
2021-10,민간부문,소계,충북,352
2021-10,민간부문,소계,충남,2,182
2021-10,민간부문,소계,전북,1,010
2021-10,민간부문,소계,전남,1,494
2021-10,민간부문,소계,경북,5,664
2021-10,민간부문,소계,경남,3,682
2021-10,민간부문,소계,제주,384
2021-10,민간,민간임대,전국,5,062
2021-10,민간,민간임대,서울,2,024
2021-10,민간,민간임대,인천,0
2021-10,민간,민간임대,경기,466
2021-10,민간,민간임대,부산,0
2021-10,민간,민간임대,대구,0
2021-10,민간,민간임대,광주,0
2021-10,민간,민간임대,대전,0
2021-10,민간,민간임대,울산,0
2021-10,민간,민간임대,세종,0
2021-10,민간,민간임대,강원,0
2021-10,민간,민간임대,충북,0
2021-10,민간,민간임대,충남,406
2021-10,민간,민간임대,전북,748
2021-10,민간,민간임대,전남,793
2021-10,민간,민간임대,경북,0
2021-10,민간,민간임대,경남,625
2021-10,민간,민간임대,제주,0
2021-10,민간,민간분양,전국,40,640
2021-10,민간,민간분양,서울,7,966
2021-10,민간,민간분양,인천,5,860
2021-10,민간,민간분양,경기,8,045
2021-10,민간,민간분양,부산,1,610
2021-10,민간,민간분양,대구,1,932
2021-10,민간,민간분양,광주,518
2021-10,민간,민간분양,대전,593
2021-10,민간,민간분양,울산,120
2021-10,민간,민간분양,세종,29
2021-10,민간,민간분양,강원,1,771
2021-10,민간,민간분양,충북,352
2021-10,민간,민간분양,충남,1,776
2021-10,민간,민간분양,전북,262
2021-10,민간,민간분양,전남,701
2021-10,민간,민간분양,경북,5,664
2021-10,민간,민간분양,경남,3,057
2021-10,민간,민간분양,제주,384
2021-11,총계,총계,전국,42,060
2021-11,총계,총계,서울,3,323
2021-11,총계,총계,인천,2,400
2021-11,총계,총계,경기,11,518
2021-11,총계,총계,부산,1,289
2021-11,총계,총계,대구,867
2021-11,총계,총계,광주,547
2021-11,총계,총계,대전,1,682
2021-11,총계,총계,울산,555
2021-11,총계,총계,세종,52
2021-11,총계,총계,강원,1,671
2021-11,총계,총계,충북,295
2021-11,총계,총계,충남,3,604
2021-11,총계,총계,전북,3,901
2021-11,총계,총계,전남,1,834
2021-11,총계,총계,경북,3,976
2021-11,총계,총계,경남,3,872
2021-11,총계,총계,제주,674
2021-11,공공부문,소계,전국,536
2021-11,공공부문,소계,서울,44
2021-11,공공부문,소계,인천,0
2021-11,공공부문,소계,경기,452
2021-11,공공부문,소계,부산,0
2021-11,공공부문,소계,대구,0
2021-11,공공부문,소계,광주,0
2021-11,공공부문,소계,대전,0
2021-11,공공부문,소계,울산,0
2021-11,공공부문,소계,세종,0
2021-11,공공부문,소계,강원,0
2021-11,공공부문,소계,충북,0
2021-11,공공부문,소계,충남,0
2021-11,공공부문,소계,전북,0
2021-11,공공부문,소계,전남,0
2021-11,공공부문,소계,경북,40
2021-11,공공부문,소계,경남,0
2021-11,공공부문,소계,제주,0
2021-11,합,국민임대,전국,0
2021-11,합,국민임대,서울,0
2021-11,합,국민임대,인천,0
2021-11,합,국민임대,경기,0
2021-11,합,국민임대,부산,0
2021-11,합,국민임대,대구,0
2021-11,합,국민임대,광주,0
2021-11,합,국민임대,대전,0
2021-11,합,국민임대,울산,0
2021-11,합,국민임대,세종,0
2021-11,합,국민임대,강원,0
2021-11,합,국민임대,충북,0
2021-11,합,국민임대,충남,0
2021-11,합,국민임대,전북,0
2021-11,합,국민임대,전남,0
2021-11,합,국민임대,경북,0
2021-11,합,국민임대,경남,0
2021-11,합,국민임대,제주,0
2021-11,합,공공임대,전국,536
2021-11,합,공공임대,서울,44
2021-11,합,공공임대,인천,0
2021-11,합,공공임대,경기,452
2021-11,합,공공임대,부산,0
2021-11,합,공공임대,대구,0
2021-11,합,공공임대,광주,0
2021-11,합,공공임대,대전,0
2021-11,합,공공임대,울산,0
2021-11,합,공공임대,세종,0
2021-11,합,공공임대,강원,0
2021-11,합,공공임대,충북,0
2021-11,합,공공임대,충남,0
2021-11,합,공공임대,전북,0
2021-11,합,공공임대,전남,0
2021-11,합,공공임대,경북,40
2021-11,합,공공임대,경남,0
2021-11,합,공공임대,제주,0
2021-11,합,공공분양,전국,0
2021-11,합,공공분양,서울,0
2021-11,합,공공분양,인천,0
2021-11,합,공공분양,경기,0
2021-11,합,공공분양,부산,0
2021-11,합,공공분양,대구,0
2021-11,합,공공분양,광주,0
2021-11,합,공공분양,대전,0
2021-11,합,공공분양,울산,0
2021-11,합,공공분양,세종,0
2021-11,합,공공분양,강원,0
2021-11,합,공공분양,충북,0
2021-11,합,공공분양,충남,0
2021-11,합,공공분양,전북,0
2021-11,합,공공분양,전남,0
2021-11,합,공공분양,경북,0
2021-11,합,공공분양,경남,0
2021-11,합,공공분양,제주,0
2021-11,지자체,소계,전국,0
2021-11,지자체,소계,서울,0
2021-11,지자체,소계,인천,0
2021-11,지자체,소계,경기,0
2021-11,지자체,소계,부산,0
2021-11,지자체,소계,대구,0
2021-11,지자체,소계,광주,0
2021-11,지자체,소계,대전,0
2021-11,지자체,소계,울산,0
2021-11,지자체,소계,세종,0
2021-11,지자체,소계,강원,0
2021-11,지자체,소계,충북,0
2021-11,지자체,소계,충남,0
2021-11,지자체,소계,전북,0
2021-11,지자체,소계,전남,0
2021-11,지자체,소계,경북,0
2021-11,지자체,소계,경남,0
2021-11,지자체,소계,제주,0
2021-11,지자체,국민임대,전국,0
2021-11,지자체,국민임대,서울,0
2021-11,지자체,국민임대,인천,0
2021-11,지자체,국민임대,경기,0
2021-11,지자체,국민임대,부산,0
2021-11,지자체,국민임대,대구,0
2021-11,지자체,국민임대,광주,0
2021-11,지자체,국민임대,대전,0
2021-11,지자체,국민임대,울산,0
2021-11,지자체,국민임대,세종,0
2021-11,지자체,국민임대,강원,0
2021-11,지자체,국민임대,충북,0
2021-11,지자체,국민임대,충남,0
2021-11,지자체,국민임대,전북,0
2021-11,지자체,국민임대,전남,0
2021-11,지자체,국민임대,경북,0
2021-11,지자체,국민임대,경남,0
2021-11,지자체,국민임대,제주,0
2021-11,지자체,공공임대,전국,0
2021-11,지자체,공공임대,서울,0
2021-11,지자체,공공임대,인천,0
2021-11,지자체,공공임대,경기,0
2021-11,지자체,공공임대,부산,0
2021-11,지자체,공공임대,대구,0
2021-11,지자체,공공임대,광주,0
2021-11,지자체,공공임대,대전,0
2021-11,지자체,공공임대,울산,0
2021-11,지자체,공공임대,세종,0
2021-11,지자체,공공임대,강원,0
2021-11,지자체,공공임대,충북,0
2021-11,지자체,공공임대,충남,0
2021-11,지자체,공공임대,전북,0
2021-11,지자체,공공임대,전남,0
2021-11,지자체,공공임대,경북,0
2021-11,지자체,공공임대,경남,0
2021-11,지자체,공공임대,제주,0
2021-11,지자체,공공분양,전국,0
2021-11,지자체,공공분양,서울,0
2021-11,지자체,공공분양,인천,0
2021-11,지자체,공공분양,경기,0
2021-11,지자체,공공분양,부산,0
2021-11,지자체,공공분양,대구,0
2021-11,지자체,공공분양,광주,0
2021-11,지자체,공공분양,대전,0
2021-11,지자체,공공분양,울산,0
2021-11,지자체,공공분양,세종,0
2021-11,지자체,공공분양,강원,0
2021-11,지자체,공공분양,충북,0
2021-11,지자체,공공분양,충남,0
2021-11,지자체,공공분양,전북,0
2021-11,지자체,공공분양,전남,0
2021-11,지자체,공공분양,경북,0
2021-11,지자체,공공분양,경남,0
2021-11,지자체,공공분양,제주,0
2021-11,LH,소계,전국,0
2021-11,LH,소계,서울,0
2021-11,LH,소계,인천,0
2021-11,LH,소계,경기,0
2021-11,LH,소계,부산,0
2021-11,LH,소계,대구,0
2021-11,LH,소계,광주,0
2021-11,LH,소계,대전,0
2021-11,LH,소계,울산,0
2021-11,LH,소계,세종,0
2021-11,LH,소계,강원,0
2021-11,LH,소계,충북,0
2021-11,LH,소계,충남,0
2021-11,LH,소계,전북,0
2021-11,LH,소계,전남,0
2021-11,LH,소계,경북,0
2021-11,LH,소계,경남,0
2021-11,LH,소계,제주,0
2021-11,LH,국민임대,전국,0
2021-11,LH,국민임대,서울,0
2021-11,LH,국민임대,인천,0
2021-11,LH,국민임대,경기,0
2021-11,LH,국민임대,부산,0
2021-11,LH,국민임대,대구,0
2021-11,LH,국민임대,광주,0
2021-11,LH,국민임대,대전,0
2021-11,LH,국민임대,울산,0
2021-11,LH,국민임대,세종,0
2021-11,LH,국민임대,강원,0
2021-11,LH,국민임대,충북,0
2021-11,LH,국민임대,충남,0
2021-11,LH,국민임대,전북,0
2021-11,LH,국민임대,전남,0
2021-11,LH,국민임대,경북,0
2021-11,LH,국민임대,경남,0
2021-11,LH,국민임대,제주,0
2021-11,LH,공공임대,전국,0
2021-11,LH,공공임대,서울,0
2021-11,LH,공공임대,인천,0
2021-11,LH,공공임대,경기,0
2021-11,LH,공공임대,부산,0
2021-11,LH,공공임대,대구,0
2021-11,LH,공공임대,광주,0
2021-11,LH,공공임대,대전,0
2021-11,LH,공공임대,울산,0
2021-11,LH,공공임대,세종,0
2021-11,LH,공공임대,강원,0
2021-11,LH,공공임대,충북,0
2021-11,LH,공공임대,충남,0
2021-11,LH,공공임대,전북,0
2021-11,LH,공공임대,전남,0
2021-11,LH,공공임대,경북,0
2021-11,LH,공공임대,경남,0
2021-11,LH,공공임대,제주,0
2021-11,LH,공공분양,전국,0
2021-11,LH,공공분양,서울,0
2021-11,LH,공공분양,인천,0
2021-11,LH,공공분양,경기,0
2021-11,LH,공공분양,부산,0
2021-11,LH,공공분양,대구,0
2021-11,LH,공공분양,광주,0
2021-11,LH,공공분양,대전,0
2021-11,LH,공공분양,울산,0
2021-11,LH,공공분양,세종,0
2021-11,LH,공공분양,강원,0
2021-11,LH,공공분양,충북,0
2021-11,LH,공공분양,충남,0
2021-11,LH,공공분양,전북,0
2021-11,LH,공공분양,전남,0
2021-11,LH,공공분양,경북,0
2021-11,LH,공공분양,경남,0
2021-11,LH,공공분양,제주,0
2021-11,주택업체,소계,전국,536
2021-11,주택업체,소계,서울,44
2021-11,주택업체,소계,인천,0
2021-11,주택업체,소계,경기,452
2021-11,주택업체,소계,부산,0
2021-11,주택업체,소계,대구,0
2021-11,주택업체,소계,광주,0
2021-11,주택업체,소계,대전,0
2021-11,주택업체,소계,울산,0
2021-11,주택업체,소계,세종,0
2021-11,주택업체,소계,강원,0
2021-11,주택업체,소계,충북,0
2021-11,주택업체,소계,충남,0
2021-11,주택업체,소계,전북,0
2021-11,주택업체,소계,전남,0
2021-11,주택업체,소계,경북,40
2021-11,주택업체,소계,경남,0
2021-11,주택업체,소계,제주,0
2021-11,주택업체,국민임대,전국,0
2021-11,주택업체,국민임대,서울,0
2021-11,주택업체,국민임대,인천,0
2021-11,주택업체,국민임대,경기,0
2021-11,주택업체,국민임대,부산,0
2021-11,주택업체,국민임대,대구,0
2021-11,주택업체,국민임대,광주,0
2021-11,주택업체,국민임대,대전,0
2021-11,주택업체,국민임대,울산,0
2021-11,주택업체,국민임대,세종,0
2021-11,주택업체,국민임대,강원,0
2021-11,주택업체,국민임대,충북,0
2021-11,주택업체,국민임대,충남,0
2021-11,주택업체,국민임대,전북,0
2021-11,주택업체,국민임대,전남,0
2021-11,주택업체,국민임대,경북,0
2021-11,주택업체,국민임대,경남,0
2021-11,주택업체,국민임대,제주,0
2021-11,주택업체,공공임대,전국,536
2021-11,주택업체,공공임대,서울,44
2021-11,주택업체,공공임대,인천,0
2021-11,주택업체,공공임대,경기,452
2021-11,주택업체,공공임대,부산,0
2021-11,주택업체,공공임대,대구,0
2021-11,주택업체,공공임대,광주,0
2021-11,주택업체,공공임대,대전,0
2021-11,주택업체,공공임대,울산,0
2021-11,주택업체,공공임대,세종,0
2021-11,주택업체,공공임대,강원,0
2021-11,주택업체,공공임대,충북,0
2021-11,주택업체,공공임대,충남,0
2021-11,주택업체,공공임대,전북,0
2021-11,주택업체,공공임대,전남,0
2021-11,주택업체,공공임대,경북,40
2021-11,주택업체,공공임대,경남,0
2021-11,주택업체,공공임대,제주,0
2021-11,주택업체,공공분양,전국,0
2021-11,주택업체,공공분양,서울,0
2021-11,주택업체,공공분양,인천,0
2021-11,주택업체,공공분양,경기,0
2021-11,주택업체,공공분양,부산,0
2021-11,주택업체,공공분양,대구,0
2021-11,주택업체,공공분양,광주,0
2021-11,주택업체,공공분양,대전,0
2021-11,주택업체,공공분양,울산,0
2021-11,주택업체,공공분양,세종,0
2021-11,주택업체,공공분양,강원,0
2021-11,주택업체,공공분양,충북,0
2021-11,주택업체,공공분양,충남,0
2021-11,주택업체,공공분양,전북,0
2021-11,주택업체,공공분양,전남,0
2021-11,주택업체,공공분양,경북,0
2021-11,주택업체,공공분양,경남,0
2021-11,주택업체,공공분양,제주,0
2021-11,민간부문,소계,전국,41,524
2021-11,민간부문,소계,서울,3,279
2021-11,민간부문,소계,인천,2,400
2021-11,민간부문,소계,경기,11,066
2021-11,민간부문,소계,부산,1,289
2021-11,민간부문,소계,대구,867
2021-11,민간부문,소계,광주,547
2021-11,민간부문,소계,대전,1,682
2021-11,민간부문,소계,울산,555
2021-11,민간부문,소계,세종,52
2021-11,민간부문,소계,강원,1,671
2021-11,민간부문,소계,충북,295
2021-11,민간부문,소계,충남,3,604
2021-11,민간부문,소계,전북,3,901
2021-11,민간부문,소계,전남,1,834
2021-11,민간부문,소계,경북,3,936
2021-11,민간부문,소계,경남,3,872
2021-11,민간부문,소계,제주,674
2021-11,민간,민간임대,전국,2,232
2021-11,민간,민간임대,서울,0
2021-11,민간,민간임대,인천,0
2021-11,민간,민간임대,경기,585
2021-11,민간,민간임대,부산,750
2021-11,민간,민간임대,대구,0
2021-11,민간,민간임대,광주,0
2021-11,민간,민간임대,대전,0
2021-11,민간,민간임대,울산,0
2021-11,민간,민간임대,세종,0
2021-11,민간,민간임대,강원,784
2021-11,민간,민간임대,충북,0
2021-11,민간,민간임대,충남,0
2021-11,민간,민간임대,전북,0
2021-11,민간,민간임대,전남,113
2021-11,민간,민간임대,경북,0
2021-11,민간,민간임대,경남,0
2021-11,민간,민간임대,제주,0
2021-11,민간,민간분양,전국,39,292
2021-11,민간,민간분양,서울,3,279
2021-11,민간,민간분양,인천,2,400
2021-11,민간,민간분양,경기,10,481
2021-11,민간,민간분양,부산,539
2021-11,민간,민간분양,대구,867
2021-11,민간,민간분양,광주,547
2021-11,민간,민간분양,대전,1,682
2021-11,민간,민간분양,울산,555
2021-11,민간,민간분양,세종,52
2021-11,민간,민간분양,강원,887
2021-11,민간,민간분양,충북,295
2021-11,민간,민간분양,충남,3,604
2021-11,민간,민간분양,전북,3,901
2021-11,민간,민간분양,전남,1,721
2021-11,민간,민간분양,경북,3,936
2021-11,민간,민간분양,경남,3,872
2021-11,민간,민간분양,제주,674
2021-12,총계,총계,전국,91,389
2021-12,총계,총계,서울,8,115
2021-12,총계,총계,인천,8,477
2021-12,총계,총계,경기,32,670
2021-12,총계,총계,부산,613
2021-12,총계,총계,대구,1,816
2021-12,총계,총계,광주,1,999
2021-12,총계,총계,대전,6,365
2021-12,총계,총계,울산,439
2021-12,총계,총계,세종,678
2021-12,총계,총계,강원,1,587
2021-12,총계,총계,충북,6,517
2021-12,총계,총계,충남,3,699
2021-12,총계,총계,전북,3,463
2021-12,총계,총계,전남,5,490
2021-12,총계,총계,경북,5,575
2021-12,총계,총계,경남,2,414
2021-12,총계,총계,제주,1,472
2021-12,공공부문,소계,전국,26,380
2021-12,공공부문,소계,서울,151
2021-12,공공부문,소계,인천,5,620
2021-12,공공부문,소계,경기,13,913
2021-12,공공부문,소계,부산,0
2021-12,공공부문,소계,대구,0
2021-12,공공부문,소계,광주,1,887
2021-12,공공부문,소계,대전,237
2021-12,공공부문,소계,울산,0
2021-12,공공부문,소계,세종,0
2021-12,공공부문,소계,강원,606
2021-12,공공부문,소계,충북,1,113
2021-12,공공부문,소계,충남,1,696
2021-12,공공부문,소계,전북,0
2021-12,공공부문,소계,전남,100
2021-12,공공부문,소계,경북,90
2021-12,공공부문,소계,경남,967
2021-12,공공부문,소계,제주,0
2021-12,합,국민임대,전국,2,027
2021-12,합,국민임대,서울,1
2021-12,합,국민임대,인천,593
2021-12,합,국민임대,경기,806
2021-12,합,국민임대,부산,0
2021-12,합,국민임대,대구,0
2021-12,합,국민임대,광주,447
2021-12,합,국민임대,대전,0
2021-12,합,국민임대,울산,0
2021-12,합,국민임대,세종,0
2021-12,합,국민임대,강원,0
2021-12,합,국민임대,충북,0
2021-12,합,국민임대,충남,100
2021-12,합,국민임대,전북,0
2021-12,합,국민임대,전남,80
2021-12,합,국민임대,경북,0
2021-12,합,국민임대,경남,0
2021-12,합,국민임대,제주,0
2021-12,합,공공임대,전국,10,014
2021-12,합,공공임대,서울,150
2021-12,합,공공임대,인천,1,345
2021-12,합,공공임대,경기,6,063
2021-12,합,공공임대,부산,0
2021-12,합,공공임대,대구,0
2021-12,합,공공임대,광주,690
2021-12,합,공공임대,대전,237
2021-12,합,공공임대,울산,0
2021-12,합,공공임대,세종,0
2021-12,합,공공임대,강원,202
2021-12,합,공공임대,충북,200
2021-12,합,공공임대,충남,50
2021-12,합,공공임대,전북,0
2021-12,합,공공임대,전남,20
2021-12,합,공공임대,경북,90
2021-12,합,공공임대,경남,967
2021-12,합,공공임대,제주,0
2021-12,합,공공분양,전국,14,339
2021-12,합,공공분양,서울,0
2021-12,합,공공분양,인천,3,682
2021-12,합,공공분양,경기,7,044
2021-12,합,공공분양,부산,0
2021-12,합,공공분양,대구,0
2021-12,합,공공분양,광주,750
2021-12,합,공공분양,대전,0
2021-12,합,공공분양,울산,0
2021-12,합,공공분양,세종,0
2021-12,합,공공분양,강원,404
2021-12,합,공공분양,충북,913
2021-12,합,공공분양,충남,1,546
2021-12,합,공공분양,전북,0
2021-12,합,공공분양,전남,0
2021-12,합,공공분양,경북,0
2021-12,합,공공분양,경남,0
2021-12,합,공공분양,제주,0
2021-12,지자체,소계,전국,2,330
2021-12,지자체,소계,서울,1
2021-12,지자체,소계,인천,0
2021-12,지자체,소계,경기,2,329
2021-12,지자체,소계,부산,0
2021-12,지자체,소계,대구,0
2021-12,지자체,소계,광주,0
2021-12,지자체,소계,대전,0
2021-12,지자체,소계,울산,0
2021-12,지자체,소계,세종,0
2021-12,지자체,소계,강원,0
2021-12,지자체,소계,충북,0
2021-12,지자체,소계,충남,0
2021-12,지자체,소계,전북,0
2021-12,지자체,소계,전남,0
2021-12,지자체,소계,경북,0
2021-12,지자체,소계,경남,0
2021-12,지자체,소계,제주,0
2021-12,지자체,국민임대,전국,0
2021-12,지자체,국민임대,서울,0
2021-12,지자체,국민임대,인천,0
2021-12,지자체,국민임대,경기,0
2021-12,지자체,국민임대,부산,0
2021-12,지자체,국민임대,대구,0
2021-12,지자체,국민임대,광주,0
2021-12,지자체,국민임대,대전,0
2021-12,지자체,국민임대,울산,0
2021-12,지자체,국민임대,세종,0
2021-12,지자체,국민임대,강원,0
2021-12,지자체,국민임대,충북,0
2021-12,지자체,국민임대,충남,0
2021-12,지자체,국민임대,전북,0
2021-12,지자체,국민임대,전남,0
2021-12,지자체,국민임대,경북,0
2021-12,지자체,국민임대,경남,0
2021-12,지자체,국민임대,제주,0
2021-12,지자체,공공임대,전국,92
2021-12,지자체,공공임대,서울,1
2021-12,지자체,공공임대,인천,0
2021-12,지자체,공공임대,경기,91
2021-12,지자체,공공임대,부산,0
2021-12,지자체,공공임대,대구,0
2021-12,지자체,공공임대,광주,0
2021-12,지자체,공공임대,대전,0
2021-12,지자체,공공임대,울산,0
2021-12,지자체,공공임대,세종,0
2021-12,지자체,공공임대,강원,0
2021-12,지자체,공공임대,충북,0
2021-12,지자체,공공임대,충남,0
2021-12,지자체,공공임대,전북,0
2021-12,지자체,공공임대,전남,0
2021-12,지자체,공공임대,경북,0
2021-12,지자체,공공임대,경남,0
2021-12,지자체,공공임대,제주,0
2021-12,지자체,공공분양,전국,2,238
2021-12,지자체,공공분양,서울,0
2021-12,지자체,공공분양,인천,0
2021-12,지자체,공공분양,경기,2,238
2021-12,지자체,공공분양,부산,0
2021-12,지자체,공공분양,대구,0
2021-12,지자체,공공분양,광주,0
2021-12,지자체,공공분양,대전,0
2021-12,지자체,공공분양,울산,0
2021-12,지자체,공공분양,세종,0
2021-12,지자체,공공분양,강원,0
2021-12,지자체,공공분양,충북,0
2021-12,지자체,공공분양,충남,0
2021-12,지자체,공공분양,전북,0
2021-12,지자체,공공분양,전남,0
2021-12,지자체,공공분양,경북,0
2021-12,지자체,공공분양,경남,0
2021-12,지자체,공공분양,제주,0
2021-12,LH,소계,전국,22,713
2021-12,LH,소계,서울,0
2021-12,LH,소계,인천,5,620
2021-12,LH,소계,경기,11,584
2021-12,LH,소계,부산,0
2021-12,LH,소계,대구,0
2021-12,LH,소계,광주,1,840
2021-12,LH,소계,대전,0
2021-12,LH,소계,울산,0
2021-12,LH,소계,세종,0
2021-12,LH,소계,강원,606
2021-12,LH,소계,충북,1,113
2021-12,LH,소계,충남,1,696
2021-12,LH,소계,전북,0
2021-12,LH,소계,전남,100
2021-12,LH,소계,경북,90
2021-12,LH,소계,경남,64
2021-12,LH,소계,제주,0
2021-12,LH,국민임대,전국,2,026
2021-12,LH,국민임대,서울,0
2021-12,LH,국민임대,인천,593
2021-12,LH,국민임대,경기,806
2021-12,LH,국민임대,부산,0
2021-12,LH,국민임대,대구,0
2021-12,LH,국민임대,광주,447
2021-12,LH,국민임대,대전,0
2021-12,LH,국민임대,울산,0
2021-12,LH,국민임대,세종,0
2021-12,LH,국민임대,강원,0
2021-12,LH,국민임대,충북,0
2021-12,LH,국민임대,충남,100
2021-12,LH,국민임대,전북,0
2021-12,LH,국민임대,전남,80
2021-12,LH,국민임대,경북,0
2021-12,LH,국민임대,경남,0
2021-12,LH,국민임대,제주,0
2021-12,LH,공공임대,전국,8,586
2021-12,LH,공공임대,서울,0
2021-12,LH,공공임대,인천,1,345
2021-12,LH,공공임대,경기,5,972
2021-12,LH,공공임대,부산,0
2021-12,LH,공공임대,대구,0
2021-12,LH,공공임대,광주,643
2021-12,LH,공공임대,대전,0
2021-12,LH,공공임대,울산,0
2021-12,LH,공공임대,세종,0
2021-12,LH,공공임대,강원,202
2021-12,LH,공공임대,충북,200
2021-12,LH,공공임대,충남,50
2021-12,LH,공공임대,전북,0
2021-12,LH,공공임대,전남,20
2021-12,LH,공공임대,경북,90
2021-12,LH,공공임대,경남,64
2021-12,LH,공공임대,제주,0
2021-12,LH,공공분양,전국,12,101
2021-12,LH,공공분양,서울,0
2021-12,LH,공공분양,인천,3,682
2021-12,LH,공공분양,경기,4,806
2021-12,LH,공공분양,부산,0
2021-12,LH,공공분양,대구,0
2021-12,LH,공공분양,광주,750
2021-12,LH,공공분양,대전,0
2021-12,LH,공공분양,울산,0
2021-12,LH,공공분양,세종,0
2021-12,LH,공공분양,강원,404
2021-12,LH,공공분양,충북,913
2021-12,LH,공공분양,충남,1,546
2021-12,LH,공공분양,전북,0
2021-12,LH,공공분양,전남,0
2021-12,LH,공공분양,경북,0
2021-12,LH,공공분양,경남,0
2021-12,LH,공공분양,제주,0
2021-12,주택업체,소계,전국,1,337
2021-12,주택업체,소계,서울,150
2021-12,주택업체,소계,인천,0
2021-12,주택업체,소계,경기,0
2021-12,주택업체,소계,부산,0
2021-12,주택업체,소계,대구,0
2021-12,주택업체,소계,광주,47
2021-12,주택업체,소계,대전,237
2021-12,주택업체,소계,울산,0
2021-12,주택업체,소계,세종,0
2021-12,주택업체,소계,강원,0
2021-12,주택업체,소계,충북,0
2021-12,주택업체,소계,충남,0
2021-12,주택업체,소계,전북,0
2021-12,주택업체,소계,전남,0
2021-12,주택업체,소계,경북,0
2021-12,주택업체,소계,경남,903
2021-12,주택업체,소계,제주,0
2021-12,주택업체,국민임대,전국,1
2021-12,주택업체,국민임대,서울,1
2021-12,주택업체,국민임대,인천,0
2021-12,주택업체,국민임대,경기,0
2021-12,주택업체,국민임대,부산,0
2021-12,주택업체,국민임대,대구,0
2021-12,주택업체,국민임대,광주,0
2021-12,주택업체,국민임대,대전,0
2021-12,주택업체,국민임대,울산,0
2021-12,주택업체,국민임대,세종,0
2021-12,주택업체,국민임대,강원,0
2021-12,주택업체,국민임대,충북,0
2021-12,주택업체,국민임대,충남,0
2021-12,주택업체,국민임대,전북,0
2021-12,주택업체,국민임대,전남,0
2021-12,주택업체,국민임대,경북,0
2021-12,주택업체,국민임대,경남,0
2021-12,주택업체,국민임대,제주,0
2021-12,주택업체,공공임대,전국,1,336
2021-12,주택업체,공공임대,서울,149
2021-12,주택업체,공공임대,인천,0
2021-12,주택업체,공공임대,경기,0
2021-12,주택업체,공공임대,부산,0
2021-12,주택업체,공공임대,대구,0
2021-12,주택업체,공공임대,광주,47
2021-12,주택업체,공공임대,대전,237
2021-12,주택업체,공공임대,울산,0
2021-12,주택업체,공공임대,세종,0
2021-12,주택업체,공공임대,강원,0
2021-12,주택업체,공공임대,충북,0
2021-12,주택업체,공공임대,충남,0
2021-12,주택업체,공공임대,전북,0
2021-12,주택업체,공공임대,전남,0
2021-12,주택업체,공공임대,경북,0
2021-12,주택업체,공공임대,경남,903
2021-12,주택업체,공공임대,제주,0
2021-12,주택업체,공공분양,전국,0
2021-12,주택업체,공공분양,서울,0
2021-12,주택업체,공공분양,인천,0
2021-12,주택업체,공공분양,경기,0
2021-12,주택업체,공공분양,부산,0
2021-12,주택업체,공공분양,대구,0
2021-12,주택업체,공공분양,광주,0
2021-12,주택업체,공공분양,대전,0
2021-12,주택업체,공공분양,울산,0
2021-12,주택업체,공공분양,세종,0
2021-12,주택업체,공공분양,강원,0
2021-12,주택업체,공공분양,충북,0
2021-12,주택업체,공공분양,충남,0
2021-12,주택업체,공공분양,전북,0
2021-12,주택업체,공공분양,전남,0
2021-12,주택업체,공공분양,경북,0
2021-12,주택업체,공공분양,경남,0
2021-12,주택업체,공공분양,제주,0
2021-12,민간부문,소계,전국,65,009
2021-12,민간부문,소계,서울,7,964
2021-12,민간부문,소계,인천,2,857
2021-12,민간부문,소계,경기,18,757
2021-12,민간부문,소계,부산,613
2021-12,민간부문,소계,대구,1,816
2021-12,민간부문,소계,광주,112
2021-12,민간부문,소계,대전,6,128
2021-12,민간부문,소계,울산,439
2021-12,민간부문,소계,세종,678
2021-12,민간부문,소계,강원,981
2021-12,민간부문,소계,충북,5,404
2021-12,민간부문,소계,충남,2,003
2021-12,민간부문,소계,전북,3,463
2021-12,민간부문,소계,전남,5,390
2021-12,민간부문,소계,경북,5,485
2021-12,민간부문,소계,경남,1,447
2021-12,민간부문,소계,제주,1,472
2021-12,민간,민간임대,전국,4,340
2021-12,민간,민간임대,서울,0
2021-12,민간,민간임대,인천,0
2021-12,민간,민간임대,경기,560
2021-12,민간,민간임대,부산,0
2021-12,민간,민간임대,대구,0
2021-12,민간,민간임대,광주,0
2021-12,민간,민간임대,대전,65
2021-12,민간,민간임대,울산,0
2021-12,민간,민간임대,세종,0
2021-12,민간,민간임대,강원,0
2021-12,민간,민간임대,충북,0
2021-12,민간,민간임대,충남,0
2021-12,민간,민간임대,전북,1,090
2021-12,민간,민간임대,전남,2,017
2021-12,민간,민간임대,경북,0
2021-12,민간,민간임대,경남,608
2021-12,민간,민간임대,제주,0
2021-12,민간,민간분양,전국,60,669
2021-12,민간,민간분양,서울,7,964
2021-12,민간,민간분양,인천,2,857
2021-12,민간,민간분양,경기,18,197
2021-12,민간,민간분양,부산,613
2021-12,민간,민간분양,대구,1,816
2021-12,민간,민간분양,광주,112
2021-12,민간,민간분양,대전,6,063
2021-12,민간,민간분양,울산,439
2021-12,민간,민간분양,세종,678
2021-12,민간,민간분양,강원,981
2021-12,민간,민간분양,충북,5,404
2021-12,민간,민간분양,충남,2,003
2021-12,민간,민간분양,전북,2,373
2021-12,민간,민간분양,전남,3,373
2021-12,민간,민간분양,경북,5,485
2021-12,민간,민간분양,경남,839
2021-12,민간,민간분양,제주,1,472
2022-01,총계,총계,전국,22,563
2022-01,총계,총계,서울,6,727
2022-01,총계,총계,인천,1,625
2022-01,총계,총계,경기,5,426
2022-01,총계,총계,부산,642
2022-01,총계,총계,대구,1,761
2022-01,총계,총계,광주,1,058
2022-01,총계,총계,대전,331
2022-01,총계,총계,울산,881
2022-01,총계,총계,세종,12
2022-01,총계,총계,강원,139
2022-01,총계,총계,충북,182
2022-01,총계,총계,충남,431
2022-01,총계,총계,전북,111
2022-01,총계,총계,전남,970
2022-01,총계,총계,경북,526
2022-01,총계,총계,경남,1,289
2022-01,총계,총계,제주,452
2022-01,공공부문,소계,전국,248
2022-01,공공부문,소계,서울,0
2022-01,공공부문,소계,인천,0
2022-01,공공부문,소계,경기,248
2022-01,공공부문,소계,부산,0
2022-01,공공부문,소계,대구,0
2022-01,공공부문,소계,광주,0
2022-01,공공부문,소계,대전,0
2022-01,공공부문,소계,울산,0
2022-01,공공부문,소계,세종,0
2022-01,공공부문,소계,강원,0
2022-01,공공부문,소계,충북,0
2022-01,공공부문,소계,충남,0
2022-01,공공부문,소계,전북,0
2022-01,공공부문,소계,전남,0
2022-01,공공부문,소계,경북,0
2022-01,공공부문,소계,경남,0
2022-01,공공부문,소계,제주,0
2022-01,합,국민임대,전국,0
2022-01,합,국민임대,서울,0
2022-01,합,국민임대,인천,0
2022-01,합,국민임대,경기,0
2022-01,합,국민임대,부산,0
2022-01,합,국민임대,대구,0
2022-01,합,국민임대,광주,0
2022-01,합,국민임대,대전,0
2022-01,합,국민임대,울산,0
2022-01,합,국민임대,세종,0
2022-01,합,국민임대,강원,0
2022-01,합,국민임대,충북,0
2022-01,합,국민임대,충남,0
2022-01,합,국민임대,전북,0
2022-01,합,국민임대,전남,0
2022-01,합,국민임대,경북,0
2022-01,합,국민임대,경남,0
2022-01,합,국민임대,제주,0
2022-01,합,공공임대,전국,248
2022-01,합,공공임대,서울,0
2022-01,합,공공임대,인천,0
2022-01,합,공공임대,경기,248
2022-01,합,공공임대,부산,0
2022-01,합,공공임대,대구,0
2022-01,합,공공임대,광주,0
2022-01,합,공공임대,대전,0
2022-01,합,공공임대,울산,0
2022-01,합,공공임대,세종,0
2022-01,합,공공임대,강원,0
2022-01,합,공공임대,충북,0
2022-01,합,공공임대,충남,0
2022-01,합,공공임대,전북,0
2022-01,합,공공임대,전남,0
2022-01,합,공공임대,경북,0
2022-01,합,공공임대,경남,0
2022-01,합,공공임대,제주,0
2022-01,합,공공분양,전국,0
2022-01,합,공공분양,서울,0
2022-01,합,공공분양,인천,0
2022-01,합,공공분양,경기,0
2022-01,합,공공분양,부산,0
2022-01,합,공공분양,대구,0
2022-01,합,공공분양,광주,0
2022-01,합,공공분양,대전,0
2022-01,합,공공분양,울산,0
2022-01,합,공공분양,세종,0
2022-01,합,공공분양,강원,0
2022-01,합,공공분양,충북,0
2022-01,합,공공분양,충남,0
2022-01,합,공공분양,전북,0
2022-01,합,공공분양,전남,0
2022-01,합,공공분양,경북,0
2022-01,합,공공분양,경남,0
2022-01,합,공공분양,제주,0
2022-01,지자체,소계,전국,0
2022-01,지자체,소계,서울,0
2022-01,지자체,소계,인천,0
2022-01,지자체,소계,경기,0
2022-01,지자체,소계,부산,0
2022-01,지자체,소계,대구,0
2022-01,지자체,소계,광주,0
2022-01,지자체,소계,대전,0
2022-01,지자체,소계,울산,0
2022-01,지자체,소계,세종,0
2022-01,지자체,소계,강원,0
2022-01,지자체,소계,충북,0
2022-01,지자체,소계,충남,0
2022-01,지자체,소계,전북,0
2022-01,지자체,소계,전남,0
2022-01,지자체,소계,경북,0
2022-01,지자체,소계,경남,0
2022-01,지자체,소계,제주,0
2022-01,지자체,국민임대,전국,0
2022-01,지자체,국민임대,서울,0
2022-01,지자체,국민임대,인천,0
2022-01,지자체,국민임대,경기,0
2022-01,지자체,국민임대,부산,0
2022-01,지자체,국민임대,대구,0
2022-01,지자체,국민임대,광주,0
2022-01,지자체,국민임대,대전,0
2022-01,지자체,국민임대,울산,0
2022-01,지자체,국민임대,세종,0
2022-01,지자체,국민임대,강원,0
2022-01,지자체,국민임대,충북,0
2022-01,지자체,국민임대,충남,0
2022-01,지자체,국민임대,전북,0
2022-01,지자체,국민임대,전남,0
2022-01,지자체,국민임대,경북,0
2022-01,지자체,국민임대,경남,0
2022-01,지자체,국민임대,제주,0
2022-01,지자체,공공임대,전국,0
2022-01,지자체,공공임대,서울,0
2022-01,지자체,공공임대,인천,0
2022-01,지자체,공공임대,경기,0
2022-01,지자체,공공임대,부산,0
2022-01,지자체,공공임대,대구,0
2022-01,지자체,공공임대,광주,0
2022-01,지자체,공공임대,대전,0
2022-01,지자체,공공임대,울산,0
2022-01,지자체,공공임대,세종,0
2022-01,지자체,공공임대,강원,0
2022-01,지자체,공공임대,충북,0
2022-01,지자체,공공임대,충남,0
2022-01,지자체,공공임대,전북,0
2022-01,지자체,공공임대,전남,0
2022-01,지자체,공공임대,경북,0
2022-01,지자체,공공임대,경남,0
2022-01,지자체,공공임대,제주,0
2022-01,지자체,공공분양,전국,0
2022-01,지자체,공공분양,서울,0
2022-01,지자체,공공분양,인천,0
2022-01,지자체,공공분양,경기,0
2022-01,지자체,공공분양,부산,0
2022-01,지자체,공공분양,대구,0
2022-01,지자체,공공분양,광주,0
2022-01,지자체,공공분양,대전,0
2022-01,지자체,공공분양,울산,0
2022-01,지자체,공공분양,세종,0
2022-01,지자체,공공분양,강원,0
2022-01,지자체,공공분양,충북,0
2022-01,지자체,공공분양,충남,0
2022-01,지자체,공공분양,전북,0
2022-01,지자체,공공분양,전남,0
2022-01,지자체,공공분양,경북,0
2022-01,지자체,공공분양,경남,0
2022-01,지자체,공공분양,제주,0
2022-01,LH,소계,전국,0
2022-01,LH,소계,서울,0
2022-01,LH,소계,인천,0
2022-01,LH,소계,경기,0
2022-01,LH,소계,부산,0
2022-01,LH,소계,대구,0
2022-01,LH,소계,광주,0
2022-01,LH,소계,대전,0
2022-01,LH,소계,울산,0
2022-01,LH,소계,세종,0
2022-01,LH,소계,강원,0
2022-01,LH,소계,충북,0
2022-01,LH,소계,충남,0
2022-01,LH,소계,전북,0
2022-01,LH,소계,전남,0
2022-01,LH,소계,경북,0
2022-01,LH,소계,경남,0
2022-01,LH,소계,제주,0
2022-01,LH,국민임대,전국,0
2022-01,LH,국민임대,서울,0
2022-01,LH,국민임대,인천,0
2022-01,LH,국민임대,경기,0
2022-01,LH,국민임대,부산,0
2022-01,LH,국민임대,대구,0
2022-01,LH,국민임대,광주,0
2022-01,LH,국민임대,대전,0
2022-01,LH,국민임대,울산,0
2022-01,LH,국민임대,세종,0
2022-01,LH,국민임대,강원,0
2022-01,LH,국민임대,충북,0
2022-01,LH,국민임대,충남,0
2022-01,LH,국민임대,전북,0
2022-01,LH,국민임대,전남,0
2022-01,LH,국민임대,경북,0
2022-01,LH,국민임대,경남,0
2022-01,LH,국민임대,제주,0
2022-01,LH,공공임대,전국,0
2022-01,LH,공공임대,서울,0
2022-01,LH,공공임대,인천,0
2022-01,LH,공공임대,경기,0
2022-01,LH,공공임대,부산,0
2022-01,LH,공공임대,대구,0
2022-01,LH,공공임대,광주,0
2022-01,LH,공공임대,대전,0
2022-01,LH,공공임대,울산,0
2022-01,LH,공공임대,세종,0
2022-01,LH,공공임대,강원,0
2022-01,LH,공공임대,충북,0
2022-01,LH,공공임대,충남,0
2022-01,LH,공공임대,전북,0
2022-01,LH,공공임대,전남,0
2022-01,LH,공공임대,경북,0
2022-01,LH,공공임대,경남,0
2022-01,LH,공공임대,제주,0
2022-01,LH,공공분양,전국,0
2022-01,LH,공공분양,서울,0
2022-01,LH,공공분양,인천,0
2022-01,LH,공공분양,경기,0
2022-01,LH,공공분양,부산,0
2022-01,LH,공공분양,대구,0
2022-01,LH,공공분양,광주,0
2022-01,LH,공공분양,대전,0
2022-01,LH,공공분양,울산,0
2022-01,LH,공공분양,세종,0
2022-01,LH,공공분양,강원,0
2022-01,LH,공공분양,충북,0
2022-01,LH,공공분양,충남,0
2022-01,LH,공공분양,전북,0
2022-01,LH,공공분양,전남,0
2022-01,LH,공공분양,경북,0
2022-01,LH,공공분양,경남,0
2022-01,LH,공공분양,제주,0
2022-01,주택업체,소계,전국,248
2022-01,주택업체,소계,서울,0
2022-01,주택업체,소계,인천,0
2022-01,주택업체,소계,경기,248
2022-01,주택업체,소계,부산,0
2022-01,주택업체,소계,대구,0
2022-01,주택업체,소계,광주,0
2022-01,주택업체,소계,대전,0
2022-01,주택업체,소계,울산,0
2022-01,주택업체,소계,세종,0
2022-01,주택업체,소계,강원,0
2022-01,주택업체,소계,충북,0
2022-01,주택업체,소계,충남,0
2022-01,주택업체,소계,전북,0
2022-01,주택업체,소계,전남,0
2022-01,주택업체,소계,경북,0
2022-01,주택업체,소계,경남,0
2022-01,주택업체,소계,제주,0
2022-01,주택업체,국민임대,전국,0
2022-01,주택업체,국민임대,서울,0
2022-01,주택업체,국민임대,인천,0
2022-01,주택업체,국민임대,경기,0
2022-01,주택업체,국민임대,부산,0
2022-01,주택업체,국민임대,대구,0
2022-01,주택업체,국민임대,광주,0
2022-01,주택업체,국민임대,대전,0
2022-01,주택업체,국민임대,울산,0
2022-01,주택업체,국민임대,세종,0
2022-01,주택업체,국민임대,강원,0
2022-01,주택업체,국민임대,충북,0
2022-01,주택업체,국민임대,충남,0
2022-01,주택업체,국민임대,전북,0
2022-01,주택업체,국민임대,전남,0
2022-01,주택업체,국민임대,경북,0
2022-01,주택업체,국민임대,경남,0
2022-01,주택업체,국민임대,제주,0
2022-01,주택업체,공공임대,전국,248
2022-01,주택업체,공공임대,서울,0
2022-01,주택업체,공공임대,인천,0
2022-01,주택업체,공공임대,경기,248
2022-01,주택업체,공공임대,부산,0
2022-01,주택업체,공공임대,대구,0
2022-01,주택업체,공공임대,광주,0
2022-01,주택업체,공공임대,대전,0
2022-01,주택업체,공공임대,울산,0
2022-01,주택업체,공공임대,세종,0
2022-01,주택업체,공공임대,강원,0
2022-01,주택업체,공공임대,충북,0
2022-01,주택업체,공공임대,충남,0
2022-01,주택업체,공공임대,전북,0
2022-01,주택업체,공공임대,전남,0
2022-01,주택업체,공공임대,경북,0
2022-01,주택업체,공공임대,경남,0
2022-01,주택업체,공공임대,제주,0
2022-01,주택업체,공공분양,전국,0
2022-01,주택업체,공공분양,서울,0
2022-01,주택업체,공공분양,인천,0
2022-01,주택업체,공공분양,경기,0
2022-01,주택업체,공공분양,부산,0
2022-01,주택업체,공공분양,대구,0
2022-01,주택업체,공공분양,광주,0
2022-01,주택업체,공공분양,대전,0
2022-01,주택업체,공공분양,울산,0
2022-01,주택업체,공공분양,세종,0
2022-01,주택업체,공공분양,강원,0
2022-01,주택업체,공공분양,충북,0
2022-01,주택업체,공공분양,충남,0
2022-01,주택업체,공공분양,전북,0
2022-01,주택업체,공공분양,전남,0
2022-01,주택업체,공공분양,경북,0
2022-01,주택업체,공공분양,경남,0
2022-01,주택업체,공공분양,제주,0
2022-01,민간부문,소계,전국,22,315
2022-01,민간부문,소계,서울,6,727
2022-01,민간부문,소계,인천,1,625
2022-01,민간부문,소계,경기,5,178
2022-01,민간부문,소계,부산,642
2022-01,민간부문,소계,대구,1,761
2022-01,민간부문,소계,광주,1,058
2022-01,민간부문,소계,대전,331
2022-01,민간부문,소계,울산,881
2022-01,민간부문,소계,세종,12
2022-01,민간부문,소계,강원,139
2022-01,민간부문,소계,충북,182
2022-01,민간부문,소계,충남,431
2022-01,민간부문,소계,전북,111
2022-01,민간부문,소계,전남,970
2022-01,민간부문,소계,경북,526
2022-01,민간부문,소계,경남,1,289
2022-01,민간부문,소계,제주,452
2022-01,민간,민간임대,전국,2,341
2022-01,민간,민간임대,서울,1,855
2022-01,민간,민간임대,인천,0
2022-01,민간,민간임대,경기,0
2022-01,민간,민간임대,부산,0
2022-01,민간,민간임대,대구,0
2022-01,민간,민간임대,광주,0
2022-01,민간,민간임대,대전,0
2022-01,민간,민간임대,울산,0
2022-01,민간,민간임대,세종,0
2022-01,민간,민간임대,강원,0
2022-01,민간,민간임대,충북,0
2022-01,민간,민간임대,충남,0
2022-01,민간,민간임대,전북,0
2022-01,민간,민간임대,전남,486
2022-01,민간,민간임대,경북,0
2022-01,민간,민간임대,경남,0
2022-01,민간,민간임대,제주,0
2022-01,민간,민간분양,전국,19,974
2022-01,민간,민간분양,서울,4,872
2022-01,민간,민간분양,인천,1,625
2022-01,민간,민간분양,경기,5,178
2022-01,민간,민간분양,부산,642
2022-01,민간,민간분양,대구,1,761
2022-01,민간,민간분양,광주,1,058
2022-01,민간,민간분양,대전,331
2022-01,민간,민간분양,울산,881
2022-01,민간,민간분양,세종,12
2022-01,민간,민간분양,강원,139
2022-01,민간,민간분양,충북,182
2022-01,민간,민간분양,충남,431
2022-01,민간,민간분양,전북,111
2022-01,민간,민간분양,전남,484
2022-01,민간,민간분양,경북,526
2022-01,민간,민간분양,경남,1,289
2022-01,민간,민간분양,제주,452
2022-02,총계,총계,전국,22,701
2022-02,총계,총계,서울,3,111
2022-02,총계,총계,인천,2,194
2022-02,총계,총계,경기,9,643
2022-02,총계,총계,부산,295
2022-02,총계,총계,대구,669
2022-02,총계,총계,광주,320
2022-02,총계,총계,대전,147
2022-02,총계,총계,울산,49
2022-02,총계,총계,세종,23
2022-02,총계,총계,강원,314
2022-02,총계,총계,충북,206
2022-02,총계,총계,충남,2,476
2022-02,총계,총계,전북,138
2022-02,총계,총계,전남,896
2022-02,총계,총계,경북,348
2022-02,총계,총계,경남,1,175
2022-02,총계,총계,제주,697
2022-02,공공부문,소계,전국,740
2022-02,공공부문,소계,서울,698
2022-02,공공부문,소계,인천,0
2022-02,공공부문,소계,경기,0
2022-02,공공부문,소계,부산,42
2022-02,공공부문,소계,대구,0
2022-02,공공부문,소계,광주,0
2022-02,공공부문,소계,대전,0
2022-02,공공부문,소계,울산,0
2022-02,공공부문,소계,세종,0
2022-02,공공부문,소계,강원,0
2022-02,공공부문,소계,충북,0
2022-02,공공부문,소계,충남,0
2022-02,공공부문,소계,전북,0
2022-02,공공부문,소계,전남,0
2022-02,공공부문,소계,경북,0
2022-02,공공부문,소계,경남,0
2022-02,공공부문,소계,제주,0
2022-02,합,국민임대,전국,0
2022-02,합,국민임대,서울,0
2022-02,합,국민임대,인천,0
2022-02,합,국민임대,경기,0
2022-02,합,국민임대,부산,0
2022-02,합,국민임대,대구,0
2022-02,합,국민임대,광주,0
2022-02,합,국민임대,대전,0
2022-02,합,국민임대,울산,0
2022-02,합,국민임대,세종,0
2022-02,합,국민임대,강원,0
2022-02,합,국민임대,충북,0
2022-02,합,국민임대,충남,0
2022-02,합,국민임대,전북,0
2022-02,합,국민임대,전남,0
2022-02,합,국민임대,경북,0
2022-02,합,국민임대,경남,0
2022-02,합,국민임대,제주,0
2022-02,합,공공임대,전국,740
2022-02,합,공공임대,서울,698
2022-02,합,공공임대,인천,0
2022-02,합,공공임대,경기,0
2022-02,합,공공임대,부산,42
2022-02,합,공공임대,대구,0
2022-02,합,공공임대,광주,0
2022-02,합,공공임대,대전,0
2022-02,합,공공임대,울산,0
2022-02,합,공공임대,세종,0
2022-02,합,공공임대,강원,0
2022-02,합,공공임대,충북,0
2022-02,합,공공임대,충남,0
2022-02,합,공공임대,전북,0
2022-02,합,공공임대,전남,0
2022-02,합,공공임대,경북,0
2022-02,합,공공임대,경남,0
2022-02,합,공공임대,제주,0
2022-02,합,공공분양,전국,0
2022-02,합,공공분양,서울,0
2022-02,합,공공분양,인천,0
2022-02,합,공공분양,경기,0
2022-02,합,공공분양,부산,0
2022-02,합,공공분양,대구,0
2022-02,합,공공분양,광주,0
2022-02,합,공공분양,대전,0
2022-02,합,공공분양,울산,0
2022-02,합,공공분양,세종,0
2022-02,합,공공분양,강원,0
2022-02,합,공공분양,충북,0
2022-02,합,공공분양,충남,0
2022-02,합,공공분양,전북,0
2022-02,합,공공분양,전남,0
2022-02,합,공공분양,경북,0
2022-02,합,공공분양,경남,0
2022-02,합,공공분양,제주,0
2022-02,지자체,소계,전국,0
2022-02,지자체,소계,서울,0
2022-02,지자체,소계,인천,0
2022-02,지자체,소계,경기,0
2022-02,지자체,소계,부산,0
2022-02,지자체,소계,대구,0
2022-02,지자체,소계,광주,0
2022-02,지자체,소계,대전,0
2022-02,지자체,소계,울산,0
2022-02,지자체,소계,세종,0
2022-02,지자체,소계,강원,0
2022-02,지자체,소계,충북,0
2022-02,지자체,소계,충남,0
2022-02,지자체,소계,전북,0
2022-02,지자체,소계,전남,0
2022-02,지자체,소계,경북,0
2022-02,지자체,소계,경남,0
2022-02,지자체,소계,제주,0
2022-02,지자체,국민임대,전국,0
2022-02,지자체,국민임대,서울,0
2022-02,지자체,국민임대,인천,0
2022-02,지자체,국민임대,경기,0
2022-02,지자체,국민임대,부산,0
2022-02,지자체,국민임대,대구,0
2022-02,지자체,국민임대,광주,0
2022-02,지자체,국민임대,대전,0
2022-02,지자체,국민임대,울산,0
2022-02,지자체,국민임대,세종,0
2022-02,지자체,국민임대,강원,0
2022-02,지자체,국민임대,충북,0
2022-02,지자체,국민임대,충남,0
2022-02,지자체,국민임대,전북,0
2022-02,지자체,국민임대,전남,0
2022-02,지자체,국민임대,경북,0
2022-02,지자체,국민임대,경남,0
2022-02,지자체,국민임대,제주,0
2022-02,지자체,공공임대,전국,0
2022-02,지자체,공공임대,서울,0
2022-02,지자체,공공임대,인천,0
2022-02,지자체,공공임대,경기,0
2022-02,지자체,공공임대,부산,0
2022-02,지자체,공공임대,대구,0
2022-02,지자체,공공임대,광주,0
2022-02,지자체,공공임대,대전,0
2022-02,지자체,공공임대,울산,0
2022-02,지자체,공공임대,세종,0
2022-02,지자체,공공임대,강원,0
2022-02,지자체,공공임대,충북,0
2022-02,지자체,공공임대,충남,0
2022-02,지자체,공공임대,전북,0
2022-02,지자체,공공임대,전남,0
2022-02,지자체,공공임대,경북,0
2022-02,지자체,공공임대,경남,0
2022-02,지자체,공공임대,제주,0
2022-02,지자체,공공분양,전국,0
2022-02,지자체,공공분양,서울,0
2022-02,지자체,공공분양,인천,0
2022-02,지자체,공공분양,경기,0
2022-02,지자체,공공분양,부산,0
2022-02,지자체,공공분양,대구,0
2022-02,지자체,공공분양,광주,0
2022-02,지자체,공공분양,대전,0
2022-02,지자체,공공분양,울산,0
2022-02,지자체,공공분양,세종,0
2022-02,지자체,공공분양,강원,0
2022-02,지자체,공공분양,충북,0
2022-02,지자체,공공분양,충남,0
2022-02,지자체,공공분양,전북,0
2022-02,지자체,공공분양,전남,0
2022-02,지자체,공공분양,경북,0
2022-02,지자체,공공분양,경남,0
2022-02,지자체,공공분양,제주,0
2022-02,LH,소계,전국,0
2022-02,LH,소계,서울,0
2022-02,LH,소계,인천,0
2022-02,LH,소계,경기,0
2022-02,LH,소계,부산,0
2022-02,LH,소계,대구,0
2022-02,LH,소계,광주,0
2022-02,LH,소계,대전,0
2022-02,LH,소계,울산,0
2022-02,LH,소계,세종,0
2022-02,LH,소계,강원,0
2022-02,LH,소계,충북,0
2022-02,LH,소계,충남,0
2022-02,LH,소계,전북,0
2022-02,LH,소계,전남,0
2022-02,LH,소계,경북,0
2022-02,LH,소계,경남,0
2022-02,LH,소계,제주,0
2022-02,LH,국민임대,전국,0
2022-02,LH,국민임대,서울,0
2022-02,LH,국민임대,인천,0
2022-02,LH,국민임대,경기,0
2022-02,LH,국민임대,부산,0
2022-02,LH,국민임대,대구,0
2022-02,LH,국민임대,광주,0
2022-02,LH,국민임대,대전,0
2022-02,LH,국민임대,울산,0
2022-02,LH,국민임대,세종,0
2022-02,LH,국민임대,강원,0
2022-02,LH,국민임대,충북,0
2022-02,LH,국민임대,충남,0
2022-02,LH,국민임대,전북,0
2022-02,LH,국민임대,전남,0
2022-02,LH,국민임대,경북,0
2022-02,LH,국민임대,경남,0
2022-02,LH,국민임대,제주,0
2022-02,LH,공공임대,전국,0
2022-02,LH,공공임대,서울,0
2022-02,LH,공공임대,인천,0
2022-02,LH,공공임대,경기,0
2022-02,LH,공공임대,부산,0
2022-02,LH,공공임대,대구,0
2022-02,LH,공공임대,광주,0
2022-02,LH,공공임대,대전,0
2022-02,LH,공공임대,울산,0
2022-02,LH,공공임대,세종,0
2022-02,LH,공공임대,강원,0
2022-02,LH,공공임대,충북,0
2022-02,LH,공공임대,충남,0
2022-02,LH,공공임대,전북,0
2022-02,LH,공공임대,전남,0
2022-02,LH,공공임대,경북,0
2022-02,LH,공공임대,경남,0
2022-02,LH,공공임대,제주,0
2022-02,LH,공공분양,전국,0
2022-02,LH,공공분양,서울,0
2022-02,LH,공공분양,인천,0
2022-02,LH,공공분양,경기,0
2022-02,LH,공공분양,부산,0
2022-02,LH,공공분양,대구,0
2022-02,LH,공공분양,광주,0
2022-02,LH,공공분양,대전,0
2022-02,LH,공공분양,울산,0
2022-02,LH,공공분양,세종,0
2022-02,LH,공공분양,강원,0
2022-02,LH,공공분양,충북,0
2022-02,LH,공공분양,충남,0
2022-02,LH,공공분양,전북,0
2022-02,LH,공공분양,전남,0
2022-02,LH,공공분양,경북,0
2022-02,LH,공공분양,경남,0
2022-02,LH,공공분양,제주,0
2022-02,주택업체,소계,전국,740
2022-02,주택업체,소계,서울,698
2022-02,주택업체,소계,인천,0
2022-02,주택업체,소계,경기,0
2022-02,주택업체,소계,부산,42
2022-02,주택업체,소계,대구,0
2022-02,주택업체,소계,광주,0
2022-02,주택업체,소계,대전,0
2022-02,주택업체,소계,울산,0
2022-02,주택업체,소계,세종,0
2022-02,주택업체,소계,강원,0
2022-02,주택업체,소계,충북,0
2022-02,주택업체,소계,충남,0
2022-02,주택업체,소계,전북,0
2022-02,주택업체,소계,전남,0
2022-02,주택업체,소계,경북,0
2022-02,주택업체,소계,경남,0
2022-02,주택업체,소계,제주,0
2022-02,주택업체,국민임대,전국,0
2022-02,주택업체,국민임대,서울,0
2022-02,주택업체,국민임대,인천,0
2022-02,주택업체,국민임대,경기,0
2022-02,주택업체,국민임대,부산,0
2022-02,주택업체,국민임대,대구,0
2022-02,주택업체,국민임대,광주,0
2022-02,주택업체,국민임대,대전,0
2022-02,주택업체,국민임대,울산,0
2022-02,주택업체,국민임대,세종,0
2022-02,주택업체,국민임대,강원,0
2022-02,주택업체,국민임대,충북,0
2022-02,주택업체,국민임대,충남,0
2022-02,주택업체,국민임대,전북,0
2022-02,주택업체,국민임대,전남,0
2022-02,주택업체,국민임대,경북,0
2022-02,주택업체,국민임대,경남,0
2022-02,주택업체,국민임대,제주,0
2022-02,주택업체,공공임대,전국,740
2022-02,주택업체,공공임대,서울,698
2022-02,주택업체,공공임대,인천,0
2022-02,주택업체,공공임대,경기,0
2022-02,주택업체,공공임대,부산,42
2022-02,주택업체,공공임대,대구,0
2022-02,주택업체,공공임대,광주,0
2022-02,주택업체,공공임대,대전,0
2022-02,주택업체,공공임대,울산,0
2022-02,주택업체,공공임대,세종,0
2022-02,주택업체,공공임대,강원,0
2022-02,주택업체,공공임대,충북,0
2022-02,주택업체,공공임대,충남,0
2022-02,주택업체,공공임대,전북,0
2022-02,주택업체,공공임대,전남,0
2022-02,주택업체,공공임대,경북,0
2022-02,주택업체,공공임대,경남,0
2022-02,주택업체,공공임대,제주,0
2022-02,주택업체,공공분양,전국,0
2022-02,주택업체,공공분양,서울,0
2022-02,주택업체,공공분양,인천,0
2022-02,주택업체,공공분양,경기,0
2022-02,주택업체,공공분양,부산,0
2022-02,주택업체,공공분양,대구,0
2022-02,주택업체,공공분양,광주,0
2022-02,주택업체,공공분양,대전,0
2022-02,주택업체,공공분양,울산,0
2022-02,주택업체,공공분양,세종,0
2022-02,주택업체,공공분양,강원,0
2022-02,주택업체,공공분양,충북,0
2022-02,주택업체,공공분양,충남,0
2022-02,주택업체,공공분양,전북,0
2022-02,주택업체,공공분양,전남,0
2022-02,주택업체,공공분양,경북,0
2022-02,주택업체,공공분양,경남,0
2022-02,주택업체,공공분양,제주,0
2022-02,민간부문,소계,전국,21,961
2022-02,민간부문,소계,서울,2,413
2022-02,민간부문,소계,인천,2,194
2022-02,민간부문,소계,경기,9,643
2022-02,민간부문,소계,부산,253
2022-02,민간부문,소계,대구,669
2022-02,민간부문,소계,광주,320
2022-02,민간부문,소계,대전,147
2022-02,민간부문,소계,울산,49
2022-02,민간부문,소계,세종,23
2022-02,민간부문,소계,강원,314
2022-02,민간부문,소계,충북,206
2022-02,민간부문,소계,충남,2,476
2022-02,민간부문,소계,전북,138
2022-02,민간부문,소계,전남,896
2022-02,민간부문,소계,경북,348
2022-02,민간부문,소계,경남,1,175
2022-02,민간부문,소계,제주,697
2022-02,민간,민간임대,전국,814
2022-02,민간,민간임대,서울,0
2022-02,민간,민간임대,인천,0
2022-02,민간,민간임대,경기,349
2022-02,민간,민간임대,부산,0
2022-02,민간,민간임대,대구,0
2022-02,민간,민간임대,광주,0
2022-02,민간,민간임대,대전,0
2022-02,민간,민간임대,울산,0
2022-02,민간,민간임대,세종,0
2022-02,민간,민간임대,강원,0
2022-02,민간,민간임대,충북,0
2022-02,민간,민간임대,충남,0
2022-02,민간,민간임대,전북,0
2022-02,민간,민간임대,전남,376
2022-02,민간,민간임대,경북,89
2022-02,민간,민간임대,경남,0
2022-02,민간,민간임대,제주,0
2022-02,민간,민간분양,전국,21,147
2022-02,민간,민간분양,서울,2,413
2022-02,민간,민간분양,인천,2,194
2022-02,민간,민간분양,경기,9,294
2022-02,민간,민간분양,부산,253
2022-02,민간,민간분양,대구,669
2022-02,민간,민간분양,광주,320
2022-02,민간,민간분양,대전,147
2022-02,민간,민간분양,울산,49
2022-02,민간,민간분양,세종,23
2022-02,민간,민간분양,강원,314
2022-02,민간,민간분양,충북,206
2022-02,민간,민간분양,충남,2,476
2022-02,민간,민간분양,전북,138
2022-02,민간,민간분양,전남,520
2022-02,민간,민간분양,경북,259
2022-02,민간,민간분양,경남,1,175
2022-02,민간,민간분양,제주,697
2022-03,총계,총계,전국,40,634
2022-03,총계,총계,서울,7,570
2022-03,총계,총계,인천,3,441
2022-03,총계,총계,경기,9,731
2022-03,총계,총계,부산,1,446
2022-03,총계,총계,대구,693
2022-03,총계,총계,광주,98
2022-03,총계,총계,대전,4,617
2022-03,총계,총계,울산,548
2022-03,총계,총계,세종,1,090
2022-03,총계,총계,강원,1,952
2022-03,총계,총계,충북,2,356
2022-03,총계,총계,충남,762
2022-03,총계,총계,전북,1,514
2022-03,총계,총계,전남,1,057
2022-03,총계,총계,경북,1,161
2022-03,총계,총계,경남,1,922
2022-03,총계,총계,제주,676
2022-03,공공부문,소계,전국,5,402
2022-03,공공부문,소계,서울,402
2022-03,공공부문,소계,인천,676
2022-03,공공부문,소계,경기,431
2022-03,공공부문,소계,부산,0
2022-03,공공부문,소계,대구,0
2022-03,공공부문,소계,광주,0
2022-03,공공부문,소계,대전,3,463
2022-03,공공부문,소계,울산,0
2022-03,공공부문,소계,세종,0
2022-03,공공부문,소계,강원,90
2022-03,공공부문,소계,충북,200
2022-03,공공부문,소계,충남,0
2022-03,공공부문,소계,전북,0
2022-03,공공부문,소계,전남,0
2022-03,공공부문,소계,경북,140
2022-03,공공부문,소계,경남,0
2022-03,공공부문,소계,제주,0
2022-03,합,국민임대,전국,42
2022-03,합,국민임대,서울,0
2022-03,합,국민임대,인천,0
2022-03,합,국민임대,경기,0
2022-03,합,국민임대,부산,0
2022-03,합,국민임대,대구,0
2022-03,합,국민임대,광주,0
2022-03,합,국민임대,대전,0
2022-03,합,국민임대,울산,0
2022-03,합,국민임대,세종,0
2022-03,합,국민임대,강원,0
2022-03,합,국민임대,충북,0
2022-03,합,국민임대,충남,0
2022-03,합,국민임대,전북,0
2022-03,합,국민임대,전남,0
2022-03,합,국민임대,경북,42
2022-03,합,국민임대,경남,0
2022-03,합,국민임대,제주,0
2022-03,합,공공임대,전국,1,466
2022-03,합,공공임대,서울,402
2022-03,합,공공임대,인천,676
2022-03,합,공공임대,경기,0
2022-03,합,공공임대,부산,0
2022-03,합,공공임대,대구,0
2022-03,합,공공임대,광주,0
2022-03,합,공공임대,대전,0
2022-03,합,공공임대,울산,0
2022-03,합,공공임대,세종,0
2022-03,합,공공임대,강원,90
2022-03,합,공공임대,충북,200
2022-03,합,공공임대,충남,0
2022-03,합,공공임대,전북,0
2022-03,합,공공임대,전남,0
2022-03,합,공공임대,경북,98
2022-03,합,공공임대,경남,0
2022-03,합,공공임대,제주,0
2022-03,합,공공분양,전국,3,894
2022-03,합,공공분양,서울,0
2022-03,합,공공분양,인천,0
2022-03,합,공공분양,경기,431
2022-03,합,공공분양,부산,0
2022-03,합,공공분양,대구,0
2022-03,합,공공분양,광주,0
2022-03,합,공공분양,대전,3,463
2022-03,합,공공분양,울산,0
2022-03,합,공공분양,세종,0
2022-03,합,공공분양,강원,0
2022-03,합,공공분양,충북,0
2022-03,합,공공분양,충남,0
2022-03,합,공공분양,전북,0
2022-03,합,공공분양,전남,0
2022-03,합,공공분양,경북,0
2022-03,합,공공분양,경남,0
2022-03,합,공공분양,제주,0
2022-03,지자체,소계,전국,0
2022-03,지자체,소계,서울,0
2022-03,지자체,소계,인천,0
2022-03,지자체,소계,경기,0
2022-03,지자체,소계,부산,0
2022-03,지자체,소계,대구,0
2022-03,지자체,소계,광주,0
2022-03,지자체,소계,대전,0
2022-03,지자체,소계,울산,0
2022-03,지자체,소계,세종,0
2022-03,지자체,소계,강원,0
2022-03,지자체,소계,충북,0
2022-03,지자체,소계,충남,0
2022-03,지자체,소계,전북,0
2022-03,지자체,소계,전남,0
2022-03,지자체,소계,경북,0
2022-03,지자체,소계,경남,0
2022-03,지자체,소계,제주,0
2022-03,지자체,국민임대,전국,0
2022-03,지자체,국민임대,서울,0
2022-03,지자체,국민임대,인천,0
2022-03,지자체,국민임대,경기,0
2022-03,지자체,국민임대,부산,0
2022-03,지자체,국민임대,대구,0
2022-03,지자체,국민임대,광주,0
2022-03,지자체,국민임대,대전,0
2022-03,지자체,국민임대,울산,0
2022-03,지자체,국민임대,세종,0
2022-03,지자체,국민임대,강원,0
2022-03,지자체,국민임대,충북,0
2022-03,지자체,국민임대,충남,0
2022-03,지자체,국민임대,전북,0
2022-03,지자체,국민임대,전남,0
2022-03,지자체,국민임대,경북,0
2022-03,지자체,국민임대,경남,0
2022-03,지자체,국민임대,제주,0
2022-03,지자체,공공임대,전국,0
2022-03,지자체,공공임대,서울,0
2022-03,지자체,공공임대,인천,0
2022-03,지자체,공공임대,경기,0
2022-03,지자체,공공임대,부산,0
2022-03,지자체,공공임대,대구,0
2022-03,지자체,공공임대,광주,0
2022-03,지자체,공공임대,대전,0
2022-03,지자체,공공임대,울산,0
2022-03,지자체,공공임대,세종,0
2022-03,지자체,공공임대,강원,0
2022-03,지자체,공공임대,충북,0
2022-03,지자체,공공임대,충남,0
2022-03,지자체,공공임대,전북,0
2022-03,지자체,공공임대,전남,0
2022-03,지자체,공공임대,경북,0
2022-03,지자체,공공임대,경남,0
2022-03,지자체,공공임대,제주,0
2022-03,지자체,공공분양,전국,0
2022-03,지자체,공공분양,서울,0
2022-03,지자체,공공분양,인천,0
2022-03,지자체,공공분양,경기,0
2022-03,지자체,공공분양,부산,0
2022-03,지자체,공공분양,대구,0
2022-03,지자체,공공분양,광주,0
2022-03,지자체,공공분양,대전,0
2022-03,지자체,공공분양,울산,0
2022-03,지자체,공공분양,세종,0
2022-03,지자체,공공분양,강원,0
2022-03,지자체,공공분양,충북,0
2022-03,지자체,공공분양,충남,0
2022-03,지자체,공공분양,전북,0
2022-03,지자체,공공분양,전남,0
2022-03,지자체,공공분양,경북,0
2022-03,지자체,공공분양,경남,0
2022-03,지자체,공공분양,제주,0
2022-03,LH,소계,전국,1,123
2022-03,LH,소계,서울,17
2022-03,LH,소계,인천,676
2022-03,LH,소계,경기,0
2022-03,LH,소계,부산,0
2022-03,LH,소계,대구,0
2022-03,LH,소계,광주,0
2022-03,LH,소계,대전,0
2022-03,LH,소계,울산,0
2022-03,LH,소계,세종,0
2022-03,LH,소계,강원,90
2022-03,LH,소계,충북,200
2022-03,LH,소계,충남,0
2022-03,LH,소계,전북,0
2022-03,LH,소계,전남,0
2022-03,LH,소계,경북,140
2022-03,LH,소계,경남,0
2022-03,LH,소계,제주,0
2022-03,LH,국민임대,전국,42
2022-03,LH,국민임대,서울,0
2022-03,LH,국민임대,인천,0
2022-03,LH,국민임대,경기,0
2022-03,LH,국민임대,부산,0
2022-03,LH,국민임대,대구,0
2022-03,LH,국민임대,광주,0
2022-03,LH,국민임대,대전,0
2022-03,LH,국민임대,울산,0
2022-03,LH,국민임대,세종,0
2022-03,LH,국민임대,강원,0
2022-03,LH,국민임대,충북,0
2022-03,LH,국민임대,충남,0
2022-03,LH,국민임대,전북,0
2022-03,LH,국민임대,전남,0
2022-03,LH,국민임대,경북,42
2022-03,LH,국민임대,경남,0
2022-03,LH,국민임대,제주,0
2022-03,LH,공공임대,전국,1,081
2022-03,LH,공공임대,서울,17
2022-03,LH,공공임대,인천,676
2022-03,LH,공공임대,경기,0
2022-03,LH,공공임대,부산,0
2022-03,LH,공공임대,대구,0
2022-03,LH,공공임대,광주,0
2022-03,LH,공공임대,대전,0
2022-03,LH,공공임대,울산,0
2022-03,LH,공공임대,세종,0
2022-03,LH,공공임대,강원,90
2022-03,LH,공공임대,충북,200
2022-03,LH,공공임대,충남,0
2022-03,LH,공공임대,전북,0
2022-03,LH,공공임대,전남,0
2022-03,LH,공공임대,경북,98
2022-03,LH,공공임대,경남,0
2022-03,LH,공공임대,제주,0
2022-03,LH,공공분양,전국,0
2022-03,LH,공공분양,서울,0
2022-03,LH,공공분양,인천,0
2022-03,LH,공공분양,경기,0
2022-03,LH,공공분양,부산,0
2022-03,LH,공공분양,대구,0
2022-03,LH,공공분양,광주,0
2022-03,LH,공공분양,대전,0
2022-03,LH,공공분양,울산,0
2022-03,LH,공공분양,세종,0
2022-03,LH,공공분양,강원,0
2022-03,LH,공공분양,충북,0
2022-03,LH,공공분양,충남,0
2022-03,LH,공공분양,전북,0
2022-03,LH,공공분양,전남,0
2022-03,LH,공공분양,경북,0
2022-03,LH,공공분양,경남,0
2022-03,LH,공공분양,제주,0
2022-03,주택업체,소계,전국,4,279
2022-03,주택업체,소계,서울,385
2022-03,주택업체,소계,인천,0
2022-03,주택업체,소계,경기,431
2022-03,주택업체,소계,부산,0
2022-03,주택업체,소계,대구,0
2022-03,주택업체,소계,광주,0
2022-03,주택업체,소계,대전,3,463
2022-03,주택업체,소계,울산,0
2022-03,주택업체,소계,세종,0
2022-03,주택업체,소계,강원,0
2022-03,주택업체,소계,충북,0
2022-03,주택업체,소계,충남,0
2022-03,주택업체,소계,전북,0
2022-03,주택업체,소계,전남,0
2022-03,주택업체,소계,경북,0
2022-03,주택업체,소계,경남,0
2022-03,주택업체,소계,제주,0
2022-03,주택업체,국민임대,전국,0
2022-03,주택업체,국민임대,서울,0
2022-03,주택업체,국민임대,인천,0
2022-03,주택업체,국민임대,경기,0
2022-03,주택업체,국민임대,부산,0
2022-03,주택업체,국민임대,대구,0
2022-03,주택업체,국민임대,광주,0
2022-03,주택업체,국민임대,대전,0
2022-03,주택업체,국민임대,울산,0
2022-03,주택업체,국민임대,세종,0
2022-03,주택업체,국민임대,강원,0
2022-03,주택업체,국민임대,충북,0
2022-03,주택업체,국민임대,충남,0
2022-03,주택업체,국민임대,전북,0
2022-03,주택업체,국민임대,전남,0
2022-03,주택업체,국민임대,경북,0
2022-03,주택업체,국민임대,경남,0
2022-03,주택업체,국민임대,제주,0
2022-03,주택업체,공공임대,전국,385
2022-03,주택업체,공공임대,서울,385
2022-03,주택업체,공공임대,인천,0
2022-03,주택업체,공공임대,경기,0
2022-03,주택업체,공공임대,부산,0
2022-03,주택업체,공공임대,대구,0
2022-03,주택업체,공공임대,광주,0
2022-03,주택업체,공공임대,대전,0
2022-03,주택업체,공공임대,울산,0
2022-03,주택업체,공공임대,세종,0
2022-03,주택업체,공공임대,강원,0
2022-03,주택업체,공공임대,충북,0
2022-03,주택업체,공공임대,충남,0
2022-03,주택업체,공공임대,전북,0
2022-03,주택업체,공공임대,전남,0
2022-03,주택업체,공공임대,경북,0
2022-03,주택업체,공공임대,경남,0
2022-03,주택업체,공공임대,제주,0
2022-03,주택업체,공공분양,전국,3,894
2022-03,주택업체,공공분양,서울,0
2022-03,주택업체,공공분양,인천,0
2022-03,주택업체,공공분양,경기,431
2022-03,주택업체,공공분양,부산,0
2022-03,주택업체,공공분양,대구,0
2022-03,주택업체,공공분양,광주,0
2022-03,주택업체,공공분양,대전,3,463
2022-03,주택업체,공공분양,울산,0
2022-03,주택업체,공공분양,세종,0
2022-03,주택업체,공공분양,강원,0
2022-03,주택업체,공공분양,충북,0
2022-03,주택업체,공공분양,충남,0
2022-03,주택업체,공공분양,전북,0
2022-03,주택업체,공공분양,전남,0
2022-03,주택업체,공공분양,경북,0
2022-03,주택업체,공공분양,경남,0
2022-03,주택업체,공공분양,제주,0
2022-03,민간부문,소계,전국,35,232
2022-03,민간부문,소계,서울,7,168
2022-03,민간부문,소계,인천,2,765
2022-03,민간부문,소계,경기,9,300
2022-03,민간부문,소계,부산,1,446
2022-03,민간부문,소계,대구,693
2022-03,민간부문,소계,광주,98
2022-03,민간부문,소계,대전,1,154
2022-03,민간부문,소계,울산,548
2022-03,민간부문,소계,세종,1,090
2022-03,민간부문,소계,강원,1,862
2022-03,민간부문,소계,충북,2,156
2022-03,민간부문,소계,충남,762
2022-03,민간부문,소계,전북,1,514
2022-03,민간부문,소계,전남,1,057
2022-03,민간부문,소계,경북,1,021
2022-03,민간부문,소계,경남,1,922
2022-03,민간부문,소계,제주,676
2022-03,민간,민간임대,전국,5,244
2022-03,민간,민간임대,서울,976
2022-03,민간,민간임대,인천,0
2022-03,민간,민간임대,경기,0
2022-03,민간,민간임대,부산,0
2022-03,민간,민간임대,대구,0
2022-03,민간,민간임대,광주,0
2022-03,민간,민간임대,대전,0
2022-03,민간,민간임대,울산,0
2022-03,민간,민간임대,세종,0
2022-03,민간,민간임대,강원,604
2022-03,민간,민간임대,충북,1,754
2022-03,민간,민간임대,충남,0
2022-03,민간,민간임대,전북,67
2022-03,민간,민간임대,전남,548
2022-03,민간,민간임대,경북,522
2022-03,민간,민간임대,경남,773
2022-03,민간,민간임대,제주,0
2022-03,민간,민간분양,전국,29,988
2022-03,민간,민간분양,서울,6,192
2022-03,민간,민간분양,인천,2,765
2022-03,민간,민간분양,경기,9,300
2022-03,민간,민간분양,부산,1,446
2022-03,민간,민간분양,대구,693
2022-03,민간,민간분양,광주,98
2022-03,민간,민간분양,대전,1,154
2022-03,민간,민간분양,울산,548
2022-03,민간,민간분양,세종,1,090
2022-03,민간,민간분양,강원,1,258
2022-03,민간,민간분양,충북,402
2022-03,민간,민간분양,충남,762
2022-03,민간,민간분양,전북,1,447
2022-03,민간,민간분양,전남,509
2022-03,민간,민간분양,경북,499
2022-03,민간,민간분양,경남,1,149
2022-03,민간,민간분양,제주,676
2022-04,총계,총계,전국,34,593
2022-04,총계,총계,서울,5,302
2022-04,총계,총계,인천,3,467
2022-04,총계,총계,경기,7,540
2022-04,총계,총계,부산,1,289
2022-04,총계,총계,대구,2,330
2022-04,총계,총계,광주,400
2022-04,총계,총계,대전,515
2022-04,총계,총계,울산,138
2022-04,총계,총계,세종,68
2022-04,총계,총계,강원,1,682
2022-04,총계,총계,충북,2,138
2022-04,총계,총계,충남,1,353
2022-04,총계,총계,전북,1,576
2022-04,총계,총계,전남,2,112
2022-04,총계,총계,경북,499
2022-04,총계,총계,경남,3,597
2022-04,총계,총계,제주,587
2022-04,공공부문,소계,전국,624
2022-04,공공부문,소계,서울,1
2022-04,공공부문,소계,인천,0
2022-04,공공부문,소계,경기,0
2022-04,공공부문,소계,부산,0
2022-04,공공부문,소계,대구,366
2022-04,공공부문,소계,광주,0
2022-04,공공부문,소계,대전,162
2022-04,공공부문,소계,울산,0
2022-04,공공부문,소계,세종,0
2022-04,공공부문,소계,강원,80
2022-04,공공부문,소계,충북,0
2022-04,공공부문,소계,충남,0
2022-04,공공부문,소계,전북,0
2022-04,공공부문,소계,전남,0
2022-04,공공부문,소계,경북,0
2022-04,공공부문,소계,경남,0
2022-04,공공부문,소계,제주,15
2022-04,합,국민임대,전국,75
2022-04,합,국민임대,서울,0
2022-04,합,국민임대,인천,0
2022-04,합,국민임대,경기,0
2022-04,합,국민임대,부산,0
2022-04,합,국민임대,대구,0
2022-04,합,국민임대,광주,0
2022-04,합,국민임대,대전,0
2022-04,합,국민임대,울산,0
2022-04,합,국민임대,세종,0
2022-04,합,국민임대,강원,60
2022-04,합,국민임대,충북,0
2022-04,합,국민임대,충남,0
2022-04,합,국민임대,전북,0
2022-04,합,국민임대,전남,0
2022-04,합,국민임대,경북,0
2022-04,합,국민임대,경남,0
2022-04,합,국민임대,제주,15
2022-04,합,공공임대,전국,183
2022-04,합,공공임대,서울,1
2022-04,합,공공임대,인천,0
2022-04,합,공공임대,경기,0
2022-04,합,공공임대,부산,0
2022-04,합,공공임대,대구,0
2022-04,합,공공임대,광주,0
2022-04,합,공공임대,대전,162
2022-04,합,공공임대,울산,0
2022-04,합,공공임대,세종,0
2022-04,합,공공임대,강원,20
2022-04,합,공공임대,충북,0
2022-04,합,공공임대,충남,0
2022-04,합,공공임대,전북,0
2022-04,합,공공임대,전남,0
2022-04,합,공공임대,경북,0
2022-04,합,공공임대,경남,0
2022-04,합,공공임대,제주,0
2022-04,합,공공분양,전국,366
2022-04,합,공공분양,서울,0
2022-04,합,공공분양,인천,0
2022-04,합,공공분양,경기,0
2022-04,합,공공분양,부산,0
2022-04,합,공공분양,대구,366
2022-04,합,공공분양,광주,0
2022-04,합,공공분양,대전,0
2022-04,합,공공분양,울산,0
2022-04,합,공공분양,세종,0
2022-04,합,공공분양,강원,0
2022-04,합,공공분양,충북,0
2022-04,합,공공분양,충남,0
2022-04,합,공공분양,전북,0
2022-04,합,공공분양,전남,0
2022-04,합,공공분양,경북,0
2022-04,합,공공분양,경남,0
2022-04,합,공공분양,제주,0
2022-04,지자체,소계,전국,0
2022-04,지자체,소계,서울,0
2022-04,지자체,소계,인천,0
2022-04,지자체,소계,경기,0
2022-04,지자체,소계,부산,0
2022-04,지자체,소계,대구,0
2022-04,지자체,소계,광주,0
2022-04,지자체,소계,대전,0
2022-04,지자체,소계,울산,0
2022-04,지자체,소계,세종,0
2022-04,지자체,소계,강원,0
2022-04,지자체,소계,충북,0
2022-04,지자체,소계,충남,0
2022-04,지자체,소계,전북,0
2022-04,지자체,소계,전남,0
2022-04,지자체,소계,경북,0
2022-04,지자체,소계,경남,0
2022-04,지자체,소계,제주,0
2022-04,지자체,국민임대,전국,0
2022-04,지자체,국민임대,서울,0
2022-04,지자체,국민임대,인천,0
2022-04,지자체,국민임대,경기,0
2022-04,지자체,국민임대,부산,0
2022-04,지자체,국민임대,대구,0
2022-04,지자체,국민임대,광주,0
2022-04,지자체,국민임대,대전,0
2022-04,지자체,국민임대,울산,0
2022-04,지자체,국민임대,세종,0
2022-04,지자체,국민임대,강원,0
2022-04,지자체,국민임대,충북,0
2022-04,지자체,국민임대,충남,0
2022-04,지자체,국민임대,전북,0
2022-04,지자체,국민임대,전남,0
2022-04,지자체,국민임대,경북,0
2022-04,지자체,국민임대,경남,0
2022-04,지자체,국민임대,제주,0
2022-04,지자체,공공임대,전국,0
2022-04,지자체,공공임대,서울,0
2022-04,지자체,공공임대,인천,0
2022-04,지자체,공공임대,경기,0
2022-04,지자체,공공임대,부산,0
2022-04,지자체,공공임대,대구,0
2022-04,지자체,공공임대,광주,0
2022-04,지자체,공공임대,대전,0
2022-04,지자체,공공임대,울산,0
2022-04,지자체,공공임대,세종,0
2022-04,지자체,공공임대,강원,0
2022-04,지자체,공공임대,충북,0
2022-04,지자체,공공임대,충남,0
2022-04,지자체,공공임대,전북,0
2022-04,지자체,공공임대,전남,0
2022-04,지자체,공공임대,경북,0
2022-04,지자체,공공임대,경남,0
2022-04,지자체,공공임대,제주,0
2022-04,지자체,공공분양,전국,0
2022-04,지자체,공공분양,서울,0
2022-04,지자체,공공분양,인천,0
2022-04,지자체,공공분양,경기,0
2022-04,지자체,공공분양,부산,0
2022-04,지자체,공공분양,대구,0
2022-04,지자체,공공분양,광주,0
2022-04,지자체,공공분양,대전,0
2022-04,지자체,공공분양,울산,0
2022-04,지자체,공공분양,세종,0
2022-04,지자체,공공분양,강원,0
2022-04,지자체,공공분양,충북,0
2022-04,지자체,공공분양,충남,0
2022-04,지자체,공공분양,전북,0
2022-04,지자체,공공분양,전남,0
2022-04,지자체,공공분양,경북,0
2022-04,지자체,공공분양,경남,0
2022-04,지자체,공공분양,제주,0
2022-04,LH,소계,전국,80
2022-04,LH,소계,서울,0
2022-04,LH,소계,인천,0
2022-04,LH,소계,경기,0
2022-04,LH,소계,부산,0
2022-04,LH,소계,대구,0
2022-04,LH,소계,광주,0
2022-04,LH,소계,대전,0
2022-04,LH,소계,울산,0
2022-04,LH,소계,세종,0
2022-04,LH,소계,강원,80
2022-04,LH,소계,충북,0
2022-04,LH,소계,충남,0
2022-04,LH,소계,전북,0
2022-04,LH,소계,전남,0
2022-04,LH,소계,경북,0
2022-04,LH,소계,경남,0
2022-04,LH,소계,제주,0
2022-04,LH,국민임대,전국,60
2022-04,LH,국민임대,서울,0
2022-04,LH,국민임대,인천,0
2022-04,LH,국민임대,경기,0
2022-04,LH,국민임대,부산,0
2022-04,LH,국민임대,대구,0
2022-04,LH,국민임대,광주,0
2022-04,LH,국민임대,대전,0
2022-04,LH,국민임대,울산,0
2022-04,LH,국민임대,세종,0
2022-04,LH,국민임대,강원,60
2022-04,LH,국민임대,충북,0
2022-04,LH,국민임대,충남,0
2022-04,LH,국민임대,전북,0
2022-04,LH,국민임대,전남,0
2022-04,LH,국민임대,경북,0
2022-04,LH,국민임대,경남,0
2022-04,LH,국민임대,제주,0
2022-04,LH,공공임대,전국,20
2022-04,LH,공공임대,서울,0
2022-04,LH,공공임대,인천,0
2022-04,LH,공공임대,경기,0
2022-04,LH,공공임대,부산,0
2022-04,LH,공공임대,대구,0
2022-04,LH,공공임대,광주,0
2022-04,LH,공공임대,대전,0
2022-04,LH,공공임대,울산,0
2022-04,LH,공공임대,세종,0
2022-04,LH,공공임대,강원,20
2022-04,LH,공공임대,충북,0
2022-04,LH,공공임대,충남,0
2022-04,LH,공공임대,전북,0
2022-04,LH,공공임대,전남,0
2022-04,LH,공공임대,경북,0
2022-04,LH,공공임대,경남,0
2022-04,LH,공공임대,제주,0
2022-04,LH,공공분양,전국,0
2022-04,LH,공공분양,서울,0
2022-04,LH,공공분양,인천,0
2022-04,LH,공공분양,경기,0
2022-04,LH,공공분양,부산,0
2022-04,LH,공공분양,대구,0
2022-04,LH,공공분양,광주,0
2022-04,LH,공공분양,대전,0
2022-04,LH,공공분양,울산,0
2022-04,LH,공공분양,세종,0
2022-04,LH,공공분양,강원,0
2022-04,LH,공공분양,충북,0
2022-04,LH,공공분양,충남,0
2022-04,LH,공공분양,전북,0
2022-04,LH,공공분양,전남,0
2022-04,LH,공공분양,경북,0
2022-04,LH,공공분양,경남,0
2022-04,LH,공공분양,제주,0
2022-04,주택업체,소계,전국,544
2022-04,주택업체,소계,서울,1
2022-04,주택업체,소계,인천,0
2022-04,주택업체,소계,경기,0
2022-04,주택업체,소계,부산,0
2022-04,주택업체,소계,대구,366
2022-04,주택업체,소계,광주,0
2022-04,주택업체,소계,대전,162
2022-04,주택업체,소계,울산,0
2022-04,주택업체,소계,세종,0
2022-04,주택업체,소계,강원,0
2022-04,주택업체,소계,충북,0
2022-04,주택업체,소계,충남,0
2022-04,주택업체,소계,전북,0
2022-04,주택업체,소계,전남,0
2022-04,주택업체,소계,경북,0
2022-04,주택업체,소계,경남,0
2022-04,주택업체,소계,제주,15
2022-04,주택업체,국민임대,전국,15
2022-04,주택업체,국민임대,서울,0
2022-04,주택업체,국민임대,인천,0
2022-04,주택업체,국민임대,경기,0
2022-04,주택업체,국민임대,부산,0
2022-04,주택업체,국민임대,대구,0
2022-04,주택업체,국민임대,광주,0
2022-04,주택업체,국민임대,대전,0
2022-04,주택업체,국민임대,울산,0
2022-04,주택업체,국민임대,세종,0
2022-04,주택업체,국민임대,강원,0
2022-04,주택업체,국민임대,충북,0
2022-04,주택업체,국민임대,충남,0
2022-04,주택업체,국민임대,전북,0
2022-04,주택업체,국민임대,전남,0
2022-04,주택업체,국민임대,경북,0
2022-04,주택업체,국민임대,경남,0
2022-04,주택업체,국민임대,제주,15
2022-04,주택업체,공공임대,전국,163
2022-04,주택업체,공공임대,서울,1
2022-04,주택업체,공공임대,인천,0
2022-04,주택업체,공공임대,경기,0
2022-04,주택업체,공공임대,부산,0
2022-04,주택업체,공공임대,대구,0
2022-04,주택업체,공공임대,광주,0
2022-04,주택업체,공공임대,대전,162
2022-04,주택업체,공공임대,울산,0
2022-04,주택업체,공공임대,세종,0
2022-04,주택업체,공공임대,강원,0
2022-04,주택업체,공공임대,충북,0
2022-04,주택업체,공공임대,충남,0
2022-04,주택업체,공공임대,전북,0
2022-04,주택업체,공공임대,전남,0
2022-04,주택업체,공공임대,경북,0
2022-04,주택업체,공공임대,경남,0
2022-04,주택업체,공공임대,제주,0
2022-04,주택업체,공공분양,전국,366
2022-04,주택업체,공공분양,서울,0
2022-04,주택업체,공공분양,인천,0
2022-04,주택업체,공공분양,경기,0
2022-04,주택업체,공공분양,부산,0
2022-04,주택업체,공공분양,대구,366
2022-04,주택업체,공공분양,광주,0
2022-04,주택업체,공공분양,대전,0
2022-04,주택업체,공공분양,울산,0
2022-04,주택업체,공공분양,세종,0
2022-04,주택업체,공공분양,강원,0
2022-04,주택업체,공공분양,충북,0
2022-04,주택업체,공공분양,충남,0
2022-04,주택업체,공공분양,전북,0
2022-04,주택업체,공공분양,전남,0
2022-04,주택업체,공공분양,경북,0
2022-04,주택업체,공공분양,경남,0
2022-04,주택업체,공공분양,제주,0
2022-04,민간부문,소계,전국,33,969
2022-04,민간부문,소계,서울,5,301
2022-04,민간부문,소계,인천,3,467
2022-04,민간부문,소계,경기,7,540
2022-04,민간부문,소계,부산,1,289
2022-04,민간부문,소계,대구,1,964
2022-04,민간부문,소계,광주,400
2022-04,민간부문,소계,대전,353
2022-04,민간부문,소계,울산,138
2022-04,민간부문,소계,세종,68
2022-04,민간부문,소계,강원,1,602
2022-04,민간부문,소계,충북,2,138
2022-04,민간부문,소계,충남,1,353
2022-04,민간부문,소계,전북,1,576
2022-04,민간부문,소계,전남,2,112
2022-04,민간부문,소계,경북,499
2022-04,민간부문,소계,경남,3,597
2022-04,민간부문,소계,제주,572
2022-04,민간,민간임대,전국,3,162
2022-04,민간,민간임대,서울,58
2022-04,민간,민간임대,인천,0
2022-04,민간,민간임대,경기,0
2022-04,민간,민간임대,부산,0
2022-04,민간,민간임대,대구,0
2022-04,민간,민간임대,광주,0
2022-04,민간,민간임대,대전,0
2022-04,민간,민간임대,울산,0
2022-04,민간,민간임대,세종,0
2022-04,민간,민간임대,강원,1,114
2022-04,민간,민간임대,충북,0
2022-04,민간,민간임대,충남,824
2022-04,민간,민간임대,전북,342
2022-04,민간,민간임대,전남,0
2022-04,민간,민간임대,경북,0
2022-04,민간,민간임대,경남,824
2022-04,민간,민간임대,제주,0
2022-04,민간,민간분양,전국,30,807
2022-04,민간,민간분양,서울,5,243
2022-04,민간,민간분양,인천,3,467
2022-04,민간,민간분양,경기,7,540
2022-04,민간,민간분양,부산,1,289
2022-04,민간,민간분양,대구,1,964
2022-04,민간,민간분양,광주,400
2022-04,민간,민간분양,대전,353
2022-04,민간,민간분양,울산,138
2022-04,민간,민간분양,세종,68
2022-04,민간,민간분양,강원,488
2022-04,민간,민간분양,충북,2,138
2022-04,민간,민간분양,충남,529
2022-04,민간,민간분양,전북,1,234
2022-04,민간,민간분양,전남,2,112
2022-04,민간,민간분양,경북,499
2022-04,민간,민간분양,경남,2,773
2022-04,민간,민간분양,제주,572
2022-05,총계,총계,전국,31,882
2022-05,총계,총계,서울,3,867
2022-05,총계,총계,인천,2,603
2022-05,총계,총계,경기,7,619
2022-05,총계,총계,부산,2,099
2022-05,총계,총계,대구,1,798
2022-05,총계,총계,광주,1,504
2022-05,총계,총계,대전,146
2022-05,총계,총계,울산,577
2022-05,총계,총계,세종,45
2022-05,총계,총계,강원,1,074
2022-05,총계,총계,충북,1,691
2022-05,총계,총계,충남,1,223
2022-05,총계,총계,전북,452
2022-05,총계,총계,전남,1,040
2022-05,총계,총계,경북,4,490
2022-05,총계,총계,경남,1,170
2022-05,총계,총계,제주,484
2022-05,공공부문,소계,전국,5,104
2022-05,공공부문,소계,서울,1,042
2022-05,공공부문,소계,인천,1,535
2022-05,공공부문,소계,경기,421
2022-05,공공부문,소계,부산,1,906
2022-05,공공부문,소계,대구,0
2022-05,공공부문,소계,광주,0
2022-05,공공부문,소계,대전,0
2022-05,공공부문,소계,울산,0
2022-05,공공부문,소계,세종,0
2022-05,공공부문,소계,강원,200
2022-05,공공부문,소계,충북,0
2022-05,공공부문,소계,충남,0
2022-05,공공부문,소계,전북,0
2022-05,공공부문,소계,전남,0
2022-05,공공부문,소계,경북,0
2022-05,공공부문,소계,경남,0
2022-05,공공부문,소계,제주,0
2022-05,합,국민임대,전국,449
2022-05,합,국민임대,서울,0
2022-05,합,국민임대,인천,0
2022-05,합,국민임대,경기,289
2022-05,합,국민임대,부산,0
2022-05,합,국민임대,대구,0
2022-05,합,국민임대,광주,0
2022-05,합,국민임대,대전,0
2022-05,합,국민임대,울산,0
2022-05,합,국민임대,세종,0
2022-05,합,국민임대,강원,160
2022-05,합,국민임대,충북,0
2022-05,합,국민임대,충남,0
2022-05,합,국민임대,전북,0
2022-05,합,국민임대,전남,0
2022-05,합,국민임대,경북,0
2022-05,합,국민임대,경남,0
2022-05,합,국민임대,제주,0
2022-05,합,공공임대,전국,888
2022-05,합,공공임대,서울,716
2022-05,합,공공임대,인천,0
2022-05,합,공공임대,경기,132
2022-05,합,공공임대,부산,0
2022-05,합,공공임대,대구,0
2022-05,합,공공임대,광주,0
2022-05,합,공공임대,대전,0
2022-05,합,공공임대,울산,0
2022-05,합,공공임대,세종,0
2022-05,합,공공임대,강원,40
2022-05,합,공공임대,충북,0
2022-05,합,공공임대,충남,0
2022-05,합,공공임대,전북,0
2022-05,합,공공임대,전남,0
2022-05,합,공공임대,경북,0
2022-05,합,공공임대,경남,0
2022-05,합,공공임대,제주,0
2022-05,합,공공분양,전국,3,767
2022-05,합,공공분양,서울,326
2022-05,합,공공분양,인천,1,535
2022-05,합,공공분양,경기,0
2022-05,합,공공분양,부산,1,906
2022-05,합,공공분양,대구,0
2022-05,합,공공분양,광주,0
2022-05,합,공공분양,대전,0
2022-05,합,공공분양,울산,0
2022-05,합,공공분양,세종,0
2022-05,합,공공분양,강원,0
2022-05,합,공공분양,충북,0
2022-05,합,공공분양,충남,0
2022-05,합,공공분양,전북,0
2022-05,합,공공분양,전남,0
2022-05,합,공공분양,경북,0
2022-05,합,공공분양,경남,0
2022-05,합,공공분양,제주,0
2022-05,지자체,소계,전국,953
2022-05,지자체,소계,서울,0
2022-05,지자체,소계,인천,0
2022-05,지자체,소계,경기,0
2022-05,지자체,소계,부산,953
2022-05,지자체,소계,대구,0
2022-05,지자체,소계,광주,0
2022-05,지자체,소계,대전,0
2022-05,지자체,소계,울산,0
2022-05,지자체,소계,세종,0
2022-05,지자체,소계,강원,0
2022-05,지자체,소계,충북,0
2022-05,지자체,소계,충남,0
2022-05,지자체,소계,전북,0
2022-05,지자체,소계,전남,0
2022-05,지자체,소계,경북,0
2022-05,지자체,소계,경남,0
2022-05,지자체,소계,제주,0
2022-05,지자체,국민임대,전국,0
2022-05,지자체,국민임대,서울,0
2022-05,지자체,국민임대,인천,0
2022-05,지자체,국민임대,경기,0
2022-05,지자체,국민임대,부산,0
2022-05,지자체,국민임대,대구,0
2022-05,지자체,국민임대,광주,0
2022-05,지자체,국민임대,대전,0
2022-05,지자체,국민임대,울산,0
2022-05,지자체,국민임대,세종,0
2022-05,지자체,국민임대,강원,0
2022-05,지자체,국민임대,충북,0
2022-05,지자체,국민임대,충남,0
2022-05,지자체,국민임대,전북,0
2022-05,지자체,국민임대,전남,0
2022-05,지자체,국민임대,경북,0
2022-05,지자체,국민임대,경남,0
2022-05,지자체,국민임대,제주,0
2022-05,지자체,공공임대,전국,0
2022-05,지자체,공공임대,서울,0
2022-05,지자체,공공임대,인천,0
2022-05,지자체,공공임대,경기,0
2022-05,지자체,공공임대,부산,0
2022-05,지자체,공공임대,대구,0
2022-05,지자체,공공임대,광주,0
2022-05,지자체,공공임대,대전,0
2022-05,지자체,공공임대,울산,0
2022-05,지자체,공공임대,세종,0
2022-05,지자체,공공임대,강원,0
2022-05,지자체,공공임대,충북,0
2022-05,지자체,공공임대,충남,0
2022-05,지자체,공공임대,전북,0
2022-05,지자체,공공임대,전남,0
2022-05,지자체,공공임대,경북,0
2022-05,지자체,공공임대,경남,0
2022-05,지자체,공공임대,제주,0
2022-05,지자체,공공분양,전국,953
2022-05,지자체,공공분양,서울,0
2022-05,지자체,공공분양,인천,0
2022-05,지자체,공공분양,경기,0
2022-05,지자체,공공분양,부산,953
2022-05,지자체,공공분양,대구,0
2022-05,지자체,공공분양,광주,0
2022-05,지자체,공공분양,대전,0
2022-05,지자체,공공분양,울산,0
2022-05,지자체,공공분양,세종,0
2022-05,지자체,공공분양,강원,0
2022-05,지자체,공공분양,충북,0
2022-05,지자체,공공분양,충남,0
2022-05,지자체,공공분양,전북,0
2022-05,지자체,공공분양,전남,0
2022-05,지자체,공공분양,경북,0
2022-05,지자체,공공분양,경남,0
2022-05,지자체,공공분양,제주,0
2022-05,LH,소계,전국,621
2022-05,LH,소계,서울,0
2022-05,LH,소계,인천,0
2022-05,LH,소계,경기,421
2022-05,LH,소계,부산,0
2022-05,LH,소계,대구,0
2022-05,LH,소계,광주,0
2022-05,LH,소계,대전,0
2022-05,LH,소계,울산,0
2022-05,LH,소계,세종,0
2022-05,LH,소계,강원,200
2022-05,LH,소계,충북,0
2022-05,LH,소계,충남,0
2022-05,LH,소계,전북,0
2022-05,LH,소계,전남,0
2022-05,LH,소계,경북,0
2022-05,LH,소계,경남,0
2022-05,LH,소계,제주,0
2022-05,LH,국민임대,전국,449
2022-05,LH,국민임대,서울,0
2022-05,LH,국민임대,인천,0
2022-05,LH,국민임대,경기,289
2022-05,LH,국민임대,부산,0
2022-05,LH,국민임대,대구,0
2022-05,LH,국민임대,광주,0
2022-05,LH,국민임대,대전,0
2022-05,LH,국민임대,울산,0
2022-05,LH,국민임대,세종,0
2022-05,LH,국민임대,강원,160
2022-05,LH,국민임대,충북,0
2022-05,LH,국민임대,충남,0
2022-05,LH,국민임대,전북,0
2022-05,LH,국민임대,전남,0
2022-05,LH,국민임대,경북,0
2022-05,LH,국민임대,경남,0
2022-05,LH,국민임대,제주,0
2022-05,LH,공공임대,전국,172
2022-05,LH,공공임대,서울,0
2022-05,LH,공공임대,인천,0
2022-05,LH,공공임대,경기,132
2022-05,LH,공공임대,부산,0
2022-05,LH,공공임대,대구,0
2022-05,LH,공공임대,광주,0
2022-05,LH,공공임대,대전,0
2022-05,LH,공공임대,울산,0
2022-05,LH,공공임대,세종,0
2022-05,LH,공공임대,강원,40
2022-05,LH,공공임대,충북,0
2022-05,LH,공공임대,충남,0
2022-05,LH,공공임대,전북,0
2022-05,LH,공공임대,전남,0
2022-05,LH,공공임대,경북,0
2022-05,LH,공공임대,경남,0
2022-05,LH,공공임대,제주,0
2022-05,LH,공공분양,전국,0
2022-05,LH,공공분양,서울,0
2022-05,LH,공공분양,인천,0
2022-05,LH,공공분양,경기,0
2022-05,LH,공공분양,부산,0
2022-05,LH,공공분양,대구,0
2022-05,LH,공공분양,광주,0
2022-05,LH,공공분양,대전,0
2022-05,LH,공공분양,울산,0
2022-05,LH,공공분양,세종,0
2022-05,LH,공공분양,강원,0
2022-05,LH,공공분양,충북,0
2022-05,LH,공공분양,충남,0
2022-05,LH,공공분양,전북,0
2022-05,LH,공공분양,전남,0
2022-05,LH,공공분양,경북,0
2022-05,LH,공공분양,경남,0
2022-05,LH,공공분양,제주,0
2022-05,주택업체,소계,전국,3,530
2022-05,주택업체,소계,서울,1,042
2022-05,주택업체,소계,인천,1,535
2022-05,주택업체,소계,경기,0
2022-05,주택업체,소계,부산,953
2022-05,주택업체,소계,대구,0
2022-05,주택업체,소계,광주,0
2022-05,주택업체,소계,대전,0
2022-05,주택업체,소계,울산,0
2022-05,주택업체,소계,세종,0
2022-05,주택업체,소계,강원,0
2022-05,주택업체,소계,충북,0
2022-05,주택업체,소계,충남,0
2022-05,주택업체,소계,전북,0
2022-05,주택업체,소계,전남,0
2022-05,주택업체,소계,경북,0
2022-05,주택업체,소계,경남,0
2022-05,주택업체,소계,제주,0
2022-05,주택업체,국민임대,전국,0
2022-05,주택업체,국민임대,서울,0
2022-05,주택업체,국민임대,인천,0
2022-05,주택업체,국민임대,경기,0
2022-05,주택업체,국민임대,부산,0
2022-05,주택업체,국민임대,대구,0
2022-05,주택업체,국민임대,광주,0
2022-05,주택업체,국민임대,대전,0
2022-05,주택업체,국민임대,울산,0
2022-05,주택업체,국민임대,세종,0
2022-05,주택업체,국민임대,강원,0
2022-05,주택업체,국민임대,충북,0
2022-05,주택업체,국민임대,충남,0
2022-05,주택업체,국민임대,전북,0
2022-05,주택업체,국민임대,전남,0
2022-05,주택업체,국민임대,경북,0
2022-05,주택업체,국민임대,경남,0
2022-05,주택업체,국민임대,제주,0
2022-05,주택업체,공공임대,전국,716
2022-05,주택업체,공공임대,서울,716
2022-05,주택업체,공공임대,인천,0
2022-05,주택업체,공공임대,경기,0
2022-05,주택업체,공공임대,부산,0
2022-05,주택업체,공공임대,대구,0
2022-05,주택업체,공공임대,광주,0
2022-05,주택업체,공공임대,대전,0
2022-05,주택업체,공공임대,울산,0
2022-05,주택업체,공공임대,세종,0
2022-05,주택업체,공공임대,강원,0
2022-05,주택업체,공공임대,충북,0
2022-05,주택업체,공공임대,충남,0
2022-05,주택업체,공공임대,전북,0
2022-05,주택업체,공공임대,전남,0
2022-05,주택업체,공공임대,경북,0
2022-05,주택업체,공공임대,경남,0
2022-05,주택업체,공공임대,제주,0
2022-05,주택업체,공공분양,전국,2,814
2022-05,주택업체,공공분양,서울,326
2022-05,주택업체,공공분양,인천,1,535
2022-05,주택업체,공공분양,경기,0
2022-05,주택업체,공공분양,부산,953
2022-05,주택업체,공공분양,대구,0
2022-05,주택업체,공공분양,광주,0
2022-05,주택업체,공공분양,대전,0
2022-05,주택업체,공공분양,울산,0
2022-05,주택업체,공공분양,세종,0
2022-05,주택업체,공공분양,강원,0
2022-05,주택업체,공공분양,충북,0
2022-05,주택업체,공공분양,충남,0
2022-05,주택업체,공공분양,전북,0
2022-05,주택업체,공공분양,전남,0
2022-05,주택업체,공공분양,경북,0
2022-05,주택업체,공공분양,경남,0
2022-05,주택업체,공공분양,제주,0
2022-05,민간부문,소계,전국,26,778
2022-05,민간부문,소계,서울,2,825
2022-05,민간부문,소계,인천,1,068
2022-05,민간부문,소계,경기,7,198
2022-05,민간부문,소계,부산,193
2022-05,민간부문,소계,대구,1,798
2022-05,민간부문,소계,광주,1,504
2022-05,민간부문,소계,대전,146
2022-05,민간부문,소계,울산,577
2022-05,민간부문,소계,세종,45
2022-05,민간부문,소계,강원,874
2022-05,민간부문,소계,충북,1,691
2022-05,민간부문,소계,충남,1,223
2022-05,민간부문,소계,전북,452
2022-05,민간부문,소계,전남,1,040
2022-05,민간부문,소계,경북,4,490
2022-05,민간부문,소계,경남,1,170
2022-05,민간부문,소계,제주,484
2022-05,민간,민간임대,전국,256
2022-05,민간,민간임대,서울,0
2022-05,민간,민간임대,인천,0
2022-05,민간,민간임대,경기,0
2022-05,민간,민간임대,부산,0
2022-05,민간,민간임대,대구,0
2022-05,민간,민간임대,광주,0
2022-05,민간,민간임대,대전,0
2022-05,민간,민간임대,울산,0
2022-05,민간,민간임대,세종,0
2022-05,민간,민간임대,강원,0
2022-05,민간,민간임대,충북,0
2022-05,민간,민간임대,충남,0
2022-05,민간,민간임대,전북,168
2022-05,민간,민간임대,전남,0
2022-05,민간,민간임대,경북,0
2022-05,민간,민간임대,경남,0
2022-05,민간,민간임대,제주,88
2022-05,민간,민간분양,전국,26,522
2022-05,민간,민간분양,서울,2,825
2022-05,민간,민간분양,인천,1,068
2022-05,민간,민간분양,경기,7,198
2022-05,민간,민간분양,부산,193
2022-05,민간,민간분양,대구,1,798
2022-05,민간,민간분양,광주,1,504
2022-05,민간,민간분양,대전,146
2022-05,민간,민간분양,울산,577
2022-05,민간,민간분양,세종,45
2022-05,민간,민간분양,강원,874
2022-05,민간,민간분양,충북,1,691
2022-05,민간,민간분양,충남,1,223
2022-05,민간,민간분양,전북,284
2022-05,민간,민간분양,전남,1,040
2022-05,민간,민간분양,경북,4,490
2022-05,민간,민간분양,경남,1,170
2022-05,민간,민간분양,제주,396
2022-06,총계,총계,전국,38,922
2022-06,총계,총계,서울,8,696
2022-06,총계,총계,인천,2,442
2022-06,총계,총계,경기,6,889
2022-06,총계,총계,부산,2,052
2022-06,총계,총계,대구,996
2022-06,총계,총계,광주,620
2022-06,총계,총계,대전,948
2022-06,총계,총계,울산,1,901
2022-06,총계,총계,세종,23
2022-06,총계,총계,강원,1,703
2022-06,총계,총계,충북,1,916
2022-06,총계,총계,충남,2,171
2022-06,총계,총계,전북,602
2022-06,총계,총계,전남,2,488
2022-06,총계,총계,경북,3,000
2022-06,총계,총계,경남,1,633
2022-06,총계,총계,제주,842
2022-06,공공부문,소계,전국,6,805
2022-06,공공부문,소계,서울,4,377
2022-06,공공부문,소계,인천,0
2022-06,공공부문,소계,경기,320
2022-06,공공부문,소계,부산,856
2022-06,공공부문,소계,대구,0
2022-06,공공부문,소계,광주,0
2022-06,공공부문,소계,대전,0
2022-06,공공부문,소계,울산,1,252
2022-06,공공부문,소계,세종,0
2022-06,공공부문,소계,강원,0
2022-06,공공부문,소계,충북,0
2022-06,공공부문,소계,충남,0
2022-06,공공부문,소계,전북,0
2022-06,공공부문,소계,전남,0
2022-06,공공부문,소계,경북,0
2022-06,공공부문,소계,경남,0
2022-06,공공부문,소계,제주,0
2022-06,합,국민임대,전국,46
2022-06,합,국민임대,서울,46
2022-06,합,국민임대,인천,0
2022-06,합,국민임대,경기,0
2022-06,합,국민임대,부산,0
2022-06,합,국민임대,대구,0
2022-06,합,국민임대,광주,0
2022-06,합,국민임대,대전,0
2022-06,합,국민임대,울산,0
2022-06,합,국민임대,세종,0
2022-06,합,국민임대,강원,0
2022-06,합,국민임대,충북,0
2022-06,합,국민임대,충남,0
2022-06,합,국민임대,전북,0
2022-06,합,국민임대,전남,0
2022-06,합,국민임대,경북,0
2022-06,합,국민임대,경남,0
2022-06,합,국민임대,제주,0
2022-06,합,공공임대,전국,4,651
2022-06,합,공공임대,서울,4,331
2022-06,합,공공임대,인천,0
2022-06,합,공공임대,경기,320
2022-06,합,공공임대,부산,0
2022-06,합,공공임대,대구,0
2022-06,합,공공임대,광주,0
2022-06,합,공공임대,대전,0
2022-06,합,공공임대,울산,0
2022-06,합,공공임대,세종,0
2022-06,합,공공임대,강원,0
2022-06,합,공공임대,충북,0
2022-06,합,공공임대,충남,0
2022-06,합,공공임대,전북,0
2022-06,합,공공임대,전남,0
2022-06,합,공공임대,경북,0
2022-06,합,공공임대,경남,0
2022-06,합,공공임대,제주,0
2022-06,합,공공분양,전국,2,108
2022-06,합,공공분양,서울,0
2022-06,합,공공분양,인천,0
2022-06,합,공공분양,경기,0
2022-06,합,공공분양,부산,856
2022-06,합,공공분양,대구,0
2022-06,합,공공분양,광주,0
2022-06,합,공공분양,대전,0
2022-06,합,공공분양,울산,1,252
2022-06,합,공공분양,세종,0
2022-06,합,공공분양,강원,0
2022-06,합,공공분양,충북,0
2022-06,합,공공분양,충남,0
2022-06,합,공공분양,전북,0
2022-06,합,공공분양,전남,0
2022-06,합,공공분양,경북,0
2022-06,합,공공분양,경남,0
2022-06,합,공공분양,제주,0
2022-06,지자체,소계,전국,46
2022-06,지자체,소계,서울,46
2022-06,지자체,소계,인천,0
2022-06,지자체,소계,경기,0
2022-06,지자체,소계,부산,0
2022-06,지자체,소계,대구,0
2022-06,지자체,소계,광주,0
2022-06,지자체,소계,대전,0
2022-06,지자체,소계,울산,0
2022-06,지자체,소계,세종,0
2022-06,지자체,소계,강원,0
2022-06,지자체,소계,충북,0
2022-06,지자체,소계,충남,0
2022-06,지자체,소계,전북,0
2022-06,지자체,소계,전남,0
2022-06,지자체,소계,경북,0
2022-06,지자체,소계,경남,0
2022-06,지자체,소계,제주,0
2022-06,지자체,국민임대,전국,46
2022-06,지자체,국민임대,서울,46
2022-06,지자체,국민임대,인천,0
2022-06,지자체,국민임대,경기,0
2022-06,지자체,국민임대,부산,0
2022-06,지자체,국민임대,대구,0
2022-06,지자체,국민임대,광주,0
2022-06,지자체,국민임대,대전,0
2022-06,지자체,국민임대,울산,0
2022-06,지자체,국민임대,세종,0
2022-06,지자체,국민임대,강원,0
2022-06,지자체,국민임대,충북,0
2022-06,지자체,국민임대,충남,0
2022-06,지자체,국민임대,전북,0
2022-06,지자체,국민임대,전남,0
2022-06,지자체,국민임대,경북,0
2022-06,지자체,국민임대,경남,0
2022-06,지자체,국민임대,제주,0
2022-06,지자체,공공임대,전국,0
2022-06,지자체,공공임대,서울,0
2022-06,지자체,공공임대,인천,0
2022-06,지자체,공공임대,경기,0
2022-06,지자체,공공임대,부산,0
2022-06,지자체,공공임대,대구,0
2022-06,지자체,공공임대,광주,0
2022-06,지자체,공공임대,대전,0
2022-06,지자체,공공임대,울산,0
2022-06,지자체,공공임대,세종,0
2022-06,지자체,공공임대,강원,0
2022-06,지자체,공공임대,충북,0
2022-06,지자체,공공임대,충남,0
2022-06,지자체,공공임대,전북,0
2022-06,지자체,공공임대,전남,0
2022-06,지자체,공공임대,경북,0
2022-06,지자체,공공임대,경남,0
2022-06,지자체,공공임대,제주,0
2022-06,지자체,공공분양,전국,0
2022-06,지자체,공공분양,서울,0
2022-06,지자체,공공분양,인천,0
2022-06,지자체,공공분양,경기,0
2022-06,지자체,공공분양,부산,0
2022-06,지자체,공공분양,대구,0
2022-06,지자체,공공분양,광주,0
2022-06,지자체,공공분양,대전,0
2022-06,지자체,공공분양,울산,0
2022-06,지자체,공공분양,세종,0
2022-06,지자체,공공분양,강원,0
2022-06,지자체,공공분양,충북,0
2022-06,지자체,공공분양,충남,0
2022-06,지자체,공공분양,전북,0
2022-06,지자체,공공분양,전남,0
2022-06,지자체,공공분양,경북,0
2022-06,지자체,공공분양,경남,0
2022-06,지자체,공공분양,제주,0
2022-06,LH,소계,전국,1,252
2022-06,LH,소계,서울,0
2022-06,LH,소계,인천,0
2022-06,LH,소계,경기,0
2022-06,LH,소계,부산,0
2022-06,LH,소계,대구,0
2022-06,LH,소계,광주,0
2022-06,LH,소계,대전,0
2022-06,LH,소계,울산,1,252
2022-06,LH,소계,세종,0
2022-06,LH,소계,강원,0
2022-06,LH,소계,충북,0
2022-06,LH,소계,충남,0
2022-06,LH,소계,전북,0
2022-06,LH,소계,전남,0
2022-06,LH,소계,경북,0
2022-06,LH,소계,경남,0
2022-06,LH,소계,제주,0
2022-06,LH,국민임대,전국,0
2022-06,LH,국민임대,서울,0
2022-06,LH,국민임대,인천,0
2022-06,LH,국민임대,경기,0
2022-06,LH,국민임대,부산,0
2022-06,LH,국민임대,대구,0
2022-06,LH,국민임대,광주,0
2022-06,LH,국민임대,대전,0
2022-06,LH,국민임대,울산,0
2022-06,LH,국민임대,세종,0
2022-06,LH,국민임대,강원,0
2022-06,LH,국민임대,충북,0
2022-06,LH,국민임대,충남,0
2022-06,LH,국민임대,전북,0
2022-06,LH,국민임대,전남,0
2022-06,LH,국민임대,경북,0
2022-06,LH,국민임대,경남,0
2022-06,LH,국민임대,제주,0
2022-06,LH,공공임대,전국,0
2022-06,LH,공공임대,서울,0
2022-06,LH,공공임대,인천,0
2022-06,LH,공공임대,경기,0
2022-06,LH,공공임대,부산,0
2022-06,LH,공공임대,대구,0
2022-06,LH,공공임대,광주,0
2022-06,LH,공공임대,대전,0
2022-06,LH,공공임대,울산,0
2022-06,LH,공공임대,세종,0
2022-06,LH,공공임대,강원,0
2022-06,LH,공공임대,충북,0
2022-06,LH,공공임대,충남,0
2022-06,LH,공공임대,전북,0
2022-06,LH,공공임대,전남,0
2022-06,LH,공공임대,경북,0
2022-06,LH,공공임대,경남,0
2022-06,LH,공공임대,제주,0
2022-06,LH,공공분양,전국,1,252
2022-06,LH,공공분양,서울,0
2022-06,LH,공공분양,인천,0
2022-06,LH,공공분양,경기,0
2022-06,LH,공공분양,부산,0
2022-06,LH,공공분양,대구,0
2022-06,LH,공공분양,광주,0
2022-06,LH,공공분양,대전,0
2022-06,LH,공공분양,울산,1,252
2022-06,LH,공공분양,세종,0
2022-06,LH,공공분양,강원,0
2022-06,LH,공공분양,충북,0
2022-06,LH,공공분양,충남,0
2022-06,LH,공공분양,전북,0
2022-06,LH,공공분양,전남,0
2022-06,LH,공공분양,경북,0
2022-06,LH,공공분양,경남,0
2022-06,LH,공공분양,제주,0
2022-06,주택업체,소계,전국,5,507
2022-06,주택업체,소계,서울,4,331
2022-06,주택업체,소계,인천,0
2022-06,주택업체,소계,경기,320
2022-06,주택업체,소계,부산,856
2022-06,주택업체,소계,대구,0
2022-06,주택업체,소계,광주,0
2022-06,주택업체,소계,대전,0
2022-06,주택업체,소계,울산,0
2022-06,주택업체,소계,세종,0
2022-06,주택업체,소계,강원,0
2022-06,주택업체,소계,충북,0
2022-06,주택업체,소계,충남,0
2022-06,주택업체,소계,전북,0
2022-06,주택업체,소계,전남,0
2022-06,주택업체,소계,경북,0
2022-06,주택업체,소계,경남,0
2022-06,주택업체,소계,제주,0
2022-06,주택업체,국민임대,전국,0
2022-06,주택업체,국민임대,서울,0
2022-06,주택업체,국민임대,인천,0
2022-06,주택업체,국민임대,경기,0
2022-06,주택업체,국민임대,부산,0
2022-06,주택업체,국민임대,대구,0
2022-06,주택업체,국민임대,광주,0
2022-06,주택업체,국민임대,대전,0
2022-06,주택업체,국민임대,울산,0
2022-06,주택업체,국민임대,세종,0
2022-06,주택업체,국민임대,강원,0
2022-06,주택업체,국민임대,충북,0
2022-06,주택업체,국민임대,충남,0
2022-06,주택업체,국민임대,전북,0
2022-06,주택업체,국민임대,전남,0
2022-06,주택업체,국민임대,경북,0
2022-06,주택업체,국민임대,경남,0
2022-06,주택업체,국민임대,제주,0
2022-06,주택업체,공공임대,전국,4,651
2022-06,주택업체,공공임대,서울,4,331
2022-06,주택업체,공공임대,인천,0
2022-06,주택업체,공공임대,경기,320
2022-06,주택업체,공공임대,부산,0
2022-06,주택업체,공공임대,대구,0
2022-06,주택업체,공공임대,광주,0
2022-06,주택업체,공공임대,대전,0
2022-06,주택업체,공공임대,울산,0
2022-06,주택업체,공공임대,세종,0
2022-06,주택업체,공공임대,강원,0
2022-06,주택업체,공공임대,충북,0
2022-06,주택업체,공공임대,충남,0
2022-06,주택업체,공공임대,전북,0
2022-06,주택업체,공공임대,전남,0
2022-06,주택업체,공공임대,경북,0
2022-06,주택업체,공공임대,경남,0
2022-06,주택업체,공공임대,제주,0
2022-06,주택업체,공공분양,전국,856
2022-06,주택업체,공공분양,서울,0
2022-06,주택업체,공공분양,인천,0
2022-06,주택업체,공공분양,경기,0
2022-06,주택업체,공공분양,부산,856
2022-06,주택업체,공공분양,대구,0
2022-06,주택업체,공공분양,광주,0
2022-06,주택업체,공공분양,대전,0
2022-06,주택업체,공공분양,울산,0
2022-06,주택업체,공공분양,세종,0
2022-06,주택업체,공공분양,강원,0
2022-06,주택업체,공공분양,충북,0
2022-06,주택업체,공공분양,충남,0
2022-06,주택업체,공공분양,전북,0
2022-06,주택업체,공공분양,전남,0
2022-06,주택업체,공공분양,경북,0
2022-06,주택업체,공공분양,경남,0
2022-06,주택업체,공공분양,제주,0
2022-06,민간부문,소계,전국,32,117
2022-06,민간부문,소계,서울,4,319
2022-06,민간부문,소계,인천,2,442
2022-06,민간부문,소계,경기,6,569
2022-06,민간부문,소계,부산,1,196
2022-06,민간부문,소계,대구,996
2022-06,민간부문,소계,광주,620
2022-06,민간부문,소계,대전,948
2022-06,민간부문,소계,울산,649
2022-06,민간부문,소계,세종,23
2022-06,민간부문,소계,강원,1,703
2022-06,민간부문,소계,충북,1,916
2022-06,민간부문,소계,충남,2,171
2022-06,민간부문,소계,전북,602
2022-06,민간부문,소계,전남,2,488
2022-06,민간부문,소계,경북,3,000
2022-06,민간부문,소계,경남,1,633
2022-06,민간부문,소계,제주,842
2022-06,민간,민간임대,전국,2,889
2022-06,민간,민간임대,서울,330
2022-06,민간,민간임대,인천,0
2022-06,민간,민간임대,경기,1,754
2022-06,민간,민간임대,부산,0
2022-06,민간,민간임대,대구,0
2022-06,민간,민간임대,광주,0
2022-06,민간,민간임대,대전,0
2022-06,민간,민간임대,울산,0
2022-06,민간,민간임대,세종,0
2022-06,민간,민간임대,강원,0
2022-06,민간,민간임대,충북,0
2022-06,민간,민간임대,충남,0
2022-06,민간,민간임대,전북,120
2022-06,민간,민간임대,전남,685
2022-06,민간,민간임대,경북,0
2022-06,민간,민간임대,경남,0
2022-06,민간,민간임대,제주,0
2022-06,민간,민간분양,전국,29,228
2022-06,민간,민간분양,서울,3,989
2022-06,민간,민간분양,인천,2,442
2022-06,민간,민간분양,경기,4,815
2022-06,민간,민간분양,부산,1,196
2022-06,민간,민간분양,대구,996
2022-06,민간,민간분양,광주,620
2022-06,민간,민간분양,대전,948
2022-06,민간,민간분양,울산,649
2022-06,민간,민간분양,세종,23
2022-06,민간,민간분양,강원,1,703
2022-06,민간,민간분양,충북,1,916
2022-06,민간,민간분양,충남,2,171
2022-06,민간,민간분양,전북,482
2022-06,민간,민간분양,전남,1,803
2022-06,민간,민간분양,경북,3,000
2022-06,민간,민간분양,경남,1,633
2022-06,민간,민간분양,제주,842
2022-07,총계,총계,전국,44,508
2022-07,총계,총계,서울,7,579
2022-07,총계,총계,인천,493
2022-07,총계,총계,경기,8,337
2022-07,총계,총계,부산,5,695
2022-07,총계,총계,대구,2,809
2022-07,총계,총계,광주,423
2022-07,총계,총계,대전,2,430
2022-07,총계,총계,울산,867
2022-07,총계,총계,세종,214
2022-07,총계,총계,강원,1,385
2022-07,총계,총계,충북,593
2022-07,총계,총계,충남,2,668
2022-07,총계,총계,전북,1,074
2022-07,총계,총계,전남,681
2022-07,총계,총계,경북,5,221
2022-07,총계,총계,경남,3,553
2022-07,총계,총계,제주,486
2022-07,공공부문,소계,전국,2,299
2022-07,공공부문,소계,서울,37
2022-07,공공부문,소계,인천,0
2022-07,공공부문,소계,경기,1,997
2022-07,공공부문,소계,부산,0
2022-07,공공부문,소계,대구,13
2022-07,공공부문,소계,광주,0
2022-07,공공부문,소계,대전,0
2022-07,공공부문,소계,울산,0
2022-07,공공부문,소계,세종,200
2022-07,공공부문,소계,강원,0
2022-07,공공부문,소계,충북,0
2022-07,공공부문,소계,충남,0
2022-07,공공부문,소계,전북,0
2022-07,공공부문,소계,전남,0
2022-07,공공부문,소계,경북,0
2022-07,공공부문,소계,경남,0
2022-07,공공부문,소계,제주,52
2022-07,합,국민임대,전국,436
2022-07,합,국민임대,서울,0
2022-07,합,국민임대,인천,0
2022-07,합,국민임대,경기,383
2022-07,합,국민임대,부산,0
2022-07,합,국민임대,대구,1
2022-07,합,국민임대,광주,0
2022-07,합,국민임대,대전,0
2022-07,합,국민임대,울산,0
2022-07,합,국민임대,세종,0
2022-07,합,국민임대,강원,0
2022-07,합,국민임대,충북,0
2022-07,합,국민임대,충남,0
2022-07,합,국민임대,전북,0
2022-07,합,국민임대,전남,0
2022-07,합,국민임대,경북,0
2022-07,합,국민임대,경남,0
2022-07,합,국민임대,제주,52
2022-07,합,공공임대,전국,1,395
2022-07,합,공공임대,서울,37
2022-07,합,공공임대,인천,0
2022-07,합,공공임대,경기,1,146
2022-07,합,공공임대,부산,0
2022-07,합,공공임대,대구,12
2022-07,합,공공임대,광주,0
2022-07,합,공공임대,대전,0
2022-07,합,공공임대,울산,0
2022-07,합,공공임대,세종,200
2022-07,합,공공임대,강원,0
2022-07,합,공공임대,충북,0
2022-07,합,공공임대,충남,0
2022-07,합,공공임대,전북,0
2022-07,합,공공임대,전남,0
2022-07,합,공공임대,경북,0
2022-07,합,공공임대,경남,0
2022-07,합,공공임대,제주,0
2022-07,합,공공분양,전국,468
2022-07,합,공공분양,서울,0
2022-07,합,공공분양,인천,0
2022-07,합,공공분양,경기,468
2022-07,합,공공분양,부산,0
2022-07,합,공공분양,대구,0
2022-07,합,공공분양,광주,0
2022-07,합,공공분양,대전,0
2022-07,합,공공분양,울산,0
2022-07,합,공공분양,세종,0
2022-07,합,공공분양,강원,0
2022-07,합,공공분양,충북,0
2022-07,합,공공분양,충남,0
2022-07,합,공공분양,전북,0
2022-07,합,공공분양,전남,0
2022-07,합,공공분양,경북,0
2022-07,합,공공분양,경남,0
2022-07,합,공공분양,제주,0
2022-07,지자체,소계,전국,36
2022-07,지자체,소계,서울,36
2022-07,지자체,소계,인천,0
2022-07,지자체,소계,경기,0
2022-07,지자체,소계,부산,0
2022-07,지자체,소계,대구,0
2022-07,지자체,소계,광주,0
2022-07,지자체,소계,대전,0
2022-07,지자체,소계,울산,0
2022-07,지자체,소계,세종,0
2022-07,지자체,소계,강원,0
2022-07,지자체,소계,충북,0
2022-07,지자체,소계,충남,0
2022-07,지자체,소계,전북,0
2022-07,지자체,소계,전남,0
2022-07,지자체,소계,경북,0
2022-07,지자체,소계,경남,0
2022-07,지자체,소계,제주,0
2022-07,지자체,국민임대,전국,0
2022-07,지자체,국민임대,서울,0
2022-07,지자체,국민임대,인천,0
2022-07,지자체,국민임대,경기,0
2022-07,지자체,국민임대,부산,0
2022-07,지자체,국민임대,대구,0
2022-07,지자체,국민임대,광주,0
2022-07,지자체,국민임대,대전,0
2022-07,지자체,국민임대,울산,0
2022-07,지자체,국민임대,세종,0
2022-07,지자체,국민임대,강원,0
2022-07,지자체,국민임대,충북,0
2022-07,지자체,국민임대,충남,0
2022-07,지자체,국민임대,전북,0
2022-07,지자체,국민임대,전남,0
2022-07,지자체,국민임대,경북,0
2022-07,지자체,국민임대,경남,0
2022-07,지자체,국민임대,제주,0
2022-07,지자체,공공임대,전국,36
2022-07,지자체,공공임대,서울,36
2022-07,지자체,공공임대,인천,0
2022-07,지자체,공공임대,경기,0
2022-07,지자체,공공임대,부산,0
2022-07,지자체,공공임대,대구,0
2022-07,지자체,공공임대,광주,0
2022-07,지자체,공공임대,대전,0
2022-07,지자체,공공임대,울산,0
2022-07,지자체,공공임대,세종,0
2022-07,지자체,공공임대,강원,0
2022-07,지자체,공공임대,충북,0
2022-07,지자체,공공임대,충남,0
2022-07,지자체,공공임대,전북,0
2022-07,지자체,공공임대,전남,0
2022-07,지자체,공공임대,경북,0
2022-07,지자체,공공임대,경남,0
2022-07,지자체,공공임대,제주,0
2022-07,지자체,공공분양,전국,0
2022-07,지자체,공공분양,서울,0
2022-07,지자체,공공분양,인천,0
2022-07,지자체,공공분양,경기,0
2022-07,지자체,공공분양,부산,0
2022-07,지자체,공공분양,대구,0
2022-07,지자체,공공분양,광주,0
2022-07,지자체,공공분양,대전,0
2022-07,지자체,공공분양,울산,0
2022-07,지자체,공공분양,세종,0
2022-07,지자체,공공분양,강원,0
2022-07,지자체,공공분양,충북,0
2022-07,지자체,공공분양,충남,0
2022-07,지자체,공공분양,전북,0
2022-07,지자체,공공분양,전남,0
2022-07,지자체,공공분양,경북,0
2022-07,지자체,공공분양,경남,0
2022-07,지자체,공공분양,제주,0
2022-07,LH,소계,전국,2,197
2022-07,LH,소계,서울,0
2022-07,LH,소계,인천,0
2022-07,LH,소계,경기,1,997
2022-07,LH,소계,부산,0
2022-07,LH,소계,대구,0
2022-07,LH,소계,광주,0
2022-07,LH,소계,대전,0
2022-07,LH,소계,울산,0
2022-07,LH,소계,세종,200
2022-07,LH,소계,강원,0
2022-07,LH,소계,충북,0
2022-07,LH,소계,충남,0
2022-07,LH,소계,전북,0
2022-07,LH,소계,전남,0
2022-07,LH,소계,경북,0
2022-07,LH,소계,경남,0
2022-07,LH,소계,제주,0
2022-07,LH,국민임대,전국,383
2022-07,LH,국민임대,서울,0
2022-07,LH,국민임대,인천,0
2022-07,LH,국민임대,경기,383
2022-07,LH,국민임대,부산,0
2022-07,LH,국민임대,대구,0
2022-07,LH,국민임대,광주,0
2022-07,LH,국민임대,대전,0
2022-07,LH,국민임대,울산,0
2022-07,LH,국민임대,세종,0
2022-07,LH,국민임대,강원,0
2022-07,LH,국민임대,충북,0
2022-07,LH,국민임대,충남,0
2022-07,LH,국민임대,전북,0
2022-07,LH,국민임대,전남,0
2022-07,LH,국민임대,경북,0
2022-07,LH,국민임대,경남,0
2022-07,LH,국민임대,제주,0
2022-07,LH,공공임대,전국,1,346
2022-07,LH,공공임대,서울,0
2022-07,LH,공공임대,인천,0
2022-07,LH,공공임대,경기,1,146
2022-07,LH,공공임대,부산,0
2022-07,LH,공공임대,대구,0
2022-07,LH,공공임대,광주,0
2022-07,LH,공공임대,대전,0
2022-07,LH,공공임대,울산,0
2022-07,LH,공공임대,세종,200
2022-07,LH,공공임대,강원,0
2022-07,LH,공공임대,충북,0
2022-07,LH,공공임대,충남,0
2022-07,LH,공공임대,전북,0
2022-07,LH,공공임대,전남,0
2022-07,LH,공공임대,경북,0
2022-07,LH,공공임대,경남,0
2022-07,LH,공공임대,제주,0
2022-07,LH,공공분양,전국,468
2022-07,LH,공공분양,서울,0
2022-07,LH,공공분양,인천,0
2022-07,LH,공공분양,경기,468
2022-07,LH,공공분양,부산,0
2022-07,LH,공공분양,대구,0
2022-07,LH,공공분양,광주,0
2022-07,LH,공공분양,대전,0
2022-07,LH,공공분양,울산,0
2022-07,LH,공공분양,세종,0
2022-07,LH,공공분양,강원,0
2022-07,LH,공공분양,충북,0
2022-07,LH,공공분양,충남,0
2022-07,LH,공공분양,전북,0
2022-07,LH,공공분양,전남,0
2022-07,LH,공공분양,경북,0
2022-07,LH,공공분양,경남,0
2022-07,LH,공공분양,제주,0
2022-07,주택업체,소계,전국,66
2022-07,주택업체,소계,서울,1
2022-07,주택업체,소계,인천,0
2022-07,주택업체,소계,경기,0
2022-07,주택업체,소계,부산,0
2022-07,주택업체,소계,대구,13
2022-07,주택업체,소계,광주,0
2022-07,주택업체,소계,대전,0
2022-07,주택업체,소계,울산,0
2022-07,주택업체,소계,세종,0
2022-07,주택업체,소계,강원,0
2022-07,주택업체,소계,충북,0
2022-07,주택업체,소계,충남,0
2022-07,주택업체,소계,전북,0
2022-07,주택업체,소계,전남,0
2022-07,주택업체,소계,경북,0
2022-07,주택업체,소계,경남,0
2022-07,주택업체,소계,제주,52
2022-07,주택업체,국민임대,전국,53
2022-07,주택업체,국민임대,서울,0
2022-07,주택업체,국민임대,인천,0
2022-07,주택업체,국민임대,경기,0
2022-07,주택업체,국민임대,부산,0
2022-07,주택업체,국민임대,대구,1
2022-07,주택업체,국민임대,광주,0
2022-07,주택업체,국민임대,대전,0
2022-07,주택업체,국민임대,울산,0
2022-07,주택업체,국민임대,세종,0
2022-07,주택업체,국민임대,강원,0
2022-07,주택업체,국민임대,충북,0
2022-07,주택업체,국민임대,충남,0
2022-07,주택업체,국민임대,전북,0
2022-07,주택업체,국민임대,전남,0
2022-07,주택업체,국민임대,경북,0
2022-07,주택업체,국민임대,경남,0
2022-07,주택업체,국민임대,제주,52
2022-07,주택업체,공공임대,전국,13
2022-07,주택업체,공공임대,서울,1
2022-07,주택업체,공공임대,인천,0
2022-07,주택업체,공공임대,경기,0
2022-07,주택업체,공공임대,부산,0
2022-07,주택업체,공공임대,대구,12
2022-07,주택업체,공공임대,광주,0
2022-07,주택업체,공공임대,대전,0
2022-07,주택업체,공공임대,울산,0
2022-07,주택업체,공공임대,세종,0
2022-07,주택업체,공공임대,강원,0
2022-07,주택업체,공공임대,충북,0
2022-07,주택업체,공공임대,충남,0
2022-07,주택업체,공공임대,전북,0
2022-07,주택업체,공공임대,전남,0
2022-07,주택업체,공공임대,경북,0
2022-07,주택업체,공공임대,경남,0
2022-07,주택업체,공공임대,제주,0
2022-07,주택업체,공공분양,전국,0
2022-07,주택업체,공공분양,서울,0
2022-07,주택업체,공공분양,인천,0
2022-07,주택업체,공공분양,경기,0
2022-07,주택업체,공공분양,부산,0
2022-07,주택업체,공공분양,대구,0
2022-07,주택업체,공공분양,광주,0
2022-07,주택업체,공공분양,대전,0
2022-07,주택업체,공공분양,울산,0
2022-07,주택업체,공공분양,세종,0
2022-07,주택업체,공공분양,강원,0
2022-07,주택업체,공공분양,충북,0
2022-07,주택업체,공공분양,충남,0
2022-07,주택업체,공공분양,전북,0
2022-07,주택업체,공공분양,전남,0
2022-07,주택업체,공공분양,경북,0
2022-07,주택업체,공공분양,경남,0
2022-07,주택업체,공공분양,제주,0
2022-07,민간부문,소계,전국,42,209
2022-07,민간부문,소계,서울,7,542
2022-07,민간부문,소계,인천,493
2022-07,민간부문,소계,경기,6,340
2022-07,민간부문,소계,부산,5,695
2022-07,민간부문,소계,대구,2,796
2022-07,민간부문,소계,광주,423
2022-07,민간부문,소계,대전,2,430
2022-07,민간부문,소계,울산,867
2022-07,민간부문,소계,세종,14
2022-07,민간부문,소계,강원,1,385
2022-07,민간부문,소계,충북,593
2022-07,민간부문,소계,충남,2,668
2022-07,민간부문,소계,전북,1,074
2022-07,민간부문,소계,전남,681
2022-07,민간부문,소계,경북,5,221
2022-07,민간부문,소계,경남,3,553
2022-07,민간부문,소계,제주,434
2022-07,민간,민간임대,전국,5,655
2022-07,민간,민간임대,서울,1,304
2022-07,민간,민간임대,인천,0
2022-07,민간,민간임대,경기,0
2022-07,민간,민간임대,부산,352
2022-07,민간,민간임대,대구,0
2022-07,민간,민간임대,광주,0
2022-07,민간,민간임대,대전,0
2022-07,민간,민간임대,울산,0
2022-07,민간,민간임대,세종,0
2022-07,민간,민간임대,강원,0
2022-07,민간,민간임대,충북,0
2022-07,민간,민간임대,충남,498
2022-07,민간,민간임대,전북,0
2022-07,민간,민간임대,전남,266
2022-07,민간,민간임대,경북,3,235
2022-07,민간,민간임대,경남,0
2022-07,민간,민간임대,제주,0
2022-07,민간,민간분양,전국,36,554
2022-07,민간,민간분양,서울,6,238
2022-07,민간,민간분양,인천,493
2022-07,민간,민간분양,경기,6,340
2022-07,민간,민간분양,부산,5,343
2022-07,민간,민간분양,대구,2,796
2022-07,민간,민간분양,광주,423
2022-07,민간,민간분양,대전,2,430
2022-07,민간,민간분양,울산,867
2022-07,민간,민간분양,세종,14
2022-07,민간,민간분양,강원,1,385
2022-07,민간,민간분양,충북,593
2022-07,민간,민간분양,충남,2,170
2022-07,민간,민간분양,전북,1,074
2022-07,민간,민간분양,전남,415
2022-07,민간,민간분양,경북,1,986
2022-07,민간,민간분양,경남,3,553
2022-07,민간,민간분양,제주,434
2022-08,총계,총계,전국,30,959
2022-08,총계,총계,서울,4,321
2022-08,총계,총계,인천,1,659
2022-08,총계,총계,경기,8,748
2022-08,총계,총계,부산,203
2022-08,총계,총계,대구,47
2022-08,총계,총계,광주,77
2022-08,총계,총계,대전,273
2022-08,총계,총계,울산,359
2022-08,총계,총계,세종,16
2022-08,총계,총계,강원,3,031
2022-08,총계,총계,충북,2,504
2022-08,총계,총계,충남,3,016
2022-08,총계,총계,전북,1,051
2022-08,총계,총계,전남,1,987
2022-08,총계,총계,경북,717
2022-08,총계,총계,경남,1,915
2022-08,총계,총계,제주,1,035
2022-08,공공부문,소계,전국,3,344
2022-08,공공부문,소계,서울,397
2022-08,공공부문,소계,인천,0
2022-08,공공부문,소계,경기,1,876
2022-08,공공부문,소계,부산,0
2022-08,공공부문,소계,대구,0
2022-08,공공부문,소계,광주,0
2022-08,공공부문,소계,대전,0
2022-08,공공부문,소계,울산,0
2022-08,공공부문,소계,세종,0
2022-08,공공부문,소계,강원,100
2022-08,공공부문,소계,충북,0
2022-08,공공부문,소계,충남,893
2022-08,공공부문,소계,전북,0
2022-08,공공부문,소계,전남,0
2022-08,공공부문,소계,경북,0
2022-08,공공부문,소계,경남,0
2022-08,공공부문,소계,제주,78
2022-08,합,국민임대,전국,148
2022-08,합,국민임대,서울,0
2022-08,합,국민임대,인천,0
2022-08,합,국민임대,경기,0
2022-08,합,국민임대,부산,0
2022-08,합,국민임대,대구,0
2022-08,합,국민임대,광주,0
2022-08,합,국민임대,대전,0
2022-08,합,국민임대,울산,0
2022-08,합,국민임대,세종,0
2022-08,합,국민임대,강원,70
2022-08,합,국민임대,충북,0
2022-08,합,국민임대,충남,0
2022-08,합,국민임대,전북,0
2022-08,합,국민임대,전남,0
2022-08,합,국민임대,경북,0
2022-08,합,국민임대,경남,0
2022-08,합,국민임대,제주,78
2022-08,합,공공임대,전국,1,587
2022-08,합,공공임대,서울,121
2022-08,합,공공임대,인천,0
2022-08,합,공공임대,경기,1,436
2022-08,합,공공임대,부산,0
2022-08,합,공공임대,대구,0
2022-08,합,공공임대,광주,0
2022-08,합,공공임대,대전,0
2022-08,합,공공임대,울산,0
2022-08,합,공공임대,세종,0
2022-08,합,공공임대,강원,30
2022-08,합,공공임대,충북,0
2022-08,합,공공임대,충남,0
2022-08,합,공공임대,전북,0
2022-08,합,공공임대,전남,0
2022-08,합,공공임대,경북,0
2022-08,합,공공임대,경남,0
2022-08,합,공공임대,제주,0
2022-08,합,공공분양,전국,1,609
2022-08,합,공공분양,서울,276
2022-08,합,공공분양,인천,0
2022-08,합,공공분양,경기,440
2022-08,합,공공분양,부산,0
2022-08,합,공공분양,대구,0
2022-08,합,공공분양,광주,0
2022-08,합,공공분양,대전,0
2022-08,합,공공분양,울산,0
2022-08,합,공공분양,세종,0
2022-08,합,공공분양,강원,0
2022-08,합,공공분양,충북,0
2022-08,합,공공분양,충남,893
2022-08,합,공공분양,전북,0
2022-08,합,공공분양,전남,0
2022-08,합,공공분양,경북,0
2022-08,합,공공분양,경남,0
2022-08,합,공공분양,제주,0
2022-08,지자체,소계,전국,0
2022-08,지자체,소계,서울,0
2022-08,지자체,소계,인천,0
2022-08,지자체,소계,경기,0
2022-08,지자체,소계,부산,0
2022-08,지자체,소계,대구,0
2022-08,지자체,소계,광주,0
2022-08,지자체,소계,대전,0
2022-08,지자체,소계,울산,0
2022-08,지자체,소계,세종,0
2022-08,지자체,소계,강원,0
2022-08,지자체,소계,충북,0
2022-08,지자체,소계,충남,0
2022-08,지자체,소계,전북,0
2022-08,지자체,소계,전남,0
2022-08,지자체,소계,경북,0
2022-08,지자체,소계,경남,0
2022-08,지자체,소계,제주,0
2022-08,지자체,국민임대,전국,0
2022-08,지자체,국민임대,서울,0
2022-08,지자체,국민임대,인천,0
2022-08,지자체,국민임대,경기,0
2022-08,지자체,국민임대,부산,0
2022-08,지자체,국민임대,대구,0
2022-08,지자체,국민임대,광주,0
2022-08,지자체,국민임대,대전,0
2022-08,지자체,국민임대,울산,0
2022-08,지자체,국민임대,세종,0
2022-08,지자체,국민임대,강원,0
2022-08,지자체,국민임대,충북,0
2022-08,지자체,국민임대,충남,0
2022-08,지자체,국민임대,전북,0
2022-08,지자체,국민임대,전남,0
2022-08,지자체,국민임대,경북,0
2022-08,지자체,국민임대,경남,0
2022-08,지자체,국민임대,제주,0
2022-08,지자체,공공임대,전국,0
2022-08,지자체,공공임대,서울,0
2022-08,지자체,공공임대,인천,0
2022-08,지자체,공공임대,경기,0
2022-08,지자체,공공임대,부산,0
2022-08,지자체,공공임대,대구,0
2022-08,지자체,공공임대,광주,0
2022-08,지자체,공공임대,대전,0
2022-08,지자체,공공임대,울산,0
2022-08,지자체,공공임대,세종,0
2022-08,지자체,공공임대,강원,0
2022-08,지자체,공공임대,충북,0
2022-08,지자체,공공임대,충남,0
2022-08,지자체,공공임대,전북,0
2022-08,지자체,공공임대,전남,0
2022-08,지자체,공공임대,경북,0
2022-08,지자체,공공임대,경남,0
2022-08,지자체,공공임대,제주,0
2022-08,지자체,공공분양,전국,0
2022-08,지자체,공공분양,서울,0
2022-08,지자체,공공분양,인천,0
2022-08,지자체,공공분양,경기,0
2022-08,지자체,공공분양,부산,0
2022-08,지자체,공공분양,대구,0
2022-08,지자체,공공분양,광주,0
2022-08,지자체,공공분양,대전,0
2022-08,지자체,공공분양,울산,0
2022-08,지자체,공공분양,세종,0
2022-08,지자체,공공분양,강원,0
2022-08,지자체,공공분양,충북,0
2022-08,지자체,공공분양,충남,0
2022-08,지자체,공공분양,전북,0
2022-08,지자체,공공분양,전남,0
2022-08,지자체,공공분양,경북,0
2022-08,지자체,공공분양,경남,0
2022-08,지자체,공공분양,제주,0
2022-08,LH,소계,전국,2,373
2022-08,LH,소계,서울,397
2022-08,LH,소계,인천,0
2022-08,LH,소계,경기,1,876
2022-08,LH,소계,부산,0
2022-08,LH,소계,대구,0
2022-08,LH,소계,광주,0
2022-08,LH,소계,대전,0
2022-08,LH,소계,울산,0
2022-08,LH,소계,세종,0
2022-08,LH,소계,강원,100
2022-08,LH,소계,충북,0
2022-08,LH,소계,충남,0
2022-08,LH,소계,전북,0
2022-08,LH,소계,전남,0
2022-08,LH,소계,경북,0
2022-08,LH,소계,경남,0
2022-08,LH,소계,제주,0
2022-08,LH,국민임대,전국,70
2022-08,LH,국민임대,서울,0
2022-08,LH,국민임대,인천,0
2022-08,LH,국민임대,경기,0
2022-08,LH,국민임대,부산,0
2022-08,LH,국민임대,대구,0
2022-08,LH,국민임대,광주,0
2022-08,LH,국민임대,대전,0
2022-08,LH,국민임대,울산,0
2022-08,LH,국민임대,세종,0
2022-08,LH,국민임대,강원,70
2022-08,LH,국민임대,충북,0
2022-08,LH,국민임대,충남,0
2022-08,LH,국민임대,전북,0
2022-08,LH,국민임대,전남,0
2022-08,LH,국민임대,경북,0
2022-08,LH,국민임대,경남,0
2022-08,LH,국민임대,제주,0
2022-08,LH,공공임대,전국,1,587
2022-08,LH,공공임대,서울,121
2022-08,LH,공공임대,인천,0
2022-08,LH,공공임대,경기,1,436
2022-08,LH,공공임대,부산,0
2022-08,LH,공공임대,대구,0
2022-08,LH,공공임대,광주,0
2022-08,LH,공공임대,대전,0
2022-08,LH,공공임대,울산,0
2022-08,LH,공공임대,세종,0
2022-08,LH,공공임대,강원,30
2022-08,LH,공공임대,충북,0
2022-08,LH,공공임대,충남,0
2022-08,LH,공공임대,전북,0
2022-08,LH,공공임대,전남,0
2022-08,LH,공공임대,경북,0
2022-08,LH,공공임대,경남,0
2022-08,LH,공공임대,제주,0
2022-08,LH,공공분양,전국,716
2022-08,LH,공공분양,서울,276
2022-08,LH,공공분양,인천,0
2022-08,LH,공공분양,경기,440
2022-08,LH,공공분양,부산,0
2022-08,LH,공공분양,대구,0
2022-08,LH,공공분양,광주,0
2022-08,LH,공공분양,대전,0
2022-08,LH,공공분양,울산,0
2022-08,LH,공공분양,세종,0
2022-08,LH,공공분양,강원,0
2022-08,LH,공공분양,충북,0
2022-08,LH,공공분양,충남,0
2022-08,LH,공공분양,전북,0
2022-08,LH,공공분양,전남,0
2022-08,LH,공공분양,경북,0
2022-08,LH,공공분양,경남,0
2022-08,LH,공공분양,제주,0
2022-08,주택업체,소계,전국,971
2022-08,주택업체,소계,서울,0
2022-08,주택업체,소계,인천,0
2022-08,주택업체,소계,경기,0
2022-08,주택업체,소계,부산,0
2022-08,주택업체,소계,대구,0
2022-08,주택업체,소계,광주,0
2022-08,주택업체,소계,대전,0
2022-08,주택업체,소계,울산,0
2022-08,주택업체,소계,세종,0
2022-08,주택업체,소계,강원,0
2022-08,주택업체,소계,충북,0
2022-08,주택업체,소계,충남,893
2022-08,주택업체,소계,전북,0
2022-08,주택업체,소계,전남,0
2022-08,주택업체,소계,경북,0
2022-08,주택업체,소계,경남,0
2022-08,주택업체,소계,제주,78
2022-08,주택업체,국민임대,전국,78
2022-08,주택업체,국민임대,서울,0
2022-08,주택업체,국민임대,인천,0
2022-08,주택업체,국민임대,경기,0
2022-08,주택업체,국민임대,부산,0
2022-08,주택업체,국민임대,대구,0
2022-08,주택업체,국민임대,광주,0
2022-08,주택업체,국민임대,대전,0
2022-08,주택업체,국민임대,울산,0
2022-08,주택업체,국민임대,세종,0
2022-08,주택업체,국민임대,강원,0
2022-08,주택업체,국민임대,충북,0
2022-08,주택업체,국민임대,충남,0
2022-08,주택업체,국민임대,전북,0
2022-08,주택업체,국민임대,전남,0
2022-08,주택업체,국민임대,경북,0
2022-08,주택업체,국민임대,경남,0
2022-08,주택업체,국민임대,제주,78
2022-08,주택업체,공공임대,전국,0
2022-08,주택업체,공공임대,서울,0
2022-08,주택업체,공공임대,인천,0
2022-08,주택업체,공공임대,경기,0
2022-08,주택업체,공공임대,부산,0
2022-08,주택업체,공공임대,대구,0
2022-08,주택업체,공공임대,광주,0
2022-08,주택업체,공공임대,대전,0
2022-08,주택업체,공공임대,울산,0
2022-08,주택업체,공공임대,세종,0
2022-08,주택업체,공공임대,강원,0
2022-08,주택업체,공공임대,충북,0
2022-08,주택업체,공공임대,충남,0
2022-08,주택업체,공공임대,전북,0
2022-08,주택업체,공공임대,전남,0
2022-08,주택업체,공공임대,경북,0
2022-08,주택업체,공공임대,경남,0
2022-08,주택업체,공공임대,제주,0
2022-08,주택업체,공공분양,전국,893
2022-08,주택업체,공공분양,서울,0
2022-08,주택업체,공공분양,인천,0
2022-08,주택업체,공공분양,경기,0
2022-08,주택업체,공공분양,부산,0
2022-08,주택업체,공공분양,대구,0
2022-08,주택업체,공공분양,광주,0
2022-08,주택업체,공공분양,대전,0
2022-08,주택업체,공공분양,울산,0
2022-08,주택업체,공공분양,세종,0
2022-08,주택업체,공공분양,강원,0
2022-08,주택업체,공공분양,충북,0
2022-08,주택업체,공공분양,충남,893
2022-08,주택업체,공공분양,전북,0
2022-08,주택업체,공공분양,전남,0
2022-08,주택업체,공공분양,경북,0
2022-08,주택업체,공공분양,경남,0
2022-08,주택업체,공공분양,제주,0
2022-08,민간부문,소계,전국,27,615
2022-08,민간부문,소계,서울,3,924
2022-08,민간부문,소계,인천,1,659
2022-08,민간부문,소계,경기,6,872
2022-08,민간부문,소계,부산,203
2022-08,민간부문,소계,대구,47
2022-08,민간부문,소계,광주,77
2022-08,민간부문,소계,대전,273
2022-08,민간부문,소계,울산,359
2022-08,민간부문,소계,세종,16
2022-08,민간부문,소계,강원,2,931
2022-08,민간부문,소계,충북,2,504
2022-08,민간부문,소계,충남,2,123
2022-08,민간부문,소계,전북,1,051
2022-08,민간부문,소계,전남,1,987
2022-08,민간부문,소계,경북,717
2022-08,민간부문,소계,경남,1,915
2022-08,민간부문,소계,제주,957
2022-08,민간,민간임대,전국,2,372
2022-08,민간,민간임대,서울,443
2022-08,민간,민간임대,인천,0
2022-08,민간,민간임대,경기,1,634
2022-08,민간,민간임대,부산,0
2022-08,민간,민간임대,대구,0
2022-08,민간,민간임대,광주,0
2022-08,민간,민간임대,대전,0
2022-08,민간,민간임대,울산,0
2022-08,민간,민간임대,세종,0
2022-08,민간,민간임대,강원,0
2022-08,민간,민간임대,충북,0
2022-08,민간,민간임대,충남,0
2022-08,민간,민간임대,전북,0
2022-08,민간,민간임대,전남,295
2022-08,민간,민간임대,경북,0
2022-08,민간,민간임대,경남,0
2022-08,민간,민간임대,제주,0
2022-08,민간,민간분양,전국,25,243
2022-08,민간,민간분양,서울,3,481
2022-08,민간,민간분양,인천,1,659
2022-08,민간,민간분양,경기,5,238
2022-08,민간,민간분양,부산,203
2022-08,민간,민간분양,대구,47
2022-08,민간,민간분양,광주,77
2022-08,민간,민간분양,대전,273
2022-08,민간,민간분양,울산,359
2022-08,민간,민간분양,세종,16
2022-08,민간,민간분양,강원,2,931
2022-08,민간,민간분양,충북,2,504
2022-08,민간,민간분양,충남,2,123
2022-08,민간,민간분양,전북,1,051
2022-08,민간,민간분양,전남,1,692
2022-08,민간,민간분양,경북,717
2022-08,민간,민간분양,경남,1,915
2022-08,민간,민간분양,제주,957
2022-09,총계,총계,전국,40,587
2022-09,총계,총계,서울,4,843
2022-09,총계,총계,인천,574
2022-09,총계,총계,경기,15,846
2022-09,총계,총계,부산,2,290
2022-09,총계,총계,대구,1,562
2022-09,총계,총계,광주,101
2022-09,총계,총계,대전,1,851
2022-09,총계,총계,울산,514
2022-09,총계,총계,세종,18
2022-09,총계,총계,강원,660
2022-09,총계,총계,충북,852
2022-09,총계,총계,충남,4,100
2022-09,총계,총계,전북,1,982
2022-09,총계,총계,전남,447
2022-09,총계,총계,경북,2,342
2022-09,총계,총계,경남,2,271
2022-09,총계,총계,제주,334
2022-09,공공부문,소계,전국,2,240
2022-09,공공부문,소계,서울,0
2022-09,공공부문,소계,인천,0
2022-09,공공부문,소계,경기,988
2022-09,공공부문,소계,부산,972
2022-09,공공부문,소계,대구,0
2022-09,공공부문,소계,광주,0
2022-09,공공부문,소계,대전,0
2022-09,공공부문,소계,울산,0
2022-09,공공부문,소계,세종,0
2022-09,공공부문,소계,강원,202
2022-09,공공부문,소계,충북,0
2022-09,공공부문,소계,충남,0
2022-09,공공부문,소계,전북,78
2022-09,공공부문,소계,전남,0
2022-09,공공부문,소계,경북,0
2022-09,공공부문,소계,경남,0
2022-09,공공부문,소계,제주,0
2022-09,합,국민임대,전국,78
2022-09,합,국민임대,서울,0
2022-09,합,국민임대,인천,0
2022-09,합,국민임대,경기,0
2022-09,합,국민임대,부산,0
2022-09,합,국민임대,대구,0
2022-09,합,국민임대,광주,0
2022-09,합,국민임대,대전,0
2022-09,합,국민임대,울산,0
2022-09,합,국민임대,세종,0
2022-09,합,국민임대,강원,0
2022-09,합,국민임대,충북,0
2022-09,합,국민임대,충남,0
2022-09,합,국민임대,전북,78
2022-09,합,국민임대,전남,0
2022-09,합,국민임대,경북,0
2022-09,합,국민임대,경남,0
2022-09,합,국민임대,제주,0
2022-09,합,공공임대,전국,1,190
2022-09,합,공공임대,서울,0
2022-09,합,공공임대,인천,0
2022-09,합,공공임대,경기,988
2022-09,합,공공임대,부산,0
2022-09,합,공공임대,대구,0
2022-09,합,공공임대,광주,0
2022-09,합,공공임대,대전,0
2022-09,합,공공임대,울산,0
2022-09,합,공공임대,세종,0
2022-09,합,공공임대,강원,202
2022-09,합,공공임대,충북,0
2022-09,합,공공임대,충남,0
2022-09,합,공공임대,전북,0
2022-09,합,공공임대,전남,0
2022-09,합,공공임대,경북,0
2022-09,합,공공임대,경남,0
2022-09,합,공공임대,제주,0
2022-09,합,공공분양,전국,972
2022-09,합,공공분양,서울,0
2022-09,합,공공분양,인천,0
2022-09,합,공공분양,경기,0
2022-09,합,공공분양,부산,972
2022-09,합,공공분양,대구,0
2022-09,합,공공분양,광주,0
2022-09,합,공공분양,대전,0
2022-09,합,공공분양,울산,0
2022-09,합,공공분양,세종,0
2022-09,합,공공분양,강원,0
2022-09,합,공공분양,충북,0
2022-09,합,공공분양,충남,0
2022-09,합,공공분양,전북,0
2022-09,합,공공분양,전남,0
2022-09,합,공공분양,경북,0
2022-09,합,공공분양,경남,0
2022-09,합,공공분양,제주,0
2022-09,지자체,소계,전국,518
2022-09,지자체,소계,서울,0
2022-09,지자체,소계,인천,0
2022-09,지자체,소계,경기,518
2022-09,지자체,소계,부산,0
2022-09,지자체,소계,대구,0
2022-09,지자체,소계,광주,0
2022-09,지자체,소계,대전,0
2022-09,지자체,소계,울산,0
2022-09,지자체,소계,세종,0
2022-09,지자체,소계,강원,0
2022-09,지자체,소계,충북,0
2022-09,지자체,소계,충남,0
2022-09,지자체,소계,전북,0
2022-09,지자체,소계,전남,0
2022-09,지자체,소계,경북,0
2022-09,지자체,소계,경남,0
2022-09,지자체,소계,제주,0
2022-09,지자체,국민임대,전국,0
2022-09,지자체,국민임대,서울,0
2022-09,지자체,국민임대,인천,0
2022-09,지자체,국민임대,경기,0
2022-09,지자체,국민임대,부산,0
2022-09,지자체,국민임대,대구,0
2022-09,지자체,국민임대,광주,0
2022-09,지자체,국민임대,대전,0
2022-09,지자체,국민임대,울산,0
2022-09,지자체,국민임대,세종,0
2022-09,지자체,국민임대,강원,0
2022-09,지자체,국민임대,충북,0
2022-09,지자체,국민임대,충남,0
2022-09,지자체,국민임대,전북,0
2022-09,지자체,국민임대,전남,0
2022-09,지자체,국민임대,경북,0
2022-09,지자체,국민임대,경남,0
2022-09,지자체,국민임대,제주,0
2022-09,지자체,공공임대,전국,518
2022-09,지자체,공공임대,서울,0
2022-09,지자체,공공임대,인천,0
2022-09,지자체,공공임대,경기,518
2022-09,지자체,공공임대,부산,0
2022-09,지자체,공공임대,대구,0
2022-09,지자체,공공임대,광주,0
2022-09,지자체,공공임대,대전,0
2022-09,지자체,공공임대,울산,0
2022-09,지자체,공공임대,세종,0
2022-09,지자체,공공임대,강원,0
2022-09,지자체,공공임대,충북,0
2022-09,지자체,공공임대,충남,0
2022-09,지자체,공공임대,전북,0
2022-09,지자체,공공임대,전남,0
2022-09,지자체,공공임대,경북,0
2022-09,지자체,공공임대,경남,0
2022-09,지자체,공공임대,제주,0
2022-09,지자체,공공분양,전국,0
2022-09,지자체,공공분양,서울,0
2022-09,지자체,공공분양,인천,0
2022-09,지자체,공공분양,경기,0
2022-09,지자체,공공분양,부산,0
2022-09,지자체,공공분양,대구,0
2022-09,지자체,공공분양,광주,0
2022-09,지자체,공공분양,대전,0
2022-09,지자체,공공분양,울산,0
2022-09,지자체,공공분양,세종,0
2022-09,지자체,공공분양,강원,0
2022-09,지자체,공공분양,충북,0
2022-09,지자체,공공분양,충남,0
2022-09,지자체,공공분양,전북,0
2022-09,지자체,공공분양,전남,0
2022-09,지자체,공공분양,경북,0
2022-09,지자체,공공분양,경남,0
2022-09,지자체,공공분양,제주,0
2022-09,LH,소계,전국,750
2022-09,LH,소계,서울,0
2022-09,LH,소계,인천,0
2022-09,LH,소계,경기,470
2022-09,LH,소계,부산,0
2022-09,LH,소계,대구,0
2022-09,LH,소계,광주,0
2022-09,LH,소계,대전,0
2022-09,LH,소계,울산,0
2022-09,LH,소계,세종,0
2022-09,LH,소계,강원,202
2022-09,LH,소계,충북,0
2022-09,LH,소계,충남,0
2022-09,LH,소계,전북,78
2022-09,LH,소계,전남,0
2022-09,LH,소계,경북,0
2022-09,LH,소계,경남,0
2022-09,LH,소계,제주,0
2022-09,LH,국민임대,전국,78
2022-09,LH,국민임대,서울,0
2022-09,LH,국민임대,인천,0
2022-09,LH,국민임대,경기,0
2022-09,LH,국민임대,부산,0
2022-09,LH,국민임대,대구,0
2022-09,LH,국민임대,광주,0
2022-09,LH,국민임대,대전,0
2022-09,LH,국민임대,울산,0
2022-09,LH,국민임대,세종,0
2022-09,LH,국민임대,강원,0
2022-09,LH,국민임대,충북,0
2022-09,LH,국민임대,충남,0
2022-09,LH,국민임대,전북,78
2022-09,LH,국민임대,전남,0
2022-09,LH,국민임대,경북,0
2022-09,LH,국민임대,경남,0
2022-09,LH,국민임대,제주,0
2022-09,LH,공공임대,전국,672
2022-09,LH,공공임대,서울,0
2022-09,LH,공공임대,인천,0
2022-09,LH,공공임대,경기,470
2022-09,LH,공공임대,부산,0
2022-09,LH,공공임대,대구,0
2022-09,LH,공공임대,광주,0
2022-09,LH,공공임대,대전,0
2022-09,LH,공공임대,울산,0
2022-09,LH,공공임대,세종,0
2022-09,LH,공공임대,강원,202
2022-09,LH,공공임대,충북,0
2022-09,LH,공공임대,충남,0
2022-09,LH,공공임대,전북,0
2022-09,LH,공공임대,전남,0
2022-09,LH,공공임대,경북,0
2022-09,LH,공공임대,경남,0
2022-09,LH,공공임대,제주,0
2022-09,LH,공공분양,전국,0
2022-09,LH,공공분양,서울,0
2022-09,LH,공공분양,인천,0
2022-09,LH,공공분양,경기,0
2022-09,LH,공공분양,부산,0
2022-09,LH,공공분양,대구,0
2022-09,LH,공공분양,광주,0
2022-09,LH,공공분양,대전,0
2022-09,LH,공공분양,울산,0
2022-09,LH,공공분양,세종,0
2022-09,LH,공공분양,강원,0
2022-09,LH,공공분양,충북,0
2022-09,LH,공공분양,충남,0
2022-09,LH,공공분양,전북,0
2022-09,LH,공공분양,전남,0
2022-09,LH,공공분양,경북,0
2022-09,LH,공공분양,경남,0
2022-09,LH,공공분양,제주,0
2022-09,주택업체,소계,전국,972
2022-09,주택업체,소계,서울,0
2022-09,주택업체,소계,인천,0
2022-09,주택업체,소계,경기,0
2022-09,주택업체,소계,부산,972
2022-09,주택업체,소계,대구,0
2022-09,주택업체,소계,광주,0
2022-09,주택업체,소계,대전,0
2022-09,주택업체,소계,울산,0
2022-09,주택업체,소계,세종,0
2022-09,주택업체,소계,강원,0
2022-09,주택업체,소계,충북,0
2022-09,주택업체,소계,충남,0
2022-09,주택업체,소계,전북,0
2022-09,주택업체,소계,전남,0
2022-09,주택업체,소계,경북,0
2022-09,주택업체,소계,경남,0
2022-09,주택업체,소계,제주,0
2022-09,주택업체,국민임대,전국,0
2022-09,주택업체,국민임대,서울,0
2022-09,주택업체,국민임대,인천,0
2022-09,주택업체,국민임대,경기,0
2022-09,주택업체,국민임대,부산,0
2022-09,주택업체,국민임대,대구,0
2022-09,주택업체,국민임대,광주,0
2022-09,주택업체,국민임대,대전,0
2022-09,주택업체,국민임대,울산,0
2022-09,주택업체,국민임대,세종,0
2022-09,주택업체,국민임대,강원,0
2022-09,주택업체,국민임대,충북,0
2022-09,주택업체,국민임대,충남,0
2022-09,주택업체,국민임대,전북,0
2022-09,주택업체,국민임대,전남,0
2022-09,주택업체,국민임대,경북,0
2022-09,주택업체,국민임대,경남,0
2022-09,주택업체,국민임대,제주,0
2022-09,주택업체,공공임대,전국,0
2022-09,주택업체,공공임대,서울,0
2022-09,주택업체,공공임대,인천,0
2022-09,주택업체,공공임대,경기,0
2022-09,주택업체,공공임대,부산,0
2022-09,주택업체,공공임대,대구,0
2022-09,주택업체,공공임대,광주,0
2022-09,주택업체,공공임대,대전,0
2022-09,주택업체,공공임대,울산,0
2022-09,주택업체,공공임대,세종,0
2022-09,주택업체,공공임대,강원,0
2022-09,주택업체,공공임대,충북,0
2022-09,주택업체,공공임대,충남,0
2022-09,주택업체,공공임대,전북,0
2022-09,주택업체,공공임대,전남,0
2022-09,주택업체,공공임대,경북,0
2022-09,주택업체,공공임대,경남,0
2022-09,주택업체,공공임대,제주,0
2022-09,주택업체,공공분양,전국,972
2022-09,주택업체,공공분양,서울,0
2022-09,주택업체,공공분양,인천,0
2022-09,주택업체,공공분양,경기,0
2022-09,주택업체,공공분양,부산,972
2022-09,주택업체,공공분양,대구,0
2022-09,주택업체,공공분양,광주,0
2022-09,주택업체,공공분양,대전,0
2022-09,주택업체,공공분양,울산,0
2022-09,주택업체,공공분양,세종,0
2022-09,주택업체,공공분양,강원,0
2022-09,주택업체,공공분양,충북,0
2022-09,주택업체,공공분양,충남,0
2022-09,주택업체,공공분양,전북,0
2022-09,주택업체,공공분양,전남,0
2022-09,주택업체,공공분양,경북,0
2022-09,주택업체,공공분양,경남,0
2022-09,주택업체,공공분양,제주,0
2022-09,민간부문,소계,전국,38,347
2022-09,민간부문,소계,서울,4,843
2022-09,민간부문,소계,인천,574
2022-09,민간부문,소계,경기,14,858
2022-09,민간부문,소계,부산,1,318
2022-09,민간부문,소계,대구,1,562
2022-09,민간부문,소계,광주,101
2022-09,민간부문,소계,대전,1,851
2022-09,민간부문,소계,울산,514
2022-09,민간부문,소계,세종,18
2022-09,민간부문,소계,강원,458
2022-09,민간부문,소계,충북,852
2022-09,민간부문,소계,충남,4,100
2022-09,민간부문,소계,전북,1,904
2022-09,민간부문,소계,전남,447
2022-09,민간부문,소계,경북,2,342
2022-09,민간부문,소계,경남,2,271
2022-09,민간부문,소계,제주,334
2022-09,민간,민간임대,전국,261
2022-09,민간,민간임대,서울,42
2022-09,민간,민간임대,인천,0
2022-09,민간,민간임대,경기,0
2022-09,민간,민간임대,부산,0
2022-09,민간,민간임대,대구,0
2022-09,민간,민간임대,광주,0
2022-09,민간,민간임대,대전,0
2022-09,민간,민간임대,울산,0
2022-09,민간,민간임대,세종,0
2022-09,민간,민간임대,강원,0
2022-09,민간,민간임대,충북,0
2022-09,민간,민간임대,충남,0
2022-09,민간,민간임대,전북,219
2022-09,민간,민간임대,전남,0
2022-09,민간,민간임대,경북,0
2022-09,민간,민간임대,경남,0
2022-09,민간,민간임대,제주,0
2022-09,민간,민간분양,전국,38,086
2022-09,민간,민간분양,서울,4,801
2022-09,민간,민간분양,인천,574
2022-09,민간,민간분양,경기,14,858
2022-09,민간,민간분양,부산,1,318
2022-09,민간,민간분양,대구,1,562
2022-09,민간,민간분양,광주,101
2022-09,민간,민간분양,대전,1,851
2022-09,민간,민간분양,울산,514
2022-09,민간,민간분양,세종,18
2022-09,민간,민간분양,강원,458
2022-09,민간,민간분양,충북,852
2022-09,민간,민간분양,충남,4,100
2022-09,민간,민간분양,전북,1,685
2022-09,민간,민간분양,전남,447
2022-09,민간,민간분양,경북,2,342
2022-09,민간,민간분양,경남,2,271
2022-09,민간,민간분양,제주,334
2022-10,총계,총계,전국,27,222
2022-10,총계,총계,서울,3,973
2022-10,총계,총계,인천,900
2022-10,총계,총계,경기,5,906
2022-10,총계,총계,부산,787
2022-10,총계,총계,대구,2,097
2022-10,총계,총계,광주,678
2022-10,총계,총계,대전,1,858
2022-10,총계,총계,울산,706
2022-10,총계,총계,세종,62
2022-10,총계,총계,강원,1,140
2022-10,총계,총계,충북,1,366
2022-10,총계,총계,충남,3,671
2022-10,총계,총계,전북,1,280
2022-10,총계,총계,전남,505
2022-10,총계,총계,경북,531
2022-10,총계,총계,경남,1,410
2022-10,총계,총계,제주,352
2022-10,공공부문,소계,전국,738
2022-10,공공부문,소계,서울,608
2022-10,공공부문,소계,인천,0
2022-10,공공부문,소계,경기,0
2022-10,공공부문,소계,부산,0
2022-10,공공부문,소계,대구,50
2022-10,공공부문,소계,광주,0
2022-10,공공부문,소계,대전,0
2022-10,공공부문,소계,울산,80
2022-10,공공부문,소계,세종,0
2022-10,공공부문,소계,강원,0
2022-10,공공부문,소계,충북,0
2022-10,공공부문,소계,충남,0
2022-10,공공부문,소계,전북,0
2022-10,공공부문,소계,전남,0
2022-10,공공부문,소계,경북,0
2022-10,공공부문,소계,경남,0
2022-10,공공부문,소계,제주,0
2022-10,합,국민임대,전국,608
2022-10,합,국민임대,서울,608
2022-10,합,국민임대,인천,0
2022-10,합,국민임대,경기,0
2022-10,합,국민임대,부산,0
2022-10,합,국민임대,대구,0
2022-10,합,국민임대,광주,0
2022-10,합,국민임대,대전,0
2022-10,합,국민임대,울산,0
2022-10,합,국민임대,세종,0
2022-10,합,국민임대,강원,0
2022-10,합,국민임대,충북,0
2022-10,합,국민임대,충남,0
2022-10,합,국민임대,전북,0
2022-10,합,국민임대,전남,0
2022-10,합,국민임대,경북,0
2022-10,합,국민임대,경남,0
2022-10,합,국민임대,제주,0
2022-10,합,공공임대,전국,130
2022-10,합,공공임대,서울,0
2022-10,합,공공임대,인천,0
2022-10,합,공공임대,경기,0
2022-10,합,공공임대,부산,0
2022-10,합,공공임대,대구,50
2022-10,합,공공임대,광주,0
2022-10,합,공공임대,대전,0
2022-10,합,공공임대,울산,80
2022-10,합,공공임대,세종,0
2022-10,합,공공임대,강원,0
2022-10,합,공공임대,충북,0
2022-10,합,공공임대,충남,0
2022-10,합,공공임대,전북,0
2022-10,합,공공임대,전남,0
2022-10,합,공공임대,경북,0
2022-10,합,공공임대,경남,0
2022-10,합,공공임대,제주,0
2022-10,합,공공분양,전국,0
2022-10,합,공공분양,서울,0
2022-10,합,공공분양,인천,0
2022-10,합,공공분양,경기,0
2022-10,합,공공분양,부산,0
2022-10,합,공공분양,대구,0
2022-10,합,공공분양,광주,0
2022-10,합,공공분양,대전,0
2022-10,합,공공분양,울산,0
2022-10,합,공공분양,세종,0
2022-10,합,공공분양,강원,0
2022-10,합,공공분양,충북,0
2022-10,합,공공분양,충남,0
2022-10,합,공공분양,전북,0
2022-10,합,공공분양,전남,0
2022-10,합,공공분양,경북,0
2022-10,합,공공분양,경남,0
2022-10,합,공공분양,제주,0
2022-10,지자체,소계,전국,80
2022-10,지자체,소계,서울,0
2022-10,지자체,소계,인천,0
2022-10,지자체,소계,경기,0
2022-10,지자체,소계,부산,0
2022-10,지자체,소계,대구,0
2022-10,지자체,소계,광주,0
2022-10,지자체,소계,대전,0
2022-10,지자체,소계,울산,80
2022-10,지자체,소계,세종,0
2022-10,지자체,소계,강원,0
2022-10,지자체,소계,충북,0
2022-10,지자체,소계,충남,0
2022-10,지자체,소계,전북,0
2022-10,지자체,소계,전남,0
2022-10,지자체,소계,경북,0
2022-10,지자체,소계,경남,0
2022-10,지자체,소계,제주,0
2022-10,지자체,국민임대,전국,0
2022-10,지자체,국민임대,서울,0
2022-10,지자체,국민임대,인천,0
2022-10,지자체,국민임대,경기,0
2022-10,지자체,국민임대,부산,0
2022-10,지자체,국민임대,대구,0
2022-10,지자체,국민임대,광주,0
2022-10,지자체,국민임대,대전,0
2022-10,지자체,국민임대,울산,0
2022-10,지자체,국민임대,세종,0
2022-10,지자체,국민임대,강원,0
2022-10,지자체,국민임대,충북,0
2022-10,지자체,국민임대,충남,0
2022-10,지자체,국민임대,전북,0
2022-10,지자체,국민임대,전남,0
2022-10,지자체,국민임대,경북,0
2022-10,지자체,국민임대,경남,0
2022-10,지자체,국민임대,제주,0
2022-10,지자체,공공임대,전국,80
2022-10,지자체,공공임대,서울,0
2022-10,지자체,공공임대,인천,0
2022-10,지자체,공공임대,경기,0
2022-10,지자체,공공임대,부산,0
2022-10,지자체,공공임대,대구,0
2022-10,지자체,공공임대,광주,0
2022-10,지자체,공공임대,대전,0
2022-10,지자체,공공임대,울산,80
2022-10,지자체,공공임대,세종,0
2022-10,지자체,공공임대,강원,0
2022-10,지자체,공공임대,충북,0
2022-10,지자체,공공임대,충남,0
2022-10,지자체,공공임대,전북,0
2022-10,지자체,공공임대,전남,0
2022-10,지자체,공공임대,경북,0
2022-10,지자체,공공임대,경남,0
2022-10,지자체,공공임대,제주,0
2022-10,지자체,공공분양,전국,0
2022-10,지자체,공공분양,서울,0
2022-10,지자체,공공분양,인천,0
2022-10,지자체,공공분양,경기,0
2022-10,지자체,공공분양,부산,0
2022-10,지자체,공공분양,대구,0
2022-10,지자체,공공분양,광주,0
2022-10,지자체,공공분양,대전,0
2022-10,지자체,공공분양,울산,0
2022-10,지자체,공공분양,세종,0
2022-10,지자체,공공분양,강원,0
2022-10,지자체,공공분양,충북,0
2022-10,지자체,공공분양,충남,0
2022-10,지자체,공공분양,전북,0
2022-10,지자체,공공분양,전남,0
2022-10,지자체,공공분양,경북,0
2022-10,지자체,공공분양,경남,0
2022-10,지자체,공공분양,제주,0
2022-10,LH,소계,전국,50
2022-10,LH,소계,서울,0
2022-10,LH,소계,인천,0
2022-10,LH,소계,경기,0
2022-10,LH,소계,부산,0
2022-10,LH,소계,대구,50
2022-10,LH,소계,광주,0
2022-10,LH,소계,대전,0
2022-10,LH,소계,울산,0
2022-10,LH,소계,세종,0
2022-10,LH,소계,강원,0
2022-10,LH,소계,충북,0
2022-10,LH,소계,충남,0
2022-10,LH,소계,전북,0
2022-10,LH,소계,전남,0
2022-10,LH,소계,경북,0
2022-10,LH,소계,경남,0
2022-10,LH,소계,제주,0
2022-10,LH,국민임대,전국,0
2022-10,LH,국민임대,서울,0
2022-10,LH,국민임대,인천,0
2022-10,LH,국민임대,경기,0
2022-10,LH,국민임대,부산,0
2022-10,LH,국민임대,대구,0
2022-10,LH,국민임대,광주,0
2022-10,LH,국민임대,대전,0
2022-10,LH,국민임대,울산,0
2022-10,LH,국민임대,세종,0
2022-10,LH,국민임대,강원,0
2022-10,LH,국민임대,충북,0
2022-10,LH,국민임대,충남,0
2022-10,LH,국민임대,전북,0
2022-10,LH,국민임대,전남,0
2022-10,LH,국민임대,경북,0
2022-10,LH,국민임대,경남,0
2022-10,LH,국민임대,제주,0
2022-10,LH,공공임대,전국,50
2022-10,LH,공공임대,서울,0
2022-10,LH,공공임대,인천,0
2022-10,LH,공공임대,경기,0
2022-10,LH,공공임대,부산,0
2022-10,LH,공공임대,대구,50
2022-10,LH,공공임대,광주,0
2022-10,LH,공공임대,대전,0
2022-10,LH,공공임대,울산,0
2022-10,LH,공공임대,세종,0
2022-10,LH,공공임대,강원,0
2022-10,LH,공공임대,충북,0
2022-10,LH,공공임대,충남,0
2022-10,LH,공공임대,전북,0
2022-10,LH,공공임대,전남,0
2022-10,LH,공공임대,경북,0
2022-10,LH,공공임대,경남,0
2022-10,LH,공공임대,제주,0
2022-10,LH,공공분양,전국,0
2022-10,LH,공공분양,서울,0
2022-10,LH,공공분양,인천,0
2022-10,LH,공공분양,경기,0
2022-10,LH,공공분양,부산,0
2022-10,LH,공공분양,대구,0
2022-10,LH,공공분양,광주,0
2022-10,LH,공공분양,대전,0
2022-10,LH,공공분양,울산,0
2022-10,LH,공공분양,세종,0
2022-10,LH,공공분양,강원,0
2022-10,LH,공공분양,충북,0
2022-10,LH,공공분양,충남,0
2022-10,LH,공공분양,전북,0
2022-10,LH,공공분양,전남,0
2022-10,LH,공공분양,경북,0
2022-10,LH,공공분양,경남,0
2022-10,LH,공공분양,제주,0
2022-10,주택업체,소계,전국,608
2022-10,주택업체,소계,서울,608
2022-10,주택업체,소계,인천,0
2022-10,주택업체,소계,경기,0
2022-10,주택업체,소계,부산,0
2022-10,주택업체,소계,대구,0
2022-10,주택업체,소계,광주,0
2022-10,주택업체,소계,대전,0
2022-10,주택업체,소계,울산,0
2022-10,주택업체,소계,세종,0
2022-10,주택업체,소계,강원,0
2022-10,주택업체,소계,충북,0
2022-10,주택업체,소계,충남,0
2022-10,주택업체,소계,전북,0
2022-10,주택업체,소계,전남,0
2022-10,주택업체,소계,경북,0
2022-10,주택업체,소계,경남,0
2022-10,주택업체,소계,제주,0
2022-10,주택업체,국민임대,전국,608
2022-10,주택업체,국민임대,서울,608
2022-10,주택업체,국민임대,인천,0
2022-10,주택업체,국민임대,경기,0
2022-10,주택업체,국민임대,부산,0
2022-10,주택업체,국민임대,대구,0
2022-10,주택업체,국민임대,광주,0
2022-10,주택업체,국민임대,대전,0
2022-10,주택업체,국민임대,울산,0
2022-10,주택업체,국민임대,세종,0
2022-10,주택업체,국민임대,강원,0
2022-10,주택업체,국민임대,충북,0
2022-10,주택업체,국민임대,충남,0
2022-10,주택업체,국민임대,전북,0
2022-10,주택업체,국민임대,전남,0
2022-10,주택업체,국민임대,경북,0
2022-10,주택업체,국민임대,경남,0
2022-10,주택업체,국민임대,제주,0
2022-10,주택업체,공공임대,전국,0
2022-10,주택업체,공공임대,서울,0
2022-10,주택업체,공공임대,인천,0
2022-10,주택업체,공공임대,경기,0
2022-10,주택업체,공공임대,부산,0
2022-10,주택업체,공공임대,대구,0
2022-10,주택업체,공공임대,광주,0
2022-10,주택업체,공공임대,대전,0
2022-10,주택업체,공공임대,울산,0
2022-10,주택업체,공공임대,세종,0
2022-10,주택업체,공공임대,강원,0
2022-10,주택업체,공공임대,충북,0
2022-10,주택업체,공공임대,충남,0
2022-10,주택업체,공공임대,전북,0
2022-10,주택업체,공공임대,전남,0
2022-10,주택업체,공공임대,경북,0
2022-10,주택업체,공공임대,경남,0
2022-10,주택업체,공공임대,제주,0
2022-10,주택업체,공공분양,전국,0
2022-10,주택업체,공공분양,서울,0
2022-10,주택업체,공공분양,인천,0
2022-10,주택업체,공공분양,경기,0
2022-10,주택업체,공공분양,부산,0
2022-10,주택업체,공공분양,대구,0
2022-10,주택업체,공공분양,광주,0
2022-10,주택업체,공공분양,대전,0
2022-10,주택업체,공공분양,울산,0
2022-10,주택업체,공공분양,세종,0
2022-10,주택업체,공공분양,강원,0
2022-10,주택업체,공공분양,충북,0
2022-10,주택업체,공공분양,충남,0
2022-10,주택업체,공공분양,전북,0
2022-10,주택업체,공공분양,전남,0
2022-10,주택업체,공공분양,경북,0
2022-10,주택업체,공공분양,경남,0
2022-10,주택업체,공공분양,제주,0
2022-10,민간부문,소계,전국,26,484
2022-10,민간부문,소계,서울,3,365
2022-10,민간부문,소계,인천,900
2022-10,민간부문,소계,경기,5,906
2022-10,민간부문,소계,부산,787
2022-10,민간부문,소계,대구,2,047
2022-10,민간부문,소계,광주,678
2022-10,민간부문,소계,대전,1,858
2022-10,민간부문,소계,울산,626
2022-10,민간부문,소계,세종,62
2022-10,민간부문,소계,강원,1,140
2022-10,민간부문,소계,충북,1,366
2022-10,민간부문,소계,충남,3,671
2022-10,민간부문,소계,전북,1,280
2022-10,민간부문,소계,전남,505
2022-10,민간부문,소계,경북,531
2022-10,민간부문,소계,경남,1,410
2022-10,민간부문,소계,제주,352
2022-10,민간,민간임대,전국,1,338
2022-10,민간,민간임대,서울,426
2022-10,민간,민간임대,인천,0
2022-10,민간,민간임대,경기,0
2022-10,민간,민간임대,부산,0
2022-10,민간,민간임대,대구,0
2022-10,민간,민간임대,광주,40
2022-10,민간,민간임대,대전,725
2022-10,민간,민간임대,울산,0
2022-10,민간,민간임대,세종,0
2022-10,민간,민간임대,강원,0
2022-10,민간,민간임대,충북,0
2022-10,민간,민간임대,충남,0
2022-10,민간,민간임대,전북,0
2022-10,민간,민간임대,전남,0
2022-10,민간,민간임대,경북,147
2022-10,민간,민간임대,경남,0
2022-10,민간,민간임대,제주,0
2022-10,민간,민간분양,전국,25,146
2022-10,민간,민간분양,서울,2,939
2022-10,민간,민간분양,인천,900
2022-10,민간,민간분양,경기,5,906
2022-10,민간,민간분양,부산,787
2022-10,민간,민간분양,대구,2,047
2022-10,민간,민간분양,광주,638
2022-10,민간,민간분양,대전,1,133
2022-10,민간,민간분양,울산,626
2022-10,민간,민간분양,세종,62
2022-10,민간,민간분양,강원,1,140
2022-10,민간,민간분양,충북,1,366
2022-10,민간,민간분양,충남,3,671
2022-10,민간,민간분양,전북,1,280
2022-10,민간,민간분양,전남,505
2022-10,민간,민간분양,경북,384
2022-10,민간,민간분양,경남,1,410
2022-10,민간,민간분양,제주,352
2022-11,총계,총계,전국,26,146
2022-11,총계,총계,서울,3,624
2022-11,총계,총계,인천,649
2022-11,총계,총계,경기,5,006
2022-11,총계,총계,부산,212
2022-11,총계,총계,대구,573
2022-11,총계,총계,광주,3,272
2022-11,총계,총계,대전,512
2022-11,총계,총계,울산,2,498
2022-11,총계,총계,세종,56
2022-11,총계,총계,강원,1,567
2022-11,총계,총계,충북,1,575
2022-11,총계,총계,충남,1,905
2022-11,총계,총계,전북,743
2022-11,총계,총계,전남,597
2022-11,총계,총계,경북,2,226
2022-11,총계,총계,경남,728
2022-11,총계,총계,제주,403
2022-11,공공부문,소계,전국,1,411
2022-11,공공부문,소계,서울,0
2022-11,공공부문,소계,인천,0
2022-11,공공부문,소계,경기,378
2022-11,공공부문,소계,부산,0
2022-11,공공부문,소계,대구,1
2022-11,공공부문,소계,광주,0
2022-11,공공부문,소계,대전,0
2022-11,공공부문,소계,울산,932
2022-11,공공부문,소계,세종,0
2022-11,공공부문,소계,강원,100
2022-11,공공부문,소계,충북,0
2022-11,공공부문,소계,충남,0
2022-11,공공부문,소계,전북,0
2022-11,공공부문,소계,전남,0
2022-11,공공부문,소계,경북,0
2022-11,공공부문,소계,경남,0
2022-11,공공부문,소계,제주,0
2022-11,합,국민임대,전국,274
2022-11,합,국민임대,서울,0
2022-11,합,국민임대,인천,0
2022-11,합,국민임대,경기,0
2022-11,합,국민임대,부산,0
2022-11,합,국민임대,대구,0
2022-11,합,국민임대,광주,0
2022-11,합,국민임대,대전,0
2022-11,합,국민임대,울산,194
2022-11,합,국민임대,세종,0
2022-11,합,국민임대,강원,80
2022-11,합,국민임대,충북,0
2022-11,합,국민임대,충남,0
2022-11,합,국민임대,전북,0
2022-11,합,국민임대,전남,0
2022-11,합,국민임대,경북,0
2022-11,합,국민임대,경남,0
2022-11,합,국민임대,제주,0
2022-11,합,공공임대,전국,895
2022-11,합,공공임대,서울,0
2022-11,합,공공임대,인천,0
2022-11,합,공공임대,경기,136
2022-11,합,공공임대,부산,0
2022-11,합,공공임대,대구,1
2022-11,합,공공임대,광주,0
2022-11,합,공공임대,대전,0
2022-11,합,공공임대,울산,738
2022-11,합,공공임대,세종,0
2022-11,합,공공임대,강원,20
2022-11,합,공공임대,충북,0
2022-11,합,공공임대,충남,0
2022-11,합,공공임대,전북,0
2022-11,합,공공임대,전남,0
2022-11,합,공공임대,경북,0
2022-11,합,공공임대,경남,0
2022-11,합,공공임대,제주,0
2022-11,합,공공분양,전국,242
2022-11,합,공공분양,서울,0
2022-11,합,공공분양,인천,0
2022-11,합,공공분양,경기,242
2022-11,합,공공분양,부산,0
2022-11,합,공공분양,대구,0
2022-11,합,공공분양,광주,0
2022-11,합,공공분양,대전,0
2022-11,합,공공분양,울산,0
2022-11,합,공공분양,세종,0
2022-11,합,공공분양,강원,0
2022-11,합,공공분양,충북,0
2022-11,합,공공분양,충남,0
2022-11,합,공공분양,전북,0
2022-11,합,공공분양,전남,0
2022-11,합,공공분양,경북,0
2022-11,합,공공분양,경남,0
2022-11,합,공공분양,제주,0
2022-11,지자체,소계,전국,0
2022-11,지자체,소계,서울,0
2022-11,지자체,소계,인천,0
2022-11,지자체,소계,경기,0
2022-11,지자체,소계,부산,0
2022-11,지자체,소계,대구,0
2022-11,지자체,소계,광주,0
2022-11,지자체,소계,대전,0
2022-11,지자체,소계,울산,0
2022-11,지자체,소계,세종,0
2022-11,지자체,소계,강원,0
2022-11,지자체,소계,충북,0
2022-11,지자체,소계,충남,0
2022-11,지자체,소계,전북,0
2022-11,지자체,소계,전남,0
2022-11,지자체,소계,경북,0
2022-11,지자체,소계,경남,0
2022-11,지자체,소계,제주,0
2022-11,지자체,국민임대,전국,0
2022-11,지자체,국민임대,서울,0
2022-11,지자체,국민임대,인천,0
2022-11,지자체,국민임대,경기,0
2022-11,지자체,국민임대,부산,0
2022-11,지자체,국민임대,대구,0
2022-11,지자체,국민임대,광주,0
2022-11,지자체,국민임대,대전,0
2022-11,지자체,국민임대,울산,0
2022-11,지자체,국민임대,세종,0
2022-11,지자체,국민임대,강원,0
2022-11,지자체,국민임대,충북,0
2022-11,지자체,국민임대,충남,0
2022-11,지자체,국민임대,전북,0
2022-11,지자체,국민임대,전남,0
2022-11,지자체,국민임대,경북,0
2022-11,지자체,국민임대,경남,0
2022-11,지자체,국민임대,제주,0
2022-11,지자체,공공임대,전국,0
2022-11,지자체,공공임대,서울,0
2022-11,지자체,공공임대,인천,0
2022-11,지자체,공공임대,경기,0
2022-11,지자체,공공임대,부산,0
2022-11,지자체,공공임대,대구,0
2022-11,지자체,공공임대,광주,0
2022-11,지자체,공공임대,대전,0
2022-11,지자체,공공임대,울산,0
2022-11,지자체,공공임대,세종,0
2022-11,지자체,공공임대,강원,0
2022-11,지자체,공공임대,충북,0
2022-11,지자체,공공임대,충남,0
2022-11,지자체,공공임대,전북,0
2022-11,지자체,공공임대,전남,0
2022-11,지자체,공공임대,경북,0
2022-11,지자체,공공임대,경남,0
2022-11,지자체,공공임대,제주,0
2022-11,지자체,공공분양,전국,0
2022-11,지자체,공공분양,서울,0
2022-11,지자체,공공분양,인천,0
2022-11,지자체,공공분양,경기,0
2022-11,지자체,공공분양,부산,0
2022-11,지자체,공공분양,대구,0
2022-11,지자체,공공분양,광주,0
2022-11,지자체,공공분양,대전,0
2022-11,지자체,공공분양,울산,0
2022-11,지자체,공공분양,세종,0
2022-11,지자체,공공분양,강원,0
2022-11,지자체,공공분양,충북,0
2022-11,지자체,공공분양,충남,0
2022-11,지자체,공공분양,전북,0
2022-11,지자체,공공분양,전남,0
2022-11,지자체,공공분양,경북,0
2022-11,지자체,공공분양,경남,0
2022-11,지자체,공공분양,제주,0
2022-11,LH,소계,전국,1,168
2022-11,LH,소계,서울,0
2022-11,LH,소계,인천,0
2022-11,LH,소계,경기,136
2022-11,LH,소계,부산,0
2022-11,LH,소계,대구,0
2022-11,LH,소계,광주,0
2022-11,LH,소계,대전,0
2022-11,LH,소계,울산,932
2022-11,LH,소계,세종,0
2022-11,LH,소계,강원,100
2022-11,LH,소계,충북,0
2022-11,LH,소계,충남,0
2022-11,LH,소계,전북,0
2022-11,LH,소계,전남,0
2022-11,LH,소계,경북,0
2022-11,LH,소계,경남,0
2022-11,LH,소계,제주,0
2022-11,LH,국민임대,전국,274
2022-11,LH,국민임대,서울,0
2022-11,LH,국민임대,인천,0
2022-11,LH,국민임대,경기,0
2022-11,LH,국민임대,부산,0
2022-11,LH,국민임대,대구,0
2022-11,LH,국민임대,광주,0
2022-11,LH,국민임대,대전,0
2022-11,LH,국민임대,울산,194
2022-11,LH,국민임대,세종,0
2022-11,LH,국민임대,강원,80
2022-11,LH,국민임대,충북,0
2022-11,LH,국민임대,충남,0
2022-11,LH,국민임대,전북,0
2022-11,LH,국민임대,전남,0
2022-11,LH,국민임대,경북,0
2022-11,LH,국민임대,경남,0
2022-11,LH,국민임대,제주,0
2022-11,LH,공공임대,전국,894
2022-11,LH,공공임대,서울,0
2022-11,LH,공공임대,인천,0
2022-11,LH,공공임대,경기,136
2022-11,LH,공공임대,부산,0
2022-11,LH,공공임대,대구,0
2022-11,LH,공공임대,광주,0
2022-11,LH,공공임대,대전,0
2022-11,LH,공공임대,울산,738
2022-11,LH,공공임대,세종,0
2022-11,LH,공공임대,강원,20
2022-11,LH,공공임대,충북,0
2022-11,LH,공공임대,충남,0
2022-11,LH,공공임대,전북,0
2022-11,LH,공공임대,전남,0
2022-11,LH,공공임대,경북,0
2022-11,LH,공공임대,경남,0
2022-11,LH,공공임대,제주,0
2022-11,LH,공공분양,전국,0
2022-11,LH,공공분양,서울,0
2022-11,LH,공공분양,인천,0
2022-11,LH,공공분양,경기,0
2022-11,LH,공공분양,부산,0
2022-11,LH,공공분양,대구,0
2022-11,LH,공공분양,광주,0
2022-11,LH,공공분양,대전,0
2022-11,LH,공공분양,울산,0
2022-11,LH,공공분양,세종,0
2022-11,LH,공공분양,강원,0
2022-11,LH,공공분양,충북,0
2022-11,LH,공공분양,충남,0
2022-11,LH,공공분양,전북,0
2022-11,LH,공공분양,전남,0
2022-11,LH,공공분양,경북,0
2022-11,LH,공공분양,경남,0
2022-11,LH,공공분양,제주,0
2022-11,주택업체,소계,전국,243
2022-11,주택업체,소계,서울,0
2022-11,주택업체,소계,인천,0
2022-11,주택업체,소계,경기,242
2022-11,주택업체,소계,부산,0
2022-11,주택업체,소계,대구,1
2022-11,주택업체,소계,광주,0
2022-11,주택업체,소계,대전,0
2022-11,주택업체,소계,울산,0
2022-11,주택업체,소계,세종,0
2022-11,주택업체,소계,강원,0
2022-11,주택업체,소계,충북,0
2022-11,주택업체,소계,충남,0
2022-11,주택업체,소계,전북,0
2022-11,주택업체,소계,전남,0
2022-11,주택업체,소계,경북,0
2022-11,주택업체,소계,경남,0
2022-11,주택업체,소계,제주,0
2022-11,주택업체,국민임대,전국,0
2022-11,주택업체,국민임대,서울,0
2022-11,주택업체,국민임대,인천,0
2022-11,주택업체,국민임대,경기,0
2022-11,주택업체,국민임대,부산,0
2022-11,주택업체,국민임대,대구,0
2022-11,주택업체,국민임대,광주,0
2022-11,주택업체,국민임대,대전,0
2022-11,주택업체,국민임대,울산,0
2022-11,주택업체,국민임대,세종,0
2022-11,주택업체,국민임대,강원,0
2022-11,주택업체,국민임대,충북,0
2022-11,주택업체,국민임대,충남,0
2022-11,주택업체,국민임대,전북,0
2022-11,주택업체,국민임대,전남,0
2022-11,주택업체,국민임대,경북,0
2022-11,주택업체,국민임대,경남,0
2022-11,주택업체,국민임대,제주,0
2022-11,주택업체,공공임대,전국,1
2022-11,주택업체,공공임대,서울,0
2022-11,주택업체,공공임대,인천,0
2022-11,주택업체,공공임대,경기,0
2022-11,주택업체,공공임대,부산,0
2022-11,주택업체,공공임대,대구,1
2022-11,주택업체,공공임대,광주,0
2022-11,주택업체,공공임대,대전,0
2022-11,주택업체,공공임대,울산,0
2022-11,주택업체,공공임대,세종,0
2022-11,주택업체,공공임대,강원,0
2022-11,주택업체,공공임대,충북,0
2022-11,주택업체,공공임대,충남,0
2022-11,주택업체,공공임대,전북,0
2022-11,주택업체,공공임대,전남,0
2022-11,주택업체,공공임대,경북,0
2022-11,주택업체,공공임대,경남,0
2022-11,주택업체,공공임대,제주,0
2022-11,주택업체,공공분양,전국,242
2022-11,주택업체,공공분양,서울,0
2022-11,주택업체,공공분양,인천,0
2022-11,주택업체,공공분양,경기,242
2022-11,주택업체,공공분양,부산,0
2022-11,주택업체,공공분양,대구,0
2022-11,주택업체,공공분양,광주,0
2022-11,주택업체,공공분양,대전,0
2022-11,주택업체,공공분양,울산,0
2022-11,주택업체,공공분양,세종,0
2022-11,주택업체,공공분양,강원,0
2022-11,주택업체,공공분양,충북,0
2022-11,주택업체,공공분양,충남,0
2022-11,주택업체,공공분양,전북,0
2022-11,주택업체,공공분양,전남,0
2022-11,주택업체,공공분양,경북,0
2022-11,주택업체,공공분양,경남,0
2022-11,주택업체,공공분양,제주,0
2022-11,민간부문,소계,전국,24,735
2022-11,민간부문,소계,서울,3,624
2022-11,민간부문,소계,인천,649
2022-11,민간부문,소계,경기,4,628
2022-11,민간부문,소계,부산,212
2022-11,민간부문,소계,대구,572
2022-11,민간부문,소계,광주,3,272
2022-11,민간부문,소계,대전,512
2022-11,민간부문,소계,울산,1,566
2022-11,민간부문,소계,세종,56
2022-11,민간부문,소계,강원,1,467
2022-11,민간부문,소계,충북,1,575
2022-11,민간부문,소계,충남,1,905
2022-11,민간부문,소계,전북,743
2022-11,민간부문,소계,전남,597
2022-11,민간부문,소계,경북,2,226
2022-11,민간부문,소계,경남,728
2022-11,민간부문,소계,제주,403
2022-11,민간,민간임대,전국,717
2022-11,민간,민간임대,서울,717
2022-11,민간,민간임대,인천,0
2022-11,민간,민간임대,경기,0
2022-11,민간,민간임대,부산,0
2022-11,민간,민간임대,대구,0
2022-11,민간,민간임대,광주,0
2022-11,민간,민간임대,대전,0
2022-11,민간,민간임대,울산,0
2022-11,민간,민간임대,세종,0
2022-11,민간,민간임대,강원,0
2022-11,민간,민간임대,충북,0
2022-11,민간,민간임대,충남,0
2022-11,민간,민간임대,전북,0
2022-11,민간,민간임대,전남,0
2022-11,민간,민간임대,경북,0
2022-11,민간,민간임대,경남,0
2022-11,민간,민간임대,제주,0
2022-11,민간,민간분양,전국,24,018
2022-11,민간,민간분양,서울,2,907
2022-11,민간,민간분양,인천,649
2022-11,민간,민간분양,경기,4,628
2022-11,민간,민간분양,부산,212
2022-11,민간,민간분양,대구,572
2022-11,민간,민간분양,광주,3,272
2022-11,민간,민간분양,대전,512
2022-11,민간,민간분양,울산,1,566
2022-11,민간,민간분양,세종,56
2022-11,민간,민간분양,강원,1,467
2022-11,민간,민간분양,충북,1,575
2022-11,민간,민간분양,충남,1,905
2022-11,민간,민간분양,전북,743
2022-11,민간,민간분양,전남,597
2022-11,민간,민간분양,경북,2,226
2022-11,민간,민간분양,경남,728
2022-11,민간,민간분양,제주,403
2022-12,총계,총계,전국,25,322
2022-12,총계,총계,서울,3,075
2022-12,총계,총계,인천,2,912
2022-12,총계,총계,경기,6,346
2022-12,총계,총계,부산,2,665
2022-12,총계,총계,대구,677
2022-12,총계,총계,광주,80
2022-12,총계,총계,대전,170
2022-12,총계,총계,울산,868
2022-12,총계,총계,세종,246
2022-12,총계,총계,강원,607
2022-12,총계,총계,충북,2,295
2022-12,총계,총계,충남,1,188
2022-12,총계,총계,전북,1,300
2022-12,총계,총계,전남,897
2022-12,총계,총계,경북,505
2022-12,총계,총계,경남,419
2022-12,총계,총계,제주,1,072
2022-12,공공부문,소계,전국,9,487
2022-12,공공부문,소계,서울,0
2022-12,공공부문,소계,인천,801
2022-12,공공부문,소계,경기,3,092
2022-12,공공부문,소계,부산,1,233
2022-12,공공부문,소계,대구,51
2022-12,공공부문,소계,광주,0
2022-12,공공부문,소계,대전,100
2022-12,공공부문,소계,울산,0
2022-12,공공부문,소계,세종,238
2022-12,공공부문,소계,강원,0
2022-12,공공부문,소계,충북,1,344
2022-12,공공부문,소계,충남,245
2022-12,공공부문,소계,전북,1,185
2022-12,공공부문,소계,전남,488
2022-12,공공부문,소계,경북,227
2022-12,공공부문,소계,경남,150
2022-12,공공부문,소계,제주,333
2022-12,합,국민임대,전국,1,678
2022-12,합,국민임대,서울,0
2022-12,합,국민임대,인천,0
2022-12,합,국민임대,경기,1,002
2022-12,합,국민임대,부산,0
2022-12,합,국민임대,대구,0
2022-12,합,국민임대,광주,0
2022-12,합,국민임대,대전,0
2022-12,합,국민임대,울산,0
2022-12,합,국민임대,세종,0
2022-12,합,국민임대,강원,0
2022-12,합,국민임대,충북,116
2022-12,합,국민임대,충남,0
2022-12,합,국민임대,전북,120
2022-12,합,국민임대,전남,440
2022-12,합,국민임대,경북,0
2022-12,합,국민임대,경남,0
2022-12,합,국민임대,제주,0
2022-12,합,공공임대,전국,5,643
2022-12,합,공공임대,서울,0
2022-12,합,공공임대,인천,267
2022-12,합,공공임대,경기,1,448
2022-12,합,공공임대,부산,1,233
2022-12,합,공공임대,대구,51
2022-12,합,공공임대,광주,0
2022-12,합,공공임대,대전,100
2022-12,합,공공임대,울산,0
2022-12,합,공공임대,세종,238
2022-12,합,공공임대,강원,0
2022-12,합,공공임대,충북,1,228
2022-12,합,공공임대,충남,0
2022-12,합,공공임대,전북,320
2022-12,합,공공임대,전남,48
2022-12,합,공공임대,경북,227
2022-12,합,공공임대,경남,150
2022-12,합,공공임대,제주,333
2022-12,합,공공분양,전국,2,166
2022-12,합,공공분양,서울,0
2022-12,합,공공분양,인천,534
2022-12,합,공공분양,경기,642
2022-12,합,공공분양,부산,0
2022-12,합,공공분양,대구,0
2022-12,합,공공분양,광주,0
2022-12,합,공공분양,대전,0
2022-12,합,공공분양,울산,0
2022-12,합,공공분양,세종,0
2022-12,합,공공분양,강원,0
2022-12,합,공공분양,충북,0
2022-12,합,공공분양,충남,245
2022-12,합,공공분양,전북,745
2022-12,합,공공분양,전남,0
2022-12,합,공공분양,경북,0
2022-12,합,공공분양,경남,0
2022-12,합,공공분양,제주,0
2022-12,지자체,소계,전국,745
2022-12,지자체,소계,서울,0
2022-12,지자체,소계,인천,0
2022-12,지자체,소계,경기,0
2022-12,지자체,소계,부산,0
2022-12,지자체,소계,대구,0
2022-12,지자체,소계,광주,0
2022-12,지자체,소계,대전,0
2022-12,지자체,소계,울산,0
2022-12,지자체,소계,세종,0
2022-12,지자체,소계,강원,0
2022-12,지자체,소계,충북,0
2022-12,지자체,소계,충남,0
2022-12,지자체,소계,전북,745
2022-12,지자체,소계,전남,0
2022-12,지자체,소계,경북,0
2022-12,지자체,소계,경남,0
2022-12,지자체,소계,제주,0
2022-12,지자체,국민임대,전국,0
2022-12,지자체,국민임대,서울,0
2022-12,지자체,국민임대,인천,0
2022-12,지자체,국민임대,경기,0
2022-12,지자체,국민임대,부산,0
2022-12,지자체,국민임대,대구,0
2022-12,지자체,국민임대,광주,0
2022-12,지자체,국민임대,대전,0
2022-12,지자체,국민임대,울산,0
2022-12,지자체,국민임대,세종,0
2022-12,지자체,국민임대,강원,0
2022-12,지자체,국민임대,충북,0
2022-12,지자체,국민임대,충남,0
2022-12,지자체,국민임대,전북,0
2022-12,지자체,국민임대,전남,0
2022-12,지자체,국민임대,경북,0
2022-12,지자체,국민임대,경남,0
2022-12,지자체,국민임대,제주,0
2022-12,지자체,공공임대,전국,0
2022-12,지자체,공공임대,서울,0
2022-12,지자체,공공임대,인천,0
2022-12,지자체,공공임대,경기,0
2022-12,지자체,공공임대,부산,0
2022-12,지자체,공공임대,대구,0
2022-12,지자체,공공임대,광주,0
2022-12,지자체,공공임대,대전,0
2022-12,지자체,공공임대,울산,0
2022-12,지자체,공공임대,세종,0
2022-12,지자체,공공임대,강원,0
2022-12,지자체,공공임대,충북,0
2022-12,지자체,공공임대,충남,0
2022-12,지자체,공공임대,전북,0
2022-12,지자체,공공임대,전남,0
2022-12,지자체,공공임대,경북,0
2022-12,지자체,공공임대,경남,0
2022-12,지자체,공공임대,제주,0
2022-12,지자체,공공분양,전국,745
2022-12,지자체,공공분양,서울,0
2022-12,지자체,공공분양,인천,0
2022-12,지자체,공공분양,경기,0
2022-12,지자체,공공분양,부산,0
2022-12,지자체,공공분양,대구,0
2022-12,지자체,공공분양,광주,0
2022-12,지자체,공공분양,대전,0
2022-12,지자체,공공분양,울산,0
2022-12,지자체,공공분양,세종,0
2022-12,지자체,공공분양,강원,0
2022-12,지자체,공공분양,충북,0
2022-12,지자체,공공분양,충남,0
2022-12,지자체,공공분양,전북,745
2022-12,지자체,공공분양,전남,0
2022-12,지자체,공공분양,경북,0
2022-12,지자체,공공분양,경남,0
2022-12,지자체,공공분양,제주,0
2022-12,LH,소계,전국,7,458
2022-12,LH,소계,서울,0
2022-12,LH,소계,인천,801
2022-12,LH,소계,경기,3,092
2022-12,LH,소계,부산,0
2022-12,LH,소계,대구,0
2022-12,LH,소계,광주,0
2022-12,LH,소계,대전,100
2022-12,LH,소계,울산,0
2022-12,LH,소계,세종,238
2022-12,LH,소계,강원,0
2022-12,LH,소계,충북,1,344
2022-12,LH,소계,충남,245
2022-12,LH,소계,전북,440
2022-12,LH,소계,전남,488
2022-12,LH,소계,경북,227
2022-12,LH,소계,경남,150
2022-12,LH,소계,제주,333
2022-12,LH,국민임대,전국,1,678
2022-12,LH,국민임대,서울,0
2022-12,LH,국민임대,인천,0
2022-12,LH,국민임대,경기,1,002
2022-12,LH,국민임대,부산,0
2022-12,LH,국민임대,대구,0
2022-12,LH,국민임대,광주,0
2022-12,LH,국민임대,대전,0
2022-12,LH,국민임대,울산,0
2022-12,LH,국민임대,세종,0
2022-12,LH,국민임대,강원,0
2022-12,LH,국민임대,충북,116
2022-12,LH,국민임대,충남,0
2022-12,LH,국민임대,전북,120
2022-12,LH,국민임대,전남,440
2022-12,LH,국민임대,경북,0
2022-12,LH,국민임대,경남,0
2022-12,LH,국민임대,제주,0
2022-12,LH,공공임대,전국,4,359
2022-12,LH,공공임대,서울,0
2022-12,LH,공공임대,인천,267
2022-12,LH,공공임대,경기,1,448
2022-12,LH,공공임대,부산,0
2022-12,LH,공공임대,대구,0
2022-12,LH,공공임대,광주,0
2022-12,LH,공공임대,대전,100
2022-12,LH,공공임대,울산,0
2022-12,LH,공공임대,세종,238
2022-12,LH,공공임대,강원,0
2022-12,LH,공공임대,충북,1,228
2022-12,LH,공공임대,충남,0
2022-12,LH,공공임대,전북,320
2022-12,LH,공공임대,전남,48
2022-12,LH,공공임대,경북,227
2022-12,LH,공공임대,경남,150
2022-12,LH,공공임대,제주,333
2022-12,LH,공공분양,전국,1,421
2022-12,LH,공공분양,서울,0
2022-12,LH,공공분양,인천,534
2022-12,LH,공공분양,경기,642
2022-12,LH,공공분양,부산,0
2022-12,LH,공공분양,대구,0
2022-12,LH,공공분양,광주,0
2022-12,LH,공공분양,대전,0
2022-12,LH,공공분양,울산,0
2022-12,LH,공공분양,세종,0
2022-12,LH,공공분양,강원,0
2022-12,LH,공공분양,충북,0
2022-12,LH,공공분양,충남,245
2022-12,LH,공공분양,전북,0
2022-12,LH,공공분양,전남,0
2022-12,LH,공공분양,경북,0
2022-12,LH,공공분양,경남,0
2022-12,LH,공공분양,제주,0
2022-12,주택업체,소계,전국,1,284
2022-12,주택업체,소계,서울,0
2022-12,주택업체,소계,인천,0
2022-12,주택업체,소계,경기,0
2022-12,주택업체,소계,부산,1,233
2022-12,주택업체,소계,대구,51
2022-12,주택업체,소계,광주,0
2022-12,주택업체,소계,대전,0
2022-12,주택업체,소계,울산,0
2022-12,주택업체,소계,세종,0
2022-12,주택업체,소계,강원,0
2022-12,주택업체,소계,충북,0
2022-12,주택업체,소계,충남,0
2022-12,주택업체,소계,전북,0
2022-12,주택업체,소계,전남,0
2022-12,주택업체,소계,경북,0
2022-12,주택업체,소계,경남,0
2022-12,주택업체,소계,제주,0
2022-12,주택업체,국민임대,전국,0
2022-12,주택업체,국민임대,서울,0
2022-12,주택업체,국민임대,인천,0
2022-12,주택업체,국민임대,경기,0
2022-12,주택업체,국민임대,부산,0
2022-12,주택업체,국민임대,대구,0
2022-12,주택업체,국민임대,광주,0
2022-12,주택업체,국민임대,대전,0
2022-12,주택업체,국민임대,울산,0
2022-12,주택업체,국민임대,세종,0
2022-12,주택업체,국민임대,강원,0
2022-12,주택업체,국민임대,충북,0
2022-12,주택업체,국민임대,충남,0
2022-12,주택업체,국민임대,전북,0
2022-12,주택업체,국민임대,전남,0
2022-12,주택업체,국민임대,경북,0
2022-12,주택업체,국민임대,경남,0
2022-12,주택업체,국민임대,제주,0
2022-12,주택업체,공공임대,전국,1,284
2022-12,주택업체,공공임대,서울,0
2022-12,주택업체,공공임대,인천,0
2022-12,주택업체,공공임대,경기,0
2022-12,주택업체,공공임대,부산,1,233
2022-12,주택업체,공공임대,대구,51
2022-12,주택업체,공공임대,광주,0
2022-12,주택업체,공공임대,대전,0
2022-12,주택업체,공공임대,울산,0
2022-12,주택업체,공공임대,세종,0
2022-12,주택업체,공공임대,강원,0
2022-12,주택업체,공공임대,충북,0
2022-12,주택업체,공공임대,충남,0
2022-12,주택업체,공공임대,전북,0
2022-12,주택업체,공공임대,전남,0
2022-12,주택업체,공공임대,경북,0
2022-12,주택업체,공공임대,경남,0
2022-12,주택업체,공공임대,제주,0
2022-12,주택업체,공공분양,전국,0
2022-12,주택업체,공공분양,서울,0
2022-12,주택업체,공공분양,인천,0
2022-12,주택업체,공공분양,경기,0
2022-12,주택업체,공공분양,부산,0
2022-12,주택업체,공공분양,대구,0
2022-12,주택업체,공공분양,광주,0
2022-12,주택업체,공공분양,대전,0
2022-12,주택업체,공공분양,울산,0
2022-12,주택업체,공공분양,세종,0
2022-12,주택업체,공공분양,강원,0
2022-12,주택업체,공공분양,충북,0
2022-12,주택업체,공공분양,충남,0
2022-12,주택업체,공공분양,전북,0
2022-12,주택업체,공공분양,전남,0
2022-12,주택업체,공공분양,경북,0
2022-12,주택업체,공공분양,경남,0
2022-12,주택업체,공공분양,제주,0
2022-12,민간부문,소계,전국,15,835
2022-12,민간부문,소계,서울,3,075
2022-12,민간부문,소계,인천,2,111
2022-12,민간부문,소계,경기,3,254
2022-12,민간부문,소계,부산,1,432
2022-12,민간부문,소계,대구,626
2022-12,민간부문,소계,광주,80
2022-12,민간부문,소계,대전,70
2022-12,민간부문,소계,울산,868
2022-12,민간부문,소계,세종,8
2022-12,민간부문,소계,강원,607
2022-12,민간부문,소계,충북,951
2022-12,민간부문,소계,충남,943
2022-12,민간부문,소계,전북,115
2022-12,민간부문,소계,전남,409
2022-12,민간부문,소계,경북,278
2022-12,민간부문,소계,경남,269
2022-12,민간부문,소계,제주,739
2022-12,민간,민간임대,전국,3,671
2022-12,민간,민간임대,서울,597
2022-12,민간,민간임대,인천,243
2022-12,민간,민간임대,경기,1,816
2022-12,민간,민간임대,부산,0
2022-12,민간,민간임대,대구,604
2022-12,민간,민간임대,광주,0
2022-12,민간,민간임대,대전,0
2022-12,민간,민간임대,울산,0
2022-12,민간,민간임대,세종,0
2022-12,민간,민간임대,강원,0
2022-12,민간,민간임대,충북,0
2022-12,민간,민간임대,충남,411
2022-12,민간,민간임대,전북,0
2022-12,민간,민간임대,전남,0
2022-12,민간,민간임대,경북,0
2022-12,민간,민간임대,경남,0
2022-12,민간,민간임대,제주,0
2022-12,민간,민간분양,전국,12,164
2022-12,민간,민간분양,서울,2,478
2022-12,민간,민간분양,인천,1,868
2022-12,민간,민간분양,경기,1,438
2022-12,민간,민간분양,부산,1,432
2022-12,민간,민간분양,대구,22
2022-12,민간,민간분양,광주,80
2022-12,민간,민간분양,대전,70
2022-12,민간,민간분양,울산,868
2022-12,민간,민간분양,세종,8
2022-12,민간,민간분양,강원,607
2022-12,민간,민간분양,충북,951
2022-12,민간,민간분양,충남,532
2022-12,민간,민간분양,전북,115
2022-12,민간,민간분양,전남,409
2022-12,민간,민간분양,경북,278
2022-12,민간,민간분양,경남,269
2022-12,민간,민간분양,제주,739
2023-01,총계,총계,전국,21,798
2023-01,총계,총계,서울,2,979
2023-01,총계,총계,인천,525
2023-01,총계,총계,경기,9,567
2023-01,총계,총계,부산,4,994
2023-01,총계,총계,대구,41
2023-01,총계,총계,광주,42
2023-01,총계,총계,대전,89
2023-01,총계,총계,울산,223
2023-01,총계,총계,세종,2
2023-01,총계,총계,강원,724
2023-01,총계,총계,충북,149
2023-01,총계,총계,충남,1,427
2023-01,총계,총계,전북,59
2023-01,총계,총계,전남,108
2023-01,총계,총계,경북,175
2023-01,총계,총계,경남,122
2023-01,총계,총계,제주,572
2023-01,공공부문,소계,전국,4,877
2023-01,공공부문,소계,서울,875
2023-01,공공부문,소계,인천,0
2023-01,공공부문,소계,경기,2,868
2023-01,공공부문,소계,부산,1,134
2023-01,공공부문,소계,대구,0
2023-01,공공부문,소계,광주,0
2023-01,공공부문,소계,대전,0
2023-01,공공부문,소계,울산,0
2023-01,공공부문,소계,세종,0
2023-01,공공부문,소계,강원,0
2023-01,공공부문,소계,충북,0
2023-01,공공부문,소계,충남,0
2023-01,공공부문,소계,전북,0
2023-01,공공부문,소계,전남,0
2023-01,공공부문,소계,경북,0
2023-01,공공부문,소계,경남,0
2023-01,공공부문,소계,제주,0
2023-01,합,국민임대,전국,0
2023-01,합,국민임대,서울,0
2023-01,합,국민임대,인천,0
2023-01,합,국민임대,경기,0
2023-01,합,국민임대,부산,0
2023-01,합,국민임대,대구,0
2023-01,합,국민임대,광주,0
2023-01,합,국민임대,대전,0
2023-01,합,국민임대,울산,0
2023-01,합,국민임대,세종,0
2023-01,합,국민임대,강원,0
2023-01,합,국민임대,충북,0
2023-01,합,국민임대,충남,0
2023-01,합,국민임대,전북,0
2023-01,합,국민임대,전남,0
2023-01,합,국민임대,경북,0
2023-01,합,국민임대,경남,0
2023-01,합,국민임대,제주,0
2023-01,합,공공임대,전국,2,009
2023-01,합,공공임대,서울,875
2023-01,합,공공임대,인천,0
2023-01,합,공공임대,경기,0
2023-01,합,공공임대,부산,1,134
2023-01,합,공공임대,대구,0
2023-01,합,공공임대,광주,0
2023-01,합,공공임대,대전,0
2023-01,합,공공임대,울산,0
2023-01,합,공공임대,세종,0
2023-01,합,공공임대,강원,0
2023-01,합,공공임대,충북,0
2023-01,합,공공임대,충남,0
2023-01,합,공공임대,전북,0
2023-01,합,공공임대,전남,0
2023-01,합,공공임대,경북,0
2023-01,합,공공임대,경남,0
2023-01,합,공공임대,제주,0
2023-01,합,공공분양,전국,2,868
2023-01,합,공공분양,서울,0
2023-01,합,공공분양,인천,0
2023-01,합,공공분양,경기,2,868
2023-01,합,공공분양,부산,0
2023-01,합,공공분양,대구,0
2023-01,합,공공분양,광주,0
2023-01,합,공공분양,대전,0
2023-01,합,공공분양,울산,0
2023-01,합,공공분양,세종,0
2023-01,합,공공분양,강원,0
2023-01,합,공공분양,충북,0
2023-01,합,공공분양,충남,0
2023-01,합,공공분양,전북,0
2023-01,합,공공분양,전남,0
2023-01,합,공공분양,경북,0
2023-01,합,공공분양,경남,0
2023-01,합,공공분양,제주,0
2023-01,지자체,소계,전국,1,134
2023-01,지자체,소계,서울,0
2023-01,지자체,소계,인천,0
2023-01,지자체,소계,경기,0
2023-01,지자체,소계,부산,1,134
2023-01,지자체,소계,대구,0
2023-01,지자체,소계,광주,0
2023-01,지자체,소계,대전,0
2023-01,지자체,소계,울산,0
2023-01,지자체,소계,세종,0
2023-01,지자체,소계,강원,0
2023-01,지자체,소계,충북,0
2023-01,지자체,소계,충남,0
2023-01,지자체,소계,전북,0
2023-01,지자체,소계,전남,0
2023-01,지자체,소계,경북,0
2023-01,지자체,소계,경남,0
2023-01,지자체,소계,제주,0
2023-01,지자체,국민임대,전국,0
2023-01,지자체,국민임대,서울,0
2023-01,지자체,국민임대,인천,0
2023-01,지자체,국민임대,경기,0
2023-01,지자체,국민임대,부산,0
2023-01,지자체,국민임대,대구,0
2023-01,지자체,국민임대,광주,0
2023-01,지자체,국민임대,대전,0
2023-01,지자체,국민임대,울산,0
2023-01,지자체,국민임대,세종,0
2023-01,지자체,국민임대,강원,0
2023-01,지자체,국민임대,충북,0
2023-01,지자체,국민임대,충남,0
2023-01,지자체,국민임대,전북,0
2023-01,지자체,국민임대,전남,0
2023-01,지자체,국민임대,경북,0
2023-01,지자체,국민임대,경남,0
2023-01,지자체,국민임대,제주,0
2023-01,지자체,공공임대,전국,1,134
2023-01,지자체,공공임대,서울,0
2023-01,지자체,공공임대,인천,0
2023-01,지자체,공공임대,경기,0
2023-01,지자체,공공임대,부산,1,134
2023-01,지자체,공공임대,대구,0
2023-01,지자체,공공임대,광주,0
2023-01,지자체,공공임대,대전,0
2023-01,지자체,공공임대,울산,0
2023-01,지자체,공공임대,세종,0
2023-01,지자체,공공임대,강원,0
2023-01,지자체,공공임대,충북,0
2023-01,지자체,공공임대,충남,0
2023-01,지자체,공공임대,전북,0
2023-01,지자체,공공임대,전남,0
2023-01,지자체,공공임대,경북,0
2023-01,지자체,공공임대,경남,0
2023-01,지자체,공공임대,제주,0
2023-01,지자체,공공분양,전국,0
2023-01,지자체,공공분양,서울,0
2023-01,지자체,공공분양,인천,0
2023-01,지자체,공공분양,경기,0
2023-01,지자체,공공분양,부산,0
2023-01,지자체,공공분양,대구,0
2023-01,지자체,공공분양,광주,0
2023-01,지자체,공공분양,대전,0
2023-01,지자체,공공분양,울산,0
2023-01,지자체,공공분양,세종,0
2023-01,지자체,공공분양,강원,0
2023-01,지자체,공공분양,충북,0
2023-01,지자체,공공분양,충남,0
2023-01,지자체,공공분양,전북,0
2023-01,지자체,공공분양,전남,0
2023-01,지자체,공공분양,경북,0
2023-01,지자체,공공분양,경남,0
2023-01,지자체,공공분양,제주,0
2023-01,LH,소계,전국,688
2023-01,LH,소계,서울,0
2023-01,LH,소계,인천,0
2023-01,LH,소계,경기,688
2023-01,LH,소계,부산,0
2023-01,LH,소계,대구,0
2023-01,LH,소계,광주,0
2023-01,LH,소계,대전,0
2023-01,LH,소계,울산,0
2023-01,LH,소계,세종,0
2023-01,LH,소계,강원,0
2023-01,LH,소계,충북,0
2023-01,LH,소계,충남,0
2023-01,LH,소계,전북,0
2023-01,LH,소계,전남,0
2023-01,LH,소계,경북,0
2023-01,LH,소계,경남,0
2023-01,LH,소계,제주,0
2023-01,LH,국민임대,전국,0
2023-01,LH,국민임대,서울,0
2023-01,LH,국민임대,인천,0
2023-01,LH,국민임대,경기,0
2023-01,LH,국민임대,부산,0
2023-01,LH,국민임대,대구,0
2023-01,LH,국민임대,광주,0
2023-01,LH,국민임대,대전,0
2023-01,LH,국민임대,울산,0
2023-01,LH,국민임대,세종,0
2023-01,LH,국민임대,강원,0
2023-01,LH,국민임대,충북,0
2023-01,LH,국민임대,충남,0
2023-01,LH,국민임대,전북,0
2023-01,LH,국민임대,전남,0
2023-01,LH,국민임대,경북,0
2023-01,LH,국민임대,경남,0
2023-01,LH,국민임대,제주,0
2023-01,LH,공공임대,전국,0
2023-01,LH,공공임대,서울,0
2023-01,LH,공공임대,인천,0
2023-01,LH,공공임대,경기,0
2023-01,LH,공공임대,부산,0
2023-01,LH,공공임대,대구,0
2023-01,LH,공공임대,광주,0
2023-01,LH,공공임대,대전,0
2023-01,LH,공공임대,울산,0
2023-01,LH,공공임대,세종,0
2023-01,LH,공공임대,강원,0
2023-01,LH,공공임대,충북,0
2023-01,LH,공공임대,충남,0
2023-01,LH,공공임대,전북,0
2023-01,LH,공공임대,전남,0
2023-01,LH,공공임대,경북,0
2023-01,LH,공공임대,경남,0
2023-01,LH,공공임대,제주,0
2023-01,LH,공공분양,전국,688
2023-01,LH,공공분양,서울,0
2023-01,LH,공공분양,인천,0
2023-01,LH,공공분양,경기,688
2023-01,LH,공공분양,부산,0
2023-01,LH,공공분양,대구,0
2023-01,LH,공공분양,광주,0
2023-01,LH,공공분양,대전,0
2023-01,LH,공공분양,울산,0
2023-01,LH,공공분양,세종,0
2023-01,LH,공공분양,강원,0
2023-01,LH,공공분양,충북,0
2023-01,LH,공공분양,충남,0
2023-01,LH,공공분양,전북,0
2023-01,LH,공공분양,전남,0
2023-01,LH,공공분양,경북,0
2023-01,LH,공공분양,경남,0
2023-01,LH,공공분양,제주,0
2023-01,주택업체,소계,전국,3,055
2023-01,주택업체,소계,서울,875
2023-01,주택업체,소계,인천,0
2023-01,주택업체,소계,경기,2,180
2023-01,주택업체,소계,부산,0
2023-01,주택업체,소계,대구,0
2023-01,주택업체,소계,광주,0
2023-01,주택업체,소계,대전,0
2023-01,주택업체,소계,울산,0
2023-01,주택업체,소계,세종,0
2023-01,주택업체,소계,강원,0
2023-01,주택업체,소계,충북,0
2023-01,주택업체,소계,충남,0
2023-01,주택업체,소계,전북,0
2023-01,주택업체,소계,전남,0
2023-01,주택업체,소계,경북,0
2023-01,주택업체,소계,경남,0
2023-01,주택업체,소계,제주,0
2023-01,주택업체,국민임대,전국,0
2023-01,주택업체,국민임대,서울,0
2023-01,주택업체,국민임대,인천,0
2023-01,주택업체,국민임대,경기,0
2023-01,주택업체,국민임대,부산,0
2023-01,주택업체,국민임대,대구,0
2023-01,주택업체,국민임대,광주,0
2023-01,주택업체,국민임대,대전,0
2023-01,주택업체,국민임대,울산,0
2023-01,주택업체,국민임대,세종,0
2023-01,주택업체,국민임대,강원,0
2023-01,주택업체,국민임대,충북,0
2023-01,주택업체,국민임대,충남,0
2023-01,주택업체,국민임대,전북,0
2023-01,주택업체,국민임대,전남,0
2023-01,주택업체,국민임대,경북,0
2023-01,주택업체,국민임대,경남,0
2023-01,주택업체,국민임대,제주,0
2023-01,주택업체,공공임대,전국,875
2023-01,주택업체,공공임대,서울,875
2023-01,주택업체,공공임대,인천,0
2023-01,주택업체,공공임대,경기,0
2023-01,주택업체,공공임대,부산,0
2023-01,주택업체,공공임대,대구,0
2023-01,주택업체,공공임대,광주,0
2023-01,주택업체,공공임대,대전,0
2023-01,주택업체,공공임대,울산,0
2023-01,주택업체,공공임대,세종,0
2023-01,주택업체,공공임대,강원,0
2023-01,주택업체,공공임대,충북,0
2023-01,주택업체,공공임대,충남,0
2023-01,주택업체,공공임대,전북,0
2023-01,주택업체,공공임대,전남,0
2023-01,주택업체,공공임대,경북,0
2023-01,주택업체,공공임대,경남,0
2023-01,주택업체,공공임대,제주,0
2023-01,주택업체,공공분양,전국,2,180
2023-01,주택업체,공공분양,서울,0
2023-01,주택업체,공공분양,인천,0
2023-01,주택업체,공공분양,경기,2,180
2023-01,주택업체,공공분양,부산,0
2023-01,주택업체,공공분양,대구,0
2023-01,주택업체,공공분양,광주,0
2023-01,주택업체,공공분양,대전,0
2023-01,주택업체,공공분양,울산,0
2023-01,주택업체,공공분양,세종,0
2023-01,주택업체,공공분양,강원,0
2023-01,주택업체,공공분양,충북,0
2023-01,주택업체,공공분양,충남,0
2023-01,주택업체,공공분양,전북,0
2023-01,주택업체,공공분양,전남,0
2023-01,주택업체,공공분양,경북,0
2023-01,주택업체,공공분양,경남,0
2023-01,주택업체,공공분양,제주,0
2023-01,민간부문,소계,전국,16,921
2023-01,민간부문,소계,서울,2,104
2023-01,민간부문,소계,인천,525
2023-01,민간부문,소계,경기,6,699
2023-01,민간부문,소계,부산,3,860
2023-01,민간부문,소계,대구,41
2023-01,민간부문,소계,광주,42
2023-01,민간부문,소계,대전,89
2023-01,민간부문,소계,울산,223
2023-01,민간부문,소계,세종,2
2023-01,민간부문,소계,강원,724
2023-01,민간부문,소계,충북,149
2023-01,민간부문,소계,충남,1,427
2023-01,민간부문,소계,전북,59
2023-01,민간부문,소계,전남,108
2023-01,민간부문,소계,경북,175
2023-01,민간부문,소계,경남,122
2023-01,민간부문,소계,제주,572
2023-01,민간,민간임대,전국,0
2023-01,민간,민간임대,서울,0
2023-01,민간,민간임대,인천,0
2023-01,민간,민간임대,경기,0
2023-01,민간,민간임대,부산,0
2023-01,민간,민간임대,대구,0
2023-01,민간,민간임대,광주,0
2023-01,민간,민간임대,대전,0
2023-01,민간,민간임대,울산,0
2023-01,민간,민간임대,세종,0
2023-01,민간,민간임대,강원,0
2023-01,민간,민간임대,충북,0
2023-01,민간,민간임대,충남,0
2023-01,민간,민간임대,전북,0
2023-01,민간,민간임대,전남,0
2023-01,민간,민간임대,경북,0
2023-01,민간,민간임대,경남,0
2023-01,민간,민간임대,제주,0
2023-01,민간,민간분양,전국,16,921
2023-01,민간,민간분양,서울,2,104
2023-01,민간,민간분양,인천,525
2023-01,민간,민간분양,경기,6,699
2023-01,민간,민간분양,부산,3,860
2023-01,민간,민간분양,대구,41
2023-01,민간,민간분양,광주,42
2023-01,민간,민간분양,대전,89
2023-01,민간,민간분양,울산,223
2023-01,민간,민간분양,세종,2
2023-01,민간,민간분양,강원,724
2023-01,민간,민간분양,충북,149
2023-01,민간,민간분양,충남,1,427
2023-01,민간,민간분양,전북,59
2023-01,민간,민간분양,전남,108
2023-01,민간,민간분양,경북,175
2023-01,민간,민간분양,경남,122
2023-01,민간,민간분양,제주,572
2023-02,총계,총계,전국,14,466
2023-02,총계,총계,서울,1,529
2023-02,총계,총계,인천,180
2023-02,총계,총계,경기,6,280
2023-02,총계,총계,부산,85
2023-02,총계,총계,대구,228
2023-02,총계,총계,광주,927
2023-02,총계,총계,대전,47
2023-02,총계,총계,울산,38
2023-02,총계,총계,세종,7
2023-02,총계,총계,강원,173
2023-02,총계,총계,충북,1,190
2023-02,총계,총계,충남,619
2023-02,총계,총계,전북,416
2023-02,총계,총계,전남,409
2023-02,총계,총계,경북,720
2023-02,총계,총계,경남,1,306
2023-02,총계,총계,제주,312
2023-02,공공부문,소계,전국,743
2023-02,공공부문,소계,서울,0
2023-02,공공부문,소계,인천,0
2023-02,공공부문,소계,경기,569
2023-02,공공부문,소계,부산,0
2023-02,공공부문,소계,대구,0
2023-02,공공부문,소계,광주,0
2023-02,공공부문,소계,대전,0
2023-02,공공부문,소계,울산,0
2023-02,공공부문,소계,세종,0
2023-02,공공부문,소계,강원,0
2023-02,공공부문,소계,충북,0
2023-02,공공부문,소계,충남,0
2023-02,공공부문,소계,전북,0
2023-02,공공부문,소계,전남,104
2023-02,공공부문,소계,경북,0
2023-02,공공부문,소계,경남,0
2023-02,공공부문,소계,제주,70
2023-02,합,국민임대,전국,44
2023-02,합,국민임대,서울,0
2023-02,합,국민임대,인천,0
2023-02,합,국민임대,경기,0
2023-02,합,국민임대,부산,0
2023-02,합,국민임대,대구,0
2023-02,합,국민임대,광주,0
2023-02,합,국민임대,대전,0
2023-02,합,국민임대,울산,0
2023-02,합,국민임대,세종,0
2023-02,합,국민임대,강원,0
2023-02,합,국민임대,충북,0
2023-02,합,국민임대,충남,0
2023-02,합,국민임대,전북,0
2023-02,합,국민임대,전남,44
2023-02,합,국민임대,경북,0
2023-02,합,국민임대,경남,0
2023-02,합,국민임대,제주,0
2023-02,합,공공임대,전국,130
2023-02,합,공공임대,서울,0
2023-02,합,공공임대,인천,0
2023-02,합,공공임대,경기,0
2023-02,합,공공임대,부산,0
2023-02,합,공공임대,대구,0
2023-02,합,공공임대,광주,0
2023-02,합,공공임대,대전,0
2023-02,합,공공임대,울산,0
2023-02,합,공공임대,세종,0
2023-02,합,공공임대,강원,0
2023-02,합,공공임대,충북,0
2023-02,합,공공임대,충남,0
2023-02,합,공공임대,전북,0
2023-02,합,공공임대,전남,60
2023-02,합,공공임대,경북,0
2023-02,합,공공임대,경남,0
2023-02,합,공공임대,제주,70
2023-02,합,공공분양,전국,569
2023-02,합,공공분양,서울,0
2023-02,합,공공분양,인천,0
2023-02,합,공공분양,경기,569
2023-02,합,공공분양,부산,0
2023-02,합,공공분양,대구,0
2023-02,합,공공분양,광주,0
2023-02,합,공공분양,대전,0
2023-02,합,공공분양,울산,0
2023-02,합,공공분양,세종,0
2023-02,합,공공분양,강원,0
2023-02,합,공공분양,충북,0
2023-02,합,공공분양,충남,0
2023-02,합,공공분양,전북,0
2023-02,합,공공분양,전남,0
2023-02,합,공공분양,경북,0
2023-02,합,공공분양,경남,0
2023-02,합,공공분양,제주,0
2023-02,지자체,소계,전국,569
2023-02,지자체,소계,서울,0
2023-02,지자체,소계,인천,0
2023-02,지자체,소계,경기,569
2023-02,지자체,소계,부산,0
2023-02,지자체,소계,대구,0
2023-02,지자체,소계,광주,0
2023-02,지자체,소계,대전,0
2023-02,지자체,소계,울산,0
2023-02,지자체,소계,세종,0
2023-02,지자체,소계,강원,0
2023-02,지자체,소계,충북,0
2023-02,지자체,소계,충남,0
2023-02,지자체,소계,전북,0
2023-02,지자체,소계,전남,0
2023-02,지자체,소계,경북,0
2023-02,지자체,소계,경남,0
2023-02,지자체,소계,제주,0
2023-02,지자체,국민임대,전국,0
2023-02,지자체,국민임대,서울,0
2023-02,지자체,국민임대,인천,0
2023-02,지자체,국민임대,경기,0
2023-02,지자체,국민임대,부산,0
2023-02,지자체,국민임대,대구,0
2023-02,지자체,국민임대,광주,0
2023-02,지자체,국민임대,대전,0
2023-02,지자체,국민임대,울산,0
2023-02,지자체,국민임대,세종,0
2023-02,지자체,국민임대,강원,0
2023-02,지자체,국민임대,충북,0
2023-02,지자체,국민임대,충남,0
2023-02,지자체,국민임대,전북,0
2023-02,지자체,국민임대,전남,0
2023-02,지자체,국민임대,경북,0
2023-02,지자체,국민임대,경남,0
2023-02,지자체,국민임대,제주,0
2023-02,지자체,공공임대,전국,0
2023-02,지자체,공공임대,서울,0
2023-02,지자체,공공임대,인천,0
2023-02,지자체,공공임대,경기,0
2023-02,지자체,공공임대,부산,0
2023-02,지자체,공공임대,대구,0
2023-02,지자체,공공임대,광주,0
2023-02,지자체,공공임대,대전,0
2023-02,지자체,공공임대,울산,0
2023-02,지자체,공공임대,세종,0
2023-02,지자체,공공임대,강원,0
2023-02,지자체,공공임대,충북,0
2023-02,지자체,공공임대,충남,0
2023-02,지자체,공공임대,전북,0
2023-02,지자체,공공임대,전남,0
2023-02,지자체,공공임대,경북,0
2023-02,지자체,공공임대,경남,0
2023-02,지자체,공공임대,제주,0
2023-02,지자체,공공분양,전국,569
2023-02,지자체,공공분양,서울,0
2023-02,지자체,공공분양,인천,0
2023-02,지자체,공공분양,경기,569
2023-02,지자체,공공분양,부산,0
2023-02,지자체,공공분양,대구,0
2023-02,지자체,공공분양,광주,0
2023-02,지자체,공공분양,대전,0
2023-02,지자체,공공분양,울산,0
2023-02,지자체,공공분양,세종,0
2023-02,지자체,공공분양,강원,0
2023-02,지자체,공공분양,충북,0
2023-02,지자체,공공분양,충남,0
2023-02,지자체,공공분양,전북,0
2023-02,지자체,공공분양,전남,0
2023-02,지자체,공공분양,경북,0
2023-02,지자체,공공분양,경남,0
2023-02,지자체,공공분양,제주,0
2023-02,LH,소계,전국,104
2023-02,LH,소계,서울,0
2023-02,LH,소계,인천,0
2023-02,LH,소계,경기,0
2023-02,LH,소계,부산,0
2023-02,LH,소계,대구,0
2023-02,LH,소계,광주,0
2023-02,LH,소계,대전,0
2023-02,LH,소계,울산,0
2023-02,LH,소계,세종,0
2023-02,LH,소계,강원,0
2023-02,LH,소계,충북,0
2023-02,LH,소계,충남,0
2023-02,LH,소계,전북,0
2023-02,LH,소계,전남,104
2023-02,LH,소계,경북,0
2023-02,LH,소계,경남,0
2023-02,LH,소계,제주,0
2023-02,LH,국민임대,전국,44
2023-02,LH,국민임대,서울,0
2023-02,LH,국민임대,인천,0
2023-02,LH,국민임대,경기,0
2023-02,LH,국민임대,부산,0
2023-02,LH,국민임대,대구,0
2023-02,LH,국민임대,광주,0
2023-02,LH,국민임대,대전,0
2023-02,LH,국민임대,울산,0
2023-02,LH,국민임대,세종,0
2023-02,LH,국민임대,강원,0
2023-02,LH,국민임대,충북,0
2023-02,LH,국민임대,충남,0
2023-02,LH,국민임대,전북,0
2023-02,LH,국민임대,전남,44
2023-02,LH,국민임대,경북,0
2023-02,LH,국민임대,경남,0
2023-02,LH,국민임대,제주,0
2023-02,LH,공공임대,전국,60
2023-02,LH,공공임대,서울,0
2023-02,LH,공공임대,인천,0
2023-02,LH,공공임대,경기,0
2023-02,LH,공공임대,부산,0
2023-02,LH,공공임대,대구,0
2023-02,LH,공공임대,광주,0
2023-02,LH,공공임대,대전,0
2023-02,LH,공공임대,울산,0
2023-02,LH,공공임대,세종,0
2023-02,LH,공공임대,강원,0
2023-02,LH,공공임대,충북,0
2023-02,LH,공공임대,충남,0
2023-02,LH,공공임대,전북,0
2023-02,LH,공공임대,전남,60
2023-02,LH,공공임대,경북,0
2023-02,LH,공공임대,경남,0
2023-02,LH,공공임대,제주,0
2023-02,LH,공공분양,전국,0
2023-02,LH,공공분양,서울,0
2023-02,LH,공공분양,인천,0
2023-02,LH,공공분양,경기,0
2023-02,LH,공공분양,부산,0
2023-02,LH,공공분양,대구,0
2023-02,LH,공공분양,광주,0
2023-02,LH,공공분양,대전,0
2023-02,LH,공공분양,울산,0
2023-02,LH,공공분양,세종,0
2023-02,LH,공공분양,강원,0
2023-02,LH,공공분양,충북,0
2023-02,LH,공공분양,충남,0
2023-02,LH,공공분양,전북,0
2023-02,LH,공공분양,전남,0
2023-02,LH,공공분양,경북,0
2023-02,LH,공공분양,경남,0
2023-02,LH,공공분양,제주,0
2023-02,주택업체,소계,전국,70
2023-02,주택업체,소계,서울,0
2023-02,주택업체,소계,인천,0
2023-02,주택업체,소계,경기,0
2023-02,주택업체,소계,부산,0
2023-02,주택업체,소계,대구,0
2023-02,주택업체,소계,광주,0
2023-02,주택업체,소계,대전,0
2023-02,주택업체,소계,울산,0
2023-02,주택업체,소계,세종,0
2023-02,주택업체,소계,강원,0
2023-02,주택업체,소계,충북,0
2023-02,주택업체,소계,충남,0
2023-02,주택업체,소계,전북,0
2023-02,주택업체,소계,전남,0
2023-02,주택업체,소계,경북,0
2023-02,주택업체,소계,경남,0
2023-02,주택업체,소계,제주,70
2023-02,주택업체,국민임대,전국,0
2023-02,주택업체,국민임대,서울,0
2023-02,주택업체,국민임대,인천,0
2023-02,주택업체,국민임대,경기,0
2023-02,주택업체,국민임대,부산,0
2023-02,주택업체,국민임대,대구,0
2023-02,주택업체,국민임대,광주,0
2023-02,주택업체,국민임대,대전,0
2023-02,주택업체,국민임대,울산,0
2023-02,주택업체,국민임대,세종,0
2023-02,주택업체,국민임대,강원,0
2023-02,주택업체,국민임대,충북,0
2023-02,주택업체,국민임대,충남,0
2023-02,주택업체,국민임대,전북,0
2023-02,주택업체,국민임대,전남,0
2023-02,주택업체,국민임대,경북,0
2023-02,주택업체,국민임대,경남,0
2023-02,주택업체,국민임대,제주,0
2023-02,주택업체,공공임대,전국,70
2023-02,주택업체,공공임대,서울,0
2023-02,주택업체,공공임대,인천,0
2023-02,주택업체,공공임대,경기,0
2023-02,주택업체,공공임대,부산,0
2023-02,주택업체,공공임대,대구,0
2023-02,주택업체,공공임대,광주,0
2023-02,주택업체,공공임대,대전,0
2023-02,주택업체,공공임대,울산,0
2023-02,주택업체,공공임대,세종,0
2023-02,주택업체,공공임대,강원,0
2023-02,주택업체,공공임대,충북,0
2023-02,주택업체,공공임대,충남,0
2023-02,주택업체,공공임대,전북,0
2023-02,주택업체,공공임대,전남,0
2023-02,주택업체,공공임대,경북,0
2023-02,주택업체,공공임대,경남,0
2023-02,주택업체,공공임대,제주,70
2023-02,주택업체,공공분양,전국,0
2023-02,주택업체,공공분양,서울,0
2023-02,주택업체,공공분양,인천,0
2023-02,주택업체,공공분양,경기,0
2023-02,주택업체,공공분양,부산,0
2023-02,주택업체,공공분양,대구,0
2023-02,주택업체,공공분양,광주,0
2023-02,주택업체,공공분양,대전,0
2023-02,주택업체,공공분양,울산,0
2023-02,주택업체,공공분양,세종,0
2023-02,주택업체,공공분양,강원,0
2023-02,주택업체,공공분양,충북,0
2023-02,주택업체,공공분양,충남,0
2023-02,주택업체,공공분양,전북,0
2023-02,주택업체,공공분양,전남,0
2023-02,주택업체,공공분양,경북,0
2023-02,주택업체,공공분양,경남,0
2023-02,주택업체,공공분양,제주,0
2023-02,민간부문,소계,전국,13,723
2023-02,민간부문,소계,서울,1,529
2023-02,민간부문,소계,인천,180
2023-02,민간부문,소계,경기,5,711
2023-02,민간부문,소계,부산,85
2023-02,민간부문,소계,대구,228
2023-02,민간부문,소계,광주,927
2023-02,민간부문,소계,대전,47
2023-02,민간부문,소계,울산,38
2023-02,민간부문,소계,세종,7
2023-02,민간부문,소계,강원,173
2023-02,민간부문,소계,충북,1,190
2023-02,민간부문,소계,충남,619
2023-02,민간부문,소계,전북,416
2023-02,민간부문,소계,전남,305
2023-02,민간부문,소계,경북,720
2023-02,민간부문,소계,경남,1,306
2023-02,민간부문,소계,제주,242
2023-02,민간,민간임대,전국,2,468
2023-02,민간,민간임대,서울,419
2023-02,민간,민간임대,인천,0
2023-02,민간,민간임대,경기,1,978
2023-02,민간,민간임대,부산,0
2023-02,민간,민간임대,대구,0
2023-02,민간,민간임대,광주,0
2023-02,민간,민간임대,대전,0
2023-02,민간,민간임대,울산,0
2023-02,민간,민간임대,세종,0
2023-02,민간,민간임대,강원,0
2023-02,민간,민간임대,충북,0
2023-02,민간,민간임대,충남,0
2023-02,민간,민간임대,전북,39
2023-02,민간,민간임대,전남,32
2023-02,민간,민간임대,경북,0
2023-02,민간,민간임대,경남,0
2023-02,민간,민간임대,제주,0
2023-02,민간,민간분양,전국,11,255
2023-02,민간,민간분양,서울,1,110
2023-02,민간,민간분양,인천,180
2023-02,민간,민간분양,경기,3,733
2023-02,민간,민간분양,부산,85
2023-02,민간,민간분양,대구,228
2023-02,민간,민간분양,광주,927
2023-02,민간,민간분양,대전,47
2023-02,민간,민간분양,울산,38
2023-02,민간,민간분양,세종,7
2023-02,민간,민간분양,강원,173
2023-02,민간,민간분양,충북,1,190
2023-02,민간,민간분양,충남,619
2023-02,민간,민간분양,전북,377
2023-02,민간,민간분양,전남,273
2023-02,민간,민간분양,경북,720
2023-02,민간,민간분양,경남,1,306
2023-02,민간,민간분양,제주,242
2023-03,총계,총계,전국,20,301
2023-03,총계,총계,서울,3,731
2023-03,총계,총계,인천,1,592
2023-03,총계,총계,경기,7,699
2023-03,총계,총계,부산,1,752
2023-03,총계,총계,대구,20
2023-03,총계,총계,광주,360
2023-03,총계,총계,대전,41
2023-03,총계,총계,울산,43
2023-03,총계,총계,세종,15
2023-03,총계,총계,강원,499
2023-03,총계,총계,충북,980
2023-03,총계,총계,충남,276
2023-03,총계,총계,전북,1,181
2023-03,총계,총계,전남,1,015
2023-03,총계,총계,경북,386
2023-03,총계,총계,경남,523
2023-03,총계,총계,제주,188
2023-03,공공부문,소계,전국,1,012
2023-03,공공부문,소계,서울,7
2023-03,공공부문,소계,인천,0
2023-03,공공부문,소계,경기,965
2023-03,공공부문,소계,부산,0
2023-03,공공부문,소계,대구,0
2023-03,공공부문,소계,광주,0
2023-03,공공부문,소계,대전,0
2023-03,공공부문,소계,울산,0
2023-03,공공부문,소계,세종,0
2023-03,공공부문,소계,강원,0
2023-03,공공부문,소계,충북,0
2023-03,공공부문,소계,충남,0
2023-03,공공부문,소계,전북,0
2023-03,공공부문,소계,전남,0
2023-03,공공부문,소계,경북,40
2023-03,공공부문,소계,경남,0
2023-03,공공부문,소계,제주,0
2023-03,합,국민임대,전국,0
2023-03,합,국민임대,서울,0
2023-03,합,국민임대,인천,0
2023-03,합,국민임대,경기,0
2023-03,합,국민임대,부산,0
2023-03,합,국민임대,대구,0
2023-03,합,국민임대,광주,0
2023-03,합,국민임대,대전,0
2023-03,합,국민임대,울산,0
2023-03,합,국민임대,세종,0
2023-03,합,국민임대,강원,0
2023-03,합,국민임대,충북,0
2023-03,합,국민임대,충남,0
2023-03,합,국민임대,전북,0
2023-03,합,국민임대,전남,0
2023-03,합,국민임대,경북,0
2023-03,합,국민임대,경남,0
2023-03,합,국민임대,제주,0
2023-03,합,공공임대,전국,1,012
2023-03,합,공공임대,서울,7
2023-03,합,공공임대,인천,0
2023-03,합,공공임대,경기,965
2023-03,합,공공임대,부산,0
2023-03,합,공공임대,대구,0
2023-03,합,공공임대,광주,0
2023-03,합,공공임대,대전,0
2023-03,합,공공임대,울산,0
2023-03,합,공공임대,세종,0
2023-03,합,공공임대,강원,0
2023-03,합,공공임대,충북,0
2023-03,합,공공임대,충남,0
2023-03,합,공공임대,전북,0
2023-03,합,공공임대,전남,0
2023-03,합,공공임대,경북,40
2023-03,합,공공임대,경남,0
2023-03,합,공공임대,제주,0
2023-03,합,공공분양,전국,0
2023-03,합,공공분양,서울,0
2023-03,합,공공분양,인천,0
2023-03,합,공공분양,경기,0
2023-03,합,공공분양,부산,0
2023-03,합,공공분양,대구,0
2023-03,합,공공분양,광주,0
2023-03,합,공공분양,대전,0
2023-03,합,공공분양,울산,0
2023-03,합,공공분양,세종,0
2023-03,합,공공분양,강원,0
2023-03,합,공공분양,충북,0
2023-03,합,공공분양,충남,0
2023-03,합,공공분양,전북,0
2023-03,합,공공분양,전남,0
2023-03,합,공공분양,경북,0
2023-03,합,공공분양,경남,0
2023-03,합,공공분양,제주,0
2023-03,지자체,소계,전국,965
2023-03,지자체,소계,서울,0
2023-03,지자체,소계,인천,0
2023-03,지자체,소계,경기,965
2023-03,지자체,소계,부산,0
2023-03,지자체,소계,대구,0
2023-03,지자체,소계,광주,0
2023-03,지자체,소계,대전,0
2023-03,지자체,소계,울산,0
2023-03,지자체,소계,세종,0
2023-03,지자체,소계,강원,0
2023-03,지자체,소계,충북,0
2023-03,지자체,소계,충남,0
2023-03,지자체,소계,전북,0
2023-03,지자체,소계,전남,0
2023-03,지자체,소계,경북,0
2023-03,지자체,소계,경남,0
2023-03,지자체,소계,제주,0
2023-03,지자체,국민임대,전국,0
2023-03,지자체,국민임대,서울,0
2023-03,지자체,국민임대,인천,0
2023-03,지자체,국민임대,경기,0
2023-03,지자체,국민임대,부산,0
2023-03,지자체,국민임대,대구,0
2023-03,지자체,국민임대,광주,0
2023-03,지자체,국민임대,대전,0
2023-03,지자체,국민임대,울산,0
2023-03,지자체,국민임대,세종,0
2023-03,지자체,국민임대,강원,0
2023-03,지자체,국민임대,충북,0
2023-03,지자체,국민임대,충남,0
2023-03,지자체,국민임대,전북,0
2023-03,지자체,국민임대,전남,0
2023-03,지자체,국민임대,경북,0
2023-03,지자체,국민임대,경남,0
2023-03,지자체,국민임대,제주,0
2023-03,지자체,공공임대,전국,965
2023-03,지자체,공공임대,서울,0
2023-03,지자체,공공임대,인천,0
2023-03,지자체,공공임대,경기,965
2023-03,지자체,공공임대,부산,0
2023-03,지자체,공공임대,대구,0
2023-03,지자체,공공임대,광주,0
2023-03,지자체,공공임대,대전,0
2023-03,지자체,공공임대,울산,0
2023-03,지자체,공공임대,세종,0
2023-03,지자체,공공임대,강원,0
2023-03,지자체,공공임대,충북,0
2023-03,지자체,공공임대,충남,0
2023-03,지자체,공공임대,전북,0
2023-03,지자체,공공임대,전남,0
2023-03,지자체,공공임대,경북,0
2023-03,지자체,공공임대,경남,0
2023-03,지자체,공공임대,제주,0
2023-03,지자체,공공분양,전국,0
2023-03,지자체,공공분양,서울,0
2023-03,지자체,공공분양,인천,0
2023-03,지자체,공공분양,경기,0
2023-03,지자체,공공분양,부산,0
2023-03,지자체,공공분양,대구,0
2023-03,지자체,공공분양,광주,0
2023-03,지자체,공공분양,대전,0
2023-03,지자체,공공분양,울산,0
2023-03,지자체,공공분양,세종,0
2023-03,지자체,공공분양,강원,0
2023-03,지자체,공공분양,충북,0
2023-03,지자체,공공분양,충남,0
2023-03,지자체,공공분양,전북,0
2023-03,지자체,공공분양,전남,0
2023-03,지자체,공공분양,경북,0
2023-03,지자체,공공분양,경남,0
2023-03,지자체,공공분양,제주,0
2023-03,LH,소계,전국,0
2023-03,LH,소계,서울,0
2023-03,LH,소계,인천,0
2023-03,LH,소계,경기,0
2023-03,LH,소계,부산,0
2023-03,LH,소계,대구,0
2023-03,LH,소계,광주,0
2023-03,LH,소계,대전,0
2023-03,LH,소계,울산,0
2023-03,LH,소계,세종,0
2023-03,LH,소계,강원,0
2023-03,LH,소계,충북,0
2023-03,LH,소계,충남,0
2023-03,LH,소계,전북,0
2023-03,LH,소계,전남,0
2023-03,LH,소계,경북,0
2023-03,LH,소계,경남,0
2023-03,LH,소계,제주,0
2023-03,LH,국민임대,전국,0
2023-03,LH,국민임대,서울,0
2023-03,LH,국민임대,인천,0
2023-03,LH,국민임대,경기,0
2023-03,LH,국민임대,부산,0
2023-03,LH,국민임대,대구,0
2023-03,LH,국민임대,광주,0
2023-03,LH,국민임대,대전,0
2023-03,LH,국민임대,울산,0
2023-03,LH,국민임대,세종,0
2023-03,LH,국민임대,강원,0
2023-03,LH,국민임대,충북,0
2023-03,LH,국민임대,충남,0
2023-03,LH,국민임대,전북,0
2023-03,LH,국민임대,전남,0
2023-03,LH,국민임대,경북,0
2023-03,LH,국민임대,경남,0
2023-03,LH,국민임대,제주,0
2023-03,LH,공공임대,전국,0
2023-03,LH,공공임대,서울,0
2023-03,LH,공공임대,인천,0
2023-03,LH,공공임대,경기,0
2023-03,LH,공공임대,부산,0
2023-03,LH,공공임대,대구,0
2023-03,LH,공공임대,광주,0
2023-03,LH,공공임대,대전,0
2023-03,LH,공공임대,울산,0
2023-03,LH,공공임대,세종,0
2023-03,LH,공공임대,강원,0
2023-03,LH,공공임대,충북,0
2023-03,LH,공공임대,충남,0
2023-03,LH,공공임대,전북,0
2023-03,LH,공공임대,전남,0
2023-03,LH,공공임대,경북,0
2023-03,LH,공공임대,경남,0
2023-03,LH,공공임대,제주,0
2023-03,LH,공공분양,전국,0
2023-03,LH,공공분양,서울,0
2023-03,LH,공공분양,인천,0
2023-03,LH,공공분양,경기,0
2023-03,LH,공공분양,부산,0
2023-03,LH,공공분양,대구,0
2023-03,LH,공공분양,광주,0
2023-03,LH,공공분양,대전,0
2023-03,LH,공공분양,울산,0
2023-03,LH,공공분양,세종,0
2023-03,LH,공공분양,강원,0
2023-03,LH,공공분양,충북,0
2023-03,LH,공공분양,충남,0
2023-03,LH,공공분양,전북,0
2023-03,LH,공공분양,전남,0
2023-03,LH,공공분양,경북,0
2023-03,LH,공공분양,경남,0
2023-03,LH,공공분양,제주,0
2023-03,주택업체,소계,전국,47
2023-03,주택업체,소계,서울,7
2023-03,주택업체,소계,인천,0
2023-03,주택업체,소계,경기,0
2023-03,주택업체,소계,부산,0
2023-03,주택업체,소계,대구,0
2023-03,주택업체,소계,광주,0
2023-03,주택업체,소계,대전,0
2023-03,주택업체,소계,울산,0
2023-03,주택업체,소계,세종,0
2023-03,주택업체,소계,강원,0
2023-03,주택업체,소계,충북,0
2023-03,주택업체,소계,충남,0
2023-03,주택업체,소계,전북,0
2023-03,주택업체,소계,전남,0
2023-03,주택업체,소계,경북,40
2023-03,주택업체,소계,경남,0
2023-03,주택업체,소계,제주,0
2023-03,주택업체,국민임대,전국,0
2023-03,주택업체,국민임대,서울,0
2023-03,주택업체,국민임대,인천,0
2023-03,주택업체,국민임대,경기,0
2023-03,주택업체,국민임대,부산,0
2023-03,주택업체,국민임대,대구,0
2023-03,주택업체,국민임대,광주,0
2023-03,주택업체,국민임대,대전,0
2023-03,주택업체,국민임대,울산,0
2023-03,주택업체,국민임대,세종,0
2023-03,주택업체,국민임대,강원,0
2023-03,주택업체,국민임대,충북,0
2023-03,주택업체,국민임대,충남,0
2023-03,주택업체,국민임대,전북,0
2023-03,주택업체,국민임대,전남,0
2023-03,주택업체,국민임대,경북,0
2023-03,주택업체,국민임대,경남,0
2023-03,주택업체,국민임대,제주,0
2023-03,주택업체,공공임대,전국,47
2023-03,주택업체,공공임대,서울,7
2023-03,주택업체,공공임대,인천,0
2023-03,주택업체,공공임대,경기,0
2023-03,주택업체,공공임대,부산,0
2023-03,주택업체,공공임대,대구,0
2023-03,주택업체,공공임대,광주,0
2023-03,주택업체,공공임대,대전,0
2023-03,주택업체,공공임대,울산,0
2023-03,주택업체,공공임대,세종,0
2023-03,주택업체,공공임대,강원,0
2023-03,주택업체,공공임대,충북,0
2023-03,주택업체,공공임대,충남,0
2023-03,주택업체,공공임대,전북,0
2023-03,주택업체,공공임대,전남,0
2023-03,주택업체,공공임대,경북,40
2023-03,주택업체,공공임대,경남,0
2023-03,주택업체,공공임대,제주,0
2023-03,주택업체,공공분양,전국,0
2023-03,주택업체,공공분양,서울,0
2023-03,주택업체,공공분양,인천,0
2023-03,주택업체,공공분양,경기,0
2023-03,주택업체,공공분양,부산,0
2023-03,주택업체,공공분양,대구,0
2023-03,주택업체,공공분양,광주,0
2023-03,주택업체,공공분양,대전,0
2023-03,주택업체,공공분양,울산,0
2023-03,주택업체,공공분양,세종,0
2023-03,주택업체,공공분양,강원,0
2023-03,주택업체,공공분양,충북,0
2023-03,주택업체,공공분양,충남,0
2023-03,주택업체,공공분양,전북,0
2023-03,주택업체,공공분양,전남,0
2023-03,주택업체,공공분양,경북,0
2023-03,주택업체,공공분양,경남,0
2023-03,주택업체,공공분양,제주,0
2023-03,민간부문,소계,전국,19,289
2023-03,민간부문,소계,서울,3,724
2023-03,민간부문,소계,인천,1,592
2023-03,민간부문,소계,경기,6,734
2023-03,민간부문,소계,부산,1,752
2023-03,민간부문,소계,대구,20
2023-03,민간부문,소계,광주,360
2023-03,민간부문,소계,대전,41
2023-03,민간부문,소계,울산,43
2023-03,민간부문,소계,세종,15
2023-03,민간부문,소계,강원,499
2023-03,민간부문,소계,충북,980
2023-03,민간부문,소계,충남,276
2023-03,민간부문,소계,전북,1,181
2023-03,민간부문,소계,전남,1,015
2023-03,민간부문,소계,경북,346
2023-03,민간부문,소계,경남,523
2023-03,민간부문,소계,제주,188
2023-03,민간,민간임대,전국,315
2023-03,민간,민간임대,서울,0
2023-03,민간,민간임대,인천,0
2023-03,민간,민간임대,경기,0
2023-03,민간,민간임대,부산,0
2023-03,민간,민간임대,대구,0
2023-03,민간,민간임대,광주,0
2023-03,민간,민간임대,대전,0
2023-03,민간,민간임대,울산,0
2023-03,민간,민간임대,세종,0
2023-03,민간,민간임대,강원,0
2023-03,민간,민간임대,충북,0
2023-03,민간,민간임대,충남,0
2023-03,민간,민간임대,전북,315
2023-03,민간,민간임대,전남,0
2023-03,민간,민간임대,경북,0
2023-03,민간,민간임대,경남,0
2023-03,민간,민간임대,제주,0
2023-03,민간,민간분양,전국,18,974
2023-03,민간,민간분양,서울,3,724
2023-03,민간,민간분양,인천,1,592
2023-03,민간,민간분양,경기,6,734
2023-03,민간,민간분양,부산,1,752
2023-03,민간,민간분양,대구,20
2023-03,민간,민간분양,광주,360
2023-03,민간,민간분양,대전,41
2023-03,민간,민간분양,울산,43
2023-03,민간,민간분양,세종,15
2023-03,민간,민간분양,강원,499
2023-03,민간,민간분양,충북,980
2023-03,민간,민간분양,충남,276
2023-03,민간,민간분양,전북,866
2023-03,민간,민간분양,전남,1,015
2023-03,민간,민간분양,경북,346
2023-03,민간,민간분양,경남,523
2023-03,민간,민간분양,제주,188
2023-04,총계,총계,전국,11,704
2023-04,총계,총계,서울,1,467
2023-04,총계,총계,인천,477
2023-04,총계,총계,경기,3,197
2023-04,총계,총계,부산,1,138
2023-04,총계,총계,대구,56
2023-04,총계,총계,광주,414
2023-04,총계,총계,대전,81
2023-04,총계,총계,울산,97
2023-04,총계,총계,세종,23
2023-04,총계,총계,강원,267
2023-04,총계,총계,충북,1,762
2023-04,총계,총계,충남,268
2023-04,총계,총계,전북,897
2023-04,총계,총계,전남,291
2023-04,총계,총계,경북,287
2023-04,총계,총계,경남,269
2023-04,총계,총계,제주,713
2023-04,공공부문,소계,전국,296
2023-04,공공부문,소계,서울,0
2023-04,공공부문,소계,인천,0
2023-04,공공부문,소계,경기,0
2023-04,공공부문,소계,부산,0
2023-04,공공부문,소계,대구,0
2023-04,공공부문,소계,광주,0
2023-04,공공부문,소계,대전,0
2023-04,공공부문,소계,울산,0
2023-04,공공부문,소계,세종,0
2023-04,공공부문,소계,강원,0
2023-04,공공부문,소계,충북,0
2023-04,공공부문,소계,충남,0
2023-04,공공부문,소계,전북,0
2023-04,공공부문,소계,전남,0
2023-04,공공부문,소계,경북,0
2023-04,공공부문,소계,경남,0
2023-04,공공부문,소계,제주,296
2023-04,합,국민임대,전국,0
2023-04,합,국민임대,서울,0
2023-04,합,국민임대,인천,0
2023-04,합,국민임대,경기,0
2023-04,합,국민임대,부산,0
2023-04,합,국민임대,대구,0
2023-04,합,국민임대,광주,0
2023-04,합,국민임대,대전,0
2023-04,합,국민임대,울산,0
2023-04,합,국민임대,세종,0
2023-04,합,국민임대,강원,0
2023-04,합,국민임대,충북,0
2023-04,합,국민임대,충남,0
2023-04,합,국민임대,전북,0
2023-04,합,국민임대,전남,0
2023-04,합,국민임대,경북,0
2023-04,합,국민임대,경남,0
2023-04,합,국민임대,제주,0
2023-04,합,공공임대,전국,296
2023-04,합,공공임대,서울,0
2023-04,합,공공임대,인천,0
2023-04,합,공공임대,경기,0
2023-04,합,공공임대,부산,0
2023-04,합,공공임대,대구,0
2023-04,합,공공임대,광주,0
2023-04,합,공공임대,대전,0
2023-04,합,공공임대,울산,0
2023-04,합,공공임대,세종,0
2023-04,합,공공임대,강원,0
2023-04,합,공공임대,충북,0
2023-04,합,공공임대,충남,0
2023-04,합,공공임대,전북,0
2023-04,합,공공임대,전남,0
2023-04,합,공공임대,경북,0
2023-04,합,공공임대,경남,0
2023-04,합,공공임대,제주,296
2023-04,합,공공분양,전국,0
2023-04,합,공공분양,서울,0
2023-04,합,공공분양,인천,0
2023-04,합,공공분양,경기,0
2023-04,합,공공분양,부산,0
2023-04,합,공공분양,대구,0
2023-04,합,공공분양,광주,0
2023-04,합,공공분양,대전,0
2023-04,합,공공분양,울산,0
2023-04,합,공공분양,세종,0
2023-04,합,공공분양,강원,0
2023-04,합,공공분양,충북,0
2023-04,합,공공분양,충남,0
2023-04,합,공공분양,전북,0
2023-04,합,공공분양,전남,0
2023-04,합,공공분양,경북,0
2023-04,합,공공분양,경남,0
2023-04,합,공공분양,제주,0
2023-04,지자체,소계,전국,0
2023-04,지자체,소계,서울,0
2023-04,지자체,소계,인천,0
2023-04,지자체,소계,경기,0
2023-04,지자체,소계,부산,0
2023-04,지자체,소계,대구,0
2023-04,지자체,소계,광주,0
2023-04,지자체,소계,대전,0
2023-04,지자체,소계,울산,0
2023-04,지자체,소계,세종,0
2023-04,지자체,소계,강원,0
2023-04,지자체,소계,충북,0
2023-04,지자체,소계,충남,0
2023-04,지자체,소계,전북,0
2023-04,지자체,소계,전남,0
2023-04,지자체,소계,경북,0
2023-04,지자체,소계,경남,0
2023-04,지자체,소계,제주,0
2023-04,지자체,국민임대,전국,0
2023-04,지자체,국민임대,서울,0
2023-04,지자체,국민임대,인천,0
2023-04,지자체,국민임대,경기,0
2023-04,지자체,국민임대,부산,0
2023-04,지자체,국민임대,대구,0
2023-04,지자체,국민임대,광주,0
2023-04,지자체,국민임대,대전,0
2023-04,지자체,국민임대,울산,0
2023-04,지자체,국민임대,세종,0
2023-04,지자체,국민임대,강원,0
2023-04,지자체,국민임대,충북,0
2023-04,지자체,국민임대,충남,0
2023-04,지자체,국민임대,전북,0
2023-04,지자체,국민임대,전남,0
2023-04,지자체,국민임대,경북,0
2023-04,지자체,국민임대,경남,0
2023-04,지자체,국민임대,제주,0
2023-04,지자체,공공임대,전국,0
2023-04,지자체,공공임대,서울,0
2023-04,지자체,공공임대,인천,0
2023-04,지자체,공공임대,경기,0
2023-04,지자체,공공임대,부산,0
2023-04,지자체,공공임대,대구,0
2023-04,지자체,공공임대,광주,0
2023-04,지자체,공공임대,대전,0
2023-04,지자체,공공임대,울산,0
2023-04,지자체,공공임대,세종,0
2023-04,지자체,공공임대,강원,0
2023-04,지자체,공공임대,충북,0
2023-04,지자체,공공임대,충남,0
2023-04,지자체,공공임대,전북,0
2023-04,지자체,공공임대,전남,0
2023-04,지자체,공공임대,경북,0
2023-04,지자체,공공임대,경남,0
2023-04,지자체,공공임대,제주,0
2023-04,지자체,공공분양,전국,0
2023-04,지자체,공공분양,서울,0
2023-04,지자체,공공분양,인천,0
2023-04,지자체,공공분양,경기,0
2023-04,지자체,공공분양,부산,0
2023-04,지자체,공공분양,대구,0
2023-04,지자체,공공분양,광주,0
2023-04,지자체,공공분양,대전,0
2023-04,지자체,공공분양,울산,0
2023-04,지자체,공공분양,세종,0
2023-04,지자체,공공분양,강원,0
2023-04,지자체,공공분양,충북,0
2023-04,지자체,공공분양,충남,0
2023-04,지자체,공공분양,전북,0
2023-04,지자체,공공분양,전남,0
2023-04,지자체,공공분양,경북,0
2023-04,지자체,공공분양,경남,0
2023-04,지자체,공공분양,제주,0
2023-04,LH,소계,전국,296
2023-04,LH,소계,서울,0
2023-04,LH,소계,인천,0
2023-04,LH,소계,경기,0
2023-04,LH,소계,부산,0
2023-04,LH,소계,대구,0
2023-04,LH,소계,광주,0
2023-04,LH,소계,대전,0
2023-04,LH,소계,울산,0
2023-04,LH,소계,세종,0
2023-04,LH,소계,강원,0
2023-04,LH,소계,충북,0
2023-04,LH,소계,충남,0
2023-04,LH,소계,전북,0
2023-04,LH,소계,전남,0
2023-04,LH,소계,경북,0
2023-04,LH,소계,경남,0
2023-04,LH,소계,제주,296
2023-04,LH,국민임대,전국,0
2023-04,LH,국민임대,서울,0
2023-04,LH,국민임대,인천,0
2023-04,LH,국민임대,경기,0
2023-04,LH,국민임대,부산,0
2023-04,LH,국민임대,대구,0
2023-04,LH,국민임대,광주,0
2023-04,LH,국민임대,대전,0
2023-04,LH,국민임대,울산,0
2023-04,LH,국민임대,세종,0
2023-04,LH,국민임대,강원,0
2023-04,LH,국민임대,충북,0
2023-04,LH,국민임대,충남,0
2023-04,LH,국민임대,전북,0
2023-04,LH,국민임대,전남,0
2023-04,LH,국민임대,경북,0
2023-04,LH,국민임대,경남,0
2023-04,LH,국민임대,제주,0
2023-04,LH,공공임대,전국,296
2023-04,LH,공공임대,서울,0
2023-04,LH,공공임대,인천,0
2023-04,LH,공공임대,경기,0
2023-04,LH,공공임대,부산,0
2023-04,LH,공공임대,대구,0
2023-04,LH,공공임대,광주,0
2023-04,LH,공공임대,대전,0
2023-04,LH,공공임대,울산,0
2023-04,LH,공공임대,세종,0
2023-04,LH,공공임대,강원,0
2023-04,LH,공공임대,충북,0
2023-04,LH,공공임대,충남,0
2023-04,LH,공공임대,전북,0
2023-04,LH,공공임대,전남,0
2023-04,LH,공공임대,경북,0
2023-04,LH,공공임대,경남,0
2023-04,LH,공공임대,제주,296
2023-04,LH,공공분양,전국,0
2023-04,LH,공공분양,서울,0
2023-04,LH,공공분양,인천,0
2023-04,LH,공공분양,경기,0
2023-04,LH,공공분양,부산,0
2023-04,LH,공공분양,대구,0
2023-04,LH,공공분양,광주,0
2023-04,LH,공공분양,대전,0
2023-04,LH,공공분양,울산,0
2023-04,LH,공공분양,세종,0
2023-04,LH,공공분양,강원,0
2023-04,LH,공공분양,충북,0
2023-04,LH,공공분양,충남,0
2023-04,LH,공공분양,전북,0
2023-04,LH,공공분양,전남,0
2023-04,LH,공공분양,경북,0
2023-04,LH,공공분양,경남,0
2023-04,LH,공공분양,제주,0
2023-04,주택업체,소계,전국,0
2023-04,주택업체,소계,서울,0
2023-04,주택업체,소계,인천,0
2023-04,주택업체,소계,경기,0
2023-04,주택업체,소계,부산,0
2023-04,주택업체,소계,대구,0
2023-04,주택업체,소계,광주,0
2023-04,주택업체,소계,대전,0
2023-04,주택업체,소계,울산,0
2023-04,주택업체,소계,세종,0
2023-04,주택업체,소계,강원,0
2023-04,주택업체,소계,충북,0
2023-04,주택업체,소계,충남,0
2023-04,주택업체,소계,전북,0
2023-04,주택업체,소계,전남,0
2023-04,주택업체,소계,경북,0
2023-04,주택업체,소계,경남,0
2023-04,주택업체,소계,제주,0
2023-04,주택업체,국민임대,전국,0
2023-04,주택업체,국민임대,서울,0
2023-04,주택업체,국민임대,인천,0
2023-04,주택업체,국민임대,경기,0
2023-04,주택업체,국민임대,부산,0
2023-04,주택업체,국민임대,대구,0
2023-04,주택업체,국민임대,광주,0
2023-04,주택업체,국민임대,대전,0
2023-04,주택업체,국민임대,울산,0
2023-04,주택업체,국민임대,세종,0
2023-04,주택업체,국민임대,강원,0
2023-04,주택업체,국민임대,충북,0
2023-04,주택업체,국민임대,충남,0
2023-04,주택업체,국민임대,전북,0
2023-04,주택업체,국민임대,전남,0
2023-04,주택업체,국민임대,경북,0
2023-04,주택업체,국민임대,경남,0
2023-04,주택업체,국민임대,제주,0
2023-04,주택업체,공공임대,전국,0
2023-04,주택업체,공공임대,서울,0
2023-04,주택업체,공공임대,인천,0
2023-04,주택업체,공공임대,경기,0
2023-04,주택업체,공공임대,부산,0
2023-04,주택업체,공공임대,대구,0
2023-04,주택업체,공공임대,광주,0
2023-04,주택업체,공공임대,대전,0
2023-04,주택업체,공공임대,울산,0
2023-04,주택업체,공공임대,세종,0
2023-04,주택업체,공공임대,강원,0
2023-04,주택업체,공공임대,충북,0
2023-04,주택업체,공공임대,충남,0
2023-04,주택업체,공공임대,전북,0
2023-04,주택업체,공공임대,전남,0
2023-04,주택업체,공공임대,경북,0
2023-04,주택업체,공공임대,경남,0
2023-04,주택업체,공공임대,제주,0
2023-04,주택업체,공공분양,전국,0
2023-04,주택업체,공공분양,서울,0
2023-04,주택업체,공공분양,인천,0
2023-04,주택업체,공공분양,경기,0
2023-04,주택업체,공공분양,부산,0
2023-04,주택업체,공공분양,대구,0
2023-04,주택업체,공공분양,광주,0
2023-04,주택업체,공공분양,대전,0
2023-04,주택업체,공공분양,울산,0
2023-04,주택업체,공공분양,세종,0
2023-04,주택업체,공공분양,강원,0
2023-04,주택업체,공공분양,충북,0
2023-04,주택업체,공공분양,충남,0
2023-04,주택업체,공공분양,전북,0
2023-04,주택업체,공공분양,전남,0
2023-04,주택업체,공공분양,경북,0
2023-04,주택업체,공공분양,경남,0
2023-04,주택업체,공공분양,제주,0
2023-04,민간부문,소계,전국,11,408
2023-04,민간부문,소계,서울,1,467
2023-04,민간부문,소계,인천,477
2023-04,민간부문,소계,경기,3,197
2023-04,민간부문,소계,부산,1,138
2023-04,민간부문,소계,대구,56
2023-04,민간부문,소계,광주,414
2023-04,민간부문,소계,대전,81
2023-04,민간부문,소계,울산,97
2023-04,민간부문,소계,세종,23
2023-04,민간부문,소계,강원,267
2023-04,민간부문,소계,충북,1,762
2023-04,민간부문,소계,충남,268
2023-04,민간부문,소계,전북,897
2023-04,민간부문,소계,전남,291
2023-04,민간부문,소계,경북,287
2023-04,민간부문,소계,경남,269
2023-04,민간부문,소계,제주,417
2023-04,민간,민간임대,전국,252
2023-04,민간,민간임대,서울,252
2023-04,민간,민간임대,인천,0
2023-04,민간,민간임대,경기,0
2023-04,민간,민간임대,부산,0
2023-04,민간,민간임대,대구,0
2023-04,민간,민간임대,광주,0
2023-04,민간,민간임대,대전,0
2023-04,민간,민간임대,울산,0
2023-04,민간,민간임대,세종,0
2023-04,민간,민간임대,강원,0
2023-04,민간,민간임대,충북,0
2023-04,민간,민간임대,충남,0
2023-04,민간,민간임대,전북,0
2023-04,민간,민간임대,전남,0
2023-04,민간,민간임대,경북,0
2023-04,민간,민간임대,경남,0
2023-04,민간,민간임대,제주,0
2023-04,민간,민간분양,전국,11,156
2023-04,민간,민간분양,서울,1,215
2023-04,민간,민간분양,인천,477
2023-04,민간,민간분양,경기,3,197
2023-04,민간,민간분양,부산,1,138
2023-04,민간,민간분양,대구,56
2023-04,민간,민간분양,광주,414
2023-04,민간,민간분양,대전,81
2023-04,민간,민간분양,울산,97
2023-04,민간,민간분양,세종,23
2023-04,민간,민간분양,강원,267
2023-04,민간,민간분양,충북,1,762
2023-04,민간,민간분양,충남,268
2023-04,민간,민간분양,전북,897
2023-04,민간,민간분양,전남,291
2023-04,민간,민간분양,경북,287
2023-04,민간,민간분양,경남,269
2023-04,민간,민간분양,제주,417
2023-05,총계,총계,전국,12,108
2023-05,총계,총계,서울,2,753
2023-05,총계,총계,인천,1,089
2023-05,총계,총계,경기,1,940
2023-05,총계,총계,부산,160
2023-05,총계,총계,대구,40
2023-05,총계,총계,광주,871
2023-05,총계,총계,대전,797
2023-05,총계,총계,울산,28
2023-05,총계,총계,세종,16
2023-05,총계,총계,강원,1,174
2023-05,총계,총계,충북,1,057
2023-05,총계,총계,충남,293
2023-05,총계,총계,전북,689
2023-05,총계,총계,전남,452
2023-05,총계,총계,경북,266
2023-05,총계,총계,경남,281
2023-05,총계,총계,제주,202
2023-05,공공부문,소계,전국,0
2023-05,공공부문,소계,서울,0
2023-05,공공부문,소계,인천,0
2023-05,공공부문,소계,경기,0
2023-05,공공부문,소계,부산,0
2023-05,공공부문,소계,대구,0
2023-05,공공부문,소계,광주,0
2023-05,공공부문,소계,대전,0
2023-05,공공부문,소계,울산,0
2023-05,공공부문,소계,세종,0
2023-05,공공부문,소계,강원,0
2023-05,공공부문,소계,충북,0
2023-05,공공부문,소계,충남,0
2023-05,공공부문,소계,전북,0
2023-05,공공부문,소계,전남,0
2023-05,공공부문,소계,경북,0
2023-05,공공부문,소계,경남,0
2023-05,공공부문,소계,제주,0
2023-05,합,국민임대,전국,0
2023-05,합,국민임대,서울,0
2023-05,합,국민임대,인천,0
2023-05,합,국민임대,경기,0
2023-05,합,국민임대,부산,0
2023-05,합,국민임대,대구,0
2023-05,합,국민임대,광주,0
2023-05,합,국민임대,대전,0
2023-05,합,국민임대,울산,0
2023-05,합,국민임대,세종,0
2023-05,합,국민임대,강원,0
2023-05,합,국민임대,충북,0
2023-05,합,국민임대,충남,0
2023-05,합,국민임대,전북,0
2023-05,합,국민임대,전남,0
2023-05,합,국민임대,경북,0
2023-05,합,국민임대,경남,0
2023-05,합,국민임대,제주,0
2023-05,합,공공임대,전국,0
2023-05,합,공공임대,서울,0
2023-05,합,공공임대,인천,0
2023-05,합,공공임대,경기,0
2023-05,합,공공임대,부산,0
2023-05,합,공공임대,대구,0
2023-05,합,공공임대,광주,0
2023-05,합,공공임대,대전,0
2023-05,합,공공임대,울산,0
2023-05,합,공공임대,세종,0
2023-05,합,공공임대,강원,0
2023-05,합,공공임대,충북,0
2023-05,합,공공임대,충남,0
2023-05,합,공공임대,전북,0
2023-05,합,공공임대,전남,0
2023-05,합,공공임대,경북,0
2023-05,합,공공임대,경남,0
2023-05,합,공공임대,제주,0
2023-05,합,공공분양,전국,0
2023-05,합,공공분양,서울,0
2023-05,합,공공분양,인천,0
2023-05,합,공공분양,경기,0
2023-05,합,공공분양,부산,0
2023-05,합,공공분양,대구,0
2023-05,합,공공분양,광주,0
2023-05,합,공공분양,대전,0
2023-05,합,공공분양,울산,0
2023-05,합,공공분양,세종,0
2023-05,합,공공분양,강원,0
2023-05,합,공공분양,충북,0
2023-05,합,공공분양,충남,0
2023-05,합,공공분양,전북,0
2023-05,합,공공분양,전남,0
2023-05,합,공공분양,경북,0
2023-05,합,공공분양,경남,0
2023-05,합,공공분양,제주,0
2023-05,지자체,소계,전국,0
2023-05,지자체,소계,서울,0
2023-05,지자체,소계,인천,0
2023-05,지자체,소계,경기,0
2023-05,지자체,소계,부산,0
2023-05,지자체,소계,대구,0
2023-05,지자체,소계,광주,0
2023-05,지자체,소계,대전,0
2023-05,지자체,소계,울산,0
2023-05,지자체,소계,세종,0
2023-05,지자체,소계,강원,0
2023-05,지자체,소계,충북,0
2023-05,지자체,소계,충남,0
2023-05,지자체,소계,전북,0
2023-05,지자체,소계,전남,0
2023-05,지자체,소계,경북,0
2023-05,지자체,소계,경남,0
2023-05,지자체,소계,제주,0
2023-05,지자체,국민임대,전국,0
2023-05,지자체,국민임대,서울,0
2023-05,지자체,국민임대,인천,0
2023-05,지자체,국민임대,경기,0
2023-05,지자체,국민임대,부산,0
2023-05,지자체,국민임대,대구,0
2023-05,지자체,국민임대,광주,0
2023-05,지자체,국민임대,대전,0
2023-05,지자체,국민임대,울산,0
2023-05,지자체,국민임대,세종,0
2023-05,지자체,국민임대,강원,0
2023-05,지자체,국민임대,충북,0
2023-05,지자체,국민임대,충남,0
2023-05,지자체,국민임대,전북,0
2023-05,지자체,국민임대,전남,0
2023-05,지자체,국민임대,경북,0
2023-05,지자체,국민임대,경남,0
2023-05,지자체,국민임대,제주,0
2023-05,지자체,공공임대,전국,0
2023-05,지자체,공공임대,서울,0
2023-05,지자체,공공임대,인천,0
2023-05,지자체,공공임대,경기,0
2023-05,지자체,공공임대,부산,0
2023-05,지자체,공공임대,대구,0
2023-05,지자체,공공임대,광주,0
2023-05,지자체,공공임대,대전,0
2023-05,지자체,공공임대,울산,0
2023-05,지자체,공공임대,세종,0
2023-05,지자체,공공임대,강원,0
2023-05,지자체,공공임대,충북,0
2023-05,지자체,공공임대,충남,0
2023-05,지자체,공공임대,전북,0
2023-05,지자체,공공임대,전남,0
2023-05,지자체,공공임대,경북,0
2023-05,지자체,공공임대,경남,0
2023-05,지자체,공공임대,제주,0
2023-05,지자체,공공분양,전국,0
2023-05,지자체,공공분양,서울,0
2023-05,지자체,공공분양,인천,0
2023-05,지자체,공공분양,경기,0
2023-05,지자체,공공분양,부산,0
2023-05,지자체,공공분양,대구,0
2023-05,지자체,공공분양,광주,0
2023-05,지자체,공공분양,대전,0
2023-05,지자체,공공분양,울산,0
2023-05,지자체,공공분양,세종,0
2023-05,지자체,공공분양,강원,0
2023-05,지자체,공공분양,충북,0
2023-05,지자체,공공분양,충남,0
2023-05,지자체,공공분양,전북,0
2023-05,지자체,공공분양,전남,0
2023-05,지자체,공공분양,경북,0
2023-05,지자체,공공분양,경남,0
2023-05,지자체,공공분양,제주,0
2023-05,LH,소계,전국,0
2023-05,LH,소계,서울,0
2023-05,LH,소계,인천,0
2023-05,LH,소계,경기,0
2023-05,LH,소계,부산,0
2023-05,LH,소계,대구,0
2023-05,LH,소계,광주,0
2023-05,LH,소계,대전,0
2023-05,LH,소계,울산,0
2023-05,LH,소계,세종,0
2023-05,LH,소계,강원,0
2023-05,LH,소계,충북,0
2023-05,LH,소계,충남,0
2023-05,LH,소계,전북,0
2023-05,LH,소계,전남,0
2023-05,LH,소계,경북,0
2023-05,LH,소계,경남,0
2023-05,LH,소계,제주,0
2023-05,LH,국민임대,전국,0
2023-05,LH,국민임대,서울,0
2023-05,LH,국민임대,인천,0
2023-05,LH,국민임대,경기,0
2023-05,LH,국민임대,부산,0
2023-05,LH,국민임대,대구,0
2023-05,LH,국민임대,광주,0
2023-05,LH,국민임대,대전,0
2023-05,LH,국민임대,울산,0
2023-05,LH,국민임대,세종,0
2023-05,LH,국민임대,강원,0
2023-05,LH,국민임대,충북,0
2023-05,LH,국민임대,충남,0
2023-05,LH,국민임대,전북,0
2023-05,LH,국민임대,전남,0
2023-05,LH,국민임대,경북,0
2023-05,LH,국민임대,경남,0
2023-05,LH,국민임대,제주,0
2023-05,LH,공공임대,전국,0
2023-05,LH,공공임대,서울,0
2023-05,LH,공공임대,인천,0
2023-05,LH,공공임대,경기,0
2023-05,LH,공공임대,부산,0
2023-05,LH,공공임대,대구,0
2023-05,LH,공공임대,광주,0
2023-05,LH,공공임대,대전,0
2023-05,LH,공공임대,울산,0
2023-05,LH,공공임대,세종,0
2023-05,LH,공공임대,강원,0
2023-05,LH,공공임대,충북,0
2023-05,LH,공공임대,충남,0
2023-05,LH,공공임대,전북,0
2023-05,LH,공공임대,전남,0
2023-05,LH,공공임대,경북,0
2023-05,LH,공공임대,경남,0
2023-05,LH,공공임대,제주,0
2023-05,LH,공공분양,전국,0
2023-05,LH,공공분양,서울,0
2023-05,LH,공공분양,인천,0
2023-05,LH,공공분양,경기,0
2023-05,LH,공공분양,부산,0
2023-05,LH,공공분양,대구,0
2023-05,LH,공공분양,광주,0
2023-05,LH,공공분양,대전,0
2023-05,LH,공공분양,울산,0
2023-05,LH,공공분양,세종,0
2023-05,LH,공공분양,강원,0
2023-05,LH,공공분양,충북,0
2023-05,LH,공공분양,충남,0
2023-05,LH,공공분양,전북,0
2023-05,LH,공공분양,전남,0
2023-05,LH,공공분양,경북,0
2023-05,LH,공공분양,경남,0
2023-05,LH,공공분양,제주,0
2023-05,주택업체,소계,전국,0
2023-05,주택업체,소계,서울,0
2023-05,주택업체,소계,인천,0
2023-05,주택업체,소계,경기,0
2023-05,주택업체,소계,부산,0
2023-05,주택업체,소계,대구,0
2023-05,주택업체,소계,광주,0
2023-05,주택업체,소계,대전,0
2023-05,주택업체,소계,울산,0
2023-05,주택업체,소계,세종,0
2023-05,주택업체,소계,강원,0
2023-05,주택업체,소계,충북,0
2023-05,주택업체,소계,충남,0
2023-05,주택업체,소계,전북,0
2023-05,주택업체,소계,전남,0
2023-05,주택업체,소계,경북,0
2023-05,주택업체,소계,경남,0
2023-05,주택업체,소계,제주,0
2023-05,주택업체,국민임대,전국,0
2023-05,주택업체,국민임대,서울,0
2023-05,주택업체,국민임대,인천,0
2023-05,주택업체,국민임대,경기,0
2023-05,주택업체,국민임대,부산,0
2023-05,주택업체,국민임대,대구,0
2023-05,주택업체,국민임대,광주,0
2023-05,주택업체,국민임대,대전,0
2023-05,주택업체,국민임대,울산,0
2023-05,주택업체,국민임대,세종,0
2023-05,주택업체,국민임대,강원,0
2023-05,주택업체,국민임대,충북,0
2023-05,주택업체,국민임대,충남,0
2023-05,주택업체,국민임대,전북,0
2023-05,주택업체,국민임대,전남,0
2023-05,주택업체,국민임대,경북,0
2023-05,주택업체,국민임대,경남,0
2023-05,주택업체,국민임대,제주,0
2023-05,주택업체,공공임대,전국,0
2023-05,주택업체,공공임대,서울,0
2023-05,주택업체,공공임대,인천,0
2023-05,주택업체,공공임대,경기,0
2023-05,주택업체,공공임대,부산,0
2023-05,주택업체,공공임대,대구,0
2023-05,주택업체,공공임대,광주,0
2023-05,주택업체,공공임대,대전,0
2023-05,주택업체,공공임대,울산,0
2023-05,주택업체,공공임대,세종,0
2023-05,주택업체,공공임대,강원,0
2023-05,주택업체,공공임대,충북,0
2023-05,주택업체,공공임대,충남,0
2023-05,주택업체,공공임대,전북,0
2023-05,주택업체,공공임대,전남,0
2023-05,주택업체,공공임대,경북,0
2023-05,주택업체,공공임대,경남,0
2023-05,주택업체,공공임대,제주,0
2023-05,주택업체,공공분양,전국,0
2023-05,주택업체,공공분양,서울,0
2023-05,주택업체,공공분양,인천,0
2023-05,주택업체,공공분양,경기,0
2023-05,주택업체,공공분양,부산,0
2023-05,주택업체,공공분양,대구,0
2023-05,주택업체,공공분양,광주,0
2023-05,주택업체,공공분양,대전,0
2023-05,주택업체,공공분양,울산,0
2023-05,주택업체,공공분양,세종,0
2023-05,주택업체,공공분양,강원,0
2023-05,주택업체,공공분양,충북,0
2023-05,주택업체,공공분양,충남,0
2023-05,주택업체,공공분양,전북,0
2023-05,주택업체,공공분양,전남,0
2023-05,주택업체,공공분양,경북,0
2023-05,주택업체,공공분양,경남,0
2023-05,주택업체,공공분양,제주,0
2023-05,민간부문,소계,전국,12,108
2023-05,민간부문,소계,서울,2,753
2023-05,민간부문,소계,인천,1,089
2023-05,민간부문,소계,경기,1,940
2023-05,민간부문,소계,부산,160
2023-05,민간부문,소계,대구,40
2023-05,민간부문,소계,광주,871
2023-05,민간부문,소계,대전,797
2023-05,민간부문,소계,울산,28
2023-05,민간부문,소계,세종,16
2023-05,민간부문,소계,강원,1,174
2023-05,민간부문,소계,충북,1,057
2023-05,민간부문,소계,충남,293
2023-05,민간부문,소계,전북,689
2023-05,민간부문,소계,전남,452
2023-05,민간부문,소계,경북,266
2023-05,민간부문,소계,경남,281
2023-05,민간부문,소계,제주,202
2023-05,민간,민간임대,전국,1,703
2023-05,민간,민간임대,서울,1,595
2023-05,민간,민간임대,인천,0
2023-05,민간,민간임대,경기,0
2023-05,민간,민간임대,부산,0
2023-05,민간,민간임대,대구,0
2023-05,민간,민간임대,광주,0
2023-05,민간,민간임대,대전,0
2023-05,민간,민간임대,울산,0
2023-05,민간,민간임대,세종,0
2023-05,민간,민간임대,강원,0
2023-05,민간,민간임대,충북,0
2023-05,민간,민간임대,충남,0
2023-05,민간,민간임대,전북,0
2023-05,민간,민간임대,전남,108
2023-05,민간,민간임대,경북,0
2023-05,민간,민간임대,경남,0
2023-05,민간,민간임대,제주,0
2023-05,민간,민간분양,전국,10,405
2023-05,민간,민간분양,서울,1,158
2023-05,민간,민간분양,인천,1,089
2023-05,민간,민간분양,경기,1,940
2023-05,민간,민간분양,부산,160
2023-05,민간,민간분양,대구,40
2023-05,민간,민간분양,광주,871
2023-05,민간,민간분양,대전,797
2023-05,민간,민간분양,울산,28
2023-05,민간,민간분양,세종,16
2023-05,민간,민간분양,강원,1,174
2023-05,민간,민간분양,충북,1,057
2023-05,민간,민간분양,충남,293
2023-05,민간,민간분양,전북,689
2023-05,민간,민간분양,전남,344
2023-05,민간,민간분양,경북,266
2023-05,민간,민간분양,경남,281
2023-05,민간,민간분양,제주,202
2023-06,총계,총계,전국,16,249
2023-06,총계,총계,서울,993
2023-06,총계,총계,인천,1,482
2023-06,총계,총계,경기,5,442
2023-06,총계,총계,부산,409
2023-06,총계,총계,대구,614
2023-06,총계,총계,광주,162
2023-06,총계,총계,대전,20
2023-06,총계,총계,울산,34
2023-06,총계,총계,세종,32
2023-06,총계,총계,강원,2,392
2023-06,총계,총계,충북,1,546
2023-06,총계,총계,충남,1,249
2023-06,총계,총계,전북,201
2023-06,총계,총계,전남,501
2023-06,총계,총계,경북,292
2023-06,총계,총계,경남,236
2023-06,총계,총계,제주,644
2023-06,공공부문,소계,전국,41
2023-06,공공부문,소계,서울,40
2023-06,공공부문,소계,인천,0
2023-06,공공부문,소계,경기,0
2023-06,공공부문,소계,부산,0
2023-06,공공부문,소계,대구,1
2023-06,공공부문,소계,광주,0
2023-06,공공부문,소계,대전,0
2023-06,공공부문,소계,울산,0
2023-06,공공부문,소계,세종,0
2023-06,공공부문,소계,강원,0
2023-06,공공부문,소계,충북,0
2023-06,공공부문,소계,충남,0
2023-06,공공부문,소계,전북,0
2023-06,공공부문,소계,전남,0
2023-06,공공부문,소계,경북,0
2023-06,공공부문,소계,경남,0
2023-06,공공부문,소계,제주,0
2023-06,합,국민임대,전국,1
2023-06,합,국민임대,서울,0
2023-06,합,국민임대,인천,0
2023-06,합,국민임대,경기,0
2023-06,합,국민임대,부산,0
2023-06,합,국민임대,대구,1
2023-06,합,국민임대,광주,0
2023-06,합,국민임대,대전,0
2023-06,합,국민임대,울산,0
2023-06,합,국민임대,세종,0
2023-06,합,국민임대,강원,0
2023-06,합,국민임대,충북,0
2023-06,합,국민임대,충남,0
2023-06,합,국민임대,전북,0
2023-06,합,국민임대,전남,0
2023-06,합,국민임대,경북,0
2023-06,합,국민임대,경남,0
2023-06,합,국민임대,제주,0
2023-06,합,공공임대,전국,40
2023-06,합,공공임대,서울,40
2023-06,합,공공임대,인천,0
2023-06,합,공공임대,경기,0
2023-06,합,공공임대,부산,0
2023-06,합,공공임대,대구,0
2023-06,합,공공임대,광주,0
2023-06,합,공공임대,대전,0
2023-06,합,공공임대,울산,0
2023-06,합,공공임대,세종,0
2023-06,합,공공임대,강원,0
2023-06,합,공공임대,충북,0
2023-06,합,공공임대,충남,0
2023-06,합,공공임대,전북,0
2023-06,합,공공임대,전남,0
2023-06,합,공공임대,경북,0
2023-06,합,공공임대,경남,0
2023-06,합,공공임대,제주,0
2023-06,합,공공분양,전국,0
2023-06,합,공공분양,서울,0
2023-06,합,공공분양,인천,0
2023-06,합,공공분양,경기,0
2023-06,합,공공분양,부산,0
2023-06,합,공공분양,대구,0
2023-06,합,공공분양,광주,0
2023-06,합,공공분양,대전,0
2023-06,합,공공분양,울산,0
2023-06,합,공공분양,세종,0
2023-06,합,공공분양,강원,0
2023-06,합,공공분양,충북,0
2023-06,합,공공분양,충남,0
2023-06,합,공공분양,전북,0
2023-06,합,공공분양,전남,0
2023-06,합,공공분양,경북,0
2023-06,합,공공분양,경남,0
2023-06,합,공공분양,제주,0
2023-06,지자체,소계,전국,0
2023-06,지자체,소계,서울,0
2023-06,지자체,소계,인천,0
2023-06,지자체,소계,경기,0
2023-06,지자체,소계,부산,0
2023-06,지자체,소계,대구,0
2023-06,지자체,소계,광주,0
2023-06,지자체,소계,대전,0
2023-06,지자체,소계,울산,0
2023-06,지자체,소계,세종,0
2023-06,지자체,소계,강원,0
2023-06,지자체,소계,충북,0
2023-06,지자체,소계,충남,0
2023-06,지자체,소계,전북,0
2023-06,지자체,소계,전남,0
2023-06,지자체,소계,경북,0
2023-06,지자체,소계,경남,0
2023-06,지자체,소계,제주,0
2023-06,지자체,국민임대,전국,0
2023-06,지자체,국민임대,서울,0
2023-06,지자체,국민임대,인천,0
2023-06,지자체,국민임대,경기,0
2023-06,지자체,국민임대,부산,0
2023-06,지자체,국민임대,대구,0
2023-06,지자체,국민임대,광주,0
2023-06,지자체,국민임대,대전,0
2023-06,지자체,국민임대,울산,0
2023-06,지자체,국민임대,세종,0
2023-06,지자체,국민임대,강원,0
2023-06,지자체,국민임대,충북,0
2023-06,지자체,국민임대,충남,0
2023-06,지자체,국민임대,전북,0
2023-06,지자체,국민임대,전남,0
2023-06,지자체,국민임대,경북,0
2023-06,지자체,국민임대,경남,0
2023-06,지자체,국민임대,제주,0
2023-06,지자체,공공임대,전국,0
2023-06,지자체,공공임대,서울,0
2023-06,지자체,공공임대,인천,0
2023-06,지자체,공공임대,경기,0
2023-06,지자체,공공임대,부산,0
2023-06,지자체,공공임대,대구,0
2023-06,지자체,공공임대,광주,0
2023-06,지자체,공공임대,대전,0
2023-06,지자체,공공임대,울산,0
2023-06,지자체,공공임대,세종,0
2023-06,지자체,공공임대,강원,0
2023-06,지자체,공공임대,충북,0
2023-06,지자체,공공임대,충남,0
2023-06,지자체,공공임대,전북,0
2023-06,지자체,공공임대,전남,0
2023-06,지자체,공공임대,경북,0
2023-06,지자체,공공임대,경남,0
2023-06,지자체,공공임대,제주,0
2023-06,지자체,공공분양,전국,0
2023-06,지자체,공공분양,서울,0
2023-06,지자체,공공분양,인천,0
2023-06,지자체,공공분양,경기,0
2023-06,지자체,공공분양,부산,0
2023-06,지자체,공공분양,대구,0
2023-06,지자체,공공분양,광주,0
2023-06,지자체,공공분양,대전,0
2023-06,지자체,공공분양,울산,0
2023-06,지자체,공공분양,세종,0
2023-06,지자체,공공분양,강원,0
2023-06,지자체,공공분양,충북,0
2023-06,지자체,공공분양,충남,0
2023-06,지자체,공공분양,전북,0
2023-06,지자체,공공분양,전남,0
2023-06,지자체,공공분양,경북,0
2023-06,지자체,공공분양,경남,0
2023-06,지자체,공공분양,제주,0
2023-06,LH,소계,전국,0
2023-06,LH,소계,서울,0
2023-06,LH,소계,인천,0
2023-06,LH,소계,경기,0
2023-06,LH,소계,부산,0
2023-06,LH,소계,대구,0
2023-06,LH,소계,광주,0
2023-06,LH,소계,대전,0
2023-06,LH,소계,울산,0
2023-06,LH,소계,세종,0
2023-06,LH,소계,강원,0
2023-06,LH,소계,충북,0
2023-06,LH,소계,충남,0
2023-06,LH,소계,전북,0
2023-06,LH,소계,전남,0
2023-06,LH,소계,경북,0
2023-06,LH,소계,경남,0
2023-06,LH,소계,제주,0
2023-06,LH,국민임대,전국,0
2023-06,LH,국민임대,서울,0
2023-06,LH,국민임대,인천,0
2023-06,LH,국민임대,경기,0
2023-06,LH,국민임대,부산,0
2023-06,LH,국민임대,대구,0
2023-06,LH,국민임대,광주,0
2023-06,LH,국민임대,대전,0
2023-06,LH,국민임대,울산,0
2023-06,LH,국민임대,세종,0
2023-06,LH,국민임대,강원,0
2023-06,LH,국민임대,충북,0
2023-06,LH,국민임대,충남,0
2023-06,LH,국민임대,전북,0
2023-06,LH,국민임대,전남,0
2023-06,LH,국민임대,경북,0
2023-06,LH,국민임대,경남,0
2023-06,LH,국민임대,제주,0
2023-06,LH,공공임대,전국,0
2023-06,LH,공공임대,서울,0
2023-06,LH,공공임대,인천,0
2023-06,LH,공공임대,경기,0
2023-06,LH,공공임대,부산,0
2023-06,LH,공공임대,대구,0
2023-06,LH,공공임대,광주,0
2023-06,LH,공공임대,대전,0
2023-06,LH,공공임대,울산,0
2023-06,LH,공공임대,세종,0
2023-06,LH,공공임대,강원,0
2023-06,LH,공공임대,충북,0
2023-06,LH,공공임대,충남,0
2023-06,LH,공공임대,전북,0
2023-06,LH,공공임대,전남,0
2023-06,LH,공공임대,경북,0
2023-06,LH,공공임대,경남,0
2023-06,LH,공공임대,제주,0
2023-06,LH,공공분양,전국,0
2023-06,LH,공공분양,서울,0
2023-06,LH,공공분양,인천,0
2023-06,LH,공공분양,경기,0
2023-06,LH,공공분양,부산,0
2023-06,LH,공공분양,대구,0
2023-06,LH,공공분양,광주,0
2023-06,LH,공공분양,대전,0
2023-06,LH,공공분양,울산,0
2023-06,LH,공공분양,세종,0
2023-06,LH,공공분양,강원,0
2023-06,LH,공공분양,충북,0
2023-06,LH,공공분양,충남,0
2023-06,LH,공공분양,전북,0
2023-06,LH,공공분양,전남,0
2023-06,LH,공공분양,경북,0
2023-06,LH,공공분양,경남,0
2023-06,LH,공공분양,제주,0
2023-06,주택업체,소계,전국,41
2023-06,주택업체,소계,서울,40
2023-06,주택업체,소계,인천,0
2023-06,주택업체,소계,경기,0
2023-06,주택업체,소계,부산,0
2023-06,주택업체,소계,대구,1
2023-06,주택업체,소계,광주,0
2023-06,주택업체,소계,대전,0
2023-06,주택업체,소계,울산,0
2023-06,주택업체,소계,세종,0
2023-06,주택업체,소계,강원,0
2023-06,주택업체,소계,충북,0
2023-06,주택업체,소계,충남,0
2023-06,주택업체,소계,전북,0
2023-06,주택업체,소계,전남,0
2023-06,주택업체,소계,경북,0
2023-06,주택업체,소계,경남,0
2023-06,주택업체,소계,제주,0
2023-06,주택업체,국민임대,전국,1
2023-06,주택업체,국민임대,서울,0
2023-06,주택업체,국민임대,인천,0
2023-06,주택업체,국민임대,경기,0
2023-06,주택업체,국민임대,부산,0
2023-06,주택업체,국민임대,대구,1
2023-06,주택업체,국민임대,광주,0
2023-06,주택업체,국민임대,대전,0
2023-06,주택업체,국민임대,울산,0
2023-06,주택업체,국민임대,세종,0
2023-06,주택업체,국민임대,강원,0
2023-06,주택업체,국민임대,충북,0
2023-06,주택업체,국민임대,충남,0
2023-06,주택업체,국민임대,전북,0
2023-06,주택업체,국민임대,전남,0
2023-06,주택업체,국민임대,경북,0
2023-06,주택업체,국민임대,경남,0
2023-06,주택업체,국민임대,제주,0
2023-06,주택업체,공공임대,전국,40
2023-06,주택업체,공공임대,서울,40
2023-06,주택업체,공공임대,인천,0
2023-06,주택업체,공공임대,경기,0
2023-06,주택업체,공공임대,부산,0
2023-06,주택업체,공공임대,대구,0
2023-06,주택업체,공공임대,광주,0
2023-06,주택업체,공공임대,대전,0
2023-06,주택업체,공공임대,울산,0
2023-06,주택업체,공공임대,세종,0
2023-06,주택업체,공공임대,강원,0
2023-06,주택업체,공공임대,충북,0
2023-06,주택업체,공공임대,충남,0
2023-06,주택업체,공공임대,전북,0
2023-06,주택업체,공공임대,전남,0
2023-06,주택업체,공공임대,경북,0
2023-06,주택업체,공공임대,경남,0
2023-06,주택업체,공공임대,제주,0
2023-06,주택업체,공공분양,전국,0
2023-06,주택업체,공공분양,서울,0
2023-06,주택업체,공공분양,인천,0
2023-06,주택업체,공공분양,경기,0
2023-06,주택업체,공공분양,부산,0
2023-06,주택업체,공공분양,대구,0
2023-06,주택업체,공공분양,광주,0
2023-06,주택업체,공공분양,대전,0
2023-06,주택업체,공공분양,울산,0
2023-06,주택업체,공공분양,세종,0
2023-06,주택업체,공공분양,강원,0
2023-06,주택업체,공공분양,충북,0
2023-06,주택업체,공공분양,충남,0
2023-06,주택업체,공공분양,전북,0
2023-06,주택업체,공공분양,전남,0
2023-06,주택업체,공공분양,경북,0
2023-06,주택업체,공공분양,경남,0
2023-06,주택업체,공공분양,제주,0
2023-06,민간부문,소계,전국,16,208
2023-06,민간부문,소계,서울,953
2023-06,민간부문,소계,인천,1,482
2023-06,민간부문,소계,경기,5,442
2023-06,민간부문,소계,부산,409
2023-06,민간부문,소계,대구,613
2023-06,민간부문,소계,광주,162
2023-06,민간부문,소계,대전,20
2023-06,민간부문,소계,울산,34
2023-06,민간부문,소계,세종,32
2023-06,민간부문,소계,강원,2,392
2023-06,민간부문,소계,충북,1,546
2023-06,민간부문,소계,충남,1,249
2023-06,민간부문,소계,전북,201
2023-06,민간부문,소계,전남,501
2023-06,민간부문,소계,경북,292
2023-06,민간부문,소계,경남,236
2023-06,민간부문,소계,제주,644
2023-06,민간,민간임대,전국,1,171
2023-06,민간,민간임대,서울,125
2023-06,민간,민간임대,인천,0
2023-06,민간,민간임대,경기,406
2023-06,민간,민간임대,부산,0
2023-06,민간,민간임대,대구,0
2023-06,민간,민간임대,광주,0
2023-06,민간,민간임대,대전,0
2023-06,민간,민간임대,울산,0
2023-06,민간,민간임대,세종,0
2023-06,민간,민간임대,강원,0
2023-06,민간,민간임대,충북,414
2023-06,민간,민간임대,충남,0
2023-06,민간,민간임대,전북,0
2023-06,민간,민간임대,전남,226
2023-06,민간,민간임대,경북,0
2023-06,민간,민간임대,경남,0
2023-06,민간,민간임대,제주,0
2023-06,민간,민간분양,전국,15,037
2023-06,민간,민간분양,서울,828
2023-06,민간,민간분양,인천,1,482
2023-06,민간,민간분양,경기,5,036
2023-06,민간,민간분양,부산,409
2023-06,민간,민간분양,대구,613
2023-06,민간,민간분양,광주,162
2023-06,민간,민간분양,대전,20
2023-06,민간,민간분양,울산,34
2023-06,민간,민간분양,세종,32
2023-06,민간,민간분양,강원,2,392
2023-06,민간,민간분양,충북,1,132
2023-06,민간,민간분양,충남,1,249
2023-06,민간,민간분양,전북,201
2023-06,민간,민간분양,전남,275
2023-06,민간,민간분양,경북,292
2023-06,민간,민간분양,경남,236
2023-06,민간,민간분양,제주,644
2023-07,총계,총계,전국,14,128
2023-07,총계,총계,서울,1,645
2023-07,총계,총계,인천,119
2023-07,총계,총계,경기,7,927
2023-07,총계,총계,부산,895
2023-07,총계,총계,대구,12
2023-07,총계,총계,광주,9
2023-07,총계,총계,대전,50
2023-07,총계,총계,울산,22
2023-07,총계,총계,세종,3
2023-07,총계,총계,강원,1,196
2023-07,총계,총계,충북,163
2023-07,총계,총계,충남,191
2023-07,총계,총계,전북,669
2023-07,총계,총계,전남,204
2023-07,총계,총계,경북,320
2023-07,총계,총계,경남,603
2023-07,총계,총계,제주,100
2023-07,공공부문,소계,전국,2,178
2023-07,공공부문,소계,서울,1,305
2023-07,공공부문,소계,인천,0
2023-07,공공부문,소계,경기,873
2023-07,공공부문,소계,부산,0
2023-07,공공부문,소계,대구,0
2023-07,공공부문,소계,광주,0
2023-07,공공부문,소계,대전,0
2023-07,공공부문,소계,울산,0
2023-07,공공부문,소계,세종,0
2023-07,공공부문,소계,강원,0
2023-07,공공부문,소계,충북,0
2023-07,공공부문,소계,충남,0
2023-07,공공부문,소계,전북,0
2023-07,공공부문,소계,전남,0
2023-07,공공부문,소계,경북,0
2023-07,공공부문,소계,경남,0
2023-07,공공부문,소계,제주,0
2023-07,합,국민임대,전국,438
2023-07,합,국민임대,서울,0
2023-07,합,국민임대,인천,0
2023-07,합,국민임대,경기,438
2023-07,합,국민임대,부산,0
2023-07,합,국민임대,대구,0
2023-07,합,국민임대,광주,0
2023-07,합,국민임대,대전,0
2023-07,합,국민임대,울산,0
2023-07,합,국민임대,세종,0
2023-07,합,국민임대,강원,0
2023-07,합,국민임대,충북,0
2023-07,합,국민임대,충남,0
2023-07,합,국민임대,전북,0
2023-07,합,국민임대,전남,0
2023-07,합,국민임대,경북,0
2023-07,합,국민임대,경남,0
2023-07,합,국민임대,제주,0
2023-07,합,공공임대,전국,435
2023-07,합,공공임대,서울,0
2023-07,합,공공임대,인천,0
2023-07,합,공공임대,경기,435
2023-07,합,공공임대,부산,0
2023-07,합,공공임대,대구,0
2023-07,합,공공임대,광주,0
2023-07,합,공공임대,대전,0
2023-07,합,공공임대,울산,0
2023-07,합,공공임대,세종,0
2023-07,합,공공임대,강원,0
2023-07,합,공공임대,충북,0
2023-07,합,공공임대,충남,0
2023-07,합,공공임대,전북,0
2023-07,합,공공임대,전남,0
2023-07,합,공공임대,경북,0
2023-07,합,공공임대,경남,0
2023-07,합,공공임대,제주,0
2023-07,합,공공분양,전국,1,305
2023-07,합,공공분양,서울,1,305
2023-07,합,공공분양,인천,0
2023-07,합,공공분양,경기,0
2023-07,합,공공분양,부산,0
2023-07,합,공공분양,대구,0
2023-07,합,공공분양,광주,0
2023-07,합,공공분양,대전,0
2023-07,합,공공분양,울산,0
2023-07,합,공공분양,세종,0
2023-07,합,공공분양,강원,0
2023-07,합,공공분양,충북,0
2023-07,합,공공분양,충남,0
2023-07,합,공공분양,전북,0
2023-07,합,공공분양,전남,0
2023-07,합,공공분양,경북,0
2023-07,합,공공분양,경남,0
2023-07,합,공공분양,제주,0
2023-07,지자체,소계,전국,1,305
2023-07,지자체,소계,서울,1,305
2023-07,지자체,소계,인천,0
2023-07,지자체,소계,경기,0
2023-07,지자체,소계,부산,0
2023-07,지자체,소계,대구,0
2023-07,지자체,소계,광주,0
2023-07,지자체,소계,대전,0
2023-07,지자체,소계,울산,0
2023-07,지자체,소계,세종,0
2023-07,지자체,소계,강원,0
2023-07,지자체,소계,충북,0
2023-07,지자체,소계,충남,0
2023-07,지자체,소계,전북,0
2023-07,지자체,소계,전남,0
2023-07,지자체,소계,경북,0
2023-07,지자체,소계,경남,0
2023-07,지자체,소계,제주,0
2023-07,지자체,국민임대,전국,0
2023-07,지자체,국민임대,서울,0
2023-07,지자체,국민임대,인천,0
2023-07,지자체,국민임대,경기,0
2023-07,지자체,국민임대,부산,0
2023-07,지자체,국민임대,대구,0
2023-07,지자체,국민임대,광주,0
2023-07,지자체,국민임대,대전,0
2023-07,지자체,국민임대,울산,0
2023-07,지자체,국민임대,세종,0
2023-07,지자체,국민임대,강원,0
2023-07,지자체,국민임대,충북,0
2023-07,지자체,국민임대,충남,0
2023-07,지자체,국민임대,전북,0
2023-07,지자체,국민임대,전남,0
2023-07,지자체,국민임대,경북,0
2023-07,지자체,국민임대,경남,0
2023-07,지자체,국민임대,제주,0
2023-07,지자체,공공임대,전국,0
2023-07,지자체,공공임대,서울,0
2023-07,지자체,공공임대,인천,0
2023-07,지자체,공공임대,경기,0
2023-07,지자체,공공임대,부산,0
2023-07,지자체,공공임대,대구,0
2023-07,지자체,공공임대,광주,0
2023-07,지자체,공공임대,대전,0
2023-07,지자체,공공임대,울산,0
2023-07,지자체,공공임대,세종,0
2023-07,지자체,공공임대,강원,0
2023-07,지자체,공공임대,충북,0
2023-07,지자체,공공임대,충남,0
2023-07,지자체,공공임대,전북,0
2023-07,지자체,공공임대,전남,0
2023-07,지자체,공공임대,경북,0
2023-07,지자체,공공임대,경남,0
2023-07,지자체,공공임대,제주,0
2023-07,지자체,공공분양,전국,1,305
2023-07,지자체,공공분양,서울,1,305
2023-07,지자체,공공분양,인천,0
2023-07,지자체,공공분양,경기,0
2023-07,지자체,공공분양,부산,0
2023-07,지자체,공공분양,대구,0
2023-07,지자체,공공분양,광주,0
2023-07,지자체,공공분양,대전,0
2023-07,지자체,공공분양,울산,0
2023-07,지자체,공공분양,세종,0
2023-07,지자체,공공분양,강원,0
2023-07,지자체,공공분양,충북,0
2023-07,지자체,공공분양,충남,0
2023-07,지자체,공공분양,전북,0
2023-07,지자체,공공분양,전남,0
2023-07,지자체,공공분양,경북,0
2023-07,지자체,공공분양,경남,0
2023-07,지자체,공공분양,제주,0
2023-07,LH,소계,전국,873
2023-07,LH,소계,서울,0
2023-07,LH,소계,인천,0
2023-07,LH,소계,경기,873
2023-07,LH,소계,부산,0
2023-07,LH,소계,대구,0
2023-07,LH,소계,광주,0
2023-07,LH,소계,대전,0
2023-07,LH,소계,울산,0
2023-07,LH,소계,세종,0
2023-07,LH,소계,강원,0
2023-07,LH,소계,충북,0
2023-07,LH,소계,충남,0
2023-07,LH,소계,전북,0
2023-07,LH,소계,전남,0
2023-07,LH,소계,경북,0
2023-07,LH,소계,경남,0
2023-07,LH,소계,제주,0
2023-07,LH,국민임대,전국,438
2023-07,LH,국민임대,서울,0
2023-07,LH,국민임대,인천,0
2023-07,LH,국민임대,경기,438
2023-07,LH,국민임대,부산,0
2023-07,LH,국민임대,대구,0
2023-07,LH,국민임대,광주,0
2023-07,LH,국민임대,대전,0
2023-07,LH,국민임대,울산,0
2023-07,LH,국민임대,세종,0
2023-07,LH,국민임대,강원,0
2023-07,LH,국민임대,충북,0
2023-07,LH,국민임대,충남,0
2023-07,LH,국민임대,전북,0
2023-07,LH,국민임대,전남,0
2023-07,LH,국민임대,경북,0
2023-07,LH,국민임대,경남,0
2023-07,LH,국민임대,제주,0
2023-07,LH,공공임대,전국,435
2023-07,LH,공공임대,서울,0
2023-07,LH,공공임대,인천,0
2023-07,LH,공공임대,경기,435
2023-07,LH,공공임대,부산,0
2023-07,LH,공공임대,대구,0
2023-07,LH,공공임대,광주,0
2023-07,LH,공공임대,대전,0
2023-07,LH,공공임대,울산,0
2023-07,LH,공공임대,세종,0
2023-07,LH,공공임대,강원,0
2023-07,LH,공공임대,충북,0
2023-07,LH,공공임대,충남,0
2023-07,LH,공공임대,전북,0
2023-07,LH,공공임대,전남,0
2023-07,LH,공공임대,경북,0
2023-07,LH,공공임대,경남,0
2023-07,LH,공공임대,제주,0
2023-07,LH,공공분양,전국,0
2023-07,LH,공공분양,서울,0
2023-07,LH,공공분양,인천,0
2023-07,LH,공공분양,경기,0
2023-07,LH,공공분양,부산,0
2023-07,LH,공공분양,대구,0
2023-07,LH,공공분양,광주,0
2023-07,LH,공공분양,대전,0
2023-07,LH,공공분양,울산,0
2023-07,LH,공공분양,세종,0
2023-07,LH,공공분양,강원,0
2023-07,LH,공공분양,충북,0
2023-07,LH,공공분양,충남,0
2023-07,LH,공공분양,전북,0
2023-07,LH,공공분양,전남,0
2023-07,LH,공공분양,경북,0
2023-07,LH,공공분양,경남,0
2023-07,LH,공공분양,제주,0
2023-07,주택업체,소계,전국,0
2023-07,주택업체,소계,서울,0
2023-07,주택업체,소계,인천,0
2023-07,주택업체,소계,경기,0
2023-07,주택업체,소계,부산,0
2023-07,주택업체,소계,대구,0
2023-07,주택업체,소계,광주,0
2023-07,주택업체,소계,대전,0
2023-07,주택업체,소계,울산,0
2023-07,주택업체,소계,세종,0
2023-07,주택업체,소계,강원,0
2023-07,주택업체,소계,충북,0
2023-07,주택업체,소계,충남,0
2023-07,주택업체,소계,전북,0
2023-07,주택업체,소계,전남,0
2023-07,주택업체,소계,경북,0
2023-07,주택업체,소계,경남,0
2023-07,주택업체,소계,제주,0
2023-07,주택업체,국민임대,전국,0
2023-07,주택업체,국민임대,서울,0
2023-07,주택업체,국민임대,인천,0
2023-07,주택업체,국민임대,경기,0
2023-07,주택업체,국민임대,부산,0
2023-07,주택업체,국민임대,대구,0
2023-07,주택업체,국민임대,광주,0
2023-07,주택업체,국민임대,대전,0
2023-07,주택업체,국민임대,울산,0
2023-07,주택업체,국민임대,세종,0
2023-07,주택업체,국민임대,강원,0
2023-07,주택업체,국민임대,충북,0
2023-07,주택업체,국민임대,충남,0
2023-07,주택업체,국민임대,전북,0
2023-07,주택업체,국민임대,전남,0
2023-07,주택업체,국민임대,경북,0
2023-07,주택업체,국민임대,경남,0
2023-07,주택업체,국민임대,제주,0
2023-07,주택업체,공공임대,전국,0
2023-07,주택업체,공공임대,서울,0
2023-07,주택업체,공공임대,인천,0
2023-07,주택업체,공공임대,경기,0
2023-07,주택업체,공공임대,부산,0
2023-07,주택업체,공공임대,대구,0
2023-07,주택업체,공공임대,광주,0
2023-07,주택업체,공공임대,대전,0
2023-07,주택업체,공공임대,울산,0
2023-07,주택업체,공공임대,세종,0
2023-07,주택업체,공공임대,강원,0
2023-07,주택업체,공공임대,충북,0
2023-07,주택업체,공공임대,충남,0
2023-07,주택업체,공공임대,전북,0
2023-07,주택업체,공공임대,전남,0
2023-07,주택업체,공공임대,경북,0
2023-07,주택업체,공공임대,경남,0
2023-07,주택업체,공공임대,제주,0
2023-07,주택업체,공공분양,전국,0
2023-07,주택업체,공공분양,서울,0
2023-07,주택업체,공공분양,인천,0
2023-07,주택업체,공공분양,경기,0
2023-07,주택업체,공공분양,부산,0
2023-07,주택업체,공공분양,대구,0
2023-07,주택업체,공공분양,광주,0
2023-07,주택업체,공공분양,대전,0
2023-07,주택업체,공공분양,울산,0
2023-07,주택업체,공공분양,세종,0
2023-07,주택업체,공공분양,강원,0
2023-07,주택업체,공공분양,충북,0
2023-07,주택업체,공공분양,충남,0
2023-07,주택업체,공공분양,전북,0
2023-07,주택업체,공공분양,전남,0
2023-07,주택업체,공공분양,경북,0
2023-07,주택업체,공공분양,경남,0
2023-07,주택업체,공공분양,제주,0
2023-07,민간부문,소계,전국,11,950
2023-07,민간부문,소계,서울,340
2023-07,민간부문,소계,인천,119
2023-07,민간부문,소계,경기,7,054
2023-07,민간부문,소계,부산,895
2023-07,민간부문,소계,대구,12
2023-07,민간부문,소계,광주,9
2023-07,민간부문,소계,대전,50
2023-07,민간부문,소계,울산,22
2023-07,민간부문,소계,세종,3
2023-07,민간부문,소계,강원,1,196
2023-07,민간부문,소계,충북,163
2023-07,민간부문,소계,충남,191
2023-07,민간부문,소계,전북,669
2023-07,민간부문,소계,전남,204
2023-07,민간부문,소계,경북,320
2023-07,민간부문,소계,경남,603
2023-07,민간부문,소계,제주,100
2023-07,민간,민간임대,전국,0
2023-07,민간,민간임대,서울,0
2023-07,민간,민간임대,인천,0
2023-07,민간,민간임대,경기,0
2023-07,민간,민간임대,부산,0
2023-07,민간,민간임대,대구,0
2023-07,민간,민간임대,광주,0
2023-07,민간,민간임대,대전,0
2023-07,민간,민간임대,울산,0
2023-07,민간,민간임대,세종,0
2023-07,민간,민간임대,강원,0
2023-07,민간,민간임대,충북,0
2023-07,민간,민간임대,충남,0
2023-07,민간,민간임대,전북,0
2023-07,민간,민간임대,전남,0
2023-07,민간,민간임대,경북,0
2023-07,민간,민간임대,경남,0
2023-07,민간,민간임대,제주,0
2023-07,민간,민간분양,전국,11,950
2023-07,민간,민간분양,서울,340
2023-07,민간,민간분양,인천,119
2023-07,민간,민간분양,경기,7,054
2023-07,민간,민간분양,부산,895
2023-07,민간,민간분양,대구,12
2023-07,민간,민간분양,광주,9
2023-07,민간,민간분양,대전,50
2023-07,민간,민간분양,울산,22
2023-07,민간,민간분양,세종,3
2023-07,민간,민간분양,강원,1,196
2023-07,민간,민간분양,충북,163
2023-07,민간,민간분양,충남,191
2023-07,민간,민간분양,전북,669
2023-07,민간,민간분양,전남,204
2023-07,민간,민간분양,경북,320
2023-07,민간,민간분양,경남,603
2023-07,민간,민간분양,제주,100
2023-08,총계,총계,전국,14,564
2023-08,총계,총계,서울,1,631
2023-08,총계,총계,인천,86
2023-08,총계,총계,경기,3,199
2023-08,총계,총계,부산,84
2023-08,총계,총계,대구,17
2023-08,총계,총계,광주,746
2023-08,총계,총계,대전,61
2023-08,총계,총계,울산,18
2023-08,총계,총계,세종,10
2023-08,총계,총계,강원,295
2023-08,총계,총계,충북,199
2023-08,총계,총계,충남,250
2023-08,총계,총계,전북,587
2023-08,총계,총계,전남,4,008
2023-08,총계,총계,경북,2,952
2023-08,총계,총계,경남,202
2023-08,총계,총계,제주,219
2023-08,공공부문,소계,전국,46
2023-08,공공부문,소계,서울,0
2023-08,공공부문,소계,인천,0
2023-08,공공부문,소계,경기,0
2023-08,공공부문,소계,부산,0
2023-08,공공부문,소계,대구,0
2023-08,공공부문,소계,광주,0
2023-08,공공부문,소계,대전,46
2023-08,공공부문,소계,울산,0
2023-08,공공부문,소계,세종,0
2023-08,공공부문,소계,강원,0
2023-08,공공부문,소계,충북,0
2023-08,공공부문,소계,충남,0
2023-08,공공부문,소계,전북,0
2023-08,공공부문,소계,전남,0
2023-08,공공부문,소계,경북,0
2023-08,공공부문,소계,경남,0
2023-08,공공부문,소계,제주,0
2023-08,합,국민임대,전국,0
2023-08,합,국민임대,서울,0
2023-08,합,국민임대,인천,0
2023-08,합,국민임대,경기,0
2023-08,합,국민임대,부산,0
2023-08,합,국민임대,대구,0
2023-08,합,국민임대,광주,0
2023-08,합,국민임대,대전,0
2023-08,합,국민임대,울산,0
2023-08,합,국민임대,세종,0
2023-08,합,국민임대,강원,0
2023-08,합,국민임대,충북,0
2023-08,합,국민임대,충남,0
2023-08,합,국민임대,전북,0
2023-08,합,국민임대,전남,0
2023-08,합,국민임대,경북,0
2023-08,합,국민임대,경남,0
2023-08,합,국민임대,제주,0
2023-08,합,공공임대,전국,46
2023-08,합,공공임대,서울,0
2023-08,합,공공임대,인천,0
2023-08,합,공공임대,경기,0
2023-08,합,공공임대,부산,0
2023-08,합,공공임대,대구,0
2023-08,합,공공임대,광주,0
2023-08,합,공공임대,대전,46
2023-08,합,공공임대,울산,0
2023-08,합,공공임대,세종,0
2023-08,합,공공임대,강원,0
2023-08,합,공공임대,충북,0
2023-08,합,공공임대,충남,0
2023-08,합,공공임대,전북,0
2023-08,합,공공임대,전남,0
2023-08,합,공공임대,경북,0
2023-08,합,공공임대,경남,0
2023-08,합,공공임대,제주,0
2023-08,합,공공분양,전국,0
2023-08,합,공공분양,서울,0
2023-08,합,공공분양,인천,0
2023-08,합,공공분양,경기,0
2023-08,합,공공분양,부산,0
2023-08,합,공공분양,대구,0
2023-08,합,공공분양,광주,0
2023-08,합,공공분양,대전,0
2023-08,합,공공분양,울산,0
2023-08,합,공공분양,세종,0
2023-08,합,공공분양,강원,0
2023-08,합,공공분양,충북,0
2023-08,합,공공분양,충남,0
2023-08,합,공공분양,전북,0
2023-08,합,공공분양,전남,0
2023-08,합,공공분양,경북,0
2023-08,합,공공분양,경남,0
2023-08,합,공공분양,제주,0
2023-08,지자체,소계,전국,0
2023-08,지자체,소계,서울,0
2023-08,지자체,소계,인천,0
2023-08,지자체,소계,경기,0
2023-08,지자체,소계,부산,0
2023-08,지자체,소계,대구,0
2023-08,지자체,소계,광주,0
2023-08,지자체,소계,대전,0
2023-08,지자체,소계,울산,0
2023-08,지자체,소계,세종,0
2023-08,지자체,소계,강원,0
2023-08,지자체,소계,충북,0
2023-08,지자체,소계,충남,0
2023-08,지자체,소계,전북,0
2023-08,지자체,소계,전남,0
2023-08,지자체,소계,경북,0
2023-08,지자체,소계,경남,0
2023-08,지자체,소계,제주,0
2023-08,지자체,국민임대,전국,0
2023-08,지자체,국민임대,서울,0
2023-08,지자체,국민임대,인천,0
2023-08,지자체,국민임대,경기,0
2023-08,지자체,국민임대,부산,0
2023-08,지자체,국민임대,대구,0
2023-08,지자체,국민임대,광주,0
2023-08,지자체,국민임대,대전,0
2023-08,지자체,국민임대,울산,0
2023-08,지자체,국민임대,세종,0
2023-08,지자체,국민임대,강원,0
2023-08,지자체,국민임대,충북,0
2023-08,지자체,국민임대,충남,0
2023-08,지자체,국민임대,전북,0
2023-08,지자체,국민임대,전남,0
2023-08,지자체,국민임대,경북,0
2023-08,지자체,국민임대,경남,0
2023-08,지자체,국민임대,제주,0
2023-08,지자체,공공임대,전국,0
2023-08,지자체,공공임대,서울,0
2023-08,지자체,공공임대,인천,0
2023-08,지자체,공공임대,경기,0
2023-08,지자체,공공임대,부산,0
2023-08,지자체,공공임대,대구,0
2023-08,지자체,공공임대,광주,0
2023-08,지자체,공공임대,대전,0
2023-08,지자체,공공임대,울산,0
2023-08,지자체,공공임대,세종,0
2023-08,지자체,공공임대,강원,0
2023-08,지자체,공공임대,충북,0
2023-08,지자체,공공임대,충남,0
2023-08,지자체,공공임대,전북,0
2023-08,지자체,공공임대,전남,0
2023-08,지자체,공공임대,경북,0
2023-08,지자체,공공임대,경남,0
2023-08,지자체,공공임대,제주,0
2023-08,지자체,공공분양,전국,0
2023-08,지자체,공공분양,서울,0
2023-08,지자체,공공분양,인천,0
2023-08,지자체,공공분양,경기,0
2023-08,지자체,공공분양,부산,0
2023-08,지자체,공공분양,대구,0
2023-08,지자체,공공분양,광주,0
2023-08,지자체,공공분양,대전,0
2023-08,지자체,공공분양,울산,0
2023-08,지자체,공공분양,세종,0
2023-08,지자체,공공분양,강원,0
2023-08,지자체,공공분양,충북,0
2023-08,지자체,공공분양,충남,0
2023-08,지자체,공공분양,전북,0
2023-08,지자체,공공분양,전남,0
2023-08,지자체,공공분양,경북,0
2023-08,지자체,공공분양,경남,0
2023-08,지자체,공공분양,제주,0
2023-08,LH,소계,전국,0
2023-08,LH,소계,서울,0
2023-08,LH,소계,인천,0
2023-08,LH,소계,경기,0
2023-08,LH,소계,부산,0
2023-08,LH,소계,대구,0
2023-08,LH,소계,광주,0
2023-08,LH,소계,대전,0
2023-08,LH,소계,울산,0
2023-08,LH,소계,세종,0
2023-08,LH,소계,강원,0
2023-08,LH,소계,충북,0
2023-08,LH,소계,충남,0
2023-08,LH,소계,전북,0
2023-08,LH,소계,전남,0
2023-08,LH,소계,경북,0
2023-08,LH,소계,경남,0
2023-08,LH,소계,제주,0
2023-08,LH,국민임대,전국,0
2023-08,LH,국민임대,서울,0
2023-08,LH,국민임대,인천,0
2023-08,LH,국민임대,경기,0
2023-08,LH,국민임대,부산,0
2023-08,LH,국민임대,대구,0
2023-08,LH,국민임대,광주,0
2023-08,LH,국민임대,대전,0
2023-08,LH,국민임대,울산,0
2023-08,LH,국민임대,세종,0
2023-08,LH,국민임대,강원,0
2023-08,LH,국민임대,충북,0
2023-08,LH,국민임대,충남,0
2023-08,LH,국민임대,전북,0
2023-08,LH,국민임대,전남,0
2023-08,LH,국민임대,경북,0
2023-08,LH,국민임대,경남,0
2023-08,LH,국민임대,제주,0
2023-08,LH,공공임대,전국,0
2023-08,LH,공공임대,서울,0
2023-08,LH,공공임대,인천,0
2023-08,LH,공공임대,경기,0
2023-08,LH,공공임대,부산,0
2023-08,LH,공공임대,대구,0
2023-08,LH,공공임대,광주,0
2023-08,LH,공공임대,대전,0
2023-08,LH,공공임대,울산,0
2023-08,LH,공공임대,세종,0
2023-08,LH,공공임대,강원,0
2023-08,LH,공공임대,충북,0
2023-08,LH,공공임대,충남,0
2023-08,LH,공공임대,전북,0
2023-08,LH,공공임대,전남,0
2023-08,LH,공공임대,경북,0
2023-08,LH,공공임대,경남,0
2023-08,LH,공공임대,제주,0
2023-08,LH,공공분양,전국,0
2023-08,LH,공공분양,서울,0
2023-08,LH,공공분양,인천,0
2023-08,LH,공공분양,경기,0
2023-08,LH,공공분양,부산,0
2023-08,LH,공공분양,대구,0
2023-08,LH,공공분양,광주,0
2023-08,LH,공공분양,대전,0
2023-08,LH,공공분양,울산,0
2023-08,LH,공공분양,세종,0
2023-08,LH,공공분양,강원,0
2023-08,LH,공공분양,충북,0
2023-08,LH,공공분양,충남,0
2023-08,LH,공공분양,전북,0
2023-08,LH,공공분양,전남,0
2023-08,LH,공공분양,경북,0
2023-08,LH,공공분양,경남,0
2023-08,LH,공공분양,제주,0
2023-08,주택업체,소계,전국,46
2023-08,주택업체,소계,서울,0
2023-08,주택업체,소계,인천,0
2023-08,주택업체,소계,경기,0
2023-08,주택업체,소계,부산,0
2023-08,주택업체,소계,대구,0
2023-08,주택업체,소계,광주,0
2023-08,주택업체,소계,대전,46
2023-08,주택업체,소계,울산,0
2023-08,주택업체,소계,세종,0
2023-08,주택업체,소계,강원,0
2023-08,주택업체,소계,충북,0
2023-08,주택업체,소계,충남,0
2023-08,주택업체,소계,전북,0
2023-08,주택업체,소계,전남,0
2023-08,주택업체,소계,경북,0
2023-08,주택업체,소계,경남,0
2023-08,주택업체,소계,제주,0
2023-08,주택업체,국민임대,전국,0
2023-08,주택업체,국민임대,서울,0
2023-08,주택업체,국민임대,인천,0
2023-08,주택업체,국민임대,경기,0
2023-08,주택업체,국민임대,부산,0
2023-08,주택업체,국민임대,대구,0
2023-08,주택업체,국민임대,광주,0
2023-08,주택업체,국민임대,대전,0
2023-08,주택업체,국민임대,울산,0
2023-08,주택업체,국민임대,세종,0
2023-08,주택업체,국민임대,강원,0
2023-08,주택업체,국민임대,충북,0
2023-08,주택업체,국민임대,충남,0
2023-08,주택업체,국민임대,전북,0
2023-08,주택업체,국민임대,전남,0
2023-08,주택업체,국민임대,경북,0
2023-08,주택업체,국민임대,경남,0
2023-08,주택업체,국민임대,제주,0
2023-08,주택업체,공공임대,전국,46
2023-08,주택업체,공공임대,서울,0
2023-08,주택업체,공공임대,인천,0
2023-08,주택업체,공공임대,경기,0
2023-08,주택업체,공공임대,부산,0
2023-08,주택업체,공공임대,대구,0
2023-08,주택업체,공공임대,광주,0
2023-08,주택업체,공공임대,대전,46
2023-08,주택업체,공공임대,울산,0
2023-08,주택업체,공공임대,세종,0
2023-08,주택업체,공공임대,강원,0
2023-08,주택업체,공공임대,충북,0
2023-08,주택업체,공공임대,충남,0
2023-08,주택업체,공공임대,전북,0
2023-08,주택업체,공공임대,전남,0
2023-08,주택업체,공공임대,경북,0
2023-08,주택업체,공공임대,경남,0
2023-08,주택업체,공공임대,제주,0
2023-08,주택업체,공공분양,전국,0
2023-08,주택업체,공공분양,서울,0
2023-08,주택업체,공공분양,인천,0
2023-08,주택업체,공공분양,경기,0
2023-08,주택업체,공공분양,부산,0
2023-08,주택업체,공공분양,대구,0
2023-08,주택업체,공공분양,광주,0
2023-08,주택업체,공공분양,대전,0
2023-08,주택업체,공공분양,울산,0
2023-08,주택업체,공공분양,세종,0
2023-08,주택업체,공공분양,강원,0
2023-08,주택업체,공공분양,충북,0
2023-08,주택업체,공공분양,충남,0
2023-08,주택업체,공공분양,전북,0
2023-08,주택업체,공공분양,전남,0
2023-08,주택업체,공공분양,경북,0
2023-08,주택업체,공공분양,경남,0
2023-08,주택업체,공공분양,제주,0
2023-08,민간부문,소계,전국,14,518
2023-08,민간부문,소계,서울,1,631
2023-08,민간부문,소계,인천,86
2023-08,민간부문,소계,경기,3,199
2023-08,민간부문,소계,부산,84
2023-08,민간부문,소계,대구,17
2023-08,민간부문,소계,광주,746
2023-08,민간부문,소계,대전,15
2023-08,민간부문,소계,울산,18
2023-08,민간부문,소계,세종,10
2023-08,민간부문,소계,강원,295
2023-08,민간부문,소계,충북,199
2023-08,민간부문,소계,충남,250
2023-08,민간부문,소계,전북,587
2023-08,민간부문,소계,전남,4,008
2023-08,민간부문,소계,경북,2,952
2023-08,민간부문,소계,경남,202
2023-08,민간부문,소계,제주,219
2023-08,민간,민간임대,전국,419
2023-08,민간,민간임대,서울,0
2023-08,민간,민간임대,인천,0
2023-08,민간,민간임대,경기,0
2023-08,민간,민간임대,부산,0
2023-08,민간,민간임대,대구,0
2023-08,민간,민간임대,광주,0
2023-08,민간,민간임대,대전,0
2023-08,민간,민간임대,울산,0
2023-08,민간,민간임대,세종,0
2023-08,민간,민간임대,강원,0
2023-08,민간,민간임대,충북,0
2023-08,민간,민간임대,충남,0
2023-08,민간,민간임대,전북,0
2023-08,민간,민간임대,전남,419
2023-08,민간,민간임대,경북,0
2023-08,민간,민간임대,경남,0
2023-08,민간,민간임대,제주,0
2023-08,민간,민간분양,전국,14,099
2023-08,민간,민간분양,서울,1,631
2023-08,민간,민간분양,인천,86
2023-08,민간,민간분양,경기,3,199
2023-08,민간,민간분양,부산,84
2023-08,민간,민간분양,대구,17
2023-08,민간,민간분양,광주,746
2023-08,민간,민간분양,대전,15
2023-08,민간,민간분양,울산,18
2023-08,민간,민간분양,세종,10
2023-08,민간,민간분양,강원,295
2023-08,민간,민간분양,충북,199
2023-08,민간,민간분양,충남,250
2023-08,민간,민간분양,전북,587
2023-08,민간,민간분양,전남,3,589
2023-08,민간,민간분양,경북,2,952
2023-08,민간,민간분양,경남,202
2023-08,민간,민간분양,제주,219
2023-09,총계,총계,전국,18,637
2023-09,총계,총계,서울,5,065
2023-09,총계,총계,인천,1,478
2023-09,총계,총계,경기,3,504
2023-09,총계,총계,부산,1,090
2023-09,총계,총계,대구,15
2023-09,총계,총계,광주,2,164
2023-09,총계,총계,대전,34
2023-09,총계,총계,울산,30
2023-09,총계,총계,세종,9
2023-09,총계,총계,강원,1,583
2023-09,총계,총계,충북,223
2023-09,총계,총계,충남,674
2023-09,총계,총계,전북,134
2023-09,총계,총계,전남,246
2023-09,총계,총계,경북,1,812
2023-09,총계,총계,경남,434
2023-09,총계,총계,제주,142
2023-09,공공부문,소계,전국,252
2023-09,공공부문,소계,서울,37
2023-09,공공부문,소계,인천,0
2023-09,공공부문,소계,경기,0
2023-09,공공부문,소계,부산,0
2023-09,공공부문,소계,대구,0
2023-09,공공부문,소계,광주,0
2023-09,공공부문,소계,대전,0
2023-09,공공부문,소계,울산,0
2023-09,공공부문,소계,세종,0
2023-09,공공부문,소계,강원,0
2023-09,공공부문,소계,충북,0
2023-09,공공부문,소계,충남,0
2023-09,공공부문,소계,전북,0
2023-09,공공부문,소계,전남,0
2023-09,공공부문,소계,경북,200
2023-09,공공부문,소계,경남,0
2023-09,공공부문,소계,제주,15
2023-09,합,국민임대,전국,215
2023-09,합,국민임대,서울,0
2023-09,합,국민임대,인천,0
2023-09,합,국민임대,경기,0
2023-09,합,국민임대,부산,0
2023-09,합,국민임대,대구,0
2023-09,합,국민임대,광주,0
2023-09,합,국민임대,대전,0
2023-09,합,국민임대,울산,0
2023-09,합,국민임대,세종,0
2023-09,합,국민임대,강원,0
2023-09,합,국민임대,충북,0
2023-09,합,국민임대,충남,0
2023-09,합,국민임대,전북,0
2023-09,합,국민임대,전남,0
2023-09,합,국민임대,경북,200
2023-09,합,국민임대,경남,0
2023-09,합,국민임대,제주,15
2023-09,합,공공임대,전국,37
2023-09,합,공공임대,서울,37
2023-09,합,공공임대,인천,0
2023-09,합,공공임대,경기,0
2023-09,합,공공임대,부산,0
2023-09,합,공공임대,대구,0
2023-09,합,공공임대,광주,0
2023-09,합,공공임대,대전,0
2023-09,합,공공임대,울산,0
2023-09,합,공공임대,세종,0
2023-09,합,공공임대,강원,0
2023-09,합,공공임대,충북,0
2023-09,합,공공임대,충남,0
2023-09,합,공공임대,전북,0
2023-09,합,공공임대,전남,0
2023-09,합,공공임대,경북,0
2023-09,합,공공임대,경남,0
2023-09,합,공공임대,제주,0
2023-09,합,공공분양,전국,0
2023-09,합,공공분양,서울,0
2023-09,합,공공분양,인천,0
2023-09,합,공공분양,경기,0
2023-09,합,공공분양,부산,0
2023-09,합,공공분양,대구,0
2023-09,합,공공분양,광주,0
2023-09,합,공공분양,대전,0
2023-09,합,공공분양,울산,0
2023-09,합,공공분양,세종,0
2023-09,합,공공분양,강원,0
2023-09,합,공공분양,충북,0
2023-09,합,공공분양,충남,0
2023-09,합,공공분양,전북,0
2023-09,합,공공분양,전남,0
2023-09,합,공공분양,경북,0
2023-09,합,공공분양,경남,0
2023-09,합,공공분양,제주,0
2023-09,지자체,소계,전국,0
2023-09,지자체,소계,서울,0
2023-09,지자체,소계,인천,0
2023-09,지자체,소계,경기,0
2023-09,지자체,소계,부산,0
2023-09,지자체,소계,대구,0
2023-09,지자체,소계,광주,0
2023-09,지자체,소계,대전,0
2023-09,지자체,소계,울산,0
2023-09,지자체,소계,세종,0
2023-09,지자체,소계,강원,0
2023-09,지자체,소계,충북,0
2023-09,지자체,소계,충남,0
2023-09,지자체,소계,전북,0
2023-09,지자체,소계,전남,0
2023-09,지자체,소계,경북,0
2023-09,지자체,소계,경남,0
2023-09,지자체,소계,제주,0
2023-09,지자체,국민임대,전국,0
2023-09,지자체,국민임대,서울,0
2023-09,지자체,국민임대,인천,0
2023-09,지자체,국민임대,경기,0
2023-09,지자체,국민임대,부산,0
2023-09,지자체,국민임대,대구,0
2023-09,지자체,국민임대,광주,0
2023-09,지자체,국민임대,대전,0
2023-09,지자체,국민임대,울산,0
2023-09,지자체,국민임대,세종,0
2023-09,지자체,국민임대,강원,0
2023-09,지자체,국민임대,충북,0
2023-09,지자체,국민임대,충남,0
2023-09,지자체,국민임대,전북,0
2023-09,지자체,국민임대,전남,0
2023-09,지자체,국민임대,경북,0
2023-09,지자체,국민임대,경남,0
2023-09,지자체,국민임대,제주,0
2023-09,지자체,공공임대,전국,0
2023-09,지자체,공공임대,서울,0
2023-09,지자체,공공임대,인천,0
2023-09,지자체,공공임대,경기,0
2023-09,지자체,공공임대,부산,0
2023-09,지자체,공공임대,대구,0
2023-09,지자체,공공임대,광주,0
2023-09,지자체,공공임대,대전,0
2023-09,지자체,공공임대,울산,0
2023-09,지자체,공공임대,세종,0
2023-09,지자체,공공임대,강원,0
2023-09,지자체,공공임대,충북,0
2023-09,지자체,공공임대,충남,0
2023-09,지자체,공공임대,전북,0
2023-09,지자체,공공임대,전남,0
2023-09,지자체,공공임대,경북,0
2023-09,지자체,공공임대,경남,0
2023-09,지자체,공공임대,제주,0
2023-09,지자체,공공분양,전국,0
2023-09,지자체,공공분양,서울,0
2023-09,지자체,공공분양,인천,0
2023-09,지자체,공공분양,경기,0
2023-09,지자체,공공분양,부산,0
2023-09,지자체,공공분양,대구,0
2023-09,지자체,공공분양,광주,0
2023-09,지자체,공공분양,대전,0
2023-09,지자체,공공분양,울산,0
2023-09,지자체,공공분양,세종,0
2023-09,지자체,공공분양,강원,0
2023-09,지자체,공공분양,충북,0
2023-09,지자체,공공분양,충남,0
2023-09,지자체,공공분양,전북,0
2023-09,지자체,공공분양,전남,0
2023-09,지자체,공공분양,경북,0
2023-09,지자체,공공분양,경남,0
2023-09,지자체,공공분양,제주,0
2023-09,LH,소계,전국,200
2023-09,LH,소계,서울,0
2023-09,LH,소계,인천,0
2023-09,LH,소계,경기,0
2023-09,LH,소계,부산,0
2023-09,LH,소계,대구,0
2023-09,LH,소계,광주,0
2023-09,LH,소계,대전,0
2023-09,LH,소계,울산,0
2023-09,LH,소계,세종,0
2023-09,LH,소계,강원,0
2023-09,LH,소계,충북,0
2023-09,LH,소계,충남,0
2023-09,LH,소계,전북,0
2023-09,LH,소계,전남,0
2023-09,LH,소계,경북,200
2023-09,LH,소계,경남,0
2023-09,LH,소계,제주,0
2023-09,LH,국민임대,전국,200
2023-09,LH,국민임대,서울,0
2023-09,LH,국민임대,인천,0
2023-09,LH,국민임대,경기,0
2023-09,LH,국민임대,부산,0
2023-09,LH,국민임대,대구,0
2023-09,LH,국민임대,광주,0
2023-09,LH,국민임대,대전,0
2023-09,LH,국민임대,울산,0
2023-09,LH,국민임대,세종,0
2023-09,LH,국민임대,강원,0
2023-09,LH,국민임대,충북,0
2023-09,LH,국민임대,충남,0
2023-09,LH,국민임대,전북,0
2023-09,LH,국민임대,전남,0
2023-09,LH,국민임대,경북,200
2023-09,LH,국민임대,경남,0
2023-09,LH,국민임대,제주,0
2023-09,LH,공공임대,전국,0
2023-09,LH,공공임대,서울,0
2023-09,LH,공공임대,인천,0
2023-09,LH,공공임대,경기,0
2023-09,LH,공공임대,부산,0
2023-09,LH,공공임대,대구,0
2023-09,LH,공공임대,광주,0
2023-09,LH,공공임대,대전,0
2023-09,LH,공공임대,울산,0
2023-09,LH,공공임대,세종,0
2023-09,LH,공공임대,강원,0
2023-09,LH,공공임대,충북,0
2023-09,LH,공공임대,충남,0
2023-09,LH,공공임대,전북,0
2023-09,LH,공공임대,전남,0
2023-09,LH,공공임대,경북,0
2023-09,LH,공공임대,경남,0
2023-09,LH,공공임대,제주,0
2023-09,LH,공공분양,전국,0
2023-09,LH,공공분양,서울,0
2023-09,LH,공공분양,인천,0
2023-09,LH,공공분양,경기,0
2023-09,LH,공공분양,부산,0
2023-09,LH,공공분양,대구,0
2023-09,LH,공공분양,광주,0
2023-09,LH,공공분양,대전,0
2023-09,LH,공공분양,울산,0
2023-09,LH,공공분양,세종,0
2023-09,LH,공공분양,강원,0
2023-09,LH,공공분양,충북,0
2023-09,LH,공공분양,충남,0
2023-09,LH,공공분양,전북,0
2023-09,LH,공공분양,전남,0
2023-09,LH,공공분양,경북,0
2023-09,LH,공공분양,경남,0
2023-09,LH,공공분양,제주,0
2023-09,주택업체,소계,전국,52
2023-09,주택업체,소계,서울,37
2023-09,주택업체,소계,인천,0
2023-09,주택업체,소계,경기,0
2023-09,주택업체,소계,부산,0
2023-09,주택업체,소계,대구,0
2023-09,주택업체,소계,광주,0
2023-09,주택업체,소계,대전,0
2023-09,주택업체,소계,울산,0
2023-09,주택업체,소계,세종,0
2023-09,주택업체,소계,강원,0
2023-09,주택업체,소계,충북,0
2023-09,주택업체,소계,충남,0
2023-09,주택업체,소계,전북,0
2023-09,주택업체,소계,전남,0
2023-09,주택업체,소계,경북,0
2023-09,주택업체,소계,경남,0
2023-09,주택업체,소계,제주,15
2023-09,주택업체,국민임대,전국,15
2023-09,주택업체,국민임대,서울,0
2023-09,주택업체,국민임대,인천,0
2023-09,주택업체,국민임대,경기,0
2023-09,주택업체,국민임대,부산,0
2023-09,주택업체,국민임대,대구,0
2023-09,주택업체,국민임대,광주,0
2023-09,주택업체,국민임대,대전,0
2023-09,주택업체,국민임대,울산,0
2023-09,주택업체,국민임대,세종,0
2023-09,주택업체,국민임대,강원,0
2023-09,주택업체,국민임대,충북,0
2023-09,주택업체,국민임대,충남,0
2023-09,주택업체,국민임대,전북,0
2023-09,주택업체,국민임대,전남,0
2023-09,주택업체,국민임대,경북,0
2023-09,주택업체,국민임대,경남,0
2023-09,주택업체,국민임대,제주,15
2023-09,주택업체,공공임대,전국,37
2023-09,주택업체,공공임대,서울,37
2023-09,주택업체,공공임대,인천,0
2023-09,주택업체,공공임대,경기,0
2023-09,주택업체,공공임대,부산,0
2023-09,주택업체,공공임대,대구,0
2023-09,주택업체,공공임대,광주,0
2023-09,주택업체,공공임대,대전,0
2023-09,주택업체,공공임대,울산,0
2023-09,주택업체,공공임대,세종,0
2023-09,주택업체,공공임대,강원,0
2023-09,주택업체,공공임대,충북,0
2023-09,주택업체,공공임대,충남,0
2023-09,주택업체,공공임대,전북,0
2023-09,주택업체,공공임대,전남,0
2023-09,주택업체,공공임대,경북,0
2023-09,주택업체,공공임대,경남,0
2023-09,주택업체,공공임대,제주,0
2023-09,주택업체,공공분양,전국,0
2023-09,주택업체,공공분양,서울,0
2023-09,주택업체,공공분양,인천,0
2023-09,주택업체,공공분양,경기,0
2023-09,주택업체,공공분양,부산,0
2023-09,주택업체,공공분양,대구,0
2023-09,주택업체,공공분양,광주,0
2023-09,주택업체,공공분양,대전,0
2023-09,주택업체,공공분양,울산,0
2023-09,주택업체,공공분양,세종,0
2023-09,주택업체,공공분양,강원,0
2023-09,주택업체,공공분양,충북,0
2023-09,주택업체,공공분양,충남,0
2023-09,주택업체,공공분양,전북,0
2023-09,주택업체,공공분양,전남,0
2023-09,주택업체,공공분양,경북,0
2023-09,주택업체,공공분양,경남,0
2023-09,주택업체,공공분양,제주,0
2023-09,민간부문,소계,전국,18,385
2023-09,민간부문,소계,서울,5,028
2023-09,민간부문,소계,인천,1,478
2023-09,민간부문,소계,경기,3,504
2023-09,민간부문,소계,부산,1,090
2023-09,민간부문,소계,대구,15
2023-09,민간부문,소계,광주,2,164
2023-09,민간부문,소계,대전,34
2023-09,민간부문,소계,울산,30
2023-09,민간부문,소계,세종,9
2023-09,민간부문,소계,강원,1,583
2023-09,민간부문,소계,충북,223
2023-09,민간부문,소계,충남,674
2023-09,민간부문,소계,전북,134
2023-09,민간부문,소계,전남,246
2023-09,민간부문,소계,경북,1,612
2023-09,민간부문,소계,경남,434
2023-09,민간부문,소계,제주,127
2023-09,민간,민간임대,전국,60
2023-09,민간,민간임대,서울,0
2023-09,민간,민간임대,인천,0
2023-09,민간,민간임대,경기,0
2023-09,민간,민간임대,부산,0
2023-09,민간,민간임대,대구,0
2023-09,민간,민간임대,광주,0
2023-09,민간,민간임대,대전,0
2023-09,민간,민간임대,울산,0
2023-09,민간,민간임대,세종,0
2023-09,민간,민간임대,강원,0
2023-09,민간,민간임대,충북,0
2023-09,민간,민간임대,충남,60
2023-09,민간,민간임대,전북,0
2023-09,민간,민간임대,전남,0
2023-09,민간,민간임대,경북,0
2023-09,민간,민간임대,경남,0
2023-09,민간,민간임대,제주,0
2023-09,민간,민간분양,전국,18,325
2023-09,민간,민간분양,서울,5,028
2023-09,민간,민간분양,인천,1,478
2023-09,민간,민간분양,경기,3,504
2023-09,민간,민간분양,부산,1,090
2023-09,민간,민간분양,대구,15
2023-09,민간,민간분양,광주,2,164
2023-09,민간,민간분양,대전,34
2023-09,민간,민간분양,울산,30
2023-09,민간,민간분양,세종,9
2023-09,민간,민간분양,강원,1,583
2023-09,민간,민간분양,충북,223
2023-09,민간,민간분양,충남,614
2023-09,민간,민간분양,전북,134
2023-09,민간,민간분양,전남,246
2023-09,민간,민간분양,경북,1,612
2023-09,민간,민간분양,경남,434
2023-09,민간,민간분양,제주,127
2023-10,총계,총계,전국,22,739
2023-10,총계,총계,서울,4,350
2023-10,총계,총계,인천,998
2023-10,총계,총계,경기,5,948
2023-10,총계,총계,부산,3,649
2023-10,총계,총계,대구,14
2023-10,총계,총계,광주,491
2023-10,총계,총계,대전,949
2023-10,총계,총계,울산,1,456
2023-10,총계,총계,세종,10
2023-10,총계,총계,강원,875
2023-10,총계,총계,충북,255
2023-10,총계,총계,충남,1,920
2023-10,총계,총계,전북,865
2023-10,총계,총계,전남,317
2023-10,총계,총계,경북,268
2023-10,총계,총계,경남,207
2023-10,총계,총계,제주,167
2023-10,공공부문,소계,전국,460
2023-10,공공부문,소계,서울,0
2023-10,공공부문,소계,인천,0
2023-10,공공부문,소계,경기,0
2023-10,공공부문,소계,부산,0
2023-10,공공부문,소계,대구,0
2023-10,공공부문,소계,광주,460
2023-10,공공부문,소계,대전,0
2023-10,공공부문,소계,울산,0
2023-10,공공부문,소계,세종,0
2023-10,공공부문,소계,강원,0
2023-10,공공부문,소계,충북,0
2023-10,공공부문,소계,충남,0
2023-10,공공부문,소계,전북,0
2023-10,공공부문,소계,전남,0
2023-10,공공부문,소계,경북,0
2023-10,공공부문,소계,경남,0
2023-10,공공부문,소계,제주,0
2023-10,합,국민임대,전국,0
2023-10,합,국민임대,서울,0
2023-10,합,국민임대,인천,0
2023-10,합,국민임대,경기,0
2023-10,합,국민임대,부산,0
2023-10,합,국민임대,대구,0
2023-10,합,국민임대,광주,0
2023-10,합,국민임대,대전,0
2023-10,합,국민임대,울산,0
2023-10,합,국민임대,세종,0
2023-10,합,국민임대,강원,0
2023-10,합,국민임대,충북,0
2023-10,합,국민임대,충남,0
2023-10,합,국민임대,전북,0
2023-10,합,국민임대,전남,0
2023-10,합,국민임대,경북,0
2023-10,합,국민임대,경남,0
2023-10,합,국민임대,제주,0
2023-10,합,공공임대,전국,460
2023-10,합,공공임대,서울,0
2023-10,합,공공임대,인천,0
2023-10,합,공공임대,경기,0
2023-10,합,공공임대,부산,0
2023-10,합,공공임대,대구,0
2023-10,합,공공임대,광주,460
2023-10,합,공공임대,대전,0
2023-10,합,공공임대,울산,0
2023-10,합,공공임대,세종,0
2023-10,합,공공임대,강원,0
2023-10,합,공공임대,충북,0
2023-10,합,공공임대,충남,0
2023-10,합,공공임대,전북,0
2023-10,합,공공임대,전남,0
2023-10,합,공공임대,경북,0
2023-10,합,공공임대,경남,0
2023-10,합,공공임대,제주,0
2023-10,합,공공분양,전국,0
2023-10,합,공공분양,서울,0
2023-10,합,공공분양,인천,0
2023-10,합,공공분양,경기,0
2023-10,합,공공분양,부산,0
2023-10,합,공공분양,대구,0
2023-10,합,공공분양,광주,0
2023-10,합,공공분양,대전,0
2023-10,합,공공분양,울산,0
2023-10,합,공공분양,세종,0
2023-10,합,공공분양,강원,0
2023-10,합,공공분양,충북,0
2023-10,합,공공분양,충남,0
2023-10,합,공공분양,전북,0
2023-10,합,공공분양,전남,0
2023-10,합,공공분양,경북,0
2023-10,합,공공분양,경남,0
2023-10,합,공공분양,제주,0
2023-10,지자체,소계,전국,460
2023-10,지자체,소계,서울,0
2023-10,지자체,소계,인천,0
2023-10,지자체,소계,경기,0
2023-10,지자체,소계,부산,0
2023-10,지자체,소계,대구,0
2023-10,지자체,소계,광주,460
2023-10,지자체,소계,대전,0
2023-10,지자체,소계,울산,0
2023-10,지자체,소계,세종,0
2023-10,지자체,소계,강원,0
2023-10,지자체,소계,충북,0
2023-10,지자체,소계,충남,0
2023-10,지자체,소계,전북,0
2023-10,지자체,소계,전남,0
2023-10,지자체,소계,경북,0
2023-10,지자체,소계,경남,0
2023-10,지자체,소계,제주,0
2023-10,지자체,국민임대,전국,0
2023-10,지자체,국민임대,서울,0
2023-10,지자체,국민임대,인천,0
2023-10,지자체,국민임대,경기,0
2023-10,지자체,국민임대,부산,0
2023-10,지자체,국민임대,대구,0
2023-10,지자체,국민임대,광주,0
2023-10,지자체,국민임대,대전,0
2023-10,지자체,국민임대,울산,0
2023-10,지자체,국민임대,세종,0
2023-10,지자체,국민임대,강원,0
2023-10,지자체,국민임대,충북,0
2023-10,지자체,국민임대,충남,0
2023-10,지자체,국민임대,전북,0
2023-10,지자체,국민임대,전남,0
2023-10,지자체,국민임대,경북,0
2023-10,지자체,국민임대,경남,0
2023-10,지자체,국민임대,제주,0
2023-10,지자체,공공임대,전국,460
2023-10,지자체,공공임대,서울,0
2023-10,지자체,공공임대,인천,0
2023-10,지자체,공공임대,경기,0
2023-10,지자체,공공임대,부산,0
2023-10,지자체,공공임대,대구,0
2023-10,지자체,공공임대,광주,460
2023-10,지자체,공공임대,대전,0
2023-10,지자체,공공임대,울산,0
2023-10,지자체,공공임대,세종,0
2023-10,지자체,공공임대,강원,0
2023-10,지자체,공공임대,충북,0
2023-10,지자체,공공임대,충남,0
2023-10,지자체,공공임대,전북,0
2023-10,지자체,공공임대,전남,0
2023-10,지자체,공공임대,경북,0
2023-10,지자체,공공임대,경남,0
2023-10,지자체,공공임대,제주,0
2023-10,지자체,공공분양,전국,0
2023-10,지자체,공공분양,서울,0
2023-10,지자체,공공분양,인천,0
2023-10,지자체,공공분양,경기,0
2023-10,지자체,공공분양,부산,0
2023-10,지자체,공공분양,대구,0
2023-10,지자체,공공분양,광주,0
2023-10,지자체,공공분양,대전,0
2023-10,지자체,공공분양,울산,0
2023-10,지자체,공공분양,세종,0
2023-10,지자체,공공분양,강원,0
2023-10,지자체,공공분양,충북,0
2023-10,지자체,공공분양,충남,0
2023-10,지자체,공공분양,전북,0
2023-10,지자체,공공분양,전남,0
2023-10,지자체,공공분양,경북,0
2023-10,지자체,공공분양,경남,0
2023-10,지자체,공공분양,제주,0
2023-10,LH,소계,전국,0
2023-10,LH,소계,서울,0
2023-10,LH,소계,인천,0
2023-10,LH,소계,경기,0
2023-10,LH,소계,부산,0
2023-10,LH,소계,대구,0
2023-10,LH,소계,광주,0
2023-10,LH,소계,대전,0
2023-10,LH,소계,울산,0
2023-10,LH,소계,세종,0
2023-10,LH,소계,강원,0
2023-10,LH,소계,충북,0
2023-10,LH,소계,충남,0
2023-10,LH,소계,전북,0
2023-10,LH,소계,전남,0
2023-10,LH,소계,경북,0
2023-10,LH,소계,경남,0
2023-10,LH,소계,제주,0
2023-10,LH,국민임대,전국,0
2023-10,LH,국민임대,서울,0
2023-10,LH,국민임대,인천,0
2023-10,LH,국민임대,경기,0
2023-10,LH,국민임대,부산,0
2023-10,LH,국민임대,대구,0
2023-10,LH,국민임대,광주,0
2023-10,LH,국민임대,대전,0
2023-10,LH,국민임대,울산,0
2023-10,LH,국민임대,세종,0
2023-10,LH,국민임대,강원,0
2023-10,LH,국민임대,충북,0
2023-10,LH,국민임대,충남,0
2023-10,LH,국민임대,전북,0
2023-10,LH,국민임대,전남,0
2023-10,LH,국민임대,경북,0
2023-10,LH,국민임대,경남,0
2023-10,LH,국민임대,제주,0
2023-10,LH,공공임대,전국,0
2023-10,LH,공공임대,서울,0
2023-10,LH,공공임대,인천,0
2023-10,LH,공공임대,경기,0
2023-10,LH,공공임대,부산,0
2023-10,LH,공공임대,대구,0
2023-10,LH,공공임대,광주,0
2023-10,LH,공공임대,대전,0
2023-10,LH,공공임대,울산,0
2023-10,LH,공공임대,세종,0
2023-10,LH,공공임대,강원,0
2023-10,LH,공공임대,충북,0
2023-10,LH,공공임대,충남,0
2023-10,LH,공공임대,전북,0
2023-10,LH,공공임대,전남,0
2023-10,LH,공공임대,경북,0
2023-10,LH,공공임대,경남,0
2023-10,LH,공공임대,제주,0
2023-10,LH,공공분양,전국,0
2023-10,LH,공공분양,서울,0
2023-10,LH,공공분양,인천,0
2023-10,LH,공공분양,경기,0
2023-10,LH,공공분양,부산,0
2023-10,LH,공공분양,대구,0
2023-10,LH,공공분양,광주,0
2023-10,LH,공공분양,대전,0
2023-10,LH,공공분양,울산,0
2023-10,LH,공공분양,세종,0
2023-10,LH,공공분양,강원,0
2023-10,LH,공공분양,충북,0
2023-10,LH,공공분양,충남,0
2023-10,LH,공공분양,전북,0
2023-10,LH,공공분양,전남,0
2023-10,LH,공공분양,경북,0
2023-10,LH,공공분양,경남,0
2023-10,LH,공공분양,제주,0
2023-10,주택업체,소계,전국,0
2023-10,주택업체,소계,서울,0
2023-10,주택업체,소계,인천,0
2023-10,주택업체,소계,경기,0
2023-10,주택업체,소계,부산,0
2023-10,주택업체,소계,대구,0
2023-10,주택업체,소계,광주,0
2023-10,주택업체,소계,대전,0
2023-10,주택업체,소계,울산,0
2023-10,주택업체,소계,세종,0
2023-10,주택업체,소계,강원,0
2023-10,주택업체,소계,충북,0
2023-10,주택업체,소계,충남,0
2023-10,주택업체,소계,전북,0
2023-10,주택업체,소계,전남,0
2023-10,주택업체,소계,경북,0
2023-10,주택업체,소계,경남,0
2023-10,주택업체,소계,제주,0
2023-10,주택업체,국민임대,전국,0
2023-10,주택업체,국민임대,서울,0
2023-10,주택업체,국민임대,인천,0
2023-10,주택업체,국민임대,경기,0
2023-10,주택업체,국민임대,부산,0
2023-10,주택업체,국민임대,대구,0
2023-10,주택업체,국민임대,광주,0
2023-10,주택업체,국민임대,대전,0
2023-10,주택업체,국민임대,울산,0
2023-10,주택업체,국민임대,세종,0
2023-10,주택업체,국민임대,강원,0
2023-10,주택업체,국민임대,충북,0
2023-10,주택업체,국민임대,충남,0
2023-10,주택업체,국민임대,전북,0
2023-10,주택업체,국민임대,전남,0
2023-10,주택업체,국민임대,경북,0
2023-10,주택업체,국민임대,경남,0
2023-10,주택업체,국민임대,제주,0
2023-10,주택업체,공공임대,전국,0
2023-10,주택업체,공공임대,서울,0
2023-10,주택업체,공공임대,인천,0
2023-10,주택업체,공공임대,경기,0
2023-10,주택업체,공공임대,부산,0
2023-10,주택업체,공공임대,대구,0
2023-10,주택업체,공공임대,광주,0
2023-10,주택업체,공공임대,대전,0
2023-10,주택업체,공공임대,울산,0
2023-10,주택업체,공공임대,세종,0
2023-10,주택업체,공공임대,강원,0
2023-10,주택업체,공공임대,충북,0
2023-10,주택업체,공공임대,충남,0
2023-10,주택업체,공공임대,전북,0
2023-10,주택업체,공공임대,전남,0
2023-10,주택업체,공공임대,경북,0
2023-10,주택업체,공공임대,경남,0
2023-10,주택업체,공공임대,제주,0
2023-10,주택업체,공공분양,전국,0
2023-10,주택업체,공공분양,서울,0
2023-10,주택업체,공공분양,인천,0
2023-10,주택업체,공공분양,경기,0
2023-10,주택업체,공공분양,부산,0
2023-10,주택업체,공공분양,대구,0
2023-10,주택업체,공공분양,광주,0
2023-10,주택업체,공공분양,대전,0
2023-10,주택업체,공공분양,울산,0
2023-10,주택업체,공공분양,세종,0
2023-10,주택업체,공공분양,강원,0
2023-10,주택업체,공공분양,충북,0
2023-10,주택업체,공공분양,충남,0
2023-10,주택업체,공공분양,전북,0
2023-10,주택업체,공공분양,전남,0
2023-10,주택업체,공공분양,경북,0
2023-10,주택업체,공공분양,경남,0
2023-10,주택업체,공공분양,제주,0
2023-10,민간부문,소계,전국,22,279
2023-10,민간부문,소계,서울,4,350
2023-10,민간부문,소계,인천,998
2023-10,민간부문,소계,경기,5,948
2023-10,민간부문,소계,부산,3,649
2023-10,민간부문,소계,대구,14
2023-10,민간부문,소계,광주,31
2023-10,민간부문,소계,대전,949
2023-10,민간부문,소계,울산,1,456
2023-10,민간부문,소계,세종,10
2023-10,민간부문,소계,강원,875
2023-10,민간부문,소계,충북,255
2023-10,민간부문,소계,충남,1,920
2023-10,민간부문,소계,전북,865
2023-10,민간부문,소계,전남,317
2023-10,민간부문,소계,경북,268
2023-10,민간부문,소계,경남,207
2023-10,민간부문,소계,제주,167
2023-10,민간,민간임대,전국,525
2023-10,민간,민간임대,서울,381
2023-10,민간,민간임대,인천,80
2023-10,민간,민간임대,경기,0
2023-10,민간,민간임대,부산,0
2023-10,민간,민간임대,대구,0
2023-10,민간,민간임대,광주,0
2023-10,민간,민간임대,대전,0
2023-10,민간,민간임대,울산,0
2023-10,민간,민간임대,세종,0
2023-10,민간,민간임대,강원,0
2023-10,민간,민간임대,충북,0
2023-10,민간,민간임대,충남,0
2023-10,민간,민간임대,전북,0
2023-10,민간,민간임대,전남,0
2023-10,민간,민간임대,경북,0
2023-10,민간,민간임대,경남,0
2023-10,민간,민간임대,제주,64
2023-10,민간,민간분양,전국,21,754
2023-10,민간,민간분양,서울,3,969
2023-10,민간,민간분양,인천,918
2023-10,민간,민간분양,경기,5,948
2023-10,민간,민간분양,부산,3,649
2023-10,민간,민간분양,대구,14
2023-10,민간,민간분양,광주,31
2023-10,민간,민간분양,대전,949
2023-10,민간,민간분양,울산,1,456
2023-10,민간,민간분양,세종,10
2023-10,민간,민간분양,강원,875
2023-10,민간,민간분양,충북,255
2023-10,민간,민간분양,충남,1,920
2023-10,민간,민간분양,전북,865
2023-10,민간,민간분양,전남,317
2023-10,민간,민간분양,경북,268
2023-10,민간,민간분양,경남,207
2023-10,민간,민간분양,제주,103
2023-11,총계,총계,전국,35,627
2023-11,총계,총계,서울,6,288
2023-11,총계,총계,인천,4,368
2023-11,총계,총계,경기,7,970
2023-11,총계,총계,부산,1,113
2023-11,총계,총계,대구,20
2023-11,총계,총계,광주,17
2023-11,총계,총계,대전,855
2023-11,총계,총계,울산,566
2023-11,총계,총계,세종,7
2023-11,총계,총계,강원,831
2023-11,총계,총계,충북,2,422
2023-11,총계,총계,충남,3,989
2023-11,총계,총계,전북,2,312
2023-11,총계,총계,전남,419
2023-11,총계,총계,경북,1,961
2023-11,총계,총계,경남,2,084
2023-11,총계,총계,제주,405
2023-11,공공부문,소계,전국,2,109
2023-11,공공부문,소계,서울,651
2023-11,공공부문,소계,인천,1,458
2023-11,공공부문,소계,경기,0
2023-11,공공부문,소계,부산,0
2023-11,공공부문,소계,대구,0
2023-11,공공부문,소계,광주,0
2023-11,공공부문,소계,대전,0
2023-11,공공부문,소계,울산,0
2023-11,공공부문,소계,세종,0
2023-11,공공부문,소계,강원,0
2023-11,공공부문,소계,충북,0
2023-11,공공부문,소계,충남,0
2023-11,공공부문,소계,전북,0
2023-11,공공부문,소계,전남,0
2023-11,공공부문,소계,경북,0
2023-11,공공부문,소계,경남,0
2023-11,공공부문,소계,제주,0
2023-11,합,국민임대,전국,0
2023-11,합,국민임대,서울,0
2023-11,합,국민임대,인천,0
2023-11,합,국민임대,경기,0
2023-11,합,국민임대,부산,0
2023-11,합,국민임대,대구,0
2023-11,합,국민임대,광주,0
2023-11,합,국민임대,대전,0
2023-11,합,국민임대,울산,0
2023-11,합,국민임대,세종,0
2023-11,합,국민임대,강원,0
2023-11,합,국민임대,충북,0
2023-11,합,국민임대,충남,0
2023-11,합,국민임대,전북,0
2023-11,합,국민임대,전남,0
2023-11,합,국민임대,경북,0
2023-11,합,국민임대,경남,0
2023-11,합,국민임대,제주,0
2023-11,합,공공임대,전국,74
2023-11,합,공공임대,서울,74
2023-11,합,공공임대,인천,0
2023-11,합,공공임대,경기,0
2023-11,합,공공임대,부산,0
2023-11,합,공공임대,대구,0
2023-11,합,공공임대,광주,0
2023-11,합,공공임대,대전,0
2023-11,합,공공임대,울산,0
2023-11,합,공공임대,세종,0
2023-11,합,공공임대,강원,0
2023-11,합,공공임대,충북,0
2023-11,합,공공임대,충남,0
2023-11,합,공공임대,전북,0
2023-11,합,공공임대,전남,0
2023-11,합,공공임대,경북,0
2023-11,합,공공임대,경남,0
2023-11,합,공공임대,제주,0
2023-11,합,공공분양,전국,2,035
2023-11,합,공공분양,서울,577
2023-11,합,공공분양,인천,1,458
2023-11,합,공공분양,경기,0
2023-11,합,공공분양,부산,0
2023-11,합,공공분양,대구,0
2023-11,합,공공분양,광주,0
2023-11,합,공공분양,대전,0
2023-11,합,공공분양,울산,0
2023-11,합,공공분양,세종,0
2023-11,합,공공분양,강원,0
2023-11,합,공공분양,충북,0
2023-11,합,공공분양,충남,0
2023-11,합,공공분양,전북,0
2023-11,합,공공분양,전남,0
2023-11,합,공공분양,경북,0
2023-11,합,공공분양,경남,0
2023-11,합,공공분양,제주,0
2023-11,지자체,소계,전국,2,035
2023-11,지자체,소계,서울,577
2023-11,지자체,소계,인천,1,458
2023-11,지자체,소계,경기,0
2023-11,지자체,소계,부산,0
2023-11,지자체,소계,대구,0
2023-11,지자체,소계,광주,0
2023-11,지자체,소계,대전,0
2023-11,지자체,소계,울산,0
2023-11,지자체,소계,세종,0
2023-11,지자체,소계,강원,0
2023-11,지자체,소계,충북,0
2023-11,지자체,소계,충남,0
2023-11,지자체,소계,전북,0
2023-11,지자체,소계,전남,0
2023-11,지자체,소계,경북,0
2023-11,지자체,소계,경남,0
2023-11,지자체,소계,제주,0
2023-11,지자체,국민임대,전국,0
2023-11,지자체,국민임대,서울,0
2023-11,지자체,국민임대,인천,0
2023-11,지자체,국민임대,경기,0
2023-11,지자체,국민임대,부산,0
2023-11,지자체,국민임대,대구,0
2023-11,지자체,국민임대,광주,0
2023-11,지자체,국민임대,대전,0
2023-11,지자체,국민임대,울산,0
2023-11,지자체,국민임대,세종,0
2023-11,지자체,국민임대,강원,0
2023-11,지자체,국민임대,충북,0
2023-11,지자체,국민임대,충남,0
2023-11,지자체,국민임대,전북,0
2023-11,지자체,국민임대,전남,0
2023-11,지자체,국민임대,경북,0
2023-11,지자체,국민임대,경남,0
2023-11,지자체,국민임대,제주,0
2023-11,지자체,공공임대,전국,0
2023-11,지자체,공공임대,서울,0
2023-11,지자체,공공임대,인천,0
2023-11,지자체,공공임대,경기,0
2023-11,지자체,공공임대,부산,0
2023-11,지자체,공공임대,대구,0
2023-11,지자체,공공임대,광주,0
2023-11,지자체,공공임대,대전,0
2023-11,지자체,공공임대,울산,0
2023-11,지자체,공공임대,세종,0
2023-11,지자체,공공임대,강원,0
2023-11,지자체,공공임대,충북,0
2023-11,지자체,공공임대,충남,0
2023-11,지자체,공공임대,전북,0
2023-11,지자체,공공임대,전남,0
2023-11,지자체,공공임대,경북,0
2023-11,지자체,공공임대,경남,0
2023-11,지자체,공공임대,제주,0
2023-11,지자체,공공분양,전국,2,035
2023-11,지자체,공공분양,서울,577
2023-11,지자체,공공분양,인천,1,458
2023-11,지자체,공공분양,경기,0
2023-11,지자체,공공분양,부산,0
2023-11,지자체,공공분양,대구,0
2023-11,지자체,공공분양,광주,0
2023-11,지자체,공공분양,대전,0
2023-11,지자체,공공분양,울산,0
2023-11,지자체,공공분양,세종,0
2023-11,지자체,공공분양,강원,0
2023-11,지자체,공공분양,충북,0
2023-11,지자체,공공분양,충남,0
2023-11,지자체,공공분양,전북,0
2023-11,지자체,공공분양,전남,0
2023-11,지자체,공공분양,경북,0
2023-11,지자체,공공분양,경남,0
2023-11,지자체,공공분양,제주,0
2023-11,LH,소계,전국,0
2023-11,LH,소계,서울,0
2023-11,LH,소계,인천,0
2023-11,LH,소계,경기,0
2023-11,LH,소계,부산,0
2023-11,LH,소계,대구,0
2023-11,LH,소계,광주,0
2023-11,LH,소계,대전,0
2023-11,LH,소계,울산,0
2023-11,LH,소계,세종,0
2023-11,LH,소계,강원,0
2023-11,LH,소계,충북,0
2023-11,LH,소계,충남,0
2023-11,LH,소계,전북,0
2023-11,LH,소계,전남,0
2023-11,LH,소계,경북,0
2023-11,LH,소계,경남,0
2023-11,LH,소계,제주,0
2023-11,LH,국민임대,전국,0
2023-11,LH,국민임대,서울,0
2023-11,LH,국민임대,인천,0
2023-11,LH,국민임대,경기,0
2023-11,LH,국민임대,부산,0
2023-11,LH,국민임대,대구,0
2023-11,LH,국민임대,광주,0
2023-11,LH,국민임대,대전,0
2023-11,LH,국민임대,울산,0
2023-11,LH,국민임대,세종,0
2023-11,LH,국민임대,강원,0
2023-11,LH,국민임대,충북,0
2023-11,LH,국민임대,충남,0
2023-11,LH,국민임대,전북,0
2023-11,LH,국민임대,전남,0
2023-11,LH,국민임대,경북,0
2023-11,LH,국민임대,경남,0
2023-11,LH,국민임대,제주,0
2023-11,LH,공공임대,전국,0
2023-11,LH,공공임대,서울,0
2023-11,LH,공공임대,인천,0
2023-11,LH,공공임대,경기,0
2023-11,LH,공공임대,부산,0
2023-11,LH,공공임대,대구,0
2023-11,LH,공공임대,광주,0
2023-11,LH,공공임대,대전,0
2023-11,LH,공공임대,울산,0
2023-11,LH,공공임대,세종,0
2023-11,LH,공공임대,강원,0
2023-11,LH,공공임대,충북,0
2023-11,LH,공공임대,충남,0
2023-11,LH,공공임대,전북,0
2023-11,LH,공공임대,전남,0
2023-11,LH,공공임대,경북,0
2023-11,LH,공공임대,경남,0
2023-11,LH,공공임대,제주,0
2023-11,LH,공공분양,전국,0
2023-11,LH,공공분양,서울,0
2023-11,LH,공공분양,인천,0
2023-11,LH,공공분양,경기,0
2023-11,LH,공공분양,부산,0
2023-11,LH,공공분양,대구,0
2023-11,LH,공공분양,광주,0
2023-11,LH,공공분양,대전,0
2023-11,LH,공공분양,울산,0
2023-11,LH,공공분양,세종,0
2023-11,LH,공공분양,강원,0
2023-11,LH,공공분양,충북,0
2023-11,LH,공공분양,충남,0
2023-11,LH,공공분양,전북,0
2023-11,LH,공공분양,전남,0
2023-11,LH,공공분양,경북,0
2023-11,LH,공공분양,경남,0
2023-11,LH,공공분양,제주,0
2023-11,주택업체,소계,전국,74
2023-11,주택업체,소계,서울,74
2023-11,주택업체,소계,인천,0
2023-11,주택업체,소계,경기,0
2023-11,주택업체,소계,부산,0
2023-11,주택업체,소계,대구,0
2023-11,주택업체,소계,광주,0
2023-11,주택업체,소계,대전,0
2023-11,주택업체,소계,울산,0
2023-11,주택업체,소계,세종,0
2023-11,주택업체,소계,강원,0
2023-11,주택업체,소계,충북,0
2023-11,주택업체,소계,충남,0
2023-11,주택업체,소계,전북,0
2023-11,주택업체,소계,전남,0
2023-11,주택업체,소계,경북,0
2023-11,주택업체,소계,경남,0
2023-11,주택업체,소계,제주,0
2023-11,주택업체,국민임대,전국,0
2023-11,주택업체,국민임대,서울,0
2023-11,주택업체,국민임대,인천,0
2023-11,주택업체,국민임대,경기,0
2023-11,주택업체,국민임대,부산,0
2023-11,주택업체,국민임대,대구,0
2023-11,주택업체,국민임대,광주,0
2023-11,주택업체,국민임대,대전,0
2023-11,주택업체,국민임대,울산,0
2023-11,주택업체,국민임대,세종,0
2023-11,주택업체,국민임대,강원,0
2023-11,주택업체,국민임대,충북,0
2023-11,주택업체,국민임대,충남,0
2023-11,주택업체,국민임대,전북,0
2023-11,주택업체,국민임대,전남,0
2023-11,주택업체,국민임대,경북,0
2023-11,주택업체,국민임대,경남,0
2023-11,주택업체,국민임대,제주,0
2023-11,주택업체,공공임대,전국,74
2023-11,주택업체,공공임대,서울,74
2023-11,주택업체,공공임대,인천,0
2023-11,주택업체,공공임대,경기,0
2023-11,주택업체,공공임대,부산,0
2023-11,주택업체,공공임대,대구,0
2023-11,주택업체,공공임대,광주,0
2023-11,주택업체,공공임대,대전,0
2023-11,주택업체,공공임대,울산,0
2023-11,주택업체,공공임대,세종,0
2023-11,주택업체,공공임대,강원,0
2023-11,주택업체,공공임대,충북,0
2023-11,주택업체,공공임대,충남,0
2023-11,주택업체,공공임대,전북,0
2023-11,주택업체,공공임대,전남,0
2023-11,주택업체,공공임대,경북,0
2023-11,주택업체,공공임대,경남,0
2023-11,주택업체,공공임대,제주,0
2023-11,주택업체,공공분양,전국,0
2023-11,주택업체,공공분양,서울,0
2023-11,주택업체,공공분양,인천,0
2023-11,주택업체,공공분양,경기,0
2023-11,주택업체,공공분양,부산,0
2023-11,주택업체,공공분양,대구,0
2023-11,주택업체,공공분양,광주,0
2023-11,주택업체,공공분양,대전,0
2023-11,주택업체,공공분양,울산,0
2023-11,주택업체,공공분양,세종,0
2023-11,주택업체,공공분양,강원,0
2023-11,주택업체,공공분양,충북,0
2023-11,주택업체,공공분양,충남,0
2023-11,주택업체,공공분양,전북,0
2023-11,주택업체,공공분양,전남,0
2023-11,주택업체,공공분양,경북,0
2023-11,주택업체,공공분양,경남,0
2023-11,주택업체,공공분양,제주,0
2023-11,민간부문,소계,전국,33,518
2023-11,민간부문,소계,서울,5,637
2023-11,민간부문,소계,인천,2,910
2023-11,민간부문,소계,경기,7,970
2023-11,민간부문,소계,부산,1,113
2023-11,민간부문,소계,대구,20
2023-11,민간부문,소계,광주,17
2023-11,민간부문,소계,대전,855
2023-11,민간부문,소계,울산,566
2023-11,민간부문,소계,세종,7
2023-11,민간부문,소계,강원,831
2023-11,민간부문,소계,충북,2,422
2023-11,민간부문,소계,충남,3,989
2023-11,민간부문,소계,전북,2,312
2023-11,민간부문,소계,전남,419
2023-11,민간부문,소계,경북,1,961
2023-11,민간부문,소계,경남,2,084
2023-11,민간부문,소계,제주,405
2023-11,민간,민간임대,전국,2,819
2023-11,민간,민간임대,서울,596
2023-11,민간,민간임대,인천,0
2023-11,민간,민간임대,경기,0
2023-11,민간,민간임대,부산,0
2023-11,민간,민간임대,대구,0
2023-11,민간,민간임대,광주,0
2023-11,민간,민간임대,대전,0
2023-11,민간,민간임대,울산,0
2023-11,민간,민간임대,세종,0
2023-11,민간,민간임대,강원,0
2023-11,민간,민간임대,충북,70
2023-11,민간,민간임대,충남,36
2023-11,민간,민간임대,전북,0
2023-11,민간,민간임대,전남,0
2023-11,민간,민간임대,경북,0
2023-11,민간,민간임대,경남,1,862
2023-11,민간,민간임대,제주,255
2023-11,민간,민간분양,전국,30,699
2023-11,민간,민간분양,서울,5,041
2023-11,민간,민간분양,인천,2,910
2023-11,민간,민간분양,경기,7,970
2023-11,민간,민간분양,부산,1,113
2023-11,민간,민간분양,대구,20
2023-11,민간,민간분양,광주,17
2023-11,민간,민간분양,대전,855
2023-11,민간,민간분양,울산,566
2023-11,민간,민간분양,세종,7
2023-11,민간,민간분양,강원,831
2023-11,민간,민간분양,충북,2,352
2023-11,민간,민간분양,충남,3,953
2023-11,민간,민간분양,전북,2,312
2023-11,민간,민간분양,전남,419
2023-11,민간,민간분양,경북,1,961
2023-11,민간,민간분양,경남,222
2023-11,민간,민간분양,제주,150
2023-12,총계,총계,전국,43,944
2023-12,총계,총계,서울,874
2023-12,총계,총계,인천,3,976
2023-12,총계,총계,경기,14,250
2023-12,총계,총계,부산,4,293
2023-12,총계,총계,대구,7
2023-12,총계,총계,광주,6,887
2023-12,총계,총계,대전,2,544
2023-12,총계,총계,울산,2,684
2023-12,총계,총계,세종,7
2023-12,총계,총계,강원,813
2023-12,총계,총계,충북,237
2023-12,총계,총계,충남,348
2023-12,총계,총계,전북,1,561
2023-12,총계,총계,전남,1,582
2023-12,총계,총계,경북,311
2023-12,총계,총계,경남,3,432
2023-12,총계,총계,제주,138
2023-12,공공부문,소계,전국,7,767
2023-12,공공부문,소계,서울,0
2023-12,공공부문,소계,인천,2,425
2023-12,공공부문,소계,경기,4,152
2023-12,공공부문,소계,부산,960
2023-12,공공부문,소계,대구,0
2023-12,공공부문,소계,광주,0
2023-12,공공부문,소계,대전,0
2023-12,공공부문,소계,울산,0
2023-12,공공부문,소계,세종,0
2023-12,공공부문,소계,강원,150
2023-12,공공부문,소계,충북,80
2023-12,공공부문,소계,충남,0
2023-12,공공부문,소계,전북,0
2023-12,공공부문,소계,전남,0
2023-12,공공부문,소계,경북,0
2023-12,공공부문,소계,경남,0
2023-12,공공부문,소계,제주,0
2023-12,합,국민임대,전국,180
2023-12,합,국민임대,서울,0
2023-12,합,국민임대,인천,150
2023-12,합,국민임대,경기,0
2023-12,합,국민임대,부산,0
2023-12,합,국민임대,대구,0
2023-12,합,국민임대,광주,0
2023-12,합,국민임대,대전,0
2023-12,합,국민임대,울산,0
2023-12,합,국민임대,세종,0
2023-12,합,국민임대,강원,30
2023-12,합,국민임대,충북,0
2023-12,합,국민임대,충남,0
2023-12,합,국민임대,전북,0
2023-12,합,국민임대,전남,0
2023-12,합,국민임대,경북,0
2023-12,합,국민임대,경남,0
2023-12,합,국민임대,제주,0
2023-12,합,공공임대,전국,2,656
2023-12,합,공공임대,서울,0
2023-12,합,공공임대,인천,1,169
2023-12,합,공공임대,경기,1,287
2023-12,합,공공임대,부산,0
2023-12,합,공공임대,대구,0
2023-12,합,공공임대,광주,0
2023-12,합,공공임대,대전,0
2023-12,합,공공임대,울산,0
2023-12,합,공공임대,세종,0
2023-12,합,공공임대,강원,120
2023-12,합,공공임대,충북,80
2023-12,합,공공임대,충남,0
2023-12,합,공공임대,전북,0
2023-12,합,공공임대,전남,0
2023-12,합,공공임대,경북,0
2023-12,합,공공임대,경남,0
2023-12,합,공공임대,제주,0
2023-12,합,공공분양,전국,4,931
2023-12,합,공공분양,서울,0
2023-12,합,공공분양,인천,1,106
2023-12,합,공공분양,경기,2,865
2023-12,합,공공분양,부산,960
2023-12,합,공공분양,대구,0
2023-12,합,공공분양,광주,0
2023-12,합,공공분양,대전,0
2023-12,합,공공분양,울산,0
2023-12,합,공공분양,세종,0
2023-12,합,공공분양,강원,0
2023-12,합,공공분양,충북,0
2023-12,합,공공분양,충남,0
2023-12,합,공공분양,전북,0
2023-12,합,공공분양,전남,0
2023-12,합,공공분양,경북,0
2023-12,합,공공분양,경남,0
2023-12,합,공공분양,제주,0
2023-12,지자체,소계,전국,0
2023-12,지자체,소계,서울,0
2023-12,지자체,소계,인천,0
2023-12,지자체,소계,경기,0
2023-12,지자체,소계,부산,0
2023-12,지자체,소계,대구,0
2023-12,지자체,소계,광주,0
2023-12,지자체,소계,대전,0
2023-12,지자체,소계,울산,0
2023-12,지자체,소계,세종,0
2023-12,지자체,소계,강원,0
2023-12,지자체,소계,충북,0
2023-12,지자체,소계,충남,0
2023-12,지자체,소계,전북,0
2023-12,지자체,소계,전남,0
2023-12,지자체,소계,경북,0
2023-12,지자체,소계,경남,0
2023-12,지자체,소계,제주,0
2023-12,지자체,국민임대,전국,0
2023-12,지자체,국민임대,서울,0
2023-12,지자체,국민임대,인천,0
2023-12,지자체,국민임대,경기,0
2023-12,지자체,국민임대,부산,0
2023-12,지자체,국민임대,대구,0
2023-12,지자체,국민임대,광주,0
2023-12,지자체,국민임대,대전,0
2023-12,지자체,국민임대,울산,0
2023-12,지자체,국민임대,세종,0
2023-12,지자체,국민임대,강원,0
2023-12,지자체,국민임대,충북,0
2023-12,지자체,국민임대,충남,0
2023-12,지자체,국민임대,전북,0
2023-12,지자체,국민임대,전남,0
2023-12,지자체,국민임대,경북,0
2023-12,지자체,국민임대,경남,0
2023-12,지자체,국민임대,제주,0
2023-12,지자체,공공임대,전국,0
2023-12,지자체,공공임대,서울,0
2023-12,지자체,공공임대,인천,0
2023-12,지자체,공공임대,경기,0
2023-12,지자체,공공임대,부산,0
2023-12,지자체,공공임대,대구,0
2023-12,지자체,공공임대,광주,0
2023-12,지자체,공공임대,대전,0
2023-12,지자체,공공임대,울산,0
2023-12,지자체,공공임대,세종,0
2023-12,지자체,공공임대,강원,0
2023-12,지자체,공공임대,충북,0
2023-12,지자체,공공임대,충남,0
2023-12,지자체,공공임대,전북,0
2023-12,지자체,공공임대,전남,0
2023-12,지자체,공공임대,경북,0
2023-12,지자체,공공임대,경남,0
2023-12,지자체,공공임대,제주,0
2023-12,지자체,공공분양,전국,0
2023-12,지자체,공공분양,서울,0
2023-12,지자체,공공분양,인천,0
2023-12,지자체,공공분양,경기,0
2023-12,지자체,공공분양,부산,0
2023-12,지자체,공공분양,대구,0
2023-12,지자체,공공분양,광주,0
2023-12,지자체,공공분양,대전,0
2023-12,지자체,공공분양,울산,0
2023-12,지자체,공공분양,세종,0
2023-12,지자체,공공분양,강원,0
2023-12,지자체,공공분양,충북,0
2023-12,지자체,공공분양,충남,0
2023-12,지자체,공공분양,전북,0
2023-12,지자체,공공분양,전남,0
2023-12,지자체,공공분양,경북,0
2023-12,지자체,공공분양,경남,0
2023-12,지자체,공공분양,제주,0
2023-12,LH,소계,전국,7,618
2023-12,LH,소계,서울,0
2023-12,LH,소계,인천,2,425
2023-12,LH,소계,경기,4,003
2023-12,LH,소계,부산,960
2023-12,LH,소계,대구,0
2023-12,LH,소계,광주,0
2023-12,LH,소계,대전,0
2023-12,LH,소계,울산,0
2023-12,LH,소계,세종,0
2023-12,LH,소계,강원,150
2023-12,LH,소계,충북,80
2023-12,LH,소계,충남,0
2023-12,LH,소계,전북,0
2023-12,LH,소계,전남,0
2023-12,LH,소계,경북,0
2023-12,LH,소계,경남,0
2023-12,LH,소계,제주,0
2023-12,LH,국민임대,전국,180
2023-12,LH,국민임대,서울,0
2023-12,LH,국민임대,인천,150
2023-12,LH,국민임대,경기,0
2023-12,LH,국민임대,부산,0
2023-12,LH,국민임대,대구,0
2023-12,LH,국민임대,광주,0
2023-12,LH,국민임대,대전,0
2023-12,LH,국민임대,울산,0
2023-12,LH,국민임대,세종,0
2023-12,LH,국민임대,강원,30
2023-12,LH,국민임대,충북,0
2023-12,LH,국민임대,충남,0
2023-12,LH,국민임대,전북,0
2023-12,LH,국민임대,전남,0
2023-12,LH,국민임대,경북,0
2023-12,LH,국민임대,경남,0
2023-12,LH,국민임대,제주,0
2023-12,LH,공공임대,전국,2,507
2023-12,LH,공공임대,서울,0
2023-12,LH,공공임대,인천,1,169
2023-12,LH,공공임대,경기,1,138
2023-12,LH,공공임대,부산,0
2023-12,LH,공공임대,대구,0
2023-12,LH,공공임대,광주,0
2023-12,LH,공공임대,대전,0
2023-12,LH,공공임대,울산,0
2023-12,LH,공공임대,세종,0
2023-12,LH,공공임대,강원,120
2023-12,LH,공공임대,충북,80
2023-12,LH,공공임대,충남,0
2023-12,LH,공공임대,전북,0
2023-12,LH,공공임대,전남,0
2023-12,LH,공공임대,경북,0
2023-12,LH,공공임대,경남,0
2023-12,LH,공공임대,제주,0
2023-12,LH,공공분양,전국,4,931
2023-12,LH,공공분양,서울,0
2023-12,LH,공공분양,인천,1,106
2023-12,LH,공공분양,경기,2,865
2023-12,LH,공공분양,부산,960
2023-12,LH,공공분양,대구,0
2023-12,LH,공공분양,광주,0
2023-12,LH,공공분양,대전,0
2023-12,LH,공공분양,울산,0
2023-12,LH,공공분양,세종,0
2023-12,LH,공공분양,강원,0
2023-12,LH,공공분양,충북,0
2023-12,LH,공공분양,충남,0
2023-12,LH,공공분양,전북,0
2023-12,LH,공공분양,전남,0
2023-12,LH,공공분양,경북,0
2023-12,LH,공공분양,경남,0
2023-12,LH,공공분양,제주,0
2023-12,주택업체,소계,전국,149
2023-12,주택업체,소계,서울,0
2023-12,주택업체,소계,인천,0
2023-12,주택업체,소계,경기,149
2023-12,주택업체,소계,부산,0
2023-12,주택업체,소계,대구,0
2023-12,주택업체,소계,광주,0
2023-12,주택업체,소계,대전,0
2023-12,주택업체,소계,울산,0
2023-12,주택업체,소계,세종,0
2023-12,주택업체,소계,강원,0
2023-12,주택업체,소계,충북,0
2023-12,주택업체,소계,충남,0
2023-12,주택업체,소계,전북,0
2023-12,주택업체,소계,전남,0
2023-12,주택업체,소계,경북,0
2023-12,주택업체,소계,경남,0
2023-12,주택업체,소계,제주,0
2023-12,주택업체,국민임대,전국,0
2023-12,주택업체,국민임대,서울,0
2023-12,주택업체,국민임대,인천,0
2023-12,주택업체,국민임대,경기,0
2023-12,주택업체,국민임대,부산,0
2023-12,주택업체,국민임대,대구,0
2023-12,주택업체,국민임대,광주,0
2023-12,주택업체,국민임대,대전,0
2023-12,주택업체,국민임대,울산,0
2023-12,주택업체,국민임대,세종,0
2023-12,주택업체,국민임대,강원,0
2023-12,주택업체,국민임대,충북,0
2023-12,주택업체,국민임대,충남,0
2023-12,주택업체,국민임대,전북,0
2023-12,주택업체,국민임대,전남,0
2023-12,주택업체,국민임대,경북,0
2023-12,주택업체,국민임대,경남,0
2023-12,주택업체,국민임대,제주,0
2023-12,주택업체,공공임대,전국,149
2023-12,주택업체,공공임대,서울,0
2023-12,주택업체,공공임대,인천,0
2023-12,주택업체,공공임대,경기,149
2023-12,주택업체,공공임대,부산,0
2023-12,주택업체,공공임대,대구,0
2023-12,주택업체,공공임대,광주,0
2023-12,주택업체,공공임대,대전,0
2023-12,주택업체,공공임대,울산,0
2023-12,주택업체,공공임대,세종,0
2023-12,주택업체,공공임대,강원,0
2023-12,주택업체,공공임대,충북,0
2023-12,주택업체,공공임대,충남,0
2023-12,주택업체,공공임대,전북,0
2023-12,주택업체,공공임대,전남,0
2023-12,주택업체,공공임대,경북,0
2023-12,주택업체,공공임대,경남,0
2023-12,주택업체,공공임대,제주,0
2023-12,주택업체,공공분양,전국,0
2023-12,주택업체,공공분양,서울,0
2023-12,주택업체,공공분양,인천,0
2023-12,주택업체,공공분양,경기,0
2023-12,주택업체,공공분양,부산,0
2023-12,주택업체,공공분양,대구,0
2023-12,주택업체,공공분양,광주,0
2023-12,주택업체,공공분양,대전,0
2023-12,주택업체,공공분양,울산,0
2023-12,주택업체,공공분양,세종,0
2023-12,주택업체,공공분양,강원,0
2023-12,주택업체,공공분양,충북,0
2023-12,주택업체,공공분양,충남,0
2023-12,주택업체,공공분양,전북,0
2023-12,주택업체,공공분양,전남,0
2023-12,주택업체,공공분양,경북,0
2023-12,주택업체,공공분양,경남,0
2023-12,주택업체,공공분양,제주,0
2023-12,민간부문,소계,전국,36,177
2023-12,민간부문,소계,서울,874
2023-12,민간부문,소계,인천,1,551
2023-12,민간부문,소계,경기,10,098
2023-12,민간부문,소계,부산,3,333
2023-12,민간부문,소계,대구,7
2023-12,민간부문,소계,광주,6,887
2023-12,민간부문,소계,대전,2,544
2023-12,민간부문,소계,울산,2,684
2023-12,민간부문,소계,세종,7
2023-12,민간부문,소계,강원,663
2023-12,민간부문,소계,충북,157
2023-12,민간부문,소계,충남,348
2023-12,민간부문,소계,전북,1,561
2023-12,민간부문,소계,전남,1,582
2023-12,민간부문,소계,경북,311
2023-12,민간부문,소계,경남,3,432
2023-12,민간부문,소계,제주,138
2023-12,민간,민간임대,전국,553
2023-12,민간,민간임대,서울,382
2023-12,민간,민간임대,인천,0
2023-12,민간,민간임대,경기,0
2023-12,민간,민간임대,부산,0
2023-12,민간,민간임대,대구,0
2023-12,민간,민간임대,광주,0
2023-12,민간,민간임대,대전,0
2023-12,민간,민간임대,울산,0
2023-12,민간,민간임대,세종,0
2023-12,민간,민간임대,강원,0
2023-12,민간,민간임대,충북,0
2023-12,민간,민간임대,충남,0
2023-12,민간,민간임대,전북,99
2023-12,민간,민간임대,전남,72
2023-12,민간,민간임대,경북,0
2023-12,민간,민간임대,경남,0
2023-12,민간,민간임대,제주,0
2023-12,민간,민간분양,전국,35,624
2023-12,민간,민간분양,서울,492
2023-12,민간,민간분양,인천,1,551
2023-12,민간,민간분양,경기,10,098
2023-12,민간,민간분양,부산,3,333
2023-12,민간,민간분양,대구,7
2023-12,민간,민간분양,광주,6,887
2023-12,민간,민간분양,대전,2,544
2023-12,민간,민간분양,울산,2,684
2023-12,민간,민간분양,세종,7
2023-12,민간,민간분양,강원,663
2023-12,민간,민간분양,충북,157
2023-12,민간,민간분양,충남,348
2023-12,민간,민간분양,전북,1,462
2023-12,민간,민간분양,전남,1,510
2023-12,민간,민간분양,경북,311
2023-12,민간,민간분양,경남,3,432
2023-12,민간,민간분양,제주,138
2024-01,총계,총계,전국,22,726
2024-01,총계,총계,서울,1,151
2024-01,총계,총계,인천,4,113
2024-01,총계,총계,경기,7,135
2024-01,총계,총계,부산,36
2024-01,총계,총계,대구,282
2024-01,총계,총계,광주,2,644
2024-01,총계,총계,대전,22
2024-01,총계,총계,울산,24
2024-01,총계,총계,세종,7
2024-01,총계,총계,강원,506
2024-01,총계,총계,충북,2,160
2024-01,총계,총계,충남,1,769
2024-01,총계,총계,전북,447
2024-01,총계,총계,전남,922
2024-01,총계,총계,경북,516
2024-01,총계,총계,경남,137
2024-01,총계,총계,제주,855
2024-01,공공부문,소계,전국,311
2024-01,공공부문,소계,서울,201
2024-01,공공부문,소계,인천,0
2024-01,공공부문,소계,경기,0
2024-01,공공부문,소계,부산,0
2024-01,공공부문,소계,대구,0
2024-01,공공부문,소계,광주,0
2024-01,공공부문,소계,대전,0
2024-01,공공부문,소계,울산,0
2024-01,공공부문,소계,세종,0
2024-01,공공부문,소계,강원,0
2024-01,공공부문,소계,충북,0
2024-01,공공부문,소계,충남,0
2024-01,공공부문,소계,전북,0
2024-01,공공부문,소계,전남,0
2024-01,공공부문,소계,경북,110
2024-01,공공부문,소계,경남,0
2024-01,공공부문,소계,제주,0
2024-01,합,국민임대,전국,0
2024-01,합,국민임대,서울,0
2024-01,합,국민임대,인천,0
2024-01,합,국민임대,경기,0
2024-01,합,국민임대,부산,0
2024-01,합,국민임대,대구,0
2024-01,합,국민임대,광주,0
2024-01,합,국민임대,대전,0
2024-01,합,국민임대,울산,0
2024-01,합,국민임대,세종,0
2024-01,합,국민임대,강원,0
2024-01,합,국민임대,충북,0
2024-01,합,국민임대,충남,0
2024-01,합,국민임대,전북,0
2024-01,합,국민임대,전남,0
2024-01,합,국민임대,경북,0
2024-01,합,국민임대,경남,0
2024-01,합,국민임대,제주,0
2024-01,합,공공임대,전국,231
2024-01,합,공공임대,서울,201
2024-01,합,공공임대,인천,0
2024-01,합,공공임대,경기,0
2024-01,합,공공임대,부산,0
2024-01,합,공공임대,대구,0
2024-01,합,공공임대,광주,0
2024-01,합,공공임대,대전,0
2024-01,합,공공임대,울산,0
2024-01,합,공공임대,세종,0
2024-01,합,공공임대,강원,0
2024-01,합,공공임대,충북,0
2024-01,합,공공임대,충남,0
2024-01,합,공공임대,전북,0
2024-01,합,공공임대,전남,0
2024-01,합,공공임대,경북,30
2024-01,합,공공임대,경남,0
2024-01,합,공공임대,제주,0
2024-01,합,공공분양,전국,80
2024-01,합,공공분양,서울,0
2024-01,합,공공분양,인천,0
2024-01,합,공공분양,경기,0
2024-01,합,공공분양,부산,0
2024-01,합,공공분양,대구,0
2024-01,합,공공분양,광주,0
2024-01,합,공공분양,대전,0
2024-01,합,공공분양,울산,0
2024-01,합,공공분양,세종,0
2024-01,합,공공분양,강원,0
2024-01,합,공공분양,충북,0
2024-01,합,공공분양,충남,0
2024-01,합,공공분양,전북,0
2024-01,합,공공분양,전남,0
2024-01,합,공공분양,경북,80
2024-01,합,공공분양,경남,0
2024-01,합,공공분양,제주,0
2024-01,지자체,소계,전국,311
2024-01,지자체,소계,서울,201
2024-01,지자체,소계,인천,0
2024-01,지자체,소계,경기,0
2024-01,지자체,소계,부산,0
2024-01,지자체,소계,대구,0
2024-01,지자체,소계,광주,0
2024-01,지자체,소계,대전,0
2024-01,지자체,소계,울산,0
2024-01,지자체,소계,세종,0
2024-01,지자체,소계,강원,0
2024-01,지자체,소계,충북,0
2024-01,지자체,소계,충남,0
2024-01,지자체,소계,전북,0
2024-01,지자체,소계,전남,0
2024-01,지자체,소계,경북,110
2024-01,지자체,소계,경남,0
2024-01,지자체,소계,제주,0
2024-01,지자체,국민임대,전국,0
2024-01,지자체,국민임대,서울,0
2024-01,지자체,국민임대,인천,0
2024-01,지자체,국민임대,경기,0
2024-01,지자체,국민임대,부산,0
2024-01,지자체,국민임대,대구,0
2024-01,지자체,국민임대,광주,0
2024-01,지자체,국민임대,대전,0
2024-01,지자체,국민임대,울산,0
2024-01,지자체,국민임대,세종,0
2024-01,지자체,국민임대,강원,0
2024-01,지자체,국민임대,충북,0
2024-01,지자체,국민임대,충남,0
2024-01,지자체,국민임대,전북,0
2024-01,지자체,국민임대,전남,0
2024-01,지자체,국민임대,경북,0
2024-01,지자체,국민임대,경남,0
2024-01,지자체,국민임대,제주,0
2024-01,지자체,공공임대,전국,231
2024-01,지자체,공공임대,서울,201
2024-01,지자체,공공임대,인천,0
2024-01,지자체,공공임대,경기,0
2024-01,지자체,공공임대,부산,0
2024-01,지자체,공공임대,대구,0
2024-01,지자체,공공임대,광주,0
2024-01,지자체,공공임대,대전,0
2024-01,지자체,공공임대,울산,0
2024-01,지자체,공공임대,세종,0
2024-01,지자체,공공임대,강원,0
2024-01,지자체,공공임대,충북,0
2024-01,지자체,공공임대,충남,0
2024-01,지자체,공공임대,전북,0
2024-01,지자체,공공임대,전남,0
2024-01,지자체,공공임대,경북,30
2024-01,지자체,공공임대,경남,0
2024-01,지자체,공공임대,제주,0
2024-01,지자체,공공분양,전국,80
2024-01,지자체,공공분양,서울,0
2024-01,지자체,공공분양,인천,0
2024-01,지자체,공공분양,경기,0
2024-01,지자체,공공분양,부산,0
2024-01,지자체,공공분양,대구,0
2024-01,지자체,공공분양,광주,0
2024-01,지자체,공공분양,대전,0
2024-01,지자체,공공분양,울산,0
2024-01,지자체,공공분양,세종,0
2024-01,지자체,공공분양,강원,0
2024-01,지자체,공공분양,충북,0
2024-01,지자체,공공분양,충남,0
2024-01,지자체,공공분양,전북,0
2024-01,지자체,공공분양,전남,0
2024-01,지자체,공공분양,경북,80
2024-01,지자체,공공분양,경남,0
2024-01,지자체,공공분양,제주,0
2024-01,LH,소계,전국,0
2024-01,LH,소계,서울,0
2024-01,LH,소계,인천,0
2024-01,LH,소계,경기,0
2024-01,LH,소계,부산,0
2024-01,LH,소계,대구,0
2024-01,LH,소계,광주,0
2024-01,LH,소계,대전,0
2024-01,LH,소계,울산,0
2024-01,LH,소계,세종,0
2024-01,LH,소계,강원,0
2024-01,LH,소계,충북,0
2024-01,LH,소계,충남,0
2024-01,LH,소계,전북,0
2024-01,LH,소계,전남,0
2024-01,LH,소계,경북,0
2024-01,LH,소계,경남,0
2024-01,LH,소계,제주,0
2024-01,LH,국민임대,전국,0
2024-01,LH,국민임대,서울,0
2024-01,LH,국민임대,인천,0
2024-01,LH,국민임대,경기,0
2024-01,LH,국민임대,부산,0
2024-01,LH,국민임대,대구,0
2024-01,LH,국민임대,광주,0
2024-01,LH,국민임대,대전,0
2024-01,LH,국민임대,울산,0
2024-01,LH,국민임대,세종,0
2024-01,LH,국민임대,강원,0
2024-01,LH,국민임대,충북,0
2024-01,LH,국민임대,충남,0
2024-01,LH,국민임대,전북,0
2024-01,LH,국민임대,전남,0
2024-01,LH,국민임대,경북,0
2024-01,LH,국민임대,경남,0
2024-01,LH,국민임대,제주,0
2024-01,LH,공공임대,전국,0
2024-01,LH,공공임대,서울,0
2024-01,LH,공공임대,인천,0
2024-01,LH,공공임대,경기,0
2024-01,LH,공공임대,부산,0
2024-01,LH,공공임대,대구,0
2024-01,LH,공공임대,광주,0
2024-01,LH,공공임대,대전,0
2024-01,LH,공공임대,울산,0
2024-01,LH,공공임대,세종,0
2024-01,LH,공공임대,강원,0
2024-01,LH,공공임대,충북,0
2024-01,LH,공공임대,충남,0
2024-01,LH,공공임대,전북,0
2024-01,LH,공공임대,전남,0
2024-01,LH,공공임대,경북,0
2024-01,LH,공공임대,경남,0
2024-01,LH,공공임대,제주,0
2024-01,LH,공공분양,전국,0
2024-01,LH,공공분양,서울,0
2024-01,LH,공공분양,인천,0
2024-01,LH,공공분양,경기,0
2024-01,LH,공공분양,부산,0
2024-01,LH,공공분양,대구,0
2024-01,LH,공공분양,광주,0
2024-01,LH,공공분양,대전,0
2024-01,LH,공공분양,울산,0
2024-01,LH,공공분양,세종,0
2024-01,LH,공공분양,강원,0
2024-01,LH,공공분양,충북,0
2024-01,LH,공공분양,충남,0
2024-01,LH,공공분양,전북,0
2024-01,LH,공공분양,전남,0
2024-01,LH,공공분양,경북,0
2024-01,LH,공공분양,경남,0
2024-01,LH,공공분양,제주,0
2024-01,주택업체,소계,전국,0
2024-01,주택업체,소계,서울,0
2024-01,주택업체,소계,인천,0
2024-01,주택업체,소계,경기,0
2024-01,주택업체,소계,부산,0
2024-01,주택업체,소계,대구,0
2024-01,주택업체,소계,광주,0
2024-01,주택업체,소계,대전,0
2024-01,주택업체,소계,울산,0
2024-01,주택업체,소계,세종,0
2024-01,주택업체,소계,강원,0
2024-01,주택업체,소계,충북,0
2024-01,주택업체,소계,충남,0
2024-01,주택업체,소계,전북,0
2024-01,주택업체,소계,전남,0
2024-01,주택업체,소계,경북,0
2024-01,주택업체,소계,경남,0
2024-01,주택업체,소계,제주,0
2024-01,주택업체,국민임대,전국,0
2024-01,주택업체,국민임대,서울,0
2024-01,주택업체,국민임대,인천,0
2024-01,주택업체,국민임대,경기,0
2024-01,주택업체,국민임대,부산,0
2024-01,주택업체,국민임대,대구,0
2024-01,주택업체,국민임대,광주,0
2024-01,주택업체,국민임대,대전,0
2024-01,주택업체,국민임대,울산,0
2024-01,주택업체,국민임대,세종,0
2024-01,주택업체,국민임대,강원,0
2024-01,주택업체,국민임대,충북,0
2024-01,주택업체,국민임대,충남,0
2024-01,주택업체,국민임대,전북,0
2024-01,주택업체,국민임대,전남,0
2024-01,주택업체,국민임대,경북,0
2024-01,주택업체,국민임대,경남,0
2024-01,주택업체,국민임대,제주,0
2024-01,주택업체,공공임대,전국,0
2024-01,주택업체,공공임대,서울,0
2024-01,주택업체,공공임대,인천,0
2024-01,주택업체,공공임대,경기,0
2024-01,주택업체,공공임대,부산,0
2024-01,주택업체,공공임대,대구,0
2024-01,주택업체,공공임대,광주,0
2024-01,주택업체,공공임대,대전,0
2024-01,주택업체,공공임대,울산,0
2024-01,주택업체,공공임대,세종,0
2024-01,주택업체,공공임대,강원,0
2024-01,주택업체,공공임대,충북,0
2024-01,주택업체,공공임대,충남,0
2024-01,주택업체,공공임대,전북,0
2024-01,주택업체,공공임대,전남,0
2024-01,주택업체,공공임대,경북,0
2024-01,주택업체,공공임대,경남,0
2024-01,주택업체,공공임대,제주,0
2024-01,주택업체,공공분양,전국,0
2024-01,주택업체,공공분양,서울,0
2024-01,주택업체,공공분양,인천,0
2024-01,주택업체,공공분양,경기,0
2024-01,주택업체,공공분양,부산,0
2024-01,주택업체,공공분양,대구,0
2024-01,주택업체,공공분양,광주,0
2024-01,주택업체,공공분양,대전,0
2024-01,주택업체,공공분양,울산,0
2024-01,주택업체,공공분양,세종,0
2024-01,주택업체,공공분양,강원,0
2024-01,주택업체,공공분양,충북,0
2024-01,주택업체,공공분양,충남,0
2024-01,주택업체,공공분양,전북,0
2024-01,주택업체,공공분양,전남,0
2024-01,주택업체,공공분양,경북,0
2024-01,주택업체,공공분양,경남,0
2024-01,주택업체,공공분양,제주,0
2024-01,민간부문,소계,전국,22,415
2024-01,민간부문,소계,서울,950
2024-01,민간부문,소계,인천,4,113
2024-01,민간부문,소계,경기,7,135
2024-01,민간부문,소계,부산,36
2024-01,민간부문,소계,대구,282
2024-01,민간부문,소계,광주,2,644
2024-01,민간부문,소계,대전,22
2024-01,민간부문,소계,울산,24
2024-01,민간부문,소계,세종,7
2024-01,민간부문,소계,강원,506
2024-01,민간부문,소계,충북,2,160
2024-01,민간부문,소계,충남,1,769
2024-01,민간부문,소계,전북,447
2024-01,민간부문,소계,전남,922
2024-01,민간부문,소계,경북,406
2024-01,민간부문,소계,경남,137
2024-01,민간부문,소계,제주,855
2024-01,민간,민간임대,전국,1,059
2024-01,민간,민간임대,서울,0
2024-01,민간,민간임대,인천,0
2024-01,민간,민간임대,경기,0
2024-01,민간,민간임대,부산,0
2024-01,민간,민간임대,대구,0
2024-01,민간,민간임대,광주,0
2024-01,민간,민간임대,대전,0
2024-01,민간,민간임대,울산,0
2024-01,민간,민간임대,세종,0
2024-01,민간,민간임대,강원,350
2024-01,민간,민간임대,충북,0
2024-01,민간,민간임대,충남,232
2024-01,민간,민간임대,전북,378
2024-01,민간,민간임대,전남,99
2024-01,민간,민간임대,경북,0
2024-01,민간,민간임대,경남,0
2024-01,민간,민간임대,제주,0
2024-01,민간,민간분양,전국,21,356
2024-01,민간,민간분양,서울,950
2024-01,민간,민간분양,인천,4,113
2024-01,민간,민간분양,경기,7,135
2024-01,민간,민간분양,부산,36
2024-01,민간,민간분양,대구,282
2024-01,민간,민간분양,광주,2,644
2024-01,민간,민간분양,대전,22
2024-01,민간,민간분양,울산,24
2024-01,민간,민간분양,세종,7
2024-01,민간,민간분양,강원,156
2024-01,민간,민간분양,충북,2,160
2024-01,민간,민간분양,충남,1,537
2024-01,민간,민간분양,전북,69
2024-01,민간,민간분양,전남,823
2024-01,민간,민간분양,경북,406
2024-01,민간,민간분양,경남,137
2024-01,민간,민간분양,제주,855
2024-02,총계,총계,전국,23,352
2024-02,총계,총계,서울,1,678
2024-02,총계,총계,인천,2,864
2024-02,총계,총계,경기,8,437
2024-02,총계,총계,부산,1,567
2024-02,총계,총계,대구,8
2024-02,총계,총계,광주,3
2024-02,총계,총계,대전,1,222
2024-02,총계,총계,울산,21
2024-02,총계,총계,세종,7
2024-02,총계,총계,강원,1,651
2024-02,총계,총계,충북,2,472
2024-02,총계,총계,충남,678
2024-02,총계,총계,전북,347
2024-02,총계,총계,전남,1,498
2024-02,총계,총계,경북,208
2024-02,총계,총계,경남,402
2024-02,총계,총계,제주,289
2024-02,공공부문,소계,전국,0
2024-02,공공부문,소계,서울,0
2024-02,공공부문,소계,인천,0
2024-02,공공부문,소계,경기,0
2024-02,공공부문,소계,부산,0
2024-02,공공부문,소계,대구,0
2024-02,공공부문,소계,광주,0
2024-02,공공부문,소계,대전,0
2024-02,공공부문,소계,울산,0
2024-02,공공부문,소계,세종,0
2024-02,공공부문,소계,강원,0
2024-02,공공부문,소계,충북,0
2024-02,공공부문,소계,충남,0
2024-02,공공부문,소계,전북,0
2024-02,공공부문,소계,전남,0
2024-02,공공부문,소계,경북,0
2024-02,공공부문,소계,경남,0
2024-02,공공부문,소계,제주,0
2024-02,합,국민임대,전국,0
2024-02,합,국민임대,서울,0
2024-02,합,국민임대,인천,0
2024-02,합,국민임대,경기,0
2024-02,합,국민임대,부산,0
2024-02,합,국민임대,대구,0
2024-02,합,국민임대,광주,0
2024-02,합,국민임대,대전,0
2024-02,합,국민임대,울산,0
2024-02,합,국민임대,세종,0
2024-02,합,국민임대,강원,0
2024-02,합,국민임대,충북,0
2024-02,합,국민임대,충남,0
2024-02,합,국민임대,전북,0
2024-02,합,국민임대,전남,0
2024-02,합,국민임대,경북,0
2024-02,합,국민임대,경남,0
2024-02,합,국민임대,제주,0
2024-02,합,공공임대,전국,0
2024-02,합,공공임대,서울,0
2024-02,합,공공임대,인천,0
2024-02,합,공공임대,경기,0
2024-02,합,공공임대,부산,0
2024-02,합,공공임대,대구,0
2024-02,합,공공임대,광주,0
2024-02,합,공공임대,대전,0
2024-02,합,공공임대,울산,0
2024-02,합,공공임대,세종,0
2024-02,합,공공임대,강원,0
2024-02,합,공공임대,충북,0
2024-02,합,공공임대,충남,0
2024-02,합,공공임대,전북,0
2024-02,합,공공임대,전남,0
2024-02,합,공공임대,경북,0
2024-02,합,공공임대,경남,0
2024-02,합,공공임대,제주,0
2024-02,합,공공분양,전국,0
2024-02,합,공공분양,서울,0
2024-02,합,공공분양,인천,0
2024-02,합,공공분양,경기,0
2024-02,합,공공분양,부산,0
2024-02,합,공공분양,대구,0
2024-02,합,공공분양,광주,0
2024-02,합,공공분양,대전,0
2024-02,합,공공분양,울산,0
2024-02,합,공공분양,세종,0
2024-02,합,공공분양,강원,0
2024-02,합,공공분양,충북,0
2024-02,합,공공분양,충남,0
2024-02,합,공공분양,전북,0
2024-02,합,공공분양,전남,0
2024-02,합,공공분양,경북,0
2024-02,합,공공분양,경남,0
2024-02,합,공공분양,제주,0
2024-02,지자체,소계,전국,0
2024-02,지자체,소계,서울,0
2024-02,지자체,소계,인천,0
2024-02,지자체,소계,경기,0
2024-02,지자체,소계,부산,0
2024-02,지자체,소계,대구,0
2024-02,지자체,소계,광주,0
2024-02,지자체,소계,대전,0
2024-02,지자체,소계,울산,0
2024-02,지자체,소계,세종,0
2024-02,지자체,소계,강원,0
2024-02,지자체,소계,충북,0
2024-02,지자체,소계,충남,0
2024-02,지자체,소계,전북,0
2024-02,지자체,소계,전남,0
2024-02,지자체,소계,경북,0
2024-02,지자체,소계,경남,0
2024-02,지자체,소계,제주,0
2024-02,지자체,국민임대,전국,0
2024-02,지자체,국민임대,서울,0
2024-02,지자체,국민임대,인천,0
2024-02,지자체,국민임대,경기,0
2024-02,지자체,국민임대,부산,0
2024-02,지자체,국민임대,대구,0
2024-02,지자체,국민임대,광주,0
2024-02,지자체,국민임대,대전,0
2024-02,지자체,국민임대,울산,0
2024-02,지자체,국민임대,세종,0
2024-02,지자체,국민임대,강원,0
2024-02,지자체,국민임대,충북,0
2024-02,지자체,국민임대,충남,0
2024-02,지자체,국민임대,전북,0
2024-02,지자체,국민임대,전남,0
2024-02,지자체,국민임대,경북,0
2024-02,지자체,국민임대,경남,0
2024-02,지자체,국민임대,제주,0
2024-02,지자체,공공임대,전국,0
2024-02,지자체,공공임대,서울,0
2024-02,지자체,공공임대,인천,0
2024-02,지자체,공공임대,경기,0
2024-02,지자체,공공임대,부산,0
2024-02,지자체,공공임대,대구,0
2024-02,지자체,공공임대,광주,0
2024-02,지자체,공공임대,대전,0
2024-02,지자체,공공임대,울산,0
2024-02,지자체,공공임대,세종,0
2024-02,지자체,공공임대,강원,0
2024-02,지자체,공공임대,충북,0
2024-02,지자체,공공임대,충남,0
2024-02,지자체,공공임대,전북,0
2024-02,지자체,공공임대,전남,0
2024-02,지자체,공공임대,경북,0
2024-02,지자체,공공임대,경남,0
2024-02,지자체,공공임대,제주,0
2024-02,지자체,공공분양,전국,0
2024-02,지자체,공공분양,서울,0
2024-02,지자체,공공분양,인천,0
2024-02,지자체,공공분양,경기,0
2024-02,지자체,공공분양,부산,0
2024-02,지자체,공공분양,대구,0
2024-02,지자체,공공분양,광주,0
2024-02,지자체,공공분양,대전,0
2024-02,지자체,공공분양,울산,0
2024-02,지자체,공공분양,세종,0
2024-02,지자체,공공분양,강원,0
2024-02,지자체,공공분양,충북,0
2024-02,지자체,공공분양,충남,0
2024-02,지자체,공공분양,전북,0
2024-02,지자체,공공분양,전남,0
2024-02,지자체,공공분양,경북,0
2024-02,지자체,공공분양,경남,0
2024-02,지자체,공공분양,제주,0
2024-02,LH,소계,전국,0
2024-02,LH,소계,서울,0
2024-02,LH,소계,인천,0
2024-02,LH,소계,경기,0
2024-02,LH,소계,부산,0
2024-02,LH,소계,대구,0
2024-02,LH,소계,광주,0
2024-02,LH,소계,대전,0
2024-02,LH,소계,울산,0
2024-02,LH,소계,세종,0
2024-02,LH,소계,강원,0
2024-02,LH,소계,충북,0
2024-02,LH,소계,충남,0
2024-02,LH,소계,전북,0
2024-02,LH,소계,전남,0
2024-02,LH,소계,경북,0
2024-02,LH,소계,경남,0
2024-02,LH,소계,제주,0
2024-02,LH,국민임대,전국,0
2024-02,LH,국민임대,서울,0
2024-02,LH,국민임대,인천,0
2024-02,LH,국민임대,경기,0
2024-02,LH,국민임대,부산,0
2024-02,LH,국민임대,대구,0
2024-02,LH,국민임대,광주,0
2024-02,LH,국민임대,대전,0
2024-02,LH,국민임대,울산,0
2024-02,LH,국민임대,세종,0
2024-02,LH,국민임대,강원,0
2024-02,LH,국민임대,충북,0
2024-02,LH,국민임대,충남,0
2024-02,LH,국민임대,전북,0
2024-02,LH,국민임대,전남,0
2024-02,LH,국민임대,경북,0
2024-02,LH,국민임대,경남,0
2024-02,LH,국민임대,제주,0
2024-02,LH,공공임대,전국,0
2024-02,LH,공공임대,서울,0
2024-02,LH,공공임대,인천,0
2024-02,LH,공공임대,경기,0
2024-02,LH,공공임대,부산,0
2024-02,LH,공공임대,대구,0
2024-02,LH,공공임대,광주,0
2024-02,LH,공공임대,대전,0
2024-02,LH,공공임대,울산,0
2024-02,LH,공공임대,세종,0
2024-02,LH,공공임대,강원,0
2024-02,LH,공공임대,충북,0
2024-02,LH,공공임대,충남,0
2024-02,LH,공공임대,전북,0
2024-02,LH,공공임대,전남,0
2024-02,LH,공공임대,경북,0
2024-02,LH,공공임대,경남,0
2024-02,LH,공공임대,제주,0
2024-02,LH,공공분양,전국,0
2024-02,LH,공공분양,서울,0
2024-02,LH,공공분양,인천,0
2024-02,LH,공공분양,경기,0
2024-02,LH,공공분양,부산,0
2024-02,LH,공공분양,대구,0
2024-02,LH,공공분양,광주,0
2024-02,LH,공공분양,대전,0
2024-02,LH,공공분양,울산,0
2024-02,LH,공공분양,세종,0
2024-02,LH,공공분양,강원,0
2024-02,LH,공공분양,충북,0
2024-02,LH,공공분양,충남,0
2024-02,LH,공공분양,전북,0
2024-02,LH,공공분양,전남,0
2024-02,LH,공공분양,경북,0
2024-02,LH,공공분양,경남,0
2024-02,LH,공공분양,제주,0
2024-02,주택업체,소계,전국,0
2024-02,주택업체,소계,서울,0
2024-02,주택업체,소계,인천,0
2024-02,주택업체,소계,경기,0
2024-02,주택업체,소계,부산,0
2024-02,주택업체,소계,대구,0
2024-02,주택업체,소계,광주,0
2024-02,주택업체,소계,대전,0
2024-02,주택업체,소계,울산,0
2024-02,주택업체,소계,세종,0
2024-02,주택업체,소계,강원,0
2024-02,주택업체,소계,충북,0
2024-02,주택업체,소계,충남,0
2024-02,주택업체,소계,전북,0
2024-02,주택업체,소계,전남,0
2024-02,주택업체,소계,경북,0
2024-02,주택업체,소계,경남,0
2024-02,주택업체,소계,제주,0
2024-02,주택업체,국민임대,전국,0
2024-02,주택업체,국민임대,서울,0
2024-02,주택업체,국민임대,인천,0
2024-02,주택업체,국민임대,경기,0
2024-02,주택업체,국민임대,부산,0
2024-02,주택업체,국민임대,대구,0
2024-02,주택업체,국민임대,광주,0
2024-02,주택업체,국민임대,대전,0
2024-02,주택업체,국민임대,울산,0
2024-02,주택업체,국민임대,세종,0
2024-02,주택업체,국민임대,강원,0
2024-02,주택업체,국민임대,충북,0
2024-02,주택업체,국민임대,충남,0
2024-02,주택업체,국민임대,전북,0
2024-02,주택업체,국민임대,전남,0
2024-02,주택업체,국민임대,경북,0
2024-02,주택업체,국민임대,경남,0
2024-02,주택업체,국민임대,제주,0
2024-02,주택업체,공공임대,전국,0
2024-02,주택업체,공공임대,서울,0
2024-02,주택업체,공공임대,인천,0
2024-02,주택업체,공공임대,경기,0
2024-02,주택업체,공공임대,부산,0
2024-02,주택업체,공공임대,대구,0
2024-02,주택업체,공공임대,광주,0
2024-02,주택업체,공공임대,대전,0
2024-02,주택업체,공공임대,울산,0
2024-02,주택업체,공공임대,세종,0
2024-02,주택업체,공공임대,강원,0
2024-02,주택업체,공공임대,충북,0
2024-02,주택업체,공공임대,충남,0
2024-02,주택업체,공공임대,전북,0
2024-02,주택업체,공공임대,전남,0
2024-02,주택업체,공공임대,경북,0
2024-02,주택업체,공공임대,경남,0
2024-02,주택업체,공공임대,제주,0
2024-02,주택업체,공공분양,전국,0
2024-02,주택업체,공공분양,서울,0
2024-02,주택업체,공공분양,인천,0
2024-02,주택업체,공공분양,경기,0
2024-02,주택업체,공공분양,부산,0
2024-02,주택업체,공공분양,대구,0
2024-02,주택업체,공공분양,광주,0
2024-02,주택업체,공공분양,대전,0
2024-02,주택업체,공공분양,울산,0
2024-02,주택업체,공공분양,세종,0
2024-02,주택업체,공공분양,강원,0
2024-02,주택업체,공공분양,충북,0
2024-02,주택업체,공공분양,충남,0
2024-02,주택업체,공공분양,전북,0
2024-02,주택업체,공공분양,전남,0
2024-02,주택업체,공공분양,경북,0
2024-02,주택업체,공공분양,경남,0
2024-02,주택업체,공공분양,제주,0
2024-02,민간부문,소계,전국,23,352
2024-02,민간부문,소계,서울,1,678
2024-02,민간부문,소계,인천,2,864
2024-02,민간부문,소계,경기,8,437
2024-02,민간부문,소계,부산,1,567
2024-02,민간부문,소계,대구,8
2024-02,민간부문,소계,광주,3
2024-02,민간부문,소계,대전,1,222
2024-02,민간부문,소계,울산,21
2024-02,민간부문,소계,세종,7
2024-02,민간부문,소계,강원,1,651
2024-02,민간부문,소계,충북,2,472
2024-02,민간부문,소계,충남,678
2024-02,민간부문,소계,전북,347
2024-02,민간부문,소계,전남,1,498
2024-02,민간부문,소계,경북,208
2024-02,민간부문,소계,경남,402
2024-02,민간부문,소계,제주,289
2024-02,민간,민간임대,전국,1,676
2024-02,민간,민간임대,서울,342
2024-02,민간,민간임대,인천,0
2024-02,민간,민간임대,경기,552
2024-02,민간,민간임대,부산,0
2024-02,민간,민간임대,대구,0
2024-02,민간,민간임대,광주,0
2024-02,민간,민간임대,대전,0
2024-02,민간,민간임대,울산,0
2024-02,민간,민간임대,세종,0
2024-02,민간,민간임대,강원,0
2024-02,민간,민간임대,충북,0
2024-02,민간,민간임대,충남,504
2024-02,민간,민간임대,전북,278
2024-02,민간,민간임대,전남,0
2024-02,민간,민간임대,경북,0
2024-02,민간,민간임대,경남,0
2024-02,민간,민간임대,제주,0
2024-02,민간,민간분양,전국,21,676
2024-02,민간,민간분양,서울,1,336
2024-02,민간,민간분양,인천,2,864
2024-02,민간,민간분양,경기,7,885
2024-02,민간,민간분양,부산,1,567
2024-02,민간,민간분양,대구,8
2024-02,민간,민간분양,광주,3
2024-02,민간,민간분양,대전,1,222
2024-02,민간,민간분양,울산,21
2024-02,민간,민간분양,세종,7
2024-02,민간,민간분양,강원,1,651
2024-02,민간,민간분양,충북,2,472
2024-02,민간,민간분양,충남,174
2024-02,민간,민간분양,전북,69
2024-02,민간,민간분양,전남,1,498
2024-02,민간,민간분양,경북,208
2024-02,민간,민간분양,경남,402
2024-02,민간,민간분양,제주,289
2024-03,총계,총계,전국,16,919
2024-03,총계,총계,서울,6,990
2024-03,총계,총계,인천,650
2024-03,총계,총계,경기,2,347
2024-03,총계,총계,부산,1,812
2024-03,총계,총계,대구,292
2024-03,총계,총계,광주,439
2024-03,총계,총계,대전,1,358
2024-03,총계,총계,울산,257
2024-03,총계,총계,세종,7
2024-03,총계,총계,강원,273
2024-03,총계,총계,충북,317
2024-03,총계,총계,충남,230
2024-03,총계,총계,전북,122
2024-03,총계,총계,전남,295
2024-03,총계,총계,경북,262
2024-03,총계,총계,경남,928
2024-03,총계,총계,제주,340
2024-03,공공부문,소계,전국,397
2024-03,공공부문,소계,서울,1
2024-03,공공부문,소계,인천,0
2024-03,공공부문,소계,경기,0
2024-03,공공부문,소계,부산,0
2024-03,공공부문,소계,대구,278
2024-03,공공부문,소계,광주,0
2024-03,공공부문,소계,대전,0
2024-03,공공부문,소계,울산,38
2024-03,공공부문,소계,세종,0
2024-03,공공부문,소계,강원,0
2024-03,공공부문,소계,충북,80
2024-03,공공부문,소계,충남,0
2024-03,공공부문,소계,전북,0
2024-03,공공부문,소계,전남,0
2024-03,공공부문,소계,경북,0
2024-03,공공부문,소계,경남,0
2024-03,공공부문,소계,제주,0
2024-03,합,국민임대,전국,0
2024-03,합,국민임대,서울,0
2024-03,합,국민임대,인천,0
2024-03,합,국민임대,경기,0
2024-03,합,국민임대,부산,0
2024-03,합,국민임대,대구,0
2024-03,합,국민임대,광주,0
2024-03,합,국민임대,대전,0
2024-03,합,국민임대,울산,0
2024-03,합,국민임대,세종,0
2024-03,합,국민임대,강원,0
2024-03,합,국민임대,충북,0
2024-03,합,국민임대,충남,0
2024-03,합,국민임대,전북,0
2024-03,합,국민임대,전남,0
2024-03,합,국민임대,경북,0
2024-03,합,국민임대,경남,0
2024-03,합,국민임대,제주,0
2024-03,합,공공임대,전국,397
2024-03,합,공공임대,서울,1
2024-03,합,공공임대,인천,0
2024-03,합,공공임대,경기,0
2024-03,합,공공임대,부산,0
2024-03,합,공공임대,대구,278
2024-03,합,공공임대,광주,0
2024-03,합,공공임대,대전,0
2024-03,합,공공임대,울산,38
2024-03,합,공공임대,세종,0
2024-03,합,공공임대,강원,0
2024-03,합,공공임대,충북,80
2024-03,합,공공임대,충남,0
2024-03,합,공공임대,전북,0
2024-03,합,공공임대,전남,0
2024-03,합,공공임대,경북,0
2024-03,합,공공임대,경남,0
2024-03,합,공공임대,제주,0
2024-03,합,공공분양,전국,0
2024-03,합,공공분양,서울,0
2024-03,합,공공분양,인천,0
2024-03,합,공공분양,경기,0
2024-03,합,공공분양,부산,0
2024-03,합,공공분양,대구,0
2024-03,합,공공분양,광주,0
2024-03,합,공공분양,대전,0
2024-03,합,공공분양,울산,0
2024-03,합,공공분양,세종,0
2024-03,합,공공분양,강원,0
2024-03,합,공공분양,충북,0
2024-03,합,공공분양,충남,0
2024-03,합,공공분양,전북,0
2024-03,합,공공분양,전남,0
2024-03,합,공공분양,경북,0
2024-03,합,공공분양,경남,0
2024-03,합,공공분양,제주,0
2024-03,지자체,소계,전국,316
2024-03,지자체,소계,서울,0
2024-03,지자체,소계,인천,0
2024-03,지자체,소계,경기,0
2024-03,지자체,소계,부산,0
2024-03,지자체,소계,대구,278
2024-03,지자체,소계,광주,0
2024-03,지자체,소계,대전,0
2024-03,지자체,소계,울산,38
2024-03,지자체,소계,세종,0
2024-03,지자체,소계,강원,0
2024-03,지자체,소계,충북,0
2024-03,지자체,소계,충남,0
2024-03,지자체,소계,전북,0
2024-03,지자체,소계,전남,0
2024-03,지자체,소계,경북,0
2024-03,지자체,소계,경남,0
2024-03,지자체,소계,제주,0
2024-03,지자체,국민임대,전국,0
2024-03,지자체,국민임대,서울,0
2024-03,지자체,국민임대,인천,0
2024-03,지자체,국민임대,경기,0
2024-03,지자체,국민임대,부산,0
2024-03,지자체,국민임대,대구,0
2024-03,지자체,국민임대,광주,0
2024-03,지자체,국민임대,대전,0
2024-03,지자체,국민임대,울산,0
2024-03,지자체,국민임대,세종,0
2024-03,지자체,국민임대,강원,0
2024-03,지자체,국민임대,충북,0
2024-03,지자체,국민임대,충남,0
2024-03,지자체,국민임대,전북,0
2024-03,지자체,국민임대,전남,0
2024-03,지자체,국민임대,경북,0
2024-03,지자체,국민임대,경남,0
2024-03,지자체,국민임대,제주,0
2024-03,지자체,공공임대,전국,316
2024-03,지자체,공공임대,서울,0
2024-03,지자체,공공임대,인천,0
2024-03,지자체,공공임대,경기,0
2024-03,지자체,공공임대,부산,0
2024-03,지자체,공공임대,대구,278
2024-03,지자체,공공임대,광주,0
2024-03,지자체,공공임대,대전,0
2024-03,지자체,공공임대,울산,38
2024-03,지자체,공공임대,세종,0
2024-03,지자체,공공임대,강원,0
2024-03,지자체,공공임대,충북,0
2024-03,지자체,공공임대,충남,0
2024-03,지자체,공공임대,전북,0
2024-03,지자체,공공임대,전남,0
2024-03,지자체,공공임대,경북,0
2024-03,지자체,공공임대,경남,0
2024-03,지자체,공공임대,제주,0
2024-03,지자체,공공분양,전국,0
2024-03,지자체,공공분양,서울,0
2024-03,지자체,공공분양,인천,0
2024-03,지자체,공공분양,경기,0
2024-03,지자체,공공분양,부산,0
2024-03,지자체,공공분양,대구,0
2024-03,지자체,공공분양,광주,0
2024-03,지자체,공공분양,대전,0
2024-03,지자체,공공분양,울산,0
2024-03,지자체,공공분양,세종,0
2024-03,지자체,공공분양,강원,0
2024-03,지자체,공공분양,충북,0
2024-03,지자체,공공분양,충남,0
2024-03,지자체,공공분양,전북,0
2024-03,지자체,공공분양,전남,0
2024-03,지자체,공공분양,경북,0
2024-03,지자체,공공분양,경남,0
2024-03,지자체,공공분양,제주,0
2024-03,LH,소계,전국,80
2024-03,LH,소계,서울,0
2024-03,LH,소계,인천,0
2024-03,LH,소계,경기,0
2024-03,LH,소계,부산,0
2024-03,LH,소계,대구,0
2024-03,LH,소계,광주,0
2024-03,LH,소계,대전,0
2024-03,LH,소계,울산,0
2024-03,LH,소계,세종,0
2024-03,LH,소계,강원,0
2024-03,LH,소계,충북,80
2024-03,LH,소계,충남,0
2024-03,LH,소계,전북,0
2024-03,LH,소계,전남,0
2024-03,LH,소계,경북,0
2024-03,LH,소계,경남,0
2024-03,LH,소계,제주,0
2024-03,LH,국민임대,전국,0
2024-03,LH,국민임대,서울,0
2024-03,LH,국민임대,인천,0
2024-03,LH,국민임대,경기,0
2024-03,LH,국민임대,부산,0
2024-03,LH,국민임대,대구,0
2024-03,LH,국민임대,광주,0
2024-03,LH,국민임대,대전,0
2024-03,LH,국민임대,울산,0
2024-03,LH,국민임대,세종,0
2024-03,LH,국민임대,강원,0
2024-03,LH,국민임대,충북,0
2024-03,LH,국민임대,충남,0
2024-03,LH,국민임대,전북,0
2024-03,LH,국민임대,전남,0
2024-03,LH,국민임대,경북,0
2024-03,LH,국민임대,경남,0
2024-03,LH,국민임대,제주,0
2024-03,LH,공공임대,전국,80
2024-03,LH,공공임대,서울,0
2024-03,LH,공공임대,인천,0
2024-03,LH,공공임대,경기,0
2024-03,LH,공공임대,부산,0
2024-03,LH,공공임대,대구,0
2024-03,LH,공공임대,광주,0
2024-03,LH,공공임대,대전,0
2024-03,LH,공공임대,울산,0
2024-03,LH,공공임대,세종,0
2024-03,LH,공공임대,강원,0
2024-03,LH,공공임대,충북,80
2024-03,LH,공공임대,충남,0
2024-03,LH,공공임대,전북,0
2024-03,LH,공공임대,전남,0
2024-03,LH,공공임대,경북,0
2024-03,LH,공공임대,경남,0
2024-03,LH,공공임대,제주,0
2024-03,LH,공공분양,전국,0
2024-03,LH,공공분양,서울,0
2024-03,LH,공공분양,인천,0
2024-03,LH,공공분양,경기,0
2024-03,LH,공공분양,부산,0
2024-03,LH,공공분양,대구,0
2024-03,LH,공공분양,광주,0
2024-03,LH,공공분양,대전,0
2024-03,LH,공공분양,울산,0
2024-03,LH,공공분양,세종,0
2024-03,LH,공공분양,강원,0
2024-03,LH,공공분양,충북,0
2024-03,LH,공공분양,충남,0
2024-03,LH,공공분양,전북,0
2024-03,LH,공공분양,전남,0
2024-03,LH,공공분양,경북,0
2024-03,LH,공공분양,경남,0
2024-03,LH,공공분양,제주,0
2024-03,주택업체,소계,전국,1
2024-03,주택업체,소계,서울,1
2024-03,주택업체,소계,인천,0
2024-03,주택업체,소계,경기,0
2024-03,주택업체,소계,부산,0
2024-03,주택업체,소계,대구,0
2024-03,주택업체,소계,광주,0
2024-03,주택업체,소계,대전,0
2024-03,주택업체,소계,울산,0
2024-03,주택업체,소계,세종,0
2024-03,주택업체,소계,강원,0
2024-03,주택업체,소계,충북,0
2024-03,주택업체,소계,충남,0
2024-03,주택업체,소계,전북,0
2024-03,주택업체,소계,전남,0
2024-03,주택업체,소계,경북,0
2024-03,주택업체,소계,경남,0
2024-03,주택업체,소계,제주,0
2024-03,주택업체,국민임대,전국,0
2024-03,주택업체,국민임대,서울,0
2024-03,주택업체,국민임대,인천,0
2024-03,주택업체,국민임대,경기,0
2024-03,주택업체,국민임대,부산,0
2024-03,주택업체,국민임대,대구,0
2024-03,주택업체,국민임대,광주,0
2024-03,주택업체,국민임대,대전,0
2024-03,주택업체,국민임대,울산,0
2024-03,주택업체,국민임대,세종,0
2024-03,주택업체,국민임대,강원,0
2024-03,주택업체,국민임대,충북,0
2024-03,주택업체,국민임대,충남,0
2024-03,주택업체,국민임대,전북,0
2024-03,주택업체,국민임대,전남,0
2024-03,주택업체,국민임대,경북,0
2024-03,주택업체,국민임대,경남,0
2024-03,주택업체,국민임대,제주,0
2024-03,주택업체,공공임대,전국,1
2024-03,주택업체,공공임대,서울,1
2024-03,주택업체,공공임대,인천,0
2024-03,주택업체,공공임대,경기,0
2024-03,주택업체,공공임대,부산,0
2024-03,주택업체,공공임대,대구,0
2024-03,주택업체,공공임대,광주,0
2024-03,주택업체,공공임대,대전,0
2024-03,주택업체,공공임대,울산,0
2024-03,주택업체,공공임대,세종,0
2024-03,주택업체,공공임대,강원,0
2024-03,주택업체,공공임대,충북,0
2024-03,주택업체,공공임대,충남,0
2024-03,주택업체,공공임대,전북,0
2024-03,주택업체,공공임대,전남,0
2024-03,주택업체,공공임대,경북,0
2024-03,주택업체,공공임대,경남,0
2024-03,주택업체,공공임대,제주,0
2024-03,주택업체,공공분양,전국,0
2024-03,주택업체,공공분양,서울,0
2024-03,주택업체,공공분양,인천,0
2024-03,주택업체,공공분양,경기,0
2024-03,주택업체,공공분양,부산,0
2024-03,주택업체,공공분양,대구,0
2024-03,주택업체,공공분양,광주,0
2024-03,주택업체,공공분양,대전,0
2024-03,주택업체,공공분양,울산,0
2024-03,주택업체,공공분양,세종,0
2024-03,주택업체,공공분양,강원,0
2024-03,주택업체,공공분양,충북,0
2024-03,주택업체,공공분양,충남,0
2024-03,주택업체,공공분양,전북,0
2024-03,주택업체,공공분양,전남,0
2024-03,주택업체,공공분양,경북,0
2024-03,주택업체,공공분양,경남,0
2024-03,주택업체,공공분양,제주,0
2024-03,민간부문,소계,전국,16,522
2024-03,민간부문,소계,서울,6,989
2024-03,민간부문,소계,인천,650
2024-03,민간부문,소계,경기,2,347
2024-03,민간부문,소계,부산,1,812
2024-03,민간부문,소계,대구,14
2024-03,민간부문,소계,광주,439
2024-03,민간부문,소계,대전,1,358
2024-03,민간부문,소계,울산,219
2024-03,민간부문,소계,세종,7
2024-03,민간부문,소계,강원,273
2024-03,민간부문,소계,충북,237
2024-03,민간부문,소계,충남,230
2024-03,민간부문,소계,전북,122
2024-03,민간부문,소계,전남,295
2024-03,민간부문,소계,경북,262
2024-03,민간부문,소계,경남,928
2024-03,민간부문,소계,제주,340
2024-03,민간,민간임대,전국,659
2024-03,민간,민간임대,서울,0
2024-03,민간,민간임대,인천,0
2024-03,민간,민간임대,경기,622
2024-03,민간,민간임대,부산,0
2024-03,민간,민간임대,대구,0
2024-03,민간,민간임대,광주,0
2024-03,민간,민간임대,대전,0
2024-03,민간,민간임대,울산,0
2024-03,민간,민간임대,세종,0
2024-03,민간,민간임대,강원,0
2024-03,민간,민간임대,충북,0
2024-03,민간,민간임대,충남,0
2024-03,민간,민간임대,전북,0
2024-03,민간,민간임대,전남,37
2024-03,민간,민간임대,경북,0
2024-03,민간,민간임대,경남,0
2024-03,민간,민간임대,제주,0
2024-03,민간,민간분양,전국,15,863
2024-03,민간,민간분양,서울,6,989
2024-03,민간,민간분양,인천,650
2024-03,민간,민간분양,경기,1,725
2024-03,민간,민간분양,부산,1,812
2024-03,민간,민간분양,대구,14
2024-03,민간,민간분양,광주,439
2024-03,민간,민간분양,대전,1,358
2024-03,민간,민간분양,울산,219
2024-03,민간,민간분양,세종,7
2024-03,민간,민간분양,강원,273
2024-03,민간,민간분양,충북,237
2024-03,민간,민간분양,충남,230
2024-03,민간,민간분양,전북,122
2024-03,민간,민간분양,전남,258
2024-03,민간,민간분양,경북,262
2024-03,민간,민간분양,경남,928
2024-03,민간,민간분양,제주,340
2024-04,총계,총계,전국,26,103
2024-04,총계,총계,서울,746
2024-04,총계,총계,인천,3,197
2024-04,총계,총계,경기,13,762
2024-04,총계,총계,부산,678
2024-04,총계,총계,대구,198
2024-04,총계,총계,광주,13
2024-04,총계,총계,대전,1,811
2024-04,총계,총계,울산,22
2024-04,총계,총계,세종,15
2024-04,총계,총계,강원,1,309
2024-04,총계,총계,충북,213
2024-04,총계,총계,충남,1,113
2024-04,총계,총계,전북,1,330
2024-04,총계,총계,전남,462
2024-04,총계,총계,경북,833
2024-04,총계,총계,경남,257
2024-04,총계,총계,제주,144
2024-04,공공부문,소계,전국,0
2024-04,공공부문,소계,서울,0
2024-04,공공부문,소계,인천,0
2024-04,공공부문,소계,경기,0
2024-04,공공부문,소계,부산,0
2024-04,공공부문,소계,대구,0
2024-04,공공부문,소계,광주,0
2024-04,공공부문,소계,대전,0
2024-04,공공부문,소계,울산,0
2024-04,공공부문,소계,세종,0
2024-04,공공부문,소계,강원,0
2024-04,공공부문,소계,충북,0
2024-04,공공부문,소계,충남,0
2024-04,공공부문,소계,전북,0
2024-04,공공부문,소계,전남,0
2024-04,공공부문,소계,경북,0
2024-04,공공부문,소계,경남,0
2024-04,공공부문,소계,제주,0
2024-04,합,국민임대,전국,0
2024-04,합,국민임대,서울,0
2024-04,합,국민임대,인천,0
2024-04,합,국민임대,경기,0
2024-04,합,국민임대,부산,0
2024-04,합,국민임대,대구,0
2024-04,합,국민임대,광주,0
2024-04,합,국민임대,대전,0
2024-04,합,국민임대,울산,0
2024-04,합,국민임대,세종,0
2024-04,합,국민임대,강원,0
2024-04,합,국민임대,충북,0
2024-04,합,국민임대,충남,0
2024-04,합,국민임대,전북,0
2024-04,합,국민임대,전남,0
2024-04,합,국민임대,경북,0
2024-04,합,국민임대,경남,0
2024-04,합,국민임대,제주,0
2024-04,합,공공임대,전국,0
2024-04,합,공공임대,서울,0
2024-04,합,공공임대,인천,0
2024-04,합,공공임대,경기,0
2024-04,합,공공임대,부산,0
2024-04,합,공공임대,대구,0
2024-04,합,공공임대,광주,0
2024-04,합,공공임대,대전,0
2024-04,합,공공임대,울산,0
2024-04,합,공공임대,세종,0
2024-04,합,공공임대,강원,0
2024-04,합,공공임대,충북,0
2024-04,합,공공임대,충남,0
2024-04,합,공공임대,전북,0
2024-04,합,공공임대,전남,0
2024-04,합,공공임대,경북,0
2024-04,합,공공임대,경남,0
2024-04,합,공공임대,제주,0
2024-04,합,공공분양,전국,0
2024-04,합,공공분양,서울,0
2024-04,합,공공분양,인천,0
2024-04,합,공공분양,경기,0
2024-04,합,공공분양,부산,0
2024-04,합,공공분양,대구,0
2024-04,합,공공분양,광주,0
2024-04,합,공공분양,대전,0
2024-04,합,공공분양,울산,0
2024-04,합,공공분양,세종,0
2024-04,합,공공분양,강원,0
2024-04,합,공공분양,충북,0
2024-04,합,공공분양,충남,0
2024-04,합,공공분양,전북,0
2024-04,합,공공분양,전남,0
2024-04,합,공공분양,경북,0
2024-04,합,공공분양,경남,0
2024-04,합,공공분양,제주,0
2024-04,지자체,소계,전국,0
2024-04,지자체,소계,서울,0
2024-04,지자체,소계,인천,0
2024-04,지자체,소계,경기,0
2024-04,지자체,소계,부산,0
2024-04,지자체,소계,대구,0
2024-04,지자체,소계,광주,0
2024-04,지자체,소계,대전,0
2024-04,지자체,소계,울산,0
2024-04,지자체,소계,세종,0
2024-04,지자체,소계,강원,0
2024-04,지자체,소계,충북,0
2024-04,지자체,소계,충남,0
2024-04,지자체,소계,전북,0
2024-04,지자체,소계,전남,0
2024-04,지자체,소계,경북,0
2024-04,지자체,소계,경남,0
2024-04,지자체,소계,제주,0
2024-04,지자체,국민임대,전국,0
2024-04,지자체,국민임대,서울,0
2024-04,지자체,국민임대,인천,0
2024-04,지자체,국민임대,경기,0
2024-04,지자체,국민임대,부산,0
2024-04,지자체,국민임대,대구,0
2024-04,지자체,국민임대,광주,0
2024-04,지자체,국민임대,대전,0
2024-04,지자체,국민임대,울산,0
2024-04,지자체,국민임대,세종,0
2024-04,지자체,국민임대,강원,0
2024-04,지자체,국민임대,충북,0
2024-04,지자체,국민임대,충남,0
2024-04,지자체,국민임대,전북,0
2024-04,지자체,국민임대,전남,0
2024-04,지자체,국민임대,경북,0
2024-04,지자체,국민임대,경남,0
2024-04,지자체,국민임대,제주,0
2024-04,지자체,공공임대,전국,0
2024-04,지자체,공공임대,서울,0
2024-04,지자체,공공임대,인천,0
2024-04,지자체,공공임대,경기,0
2024-04,지자체,공공임대,부산,0
2024-04,지자체,공공임대,대구,0
2024-04,지자체,공공임대,광주,0
2024-04,지자체,공공임대,대전,0
2024-04,지자체,공공임대,울산,0
2024-04,지자체,공공임대,세종,0
2024-04,지자체,공공임대,강원,0
2024-04,지자체,공공임대,충북,0
2024-04,지자체,공공임대,충남,0
2024-04,지자체,공공임대,전북,0
2024-04,지자체,공공임대,전남,0
2024-04,지자체,공공임대,경북,0
2024-04,지자체,공공임대,경남,0
2024-04,지자체,공공임대,제주,0
2024-04,지자체,공공분양,전국,0
2024-04,지자체,공공분양,서울,0
2024-04,지자체,공공분양,인천,0
2024-04,지자체,공공분양,경기,0
2024-04,지자체,공공분양,부산,0
2024-04,지자체,공공분양,대구,0
2024-04,지자체,공공분양,광주,0
2024-04,지자체,공공분양,대전,0
2024-04,지자체,공공분양,울산,0
2024-04,지자체,공공분양,세종,0
2024-04,지자체,공공분양,강원,0
2024-04,지자체,공공분양,충북,0
2024-04,지자체,공공분양,충남,0
2024-04,지자체,공공분양,전북,0
2024-04,지자체,공공분양,전남,0
2024-04,지자체,공공분양,경북,0
2024-04,지자체,공공분양,경남,0
2024-04,지자체,공공분양,제주,0
2024-04,LH,소계,전국,0
2024-04,LH,소계,서울,0
2024-04,LH,소계,인천,0
2024-04,LH,소계,경기,0
2024-04,LH,소계,부산,0
2024-04,LH,소계,대구,0
2024-04,LH,소계,광주,0
2024-04,LH,소계,대전,0
2024-04,LH,소계,울산,0
2024-04,LH,소계,세종,0
2024-04,LH,소계,강원,0
2024-04,LH,소계,충북,0
2024-04,LH,소계,충남,0
2024-04,LH,소계,전북,0
2024-04,LH,소계,전남,0
2024-04,LH,소계,경북,0
2024-04,LH,소계,경남,0
2024-04,LH,소계,제주,0
2024-04,LH,국민임대,전국,0
2024-04,LH,국민임대,서울,0
2024-04,LH,국민임대,인천,0
2024-04,LH,국민임대,경기,0
2024-04,LH,국민임대,부산,0
2024-04,LH,국민임대,대구,0
2024-04,LH,국민임대,광주,0
2024-04,LH,국민임대,대전,0
2024-04,LH,국민임대,울산,0
2024-04,LH,국민임대,세종,0
2024-04,LH,국민임대,강원,0
2024-04,LH,국민임대,충북,0
2024-04,LH,국민임대,충남,0
2024-04,LH,국민임대,전북,0
2024-04,LH,국민임대,전남,0
2024-04,LH,국민임대,경북,0
2024-04,LH,국민임대,경남,0
2024-04,LH,국민임대,제주,0
2024-04,LH,공공임대,전국,0
2024-04,LH,공공임대,서울,0
2024-04,LH,공공임대,인천,0
2024-04,LH,공공임대,경기,0
2024-04,LH,공공임대,부산,0
2024-04,LH,공공임대,대구,0
2024-04,LH,공공임대,광주,0
2024-04,LH,공공임대,대전,0
2024-04,LH,공공임대,울산,0
2024-04,LH,공공임대,세종,0
2024-04,LH,공공임대,강원,0
2024-04,LH,공공임대,충북,0
2024-04,LH,공공임대,충남,0
2024-04,LH,공공임대,전북,0
2024-04,LH,공공임대,전남,0
2024-04,LH,공공임대,경북,0
2024-04,LH,공공임대,경남,0
2024-04,LH,공공임대,제주,0
2024-04,LH,공공분양,전국,0
2024-04,LH,공공분양,서울,0
2024-04,LH,공공분양,인천,0
2024-04,LH,공공분양,경기,0
2024-04,LH,공공분양,부산,0
2024-04,LH,공공분양,대구,0
2024-04,LH,공공분양,광주,0
2024-04,LH,공공분양,대전,0
2024-04,LH,공공분양,울산,0
2024-04,LH,공공분양,세종,0
2024-04,LH,공공분양,강원,0
2024-04,LH,공공분양,충북,0
2024-04,LH,공공분양,충남,0
2024-04,LH,공공분양,전북,0
2024-04,LH,공공분양,전남,0
2024-04,LH,공공분양,경북,0
2024-04,LH,공공분양,경남,0
2024-04,LH,공공분양,제주,0
2024-04,주택업체,소계,전국,0
2024-04,주택업체,소계,서울,0
2024-04,주택업체,소계,인천,0
2024-04,주택업체,소계,경기,0
2024-04,주택업체,소계,부산,0
2024-04,주택업체,소계,대구,0
2024-04,주택업체,소계,광주,0
2024-04,주택업체,소계,대전,0
2024-04,주택업체,소계,울산,0
2024-04,주택업체,소계,세종,0
2024-04,주택업체,소계,강원,0
2024-04,주택업체,소계,충북,0
2024-04,주택업체,소계,충남,0
2024-04,주택업체,소계,전북,0
2024-04,주택업체,소계,전남,0
2024-04,주택업체,소계,경북,0
2024-04,주택업체,소계,경남,0
2024-04,주택업체,소계,제주,0
2024-04,주택업체,국민임대,전국,0
2024-04,주택업체,국민임대,서울,0
2024-04,주택업체,국민임대,인천,0
2024-04,주택업체,국민임대,경기,0
2024-04,주택업체,국민임대,부산,0
2024-04,주택업체,국민임대,대구,0
2024-04,주택업체,국민임대,광주,0
2024-04,주택업체,국민임대,대전,0
2024-04,주택업체,국민임대,울산,0
2024-04,주택업체,국민임대,세종,0
2024-04,주택업체,국민임대,강원,0
2024-04,주택업체,국민임대,충북,0
2024-04,주택업체,국민임대,충남,0
2024-04,주택업체,국민임대,전북,0
2024-04,주택업체,국민임대,전남,0
2024-04,주택업체,국민임대,경북,0
2024-04,주택업체,국민임대,경남,0
2024-04,주택업체,국민임대,제주,0
2024-04,주택업체,공공임대,전국,0
2024-04,주택업체,공공임대,서울,0
2024-04,주택업체,공공임대,인천,0
2024-04,주택업체,공공임대,경기,0
2024-04,주택업체,공공임대,부산,0
2024-04,주택업체,공공임대,대구,0
2024-04,주택업체,공공임대,광주,0
2024-04,주택업체,공공임대,대전,0
2024-04,주택업체,공공임대,울산,0
2024-04,주택업체,공공임대,세종,0
2024-04,주택업체,공공임대,강원,0
2024-04,주택업체,공공임대,충북,0
2024-04,주택업체,공공임대,충남,0
2024-04,주택업체,공공임대,전북,0
2024-04,주택업체,공공임대,전남,0
2024-04,주택업체,공공임대,경북,0
2024-04,주택업체,공공임대,경남,0
2024-04,주택업체,공공임대,제주,0
2024-04,주택업체,공공분양,전국,0
2024-04,주택업체,공공분양,서울,0
2024-04,주택업체,공공분양,인천,0
2024-04,주택업체,공공분양,경기,0
2024-04,주택업체,공공분양,부산,0
2024-04,주택업체,공공분양,대구,0
2024-04,주택업체,공공분양,광주,0
2024-04,주택업체,공공분양,대전,0
2024-04,주택업체,공공분양,울산,0
2024-04,주택업체,공공분양,세종,0
2024-04,주택업체,공공분양,강원,0
2024-04,주택업체,공공분양,충북,0
2024-04,주택업체,공공분양,충남,0
2024-04,주택업체,공공분양,전북,0
2024-04,주택업체,공공분양,전남,0
2024-04,주택업체,공공분양,경북,0
2024-04,주택업체,공공분양,경남,0
2024-04,주택업체,공공분양,제주,0
2024-04,민간부문,소계,전국,26,103
2024-04,민간부문,소계,서울,746
2024-04,민간부문,소계,인천,3,197
2024-04,민간부문,소계,경기,13,762
2024-04,민간부문,소계,부산,678
2024-04,민간부문,소계,대구,198
2024-04,민간부문,소계,광주,13
2024-04,민간부문,소계,대전,1,811
2024-04,민간부문,소계,울산,22
2024-04,민간부문,소계,세종,15
2024-04,민간부문,소계,강원,1,309
2024-04,민간부문,소계,충북,213
2024-04,민간부문,소계,충남,1,113
2024-04,민간부문,소계,전북,1,330
2024-04,민간부문,소계,전남,462
2024-04,민간부문,소계,경북,833
2024-04,민간부문,소계,경남,257
2024-04,민간부문,소계,제주,144
2024-04,민간,민간임대,전국,1,673
2024-04,민간,민간임대,서울,0
2024-04,민간,민간임대,인천,0
2024-04,민간,민간임대,경기,1,471
2024-04,민간,민간임대,부산,0
2024-04,민간,민간임대,대구,0
2024-04,민간,민간임대,광주,0
2024-04,민간,민간임대,대전,0
2024-04,민간,민간임대,울산,0
2024-04,민간,민간임대,세종,0
2024-04,민간,민간임대,강원,0
2024-04,민간,민간임대,충북,0
2024-04,민간,민간임대,충남,0
2024-04,민간,민간임대,전북,0
2024-04,민간,민간임대,전남,202
2024-04,민간,민간임대,경북,0
2024-04,민간,민간임대,경남,0
2024-04,민간,민간임대,제주,0
2024-04,민간,민간분양,전국,24,430
2024-04,민간,민간분양,서울,746
2024-04,민간,민간분양,인천,3,197
2024-04,민간,민간분양,경기,12,291
2024-04,민간,민간분양,부산,678
2024-04,민간,민간분양,대구,198
2024-04,민간,민간분양,광주,13
2024-04,민간,민간분양,대전,1,811
2024-04,민간,민간분양,울산,22
2024-04,민간,민간분양,세종,15
2024-04,민간,민간분양,강원,1,309
2024-04,민간,민간분양,충북,213
2024-04,민간,민간분양,충남,1,113
2024-04,민간,민간분양,전북,1,330
2024-04,민간,민간분양,전남,260
2024-04,민간,민간분양,경북,833
2024-04,민간,민간분양,경남,257
2024-04,민간,민간분양,제주,144
2024-05,총계,총계,전국,17,181
2024-05,총계,총계,서울,1,417
2024-05,총계,총계,인천,2,849
2024-05,총계,총계,경기,5,686
2024-05,총계,총계,부산,1,556
2024-05,총계,총계,대구,1,115
2024-05,총계,총계,광주,21
2024-05,총계,총계,대전,35
2024-05,총계,총계,울산,25
2024-05,총계,총계,세종,58
2024-05,총계,총계,강원,556
2024-05,총계,총계,충북,231
2024-05,총계,총계,충남,852
2024-05,총계,총계,전북,169
2024-05,총계,총계,전남,318
2024-05,총계,총계,경북,261
2024-05,총계,총계,경남,1,665
2024-05,총계,총계,제주,367
2024-05,공공부문,소계,전국,197
2024-05,공공부문,소계,서울,0
2024-05,공공부문,소계,인천,0
2024-05,공공부문,소계,경기,152
2024-05,공공부문,소계,부산,0
2024-05,공공부문,소계,대구,0
2024-05,공공부문,소계,광주,0
2024-05,공공부문,소계,대전,0
2024-05,공공부문,소계,울산,0
2024-05,공공부문,소계,세종,0
2024-05,공공부문,소계,강원,0
2024-05,공공부문,소계,충북,0
2024-05,공공부문,소계,충남,0
2024-05,공공부문,소계,전북,0
2024-05,공공부문,소계,전남,0
2024-05,공공부문,소계,경북,0
2024-05,공공부문,소계,경남,45
2024-05,공공부문,소계,제주,0
2024-05,합,국민임대,전국,0
2024-05,합,국민임대,서울,0
2024-05,합,국민임대,인천,0
2024-05,합,국민임대,경기,0
2024-05,합,국민임대,부산,0
2024-05,합,국민임대,대구,0
2024-05,합,국민임대,광주,0
2024-05,합,국민임대,대전,0
2024-05,합,국민임대,울산,0
2024-05,합,국민임대,세종,0
2024-05,합,국민임대,강원,0
2024-05,합,국민임대,충북,0
2024-05,합,국민임대,충남,0
2024-05,합,국민임대,전북,0
2024-05,합,국민임대,전남,0
2024-05,합,국민임대,경북,0
2024-05,합,국민임대,경남,0
2024-05,합,국민임대,제주,0
2024-05,합,공공임대,전국,197
2024-05,합,공공임대,서울,0
2024-05,합,공공임대,인천,0
2024-05,합,공공임대,경기,152
2024-05,합,공공임대,부산,0
2024-05,합,공공임대,대구,0
2024-05,합,공공임대,광주,0
2024-05,합,공공임대,대전,0
2024-05,합,공공임대,울산,0
2024-05,합,공공임대,세종,0
2024-05,합,공공임대,강원,0
2024-05,합,공공임대,충북,0
2024-05,합,공공임대,충남,0
2024-05,합,공공임대,전북,0
2024-05,합,공공임대,전남,0
2024-05,합,공공임대,경북,0
2024-05,합,공공임대,경남,45
2024-05,합,공공임대,제주,0
2024-05,합,공공분양,전국,0
2024-05,합,공공분양,서울,0
2024-05,합,공공분양,인천,0
2024-05,합,공공분양,경기,0
2024-05,합,공공분양,부산,0
2024-05,합,공공분양,대구,0
2024-05,합,공공분양,광주,0
2024-05,합,공공분양,대전,0
2024-05,합,공공분양,울산,0
2024-05,합,공공분양,세종,0
2024-05,합,공공분양,강원,0
2024-05,합,공공분양,충북,0
2024-05,합,공공분양,충남,0
2024-05,합,공공분양,전북,0
2024-05,합,공공분양,전남,0
2024-05,합,공공분양,경북,0
2024-05,합,공공분양,경남,0
2024-05,합,공공분양,제주,0
2024-05,지자체,소계,전국,197
2024-05,지자체,소계,서울,0
2024-05,지자체,소계,인천,0
2024-05,지자체,소계,경기,152
2024-05,지자체,소계,부산,0
2024-05,지자체,소계,대구,0
2024-05,지자체,소계,광주,0
2024-05,지자체,소계,대전,0
2024-05,지자체,소계,울산,0
2024-05,지자체,소계,세종,0
2024-05,지자체,소계,강원,0
2024-05,지자체,소계,충북,0
2024-05,지자체,소계,충남,0
2024-05,지자체,소계,전북,0
2024-05,지자체,소계,전남,0
2024-05,지자체,소계,경북,0
2024-05,지자체,소계,경남,45
2024-05,지자체,소계,제주,0
2024-05,지자체,국민임대,전국,0
2024-05,지자체,국민임대,서울,0
2024-05,지자체,국민임대,인천,0
2024-05,지자체,국민임대,경기,0
2024-05,지자체,국민임대,부산,0
2024-05,지자체,국민임대,대구,0
2024-05,지자체,국민임대,광주,0
2024-05,지자체,국민임대,대전,0
2024-05,지자체,국민임대,울산,0
2024-05,지자체,국민임대,세종,0
2024-05,지자체,국민임대,강원,0
2024-05,지자체,국민임대,충북,0
2024-05,지자체,국민임대,충남,0
2024-05,지자체,국민임대,전북,0
2024-05,지자체,국민임대,전남,0
2024-05,지자체,국민임대,경북,0
2024-05,지자체,국민임대,경남,0
2024-05,지자체,국민임대,제주,0
2024-05,지자체,공공임대,전국,197
2024-05,지자체,공공임대,서울,0
2024-05,지자체,공공임대,인천,0
2024-05,지자체,공공임대,경기,152
2024-05,지자체,공공임대,부산,0
2024-05,지자체,공공임대,대구,0
2024-05,지자체,공공임대,광주,0
2024-05,지자체,공공임대,대전,0
2024-05,지자체,공공임대,울산,0
2024-05,지자체,공공임대,세종,0
2024-05,지자체,공공임대,강원,0
2024-05,지자체,공공임대,충북,0
2024-05,지자체,공공임대,충남,0
2024-05,지자체,공공임대,전북,0
2024-05,지자체,공공임대,전남,0
2024-05,지자체,공공임대,경북,0
2024-05,지자체,공공임대,경남,45
2024-05,지자체,공공임대,제주,0
2024-05,지자체,공공분양,전국,0
2024-05,지자체,공공분양,서울,0
2024-05,지자체,공공분양,인천,0
2024-05,지자체,공공분양,경기,0
2024-05,지자체,공공분양,부산,0
2024-05,지자체,공공분양,대구,0
2024-05,지자체,공공분양,광주,0
2024-05,지자체,공공분양,대전,0
2024-05,지자체,공공분양,울산,0
2024-05,지자체,공공분양,세종,0
2024-05,지자체,공공분양,강원,0
2024-05,지자체,공공분양,충북,0
2024-05,지자체,공공분양,충남,0
2024-05,지자체,공공분양,전북,0
2024-05,지자체,공공분양,전남,0
2024-05,지자체,공공분양,경북,0
2024-05,지자체,공공분양,경남,0
2024-05,지자체,공공분양,제주,0
2024-05,LH,소계,전국,0
2024-05,LH,소계,서울,0
2024-05,LH,소계,인천,0
2024-05,LH,소계,경기,0
2024-05,LH,소계,부산,0
2024-05,LH,소계,대구,0
2024-05,LH,소계,광주,0
2024-05,LH,소계,대전,0
2024-05,LH,소계,울산,0
2024-05,LH,소계,세종,0
2024-05,LH,소계,강원,0
2024-05,LH,소계,충북,0
2024-05,LH,소계,충남,0
2024-05,LH,소계,전북,0
2024-05,LH,소계,전남,0
2024-05,LH,소계,경북,0
2024-05,LH,소계,경남,0
2024-05,LH,소계,제주,0
2024-05,LH,국민임대,전국,0
2024-05,LH,국민임대,서울,0
2024-05,LH,국민임대,인천,0
2024-05,LH,국민임대,경기,0
2024-05,LH,국민임대,부산,0
2024-05,LH,국민임대,대구,0
2024-05,LH,국민임대,광주,0
2024-05,LH,국민임대,대전,0
2024-05,LH,국민임대,울산,0
2024-05,LH,국민임대,세종,0
2024-05,LH,국민임대,강원,0
2024-05,LH,국민임대,충북,0
2024-05,LH,국민임대,충남,0
2024-05,LH,국민임대,전북,0
2024-05,LH,국민임대,전남,0
2024-05,LH,국민임대,경북,0
2024-05,LH,국민임대,경남,0
2024-05,LH,국민임대,제주,0
2024-05,LH,공공임대,전국,0
2024-05,LH,공공임대,서울,0
2024-05,LH,공공임대,인천,0
2024-05,LH,공공임대,경기,0
2024-05,LH,공공임대,부산,0
2024-05,LH,공공임대,대구,0
2024-05,LH,공공임대,광주,0
2024-05,LH,공공임대,대전,0
2024-05,LH,공공임대,울산,0
2024-05,LH,공공임대,세종,0
2024-05,LH,공공임대,강원,0
2024-05,LH,공공임대,충북,0
2024-05,LH,공공임대,충남,0
2024-05,LH,공공임대,전북,0
2024-05,LH,공공임대,전남,0
2024-05,LH,공공임대,경북,0
2024-05,LH,공공임대,경남,0
2024-05,LH,공공임대,제주,0
2024-05,LH,공공분양,전국,0
2024-05,LH,공공분양,서울,0
2024-05,LH,공공분양,인천,0
2024-05,LH,공공분양,경기,0
2024-05,LH,공공분양,부산,0
2024-05,LH,공공분양,대구,0
2024-05,LH,공공분양,광주,0
2024-05,LH,공공분양,대전,0
2024-05,LH,공공분양,울산,0
2024-05,LH,공공분양,세종,0
2024-05,LH,공공분양,강원,0
2024-05,LH,공공분양,충북,0
2024-05,LH,공공분양,충남,0
2024-05,LH,공공분양,전북,0
2024-05,LH,공공분양,전남,0
2024-05,LH,공공분양,경북,0
2024-05,LH,공공분양,경남,0
2024-05,LH,공공분양,제주,0
2024-05,주택업체,소계,전국,0
2024-05,주택업체,소계,서울,0
2024-05,주택업체,소계,인천,0
2024-05,주택업체,소계,경기,0
2024-05,주택업체,소계,부산,0
2024-05,주택업체,소계,대구,0
2024-05,주택업체,소계,광주,0
2024-05,주택업체,소계,대전,0
2024-05,주택업체,소계,울산,0
2024-05,주택업체,소계,세종,0
2024-05,주택업체,소계,강원,0
2024-05,주택업체,소계,충북,0
2024-05,주택업체,소계,충남,0
2024-05,주택업체,소계,전북,0
2024-05,주택업체,소계,전남,0
2024-05,주택업체,소계,경북,0
2024-05,주택업체,소계,경남,0
2024-05,주택업체,소계,제주,0
2024-05,주택업체,국민임대,전국,0
2024-05,주택업체,국민임대,서울,0
2024-05,주택업체,국민임대,인천,0
2024-05,주택업체,국민임대,경기,0
2024-05,주택업체,국민임대,부산,0
2024-05,주택업체,국민임대,대구,0
2024-05,주택업체,국민임대,광주,0
2024-05,주택업체,국민임대,대전,0
2024-05,주택업체,국민임대,울산,0
2024-05,주택업체,국민임대,세종,0
2024-05,주택업체,국민임대,강원,0
2024-05,주택업체,국민임대,충북,0
2024-05,주택업체,국민임대,충남,0
2024-05,주택업체,국민임대,전북,0
2024-05,주택업체,국민임대,전남,0
2024-05,주택업체,국민임대,경북,0
2024-05,주택업체,국민임대,경남,0
2024-05,주택업체,국민임대,제주,0
2024-05,주택업체,공공임대,전국,0
2024-05,주택업체,공공임대,서울,0
2024-05,주택업체,공공임대,인천,0
2024-05,주택업체,공공임대,경기,0
2024-05,주택업체,공공임대,부산,0
2024-05,주택업체,공공임대,대구,0
2024-05,주택업체,공공임대,광주,0
2024-05,주택업체,공공임대,대전,0
2024-05,주택업체,공공임대,울산,0
2024-05,주택업체,공공임대,세종,0
2024-05,주택업체,공공임대,강원,0
2024-05,주택업체,공공임대,충북,0
2024-05,주택업체,공공임대,충남,0
2024-05,주택업체,공공임대,전북,0
2024-05,주택업체,공공임대,전남,0
2024-05,주택업체,공공임대,경북,0
2024-05,주택업체,공공임대,경남,0
2024-05,주택업체,공공임대,제주,0
2024-05,주택업체,공공분양,전국,0
2024-05,주택업체,공공분양,서울,0
2024-05,주택업체,공공분양,인천,0
2024-05,주택업체,공공분양,경기,0
2024-05,주택업체,공공분양,부산,0
2024-05,주택업체,공공분양,대구,0
2024-05,주택업체,공공분양,광주,0
2024-05,주택업체,공공분양,대전,0
2024-05,주택업체,공공분양,울산,0
2024-05,주택업체,공공분양,세종,0
2024-05,주택업체,공공분양,강원,0
2024-05,주택업체,공공분양,충북,0
2024-05,주택업체,공공분양,충남,0
2024-05,주택업체,공공분양,전북,0
2024-05,주택업체,공공분양,전남,0
2024-05,주택업체,공공분양,경북,0
2024-05,주택업체,공공분양,경남,0
2024-05,주택업체,공공분양,제주,0
2024-05,민간부문,소계,전국,16,984
2024-05,민간부문,소계,서울,1,417
2024-05,민간부문,소계,인천,2,849
2024-05,민간부문,소계,경기,5,534
2024-05,민간부문,소계,부산,1,556
2024-05,민간부문,소계,대구,1,115
2024-05,민간부문,소계,광주,21
2024-05,민간부문,소계,대전,35
2024-05,민간부문,소계,울산,25
2024-05,민간부문,소계,세종,58
2024-05,민간부문,소계,강원,556
2024-05,민간부문,소계,충북,231
2024-05,민간부문,소계,충남,852
2024-05,민간부문,소계,전북,169
2024-05,민간부문,소계,전남,318
2024-05,민간부문,소계,경북,261
2024-05,민간부문,소계,경남,1,620
2024-05,민간부문,소계,제주,367
2024-05,민간,민간임대,전국,1,832
2024-05,민간,민간임대,서울,0
2024-05,민간,민간임대,인천,0
2024-05,민간,민간임대,경기,1,247
2024-05,민간,민간임대,부산,0
2024-05,민간,민간임대,대구,0
2024-05,민간,민간임대,광주,0
2024-05,민간,민간임대,대전,0
2024-05,민간,민간임대,울산,0
2024-05,민간,민간임대,세종,0
2024-05,민간,민간임대,강원,0
2024-05,민간,민간임대,충북,0
2024-05,민간,민간임대,충남,585
2024-05,민간,민간임대,전북,0
2024-05,민간,민간임대,전남,0
2024-05,민간,민간임대,경북,0
2024-05,민간,민간임대,경남,0
2024-05,민간,민간임대,제주,0
2024-05,민간,민간분양,전국,15,152
2024-05,민간,민간분양,서울,1,417
2024-05,민간,민간분양,인천,2,849
2024-05,민간,민간분양,경기,4,287
2024-05,민간,민간분양,부산,1,556
2024-05,민간,민간분양,대구,1,115
2024-05,민간,민간분양,광주,21
2024-05,민간,민간분양,대전,35
2024-05,민간,민간분양,울산,25
2024-05,민간,민간분양,세종,58
2024-05,민간,민간분양,강원,556
2024-05,민간,민간분양,충북,231
2024-05,민간,민간분양,충남,267
2024-05,민간,민간분양,전북,169
2024-05,민간,민간분양,전남,318
2024-05,민간,민간분양,경북,261
2024-05,민간,민간분양,경남,1,620
2024-05,민간,민간분양,제주,367
2024-06,총계,총계,전국,22,135
2024-06,총계,총계,서울,1,019
2024-06,총계,총계,인천,838
2024-06,총계,총계,경기,6,221
2024-06,총계,총계,부산,1,473
2024-06,총계,총계,대구,25
2024-06,총계,총계,광주,780
2024-06,총계,총계,대전,3,659
2024-06,총계,총계,울산,22
2024-06,총계,총계,세종,8
2024-06,총계,총계,강원,1,270
2024-06,총계,총계,충북,1,666
2024-06,총계,총계,충남,3,076
2024-06,총계,총계,전북,314
2024-06,총계,총계,전남,1,217
2024-06,총계,총계,경북,182
2024-06,총계,총계,경남,184
2024-06,총계,총계,제주,181
2024-06,공공부문,소계,전국,2,519
2024-06,공공부문,소계,서울,0
2024-06,공공부문,소계,인천,0
2024-06,공공부문,소계,경기,0
2024-06,공공부문,소계,부산,0
2024-06,공공부문,소계,대구,0
2024-06,공공부문,소계,광주,0
2024-06,공공부문,소계,대전,1,420
2024-06,공공부문,소계,울산,0
2024-06,공공부문,소계,세종,0
2024-06,공공부문,소계,강원,130
2024-06,공공부문,소계,충북,0
2024-06,공공부문,소계,충남,969
2024-06,공공부문,소계,전북,0
2024-06,공공부문,소계,전남,0
2024-06,공공부문,소계,경북,0
2024-06,공공부문,소계,경남,0
2024-06,공공부문,소계,제주,0
2024-06,합,국민임대,전국,30
2024-06,합,국민임대,서울,0
2024-06,합,국민임대,인천,0
2024-06,합,국민임대,경기,0
2024-06,합,국민임대,부산,0
2024-06,합,국민임대,대구,0
2024-06,합,국민임대,광주,0
2024-06,합,국민임대,대전,0
2024-06,합,국민임대,울산,0
2024-06,합,국민임대,세종,0
2024-06,합,국민임대,강원,30
2024-06,합,국민임대,충북,0
2024-06,합,국민임대,충남,0
2024-06,합,국민임대,전북,0
2024-06,합,국민임대,전남,0
2024-06,합,국민임대,경북,0
2024-06,합,국민임대,경남,0
2024-06,합,국민임대,제주,0
2024-06,합,공공임대,전국,1,359
2024-06,합,공공임대,서울,0
2024-06,합,공공임대,인천,0
2024-06,합,공공임대,경기,0
2024-06,합,공공임대,부산,0
2024-06,합,공공임대,대구,0
2024-06,합,공공임대,광주,0
2024-06,합,공공임대,대전,290
2024-06,합,공공임대,울산,0
2024-06,합,공공임대,세종,0
2024-06,합,공공임대,강원,100
2024-06,합,공공임대,충북,0
2024-06,합,공공임대,충남,969
2024-06,합,공공임대,전북,0
2024-06,합,공공임대,전남,0
2024-06,합,공공임대,경북,0
2024-06,합,공공임대,경남,0
2024-06,합,공공임대,제주,0
2024-06,합,공공분양,전국,1,130
2024-06,합,공공분양,서울,0
2024-06,합,공공분양,인천,0
2024-06,합,공공분양,경기,0
2024-06,합,공공분양,부산,0
2024-06,합,공공분양,대구,0
2024-06,합,공공분양,광주,0
2024-06,합,공공분양,대전,1,130
2024-06,합,공공분양,울산,0
2024-06,합,공공분양,세종,0
2024-06,합,공공분양,강원,0
2024-06,합,공공분양,충북,0
2024-06,합,공공분양,충남,0
2024-06,합,공공분양,전북,0
2024-06,합,공공분양,전남,0
2024-06,합,공공분양,경북,0
2024-06,합,공공분양,경남,0
2024-06,합,공공분양,제주,0
2024-06,지자체,소계,전국,969
2024-06,지자체,소계,서울,0
2024-06,지자체,소계,인천,0
2024-06,지자체,소계,경기,0
2024-06,지자체,소계,부산,0
2024-06,지자체,소계,대구,0
2024-06,지자체,소계,광주,0
2024-06,지자체,소계,대전,0
2024-06,지자체,소계,울산,0
2024-06,지자체,소계,세종,0
2024-06,지자체,소계,강원,0
2024-06,지자체,소계,충북,0
2024-06,지자체,소계,충남,969
2024-06,지자체,소계,전북,0
2024-06,지자체,소계,전남,0
2024-06,지자체,소계,경북,0
2024-06,지자체,소계,경남,0
2024-06,지자체,소계,제주,0
2024-06,지자체,국민임대,전국,0
2024-06,지자체,국민임대,서울,0
2024-06,지자체,국민임대,인천,0
2024-06,지자체,국민임대,경기,0
2024-06,지자체,국민임대,부산,0
2024-06,지자체,국민임대,대구,0
2024-06,지자체,국민임대,광주,0
2024-06,지자체,국민임대,대전,0
2024-06,지자체,국민임대,울산,0
2024-06,지자체,국민임대,세종,0
2024-06,지자체,국민임대,강원,0
2024-06,지자체,국민임대,충북,0
2024-06,지자체,국민임대,충남,0
2024-06,지자체,국민임대,전북,0
2024-06,지자체,국민임대,전남,0
2024-06,지자체,국민임대,경북,0
2024-06,지자체,국민임대,경남,0
2024-06,지자체,국민임대,제주,0
2024-06,지자체,공공임대,전국,969
2024-06,지자체,공공임대,서울,0
2024-06,지자체,공공임대,인천,0
2024-06,지자체,공공임대,경기,0
2024-06,지자체,공공임대,부산,0
2024-06,지자체,공공임대,대구,0
2024-06,지자체,공공임대,광주,0
2024-06,지자체,공공임대,대전,0
2024-06,지자체,공공임대,울산,0
2024-06,지자체,공공임대,세종,0
2024-06,지자체,공공임대,강원,0
2024-06,지자체,공공임대,충북,0
2024-06,지자체,공공임대,충남,969
2024-06,지자체,공공임대,전북,0
2024-06,지자체,공공임대,전남,0
2024-06,지자체,공공임대,경북,0
2024-06,지자체,공공임대,경남,0
2024-06,지자체,공공임대,제주,0
2024-06,지자체,공공분양,전국,0
2024-06,지자체,공공분양,서울,0
2024-06,지자체,공공분양,인천,0
2024-06,지자체,공공분양,경기,0
2024-06,지자체,공공분양,부산,0
2024-06,지자체,공공분양,대구,0
2024-06,지자체,공공분양,광주,0
2024-06,지자체,공공분양,대전,0
2024-06,지자체,공공분양,울산,0
2024-06,지자체,공공분양,세종,0
2024-06,지자체,공공분양,강원,0
2024-06,지자체,공공분양,충북,0
2024-06,지자체,공공분양,충남,0
2024-06,지자체,공공분양,전북,0
2024-06,지자체,공공분양,전남,0
2024-06,지자체,공공분양,경북,0
2024-06,지자체,공공분양,경남,0
2024-06,지자체,공공분양,제주,0
2024-06,LH,소계,전국,1,550
2024-06,LH,소계,서울,0
2024-06,LH,소계,인천,0
2024-06,LH,소계,경기,0
2024-06,LH,소계,부산,0
2024-06,LH,소계,대구,0
2024-06,LH,소계,광주,0
2024-06,LH,소계,대전,1,420
2024-06,LH,소계,울산,0
2024-06,LH,소계,세종,0
2024-06,LH,소계,강원,130
2024-06,LH,소계,충북,0
2024-06,LH,소계,충남,0
2024-06,LH,소계,전북,0
2024-06,LH,소계,전남,0
2024-06,LH,소계,경북,0
2024-06,LH,소계,경남,0
2024-06,LH,소계,제주,0
2024-06,LH,국민임대,전국,30
2024-06,LH,국민임대,서울,0
2024-06,LH,국민임대,인천,0
2024-06,LH,국민임대,경기,0
2024-06,LH,국민임대,부산,0
2024-06,LH,국민임대,대구,0
2024-06,LH,국민임대,광주,0
2024-06,LH,국민임대,대전,0
2024-06,LH,국민임대,울산,0
2024-06,LH,국민임대,세종,0
2024-06,LH,국민임대,강원,30
2024-06,LH,국민임대,충북,0
2024-06,LH,국민임대,충남,0
2024-06,LH,국민임대,전북,0
2024-06,LH,국민임대,전남,0
2024-06,LH,국민임대,경북,0
2024-06,LH,국민임대,경남,0
2024-06,LH,국민임대,제주,0
2024-06,LH,공공임대,전국,390
2024-06,LH,공공임대,서울,0
2024-06,LH,공공임대,인천,0
2024-06,LH,공공임대,경기,0
2024-06,LH,공공임대,부산,0
2024-06,LH,공공임대,대구,0
2024-06,LH,공공임대,광주,0
2024-06,LH,공공임대,대전,290
2024-06,LH,공공임대,울산,0
2024-06,LH,공공임대,세종,0
2024-06,LH,공공임대,강원,100
2024-06,LH,공공임대,충북,0
2024-06,LH,공공임대,충남,0
2024-06,LH,공공임대,전북,0
2024-06,LH,공공임대,전남,0
2024-06,LH,공공임대,경북,0
2024-06,LH,공공임대,경남,0
2024-06,LH,공공임대,제주,0
2024-06,LH,공공분양,전국,1,130
2024-06,LH,공공분양,서울,0
2024-06,LH,공공분양,인천,0
2024-06,LH,공공분양,경기,0
2024-06,LH,공공분양,부산,0
2024-06,LH,공공분양,대구,0
2024-06,LH,공공분양,광주,0
2024-06,LH,공공분양,대전,1,130
2024-06,LH,공공분양,울산,0
2024-06,LH,공공분양,세종,0
2024-06,LH,공공분양,강원,0
2024-06,LH,공공분양,충북,0
2024-06,LH,공공분양,충남,0
2024-06,LH,공공분양,전북,0
2024-06,LH,공공분양,전남,0
2024-06,LH,공공분양,경북,0
2024-06,LH,공공분양,경남,0
2024-06,LH,공공분양,제주,0
2024-06,주택업체,소계,전국,0
2024-06,주택업체,소계,서울,0
2024-06,주택업체,소계,인천,0
2024-06,주택업체,소계,경기,0
2024-06,주택업체,소계,부산,0
2024-06,주택업체,소계,대구,0
2024-06,주택업체,소계,광주,0
2024-06,주택업체,소계,대전,0
2024-06,주택업체,소계,울산,0
2024-06,주택업체,소계,세종,0
2024-06,주택업체,소계,강원,0
2024-06,주택업체,소계,충북,0
2024-06,주택업체,소계,충남,0
2024-06,주택업체,소계,전북,0
2024-06,주택업체,소계,전남,0
2024-06,주택업체,소계,경북,0
2024-06,주택업체,소계,경남,0
2024-06,주택업체,소계,제주,0
2024-06,주택업체,국민임대,전국,0
2024-06,주택업체,국민임대,서울,0
2024-06,주택업체,국민임대,인천,0
2024-06,주택업체,국민임대,경기,0
2024-06,주택업체,국민임대,부산,0
2024-06,주택업체,국민임대,대구,0
2024-06,주택업체,국민임대,광주,0
2024-06,주택업체,국민임대,대전,0
2024-06,주택업체,국민임대,울산,0
2024-06,주택업체,국민임대,세종,0
2024-06,주택업체,국민임대,강원,0
2024-06,주택업체,국민임대,충북,0
2024-06,주택업체,국민임대,충남,0
2024-06,주택업체,국민임대,전북,0
2024-06,주택업체,국민임대,전남,0
2024-06,주택업체,국민임대,경북,0
2024-06,주택업체,국민임대,경남,0
2024-06,주택업체,국민임대,제주,0
2024-06,주택업체,공공임대,전국,0
2024-06,주택업체,공공임대,서울,0
2024-06,주택업체,공공임대,인천,0
2024-06,주택업체,공공임대,경기,0
2024-06,주택업체,공공임대,부산,0
2024-06,주택업체,공공임대,대구,0
2024-06,주택업체,공공임대,광주,0
2024-06,주택업체,공공임대,대전,0
2024-06,주택업체,공공임대,울산,0
2024-06,주택업체,공공임대,세종,0
2024-06,주택업체,공공임대,강원,0
2024-06,주택업체,공공임대,충북,0
2024-06,주택업체,공공임대,충남,0
2024-06,주택업체,공공임대,전북,0
2024-06,주택업체,공공임대,전남,0
2024-06,주택업체,공공임대,경북,0
2024-06,주택업체,공공임대,경남,0
2024-06,주택업체,공공임대,제주,0
2024-06,주택업체,공공분양,전국,0
2024-06,주택업체,공공분양,서울,0
2024-06,주택업체,공공분양,인천,0
2024-06,주택업체,공공분양,경기,0
2024-06,주택업체,공공분양,부산,0
2024-06,주택업체,공공분양,대구,0
2024-06,주택업체,공공분양,광주,0
2024-06,주택업체,공공분양,대전,0
2024-06,주택업체,공공분양,울산,0
2024-06,주택업체,공공분양,세종,0
2024-06,주택업체,공공분양,강원,0
2024-06,주택업체,공공분양,충북,0
2024-06,주택업체,공공분양,충남,0
2024-06,주택업체,공공분양,전북,0
2024-06,주택업체,공공분양,전남,0
2024-06,주택업체,공공분양,경북,0
2024-06,주택업체,공공분양,경남,0
2024-06,주택업체,공공분양,제주,0
2024-06,민간부문,소계,전국,19,616
2024-06,민간부문,소계,서울,1,019
2024-06,민간부문,소계,인천,838
2024-06,민간부문,소계,경기,6,221
2024-06,민간부문,소계,부산,1,473
2024-06,민간부문,소계,대구,25
2024-06,민간부문,소계,광주,780
2024-06,민간부문,소계,대전,2,239
2024-06,민간부문,소계,울산,22
2024-06,민간부문,소계,세종,8
2024-06,민간부문,소계,강원,1,140
2024-06,민간부문,소계,충북,1,666
2024-06,민간부문,소계,충남,2,107
2024-06,민간부문,소계,전북,314
2024-06,민간부문,소계,전남,1,217
2024-06,민간부문,소계,경북,182
2024-06,민간부문,소계,경남,184
2024-06,민간부문,소계,제주,181
2024-06,민간,민간임대,전국,743
2024-06,민간,민간임대,서울,0
2024-06,민간,민간임대,인천,0
2024-06,민간,민간임대,경기,0
2024-06,민간,민간임대,부산,90
2024-06,민간,민간임대,대구,0
2024-06,민간,민간임대,광주,0
2024-06,민간,민간임대,대전,0
2024-06,민간,민간임대,울산,0
2024-06,민간,민간임대,세종,0
2024-06,민간,민간임대,강원,0
2024-06,민간,민간임대,충북,0
2024-06,민간,민간임대,충남,478
2024-06,민간,민간임대,전북,175
2024-06,민간,민간임대,전남,0
2024-06,민간,민간임대,경북,0
2024-06,민간,민간임대,경남,0
2024-06,민간,민간임대,제주,0
2024-06,민간,민간분양,전국,18,873
2024-06,민간,민간분양,서울,1,019
2024-06,민간,민간분양,인천,838
2024-06,민간,민간분양,경기,6,221
2024-06,민간,민간분양,부산,1,383
2024-06,민간,민간분양,대구,25
2024-06,민간,민간분양,광주,780
2024-06,민간,민간분양,대전,2,239
2024-06,민간,민간분양,울산,22
2024-06,민간,민간분양,세종,8
2024-06,민간,민간분양,강원,1,140
2024-06,민간,민간분양,충북,1,666
2024-06,민간,민간분양,충남,1,629
2024-06,민간,민간분양,전북,139
2024-06,민간,민간분양,전남,1,217
2024-06,민간,민간분양,경북,182
2024-06,민간,민간분양,경남,184
2024-06,민간,민간분양,제주,181
2024-07,총계,총계,전국,16,532
2024-07,총계,총계,서울,1,886
2024-07,총계,총계,인천,1,060
2024-07,총계,총계,경기,5,469
2024-07,총계,총계,부산,27
2024-07,총계,총계,대구,22
2024-07,총계,총계,광주,5
2024-07,총계,총계,대전,4,087
2024-07,총계,총계,울산,31
2024-07,총계,총계,세종,56
2024-07,총계,총계,강원,1,020
2024-07,총계,총계,충북,216
2024-07,총계,총계,충남,468
2024-07,총계,총계,전북,307
2024-07,총계,총계,전남,690
2024-07,총계,총계,경북,241
2024-07,총계,총계,경남,827
2024-07,총계,총계,제주,120
2024-07,공공부문,소계,전국,81
2024-07,공공부문,소계,서울,0
2024-07,공공부문,소계,인천,0
2024-07,공공부문,소계,경기,81
2024-07,공공부문,소계,부산,0
2024-07,공공부문,소계,대구,0
2024-07,공공부문,소계,광주,0
2024-07,공공부문,소계,대전,0
2024-07,공공부문,소계,울산,0
2024-07,공공부문,소계,세종,0
2024-07,공공부문,소계,강원,0
2024-07,공공부문,소계,충북,0
2024-07,공공부문,소계,충남,0
2024-07,공공부문,소계,전북,0
2024-07,공공부문,소계,전남,0
2024-07,공공부문,소계,경북,0
2024-07,공공부문,소계,경남,0
2024-07,공공부문,소계,제주,0
2024-07,합,국민임대,전국,0
2024-07,합,국민임대,서울,0
2024-07,합,국민임대,인천,0
2024-07,합,국민임대,경기,0
2024-07,합,국민임대,부산,0
2024-07,합,국민임대,대구,0
2024-07,합,국민임대,광주,0
2024-07,합,국민임대,대전,0
2024-07,합,국민임대,울산,0
2024-07,합,국민임대,세종,0
2024-07,합,국민임대,강원,0
2024-07,합,국민임대,충북,0
2024-07,합,국민임대,충남,0
2024-07,합,국민임대,전북,0
2024-07,합,국민임대,전남,0
2024-07,합,국민임대,경북,0
2024-07,합,국민임대,경남,0
2024-07,합,국민임대,제주,0
2024-07,합,공공임대,전국,81
2024-07,합,공공임대,서울,0
2024-07,합,공공임대,인천,0
2024-07,합,공공임대,경기,81
2024-07,합,공공임대,부산,0
2024-07,합,공공임대,대구,0
2024-07,합,공공임대,광주,0
2024-07,합,공공임대,대전,0
2024-07,합,공공임대,울산,0
2024-07,합,공공임대,세종,0
2024-07,합,공공임대,강원,0
2024-07,합,공공임대,충북,0
2024-07,합,공공임대,충남,0
2024-07,합,공공임대,전북,0
2024-07,합,공공임대,전남,0
2024-07,합,공공임대,경북,0
2024-07,합,공공임대,경남,0
2024-07,합,공공임대,제주,0
2024-07,합,공공분양,전국,0
2024-07,합,공공분양,서울,0
2024-07,합,공공분양,인천,0
2024-07,합,공공분양,경기,0
2024-07,합,공공분양,부산,0
2024-07,합,공공분양,대구,0
2024-07,합,공공분양,광주,0
2024-07,합,공공분양,대전,0
2024-07,합,공공분양,울산,0
2024-07,합,공공분양,세종,0
2024-07,합,공공분양,강원,0
2024-07,합,공공분양,충북,0
2024-07,합,공공분양,충남,0
2024-07,합,공공분양,전북,0
2024-07,합,공공분양,전남,0
2024-07,합,공공분양,경북,0
2024-07,합,공공분양,경남,0
2024-07,합,공공분양,제주,0
2024-07,지자체,소계,전국,0
2024-07,지자체,소계,서울,0
2024-07,지자체,소계,인천,0
2024-07,지자체,소계,경기,0
2024-07,지자체,소계,부산,0
2024-07,지자체,소계,대구,0
2024-07,지자체,소계,광주,0
2024-07,지자체,소계,대전,0
2024-07,지자체,소계,울산,0
2024-07,지자체,소계,세종,0
2024-07,지자체,소계,강원,0
2024-07,지자체,소계,충북,0
2024-07,지자체,소계,충남,0
2024-07,지자체,소계,전북,0
2024-07,지자체,소계,전남,0
2024-07,지자체,소계,경북,0
2024-07,지자체,소계,경남,0
2024-07,지자체,소계,제주,0
2024-07,지자체,국민임대,전국,0
2024-07,지자체,국민임대,서울,0
2024-07,지자체,국민임대,인천,0
2024-07,지자체,국민임대,경기,0
2024-07,지자체,국민임대,부산,0
2024-07,지자체,국민임대,대구,0
2024-07,지자체,국민임대,광주,0
2024-07,지자체,국민임대,대전,0
2024-07,지자체,국민임대,울산,0
2024-07,지자체,국민임대,세종,0
2024-07,지자체,국민임대,강원,0
2024-07,지자체,국민임대,충북,0
2024-07,지자체,국민임대,충남,0
2024-07,지자체,국민임대,전북,0
2024-07,지자체,국민임대,전남,0
2024-07,지자체,국민임대,경북,0
2024-07,지자체,국민임대,경남,0
2024-07,지자체,국민임대,제주,0
2024-07,지자체,공공임대,전국,0
2024-07,지자체,공공임대,서울,0
2024-07,지자체,공공임대,인천,0
2024-07,지자체,공공임대,경기,0
2024-07,지자체,공공임대,부산,0
2024-07,지자체,공공임대,대구,0
2024-07,지자체,공공임대,광주,0
2024-07,지자체,공공임대,대전,0
2024-07,지자체,공공임대,울산,0
2024-07,지자체,공공임대,세종,0
2024-07,지자체,공공임대,강원,0
2024-07,지자체,공공임대,충북,0
2024-07,지자체,공공임대,충남,0
2024-07,지자체,공공임대,전북,0
2024-07,지자체,공공임대,전남,0
2024-07,지자체,공공임대,경북,0
2024-07,지자체,공공임대,경남,0
2024-07,지자체,공공임대,제주,0
2024-07,지자체,공공분양,전국,0
2024-07,지자체,공공분양,서울,0
2024-07,지자체,공공분양,인천,0
2024-07,지자체,공공분양,경기,0
2024-07,지자체,공공분양,부산,0
2024-07,지자체,공공분양,대구,0
2024-07,지자체,공공분양,광주,0
2024-07,지자체,공공분양,대전,0
2024-07,지자체,공공분양,울산,0
2024-07,지자체,공공분양,세종,0
2024-07,지자체,공공분양,강원,0
2024-07,지자체,공공분양,충북,0
2024-07,지자체,공공분양,충남,0
2024-07,지자체,공공분양,전북,0
2024-07,지자체,공공분양,전남,0
2024-07,지자체,공공분양,경북,0
2024-07,지자체,공공분양,경남,0
2024-07,지자체,공공분양,제주,0
2024-07,LH,소계,전국,0
2024-07,LH,소계,서울,0
2024-07,LH,소계,인천,0
2024-07,LH,소계,경기,0
2024-07,LH,소계,부산,0
2024-07,LH,소계,대구,0
2024-07,LH,소계,광주,0
2024-07,LH,소계,대전,0
2024-07,LH,소계,울산,0
2024-07,LH,소계,세종,0
2024-07,LH,소계,강원,0
2024-07,LH,소계,충북,0
2024-07,LH,소계,충남,0
2024-07,LH,소계,전북,0
2024-07,LH,소계,전남,0
2024-07,LH,소계,경북,0
2024-07,LH,소계,경남,0
2024-07,LH,소계,제주,0
2024-07,LH,국민임대,전국,0
2024-07,LH,국민임대,서울,0
2024-07,LH,국민임대,인천,0
2024-07,LH,국민임대,경기,0
2024-07,LH,국민임대,부산,0
2024-07,LH,국민임대,대구,0
2024-07,LH,국민임대,광주,0
2024-07,LH,국민임대,대전,0
2024-07,LH,국민임대,울산,0
2024-07,LH,국민임대,세종,0
2024-07,LH,국민임대,강원,0
2024-07,LH,국민임대,충북,0
2024-07,LH,국민임대,충남,0
2024-07,LH,국민임대,전북,0
2024-07,LH,국민임대,전남,0
2024-07,LH,국민임대,경북,0
2024-07,LH,국민임대,경남,0
2024-07,LH,국민임대,제주,0
2024-07,LH,공공임대,전국,0
2024-07,LH,공공임대,서울,0
2024-07,LH,공공임대,인천,0
2024-07,LH,공공임대,경기,0
2024-07,LH,공공임대,부산,0
2024-07,LH,공공임대,대구,0
2024-07,LH,공공임대,광주,0
2024-07,LH,공공임대,대전,0
2024-07,LH,공공임대,울산,0
2024-07,LH,공공임대,세종,0
2024-07,LH,공공임대,강원,0
2024-07,LH,공공임대,충북,0
2024-07,LH,공공임대,충남,0
2024-07,LH,공공임대,전북,0
2024-07,LH,공공임대,전남,0
2024-07,LH,공공임대,경북,0
2024-07,LH,공공임대,경남,0
2024-07,LH,공공임대,제주,0
2024-07,LH,공공분양,전국,0
2024-07,LH,공공분양,서울,0
2024-07,LH,공공분양,인천,0
2024-07,LH,공공분양,경기,0
2024-07,LH,공공분양,부산,0
2024-07,LH,공공분양,대구,0
2024-07,LH,공공분양,광주,0
2024-07,LH,공공분양,대전,0
2024-07,LH,공공분양,울산,0
2024-07,LH,공공분양,세종,0
2024-07,LH,공공분양,강원,0
2024-07,LH,공공분양,충북,0
2024-07,LH,공공분양,충남,0
2024-07,LH,공공분양,전북,0
2024-07,LH,공공분양,전남,0
2024-07,LH,공공분양,경북,0
2024-07,LH,공공분양,경남,0
2024-07,LH,공공분양,제주,0
2024-07,주택업체,소계,전국,81
2024-07,주택업체,소계,서울,0
2024-07,주택업체,소계,인천,0
2024-07,주택업체,소계,경기,81
2024-07,주택업체,소계,부산,0
2024-07,주택업체,소계,대구,0
2024-07,주택업체,소계,광주,0
2024-07,주택업체,소계,대전,0
2024-07,주택업체,소계,울산,0
2024-07,주택업체,소계,세종,0
2024-07,주택업체,소계,강원,0
2024-07,주택업체,소계,충북,0
2024-07,주택업체,소계,충남,0
2024-07,주택업체,소계,전북,0
2024-07,주택업체,소계,전남,0
2024-07,주택업체,소계,경북,0
2024-07,주택업체,소계,경남,0
2024-07,주택업체,소계,제주,0
2024-07,주택업체,국민임대,전국,0
2024-07,주택업체,국민임대,서울,0
2024-07,주택업체,국민임대,인천,0
2024-07,주택업체,국민임대,경기,0
2024-07,주택업체,국민임대,부산,0
2024-07,주택업체,국민임대,대구,0
2024-07,주택업체,국민임대,광주,0
2024-07,주택업체,국민임대,대전,0
2024-07,주택업체,국민임대,울산,0
2024-07,주택업체,국민임대,세종,0
2024-07,주택업체,국민임대,강원,0
2024-07,주택업체,국민임대,충북,0
2024-07,주택업체,국민임대,충남,0
2024-07,주택업체,국민임대,전북,0
2024-07,주택업체,국민임대,전남,0
2024-07,주택업체,국민임대,경북,0
2024-07,주택업체,국민임대,경남,0
2024-07,주택업체,국민임대,제주,0
2024-07,주택업체,공공임대,전국,81
2024-07,주택업체,공공임대,서울,0
2024-07,주택업체,공공임대,인천,0
2024-07,주택업체,공공임대,경기,81
2024-07,주택업체,공공임대,부산,0
2024-07,주택업체,공공임대,대구,0
2024-07,주택업체,공공임대,광주,0
2024-07,주택업체,공공임대,대전,0
2024-07,주택업체,공공임대,울산,0
2024-07,주택업체,공공임대,세종,0
2024-07,주택업체,공공임대,강원,0
2024-07,주택업체,공공임대,충북,0
2024-07,주택업체,공공임대,충남,0
2024-07,주택업체,공공임대,전북,0
2024-07,주택업체,공공임대,전남,0
2024-07,주택업체,공공임대,경북,0
2024-07,주택업체,공공임대,경남,0
2024-07,주택업체,공공임대,제주,0
2024-07,주택업체,공공분양,전국,0
2024-07,주택업체,공공분양,서울,0
2024-07,주택업체,공공분양,인천,0
2024-07,주택업체,공공분양,경기,0
2024-07,주택업체,공공분양,부산,0
2024-07,주택업체,공공분양,대구,0
2024-07,주택업체,공공분양,광주,0
2024-07,주택업체,공공분양,대전,0
2024-07,주택업체,공공분양,울산,0
2024-07,주택업체,공공분양,세종,0
2024-07,주택업체,공공분양,강원,0
2024-07,주택업체,공공분양,충북,0
2024-07,주택업체,공공분양,충남,0
2024-07,주택업체,공공분양,전북,0
2024-07,주택업체,공공분양,전남,0
2024-07,주택업체,공공분양,경북,0
2024-07,주택업체,공공분양,경남,0
2024-07,주택업체,공공분양,제주,0
2024-07,민간부문,소계,전국,16,451
2024-07,민간부문,소계,서울,1,886
2024-07,민간부문,소계,인천,1,060
2024-07,민간부문,소계,경기,5,388
2024-07,민간부문,소계,부산,27
2024-07,민간부문,소계,대구,22
2024-07,민간부문,소계,광주,5
2024-07,민간부문,소계,대전,4,087
2024-07,민간부문,소계,울산,31
2024-07,민간부문,소계,세종,56
2024-07,민간부문,소계,강원,1,020
2024-07,민간부문,소계,충북,216
2024-07,민간부문,소계,충남,468
2024-07,민간부문,소계,전북,307
2024-07,민간부문,소계,전남,690
2024-07,민간부문,소계,경북,241
2024-07,민간부문,소계,경남,827
2024-07,민간부문,소계,제주,120
2024-07,민간,민간임대,전국,198
2024-07,민간,민간임대,서울,0
2024-07,민간,민간임대,인천,0
2024-07,민간,민간임대,경기,0
2024-07,민간,민간임대,부산,0
2024-07,민간,민간임대,대구,0
2024-07,민간,민간임대,광주,0
2024-07,민간,민간임대,대전,0
2024-07,민간,민간임대,울산,0
2024-07,민간,민간임대,세종,0
2024-07,민간,민간임대,강원,0
2024-07,민간,민간임대,충북,0
2024-07,민간,민간임대,충남,0
2024-07,민간,민간임대,전북,198
2024-07,민간,민간임대,전남,0
2024-07,민간,민간임대,경북,0
2024-07,민간,민간임대,경남,0
2024-07,민간,민간임대,제주,0
2024-07,민간,민간분양,전국,16,253
2024-07,민간,민간분양,서울,1,886
2024-07,민간,민간분양,인천,1,060
2024-07,민간,민간분양,경기,5,388
2024-07,민간,민간분양,부산,27
2024-07,민간,민간분양,대구,22
2024-07,민간,민간분양,광주,5
2024-07,민간,민간분양,대전,4,087
2024-07,민간,민간분양,울산,31
2024-07,민간,민간분양,세종,56
2024-07,민간,민간분양,강원,1,020
2024-07,민간,민간분양,충북,216
2024-07,민간,민간분양,충남,468
2024-07,민간,민간분양,전북,109
2024-07,민간,민간분양,전남,690
2024-07,민간,민간분양,경북,241
2024-07,민간,민간분양,경남,827
2024-07,민간,민간분양,제주,120
2024-08,총계,총계,전국,29,227
2024-08,총계,총계,서울,1,769
2024-08,총계,총계,인천,3,564
2024-08,총계,총계,경기,16,042
2024-08,총계,총계,부산,2,453
2024-08,총계,총계,대구,118
2024-08,총계,총계,광주,13
2024-08,총계,총계,대전,12
2024-08,총계,총계,울산,819
2024-08,총계,총계,세종,10
2024-08,총계,총계,강원,308
2024-08,총계,총계,충북,982
2024-08,총계,총계,충남,198
2024-08,총계,총계,전북,187
2024-08,총계,총계,전남,214
2024-08,총계,총계,경북,195
2024-08,총계,총계,경남,748
2024-08,총계,총계,제주,1,595
2024-08,공공부문,소계,전국,601
2024-08,공공부문,소계,서울,505
2024-08,공공부문,소계,인천,0
2024-08,공공부문,소계,경기,0
2024-08,공공부문,소계,부산,0
2024-08,공공부문,소계,대구,0
2024-08,공공부문,소계,광주,0
2024-08,공공부문,소계,대전,0
2024-08,공공부문,소계,울산,0
2024-08,공공부문,소계,세종,0
2024-08,공공부문,소계,강원,96
2024-08,공공부문,소계,충북,0
2024-08,공공부문,소계,충남,0
2024-08,공공부문,소계,전북,0
2024-08,공공부문,소계,전남,0
2024-08,공공부문,소계,경북,0
2024-08,공공부문,소계,경남,0
2024-08,공공부문,소계,제주,0
2024-08,합,국민임대,전국,0
2024-08,합,국민임대,서울,0
2024-08,합,국민임대,인천,0
2024-08,합,국민임대,경기,0
2024-08,합,국민임대,부산,0
2024-08,합,국민임대,대구,0
2024-08,합,국민임대,광주,0
2024-08,합,국민임대,대전,0
2024-08,합,국민임대,울산,0
2024-08,합,국민임대,세종,0
2024-08,합,국민임대,강원,0
2024-08,합,국민임대,충북,0
2024-08,합,국민임대,충남,0
2024-08,합,국민임대,전북,0
2024-08,합,국민임대,전남,0
2024-08,합,국민임대,경북,0
2024-08,합,국민임대,경남,0
2024-08,합,국민임대,제주,0
2024-08,합,공공임대,전국,601
2024-08,합,공공임대,서울,505
2024-08,합,공공임대,인천,0
2024-08,합,공공임대,경기,0
2024-08,합,공공임대,부산,0
2024-08,합,공공임대,대구,0
2024-08,합,공공임대,광주,0
2024-08,합,공공임대,대전,0
2024-08,합,공공임대,울산,0
2024-08,합,공공임대,세종,0
2024-08,합,공공임대,강원,96
2024-08,합,공공임대,충북,0
2024-08,합,공공임대,충남,0
2024-08,합,공공임대,전북,0
2024-08,합,공공임대,전남,0
2024-08,합,공공임대,경북,0
2024-08,합,공공임대,경남,0
2024-08,합,공공임대,제주,0
2024-08,합,공공분양,전국,0
2024-08,합,공공분양,서울,0
2024-08,합,공공분양,인천,0
2024-08,합,공공분양,경기,0
2024-08,합,공공분양,부산,0
2024-08,합,공공분양,대구,0
2024-08,합,공공분양,광주,0
2024-08,합,공공분양,대전,0
2024-08,합,공공분양,울산,0
2024-08,합,공공분양,세종,0
2024-08,합,공공분양,강원,0
2024-08,합,공공분양,충북,0
2024-08,합,공공분양,충남,0
2024-08,합,공공분양,전북,0
2024-08,합,공공분양,전남,0
2024-08,합,공공분양,경북,0
2024-08,합,공공분양,경남,0
2024-08,합,공공분양,제주,0
2024-08,지자체,소계,전국,0
2024-08,지자체,소계,서울,0
2024-08,지자체,소계,인천,0
2024-08,지자체,소계,경기,0
2024-08,지자체,소계,부산,0
2024-08,지자체,소계,대구,0
2024-08,지자체,소계,광주,0
2024-08,지자체,소계,대전,0
2024-08,지자체,소계,울산,0
2024-08,지자체,소계,세종,0
2024-08,지자체,소계,강원,0
2024-08,지자체,소계,충북,0
2024-08,지자체,소계,충남,0
2024-08,지자체,소계,전북,0
2024-08,지자체,소계,전남,0
2024-08,지자체,소계,경북,0
2024-08,지자체,소계,경남,0
2024-08,지자체,소계,제주,0
2024-08,지자체,국민임대,전국,0
2024-08,지자체,국민임대,서울,0
2024-08,지자체,국민임대,인천,0
2024-08,지자체,국민임대,경기,0
2024-08,지자체,국민임대,부산,0
2024-08,지자체,국민임대,대구,0
2024-08,지자체,국민임대,광주,0
2024-08,지자체,국민임대,대전,0
2024-08,지자체,국민임대,울산,0
2024-08,지자체,국민임대,세종,0
2024-08,지자체,국민임대,강원,0
2024-08,지자체,국민임대,충북,0
2024-08,지자체,국민임대,충남,0
2024-08,지자체,국민임대,전북,0
2024-08,지자체,국민임대,전남,0
2024-08,지자체,국민임대,경북,0
2024-08,지자체,국민임대,경남,0
2024-08,지자체,국민임대,제주,0
2024-08,지자체,공공임대,전국,0
2024-08,지자체,공공임대,서울,0
2024-08,지자체,공공임대,인천,0
2024-08,지자체,공공임대,경기,0
2024-08,지자체,공공임대,부산,0
2024-08,지자체,공공임대,대구,0
2024-08,지자체,공공임대,광주,0
2024-08,지자체,공공임대,대전,0
2024-08,지자체,공공임대,울산,0
2024-08,지자체,공공임대,세종,0
2024-08,지자체,공공임대,강원,0
2024-08,지자체,공공임대,충북,0
2024-08,지자체,공공임대,충남,0
2024-08,지자체,공공임대,전북,0
2024-08,지자체,공공임대,전남,0
2024-08,지자체,공공임대,경북,0
2024-08,지자체,공공임대,경남,0
2024-08,지자체,공공임대,제주,0
2024-08,지자체,공공분양,전국,0
2024-08,지자체,공공분양,서울,0
2024-08,지자체,공공분양,인천,0
2024-08,지자체,공공분양,경기,0
2024-08,지자체,공공분양,부산,0
2024-08,지자체,공공분양,대구,0
2024-08,지자체,공공분양,광주,0
2024-08,지자체,공공분양,대전,0
2024-08,지자체,공공분양,울산,0
2024-08,지자체,공공분양,세종,0
2024-08,지자체,공공분양,강원,0
2024-08,지자체,공공분양,충북,0
2024-08,지자체,공공분양,충남,0
2024-08,지자체,공공분양,전북,0
2024-08,지자체,공공분양,전남,0
2024-08,지자체,공공분양,경북,0
2024-08,지자체,공공분양,경남,0
2024-08,지자체,공공분양,제주,0
2024-08,LH,소계,전국,96
2024-08,LH,소계,서울,0
2024-08,LH,소계,인천,0
2024-08,LH,소계,경기,0
2024-08,LH,소계,부산,0
2024-08,LH,소계,대구,0
2024-08,LH,소계,광주,0
2024-08,LH,소계,대전,0
2024-08,LH,소계,울산,0
2024-08,LH,소계,세종,0
2024-08,LH,소계,강원,96
2024-08,LH,소계,충북,0
2024-08,LH,소계,충남,0
2024-08,LH,소계,전북,0
2024-08,LH,소계,전남,0
2024-08,LH,소계,경북,0
2024-08,LH,소계,경남,0
2024-08,LH,소계,제주,0
2024-08,LH,국민임대,전국,0
2024-08,LH,국민임대,서울,0
2024-08,LH,국민임대,인천,0
2024-08,LH,국민임대,경기,0
2024-08,LH,국민임대,부산,0
2024-08,LH,국민임대,대구,0
2024-08,LH,국민임대,광주,0
2024-08,LH,국민임대,대전,0
2024-08,LH,국민임대,울산,0
2024-08,LH,국민임대,세종,0
2024-08,LH,국민임대,강원,0
2024-08,LH,국민임대,충북,0
2024-08,LH,국민임대,충남,0
2024-08,LH,국민임대,전북,0
2024-08,LH,국민임대,전남,0
2024-08,LH,국민임대,경북,0
2024-08,LH,국민임대,경남,0
2024-08,LH,국민임대,제주,0
2024-08,LH,공공임대,전국,96
2024-08,LH,공공임대,서울,0
2024-08,LH,공공임대,인천,0
2024-08,LH,공공임대,경기,0
2024-08,LH,공공임대,부산,0
2024-08,LH,공공임대,대구,0
2024-08,LH,공공임대,광주,0
2024-08,LH,공공임대,대전,0
2024-08,LH,공공임대,울산,0
2024-08,LH,공공임대,세종,0
2024-08,LH,공공임대,강원,96
2024-08,LH,공공임대,충북,0
2024-08,LH,공공임대,충남,0
2024-08,LH,공공임대,전북,0
2024-08,LH,공공임대,전남,0
2024-08,LH,공공임대,경북,0
2024-08,LH,공공임대,경남,0
2024-08,LH,공공임대,제주,0
2024-08,LH,공공분양,전국,0
2024-08,LH,공공분양,서울,0
2024-08,LH,공공분양,인천,0
2024-08,LH,공공분양,경기,0
2024-08,LH,공공분양,부산,0
2024-08,LH,공공분양,대구,0
2024-08,LH,공공분양,광주,0
2024-08,LH,공공분양,대전,0
2024-08,LH,공공분양,울산,0
2024-08,LH,공공분양,세종,0
2024-08,LH,공공분양,강원,0
2024-08,LH,공공분양,충북,0
2024-08,LH,공공분양,충남,0
2024-08,LH,공공분양,전북,0
2024-08,LH,공공분양,전남,0
2024-08,LH,공공분양,경북,0
2024-08,LH,공공분양,경남,0
2024-08,LH,공공분양,제주,0
2024-08,주택업체,소계,전국,505
2024-08,주택업체,소계,서울,505
2024-08,주택업체,소계,인천,0
2024-08,주택업체,소계,경기,0
2024-08,주택업체,소계,부산,0
2024-08,주택업체,소계,대구,0
2024-08,주택업체,소계,광주,0
2024-08,주택업체,소계,대전,0
2024-08,주택업체,소계,울산,0
2024-08,주택업체,소계,세종,0
2024-08,주택업체,소계,강원,0
2024-08,주택업체,소계,충북,0
2024-08,주택업체,소계,충남,0
2024-08,주택업체,소계,전북,0
2024-08,주택업체,소계,전남,0
2024-08,주택업체,소계,경북,0
2024-08,주택업체,소계,경남,0
2024-08,주택업체,소계,제주,0
2024-08,주택업체,국민임대,전국,0
2024-08,주택업체,국민임대,서울,0
2024-08,주택업체,국민임대,인천,0
2024-08,주택업체,국민임대,경기,0
2024-08,주택업체,국민임대,부산,0
2024-08,주택업체,국민임대,대구,0
2024-08,주택업체,국민임대,광주,0
2024-08,주택업체,국민임대,대전,0
2024-08,주택업체,국민임대,울산,0
2024-08,주택업체,국민임대,세종,0
2024-08,주택업체,국민임대,강원,0
2024-08,주택업체,국민임대,충북,0
2024-08,주택업체,국민임대,충남,0
2024-08,주택업체,국민임대,전북,0
2024-08,주택업체,국민임대,전남,0
2024-08,주택업체,국민임대,경북,0
2024-08,주택업체,국민임대,경남,0
2024-08,주택업체,국민임대,제주,0
2024-08,주택업체,공공임대,전국,505
2024-08,주택업체,공공임대,서울,505
2024-08,주택업체,공공임대,인천,0
2024-08,주택업체,공공임대,경기,0
2024-08,주택업체,공공임대,부산,0
2024-08,주택업체,공공임대,대구,0
2024-08,주택업체,공공임대,광주,0
2024-08,주택업체,공공임대,대전,0
2024-08,주택업체,공공임대,울산,0
2024-08,주택업체,공공임대,세종,0
2024-08,주택업체,공공임대,강원,0
2024-08,주택업체,공공임대,충북,0
2024-08,주택업체,공공임대,충남,0
2024-08,주택업체,공공임대,전북,0
2024-08,주택업체,공공임대,전남,0
2024-08,주택업체,공공임대,경북,0
2024-08,주택업체,공공임대,경남,0
2024-08,주택업체,공공임대,제주,0
2024-08,주택업체,공공분양,전국,0
2024-08,주택업체,공공분양,서울,0
2024-08,주택업체,공공분양,인천,0
2024-08,주택업체,공공분양,경기,0
2024-08,주택업체,공공분양,부산,0
2024-08,주택업체,공공분양,대구,0
2024-08,주택업체,공공분양,광주,0
2024-08,주택업체,공공분양,대전,0
2024-08,주택업체,공공분양,울산,0
2024-08,주택업체,공공분양,세종,0
2024-08,주택업체,공공분양,강원,0
2024-08,주택업체,공공분양,충북,0
2024-08,주택업체,공공분양,충남,0
2024-08,주택업체,공공분양,전북,0
2024-08,주택업체,공공분양,전남,0
2024-08,주택업체,공공분양,경북,0
2024-08,주택업체,공공분양,경남,0
2024-08,주택업체,공공분양,제주,0
2024-08,민간부문,소계,전국,28,626
2024-08,민간부문,소계,서울,1,264
2024-08,민간부문,소계,인천,3,564
2024-08,민간부문,소계,경기,16,042
2024-08,민간부문,소계,부산,2,453
2024-08,민간부문,소계,대구,118
2024-08,민간부문,소계,광주,13
2024-08,민간부문,소계,대전,12
2024-08,민간부문,소계,울산,819
2024-08,민간부문,소계,세종,10
2024-08,민간부문,소계,강원,212
2024-08,민간부문,소계,충북,982
2024-08,민간부문,소계,충남,198
2024-08,민간부문,소계,전북,187
2024-08,민간부문,소계,전남,214
2024-08,민간부문,소계,경북,195
2024-08,민간부문,소계,경남,748
2024-08,민간부문,소계,제주,1,595
2024-08,민간,민간임대,전국,958
2024-08,민간,민간임대,서울,0
2024-08,민간,민간임대,인천,918
2024-08,민간,민간임대,경기,0
2024-08,민간,민간임대,부산,0
2024-08,민간,민간임대,대구,0
2024-08,민간,민간임대,광주,0
2024-08,민간,민간임대,대전,0
2024-08,민간,민간임대,울산,0
2024-08,민간,민간임대,세종,0
2024-08,민간,민간임대,강원,0
2024-08,민간,민간임대,충북,0
2024-08,민간,민간임대,충남,0
2024-08,민간,민간임대,전북,40
2024-08,민간,민간임대,전남,0
2024-08,민간,민간임대,경북,0
2024-08,민간,민간임대,경남,0
2024-08,민간,민간임대,제주,0
2024-08,민간,민간분양,전국,27,668
2024-08,민간,민간분양,서울,1,264
2024-08,민간,민간분양,인천,2,646
2024-08,민간,민간분양,경기,16,042
2024-08,민간,민간분양,부산,2,453
2024-08,민간,민간분양,대구,118
2024-08,민간,민간분양,광주,13
2024-08,민간,민간분양,대전,12
2024-08,민간,민간분양,울산,819
2024-08,민간,민간분양,세종,10
2024-08,민간,민간분양,강원,212
2024-08,민간,민간분양,충북,982
2024-08,민간,민간분양,충남,198
2024-08,민간,민간분양,전북,147
2024-08,민간,민간분양,전남,214
2024-08,민간,민간분양,경북,195
2024-08,민간,민간분양,경남,748
2024-08,민간,민간분양,제주,1,595
2024-09,총계,총계,전국,18,348
2024-09,총계,총계,서울,880
2024-09,총계,총계,인천,2,350
2024-09,총계,총계,경기,5,346
2024-09,총계,총계,부산,2,468
2024-09,총계,총계,대구,188
2024-09,총계,총계,광주,8
2024-09,총계,총계,대전,362
2024-09,총계,총계,울산,18
2024-09,총계,총계,세종,510
2024-09,총계,총계,강원,1,212
2024-09,총계,총계,충북,471
2024-09,총계,총계,충남,1,386
2024-09,총계,총계,전북,133
2024-09,총계,총계,전남,199
2024-09,총계,총계,경북,2,573
2024-09,총계,총계,경남,155
2024-09,총계,총계,제주,89
2024-09,공공부문,소계,전국,1,506
2024-09,공공부문,소계,서울,54
2024-09,공공부문,소계,인천,0
2024-09,공공부문,소계,경기,610
2024-09,공공부문,소계,부산,0
2024-09,공공부문,소계,대구,0
2024-09,공공부문,소계,광주,0
2024-09,공공부문,소계,대전,0
2024-09,공공부문,소계,울산,0
2024-09,공공부문,소계,세종,500
2024-09,공공부문,소계,강원,0
2024-09,공공부문,소계,충북,342
2024-09,공공부문,소계,충남,0
2024-09,공공부문,소계,전북,0
2024-09,공공부문,소계,전남,0
2024-09,공공부문,소계,경북,0
2024-09,공공부문,소계,경남,0
2024-09,공공부문,소계,제주,0
2024-09,합,국민임대,전국,0
2024-09,합,국민임대,서울,0
2024-09,합,국민임대,인천,0
2024-09,합,국민임대,경기,0
2024-09,합,국민임대,부산,0
2024-09,합,국민임대,대구,0
2024-09,합,국민임대,광주,0
2024-09,합,국민임대,대전,0
2024-09,합,국민임대,울산,0
2024-09,합,국민임대,세종,0
2024-09,합,국민임대,강원,0
2024-09,합,국민임대,충북,0
2024-09,합,국민임대,충남,0
2024-09,합,국민임대,전북,0
2024-09,합,국민임대,전남,0
2024-09,합,국민임대,경북,0
2024-09,합,국민임대,경남,0
2024-09,합,국민임대,제주,0
2024-09,합,공공임대,전국,1,506
2024-09,합,공공임대,서울,54
2024-09,합,공공임대,인천,0
2024-09,합,공공임대,경기,610
2024-09,합,공공임대,부산,0
2024-09,합,공공임대,대구,0
2024-09,합,공공임대,광주,0
2024-09,합,공공임대,대전,0
2024-09,합,공공임대,울산,0
2024-09,합,공공임대,세종,500
2024-09,합,공공임대,강원,0
2024-09,합,공공임대,충북,342
2024-09,합,공공임대,충남,0
2024-09,합,공공임대,전북,0
2024-09,합,공공임대,전남,0
2024-09,합,공공임대,경북,0
2024-09,합,공공임대,경남,0
2024-09,합,공공임대,제주,0
2024-09,합,공공분양,전국,0
2024-09,합,공공분양,서울,0
2024-09,합,공공분양,인천,0
2024-09,합,공공분양,경기,0
2024-09,합,공공분양,부산,0
2024-09,합,공공분양,대구,0
2024-09,합,공공분양,광주,0
2024-09,합,공공분양,대전,0
2024-09,합,공공분양,울산,0
2024-09,합,공공분양,세종,0
2024-09,합,공공분양,강원,0
2024-09,합,공공분양,충북,0
2024-09,합,공공분양,충남,0
2024-09,합,공공분양,전북,0
2024-09,합,공공분양,전남,0
2024-09,합,공공분양,경북,0
2024-09,합,공공분양,경남,0
2024-09,합,공공분양,제주,0
2024-09,지자체,소계,전국,0
2024-09,지자체,소계,서울,0
2024-09,지자체,소계,인천,0
2024-09,지자체,소계,경기,0
2024-09,지자체,소계,부산,0
2024-09,지자체,소계,대구,0
2024-09,지자체,소계,광주,0
2024-09,지자체,소계,대전,0
2024-09,지자체,소계,울산,0
2024-09,지자체,소계,세종,0
2024-09,지자체,소계,강원,0
2024-09,지자체,소계,충북,0
2024-09,지자체,소계,충남,0
2024-09,지자체,소계,전북,0
2024-09,지자체,소계,전남,0
2024-09,지자체,소계,경북,0
2024-09,지자체,소계,경남,0
2024-09,지자체,소계,제주,0
2024-09,지자체,국민임대,전국,0
2024-09,지자체,국민임대,서울,0
2024-09,지자체,국민임대,인천,0
2024-09,지자체,국민임대,경기,0
2024-09,지자체,국민임대,부산,0
2024-09,지자체,국민임대,대구,0
2024-09,지자체,국민임대,광주,0
2024-09,지자체,국민임대,대전,0
2024-09,지자체,국민임대,울산,0
2024-09,지자체,국민임대,세종,0
2024-09,지자체,국민임대,강원,0
2024-09,지자체,국민임대,충북,0
2024-09,지자체,국민임대,충남,0
2024-09,지자체,국민임대,전북,0
2024-09,지자체,국민임대,전남,0
2024-09,지자체,국민임대,경북,0
2024-09,지자체,국민임대,경남,0
2024-09,지자체,국민임대,제주,0
2024-09,지자체,공공임대,전국,0
2024-09,지자체,공공임대,서울,0
2024-09,지자체,공공임대,인천,0
2024-09,지자체,공공임대,경기,0
2024-09,지자체,공공임대,부산,0
2024-09,지자체,공공임대,대구,0
2024-09,지자체,공공임대,광주,0
2024-09,지자체,공공임대,대전,0
2024-09,지자체,공공임대,울산,0
2024-09,지자체,공공임대,세종,0
2024-09,지자체,공공임대,강원,0
2024-09,지자체,공공임대,충북,0
2024-09,지자체,공공임대,충남,0
2024-09,지자체,공공임대,전북,0
2024-09,지자체,공공임대,전남,0
2024-09,지자체,공공임대,경북,0
2024-09,지자체,공공임대,경남,0
2024-09,지자체,공공임대,제주,0
2024-09,지자체,공공분양,전국,0
2024-09,지자체,공공분양,서울,0
2024-09,지자체,공공분양,인천,0
2024-09,지자체,공공분양,경기,0
2024-09,지자체,공공분양,부산,0
2024-09,지자체,공공분양,대구,0
2024-09,지자체,공공분양,광주,0
2024-09,지자체,공공분양,대전,0
2024-09,지자체,공공분양,울산,0
2024-09,지자체,공공분양,세종,0
2024-09,지자체,공공분양,강원,0
2024-09,지자체,공공분양,충북,0
2024-09,지자체,공공분양,충남,0
2024-09,지자체,공공분양,전북,0
2024-09,지자체,공공분양,전남,0
2024-09,지자체,공공분양,경북,0
2024-09,지자체,공공분양,경남,0
2024-09,지자체,공공분양,제주,0
2024-09,LH,소계,전국,1,452
2024-09,LH,소계,서울,0
2024-09,LH,소계,인천,0
2024-09,LH,소계,경기,610
2024-09,LH,소계,부산,0
2024-09,LH,소계,대구,0
2024-09,LH,소계,광주,0
2024-09,LH,소계,대전,0
2024-09,LH,소계,울산,0
2024-09,LH,소계,세종,500
2024-09,LH,소계,강원,0
2024-09,LH,소계,충북,342
2024-09,LH,소계,충남,0
2024-09,LH,소계,전북,0
2024-09,LH,소계,전남,0
2024-09,LH,소계,경북,0
2024-09,LH,소계,경남,0
2024-09,LH,소계,제주,0
2024-09,LH,국민임대,전국,0
2024-09,LH,국민임대,서울,0
2024-09,LH,국민임대,인천,0
2024-09,LH,국민임대,경기,0
2024-09,LH,국민임대,부산,0
2024-09,LH,국민임대,대구,0
2024-09,LH,국민임대,광주,0
2024-09,LH,국민임대,대전,0
2024-09,LH,국민임대,울산,0
2024-09,LH,국민임대,세종,0
2024-09,LH,국민임대,강원,0
2024-09,LH,국민임대,충북,0
2024-09,LH,국민임대,충남,0
2024-09,LH,국민임대,전북,0
2024-09,LH,국민임대,전남,0
2024-09,LH,국민임대,경북,0
2024-09,LH,국민임대,경남,0
2024-09,LH,국민임대,제주,0
2024-09,LH,공공임대,전국,1,452
2024-09,LH,공공임대,서울,0
2024-09,LH,공공임대,인천,0
2024-09,LH,공공임대,경기,610
2024-09,LH,공공임대,부산,0
2024-09,LH,공공임대,대구,0
2024-09,LH,공공임대,광주,0
2024-09,LH,공공임대,대전,0
2024-09,LH,공공임대,울산,0
2024-09,LH,공공임대,세종,500
2024-09,LH,공공임대,강원,0
2024-09,LH,공공임대,충북,342
2024-09,LH,공공임대,충남,0
2024-09,LH,공공임대,전북,0
2024-09,LH,공공임대,전남,0
2024-09,LH,공공임대,경북,0
2024-09,LH,공공임대,경남,0
2024-09,LH,공공임대,제주,0
2024-09,LH,공공분양,전국,0
2024-09,LH,공공분양,서울,0
2024-09,LH,공공분양,인천,0
2024-09,LH,공공분양,경기,0
2024-09,LH,공공분양,부산,0
2024-09,LH,공공분양,대구,0
2024-09,LH,공공분양,광주,0
2024-09,LH,공공분양,대전,0
2024-09,LH,공공분양,울산,0
2024-09,LH,공공분양,세종,0
2024-09,LH,공공분양,강원,0
2024-09,LH,공공분양,충북,0
2024-09,LH,공공분양,충남,0
2024-09,LH,공공분양,전북,0
2024-09,LH,공공분양,전남,0
2024-09,LH,공공분양,경북,0
2024-09,LH,공공분양,경남,0
2024-09,LH,공공분양,제주,0
2024-09,주택업체,소계,전국,54
2024-09,주택업체,소계,서울,54
2024-09,주택업체,소계,인천,0
2024-09,주택업체,소계,경기,0
2024-09,주택업체,소계,부산,0
2024-09,주택업체,소계,대구,0
2024-09,주택업체,소계,광주,0
2024-09,주택업체,소계,대전,0
2024-09,주택업체,소계,울산,0
2024-09,주택업체,소계,세종,0
2024-09,주택업체,소계,강원,0
2024-09,주택업체,소계,충북,0
2024-09,주택업체,소계,충남,0
2024-09,주택업체,소계,전북,0
2024-09,주택업체,소계,전남,0
2024-09,주택업체,소계,경북,0
2024-09,주택업체,소계,경남,0
2024-09,주택업체,소계,제주,0
2024-09,주택업체,국민임대,전국,0
2024-09,주택업체,국민임대,서울,0
2024-09,주택업체,국민임대,인천,0
2024-09,주택업체,국민임대,경기,0
2024-09,주택업체,국민임대,부산,0
2024-09,주택업체,국민임대,대구,0
2024-09,주택업체,국민임대,광주,0
2024-09,주택업체,국민임대,대전,0
2024-09,주택업체,국민임대,울산,0
2024-09,주택업체,국민임대,세종,0
2024-09,주택업체,국민임대,강원,0
2024-09,주택업체,국민임대,충북,0
2024-09,주택업체,국민임대,충남,0
2024-09,주택업체,국민임대,전북,0
2024-09,주택업체,국민임대,전남,0
2024-09,주택업체,국민임대,경북,0
2024-09,주택업체,국민임대,경남,0
2024-09,주택업체,국민임대,제주,0
2024-09,주택업체,공공임대,전국,54
2024-09,주택업체,공공임대,서울,54
2024-09,주택업체,공공임대,인천,0
2024-09,주택업체,공공임대,경기,0
2024-09,주택업체,공공임대,부산,0
2024-09,주택업체,공공임대,대구,0
2024-09,주택업체,공공임대,광주,0
2024-09,주택업체,공공임대,대전,0
2024-09,주택업체,공공임대,울산,0
2024-09,주택업체,공공임대,세종,0
2024-09,주택업체,공공임대,강원,0
2024-09,주택업체,공공임대,충북,0
2024-09,주택업체,공공임대,충남,0
2024-09,주택업체,공공임대,전북,0
2024-09,주택업체,공공임대,전남,0
2024-09,주택업체,공공임대,경북,0
2024-09,주택업체,공공임대,경남,0
2024-09,주택업체,공공임대,제주,0
2024-09,주택업체,공공분양,전국,0
2024-09,주택업체,공공분양,서울,0
2024-09,주택업체,공공분양,인천,0
2024-09,주택업체,공공분양,경기,0
2024-09,주택업체,공공분양,부산,0
2024-09,주택업체,공공분양,대구,0
2024-09,주택업체,공공분양,광주,0
2024-09,주택업체,공공분양,대전,0
2024-09,주택업체,공공분양,울산,0
2024-09,주택업체,공공분양,세종,0
2024-09,주택업체,공공분양,강원,0
2024-09,주택업체,공공분양,충북,0
2024-09,주택업체,공공분양,충남,0
2024-09,주택업체,공공분양,전북,0
2024-09,주택업체,공공분양,전남,0
2024-09,주택업체,공공분양,경북,0
2024-09,주택업체,공공분양,경남,0
2024-09,주택업체,공공분양,제주,0
2024-09,민간부문,소계,전국,16,842
2024-09,민간부문,소계,서울,826
2024-09,민간부문,소계,인천,2,350
2024-09,민간부문,소계,경기,4,736
2024-09,민간부문,소계,부산,2,468
2024-09,민간부문,소계,대구,188
2024-09,민간부문,소계,광주,8
2024-09,민간부문,소계,대전,362
2024-09,민간부문,소계,울산,18
2024-09,민간부문,소계,세종,10
2024-09,민간부문,소계,강원,1,212
2024-09,민간부문,소계,충북,129
2024-09,민간부문,소계,충남,1,386
2024-09,민간부문,소계,전북,133
2024-09,민간부문,소계,전남,199
2024-09,민간부문,소계,경북,2,573
2024-09,민간부문,소계,경남,155
2024-09,민간부문,소계,제주,89
2024-09,민간,민간임대,전국,0
2024-09,민간,민간임대,서울,0
2024-09,민간,민간임대,인천,0
2024-09,민간,민간임대,경기,0
2024-09,민간,민간임대,부산,0
2024-09,민간,민간임대,대구,0
2024-09,민간,민간임대,광주,0
2024-09,민간,민간임대,대전,0
2024-09,민간,민간임대,울산,0
2024-09,민간,민간임대,세종,0
2024-09,민간,민간임대,강원,0
2024-09,민간,민간임대,충북,0
2024-09,민간,민간임대,충남,0
2024-09,민간,민간임대,전북,0
2024-09,민간,민간임대,전남,0
2024-09,민간,민간임대,경북,0
2024-09,민간,민간임대,경남,0
2024-09,민간,민간임대,제주,0
2024-09,민간,민간분양,전국,16,842
2024-09,민간,민간분양,서울,826
2024-09,민간,민간분양,인천,2,350
2024-09,민간,민간분양,경기,4,736
2024-09,민간,민간분양,부산,2,468
2024-09,민간,민간분양,대구,188
2024-09,민간,민간분양,광주,8
2024-09,민간,민간분양,대전,362
2024-09,민간,민간분양,울산,18
2024-09,민간,민간분양,세종,10
2024-09,민간,민간분양,강원,1,212
2024-09,민간,민간분양,충북,129
2024-09,민간,민간분양,충남,1,386
2024-09,민간,민간분양,전북,133
2024-09,민간,민간분양,전남,199
2024-09,민간,민간분양,경북,2,573
2024-09,민간,민간분양,경남,155
2024-09,민간,민간분양,제주,89
2024-10,총계,총계,전국,23,206
2024-10,총계,총계,서울,1,028
2024-10,총계,총계,인천,3,848
2024-10,총계,총계,경기,8,018
2024-10,총계,총계,부산,981
2024-10,총계,총계,대구,470
2024-10,총계,총계,광주,102
2024-10,총계,총계,대전,2,957
2024-10,총계,총계,울산,761
2024-10,총계,총계,세종,56
2024-10,총계,총계,강원,374
2024-10,총계,총계,충북,628
2024-10,총계,총계,충남,2,419
2024-10,총계,총계,전북,422
2024-10,총계,총계,전남,303
2024-10,총계,총계,경북,269
2024-10,총계,총계,경남,276
2024-10,총계,총계,제주,294
2024-10,공공부문,소계,전국,3,114
2024-10,공공부문,소계,서울,65
2024-10,공공부문,소계,인천,1,198
2024-10,공공부문,소계,경기,1,189
2024-10,공공부문,소계,부산,0
2024-10,공공부문,소계,대구,448
2024-10,공공부문,소계,광주,0
2024-10,공공부문,소계,대전,0
2024-10,공공부문,소계,울산,0
2024-10,공공부문,소계,세종,0
2024-10,공공부문,소계,강원,80
2024-10,공공부문,소계,충북,0
2024-10,공공부문,소계,충남,0
2024-10,공공부문,소계,전북,0
2024-10,공공부문,소계,전남,94
2024-10,공공부문,소계,경북,0
2024-10,공공부문,소계,경남,40
2024-10,공공부문,소계,제주,0
2024-10,합,국민임대,전국,1,238
2024-10,합,국민임대,서울,0
2024-10,합,국민임대,인천,1,198
2024-10,합,국민임대,경기,0
2024-10,합,국민임대,부산,0
2024-10,합,국민임대,대구,0
2024-10,합,국민임대,광주,0
2024-10,합,국민임대,대전,0
2024-10,합,국민임대,울산,0
2024-10,합,국민임대,세종,0
2024-10,합,국민임대,강원,40
2024-10,합,국민임대,충북,0
2024-10,합,국민임대,충남,0
2024-10,합,국민임대,전북,0
2024-10,합,국민임대,전남,0
2024-10,합,국민임대,경북,0
2024-10,합,국민임대,경남,0
2024-10,합,국민임대,제주,0
2024-10,합,공공임대,전국,687
2024-10,합,공공임대,서울,65
2024-10,합,공공임대,인천,0
2024-10,합,공공임대,경기,0
2024-10,합,공공임대,부산,0
2024-10,합,공공임대,대구,448
2024-10,합,공공임대,광주,0
2024-10,합,공공임대,대전,0
2024-10,합,공공임대,울산,0
2024-10,합,공공임대,세종,0
2024-10,합,공공임대,강원,40
2024-10,합,공공임대,충북,0
2024-10,합,공공임대,충남,0
2024-10,합,공공임대,전북,0
2024-10,합,공공임대,전남,94
2024-10,합,공공임대,경북,0
2024-10,합,공공임대,경남,40
2024-10,합,공공임대,제주,0
2024-10,합,공공분양,전국,1,189
2024-10,합,공공분양,서울,0
2024-10,합,공공분양,인천,0
2024-10,합,공공분양,경기,1,189
2024-10,합,공공분양,부산,0
2024-10,합,공공분양,대구,0
2024-10,합,공공분양,광주,0
2024-10,합,공공분양,대전,0
2024-10,합,공공분양,울산,0
2024-10,합,공공분양,세종,0
2024-10,합,공공분양,강원,0
2024-10,합,공공분양,충북,0
2024-10,합,공공분양,충남,0
2024-10,합,공공분양,전북,0
2024-10,합,공공분양,전남,0
2024-10,합,공공분양,경북,0
2024-10,합,공공분양,경남,0
2024-10,합,공공분양,제주,0
2024-10,지자체,소계,전국,0
2024-10,지자체,소계,서울,0
2024-10,지자체,소계,인천,0
2024-10,지자체,소계,경기,0
2024-10,지자체,소계,부산,0
2024-10,지자체,소계,대구,0
2024-10,지자체,소계,광주,0
2024-10,지자체,소계,대전,0
2024-10,지자체,소계,울산,0
2024-10,지자체,소계,세종,0
2024-10,지자체,소계,강원,0
2024-10,지자체,소계,충북,0
2024-10,지자체,소계,충남,0
2024-10,지자체,소계,전북,0
2024-10,지자체,소계,전남,0
2024-10,지자체,소계,경북,0
2024-10,지자체,소계,경남,0
2024-10,지자체,소계,제주,0
2024-10,지자체,국민임대,전국,0
2024-10,지자체,국민임대,서울,0
2024-10,지자체,국민임대,인천,0
2024-10,지자체,국민임대,경기,0
2024-10,지자체,국민임대,부산,0
2024-10,지자체,국민임대,대구,0
2024-10,지자체,국민임대,광주,0
2024-10,지자체,국민임대,대전,0
2024-10,지자체,국민임대,울산,0
2024-10,지자체,국민임대,세종,0
2024-10,지자체,국민임대,강원,0
2024-10,지자체,국민임대,충북,0
2024-10,지자체,국민임대,충남,0
2024-10,지자체,국민임대,전북,0
2024-10,지자체,국민임대,전남,0
2024-10,지자체,국민임대,경북,0
2024-10,지자체,국민임대,경남,0
2024-10,지자체,국민임대,제주,0
2024-10,지자체,공공임대,전국,0
2024-10,지자체,공공임대,서울,0
2024-10,지자체,공공임대,인천,0
2024-10,지자체,공공임대,경기,0
2024-10,지자체,공공임대,부산,0
2024-10,지자체,공공임대,대구,0
2024-10,지자체,공공임대,광주,0
2024-10,지자체,공공임대,대전,0
2024-10,지자체,공공임대,울산,0
2024-10,지자체,공공임대,세종,0
2024-10,지자체,공공임대,강원,0
2024-10,지자체,공공임대,충북,0
2024-10,지자체,공공임대,충남,0
2024-10,지자체,공공임대,전북,0
2024-10,지자체,공공임대,전남,0
2024-10,지자체,공공임대,경북,0
2024-10,지자체,공공임대,경남,0
2024-10,지자체,공공임대,제주,0
2024-10,지자체,공공분양,전국,0
2024-10,지자체,공공분양,서울,0
2024-10,지자체,공공분양,인천,0
2024-10,지자체,공공분양,경기,0
2024-10,지자체,공공분양,부산,0
2024-10,지자체,공공분양,대구,0
2024-10,지자체,공공분양,광주,0
2024-10,지자체,공공분양,대전,0
2024-10,지자체,공공분양,울산,0
2024-10,지자체,공공분양,세종,0
2024-10,지자체,공공분양,강원,0
2024-10,지자체,공공분양,충북,0
2024-10,지자체,공공분양,충남,0
2024-10,지자체,공공분양,전북,0
2024-10,지자체,공공분양,전남,0
2024-10,지자체,공공분양,경북,0
2024-10,지자체,공공분양,경남,0
2024-10,지자체,공공분양,제주,0
2024-10,LH,소계,전국,3,067
2024-10,LH,소계,서울,18
2024-10,LH,소계,인천,1,198
2024-10,LH,소계,경기,1,189
2024-10,LH,소계,부산,0
2024-10,LH,소계,대구,448
2024-10,LH,소계,광주,0
2024-10,LH,소계,대전,0
2024-10,LH,소계,울산,0
2024-10,LH,소계,세종,0
2024-10,LH,소계,강원,80
2024-10,LH,소계,충북,0
2024-10,LH,소계,충남,0
2024-10,LH,소계,전북,0
2024-10,LH,소계,전남,94
2024-10,LH,소계,경북,0
2024-10,LH,소계,경남,40
2024-10,LH,소계,제주,0
2024-10,LH,국민임대,전국,1,238
2024-10,LH,국민임대,서울,0
2024-10,LH,국민임대,인천,1,198
2024-10,LH,국민임대,경기,0
2024-10,LH,국민임대,부산,0
2024-10,LH,국민임대,대구,0
2024-10,LH,국민임대,광주,0
2024-10,LH,국민임대,대전,0
2024-10,LH,국민임대,울산,0
2024-10,LH,국민임대,세종,0
2024-10,LH,국민임대,강원,40
2024-10,LH,국민임대,충북,0
2024-10,LH,국민임대,충남,0
2024-10,LH,국민임대,전북,0
2024-10,LH,국민임대,전남,0
2024-10,LH,국민임대,경북,0
2024-10,LH,국민임대,경남,0
2024-10,LH,국민임대,제주,0
2024-10,LH,공공임대,전국,640
2024-10,LH,공공임대,서울,18
2024-10,LH,공공임대,인천,0
2024-10,LH,공공임대,경기,0
2024-10,LH,공공임대,부산,0
2024-10,LH,공공임대,대구,448
2024-10,LH,공공임대,광주,0
2024-10,LH,공공임대,대전,0
2024-10,LH,공공임대,울산,0
2024-10,LH,공공임대,세종,0
2024-10,LH,공공임대,강원,40
2024-10,LH,공공임대,충북,0
2024-10,LH,공공임대,충남,0
2024-10,LH,공공임대,전북,0
2024-10,LH,공공임대,전남,94
2024-10,LH,공공임대,경북,0
2024-10,LH,공공임대,경남,40
2024-10,LH,공공임대,제주,0
2024-10,LH,공공분양,전국,1,189
2024-10,LH,공공분양,서울,0
2024-10,LH,공공분양,인천,0
2024-10,LH,공공분양,경기,1,189
2024-10,LH,공공분양,부산,0
2024-10,LH,공공분양,대구,0
2024-10,LH,공공분양,광주,0
2024-10,LH,공공분양,대전,0
2024-10,LH,공공분양,울산,0
2024-10,LH,공공분양,세종,0
2024-10,LH,공공분양,강원,0
2024-10,LH,공공분양,충북,0
2024-10,LH,공공분양,충남,0
2024-10,LH,공공분양,전북,0
2024-10,LH,공공분양,전남,0
2024-10,LH,공공분양,경북,0
2024-10,LH,공공분양,경남,0
2024-10,LH,공공분양,제주,0
2024-10,주택업체,소계,전국,47
2024-10,주택업체,소계,서울,47
2024-10,주택업체,소계,인천,0
2024-10,주택업체,소계,경기,0
2024-10,주택업체,소계,부산,0
2024-10,주택업체,소계,대구,0
2024-10,주택업체,소계,광주,0
2024-10,주택업체,소계,대전,0
2024-10,주택업체,소계,울산,0
2024-10,주택업체,소계,세종,0
2024-10,주택업체,소계,강원,0
2024-10,주택업체,소계,충북,0
2024-10,주택업체,소계,충남,0
2024-10,주택업체,소계,전북,0
2024-10,주택업체,소계,전남,0
2024-10,주택업체,소계,경북,0
2024-10,주택업체,소계,경남,0
2024-10,주택업체,소계,제주,0
2024-10,주택업체,국민임대,전국,0
2024-10,주택업체,국민임대,서울,0
2024-10,주택업체,국민임대,인천,0
2024-10,주택업체,국민임대,경기,0
2024-10,주택업체,국민임대,부산,0
2024-10,주택업체,국민임대,대구,0
2024-10,주택업체,국민임대,광주,0
2024-10,주택업체,국민임대,대전,0
2024-10,주택업체,국민임대,울산,0
2024-10,주택업체,국민임대,세종,0
2024-10,주택업체,국민임대,강원,0
2024-10,주택업체,국민임대,충북,0
2024-10,주택업체,국민임대,충남,0
2024-10,주택업체,국민임대,전북,0
2024-10,주택업체,국민임대,전남,0
2024-10,주택업체,국민임대,경북,0
2024-10,주택업체,국민임대,경남,0
2024-10,주택업체,국민임대,제주,0
2024-10,주택업체,공공임대,전국,47
2024-10,주택업체,공공임대,서울,47
2024-10,주택업체,공공임대,인천,0
2024-10,주택업체,공공임대,경기,0
2024-10,주택업체,공공임대,부산,0
2024-10,주택업체,공공임대,대구,0
2024-10,주택업체,공공임대,광주,0
2024-10,주택업체,공공임대,대전,0
2024-10,주택업체,공공임대,울산,0
2024-10,주택업체,공공임대,세종,0
2024-10,주택업체,공공임대,강원,0
2024-10,주택업체,공공임대,충북,0
2024-10,주택업체,공공임대,충남,0
2024-10,주택업체,공공임대,전북,0
2024-10,주택업체,공공임대,전남,0
2024-10,주택업체,공공임대,경북,0
2024-10,주택업체,공공임대,경남,0
2024-10,주택업체,공공임대,제주,0
2024-10,주택업체,공공분양,전국,0
2024-10,주택업체,공공분양,서울,0
2024-10,주택업체,공공분양,인천,0
2024-10,주택업체,공공분양,경기,0
2024-10,주택업체,공공분양,부산,0
2024-10,주택업체,공공분양,대구,0
2024-10,주택업체,공공분양,광주,0
2024-10,주택업체,공공분양,대전,0
2024-10,주택업체,공공분양,울산,0
2024-10,주택업체,공공분양,세종,0
2024-10,주택업체,공공분양,강원,0
2024-10,주택업체,공공분양,충북,0
2024-10,주택업체,공공분양,충남,0
2024-10,주택업체,공공분양,전북,0
2024-10,주택업체,공공분양,전남,0
2024-10,주택업체,공공분양,경북,0
2024-10,주택업체,공공분양,경남,0
2024-10,주택업체,공공분양,제주,0
2024-10,민간부문,소계,전국,20,092
2024-10,민간부문,소계,서울,963
2024-10,민간부문,소계,인천,2,650
2024-10,민간부문,소계,경기,6,829
2024-10,민간부문,소계,부산,981
2024-10,민간부문,소계,대구,22
2024-10,민간부문,소계,광주,102
2024-10,민간부문,소계,대전,2,957
2024-10,민간부문,소계,울산,761
2024-10,민간부문,소계,세종,56
2024-10,민간부문,소계,강원,294
2024-10,민간부문,소계,충북,628
2024-10,민간부문,소계,충남,2,419
2024-10,민간부문,소계,전북,422
2024-10,민간부문,소계,전남,209
2024-10,민간부문,소계,경북,269
2024-10,민간부문,소계,경남,236
2024-10,민간부문,소계,제주,294
2024-10,민간,민간임대,전국,300
2024-10,민간,민간임대,서울,0
2024-10,민간,민간임대,인천,0
2024-10,민간,민간임대,경기,0
2024-10,민간,민간임대,부산,0
2024-10,민간,민간임대,대구,0
2024-10,민간,민간임대,광주,0
2024-10,민간,민간임대,대전,0
2024-10,민간,민간임대,울산,0
2024-10,민간,민간임대,세종,0
2024-10,민간,민간임대,강원,0
2024-10,민간,민간임대,충북,0
2024-10,민간,민간임대,충남,0
2024-10,민간,민간임대,전북,300
2024-10,민간,민간임대,전남,0
2024-10,민간,민간임대,경북,0
2024-10,민간,민간임대,경남,0
2024-10,민간,민간임대,제주,0
2024-10,민간,민간분양,전국,19,792
2024-10,민간,민간분양,서울,963
2024-10,민간,민간분양,인천,2,650
2024-10,민간,민간분양,경기,6,829
2024-10,민간,민간분양,부산,981
2024-10,민간,민간분양,대구,22
2024-10,민간,민간분양,광주,102
2024-10,민간,민간분양,대전,2,957
2024-10,민간,민간분양,울산,761
2024-10,민간,민간분양,세종,56
2024-10,민간,민간분양,강원,294
2024-10,민간,민간분양,충북,628
2024-10,민간,민간분양,충남,2,419
2024-10,민간,민간분양,전북,122
2024-10,민간,민간분양,전남,209
2024-10,민간,민간분양,경북,269
2024-10,민간,민간분양,경남,236
2024-10,민간,민간분양,제주,294
2024-11,총계,총계,전국,22,030
2024-11,총계,총계,서울,3,882
2024-11,총계,총계,인천,2,850
2024-11,총계,총계,경기,4,198
2024-11,총계,총계,부산,565
2024-11,총계,총계,대구,173
2024-11,총계,총계,광주,12
2024-11,총계,총계,대전,5
2024-11,총계,총계,울산,22
2024-11,총계,총계,세종,52
2024-11,총계,총계,강원,672
2024-11,총계,총계,충북,969
2024-11,총계,총계,충남,4,389
2024-11,총계,총계,전북,2,630
2024-11,총계,총계,전남,1,005
2024-11,총계,총계,경북,207
2024-11,총계,총계,경남,181
2024-11,총계,총계,제주,218
2024-11,공공부문,소계,전국,1,543
2024-11,공공부문,소계,서울,0
2024-11,공공부문,소계,인천,0
2024-11,공공부문,소계,경기,1,447
2024-11,공공부문,소계,부산,0
2024-11,공공부문,소계,대구,0
2024-11,공공부문,소계,광주,0
2024-11,공공부문,소계,대전,0
2024-11,공공부문,소계,울산,0
2024-11,공공부문,소계,세종,0
2024-11,공공부문,소계,강원,0
2024-11,공공부문,소계,충북,0
2024-11,공공부문,소계,충남,50
2024-11,공공부문,소계,전북,44
2024-11,공공부문,소계,전남,0
2024-11,공공부문,소계,경북,0
2024-11,공공부문,소계,경남,2
2024-11,공공부문,소계,제주,0
2024-11,합,국민임대,전국,0
2024-11,합,국민임대,서울,0
2024-11,합,국민임대,인천,0
2024-11,합,국민임대,경기,0
2024-11,합,국민임대,부산,0
2024-11,합,국민임대,대구,0
2024-11,합,국민임대,광주,0
2024-11,합,국민임대,대전,0
2024-11,합,국민임대,울산,0
2024-11,합,국민임대,세종,0
2024-11,합,국민임대,강원,0
2024-11,합,국민임대,충북,0
2024-11,합,국민임대,충남,0
2024-11,합,국민임대,전북,0
2024-11,합,국민임대,전남,0
2024-11,합,국민임대,경북,0
2024-11,합,국민임대,경남,0
2024-11,합,국민임대,제주,0
2024-11,합,공공임대,전국,1,543
2024-11,합,공공임대,서울,0
2024-11,합,공공임대,인천,0
2024-11,합,공공임대,경기,1,447
2024-11,합,공공임대,부산,0
2024-11,합,공공임대,대구,0
2024-11,합,공공임대,광주,0
2024-11,합,공공임대,대전,0
2024-11,합,공공임대,울산,0
2024-11,합,공공임대,세종,0
2024-11,합,공공임대,강원,0
2024-11,합,공공임대,충북,0
2024-11,합,공공임대,충남,50
2024-11,합,공공임대,전북,44
2024-11,합,공공임대,전남,0
2024-11,합,공공임대,경북,0
2024-11,합,공공임대,경남,2
2024-11,합,공공임대,제주,0
2024-11,합,공공분양,전국,0
2024-11,합,공공분양,서울,0
2024-11,합,공공분양,인천,0
2024-11,합,공공분양,경기,0
2024-11,합,공공분양,부산,0
2024-11,합,공공분양,대구,0
2024-11,합,공공분양,광주,0
2024-11,합,공공분양,대전,0
2024-11,합,공공분양,울산,0
2024-11,합,공공분양,세종,0
2024-11,합,공공분양,강원,0
2024-11,합,공공분양,충북,0
2024-11,합,공공분양,충남,0
2024-11,합,공공분양,전북,0
2024-11,합,공공분양,전남,0
2024-11,합,공공분양,경북,0
2024-11,합,공공분양,경남,0
2024-11,합,공공분양,제주,0
2024-11,지자체,소계,전국,2
2024-11,지자체,소계,서울,0
2024-11,지자체,소계,인천,0
2024-11,지자체,소계,경기,0
2024-11,지자체,소계,부산,0
2024-11,지자체,소계,대구,0
2024-11,지자체,소계,광주,0
2024-11,지자체,소계,대전,0
2024-11,지자체,소계,울산,0
2024-11,지자체,소계,세종,0
2024-11,지자체,소계,강원,0
2024-11,지자체,소계,충북,0
2024-11,지자체,소계,충남,0
2024-11,지자체,소계,전북,0
2024-11,지자체,소계,전남,0
2024-11,지자체,소계,경북,0
2024-11,지자체,소계,경남,2
2024-11,지자체,소계,제주,0
2024-11,지자체,국민임대,전국,0
2024-11,지자체,국민임대,서울,0
2024-11,지자체,국민임대,인천,0
2024-11,지자체,국민임대,경기,0
2024-11,지자체,국민임대,부산,0
2024-11,지자체,국민임대,대구,0
2024-11,지자체,국민임대,광주,0
2024-11,지자체,국민임대,대전,0
2024-11,지자체,국민임대,울산,0
2024-11,지자체,국민임대,세종,0
2024-11,지자체,국민임대,강원,0
2024-11,지자체,국민임대,충북,0
2024-11,지자체,국민임대,충남,0
2024-11,지자체,국민임대,전북,0
2024-11,지자체,국민임대,전남,0
2024-11,지자체,국민임대,경북,0
2024-11,지자체,국민임대,경남,0
2024-11,지자체,국민임대,제주,0
2024-11,지자체,공공임대,전국,2
2024-11,지자체,공공임대,서울,0
2024-11,지자체,공공임대,인천,0
2024-11,지자체,공공임대,경기,0
2024-11,지자체,공공임대,부산,0
2024-11,지자체,공공임대,대구,0
2024-11,지자체,공공임대,광주,0
2024-11,지자체,공공임대,대전,0
2024-11,지자체,공공임대,울산,0
2024-11,지자체,공공임대,세종,0
2024-11,지자체,공공임대,강원,0
2024-11,지자체,공공임대,충북,0
2024-11,지자체,공공임대,충남,0
2024-11,지자체,공공임대,전북,0
2024-11,지자체,공공임대,전남,0
2024-11,지자체,공공임대,경북,0
2024-11,지자체,공공임대,경남,2
2024-11,지자체,공공임대,제주,0
2024-11,지자체,공공분양,전국,0
2024-11,지자체,공공분양,서울,0
2024-11,지자체,공공분양,인천,0
2024-11,지자체,공공분양,경기,0
2024-11,지자체,공공분양,부산,0
2024-11,지자체,공공분양,대구,0
2024-11,지자체,공공분양,광주,0
2024-11,지자체,공공분양,대전,0
2024-11,지자체,공공분양,울산,0
2024-11,지자체,공공분양,세종,0
2024-11,지자체,공공분양,강원,0
2024-11,지자체,공공분양,충북,0
2024-11,지자체,공공분양,충남,0
2024-11,지자체,공공분양,전북,0
2024-11,지자체,공공분양,전남,0
2024-11,지자체,공공분양,경북,0
2024-11,지자체,공공분양,경남,0
2024-11,지자체,공공분양,제주,0
2024-11,LH,소계,전국,1,497
2024-11,LH,소계,서울,0
2024-11,LH,소계,인천,0
2024-11,LH,소계,경기,1,447
2024-11,LH,소계,부산,0
2024-11,LH,소계,대구,0
2024-11,LH,소계,광주,0
2024-11,LH,소계,대전,0
2024-11,LH,소계,울산,0
2024-11,LH,소계,세종,0
2024-11,LH,소계,강원,0
2024-11,LH,소계,충북,0
2024-11,LH,소계,충남,50
2024-11,LH,소계,전북,0
2024-11,LH,소계,전남,0
2024-11,LH,소계,경북,0
2024-11,LH,소계,경남,0
2024-11,LH,소계,제주,0
2024-11,LH,국민임대,전국,0
2024-11,LH,국민임대,서울,0
2024-11,LH,국민임대,인천,0
2024-11,LH,국민임대,경기,0
2024-11,LH,국민임대,부산,0
2024-11,LH,국민임대,대구,0
2024-11,LH,국민임대,광주,0
2024-11,LH,국민임대,대전,0
2024-11,LH,국민임대,울산,0
2024-11,LH,국민임대,세종,0
2024-11,LH,국민임대,강원,0
2024-11,LH,국민임대,충북,0
2024-11,LH,국민임대,충남,0
2024-11,LH,국민임대,전북,0
2024-11,LH,국민임대,전남,0
2024-11,LH,국민임대,경북,0
2024-11,LH,국민임대,경남,0
2024-11,LH,국민임대,제주,0
2024-11,LH,공공임대,전국,1,497
2024-11,LH,공공임대,서울,0
2024-11,LH,공공임대,인천,0
2024-11,LH,공공임대,경기,1,447
2024-11,LH,공공임대,부산,0
2024-11,LH,공공임대,대구,0
2024-11,LH,공공임대,광주,0
2024-11,LH,공공임대,대전,0
2024-11,LH,공공임대,울산,0
2024-11,LH,공공임대,세종,0
2024-11,LH,공공임대,강원,0
2024-11,LH,공공임대,충북,0
2024-11,LH,공공임대,충남,50
2024-11,LH,공공임대,전북,0
2024-11,LH,공공임대,전남,0
2024-11,LH,공공임대,경북,0
2024-11,LH,공공임대,경남,0
2024-11,LH,공공임대,제주,0
2024-11,LH,공공분양,전국,0
2024-11,LH,공공분양,서울,0
2024-11,LH,공공분양,인천,0
2024-11,LH,공공분양,경기,0
2024-11,LH,공공분양,부산,0
2024-11,LH,공공분양,대구,0
2024-11,LH,공공분양,광주,0
2024-11,LH,공공분양,대전,0
2024-11,LH,공공분양,울산,0
2024-11,LH,공공분양,세종,0
2024-11,LH,공공분양,강원,0
2024-11,LH,공공분양,충북,0
2024-11,LH,공공분양,충남,0
2024-11,LH,공공분양,전북,0
2024-11,LH,공공분양,전남,0
2024-11,LH,공공분양,경북,0
2024-11,LH,공공분양,경남,0
2024-11,LH,공공분양,제주,0
2024-11,주택업체,소계,전국,44
2024-11,주택업체,소계,서울,0
2024-11,주택업체,소계,인천,0
2024-11,주택업체,소계,경기,0
2024-11,주택업체,소계,부산,0
2024-11,주택업체,소계,대구,0
2024-11,주택업체,소계,광주,0
2024-11,주택업체,소계,대전,0
2024-11,주택업체,소계,울산,0
2024-11,주택업체,소계,세종,0
2024-11,주택업체,소계,강원,0
2024-11,주택업체,소계,충북,0
2024-11,주택업체,소계,충남,0
2024-11,주택업체,소계,전북,44
2024-11,주택업체,소계,전남,0
2024-11,주택업체,소계,경북,0
2024-11,주택업체,소계,경남,0
2024-11,주택업체,소계,제주,0
2024-11,주택업체,국민임대,전국,0
2024-11,주택업체,국민임대,서울,0
2024-11,주택업체,국민임대,인천,0
2024-11,주택업체,국민임대,경기,0
2024-11,주택업체,국민임대,부산,0
2024-11,주택업체,국민임대,대구,0
2024-11,주택업체,국민임대,광주,0
2024-11,주택업체,국민임대,대전,0
2024-11,주택업체,국민임대,울산,0
2024-11,주택업체,국민임대,세종,0
2024-11,주택업체,국민임대,강원,0
2024-11,주택업체,국민임대,충북,0
2024-11,주택업체,국민임대,충남,0
2024-11,주택업체,국민임대,전북,0
2024-11,주택업체,국민임대,전남,0
2024-11,주택업체,국민임대,경북,0
2024-11,주택업체,국민임대,경남,0
2024-11,주택업체,국민임대,제주,0
2024-11,주택업체,공공임대,전국,44
2024-11,주택업체,공공임대,서울,0
2024-11,주택업체,공공임대,인천,0
2024-11,주택업체,공공임대,경기,0
2024-11,주택업체,공공임대,부산,0
2024-11,주택업체,공공임대,대구,0
2024-11,주택업체,공공임대,광주,0
2024-11,주택업체,공공임대,대전,0
2024-11,주택업체,공공임대,울산,0
2024-11,주택업체,공공임대,세종,0
2024-11,주택업체,공공임대,강원,0
2024-11,주택업체,공공임대,충북,0
2024-11,주택업체,공공임대,충남,0
2024-11,주택업체,공공임대,전북,44
2024-11,주택업체,공공임대,전남,0
2024-11,주택업체,공공임대,경북,0
2024-11,주택업체,공공임대,경남,0
2024-11,주택업체,공공임대,제주,0
2024-11,주택업체,공공분양,전국,0
2024-11,주택업체,공공분양,서울,0
2024-11,주택업체,공공분양,인천,0
2024-11,주택업체,공공분양,경기,0
2024-11,주택업체,공공분양,부산,0
2024-11,주택업체,공공분양,대구,0
2024-11,주택업체,공공분양,광주,0
2024-11,주택업체,공공분양,대전,0
2024-11,주택업체,공공분양,울산,0
2024-11,주택업체,공공분양,세종,0
2024-11,주택업체,공공분양,강원,0
2024-11,주택업체,공공분양,충북,0
2024-11,주택업체,공공분양,충남,0
2024-11,주택업체,공공분양,전북,0
2024-11,주택업체,공공분양,전남,0
2024-11,주택업체,공공분양,경북,0
2024-11,주택업체,공공분양,경남,0
2024-11,주택업체,공공분양,제주,0
2024-11,민간부문,소계,전국,20,487
2024-11,민간부문,소계,서울,3,882
2024-11,민간부문,소계,인천,2,850
2024-11,민간부문,소계,경기,2,751
2024-11,민간부문,소계,부산,565
2024-11,민간부문,소계,대구,173
2024-11,민간부문,소계,광주,12
2024-11,민간부문,소계,대전,5
2024-11,민간부문,소계,울산,22
2024-11,민간부문,소계,세종,52
2024-11,민간부문,소계,강원,672
2024-11,민간부문,소계,충북,969
2024-11,민간부문,소계,충남,4,339
2024-11,민간부문,소계,전북,2,586
2024-11,민간부문,소계,전남,1,005
2024-11,민간부문,소계,경북,207
2024-11,민간부문,소계,경남,179
2024-11,민간부문,소계,제주,218
2024-11,민간,민간임대,전국,2,521
2024-11,민간,민간임대,서울,566
2024-11,민간,민간임대,인천,0
2024-11,민간,민간임대,경기,0
2024-11,민간,민간임대,부산,0
2024-11,민간,민간임대,대구,0
2024-11,민간,민간임대,광주,0
2024-11,민간,민간임대,대전,0
2024-11,민간,민간임대,울산,0
2024-11,민간,민간임대,세종,0
2024-11,민간,민간임대,강원,0
2024-11,민간,민간임대,충북,245
2024-11,민간,민간임대,충남,1,710
2024-11,민간,민간임대,전북,0
2024-11,민간,민간임대,전남,0
2024-11,민간,민간임대,경북,0
2024-11,민간,민간임대,경남,0
2024-11,민간,민간임대,제주,0
2024-11,민간,민간분양,전국,17,966
2024-11,민간,민간분양,서울,3,316
2024-11,민간,민간분양,인천,2,850
2024-11,민간,민간분양,경기,2,751
2024-11,민간,민간분양,부산,565
2024-11,민간,민간분양,대구,173
2024-11,민간,민간분양,광주,12
2024-11,민간,민간분양,대전,5
2024-11,민간,민간분양,울산,22
2024-11,민간,민간분양,세종,52
2024-11,민간,민간분양,강원,672
2024-11,민간,민간분양,충북,724
2024-11,민간,민간분양,충남,2,629
2024-11,민간,민간분양,전북,2,586
2024-11,민간,민간분양,전남,1,005
2024-11,민간,민간분양,경북,207
2024-11,민간,민간분양,경남,179
2024-11,민간,민간분양,제주,218
2024-12,총계,총계,전국,65,674
2024-12,총계,총계,서울,3,620
2024-12,총계,총계,인천,1,769
2024-12,총계,총계,경기,24,576
2024-12,총계,총계,부산,3,099
2024-12,총계,총계,대구,2,762
2024-12,총계,총계,광주,4
2024-12,총계,총계,대전,3,377
2024-12,총계,총계,울산,2,155
2024-12,총계,총계,세종,3,024
2024-12,총계,총계,강원,1,742
2024-12,총계,총계,충북,3,558
2024-12,총계,총계,충남,4,760
2024-12,총계,총계,전북,978
2024-12,총계,총계,전남,3,077
2024-12,총계,총계,경북,1,676
2024-12,총계,총계,경남,5,227
2024-12,총계,총계,제주,270
2024-12,공공부문,소계,전국,43,480
2024-12,공공부문,소계,서울,95
2024-12,공공부문,소계,인천,1,323
2024-12,공공부문,소계,경기,19,874
2024-12,공공부문,소계,부산,2,424
2024-12,공공부문,소계,대구,1,148
2024-12,공공부문,소계,광주,0
2024-12,공공부문,소계,대전,3,265
2024-12,공공부문,소계,울산,2,134
2024-12,공공부문,소계,세종,2,323
2024-12,공공부문,소계,강원,1,332
2024-12,공공부문,소계,충북,2,828
2024-12,공공부문,소계,충남,1,725
2024-12,공공부문,소계,전북,878
2024-12,공공부문,소계,전남,727
2024-12,공공부문,소계,경북,962
2024-12,공공부문,소계,경남,2,442
2024-12,공공부문,소계,제주,0
2024-12,합,국민임대,전국,991
2024-12,합,국민임대,서울,0
2024-12,합,국민임대,인천,991
2024-12,합,국민임대,경기,0
2024-12,합,국민임대,부산,0
2024-12,합,국민임대,대구,0
2024-12,합,국민임대,광주,0
2024-12,합,국민임대,대전,0
2024-12,합,국민임대,울산,0
2024-12,합,국민임대,세종,0
2024-12,합,국민임대,강원,0
2024-12,합,국민임대,충북,0
2024-12,합,국민임대,충남,0
2024-12,합,국민임대,전북,0
2024-12,합,국민임대,전남,0
2024-12,합,국민임대,경북,0
2024-12,합,국민임대,경남,0
2024-12,합,국민임대,제주,0
2024-12,합,공공임대,전국,21,399
2024-12,합,공공임대,서울,95
2024-12,합,공공임대,인천,332
2024-12,합,공공임대,경기,7,875
2024-12,합,공공임대,부산,523
2024-12,합,공공임대,대구,1,148
2024-12,합,공공임대,광주,0
2024-12,합,공공임대,대전,674
2024-12,합,공공임대,울산,1,278
2024-12,합,공공임대,세종,1,667
2024-12,합,공공임대,강원,1,037
2024-12,합,공공임대,충북,423
2024-12,합,공공임대,충남,1,725
2024-12,합,공공임대,전북,878
2024-12,합,공공임대,전남,727
2024-12,합,공공임대,경북,962
2024-12,합,공공임대,경남,2,055
2024-12,합,공공임대,제주,0
2024-12,합,공공분양,전국,21,090
2024-12,합,공공분양,서울,0
2024-12,합,공공분양,인천,0
2024-12,합,공공분양,경기,11,999
2024-12,합,공공분양,부산,1,901
2024-12,합,공공분양,대구,0
2024-12,합,공공분양,광주,0
2024-12,합,공공분양,대전,2,591
2024-12,합,공공분양,울산,856
2024-12,합,공공분양,세종,656
2024-12,합,공공분양,강원,295
2024-12,합,공공분양,충북,2,405
2024-12,합,공공분양,충남,0
2024-12,합,공공분양,전북,0
2024-12,합,공공분양,전남,0
2024-12,합,공공분양,경북,0
2024-12,합,공공분양,경남,387
2024-12,합,공공분양,제주,0
2024-12,지자체,소계,전국,1,044
2024-12,지자체,소계,서울,0
2024-12,지자체,소계,인천,0
2024-12,지자체,소계,경기,0
2024-12,지자체,소계,부산,1,025
2024-12,지자체,소계,대구,0
2024-12,지자체,소계,광주,0
2024-12,지자체,소계,대전,0
2024-12,지자체,소계,울산,0
2024-12,지자체,소계,세종,0
2024-12,지자체,소계,강원,0
2024-12,지자체,소계,충북,0
2024-12,지자체,소계,충남,19
2024-12,지자체,소계,전북,0
2024-12,지자체,소계,전남,0
2024-12,지자체,소계,경북,0
2024-12,지자체,소계,경남,0
2024-12,지자체,소계,제주,0
2024-12,지자체,국민임대,전국,0
2024-12,지자체,국민임대,서울,0
2024-12,지자체,국민임대,인천,0
2024-12,지자체,국민임대,경기,0
2024-12,지자체,국민임대,부산,0
2024-12,지자체,국민임대,대구,0
2024-12,지자체,국민임대,광주,0
2024-12,지자체,국민임대,대전,0
2024-12,지자체,국민임대,울산,0
2024-12,지자체,국민임대,세종,0
2024-12,지자체,국민임대,강원,0
2024-12,지자체,국민임대,충북,0
2024-12,지자체,국민임대,충남,0
2024-12,지자체,국민임대,전북,0
2024-12,지자체,국민임대,전남,0
2024-12,지자체,국민임대,경북,0
2024-12,지자체,국민임대,경남,0
2024-12,지자체,국민임대,제주,0
2024-12,지자체,공공임대,전국,19
2024-12,지자체,공공임대,서울,0
2024-12,지자체,공공임대,인천,0
2024-12,지자체,공공임대,경기,0
2024-12,지자체,공공임대,부산,0
2024-12,지자체,공공임대,대구,0
2024-12,지자체,공공임대,광주,0
2024-12,지자체,공공임대,대전,0
2024-12,지자체,공공임대,울산,0
2024-12,지자체,공공임대,세종,0
2024-12,지자체,공공임대,강원,0
2024-12,지자체,공공임대,충북,0
2024-12,지자체,공공임대,충남,19
2024-12,지자체,공공임대,전북,0
2024-12,지자체,공공임대,전남,0
2024-12,지자체,공공임대,경북,0
2024-12,지자체,공공임대,경남,0
2024-12,지자체,공공임대,제주,0
2024-12,지자체,공공분양,전국,1,025
2024-12,지자체,공공분양,서울,0
2024-12,지자체,공공분양,인천,0
2024-12,지자체,공공분양,경기,0
2024-12,지자체,공공분양,부산,1,025
2024-12,지자체,공공분양,대구,0
2024-12,지자체,공공분양,광주,0
2024-12,지자체,공공분양,대전,0
2024-12,지자체,공공분양,울산,0
2024-12,지자체,공공분양,세종,0
2024-12,지자체,공공분양,강원,0
2024-12,지자체,공공분양,충북,0
2024-12,지자체,공공분양,충남,0
2024-12,지자체,공공분양,전북,0
2024-12,지자체,공공분양,전남,0
2024-12,지자체,공공분양,경북,0
2024-12,지자체,공공분양,경남,0
2024-12,지자체,공공분양,제주,0
2024-12,LH,소계,전국,40,931
2024-12,LH,소계,서울,0
2024-12,LH,소계,인천,1,323
2024-12,LH,소계,경기,18,971
2024-12,LH,소계,부산,1,399
2024-12,LH,소계,대구,1,148
2024-12,LH,소계,광주,0
2024-12,LH,소계,대전,3,265
2024-12,LH,소계,울산,2,134
2024-12,LH,소계,세종,2,323
2024-12,LH,소계,강원,1,332
2024-12,LH,소계,충북,2,828
2024-12,LH,소계,충남,1,706
2024-12,LH,소계,전북,878
2024-12,LH,소계,전남,220
2024-12,LH,소계,경북,962
2024-12,LH,소계,경남,2,442
2024-12,LH,소계,제주,0
2024-12,LH,국민임대,전국,991
2024-12,LH,국민임대,서울,0
2024-12,LH,국민임대,인천,991
2024-12,LH,국민임대,경기,0
2024-12,LH,국민임대,부산,0
2024-12,LH,국민임대,대구,0
2024-12,LH,국민임대,광주,0
2024-12,LH,국민임대,대전,0
2024-12,LH,국민임대,울산,0
2024-12,LH,국민임대,세종,0
2024-12,LH,국민임대,강원,0
2024-12,LH,국민임대,충북,0
2024-12,LH,국민임대,충남,0
2024-12,LH,국민임대,전북,0
2024-12,LH,국민임대,전남,0
2024-12,LH,국민임대,경북,0
2024-12,LH,국민임대,경남,0
2024-12,LH,국민임대,제주,0
2024-12,LH,공공임대,전국,20,578
2024-12,LH,공공임대,서울,0
2024-12,LH,공공임대,인천,332
2024-12,LH,공공임대,경기,7,675
2024-12,LH,공공임대,부산,523
2024-12,LH,공공임대,대구,1,148
2024-12,LH,공공임대,광주,0
2024-12,LH,공공임대,대전,674
2024-12,LH,공공임대,울산,1,278
2024-12,LH,공공임대,세종,1,667
2024-12,LH,공공임대,강원,1,037
2024-12,LH,공공임대,충북,423
2024-12,LH,공공임대,충남,1,706
2024-12,LH,공공임대,전북,878
2024-12,LH,공공임대,전남,220
2024-12,LH,공공임대,경북,962
2024-12,LH,공공임대,경남,2,055
2024-12,LH,공공임대,제주,0
2024-12,LH,공공분양,전국,19,362
2024-12,LH,공공분양,서울,0
2024-12,LH,공공분양,인천,0
2024-12,LH,공공분양,경기,11,296
2024-12,LH,공공분양,부산,876
2024-12,LH,공공분양,대구,0
2024-12,LH,공공분양,광주,0
2024-12,LH,공공분양,대전,2,591
2024-12,LH,공공분양,울산,856
2024-12,LH,공공분양,세종,656
2024-12,LH,공공분양,강원,295
2024-12,LH,공공분양,충북,2,405
2024-12,LH,공공분양,충남,0
2024-12,LH,공공분양,전북,0
2024-12,LH,공공분양,전남,0
2024-12,LH,공공분양,경북,0
2024-12,LH,공공분양,경남,387
2024-12,LH,공공분양,제주,0
2024-12,주택업체,소계,전국,1,505
2024-12,주택업체,소계,서울,95
2024-12,주택업체,소계,인천,0
2024-12,주택업체,소계,경기,903
2024-12,주택업체,소계,부산,0
2024-12,주택업체,소계,대구,0
2024-12,주택업체,소계,광주,0
2024-12,주택업체,소계,대전,0
2024-12,주택업체,소계,울산,0
2024-12,주택업체,소계,세종,0
2024-12,주택업체,소계,강원,0
2024-12,주택업체,소계,충북,0
2024-12,주택업체,소계,충남,0
2024-12,주택업체,소계,전북,0
2024-12,주택업체,소계,전남,507
2024-12,주택업체,소계,경북,0
2024-12,주택업체,소계,경남,0
2024-12,주택업체,소계,제주,0
2024-12,주택업체,국민임대,전국,0
2024-12,주택업체,국민임대,서울,0
2024-12,주택업체,국민임대,인천,0
2024-12,주택업체,국민임대,경기,0
2024-12,주택업체,국민임대,부산,0
2024-12,주택업체,국민임대,대구,0
2024-12,주택업체,국민임대,광주,0
2024-12,주택업체,국민임대,대전,0
2024-12,주택업체,국민임대,울산,0
2024-12,주택업체,국민임대,세종,0
2024-12,주택업체,국민임대,강원,0
2024-12,주택업체,국민임대,충북,0
2024-12,주택업체,국민임대,충남,0
2024-12,주택업체,국민임대,전북,0
2024-12,주택업체,국민임대,전남,0
2024-12,주택업체,국민임대,경북,0
2024-12,주택업체,국민임대,경남,0
2024-12,주택업체,국민임대,제주,0
2024-12,주택업체,공공임대,전국,802
2024-12,주택업체,공공임대,서울,95
2024-12,주택업체,공공임대,인천,0
2024-12,주택업체,공공임대,경기,200
2024-12,주택업체,공공임대,부산,0
2024-12,주택업체,공공임대,대구,0
2024-12,주택업체,공공임대,광주,0
2024-12,주택업체,공공임대,대전,0
2024-12,주택업체,공공임대,울산,0
2024-12,주택업체,공공임대,세종,0
2024-12,주택업체,공공임대,강원,0
2024-12,주택업체,공공임대,충북,0
2024-12,주택업체,공공임대,충남,0
2024-12,주택업체,공공임대,전북,0
2024-12,주택업체,공공임대,전남,507
2024-12,주택업체,공공임대,경북,0
2024-12,주택업체,공공임대,경남,0
2024-12,주택업체,공공임대,제주,0
2024-12,주택업체,공공분양,전국,703
2024-12,주택업체,공공분양,서울,0
2024-12,주택업체,공공분양,인천,0
2024-12,주택업체,공공분양,경기,703
2024-12,주택업체,공공분양,부산,0
2024-12,주택업체,공공분양,대구,0
2024-12,주택업체,공공분양,광주,0
2024-12,주택업체,공공분양,대전,0
2024-12,주택업체,공공분양,울산,0
2024-12,주택업체,공공분양,세종,0
2024-12,주택업체,공공분양,강원,0
2024-12,주택업체,공공분양,충북,0
2024-12,주택업체,공공분양,충남,0
2024-12,주택업체,공공분양,전북,0
2024-12,주택업체,공공분양,전남,0
2024-12,주택업체,공공분양,경북,0
2024-12,주택업체,공공분양,경남,0
2024-12,주택업체,공공분양,제주,0
2024-12,민간부문,소계,전국,22,194
2024-12,민간부문,소계,서울,3,525
2024-12,민간부문,소계,인천,446
2024-12,민간부문,소계,경기,4,702
2024-12,민간부문,소계,부산,675
2024-12,민간부문,소계,대구,1,614
2024-12,민간부문,소계,광주,4
2024-12,민간부문,소계,대전,112
2024-12,민간부문,소계,울산,21
2024-12,민간부문,소계,세종,701
2024-12,민간부문,소계,강원,410
2024-12,민간부문,소계,충북,730
2024-12,민간부문,소계,충남,3,035
2024-12,민간부문,소계,전북,100
2024-12,민간부문,소계,전남,2,350
2024-12,민간부문,소계,경북,714
2024-12,민간부문,소계,경남,2,785
2024-12,민간부문,소계,제주,270
2024-12,민간,민간임대,전국,1,129
2024-12,민간,민간임대,서울,397
2024-12,민간,민간임대,인천,310
2024-12,민간,민간임대,경기,0
2024-12,민간,민간임대,부산,0
2024-12,민간,민간임대,대구,0
2024-12,민간,민간임대,광주,0
2024-12,민간,민간임대,대전,0
2024-12,민간,민간임대,울산,0
2024-12,민간,민간임대,세종,0
2024-12,민간,민간임대,강원,218
2024-12,민간,민간임대,충북,0
2024-12,민간,민간임대,충남,0
2024-12,민간,민간임대,전북,0
2024-12,민간,민간임대,전남,160
2024-12,민간,민간임대,경북,0
2024-12,민간,민간임대,경남,0
2024-12,민간,민간임대,제주,44
2024-12,민간,민간분양,전국,21,065
2024-12,민간,민간분양,서울,3,128
2024-12,민간,민간분양,인천,136
2024-12,민간,민간분양,경기,4,702
2024-12,민간,민간분양,부산,675
2024-12,민간,민간분양,대구,1,614
2024-12,민간,민간분양,광주,4
2024-12,민간,민간분양,대전,112
2024-12,민간,민간분양,울산,21
2024-12,민간,민간분양,세종,701
2024-12,민간,민간분양,강원,192
2024-12,민간,민간분양,충북,730
2024-12,민간,민간분양,충남,3,035
2024-12,민간,민간분양,전북,100
2024-12,민간,민간분양,전남,2,190
2024-12,민간,민간분양,경북,714
2024-12,민간,민간분양,경남,2,785
2024-12,민간,민간분양,제주,226
2025-01,총계,총계,전국,10,671
2025-01,총계,총계,서울,2,050
2025-01,총계,총계,인천,161
2025-01,총계,총계,경기,1,758
2025-01,총계,총계,부산,4
2025-01,총계,총계,대구,8
2025-01,총계,총계,광주,2
2025-01,총계,총계,대전,513
2025-01,총계,총계,울산,379
2025-01,총계,총계,세종,9
2025-01,총계,총계,강원,64
2025-01,총계,총계,충북,51
2025-01,총계,총계,충남,1,858
2025-01,총계,총계,전북,45
2025-01,총계,총계,전남,148
2025-01,총계,총계,경북,72
2025-01,총계,총계,경남,3,433
2025-01,총계,총계,제주,116
2025-01,공공부문,소계,전국,216
2025-01,공공부문,소계,서울,216
2025-01,공공부문,소계,인천,0
2025-01,공공부문,소계,경기,0
2025-01,공공부문,소계,부산,0
2025-01,공공부문,소계,대구,0
2025-01,공공부문,소계,광주,0
2025-01,공공부문,소계,대전,0
2025-01,공공부문,소계,울산,0
2025-01,공공부문,소계,세종,0
2025-01,공공부문,소계,강원,0
2025-01,공공부문,소계,충북,0
2025-01,공공부문,소계,충남,0
2025-01,공공부문,소계,전북,0
2025-01,공공부문,소계,전남,0
2025-01,공공부문,소계,경북,0
2025-01,공공부문,소계,경남,0
2025-01,공공부문,소계,제주,0
2025-01,합,국민임대,전국,51
2025-01,합,국민임대,서울,51
2025-01,합,국민임대,인천,0
2025-01,합,국민임대,경기,0
2025-01,합,국민임대,부산,0
2025-01,합,국민임대,대구,0
2025-01,합,국민임대,광주,0
2025-01,합,국민임대,대전,0
2025-01,합,국민임대,울산,0
2025-01,합,국민임대,세종,0
2025-01,합,국민임대,강원,0
2025-01,합,국민임대,충북,0
2025-01,합,국민임대,충남,0
2025-01,합,국민임대,전북,0
2025-01,합,국민임대,전남,0
2025-01,합,국민임대,경북,0
2025-01,합,국민임대,경남,0
2025-01,합,국민임대,제주,0
2025-01,합,공공임대,전국,165
2025-01,합,공공임대,서울,165
2025-01,합,공공임대,인천,0
2025-01,합,공공임대,경기,0
2025-01,합,공공임대,부산,0
2025-01,합,공공임대,대구,0
2025-01,합,공공임대,광주,0
2025-01,합,공공임대,대전,0
2025-01,합,공공임대,울산,0
2025-01,합,공공임대,세종,0
2025-01,합,공공임대,강원,0
2025-01,합,공공임대,충북,0
2025-01,합,공공임대,충남,0
2025-01,합,공공임대,전북,0
2025-01,합,공공임대,전남,0
2025-01,합,공공임대,경북,0
2025-01,합,공공임대,경남,0
2025-01,합,공공임대,제주,0
2025-01,합,공공분양,전국,0
2025-01,합,공공분양,서울,0
2025-01,합,공공분양,인천,0
2025-01,합,공공분양,경기,0
2025-01,합,공공분양,부산,0
2025-01,합,공공분양,대구,0
2025-01,합,공공분양,광주,0
2025-01,합,공공분양,대전,0
2025-01,합,공공분양,울산,0
2025-01,합,공공분양,세종,0
2025-01,합,공공분양,강원,0
2025-01,합,공공분양,충북,0
2025-01,합,공공분양,충남,0
2025-01,합,공공분양,전북,0
2025-01,합,공공분양,전남,0
2025-01,합,공공분양,경북,0
2025-01,합,공공분양,경남,0
2025-01,합,공공분양,제주,0
2025-01,지자체,소계,전국,0
2025-01,지자체,소계,서울,0
2025-01,지자체,소계,인천,0
2025-01,지자체,소계,경기,0
2025-01,지자체,소계,부산,0
2025-01,지자체,소계,대구,0
2025-01,지자체,소계,광주,0
2025-01,지자체,소계,대전,0
2025-01,지자체,소계,울산,0
2025-01,지자체,소계,세종,0
2025-01,지자체,소계,강원,0
2025-01,지자체,소계,충북,0
2025-01,지자체,소계,충남,0
2025-01,지자체,소계,전북,0
2025-01,지자체,소계,전남,0
2025-01,지자체,소계,경북,0
2025-01,지자체,소계,경남,0
2025-01,지자체,소계,제주,0
2025-01,지자체,국민임대,전국,0
2025-01,지자체,국민임대,서울,0
2025-01,지자체,국민임대,인천,0
2025-01,지자체,국민임대,경기,0
2025-01,지자체,국민임대,부산,0
2025-01,지자체,국민임대,대구,0
2025-01,지자체,국민임대,광주,0
2025-01,지자체,국민임대,대전,0
2025-01,지자체,국민임대,울산,0
2025-01,지자체,국민임대,세종,0
2025-01,지자체,국민임대,강원,0
2025-01,지자체,국민임대,충북,0
2025-01,지자체,국민임대,충남,0
2025-01,지자체,국민임대,전북,0
2025-01,지자체,국민임대,전남,0
2025-01,지자체,국민임대,경북,0
2025-01,지자체,국민임대,경남,0
2025-01,지자체,국민임대,제주,0
2025-01,지자체,공공임대,전국,0
2025-01,지자체,공공임대,서울,0
2025-01,지자체,공공임대,인천,0
2025-01,지자체,공공임대,경기,0
2025-01,지자체,공공임대,부산,0
2025-01,지자체,공공임대,대구,0
2025-01,지자체,공공임대,광주,0
2025-01,지자체,공공임대,대전,0
2025-01,지자체,공공임대,울산,0
2025-01,지자체,공공임대,세종,0
2025-01,지자체,공공임대,강원,0
2025-01,지자체,공공임대,충북,0
2025-01,지자체,공공임대,충남,0
2025-01,지자체,공공임대,전북,0
2025-01,지자체,공공임대,전남,0
2025-01,지자체,공공임대,경북,0
2025-01,지자체,공공임대,경남,0
2025-01,지자체,공공임대,제주,0
2025-01,지자체,공공분양,전국,0
2025-01,지자체,공공분양,서울,0
2025-01,지자체,공공분양,인천,0
2025-01,지자체,공공분양,경기,0
2025-01,지자체,공공분양,부산,0
2025-01,지자체,공공분양,대구,0
2025-01,지자체,공공분양,광주,0
2025-01,지자체,공공분양,대전,0
2025-01,지자체,공공분양,울산,0
2025-01,지자체,공공분양,세종,0
2025-01,지자체,공공분양,강원,0
2025-01,지자체,공공분양,충북,0
2025-01,지자체,공공분양,충남,0
2025-01,지자체,공공분양,전북,0
2025-01,지자체,공공분양,전남,0
2025-01,지자체,공공분양,경북,0
2025-01,지자체,공공분양,경남,0
2025-01,지자체,공공분양,제주,0
2025-01,LH,소계,전국,0
2025-01,LH,소계,서울,0
2025-01,LH,소계,인천,0
2025-01,LH,소계,경기,0
2025-01,LH,소계,부산,0
2025-01,LH,소계,대구,0
2025-01,LH,소계,광주,0
2025-01,LH,소계,대전,0
2025-01,LH,소계,울산,0
2025-01,LH,소계,세종,0
2025-01,LH,소계,강원,0
2025-01,LH,소계,충북,0
2025-01,LH,소계,충남,0
2025-01,LH,소계,전북,0
2025-01,LH,소계,전남,0
2025-01,LH,소계,경북,0
2025-01,LH,소계,경남,0
2025-01,LH,소계,제주,0
2025-01,LH,국민임대,전국,0
2025-01,LH,국민임대,서울,0
2025-01,LH,국민임대,인천,0
2025-01,LH,국민임대,경기,0
2025-01,LH,국민임대,부산,0
2025-01,LH,국민임대,대구,0
2025-01,LH,국민임대,광주,0
2025-01,LH,국민임대,대전,0
2025-01,LH,국민임대,울산,0
2025-01,LH,국민임대,세종,0
2025-01,LH,국민임대,강원,0
2025-01,LH,국민임대,충북,0
2025-01,LH,국민임대,충남,0
2025-01,LH,국민임대,전북,0
2025-01,LH,국민임대,전남,0
2025-01,LH,국민임대,경북,0
2025-01,LH,국민임대,경남,0
2025-01,LH,국민임대,제주,0
2025-01,LH,공공임대,전국,0
2025-01,LH,공공임대,서울,0
2025-01,LH,공공임대,인천,0
2025-01,LH,공공임대,경기,0
2025-01,LH,공공임대,부산,0
2025-01,LH,공공임대,대구,0
2025-01,LH,공공임대,광주,0
2025-01,LH,공공임대,대전,0
2025-01,LH,공공임대,울산,0
2025-01,LH,공공임대,세종,0
2025-01,LH,공공임대,강원,0
2025-01,LH,공공임대,충북,0
2025-01,LH,공공임대,충남,0
2025-01,LH,공공임대,전북,0
2025-01,LH,공공임대,전남,0
2025-01,LH,공공임대,경북,0
2025-01,LH,공공임대,경남,0
2025-01,LH,공공임대,제주,0
2025-01,LH,공공분양,전국,0
2025-01,LH,공공분양,서울,0
2025-01,LH,공공분양,인천,0
2025-01,LH,공공분양,경기,0
2025-01,LH,공공분양,부산,0
2025-01,LH,공공분양,대구,0
2025-01,LH,공공분양,광주,0
2025-01,LH,공공분양,대전,0
2025-01,LH,공공분양,울산,0
2025-01,LH,공공분양,세종,0
2025-01,LH,공공분양,강원,0
2025-01,LH,공공분양,충북,0
2025-01,LH,공공분양,충남,0
2025-01,LH,공공분양,전북,0
2025-01,LH,공공분양,전남,0
2025-01,LH,공공분양,경북,0
2025-01,LH,공공분양,경남,0
2025-01,LH,공공분양,제주,0
2025-01,주택업체,소계,전국,216
2025-01,주택업체,소계,서울,216
2025-01,주택업체,소계,인천,0
2025-01,주택업체,소계,경기,0
2025-01,주택업체,소계,부산,0
2025-01,주택업체,소계,대구,0
2025-01,주택업체,소계,광주,0
2025-01,주택업체,소계,대전,0
2025-01,주택업체,소계,울산,0
2025-01,주택업체,소계,세종,0
2025-01,주택업체,소계,강원,0
2025-01,주택업체,소계,충북,0
2025-01,주택업체,소계,충남,0
2025-01,주택업체,소계,전북,0
2025-01,주택업체,소계,전남,0
2025-01,주택업체,소계,경북,0
2025-01,주택업체,소계,경남,0
2025-01,주택업체,소계,제주,0
2025-01,주택업체,국민임대,전국,51
2025-01,주택업체,국민임대,서울,51
2025-01,주택업체,국민임대,인천,0
2025-01,주택업체,국민임대,경기,0
2025-01,주택업체,국민임대,부산,0
2025-01,주택업체,국민임대,대구,0
2025-01,주택업체,국민임대,광주,0
2025-01,주택업체,국민임대,대전,0
2025-01,주택업체,국민임대,울산,0
2025-01,주택업체,국민임대,세종,0
2025-01,주택업체,국민임대,강원,0
2025-01,주택업체,국민임대,충북,0
2025-01,주택업체,국민임대,충남,0
2025-01,주택업체,국민임대,전북,0
2025-01,주택업체,국민임대,전남,0
2025-01,주택업체,국민임대,경북,0
2025-01,주택업체,국민임대,경남,0
2025-01,주택업체,국민임대,제주,0
2025-01,주택업체,공공임대,전국,165
2025-01,주택업체,공공임대,서울,165
2025-01,주택업체,공공임대,인천,0
2025-01,주택업체,공공임대,경기,0
2025-01,주택업체,공공임대,부산,0
2025-01,주택업체,공공임대,대구,0
2025-01,주택업체,공공임대,광주,0
2025-01,주택업체,공공임대,대전,0
2025-01,주택업체,공공임대,울산,0
2025-01,주택업체,공공임대,세종,0
2025-01,주택업체,공공임대,강원,0
2025-01,주택업체,공공임대,충북,0
2025-01,주택업체,공공임대,충남,0
2025-01,주택업체,공공임대,전북,0
2025-01,주택업체,공공임대,전남,0
2025-01,주택업체,공공임대,경북,0
2025-01,주택업체,공공임대,경남,0
2025-01,주택업체,공공임대,제주,0
2025-01,주택업체,공공분양,전국,0
2025-01,주택업체,공공분양,서울,0
2025-01,주택업체,공공분양,인천,0
2025-01,주택업체,공공분양,경기,0
2025-01,주택업체,공공분양,부산,0
2025-01,주택업체,공공분양,대구,0
2025-01,주택업체,공공분양,광주,0
2025-01,주택업체,공공분양,대전,0
2025-01,주택업체,공공분양,울산,0
2025-01,주택업체,공공분양,세종,0
2025-01,주택업체,공공분양,강원,0
2025-01,주택업체,공공분양,충북,0
2025-01,주택업체,공공분양,충남,0
2025-01,주택업체,공공분양,전북,0
2025-01,주택업체,공공분양,전남,0
2025-01,주택업체,공공분양,경북,0
2025-01,주택업체,공공분양,경남,0
2025-01,주택업체,공공분양,제주,0
2025-01,민간부문,소계,전국,10,455
2025-01,민간부문,소계,서울,1,834
2025-01,민간부문,소계,인천,161
2025-01,민간부문,소계,경기,1,758
2025-01,민간부문,소계,부산,4
2025-01,민간부문,소계,대구,8
2025-01,민간부문,소계,광주,2
2025-01,민간부문,소계,대전,513
2025-01,민간부문,소계,울산,379
2025-01,민간부문,소계,세종,9
2025-01,민간부문,소계,강원,64
2025-01,민간부문,소계,충북,51
2025-01,민간부문,소계,충남,1,858
2025-01,민간부문,소계,전북,45
2025-01,민간부문,소계,전남,148
2025-01,민간부문,소계,경북,72
2025-01,민간부문,소계,경남,3,433
2025-01,민간부문,소계,제주,116
2025-01,민간,민간임대,전국,4,616
2025-01,민간,민간임대,서울,39
2025-01,민간,민간임대,인천,0
2025-01,민간,민간임대,경기,1,222
2025-01,민간,민간임대,부산,0
2025-01,민간,민간임대,대구,0
2025-01,민간,민간임대,광주,0
2025-01,민간,민간임대,대전,0
2025-01,민간,민간임대,울산,0
2025-01,민간,민간임대,세종,0
2025-01,민간,민간임대,강원,0
2025-01,민간,민간임대,충북,0
2025-01,민간,민간임대,충남,265
2025-01,민간,민간임대,전북,0
2025-01,민간,민간임대,전남,0
2025-01,민간,민간임대,경북,0
2025-01,민간,민간임대,경남,3,090
2025-01,민간,민간임대,제주,0
2025-01,민간,민간분양,전국,5,839
2025-01,민간,민간분양,서울,1,795
2025-01,민간,민간분양,인천,161
2025-01,민간,민간분양,경기,536
2025-01,민간,민간분양,부산,4
2025-01,민간,민간분양,대구,8
2025-01,민간,민간분양,광주,2
2025-01,민간,민간분양,대전,513
2025-01,민간,민간분양,울산,379
2025-01,민간,민간분양,세종,9
2025-01,민간,민간분양,강원,64
2025-01,민간,민간분양,충북,51
2025-01,민간,민간분양,충남,1,593
2025-01,민간,민간분양,전북,45
2025-01,민간,민간분양,전남,148
2025-01,민간,민간분양,경북,72
2025-01,민간,민간분양,경남,343
2025-01,민간,민간분양,제주,116
2025-02,총계,총계,전국,9,581
2025-02,총계,총계,서울,941
2025-02,총계,총계,인천,114
2025-02,총계,총계,경기,3,446
2025-02,총계,총계,부산,419
2025-02,총계,총계,대구,252
2025-02,총계,총계,광주,37
2025-02,총계,총계,대전,1,045
2025-02,총계,총계,울산,16
2025-02,총계,총계,세종,8
2025-02,총계,총계,강원,616
2025-02,총계,총계,충북,1,692
2025-02,총계,총계,충남,349
2025-02,총계,총계,전북,71
2025-02,총계,총계,전남,116
2025-02,총계,총계,경북,155
2025-02,총계,총계,경남,127
2025-02,총계,총계,제주,177
2025-02,공공부문,소계,전국,348
2025-02,공공부문,소계,서울,308
2025-02,공공부문,소계,인천,0
2025-02,공공부문,소계,경기,0
2025-02,공공부문,소계,부산,0
2025-02,공공부문,소계,대구,0
2025-02,공공부문,소계,광주,0
2025-02,공공부문,소계,대전,40
2025-02,공공부문,소계,울산,0
2025-02,공공부문,소계,세종,0
2025-02,공공부문,소계,강원,0
2025-02,공공부문,소계,충북,0
2025-02,공공부문,소계,충남,0
2025-02,공공부문,소계,전북,0
2025-02,공공부문,소계,전남,0
2025-02,공공부문,소계,경북,0
2025-02,공공부문,소계,경남,0
2025-02,공공부문,소계,제주,0
2025-02,합,국민임대,전국,20
2025-02,합,국민임대,서울,20
2025-02,합,국민임대,인천,0
2025-02,합,국민임대,경기,0
2025-02,합,국민임대,부산,0
2025-02,합,국민임대,대구,0
2025-02,합,국민임대,광주,0
2025-02,합,국민임대,대전,0
2025-02,합,국민임대,울산,0
2025-02,합,국민임대,세종,0
2025-02,합,국민임대,강원,0
2025-02,합,국민임대,충북,0
2025-02,합,국민임대,충남,0
2025-02,합,국민임대,전북,0
2025-02,합,국민임대,전남,0
2025-02,합,국민임대,경북,0
2025-02,합,국민임대,경남,0
2025-02,합,국민임대,제주,0
2025-02,합,공공임대,전국,328
2025-02,합,공공임대,서울,288
2025-02,합,공공임대,인천,0
2025-02,합,공공임대,경기,0
2025-02,합,공공임대,부산,0
2025-02,합,공공임대,대구,0
2025-02,합,공공임대,광주,0
2025-02,합,공공임대,대전,40
2025-02,합,공공임대,울산,0
2025-02,합,공공임대,세종,0
2025-02,합,공공임대,강원,0
2025-02,합,공공임대,충북,0
2025-02,합,공공임대,충남,0
2025-02,합,공공임대,전북,0
2025-02,합,공공임대,전남,0
2025-02,합,공공임대,경북,0
2025-02,합,공공임대,경남,0
2025-02,합,공공임대,제주,0
2025-02,합,공공분양,전국,0
2025-02,합,공공분양,서울,0
2025-02,합,공공분양,인천,0
2025-02,합,공공분양,경기,0
2025-02,합,공공분양,부산,0
2025-02,합,공공분양,대구,0
2025-02,합,공공분양,광주,0
2025-02,합,공공분양,대전,0
2025-02,합,공공분양,울산,0
2025-02,합,공공분양,세종,0
2025-02,합,공공분양,강원,0
2025-02,합,공공분양,충북,0
2025-02,합,공공분양,충남,0
2025-02,합,공공분양,전북,0
2025-02,합,공공분양,전남,0
2025-02,합,공공분양,경북,0
2025-02,합,공공분양,경남,0
2025-02,합,공공분양,제주,0
2025-02,지자체,소계,전국,152
2025-02,지자체,소계,서울,152
2025-02,지자체,소계,인천,0
2025-02,지자체,소계,경기,0
2025-02,지자체,소계,부산,0
2025-02,지자체,소계,대구,0
2025-02,지자체,소계,광주,0
2025-02,지자체,소계,대전,0
2025-02,지자체,소계,울산,0
2025-02,지자체,소계,세종,0
2025-02,지자체,소계,강원,0
2025-02,지자체,소계,충북,0
2025-02,지자체,소계,충남,0
2025-02,지자체,소계,전북,0
2025-02,지자체,소계,전남,0
2025-02,지자체,소계,경북,0
2025-02,지자체,소계,경남,0
2025-02,지자체,소계,제주,0
2025-02,지자체,국민임대,전국,20
2025-02,지자체,국민임대,서울,20
2025-02,지자체,국민임대,인천,0
2025-02,지자체,국민임대,경기,0
2025-02,지자체,국민임대,부산,0
2025-02,지자체,국민임대,대구,0
2025-02,지자체,국민임대,광주,0
2025-02,지자체,국민임대,대전,0
2025-02,지자체,국민임대,울산,0
2025-02,지자체,국민임대,세종,0
2025-02,지자체,국민임대,강원,0
2025-02,지자체,국민임대,충북,0
2025-02,지자체,국민임대,충남,0
2025-02,지자체,국민임대,전북,0
2025-02,지자체,국민임대,전남,0
2025-02,지자체,국민임대,경북,0
2025-02,지자체,국민임대,경남,0
2025-02,지자체,국민임대,제주,0
2025-02,지자체,공공임대,전국,132
2025-02,지자체,공공임대,서울,132
2025-02,지자체,공공임대,인천,0
2025-02,지자체,공공임대,경기,0
2025-02,지자체,공공임대,부산,0
2025-02,지자체,공공임대,대구,0
2025-02,지자체,공공임대,광주,0
2025-02,지자체,공공임대,대전,0
2025-02,지자체,공공임대,울산,0
2025-02,지자체,공공임대,세종,0
2025-02,지자체,공공임대,강원,0
2025-02,지자체,공공임대,충북,0
2025-02,지자체,공공임대,충남,0
2025-02,지자체,공공임대,전북,0
2025-02,지자체,공공임대,전남,0
2025-02,지자체,공공임대,경북,0
2025-02,지자체,공공임대,경남,0
2025-02,지자체,공공임대,제주,0
2025-02,지자체,공공분양,전국,0
2025-02,지자체,공공분양,서울,0
2025-02,지자체,공공분양,인천,0
2025-02,지자체,공공분양,경기,0
2025-02,지자체,공공분양,부산,0
2025-02,지자체,공공분양,대구,0
2025-02,지자체,공공분양,광주,0
2025-02,지자체,공공분양,대전,0
2025-02,지자체,공공분양,울산,0
2025-02,지자체,공공분양,세종,0
2025-02,지자체,공공분양,강원,0
2025-02,지자체,공공분양,충북,0
2025-02,지자체,공공분양,충남,0
2025-02,지자체,공공분양,전북,0
2025-02,지자체,공공분양,전남,0
2025-02,지자체,공공분양,경북,0
2025-02,지자체,공공분양,경남,0
2025-02,지자체,공공분양,제주,0
2025-02,LH,소계,전국,0
2025-02,LH,소계,서울,0
2025-02,LH,소계,인천,0
2025-02,LH,소계,경기,0
2025-02,LH,소계,부산,0
2025-02,LH,소계,대구,0
2025-02,LH,소계,광주,0
2025-02,LH,소계,대전,0
2025-02,LH,소계,울산,0
2025-02,LH,소계,세종,0
2025-02,LH,소계,강원,0
2025-02,LH,소계,충북,0
2025-02,LH,소계,충남,0
2025-02,LH,소계,전북,0
2025-02,LH,소계,전남,0
2025-02,LH,소계,경북,0
2025-02,LH,소계,경남,0
2025-02,LH,소계,제주,0
2025-02,LH,국민임대,전국,0
2025-02,LH,국민임대,서울,0
2025-02,LH,국민임대,인천,0
2025-02,LH,국민임대,경기,0
2025-02,LH,국민임대,부산,0
2025-02,LH,국민임대,대구,0
2025-02,LH,국민임대,광주,0
2025-02,LH,국민임대,대전,0
2025-02,LH,국민임대,울산,0
2025-02,LH,국민임대,세종,0
2025-02,LH,국민임대,강원,0
2025-02,LH,국민임대,충북,0
2025-02,LH,국민임대,충남,0
2025-02,LH,국민임대,전북,0
2025-02,LH,국민임대,전남,0
2025-02,LH,국민임대,경북,0
2025-02,LH,국민임대,경남,0
2025-02,LH,국민임대,제주,0
2025-02,LH,공공임대,전국,0
2025-02,LH,공공임대,서울,0
2025-02,LH,공공임대,인천,0
2025-02,LH,공공임대,경기,0
2025-02,LH,공공임대,부산,0
2025-02,LH,공공임대,대구,0
2025-02,LH,공공임대,광주,0
2025-02,LH,공공임대,대전,0
2025-02,LH,공공임대,울산,0
2025-02,LH,공공임대,세종,0
2025-02,LH,공공임대,강원,0
2025-02,LH,공공임대,충북,0
2025-02,LH,공공임대,충남,0
2025-02,LH,공공임대,전북,0
2025-02,LH,공공임대,전남,0
2025-02,LH,공공임대,경북,0
2025-02,LH,공공임대,경남,0
2025-02,LH,공공임대,제주,0
2025-02,LH,공공분양,전국,0
2025-02,LH,공공분양,서울,0
2025-02,LH,공공분양,인천,0
2025-02,LH,공공분양,경기,0
2025-02,LH,공공분양,부산,0
2025-02,LH,공공분양,대구,0
2025-02,LH,공공분양,광주,0
2025-02,LH,공공분양,대전,0
2025-02,LH,공공분양,울산,0
2025-02,LH,공공분양,세종,0
2025-02,LH,공공분양,강원,0
2025-02,LH,공공분양,충북,0
2025-02,LH,공공분양,충남,0
2025-02,LH,공공분양,전북,0
2025-02,LH,공공분양,전남,0
2025-02,LH,공공분양,경북,0
2025-02,LH,공공분양,경남,0
2025-02,LH,공공분양,제주,0
2025-02,주택업체,소계,전국,196
2025-02,주택업체,소계,서울,156
2025-02,주택업체,소계,인천,0
2025-02,주택업체,소계,경기,0
2025-02,주택업체,소계,부산,0
2025-02,주택업체,소계,대구,0
2025-02,주택업체,소계,광주,0
2025-02,주택업체,소계,대전,40
2025-02,주택업체,소계,울산,0
2025-02,주택업체,소계,세종,0
2025-02,주택업체,소계,강원,0
2025-02,주택업체,소계,충북,0
2025-02,주택업체,소계,충남,0
2025-02,주택업체,소계,전북,0
2025-02,주택업체,소계,전남,0
2025-02,주택업체,소계,경북,0
2025-02,주택업체,소계,경남,0
2025-02,주택업체,소계,제주,0
2025-02,주택업체,국민임대,전국,0
2025-02,주택업체,국민임대,서울,0
2025-02,주택업체,국민임대,인천,0
2025-02,주택업체,국민임대,경기,0
2025-02,주택업체,국민임대,부산,0
2025-02,주택업체,국민임대,대구,0
2025-02,주택업체,국민임대,광주,0
2025-02,주택업체,국민임대,대전,0
2025-02,주택업체,국민임대,울산,0
2025-02,주택업체,국민임대,세종,0
2025-02,주택업체,국민임대,강원,0
2025-02,주택업체,국민임대,충북,0
2025-02,주택업체,국민임대,충남,0
2025-02,주택업체,국민임대,전북,0
2025-02,주택업체,국민임대,전남,0
2025-02,주택업체,국민임대,경북,0
2025-02,주택업체,국민임대,경남,0
2025-02,주택업체,국민임대,제주,0
2025-02,주택업체,공공임대,전국,196
2025-02,주택업체,공공임대,서울,156
2025-02,주택업체,공공임대,인천,0
2025-02,주택업체,공공임대,경기,0
2025-02,주택업체,공공임대,부산,0
2025-02,주택업체,공공임대,대구,0
2025-02,주택업체,공공임대,광주,0
2025-02,주택업체,공공임대,대전,40
2025-02,주택업체,공공임대,울산,0
2025-02,주택업체,공공임대,세종,0
2025-02,주택업체,공공임대,강원,0
2025-02,주택업체,공공임대,충북,0
2025-02,주택업체,공공임대,충남,0
2025-02,주택업체,공공임대,전북,0
2025-02,주택업체,공공임대,전남,0
2025-02,주택업체,공공임대,경북,0
2025-02,주택업체,공공임대,경남,0
2025-02,주택업체,공공임대,제주,0
2025-02,주택업체,공공분양,전국,0
2025-02,주택업체,공공분양,서울,0
2025-02,주택업체,공공분양,인천,0
2025-02,주택업체,공공분양,경기,0
2025-02,주택업체,공공분양,부산,0
2025-02,주택업체,공공분양,대구,0
2025-02,주택업체,공공분양,광주,0
2025-02,주택업체,공공분양,대전,0
2025-02,주택업체,공공분양,울산,0
2025-02,주택업체,공공분양,세종,0
2025-02,주택업체,공공분양,강원,0
2025-02,주택업체,공공분양,충북,0
2025-02,주택업체,공공분양,충남,0
2025-02,주택업체,공공분양,전북,0
2025-02,주택업체,공공분양,전남,0
2025-02,주택업체,공공분양,경북,0
2025-02,주택업체,공공분양,경남,0
2025-02,주택업체,공공분양,제주,0
2025-02,민간부문,소계,전국,9,233
2025-02,민간부문,소계,서울,633
2025-02,민간부문,소계,인천,114
2025-02,민간부문,소계,경기,3,446
2025-02,민간부문,소계,부산,419
2025-02,민간부문,소계,대구,252
2025-02,민간부문,소계,광주,37
2025-02,민간부문,소계,대전,1,005
2025-02,민간부문,소계,울산,16
2025-02,민간부문,소계,세종,8
2025-02,민간부문,소계,강원,616
2025-02,민간부문,소계,충북,1,692
2025-02,민간부문,소계,충남,349
2025-02,민간부문,소계,전북,71
2025-02,민간부문,소계,전남,116
2025-02,민간부문,소계,경북,155
2025-02,민간부문,소계,경남,127
2025-02,민간부문,소계,제주,177
2025-02,민간,민간임대,전국,1,590
2025-02,민간,민간임대,서울,308
2025-02,민간,민간임대,인천,0
2025-02,민간,민간임대,경기,0
2025-02,민간,민간임대,부산,0
2025-02,민간,민간임대,대구,0
2025-02,민간,민간임대,광주,0
2025-02,민간,민간임대,대전,0
2025-02,민간,민간임대,울산,0
2025-02,민간,민간임대,세종,0
2025-02,민간,민간임대,강원,0
2025-02,민간,민간임대,충북,975
2025-02,민간,민간임대,충남,244
2025-02,민간,민간임대,전북,0
2025-02,민간,민간임대,전남,0
2025-02,민간,민간임대,경북,0
2025-02,민간,민간임대,경남,0
2025-02,민간,민간임대,제주,63
2025-02,민간,민간분양,전국,7,643
2025-02,민간,민간분양,서울,325
2025-02,민간,민간분양,인천,114
2025-02,민간,민간분양,경기,3,446
2025-02,민간,민간분양,부산,419
2025-02,민간,민간분양,대구,252
2025-02,민간,민간분양,광주,37
2025-02,민간,민간분양,대전,1,005
2025-02,민간,민간분양,울산,16
2025-02,민간,민간분양,세종,8
2025-02,민간,민간분양,강원,616
2025-02,민간,민간분양,충북,717
2025-02,민간,민간분양,충남,105
2025-02,민간,민간분양,전북,71
2025-02,민간,민간분양,전남,116
2025-02,민간,민간분양,경북,155
2025-02,민간,민간분양,경남,127
2025-02,민간,민간분양,제주,114
2025-03,총계,총계,전국,14,211
2025-03,총계,총계,서울,2,319
2025-03,총계,총계,인천,791
2025-03,총계,총계,경기,6,765
2025-03,총계,총계,부산,1,350
2025-03,총계,총계,대구,20
2025-03,총계,총계,광주,44
2025-03,총계,총계,대전,35
2025-03,총계,총계,울산,532
2025-03,총계,총계,세종,8
2025-03,총계,총계,강원,292
2025-03,총계,총계,충북,430
2025-03,총계,총계,충남,202
2025-03,총계,총계,전북,582
2025-03,총계,총계,전남,195
2025-03,총계,총계,경북,311
2025-03,총계,총계,경남,169
2025-03,총계,총계,제주,166
2025-03,공공부문,소계,전국,1,433
2025-03,공공부문,소계,서울,269
2025-03,공공부문,소계,인천,38
2025-03,공공부문,소계,경기,966
2025-03,공공부문,소계,부산,0
2025-03,공공부문,소계,대구,0
2025-03,공공부문,소계,광주,0
2025-03,공공부문,소계,대전,0
2025-03,공공부문,소계,울산,80
2025-03,공공부문,소계,세종,0
2025-03,공공부문,소계,강원,80
2025-03,공공부문,소계,충북,0
2025-03,공공부문,소계,충남,0
2025-03,공공부문,소계,전북,0
2025-03,공공부문,소계,전남,0
2025-03,공공부문,소계,경북,0
2025-03,공공부문,소계,경남,0
2025-03,공공부문,소계,제주,0
2025-03,합,국민임대,전국,56
2025-03,합,국민임대,서울,0
2025-03,합,국민임대,인천,38
2025-03,합,국민임대,경기,0
2025-03,합,국민임대,부산,0
2025-03,합,국민임대,대구,0
2025-03,합,국민임대,광주,0
2025-03,합,국민임대,대전,0
2025-03,합,국민임대,울산,18
2025-03,합,국민임대,세종,0
2025-03,합,국민임대,강원,0
2025-03,합,국민임대,충북,0
2025-03,합,국민임대,충남,0
2025-03,합,국민임대,전북,0
2025-03,합,국민임대,전남,0
2025-03,합,국민임대,경북,0
2025-03,합,국민임대,경남,0
2025-03,합,국민임대,제주,0
2025-03,합,공공임대,전국,769
2025-03,합,공공임대,서울,269
2025-03,합,공공임대,인천,0
2025-03,합,공공임대,경기,358
2025-03,합,공공임대,부산,0
2025-03,합,공공임대,대구,0
2025-03,합,공공임대,광주,0
2025-03,합,공공임대,대전,0
2025-03,합,공공임대,울산,62
2025-03,합,공공임대,세종,0
2025-03,합,공공임대,강원,80
2025-03,합,공공임대,충북,0
2025-03,합,공공임대,충남,0
2025-03,합,공공임대,전북,0
2025-03,합,공공임대,전남,0
2025-03,합,공공임대,경북,0
2025-03,합,공공임대,경남,0
2025-03,합,공공임대,제주,0
2025-03,합,공공분양,전국,608
2025-03,합,공공분양,서울,0
2025-03,합,공공분양,인천,0
2025-03,합,공공분양,경기,608
2025-03,합,공공분양,부산,0
2025-03,합,공공분양,대구,0
2025-03,합,공공분양,광주,0
2025-03,합,공공분양,대전,0
2025-03,합,공공분양,울산,0
2025-03,합,공공분양,세종,0
2025-03,합,공공분양,강원,0
2025-03,합,공공분양,충북,0
2025-03,합,공공분양,충남,0
2025-03,합,공공분양,전북,0
2025-03,합,공공분양,전남,0
2025-03,합,공공분양,경북,0
2025-03,합,공공분양,경남,0
2025-03,합,공공분양,제주,0
2025-03,지자체,소계,전국,170
2025-03,지자체,소계,서울,10
2025-03,지자체,소계,인천,0
2025-03,지자체,소계,경기,0
2025-03,지자체,소계,부산,0
2025-03,지자체,소계,대구,0
2025-03,지자체,소계,광주,0
2025-03,지자체,소계,대전,0
2025-03,지자체,소계,울산,80
2025-03,지자체,소계,세종,0
2025-03,지자체,소계,강원,80
2025-03,지자체,소계,충북,0
2025-03,지자체,소계,충남,0
2025-03,지자체,소계,전북,0
2025-03,지자체,소계,전남,0
2025-03,지자체,소계,경북,0
2025-03,지자체,소계,경남,0
2025-03,지자체,소계,제주,0
2025-03,지자체,국민임대,전국,18
2025-03,지자체,국민임대,서울,0
2025-03,지자체,국민임대,인천,0
2025-03,지자체,국민임대,경기,0
2025-03,지자체,국민임대,부산,0
2025-03,지자체,국민임대,대구,0
2025-03,지자체,국민임대,광주,0
2025-03,지자체,국민임대,대전,0
2025-03,지자체,국민임대,울산,18
2025-03,지자체,국민임대,세종,0
2025-03,지자체,국민임대,강원,0
2025-03,지자체,국민임대,충북,0
2025-03,지자체,국민임대,충남,0
2025-03,지자체,국민임대,전북,0
2025-03,지자체,국민임대,전남,0
2025-03,지자체,국민임대,경북,0
2025-03,지자체,국민임대,경남,0
2025-03,지자체,국민임대,제주,0
2025-03,지자체,공공임대,전국,152
2025-03,지자체,공공임대,서울,10
2025-03,지자체,공공임대,인천,0
2025-03,지자체,공공임대,경기,0
2025-03,지자체,공공임대,부산,0
2025-03,지자체,공공임대,대구,0
2025-03,지자체,공공임대,광주,0
2025-03,지자체,공공임대,대전,0
2025-03,지자체,공공임대,울산,62
2025-03,지자체,공공임대,세종,0
2025-03,지자체,공공임대,강원,80
2025-03,지자체,공공임대,충북,0
2025-03,지자체,공공임대,충남,0
2025-03,지자체,공공임대,전북,0
2025-03,지자체,공공임대,전남,0
2025-03,지자체,공공임대,경북,0
2025-03,지자체,공공임대,경남,0
2025-03,지자체,공공임대,제주,0
2025-03,지자체,공공분양,전국,0
2025-03,지자체,공공분양,서울,0
2025-03,지자체,공공분양,인천,0
2025-03,지자체,공공분양,경기,0
2025-03,지자체,공공분양,부산,0
2025-03,지자체,공공분양,대구,0
2025-03,지자체,공공분양,광주,0
2025-03,지자체,공공분양,대전,0
2025-03,지자체,공공분양,울산,0
2025-03,지자체,공공분양,세종,0
2025-03,지자체,공공분양,강원,0
2025-03,지자체,공공분양,충북,0
2025-03,지자체,공공분양,충남,0
2025-03,지자체,공공분양,전북,0
2025-03,지자체,공공분양,전남,0
2025-03,지자체,공공분양,경북,0
2025-03,지자체,공공분양,경남,0
2025-03,지자체,공공분양,제주,0
2025-03,LH,소계,전국,966
2025-03,LH,소계,서울,0
2025-03,LH,소계,인천,0
2025-03,LH,소계,경기,966
2025-03,LH,소계,부산,0
2025-03,LH,소계,대구,0
2025-03,LH,소계,광주,0
2025-03,LH,소계,대전,0
2025-03,LH,소계,울산,0
2025-03,LH,소계,세종,0
2025-03,LH,소계,강원,0
2025-03,LH,소계,충북,0
2025-03,LH,소계,충남,0
2025-03,LH,소계,전북,0
2025-03,LH,소계,전남,0
2025-03,LH,소계,경북,0
2025-03,LH,소계,경남,0
2025-03,LH,소계,제주,0
2025-03,LH,국민임대,전국,0
2025-03,LH,국민임대,서울,0
2025-03,LH,국민임대,인천,0
2025-03,LH,국민임대,경기,0
2025-03,LH,국민임대,부산,0
2025-03,LH,국민임대,대구,0
2025-03,LH,국민임대,광주,0
2025-03,LH,국민임대,대전,0
2025-03,LH,국민임대,울산,0
2025-03,LH,국민임대,세종,0
2025-03,LH,국민임대,강원,0
2025-03,LH,국민임대,충북,0
2025-03,LH,국민임대,충남,0
2025-03,LH,국민임대,전북,0
2025-03,LH,국민임대,전남,0
2025-03,LH,국민임대,경북,0
2025-03,LH,국민임대,경남,0
2025-03,LH,국민임대,제주,0
2025-03,LH,공공임대,전국,358
2025-03,LH,공공임대,서울,0
2025-03,LH,공공임대,인천,0
2025-03,LH,공공임대,경기,358
2025-03,LH,공공임대,부산,0
2025-03,LH,공공임대,대구,0
2025-03,LH,공공임대,광주,0
2025-03,LH,공공임대,대전,0
2025-03,LH,공공임대,울산,0
2025-03,LH,공공임대,세종,0
2025-03,LH,공공임대,강원,0
2025-03,LH,공공임대,충북,0
2025-03,LH,공공임대,충남,0
2025-03,LH,공공임대,전북,0
2025-03,LH,공공임대,전남,0
2025-03,LH,공공임대,경북,0
2025-03,LH,공공임대,경남,0
2025-03,LH,공공임대,제주,0
2025-03,LH,공공분양,전국,608
2025-03,LH,공공분양,서울,0
2025-03,LH,공공분양,인천,0
2025-03,LH,공공분양,경기,608
2025-03,LH,공공분양,부산,0
2025-03,LH,공공분양,대구,0
2025-03,LH,공공분양,광주,0
2025-03,LH,공공분양,대전,0
2025-03,LH,공공분양,울산,0
2025-03,LH,공공분양,세종,0
2025-03,LH,공공분양,강원,0
2025-03,LH,공공분양,충북,0
2025-03,LH,공공분양,충남,0
2025-03,LH,공공분양,전북,0
2025-03,LH,공공분양,전남,0
2025-03,LH,공공분양,경북,0
2025-03,LH,공공분양,경남,0
2025-03,LH,공공분양,제주,0
2025-03,주택업체,소계,전국,297
2025-03,주택업체,소계,서울,259
2025-03,주택업체,소계,인천,38
2025-03,주택업체,소계,경기,0
2025-03,주택업체,소계,부산,0
2025-03,주택업체,소계,대구,0
2025-03,주택업체,소계,광주,0
2025-03,주택업체,소계,대전,0
2025-03,주택업체,소계,울산,0
2025-03,주택업체,소계,세종,0
2025-03,주택업체,소계,강원,0
2025-03,주택업체,소계,충북,0
2025-03,주택업체,소계,충남,0
2025-03,주택업체,소계,전북,0
2025-03,주택업체,소계,전남,0
2025-03,주택업체,소계,경북,0
2025-03,주택업체,소계,경남,0
2025-03,주택업체,소계,제주,0
2025-03,주택업체,국민임대,전국,38
2025-03,주택업체,국민임대,서울,0
2025-03,주택업체,국민임대,인천,38
2025-03,주택업체,국민임대,경기,0
2025-03,주택업체,국민임대,부산,0
2025-03,주택업체,국민임대,대구,0
2025-03,주택업체,국민임대,광주,0
2025-03,주택업체,국민임대,대전,0
2025-03,주택업체,국민임대,울산,0
2025-03,주택업체,국민임대,세종,0
2025-03,주택업체,국민임대,강원,0
2025-03,주택업체,국민임대,충북,0
2025-03,주택업체,국민임대,충남,0
2025-03,주택업체,국민임대,전북,0
2025-03,주택업체,국민임대,전남,0
2025-03,주택업체,국민임대,경북,0
2025-03,주택업체,국민임대,경남,0
2025-03,주택업체,국민임대,제주,0
2025-03,주택업체,공공임대,전국,259
2025-03,주택업체,공공임대,서울,259
2025-03,주택업체,공공임대,인천,0
2025-03,주택업체,공공임대,경기,0
2025-03,주택업체,공공임대,부산,0
2025-03,주택업체,공공임대,대구,0
2025-03,주택업체,공공임대,광주,0
2025-03,주택업체,공공임대,대전,0
2025-03,주택업체,공공임대,울산,0
2025-03,주택업체,공공임대,세종,0
2025-03,주택업체,공공임대,강원,0
2025-03,주택업체,공공임대,충북,0
2025-03,주택업체,공공임대,충남,0
2025-03,주택업체,공공임대,전북,0
2025-03,주택업체,공공임대,전남,0
2025-03,주택업체,공공임대,경북,0
2025-03,주택업체,공공임대,경남,0
2025-03,주택업체,공공임대,제주,0
2025-03,주택업체,공공분양,전국,0
2025-03,주택업체,공공분양,서울,0
2025-03,주택업체,공공분양,인천,0
2025-03,주택업체,공공분양,경기,0
2025-03,주택업체,공공분양,부산,0
2025-03,주택업체,공공분양,대구,0
2025-03,주택업체,공공분양,광주,0
2025-03,주택업체,공공분양,대전,0
2025-03,주택업체,공공분양,울산,0
2025-03,주택업체,공공분양,세종,0
2025-03,주택업체,공공분양,강원,0
2025-03,주택업체,공공분양,충북,0
2025-03,주택업체,공공분양,충남,0
2025-03,주택업체,공공분양,전북,0
2025-03,주택업체,공공분양,전남,0
2025-03,주택업체,공공분양,경북,0
2025-03,주택업체,공공분양,경남,0
2025-03,주택업체,공공분양,제주,0
2025-03,민간부문,소계,전국,12,778
2025-03,민간부문,소계,서울,2,050
2025-03,민간부문,소계,인천,753
2025-03,민간부문,소계,경기,5,799
2025-03,민간부문,소계,부산,1,350
2025-03,민간부문,소계,대구,20
2025-03,민간부문,소계,광주,44
2025-03,민간부문,소계,대전,35
2025-03,민간부문,소계,울산,452
2025-03,민간부문,소계,세종,8
2025-03,민간부문,소계,강원,212
2025-03,민간부문,소계,충북,430
2025-03,민간부문,소계,충남,202
2025-03,민간부문,소계,전북,582
2025-03,민간부문,소계,전남,195
2025-03,민간부문,소계,경북,311
2025-03,민간부문,소계,경남,169
2025-03,민간부문,소계,제주,166
2025-03,민간,민간임대,전국,1,273
2025-03,민간,민간임대,서울,550
2025-03,민간,민간임대,인천,0
2025-03,민간,민간임대,경기,0
2025-03,민간,민간임대,부산,0
2025-03,민간,민간임대,대구,0
2025-03,민간,민간임대,광주,0
2025-03,민간,민간임대,대전,0
2025-03,민간,민간임대,울산,0
2025-03,민간,민간임대,세종,0
2025-03,민간,민간임대,강원,0
2025-03,민간,민간임대,충북,252
2025-03,민간,민간임대,충남,0
2025-03,민간,민간임대,전북,471
2025-03,민간,민간임대,전남,0
2025-03,민간,민간임대,경북,0
2025-03,민간,민간임대,경남,0
2025-03,민간,민간임대,제주,0
2025-03,민간,민간분양,전국,11,505
2025-03,민간,민간분양,서울,1,500
2025-03,민간,민간분양,인천,753
2025-03,민간,민간분양,경기,5,799
2025-03,민간,민간분양,부산,1,350
2025-03,민간,민간분양,대구,20
2025-03,민간,민간분양,광주,44
2025-03,민간,민간분양,대전,35
2025-03,민간,민간분양,울산,452
2025-03,민간,민간분양,세종,8
2025-03,민간,민간분양,강원,212
2025-03,민간,민간분양,충북,178
2025-03,민간,민간분양,충남,202
2025-03,민간,민간분양,전북,111
2025-03,민간,민간분양,전남,195
2025-03,민간,민간분양,경북,311
2025-03,민간,민간분양,경남,169
2025-03,민간,민간분양,제주,166
2025-04,총계,총계,전국,23,814
2025-04,총계,총계,서울,3,106
2025-04,총계,총계,인천,3,429
2025-04,총계,총계,경기,11,218
2025-04,총계,총계,부산,3,491
2025-04,총계,총계,대구,67
2025-04,총계,총계,광주,71
2025-04,총계,총계,대전,18
2025-04,총계,총계,울산,166
2025-04,총계,총계,세종,10
2025-04,총계,총계,강원,263
2025-04,총계,총계,충북,189
2025-04,총계,총계,충남,239
2025-04,총계,총계,전북,158
2025-04,총계,총계,전남,462
2025-04,총계,총계,경북,368
2025-04,총계,총계,경남,365
2025-04,총계,총계,제주,194
2025-04,공공부문,소계,전국,2,910
2025-04,공공부문,소계,서울,608
2025-04,공공부문,소계,인천,0
2025-04,공공부문,소계,경기,1,687
2025-04,공공부문,소계,부산,442
2025-04,공공부문,소계,대구,0
2025-04,공공부문,소계,광주,0
2025-04,공공부문,소계,대전,0
2025-04,공공부문,소계,울산,136
2025-04,공공부문,소계,세종,0
2025-04,공공부문,소계,강원,0
2025-04,공공부문,소계,충북,0
2025-04,공공부문,소계,충남,0
2025-04,공공부문,소계,전북,0
2025-04,공공부문,소계,전남,0
2025-04,공공부문,소계,경북,0
2025-04,공공부문,소계,경남,37
2025-04,공공부문,소계,제주,0
2025-04,합,국민임대,전국,0
2025-04,합,국민임대,서울,0
2025-04,합,국민임대,인천,0
2025-04,합,국민임대,경기,0
2025-04,합,국민임대,부산,0
2025-04,합,국민임대,대구,0
2025-04,합,국민임대,광주,0
2025-04,합,국민임대,대전,0
2025-04,합,국민임대,울산,0
2025-04,합,국민임대,세종,0
2025-04,합,국민임대,강원,0
2025-04,합,국민임대,충북,0
2025-04,합,국민임대,충남,0
2025-04,합,국민임대,전북,0
2025-04,합,국민임대,전남,0
2025-04,합,국민임대,경북,0
2025-04,합,국민임대,경남,0
2025-04,합,국민임대,제주,0
2025-04,합,공공임대,전국,919
2025-04,합,공공임대,서울,304
2025-04,합,공공임대,인천,0
2025-04,합,공공임대,경기,0
2025-04,합,공공임대,부산,442
2025-04,합,공공임대,대구,0
2025-04,합,공공임대,광주,0
2025-04,합,공공임대,대전,0
2025-04,합,공공임대,울산,136
2025-04,합,공공임대,세종,0
2025-04,합,공공임대,강원,0
2025-04,합,공공임대,충북,0
2025-04,합,공공임대,충남,0
2025-04,합,공공임대,전북,0
2025-04,합,공공임대,전남,0
2025-04,합,공공임대,경북,0
2025-04,합,공공임대,경남,37
2025-04,합,공공임대,제주,0
2025-04,합,공공분양,전국,1,991
2025-04,합,공공분양,서울,304
2025-04,합,공공분양,인천,0
2025-04,합,공공분양,경기,1,687
2025-04,합,공공분양,부산,0
2025-04,합,공공분양,대구,0
2025-04,합,공공분양,광주,0
2025-04,합,공공분양,대전,0
2025-04,합,공공분양,울산,0
2025-04,합,공공분양,세종,0
2025-04,합,공공분양,강원,0
2025-04,합,공공분양,충북,0
2025-04,합,공공분양,충남,0
2025-04,합,공공분양,전북,0
2025-04,합,공공분양,전남,0
2025-04,합,공공분양,경북,0
2025-04,합,공공분양,경남,0
2025-04,합,공공분양,제주,0
2025-04,지자체,소계,전국,2,379
2025-04,지자체,소계,서울,608
2025-04,지자체,소계,인천,0
2025-04,지자체,소계,경기,1,687
2025-04,지자체,소계,부산,0
2025-04,지자체,소계,대구,0
2025-04,지자체,소계,광주,0
2025-04,지자체,소계,대전,0
2025-04,지자체,소계,울산,47
2025-04,지자체,소계,세종,0
2025-04,지자체,소계,강원,0
2025-04,지자체,소계,충북,0
2025-04,지자체,소계,충남,0
2025-04,지자체,소계,전북,0
2025-04,지자체,소계,전남,0
2025-04,지자체,소계,경북,0
2025-04,지자체,소계,경남,37
2025-04,지자체,소계,제주,0
2025-04,지자체,국민임대,전국,0
2025-04,지자체,국민임대,서울,0
2025-04,지자체,국민임대,인천,0
2025-04,지자체,국민임대,경기,0
2025-04,지자체,국민임대,부산,0
2025-04,지자체,국민임대,대구,0
2025-04,지자체,국민임대,광주,0
2025-04,지자체,국민임대,대전,0
2025-04,지자체,국민임대,울산,0
2025-04,지자체,국민임대,세종,0
2025-04,지자체,국민임대,강원,0
2025-04,지자체,국민임대,충북,0
2025-04,지자체,국민임대,충남,0
2025-04,지자체,국민임대,전북,0
2025-04,지자체,국민임대,전남,0
2025-04,지자체,국민임대,경북,0
2025-04,지자체,국민임대,경남,0
2025-04,지자체,국민임대,제주,0
2025-04,지자체,공공임대,전국,388
2025-04,지자체,공공임대,서울,304
2025-04,지자체,공공임대,인천,0
2025-04,지자체,공공임대,경기,0
2025-04,지자체,공공임대,부산,0
2025-04,지자체,공공임대,대구,0
2025-04,지자체,공공임대,광주,0
2025-04,지자체,공공임대,대전,0
2025-04,지자체,공공임대,울산,47
2025-04,지자체,공공임대,세종,0
2025-04,지자체,공공임대,강원,0
2025-04,지자체,공공임대,충북,0
2025-04,지자체,공공임대,충남,0
2025-04,지자체,공공임대,전북,0
2025-04,지자체,공공임대,전남,0
2025-04,지자체,공공임대,경북,0
2025-04,지자체,공공임대,경남,37
2025-04,지자체,공공임대,제주,0
2025-04,지자체,공공분양,전국,1,991
2025-04,지자체,공공분양,서울,304
2025-04,지자체,공공분양,인천,0
2025-04,지자체,공공분양,경기,1,687
2025-04,지자체,공공분양,부산,0
2025-04,지자체,공공분양,대구,0
2025-04,지자체,공공분양,광주,0
2025-04,지자체,공공분양,대전,0
2025-04,지자체,공공분양,울산,0
2025-04,지자체,공공분양,세종,0
2025-04,지자체,공공분양,강원,0
2025-04,지자체,공공분양,충북,0
2025-04,지자체,공공분양,충남,0
2025-04,지자체,공공분양,전북,0
2025-04,지자체,공공분양,전남,0
2025-04,지자체,공공분양,경북,0
2025-04,지자체,공공분양,경남,0
2025-04,지자체,공공분양,제주,0
2025-04,LH,소계,전국,0
2025-04,LH,소계,서울,0
2025-04,LH,소계,인천,0
2025-04,LH,소계,경기,0
2025-04,LH,소계,부산,0
2025-04,LH,소계,대구,0
2025-04,LH,소계,광주,0
2025-04,LH,소계,대전,0
2025-04,LH,소계,울산,0
2025-04,LH,소계,세종,0
2025-04,LH,소계,강원,0
2025-04,LH,소계,충북,0
2025-04,LH,소계,충남,0
2025-04,LH,소계,전북,0
2025-04,LH,소계,전남,0
2025-04,LH,소계,경북,0
2025-04,LH,소계,경남,0
2025-04,LH,소계,제주,0
2025-04,LH,국민임대,전국,0
2025-04,LH,국민임대,서울,0
2025-04,LH,국민임대,인천,0
2025-04,LH,국민임대,경기,0
2025-04,LH,국민임대,부산,0
2025-04,LH,국민임대,대구,0
2025-04,LH,국민임대,광주,0
2025-04,LH,국민임대,대전,0
2025-04,LH,국민임대,울산,0
2025-04,LH,국민임대,세종,0
2025-04,LH,국민임대,강원,0
2025-04,LH,국민임대,충북,0
2025-04,LH,국민임대,충남,0
2025-04,LH,국민임대,전북,0
2025-04,LH,국민임대,전남,0
2025-04,LH,국민임대,경북,0
2025-04,LH,국민임대,경남,0
2025-04,LH,국민임대,제주,0
2025-04,LH,공공임대,전국,0
2025-04,LH,공공임대,서울,0
2025-04,LH,공공임대,인천,0
2025-04,LH,공공임대,경기,0
2025-04,LH,공공임대,부산,0
2025-04,LH,공공임대,대구,0
2025-04,LH,공공임대,광주,0
2025-04,LH,공공임대,대전,0
2025-04,LH,공공임대,울산,0
2025-04,LH,공공임대,세종,0
2025-04,LH,공공임대,강원,0
2025-04,LH,공공임대,충북,0
2025-04,LH,공공임대,충남,0
2025-04,LH,공공임대,전북,0
2025-04,LH,공공임대,전남,0
2025-04,LH,공공임대,경북,0
2025-04,LH,공공임대,경남,0
2025-04,LH,공공임대,제주,0
2025-04,LH,공공분양,전국,0
2025-04,LH,공공분양,서울,0
2025-04,LH,공공분양,인천,0
2025-04,LH,공공분양,경기,0
2025-04,LH,공공분양,부산,0
2025-04,LH,공공분양,대구,0
2025-04,LH,공공분양,광주,0
2025-04,LH,공공분양,대전,0
2025-04,LH,공공분양,울산,0
2025-04,LH,공공분양,세종,0
2025-04,LH,공공분양,강원,0
2025-04,LH,공공분양,충북,0
2025-04,LH,공공분양,충남,0
2025-04,LH,공공분양,전북,0
2025-04,LH,공공분양,전남,0
2025-04,LH,공공분양,경북,0
2025-04,LH,공공분양,경남,0
2025-04,LH,공공분양,제주,0
2025-04,주택업체,소계,전국,531
2025-04,주택업체,소계,서울,0
2025-04,주택업체,소계,인천,0
2025-04,주택업체,소계,경기,0
2025-04,주택업체,소계,부산,442
2025-04,주택업체,소계,대구,0
2025-04,주택업체,소계,광주,0
2025-04,주택업체,소계,대전,0
2025-04,주택업체,소계,울산,89
2025-04,주택업체,소계,세종,0
2025-04,주택업체,소계,강원,0
2025-04,주택업체,소계,충북,0
2025-04,주택업체,소계,충남,0
2025-04,주택업체,소계,전북,0
2025-04,주택업체,소계,전남,0
2025-04,주택업체,소계,경북,0
2025-04,주택업체,소계,경남,0
2025-04,주택업체,소계,제주,0
2025-04,주택업체,국민임대,전국,0
2025-04,주택업체,국민임대,서울,0
2025-04,주택업체,국민임대,인천,0
2025-04,주택업체,국민임대,경기,0
2025-04,주택업체,국민임대,부산,0
2025-04,주택업체,국민임대,대구,0
2025-04,주택업체,국민임대,광주,0
2025-04,주택업체,국민임대,대전,0
2025-04,주택업체,국민임대,울산,0
2025-04,주택업체,국민임대,세종,0
2025-04,주택업체,국민임대,강원,0
2025-04,주택업체,국민임대,충북,0
2025-04,주택업체,국민임대,충남,0
2025-04,주택업체,국민임대,전북,0
2025-04,주택업체,국민임대,전남,0
2025-04,주택업체,국민임대,경북,0
2025-04,주택업체,국민임대,경남,0
2025-04,주택업체,국민임대,제주,0
2025-04,주택업체,공공임대,전국,531
2025-04,주택업체,공공임대,서울,0
2025-04,주택업체,공공임대,인천,0
2025-04,주택업체,공공임대,경기,0
2025-04,주택업체,공공임대,부산,442
2025-04,주택업체,공공임대,대구,0
2025-04,주택업체,공공임대,광주,0
2025-04,주택업체,공공임대,대전,0
2025-04,주택업체,공공임대,울산,89
2025-04,주택업체,공공임대,세종,0
2025-04,주택업체,공공임대,강원,0
2025-04,주택업체,공공임대,충북,0
2025-04,주택업체,공공임대,충남,0
2025-04,주택업체,공공임대,전북,0
2025-04,주택업체,공공임대,전남,0
2025-04,주택업체,공공임대,경북,0
2025-04,주택업체,공공임대,경남,0
2025-04,주택업체,공공임대,제주,0
2025-04,주택업체,공공분양,전국,0
2025-04,주택업체,공공분양,서울,0
2025-04,주택업체,공공분양,인천,0
2025-04,주택업체,공공분양,경기,0
2025-04,주택업체,공공분양,부산,0
2025-04,주택업체,공공분양,대구,0
2025-04,주택업체,공공분양,광주,0
2025-04,주택업체,공공분양,대전,0
2025-04,주택업체,공공분양,울산,0
2025-04,주택업체,공공분양,세종,0
2025-04,주택업체,공공분양,강원,0
2025-04,주택업체,공공분양,충북,0
2025-04,주택업체,공공분양,충남,0
2025-04,주택업체,공공분양,전북,0
2025-04,주택업체,공공분양,전남,0
2025-04,주택업체,공공분양,경북,0
2025-04,주택업체,공공분양,경남,0
2025-04,주택업체,공공분양,제주,0
2025-04,민간부문,소계,전국,20,904
2025-04,민간부문,소계,서울,2,498
2025-04,민간부문,소계,인천,3,429
2025-04,민간부문,소계,경기,9,531
2025-04,민간부문,소계,부산,3,049
2025-04,민간부문,소계,대구,67
2025-04,민간부문,소계,광주,71
2025-04,민간부문,소계,대전,18
2025-04,민간부문,소계,울산,30
2025-04,민간부문,소계,세종,10
2025-04,민간부문,소계,강원,263
2025-04,민간부문,소계,충북,189
2025-04,민간부문,소계,충남,239
2025-04,민간부문,소계,전북,158
2025-04,민간부문,소계,전남,462
2025-04,민간부문,소계,경북,368
2025-04,민간부문,소계,경남,328
2025-04,민간부문,소계,제주,194
2025-04,민간,민간임대,전국,3,137
2025-04,민간,민간임대,서울,220
2025-04,민간,민간임대,인천,1,165
2025-04,민간,민간임대,경기,853
2025-04,민간,민간임대,부산,498
2025-04,민간,민간임대,대구,0
2025-04,민간,민간임대,광주,0
2025-04,민간,민간임대,대전,0
2025-04,민간,민간임대,울산,0
2025-04,민간,민간임대,세종,0
2025-04,민간,민간임대,강원,0
2025-04,민간,민간임대,충북,0
2025-04,민간,민간임대,충남,0
2025-04,민간,민간임대,전북,0
2025-04,민간,민간임대,전남,240
2025-04,민간,민간임대,경북,0
2025-04,민간,민간임대,경남,161
2025-04,민간,민간임대,제주,0
2025-04,민간,민간분양,전국,17,767
2025-04,민간,민간분양,서울,2,278
2025-04,민간,민간분양,인천,2,264
2025-04,민간,민간분양,경기,8,678
2025-04,민간,민간분양,부산,2,551
2025-04,민간,민간분양,대구,67
2025-04,민간,민간분양,광주,71
2025-04,민간,민간분양,대전,18
2025-04,민간,민간분양,울산,30
2025-04,민간,민간분양,세종,10
2025-04,민간,민간분양,강원,263
2025-04,민간,민간분양,충북,189
2025-04,민간,민간분양,충남,239
2025-04,민간,민간분양,전북,158
2025-04,민간,민간분양,전남,222
2025-04,민간,민간분양,경북,368
2025-04,민간,민간분양,경남,167
2025-04,민간,민간분양,제주,194
2025-05,총계,총계,전국,15,279
2025-05,총계,총계,서울,2,483
2025-05,총계,총계,인천,1,138
2025-05,총계,총계,경기,5,579
2025-05,총계,총계,부산,1,094
2025-05,총계,총계,대구,19
2025-05,총계,총계,광주,6
2025-05,총계,총계,대전,141
2025-05,총계,총계,울산,28
2025-05,총계,총계,세종,10
2025-05,총계,총계,강원,222
2025-05,총계,총계,충북,161
2025-05,총계,총계,충남,197
2025-05,총계,총계,전북,1,334
2025-05,총계,총계,전남,233
2025-05,총계,총계,경북,223
2025-05,총계,총계,경남,2,144
2025-05,총계,총계,제주,267
2025-05,공공부문,소계,전국,2,331
2025-05,공공부문,소계,서울,444
2025-05,공공부문,소계,인천,0
2025-05,공공부문,소계,경기,1,121
2025-05,공공부문,소계,부산,0
2025-05,공공부문,소계,대구,0
2025-05,공공부문,소계,광주,0
2025-05,공공부문,소계,대전,0
2025-05,공공부문,소계,울산,0
2025-05,공공부문,소계,세종,0
2025-05,공공부문,소계,강원,0
2025-05,공공부문,소계,충북,0
2025-05,공공부문,소계,충남,0
2025-05,공공부문,소계,전북,736
2025-05,공공부문,소계,전남,0
2025-05,공공부문,소계,경북,0
2025-05,공공부문,소계,경남,30
2025-05,공공부문,소계,제주,0
2025-05,합,국민임대,전국,273
2025-05,합,국민임대,서울,273
2025-05,합,국민임대,인천,0
2025-05,합,국민임대,경기,0
2025-05,합,국민임대,부산,0
2025-05,합,국민임대,대구,0
2025-05,합,국민임대,광주,0
2025-05,합,국민임대,대전,0
2025-05,합,국민임대,울산,0
2025-05,합,국민임대,세종,0
2025-05,합,국민임대,강원,0
2025-05,합,국민임대,충북,0
2025-05,합,국민임대,충남,0
2025-05,합,국민임대,전북,0
2025-05,합,국민임대,전남,0
2025-05,합,국민임대,경북,0
2025-05,합,국민임대,경남,0
2025-05,합,국민임대,제주,0
2025-05,합,공공임대,전국,937
2025-05,합,공공임대,서울,171
2025-05,합,공공임대,인천,0
2025-05,합,공공임대,경기,0
2025-05,합,공공임대,부산,0
2025-05,합,공공임대,대구,0
2025-05,합,공공임대,광주,0
2025-05,합,공공임대,대전,0
2025-05,합,공공임대,울산,0
2025-05,합,공공임대,세종,0
2025-05,합,공공임대,강원,0
2025-05,합,공공임대,충북,0
2025-05,합,공공임대,충남,0
2025-05,합,공공임대,전북,736
2025-05,합,공공임대,전남,0
2025-05,합,공공임대,경북,0
2025-05,합,공공임대,경남,30
2025-05,합,공공임대,제주,0
2025-05,합,공공분양,전국,1,121
2025-05,합,공공분양,서울,0
2025-05,합,공공분양,인천,0
2025-05,합,공공분양,경기,1,121
2025-05,합,공공분양,부산,0
2025-05,합,공공분양,대구,0
2025-05,합,공공분양,광주,0
2025-05,합,공공분양,대전,0
2025-05,합,공공분양,울산,0
2025-05,합,공공분양,세종,0
2025-05,합,공공분양,강원,0
2025-05,합,공공분양,충북,0
2025-05,합,공공분양,충남,0
2025-05,합,공공분양,전북,0
2025-05,합,공공분양,전남,0
2025-05,합,공공분양,경북,0
2025-05,합,공공분양,경남,0
2025-05,합,공공분양,제주,0
2025-05,지자체,소계,전국,1,899
2025-05,지자체,소계,서울,12
2025-05,지자체,소계,인천,0
2025-05,지자체,소계,경기,1,121
2025-05,지자체,소계,부산,0
2025-05,지자체,소계,대구,0
2025-05,지자체,소계,광주,0
2025-05,지자체,소계,대전,0
2025-05,지자체,소계,울산,0
2025-05,지자체,소계,세종,0
2025-05,지자체,소계,강원,0
2025-05,지자체,소계,충북,0
2025-05,지자체,소계,충남,0
2025-05,지자체,소계,전북,736
2025-05,지자체,소계,전남,0
2025-05,지자체,소계,경북,0
2025-05,지자체,소계,경남,30
2025-05,지자체,소계,제주,0
2025-05,지자체,국민임대,전국,12
2025-05,지자체,국민임대,서울,12
2025-05,지자체,국민임대,인천,0
2025-05,지자체,국민임대,경기,0
2025-05,지자체,국민임대,부산,0
2025-05,지자체,국민임대,대구,0
2025-05,지자체,국민임대,광주,0
2025-05,지자체,국민임대,대전,0
2025-05,지자체,국민임대,울산,0
2025-05,지자체,국민임대,세종,0
2025-05,지자체,국민임대,강원,0
2025-05,지자체,국민임대,충북,0
2025-05,지자체,국민임대,충남,0
2025-05,지자체,국민임대,전북,0
2025-05,지자체,국민임대,전남,0
2025-05,지자체,국민임대,경북,0
2025-05,지자체,국민임대,경남,0
2025-05,지자체,국민임대,제주,0
2025-05,지자체,공공임대,전국,766
2025-05,지자체,공공임대,서울,0
2025-05,지자체,공공임대,인천,0
2025-05,지자체,공공임대,경기,0
2025-05,지자체,공공임대,부산,0
2025-05,지자체,공공임대,대구,0
2025-05,지자체,공공임대,광주,0
2025-05,지자체,공공임대,대전,0
2025-05,지자체,공공임대,울산,0
2025-05,지자체,공공임대,세종,0
2025-05,지자체,공공임대,강원,0
2025-05,지자체,공공임대,충북,0
2025-05,지자체,공공임대,충남,0
2025-05,지자체,공공임대,전북,736
2025-05,지자체,공공임대,전남,0
2025-05,지자체,공공임대,경북,0
2025-05,지자체,공공임대,경남,30
2025-05,지자체,공공임대,제주,0
2025-05,지자체,공공분양,전국,1,121
2025-05,지자체,공공분양,서울,0
2025-05,지자체,공공분양,인천,0
2025-05,지자체,공공분양,경기,1,121
2025-05,지자체,공공분양,부산,0
2025-05,지자체,공공분양,대구,0
2025-05,지자체,공공분양,광주,0
2025-05,지자체,공공분양,대전,0
2025-05,지자체,공공분양,울산,0
2025-05,지자체,공공분양,세종,0
2025-05,지자체,공공분양,강원,0
2025-05,지자체,공공분양,충북,0
2025-05,지자체,공공분양,충남,0
2025-05,지자체,공공분양,전북,0
2025-05,지자체,공공분양,전남,0
2025-05,지자체,공공분양,경북,0
2025-05,지자체,공공분양,경남,0
2025-05,지자체,공공분양,제주,0
2025-05,LH,소계,전국,0
2025-05,LH,소계,서울,0
2025-05,LH,소계,인천,0
2025-05,LH,소계,경기,0
2025-05,LH,소계,부산,0
2025-05,LH,소계,대구,0
2025-05,LH,소계,광주,0
2025-05,LH,소계,대전,0
2025-05,LH,소계,울산,0
2025-05,LH,소계,세종,0
2025-05,LH,소계,강원,0
2025-05,LH,소계,충북,0
2025-05,LH,소계,충남,0
2025-05,LH,소계,전북,0
2025-05,LH,소계,전남,0
2025-05,LH,소계,경북,0
2025-05,LH,소계,경남,0
2025-05,LH,소계,제주,0
2025-05,LH,국민임대,전국,0
2025-05,LH,국민임대,서울,0
2025-05,LH,국민임대,인천,0
2025-05,LH,국민임대,경기,0
2025-05,LH,국민임대,부산,0
2025-05,LH,국민임대,대구,0
2025-05,LH,국민임대,광주,0
2025-05,LH,국민임대,대전,0
2025-05,LH,국민임대,울산,0
2025-05,LH,국민임대,세종,0
2025-05,LH,국민임대,강원,0
2025-05,LH,국민임대,충북,0
2025-05,LH,국민임대,충남,0
2025-05,LH,국민임대,전북,0
2025-05,LH,국민임대,전남,0
2025-05,LH,국민임대,경북,0
2025-05,LH,국민임대,경남,0
2025-05,LH,국민임대,제주,0
2025-05,LH,공공임대,전국,0
2025-05,LH,공공임대,서울,0
2025-05,LH,공공임대,인천,0
2025-05,LH,공공임대,경기,0
2025-05,LH,공공임대,부산,0
2025-05,LH,공공임대,대구,0
2025-05,LH,공공임대,광주,0
2025-05,LH,공공임대,대전,0
2025-05,LH,공공임대,울산,0
2025-05,LH,공공임대,세종,0
2025-05,LH,공공임대,강원,0
2025-05,LH,공공임대,충북,0
2025-05,LH,공공임대,충남,0
2025-05,LH,공공임대,전북,0
2025-05,LH,공공임대,전남,0
2025-05,LH,공공임대,경북,0
2025-05,LH,공공임대,경남,0
2025-05,LH,공공임대,제주,0
2025-05,LH,공공분양,전국,0
2025-05,LH,공공분양,서울,0
2025-05,LH,공공분양,인천,0
2025-05,LH,공공분양,경기,0
2025-05,LH,공공분양,부산,0
2025-05,LH,공공분양,대구,0
2025-05,LH,공공분양,광주,0
2025-05,LH,공공분양,대전,0
2025-05,LH,공공분양,울산,0
2025-05,LH,공공분양,세종,0
2025-05,LH,공공분양,강원,0
2025-05,LH,공공분양,충북,0
2025-05,LH,공공분양,충남,0
2025-05,LH,공공분양,전북,0
2025-05,LH,공공분양,전남,0
2025-05,LH,공공분양,경북,0
2025-05,LH,공공분양,경남,0
2025-05,LH,공공분양,제주,0
2025-05,주택업체,소계,전국,432
2025-05,주택업체,소계,서울,432
2025-05,주택업체,소계,인천,0
2025-05,주택업체,소계,경기,0
2025-05,주택업체,소계,부산,0
2025-05,주택업체,소계,대구,0
2025-05,주택업체,소계,광주,0
2025-05,주택업체,소계,대전,0
2025-05,주택업체,소계,울산,0
2025-05,주택업체,소계,세종,0
2025-05,주택업체,소계,강원,0
2025-05,주택업체,소계,충북,0
2025-05,주택업체,소계,충남,0
2025-05,주택업체,소계,전북,0
2025-05,주택업체,소계,전남,0
2025-05,주택업체,소계,경북,0
2025-05,주택업체,소계,경남,0
2025-05,주택업체,소계,제주,0
2025-05,주택업체,국민임대,전국,261
2025-05,주택업체,국민임대,서울,261
2025-05,주택업체,국민임대,인천,0
2025-05,주택업체,국민임대,경기,0
2025-05,주택업체,국민임대,부산,0
2025-05,주택업체,국민임대,대구,0
2025-05,주택업체,국민임대,광주,0
2025-05,주택업체,국민임대,대전,0
2025-05,주택업체,국민임대,울산,0
2025-05,주택업체,국민임대,세종,0
2025-05,주택업체,국민임대,강원,0
2025-05,주택업체,국민임대,충북,0
2025-05,주택업체,국민임대,충남,0
2025-05,주택업체,국민임대,전북,0
2025-05,주택업체,국민임대,전남,0
2025-05,주택업체,국민임대,경북,0
2025-05,주택업체,국민임대,경남,0
2025-05,주택업체,국민임대,제주,0
2025-05,주택업체,공공임대,전국,171
2025-05,주택업체,공공임대,서울,171
2025-05,주택업체,공공임대,인천,0
2025-05,주택업체,공공임대,경기,0
2025-05,주택업체,공공임대,부산,0
2025-05,주택업체,공공임대,대구,0
2025-05,주택업체,공공임대,광주,0
2025-05,주택업체,공공임대,대전,0
2025-05,주택업체,공공임대,울산,0
2025-05,주택업체,공공임대,세종,0
2025-05,주택업체,공공임대,강원,0
2025-05,주택업체,공공임대,충북,0
2025-05,주택업체,공공임대,충남,0
2025-05,주택업체,공공임대,전북,0
2025-05,주택업체,공공임대,전남,0
2025-05,주택업체,공공임대,경북,0
2025-05,주택업체,공공임대,경남,0
2025-05,주택업체,공공임대,제주,0
2025-05,주택업체,공공분양,전국,0
2025-05,주택업체,공공분양,서울,0
2025-05,주택업체,공공분양,인천,0
2025-05,주택업체,공공분양,경기,0
2025-05,주택업체,공공분양,부산,0
2025-05,주택업체,공공분양,대구,0
2025-05,주택업체,공공분양,광주,0
2025-05,주택업체,공공분양,대전,0
2025-05,주택업체,공공분양,울산,0
2025-05,주택업체,공공분양,세종,0
2025-05,주택업체,공공분양,강원,0
2025-05,주택업체,공공분양,충북,0
2025-05,주택업체,공공분양,충남,0
2025-05,주택업체,공공분양,전북,0
2025-05,주택업체,공공분양,전남,0
2025-05,주택업체,공공분양,경북,0
2025-05,주택업체,공공분양,경남,0
2025-05,주택업체,공공분양,제주,0
2025-05,민간부문,소계,전국,12,948
2025-05,민간부문,소계,서울,2,039
2025-05,민간부문,소계,인천,1,138
2025-05,민간부문,소계,경기,4,458
2025-05,민간부문,소계,부산,1,094
2025-05,민간부문,소계,대구,19
2025-05,민간부문,소계,광주,6
2025-05,민간부문,소계,대전,141
2025-05,민간부문,소계,울산,28
2025-05,민간부문,소계,세종,10
2025-05,민간부문,소계,강원,222
2025-05,민간부문,소계,충북,161
2025-05,민간부문,소계,충남,197
2025-05,민간부문,소계,전북,598
2025-05,민간부문,소계,전남,233
2025-05,민간부문,소계,경북,223
2025-05,민간부문,소계,경남,2,114
2025-05,민간부문,소계,제주,267
2025-05,민간,민간임대,전국,1,010
2025-05,민간,민간임대,서울,510
2025-05,민간,민간임대,인천,0
2025-05,민간,민간임대,경기,0
2025-05,민간,민간임대,부산,0
2025-05,민간,민간임대,대구,0
2025-05,민간,민간임대,광주,0
2025-05,민간,민간임대,대전,0
2025-05,민간,민간임대,울산,0
2025-05,민간,민간임대,세종,0
2025-05,민간,민간임대,강원,0
2025-05,민간,민간임대,충북,0
2025-05,민간,민간임대,충남,0
2025-05,민간,민간임대,전북,500
2025-05,민간,민간임대,전남,0
2025-05,민간,민간임대,경북,0
2025-05,민간,민간임대,경남,0
2025-05,민간,민간임대,제주,0
2025-05,민간,민간분양,전국,11,938
2025-05,민간,민간분양,서울,1,529
2025-05,민간,민간분양,인천,1,138
2025-05,민간,민간분양,경기,4,458
2025-05,민간,민간분양,부산,1,094
2025-05,민간,민간분양,대구,19
2025-05,민간,민간분양,광주,6
2025-05,민간,민간분양,대전,141
2025-05,민간,민간분양,울산,28
2025-05,민간,민간분양,세종,10
2025-05,민간,민간분양,강원,222
2025-05,민간,민간분양,충북,161
2025-05,민간,민간분양,충남,197
2025-05,민간,민간분양,전북,98
2025-05,민간,민간분양,전남,233
2025-05,민간,민간분양,경북,223
2025-05,민간,민간분양,경남,2,114
2025-05,민간,민간분양,제주,267
2025-06,총계,총계,전국,29,102
2025-06,총계,총계,서울,2,085
2025-06,총계,총계,인천,1,117
2025-06,총계,총계,경기,17,218
2025-06,총계,총계,부산,737
2025-06,총계,총계,대구,10
2025-06,총계,총계,광주,7
2025-06,총계,총계,대전,10
2025-06,총계,총계,울산,614
2025-06,총계,총계,세종,1,139
2025-06,총계,총계,강원,452
2025-06,총계,총계,충북,2,572
2025-06,총계,총계,충남,220
2025-06,총계,총계,전북,136
2025-06,총계,총계,전남,1,180
2025-06,총계,총계,경북,374
2025-06,총계,총계,경남,997
2025-06,총계,총계,제주,234
2025-06,공공부문,소계,전국,8,056
2025-06,공공부문,소계,서울,75
2025-06,공공부문,소계,인천,949
2025-06,공공부문,소계,경기,6,285
2025-06,공공부문,소계,부산,516
2025-06,공공부문,소계,대구,0
2025-06,공공부문,소계,광주,0
2025-06,공공부문,소계,대전,0
2025-06,공공부문,소계,울산,231
2025-06,공공부문,소계,세종,0
2025-06,공공부문,소계,강원,0
2025-06,공공부문,소계,충북,0
2025-06,공공부문,소계,충남,0
2025-06,공공부문,소계,전북,0
2025-06,공공부문,소계,전남,0
2025-06,공공부문,소계,경북,0
2025-06,공공부문,소계,경남,0
2025-06,공공부문,소계,제주,0
2025-06,합,국민임대,전국,362
2025-06,합,국민임대,서울,75
2025-06,합,국민임대,인천,0
2025-06,합,국민임대,경기,287
2025-06,합,국민임대,부산,0
2025-06,합,국민임대,대구,0
2025-06,합,국민임대,광주,0
2025-06,합,국민임대,대전,0
2025-06,합,국민임대,울산,0
2025-06,합,국민임대,세종,0
2025-06,합,국민임대,강원,0
2025-06,합,국민임대,충북,0
2025-06,합,국민임대,충남,0
2025-06,합,국민임대,전북,0
2025-06,합,국민임대,전남,0
2025-06,합,국민임대,경북,0
2025-06,합,국민임대,경남,0
2025-06,합,국민임대,제주,0
2025-06,합,공공임대,전국,3,109
2025-06,합,공공임대,서울,0
2025-06,합,공공임대,인천,0
2025-06,합,공공임대,경기,2,593
2025-06,합,공공임대,부산,516
2025-06,합,공공임대,대구,0
2025-06,합,공공임대,광주,0
2025-06,합,공공임대,대전,0
2025-06,합,공공임대,울산,0
2025-06,합,공공임대,세종,0
2025-06,합,공공임대,강원,0
2025-06,합,공공임대,충북,0
2025-06,합,공공임대,충남,0
2025-06,합,공공임대,전북,0
2025-06,합,공공임대,전남,0
2025-06,합,공공임대,경북,0
2025-06,합,공공임대,경남,0
2025-06,합,공공임대,제주,0
2025-06,합,공공분양,전국,4,585
2025-06,합,공공분양,서울,0
2025-06,합,공공분양,인천,949
2025-06,합,공공분양,경기,3,405
2025-06,합,공공분양,부산,0
2025-06,합,공공분양,대구,0
2025-06,합,공공분양,광주,0
2025-06,합,공공분양,대전,0
2025-06,합,공공분양,울산,231
2025-06,합,공공분양,세종,0
2025-06,합,공공분양,강원,0
2025-06,합,공공분양,충북,0
2025-06,합,공공분양,충남,0
2025-06,합,공공분양,전북,0
2025-06,합,공공분양,전남,0
2025-06,합,공공분양,경북,0
2025-06,합,공공분양,경남,0
2025-06,합,공공분양,제주,0
2025-06,지자체,소계,전국,300
2025-06,지자체,소계,서울,0
2025-06,지자체,소계,인천,0
2025-06,지자체,소계,경기,300
2025-06,지자체,소계,부산,0
2025-06,지자체,소계,대구,0
2025-06,지자체,소계,광주,0
2025-06,지자체,소계,대전,0
2025-06,지자체,소계,울산,0
2025-06,지자체,소계,세종,0
2025-06,지자체,소계,강원,0
2025-06,지자체,소계,충북,0
2025-06,지자체,소계,충남,0
2025-06,지자체,소계,전북,0
2025-06,지자체,소계,전남,0
2025-06,지자체,소계,경북,0
2025-06,지자체,소계,경남,0
2025-06,지자체,소계,제주,0
2025-06,지자체,국민임대,전국,0
2025-06,지자체,국민임대,서울,0
2025-06,지자체,국민임대,인천,0
2025-06,지자체,국민임대,경기,0
2025-06,지자체,국민임대,부산,0
2025-06,지자체,국민임대,대구,0
2025-06,지자체,국민임대,광주,0
2025-06,지자체,국민임대,대전,0
2025-06,지자체,국민임대,울산,0
2025-06,지자체,국민임대,세종,0
2025-06,지자체,국민임대,강원,0
2025-06,지자체,국민임대,충북,0
2025-06,지자체,국민임대,충남,0
2025-06,지자체,국민임대,전북,0
2025-06,지자체,국민임대,전남,0
2025-06,지자체,국민임대,경북,0
2025-06,지자체,국민임대,경남,0
2025-06,지자체,국민임대,제주,0
2025-06,지자체,공공임대,전국,300
2025-06,지자체,공공임대,서울,0
2025-06,지자체,공공임대,인천,0
2025-06,지자체,공공임대,경기,300
2025-06,지자체,공공임대,부산,0
2025-06,지자체,공공임대,대구,0
2025-06,지자체,공공임대,광주,0
2025-06,지자체,공공임대,대전,0
2025-06,지자체,공공임대,울산,0
2025-06,지자체,공공임대,세종,0
2025-06,지자체,공공임대,강원,0
2025-06,지자체,공공임대,충북,0
2025-06,지자체,공공임대,충남,0
2025-06,지자체,공공임대,전북,0
2025-06,지자체,공공임대,전남,0
2025-06,지자체,공공임대,경북,0
2025-06,지자체,공공임대,경남,0
2025-06,지자체,공공임대,제주,0
2025-06,지자체,공공분양,전국,0
2025-06,지자체,공공분양,서울,0
2025-06,지자체,공공분양,인천,0
2025-06,지자체,공공분양,경기,0
2025-06,지자체,공공분양,부산,0
2025-06,지자체,공공분양,대구,0
2025-06,지자체,공공분양,광주,0
2025-06,지자체,공공분양,대전,0
2025-06,지자체,공공분양,울산,0
2025-06,지자체,공공분양,세종,0
2025-06,지자체,공공분양,강원,0
2025-06,지자체,공공분양,충북,0
2025-06,지자체,공공분양,충남,0
2025-06,지자체,공공분양,전북,0
2025-06,지자체,공공분양,전남,0
2025-06,지자체,공공분양,경북,0
2025-06,지자체,공공분양,경남,0
2025-06,지자체,공공분양,제주,0
2025-06,LH,소계,전국,7,416
2025-06,LH,소계,서울,0
2025-06,LH,소계,인천,949
2025-06,LH,소계,경기,5,951
2025-06,LH,소계,부산,516
2025-06,LH,소계,대구,0
2025-06,LH,소계,광주,0
2025-06,LH,소계,대전,0
2025-06,LH,소계,울산,0
2025-06,LH,소계,세종,0
2025-06,LH,소계,강원,0
2025-06,LH,소계,충북,0
2025-06,LH,소계,충남,0
2025-06,LH,소계,전북,0
2025-06,LH,소계,전남,0
2025-06,LH,소계,경북,0
2025-06,LH,소계,경남,0
2025-06,LH,소계,제주,0
2025-06,LH,국민임대,전국,253
2025-06,LH,국민임대,서울,0
2025-06,LH,국민임대,인천,0
2025-06,LH,국민임대,경기,253
2025-06,LH,국민임대,부산,0
2025-06,LH,국민임대,대구,0
2025-06,LH,국민임대,광주,0
2025-06,LH,국민임대,대전,0
2025-06,LH,국민임대,울산,0
2025-06,LH,국민임대,세종,0
2025-06,LH,국민임대,강원,0
2025-06,LH,국민임대,충북,0
2025-06,LH,국민임대,충남,0
2025-06,LH,국민임대,전북,0
2025-06,LH,국민임대,전남,0
2025-06,LH,국민임대,경북,0
2025-06,LH,국민임대,경남,0
2025-06,LH,국민임대,제주,0
2025-06,LH,공공임대,전국,2,809
2025-06,LH,공공임대,서울,0
2025-06,LH,공공임대,인천,0
2025-06,LH,공공임대,경기,2,293
2025-06,LH,공공임대,부산,516
2025-06,LH,공공임대,대구,0
2025-06,LH,공공임대,광주,0
2025-06,LH,공공임대,대전,0
2025-06,LH,공공임대,울산,0
2025-06,LH,공공임대,세종,0
2025-06,LH,공공임대,강원,0
2025-06,LH,공공임대,충북,0
2025-06,LH,공공임대,충남,0
2025-06,LH,공공임대,전북,0
2025-06,LH,공공임대,전남,0
2025-06,LH,공공임대,경북,0
2025-06,LH,공공임대,경남,0
2025-06,LH,공공임대,제주,0
2025-06,LH,공공분양,전국,4,354
2025-06,LH,공공분양,서울,0
2025-06,LH,공공분양,인천,949
2025-06,LH,공공분양,경기,3,405
2025-06,LH,공공분양,부산,0
2025-06,LH,공공분양,대구,0
2025-06,LH,공공분양,광주,0
2025-06,LH,공공분양,대전,0
2025-06,LH,공공분양,울산,0
2025-06,LH,공공분양,세종,0
2025-06,LH,공공분양,강원,0
2025-06,LH,공공분양,충북,0
2025-06,LH,공공분양,충남,0
2025-06,LH,공공분양,전북,0
2025-06,LH,공공분양,전남,0
2025-06,LH,공공분양,경북,0
2025-06,LH,공공분양,경남,0
2025-06,LH,공공분양,제주,0
2025-06,주택업체,소계,전국,340
2025-06,주택업체,소계,서울,75
2025-06,주택업체,소계,인천,0
2025-06,주택업체,소계,경기,34
2025-06,주택업체,소계,부산,0
2025-06,주택업체,소계,대구,0
2025-06,주택업체,소계,광주,0
2025-06,주택업체,소계,대전,0
2025-06,주택업체,소계,울산,231
2025-06,주택업체,소계,세종,0
2025-06,주택업체,소계,강원,0
2025-06,주택업체,소계,충북,0
2025-06,주택업체,소계,충남,0
2025-06,주택업체,소계,전북,0
2025-06,주택업체,소계,전남,0
2025-06,주택업체,소계,경북,0
2025-06,주택업체,소계,경남,0
2025-06,주택업체,소계,제주,0
2025-06,주택업체,국민임대,전국,109
2025-06,주택업체,국민임대,서울,75
2025-06,주택업체,국민임대,인천,0
2025-06,주택업체,국민임대,경기,34
2025-06,주택업체,국민임대,부산,0
2025-06,주택업체,국민임대,대구,0
2025-06,주택업체,국민임대,광주,0
2025-06,주택업체,국민임대,대전,0
2025-06,주택업체,국민임대,울산,0
2025-06,주택업체,국민임대,세종,0
2025-06,주택업체,국민임대,강원,0
2025-06,주택업체,국민임대,충북,0
2025-06,주택업체,국민임대,충남,0
2025-06,주택업체,국민임대,전북,0
2025-06,주택업체,국민임대,전남,0
2025-06,주택업체,국민임대,경북,0
2025-06,주택업체,국민임대,경남,0
2025-06,주택업체,국민임대,제주,0
2025-06,주택업체,공공임대,전국,0
2025-06,주택업체,공공임대,서울,0
2025-06,주택업체,공공임대,인천,0
2025-06,주택업체,공공임대,경기,0
2025-06,주택업체,공공임대,부산,0
2025-06,주택업체,공공임대,대구,0
2025-06,주택업체,공공임대,광주,0
2025-06,주택업체,공공임대,대전,0
2025-06,주택업체,공공임대,울산,0
2025-06,주택업체,공공임대,세종,0
2025-06,주택업체,공공임대,강원,0
2025-06,주택업체,공공임대,충북,0
2025-06,주택업체,공공임대,충남,0
2025-06,주택업체,공공임대,전북,0
2025-06,주택업체,공공임대,전남,0
2025-06,주택업체,공공임대,경북,0
2025-06,주택업체,공공임대,경남,0
2025-06,주택업체,공공임대,제주,0
2025-06,주택업체,공공분양,전국,231
2025-06,주택업체,공공분양,서울,0
2025-06,주택업체,공공분양,인천,0
2025-06,주택업체,공공분양,경기,0
2025-06,주택업체,공공분양,부산,0
2025-06,주택업체,공공분양,대구,0
2025-06,주택업체,공공분양,광주,0
2025-06,주택업체,공공분양,대전,0
2025-06,주택업체,공공분양,울산,231
2025-06,주택업체,공공분양,세종,0
2025-06,주택업체,공공분양,강원,0
2025-06,주택업체,공공분양,충북,0
2025-06,주택업체,공공분양,충남,0
2025-06,주택업체,공공분양,전북,0
2025-06,주택업체,공공분양,전남,0
2025-06,주택업체,공공분양,경북,0
2025-06,주택업체,공공분양,경남,0
2025-06,주택업체,공공분양,제주,0
2025-06,민간부문,소계,전국,21,046
2025-06,민간부문,소계,서울,2,010
2025-06,민간부문,소계,인천,168
2025-06,민간부문,소계,경기,10,933
2025-06,민간부문,소계,부산,221
2025-06,민간부문,소계,대구,10
2025-06,민간부문,소계,광주,7
2025-06,민간부문,소계,대전,10
2025-06,민간부문,소계,울산,383
2025-06,민간부문,소계,세종,1,139
2025-06,민간부문,소계,강원,452
2025-06,민간부문,소계,충북,2,572
2025-06,민간부문,소계,충남,220
2025-06,민간부문,소계,전북,136
2025-06,민간부문,소계,전남,1,180
2025-06,민간부문,소계,경북,374
2025-06,민간부문,소계,경남,997
2025-06,민간부문,소계,제주,234
2025-06,민간,민간임대,전국,3,022
2025-06,민간,민간임대,서울,262
2025-06,민간,민간임대,인천,0
2025-06,민간,민간임대,경기,196
2025-06,민간,민간임대,부산,0
2025-06,민간,민간임대,대구,0
2025-06,민간,민간임대,광주,0
2025-06,민간,민간임대,대전,0
2025-06,민간,민간임대,울산,48
2025-06,민간,민간임대,세종,1,110
2025-06,민간,민간임대,강원,251
2025-06,민간,민간임대,충북,793
2025-06,민간,민간임대,충남,0
2025-06,민간,민간임대,전북,0
2025-06,민간,민간임대,전남,362
2025-06,민간,민간임대,경북,0
2025-06,민간,민간임대,경남,0
2025-06,민간,민간임대,제주,0
2025-06,민간,민간분양,전국,18,024
2025-06,민간,민간분양,서울,1,748
2025-06,민간,민간분양,인천,168
2025-06,민간,민간분양,경기,10,737
2025-06,민간,민간분양,부산,221
2025-06,민간,민간분양,대구,10
2025-06,민간,민간분양,광주,7
2025-06,민간,민간분양,대전,10
2025-06,민간,민간분양,울산,335
2025-06,민간,민간분양,세종,29
2025-06,민간,민간분양,강원,201
2025-06,민간,민간분양,충북,1,779
2025-06,민간,민간분양,충남,220
2025-06,민간,민간분양,전북,136
2025-06,민간,민간분양,전남,818
2025-06,민간,민간분양,경북,374
2025-06,민간,민간분양,경남,997
2025-06,민간,민간분양,제주,234
2025-07,총계,총계,전국,22,009
2025-07,총계,총계,서울,647
2025-07,총계,총계,인천,96
2025-07,총계,총계,경기,9,967
2025-07,총계,총계,부산,3,131
2025-07,총계,총계,대구,322
2025-07,총계,총계,광주,11
2025-07,총계,총계,대전,7
2025-07,총계,총계,울산,14
2025-07,총계,총계,세종,15
2025-07,총계,총계,강원,805
2025-07,총계,총계,충북,2,657
2025-07,총계,총계,충남,183
2025-07,총계,총계,전북,1,557
2025-07,총계,총계,전남,257
2025-07,총계,총계,경북,676
2025-07,총계,총계,경남,1,556
2025-07,총계,총계,제주,108
2025-07,공공부문,소계,전국,2,046
2025-07,공공부문,소계,서울,0
2025-07,공공부문,소계,인천,0
2025-07,공공부문,소계,경기,190
2025-07,공공부문,소계,부산,1,370
2025-07,공공부문,소계,대구,304
2025-07,공공부문,소계,광주,0
2025-07,공공부문,소계,대전,0
2025-07,공공부문,소계,울산,0
2025-07,공공부문,소계,세종,0
2025-07,공공부문,소계,강원,0
2025-07,공공부문,소계,충북,0
2025-07,공공부문,소계,충남,0
2025-07,공공부문,소계,전북,120
2025-07,공공부문,소계,전남,62
2025-07,공공부문,소계,경북,0
2025-07,공공부문,소계,경남,0
2025-07,공공부문,소계,제주,0
2025-07,합,국민임대,전국,0
2025-07,합,국민임대,서울,0
2025-07,합,국민임대,인천,0
2025-07,합,국민임대,경기,0
2025-07,합,국민임대,부산,0
2025-07,합,국민임대,대구,0
2025-07,합,국민임대,광주,0
2025-07,합,국민임대,대전,0
2025-07,합,국민임대,울산,0
2025-07,합,국민임대,세종,0
2025-07,합,국민임대,강원,0
2025-07,합,국민임대,충북,0
2025-07,합,국민임대,충남,0
2025-07,합,국민임대,전북,0
2025-07,합,국민임대,전남,0
2025-07,합,국민임대,경북,0
2025-07,합,국민임대,경남,0
2025-07,합,국민임대,제주,0
2025-07,합,공공임대,전국,446
2025-07,합,공공임대,서울,0
2025-07,합,공공임대,인천,0
2025-07,합,공공임대,경기,190
2025-07,합,공공임대,부산,0
2025-07,합,공공임대,대구,74
2025-07,합,공공임대,광주,0
2025-07,합,공공임대,대전,0
2025-07,합,공공임대,울산,0
2025-07,합,공공임대,세종,0
2025-07,합,공공임대,강원,0
2025-07,합,공공임대,충북,0
2025-07,합,공공임대,충남,0
2025-07,합,공공임대,전북,120
2025-07,합,공공임대,전남,62
2025-07,합,공공임대,경북,0
2025-07,합,공공임대,경남,0
2025-07,합,공공임대,제주,0
2025-07,합,공공분양,전국,1,600
2025-07,합,공공분양,서울,0
2025-07,합,공공분양,인천,0
2025-07,합,공공분양,경기,0
2025-07,합,공공분양,부산,1,370
2025-07,합,공공분양,대구,230
2025-07,합,공공분양,광주,0
2025-07,합,공공분양,대전,0
2025-07,합,공공분양,울산,0
2025-07,합,공공분양,세종,0
2025-07,합,공공분양,강원,0
2025-07,합,공공분양,충북,0
2025-07,합,공공분양,충남,0
2025-07,합,공공분양,전북,0
2025-07,합,공공분양,전남,0
2025-07,합,공공분양,경북,0
2025-07,합,공공분양,경남,0
2025-07,합,공공분양,제주,0
2025-07,지자체,소계,전국,1,552
2025-07,지자체,소계,서울,0
2025-07,지자체,소계,인천,0
2025-07,지자체,소계,경기,0
2025-07,지자체,소계,부산,1,370
2025-07,지자체,소계,대구,0
2025-07,지자체,소계,광주,0
2025-07,지자체,소계,대전,0
2025-07,지자체,소계,울산,0
2025-07,지자체,소계,세종,0
2025-07,지자체,소계,강원,0
2025-07,지자체,소계,충북,0
2025-07,지자체,소계,충남,0
2025-07,지자체,소계,전북,120
2025-07,지자체,소계,전남,62
2025-07,지자체,소계,경북,0
2025-07,지자체,소계,경남,0
2025-07,지자체,소계,제주,0
2025-07,지자체,국민임대,전국,0
2025-07,지자체,국민임대,서울,0
2025-07,지자체,국민임대,인천,0
2025-07,지자체,국민임대,경기,0
2025-07,지자체,국민임대,부산,0
2025-07,지자체,국민임대,대구,0
2025-07,지자체,국민임대,광주,0
2025-07,지자체,국민임대,대전,0
2025-07,지자체,국민임대,울산,0
2025-07,지자체,국민임대,세종,0
2025-07,지자체,국민임대,강원,0
2025-07,지자체,국민임대,충북,0
2025-07,지자체,국민임대,충남,0
2025-07,지자체,국민임대,전북,0
2025-07,지자체,국민임대,전남,0
2025-07,지자체,국민임대,경북,0
2025-07,지자체,국민임대,경남,0
2025-07,지자체,국민임대,제주,0
2025-07,지자체,공공임대,전국,182
2025-07,지자체,공공임대,서울,0
2025-07,지자체,공공임대,인천,0
2025-07,지자체,공공임대,경기,0
2025-07,지자체,공공임대,부산,0
2025-07,지자체,공공임대,대구,0
2025-07,지자체,공공임대,광주,0
2025-07,지자체,공공임대,대전,0
2025-07,지자체,공공임대,울산,0
2025-07,지자체,공공임대,세종,0
2025-07,지자체,공공임대,강원,0
2025-07,지자체,공공임대,충북,0
2025-07,지자체,공공임대,충남,0
2025-07,지자체,공공임대,전북,120
2025-07,지자체,공공임대,전남,62
2025-07,지자체,공공임대,경북,0
2025-07,지자체,공공임대,경남,0
2025-07,지자체,공공임대,제주,0
2025-07,지자체,공공분양,전국,1,370
2025-07,지자체,공공분양,서울,0
2025-07,지자체,공공분양,인천,0
2025-07,지자체,공공분양,경기,0
2025-07,지자체,공공분양,부산,1,370
2025-07,지자체,공공분양,대구,0
2025-07,지자체,공공분양,광주,0
2025-07,지자체,공공분양,대전,0
2025-07,지자체,공공분양,울산,0
2025-07,지자체,공공분양,세종,0
2025-07,지자체,공공분양,강원,0
2025-07,지자체,공공분양,충북,0
2025-07,지자체,공공분양,충남,0
2025-07,지자체,공공분양,전북,0
2025-07,지자체,공공분양,전남,0
2025-07,지자체,공공분양,경북,0
2025-07,지자체,공공분양,경남,0
2025-07,지자체,공공분양,제주,0
2025-07,LH,소계,전국,304
2025-07,LH,소계,서울,0
2025-07,LH,소계,인천,0
2025-07,LH,소계,경기,0
2025-07,LH,소계,부산,0
2025-07,LH,소계,대구,304
2025-07,LH,소계,광주,0
2025-07,LH,소계,대전,0
2025-07,LH,소계,울산,0
2025-07,LH,소계,세종,0
2025-07,LH,소계,강원,0
2025-07,LH,소계,충북,0
2025-07,LH,소계,충남,0
2025-07,LH,소계,전북,0
2025-07,LH,소계,전남,0
2025-07,LH,소계,경북,0
2025-07,LH,소계,경남,0
2025-07,LH,소계,제주,0
2025-07,LH,국민임대,전국,0
2025-07,LH,국민임대,서울,0
2025-07,LH,국민임대,인천,0
2025-07,LH,국민임대,경기,0
2025-07,LH,국민임대,부산,0
2025-07,LH,국민임대,대구,0
2025-07,LH,국민임대,광주,0
2025-07,LH,국민임대,대전,0
2025-07,LH,국민임대,울산,0
2025-07,LH,국민임대,세종,0
2025-07,LH,국민임대,강원,0
2025-07,LH,국민임대,충북,0
2025-07,LH,국민임대,충남,0
2025-07,LH,국민임대,전북,0
2025-07,LH,국민임대,전남,0
2025-07,LH,국민임대,경북,0
2025-07,LH,국민임대,경남,0
2025-07,LH,국민임대,제주,0
2025-07,LH,공공임대,전국,74
2025-07,LH,공공임대,서울,0
2025-07,LH,공공임대,인천,0
2025-07,LH,공공임대,경기,0
2025-07,LH,공공임대,부산,0
2025-07,LH,공공임대,대구,74
2025-07,LH,공공임대,광주,0
2025-07,LH,공공임대,대전,0
2025-07,LH,공공임대,울산,0
2025-07,LH,공공임대,세종,0
2025-07,LH,공공임대,강원,0
2025-07,LH,공공임대,충북,0
2025-07,LH,공공임대,충남,0
2025-07,LH,공공임대,전북,0
2025-07,LH,공공임대,전남,0
2025-07,LH,공공임대,경북,0
2025-07,LH,공공임대,경남,0
2025-07,LH,공공임대,제주,0
2025-07,LH,공공분양,전국,230
2025-07,LH,공공분양,서울,0
2025-07,LH,공공분양,인천,0
2025-07,LH,공공분양,경기,0
2025-07,LH,공공분양,부산,0
2025-07,LH,공공분양,대구,230
2025-07,LH,공공분양,광주,0
2025-07,LH,공공분양,대전,0
2025-07,LH,공공분양,울산,0
2025-07,LH,공공분양,세종,0
2025-07,LH,공공분양,강원,0
2025-07,LH,공공분양,충북,0
2025-07,LH,공공분양,충남,0
2025-07,LH,공공분양,전북,0
2025-07,LH,공공분양,전남,0
2025-07,LH,공공분양,경북,0
2025-07,LH,공공분양,경남,0
2025-07,LH,공공분양,제주,0
2025-07,주택업체,소계,전국,190
2025-07,주택업체,소계,서울,0
2025-07,주택업체,소계,인천,0
2025-07,주택업체,소계,경기,190
2025-07,주택업체,소계,부산,0
2025-07,주택업체,소계,대구,0
2025-07,주택업체,소계,광주,0
2025-07,주택업체,소계,대전,0
2025-07,주택업체,소계,울산,0
2025-07,주택업체,소계,세종,0
2025-07,주택업체,소계,강원,0
2025-07,주택업체,소계,충북,0
2025-07,주택업체,소계,충남,0
2025-07,주택업체,소계,전북,0
2025-07,주택업체,소계,전남,0
2025-07,주택업체,소계,경북,0
2025-07,주택업체,소계,경남,0
2025-07,주택업체,소계,제주,0
2025-07,주택업체,국민임대,전국,0
2025-07,주택업체,국민임대,서울,0
2025-07,주택업체,국민임대,인천,0
2025-07,주택업체,국민임대,경기,0
2025-07,주택업체,국민임대,부산,0
2025-07,주택업체,국민임대,대구,0
2025-07,주택업체,국민임대,광주,0
2025-07,주택업체,국민임대,대전,0
2025-07,주택업체,국민임대,울산,0
2025-07,주택업체,국민임대,세종,0
2025-07,주택업체,국민임대,강원,0
2025-07,주택업체,국민임대,충북,0
2025-07,주택업체,국민임대,충남,0
2025-07,주택업체,국민임대,전북,0
2025-07,주택업체,국민임대,전남,0
2025-07,주택업체,국민임대,경북,0
2025-07,주택업체,국민임대,경남,0
2025-07,주택업체,국민임대,제주,0
2025-07,주택업체,공공임대,전국,190
2025-07,주택업체,공공임대,서울,0
2025-07,주택업체,공공임대,인천,0
2025-07,주택업체,공공임대,경기,190
2025-07,주택업체,공공임대,부산,0
2025-07,주택업체,공공임대,대구,0
2025-07,주택업체,공공임대,광주,0
2025-07,주택업체,공공임대,대전,0
2025-07,주택업체,공공임대,울산,0
2025-07,주택업체,공공임대,세종,0
2025-07,주택업체,공공임대,강원,0
2025-07,주택업체,공공임대,충북,0
2025-07,주택업체,공공임대,충남,0
2025-07,주택업체,공공임대,전북,0
2025-07,주택업체,공공임대,전남,0
2025-07,주택업체,공공임대,경북,0
2025-07,주택업체,공공임대,경남,0
2025-07,주택업체,공공임대,제주,0
2025-07,주택업체,공공분양,전국,0
2025-07,주택업체,공공분양,서울,0
2025-07,주택업체,공공분양,인천,0
2025-07,주택업체,공공분양,경기,0
2025-07,주택업체,공공분양,부산,0
2025-07,주택업체,공공분양,대구,0
2025-07,주택업체,공공분양,광주,0
2025-07,주택업체,공공분양,대전,0
2025-07,주택업체,공공분양,울산,0
2025-07,주택업체,공공분양,세종,0
2025-07,주택업체,공공분양,강원,0
2025-07,주택업체,공공분양,충북,0
2025-07,주택업체,공공분양,충남,0
2025-07,주택업체,공공분양,전북,0
2025-07,주택업체,공공분양,전남,0
2025-07,주택업체,공공분양,경북,0
2025-07,주택업체,공공분양,경남,0
2025-07,주택업체,공공분양,제주,0
2025-07,민간부문,소계,전국,19,963
2025-07,민간부문,소계,서울,647
2025-07,민간부문,소계,인천,96
2025-07,민간부문,소계,경기,9,777
2025-07,민간부문,소계,부산,1,761
2025-07,민간부문,소계,대구,18
2025-07,민간부문,소계,광주,11
2025-07,민간부문,소계,대전,7
2025-07,민간부문,소계,울산,14
2025-07,민간부문,소계,세종,15
2025-07,민간부문,소계,강원,805
2025-07,민간부문,소계,충북,2,657
2025-07,민간부문,소계,충남,183
2025-07,민간부문,소계,전북,1,437
2025-07,민간부문,소계,전남,195
2025-07,민간부문,소계,경북,676
2025-07,민간부문,소계,경남,1,556
2025-07,민간부문,소계,제주,108
2025-07,민간,민간임대,전국,3,052
2025-07,민간,민간임대,서울,0
2025-07,민간,민간임대,인천,0
2025-07,민간,민간임대,경기,2,210
2025-07,민간,민간임대,부산,0
2025-07,민간,민간임대,대구,0
2025-07,민간,민간임대,광주,0
2025-07,민간,민간임대,대전,0
2025-07,민간,민간임대,울산,0
2025-07,민간,민간임대,세종,0
2025-07,민간,민간임대,강원,0
2025-07,민간,민간임대,충북,0
2025-07,민간,민간임대,충남,0
2025-07,민간,민간임대,전북,402
2025-07,민간,민간임대,전남,0
2025-07,민간,민간임대,경북,0
2025-07,민간,민간임대,경남,440
2025-07,민간,민간임대,제주,0
2025-07,민간,민간분양,전국,16,911
2025-07,민간,민간분양,서울,647
2025-07,민간,민간분양,인천,96
2025-07,민간,민간분양,경기,7,567
2025-07,민간,민간분양,부산,1,761
2025-07,민간,민간분양,대구,18
2025-07,민간,민간분양,광주,11
2025-07,민간,민간분양,대전,7
2025-07,민간,민간분양,울산,14
2025-07,민간,민간분양,세종,15
2025-07,민간,민간분양,강원,805
2025-07,민간,민간분양,충북,2,657
2025-07,민간,민간분양,충남,183
2025-07,민간,민간분양,전북,1,035
2025-07,민간,민간분양,전남,195
2025-07,민간,민간분양,경북,676
2025-07,민간,민간분양,경남,1,116
2025-07,민간,민간분양,제주,108
2025-08,총계,총계,전국,16,483
2025-08,총계,총계,서울,1,023
2025-08,총계,총계,인천,104
2025-08,총계,총계,경기,7,869
2025-08,총계,총계,부산,8
2025-08,총계,총계,대구,17
2025-08,총계,총계,광주,250
2025-08,총계,총계,대전,1,134
2025-08,총계,총계,울산,213
2025-08,총계,총계,세종,58
2025-08,총계,총계,강원,1,524
2025-08,총계,총계,충북,1,064
2025-08,총계,총계,충남,1,664
2025-08,총계,총계,전북,86
2025-08,총계,총계,전남,990
2025-08,총계,총계,경북,278
2025-08,총계,총계,경남,118
2025-08,총계,총계,제주,83
2025-08,공공부문,소계,전국,1,142
2025-08,공공부문,소계,서울,355
2025-08,공공부문,소계,인천,0
2025-08,공공부문,소계,경기,747
2025-08,공공부문,소계,부산,0
2025-08,공공부문,소계,대구,0
2025-08,공공부문,소계,광주,0
2025-08,공공부문,소계,대전,0
2025-08,공공부문,소계,울산,0
2025-08,공공부문,소계,세종,0
2025-08,공공부문,소계,강원,0
2025-08,공공부문,소계,충북,0
2025-08,공공부문,소계,충남,0
2025-08,공공부문,소계,전북,0
2025-08,공공부문,소계,전남,40
2025-08,공공부문,소계,경북,0
2025-08,공공부문,소계,경남,0
2025-08,공공부문,소계,제주,0
2025-08,합,국민임대,전국,0
2025-08,합,국민임대,서울,0
2025-08,합,국민임대,인천,0
2025-08,합,국민임대,경기,0
2025-08,합,국민임대,부산,0
2025-08,합,국민임대,대구,0
2025-08,합,국민임대,광주,0
2025-08,합,국민임대,대전,0
2025-08,합,국민임대,울산,0
2025-08,합,국민임대,세종,0
2025-08,합,국민임대,강원,0
2025-08,합,국민임대,충북,0
2025-08,합,국민임대,충남,0
2025-08,합,국민임대,전북,0
2025-08,합,국민임대,전남,0
2025-08,합,국민임대,경북,0
2025-08,합,국민임대,경남,0
2025-08,합,국민임대,제주,0
2025-08,합,공공임대,전국,1,142
2025-08,합,공공임대,서울,355
2025-08,합,공공임대,인천,0
2025-08,합,공공임대,경기,747
2025-08,합,공공임대,부산,0
2025-08,합,공공임대,대구,0
2025-08,합,공공임대,광주,0
2025-08,합,공공임대,대전,0
2025-08,합,공공임대,울산,0
2025-08,합,공공임대,세종,0
2025-08,합,공공임대,강원,0
2025-08,합,공공임대,충북,0
2025-08,합,공공임대,충남,0
2025-08,합,공공임대,전북,0
2025-08,합,공공임대,전남,40
2025-08,합,공공임대,경북,0
2025-08,합,공공임대,경남,0
2025-08,합,공공임대,제주,0
2025-08,합,공공분양,전국,0
2025-08,합,공공분양,서울,0
2025-08,합,공공분양,인천,0
2025-08,합,공공분양,경기,0
2025-08,합,공공분양,부산,0
2025-08,합,공공분양,대구,0
2025-08,합,공공분양,광주,0
2025-08,합,공공분양,대전,0
2025-08,합,공공분양,울산,0
2025-08,합,공공분양,세종,0
2025-08,합,공공분양,강원,0
2025-08,합,공공분양,충북,0
2025-08,합,공공분양,충남,0
2025-08,합,공공분양,전북,0
2025-08,합,공공분양,전남,0
2025-08,합,공공분양,경북,0
2025-08,합,공공분양,경남,0
2025-08,합,공공분양,제주,0
2025-08,지자체,소계,전국,136
2025-08,지자체,소계,서울,96
2025-08,지자체,소계,인천,0
2025-08,지자체,소계,경기,0
2025-08,지자체,소계,부산,0
2025-08,지자체,소계,대구,0
2025-08,지자체,소계,광주,0
2025-08,지자체,소계,대전,0
2025-08,지자체,소계,울산,0
2025-08,지자체,소계,세종,0
2025-08,지자체,소계,강원,0
2025-08,지자체,소계,충북,0
2025-08,지자체,소계,충남,0
2025-08,지자체,소계,전북,0
2025-08,지자체,소계,전남,40
2025-08,지자체,소계,경북,0
2025-08,지자체,소계,경남,0
2025-08,지자체,소계,제주,0
2025-08,지자체,국민임대,전국,0
2025-08,지자체,국민임대,서울,0
2025-08,지자체,국민임대,인천,0
2025-08,지자체,국민임대,경기,0
2025-08,지자체,국민임대,부산,0
2025-08,지자체,국민임대,대구,0
2025-08,지자체,국민임대,광주,0
2025-08,지자체,국민임대,대전,0
2025-08,지자체,국민임대,울산,0
2025-08,지자체,국민임대,세종,0
2025-08,지자체,국민임대,강원,0
2025-08,지자체,국민임대,충북,0
2025-08,지자체,국민임대,충남,0
2025-08,지자체,국민임대,전북,0
2025-08,지자체,국민임대,전남,0
2025-08,지자체,국민임대,경북,0
2025-08,지자체,국민임대,경남,0
2025-08,지자체,국민임대,제주,0
2025-08,지자체,공공임대,전국,136
2025-08,지자체,공공임대,서울,96
2025-08,지자체,공공임대,인천,0
2025-08,지자체,공공임대,경기,0
2025-08,지자체,공공임대,부산,0
2025-08,지자체,공공임대,대구,0
2025-08,지자체,공공임대,광주,0
2025-08,지자체,공공임대,대전,0
2025-08,지자체,공공임대,울산,0
2025-08,지자체,공공임대,세종,0
2025-08,지자체,공공임대,강원,0
2025-08,지자체,공공임대,충북,0
2025-08,지자체,공공임대,충남,0
2025-08,지자체,공공임대,전북,0
2025-08,지자체,공공임대,전남,40
2025-08,지자체,공공임대,경북,0
2025-08,지자체,공공임대,경남,0
2025-08,지자체,공공임대,제주,0
2025-08,지자체,공공분양,전국,0
2025-08,지자체,공공분양,서울,0
2025-08,지자체,공공분양,인천,0
2025-08,지자체,공공분양,경기,0
2025-08,지자체,공공분양,부산,0
2025-08,지자체,공공분양,대구,0
2025-08,지자체,공공분양,광주,0
2025-08,지자체,공공분양,대전,0
2025-08,지자체,공공분양,울산,0
2025-08,지자체,공공분양,세종,0
2025-08,지자체,공공분양,강원,0
2025-08,지자체,공공분양,충북,0
2025-08,지자체,공공분양,충남,0
2025-08,지자체,공공분양,전북,0
2025-08,지자체,공공분양,전남,0
2025-08,지자체,공공분양,경북,0
2025-08,지자체,공공분양,경남,0
2025-08,지자체,공공분양,제주,0
2025-08,LH,소계,전국,747
2025-08,LH,소계,서울,0
2025-08,LH,소계,인천,0
2025-08,LH,소계,경기,747
2025-08,LH,소계,부산,0
2025-08,LH,소계,대구,0
2025-08,LH,소계,광주,0
2025-08,LH,소계,대전,0
2025-08,LH,소계,울산,0
2025-08,LH,소계,세종,0
2025-08,LH,소계,강원,0
2025-08,LH,소계,충북,0
2025-08,LH,소계,충남,0
2025-08,LH,소계,전북,0
2025-08,LH,소계,전남,0
2025-08,LH,소계,경북,0
2025-08,LH,소계,경남,0
2025-08,LH,소계,제주,0
2025-08,LH,국민임대,전국,0
2025-08,LH,국민임대,서울,0
2025-08,LH,국민임대,인천,0
2025-08,LH,국민임대,경기,0
2025-08,LH,국민임대,부산,0
2025-08,LH,국민임대,대구,0
2025-08,LH,국민임대,광주,0
2025-08,LH,국민임대,대전,0
2025-08,LH,국민임대,울산,0
2025-08,LH,국민임대,세종,0
2025-08,LH,국민임대,강원,0
2025-08,LH,국민임대,충북,0
2025-08,LH,국민임대,충남,0
2025-08,LH,국민임대,전북,0
2025-08,LH,국민임대,전남,0
2025-08,LH,국민임대,경북,0
2025-08,LH,국민임대,경남,0
2025-08,LH,국민임대,제주,0
2025-08,LH,공공임대,전국,747
2025-08,LH,공공임대,서울,0
2025-08,LH,공공임대,인천,0
2025-08,LH,공공임대,경기,747
2025-08,LH,공공임대,부산,0
2025-08,LH,공공임대,대구,0
2025-08,LH,공공임대,광주,0
2025-08,LH,공공임대,대전,0
2025-08,LH,공공임대,울산,0
2025-08,LH,공공임대,세종,0
2025-08,LH,공공임대,강원,0
2025-08,LH,공공임대,충북,0
2025-08,LH,공공임대,충남,0
2025-08,LH,공공임대,전북,0
2025-08,LH,공공임대,전남,0
2025-08,LH,공공임대,경북,0
2025-08,LH,공공임대,경남,0
2025-08,LH,공공임대,제주,0
2025-08,LH,공공분양,전국,0
2025-08,LH,공공분양,서울,0
2025-08,LH,공공분양,인천,0
2025-08,LH,공공분양,경기,0
2025-08,LH,공공분양,부산,0
2025-08,LH,공공분양,대구,0
2025-08,LH,공공분양,광주,0
2025-08,LH,공공분양,대전,0
2025-08,LH,공공분양,울산,0
2025-08,LH,공공분양,세종,0
2025-08,LH,공공분양,강원,0
2025-08,LH,공공분양,충북,0
2025-08,LH,공공분양,충남,0
2025-08,LH,공공분양,전북,0
2025-08,LH,공공분양,전남,0
2025-08,LH,공공분양,경북,0
2025-08,LH,공공분양,경남,0
2025-08,LH,공공분양,제주,0
2025-08,주택업체,소계,전국,259
2025-08,주택업체,소계,서울,259
2025-08,주택업체,소계,인천,0
2025-08,주택업체,소계,경기,0
2025-08,주택업체,소계,부산,0
2025-08,주택업체,소계,대구,0
2025-08,주택업체,소계,광주,0
2025-08,주택업체,소계,대전,0
2025-08,주택업체,소계,울산,0
2025-08,주택업체,소계,세종,0
2025-08,주택업체,소계,강원,0
2025-08,주택업체,소계,충북,0
2025-08,주택업체,소계,충남,0
2025-08,주택업체,소계,전북,0
2025-08,주택업체,소계,전남,0
2025-08,주택업체,소계,경북,0
2025-08,주택업체,소계,경남,0
2025-08,주택업체,소계,제주,0
2025-08,주택업체,국민임대,전국,0
2025-08,주택업체,국민임대,서울,0
2025-08,주택업체,국민임대,인천,0
2025-08,주택업체,국민임대,경기,0
2025-08,주택업체,국민임대,부산,0
2025-08,주택업체,국민임대,대구,0
2025-08,주택업체,국민임대,광주,0
2025-08,주택업체,국민임대,대전,0
2025-08,주택업체,국민임대,울산,0
2025-08,주택업체,국민임대,세종,0
2025-08,주택업체,국민임대,강원,0
2025-08,주택업체,국민임대,충북,0
2025-08,주택업체,국민임대,충남,0
2025-08,주택업체,국민임대,전북,0
2025-08,주택업체,국민임대,전남,0
2025-08,주택업체,국민임대,경북,0
2025-08,주택업체,국민임대,경남,0
2025-08,주택업체,국민임대,제주,0
2025-08,주택업체,공공임대,전국,259
2025-08,주택업체,공공임대,서울,259
2025-08,주택업체,공공임대,인천,0
2025-08,주택업체,공공임대,경기,0
2025-08,주택업체,공공임대,부산,0
2025-08,주택업체,공공임대,대구,0
2025-08,주택업체,공공임대,광주,0
2025-08,주택업체,공공임대,대전,0
2025-08,주택업체,공공임대,울산,0
2025-08,주택업체,공공임대,세종,0
2025-08,주택업체,공공임대,강원,0
2025-08,주택업체,공공임대,충북,0
2025-08,주택업체,공공임대,충남,0
2025-08,주택업체,공공임대,전북,0
2025-08,주택업체,공공임대,전남,0
2025-08,주택업체,공공임대,경북,0
2025-08,주택업체,공공임대,경남,0
2025-08,주택업체,공공임대,제주,0
2025-08,주택업체,공공분양,전국,0
2025-08,주택업체,공공분양,서울,0
2025-08,주택업체,공공분양,인천,0
2025-08,주택업체,공공분양,경기,0
2025-08,주택업체,공공분양,부산,0
2025-08,주택업체,공공분양,대구,0
2025-08,주택업체,공공분양,광주,0
2025-08,주택업체,공공분양,대전,0
2025-08,주택업체,공공분양,울산,0
2025-08,주택업체,공공분양,세종,0
2025-08,주택업체,공공분양,강원,0
2025-08,주택업체,공공분양,충북,0
2025-08,주택업체,공공분양,충남,0
2025-08,주택업체,공공분양,전북,0
2025-08,주택업체,공공분양,전남,0
2025-08,주택업체,공공분양,경북,0
2025-08,주택업체,공공분양,경남,0
2025-08,주택업체,공공분양,제주,0
2025-08,민간부문,소계,전국,15,341
2025-08,민간부문,소계,서울,668
2025-08,민간부문,소계,인천,104
2025-08,민간부문,소계,경기,7,122
2025-08,민간부문,소계,부산,8
2025-08,민간부문,소계,대구,17
2025-08,민간부문,소계,광주,250
2025-08,민간부문,소계,대전,1,134
2025-08,민간부문,소계,울산,213
2025-08,민간부문,소계,세종,58
2025-08,민간부문,소계,강원,1,524
2025-08,민간부문,소계,충북,1,064
2025-08,민간부문,소계,충남,1,664
2025-08,민간부문,소계,전북,86
2025-08,민간부문,소계,전남,950
2025-08,민간부문,소계,경북,278
2025-08,민간부문,소계,경남,118
2025-08,민간부문,소계,제주,83
2025-08,민간,민간임대,전국,399
2025-08,민간,민간임대,서울,0
2025-08,민간,민간임대,인천,0
2025-08,민간,민간임대,경기,0
2025-08,민간,민간임대,부산,0
2025-08,민간,민간임대,대구,0
2025-08,민간,민간임대,광주,0
2025-08,민간,민간임대,대전,154
2025-08,민간,민간임대,울산,0
2025-08,민간,민간임대,세종,0
2025-08,민간,민간임대,강원,0
2025-08,민간,민간임대,충북,0
2025-08,민간,민간임대,충남,245
2025-08,민간,민간임대,전북,0
2025-08,민간,민간임대,전남,0
2025-08,민간,민간임대,경북,0
2025-08,민간,민간임대,경남,0
2025-08,민간,민간임대,제주,0
2025-08,민간,민간분양,전국,14,942
2025-08,민간,민간분양,서울,668
2025-08,민간,민간분양,인천,104
2025-08,민간,민간분양,경기,7,122
2025-08,민간,민간분양,부산,8
2025-08,민간,민간분양,대구,17
2025-08,민간,민간분양,광주,250
2025-08,민간,민간분양,대전,980
2025-08,민간,민간분양,울산,213
2025-08,민간,민간분양,세종,58
2025-08,민간,민간분양,강원,1,524
2025-08,민간,민간분양,충북,1,064
2025-08,민간,민간분양,충남,1,419
2025-08,민간,민간분양,전북,86
2025-08,민간,민간분양,전남,950
2025-08,민간,민간분양,경북,278
2025-08,민간,민간분양,경남,118
2025-08,민간,민간분양,제주,83
2025-09,총계,총계,전국,29,924
2025-09,총계,총계,서울,1,359
2025-09,총계,총계,인천,3,373
2025-09,총계,총계,경기,11,672
2025-09,총계,총계,부산,577
2025-09,총계,총계,대구,18
2025-09,총계,총계,광주,16
2025-09,총계,총계,대전,53
2025-09,총계,총계,울산,1,335
2025-09,총계,총계,세종,434
2025-09,총계,총계,강원,212
2025-09,총계,총계,충북,1,766
2025-09,총계,총계,충남,3,745
2025-09,총계,총계,전북,1,232
2025-09,총계,총계,전남,588
2025-09,총계,총계,경북,299
2025-09,총계,총계,경남,2,998
2025-09,총계,총계,제주,247
2025-09,공공부문,소계,전국,8,491
2025-09,공공부문,소계,서울,0
2025-09,공공부문,소계,인천,540
2025-09,공공부문,소계,경기,6,468
2025-09,공공부문,소계,부산,0
2025-09,공공부문,소계,대구,0
2025-09,공공부문,소계,광주,0
2025-09,공공부문,소계,대전,41
2025-09,공공부문,소계,울산,0
2025-09,공공부문,소계,세종,0
2025-09,공공부문,소계,강원,0
2025-09,공공부문,소계,충북,0
2025-09,공공부문,소계,충남,0
2025-09,공공부문,소계,전북,0
2025-09,공공부문,소계,전남,20
2025-09,공공부문,소계,경북,0
2025-09,공공부문,소계,경남,1,350
2025-09,공공부문,소계,제주,72
2025-09,합,국민임대,전국,106
2025-09,합,국민임대,서울,0
2025-09,합,국민임대,인천,65
2025-09,합,국민임대,경기,0
2025-09,합,국민임대,부산,0
2025-09,합,국민임대,대구,0
2025-09,합,국민임대,광주,0
2025-09,합,국민임대,대전,41
2025-09,합,국민임대,울산,0
2025-09,합,국민임대,세종,0
2025-09,합,국민임대,강원,0
2025-09,합,국민임대,충북,0
2025-09,합,국민임대,충남,0
2025-09,합,국민임대,전북,0
2025-09,합,국민임대,전남,0
2025-09,합,국민임대,경북,0
2025-09,합,국민임대,경남,0
2025-09,합,국민임대,제주,0
2025-09,합,공공임대,전국,5,761
2025-09,합,공공임대,서울,0
2025-09,합,공공임대,인천,158
2025-09,합,공공임대,경기,4,233
2025-09,합,공공임대,부산,0
2025-09,합,공공임대,대구,0
2025-09,합,공공임대,광주,0
2025-09,합,공공임대,대전,0
2025-09,합,공공임대,울산,0
2025-09,합,공공임대,세종,0
2025-09,합,공공임대,강원,0
2025-09,합,공공임대,충북,0
2025-09,합,공공임대,충남,0
2025-09,합,공공임대,전북,0
2025-09,합,공공임대,전남,20
2025-09,합,공공임대,경북,0
2025-09,합,공공임대,경남,1,350
2025-09,합,공공임대,제주,0
2025-09,합,공공분양,전국,2,624
2025-09,합,공공분양,서울,0
2025-09,합,공공분양,인천,317
2025-09,합,공공분양,경기,2,235
2025-09,합,공공분양,부산,0
2025-09,합,공공분양,대구,0
2025-09,합,공공분양,광주,0
2025-09,합,공공분양,대전,0
2025-09,합,공공분양,울산,0
2025-09,합,공공분양,세종,0
2025-09,합,공공분양,강원,0
2025-09,합,공공분양,충북,0
2025-09,합,공공분양,충남,0
2025-09,합,공공분양,전북,0
2025-09,합,공공분양,전남,0
2025-09,합,공공분양,경북,0
2025-09,합,공공분양,경남,0
2025-09,합,공공분양,제주,72
2025-09,지자체,소계,전국,92
2025-09,지자체,소계,서울,0
2025-09,지자체,소계,인천,0
2025-09,지자체,소계,경기,0
2025-09,지자체,소계,부산,0
2025-09,지자체,소계,대구,0
2025-09,지자체,소계,광주,0
2025-09,지자체,소계,대전,0
2025-09,지자체,소계,울산,0
2025-09,지자체,소계,세종,0
2025-09,지자체,소계,강원,0
2025-09,지자체,소계,충북,0
2025-09,지자체,소계,충남,0
2025-09,지자체,소계,전북,0
2025-09,지자체,소계,전남,20
2025-09,지자체,소계,경북,0
2025-09,지자체,소계,경남,0
2025-09,지자체,소계,제주,72
2025-09,지자체,국민임대,전국,0
2025-09,지자체,국민임대,서울,0
2025-09,지자체,국민임대,인천,0
2025-09,지자체,국민임대,경기,0
2025-09,지자체,국민임대,부산,0
2025-09,지자체,국민임대,대구,0
2025-09,지자체,국민임대,광주,0
2025-09,지자체,국민임대,대전,0
2025-09,지자체,국민임대,울산,0
2025-09,지자체,국민임대,세종,0
2025-09,지자체,국민임대,강원,0
2025-09,지자체,국민임대,충북,0
2025-09,지자체,국민임대,충남,0
2025-09,지자체,국민임대,전북,0
2025-09,지자체,국민임대,전남,0
2025-09,지자체,국민임대,경북,0
2025-09,지자체,국민임대,경남,0
2025-09,지자체,국민임대,제주,0
2025-09,지자체,공공임대,전국,20
2025-09,지자체,공공임대,서울,0
2025-09,지자체,공공임대,인천,0
2025-09,지자체,공공임대,경기,0
2025-09,지자체,공공임대,부산,0
2025-09,지자체,공공임대,대구,0
2025-09,지자체,공공임대,광주,0
2025-09,지자체,공공임대,대전,0
2025-09,지자체,공공임대,울산,0
2025-09,지자체,공공임대,세종,0
2025-09,지자체,공공임대,강원,0
2025-09,지자체,공공임대,충북,0
2025-09,지자체,공공임대,충남,0
2025-09,지자체,공공임대,전북,0
2025-09,지자체,공공임대,전남,20
2025-09,지자체,공공임대,경북,0
2025-09,지자체,공공임대,경남,0
2025-09,지자체,공공임대,제주,0
2025-09,지자체,공공분양,전국,72
2025-09,지자체,공공분양,서울,0
2025-09,지자체,공공분양,인천,0
2025-09,지자체,공공분양,경기,0
2025-09,지자체,공공분양,부산,0
2025-09,지자체,공공분양,대구,0
2025-09,지자체,공공분양,광주,0
2025-09,지자체,공공분양,대전,0
2025-09,지자체,공공분양,울산,0
2025-09,지자체,공공분양,세종,0
2025-09,지자체,공공분양,강원,0
2025-09,지자체,공공분양,충북,0
2025-09,지자체,공공분양,충남,0
2025-09,지자체,공공분양,전북,0
2025-09,지자체,공공분양,전남,0
2025-09,지자체,공공분양,경북,0
2025-09,지자체,공공분양,경남,0
2025-09,지자체,공공분양,제주,72
2025-09,LH,소계,전국,8,163
2025-09,LH,소계,서울,0
2025-09,LH,소계,인천,475
2025-09,LH,소계,경기,6,426
2025-09,LH,소계,부산,0
2025-09,LH,소계,대구,0
2025-09,LH,소계,광주,0
2025-09,LH,소계,대전,0
2025-09,LH,소계,울산,0
2025-09,LH,소계,세종,0
2025-09,LH,소계,강원,0
2025-09,LH,소계,충북,0
2025-09,LH,소계,충남,0
2025-09,LH,소계,전북,0
2025-09,LH,소계,전남,0
2025-09,LH,소계,경북,0
2025-09,LH,소계,경남,1,262
2025-09,LH,소계,제주,0
2025-09,LH,국민임대,전국,0
2025-09,LH,국민임대,서울,0
2025-09,LH,국민임대,인천,0
2025-09,LH,국민임대,경기,0
2025-09,LH,국민임대,부산,0
2025-09,LH,국민임대,대구,0
2025-09,LH,국민임대,광주,0
2025-09,LH,국민임대,대전,0
2025-09,LH,국민임대,울산,0
2025-09,LH,국민임대,세종,0
2025-09,LH,국민임대,강원,0
2025-09,LH,국민임대,충북,0
2025-09,LH,국민임대,충남,0
2025-09,LH,국민임대,전북,0
2025-09,LH,국민임대,전남,0
2025-09,LH,국민임대,경북,0
2025-09,LH,국민임대,경남,0
2025-09,LH,국민임대,제주,0
2025-09,LH,공공임대,전국,5,611
2025-09,LH,공공임대,서울,0
2025-09,LH,공공임대,인천,158
2025-09,LH,공공임대,경기,4,191
2025-09,LH,공공임대,부산,0
2025-09,LH,공공임대,대구,0
2025-09,LH,공공임대,광주,0
2025-09,LH,공공임대,대전,0
2025-09,LH,공공임대,울산,0
2025-09,LH,공공임대,세종,0
2025-09,LH,공공임대,강원,0
2025-09,LH,공공임대,충북,0
2025-09,LH,공공임대,충남,0
2025-09,LH,공공임대,전북,0
2025-09,LH,공공임대,전남,0
2025-09,LH,공공임대,경북,0
2025-09,LH,공공임대,경남,1,262
2025-09,LH,공공임대,제주,0
2025-09,LH,공공분양,전국,2,552
2025-09,LH,공공분양,서울,0
2025-09,LH,공공분양,인천,317
2025-09,LH,공공분양,경기,2,235
2025-09,LH,공공분양,부산,0
2025-09,LH,공공분양,대구,0
2025-09,LH,공공분양,광주,0
2025-09,LH,공공분양,대전,0
2025-09,LH,공공분양,울산,0
2025-09,LH,공공분양,세종,0
2025-09,LH,공공분양,강원,0
2025-09,LH,공공분양,충북,0
2025-09,LH,공공분양,충남,0
2025-09,LH,공공분양,전북,0
2025-09,LH,공공분양,전남,0
2025-09,LH,공공분양,경북,0
2025-09,LH,공공분양,경남,0
2025-09,LH,공공분양,제주,0
2025-09,주택업체,소계,전국,236
2025-09,주택업체,소계,서울,0
2025-09,주택업체,소계,인천,65
2025-09,주택업체,소계,경기,42
2025-09,주택업체,소계,부산,0
2025-09,주택업체,소계,대구,0
2025-09,주택업체,소계,광주,0
2025-09,주택업체,소계,대전,41
2025-09,주택업체,소계,울산,0
2025-09,주택업체,소계,세종,0
2025-09,주택업체,소계,강원,0
2025-09,주택업체,소계,충북,0
2025-09,주택업체,소계,충남,0
2025-09,주택업체,소계,전북,0
2025-09,주택업체,소계,전남,0
2025-09,주택업체,소계,경북,0
2025-09,주택업체,소계,경남,88
2025-09,주택업체,소계,제주,0
2025-09,주택업체,국민임대,전국,106
2025-09,주택업체,국민임대,서울,0
2025-09,주택업체,국민임대,인천,65
2025-09,주택업체,국민임대,경기,0
2025-09,주택업체,국민임대,부산,0
2025-09,주택업체,국민임대,대구,0
2025-09,주택업체,국민임대,광주,0
2025-09,주택업체,국민임대,대전,41
2025-09,주택업체,국민임대,울산,0
2025-09,주택업체,국민임대,세종,0
2025-09,주택업체,국민임대,강원,0
2025-09,주택업체,국민임대,충북,0
2025-09,주택업체,국민임대,충남,0
2025-09,주택업체,국민임대,전북,0
2025-09,주택업체,국민임대,전남,0
2025-09,주택업체,국민임대,경북,0
2025-09,주택업체,국민임대,경남,0
2025-09,주택업체,국민임대,제주,0
2025-09,주택업체,공공임대,전국,130
2025-09,주택업체,공공임대,서울,0
2025-09,주택업체,공공임대,인천,0
2025-09,주택업체,공공임대,경기,42
2025-09,주택업체,공공임대,부산,0
2025-09,주택업체,공공임대,대구,0
2025-09,주택업체,공공임대,광주,0
2025-09,주택업체,공공임대,대전,0
2025-09,주택업체,공공임대,울산,0
2025-09,주택업체,공공임대,세종,0
2025-09,주택업체,공공임대,강원,0
2025-09,주택업체,공공임대,충북,0
2025-09,주택업체,공공임대,충남,0
2025-09,주택업체,공공임대,전북,0
2025-09,주택업체,공공임대,전남,0
2025-09,주택업체,공공임대,경북,0
2025-09,주택업체,공공임대,경남,88
2025-09,주택업체,공공임대,제주,0
2025-09,주택업체,공공분양,전국,0
2025-09,주택업체,공공분양,서울,0
2025-09,주택업체,공공분양,인천,0
2025-09,주택업체,공공분양,경기,0
2025-09,주택업체,공공분양,부산,0
2025-09,주택업체,공공분양,대구,0
2025-09,주택업체,공공분양,광주,0
2025-09,주택업체,공공분양,대전,0
2025-09,주택업체,공공분양,울산,0
2025-09,주택업체,공공분양,세종,0
2025-09,주택업체,공공분양,강원,0
2025-09,주택업체,공공분양,충북,0
2025-09,주택업체,공공분양,충남,0
2025-09,주택업체,공공분양,전북,0
2025-09,주택업체,공공분양,전남,0
2025-09,주택업체,공공분양,경북,0
2025-09,주택업체,공공분양,경남,0
2025-09,주택업체,공공분양,제주,0
2025-09,민간부문,소계,전국,21,433
2025-09,민간부문,소계,서울,1,359
2025-09,민간부문,소계,인천,2,833
2025-09,민간부문,소계,경기,5,204
2025-09,민간부문,소계,부산,577
2025-09,민간부문,소계,대구,18
2025-09,민간부문,소계,광주,16
2025-09,민간부문,소계,대전,12
2025-09,민간부문,소계,울산,1,335
2025-09,민간부문,소계,세종,434
2025-09,민간부문,소계,강원,212
2025-09,민간부문,소계,충북,1,766
2025-09,민간부문,소계,충남,3,745
2025-09,민간부문,소계,전북,1,232
2025-09,민간부문,소계,전남,568
2025-09,민간부문,소계,경북,299
2025-09,민간부문,소계,경남,1,648
2025-09,민간부문,소계,제주,175
2025-09,민간,민간임대,전국,1,018
2025-09,민간,민간임대,서울,20
2025-09,민간,민간임대,인천,0
2025-09,민간,민간임대,경기,310
2025-09,민간,민간임대,부산,0
2025-09,민간,민간임대,대구,0
2025-09,민간,민간임대,광주,0
2025-09,민간,민간임대,대전,0
2025-09,민간,민간임대,울산,0
2025-09,민간,민간임대,세종,0
2025-09,민간,민간임대,강원,0
2025-09,민간,민간임대,충북,0
2025-09,민간,민간임대,충남,193
2025-09,민간,민간임대,전북,495
2025-09,민간,민간임대,전남,0
2025-09,민간,민간임대,경북,0
2025-09,민간,민간임대,경남,0
2025-09,민간,민간임대,제주,0
2025-09,민간,민간분양,전국,20,415
2025-09,민간,민간분양,서울,1,339
2025-09,민간,민간분양,인천,2,833
2025-09,민간,민간분양,경기,4,894
2025-09,민간,민간분양,부산,577
2025-09,민간,민간분양,대구,18
2025-09,민간,민간분양,광주,16
2025-09,민간,민간분양,대전,12
2025-09,민간,민간분양,울산,1,335
2025-09,민간,민간분양,세종,434
2025-09,민간,민간분양,강원,212
2025-09,민간,민간분양,충북,1,766
2025-09,민간,민간분양,충남,3,552
2025-09,민간,민간분양,전북,737
2025-09,민간,민간분양,전남,568
2025-09,민간,민간분양,경북,299
2025-09,민간,민간분양,경남,1,648
2025-09,민간,민간분양,제주,175
2025-10,총계,총계,전국,17,009
2025-10,총계,총계,서울,2,872
2025-10,총계,총계,인천,1,349
2025-10,총계,총계,경기,5,909
2025-10,총계,총계,부산,1,199
2025-10,총계,총계,대구,1,560
2025-10,총계,총계,광주,10
2025-10,총계,총계,대전,450
2025-10,총계,총계,울산,56
2025-10,총계,총계,세종,48
2025-10,총계,총계,강원,180
2025-10,총계,총계,충북,129
2025-10,총계,총계,충남,1,686
2025-10,총계,총계,전북,68
2025-10,총계,총계,전남,452
2025-10,총계,총계,경북,766
2025-10,총계,총계,경남,175
2025-10,총계,총계,제주,100
2025-10,공공부문,소계,전국,394
2025-10,공공부문,소계,서울,348
2025-10,공공부문,소계,인천,0
2025-10,공공부문,소계,경기,0
2025-10,공공부문,소계,부산,0
2025-10,공공부문,소계,대구,0
2025-10,공공부문,소계,광주,0
2025-10,공공부문,소계,대전,0
2025-10,공공부문,소계,울산,0
2025-10,공공부문,소계,세종,0
2025-10,공공부문,소계,강원,0
2025-10,공공부문,소계,충북,0
2025-10,공공부문,소계,충남,0
2025-10,공공부문,소계,전북,0
2025-10,공공부문,소계,전남,0
2025-10,공공부문,소계,경북,46
2025-10,공공부문,소계,경남,0
2025-10,공공부문,소계,제주,0
2025-10,합,국민임대,전국,14
2025-10,합,국민임대,서울,14
2025-10,합,국민임대,인천,0
2025-10,합,국민임대,경기,0
2025-10,합,국민임대,부산,0
2025-10,합,국민임대,대구,0
2025-10,합,국민임대,광주,0
2025-10,합,국민임대,대전,0
2025-10,합,국민임대,울산,0
2025-10,합,국민임대,세종,0
2025-10,합,국민임대,강원,0
2025-10,합,국민임대,충북,0
2025-10,합,국민임대,충남,0
2025-10,합,국민임대,전북,0
2025-10,합,국민임대,전남,0
2025-10,합,국민임대,경북,0
2025-10,합,국민임대,경남,0
2025-10,합,국민임대,제주,0
2025-10,합,공공임대,전국,380
2025-10,합,공공임대,서울,334
2025-10,합,공공임대,인천,0
2025-10,합,공공임대,경기,0
2025-10,합,공공임대,부산,0
2025-10,합,공공임대,대구,0
2025-10,합,공공임대,광주,0
2025-10,합,공공임대,대전,0
2025-10,합,공공임대,울산,0
2025-10,합,공공임대,세종,0
2025-10,합,공공임대,강원,0
2025-10,합,공공임대,충북,0
2025-10,합,공공임대,충남,0
2025-10,합,공공임대,전북,0
2025-10,합,공공임대,전남,0
2025-10,합,공공임대,경북,46
2025-10,합,공공임대,경남,0
2025-10,합,공공임대,제주,0
2025-10,합,공공분양,전국,0
2025-10,합,공공분양,서울,0
2025-10,합,공공분양,인천,0
2025-10,합,공공분양,경기,0
2025-10,합,공공분양,부산,0
2025-10,합,공공분양,대구,0
2025-10,합,공공분양,광주,0
2025-10,합,공공분양,대전,0
2025-10,합,공공분양,울산,0
2025-10,합,공공분양,세종,0
2025-10,합,공공분양,강원,0
2025-10,합,공공분양,충북,0
2025-10,합,공공분양,충남,0
2025-10,합,공공분양,전북,0
2025-10,합,공공분양,전남,0
2025-10,합,공공분양,경북,0
2025-10,합,공공분양,경남,0
2025-10,합,공공분양,제주,0
2025-10,지자체,소계,전국,0
2025-10,지자체,소계,서울,0
2025-10,지자체,소계,인천,0
2025-10,지자체,소계,경기,0
2025-10,지자체,소계,부산,0
2025-10,지자체,소계,대구,0
2025-10,지자체,소계,광주,0
2025-10,지자체,소계,대전,0
2025-10,지자체,소계,울산,0
2025-10,지자체,소계,세종,0
2025-10,지자체,소계,강원,0
2025-10,지자체,소계,충북,0
2025-10,지자체,소계,충남,0
2025-10,지자체,소계,전북,0
2025-10,지자체,소계,전남,0
2025-10,지자체,소계,경북,0
2025-10,지자체,소계,경남,0
2025-10,지자체,소계,제주,0
2025-10,지자체,국민임대,전국,0
2025-10,지자체,국민임대,서울,0
2025-10,지자체,국민임대,인천,0
2025-10,지자체,국민임대,경기,0
2025-10,지자체,국민임대,부산,0
2025-10,지자체,국민임대,대구,0
2025-10,지자체,국민임대,광주,0
2025-10,지자체,국민임대,대전,0
2025-10,지자체,국민임대,울산,0
2025-10,지자체,국민임대,세종,0
2025-10,지자체,국민임대,강원,0
2025-10,지자체,국민임대,충북,0
2025-10,지자체,국민임대,충남,0
2025-10,지자체,국민임대,전북,0
2025-10,지자체,국민임대,전남,0
2025-10,지자체,국민임대,경북,0
2025-10,지자체,국민임대,경남,0
2025-10,지자체,국민임대,제주,0
2025-10,지자체,공공임대,전국,0
2025-10,지자체,공공임대,서울,0
2025-10,지자체,공공임대,인천,0
2025-10,지자체,공공임대,경기,0
2025-10,지자체,공공임대,부산,0
2025-10,지자체,공공임대,대구,0
2025-10,지자체,공공임대,광주,0
2025-10,지자체,공공임대,대전,0
2025-10,지자체,공공임대,울산,0
2025-10,지자체,공공임대,세종,0
2025-10,지자체,공공임대,강원,0
2025-10,지자체,공공임대,충북,0
2025-10,지자체,공공임대,충남,0
2025-10,지자체,공공임대,전북,0
2025-10,지자체,공공임대,전남,0
2025-10,지자체,공공임대,경북,0
2025-10,지자체,공공임대,경남,0
2025-10,지자체,공공임대,제주,0
2025-10,지자체,공공분양,전국,0
2025-10,지자체,공공분양,서울,0
2025-10,지자체,공공분양,인천,0
2025-10,지자체,공공분양,경기,0
2025-10,지자체,공공분양,부산,0
2025-10,지자체,공공분양,대구,0
2025-10,지자체,공공분양,광주,0
2025-10,지자체,공공분양,대전,0
2025-10,지자체,공공분양,울산,0
2025-10,지자체,공공분양,세종,0
2025-10,지자체,공공분양,강원,0
2025-10,지자체,공공분양,충북,0
2025-10,지자체,공공분양,충남,0
2025-10,지자체,공공분양,전북,0
2025-10,지자체,공공분양,전남,0
2025-10,지자체,공공분양,경북,0
2025-10,지자체,공공분양,경남,0
2025-10,지자체,공공분양,제주,0
2025-10,LH,소계,전국,0
2025-10,LH,소계,서울,0
2025-10,LH,소계,인천,0
2025-10,LH,소계,경기,0
2025-10,LH,소계,부산,0
2025-10,LH,소계,대구,0
2025-10,LH,소계,광주,0
2025-10,LH,소계,대전,0
2025-10,LH,소계,울산,0
2025-10,LH,소계,세종,0
2025-10,LH,소계,강원,0
2025-10,LH,소계,충북,0
2025-10,LH,소계,충남,0
2025-10,LH,소계,전북,0
2025-10,LH,소계,전남,0
2025-10,LH,소계,경북,0
2025-10,LH,소계,경남,0
2025-10,LH,소계,제주,0
2025-10,LH,국민임대,전국,0
2025-10,LH,국민임대,서울,0
2025-10,LH,국민임대,인천,0
2025-10,LH,국민임대,경기,0
2025-10,LH,국민임대,부산,0
2025-10,LH,국민임대,대구,0
2025-10,LH,국민임대,광주,0
2025-10,LH,국민임대,대전,0
2025-10,LH,국민임대,울산,0
2025-10,LH,국민임대,세종,0
2025-10,LH,국민임대,강원,0
2025-10,LH,국민임대,충북,0
2025-10,LH,국민임대,충남,0
2025-10,LH,국민임대,전북,0
2025-10,LH,국민임대,전남,0
2025-10,LH,국민임대,경북,0
2025-10,LH,국민임대,경남,0
2025-10,LH,국민임대,제주,0
2025-10,LH,공공임대,전국,0
2025-10,LH,공공임대,서울,0
2025-10,LH,공공임대,인천,0
2025-10,LH,공공임대,경기,0
2025-10,LH,공공임대,부산,0
2025-10,LH,공공임대,대구,0
2025-10,LH,공공임대,광주,0
2025-10,LH,공공임대,대전,0
2025-10,LH,공공임대,울산,0
2025-10,LH,공공임대,세종,0
2025-10,LH,공공임대,강원,0
2025-10,LH,공공임대,충북,0
2025-10,LH,공공임대,충남,0
2025-10,LH,공공임대,전북,0
2025-10,LH,공공임대,전남,0
2025-10,LH,공공임대,경북,0
2025-10,LH,공공임대,경남,0
2025-10,LH,공공임대,제주,0
2025-10,LH,공공분양,전국,0
2025-10,LH,공공분양,서울,0
2025-10,LH,공공분양,인천,0
2025-10,LH,공공분양,경기,0
2025-10,LH,공공분양,부산,0
2025-10,LH,공공분양,대구,0
2025-10,LH,공공분양,광주,0
2025-10,LH,공공분양,대전,0
2025-10,LH,공공분양,울산,0
2025-10,LH,공공분양,세종,0
2025-10,LH,공공분양,강원,0
2025-10,LH,공공분양,충북,0
2025-10,LH,공공분양,충남,0
2025-10,LH,공공분양,전북,0
2025-10,LH,공공분양,전남,0
2025-10,LH,공공분양,경북,0
2025-10,LH,공공분양,경남,0
2025-10,LH,공공분양,제주,0
2025-10,주택업체,소계,전국,394
2025-10,주택업체,소계,서울,348
2025-10,주택업체,소계,인천,0
2025-10,주택업체,소계,경기,0
2025-10,주택업체,소계,부산,0
2025-10,주택업체,소계,대구,0
2025-10,주택업체,소계,광주,0
2025-10,주택업체,소계,대전,0
2025-10,주택업체,소계,울산,0
2025-10,주택업체,소계,세종,0
2025-10,주택업체,소계,강원,0
2025-10,주택업체,소계,충북,0
2025-10,주택업체,소계,충남,0
2025-10,주택업체,소계,전북,0
2025-10,주택업체,소계,전남,0
2025-10,주택업체,소계,경북,46
2025-10,주택업체,소계,경남,0
2025-10,주택업체,소계,제주,0
2025-10,주택업체,국민임대,전국,14
2025-10,주택업체,국민임대,서울,14
2025-10,주택업체,국민임대,인천,0
2025-10,주택업체,국민임대,경기,0
2025-10,주택업체,국민임대,부산,0
2025-10,주택업체,국민임대,대구,0
2025-10,주택업체,국민임대,광주,0
2025-10,주택업체,국민임대,대전,0
2025-10,주택업체,국민임대,울산,0
2025-10,주택업체,국민임대,세종,0
2025-10,주택업체,국민임대,강원,0
2025-10,주택업체,국민임대,충북,0
2025-10,주택업체,국민임대,충남,0
2025-10,주택업체,국민임대,전북,0
2025-10,주택업체,국민임대,전남,0
2025-10,주택업체,국민임대,경북,0
2025-10,주택업체,국민임대,경남,0
2025-10,주택업체,국민임대,제주,0
2025-10,주택업체,공공임대,전국,380
2025-10,주택업체,공공임대,서울,334
2025-10,주택업체,공공임대,인천,0
2025-10,주택업체,공공임대,경기,0
2025-10,주택업체,공공임대,부산,0
2025-10,주택업체,공공임대,대구,0
2025-10,주택업체,공공임대,광주,0
2025-10,주택업체,공공임대,대전,0
2025-10,주택업체,공공임대,울산,0
2025-10,주택업체,공공임대,세종,0
2025-10,주택업체,공공임대,강원,0
2025-10,주택업체,공공임대,충북,0
2025-10,주택업체,공공임대,충남,0
2025-10,주택업체,공공임대,전북,0
2025-10,주택업체,공공임대,전남,0
2025-10,주택업체,공공임대,경북,46
2025-10,주택업체,공공임대,경남,0
2025-10,주택업체,공공임대,제주,0
2025-10,주택업체,공공분양,전국,0
2025-10,주택업체,공공분양,서울,0
2025-10,주택업체,공공분양,인천,0
2025-10,주택업체,공공분양,경기,0
2025-10,주택업체,공공분양,부산,0
2025-10,주택업체,공공분양,대구,0
2025-10,주택업체,공공분양,광주,0
2025-10,주택업체,공공분양,대전,0
2025-10,주택업체,공공분양,울산,0
2025-10,주택업체,공공분양,세종,0
2025-10,주택업체,공공분양,강원,0
2025-10,주택업체,공공분양,충북,0
2025-10,주택업체,공공분양,충남,0
2025-10,주택업체,공공분양,전북,0
2025-10,주택업체,공공분양,전남,0
2025-10,주택업체,공공분양,경북,0
2025-10,주택업체,공공분양,경남,0
2025-10,주택업체,공공분양,제주,0
2025-10,민간부문,소계,전국,16,615
2025-10,민간부문,소계,서울,2,524
2025-10,민간부문,소계,인천,1,349
2025-10,민간부문,소계,경기,5,909
2025-10,민간부문,소계,부산,1,199
2025-10,민간부문,소계,대구,1,560
2025-10,민간부문,소계,광주,10
2025-10,민간부문,소계,대전,450
2025-10,민간부문,소계,울산,56
2025-10,민간부문,소계,세종,48
2025-10,민간부문,소계,강원,180
2025-10,민간부문,소계,충북,129
2025-10,민간부문,소계,충남,1,686
2025-10,민간부문,소계,전북,68
2025-10,민간부문,소계,전남,452
2025-10,민간부문,소계,경북,720
2025-10,민간부문,소계,경남,175
2025-10,민간부문,소계,제주,100
2025-10,민간,민간임대,전국,739
2025-10,민간,민간임대,서울,314
2025-10,민간,민간임대,인천,240
2025-10,민간,민간임대,경기,104
2025-10,민간,민간임대,부산,0
2025-10,민간,민간임대,대구,81
2025-10,민간,민간임대,광주,0
2025-10,민간,민간임대,대전,0
2025-10,민간,민간임대,울산,0
2025-10,민간,민간임대,세종,0
2025-10,민간,민간임대,강원,0
2025-10,민간,민간임대,충북,0
2025-10,민간,민간임대,충남,0
2025-10,민간,민간임대,전북,0
2025-10,민간,민간임대,전남,0
2025-10,민간,민간임대,경북,0
2025-10,민간,민간임대,경남,0
2025-10,민간,민간임대,제주,0
2025-10,민간,민간분양,전국,15,876
2025-10,민간,민간분양,서울,2,210
2025-10,민간,민간분양,인천,1,109
2025-10,민간,민간분양,경기,5,805
2025-10,민간,민간분양,부산,1,199
2025-10,민간,민간분양,대구,1,479
2025-10,민간,민간분양,광주,10
2025-10,민간,민간분양,대전,450
2025-10,민간,민간분양,울산,56
2025-10,민간,민간분양,세종,48
2025-10,민간,민간분양,강원,180
2025-10,민간,민간분양,충북,129
2025-10,민간,민간분양,충남,1,686
2025-10,민간,민간분양,전북,68
2025-10,민간,민간분양,전남,452
2025-10,민간,민간분양,경북,720
2025-10,민간,민간분양,경남,175
2025-10,민간,민간분양,제주,100
2025-11,총계,총계,전국,19,975
2025-11,총계,총계,서울,3,330
2025-11,총계,총계,인천,2,055
2025-11,총계,총계,경기,9,224
2025-11,총계,총계,부산,540
2025-11,총계,총계,대구,14
2025-11,총계,총계,광주,8
2025-11,총계,총계,대전,1,332
2025-11,총계,총계,울산,48
2025-11,총계,총계,세종,4
2025-11,총계,총계,강원,149
2025-11,총계,총계,충북,190
2025-11,총계,총계,충남,852
2025-11,총계,총계,전북,396
2025-11,총계,총계,전남,882
2025-11,총계,총계,경북,270
2025-11,총계,총계,경남,603
2025-11,총계,총계,제주,78
2025-11,공공부문,소계,전국,1,647
2025-11,공공부문,소계,서울,267
2025-11,공공부문,소계,인천,80
2025-11,공공부문,소계,경기,523
2025-11,공공부문,소계,부산,0
2025-11,공공부문,소계,대구,0
2025-11,공공부문,소계,광주,0
2025-11,공공부문,소계,대전,0
2025-11,공공부문,소계,울산,0
2025-11,공공부문,소계,세종,0
2025-11,공공부문,소계,강원,0
2025-11,공공부문,소계,충북,50
2025-11,공공부문,소계,충남,727
2025-11,공공부문,소계,전북,0
2025-11,공공부문,소계,전남,0
2025-11,공공부문,소계,경북,0
2025-11,공공부문,소계,경남,0
2025-11,공공부문,소계,제주,0
2025-11,합,국민임대,전국,80
2025-11,합,국민임대,서울,0
2025-11,합,국민임대,인천,80
2025-11,합,국민임대,경기,0
2025-11,합,국민임대,부산,0
2025-11,합,국민임대,대구,0
2025-11,합,국민임대,광주,0
2025-11,합,국민임대,대전,0
2025-11,합,국민임대,울산,0
2025-11,합,국민임대,세종,0
2025-11,합,국민임대,강원,0
2025-11,합,국민임대,충북,0
2025-11,합,국민임대,충남,0
2025-11,합,국민임대,전북,0
2025-11,합,국민임대,전남,0
2025-11,합,국민임대,경북,0
2025-11,합,국민임대,경남,0
2025-11,합,국민임대,제주,0
2025-11,합,공공임대,전국,452
2025-11,합,공공임대,서울,223
2025-11,합,공공임대,인천,0
2025-11,합,공공임대,경기,179
2025-11,합,공공임대,부산,0
2025-11,합,공공임대,대구,0
2025-11,합,공공임대,광주,0
2025-11,합,공공임대,대전,0
2025-11,합,공공임대,울산,0
2025-11,합,공공임대,세종,0
2025-11,합,공공임대,강원,0
2025-11,합,공공임대,충북,50
2025-11,합,공공임대,충남,0
2025-11,합,공공임대,전북,0
2025-11,합,공공임대,전남,0
2025-11,합,공공임대,경북,0
2025-11,합,공공임대,경남,0
2025-11,합,공공임대,제주,0
2025-11,합,공공분양,전국,1,115
2025-11,합,공공분양,서울,44
2025-11,합,공공분양,인천,0
2025-11,합,공공분양,경기,344
2025-11,합,공공분양,부산,0
2025-11,합,공공분양,대구,0
2025-11,합,공공분양,광주,0
2025-11,합,공공분양,대전,0
2025-11,합,공공분양,울산,0
2025-11,합,공공분양,세종,0
2025-11,합,공공분양,강원,0
2025-11,합,공공분양,충북,0
2025-11,합,공공분양,충남,727
2025-11,합,공공분양,전북,0
2025-11,합,공공분양,전남,0
2025-11,합,공공분양,경북,0
2025-11,합,공공분양,경남,0
2025-11,합,공공분양,제주,0
2025-11,지자체,소계,전국,474
2025-11,지자체,소계,서울,0
2025-11,지자체,소계,인천,80
2025-11,지자체,소계,경기,344
2025-11,지자체,소계,부산,0
2025-11,지자체,소계,대구,0
2025-11,지자체,소계,광주,0
2025-11,지자체,소계,대전,0
2025-11,지자체,소계,울산,0
2025-11,지자체,소계,세종,0
2025-11,지자체,소계,강원,0
2025-11,지자체,소계,충북,50
2025-11,지자체,소계,충남,0
2025-11,지자체,소계,전북,0
2025-11,지자체,소계,전남,0
2025-11,지자체,소계,경북,0
2025-11,지자체,소계,경남,0
2025-11,지자체,소계,제주,0
2025-11,지자체,국민임대,전국,80
2025-11,지자체,국민임대,서울,0
2025-11,지자체,국민임대,인천,80
2025-11,지자체,국민임대,경기,0
2025-11,지자체,국민임대,부산,0
2025-11,지자체,국민임대,대구,0
2025-11,지자체,국민임대,광주,0
2025-11,지자체,국민임대,대전,0
2025-11,지자체,국민임대,울산,0
2025-11,지자체,국민임대,세종,0
2025-11,지자체,국민임대,강원,0
2025-11,지자체,국민임대,충북,0
2025-11,지자체,국민임대,충남,0
2025-11,지자체,국민임대,전북,0
2025-11,지자체,국민임대,전남,0
2025-11,지자체,국민임대,경북,0
2025-11,지자체,국민임대,경남,0
2025-11,지자체,국민임대,제주,0
2025-11,지자체,공공임대,전국,50
2025-11,지자체,공공임대,서울,0
2025-11,지자체,공공임대,인천,0
2025-11,지자체,공공임대,경기,0
2025-11,지자체,공공임대,부산,0
2025-11,지자체,공공임대,대구,0
2025-11,지자체,공공임대,광주,0
2025-11,지자체,공공임대,대전,0
2025-11,지자체,공공임대,울산,0
2025-11,지자체,공공임대,세종,0
2025-11,지자체,공공임대,강원,0
2025-11,지자체,공공임대,충북,50
2025-11,지자체,공공임대,충남,0
2025-11,지자체,공공임대,전북,0
2025-11,지자체,공공임대,전남,0
2025-11,지자체,공공임대,경북,0
2025-11,지자체,공공임대,경남,0
2025-11,지자체,공공임대,제주,0
2025-11,지자체,공공분양,전국,344
2025-11,지자체,공공분양,서울,0
2025-11,지자체,공공분양,인천,0
2025-11,지자체,공공분양,경기,344
2025-11,지자체,공공분양,부산,0
2025-11,지자체,공공분양,대구,0
2025-11,지자체,공공분양,광주,0
2025-11,지자체,공공분양,대전,0
2025-11,지자체,공공분양,울산,0
2025-11,지자체,공공분양,세종,0
2025-11,지자체,공공분양,강원,0
2025-11,지자체,공공분양,충북,0
2025-11,지자체,공공분양,충남,0
2025-11,지자체,공공분양,전북,0
2025-11,지자체,공공분양,전남,0
2025-11,지자체,공공분양,경북,0
2025-11,지자체,공공분양,경남,0
2025-11,지자체,공공분양,제주,0
2025-11,LH,소계,전국,44
2025-11,LH,소계,서울,44
2025-11,LH,소계,인천,0
2025-11,LH,소계,경기,0
2025-11,LH,소계,부산,0
2025-11,LH,소계,대구,0
2025-11,LH,소계,광주,0
2025-11,LH,소계,대전,0
2025-11,LH,소계,울산,0
2025-11,LH,소계,세종,0
2025-11,LH,소계,강원,0
2025-11,LH,소계,충북,0
2025-11,LH,소계,충남,0
2025-11,LH,소계,전북,0
2025-11,LH,소계,전남,0
2025-11,LH,소계,경북,0
2025-11,LH,소계,경남,0
2025-11,LH,소계,제주,0
2025-11,LH,국민임대,전국,0
2025-11,LH,국민임대,서울,0
2025-11,LH,국민임대,인천,0
2025-11,LH,국민임대,경기,0
2025-11,LH,국민임대,부산,0
2025-11,LH,국민임대,대구,0
2025-11,LH,국민임대,광주,0
2025-11,LH,국민임대,대전,0
2025-11,LH,국민임대,울산,0
2025-11,LH,국민임대,세종,0
2025-11,LH,국민임대,강원,0
2025-11,LH,국민임대,충북,0
2025-11,LH,국민임대,충남,0
2025-11,LH,국민임대,전북,0
2025-11,LH,국민임대,전남,0
2025-11,LH,국민임대,경북,0
2025-11,LH,국민임대,경남,0
2025-11,LH,국민임대,제주,0
2025-11,LH,공공임대,전국,0
2025-11,LH,공공임대,서울,0
2025-11,LH,공공임대,인천,0
2025-11,LH,공공임대,경기,0
2025-11,LH,공공임대,부산,0
2025-11,LH,공공임대,대구,0
2025-11,LH,공공임대,광주,0
2025-11,LH,공공임대,대전,0
2025-11,LH,공공임대,울산,0
2025-11,LH,공공임대,세종,0
2025-11,LH,공공임대,강원,0
2025-11,LH,공공임대,충북,0
2025-11,LH,공공임대,충남,0
2025-11,LH,공공임대,전북,0
2025-11,LH,공공임대,전남,0
2025-11,LH,공공임대,경북,0
2025-11,LH,공공임대,경남,0
2025-11,LH,공공임대,제주,0
2025-11,LH,공공분양,전국,44
2025-11,LH,공공분양,서울,44
2025-11,LH,공공분양,인천,0
2025-11,LH,공공분양,경기,0
2025-11,LH,공공분양,부산,0
2025-11,LH,공공분양,대구,0
2025-11,LH,공공분양,광주,0
2025-11,LH,공공분양,대전,0
2025-11,LH,공공분양,울산,0
2025-11,LH,공공분양,세종,0
2025-11,LH,공공분양,강원,0
2025-11,LH,공공분양,충북,0
2025-11,LH,공공분양,충남,0
2025-11,LH,공공분양,전북,0
2025-11,LH,공공분양,전남,0
2025-11,LH,공공분양,경북,0
2025-11,LH,공공분양,경남,0
2025-11,LH,공공분양,제주,0
2025-11,주택업체,소계,전국,1,129
2025-11,주택업체,소계,서울,223
2025-11,주택업체,소계,인천,0
2025-11,주택업체,소계,경기,179
2025-11,주택업체,소계,부산,0
2025-11,주택업체,소계,대구,0
2025-11,주택업체,소계,광주,0
2025-11,주택업체,소계,대전,0
2025-11,주택업체,소계,울산,0
2025-11,주택업체,소계,세종,0
2025-11,주택업체,소계,강원,0
2025-11,주택업체,소계,충북,0
2025-11,주택업체,소계,충남,727
2025-11,주택업체,소계,전북,0
2025-11,주택업체,소계,전남,0
2025-11,주택업체,소계,경북,0
2025-11,주택업체,소계,경남,0
2025-11,주택업체,소계,제주,0
2025-11,주택업체,국민임대,전국,0
2025-11,주택업체,국민임대,서울,0
2025-11,주택업체,국민임대,인천,0
2025-11,주택업체,국민임대,경기,0
2025-11,주택업체,국민임대,부산,0
2025-11,주택업체,국민임대,대구,0
2025-11,주택업체,국민임대,광주,0
2025-11,주택업체,국민임대,대전,0
2025-11,주택업체,국민임대,울산,0
2025-11,주택업체,국민임대,세종,0
2025-11,주택업체,국민임대,강원,0
2025-11,주택업체,국민임대,충북,0
2025-11,주택업체,국민임대,충남,0
2025-11,주택업체,국민임대,전북,0
2025-11,주택업체,국민임대,전남,0
2025-11,주택업체,국민임대,경북,0
2025-11,주택업체,국민임대,경남,0
2025-11,주택업체,국민임대,제주,0
2025-11,주택업체,공공임대,전국,402
2025-11,주택업체,공공임대,서울,223
2025-11,주택업체,공공임대,인천,0
2025-11,주택업체,공공임대,경기,179
2025-11,주택업체,공공임대,부산,0
2025-11,주택업체,공공임대,대구,0
2025-11,주택업체,공공임대,광주,0
2025-11,주택업체,공공임대,대전,0
2025-11,주택업체,공공임대,울산,0
2025-11,주택업체,공공임대,세종,0
2025-11,주택업체,공공임대,강원,0
2025-11,주택업체,공공임대,충북,0
2025-11,주택업체,공공임대,충남,0
2025-11,주택업체,공공임대,전북,0
2025-11,주택업체,공공임대,전남,0
2025-11,주택업체,공공임대,경북,0
2025-11,주택업체,공공임대,경남,0
2025-11,주택업체,공공임대,제주,0
2025-11,주택업체,공공분양,전국,727
2025-11,주택업체,공공분양,서울,0
2025-11,주택업체,공공분양,인천,0
2025-11,주택업체,공공분양,경기,0
2025-11,주택업체,공공분양,부산,0
2025-11,주택업체,공공분양,대구,0
2025-11,주택업체,공공분양,광주,0
2025-11,주택업체,공공분양,대전,0
2025-11,주택업체,공공분양,울산,0
2025-11,주택업체,공공분양,세종,0
2025-11,주택업체,공공분양,강원,0
2025-11,주택업체,공공분양,충북,0
2025-11,주택업체,공공분양,충남,727
2025-11,주택업체,공공분양,전북,0
2025-11,주택업체,공공분양,전남,0
2025-11,주택업체,공공분양,경북,0
2025-11,주택업체,공공분양,경남,0
2025-11,주택업체,공공분양,제주,0
2025-11,민간부문,소계,전국,18,328
2025-11,민간부문,소계,서울,3,063
2025-11,민간부문,소계,인천,1,975
2025-11,민간부문,소계,경기,8,701
2025-11,민간부문,소계,부산,540
2025-11,민간부문,소계,대구,14
2025-11,민간부문,소계,광주,8
2025-11,민간부문,소계,대전,1,332
2025-11,민간부문,소계,울산,48
2025-11,민간부문,소계,세종,4
2025-11,민간부문,소계,강원,149
2025-11,민간부문,소계,충북,140
2025-11,민간부문,소계,충남,125
2025-11,민간부문,소계,전북,396
2025-11,민간부문,소계,전남,882
2025-11,민간부문,소계,경북,270
2025-11,민간부문,소계,경남,603
2025-11,민간부문,소계,제주,78
2025-11,민간,민간임대,전국,1,460
2025-11,민간,민간임대,서울,0
2025-11,민간,민간임대,인천,0
2025-11,민간,민간임대,경기,795
2025-11,민간,민간임대,부산,0
2025-11,민간,민간임대,대구,0
2025-11,민간,민간임대,광주,0
2025-11,민간,민간임대,대전,0
2025-11,민간,민간임대,울산,0
2025-11,민간,민간임대,세종,0
2025-11,민간,민간임대,강원,0
2025-11,민간,민간임대,충북,0
2025-11,민간,민간임대,충남,0
2025-11,민간,민간임대,전북,0
2025-11,민간,민간임대,전남,665
2025-11,민간,민간임대,경북,0
2025-11,민간,민간임대,경남,0
2025-11,민간,민간임대,제주,0
2025-11,민간,민간분양,전국,16,868
2025-11,민간,민간분양,서울,3,063
2025-11,민간,민간분양,인천,1,975
2025-11,민간,민간분양,경기,7,906
2025-11,민간,민간분양,부산,540
2025-11,민간,민간분양,대구,14
2025-11,민간,민간분양,광주,8
2025-11,민간,민간분양,대전,1,332
2025-11,민간,민간분양,울산,48
2025-11,민간,민간분양,세종,4
2025-11,민간,민간분양,강원,149
2025-11,민간,민간분양,충북,140
2025-11,민간,민간분양,충남,125
2025-11,민간,민간분양,전북,396
2025-11,민간,민간분양,전남,217
2025-11,민간,민간분양,경북,270
2025-11,민간,민간분양,경남,603
2025-11,민간,민간분양,제주,78
2025-12,총계,총계,전국,64,104
2025-12,총계,총계,서울,10,009
2025-12,총계,총계,인천,5,169
2025-12,총계,총계,경기,25,120
2025-12,총계,총계,부산,3,417
2025-12,총계,총계,대구,1,521
2025-12,총계,총계,광주,2,865
2025-12,총계,총계,대전,496
2025-12,총계,총계,울산,44
2025-12,총계,총계,세종,1,859
2025-12,총계,총계,강원,360
2025-12,총계,총계,충북,1,505
2025-12,총계,총계,충남,4,200
2025-12,총계,총계,전북,822
2025-12,총계,총계,전남,1,618
2025-12,총계,총계,경북,1,683
2025-12,총계,총계,경남,3,326
2025-12,총계,총계,제주,90
2025-12,공공부문,소계,전국,34,171
2025-12,공공부문,소계,서울,2,985
2025-12,공공부문,소계,인천,2,243
2025-12,공공부문,소계,경기,18,250
2025-12,공공부문,소계,부산,1,381
2025-12,공공부문,소계,대구,0
2025-12,공공부문,소계,광주,0
2025-12,공공부문,소계,대전,492
2025-12,공공부문,소계,울산,0
2025-12,공공부문,소계,세종,1,857
2025-12,공공부문,소계,강원,213
2025-12,공공부문,소계,충북,1,368
2025-12,공공부문,소계,충남,2,443
2025-12,공공부문,소계,전북,660
2025-12,공공부문,소계,전남,0
2025-12,공공부문,소계,경북,1,149
2025-12,공공부문,소계,경남,1,130
2025-12,공공부문,소계,제주,0
2025-12,합,국민임대,전국,0
2025-12,합,국민임대,서울,0
2025-12,합,국민임대,인천,0
2025-12,합,국민임대,경기,0
2025-12,합,국민임대,부산,0
2025-12,합,국민임대,대구,0
2025-12,합,국민임대,광주,0
2025-12,합,국민임대,대전,0
2025-12,합,국민임대,울산,0
2025-12,합,국민임대,세종,0
2025-12,합,국민임대,강원,0
2025-12,합,국민임대,충북,0
2025-12,합,국민임대,충남,0
2025-12,합,국민임대,전북,0
2025-12,합,국민임대,전남,0
2025-12,합,국민임대,경북,0
2025-12,합,국민임대,경남,0
2025-12,합,국민임대,제주,0
2025-12,합,공공임대,전국,16,071
2025-12,합,공공임대,서울,851
2025-12,합,공공임대,인천,778
2025-12,합,공공임대,경기,8,195
2025-12,합,공공임대,부산,344
2025-12,합,공공임대,대구,0
2025-12,합,공공임대,광주,0
2025-12,합,공공임대,대전,492
2025-12,합,공공임대,울산,0
2025-12,합,공공임대,세종,1,235
2025-12,합,공공임대,강원,213
2025-12,합,공공임대,충북,1,354
2025-12,합,공공임대,충남,1,145
2025-12,합,공공임대,전북,0
2025-12,합,공공임대,전남,0
2025-12,합,공공임대,경북,874
2025-12,합,공공임대,경남,590
2025-12,합,공공임대,제주,0
2025-12,합,공공분양,전국,18,100
2025-12,합,공공분양,서울,2,134
2025-12,합,공공분양,인천,1,465
2025-12,합,공공분양,경기,10,055
2025-12,합,공공분양,부산,1,037
2025-12,합,공공분양,대구,0
2025-12,합,공공분양,광주,0
2025-12,합,공공분양,대전,0
2025-12,합,공공분양,울산,0
2025-12,합,공공분양,세종,622
2025-12,합,공공분양,강원,0
2025-12,합,공공분양,충북,14
2025-12,합,공공분양,충남,1,298
2025-12,합,공공분양,전북,660
2025-12,합,공공분양,전남,0
2025-12,합,공공분양,경북,275
2025-12,합,공공분양,경남,540
2025-12,합,공공분양,제주,0
2025-12,지자체,소계,전국,1,333
2025-12,지자체,소계,서울,1,248
2025-12,지자체,소계,인천,0
2025-12,지자체,소계,경기,0
2025-12,지자체,소계,부산,0
2025-12,지자체,소계,대구,0
2025-12,지자체,소계,광주,0
2025-12,지자체,소계,대전,0
2025-12,지자체,소계,울산,0
2025-12,지자체,소계,세종,0
2025-12,지자체,소계,강원,0
2025-12,지자체,소계,충북,0
2025-12,지자체,소계,충남,21
2025-12,지자체,소계,전북,0
2025-12,지자체,소계,전남,0
2025-12,지자체,소계,경북,0
2025-12,지자체,소계,경남,64
2025-12,지자체,소계,제주,0
2025-12,지자체,국민임대,전국,0
2025-12,지자체,국민임대,서울,0
2025-12,지자체,국민임대,인천,0
2025-12,지자체,국민임대,경기,0
2025-12,지자체,국민임대,부산,0
2025-12,지자체,국민임대,대구,0
2025-12,지자체,국민임대,광주,0
2025-12,지자체,국민임대,대전,0
2025-12,지자체,국민임대,울산,0
2025-12,지자체,국민임대,세종,0
2025-12,지자체,국민임대,강원,0
2025-12,지자체,국민임대,충북,0
2025-12,지자체,국민임대,충남,0
2025-12,지자체,국민임대,전북,0
2025-12,지자체,국민임대,전남,0
2025-12,지자체,국민임대,경북,0
2025-12,지자체,국민임대,경남,0
2025-12,지자체,국민임대,제주,0
2025-12,지자체,공공임대,전국,473
2025-12,지자체,공공임대,서울,388
2025-12,지자체,공공임대,인천,0
2025-12,지자체,공공임대,경기,0
2025-12,지자체,공공임대,부산,0
2025-12,지자체,공공임대,대구,0
2025-12,지자체,공공임대,광주,0
2025-12,지자체,공공임대,대전,0
2025-12,지자체,공공임대,울산,0
2025-12,지자체,공공임대,세종,0
2025-12,지자체,공공임대,강원,0
2025-12,지자체,공공임대,충북,0
2025-12,지자체,공공임대,충남,21
2025-12,지자체,공공임대,전북,0
2025-12,지자체,공공임대,전남,0
2025-12,지자체,공공임대,경북,0
2025-12,지자체,공공임대,경남,64
2025-12,지자체,공공임대,제주,0
2025-12,지자체,공공분양,전국,860
2025-12,지자체,공공분양,서울,860
2025-12,지자체,공공분양,인천,0
2025-12,지자체,공공분양,경기,0
2025-12,지자체,공공분양,부산,0
2025-12,지자체,공공분양,대구,0
2025-12,지자체,공공분양,광주,0
2025-12,지자체,공공분양,대전,0
2025-12,지자체,공공분양,울산,0
2025-12,지자체,공공분양,세종,0
2025-12,지자체,공공분양,강원,0
2025-12,지자체,공공분양,충북,0
2025-12,지자체,공공분양,충남,0
2025-12,지자체,공공분양,전북,0
2025-12,지자체,공공분양,전남,0
2025-12,지자체,공공분양,경북,0
2025-12,지자체,공공분양,경남,0
2025-12,지자체,공공분양,제주,0
2025-12,LH,소계,전국,32,634
2025-12,LH,소계,서울,1,533
2025-12,LH,소계,인천,2,243
2025-12,LH,소계,경기,18,250
2025-12,LH,소계,부산,1,381
2025-12,LH,소계,대구,0
2025-12,LH,소계,광주,0
2025-12,LH,소계,대전,492
2025-12,LH,소계,울산,0
2025-12,LH,소계,세종,1,857
2025-12,LH,소계,강원,213
2025-12,LH,소계,충북,1,368
2025-12,LH,소계,충남,2,422
2025-12,LH,소계,전북,660
2025-12,LH,소계,전남,0
2025-12,LH,소계,경북,1,149
2025-12,LH,소계,경남,1,066
2025-12,LH,소계,제주,0
2025-12,LH,국민임대,전국,0
2025-12,LH,국민임대,서울,0
2025-12,LH,국민임대,인천,0
2025-12,LH,국민임대,경기,0
2025-12,LH,국민임대,부산,0
2025-12,LH,국민임대,대구,0
2025-12,LH,국민임대,광주,0
2025-12,LH,국민임대,대전,0
2025-12,LH,국민임대,울산,0
2025-12,LH,국민임대,세종,0
2025-12,LH,국민임대,강원,0
2025-12,LH,국민임대,충북,0
2025-12,LH,국민임대,충남,0
2025-12,LH,국민임대,전북,0
2025-12,LH,국민임대,전남,0
2025-12,LH,국민임대,경북,0
2025-12,LH,국민임대,경남,0
2025-12,LH,국민임대,제주,0
2025-12,LH,공공임대,전국,15,394
2025-12,LH,공공임대,서울,259
2025-12,LH,공공임대,인천,778
2025-12,LH,공공임대,경기,8,195
2025-12,LH,공공임대,부산,344
2025-12,LH,공공임대,대구,0
2025-12,LH,공공임대,광주,0
2025-12,LH,공공임대,대전,492
2025-12,LH,공공임대,울산,0
2025-12,LH,공공임대,세종,1,235
2025-12,LH,공공임대,강원,213
2025-12,LH,공공임대,충북,1,354
2025-12,LH,공공임대,충남,1,124
2025-12,LH,공공임대,전북,0
2025-12,LH,공공임대,전남,0
2025-12,LH,공공임대,경북,874
2025-12,LH,공공임대,경남,526
2025-12,LH,공공임대,제주,0
2025-12,LH,공공분양,전국,17,240
2025-12,LH,공공분양,서울,1,274
2025-12,LH,공공분양,인천,1,465
2025-12,LH,공공분양,경기,10,055
2025-12,LH,공공분양,부산,1,037
2025-12,LH,공공분양,대구,0
2025-12,LH,공공분양,광주,0
2025-12,LH,공공분양,대전,0
2025-12,LH,공공분양,울산,0
2025-12,LH,공공분양,세종,622
2025-12,LH,공공분양,강원,0
2025-12,LH,공공분양,충북,14
2025-12,LH,공공분양,충남,1,298
2025-12,LH,공공분양,전북,660
2025-12,LH,공공분양,전남,0
2025-12,LH,공공분양,경북,275
2025-12,LH,공공분양,경남,540
2025-12,LH,공공분양,제주,0
2025-12,주택업체,소계,전국,204
2025-12,주택업체,소계,서울,204
2025-12,주택업체,소계,인천,0
2025-12,주택업체,소계,경기,0
2025-12,주택업체,소계,부산,0
2025-12,주택업체,소계,대구,0
2025-12,주택업체,소계,광주,0
2025-12,주택업체,소계,대전,0
2025-12,주택업체,소계,울산,0
2025-12,주택업체,소계,세종,0
2025-12,주택업체,소계,강원,0
2025-12,주택업체,소계,충북,0
2025-12,주택업체,소계,충남,0
2025-12,주택업체,소계,전북,0
2025-12,주택업체,소계,전남,0
2025-12,주택업체,소계,경북,0
2025-12,주택업체,소계,경남,0
2025-12,주택업체,소계,제주,0
2025-12,주택업체,국민임대,전국,0
2025-12,주택업체,국민임대,서울,0
2025-12,주택업체,국민임대,인천,0
2025-12,주택업체,국민임대,경기,0
2025-12,주택업체,국민임대,부산,0
2025-12,주택업체,국민임대,대구,0
2025-12,주택업체,국민임대,광주,0
2025-12,주택업체,국민임대,대전,0
2025-12,주택업체,국민임대,울산,0
2025-12,주택업체,국민임대,세종,0
2025-12,주택업체,국민임대,강원,0
2025-12,주택업체,국민임대,충북,0
2025-12,주택업체,국민임대,충남,0
2025-12,주택업체,국민임대,전북,0
2025-12,주택업체,국민임대,전남,0
2025-12,주택업체,국민임대,경북,0
2025-12,주택업체,국민임대,경남,0
2025-12,주택업체,국민임대,제주,0
2025-12,주택업체,공공임대,전국,204
2025-12,주택업체,공공임대,서울,204
2025-12,주택업체,공공임대,인천,0
2025-12,주택업체,공공임대,경기,0
2025-12,주택업체,공공임대,부산,0
2025-12,주택업체,공공임대,대구,0
2025-12,주택업체,공공임대,광주,0
2025-12,주택업체,공공임대,대전,0
2025-12,주택업체,공공임대,울산,0
2025-12,주택업체,공공임대,세종,0
2025-12,주택업체,공공임대,강원,0
2025-12,주택업체,공공임대,충북,0
2025-12,주택업체,공공임대,충남,0
2025-12,주택업체,공공임대,전북,0
2025-12,주택업체,공공임대,전남,0
2025-12,주택업체,공공임대,경북,0
2025-12,주택업체,공공임대,경남,0
2025-12,주택업체,공공임대,제주,0
2025-12,주택업체,공공분양,전국,0
2025-12,주택업체,공공분양,서울,0
2025-12,주택업체,공공분양,인천,0
2025-12,주택업체,공공분양,경기,0
2025-12,주택업체,공공분양,부산,0
2025-12,주택업체,공공분양,대구,0
2025-12,주택업체,공공분양,광주,0
2025-12,주택업체,공공분양,대전,0
2025-12,주택업체,공공분양,울산,0
2025-12,주택업체,공공분양,세종,0
2025-12,주택업체,공공분양,강원,0
2025-12,주택업체,공공분양,충북,0
2025-12,주택업체,공공분양,충남,0
2025-12,주택업체,공공분양,전북,0
2025-12,주택업체,공공분양,전남,0
2025-12,주택업체,공공분양,경북,0
2025-12,주택업체,공공분양,경남,0
2025-12,주택업체,공공분양,제주,0
2025-12,민간부문,소계,전국,29,933
2025-12,민간부문,소계,서울,7,024
2025-12,민간부문,소계,인천,2,926
2025-12,민간부문,소계,경기,6,870
2025-12,민간부문,소계,부산,2,036
2025-12,민간부문,소계,대구,1,521
2025-12,민간부문,소계,광주,2,865
2025-12,민간부문,소계,대전,4
2025-12,민간부문,소계,울산,44
2025-12,민간부문,소계,세종,2
2025-12,민간부문,소계,강원,147
2025-12,민간부문,소계,충북,137
2025-12,민간부문,소계,충남,1,757
2025-12,민간부문,소계,전북,162
2025-12,민간부문,소계,전남,1,618
2025-12,민간부문,소계,경북,534
2025-12,민간부문,소계,경남,2,196
2025-12,민간부문,소계,제주,90
2025-12,민간,민간임대,전국,1,623
2025-12,민간,민간임대,서울,341
2025-12,민간,민간임대,인천,0
2025-12,민간,민간임대,경기,154
2025-12,민간,민간임대,부산,30
2025-12,민간,민간임대,대구,0
2025-12,민간,민간임대,광주,200
2025-12,민간,민간임대,대전,0
2025-12,민간,민간임대,울산,0
2025-12,민간,민간임대,세종,0
2025-12,민간,민간임대,강원,0
2025-12,민간,민간임대,충북,0
2025-12,민간,민간임대,충남,0
2025-12,민간,민간임대,전북,0
2025-12,민간,민간임대,전남,116
2025-12,민간,민간임대,경북,0
2025-12,민간,민간임대,경남,782
2025-12,민간,민간임대,제주,0
2025-12,민간,민간분양,전국,28,310
2025-12,민간,민간분양,서울,6,683
2025-12,민간,민간분양,인천,2,926
2025-12,민간,민간분양,경기,6,716
2025-12,민간,민간분양,부산,2,006
2025-12,민간,민간분양,대구,1,521
2025-12,민간,민간분양,광주,2,665
2025-12,민간,민간분양,대전,4
2025-12,민간,민간분양,울산,44
2025-12,민간,민간분양,세종,2
2025-12,민간,민간분양,강원,147
2025-12,민간,민간분양,충북,137
2025-12,민간,민간분양,충남,1,757
2025-12,민간,민간분양,전북,162
2025-12,민간,민간분양,전남,1,502
2025-12,민간,민간분양,경북,534
2025-12,민간,민간분양,경남,1,414
2025-12,민간,민간분양,제주,90
2026-01 p),총계,총계,전국,11,314
2026-01 p),총계,총계,서울,741
2026-01 p),총계,총계,인천,207
2026-01 p),총계,총계,경기,6,581
2026-01 p),총계,총계,부산,554
2026-01 p),총계,총계,대구,9
2026-01 p),총계,총계,광주,165
2026-01 p),총계,총계,대전,143
2026-01 p),총계,총계,울산,18
2026-01 p),총계,총계,세종,50
2026-01 p),총계,총계,강원,97
2026-01 p),총계,총계,충북,35
2026-01 p),총계,총계,충남,995
2026-01 p),총계,총계,전북,613
2026-01 p),총계,총계,전남,354
2026-01 p),총계,총계,경북,526
2026-01 p),총계,총계,경남,152
2026-01 p),총계,총계,제주,74
2026-01 p),공공부문,소계,전국,265
2026-01 p),공공부문,소계,서울,186
2026-01 p),공공부문,소계,인천,0
2026-01 p),공공부문,소계,경기,79
2026-01 p),공공부문,소계,부산,0
2026-01 p),공공부문,소계,대구,0
2026-01 p),공공부문,소계,광주,0
2026-01 p),공공부문,소계,대전,0
2026-01 p),공공부문,소계,울산,0
2026-01 p),공공부문,소계,세종,0
2026-01 p),공공부문,소계,강원,0
2026-01 p),공공부문,소계,충북,0
2026-01 p),공공부문,소계,충남,0
2026-01 p),공공부문,소계,전북,0
2026-01 p),공공부문,소계,전남,0
2026-01 p),공공부문,소계,경북,0
2026-01 p),공공부문,소계,경남,0
2026-01 p),공공부문,소계,제주,0
2026-01 p),합,국민임대,전국,0
2026-01 p),합,국민임대,서울,0
2026-01 p),합,국민임대,인천,0
2026-01 p),합,국민임대,경기,0
2026-01 p),합,국민임대,부산,0
2026-01 p),합,국민임대,대구,0
2026-01 p),합,국민임대,광주,0
2026-01 p),합,국민임대,대전,0
2026-01 p),합,국민임대,울산,0
2026-01 p),합,국민임대,세종,0
2026-01 p),합,국민임대,강원,0
2026-01 p),합,국민임대,충북,0
2026-01 p),합,국민임대,충남,0
2026-01 p),합,국민임대,전북,0
2026-01 p),합,국민임대,전남,0
2026-01 p),합,국민임대,경북,0
2026-01 p),합,국민임대,경남,0
2026-01 p),합,국민임대,제주,0
2026-01 p),합,공공임대,전국,225
2026-01 p),합,공공임대,서울,186
2026-01 p),합,공공임대,인천,0
2026-01 p),합,공공임대,경기,39
2026-01 p),합,공공임대,부산,0
2026-01 p),합,공공임대,대구,0
2026-01 p),합,공공임대,광주,0
2026-01 p),합,공공임대,대전,0
2026-01 p),합,공공임대,울산,0
2026-01 p),합,공공임대,세종,0
2026-01 p),합,공공임대,강원,0
2026-01 p),합,공공임대,충북,0
2026-01 p),합,공공임대,충남,0
2026-01 p),합,공공임대,전북,0
2026-01 p),합,공공임대,전남,0
2026-01 p),합,공공임대,경북,0
2026-01 p),합,공공임대,경남,0
2026-01 p),합,공공임대,제주,0
2026-01 p),합,공공분양,전국,40
2026-01 p),합,공공분양,서울,0
2026-01 p),합,공공분양,인천,0
2026-01 p),합,공공분양,경기,40
2026-01 p),합,공공분양,부산,0
2026-01 p),합,공공분양,대구,0
2026-01 p),합,공공분양,광주,0
2026-01 p),합,공공분양,대전,0
2026-01 p),합,공공분양,울산,0
2026-01 p),합,공공분양,세종,0
2026-01 p),합,공공분양,강원,0
2026-01 p),합,공공분양,충북,0
2026-01 p),합,공공분양,충남,0
2026-01 p),합,공공분양,전북,0
2026-01 p),합,공공분양,전남,0
2026-01 p),합,공공분양,경북,0
2026-01 p),합,공공분양,경남,0
2026-01 p),합,공공분양,제주,0
2026-01 p),지자체,소계,전국,162
2026-01 p),지자체,소계,서울,122
2026-01 p),지자체,소계,인천,0
2026-01 p),지자체,소계,경기,40
2026-01 p),지자체,소계,부산,0
2026-01 p),지자체,소계,대구,0
2026-01 p),지자체,소계,광주,0
2026-01 p),지자체,소계,대전,0
2026-01 p),지자체,소계,울산,0
2026-01 p),지자체,소계,세종,0
2026-01 p),지자체,소계,강원,0
2026-01 p),지자체,소계,충북,0
2026-01 p),지자체,소계,충남,0
2026-01 p),지자체,소계,전북,0
2026-01 p),지자체,소계,전남,0
2026-01 p),지자체,소계,경북,0
2026-01 p),지자체,소계,경남,0
2026-01 p),지자체,소계,제주,0
2026-01 p),지자체,국민임대,전국,0
2026-01 p),지자체,국민임대,서울,0
2026-01 p),지자체,국민임대,인천,0
2026-01 p),지자체,국민임대,경기,0
2026-01 p),지자체,국민임대,부산,0
2026-01 p),지자체,국민임대,대구,0
2026-01 p),지자체,국민임대,광주,0
2026-01 p),지자체,국민임대,대전,0
2026-01 p),지자체,국민임대,울산,0
2026-01 p),지자체,국민임대,세종,0
2026-01 p),지자체,국민임대,강원,0
2026-01 p),지자체,국민임대,충북,0
2026-01 p),지자체,국민임대,충남,0
2026-01 p),지자체,국민임대,전북,0
2026-01 p),지자체,국민임대,전남,0
2026-01 p),지자체,국민임대,경북,0
2026-01 p),지자체,국민임대,경남,0
2026-01 p),지자체,국민임대,제주,0
2026-01 p),지자체,공공임대,전국,122
2026-01 p),지자체,공공임대,서울,122
2026-01 p),지자체,공공임대,인천,0
2026-01 p),지자체,공공임대,경기,0
2026-01 p),지자체,공공임대,부산,0
2026-01 p),지자체,공공임대,대구,0
2026-01 p),지자체,공공임대,광주,0
2026-01 p),지자체,공공임대,대전,0
2026-01 p),지자체,공공임대,울산,0
2026-01 p),지자체,공공임대,세종,0
2026-01 p),지자체,공공임대,강원,0
2026-01 p),지자체,공공임대,충북,0
2026-01 p),지자체,공공임대,충남,0
2026-01 p),지자체,공공임대,전북,0
2026-01 p),지자체,공공임대,전남,0
2026-01 p),지자체,공공임대,경북,0
2026-01 p),지자체,공공임대,경남,0
2026-01 p),지자체,공공임대,제주,0
2026-01 p),지자체,공공분양,전국,40
2026-01 p),지자체,공공분양,서울,0
2026-01 p),지자체,공공분양,인천,0
2026-01 p),지자체,공공분양,경기,40
2026-01 p),지자체,공공분양,부산,0
2026-01 p),지자체,공공분양,대구,0
2026-01 p),지자체,공공분양,광주,0
2026-01 p),지자체,공공분양,대전,0
2026-01 p),지자체,공공분양,울산,0
2026-01 p),지자체,공공분양,세종,0
2026-01 p),지자체,공공분양,강원,0
2026-01 p),지자체,공공분양,충북,0
2026-01 p),지자체,공공분양,충남,0
2026-01 p),지자체,공공분양,전북,0
2026-01 p),지자체,공공분양,전남,0
2026-01 p),지자체,공공분양,경북,0
2026-01 p),지자체,공공분양,경남,0
2026-01 p),지자체,공공분양,제주,0
2026-01 p),LH,소계,전국,0
2026-01 p),LH,소계,서울,0
2026-01 p),LH,소계,인천,0
2026-01 p),LH,소계,경기,0
2026-01 p),LH,소계,부산,0
2026-01 p),LH,소계,대구,0
2026-01 p),LH,소계,광주,0
2026-01 p),LH,소계,대전,0
2026-01 p),LH,소계,울산,0
2026-01 p),LH,소계,세종,0
2026-01 p),LH,소계,강원,0
2026-01 p),LH,소계,충북,0
2026-01 p),LH,소계,충남,0
2026-01 p),LH,소계,전북,0
2026-01 p),LH,소계,전남,0
2026-01 p),LH,소계,경북,0
2026-01 p),LH,소계,경남,0
2026-01 p),LH,소계,제주,0
2026-01 p),LH,국민임대,전국,0
2026-01 p),LH,국민임대,서울,0
2026-01 p),LH,국민임대,인천,0
2026-01 p),LH,국민임대,경기,0
2026-01 p),LH,국민임대,부산,0
2026-01 p),LH,국민임대,대구,0
2026-01 p),LH,국민임대,광주,0
2026-01 p),LH,국민임대,대전,0
2026-01 p),LH,국민임대,울산,0
2026-01 p),LH,국민임대,세종,0
2026-01 p),LH,국민임대,강원,0
2026-01 p),LH,국민임대,충북,0
2026-01 p),LH,국민임대,충남,0
2026-01 p),LH,국민임대,전북,0
2026-01 p),LH,국민임대,전남,0
2026-01 p),LH,국민임대,경북,0
2026-01 p),LH,국민임대,경남,0
2026-01 p),LH,국민임대,제주,0
2026-01 p),LH,공공임대,전국,0
2026-01 p),LH,공공임대,서울,0
2026-01 p),LH,공공임대,인천,0
2026-01 p),LH,공공임대,경기,0
2026-01 p),LH,공공임대,부산,0
2026-01 p),LH,공공임대,대구,0
2026-01 p),LH,공공임대,광주,0
2026-01 p),LH,공공임대,대전,0
2026-01 p),LH,공공임대,울산,0
2026-01 p),LH,공공임대,세종,0
2026-01 p),LH,공공임대,강원,0
2026-01 p),LH,공공임대,충북,0
2026-01 p),LH,공공임대,충남,0
2026-01 p),LH,공공임대,전북,0
2026-01 p),LH,공공임대,전남,0
2026-01 p),LH,공공임대,경북,0
2026-01 p),LH,공공임대,경남,0
2026-01 p),LH,공공임대,제주,0
2026-01 p),LH,공공분양,전국,0
2026-01 p),LH,공공분양,서울,0
2026-01 p),LH,공공분양,인천,0
2026-01 p),LH,공공분양,경기,0
2026-01 p),LH,공공분양,부산,0
2026-01 p),LH,공공분양,대구,0
2026-01 p),LH,공공분양,광주,0
2026-01 p),LH,공공분양,대전,0
2026-01 p),LH,공공분양,울산,0
2026-01 p),LH,공공분양,세종,0
2026-01 p),LH,공공분양,강원,0
2026-01 p),LH,공공분양,충북,0
2026-01 p),LH,공공분양,충남,0
2026-01 p),LH,공공분양,전북,0
2026-01 p),LH,공공분양,전남,0
2026-01 p),LH,공공분양,경북,0
2026-01 p),LH,공공분양,경남,0
2026-01 p),LH,공공분양,제주,0
2026-01 p),주택업체,소계,전국,103
2026-01 p),주택업체,소계,서울,64
2026-01 p),주택업체,소계,인천,0
2026-01 p),주택업체,소계,경기,39
2026-01 p),주택업체,소계,부산,0
2026-01 p),주택업체,소계,대구,0
2026-01 p),주택업체,소계,광주,0
2026-01 p),주택업체,소계,대전,0
2026-01 p),주택업체,소계,울산,0
2026-01 p),주택업체,소계,세종,0
2026-01 p),주택업체,소계,강원,0
2026-01 p),주택업체,소계,충북,0
2026-01 p),주택업체,소계,충남,0
2026-01 p),주택업체,소계,전북,0
2026-01 p),주택업체,소계,전남,0
2026-01 p),주택업체,소계,경북,0
2026-01 p),주택업체,소계,경남,0
2026-01 p),주택업체,소계,제주,0
2026-01 p),주택업체,국민임대,전국,0
2026-01 p),주택업체,국민임대,서울,0
2026-01 p),주택업체,국민임대,인천,0
2026-01 p),주택업체,국민임대,경기,0
2026-01 p),주택업체,국민임대,부산,0
2026-01 p),주택업체,국민임대,대구,0
2026-01 p),주택업체,국민임대,광주,0
2026-01 p),주택업체,국민임대,대전,0
2026-01 p),주택업체,국민임대,울산,0
2026-01 p),주택업체,국민임대,세종,0
2026-01 p),주택업체,국민임대,강원,0
2026-01 p),주택업체,국민임대,충북,0
2026-01 p),주택업체,국민임대,충남,0
2026-01 p),주택업체,국민임대,전북,0
2026-01 p),주택업체,국민임대,전남,0
2026-01 p),주택업체,국민임대,경북,0
2026-01 p),주택업체,국민임대,경남,0
2026-01 p),주택업체,국민임대,제주,0
2026-01 p),주택업체,공공임대,전국,103
2026-01 p),주택업체,공공임대,서울,64
2026-01 p),주택업체,공공임대,인천,0
2026-01 p),주택업체,공공임대,경기,39
2026-01 p),주택업체,공공임대,부산,0
2026-01 p),주택업체,공공임대,대구,0
2026-01 p),주택업체,공공임대,광주,0
2026-01 p),주택업체,공공임대,대전,0
2026-01 p),주택업체,공공임대,울산,0
2026-01 p),주택업체,공공임대,세종,0
2026-01 p),주택업체,공공임대,강원,0
2026-01 p),주택업체,공공임대,충북,0
2026-01 p),주택업체,공공임대,충남,0
2026-01 p),주택업체,공공임대,전북,0
2026-01 p),주택업체,공공임대,전남,0
2026-01 p),주택업체,공공임대,경북,0
2026-01 p),주택업체,공공임대,경남,0
2026-01 p),주택업체,공공임대,제주,0
2026-01 p),주택업체,공공분양,전국,0
2026-01 p),주택업체,공공분양,서울,0
2026-01 p),주택업체,공공분양,인천,0
2026-01 p),주택업체,공공분양,경기,0
2026-01 p),주택업체,공공분양,부산,0
2026-01 p),주택업체,공공분양,대구,0
2026-01 p),주택업체,공공분양,광주,0
2026-01 p),주택업체,공공분양,대전,0
2026-01 p),주택업체,공공분양,울산,0
2026-01 p),주택업체,공공분양,세종,0
2026-01 p),주택업체,공공분양,강원,0
2026-01 p),주택업체,공공분양,충북,0
2026-01 p),주택업체,공공분양,충남,0
2026-01 p),주택업체,공공분양,전북,0
2026-01 p),주택업체,공공분양,전남,0
2026-01 p),주택업체,공공분양,경북,0
2026-01 p),주택업체,공공분양,경남,0
2026-01 p),주택업체,공공분양,제주,0
2026-01 p),민간부문,소계,전국,11,049
2026-01 p),민간부문,소계,서울,555
2026-01 p),민간부문,소계,인천,207
2026-01 p),민간부문,소계,경기,6,502
2026-01 p),민간부문,소계,부산,554
2026-01 p),민간부문,소계,대구,9
2026-01 p),민간부문,소계,광주,165
2026-01 p),민간부문,소계,대전,143
2026-01 p),민간부문,소계,울산,18
2026-01 p),민간부문,소계,세종,50
2026-01 p),민간부문,소계,강원,97
2026-01 p),민간부문,소계,충북,35
2026-01 p),민간부문,소계,충남,995
2026-01 p),민간부문,소계,전북,613
2026-01 p),민간부문,소계,전남,354
2026-01 p),민간부문,소계,경북,526
2026-01 p),민간부문,소계,경남,152
2026-01 p),민간부문,소계,제주,74
2026-01 p),민간,민간임대,전국,1,335
2026-01 p),민간,민간임대,서울,34
2026-01 p),민간,민간임대,인천,0
2026-01 p),민간,민간임대,경기,890
2026-01 p),민간,민간임대,부산,0
2026-01 p),민간,민간임대,대구,0
2026-01 p),민간,민간임대,광주,162
2026-01 p),민간,민간임대,대전,0
2026-01 p),민간,민간임대,울산,0
2026-01 p),민간,민간임대,세종,0
2026-01 p),민간,민간임대,강원,0
2026-01 p),민간,민간임대,충북,0
2026-01 p),민간,민간임대,충남,0
2026-01 p),민간,민간임대,전북,0
2026-01 p),민간,민간임대,전남,249
2026-01 p),민간,민간임대,경북,0
2026-01 p),민간,민간임대,경남,0
2026-01 p),민간,민간임대,제주,0
2026-01 p),민간,민간분양,전국,9,714
2026-01 p),민간,민간분양,서울,521
2026-01 p),민간,민간분양,인천,207
2026-01 p),민간,민간분양,경기,5,612
2026-01 p),민간,민간분양,부산,554
2026-01 p),민간,민간분양,대구,9
2026-01 p),민간,민간분양,광주,3
2026-01 p),민간,민간분양,대전,143
2026-01 p),민간,민간분양,울산,18
2026-01 p),민간,민간분양,세종,50
2026-01 p),민간,민간분양,강원,97
2026-01 p),민간,민간분양,충북,35
2026-01 p),민간,민간분양,충남,995
2026-01 p),민간,민간분양,전북,613
2026-01 p),민간,민간분양,전남,105
2026-01 p),민간,민간분양,경북,526
2026-01 p),민간,민간분양,경남,152
2026-01 p),민간,민간분양,제주,74
2026-02 p),총계,총계,전국,14,795
2026-02 p),총계,총계,서울,3,031
2026-02 p),총계,총계,인천,368
2026-02 p),총계,총계,경기,2,995
2026-02 p),총계,총계,부산,2,671
2026-02 p),총계,총계,대구,627
2026-02 p),총계,총계,광주,5
2026-02 p),총계,총계,대전,5
2026-02 p),총계,총계,울산,661
2026-02 p),총계,총계,세종,11
2026-02 p),총계,총계,강원,334
2026-02 p),총계,총계,충북,166
2026-02 p),총계,총계,충남,2,334
2026-02 p),총계,총계,전북,53
2026-02 p),총계,총계,전남,101
2026-02 p),총계,총계,경북,929
2026-02 p),총계,총계,경남,170
2026-02 p),총계,총계,제주,334
2026-02 p),공공부문,소계,전국,532
2026-02 p),공공부문,소계,서울,171
2026-02 p),공공부문,소계,인천,0
2026-02 p),공공부문,소계,경기,43
2026-02 p),공공부문,소계,부산,0
2026-02 p),공공부문,소계,대구,0
2026-02 p),공공부문,소계,광주,0
2026-02 p),공공부문,소계,대전,0
2026-02 p),공공부문,소계,울산,0
2026-02 p),공공부문,소계,세종,0
2026-02 p),공공부문,소계,강원,0
2026-02 p),공공부문,소계,충북,0
2026-02 p),공공부문,소계,충남,318
2026-02 p),공공부문,소계,전북,0
2026-02 p),공공부문,소계,전남,0
2026-02 p),공공부문,소계,경북,0
2026-02 p),공공부문,소계,경남,0
2026-02 p),공공부문,소계,제주,0
2026-02 p),합,국민임대,전국,0
2026-02 p),합,국민임대,서울,0
2026-02 p),합,국민임대,인천,0
2026-02 p),합,국민임대,경기,0
2026-02 p),합,국민임대,부산,0
2026-02 p),합,국민임대,대구,0
2026-02 p),합,국민임대,광주,0
2026-02 p),합,국민임대,대전,0
2026-02 p),합,국민임대,울산,0
2026-02 p),합,국민임대,세종,0
2026-02 p),합,국민임대,강원,0
2026-02 p),합,국민임대,충북,0
2026-02 p),합,국민임대,충남,0
2026-02 p),합,국민임대,전북,0
2026-02 p),합,국민임대,전남,0
2026-02 p),합,국민임대,경북,0
2026-02 p),합,국민임대,경남,0
2026-02 p),합,국민임대,제주,0
2026-02 p),합,공공임대,전국,532
2026-02 p),합,공공임대,서울,171
2026-02 p),합,공공임대,인천,0
2026-02 p),합,공공임대,경기,43
2026-02 p),합,공공임대,부산,0
2026-02 p),합,공공임대,대구,0
2026-02 p),합,공공임대,광주,0
2026-02 p),합,공공임대,대전,0
2026-02 p),합,공공임대,울산,0
2026-02 p),합,공공임대,세종,0
2026-02 p),합,공공임대,강원,0
2026-02 p),합,공공임대,충북,0
2026-02 p),합,공공임대,충남,318
2026-02 p),합,공공임대,전북,0
2026-02 p),합,공공임대,전남,0
2026-02 p),합,공공임대,경북,0
2026-02 p),합,공공임대,경남,0
2026-02 p),합,공공임대,제주,0
2026-02 p),합,공공분양,전국,0
2026-02 p),합,공공분양,서울,0
2026-02 p),합,공공분양,인천,0
2026-02 p),합,공공분양,경기,0
2026-02 p),합,공공분양,부산,0
2026-02 p),합,공공분양,대구,0
2026-02 p),합,공공분양,광주,0
2026-02 p),합,공공분양,대전,0
2026-02 p),합,공공분양,울산,0
2026-02 p),합,공공분양,세종,0
2026-02 p),합,공공분양,강원,0
2026-02 p),합,공공분양,충북,0
2026-02 p),합,공공분양,충남,0
2026-02 p),합,공공분양,전북,0
2026-02 p),합,공공분양,전남,0
2026-02 p),합,공공분양,경북,0
2026-02 p),합,공공분양,경남,0
2026-02 p),합,공공분양,제주,0
2026-02 p),지자체,소계,전국,0
2026-02 p),지자체,소계,서울,0
2026-02 p),지자체,소계,인천,0
2026-02 p),지자체,소계,경기,0
2026-02 p),지자체,소계,부산,0
2026-02 p),지자체,소계,대구,0
2026-02 p),지자체,소계,광주,0
2026-02 p),지자체,소계,대전,0
2026-02 p),지자체,소계,울산,0
2026-02 p),지자체,소계,세종,0
2026-02 p),지자체,소계,강원,0
2026-02 p),지자체,소계,충북,0
2026-02 p),지자체,소계,충남,0
2026-02 p),지자체,소계,전북,0
2026-02 p),지자체,소계,전남,0
2026-02 p),지자체,소계,경북,0
2026-02 p),지자체,소계,경남,0
2026-02 p),지자체,소계,제주,0
2026-02 p),지자체,국민임대,전국,0
2026-02 p),지자체,국민임대,서울,0
2026-02 p),지자체,국민임대,인천,0
2026-02 p),지자체,국민임대,경기,0
2026-02 p),지자체,국민임대,부산,0
2026-02 p),지자체,국민임대,대구,0
2026-02 p),지자체,국민임대,광주,0
2026-02 p),지자체,국민임대,대전,0
2026-02 p),지자체,국민임대,울산,0
2026-02 p),지자체,국민임대,세종,0
2026-02 p),지자체,국민임대,강원,0
2026-02 p),지자체,국민임대,충북,0
2026-02 p),지자체,국민임대,충남,0
2026-02 p),지자체,국민임대,전북,0
2026-02 p),지자체,국민임대,전남,0
2026-02 p),지자체,국민임대,경북,0
2026-02 p),지자체,국민임대,경남,0
2026-02 p),지자체,국민임대,제주,0
2026-02 p),지자체,공공임대,전국,0
2026-02 p),지자체,공공임대,서울,0
2026-02 p),지자체,공공임대,인천,0
2026-02 p),지자체,공공임대,경기,0
2026-02 p),지자체,공공임대,부산,0
2026-02 p),지자체,공공임대,대구,0
2026-02 p),지자체,공공임대,광주,0
2026-02 p),지자체,공공임대,대전,0
2026-02 p),지자체,공공임대,울산,0
2026-02 p),지자체,공공임대,세종,0
2026-02 p),지자체,공공임대,강원,0
2026-02 p),지자체,공공임대,충북,0
2026-02 p),지자체,공공임대,충남,0
2026-02 p),지자체,공공임대,전북,0
2026-02 p),지자체,공공임대,전남,0
2026-02 p),지자체,공공임대,경북,0
2026-02 p),지자체,공공임대,경남,0
2026-02 p),지자체,공공임대,제주,0
2026-02 p),지자체,공공분양,전국,0
2026-02 p),지자체,공공분양,서울,0
2026-02 p),지자체,공공분양,인천,0
2026-02 p),지자체,공공분양,경기,0
2026-02 p),지자체,공공분양,부산,0
2026-02 p),지자체,공공분양,대구,0
2026-02 p),지자체,공공분양,광주,0
2026-02 p),지자체,공공분양,대전,0
2026-02 p),지자체,공공분양,울산,0
2026-02 p),지자체,공공분양,세종,0
2026-02 p),지자체,공공분양,강원,0
2026-02 p),지자체,공공분양,충북,0
2026-02 p),지자체,공공분양,충남,0
2026-02 p),지자체,공공분양,전북,0
2026-02 p),지자체,공공분양,전남,0
2026-02 p),지자체,공공분양,경북,0
2026-02 p),지자체,공공분양,경남,0
2026-02 p),지자체,공공분양,제주,0
2026-02 p),LH,소계,전국,318
2026-02 p),LH,소계,서울,0
2026-02 p),LH,소계,인천,0
2026-02 p),LH,소계,경기,0
2026-02 p),LH,소계,부산,0
2026-02 p),LH,소계,대구,0
2026-02 p),LH,소계,광주,0
2026-02 p),LH,소계,대전,0
2026-02 p),LH,소계,울산,0
2026-02 p),LH,소계,세종,0
2026-02 p),LH,소계,강원,0
2026-02 p),LH,소계,충북,0
2026-02 p),LH,소계,충남,318
2026-02 p),LH,소계,전북,0
2026-02 p),LH,소계,전남,0
2026-02 p),LH,소계,경북,0
2026-02 p),LH,소계,경남,0
2026-02 p),LH,소계,제주,0
2026-02 p),LH,국민임대,전국,0
2026-02 p),LH,국민임대,서울,0
2026-02 p),LH,국민임대,인천,0
2026-02 p),LH,국민임대,경기,0
2026-02 p),LH,국민임대,부산,0
2026-02 p),LH,국민임대,대구,0
2026-02 p),LH,국민임대,광주,0
2026-02 p),LH,국민임대,대전,0
2026-02 p),LH,국민임대,울산,0
2026-02 p),LH,국민임대,세종,0
2026-02 p),LH,국민임대,강원,0
2026-02 p),LH,국민임대,충북,0
2026-02 p),LH,국민임대,충남,0
2026-02 p),LH,국민임대,전북,0
2026-02 p),LH,국민임대,전남,0
2026-02 p),LH,국민임대,경북,0
2026-02 p),LH,국민임대,경남,0
2026-02 p),LH,국민임대,제주,0
2026-02 p),LH,공공임대,전국,318
2026-02 p),LH,공공임대,서울,0
2026-02 p),LH,공공임대,인천,0
2026-02 p),LH,공공임대,경기,0
2026-02 p),LH,공공임대,부산,0
2026-02 p),LH,공공임대,대구,0
2026-02 p),LH,공공임대,광주,0
2026-02 p),LH,공공임대,대전,0
2026-02 p),LH,공공임대,울산,0
2026-02 p),LH,공공임대,세종,0
2026-02 p),LH,공공임대,강원,0
2026-02 p),LH,공공임대,충북,0
2026-02 p),LH,공공임대,충남,318
2026-02 p),LH,공공임대,전북,0
2026-02 p),LH,공공임대,전남,0
2026-02 p),LH,공공임대,경북,0
2026-02 p),LH,공공임대,경남,0
2026-02 p),LH,공공임대,제주,0
2026-02 p),LH,공공분양,전국,0
2026-02 p),LH,공공분양,서울,0
2026-02 p),LH,공공분양,인천,0
2026-02 p),LH,공공분양,경기,0
2026-02 p),LH,공공분양,부산,0
2026-02 p),LH,공공분양,대구,0
2026-02 p),LH,공공분양,광주,0
2026-02 p),LH,공공분양,대전,0
2026-02 p),LH,공공분양,울산,0
2026-02 p),LH,공공분양,세종,0
2026-02 p),LH,공공분양,강원,0
2026-02 p),LH,공공분양,충북,0
2026-02 p),LH,공공분양,충남,0
2026-02 p),LH,공공분양,전북,0
2026-02 p),LH,공공분양,전남,0
2026-02 p),LH,공공분양,경북,0
2026-02 p),LH,공공분양,경남,0
2026-02 p),LH,공공분양,제주,0
2026-02 p),주택업체,소계,전국,214
2026-02 p),주택업체,소계,서울,171
2026-02 p),주택업체,소계,인천,0
2026-02 p),주택업체,소계,경기,43
2026-02 p),주택업체,소계,부산,0
2026-02 p),주택업체,소계,대구,0
2026-02 p),주택업체,소계,광주,0
2026-02 p),주택업체,소계,대전,0
2026-02 p),주택업체,소계,울산,0
2026-02 p),주택업체,소계,세종,0
2026-02 p),주택업체,소계,강원,0
2026-02 p),주택업체,소계,충북,0
2026-02 p),주택업체,소계,충남,0
2026-02 p),주택업체,소계,전북,0
2026-02 p),주택업체,소계,전남,0
2026-02 p),주택업체,소계,경북,0
2026-02 p),주택업체,소계,경남,0
2026-02 p),주택업체,소계,제주,0
2026-02 p),주택업체,국민임대,전국,0
2026-02 p),주택업체,국민임대,서울,0
2026-02 p),주택업체,국민임대,인천,0
2026-02 p),주택업체,국민임대,경기,0
2026-02 p),주택업체,국민임대,부산,0
2026-02 p),주택업체,국민임대,대구,0
2026-02 p),주택업체,국민임대,광주,0
2026-02 p),주택업체,국민임대,대전,0
2026-02 p),주택업체,국민임대,울산,0
2026-02 p),주택업체,국민임대,세종,0
2026-02 p),주택업체,국민임대,강원,0
2026-02 p),주택업체,국민임대,충북,0
2026-02 p),주택업체,국민임대,충남,0
2026-02 p),주택업체,국민임대,전북,0
2026-02 p),주택업체,국민임대,전남,0
2026-02 p),주택업체,국민임대,경북,0
2026-02 p),주택업체,국민임대,경남,0
2026-02 p),주택업체,국민임대,제주,0
2026-02 p),주택업체,공공임대,전국,214
2026-02 p),주택업체,공공임대,서울,171
2026-02 p),주택업체,공공임대,인천,0
2026-02 p),주택업체,공공임대,경기,43
2026-02 p),주택업체,공공임대,부산,0
2026-02 p),주택업체,공공임대,대구,0
2026-02 p),주택업체,공공임대,광주,0
2026-02 p),주택업체,공공임대,대전,0
2026-02 p),주택업체,공공임대,울산,0
2026-02 p),주택업체,공공임대,세종,0
2026-02 p),주택업체,공공임대,강원,0
2026-02 p),주택업체,공공임대,충북,0
2026-02 p),주택업체,공공임대,충남,0
2026-02 p),주택업체,공공임대,전북,0
2026-02 p),주택업체,공공임대,전남,0
2026-02 p),주택업체,공공임대,경북,0
2026-02 p),주택업체,공공임대,경남,0
2026-02 p),주택업체,공공임대,제주,0
2026-02 p),주택업체,공공분양,전국,0
2026-02 p),주택업체,공공분양,서울,0
2026-02 p),주택업체,공공분양,인천,0
2026-02 p),주택업체,공공분양,경기,0
2026-02 p),주택업체,공공분양,부산,0
2026-02 p),주택업체,공공분양,대구,0
2026-02 p),주택업체,공공분양,광주,0
2026-02 p),주택업체,공공분양,대전,0
2026-02 p),주택업체,공공분양,울산,0
2026-02 p),주택업체,공공분양,세종,0
2026-02 p),주택업체,공공분양,강원,0
2026-02 p),주택업체,공공분양,충북,0
2026-02 p),주택업체,공공분양,충남,0
2026-02 p),주택업체,공공분양,전북,0
2026-02 p),주택업체,공공분양,전남,0
2026-02 p),주택업체,공공분양,경북,0
2026-02 p),주택업체,공공분양,경남,0
2026-02 p),주택업체,공공분양,제주,0
2026-02 p),민간부문,소계,전국,14,263
2026-02 p),민간부문,소계,서울,2,860
2026-02 p),민간부문,소계,인천,368
2026-02 p),민간부문,소계,경기,2,952
2026-02 p),민간부문,소계,부산,2,671
2026-02 p),민간부문,소계,대구,627
2026-02 p),민간부문,소계,광주,5
2026-02 p),민간부문,소계,대전,5
2026-02 p),민간부문,소계,울산,661
2026-02 p),민간부문,소계,세종,11
2026-02 p),민간부문,소계,강원,334
2026-02 p),민간부문,소계,충북,166
2026-02 p),민간부문,소계,충남,2,016
2026-02 p),민간부문,소계,전북,53
2026-02 p),민간부문,소계,전남,101
2026-02 p),민간부문,소계,경북,929
2026-02 p),민간부문,소계,경남,170
2026-02 p),민간부문,소계,제주,334
2026-02 p),민간,민간임대,전국,1,517
2026-02 p),민간,민간임대,서울,0
2026-02 p),민간,민간임대,인천,0
2026-02 p),민간,민간임대,경기,0
2026-02 p),민간,민간임대,부산,0
2026-02 p),민간,민간임대,대구,614
2026-02 p),민간,민간임대,광주,0
2026-02 p),민간,민간임대,대전,0
2026-02 p),민간,민간임대,울산,652
2026-02 p),민간,민간임대,세종,0
2026-02 p),민간,민간임대,강원,0
2026-02 p),민간,민간임대,충북,0
2026-02 p),민간,민간임대,충남,99
2026-02 p),민간,민간임대,전북,0
2026-02 p),민간,민간임대,전남,0
2026-02 p),민간,민간임대,경북,0
2026-02 p),민간,민간임대,경남,0
2026-02 p),민간,민간임대,제주,152
2026-02 p),민간,민간분양,전국,12,746
2026-02 p),민간,민간분양,서울,2,860
2026-02 p),민간,민간분양,인천,368
2026-02 p),민간,민간분양,경기,2,952
2026-02 p),민간,민간분양,부산,2,671
2026-02 p),민간,민간분양,대구,13
2026-02 p),민간,민간분양,광주,5
2026-02 p),민간,민간분양,대전,5
2026-02 p),민간,민간분양,울산,9
2026-02 p),민간,민간분양,세종,11
2026-02 p),민간,민간분양,강원,334
2026-02 p),민간,민간분양,충북,166
2026-02 p),민간,민간분양,충남,1,917
2026-02 p),민간,민간분양,전북,53
2026-02 p),민간,민간분양,전남,101
2026-02 p),민간,민간분양,경북,929
2026-02 p),민간,민간분양,경남,170
2026-02 p),민간,민간분양,제주,182
2026-03 p),총계,총계,전국,18,995
2026-03 p),총계,총계,서울,1,239
2026-03 p),총계,총계,인천,1,629
2026-03 p),총계,총계,경기,3,413
2026-03 p),총계,총계,부산,32
2026-03 p),총계,총계,대구,21
2026-03 p),총계,총계,광주,8
2026-03 p),총계,총계,대전,2,301
2026-03 p),총계,총계,울산,20
2026-03 p),총계,총계,세종,22
2026-03 p),총계,총계,강원,960
2026-03 p),총계,총계,충북,1,539
2026-03 p),총계,총계,충남,1,702
2026-03 p),총계,총계,전북,151
2026-03 p),총계,총계,전남,1,832
2026-03 p),총계,총계,경북,1,553
2026-03 p),총계,총계,경남,2,390
2026-03 p),총계,총계,제주,183
2026-03 p),공공부문,소계,전국,2,339
2026-03 p),공공부문,소계,서울,180
2026-03 p),공공부문,소계,인천,0
2026-03 p),공공부문,소계,경기,1,024
2026-03 p),공공부문,소계,부산,0
2026-03 p),공공부문,소계,대구,0
2026-03 p),공공부문,소계,광주,0
2026-03 p),공공부문,소계,대전,0
2026-03 p),공공부문,소계,울산,0
2026-03 p),공공부문,소계,세종,0
2026-03 p),공공부문,소계,강원,0
2026-03 p),공공부문,소계,충북,0
2026-03 p),공공부문,소계,충남,0
2026-03 p),공공부문,소계,전북,0
2026-03 p),공공부문,소계,전남,0
2026-03 p),공공부문,소계,경북,0
2026-03 p),공공부문,소계,경남,1,135
2026-03 p),공공부문,소계,제주,0
2026-03 p),합,국민임대,전국,8
2026-03 p),합,국민임대,서울,8
2026-03 p),합,국민임대,인천,0
2026-03 p),합,국민임대,경기,0
2026-03 p),합,국민임대,부산,0
2026-03 p),합,국민임대,대구,0
2026-03 p),합,국민임대,광주,0
2026-03 p),합,국민임대,대전,0
2026-03 p),합,국민임대,울산,0
2026-03 p),합,국민임대,세종,0
2026-03 p),합,국민임대,강원,0
2026-03 p),합,국민임대,충북,0
2026-03 p),합,국민임대,충남,0
2026-03 p),합,국민임대,전북,0
2026-03 p),합,국민임대,전남,0
2026-03 p),합,국민임대,경북,0
2026-03 p),합,국민임대,경남,0
2026-03 p),합,국민임대,제주,0
2026-03 p),합,공공임대,전국,985
2026-03 p),합,공공임대,서울,172
2026-03 p),합,공공임대,인천,0
2026-03 p),합,공공임대,경기,0
2026-03 p),합,공공임대,부산,0
2026-03 p),합,공공임대,대구,0
2026-03 p),합,공공임대,광주,0
2026-03 p),합,공공임대,대전,0
2026-03 p),합,공공임대,울산,0
2026-03 p),합,공공임대,세종,0
2026-03 p),합,공공임대,강원,0
2026-03 p),합,공공임대,충북,0
2026-03 p),합,공공임대,충남,0
2026-03 p),합,공공임대,전북,0
2026-03 p),합,공공임대,전남,0
2026-03 p),합,공공임대,경북,0
2026-03 p),합,공공임대,경남,813
2026-03 p),합,공공임대,제주,0
2026-03 p),합,공공분양,전국,1,346
2026-03 p),합,공공분양,서울,0
2026-03 p),합,공공분양,인천,0
2026-03 p),합,공공분양,경기,1,024
2026-03 p),합,공공분양,부산,0
2026-03 p),합,공공분양,대구,0
2026-03 p),합,공공분양,광주,0
2026-03 p),합,공공분양,대전,0
2026-03 p),합,공공분양,울산,0
2026-03 p),합,공공분양,세종,0
2026-03 p),합,공공분양,강원,0
2026-03 p),합,공공분양,충북,0
2026-03 p),합,공공분양,충남,0
2026-03 p),합,공공분양,전북,0
2026-03 p),합,공공분양,전남,0
2026-03 p),합,공공분양,경북,0
2026-03 p),합,공공분양,경남,322
2026-03 p),합,공공분양,제주,0
2026-03 p),지자체,소계,전국,122
2026-03 p),지자체,소계,서울,53
2026-03 p),지자체,소계,인천,0
2026-03 p),지자체,소계,경기,0
2026-03 p),지자체,소계,부산,0
2026-03 p),지자체,소계,대구,0
2026-03 p),지자체,소계,광주,0
2026-03 p),지자체,소계,대전,0
2026-03 p),지자체,소계,울산,0
2026-03 p),지자체,소계,세종,0
2026-03 p),지자체,소계,강원,0
2026-03 p),지자체,소계,충북,0
2026-03 p),지자체,소계,충남,0
2026-03 p),지자체,소계,전북,0
2026-03 p),지자체,소계,전남,0
2026-03 p),지자체,소계,경북,0
2026-03 p),지자체,소계,경남,69
2026-03 p),지자체,소계,제주,0
2026-03 p),지자체,국민임대,전국,8
2026-03 p),지자체,국민임대,서울,8
2026-03 p),지자체,국민임대,인천,0
2026-03 p),지자체,국민임대,경기,0
2026-03 p),지자체,국민임대,부산,0
2026-03 p),지자체,국민임대,대구,0
2026-03 p),지자체,국민임대,광주,0
2026-03 p),지자체,국민임대,대전,0
2026-03 p),지자체,국민임대,울산,0
2026-03 p),지자체,국민임대,세종,0
2026-03 p),지자체,국민임대,강원,0
2026-03 p),지자체,국민임대,충북,0
2026-03 p),지자체,국민임대,충남,0
2026-03 p),지자체,국민임대,전북,0
2026-03 p),지자체,국민임대,전남,0
2026-03 p),지자체,국민임대,경북,0
2026-03 p),지자체,국민임대,경남,0
2026-03 p),지자체,국민임대,제주,0
2026-03 p),지자체,공공임대,전국,114
2026-03 p),지자체,공공임대,서울,45
2026-03 p),지자체,공공임대,인천,0
2026-03 p),지자체,공공임대,경기,0
2026-03 p),지자체,공공임대,부산,0
2026-03 p),지자체,공공임대,대구,0
2026-03 p),지자체,공공임대,광주,0
2026-03 p),지자체,공공임대,대전,0
2026-03 p),지자체,공공임대,울산,0
2026-03 p),지자체,공공임대,세종,0
2026-03 p),지자체,공공임대,강원,0
2026-03 p),지자체,공공임대,충북,0
2026-03 p),지자체,공공임대,충남,0
2026-03 p),지자체,공공임대,전북,0
2026-03 p),지자체,공공임대,전남,0
2026-03 p),지자체,공공임대,경북,0
2026-03 p),지자체,공공임대,경남,69
2026-03 p),지자체,공공임대,제주,0
2026-03 p),지자체,공공분양,전국,0
2026-03 p),지자체,공공분양,서울,0
2026-03 p),지자체,공공분양,인천,0
2026-03 p),지자체,공공분양,경기,0
2026-03 p),지자체,공공분양,부산,0
2026-03 p),지자체,공공분양,대구,0
2026-03 p),지자체,공공분양,광주,0
2026-03 p),지자체,공공분양,대전,0
2026-03 p),지자체,공공분양,울산,0
2026-03 p),지자체,공공분양,세종,0
2026-03 p),지자체,공공분양,강원,0
2026-03 p),지자체,공공분양,충북,0
2026-03 p),지자체,공공분양,충남,0
2026-03 p),지자체,공공분양,전북,0
2026-03 p),지자체,공공분양,전남,0
2026-03 p),지자체,공공분양,경북,0
2026-03 p),지자체,공공분양,경남,0
2026-03 p),지자체,공공분양,제주,0
2026-03 p),LH,소계,전국,2,090
2026-03 p),LH,소계,서울,0
2026-03 p),LH,소계,인천,0
2026-03 p),LH,소계,경기,1,024
2026-03 p),LH,소계,부산,0
2026-03 p),LH,소계,대구,0
2026-03 p),LH,소계,광주,0
2026-03 p),LH,소계,대전,0
2026-03 p),LH,소계,울산,0
2026-03 p),LH,소계,세종,0
2026-03 p),LH,소계,강원,0
2026-03 p),LH,소계,충북,0
2026-03 p),LH,소계,충남,0
2026-03 p),LH,소계,전북,0
2026-03 p),LH,소계,전남,0
2026-03 p),LH,소계,경북,0
2026-03 p),LH,소계,경남,1,066
2026-03 p),LH,소계,제주,0
2026-03 p),LH,국민임대,전국,0
2026-03 p),LH,국민임대,서울,0
2026-03 p),LH,국민임대,인천,0
2026-03 p),LH,국민임대,경기,0
2026-03 p),LH,국민임대,부산,0
2026-03 p),LH,국민임대,대구,0
2026-03 p),LH,국민임대,광주,0
2026-03 p),LH,국민임대,대전,0
2026-03 p),LH,국민임대,울산,0
2026-03 p),LH,국민임대,세종,0
2026-03 p),LH,국민임대,강원,0
2026-03 p),LH,국민임대,충북,0
2026-03 p),LH,국민임대,충남,0
2026-03 p),LH,국민임대,전북,0
2026-03 p),LH,국민임대,전남,0
2026-03 p),LH,국민임대,경북,0
2026-03 p),LH,국민임대,경남,0
2026-03 p),LH,국민임대,제주,0
2026-03 p),LH,공공임대,전국,744
2026-03 p),LH,공공임대,서울,0
2026-03 p),LH,공공임대,인천,0
2026-03 p),LH,공공임대,경기,0
2026-03 p),LH,공공임대,부산,0
2026-03 p),LH,공공임대,대구,0
2026-03 p),LH,공공임대,광주,0
2026-03 p),LH,공공임대,대전,0
2026-03 p),LH,공공임대,울산,0
2026-03 p),LH,공공임대,세종,0
2026-03 p),LH,공공임대,강원,0
2026-03 p),LH,공공임대,충북,0
2026-03 p),LH,공공임대,충남,0
2026-03 p),LH,공공임대,전북,0
2026-03 p),LH,공공임대,전남,0
2026-03 p),LH,공공임대,경북,0
2026-03 p),LH,공공임대,경남,744
2026-03 p),LH,공공임대,제주,0
2026-03 p),LH,공공분양,전국,1,346
2026-03 p),LH,공공분양,서울,0
2026-03 p),LH,공공분양,인천,0
2026-03 p),LH,공공분양,경기,1,024
2026-03 p),LH,공공분양,부산,0
2026-03 p),LH,공공분양,대구,0
2026-03 p),LH,공공분양,광주,0
2026-03 p),LH,공공분양,대전,0
2026-03 p),LH,공공분양,울산,0
2026-03 p),LH,공공분양,세종,0
2026-03 p),LH,공공분양,강원,0
2026-03 p),LH,공공분양,충북,0
2026-03 p),LH,공공분양,충남,0
2026-03 p),LH,공공분양,전북,0
2026-03 p),LH,공공분양,전남,0
2026-03 p),LH,공공분양,경북,0
2026-03 p),LH,공공분양,경남,322
2026-03 p),LH,공공분양,제주,0
2026-03 p),주택업체,소계,전국,127
2026-03 p),주택업체,소계,서울,127
2026-03 p),주택업체,소계,인천,0
2026-03 p),주택업체,소계,경기,0
2026-03 p),주택업체,소계,부산,0
2026-03 p),주택업체,소계,대구,0
2026-03 p),주택업체,소계,광주,0
2026-03 p),주택업체,소계,대전,0
2026-03 p),주택업체,소계,울산,0
2026-03 p),주택업체,소계,세종,0
2026-03 p),주택업체,소계,강원,0
2026-03 p),주택업체,소계,충북,0
2026-03 p),주택업체,소계,충남,0
2026-03 p),주택업체,소계,전북,0
2026-03 p),주택업체,소계,전남,0
2026-03 p),주택업체,소계,경북,0
2026-03 p),주택업체,소계,경남,0
2026-03 p),주택업체,소계,제주,0
2026-03 p),주택업체,국민임대,전국,0
2026-03 p),주택업체,국민임대,서울,0
2026-03 p),주택업체,국민임대,인천,0
2026-03 p),주택업체,국민임대,경기,0
2026-03 p),주택업체,국민임대,부산,0
2026-03 p),주택업체,국민임대,대구,0
2026-03 p),주택업체,국민임대,광주,0
2026-03 p),주택업체,국민임대,대전,0
2026-03 p),주택업체,국민임대,울산,0
2026-03 p),주택업체,국민임대,세종,0
2026-03 p),주택업체,국민임대,강원,0
2026-03 p),주택업체,국민임대,충북,0
2026-03 p),주택업체,국민임대,충남,0
2026-03 p),주택업체,국민임대,전북,0
2026-03 p),주택업체,국민임대,전남,0
2026-03 p),주택업체,국민임대,경북,0
2026-03 p),주택업체,국민임대,경남,0
2026-03 p),주택업체,국민임대,제주,0
2026-03 p),주택업체,공공임대,전국,127
2026-03 p),주택업체,공공임대,서울,127
2026-03 p),주택업체,공공임대,인천,0
2026-03 p),주택업체,공공임대,경기,0
2026-03 p),주택업체,공공임대,부산,0
2026-03 p),주택업체,공공임대,대구,0
2026-03 p),주택업체,공공임대,광주,0
2026-03 p),주택업체,공공임대,대전,0
2026-03 p),주택업체,공공임대,울산,0
2026-03 p),주택업체,공공임대,세종,0
2026-03 p),주택업체,공공임대,강원,0
2026-03 p),주택업체,공공임대,충북,0
2026-03 p),주택업체,공공임대,충남,0
2026-03 p),주택업체,공공임대,전북,0
2026-03 p),주택업체,공공임대,전남,0
2026-03 p),주택업체,공공임대,경북,0
2026-03 p),주택업체,공공임대,경남,0
2026-03 p),주택업체,공공임대,제주,0
2026-03 p),주택업체,공공분양,전국,0
2026-03 p),주택업체,공공분양,서울,0
2026-03 p),주택업체,공공분양,인천,0
2026-03 p),주택업체,공공분양,경기,0
2026-03 p),주택업체,공공분양,부산,0
2026-03 p),주택업체,공공분양,대구,0
2026-03 p),주택업체,공공분양,광주,0
2026-03 p),주택업체,공공분양,대전,0
2026-03 p),주택업체,공공분양,울산,0
2026-03 p),주택업체,공공분양,세종,0
2026-03 p),주택업체,공공분양,강원,0
2026-03 p),주택업체,공공분양,충북,0
2026-03 p),주택업체,공공분양,충남,0
2026-03 p),주택업체,공공분양,전북,0
2026-03 p),주택업체,공공분양,전남,0
2026-03 p),주택업체,공공분양,경북,0
2026-03 p),주택업체,공공분양,경남,0
2026-03 p),주택업체,공공분양,제주,0
2026-03 p),민간부문,소계,전국,16,656
2026-03 p),민간부문,소계,서울,1,059
2026-03 p),민간부문,소계,인천,1,629
2026-03 p),민간부문,소계,경기,2,389
2026-03 p),민간부문,소계,부산,32
2026-03 p),민간부문,소계,대구,21
2026-03 p),민간부문,소계,광주,8
2026-03 p),민간부문,소계,대전,2,301
2026-03 p),민간부문,소계,울산,20
2026-03 p),민간부문,소계,세종,22
2026-03 p),민간부문,소계,강원,960
2026-03 p),민간부문,소계,충북,1,539
2026-03 p),민간부문,소계,충남,1,702
2026-03 p),민간부문,소계,전북,151
2026-03 p),민간부문,소계,전남,1,832
2026-03 p),민간부문,소계,경북,1,553
2026-03 p),민간부문,소계,경남,1,255
2026-03 p),민간부문,소계,제주,183
2026-03 p),민간,민간임대,전국,1,826
2026-03 p),민간,민간임대,서울,0
2026-03 p),민간,민간임대,인천,0
2026-03 p),민간,민간임대,경기,742
2026-03 p),민간,민간임대,부산,0
2026-03 p),민간,민간임대,대구,0
2026-03 p),민간,민간임대,광주,0
2026-03 p),민간,민간임대,대전,1,084
2026-03 p),민간,민간임대,울산,0
2026-03 p),민간,민간임대,세종,0
2026-03 p),민간,민간임대,강원,0
2026-03 p),민간,민간임대,충북,0
2026-03 p),민간,민간임대,충남,0
2026-03 p),민간,민간임대,전북,0
2026-03 p),민간,민간임대,전남,0
2026-03 p),민간,민간임대,경북,0
2026-03 p),민간,민간임대,경남,0
2026-03 p),민간,민간임대,제주,0
2026-03 p),민간,민간분양,전국,14,830
2026-03 p),민간,민간분양,서울,1,059
2026-03 p),민간,민간분양,인천,1,629
2026-03 p),민간,민간분양,경기,1,647
2026-03 p),민간,민간분양,부산,32
2026-03 p),민간,민간분양,대구,21
2026-03 p),민간,민간분양,광주,8
2026-03 p),민간,민간분양,대전,1,217
2026-03 p),민간,민간분양,울산,20
2026-03 p),민간,민간분양,세종,22
2026-03 p),민간,민간분양,강원,960
2026-03 p),민간,민간분양,충북,1,539
2026-03 p),민간,민간분양,충남,1,702
2026-03 p),민간,민간분양,전북,151
2026-03 p),민간,민간분양,전남,1,832
2026-03 p),민간,민간분양,경북,1,553
2026-03 p),민간,민간분양,경남,1,255
2026-03 p),민간,민간분양,제주,183
2026-04 p),총계,총계,전국,26,546
2026-04 p),총계,총계,서울,2,012
2026-04 p),총계,총계,인천,4,548
2026-04 p),총계,총계,경기,10,406
2026-04 p),총계,총계,부산,638
2026-04 p),총계,총계,대구,33
2026-04 p),총계,총계,광주,14
2026-04 p),총계,총계,대전,964
2026-04 p),총계,총계,울산,65
2026-04 p),총계,총계,세종,13
2026-04 p),총계,총계,강원,187
2026-04 p),총계,총계,충북,156
2026-04 p),총계,총계,충남,2,627
2026-04 p),총계,총계,전북,764
2026-04 p),총계,총계,전남,826
2026-04 p),총계,총계,경북,849
2026-04 p),총계,총계,경남,2,183
2026-04 p),총계,총계,제주,261
2026-04 p),공공부문,소계,전국,1,635
2026-04 p),공공부문,소계,서울,134
2026-04 p),공공부문,소계,인천,99
2026-04 p),공공부문,소계,경기,1,282
2026-04 p),공공부문,소계,부산,0
2026-04 p),공공부문,소계,대구,0
2026-04 p),공공부문,소계,광주,0
2026-04 p),공공부문,소계,대전,0
2026-04 p),공공부문,소계,울산,0
2026-04 p),공공부문,소계,세종,0
2026-04 p),공공부문,소계,강원,0
2026-04 p),공공부문,소계,충북,0
2026-04 p),공공부문,소계,충남,0
2026-04 p),공공부문,소계,전북,0
2026-04 p),공공부문,소계,전남,0
2026-04 p),공공부문,소계,경북,70
2026-04 p),공공부문,소계,경남,0
2026-04 p),공공부문,소계,제주,50
2026-04 p),합,국민임대,전국,0
2026-04 p),합,국민임대,서울,0
2026-04 p),합,국민임대,인천,0
2026-04 p),합,국민임대,경기,0
2026-04 p),합,국민임대,부산,0
2026-04 p),합,국민임대,대구,0
2026-04 p),합,국민임대,광주,0
2026-04 p),합,국민임대,대전,0
2026-04 p),합,국민임대,울산,0
2026-04 p),합,국민임대,세종,0
2026-04 p),합,국민임대,강원,0
2026-04 p),합,국민임대,충북,0
2026-04 p),합,국민임대,충남,0
2026-04 p),합,국민임대,전북,0
2026-04 p),합,국민임대,전남,0
2026-04 p),합,국민임대,경북,0
2026-04 p),합,국민임대,경남,0
2026-04 p),합,국민임대,제주,0
2026-04 p),합,공공임대,전국,303
2026-04 p),합,공공임대,서울,134
2026-04 p),합,공공임대,인천,99
2026-04 p),합,공공임대,경기,0
2026-04 p),합,공공임대,부산,0
2026-04 p),합,공공임대,대구,0
2026-04 p),합,공공임대,광주,0
2026-04 p),합,공공임대,대전,0
2026-04 p),합,공공임대,울산,0
2026-04 p),합,공공임대,세종,0
2026-04 p),합,공공임대,강원,0
2026-04 p),합,공공임대,충북,0
2026-04 p),합,공공임대,충남,0
2026-04 p),합,공공임대,전북,0
2026-04 p),합,공공임대,전남,0
2026-04 p),합,공공임대,경북,70
2026-04 p),합,공공임대,경남,0
2026-04 p),합,공공임대,제주,0
2026-04 p),합,공공분양,전국,1,332
2026-04 p),합,공공분양,서울,0
2026-04 p),합,공공분양,인천,0
2026-04 p),합,공공분양,경기,1,282
2026-04 p),합,공공분양,부산,0
2026-04 p),합,공공분양,대구,0
2026-04 p),합,공공분양,광주,0
2026-04 p),합,공공분양,대전,0
2026-04 p),합,공공분양,울산,0
2026-04 p),합,공공분양,세종,0
2026-04 p),합,공공분양,강원,0
2026-04 p),합,공공분양,충북,0
2026-04 p),합,공공분양,충남,0
2026-04 p),합,공공분양,전북,0
2026-04 p),합,공공분양,전남,0
2026-04 p),합,공공분양,경북,0
2026-04 p),합,공공분양,경남,0
2026-04 p),합,공공분양,제주,50
2026-04 p),지자체,소계,전국,51
2026-04 p),지자체,소계,서울,1
2026-04 p),지자체,소계,인천,0
2026-04 p),지자체,소계,경기,0
2026-04 p),지자체,소계,부산,0
2026-04 p),지자체,소계,대구,0
2026-04 p),지자체,소계,광주,0
2026-04 p),지자체,소계,대전,0
2026-04 p),지자체,소계,울산,0
2026-04 p),지자체,소계,세종,0
2026-04 p),지자체,소계,강원,0
2026-04 p),지자체,소계,충북,0
2026-04 p),지자체,소계,충남,0
2026-04 p),지자체,소계,전북,0
2026-04 p),지자체,소계,전남,0
2026-04 p),지자체,소계,경북,0
2026-04 p),지자체,소계,경남,0
2026-04 p),지자체,소계,제주,50
2026-04 p),지자체,국민임대,전국,0
2026-04 p),지자체,국민임대,서울,0
2026-04 p),지자체,국민임대,인천,0
2026-04 p),지자체,국민임대,경기,0
2026-04 p),지자체,국민임대,부산,0
2026-04 p),지자체,국민임대,대구,0
2026-04 p),지자체,국민임대,광주,0
2026-04 p),지자체,국민임대,대전,0
2026-04 p),지자체,국민임대,울산,0
2026-04 p),지자체,국민임대,세종,0
2026-04 p),지자체,국민임대,강원,0
2026-04 p),지자체,국민임대,충북,0
2026-04 p),지자체,국민임대,충남,0
2026-04 p),지자체,국민임대,전북,0
2026-04 p),지자체,국민임대,전남,0
2026-04 p),지자체,국민임대,경북,0
2026-04 p),지자체,국민임대,경남,0
2026-04 p),지자체,국민임대,제주,0
2026-04 p),지자체,공공임대,전국,1
2026-04 p),지자체,공공임대,서울,1
2026-04 p),지자체,공공임대,인천,0
2026-04 p),지자체,공공임대,경기,0
2026-04 p),지자체,공공임대,부산,0
2026-04 p),지자체,공공임대,대구,0
2026-04 p),지자체,공공임대,광주,0
2026-04 p),지자체,공공임대,대전,0
2026-04 p),지자체,공공임대,울산,0
2026-04 p),지자체,공공임대,세종,0
2026-04 p),지자체,공공임대,강원,0
2026-04 p),지자체,공공임대,충북,0
2026-04 p),지자체,공공임대,충남,0
2026-04 p),지자체,공공임대,전북,0
2026-04 p),지자체,공공임대,전남,0
2026-04 p),지자체,공공임대,경북,0
2026-04 p),지자체,공공임대,경남,0
2026-04 p),지자체,공공임대,제주,0
2026-04 p),지자체,공공분양,전국,50
2026-04 p),지자체,공공분양,서울,0
2026-04 p),지자체,공공분양,인천,0
2026-04 p),지자체,공공분양,경기,0
2026-04 p),지자체,공공분양,부산,0
2026-04 p),지자체,공공분양,대구,0
2026-04 p),지자체,공공분양,광주,0
2026-04 p),지자체,공공분양,대전,0
2026-04 p),지자체,공공분양,울산,0
2026-04 p),지자체,공공분양,세종,0
2026-04 p),지자체,공공분양,강원,0
2026-04 p),지자체,공공분양,충북,0
2026-04 p),지자체,공공분양,충남,0
2026-04 p),지자체,공공분양,전북,0
2026-04 p),지자체,공공분양,전남,0
2026-04 p),지자체,공공분양,경북,0
2026-04 p),지자체,공공분양,경남,0
2026-04 p),지자체,공공분양,제주,50
2026-04 p),LH,소계,전국,1,352
2026-04 p),LH,소계,서울,0
2026-04 p),LH,소계,인천,0
2026-04 p),LH,소계,경기,1,282
2026-04 p),LH,소계,부산,0
2026-04 p),LH,소계,대구,0
2026-04 p),LH,소계,광주,0
2026-04 p),LH,소계,대전,0
2026-04 p),LH,소계,울산,0
2026-04 p),LH,소계,세종,0
2026-04 p),LH,소계,강원,0
2026-04 p),LH,소계,충북,0
2026-04 p),LH,소계,충남,0
2026-04 p),LH,소계,전북,0
2026-04 p),LH,소계,전남,0
2026-04 p),LH,소계,경북,70
2026-04 p),LH,소계,경남,0
2026-04 p),LH,소계,제주,0
2026-04 p),LH,국민임대,전국,0
2026-04 p),LH,국민임대,서울,0
2026-04 p),LH,국민임대,인천,0
2026-04 p),LH,국민임대,경기,0
2026-04 p),LH,국민임대,부산,0
2026-04 p),LH,국민임대,대구,0
2026-04 p),LH,국민임대,광주,0
2026-04 p),LH,국민임대,대전,0
2026-04 p),LH,국민임대,울산,0
2026-04 p),LH,국민임대,세종,0
2026-04 p),LH,국민임대,강원,0
2026-04 p),LH,국민임대,충북,0
2026-04 p),LH,국민임대,충남,0
2026-04 p),LH,국민임대,전북,0
2026-04 p),LH,국민임대,전남,0
2026-04 p),LH,국민임대,경북,0
2026-04 p),LH,국민임대,경남,0
2026-04 p),LH,국민임대,제주,0
2026-04 p),LH,공공임대,전국,70
2026-04 p),LH,공공임대,서울,0
2026-04 p),LH,공공임대,인천,0
2026-04 p),LH,공공임대,경기,0
2026-04 p),LH,공공임대,부산,0
2026-04 p),LH,공공임대,대구,0
2026-04 p),LH,공공임대,광주,0
2026-04 p),LH,공공임대,대전,0
2026-04 p),LH,공공임대,울산,0
2026-04 p),LH,공공임대,세종,0
2026-04 p),LH,공공임대,강원,0
2026-04 p),LH,공공임대,충북,0
2026-04 p),LH,공공임대,충남,0
2026-04 p),LH,공공임대,전북,0
2026-04 p),LH,공공임대,전남,0
2026-04 p),LH,공공임대,경북,70
2026-04 p),LH,공공임대,경남,0
2026-04 p),LH,공공임대,제주,0
2026-04 p),LH,공공분양,전국,1,282
2026-04 p),LH,공공분양,서울,0
2026-04 p),LH,공공분양,인천,0
2026-04 p),LH,공공분양,경기,1,282
2026-04 p),LH,공공분양,부산,0
2026-04 p),LH,공공분양,대구,0
2026-04 p),LH,공공분양,광주,0
2026-04 p),LH,공공분양,대전,0
2026-04 p),LH,공공분양,울산,0
2026-04 p),LH,공공분양,세종,0
2026-04 p),LH,공공분양,강원,0
2026-04 p),LH,공공분양,충북,0
2026-04 p),LH,공공분양,충남,0
2026-04 p),LH,공공분양,전북,0
2026-04 p),LH,공공분양,전남,0
2026-04 p),LH,공공분양,경북,0
2026-04 p),LH,공공분양,경남,0
2026-04 p),LH,공공분양,제주,0
2026-04 p),주택업체,소계,전국,232
2026-04 p),주택업체,소계,서울,133
2026-04 p),주택업체,소계,인천,99
2026-04 p),주택업체,소계,경기,0
2026-04 p),주택업체,소계,부산,0
2026-04 p),주택업체,소계,대구,0
2026-04 p),주택업체,소계,광주,0
2026-04 p),주택업체,소계,대전,0
2026-04 p),주택업체,소계,울산,0
2026-04 p),주택업체,소계,세종,0
2026-04 p),주택업체,소계,강원,0
2026-04 p),주택업체,소계,충북,0
2026-04 p),주택업체,소계,충남,0
2026-04 p),주택업체,소계,전북,0
2026-04 p),주택업체,소계,전남,0
2026-04 p),주택업체,소계,경북,0
2026-04 p),주택업체,소계,경남,0
2026-04 p),주택업체,소계,제주,0
2026-04 p),주택업체,국민임대,전국,0
2026-04 p),주택업체,국민임대,서울,0
2026-04 p),주택업체,국민임대,인천,0
2026-04 p),주택업체,국민임대,경기,0
2026-04 p),주택업체,국민임대,부산,0
2026-04 p),주택업체,국민임대,대구,0
2026-04 p),주택업체,국민임대,광주,0
2026-04 p),주택업체,국민임대,대전,0
2026-04 p),주택업체,국민임대,울산,0
2026-04 p),주택업체,국민임대,세종,0
2026-04 p),주택업체,국민임대,강원,0
2026-04 p),주택업체,국민임대,충북,0
2026-04 p),주택업체,국민임대,충남,0
2026-04 p),주택업체,국민임대,전북,0
2026-04 p),주택업체,국민임대,전남,0
2026-04 p),주택업체,국민임대,경북,0
2026-04 p),주택업체,국민임대,경남,0
2026-04 p),주택업체,국민임대,제주,0
2026-04 p),주택업체,공공임대,전국,232
2026-04 p),주택업체,공공임대,서울,133
2026-04 p),주택업체,공공임대,인천,99
2026-04 p),주택업체,공공임대,경기,0
2026-04 p),주택업체,공공임대,부산,0
2026-04 p),주택업체,공공임대,대구,0
2026-04 p),주택업체,공공임대,광주,0
2026-04 p),주택업체,공공임대,대전,0
2026-04 p),주택업체,공공임대,울산,0
2026-04 p),주택업체,공공임대,세종,0
2026-04 p),주택업체,공공임대,강원,0
2026-04 p),주택업체,공공임대,충북,0
2026-04 p),주택업체,공공임대,충남,0
2026-04 p),주택업체,공공임대,전북,0
2026-04 p),주택업체,공공임대,전남,0
2026-04 p),주택업체,공공임대,경북,0
2026-04 p),주택업체,공공임대,경남,0
2026-04 p),주택업체,공공임대,제주,0
2026-04 p),주택업체,공공분양,전국,0
2026-04 p),주택업체,공공분양,서울,0
2026-04 p),주택업체,공공분양,인천,0
2026-04 p),주택업체,공공분양,경기,0
2026-04 p),주택업체,공공분양,부산,0
2026-04 p),주택업체,공공분양,대구,0
2026-04 p),주택업체,공공분양,광주,0
2026-04 p),주택업체,공공분양,대전,0
2026-04 p),주택업체,공공분양,울산,0
2026-04 p),주택업체,공공분양,세종,0
2026-04 p),주택업체,공공분양,강원,0
2026-04 p),주택업체,공공분양,충북,0
2026-04 p),주택업체,공공분양,충남,0
2026-04 p),주택업체,공공분양,전북,0
2026-04 p),주택업체,공공분양,전남,0
2026-04 p),주택업체,공공분양,경북,0
2026-04 p),주택업체,공공분양,경남,0
2026-04 p),주택업체,공공분양,제주,0
2026-04 p),민간부문,소계,전국,24,911
2026-04 p),민간부문,소계,서울,1,878
2026-04 p),민간부문,소계,인천,4,449
2026-04 p),민간부문,소계,경기,9,124
2026-04 p),민간부문,소계,부산,638
2026-04 p),민간부문,소계,대구,33
2026-04 p),민간부문,소계,광주,14
2026-04 p),민간부문,소계,대전,964
2026-04 p),민간부문,소계,울산,65
2026-04 p),민간부문,소계,세종,13
2026-04 p),민간부문,소계,강원,187
2026-04 p),민간부문,소계,충북,156
2026-04 p),민간부문,소계,충남,2,627
2026-04 p),민간부문,소계,전북,764
2026-04 p),민간부문,소계,전남,826
2026-04 p),민간부문,소계,경북,779
2026-04 p),민간부문,소계,경남,2,183
2026-04 p),민간부문,소계,제주,211
2026-04 p),민간,민간임대,전국,1,526
2026-04 p),민간,민간임대,서울,0
2026-04 p),민간,민간임대,인천,0
2026-04 p),민간,민간임대,경기,900
2026-04 p),민간,민간임대,부산,0
2026-04 p),민간,민간임대,대구,0
2026-04 p),민간,민간임대,광주,0
2026-04 p),민간,민간임대,대전,0
2026-04 p),민간,민간임대,울산,0
2026-04 p),민간,민간임대,세종,0
2026-04 p),민간,민간임대,강원,0
2026-04 p),민간,민간임대,충북,0
2026-04 p),민간,민간임대,충남,0
2026-04 p),민간,민간임대,전북,0
2026-04 p),민간,민간임대,전남,626
2026-04 p),민간,민간임대,경북,0
2026-04 p),민간,민간임대,경남,0
2026-04 p),민간,민간임대,제주,0
2026-04 p),민간,민간분양,전국,23,385
2026-04 p),민간,민간분양,서울,1,878
2026-04 p),민간,민간분양,인천,4,449
2026-04 p),민간,민간분양,경기,8,224
2026-04 p),민간,민간분양,부산,638
2026-04 p),민간,민간분양,대구,33
2026-04 p),민간,민간분양,광주,14
2026-04 p),민간,민간분양,대전,964
2026-04 p),민간,민간분양,울산,65
2026-04 p),민간,민간분양,세종,13
2026-04 p),민간,민간분양,강원,187
2026-04 p),민간,민간분양,충북,156
2026-04 p),민간,민간분양,충남,2,627
2026-04 p),민간,민간분양,전북,764
2026-04 p),민간,민간분양,전남,200
2026-04 p),민간,민간분양,경북,779
2026-04 p),민간,민간분양,경남,2,183
2026-04 p),민간,민간분양,제주,211
2026-05 p),총계,총계,전국,22,717
2026-05 p),총계,총계,서울,2,607
2026-05 p),총계,총계,인천,2,065
2026-05 p),총계,총계,경기,7,013
2026-05 p),총계,총계,부산,1,529
2026-05 p),총계,총계,대구,22
2026-05 p),총계,총계,광주,9
2026-05 p),총계,총계,대전,284
2026-05 p),총계,총계,울산,14
2026-05 p),총계,총계,세종,43
2026-05 p),총계,총계,강원,188
2026-05 p),총계,총계,충북,174
2026-05 p),총계,총계,충남,2,404
2026-05 p),총계,총계,전북,109
2026-05 p),총계,총계,전남,1,236
2026-05 p),총계,총계,경북,4,181
2026-05 p),총계,총계,경남,774
2026-05 p),총계,총계,제주,65
2026-05 p),공공부문,소계,전국,1,632
2026-05 p),공공부문,소계,서울,114
2026-05 p),공공부문,소계,인천,0
2026-05 p),공공부문,소계,경기,185
2026-05 p),공공부문,소계,부산,993
2026-05 p),공공부문,소계,대구,0
2026-05 p),공공부문,소계,광주,0
2026-05 p),공공부문,소계,대전,0
2026-05 p),공공부문,소계,울산,0
2026-05 p),공공부문,소계,세종,0
2026-05 p),공공부문,소계,강원,0
2026-05 p),공공부문,소계,충북,0
2026-05 p),공공부문,소계,충남,0
2026-05 p),공공부문,소계,전북,0
2026-05 p),공공부문,소계,전남,240
2026-05 p),공공부문,소계,경북,0
2026-05 p),공공부문,소계,경남,100
2026-05 p),공공부문,소계,제주,0
2026-05 p),합,국민임대,전국,0
2026-05 p),합,국민임대,서울,0
2026-05 p),합,국민임대,인천,0
2026-05 p),합,국민임대,경기,0
2026-05 p),합,국민임대,부산,0
2026-05 p),합,국민임대,대구,0
2026-05 p),합,국민임대,광주,0
2026-05 p),합,국민임대,대전,0
2026-05 p),합,국민임대,울산,0
2026-05 p),합,국민임대,세종,0
2026-05 p),합,국민임대,강원,0
2026-05 p),합,국민임대,충북,0
2026-05 p),합,국민임대,충남,0
2026-05 p),합,국민임대,전북,0
2026-05 p),합,국민임대,전남,0
2026-05 p),합,국민임대,경북,0
2026-05 p),합,국민임대,경남,0
2026-05 p),합,국민임대,제주,0
2026-05 p),합,공공임대,전국,1,632
2026-05 p),합,공공임대,서울,114
2026-05 p),합,공공임대,인천,0
2026-05 p),합,공공임대,경기,185
2026-05 p),합,공공임대,부산,993
2026-05 p),합,공공임대,대구,0
2026-05 p),합,공공임대,광주,0
2026-05 p),합,공공임대,대전,0
2026-05 p),합,공공임대,울산,0
2026-05 p),합,공공임대,세종,0
2026-05 p),합,공공임대,강원,0
2026-05 p),합,공공임대,충북,0
2026-05 p),합,공공임대,충남,0
2026-05 p),합,공공임대,전북,0
2026-05 p),합,공공임대,전남,240
2026-05 p),합,공공임대,경북,0
2026-05 p),합,공공임대,경남,100
2026-05 p),합,공공임대,제주,0
2026-05 p),합,공공분양,전국,0
2026-05 p),합,공공분양,서울,0
2026-05 p),합,공공분양,인천,0
2026-05 p),합,공공분양,경기,0
2026-05 p),합,공공분양,부산,0
2026-05 p),합,공공분양,대구,0
2026-05 p),합,공공분양,광주,0
2026-05 p),합,공공분양,대전,0
2026-05 p),합,공공분양,울산,0
2026-05 p),합,공공분양,세종,0
2026-05 p),합,공공분양,강원,0
2026-05 p),합,공공분양,충북,0
2026-05 p),합,공공분양,충남,0
2026-05 p),합,공공분양,전북,0
2026-05 p),합,공공분양,전남,0
2026-05 p),합,공공분양,경북,0
2026-05 p),합,공공분양,경남,0
2026-05 p),합,공공분양,제주,0
2026-05 p),지자체,소계,전국,1,093
2026-05 p),지자체,소계,서울,0
2026-05 p),지자체,소계,인천,0
2026-05 p),지자체,소계,경기,0
2026-05 p),지자체,소계,부산,993
2026-05 p),지자체,소계,대구,0
2026-05 p),지자체,소계,광주,0
2026-05 p),지자체,소계,대전,0
2026-05 p),지자체,소계,울산,0
2026-05 p),지자체,소계,세종,0
2026-05 p),지자체,소계,강원,0
2026-05 p),지자체,소계,충북,0
2026-05 p),지자체,소계,충남,0
2026-05 p),지자체,소계,전북,0
2026-05 p),지자체,소계,전남,0
2026-05 p),지자체,소계,경북,0
2026-05 p),지자체,소계,경남,100
2026-05 p),지자체,소계,제주,0
2026-05 p),지자체,국민임대,전국,0
2026-05 p),지자체,국민임대,서울,0
2026-05 p),지자체,국민임대,인천,0
2026-05 p),지자체,국민임대,경기,0
2026-05 p),지자체,국민임대,부산,0
2026-05 p),지자체,국민임대,대구,0
2026-05 p),지자체,국민임대,광주,0
2026-05 p),지자체,국민임대,대전,0
2026-05 p),지자체,국민임대,울산,0
2026-05 p),지자체,국민임대,세종,0
2026-05 p),지자체,국민임대,강원,0
2026-05 p),지자체,국민임대,충북,0
2026-05 p),지자체,국민임대,충남,0
2026-05 p),지자체,국민임대,전북,0
2026-05 p),지자체,국민임대,전남,0
2026-05 p),지자체,국민임대,경북,0
2026-05 p),지자체,국민임대,경남,0
2026-05 p),지자체,국민임대,제주,0
2026-05 p),지자체,공공임대,전국,1,093
2026-05 p),지자체,공공임대,서울,0
2026-05 p),지자체,공공임대,인천,0
2026-05 p),지자체,공공임대,경기,0
2026-05 p),지자체,공공임대,부산,993
2026-05 p),지자체,공공임대,대구,0
2026-05 p),지자체,공공임대,광주,0
2026-05 p),지자체,공공임대,대전,0
2026-05 p),지자체,공공임대,울산,0
2026-05 p),지자체,공공임대,세종,0
2026-05 p),지자체,공공임대,강원,0
2026-05 p),지자체,공공임대,충북,0
2026-05 p),지자체,공공임대,충남,0
2026-05 p),지자체,공공임대,전북,0
2026-05 p),지자체,공공임대,전남,0
2026-05 p),지자체,공공임대,경북,0
2026-05 p),지자체,공공임대,경남,100
2026-05 p),지자체,공공임대,제주,0
2026-05 p),지자체,공공분양,전국,0
2026-05 p),지자체,공공분양,서울,0
2026-05 p),지자체,공공분양,인천,0
2026-05 p),지자체,공공분양,경기,0
2026-05 p),지자체,공공분양,부산,0
2026-05 p),지자체,공공분양,대구,0
2026-05 p),지자체,공공분양,광주,0
2026-05 p),지자체,공공분양,대전,0
2026-05 p),지자체,공공분양,울산,0
2026-05 p),지자체,공공분양,세종,0
2026-05 p),지자체,공공분양,강원,0
2026-05 p),지자체,공공분양,충북,0
2026-05 p),지자체,공공분양,충남,0
2026-05 p),지자체,공공분양,전북,0
2026-05 p),지자체,공공분양,전남,0
2026-05 p),지자체,공공분양,경북,0
2026-05 p),지자체,공공분양,경남,0
2026-05 p),지자체,공공분양,제주,0
2026-05 p),LH,소계,전국,240
2026-05 p),LH,소계,서울,0
2026-05 p),LH,소계,인천,0
2026-05 p),LH,소계,경기,0
2026-05 p),LH,소계,부산,0
2026-05 p),LH,소계,대구,0
2026-05 p),LH,소계,광주,0
2026-05 p),LH,소계,대전,0
2026-05 p),LH,소계,울산,0
2026-05 p),LH,소계,세종,0
2026-05 p),LH,소계,강원,0
2026-05 p),LH,소계,충북,0
2026-05 p),LH,소계,충남,0
2026-05 p),LH,소계,전북,0
2026-05 p),LH,소계,전남,240
2026-05 p),LH,소계,경북,0
2026-05 p),LH,소계,경남,0
2026-05 p),LH,소계,제주,0
2026-05 p),LH,국민임대,전국,0
2026-05 p),LH,국민임대,서울,0
2026-05 p),LH,국민임대,인천,0
2026-05 p),LH,국민임대,경기,0
2026-05 p),LH,국민임대,부산,0
2026-05 p),LH,국민임대,대구,0
2026-05 p),LH,국민임대,광주,0
2026-05 p),LH,국민임대,대전,0
2026-05 p),LH,국민임대,울산,0
2026-05 p),LH,국민임대,세종,0
2026-05 p),LH,국민임대,강원,0
2026-05 p),LH,국민임대,충북,0
2026-05 p),LH,국민임대,충남,0
2026-05 p),LH,국민임대,전북,0
2026-05 p),LH,국민임대,전남,0
2026-05 p),LH,국민임대,경북,0
2026-05 p),LH,국민임대,경남,0
2026-05 p),LH,국민임대,제주,0
2026-05 p),LH,공공임대,전국,240
2026-05 p),LH,공공임대,서울,0
2026-05 p),LH,공공임대,인천,0
2026-05 p),LH,공공임대,경기,0
2026-05 p),LH,공공임대,부산,0
2026-05 p),LH,공공임대,대구,0
2026-05 p),LH,공공임대,광주,0
2026-05 p),LH,공공임대,대전,0
2026-05 p),LH,공공임대,울산,0
2026-05 p),LH,공공임대,세종,0
2026-05 p),LH,공공임대,강원,0
2026-05 p),LH,공공임대,충북,0
2026-05 p),LH,공공임대,충남,0
2026-05 p),LH,공공임대,전북,0
2026-05 p),LH,공공임대,전남,240
2026-05 p),LH,공공임대,경북,0
2026-05 p),LH,공공임대,경남,0
2026-05 p),LH,공공임대,제주,0
2026-05 p),LH,공공분양,전국,0
2026-05 p),LH,공공분양,서울,0
2026-05 p),LH,공공분양,인천,0
2026-05 p),LH,공공분양,경기,0
2026-05 p),LH,공공분양,부산,0
2026-05 p),LH,공공분양,대구,0
2026-05 p),LH,공공분양,광주,0
2026-05 p),LH,공공분양,대전,0
2026-05 p),LH,공공분양,울산,0
2026-05 p),LH,공공분양,세종,0
2026-05 p),LH,공공분양,강원,0
2026-05 p),LH,공공분양,충북,0
2026-05 p),LH,공공분양,충남,0
2026-05 p),LH,공공분양,전북,0
2026-05 p),LH,공공분양,전남,0
2026-05 p),LH,공공분양,경북,0
2026-05 p),LH,공공분양,경남,0
2026-05 p),LH,공공분양,제주,0
2026-05 p),주택업체,소계,전국,299
2026-05 p),주택업체,소계,서울,114
2026-05 p),주택업체,소계,인천,0
2026-05 p),주택업체,소계,경기,185
2026-05 p),주택업체,소계,부산,0
2026-05 p),주택업체,소계,대구,0
2026-05 p),주택업체,소계,광주,0
2026-05 p),주택업체,소계,대전,0
2026-05 p),주택업체,소계,울산,0
2026-05 p),주택업체,소계,세종,0
2026-05 p),주택업체,소계,강원,0
2026-05 p),주택업체,소계,충북,0
2026-05 p),주택업체,소계,충남,0
2026-05 p),주택업체,소계,전북,0
2026-05 p),주택업체,소계,전남,0
2026-05 p),주택업체,소계,경북,0
2026-05 p),주택업체,소계,경남,0
2026-05 p),주택업체,소계,제주,0
2026-05 p),주택업체,국민임대,전국,0
2026-05 p),주택업체,국민임대,서울,0
2026-05 p),주택업체,국민임대,인천,0
2026-05 p),주택업체,국민임대,경기,0
2026-05 p),주택업체,국민임대,부산,0
2026-05 p),주택업체,국민임대,대구,0
2026-05 p),주택업체,국민임대,광주,0
2026-05 p),주택업체,국민임대,대전,0
2026-05 p),주택업체,국민임대,울산,0
2026-05 p),주택업체,국민임대,세종,0
2026-05 p),주택업체,국민임대,강원,0
2026-05 p),주택업체,국민임대,충북,0
2026-05 p),주택업체,국민임대,충남,0
2026-05 p),주택업체,국민임대,전북,0
2026-05 p),주택업체,국민임대,전남,0
2026-05 p),주택업체,국민임대,경북,0
2026-05 p),주택업체,국민임대,경남,0
2026-05 p),주택업체,국민임대,제주,0
2026-05 p),주택업체,공공임대,전국,299
2026-05 p),주택업체,공공임대,서울,114
2026-05 p),주택업체,공공임대,인천,0
2026-05 p),주택업체,공공임대,경기,185
2026-05 p),주택업체,공공임대,부산,0
2026-05 p),주택업체,공공임대,대구,0
2026-05 p),주택업체,공공임대,광주,0
2026-05 p),주택업체,공공임대,대전,0
2026-05 p),주택업체,공공임대,울산,0
2026-05 p),주택업체,공공임대,세종,0
2026-05 p),주택업체,공공임대,강원,0
2026-05 p),주택업체,공공임대,충북,0
2026-05 p),주택업체,공공임대,충남,0
2026-05 p),주택업체,공공임대,전북,0
2026-05 p),주택업체,공공임대,전남,0
2026-05 p),주택업체,공공임대,경북,0
2026-05 p),주택업체,공공임대,경남,0
2026-05 p),주택업체,공공임대,제주,0
2026-05 p),주택업체,공공분양,전국,0
2026-05 p),주택업체,공공분양,서울,0
2026-05 p),주택업체,공공분양,인천,0
2026-05 p),주택업체,공공분양,경기,0
2026-05 p),주택업체,공공분양,부산,0
2026-05 p),주택업체,공공분양,대구,0
2026-05 p),주택업체,공공분양,광주,0
2026-05 p),주택업체,공공분양,대전,0
2026-05 p),주택업체,공공분양,울산,0
2026-05 p),주택업체,공공분양,세종,0
2026-05 p),주택업체,공공분양,강원,0
2026-05 p),주택업체,공공분양,충북,0
2026-05 p),주택업체,공공분양,충남,0
2026-05 p),주택업체,공공분양,전북,0
2026-05 p),주택업체,공공분양,전남,0
2026-05 p),주택업체,공공분양,경북,0
2026-05 p),주택업체,공공분양,경남,0
2026-05 p),주택업체,공공분양,제주,0
2026-05 p),민간부문,소계,전국,21,085
2026-05 p),민간부문,소계,서울,2,493
2026-05 p),민간부문,소계,인천,2,065
2026-05 p),민간부문,소계,경기,6,828
2026-05 p),민간부문,소계,부산,536
2026-05 p),민간부문,소계,대구,22
2026-05 p),민간부문,소계,광주,9
2026-05 p),민간부문,소계,대전,284
2026-05 p),민간부문,소계,울산,14
2026-05 p),민간부문,소계,세종,43
2026-05 p),민간부문,소계,강원,188
2026-05 p),민간부문,소계,충북,174
2026-05 p),민간부문,소계,충남,2,404
2026-05 p),민간부문,소계,전북,109
2026-05 p),민간부문,소계,전남,996
2026-05 p),민간부문,소계,경북,4,181
2026-05 p),민간부문,소계,경남,674
2026-05 p),민간부문,소계,제주,65
2026-05 p),민간,민간임대,전국,2,322
2026-05 p),민간,민간임대,서울,0
2026-05 p),민간,민간임대,인천,1,419
2026-05 p),민간,민간임대,경기,0
2026-05 p),민간,민간임대,부산,0
2026-05 p),민간,민간임대,대구,0
2026-05 p),민간,민간임대,광주,0
2026-05 p),민간,민간임대,대전,0
2026-05 p),민간,민간임대,울산,0
2026-05 p),민간,민간임대,세종,0
2026-05 p),민간,민간임대,강원,0
2026-05 p),민간,민간임대,충북,0
2026-05 p),민간,민간임대,충남,0
2026-05 p),민간,민간임대,전북,0
2026-05 p),민간,민간임대,전남,791
2026-05 p),민간,민간임대,경북,0
2026-05 p),민간,민간임대,경남,112
2026-05 p),민간,민간임대,제주,0
2026-05 p),민간,민간분양,전국,18,763
2026-05 p),민간,민간분양,서울,2,493
2026-05 p),민간,민간분양,인천,646
2026-05 p),민간,민간분양,경기,6,828
2026-05 p),민간,민간분양,부산,536
2026-05 p),민간,민간분양,대구,22
2026-05 p),민간,민간분양,광주,9
2026-05 p),민간,민간분양,대전,284
2026-05 p),민간,민간분양,울산,14
2026-05 p),민간,민간분양,세종,43
2026-05 p),민간,민간분양,강원,188
2026-05 p),민간,민간분양,충북,174
2026-05 p),민간,민간분양,충남,2,404
2026-05 p),민간,민간분양,전북,109
2026-05 p),민간,민간분양,전남,205
2026-05 p),민간,민간분양,경북,4,181
2026-05 p),민간,민간분양,경남,562
2026-05 p),민간,민간분양,제주,65
2026-06 p),총계,총계,전국,23,638
2026-06 p),총계,총계,서울,3,491
2026-06 p),총계,총계,인천,4,848
2026-06 p),총계,총계,경기,8,010
2026-06 p),총계,총계,부산,778
2026-06 p),총계,총계,대구,21
2026-06 p),총계,총계,광주,574
2026-06 p),총계,총계,대전,7
2026-06 p),총계,총계,울산,323
2026-06 p),총계,총계,세종,7
2026-06 p),총계,총계,강원,123
2026-06 p),총계,총계,충북,149
2026-06 p),총계,총계,충남,1,684
2026-06 p),총계,총계,전북,102
2026-06 p),총계,총계,전남,835
2026-06 p),총계,총계,경북,204
2026-06 p),총계,총계,경남,2,305
2026-06 p),총계,총계,제주,177
2026-06 p),공공부문,소계,전국,9,211
2026-06 p),공공부문,소계,서울,1,354
2026-06 p),공공부문,소계,인천,1,679
2026-06 p),공공부문,소계,경기,6,178
2026-06 p),공공부문,소계,부산,0
2026-06 p),공공부문,소계,대구,0
2026-06 p),공공부문,소계,광주,0
2026-06 p),공공부문,소계,대전,0
2026-06 p),공공부문,소계,울산,0
2026-06 p),공공부문,소계,세종,0
2026-06 p),공공부문,소계,강원,0
2026-06 p),공공부문,소계,충북,0
2026-06 p),공공부문,소계,충남,0
2026-06 p),공공부문,소계,전북,0
2026-06 p),공공부문,소계,전남,0
2026-06 p),공공부문,소계,경북,0
2026-06 p),공공부문,소계,경남,0
2026-06 p),공공부문,소계,제주,0
2026-06 p),합,국민임대,전국,0
2026-06 p),합,국민임대,서울,0
2026-06 p),합,국민임대,인천,0
2026-06 p),합,국민임대,경기,0
2026-06 p),합,국민임대,부산,0
2026-06 p),합,국민임대,대구,0
2026-06 p),합,국민임대,광주,0
2026-06 p),합,국민임대,대전,0
2026-06 p),합,국민임대,울산,0
2026-06 p),합,국민임대,세종,0
2026-06 p),합,국민임대,강원,0
2026-06 p),합,국민임대,충북,0
2026-06 p),합,국민임대,충남,0
2026-06 p),합,국민임대,전북,0
2026-06 p),합,국민임대,전남,0
2026-06 p),합,국민임대,경북,0
2026-06 p),합,국민임대,경남,0
2026-06 p),합,국민임대,제주,0
2026-06 p),합,공공임대,전국,5,789
2026-06 p),합,공공임대,서울,366
2026-06 p),합,공공임대,인천,1,370
2026-06 p),합,공공임대,경기,4,053
2026-06 p),합,공공임대,부산,0
2026-06 p),합,공공임대,대구,0
2026-06 p),합,공공임대,광주,0
2026-06 p),합,공공임대,대전,0
2026-06 p),합,공공임대,울산,0
2026-06 p),합,공공임대,세종,0
2026-06 p),합,공공임대,강원,0
2026-06 p),합,공공임대,충북,0
2026-06 p),합,공공임대,충남,0
2026-06 p),합,공공임대,전북,0
2026-06 p),합,공공임대,전남,0
2026-06 p),합,공공임대,경북,0
2026-06 p),합,공공임대,경남,0
2026-06 p),합,공공임대,제주,0
2026-06 p),합,공공분양,전국,3,422
2026-06 p),합,공공분양,서울,988
2026-06 p),합,공공분양,인천,309
2026-06 p),합,공공분양,경기,2,125
2026-06 p),합,공공분양,부산,0
2026-06 p),합,공공분양,대구,0
2026-06 p),합,공공분양,광주,0
2026-06 p),합,공공분양,대전,0
2026-06 p),합,공공분양,울산,0
2026-06 p),합,공공분양,세종,0
2026-06 p),합,공공분양,강원,0
2026-06 p),합,공공분양,충북,0
2026-06 p),합,공공분양,충남,0
2026-06 p),합,공공분양,전북,0
2026-06 p),합,공공분양,전남,0
2026-06 p),합,공공분양,경북,0
2026-06 p),합,공공분양,경남,0
2026-06 p),합,공공분양,제주,0
2026-06 p),지자체,소계,전국,0
2026-06 p),지자체,소계,서울,0
2026-06 p),지자체,소계,인천,0
2026-06 p),지자체,소계,경기,0
2026-06 p),지자체,소계,부산,0
2026-06 p),지자체,소계,대구,0
2026-06 p),지자체,소계,광주,0
2026-06 p),지자체,소계,대전,0
2026-06 p),지자체,소계,울산,0
2026-06 p),지자체,소계,세종,0
2026-06 p),지자체,소계,강원,0
2026-06 p),지자체,소계,충북,0
2026-06 p),지자체,소계,충남,0
2026-06 p),지자체,소계,전북,0
2026-06 p),지자체,소계,전남,0
2026-06 p),지자체,소계,경북,0
2026-06 p),지자체,소계,경남,0
2026-06 p),지자체,소계,제주,0
2026-06 p),지자체,국민임대,전국,0
2026-06 p),지자체,국민임대,서울,0
2026-06 p),지자체,국민임대,인천,0
2026-06 p),지자체,국민임대,경기,0
2026-06 p),지자체,국민임대,부산,0
2026-06 p),지자체,국민임대,대구,0
2026-06 p),지자체,국민임대,광주,0
2026-06 p),지자체,국민임대,대전,0
2026-06 p),지자체,국민임대,울산,0
2026-06 p),지자체,국민임대,세종,0
2026-06 p),지자체,국민임대,강원,0
2026-06 p),지자체,국민임대,충북,0
2026-06 p),지자체,국민임대,충남,0
2026-06 p),지자체,국민임대,전북,0
2026-06 p),지자체,국민임대,전남,0
2026-06 p),지자체,국민임대,경북,0
2026-06 p),지자체,국민임대,경남,0
2026-06 p),지자체,국민임대,제주,0
2026-06 p),지자체,공공임대,전국,0
2026-06 p),지자체,공공임대,서울,0
2026-06 p),지자체,공공임대,인천,0
2026-06 p),지자체,공공임대,경기,0
2026-06 p),지자체,공공임대,부산,0
2026-06 p),지자체,공공임대,대구,0
2026-06 p),지자체,공공임대,광주,0
2026-06 p),지자체,공공임대,대전,0
2026-06 p),지자체,공공임대,울산,0
2026-06 p),지자체,공공임대,세종,0
2026-06 p),지자체,공공임대,강원,0
2026-06 p),지자체,공공임대,충북,0
2026-06 p),지자체,공공임대,충남,0
2026-06 p),지자체,공공임대,전북,0
2026-06 p),지자체,공공임대,전남,0
2026-06 p),지자체,공공임대,경북,0
2026-06 p),지자체,공공임대,경남,0
2026-06 p),지자체,공공임대,제주,0
2026-06 p),지자체,공공분양,전국,0
2026-06 p),지자체,공공분양,서울,0
2026-06 p),지자체,공공분양,인천,0
2026-06 p),지자체,공공분양,경기,0
2026-06 p),지자체,공공분양,부산,0
2026-06 p),지자체,공공분양,대구,0
2026-06 p),지자체,공공분양,광주,0
2026-06 p),지자체,공공분양,대전,0
2026-06 p),지자체,공공분양,울산,0
2026-06 p),지자체,공공분양,세종,0
2026-06 p),지자체,공공분양,강원,0
2026-06 p),지자체,공공분양,충북,0
2026-06 p),지자체,공공분양,충남,0
2026-06 p),지자체,공공분양,전북,0
2026-06 p),지자체,공공분양,전남,0
2026-06 p),지자체,공공분양,경북,0
2026-06 p),지자체,공공분양,경남,0
2026-06 p),지자체,공공분양,제주,0
2026-06 p),LH,소계,전국,7,857
2026-06 p),LH,소계,서울,0
2026-06 p),LH,소계,인천,1,679
2026-06 p),LH,소계,경기,6,178
2026-06 p),LH,소계,부산,0
2026-06 p),LH,소계,대구,0
2026-06 p),LH,소계,광주,0
2026-06 p),LH,소계,대전,0
2026-06 p),LH,소계,울산,0
2026-06 p),LH,소계,세종,0
2026-06 p),LH,소계,강원,0
2026-06 p),LH,소계,충북,0
2026-06 p),LH,소계,충남,0
2026-06 p),LH,소계,전북,0
2026-06 p),LH,소계,전남,0
2026-06 p),LH,소계,경북,0
2026-06 p),LH,소계,경남,0
2026-06 p),LH,소계,제주,0
2026-06 p),LH,국민임대,전국,0
2026-06 p),LH,국민임대,서울,0
2026-06 p),LH,국민임대,인천,0
2026-06 p),LH,국민임대,경기,0
2026-06 p),LH,국민임대,부산,0
2026-06 p),LH,국민임대,대구,0
2026-06 p),LH,국민임대,광주,0
2026-06 p),LH,국민임대,대전,0
2026-06 p),LH,국민임대,울산,0
2026-06 p),LH,국민임대,세종,0
2026-06 p),LH,국민임대,강원,0
2026-06 p),LH,국민임대,충북,0
2026-06 p),LH,국민임대,충남,0
2026-06 p),LH,국민임대,전북,0
2026-06 p),LH,국민임대,전남,0
2026-06 p),LH,국민임대,경북,0
2026-06 p),LH,국민임대,경남,0
2026-06 p),LH,국민임대,제주,0
2026-06 p),LH,공공임대,전국,5,423
2026-06 p),LH,공공임대,서울,0
2026-06 p),LH,공공임대,인천,1,370
2026-06 p),LH,공공임대,경기,4,053
2026-06 p),LH,공공임대,부산,0
2026-06 p),LH,공공임대,대구,0
2026-06 p),LH,공공임대,광주,0
2026-06 p),LH,공공임대,대전,0
2026-06 p),LH,공공임대,울산,0
2026-06 p),LH,공공임대,세종,0
2026-06 p),LH,공공임대,강원,0
2026-06 p),LH,공공임대,충북,0
2026-06 p),LH,공공임대,충남,0
2026-06 p),LH,공공임대,전북,0
2026-06 p),LH,공공임대,전남,0
2026-06 p),LH,공공임대,경북,0
2026-06 p),LH,공공임대,경남,0
2026-06 p),LH,공공임대,제주,0
2026-06 p),LH,공공분양,전국,2,434
2026-06 p),LH,공공분양,서울,0
2026-06 p),LH,공공분양,인천,309
2026-06 p),LH,공공분양,경기,2,125
2026-06 p),LH,공공분양,부산,0
2026-06 p),LH,공공분양,대구,0
2026-06 p),LH,공공분양,광주,0
2026-06 p),LH,공공분양,대전,0
2026-06 p),LH,공공분양,울산,0
2026-06 p),LH,공공분양,세종,0
2026-06 p),LH,공공분양,강원,0
2026-06 p),LH,공공분양,충북,0
2026-06 p),LH,공공분양,충남,0
2026-06 p),LH,공공분양,전북,0
2026-06 p),LH,공공분양,전남,0
2026-06 p),LH,공공분양,경북,0
2026-06 p),LH,공공분양,경남,0
2026-06 p),LH,공공분양,제주,0
2026-06 p),주택업체,소계,전국,1,354
2026-06 p),주택업체,소계,서울,1,354
2026-06 p),주택업체,소계,인천,0
2026-06 p),주택업체,소계,경기,0
2026-06 p),주택업체,소계,부산,0
2026-06 p),주택업체,소계,대구,0
2026-06 p),주택업체,소계,광주,0
2026-06 p),주택업체,소계,대전,0
2026-06 p),주택업체,소계,울산,0
2026-06 p),주택업체,소계,세종,0
2026-06 p),주택업체,소계,강원,0
2026-06 p),주택업체,소계,충북,0
2026-06 p),주택업체,소계,충남,0
2026-06 p),주택업체,소계,전북,0
2026-06 p),주택업체,소계,전남,0
2026-06 p),주택업체,소계,경북,0
2026-06 p),주택업체,소계,경남,0
2026-06 p),주택업체,소계,제주,0
2026-06 p),주택업체,국민임대,전국,0
2026-06 p),주택업체,국민임대,서울,0
2026-06 p),주택업체,국민임대,인천,0
2026-06 p),주택업체,국민임대,경기,0
2026-06 p),주택업체,국민임대,부산,0
2026-06 p),주택업체,국민임대,대구,0
2026-06 p),주택업체,국민임대,광주,0
2026-06 p),주택업체,국민임대,대전,0
2026-06 p),주택업체,국민임대,울산,0
2026-06 p),주택업체,국민임대,세종,0
2026-06 p),주택업체,국민임대,강원,0
2026-06 p),주택업체,국민임대,충북,0
2026-06 p),주택업체,국민임대,충남,0
2026-06 p),주택업체,국민임대,전북,0
2026-06 p),주택업체,국민임대,전남,0
2026-06 p),주택업체,국민임대,경북,0
2026-06 p),주택업체,국민임대,경남,0
2026-06 p),주택업체,국민임대,제주,0
2026-06 p),주택업체,공공임대,전국,366
2026-06 p),주택업체,공공임대,서울,366
2026-06 p),주택업체,공공임대,인천,0
2026-06 p),주택업체,공공임대,경기,0
2026-06 p),주택업체,공공임대,부산,0
2026-06 p),주택업체,공공임대,대구,0
2026-06 p),주택업체,공공임대,광주,0
2026-06 p),주택업체,공공임대,대전,0
2026-06 p),주택업체,공공임대,울산,0
2026-06 p),주택업체,공공임대,세종,0
2026-06 p),주택업체,공공임대,강원,0
2026-06 p),주택업체,공공임대,충북,0
2026-06 p),주택업체,공공임대,충남,0
2026-06 p),주택업체,공공임대,전북,0
2026-06 p),주택업체,공공임대,전남,0
2026-06 p),주택업체,공공임대,경북,0
2026-06 p),주택업체,공공임대,경남,0
2026-06 p),주택업체,공공임대,제주,0
2026-06 p),주택업체,공공분양,전국,988
2026-06 p),주택업체,공공분양,서울,988
2026-06 p),주택업체,공공분양,인천,0
2026-06 p),주택업체,공공분양,경기,0
2026-06 p),주택업체,공공분양,부산,0
2026-06 p),주택업체,공공분양,대구,0
2026-06 p),주택업체,공공분양,광주,0
2026-06 p),주택업체,공공분양,대전,0
2026-06 p),주택업체,공공분양,울산,0
2026-06 p),주택업체,공공분양,세종,0
2026-06 p),주택업체,공공분양,강원,0
2026-06 p),주택업체,공공분양,충북,0
2026-06 p),주택업체,공공분양,충남,0
2026-06 p),주택업체,공공분양,전북,0
2026-06 p),주택업체,공공분양,전남,0
2026-06 p),주택업체,공공분양,경북,0
2026-06 p),주택업체,공공분양,경남,0
2026-06 p),주택업체,공공분양,제주,0
2026-06 p),민간부문,소계,전국,14,427
2026-06 p),민간부문,소계,서울,2,137
2026-06 p),민간부문,소계,인천,3,169
2026-06 p),민간부문,소계,경기,1,832
2026-06 p),민간부문,소계,부산,778
2026-06 p),민간부문,소계,대구,21
2026-06 p),민간부문,소계,광주,574
2026-06 p),민간부문,소계,대전,7
2026-06 p),민간부문,소계,울산,323
2026-06 p),민간부문,소계,세종,7
2026-06 p),민간부문,소계,강원,123
2026-06 p),민간부문,소계,충북,149
2026-06 p),민간부문,소계,충남,1,684
2026-06 p),민간부문,소계,전북,102
2026-06 p),민간부문,소계,전남,835
2026-06 p),민간부문,소계,경북,204
2026-06 p),민간부문,소계,경남,2,305
2026-06 p),민간부문,소계,제주,177
2026-06 p),민간,민간임대,전국,1,001
2026-06 p),민간,민간임대,서울,0
2026-06 p),민간,민간임대,인천,0
2026-06 p),민간,민간임대,경기,414
2026-06 p),민간,민간임대,부산,0
2026-06 p),민간,민간임대,대구,0
2026-06 p),민간,민간임대,광주,0
2026-06 p),민간,민간임대,대전,0
2026-06 p),민간,민간임대,울산,301
2026-06 p),민간,민간임대,세종,0
2026-06 p),민간,민간임대,강원,0
2026-06 p),민간,민간임대,충북,0
2026-06 p),민간,민간임대,충남,0
2026-06 p),민간,민간임대,전북,0
2026-06 p),민간,민간임대,전남,228
2026-06 p),민간,민간임대,경북,0
2026-06 p),민간,민간임대,경남,0
2026-06 p),민간,민간임대,제주,58
2026-06 p),민간,민간분양,전국,13,426
2026-06 p),민간,민간분양,서울,2,137
2026-06 p),민간,민간분양,인천,3,169
2026-06 p),민간,민간분양,경기,1,418
2026-06 p),민간,민간분양,부산,778
2026-06 p),민간,민간분양,대구,21
2026-06 p),민간,민간분양,광주,574
2026-06 p),민간,민간분양,대전,7
2026-06 p),민간,민간분양,울산,22
2026-06 p),민간,민간분양,세종,7
2026-06 p),민간,민간분양,강원,123
2026-06 p),민간,민간분양,충북,149
2026-06 p),민간,민간분양,충남,1,684
2026-06 p),민간,민간분양,전북,102
2026-06 p),민간,민간분양,전남,607
2026-06 p),민간,민간분양,경북,204
2026-06 p),민간,민간분양,경남,2,305
2026-06 p),민간,민간분양,제주,119
2026-07 p),총계,총계,전국,20,378
2026-07 p),총계,총계,서울,6,386
2026-07 p),총계,총계,인천,245
2026-07 p),총계,총계,경기,6,059
2026-07 p),총계,총계,전남광주,814
2026-07 p),총계,총계,부산,1,350
2026-07 p),총계,총계,대구,17
2026-07 p),총계,총계,대전,10
2026-07 p),총계,총계,울산,2,277
2026-07 p),총계,총계,세종,685
2026-07 p),총계,총계,강원,715
2026-07 p),총계,총계,충북,114
2026-07 p),총계,총계,충남,139
2026-07 p),총계,총계,전북,101
2026-07 p),총계,총계,경북,174
2026-07 p),총계,총계,경남,1,115
2026-07 p),총계,총계,제주,177
2026-07 p),공공부문,소계,전국,1,482
2026-07 p),공공부문,소계,서울,211
2026-07 p),공공부문,소계,인천,85
2026-07 p),공공부문,소계,경기,0
2026-07 p),공공부문,소계,전남광주,0
2026-07 p),공공부문,소계,부산,1,086
2026-07 p),공공부문,소계,대구,0
2026-07 p),공공부문,소계,대전,0
2026-07 p),공공부문,소계,울산,0
2026-07 p),공공부문,소계,세종,0
2026-07 p),공공부문,소계,강원,0
2026-07 p),공공부문,소계,충북,0
2026-07 p),공공부문,소계,충남,0
2026-07 p),공공부문,소계,전북,0
2026-07 p),공공부문,소계,경북,0
2026-07 p),공공부문,소계,경남,0
2026-07 p),공공부문,소계,제주,100
2026-07 p),합,국민임대,전국,10
2026-07 p),합,국민임대,서울,10
2026-07 p),합,국민임대,인천,0
2026-07 p),합,국민임대,경기,0
2026-07 p),합,국민임대,전남광주,0
2026-07 p),합,국민임대,부산,0
2026-07 p),합,국민임대,대구,0
2026-07 p),합,국민임대,대전,0
2026-07 p),합,국민임대,울산,0
2026-07 p),합,국민임대,세종,0
2026-07 p),합,국민임대,강원,0
2026-07 p),합,국민임대,충북,0
2026-07 p),합,국민임대,충남,0
2026-07 p),합,국민임대,전북,0
2026-07 p),합,국민임대,경북,0
2026-07 p),합,국민임대,경남,0
2026-07 p),합,국민임대,제주,0
2026-07 p),합,공공임대,전국,286
2026-07 p),합,공공임대,서울,201
2026-07 p),합,공공임대,인천,85
2026-07 p),합,공공임대,경기,0
2026-07 p),합,공공임대,전남광주,0
2026-07 p),합,공공임대,부산,0
2026-07 p),합,공공임대,대구,0
2026-07 p),합,공공임대,대전,0
2026-07 p),합,공공임대,울산,0
2026-07 p),합,공공임대,세종,0
2026-07 p),합,공공임대,강원,0
2026-07 p),합,공공임대,충북,0
2026-07 p),합,공공임대,충남,0
2026-07 p),합,공공임대,전북,0
2026-07 p),합,공공임대,경북,0
2026-07 p),합,공공임대,경남,0
2026-07 p),합,공공임대,제주,0
2026-07 p),합,공공분양,전국,1,186
2026-07 p),합,공공분양,서울,0
2026-07 p),합,공공분양,인천,0
2026-07 p),합,공공분양,경기,0
2026-07 p),합,공공분양,전남광주,0
2026-07 p),합,공공분양,부산,1,086
2026-07 p),합,공공분양,대구,0
2026-07 p),합,공공분양,대전,0
2026-07 p),합,공공분양,울산,0
2026-07 p),합,공공분양,세종,0
2026-07 p),합,공공분양,강원,0
2026-07 p),합,공공분양,충북,0
2026-07 p),합,공공분양,충남,0
2026-07 p),합,공공분양,전북,0
2026-07 p),합,공공분양,경북,0
2026-07 p),합,공공분양,경남,0
2026-07 p),합,공공분양,제주,100
2026-07 p),지자체,소계,전국,1,186
2026-07 p),지자체,소계,서울,0
2026-07 p),지자체,소계,인천,0
2026-07 p),지자체,소계,경기,0
2026-07 p),지자체,소계,전남광주,0
2026-07 p),지자체,소계,부산,1,086
2026-07 p),지자체,소계,대구,0
2026-07 p),지자체,소계,대전,0
2026-07 p),지자체,소계,울산,0
2026-07 p),지자체,소계,세종,0
2026-07 p),지자체,소계,강원,0
2026-07 p),지자체,소계,충북,0
2026-07 p),지자체,소계,충남,0
2026-07 p),지자체,소계,전북,0
2026-07 p),지자체,소계,경북,0
2026-07 p),지자체,소계,경남,0
2026-07 p),지자체,소계,제주,100
2026-07 p),지자체,국민임대,전국,0
2026-07 p),지자체,국민임대,서울,0
2026-07 p),지자체,국민임대,인천,0
2026-07 p),지자체,국민임대,경기,0
2026-07 p),지자체,국민임대,전남광주,0
2026-07 p),지자체,국민임대,부산,0
2026-07 p),지자체,국민임대,대구,0
2026-07 p),지자체,국민임대,대전,0
2026-07 p),지자체,국민임대,울산,0
2026-07 p),지자체,국민임대,세종,0
2026-07 p),지자체,국민임대,강원,0
2026-07 p),지자체,국민임대,충북,0
2026-07 p),지자체,국민임대,충남,0
2026-07 p),지자체,국민임대,전북,0
2026-07 p),지자체,국민임대,경북,0
2026-07 p),지자체,국민임대,경남,0
2026-07 p),지자체,국민임대,제주,0
2026-07 p),지자체,공공임대,전국,0
2026-07 p),지자체,공공임대,서울,0
2026-07 p),지자체,공공임대,인천,0
2026-07 p),지자체,공공임대,경기,0
2026-07 p),지자체,공공임대,전남광주,0
2026-07 p),지자체,공공임대,부산,0
2026-07 p),지자체,공공임대,대구,0
2026-07 p),지자체,공공임대,대전,0
2026-07 p),지자체,공공임대,울산,0
2026-07 p),지자체,공공임대,세종,0
2026-07 p),지자체,공공임대,강원,0
2026-07 p),지자체,공공임대,충북,0
2026-07 p),지자체,공공임대,충남,0
2026-07 p),지자체,공공임대,전북,0
2026-07 p),지자체,공공임대,경북,0
2026-07 p),지자체,공공임대,경남,0
2026-07 p),지자체,공공임대,제주,0
2026-07 p),지자체,공공분양,전국,1,186
2026-07 p),지자체,공공분양,서울,0
2026-07 p),지자체,공공분양,인천,0
2026-07 p),지자체,공공분양,경기,0
2026-07 p),지자체,공공분양,전남광주,0
2026-07 p),지자체,공공분양,부산,1,086
2026-07 p),지자체,공공분양,대구,0
2026-07 p),지자체,공공분양,대전,0
2026-07 p),지자체,공공분양,울산,0
2026-07 p),지자체,공공분양,세종,0
2026-07 p),지자체,공공분양,강원,0
2026-07 p),지자체,공공분양,충북,0
2026-07 p),지자체,공공분양,충남,0
2026-07 p),지자체,공공분양,전북,0
2026-07 p),지자체,공공분양,경북,0
2026-07 p),지자체,공공분양,경남,0
2026-07 p),지자체,공공분양,제주,100
2026-07 p),LH,소계,전국,0
2026-07 p),LH,소계,서울,0
2026-07 p),LH,소계,인천,0
2026-07 p),LH,소계,경기,0
2026-07 p),LH,소계,전남광주,0
2026-07 p),LH,소계,부산,0
2026-07 p),LH,소계,대구,0
2026-07 p),LH,소계,대전,0
2026-07 p),LH,소계,울산,0
2026-07 p),LH,소계,세종,0
2026-07 p),LH,소계,강원,0
2026-07 p),LH,소계,충북,0
2026-07 p),LH,소계,충남,0
2026-07 p),LH,소계,전북,0
2026-07 p),LH,소계,경북,0
2026-07 p),LH,소계,경남,0
2026-07 p),LH,소계,제주,0
2026-07 p),LH,국민임대,전국,0
2026-07 p),LH,국민임대,서울,0
2026-07 p),LH,국민임대,인천,0
2026-07 p),LH,국민임대,경기,0
2026-07 p),LH,국민임대,전남광주,0
2026-07 p),LH,국민임대,부산,0
2026-07 p),LH,국민임대,대구,0
2026-07 p),LH,국민임대,대전,0
2026-07 p),LH,국민임대,울산,0
2026-07 p),LH,국민임대,세종,0
2026-07 p),LH,국민임대,강원,0
2026-07 p),LH,국민임대,충북,0
2026-07 p),LH,국민임대,충남,0
2026-07 p),LH,국민임대,전북,0
2026-07 p),LH,국민임대,경북,0
2026-07 p),LH,국민임대,경남,0
2026-07 p),LH,국민임대,제주,0
2026-07 p),LH,공공임대,전국,0
2026-07 p),LH,공공임대,서울,0
2026-07 p),LH,공공임대,인천,0
2026-07 p),LH,공공임대,경기,0
2026-07 p),LH,공공임대,전남광주,0
2026-07 p),LH,공공임대,부산,0
2026-07 p),LH,공공임대,대구,0
2026-07 p),LH,공공임대,대전,0
2026-07 p),LH,공공임대,울산,0
2026-07 p),LH,공공임대,세종,0
2026-07 p),LH,공공임대,강원,0
2026-07 p),LH,공공임대,충북,0
2026-07 p),LH,공공임대,충남,0
2026-07 p),LH,공공임대,전북,0
2026-07 p),LH,공공임대,경북,0
2026-07 p),LH,공공임대,경남,0
2026-07 p),LH,공공임대,제주,0
2026-07 p),LH,공공분양,전국,0
2026-07 p),LH,공공분양,서울,0
2026-07 p),LH,공공분양,인천,0
2026-07 p),LH,공공분양,경기,0
2026-07 p),LH,공공분양,전남광주,0
2026-07 p),LH,공공분양,부산,0
2026-07 p),LH,공공분양,대구,0
2026-07 p),LH,공공분양,대전,0
2026-07 p),LH,공공분양,울산,0
2026-07 p),LH,공공분양,세종,0
2026-07 p),LH,공공분양,강원,0
2026-07 p),LH,공공분양,충북,0
2026-07 p),LH,공공분양,충남,0
2026-07 p),LH,공공분양,전북,0
2026-07 p),LH,공공분양,경북,0
2026-07 p),LH,공공분양,경남,0
2026-07 p),LH,공공분양,제주,0
2026-07 p),주택업체,소계,전국,296
2026-07 p),주택업체,소계,서울,211
2026-07 p),주택업체,소계,인천,85
2026-07 p),주택업체,소계,경기,0
2026-07 p),주택업체,소계,전남광주,0
2026-07 p),주택업체,소계,부산,0
2026-07 p),주택업체,소계,대구,0
2026-07 p),주택업체,소계,대전,0
2026-07 p),주택업체,소계,울산,0
2026-07 p),주택업체,소계,세종,0
2026-07 p),주택업체,소계,강원,0
2026-07 p),주택업체,소계,충북,0
2026-07 p),주택업체,소계,충남,0
2026-07 p),주택업체,소계,전북,0
2026-07 p),주택업체,소계,경북,0
2026-07 p),주택업체,소계,경남,0
2026-07 p),주택업체,소계,제주,0
2026-07 p),주택업체,국민임대,전국,10
2026-07 p),주택업체,국민임대,서울,10
2026-07 p),주택업체,국민임대,인천,0
2026-07 p),주택업체,국민임대,경기,0
2026-07 p),주택업체,국민임대,전남광주,0
2026-07 p),주택업체,국민임대,부산,0
2026-07 p),주택업체,국민임대,대구,0
2026-07 p),주택업체,국민임대,대전,0
2026-07 p),주택업체,국민임대,울산,0
2026-07 p),주택업체,국민임대,세종,0
2026-07 p),주택업체,국민임대,강원,0
2026-07 p),주택업체,국민임대,충북,0
2026-07 p),주택업체,국민임대,충남,0
2026-07 p),주택업체,국민임대,전북,0
2026-07 p),주택업체,국민임대,경북,0
2026-07 p),주택업체,국민임대,경남,0
2026-07 p),주택업체,국민임대,제주,0
2026-07 p),주택업체,공공임대,전국,286
2026-07 p),주택업체,공공임대,서울,201
2026-07 p),주택업체,공공임대,인천,85
2026-07 p),주택업체,공공임대,경기,0
2026-07 p),주택업체,공공임대,전남광주,0
2026-07 p),주택업체,공공임대,부산,0
2026-07 p),주택업체,공공임대,대구,0
2026-07 p),주택업체,공공임대,대전,0
2026-07 p),주택업체,공공임대,울산,0
2026-07 p),주택업체,공공임대,세종,0
2026-07 p),주택업체,공공임대,강원,0
2026-07 p),주택업체,공공임대,충북,0
2026-07 p),주택업체,공공임대,충남,0
2026-07 p),주택업체,공공임대,전북,0
2026-07 p),주택업체,공공임대,경북,0
2026-07 p),주택업체,공공임대,경남,0
2026-07 p),주택업체,공공임대,제주,0
2026-07 p),주택업체,공공분양,전국,0
2026-07 p),주택업체,공공분양,서울,0
2026-07 p),주택업체,공공분양,인천,0
2026-07 p),주택업체,공공분양,경기,0
2026-07 p),주택업체,공공분양,전남광주,0
2026-07 p),주택업체,공공분양,부산,0
2026-07 p),주택업체,공공분양,대구,0
2026-07 p),주택업체,공공분양,대전,0
2026-07 p),주택업체,공공분양,울산,0
2026-07 p),주택업체,공공분양,세종,0
2026-07 p),주택업체,공공분양,강원,0
2026-07 p),주택업체,공공분양,충북,0
2026-07 p),주택업체,공공분양,충남,0
2026-07 p),주택업체,공공분양,전북,0
2026-07 p),주택업체,공공분양,경북,0
2026-07 p),주택업체,공공분양,경남,0
2026-07 p),주택업체,공공분양,제주,0
2026-07 p),민간부문,소계,전국,18,896
2026-07 p),민간부문,소계,서울,6,175
2026-07 p),민간부문,소계,인천,160
2026-07 p),민간부문,소계,경기,6,059
2026-07 p),민간부문,소계,전남광주,814
2026-07 p),민간부문,소계,부산,264
2026-07 p),민간부문,소계,대구,17
2026-07 p),민간부문,소계,대전,10
2026-07 p),민간부문,소계,울산,2,277
2026-07 p),민간부문,소계,세종,685
2026-07 p),민간부문,소계,강원,715
2026-07 p),민간부문,소계,충북,114
2026-07 p),민간부문,소계,충남,139
2026-07 p),민간부문,소계,전북,101
2026-07 p),민간부문,소계,경북,174
2026-07 p),민간부문,소계,경남,1,115
2026-07 p),민간부문,소계,제주,77
2026-07 p),민간,민간임대,전국,1,125
2026-07 p),민간,민간임대,서울,108
2026-07 p),민간,민간임대,인천,0
2026-07 p),민간,민간임대,경기,1,017
2026-07 p),민간,민간임대,전남광주,0
2026-07 p),민간,민간임대,부산,0
2026-07 p),민간,민간임대,대구,0
2026-07 p),민간,민간임대,대전,0
2026-07 p),민간,민간임대,울산,0
2026-07 p),민간,민간임대,세종,0
2026-07 p),민간,민간임대,강원,0
2026-07 p),민간,민간임대,충북,0
2026-07 p),민간,민간임대,충남,0
2026-07 p),민간,민간임대,전북,0
2026-07 p),민간,민간임대,경북,0
2026-07 p),민간,민간임대,경남,0
2026-07 p),민간,민간임대,제주,0
2026-07 p),민간,민간분양,전국,17,771
2026-07 p),민간,민간분양,서울,6,067
2026-07 p),민간,민간분양,인천,160
2026-07 p),민간,민간분양,경기,5,042
2026-07 p),민간,민간분양,전남광주,814
2026-07 p),민간,민간분양,부산,264
2026-07 p),민간,민간분양,대구,17
2026-07 p),민간,민간분양,대전,10
2026-07 p),민간,민간분양,울산,2,277
2026-07 p),민간,민간분양,세종,685
2026-07 p),민간,민간분양,강원,715
2026-07 p),민간,민간분양,충북,114
2026-07 p),민간,민간분양,충남,139
2026-07 p),민간,민간분양,전북,101
2026-07 p),민간,민간분양,경북,174
2026-07 p),민간,민간분양,경남,1,115
2026-07 p),민간,민간분양,제주,77
2026-08 p),총계,총계,전국,18,013
2026-08 p),총계,총계,서울,1,172
2026-08 p),총계,총계,인천,3,605
2026-08 p),총계,총계,경기,4,068
2026-08 p),총계,총계,전남광주,3,600
2026-08 p),총계,총계,부산,325
2026-08 p),총계,총계,대구,8
2026-08 p),총계,총계,대전,19
2026-08 p),총계,총계,울산,110
2026-08 p),총계,총계,세종,6
2026-08 p),총계,총계,강원,135
2026-08 p),총계,총계,충북,837
2026-08 p),총계,총계,충남,3,281
2026-08 p),총계,총계,전북,442
2026-08 p),총계,총계,경북,165
2026-08 p),총계,총계,경남,104
2026-08 p),총계,총계,제주,136
2026-08 p),공공부문,소계,전국,762
2026-08 p),공공부문,소계,서울,235
2026-08 p),공공부문,소계,인천,441
2026-08 p),공공부문,소계,경기,30
2026-08 p),공공부문,소계,전남광주,56
2026-08 p),공공부문,소계,부산,0
2026-08 p),공공부문,소계,대구,0
2026-08 p),공공부문,소계,대전,0
2026-08 p),공공부문,소계,울산,0
2026-08 p),공공부문,소계,세종,0
2026-08 p),공공부문,소계,강원,0
2026-08 p),공공부문,소계,충북,0
2026-08 p),공공부문,소계,충남,0
2026-08 p),공공부문,소계,전북,0
2026-08 p),공공부문,소계,경북,0
2026-08 p),공공부문,소계,경남,0
2026-08 p),공공부문,소계,제주,0
2026-08 p),합,국민임대,전국,0
2026-08 p),합,국민임대,서울,0
2026-08 p),합,국민임대,인천,0
2026-08 p),합,국민임대,경기,0
2026-08 p),합,국민임대,전남광주,0
2026-08 p),합,국민임대,부산,0
2026-08 p),합,국민임대,대구,0
2026-08 p),합,국민임대,대전,0
2026-08 p),합,국민임대,울산,0
2026-08 p),합,국민임대,세종,0
2026-08 p),합,국민임대,강원,0
2026-08 p),합,국민임대,충북,0
2026-08 p),합,국민임대,충남,0
2026-08 p),합,국민임대,전북,0
2026-08 p),합,국민임대,경북,0
2026-08 p),합,국민임대,경남,0
2026-08 p),합,국민임대,제주,0
2026-08 p),합,공공임대,전국,321
2026-08 p),합,공공임대,서울,235
2026-08 p),합,공공임대,인천,0
2026-08 p),합,공공임대,경기,30
2026-08 p),합,공공임대,전남광주,56
2026-08 p),합,공공임대,부산,0
2026-08 p),합,공공임대,대구,0
2026-08 p),합,공공임대,대전,0
2026-08 p),합,공공임대,울산,0
2026-08 p),합,공공임대,세종,0
2026-08 p),합,공공임대,강원,0
2026-08 p),합,공공임대,충북,0
2026-08 p),합,공공임대,충남,0
2026-08 p),합,공공임대,전북,0
2026-08 p),합,공공임대,경북,0
2026-08 p),합,공공임대,경남,0
2026-08 p),합,공공임대,제주,0
2026-08 p),합,공공분양,전국,441
2026-08 p),합,공공분양,서울,0
2026-08 p),합,공공분양,인천,441
2026-08 p),합,공공분양,경기,0
2026-08 p),합,공공분양,전남광주,0
2026-08 p),합,공공분양,부산,0
2026-08 p),합,공공분양,대구,0
2026-08 p),합,공공분양,대전,0
2026-08 p),합,공공분양,울산,0
2026-08 p),합,공공분양,세종,0
2026-08 p),합,공공분양,강원,0
2026-08 p),합,공공분양,충북,0
2026-08 p),합,공공분양,충남,0
2026-08 p),합,공공분양,전북,0
2026-08 p),합,공공분양,경북,0
2026-08 p),합,공공분양,경남,0
2026-08 p),합,공공분양,제주,0
2026-08 p),지자체,소계,전국,497
2026-08 p),지자체,소계,서울,0
2026-08 p),지자체,소계,인천,441
2026-08 p),지자체,소계,경기,0
2026-08 p),지자체,소계,전남광주,56
2026-08 p),지자체,소계,부산,0
2026-08 p),지자체,소계,대구,0
2026-08 p),지자체,소계,대전,0
2026-08 p),지자체,소계,울산,0
2026-08 p),지자체,소계,세종,0
2026-08 p),지자체,소계,강원,0
2026-08 p),지자체,소계,충북,0
2026-08 p),지자체,소계,충남,0
2026-08 p),지자체,소계,전북,0
2026-08 p),지자체,소계,경북,0
2026-08 p),지자체,소계,경남,0
2026-08 p),지자체,소계,제주,0
2026-08 p),지자체,국민임대,전국,0
2026-08 p),지자체,국민임대,서울,0
2026-08 p),지자체,국민임대,인천,0
2026-08 p),지자체,국민임대,경기,0
2026-08 p),지자체,국민임대,전남광주,0
2026-08 p),지자체,국민임대,부산,0
2026-08 p),지자체,국민임대,대구,0
2026-08 p),지자체,국민임대,대전,0
2026-08 p),지자체,국민임대,울산,0
2026-08 p),지자체,국민임대,세종,0
2026-08 p),지자체,국민임대,강원,0
2026-08 p),지자체,국민임대,충북,0
2026-08 p),지자체,국민임대,충남,0
2026-08 p),지자체,국민임대,전북,0
2026-08 p),지자체,국민임대,경북,0
2026-08 p),지자체,국민임대,경남,0
2026-08 p),지자체,국민임대,제주,0
2026-08 p),지자체,공공임대,전국,56
2026-08 p),지자체,공공임대,서울,0
2026-08 p),지자체,공공임대,인천,0
2026-08 p),지자체,공공임대,경기,0
2026-08 p),지자체,공공임대,전남광주,56
2026-08 p),지자체,공공임대,부산,0
2026-08 p),지자체,공공임대,대구,0
2026-08 p),지자체,공공임대,대전,0
2026-08 p),지자체,공공임대,울산,0
2026-08 p),지자체,공공임대,세종,0
2026-08 p),지자체,공공임대,강원,0
2026-08 p),지자체,공공임대,충북,0
2026-08 p),지자체,공공임대,충남,0
2026-08 p),지자체,공공임대,전북,0
2026-08 p),지자체,공공임대,경북,0
2026-08 p),지자체,공공임대,경남,0
2026-08 p),지자체,공공임대,제주,0
2026-08 p),지자체,공공분양,전국,441
2026-08 p),지자체,공공분양,서울,0
2026-08 p),지자체,공공분양,인천,441
2026-08 p),지자체,공공분양,경기,0
2026-08 p),지자체,공공분양,전남광주,0
2026-08 p),지자체,공공분양,부산,0
2026-08 p),지자체,공공분양,대구,0
2026-08 p),지자체,공공분양,대전,0
2026-08 p),지자체,공공분양,울산,0
2026-08 p),지자체,공공분양,세종,0
2026-08 p),지자체,공공분양,강원,0
2026-08 p),지자체,공공분양,충북,0
2026-08 p),지자체,공공분양,충남,0
2026-08 p),지자체,공공분양,전북,0
2026-08 p),지자체,공공분양,경북,0
2026-08 p),지자체,공공분양,경남,0
2026-08 p),지자체,공공분양,제주,0
2026-08 p),LH,소계,전국,0
2026-08 p),LH,소계,서울,0
2026-08 p),LH,소계,인천,0
2026-08 p),LH,소계,경기,0
2026-08 p),LH,소계,전남광주,0
2026-08 p),LH,소계,부산,0
2026-08 p),LH,소계,대구,0
2026-08 p),LH,소계,대전,0
2026-08 p),LH,소계,울산,0
2026-08 p),LH,소계,세종,0
2026-08 p),LH,소계,강원,0
2026-08 p),LH,소계,충북,0
2026-08 p),LH,소계,충남,0
2026-08 p),LH,소계,전북,0
2026-08 p),LH,소계,경북,0
2026-08 p),LH,소계,경남,0
2026-08 p),LH,소계,제주,0
2026-08 p),LH,국민임대,전국,0
2026-08 p),LH,국민임대,서울,0
2026-08 p),LH,국민임대,인천,0
2026-08 p),LH,국민임대,경기,0
2026-08 p),LH,국민임대,전남광주,0
2026-08 p),LH,국민임대,부산,0
2026-08 p),LH,국민임대,대구,0
2026-08 p),LH,국민임대,대전,0
2026-08 p),LH,국민임대,울산,0
2026-08 p),LH,국민임대,세종,0
2026-08 p),LH,국민임대,강원,0
2026-08 p),LH,국민임대,충북,0
2026-08 p),LH,국민임대,충남,0
2026-08 p),LH,국민임대,전북,0
2026-08 p),LH,국민임대,경북,0
2026-08 p),LH,국민임대,경남,0
2026-08 p),LH,국민임대,제주,0
2026-08 p),LH,공공임대,전국,0
2026-08 p),LH,공공임대,서울,0
2026-08 p),LH,공공임대,인천,0
2026-08 p),LH,공공임대,경기,0
2026-08 p),LH,공공임대,전남광주,0
2026-08 p),LH,공공임대,부산,0
2026-08 p),LH,공공임대,대구,0
2026-08 p),LH,공공임대,대전,0
2026-08 p),LH,공공임대,울산,0
2026-08 p),LH,공공임대,세종,0
2026-08 p),LH,공공임대,강원,0
2026-08 p),LH,공공임대,충북,0
2026-08 p),LH,공공임대,충남,0
2026-08 p),LH,공공임대,전북,0
2026-08 p),LH,공공임대,경북,0
2026-08 p),LH,공공임대,경남,0
2026-08 p),LH,공공임대,제주,0
2026-08 p),LH,공공분양,전국,0
2026-08 p),LH,공공분양,서울,0
2026-08 p),LH,공공분양,인천,0
2026-08 p),LH,공공분양,경기,0
2026-08 p),LH,공공분양,전남광주,0
2026-08 p),LH,공공분양,부산,0
2026-08 p),LH,공공분양,대구,0
2026-08 p),LH,공공분양,대전,0
2026-08 p),LH,공공분양,울산,0
2026-08 p),LH,공공분양,세종,0
2026-08 p),LH,공공분양,강원,0
2026-08 p),LH,공공분양,충북,0
2026-08 p),LH,공공분양,충남,0
2026-08 p),LH,공공분양,전북,0
2026-08 p),LH,공공분양,경북,0
2026-08 p),LH,공공분양,경남,0
2026-08 p),LH,공공분양,제주,0
2026-08 p),주택업체,소계,전국,265
2026-08 p),주택업체,소계,서울,235
2026-08 p),주택업체,소계,인천,0
2026-08 p),주택업체,소계,경기,30
2026-08 p),주택업체,소계,전남광주,0
2026-08 p),주택업체,소계,부산,0
2026-08 p),주택업체,소계,대구,0
2026-08 p),주택업체,소계,대전,0
2026-08 p),주택업체,소계,울산,0
2026-08 p),주택업체,소계,세종,0
2026-08 p),주택업체,소계,강원,0
2026-08 p),주택업체,소계,충북,0
2026-08 p),주택업체,소계,충남,0
2026-08 p),주택업체,소계,전북,0
2026-08 p),주택업체,소계,경북,0
2026-08 p),주택업체,소계,경남,0
2026-08 p),주택업체,소계,제주,0
2026-08 p),주택업체,국민임대,전국,0
2026-08 p),주택업체,국민임대,서울,0
2026-08 p),주택업체,국민임대,인천,0
2026-08 p),주택업체,국민임대,경기,0
2026-08 p),주택업체,국민임대,전남광주,0
2026-08 p),주택업체,국민임대,부산,0
2026-08 p),주택업체,국민임대,대구,0
2026-08 p),주택업체,국민임대,대전,0
2026-08 p),주택업체,국민임대,울산,0
2026-08 p),주택업체,국민임대,세종,0
2026-08 p),주택업체,국민임대,강원,0
2026-08 p),주택업체,국민임대,충북,0
2026-08 p),주택업체,국민임대,충남,0
2026-08 p),주택업체,국민임대,전북,0
2026-08 p),주택업체,국민임대,경북,0
2026-08 p),주택업체,국민임대,경남,0
2026-08 p),주택업체,국민임대,제주,0
2026-08 p),주택업체,공공임대,전국,265
2026-08 p),주택업체,공공임대,서울,235
2026-08 p),주택업체,공공임대,인천,0
2026-08 p),주택업체,공공임대,경기,30
2026-08 p),주택업체,공공임대,전남광주,0
2026-08 p),주택업체,공공임대,부산,0
2026-08 p),주택업체,공공임대,대구,0
2026-08 p),주택업체,공공임대,대전,0
2026-08 p),주택업체,공공임대,울산,0
2026-08 p),주택업체,공공임대,세종,0
2026-08 p),주택업체,공공임대,강원,0
2026-08 p),주택업체,공공임대,충북,0
2026-08 p),주택업체,공공임대,충남,0
2026-08 p),주택업체,공공임대,전북,0
2026-08 p),주택업체,공공임대,경북,0
2026-08 p),주택업체,공공임대,경남,0
2026-08 p),주택업체,공공임대,제주,0
2026-08 p),주택업체,공공분양,전국,0
2026-08 p),주택업체,공공분양,서울,0
2026-08 p),주택업체,공공분양,인천,0
2026-08 p),주택업체,공공분양,경기,0
2026-08 p),주택업체,공공분양,전남광주,0
2026-08 p),주택업체,공공분양,부산,0
2026-08 p),주택업체,공공분양,대구,0
2026-08 p),주택업체,공공분양,대전,0
2026-08 p),주택업체,공공분양,울산,0
2026-08 p),주택업체,공공분양,세종,0
2026-08 p),주택업체,공공분양,강원,0
2026-08 p),주택업체,공공분양,충북,0
2026-08 p),주택업체,공공분양,충남,0
2026-08 p),주택업체,공공분양,전북,0
2026-08 p),주택업체,공공분양,경북,0
2026-08 p),주택업체,공공분양,경남,0
2026-08 p),주택업체,공공분양,제주,0
2026-08 p),민간부문,소계,전국,17,251
2026-08 p),민간부문,소계,서울,937
2026-08 p),민간부문,소계,인천,3,164
2026-08 p),민간부문,소계,경기,4,038
2026-08 p),민간부문,소계,전남광주,3,544
2026-08 p),민간부문,소계,부산,325
2026-08 p),민간부문,소계,대구,8
2026-08 p),민간부문,소계,대전,19
2026-08 p),민간부문,소계,울산,110
2026-08 p),민간부문,소계,세종,6
2026-08 p),민간부문,소계,강원,135
2026-08 p),민간부문,소계,충북,837
2026-08 p),민간부문,소계,충남,3,281
2026-08 p),민간부문,소계,전북,442
2026-08 p),민간부문,소계,경북,165
2026-08 p),민간부문,소계,경남,104
2026-08 p),민간부문,소계,제주,136
2026-08 p),민간,민간임대,전국,0
2026-08 p),민간,민간임대,서울,0
2026-08 p),민간,민간임대,인천,0
2026-08 p),민간,민간임대,경기,0
2026-08 p),민간,민간임대,전남광주,0
2026-08 p),민간,민간임대,부산,0
2026-08 p),민간,민간임대,대구,0
2026-08 p),민간,민간임대,대전,0
2026-08 p),민간,민간임대,울산,0
2026-08 p),민간,민간임대,세종,0
2026-08 p),민간,민간임대,강원,0
2026-08 p),민간,민간임대,충북,0
2026-08 p),민간,민간임대,충남,0
2026-08 p),민간,민간임대,전북,0
2026-08 p),민간,민간임대,경북,0
2026-08 p),민간,민간임대,경남,0
2026-08 p),민간,민간임대,제주,0
2026-08 p),민간,민간분양,전국,17,251
2026-08 p),민간,민간분양,서울,937
2026-08 p),민간,민간분양,인천,3,164
2026-08 p),민간,민간분양,경기,4,038
2026-08 p),민간,민간분양,전남광주,3,544
2026-08 p),민간,민간분양,부산,325
2026-08 p),민간,민간분양,대구,8
2026-08 p),민간,민간분양,대전,19
2026-08 p),민간,민간분양,울산,110
2026-08 p),민간,민간분양,세종,6
2026-08 p),민간,민간분양,강원,135
2026-08 p),민간,민간분양,충북,837
2026-08 p),민간,민간분양,충남,3,281
2026-08 p),민간,민간분양,전북,442
2026-08 p),민간,민간분양,경북,165
2026-08 p),민간,민간분양,경남,104
2026-08 p),민간,민간분양,제주,136